caller	callee	callee_name
00010288	000533c0	application_main
000102f4	00065c14	FUN_00065c14
00010358	0001db74	SystemInit
00010388	00010bac	FUN_00010bac
00010388	0001044c	FUN_0001044c
000103ea	00010388	FUN_00010388
0001049c	0001048e	FUN_0001048e
000104a0	0001048e	FUN_0001048e
0001051e	00010bf0	FUN_00010bf0
00010550	00010c24	FUN_00010c24
00010588	00010bfc	FUN_00010bfc
000106d4	00010d1c	FUN_00010d1c
000106d4	00020158	FUN_00020158
000106ee	0001044c	FUN_0001044c
000106ee	00010e18	FUN_00010e18
000106ee	00010bcc	FUN_00010bcc
00010830	000106ee	FUN_000106ee
00010836	000106ee	FUN_000106ee
0001083c	00010e18	FUN_00010e18
000109fe	00010e18	FUN_00010e18
00010a20	00010e18	FUN_00010e18
00010a3a	00010e18	FUN_00010e18
00010a52	00010bac	FUN_00010bac
00010a90	00010bac	FUN_00010bac
00010c24	00010f24	FUN_00010f24
00010c80	0001137c	FUN_0001137c
00010cb6	00010c80	FUN_00010c80
00010d1c	00010f08	FUN_00010f08
00010d1c	000115b4	FUN_000115b4
00010d1c	00020158	FUN_00020158
00010e18	00010bac	FUN_00010bac
00010e18	0001044c	FUN_0001044c
00010eb4	00010bac	FUN_00010bac
00010eb4	0001044c	FUN_0001044c
00010ee4	00011652	scatter_decompress_data
00010ee4	00010288	application_main
00010f10	00010f08	FUN_00010f08
00010f24	00010588	FUN_00010588
00010f24	0001137c	FUN_0001137c
00011254	00010920	FUN_00010920
00011254	00010a3a	FUN_00010a3a
00011254	0001083c	FUN_0001083c
0001137c	00010b48	FUN_00010b48
0001137c	00020bda	FUN_00020bda
0001137c	00011254	FUN_00011254
000115b4	00010bfc	FUN_00010bfc
000115b4	00020158	FUN_00020158
000116a8	0001bef8	FUN_0001bef8
000116a8	0001bf3a	FUN_0001bf3a
000116a8	0001bdc6	FUN_0001bdc6
000116a8	0001049c	FUN_0001049c
00011864	00015384	FUN_00015384
00011864	000153e0	FUN_000153e0
00011864	0001540c	FUN_0001540c
00011864	000152e0	FUN_000152e0
00011900	00015ed4	FUN_00015ed4
00011c18	0001ae38	FUN_0001ae38
00011c18	0001a5fc	FUN_0001a5fc
00011c18	00011864	FUN_00011864
00011c18	0001c350	enter_critical
00011c18	0001c354	exit_critical
00011c18	0001aebc	FUN_0001aebc
00011eac	00011858	FUN_00011858
00011eac	0001183c	FUN_0001183c
00011eac	00011e3c	FUN_00011e3c
00011eac	000118f8	FUN_000118f8
00011eac	00015fa4	FUN_00015fa4
00011eac	0001a128	get_output_enabled
00011eac	00015430	encode_transport_frame
00011eac	0001049c	FUN_0001049c
00011eac	00011824	FUN_00011824
00011eac	00011830	FUN_00011830
00011eac	0001f1f4	FUN_0001f1f4
00012108	0001de0e	FUN_0001de0e
00012108	0001de2c	FUN_0001de2c
00012108	00016d4c	FUN_00016d4c
00012108	0001ddd2	FUN_0001ddd2
00012108	0001518c	FUN_0001518c
00012108	0001de1e	FUN_0001de1e
0001227c	0001051e	FUN_0001051e
0001227c	0001af64	set_voltage_raw
0001227c	0001ca60	FUN_0001ca60
0001227c	0001aea4	set_current_raw
0001227c	00010550	FUN_00010550
0001227c	000104ca	FUN_000104ca
0001227c	0001d958	FUN_0001d958
0001227c	0001049c	FUN_0001049c
0001227c	0001aebc	FUN_0001aebc
00012400	0001bef8	FUN_0001bef8
00012400	0001bf3a	FUN_0001bf3a
00012400	0001049c	FUN_0001049c
0001251c	00013be8	FUN_00013be8
0001251c	0001223c	FUN_0001223c
0001251c	000151a4	FUN_000151a4
0001251c	00012222	FUN_00012222
0001251c	000121c4	FUN_000121c4
0001251c	000121e4	FUN_000121e4
0001251c	000121f8	FUN_000121f8
0001251c	0001540c	FUN_0001540c
0001251c	000152e0	FUN_000152e0
0001251c	00013bf8	FUN_00013bf8
0001251c	00012260	FUN_00012260
000125c0	000121de	FUN_000121de
000125c0	00012208	FUN_00012208
000125c0	00012244	FUN_00012244
000125c0	00012218	FUN_00012218
000126b8	0004b9de	FUN_0004b9de
000126b8	000567e0	FUN_000567e0
000126b8	00056120	FUN_00056120
000126b8	0004e8b2	FUN_0004e8b2
000126b8	0005673c	FUN_0005673c
000126b8	00056608	FUN_00056608
000126b8	00056678	FUN_00056678
000126b8	000561e4	FUN_000561e4
000126b8	0004037c	FUN_0004037c
000127fc	0004e5a6	FUN_0004e5a6
00012850	0001a24c	FUN_0001a24c
00012850	0001fd50	FUN_0001fd50
00012850	0001b71c	FUN_0001b71c
000128a4	0004b9de	FUN_0004b9de
000128a4	000581ac	FUN_000581ac
000128a4	00057204	FUN_00057204
000128a4	0004e8b2	FUN_0004e8b2
000128a4	000564b4	FUN_000564b4
000128a4	0004e5a6	FUN_0004e5a6
000128a4	0005836c	FUN_0005836c
000128a4	00057288	FUN_00057288
000128a4	0004037c	FUN_0004037c
000128a4	00056fc0	FUN_00056fc0
000128a4	00056d0c	FUN_00056d0c
00012adc	0005735c	FUN_0005735c
00012bec	0001536c	FUN_0001536c
00012c24	0001df1c	FUN_0001df1c
00012c24	000153b4	FUN_000153b4
00012c24	0001de48	FUN_0001de48
00012c24	0001deba	FUN_0001deba
00012c24	0001de7e	FUN_0001de7e
00012c24	0001df10	FUN_0001df10
00012c24	0001518c	FUN_0001518c
00012c24	0001dee4	FUN_0001dee4
00012c98	00016a6e	FUN_00016a6e
00012c98	00016468	FUN_00016468
00012cb0	00015ee8	FUN_00015ee8
00012cb0	0001bcba	FUN_0001bcba
00012cb0	00016c0e	FUN_00016c0e
00012cec	0001c162	FUN_0001c162
00012d10	0001c162	FUN_0001c162
00012d10	0001c2e0	FUN_0001c2e0
00012d54	00012e00	FUN_00012e00
00012d54	0001df0c	FUN_0001df0c
00012d54	0001df02	FUN_0001df02
00012e10	0001df1c	FUN_0001df1c
00012e10	000153b4	FUN_000153b4
00012e10	0001de48	FUN_0001de48
00012e10	0001deba	FUN_0001deba
00012e10	00012e00	FUN_00012e00
00012e10	0001de7e	FUN_0001de7e
00012e10	0001518c	FUN_0001518c
00012e10	0001dee4	FUN_0001dee4
00012f34	0001f508	cmd_f4
00012f34	0001f250	cmd_f6
00012f34	0001caa4	cmd_c6_write_settings
00012f34	00013c40	handle_e1
00012f34	0001b7c4	cmd_f0
00012f34	00015430	encode_transport_frame
00012f34	00018368	cmd_a2_language
00012f34	0001ae70	FUN_0001ae70
00012f34	00015ef8	cmd_c4_read_settings
00012f34	00013d44	cmd_ee
00012f34	00014660	cmd_bd
00012f34	0001b7f4	cmd_c8_dc_control
00012f34	00015fa4	FUN_00015fa4
00012f34	0001c73c	cmd_da
00012f34	0001565c	cmd_dc
00012f34	0001db94	cmd_fe
00012f34	0001dffc	cmd_00
00012f34	0001c628	cmd_d2
00012f34	0001d520	cmd_e8
00012f34	00015118	cmd_f2
00012f34	00015694	cmd_de
00012f34	000116a8	cmd_20
00012f34	0001555c	cmd_ec
00012f34	00015bec	cmd_d0
00012f34	00015e48	cmd_d4
00012f34	0001aebc	FUN_0001aebc
00012f34	000154ac	cmd_ea
00012f34	0001c8b8	cmd_d6
00012f34	00015aa0	cmd_bb
00012f34	0001855c	cmd_be
00012f34	00012400	cmd_fc
00012f34	000158bc	cmd_c2_telemetry
00012f34	0001b634	cmd_e0_device_info
00012f34	00015630	cmd_e4
00012f34	0001b4d0	cmd_e2
000133bc	00012690	build_bind_reply
000133bc	00018680	FUN_00018680
000133bc	000185ec	FUN_000185ec
000133bc	00015430	encode_transport_frame
000133bc	0001046a	FUN_0001046a
000133bc	000154ac	cmd_ea
000133bc	00015ef8	cmd_c4_read_settings
000133bc	00013d44	cmd_ee
000133bc	0001e24c	FUN_0001e24c
000133bc	0001b7f4	cmd_c8_dc_control
000133bc	00015fa4	FUN_00015fa4
000133bc	0001565c	cmd_dc
000133bc	00015630	cmd_e4
000133bc	00015ca0	FUN_00015ca0
000133bc	0001b4d0	cmd_e2
000133bc	0001d520	cmd_e8
00013ae8	00013c12	FUN_00013c12
00013ba0	00013c12	FUN_00013c12
00013be8	0001dae8	update_system_clock
00013be8	0001cc38	FUN_0001cc38
00013c04	0001dae8	update_system_clock
00013c04	0001ccb8	FUN_0001ccb8
00013c12	00013a78	FUN_00013a78
00013c88	00010388	FUN_00010388
00013c88	0001c358	FUN_0001c358
00013d00	0001f9b8	FUN_0001f9b8
00013d00	0001af64	set_voltage_raw
00013d00	0001aea4	set_current_raw
00013d00	0001fbb0	FUN_0001fbb0
00013d00	0001f6c4	FUN_0001f6c4
00013d00	0001aebc	FUN_0001aebc
00013d00	0001d858	FUN_0001d858
00013d44	0001d6fc	FUN_0001d6fc
00013d44	0001a134	get_output_faults
00013d44	0001a128	get_output_enabled
00013d44	0001cb8c	FUN_0001cb8c
00013d44	0001d858	FUN_0001d858
00013f14	0001a134	get_output_faults
00013f24	0001c350	enter_critical
00013f24	0001c354	exit_critical
00013f40	00010388	FUN_00010388
00013f40	00010b48	FUN_00010b48
00013f40	00010a20	FUN_00010a20
00013f40	00010920	FUN_00010920
00013f40	00010a3a	FUN_00010a3a
000140e0	0001df1c	FUN_0001df1c
000140e0	000153b4	FUN_000153b4
000140e0	0001de48	FUN_0001de48
000140e0	0001deba	FUN_0001deba
000140e0	0001de7e	FUN_0001de7e
000140e0	0001df10	FUN_0001df10
000140e0	0001518c	FUN_0001518c
000140e0	0001540c	FUN_0001540c
000140e0	000152e0	FUN_000152e0
000140e0	0001dee4	FUN_0001dee4
00014184	000141f4	FUN_000141f4
00014184	000142c8	FUN_000142c8
00014184	00014202	FUN_00014202
00014184	000142e0	FUN_000142e0
00014184	000151a4	FUN_000151a4
00014184	0001540c	FUN_0001540c
00014184	000152e0	FUN_000152e0
00014184	000142be	FUN_000142be
00014184	00014258	FUN_00014258
00014202	0001429c	FUN_0001429c
00014202	00014236	FUN_00014236
00014258	0001416c	FUN_0001416c
00014318	0001bdf6	FUN_0001bdf6
00014318	0001bef8	FUN_0001bef8
00014318	000159cc	FUN_000159cc
00014318	0001bf3a	FUN_0001bf3a
00014318	000143d0	FUN_000143d0
000143d0	0001bdf6	FUN_0001bdf6
000143d0	0003bc70	FUN_0003bc70
000143d0	0001bf3a	FUN_0001bf3a
000143d0	000142fc	FUN_000142fc
00014494	00015384	FUN_00015384
00014494	000153e0	FUN_000153e0
000144a8	00015384	FUN_00015384
000144a8	000153e0	FUN_000153e0
00014660	0001046a	FUN_0001046a
00014738	0001497c	FUN_0001497c
00014878	0001497c	FUN_0001497c
0001497c	0001470c	FUN_0001470c
000149c8	000149a8	FUN_000149a8
000149c8	000149b4	FUN_000149b4
000149c8	000670cc	FUN_000670cc
00014a70	000149a8	FUN_000149a8
00014a70	00016998	FUN_00016998
00014a70	000149b4	FUN_000149b4
00014a98	0001cb8c	FUN_0001cb8c
00014acc	0001540c	FUN_0001540c
00014acc	000152e0	FUN_000152e0
00014af0	0001540c	FUN_0001540c
00014af0	000152e0	FUN_000152e0
00014b14	00018084	FUN_00018084
00014b14	00047298	FUN_00047298
00014b14	00017c5c	FUN_00017c5c
00014b14	00017a0c	FUN_00017a0c
00014b14	00017ec4	FUN_00017ec4
00014b14	0004037c	FUN_0004037c
00014b14	000527ec	FUN_000527ec
00014b14	0001814c	FUN_0001814c
00014b14	0001794c	FUN_0001794c
00014b14	00018114	FUN_00018114
00014b14	00017f78	FUN_00017f78
00014b14	00017bc0	FUN_00017bc0
00014b14	00017dec	FUN_00017dec
00014b14	00017be4	FUN_00017be4
00014b14	00017e10	FUN_00017e10
00014b14	000471d8	FUN_000471d8
00014b14	00046688	FUN_00046688
00014b14	0004e5a6	FUN_0004e5a6
00014b14	00046700	FUN_00046700
00014b14	0004e91a	FUN_0004e91a
00014b14	0004cd1e	FUN_0004cd1e
00014b14	0004675a	FUN_0004675a
00014b14	00018060	FUN_00018060
00014b14	0004e8e6	FUN_0004e8e6
00014e38	00047298	FUN_00047298
00014e38	000471d8	FUN_000471d8
00014e38	00046688	FUN_00046688
00014e38	0004e5a6	FUN_0004e5a6
00014e38	0004e9dc	FUN_0004e9dc
00014e38	0004e91a	FUN_0004e91a
00014e38	00046700	FUN_00046700
00014e38	0004675a	FUN_0004675a
00014e38	0004037c	FUN_0004037c
00014e38	0004e8e6	FUN_0004e8e6
00014f64	0004e4b2	FUN_0004e4b2
00014f64	00046756	FUN_00046756
00014f64	00047298	FUN_00047298
00014f64	000471d8	FUN_000471d8
00014f64	00046688	FUN_00046688
00014f64	00046700	FUN_00046700
00014f64	0004675a	FUN_0004675a
00014f64	0004bc12	FUN_0004bc12
00014fec	000159ec	FUN_000159ec
00014fec	000159f6	FUN_000159f6
00015060	00046756	FUN_00046756
00015060	00047298	FUN_00047298
00015060	000471d8	FUN_000471d8
00015060	00046688	FUN_00046688
00015060	0004e5a6	FUN_0004e5a6
00015060	0004e9dc	FUN_0004e9dc
00015060	00046700	FUN_00046700
00015060	0004037c	FUN_0004037c
00015060	0004e8e6	FUN_0004e8e6
00015118	0001fc24	FUN_0001fc24
00015118	0001049c	FUN_0001049c
000151bc	00036bb0	FUN_00036bb0
000151bc	0001c350	enter_critical
000151bc	0001c354	exit_critical
000151bc	0001d868	FUN_0001d868
000151dc	0004e5a6	FUN_0004e5a6
000151dc	0001814c	FUN_0001814c
00015200	0001814c	FUN_0001814c
00015214	0001df1c	FUN_0001df1c
00015214	000153b4	FUN_000153b4
00015214	0001de48	FUN_0001de48
00015214	0001deba	FUN_0001deba
00015214	0001de7e	FUN_0001de7e
00015214	0001cf3c	FUN_0001cf3c
00015214	0001df10	FUN_0001df10
00015214	0001518c	FUN_0001518c
00015214	0001dee4	FUN_0001dee4
00015294	0001f2f0	FUN_0001f2f0
00015294	000140e0	FUN_000140e0
00015430	0001fff0	append_stuffed_byte
000154a0	0001536c	FUN_0001536c
000159e4	0001536c	FUN_0001536c
000159ec	0001536c	FUN_0001536c
000159f6	0001536c	FUN_0001536c
00015a00	0001536c	FUN_0001536c
00015a0a	0001536c	FUN_0001536c
00015a14	00015a00	FUN_00015a00
00015a50	0001536c	FUN_0001536c
00015aa0	0001049c	FUN_0001049c
00015b9c	0001536c	FUN_0001536c
00015ec8	0001536c	FUN_0001536c
00015fbc	00016c6a	FUN_00016c6a
00015fe0	00016c6a	FUN_00016c6a
00016004	00016024	FUN_00016024
00016024	00016c6a	FUN_00016c6a
00016060	00015a5c	FUN_00015a5c
000160cc	00016988	FUN_00016988
000160cc	00016360	FUN_00016360
000160cc	00016932	FUN_00016932
000160cc	00016928	FUN_00016928
000160cc	00016834	FUN_00016834
000160cc	00016830	FUN_00016830
000160cc	000166dc	FUN_000166dc
000160cc	000670cc	FUN_000670cc
000161c0	00010388	FUN_00010388
000161c0	00016adc	FUN_00016adc
000161c0	0001681c	FUN_0001681c
000161c0	00015174	FUN_00015174
000161c0	000153b4	FUN_000153b4
000161c0	00016d4c	FUN_00016d4c
000161c0	00020076	FUN_00020076
000161c0	0001693c	FUN_0001693c
000161c0	0001044c	FUN_0001044c
000161c0	000200c4	FUN_000200c4
000161c0	00020118	FUN_00020118
000161c0	0001683e	FUN_0001683e
00016370	00016988	FUN_00016988
00016370	00016ad2	FUN_00016ad2
00016370	00016834	FUN_00016834
00016370	0001691e	FUN_0001691e
000163a4	00066a10	FUN_00066a10
000163a4	00016988	FUN_00016988
000163a4	000667a0	FUN_000667a0
000163a4	000161c0	FUN_000161c0
000163a4	000664d6	FUN_000664d6
000163a4	00016834	FUN_00016834
000163a4	000666a0	FUN_000666a0
000163a4	00016370	FUN_00016370
000163a4	00066554	FUN_00066554
00016468	00066a10	FUN_00066a10
00016468	00016988	FUN_00016988
00016468	000667a0	FUN_000667a0
00016468	000161c0	FUN_000161c0
00016468	000664d6	FUN_000664d6
00016468	00016834	FUN_00016834
00016468	000666a0	FUN_000666a0
00016468	00016370	FUN_00016370
00016468	00066554	FUN_00066554
00016538	00016988	FUN_00016988
00016538	00016928	FUN_00016928
00016538	00016a68	FUN_00016a68
00016538	000166dc	FUN_000166dc
000165a8	00016988	FUN_00016988
000165a8	00016932	FUN_00016932
000165a8	00016928	FUN_00016928
000165a8	000160b0	FUN_000160b0
000165a8	00016834	FUN_00016834
00016650	00016988	FUN_00016988
00016650	000160b0	FUN_000160b0
00016694	000161c0	FUN_000161c0
00016694	0001540c	FUN_0001540c
00016694	000152e0	FUN_000152e0
00016854	00016988	FUN_00016988
00016854	00016932	FUN_00016932
00016854	00016928	FUN_00016928
00016854	0001854c	FUN_0001854c
00016854	00016834	FUN_00016834
00016854	00016830	FUN_00016830
00016854	000166dc	FUN_000166dc
0001693c	000166ec	FUN_000166ec
00016998	00016988	FUN_00016988
00016998	00016ad2	FUN_00016ad2
00016998	00016834	FUN_00016834
00016998	0001691e	FUN_0001691e
000169f0	00016988	FUN_00016988
000169f0	00016928	FUN_00016928
000169f0	00016a68	FUN_00016a68
000169f0	000277f0	FUN_000277f0
000169f0	000166dc	FUN_000166dc
00016a6e	00038dc4	FUN_00038dc4
00016a6e	00038f22	FUN_00038f22
00016a6e	00038ee2	FUN_00038ee2
00016a6e	00038e9e	FUN_00038e9e
00016a6e	00038df6	FUN_00038df6
00016a6e	00038f48	FUN_00038f48
00016af8	00016988	FUN_00016988
00016af8	00016932	FUN_00016932
00016af8	00016928	FUN_00016928
00016af8	00016830	FUN_00016830
00016bb8	00016988	FUN_00016988
00016bb8	00016830	FUN_00016830
00016c0e	00038f22	FUN_00038f22
00016c0e	00038ee2	FUN_00038ee2
00016c0e	00038e9e	FUN_00038e9e
00016c0e	00038f48	FUN_00038f48
00016c56	00015384	FUN_00015384
00016c56	000153e0	FUN_000153e0
00016c6a	00016468	FUN_00016468
00016c9a	000163a4	FUN_000163a4
00016cb6	00016d4c	FUN_00016d4c
00016d1e	00020090	FUN_00020090
00016d1e	00016d4c	FUN_00016d4c
00016d1e	00020138	FUN_00020138
00016d1e	000200de	FUN_000200de
000177c4	000149e4	FUN_000149e4
000177c4	00016d4c	FUN_00016d4c
000177c4	0001540c	FUN_0001540c
000177c4	000152e0	FUN_000152e0
000177c4	00014a54	FUN_00014a54
0001787c	000644a4	FUN_000644a4
0001787c	00020090	FUN_00020090
0001787c	00014558	FUN_00014558
0001787c	000145da	FUN_000145da
0001787c	0001f0e4	FUN_0001f0e4
0001787c	000151a4	FUN_000151a4
0001787c	0001f12c	FUN_0001f12c
0001787c	00016d1e	FUN_00016d1e
0001787c	0001efd4	FUN_0001efd4
0001787c	0001515c	FUN_0001515c
0001787c	000145b8	FUN_000145b8
0001787c	00014554	FUN_00014554
0001787c	000153b4	FUN_000153b4
0001787c	00016d4c	FUN_00016d4c
0001787c	00020138	FUN_00020138
0001787c	000200de	FUN_000200de
0001787c	00012272	FUN_00012272
000178a4	0004b9de	FUN_0004b9de
000178a4	0004e0e6	FUN_0004e0e6
000178a4	0004aaf6	FUN_0004aaf6
0001794c	0001814c	FUN_0001814c
0001794c	00018114	FUN_00018114
00017970	0004b9de	FUN_0004b9de
00017970	0004ba5c	FUN_0004ba5c
00017970	0001814c	FUN_0001814c
00017970	00018114	FUN_00018114
0001799c	0004b9de	FUN_0004b9de
0001799c	0004ba5c	FUN_0004ba5c
0001799c	00047208	FUN_00047208
0001799c	0001814c	FUN_0001814c
0001799c	00018114	FUN_00018114
00017a0c	0004b9de	FUN_0004b9de
00017a0c	0004ba5c	FUN_0004ba5c
00017a0c	00047208	FUN_00047208
00017a0c	0001814c	FUN_0001814c
00017a0c	00018114	FUN_00018114
00017a54	0004b9de	FUN_0004b9de
00017a54	0004ba5c	FUN_0004ba5c
00017a54	00047208	FUN_00047208
00017a54	0001814c	FUN_0001814c
00017a54	00018114	FUN_00018114
00017aa4	0004b9de	FUN_0004b9de
00017aa4	0004ba5c	FUN_0004ba5c
00017aa4	00047208	FUN_00047208
00017aa4	0001814c	FUN_0001814c
00017aa4	00018114	FUN_00018114
00017af4	0004b9de	FUN_0004b9de
00017af4	0004ba5c	FUN_0004ba5c
00017af4	00047208	FUN_00047208
00017af4	0001814c	FUN_0001814c
00017af4	00018114	FUN_00018114
00017b44	0004b9de	FUN_0004b9de
00017b44	0004ba5c	FUN_0004ba5c
00017b44	00047208	FUN_00047208
00017b44	0001814c	FUN_0001814c
00017b44	00018114	FUN_00018114
00017b94	0004b9de	FUN_0004b9de
00017b94	0004ba5c	FUN_0004ba5c
00017b94	0001814c	FUN_0001814c
00017b94	00018114	FUN_00018114
00017bc0	0001814c	FUN_0001814c
00017bc0	00018114	FUN_00018114
00017be4	00047208	FUN_00047208
00017be4	0001814c	FUN_0001814c
00017be4	00018114	FUN_00018114
00017c5c	0004b9de	FUN_0004b9de
00017c5c	0004ba5c	FUN_0004ba5c
00017c5c	00047208	FUN_00047208
00017c5c	0001814c	FUN_0001814c
00017c5c	00018114	FUN_00018114
00017ca8	0004b9de	FUN_0004b9de
00017ca8	0004ba5c	FUN_0004ba5c
00017ca8	00047208	FUN_00047208
00017ca8	0001814c	FUN_0001814c
00017ca8	00018114	FUN_00018114
00017cf8	0004b9de	FUN_0004b9de
00017cf8	0001814c	FUN_0001814c
00017cf8	00018114	FUN_00018114
00017d34	0004b9de	FUN_0004b9de
00017d34	0004ba5c	FUN_0004ba5c
00017d34	00047208	FUN_00047208
00017d34	0001814c	FUN_0001814c
00017d34	00018114	FUN_00018114
00017d9c	0004b9de	FUN_0004b9de
00017d9c	0004ba5c	FUN_0004ba5c
00017d9c	00047208	FUN_00047208
00017d9c	0001814c	FUN_0001814c
00017d9c	00018114	FUN_00018114
00017dec	0001814c	FUN_0001814c
00017dec	00018114	FUN_00018114
00017e10	0004b9de	FUN_0004b9de
00017e10	0004ba5c	FUN_0004ba5c
00017e10	0004cd84	FUN_0004cd84
00017e10	00047208	FUN_00047208
00017e10	0001814c	FUN_0001814c
00017e10	00018114	FUN_00018114
00017e74	0004b9de	FUN_0004b9de
00017e74	0004ba5c	FUN_0004ba5c
00017e74	00047208	FUN_00047208
00017e74	0001814c	FUN_0001814c
00017e74	00018114	FUN_00018114
00017ec4	0004b9de	FUN_0004b9de
00017ec4	0004ba5c	FUN_0004ba5c
00017ec4	0004037c	FUN_0004037c
00017ec4	00047208	FUN_00047208
00017ec4	0004e8b2	FUN_0004e8b2
00017ec4	0001814c	FUN_0001814c
00017ec4	00018114	FUN_00018114
00017f28	0004b9de	FUN_0004b9de
00017f28	0004ba5c	FUN_0004ba5c
00017f28	00047208	FUN_00047208
00017f28	0001814c	FUN_0001814c
00017f28	00018114	FUN_00018114
00017f78	0004b9de	FUN_0004b9de
00017f78	00047208	FUN_00047208
00017f78	0001814c	FUN_0001814c
00017f78	00018114	FUN_00018114
00017fc8	0004b9de	FUN_0004b9de
00017fc8	00047208	FUN_00047208
00017fc8	0001814c	FUN_0001814c
00017fc8	00018114	FUN_00018114
00018010	0004b9de	FUN_0004b9de
00018010	0004ba5c	FUN_0004ba5c
00018010	00047208	FUN_00047208
00018010	0001814c	FUN_0001814c
00018010	00018114	FUN_00018114
00018060	0001814c	FUN_0001814c
00018060	00018114	FUN_00018114
00018084	00047208	FUN_00047208
00018084	0001814c	FUN_0001814c
00018084	00018114	FUN_00018114
000180c4	0004b9de	FUN_0004b9de
000180c4	0004ba5c	FUN_0004ba5c
000180c4	00047208	FUN_00047208
000180c4	0001814c	FUN_0001814c
000180c4	00018114	FUN_00018114
00018114	00047164	FUN_00047164
00018114	000472ee	FUN_000472ee
0001814c	0004d3d8	FUN_0004d3d8
0001814c	0004e5a6	FUN_0004e5a6
0001814c	00037430	FUN_00037430
0001814c	0004a13c	FUN_0004a13c
0001814c	0004a118	FUN_0004a118
0001814c	0004a0d8	FUN_0004a0d8
00018170	0003bfbc	FUN_0003bfbc
00018170	0003c2a4	FUN_0003c2a4
000181e4	000153e0	FUN_000153e0
000181e4	00015384	FUN_00015384
000181f8	0001decc	FUN_0001decc
000181f8	0001453c	FUN_0001453c
000181f8	0001c5ec	FUN_0001c5ec
00018368	0001d858	FUN_0001d858
00018368	0001d958	FUN_0001d958
00018368	0001aebc	FUN_0001aebc
000183d8	000145da	FUN_000145da
000183d8	000145b8	FUN_000145b8
000183d8	00012272	FUN_00012272
000183d8	000181f8	FUN_000181f8
000183d8	0001515c	FUN_0001515c
000183d8	00016d4c	FUN_00016d4c
000183d8	00014554	FUN_00014554
000183d8	00014558	FUN_00014558
000183d8	00014550	FUN_00014550
000184d4	0001dee4	FUN_0001dee4
000184d4	0001df1c	FUN_0001df1c
000184d4	0001de48	FUN_0001de48
000184d4	000183d8	FUN_000183d8
000184d4	000153b4	FUN_000153b4
000184d4	0001df10	FUN_0001df10
000184d4	0001de7e	FUN_0001de7e
000184d4	0001deba	FUN_0001deba
000184d4	0001518c	FUN_0001518c
0001868c	000186f0	FUN_000186f0
0001868c	0001a128	get_output_enabled
000186f0	00015b9c	FUN_00015b9c
00018728	0001a128	get_output_enabled
00018728	000104f0	FUN_000104f0
00018728	0001050c	FUN_0001050c
00018728	00050710	FUN_00050710
00018728	0001aea4	set_current_raw
00018728	00020160	FUN_00020160
00018728	0001d858	FUN_0001d858
00018728	000491e8	FUN_000491e8
00018728	00010b48	FUN_00010b48
00018728	0001aebc	FUN_0001aebc
00018728	0001868c	FUN_0001868c
00018728	0001cb8c	FUN_0001cb8c
00018728	0001af64	set_voltage_raw
00018728	0001d6fc	FUN_0001d6fc
00018728	0004cd1e	FUN_0004cd1e
000188e0	00018bfc	FUN_00018bfc
000188e0	0001bf3a	FUN_0001bf3a
000188e0	0001bef8	FUN_0001bef8
000188e0	00015bd0	FUN_00015bd0
000188e0	0001bdf6	FUN_0001bdf6
00018a40	000153e0	FUN_000153e0
00018a40	00015384	FUN_00015384
00018a54	000189ce	FUN_000189ce
00018a54	0001897c	FUN_0001897c
00018a54	0003bc70	FUN_0003bc70
00018a54	000189a4	FUN_000189a4
00018a54	000189fa	FUN_000189fa
00018bfc	00018a54	FUN_00018a54
00018c52	0001bcd0	FUN_0001bcd0
00018c52	0001bce4	FUN_0001bce4
00018c52	00015ee8	FUN_00015ee8
00018c74	0001bcd0	FUN_0001bcd0
00018c74	0001bce4	FUN_0001bce4
00018c74	00015ee8	FUN_00015ee8
00018ca4	00012c98	FUN_00012c98
00018ca4	00012cb0	FUN_00012cb0
00018ca4	00015ee8	FUN_00015ee8
00018ccc	00015ee8	FUN_00015ee8
00018cd6	00012c98	FUN_00012c98
00018cd6	00015ee8	FUN_00015ee8
00018d1a	00012c98	FUN_00012c98
00018d1a	00015ee8	FUN_00015ee8
00018d1a	00018ccc	FUN_00018ccc
00018d68	00015ee8	FUN_00015ee8
00018d72	00012c98	FUN_00012c98
00018d72	00015ee8	FUN_00015ee8
00018db4	00012c98	FUN_00012c98
00018db4	00015ee8	FUN_00015ee8
00018df6	00015ee8	FUN_00015ee8
00018e00	00012cb0	FUN_00012cb0
00018e00	00015ee8	FUN_00015ee8
00018e00	00018e66	FUN_00018e66
00018e00	00018c52	FUN_00018c52
00018e66	0001cda2	FUN_0001cda2
00018e66	00012cb0	FUN_00012cb0
00018e66	00018ffc	FUN_00018ffc
00018e66	00019046	FUN_00019046
00018e66	0001cfc8	FUN_0001cfc8
00018e66	00019086	FUN_00019086
00018e66	00018c52	FUN_00018c52
00018e66	0001cd70	FUN_0001cd70
00018ee0	00015ee8	FUN_00015ee8
00018eea	00019152	thunk_FUN_0001d068
00018eea	0001cda2	FUN_0001cda2
00018eea	00018ffc	FUN_00018ffc
00018eea	00019046	FUN_00019046
00018eea	0001cfc8	FUN_0001cfc8
00018eea	00018c52	FUN_00018c52
00018eea	0001cd70	FUN_0001cd70
00018f48	0001cde8	FUN_0001cde8
00018f48	0001cda2	FUN_0001cda2
00018f48	00018ffc	FUN_00018ffc
00018f48	00019116	FUN_00019116
00018f48	00019046	FUN_00019046
00018f48	0001cfc8	FUN_0001cfc8
00018f48	00019086	FUN_00019086
00018f48	00018c52	FUN_00018c52
00018f48	0001cd70	FUN_0001cd70
00018ffc	00012cb0	FUN_00012cb0
00018ffc	00015ee8	FUN_00015ee8
00019046	00012cb0	FUN_00012cb0
00019046	00015ee8	FUN_00015ee8
00019086	00012cb0	FUN_00012cb0
00019086	00015ee8	FUN_00015ee8
00019116	00012cb0	FUN_00012cb0
00019156	00012cb0	FUN_00012cb0
00019156	00015ee8	FUN_00015ee8
00019156	00018c52	FUN_00018c52
0001919c	0001b624	FUN_0001b624
0001920c	0001c350	enter_critical
0001920c	0001afb4	FUN_0001afb4
0001920c	0001c354	exit_critical
0001920c	0001919c	FUN_0001919c
0001920c	0001afe0	FUN_0001afe0
0001920c	0001a2cc	FUN_0001a2cc
000193c0	00018ee0	FUN_00018ee0
000193c0	00018a40	FUN_00018a40
000193c0	0001d958	FUN_0001d958
000193c0	0001bc68	FUN_0001bc68
000193c0	0001a258	FUN_0001a258
0001972c	0001c350	enter_critical
0001972c	0001c354	exit_critical
0001974c	0001c350	enter_critical
0001974c	0001c354	exit_critical
0001976c	0001c350	enter_critical
0001976c	0001c354	exit_critical
00019b10	00019e0c	FUN_00019e0c
00019b10	000144a8	FUN_000144a8
00019b10	0001f23c	FUN_0001f23c
00019b10	00016c56	FUN_00016c56
00019b10	00014494	FUN_00014494
00019cec	0001540c	FUN_0001540c
00019cec	000152e0	FUN_000152e0
00019d14	000181e4	FUN_000181e4
00019d14	00015a50	FUN_00015a50
00019dd4	00019e44	FUN_00019e44
00019dd4	0001f548	FUN_0001f548
00019dd4	00018c74	FUN_00018c74
00019e0c	0001ce98	FUN_0001ce98
00019e0c	000103ea	FUN_000103ea
00019e0c	00019116	FUN_00019116
00019e0c	0001ce68	FUN_0001ce68
00019e0c	0001416c	FUN_0001416c
00019e0c	0001f548	FUN_0001f548
00019e0c	00018c52	FUN_00018c52
00019e0c	00019cec	FUN_00019cec
00019e44	0001540c	FUN_0001540c
00019e44	000152e0	FUN_000152e0
00019f18	00014080	FUN_00014080
00019f18	00019e0c	FUN_00019e0c
00019f18	000144a8	FUN_000144a8
00019f18	00016c56	FUN_00016c56
00019f18	0001f23c	FUN_0001f23c
00019f18	00014494	FUN_00014494
00019f18	000658d4	FUN_000658d4
00019f18	00018c74	FUN_00018c74
00019f18	0001f284	FUN_0001f284
00019f18	00019116	FUN_00019116
00019f18	00019e44	FUN_00019e44
00019f18	00019f4c	FUN_00019f4c
00019f18	000154a0	FUN_000154a0
00019f4c	00016c6a	FUN_00016c6a
00019f4c	000159e4	FUN_000159e4
00019f4c	00015fbc	FUN_00015fbc
00019f4c	00010388	FUN_00010388
00019f4c	00016024	FUN_00016024
00019fc0	0001cf3c	FUN_0001cf3c
00019fe0	0001ceb8	FUN_0001ceb8
00019fe0	0001a158	FUN_0001a158
0001a2d8	0001b74c	FUN_0001b74c
0001a3b0	00018e00	FUN_00018e00
0001a3b0	00018ee0	FUN_00018ee0
0001a3b0	00018a40	FUN_00018a40
0001a3b0	00018df6	FUN_00018df6
0001a3b0	00018d68	FUN_00018d68
0001a3b0	00018ccc	FUN_00018ccc
0001a3b0	00019086	FUN_00019086
0001a3b0	00018c74	FUN_00018c74
0001a3b0	00018eea	FUN_00018eea
0001a3b0	00018f48	FUN_00018f48
0001a3b0	0001d958	FUN_0001d958
0001a3b0	00018ffc	FUN_00018ffc
0001a3b0	0001978c	FUN_0001978c
0001a3b0	00019046	FUN_00019046
0001a3b0	00019156	FUN_00019156
0001a3b0	00018c52	FUN_00018c52
0001a5fc	0001c350	enter_critical
0001a5fc	0001c354	exit_critical
0001a620	00018d1a	FUN_00018d1a
0001a620	00018d72	FUN_00018d72
0001a620	00018ee0	FUN_00018ee0
0001a620	00018db4	FUN_00018db4
0001a620	00018cd6	FUN_00018cd6
0001a660	00018d1a	FUN_00018d1a
0001a660	000106ee	FUN_000106ee
0001a660	00018ee0	FUN_00018ee0
0001a660	0001a14c	FUN_0001a14c
0001a660	00010a20	FUN_00010a20
0001a660	00010ac2	FUN_00010ac2
0001a660	00018d72	FUN_00018d72
0001a660	0001bc80	FUN_0001bc80
0001a660	00018db4	FUN_00018db4
0001a660	00010b48	FUN_00010b48
0001a660	00018cd6	FUN_00018cd6
0001a660	0001083c	FUN_0001083c
0001a660	0001bc68	FUN_0001bc68
0001a660	000109fe	FUN_000109fe
0001ab34	00018e00	FUN_00018e00
0001ab34	0001b058	FUN_0001b058
0001ab34	00018ee0	FUN_00018ee0
0001ab34	00019dbc	FUN_00019dbc
0001ab34	00018a40	FUN_00018a40
0001ab34	000658d4	FUN_000658d4
0001ab34	0001df40	FUN_0001df40
0001ab34	0001dfb0	FUN_0001dfb0
0001ab34	00018f48	FUN_00018f48
0001ab34	00019fc0	FUN_00019fc0
0001ab34	00019b10	FUN_00019b10
0001ab34	0001d958	FUN_0001d958
0001ab34	0001cb8c	FUN_0001cb8c
0001ab34	00019156	FUN_00019156
0001ab34	00018ca4	FUN_00018ca4
0001ab34	00019e68	FUN_00019e68
0001ab34	0001b438	FUN_0001b438
0001ab34	00013d00	FUN_00013d00
0001ab34	00018c52	FUN_00018c52
0001ae38	0001c350	enter_critical
0001ae38	0001c354	exit_critical
0001ae70	0001c350	enter_critical
0001ae70	0001c354	exit_critical
0001ae8c	0001c350	enter_critical
0001ae8c	0001c354	exit_critical
0001aea4	0001c350	enter_critical
0001aea4	0001c354	exit_critical
0001aebc	0001c350	enter_critical
0001aebc	0001c354	exit_critical
0001af48	0001c350	enter_critical
0001af48	0001c354	exit_critical
0001af64	0001c350	enter_critical
0001af64	0001c354	exit_critical
0001af7c	0001c350	enter_critical
0001af7c	0001c354	exit_critical
0001afb4	0001c350	enter_critical
0001afb4	0001c354	exit_critical
0001afe0	0001c350	enter_critical
0001afe0	0001c354	exit_critical
0001b058	00018d1a	FUN_00018d1a
0001b058	0001a14c	FUN_0001a14c
0001b058	00019dd4	FUN_00019dd4
0001b058	000144a8	FUN_000144a8
0001b058	00019b10	FUN_00019b10
0001b058	00016c56	FUN_00016c56
0001b058	0001f23c	FUN_0001f23c
0001b058	00016004	FUN_00016004
0001b058	0001cb8c	FUN_0001cb8c
0001b058	00014494	FUN_00014494
0001b058	00015fe0	FUN_00015fe0
0001b41c	0001c350	enter_critical
0001b41c	0001c354	exit_critical
0001b494	00066554	FUN_00066554
0001b494	000664d6	FUN_000664d6
0001b494	0001a620	FUN_0001a620
0001b494	00019f18	FUN_00019f18
0001b494	000657dc	FUN_000657dc
0001b4d0	0001a128	get_output_enabled
0001b4d0	0001a134	get_output_faults
0001b4d0	0001aebc	FUN_0001aebc
0001b4d0	0001cb8c	FUN_0001cb8c
0001b624	00015ec8	FUN_00015ec8
0001b71c	00015384	FUN_00015384
0001b71c	000144bc	FUN_000144bc
0001b71c	0001c350	enter_critical
0001b71c	000144a8	FUN_000144a8
0001b71c	0001f23c	FUN_0001f23c
0001b71c	0001fc86	FUN_0001fc86
0001b740	0001497c	FUN_0001497c
0001b74c	00015f5c	FUN_00015f5c
0001b74c	0001d868	FUN_0001d868
0001b74c	0001b740	FUN_0001b740
0001b7f4	0001a128	get_output_enabled
0001b7f4	0001a134	get_output_faults
0001b7f4	0001aebc	FUN_0001aebc
0001b7f4	0001a5fc	FUN_0001a5fc
0001b7f4	0001cb8c	FUN_0001cb8c
0001b7f4	0001af64	set_voltage_raw
0001b7f4	0001aea4	set_current_raw
0001b994	0004b9de	FUN_0004b9de
0001b994	000499de	FUN_000499de
0001b994	0004037c	FUN_0004037c
0001b994	0004e538	FUN_0004e538
0001b994	00026470	FUN_00026470
0001b994	0004e8b2	FUN_0004e8b2
0001b994	0004e8e6	FUN_0004e8e6
0001ba58	0004e5a6	FUN_0004e5a6
0001bae4	0004b9de	FUN_0004b9de
0001bae4	0001ba58	FUN_0001ba58
0001bae4	0004e5a6	FUN_0004e5a6
0001bae4	00017cf8	FUN_00017cf8
0001bae4	0004eb0e	FUN_0004eb0e
0001bae4	000527f0	FUN_000527f0
0001bae4	00037604	FUN_00037604
0001bae4	0001814c	FUN_0001814c
0001bae4	0004eae2	FUN_0004eae2
0001bae4	00018114	FUN_00018114
0001bae4	0004cd1e	FUN_0004cd1e
0001bc68	00015ee8	FUN_00015ee8
0001bc80	00015ee8	FUN_00015ee8
0001bcba	000163a4	FUN_000163a4
0001bcd0	000153e0	FUN_000153e0
0001bcd0	00015384	FUN_00015384
0001bce4	000153e0	FUN_000153e0
0001bce4	00015384	FUN_00015384
0001bdc6	0001bf9c	FUN_0001bf9c
0001bdc6	0001f420	FUN_0001f420
0001bdc6	0001f3cc	FUN_0001f3cc
0001bdf6	0001bf9c	FUN_0001bf9c
0001bdf6	0001f420	FUN_0001f420
0001bdf6	0001f3cc	FUN_0001f3cc
0001be28	0001bfde	FUN_0001bfde
0001be28	0001bd34	FUN_0001bd34
0001be28	000153b4	FUN_000153b4
0001be28	0001540c	FUN_0001540c
0001be28	0001c06c	FUN_0001c06c
0001be28	000152e0	FUN_000152e0
0001be28	00015174	FUN_00015174
0001be28	0001bd22	FUN_0001bd22
0001be28	0001bcf8	FUN_0001bcf8
0001bef8	00015384	FUN_00015384
0001bef8	000153e0	FUN_000153e0
0001bef8	00012cec	FUN_00012cec
0001bef8	00012d10	FUN_00012d10
0001bf3a	0001bf9c	FUN_0001bf9c
0001bf3a	0001f420	FUN_0001f420
0001bf3a	0001f3cc	FUN_0001f3cc
0001bf9c	00015384	FUN_00015384
0001bf9c	000153e0	FUN_000153e0
0001bf9c	00012d10	FUN_00012d10
0001c162	0001c2e0	FUN_0001c2e0
0001c354	00065744	exit_critical
0001c364	00015f5c	FUN_00015f5c
0001c364	00014738	FUN_00014738
0001c364	00014954	FUN_00014954
0001c364	000146e8	FUN_000146e8
0001c364	00014878	FUN_00014878
0001c3b4	0004037c	FUN_0004037c
0001c3b4	0004e8b2	FUN_0004e8b2
0001c3b4	0001cb8c	FUN_0001cb8c
0001c3b4	0004dfd2	FUN_0004dfd2
0001c3b4	0004aa4c	FUN_0004aa4c
0001c3f8	0004037c	FUN_0004037c
0001c3f8	0004e8b2	FUN_0004e8b2
0001c3f8	0001cb8c	FUN_0001cb8c
0001c3f8	0004dfd2	FUN_0004dfd2
0001c3f8	0004aa4c	FUN_0004aa4c
0001c43c	0004037c	FUN_0004037c
0001c43c	0004e8b2	FUN_0004e8b2
0001c43c	0001cb8c	FUN_0001cb8c
0001c43c	0004dfd2	FUN_0004dfd2
0001c43c	0004aa4c	FUN_0004aa4c
0001c480	0004037c	FUN_0004037c
0001c480	0004e8b2	FUN_0004e8b2
0001c480	0001cb8c	FUN_0001cb8c
0001c480	0004dfd2	FUN_0004dfd2
0001c480	0004aa4c	FUN_0004aa4c
0001c4c4	0004b9de	FUN_0004b9de
0001c4c4	0004e00e	FUN_0004e00e
0001c4c4	0004037c	FUN_0004037c
0001c4c4	0001b41c	FUN_0001b41c
0001c4c4	0004e8b2	FUN_0004e8b2
0001c4c4	0001cb8c	FUN_0001cb8c
0001c4c4	0004aa6e	FUN_0004aa6e
0001c4c4	0004dfd2	FUN_0004dfd2
0001ca60	0001c350	enter_critical
0001ca60	0001c354	exit_critical
0001ca60	0001af7c	FUN_0001af7c
0001cb8c	0001c350	enter_critical
0001cb8c	00012e00	FUN_00012e00
0001cb8c	0001c354	exit_critical
0001cc38	000144fc	FUN_000144fc
0001ccb8	000144fc	FUN_000144fc
0001cd54	0001c350	enter_critical
0001cd54	0001c354	exit_critical
0001cd54	0001cf3c	FUN_0001cf3c
0001cd70	0001d038	FUN_0001d038
0001cd70	00015ee8	FUN_00015ee8
0001cda2	00012cb0	FUN_00012cb0
0001cda2	00015ee8	FUN_00015ee8
0001cde8	00012cb0	FUN_00012cb0
0001cde8	00015ee8	FUN_00015ee8
0001ce98	0001df02	FUN_0001df02
0001ce98	0001decc	FUN_0001decc
0001cea8	0001df02	FUN_0001df02
0001cea8	0001decc	FUN_0001decc
0001ceb8	0001df02	FUN_0001df02
0001ceb8	0001decc	FUN_0001decc
0001cf3c	0001df02	FUN_0001df02
0001cf3c	0001decc	FUN_0001decc
0001cfc8	00012cb0	FUN_00012cb0
0001cfc8	00015ee8	FUN_00015ee8
0001d038	00012cb0	FUN_00012cb0
0001d038	00015ee8	FUN_00015ee8
0001d068	0001d038	FUN_0001d038
0001d068	00012cb0	FUN_00012cb0
0001d068	00015ee8	FUN_00015ee8
0001d100	0004b9de	FUN_0004b9de
0001d100	00047d8e	FUN_00047d8e
0001d100	000499de	FUN_000499de
0001d100	000375f8	FUN_000375f8
0001d100	0004037c	FUN_0004037c
0001d100	0004e8b2	FUN_0004e8b2
0001d100	0001046a	FUN_0001046a
0001d100	00058430	FUN_00058430
0001d100	00037604	FUN_00037604
0001d100	0004e960	FUN_0004e960
0001d100	0001814c	FUN_0001814c
0001d228	00010a3a	FUN_00010a3a
0001d228	00010b48	FUN_00010b48
0001d228	00010920	FUN_00010920
0001d228	00010a20	FUN_00010a20
0001d228	00010388	FUN_00010388
0001d380	000159cc	FUN_000159cc
0001d380	0001bf3a	FUN_0001bf3a
0001d380	00014318	FUN_00014318
0001d380	000188e0	FUN_000188e0
0001d380	0001bef8	FUN_0001bef8
0001d380	00015bd0	FUN_00015bd0
0001d380	0001bdf6	FUN_0001bdf6
0001d520	0001a128	get_output_enabled
0001d520	0001a134	get_output_faults
0001d520	0001aebc	FUN_0001aebc
0001d520	0001cb8c	FUN_0001cb8c
0001d674	0004ba5c	FUN_0004ba5c
0001d674	000471d8	FUN_000471d8
0001d674	0004675a	FUN_0004675a
0001d674	0004e4b2	FUN_0004e4b2
0001d674	00046756	FUN_00046756
0001d674	00046700	FUN_00046700
0001d674	0004bc12	FUN_0004bc12
0001d674	00047298	FUN_00047298
0001d674	00046688	FUN_00046688
0001d6fc	0001fa20	FUN_0001fa20
0001d6fc	0001fae4	FUN_0001fae4
0001d7a0	0006590c	FUN_0006590c
0001d7a0	00065744	exit_critical
0001d7a0	0006571c	enter_critical
0001d7a0	00066ba4	FUN_00066ba4
0001d868	00014638	FUN_00014638
0001d868	0001c364	FUN_0001c364
0001d958	00015f5c	FUN_00015f5c
0001d958	0001c350	enter_critical
0001d958	0001c364	FUN_0001c364
0001d958	0001c354	exit_critical
0001d9fc	00066c28	FUN_00066c28
0001da28	00014904	FUN_00014904
0001da28	00013c04	FUN_00013c04
0001da28	00013b24	FUN_00013b24
0001da28	0001472c	FUN_0001472c
0001da28	000146dc	FUN_000146dc
0001da28	000146d0	FUN_000146d0
0001da28	000153f4	FUN_000153f4
0001da28	00013ae8	FUN_00013ae8
0001da28	00013bc4	FUN_00013bc4
0001da28	00013be8	FUN_00013be8
0001da28	0001c2fc	FUN_0001c2fc
0001da28	00013ba0	FUN_00013ba0
0001da28	00014720	FUN_00014720
0001db74	0001dae8	update_system_clock
0001db94	0001ca60	FUN_0001ca60
0001db94	0001dbe8	FUN_0001dbe8
0001dbe8	0001d868	FUN_0001d868
0001dbfc	0004b9de	FUN_0004b9de
0001dbfc	0004037c	FUN_0004037c
0001dbfc	0004e8b2	FUN_0004e8b2
0001dbfc	00046756	FUN_00046756
0001dbfc	00047298	FUN_00047298
0001dbfc	0004e960	FUN_0004e960
0001dbfc	0004ba5c	FUN_0004ba5c
0001dbfc	000471d8	FUN_000471d8
0001dbfc	0004e5a6	FUN_0004e5a6
0001dbfc	0004ea90	FUN_0004ea90
0001dbfc	0004e4b2	FUN_0004e4b2
0001dbfc	00046700	FUN_00046700
0001dbfc	00046688	FUN_00046688
0001dda0	00014fec	FUN_00014fec
0001dda0	00052728	FUN_00052728
0001df40	00016c9a	FUN_00016c9a
0001dfbc	0001efd4	FUN_0001efd4
0001dfbc	00014550	FUN_00014550
0001dfdc	0001efd4	FUN_0001efd4
0001dfdc	00014550	FUN_00014550
0001e020	00012bec	FUN_00012bec
0001e020	000193c0	FUN_000193c0
0001e020	0001a3b0	FUN_0001a3b0
0001e020	00011eac	FUN_00011eac
0001e020	00019fe0	FUN_00019fe0
0001e020	000658d4	FUN_000658d4
0001e020	0001920c	FUN_0001920c
0001e020	0001ab34	FUN_0001ab34
0001e020	00011c18	FUN_00011c18
0001e020	000181f8	FUN_000181f8
0001e020	00019a50	FUN_00019a50
0001e020	0001c358	FUN_0001c358
0001e020	00018728	FUN_00018728
0001e020	000125c0	FUN_000125c0
0001e020	0001a660	FUN_0001a660
0001e020	0001227c	FUN_0001227c
0001e0bc	00010a3a	FUN_00010a3a
0001e0bc	00010b48	FUN_00010b48
0001e0bc	00010920	FUN_00010920
0001e0bc	00010a20	FUN_00010a20
0001e0bc	00010388	FUN_00010388
0001e24c	000145a8	FUN_000145a8
0001e24c	0001459e	FUN_0001459e
0001e24c	0001453c	FUN_0001453c
0001e24c	0001efd4	FUN_0001efd4
0001e284	0004ef90	FUN_0004ef90
0001e284	0004b288	FUN_0004b288
0001e284	0004fea8	FUN_0004fea8
0001e284	00015448	FUN_00015448
0001e284	0005689c	FUN_0005689c
0001e284	00018114	FUN_00018114
0001e284	000528ac	FUN_000528ac
0001e284	0001c350	enter_critical
0001e284	00058268	FUN_00058268
0001e284	00015ba4	FUN_00015ba4
0001e284	00049a70	FUN_00049a70
0001e284	00058ba4	FUN_00058ba4
0001e284	00015f80	FUN_00015f80
0001e284	00052a82	FUN_00052a82
0001e284	00021a50	FUN_00021a50
0001e284	0001c354	exit_critical
0001e284	00015f8c	FUN_00015f8c
0001e284	00010388	FUN_00010388
0001e284	0001814c	FUN_0001814c
0001e284	000569b8	FUN_000569b8
0001e284	00015494	FUN_00015494
0001e284	00052abe	FUN_00052abe
0001e284	00017cf8	FUN_00017cf8
0001e284	00015488	FUN_00015488
0001e284	00015bb8	FUN_00015bb8
0001e284	0004aa6e	FUN_0004aa6e
0001e284	00015f74	FUN_00015f74
0001e284	00015f98	FUN_00015f98
0001e284	0002e158	FUN_0002e158
0001e284	0004cd1e	FUN_0004cd1e
0001e7b4	0001ba58	FUN_0001ba58
0001e7b4	00055e04	FUN_00055e04
0001e7b4	00013f24	FUN_00013f24
0001e7b4	0004e00e	FUN_0004e00e
0001e7b4	0004cd84	FUN_0004cd84
0001e7b4	00055940	FUN_00055940
0001e7b4	0004fea8	FUN_0004fea8
0001e7b4	00056244	FUN_00056244
0001e7b4	00057740	FUN_00057740
0001e7b4	00055d8c	FUN_00055d8c
0001e7b4	000556f4	FUN_000556f4
0001e7b4	00012adc	FUN_00012adc
0001e7b4	0004e5a6	FUN_0004e5a6
0001e7b4	0005486c	FUN_0005486c
0001e7b4	000127fc	FUN_000127fc
0001e7b4	0004fe9c	FUN_0004fe9c
0001e7b4	00054818	FUN_00054818
0001e7b4	00056d80	FUN_00056d80
0001e7b4	00055e30	FUN_00055e30
0001e7b4	00055ec8	FUN_00055ec8
0001e7b4	00052a82	FUN_00052a82
0001e7b4	0001a5fc	FUN_0001a5fc
0001e7b4	00055684	FUN_00055684
0001e7b4	000557e4	FUN_000557e4
0001e7b4	00055854	FUN_00055854
0001e7b4	00054c38	FUN_00054c38
0001e7b4	0001814c	FUN_0001814c
0001e7b4	00055158	FUN_00055158
0001e7b4	00054474	FUN_00054474
0001e7b4	0001bae4	FUN_0001bae4
0001e7b4	00054e80	FUN_00054e80
0001e7b4	00055340	FUN_00055340
0001e7b4	00057064	FUN_00057064
0001e7b4	0004b9de	FUN_0004b9de
0001e7b4	0005f060	FUN_0005f060
0001e7b4	000568f4	FUN_000568f4
0001e7b4	0005472c	FUN_0005472c
0001e7b4	00054fd8	FUN_00054fd8
0001e7b4	00055630	FUN_00055630
0001e7b4	00057c18	FUN_00057c18
0001e7b4	000558b0	FUN_000558b0
0001e7b4	00018114	FUN_00018114
0001e7b4	00055774	FUN_00055774
0001e7b4	00054c98	FUN_00054c98
0001e7b4	00055a54	FUN_00055a54
0001e7b4	00055a88	FUN_00055a88
0001e7b4	00055040	FUN_00055040
0001e7b4	00036048	FUN_00036048
0001e7b4	00055ab0	FUN_00055ab0
0001e7b4	0005553c	FUN_0005553c
0001e7b4	00055e90	FUN_00055e90
0001e7b4	00054688	service_bind_prompt
0001e7b4	000126b8	FUN_000126b8
0001e7b4	00054cec	FUN_00054cec
0001e7b4	00057ea0	FUN_00057ea0
0001e7b4	000571b0	FUN_000571b0
0001e7b4	00057314	FUN_00057314
0001e7b4	000550e8	FUN_000550e8
0001e7b4	00057d54	FUN_00057d54
0001e7b4	000128a4	FUN_000128a4
0001e7b4	000553c8	FUN_000553c8
0001e7b4	0005285c	FUN_0005285c
0001e7b4	0004cd1e	FUN_0004cd1e
0001ecc4	0004b9de	FUN_0004b9de
0001ecc4	000499de	FUN_000499de
0001ecc4	0004e00e	FUN_0004e00e
0001ecc4	00056f3c	FUN_00056f3c
0001ecc4	0004eb0e	FUN_0004eb0e
0001ecc4	0003c102	FUN_0003c102
0001ecc4	0001afb4	FUN_0001afb4
0001ecc4	00055478	FUN_00055478
0001ecc4	00037604	FUN_00037604
0001ecc4	00054940	FUN_00054940
0001ecc4	0004e5a6	FUN_0004e5a6
0001ecc4	00054f18	FUN_00054f18
0001ecc4	0003c11a	FUN_0003c11a
0001ecc4	00056e3c	FUN_00056e3c
0001ecc4	0001cd54	FUN_0001cd54
0001ecc4	00057b78	FUN_00057b78
0001ecc4	0001cb8c	FUN_0001cb8c
0001ecc4	0004fe9c	FUN_0004fe9c
0001ecc4	0004eae2	FUN_0004eae2
0001ecc4	00054390	FUN_00054390
0001ecc4	0004cd1e	FUN_0004cd1e
0001eef0	0001f026	FUN_0001f026
0001ef0c	0001f026	FUN_0001f026
0001ef0c	000146b8	decode_transport_byte
0001ef0c	00011900	FUN_00011900
0001ef30	0001efd4	FUN_0001efd4
0001ef40	0001f026	FUN_0001f026
0001ef5c	0001046a	FUN_0001046a
0001ef5c	00013c88	FUN_00013c88
0001ef5c	00015ed4	FUN_00015ed4
0001ef5c	0001f026	FUN_0001f026
0001ef5c	000146b8	decode_transport_byte
0001ef80	0001efd4	FUN_0001efd4
0001f02c	0001f026	FUN_0001f026
0001f048	0001f026	FUN_0001f026
0001f054	00013f40	FUN_00013f40
0001f054	0001e0bc	FUN_0001e0bc
0001f054	0001d228	FUN_0001d228
0001f054	0001f004	FUN_0001f004
0001f0e4	0001f054	FUN_0001f054
0001f158	0001f1be	FUN_0001f1be
0001f1be	0001f01c	FUN_0001f01c
0001f1f4	0001f158	FUN_0001f158
0001f208	00012d54	FUN_00012d54
0001f208	000278a4	FUN_000278a4
0001f208	00014318	FUN_00014318
0001f208	0001d380	FUN_0001d380
0001f208	00012850	FUN_00012850
0001f208	000188e0	FUN_000188e0
0001f208	00019d14	FUN_00019d14
0001f208	00012f34	dispatch_command
0001f208	000133bc	service_companion_tx
0001f208	000658d4	FUN_000658d4
0001f208	00014a98	FUN_00014a98
0001f23c	000153e0	FUN_000153e0
0001f23c	00015384	FUN_00015384
0001f250	0001fe0c	FUN_0001fe0c
0001f250	0001bdc6	FUN_0001bdc6
0001f284	0001f548	FUN_0001f548
0001f2f0	0001dee4	FUN_0001dee4
0001f2f0	0001df1c	FUN_0001df1c
0001f2f0	0001de48	FUN_0001de48
0001f2f0	000153b4	FUN_000153b4
0001f2f0	0001540c	FUN_0001540c
0001f2f0	0001df10	FUN_0001df10
0001f2f0	000152e0	FUN_000152e0
0001f2f0	0001de7e	FUN_0001de7e
0001f2f0	0001deba	FUN_0001deba
0001f2f0	0001518c	FUN_0001518c
0001f3cc	00015384	FUN_00015384
0001f3cc	000153e0	FUN_000153e0
0001f3cc	00012cec	FUN_00012cec
0001f3cc	00012d10	FUN_00012d10
0001f420	00015384	FUN_00015384
0001f420	000153e0	FUN_000153e0
0001f420	00012d10	FUN_00012d10
0001f508	0001fc94	FUN_0001fc94
0001f548	000103ea	FUN_000103ea
0001f548	0001cea8	FUN_0001cea8
0001f548	0001416c	FUN_0001416c
0001f548	0001ce80	FUN_0001ce80
0001f6c4	0001f5c0	FUN_0001f5c0
0001f6c4	0001f7c4	FUN_0001f7c4
0001f6c4	0001f880	FUN_0001f880
0001f6c4	0001f808	FUN_0001f808
0001f6c4	0001fb28	FUN_0001fb28
0001f6c4	0001fa78	FUN_0001fa78
0001f6c4	0001fb4c	FUN_0001fb4c
0001f6c4	0001f760	FUN_0001f760
0001f6c4	0001f734	FUN_0001f734
0001f9b8	0001d858	FUN_0001d858
0001f9b8	0001a134	get_output_faults
0001fae4	0001fbb0	FUN_0001fbb0
0001fae4	0001a134	get_output_faults
0001fbb0	00015474	FUN_00015474
0001fbb0	0001a10c	FUN_0001a10c
0001fbb0	0001a140	FUN_0001a140
0001fbb0	0001a100	FUN_0001a100
0001fbb0	00015460	FUN_00015460
0001fc24	0001bdc6	FUN_0001bdc6
0001fc86	0001fc0c	FUN_0001fc0c
0001fc86	0001feb8	FUN_0001feb8
0001fc94	0001bf3a	FUN_0001bf3a
0001fc94	0001bef8	FUN_0001bef8
0001fd50	0001bf3a	FUN_0001bf3a
0001fd50	0001049c	FUN_0001049c
0001fd50	0001bef8	FUN_0001bef8
0001fe0c	0001bf3a	FUN_0001bf3a
0001fe0c	0001bef8	FUN_0001bef8
00020000	00020e44	FUN_00020e44
00020034	00020e44	FUN_00020e44
00020034	00021560	FUN_00021560
00020160	000202b0	FUN_000202b0
00020160	000202dc	FUN_000202dc
00020160	00010cb6	FUN_00010cb6
00020198	000106ee	FUN_000106ee
00020198	00010836	FUN_00010836
00020198	00010b18	FUN_00010b18
000202e8	00020bcc	FUN_00020bcc
00020316	00041788	FUN_00041788
00020368	00010830	FUN_00010830
00020368	000106ee	FUN_000106ee
00020368	00010ae8	FUN_00010ae8
00020368	000208e0	FUN_000208e0
00020368	00010920	FUN_00010920
00020368	0001083c	FUN_0001083c
00020368	00010a52	FUN_00010a52
00020368	00010b18	FUN_00010b18
00020368	00020ccc	FUN_00020ccc
00020368	000109fe	FUN_000109fe
0002075c	000106ee	FUN_000106ee
0002075c	00010eb4	FUN_00010eb4
0002075c	00010920	FUN_00010920
0002075c	0001083c	FUN_0001083c
0002075c	00010b18	FUN_00010b18
0002075c	00010388	FUN_00010388
000208e0	00010ae8	FUN_00010ae8
000208e0	0001083c	FUN_0001083c
000208e0	00020dd6	FUN_00020dd6
000208e0	00020368	FUN_00020368
000208e0	00010a90	FUN_00010a90
000208e0	00010a52	FUN_00010a52
000208e0	00010836	FUN_00010836
000208e0	00010a20	FUN_00010a20
000208e0	00010b18	FUN_00010b18
000208e0	000109fe	FUN_000109fe
00020be8	00020dd6	FUN_00020dd6
00020ccc	00020be8	FUN_00020be8
00020d4c	00020be8	FUN_00020be8
00020d4c	00010388	FUN_00010388
00020e44	00010b80	FUN_00010b80
00020e44	0002151c	FUN_0002151c
00020e44	00010388	FUN_00010388
00020e44	000214f8	FUN_000214f8
00020e44	0002075c	FUN_0002075c
0002156a	000236ba	FUN_000236ba
0002156a	0003f174	FUN_0003f174
00021708	0003db4c	FUN_0003db4c
00021708	0003db28	FUN_0003db28
00021760	0001cb8c	FUN_0001cb8c
0002178c	0004b9de	FUN_0004b9de
0002178c	0004037c	FUN_0004037c
0002178c	0004e8b2	FUN_0004e8b2
0002178c	00046756	FUN_00046756
0002178c	0004e8e6	FUN_0004e8e6
0002178c	00047298	FUN_00047298
0002178c	0004e960	FUN_0004e960
0002178c	0004bc8c	FUN_0004bc8c
0002178c	0004ba5c	FUN_0004ba5c
0002178c	0004aaf6	FUN_0004aaf6
0002178c	000471d8	FUN_000471d8
0002178c	0004e5a6	FUN_0004e5a6
0002178c	0004ea90	FUN_0004ea90
0002178c	0004e4b2	FUN_0004e4b2
0002178c	0004e0e6	FUN_0004e0e6
0002178c	00046700	FUN_00046700
0002178c	0001cb8c	FUN_0001cb8c
0002178c	00046688	FUN_00046688
00021a50	0004b9de	FUN_0004b9de
00021a50	0004ba5c	FUN_0004ba5c
00021a50	0004aa4c	FUN_0004aa4c
00021fe0	00047d8e	FUN_00047d8e
00021fe0	0004e910	FUN_0004e910
00021fe0	000498fc	FUN_000498fc
00021fe0	0004e980	FUN_0004e980
00021fe0	0004037c	FUN_0004037c
00021fe0	0004ac0a	FUN_0004ac0a
00021fe0	0004ab24	FUN_0004ab24
00021fe0	0004aa6e	FUN_0004aa6e
00021fe0	0004a094	FUN_0004a094
00021fe0	00047698	FUN_00047698
00021fe0	0004e960	FUN_0004e960
00022058	0003fa78	FUN_0003fa78
00022058	0004b9de	FUN_0004b9de
00022058	000499de	FUN_000499de
00022058	00052960	FUN_00052960
00022058	0003f91a	FUN_0003f91a
00022058	0003f922	thunk_FUN_0004d3d8
00022058	0003f9a4	FUN_0003f9a4
00022768	0003fa78	FUN_0003fa78
00022768	0003cb16	FUN_0003cb16
00022768	00052960	FUN_00052960
00022768	0003cb6c	FUN_0003cb6c
00022768	0003cb1e	FUN_0003cb1e
00022768	0003cb2a	FUN_0003cb2a
00022768	0003f922	thunk_FUN_0004d3d8
00022768	0003cafa	FUN_0003cafa
00022768	0003f9a4	FUN_0003f9a4
00022978	00047d8e	FUN_00047d8e
00022978	0001cb8c	FUN_0001cb8c
00022978	00049974	FUN_00049974
000229e0	0003ff88	FUN_0003ff88
000229e0	000404ba	FUN_000404ba
000229e0	000248e8	FUN_000248e8
000236a0	0004a318	FUN_0004a318
000236a0	0004a57a	FUN_0004a57a
000236ba	0004f3ea	FUN_0004f3ea
000236ba	0004a162	FUN_0004a162
000236ba	0003f194	FUN_0003f194
000236ba	0003f174	FUN_0003f174
000236ba	0004f456	FUN_0004f456
000236ba	000376e4	FUN_000376e4
000236ba	0004a404	FUN_0004a404
00023730	0004a318	FUN_0004a318
00023730	00046bec	FUN_00046bec
00023730	0004a57a	FUN_0004a57a
00023730	00050a14	thunk_FUN_00050a1a
000237b0	00046bec	FUN_00046bec
000237b0	0002382c	FUN_0002382c
000237b0	0004a2ac	FUN_0004a2ac
0002382c	00052a74	FUN_00052a74
0002382c	00052aae	FUN_00052aae
0002382c	0004a118	FUN_0004a118
0002385c	0004ac0a	FUN_0004ac0a
00023868	000237b0	FUN_000237b0
00023868	0005b380	FUN_0005b380
00023868	0005b170	FUN_0005b170
00023868	000526fc	FUN_000526fc
00023868	00052708	FUN_00052708
00023868	0004a13c	FUN_0004a13c
00023868	0004a118	FUN_0004a118
00023968	0004eb0e	FUN_0004eb0e
0002396c	0004eb3a	FUN_0004eb3a
00023970	00023970	FUN_00023970
00023990	00023990	FUN_00023990
00023990	00023970	FUN_00023970
000239ba	0003d614	FUN_0003d614
000239c6	0003d6f8	FUN_0003d6f8
00024654	0004e5a6	FUN_0004e5a6
00024664	0003cadc	FUN_0003cadc
00024664	00059fec	FUN_00059fec
00024664	0003caea	FUN_0003caea
00024664	0003cb6c	FUN_0003cb6c
00024664	0003cb1e	FUN_0003cb1e
00024664	0003cb2a	FUN_0003cb2a
00024664	0003cafe	FUN_0003cafe
00024664	0003c9f8	FUN_0003c9f8
00024664	0003cafa	FUN_0003cafa
000246c8	0004e00e	FUN_0004e00e
000246c8	0004eb0e	FUN_0004eb0e
000246c8	00017970	FUN_00017970
000246c8	0001cb8c	FUN_0001cb8c
000246c8	0001814c	FUN_0001814c
00024704	0004ba5c	FUN_0004ba5c
00024704	000471d8	FUN_000471d8
00024704	0004675a	FUN_0004675a
00024704	0004e4b2	FUN_0004e4b2
00024704	00046756	FUN_00046756
00024704	00046700	FUN_00046700
00024704	0004bc12	FUN_0004bc12
00024704	00047298	FUN_00047298
00024704	00046688	FUN_00046688
0002478c	000375f8	FUN_000375f8
0002478c	0001046a	FUN_0001046a
0002478c	00058430	FUN_00058430
0002478c	00037604	FUN_00037604
0002483c	000375f8	FUN_000375f8
0002483c	0001046a	FUN_0001046a
0002483c	00058430	FUN_00058430
0002483c	00037604	FUN_00037604
000248e8	0003ff88	FUN_0003ff88
00024934	00040106	FUN_00040106
000249da	00040264	FUN_00040264
000249da	0003ff24	FUN_0003ff24
000249da	0005e778	FUN_0005e778
000249da	00036ec0	FUN_00036ec0
000249da	00027368	FUN_00027368
00024a4c	0003ff24	FUN_0003ff24
00024a4c	00040280	FUN_00040280
00024a98	000400ba	FUN_000400ba
00024b34	00024bd4	FUN_00024bd4
00024b6a	00023690	FUN_00023690
00024b6a	00053566	FUN_00053566
00024bd4	00024cea	FUN_00024cea
00024be0	000632cc	FUN_000632cc
00024be0	00053566	FUN_00053566
00024be0	0005b1e8	FUN_0005b1e8
00024be0	000632bc	FUN_000632bc
00024c80	00024bd4	FUN_00024bd4
00024c9a	00024cea	FUN_00024cea
00024cb4	00024cea	FUN_00024cea
00024cb4	00024b34	FUN_00024b34
00024cb4	00024d50	FUN_00024d50
00024d00	00024bd4	FUN_00024bd4
00024d00	00024c9a	FUN_00024c9a
00024d00	00024b6a	FUN_00024b6a
00024d00	00024b56	FUN_00024b56
00024d00	00024d72	FUN_00024d72
00024d50	00053566	FUN_00053566
00024d50	0005b1e8	FUN_0005b1e8
00024d72	00023690	FUN_00023690
00024d72	00024c80	FUN_00024c80
00024de0	0004b9de	FUN_0004b9de
00024de0	0004037c	FUN_0004037c
00024de0	0004eb0e	FUN_0004eb0e
00024de0	0004e8b2	FUN_0004e8b2
00024de0	00046756	FUN_00046756
00024de0	00047298	FUN_00047298
00024de0	0004e960	FUN_0004e960
00024de0	0001814c	FUN_0001814c
00024de0	0004ba5c	FUN_0004ba5c
00024de0	000471d8	FUN_000471d8
00024de0	0004e5a6	FUN_0004e5a6
00024de0	0004ea90	FUN_0004ea90
00024de0	0004e4b2	FUN_0004e4b2
00024de0	00046700	FUN_00046700
00024de0	0001cb8c	FUN_0001cb8c
00024de0	00046688	FUN_00046688
00025046	00046bec	FUN_00046bec
0002504a	0004a318	FUN_0004a318
00025050	0002509e	FUN_0002509e
0002509e	0003f158	FUN_0003f158
0002509e	0003f16a	FUN_0003f16a
000250d8	0004b9de	FUN_0004b9de
000250d8	00010ae8	FUN_00010ae8
000250d8	0004675a	FUN_0004675a
000250d8	00020034	FUN_00020034
000250d8	000104f0	FUN_000104f0
000250d8	0005833c	FUN_0005833c
000250d8	00050710	FUN_00050710
000250d8	0001050c	FUN_0001050c
000250d8	000104b2	FUN_000104b2
000250d8	00020160	FUN_00020160
000250d8	0004aaf6	FUN_0004aaf6
000250d8	000491e8	FUN_000491e8
000250d8	000178a4	FUN_000178a4
000250d8	00010b48	FUN_00010b48
000250d8	000104e2	FUN_000104e2
000250d8	0004e0e6	FUN_0004e0e6
000250d8	0001cb8c	FUN_0001cb8c
000250d8	00049974	FUN_00049974
000250d8	00010b18	FUN_00010b18
00025cb8	0004b9de	FUN_0004b9de
00025cb8	000261ec	FUN_000261ec
00025cb8	0004cbf6	FUN_0004cbf6
00025cb8	0004c5fa	FUN_0004c5fa
00025cb8	00025dac	FUN_00025dac
00025cb8	0004a57a	FUN_0004a57a
00025cb8	0004bb1a	FUN_0004bb1a
00025cb8	0004c8d6	FUN_0004c8d6
00025cb8	0004baf8	FUN_0004baf8
00025cb8	00037f14	FUN_00037f14
00025cb8	0004c83a	FUN_0004c83a
00025cb8	0004c924	FUN_0004c924
00025cb8	0004c6de	FUN_0004c6de
00025dac	0004b9de	FUN_0004b9de
00025dac	0004cd92	FUN_0004cd92
00025dac	0003728c	FUN_0003728c
00025dac	00046bec	FUN_00046bec
00025dac	000277d8	FUN_000277d8
00025dac	0003727c	FUN_0003727c
00025dac	0004a404	FUN_0004a404
00025dac	00037284	FUN_00037284
00025dac	0004bb1a	FUN_0004bb1a
00025dac	0004ccf8	FUN_0004ccf8
00025dac	0004bc8c	FUN_0004bc8c
00025dac	0004ba5c	FUN_0004ba5c
00025dac	0004a318	FUN_0004a318
00025dac	0004c83a	FUN_0004c83a
00025f5c	0004c54c	FUN_0004c54c
00025f5c	0004ba5c	FUN_0004ba5c
00025f5c	0004c98a	FUN_0004c98a
00025f5c	0004cd92	FUN_0004cd92
00025f5c	0003db0a	FUN_0003db0a
00025f5c	0004caa4	FUN_0004caa4
00025f5c	0004c70e	FUN_0004c70e
00025f5c	0004bf2c	FUN_0004bf2c
00025f5c	0004c594	FUN_0004c594
00025f5c	0004c744	FUN_0004c744
00025f5c	0004cc02	FUN_0004cc02
00025f5c	0004d498	FUN_0004d498
00026050	0004cd92	FUN_0004cd92
00026050	0004c732	FUN_0004c732
00026050	0004c5b2	FUN_0004c5b2
00026050	0004c594	FUN_0004c594
00026050	0004cbfc	FUN_0004cbfc
00026050	0004bf20	FUN_0004bf20
00026050	0004d498	FUN_0004d498
00026050	0004ba5c	FUN_0004ba5c
00026050	0004c9e8	FUN_0004c9e8
00026050	0003db28	FUN_0003db28
00026050	0004c568	FUN_0004c568
00026050	0004c720	FUN_0004c720
00026050	0004ca46	FUN_0004ca46
000261ec	0004b9de	FUN_0004b9de
000261ec	0004cd92	FUN_0004cd92
000261ec	00037b06	FUN_00037b06
000261ec	00046bec	FUN_00046bec
000261ec	000277d8	FUN_000277d8
000261ec	0004a404	FUN_0004a404
000261ec	0004bbec	FUN_0004bbec
000261ec	0004bc8c	FUN_0004bc8c
000261ec	00037b0e	FUN_00037b0e
000261ec	0004ba5c	FUN_0004ba5c
000261ec	0004a318	FUN_0004a318
000261ec	0004c8d6	FUN_0004c8d6
000261ec	0004baf8	FUN_0004baf8
000261ec	00037a16	FUN_00037a16
000263a0	0004c924	FUN_0004c924
0002641a	0003db28	FUN_0003db28
0002641a	00051a28	FUN_00051a28
00026470	0004b9de	FUN_0004b9de
00026470	0004037c	FUN_0004037c
00026470	0004ea90	FUN_0004ea90
00026470	0004e8b2	FUN_0004e8b2
00026470	0004e8e6	FUN_0004e8e6
00026594	0004b9de	FUN_0004b9de
00026594	00056678	FUN_00056678
00026594	0004037c	FUN_0004037c
00026594	0004e8b2	FUN_0004e8b2
00026594	00046756	FUN_00046756
00026594	00047298	FUN_00047298
00026594	0005673c	FUN_0005673c
00026594	0004bc8c	FUN_0004bc8c
00026594	0004ba5c	FUN_0004ba5c
00026594	000567e0	FUN_000567e0
00026594	000471d8	FUN_000471d8
00026594	0004e5a6	FUN_0004e5a6
00026594	0004ea90	FUN_0004ea90
00026594	00056120	FUN_00056120
00026594	0004e4b2	FUN_0004e4b2
00026594	00046700	FUN_00046700
00026594	00056608	FUN_00056608
00026594	000561e4	FUN_000561e4
00026594	00046688	FUN_00046688
00026974	0004b9de	FUN_0004b9de
00026974	0003f960	FUN_0003f960
00026974	0004675a	FUN_0004675a
00026974	0001cb8c	FUN_0001cb8c
00026974	0004aa6e	FUN_0004aa6e
000269c4	0004b9de	FUN_0004b9de
000269c4	000499de	FUN_000499de
000269c4	0004e00e	FUN_0004e00e
000269c4	0003f960	FUN_0003f960
000269c4	00046756	FUN_00046756
000269c4	0004ac0a	FUN_0004ac0a
000269c4	0004ac28	FUN_0004ac28
000269c4	0003f91a	FUN_0003f91a
000269c4	0001cb8c	FUN_0001cb8c
000269c4	0003f778	FUN_0003f778
000269c4	0003f90a	FUN_0003f90a
000269c4	00046688	FUN_00046688
00026cac	0004b9de	FUN_0004b9de
00026cac	0004cd92	FUN_0004cd92
00026cac	0003de04	FUN_0003de04
00026cac	0004c5ee	FUN_0004c5ee
00026cac	0004bbec	FUN_0004bbec
00026cac	0004bb1a	FUN_0004bb1a
00026cac	0004ccf8	FUN_0004ccf8
00026cac	0004bc8c	FUN_0004bc8c
00026cac	0004d3d8	FUN_0004d3d8
00026cac	0004c6c0	FUN_0004c6c0
00026cac	0004e5a6	FUN_0004e5a6
00026cac	0004c738	FUN_0004c738
00026cac	000586ec	FUN_000586ec
00026cac	0004c726	FUN_0004c726
00026cac	0003db28	FUN_0003db28
00026cac	0004d528	FUN_0004d528
00026cac	0004c924	FUN_0004c924
00026cac	000377d4	FUN_000377d4
000270ec	0004a318	FUN_0004a318
000270ec	00046bec	FUN_00046bec
000270ec	0002735a	FUN_0002735a
000270ec	0004a360	FUN_0004a360
00027388	00017cf8	FUN_00017cf8
00027388	0004eb0e	FUN_0004eb0e
00027388	0001cb8c	FUN_0001cb8c
00027388	0004aa6e	FUN_0004aa6e
00027388	00037604	FUN_00037604
00027388	0001814c	FUN_0001814c
00027388	00018114	FUN_00018114
00027388	0004cd1e	FUN_0004cd1e
000273f8	0004b9de	FUN_0004b9de
000273f8	0004037c	FUN_0004037c
000273f8	0004eb0e	FUN_0004eb0e
000273f8	0004e8b2	FUN_0004e8b2
000273f8	0004b288	FUN_0004b288
000273f8	00037604	FUN_00037604
000273f8	0004e8e6	FUN_0004e8e6
000273f8	0001814c	FUN_0001814c
000273f8	00018114	FUN_00018114
000273f8	0004ba5c	FUN_0004ba5c
000273f8	00021fe0	FUN_00021fe0
000273f8	0004aaf6	FUN_0004aaf6
000273f8	0004ea90	FUN_0004ea90
000273f8	0001cb8c	FUN_0001cb8c
000273f8	0004fe9c	FUN_0004fe9c
000273f8	0004dfd2	FUN_0004dfd2
00027508	0004eb0e	FUN_0004eb0e
00027508	0001cb8c	FUN_0001cb8c
00027508	00037604	FUN_00037604
00027508	00018114	FUN_00018114
0002753c	00017cf8	FUN_00017cf8
0002753c	0004eb0e	FUN_0004eb0e
0002753c	0001cb8c	FUN_0001cb8c
0002753c	00037604	FUN_00037604
0002753c	0001814c	FUN_0001814c
0002756c	0001ba58	FUN_0001ba58
0002756c	00017cf8	FUN_00017cf8
0002756c	0004eb0e	FUN_0004eb0e
0002756c	0001cb8c	FUN_0001cb8c
0002756c	00037604	FUN_00037604
0002756c	0001814c	FUN_0001814c
0002756c	00018114	FUN_00018114
0002756c	0004cd1e	FUN_0004cd1e
000275e4	0004eb0e	FUN_0004eb0e
000275e4	0001cb8c	FUN_0001cb8c
000275e4	00037604	FUN_00037604
000275e4	0001814c	FUN_0001814c
000275e4	00018114	FUN_00018114
0002761c	0004eb0e	FUN_0004eb0e
0002761c	0004e4b2	FUN_0004e4b2
0002761c	0001cb8c	FUN_0001cb8c
0002761c	00037604	FUN_00037604
0002761c	0001814c	FUN_0001814c
0002761c	00018114	FUN_00018114
00027664	0004eb0e	FUN_0004eb0e
00027664	0001cb8c	FUN_0001cb8c
00027664	00037604	FUN_00037604
00027664	00018114	FUN_00018114
00027690	0004eb0e	FUN_0004eb0e
00027690	0001cb8c	FUN_0001cb8c
00027690	00037604	FUN_00037604
00027690	00018114	FUN_00018114
000276c0	0004bc8c	FUN_0004bc8c
000276c0	0004e5a6	FUN_0004e5a6
000276c0	0004baf8	FUN_0004baf8
000276c0	0004c5e2	FUN_0004c5e2
000276c0	00047eec	FUN_00047eec
000276c0	0005152c	FUN_0005152c
000276c0	0004bd50	FUN_0004bd50
000276c0	00046698	FUN_00046698
000276c0	00046688	FUN_00046688
000276c0	0004bb1a	FUN_0004bb1a
000277f0	000375ec	FUN_000375ec
000278a8	0004b9de	FUN_0004b9de
000278a8	0001cb8c	FUN_0001cb8c
000278a8	0004aa6e	FUN_0004aa6e
000278a8	0001ae8c	FUN_0001ae8c
00027908	0004b9de	FUN_0004b9de
00027908	0004e00e	FUN_0004e00e
00027908	0001cb8c	FUN_0001cb8c
00027908	0001ae8c	FUN_0001ae8c
00027964	0004d40e	FUN_0004d40e
00027964	0003d9fe	FUN_0003d9fe
000279c2	000402d2	FUN_000402d2
000279dc	0004b9de	FUN_0004b9de
000279dc	0004cd84	FUN_0004cd84
000279dc	0004037c	FUN_0004037c
000279dc	0004675a	FUN_0004675a
000279dc	0004e8b2	FUN_0004e8b2
000279dc	00046756	FUN_00046756
000279dc	000466ae	FUN_000466ae
000279dc	00047298	FUN_00047298
000279dc	0004bc8c	FUN_0004bc8c
000279dc	0004ba5c	FUN_0004ba5c
000279dc	000471d8	FUN_000471d8
000279dc	0004e5a6	FUN_0004e5a6
000279dc	0004e4b2	FUN_0004e4b2
000279dc	00046700	FUN_00046700
000279dc	0001cb8c	FUN_0001cb8c
000279dc	00046688	FUN_00046688
00027c58	000375f8	FUN_000375f8
00027c58	0001046a	FUN_0001046a
00027c58	00058430	FUN_00058430
00027c58	00037604	FUN_00037604
00027c58	0001814c	FUN_0001814c
00027d24	000151a4	FUN_000151a4
00027d24	0001efd4	FUN_0001efd4
00027d24	0001049c	FUN_0001049c
00027d24	000153b4	FUN_000153b4
00027d24	0001f12c	FUN_0001f12c
00027d24	00016cb6	FUN_00016cb6
00027d24	0001f0e4	FUN_0001f0e4
00027dcc	00036b7c	FUN_00036b7c
00027dcc	00040314	FUN_00040314
00027dcc	0004a404	FUN_0004a404
00027dcc	000413fe	FUN_000413fe
00027dcc	0004137c	FUN_0004137c
00027ee0	00046bec	FUN_00046bec
00027ee0	00036b7c	FUN_00036b7c
00027ee0	0004a318	FUN_0004a318
00028040	00046688	FUN_00046688
00028040	00052aae	FUN_00052aae
00028040	00046756	FUN_00046756
00028068	00018170	FUN_00018170
00028098	000419fc	FUN_000419fc
00028098	000422d0	FUN_000422d0
00028098	0004193c	FUN_0004193c
00028098	00035fe2	FUN_00035fe2
00028100	00048288	FUN_00048288
00028100	0005051c	FUN_0005051c
00028100	00047eec	FUN_00047eec
00028100	0004c5ca	FUN_0004c5ca
00028100	0004eef4	FUN_0004eef4
00028100	0003ac70	FUN_0003ac70
0002824c	0004e00e	FUN_0004e00e
0002824c	0004eae2	FUN_0004eae2
0002824c	0004ea86	FUN_0004ea86
0002824c	0004ac0a	FUN_0004ac0a
0002824c	0004b128	FUN_0004b128
0002824c	00037604	FUN_00037604
0002824c	0004037c	FUN_0004037c
0002824c	0004b384	FUN_0004b384
0002824c	0004e84a	FUN_0004e84a
0002824c	0004e822	FUN_0004e822
0002824c	000375f8	FUN_000375f8
0002824c	0004e8dc	FUN_0004e8dc
0002824c	0003e808	FUN_0003e808
0002824c	0004e7c2	FUN_0004e7c2
0002824c	0004e8e6	FUN_0004e8e6
0002824c	00015a5c	FUN_00015a5c
0002824c	000499de	FUN_000499de
0002824c	0004e8b2	FUN_0004e8b2
0002824c	00048d88	FUN_00048d88
0002824c	0004ab24	FUN_0004ab24
0002840c	00047698	FUN_00047698
0002840c	00047d8e	FUN_00047d8e
0002840c	0004ea86	FUN_0004ea86
0002840c	0004ac0a	FUN_0004ac0a
0002840c	0004e980	FUN_0004e980
0002840c	0004b128	FUN_0004b128
0002840c	00037604	FUN_00037604
0002840c	0004e960	FUN_0004e960
0002840c	0004037c	FUN_0004037c
0002840c	0004b384	FUN_0004b384
0002840c	0004e84a	FUN_0004e84a
0002840c	0004e822	FUN_0004e822
0002840c	000375f8	FUN_000375f8
0002840c	0004e8dc	FUN_0004e8dc
0002840c	0003e808	FUN_0003e808
0002840c	0004e7c2	FUN_0004e7c2
0002840c	0004e8e6	FUN_0004e8e6
0002840c	00015a5c	FUN_00015a5c
0002840c	000499de	FUN_000499de
0002840c	0004e8b2	FUN_0004e8b2
0002840c	00048d88	FUN_00048d88
0002840c	0004ab24	FUN_0004ab24
000285d4	0004e00e	FUN_0004e00e
000285d4	0004e0f6	FUN_0004e0f6
000285d4	0003d476	FUN_0003d476
000285d4	0004b128	FUN_0004b128
000285d4	0004e894	FUN_0004e894
000285d4	00037604	FUN_00037604
000285d4	0004037c	FUN_0004037c
000285d4	0004b384	FUN_0004b384
000285d4	0004e84a	FUN_0004e84a
000285d4	0004e822	FUN_0004e822
000285d4	000375f8	FUN_000375f8
000285d4	0003cd40	FUN_0003cd40
000285d4	0004e874	FUN_0004e874
000285d4	0004ac28	FUN_0004ac28
000285d4	0004e7c2	FUN_0004e7c2
000285d4	0003d6d8	thunk_FUN_0003d6e0
000285d4	00015a5c	FUN_00015a5c
000285d4	0004e8b2	FUN_0004e8b2
000285d4	000499de	FUN_000499de
000285d4	00048d88	FUN_00048d88
000285d4	0003d7bc	FUN_0003d7bc
000285d4	0004ab24	FUN_0004ab24
00028700	0004e91a	FUN_0004e91a
00028700	0004e00e	FUN_0004e00e
00028700	00047698	FUN_00047698
00028700	0004eae2	FUN_0004eae2
00028700	0004ea60	FUN_0004ea60
00028700	00047d8e	FUN_00047d8e
00028700	0004b9de	FUN_0004b9de
00028700	0004e980	FUN_0004e980
00028700	0004e960	FUN_0004e960
00028700	0004037c	FUN_0004037c
00028700	0004b384	FUN_0004b384
00028700	0004e84a	FUN_0004e84a
00028700	0004e8dc	FUN_0004e8dc
00028700	0004ac28	FUN_0004ac28
00028700	0004e8e6	FUN_0004e8e6
00028700	0004aa6e	FUN_0004aa6e
00028700	0004e8b2	FUN_0004e8b2
00028700	0004ab24	FUN_0004ab24
000288a4	0004e00e	FUN_0004e00e
000288a4	0004ac0a	FUN_0004ac0a
000288a4	0004e980	FUN_0004e980
000288a4	0004a0b8	FUN_0004a0b8
000288a4	0004b128	FUN_0004b128
000288a4	00037604	FUN_00037604
000288a4	0004e960	FUN_0004e960
000288a4	0004b384	FUN_0004b384
000288a4	000375f8	FUN_000375f8
000288a4	0004e8dc	FUN_0004e8dc
000288a4	0004e906	FUN_0004e906
000288a4	0004e8e6	FUN_0004e8e6
000288a4	00015a5c	FUN_00015a5c
000288a4	0004e8b2	FUN_0004e8b2
000288a4	000499de	FUN_000499de
000288a4	00048d88	FUN_00048d88
000288a4	00047698	FUN_00047698
000288a4	00047d8e	FUN_00047d8e
000288a4	0004037c	FUN_0004037c
000288a4	0004e84a	FUN_0004e84a
000288a4	0004e822	FUN_0004e822
000288a4	0004a094	FUN_0004a094
000288a4	0004029c	FUN_0004029c
000288a4	0003e808	FUN_0003e808
000288a4	0004ac28	FUN_0004ac28
000288a4	0004e7c2	FUN_0004e7c2
000288a4	0004ab24	FUN_0004ab24
00028cb4	0004aaf6	FUN_0004aaf6
00028cb4	0004e00e	FUN_0004e00e
00028cb4	0004ac0a	FUN_0004ac0a
00028cb4	0004e980	FUN_0004e980
00028cb4	0004a0b8	FUN_0004a0b8
00028cb4	0004b128	FUN_0004b128
00028cb4	00049974	FUN_00049974
00028cb4	00037604	FUN_00037604
00028cb4	0004e960	FUN_0004e960
00028cb4	0004b384	FUN_0004b384
00028cb4	000375f8	FUN_000375f8
00028cb4	0004e8dc	FUN_0004e8dc
00028cb4	00021fe0	FUN_00021fe0
00028cb4	0004e8e6	FUN_0004e8e6
00028cb4	00015a5c	FUN_00015a5c
00028cb4	0004e8b2	FUN_0004e8b2
00028cb4	000499de	FUN_000499de
00028cb4	00048d88	FUN_00048d88
00028cb4	0004ea90	FUN_0004ea90
00028cb4	00047698	FUN_00047698
00028cb4	0004eae2	FUN_0004eae2
00028cb4	00047d8e	FUN_00047d8e
00028cb4	0004ea86	FUN_0004ea86
00028cb4	000498fc	FUN_000498fc
00028cb4	0004037c	FUN_0004037c
00028cb4	0004e84a	FUN_0004e84a
00028cb4	0004e822	FUN_0004e822
00028cb4	0004029c	FUN_0004029c
00028cb4	0003e808	FUN_0003e808
00028cb4	0004ac28	FUN_0004ac28
00028cb4	0004e7c2	FUN_0004e7c2
00028cb4	0004e0e6	FUN_0004e0e6
00028cb4	0004b288	FUN_0004b288
00028cb4	0004ab24	FUN_0004ab24
00029106	00046bec	FUN_00046bec
00029106	000454e8	FUN_000454e8
00029106	00045330	FUN_00045330
00029106	0004a318	FUN_0004a318
00029106	0003db28	FUN_0003db28
00029106	0004337c	FUN_0004337c
00029106	0003db4c	FUN_0003db4c
00029106	000452b4	FUN_000452b4
00029106	0004a57a	FUN_0004a57a
0002948c	0004337c	FUN_0004337c
0002948c	0004a57a	FUN_0004a57a
00029570	00042a98	FUN_00042a98
00029570	0004cb2e	FUN_0004cb2e
00029570	0004cb76	FUN_0004cb76
00029570	00046bd6	FUN_00046bd6
00029570	00042ec4	FUN_00042ec4
00029570	0003758e	FUN_0003758e
00029570	0004d0bc	FUN_0004d0bc
00029610	0004cf40	FUN_0004cf40
00029610	00041d52	FUN_00041d52
00029610	0004cb76	FUN_0004cb76
00029610	00046bd6	FUN_00046bd6
00029610	000491e8	FUN_000491e8
00029610	00041db4	FUN_00041db4
00029610	0003758e	FUN_0003758e
00029610	0003db4c	FUN_0003db4c
000296e4	000417d4	FUN_000417d4
000296e4	0004194c	FUN_0004194c
000296e4	000661e0	FUN_000661e0
000296e4	00040988	FUN_00040988
000296e4	00040acc	FUN_00040acc
000297a4	0003ddf0	FUN_0003ddf0
000297c0	0004e00e	FUN_0004e00e
000297c0	00047698	FUN_00047698
000297c0	00047d8e	FUN_00047d8e
000297c0	0004ac0a	FUN_0004ac0a
000297c0	00049974	FUN_00049974
000297c0	0004b128	FUN_0004b128
000297c0	0004037c	FUN_0004037c
000297c0	0004b384	FUN_0004b384
000297c0	0004e84a	FUN_0004e84a
000297c0	0004e8dc	FUN_0004e8dc
000297c0	0003e808	FUN_0003e808
000297c0	0004eab0	FUN_0004eab0
000297c0	0004029c	FUN_0004029c
000297c0	0004ac28	FUN_0004ac28
000297c0	0004e8e6	FUN_0004e8e6
000297c0	0004e8b2	FUN_0004e8b2
000297c0	0004aa6e	FUN_0004aa6e
000297c0	00048d88	FUN_00048d88
000297c0	0004ab24	FUN_0004ab24
000297c0	0004ea90	FUN_0004ea90
00029dec	0004e00e	FUN_0004e00e
00029dec	0004ac0a	FUN_0004ac0a
00029dec	00049974	FUN_00049974
00029dec	0004b128	FUN_0004b128
00029dec	00037604	FUN_00037604
00029dec	0004b384	FUN_0004b384
00029dec	000375f8	FUN_000375f8
00029dec	0004e8dc	FUN_0004e8dc
00029dec	000507e6	FUN_000507e6
00029dec	0004eab0	FUN_0004eab0
00029dec	0004e8e6	FUN_0004e8e6
00029dec	0004e8b2	FUN_0004e8b2
00029dec	000499de	FUN_000499de
00029dec	0004aa6e	FUN_0004aa6e
00029dec	00048d88	FUN_00048d88
00029dec	0004ea90	FUN_0004ea90
00029dec	0004ea60	FUN_0004ea60
00029dec	0004eae2	FUN_0004eae2
00029dec	00047698	FUN_00047698
00029dec	00047d8e	FUN_00047d8e
00029dec	0004ea86	FUN_0004ea86
00029dec	0005075c	FUN_0005075c
00029dec	0004037c	FUN_0004037c
00029dec	0004e84a	FUN_0004e84a
00029dec	0004e822	FUN_0004e822
00029dec	000505d0	FUN_000505d0
00029dec	0004eaba	FUN_0004eaba
00029dec	0004029c	FUN_0004029c
00029dec	000297c0	FUN_000297c0
00029dec	0003e808	FUN_0003e808
00029dec	0004ac28	FUN_0004ac28
00029dec	0004e7c2	FUN_0004e7c2
00029dec	00050714	FUN_00050714
00029dec	0004059e	FUN_0004059e
00029dec	00030508	FUN_00030508
00029dec	0004ab24	FUN_0004ab24
00029dec	000507ca	FUN_000507ca
0002a13c	0004e00e	FUN_0004e00e
0002a13c	0004ac0a	FUN_0004ac0a
0002a13c	0004a0b8	FUN_0004a0b8
0002a13c	00037604	FUN_00037604
0002a13c	0004037c	FUN_0004037c
0002a13c	0004b384	FUN_0004b384
0002a13c	0004e84a	FUN_0004e84a
0002a13c	0004e822	FUN_0004e822
0002a13c	0004a094	FUN_0004a094
0002a13c	000375f8	FUN_000375f8
0002a13c	0004e8dc	FUN_0004e8dc
0002a13c	00020000	FUN_00020000
0002a13c	0004e906	FUN_0004e906
0002a13c	0004e7c2	FUN_0004e7c2
0002a13c	0004e8b2	FUN_0004e8b2
0002a13c	0004aa6e	FUN_0004aa6e
0002a13c	0004ab24	FUN_0004ab24
0002a254	0004e00e	FUN_0004e00e
0002a254	0004ac0a	FUN_0004ac0a
0002a254	0004b9de	FUN_0004b9de
0002a254	00049974	FUN_00049974
0002a254	0004b128	FUN_0004b128
0002a254	0004ea28	FUN_0004ea28
0002a254	00037604	FUN_00037604
0002a254	0004b384	FUN_0004b384
0002a254	000375f8	FUN_000375f8
0002a254	0004e8dc	FUN_0004e8dc
0002a254	0004eab0	FUN_0004eab0
0002a254	0004e8e6	FUN_0004e8e6
0002a254	00015a5c	FUN_00015a5c
0002a254	0004e8b2	FUN_0004e8b2
0002a254	000499de	FUN_000499de
0002a254	0004aa6e	FUN_0004aa6e
0002a254	00048d88	FUN_00048d88
0002a254	0004eae2	FUN_0004eae2
0002a254	0004ea86	FUN_0004ea86
0002a254	0004037c	FUN_0004037c
0002a254	00028700	FUN_00028700
0002a254	0004e84a	FUN_0004e84a
0002a254	0004e822	FUN_0004e822
0002a254	0004029c	FUN_0004029c
0002a254	0003e808	FUN_0003e808
0002a254	0004ac28	FUN_0004ac28
0002a254	0004e7c2	FUN_0004e7c2
0002a254	0004ea3c	FUN_0004ea3c
0002a254	0004ab24	FUN_0004ab24
0002a998	0004e00e	FUN_0004e00e
0002a998	0004ac0a	FUN_0004ac0a
0002a998	0004a040	FUN_0004a040
0002a998	0004a0b8	FUN_0004a0b8
0002a998	00037604	FUN_00037604
0002a998	0004b384	FUN_0004b384
0002a998	0004e84a	FUN_0004e84a
0002a998	0004e822	FUN_0004e822
0002a998	000375f8	FUN_000375f8
0002a998	0004e8dc	FUN_0004e8dc
0002a998	00020000	FUN_00020000
0002a998	0004e906	FUN_0004e906
0002a998	0004e7c2	FUN_0004e7c2
0002a998	0004ab24	FUN_0004ab24
0002aa74	0004e00e	FUN_0004e00e
0002aa74	0004b9de	FUN_0004b9de
0002aa74	0004ac0a	FUN_0004ac0a
0002aa74	0004a0b8	FUN_0004a0b8
0002aa74	0004e980	FUN_0004e980
0002aa74	0004b128	FUN_0004b128
0002aa74	00049974	FUN_00049974
0002aa74	00010a20	FUN_00010a20
0002aa74	00037604	FUN_00037604
0002aa74	00010920	FUN_00010920
0002aa74	0004e960	FUN_0004e960
0002aa74	0004ba5c	FUN_0004ba5c
0002aa74	0004b384	FUN_0004b384
0002aa74	000375f8	FUN_000375f8
0002aa74	0004e8dc	FUN_0004e8dc
0002aa74	0004e906	FUN_0004e906
0002aa74	0002a13c	FUN_0002a13c
0002aa74	0004e8e6	FUN_0004e8e6
0002aa74	00015a5c	FUN_00015a5c
0002aa74	0004e8b2	FUN_0004e8b2
0002aa74	000499de	FUN_000499de
0002aa74	0004aa6e	FUN_0004aa6e
0002aa74	0002b350	FUN_0002b350
0002aa74	0002a254	FUN_0002a254
0002aa74	00048d88	FUN_00048d88
0002aa74	0002c8c0	FUN_0002c8c0
0002aa74	00047698	FUN_00047698
0002aa74	00047d8e	FUN_00047d8e
0002aa74	0004037c	FUN_0004037c
0002aa74	00028700	FUN_00028700
0002aa74	0004aa4c	FUN_0004aa4c
0002aa74	0002b5e0	FUN_0002b5e0
0002aa74	0004e84a	FUN_0004e84a
0002aa74	0004e822	FUN_0004e822
0002aa74	0004a094	FUN_0004a094
0002aa74	0004029c	FUN_0004029c
0002aa74	0003e808	FUN_0003e808
0002aa74	0002b448	FUN_0002b448
0002aa74	0004e7c2	FUN_0004e7c2
0002aa74	0004b288	FUN_0004b288
0002aa74	0004ab24	FUN_0004ab24
0002b108	0004e00e	FUN_0004e00e
0002b108	0004ac0a	FUN_0004ac0a
0002b108	0004e980	FUN_0004e980
0002b108	0004eac4	FUN_0004eac4
0002b108	0004b128	FUN_0004b128
0002b108	0004ea6a	FUN_0004ea6a
0002b108	0004e960	FUN_0004e960
0002b108	0004b384	FUN_0004b384
0002b108	0003f5c0	FUN_0003f5c0
0002b108	0004e8dc	FUN_0004e8dc
0002b108	0004e8e6	FUN_0004e8e6
0002b108	0003f98e	FUN_0003f98e
0002b108	0004e8b2	FUN_0004e8b2
0002b108	0004aa6e	FUN_0004aa6e
0002b108	000499de	FUN_000499de
0002b108	00048d88	FUN_00048d88
0002b108	0003f9d4	FUN_0003f9d4
0002b108	00047698	FUN_00047698
0002b108	00047d8e	FUN_00047d8e
0002b108	0003fa48	FUN_0003fa48
0002b108	0004037c	FUN_0004037c
0002b108	0004e84a	FUN_0004e84a
0002b108	0004e822	FUN_0004e822
0002b108	0003e808	FUN_0003e808
0002b108	0004ac28	FUN_0004ac28
0002b108	0004ab24	FUN_0004ab24
0002b350	0004e00e	FUN_0004e00e
0002b350	0004ac0a	FUN_0004ac0a
0002b350	0004a0b8	FUN_0004a0b8
0002b350	00037604	FUN_00037604
0002b350	0004037c	FUN_0004037c
0002b350	0004b384	FUN_0004b384
0002b350	0004e84a	FUN_0004e84a
0002b350	0004e822	FUN_0004e822
0002b350	0004a094	FUN_0004a094
0002b350	000375f8	FUN_000375f8
0002b350	0004e8dc	FUN_0004e8dc
0002b350	0004e906	FUN_0004e906
0002b350	0004e7c2	FUN_0004e7c2
0002b350	0004e8b2	FUN_0004e8b2
0002b350	0004aa6e	FUN_0004aa6e
0002b350	0004ab24	FUN_0004ab24
0002b448	0004e00e	FUN_0004e00e
0002b448	00047698	FUN_00047698
0002b448	00047d8e	FUN_00047d8e
0002b448	0004ac0a	FUN_0004ac0a
0002b448	0004a0b8	FUN_0004a0b8
0002b448	00010a20	FUN_00010a20
0002b448	00037604	FUN_00037604
0002b448	00010920	FUN_00010920
0002b448	0004037c	FUN_0004037c
0002b448	0004b384	FUN_0004b384
0002b448	0004e84a	FUN_0004e84a
0002b448	0004e822	FUN_0004e822
0002b448	0004a094	FUN_0004a094
0002b448	000375f8	FUN_000375f8
0002b448	0004e8dc	FUN_0004e8dc
0002b448	00020000	FUN_00020000
0002b448	0004e906	FUN_0004e906
0002b448	0004e7c2	FUN_0004e7c2
0002b448	0004e8b2	FUN_0004e8b2
0002b448	0004aa6e	FUN_0004aa6e
0002b448	0004ab24	FUN_0004ab24
0002b5e0	0004e00e	FUN_0004e00e
0002b5e0	0004ac0a	FUN_0004ac0a
0002b5e0	0004a0b8	FUN_0004a0b8
0002b5e0	00010a20	FUN_00010a20
0002b5e0	00037604	FUN_00037604
0002b5e0	00010920	FUN_00010920
0002b5e0	0004037c	FUN_0004037c
0002b5e0	0004b384	FUN_0004b384
0002b5e0	0004e84a	FUN_0004e84a
0002b5e0	0004e822	FUN_0004e822
0002b5e0	0004a094	FUN_0004a094
0002b5e0	000375f8	FUN_000375f8
0002b5e0	0004e8dc	FUN_0004e8dc
0002b5e0	00020000	FUN_00020000
0002b5e0	0004e906	FUN_0004e906
0002b5e0	0004e7c2	FUN_0004e7c2
0002b5e0	0004e8b2	FUN_0004e8b2
0002b5e0	0004aa6e	FUN_0004aa6e
0002b5e0	0004ab24	FUN_0004ab24
0002b818	00042a98	FUN_00042a98
0002b818	0004cbe4	FUN_0004cbe4
0002b818	00042462	FUN_00042462
0002b818	0004a23c	FUN_0004a23c
0002b818	0004a14a	FUN_0004a14a
0002b818	0003f77c	FUN_0003f77c
0002b818	0004a404	FUN_0004a404
0002b818	000423a0	FUN_000423a0
0002b818	0004a144	FUN_0004a144
0002b818	0004cff4	FUN_0004cff4
0002b818	00042ec4	FUN_00042ec4
0002b818	0003db4c	FUN_0003db4c
0002b818	0004d0bc	FUN_0004d0bc
0002ba24	0004b384	FUN_0004b384
0002ba24	0004e84a	FUN_0004e84a
0002ba24	0004e822	FUN_0004e822
0002ba24	000375f8	FUN_000375f8
0002ba24	0004e8dc	FUN_0004e8dc
0002ba24	0004ac0a	FUN_0004ac0a
0002ba24	0004e7c2	FUN_0004e7c2
0002ba24	0004b128	FUN_0004b128
0002ba24	00049974	FUN_00049974
0002ba24	00048d88	FUN_00048d88
0002ba24	00037604	FUN_00037604
0002ba24	0004ab24	FUN_0004ab24
0002baf0	0004c858	FUN_0004c858
0002baf0	0004c696	FUN_0004c696
0002baf0	0004bb1a	FUN_0004bb1a
0002baf0	0004c924	FUN_0004c924
0002baf0	000423a0	FUN_000423a0
0002baf0	0004cff4	FUN_0004cff4
0002baf0	0004baf8	FUN_0004baf8
0002baf0	0003db4c	FUN_0003db4c
0002baf0	0004c8f4	FUN_0004c8f4
0002baf0	0004bf14	FUN_0004bf14
0002baf0	0004bd90	FUN_0004bd90
0002baf0	00042462	FUN_00042462
0002bcf8	0004e00e	FUN_0004e00e
0002bcf8	00047698	FUN_00047698
0002bcf8	0004f078	FUN_0004f078
0002bcf8	00047d8e	FUN_00047d8e
0002bcf8	0004ac0a	FUN_0004ac0a
0002bcf8	0004e980	FUN_0004e980
0002bcf8	00049974	FUN_00049974
0002bcf8	0004e960	FUN_0004e960
0002bcf8	0004037c	FUN_0004037c
0002bcf8	0004b384	FUN_0004b384
0002bcf8	0004e84a	FUN_0004e84a
0002bcf8	0004eab0	FUN_0004eab0
0002bcf8	0004029c	FUN_0004029c
0002bcf8	0004ac28	FUN_0004ac28
0002bcf8	000499de	FUN_000499de
0002bcf8	0004e8b2	FUN_0004e8b2
0002bcf8	0004aa6e	FUN_0004aa6e
0002bcf8	00048d88	FUN_00048d88
0002bcf8	0004ab24	FUN_0004ab24
0002bcf8	0004ea90	FUN_0004ea90
0002be54	00035774	FUN_00035774
0002be54	0004ac0a	FUN_0004ac0a
0002be54	0004e9f0	FUN_0004e9f0
0002be54	00049974	FUN_00049974
0002be54	0004037c	FUN_0004037c
0002be54	0004b384	FUN_0004b384
0002be54	0004e84a	FUN_0004e84a
0002be54	0004e8dc	FUN_0004e8dc
0002be54	0002bcf8	FUN_0002bcf8
0002be54	0004e7c2	FUN_0004e7c2
0002be54	0004e8b2	FUN_0004e8b2
0002be54	0004aa6e	FUN_0004aa6e
0002be54	000499de	FUN_000499de
0002be54	00048d88	FUN_00048d88
0002be54	0004ab24	FUN_0004ab24
0002bfc4	0004673a	FUN_0004673a
0002bfc4	0003db8c	FUN_0003db8c
0002bfc4	00041d52	FUN_00041d52
0002bfc4	00046698	FUN_00046698
0002bfc4	0003ddf0	FUN_0003ddf0
0002bfc4	0004bbec	FUN_0004bbec
0002bfc4	00041db4	FUN_00041db4
0002bfc4	0004747e	FUN_0004747e
0002bfc4	0004cf40	FUN_0004cf40
0002bfc4	00046718	FUN_00046718
0002bfc4	0004ccf8	FUN_0004ccf8
0002bfc4	00046688	FUN_00046688
0002bfc4	00041b74	FUN_00041b74
0002bfc4	0004c924	FUN_0004c924
0002bfc4	0004ce8c	FUN_0004ce8c
0002bfc4	00041acc	FUN_00041acc
0002bfc4	0004035a	FUN_0004035a
0002bfc4	00047af8	FUN_00047af8
0002bfc4	0003db4c	FUN_0003db4c
0002bfc4	0003ddd6	FUN_0003ddd6
0002bfc4	0003d7de	FUN_0003d7de
0002c234	0004e5a6	FUN_0004e5a6
0002c234	00042a98	FUN_00042a98
0002c234	0004c8e8	FUN_0004c8e8
0002c234	0004c7ec	FUN_0004c7ec
0002c234	0003db8c	FUN_0003db8c
0002c234	0004233c	FUN_0004233c
0002c234	0004bb3c	FUN_0004bb3c
0002c234	0004c84c	FUN_0004c84c
0002c234	0003d9c8	FUN_0003d9c8
0002c234	00046698	FUN_00046698
0002c234	000429dc	FUN_000429dc
0002c234	0003e1fc	FUN_0003e1fc
0002c234	0004c894	FUN_0004c894
0002c234	00046718	FUN_00046718
0002c234	00042a4c	FUN_00042a4c
0002c234	0003db32	FUN_0003db32
0002c234	00041b74	FUN_00041b74
0002c234	0004c924	FUN_0004c924
0002c234	0003db28	FUN_0003db28
0002c234	0003db0a	FUN_0003db0a
0002c234	00042244	FUN_00042244
0002c234	00042ec4	FUN_00042ec4
0002c234	0001046a	FUN_0001046a
0002c234	0004d0bc	FUN_0004d0bc
0002c688	00042a98	FUN_00042a98
0002c688	00046698	FUN_00046698
0002c688	00050532	thunk_FUN_0003e1fc
0002c688	0004bbec	FUN_0004bbec
0002c688	00046718	FUN_00046718
0002c688	0004ccf8	FUN_0004ccf8
0002c688	000587b0	FUN_000587b0
0002c688	0005051c	FUN_0005051c
0002c688	0004c5ca	FUN_0004c5ca
0002c688	0003ac70	FUN_0003ac70
0002c688	0004a404	FUN_0004a404
0002c688	00042ec4	FUN_00042ec4
0002c688	0003d9ec	FUN_0003d9ec
0002c688	0004d0bc	FUN_0004d0bc
0002c7a8	0004cf40	FUN_0004cf40
0002c7a8	00046718	FUN_00046718
0002c7a8	0004bc8c	FUN_0004bc8c
0002c7a8	00041d52	FUN_00041d52
0002c7a8	00046698	FUN_00046698
0002c7a8	000491e8	FUN_000491e8
0002c7a8	00041db4	FUN_00041db4
0002c7a8	0003db4c	FUN_0003db4c
0002c7a8	00037b16	FUN_00037b16
0002c8c0	0004e00e	FUN_0004e00e
0002c8c0	0004ac0a	FUN_0004ac0a
0002c8c0	0004e980	FUN_0004e980
0002c8c0	0004a0b8	FUN_0004a0b8
0002c8c0	0004b128	FUN_0004b128
0002c8c0	00037604	FUN_00037604
0002c8c0	0004e960	FUN_0004e960
0002c8c0	0004b384	FUN_0004b384
0002c8c0	000375f8	FUN_000375f8
0002c8c0	0004e8dc	FUN_0004e8dc
0002c8c0	0004e906	FUN_0004e906
0002c8c0	0004e8e6	FUN_0004e8e6
0002c8c0	00015a5c	FUN_00015a5c
0002c8c0	0004e8b2	FUN_0004e8b2
0002c8c0	000499de	FUN_000499de
0002c8c0	00048d88	FUN_00048d88
0002c8c0	00047698	FUN_00047698
0002c8c0	00047d8e	FUN_00047d8e
0002c8c0	0004ea86	FUN_0004ea86
0002c8c0	0004037c	FUN_0004037c
0002c8c0	0004e84a	FUN_0004e84a
0002c8c0	0004e822	FUN_0004e822
0002c8c0	0004a094	FUN_0004a094
0002c8c0	0004029c	FUN_0004029c
0002c8c0	0003e808	FUN_0003e808
0002c8c0	0004e7c2	FUN_0004e7c2
0002c8c0	0004ab24	FUN_0004ab24
0002cb6c	0004173e	FUN_0004173e
0002cb6c	00046bda	FUN_00046bda
0002cb6c	00046a36	FUN_00046a36
0002cb6c	00046a2c	FUN_00046a2c
0002cb6c	00051b26	FUN_00051b26
0002cb6c	0003dc3a	FUN_0003dc3a
0002cb6c	000413fe	FUN_000413fe
0002cb6c	0004137c	FUN_0004137c
0002cc78	00041086	FUN_00041086
0002cc78	000440c4	FUN_000440c4
0002cc78	00041788	FUN_00041788
0002cc78	0003db28	FUN_0003db28
0002cc78	0004337c	FUN_0004337c
0002cc78	00044bbc	FUN_00044bbc
0002cc78	0004a57a	FUN_0004a57a
0002cd3c	00046bec	FUN_00046bec
0002cd3c	0004a318	FUN_0004a318
0002cd3c	0003db28	FUN_0003db28
0002cd3c	0004337c	FUN_0004337c
0002cd3c	0004a5fa	FUN_0004a5fa
0002cd3c	0003db4c	FUN_0003db4c
0002cd3c	0004a57a	FUN_0004a57a
0002ce94	000408b0	FUN_000408b0
0002ce94	0004a5fa	FUN_0004a5fa
0002ce94	000452b4	FUN_000452b4
0002ce94	0004f24c	FUN_0004f24c
0002ce94	0004a57a	FUN_0004a57a
0002ce94	00046bec	FUN_00046bec
0002ce94	00045330	FUN_00045330
0002ce94	0004f604	FUN_0004f604
0002ce94	0001049c	FUN_0001049c
0002ce94	0004a318	FUN_0004a318
0002ce94	0003db28	FUN_0003db28
0002ce94	0003db14	FUN_0003db14
0002ce94	000453c0	FUN_000453c0
0002ce94	0004337c	FUN_0004337c
0002ce94	0003db4c	FUN_0003db4c
0002d188	00046bec	FUN_00046bec
0002d188	0004a318	FUN_0004a318
0002d188	0003db28	FUN_0003db28
0002d188	0004337c	FUN_0004337c
0002d188	0004a5fa	FUN_0004a5fa
0002d188	0003db4c	FUN_0003db4c
0002d188	0004a57a	FUN_0004a57a
0002d2ce	00029610	FUN_00029610
0002d2ce	00046718	FUN_00046718
0002d2ce	00029570	FUN_00029570
0002d2ce	00046698	FUN_00046698
0002d2ce	0003db4c	FUN_0003db4c
0002d378	00042a98	FUN_00042a98
0002d378	0004c89a	FUN_0004c89a
0002d378	00041d52	FUN_00041d52
0002d378	0004bb3c	FUN_0004bb3c
0002d378	00046698	FUN_00046698
0002d378	00041db4	FUN_00041db4
0002d378	0004cf40	FUN_0004cf40
0002d378	00046718	FUN_00046718
0002d378	0004c7f2	FUN_0004c7f2
0002d378	0004c8ee	FUN_0004c8ee
0002d378	00050a14	thunk_FUN_00050a1a
0002d378	00051970	FUN_00051970
0002d378	0003db28	FUN_0003db28
0002d378	0004a404	FUN_0004a404
0002d378	0003db0a	FUN_0003db0a
0002d378	00042ec4	FUN_00042ec4
0002d378	0003d9da	FUN_0003d9da
0002d378	0004c852	FUN_0004c852
0002d378	0004d0bc	FUN_0004d0bc
0002d842	000375a2	FUN_000375a2
0002d842	0004eb66	FUN_0004eb66
0002d842	00041d52	FUN_00041d52
0002d842	00046698	FUN_00046698
0002d842	00046b72	FUN_00046b72
0002d842	00041db4	FUN_00041db4
0002d842	0004bf14	FUN_0004bf14
0002d842	0004cf40	FUN_0004cf40
0002d842	00046718	FUN_00046718
0002d842	0004bab4	FUN_0004bab4
0002d842	0004c924	FUN_0004c924
0002d842	00051970	FUN_00051970
0002d842	0003db28	FUN_0003db28
0002d842	0003db0a	FUN_0003db0a
0002d842	00046bd6	FUN_00046bd6
0002d842	0003db4c	FUN_0003db4c
0002d842	0003ddd6	FUN_0003ddd6
0002da78	00042a98	FUN_00042a98
0002da78	00041d52	FUN_00041d52
0002da78	0004c6a2	FUN_0004c6a2
0002da78	0004cb3a	FUN_0004cb3a
0002da78	00046698	FUN_00046698
0002da78	000491e8	FUN_000491e8
0002da78	0004bbec	FUN_0004bbec
0002da78	00041db4	FUN_00041db4
0002da78	0004cf40	FUN_0004cf40
0002da78	00046718	FUN_00046718
0002da78	0004ccf8	FUN_0004ccf8
0002da78	00046688	FUN_00046688
0002da78	00051970	FUN_00051970
0002da78	0004c924	FUN_0004c924
0002da78	0003759c	FUN_0003759c
0002da78	00042ec4	FUN_00042ec4
0002da78	0003db4c	FUN_0003db4c
0002da78	00037b16	FUN_00037b16
0002da78	0004d0bc	FUN_0004d0bc
0002dc02	00042a98	FUN_00042a98
0002dc02	00046698	FUN_00046698
0002dc02	0004c8b2	FUN_0004c8b2
0002dc02	0004bbec	FUN_0004bbec
0002dc02	00046718	FUN_00046718
0002dc02	0004c584	FUN_0004c584
0002dc02	0004bab4	FUN_0004bab4
0002dc02	0004c80a	FUN_0004c80a
0002dc02	0004c924	FUN_0004c924
0002dc02	0003db28	FUN_0003db28
0002dc02	0004c90c	FUN_0004c90c
0002dc02	0004c870	FUN_0004c870
0002dc02	00042ec4	FUN_00042ec4
0002dc02	0004d0bc	FUN_0004d0bc
0002dd0e	0004c5d6	FUN_0004c5d6
0002dd0e	00042a98	FUN_00042a98
0002dd0e	00041d52	FUN_00041d52
0002dd0e	0004c810	FUN_0004c810
0002dd0e	0004c876	FUN_0004c876
0002dd0e	00046698	FUN_00046698
0002dd0e	0004bf2c	FUN_0004bf2c
0002dd0e	0004c8b8	FUN_0004c8b8
0002dd0e	00041db4	FUN_00041db4
0002dd0e	0004cf40	FUN_0004cf40
0002dd0e	00046718	FUN_00046718
0002dd0e	0004c912	FUN_0004c912
0002dd0e	0004c924	FUN_0004c924
0002dd0e	0004bf20	FUN_0004bf20
0002dd0e	00051970	FUN_00051970
0002dd0e	0003db28	FUN_0003db28
0002dd0e	0004a404	FUN_0004a404
0002dd0e	00042ec4	FUN_00042ec4
0002dd0e	0003db4c	FUN_0003db4c
0002dd0e	0004d0bc	FUN_0004d0bc
0002e158	00032454	FUN_00032454
0002e158	0004e00e	FUN_0004e00e
0002e158	00049a70	FUN_00049a70
0002e158	0002aa74	FUN_0002aa74
0002e158	000285d4	FUN_000285d4
0002e158	00037604	FUN_00037604
0002e158	0002f6e4	FUN_0002f6e4
0002e158	0004b384	FUN_0004b384
0002e158	000375f8	FUN_000375f8
0002e158	0004e8dc	FUN_0004e8dc
0002e158	000358d8	FUN_000358d8
0002e158	000301e8	FUN_000301e8
0002e158	000351c4	FUN_000351c4
0002e158	0004e8b2	FUN_0004e8b2
0002e158	0004aa6e	FUN_0004aa6e
0002e158	0003030c	FUN_0003030c
0002e158	00033538	FUN_00033538
0002e158	0002ec4c	FUN_0002ec4c
0002e158	0004e84a	FUN_0004e84a
0002e158	0004e822	FUN_0004e822
0002e158	00030e8c	FUN_00030e8c
0002e158	00034bf0	FUN_00034bf0
0002e158	0004029c	FUN_0004029c
0002e158	00052740	FUN_00052740
0002e158	0004e7c2	FUN_0004e7c2
0002e158	000288a4	FUN_000288a4
0002e158	0002840c	FUN_0002840c
0002e158	000527d4	FUN_000527d4
0002e158	0004ab24	FUN_0004ab24
0002e3a4	0004aaf6	FUN_0004aaf6
0002e3a4	0004ac0a	FUN_0004ac0a
0002e3a4	0004b9de	FUN_0004b9de
0002e3a4	0004e980	FUN_0004e980
0002e3a4	00049974	FUN_00049974
0002e3a4	0004b128	FUN_0004b128
0002e3a4	0004e960	FUN_0004e960
0002e3a4	0004b384	FUN_0004b384
0002e3a4	0004eab0	FUN_0004eab0
0002e3a4	0004e8e6	FUN_0004e8e6
0002e3a4	00015a5c	FUN_00015a5c
0002e3a4	000499de	FUN_000499de
0002e3a4	0004aa6e	FUN_0004aa6e
0002e3a4	0004e8b2	FUN_0004e8b2
0002e3a4	00048d88	FUN_00048d88
0002e3a4	0004ea46	FUN_0004ea46
0002e3a4	0004ea90	FUN_0004ea90
0002e3a4	00047698	FUN_00047698
0002e3a4	0004eae2	FUN_0004eae2
0002e3a4	00047d8e	FUN_00047d8e
0002e3a4	0004ea86	FUN_0004ea86
0002e3a4	0004037c	FUN_0004037c
0002e3a4	00028700	FUN_00028700
0002e3a4	0004e84a	FUN_0004e84a
0002e3a4	0003e808	FUN_0003e808
0002e3a4	0004ac28	FUN_0004ac28
0002e3a4	0004e7c2	FUN_0004e7c2
0002e3a4	0004e0e6	FUN_0004e0e6
0002e3a4	0004ab24	FUN_0004ab24
0002e960	0004e00e	FUN_0004e00e
0002e960	0004ac0a	FUN_0004ac0a
0002e960	0004a040	FUN_0004a040
0002e960	0004a0b8	FUN_0004a0b8
0002e960	00037604	FUN_00037604
0002e960	0004b384	FUN_0004b384
0002e960	0004e84a	FUN_0004e84a
0002e960	0004e822	FUN_0004e822
0002e960	000375f8	FUN_000375f8
0002e960	0004e8dc	FUN_0004e8dc
0002e960	00020000	FUN_00020000
0002e960	0004e906	FUN_0004e906
0002e960	0004e7c2	FUN_0004e7c2
0002e960	00015a5c	FUN_00015a5c
0002e960	0004ab24	FUN_0004ab24
0002ea48	0004eae2	FUN_0004eae2
0002ea48	0004ea86	FUN_0004ea86
0002ea48	0004ac0a	FUN_0004ac0a
0002ea48	00049974	FUN_00049974
0002ea48	0004037c	FUN_0004037c
0002ea48	0004e84a	FUN_0004e84a
0002ea48	0004ac28	FUN_0004ac28
0002ea48	0004ea32	FUN_0004ea32
0002ea48	0004e7c2	FUN_0004e7c2
0002ea48	0004e8b2	FUN_0004e8b2
0002ea48	000499de	FUN_000499de
0002ea48	00048d88	FUN_00048d88
0002ea48	0004ea3c	FUN_0004ea3c
0002ea48	0004ab24	FUN_0004ab24
0002ec4c	0004ac0a	FUN_0004ac0a
0002ec4c	00037604	FUN_00037604
0002ec4c	0004037c	FUN_0004037c
0002ec4c	0004b384	FUN_0004b384
0002ec4c	0004e84a	FUN_0004e84a
0002ec4c	0004e822	FUN_0004e822
0002ec4c	000375f8	FUN_000375f8
0002ec4c	0004eab0	FUN_0004eab0
0002ec4c	0004e7c2	FUN_0004e7c2
0002ec4c	0004e8b2	FUN_0004e8b2
0002ec4c	000499de	FUN_000499de
0002ec4c	00048d88	FUN_00048d88
0002ec4c	0004ab24	FUN_0004ab24
0002ec4c	0004ea90	FUN_0004ea90
0002ed60	00047698	FUN_00047698
0002ed60	0004ea60	FUN_0004ea60
0002ed60	00047d8e	FUN_00047d8e
0002ed60	0004ea86	FUN_0004ea86
0002ed60	0004ac0a	FUN_0004ac0a
0002ed60	00037604	FUN_00037604
0002ed60	0004037c	FUN_0004037c
0002ed60	0004b384	FUN_0004b384
0002ed60	0004e84a	FUN_0004e84a
0002ed60	000375f8	FUN_000375f8
0002ed60	0004e8dc	FUN_0004e8dc
0002ed60	0004029c	FUN_0004029c
0002ed60	0004eab0	FUN_0004eab0
0002ed60	0004ac28	FUN_0004ac28
0002ed60	0004e8e6	FUN_0004e8e6
0002ed60	0004e8b2	FUN_0004e8b2
0002ed60	000499de	FUN_000499de
0002ed60	0004aa6e	FUN_0004aa6e
0002ed60	00048d88	FUN_00048d88
0002ed60	0004ea3c	FUN_0004ea3c
0002ed60	0004ab24	FUN_0004ab24
0002ed60	0004ea90	FUN_0004ea90
0002f0f4	0004eae2	FUN_0004eae2
0002f0f4	0004ea86	FUN_0004ea86
0002f0f4	0004ac0a	FUN_0004ac0a
0002f0f4	0004b9de	FUN_0004b9de
0002f0f4	00049974	FUN_00049974
0002f0f4	0004037c	FUN_0004037c
0002f0f4	0004ba5c	FUN_0004ba5c
0002f0f4	0004aa4c	FUN_0004aa4c
0002f0f4	0004a094	FUN_0004a094
0002f0f4	0004e8e6	FUN_0004e8e6
0002f0f4	0004e8b2	FUN_0004e8b2
0002f0f4	000499de	FUN_000499de
0002f0f4	0004aa6e	FUN_0004aa6e
0002f0f4	00048d88	FUN_00048d88
0002f0f4	0004b288	FUN_0004b288
0002f0f4	0004ab24	FUN_0004ab24
0002f3a0	0004eae2	FUN_0004eae2
0002f3a0	0004ea86	FUN_0004ea86
0002f3a0	0004ac0a	FUN_0004ac0a
0002f3a0	0004b9de	FUN_0004b9de
0002f3a0	0004037c	FUN_0004037c
0002f3a0	0004ba5c	FUN_0004ba5c
0002f3a0	0004aa4c	FUN_0004aa4c
0002f3a0	0004a094	FUN_0004a094
0002f3a0	000499de	FUN_000499de
0002f3a0	0004aa6e	FUN_0004aa6e
0002f3a0	0004e8b2	FUN_0004e8b2
0002f3a0	00048d88	FUN_00048d88
0002f3a0	0001046a	FUN_0001046a
0002f3a0	0004b288	FUN_0004b288
0002f3a0	0004ab24	FUN_0004ab24
0002f3a0	0004ea90	FUN_0004ea90
0002f4ec	0004e00e	FUN_0004e00e
0002f4ec	0004ac0a	FUN_0004ac0a
0002f4ec	0004e980	FUN_0004e980
0002f4ec	0004a0b8	FUN_0004a0b8
0002f4ec	0004b128	FUN_0004b128
0002f4ec	00037604	FUN_00037604
0002f4ec	0004e960	FUN_0004e960
0002f4ec	0004b384	FUN_0004b384
0002f4ec	000375f8	FUN_000375f8
0002f4ec	0004e8dc	FUN_0004e8dc
0002f4ec	0004e8e6	FUN_0004e8e6
0002f4ec	00015a5c	FUN_00015a5c
0002f4ec	0004e8b2	FUN_0004e8b2
0002f4ec	000499de	FUN_000499de
0002f4ec	0004aa6e	FUN_0004aa6e
0002f4ec	00048d88	FUN_00048d88
0002f4ec	0002f3a0	FUN_0002f3a0
0002f4ec	00047698	FUN_00047698
0002f4ec	00047d8e	FUN_00047d8e
0002f4ec	0004ea86	FUN_0004ea86
0002f4ec	0004037c	FUN_0004037c
0002f4ec	0004e84a	FUN_0004e84a
0002f4ec	0004029c	FUN_0004029c
0002f4ec	0003e808	FUN_0003e808
0002f4ec	0004e7c2	FUN_0004e7c2
0002f4ec	0004ab24	FUN_0004ab24
0002f6e4	0004e91a	FUN_0004e91a
0002f6e4	0003f4be	FUN_0003f4be
0002f6e4	0004e00e	FUN_0004e00e
0002f6e4	0002f0f4	FUN_0002f0f4
0002f6e4	0004b9de	FUN_0004b9de
0002f6e4	0004ac0a	FUN_0004ac0a
0002f6e4	0004a0b8	FUN_0004a0b8
0002f6e4	0004e980	FUN_0004e980
0002f6e4	00054cec	FUN_00054cec
0002f6e4	00049974	FUN_00049974
0002f6e4	0004b128	FUN_0004b128
0002f6e4	0004ea28	FUN_0004ea28
0002f6e4	0003f486	FUN_0003f486
0002f6e4	00037604	FUN_00037604
0002f6e4	0004e960	FUN_0004e960
0002f6e4	0004b384	FUN_0004b384
0002f6e4	000375f8	FUN_000375f8
0002f6e4	0004e8dc	FUN_0004e8dc
0002f6e4	0002bcf8	FUN_0002bcf8
0002f6e4	0004de6c	FUN_0004de6c
0002f6e4	0004e8e6	FUN_0004e8e6
0002f6e4	00015a5c	FUN_00015a5c
0002f6e4	000354a8	FUN_000354a8
0002f6e4	0004e8b2	FUN_0004e8b2
0002f6e4	0004aa6e	FUN_0004aa6e
0002f6e4	000499de	FUN_000499de
0002f6e4	00048d88	FUN_00048d88
0002f6e4	00047698	FUN_00047698
0002f6e4	00047d8e	FUN_00047d8e
0002f6e4	0004ea86	FUN_0004ea86
0002f6e4	0002b108	FUN_0002b108
0002f6e4	00028700	FUN_00028700
0002f6e4	0004037c	FUN_0004037c
0002f6e4	0004aa4c	FUN_0004aa4c
0002f6e4	0004e84a	FUN_0004e84a
0002f6e4	0004e822	FUN_0004e822
0002f6e4	0004029c	FUN_0004029c
0002f6e4	0003e808	FUN_0003e808
0002f6e4	00052740	FUN_00052740
0002f6e4	0002f4ec	FUN_0002f4ec
0002f6e4	0004ac28	FUN_0004ac28
0002f6e4	0004e7c2	FUN_0004e7c2
0002f6e4	0004059e	FUN_0004059e
0002f6e4	0004ea3c	FUN_0004ea3c
0002f6e4	0004b288	FUN_0004b288
0002f6e4	0004ab24	FUN_0004ab24
0002f6e4	000527d4	FUN_000527d4
000300d4	0004e00e	FUN_0004e00e
000300d4	0004ac0a	FUN_0004ac0a
000300d4	0004a040	FUN_0004a040
000300d4	0004a0b8	FUN_0004a0b8
000300d4	00010a20	FUN_00010a20
000300d4	00037604	FUN_00037604
000300d4	00010920	FUN_00010920
000300d4	0004b384	FUN_0004b384
000300d4	0004e84a	FUN_0004e84a
000300d4	0004e822	FUN_0004e822
000300d4	000375f8	FUN_000375f8
000300d4	0004e8dc	FUN_0004e8dc
000300d4	00020000	FUN_00020000
000300d4	0004e906	FUN_0004e906
000300d4	0004e7c2	FUN_0004e7c2
000300d4	00015a5c	FUN_00015a5c
000300d4	0004ab24	FUN_0004ab24
000301e8	0004e00e	FUN_0004e00e
000301e8	0004b9de	FUN_0004b9de
000301e8	00055f1c	FUN_00055f1c
000301e8	0004e980	FUN_0004e980
000301e8	0002ba24	FUN_0002ba24
000301e8	00037604	FUN_00037604
000301e8	0004e960	FUN_0004e960
000301e8	0004ba5c	FUN_0004ba5c
000301e8	00029dec	FUN_00029dec
000301e8	0004b384	FUN_0004b384
000301e8	000375f8	FUN_000375f8
000301e8	0004e8dc	FUN_0004e8dc
000301e8	0004e8b2	FUN_0004e8b2
000301e8	0004aa6e	FUN_0004aa6e
000301e8	00047698	FUN_00047698
000301e8	0002be54	FUN_0002be54
000301e8	00047d8e	FUN_00047d8e
000301e8	00055158	FUN_00055158
000301e8	00030b50	FUN_00030b50
000301e8	0002e3a4	FUN_0002e3a4
000301e8	0004037c	FUN_0004037c
000301e8	0004aa4c	FUN_0004aa4c
000301e8	0004e84a	FUN_0004e84a
000301e8	0004e822	FUN_0004e822
000301e8	0004029c	FUN_0004029c
000301e8	00057064	FUN_00057064
000301e8	0002ea48	FUN_0002ea48
000301e8	00034950	FUN_00034950
000301e8	0004e7c2	FUN_0004e7c2
000301e8	00035604	FUN_00035604
000301e8	0004b288	FUN_0004b288
000301e8	0004ab24	FUN_0004ab24
0003030c	00047698	FUN_00047698
0003030c	00047d8e	FUN_00047d8e
0003030c	0004ea86	FUN_0004ea86
0003030c	0004ac0a	FUN_0004ac0a
0003030c	0004e980	FUN_0004e980
0003030c	0004b128	FUN_0004b128
0003030c	00037604	FUN_00037604
0003030c	0004e960	FUN_0004e960
0003030c	0004037c	FUN_0004037c
0003030c	0004b384	FUN_0004b384
0003030c	0004e84a	FUN_0004e84a
0003030c	0004e822	FUN_0004e822
0003030c	000375f8	FUN_000375f8
0003030c	0004e8dc	FUN_0004e8dc
0003030c	0003e808	FUN_0003e808
0003030c	0004e7c2	FUN_0004e7c2
0003030c	0004e8e6	FUN_0004e8e6
0003030c	00015a5c	FUN_00015a5c
0003030c	000499de	FUN_000499de
0003030c	0004e8b2	FUN_0004e8b2
0003030c	0004aa6e	FUN_0004aa6e
0003030c	00048d88	FUN_00048d88
0003030c	0004ab24	FUN_0004ab24
00030508	0004e91a	FUN_0004e91a
00030508	0004e00e	FUN_0004e00e
00030508	0004ac0a	FUN_0004ac0a
00030508	0004e980	FUN_0004e980
00030508	00049974	FUN_00049974
00030508	0004b128	FUN_0004b128
00030508	0004e960	FUN_0004e960
00030508	0004b384	FUN_0004b384
00030508	0004e8dc	FUN_0004e8dc
00030508	0004eab0	FUN_0004eab0
00030508	0004e8e6	FUN_0004e8e6
00030508	00015a5c	FUN_00015a5c
00030508	0004aa6e	FUN_0004aa6e
00030508	0004e8b2	FUN_0004e8b2
00030508	000499de	FUN_000499de
00030508	00048d88	FUN_00048d88
00030508	0004ea90	FUN_0004ea90
00030508	0004ea60	FUN_0004ea60
00030508	0004eae2	FUN_0004eae2
00030508	00047698	FUN_00047698
00030508	00047d8e	FUN_00047d8e
00030508	0004ea86	FUN_0004ea86
00030508	0004037c	FUN_0004037c
00030508	0004e84a	FUN_0004e84a
00030508	0004029c	FUN_0004029c
00030508	0003e808	FUN_0003e808
00030508	0004ac28	FUN_0004ac28
00030508	0004ab24	FUN_0004ab24
00030b50	0004ac0a	FUN_0004ac0a
00030b50	0004a0b8	FUN_0004a0b8
00030b50	0004b128	FUN_0004b128
00030b50	00037604	FUN_00037604
00030b50	0004b384	FUN_0004b384
00030b50	000375f8	FUN_000375f8
00030b50	0004e8dc	FUN_0004e8dc
00030b50	0004e8e6	FUN_0004e8e6
00030b50	00015a5c	FUN_00015a5c
00030b50	000499de	FUN_000499de
00030b50	0004aa6e	FUN_0004aa6e
00030b50	0004e8b2	FUN_0004e8b2
00030b50	00048d88	FUN_00048d88
00030b50	0004ea60	FUN_0004ea60
00030b50	0004eae2	FUN_0004eae2
00030b50	00047698	FUN_00047698
00030b50	00047d8e	FUN_00047d8e
00030b50	0004ea86	FUN_0004ea86
00030b50	0004037c	FUN_0004037c
00030b50	0004ea1e	FUN_0004ea1e
00030b50	0004e84a	FUN_0004e84a
00030b50	0004e822	FUN_0004e822
00030b50	0004a094	FUN_0004a094
00030b50	0003e808	FUN_0003e808
00030b50	0004029c	FUN_0004029c
00030b50	0004ac28	FUN_0004ac28
00030b50	0004e7c2	FUN_0004e7c2
00030b50	0004ea3c	FUN_0004ea3c
00030b50	0004ab24	FUN_0004ab24
00030e8c	0003f4be	FUN_0003f4be
00030e8c	0004e00e	FUN_0004e00e
00030e8c	0004fd10	FUN_0004fd10
00030e8c	0004ac0a	FUN_0004ac0a
00030e8c	0004e994	FUN_0004e994
00030e8c	0004fc0c	FUN_0004fc0c
00030e8c	0004b128	FUN_0004b128
00030e8c	0004ea28	FUN_0004ea28
00030e8c	00010a20	FUN_00010a20
00030e8c	0004e89e	FUN_0004e89e
00030e8c	0004fcd4	FUN_0004fcd4
00030e8c	0004b384	FUN_0004b384
00030e8c	0004fe88	FUN_0004fe88
00030e8c	0004fe80	FUN_0004fe80
00030e8c	0004e8b2	FUN_0004e8b2
00030e8c	000499de	FUN_000499de
00030e8c	00048d88	FUN_00048d88
00030e8c	00020198	FUN_00020198
00030e8c	0004ea60	FUN_0004ea60
00030e8c	00047698	FUN_00047698
00030e8c	0003fa48	FUN_0003fa48
00030e8c	0004037c	FUN_0004037c
00030e8c	0004fd02	FUN_0004fd02
00030e8c	0004e84a	FUN_0004e84a
00030e8c	0004e822	FUN_0004e822
00030e8c	0004e7c2	FUN_0004e7c2
00030e8c	00049da4	FUN_00049da4
00030e8c	0004e980	FUN_0004e980
00030e8c	00037604	FUN_00037604
00030e8c	00010920	FUN_00010920
00030e8c	0004ea6a	FUN_0004ea6a
00030e8c	0004e960	FUN_0004e960
00030e8c	0004fe8e	FUN_0004fe8e
00030e8c	0004fe6c	FUN_0004fe6c
00030e8c	000375f8	FUN_000375f8
00030e8c	00010a90	FUN_00010a90
00030e8c	0003f5c0	FUN_0003f5c0
00030e8c	0004e874	FUN_0004e874
00030e8c	0004fcde	FUN_0004fcde
00030e8c	0004e8e6	FUN_0004e8e6
00030e8c	0003f98e	FUN_0003f98e
00030e8c	00015a5c	FUN_00015a5c
00030e8c	0004fcfc	FUN_0004fcfc
00030e8c	0004e9be	FUN_0004e9be
00030e8c	0003f9d4	FUN_0003f9d4
00030e8c	00047d8e	FUN_00047d8e
00030e8c	0004ea86	FUN_0004ea86
00030e8c	0004fe78	FUN_0004fe78
00030e8c	0003e808	FUN_0003e808
00030e8c	0004ac28	FUN_0004ac28
00030e8c	0004ea32	FUN_0004ea32
00030e8c	0004fb86	FUN_0004fb86
00030e8c	0004e99e	FUN_0004e99e
00030e8c	0004ab24	FUN_0004ab24
000317f0	0004e00e	FUN_0004e00e
000317f0	0004ac0a	FUN_0004ac0a
000317f0	0004a040	FUN_0004a040
000317f0	0004a0b8	FUN_0004a0b8
000317f0	00037604	FUN_00037604
000317f0	0004b384	FUN_0004b384
000317f0	0004e84a	FUN_0004e84a
000317f0	0004e822	FUN_0004e822
000317f0	000375f8	FUN_000375f8
000317f0	0004e8dc	FUN_0004e8dc
000317f0	00020000	FUN_00020000
000317f0	0004e906	FUN_0004e906
000317f0	0004e7c2	FUN_0004e7c2
000317f0	00015a5c	FUN_00015a5c
000317f0	0004ab24	FUN_0004ab24
000318e0	00042a98	FUN_00042a98
000318e0	0003db14	FUN_0003db14
000318e0	0005e5c8	FUN_0005e5c8
000318e0	0004bf38	FUN_0004bf38
00031940	0004e00e	FUN_0004e00e
00031940	0004eae2	FUN_0004eae2
00031940	00047698	FUN_00047698
00031940	00047d8e	FUN_00047d8e
00031940	0004ea86	FUN_0004ea86
00031940	0004ac0a	FUN_0004ac0a
00031940	0004b128	FUN_0004b128
00031940	00037604	FUN_00037604
00031940	0004037c	FUN_0004037c
00031940	0004b384	FUN_0004b384
00031940	0004e84a	FUN_0004e84a
00031940	0004e822	FUN_0004e822
00031940	000375f8	FUN_000375f8
00031940	0004e8dc	FUN_0004e8dc
00031940	0003e808	FUN_0003e808
00031940	0004e7c2	FUN_0004e7c2
00031940	0004e8e6	FUN_0004e8e6
00031940	00015a5c	FUN_00015a5c
00031940	000499de	FUN_000499de
00031940	0004e8b2	FUN_0004e8b2
00031940	00048d88	FUN_00048d88
00031940	0004ab24	FUN_0004ab24
00031a78	00042a98	FUN_00042a98
00031a78	0004c696	FUN_0004c696
00031a78	0004a120	FUN_0004a120
00031a78	0004a118	FUN_0004a118
00031a78	0004bf14	FUN_0004bf14
00031a78	0004c858	FUN_0004c858
00031a78	0004c828	FUN_0004c828
00031a78	0004bb1a	FUN_0004bb1a
00031a78	0004a13c	FUN_0004a13c
00031a78	00042ec4	FUN_00042ec4
00031a78	0004baf8	FUN_0004baf8
00031a78	0003db4c	FUN_0003db4c
00031a78	0004c8f4	FUN_0004c8f4
00031a78	0004bd90	FUN_0004bd90
00031a78	0004d0bc	FUN_0004d0bc
00031c68	00042a98	FUN_00042a98
00031c68	0004c696	FUN_0004c696
00031c68	0004a120	FUN_0004a120
00031c68	0004bf14	FUN_0004bf14
00031c68	0004cbe4	FUN_0004cbe4
00031c68	00042462	FUN_00042462
00031c68	0004c858	FUN_0004c858
00031c68	0004c6d2	FUN_0004c6d2
00031c68	0004bb1a	FUN_0004bb1a
00031c68	0004a14a	FUN_0004a14a
00031c68	000423a0	FUN_000423a0
00031c68	0004a144	FUN_0004a144
00031c68	0004cff4	FUN_0004cff4
00031c68	00042ec4	FUN_00042ec4
00031c68	0004baf8	FUN_0004baf8
00031c68	0003db4c	FUN_0003db4c
00031c68	0004c8f4	FUN_0004c8f4
00031c68	0004bd90	FUN_0004bd90
00031c68	0004d0bc	FUN_0004d0bc
000320ac	00042a98	FUN_00042a98
000320ac	0004c696	FUN_0004c696
000320ac	0004bf14	FUN_0004bf14
000320ac	0004cbe4	FUN_0004cbe4
000320ac	00042462	FUN_00042462
000320ac	0004c858	FUN_0004c858
000320ac	0004c6d2	FUN_0004c6d2
000320ac	0004bb1a	FUN_0004bb1a
000320ac	0004a14a	FUN_0004a14a
000320ac	000423a0	FUN_000423a0
000320ac	0004a144	FUN_0004a144
000320ac	0004cff4	FUN_0004cff4
000320ac	00042ec4	FUN_00042ec4
000320ac	0004baf8	FUN_0004baf8
000320ac	0003db4c	FUN_0003db4c
000320ac	0004c8f4	FUN_0004c8f4
000320ac	0004bd90	FUN_0004bd90
000320ac	0004d0bc	FUN_0004d0bc
000320ac	0004a388	FUN_0004a388
00032454	0004e00e	FUN_0004e00e
00032454	0004ac0a	FUN_0004ac0a
00032454	00032de8	FUN_00032de8
00032454	0004e980	FUN_0004e980
00032454	0004a0b8	FUN_0004a0b8
00032454	000357d0	FUN_000357d0
00032454	0004b128	FUN_0004b128
00032454	00049974	FUN_00049974
00032454	00037604	FUN_00037604
00032454	0004e960	FUN_0004e960
00032454	0004b384	FUN_0004b384
00032454	000375f8	FUN_000375f8
00032454	0004e8dc	FUN_0004e8dc
00032454	0004e906	FUN_0004e906
00032454	00035a44	FUN_00035a44
00032454	0004eab0	FUN_0004eab0
00032454	0004e8e6	FUN_0004e8e6
00032454	00015a5c	FUN_00015a5c
00032454	0004e8b2	FUN_0004e8b2
00032454	000499de	FUN_000499de
00032454	0004aa6e	FUN_0004aa6e
00032454	00048d88	FUN_00048d88
00032454	000300d4	FUN_000300d4
00032454	0002824c	FUN_0002824c
00032454	00047698	FUN_00047698
00032454	00047d8e	FUN_00047d8e
00032454	0004ea86	FUN_0004ea86
00032454	0003538c	FUN_0003538c
00032454	0004037c	FUN_0004037c
00032454	0002a998	FUN_0002a998
00032454	0002e960	FUN_0002e960
00032454	00028cb4	FUN_00028cb4
00032454	0004aa4c	FUN_0004aa4c
00032454	0004e84a	FUN_0004e84a
00032454	0004e822	FUN_0004e822
00032454	0004a094	FUN_0004a094
00032454	000317f0	FUN_000317f0
00032454	00031940	FUN_00031940
00032454	0004029c	FUN_0004029c
00032454	0003e808	FUN_0003e808
00032454	0004e7c2	FUN_0004e7c2
00032454	0004ab24	FUN_0004ab24
00032de8	0004e00e	FUN_0004e00e
00032de8	0004ac0a	FUN_0004ac0a
00032de8	0004a040	FUN_0004a040
00032de8	0004a0b8	FUN_0004a0b8
00032de8	00037604	FUN_00037604
00032de8	0004b384	FUN_0004b384
00032de8	0004e84a	FUN_0004e84a
00032de8	0004e822	FUN_0004e822
00032de8	000375f8	FUN_000375f8
00032de8	0004e8dc	FUN_0004e8dc
00032de8	00020000	FUN_00020000
00032de8	0004e906	FUN_0004e906
00032de8	0004e7c2	FUN_0004e7c2
00032de8	00015a5c	FUN_00015a5c
00032de8	0004ab24	FUN_0004ab24
00032eec	0004e00e	FUN_0004e00e
00032eec	0004ac0a	FUN_0004ac0a
00032eec	0004e980	FUN_0004e980
00032eec	0004a0b8	FUN_0004a0b8
00032eec	00049974	FUN_00049974
00032eec	0004b128	FUN_0004b128
00032eec	00037604	FUN_00037604
00032eec	0004e960	FUN_0004e960
00032eec	0004b384	FUN_0004b384
00032eec	000375f8	FUN_000375f8
00032eec	0004e8dc	FUN_0004e8dc
00032eec	0004e906	FUN_0004e906
00032eec	0004e8e6	FUN_0004e8e6
00032eec	00015a5c	FUN_00015a5c
00032eec	0004e8b2	FUN_0004e8b2
00032eec	000499de	FUN_000499de
00032eec	00048d88	FUN_00048d88
00032eec	00047698	FUN_00047698
00032eec	00047d8e	FUN_00047d8e
00032eec	0004ea86	FUN_0004ea86
00032eec	0004037c	FUN_0004037c
00032eec	0004e84a	FUN_0004e84a
00032eec	0004e822	FUN_0004e822
00032eec	0004a094	FUN_0004a094
00032eec	0004029c	FUN_0004029c
00032eec	0003e808	FUN_0003e808
00032eec	0004ac28	FUN_0004ac28
00032eec	0004e7c2	FUN_0004e7c2
00032eec	0004ea3c	FUN_0004ea3c
00032eec	0004ab24	FUN_0004ab24
0003325c	0004e00e	FUN_0004e00e
0003325c	0004ac0a	FUN_0004ac0a
0003325c	0004e980	FUN_0004e980
0003325c	0004a0b8	FUN_0004a0b8
0003325c	0004b128	FUN_0004b128
0003325c	00037604	FUN_00037604
0003325c	0004e960	FUN_0004e960
0003325c	0004b384	FUN_0004b384
0003325c	000375f8	FUN_000375f8
0003325c	0004e8dc	FUN_0004e8dc
0003325c	0004e8e6	FUN_0004e8e6
0003325c	00015a5c	FUN_00015a5c
0003325c	0004e8b2	FUN_0004e8b2
0003325c	000499de	FUN_000499de
0003325c	0004aa6e	FUN_0004aa6e
0003325c	00048d88	FUN_00048d88
0003325c	0004ea90	FUN_0004ea90
0003325c	00047698	FUN_00047698
0003325c	0004eae2	FUN_0004eae2
0003325c	00047d8e	FUN_00047d8e
0003325c	0004ea86	FUN_0004ea86
0003325c	0004037c	FUN_0004037c
0003325c	0004e84a	FUN_0004e84a
0003325c	0004e822	FUN_0004e822
0003325c	0004a094	FUN_0004a094
0003325c	0004029c	FUN_0004029c
0003325c	0003e808	FUN_0003e808
0003325c	0004e7c2	FUN_0004e7c2
0003325c	0001046a	FUN_0001046a
0003325c	0004ab24	FUN_0004ab24
00033538	0004aaf6	FUN_0004aaf6
00033538	0004e00e	FUN_0004e00e
00033538	0004b9de	FUN_0004b9de
00033538	0004ac0a	FUN_0004ac0a
00033538	0004e980	FUN_0004e980
00033538	00049974	FUN_00049974
00033538	0004b128	FUN_0004b128
00033538	0004ea28	FUN_0004ea28
00033538	00037604	FUN_00037604
00033538	0004e960	FUN_0004e960
00033538	0004ba5c	FUN_0004ba5c
00033538	0004e910	FUN_0004e910
00033538	0004b384	FUN_0004b384
00033538	000375f8	FUN_000375f8
00033538	0004e8dc	FUN_0004e8dc
00033538	0004e8e6	FUN_0004e8e6
00033538	0004e8b2	FUN_0004e8b2
00033538	000499de	FUN_000499de
00033538	0004aa6e	FUN_0004aa6e
00033538	00048d88	FUN_00048d88
00033538	0003325c	FUN_0003325c
00033538	00047698	FUN_00047698
00033538	00047d8e	FUN_00047d8e
00033538	0004037c	FUN_0004037c
00033538	00028700	FUN_00028700
00033538	00057b78	FUN_00057b78
00033538	0004aa4c	FUN_0004aa4c
00033538	0004e84a	FUN_0004e84a
00033538	0004e822	FUN_0004e822
00033538	0004029c	FUN_0004029c
00033538	0003e808	FUN_0003e808
00033538	0004ac28	FUN_0004ac28
00033538	0004e7c2	FUN_0004e7c2
00033538	0004ea3c	FUN_0004ea3c
00033538	0005735c	FUN_0005735c
00033538	0004b288	FUN_0004b288
00033538	00032eec	FUN_00032eec
00033538	0004ab24	FUN_0004ab24
00034868	0004673a	FUN_0004673a
00034868	0003edc8	FUN_0003edc8
00034868	00045f8c	FUN_00045f8c
00034868	0003edc4	FUN_0003edc4
00034868	00046698	FUN_00046698
00034868	00045f7e	FUN_00045f7e
00034868	000526c4	FUN_000526c4
00034950	0004ac28	FUN_0004ac28
00034950	0004ea86	FUN_0004ea86
00034950	0004ac0a	FUN_0004ac0a
00034950	0004eae2	FUN_0004eae2
00034950	00047d8e	FUN_00047d8e
00034950	0004e8b2	FUN_0004e8b2
00034950	0004e7c2	FUN_0004e7c2
00034950	0004e980	FUN_0004e980
00034950	0003e808	FUN_0003e808
00034950	0004037c	FUN_0004037c
00034950	0004e960	FUN_0004e960
00034950	0004eab0	FUN_0004eab0
00034950	0004e84a	FUN_0004e84a
00034950	0004ea3c	FUN_0004ea3c
00034950	0004e8dc	FUN_0004e8dc
00034950	0004b128	FUN_0004b128
00034950	000499de	FUN_000499de
00034950	00047698	FUN_00047698
00034950	0004aa6e	FUN_0004aa6e
00034950	00048d88	FUN_00048d88
00034950	0004ab24	FUN_0004ab24
00034950	0004ea28	FUN_0004ea28
00034bf0	00037604	FUN_00037604
00034bf0	0004ac28	FUN_0004ac28
00034bf0	0004ac0a	FUN_0004ac0a
00034bf0	0004e8b2	FUN_0004e8b2
00034bf0	0004ea60	FUN_0004ea60
00034bf0	0004e960	FUN_0004e960
00034bf0	0004e84a	FUN_0004e84a
00034bf0	0004e9f0	FUN_0004e9f0
00034bf0	0004e8dc	FUN_0004e8dc
00034bf0	00047698	FUN_00047698
00034bf0	000499de	FUN_000499de
00034bf0	0004aa6e	FUN_0004aa6e
00034bf0	00048d88	FUN_00048d88
00034bf0	00015a5c	FUN_00015a5c
00034bf0	0004e822	FUN_0004e822
00034bf0	00047d8e	FUN_00047d8e
00034bf0	0004ea90	FUN_0004ea90
00034bf0	0004b384	FUN_0004b384
00034bf0	0004e7c2	FUN_0004e7c2
00034bf0	0004e00e	FUN_0004e00e
00034bf0	0004e980	FUN_0004e980
00034bf0	0003e808	FUN_0003e808
00034bf0	0004037c	FUN_0004037c
00034bf0	0004eab0	FUN_0004eab0
00034bf0	000375f8	FUN_000375f8
00034bf0	0004ab24	FUN_0004ab24
00034bf0	0004e8e6	FUN_0004e8e6
000351c4	00037604	FUN_00037604
000351c4	0004ea86	FUN_0004ea86
000351c4	0004ac0a	FUN_0004ac0a
000351c4	00015a5c	FUN_00015a5c
000351c4	0004e822	FUN_0004e822
000351c4	00047d8e	FUN_00047d8e
000351c4	0004b384	FUN_0004b384
000351c4	0004e8b2	FUN_0004e8b2
000351c4	0004e7c2	FUN_0004e7c2
000351c4	0004e980	FUN_0004e980
000351c4	0003e808	FUN_0003e808
000351c4	0004037c	FUN_0004037c
000351c4	0004e960	FUN_0004e960
000351c4	0004e84a	FUN_0004e84a
000351c4	0004e8dc	FUN_0004e8dc
000351c4	0004b128	FUN_0004b128
000351c4	000375f8	FUN_000375f8
000351c4	00047698	FUN_00047698
000351c4	000499de	FUN_000499de
000351c4	0004ab24	FUN_0004ab24
000351c4	00048d88	FUN_00048d88
000351c4	0004e8e6	FUN_0004e8e6
0003538c	00037604	FUN_00037604
0003538c	0004ac0a	FUN_0004ac0a
0003538c	0004e906	FUN_0004e906
0003538c	00015a5c	FUN_00015a5c
0003538c	0004e822	FUN_0004e822
0003538c	0004a0b8	FUN_0004a0b8
0003538c	00020000	FUN_00020000
0003538c	00010a20	FUN_00010a20
0003538c	0004b384	FUN_0004b384
0003538c	0004a040	FUN_0004a040
0003538c	0004e7c2	FUN_0004e7c2
0003538c	0004e00e	FUN_0004e00e
0003538c	00010920	FUN_00010920
0003538c	0004e84a	FUN_0004e84a
0003538c	0004e8dc	FUN_0004e8dc
0003538c	000375f8	FUN_000375f8
0003538c	0004ab24	FUN_0004ab24
000354a8	0004029c	FUN_0004029c
000354a8	0004ac28	FUN_0004ac28
000354a8	0004ac0a	FUN_0004ac0a
000354a8	0004f078	FUN_0004f078
000354a8	00047d8e	FUN_00047d8e
000354a8	0004ea90	FUN_0004ea90
000354a8	0004b384	FUN_0004b384
000354a8	0004e8b2	FUN_0004e8b2
000354a8	0004e00e	FUN_0004e00e
000354a8	0004e980	FUN_0004e980
000354a8	0004037c	FUN_0004037c
000354a8	0004e960	FUN_0004e960
000354a8	0004eab0	FUN_0004eab0
000354a8	0004e84a	FUN_0004e84a
000354a8	000499de	FUN_000499de
000354a8	00047698	FUN_00047698
000354a8	0004aa6e	FUN_0004aa6e
000354a8	00049974	FUN_00049974
000354a8	0004ab24	FUN_0004ab24
000354a8	00048d88	FUN_00048d88
00035604	0004ac0a	FUN_0004ac0a
00035604	0004b384	FUN_0004b384
00035604	0004e8b2	FUN_0004e8b2
00035604	0004e7c2	FUN_0004e7c2
00035604	0004037c	FUN_0004037c
00035604	000354a8	FUN_000354a8
00035604	0004e84a	FUN_0004e84a
00035604	0004e9f0	FUN_0004e9f0
00035604	0004e8dc	FUN_0004e8dc
00035604	00035774	FUN_00035774
00035604	000499de	FUN_000499de
00035604	0004aa6e	FUN_0004aa6e
00035604	00049974	FUN_00049974
00035604	0004ab24	FUN_0004ab24
00035604	00048d88	FUN_00048d88
00035774	0004e980	FUN_0004e980
00035774	0004037c	FUN_0004037c
00035774	0004e960	FUN_0004e960
00035774	0004ac0a	FUN_0004ac0a
00035774	00047d8e	FUN_00047d8e
00035774	00047698	FUN_00047698
00035774	00049974	FUN_00049974
00035774	00048d88	FUN_00048d88
00035774	0004ab24	FUN_0004ab24
000357d0	00037604	FUN_00037604
000357d0	0004ac0a	FUN_0004ac0a
000357d0	00015a5c	FUN_00015a5c
000357d0	0004e906	FUN_0004e906
000357d0	0004e822	FUN_0004e822
000357d0	0004a0b8	FUN_0004a0b8
000357d0	0004b384	FUN_0004b384
000357d0	0004a040	FUN_0004a040
000357d0	0004e7c2	FUN_0004e7c2
000357d0	0004e00e	FUN_0004e00e
000357d0	0004e84a	FUN_0004e84a
000357d0	0004e8dc	FUN_0004e8dc
000357d0	000375f8	FUN_000375f8
000357d0	0004ab24	FUN_0004ab24
000358d8	00037604	FUN_00037604
000358d8	0004ea86	FUN_0004ea86
000358d8	0004ac0a	FUN_0004ac0a
000358d8	00015a5c	FUN_00015a5c
000358d8	0004e822	FUN_0004e822
000358d8	00047d8e	FUN_00047d8e
000358d8	0004eae2	FUN_0004eae2
000358d8	0004b384	FUN_0004b384
000358d8	0004e8b2	FUN_0004e8b2
000358d8	0004e7c2	FUN_0004e7c2
000358d8	0004e980	FUN_0004e980
000358d8	0003e808	FUN_0003e808
000358d8	0004037c	FUN_0004037c
000358d8	0004e960	FUN_0004e960
000358d8	0004e84a	FUN_0004e84a
000358d8	0004e8dc	FUN_0004e8dc
000358d8	0004b128	FUN_0004b128
000358d8	000375f8	FUN_000375f8
000358d8	00047698	FUN_00047698
000358d8	000499de	FUN_000499de
000358d8	0004ab24	FUN_0004ab24
000358d8	00048d88	FUN_00048d88
000358d8	0004e8e6	FUN_0004e8e6
00035a44	0004029c	FUN_0004029c
00035a44	00037604	FUN_00037604
00035a44	0004ac28	FUN_0004ac28
00035a44	0004ac0a	FUN_0004ac0a
00035a44	0004e8b2	FUN_0004e8b2
00035a44	0004e960	FUN_0004e960
00035a44	0004e84a	FUN_0004e84a
00035a44	00047698	FUN_00047698
00035a44	000499de	FUN_000499de
00035a44	00049974	FUN_00049974
00035a44	00048d88	FUN_00048d88
00035a44	0004ea86	FUN_0004ea86
00035a44	00015a5c	FUN_00015a5c
00035a44	0004e822	FUN_0004e822
00035a44	00047d8e	FUN_00047d8e
00035a44	0004b384	FUN_0004b384
00035a44	0004e7c2	FUN_0004e7c2
00035a44	0004e00e	FUN_0004e00e
00035a44	0004e980	FUN_0004e980
00035a44	0003e808	FUN_0003e808
00035a44	0004037c	FUN_0004037c
00035a44	0004b128	FUN_0004b128
00035a44	000375f8	FUN_000375f8
00035a44	0004ab24	FUN_0004ab24
00035a44	0004e8e6	FUN_0004e8e6
00035c48	0004a0d8	FUN_0004a0d8
00035c48	0003f174	FUN_0003f174
00035c48	0004a118	FUN_0004a118
00035c48	0004f3a4	FUN_0004f3a4
00035c48	0003f17c	FUN_0003f17c
00035c48	0004a13c	FUN_0004a13c
00035c9c	0003f174	FUN_0003f174
00035c9c	00046bec	FUN_00046bec
00035c9c	0003f158	FUN_0003f158
00035c9c	0004f4fc	FUN_0004f4fc
00035c9c	0004f400	FUN_0004f400
00035c9c	0004a2ac	FUN_0004a2ac
00035d0c	0004c882	FUN_0004c882
00035d0c	0004c91e	FUN_0004c91e
00035d0c	0003db28	FUN_0003db28
00035d0c	0004c81c	FUN_0004c81c
00035d0c	0004bf04	FUN_0004bf04
00035d0c	0003db0a	FUN_0003db0a
00035d0c	0004c8c4	FUN_0004c8c4
00035d0c	0003642c	FUN_0003642c
00035d0c	0004bef4	FUN_0004bef4
00035d0c	0004cd84	FUN_0004cd84
00035d0c	00036328	FUN_00036328
00035f04	0004cd84	FUN_0004cd84
00035f5a	00035f5a	FUN_00035f5a
00035f5a	0004bc8c	FUN_0004bc8c
00035f5a	00035f04	FUN_00035f04
00035f5a	00047eec	FUN_00047eec
00035f5a	000467fc	FUN_000467fc
00035f5a	0004b9b2	FUN_0004b9b2
00035fe2	0002cc78	FUN_0002cc78
00035fe2	00041964	FUN_00041964
00035fe2	0002cb6c	FUN_0002cb6c
00035fe2	00021708	FUN_00021708
00035fe2	0004337c	FUN_0004337c
00035fe2	0003db4c	FUN_0003db4c
00035fe2	0003ddd6	FUN_0003ddd6
00035fe2	0004a57a	FUN_0004a57a
00035fe2	0005ed38	FUN_0005ed38
00035fe2	000413fe	FUN_000413fe
00035fe2	00041086	FUN_00041086
00035fe2	00045330	FUN_00045330
00035fe2	0003918c	FUN_0003918c
00035fe2	00051a28	FUN_00051a28
00035fe2	00051970	FUN_00051970
00035fe2	00051c60	FUN_00051c60
00035fe2	0003db28	FUN_0003db28
00035fe2	0003de04	FUN_0003de04
00035fe2	0003da10	FUN_0003da10
00035fe2	00041ac4	FUN_00041ac4
00035fe2	0003dc3a	FUN_0003dc3a
00035fe2	0004f24c	FUN_0004f24c
00035fe2	00044bbc	FUN_00044bbc
00035fe2	0003db0a	FUN_0003db0a
00035fe2	00045204	FUN_00045204
00035fe2	0003db32	FUN_0003db32
00035fe2	00046bd6	FUN_00046bd6
00035fe2	0005172c	FUN_0005172c
00035fe2	00046fa6	thunk_FUN_00046bec
00035fe2	0004f26c	FUN_0004f26c
00035fe2	0001049c	FUN_0001049c
00035fe2	0004a318	FUN_0004a318
00035fe2	000411ca	FUN_000411ca
00035fe2	00046bec	FUN_00046bec
00035fe2	0004f266	FUN_0004f266
00035fe2	0003ddf0	FUN_0003ddf0
00035fe2	0001046a	FUN_0001046a
00035fe2	00045006	FUN_00045006
00035fe2	0005175c	FUN_0005175c
00035fe2	000440c4	FUN_000440c4
00035fe2	00046b72	FUN_00046b72
00035fe2	0003db8c	FUN_0003db8c
00035fe2	0004a404	FUN_0004a404
00035fe2	000453c0	FUN_000453c0
00035fe2	000477b0	FUN_000477b0
00035fe2	000454e8	FUN_000454e8
00035fe2	0003ddfa	FUN_0003ddfa
00035fe2	000452b4	FUN_000452b4
00035fe2	000476f0	FUN_000476f0
00035fe2	000379a6	FUN_000379a6
00035fe2	00042398	FUN_00042398
00035fe2	0004747e	FUN_0004747e
00035fe2	00044f88	FUN_00044f88
00035fe2	000470ce	FUN_000470ce
00036048	00052a74	FUN_00052a74
00036048	0001cd54	FUN_0001cd54
00036048	000151bc	FUN_000151bc
00036048	0001ca60	FUN_0001ca60
0003608c	0004b9de	FUN_0004b9de
0003608c	00037604	FUN_00037604
0003608c	0004675a	FUN_0004675a
0003608c	0004ba5c	FUN_0004ba5c
0003608c	00046688	FUN_00046688
0003608c	00047298	FUN_00047298
0003608c	0004ea90	FUN_0004ea90
0003608c	0001814c	FUN_0001814c
0003608c	0004e8b2	FUN_0004e8b2
0003608c	000471d8	FUN_000471d8
0003608c	00046756	FUN_00046756
0003608c	0004e5a6	FUN_0004e5a6
0003608c	00046700	FUN_00046700
0003608c	0004037c	FUN_0004037c
0003608c	0004e960	FUN_0004e960
0003608c	0001046a	FUN_0001046a
0003608c	0004e4b2	FUN_0004e4b2
0003608c	00058430	FUN_00058430
00036328	0004c882	FUN_0004c882
00036328	0004cd92	FUN_0004cd92
00036328	0004ba5c	FUN_0004ba5c
00036328	0003db28	FUN_0003db28
00036328	0004c8c4	FUN_0004c8c4
00036328	0004bef4	FUN_0004bef4
00036328	0004cd84	FUN_0004cd84
0003642c	0004c91e	FUN_0004c91e
0003642c	0004cd92	FUN_0004cd92
0003642c	0004ba5c	FUN_0004ba5c
0003642c	0004c81c	FUN_0004c81c
0003642c	0004bf04	FUN_0004bf04
0003642c	0003db0a	FUN_0003db0a
0003642c	0004cd84	FUN_0004cd84
00036530	0004b9de	FUN_0004b9de
00036530	0004bbf2	FUN_0004bbf2
00036530	0004ccfe	FUN_0004ccfe
00036530	0004cd92	FUN_0004cd92
00036530	0004f588	FUN_0004f588
00036530	0004c924	FUN_0004c924
00036530	000377d4	FUN_000377d4
00036530	0004c6c0	FUN_0004c6c0
00036530	0004cbf0	FUN_0004cbf0
00036530	0004c6d8	FUN_0004c6d8
00036530	0004cd84	FUN_0004cd84
00036748	00036530	FUN_00036530
00036748	0004c924	FUN_0004c924
00036748	0004bb1a	FUN_0004bb1a
00036748	0004c6b4	FUN_0004c6b4
00036748	0004bf2c	FUN_0004bf2c
00036748	0004c8d0	FUN_0004c8d0
00036748	0004c834	FUN_0004c834
00036748	0004c66c	FUN_0004c66c
00036748	0004e5a6	FUN_0004e5a6
00036748	0004baf8	FUN_0004baf8
00036748	00046bec	FUN_00046bec
00036748	0004dbe0	FUN_0004dbe0
00036748	0004c5ee	FUN_0004c5ee
00036748	000586ec	FUN_000586ec
00036748	00026cac	FUN_00026cac
00036748	0004bf20	FUN_0004bf20
00036748	0004cbf0	FUN_0004cbf0
00036748	0004c6d8	FUN_0004c6d8
00036a1e	0004e5a6	FUN_0004e5a6
00036a1e	0004bc8c	FUN_0004bc8c
00036a1e	0004d3d8	FUN_0004d3d8
00036a1e	00037430	FUN_00037430
00036a1e	0004c584	FUN_0004c584
00036a1e	0004cd84	FUN_0004cd84
00036b0c	00046c30	FUN_00046c30
00036b0c	00046bec	FUN_00046bec
00036b0c	000413fe	FUN_000413fe
00036b48	00066ba4	FUN_00066ba4
00036b48	00067090	FUN_00067090
00036b48	00066608	FUN_00066608
00036b7c	00046d6e	FUN_00046d6e
00036b7c	00046f3c	FUN_00046f3c
00036bb0	0001aea4	set_current_raw
00036bb0	0001af64	set_voltage_raw
00036f38	0004bbec	FUN_0004bbec
00036f38	0004c8ee	FUN_0004c8ee
00036f38	0004c8ca	FUN_0004c8ca
00036f38	0004ccf8	FUN_0004ccf8
00036f38	0003d9da	FUN_0003d9da
00036f38	0004bb3c	FUN_0004bb3c
00036f38	0004c852	FUN_0004c852
00036f38	0004c89a	FUN_0004c89a
00036f38	0003dcb8	FUN_0003dcb8
00036f38	0004c822	FUN_0004c822
00036f38	0004c7f2	FUN_0004c7f2
000370ac	0003f174	FUN_0003f174
000370ac	0004a118	FUN_0004a118
000370ac	0004a24e	FUN_0004a24e
000370ac	0004f400	FUN_0004f400
0003711e	0004c8b8	FUN_0004c8b8
0003711e	0004c5d6	FUN_0004c5d6
0003711e	0004ccf8	FUN_0004ccf8
0003711e	0004c876	FUN_0004c876
0003711e	0004c912	FUN_0004c912
0003711e	0004bf2c	FUN_0004bf2c
0003711e	0004bf20	FUN_0004bf20
000371f0	0004bbec	FUN_0004bbec
000371f0	0004ccf8	FUN_0004ccf8
000371f0	0004c88e	FUN_0004c88e
000371f0	0004c7e6	FUN_0004c7e6
000371f0	0004c8e2	FUN_0004c8e2
000371f0	0004c846	FUN_0004c846
0003727c	0004c924	FUN_0004c924
00037284	0004c924	FUN_0004c924
0003728c	0004c924	FUN_0004c924
000372dc	0004a360	FUN_0004a360
000372f4	00052d7c	FUN_00052d7c
000373ec	0004cb76	FUN_0004cb76
000373ec	00046bd6	FUN_00046bd6
000373ec	0003758e	FUN_0003758e
000373ec	0004cb2e	FUN_0004cb2e
00037430	00048270	FUN_00048270
00037430	000482e0	FUN_000482e0
00037430	00048264	FUN_00048264
00037460	00052d7c	FUN_00052d7c
000374e4	0004c88e	FUN_0004c88e
000374e4	0004c7e6	FUN_0004c7e6
000374e4	0004c8e2	FUN_0004c8e2
000374e4	0004c846	FUN_0004c846
000374e4	0004c5ac	FUN_0004c5ac
000374e4	00036de0	FUN_00036de0
000374e4	00052d08	thunk_FUN_00052d12
0003758e	0004b9de	FUN_0004b9de
0003759c	0004b9de	FUN_0004b9de
000375a2	0004cbea	FUN_0004cbea
000375a2	0004c75c	FUN_0004c75c
00037610	0004a5d2	FUN_0004a5d2
00037610	00050b06	FUN_00050b06
00037610	0004f588	FUN_0004f588
00037610	0004a318	FUN_0004a318
000376f0	00040acc	FUN_00040acc
000376f0	00041788	FUN_00041788
000376f0	0003db0a	FUN_0003db0a
000377fa	0004c8b8	FUN_0004c8b8
000377fa	00048288	FUN_00048288
000377fa	0004c5d6	FUN_0004c5d6
000377fa	000482e0	FUN_000482e0
000377fa	0004c876	FUN_0004c876
000377fa	0004c912	FUN_0004c912
000377fa	00047eec	FUN_00047eec
000377fa	0004bf2c	FUN_0004bf2c
000377fa	0004bf20	FUN_0004bf20
000378ca	00050abe	FUN_00050abe
000379a6	00052d00	FUN_00052d00
000379a6	00052d08	thunk_FUN_00052d12
00037a16	0004c924	FUN_0004c924
00037a1e	00051970	FUN_00051970
00037a1e	00046bd6	FUN_00046bd6
00037b06	0004c924	FUN_0004c924
00037b0e	0004c924	FUN_0004c924
00037b16	0004bbec	FUN_0004bbec
00037b16	0004bb3c	FUN_0004bb3c
00037b16	00046bd6	FUN_00046bd6
00037b16	0004cb82	FUN_0004cb82
00037b16	0004cb3a	FUN_0004cb3a
00037b88	00051970	FUN_00051970
00037b88	0004cb5e	FUN_0004cb5e
00037b88	0003759c	FUN_0003759c
00037b88	000491e8	FUN_000491e8
00037b88	0004cb3a	FUN_0004cb3a
00037bd8	000378ca	FUN_000378ca
00037c5c	0004a5d2	FUN_0004a5d2
00037c5c	00050b06	FUN_00050b06
00037c5c	0004f588	FUN_0004f588
00037c5c	0004a318	FUN_0004a318
00037d0e	0003f174	FUN_0003f174
00037d0e	0003f17c	FUN_0003f17c
00037d0e	0004a14a	FUN_0004a14a
00037d0e	0004a144	FUN_0004a144
00037d4c	00014494	FUN_00014494
00037d4c	000181e4	FUN_000181e4
00037d4c	0001540c	FUN_0001540c
00037d4c	000152e0	FUN_000152e0
00037d4c	0001f23c	FUN_0001f23c
00037d4c	000144a8	FUN_000144a8
00037d4c	000159f6	FUN_000159f6
00037d4c	000159ec	FUN_000159ec
00037d4c	00018a40	FUN_00018a40
00037d4c	000152a8	FUN_000152a8
00037d4c	00015398	FUN_00015398
00037d4c	000153b4	FUN_000153b4
00037d4c	00014af0	FUN_00014af0
00037d4c	00014acc	FUN_00014acc
00037d4c	000177c4	FUN_000177c4
00037d4c	0001bce4	FUN_0001bce4
00037d4c	0001bcd0	FUN_0001bcd0
00037d4c	00016c56	FUN_00016c56
00037ed0	000403d2	FUN_000403d2
00037ed0	0004efd0	FUN_0004efd0
00037ed0	0004f010	FUN_0004f010
00038000	0004cbf6	FUN_0004cbf6
00038000	0004c924	FUN_0004c924
00038000	0003aca0	FUN_0003aca0
00038000	0004bf2c	FUN_0004bf2c
00038000	0004e5a6	FUN_0004e5a6
00038000	00025cb8	FUN_00025cb8
00038000	00046bec	FUN_00046bec
00038000	0004dbe0	FUN_0004dbe0
00038000	0004a57a	FUN_0004a57a
00038000	0004c6de	FUN_0004c6de
00038000	0004c678	FUN_0004c678
00038000	0004bf20	FUN_0004bf20
00038000	0004c6ba	FUN_0004c6ba
000380ec	00037604	FUN_00037604
000380ec	0004b9de	FUN_0004b9de
000380ec	0004eb0e	FUN_0004eb0e
000380ec	000499de	FUN_000499de
000380ec	00018114	FUN_00018114
0003816c	0003ede0	FUN_0003ede0
0003816c	0003e84e	FUN_0003e84e
0003816c	00037294	FUN_00037294
00038200	000404ba	FUN_000404ba
00038200	00036e84	FUN_00036e84
00038200	0003ff88	FUN_0003ff88
00038dc4	00038e6e	FUN_00038e6e
00038dc4	000144fc	FUN_000144fc
00038dc4	00038e38	FUN_00038e38
00038dc4	00038e78	FUN_00038e78
00038dc4	00038e40	FUN_00038e40
00038df6	00038e96	FUN_00038e96
00038df6	000144fc	FUN_000144fc
00038df6	00038e38	FUN_00038e38
00038df6	00038e78	FUN_00038e78
00038df6	00038e40	FUN_00038e40
00038e38	00015384	FUN_00015384
00038e40	000153e0	FUN_000153e0
00038e66	00015384	FUN_00015384
00038e6e	000153e0	FUN_000153e0
00038e96	0001536c	FUN_0001536c
00038e9e	00038e66	FUN_00038e66
00038e9e	00038e6e	FUN_00038e6e
00038e9e	000144fc	FUN_000144fc
00038e9e	00038e38	FUN_00038e38
00038e9e	00038e78	FUN_00038e78
00038e9e	00038e40	FUN_00038e40
00038ee2	00038e48	FUN_00038e48
00038ee2	00038e66	FUN_00038e66
00038ee2	00038e6e	FUN_00038e6e
00038ee2	000144fc	FUN_000144fc
00038ee2	00038e38	FUN_00038e38
00038ee2	00038e78	FUN_00038e78
00038ee2	00038e40	FUN_00038e40
00038f22	00038e66	FUN_00038e66
00038f22	000144fc	FUN_000144fc
00038f22	00038e6e	FUN_00038e6e
00038f22	00038e78	FUN_00038e78
00038f22	00038e40	FUN_00038e40
00038f48	00038e96	FUN_00038e96
00038f48	000144fc	FUN_000144fc
00038f48	00038e38	FUN_00038e38
00038f48	00038e78	FUN_00038e78
00038f48	00038e40	FUN_00038e40
00038f82	00050a14	thunk_FUN_00050a1a
00038fc6	00046bec	FUN_00046bec
00038fc6	00041546	FUN_00041546
00038fc6	000413fe	FUN_000413fe
00038ff0	0003f16a	FUN_0003f16a
00038ff0	00046c30	FUN_00046c30
00038ff0	00047b68	FUN_00047b68
00038ff0	0004a118	FUN_0004a118
00038ff0	00046f3c	FUN_00046f3c
00038ff0	0004a13c	FUN_0004a13c
00038ff0	00050a40	FUN_00050a40
00038ff0	0003f054	FUN_0003f054
00038ff0	0003f1ca	FUN_0003f1ca
00038ff0	00040314	FUN_00040314
00038ff0	0003f09e	FUN_0003f09e
00038ff0	0004a5f2	FUN_0004a5f2
00038ff0	00046bec	FUN_00046bec
00038ff0	00046cd8	FUN_00046cd8
00039138	00050a14	thunk_FUN_00050a1a
0003917c	00046bec	FUN_00046bec
0003918c	00047740	FUN_00047740
0003918c	0003db4c	FUN_0003db4c
0003918c	0003ddd6	FUN_0003ddd6
0003924c	0003d7de	FUN_0003d7de
0003924c	0003db14	FUN_0003db14
0003924c	0003db28	FUN_0003db28
0003924c	0004034e	FUN_0004034e
0003924c	0004a404	FUN_0004a404
0003924c	0004087c	FUN_0004087c
0003924c	0004a318	FUN_0004a318
0003924c	0004f604	FUN_0004f604
0003924c	000477b0	FUN_000477b0
0003924c	0004337c	FUN_0004337c
0003924c	0003db4c	FUN_0003db4c
0003924c	000476f0	FUN_000476f0
0003924c	000408b0	FUN_000408b0
0003924c	00046bec	FUN_00046bec
0003924c	0004a57a	FUN_0004a57a
0003924c	0003db0a	FUN_0003db0a
0003924c	0003ddf0	FUN_0003ddf0
0003924c	0003ddd6	FUN_0003ddd6
0003924c	00045794	FUN_00045794
00039838	0003a0ac	FUN_0003a0ac
00039838	0003a318	FUN_0003a318
00039838	0003a5c8	FUN_0003a5c8
000398a4	0004e5a6	FUN_0004e5a6
000398a4	00047208	FUN_00047208
000398a4	0003a5c8	FUN_0003a5c8
000398a4	0004bbe2	FUN_0004bbe2
000398a4	0004cd84	FUN_0004cd84
00039940	000526fc	FUN_000526fc
00039940	0005e710	FUN_0005e710
00039940	000472ee	FUN_000472ee
00039940	00047298	FUN_00047298
00039940	00047414	FUN_00047414
00039940	000471d8	FUN_000471d8
00039940	000472d4	FUN_000472d4
00039940	0004e5a6	FUN_0004e5a6
00039940	0004e0e6	FUN_0004e0e6
00039940	000472e0	FUN_000472e0
00039940	00052708	FUN_00052708
00039940	0004743a	FUN_0004743a
00039940	0003a5c8	FUN_0003a5c8
00039940	0004883e	FUN_0004883e
00039940	0004d45a	FUN_0004d45a
00039940	0004cd9c	FUN_0004cd9c
00039940	0004cd84	FUN_0004cd84
00039c98	0004e5a6	FUN_0004e5a6
00039c98	0004bc8c	FUN_0004bc8c
00039c98	0003a5c8	FUN_0003a5c8
00039c98	0004883e	FUN_0004883e
00039c98	0004cd84	FUN_0004cd84
00039db0	0005e710	FUN_0005e710
00039db0	000526fc	FUN_000526fc
00039db0	000472e0	FUN_000472e0
00039db0	00052708	FUN_00052708
00039db0	0004743a	FUN_0004743a
00039db0	0003a5c8	FUN_0003a5c8
00039db0	00047298	FUN_00047298
00039db0	00047414	FUN_00047414
00039db0	0004cd9c	FUN_0004cd9c
00039db0	000471d8	FUN_000471d8
00039f78	0004e7c2	FUN_0004e7c2
00039f78	0003a024	FUN_0003a024
00039f78	00040960	FUN_00040960
00039f78	0003a0ac	FUN_0003a0ac
00039f78	000408b0	FUN_000408b0
00039f78	0003a318	FUN_0003a318
0003a024	0005e710	FUN_0005e710
0003a024	00048428	FUN_00048428
0003a024	0004c954	FUN_0004c954
0003a024	00047f68	FUN_00047f68
0003a024	0004d45a	FUN_0004d45a
0003a0ac	0005e710	FUN_0005e710
0003a0ac	000526fc	FUN_000526fc
0003a0ac	00048428	FUN_00048428
0003a0ac	00058760	FUN_00058760
0003a0ac	00039c98	FUN_00039c98
0003a0ac	0003c97c	FUN_0003c97c
0003a0ac	0004e5a6	FUN_0004e5a6
0003a0ac	000398a4	FUN_000398a4
0003a0ac	00052708	FUN_00052708
0003a0ac	00052958	FUN_00052958
0003a0ac	0003a5c8	FUN_0003a5c8
0003a0ac	0004883e	FUN_0004883e
0003a0ac	00052aae	FUN_00052aae
0003a0ac	0004cd9c	FUN_0004cd9c
0003a0ac	0004cd84	FUN_0004cd84
0003a0ac	000485a4	FUN_000485a4
0003a318	00052a74	FUN_00052a74
0003a318	0005e710	FUN_0005e710
0003a318	00058760	FUN_00058760
0003a318	0004bc8c	FUN_0004bc8c
0003a318	0004c924	FUN_0004c924
0003a318	0003c9f8	FUN_0003c9f8
0003a318	0003cafa	FUN_0003cafa
0003a318	0003caea	FUN_0003caea
0003a318	0003cb6c	FUN_0003cb6c
0003a318	0003cae6	FUN_0003cae6
0003a318	00040890	FUN_00040890
0003a318	0004e5a6	FUN_0004e5a6
0003a318	0003cb0a	FUN_0003cb0a
0003a318	0004f292	FUN_0004f292
0003a318	0003cb1e	FUN_0003cb1e
0003a318	00052958	FUN_00052958
0003a318	0003a5c8	FUN_0003a5c8
0003a318	0004883e	FUN_0004883e
0003a318	0003cb2a	FUN_0003cb2a
0003a318	0004cd9c	FUN_0004cd9c
0003a318	0003cadc	FUN_0003cadc
0003a5e0	0004e5a6	FUN_0004e5a6
0003a5e0	0004883e	FUN_0004883e
0003a670	0003c97c	FUN_0003c97c
0003a670	000485a4	FUN_000485a4
0003a6ba	0004baf8	FUN_0004baf8
0003a6ba	00046bd6	FUN_00046bd6
0003a6ba	0004eb3a	FUN_0004eb3a
0003a6ba	0004cb82	FUN_0004cb82
0003a6ba	0003759c	FUN_0003759c
0003a6ba	0004cb3a	FUN_0004cb3a
0003a74c	0004a152	FUN_0004a152
0003a74c	0003f184	FUN_0003f184
0003a74c	0004f42e	FUN_0004f42e
0003a78c	0003db28	FUN_0003db28
0003a78c	0004bf04	FUN_0004bf04
0003a78c	0003ddf0	FUN_0003ddf0
0003a78c	0003db0a	FUN_0003db0a
0003a78c	0003642c	FUN_0003642c
0003a78c	0004bef4	FUN_0004bef4
0003a78c	0004cd84	FUN_0004cd84
0003a78c	00036328	FUN_00036328
0003a8f4	0004a152	FUN_0004a152
0003a8f4	0003f184	FUN_0003f184
0003a8f4	0004f42e	FUN_0004f42e
0003a934	0004e5a6	FUN_0004e5a6
0003a934	00050a14	thunk_FUN_00050a1a
0003a934	00051eb8	FUN_00051eb8
0003a970	0004d40e	FUN_0004d40e
0003a970	000371f0	FUN_000371f0
0003a970	0004c924	FUN_0004c924
0003a970	00040d14	FUN_00040d14
0003a970	0004c5ac	FUN_0004c5ac
0003a970	0004d4c8	FUN_0004d4c8
0003aa38	0004d40e	FUN_0004d40e
0003aa38	000371f0	FUN_000371f0
0003aa38	0003db32	FUN_0003db32
0003aa38	000374e4	FUN_000374e4
0003aa38	0003b0f0	FUN_0003b0f0
0003aa70	0004d40e	FUN_0004d40e
0003aa70	0004c8ca	FUN_0004c8ca
0003aa70	0003d9da	FUN_0003d9da
0003aa70	0004bb3c	FUN_0004bb3c
0003aa70	0004c822	FUN_0004c822
0003aa70	0004bb48	FUN_0004bb48
0003aa70	0003db0a	FUN_0003db0a
0003aa70	0004089c	FUN_0004089c
0003ab20	0004d40e	FUN_0004d40e
0003ab20	0004d3d8	FUN_0004d3d8
0003ab20	0004bb3c	FUN_0004bb3c
0003ab20	0004c924	FUN_0004c924
0003ab20	0004cbe4	FUN_0004cbe4
0003ab20	0004c696	FUN_0004c696
0003ab20	0004bb1a	FUN_0004bb1a
0003ab20	0004c828	FUN_0004c828
0003ab20	0004bd90	FUN_0004bd90
0003ab20	0004c858	FUN_0004c858
0003ac70	0004bbec	FUN_0004bbec
0003ac70	0004ccf8	FUN_0004ccf8
0003aca0	0004bbec	FUN_0004bbec
0003aca0	0003728c	FUN_0003728c
0003aca0	0004ccf8	FUN_0004ccf8
0003aca0	0004bc8c	FUN_0004bc8c
0003aca0	0003db28	FUN_0003db28
0003aca0	0003de04	FUN_0003de04
0003aca0	0004c924	FUN_0004c924
0003aca0	00037b06	FUN_00037b06
0003aca0	0004c5fa	FUN_0004c5fa
0003aca0	0004c72c	FUN_0004c72c
0003aca0	0004c73e	FUN_0004c73e
0003aca0	0004c750	FUN_0004c750
0003aca0	0004e5a6	FUN_0004e5a6
0003aca0	0004d3d8	FUN_0004d3d8
0003aca0	0004cd92	FUN_0004cd92
0003aca0	0003ddfa	FUN_0003ddfa
0003aca0	0004d528	FUN_0004d528
0003aca0	00037284	FUN_00037284
0003aca0	0003db0a	FUN_0003db0a
0003aca0	0004c71a	FUN_0004c71a
0003aca0	00037b0e	FUN_00037b0e
0003b010	00015a14	FUN_00015a14
0003b010	00015b54	FUN_00015b54
0003b05c	0003b010	FUN_0003b010
0003b0f0	0004c924	FUN_0004c924
0003b0f0	0004c96c	FUN_0004c96c
0003b0f0	0004c960	FUN_0004c960
0003bc70	00058970	FUN_00058970
0003bc84	0005a550	FUN_0005a550
0003bc84	0004bc8c	FUN_0004bc8c
0003bc84	00046698	FUN_00046698
0003bc84	00060710	FUN_00060710
0003bc84	00046688	FUN_00046688
0003bc84	00049974	FUN_00049974
0003bcc0	0004b9de	FUN_0004b9de
0003bcc0	0004ba5c	FUN_0004ba5c
0003bcc0	00046688	FUN_00046688
0003bcc0	00047298	FUN_00047298
0003bcc0	0004ea90	FUN_0004ea90
0003bcc0	0001814c	FUN_0001814c
0003bcc0	0004e8b2	FUN_0004e8b2
0003bcc0	000471d8	FUN_000471d8
0003bcc0	00046756	FUN_00046756
0003bcc0	0004e5a6	FUN_0004e5a6
0003bcc0	0001cb8c	FUN_0001cb8c
0003bcc0	00046700	FUN_00046700
0003bcc0	0004037c	FUN_0004037c
0003bcc0	0004e960	FUN_0004e960
0003bcc0	0004eb0e	FUN_0004eb0e
0003bcc0	0004e4b2	FUN_0004e4b2
0003be80	0004bbb0	FUN_0004bbb0
0003be80	0004bb3c	FUN_0004bb3c
0003be80	0003db32	FUN_0003db32
0003be80	0003db4c	FUN_0003db4c
0003be80	0004cc08	FUN_0004cc08
0003bf38	0003db28	FUN_0003db28
0003bf38	0003db0a	FUN_0003db0a
0003bf38	0004173e	FUN_0004173e
0003bf62	0004da38	FUN_0004da38
0003bf62	00049a7c	FUN_00049a7c
0003bf62	0004ba5c	FUN_0004ba5c
0003bf62	0004dbe0	FUN_0004dbe0
0003bf62	0004d706	FUN_0004d706
0003bf62	0003bf62	FUN_0003bf62
0003bfbc	0003c150	FUN_0003c150
0003bfbc	0003c132	FUN_0003c132
0003c068	00015398	FUN_00015398
0003c068	0001540c	FUN_0001540c
0003c068	000153b4	FUN_000153b4
0003c068	000152e0	FUN_000152e0
0003c102	0001c34c	thunk_FUN_000658d4
0003c102	0003c132	FUN_0003c132
0003c11a	0001c34c	thunk_FUN_000658d4
0003c11a	0003c132	FUN_0003c132
0003c132	00015384	FUN_00015384
0003c132	0003c24c	FUN_0003c24c
0003c150	000153e0	FUN_000153e0
0003c150	0003c24c	FUN_0003c24c
0003c170	00014554	FUN_00014554
0003c170	0001515c	FUN_0001515c
0003c170	00012272	FUN_00012272
0003c170	000145b8	FUN_000145b8
0003c170	000145da	FUN_000145da
0003c170	00016d4c	FUN_00016d4c
0003c170	00014558	FUN_00014558
0003c24c	0001453c	FUN_0001453c
0003c24c	000144fc	FUN_000144fc
0003c2a4	0001c34c	thunk_FUN_000658d4
0003c2a4	000153e0	FUN_000153e0
0003c2a4	0001453c	FUN_0001453c
0003c2a4	000144fc	FUN_000144fc
0003c354	00014550	FUN_00014550
0003c36c	0003c170	FUN_0003c170
0003c36c	00015384	FUN_00015384
0003c36c	0001c34c	thunk_FUN_000658d4
0003c36c	0001c06c	FUN_0001c06c
0003c36c	0001bfde	FUN_0001bfde
0003c36c	000153e0	FUN_000153e0
0003c36c	0003c150	FUN_0003c150
0003c36c	0003c068	FUN_0003c068
0003c36c	00015174	FUN_00015174
0003c36c	0001bd0c	FUN_0001bd0c
0003c36c	00060258	FUN_00060258
0003c36c	0003c132	FUN_0003c132
0003c410	0001decc	FUN_0001decc
0003c410	00014550	FUN_00014550
0003c43c	0001cb8c	FUN_0001cb8c
0003c43c	000558b0	FUN_000558b0
0003c468	0004a602	FUN_0004a602
0003c468	00053592	FUN_00053592
0003c5bc	0004a602	FUN_0004a602
0003c5bc	00053592	FUN_00053592
0003c7b6	000472d4	FUN_000472d4
0003c7b6	000373ec	FUN_000373ec
0003c7b6	00048288	FUN_00048288
0003c7b6	0004e5a6	FUN_0004e5a6
0003c7b6	0004d3d8	FUN_0004d3d8
0003c7b6	000482e0	FUN_000482e0
0003c7b6	0004743a	FUN_0004743a
0003c7b6	00045fa8	FUN_00045fa8
0003c7b6	00047eec	FUN_00047eec
0003c7b6	0004bbe2	FUN_0004bbe2
0003c838	00057ea0	FUN_00057ea0
0003c838	0003df0c	FUN_0003df0c
0003c838	000550a0	FUN_000550a0
0003c838	0001cb8c	FUN_0001cb8c
0003c838	0004037c	FUN_0004037c
0003c838	0004e960	FUN_0004e960
0003c838	00015a5c	FUN_00015a5c
0003c838	00047d8e	FUN_00047d8e
0003c838	000499de	FUN_000499de
0003c838	0004ea90	FUN_0004ea90
0003c838	0004aa6e	FUN_0004aa6e
0003c838	0004e8b2	FUN_0004e8b2
0003c948	0004a152	FUN_0004a152
0003c948	0002382c	FUN_0002382c
0003c948	0005285c	FUN_0005285c
0003c97c	0005b0f4	FUN_0005b0f4
0003c97c	0004a118	FUN_0004a118
0003c97c	0002382c	FUN_0002382c
0003c97c	0004a13c	FUN_0004a13c
0003c9c4	0004a118	FUN_0004a118
0003c9c4	0004a13c	FUN_0004a13c
0003c9f8	0004a57a	FUN_0004a57a
0003ca2c	0004a388	FUN_0004a388
0003ca2c	000405ba	FUN_000405ba
0003ca68	0003ca2c	FUN_0003ca2c
0003ca82	0003ca2c	FUN_0003ca2c
0003ca98	0004a388	FUN_0004a388
0003cb6c	0004a162	FUN_0004a162
0003cb6c	0005b380	FUN_0005b380
0003cb6c	0002382c	FUN_0002382c
0003cb6c	00052708	FUN_00052708
0003cb6c	0004a404	FUN_0004a404
0003cb6c	0005b170	FUN_0005b170
0003ccb0	0004e00e	FUN_0004e00e
0003ccb0	00052708	FUN_00052708
0003ccb0	0004aa6e	FUN_0004aa6e
0003ccb0	0004e5e4	FUN_0004e5e4
0003cd40	0004b210	FUN_0004b210
0003cd40	0004b144	FUN_0004b144
0003cd58	0004d0bc	FUN_0004d0bc
0003cd58	000371f0	FUN_000371f0
0003cd58	0004c88e	FUN_0004c88e
0003cd58	0004c8e2	FUN_0004c8e2
0003cd58	0004cdfc	FUN_0004cdfc
0003cd58	0004c846	FUN_0004c846
0003cd58	00042ec4	FUN_00042ec4
0003cd58	00040ce4	FUN_00040ce4
0003cd58	0004c7e6	FUN_0004c7e6
0003cd58	00040c74	FUN_00040c74
0003cd58	00046698	FUN_00046698
0003cd58	00046718	FUN_00046718
0003cd58	00042a98	FUN_00042a98
0003cd58	000374e4	FUN_000374e4
0003cea4	0004a388	FUN_0004a388
0003cea4	0003cbf8	FUN_0003cbf8
0003cea4	000371f0	FUN_000371f0
0003cea4	0003db32	FUN_0003db32
0003cea4	0003d7bc	FUN_0003d7bc
0003cea4	0004c88e	FUN_0004c88e
0003cea4	0003dcb8	FUN_0003dcb8
0003cea4	0004c8e2	FUN_0004c8e2
0003cea4	0004c846	FUN_0004c846
0003cea4	00046688	FUN_00046688
0003cea4	00047eec	FUN_00047eec
0003cea4	0003b0f0	FUN_0003b0f0
0003cea4	000472d4	FUN_000472d4
0003cea4	0004673a	FUN_0004673a
0003cea4	0003cd58	FUN_0003cd58
0003cea4	00048288	FUN_00048288
0003cea4	00040c08	FUN_00040c08
0003cea4	0004c7e6	FUN_0004c7e6
0003cea4	0004743a	FUN_0004743a
0003cea4	0003ddf0	FUN_0003ddf0
0003cea4	0004c5ac	FUN_0004c5ac
0003cea4	0004b9b2	FUN_0004b9b2
0003cea4	000526fc	FUN_000526fc
0003cea4	0003dfb4	FUN_0003dfb4
0003cea4	0004bbe2	FUN_0004bbe2
0003cea4	0004e5a6	FUN_0004e5a6
0003cea4	00046700	FUN_00046700
0003cea4	000482e0	FUN_000482e0
0003cea4	00046698	FUN_00046698
0003cea4	00052708	FUN_00052708
0003cea4	0004673e	FUN_0004673e
0003cea4	0004cd84	FUN_0004cd84
0003d450	0003d614	FUN_0003d614
0003d450	0003d6f8	FUN_0003d6f8
0003d476	0003d49c	FUN_0003d49c
0003d49c	0004d3d8	FUN_0004d3d8
0003d49c	0003a970	FUN_0003a970
0003d614	0004d3d8	FUN_0004d3d8
0003d614	0003a970	FUN_0003a970
0003d614	0003aa38	FUN_0003aa38
0003d6e0	0004d3d8	FUN_0004d3d8
0003d6f8	0004d3d8	FUN_0004d3d8
0003d6f8	0003a970	FUN_0003a970
0003d6f8	0003aa38	FUN_0003aa38
0003d7bc	0004a388	FUN_0004a388
0003d7bc	0003d614	FUN_0003d614
0003d7bc	0003d450	FUN_0003d450
0003d7bc	0003d6f8	FUN_0003d6f8
0003da34	0003db8c	FUN_0003db8c
0003da34	0003dc12	FUN_0003dc12
0003db8c	0003dcb8	FUN_0003dcb8
0003dc3a	0003dcb8	FUN_0003dcb8
0003dcb8	0003dcb8	FUN_0003dcb8
0003dcb8	0004f2a8	FUN_0004f2a8
0003de3c	0003de0e	FUN_0003de0e
0003de42	0004a318	FUN_0004a318
0003de60	0003ded6	FUN_0003ded6
0003de60	0004a404	FUN_0004a404
0003de96	0003de0e	FUN_0003de0e
0003de96	0003def8	FUN_0003def8
0003de96	0004a538	FUN_0004a538
0003ded6	0004f588	FUN_0004f588
0003def8	0003ded6	FUN_0003ded6
0003df0c	00046bec	FUN_00046bec
0003df0c	0005285c	FUN_0005285c
0003df0c	00052ac6	FUN_00052ac6
0003df0c	0004a318	FUN_0004a318
0003df44	00052940	FUN_00052940
0003df44	000528ac	FUN_000528ac
0003df44	00046bec	FUN_00046bec
0003df98	000528ac	FUN_000528ac
0003df98	00046bec	FUN_00046bec
0003e046	0004d3d8	FUN_0004d3d8
0003e04e	0004d3d8	FUN_0004d3d8
0003e078	0003e1ee	FUN_0003e1ee
0003e078	0004e00e	FUN_0004e00e
0003e078	0003e26c	FUN_0003e26c
0003e0d2	0003c97c	FUN_0003c97c
0003e0f0	0004673a	FUN_0004673a
0003e0f0	0004c894	FUN_0004c894
0003e0f0	0004d40e	FUN_0004d40e
0003e0f0	0004c8e8	FUN_0004c8e8
0003e0f0	0004b03e	FUN_0004b03e
0003e0f0	0004c7ec	FUN_0004c7ec
0003e0f0	00046698	FUN_00046698
0003e0f0	0004c84c	FUN_0004c84c
0003e0f0	00046688	FUN_00046688
0003e0f0	0004b9b2	FUN_0004b9b2
0003e0f0	0002c234	FUN_0002c234
0003e222	0003e2b0	FUN_0003e2b0
0003e26c	0003e2b0	FUN_0003e2b0
0003e2b0	0003e1ee	FUN_0003e1ee
0003e2b0	0003c97c	FUN_0003c97c
0003e2b0	0004d3d8	FUN_0004d3d8
0003e2b0	0003cb1e	FUN_0003cb1e
0003e2b0	0004c924	FUN_0004c924
0003e2b0	0003c9f8	FUN_0003c9f8
0003e2b0	0003cafa	FUN_0003cafa
0003e2b0	0003cb2a	FUN_0003cb2a
0003e2b0	0003caea	FUN_0003caea
0003e2b0	0003cb6c	FUN_0003cb6c
0003e2b0	0003cadc	FUN_0003cadc
0003e354	00036b0c	FUN_00036b0c
0003e354	000413fe	FUN_000413fe
0003e374	00040314	FUN_00040314
0003e374	0003db28	FUN_0003db28
0003e374	00027f94	FUN_00027f94
0003e374	00036b7c	FUN_00036b7c
0003e374	00046bec	FUN_00046bec
0003e374	0004173e	FUN_0004173e
0003e374	000413fe	FUN_000413fe
0003e374	0004137c	FUN_0004137c
0003e374	0004a318	FUN_0004a318
0003e588	00046d6e	FUN_00046d6e
0003e588	00050a14	thunk_FUN_00050a1a
0003e588	00046ca0	FUN_00046ca0
0003e588	0004a404	FUN_0004a404
0003e608	00047904	FUN_00047904
0003e608	0004790c	FUN_0004790c
0003e608	00047724	FUN_00047724
0003e608	00047900	FUN_00047900
0003e608	00047908	FUN_00047908
0003e64c	000476b0	FUN_000476b0
0003e64c	00050a14	thunk_FUN_00050a1a
0003e64c	00036b0c	FUN_00036b0c
0003e64c	00047614	FUN_00047614
0003e64c	000372dc	FUN_000372dc
0003e64c	00027dcc	FUN_00027dcc
0003e64c	00027ee0	FUN_00027ee0
0003e64c	0004a318	FUN_0004a318
0003e64c	00040314	FUN_00040314
0003e64c	00046ca0	FUN_00046ca0
0003e64c	00041498	FUN_00041498
0003e64c	00046bec	FUN_00046bec
0003e64c	0001046a	FUN_0001046a
0003e64c	00046cd8	FUN_00046cd8
0003e64c	00047858	FUN_00047858
0003e7ec	0004e00e	FUN_0004e00e
0003e7ec	0004aa6e	FUN_0004aa6e
0003e808	0004b210	FUN_0004b210
0003e808	0004b144	FUN_0004b144
0003e820	0003aa70	FUN_0003aa70
0003e820	0004de6c	FUN_0004de6c
0003e84e	0003e820	FUN_0003e820
0003e86c	0003ee60	FUN_0003ee60
0003e88c	0004b210	FUN_0004b210
0003e88c	0004b144	FUN_0004b144
0003e8a4	00046bec	FUN_00046bec
0003e8bc	00050a14	thunk_FUN_00050a1a
0003e8bc	000466ae	FUN_000466ae
0003e8bc	0003db28	FUN_0003db28
0003e8bc	00046688	FUN_00046688
0003e8bc	00053534	FUN_00053534
0003e8bc	0002d378	FUN_0002d378
0003e8bc	00047eec	FUN_00047eec
0003e8bc	0004bbe2	FUN_0004bbe2
0003e8bc	0003ee60	FUN_0003ee60
0003e8bc	000472d4	FUN_000472d4
0003e8bc	00046862	FUN_00046862
0003e8bc	00048288	FUN_00048288
0003e8bc	0004e5a6	FUN_0004e5a6
0003e8bc	0003aa70	FUN_0003aa70
0003e8bc	00048270	FUN_00048270
0003e8bc	00046700	FUN_00046700
0003e8bc	0004baf8	FUN_0004baf8
0003e8bc	000482e0	FUN_000482e0
0003e8bc	00046698	FUN_00046698
0003e8bc	00036f38	FUN_00036f38
0003e8bc	0004c822	FUN_0004c822
0003e8bc	0004b9b2	FUN_0004b9b2
0003ed78	00050a14	thunk_FUN_00050a1a
0003ede0	0003aa70	FUN_0003aa70
0003ede0	0004de6c	FUN_0004de6c
0003ede0	0003e84e	FUN_0003e84e
0003ee28	0003ede0	FUN_0003ede0
0003ee46	0004a404	FUN_0004a404
0003ee60	0004c8ee	FUN_0004c8ee
0003ee60	00050a14	thunk_FUN_00050a1a
0003ee60	0004c852	FUN_0004c852
0003ee60	0004c660	FUN_0004c660
0003ee60	0004de6c	FUN_0004de6c
0003ee60	0004c924	FUN_0004c924
0003ee60	0004c690	FUN_0004c690
0003ee60	0004bb1a	FUN_0004bb1a
0003ee60	0004c8ca	FUN_0004c8ca
0003ee60	000370a2	FUN_000370a2
0003ee60	0004d3d8	FUN_0004d3d8
0003ee60	0004baf8	FUN_0004baf8
0003ee60	00023730	FUN_00023730
0003ee60	0004c822	FUN_0004c822
0003ee60	0003ddf0	FUN_0003ddf0
0003f028	0003aa70	FUN_0003aa70
0003f054	0003f130	FUN_0003f130
0003f054	0004aa44	FUN_0004aa44
0003f054	0004aa48	FUN_0004aa48
0003f09e	0003f130	FUN_0003f130
0003f09e	0004aa44	FUN_0004aa44
0003f09e	00025050	FUN_00025050
0003f09e	0004aa48	FUN_0004aa48
0003f0e6	00046bec	FUN_00046bec
0003f0e6	0004aa40	FUN_0004aa40
0003f130	0003f16a	FUN_0003f16a
0003f130	0003f188	FUN_0003f188
0003f158	0003f16a	FUN_0003f16a
0003f158	00046bec	FUN_00046bec
0003f1ca	0003f16a	FUN_0003f16a
0003f1ca	0004aa44	FUN_0004aa44
0003f1ca	0003f17c	FUN_0003f17c
0003f1ca	0003f158	FUN_0003f158
0003f1ca	0003f1a8	FUN_0003f1a8
0003f1ca	0003f1b0	FUN_0003f1b0
0003f1ca	0004aa48	FUN_0004aa48
0003f220	0003ee28	FUN_0003ee28
0003f220	0004ea86	FUN_0004ea86
0003f220	0003f338	FUN_0003f338
0003f220	0003e88c	FUN_0003e88c
0003f220	0004f078	FUN_0004f078
0003f220	0004eae2	FUN_0004eae2
0003f220	0003ee60	FUN_0003ee60
0003f220	0004e63c	FUN_0004e63c
0003f220	0004e624	FUN_0004e624
0003f220	0004a57a	FUN_0004a57a
0003f220	0004aa4c	FUN_0004aa4c
0003f220	0003816c	FUN_0003816c
0003f220	0004aa6e	FUN_0004aa6e
0003f338	0003ede0	FUN_0003ede0
0003f338	0003edc4	FUN_0003edc4
0003f338	0004b9de	FUN_0004b9de
0003f338	0003f028	FUN_0003f028
0003f338	0004e5a6	FUN_0004e5a6
0003f338	0003777c	FUN_0003777c
0003f338	0004d3d8	FUN_0004d3d8
0003f338	0004ba5c	FUN_0004ba5c
0003f338	0003816c	FUN_0003816c
0003f338	0003e84e	FUN_0003e84e
0003f338	00050540	FUN_00050540
0003f338	00037294	FUN_00037294
0003f486	0004a162	FUN_0004a162
0003f486	0004f266	FUN_0004f266
0003f4be	0004a200	FUN_0004a200
0003f4be	00046bec	FUN_00046bec
0003f4be	0004a57a	FUN_0004a57a
0003f4be	0004a318	FUN_0004a318
0003f4be	0004a2ac	FUN_0004a2ac
0003f56c	0004a152	FUN_0004a152
0003f5c0	0004b210	FUN_0004b210
0003f5c0	0004b144	FUN_0004b144
0003f5d8	0004a0d8	FUN_0004a0d8
0003f5d8	0004a118	FUN_0004a118
0003f5d8	00046bec	FUN_00046bec
0003f5d8	0004a2ac	FUN_0004a2ac
0003f648	0002baf0	FUN_0002baf0
0003f648	00031a78	FUN_00031a78
0003f648	0004a23c	FUN_0004a23c
0003f648	00046688	FUN_00046688
0003f648	0004bb1a	FUN_0004bb1a
0003f648	00047eec	FUN_00047eec
0003f648	0004bd90	FUN_0004bd90
0003f648	00048288	FUN_00048288
0003f648	0004e5a6	FUN_0004e5a6
0003f648	0002b818	FUN_0002b818
0003f648	00046698	FUN_00046698
0003f648	00031c68	FUN_00031c68
0003f648	00046718	FUN_00046718
0003f648	0004c858	FUN_0004c858
0003f648	0003ab20	FUN_0003ab20
0003f648	0004b9b2	FUN_0004b9b2
0003f648	000320ac	FUN_000320ac
0003f77c	0004a388	FUN_0004a388
0003f77c	0004baf8	FUN_0004baf8
0003f77c	0004a120	FUN_0004a120
0003f77c	0004bf14	FUN_0004bf14
0003f77c	0004a14a	FUN_0004a14a
0003f77c	0004c696	FUN_0004c696
0003f77c	0004c8f4	FUN_0004c8f4
0003f77c	0004bb1a	FUN_0004bb1a
0003f77c	0004c828	FUN_0004c828
0003f77c	0004a144	FUN_0004a144
0003f77c	0004c858	FUN_0004c858
0003f77c	0004bd90	FUN_0004bd90
0003f90e	0004a118	FUN_0004a118
0003f90e	0004a13c	FUN_0004a13c
0003f922	0004d3d8	FUN_0004d3d8
0003f926	00046bec	FUN_00046bec
0003f926	0004a2ac	FUN_0004a2ac
0003f960	0004d3d8	FUN_0004d3d8
0003f960	0003f90e	FUN_0003f90e
0003f98e	0004d3d8	FUN_0004d3d8
0003f9a4	0004d3d8	FUN_0004d3d8
0003f9a4	00046bec	FUN_00046bec
0003f9d4	0004d3d8	FUN_0004d3d8
0003f9d4	0004a14a	FUN_0004a14a
0003f9d4	0004a144	FUN_0004a144
0003f9d4	00053fb8	FUN_00053fb8
0003fa48	0004d3d8	FUN_0004d3d8
0003fa78	0003ab20	FUN_0003ab20
0003fa98	0004e00e	FUN_0004e00e
0003fa98	0004aa6e	FUN_0004aa6e
0003fad8	00046bec	FUN_00046bec
0003fcb0	0004c8fa	FUN_0004c8fa
0003fcb0	0003db32	FUN_0003db32
0003fcb0	00046bd6	FUN_00046bd6
0003fcb0	0004c924	FUN_0004c924
0003fcb0	00046688	FUN_00046688
0003fcb0	0004cf40	FUN_0004cf40
0003fcb0	0004673a	FUN_0004673a
0003fcb0	0004cb28	FUN_0004cb28
0003fcb0	00041db4	FUN_00041db4
0003fcb0	0004c82e	FUN_0004c82e
0003fcb0	0004cb52	FUN_0004cb52
0003fcb0	00046718	FUN_00046718
0003fcb0	00042a98	FUN_00042a98
0003fcb0	0004b9b2	FUN_0004b9b2
0003fcb0	0004c7f8	FUN_0004c7f8
0003fcb0	00041d52	FUN_00041d52
0003fcb0	00051970	FUN_00051970
0003fcb0	0004d0bc	FUN_0004d0bc
0003fcb0	0004c8a0	FUN_0004c8a0
0003fcb0	0004c85e	FUN_0004c85e
0003fcb0	00042ec4	FUN_00042ec4
0003fcb0	0004b03e	FUN_0004b03e
0003fcb0	00046698	FUN_00046698
0003fcb0	0003db0a	FUN_0003db0a
0003fcb0	0004cb70	FUN_0004cb70
0003feaa	0004a57a	FUN_0004a57a
0003ff88	00040436	FUN_00040436
0003ff88	0003fee6	FUN_0003fee6
00040106	0003ff18	FUN_0003ff18
00040106	0004045a	FUN_0004045a
0004029c	000403bc	FUN_000403bc
000402d2	0004029c	FUN_0004029c
000402d2	000403d2	FUN_000403d2
000402f4	00040554	FUN_00040554
0004034e	00040314	FUN_00040314
000404ba	0004a57a	FUN_0004a57a
000404e2	0004a57a	FUN_0004a57a
0004050c	0004a57a	FUN_0004a57a
0004059e	000403bc	FUN_000403bc
000405ba	000280ee	FUN_000280ee
000405ba	000103ea	FUN_000103ea
000406b2	0004663c	FUN_0004663c
000406c0	000406b2	FUN_000406b2
000406c0	000525a0	FUN_000525a0
000406c0	0004a162	FUN_0004a162
000406c0	0004a5da	FUN_0004a5da
000406c0	0005285c	FUN_0005285c
000406c0	0004e822	FUN_0004e822
000406c0	000526b0	FUN_000526b0
000406c0	0004b384	FUN_0004b384
000406c0	0004e00e	FUN_0004e00e
000406c0	0004d3d8	FUN_0004d3d8
000406c0	000525b8	FUN_000525b8
000406c0	00052a82	FUN_00052a82
000406c0	0004a152	FUN_0004a152
000406c0	00052708	FUN_00052708
000406c0	0004a360	FUN_0004a360
000406c0	0004e210	FUN_0004e210
000406c0	0004f04c	FUN_0004f04c
00040914	0004a118	FUN_0004a118
00040914	0004a13c	FUN_0004a13c
000409b4	000452fc	FUN_000452fc
000409b4	0004a200	FUN_0004a200
000409b4	00052a74	FUN_00052a74
000409b4	00040890	FUN_00040890
000409b4	0004f68c	FUN_0004f68c
000409b4	0005a714	FUN_0005a714
000409b4	00040acc	FUN_00040acc
000409b4	0004a57a	FUN_0004a57a
000409b4	0004ef90	FUN_0004ef90
000409b4	0005ac84	FUN_0005ac84
000409b4	00040988	FUN_00040988
00040acc	0004a5da	FUN_0004a5da
00040acc	000467fc	FUN_000467fc
00040b08	000411a4	FUN_000411a4
00040b08	00041554	FUN_00041554
00040b08	00040bc8	FUN_00040bc8
00040b08	00040960	FUN_00040960
00040b08	000408b0	FUN_000408b0
00040b08	00041788	FUN_00041788
00040b08	0004087c	FUN_0004087c
00040c08	0004089c	FUN_0004089c
00040c36	0004a360	FUN_0004a360
00040c74	0004197c	FUN_0004197c
00040c74	00040c36	FUN_00040c36
00040c74	0004a404	FUN_0004a404
00040c74	0004a318	FUN_0004a318
00040ce4	0004029c	FUN_0004029c
00040ce4	0004a57a	FUN_0004a57a
00040d14	00052d08	thunk_FUN_00052d12
00041086	0004a5ea	FUN_0004a5ea
000410a2	00040314	FUN_00040314
000410a2	00020316	FUN_00020316
000410a2	00041788	FUN_00041788
000410a2	0004a538	FUN_0004a538
000411ca	0004a5e2	FUN_0004a5e2
000411ca	00040314	FUN_00040314
000411ca	0003db4c	FUN_0003db4c
000411ca	0003db28	FUN_0003db28
000411ca	0003db0a	FUN_0003db0a
000411ca	000414c8	FUN_000414c8
0004126c	00040314	FUN_00040314
0004126c	0003db28	FUN_0003db28
0004126c	000414c8	FUN_000414c8
0004126c	0004a404	FUN_0004a404
00041364	0004137c	FUN_0004137c
0004137c	000411a4	FUN_000411a4
0004137c	00046bec	FUN_00046bec
0004137c	00020316	FUN_00020316
0004137c	0004a360	FUN_0004a360
0004137c	00041788	FUN_00041788
000413fe	00046bec	FUN_00046bec
0004142a	0004a404	FUN_0004a404
0004142a	0004137c	FUN_0004137c
0004146e	000297a4	FUN_000297a4
00041498	00041554	FUN_00041554
000414c8	00040314	FUN_00040314
0004151e	0004a5e2	FUN_0004a5e2
00041554	000411a4	FUN_000411a4
00041554	0004a5e2	FUN_0004a5e2
00041554	00041788	FUN_00041788
000415bc	000415dc	FUN_000415dc
000415dc	0004151e	FUN_0004151e
00041604	0004050c	FUN_0004050c
00041604	0003feaa	FUN_0003feaa
0004173e	00020316	FUN_00020316
0004173e	00041788	FUN_00041788
000417b0	0004a360	FUN_0004a360
000417d4	00040914	FUN_00040914
000417d4	0004181c	FUN_0004181c
0004181c	000375de	FUN_000375de
0004181c	00046bec	FUN_00046bec
0004181c	0003db0a	FUN_0003db0a
0004181c	000413fe	FUN_000413fe
0004181c	00045f9a	FUN_00045f9a
00041964	0004a5ea	FUN_0004a5ea
0004197c	0004e5a6	FUN_0004e5a6
0004197c	000417d4	FUN_000417d4
0004197c	0004cd84	FUN_0004cd84
000419fc	0004f604	FUN_0004f604
000419fc	00040960	FUN_00040960
000419fc	0003db4c	FUN_0003db4c
000419fc	000408b0	FUN_000408b0
00041ac4	0004a57a	FUN_0004a57a
00041acc	0004197c	FUN_0004197c
00041acc	0004775c	FUN_0004775c
00041acc	0003db28	FUN_0003db28
00041acc	00040c36	FUN_00040c36
00041acc	00046bec	FUN_00046bec
00041acc	0003db0a	FUN_0003db0a
00041acc	0004747e	FUN_0004747e
00041acc	0003ddd6	FUN_0003ddd6
00041acc	0004a404	FUN_0004a404
00041acc	0004a318	FUN_0004a318
00041b74	0004029c	FUN_0004029c
00041b74	0004a57a	FUN_0004a57a
00041d52	0004197c	FUN_0004197c
00041d52	00040c36	FUN_00040c36
00041d52	00050a40	FUN_00050a40
00041d52	0004a404	FUN_0004a404
00041d52	0004a318	FUN_0004a318
00041db4	0004029c	FUN_0004029c
00041db4	0004a57a	FUN_0004a57a
00041db4	0004f04c	FUN_0004f04c
00042244	0004197c	FUN_0004197c
00042244	0003db28	FUN_0003db28
00042244	00040c36	FUN_00040c36
00042244	0003db0a	FUN_0003db0a
00042244	0004747e	FUN_0004747e
00042244	0003ddd6	FUN_0003ddd6
00042244	0004a404	FUN_0004a404
00042244	0004a318	FUN_0004a318
000422d0	000375de	FUN_000375de
000422d0	0004035a	FUN_0004035a
000422d0	000411ca	FUN_000411ca
000422d0	0003db28	FUN_0003db28
000422d0	0003db0a	FUN_0003db0a
000422d0	00041788	FUN_00041788
000422d0	00041364	FUN_00041364
0004233c	0004f604	FUN_0004f604
0004233c	0004a360	FUN_0004a360
00042398	000414c8	FUN_000414c8
000423a0	0004197c	FUN_0004197c
000423a0	00040c36	FUN_00040c36
000423a0	0004a404	FUN_0004a404
000423a0	0004a318	FUN_0004a318
00042462	0004029c	FUN_0004029c
00042462	0004a57a	FUN_0004a57a
00042492	0004a602	FUN_0004a602
00042492	000426e2	FUN_000426e2
000426e2	0004a602	FUN_0004a602
000426e2	0003c468	FUN_0003c468
000426e2	0003c5bc	FUN_0003c5bc
0004278a	0003db0a	FUN_0003db0a
0004278a	0004a602	FUN_0004a602
0004278a	0003da22	FUN_0003da22
0004278a	0003db28	FUN_0003db28
0004278a	00053592	FUN_00053592
000429dc	0004035a	FUN_0004035a
000429dc	0004e5a6	FUN_0004e5a6
000429dc	00040c36	FUN_00040c36
000429dc	0004197c	FUN_0004197c
000429dc	0004a404	FUN_0004a404
000429dc	0004cd84	FUN_0004cd84
000429dc	0004e00e	FUN_0004e00e
000429dc	0004aa6e	FUN_0004aa6e
000429dc	0004a318	FUN_0004a318
00042a4c	0004a57a	FUN_0004a57a
00042a54	0004fea8	FUN_0004fea8
00042a54	0004ef90	FUN_0004ef90
00042a54	0005285c	FUN_0005285c
00042a54	0002ed60	FUN_0002ed60
00042a54	0002e158	FUN_0002e158
00042a98	00051970	FUN_00051970
00042a98	00041b74	FUN_00041b74
00042a98	0003db32	FUN_0003db32
00042a98	0003d7de	FUN_0003d7de
00042a98	0003ddd6	FUN_0003ddd6
00042a98	0004775c	FUN_0004775c
00042a98	00047ecc	FUN_00047ecc
00042a98	00040c36	FUN_00040c36
00042a98	0004197c	FUN_0004197c
00042a98	0004a5ea	FUN_0004a5ea
00042a98	00041964	FUN_00041964
00042a98	00041db4	FUN_00041db4
00042a98	0004a318	FUN_0004a318
00042a98	0001046a	FUN_0001046a
00042ec4	0004029c	FUN_0004029c
00042ec4	0004059e	FUN_0004059e
00042ec4	0004a5ea	FUN_0004a5ea
0004337c	0003ddd6	FUN_0003ddd6
0004337c	000438b4	FUN_000438b4
0004337c	0004403c	FUN_0004403c
0004337c	000435ea	FUN_000435ea
0004337c	00043d9c	FUN_00043d9c
0004337c	0003db4c	FUN_0003db4c
0004337c	00043fb8	FUN_00043fb8
0004337c	0003db0a	FUN_0003db0a
0004337c	00043f34	FUN_00043f34
0004337c	00043a86	FUN_00043a86
0004337c	00043f76	FUN_00043f76
0004337c	0004407e	FUN_0004407e
0004337c	00042398	FUN_00042398
0004337c	0003db28	FUN_0003db28
0004337c	00043ba0	FUN_00043ba0
0004337c	00043748	FUN_00043748
0004337c	00043ffa	FUN_00043ffa
0004337c	00040314	FUN_00040314
000435ea	000404ba	FUN_000404ba
000435ea	00040396	FUN_00040396
000435ea	0003ff88	FUN_0003ff88
00043748	000404e2	FUN_000404e2
00043748	00040584	FUN_00040584
00043748	00040106	FUN_00040106
00043748	0004053c	FUN_0004053c
000438b4	00040396	FUN_00040396
000438b4	00027368	FUN_00027368
000438b4	0005e778	FUN_0005e778
00043a86	00040280	FUN_00040280
00043a86	00040396	FUN_00040396
00043ba0	0003ff4c	FUN_0003ff4c
00043ba0	00040568	FUN_00040568
00043d9c	00040584	FUN_00040584
00043d9c	0004a404	FUN_0004a404
00043d9c	000400ba	FUN_000400ba
00043f34	00038200	FUN_00038200
00043f34	000248e8	FUN_000248e8
00043f34	0005b3b8	FUN_0005b3b8
00043f34	000404ba	FUN_000404ba
00043f34	000229e0	FUN_000229e0
00043f34	0003ff88	FUN_0003ff88
00043f34	0003fef6	FUN_0003fef6
00043f76	00024934	FUN_00024934
00043f76	000404e2	FUN_000404e2
00043f76	0004022a	FUN_0004022a
00043f76	00036ea2	FUN_00036ea2
00043f76	0004a404	FUN_0004a404
00043f76	00040106	FUN_00040106
00043fb8	0003ff24	FUN_0003ff24
00043fb8	000249da	FUN_000249da
00043fb8	00027368	FUN_00027368
00043fb8	00040264	FUN_00040264
00043fb8	0005e778	FUN_0005e778
00043fb8	0003fe7c	FUN_0003fe7c
00043fb8	0003fef6	FUN_0003fef6
00043fb8	00036ec0	FUN_00036ec0
00043ffa	00040280	FUN_00040280
00043ffa	0003ff24	FUN_0003ff24
00043ffa	0004a404	FUN_0004a404
00043ffa	0003fe7c	FUN_0003fe7c
00043ffa	00036ede	FUN_00036ede
00043ffa	0003fef6	FUN_0003fef6
00043ffa	00024a4c	FUN_00024a4c
0004403c	00036efc	FUN_00036efc
0004403c	0003ff4c	FUN_0003ff4c
0004403c	0003bc5a	FUN_0003bc5a
0004403c	0004a404	FUN_0004a404
0004403c	00040194	FUN_00040194
0004403c	00040048	FUN_00040048
0004407e	000401f4	FUN_000401f4
0004407e	00024a98	FUN_00024a98
0004407e	00036f1a	FUN_00036f1a
0004407e	0004a404	FUN_0004a404
0004407e	000400ba	FUN_000400ba
000440c4	0003db0a	FUN_0003db0a
000440c4	00029106	FUN_00029106
000440c4	0003db28	FUN_0003db28
000440c4	0002948c	FUN_0002948c
00044bbc	0001049c	FUN_0001049c
00044bbc	00046fa6	thunk_FUN_00046bec
00044bbc	000452b4	FUN_000452b4
00044bbc	000454e8	FUN_000454e8
00044bbc	0004337c	FUN_0004337c
00044bbc	0003db4c	FUN_0003db4c
00044bbc	00046bec	FUN_00046bec
00044bbc	0003db0a	FUN_0003db0a
00044bbc	00045330	FUN_00045330
00044bbc	0003db28	FUN_0003db28
00044bbc	0004a57a	FUN_0004a57a
00044bbc	000470ce	FUN_000470ce
00044bbc	0004a318	FUN_0004a318
00044fa0	000417b0	FUN_000417b0
00044fa0	00045370	FUN_00045370
00045006	0002cd3c	FUN_0002cd3c
00045006	00044bbc	FUN_00044bbc
00045006	0002d188	FUN_0002d188
00045006	0002ce94	FUN_0002ce94
00045006	00041964	FUN_00041964
00045006	0003db4c	FUN_0003db4c
00045204	0004f266	FUN_0004f266
00045204	0004537c	FUN_0004537c
000452fc	00046bec	FUN_00046bec
000452fc	0004a602	FUN_0004a602
00045330	00046bec	FUN_00046bec
00045330	0004aa48	FUN_0004aa48
00045330	0004aa44	FUN_0004aa44
00045370	0004aa40	FUN_0004aa40
0004537c	000453c0	FUN_000453c0
0004537c	00052d08	thunk_FUN_00052d12
000453c0	0004a602	FUN_0004a602
000453c0	0004f266	FUN_0004f266
000454e8	0003db0a	FUN_0003db0a
000454e8	0004aa48	FUN_0004aa48
000454e8	0003da22	FUN_0003da22
000454e8	0003db28	FUN_0003db28
000454e8	000270ec	FUN_000270ec
000454e8	0004a360	FUN_0004a360
000454e8	0004aa44	FUN_0004aa44
00045794	0003db0a	FUN_0003db0a
00045794	00063bae	FUN_00063bae
00045794	00063d18	FUN_00063d18
00045794	000639d8	FUN_000639d8
00045794	0004034e	FUN_0004034e
00045794	00063874	FUN_00063874
00045794	0003db28	FUN_0003db28
00045794	00063fb0	FUN_00063fb0
00045794	0006423e	FUN_0006423e
00045794	00052d08	thunk_FUN_00052d12
00045794	0006405a	FUN_0006405a
00045fa8	0004e5a6	FUN_0004e5a6
00045fa8	0004e0e6	FUN_0004e0e6
00045fa8	0004aa6e	FUN_0004aa6e
00045fd0	0004b144	FUN_0004b144
00045fd0	00046572	FUN_00046572
00045fd0	0004aa6e	FUN_0004aa6e
00045fd0	0004bc94	FUN_0004bc94
00045fd0	0004b210	FUN_0004b210
00046058	0004b144	FUN_0004b144
00046058	0004b210	FUN_0004b210
00046070	00046bec	FUN_00046bec
00046070	0004b3a0	FUN_0004b3a0
00046094	00051970	FUN_00051970
00046094	00041b74	FUN_00041b74
00046094	0004673e	FUN_0004673e
00046094	00046bd6	FUN_00046bd6
00046094	00047eec	FUN_00047eec
00046094	0003d7de	FUN_0003d7de
00046094	0004775c	FUN_0004775c
00046094	000482c2	FUN_000482c2
00046094	00046248	FUN_00046248
00046094	0004cb2e	FUN_0004cb2e
00046094	00046700	FUN_00046700
00046094	0004e5a6	FUN_0004e5a6
00046094	00047ecc	FUN_00047ecc
00046094	000461e8	FUN_000461e8
00046094	0004f266	FUN_0004f266
00046094	0004673a	FUN_0004673a
00046094	00046698	FUN_00046698
00046094	0004743a	FUN_0004743a
00046094	0004c69c	FUN_0004c69c
00046094	0004c924	FUN_0004c924
00046094	000482e0	FUN_000482e0
00046094	0004b9b2	FUN_0004b9b2
00046094	00046718	FUN_00046718
00046094	00046304	FUN_00046304
00046094	00045fa8	FUN_00045fa8
00046094	000472d4	FUN_000472d4
00046094	00041acc	FUN_00041acc
00046094	00046688	FUN_00046688
00046094	0004bbe2	FUN_0004bbe2
00046094	0004cf40	FUN_0004cf40
00046094	00058850	FUN_00058850
00046094	0004deac	FUN_0004deac
00046094	0004ce8c	FUN_0004ce8c
00046094	00048258	FUN_00048258
00046094	0004d3d8	FUN_0004d3d8
00046094	00041d52	FUN_00041d52
00046094	00041db4	FUN_00041db4
000461e8	00050a64	FUN_00050a64
00046248	0004cd84	FUN_0004cd84
00046258	00046688	FUN_00046688
00046258	000482e0	FUN_000482e0
00046258	0004b9b2	FUN_0004b9b2
00046258	0002d2ce	FUN_0002d2ce
00046258	00047eec	FUN_00047eec
00046258	0003c7b6	FUN_0003c7b6
00046258	0004d3d8	FUN_0004d3d8
00046258	000373ec	FUN_000373ec
00046258	00046698	FUN_00046698
00046258	000482c2	FUN_000482c2
00046258	00048288	FUN_00048288
00046304	0004c924	FUN_0004c924
00046304	0003758e	FUN_0003758e
00046304	0004e654	FUN_0004e654
00046304	0004ac28	FUN_0004ac28
00046304	0004cd44	FUN_0004cd44
00046304	0004ccf8	FUN_0004ccf8
00046304	0004cd6a	FUN_0004cd6a
00046304	0004d680	FUN_0004d680
00046304	00040890	FUN_00040890
00046304	0004bbec	FUN_0004bbec
00046304	00040960	FUN_00040960
00046304	0004e00e	FUN_0004e00e
00046304	0004aaf6	FUN_0004aaf6
00046304	0004e5a6	FUN_0004e5a6
00046304	0004eae2	FUN_0004eae2
00046304	00058850	FUN_00058850
00046304	00049a3a	FUN_00049a3a
00046304	0004ef90	FUN_0004ef90
00046304	0004eb3a	FUN_0004eb3a
00046304	0004ac0a	FUN_0004ac0a
00046304	0004e6e2	FUN_0004e6e2
00046304	0004b108	FUN_0004b108
00046304	0004bc94	FUN_0004bc94
00046304	0004c69c	FUN_0004c69c
000464f2	00046bec	FUN_00046bec
000464f2	00050a2c	FUN_00050a2c
000464f2	0004d3d8	FUN_0004d3d8
000464f2	00050a64	FUN_00050a64
000464f2	0004a318	FUN_0004a318
00046572	00046bec	FUN_00046bec
00046572	0004d3d8	FUN_0004d3d8
000465d6	00058850	FUN_00058850
000465d6	0004d3d8	FUN_0004d3d8
00046602	0004e00e	FUN_0004e00e
00046602	0004aa6e	FUN_0004aa6e
00046602	00048d88	FUN_00048d88
0004663c	0003df08	FUN_0003df08
0004663c	0003de42	FUN_0003de42
0004663c	0003de60	FUN_0003de60
0004663c	0004a318	FUN_0004a318
0004669c	0003de0e	FUN_0003de0e
000466ae	0004673a	FUN_0004673a
00046700	0004673a	FUN_0004673a
0004673e	0004673a	FUN_0004673a
000467c6	00046bec	FUN_00046bec
000467c6	0003df08	FUN_0003df08
000467c6	0003de3c	FUN_0003de3c
000467fc	0003df08	FUN_0003df08
000467fc	0003de3c	FUN_0003de3c
00046862	0004673a	FUN_0004673a
00046894	00041788	FUN_00041788
00046acc	00037460	FUN_00037460
00046acc	000372f4	FUN_000372f4
00046b72	00046a36	FUN_00046a36
00046bec	00052b98	FUN_00052b98
00046bec	00052b38	FUN_00052b38
00046c30	00046bec	FUN_00046bec
00046c74	0004a13c	FUN_0004a13c
00046c74	0004a118	FUN_0004a118
00046ca0	00050a64	FUN_00050a64
00046ccc	0004a152	FUN_0004a152
00046cd8	00046f24	FUN_00046f24
00046cd8	0004a360	FUN_0004a360
00046cd8	00046c74	FUN_00046c74
00046d6e	00046dca	FUN_00046dca
00046dca	0004a404	FUN_0004a404
00046dca	0004a318	FUN_0004a318
00046faa	000403bc	FUN_000403bc
000470ce	00046faa	FUN_00046faa
000470ce	0004a318	FUN_0004a318
00047164	0004a200	FUN_0004a200
00047164	0004737c	FUN_0004737c
00047164	0004af28	FUN_0004af28
00047164	00047304	FUN_00047304
00047164	0004a118	FUN_0004a118
000471a4	0004a162	FUN_0004a162
000471a4	0004a152	FUN_0004a152
000471d8	00036a1e	FUN_00036a1e
00047208	0004e5a6	FUN_0004e5a6
00047208	0004bbe2	FUN_0004bbe2
00047208	00037430	FUN_00037430
00047208	0004d3d8	FUN_0004d3d8
00047208	0004743a	FUN_0004743a
00047208	0004a13c	FUN_0004a13c
00047208	0004a118	FUN_0004a118
00047298	00036a1e	FUN_00036a1e
000472ee	0004a120	FUN_0004a120
000472f8	0004a152	FUN_0004a152
00047304	00047298	FUN_00047298
00047304	000471d8	FUN_000471d8
0004737c	0004e5a6	FUN_0004e5a6
0004737c	00046bec	FUN_00046bec
0004737c	0004bbe2	FUN_0004bbe2
0004737c	00037430	FUN_00037430
0004737c	0004a14a	FUN_0004a14a
0004737c	0004a2ac	FUN_0004a2ac
0004737c	00047304	FUN_00047304
0004737c	0004a13c	FUN_0004a13c
0004737c	0004a118	FUN_0004a118
00047414	0004e5a6	FUN_0004e5a6
00047414	0004cd9c	FUN_0004cd9c
00047414	000472e0	FUN_000472e0
0004743a	0004e5a6	FUN_0004e5a6
0004743a	00037430	FUN_00037430
0004743a	000472e0	FUN_000472e0
0004743a	0004d3d8	FUN_0004d3d8
0004747e	0001049c	FUN_0001049c
0004747e	0004f292	FUN_0004f292
000475c8	0003f0e6	FUN_0003f0e6
000475c8	0003f218	FUN_0003f218
00047624	0004f266	FUN_0004f266
00047624	0004ccf8	FUN_0004ccf8
00047624	0004bbec	FUN_0004bbec
00047624	0004e00e	FUN_0004e00e
00047624	0004aa6e	FUN_0004aa6e
00047698	0004b144	FUN_0004b144
00047698	0004b210	FUN_0004b210
000476b0	00050a40	FUN_00050a40
000476b0	0003f09e	FUN_0003f09e
000476b0	0003f16a	FUN_0003f16a
000476f0	00047614	FUN_00047614
000476f0	0003f1ca	FUN_0003f1ca
00047724	0004a5f2	FUN_0004a5f2
00047724	0004a162	FUN_0004a162
0004775c	00047ecc	FUN_00047ecc
0004775c	00038ff0	FUN_00038ff0
0004775c	0004a5f2	FUN_0004a5f2
0004778c	0003f0e6	FUN_0003f0e6
0004778c	000475c8	FUN_000475c8
0004778c	0003f218	FUN_0003f218
0004778c	0004a152	FUN_0004a152
000477b0	00047ecc	FUN_00047ecc
000477b0	0004146e	FUN_0004146e
000477b0	0003f054	FUN_0003f054
000477b0	00038ff0	FUN_00038ff0
000477b0	00047614	FUN_00047614
000477b0	0004a5f2	FUN_0004a5f2
000477b0	0003f16a	FUN_0003f16a
00047858	0004035a	FUN_0004035a
00047858	00041546	FUN_00041546
00047858	000410a2	FUN_000410a2
00047858	0004142a	FUN_0004142a
00047858	0004126c	FUN_0004126c
00047858	00041604	FUN_00041604
00047858	0004137c	FUN_0004137c
00047858	00041788	FUN_00041788
00047910	00046bec	FUN_00046bec
00047938	0004de6c	FUN_0004de6c
00047938	0004b9b2	FUN_0004b9b2
00047938	0004747e	FUN_0004747e
00047938	0004ccf8	FUN_0004ccf8
00047938	0004bbec	FUN_0004bbec
00047938	0004ba8e	FUN_0004ba8e
00047938	00046688	FUN_00046688
00047938	00047af8	FUN_00047af8
00047938	00047d8e	FUN_00047d8e
00047938	0002bfc4	FUN_0002bfc4
00047938	0003dcb8	FUN_0003dcb8
00047938	0004673a	FUN_0004673a
00047938	00046698	FUN_00046698
00047af8	0004f098	FUN_0004f098
00047b78	00047af8	FUN_00047af8
00047b78	0004de6c	FUN_0004de6c
00047b78	0004ef90	FUN_0004ef90
00047b78	0004d40e	FUN_0004d40e
00047b78	0004f266	FUN_0004f266
00047b78	0004747e	FUN_0004747e
00047b78	0004ccf8	FUN_0004ccf8
00047b78	00040850	FUN_00040850
00047b78	0004bb48	FUN_0004bb48
00047b78	0004bbec	FUN_0004bbec
00047c84	00047af8	FUN_00047af8
00047c84	0004de6c	FUN_0004de6c
00047c84	0004ef90	FUN_0004ef90
00047c84	0004d40e	FUN_0004d40e
00047c84	0004747e	FUN_0004747e
00047c84	0004ccf8	FUN_0004ccf8
00047c84	00040850	FUN_00040850
00047c84	0004bb48	FUN_0004bb48
00047c84	0004bbec	FUN_0004bbec
00047d8e	00047ecc	FUN_00047ecc
00047d8e	00046bec	FUN_00046bec
00047d8e	0004c924	FUN_0004c924
00047d8e	0004de6c	FUN_0004de6c
00047d8e	00051970	FUN_00051970
00047d8e	0004deac	FUN_0004deac
00047d8e	00050a40	FUN_00050a40
00047d8e	0004d3d8	FUN_0004d3d8
00047d8e	0004775c	FUN_0004775c
00047d8e	00065144	FUN_00065144
00047ef8	0005285c	FUN_0005285c
00047ef8	00040890	FUN_00040890
00047ef8	0004a57a	FUN_0004a57a
00047ef8	0004a162	FUN_0004a162
00047f68	0004cbac	FUN_0004cbac
00047f68	0004bc8c	FUN_0004bc8c
00047f68	0004bf04	FUN_0004bf04
00047f68	0004cbc2	FUN_0004cbc2
00047f68	0004bf14	FUN_0004bf14
00047f68	0004cd84	FUN_0004cd84
00047f68	0004bca4	FUN_0004bca4
00047f68	0004b9de	FUN_0004b9de
00047f68	0004bd90	FUN_0004bd90
00047f68	0004bd40	FUN_0004bd40
00047f68	0004be44	FUN_0004be44
00047f68	0004ba5c	FUN_0004ba5c
00047f68	0004cbb2	FUN_0004cbb2
00047f68	0004bef4	FUN_0004bef4
00047f68	0004f292	FUN_0004f292
00048270	0004a13c	FUN_0004a13c
00048270	0004a118	FUN_0004a118
00048308	00039db0	FUN_00039db0
00048308	00039940	FUN_00039940
00048308	0003a588	FUN_0003a588
00048308	00039f78	FUN_00039f78
00048308	0004a57a	FUN_0004a57a
00048308	00052708	FUN_00052708
00048308	00039838	FUN_00039838
000483f8	00048308	FUN_00048308
00048400	00048270	FUN_00048270
00048400	0003a5e0	FUN_0003a5e0
00048428	00047f68	FUN_00047f68
00048428	0004cbac	FUN_0004cbac
00048428	0004bc8c	FUN_0004bc8c
00048428	0004cbc2	FUN_0004cbc2
00048428	0005e4e8	FUN_0005e4e8
00048428	0004bf14	FUN_0004bf14
00048428	0004bca4	FUN_0004bca4
00048428	0004e5a6	FUN_0004e5a6
00048428	0004bd90	FUN_0004bd90
00048428	0004bd40	FUN_0004bd40
00048428	0004be44	FUN_0004be44
00048428	00035d0c	FUN_00035d0c
00048428	0004cbb2	FUN_0004cbb2
00048428	0004e44e	FUN_0004e44e
00048428	0003a78c	FUN_0003a78c
00048428	0004f292	FUN_0004f292
00048428	0004e0e6	FUN_0004e0e6
000485a4	0004bf04	FUN_0004bf04
000485a4	0003642c	FUN_0003642c
000485a4	0004e25c	FUN_0004e25c
000485a4	0005e4e8	FUN_0005e4e8
000485a4	00036328	FUN_00036328
000485a4	0004bf14	FUN_0004bf14
000485a4	0004cd84	FUN_0004cd84
000485a4	0004bca4	FUN_0004bca4
000485a4	0004e5a6	FUN_0004e5a6
000485a4	0004bd90	FUN_0004bd90
000485a4	0004be44	FUN_0004be44
000485a4	00035d0c	FUN_00035d0c
000485a4	0004877e	FUN_0004877e
000485a4	0004e44e	FUN_0004e44e
000485a4	0004bef4	FUN_0004bef4
000487b0	0003dcb8	FUN_0003dcb8
000487b0	0003db32	FUN_0003db32
000487b0	0004cda6	FUN_0004cda6
000487b0	0004ba5c	FUN_0004ba5c
000487b0	000487b0	FUN_000487b0
000487b0	0004cd84	FUN_0004cd84
000487b0	0004eef4	FUN_0004eef4
000487b0	0004bbb0	FUN_0004bbb0
0004883e	000467fc	FUN_000467fc
0004883e	0004a57a	FUN_0004a57a
000488b8	00044fa0	FUN_00044fa0
000488b8	00041d50	FUN_00041d50
000488b8	00052844	FUN_00052844
000488b8	00050560	FUN_00050560
000488b8	0004a152	FUN_0004a152
000488b8	000415bc	FUN_000415bc
000488b8	0004ed08	FUN_0004ed08
000488b8	0004efcc	FUN_0004efcc
000488b8	0003c948	FUN_0003c948
000488b8	0004f398	FUN_0004f398
000488b8	00046ccc	FUN_00046ccc
000488b8	00049ab4	FUN_00049ab4
000488b8	0004778c	FUN_0004778c
000488b8	0004a57a	FUN_0004a57a
000488b8	000472f8	FUN_000472f8
000488b8	0003e608	FUN_0003e608
000488b8	0004a3c4	FUN_0004a3c4
000488b8	0004f688	FUN_0004f688
00048958	0003db8c	FUN_0003db8c
00048958	0003d9b6	FUN_0003d9b6
00048958	00040994	FUN_00040994
00048958	00040890	FUN_00040890
00048958	00040acc	FUN_00040acc
00048958	00040960	FUN_00040960
00048958	000408b0	FUN_000408b0
00048958	0003db4c	FUN_0003db4c
00048a44	0004ac0a	FUN_0004ac0a
00048a44	0004aa4c	FUN_0004aa4c
00048a44	0004e8a8	FUN_0004e8a8
00048a44	0003ee60	FUN_0003ee60
00048a44	0004e00e	FUN_0004e00e
00048a8c	0003ee46	FUN_0003ee46
00048a8c	00052128	FUN_00052128
00048a8c	00050a14	thunk_FUN_00050a1a
00048a8c	0003ee60	FUN_0003ee60
00048a8c	00052310	FUN_00052310
00048a8c	00052370	FUN_00052370
00048a8c	0004e5a6	FUN_0004e5a6
00048a8c	00046bec	FUN_00046bec
00048a8c	00051eb8	FUN_00051eb8
00048a8c	00052350	FUN_00052350
00048a8c	0005230c	FUN_0005230c
00048a8c	0004a404	FUN_0004a404
00048a8c	00051db8	FUN_00051db8
00048a8c	0003ed78	FUN_0003ed78
00048a8c	00046698	FUN_00046698
00048a8c	0003edc4	FUN_0003edc4
00048a8c	000520c6	FUN_000520c6
00048a8c	0004a318	FUN_0004a318
00048d20	0004f266	FUN_0004f266
00048d20	000498fc	FUN_000498fc
00048d20	00049974	FUN_00049974
00048d20	0004e00e	FUN_0004e00e
00048d88	0004b144	FUN_0004b144
00048d88	0004b210	FUN_0004b210
00048da0	00046bec	FUN_00046bec
00048da0	00048dbe	FUN_00048dbe
00048dbe	00046bec	FUN_00046bec
00048de4	00046862	FUN_00046862
00048de4	00051970	FUN_00051970
00048de4	0004b9b2	FUN_0004b9b2
00048de4	0004cb34	FUN_0004cb34
00048de4	00046bd6	FUN_00046bd6
00048de4	0004cb7c	FUN_0004cb7c
00048de4	0004cb58	FUN_0004cb58
00048de4	0004c75c	FUN_0004c75c
00048de4	000493d0	FUN_000493d0
00048de4	0004cbea	FUN_0004cbea
00048de4	00046688	FUN_00046688
00048de4	00049898	FUN_00049898
00048de4	0004673a	FUN_0004673a
00048de4	0002d842	FUN_0002d842
00048de4	0004bb1a	FUN_0004bb1a
00048de4	00046698	FUN_00046698
00048f08	0004c924	FUN_0004c924
00048f08	0004bab4	FUN_0004bab4
00048f08	0004cb34	FUN_0004cb34
00048f08	00046bd6	FUN_00046bd6
00048f08	0004cb7c	FUN_0004cb7c
00048f08	00046b72	FUN_00046b72
00048f08	0004cb58	FUN_0004cb58
00048f08	0002641a	FUN_0002641a
00048f08	0005172c	FUN_0005172c
00048f08	0003db0a	FUN_0003db0a
00048f08	000375a2	FUN_000375a2
00048f08	0005175c	FUN_0005175c
00048f08	0003db28	FUN_0003db28
00048f08	00051c60	FUN_00051c60
00048f08	0004b108	FUN_0004b108
00048f08	00051d3c	FUN_00051d3c
00049080	0004bab4	FUN_0004bab4
00049080	0004cb34	FUN_0004cb34
00049080	00046bd6	FUN_00046bd6
00049080	0004cb7c	FUN_0004cb7c
00049080	0004cb58	FUN_0004cb58
00049080	0002641a	FUN_0002641a
00049080	00051c28	FUN_00051c28
00049080	0003db0a	FUN_0003db0a
00049080	00051a28	FUN_00051a28
00049080	000375a2	FUN_000375a2
00049080	0005175c	FUN_0005175c
00049080	0003db28	FUN_0003db28
00049080	0004bb1a	FUN_0004bb1a
00049080	0004b108	FUN_0004b108
000491f4	0004f588	FUN_0004f588
000491f4	0004d3d8	FUN_0004d3d8
000491f4	00051a80	FUN_00051a80
000491f4	00049974	FUN_00049974
000491f4	00050a64	FUN_00050a64
000491f4	00051c88	FUN_00051c88
0004925c	0004bab4	FUN_0004bab4
0004925c	0004cb34	FUN_0004cb34
0004925c	00046bd6	FUN_00046bd6
0004925c	0004cb7c	FUN_0004cb7c
0004925c	00046b72	FUN_00046b72
0004925c	0004cb58	FUN_0004cb58
0004925c	0005172c	FUN_0005172c
0004925c	0003db0a	FUN_0003db0a
0004925c	00051a28	FUN_00051a28
0004925c	000375a2	FUN_000375a2
0004925c	0005175c	FUN_0005175c
0004925c	0003db28	FUN_0003db28
0004925c	0004b108	FUN_0004b108
000493d0	00051d84	FUN_00051d84
000493d0	00051970	FUN_00051970
000493d0	0003cb2a	FUN_0003cb2a
000493d0	00046bd6	FUN_00046bd6
000493d0	00046b72	FUN_00046b72
000493d0	0004cb58	FUN_0004cb58
000493d0	0003cb02	FUN_0003cb02
000493d0	0003c9c4	FUN_0003c9c4
000493d0	00051c28	FUN_00051c28
000493d0	0003c97c	FUN_0003c97c
000493d0	0003db0a	FUN_0003db0a
000493d0	0003cafa	FUN_0003cafa
000493d0	0003c9f8	FUN_0003c9f8
000493d0	0004a404	FUN_0004a404
000493d0	00048dbe	FUN_00048dbe
000493d0	00048f08	FUN_00048f08
000493d0	00051c88	FUN_00051c88
000493d0	00051d3c	FUN_00051d3c
000493d0	0004a318	FUN_0004a318
000493d0	000583f4	FUN_000583f4
000493d0	0004bab4	FUN_0004bab4
000493d0	0003cb0e	FUN_0003cb0e
000493d0	0004cb34	FUN_0004cb34
000493d0	0003caea	FUN_0003caea
000493d0	0004cb7c	FUN_0004cb7c
000493d0	0003cb2e	FUN_0003cb2e
000493d0	00051cb0	FUN_00051cb0
000493d0	00050a64	FUN_00050a64
000493d0	0004deac	FUN_0004deac
000493d0	000375a2	FUN_000375a2
000493d0	0004c5a0	FUN_0004c5a0
000493d0	0003cb0a	FUN_0003cb0a
000493d0	0003cb06	FUN_0003cb06
000493d0	0004d3d8	FUN_0004d3d8
000493d0	0004c5a6	FUN_0004c5a6
000493d0	0003cb6c	FUN_0003cb6c
000493d0	0003db28	FUN_0003db28
000493d0	0003cb1e	FUN_0003cb1e
00049898	00048dbe	FUN_00048dbe
00049898	00051c28	FUN_00051c28
000498fc	0004f266	FUN_0004f266
000498fc	00049898	FUN_00049898
000498fc	000493d0	FUN_000493d0
000498fc	0003c97c	FUN_0003c97c
00049974	00046bec	FUN_00046bec
00049974	0004f588	FUN_0004f588
00049974	00050a2c	FUN_00050a2c
00049974	0004d3d8	FUN_0004d3d8
00049974	000493d0	FUN_000493d0
00049974	00050a64	FUN_00050a64
00049974	0004a318	FUN_0004a318
000499de	00046bec	FUN_00046bec
000499de	0004d3d8	FUN_0004d3d8
000499de	00051b74	FUN_00051b74
000499de	000493d0	FUN_000493d0
00049a34	0004d3d8	FUN_0004d3d8
00049a3a	00046bec	FUN_00046bec
00049a3a	000493d0	FUN_000493d0
00049a70	00040900	FUN_00040900
00049a7c	0004c924	FUN_0004c924
00049ab4	0004687c	FUN_0004687c
00049ab4	0004a318	FUN_0004a318
00049ad4	000526c4	FUN_000526c4
00049af4	00046688	FUN_00046688
00049af4	0004d0bc	FUN_0004d0bc
00049af4	0004029c	FUN_0004029c
00049af4	000403d2	FUN_000403d2
00049af4	0004b9b2	FUN_0004b9b2
00049af4	00046718	FUN_00046718
00049af4	00042ec4	FUN_00042ec4
00049af4	00046698	FUN_00046698
00049af4	000402b8	FUN_000402b8
00049af4	00042a98	FUN_00042a98
00049da4	0004b144	FUN_0004b144
00049da4	0004b210	FUN_0004b210
00049dbc	0004bf20	FUN_0004bf20
00049dbc	0004c924	FUN_0004c924
00049dbc	0004b9b2	FUN_0004b9b2
00049dbc	00046718	FUN_00046718
00049dbc	00042462	FUN_00042462
00049dbc	0004ccf8	FUN_0004ccf8
00049dbc	0004bb3c	FUN_0004bb3c
00049dbc	0005b2b4	FUN_0005b2b4
00049dbc	0004bbec	FUN_0004bbec
00049dbc	00046688	FUN_00046688
00049dbc	0004bf2c	FUN_0004bf2c
00049dbc	0004673a	FUN_0004673a
00049dbc	00046698	FUN_00046698
00049dbc	000423a0	FUN_000423a0
00049dbc	0004cff4	FUN_0004cff4
0004a040	00047d8e	FUN_00047d8e
0004a040	0004b144	FUN_0004b144
0004a040	000498fc	FUN_000498fc
0004a040	0004e63c	FUN_0004e63c
0004a040	00047698	FUN_00047698
0004a040	0004e624	FUN_0004e624
0004a040	00049974	FUN_00049974
0004a040	0004b210	FUN_0004b210
0004a040	00048d88	FUN_00048d88
0004a094	0004b144	FUN_0004b144
0004a094	00049974	FUN_00049974
0004a094	0004b210	FUN_0004b210
0004a0b8	0004b144	FUN_0004b144
0004a0b8	0004e624	FUN_0004e624
0004a0b8	0004b210	FUN_0004b210
0004a0de	00046bec	FUN_00046bec
0004a0de	0004a2ac	FUN_0004a2ac
0004a0de	0004a13c	FUN_0004a13c
0004a0de	0004a118	FUN_0004a118
0004a120	0004a13c	FUN_0004a13c
0004a120	0004a118	FUN_0004a118
0004a162	00054110	FUN_00054110
0004a162	0005411c	FUN_0005411c
0004a162	0004a318	FUN_0004a318
0004a19e	00054110	FUN_00054110
0004a19e	0004a162	FUN_0004a162
0004a19e	0005411c	FUN_0005411c
0004a19e	0004a118	FUN_0004a118
0004a19e	0004a318	FUN_0004a318
0004a200	00054110	FUN_00054110
0004a200	0005411c	FUN_0005411c
0004a200	0004a318	FUN_0004a318
0004a24e	0004a14a	FUN_0004a14a
0004a24e	0004a2ac	FUN_0004a2ac
0004a24e	00054110	FUN_00054110
0004a24e	0005411c	FUN_0005411c
0004a2ac	0004a14a	FUN_0004a14a
0004a2ac	00054110	FUN_00054110
0004a2ac	0004a13c	FUN_0004a13c
0004a2ac	0005411c	FUN_0005411c
0004a2ac	0004a118	FUN_0004a118
0004a318	0004a328	FUN_0004a328
0004a328	00052bf6	FUN_00052bf6
0004a328	00052b38	FUN_00052b38
0004a360	0004a328	FUN_0004a328
0004a360	0004a57a	FUN_0004a57a
0004a3c4	0004a200	FUN_0004a200
0004a3c4	00052b7c	FUN_00052b7c
0004a3c4	00052bf0	FUN_00052bf0
0004a3c4	0004a152	FUN_0004a152
0004a538	0004a404	FUN_0004a404
0004a5d2	0004a57a	FUN_0004a57a
0004a5da	0004a57a	FUN_0004a57a
0004a5e2	0004a57a	FUN_0004a57a
0004a5ea	0004a57a	FUN_0004a57a
0004a5f2	0004a57a	FUN_0004a57a
0004a5fa	0004a57a	FUN_0004a57a
0004a602	0004a57a	FUN_0004a57a
0004a626	00046688	FUN_00046688
0004a626	00046bec	FUN_00046bec
0004a626	0004a910	FUN_0004a910
0004a626	0004a2ac	FUN_0004a2ac
0004a626	0004675a	FUN_0004675a
0004a626	00046698	FUN_00046698
0004a626	0004a13c	FUN_0004a13c
0004a626	0004a60a	FUN_0004a60a
0004a626	0004a118	FUN_0004a118
0004a6b8	0004a0d8	FUN_0004a0d8
0004a6cc	0004e654	FUN_0004e654
0004a6cc	0004b144	FUN_0004b144
0004a6cc	0004aa4c	FUN_0004aa4c
0004a6cc	0004b384	FUN_0004b384
0004a6cc	0004e5f4	FUN_0004e5f4
0004a6cc	0003e808	FUN_0003e808
0004a6cc	0004a152	FUN_0004a152
0004a6cc	0004aa6e	FUN_0004aa6e
0004a6cc	0004e00e	FUN_0004e00e
0004a6cc	00047d8e	FUN_00047d8e
0004a6cc	0004e84a	FUN_0004e84a
0004a6cc	0004e680	FUN_0004e680
0004a6cc	0004e63c	FUN_0004e63c
0004a6cc	00047698	FUN_00047698
0004a6cc	0004e624	FUN_0004e624
0004a6cc	0004b210	FUN_0004b210
0004a6cc	00048d88	FUN_00048d88
0004a808	0004e5f4	FUN_0004e5f4
0004a808	0004e624	FUN_0004e624
0004a808	0004e00e	FUN_0004e00e
0004a82c	0004a0d8	FUN_0004a0d8
0004a834	0004bc8c	FUN_0004bc8c
0004a834	0004e5f4	FUN_0004e5f4
0004a834	0004e6e2	FUN_0004e6e2
0004a834	0004e624	FUN_0004e624
0004a834	0004aa6e	FUN_0004aa6e
0004a868	00046bec	FUN_00046bec
0004a8f8	0004e624	FUN_0004e624
0004a8f8	0004e00e	FUN_0004e00e
0004a910	0004d680	FUN_0004d680
0004a910	0004a162	FUN_0004a162
0004a910	0004e00e	FUN_0004e00e
0004a910	0004aa6e	FUN_0004aa6e
0004a910	0004baf8	FUN_0004baf8
0004a910	0004aaf6	FUN_0004aaf6
0004a910	0004e5a6	FUN_0004e5a6
0004a910	0004ef90	FUN_0004ef90
0004a910	0004dbe0	FUN_0004dbe0
0004a910	0004e63c	FUN_0004e63c
0004a910	0004e0e6	FUN_0004e0e6
0004a910	0004e6e2	FUN_0004e6e2
0004a910	0004a6b8	FUN_0004a6b8
0004a9e4	0004675a	FUN_0004675a
0004a9e4	00049974	FUN_00049974
0004a9e4	0004e00e	FUN_0004e00e
0004a9e4	0004aa6e	FUN_0004aa6e
0004aa4c	0004af28	FUN_0004af28
0004aa4c	0004663c	FUN_0004663c
0004aa6e	0004d498	FUN_0004d498
0004aa6e	0004bbe2	FUN_0004bbe2
0004aa6e	0004d40e	FUN_0004d40e
0004aa6e	0004bc8c	FUN_0004bc8c
0004aa6e	0004cd9c	FUN_0004cd9c
0004aa6e	0004bf38	FUN_0004bf38
0004aa6e	000472e0	FUN_000472e0
0004aa6e	0004d3d8	FUN_0004d3d8
0004aa6e	0004d500	FUN_0004d500
0004aa6e	000471d8	FUN_000471d8
0004aaf6	000654c4	FUN_000654c4
0004aaf6	00048400	FUN_00048400
0004ab24	0004f588	FUN_0004f588
0004ab24	0004dedc	FUN_0004dedc
0004ab24	000637cc	FUN_000637cc
0004ab24	0004e0f6	FUN_0004e0f6
0004ab24	0006078c	FUN_0006078c
0004ab24	0004d3d8	FUN_0004d3d8
0004ab24	0004a5d2	FUN_0004a5d2
0004ac0a	0004e7c2	FUN_0004e7c2
0004ac0a	0004e86a	FUN_0004e86a
0004ac28	0004bc8c	FUN_0004bc8c
0004ac28	0004c5b2	FUN_0004c5b2
0004ac28	0004ccf8	FUN_0004ccf8
0004ac28	0004bf14	FUN_0004bf14
0004ac28	0004bbec	FUN_0004bbec
0004ac28	0004baf8	FUN_0004baf8
0004ac28	0004ef90	FUN_0004ef90
0004ac28	0004c9e8	FUN_0004c9e8
0004ac28	0004bd90	FUN_0004bd90
0004ac28	0004caa4	FUN_0004caa4
0004ac28	0004be44	FUN_0004be44
0004ac28	0004e7c2	FUN_0004e7c2
0004ac28	0004e86a	FUN_0004e86a
0004ac28	0004bb1a	FUN_0004bb1a
0004af28	0004a360	FUN_0004a360
0004af50	0004093c	FUN_0004093c
0004af50	0003db32	FUN_0003db32
0004af50	0004bc8c	FUN_0004bc8c
0004af50	00040900	FUN_00040900
0004af50	000408d8	FUN_000408d8
0004af50	0004bb48	FUN_0004bb48
0004af50	0004cd84	FUN_0004cd84
0004af50	000408ec	FUN_000408ec
0004af50	0003db4c	FUN_0003db4c
0004af50	00040928	FUN_00040928
0004af50	0003d9a4	FUN_0003d9a4
0004af50	0004cc08	FUN_0004cc08
0004af50	0004bc94	FUN_0004bc94
0004af50	0004bbb0	FUN_0004bbb0
0004b03e	0004c95a	FUN_0004c95a
0004b03e	0004c924	FUN_0004c924
0004b03e	0004c984	FUN_0004c984
0004b03e	0004c7da	FUN_0004c7da
0004b03e	0004c97e	FUN_0004c97e
0004b03e	0004c972	FUN_0004c972
0004b03e	0004c7c8	FUN_0004c7c8
0004b03e	0004c7d4	FUN_0004c7d4
0004b03e	0004c966	FUN_0004c966
0004b108	0004c924	FUN_0004c924
0004b128	0004ac0a	FUN_0004ac0a
0004b144	00046bec	FUN_00046bec
0004b144	0004f588	FUN_0004f588
0004b144	0004af28	FUN_0004af28
0004b144	00040890	FUN_00040890
0004b144	0004a360	FUN_0004a360
0004b144	00040960	FUN_00040960
0004b144	000408b0	FUN_000408b0
0004b210	0004e5a6	FUN_0004e5a6
0004b210	0004d478	FUN_0004d478
0004b210	00047164	FUN_00047164
0004b210	0004dedc	FUN_0004dedc
0004b210	0004deac	FUN_0004deac
0004b210	0004bc8c	FUN_0004bc8c
0004b210	0004b2e6	FUN_0004b2e6
0004b210	0004d3d8	FUN_0004d3d8
0004b210	000472c8	FUN_000472c8
0004b210	0004d500	FUN_0004d500
0004b210	00052580	FUN_00052580
0004b210	0004b648	FUN_0004b648
0004b288	0004e5a6	FUN_0004e5a6
0004b288	0004e496	FUN_0004e496
0004b288	0004ba5c	FUN_0004ba5c
0004b288	0004d3d8	FUN_0004d3d8
0004b288	000541d4	FUN_000541d4
0004b288	0004bbba	FUN_0004bbba
0004b2e6	0004b2e6	FUN_0004b2e6
0004b310	0004c924	FUN_0004c924
0004b310	0004bd90	FUN_0004bd90
0004b310	0004bf14	FUN_0004bf14
0004b384	0004b144	FUN_0004b144
0004b384	0004b210	FUN_0004b210
0004b3a0	0004e5a6	FUN_0004e5a6
0004b3a0	0004e560	FUN_0004e560
0004b3a0	0004bc8c	FUN_0004bc8c
0004b3a0	0004d3d8	FUN_0004d3d8
0004b3a0	000541d4	FUN_000541d4
0004b3a0	0004bb48	FUN_0004bb48
0004b40a	0004b3a0	FUN_0004b3a0
0004b42a	0004e210	FUN_0004e210
0004b42a	00046bec	FUN_00046bec
0004b42a	0004bbe2	FUN_0004bbe2
0004b42a	0004737c	FUN_0004737c
0004b42a	000467c6	FUN_000467c6
0004b42a	00046760	FUN_00046760
0004b42a	0004b648	FUN_0004b648
0004b42a	0003c97c	FUN_0003c97c
0004b484	0004c924	FUN_0004c924
0004b484	0004c94e	FUN_0004c94e
0004b484	0003db32	FUN_0003db32
0004b484	00046718	FUN_00046718
0004b484	000318e0	FUN_000318e0
0004b484	0003d992	FUN_0003d992
0004b484	0004cba0	FUN_0004cba0
0004b484	00046688	FUN_00046688
0004b484	0004d0bc	FUN_0004d0bc
0004b484	0003db8c	FUN_0003db8c
0004b484	0004c620	FUN_0004c620
0004b484	0004c638	FUN_0004c638
0004b484	00042ec4	FUN_00042ec4
0004b484	0004673a	FUN_0004673a
0004b484	00046698	FUN_00046698
0004b484	00042a98	FUN_00042a98
0004b484	0004cbd2	FUN_0004cbd2
0004b654	00046862	FUN_00046862
0004b654	0004c53a	FUN_0004c53a
0004b654	0004b03e	FUN_0004b03e
0004b654	00047eec	FUN_00047eec
0004b654	0004ccf8	FUN_0004ccf8
0004b654	000482c2	FUN_000482c2
0004b654	0004bbec	FUN_0004bbec
0004b654	00046700	FUN_00046700
0004b654	0004e510	FUN_0004e510
0004b654	0004c6e4	FUN_0004c6e4
0004b654	0004e5a6	FUN_0004e5a6
0004b654	0004b484	FUN_0004b484
0004b654	0004bd90	FUN_0004bd90
0004b654	0004bd40	FUN_0004bd40
0004b654	0004e538	FUN_0004e538
0004b654	0004be44	FUN_0004be44
0004b654	0004ba5c	FUN_0004ba5c
0004b654	0004673a	FUN_0004673a
0004b654	0004d500	FUN_0004d500
0004b654	0004bf2c	FUN_0004bf2c
0004b654	00046698	FUN_00046698
0004b654	0004bf20	FUN_0004bf20
0004b654	0004c924	FUN_0004c924
0004b654	000482e0	FUN_000482e0
0004b654	0004cd84	FUN_0004cd84
0004b654	000472d4	FUN_000472d4
0004b654	00046688	FUN_00046688
0004b654	0004aaf6	FUN_0004aaf6
0004b654	0004bbe2	FUN_0004bbe2
0004b654	000466ae	FUN_000466ae
0004b654	0004d40e	FUN_0004d40e
0004b654	0004d45a	FUN_0004d45a
0004b654	0004bf38	FUN_0004bf38
0004b654	0004c588	FUN_0004c588
0004b654	0004e0e6	FUN_0004e0e6
0004b654	0004e4d2	FUN_0004e4d2
0004ba8e	0003db32	FUN_0003db32
0004ba8e	0003d9a4	FUN_0003d9a4
0004bab4	0004c9e8	FUN_0004c9e8
0004bab4	0004caa4	FUN_0004caa4
0004bab4	0004ca46	FUN_0004ca46
0004bab4	0004bb3c	FUN_0004bb3c
0004bab4	0004c98a	FUN_0004c98a
0004baf8	0004caa4	FUN_0004caa4
0004baf8	0004c98a	FUN_0004c98a
0004baf8	0004bbec	FUN_0004bbec
0004bb1a	0004c9e8	FUN_0004c9e8
0004bb1a	0004ca46	FUN_0004ca46
0004bb1a	0004ccf8	FUN_0004ccf8
0004bb3c	0003d9a4	FUN_0003d9a4
0004bb48	0004bc94	FUN_0004bc94
0004bb48	0004a13c	FUN_0004a13c
0004bb48	0004a118	FUN_0004a118
0004bb8c	0003df08	FUN_0003df08
0004bb9e	0004669c	FUN_0004669c
0004bbec	0003db0a	FUN_0003db0a
0004bbf2	0004c74a	FUN_0004c74a
0004bbf2	0004c714	FUN_0004c714
0004bbf2	0004bbec	FUN_0004bbec
0004bc12	0004bc8c	FUN_0004bc8c
0004bc4c	00050a74	FUN_00050a74
0004bc94	0004bc8c	FUN_0004bc8c
0004bca4	0004c924	FUN_0004c924
0004bca4	0004c54c	FUN_0004c54c
0004bca4	0004ba5c	FUN_0004ba5c
0004bca4	0004cad4	FUN_0004cad4
0004bca4	0004cd92	FUN_0004cd92
0004bca4	0004bf2c	FUN_0004bf2c
0004bca4	0004c9ba	FUN_0004c9ba
0004bca4	0004bbec	FUN_0004bbec
0004bd50	0004bf20	FUN_0004bf20
0004bd50	0004bf2c	FUN_0004bf2c
0004bd50	0003c9c4	FUN_0003c9c4
0004bd90	0004c924	FUN_0004c924
0004bd90	0004bf20	FUN_0004bf20
0004bd90	0004c5be	FUN_0004c5be
0004bd90	0004ba5c	FUN_0004ba5c
0004bd90	0004cd92	FUN_0004cd92
0004bd90	0004ca76	FUN_0004ca76
0004bd90	0004ca18	FUN_0004ca18
0004bd90	0004c568	FUN_0004c568
0004bd90	0004ccf8	FUN_0004ccf8
0004be44	0004c924	FUN_0004c924
0004be44	0004bf20	FUN_0004bf20
0004be44	0004c5be	FUN_0004c5be
0004be44	0004ba5c	FUN_0004ba5c
0004be44	0004cd92	FUN_0004cd92
0004be44	0004ca76	FUN_0004ca76
0004be44	0004ca18	FUN_0004ca18
0004be44	0004c568	FUN_0004c568
0004be44	0004ccf8	FUN_0004ccf8
0004bf38	0004c924	FUN_0004c924
0004bf38	0004c53a	FUN_0004c53a
0004bf38	000482a6	FUN_000482a6
0004bf38	0004ccf8	FUN_0004ccf8
0004bf38	0003ddf0	FUN_0003ddf0
0004bf38	0004bf14	FUN_0004bf14
0004bf38	0004cd84	FUN_0004cd84
0004bf38	000482c2	FUN_000482c2
0004bf38	0004bca4	FUN_0004bca4
0004bf38	0004bbec	FUN_0004bbec
0004bf38	0004c8dc	FUN_0004c8dc
0004bf38	0004bd90	FUN_0004bd90
0004bf38	0004bd40	FUN_0004bd40
0004bf38	0004c840	FUN_0004c840
0004bf38	0004be44	FUN_0004be44
0004bf38	0004089c	FUN_0004089c
0004bf38	0004c5be	FUN_0004c5be
0004bf38	0004c7e0	FUN_0004c7e0
0004bf38	00048270	FUN_00048270
0004bf38	0004c888	FUN_0004c888
0004c54c	0004e5a6	FUN_0004e5a6
0004c568	0004e5a6	FUN_0004e5a6
0004c588	0004c924	FUN_0004c924
0004c594	0004c924	FUN_0004c924
0004c5a0	0004c924	FUN_0004c924
0004c5a6	0004c924	FUN_0004c924
0004c5ac	0004c924	FUN_0004c924
0004c5b2	0004c924	FUN_0004c924
0004c5be	0004c924	FUN_0004c924
0004c5ca	0004c924	FUN_0004c924
0004c5d6	0004c924	FUN_0004c924
0004c5e2	0004c924	FUN_0004c924
0004c5ee	0004c924	FUN_0004c924
0004c5fa	0004c924	FUN_0004c924
0004c606	0004c924	FUN_0004c924
0004c606	0004eb66	FUN_0004eb66
0004c620	0004c924	FUN_0004c924
0004c62c	0004c924	FUN_0004c924
0004c638	0004c924	FUN_0004c924
0004c648	0004c924	FUN_0004c924
0004c654	0004c924	FUN_0004c924
0004c660	0004c924	FUN_0004c924
0004c66c	0004c924	FUN_0004c924
0004c678	0004c924	FUN_0004c924
0004c684	0004c924	FUN_0004c924
0004c68a	0004c924	FUN_0004c924
0004c690	0004c924	FUN_0004c924
0004c696	0004c924	FUN_0004c924
0004c69c	0004c924	FUN_0004c924
0004c6a2	0004c924	FUN_0004c924
0004c6a8	0004c924	FUN_0004c924
0004c6ae	0004c924	FUN_0004c924
0004c6b4	0004c924	FUN_0004c924
0004c6ba	0004c924	FUN_0004c924
0004c6c0	0004c924	FUN_0004c924
0004c6cc	0004c924	FUN_0004c924
0004c6d2	0004c924	FUN_0004c924
0004c6d8	0004c924	FUN_0004c924
0004c6de	0004c924	FUN_0004c924
0004c6e4	0004c924	FUN_0004c924
0004c6f0	0004c924	FUN_0004c924
0004c6f6	0004c924	FUN_0004c924
0004c6fc	0004c924	FUN_0004c924
0004c708	0004c924	FUN_0004c924
0004c70e	0004c924	FUN_0004c924
0004c714	0004c924	FUN_0004c924
0004c71a	0004c924	FUN_0004c924
0004c720	0004c924	FUN_0004c924
0004c726	0004c924	FUN_0004c924
0004c72c	0004c924	FUN_0004c924
0004c732	0004c924	FUN_0004c924
0004c738	0004c924	FUN_0004c924
0004c73e	0004c924	FUN_0004c924
0004c744	0004c924	FUN_0004c924
0004c74a	0004c924	FUN_0004c924
0004c750	0004c924	FUN_0004c924
0004c756	0004c924	FUN_0004c924
0004c75c	0004c924	FUN_0004c924
0004c762	0004c924	FUN_0004c924
0004c768	0004c924	FUN_0004c924
0004c774	0004bc8c	FUN_0004bc8c
0004c774	0004c768	FUN_0004c768
0004c7c8	0004c924	FUN_0004c924
0004c7d4	0004c924	FUN_0004c924
0004c7da	0004c924	FUN_0004c924
0004c7e0	0004c924	FUN_0004c924
0004c7e6	0004c924	FUN_0004c924
0004c7ec	0004c924	FUN_0004c924
0004c7f2	0004c924	FUN_0004c924
0004c7f8	0004c924	FUN_0004c924
0004c7fe	0004c924	FUN_0004c924
0004c804	0004c924	FUN_0004c924
0004c80a	0004c924	FUN_0004c924
0004c810	0004c924	FUN_0004c924
0004c816	0004c924	FUN_0004c924
0004c81c	0004c924	FUN_0004c924
0004c822	0004c924	FUN_0004c924
0004c828	0004c924	FUN_0004c924
0004c82e	0004c924	FUN_0004c924
0004c834	0004c924	FUN_0004c924
0004c83a	0004c924	FUN_0004c924
0004c840	0004c924	FUN_0004c924
0004c846	0004c924	FUN_0004c924
0004c84c	0004c924	FUN_0004c924
0004c852	0004c924	FUN_0004c924
0004c858	0004c924	FUN_0004c924
0004c85e	0004c924	FUN_0004c924
0004c864	0004c924	FUN_0004c924
0004c86a	0004c924	FUN_0004c924
0004c870	0004c924	FUN_0004c924
0004c876	0004c924	FUN_0004c924
0004c87c	0004c924	FUN_0004c924
0004c882	0004c924	FUN_0004c924
0004c888	0004c924	FUN_0004c924
0004c88e	0004c924	FUN_0004c924
0004c894	0004c924	FUN_0004c924
0004c89a	0004c924	FUN_0004c924
0004c8a0	0004c924	FUN_0004c924
0004c8a6	0004c924	FUN_0004c924
0004c8ac	0004c924	FUN_0004c924
0004c8b2	0004c924	FUN_0004c924
0004c8b8	0004c924	FUN_0004c924
0004c8be	0004c924	FUN_0004c924
0004c8c4	0004c924	FUN_0004c924
0004c8ca	0004c924	FUN_0004c924
0004c8d0	0004c924	FUN_0004c924
0004c8d6	0004c924	FUN_0004c924
0004c8dc	0004c924	FUN_0004c924
0004c8e2	0004c924	FUN_0004c924
0004c8e8	0004c924	FUN_0004c924
0004c8ee	0004c924	FUN_0004c924
0004c8f4	0004c924	FUN_0004c924
0004c8fa	0004c924	FUN_0004c924
0004c900	0004c924	FUN_0004c924
0004c906	0004c924	FUN_0004c924
0004c90c	0004c924	FUN_0004c924
0004c912	0004c924	FUN_0004c924
0004c918	0004c924	FUN_0004c924
0004c924	00037bd8	FUN_00037bd8
0004c924	00050b1c	FUN_00050b1c
0004c94e	0004c924	FUN_0004c924
0004c954	0004c924	FUN_0004c924
0004c95a	0004c924	FUN_0004c924
0004c960	0004c924	FUN_0004c924
0004c966	0004c924	FUN_0004c924
0004c96c	0004c924	FUN_0004c924
0004c972	0004c924	FUN_0004c924
0004c97e	0004c924	FUN_0004c924
0004c984	0004c924	FUN_0004c924
0004c98a	0004c924	FUN_0004c924
0004c98a	0004c684	FUN_0004c684
0004c98a	0004c648	FUN_0004c648
0004c9ba	0004c68a	FUN_0004c68a
0004c9ba	0004c7e0	FUN_0004c7e0
0004c9ba	0004c654	FUN_0004c654
0004c9e8	0004c924	FUN_0004c924
0004c9e8	0004c684	FUN_0004c684
0004c9e8	0004c648	FUN_0004c648
0004ca18	0004c68a	FUN_0004c68a
0004ca18	0004c840	FUN_0004c840
0004ca18	0004c654	FUN_0004c654
0004ca46	0004c924	FUN_0004c924
0004ca46	0004c684	FUN_0004c684
0004ca46	0004c648	FUN_0004c648
0004ca76	0004c68a	FUN_0004c68a
0004ca76	0004c888	FUN_0004c888
0004ca76	0004c654	FUN_0004c654
0004caa4	0004c924	FUN_0004c924
0004caa4	0004c684	FUN_0004c684
0004caa4	0004c648	FUN_0004c648
0004cad4	0004c8dc	FUN_0004c8dc
0004cad4	0004c68a	FUN_0004c68a
0004cad4	0004c654	FUN_0004c654
0004cb02	0004c924	FUN_0004c924
0004cb08	0004c924	FUN_0004c924
0004cb08	0004eb66	FUN_0004eb66
0004cb22	0004c924	FUN_0004c924
0004cb28	0004c924	FUN_0004c924
0004cb2e	0004c924	FUN_0004c924
0004cb34	0004c924	FUN_0004c924
0004cb3a	0004c924	FUN_0004c924
0004cb40	0004c924	FUN_0004c924
0004cb46	0004c924	FUN_0004c924
0004cb4c	0004c924	FUN_0004c924
0004cb52	0004c924	FUN_0004c924
0004cb58	0004c924	FUN_0004c924
0004cb5e	0004c924	FUN_0004c924
0004cb64	0004c924	FUN_0004c924
0004cb6a	0004c924	FUN_0004c924
0004cb70	0004c924	FUN_0004c924
0004cb76	0004c924	FUN_0004c924
0004cb7c	0004c924	FUN_0004c924
0004cb82	0004c924	FUN_0004c924
0004cb88	0004c924	FUN_0004c924
0004cb8e	0004c924	FUN_0004c924
0004cb94	0004c924	FUN_0004c924
0004cba0	0004c924	FUN_0004c924
0004cba6	0004c924	FUN_0004c924
0004cbac	0004c924	FUN_0004c924
0004cbb2	0004c924	FUN_0004c924
0004cbc2	0004c924	FUN_0004c924
0004cbd2	0004c924	FUN_0004c924
0004cbd8	0004c924	FUN_0004c924
0004cbde	0004c924	FUN_0004c924
0004cbe4	0004c924	FUN_0004c924
0004cbea	0004c924	FUN_0004c924
0004cbf0	0004c924	FUN_0004c924
0004cbf6	0004c924	FUN_0004c924
0004cbfc	0004c924	FUN_0004c924
0004cc02	0004c924	FUN_0004c924
0004cc08	0004eefc	FUN_0004eefc
0004ccf8	0003db28	FUN_0003db28
0004ccfe	0004c738	FUN_0004c738
0004ccfe	0004ccf8	FUN_0004ccf8
0004ccfe	0004c726	FUN_0004c726
0004cd1e	0004bf20	FUN_0004bf20
0004cd1e	0004c9e8	FUN_0004c9e8
0004cd1e	0004bc8c	FUN_0004bc8c
0004cd44	0004bc8c	FUN_0004bc8c
0004cd44	0004caa4	FUN_0004caa4
0004cd44	0004bf2c	FUN_0004bf2c
0004cd6a	0004cd44	FUN_0004cd44
0004cd6a	0004bbec	FUN_0004bbec
0004cd7e	0004cc02	FUN_0004cc02
0004cda6	0004e5a6	FUN_0004e5a6
0004cda6	0003dcb8	FUN_0003dcb8
0004cda6	0004cd84	FUN_0004cd84
0004cda6	0004ba8e	FUN_0004ba8e
0004cdfc	0004c924	FUN_0004c924
0004cdfc	0004c774	FUN_0004c774
0004cdfc	0004eb66	FUN_0004eb66
0004ce8c	0004c924	FUN_0004c924
0004ce8c	0003db0a	FUN_0003db0a
0004ce8c	0004c62c	FUN_0004c62c
0004ce8c	0004c774	FUN_0004c774
0004ce8c	0003db28	FUN_0003db28
0004ce8c	0004eb66	FUN_0004eb66
0004cf40	0004c924	FUN_0004c924
0004cf40	0004c62c	FUN_0004c62c
0004cf40	0004c774	FUN_0004c774
0004cf40	0004cb22	FUN_0004cb22
0004cf40	0004cb08	FUN_0004cb08
0004cff4	0004c924	FUN_0004c924
0004cff4	0004c62c	FUN_0004c62c
0004cff4	0004c774	FUN_0004c774
0004cff4	0004eb66	FUN_0004eb66
0004d0bc	0004c924	FUN_0004c924
0004d0bc	0004c984	FUN_0004c984
0004d0bc	0004c7da	FUN_0004c7da
0004d0bc	0004c7c8	FUN_0004c7c8
0004d0bc	0004c7d4	FUN_0004c7d4
0004d0bc	0004c774	FUN_0004c774
0004d0bc	0004cb22	FUN_0004cb22
0004d0bc	00047ecc	FUN_00047ecc
0004d0bc	0004c95a	FUN_0004c95a
0004d0bc	0004c97e	FUN_0004c97e
0004d0bc	0004c972	FUN_0004c972
0004d0bc	0004a404	FUN_0004a404
0004d0bc	0004c966	FUN_0004c966
0004d0bc	0004c606	FUN_0004c606
0004d0bc	0004eb66	FUN_0004eb66
0004d0bc	0004cb08	FUN_0004cb08
0004d3d8	0004d40e	FUN_0004d40e
0004d3d8	0003d9a4	FUN_0003d9a4
0004d3d8	0004bbb0	FUN_0004bbb0
0004d40e	00048958	FUN_00048958
0004d40e	0003db32	FUN_0003db32
0004d40e	00040994	FUN_00040994
0004d40e	0004af50	FUN_0004af50
0004d40e	0004bb48	FUN_0004bb48
0004d40e	0003d9a4	FUN_0003d9a4
0004d498	0004c924	FUN_0004c924
0004d498	0004bc8c	FUN_0004bc8c
0004d498	0004cd92	FUN_0004cd92
0004d4c8	0004af50	FUN_0004af50
0004d4c8	0003d9a4	FUN_0003d9a4
0004d4c8	0004bbb0	FUN_0004bbb0
0004d500	0004bb48	FUN_0004bb48
0004d500	00040acc	FUN_00040acc
0004d500	0004bc94	FUN_0004bc94
0004d528	0004ba5c	FUN_0004ba5c
0004d528	0004cd84	FUN_0004cd84
0004d528	0004d528	FUN_0004d528
0004d58e	0004cd84	FUN_0004cd84
0004d58e	0003db8c	FUN_0003db8c
0004d58e	0004bf2c	FUN_0004bf2c
0004d58e	0004e560	FUN_0004e560
0004d58e	0004bf20	FUN_0004bf20
0004d58e	0004c9e8	FUN_0004c9e8
0004d58e	0004bab4	FUN_0004bab4
0004d58e	0004e5a6	FUN_0004e5a6
0004d58e	0004d528	FUN_0004d528
0004d58e	0004d3d8	FUN_0004d3d8
0004d58e	0004bb3c	FUN_0004bb3c
0004d58e	0004caa4	FUN_0004caa4
0004d680	0004ba5c	FUN_0004ba5c
0004d680	0004e5a6	FUN_0004e5a6
0004d680	0004d3d8	FUN_0004d3d8
0004d680	0004bc8c	FUN_0004bc8c
0004d680	0004bc12	FUN_0004bc12
0004d706	0004bef4	FUN_0004bef4
0004d706	0004be44	FUN_0004be44
0004d706	0004bf14	FUN_0004bf14
0004d706	0004bd90	FUN_0004bd90
0004d706	0004c5be	FUN_0004c5be
0004d706	0004bf04	FUN_0004bf04
0004d706	0004bca4	FUN_0004bca4
0004d706	0004e25c	FUN_0004e25c
0004d798	0003db4c	FUN_0003db4c
0004d798	0003db28	FUN_0003db28
0004d798	0005a7ac	FUN_0005a7ac
0004d798	0004bbb0	FUN_0004bbb0
0004d798	0004bb3c	FUN_0004bb3c
0004d798	0003db32	FUN_0003db32
0004d798	000429dc	FUN_000429dc
0004d798	0004233c	FUN_0004233c
0004d798	0004cd84	FUN_0004cd84
0004d798	0004ba5c	FUN_0004ba5c
0004d798	0004e5a6	FUN_0004e5a6
0004d798	00042a4c	FUN_00042a4c
0004d798	0004c924	FUN_0004c924
0004d798	00041b74	FUN_00041b74
0004d798	00042244	FUN_00042244
0004d798	0003db0a	FUN_0003db0a
0004da38	0004cc02	FUN_0004cc02
0004da38	0004ccf8	FUN_0004ccf8
0004da38	0004c5b2	FUN_0004c5b2
0004da38	0004c924	FUN_0004c924
0004da38	0004d498	FUN_0004d498
0004da38	0004baf8	FUN_0004baf8
0004da38	0004bc8c	FUN_0004bc8c
0004da38	0004c594	FUN_0004c594
0004da38	0004bb1a	FUN_0004bb1a
0004da38	0004bbec	FUN_0004bbec
0004da38	0004d58e	FUN_0004d58e
0004da38	0004cbfc	FUN_0004cbfc
0004dbe0	0003fdac	FUN_0003fdac
0004dbe0	0004c744	FUN_0004c744
0004dbe0	0004ccf8	FUN_0004ccf8
0004dbe0	0004c924	FUN_0004c924
0004dbe0	0004bc8c	FUN_0004bc8c
0004dbe0	0004caa4	FUN_0004caa4
0004dbe0	0004de6c	FUN_0004de6c
0004dbe0	0004c6cc	FUN_0004c6cc
0004dbe0	00026050	FUN_00026050
0004dbe0	0004e560	FUN_0004e560
0004dbe0	0004c9e8	FUN_0004c9e8
0004dbe0	0004bab4	FUN_0004bab4
0004dbe0	0004c5b2	FUN_0004c5b2
0004dbe0	0004c98a	FUN_0004c98a
0004dbe0	0004ca46	FUN_0004ca46
0004dbe0	0004baf8	FUN_0004baf8
0004dbe0	0004bb3c	FUN_0004bb3c
0004dbe0	0004cbde	FUN_0004cbde
0004dbe0	0004c732	FUN_0004c732
0004dbe0	0004bbec	FUN_0004bbec
0004dbe0	0003fe14	FUN_0003fe14
0004dbe0	0003db8c	FUN_0003db8c
0004dbe0	0004c720	FUN_0004c720
0004dbe0	00025f5c	FUN_00025f5c
0004dbe0	0004c70e	FUN_0004c70e
0004dbe0	0004e5a6	FUN_0004e5a6
0004dbe0	0004d3d8	FUN_0004d3d8
0004dbe0	0004bb1a	FUN_0004bb1a
0004de6c	0004e5a6	FUN_0004e5a6
0004de6c	0004bbb0	FUN_0004bbb0
0004de6c	0004d3d8	FUN_0004d3d8
0004de6c	0004af28	FUN_0004af28
0004deac	0004d500	FUN_0004d500
0004deac	0004cbde	FUN_0004cbde
0004deac	0004c6cc	FUN_0004c6cc
0004dedc	0004ef6a	FUN_0004ef6a
0004dedc	00050c04	FUN_00050c04
0004dedc	0004d500	FUN_0004d500
0004dedc	0004e5a6	FUN_0004e5a6
0004dedc	0005adc8	FUN_0005adc8
0004dedc	0004c924	FUN_0004c924
0004dedc	0004d3d8	FUN_0004d3d8
0004dedc	0004bc8c	FUN_0004bc8c
0004dedc	0004de6c	FUN_0004de6c
0004dfc0	0004669c	FUN_0004669c
0004dfc0	00046bec	FUN_00046bec
0004dfc0	0003de96	FUN_0003de96
0004dfd2	0004bb9e	FUN_0004bb9e
0004dfd2	0004dfc0	FUN_0004dfc0
0004dfd2	0004bb8c	FUN_0004bb8c
0004e00e	0004d500	FUN_0004d500
0004e00e	0004d498	FUN_0004d498
0004e00e	0004d3d8	FUN_0004d3d8
0004e00e	0004bf38	FUN_0004bf38
0004e00e	0004bc8c	FUN_0004bc8c
0004e00e	0004d40e	FUN_0004d40e
0004e088	00050c48	FUN_00050c48
0004e088	0004dedc	FUN_0004dedc
0004e0e6	000654c4	FUN_000654c4
0004e0f6	00050cca	FUN_00050cca
0004e0f6	0004dedc	FUN_0004dedc
0004e0f6	0006078c	FUN_0006078c
0004e0f6	0004d3d8	FUN_0004d3d8
0004e0f6	0004f588	FUN_0004f588
0004e0f6	00046bec	FUN_00046bec
0004e0f6	000637cc	FUN_000637cc
0004e210	0004e0f6	FUN_0004e0f6
0004e21c	00040914	FUN_00040914
0004e21c	0005b22a	FUN_0005b22a
0004e25c	0004bf2c	FUN_0004bf2c
0004e25c	0004bf20	FUN_0004bf20
0004e25c	0004bb48	FUN_0004bb48
0004e25c	00040960	FUN_00040960
0004e25c	0003cb2e	FUN_0003cb2e
0004e25c	0003cafe	FUN_0003cafe
0004e25c	0003cafa	FUN_0003cafa
0004e25c	0003caea	FUN_0003caea
0004e25c	0003c9f8	FUN_0003c9f8
0004e25c	0003c97c	FUN_0003c97c
0004e25c	0003cb6c	FUN_0003cb6c
0004e25c	0004e44e	FUN_0004e44e
0004e25c	0004e5a6	FUN_0004e5a6
0004e25c	0003cb2a	FUN_0003cb2a
0004e25c	0003cae6	FUN_0003cae6
0004e25c	0003cb1e	FUN_0003cb1e
0004e25c	000408b0	FUN_000408b0
0004e388	0004be44	FUN_0004be44
0004e388	0004bd90	FUN_0004bd90
0004e388	0004bf14	FUN_0004bf14
0004e388	0004bf2c	FUN_0004bf2c
0004e388	0004ef90	FUN_0004ef90
0004e388	0004bf20	FUN_0004bf20
0004e388	0004c5be	FUN_0004c5be
0004e388	0004bca4	FUN_0004bca4
0004e388	0004e25c	FUN_0004e25c
0004e44e	0004e5a6	FUN_0004e5a6
0004e44e	0004d528	FUN_0004d528
0004e44e	0004d3d8	FUN_0004d3d8
0004e44e	0004af28	FUN_0004af28
0004e496	0004e538	FUN_0004e538
0004e496	0004e510	FUN_0004e510
0004e4b2	0004ef90	FUN_0004ef90
0004e4b2	0005e278	FUN_0005e278
0004e4d2	0004ef90	FUN_0004ef90
0004e4d2	0004bc8c	FUN_0004bc8c
0004e4d2	0005e278	FUN_0005e278
0004e510	0003c97c	FUN_0003c97c
0004e510	0004bf20	FUN_0004bf20
0004e510	0004e388	FUN_0004e388
0004e538	0003c97c	FUN_0003c97c
0004e538	0004bf2c	FUN_0004bf2c
0004e538	0004e388	FUN_0004e388
0004e560	0004bf38	FUN_0004bf38
0004e560	0004d40e	FUN_0004d40e
0004e560	0003db14	FUN_0003db14
0004e5a6	00046788	FUN_00046788
0004e5a6	00046794	FUN_00046794
0004e5a6	00035f5a	FUN_00035f5a
0004e5e4	0004af28	FUN_0004af28
0004e5f4	0004e924	FUN_0004e924
0004e5f4	0004e942	FUN_0004e942
0004e5f4	0004e94c	FUN_0004e94c
0004e5f4	0004e98a	FUN_0004e98a
0004e624	00050ef2	FUN_00050ef2
0004e624	0004dedc	FUN_0004dedc
0004e624	00050c04	FUN_00050c04
0004e624	0004d3d8	FUN_0004d3d8
0004e624	0004e92e	FUN_0004e92e
0004e624	00037610	FUN_00037610
0004e624	0004e98a	FUN_0004e98a
0004e624	000637cc	FUN_000637cc
0004e63c	0004d500	FUN_0004d500
0004e63c	0004e938	FUN_0004e938
0004e63c	0004bc8c	FUN_0004bc8c
0004e654	0004bc4c	FUN_0004bc4c
0004e654	0004e956	FUN_0004e956
0004e680	0004d500	FUN_0004d500
0004e680	0004e98a	FUN_0004e98a
0004e6e2	0004ba5c	FUN_0004ba5c
0004e6e2	0004e560	FUN_0004e560
0004e6e2	0004d500	FUN_0004d500
0004e6e2	0004e5a6	FUN_0004e5a6
0004e6e2	0004d3d8	FUN_0004d3d8
0004e6e2	0004af28	FUN_0004af28
0004e6e2	0004f588	FUN_0004f588
0004e6e2	00046bec	FUN_00046bec
0004e6e2	0004bc12	FUN_0004bc12
0004e7c2	0004eb0e	FUN_0004eb0e
0004e7c2	0004eb3a	FUN_0004eb3a
0004e7d8	0004af28	FUN_0004af28
0004e7f6	0004af28	FUN_0004af28
0004e80c	0004af28	FUN_0004af28
0004e822	0004d3d8	FUN_0004d3d8
0004e822	0004af28	FUN_0004af28
0004e84a	0004eae2	FUN_0004eae2
0004e84a	0004e654	FUN_0004e654
0004e860	0004aaf6	FUN_0004aaf6
0004e860	0004e0e6	FUN_0004e0e6
0004e9f0	0004ea3c	FUN_0004ea3c
0004e9f0	0004ea28	FUN_0004ea28
0004e9f0	0004ea32	FUN_0004ea32
0004ea46	0004ea3c	FUN_0004ea3c
0004ea46	0004ea1e	FUN_0004ea1e
0004ea6a	0004e956	FUN_0004e956
0004ea6a	0004eac4	FUN_0004eac4
0004eae2	0004bc4c	FUN_0004bc4c
0004eae2	0004eac4	FUN_0004eac4
0004eb0e	0004bc4c	FUN_0004bc4c
0004eb0e	0004eace	FUN_0004eace
0004eb3a	0004bc4c	FUN_0004bc4c
0004eb3a	0004ead8	FUN_0004ead8
0004eb66	0004c924	FUN_0004c924
0004ebb0	0003caee	FUN_0003caee
0004ebb0	0004dedc	FUN_0004dedc
0004ebb0	0003cae0	FUN_0003cae0
0004ebb0	00037c5c	FUN_00037c5c
0004ebb0	0003cb1a	FUN_0003cb1a
0004ebb0	0003cafe	FUN_0003cafe
0004ebb0	0003cafa	FUN_0003cafa
0004ebb0	0004bbec	FUN_0004bbec
0004ebb0	0003cb12	FUN_0003cb12
0004ebb0	0003caea	FUN_0003caea
0004ebb0	00050ef2	FUN_00050ef2
0004ebb0	0003c9f8	FUN_0003c9f8
0004ebb0	0003cb6c	FUN_0003cb6c
0004ebb0	0004ccf8	FUN_0004ccf8
0004ebb0	0003cb2a	FUN_0003cb2a
0004ebb0	0004c924	FUN_0004c924
0004ebb0	0003cadc	FUN_0003cadc
0004ebb0	0003cb1e	FUN_0003cb1e
0004ebb0	000402f4	FUN_000402f4
0004ebb0	0004a162	FUN_0004a162
0004ed08	0004a152	FUN_0004a152
0004ed14	00050a74	FUN_00050a74
0004eefc	0004bc3e	FUN_0004bc3e
0004eefc	0004eefc	FUN_0004eefc
0004eefc	0004bc8c	FUN_0004bc8c
0004eefc	00063e88	FUN_00063e88
0004ef6a	000263a0	FUN_000263a0
0004ef6a	0004af28	FUN_0004af28
0004ef90	0004bc94	FUN_0004bc94
0004ef90	0003bf62	FUN_0003bf62
0004efd0	0004029c	FUN_0004029c
0004f010	0004029c	FUN_0004029c
0004f04c	0004029c	FUN_0004029c
0004f0c4	00052d08	thunk_FUN_00052d12
0004f292	0004f0c4	FUN_0004f0c4
0004f2d8	000406c0	FUN_000406c0
0004f2d8	00040b08	FUN_00040b08
0004f2d8	00040be0	FUN_00040be0
0004f2d8	00037604	FUN_00037604
0004f2d8	000375f8	FUN_000375f8
0004f2d8	0003c36c	FUN_0003c36c
0004f314	00047ef8	FUN_00047ef8
0004f314	00048898	FUN_00048898
0004f314	00048890	FUN_00048890
0004f314	000471a4	FUN_000471a4
0004f314	00063334	FUN_00063334
0004f3a4	00046bec	FUN_00046bec
0004f3ea	0004f4fc	FUN_0004f4fc
0004f3ea	00046bec	FUN_00046bec
0004f42e	0004a57a	FUN_0004a57a
0004f456	0004f400	FUN_0004f400
0004f456	0005a18c	FUN_0005a18c
0004f456	0004a360	FUN_0004a360
0004f4fc	0004f4f0	thunk_FUN_0004f4f4
0004f4fc	0005a0a4	FUN_0005a0a4
0004f4fc	00046bec	FUN_00046bec
0004f588	0004a318	FUN_0004a318
0004f588	00046bec	FUN_00046bec
0004f588	00052b38	FUN_00052b38
0004f588	00052c1c	FUN_00052c1c
0004f610	0004cd84	FUN_0004cd84
0004f610	0003db8c	FUN_0003db8c
0004f610	0004ba5c	FUN_0004ba5c
0004f610	0004bc3e	FUN_0004bc3e
0004f610	0004e5a6	FUN_0004e5a6
0004f610	0004f610	FUN_0004f610
0004f68c	0003dc12	FUN_0003dc12
0004f68c	0003d9b6	FUN_0003d9b6
0004f68c	0003dda2	FUN_0003dda2
0004f68c	0003db14	FUN_0003db14
0004f74c	0003759c	FUN_0003759c
0004f74c	0004b144	FUN_0004b144
0004f74c	00049974	FUN_00049974
0004f74c	0004cb5e	FUN_0004cb5e
0004f74c	00050a2c	FUN_00050a2c
0004f74c	00046bd6	FUN_00046bd6
0004f74c	0004b210	FUN_0004b210
0004f74c	0004e00e	FUN_0004e00e
0004f74c	0003a6ba	FUN_0003a6ba
0004f74c	00050a64	FUN_00050a64
0004f74c	0004a318	FUN_0004a318
0004f74c	00046bec	FUN_00046bec
0004f74c	0004de6c	FUN_0004de6c
0004f74c	0004cb3a	FUN_0004cb3a
0004f7c4	0002da78	FUN_0002da78
0004f7c4	0003759c	FUN_0003759c
0004f7c4	0004bbe2	FUN_0004bbe2
0004f7c4	00046698	FUN_00046698
0004f7c4	0004cd7e	FUN_0004cd7e
0004f7c4	000482e0	FUN_000482e0
0004f7c4	00046700	FUN_00046700
0004f7c4	0004b9b2	FUN_0004b9b2
0004f7c4	0004fb30	FUN_0004fb30
0004f7c4	000482e8	FUN_000482e8
0004f7c4	00047eec	FUN_00047eec
0004f7c4	00046688	FUN_00046688
0004f7c4	0004673a	FUN_0004673a
0004f7c4	0003c97c	FUN_0003c97c
0004f7c4	00037b88	FUN_00037b88
0004f7c4	000472d4	FUN_000472d4
0004f7c4	0004e5a6	FUN_0004e5a6
0004f7c4	0004deac	FUN_0004deac
0004f7c4	0004673e	FUN_0004673e
0004f7c4	0004de6c	FUN_0004de6c
0004f7c4	0004eb3a	FUN_0004eb3a
0004f7c4	0005ae30	FUN_0005ae30
0004f7c4	000643e4	FUN_000643e4
0004f990	00046688	FUN_00046688
0004f990	0004673a	FUN_0004673a
0004f990	0004ccf8	FUN_0004ccf8
0004f990	00037b88	FUN_00037b88
0004f990	00046698	FUN_00046698
0004f990	0002c7a8	FUN_0002c7a8
0004f990	0004bc8c	FUN_0004bc8c
0004f990	0004b9b2	FUN_0004b9b2
0004fb30	0003759c	FUN_0003759c
0004fb30	0004eb0e	FUN_0004eb0e
0004fb30	0004baf8	FUN_0004baf8
0004fb30	0003cafe	FUN_0003cafe
0004fb30	0004cd44	FUN_0004cd44
0004fb30	0003cafa	FUN_0003cafa
0004fb30	0003caea	FUN_0003caea
0004fb30	00046bd6	FUN_00046bd6
0004fb30	0003c9f8	FUN_0003c9f8
0004fb30	0003cb6c	FUN_0003cb6c
0004fb30	0003c97c	FUN_0003c97c
0004fb30	0004ccf8	FUN_0004ccf8
0004fb30	0004cb82	FUN_0004cb82
0004fb30	0004b108	FUN_0004b108
0004fb30	0003a6ba	FUN_0003a6ba
0004fb30	0003cb2a	FUN_0003cb2a
0004fb30	0004c924	FUN_0004c924
0004fb30	0003cb1e	FUN_0003cb1e
0004fb30	0003cadc	FUN_0003cadc
0004fb30	000491e8	FUN_000491e8
0004fb30	0004eb3a	FUN_0004eb3a
0004fb30	0004bb1a	FUN_0004bb1a
0004fb30	0004cb3a	FUN_0004cb3a
0004fb86	0004a162	FUN_0004a162
0004fbae	0004e00e	FUN_0004e00e
0004fbae	0004a152	FUN_0004a152
0004fc0c	0004b144	FUN_0004b144
0004fc0c	0004b210	FUN_0004b210
0004fc24	00046bec	FUN_00046bec
0004fc24	0004a0d8	FUN_0004a0d8
0004fc24	0004a118	FUN_0004a118
0004fc24	0004a2ac	FUN_0004a2ac
0004fc54	00046688	FUN_00046688
0004fc54	00046862	FUN_00046862
0004fc54	00046698	FUN_00046698
0004fc54	0005d8ec	FUN_0005d8ec
0004fc54	0005d600	FUN_0005d600
0004fc54	0005d2fc	FUN_0005d2fc
0004fc54	0005d148	FUN_0005d148
0004fc54	0004b9b2	FUN_0004b9b2
0004fcfc	0004d3d8	FUN_0004d3d8
0004fd02	0004d3d8	FUN_0004d3d8
0004fd10	00052d08	thunk_FUN_00052d12
0004fd10	0004bb9e	FUN_0004bb9e
0004fd10	0004a01c	FUN_0004a01c
0004fd10	0004ac0a	FUN_0004ac0a
0004fd10	00052d00	FUN_00052d00
0004fd10	00046680	FUN_00046680
0004fd10	0004a030	FUN_0004a030
0004fd10	0004bb8c	FUN_0004bb8c
0004fd10	00046678	FUN_00046678
0004fd10	0004deac	FUN_0004deac
0004fd10	0004c924	FUN_0004c924
0004fd10	0004d3d8	FUN_0004d3d8
0004fd10	0004a020	FUN_0004a020
0004fd10	0004a318	FUN_0004a318
0004fd10	0004aa4c	FUN_0004aa4c
0004fe6c	0004d3d8	FUN_0004d3d8
0004fe78	0004d3d8	FUN_0004d3d8
0004fe80	0004d3d8	FUN_0004d3d8
0004fe88	0004d3d8	FUN_0004d3d8
0004fe8e	0004d3d8	FUN_0004d3d8
0004fe9c	00040928	FUN_00040928
0004fea8	0004feb8	FUN_0004feb8
0004feb8	0005e210	FUN_0005e210
0004feb8	0004bb48	FUN_0004bb48
0004feb8	0004b3a0	FUN_0004b3a0
0004feb8	0003cae0	FUN_0003cae0
0004feb8	00040960	FUN_00040960
0004feb8	0003cafa	FUN_0003cafa
0004feb8	0004e088	FUN_0004e088
0004feb8	0003cb12	FUN_0003cb12
0004feb8	0003caea	FUN_0003caea
0004feb8	0003c9f8	FUN_0003c9f8
0004feb8	0003c97c	FUN_0003c97c
0004feb8	0003cb6c	FUN_0003cb6c
0004feb8	0003cb2a	FUN_0003cb2a
0004feb8	0004e5a6	FUN_0004e5a6
0004feb8	0003cadc	FUN_0003cadc
0004feb8	0003cb1e	FUN_0003cb1e
0004feb8	0004e7c2	FUN_0004e7c2
0004feb8	000408b0	FUN_000408b0
0005017c	00021a50	FUN_00021a50
0005017c	00042a54	FUN_00042a54
0005017c	0005689c	FUN_0005689c
0005017c	00064768	FUN_00064768
0005017c	00036bb0	FUN_00036bb0
00050196	0004e00e	FUN_0004e00e
00050196	0004e5e4	FUN_0004e5e4
00050196	0004aa6e	FUN_0004aa6e
00050196	0004089c	FUN_0004089c
000501f8	0004c906	FUN_0004c906
000501f8	0003db32	FUN_0003db32
000501f8	00046700	FUN_00046700
000501f8	0005051c	FUN_0005051c
000501f8	0004c8ac	FUN_0004c8ac
000501f8	0004ccf8	FUN_0004ccf8
000501f8	00050536	thunk_FUN_0003e222
000501f8	0005052e	thunk_FUN_0003e1e0
000501f8	0004aa6e	FUN_0004aa6e
000501f8	0004673e	FUN_0004673e
000501f8	0004de6c	FUN_0004de6c
000501f8	0003dcb8	FUN_0003dcb8
000501f8	0004b03e	FUN_0004b03e
000501f8	0002c688	FUN_0002c688
000501f8	0004743a	FUN_0004743a
000501f8	0004bbe2	FUN_0004bbe2
000501f8	00046698	FUN_00046698
000501f8	0005053a	thunk_FUN_0003e26c
000501f8	00048288	FUN_00048288
000501f8	000482e0	FUN_000482e0
000501f8	00050518	thunk_FUN_0003e1c2
000501f8	0003d9ec	FUN_0003d9ec
000501f8	0004cbd8	FUN_0004cbd8
000501f8	0004b9b2	FUN_0004b9b2
000501f8	0004cba6	FUN_0004cba6
000501f8	0004bbec	FUN_0004bbec
000501f8	00047eec	FUN_00047eec
000501f8	00046688	FUN_00046688
000501f8	0004673a	FUN_0004673a
000501f8	0004c804	FUN_0004c804
000501f8	000472d4	FUN_000472d4
000501f8	0003ac70	FUN_0003ac70
000501f8	0004e00e	FUN_0004e00e
000501f8	0004e5a6	FUN_0004e5a6
000501f8	0004d3d8	FUN_0004d3d8
000501f8	0004c86a	FUN_0004c86a
000501f8	0004eef4	FUN_0004eef4
000501f8	0006532e	FUN_0006532e
0005051c	0003e1b8	FUN_0003e1b8
00050540	00052de0	FUN_00052de0
00050560	0004a318	FUN_0004a318
0005057c	00052362	FUN_00052362
0005057c	00052448	FUN_00052448
000505d0	0004b144	FUN_0004b144
000505d0	0004b210	FUN_0004b210
000505e8	00047eec	FUN_00047eec
000505e8	00052350	FUN_00052350
000505e8	00046688	FUN_00046688
000505e8	0004bbe2	FUN_0004bbe2
000505e8	00052370	FUN_00052370
000505e8	00046698	FUN_00046698
000505e8	000472d4	FUN_000472d4
000505e8	000482e0	FUN_000482e0
000505e8	00050a64	FUN_00050a64
000505e8	0004b9b2	FUN_0004b9b2
000505e8	0004f364	FUN_0004f364
000505e8	000520c6	FUN_000520c6
00050714	0004f364	FUN_0004f364
0005075c	0004f364	FUN_0004f364
000507e6	00050540	FUN_00050540
000507e6	00052370	FUN_00052370
000507e6	0001049c	FUN_0001049c
000507e6	00050a64	FUN_00050a64
000507e6	000524bc	FUN_000524bc
00050944	0004e00e	FUN_0004e00e
00050960	0003caea	FUN_0003caea
00050960	0003c9f8	FUN_0003c9f8
00050960	0003c97c	FUN_0003c97c
00050960	0003cb6c	FUN_0003cb6c
00050960	0003cb2a	FUN_0003cb2a
00050960	0003d476	FUN_0003d476
00050960	0003cacc	FUN_0003cacc
00050960	0003cb1e	FUN_0003cb1e
00050960	0003cb0a	FUN_0003cb0a
00050960	0003cafe	FUN_0003cafe
00050960	0003d6d8	thunk_FUN_0003d6e0
00050960	0003cafa	FUN_0003cafa
00050a40	0004a404	FUN_0004a404
00050a40	00050a64	FUN_00050a64
00050a40	0004a318	FUN_0004a318
00050b06	0004a57a	FUN_0004a57a
00050c04	00050c14	FUN_00050c14
00050c48	0004a318	FUN_0004a318
00050c48	00046bec	FUN_00046bec
00050cca	00046bec	FUN_00046bec
00050cca	0004a57a	FUN_0004a57a
00050ce8	00050ef2	FUN_00050ef2
00050cf0	00050ef2	FUN_00050ef2
00050d0e	00050ef2	FUN_00050ef2
00050d16	00050ef2	FUN_00050ef2
00050d1e	00050ef2	FUN_00050ef2
00050d3c	00050ef2	FUN_00050ef2
00050d5a	00050ef2	FUN_00050ef2
00050d62	00050ef2	FUN_00050ef2
00050d6a	00050ef2	FUN_00050ef2
00050d88	00050ef2	FUN_00050ef2
00050d90	00050ef2	FUN_00050ef2
00050d98	00050ef2	FUN_00050ef2
00050da0	00050ef2	FUN_00050ef2
00050da8	00050ef2	FUN_00050ef2
00050db0	00050ef2	FUN_00050ef2
00050db8	00050ef2	FUN_00050ef2
00050dd0	00050ef2	FUN_00050ef2
00050dee	00050ef2	FUN_00050ef2
00050df6	00050ef2	FUN_00050ef2
00050dfe	00050ef2	FUN_00050ef2
00050e1c	00050ef2	FUN_00050ef2
00050e24	00050ef2	FUN_00050ef2
00050e2c	00050ef2	FUN_00050ef2
00050e34	00050ebc	FUN_00050ebc
00050e34	00050ec4	FUN_00050ec4
00050e34	00050e80	FUN_00050e80
00050e34	00050ed4	FUN_00050ed4
00050e5a	00050ebc	FUN_00050ebc
00050e5a	00050ec4	FUN_00050ec4
00050e5a	00050ed4	FUN_00050ed4
00050e80	00050ef2	FUN_00050ef2
00050e88	00050ef2	FUN_00050ef2
00050e90	00050e88	FUN_00050e88
00050e90	00050ecc	FUN_00050ecc
00050ea6	00050ebc	FUN_00050ebc
00050ea6	00050ec4	FUN_00050ec4
00050ebc	00050ef2	FUN_00050ef2
00050ec4	00050ef2	FUN_00050ef2
00050ecc	00050ef2	FUN_00050ef2
00050ed4	00050ef2	FUN_00050ef2
00050edc	00050e80	FUN_00050e80
00050edc	00050ed4	FUN_00050ed4
00050ef2	0004f588	FUN_0004f588
00050f7c	00050ef2	FUN_00050ef2
00050f84	00050ef2	FUN_00050ef2
00050f8c	00050ef2	FUN_00050ef2
00050faa	00050ef2	FUN_00050ef2
00050fb2	00050ef2	FUN_00050ef2
00050fba	00050ef2	FUN_00050ef2
00050fc2	00050ef2	FUN_00050ef2
00050fca	00050ef2	FUN_00050ef2
00050fca	0005102e	FUN_0005102e
00050fe0	00050ef2	FUN_00050ef2
00050fe8	00050ef2	FUN_00050ef2
00051006	00050ef2	FUN_00050ef2
0005100e	00050ef2	FUN_00050ef2
00051016	00050ef2	FUN_00050ef2
0005101e	00050ef2	FUN_00050ef2
00051026	00050ef2	FUN_00050ef2
0005102e	00050ef2	FUN_00050ef2
00051038	0004a57a	FUN_0004a57a
00051068	0004d3d8	FUN_0004d3d8
00051074	0004d3d8	FUN_0004d3d8
0005107a	0004e00e	FUN_0004e00e
0005107a	0004aa6e	FUN_0004aa6e
000510a2	0003c97c	FUN_0003c97c
000510ac	0004c90c	FUN_0004c90c
000510ac	00051188	FUN_00051188
000510ac	00046688	FUN_00046688
000510ac	0004673a	FUN_0004673a
000510ac	0004c870	FUN_0004c870
000510ac	00046698	FUN_00046698
000510ac	0004c80a	FUN_0004c80a
000510ac	0002dc02	FUN_0002dc02
000510ac	0004d3d8	FUN_0004d3d8
000510ac	0004b9b2	FUN_0004b9b2
000510ac	0004b03e	FUN_0004b03e
000510ac	0004c8b2	FUN_0004c8b2
00051188	0003caea	FUN_0003caea
00051188	0003c9f8	FUN_0003c9f8
00051188	0003c97c	FUN_0003c97c
00051188	0003cb6c	FUN_0003cb6c
00051188	0004c584	FUN_0004c584
00051188	0003cb2a	FUN_0003cb2a
00051188	0004c924	FUN_0004c924
00051188	0003cb1e	FUN_0003cb1e
00051188	0003cadc	FUN_0003cadc
00051188	0003cafa	FUN_0003cafa
0005121c	0004f588	FUN_0004f588
0005121c	0004a318	FUN_0004a318
00051258	00046bec	FUN_00046bec
000512b8	00037a1e	FUN_00037a1e
000512b8	0004cb46	FUN_0004cb46
000512b8	00046698	FUN_00046698
000512b8	000482e0	FUN_000482e0
000512b8	0004cb6a	FUN_0004cb6a
000512b8	000377fa	FUN_000377fa
000512b8	0004b9b2	FUN_0004b9b2
000512b8	00047eec	FUN_00047eec
000512b8	0004c8b8	FUN_0004c8b8
000512b8	00046688	FUN_00046688
000512b8	0004673a	FUN_0004673a
000512b8	0004cb88	FUN_0004cb88
000512b8	0004c912	FUN_0004c912
000512b8	0004c876	FUN_0004c876
000512b8	0004e5a6	FUN_0004e5a6
000512b8	0004deac	FUN_0004deac
000512b8	0004d3d8	FUN_0004d3d8
000512b8	0004c756	FUN_0004c756
000512b8	0002dd0e	FUN_0002dd0e
000512b8	0004c810	FUN_0004c810
000512b8	0005e538	FUN_0005e538
000512b8	000482c2	FUN_000482c2
000512b8	0004c762	FUN_0004c762
00051474	0004e84a	FUN_0004e84a
00051474	0004b384	FUN_0004b384
00051474	0004e822	FUN_0004e822
00051474	0004e00e	FUN_0004e00e
00051474	0004e624	FUN_0004e624
00051474	0004aa6e	FUN_0004aa6e
00051474	0004aa4c	FUN_0004aa4c
00051474	000515ec	FUN_000515ec
000514d8	00046688	FUN_00046688
000514d8	00046698	FUN_00046698
000514d8	0004b9b2	FUN_0004b9b2
000514d8	0005152c	FUN_0005152c
0005150c	0004b9de	FUN_0004b9de
00051512	0004b9de	FUN_0004b9de
00051518	00051512	FUN_00051512
00051518	0004ba66	FUN_0004ba66
0005152c	0004c5e2	FUN_0004c5e2
0005152c	0004e538	FUN_0004e538
0005152c	00051512	FUN_00051512
0005152c	0004ef90	FUN_0004ef90
0005152c	0004e860	FUN_0004e860
0005152c	00051518	FUN_00051518
0005152c	0004e510	FUN_0004e510
0005152c	0004ba04	FUN_0004ba04
0005152c	0005150c	FUN_0005150c
0005152c	0004c924	FUN_0004c924
0005152c	0004baf8	FUN_0004baf8
0005152c	0004bb1a	FUN_0004bb1a
000515ec	0004e63c	FUN_0004e63c
000515ec	0004e84a	FUN_0004e84a
000515ec	00051512	FUN_00051512
000515ec	0004bb48	FUN_0004bb48
000515ec	0004e7f6	FUN_0004e7f6
000515ec	0004e624	FUN_0004e624
000515ec	0005150c	FUN_0005150c
000515ec	0004e80c	FUN_0004e80c
000515ec	0004089c	FUN_0004089c
000515ec	0004f078	FUN_0004f078
000515ec	0004eae2	FUN_0004eae2
000515ec	0004e654	FUN_0004e654
000516ec	00051c28	FUN_00051c28
000516ec	00050a64	FUN_00050a64
0005172c	00051cb0	FUN_00051cb0
0005175c	00051844	FUN_00051844
0005175c	00051cb0	FUN_00051cb0
0005175c	00046b72	FUN_00046b72
00051844	00051ad4	FUN_00051ad4
00051844	00051cb0	FUN_00051cb0
00051844	00046b72	FUN_00046b72
00051970	00046bd6	FUN_00046bd6
00051970	0005175c	FUN_0005175c
00051970	00051a28	FUN_00051a28
00051a28	0005172c	FUN_0005172c
00051a28	00046b72	FUN_00046b72
00051a80	0004a404	FUN_0004a404
00051a80	00051c28	FUN_00051c28
00051a80	00050a64	FUN_00050a64
00051b74	00052dc8	FUN_00052dc8
00051b74	0004a318	FUN_0004a318
00051c28	00051d84	FUN_00051d84
00051c60	00051cb0	FUN_00051cb0
00051c88	00051cb0	FUN_00051cb0
00051d3c	00051d84	FUN_00051d84
00051d3c	00051cb0	FUN_00051cb0
00051db8	00024664	FUN_00024664
00051db8	00059fec	FUN_00059fec
00051db8	00051cb0	FUN_00051cb0
00051db8	00051a80	FUN_00051a80
00051db8	00052350	FUN_00052350
00051db8	00052370	FUN_00052370
00051db8	00051c88	FUN_00051c88
00051db8	00051f94	FUN_00051f94
00051db8	000491f4	FUN_000491f4
00051db8	0004e5a6	FUN_0004e5a6
00051db8	0004d3d8	FUN_0004d3d8
00051db8	0004f588	FUN_0004f588
00051db8	000491e8	FUN_000491e8
00051db8	00050a64	FUN_00050a64
00051db8	0003a934	FUN_0003a934
00051eb8	00024664	FUN_00024664
00051eb8	00059fec	FUN_00059fec
00051eb8	00051cb0	FUN_00051cb0
00051eb8	00051ba6	FUN_00051ba6
00051eb8	00051db8	FUN_00051db8
00051eb8	00051a80	FUN_00051a80
00051eb8	00052370	FUN_00052370
00051eb8	00051f94	FUN_00051f94
00051eb8	00051c88	FUN_00051c88
00051eb8	000491f4	FUN_000491f4
00051eb8	0004e5a6	FUN_0004e5a6
00051eb8	0004d3d8	FUN_0004d3d8
00051eb8	0004f588	FUN_0004f588
00051eb8	000491e8	FUN_000491e8
00051eb8	00050a64	FUN_00050a64
00051eb8	0003a934	FUN_0003a934
00051f94	000491ec	FUN_000491ec
00051f94	00049a34	FUN_00049a34
00051f94	000491f0	FUN_000491f0
00051f94	0004d3d8	FUN_0004d3d8
00051fc8	00052370	FUN_00052370
00051fc8	00049974	FUN_00049974
00051fc8	00048d88	FUN_00048d88
00051fc8	0004e00e	FUN_0004e00e
00051fc8	0004aa6e	FUN_0004aa6e
00051fc8	0004aa4c	FUN_0004aa4c
00051fc8	0004f078	FUN_0004f078
00051fc8	00060710	FUN_00060710
00051fc8	0004eae2	FUN_0004eae2
000520c6	00052370	FUN_00052370
000520dc	00049080	FUN_00049080
000520dc	00046bd6	FUN_00046bd6
000520dc	00052370	FUN_00052370
000520dc	00048f08	FUN_00048f08
000520dc	0004cb8e	FUN_0004cb8e
000520dc	0004cb4c	FUN_0004cb4c
00052128	00052370	FUN_00052370
00052128	00049974	FUN_00049974
00052128	00051f94	FUN_00051f94
00052128	000516ec	FUN_000516ec
00052128	0004e5a6	FUN_0004e5a6
00052128	0004d3d8	FUN_0004d3d8
00052128	0004f588	FUN_0004f588
00052128	000491e8	FUN_000491e8
00052128	00050a64	FUN_00050a64
00052128	0003a934	FUN_0003a934
000521da	00046bec	FUN_00046bec
00052204	0004c918	FUN_0004c918
00052204	0004c6ae	FUN_0004c6ae
00052204	00052310	FUN_00052310
00052204	0003d9fe	FUN_0003d9fe
00052204	0004cf40	FUN_0004cf40
00052204	00051db8	FUN_00051db8
00052204	0004c816	FUN_0004c816
00052204	00042ec4	FUN_00042ec4
00052204	0004ccf8	FUN_0004ccf8
00052204	00052128	FUN_00052128
00052204	0004c924	FUN_0004c924
00052204	0004cb8e	FUN_0004cb8e
00052204	0004aa6e	FUN_0004aa6e
00052204	0004d0bc	FUN_0004d0bc
00052204	000402f4	FUN_000402f4
00052204	00042a98	FUN_00042a98
00052204	00046698	FUN_00046698
00052204	00041db4	FUN_00041db4
00052204	00048f08	FUN_00048f08
00052204	000482e0	FUN_000482e0
00052204	00048288	FUN_00048288
00052204	0004c87c	FUN_0004c87c
00052204	0004bb3c	FUN_0004bb3c
00052204	000520dc	FUN_000520dc
00052204	0004925c	FUN_0004925c
00052204	0004b9b2	FUN_0004b9b2
00052204	00041d52	FUN_00041d52
00052204	0004cb4c	FUN_0004cb4c
00052204	0004bbec	FUN_0004bbec
00052204	000482e8	FUN_000482e8
00052204	000520c6	FUN_000520c6
00052204	00049080	FUN_00049080
00052204	00047eec	FUN_00047eec
00052204	0004a404	FUN_0004a404
00052204	00046bd6	FUN_00046bd6
00052204	00051d84	FUN_00051d84
00052204	00046688	FUN_00046688
00052204	0004673a	FUN_0004673a
00052204	00052370	FUN_00052370
00052204	0004e5a6	FUN_0004e5a6
00052204	0004e00e	FUN_0004e00e
00052204	00046718	FUN_00046718
00052204	0004d3d8	FUN_0004d3d8
00052204	0004c8be	FUN_0004c8be
00052204	000491e8	FUN_000491e8
00052204	00060710	FUN_00060710
0005231c	00046a36	FUN_00046a36
0005231c	0004cb4c	FUN_0004cb4c
00052350	000491e8	FUN_000491e8
00052370	0004baf8	FUN_0004baf8
00052370	0005a550	FUN_0005a550
00052370	0004cb4c	FUN_0004cb4c
00052370	00049080	FUN_00049080
00052370	00046bd6	FUN_00046bd6
00052370	0004bf14	FUN_0004bf14
00052370	0004e538	FUN_0004e538
00052370	0004bd90	FUN_0004bd90
00052370	0004ef90	FUN_0004ef90
00052370	00051c88	FUN_00051c88
00052370	0004e510	FUN_0004e510
00052370	000491e8	FUN_000491e8
00052370	0004bb1a	FUN_0004bb1a
00052370	00060710	FUN_00060710
00052448	0004e496	FUN_0004e496
00052448	0004f078	FUN_0004f078
00052448	0004e9c8	FUN_0004e9c8
00052448	0004e088	FUN_0004e088
00052448	0004eae2	FUN_0004eae2
00052448	0004e654	FUN_0004e654
000524bc	00052370	FUN_00052370
000524bc	00059fec	FUN_00059fec
000524bc	00051f94	FUN_00051f94
000524bc	00049974	FUN_00049974
000524bc	00051cb0	FUN_00051cb0
000524bc	0004e5a6	FUN_0004e5a6
000524bc	0004d3d8	FUN_0004d3d8
000524bc	00050a40	FUN_00050a40
000524bc	00051ba6	FUN_00051ba6
000524bc	000491e8	FUN_000491e8
000524bc	00046bec	FUN_00046bec
000524bc	00051db8	FUN_00051db8
00052580	0004e210	FUN_0004e210
00052580	000526e6	FUN_000526e6
00052580	00023990	FUN_00023990
000525a0	000526b0	FUN_000526b0
000525b8	000607d8	FUN_000607d8
000525b8	00040950	FUN_00040950
000525b8	00040890	FUN_00040890
000525b8	000526b0	FUN_000526b0
000525b8	0004089c	FUN_0004089c
000525b8	000402f4	FUN_000402f4
000525b8	0004e21c	FUN_0004e21c
000525b8	0004a360	FUN_0004a360
000525b8	000408b0	FUN_000408b0
000526c4	000526e6	FUN_000526e6
000526c4	0004f04c	FUN_0004f04c
000526e6	0004bb48	FUN_0004bb48
000526e6	00040950	FUN_00040950
000526e6	00040890	FUN_00040890
000526fc	00052708	FUN_00052708
00052740	0004b144	FUN_0004b144
00052740	0004b210	FUN_0004b210
00052740	0004e7d8	FUN_0004e7d8
00052740	0004f078	FUN_0004f078
00052740	0004e7c2	FUN_0004e7c2
00052794	0004e84a	FUN_0004e84a
00052794	0004e7f6	FUN_0004e7f6
00052794	0004e80c	FUN_0004e80c
00052794	0004aa6e	FUN_0004aa6e
00052794	0004aa4c	FUN_0004aa4c
000527d4	0004b144	FUN_0004b144
000527d4	0004b210	FUN_0004b210
000527f0	0004e496	FUN_0004e496
000527f0	0004e7d8	FUN_0004e7d8
000527f0	0004cd1e	FUN_0004cd1e
000527f0	0004cd44	FUN_0004cd44
00052828	0004e84a	FUN_0004e84a
00052828	0004ef90	FUN_0004ef90
00052844	00052a58	FUN_00052a58
00052844	0004a152	FUN_0004a152
0005285c	00052708	FUN_00052708
0005285c	00052a58	FUN_00052a58
0005285c	0004a162	FUN_0004a162
000528ac	00046bec	FUN_00046bec
000528ac	0004a2ac	FUN_0004a2ac
000528e4	00052708	FUN_00052708
000528e4	00052a74	FUN_00052a74
000528e4	000528ac	FUN_000528ac
000528e4	00052ace	FUN_00052ace
00052940	0004a13c	FUN_0004a13c
00052940	0004a118	FUN_0004a118
00052964	00052708	FUN_00052708
00052964	00052d78	FUN_00052d78
00052964	0004a13c	FUN_0004a13c
00052964	000528e4	FUN_000528e4
00052964	0004a314	FUN_0004a314
00052964	000526fc	FUN_000526fc
00052964	0004a118	FUN_0004a118
00052964	00052ace	FUN_00052ace
00052a82	00052708	FUN_00052708
00052a98	00052708	FUN_00052708
00052a98	00052a58	FUN_00052a58
00052aae	00052a58	FUN_00052a58
00052ace	000526fc	FUN_000526fc
00052ae8	00024b6a	FUN_00024b6a
00052ae8	00024bd4	FUN_00024bd4
00052b7c	00052ae8	FUN_00052ae8
00052b7c	00052b48	FUN_00052b48
00052b98	00024cb4	FUN_00024cb4
00052b98	00024d50	FUN_00024d50
00052b98	00024c80	FUN_00024c80
00052b98	00024b6a	FUN_00024b6a
00052b98	00024b34	FUN_00024b34
00052bf6	00024d00	FUN_00024d00
00052bf6	00024be0	FUN_00024be0
00052bf6	000229b4	FUN_000229b4
00052c1c	00024cb4	FUN_00024cb4
00052c1c	00024c9a	FUN_00024c9a
00052c1c	0004a404	FUN_0004a404
00052c1c	00052b98	FUN_00052b98
00052c1c	000229b4	FUN_000229b4
00052c1c	00024b56	FUN_00024b56
00052c1c	00024b6a	FUN_00024b6a
00052c1c	00024d72	FUN_00024d72
00052c1c	00024cea	FUN_00024cea
00052c1c	00052bf6	FUN_00052bf6
00052dc8	00052de0	FUN_00052de0
00052de0	000208e0	FUN_000208e0
00052de0	00020d4c	FUN_00020d4c
00052de0	00020dd4	FUN_00020dd4
00052de0	00052de0	FUN_00052de0
00052de0	000202e8	FUN_000202e8
00052de0	00020368	FUN_00020368
00052de0	00020bcc	FUN_00020bcc
00052de0	00020ccc	FUN_00020ccc
000532b8	0004e84a	FUN_0004e84a
000532b8	0004e63c	FUN_0004e63c
000532b8	0004b384	FUN_0004b384
000532b8	0004ccf8	FUN_0004ccf8
000532b8	0004bb48	FUN_0004bb48
000532b8	0004e5f4	FUN_0004e5f4
000532b8	0004e624	FUN_0004e624
000532b8	0004bc8c	FUN_0004bc8c
000532b8	0004089c	FUN_0004089c
000532b8	0004bbec	FUN_0004bbec
000532b8	0004eae2	FUN_0004eae2
00053338	0001f37c	FUN_0001f37c
00053338	000488b8	FUN_000488b8
00053338	00052964	FUN_00052964
00053338	0001cd54	FUN_0001cd54
00053338	0004f314	FUN_0004f314
00053338	0005017c	FUN_0005017c
00053338	000658d4	FUN_000658d4
00053338	0001e284	FUN_0001e284
00053338	0004f2d8	FUN_0004f2d8
000533c0	0001a2d8	FUN_0001a2d8
000533c0	00015294	FUN_00015294
000533c0	0001787c	FUN_0001787c
000533c0	0001b700	FUN_0001b700
000533c0	00036b48	FUN_00036b48
000533c0	00037d4c	FUN_00037d4c
000533c0	000184d4	FUN_000184d4
000533c0	0001f37c	FUN_0001f37c
000533c0	00016694	FUN_00016694
000533c0	00012e10	FUN_00012e10
000533c0	0001da28	FUN_0001da28
000533c0	00012108	FUN_00012108
000533c0	00027d24	FUN_00027d24
000533c0	00012518	FUN_00012518
000533c0	0001f390	FUN_0001f390
000533c0	000182f0	FUN_000182f0
000533c0	00015214	FUN_00015214
000533c0	0001be28	FUN_0001be28
000533c0	00014184	FUN_00014184
000533c0	00012c24	FUN_00012c24
00053438	0003f922	thunk_FUN_0004d3d8
00053438	0001814c	FUN_0001814c
00053438	0004037c	FUN_0004037c
00053438	0003f4be	FUN_0003f4be
00053438	0005285c	FUN_0005285c
00053438	00047d8e	FUN_00047d8e
00053438	00046756	FUN_00046756
00053438	0004b9de	FUN_0004b9de
00053438	0003f926	FUN_0003f926
00053438	00018114	FUN_00018114
00053438	000527ec	FUN_000527ec
00053438	0001049c	FUN_0001049c
00053438	0004675a	FUN_0004675a
00053438	000528ac	FUN_000528ac
00053534	0003edc8	FUN_0003edc8
00053534	0003e84e	FUN_0003e84e
00053534	0003ede0	FUN_0003ede0
00053566	000632cc	FUN_000632cc
000535b0	0001ba58	FUN_0001ba58
000535b0	0004e8b2	FUN_0004e8b2
000535b0	0004037c	FUN_0004037c
000535b0	0004ea90	FUN_0004ea90
000535b0	000527ec	FUN_000527ec
000535b0	0004e960	FUN_0004e960
000535b0	0004675a	FUN_0004675a
000535b0	00046756	FUN_00046756
000535b0	0004b9de	FUN_0004b9de
000535b0	000527f0	FUN_000527f0
00053730	0003f334	FUN_0003f334
00053730	00046698	FUN_00046698
00053730	000499de	FUN_000499de
00053730	0004bc8c	FUN_0004bc8c
00053730	0003f338	FUN_0003f338
00053730	0004b9de	FUN_0004b9de
000537cc	0003f334	FUN_0003f334
000537cc	00046698	FUN_00046698
000537cc	000461e4	FUN_000461e4
000537cc	0004675a	FUN_0004675a
000537cc	0003f338	FUN_0003f338
00053804	0004e63c	FUN_0004e63c
00053804	0004e84a	FUN_0004e84a
00053804	0004ea86	FUN_0004ea86
00053804	0004e5f4	FUN_0004e5f4
00053804	00048d88	FUN_00048d88
00053804	0004e624	FUN_0004e624
00053804	0004f078	FUN_0004f078
00053804	0003e808	FUN_0003e808
00053804	0004bbec	FUN_0004bbec
00053804	0004e8d2	FUN_0004e8d2
00053804	0004eae2	FUN_0004eae2
00053804	0004ef90	FUN_0004ef90
00053804	000498fc	FUN_000498fc
00053804	0004e00e	FUN_0004e00e
00053804	0004e5a6	FUN_0004e5a6
00053804	0004aa4c	FUN_0004aa4c
00053804	0004d680	FUN_0004d680
00053804	0004e654	FUN_0004e654
000538e4	0004e63c	FUN_0004e63c
000538e4	000464f2	FUN_000464f2
000538e4	0004e5a6	FUN_0004e5a6
000538e4	0004e624	FUN_0004e624
000538e4	00046058	FUN_00046058
000538e4	0004bc8c	FUN_0004bc8c
000538e4	0004aa4c	FUN_0004aa4c
000538e4	0004d680	FUN_0004d680
00053974	0004e8b2	FUN_0004e8b2
00053974	0001814c	FUN_0001814c
00053974	0004037c	FUN_0004037c
00053974	0004cd1e	FUN_0004cd1e
00053974	0004b9de	FUN_0004b9de
00053974	0005833c	FUN_0005833c
00053974	0004fe9c	FUN_0004fe9c
00053974	00017cf8	FUN_00017cf8
00053974	00018114	FUN_00018114
00053974	0004e00e	FUN_0004e00e
00053974	0001cb8c	FUN_0001cb8c
00053974	000499de	FUN_000499de
00053974	00050710	FUN_00050710
00053974	0004aa6e	FUN_0004aa6e
00053974	0004aa4c	FUN_0004aa4c
00053974	0001ae8c	FUN_0001ae8c
00053c94	0004dfd2	FUN_0004dfd2
00053cf4	00018010	FUN_00018010
00053cf4	00017ca8	FUN_00017ca8
00053cf4	00017f28	FUN_00017f28
00053cf4	000180c4	FUN_000180c4
00053cf4	0004b9de	FUN_0004b9de
00053cf4	0001799c	FUN_0001799c
00053cf4	00017e74	FUN_00017e74
00053cf4	0004cd84	FUN_0004cd84
00053cf4	00017b44	FUN_00017b44
00053cf4	00018114	FUN_00018114
00053cf4	0001cb8c	FUN_0001cb8c
00053cf4	00017af4	FUN_00017af4
00053cf4	0004e4b2	FUN_0004e4b2
00053cf4	00017aa4	FUN_00017aa4
00053cf4	0004aa4c	FUN_0004aa4c
00053cf4	00017d9c	FUN_00017d9c
00053cf4	00017a54	FUN_00017a54
00053ed8	0004dfd2	FUN_0004dfd2
00053ed8	0004e00e	FUN_0004e00e
00053ed8	0004aa6e	FUN_0004aa6e
00053fb8	0004f588	FUN_0004f588
00053fb8	0004a318	FUN_0004a318
00053fb8	00046bec	FUN_00046bec
00054070	00058430	FUN_00058430
00054070	00037604	FUN_00037604
00054070	0001046a	FUN_0001046a
00054070	000375f8	FUN_000375f8
00054128	00058430	FUN_00058430
00054128	0001c354	exit_critical
00054128	0001d958	FUN_0001d958
00054128	0001aebc	FUN_0001aebc
00054128	0001c350	enter_critical
00054128	00037604	FUN_00037604
00054128	0001046a	FUN_0001046a
00054128	000375f8	FUN_000375f8
00054128	0001af7c	FUN_0001af7c
000541d4	0004bbe2	FUN_0004bbe2
000541d4	0004bb48	FUN_0004bb48
000541d4	000467c6	FUN_000467c6
000541d4	000482e0	FUN_000482e0
000541d4	00048270	FUN_00048270
000541d4	0004b9de	FUN_0004b9de
000541d4	00048258	FUN_00048258
000541d4	0003df44	FUN_0003df44
000541d4	0004b40e	FUN_0004b40e
000541d4	0004e5a6	FUN_0004e5a6
000541d4	0005434c	FUN_0005434c
000541d4	0004f588	FUN_0004f588
000541d4	00046bec	FUN_00046bec
000541d4	000541d4	FUN_000541d4
000541d4	0004bc12	FUN_0004bc12
0005434c	000488a8	FUN_000488a8
0005434c	00048400	FUN_00048400
0005434c	000482d8	FUN_000482d8
0005436c	00056d80	FUN_00056d80
0005436c	0001cb8c	FUN_0001cb8c
00054390	0001814c	FUN_0001814c
00054390	0004ba5c	FUN_0004ba5c
00054390	00018114	FUN_00018114
00054390	0004aa4c	FUN_0004aa4c
00054390	0001046a	FUN_0001046a
00054390	00021fe0	FUN_00021fe0
00054390	0004b288	FUN_0004b288
00054390	0004b9de	FUN_0004b9de
00054474	0001af48	FUN_0001af48
00054474	00057ea0	FUN_00057ea0
00054474	0001814c	FUN_0001814c
00054474	000301e8	FUN_000301e8
00054474	0001af64	set_voltage_raw
00054474	0004b3a0	FUN_0004b3a0
00054474	0001a5fc	FUN_0001a5fc
00054474	0002f6e4	FUN_0002f6e4
00054474	00033538	FUN_00033538
00054474	0002aa74	FUN_0002aa74
00054474	00017cf8	FUN_00017cf8
00054474	00018114	FUN_00018114
00054474	0004e5a6	FUN_0004e5a6
00054474	0004e00e	FUN_0004e00e
00054474	000527ec	FUN_000527ec
00054474	00052aae	FUN_00052aae
00054474	00052a74	FUN_00052a74
00054474	0004aa6e	FUN_0004aa6e
00054474	0001aea4	set_current_raw
00054474	000527f0	FUN_000527f0
00054688	0001ba58	FUN_0001ba58
00054688	00040928	FUN_00040928
00054688	0005efd8	FUN_0005efd8
0005472c	0001ba58	FUN_0001ba58
0005472c	0001d100	FUN_0001d100
0005472c	00040928	FUN_00040928
0005472c	00016060	FUN_00016060
00054818	0001ba58	FUN_0001ba58
00054818	00015a5c	FUN_00015a5c
00054818	0001d100	FUN_0001d100
00054818	00047d8e	FUN_00047d8e
00054818	0004b9de	FUN_0004b9de
0005486c	0004e00e	FUN_0004e00e
0005486c	0004aa6e	FUN_0004aa6e
0005486c	0004b9de	FUN_0004b9de
00054940	0004037c	FUN_0004037c
00054940	00049974	FUN_00049974
00054940	0004e0e6	FUN_0004e0e6
00054940	0004e960	FUN_0004e960
00054940	00047d8e	FUN_00047d8e
00054940	0004b9de	FUN_0004b9de
000549cc	000499de	FUN_000499de
000549cc	0004eae2	FUN_0004eae2
00054a18	0004e8b2	FUN_0004e8b2
00054a18	0004037c	FUN_0004037c
00054a18	0004e00e	FUN_0004e00e
00054a18	0004aa6e	FUN_0004aa6e
00054a18	0004b9de	FUN_0004b9de
00054c38	000499de	FUN_000499de
00054c38	0004b9de	FUN_0004b9de
00054c98	000499de	FUN_000499de
00054cec	0004e8b2	FUN_0004e8b2
00054cec	0004037c	FUN_0004037c
00054cec	0004e00e	FUN_0004e00e
00054cec	0004aa6e	FUN_0004aa6e
00054cec	0004b9de	FUN_0004b9de
00054e80	0004ccf8	FUN_0004ccf8
00054e80	000499de	FUN_000499de
00054e80	0004b9de	FUN_0004b9de
00054e80	0004eae2	FUN_0004eae2
00054f18	0004ccf8	FUN_0004ccf8
00054f18	000499de	FUN_000499de
00054f18	0004b9de	FUN_0004b9de
00054f18	0004eae2	FUN_0004eae2
00054fd8	000499de	FUN_000499de
00055040	000499de	FUN_000499de
00055040	0004b9de	FUN_0004b9de
000550a0	00047d8e	FUN_00047d8e
000550a0	0004b9de	FUN_0004b9de
000550e8	000499de	FUN_000499de
00055158	0004e8b2	FUN_0004e8b2
00055158	0004037c	FUN_0004037c
00055158	0004e00e	FUN_0004e00e
00055158	0004aa6e	FUN_0004aa6e
00055158	0004b9de	FUN_0004b9de
00055340	000499de	FUN_000499de
000553c8	0004ccf8	FUN_0004ccf8
000553c8	000499de	FUN_000499de
000553c8	0004b9de	FUN_0004b9de
000553c8	0004eae2	FUN_0004eae2
00055478	0004ccf8	FUN_0004ccf8
00055478	000499de	FUN_000499de
00055478	0004b9de	FUN_0004b9de
00055478	0004eae2	FUN_0004eae2
0005553c	0001ba58	FUN_0001ba58
0005553c	00040928	FUN_00040928
0005553c	0004e00e	FUN_0004e00e
0005553c	0004e5a6	FUN_0004e5a6
0005553c	0005f434	FUN_0005f434
00055630	000499de	FUN_000499de
00055684	000499de	FUN_000499de
000556f4	000499de	FUN_000499de
00055774	000499de	FUN_000499de
000557e4	000499de	FUN_000499de
00055854	0001ba58	FUN_0001ba58
00055854	0005f8e0	FUN_0005f8e0
000558b0	0001c354	exit_critical
000558b0	0001c350	enter_critical
000558b0	00047d8e	FUN_00047d8e
000558b0	0004b9de	FUN_0004b9de
00055940	0001ba58	FUN_0001ba58
00055940	0001d100	FUN_0001d100
00055940	0004037c	FUN_0004037c
00055940	00040928	FUN_00040928
00055940	0004ea90	FUN_0004ea90
00055940	00016060	FUN_00016060
00055a54	000499de	FUN_000499de
00055a88	000499de	FUN_000499de
00055ab0	0004e8b2	FUN_0004e8b2
00055ab0	0004037c	FUN_0004037c
00055ab0	000499de	FUN_000499de
00055ab0	0004e8e6	FUN_0004e8e6
00055ab0	0004b9de	FUN_0004b9de
00055ab0	0004eae2	FUN_0004eae2
00055d8c	000499de	FUN_000499de
00055e04	000499de	FUN_000499de
00055e30	000499de	FUN_000499de
00055e90	000499de	FUN_000499de
00055ec8	00047d8e	FUN_00047d8e
00055ec8	0004b9de	FUN_0004b9de
00055f1c	0001814c	FUN_0001814c
00055f1c	000507ca	FUN_000507ca
00055f1c	00057064	FUN_00057064
00055f1c	0005075c	FUN_0005075c
00055f1c	00047d8e	FUN_00047d8e
00055f1c	000178a4	FUN_000178a4
00055f1c	0004b9de	FUN_0004b9de
00055f1c	0004eae2	FUN_0004eae2
00055f1c	0004ccf8	FUN_0004ccf8
00055f1c	000507e6	FUN_000507e6
00055f1c	00018114	FUN_00018114
00055f1c	0004e00e	FUN_0004e00e
00055f1c	00050714	FUN_00050714
00055f1c	000499de	FUN_000499de
00055f1c	0004aa6e	FUN_0004aa6e
00056120	0004e8b2	FUN_0004e8b2
00056120	0004037c	FUN_0004037c
00056120	00015a5c	FUN_00015a5c
00056120	0004e00e	FUN_0004e00e
00056120	000499de	FUN_000499de
00056120	0004aa6e	FUN_0004aa6e
00056120	0004b9de	FUN_0004b9de
000561e4	0004ba5c	FUN_0004ba5c
000561e4	0004e00e	FUN_0004e00e
000561e4	0004aa6e	FUN_0004aa6e
000561e4	0004e4b2	FUN_0004e4b2
000561e4	0004b9de	FUN_0004b9de
00056244	0001ba58	FUN_0001ba58
00056244	0001814c	FUN_0001814c
00056244	0001a128	get_output_enabled
00056244	00049974	FUN_00049974
00056244	0004cd1e	FUN_0004cd1e
00056244	0001cb8c	FUN_0001cb8c
00056244	000499de	FUN_000499de
00056244	0004eb0e	FUN_0004eb0e
00056244	0005651c	FUN_0005651c
00056244	000380ec	FUN_000380ec
00056244	00037604	FUN_00037604
00056244	0001d858	FUN_0001d858
000564b4	0001c354	exit_critical
000564b4	0004e8b2	FUN_0004e8b2
000564b4	0004037c	FUN_0004037c
000564b4	000499de	FUN_000499de
000564b4	0001c350	enter_critical
000564b4	0004b9de	FUN_0004b9de
0005651c	0004e8b2	FUN_0004e8b2
0005651c	0004037c	FUN_0004037c
0005651c	0004ea90	FUN_0004ea90
0005651c	0004bc8c	FUN_0004bc8c
0005651c	0004b9de	FUN_0004b9de
00056608	0004e8b2	FUN_0004e8b2
00056608	0004037c	FUN_0004037c
00056608	00049974	FUN_00049974
00056608	0004b9de	FUN_0004b9de
00056678	0004e8b2	FUN_0004e8b2
00056678	0004037c	FUN_0004037c
00056678	00049974	FUN_00049974
00056678	000491e8	FUN_000491e8
00056678	00020034	FUN_00020034
00056678	0004b9de	FUN_0004b9de
0005673c	0004ba5c	FUN_0004ba5c
0005673c	000499de	FUN_000499de
0005673c	0004b9de	FUN_0004b9de
000567e0	0004e8b2	FUN_0004e8b2
000567e0	000106ee	FUN_000106ee
000567e0	0004037c	FUN_0004037c
000567e0	00049974	FUN_00049974
000567e0	00020160	FUN_00020160
000567e0	0001083c	FUN_0001083c
000567e0	000491e8	FUN_000491e8
000567e0	0004b9de	FUN_0004b9de
000567e0	00010a90	FUN_00010a90
0005689c	00057ea0	FUN_00057ea0
0005689c	0005836c	FUN_0005836c
0005689c	000564b4	FUN_000564b4
0005689c	00057204	FUN_00057204
0005689c	00056fc0	FUN_00056fc0
0005689c	000581ac	FUN_000581ac
0005689c	00056d0c	FUN_00056d0c
0005689c	00057288	FUN_00057288
0005689c	0005285c	FUN_0005285c
000568f4	000499de	FUN_000499de
000569b8	00010a20	FUN_00010a20
000569b8	00010920	FUN_00010920
000569b8	0001050c	FUN_0001050c
000569b8	00049974	FUN_00049974
000569b8	000499de	FUN_000499de
000569b8	000104f0	FUN_000104f0
000569b8	000491e8	FUN_000491e8
000569b8	00020198	FUN_00020198
000569b8	0003fa48	FUN_0003fa48
000569b8	000178a4	FUN_000178a4
000569b8	0004b9de	FUN_0004b9de
000569b8	00010a90	FUN_00010a90
00056c2c	0004ccf8	FUN_0004ccf8
00056c2c	000507e6	FUN_000507e6
00056c2c	0005833c	FUN_0005833c
00056c2c	00050714	FUN_00050714
00056c2c	0004b9de	FUN_0004b9de
00056c2c	0004eae2	FUN_0004eae2
00056d0c	0001c354	exit_critical
00056d0c	0004e8b2	FUN_0004e8b2
00056d0c	00015a5c	FUN_00015a5c
00056d0c	0004037c	FUN_0004037c
00056d0c	000499de	FUN_000499de
00056d0c	0001c350	enter_critical
00056d0c	0004b9de	FUN_0004b9de
00056d80	0001c354	exit_critical
00056d80	0003cb6c	FUN_0003cb6c
00056d80	0003cb2a	FUN_0003cb2a
00056d80	0004e0e6	FUN_0004e0e6
00056d80	0004aaf6	FUN_0004aaf6
00056d80	0003cb1e	FUN_0003cb1e
00056d80	0001c350	enter_critical
00056d80	0004cd44	FUN_0004cd44
00056d80	0003cafa	FUN_0003cafa
00056e14	000499de	FUN_000499de
00056e3c	0002f0f4	FUN_0002f0f4
00056e3c	00017cf8	FUN_00017cf8
00056e3c	0004e00e	FUN_0004e00e
00056e3c	0004e5a6	FUN_0004e5a6
00056e3c	0004cd1e	FUN_0004cd1e
00056e3c	00017d34	FUN_00017d34
00056e3c	0004aa6e	FUN_0004aa6e
00056f3c	0002f3a0	FUN_0002f3a0
00056f3c	0004e00e	FUN_0004e00e
00056f3c	0004aa6e	FUN_0004aa6e
00056f3c	0004e4b2	FUN_0004e4b2
00056f3c	0004b9de	FUN_0004b9de
00056fc0	0001c354	exit_critical
00056fc0	00010a20	FUN_00010a20
00056fc0	0004e8b2	FUN_0004e8b2
00056fc0	00015a5c	FUN_00015a5c
00056fc0	00010920	FUN_00010920
00056fc0	0004037c	FUN_0004037c
00056fc0	000499de	FUN_000499de
00056fc0	0001c350	enter_critical
00056fc0	0004b9de	FUN_0004b9de
00057064	0005833c	FUN_0005833c
00057064	0004aaf6	FUN_0004aaf6
00057064	0004e00e	FUN_0004e00e
00057064	0004e0e6	FUN_0004e0e6
00057064	00050710	FUN_00050710
00057064	0004aa6e	FUN_0004aa6e
00057064	0004b9de	FUN_0004b9de
000571b0	00047d8e	FUN_00047d8e
000571b0	0004b9de	FUN_0004b9de
00057204	0004e8b2	FUN_0004e8b2
00057204	00015a5c	FUN_00015a5c
00057204	0004037c	FUN_0004037c
00057204	000499de	FUN_000499de
00057204	0004b9de	FUN_0004b9de
00057288	0004e8b2	FUN_0004e8b2
00057288	00015a5c	FUN_00015a5c
00057288	0004037c	FUN_0004037c
00057288	000499de	FUN_000499de
00057288	0004b9de	FUN_0004b9de
00057314	00047d8e	FUN_00047d8e
00057314	0004b9de	FUN_0004b9de
0005735c	0004e84a	FUN_0004e84a
0005735c	0004aaf6	FUN_0004aaf6
0005735c	0004e0e6	FUN_0004e0e6
0005735c	0004e00e	FUN_0004e00e
0005735c	000499de	FUN_000499de
0005735c	0004aa6e	FUN_0004aa6e
0005735c	0004b9de	FUN_0004b9de
00057740	0004037c	FUN_0004037c
00057740	0004e0e6	FUN_0004e0e6
00057740	0004aaf6	FUN_0004aaf6
00057740	000577c0	FUN_000577c0
00057740	0004e960	FUN_0004e960
00057740	0004b9de	FUN_0004b9de
000577c0	000499de	FUN_000499de
000577c0	0004b9de	FUN_0004b9de
00057b78	0005735c	FUN_0005735c
00057b78	000499de	FUN_000499de
00057b78	0004e4b2	FUN_0004e4b2
00057b78	0001046a	FUN_0001046a
00057b78	0004b9de	FUN_0004b9de
00057c18	0004ea90	FUN_0004ea90
00057c18	0004037c	FUN_0004037c
00057c18	0004e4b2	FUN_0004e4b2
00057c18	0004b9de	FUN_0004b9de
00057d54	0004ba5c	FUN_0004ba5c
00057d54	000499de	FUN_000499de
00057d54	0004b9de	FUN_0004b9de
00057ea0	0004aaf6	FUN_0004aaf6
00057ea0	0004e8b2	FUN_0004e8b2
00057ea0	0004ea90	FUN_0004ea90
00057ea0	0004e960	FUN_0004e960
00057ea0	0004e0e6	FUN_0004e0e6
00057ea0	0004037c	FUN_0004037c
000581ac	00010920	FUN_00010920
000581ac	0004e8b2	FUN_0004e8b2
000581ac	0001c354	exit_critical
000581ac	000499de	FUN_000499de
000581ac	0001c350	enter_critical
000581ac	00015a5c	FUN_00015a5c
000581ac	00010a20	FUN_00010a20
000581ac	0004037c	FUN_0004037c
000581ac	0004b9de	FUN_0004b9de
00058268	00049974	FUN_00049974
00058268	000178a4	FUN_000178a4
00058268	000499de	FUN_000499de
00058268	000491e8	FUN_000491e8
00058268	0001050c	FUN_0001050c
00058268	0004b9de	FUN_0004b9de
00058268	000104f0	FUN_000104f0
0005833c	000569b8	FUN_000569b8
0005833c	0001af64	set_voltage_raw
0005833c	00058268	FUN_00058268
0005833c	0001aea4	set_current_raw
0005836c	0004e8b2	FUN_0004e8b2
0005836c	000499de	FUN_000499de
0005836c	00015a5c	FUN_00015a5c
0005836c	0004037c	FUN_0004037c
0005836c	0004b9de	FUN_0004b9de
00058430	0003cb6c	FUN_0003cb6c
00058430	0003cb2a	FUN_0003cb2a
00058430	0003cb12	FUN_0003cb12
00058430	0003cb1e	FUN_0003cb1e
00058430	0003cafa	FUN_0003cafa
00058430	0003cadc	FUN_0003cadc
00058484	00058430	FUN_00058430
00058484	0004ea90	FUN_0004ea90
00058484	0001ca60	FUN_0001ca60
00058484	0004e960	FUN_0004e960
00058484	000375f8	FUN_000375f8
00058484	0004037c	FUN_0004037c
00058484	0004b9de	FUN_0004b9de
00058484	0001046a	FUN_0001046a
00058484	0004ba5c	FUN_0004ba5c
00058484	0004e8b2	FUN_0004e8b2
00058484	0001974c	FUN_0001974c
00058484	00037604	FUN_00037604
00058484	0001976c	FUN_0001976c
00058484	0001972c	FUN_0001972c
00058484	00013f14	FUN_00013f14
00058760	000487b0	FUN_000487b0
00058760	000408d8	FUN_000408d8
00058760	00040928	FUN_00040928
00058760	000408ec	FUN_000408ec
00058760	00040900	FUN_00040900
000587b0	0004c8ac	FUN_0004c8ac
000587b0	0004c804	FUN_0004c804
000587b0	0004c86a	FUN_0004c86a
000587b0	0004c906	FUN_0004c906
000587b0	0004cba6	FUN_0004cba6
000587b0	0004cbd8	FUN_0004cbd8
00058850	0004cb2e	FUN_0004cb2e
00058850	0003758e	FUN_0003758e
00058850	00046bd6	FUN_00046bd6
00058850	0004d3d8	FUN_0004d3d8
00058850	0004baf8	FUN_0004baf8
00058850	0004bbec	FUN_0004bbec
00058850	0004cb76	FUN_0004cb76
00058850	0004e538	FUN_0004e538
0005889c	0004aa6e	FUN_0004aa6e
0005889c	00018114	FUN_00018114
0005889c	0004fea8	FUN_0004fea8
0005889c	000528ac	FUN_000528ac
0005889c	00054a18	FUN_00054a18
0005889c	000549cc	FUN_000549cc
0005889c	00037604	FUN_00037604
0005889c	0004e00e	FUN_0004e00e
0005889c	00017cf8	FUN_00017cf8
0005889c	0004eae2	FUN_0004eae2
0005889c	00056e14	FUN_00056e14
0005889c	0004b9de	FUN_0004b9de
00058970	00058a6c	FUN_00058a6c
00058970	00058b2e	FUN_00058b2e
00058970	00058a9c	FUN_00058a9c
00058a6c	0001f01c	FUN_0001f01c
00058a9c	00058a6c	FUN_00058a6c
00058a9c	00058b2e	FUN_00058b2e
00058b2e	00058a6c	FUN_00058a6c
00058ba4	0001a5fc	FUN_0001a5fc
00058ba4	0001a134	get_output_faults
00058ba4	0004e00e	FUN_0004e00e
00058ba4	0001af64	set_voltage_raw
00058ba4	0005285c	FUN_0005285c
00058ba4	0004b9de	FUN_0004b9de
00058ba4	00047d8e	FUN_00047d8e
00058ba4	0004aa6e	FUN_0004aa6e
00058ba4	00026470	FUN_00026470
00058ba4	000528ac	FUN_000528ac
00058ba4	0001b994	FUN_0001b994
00058ba4	000499de	FUN_000499de
00058ba4	0001aea4	set_current_raw
00058ba4	0001aebc	FUN_0001aebc
00058d50	000106d4	FUN_000106d4
00058d50	00010388	FUN_00010388
00058d50	00052a74	FUN_00052a74
00058d50	000491e8	FUN_000491e8
00058d50	0001af64	set_voltage_raw
00058d50	0004b9de	FUN_0004b9de
00058d50	00047d8e	FUN_00047d8e
00058d50	00052960	FUN_00052960
00058d50	00026470	FUN_00026470
00058d50	0004ba5c	FUN_0004ba5c
00058d50	000499de	FUN_000499de
00058d50	00047208	FUN_00047208
00058d50	0001aea4	set_current_raw
00058d50	0001aebc	FUN_0001aebc
00059058	0004eb0e	FUN_0004eb0e
00059058	0001cb8c	FUN_0001cb8c
00059058	0004e00e	FUN_0004e00e
00059058	00017d34	FUN_00017d34
00059058	0001814c	FUN_0001814c
00059098	00046700	FUN_00046700
00059098	0004e5a6	FUN_0004e5a6
00059098	0004e8dc	FUN_0004e8dc
00059098	0004ea90	FUN_0004ea90
00059098	000471d8	FUN_000471d8
00059098	0004037c	FUN_0004037c
00059098	00047298	FUN_00047298
00059098	0004e4b2	FUN_0004e4b2
00059098	0004b9de	FUN_0004b9de
00059098	00046688	FUN_00046688
00059098	0004ba5c	FUN_0004ba5c
00059098	0004e8b2	FUN_0004e8b2
00059098	0004bc12	FUN_0004bc12
00059098	00046756	FUN_00046756
0005934c	0004675a	FUN_0004675a
0005934c	00052a74	FUN_00052a74
0005934c	0001cb8c	FUN_0001cb8c
0005934c	0001af64	set_voltage_raw
0005934c	0004037c	FUN_0004037c
0005934c	0004e8e6	FUN_0004e8e6
0005934c	0004b9de	FUN_0004b9de
0005934c	00026470	FUN_00026470
0005934c	00052a98	FUN_00052a98
0005934c	0004e8b2	FUN_0004e8b2
0005934c	000499de	FUN_000499de
0005934c	00047208	FUN_00047208
0005934c	0001aea4	set_current_raw
0005934c	0001aebc	FUN_0001aebc
00059638	00026470	FUN_00026470
00059638	0004675a	FUN_0004675a
00059638	00052a98	FUN_00052a98
00059638	0004e8b2	FUN_0004e8b2
00059638	000499de	FUN_000499de
00059638	0001cb8c	FUN_0001cb8c
00059638	00047208	FUN_00047208
00059638	0001af64	set_voltage_raw
00059638	0004037c	FUN_0004037c
00059638	0004e8e6	FUN_0004e8e6
00059638	0001aea4	set_current_raw
00059638	0004b9de	FUN_0004b9de
000597c0	00052aae	FUN_00052aae
000597c0	00052a74	FUN_00052a74
000597c0	0001cb8c	FUN_0001cb8c
000597c0	00046756	FUN_00046756
000597c0	0004b9de	FUN_0004b9de
000597c0	00047d8e	FUN_00047d8e
0005982c	00065666	FUN_00065666
0005982c	000656d2	FUN_000656d2
000598bc	0006571c	enter_critical
000598bc	00065744	exit_critical
000598bc	000656b6	FUN_000656b6
000599ac	0006571c	enter_critical
000599ac	000657f0	FUN_000657f0
000599ac	000666c4	FUN_000666c4
000599ac	00065744	exit_critical
000599ac	000656b6	FUN_000656b6
000599fc	0001046a	FUN_0001046a
00059a22	00066d64	FUN_00066d64
00059a22	0001046a	FUN_0001046a
00059a8e	00065758	FUN_00065758
00059ae8	00065666	FUN_00065666
00059ae8	0006571c	enter_critical
00059ae8	00065744	exit_critical
00059ae8	00059a8e	FUN_00059a8e
00059b48	0001048e	FUN_0001048e
00059b48	000656cc	FUN_000656cc
00059b48	0005a078	FUN_0005a078
00059c18	000656d2	FUN_000656d2
00059c50	0006571c	enter_critical
00059c50	00065744	exit_critical
00059c6c	00065666	FUN_00065666
00059c6c	00059dfc	FUN_00059dfc
00059cac	00065666	FUN_00065666
00059cac	00059dfc	FUN_00059dfc
00059cac	00059c18	FUN_00059c18
00059cac	0006691c	FUN_0006691c
00059cac	00065758	FUN_00065758
00059cac	00059e40	FUN_00059e40
00059d90	00065c04	FUN_00065c04
00059d90	00066f6c	FUN_00066f6c
00059d90	00059e40	FUN_00059e40
00059d90	00059c6c	FUN_00059c6c
00059d90	0006582c	FUN_0006582c
00059dfc	00059c18	FUN_00059c18
00059e40	00059c6c	FUN_00059c6c
00059e40	00066c1c	FUN_00066c1c
00059eac	00059d90	FUN_00059d90
00059eac	00059cac	FUN_00059cac
00059ed0	000659bc	FUN_000659bc
00059ed0	0006571c	enter_critical
00059ed0	00066ea4	FUN_00066ea4
00059ed0	00065744	exit_critical
00059f3c	00065c04	FUN_00065c04
00059f3c	00059aa4	FUN_00059aa4
00059f3c	00066f6c	FUN_00066f6c
00059f3c	00059bcc	FUN_00059bcc
00059fec	00046bec	FUN_00046bec
00059fec	0003c97c	FUN_0003c97c
00059fec	0005231c	FUN_0005231c
00059fec	00050a64	FUN_00050a64
00059fec	00049974	FUN_00049974
00059fec	0004a404	FUN_0004a404
00059fec	000491e8	FUN_000491e8
00059fec	0004a318	FUN_0004a318
00059fec	00051c88	FUN_00051c88
00059fec	0005a550	FUN_0005a550
0005a072	00059fec	FUN_00059fec
0005a0a4	0005a244	FUN_0005a244
0005a0a4	0005a21a	FUN_0005a21a
0005a18c	0005a244	FUN_0005a244
0005a18c	0005a21a	FUN_0005a21a
0005a270	00057064	FUN_00057064
0005a270	0001cb8c	FUN_0001cb8c
0005a2a8	0003db0a	FUN_0003db0a
0005a2a8	000376f0	FUN_000376f0
0005a2a8	0003bf38	FUN_0003bf38
0005a2a8	0005a444	FUN_0005a444
0005a2a8	0003db28	FUN_0003db28
0005a2a8	0003ddf0	FUN_0003ddf0
0005a2a8	000408b0	FUN_000408b0
0005a2a8	00040960	FUN_00040960
0005a444	0005aa24	FUN_0005aa24
0005a444	0004035a	FUN_0004035a
0005a444	000296e4	FUN_000296e4
0005a444	000408d8	FUN_000408d8
0005a444	00040988	FUN_00040988
0005a444	000411ca	FUN_000411ca
0005a444	00040928	FUN_00040928
0005a444	0003ddd6	FUN_0003ddd6
0005a444	000408ec	FUN_000408ec
0005a444	0004f610	FUN_0004f610
0005a444	000661e0	FUN_000661e0
0005a444	00040900	FUN_00040900
0005a550	0004c6ae	FUN_0004c6ae
0005a550	0004d40e	FUN_0004d40e
0005a550	00046b72	FUN_00046b72
0005a550	00049080	FUN_00049080
0005a550	0004cb4c	FUN_0004cb4c
0005a550	000491e8	FUN_000491e8
0005a550	0003d9fe	FUN_0003d9fe
0005a550	0004b108	FUN_0004b108
0005a550	0003ac8c	FUN_0003ac8c
0005a550	0004c87c	FUN_0004c87c
0005a550	0004c918	FUN_0004c918
0005a550	00046bd6	FUN_00046bd6
0005a550	00051d84	FUN_00051d84
0005a550	0004cb8e	FUN_0004cb8e
0005a550	00051c28	FUN_00051c28
0005a550	0004c816	FUN_0004c816
0005a550	0004c8be	FUN_0004c8be
0005a550	00051cb0	FUN_00051cb0
0005a714	0005a2a8	FUN_0005a2a8
0005a714	00040acc	FUN_00040acc
0005a7ac	0004bc3e	FUN_0004bc3e
0005a7ac	0003be80	FUN_0003be80
0005a7ac	0004e5a6	FUN_0004e5a6
0005a7ac	00041b74	FUN_00041b74
0005a7ac	0003dc12	FUN_0003dc12
0005a7ac	0004233c	FUN_0004233c
0005a7ac	0004d798	FUN_0004d798
0005a7ac	0004cd84	FUN_0004cd84
0005a7ac	0003db0a	FUN_0003db0a
0005a7ac	0004c924	FUN_0004c924
0005a7ac	0003db28	FUN_0003db28
0005a7ac	0004034e	FUN_0004034e
0005a7ac	00042244	FUN_00042244
0005aa24	0005a7ac	FUN_0005a7ac
0005aa24	0004ba5c	FUN_0004ba5c
0005aa24	0004e5a6	FUN_0004e5a6
0005aa24	00040928	FUN_00040928
0005aa24	0004bc8c	FUN_0004bc8c
0005ac84	0004a2ac	FUN_0004a2ac
0005ac84	0004a19e	FUN_0004a19e
0005ac84	0004a13c	FUN_0004a13c
0005ac84	0003da34	FUN_0003da34
0005ac84	0004a0d8	FUN_0004a0d8
0005ac84	000661e0	FUN_000661e0
0005ac84	0004126c	FUN_0004126c
0005ac84	000408b0	FUN_000408b0
0005ac84	0004a23c	FUN_0004a23c
0005ac84	0004a118	FUN_0004a118
0005ac84	00046bec	FUN_00046bec
0005ac84	0003db4c	FUN_0003db4c
0005ac84	00040988	FUN_00040988
0005ac84	00040960	FUN_00040960
0005ac84	0001049c	FUN_0001049c
0005adc8	0004ba5c	FUN_0004ba5c
0005adc8	0004e5a6	FUN_0004e5a6
0005adc8	0004d3d8	FUN_0004d3d8
0005adc8	0005adc8	FUN_0005adc8
0005ae08	00055340	FUN_00055340
0005ae08	0001a5fc	FUN_0001a5fc
0005ae08	0001cb8c	FUN_0001cb8c
0005ae08	00054fd8	FUN_00054fd8
0005ae30	0004e5a6	FUN_0004e5a6
0005ae30	000472d4	FUN_000472d4
0005ae30	0004743a	FUN_0004743a
0005ae30	00048f08	FUN_00048f08
0005ae30	0004bbe2	FUN_0004bbe2
0005ae30	000491e8	FUN_000491e8
0005ae30	0004cb82	FUN_0004cb82
0005ae30	0004cb3a	FUN_0004cb3a
0005ae30	0003759c	FUN_0003759c
0005ae30	0004fb30	FUN_0004fb30
0005ae30	00046bd6	FUN_00046bd6
0005ae30	00048288	FUN_00048288
0005ae30	000643e4	FUN_000643e4
0005ae30	00047eec	FUN_00047eec
0005ae30	000482e0	FUN_000482e0
0005ae30	00051cb0	FUN_00051cb0
0005af88	00058430	FUN_00058430
0005af88	00037604	FUN_00037604
0005af88	000375f8	FUN_000375f8
0005af88	0001046a	FUN_0001046a
0005b034	00058430	FUN_00058430
0005b034	00037604	FUN_00037604
0005b034	000375f8	FUN_000375f8
0005b034	0001046a	FUN_0001046a
0005b0f4	00046bec	FUN_00046bec
0005b0f4	0004a2ac	FUN_0004a2ac
0005b118	00046bec	FUN_00046bec
0005b118	0004a2ac	FUN_0004a2ac
0005b118	0003f16a	FUN_0003f16a
0005b118	0004f400	FUN_0004f400
0005b118	0004f4fc	FUN_0004f4fc
0005b170	00046bec	FUN_00046bec
0005b170	0004a2ac	FUN_0004a2ac
0005b170	0004a13c	FUN_0004a13c
0005b170	0002382c	FUN_0002382c
0005b170	0004a118	FUN_0004a118
0005b22a	0004ba5c	FUN_0004ba5c
0005b22a	0004dedc	FUN_0004dedc
0005b22a	0005b22a	FUN_0005b22a
0005b380	00027780	FUN_00027780
0005b3b8	000404ba	FUN_000404ba
0005b3b8	0003ff88	FUN_0003ff88
0005b3b8	0003fe7c	FUN_0003fe7c
0005b3b8	000248e8	FUN_000248e8
0005ced8	0004cd84	FUN_0004cd84
0005ced8	0004e5a6	FUN_0004e5a6
0005ced8	0004e8b2	FUN_0004e8b2
0005ced8	000569b8	FUN_000569b8
0005ced8	000499de	FUN_000499de
0005ced8	0001cb8c	FUN_0001cb8c
0005ced8	0001af64	set_voltage_raw
0005ced8	0004037c	FUN_0004037c
0005ced8	00058268	FUN_00058268
0005ced8	0001aea4	set_current_raw
0005ced8	00046756	FUN_00046756
0005ced8	0004b9de	FUN_0004b9de
0005d06c	0004aa6e	FUN_0004aa6e
0005d06c	0004675a	FUN_0004675a
0005d06c	00058430	FUN_00058430
0005d06c	00037604	FUN_00037604
0005d06c	0004e00e	FUN_0004e00e
0005d06c	000375f8	FUN_000375f8
0005d06c	0001814c	FUN_0001814c
0005d06c	0001046a	FUN_0001046a
0005d148	0004a144	FUN_0004a144
0005d148	0005db06	FUN_0005db06
0005d148	0005dfdc	FUN_0005dfdc
0005d148	00042462	FUN_00042462
0005d148	0005df30	FUN_0005df30
0005d148	0004cff4	FUN_0004cff4
0005d148	0004a388	FUN_0004a388
0005d148	0004a14a	FUN_0004a14a
0005d2a8	00052aae	FUN_00052aae
0005d2a8	00052a74	FUN_00052a74
0005d2a8	0004b9de	FUN_0004b9de
0005d2a8	00047d8e	FUN_00047d8e
0005d2fc	0005db06	FUN_0005db06
0005d2fc	00042462	FUN_00042462
0005d2fc	0005df30	FUN_0005df30
0005d2fc	0005d4b0	FUN_0005d4b0
0005d2fc	0004a388	FUN_0004a388
0005d2fc	0004a14a	FUN_0004a14a
0005d2fc	0005de60	FUN_0005de60
0005d2fc	00046718	FUN_00046718
0005d2fc	0004cf40	FUN_0004cf40
0005d2fc	0004a144	FUN_0004a144
0005d2fc	00041db4	FUN_00041db4
0005d2fc	0004f280	FUN_0004f280
0005d2fc	000423a0	FUN_000423a0
0005d2fc	0004cff4	FUN_0004cff4
0005d4b0	00046718	FUN_00046718
0005d4b0	0003db0a	FUN_0003db0a
0005d4b0	0004c6f0	FUN_0004c6f0
0005d4b0	0005da08	FUN_0005da08
0005d4b0	0004f292	FUN_0004f292
0005d4b0	00041d52	FUN_00041d52
0005d4b0	0003db28	FUN_0003db28
0005d4b0	0004bab4	FUN_0004bab4
0005d4b0	00050540	FUN_00050540
0005d4b0	0001049c	FUN_0001049c
0005d600	00042462	FUN_00042462
0005d600	0005df30	FUN_0005df30
0005d600	0004c6a8	FUN_0004c6a8
0005d600	0005ddbc	FUN_0005ddbc
0005d600	00040ce4	FUN_00040ce4
0005d600	0004a388	FUN_0004a388
0005d600	0004c864	FUN_0004c864
0005d600	0004a14a	FUN_0004a14a
0005d600	0004c900	FUN_0004c900
0005d600	00046718	FUN_00046718
0005d600	0004cdfc	FUN_0004cdfc
0005d600	0004a144	FUN_0004a144
0005d600	0005d980	FUN_0005d980
0005d600	00040c74	FUN_00040c74
0005d600	0004f280	FUN_0004f280
0005d600	0004c8a6	FUN_0004c8a6
0005d600	000423a0	FUN_000423a0
0005d600	0004cff4	FUN_0004cff4
0005d600	0004c7fe	FUN_0004c7fe
0005d8ec	0004a144	FUN_0004a144
0005d8ec	0004a388	FUN_0004a388
0005d8ec	0004a14a	FUN_0004a14a
0005d972	00046bec	FUN_00046bec
0005d972	0004675a	FUN_0004675a
0005d980	0004c8a6	FUN_0004c8a6
0005d980	0004ccf8	FUN_0004ccf8
0005d980	0004bbec	FUN_0004bbec
0005d980	0004c864	FUN_0004c864
0005d980	0004c7fe	FUN_0004c7fe
0005d980	0004c900	FUN_0004c900
0005da08	0004c8a6	FUN_0004c8a6
0005da08	00051970	FUN_00051970
0005da08	0004c7fe	FUN_0004c7fe
0005da08	0004c864	FUN_0004c864
0005da08	0004c900	FUN_0004c900
0005db06	00042462	FUN_00042462
0005db06	0004c6a8	FUN_0004c6a8
0005db06	0004bbec	FUN_0004bbec
0005db06	0004c864	FUN_0004c864
0005db06	0004c900	FUN_0004c900
0005db06	0003db0a	FUN_0003db0a
0005db06	0004c6f0	FUN_0004c6f0
0005db06	0004c8a6	FUN_0004c8a6
0005db06	0004f292	FUN_0004f292
0005db06	0004ccf8	FUN_0004ccf8
0005db06	0003db28	FUN_0003db28
0005db06	0004bab4	FUN_0004bab4
0005db06	0004cff4	FUN_0004cff4
0005db06	0004c7fe	FUN_0004c7fe
0005ddbc	0004c6fc	FUN_0004c6fc
0005ddbc	0004c708	FUN_0004c708
0005ddbc	00050a74	FUN_00050a74
0005ddbc	0004c6f6	FUN_0004c6f6
0005de60	0004cb64	FUN_0004cb64
0005de60	0004cb40	FUN_0004cb40
0005de60	0004cb02	FUN_0004cb02
0005de60	0004cb94	FUN_0004cb94
0005de60	00050a74	FUN_00050a74
0005df30	0004c6fc	FUN_0004c6fc
0005df30	0004c708	FUN_0004c708
0005df30	00050a74	FUN_00050a74
0005df30	0004c6f6	FUN_0004c6f6
0005dfdc	0004a144	FUN_0004a144
0005dfdc	0005df30	FUN_0005df30
0005dfdc	0004a14a	FUN_0004a14a
0005e186	0004e5a6	FUN_0004e5a6
0005e186	0004d3d8	FUN_0004d3d8
0005e186	0004b3a0	FUN_0004b3a0
0005e186	0004e088	FUN_0004e088
0005e186	0004bb48	FUN_0004bb48
0005e1ea	0004e5a6	FUN_0004e5a6
0005e1ea	0004bb48	FUN_0004bb48
0005e210	0004e5a6	FUN_0004e5a6
0005e210	0004d3d8	FUN_0004d3d8
0005e210	0004bb48	FUN_0004bb48
0005e266	0004bc8c	FUN_0004bc8c
0005e266	0003a6ba	FUN_0003a6ba
0005e278	0004ca18	FUN_0004ca18
0005e278	0004bf14	FUN_0004bf14
0005e278	0004ca76	FUN_0004ca76
0005e278	0004bd40	FUN_0004bd40
0005e278	0004bbec	FUN_0004bbec
0005e278	0004bd90	FUN_0004bd90
0005e278	0004bf04	FUN_0004bf04
0005e278	0004c9ba	FUN_0004c9ba
0005e278	0004cd84	FUN_0004cd84
0005e278	0003c97c	FUN_0003c97c
0005e278	0004e25c	FUN_0004e25c
0005e278	0004bef4	FUN_0004bef4
0005e278	0003db0a	FUN_0003db0a
0005e278	0004be44	FUN_0004be44
0005e278	0004ccf8	FUN_0004ccf8
0005e278	0003db28	FUN_0003db28
0005e278	0004bc8c	FUN_0004bc8c
0005e278	0004cad4	FUN_0004cad4
0005e278	0004bca4	FUN_0004bca4
0005e4d4	0004e5a6	FUN_0004e5a6
0005e538	0004e388	FUN_0004e388
0005e538	0003711e	FUN_0003711e
0005e538	0004ccf8	FUN_0004ccf8
0005e538	0004bbec	FUN_0004bbec
0005e59c	0004e44e	FUN_0004e44e
0005e59c	0004bf20	FUN_0004bf20
0005e5b2	0004e44e	FUN_0004e44e
0005e5b2	0004bf2c	FUN_0004bf2c
0005e5c8	0004c774	FUN_0004c774
0005e5c8	0004c94e	FUN_0004c94e
0005e5c8	0004c924	FUN_0004c924
0005e5c8	00042ec4	FUN_00042ec4
0005e5c8	0004c620	FUN_0004c620
0005e6e0	0004aa6e	FUN_0004aa6e
0005e6e0	0001ba58	FUN_0001ba58
0005e6e0	0001c354	exit_critical
0005e6e0	0004eb0e	FUN_0004eb0e
0005e6e0	0001c350	enter_critical
0005e6e0	0001814c	FUN_0001814c
0005e710	0003a5c8	FUN_0003a5c8
0005e710	0004e5a6	FUN_0004e5a6
0005e710	0004883e	FUN_0004883e
0005e798	0004fd10	FUN_0004fd10
0005e7a8	0004d3d8	FUN_0004d3d8
0005e7ae	0004d3d8	FUN_0004d3d8
0005e7b4	0004eb0e	FUN_0004eb0e
0005e7b8	0004eb3a	FUN_0004eb3a
0005e7bc	0004eb3a	FUN_0004eb3a
0005e7c0	00046700	FUN_00046700
0005e7c0	000581ac	FUN_000581ac
0005e7c0	0004e5a6	FUN_0004e5a6
0005e7c0	0004ea90	FUN_0004ea90
0005e7c0	000471d8	FUN_000471d8
0005e7c0	0004037c	FUN_0004037c
0005e7c0	00047298	FUN_00047298
0005e7c0	000564b4	FUN_000564b4
0005e7c0	0004e4b2	FUN_0004e4b2
0005e7c0	0004b9de	FUN_0004b9de
0005e7c0	00046688	FUN_00046688
0005e7c0	0004ba5c	FUN_0004ba5c
0005e7c0	00056fc0	FUN_00056fc0
0005e7c0	0004e8b2	FUN_0004e8b2
0005e7c0	00057204	FUN_00057204
0005e7c0	00056d0c	FUN_00056d0c
0005e7c0	0005836c	FUN_0005836c
0005e7c0	00057288	FUN_00057288
0005e7c0	0004bc8c	FUN_0004bc8c
0005e7c0	00046756	FUN_00046756
0005eb4c	00058430	FUN_00058430
0005eb4c	0004eb0e	FUN_0004eb0e
0005eb4c	00037604	FUN_00037604
0005eb4c	000375f8	FUN_000375f8
0005eb4c	0004e4b2	FUN_0004e4b2
0005eb4c	0001814c	FUN_0001814c
0005eb4c	0001046a	FUN_0001046a
0005eb4c	0004b9de	FUN_0004b9de
0005ec04	00046bec	FUN_00046bec
0005ec04	0004a404	FUN_0004a404
0005ec04	0004a318	FUN_0004a318
0005ed38	0004a57a	FUN_0004a57a
0005ed38	00046bec	FUN_00046bec
0005ed38	0003db0a	FUN_0003db0a
0005ed38	000454e8	FUN_000454e8
0005ed38	0004a318	FUN_0004a318
0005ed38	00045330	FUN_00045330
0005ed38	0003da10	FUN_0003da10
0005ed38	0003db28	FUN_0003db28
0005ed38	0005ec04	FUN_0005ec04
0005eeac	00058430	FUN_00058430
0005eeac	0004e960	FUN_0004e960
0005eeac	0004e00e	FUN_0004e00e
0005eeac	000375f8	FUN_000375f8
0005eeac	0004037c	FUN_0004037c
0005eeac	0004b9de	FUN_0004b9de
0005eeac	0001046a	FUN_0001046a
0005eeac	0004aa6e	FUN_0004aa6e
0005eeac	0004ac0a	FUN_0004ac0a
0005eeac	0001ba58	FUN_0001ba58
0005eeac	000499de	FUN_000499de
0005eeac	00037604	FUN_00037604
0005eeac	00015a5c	FUN_00015a5c
0005eeac	0004e84a	FUN_0004e84a
0005eeac	0001814c	FUN_0001814c
0005efd8	00058430	FUN_00058430
0005efd8	00037604	FUN_00037604
0005efd8	000375f8	FUN_000375f8
0005efd8	0001814c	FUN_0001814c
0005efd8	0001046a	FUN_0001046a
0005f060	0004cd1e	FUN_0004cd1e
0005f060	0004eb0e	FUN_0004eb0e
0005f060	00037604	FUN_00037604
0005f060	0004e874	FUN_0004e874
0005f060	0004037c	FUN_0004037c
0005f060	0004b9de	FUN_0004b9de
0005f154	00046700	FUN_00046700
0005f154	0004e5a6	FUN_0004e5a6
0005f154	0004675a	FUN_0004675a
0005f154	00058430	FUN_00058430
0005f154	0004ea90	FUN_0004ea90
0005f154	0004e960	FUN_0004e960
0005f154	000471d8	FUN_000471d8
0005f154	0004037c	FUN_0004037c
0005f154	00047298	FUN_00047298
0005f154	0004e4b2	FUN_0004e4b2
0005f154	0004b9de	FUN_0004b9de
0005f154	0001046a	FUN_0001046a
0005f154	00046688	FUN_00046688
0005f154	0004ba5c	FUN_0004ba5c
0005f154	0004e8b2	FUN_0004e8b2
0005f154	00037604	FUN_00037604
0005f154	00046756	FUN_00046756
0005f154	0001814c	FUN_0001814c
0005f434	00058430	FUN_00058430
0005f434	0004e960	FUN_0004e960
0005f434	0004e00e	FUN_0004e00e
0005f434	000375f8	FUN_000375f8
0005f434	0004037c	FUN_0004037c
0005f434	0004b9de	FUN_0004b9de
0005f434	0001046a	FUN_0001046a
0005f434	0004aa6e	FUN_0004aa6e
0005f434	0004ac0a	FUN_0004ac0a
0005f434	000499de	FUN_000499de
0005f434	00037604	FUN_00037604
0005f434	00015a5c	FUN_00015a5c
0005f434	0004e84a	FUN_0004e84a
0005f434	0001814c	FUN_0001814c
0005f548	00046700	FUN_00046700
0005f548	0004e5a6	FUN_0004e5a6
0005f548	0004675a	FUN_0004675a
0005f548	00058430	FUN_00058430
0005f548	0004ea90	FUN_0004ea90
0005f548	0004e960	FUN_0004e960
0005f548	000471d8	FUN_000471d8
0005f548	0004037c	FUN_0004037c
0005f548	00047298	FUN_00047298
0005f548	0004e4b2	FUN_0004e4b2
0005f548	0004b9de	FUN_0004b9de
0005f548	0001046a	FUN_0001046a
0005f548	00046688	FUN_00046688
0005f548	0004ba5c	FUN_0004ba5c
0005f548	0004e8b2	FUN_0004e8b2
0005f548	00037604	FUN_00037604
0005f548	00046756	FUN_00046756
0005f548	0001814c	FUN_0001814c
0005f820	00018114	FUN_00018114
0005f820	0001ba58	FUN_0001ba58
0005f820	00058430	FUN_00058430
0005f820	0004fe9c	FUN_0004fe9c
0005f820	00037604	FUN_00037604
0005f820	000375f8	FUN_000375f8
0005f820	0001814c	FUN_0001814c
0005f820	0001046a	FUN_0001046a
0005f8e0	00058430	FUN_00058430
0005f8e0	00037604	FUN_00037604
0005f8e0	000375f8	FUN_000375f8
0005f8e0	0001814c	FUN_0001814c
0005f8e0	0001046a	FUN_0001046a
0005f96c	00046688	FUN_00046688
0005f96c	00046700	FUN_00046700
0005f96c	0004e5a6	FUN_0004e5a6
0005f96c	0005833c	FUN_0005833c
0005f96c	00056c2c	FUN_00056c2c
0005f96c	0001cb8c	FUN_0001cb8c
0005f96c	00050710	FUN_00050710
0005fa74	0001cb8c	FUN_0001cb8c
0005fa74	00046756	FUN_00046756
0005fa74	0005230c	FUN_0005230c
0005fae4	00046700	FUN_00046700
0005fae4	0004aaf6	FUN_0004aaf6
0005fae4	0004e5a6	FUN_0004e5a6
0005fae4	0004675a	FUN_0004675a
0005fae4	0001cb8c	FUN_0001cb8c
0005fae4	000471d8	FUN_000471d8
0005fae4	0004037c	FUN_0004037c
0005fae4	0004e8e6	FUN_0004e8e6
0005fae4	00047298	FUN_00047298
0005fae4	0004e4b2	FUN_0004e4b2
0005fae4	0004b9de	FUN_0004b9de
0005fae4	00046688	FUN_00046688
0005fae4	0004e0e6	FUN_0004e0e6
0005fae4	00046756	FUN_00046756
0005fe90	00017b94	FUN_00017b94
0005fe90	0004eb0e	FUN_0004eb0e
0005fe90	0001cb8c	FUN_0001cb8c
0005fe90	0001814c	FUN_0001814c
0005fec8	0004eb0e	FUN_0004eb0e
0005fec8	0001cb8c	FUN_0001cb8c
0005fec8	0001aebc	FUN_0001aebc
0005fec8	0001814c	FUN_0001814c
0005fec8	00017fc8	FUN_00017fc8
0005ff04	00046700	FUN_00046700
0005ff04	0004e5a6	FUN_0004e5a6
0005ff04	0004e8dc	FUN_0004e8dc
0005ff04	0004ea90	FUN_0004ea90
0005ff04	000471d8	FUN_000471d8
0005ff04	0004037c	FUN_0004037c
0005ff04	00047298	FUN_00047298
0005ff04	0004e4b2	FUN_0004e4b2
0005ff04	0004b9de	FUN_0004b9de
0005ff04	00046688	FUN_00046688
0005ff04	0004ba5c	FUN_0004ba5c
0005ff04	0005735c	FUN_0005735c
0005ff04	0004e8b2	FUN_0004e8b2
0005ff04	0004bc12	FUN_0004bc12
0005ff04	00046756	FUN_00046756
00060228	0001cb8c	FUN_0001cb8c
00060228	0001aebc	FUN_0001aebc
00060258	0003c132	FUN_0003c132
00060258	0001c34c	thunk_FUN_000658d4
00060258	0003c150	FUN_0003c150
00060540	00046700	FUN_00046700
00060540	0004e5a6	FUN_0004e5a6
00060540	0001cb8c	FUN_0001cb8c
00060540	0004ea90	FUN_0004ea90
00060540	0004e960	FUN_0004e960
00060540	0001d6fc	FUN_0001d6fc
00060540	000471d8	FUN_000471d8
00060540	0004037c	FUN_0004037c
00060540	00047298	FUN_00047298
00060540	0004e4b2	FUN_0004e4b2
00060540	0004b9de	FUN_0004b9de
00060540	00046688	FUN_00046688
00060540	0004ba5c	FUN_0004ba5c
00060540	0004e8b2	FUN_0004e8b2
00060540	00046756	FUN_00046756
00060540	0001814c	FUN_0001814c
00060710	0003c9f8	FUN_0003c9f8
00060710	0003cafe	FUN_0003cafe
00060710	0003c97c	FUN_0003c97c
00060710	0004c924	FUN_0004c924
00060710	0003cb6c	FUN_0003cb6c
00060710	0003cb2a	FUN_0003cb2a
00060710	0003cb0a	FUN_0003cb0a
00060710	0003cb06	FUN_0003cb06
00060710	0003cb1e	FUN_0003cb1e
00060710	0003cafa	FUN_0003cafa
00060710	0003caea	FUN_0003caea
0006078c	00050c04	FUN_00050c04
000607d8	00050d88	FUN_00050d88
000607d8	00050dd0	FUN_00050dd0
000607d8	0004059e	FUN_0004059e
000607d8	0004037c	FUN_0004037c
000607d8	00050da0	FUN_00050da0
000607d8	00050e88	FUN_00050e88
000607d8	00050ea6	FUN_00050ea6
000607d8	00050cf0	FUN_00050cf0
000607d8	0004efd0	FUN_0004efd0
000607d8	00050e90	FUN_00050e90
000607d8	00050ce8	FUN_00050ce8
000607d8	00050d16	FUN_00050d16
000607d8	00050db0	FUN_00050db0
000607d8	00050e5a	FUN_00050e5a
000607d8	00050e24	FUN_00050e24
000607d8	00050d6a	FUN_00050d6a
000607d8	00050e2c	FUN_00050e2c
000607d8	00050fba	FUN_00050fba
000607d8	00050d1e	FUN_00050d1e
000607d8	00050d90	FUN_00050d90
000607d8	000620f0	FUN_000620f0
000607d8	00051006	FUN_00051006
000607d8	00050d0e	FUN_00050d0e
000607d8	00050fb2	FUN_00050fb2
000607d8	00050edc	FUN_00050edc
000607d8	00051026	FUN_00051026
000607d8	00050f8c	FUN_00050f8c
000607d8	00050da8	FUN_00050da8
000607d8	00050fca	FUN_00050fca
000607d8	00051038	FUN_00051038
000607d8	00050ebc	FUN_00050ebc
000607d8	00050d62	FUN_00050d62
000607d8	00050faa	FUN_00050faa
000607d8	00051016	FUN_00051016
000607d8	00040310	FUN_00040310
000607d8	0005100e	FUN_0005100e
000607d8	00050d5a	FUN_00050d5a
000607d8	00050ef2	FUN_00050ef2
000607d8	0005102e	FUN_0005102e
000607d8	00050dee	FUN_00050dee
000607d8	00050e80	FUN_00050e80
000607d8	00050f7c	FUN_00050f7c
000607d8	00050ed4	FUN_00050ed4
000607d8	00050dfe	FUN_00050dfe
000607d8	0004f04c	FUN_0004f04c
000607d8	0005101e	FUN_0005101e
000607d8	00050db8	FUN_00050db8
000607d8	00050f84	FUN_00050f84
000607d8	00050fe0	FUN_00050fe0
000607d8	00050df6	FUN_00050df6
000607d8	00050fe8	FUN_00050fe8
000607d8	00050d3c	FUN_00050d3c
000607d8	0004f010	FUN_0004f010
000607d8	00050ecc	FUN_00050ecc
000607d8	00050e1c	FUN_00050e1c
000607d8	00050d98	FUN_00050d98
000607d8	0004089c	FUN_0004089c
000607d8	00050fc2	FUN_00050fc2
000620f0	00050b06	FUN_00050b06
000620f0	00050cca	FUN_00050cca
00062108	00046700	FUN_00046700
00062108	0004e5a6	FUN_0004e5a6
00062108	0004675a	FUN_0004675a
00062108	00058430	FUN_00058430
00062108	0004ea90	FUN_0004ea90
00062108	0004e960	FUN_0004e960
00062108	000471d8	FUN_000471d8
00062108	0004037c	FUN_0004037c
00062108	00047298	FUN_00047298
00062108	0004e4b2	FUN_0004e4b2
00062108	0004b9de	FUN_0004b9de
00062108	0001046a	FUN_0001046a
00062108	00046688	FUN_00046688
00062108	0004ba5c	FUN_0004ba5c
00062108	0004e8b2	FUN_0004e8b2
00062108	00037604	FUN_00037604
00062108	00046756	FUN_00046756
00062108	0001814c	FUN_0001814c
00062384	0004ab24	FUN_0004ab24
00062384	0004b132	FUN_0004b132
00062384	0004bc8c	FUN_0004bc8c
00062384	0004b9de	FUN_0004b9de
000630dc	0004675a	FUN_0004675a
000630dc	0003f960	FUN_0003f960
000630dc	0004037c	FUN_0004037c
000630dc	0005285c	FUN_0005285c
000630dc	000527ec	FUN_000527ec
000630dc	0003f926	FUN_0003f926
000630dc	0004b9de	FUN_0004b9de
000630dc	0004aa6e	FUN_0004aa6e
000630dc	0003f922	thunk_FUN_0004d3d8
000630dc	000528ac	FUN_000528ac
000630dc	0003f4be	FUN_0003f4be
000630dc	00046756	FUN_00046756
000630dc	0001049c	FUN_0001049c
0006320c	00046688	FUN_00046688
0006320c	0004cd44	FUN_0004cd44
0006320c	0004bb1a	FUN_0004bb1a
0006320c	0004e5a6	FUN_0004e5a6
0006320c	0004ba5c	FUN_0004ba5c
0006320c	0004bd50	FUN_0004bd50
0006320c	0004cd1e	FUN_0004cd1e
0006320c	0004baf8	FUN_0004baf8
0006320c	0004e7d8	FUN_0004e7d8
0006320c	00046698	FUN_00046698
0006320c	00047eec	FUN_00047eec
0006320c	0004b9de	FUN_0004b9de
00063334	000153e0	FUN_000153e0
00063334	00063370	FUN_00063370
00063334	00015384	FUN_00015384
00063334	0001c34c	thunk_FUN_000658d4
00063334	000634fc	FUN_000634fc
00063334	00016834	FUN_00016834
00063370	00010388	FUN_00010388
00063370	0002005c	FUN_0002005c
00063370	00015174	FUN_00015174
00063370	00016d4c	FUN_00016d4c
00063370	0001693c	FUN_0001693c
00063370	0001681c	FUN_0001681c
00063370	00016adc	FUN_00016adc
00063370	000200aa	FUN_000200aa
00063370	0001044c	FUN_0001044c
00063370	0001683e	FUN_0001683e
00063370	000200f8	FUN_000200f8
000634fc	0001540c	FUN_0001540c
000634fc	000153b4	FUN_000153b4
000634fc	000152e0	FUN_000152e0
000634fc	0002005c	FUN_0002005c
000634fc	00016d4c	FUN_00016d4c
000634fc	000149e4	FUN_000149e4
000634fc	000200aa	FUN_000200aa
000634fc	00014a54	FUN_00014a54
000634fc	000200f8	FUN_000200f8
000635a0	00050ef2	FUN_00050ef2
000635a0	0004dedc	FUN_0004dedc
000635a0	000403d2	FUN_000403d2
000635a0	000402f4	FUN_000402f4
000635a0	00050a74	FUN_00050a74
000636d8	00046bec	FUN_00046bec
000636d8	0004a2ac	FUN_0004a2ac
000636d8	0004a13c	FUN_0004a13c
000636d8	00050c48	FUN_00050c48
000636d8	00050b0e	FUN_00050b0e
000636d8	0004e0f6	FUN_0004e0f6
000636d8	0004a118	FUN_0004a118
00063780	00037c5c	FUN_00037c5c
00063780	00050ef2	FUN_00050ef2
00063780	0004dedc	FUN_0004dedc
00063780	0004c924	FUN_0004c924
00063780	000637cc	FUN_000637cc
000637cc	0004a144	FUN_0004a144
000637cc	00046bec	FUN_00046bec
000637cc	0003c97c	FUN_0003c97c
000637cc	0004a2ac	FUN_0004a2ac
000637cc	00050c48	FUN_00050c48
000637cc	0004a14a	FUN_0004a14a
000639d8	0004045a	FUN_0004045a
000639d8	0003ff18	FUN_0003ff18
00063e88	0003db28	FUN_0003db28
00063e88	0003db0a	FUN_0003db0a
00063e88	0004c924	FUN_0004c924
00063e88	0004f0c4	FUN_0004f0c4
0006405a	0003ff4c	FUN_0003ff4c
0006423e	0004045a	FUN_0004045a
0006423e	0003ff18	FUN_0003ff18
000643e4	0004f292	FUN_0004f292
000643e4	0004bc8c	FUN_0004bc8c
000643e4	0004c924	FUN_0004c924
0006445c	00055f1c	FUN_00055f1c
0006445c	0001cb8c	FUN_0001cb8c
000644a4	0001efd4	FUN_0001efd4
000644a4	00020138	FUN_00020138
000644a4	00016d4c	FUN_00016d4c
000644a4	000153b4	FUN_000153b4
000644a4	00020090	FUN_00020090
000644a4	000200de	FUN_000200de
000644a4	000145da	FUN_000145da
000644a4	00016d1e	FUN_00016d1e
000644a4	0001515c	FUN_0001515c
000644a4	000145b8	FUN_000145b8
000644a4	00014554	FUN_00014554
000644a4	0001f12c	FUN_0001f12c
000644a4	00014558	FUN_00014558
000644a4	00012272	FUN_00012272
000644a4	0001f0e4	FUN_0001f0e4
000644a4	000151a4	FUN_000151a4
00064768	00050dd0	FUN_00050dd0
00064768	00050ed4	FUN_00050ed4
00064768	00050ec4	FUN_00050ec4
00064768	00050d1e	FUN_00050d1e
00064768	00050e80	FUN_00050e80
00064768	00050b06	FUN_00050b06
00064768	00050d98	FUN_00050d98
00064768	00050cf0	FUN_00050cf0
00064768	00050ebc	FUN_00050ebc
00064768	0003cb16	FUN_0003cb16
00064768	0004037c	FUN_0004037c
00064768	00050fe8	FUN_00050fe8
00064768	0003cafe	FUN_0003cafe
00064768	0003c9f8	FUN_0003c9f8
00064768	00050d88	FUN_00050d88
00064768	00050dee	FUN_00050dee
00064768	00050da0	FUN_00050da0
00064768	00051006	FUN_00051006
00064768	00050d16	FUN_00050d16
00064768	00050d6a	FUN_00050d6a
00064768	00050fc2	FUN_00050fc2
00064768	00050fe0	FUN_00050fe0
00064768	0004029c	FUN_0004029c
00064768	00050d62	FUN_00050d62
00064768	00050e34	FUN_00050e34
00064768	00050f7c	FUN_00050f7c
00065144	00047c84	FUN_00047c84
00065144	00047b78	FUN_00047b78
00065144	00047af8	FUN_00047af8
00065144	0004747e	FUN_0004747e
00065144	0004de6c	FUN_0004de6c
00065144	00040850	FUN_00040850
00065144	0004ef90	FUN_0004ef90
00065144	0004bb48	FUN_0004bb48
00065144	0004d40e	FUN_0004d40e
00065144	0004ccf8	FUN_0004ccf8
00065144	0004bbec	FUN_0004bbec
0006532e	0004e00e	FUN_0004e00e
0006532e	000482e0	FUN_000482e0
0006532e	0004c804	FUN_0004c804
0006532e	0004d3d8	FUN_0004d3d8
0006532e	00047eec	FUN_00047eec
0006532e	0004c86a	FUN_0004c86a
0006532e	0004c8ac	FUN_0004c8ac
0006532e	00028100	FUN_00028100
0006532e	0004ccf8	FUN_0004ccf8
0006532e	0004bbec	FUN_0004bbec
0006532e	0004e5a6	FUN_0004e5a6
0006532e	0003ac70	FUN_0003ac70
0006532e	0004eef4	FUN_0004eef4
0006532e	000482c2	FUN_000482c2
0006532e	0004c5ca	FUN_0004c5ca
0006532e	00048288	FUN_00048288
0006532e	0004c906	FUN_0004c906
000654c4	0004ebb0	FUN_0004ebb0
000654c4	0004dedc	FUN_0004dedc
000654c4	0004d3d8	FUN_0004d3d8
000654c4	0004ed14	FUN_0004ed14
000654c4	0004de6c	FUN_0004de6c
000654c4	00046bec	FUN_00046bec
000654c4	0004a360	FUN_0004a360
000654c4	0004ef6a	FUN_0004ef6a
00065758	00059bcc	FUN_00059bcc
00065758	00066f6c	FUN_00066f6c
00065758	00065c04	FUN_00065c04
000657c0	00010350	FUN_00010350
000657dc	00066f6c	FUN_00066f6c
000657dc	00065c04	FUN_00065c04
000657dc	00065b08	FUN_00065b08
000657dc	00015a0a	FUN_00015a0a
0006582c	000659e8	FUN_000659e8
0006582c	00065744	exit_critical
0006582c	00059ed0	FUN_00059ed0
0006582c	0006571c	enter_critical
000658d4	00066f6c	FUN_00066f6c
000658d4	00065c04	FUN_00065c04
000658d4	0005982c	FUN_0005982c
0006590c	00065744	exit_critical
0006590c	00059a8e	FUN_00059a8e
0006590c	00059e24	FUN_00059e24
0006590c	00065666	FUN_00065666
0006590c	0006571c	enter_critical
0006590c	00065702	FUN_00065702
000659c8	000656d2	FUN_000656d2
000659c8	0005982c	FUN_0005982c
000659e8	0005982c	FUN_0005982c
00065a28	0005982c	FUN_0005982c
00065a6c	00065666	FUN_00065666
00065c5c	00046698	FUN_00046698
00065c5c	0004b9de	FUN_0004b9de
00065c5c	000499de	FUN_000499de
00065c5c	0003f334	FUN_0003f334
00065c5c	0004bc8c	FUN_0004bc8c
00065ca8	00046698	FUN_00046698
00065ca8	0004b9de	FUN_0004b9de
00065ca8	0003f334	FUN_0003f334
00065ca8	000461d4	FUN_000461d4
00065ca8	0004bc8c	FUN_0004bc8c
00065ca8	000465d6	FUN_000465d6
00065e34	0001814c	FUN_0001814c
00065e34	000375f8	FUN_000375f8
00065e34	0004eae2	FUN_0004eae2
00065e34	0004e00e	FUN_0004e00e
00065e34	0004aa6e	FUN_0004aa6e
00065e34	00058430	FUN_00058430
00065e34	0004e8b2	FUN_0004e8b2
00065e34	0004675a	FUN_0004675a
00065e34	0004e654	FUN_0004e654
00065e34	0004b9de	FUN_0004b9de
00065e34	000499de	FUN_000499de
00065e34	00049974	FUN_00049974
00065e34	00037604	FUN_00037604
00065e34	0001046a	FUN_0001046a
00065e34	0004e7c2	FUN_0004e7c2
00065e34	0004037c	FUN_0004037c
00065e34	00055f1c	FUN_00055f1c
000661e0	00040acc	FUN_00040acc
00066214	0001814c	FUN_0001814c
00066214	00047d8e	FUN_00047d8e
00066214	0004eae2	FUN_0004eae2
00066214	00015a5c	FUN_00015a5c
00066214	000471d8	FUN_000471d8
00066214	000104f0	FUN_000104f0
00066214	0004e8b2	FUN_0004e8b2
00066214	0004ea90	FUN_0004ea90
00066214	0004675a	FUN_0004675a
00066214	0001cb8c	FUN_0001cb8c
00066214	00047298	FUN_00047298
00066214	0004e5a6	FUN_0004e5a6
00066214	0004b9de	FUN_0004b9de
00066214	00046700	FUN_00046700
00066214	0004e4b2	FUN_0004e4b2
00066214	00046756	FUN_00046756
00066214	0004ba5c	FUN_0004ba5c
00066214	000499de	FUN_000499de
00066214	00049974	FUN_00049974
00066214	0004e960	FUN_0004e960
00066214	00046688	FUN_00046688
00066214	0004037c	FUN_0004037c
00066214	0004eb0e	FUN_0004eb0e
000664c4	00040314	FUN_00040314
000664d6	000656b6	FUN_000656b6
000664d6	00059f3c	FUN_00059f3c
00066554	00065a28	FUN_00065a28
00066554	00066f6c	FUN_00066f6c
00066554	00065c04	FUN_00065c04
00066554	00065744	exit_critical
00066554	00066c00	FUN_00066c00
00066554	00059e98	FUN_00059e98
00066554	0006571c	enter_critical
00066554	00065698	FUN_00065698
00066608	000102b8	FUN_000102b8
00066608	0006579c	FUN_0006579c
00066608	000102e0	FUN_000102e0
000666a0	000667a0	FUN_000667a0
000666a0	000666c4	FUN_000666c4
000666c4	00059f3c	FUN_00059f3c
000666c4	0006670c	FUN_0006670c
0006670c	000656b6	FUN_000656b6
0006670c	00065744	exit_critical
0006670c	00066ea4	FUN_00066ea4
0006670c	0006571c	enter_critical
000667a0	00066f6c	FUN_00066f6c
000667a0	00065c04	FUN_00065c04
000667a0	00066b3c	FUN_00066b3c
000667a0	00065744	exit_critical
000667a0	00066ea4	FUN_00066ea4
000667a0	000659ac	FUN_000659ac
000667a0	00066c00	FUN_00066c00
000667a0	00059ed0	FUN_00059ed0
000667a0	00059a22	FUN_00059a22
000667a0	0006571c	enter_critical
000667a0	000659c8	FUN_000659c8
0006689c	00066ea4	FUN_00066ea4
0006689c	00059a22	FUN_00059a22
0006689c	0006568c	FUN_0006568c
0006689c	000657c0	FUN_000657c0
0006691c	00066f6c	FUN_00066f6c
0006691c	00065c04	FUN_00065c04
0006691c	00066b3c	FUN_00066b3c
0006691c	00065744	exit_critical
0006691c	00066ea4	FUN_00066ea4
0006691c	000659ac	FUN_000659ac
0006691c	00066c00	FUN_00066c00
0006691c	00059ed0	FUN_00059ed0
0006691c	00059c50	FUN_00059c50
0006691c	0006571c	enter_critical
0006691c	000599fc	FUN_000599fc
0006691c	000659c8	FUN_000659c8
00066a10	00066ea4	FUN_00066ea4
00066a10	00066df4	FUN_00066df4
00066a10	00059c50	FUN_00059c50
00066a10	00065a6c	FUN_00065a6c
00066a10	00066f6c	FUN_00066f6c
00066a10	00065c04	FUN_00065c04
00066a10	00066b3c	FUN_00066b3c
00066a10	00059fd4	FUN_00059fd4
00066a10	00065744	exit_critical
00066a10	000659ac	FUN_000659ac
00066a10	00066c00	FUN_00066c00
00066a10	00059ed0	FUN_00059ed0
00066a10	0006571c	enter_critical
00066a10	000659c8	FUN_000659c8
00066b3c	00065744	exit_critical
00066b3c	000659ac	FUN_000659ac
00066b3c	0006571c	enter_critical
00066ba4	00065758	FUN_00065758
00066ba4	0001049c	FUN_0001049c
00066ba4	00059b48	FUN_00059b48
00066ba4	00059f3c	FUN_00059f3c
00066ba4	000598bc	FUN_000598bc
00066c28	00059e24	FUN_00059e24
00066c28	000656b0	FUN_000656b0
00066d64	00065666	FUN_00065666
00066df4	00065666	FUN_00065666
00066f6c	00065744	exit_critical
00066f6c	00066c28	FUN_00066c28
00066f6c	00059e24	FUN_00059e24
00066f6c	0006571c	enter_critical
00067090	00066ba4	FUN_00066ba4
00067090	000599ac	FUN_000599ac
000670cc	0006689c	FUN_0006689c
000670f4	00046698	FUN_00046698
000670f4	0003f334	FUN_0003f334
000670f4	000461d4	FUN_000461d4
000670f4	0003f338	FUN_0003f338
000670f4	0004675a	FUN_0004675a
000670f4	000461e4	FUN_000461e4
