phase	function	instruction	disassembly	op_index	direction	space	bytes	address_expression	resolved_address	value_expression
decompiler	ram:00001000	ram:00001c74	lw t0,0x0(a0)	25	read	ram	4	MULTIEQUAL(0x1008,PTRADD(MULTIEQUAL(0x1008,PTRADD(MULTIEQUAL(0x1008,PTRADD(MULTIEQUAL((register, 0x2028, 4),(register, 0x2028, 4)),0x1,0x4)),0x1,0x4)),0x1,0x4))		
decompiler	ram:00001000	ram:00001c78	sw t0,0x0(a1)	28	write	ram	4	MULTIEQUAL(0x20002000,PTRADD(MULTIEQUAL(0x20002000,PTRADD(MULTIEQUAL(0x20002000,PTRADD(MULTIEQUAL((register, 0x202c, 4),(register, 0x202c, 4)),0x1,0x4)),0x1,0x4)),0x1,0x4))		LOAD(0x1a1,MULTIEQUAL(0x1008,PTRADD(MULTIEQUAL(0x1008,PTRADD((register, 0x2028, 4),0x1,0x4)),0x1,0x4)))
decompiler	ram:00001000	ram:00001ca0	lw t0,0x0(a0)	51	read	ram	4	MULTIEQUAL(0x9318,PTRADD(MULTIEQUAL(0x9318,PTRADD(MULTIEQUAL(0x9318,PTRADD(MULTIEQUAL((register, 0x2028, 4),(register, 0x2028, 4)),0x1,0x4)),0x1,0x4)),0x1,0x4))		
decompiler	ram:00001000	ram:00001ca4	sw t0,0x0(a1)	54	write	ram	4	MULTIEQUAL(0x20002c40,PTRADD(MULTIEQUAL(0x20002c40,PTRADD(MULTIEQUAL(0x20002c40,PTRADD(MULTIEQUAL((register, 0x202c, 4),(register, 0x202c, 4)),0x1,0x4)),0x1,0x4)),0x1,0x4))		LOAD(0x1a1,MULTIEQUAL(0x9318,PTRADD(MULTIEQUAL(0x9318,PTRADD((register, 0x2028, 4),0x1,0x4)),0x1,0x4)))
decompiler	ram:00001000	ram:00001cc4	sw zero,0x0(a0)	73	write	ram	4	MULTIEQUAL(0x20002f50,PTRADD(MULTIEQUAL(0x20002f50,PTRADD(MULTIEQUAL(0x20002f50,PTRADD(MULTIEQUAL((register, 0x2028, 4),(register, 0x2028, 4)),0x1,0x4)),0x1,0x4)),0x1,0x4))		0x0
decompiler	ram:00001000	ram:00001cd0	csrw 0x0bc0,t0	80	write	csreg	4	csreg:0bc0	0x2f00	0x1f
decompiler	ram:00001000	ram:00001cd6	csrw 0x0804,t0	83	write	csreg	4	csreg:0804	0x2010	0x3
decompiler	ram:00001000	ram:00001ce2	csrs 0x0300,t0	88	write	csreg	4	csreg:0300	0xc00	mem[csreg:0300]
decompiler	ram:00001000	ram:00001ce2	csrs 0x0300,t0	88	read	csreg	4	csreg:0300	0xc00	
decompiler	ram:00001000	ram:00001cf2	csrw 0x0305,t0	95	write	csreg	4	csreg:0305	0xc14	0x20002003
decompiler	ram:00001000	ram:00001d0e	csrw mepc,t0	108	write	csreg	4	csreg:0341	0xd04	0x0
decompiler	ram:000010ce	ram:000010e4	sb a4,-0x7fa(a5)	21	write	ram	1	ram:40001806	0x40001806	0x4
decompiler	ram:000010ce	ram:000010fc	sw a4,-0x2f0(a5)	39	write	ram	4	ram:e000ed10	0xe000ed10	INT_AND(mem[ram:e000ed10],0xfffffff3)
decompiler	ram:0000110e	ram:00001124	sb a4,-0x7fa(a5)	21	write	ram	1	ram:40001806	0x40001806	0x4
decompiler	ram:0000110e	ram:00001142	bltu a5,a3,0x0000114c	44	read	ram	2	ram:40001038	0x40001038	
decompiler	ram:0000110e	ram:00001164	sb zero,0x24(a5)	68	write	ram	1	ram:40001024	0x40001024	0x0
decompiler	ram:0000110e	ram:00001174	sb a4,0x2e(a5)	81	write	ram	1	ram:4000102e	0x4000102e	MULTIEQUAL(mem[ram:4000102e],INT_OR(INT_AND(mem[ram:4000102e],0xfc),0x1))
decompiler	ram:0000110e	ram:00001178	sb a1,0x4e(a5)	84	write	ram	1	ram:4000104e	0x4000104e	INT_OR(mem[ram:4000104e],0x3)
decompiler	ram:0000110e	ram:000011ae	sw a1,-0x2f0(a4)	124	write	ram	4	ram:e000ed10	0xe000ed10	INT_OR(INT_AND(mem[ram:e000ed10],0xfffffff7),0x4)
decompiler	ram:0000110e	ram:000011ce	sb a4,0x4b(a5)	148	write	ram	1	ram:4000104b	0x4000104b	INT_AND(mem[ram:4000104b],0xdf)
decompiler	ram:0000110e	ram:000011d2	sb zero,0x40(a5)	151	write	ram	1	ram:40001040	0x40001040	0x0
decompiler	ram:000011dc	ram:00001214	bltu a5,a3,0x0000121e	51	read	ram	2	ram:40001038	0x40001038	
decompiler	ram:000011dc	ram:00001236	sb zero,0x24(a5)	75	write	ram	1	ram:40001024	0x40001024	0x0
decompiler	ram:000011dc	ram:0000127c	sb a3,0x40(a5)	130	write	ram	1	ram:40001040	0x40001040	0xa8
decompiler	ram:000011dc	ram:000012fa	sb a4,0x4b(a5)	226	write	ram	1	ram:4000104b	0x4000104b	INT_AND(mem[ram:4000104b],0xdf)
decompiler	ram:000011dc	ram:000012fe	sb zero,0x40(a5)	229	write	ram	1	ram:40001040	0x40001040	0x0
decompiler	ram:0000130c	ram:0000133e	bltu a3,a2,0x00001348	50	read	ram	2	ram:40001038	0x40001038	
decompiler	ram:0000130c	ram:00001360	sb zero,0x24(s0)	74	write	ram	1	ram:40001024	0x40001024	0x0
decompiler	ram:0000130c	ram:00001378	sb zero,0x40(s0)	93	write	ram	1	ram:40001040	0x40001040	0x0
decompiler	ram:0000130c	ram:000013ae	sb s1,0x40(s0)	132	write	ram	1	ram:40001040	0x40001040	0xa8
decompiler	ram:0000130c	ram:000013f0	sb a5,0x46(s0)	186	write	ram	1	ram:40001046	0x40001046	INT_OR(mem[ram:40001046],0x1)
decompiler	ram:0000130c	ram:000013f4	sb zero,0x40(s0)	189	write	ram	1	ram:40001040	0x40001040	0x0
decompiler	ram:00001406	ram:000014ca	sb a4,0x4b(a5)	149	write	ram	1	ram:4000104b	0x4000104b	INT_OR(INT_AND(mem[ram:4000104b],0xdf),0x80)
decompiler	ram:00001406	ram:000014ce	sb zero,0x40(a5)	152	write	ram	1	ram:40001040	0x40001040	0x0
decompiler	ram:0000157a	ram:000015a8	sb a4,0x46(a5)	39	write	ram	1	ram:40001046	0x40001046	INT_OR(mem[ram:40001046],0x1)
decompiler	ram:0000157a	ram:000015ac	sb zero,0x40(a5)	42	write	ram	1	ram:40001040	0x40001040	0x0
decompiler	ram:00001822	ram:00001822	sb zero,-0x7fa(s0)	2	write	ram	1	CAST(INT_ADD((register, 0x2020, 4),0xfffff806))		0x0
decompiler	ram:00001822	ram:00001828	sb a4,-0x7fa(s0)	7	write	ram	1	CAST(INT_ADD((register, 0x2020, 4),0xfffff806))		0x5
decompiler	ram:00001822	ram:0000182e	sb a0,-0x7fc(s0)	12	write	ram	1	CAST(INT_ADD((register, 0x2020, 4),0xfffff804))		(register, 0x2028, 1)
decompiler	ram:00001834	ram:00001834	lb a5,-0x7fa(s0)	2	read	ram	1	CAST(INT_ADD((register, 0x2020, 4),0xfffff806))		
decompiler	ram:00001834	ram:0000183c	sb zero,-0x7fa(s0)	8	write	ram	1	CAST(INT_ADD((register, 0x2020, 4),0xfffff806))		0x0
decompiler	ram:00001842	ram:00001842	lb a5,-0x7fa(s0)	2	read	ram	1	CAST(INT_ADD((register, 0x2020, 4),0xfffff806))		
decompiler	ram:00001842	ram:0000184a	lbu a0,-0x7fc(s0)	8	read	ram	1	CAST(INT_ADD((register, 0x2020, 4),0xfffff804))		
decompiler	ram:00001850	ram:00001850	lb a5,-0x7fa(s0)	2	read	ram	1	CAST(INT_ADD((register, 0x2020, 4),0xfffff806))		
decompiler	ram:00001850	ram:00001858	sb a0,-0x7fc(s0)	8	write	ram	1	CAST(INT_ADD((register, 0x2020, 4),0xfffff804))		(register, 0x2028, 1)
decompiler	ram:000018de	ram:00001904	sw a4,0x180(a5)	47	write	ram	4	ram:e000e180	0xe000e180	0xffffffff
decompiler	ram:000018de	ram:00001908	sw a4,0x184(a5)	50	write	ram	4	ram:e000e184	0xe000e184	0xffffffff
decompiler	ram:000018de	ram:0000191c	sb a4,0x40(a5)	62	write	ram	1	ram:40001040	0x40001040	0xa8
decompiler	ram:000018de	ram:00001964	sb a4,-0x7fa(s0)	109	write	ram	1	ram:40001806	0x40001806	0x4
decompiler	ram:000018de	ram:000019ae	lbu a0,-0x1(s2)	221	read	ram	4	MULTIEQUAL(COPY(MULTIEQUAL((register, 0x2030, 4),CAST(INT_ADD(CAST(MULTIEQUAL((unique, 0x100000f2, 4),(unique, 0x100000f6, 4))),0x1)))),COPY(CAST(INT_ADD(CAST(MULTIEQUAL(COPY((register, 0x2048, 4)),COPY((register, 0x2048, 4)))),0x1))))		
decompiler	ram:000018de	ram:000019d6	sb a4,0x40(a5)	158	write	ram	1	ram:40001040	0x40001040	0xa8
decompiler	ram:000018de	ram:000019e0	sb a4,0x44(a5)	167	write	ram	1	ram:40001044	0x40001044	INT_AND(mem[ram:40001044],0x10)
decompiler	ram:000018de	ram:000019ea	sw s5,0x100(a5)	175	write	ram	4	ram:e000e100	0xe000e100	COPY(mem[ram:e000e000])
decompiler	ram:000018de	ram:000019ee	sw s4,0x104(a5)	178	write	ram	4	ram:e000e104	0xe000e104	COPY(mem[ram:e000e004])
decompiler	ram:000018de	ram:00001a86	sb a0,-0x1(s2)	313	write	ram	1	CAST(MULTIEQUAL((register, 0x2030, 4),CAST(INT_ADD(CAST(MULTIEQUAL((register, 0x2030, 4),CAST((unique, 0x10000122, 4)))),0x1))))		SUBPIECE(CALL(0xfe07cee380640783),0x0)
decompiler	ram:000018de	ram:00001aa0	bne a4,a5,0x00001afe	327	read	ram	1	ram:40001041	0x40001041	
decompiler	ram:000018de	ram:00001ad2	lw a4,-0x4(s2)	358	read	ram	4	MULTIEQUAL(COPY(MULTIEQUAL((register, 0x2030, 4),PTRADD(MULTIEQUAL(COPY(MULTIEQUAL((register, 0x2030, 4),(register, 0x2048, 4))),COPY(PTRADD((register, 0x2048, 4),0x1,0x4))),0x1,0x4))),COPY(PTRADD(MULTIEQUAL(COPY(MULTIEQUAL((register, 0x2030, 4),PTRADD((register, 0x2048, 4),0x1,0x4))),COPY(PTRADD(MULTIEQUAL((unique, 0x100000ea, 4),(unique, 0x100000ee, 4)),0x1,0x4))),0x1,0x4)))		
decompiler	ram:000018de	ram:00001ae0	blt a4,zero,0x00001adc	368	read	ram	1	ram:40001806	0x40001806	
decompiler	ram:000018de	ram:00001ae4	sb s3,-0x7fa(s0)	372	write	ram	1	ram:40001806	0x40001806	0x15
decompiler	ram:000018de	ram:00001b44	lw a4,0x0(s2)	416	read	ram	4	MULTIEQUAL((register, 0x2030, 4),MULTIEQUAL((register, 0x2030, 4),MULTIEQUAL((register, 0x2030, 4),MULTIEQUAL((register, 0x2030, 4),MULTIEQUAL((register, 0x2030, 4),MULTIEQUAL((register, 0x2030, 4),MULTIEQUAL((register, 0x2030, 4),(register, 0x2048, 4),(register, 0x203c, 4)),PTRADD((register, 0x2048, 4),0x1,0x4)),PTRADD(MULTIEQUAL((register, 0x2030, 4),(register, 0x2048, 4),(register, 0x203c, 4)),0x1,0x4)),PTRADD(MULTIEQUAL((register, 0x2030, 4),MULTIEQUAL((register, 0x2030, 4),(register, 0x2048, 4),(regist...[truncated])		
decompiler	ram:000018de	ram:00001b4c	bne a3,a4,0x000019a0	419	read	ram	4	ram:40001800	0x40001800	
decompiler	ram:000018de	ram:00001b90	sw a5,0x0(s2)	498	write	ram	4	(register, 0x2030, 4)		mem[ram:40001800]
decompiler	ram:000018de	ram:00001b90	sw a5,0x0(s2)	498	read	ram	4	ram:40001800	0x40001800	
decompiler	ram:000018de	ram:00001ba6	sh a5,0x4(s2)	512	write	ram	2	CAST(PTRADD((register, 0x2030, 4),0x1,0x4))		SUBPIECE(mem[ram:40001800],0x0)
decompiler	ram:000018de	ram:00001ba6	sh a5,0x4(s2)	1206	read	ram	4	ram:40001800	0x40001800	
decompiler	ram:000018de	ram:00001bac	sw a5,0x4(s2)	516	write	ram	4	PTRADD((register, 0x2030, 4),0x1,0x4)		mem[ram:40001800]
decompiler	ram:000018de	ram:00001bac	sw a5,0x4(s2)	516	read	ram	4	ram:40001800	0x40001800	
decompiler	ram:000018de	ram:00001bc2	sw zero,0x0(s2)	532	write	ram	4	(register, 0x2030, 4)		0x0
decompiler	ram:000018de	ram:00001bc6	sw zero,0x4(s2)	535	write	ram	4	PTRADD((register, 0x2030, 4),0x1,0x4)		0x0
decompiler	ram:000018de	ram:00001bd4	lbu a4,0x0(a5)	545	read	ram	1	CAST(INT_ADD(INT_AND(MULTIEQUAL(0xf,INT_SUB(MULTIEQUAL(0xf,INT_SUB((register, 0x2024, 4),0x1)),0x1)),0x7),CAST((register, 0x2030, 4))))		
decompiler	ram:000018de	ram:00001bdc	sb a0,0x0(a5)	552	write	ram	1	CAST(INT_ADD(INT_AND(MULTIEQUAL(0xf,INT_SUB(MULTIEQUAL(0xf,INT_SUB((register, 0x2024, 4),0x1)),0x1)),0x7),CAST((register, 0x2030, 4))))		SUBPIECE(INT_XOR(CALL(0xfe07cee380640783),INT_ZEXT(LOAD(0x1a1,CAST((unique, 0x10000106, 4))))),0x0)
decompiler	ram:00001c48	ram:00001c74	lw t0,0x0(a0)	24	read	ram	4	MULTIEQUAL(0x1008,PTRADD(MULTIEQUAL(0x1008,PTRADD(MULTIEQUAL(0x1008,PTRADD(MULTIEQUAL((register, 0x2028, 4),(register, 0x2028, 4)),0x1,0x4)),0x1,0x4)),0x1,0x4))		
decompiler	ram:00001c48	ram:00001c78	sw t0,0x0(a1)	27	write	ram	4	MULTIEQUAL(0x20002000,PTRADD(MULTIEQUAL(0x20002000,PTRADD(MULTIEQUAL(0x20002000,PTRADD(MULTIEQUAL((register, 0x202c, 4),(register, 0x202c, 4)),0x1,0x4)),0x1,0x4)),0x1,0x4))		LOAD(0x1a1,MULTIEQUAL(0x1008,PTRADD(MULTIEQUAL(0x1008,PTRADD((register, 0x2028, 4),0x1,0x4)),0x1,0x4)))
decompiler	ram:00001c48	ram:00001ca0	lw t0,0x0(a0)	50	read	ram	4	MULTIEQUAL(0x9318,PTRADD(MULTIEQUAL(0x9318,PTRADD(MULTIEQUAL(0x9318,PTRADD(MULTIEQUAL((register, 0x2028, 4),(register, 0x2028, 4)),0x1,0x4)),0x1,0x4)),0x1,0x4))		
decompiler	ram:00001c48	ram:00001ca4	sw t0,0x0(a1)	53	write	ram	4	MULTIEQUAL(0x20002c40,PTRADD(MULTIEQUAL(0x20002c40,PTRADD(MULTIEQUAL(0x20002c40,PTRADD(MULTIEQUAL((register, 0x202c, 4),(register, 0x202c, 4)),0x1,0x4)),0x1,0x4)),0x1,0x4))		LOAD(0x1a1,MULTIEQUAL(0x9318,PTRADD(MULTIEQUAL(0x9318,PTRADD((register, 0x2028, 4),0x1,0x4)),0x1,0x4)))
decompiler	ram:00001c48	ram:00001cc4	sw zero,0x0(a0)	72	write	ram	4	MULTIEQUAL(0x20002f50,PTRADD(MULTIEQUAL(0x20002f50,PTRADD(MULTIEQUAL(0x20002f50,PTRADD(MULTIEQUAL((register, 0x2028, 4),(register, 0x2028, 4)),0x1,0x4)),0x1,0x4)),0x1,0x4))		0x0
decompiler	ram:00001c48	ram:00001cd0	csrw 0x0bc0,t0	79	write	csreg	4	csreg:0bc0	0x2f00	0x1f
decompiler	ram:00001c48	ram:00001cd6	csrw 0x0804,t0	82	write	csreg	4	csreg:0804	0x2010	0x3
decompiler	ram:00001c48	ram:00001ce2	csrs 0x0300,t0	87	write	csreg	4	csreg:0300	0xc00	mem[csreg:0300]
decompiler	ram:00001c48	ram:00001ce2	csrs 0x0300,t0	87	read	csreg	4	csreg:0300	0xc00	
decompiler	ram:00001c48	ram:00001cf2	csrw 0x0305,t0	94	write	csreg	4	csreg:0305	0xc14	0x20002003
decompiler	ram:00001c48	ram:00001d0e	csrw mepc,t0	107	write	csreg	4	csreg:0341	0xd04	0x0
decompiler	ram:00001d1a	ram:00001d32	c.sw a1,0x0(a4)	18	write	ram	4	MULTIEQUAL(MULTIEQUAL((register, 0x2028, 4),CAST(INT_SUB(INDIRECT(0x0,0x42),INT_ADD(INDIRECT(0x0,0x42),0xfffffff0)))),PTRADD(MULTIEQUAL(MULTIEQUAL((register, 0x2028, 4),CAST(INT_SUB(INDIRECT(0x0,0x42),INT_ADD((register, 0x203c, 4),0xfffffff0)))),PTRADD(MULTIEQUAL(MULTIEQUAL((register, 0x2028, 4),CAST((unique, 0x10000040, 4))),PTRADD(MULTIEQUAL((register, 0x2038, 4),(register, 0x2038, 4)),0x4,0x4)),0x4,0x4)),0x4,0x4))		MULTIEQUAL(0x0,INT_OR(INT_OR(INT_AND(MULTIEQUAL((register, 0x202c, 4),(unique, 0x10000034, 4)),0xff),INT_LEFT(INT_AND((register, 0x202c, 4),0xff),0x8)),INT_LEFT(INT_OR(INT_AND((register, 0x202c, 4),0xff),INT_LEFT((register, 0x202c, 4),0x8)),0x10)))
decompiler	ram:00001d1a	ram:00001d34	c.sw a1,0x4(a4)	21	write	ram	4	PTRADD(MULTIEQUAL(MULTIEQUAL((register, 0x2028, 4),CAST(INT_SUB(INDIRECT(0x0,0x42),INT_ADD(INDIRECT(0x0,0x42),0xfffffff0)))),PTRADD(MULTIEQUAL(MULTIEQUAL((register, 0x2028, 4),CAST(INT_SUB((register, 0x2038, 4),(register, 0x203c, 4)))),PTRADD(MULTIEQUAL(MULTIEQUAL((register, 0x2028, 4),(register, 0x2038, 4)),PTRADD((register, 0x2038, 4),0x4,0x4)),0x4,0x4)),0x4,0x4)),0x1,0x4)		MULTIEQUAL(0x0,INT_OR(INT_OR(INT_AND(MULTIEQUAL((register, 0x202c, 4),(unique, 0x10000034, 4)),0xff),INT_LEFT(INT_AND((register, 0x202c, 4),0xff),0x8)),INT_LEFT(INT_OR(INT_AND((register, 0x202c, 4),0xff),INT_LEFT((register, 0x202c, 4),0x8)),0x10)))
decompiler	ram:00001d1a	ram:00001d36	c.sw a1,0x8(a4)	24	write	ram	4	PTRADD(MULTIEQUAL(MULTIEQUAL((register, 0x2028, 4),CAST(INT_SUB(INDIRECT(0x0,0x42),INT_ADD(INDIRECT(0x0,0x42),0xfffffff0)))),PTRADD(MULTIEQUAL(MULTIEQUAL((register, 0x2028, 4),CAST(INT_SUB((register, 0x2038, 4),(register, 0x203c, 4)))),PTRADD(MULTIEQUAL(MULTIEQUAL((register, 0x2028, 4),(register, 0x2038, 4)),PTRADD((register, 0x2038, 4),0x4,0x4)),0x4,0x4)),0x4,0x4)),0x2,0x4)		MULTIEQUAL(0x0,INT_OR(INT_OR(INT_AND(MULTIEQUAL((register, 0x202c, 4),(unique, 0x10000034, 4)),0xff),INT_LEFT(INT_AND((register, 0x202c, 4),0xff),0x8)),INT_LEFT(INT_OR(INT_AND((register, 0x202c, 4),0xff),INT_LEFT((register, 0x202c, 4),0x8)),0x10)))
decompiler	ram:00001d1a	ram:00001d38	c.sw a1,0xc(a4)	27	write	ram	4	PTRADD(MULTIEQUAL(MULTIEQUAL((register, 0x2028, 4),CAST(INT_SUB(INDIRECT(0x0,0x42),INT_ADD(INDIRECT(0x0,0x42),0xfffffff0)))),PTRADD(MULTIEQUAL(MULTIEQUAL((register, 0x2028, 4),CAST(INT_SUB((register, 0x2038, 4),(register, 0x203c, 4)))),PTRADD(MULTIEQUAL(MULTIEQUAL((register, 0x2028, 4),(register, 0x2038, 4)),PTRADD((register, 0x2038, 4),0x4,0x4)),0x4,0x4)),0x4,0x4)),0x3,0x4)		MULTIEQUAL(0x0,INT_OR(INT_OR(INT_AND(MULTIEQUAL((register, 0x202c, 4),(unique, 0x10000034, 4)),0xff),INT_LEFT(INT_AND((register, 0x202c, 4),0xff),0x8)),INT_LEFT(INT_OR(INT_AND((register, 0x202c, 4),0xff),INT_LEFT((register, 0x202c, 4),0x8)),0x10)))
decompiler	ram:00001dc2	ram:00001dce	sb a4,0x57(a5)	10	write	ram	1	ram:40001057	0x40001057	INT_AND(mem[ram:40001057],0xfe)
decompiler	ram:00001dc2	ram:00001dd6	sb a4,0x5b(a5)	15	write	ram	1	ram:4000105b	0x4000105b	0x80
decompiler	ram:00001dc2	ram:00001ddc	sb a4,0x58(a5)	20	write	ram	1	ram:40001058	0x40001058	0xf
decompiler	ram:00001dc2	ram:00001de4	sb a4,0x59(a5)	25	write	ram	1	ram:40001059	0x40001059	0x35
decompiler	ram:00001dea	ram:00001e0e	sb a4,0x4e(a5)	27	write	ram	1	ram:4000104e	0x4000104e	INT_OR(INT_AND(mem[ram:4000104e],0xfc),INT_AND((register, 0x2028, 1),0x3))
decompiler	ram:00001dea	ram:00001e12	sb zero,0x40(a5)	30	write	ram	1	ram:40001040	0x40001040	0x0
decompiler	ram:00001e18	ram:00001efc	c.sw a4,0x0(a1)	169	write	ram	4	ram:40001034	0x40001034	INT_OR(INT_MULT(INT_ADD(INT_ADD(INT_MULT((register, 0x2038, 4),0x1e),INT_RIGHT((register, 0x203c, 4),0x1)),INT_MULT(INT_REM((register, 0x2034, 4),0x18),0x708)),0x10000),INT_LEFT(INT_AND((register, 0x203c, 4),0x1),0xf))
decompiler	ram:00001e18	ram:00001f06	sb a4,0x31(a5)	178	write	ram	1	ram:40001031	0x40001031	INT_OR(mem[ram:40001031],0xc0)
decompiler	ram:00001e18	ram:00001f0a	sb zero,0x40(a5)	181	write	ram	1	ram:40001040	0x40001040	0x0
decompiler	ram:00001fa6	ram:00001fb8	c.lwsp a0,0xc(sp)	20	read	ram	4	ram:40001038	0x40001038	
decompiler	ram:00001fbe	ram:000020be	c.swsp a5,0x18(sp)	1680	read	ram	2	ram:40001050	0x40001050	
decompiler	ram:00001fbe	ram:00002102	lbu a4,0x53(s0)	1677	read	ram	1	ram:40001053	0x40001053	
decompiler	ram:00001fbe	ram:0000210c	c.beqz a4,0x00002102	1679	read	ram	2	ram:40001050	0x40001050	
decompiler	ram:00001fbe	ram:0000214e	lbu a5,0x53(s0)	1439	write	ram	1	ram:40001040	0x40001040	0xa8
decompiler	ram:00001fbe	ram:00002186	lbu a5,0x52(s0)	392	read	ram	1	ram:40001052	0x40001052	
decompiler	ram:00001fbe	ram:000021d0	lhu a4,0x2c(s0)	450	read	ram	2	ram:4000102c	0x4000102c	
decompiler	ram:00001fbe	ram:00002252	lbu a3,0x53(a5)	505	read	ram	1	ram:40001053	0x40001053	
decompiler	ram:00001fbe	ram:0000231c	lbu a4,0x53(a5)	1434	write	ram	1	ram:40001040	0x40001040	0xa8
decompiler	ram:00001fbe	ram:0000234a	sh a5,0x50(a4)	694	write	ram	2	ram:40001050	0x40001050	INT_OR(mem[ram:40001050],0x4000)
decompiler	ram:00001fbe	ram:0000237a	sb a4,0x0(a3)	729	write	ram	1	ram:40001053	0x40001053	INT_AND(mem[ram:40001053],0xdf)
decompiler	ram:00001fbe	ram:00002382	lbu a4,0x52(a5)	737	read	ram	1	ram:40001052	0x40001052	
decompiler	ram:00001fbe	ram:0000240e	sb a3,0x40(a4)	842	write	ram	1	ram:40001040	0x40001040	0xa8
decompiler	ram:00001fbe	ram:00002418	lhu a3,0x2c(a4)	852	read	ram	2	ram:4000102c	0x4000102c	
decompiler	ram:00001fbe	ram:00002426	sh a5,0x2c(a4)	866	write	ram	2	ram:4000102c	0x4000102c	SUBPIECE(INT_RIGHT(INT_MULT(INT_ADD(INT_MULT((register, 0x203c, 4),0x20),INT_ZEXT(mem[ram:4000102c])),0x10000),0x10),0x0)
decompiler	ram:00002498	ram:000024e6	sw a3,0xb4(a5)	73	write	ram	4	ram:400010b4	0x400010b4	INT_AND(mem[ram:400010b4],INT_NEGATE((register, 0x2028, 4)))
decompiler	ram:00002498	ram:000024f0	sw a0,0xb0(a5)	80	write	ram	4	ram:400010b0	0x400010b0	INT_OR((register, 0x2028, 4),mem[ram:400010b0])
decompiler	ram:00002498	ram:000024fa	sw a4,0xa0(a5)	87	write	ram	4	ram:400010a0	0x400010a0	INT_AND(INT_NEGATE((register, 0x2028, 4)),mem[ram:400010a0])
decompiler	ram:0000253e	ram:0000258c	sw a3,0xd4(a5)	73	write	ram	4	ram:400010d4	0x400010d4	INT_AND(mem[ram:400010d4],INT_NEGATE((register, 0x2028, 4)))
decompiler	ram:0000253e	ram:00002596	sw a0,0xd0(a5)	80	write	ram	4	ram:400010d0	0x400010d0	INT_OR((register, 0x2028, 4),mem[ram:400010d0])
decompiler	ram:0000253e	ram:000025a0	sw a4,0xc0(a5)	87	write	ram	4	ram:400010c0	0x400010c0	INT_AND(INT_NEGATE((register, 0x2028, 4)),mem[ram:400010c0])
decompiler	ram:000025e4	ram:000025f0	sh a1,0x18(a5)	11	write	ram	2	ram:40001018	0x40001018	MULTIEQUAL(INT_OR((register, 0x202c, 2),mem[ram:40001018]),INT_AND(INT_NEGATE((register, 0x202c, 2)),mem[ram:40001018]))
decompiler	ram:0000268a	ram:0000269a	sb a0,0x0(a5)	12	write	ram	1	ram:40005000	0x40005000	MULTIEQUAL(INT_AND(INT_NEGATE(SUBPIECE((register, 0x2028, 4),0x0)),mem[ram:40005000]),INT_OR(SUBPIECE((register, 0x2028, 4),0x0),mem[ram:40005000]))
decompiler	ram:0000268a	ram:000026c6	sb a1,0x0(a3)	44	write	ram	1	PTRADD(0x40005004,MULTIEQUAL(0x0,INT_ADD(MULTIEQUAL(0x0,INT_ADD(MULTIEQUAL(0x0,INT_ADD((register, 0x203c, 4),0x1)),0x1)),0x1)),0x1)		(register, 0x202c, 1)
decompiler	ram:000026e8	ram:000026ec	lhu a0,0x8(a5)	5	read	ram	2	ram:40001008	0x40001008	
decompiler	ram:0000272a	ram:00002738	c.sw a5,0x0(a0)	15	write	ram	4	(register, 0x2028, 4)		INT_OR(INT_RIGHT(mem[ram:e000e000],0x8),INT_LEFT(mem[ram:e000e004],0x18))
decompiler	ram:0000272a	ram:0000273c	sw a5,0x180(a4)	20	write	ram	4	ram:e000e180	0xe000e180	0xffffffff
decompiler	ram:0000272a	ram:00002740	sw a5,0x184(a4)	23	write	ram	4	ram:e000e184	0xe000e184	0xffffffff
decompiler	ram:00002746	ram:0000274e	sw a4,0x100(a5)	6	write	ram	4	ram:e000e100	0xe000e100	INT_LEFT((register, 0x2028, 4),0x8)
decompiler	ram:00002746	ram:00002754	sw a0,0x104(a5)	11	write	ram	4	ram:e000e104	0xe000e104	INT_RIGHT((register, 0x2028, 4),0x18)
decompiler	ram:00002764	ram:00002792	sb a4,0x46(a5)	32	write	ram	1	ram:40001046	0x40001046	MULTIEQUAL(INT_OR(mem[ram:40001046],0x2),INT_AND(mem[ram:40001046],0xfd))
decompiler	ram:00002764	ram:00002796	sb zero,0x40(a5)	35	write	ram	1	ram:40001040	0x40001040	0x0
decompiler	ram:0000279c	ram:000027b0	sb a0,0x0(a5)	15	write	ram	1	ram:40002000	0x40002000	INT_OR(INT_LEFT((register, 0x2028, 1),0x6),0x5)
decompiler	ram:000027b6	ram:000027ba	sw a0,0x40c(a5)	4	write	ram	4	ram:4000240c	0x4000240c	(register, 0x2028, 4)
decompiler	ram:000027b6	ram:000027c6	sb a4,0x400(a5)	14	write	ram	1	ram:40002400	0x40002400	0x4
decompiler	ram:000027cc	ram:000027d0	sw a0,-0x7f4(a5)	4	write	ram	4	ram:4000280c	0x4000280c	(register, 0x2028, 4)
decompiler	ram:000027cc	ram:000027dc	sb a4,-0x800(a5)	14	write	ram	1	ram:40002800	0x40002800	0x4
decompiler	ram:000027e2	ram:0000280a	sh a5,0xc(a4)	44	write	ram	2	ram:4000300c	0x4000300c	SUBPIECE(INT_DIV(INT_ADD(MULTIEQUAL(0xffffffff,INT_DIV((register, 0x203c, 4),(register, 0x2028, 4))),0x5),0xa),0x0)
decompiler	ram:00002812	ram:00002826	sb a4,0x2(a5)	19	write	ram	1	ram:40003002	0x40003002	0x87
decompiler	ram:00002812	ram:0000282c	sb a4,0x3(a5)	24	write	ram	1	ram:40003003	0x40003003	0x3
decompiler	ram:00002812	ram:00002834	sb a4,0x1(a5)	29	write	ram	1	ram:40003001	0x40003001	0x40
decompiler	ram:00002812	ram:0000283a	sb a4,0xe(a5)	34	write	ram	1	ram:4000300e	0x4000300e	0x1
decompiler	ram:00002844	ram:00002858	c.bnez a4,0x0000285e	14	read	ram	1	ram:4000300a	0x4000300a	
decompiler	ram:00002844	ram:00002868	sb a2,0x0(a4)	27	write	ram	1	CAST(INT_ADD((register, 0x2028, 4),MULTIEQUAL(0x0,INT_ADD(MULTIEQUAL(0x0,INT_ADD(MULTIEQUAL((register, 0x203c, 4),(register, 0x203c, 4)),0x1)),0x1))))		mem[ram:40003008]
decompiler	ram:00002844	ram:00002868	sb a2,0x0(a4)	27	read	ram	1	ram:40003008	0x40003008	
decompiler	ram:0000286e	ram:00002896	sh a5,0x40c(a4)	44	write	ram	2	ram:4000340c	0x4000340c	SUBPIECE(INT_DIV(INT_ADD(MULTIEQUAL(0xffffffff,INT_DIV((register, 0x203c, 4),(register, 0x2028, 4))),0x5),0xa),0x0)
decompiler	ram:0000289e	ram:000028b2	sb a4,0x402(a5)	19	write	ram	1	ram:40003402	0x40003402	0x87
decompiler	ram:0000289e	ram:000028b8	sb a4,0x403(a5)	24	write	ram	1	ram:40003403	0x40003403	0x3
decompiler	ram:0000289e	ram:000028c0	sb a4,0x401(a5)	29	write	ram	1	ram:40003401	0x40003401	0x40
decompiler	ram:0000289e	ram:000028c6	sb a4,0x40e(a5)	34	write	ram	1	ram:4000340e	0x4000340e	0x1
decompiler	ram:000028d0	ram:000028e4	sb a5,0x402(a4)	15	write	ram	1	ram:40003402	0x40003402	INT_OR(INT_AND(mem[ram:40003402],0x3f),INT_LEFT((register, 0x2028, 1),0x6))
decompiler	ram:000028ea	ram:000028f6	sb a1,0x401(a5)	11	write	ram	1	ram:40003401	0x40003401	INT_OR((register, 0x202c, 1),mem[ram:40003401])
decompiler	ram:000028ea	ram:00002902	sb a4,0x400(a5)	20	write	ram	1	ram:40003400	0x40003400	INT_OR(mem[ram:40003400],0x8)
decompiler	ram:000028ea	ram:0000290e	sb a1,0x401(a5)	26	write	ram	1	ram:40003401	0x40003401	INT_AND(INT_NEGATE((register, 0x202c, 1)),mem[ram:40003401])
decompiler	ram:00002914	ram:00002926	beq a4,a2,0x0000291e	13	read	ram	1	ram:4000340b	0x4000340b	
decompiler	ram:00002914	ram:0000292c	lbu a2,-0x1(a0)	19	read	ram	1	MULTIEQUAL(COPY((register, 0x2028, 4)),COPY(MULTIEQUAL(COPY((register, 0x2028, 4)),COPY(MULTIEQUAL(COPY((register, 0x2028, 4)),COPY(MULTIEQUAL((unique, 0x10000001, 4),(unique, 0x10000005, 4),(unique, 0x10000009, 4))),COPY(PTRADD((register, 0x2028, 4),0x1,0x1)))),COPY(PTRADD(MULTIEQUAL(COPY((register, 0x2028, 4)),COPY((register, 0x2028, 4)),COPY((register, 0x2028, 4))),0x1,0x1)))),COPY(PTRADD(MULTIEQUAL(COPY((register, 0x2028, 4)),COPY(MULTIEQUAL(COPY((register, 0x2028, 4)),COPY((register, 0x2028, 4)),COPY((...[truncated])		
decompiler	ram:0000293c	ram:00002950	c.bnez a4,0x00002956	14	read	ram	1	ram:4000340a	0x4000340a	
decompiler	ram:0000293c	ram:00002960	sb a2,0x0(a4)	27	write	ram	1	CAST(INT_ADD((register, 0x2028, 4),MULTIEQUAL(0x0,INT_ADD(MULTIEQUAL(0x0,INT_ADD(MULTIEQUAL((register, 0x203c, 4),(register, 0x203c, 4)),0x1)),0x1))))		mem[ram:40003408]
decompiler	ram:0000293c	ram:00002960	sb a2,0x0(a4)	27	read	ram	1	ram:40003408	0x40003408	
decompiler	ram:00002966	ram:0000296e	sb zero,0x8(a5)	7	write	ram	1	ram:40008008	0x40008008	0x0
decompiler	ram:00002966	ram:00002976	sb a4,0xc(a5)	12	write	ram	1	ram:4000800c	0x4000800c	0xcc
decompiler	ram:00002966	ram:0000297a	sb a4,0xd(a5)	15	write	ram	1	ram:4000800d	0x4000800d	0xcc
decompiler	ram:00002966	ram:00002986	sh a4,0x10(a5)	24	write	ram	2	ram:40008010	0x40008010	mem[ram:20002f50]
decompiler	ram:00002966	ram:00002986	sh a4,0x10(a5)	24	read	ram	2	ram:20002f50	0x20002f50	
decompiler	ram:00002966	ram:00002992	sh a4,0x14(a5)	33	write	ram	2	ram:40008014	0x40008014	mem[ram:20002f54]
decompiler	ram:00002966	ram:00002992	sh a4,0x14(a5)	33	read	ram	2	ram:20002f54	0x20002f54	
decompiler	ram:00002966	ram:0000299e	sh a4,0x18(a5)	42	write	ram	2	ram:40008018	0x40008018	mem[ram:20002f58]
decompiler	ram:00002966	ram:0000299e	sh a4,0x18(a5)	42	read	ram	2	ram:20002f58	0x20002f58	
decompiler	ram:00002966	ram:000029aa	sh a4,0x1c(a5)	51	write	ram	2	ram:4000801c	0x4000801c	mem[ram:20002f5c]
decompiler	ram:00002966	ram:000029aa	sh a4,0x1c(a5)	51	read	ram	2	ram:20002f5c	0x20002f5c	
decompiler	ram:00002966	ram:000029b0	sb a3,0x22(a5)	56	write	ram	1	ram:40008022	0x40008022	0x2
decompiler	ram:00002966	ram:000029b6	sb a4,0x26(a5)	61	write	ram	1	ram:40008026	0x40008026	0x12
decompiler	ram:00002966	ram:000029ba	sb a4,0x2a(a5)	64	write	ram	1	ram:4000802a	0x4000802a	0x12
decompiler	ram:00002966	ram:000029be	sb a4,0x2e(a5)	67	write	ram	1	ram:4000802e	0x4000802e	0x12
decompiler	ram:00002966	ram:000029c2	sb a3,0x32(a5)	70	write	ram	1	ram:40008032	0x40008032	0x2
decompiler	ram:00002966	ram:000029c6	sb zero,0x3(a5)	73	write	ram	1	ram:40008003	0x40008003	0x0
decompiler	ram:00002966	ram:000029ce	sb a4,0x0(a5)	78	write	ram	1	ram:40008000	0x40008000	0x29
decompiler	ram:00002966	ram:000029de	sh a4,0x1a(a3)	89	write	ram	2	ram:4000101a	0x4000101a	INT_OR(mem[ram:4000101a],0xc0)
decompiler	ram:00002966	ram:000029e4	sb a4,0x6(a5)	94	write	ram	1	ram:40008006	0x40008006	0xff
decompiler	ram:00002966	ram:000029ec	sb a4,0x1(a5)	99	write	ram	1	ram:40008001	0x40008001	0x81
decompiler	ram:00002966	ram:000029f2	sb a4,0x2(a5)	104	write	ram	1	ram:40008002	0x40008002	0x7
decompiler	ram:000029f8	ram:00002a08	sb a4,0xc(a5)	12	write	ram	1	ram:4000800c	0x4000800c	INT_AND(mem[ram:4000800c],0x33)
decompiler	ram:000029f8	ram:00002a14	sb a4,0xd(a5)	21	write	ram	1	ram:4000800d	0x4000800d	INT_AND(mem[ram:4000800d],0x33)
decompiler	ram:000029f8	ram:00002a2c	sb a4,0x0(a5)	39	write	ram	1	ram:40008000	0x40008000	INT_OR(INT_AND(mem[ram:40008000],0xd6),0x4)
decompiler	ram:000029f8	ram:00002a40	sh a4,0x1a(a3)	56	write	ram	2	ram:4000101a	0x4000101a	INT_AND(mem[ram:4000101a],0xff3f)
decompiler	ram:000029f8	ram:00002a4c	sb a4,0x1(a5)	65	write	ram	1	ram:40008001	0x40008001	INT_AND(mem[ram:40008001],0x7e)
decompiler	ram:000029f8	ram:00002a58	sb a4,0x2(a5)	74	write	ram	1	ram:40008002	0x40008002	INT_AND(mem[ram:40008002],0xf8)
decompiler	ram:00002a5e	ram:00002a62	sb a0,0x24(a5)	4	write	ram	1	ram:40008024	0x40008024	(register, 0x2028, 1)
decompiler	ram:00002a5e	ram:00002a6e	sb a4,0x26(a5)	13	write	ram	1	ram:40008026	0x40008026	INT_AND(mem[ram:40008026],0xfc)
decompiler	ram:00002a74	ram:00002a78	sb a0,0x28(a5)	4	write	ram	1	ram:40008028	0x40008028	(register, 0x2028, 1)
decompiler	ram:00002a74	ram:00002a84	sb a4,0x2a(a5)	13	write	ram	1	ram:4000802a	0x4000802a	INT_AND(mem[ram:4000802a],0xfc)
decompiler	ram:00002a8a	ram:00002a8e	sb a0,0x2c(a5)	4	write	ram	1	ram:4000802c	0x4000802c	(register, 0x2028, 1)
decompiler	ram:00002a8a	ram:00002a9a	sb a4,0x2e(a5)	13	write	ram	1	ram:4000802e	0x4000802e	INT_AND(mem[ram:4000802e],0xfc)
decompiler	ram:00002aa0	ram:00002aa4	sb a0,0x30(a5)	4	write	ram	1	ram:40008030	0x40008030	(register, 0x2028, 1)
decompiler	ram:00002aa0	ram:00002ab0	sb a4,0x32(a5)	13	write	ram	1	ram:40008032	0x40008032	INT_AND(mem[ram:40008032],0xfc)
decompiler	ram:00002c6a	ram:00002cd0	sw s2,0x294(a5)	79	write	ram	4	ram:20002f60	0x20002f60	(register, 0x2028, 4)
decompiler	ram:00002cdc	ram:00002d12	sh a5,0x0(s0)	45	write	ram	2	(register, 0x202c, 4)		mem[ram:20002c6a]
decompiler	ram:00002cdc	ram:00002d12	sh a5,0x0(s0)	45	read	ram	2	ram:20002c6a	0x20002c6a	
decompiler	ram:00002d34	ram:00002d6a	sh a5,0x0(s0)	45	write	ram	2	(register, 0x202c, 4)		mem[ram:20002c9a]
decompiler	ram:00002d34	ram:00002d6a	sh a5,0x0(s0)	45	read	ram	2	ram:20002c9a	0x20002c9a	
decompiler	ram:00002dfe	ram:00002e08	lhu a2,0x0(a3)	9	read	ram	2	(register, 0x2034, 4)		
decompiler	ram:00002dfe	ram:00002e0c	c.lw a1,0xc(a1)	13	read	ram	4	CAST(INT_ADD((register, 0x202c, 4),0xc))		
decompiler	ram:00002dfe	ram:00002e0e	c.lw a5,0x4(a5)	15	read	ram	4	ram:20002f64	0x20002f64	
decompiler	ram:00002dfe	ram:00002e0e	c.lw a5,0x4(a5)	16	read	ram	4	CAST(INT_ADD(mem[ram:20002f64],0x4))		
decompiler	ram:00002dfe	ram:00002e18	lhu a2,0x0(s1)	26	read	ram	2	(register, 0x2024, 4)		
decompiler	ram:00002dfe	ram:00002e1c	c.j 0x00002dea	48	write	ram	4	ram:0004004c	0x4004c	mem[ram:0004004c]
decompiler	ram:00002dfe	ram:00002e1c	c.j 0x00002dea	48	read	ram	4	ram:0004004c	0x4004c	
decompiler	ram:00002dfe	ram:00002e1c	c.j 0x00002dea	51	write	ram	4	ram:20002f64	0x20002f64	mem[ram:20002f64]
decompiler	ram:00002dfe	ram:00002e1c	c.j 0x00002dea	51	read	ram	4	ram:20002f64	0x20002f64	
decompiler	ram:00003144	ram:0000314a	sw a0,-0x1d6(a5)	6	write	ram	4	ram:20002f70	0x20002f70	(register, 0x2028, 4)
decompiler	ram:0000322a	ram:00003250	c.lwsp ra,0xc(sp)	225	write	ram	4	ram:00040058	0x40058	mem[ram:00040058]
decompiler	ram:0000322a	ram:00003250	c.lwsp ra,0xc(sp)	225	read	ram	4	ram:00040058	0x40058	
decompiler	ram:0000322a	ram:00003250	c.lwsp ra,0xc(sp)	235	write	ram	4	ram:00040068	0x40068	mem[ram:00040068]
decompiler	ram:0000322a	ram:00003250	c.lwsp ra,0xc(sp)	235	read	ram	4	ram:00040068	0x40068	
decompiler	ram:0000322a	ram:00003250	c.lwsp ra,0xc(sp)	245	write	ram	4	ram:0004006c	0x4006c	mem[ram:0004006c]
decompiler	ram:0000322a	ram:00003250	c.lwsp ra,0xc(sp)	245	read	ram	4	ram:0004006c	0x4006c	
decompiler	ram:0000322a	ram:00003250	c.lwsp ra,0xc(sp)	255	write	ram	4	ram:000401ec	0x401ec	mem[ram:000401ec]
decompiler	ram:0000322a	ram:00003250	c.lwsp ra,0xc(sp)	255	read	ram	4	ram:000401ec	0x401ec	
decompiler	ram:0000322a	ram:00003250	c.lwsp ra,0xc(sp)	265	write	ram	1	ram:20002f74	0x20002f74	mem[ram:20002f74]
decompiler	ram:0000322a	ram:00003250	c.lwsp ra,0xc(sp)	265	read	ram	1	ram:20002f74	0x20002f74	
decompiler	ram:000032b6	ram:000032da	c.sw a4,0x10(a3)	33	write	ram	4	ram:e000f010	0xe000f010	0xfffffffe
decompiler	ram:000032b6	ram:000032de	c.sw a5,0x14(a3)	38	write	ram	4	ram:e000f014	0xe000f014	0xffffffff
decompiler	ram:000032b6	ram:000032e6	sw a4,0x100(a5)	47	write	ram	4	ram:e000e100	0xe000e100	0x1000
decompiler	ram:000032b6	ram:000032ee	c.sw a2,0x0(a3)	52	write	ram	4	ram:e000f000	0xe000f000	0x2f
decompiler	ram:000032b6	ram:000032f0	sw a4,0x180(a5)	55	write	ram	4	ram:e000e180	0xe000e180	0x1000
decompiler	ram:000032b6	ram:00003398	lbu a2,0x0(a2)	189	read	ram	1	PTRADD(PTRSUB((register, 0x2008, 4),0xffffffac),MULTIEQUAL(0x0,INT_ADD(MULTIEQUAL(0x0,INT_ADD(MULTIEQUAL(0x0,INT_ADD((register, 0x203c, 4),0x1)),0x1)),0x1)),0x1)		
decompiler	ram:000032b6	ram:000033a0	sb a2,0x19(a4)	197	write	ram	1	CAST(INT_ADD(CAST(MULTIEQUAL(COPY(PTRSUB((register, 0x2008, 4),0xffffffb4)),COPY(CAST(INT_ADD((unique, 0x1000004b, 4),0x1))))),0x1a))		LOAD(0x1a1,PTRADD(PTRSUB((register, 0x2008, 4),0xffffffac),MULTIEQUAL(0x0,INT_ADD(MULTIEQUAL((register, 0x203c, 4),(register, 0x203c, 4)),0x1)),0x1))
decompiler	ram:00003416	ram:0000342e	c.sw a0,0x34(a5)	18	write	ram	4	ram:40001034	0x40001034	(register, 0x2028, 4)
decompiler	ram:00003416	ram:00003430	sb zero,0x40(a5)	21	write	ram	1	ram:40001040	0x40001040	0x0
decompiler	ram:00003416	ram:00003438	sw zero,-0x4bc(a5)	26	write	ram	4	ram:20002f78	0x20002f78	0x0
decompiler	ram:0000343e	ram:0000347e	sb zero,0x40(a5)	51	write	ram	1	ram:40001040	0x40001040	0x0
decompiler	ram:0000354a	ram:0000356a	sb a4,0xe(a5)	24	write	ram	1	ram:4000100e	0x4000100e	INT_OR(mem[ram:4000100e],0x8)
decompiler	ram:0000354a	ram:00003582	sb a4,0x31(a5)	43	write	ram	1	ram:40001031	0x40001031	INT_OR(mem[ram:40001031],0x20)
decompiler	ram:0000354a	ram:00003586	sb zero,0x40(a5)	46	write	ram	1	ram:40001040	0x40001040	0x0
decompiler	ram:0000354a	ram:00003592	sw a4,0x100(a5)	53	write	ram	4	ram:e000e100	0xe000e100	0x10000000
decompiler	ram:0000359a	ram:0000359a	sb zero,0x214(a0)	2	write	ram	1	CAST(INT_ADD((register, 0x2028, 4),0x214))		0x0
decompiler	ram:0000359a	ram:0000359e	sb zero,0x208(a0)	5	write	ram	1	CAST(INT_ADD((register, 0x2028, 4),0x208))		0x0
decompiler	ram:0000359a	ram:000035a2	sw zero,0x20c(a0)	8	write	ram	4	CAST(INT_ADD((register, 0x2028, 4),0x20c))		0x0
decompiler	ram:000035a8	ram:000035a8	lbu a5,0x0(a1)	2	read	ram	1	(register, 0x202c, 4)		
decompiler	ram:000035a8	ram:000035ac	lbu a4,0x1(a1)	6	read	ram	1	PTRADD((register, 0x202c, 4),0x1,0x1)		
decompiler	ram:000035a8	ram:000035c2	sb a4,0x0(a2)	21	write	ram	1	(register, 0x2030, 4)		0xaa
decompiler	ram:000035a8	ram:000035c6	sb a5,0x1(a2)	24	write	ram	1	PTRADD((register, 0x2030, 4),0x1,0x1)		INT_OR(INT_LEFT(LOAD(0x1a1,(register, 0x202c, 4)),0x4),INT_AND(LOAD(0x1a1,PTRADD((register, 0x202c, 4),0x1,0x1)),0xf))
decompiler	ram:000035a8	ram:000035d2	lbu a4,0x2(a1)	31	read	ram	1	PTRADD((register, 0x202c, 4),0x2,0x1)		
decompiler	ram:000035a8	ram:000035da	sb a4,0x0(a3)	37	write	ram	1	MULTIEQUAL(PTRADD((register, 0x2030, 4),0x2,0x1),PTRADD((register, 0x2030, 4),0x3,0x1))		LOAD(0x1a1,PTRADD((register, 0x202c, 4),0x2,0x1))
decompiler	ram:000035a8	ram:000035e6	lbu a3,0x2(a1)	44	read	ram	1	PTRADD((register, 0x202c, 4),0x2,0x1)		
decompiler	ram:000035a8	ram:000035fa	lhu a6,0x2(a1)	57	read	ram	2	CAST(PTRADD((register, 0x202c, 4),0x2,0x1))		
decompiler	ram:000035a8	ram:0000360a	lbu a6,0x4(a6)	66	read	ram	1	PTRADD((register, 0x202c, 4),INT_ADD(MULTIEQUAL(0x0,INT_AND(INT_ADD(MULTIEQUAL(0x0,INT_AND((register, 0x2034, 4),0xff)),0x1),0xff)),0x4),0x1)		
decompiler	ram:000035a8	ram:00003610	sb a6,0x0(a4)	71	write	ram	1	MULTIEQUAL(COPY(MULTIEQUAL(PTRADD(MULTIEQUAL(PTRADD((register, 0x2030, 4),0x2,0x1),PTRADD((register, 0x2030, 4),0x3,0x1)),0x1,0x1),PTRADD(MULTIEQUAL(PTRADD((register, 0x2030, 4),0x2,0x1),PTRADD((register, 0x2030, 4),0x3,0x1)),0x2,0x1))),COPY(MULTIEQUAL(PTRADD(MULTIEQUAL(COPY(MULTIEQUAL((register, 0x2038, 4),(register, 0x2038, 4))),COPY(MULTIEQUAL((register, 0x2028, 4),(register, 0x2028, 4)))),0x1,0x1),PTRADD(MULTIEQUAL(COPY(MULTIEQUAL((register, 0x2038, 4),(register, 0x2038, 4))),COPY(MULTIEQUAL((register, ...[truncated])		LOAD(0x1a1,PTRADD((register, 0x202c, 4),INT_ADD(MULTIEQUAL(0x0,INT_AND((register, 0x2034, 4),0xff)),0x4),0x1))
decompiler	ram:000035a8	ram:00003620	sb t1,0x1(a4)	80	write	ram	1	PTRADD(MULTIEQUAL(COPY(MULTIEQUAL(PTRADD(MULTIEQUAL(PTRADD((register, 0x2030, 4),0x2,0x1),PTRADD((register, 0x2030, 4),0x3,0x1)),0x1,0x1),PTRADD(MULTIEQUAL(PTRADD((register, 0x2030, 4),0x2,0x1),PTRADD((register, 0x2030, 4),0x3,0x1)),0x2,0x1))),COPY(MULTIEQUAL(PTRADD(MULTIEQUAL(COPY((register, 0x2038, 4)),COPY((register, 0x2028, 4))),0x1,0x1),PTRADD(MULTIEQUAL(COPY((register, 0x2038, 4)),COPY((register, 0x2028, 4))),0x2,0x1)))),0x1,0x1)		0xaa
decompiler	ram:000035a8	ram:00003632	sb a4,0x2(a2)	115	write	ram	1	PTRADD((register, 0x2030, 4),0x2,0x1)		0xaa
decompiler	ram:000035a8	ram:00003640	sb a0,0x1(a3)	109	write	ram	1	PTRADD(MULTIEQUAL(PTRADD((register, 0x2030, 4),0x2,0x1),PTRADD((register, 0x2030, 4),0x3,0x1)),0x1,0x1)		0xaa
decompiler	ram:000035a8	ram:00003646	sb a5,0x0(a4)	89	write	ram	1	MULTIEQUAL(COPY(MULTIEQUAL(PTRADD(MULTIEQUAL(PTRADD((register, 0x2030, 4),0x2,0x1),PTRADD((register, 0x2030, 4),0x3,0x1)),0x1,0x1),PTRADD(MULTIEQUAL(PTRADD((register, 0x2030, 4),0x2,0x1),PTRADD((register, 0x2030, 4),0x3,0x1)),0x2,0x1))),COPY(MULTIEQUAL(PTRADD(MULTIEQUAL(COPY(MULTIEQUAL((register, 0x2038, 4),(register, 0x2038, 4))),COPY(MULTIEQUAL((register, 0x2028, 4),(register, 0x2028, 4)))),0x1,0x1),PTRADD(MULTIEQUAL(COPY(MULTIEQUAL((register, 0x2038, 4),(register, 0x2038, 4))),COPY(MULTIEQUAL((register, ...[truncated])		MULTIEQUAL(INT_ADD(INT_OR(INT_LEFT(LOAD(0x1a1,(register, 0x202c, 4)),0x4),INT_AND(LOAD(0x1a1,(unique, 0x5300, 4)),0xf)),LOAD(0x1a1,PTRADD((register, 0x202c, 4),0x2,0x1))),INT_ADD(MULTIEQUAL(INT_ADD(INT_OR((register, 0x203c, 1),(register, 0x2038, 1)),LOAD(0x1a1,(unique, 0x5300, 4))),INT_ADD(MULTIEQUAL((register, 0x203c, 1),(register, 0x203c, 1)),LOAD(0x1a1,(unique, 0x5300, 4)))),LOAD(0x1a1,PTRADD((register, 0x202c, 4),INT_ADD((register, 0x2034, 4),0x4),0x1))))
decompiler	ram:000035a8	ram:0000365a	sb a5,0x1(a4)	100	write	ram	1	PTRADD(MULTIEQUAL(COPY(MULTIEQUAL(PTRADD(MULTIEQUAL(PTRADD((register, 0x2030, 4),0x2,0x1),PTRADD((register, 0x2030, 4),0x3,0x1)),0x1,0x1),PTRADD(MULTIEQUAL(PTRADD((register, 0x2030, 4),0x2,0x1),PTRADD((register, 0x2030, 4),0x3,0x1)),0x2,0x1))),COPY(MULTIEQUAL(PTRADD(MULTIEQUAL(COPY((register, 0x2038, 4)),COPY((register, 0x2028, 4))),0x1,0x1),PTRADD(MULTIEQUAL(COPY((register, 0x2038, 4)),COPY((register, 0x2028, 4))),0x2,0x1)))),0x1,0x1)		0xaa
decompiler	ram:00003662	ram:00003668	lbu a4,0x214(a0)	5	read	ram	1	PTRADD((register, 0x2028, 4),0x214,0x1)		
decompiler	ram:00003662	ram:00003676	sb a4,0x214(a0)	15	write	ram	1	PTRADD((register, 0x2028, 4),0x214,0x1)		INT_ADD(LOAD(0x1a1,PTRADD((register, 0x2028, 4),0x214,0x1)),0x1)
decompiler	ram:00003662	ram:00003686	sb zero,0x214(a0)	52	write	ram	1	PTRADD((register, 0x2028, 4),0x214,0x1)		0x0
decompiler	ram:00003662	ram:0000368e	sb a4,0x1(a5)	57	write	ram	1	PTRADD((register, 0x2028, 4),0x1,0x1)		INT_AND(SUBPIECE((register, 0x202c, 4),0x0),0xf)
decompiler	ram:00003662	ram:00003696	sb a4,0x0(a5)	62	write	ram	1	(register, 0x2028, 4)		SUBPIECE(INT_RIGHT((register, 0x202c, 4),0x4),0x0)
decompiler	ram:00003662	ram:0000369a	sb a1,0x211(a5)	65	write	ram	1	PTRADD((register, 0x2028, 4),0x211,0x1)		SUBPIECE((register, 0x202c, 4),0x0)
decompiler	ram:00003662	ram:000036a0	sw a4,0x20c(a5)	70	write	ram	4	CAST(PTRADD((register, 0x2028, 4),0x20c,0x1))		MULTIEQUAL(0x4,0x7,0x6)
decompiler	ram:00003662	ram:000036a6	lw a4,0x20c(a5)	25	read	ram	4	CAST(PTRADD((register, 0x2028, 4),0x20c,0x1))		
decompiler	ram:00003662	ram:000036c4	sw zero,0x20c(a5)	44	write	ram	4	CAST(PTRADD((register, 0x2028, 4),0x20c,0x1))		0x0
decompiler	ram:00003662	ram:000036ca	lbu a4,0x211(a5)	126	read	ram	1	PTRADD((register, 0x2028, 4),0x211,0x1)		
decompiler	ram:00003662	ram:000036ce	sh a1,0x2(a5)	130	write	ram	2	CAST(PTRADD((register, 0x2028, 4),0x2,0x1))		SUBPIECE((register, 0x202c, 4),0x0)
decompiler	ram:00003662	ram:000036d2	sb zero,0x210(a5)	133	write	ram	1	PTRADD((register, 0x2028, 4),0x210,0x1)		0x0
decompiler	ram:00003662	ram:000036d8	sb a1,0x211(a5)	137	write	ram	1	PTRADD((register, 0x2028, 4),0x211,0x1)		INT_ADD(SUBPIECE((register, 0x202c, 4),0x0),LOAD(0x1a1,PTRADD((register, 0x2028, 4),0x211,0x1)))
decompiler	ram:00003662	ram:000036e0	lbu a4,0x210(a5)	92	read	ram	1	PTRADD((register, 0x2028, 4),0x210,0x1)		
decompiler	ram:00003662	ram:000036e8	sb a1,0x4(a3)	97	write	ram	1	PTRADD((register, 0x2028, 4),INT_ADD(INT_ZEXT(LOAD(0x1a1,PTRADD((register, 0x2028, 4),0x210,0x1))),0x4),0x1)		SUBPIECE((register, 0x202c, 4),0x0)
decompiler	ram:00003662	ram:000036ec	lbu a3,0x211(a5)	100	read	ram	1	PTRADD((register, 0x2028, 4),0x211,0x1)		
decompiler	ram:00003662	ram:000036f8	lhu a3,0x2(a5)	109	read	ram	2	CAST(PTRADD((register, 0x2028, 4),0x2,0x1))		
decompiler	ram:00003662	ram:000036fc	sb a1,0x211(a5)	113	write	ram	1	PTRADD((register, 0x2028, 4),0x211,0x1)		INT_ADD(SUBPIECE((register, 0x202c, 4),0x0),LOAD(0x1a1,PTRADD((register, 0x2028, 4),0x211,0x1)))
decompiler	ram:00003662	ram:00003700	sb a4,0x210(a5)	116	write	ram	1	PTRADD((register, 0x2028, 4),0x210,0x1)		SUBPIECE(INT_ADD(INT_ZEXT(LOAD(0x1a1,PTRADD((register, 0x2028, 4),0x210,0x1))),0x1),0x0)
decompiler	ram:00003662	ram:0000370c	lbu a4,0x211(a5)	74	read	ram	1	PTRADD((register, 0x2028, 4),0x211,0x1)		
decompiler	ram:00003662	ram:00003718	sb a4,0x208(a5)	84	write	ram	1	PTRADD((register, 0x2028, 4),0x208,0x1)		0x1
decompiler	ram:00003662	ram:0000371e	sw zero,0x20c(a5)	88	write	ram	4	CAST(PTRADD((register, 0x2028, 4),0x20c,0x1))		0x0
decompiler	ram:00003724	ram:00003736	sw a4,-0x7ae(a3)	15	write	ram	4	ram:20002f84	0x20002f84	INT_ADD(mem[ram:20002f84],0x1)
decompiler	ram:00003724	ram:00003740	sb a3,-0x7bd(a4)	22	write	ram	1	ram:20002f7f	0x20002f7f	0x1
decompiler	ram:00003724	ram:00003750	sb a3,-0x7ce(a4)	37	write	ram	1	ram:20002f7e	0x20002f7e	0x1
decompiler	ram:00003724	ram:00003766	sb a4,-0x7e5(a3)	56	write	ram	1	ram:20002f7d	0x20002f7d	0x1
decompiler	ram:00003724	ram:0000377c	sb a4,-0x7f8(a3)	75	write	ram	1	ram:20002f80	0x20002f80	0x1
decompiler	ram:00003724	ram:00003792	sb a5,0x7ee(a4)	94	write	ram	1	ram:20002f7c	0x20002f7c	0x1
decompiler	ram:00003798	ram:000037a2	c.beqz a5,0x000037ae	8	read	ram	1	ram:20002f7f	0x20002f7f	
decompiler	ram:00003798	ram:000037a8	sb zero,0x7db(a5)	14	write	ram	1	ram:20002f7f	0x20002f7f	0x0
decompiler	ram:000037b0	ram:000037ba	c.beqz a5,0x000037c6	8	read	ram	1	ram:20002f7e	0x20002f7e	
decompiler	ram:000037b0	ram:000037c0	sb zero,0x7c2(a5)	14	write	ram	1	ram:20002f7e	0x20002f7e	0x0
decompiler	ram:000037c8	ram:000037d2	c.beqz a5,0x000037de	8	read	ram	1	ram:20002f7d	0x20002f7d	
decompiler	ram:000037c8	ram:000037d8	sb zero,0x7a9(a5)	14	write	ram	1	ram:20002f7d	0x20002f7d	0x0
decompiler	ram:000037e0	ram:000037ea	c.beqz a5,0x000037f6	8	read	ram	1	ram:20002f80	0x20002f80	
decompiler	ram:000037e0	ram:000037f0	sb zero,0x794(a5)	14	write	ram	1	ram:20002f80	0x20002f80	0x0
decompiler	ram:000037f8	ram:00003802	c.beqz a5,0x0000380e	8	read	ram	1	ram:20002f7c	0x20002f7c	
decompiler	ram:000037f8	ram:00003808	sb zero,0x778(a5)	14	write	ram	1	ram:20002f7c	0x20002f7c	0x0
decompiler	ram:00003810	ram:00003838	sh a4,0x430(a5)	30	write	ram	2	ram:20003e80	0x20003e80	0x0
decompiler	ram:00003810	ram:0000383e	sh s0,0x432(a5)	35	write	ram	2	ram:20003e82	0x20003e82	SUBPIECE((register, 0x202c, 4),0x0)
decompiler	ram:00003810	ram:00003842	sb a4,0x638(a5)	38	write	ram	1	ram:20004088	0x20004088	0x1
decompiler	ram:0000388a	ram:000038d4	sh a5,0x7cc(a4)	1479	write	ram	2	ram:2000409e	0x2000409e	mem[ram:2000409c]
decompiler	ram:0000388a	ram:000038d4	sh a5,0x7cc(a4)	1479	read	ram	4	ram:2000409c	0x2000409c	
decompiler	ram:0000388a	ram:000038d4	sh a5,0x7cc(a4)	1480	write	ram	4	ram:2000409c	0x2000409c	mem[ram:2000409e]
decompiler	ram:0000388a	ram:000038d4	sh a5,0x7cc(a4)	1480	read	ram	2	ram:2000409e	0x2000409e	
decompiler	ram:0000388a	ram:000038f0	lw ra,0x13c(sp)	1124	write	ram	4	ram:0004003c	0x4003c	mem[ram:0004003c]
decompiler	ram:0000388a	ram:000038f0	lw ra,0x13c(sp)	1124	read	ram	4	ram:0004003c	0x4003c	
decompiler	ram:0000388a	ram:000038f0	lw ra,0x13c(sp)	1156	write	ram	4	ram:00040048	0x40048	mem[ram:00040048]
decompiler	ram:0000388a	ram:000038f0	lw ra,0x13c(sp)	1156	read	ram	4	ram:00040048	0x40048	
decompiler	ram:0000388a	ram:000038f0	lw ra,0x13c(sp)	1188	write	ram	4	ram:0004004c	0x4004c	mem[ram:0004004c]
decompiler	ram:0000388a	ram:000038f0	lw ra,0x13c(sp)	1188	read	ram	4	ram:0004004c	0x4004c	
decompiler	ram:0000388a	ram:000038f0	lw ra,0x13c(sp)	1220	write	ram	4	ram:00040174	0x40174	mem[ram:00040174]
decompiler	ram:0000388a	ram:000038f0	lw ra,0x13c(sp)	1220	read	ram	4	ram:00040174	0x40174	
decompiler	ram:0000388a	ram:000038f0	lw ra,0x13c(sp)	1252	write	ram	1	ram:20002f89	0x20002f89	mem[ram:20002f89]
decompiler	ram:0000388a	ram:000038f0	lw ra,0x13c(sp)	1252	read	ram	1	ram:20002f89	0x20002f89	
decompiler	ram:0000388a	ram:000038f0	lw ra,0x13c(sp)	1284	write	ram	1	ram:20002f8a	0x20002f8a	mem[ram:20002f8a]
decompiler	ram:0000388a	ram:000038f0	lw ra,0x13c(sp)	1284	read	ram	1	ram:20002f8a	0x20002f8a	
decompiler	ram:0000388a	ram:000038f0	lw ra,0x13c(sp)	1313	write	ram	1	ram:20002fb4	0x20002fb4	mem[ram:20002fb4]
decompiler	ram:0000388a	ram:000038f0	lw ra,0x13c(sp)	1313	read	ram	1	ram:20002fb4	0x20002fb4	
decompiler	ram:0000388a	ram:000038f0	lw ra,0x13c(sp)	1348	write	ram	2	ram:20002fb6	0x20002fb6	mem[ram:20002fb6]
decompiler	ram:0000388a	ram:000038f0	lw ra,0x13c(sp)	1348	read	ram	2	ram:20002fb6	0x20002fb6	
decompiler	ram:0000388a	ram:000038f0	lw ra,0x13c(sp)	1380	write	ram	4	ram:20002fb8	0x20002fb8	mem[ram:20002fb8]
decompiler	ram:0000388a	ram:000038f0	lw ra,0x13c(sp)	1380	read	ram	4	ram:20002fb8	0x20002fb8	
decompiler	ram:0000388a	ram:000038f0	lw ra,0x13c(sp)	1412	write	ram	1	ram:20003a48	0x20003a48	mem[ram:20003a48]
decompiler	ram:0000388a	ram:000038f0	lw ra,0x13c(sp)	1412	read	ram	1	ram:20003a48	0x20003a48	
decompiler	ram:0000388a	ram:000038f0	lw ra,0x13c(sp)	1444	write	ram	2	ram:20004098	0x20004098	mem[ram:20004098]
decompiler	ram:0000388a	ram:000038f0	lw ra,0x13c(sp)	1444	read	ram	2	ram:20004098	0x20004098	
decompiler	ram:0000388a	ram:000038f0	lw ra,0x13c(sp)	1476	write	ram	2	ram:2000409a	0x2000409a	mem[ram:2000409a]
decompiler	ram:0000388a	ram:000038f0	lw ra,0x13c(sp)	1476	read	ram	2	ram:2000409a	0x2000409a	
decompiler	ram:0000388a	ram:000038f0	lw ra,0x13c(sp)	1526	write	ram	4	ram:2000409c	0x2000409c	mem[ram:2000409c]
decompiler	ram:0000388a	ram:000038f0	lw ra,0x13c(sp)	1526	read	ram	4	ram:2000409c	0x2000409c	
decompiler	ram:0000388a	ram:000038f0	lw ra,0x13c(sp)	1560	write	ram	4	ram:200040a0	0x200040a0	mem[ram:200040a0]
decompiler	ram:0000388a	ram:000038f0	lw ra,0x13c(sp)	1560	read	ram	4	ram:200040a0	0x200040a0	
decompiler	ram:0000388a	ram:000038f0	lw ra,0x13c(sp)	1592	write	ram	4	ram:200040a4	0x200040a4	mem[ram:200040a4]
decompiler	ram:0000388a	ram:000038f0	lw ra,0x13c(sp)	1592	read	ram	4	ram:200040a4	0x200040a4	
decompiler	ram:0000388a	ram:000038f0	lw ra,0x13c(sp)	1624	write	ram	4	ram:200040a8	0x200040a8	mem[ram:200040a8]
decompiler	ram:0000388a	ram:000038f0	lw ra,0x13c(sp)	1624	read	ram	4	ram:200040a8	0x200040a8	
decompiler	ram:0000388a	ram:000038f0	lw ra,0x13c(sp)	1656	write	ram	4	ram:200040ac	0x200040ac	mem[ram:200040ac]
decompiler	ram:0000388a	ram:000038f0	lw ra,0x13c(sp)	1656	read	ram	4	ram:200040ac	0x200040ac	
decompiler	ram:0000388a	ram:000038f0	lw ra,0x13c(sp)	1688	write	ram	4	ram:200040b0	0x200040b0	mem[ram:200040b0]
decompiler	ram:0000388a	ram:000038f0	lw ra,0x13c(sp)	1688	read	ram	4	ram:200040b0	0x200040b0	
decompiler	ram:0000388a	ram:000038f0	lw ra,0x13c(sp)	1720	write	ram	4	ram:200040b4	0x200040b4	mem[ram:200040b4]
decompiler	ram:0000388a	ram:000038f0	lw ra,0x13c(sp)	1720	read	ram	4	ram:200040b4	0x200040b4	
decompiler	ram:0000388a	ram:000038f0	lw ra,0x13c(sp)	1752	write	ram	2	ram:200040b8	0x200040b8	mem[ram:200040b8]
decompiler	ram:0000388a	ram:000038f0	lw ra,0x13c(sp)	1752	read	ram	2	ram:200040b8	0x200040b8	
decompiler	ram:0000388a	ram:000038f0	lw ra,0x13c(sp)	1784	write	ram	1	ram:200040ba	0x200040ba	mem[ram:200040ba]
decompiler	ram:0000388a	ram:000038f0	lw ra,0x13c(sp)	1784	read	ram	1	ram:200040ba	0x200040ba	
decompiler	ram:0000388a	ram:000038f0	lw ra,0x13c(sp)	1816	write	ram	2	ram:2000419c	0x2000419c	mem[ram:2000419c]
decompiler	ram:0000388a	ram:000038f0	lw ra,0x13c(sp)	1816	read	ram	2	ram:2000419c	0x2000419c	
decompiler	ram:0000388a	ram:000038f0	lw ra,0x13c(sp)	1848	write	ram	1	ram:200041a0	0x200041a0	mem[ram:200041a0]
decompiler	ram:0000388a	ram:000038f0	lw ra,0x13c(sp)	1848	read	ram	1	ram:200041a0	0x200041a0	
decompiler	ram:0000388a	ram:000038f0	lw ra,0x13c(sp)	1880	write	ram	1	ram:200041a1	0x200041a1	mem[ram:200041a1]
decompiler	ram:0000388a	ram:000038f0	lw ra,0x13c(sp)	1880	read	ram	1	ram:200041a1	0x200041a1	
decompiler	ram:0000388a	ram:000038f0	lw ra,0x13c(sp)	1912	write	ram	1	ram:200041a2	0x200041a2	mem[ram:200041a2]
decompiler	ram:0000388a	ram:000038f0	lw ra,0x13c(sp)	1912	read	ram	1	ram:200041a2	0x200041a2	
decompiler	ram:0000388a	ram:000038f0	lw ra,0x13c(sp)	1944	write	ram	1	ram:200041a3	0x200041a3	mem[ram:200041a3]
decompiler	ram:0000388a	ram:000038f0	lw ra,0x13c(sp)	1944	read	ram	1	ram:200041a3	0x200041a3	
decompiler	ram:0000388a	ram:000038f0	lw ra,0x13c(sp)	1976	write	ram	1	ram:200041a4	0x200041a4	mem[ram:200041a4]
decompiler	ram:0000388a	ram:000038f0	lw ra,0x13c(sp)	1976	read	ram	1	ram:200041a4	0x200041a4	
decompiler	ram:0000388a	ram:000038f0	lw ra,0x13c(sp)	2008	write	ram	1	ram:200041a5	0x200041a5	mem[ram:200041a5]
decompiler	ram:0000388a	ram:000038f0	lw ra,0x13c(sp)	2008	read	ram	1	ram:200041a5	0x200041a5	
decompiler	ram:0000388a	ram:00003908	beq s0,a5,0x00003bd4	2170	write	ram	2	ram:2000409e	0x2000409e	mem[ram:2000409c]
decompiler	ram:0000388a	ram:00003908	beq s0,a5,0x00003bd4	2170	read	ram	4	ram:2000409c	0x2000409c	
decompiler	ram:0000388a	ram:00003920	bne a4,a5,0x000038f0	310	read	ram	1	ram:200041a1	0x200041a1	
decompiler	ram:0000388a	ram:0000392c	sh a5,0x774(a4)	1482	write	ram	4	ram:2000409c	0x2000409c	mem[ram:2000409e]
decompiler	ram:0000388a	ram:0000392c	sh a5,0x774(a4)	1482	read	ram	2	ram:2000409e	0x2000409e	
decompiler	ram:0000388a	ram:00003934	lbu a4,-0x78d(a4)	324	read	ram	1	ram:200041a3	0x200041a3	
decompiler	ram:0000388a	ram:0000393c	lbu a5,-0x796(a5)	330	read	ram	1	ram:200041a2	0x200041a2	
decompiler	ram:0000388a	ram:00003946	lbu a4,-0x79e(a4)	337	read	ram	1	ram:200041a4	0x200041a4	
decompiler	ram:0000388a	ram:00003950	lbu a4,-0x7a7(a4)	344	read	ram	1	ram:200041a5	0x200041a5	
decompiler	ram:0000388a	ram:00003a0c	sb a0,0x695(a5)	1487	write	ram	2	ram:2000409c	0x2000409c	SUBPIECE(CALL(0x3dc787931fffe797),0x0)
decompiler	ram:0000388a	ram:00003a18	sb a5,0x68a(a4)	1491	write	ram	3	ram:2000409c	0x2000409c	SUBPIECE(INT_RIGHT(CAST(CALL(0x3dc787931fffe797)),0x8),0x0)
decompiler	ram:0000388a	ram:00003a18	sb a5,0x68a(a4)	1491	read	ram	2	ram:2000409c	0x2000409c	
decompiler	ram:0000388a	ram:00003a26	sb a5,0x67d(a4)	1494	write	ram	4	ram:2000409c	0x2000409c	SUBPIECE(INT_RIGHT(CAST(CALL(0x3dc787931fffe797)),0x10),0x0)
decompiler	ram:0000388a	ram:00003a26	sb a5,0x67d(a4)	1494	read	ram	3	ram:2000409c	0x2000409c	
decompiler	ram:0000388a	ram:00003a2e	sb a0,0x676(a5)	1527	write	ram	3	ram:200040a1	0x200040a1	mem[ram:200040a0]
decompiler	ram:0000388a	ram:00003a2e	sb a0,0x676(a5)	1527	read	ram	4	ram:200040a0	0x200040a0	
decompiler	ram:0000388a	ram:00003a2e	sb a0,0x676(a5)	1528	write	ram	4	ram:200040a0	0x200040a0	mem[ram:200040a1]
decompiler	ram:0000388a	ram:00003a2e	sb a0,0x676(a5)	1528	read	ram	3	ram:200040a1	0x200040a1	
decompiler	ram:0000388a	ram:00003a7c	sb a5,0x511(a4)	119	write	ram	1	ram:20002f89	0x20002f89	mem[ram:200041a1]
decompiler	ram:0000388a	ram:00003a7c	sb a5,0x511(a4)	119	read	ram	1	ram:200041a1	0x200041a1	
decompiler	ram:0000388a	ram:00003a82	bne a5,a4,0x00003ab4	122	read	ram	1	ram:200041a1	0x200041a1	
decompiler	ram:0000388a	ram:00003a94	bne a5,a4,0x00003ad0	134	read	ram	1	ram:20002f89	0x20002f89	
decompiler	ram:0000388a	ram:00003abe	c.bnez a5,0x00003a8a	1091	read	ram	1	ram:200041a1	0x200041a1	
decompiler	ram:0000388a	ram:00003abe	c.bnez a5,0x00003a8a	1092	read	ram	1	ram:20003a48	0x20003a48	
decompiler	ram:0000388a	ram:00003ac8	c.beqz a5,0x00003a8a	178	read	ram	1	ram:20002f8a	0x20002f8a	
decompiler	ram:0000388a	ram:00003ad0	c.bnez a5,0x00003aae	155	read	ram	1	ram:20002f89	0x20002f89	
decompiler	ram:0000388a	ram:00003ae6	bne a4,a5,0x00003b28	592	read	ram	1	ram:200041a1	0x200041a1	
decompiler	ram:0000388a	ram:00003af0	sb a5,0x49e(a4)	600	write	ram	1	ram:20002f8a	0x20002f8a	0x1
decompiler	ram:0000388a	ram:00003afc	c.bnez a5,0x00003b02	607	read	ram	1	ram:20003a48	0x20003a48	
decompiler	ram:0000388a	ram:00003b1e	sb zero,0x46f(a5)	633	write	ram	1	ram:20002f89	0x20002f89	0x0
decompiler	ram:0000388a	ram:00003b2c	sb zero,0x462(a5)	641	write	ram	1	ram:20002f8a	0x20002f8a	0x0
decompiler	ram:0000388a	ram:00003b46	sw a5,0x55a(a3)	238	write	ram	4	ram:2000409c	0x2000409c	0x33504de1
decompiler	ram:0000388a	ram:00003b56	sw a5,0x54e(a3)	247	write	ram	4	ram:200040a0	0x200040a0	0x423530
decompiler	ram:0000388a	ram:00003b6a	sw a3,0x53e(a2)	258	write	ram	4	ram:200040a4	0x200040a4	0x66000100
decompiler	ram:0000388a	ram:00003b76	sw a4,0x53e(a3)	265	write	ram	4	ram:200040b0	0x200040b0	0x33504d0f
decompiler	ram:0000388a	ram:00003b7e	sw a5,0x53a(a4)	270	write	ram	4	ram:200040b4	0x200040b4	0x423530
decompiler	ram:0000388a	ram:00003b86	sh zero,0x536(a5)	275	write	ram	2	ram:200040b8	0x200040b8	0x0
decompiler	ram:0000388a	ram:00003b8e	sb zero,0x530(a5)	280	write	ram	1	ram:200040ba	0x200040ba	0x0
decompiler	ram:0000388a	ram:00003b96	sw s2,0x516(a3)	285	write	ram	4	ram:200040a8	0x200040a8	0x100
decompiler	ram:0000388a	ram:00003b9e	sw s2,0x512(a3)	290	write	ram	4	ram:200040ac	0x200040ac	0x100
decompiler	ram:0000388a	ram:00003bb2	bne a5,a4,0x00003bc2	564	read	ram	1	ram:200041a1	0x200041a1	
decompiler	ram:0000388a	ram:00003bc6	bne a5,a4,0x000038f0	576	read	ram	1	ram:200041a1	0x200041a1	
decompiler	ram:0000388a	ram:00003be0	bne a4,a5,0x000038f0	521	read	ram	1	ram:200041a1	0x200041a1	
decompiler	ram:0000388a	ram:00003bec	sh a5,0x4b4(a4)	1484	write	ram	4	ram:2000409c	0x2000409c	mem[ram:2000409e]
decompiler	ram:0000388a	ram:00003bec	sh a5,0x4b4(a4)	1484	read	ram	2	ram:2000409e	0x2000409e	
decompiler	ram:0000388a	ram:00003bfe	beq a3,a4,0x00003a34	541	read	ram	4	ram:20002fb8	0x20002fb8	
decompiler	ram:0000388a	ram:00003c06	sw a4,0x3b6(a5)	547	write	ram	4	ram:20002fb8	0x20002fb8	0x1
decompiler	ram:0000388a	ram:00003c12	sh a5,0x3a8(a4)	554	write	ram	2	ram:20002fb6	0x20002fb6	0x64
decompiler	ram:00003c48	ram:00003c84	sh a4,0xf0(a3)	39	write	ram	2	ram:20003d70	0x20003d70	0xf5
decompiler	ram:00003c48	ram:00003c90	sh a4,0xe6(a3)	48	write	ram	2	ram:20003d72	0x20003d72	mem[ram:20003c6e]
decompiler	ram:00003c48	ram:00003c90	sh a4,0xe6(a3)	48	read	ram	2	ram:20003c6e	0x20003c6e	
decompiler	ram:00003c48	ram:00003c9c	sh a4,0xdc(a3)	57	write	ram	2	ram:20003d74	0x20003d74	mem[ram:20003c70]
decompiler	ram:00003c48	ram:00003c9c	sh a4,0xdc(a3)	57	read	ram	2	ram:20003c70	0x20003c70	
decompiler	ram:00003c48	ram:00003ca6	sb a4,0xd4(a3)	64	write	ram	1	ram:20003d76	0x20003d76	0x1
decompiler	ram:00003c48	ram:00003ce4	lw ra,0x10c(sp)	203	write	ram	2	ram:20003c68	0x20003c68	mem[ram:20003c68]
decompiler	ram:00003c48	ram:00003ce4	lw ra,0x10c(sp)	203	read	ram	2	ram:20003c68	0x20003c68	
decompiler	ram:00003c48	ram:00003ce4	lw ra,0x10c(sp)	208	write	ram	1	ram:20003c6c	0x20003c6c	mem[ram:20003c6c]
decompiler	ram:00003c48	ram:00003ce4	lw ra,0x10c(sp)	208	read	ram	1	ram:20003c6c	0x20003c6c	
decompiler	ram:00003c48	ram:00003ce4	lw ra,0x10c(sp)	213	write	ram	2	ram:20003c6e	0x20003c6e	mem[ram:20003c6e]
decompiler	ram:00003c48	ram:00003ce4	lw ra,0x10c(sp)	213	read	ram	2	ram:20003c6e	0x20003c6e	
decompiler	ram:00003c48	ram:00003ce4	lw ra,0x10c(sp)	218	write	ram	2	ram:20003c70	0x20003c70	mem[ram:20003c70]
decompiler	ram:00003c48	ram:00003ce4	lw ra,0x10c(sp)	218	read	ram	2	ram:20003c70	0x20003c70	
decompiler	ram:00003c48	ram:00003ce4	lw ra,0x10c(sp)	223	write	ram	2	ram:20003d6c	0x20003d6c	mem[ram:20003d6c]
decompiler	ram:00003c48	ram:00003ce4	lw ra,0x10c(sp)	223	read	ram	2	ram:20003d6c	0x20003d6c	
decompiler	ram:00003c48	ram:00003ce4	lw ra,0x10c(sp)	228	write	ram	2	ram:20003d6e	0x20003d6e	mem[ram:20003d6e]
decompiler	ram:00003c48	ram:00003ce4	lw ra,0x10c(sp)	228	read	ram	2	ram:20003d6e	0x20003d6e	
decompiler	ram:00003c48	ram:00003ce4	lw ra,0x10c(sp)	234	write	ram	2	ram:20003d70	0x20003d70	mem[ram:20003d70]
decompiler	ram:00003c48	ram:00003ce4	lw ra,0x10c(sp)	234	read	ram	2	ram:20003d70	0x20003d70	
decompiler	ram:00003c48	ram:00003ce4	lw ra,0x10c(sp)	239	write	ram	2	ram:20003d72	0x20003d72	mem[ram:20003d72]
decompiler	ram:00003c48	ram:00003ce4	lw ra,0x10c(sp)	239	read	ram	2	ram:20003d72	0x20003d72	
decompiler	ram:00003c48	ram:00003ce4	lw ra,0x10c(sp)	245	write	ram	2	ram:20003d74	0x20003d74	mem[ram:20003d74]
decompiler	ram:00003c48	ram:00003ce4	lw ra,0x10c(sp)	245	read	ram	2	ram:20003d74	0x20003d74	
decompiler	ram:00003c48	ram:00003ce4	lw ra,0x10c(sp)	251	write	ram	1	ram:20003d76	0x20003d76	mem[ram:20003d76]
decompiler	ram:00003c48	ram:00003ce4	lw ra,0x10c(sp)	251	read	ram	1	ram:20003d76	0x20003d76	
decompiler	ram:00003c48	ram:00003d04	sh a4,0x70(a3)	124	write	ram	2	ram:20003d70	0x20003d70	0x420
decompiler	ram:00003d0c	ram:00003d16	bltu a5,a4,0x00003d88	8	read	ram	1	ram:20003a4a	0x20003a4a	
decompiler	ram:00003d0c	ram:00003d20	lbu a5,-0x2cf(a5)	17	read	ram	1	ram:20003a4d	0x20003a4d	
decompiler	ram:00003d0c	ram:00003d46	lbu a5,-0x2f5(a5)	44	read	ram	1	ram:20003a4d	0x20003a4d	
decompiler	ram:00003d0c	ram:00003d50	sb s0,0x400(a4)	50	write	ram	1	PTRADD(0x20003a44,INT_ZEXT(mem[ram:20003a4d]),0x1)		SUBPIECE((register, 0x202c, 4),0x0)
decompiler	ram:00003d0c	ram:00003d74	sb a5,-0x326(a4)	78	write	ram	1	ram:20003a4a	0x20003a4a	INT_ADD(mem[ram:20003a4a],0x1)
decompiler	ram:00003d0c	ram:00003d82	sb zero,-0x331(a5)	89	write	ram	1	ram:20003a4d	0x20003a4d	0x0
decompiler	ram:00003e1a	ram:00003e22	c.beqz a5,0x00003ed4	6	read	ram	1	ram:20003a49	0x20003a49	
decompiler	ram:00003e1a	ram:00003e2c	c.beqz a5,0x00003ed4	14	read	ram	1	ram:20003a4a	0x20003a4a	
decompiler	ram:00003e1a	ram:00003e36	lbu a0,-0x3e7(a0)	26	read	ram	1	ram:20003a4b	0x20003a4b	
decompiler	ram:00003e1a	ram:00003e48	lbu a1,0x400(a5)	37	read	ram	1	PTRADD(0x20003a44,INT_ZEXT(mem[ram:20003a4b]),0x1)		
decompiler	ram:00003e1a	ram:00003e6a	sb zero,-0x41a(a5)	59	write	ram	1	ram:20003a4c	0x20003a4c	0x0
decompiler	ram:00003e1a	ram:00003e98	sb zero,-0x449(a5)	92	write	ram	1	ram:20003a4b	0x20003a4b	0x0
decompiler	ram:00003e1a	ram:00003eb0	lbu a5,-0x461(a5)	111	read	ram	1	ram:20003a4b	0x20003a4b	
decompiler	ram:00003e1a	ram:00003eb6	lbu a4,0x400(a5)	115	read	ram	1	PTRADD(0x20003a44,INT_ZEXT(mem[ram:20003a4b]),0x1)		
decompiler	ram:00003e1a	ram:00003ebe	sb a4,0x400(a5)	121	write	ram	1	PTRADD(0x20003a44,INT_ZEXT(mem[ram:20003a4b]),0x1)		INT_ADD(LOAD(0x1a1,PTRADD(0x20003a44,INT_ZEXT(mem[ram:20003a4b]),0x1)),0xc2)
decompiler	ram:00003ed6	ram:00003ed6	lbu a5,0x0(a0)	2	read	ram	1	(register, 0x2028, 4)		
decompiler	ram:00003ed6	ram:00003ee2	lbu a4,0x1(a0)	16	read	ram	1	PTRADD((register, 0x2028, 4),0x1,0x1)		
decompiler	ram:00003ed6	ram:00003ef0	lbu a4,0x2(a0)	25	read	ram	1	PTRADD((register, 0x2028, 4),0x2,0x1)		
decompiler	ram:00003ed6	ram:00003f0c	lbu a2,0x0(s0)	43	read	ram	1	(register, 0x2028, 4)		
decompiler	ram:00003f20	ram:00003f20	lbu a4,0x1(a0)	2	read	ram	1	CAST(INT_ADD((register, 0x2028, 4),0x1))		
decompiler	ram:00003f20	ram:00003f32	sb a5,-0x325(a4)	14	write	ram	1	ram:20004c09	0x20004c09	0x1
decompiler	ram:00003f3a	ram:00003f3a	lbu a4,0x1(a0)	2	read	ram	1	CAST(INT_ADD((register, 0x2028, 4),0x1))		
decompiler	ram:00003f3a	ram:00003f46	sb a4,0x0(a5)	10	write	ram	1	ram:20002f30	0x20002f30	LOAD(0x1a1,CAST(INT_ADD((register, 0x2028, 4),0x1)))
decompiler	ram:00003f3a	ram:00003f4a	lbu a4,0x2(a0)	13	read	ram	1	CAST(INT_ADD((register, 0x2028, 4),0x2))		
decompiler	ram:00003f3a	ram:00003f4e	sb a4,0x1(a5)	17	write	ram	1	ram:20002f31	0x20002f31	LOAD(0x1a1,CAST(INT_ADD((register, 0x2028, 4),0x2)))
decompiler	ram:00003f3a	ram:00003f52	lbu a4,0x3(a0)	20	read	ram	1	CAST(INT_ADD((register, 0x2028, 4),0x3))		
decompiler	ram:00003f3a	ram:00003f56	sb a4,0x2(a5)	24	write	ram	1	ram:20002f32	0x20002f32	LOAD(0x1a1,CAST(INT_ADD((register, 0x2028, 4),0x3)))
decompiler	ram:00003f3a	ram:00003f5a	lbu a4,0x4(a0)	27	read	ram	1	CAST(INT_ADD((register, 0x2028, 4),0x4))		
decompiler	ram:00003f3a	ram:00003f5e	sb a4,0x3(a5)	31	write	ram	1	ram:20002f33	0x20002f33	LOAD(0x1a1,CAST(INT_ADD((register, 0x2028, 4),0x4)))
decompiler	ram:00003f3a	ram:00003f62	lbu a4,0x5(a0)	34	read	ram	1	CAST(INT_ADD((register, 0x2028, 4),0x5))		
decompiler	ram:00003f3a	ram:00003f66	sb a4,0x4(a5)	38	write	ram	1	ram:20002f34	0x20002f34	LOAD(0x1a1,CAST(INT_ADD((register, 0x2028, 4),0x5)))
decompiler	ram:00003f3a	ram:00003f6a	lbu a4,0x6(a0)	41	read	ram	1	CAST(INT_ADD((register, 0x2028, 4),0x6))		
decompiler	ram:00003f3a	ram:00003f70	sb a4,0x5(a5)	47	write	ram	1	ram:20002f35	0x20002f35	LOAD(0x1a1,CAST(INT_ADD((register, 0x2028, 4),0x6)))
decompiler	ram:00003f76	ram:00003fa0	sb a4,0x0(a0)	33	write	ram	1	CAST(CALL(0x2c37363872a433d,0x20002f30,0x0,0x6))		0x1
decompiler	ram:00003fac	ram:00003fda	lhu s1,0x106(a5)	30	read	ram	2	CAST(PTRADD(0x20003b56,INT_MULT((register, 0x2028, 4),0x218),0x1))		
decompiler	ram:00003fac	ram:00003fe6	lbu s2,-0x1(a5)	37	read	ram	1	PTRADD(PTRADD(0x20003b58,INT_MULT((register, 0x2028, 4),0x218),0x1),INT_SUB(INT_AND(INT_ZEXT(LOAD(0x1a1,CAST(PTRADD((unique, 0x1000001e, 4),(register, 0x2028, 4),0x1)))),0xff),0x1),0x1)		
decompiler	ram:00003fac	ram:0000401c	lbu a4,0x0(s0)	71	read	ram	1	PTRADD(0x20003b58,INT_MULT((register, 0x2028, 4),0x218),0x1)		
decompiler	ram:00003fac	ram:00004026	lbu a4,0x1(s0)	79	read	ram	1	PTRADD(0x20003b59,INT_MULT((register, 0x2028, 4),0x218),0x1)		
decompiler	ram:00003fac	ram:00004034	c.bnez a5,0x0000404c	274	read	ram	1	ram:20002f88	0x20002f88	
decompiler	ram:00003fac	ram:00004048	sw a5,-0x50(a4)	102	write	ram	4	ram:20002ff4	0x20002ff4	0x2
decompiler	ram:00004074	ram:000040a2	sb zero,0x0(a5)	37	write	ram	1	PTRADD(0x20003a54,(register, 0x202c, 4),0x1)		0x0
decompiler	ram:00004074	ram:000040ac	sh s0,-0x656(a5)	44	write	ram	2	ram:20003a52	0x20003a52	INT_ADD(SUBPIECE((register, 0x202c, 4),0x0),0x1)
decompiler	ram:00004074	ram:000040bc	sh a5,-0x668(a4)	57	write	ram	2	ram:20003a50	0x20003a50	0x206
decompiler	ram:00004074	ram:000040c6	sb a5,-0x46a(a4)	64	write	ram	1	ram:20003c58	0x20003c58	0x1
decompiler	ram:00004074	ram:000040d4	sb a4,0x0(a5)	75	write	ram	1	PTRADD(0x20003a54,(register, 0x202c, 4),0x1)		0x31
decompiler	ram:000040dc	ram:000040f6	lbu s3,0x0(a0)	22	read	ram	1	(register, 0x2028, 4)		
decompiler	ram:000040dc	ram:00004116	beq a5,s2,0x0000412c	43	read	ram	1	ram:20002f89	0x20002f89	
decompiler	ram:000040dc	ram:0000416a	sb a5,0x11(sp)	352	read	ram	4	ram:20002ff8	0x20002ff8	
decompiler	ram:000040dc	ram:00004178	sb a5,0x12(sp)	353	read	ram	4	ram:20002ff4	0x20002ff4	
decompiler	ram:000040dc	ram:0000418a	sb a5,0x13(sp)	354	read	ram	4	ram:20002ff0	0x20002ff0	
decompiler	ram:000040dc	ram:0000418e	sb a4,0x14(sp)	685	read	ram	4	ram:20002ff0	0x20002ff0	
decompiler	ram:000040dc	ram:00004198	sb a5,0x16(sp)	686	read	ram	4	ram:20002ff0	0x20002ff0	
decompiler	ram:000040dc	ram:000041a0	sb a4,0x15(sp)	687	read	ram	4	ram:20002ff0	0x20002ff0	
decompiler	ram:000040dc	ram:000041da	lbu a5,-0x1(a5)	81	read	ram	1	PTRADD((register, 0x2028, 4),INT_ADD((register, 0x202c, 4),0xffffffff),0x1)		
decompiler	ram:000040dc	ram:0000420a	sw s2,-0x212(a5)	115	write	ram	4	ram:20002ff4	0x20002ff4	0x2
decompiler	ram:000040dc	ram:0000421e	sw zero,-0x226(a5)	133	write	ram	4	ram:20002ff4	0x20002ff4	0x0
decompiler	ram:00004224	ram:00004252	beq a4,a5,0x00004286	32	read	ram	1	ram:20002f89	0x20002f89	
decompiler	ram:00004224	ram:00004256	lbu a5,0x0(s0)	36	read	ram	1	(register, 0x2028, 4)		
decompiler	ram:000042ac	ram:000042da	beq a4,a5,0x00004320	52	read	ram	4	ram:20002f98	0x20002f98	
decompiler	ram:000042ac	ram:000042da	beq a4,a5,0x00004320	52	read	ram	4	ram:20002ff4	0x20002ff4	
decompiler	ram:000042ac	ram:000042e6	c.bnez a4,0x00004320	60	read	ram	1	ram:20003c58	0x20003c58	
decompiler	ram:000042ac	ram:000042e8	c.bnez a5,0x000042fe	62	read	ram	4	ram:20002ff4	0x20002ff4	
decompiler	ram:000042ac	ram:00004302	bne a4,a5,0x00004316	85	read	ram	4	ram:20002ff4	0x20002ff4	
decompiler	ram:000042ac	ram:0000431c	sw a5,-0x380(a4)	107	write	ram	4	ram:20002f98	0x20002f98	mem[ram:20002ff4]
decompiler	ram:000042ac	ram:0000431c	sw a5,-0x380(a4)	107	read	ram	4	ram:20002ff4	0x20002ff4	
decompiler	ram:000042ac	ram:00004330	beq a4,a5,0x0000445c	120	read	ram	1	ram:20002f9c	0x20002f9c	
decompiler	ram:000042ac	ram:00004330	beq a4,a5,0x0000445c	120	read	ram	1	ram:20002fdb	0x20002fdb	
decompiler	ram:000042ac	ram:0000433c	bne a4,zero,0x0000445c	128	read	ram	1	ram:20004088	0x20004088	
decompiler	ram:000042ac	ram:00004350	beq a3,a4,0x0000445c	142	read	ram	1	ram:20002f9d	0x20002f9d	
decompiler	ram:000042ac	ram:00004350	beq a3,a4,0x0000445c	142	read	ram	1	ram:20002fc8	0x20002fc8	
decompiler	ram:000042ac	ram:00004354	c.bnez a5,0x0000436a	144	read	ram	1	ram:20002fdb	0x20002fdb	
decompiler	ram:000042ac	ram:00004374	bne a4,a5,0x00004434	168	read	ram	1	ram:20002fdb	0x20002fdb	
decompiler	ram:000042ac	ram:00004382	bne s0,a5,0x00004434	178	read	ram	1	ram:20002fc8	0x20002fc8	
decompiler	ram:000042ac	ram:000043a4	c.bnez a5,0x000043a8	199	read	ram	1	ram:20002fcf	0x20002fcf	
decompiler	ram:000042ac	ram:000043ee	lbu a1,0xc3(s1)	247	read	ram	1	PTRADD(MULTIEQUAL(0x20004b40,PTRADD(MULTIEQUAL(0x20004b40,PTRADD(MULTIEQUAL(0x20004b40,PTRADD((register, 0x2024, 4),0x1,0x1)),0x1,0x1)),0x1,0x1)),0xc3,0x1)		
decompiler	ram:000042ac	ram:000043fe	lbu a2,0xc3(s1)	257	read	ram	1	PTRADD(MULTIEQUAL(0x20004b40,PTRADD(MULTIEQUAL(0x20004b40,PTRADD(MULTIEQUAL(0x20004b40,PTRADD((register, 0x2024, 4),0x1,0x1)),0x1,0x1)),0x1,0x1)),0xc3,0x1)		
decompiler	ram:000042ac	ram:00004412	lbu a1,0xc3(s3)	272	read	ram	1	PTRADD(0x20004c03,MULTIEQUAL(INT_AND(MULTIEQUAL(0x0,INT_ADD(MULTIEQUAL(0x0,INT_ADD((register, 0x2020, 4),0x1)),0x1)),0xff),0x5),0x1)		
decompiler	ram:000042ac	ram:00004444	sb a5,-0x4a4(a4)	306	write	ram	1	ram:20002f9c	0x20002f9c	mem[ram:20002fdb]
decompiler	ram:000042ac	ram:00004444	sb a5,-0x4a4(a4)	306	read	ram	1	ram:20002fdb	0x20002fdb	
decompiler	ram:000042ac	ram:00004458	sb a5,-0x4b7(a4)	319	write	ram	1	ram:20002f9d	0x20002f9d	mem[ram:20002fc8]
decompiler	ram:000042ac	ram:00004458	sb a5,-0x4b7(a4)	319	read	ram	1	ram:20002fc8	0x20002fc8	
decompiler	ram:00004486	ram:00004490	sb a5,0x0(a0)	12	write	ram	1	(register, 0x2028, 4)		0xbb
decompiler	ram:00004486	ram:000044a4	sb a5,0x1(a0)	25	write	ram	1	PTRADD((register, 0x2028, 4),0x1,0x1)		mem[ram:20004c08]
decompiler	ram:00004486	ram:000044a4	sb a5,0x1(a0)	25	read	ram	1	ram:20004c08	0x20004c08	
decompiler	ram:00004486	ram:000044b6	lbu a4,0x756(a4)	40	read	ram	1	ram:20004c08	0x20004c08	
decompiler	ram:00004486	ram:000044d0	lbu t1,0xa5(a4)	52	read	ram	1	PTRADD(0x20004be5,INT_MULT(MULTIEQUAL(0x0,INT_AND(INT_ADD(MULTIEQUAL(0x0,INT_AND((register, 0x203c, 4),0xff)),0x1),0xff)),0x6),0x1)		
decompiler	ram:00004486	ram:000044d4	sb t1,0x0(a3)	56	write	ram	1	PTRADD((register, 0x2028, 4),MULTIEQUAL(0x2,INT_AND(INT_ADD(MULTIEQUAL(0x0,INT_AND(INT_ADD((register, 0x2038, 4),0x1),0xff)),INT_AND(INT_ADD(MULTIEQUAL((register, 0x2020, 4),(register, 0x2020, 4)),0x7),0xff)),0xff)),0x1)		LOAD(0x1a1,PTRADD(0x20004be5,INT_MULT(MULTIEQUAL(0x0,INT_AND((register, 0x203c, 4),0xff)),0x6),0x1))
decompiler	ram:00004486	ram:000044d8	lbu t1,0xa6(a4)	59	read	ram	1	PTRADD(0x20004be6,INT_MULT(MULTIEQUAL(0x0,INT_AND(INT_ADD(MULTIEQUAL(0x0,INT_AND((register, 0x203c, 4),0xff)),0x1),0xff)),0x6),0x1)		
decompiler	ram:00004486	ram:000044e6	sb t1,0x0(a3)	68	write	ram	1	PTRADD((register, 0x2028, 4),INT_AND(INT_ADD(MULTIEQUAL(0x2,INT_AND(INT_ADD(MULTIEQUAL((register, 0x2038, 4),(register, 0x2038, 4)),INT_AND((register, 0x2070, 4),0xff)),0xff)),0x1),0xff),0x1)		LOAD(0x1a1,PTRADD(0x20004be6,INT_MULT(MULTIEQUAL(0x0,INT_AND((register, 0x203c, 4),0xff)),0x6),0x1))
decompiler	ram:00004486	ram:000044ea	lbu t1,0xa7(a4)	71	read	ram	1	PTRADD(0x20004be7,INT_MULT(MULTIEQUAL(0x0,INT_AND(INT_ADD(MULTIEQUAL(0x0,INT_AND((register, 0x203c, 4),0xff)),0x1),0xff)),0x6),0x1)		
decompiler	ram:00004486	ram:000044f8	sb t1,0x0(a3)	80	write	ram	1	PTRADD((register, 0x2028, 4),INT_AND(INT_ADD(MULTIEQUAL(0x2,INT_AND(INT_ADD(MULTIEQUAL((register, 0x2038, 4),(register, 0x2038, 4)),INT_AND((register, 0x2070, 4),0xff)),0xff)),0x2),0xff),0x1)		LOAD(0x1a1,PTRADD(0x20004be7,INT_MULT(MULTIEQUAL(0x0,INT_AND((register, 0x203c, 4),0xff)),0x6),0x1))
decompiler	ram:00004486	ram:000044fc	lbu t1,0xa8(a4)	83	read	ram	1	PTRADD(0x20004be8,INT_MULT(MULTIEQUAL(0x0,INT_AND(INT_ADD(MULTIEQUAL(0x0,INT_AND((register, 0x203c, 4),0xff)),0x1),0xff)),0x6),0x1)		
decompiler	ram:00004486	ram:0000450a	sb t1,0x0(a3)	92	write	ram	1	PTRADD((register, 0x2028, 4),INT_AND(INT_ADD(MULTIEQUAL(0x2,INT_AND(INT_ADD(MULTIEQUAL((register, 0x2038, 4),(register, 0x2038, 4)),INT_AND((register, 0x2070, 4),0xff)),0xff)),0x3),0xff),0x1)		LOAD(0x1a1,PTRADD(0x20004be8,INT_MULT(MULTIEQUAL(0x0,INT_AND((register, 0x203c, 4),0xff)),0x6),0x1))
decompiler	ram:00004486	ram:0000450e	lbu t1,0xa9(a4)	95	read	ram	1	PTRADD(0x20004be9,INT_MULT(MULTIEQUAL(0x0,INT_AND(INT_ADD(MULTIEQUAL(0x0,INT_AND((register, 0x203c, 4),0xff)),0x1),0xff)),0x6),0x1)		
decompiler	ram:00004486	ram:0000451c	sb t1,0x0(a3)	104	write	ram	1	PTRADD((register, 0x2028, 4),INT_AND(INT_ADD(MULTIEQUAL(0x2,INT_AND(INT_ADD(MULTIEQUAL((register, 0x2038, 4),(register, 0x2038, 4)),INT_AND((register, 0x2070, 4),0xff)),0xff)),0x4),0xff),0x1)		LOAD(0x1a1,PTRADD(0x20004be9,INT_MULT(MULTIEQUAL(0x0,INT_AND((register, 0x203c, 4),0xff)),0x6),0x1))
decompiler	ram:00004486	ram:00004524	lbu a3,0xaa(a4)	108	read	ram	1	PTRADD(0x20004bea,INT_MULT(MULTIEQUAL(0x0,INT_AND(INT_ADD(MULTIEQUAL(0x0,INT_AND((register, 0x203c, 4),0xff)),0x1),0xff)),0x6),0x1)		
decompiler	ram:00004486	ram:00004532	sb a3,0x0(a4)	117	write	ram	1	PTRADD((register, 0x2028, 4),INT_AND(INT_ADD(MULTIEQUAL(0x2,INT_AND(INT_ADD(MULTIEQUAL((register, 0x2038, 4),(register, 0x2038, 4)),INT_AND((register, 0x2070, 4),0xff)),0xff)),0x5),0xff),0x1)		LOAD(0x1a1,PTRADD(0x20004bea,INT_MULT(MULTIEQUAL(0x0,INT_AND((register, 0x203c, 4),0xff)),0x6),0x1))
decompiler	ram:00004486	ram:0000453a	lbu a4,0xc3(a3)	121	read	ram	1	PTRADD(0x20004c03,MULTIEQUAL(0x0,INT_AND(INT_ADD(MULTIEQUAL(0x0,INT_AND(INT_ADD((register, 0x203c, 4),0x1),0xff)),0x1),0xff)),0x1)		
decompiler	ram:00004486	ram:00004546	sb a4,0x0(s0)	130	write	ram	1	PTRADD((register, 0x2028, 4),INT_AND(INT_ADD(MULTIEQUAL(0x2,INT_AND(INT_ADD(MULTIEQUAL((register, 0x2038, 4),(register, 0x2038, 4)),INT_AND((register, 0x2070, 4),0xff)),0xff)),0x6),0xff),0x1)		LOAD(0x1a1,PTRADD(0x20004c03,MULTIEQUAL(0x0,INT_AND(INT_ADD((register, 0x203c, 4),0x1),0xff)),0x1))
decompiler	ram:00004486	ram:0000454e	lbu t4,0xc3(a3)	136	read	ram	1	PTRADD(0x20004c03,MULTIEQUAL(0x0,INT_AND(INT_ADD(MULTIEQUAL(0x0,INT_AND(INT_ADD((register, 0x203c, 4),0x1),0xff)),0x1),0xff)),0x1)		
decompiler	ram:00004486	ram:00004562	lbu t4,0xa(t4)	146	read	ram	1	PTRADD(0x20004b4a,INT_ADD(INT_MULT(MULTIEQUAL(0x0,INT_AND(INT_ADD(MULTIEQUAL((register, 0x203c, 4),(register, 0x203c, 4)),0x1),0xff)),0x1f),MULTIEQUAL(0x0,INT_AND(INT_ADD(MULTIEQUAL(0x0,INT_AND((register, 0x2038, 4),0xff)),0x1),0xff))),0x1)		
decompiler	ram:00004486	ram:0000456a	sb t4,0x0(s0)	153	write	ram	1	PTRADD((register, 0x2028, 4),INT_AND(INT_ADD(MULTIEQUAL(0x0,INT_AND(INT_ADD(MULTIEQUAL((register, 0x2038, 4),(register, 0x2038, 4)),0x1),0xff)),INT_AND(INT_ADD(MULTIEQUAL(0x2,INT_AND((register, 0x2020, 4),0xff)),0x7),0xff)),0xff),0x1)		LOAD(0x1a1,PTRADD(0x20004b4a,INT_ADD(INT_MULT(MULTIEQUAL((register, 0x203c, 4),(register, 0x203c, 4)),0x1f),MULTIEQUAL(0x0,INT_AND((register, 0x2038, 4),0xff))),0x1))
decompiler	ram:00004486	ram:000045a8	c.bnez a5,0x000045bc	193	read	ram	4	ram:20002ff4	0x20002ff4	
decompiler	ram:00004486	ram:000045c8	c.bnez a5,0x000045bc	224	read	ram	4	ram:20002ff4	0x20002ff4	
decompiler	ram:000045d4	ram:000045ec	lbu a1,0x106(a5)	13	read	ram	1	PTRADD(0x20003b56,INT_MULT((register, 0x2028, 4),0x218),0x1)		
decompiler	ram:000045d4	ram:000045f0	lbu a5,0x108(a5)	17	read	ram	1	PTRADD(0x20003b58,INT_MULT((register, 0x2028, 4),0x218),0x1)		
decompiler	ram:00004628	ram:00004634	c.beqz a5,0x0000464c	11	read	ram	1	ram:20002f8c	0x20002f8c	
decompiler	ram:00004628	ram:0000463e	sb a5,-0x6a5(a4)	21	write	ram	1	ram:20002f95	0x20002f95	0x1
decompiler	ram:00004628	ram:00004646	sb zero,-0x6b6(a5)	26	write	ram	1	ram:20002f8c	0x20002f8c	0x0
decompiler	ram:00004628	ram:00004654	c.beqz a5,0x0000466e	35	read	ram	1	ram:20002f8d	0x20002f8d	
decompiler	ram:00004628	ram:0000465e	sb a5,-0x6c5(a4)	45	write	ram	1	ram:20002f95	0x20002f95	0x1
decompiler	ram:00004628	ram:00004666	sb zero,-0x6d5(a5)	50	write	ram	1	ram:20002f8d	0x20002f8d	0x0
decompiler	ram:00004628	ram:00004676	c.beqz a5,0x0000468e	59	read	ram	1	ram:20002f8e	0x20002f8e	
decompiler	ram:00004628	ram:00004680	sb a5,-0x6e7(a4)	69	write	ram	1	ram:20002f95	0x20002f95	0x1
decompiler	ram:00004628	ram:00004688	sb zero,-0x6f6(a5)	74	write	ram	1	ram:20002f8e	0x20002f8e	0x0
decompiler	ram:00004628	ram:00004696	c.beqz a5,0x000046bc	83	read	ram	1	ram:20002f8f	0x20002f8f	
decompiler	ram:00004628	ram:000046a6	sb a5,-0x70d(a4)	95	write	ram	1	ram:20002f95	0x20002f95	0x1
decompiler	ram:00004628	ram:000046ae	sb zero,-0x71b(a5)	100	write	ram	1	ram:20002f8f	0x20002f8f	0x0
decompiler	ram:00004628	ram:000046c6	c.beqz a0,0x000046fa	116	read	ram	4	ram:20002f90	0x20002f90	
decompiler	ram:00004628	ram:000046d0	c.beqz a5,0x000046ea	124	read	ram	1	ram:20003e70	0x20003e70	
decompiler	ram:00004628	ram:000046d8	sb zero,0x79c(a5)	132	write	ram	1	ram:20003e70	0x20003e70	0x0
decompiler	ram:00004628	ram:000046e4	sw zero,-0x750(a5)	139	write	ram	4	ram:20002f90	0x20002f90	0x0
decompiler	ram:00004628	ram:000046f2	c.beqz a5,0x000046b6	147	read	ram	1	ram:20003a49	0x20003a49	
decompiler	ram:00004628	ram:00004702	c.bnez a5,0x0000479c	158	read	ram	1	ram:20003c58	0x20003c58	
decompiler	ram:00004628	ram:00004716	c.bnez a5,0x000047ac	457	read	ram	1	ram:200042a0	0x200042a0	
decompiler	ram:00004628	ram:00004716	c.bnez a5,0x000047ac	458	read	ram	1	ram:20004088	0x20004088	
decompiler	ram:00004628	ram:00004720	c.beqz a5,0x000046b6	181	read	ram	1	ram:20002f95	0x20002f95	
decompiler	ram:00004628	ram:0000475c	sw a5,-0x5bc(a4)	221	write	ram	4	ram:2000419c	0x2000419c	0x30203
decompiler	ram:00004628	ram:0000477a	sb a5,-0x5d6(a4)	238	write	ram	1	ram:200041a0	0x200041a0	0x55
decompiler	ram:00004628	ram:000047a0	sb zero,0x4bc(a5)	287	write	ram	1	ram:20003c58	0x20003c58	0x0
decompiler	ram:00004628	ram:000047ac	c.beqz a4,0x000047ba	262	read	ram	1	ram:20004088	0x20004088	
decompiler	ram:00004628	ram:000047b2	sb zero,-0x726(a5)	268	write	ram	1	ram:20004088	0x20004088	0x0
decompiler	ram:00004628	ram:000047be	sb zero,-0x51a(a5)	279	write	ram	1	ram:200042a0	0x200042a0	0x0
decompiler	ram:00004810	ram:0000484c	sb a4,0x3(a5)	56	write	ram	1	ram:40005003	0x40005003	0xf0
decompiler	ram:00004810	ram:0000489c	c.sw s0,0xc(a5)	113	write	ram	4	ram:4000200c	0x4000200c	0x0
decompiler	ram:00004810	ram:000048a6	sb a4,0x2(a5)	122	write	ram	1	ram:40002002	0x40002002	INT_OR(mem[ram:40002002],0x2)
decompiler	ram:00004810	ram:000048ae	sb zero,0x410(a5)	127	write	ram	1	ram:e000e410	0xe000e410	0x0
decompiler	ram:00004810	ram:000048b8	sw a4,0x100(a5)	140	write	ram	4	ram:e000e100	0xe000e100	0x10000
decompiler	ram:000048c2	ram:000048d2	j 0x0000268a	78	write	ram	1	ram:40005004	0x40005004	mem[ram:40005004]
decompiler	ram:000048c2	ram:000048d2	j 0x0000268a	78	read	ram	1	ram:40005004	0x40005004	
decompiler	ram:000048c2	ram:000048d2	j 0x0000268a	83	write	ram	1	ram:40005007	0x40005007	mem[ram:40005007]
decompiler	ram:000048c2	ram:000048d2	j 0x0000268a	83	read	ram	1	ram:40005007	0x40005007	
decompiler	ram:000048c2	ram:000048d2	j 0x0000268a	88	write	ram	1	ram:4000500a	0x4000500a	mem[ram:4000500a]
decompiler	ram:000048c2	ram:000048d2	j 0x0000268a	88	read	ram	1	ram:4000500a	0x4000500a	
decompiler	ram:000048c2	ram:000048ee	sb zero,0x4(a5)	29	write	ram	1	ram:40005004	0x40005004	0x0
decompiler	ram:000048c2	ram:000048fe	sb zero,0x7(a5)	39	write	ram	1	ram:40005007	0x40005007	0x0
decompiler	ram:000048c2	ram:00004910	sb zero,0xa(a5)	49	write	ram	1	ram:4000500a	0x4000500a	0x0
decompiler	ram:00004964	ram:0000498e	bgeu a5,a4,0x00004a9a	50	read	ram	4	ram:20002fa4	0x20002fa4	
decompiler	ram:00004964	ram:0000499c	beq a5,zero,0x00004a9a	59	read	ram	4	ram:20002fa0	0x20002fa0	
decompiler	ram:00004964	ram:000049dc	c.lw a1,0x0(a5)	98	read	ram	4	PTRADD(0x200043c0,MULTIEQUAL(0x0,INT_AND(INT_ADD(MULTIEQUAL(0x0,INT_AND(INT_ADD((register, 0x2068, 4),0x1),0xff)),0x1),0xff)),0x4)		
decompiler	ram:00004964	ram:00004a00	bne a5,a1,0x00004a22	121	read	ram	4	ram:20002f2c	0x20002f2c	
decompiler	ram:00004964	ram:00004a3c	bltu s10,a5,0x000049d6	166	read	ram	4	ram:20002fa4	0x20002fa4	
decompiler	ram:00004964	ram:00004a64	sw zero,0x548(a5)	192	write	ram	4	ram:20002fa8	0x20002fa8	0x0
decompiler	ram:00004964	ram:00004a8a	sw a5,0x4a6(a4)	239	write	ram	4	ram:20002f2c	0x20002f2c	0x2
decompiler	ram:00004964	ram:00004a92	sw zero,0x516(a5)	244	write	ram	4	ram:20002fa4	0x20002fa4	0x0
decompiler	ram:00004964	ram:00004a98	c.j 0x00004916	418	write	ram	4	ram:20002f2c	0x20002f2c	mem[ram:20002f2c]
decompiler	ram:00004964	ram:00004a98	c.j 0x00004916	418	read	ram	4	ram:20002f2c	0x20002f2c	
decompiler	ram:00004964	ram:00004a98	c.j 0x00004916	427	write	ram	4	ram:20002fa0	0x20002fa0	mem[ram:20002fa0]
decompiler	ram:00004964	ram:00004a98	c.j 0x00004916	427	read	ram	4	ram:20002fa0	0x20002fa0	
decompiler	ram:00004964	ram:00004a98	c.j 0x00004916	436	write	ram	4	ram:20002fa4	0x20002fa4	mem[ram:20002fa4]
decompiler	ram:00004964	ram:00004a98	c.j 0x00004916	436	read	ram	4	ram:20002fa4	0x20002fa4	
decompiler	ram:00004964	ram:00004a98	c.j 0x00004916	445	write	ram	4	ram:20002fa8	0x20002fa8	mem[ram:20002fa8]
decompiler	ram:00004964	ram:00004a98	c.j 0x00004916	445	read	ram	4	ram:20002fa8	0x20002fa8	
decompiler	ram:00004964	ram:00004a98	c.j 0x00004916	454	write	ram	4	ram:20002fac	0x20002fac	mem[ram:20002fac]
decompiler	ram:00004964	ram:00004a98	c.j 0x00004916	454	read	ram	4	ram:20002fac	0x20002fac	
decompiler	ram:00004ab8	ram:00004ac2	c.beqz a4,0x00004b08	7	read	ram	4	ram:20002fb8	0x20002fb8	
decompiler	ram:00004ab8	ram:00004ac8	lhu a5,0x4f2(a5)	14	read	ram	2	ram:20002fb6	0x20002fb6	
decompiler	ram:00004ab8	ram:00004ad4	sh zero,0x4e6(a5)	21	write	ram	2	ram:20002fb6	0x20002fb6	0x0
decompiler	ram:00004ab8	ram:00004ada	bne a4,a5,0x00004b0a	24	read	ram	4	ram:20002fb8	0x20002fb8	
decompiler	ram:00004ab8	ram:00004af0	sw zero,0x4cc(a5)	42	write	ram	4	ram:20002fb8	0x20002fb8	0x0
decompiler	ram:00004ab8	ram:00004b0e	sw zero,0x4ae(a5)	50	write	ram	4	ram:20002fb8	0x20002fb8	0x0
decompiler	ram:00004b14	ram:00004b5c	sw a5,0x100(s1)	57	write	ram	4	ram:e000e100	0xe000e100	0x1000000
decompiler	ram:00004b14	ram:00004b7c	sb a5,-0x7fe(s0)	79	write	ram	1	ram:40002802	0x40002802	INT_OR(mem[ram:40002802],0x1)
decompiler	ram:00004b14	ram:00004b88	sw a5,0x100(s1)	90	write	ram	4	ram:e000e100	0xe000e100	0x2000000
decompiler	ram:00004b14	ram:00004b92	sb a5,0x427(a4)	97	write	ram	1	ram:20002fb5	0x20002fb5	0x1
decompiler	ram:00004be0	ram:00004be8	c.lw a0,0x0(a5)	6	read	ram	4	ram:20002fbc	0x20002fbc	
decompiler	ram:00004bec	ram:00004c0e	sb a5,-0x6a9(a3)	22	write	ram	1	ram:20004561	0x20004561	INT_ADD(mem[ram:20004561],0x1)
decompiler	ram:00004bec	ram:00004c20	sb zero,-0x6bb(a5)	61	write	ram	1	ram:20004561	0x20004561	0x0
decompiler	ram:00004bec	ram:00004c4a	sw a5,-0x5de(a4)	87	write	ram	4	ram:20004668	0x20004668	0x4
decompiler	ram:00004bec	ram:00004c72	sw zero,-0x606(a5)	51	write	ram	4	ram:20004668	0x20004668	0x0
decompiler	ram:00004bec	ram:00004c9e	lbu a5,-0x738(a5)	110	read	ram	1	ram:20004562	0x20004562	
decompiler	ram:00004bec	ram:00004cac	sb a0,0x8(a3)	120	write	ram	1	PTRADD(0x20004568,INT_ZEXT(mem[ram:20004562]),0x1)		SUBPIECE((register, 0x2028, 4),0x0)
decompiler	ram:00004bec	ram:00004cca	lhu a4,-0x760(a4)	139	read	ram	2	ram:20004566	0x20004566	
decompiler	ram:00004bec	ram:00004cda	lbu a5,-0x66a(a5)	94	read	ram	1	ram:2000466c	0x2000466c	
decompiler	ram:00004bec	ram:00004ce8	sb a5,-0x784(a4)	103	write	ram	1	ram:20004560	0x20004560	0x1
decompiler	ram:00004cee	ram:00004cfc	lbu s1,-0x588(s1)	19	read	ram	1	ram:20004770	0x20004770	
decompiler	ram:00004cee	ram:00004d1a	c.beqz a5,0x00004d52	36	read	ram	1	ram:20004560	0x20004560	
decompiler	ram:00004cee	ram:00004d1a	c.beqz a5,0x00004d52	402	read	ram	1	ram:20002f8d	0x20002f8d	
decompiler	ram:00004cee	ram:00004d20	sb zero,-0x7bc(a5)	42	write	ram	1	ram:20004560	0x20004560	0x0
decompiler	ram:00004cee	ram:00004d28	lbu s0,-0x7bf(s0)	47	read	ram	1	ram:20004565	0x20004565	
decompiler	ram:00004cee	ram:00004d2e	bne s0,a5,0x00004d6c	51	read	ram	1	ram:20004565	0x20004565	
decompiler	ram:00004cee	ram:00004d4e	sb a5,0x242(a4)	71	write	ram	1	ram:20002f8c	0x20002f8c	0x1
decompiler	ram:00004cee	ram:00004d4e	sb a5,0x242(a4)	403	read	ram	1	ram:20002f8d	0x20002f8d	
decompiler	ram:00004cee	ram:00004d62	lbu a0,0x0(a5)	152	read	ram	1	PTRADD(0x20004670,MULTIEQUAL(0x0,INT_ADD(MULTIEQUAL(0x0,INT_ADD(MULTIEQUAL(0x0,INT_ADD((register, 0x2020, 4),0x1)),0x1)),0x1)),0x1)		
decompiler	ram:00004cee	ram:00004d6e	bne s0,s1,0x00004d92	89	read	ram	1	ram:20004565	0x20004565	
decompiler	ram:00004cee	ram:00004d94	bne s0,a5,0x00004db8	111	read	ram	1	ram:20004565	0x20004565	
decompiler	ram:00004cee	ram:00004db2	sb s1,0x1e0(a5)	129	write	ram	1	ram:20002f8e	0x20002f8e	0x1
decompiler	ram:00004cee	ram:00004dd2	sb s1,0x1c1(a5)	147	write	ram	1	ram:20002f8f	0x20002f8f	0x1
decompiler	ram:00004dd8	ram:00002926	beq a4,a2,0x0000291e	14	read	ram	1	ram:4000340b	0x4000340b	
decompiler	ram:00004dd8	ram:0000292c	lbu a2,-0x1(a0)	20	read	ram	1	MULTIEQUAL(COPY((register, 0x2028, 4)),COPY(MULTIEQUAL(COPY((register, 0x2028, 4)),COPY(MULTIEQUAL(COPY((register, 0x2028, 4)),COPY(MULTIEQUAL((unique, 0x10000001, 4),(unique, 0x10000005, 4),(unique, 0x10000009, 4))),COPY(PTRADD((register, 0x2028, 4),0x1,0x1)))),COPY(PTRADD(MULTIEQUAL(COPY((register, 0x2028, 4)),COPY((register, 0x2028, 4)),COPY((register, 0x2028, 4))),0x1,0x1)))),COPY(PTRADD(MULTIEQUAL(COPY((register, 0x2028, 4)),COPY(MULTIEQUAL(COPY((register, 0x2028, 4)),COPY((register, 0x2028, 4)),COPY((...[truncated])		
decompiler	ram:00004ddc	ram:00004e10	sw a4,0x100(a5)	38	write	ram	4	ram:e000e100	0xe000e100	0x8000000
decompiler	ram:00004e18	ram:00004e10	sw a4,0x100(a5)	39	write	ram	4	ram:e000e100	0xe000e100	0x8000000
decompiler	ram:00004e1a	ram:00004e66	lbu a1,0x0(s0)	63	read	ram	1	MULTIEQUAL(PTRADD(MULTIEQUAL(PTRADD(MULTIEQUAL(PTRADD(MULTIEQUAL((register, 0x2020, 4),(register, 0x2028, 4)),0x1,0x1),(register, 0x2028, 4)),0x1,0x1),(register, 0x2028, 4)),0x1,0x1),(register, 0x2028, 4))		
decompiler	ram:00004e1a	ram:00004e74	lbu a1,0x0(s0)	76	read	ram	1	MULTIEQUAL((register, 0x2028, 4),PTRADD(MULTIEQUAL((register, 0x2028, 4),PTRADD(MULTIEQUAL((register, 0x2028, 4),PTRADD(MULTIEQUAL((register, 0x2028, 4),(register, 0x2020, 4)),0x1,0x1)),0x1,0x1)),0x1,0x1))		
decompiler	ram:00004e86	ram:00004e98	lbu s1,0x1(s0)	19	read	ram	4	ram:20002f54	0x20002f54	
decompiler	ram:00004e86	ram:00004e98	lbu s1,0x1(s0)	20	read	ram	1	CAST(INT_ADD(mem[ram:20002f54],0x1))		
decompiler	ram:00004e86	ram:00004eb2	sw a5,0xe2(a4)	39	write	ram	4	ram:20002f90	0x20002f90	0x0
decompiler	ram:00004e86	ram:00004ebc	lbu a1,0x2(s0)	48	read	ram	1	CAST(INT_ADD(MULTIEQUAL(COPY(mem[ram:20002f54]),INT_ADD(MULTIEQUAL(COPY(mem[ram:20002f54]),INT_ADD(MULTIEQUAL((unique, 0x10000005, 4),(register, 0x2020, 4)),0x1)),0x1)),0x2))		
decompiler	ram:00004eca	ram:00004ef6	bltu a5,s1,0x00004f24	148	read	ram	4	ram:20002f54	0x20002f54	
decompiler	ram:00004eca	ram:00004f02	sb s1,0x41(a5)	46	read	ram	4	ram:20002f54	0x20002f54	
decompiler	ram:00004eca	ram:00004f02	sb s1,0x41(a5)	47	write	ram	1	CAST(INT_ADD(mem[ram:20002f54],0x41))		SUBPIECE((register, 0x202c, 4),0x0)
decompiler	ram:00004eca	ram:00004f06	sb a4,0x40(a5)	50	write	ram	1	CAST(INT_ADD(COPY(mem[ram:20002f54]),0x40))		0x2
decompiler	ram:00004eca	ram:00004f16	sb zero,-0x4c9(a5)	63	write	ram	1	ram:20003a49	0x20003a49	0x0
decompiler	ram:00004eca	ram:00004f28	lbu a3,0x0(a4)	79	read	ram	1	CAST(INT_ADD((register, 0x2028, 4),MULTIEQUAL(0x0,INT_AND(INT_ADD(MULTIEQUAL(0x0,INT_AND((register, 0x203c, 4),0xff)),0x1),0xff))))		
decompiler	ram:00004eca	ram:00004f32	sb a3,0x42(a4)	86	write	ram	1	CAST(INT_ADD(INT_ADD(COPY(mem[ram:20002f54]),MULTIEQUAL(0x0,INT_AND(INT_ADD(MULTIEQUAL((register, 0x203c, 4),(register, 0x203c, 4)),0x1),0xff))),0x42))		LOAD(0x1a1,CAST(INT_ADD((register, 0x2028, 4),MULTIEQUAL(0x0,INT_AND((register, 0x203c, 4),0xff)))))
decompiler	ram:00004f3c	ram:00004f4e	j 0x00002a74	50	write	ram	4	ram:20002f58	0x20002f58	mem[ram:20002f58]
decompiler	ram:00004f3c	ram:00004f4e	j 0x00002a74	50	read	ram	4	ram:20002f58	0x20002f58	
decompiler	ram:00004f3c	ram:00004f56	lbu a3,0x0(a4)	18	read	ram	1	CAST(INT_ADD(mem[ram:20002f58],MULTIEQUAL(0x0,INT_ADD(MULTIEQUAL(0x0,INT_ADD(MULTIEQUAL((register, 0x203c, 4),(register, 0x203c, 4)),0x1)),0x1))))		
decompiler	ram:00004f3c	ram:00004f60	sb a3,0x40(a4)	25	write	ram	1	PTRADD(CAST(INT_ADD(mem[ram:20002f58],MULTIEQUAL(0x0,INT_ADD(MULTIEQUAL(0x0,INT_ADD((register, 0x203c, 4),0x1)),0x1)))),0x40,0x1)		INT_NEGATE(LOAD(0x1a1,CAST(INT_ADD(mem[ram:20002f58],MULTIEQUAL((register, 0x203c, 4),(register, 0x203c, 4))))))
decompiler	ram:00004f66	ram:00004f78	j 0x00002a8a	50	write	ram	4	ram:20002f5c	0x20002f5c	mem[ram:20002f5c]
decompiler	ram:00004f66	ram:00004f78	j 0x00002a8a	50	read	ram	4	ram:20002f5c	0x20002f5c	
decompiler	ram:00004f66	ram:00004f80	lbu a3,0x0(a4)	18	read	ram	1	CAST(INT_ADD(mem[ram:20002f5c],MULTIEQUAL(0x0,INT_ADD(MULTIEQUAL(0x0,INT_ADD(MULTIEQUAL((register, 0x203c, 4),(register, 0x203c, 4)),0x1)),0x1))))		
decompiler	ram:00004f66	ram:00004f8a	sb a3,0x40(a4)	25	write	ram	1	PTRADD(CAST(INT_ADD(mem[ram:20002f5c],MULTIEQUAL(0x0,INT_ADD(MULTIEQUAL(0x0,INT_ADD((register, 0x203c, 4),0x1)),0x1)))),0x40,0x1)		INT_NEGATE(LOAD(0x1a1,CAST(INT_ADD(mem[ram:20002f5c],MULTIEQUAL((register, 0x203c, 4),(register, 0x203c, 4))))))
decompiler	ram:00004f90	ram:00004fa2	j 0x00002aa0	50	write	ram	4	ram:20002f50	0x20002f50	mem[ram:20002f50]
decompiler	ram:00004f90	ram:00004fa2	j 0x00002aa0	50	read	ram	4	ram:20002f50	0x20002f50	
decompiler	ram:00004f90	ram:00004faa	lbu a3,0x40(a4)	18	read	ram	1	CAST(INT_ADD(INT_ADD(mem[ram:20002f50],MULTIEQUAL(0x0,INT_ADD(MULTIEQUAL(0x0,INT_ADD((register, 0x203c, 4),0x1)),0x1))),0x40))		
decompiler	ram:00004f90	ram:00004fb4	sb a3,0x80(a4)	25	write	ram	1	CAST(INT_ADD(INT_ADD(mem[ram:20002f50],MULTIEQUAL(0x0,INT_ADD(MULTIEQUAL(0x0,INT_ADD((register, 0x203c, 4),0x1)),0x1))),0x80))		INT_NEGATE(LOAD(0x1a1,CAST(INT_ADD(INT_ADD(mem[ram:20002f50],(register, 0x203c, 4)),0x40))))
decompiler	ram:00004fba	ram:0000501a	sb a4,0x6(a5)	74	write	ram	1	ram:40008006	0x40008006	0x2
decompiler	ram:00004fba	ram:0000502a	bge a5,zero,0x000052ec	2069	read	ram	1	ram:40008007	0x40008007	
decompiler	ram:00004fba	ram:00005032	sb a5,0x22(a4)	91	write	ram	1	ram:40008022	0x40008022	0xc2
decompiler	ram:00004fba	ram:00005044	lbu a5,0x6(a0)	104	read	ram	4	ram:20002f50	0x20002f50	
decompiler	ram:00004fba	ram:00005044	lbu a5,0x6(a0)	1354	read	ram	2	CAST(PTRADD(mem[ram:20002f50],0x6,0x1))		
decompiler	ram:00004fba	ram:00005054	lbu a5,0x1(a0)	116	read	ram	4	ram:20002f50	0x20002f50	
decompiler	ram:00004fba	ram:00005054	lbu a5,0x1(a0)	117	read	ram	1	PTRADD(mem[ram:20002f50],0x1,0x1)		
decompiler	ram:00004fba	ram:00005060	lbu s3,0x0(a0)	126	read	ram	1	mem[ram:20002f50]		
decompiler	ram:00004fba	ram:00005060	lbu s3,0x0(a0)	126	read	ram	4	ram:20002f50	0x20002f50	
decompiler	ram:00004fba	ram:000050b6	sb a5,-0x669(a4)	275	write	ram	1	ram:20003a49	0x20003a49	0x1
decompiler	ram:00004fba	ram:000050f4	beq a4,a3,0x0000516e	285	read	ram	1	ram:20002fc1	0x20002fc1	
decompiler	ram:00004fba	ram:000050fa	bne a4,a3,0x00005188	289	read	ram	1	ram:20002fc1	0x20002fc1	
decompiler	ram:00004fba	ram:00005106	lhu s0,0x0(a5)	298	read	ram	2	ram:20002fc2	0x20002fc2	
decompiler	ram:00004fba	ram:00005176	lbu a3,-0x1b0(a3)	1531	write	ram	1	ram:20002fc2	0x20002fc2	mem[ram:20002fc2]
decompiler	ram:00004fba	ram:00005176	lbu a3,-0x1b0(a3)	1531	read	ram	2	ram:20002fc2	0x20002fc2	
decompiler	ram:00004fba	ram:00005188	sb zero,0x20(a5)	365	write	ram	1	ram:40008020	0x40008020	0x0
decompiler	ram:00004fba	ram:00005218	lbu a3,0x2(a0)	624	read	ram	4	ram:20002f50	0x20002f50	
decompiler	ram:00004fba	ram:00005218	lbu a3,0x2(a0)	1402	read	ram	2	CAST(PTRADD(mem[ram:20002f50],0x2,0x1))		
decompiler	ram:00004fba	ram:0000524a	lbu a5,0x4(a0)	721	read	ram	4	ram:20002f50	0x20002f50	
decompiler	ram:00004fba	ram:0000524a	lbu a5,0x4(a0)	722	read	ram	1	PTRADD(mem[ram:20002f50],0x4,0x1)		
decompiler	ram:00004fba	ram:0000525e	sw a5,-0x296(a3)	734	write	ram	4	ram:20002fc4	0x20002fc4	0x0
decompiler	ram:00004fba	ram:00005276	sw a5,-0x2ae(a3)	707	write	ram	4	ram:20002fc4	0x20002fc4	0x0
decompiler	ram:00004fba	ram:00005296	lhu a2,0x0(a5)	665	read	ram	2	ram:20002fc2	0x20002fc2	
decompiler	ram:00004fba	ram:000052f8	sb a5,0x755(a4)	172	write	ram	1	ram:20003a49	0x20003a49	0x1
decompiler	ram:00004fba	ram:00005318	sw a5,-0x350(a3)	809	write	ram	4	ram:20002fc4	0x20002fc4	0x0
decompiler	ram:00004fba	ram:00005340	sw a5,-0x378(a3)	763	write	ram	4	ram:20002fc4	0x20002fc4	0x0
decompiler	ram:00004fba	ram:0000534a	lbu a5,-0x502(a5)	771	read	ram	1	ram:20002e44	0x20002e44	
decompiler	ram:00004fba	ram:0000535c	sw a5,-0x394(a3)	795	write	ram	4	ram:20002fc4	0x20002fc4	0x0
decompiler	ram:00004fba	ram:00005372	sw a5,-0x3aa(a3)	781	write	ram	4	ram:20002fc4	0x20002fc4	0x0
decompiler	ram:00004fba	ram:00005384	lbu a5,0x2(a0)	816	read	ram	4	ram:20002f50	0x20002f50	
decompiler	ram:00004fba	ram:00005384	lbu a5,0x2(a0)	817	read	ram	1	PTRADD(mem[ram:20002f50],0x2,0x1)		
decompiler	ram:00004fba	ram:0000539a	sb a5,0x0(a0)	618	write	ram	1	mem[ram:20002f50]		mem[ram:20002fc0]
decompiler	ram:00004fba	ram:0000539a	sb a5,0x0(a0)	618	read	ram	4	ram:20002f50	0x20002f50	
decompiler	ram:00004fba	ram:0000539a	sb a5,0x0(a0)	618	read	ram	1	ram:20002fc0	0x20002fc0	
decompiler	ram:00004fba	ram:000053a8	bgeu a5,a4,0x000053bc	549	read	ram	2	ram:20002fc2	0x20002fc2	
decompiler	ram:00004fba	ram:000053b0	lbu a5,0x2(a0)	602	read	ram	4	ram:20002f50	0x20002f50	
decompiler	ram:00004fba	ram:000053b0	lbu a5,0x2(a0)	603	read	ram	1	PTRADD(mem[ram:20002f50],0x2,0x1)		
decompiler	ram:00004fba	ram:000053d6	bgeu a3,a5,0x000053de	577	read	ram	2	ram:20002fc2	0x20002fc2	
decompiler	ram:00004fba	ram:000053d6	bgeu a3,a5,0x000053de	2068	read	ram	2	ram:20002fc2	0x20002fc2	
decompiler	ram:00004fba	ram:00005408	lbu a5,0x4(a0)	826	read	ram	4	ram:20002f50	0x20002f50	
decompiler	ram:00004fba	ram:00005408	lbu a5,0x4(a0)	827	read	ram	1	PTRADD(mem[ram:20002f50],0x4,0x1)		
decompiler	ram:00004fba	ram:00005472	sb zero,0x0(a0)	539	write	ram	1	mem[ram:20002f50]		0x0
decompiler	ram:00004fba	ram:00005472	sb zero,0x0(a0)	539	read	ram	4	ram:20002f50	0x20002f50	
decompiler	ram:00004fba	ram:00005478	sb zero,0x0(a0)	893	write	ram	1	mem[ram:20002f50]		0x0
decompiler	ram:00004fba	ram:00005478	sb zero,0x0(a0)	893	read	ram	4	ram:20002f50	0x20002f50	
decompiler	ram:00004fba	ram:0000547e	sb zero,0x1(a5)	898	read	ram	4	ram:20002f50	0x20002f50	
decompiler	ram:00004fba	ram:0000547e	sb zero,0x1(a5)	899	write	ram	1	PTRADD(mem[ram:20002f50],0x1,0x1)		0x0
decompiler	ram:00004fba	ram:0000548c	bgeu a5,a4,0x000053bc	908	read	ram	2	ram:20002fc2	0x20002fc2	
decompiler	ram:00004fba	ram:00005498	sb zero,0x3(a5)	469	write	ram	1	ram:40008003	0x40008003	0x0
decompiler	ram:00004fba	ram:0000549e	sb a4,0x22(a5)	474	write	ram	1	ram:40008022	0x40008022	0x2
decompiler	ram:00004fba	ram:000054a4	sb a4,0x26(a5)	479	write	ram	1	ram:40008026	0x40008026	0x12
decompiler	ram:00004fba	ram:000054a8	sb a4,0x2a(a5)	482	write	ram	1	ram:4000802a	0x4000802a	0x12
decompiler	ram:00004fba	ram:000054ac	sb a4,0x2e(a5)	485	write	ram	1	ram:4000802e	0x4000802e	0x12
decompiler	ram:00004fba	ram:000054c6	sb zero,0x588(a5)	505	write	ram	1	ram:20003a4a	0x20003a4a	0x0
decompiler	ram:00004fba	ram:000054ce	sb zero,0x581(a5)	510	write	ram	1	ram:20003a4b	0x20003a4b	0x0
decompiler	ram:00004fba	ram:000054d6	sb zero,0x57b(a5)	515	write	ram	1	ram:20003a4d	0x20003a4d	0x0
decompiler	ram:00004fba	ram:000054de	sb zero,0x572(a5)	520	write	ram	1	ram:20003a4c	0x20003a4c	0x0
decompiler	ram:00004fba	ram:000054e8	sb a5,0x565(a4)	527	write	ram	1	ram:20003a49	0x20003a49	0x1
decompiler	ram:000054fa	ram:0000554a	lbu a2,0xe(a4)	67	read	ram	1	PTRADD(MULTIEQUAL(0x200042b0,PTRADD(MULTIEQUAL(0x200042b0,PTRADD(MULTIEQUAL(0x200042b0,PTRADD((register, 0x2038, 4),0x1,0x1)),0x1,0x1)),0x1,0x1)),0xe,0x1)		
decompiler	ram:000054fa	ram:00005576	sb a5,-0x72d(a4)	97	write	ram	1	ram:20002e45	0x20002e45	0x3
decompiler	ram:000054fa	ram:00005588	lbu a4,-0x740(a4)	109	read	ram	1	ram:20002e44	0x20002e44	
decompiler	ram:000054fa	ram:0000559e	lbu a4,0xd(a4)	126	read	ram	1	CAST(INT_ADD(INT_RIGHT(MULTIEQUAL(0x2,INT_AND(INT_ADD(MULTIEQUAL((register, 0x203c, 4),(register, 0x203c, 4)),0x2),0xff)),0x1),0x200042bd))		
decompiler	ram:000054fa	ram:000055a6	sb a4,0x0(a2)	131	write	ram	1	PTRADD(0x20002e44,MULTIEQUAL(0x2,INT_AND(INT_ADD(MULTIEQUAL(0x2,INT_AND(INT_ADD((register, 0x203c, 4),0x2),0xff)),0x2),0xff)),0x1)		LOAD(0x1a1,CAST(INT_ADD(INT_RIGHT(MULTIEQUAL((register, 0x203c, 4),(register, 0x203c, 4)),0x1),0x200042bd)))
decompiler	ram:000054fa	ram:000055b6	sb zero,0x0(a4)	141	write	ram	1	PTRADD(0x20002e45,MULTIEQUAL(0x2,INT_AND(INT_ADD(MULTIEQUAL(0x2,INT_AND(INT_ADD((register, 0x203c, 4),0x2),0xff)),0x2),0xff)),0x1)		0x0
decompiler	ram:000055c0	ram:000055d4	jal ra,0x00003876	244	read	ram	4	ram:20002f54	0x20002f54	
decompiler	ram:000055c0	ram:000055ee	sb a4,0x405(a5)	38	write	ram	1	ram:20003a49	0x20003a49	0x1
decompiler	ram:000055c0	ram:000055f2	sb a4,0x404(a5)	41	write	ram	1	ram:20003a48	0x20003a48	0x1
decompiler	ram:000055c0	ram:000055f6	sb zero,0x406(a5)	44	write	ram	1	ram:20003a4a	0x20003a4a	0x0
decompiler	ram:000055c0	ram:000055fa	sb zero,0x407(a5)	47	write	ram	1	ram:20003a4b	0x20003a4b	0x0
decompiler	ram:000055c0	ram:000055fe	sb zero,0x409(a5)	50	write	ram	1	ram:20003a4d	0x20003a4d	0x0
decompiler	ram:000055c0	ram:00005602	sb zero,0x408(a5)	53	write	ram	1	ram:20003a4c	0x20003a4c	0x0
decompiler	ram:000055c0	ram:00005622	sw a5,-0x6ce(a4)	71	write	ram	4	ram:20002f50	0x20002f50	0x0
decompiler	ram:000055c0	ram:0000562e	c.sw a5,0x0(s0)	78	write	ram	4	ram:20002f54	0x20002f54	0x0
decompiler	ram:000055c0	ram:0000563c	sw a5,-0x6e0(a4)	87	write	ram	4	ram:20002f58	0x20002f58	0x0
decompiler	ram:000055c0	ram:0000564c	sw a5,-0x6ec(a4)	96	write	ram	4	ram:20002f5c	0x20002f5c	0x0
decompiler	ram:000055c0	ram:00005660	sw a4,0x100(a5)	111	write	ram	4	ram:e000e100	0xe000e100	0x400000
decompiler	ram:0000566a	ram:00005676	sw a4,0x180(a5)	11	write	ram	4	ram:e000e180	0xe000e180	0x400000
decompiler	ram:0000566a	ram:000056a6	sb zero,0x406(a5)	44	write	ram	1	ram:20003a4a	0x20003a4a	0x0
decompiler	ram:0000566a	ram:000056aa	sb zero,0x407(a5)	47	write	ram	1	ram:20003a4b	0x20003a4b	0x0
decompiler	ram:0000566a	ram:000056ae	sb zero,0x409(a5)	50	write	ram	1	ram:20003a4d	0x20003a4d	0x0
decompiler	ram:0000566a	ram:000056b2	sb zero,0x408(a5)	53	write	ram	1	ram:20003a4c	0x20003a4c	0x0
decompiler	ram:0000566a	ram:000056b6	sb zero,0x404(a5)	56	write	ram	1	ram:20003a48	0x20003a48	0x0
decompiler	ram:00005864	ram:0000589a	sb zero,0x737(a5)	63	write	ram	1	ram:20002fcd	0x20002fcd	0x0
decompiler	ram:00005864	ram:000058c0	lbu s0,0x0(s4)	89	read	ram	1	CAST(INT_ADD((register, 0x2028, 4),MULTIEQUAL(0x0,COPY(INT_ADD(INT_AND(INT_SUB((register, 0x2024, 4),0x1),0xff),INT_ADD(MULTIEQUAL((unique, 0x10000077, 4),(unique, 0x1000007b, 4),(unique, 0x1000007f, 4),(unique, 0x1000007f, 4)),0x2))),COPY(INT_ADD(MULTIEQUAL(COPY((register, 0x2054, 4)),COPY((register, 0x2048, 4)),COPY((register, 0x2048, 4)),COPY((register, 0x2048, 4))),0x1)),COPY(INT_ADD(MULTIEQUAL(COPY((register, 0x2054, 4)),COPY((register, 0x2048, 4)),COPY((register, 0x2048, 4)),COPY((register, 0x2048, 4)...[truncated])		
decompiler	ram:00005864	ram:000058e8	lbu a1,0x1(s4)	120	read	ram	1	PTRADD(MULTIEQUAL(CAST(INT_ADD((register, 0x2028, 4),MULTIEQUAL(0x0,COPY(INT_ADD((register, 0x2024, 4),(register, 0x2054, 4))),COPY(INT_ADD((register, 0x2054, 4),0x1)),COPY(INT_ADD((register, 0x2054, 4),0x1))))),PTRADD(MULTIEQUAL(CAST(INT_ADD((register, 0x2028, 4),MULTIEQUAL((unique, 0x10000077, 4),(unique, 0x1000007b, 4),(unique, 0x1000007f, 4),(unique, 0x1000007f, 4)))),PTRADD(MULTIEQUAL(CAST((unique, 0x100000cc, 4)),PTRADD((register, 0x2050, 4),0x1,0x1)),0x1,0x1)),0x1,0x1)),0x1,0x1)		
decompiler	ram:00005864	ram:00005ab2	sb a3,0x51e(a5)	343	write	ram	1	ram:20002fcc	0x20002fcc	SUBPIECE(INDIRECT(MULTIEQUAL(INDIRECT(INDIRECT((stack, 0xffffffffffffffb4, 2),0x36),0x43),MULTIEQUAL(MULTIEQUAL((stack, 0xffffffffffffffb4, 2),(stack, 0xffffffffffffffb4, 2)),MULTIEQUAL((stack, 0xffffffffffffffb4, 2),(stack, 0xffffffffffffffb4, 2)),MULTIEQUAL((stack, 0xffffffffffffffb4, 2),(stack, 0xffffffffffffffb4, 2)),MULTIEQUAL((stack, 0xffffffffffffffb4, 2),(stack, 0xffffffffffffffb4, 2)),MULTIEQUAL((stack, 0xffffffffffffffb4, 2),(stack, 0xffffffffffffffb4, 2)),MULTIEQUAL((stack, 0xffffffffffffffb4, 2)...[truncated])
decompiler	ram:00005864	ram:00005aba	sb a2,0x518(a5)	348	write	ram	1	ram:20002fce	0x20002fce	SUBPIECE(INDIRECT(MULTIEQUAL(INDIRECT(INDIRECT((stack, 0xffffffffffffffbc, 2),0x36),0x43),MULTIEQUAL(MULTIEQUAL((stack, 0xffffffffffffffbc, 2),(stack, 0xffffffffffffffbc, 2)),MULTIEQUAL((stack, 0xffffffffffffffbc, 2),(stack, 0xffffffffffffffbc, 2)),MULTIEQUAL((stack, 0xffffffffffffffbc, 2),(stack, 0xffffffffffffffbc, 2)),MULTIEQUAL((stack, 0xffffffffffffffbc, 2),(stack, 0xffffffffffffffbc, 2)),MULTIEQUAL((stack, 0xffffffffffffffbc, 2),(stack, 0xffffffffffffffbc, 2)),MULTIEQUAL((stack, 0xffffffffffffffbc, 2)...[truncated])
decompiler	ram:00005864	ram:00005ac2	c.lwsp ra,0x6c(sp)	815	write	ram	1	ram:20002fcc	0x20002fcc	mem[ram:20002fcc]
decompiler	ram:00005864	ram:00005ac2	c.lwsp ra,0x6c(sp)	815	read	ram	1	ram:20002fcc	0x20002fcc	
decompiler	ram:00005864	ram:00005ac2	c.lwsp ra,0x6c(sp)	832	write	ram	1	ram:20002fcd	0x20002fcd	mem[ram:20002fcd]
decompiler	ram:00005864	ram:00005ac2	c.lwsp ra,0x6c(sp)	832	read	ram	1	ram:20002fcd	0x20002fcd	
decompiler	ram:00005864	ram:00005ac2	c.lwsp ra,0x6c(sp)	849	write	ram	1	ram:20002fce	0x20002fce	mem[ram:20002fce]
decompiler	ram:00005864	ram:00005ac2	c.lwsp ra,0x6c(sp)	849	read	ram	1	ram:20002fce	0x20002fce	
decompiler	ram:00005af0	ram:00005b48	lbu a4,0x0(a0)	66	read	ram	1	CAST(CALLIND(mem[ram:0004006c],mem[ram:20002fdc]))		
decompiler	ram:00005af0	ram:00005b5e	lbu a1,0x4(a0)	82	read	ram	1	PTRADD(CAST(CALLIND(mem[ram:0004006c],mem[ram:20002fdc])),0x4,0x1)		
decompiler	ram:00005af0	ram:00005b66	beq a5,a4,0x00005bb8	86	read	ram	1	ram:20002fdb	0x20002fdb	
decompiler	ram:00005af0	ram:00005b80	lw ra,0x14c(sp)	3218	write	ram	4	ram:0004003c	0x4003c	mem[ram:0004003c]
decompiler	ram:00005af0	ram:00005b80	lw ra,0x14c(sp)	3218	read	ram	4	ram:0004003c	0x4003c	
decompiler	ram:00005af0	ram:00005b80	lw ra,0x14c(sp)	3284	write	ram	4	ram:0004004c	0x4004c	mem[ram:0004004c]
decompiler	ram:00005af0	ram:00005b80	lw ra,0x14c(sp)	3284	read	ram	4	ram:0004004c	0x4004c	
decompiler	ram:00005af0	ram:00005b80	lw ra,0x14c(sp)	3350	write	ram	4	ram:00040058	0x40058	mem[ram:00040058]
decompiler	ram:00005af0	ram:00005b80	lw ra,0x14c(sp)	3350	read	ram	4	ram:00040058	0x40058	
decompiler	ram:00005af0	ram:00005b80	lw ra,0x14c(sp)	3416	write	ram	4	ram:00040068	0x40068	mem[ram:00040068]
decompiler	ram:00005af0	ram:00005b80	lw ra,0x14c(sp)	3416	read	ram	4	ram:00040068	0x40068	
decompiler	ram:00005af0	ram:00005b80	lw ra,0x14c(sp)	3482	write	ram	4	ram:0004006c	0x4006c	mem[ram:0004006c]
decompiler	ram:00005af0	ram:00005b80	lw ra,0x14c(sp)	3482	read	ram	4	ram:0004006c	0x4006c	
decompiler	ram:00005af0	ram:00005b80	lw ra,0x14c(sp)	3548	write	ram	4	ram:000400dc	0x400dc	mem[ram:000400dc]
decompiler	ram:00005af0	ram:00005b80	lw ra,0x14c(sp)	3548	read	ram	4	ram:000400dc	0x400dc	
decompiler	ram:00005af0	ram:00005b80	lw ra,0x14c(sp)	3614	write	ram	4	ram:000400e8	0x400e8	mem[ram:000400e8]
decompiler	ram:00005af0	ram:00005b80	lw ra,0x14c(sp)	3614	read	ram	4	ram:000400e8	0x400e8	
decompiler	ram:00005af0	ram:00005b80	lw ra,0x14c(sp)	3680	write	ram	4	ram:000400f4	0x400f4	mem[ram:000400f4]
decompiler	ram:00005af0	ram:00005b80	lw ra,0x14c(sp)	3680	read	ram	4	ram:000400f4	0x400f4	
decompiler	ram:00005af0	ram:00005b80	lw ra,0x14c(sp)	3746	write	ram	4	ram:0004010c	0x4010c	mem[ram:0004010c]
decompiler	ram:00005af0	ram:00005b80	lw ra,0x14c(sp)	3746	read	ram	4	ram:0004010c	0x4010c	
decompiler	ram:00005af0	ram:00005b80	lw ra,0x14c(sp)	3812	write	ram	4	ram:00040128	0x40128	mem[ram:00040128]
decompiler	ram:00005af0	ram:00005b80	lw ra,0x14c(sp)	3812	read	ram	4	ram:00040128	0x40128	
decompiler	ram:00005af0	ram:00005b80	lw ra,0x14c(sp)	3878	write	ram	4	ram:0004012c	0x4012c	mem[ram:0004012c]
decompiler	ram:00005af0	ram:00005b80	lw ra,0x14c(sp)	3878	read	ram	4	ram:0004012c	0x4012c	
decompiler	ram:00005af0	ram:00005b80	lw ra,0x14c(sp)	3944	write	ram	4	ram:0004017c	0x4017c	mem[ram:0004017c]
decompiler	ram:00005af0	ram:00005b80	lw ra,0x14c(sp)	3944	read	ram	4	ram:0004017c	0x4017c	
decompiler	ram:00005af0	ram:00005b80	lw ra,0x14c(sp)	4010	write	ram	4	ram:00040180	0x40180	mem[ram:00040180]
decompiler	ram:00005af0	ram:00005b80	lw ra,0x14c(sp)	4010	read	ram	4	ram:00040180	0x40180	
decompiler	ram:00005af0	ram:00005b80	lw ra,0x14c(sp)	4076	write	ram	4	ram:00040184	0x40184	mem[ram:00040184]
decompiler	ram:00005af0	ram:00005b80	lw ra,0x14c(sp)	4076	read	ram	4	ram:00040184	0x40184	
decompiler	ram:00005af0	ram:00005b80	lw ra,0x14c(sp)	4142	write	ram	4	ram:000401b0	0x401b0	mem[ram:000401b0]
decompiler	ram:00005af0	ram:00005b80	lw ra,0x14c(sp)	4142	read	ram	4	ram:000401b0	0x401b0	
decompiler	ram:00005af0	ram:00005b80	lw ra,0x14c(sp)	4208	write	ram	2	ram:20002f36	0x20002f36	mem[ram:20002f36]
decompiler	ram:00005af0	ram:00005b80	lw ra,0x14c(sp)	4208	read	ram	2	ram:20002f36	0x20002f36	
decompiler	ram:00005af0	ram:00005b80	lw ra,0x14c(sp)	4274	write	ram	1	ram:20002fc8	0x20002fc8	mem[ram:20002fc8]
decompiler	ram:00005af0	ram:00005b80	lw ra,0x14c(sp)	4274	read	ram	1	ram:20002fc8	0x20002fc8	
decompiler	ram:00005af0	ram:00005b80	lw ra,0x14c(sp)	4340	write	ram	1	ram:20002fcc	0x20002fcc	mem[ram:20002fcc]
decompiler	ram:00005af0	ram:00005b80	lw ra,0x14c(sp)	4340	read	ram	1	ram:20002fcc	0x20002fcc	
decompiler	ram:00005af0	ram:00005b80	lw ra,0x14c(sp)	4406	write	ram	1	ram:20002fcd	0x20002fcd	mem[ram:20002fcd]
decompiler	ram:00005af0	ram:00005b80	lw ra,0x14c(sp)	4406	read	ram	1	ram:20002fcd	0x20002fcd	
decompiler	ram:00005af0	ram:00005b80	lw ra,0x14c(sp)	4472	write	ram	1	ram:20002fce	0x20002fce	mem[ram:20002fce]
decompiler	ram:00005af0	ram:00005b80	lw ra,0x14c(sp)	4472	read	ram	1	ram:20002fce	0x20002fce	
decompiler	ram:00005af0	ram:00005b80	lw ra,0x14c(sp)	4538	write	ram	1	ram:20002fd0	0x20002fd0	mem[ram:20002fd0]
decompiler	ram:00005af0	ram:00005b80	lw ra,0x14c(sp)	4538	read	ram	1	ram:20002fd0	0x20002fd0	
decompiler	ram:00005af0	ram:00005b80	lw ra,0x14c(sp)	4604	write	ram	1	ram:20002fd1	0x20002fd1	mem[ram:20002fd1]
decompiler	ram:00005af0	ram:00005b80	lw ra,0x14c(sp)	4604	read	ram	1	ram:20002fd1	0x20002fd1	
decompiler	ram:00005af0	ram:00005b80	lw ra,0x14c(sp)	4671	write	ram	1	ram:20002fd2	0x20002fd2	mem[ram:20002fd2]
decompiler	ram:00005af0	ram:00005b80	lw ra,0x14c(sp)	4671	read	ram	1	ram:20002fd2	0x20002fd2	
decompiler	ram:00005af0	ram:00005b80	lw ra,0x14c(sp)	4738	write	ram	1	ram:20002fd3	0x20002fd3	mem[ram:20002fd3]
decompiler	ram:00005af0	ram:00005b80	lw ra,0x14c(sp)	4738	read	ram	1	ram:20002fd3	0x20002fd3	
decompiler	ram:00005af0	ram:00005b80	lw ra,0x14c(sp)	4804	write	ram	1	ram:20002fd4	0x20002fd4	mem[ram:20002fd4]
decompiler	ram:00005af0	ram:00005b80	lw ra,0x14c(sp)	4804	read	ram	1	ram:20002fd4	0x20002fd4	
decompiler	ram:00005af0	ram:00005b80	lw ra,0x14c(sp)	4870	write	ram	1	ram:20002fd5	0x20002fd5	mem[ram:20002fd5]
decompiler	ram:00005af0	ram:00005b80	lw ra,0x14c(sp)	4870	read	ram	1	ram:20002fd5	0x20002fd5	
decompiler	ram:00005af0	ram:00005b80	lw ra,0x14c(sp)	4936	write	ram	1	ram:20002fd6	0x20002fd6	mem[ram:20002fd6]
decompiler	ram:00005af0	ram:00005b80	lw ra,0x14c(sp)	4936	read	ram	1	ram:20002fd6	0x20002fd6	
decompiler	ram:00005af0	ram:00005b80	lw ra,0x14c(sp)	5002	write	ram	2	ram:20002fd8	0x20002fd8	mem[ram:20002fd8]
decompiler	ram:00005af0	ram:00005b80	lw ra,0x14c(sp)	5002	read	ram	2	ram:20002fd8	0x20002fd8	
decompiler	ram:00005af0	ram:00005b80	lw ra,0x14c(sp)	5073	write	ram	1	ram:20002fdb	0x20002fdb	mem[ram:20002fdb]
decompiler	ram:00005af0	ram:00005b80	lw ra,0x14c(sp)	5073	read	ram	1	ram:20002fdb	0x20002fdb	
decompiler	ram:00005af0	ram:00005b80	lw ra,0x14c(sp)	5139	write	ram	1	ram:20002fdc	0x20002fdc	mem[ram:20002fdc]
decompiler	ram:00005af0	ram:00005b80	lw ra,0x14c(sp)	5139	read	ram	1	ram:20002fdc	0x20002fdc	
decompiler	ram:00005af0	ram:00005b80	lw ra,0x14c(sp)	5205	write	ram	2	ram:20002fde	0x20002fde	mem[ram:20002fde]
decompiler	ram:00005af0	ram:00005b80	lw ra,0x14c(sp)	5205	read	ram	2	ram:20002fde	0x20002fde	
decompiler	ram:00005af0	ram:00005b80	lw ra,0x14c(sp)	5271	write	ram	1	ram:200049b4	0x200049b4	mem[ram:200049b4]
decompiler	ram:00005af0	ram:00005b80	lw ra,0x14c(sp)	5271	read	ram	1	ram:200049b4	0x200049b4	
decompiler	ram:00005af0	ram:00005b80	lw ra,0x14c(sp)	5337	write	ram	1	ram:20004c09	0x20004c09	mem[ram:20004c09]
decompiler	ram:00005af0	ram:00005b80	lw ra,0x14c(sp)	5337	read	ram	1	ram:20004c09	0x20004c09	
decompiler	ram:00005af0	ram:00005b80	lw ra,0x14c(sp)	5403	write	ram	2	ram:20004c0c	0x20004c0c	mem[ram:20004c0c]
decompiler	ram:00005af0	ram:00005b80	lw ra,0x14c(sp)	5403	read	ram	2	ram:20004c0c	0x20004c0c	
decompiler	ram:00005af0	ram:00005b80	lw ra,0x14c(sp)	5469	write	ram	2	ram:20004c14	0x20004c14	mem[ram:20004c14]
decompiler	ram:00005af0	ram:00005b80	lw ra,0x14c(sp)	5469	read	ram	2	ram:20004c14	0x20004c14	
decompiler	ram:00005af0	ram:00005b80	lw ra,0x14c(sp)	5535	write	ram	2	ram:20004c16	0x20004c16	mem[ram:20004c16]
decompiler	ram:00005af0	ram:00005b80	lw ra,0x14c(sp)	5535	read	ram	2	ram:20004c16	0x20004c16	
decompiler	ram:00005af0	ram:00005b80	lw ra,0x14c(sp)	5601	write	ram	2	ram:20004c2a	0x20004c2a	mem[ram:20004c2a]
decompiler	ram:00005af0	ram:00005b80	lw ra,0x14c(sp)	5601	read	ram	2	ram:20004c2a	0x20004c2a	
decompiler	ram:00005af0	ram:00005b80	lw ra,0x14c(sp)	5669	write	ram	2	ram:20004c2c	0x20004c2c	mem[ram:20004c2c]
decompiler	ram:00005af0	ram:00005b80	lw ra,0x14c(sp)	5669	read	ram	2	ram:20004c2c	0x20004c2c	
decompiler	ram:00005af0	ram:00005b80	lw ra,0x14c(sp)	5736	write	ram	1	ram:20004c30	0x20004c30	mem[ram:20004c30]
decompiler	ram:00005af0	ram:00005b80	lw ra,0x14c(sp)	5736	read	ram	1	ram:20004c30	0x20004c30	
decompiler	ram:00005af0	ram:00005b80	lw ra,0x14c(sp)	5803	write	ram	1	ram:20004c40	0x20004c40	mem[ram:20004c40]
decompiler	ram:00005af0	ram:00005b80	lw ra,0x14c(sp)	5803	read	ram	1	ram:20004c40	0x20004c40	
decompiler	ram:00005af0	ram:00005b80	lw ra,0x14c(sp)	5870	write	ram	2	ram:20004c44	0x20004c44	mem[ram:20004c44]
decompiler	ram:00005af0	ram:00005b80	lw ra,0x14c(sp)	5870	read	ram	2	ram:20004c44	0x20004c44	
decompiler	ram:00005af0	ram:00005b80	lw ra,0x14c(sp)	5937	write	ram	2	ram:20004c48	0x20004c48	mem[ram:20004c48]
decompiler	ram:00005af0	ram:00005b80	lw ra,0x14c(sp)	5937	read	ram	2	ram:20004c48	0x20004c48	
decompiler	ram:00005af0	ram:00005b80	lw ra,0x14c(sp)	6004	write	ram	2	ram:20004c4a	0x20004c4a	mem[ram:20004c4a]
decompiler	ram:00005af0	ram:00005b80	lw ra,0x14c(sp)	6004	read	ram	2	ram:20004c4a	0x20004c4a	
decompiler	ram:00005af0	ram:00005b80	lw ra,0x14c(sp)	6071	write	ram	2	ram:20004c4c	0x20004c4c	mem[ram:20004c4c]
decompiler	ram:00005af0	ram:00005b80	lw ra,0x14c(sp)	6071	read	ram	2	ram:20004c4c	0x20004c4c	
decompiler	ram:00005af0	ram:00005bc4	lbu a4,0x8(a0)	159	read	ram	1	PTRADD(CAST(CALLIND(mem[ram:0004006c],mem[ram:20002fdc])),0x8,0x1)		
decompiler	ram:00005af0	ram:00005bcc	lbu a5,0x8(s0)	165	read	ram	1	PTRADD(CAST(CALLIND(mem[ram:0004006c],mem[ram:20002fdc])),0x8,0x1)		
decompiler	ram:00005af0	ram:00005bde	sh zero,0x3fe(a5)	177	write	ram	2	ram:20002fd8	0x20002fd8	0x0
decompiler	ram:00005af0	ram:00005bea	lbu a1,0x4(s0)	185	read	ram	1	PTRADD(CAST(CALLIND(mem[ram:0004006c],mem[ram:20002fdc])),0x4,0x1)		
decompiler	ram:00005af0	ram:00005bf4	sh zero,0x3e8(a5)	522	write	ram	2	ram:20002fd8	0x20002fd8	0x0
decompiler	ram:00005af0	ram:00005bfe	lhu a1,0x8(s0)	529	read	ram	2	CAST(PTRADD(CAST(CALLIND(mem[ram:0004006c],mem[ram:20002fdc])),0x8,0x1))		
decompiler	ram:00005af0	ram:00005c18	bne a4,a5,0x00005bda	547	read	ram	2	ram:20004c4a	0x20004c4a	
decompiler	ram:00005af0	ram:00005c18	bne a4,a5,0x00005bda	547	read	ram	2	ram:20002fd8	0x20002fd8	
decompiler	ram:00005af0	ram:00005c22	sb a5,0x3b8(a4)	555	write	ram	1	ram:20002fd6	0x20002fd6	0x1
decompiler	ram:00005af0	ram:00005c2e	c.bnez a5,0x00005bda	562	read	ram	2	ram:20004c14	0x20004c14	
decompiler	ram:00005af0	ram:00005c30	c.lw a0,0xc(s0)	566	read	ram	4	CAST(PTRADD(CAST(CALLIND(mem[ram:0004006c],mem[ram:20002fdc])),0xc,0x1))		
decompiler	ram:00005af0	ram:00005c54	lbu s2,0xa(s0)	597	read	ram	1	PTRADD(CAST(CALLIND(mem[ram:0004006c],mem[ram:20002fdc])),0xa,0x1)		
decompiler	ram:00005af0	ram:00005c58	c.lw a0,0xc(s0)	601	read	ram	4	CAST(PTRADD(CAST(CALLIND(mem[ram:0004006c],mem[ram:20002fdc])),0xc,0x1))		
decompiler	ram:00005af0	ram:00005c62	lhu a5,0x8(s0)	609	read	ram	2	CAST(PTRADD(CAST(CALLIND(mem[ram:0004006c],mem[ram:20002fdc])),0x8,0x1))		
decompiler	ram:00005af0	ram:00005c6a	lhu a3,-0x5a(a3)	616	read	ram	2	ram:20004c0c	0x20004c0c	
decompiler	ram:00005af0	ram:00005c84	c.lw a1,0xc(s0)	633	read	ram	4	CAST(PTRADD(CAST(CALLIND(mem[ram:0004006c],mem[ram:20002fdc])),0xc,0x1))		
decompiler	ram:00005af0	ram:00005ca0	lhu a3,-0x86(a3)	647	read	ram	2	ram:20004c16	0x20004c16	
decompiler	ram:00005af0	ram:00005cac	lhu a4,-0x7e(a4)	655	read	ram	2	ram:20004c2a	0x20004c2a	
decompiler	ram:00005af0	ram:00005cc8	lbu a5,0x309(a5)	674	read	ram	1	ram:20002fcd	0x20002fcd	
decompiler	ram:00005af0	ram:00005ccc	c.lw a2,0xc(s0)	677	read	ram	4	CAST(PTRADD(CAST(CALLIND(mem[ram:0004006c],mem[ram:20002fdc])),0xc,0x1))		
decompiler	ram:00005af0	ram:00005cda	bgeu a4,a3,0x00005d3a	686	read	ram	1	ram:20002fcc	0x20002fcc	
decompiler	ram:00005af0	ram:00005ce0	lbu a5,0x0(a5)	691	read	ram	1	PTRADD(LOAD(0x1a1,CAST(PTRADD(CAST(CALLIND(mem[ram:0004006c],mem[ram:20002fdc])),0xc,0x1))),INT_ZEXT(mem[ram:20002fcd]),0x1)		
decompiler	ram:00005af0	ram:00005cee	lbu a5,0x2e4(a5)	703	read	ram	1	ram:20002fce	0x20002fce	
decompiler	ram:00005af0	ram:00005d00	bgeu a4,a3,0x00005d40	714	read	ram	1	ram:20002fcc	0x20002fcc	
decompiler	ram:00005af0	ram:00005d06	lbu a5,-0x1(a2)	719	read	ram	1	PTRADD(LOAD(0x1a1,CAST(PTRADD(CAST(CALLIND(mem[ram:0004006c],mem[ram:20002fdc])),0xc,0x1))),INT_SUB(INT_ZEXT(mem[ram:20002fce]),0x1),0x1)		
decompiler	ram:00005af0	ram:00005d1a	bne a4,a5,0x00005d26	734	read	ram	1	ram:20002fd0	0x20002fd0	
decompiler	ram:00005af0	ram:00005d30	sb a5,0x2a4(a4)	752	write	ram	1	ram:20002fd0	0x20002fd0	SUBPIECE(MULTIEQUAL(MULTIEQUAL(PIECE(SUBPIECE((stack, 0xfffffffffffffec0, 4),0x2),PIECE((register, 0x203c, 1),0xbe)),PIECE(SUBPIECE((stack, 0xfffffffffffffec0, 4),0x2),PIECE((register, 0x203c, 1),0xbe)),PIECE(SUBPIECE((stack, 0xfffffffffffffec0, 4),0x2),PIECE((unique, 0x5400, 1),0xbe))),INDIRECT(INDIRECT(INDIRECT((stack, 0xfffffffffffffec0, 4),0x3c),0x252),0x25e)),0x1)
decompiler	ram:00005af0	ram:00005d3a	lbu a5,0x0(a2)	764	read	ram	1	LOAD(0x1a1,CAST(PTRADD(CAST(CALLIND(mem[ram:0004006c],mem[ram:20002fdc])),0xc,0x1)))		
decompiler	ram:00005af0	ram:00005d42	lbu a5,-0x2(a2)	759	read	ram	1	PTRADD(LOAD(0x1a1,CAST(PTRADD(CAST(CALLIND(mem[ram:0004006c],mem[ram:20002fdc])),0xc,0x1))),INT_SUB(INT_ZEXT(LOAD(0x1a1,PTRADD(CAST(CALLIND(mem[ram:0004006c],mem[ram:20002fdc])),0xa,0x1))),0x2),0x1)		
decompiler	ram:00005af0	ram:00005d54	c.lw a5,0xc(s0)	776	read	ram	4	CAST(PTRADD(CAST(CALLIND(mem[ram:0004006c],mem[ram:20002fdc])),0xc,0x1))		
decompiler	ram:00005af0	ram:00005d56	lbu a4,0x0(a5)	779	read	ram	1	LOAD(0x1a1,CAST(PTRADD(CAST(CALLIND(mem[ram:0004006c],mem[ram:20002fdc])),0xc,0x1)))		
decompiler	ram:00005af0	ram:00005d5e	lbu a5,0x3(a5)	786	read	ram	1	PTRADD(LOAD(0x1a1,CAST(PTRADD(CAST(CALLIND(mem[ram:0004006c],mem[ram:20002fdc])),0xc,0x1))),0x3,0x1)		
decompiler	ram:00005af0	ram:00005d6c	beq a5,zero,0x00005be2	194	read	ram	1	ram:20002fd3	0x20002fd3	
decompiler	ram:00005af0	ram:00005d72	bne a5,s2,0x00005db8	198	read	ram	1	ram:20002fd3	0x20002fd3	
decompiler	ram:00005af0	ram:00005d7c	lbu a4,0x1(s0)	206	read	ram	1	PTRADD(CAST(CALLIND(mem[ram:0004006c],mem[ram:20002fdc])),0x1,0x1)		
decompiler	ram:00005af0	ram:00005d8c	sb a5,0x24b(a4)	218	write	ram	1	ram:20002fd3	0x20002fd3	0x2
decompiler	ram:00005af0	ram:00005dba	bne a5,a4,0x00005be2	252	read	ram	1	ram:20002fd3	0x20002fd3	
decompiler	ram:00005af0	ram:00005dc4	lhu a5,0x8(s0)	260	read	ram	2	CAST(PTRADD(CAST(CALLIND(mem[ram:0004006c],mem[ram:20002fdc])),0x8,0x1))		
decompiler	ram:00005af0	ram:00005dde	sh s2,0x1fe(a5)	276	write	ram	2	ram:20002fd8	0x20002fd8	0x1
decompiler	ram:00005af0	ram:00005dee	lhu a5,0x8(s0)	287	read	ram	2	CAST(PTRADD(CAST(CALLIND(mem[ram:0004006c],mem[ram:20002fdc])),0x8,0x1))		
decompiler	ram:00005af0	ram:00005df6	lhu a4,0xa(s0)	293	read	ram	2	CAST(PTRADD(CAST(CALLIND(mem[ram:0004006c],mem[ram:20002fdc])),0xa,0x1))		
decompiler	ram:00005af0	ram:00005dfa	lw s3,0xc(s0)	297	read	ram	4	CAST(PTRADD(CAST(CALLIND(mem[ram:0004006c],mem[ram:20002fdc])),0xc,0x1))		
decompiler	ram:00005af0	ram:00005e12	lbu s9,0x2(a1)	312	read	ram	1	CAST(INT_ADD(INT_ADD(LOAD(0x1a1,CAST(PTRADD(CAST((unique, 0x10000223, 4)),0xc,0x1))),INT_MULT(INT_ZEXT(LOAD(0x1a1,CAST((unique, 0x5b00, 4)))),MULTIEQUAL(0x0,INT_AND(INT_ADD((register, 0x205c, 4),0x1),0xff)))),0x2))		
decompiler	ram:00005af0	ram:00005e16	lbu a1,0x3(a1)	3122	read	ram	2	CAST(INT_ADD(INT_ADD(LOAD(0x1a1,CAST(PTRADD(CAST((unique, 0x10000223, 4)),0xc,0x1))),INT_MULT(INT_ZEXT(LOAD(0x1a1,CAST((unique, 0x5b00, 4)))),MULTIEQUAL(0x0,INT_AND(INT_ADD((register, 0x205c, 4),0x1),0xff)))),0x3))		
decompiler	ram:00005af0	ram:00005e36	c.beqz a4,0x00005e54	8204	read	ram	2	ram:20004c4a	0x20004c4a	
decompiler	ram:00005af0	ram:00005e38	lbu a4,0x0(s3)	338	read	ram	1	CAST(INT_ADD(LOAD(0x1a1,CAST(PTRADD(CAST(CALLIND(mem[ram:0004006c],mem[ram:20002fdc])),0xc,0x1))),INT_ADD(INT_MULT(INT_ZEXT(LOAD(0x1a1,CAST((unique, 0x5b00, 4)))),MULTIEQUAL(0x0,INT_AND(INT_ADD((register, 0x205c, 4),0x1),0xff))),0x5)))		
decompiler	ram:00005af0	ram:00005e40	bne a4,a5,0x00005e54	8205	read	ram	2	ram:20004c4a	0x20004c4a	
decompiler	ram:00005af0	ram:00005e44	lbu a4,0x1(s3)	346	read	ram	1	PTRADD(CAST(INT_ADD(LOAD(0x1a1,CAST(PTRADD(CAST((unique, 0x10000223, 4)),0xc,0x1))),INT_ADD(INT_MULT(INT_ZEXT(LOAD(0x1a1,(unique, 0x1000024f, 4))),MULTIEQUAL(0x0,INT_AND((register, 0x2034, 4),0xff))),0x5))),0x1,0x1)		
decompiler	ram:00005af0	ram:00005e48	bne a4,s8,0x00005e54	8206	read	ram	2	ram:20004c4a	0x20004c4a	
decompiler	ram:00005af0	ram:00005e58	c.beqz a4,0x00005e7a	8197	read	ram	2	ram:20004c44	0x20004c44	
decompiler	ram:00005af0	ram:00005e58	c.beqz a4,0x00005e7a	8208	read	ram	2	ram:20004c4c	0x20004c4c	
decompiler	ram:00005af0	ram:00005e62	lbu a4,0x0(s3)	366	read	ram	1	CAST(INT_ADD(LOAD(0x1a1,CAST(PTRADD(CAST(CALLIND(mem[ram:0004006c],mem[ram:20002fdc])),0xc,0x1))),INT_ADD(INT_MULT(INT_ZEXT(LOAD(0x1a1,CAST((unique, 0x5b00, 4)))),MULTIEQUAL(0x0,INT_AND(INT_ADD((register, 0x205c, 4),0x1),0xff))),0x5)))		
decompiler	ram:00005af0	ram:00005e66	bne a4,s5,0x00005e7a	8198	read	ram	2	ram:20004c44	0x20004c44	
decompiler	ram:00005af0	ram:00005e6a	lbu a4,0x1(s3)	372	read	ram	1	PTRADD(CAST(INT_ADD(LOAD(0x1a1,CAST(PTRADD(CAST((unique, 0x10000223, 4)),0xc,0x1))),INT_ADD(INT_MULT(INT_ZEXT(LOAD(0x1a1,(unique, 0x1000024f, 4))),MULTIEQUAL(0x0,INT_AND((register, 0x2034, 4),0xff))),0x5))),0x1,0x1)		
decompiler	ram:00005af0	ram:00005e6e	bne a4,s6,0x00005e7a	8199	read	ram	2	ram:20004c44	0x20004c44	
decompiler	ram:00005af0	ram:00005e9e	lbu a5,0x0(s3)	405	read	ram	1	CAST(INT_ADD(LOAD(0x1a1,CAST(PTRADD(CAST(CALLIND(mem[ram:0004006c],mem[ram:20002fdc])),0xc,0x1))),INT_ADD(INT_MULT(INT_ZEXT(LOAD(0x1a1,CAST((unique, 0x5b00, 4)))),MULTIEQUAL(0x0,INT_AND(INT_ADD((register, 0x205c, 4),0x1),0xff))),0x5)))		
decompiler	ram:00005af0	ram:00005ea6	bne a5,a3,0x00005eba	8201	read	ram	2	ram:20004c48	0x20004c48	
decompiler	ram:00005af0	ram:00005eaa	lbu a5,0x1(s3)	413	read	ram	1	PTRADD(CAST(INT_ADD(LOAD(0x1a1,CAST(PTRADD(CAST((unique, 0x10000223, 4)),0xc,0x1))),INT_ADD(INT_MULT(INT_ZEXT(LOAD(0x1a1,(unique, 0x1000024f, 4))),MULTIEQUAL(0x0,INT_AND((register, 0x2034, 4),0xff))),0x5))),0x1,0x1)		
decompiler	ram:00005af0	ram:00005eae	bne a5,s8,0x00005eba	8202	read	ram	2	ram:20004c48	0x20004c48	
decompiler	ram:00005af0	ram:00005eba	lbu a5,0x0(s3)	424	read	ram	1	CAST(INT_ADD(LOAD(0x1a1,CAST(PTRADD(CAST(CALLIND(mem[ram:0004006c],mem[ram:20002fdc])),0xc,0x1))),INT_ADD(INT_MULT(INT_ZEXT(LOAD(0x1a1,CAST((unique, 0x5b00, 4)))),MULTIEQUAL(0x0,INT_AND(INT_ADD((register, 0x205c, 4),0x1),0xff))),0x5)))		
decompiler	ram:00005af0	ram:00005ec6	lbu a5,0x1(s3)	432	read	ram	1	PTRADD(CAST(INT_ADD(LOAD(0x1a1,CAST(PTRADD(CAST((unique, 0x10000223, 4)),0xc,0x1))),INT_ADD(INT_MULT(INT_ZEXT(LOAD(0x1a1,(unique, 0x1000024f, 4))),MULTIEQUAL(0x0,INT_AND((register, 0x2034, 4),0xff))),0x5))),0x1,0x1)		
decompiler	ram:00005af0	ram:00005edc	lhu a1,0xa(a4)	447	read	ram	2	PTRADD(MULTIEQUAL(0x20004c0c,PTRADD(MULTIEQUAL(0x20004c0c,PTRADD(MULTIEQUAL(0x20004c0c,PTRADD((register, 0x2038, 4),0x1,0x2)),0x1,0x2)),0x1,0x2)),0x5,0x2)		
decompiler	ram:00005af0	ram:00005eee	sh s2,0x0(a5)	462	write	ram	2	PTRADD(0x20004c0c,MULTIEQUAL(0x5,INT_ADD(MULTIEQUAL(0x5,INT_ADD(MULTIEQUAL(0x5,INT_ADD((register, 0x203c, 4),0x1)),0x1)),0x1)),0x2)		INT_ADD(LOAD(0x1a1,CAST(INT_ADD(INT_ADD((register, 0x204c, 4),(register, 0x2030, 4)),0x3))),0x1)
decompiler	ram:00005af0	ram:00005f08	lbu a1,0x0(a2)	501	read	ram	1	PTRADD(CAST(INT_ADD(LOAD(0x1a1,CAST(PTRADD(CAST((unique, 0x10000223, 4)),0xc,0x1))),INT_ADD(INT_MULT(INT_ZEXT(LOAD(0x1a1,(unique, 0x1000024f, 4))),MULTIEQUAL(0x0,INT_AND((register, 0x2034, 4),0xff))),0x5))),MULTIEQUAL(0x0,INT_ADD(MULTIEQUAL(0x0,INT_ADD(MULTIEQUAL(0x0,INT_ADD((register, 0x2038, 4),0x1)),0x1)),0x1)),0x1)		
decompiler	ram:00005af0	ram:00005f2e	lbu a5,0x1(s3)	484	read	ram	1	PTRADD(CAST(INT_ADD(LOAD(0x1a1,CAST(PTRADD(CAST((unique, 0x10000223, 4)),0xc,0x1))),INT_ADD(INT_MULT(INT_ZEXT(LOAD(0x1a1,(unique, 0x1000024f, 4))),MULTIEQUAL(0x0,INT_AND((register, 0x2034, 4),0xff))),0x5))),0x1,0x1)		
decompiler	ram:00005af0	ram:00005fbe	lbu a3,0x17(a3)	885	read	ram	1	ram:20002fd1	0x20002fd1	
decompiler	ram:00005af0	ram:00005fd2	beq a0,a5,0x0000605c	898	read	ram	2	ram:20002f36	0x20002f36	
decompiler	ram:00005af0	ram:00005fda	sh zero,-0x38a(a5)	904	write	ram	2	ram:20004c4c	0x20004c4c	0x0
decompiler	ram:00005af0	ram:00005fe4	sb a5,-0xd(a4)	911	write	ram	1	ram:20002fd3	0x20002fd3	0x1
decompiler	ram:00005af0	ram:00006058	sb a5,-0x8c(a4)	1008	write	ram	1	ram:20002fc8	0x20002fc8	0x1
decompiler	ram:00005af0	ram:0000607c	beq a0,a5,0x0000605c	1032	read	ram	2	ram:20002f36	0x20002f36	
decompiler	ram:00005af0	ram:000060f0	beq s2,zero,0x000060fa	1108	read	ram	2	ram:20002fd8	0x20002fd8	
decompiler	ram:00005af0	ram:00006102	c.bnez s0,0x000061d0	1310	read	ram	2	ram:20004c14	0x20004c14	
decompiler	ram:00005af0	ram:0000610c	c.bnez a5,0x000061d0	1318	read	ram	1	ram:20002fd6	0x20002fd6	
decompiler	ram:00005af0	ram:00006116	beq s2,zero,0x00006272	1326	read	ram	2	ram:20004c4a	0x20004c4a	
decompiler	ram:00005af0	ram:00006116	beq s2,zero,0x00006272	8214	read	ram	2	ram:20004c4a	0x20004c4a	
decompiler	ram:00005af0	ram:00006120	sb a5,-0x148(a4)	1334	write	ram	1	ram:20002fd4	0x20002fd4	0x1
decompiler	ram:00005af0	ram:0000612c	c.bnez a5,0x000061b2	1121	read	ram	2	ram:20002fd8	0x20002fd8	
decompiler	ram:00005af0	ram:0000612c	c.bnez a5,0x000061b2	8188	read	ram	2	ram:20002fd8	0x20002fd8	
decompiler	ram:00005af0	ram:00006136	beq a5,zero,0x00006318	1129	read	ram	1	ram:20002fd5	0x20002fd5	
decompiler	ram:00005af0	ram:00006152	sh a2,0x12(sp)	6160	read	ram	2	ram:20002fde	0x20002fde	
decompiler	ram:00005af0	ram:00006168	c.beqz a0,0x000061b2	8189	read	ram	2	ram:20002fd8	0x20002fd8	
decompiler	ram:00005af0	ram:0000619e	sh zero,-0x1bc(a5)	1207	write	ram	2	ram:20002fde	0x20002fde	0x0
decompiler	ram:00005af0	ram:000061a6	sb zero,-0x1cd(a5)	1212	write	ram	1	ram:20002fd5	0x20002fd5	0x0
decompiler	ram:00005af0	ram:000061ec	lhu a3,0xa(a4)	1358	read	ram	2	PTRADD(MULTIEQUAL(0x20004c0c,PTRADD(MULTIEQUAL(0x20004c0c,PTRADD(MULTIEQUAL(0x20004c0c,PTRADD((register, 0x2038, 4),0x1,0x2)),0x1,0x2)),0x1,0x2)),0x5,0x2)		
decompiler	ram:00005af0	ram:000061fa	lbu a3,0x0(a2)	1367	read	ram	1	PTRADD(0x20004c30,MULTIEQUAL(0x5,INT_ADD(MULTIEQUAL(0x5,INT_ADD(MULTIEQUAL(0x5,INT_ADD((register, 0x203c, 4),0x1)),0x1)),0x1)),0x1)		
decompiler	ram:00005af0	ram:00006200	c.bnez a3,0x00006276	7221	read	ram	1	ram:20002fd2	0x20002fd2	
decompiler	ram:00005af0	ram:0000620c	sb a5,0x0(a2)	1381	write	ram	1	PTRADD(0x20004c30,MULTIEQUAL(0x5,INT_ADD(MULTIEQUAL(0x5,INT_ADD(MULTIEQUAL(0x5,INT_ADD((register, 0x203c, 4),0x1)),0x1)),0x1)),0x1)		0x1
decompiler	ram:00005af0	ram:00006230	c.beqz a5,0x00006280	1405	read	ram	2	ram:20004c2c	0x20004c2c	
decompiler	ram:00005af0	ram:00006244	c.bnez a5,0x00006280	3152	read	ram	1	ram:20004c40	0x20004c40	
decompiler	ram:00005af0	ram:00006244	c.bnez a5,0x00006280	3153	read	ram	1	ram:20002fd2	0x20002fd2	
decompiler	ram:00005af0	ram:0000624c	sb a5,-0x276(a4)	1428	write	ram	1	ram:20002fd2	0x20002fd2	0x10
decompiler	ram:00005af0	ram:00006256	sb a5,-0x612(a4)	1435	write	ram	1	ram:20004c40	0x20004c40	0x1
decompiler	ram:00005af0	ram:00006288	c.beqz a5,0x000062aa	1459	read	ram	2	ram:20004c0c	0x20004c0c	
decompiler	ram:00005af0	ram:0000629c	c.bnez a5,0x000062aa	3154	read	ram	1	ram:20004c30	0x20004c30	
decompiler	ram:00005af0	ram:0000629c	c.bnez a5,0x000062aa	3155	read	ram	1	ram:20002fd2	0x20002fd2	
decompiler	ram:00005af0	ram:000062a4	sb a5,-0x670(a4)	1482	write	ram	1	ram:20004c30	0x20004c30	0x1
decompiler	ram:00005af0	ram:000062b2	beq a5,zero,0x000060f4	1490	read	ram	1	ram:20004c09	0x20004c09	
decompiler	ram:00005af0	ram:000062ba	sb zero,-0x6ad(a5)	1496	write	ram	1	ram:20004c09	0x20004c09	0x0
decompiler	ram:00005af0	ram:000062c6	beq s0,zero,0x000060f6	1503	read	ram	2	ram:20004c44	0x20004c44	
decompiler	ram:00005af0	ram:000062d0	sb a5,-0x2f7(a4)	1511	write	ram	1	ram:20002fd5	0x20002fd5	0x1
decompiler	ram:00005af0	ram:000062e0	lhu a5,-0x2fe(a5)	1521	read	ram	2	ram:20002fde	0x20002fde	
decompiler	ram:00005af0	ram:000062ea	sb a2,0x0(a3)	1527	write	ram	1	PTRADD(0x20004a48,INT_ZEXT(mem[ram:20002fde]),0x1)		0xf0
decompiler	ram:00005af0	ram:00006306	sb a4,0x0(a5)	1546	write	ram	1	PTRADD(0x20004a48,INT_AND(INT_ADD(INT_ZEXT(mem[ram:20002fde]),0x1),0xffff),0x1)		0xb0
decompiler	ram:00005af0	ram:00006316	c.j 0x000061b2	8191	read	ram	2	ram:20002fd8	0x20002fd8	
decompiler	ram:00005af0	ram:00006322	bne a4,a5,0x000061b2	1256	read	ram	1	ram:20002fd4	0x20002fd4	
decompiler	ram:00005af0	ram:00006322	bne a4,a5,0x000061b2	8192	read	ram	2	ram:20002fd8	0x20002fd8	
decompiler	ram:00005af0	ram:00006326	beq s2,zero,0x000061b2	8193	read	ram	2	ram:20002fd8	0x20002fd8	
decompiler	ram:00005af0	ram:00006358	bne a0,zero,0x000061b2	8194	read	ram	2	ram:20002fd8	0x20002fd8	
decompiler	ram:00005af0	ram:00006360	sb zero,-0x388(a5)	1297	write	ram	1	ram:20002fd4	0x20002fd4	0x0
decompiler	ram:00005af0	ram:0000637c	c.bnez a5,0x00006402	1565	read	ram	2	ram:20002fd8	0x20002fd8	
decompiler	ram:00005af0	ram:00006382	lbu a5,-0x3ac(a5)	1572	read	ram	1	ram:20002fd2	0x20002fd2	
decompiler	ram:00005af0	ram:00006394	lhu a5,0x0(a5)	1582	read	ram	2	PTRADD(0x20004c0c,INT_ZEXT(mem[ram:20002fd2]),0x2)		
decompiler	ram:00005af0	ram:000063c6	sb a5,0x0(a0)	1625	write	ram	1	CAST(CALLIND(mem[ram:00040128],mem[ram:20002f36],0x12,0x2,0x0,0x0,mem[ram:00040128]))		0x1
decompiler	ram:00005af0	ram:000063c6	sb a5,0x0(a0)	8182	read	ram	1	ram:20002fdc	0x20002fdc	
decompiler	ram:00005af0	ram:000063d8	sb zero,0x1(a5)	1639	write	ram	1	PTRADD(CAST(CALLIND(mem[ram:00040128],mem[ram:20002f36],0x12,0x2,0x0,0x0,mem[ram:00040128])),0x1,0x1)		0x0
decompiler	ram:00005af0	ram:000063f6	sh a5,-0x41a(a4)	1663	write	ram	2	ram:20002fd8	0x20002fd8	SUBPIECE(INDIRECT(INDIRECT(PIECE(0x2,LOAD(0x1a1,(register, 0x203c, 4))),0x64f),0x674),0x0)
decompiler	ram:00005af0	ram:000063fe	sb zero,-0x428(a5)	1668	write	ram	1	ram:20002fd2	0x20002fd2	0x0
decompiler	ram:00005af0	ram:00006420	lbu a5,-0x44a(a5)	1691	read	ram	1	ram:20002fd2	0x20002fd2	
decompiler	ram:00005af0	ram:00006432	lhu a5,0x0(a5)	1701	read	ram	2	PTRADD(0x20004c0c,INT_ZEXT(mem[ram:20002fd2]),0x2)		
decompiler	ram:00005af0	ram:00006460	sh a5,-0x484(a4)	1737	write	ram	2	ram:20002fd8	0x20002fd8	SUBPIECE(INDIRECT(PIECE(SUBPIECE((stack, 0xfffffffffffffec0, 4),0x2),LOAD(0x1a1,PTRADD((unique, 0x10000171, 4),(register, 0x203c, 4),0x2))),0x6be),0x0)
decompiler	ram:00005af0	ram:00006468	sb zero,-0x492(a5)	1742	write	ram	1	ram:20002fd2	0x20002fd2	0x0
decompiler	ram:000064b8	ram:000064be	sb zero,-0x4df(a5)	6	write	ram	1	ram:20002fdb	0x20002fdb	0x0
decompiler	ram:000064b8	ram:000064da	sh a5,-0x5a0(a4)	25	write	ram	2	ram:20002f36	0x20002f36	0xfffe
decompiler	ram:000064b8	ram:000064e4	sb zero,-0x50d(a5)	33	write	ram	1	ram:20002fd3	0x20002fd3	0x0
decompiler	ram:000064b8	ram:000064ec	sb zero,-0x517(a5)	38	write	ram	1	ram:20002fd1	0x20002fd1	0x0
decompiler	ram:000064b8	ram:000064f4	sb zero,-0x516(a5)	43	write	ram	1	ram:20002fda	0x20002fda	0x0
decompiler	ram:000064b8	ram:000064fc	sb zero,-0x530(a5)	48	write	ram	1	ram:20002fc8	0x20002fc8	0x0
decompiler	ram:000064b8	ram:00006504	sw zero,0x744(a5)	53	write	ram	4	ram:20004c44	0x20004c44	0x0
decompiler	ram:000064b8	ram:0000650c	sw zero,0x740(a5)	58	write	ram	4	ram:20004c48	0x20004c48	0x0
decompiler	ram:000064b8	ram:00006514	sh zero,0x73c(a5)	63	write	ram	2	ram:20004c4c	0x20004c4c	0x0
decompiler	ram:000064b8	ram:00006532	sw zero,0x702(a5)	80	write	ram	4	ram:20004c30	0x20004c30	0x0
decompiler	ram:000064b8	ram:0000653a	sw zero,0x6fe(a5)	85	write	ram	4	ram:20004c34	0x20004c34	0x0
decompiler	ram:000064b8	ram:00006542	sw zero,0x6fa(a5)	90	write	ram	4	ram:20004c38	0x20004c38	0x0
decompiler	ram:000064b8	ram:0000654a	sw zero,0x6f6(a5)	95	write	ram	4	ram:20004c3c	0x20004c3c	0x0
decompiler	ram:000064b8	ram:00006552	sb zero,0x6f2(a5)	100	write	ram	1	ram:20004c40	0x20004c40	0x0
decompiler	ram:000064b8	ram:0000655a	sh zero,-0x58a(a5)	105	write	ram	2	ram:20002fcc	0x20002fcc	0x0
decompiler	ram:000064b8	ram:00006562	sb zero,-0x590(a5)	110	write	ram	1	ram:20002fce	0x20002fce	0x0
decompiler	ram:000064b8	ram:0000656a	sb zero,-0x594(a5)	115	write	ram	1	ram:20002fd2	0x20002fd2	0x0
decompiler	ram:000064b8	ram:00006572	sb zero,-0x598(a5)	120	write	ram	1	ram:20002fd6	0x20002fd6	0x0
decompiler	ram:000064b8	ram:0000657a	sh zero,-0x59e(a5)	125	write	ram	2	ram:20002fd8	0x20002fd8	0x0
decompiler	ram:000064b8	ram:00006582	sb zero,-0x5af(a5)	130	write	ram	1	ram:20002fcf	0x20002fcf	0x0
decompiler	ram:000064b8	ram:0000658c	sw zero,-0x658(a5)	137	write	ram	4	ram:20002f30	0x20002f30	0x0
decompiler	ram:000064b8	ram:00006594	sh zero,-0x65c(a5)	142	write	ram	2	ram:20002f34	0x20002f34	0x0
decompiler	ram:000065a0	ram:0000661e	lbu s0,0x0(a5)	123	read	ram	1	PTRADD((register, 0x202c, 4),MULTIEQUAL(0x0,INT_AND(INT_ADD(MULTIEQUAL(0x0,INT_AND(INT_ADD((register, 0x2024, 4),(register, 0x2020, 4)),0xff)),INT_ADD(INT_ZEXT(CAST((unique, 0x5400, 1))),0x1)),0xff)),0x1)		
decompiler	ram:000065a0	ram:0000662c	lbu a4,0x1(a5)	132	read	ram	1	PTRADD(PTRADD((register, 0x202c, 4),MULTIEQUAL(0x0,INT_AND(INT_ADD(MULTIEQUAL(0x0,INT_AND((register, 0x2024, 4),0xff)),INT_ADD(INT_ZEXT((unique, 0x100000f8, 1)),0x1)),0xff)),0x1),0x1,0x1)		
decompiler	ram:000065a0	ram:00006682	lbu a3,0x0(s10)	255	read	ram	2	CAST(PTRADD((register, 0x202c, 4),INT_ADD(MULTIEQUAL(0x0,INT_AND(INT_ADD(MULTIEQUAL((register, 0x2024, 4),(register, 0x2024, 4)),INT_ADD((register, 0x2020, 4),0x1)),0xff)),0x2),0x1))		
decompiler	ram:000065a0	ram:0000668e	lbu a3,0x1(s10)	263	read	ram	1	CAST(INT_ADD(CAST(CAST(PTRADD((register, 0x202c, 4),INT_ADD(MULTIEQUAL((register, 0x2024, 4),(register, 0x2024, 4)),0x2),0x1))),0x1))		
decompiler	ram:000065a0	ram:0000669a	lbu a3,0x2(s10)	271	read	ram	2	PTRADD(CAST(PTRADD((register, 0x202c, 4),INT_ADD(MULTIEQUAL(0x0,INT_AND(INT_ADD((register, 0x2024, 4),(register, 0x2020, 4)),0xff)),0x2),0x1)),0x1,0x2)		
decompiler	ram:000065a0	ram:000066a6	lbu a3,0x3(s10)	279	read	ram	1	CAST(INT_ADD(CAST(CAST(PTRADD((register, 0x202c, 4),INT_ADD(MULTIEQUAL((register, 0x2024, 4),(register, 0x2024, 4)),0x2),0x1))),0x3))		
decompiler	ram:000065a0	ram:000066ca	lbu a3,0x5(s10)	313	read	ram	1	CAST(INT_ADD(CAST(CAST(PTRADD((register, 0x202c, 4),INT_ADD(MULTIEQUAL((register, 0x2024, 4),(register, 0x2024, 4)),0x2),0x1))),0x5))		
decompiler	ram:000065a0	ram:000066ce	lbu a4,0x4(s10)	317	read	ram	1	CAST(PTRADD(CAST(PTRADD((register, 0x202c, 4),INT_ADD(MULTIEQUAL(0x0,INT_AND((register, 0x2024, 4),0xff)),0x2),0x1)),0x2,0x2))		
decompiler	ram:000065a0	ram:000066d4	lbu a3,0x6(s10)	322	read	ram	1	CAST(PTRADD(CAST(PTRADD((register, 0x202c, 4),INT_ADD(MULTIEQUAL(0x0,INT_AND((register, 0x2024, 4),0xff)),0x2),0x1)),0x3,0x2))		
decompiler	ram:000065a0	ram:000066da	lbu a3,0x7(s10)	327	read	ram	1	CAST(INT_ADD(CAST(CAST(PTRADD((register, 0x202c, 4),INT_ADD(MULTIEQUAL((register, 0x2024, 4),(register, 0x2024, 4)),0x2),0x1))),0x7))		
decompiler	ram:000065a0	ram:0000672e	sh a4,0xc(s2)	494	write	ram	2	PTRADD(0x20004c5c,INT_MULT((register, 0x2034, 4),0x27),0x2)		MULTIEQUAL(0x0,LOAD(0x1a1,MULTIEQUAL(COPY(CAST((unique, 0x10000101, 4))),PTRADD(MULTIEQUAL((unique, 0x100000f4, 4),(register, 0x2034, 4)),0x1,0x2))))
decompiler	ram:000065a0	ram:00006748	sh a4,0xa(s2)	177	write	ram	2	CAST(PTRADD(0x20004c5a,INT_MULT((register, 0x2034, 4),0x4e),0x1))		MULTIEQUAL(MULTIEQUAL(0x0,LOAD(0x1a1,MULTIEQUAL(COPY((register, 0x2068, 4)),PTRADD((register, 0x2034, 4),0x1,0x2)))),LOAD(0x1a1,MULTIEQUAL(COPY(CAST((unique, 0x10000101, 4))),PTRADD(MULTIEQUAL((unique, 0x100000f0, 4),(register, 0x2034, 4)),0x1,0x2))))
decompiler	ram:000065a0	ram:0000674e	lbu a5,0x0(s5)	213	read	ram	1	(register, 0x202c, 4)		
decompiler	ram:000065a0	ram:00006752	sb a5,0x8(s2)	217	write	ram	1	PTRADD(0x20004c58,INT_MULT((register, 0x2034, 4),0x4e),0x1)		LOAD(0x1a1,(register, 0x202c, 4))
decompiler	ram:000065a0	ram:0000675e	sb s9,0x2e(s2)	226	write	ram	1	PTRADD(0x20004c7e,INT_MULT((register, 0x2034, 4),0x4e),0x1)		SUBPIECE(INT_SUB(INT_ZEXT(CAST(LOAD(0x1a1,(register, 0x203c, 4)))),0x1),0x0)
decompiler	ram:000065a0	ram:00006778	lbu a2,0x0(a3)	883	read	ram	2	MULTIEQUAL(COPY(CAST(PTRADD((register, 0x202c, 4),INT_ADD(MULTIEQUAL(0x0,INT_AND((register, 0x2024, 4),0xff)),0x2),0x1))),PTRADD(MULTIEQUAL(COPY(CAST(PTRADD((register, 0x202c, 4),INT_ADD((register, 0x2024, 4),0x2),0x1))),PTRADD(MULTIEQUAL(COPY(CAST((unique, 0x10000101, 4))),PTRADD(MULTIEQUAL((unique, 0x100000f0, 4),(register, 0x2034, 4)),0x1,0x2)),0x1,0x2)),0x1,0x2))		
decompiler	ram:000065a0	ram:0000679c	lbu a2,0x0(a3)	885	read	ram	2	MULTIEQUAL(COPY(CAST(PTRADD((register, 0x202c, 4),INT_ADD(MULTIEQUAL(0x0,INT_AND((register, 0x2024, 4),0xff)),0x2),0x1))),PTRADD(MULTIEQUAL(COPY(CAST(PTRADD((register, 0x202c, 4),INT_ADD((register, 0x2024, 4),0x2),0x1))),PTRADD(MULTIEQUAL(COPY(CAST((unique, 0x10000101, 4))),PTRADD(MULTIEQUAL((unique, 0x100000f4, 4),(register, 0x2034, 4)),0x1,0x2)),0x1,0x2)),0x1,0x2))		
decompiler	ram:000065a0	ram:000067be	lhu a3,0xc(s2)	452	read	ram	2	PTRADD(0x20004c5c,INT_MULT((register, 0x2034, 4),0x27),0x2)		
decompiler	ram:000065a0	ram:000067de	lbu a1,0x0(a3)	470	read	ram	1	CAST(INT_ADD(CAST(CAST(PTRADD((register, 0x202c, 4),INT_ADD(MULTIEQUAL((register, 0x2024, 4),(register, 0x2024, 4)),0x2),0x1))),MULTIEQUAL(0x0,INT_ADD(MULTIEQUAL(0x0,INT_ADD(MULTIEQUAL((register, 0x2038, 4),(register, 0x2038, 4)),0x1)),0x1))))		
decompiler	ram:000065a0	ram:00006844	sw zero,0x6f0(a5)	435	write	ram	4	ram:20002f30	0x20002f30	0x0
decompiler	ram:000065a0	ram:0000684c	sh zero,0x6ec(a5)	440	write	ram	2	ram:20002f34	0x20002f34	0x0
decompiler	ram:0000685a	ram:0000687e	lhu a3,0xc(a5)	33	read	ram	2	PTRADD(0x20004c5c,INT_MULT((register, 0x2028, 4),0x27),0x2)		
decompiler	ram:0000685a	ram:0000688c	lbu s2,0x2e(a5)	44	read	ram	1	PTRADD(0x20004c7e,INT_MULT((register, 0x2028, 4),0x4e),0x1)		
decompiler	ram:0000685a	ram:000068c4	lbu a4,0xc3(a5)	80	read	ram	1	PTRADD(0x20004c03,MULTIEQUAL(0x0,INT_ADD(MULTIEQUAL(0x0,INT_ADD(MULTIEQUAL(0x0,INT_ADD((register, 0x2020, 4),0x1)),0x1)),0x1)),0x1)		
decompiler	ram:0000685a	ram:000068ce	sb s2,0xc3(a5)	88	write	ram	1	PTRADD(0x20004c03,MULTIEQUAL(0x0,INT_ADD(MULTIEQUAL(0x0,INT_ADD(MULTIEQUAL(0x0,INT_ADD((register, 0x2020, 4),0x1)),0x1)),0x1)),0x1)		LOAD(0x1a1,PTRADD(0x20004c7e,INT_MULT((register, 0x2028, 4),0x4e),0x1))
decompiler	ram:0000685a	ram:000068f2	j 0x000078b2	335	write	ram	4	ram:0004003c	0x4003c	mem[ram:0004003c]
decompiler	ram:0000685a	ram:000068f2	j 0x000078b2	335	read	ram	4	ram:0004003c	0x4003c	
decompiler	ram:0000685a	ram:000068f2	j 0x000078b2	348	write	ram	1	ram:20004c08	0x20004c08	mem[ram:20004c08]
decompiler	ram:0000685a	ram:000068f2	j 0x000078b2	348	read	ram	1	ram:20004c08	0x20004c08	
decompiler	ram:0000685a	ram:00006904	lbu a5,0x308(a5)	165	read	ram	1	ram:20004c08	0x20004c08	
decompiler	ram:0000685a	ram:0000691a	sb zero,0xa(a5)	176	write	ram	1	PTRADD(0x20004b4a,INT_MULT(INT_ZEXT(mem[ram:20004c08]),0x1f),0x1)		0x0
decompiler	ram:0000685a	ram:00006922	lbu a0,0x2ea(a0)	182	read	ram	1	ram:20004c08	0x20004c08	
decompiler	ram:0000685a	ram:00006936	lbu a0,0x2d6(a0)	194	read	ram	1	ram:20004c08	0x20004c08	
decompiler	ram:0000685a	ram:0000693e	sb s2,0xc3(a5)	198	write	ram	1	PTRADD(0x20004c03,INT_ZEXT(mem[ram:20004c08]),0x1)		LOAD(0x1a1,PTRADD(0x20004c7e,INT_MULT((register, 0x2028, 4),0x4e),0x1))
decompiler	ram:0000685a	ram:00006960	bltu a4,a5,0x00006982	218	read	ram	1	ram:20004c08	0x20004c08	
decompiler	ram:0000685a	ram:00006986	sb zero,0x286(a5)	231	write	ram	1	ram:20004c08	0x20004c08	0x0
decompiler	ram:0000685a	ram:0000698a	c.j 0x0000696e	337	write	ram	4	ram:0004003c	0x4003c	mem[ram:0004003c]
decompiler	ram:0000685a	ram:0000698a	c.j 0x0000696e	337	read	ram	4	ram:0004003c	0x4003c	
decompiler	ram:0000685a	ram:0000698a	c.j 0x0000696e	350	write	ram	1	ram:20004c08	0x20004c08	mem[ram:20004c08]
decompiler	ram:0000685a	ram:0000698a	c.j 0x0000696e	350	read	ram	1	ram:20004c08	0x20004c08	
decompiler	ram:00006982	ram:00006986	sb zero,0x286(a5)	4	write	ram	1	ram:20004c08	0x20004c08	0x0
decompiler	ram:00006982	ram:0000698a	c.j 0x0000696e	13	write	ram	1	ram:20004c08	0x20004c08	mem[ram:20004c08]
decompiler	ram:00006982	ram:0000698a	c.j 0x0000696e	13	read	ram	1	ram:20004c08	0x20004c08	
decompiler	ram:00006c78	ram:00006c7c	lhu a5,0x384(a5)	5	read	ram	2	ram:20002ffc	0x20002ffc	
decompiler	ram:00006cb0	ram:00006ce0	c.lwsp ra,0x1c(sp)	910	write	ram	4	ram:0004003c	0x4003c	mem[ram:0004003c]
decompiler	ram:00006cb0	ram:00006ce0	c.lwsp ra,0x1c(sp)	910	read	ram	4	ram:0004003c	0x4003c	
decompiler	ram:00006cb0	ram:00006ce0	c.lwsp ra,0x1c(sp)	939	write	ram	4	ram:00040048	0x40048	mem[ram:00040048]
decompiler	ram:00006cb0	ram:00006ce0	c.lwsp ra,0x1c(sp)	939	read	ram	4	ram:00040048	0x40048	
decompiler	ram:00006cb0	ram:00006ce0	c.lwsp ra,0x1c(sp)	968	write	ram	4	ram:0004004c	0x4004c	mem[ram:0004004c]
decompiler	ram:00006cb0	ram:00006ce0	c.lwsp ra,0x1c(sp)	968	read	ram	4	ram:0004004c	0x4004c	
decompiler	ram:00006cb0	ram:00006ce0	c.lwsp ra,0x1c(sp)	997	write	ram	4	ram:00040058	0x40058	mem[ram:00040058]
decompiler	ram:00006cb0	ram:00006ce0	c.lwsp ra,0x1c(sp)	997	read	ram	4	ram:00040058	0x40058	
decompiler	ram:00006cb0	ram:00006ce0	c.lwsp ra,0x1c(sp)	1026	write	ram	4	ram:00040068	0x40068	mem[ram:00040068]
decompiler	ram:00006cb0	ram:00006ce0	c.lwsp ra,0x1c(sp)	1026	read	ram	4	ram:00040068	0x40068	
decompiler	ram:00006cb0	ram:00006ce0	c.lwsp ra,0x1c(sp)	1055	write	ram	4	ram:0004006c	0x4006c	mem[ram:0004006c]
decompiler	ram:00006cb0	ram:00006ce0	c.lwsp ra,0x1c(sp)	1055	read	ram	4	ram:0004006c	0x4006c	
decompiler	ram:00006cb0	ram:00006ce0	c.lwsp ra,0x1c(sp)	1084	write	ram	4	ram:00040174	0x40174	mem[ram:00040174]
decompiler	ram:00006cb0	ram:00006ce0	c.lwsp ra,0x1c(sp)	1084	read	ram	4	ram:00040174	0x40174	
decompiler	ram:00006cb0	ram:00006ce0	c.lwsp ra,0x1c(sp)	1113	write	ram	4	ram:0004017c	0x4017c	mem[ram:0004017c]
decompiler	ram:00006cb0	ram:00006ce0	c.lwsp ra,0x1c(sp)	1113	read	ram	4	ram:0004017c	0x4017c	
decompiler	ram:00006cb0	ram:00006ce0	c.lwsp ra,0x1c(sp)	1142	write	ram	4	ram:000401a4	0x401a4	mem[ram:000401a4]
decompiler	ram:00006cb0	ram:00006ce0	c.lwsp ra,0x1c(sp)	1142	read	ram	4	ram:000401a4	0x401a4	
decompiler	ram:00006cb0	ram:00006ce0	c.lwsp ra,0x1c(sp)	1171	write	ram	4	ram:000401a8	0x401a8	mem[ram:000401a8]
decompiler	ram:00006cb0	ram:00006ce0	c.lwsp ra,0x1c(sp)	1171	read	ram	4	ram:000401a8	0x401a8	
decompiler	ram:00006cb0	ram:00006ce0	c.lwsp ra,0x1c(sp)	1200	write	ram	1	ram:20002e9c	0x20002e9c	mem[ram:20002e9c]
decompiler	ram:00006cb0	ram:00006ce0	c.lwsp ra,0x1c(sp)	1200	read	ram	1	ram:20002e9c	0x20002e9c	
decompiler	ram:00006cb0	ram:00006ce0	c.lwsp ra,0x1c(sp)	1229	write	ram	1	ram:20002ea6	0x20002ea6	mem[ram:20002ea6]
decompiler	ram:00006cb0	ram:00006ce0	c.lwsp ra,0x1c(sp)	1229	read	ram	1	ram:20002ea6	0x20002ea6	
decompiler	ram:00006cb0	ram:00006ce0	c.lwsp ra,0x1c(sp)	1259	write	ram	1	ram:20002f44	0x20002f44	mem[ram:20002f44]
decompiler	ram:00006cb0	ram:00006ce0	c.lwsp ra,0x1c(sp)	1259	read	ram	1	ram:20002f44	0x20002f44	
decompiler	ram:00006cb0	ram:00006ce0	c.lwsp ra,0x1c(sp)	1288	write	ram	1	ram:20002f89	0x20002f89	mem[ram:20002f89]
decompiler	ram:00006cb0	ram:00006ce0	c.lwsp ra,0x1c(sp)	1288	read	ram	1	ram:20002f89	0x20002f89	
decompiler	ram:00006cb0	ram:00006ce0	c.lwsp ra,0x1c(sp)	1317	write	ram	1	ram:20002f8a	0x20002f8a	mem[ram:20002f8a]
decompiler	ram:00006cb0	ram:00006ce0	c.lwsp ra,0x1c(sp)	1317	read	ram	1	ram:20002f8a	0x20002f8a	
decompiler	ram:00006cb0	ram:00006ce0	c.lwsp ra,0x1c(sp)	1346	write	ram	1	ram:20002fb5	0x20002fb5	mem[ram:20002fb5]
decompiler	ram:00006cb0	ram:00006ce0	c.lwsp ra,0x1c(sp)	1346	read	ram	1	ram:20002fb5	0x20002fb5	
decompiler	ram:00006cb0	ram:00006ce0	c.lwsp ra,0x1c(sp)	1375	write	ram	4	ram:20002ff0	0x20002ff0	mem[ram:20002ff0]
decompiler	ram:00006cb0	ram:00006ce0	c.lwsp ra,0x1c(sp)	1375	read	ram	4	ram:20002ff0	0x20002ff0	
decompiler	ram:00006cb0	ram:00006ce0	c.lwsp ra,0x1c(sp)	1404	write	ram	4	ram:20002ff4	0x20002ff4	mem[ram:20002ff4]
decompiler	ram:00006cb0	ram:00006ce0	c.lwsp ra,0x1c(sp)	1404	read	ram	4	ram:20002ff4	0x20002ff4	
decompiler	ram:00006cb0	ram:00006ce0	c.lwsp ra,0x1c(sp)	1433	write	ram	4	ram:20002ff8	0x20002ff8	mem[ram:20002ff8]
decompiler	ram:00006cb0	ram:00006ce0	c.lwsp ra,0x1c(sp)	1433	read	ram	4	ram:20002ff8	0x20002ff8	
decompiler	ram:00006cb0	ram:00006ce0	c.lwsp ra,0x1c(sp)	1462	write	ram	2	ram:20002ffc	0x20002ffc	mem[ram:20002ffc]
decompiler	ram:00006cb0	ram:00006ce0	c.lwsp ra,0x1c(sp)	1462	read	ram	2	ram:20002ffc	0x20002ffc	
decompiler	ram:00006cb0	ram:00006ce0	c.lwsp ra,0x1c(sp)	1491	write	ram	1	ram:40001043	0x40001043	mem[ram:40001043]
decompiler	ram:00006cb0	ram:00006ce0	c.lwsp ra,0x1c(sp)	1491	read	ram	1	ram:40001043	0x40001043	
decompiler	ram:00006cb0	ram:00006d6c	beq a4,a5,0x00006d7c	154	read	ram	1	ram:20002e9c	0x20002e9c	
decompiler	ram:00006cb0	ram:00006d90	bne a4,a5,0x00006d70	376	read	ram	1	ram:20002e9c	0x20002e9c	
decompiler	ram:00006cb0	ram:00006da0	c.beqz a4,0x00006db4	172	read	ram	1	ram:20002f8a	0x20002f8a	
decompiler	ram:00006cb0	ram:00006dac	beq a3,a4,0x00006db4	182	read	ram	1	ram:20002f89	0x20002f89	
decompiler	ram:00006cb0	ram:00006dbc	beq a4,a5,0x00006dca	192	read	ram	1	ram:20002ea6	0x20002ea6	
decompiler	ram:00006cb0	ram:00006dbc	beq a4,a5,0x00006dca	1972	read	ram	1	ram:20002ea6	0x20002ea6	
decompiler	ram:00006cb0	ram:00006e4a	bne a4,a5,0x00006e94	289	read	ram	4	ram:20002ff8	0x20002ff8	
decompiler	ram:00006cb0	ram:00006e6e	c.bnez a4,0x00006e8e	312	read	ram	4	ram:20002ff4	0x20002ff4	
decompiler	ram:00006cb0	ram:00006e90	beq a4,a3,0x00006e70	358	read	ram	4	ram:20002ff4	0x20002ff4	
decompiler	ram:00006cb0	ram:00006ee8	sb zero,0x43(a5)	419	write	ram	1	ram:40001043	0x40001043	0x0
decompiler	ram:00006cb0	ram:00006f16	c.bnez a5,0x00006f30	450	read	ram	1	ram:20002fb5	0x20002fb5	
decompiler	ram:00006f6c	ram:00006fc6	sb a5,-0x3a(a4)	81	write	ram	1	ram:20002f88	0x20002f88	0x1
decompiler	ram:00006f6c	ram:00006fe4	sb zero,-0x58(a5)	110	write	ram	1	ram:20002f88	0x20002f88	0x0
decompiler	ram:00006f6c	ram:00006ff0	sb a5,-0x64(a4)	118	write	ram	1	ram:20002f88	0x20002f88	0x1
decompiler	ram:00006ff6	ram:00007050	sb a5,-0xc4(a4)	81	write	ram	1	ram:20002f88	0x20002f88	0x1
decompiler	ram:00006ff6	ram:0000706e	sb zero,-0xe2(a5)	110	write	ram	1	ram:20002f88	0x20002f88	0x0
decompiler	ram:00006ff6	ram:0000707a	sb a5,-0xee(a4)	118	write	ram	1	ram:20002f88	0x20002f88	0x1
decompiler	ram:00007080	ram:00007080	lhu a4,0x4(a0)	2	read	ram	2	CAST(INT_ADD((register, 0x2028, 4),0x4))		
decompiler	ram:00007080	ram:00007088	lhu a5,-0x88(a5)	114	write	ram	2	ram:20002ffc	0x20002ffc	mem[ram:20002ffc]
decompiler	ram:00007080	ram:00007088	lhu a5,-0x88(a5)	114	read	ram	4	ram:20002ffc	0x20002ffc	
decompiler	ram:00007080	ram:0000708c	bne a4,a5,0x000070e4	10	read	ram	2	ram:20002ffc	0x20002ffc	
decompiler	ram:00007080	ram:00007098	sw a5,-0x98(a4)	22	write	ram	4	ram:20002ffc	0x20002ffc	0xfffe
decompiler	ram:00007080	ram:000070a0	sw zero,-0x9c(a5)	27	write	ram	4	ram:20003000	0x20003000	0x0
decompiler	ram:00007080	ram:000070b8	beq a4,a5,0x000070c6	46	read	ram	1	ram:20002f89	0x20002f89	
decompiler	ram:00007080	ram:000070c4	c.bnez a5,0x000070ca	54	read	ram	1	ram:20002f8a	0x20002f8a	
decompiler	ram:00007106	ram:00007130	sw s1,-0x134(a5)	38	write	ram	4	ram:20002ff8	0x20002ff8	(register, 0x2028, 4)
decompiler	ram:00007106	ram:00007148	lbu a4,0x2(a1)	179	read	ram	1	CAST(INT_ADD((register, 0x202c, 4),0x2))		
decompiler	ram:00007106	ram:00007156	sw zero,-0x162(a5)	189	write	ram	4	ram:20002ff0	0x20002ff0	0x0
decompiler	ram:00007106	ram:00007166	lhu a0,0xa(a1)	204	read	ram	2	CAST(INT_ADD((register, 0x202c, 4),0xa))		
decompiler	ram:00007106	ram:0000716a	beq a4,a5,0x00007250	206	read	ram	2	ram:20002ffc	0x20002ffc	
decompiler	ram:00007106	ram:00007178	lbu a4,0x2(s0)	217	read	ram	1	CAST(INT_ADD((register, 0x202c, 4),0x2))		
decompiler	ram:00007106	ram:00007182	lbu a5,0x6(s0)	225	read	ram	1	CAST(INT_ADD((register, 0x202c, 4),0x6))		
decompiler	ram:00007106	ram:000071c4	lhu a3,0x4(s0)	89	read	ram	2	ram:20002fec	0x20002fec	
decompiler	ram:00007106	ram:0000722c	lbu a4,0x2(a1)	301	read	ram	1	CAST(INT_ADD((register, 0x202c, 4),0x2))		
decompiler	ram:00007106	ram:0000723a	lbu a5,0x6(s0)	312	read	ram	1	CAST(INT_ADD((register, 0x202c, 4),0x6))		
decompiler	ram:00007106	ram:0000724a	sw zero,-0x252(a5)	323	write	ram	4	ram:20002ff4	0x20002ff4	0x0
decompiler	ram:00007106	ram:00007258	lhu a5,0xe(a1)	240	read	ram	2	CAST(INT_ADD((register, 0x202c, 4),0xe))		
decompiler	ram:00007106	ram:0000726a	lhu a5,0x10(a1)	255	read	ram	2	CAST(INT_ADD((register, 0x202c, 4),0x10))		
decompiler	ram:00007106	ram:0000727e	lhu a5,0x12(a1)	270	read	ram	2	CAST(INT_ADD((register, 0x202c, 4),0x12))		
decompiler	ram:00007106	ram:00007296	lbu a4,0x2(a1)	289	read	ram	1	CAST(INT_ADD((register, 0x202c, 4),0x2))		
decompiler	ram:000072e0	ram:00007428	c.sw a5,0x0(a4)	240	write	ram	4	ram:20002ffc	0x20002ffc	0xfffe
decompiler	ram:000072e0	ram:0000742a	sw zero,0x4(a4)	243	write	ram	4	ram:20003000	0x20003000	0x0
decompiler	ram:00007568	ram:00007608	lbu a2,0x0(a4)	127	read	ram	1	CAST(INT_ADD((register, 0x2028, 4),MULTIEQUAL(0x0,INT_ADD(MULTIEQUAL(0x0,INT_ADD(MULTIEQUAL((register, 0x203c, 4),(register, 0x203c, 4)),0x1)),0x1))))		
decompiler	ram:00007568	ram:00007612	sb a2,0x0(a4)	134	write	ram	1	PTRADD(0x200042b0,MULTIEQUAL(0x0,INT_ADD(MULTIEQUAL(0x0,INT_ADD(MULTIEQUAL(0x0,INT_ADD((register, 0x203c, 4),0x1)),0x1)),0x1)),0x1)		LOAD(0x1a1,CAST(INT_ADD((register, 0x2028, 4),MULTIEQUAL(0x0,INT_ADD((register, 0x203c, 4),0x1)))))
decompiler	ram:00007618	ram:00007684	sb s0,-0x692(a5)	86	write	ram	1	ram:20002fee	0x20002fee	MULTIEQUAL(MULTIEQUAL(0x0,MULTIEQUAL(MULTIEQUAL(0x0,MULTIEQUAL((register, 0x2020, 1),(register, 0x2020, 1))),INT_ADD(MULTIEQUAL((register, 0x2020, 1),(register, 0x2020, 1)),0x1))),INT_ADD(MULTIEQUAL(0x0,MULTIEQUAL(MULTIEQUAL((register, 0x2020, 1),(register, 0x2020, 1)),INT_ADD((register, 0x2020, 1),0x1))),0x1))
decompiler	ram:00007696	ram:000076aa	lbu a0,-0x6b8(a0)	25	read	ram	1	ram:20002fee	0x20002fee	
decompiler	ram:00007696	ram:00007722	lbu a0,-0x730(a0)	112	read	ram	1	ram:20002fee	0x20002fee	
decompiler	ram:0000773c	ram:0000775e	lbu a5,-0x76c(a5)	33	read	ram	1	ram:20002fee	0x20002fee	
decompiler	ram:0000773c	ram:00007768	c.lwsp ra,0x1c(sp)	121	write	ram	4	ram:0004003c	0x4003c	mem[ram:0004003c]
decompiler	ram:0000773c	ram:00007768	c.lwsp ra,0x1c(sp)	121	read	ram	4	ram:0004003c	0x4003c	
decompiler	ram:0000773c	ram:00007768	c.lwsp ra,0x1c(sp)	126	write	ram	1	ram:20002fee	0x20002fee	mem[ram:20002fee]
decompiler	ram:0000773c	ram:00007768	c.lwsp ra,0x1c(sp)	126	read	ram	1	ram:20002fee	0x20002fee	
decompiler	ram:0000780e	ram:00007840	c.lw a5,0x0(a5)	45	read	ram	4	PTRADD(0x9318,INT_ADD(MULTIEQUAL(0x0,INT_ADD(MULTIEQUAL(0x0,INT_ADD(MULTIEQUAL((register, 0x2020, 4),(register, 0x2020, 4)),0xffffffff)),0xffffffff)),0xffffffff),0x4)		
decompiler	ram:00007846	ram:0000789c	c.lw a5,0x0(a5)	79	read	ram	4	PTRADD(0x9310,MULTIEQUAL(0x0,INT_ADD(MULTIEQUAL(0x0,INT_ADD(MULTIEQUAL(0x0,INT_ADD((register, 0x2024, 4),0x1)),0x1)),0x1)),0x4)		
decompiler	ram:00007846	ram:000078aa	c.lw a5,0x0(a5)	68	read	ram	4	PTRADD(0x9310,MULTIEQUAL(0x0,INT_ADD(MULTIEQUAL(0x0,INT_ADD(MULTIEQUAL(0x0,INT_ADD((register, 0x2024, 4),0x1)),0x1)),0x1)),0x4)		
decompiler	ram:000078b2	ram:000078ca	lbu a3,0x0(a1)	15	read	ram	1	CAST(MULTIEQUAL(MULTIEQUAL((register, 0x202c, 4),(register, 0x202c, 4),MULTIEQUAL(MULTIEQUAL(COPY(MULTIEQUAL((register, 0x202c, 4),(register, 0x202c, 4))),COPY(PTRADD((register, 0x202c, 4),0x9,0x4))),PTRADD(MULTIEQUAL(MULTIEQUAL((unique, 0x10000065, 4),(unique, 0x10000069, 4)),PTRADD((register, 0x202c, 4),0x1,0x4)),0x1,0x4))),CAST(INT_ADD(CAST(MULTIEQUAL(MULTIEQUAL((register, 0x202c, 4),(register, 0x202c, 4),(register, 0x202c, 4)),CAST((unique, 0x100000b9, 4)))),0x1))))		
decompiler	ram:000078b2	ram:000078d2	sb a3,-0x1(a5)	23	write	ram	1	CAST(MULTIEQUAL(COPY(MULTIEQUAL((register, 0x2028, 4),(register, 0x2028, 4),MULTIEQUAL(MULTIEQUAL(MULTIEQUAL((register, 0x203c, 4),(register, 0x2028, 4)),PTRADD((register, 0x203c, 4),0x9,0x4)),PTRADD(MULTIEQUAL((register, 0x203c, 4),(register, 0x203c, 4)),0x1,0x4)))),COPY(CAST(INT_ADD(CAST(MULTIEQUAL((unique, 0x1000006d, 4),(unique, 0x10000071, 4))),0x1)))))		LOAD(0x1a1,CAST(MULTIEQUAL(MULTIEQUAL((register, 0x202c, 4),(register, 0x202c, 4),MULTIEQUAL((register, 0x202c, 4),(register, 0x202c, 4))),CAST(INT_ADD((unique, 0x100000b5, 4),0x1)))))
decompiler	ram:000078b2	ram:000078e4	lbu a3,0x0(a1)	35	read	ram	1	CAST(MULTIEQUAL(CAST(INT_ADD(CAST(MULTIEQUAL(CAST((unique, 0x10000091, 4)),(register, 0x202c, 4))),0x1)),(register, 0x202c, 4)))		
decompiler	ram:000078b2	ram:000078ec	sb a3,-0x1(a5)	43	write	ram	1	CAST(MULTIEQUAL(CAST(INT_ADD(CAST(MULTIEQUAL(CAST((unique, 0x1000009d, 4)),(register, 0x2028, 4))),0x1)),(register, 0x2028, 4)))		LOAD(0x1a1,CAST(MULTIEQUAL(CAST(INT_ADD((unique, 0x1000008d, 4),0x1)),(register, 0x202c, 4))))
decompiler	ram:000078b2	ram:00007902	lw t2,0x0(a1)	55	read	ram	4	MULTIEQUAL(COPY(MULTIEQUAL(CAST(INT_ADD(CAST(MULTIEQUAL((register, 0x202c, 4),(register, 0x202c, 4))),0x1)),(register, 0x202c, 4))),COPY(PTRADD(MULTIEQUAL(COPY(MULTIEQUAL(CAST((unique, 0x10000091, 4)),(register, 0x202c, 4))),COPY(PTRADD(MULTIEQUAL((unique, 0x10000065, 4),(unique, 0x10000069, 4)),0x9,0x4))),0x9,0x4)))		
decompiler	ram:000078b2	ram:00007906	lw t0,0x4(a1)	58	read	ram	4	PTRADD(MULTIEQUAL(COPY(MULTIEQUAL(CAST(INT_ADD(CAST((register, 0x202c, 4)),0x1)),(register, 0x202c, 4))),COPY(PTRADD(MULTIEQUAL(COPY(MULTIEQUAL((register, 0x202c, 4),(register, 0x202c, 4))),COPY(PTRADD((register, 0x202c, 4),0x9,0x4))),0x9,0x4))),0x1,0x4)		
decompiler	ram:000078b2	ram:0000790a	lw t6,0x8(a1)	61	read	ram	4	PTRADD(MULTIEQUAL(COPY(MULTIEQUAL(CAST(INT_ADD(CAST((register, 0x202c, 4)),0x1)),(register, 0x202c, 4))),COPY(PTRADD(MULTIEQUAL(COPY(MULTIEQUAL((register, 0x202c, 4),(register, 0x202c, 4))),COPY(PTRADD((register, 0x202c, 4),0x9,0x4))),0x9,0x4))),0x2,0x4)		
decompiler	ram:000078b2	ram:0000790e	lw t5,0xc(a1)	64	read	ram	4	PTRADD(MULTIEQUAL(COPY(MULTIEQUAL(CAST(INT_ADD(CAST((register, 0x202c, 4)),0x1)),(register, 0x202c, 4))),COPY(PTRADD(MULTIEQUAL(COPY(MULTIEQUAL((register, 0x202c, 4),(register, 0x202c, 4))),COPY(PTRADD((register, 0x202c, 4),0x9,0x4))),0x9,0x4))),0x3,0x4)		
decompiler	ram:000078b2	ram:00007912	lw t4,0x10(a1)	67	read	ram	4	PTRADD(MULTIEQUAL(COPY(MULTIEQUAL(CAST(INT_ADD(CAST((register, 0x202c, 4)),0x1)),(register, 0x202c, 4))),COPY(PTRADD(MULTIEQUAL(COPY(MULTIEQUAL((register, 0x202c, 4),(register, 0x202c, 4))),COPY(PTRADD((register, 0x202c, 4),0x9,0x4))),0x9,0x4))),0x4,0x4)		
decompiler	ram:000078b2	ram:00007916	lw t3,0x14(a1)	70	read	ram	4	PTRADD(MULTIEQUAL(COPY(MULTIEQUAL(CAST(INT_ADD(CAST((register, 0x202c, 4)),0x1)),(register, 0x202c, 4))),COPY(PTRADD(MULTIEQUAL(COPY(MULTIEQUAL((register, 0x202c, 4),(register, 0x202c, 4))),COPY(PTRADD((register, 0x202c, 4),0x9,0x4))),0x9,0x4))),0x5,0x4)		
decompiler	ram:000078b2	ram:0000791a	lw t1,0x18(a1)	73	read	ram	4	PTRADD(MULTIEQUAL(COPY(MULTIEQUAL(CAST(INT_ADD(CAST((register, 0x202c, 4)),0x1)),(register, 0x202c, 4))),COPY(PTRADD(MULTIEQUAL(COPY(MULTIEQUAL((register, 0x202c, 4),(register, 0x202c, 4))),COPY(PTRADD((register, 0x202c, 4),0x9,0x4))),0x9,0x4))),0x6,0x4)		
decompiler	ram:000078b2	ram:0000791e	lw a7,0x1c(a1)	76	read	ram	4	PTRADD(MULTIEQUAL(COPY(MULTIEQUAL(CAST(INT_ADD(CAST((register, 0x202c, 4)),0x1)),(register, 0x202c, 4))),COPY(PTRADD(MULTIEQUAL(COPY(MULTIEQUAL((register, 0x202c, 4),(register, 0x202c, 4))),COPY(PTRADD((register, 0x202c, 4),0x9,0x4))),0x9,0x4))),0x7,0x4)		
decompiler	ram:000078b2	ram:00007926	sw t2,0x0(a5)	81	write	ram	4	MULTIEQUAL(MULTIEQUAL(CAST(INT_ADD(CAST(MULTIEQUAL(CAST((unique, 0x1000009d, 4)),(register, 0x2028, 4))),0x1)),(register, 0x2028, 4)),PTRADD(MULTIEQUAL(MULTIEQUAL(CAST(INT_ADD(CAST((register, 0x203c, 4)),0x1)),(register, 0x2028, 4)),PTRADD(MULTIEQUAL(MULTIEQUAL(CAST((unique, 0x1000009d, 4)),(register, 0x2028, 4)),PTRADD(MULTIEQUAL((register, 0x203c, 4),(register, 0x203c, 4)),0x9,0x4)),0x9,0x4)),0x9,0x4))		LOAD(0x1a1,MULTIEQUAL(COPY(MULTIEQUAL(CAST((unique, 0x10000091, 4)),(register, 0x202c, 4))),COPY(PTRADD(MULTIEQUAL((unique, 0x10000065, 4),(unique, 0x10000069, 4)),0x9,0x4))))
decompiler	ram:000078b2	ram:0000792a	lw a6,-0x4(a1)	84	read	ram	4	PTRADD(MULTIEQUAL(COPY(MULTIEQUAL(CAST(INT_ADD(CAST((register, 0x202c, 4)),0x1)),(register, 0x202c, 4))),COPY(PTRADD(MULTIEQUAL(COPY(MULTIEQUAL((register, 0x202c, 4),(register, 0x202c, 4))),COPY(PTRADD((register, 0x202c, 4),0x9,0x4))),0x9,0x4))),0x8,0x4)		
decompiler	ram:000078b2	ram:0000792e	sw t0,0x4(a5)	87	write	ram	4	PTRADD(MULTIEQUAL(MULTIEQUAL(CAST(INT_ADD(CAST(MULTIEQUAL((register, 0x203c, 4),(register, 0x2028, 4))),0x1)),(register, 0x2028, 4)),PTRADD(MULTIEQUAL(MULTIEQUAL(CAST(INT_ADD((unique, 0x10000099, 4),0x1)),(register, 0x2028, 4)),PTRADD(MULTIEQUAL(MULTIEQUAL((register, 0x203c, 4),(register, 0x2028, 4)),PTRADD((register, 0x203c, 4),0x9,0x4)),0x9,0x4)),0x9,0x4)),0x1,0x4)		LOAD(0x1a1,PTRADD(MULTIEQUAL(COPY(MULTIEQUAL((register, 0x202c, 4),(register, 0x202c, 4))),COPY(PTRADD((register, 0x202c, 4),0x9,0x4))),0x1,0x4))
decompiler	ram:000078b2	ram:00007932	sw t6,0x8(a5)	90	write	ram	4	PTRADD(MULTIEQUAL(MULTIEQUAL(CAST(INT_ADD(CAST(MULTIEQUAL((register, 0x203c, 4),(register, 0x2028, 4))),0x1)),(register, 0x2028, 4)),PTRADD(MULTIEQUAL(MULTIEQUAL(CAST(INT_ADD((unique, 0x10000099, 4),0x1)),(register, 0x2028, 4)),PTRADD(MULTIEQUAL(MULTIEQUAL((register, 0x203c, 4),(register, 0x2028, 4)),PTRADD((register, 0x203c, 4),0x9,0x4)),0x9,0x4)),0x9,0x4)),0x2,0x4)		LOAD(0x1a1,PTRADD(MULTIEQUAL(COPY(MULTIEQUAL((register, 0x202c, 4),(register, 0x202c, 4))),COPY(PTRADD((register, 0x202c, 4),0x9,0x4))),0x2,0x4))
decompiler	ram:000078b2	ram:00007936	sw t5,0xc(a5)	93	write	ram	4	PTRADD(MULTIEQUAL(MULTIEQUAL(CAST(INT_ADD(CAST(MULTIEQUAL((register, 0x203c, 4),(register, 0x2028, 4))),0x1)),(register, 0x2028, 4)),PTRADD(MULTIEQUAL(MULTIEQUAL(CAST(INT_ADD((unique, 0x10000099, 4),0x1)),(register, 0x2028, 4)),PTRADD(MULTIEQUAL(MULTIEQUAL((register, 0x203c, 4),(register, 0x2028, 4)),PTRADD((register, 0x203c, 4),0x9,0x4)),0x9,0x4)),0x9,0x4)),0x3,0x4)		LOAD(0x1a1,PTRADD(MULTIEQUAL(COPY(MULTIEQUAL((register, 0x202c, 4),(register, 0x202c, 4))),COPY(PTRADD((register, 0x202c, 4),0x9,0x4))),0x3,0x4))
decompiler	ram:000078b2	ram:0000793a	sw t4,0x10(a5)	96	write	ram	4	PTRADD(MULTIEQUAL(MULTIEQUAL(CAST(INT_ADD(CAST(MULTIEQUAL((register, 0x203c, 4),(register, 0x2028, 4))),0x1)),(register, 0x2028, 4)),PTRADD(MULTIEQUAL(MULTIEQUAL(CAST(INT_ADD((unique, 0x10000099, 4),0x1)),(register, 0x2028, 4)),PTRADD(MULTIEQUAL(MULTIEQUAL((register, 0x203c, 4),(register, 0x2028, 4)),PTRADD((register, 0x203c, 4),0x9,0x4)),0x9,0x4)),0x9,0x4)),0x4,0x4)		LOAD(0x1a1,PTRADD(MULTIEQUAL(COPY(MULTIEQUAL((register, 0x202c, 4),(register, 0x202c, 4))),COPY(PTRADD((register, 0x202c, 4),0x9,0x4))),0x4,0x4))
decompiler	ram:000078b2	ram:0000793e	sw t3,0x14(a5)	99	write	ram	4	PTRADD(MULTIEQUAL(MULTIEQUAL(CAST(INT_ADD(CAST(MULTIEQUAL((register, 0x203c, 4),(register, 0x2028, 4))),0x1)),(register, 0x2028, 4)),PTRADD(MULTIEQUAL(MULTIEQUAL(CAST(INT_ADD((unique, 0x10000099, 4),0x1)),(register, 0x2028, 4)),PTRADD(MULTIEQUAL(MULTIEQUAL((register, 0x203c, 4),(register, 0x2028, 4)),PTRADD((register, 0x203c, 4),0x9,0x4)),0x9,0x4)),0x9,0x4)),0x5,0x4)		LOAD(0x1a1,PTRADD(MULTIEQUAL(COPY(MULTIEQUAL((register, 0x202c, 4),(register, 0x202c, 4))),COPY(PTRADD((register, 0x202c, 4),0x9,0x4))),0x5,0x4))
decompiler	ram:000078b2	ram:00007942	sw t1,0x18(a5)	102	write	ram	4	PTRADD(MULTIEQUAL(MULTIEQUAL(CAST(INT_ADD(CAST(MULTIEQUAL((register, 0x203c, 4),(register, 0x2028, 4))),0x1)),(register, 0x2028, 4)),PTRADD(MULTIEQUAL(MULTIEQUAL(CAST(INT_ADD((unique, 0x10000099, 4),0x1)),(register, 0x2028, 4)),PTRADD(MULTIEQUAL(MULTIEQUAL((register, 0x203c, 4),(register, 0x2028, 4)),PTRADD((register, 0x203c, 4),0x9,0x4)),0x9,0x4)),0x9,0x4)),0x6,0x4)		LOAD(0x1a1,PTRADD(MULTIEQUAL(COPY(MULTIEQUAL((register, 0x202c, 4),(register, 0x202c, 4))),COPY(PTRADD((register, 0x202c, 4),0x9,0x4))),0x6,0x4))
decompiler	ram:000078b2	ram:00007946	sw a7,0x1c(a5)	105	write	ram	4	PTRADD(MULTIEQUAL(MULTIEQUAL(CAST(INT_ADD(CAST(MULTIEQUAL((register, 0x203c, 4),(register, 0x2028, 4))),0x1)),(register, 0x2028, 4)),PTRADD(MULTIEQUAL(MULTIEQUAL(CAST(INT_ADD((unique, 0x10000099, 4),0x1)),(register, 0x2028, 4)),PTRADD(MULTIEQUAL(MULTIEQUAL((register, 0x203c, 4),(register, 0x2028, 4)),PTRADD((register, 0x203c, 4),0x9,0x4)),0x9,0x4)),0x9,0x4)),0x7,0x4)		LOAD(0x1a1,PTRADD(MULTIEQUAL(COPY(MULTIEQUAL((register, 0x202c, 4),(register, 0x202c, 4))),COPY(PTRADD((register, 0x202c, 4),0x9,0x4))),0x7,0x4))
decompiler	ram:000078b2	ram:0000794e	sw a6,-0x4(a5)	110	write	ram	4	PTRADD(MULTIEQUAL(MULTIEQUAL(CAST(INT_ADD(CAST(MULTIEQUAL((register, 0x203c, 4),(register, 0x2028, 4))),0x1)),(register, 0x2028, 4)),PTRADD(MULTIEQUAL(MULTIEQUAL(CAST(INT_ADD((unique, 0x10000099, 4),0x1)),(register, 0x2028, 4)),PTRADD(MULTIEQUAL(MULTIEQUAL((register, 0x203c, 4),(register, 0x2028, 4)),PTRADD((register, 0x203c, 4),0x9,0x4)),0x9,0x4)),0x9,0x4)),0x8,0x4)		LOAD(0x1a1,PTRADD(MULTIEQUAL(COPY(MULTIEQUAL((register, 0x202c, 4),(register, 0x202c, 4))),COPY(PTRADD((register, 0x202c, 4),0x9,0x4))),0x8,0x4))
decompiler	ram:000078b2	ram:00007954	c.lw a2,0x0(a1)	118	read	ram	4	MULTIEQUAL(MULTIEQUAL(COPY(MULTIEQUAL(CAST(INT_ADD(CAST((register, 0x202c, 4)),0x1)),(register, 0x202c, 4))),COPY(PTRADD(MULTIEQUAL(COPY(MULTIEQUAL((register, 0x202c, 4),(register, 0x202c, 4))),COPY(PTRADD((register, 0x202c, 4),0x9,0x4))),0x9,0x4))),PTRADD(MULTIEQUAL(MULTIEQUAL(COPY(MULTIEQUAL(CAST((unique, 0x10000091, 4)),(register, 0x202c, 4))),COPY(PTRADD(MULTIEQUAL((unique, 0x10000065, 4),(unique, 0x10000069, 4)),0x9,0x4))),PTRADD(MULTIEQUAL(MULTIEQUAL(COPY((register, 0x202c, 4)),COPY((register, 0x202c,...[truncated])		
decompiler	ram:000078b2	ram:0000795a	sw a2,-0x4(a5)	125	write	ram	4	MULTIEQUAL(MULTIEQUAL(MULTIEQUAL(CAST(INT_ADD(CAST(MULTIEQUAL((register, 0x203c, 4),(register, 0x2028, 4))),0x1)),(register, 0x2028, 4)),PTRADD(MULTIEQUAL(MULTIEQUAL(CAST(INT_ADD((unique, 0x10000099, 4),0x1)),(register, 0x2028, 4)),PTRADD(MULTIEQUAL(MULTIEQUAL((register, 0x203c, 4),(register, 0x2028, 4)),PTRADD((register, 0x203c, 4),0x9,0x4)),0x9,0x4)),0x9,0x4)),PTRADD(MULTIEQUAL(MULTIEQUAL(MULTIEQUAL(CAST(INT_ADD((unique, 0x10000099, 4),0x1)),(register, 0x2028, 4)),PTRADD(MULTIEQUAL(MULTIEQUAL((register, 0...[truncated])		LOAD(0x1a1,MULTIEQUAL(MULTIEQUAL(COPY(MULTIEQUAL((register, 0x202c, 4),(register, 0x202c, 4))),COPY(PTRADD((register, 0x202c, 4),0x9,0x4))),PTRADD(MULTIEQUAL(MULTIEQUAL((unique, 0x10000065, 4),(unique, 0x10000069, 4)),PTRADD((register, 0x202c, 4),0x1,0x4)),0x1,0x4)))
decompiler	ram:00007968	ram:0000798a	c.beqz s0,0x00007994	40	read	ram	4	ram:20002f48	0x20002f48	
decompiler	ram:00007968	ram:0000798c	c.lw a5,0x18(s0)	43	read	ram	4	ram:20002f48	0x20002f48	
decompiler	ram:00007968	ram:0000798c	c.lw a5,0x18(s0)	44	read	ram	4	CAST(PTRADD(mem[ram:20002f48],0x18,0x1))		
decompiler	ram:00007968	ram:00007994	c.lw a1,0x8(s0)	52	read	ram	4	CAST(PTRADD(COPY(mem[ram:20002f48]),0x8,0x1))		
decompiler	ram:000079ac	ram:000079be	c.beqz s0,0x000079cc	16	read	ram	4	ram:20002f48	0x20002f48	
decompiler	ram:000079ac	ram:000079c0	c.lw a5,0x18(s0)	19	read	ram	4	ram:20002f48	0x20002f48	
decompiler	ram:000079ac	ram:000079c0	c.lw a5,0x18(s0)	20	read	ram	4	CAST(PTRADD(mem[ram:20002f48],0x18,0x1))		
decompiler	ram:000079ac	ram:000079cc	c.lw a2,0x8(s0)	34	read	ram	4	CAST(PTRADD(COPY(mem[ram:20002f48]),0x8,0x1))		
decompiler	ram:000079ac	ram:000079d6	j 0x00008a52	76	write	ram	4	ram:20002f48	0x20002f48	mem[ram:20002f48]
decompiler	ram:000079ac	ram:000079d6	j 0x00008a52	76	read	ram	4	ram:20002f48	0x20002f48	
decompiler	ram:000079da	ram:000079ee	c.lw a5,0x18(a0)	26	read	ram	4	CAST(INT_ADD((register, 0x2028, 4),0x18))		
decompiler	ram:000079da	ram:000079f4	c.lw a5,0x18(s1)	33	read	ram	4	CAST(INT_ADD((register, 0x2028, 4),0x18))		
decompiler	ram:000079da	ram:000079f6	c.lw s0,0x8(s1)	36	read	ram	4	CAST(INT_ADD((register, 0x2028, 4),0x8))		
decompiler	ram:000079da	ram:00007a0a	c.lw s0,0x4(s1)	50	read	ram	4	CAST(INT_ADD((register, 0x2028, 4),0x4))		
decompiler	ram:000079da	ram:00007a0c	lhu a5,0xc(s0)	53	read	ram	2	CAST(PTRADD(MULTIEQUAL(LOAD(0x1a1,CAST(INT_ADD((register, 0x2028, 4),0x4))),LOAD(0x1a1,CAST(INT_ADD((register, 0x2028, 4),0x8))),LOAD(0x1a1,CAST(INT_ADD((register, 0x2028, 4),0x8))),LOAD(0x1a1,CAST(INT_ADD((register, 0x2028, 4),0xc)))),0x3,0x4))		
decompiler	ram:000079da	ram:00007a14	c.lw a5,0x10(s0)	61	read	ram	4	PTRADD(MULTIEQUAL(LOAD(0x1a1,CAST(INT_ADD((register, 0x2028, 4),0x4))),LOAD(0x1a1,CAST(INT_ADD((register, 0x2028, 4),0x8))),LOAD(0x1a1,CAST(INT_ADD((register, 0x2028, 4),0x8))),LOAD(0x1a1,CAST(INT_ADD((register, 0x2028, 4),0xc)))),0x4,0x4)		
decompiler	ram:000079da	ram:00007a1c	c.lw a5,0x8(s0)	70	read	ram	4	PTRADD(MULTIEQUAL(LOAD(0x1a1,CAST(INT_ADD((register, 0x2028, 4),0x4))),LOAD(0x1a1,CAST(INT_ADD((register, 0x2028, 4),0x8))),LOAD(0x1a1,CAST(INT_ADD((register, 0x2028, 4),0x8))),LOAD(0x1a1,CAST(INT_ADD((register, 0x2028, 4),0xc)))),0x2,0x4)		
decompiler	ram:000079da	ram:00007a1e	lbu a1,0x0(s2)	73	read	ram	1	MULTIEQUAL(PTRADD(MULTIEQUAL(PTRADD(MULTIEQUAL(PTRADD(MULTIEQUAL((register, 0x2048, 4),(register, 0x2048, 4),(register, 0x202c, 4),(register, 0x202c, 4)),0x1,0x1),PTRADD(MULTIEQUAL((register, 0x2048, 4),(register, 0x2048, 4),(register, 0x202c, 4),(register, 0x202c, 4)),0x1,0x1),(register, 0x202c, 4),(register, 0x202c, 4)),0x1,0x1),PTRADD(MULTIEQUAL(PTRADD(MULTIEQUAL((register, 0x2048, 4),(register, 0x2048, 4),(register, 0x202c, 4),(register, 0x202c, 4)),0x1,0x1),PTRADD(MULTIEQUAL((register, 0x2048, 4),(regi...[truncated])		
decompiler	ram:000079da	ram:00007a26	c.sw a5,0x8(s0)	81	write	ram	4	PTRADD(MULTIEQUAL(LOAD(0x1a1,CAST(INT_ADD((register, 0x2028, 4),0x4))),LOAD(0x1a1,CAST(INT_ADD((register, 0x2028, 4),0x8))),LOAD(0x1a1,CAST(INT_ADD((register, 0x2028, 4),0x8))),LOAD(0x1a1,CAST(INT_ADD((register, 0x2028, 4),0xc)))),0x2,0x4)		INT_ADD(LOAD(0x1a1,PTRADD(MULTIEQUAL(LOAD(0x1a1,(unique, 0x23a00, 4)),LOAD(0x1a1,(unique, 0x23a00, 4)),LOAD(0x1a1,(unique, 0x23a00, 4)),LOAD(0x1a1,(unique, 0x23a00, 4))),0x2,0x4)),0xffffffff)
decompiler	ram:000079da	ram:00007a4a	c.lw s0,0x8(s1)	181	read	ram	4	CAST(INT_ADD((register, 0x2028, 4),0x8))		
decompiler	ram:000079da	ram:00007a5a	c.lw s0,0xc(s1)	191	read	ram	4	CAST(INT_ADD((register, 0x2028, 4),0xc))		
decompiler	ram:000079da	ram:00007a78	c.sw a5,0x8(s0)	136	write	ram	4	PTRADD(MULTIEQUAL(LOAD(0x1a1,CAST(INT_ADD((register, 0x2028, 4),0x4))),LOAD(0x1a1,CAST(INT_ADD((register, 0x2028, 4),0x8))),LOAD(0x1a1,CAST(INT_ADD((register, 0x2028, 4),0x8))),LOAD(0x1a1,CAST(INT_ADD((register, 0x2028, 4),0xc)))),0x2,0x4)		INT_ADD(LOAD(0x1a1,PTRADD(MULTIEQUAL(LOAD(0x1a1,(unique, 0x23a00, 4)),LOAD(0x1a1,(unique, 0x23a00, 4)),LOAD(0x1a1,(unique, 0x23a00, 4)),LOAD(0x1a1,(unique, 0x23a00, 4))),0x2,0x4)),0xffffffff)
decompiler	ram:000079da	ram:00007a80	c.lw a4,0x18(s0)	143	read	ram	4	PTRADD(MULTIEQUAL(LOAD(0x1a1,CAST(INT_ADD((register, 0x2028, 4),0x4))),LOAD(0x1a1,CAST(INT_ADD((register, 0x2028, 4),0x8))),LOAD(0x1a1,CAST(INT_ADD((register, 0x2028, 4),0x8))),LOAD(0x1a1,CAST(INT_ADD((register, 0x2028, 4),0xc)))),0x6,0x4)		
decompiler	ram:000079da	ram:00007a8a	c.lw a5,0x0(s0)	150	read	ram	4	MULTIEQUAL(LOAD(0x1a1,CAST(INT_ADD((register, 0x2028, 4),0x4))),LOAD(0x1a1,CAST(INT_ADD((register, 0x2028, 4),0x8))),LOAD(0x1a1,CAST(INT_ADD((register, 0x2028, 4),0x8))),LOAD(0x1a1,CAST(INT_ADD((register, 0x2028, 4),0xc))))		
decompiler	ram:000079da	ram:00007a90	c.sw a4,0x0(s0)	155	write	ram	4	MULTIEQUAL(LOAD(0x1a1,CAST(INT_ADD((register, 0x2028, 4),0x4))),LOAD(0x1a1,CAST(INT_ADD((register, 0x2028, 4),0x8))),LOAD(0x1a1,CAST(INT_ADD((register, 0x2028, 4),0x8))),LOAD(0x1a1,CAST(INT_ADD((register, 0x2028, 4),0xc))))		PTRADD(CAST(LOAD(0x1a1,MULTIEQUAL(LOAD(0x1a1,(unique, 0x23a00, 4)),LOAD(0x1a1,(unique, 0x23a00, 4)),LOAD(0x1a1,(unique, 0x23a00, 4)),LOAD(0x1a1,(unique, 0x23a00, 4))))),0x1,0x1)
decompiler	ram:000079da	ram:00007a92	sb a1,0x0(a5)	158	write	ram	1	CAST(LOAD(0x1a1,MULTIEQUAL(LOAD(0x1a1,CAST(INT_ADD((register, 0x2028, 4),0x4))),LOAD(0x1a1,CAST(INT_ADD((register, 0x2028, 4),0x8))),LOAD(0x1a1,CAST(INT_ADD((register, 0x2028, 4),0x8))),LOAD(0x1a1,CAST(INT_ADD((register, 0x2028, 4),0xc))))))		LOAD(0x1a1,MULTIEQUAL(PTRADD(MULTIEQUAL(PTRADD((register, 0x2048, 4),0x1,0x1),PTRADD((register, 0x2048, 4),0x1,0x1),(register, 0x202c, 4),(register, 0x202c, 4)),0x1,0x1),PTRADD(MULTIEQUAL(PTRADD((register, 0x2048, 4),0x1,0x1),PTRADD((register, 0x2048, 4),0x1,0x1),(register, 0x202c, 4),(register, 0x202c, 4)),0x1,0x1),(register, 0x202c, 4),(register, 0x202c, 4)))
decompiler	ram:000079da	ram:00007aa4	c.lw a5,0x0(s0)	122	read	ram	4	MULTIEQUAL(LOAD(0x1a1,CAST(INT_ADD((register, 0x2028, 4),0x4))),LOAD(0x1a1,CAST(INT_ADD((register, 0x2028, 4),0x8))),LOAD(0x1a1,CAST(INT_ADD((register, 0x2028, 4),0x8))),LOAD(0x1a1,CAST(INT_ADD((register, 0x2028, 4),0xc))))		
decompiler	ram:000079da	ram:00007aaa	c.sw a4,0x0(s0)	127	write	ram	4	MULTIEQUAL(LOAD(0x1a1,CAST(INT_ADD((register, 0x2028, 4),0x4))),LOAD(0x1a1,CAST(INT_ADD((register, 0x2028, 4),0x8))),LOAD(0x1a1,CAST(INT_ADD((register, 0x2028, 4),0x8))),LOAD(0x1a1,CAST(INT_ADD((register, 0x2028, 4),0xc))))		PTRADD(CAST(LOAD(0x1a1,MULTIEQUAL(LOAD(0x1a1,(unique, 0x23a00, 4)),LOAD(0x1a1,(unique, 0x23a00, 4)),LOAD(0x1a1,(unique, 0x23a00, 4)),LOAD(0x1a1,(unique, 0x23a00, 4))))),0x1,0x1)
decompiler	ram:000079da	ram:00007aae	sb a4,0x0(a5)	132	write	ram	1	CAST(LOAD(0x1a1,MULTIEQUAL(LOAD(0x1a1,CAST(INT_ADD((register, 0x2028, 4),0x4))),LOAD(0x1a1,CAST(INT_ADD((register, 0x2028, 4),0x8))),LOAD(0x1a1,CAST(INT_ADD((register, 0x2028, 4),0x8))),LOAD(0x1a1,CAST(INT_ADD((register, 0x2028, 4),0xc))))))		0xa
decompiler	ram:00007ab4	ram:00007ac0	c.j 0x000079da	18	write	ram	4	ram:20002f48	0x20002f48	mem[ram:20002f48]
decompiler	ram:00007ab4	ram:00007ac0	c.j 0x000079da	18	read	ram	4	ram:20002f48	0x20002f48	
decompiler	ram:00007ac2	ram:00007ad6	c.lw a5,0x18(a0)	24	read	ram	4	CAST(INT_ADD((register, 0x2028, 4),0x18))		
decompiler	ram:00007ac2	ram:00007ae8	c.lw s0,0x4(s1)	37	read	ram	4	CAST(INT_ADD((register, 0x2028, 4),0x4))		
decompiler	ram:00007ac2	ram:00007aea	c.lw a5,0x18(s0)	40	read	ram	4	PTRADD(MULTIEQUAL(LOAD(0x1a1,CAST(INT_ADD((register, 0x2028, 4),0x4))),LOAD(0x1a1,CAST(INT_ADD((register, 0x2028, 4),0x8))),(register, 0x2030, 4),LOAD(0x1a1,CAST(INT_ADD((register, 0x2028, 4),0xc)))),0x6,0x4)		
decompiler	ram:00007ac2	ram:00007aec	c.sw a5,0x8(s0)	43	write	ram	4	PTRADD(MULTIEQUAL(LOAD(0x1a1,CAST(INT_ADD((register, 0x2028, 4),0x4))),LOAD(0x1a1,CAST(INT_ADD((register, 0x2028, 4),0x8))),(register, 0x2030, 4),LOAD(0x1a1,CAST(INT_ADD((register, 0x2028, 4),0xc)))),0x2,0x4)		LOAD(0x1a1,PTRADD(MULTIEQUAL(LOAD(0x1a1,CAST((unique, 0x10000078, 4))),LOAD(0x1a1,CAST((unique, 0x10000074, 4))),(register, 0x2030, 4),LOAD(0x1a1,CAST((unique, 0x10000070, 4)))),0x6,0x4))
decompiler	ram:00007ac2	ram:00007aee	lhu a5,0xc(s0)	46	read	ram	2	CAST(PTRADD(MULTIEQUAL(LOAD(0x1a1,CAST(INT_ADD((register, 0x2028, 4),0x4))),LOAD(0x1a1,CAST(INT_ADD((register, 0x2028, 4),0x8))),(register, 0x2030, 4),LOAD(0x1a1,CAST(INT_ADD((register, 0x2028, 4),0xc)))),0x3,0x4))		
decompiler	ram:00007ac2	ram:00007af6	c.lw a5,0x10(s0)	54	read	ram	4	PTRADD(MULTIEQUAL(LOAD(0x1a1,CAST(INT_ADD((register, 0x2028, 4),0x4))),LOAD(0x1a1,CAST(INT_ADD((register, 0x2028, 4),0x8))),(register, 0x2030, 4),LOAD(0x1a1,CAST(INT_ADD((register, 0x2028, 4),0xc)))),0x4,0x4)		
decompiler	ram:00007ac2	ram:00007afa	c.lw a5,0x10(s0)	59	read	ram	4	PTRADD(MULTIEQUAL(LOAD(0x1a1,CAST(INT_ADD((register, 0x2028, 4),0x4))),LOAD(0x1a1,CAST(INT_ADD((register, 0x2028, 4),0x8))),(register, 0x2030, 4),LOAD(0x1a1,CAST(INT_ADD((register, 0x2028, 4),0xc)))),0x4,0x4)		
decompiler	ram:00007ac2	ram:00007afc	c.lw a0,0x0(s0)	62	read	ram	4	MULTIEQUAL(LOAD(0x1a1,CAST(INT_ADD((register, 0x2028, 4),0x4))),LOAD(0x1a1,CAST(INT_ADD((register, 0x2028, 4),0x8))),(register, 0x2030, 4),LOAD(0x1a1,CAST(INT_ADD((register, 0x2028, 4),0xc))))		
decompiler	ram:00007ac2	ram:00007b08	c.lw a5,0x14(s0)	70	read	ram	4	PTRADD(MULTIEQUAL(LOAD(0x1a1,CAST(INT_ADD((register, 0x2028, 4),0x4))),LOAD(0x1a1,CAST(INT_ADD((register, 0x2028, 4),0x8))),(register, 0x2030, 4),LOAD(0x1a1,CAST(INT_ADD((register, 0x2028, 4),0xc)))),0x5,0x4)		
decompiler	ram:00007ac2	ram:00007b16	c.lw a5,0x8(s0)	81	read	ram	4	PTRADD(MULTIEQUAL(LOAD(0x1a1,CAST(INT_ADD((register, 0x2028, 4),0x4))),LOAD(0x1a1,CAST(INT_ADD((register, 0x2028, 4),0x8))),(register, 0x2030, 4),LOAD(0x1a1,CAST(INT_ADD((register, 0x2028, 4),0xc)))),0x2,0x4)		
decompiler	ram:00007ac2	ram:00007b1c	c.sw a5,0x8(s0)	88	write	ram	4	PTRADD(MULTIEQUAL(LOAD(0x1a1,CAST(INT_ADD((register, 0x2028, 4),0x4))),LOAD(0x1a1,CAST(INT_ADD((register, 0x2028, 4),0x8))),(register, 0x2030, 4),LOAD(0x1a1,CAST(INT_ADD((register, 0x2028, 4),0xc)))),0x2,0x4)		INT_ADD(LOAD(0x1a1,PTRADD(MULTIEQUAL(LOAD(0x1a1,(unique, 0x23a00, 4)),LOAD(0x1a1,(unique, 0x23a00, 4)),(register, 0x2030, 4),LOAD(0x1a1,(unique, 0x23a00, 4))),0x2,0x4)),0xffffffff)
decompiler	ram:00007ac2	ram:00007b1e	c.lw a5,0x0(s0)	91	read	ram	4	MULTIEQUAL(LOAD(0x1a1,CAST(INT_ADD((register, 0x2028, 4),0x4))),LOAD(0x1a1,CAST(INT_ADD((register, 0x2028, 4),0x8))),(register, 0x2030, 4),LOAD(0x1a1,CAST(INT_ADD((register, 0x2028, 4),0xc))))		
decompiler	ram:00007ac2	ram:00007b24	c.sw a4,0x0(s0)	96	write	ram	4	MULTIEQUAL(LOAD(0x1a1,CAST(INT_ADD((register, 0x2028, 4),0x4))),LOAD(0x1a1,CAST(INT_ADD((register, 0x2028, 4),0x8))),(register, 0x2030, 4),LOAD(0x1a1,CAST(INT_ADD((register, 0x2028, 4),0xc))))		CAST(PTRADD(CAST(LOAD(0x1a1,MULTIEQUAL((register, 0x2020, 4),(register, 0x2020, 4),(register, 0x2030, 4),(register, 0x2020, 4)))),0x1,0x1))
decompiler	ram:00007ac2	ram:00007b26	sb s3,0x0(a5)	99	write	ram	1	CAST(LOAD(0x1a1,MULTIEQUAL(LOAD(0x1a1,CAST(INT_ADD((register, 0x2028, 4),0x4))),LOAD(0x1a1,CAST(INT_ADD((register, 0x2028, 4),0x8))),(register, 0x2030, 4),LOAD(0x1a1,CAST(INT_ADD((register, 0x2028, 4),0xc))))))		(register, 0x202c, 1)
decompiler	ram:00007ac2	ram:00007b2a	c.lw a5,0x14(s0)	102	read	ram	4	PTRADD(MULTIEQUAL(LOAD(0x1a1,CAST(INT_ADD((register, 0x2028, 4),0x4))),LOAD(0x1a1,CAST(INT_ADD((register, 0x2028, 4),0x8))),(register, 0x2030, 4),LOAD(0x1a1,CAST(INT_ADD((register, 0x2028, 4),0xc)))),0x5,0x4)		
decompiler	ram:00007ac2	ram:00007b30	lhu a5,0xc(s0)	107	read	ram	2	CAST(PTRADD(MULTIEQUAL(LOAD(0x1a1,CAST(INT_ADD((register, 0x2028, 4),0x4))),LOAD(0x1a1,CAST(INT_ADD((register, 0x2028, 4),0x8))),(register, 0x2030, 4),LOAD(0x1a1,CAST(INT_ADD((register, 0x2028, 4),0xc)))),0x3,0x4))		
decompiler	ram:00007ac2	ram:00007b62	c.lw s0,0x8(s1)	159	read	ram	4	CAST(INT_ADD((register, 0x2028, 4),0x8))		
decompiler	ram:00007ac2	ram:00007b72	c.lw s0,0xc(s1)	169	read	ram	4	CAST(INT_ADD((register, 0x2028, 4),0xc))		
decompiler	ram:00007b82	ram:00007b9a	c.beqz s1,0x00007ba4	23	read	ram	4	ram:20002f48	0x20002f48	
decompiler	ram:00007b82	ram:00007b9c	c.lw a5,0x18(s1)	26	read	ram	4	ram:20002f48	0x20002f48	
decompiler	ram:00007b82	ram:00007b9c	c.lw a5,0x18(s1)	27	read	ram	4	CAST(PTRADD(mem[ram:20002f48],0x18,0x1))		
decompiler	ram:00007b82	ram:00007bb0	c.lw s0,0x4(s1)	41	read	ram	4	CAST(PTRADD(COPY(mem[ram:20002f48]),0x4,0x1))		
decompiler	ram:00007b82	ram:00007bb2	lh a4,0xc(s0)	44	read	ram	2	CAST(PTRADD(MULTIEQUAL(LOAD(0x1a1,CAST(PTRADD(COPY(mem[ram:20002f48]),0x4,0x1))),LOAD(0x1a1,CAST(PTRADD(COPY(mem[ram:20002f48]),0x8,0x1))),(register, 0x202c, 4),LOAD(0x1a1,CAST(PTRADD(COPY(mem[ram:20002f48]),0xc,0x1)))),0x3,0x4))		
decompiler	ram:00007b82	ram:00007bca	sw a5,0x0(s2)	62	write	ram	4	(register, 0x2028, 4)		0x9
decompiler	ram:00007b82	ram:00007bd2	sh a4,0xc(s0)	67	write	ram	2	CAST(PTRADD(MULTIEQUAL(LOAD(0x1a1,CAST(PTRADD(COPY(mem[ram:20002f48]),0x4,0x1))),LOAD(0x1a1,CAST(PTRADD(COPY(mem[ram:20002f48]),0x8,0x1))),(register, 0x202c, 4),LOAD(0x1a1,CAST(PTRADD(COPY(mem[ram:20002f48]),0xc,0x1)))),0x3,0x4))		INT_OR(LOAD(0x1a1,CAST(PTRADD(MULTIEQUAL((register, 0x2020, 4),(register, 0x2020, 4),(register, 0x202c, 4),(register, 0x2020, 4)),0x3,0x4))),0x40)
decompiler	ram:00007b82	ram:00007bd8	c.lwsp ra,0xc(sp)	422	write	ram	4	ram:20002f48	0x20002f48	mem[ram:20002f48]
decompiler	ram:00007b82	ram:00007bd8	c.lwsp ra,0xc(sp)	422	read	ram	4	ram:20002f48	0x20002f48	
decompiler	ram:00007b82	ram:00007bf0	c.lw s0,0x8(s1)	210	read	ram	4	CAST(PTRADD(COPY(mem[ram:20002f48]),0x8,0x1))		
decompiler	ram:00007b82	ram:00007c00	c.lw s0,0xc(s1)	220	read	ram	4	CAST(PTRADD(COPY(mem[ram:20002f48]),0xc,0x1))		
decompiler	ram:00007b82	ram:00007c08	c.lw a1,0x34(s0)	91	read	ram	4	PTRADD(MULTIEQUAL(LOAD(0x1a1,CAST(PTRADD(COPY(mem[ram:20002f48]),0x4,0x1))),LOAD(0x1a1,CAST(PTRADD(COPY(mem[ram:20002f48]),0x8,0x1))),(register, 0x202c, 4),LOAD(0x1a1,CAST(PTRADD(COPY(mem[ram:20002f48]),0xc,0x1)))),0xd,0x4)		
decompiler	ram:00007b82	ram:00007c18	sw zero,0x34(s0)	103	write	ram	4	PTRADD(MULTIEQUAL(LOAD(0x1a1,CAST(PTRADD(COPY(mem[ram:20002f48]),0x4,0x1))),LOAD(0x1a1,CAST(PTRADD(COPY(mem[ram:20002f48]),0x8,0x1))),(register, 0x202c, 4),LOAD(0x1a1,CAST(PTRADD(COPY(mem[ram:20002f48]),0xc,0x1)))),0xd,0x4)		0x0
decompiler	ram:00007b82	ram:00007c1c	lhu a5,0xc(s0)	106	read	ram	2	CAST(PTRADD(MULTIEQUAL(LOAD(0x1a1,CAST(PTRADD(COPY(mem[ram:20002f48]),0x4,0x1))),LOAD(0x1a1,CAST(PTRADD(COPY(mem[ram:20002f48]),0x8,0x1))),(register, 0x202c, 4),LOAD(0x1a1,CAST(PTRADD(COPY(mem[ram:20002f48]),0xc,0x1)))),0x3,0x4))		
decompiler	ram:00007b82	ram:00007c20	sw zero,0x4(s0)	110	write	ram	4	PTRADD(MULTIEQUAL(LOAD(0x1a1,CAST(PTRADD(COPY(mem[ram:20002f48]),0x4,0x1))),LOAD(0x1a1,CAST(PTRADD(COPY(mem[ram:20002f48]),0x8,0x1))),(register, 0x202c, 4),LOAD(0x1a1,CAST(PTRADD(COPY(mem[ram:20002f48]),0xc,0x1)))),0x1,0x4)		0x0
decompiler	ram:00007b82	ram:00007c28	sh a5,0xc(s0)	115	write	ram	2	CAST(PTRADD(MULTIEQUAL(LOAD(0x1a1,CAST(PTRADD(COPY(mem[ram:20002f48]),0x4,0x1))),LOAD(0x1a1,CAST(PTRADD(COPY(mem[ram:20002f48]),0x8,0x1))),(register, 0x202c, 4),LOAD(0x1a1,CAST(PTRADD(COPY(mem[ram:20002f48]),0xc,0x1)))),0x3,0x4))		INT_AND(LOAD(0x1a1,CAST(PTRADD(MULTIEQUAL((register, 0x2020, 4),(register, 0x2020, 4),(register, 0x202c, 4),(register, 0x2020, 4)),0x3,0x4))),0xffdb)
decompiler	ram:00007b82	ram:00007c2c	c.lw a5,0x10(s0)	118	read	ram	4	PTRADD(MULTIEQUAL(LOAD(0x1a1,CAST(PTRADD(COPY(mem[ram:20002f48]),0x4,0x1))),LOAD(0x1a1,CAST(PTRADD(COPY(mem[ram:20002f48]),0x8,0x1))),(register, 0x202c, 4),LOAD(0x1a1,CAST(PTRADD(COPY(mem[ram:20002f48]),0xc,0x1)))),0x4,0x4)		
decompiler	ram:00007b82	ram:00007c2e	c.sw a5,0x0(s0)	121	write	ram	4	MULTIEQUAL(LOAD(0x1a1,CAST(PTRADD(COPY(mem[ram:20002f48]),0x4,0x1))),LOAD(0x1a1,CAST(PTRADD(COPY(mem[ram:20002f48]),0x8,0x1))),(register, 0x202c, 4),LOAD(0x1a1,CAST(PTRADD(COPY(mem[ram:20002f48]),0xc,0x1))))		LOAD(0x1a1,PTRADD(MULTIEQUAL(LOAD(0x1a1,CAST((unique, 0x23a00, 4))),LOAD(0x1a1,CAST((unique, 0x23a00, 4))),(register, 0x202c, 4),LOAD(0x1a1,CAST((unique, 0x23a00, 4)))),0x4,0x4))
decompiler	ram:00007b82	ram:00007c30	lhu a5,0xc(s0)	124	read	ram	2	CAST(PTRADD(MULTIEQUAL(LOAD(0x1a1,CAST(PTRADD(COPY(mem[ram:20002f48]),0x4,0x1))),LOAD(0x1a1,CAST(PTRADD(COPY(mem[ram:20002f48]),0x8,0x1))),(register, 0x202c, 4),LOAD(0x1a1,CAST(PTRADD(COPY(mem[ram:20002f48]),0xc,0x1)))),0x3,0x4))		
decompiler	ram:00007b82	ram:00007c38	sh a5,0xc(s0)	130	write	ram	2	CAST(PTRADD(MULTIEQUAL(LOAD(0x1a1,CAST(PTRADD(COPY(mem[ram:20002f48]),0x4,0x1))),LOAD(0x1a1,CAST(PTRADD(COPY(mem[ram:20002f48]),0x8,0x1))),(register, 0x202c, 4),LOAD(0x1a1,CAST(PTRADD(COPY(mem[ram:20002f48]),0xc,0x1)))),0x3,0x4))		INT_OR(LOAD(0x1a1,CAST(PTRADD(MULTIEQUAL((register, 0x2020, 4),(register, 0x2020, 4),(register, 0x202c, 4),(register, 0x2020, 4)),0x3,0x4))),0x8)
decompiler	ram:00007b82	ram:00007c3c	c.lw a5,0x10(s0)	133	read	ram	4	PTRADD(MULTIEQUAL(LOAD(0x1a1,CAST(PTRADD(COPY(mem[ram:20002f48]),0x4,0x1))),LOAD(0x1a1,CAST(PTRADD(COPY(mem[ram:20002f48]),0x8,0x1))),(register, 0x202c, 4),LOAD(0x1a1,CAST(PTRADD(COPY(mem[ram:20002f48]),0xc,0x1)))),0x4,0x4)		
decompiler	ram:00007b82	ram:00007c40	lhu a5,0xc(s0)	138	read	ram	2	CAST(PTRADD(MULTIEQUAL(LOAD(0x1a1,CAST(PTRADD(COPY(mem[ram:20002f48]),0x4,0x1))),LOAD(0x1a1,CAST(PTRADD(COPY(mem[ram:20002f48]),0x8,0x1))),(register, 0x202c, 4),LOAD(0x1a1,CAST(PTRADD(COPY(mem[ram:20002f48]),0xc,0x1)))),0x3,0x4))		
decompiler	ram:00007b82	ram:00007c56	lhu a5,0xc(s0)	152	read	ram	2	CAST(PTRADD(MULTIEQUAL(LOAD(0x1a1,CAST(PTRADD(COPY(mem[ram:20002f48]),0x4,0x1))),LOAD(0x1a1,CAST(PTRADD(COPY(mem[ram:20002f48]),0x8,0x1))),(register, 0x202c, 4),LOAD(0x1a1,CAST(PTRADD(COPY(mem[ram:20002f48]),0xc,0x1)))),0x3,0x4))		
decompiler	ram:00007b82	ram:00007c60	c.lw a5,0x14(s0)	160	read	ram	4	PTRADD(MULTIEQUAL(LOAD(0x1a1,CAST(PTRADD(COPY(mem[ram:20002f48]),0x4,0x1))),LOAD(0x1a1,CAST(PTRADD(COPY(mem[ram:20002f48]),0x8,0x1))),(register, 0x202c, 4),LOAD(0x1a1,CAST(PTRADD(COPY(mem[ram:20002f48]),0xc,0x1)))),0x5,0x4)		
decompiler	ram:00007b82	ram:00007c62	sw zero,0x8(s0)	163	write	ram	4	PTRADD(MULTIEQUAL(LOAD(0x1a1,CAST(PTRADD(COPY(mem[ram:20002f48]),0x4,0x1))),LOAD(0x1a1,CAST(PTRADD(COPY(mem[ram:20002f48]),0x8,0x1))),(register, 0x202c, 4),LOAD(0x1a1,CAST(PTRADD(COPY(mem[ram:20002f48]),0xc,0x1)))),0x2,0x4)		0x0
decompiler	ram:00007b82	ram:00007c6a	c.sw a5,0x18(s0)	167	write	ram	4	PTRADD(MULTIEQUAL(LOAD(0x1a1,CAST(PTRADD(COPY(mem[ram:20002f48]),0x4,0x1))),LOAD(0x1a1,CAST(PTRADD(COPY(mem[ram:20002f48]),0x8,0x1))),(register, 0x202c, 4),LOAD(0x1a1,CAST(PTRADD(COPY(mem[ram:20002f48]),0xc,0x1)))),0x6,0x4)		INT_2COMP(LOAD(0x1a1,PTRADD(MULTIEQUAL(LOAD(0x1a1,(unique, 0x100000a6, 4)),LOAD(0x1a1,(unique, 0x100000a2, 4)),(register, 0x202c, 4),LOAD(0x1a1,(unique, 0x1000009e, 4))),0x5,0x4)))
decompiler	ram:00007b82	ram:00007c6c	c.lw a5,0x10(s0)	170	read	ram	4	PTRADD(MULTIEQUAL(LOAD(0x1a1,CAST(PTRADD(COPY(mem[ram:20002f48]),0x4,0x1))),LOAD(0x1a1,CAST(PTRADD(COPY(mem[ram:20002f48]),0x8,0x1))),(register, 0x202c, 4),LOAD(0x1a1,CAST(PTRADD(COPY(mem[ram:20002f48]),0xc,0x1)))),0x4,0x4)		
decompiler	ram:00007b82	ram:00007c72	lh a5,0xc(s0)	177	read	ram	2	CAST(PTRADD(MULTIEQUAL(LOAD(0x1a1,CAST(PTRADD(COPY(mem[ram:20002f48]),0x4,0x1))),LOAD(0x1a1,CAST(PTRADD(COPY(mem[ram:20002f48]),0x8,0x1))),(register, 0x202c, 4),LOAD(0x1a1,CAST(PTRADD(COPY(mem[ram:20002f48]),0xc,0x1)))),0x3,0x4))		
decompiler	ram:00007b82	ram:00007c80	sh a5,0xc(s0)	187	write	ram	2	CAST(PTRADD(MULTIEQUAL(LOAD(0x1a1,CAST(PTRADD(COPY(mem[ram:20002f48]),0x4,0x1))),LOAD(0x1a1,CAST(PTRADD(COPY(mem[ram:20002f48]),0x8,0x1))),(register, 0x202c, 4),LOAD(0x1a1,CAST(PTRADD(COPY(mem[ram:20002f48]),0xc,0x1)))),0x3,0x4))		INT_OR(LOAD(0x1a1,CAST(PTRADD(MULTIEQUAL((register, 0x2020, 4),(register, 0x2020, 4),(register, 0x202c, 4),(register, 0x2020, 4)),0x3,0x4))),0x40)
decompiler	ram:00007b82	ram:00007c8c	c.lw a4,0x14(s0)	197	read	ram	4	PTRADD(MULTIEQUAL(LOAD(0x1a1,CAST(PTRADD(COPY(mem[ram:20002f48]),0x4,0x1))),LOAD(0x1a1,CAST(PTRADD(COPY(mem[ram:20002f48]),0x8,0x1))),(register, 0x202c, 4),LOAD(0x1a1,CAST(PTRADD(COPY(mem[ram:20002f48]),0xc,0x1)))),0x5,0x4)		
decompiler	ram:00007b82	ram:00007c8e	c.sw a4,0x8(s0)	200	write	ram	4	PTRADD(MULTIEQUAL(LOAD(0x1a1,CAST(PTRADD(COPY(mem[ram:20002f48]),0x4,0x1))),LOAD(0x1a1,CAST(PTRADD(COPY(mem[ram:20002f48]),0x8,0x1))),(register, 0x202c, 4),LOAD(0x1a1,CAST(PTRADD(COPY(mem[ram:20002f48]),0xc,0x1)))),0x2,0x4)		MULTIEQUAL(0x0,LOAD(0x1a1,PTRADD(MULTIEQUAL(LOAD(0x1a1,(unique, 0x100000a6, 4)),LOAD(0x1a1,(unique, 0x100000a2, 4)),(register, 0x202c, 4),LOAD(0x1a1,(unique, 0x1000009e, 4))),0x5,0x4)))
decompiler	ram:00007c92	ram:00007c9e	c.bnez a5,0x00007cc8	8	read	ram	4	ram:20003004	0x20003004	
decompiler	ram:00007c92	ram:00007cac	sw a4,0x35c(a5)	18	write	ram	4	ram:20003004	0x20003004	0x0
decompiler	ram:00007c92	ram:00007cc8	c.lw a4,0x4(a5)	36	read	ram	4	ram:20003004	0x20003004	
decompiler	ram:00007c92	ram:00007cc8	c.lw a4,0x4(a5)	37	read	ram	4	CAST(PTRADD(mem[ram:20003004],0x4,0x1))		
decompiler	ram:00007c92	ram:00007cc8	c.lw a4,0x4(a5)	167	read	ram	4	ram:20003004	0x20003004	
decompiler	ram:00007c92	ram:00007cd6	lw a6,0x88(a5)	47	read	ram	4	ram:20003004	0x20003004	
decompiler	ram:00007c92	ram:00007cd6	lw a6,0x88(a5)	48	read	ram	4	CAST(PTRADD(mem[ram:20003004],0x88,0x1))		
decompiler	ram:00007c92	ram:00007ce4	sw a2,0x0(a7)	56	write	ram	4	CAST(INT_ADD(INT_MULT(LOAD(0x1a1,CAST(PTRADD(mem[ram:20003004],0x4,0x1))),0x4),LOAD(0x1a1,CAST(PTRADD(mem[ram:20003004],0x88,0x1)))))		(register, 0x2030, 4)
decompiler	ram:00007c92	ram:00007ce8	lw t1,0x100(a6)	59	read	ram	4	CAST(INT_ADD(LOAD(0x1a1,CAST(PTRADD(mem[ram:20003004],0x88,0x1))),0x100))		
decompiler	ram:00007c92	ram:00007cf6	sw t1,0x100(a6)	68	write	ram	4	CAST(INT_ADD(LOAD(0x1a1,CAST(PTRADD(mem[ram:20003004],0x88,0x1))),0x100))		INT_OR(LOAD(0x1a1,CAST(INT_ADD(LOAD(0x1a1,(unique, 0x1000001c, 4)),0x100))),INT_LEFT(0x1,INT_AND(LOAD(0x1a1,CAST((unique, 0x23a00, 4))),0x1f)))
decompiler	ram:00007c92	ram:00007cfa	sw a3,0x80(a7)	71	write	ram	4	PTRADD(CAST(INT_ADD(INT_MULT(LOAD(0x1a1,CAST(PTRADD(mem[ram:20003004],0x4,0x1))),0x4),LOAD(0x1a1,CAST(PTRADD(mem[ram:20003004],0x88,0x1))))),0x20,0x4)		(register, 0x2034, 4)
decompiler	ram:00007c92	ram:00007d04	lw a3,0x104(a6)	78	read	ram	4	CAST(INT_ADD(LOAD(0x1a1,CAST(PTRADD(mem[ram:20003004],0x88,0x1))),0x104))		
decompiler	ram:00007c92	ram:00007d0a	sw a2,0x104(a6)	82	write	ram	4	CAST(INT_ADD(LOAD(0x1a1,CAST(PTRADD(mem[ram:20003004],0x88,0x1))),0x104))		INT_OR(INT_LEFT(0x1,INT_AND(LOAD(0x1a1,CAST((unique, 0x23a00, 4))),0x1f)),LOAD(0x1a1,CAST(INT_ADD(LOAD(0x1a1,(unique, 0x1000001c, 4)),0x104))))
decompiler	ram:00007c92	ram:00007d14	c.sw a3,0x4(a5)	89	write	ram	4	CAST(PTRADD(COPY(mem[ram:20003004]),0x4,0x1))		INT_ADD(LOAD(0x1a1,CAST(PTRADD(mem[ram:20003004],0x4,0x1))),0x1)
decompiler	ram:00007c92	ram:00007d18	c.sw a1,0x8(a5)	93	write	ram	4	CAST(PTRADD(COPY(mem[ram:20003004]),INT_ADD(INT_MULT(LOAD(0x1a1,CAST(PTRADD(mem[ram:20003004],0x4,0x1))),0x4),0x8),0x1))		(register, 0x202c, 4)
decompiler	ram:00007d36	ram:00007d36	lhu a5,0xc(a1)	2	read	ram	2	CAST(PTRADD((register, 0x202c, 4),0x3,0x4))		
decompiler	ram:00007d36	ram:00007d50	c.lw a4,0x4(a1)	29	read	ram	4	PTRADD((register, 0x202c, 4),0x1,0x4)		
decompiler	ram:00007d36	ram:00007d56	c.lw a4,0x40(a1)	34	read	ram	4	PTRADD((register, 0x202c, 4),0x10,0x4)		
decompiler	ram:00007d36	ram:00007d6c	c.lw a4,0x2c(s0)	59	read	ram	4	PTRADD((register, 0x202c, 4),0xb,0x4)		
decompiler	ram:00007d36	ram:00007d70	lw s2,0x0(s1)	64	read	ram	4	(register, 0x2028, 4)		
decompiler	ram:00007d36	ram:00007d78	sw zero,0x0(s1)	69	write	ram	4	(register, 0x2028, 4)		0x0
decompiler	ram:00007d36	ram:00007d80	c.lw a2,0x54(s0)	74	read	ram	4	PTRADD((register, 0x202c, 4),0x15,0x4)		
decompiler	ram:00007d36	ram:00007d82	lhu a5,0xc(s0)	77	read	ram	2	CAST(PTRADD((register, 0x202c, 4),0x3,0x4))		
decompiler	ram:00007d36	ram:00007d8a	c.lw a5,0x4(s0)	85	read	ram	4	PTRADD((register, 0x202c, 4),0x1,0x4)		
decompiler	ram:00007d36	ram:00007d8e	c.lw a5,0x34(s0)	89	read	ram	4	PTRADD((register, 0x202c, 4),0xd,0x4)		
decompiler	ram:00007d36	ram:00007d92	c.lw a5,0x40(s0)	94	read	ram	4	PTRADD((register, 0x202c, 4),0x10,0x4)		
decompiler	ram:00007d36	ram:00007d96	c.lw a5,0x2c(s0)	98	read	ram	4	PTRADD((register, 0x202c, 4),0xb,0x4)		
decompiler	ram:00007d36	ram:00007d98	c.lw a1,0x20(s0)	101	read	ram	4	PTRADD((register, 0x202c, 4),0x8,0x4)		
decompiler	ram:00007d36	ram:00007da2	lhu a4,0xc(s0)	111	read	ram	2	CAST(PTRADD((register, 0x202c, 4),0x3,0x4))		
decompiler	ram:00007d36	ram:00007daa	c.lw a3,0x0(s1)	117	read	ram	4	(register, 0x2028, 4)		
decompiler	ram:00007d36	ram:00007dc0	c.lw a5,0x10(s0)	135	read	ram	4	PTRADD((register, 0x202c, 4),0x4,0x4)		
decompiler	ram:00007d36	ram:00007dc2	sw zero,0x4(s0)	138	write	ram	4	PTRADD((register, 0x202c, 4),0x1,0x4)		0x0
decompiler	ram:00007d36	ram:00007dc6	c.sw a5,0x0(s0)	141	write	ram	4	(register, 0x202c, 4)		LOAD(0x1a1,PTRADD((register, 0x202c, 4),0x4,0x4))
decompiler	ram:00007d36	ram:00007dd6	c.lw a5,0x0(s1)	152	read	ram	4	(register, 0x2028, 4)		
decompiler	ram:00007d36	ram:00007dda	c.sw a0,0x54(s0)	157	write	ram	4	PTRADD((register, 0x202c, 4),0x15,0x4)		CALLIND(CAST(LOAD(0x1a1,PTRADD((register, 0x202c, 4),0xb,0x4))),(register, 0x2028, 4),LOAD(0x1a1,PTRADD((register, 0x202c, 4),0x8,0x4)),MULTIEQUAL(MULTIEQUAL(LOAD(0x1a1,PTRADD((register, 0x202c, 4),0x15,0x4)),CALLIND(CAST((unique, 0x100000bc, 4)),(register, 0x2028, 4),LOAD(0x1a1,(unique, 0x23a00, 4)),0x0,0x1),CALLIND(CAST((unique, 0x100000bc, 4)),(register, 0x2028, 4),LOAD(0x1a1,(unique, 0x23a00, 4)),0x0,0x1)),INT_SUB(MULTIEQUAL(LOAD(0x1a1,(unique, 0x23a00, 4)),CALLIND((register, 0x2038, 4),(register, 0x202...[truncated])
decompiler	ram:00007d36	ram:00007ddc	c.lw a1,0x34(s0)	160	read	ram	4	PTRADD((register, 0x202c, 4),0xd,0x4)		
decompiler	ram:00007d36	ram:00007dde	sw s2,0x0(s1)	163	write	ram	4	(register, 0x2028, 4)		LOAD(0x1a1,(register, 0x2028, 4))
decompiler	ram:00007d36	ram:00007df0	sw zero,0x34(s0)	175	write	ram	4	PTRADD((register, 0x202c, 4),0xd,0x4)		0x0
decompiler	ram:00007d36	ram:00007df6	c.lw a1,0x20(s0)	187	read	ram	4	PTRADD((register, 0x202c, 4),0x8,0x4)		
decompiler	ram:00007d36	ram:00007e08	c.lw a5,0x0(s1)	202	read	ram	4	(register, 0x2028, 4)		
decompiler	ram:00007d36	ram:00007e18	sw s2,0x0(s1)	215	write	ram	4	(register, 0x2028, 4)		LOAD(0x1a1,(register, 0x2028, 4))
decompiler	ram:00007d36	ram:00007e22	sh a4,0xc(s0)	181	write	ram	2	CAST(PTRADD((register, 0x202c, 4),0x3,0x4))		INT_OR(LOAD(0x1a1,CAST(PTRADD((register, 0x202c, 4),0x3,0x4))),0x40)
decompiler	ram:00007d36	ram:00007e2a	lw s3,0x10(a1)	229	read	ram	4	PTRADD((register, 0x202c, 4),0x4,0x4)		
decompiler	ram:00007d36	ram:00007e32	lw s2,0x0(a1)	234	read	ram	4	(register, 0x202c, 4)		
decompiler	ram:00007d36	ram:00007e38	sw s3,0x0(a1)	239	write	ram	4	(register, 0x202c, 4)		LOAD(0x1a1,PTRADD((register, 0x202c, 4),0x4,0x4))
decompiler	ram:00007d36	ram:00007e44	c.lw a4,0x14(a1)	247	read	ram	4	PTRADD((register, 0x202c, 4),0x5,0x4)		
decompiler	ram:00007d36	ram:00007e46	c.sw a4,0x8(s0)	250	write	ram	4	PTRADD((register, 0x202c, 4),0x2,0x4)		MULTIEQUAL(0x0,LOAD(0x1a1,PTRADD((register, 0x202c, 4),0x5,0x4)))
decompiler	ram:00007d36	ram:00007e4c	c.lw a5,0x28(s0)	255	read	ram	4	PTRADD((register, 0x202c, 4),0xa,0x4)		
decompiler	ram:00007d36	ram:00007e4e	c.lw a1,0x20(s0)	258	read	ram	4	PTRADD((register, 0x202c, 4),0x8,0x4)		
decompiler	ram:00007d36	ram:00007e5c	lhu a5,0xc(s0)	219	read	ram	2	CAST(PTRADD((register, 0x202c, 4),0x3,0x4))		
decompiler	ram:00007d36	ram:00007e64	sh a5,0xc(s0)	225	write	ram	2	CAST(PTRADD((register, 0x202c, 4),0x3,0x4))		INT_OR(LOAD(0x1a1,CAST(PTRADD((register, 0x202c, 4),0x3,0x4))),0x40)
decompiler	ram:00007e72	ram:00007e72	c.lw a5,0x10(a1)	2	read	ram	4	PTRADD((register, 0x202c, 4),0x4,0x4)		
decompiler	ram:00007e72	ram:00007e80	c.lw a5,0x18(a0)	18	read	ram	4	CAST(INT_ADD((register, 0x2028, 4),0x18))		
decompiler	ram:00007e72	ram:00007e96	c.lw a1,0x4(s0)	37	read	ram	4	CAST(INT_ADD((register, 0x2028, 4),0x4))		
decompiler	ram:00007e72	ram:00007e98	lh a5,0xc(a1)	40	read	ram	2	CAST(PTRADD(MULTIEQUAL(LOAD(0x1a1,CAST(INT_ADD((register, 0x2028, 4),0x4))),LOAD(0x1a1,CAST(INT_ADD((register, 0x2028, 4),0x8))),(register, 0x202c, 4),LOAD(0x1a1,CAST(INT_ADD((register, 0x2028, 4),0xc)))),0x3,0x4))		
decompiler	ram:00007e72	ram:00007eb4	c.lw a1,0x8(s0)	74	read	ram	4	CAST(INT_ADD((register, 0x2028, 4),0x8))		
decompiler	ram:00007e72	ram:00007ec4	c.lw a1,0xc(s0)	84	read	ram	4	CAST(INT_ADD((register, 0x2028, 4),0xc))		
decompiler	ram:00007ed6	ram:00007ede	sh a1,0xc(a0)	11	write	ram	2	CAST(PTRADD((register, 0x2028, 4),0x3,0x4))		(register, 0x202c, 2)
decompiler	ram:00007ed6	ram:00007ee2	sh a2,0xe(a0)	14	write	ram	2	CAST(INT_ADD(CAST((register, 0x2028, 4)),0xe))		(register, 0x2030, 2)
decompiler	ram:00007ed6	ram:00007ee6	sw zero,0x0(a0)	17	write	ram	4	(register, 0x2028, 4)		0x0
decompiler	ram:00007ed6	ram:00007eea	sw zero,0x4(a0)	20	write	ram	4	PTRADD((register, 0x2028, 4),0x1,0x4)		0x0
decompiler	ram:00007ed6	ram:00007eee	sw zero,0x8(a0)	23	write	ram	4	PTRADD((register, 0x2028, 4),0x2,0x4)		0x0
decompiler	ram:00007ed6	ram:00007ef2	sw zero,0x64(a0)	26	write	ram	4	PTRADD((register, 0x2028, 4),0x19,0x4)		0x0
decompiler	ram:00007ed6	ram:00007ef6	sw zero,0x10(a0)	29	write	ram	4	PTRADD((register, 0x2028, 4),0x4,0x4)		0x0
decompiler	ram:00007ed6	ram:00007efa	sw zero,0x14(a0)	32	write	ram	4	PTRADD((register, 0x2028, 4),0x5,0x4)		0x0
decompiler	ram:00007ed6	ram:00007efe	sw zero,0x18(a0)	35	write	ram	4	PTRADD((register, 0x2028, 4),0x6,0x4)		0x0
decompiler	ram:00007ed6	ram:00007f16	c.sw a5,0x24(s0)	50	write	ram	4	PTRADD((register, 0x2028, 4),0x9,0x4)		0x8b08
decompiler	ram:00007ed6	ram:00007f20	c.sw a5,0x28(s0)	57	write	ram	4	PTRADD((register, 0x2028, 4),0xa,0x4)		0x8b38
decompiler	ram:00007ed6	ram:00007f2a	c.sw a5,0x2c(s0)	64	write	ram	4	PTRADD((register, 0x2028, 4),0xb,0x4)		0x8b86
decompiler	ram:00007ed6	ram:00007f34	c.sw s0,0x20(s0)	71	write	ram	4	PTRADD((register, 0x2028, 4),0x8,0x4)		(register, 0x2028, 4)
decompiler	ram:00007ed6	ram:00007f36	c.sw a5,0x30(s0)	74	write	ram	4	PTRADD((register, 0x2028, 4),0xc,0x4)		0x8bbc
decompiler	ram:00007f4a	ram:00007f6c	sw zero,0x0(a0)	29	write	ram	4	CAST(CALL(0x358493ca261101,(register, 0x2028, 4),INT_ADD(INT_MULT(INT_ADD((register, 0x202c, 4),0xffffffff),0x68),0x74)))		0x0
decompiler	ram:00007f4a	ram:00007f70	sw s2,0x4(a0)	32	write	ram	4	PTRADD(CAST(CALL(0x358493ca261101,(register, 0x2028, 4),INT_ADD(INT_MULT(INT_ADD((register, 0x202c, 4),0xffffffff),0x68),0x74))),0x1,0x4)		(register, 0x202c, 4)
decompiler	ram:00007f4a	ram:00007f76	c.sw a0,0x8(s0)	37	write	ram	4	PTRADD(CAST(CALL(0x358493ca261101,(register, 0x2028, 4),INT_ADD(INT_MULT(INT_ADD((register, 0x202c, 4),0xffffffff),0x68),0x74))),0x2,0x4)		PTRADD(CAST(CALL(0x358493ca261101,(register, 0x2028, 4),INT_ADD(INT_MULT((register, 0x2024, 4),0x68),0x74))),0x3,0x4)
decompiler	ram:00007f90	ram:00007f90	c.lw a5,0x18(a0)	2	read	ram	4	CAST(PTRADD((register, 0x2028, 4),0x18,0x1))		
decompiler	ram:00007f90	ram:00007fa2	c.sw a5,0x28(a0)	19	write	ram	4	CAST(PTRADD((register, 0x2028, 4),0x28,0x1))		0x7f40
decompiler	ram:00007f90	ram:00007fa2	c.sw a5,0x28(a0)	185	read	ram	4	ram:0000930c	0x930c	
decompiler	ram:00007f90	ram:00007fae	sw zero,0x48(a0)	29	write	ram	4	CAST(PTRADD((register, 0x2028, 4),0x48,0x1))		0x0
decompiler	ram:00007f90	ram:00007fb2	sw zero,0x4c(a0)	32	write	ram	4	CAST(PTRADD((register, 0x2028, 4),0x4c,0x1))		0x0
decompiler	ram:00007f90	ram:00007fb6	sw zero,0x50(a0)	35	write	ram	4	CAST(PTRADD((register, 0x2028, 4),0x50,0x1))		0x0
decompiler	ram:00007f90	ram:00007fc0	c.sw a5,0x18(a0)	42	write	ram	4	CAST(PTRADD((register, 0x2028, 4),0x18,0x1))		0x1
decompiler	ram:00007f90	ram:00007fc6	c.sw a0,0x4(s0)	48	write	ram	4	CAST(PTRADD((register, 0x2028, 4),0x4,0x1))		CALL(0x8793000017971141)
decompiler	ram:00007f90	ram:00007fcc	c.sw a0,0x8(s0)	54	write	ram	4	CAST(PTRADD((register, 0x2028, 4),0x8,0x1))		CALL(0x8793000017971141,(register, 0x2028, 4))
decompiler	ram:00007f90	ram:00007fd2	c.sw a0,0xc(s0)	60	write	ram	4	CAST(PTRADD((register, 0x2028, 4),0xc,0x1))		CALL(0x8793000017971141,(register, 0x2028, 4))
decompiler	ram:00007f90	ram:00007fd4	c.lw a0,0x4(s0)	63	read	ram	4	CAST(PTRADD((register, 0x2028, 4),0x4,0x1))		
decompiler	ram:00007f90	ram:00007fdc	c.lw a0,0x8(s0)	72	read	ram	4	CAST(PTRADD((register, 0x2028, 4),0x8,0x1))		
decompiler	ram:00007f90	ram:00007fe4	c.lw a0,0xc(s0)	81	read	ram	4	CAST(PTRADD((register, 0x2028, 4),0xc,0x1))		
decompiler	ram:00007f90	ram:00007fee	c.sw a5,0x18(s0)	92	write	ram	4	CAST(PTRADD((register, 0x2028, 4),0x18,0x1))		0x1
decompiler	ram:00007ffa	ram:0000800c	c.lw a5,0x18(s1)	19	read	ram	4	ram:0000930c	0x930c	
decompiler	ram:00007ffa	ram:0000800c	c.lw a5,0x18(s1)	20	read	ram	4	0x20002ed0	0x20002ed0	
decompiler	ram:00007ffa	ram:0000801c	c.lw s0,0x8(s1)	34	read	ram	4	PTRADD(MULTIEQUAL(0x20002f00,CAST(LOAD(0x1a1,MULTIEQUAL(CAST(PTRADD((unique, 0x10000052, 4),0x48,0x1)),CAST(LOAD(0x1a1,(register, 0x2024, 4))))))),0x2,0x4)		
decompiler	ram:00007ffa	ram:0000801e	c.lw a5,0x4(s1)	37	read	ram	4	PTRADD(MULTIEQUAL(0x20002f00,CAST(LOAD(0x1a1,MULTIEQUAL(CAST(PTRADD((unique, 0x10000052, 4),0x48,0x1)),CAST(LOAD(0x1a1,(register, 0x2024, 4))))))),0x1,0x4)		
decompiler	ram:00007ffa	ram:00008026	c.lw a5,0x0(s1)	44	read	ram	4	MULTIEQUAL(0x20002f00,CAST(LOAD(0x1a1,MULTIEQUAL(0x20002f00,CAST(LOAD(0x1a1,MULTIEQUAL((register, 0x2024, 4),(register, 0x2024, 4))))))))		
decompiler	ram:00007ffa	ram:0000802a	c.lw s1,0x0(s1)	49	read	ram	4	MULTIEQUAL(0x20002f00,CAST(LOAD(0x1a1,MULTIEQUAL(0x20002f00,CAST(LOAD(0x1a1,MULTIEQUAL((register, 0x2024, 4),(register, 0x2024, 4))))))))		
decompiler	ram:00007ffa	ram:0000802e	lh a4,0xc(s0)	87	read	ram	2	CAST(PTRADD(MULTIEQUAL(CAST(LOAD(0x1a1,PTRADD(MULTIEQUAL((register, 0x2024, 4),(register, 0x2024, 4)),0x2,0x4))),PTRADD(MULTIEQUAL(CAST(LOAD(0x1a1,(unique, 0x23a00, 4))),PTRADD(MULTIEQUAL((register, 0x2020, 4),(register, 0x2020, 4)),0x1a,0x4)),0x1a,0x4)),0x3,0x4))		
decompiler	ram:00007ffa	ram:00008038	sw zero,0x64(s0)	99	write	ram	4	PTRADD(MULTIEQUAL(CAST(LOAD(0x1a1,PTRADD(MULTIEQUAL(CAST((unique, 0x1000005a, 4)),CAST((unique, 0x10000066, 4))),0x2,0x4))),PTRADD(MULTIEQUAL(CAST(LOAD(0x1a1,PTRADD((register, 0x2024, 4),0x2,0x4))),PTRADD(MULTIEQUAL(CAST((unique, 0x1000005e, 4)),PTRADD((register, 0x2020, 4),0x1a,0x4)),0x1a,0x4)),0x1a,0x4)),0x19,0x4)		0x0
decompiler	ram:00007ffa	ram:0000803c	sw zero,0x0(s0)	102	write	ram	4	MULTIEQUAL(CAST(LOAD(0x1a1,PTRADD(MULTIEQUAL(CAST(PTRADD((unique, 0x10000052, 4),0x48,0x1)),CAST(LOAD(0x1a1,(register, 0x2024, 4)))),0x2,0x4))),PTRADD(MULTIEQUAL(CAST(LOAD(0x1a1,PTRADD(MULTIEQUAL((register, 0x2024, 4),(register, 0x2024, 4)),0x2,0x4))),PTRADD(MULTIEQUAL(CAST(LOAD(0x1a1,(unique, 0x23a00, 4))),PTRADD(MULTIEQUAL((register, 0x2020, 4),(register, 0x2020, 4)),0x1a,0x4)),0x1a,0x4)),0x1a,0x4))		0x0
decompiler	ram:00007ffa	ram:00008040	sw zero,0x4(s0)	105	write	ram	4	PTRADD(MULTIEQUAL(CAST(LOAD(0x1a1,PTRADD(MULTIEQUAL(CAST((unique, 0x1000005a, 4)),CAST((unique, 0x10000066, 4))),0x2,0x4))),PTRADD(MULTIEQUAL(CAST(LOAD(0x1a1,PTRADD((register, 0x2024, 4),0x2,0x4))),PTRADD(MULTIEQUAL(CAST((unique, 0x1000005e, 4)),PTRADD((register, 0x2020, 4),0x1a,0x4)),0x1a,0x4)),0x1a,0x4)),0x1,0x4)		0x0
decompiler	ram:00007ffa	ram:00008044	sw zero,0x8(s0)	108	write	ram	4	PTRADD(MULTIEQUAL(CAST(LOAD(0x1a1,PTRADD(MULTIEQUAL(CAST((unique, 0x1000005a, 4)),CAST((unique, 0x10000066, 4))),0x2,0x4))),PTRADD(MULTIEQUAL(CAST(LOAD(0x1a1,PTRADD((register, 0x2024, 4),0x2,0x4))),PTRADD(MULTIEQUAL(CAST((unique, 0x1000005e, 4)),PTRADD((register, 0x2020, 4),0x1a,0x4)),0x1a,0x4)),0x1a,0x4)),0x2,0x4)		0x0
decompiler	ram:00007ffa	ram:00008048	c.sw a5,0xc(s0)	111	write	ram	4	PTRADD(MULTIEQUAL(CAST(LOAD(0x1a1,PTRADD(MULTIEQUAL(CAST((unique, 0x1000005a, 4)),CAST((unique, 0x10000066, 4))),0x2,0x4))),PTRADD(MULTIEQUAL(CAST(LOAD(0x1a1,PTRADD((register, 0x2024, 4),0x2,0x4))),PTRADD(MULTIEQUAL(CAST((unique, 0x1000005e, 4)),PTRADD((register, 0x2020, 4),0x1a,0x4)),0x1a,0x4)),0x1a,0x4)),0x3,0x4)		0xffff0001
decompiler	ram:00007ffa	ram:0000804a	sw zero,0x10(s0)	114	write	ram	4	PTRADD(MULTIEQUAL(CAST(LOAD(0x1a1,PTRADD(MULTIEQUAL(CAST((unique, 0x1000005a, 4)),CAST((unique, 0x10000066, 4))),0x2,0x4))),PTRADD(MULTIEQUAL(CAST(LOAD(0x1a1,PTRADD((register, 0x2024, 4),0x2,0x4))),PTRADD(MULTIEQUAL(CAST((unique, 0x1000005e, 4)),PTRADD((register, 0x2020, 4),0x1a,0x4)),0x1a,0x4)),0x1a,0x4)),0x4,0x4)		0x0
decompiler	ram:00007ffa	ram:0000804e	sw zero,0x14(s0)	117	write	ram	4	PTRADD(MULTIEQUAL(CAST(LOAD(0x1a1,PTRADD(MULTIEQUAL(CAST((unique, 0x1000005a, 4)),CAST((unique, 0x10000066, 4))),0x2,0x4))),PTRADD(MULTIEQUAL(CAST(LOAD(0x1a1,PTRADD((register, 0x2024, 4),0x2,0x4))),PTRADD(MULTIEQUAL(CAST((unique, 0x1000005e, 4)),PTRADD((register, 0x2020, 4),0x1a,0x4)),0x1a,0x4)),0x1a,0x4)),0x5,0x4)		0x0
decompiler	ram:00007ffa	ram:00008052	sw zero,0x18(s0)	120	write	ram	4	PTRADD(MULTIEQUAL(CAST(LOAD(0x1a1,PTRADD(MULTIEQUAL(CAST((unique, 0x1000005a, 4)),CAST((unique, 0x10000066, 4))),0x2,0x4))),PTRADD(MULTIEQUAL(CAST(LOAD(0x1a1,PTRADD((register, 0x2024, 4),0x2,0x4))),PTRADD(MULTIEQUAL(CAST((unique, 0x1000005e, 4)),PTRADD((register, 0x2020, 4),0x1a,0x4)),0x1a,0x4)),0x1a,0x4)),0x6,0x4)		0x0
decompiler	ram:00007ffa	ram:00008062	sw zero,0x34(s0)	131	write	ram	4	PTRADD(MULTIEQUAL(CAST(LOAD(0x1a1,PTRADD(MULTIEQUAL(CAST((unique, 0x1000005a, 4)),CAST((unique, 0x10000066, 4))),0x2,0x4))),PTRADD(MULTIEQUAL(CAST(LOAD(0x1a1,PTRADD((register, 0x2024, 4),0x2,0x4))),PTRADD(MULTIEQUAL(CAST((unique, 0x1000005e, 4)),PTRADD((register, 0x2020, 4),0x1a,0x4)),0x1a,0x4)),0x1a,0x4)),0xd,0x4)		0x0
decompiler	ram:00007ffa	ram:00008066	sw zero,0x38(s0)	134	write	ram	4	PTRADD(MULTIEQUAL(CAST(LOAD(0x1a1,PTRADD(MULTIEQUAL(CAST((unique, 0x1000005a, 4)),CAST((unique, 0x10000066, 4))),0x2,0x4))),PTRADD(MULTIEQUAL(CAST(LOAD(0x1a1,PTRADD((register, 0x2024, 4),0x2,0x4))),PTRADD(MULTIEQUAL(CAST((unique, 0x1000005e, 4)),PTRADD((register, 0x2020, 4),0x1a,0x4)),0x1a,0x4)),0x1a,0x4)),0xe,0x4)		0x0
decompiler	ram:00007ffa	ram:0000806a	sw zero,0x48(s0)	137	write	ram	4	PTRADD(MULTIEQUAL(CAST(LOAD(0x1a1,PTRADD(MULTIEQUAL(CAST((unique, 0x1000005a, 4)),CAST((unique, 0x10000066, 4))),0x2,0x4))),PTRADD(MULTIEQUAL(CAST(LOAD(0x1a1,PTRADD((register, 0x2024, 4),0x2,0x4))),PTRADD(MULTIEQUAL(CAST((unique, 0x1000005e, 4)),PTRADD((register, 0x2020, 4),0x1a,0x4)),0x1a,0x4)),0x1a,0x4)),0x12,0x4)		0x0
decompiler	ram:00007ffa	ram:0000806e	sw zero,0x4c(s0)	140	write	ram	4	PTRADD(MULTIEQUAL(CAST(LOAD(0x1a1,PTRADD(MULTIEQUAL(CAST((unique, 0x1000005a, 4)),CAST((unique, 0x10000066, 4))),0x2,0x4))),PTRADD(MULTIEQUAL(CAST(LOAD(0x1a1,PTRADD((register, 0x2024, 4),0x2,0x4))),PTRADD(MULTIEQUAL(CAST((unique, 0x1000005e, 4)),PTRADD((register, 0x2020, 4),0x1a,0x4)),0x1a,0x4)),0x1a,0x4)),0x13,0x4)		0x0
decompiler	ram:00007ffa	ram:0000808c	c.sw a0,0x0(s1)	58	write	ram	4	MULTIEQUAL(0x20002f00,CAST(LOAD(0x1a1,MULTIEQUAL(0x20002f00,CAST(LOAD(0x1a1,MULTIEQUAL((register, 0x2024, 4),(register, 0x2024, 4))))))))		CALL(0x6800613c2261141,(register, 0x2028, 4),0x4)
decompiler	ram:00007ffa	ram:00008092	sw a5,0x0(s2)	65	write	ram	4	(register, 0x2028, 4)		0xc
decompiler	ram:0000809a	ram:000080d6	c.lw s1,0x8(s0)	74	read	ram	4	PTRADD(MULTIEQUAL(CAST(INT_ADD((register, 0x2028, 4),0x48)),CAST(LOAD(0x1a1,MULTIEQUAL(CAST(INT_ADD((register, 0x2028, 4),0x48)),CAST(LOAD(0x1a1,(register, 0x2020, 4))))))),0x2,0x4)		
decompiler	ram:0000809a	ram:000080d8	lw s3,0x4(s0)	77	read	ram	4	PTRADD(MULTIEQUAL(CAST(INT_ADD((register, 0x2028, 4),0x48)),CAST(LOAD(0x1a1,MULTIEQUAL(CAST(INT_ADD((register, 0x2028, 4),0x48)),CAST(LOAD(0x1a1,(register, 0x2020, 4))))))),0x1,0x4)		
decompiler	ram:0000809a	ram:000080e2	c.lw s0,0x0(s0)	84	read	ram	4	MULTIEQUAL(CAST(INT_ADD((register, 0x2028, 4),0x48)),CAST(LOAD(0x1a1,MULTIEQUAL(CAST(INT_ADD((register, 0x2028, 4),0x48)),CAST(LOAD(0x1a1,MULTIEQUAL((register, 0x2020, 4),(register, 0x2020, 4))))))))		
decompiler	ram:0000809a	ram:000080e6	lhu a5,0xc(s1)	88	read	ram	2	CAST(INT_ADD(MULTIEQUAL(LOAD(0x1a1,PTRADD(MULTIEQUAL(CAST((unique, 0x1000000f, 4)),CAST((unique, 0x1000001b, 4))),0x2,0x4)),INT_ADD(MULTIEQUAL(LOAD(0x1a1,PTRADD((register, 0x2020, 4),0x2,0x4)),INT_ADD(MULTIEQUAL((register, 0x2024, 4),(register, 0x2024, 4)),0x68)),0x68)),0xc))		
decompiler	ram:0000809a	ram:000080ee	lh a5,0xe(s1)	94	read	ram	2	CAST(INT_ADD(MULTIEQUAL(LOAD(0x1a1,PTRADD(MULTIEQUAL(CAST((unique, 0x1000000f, 4)),CAST((unique, 0x1000001b, 4))),0x2,0x4)),INT_ADD(MULTIEQUAL(LOAD(0x1a1,PTRADD((register, 0x2020, 4),0x2,0x4)),INT_ADD(MULTIEQUAL((register, 0x2024, 4),(register, 0x2024, 4)),0x68)),0x68)),0xe))		
decompiler	ram:00008106	ram:0000810c	lh a1,0xe(a1)	8	read	ram	2	CAST(INT_ADD((register, 0x202c, 4),0xe))		
decompiler	ram:00008106	ram:0000811a	lhu a5,0xc(s1)	21	read	ram	2	CAST(INT_ADD((register, 0x202c, 4),0xc))		
decompiler	ram:00008106	ram:0000811e	sw zero,0x0(a3)	25	write	ram	4	(register, 0x2034, 4)		0x0
decompiler	ram:00008106	ram:0000814a	c.sw a5,0x0(a3)	82	write	ram	4	(register, 0x2034, 4)		INT_ZEXT(INT_EQUAL(INT_AND(INDIRECT((stack, 0xffffffffffffff9c, 4),0x3a),0xf000),0x2000))
decompiler	ram:00008106	ram:00008152	c.sw a5,0x0(s0)	35	write	ram	4	(register, 0x2030, 4)		MULTIEQUAL(0x400,0x40)
decompiler	ram:00008160	ram:00008160	lhu a5,0xc(a1)	2	read	ram	2	CAST(PTRADD((register, 0x202c, 4),0x3,0x4))		
decompiler	ram:00008160	ram:00008178	c.sw a5,0x0(s0)	27	write	ram	4	(register, 0x202c, 4)		INT_ADD(CAST((register, 0x202c, 4)),0x47)
decompiler	ram:00008160	ram:0000817a	c.sw a5,0x10(s0)	30	write	ram	4	PTRADD((register, 0x202c, 4),0x4,0x4)		INT_ADD(CAST((register, 0x202c, 4)),0x47)
decompiler	ram:00008160	ram:0000817e	c.sw a5,0x14(s0)	35	write	ram	4	PTRADD((register, 0x202c, 4),0x5,0x4)		0x1
decompiler	ram:00008160	ram:0000819e	lh a5,0xc(s0)	69	read	ram	2	CAST(PTRADD((register, 0x202c, 4),0x3,0x4))		
decompiler	ram:00008160	ram:000081ae	sh a5,0xc(s0)	81	write	ram	2	CAST(PTRADD((register, 0x202c, 4),0x3,0x4))		INT_OR(INT_AND(LOAD(0x1a1,CAST(PTRADD((register, 0x202c, 4),0x3,0x4))),0xfffc),0x2)
decompiler	ram:00008160	ram:000081bc	c.sw a5,0x28(s1)	89	write	ram	4	CAST(INT_ADD((register, 0x2028, 4),0x28))		0x7f40
decompiler	ram:00008160	ram:000081be	lhu a5,0xc(s0)	92	read	ram	2	CAST(PTRADD((register, 0x202c, 4),0x3,0x4))		
decompiler	ram:00008160	ram:000081c2	c.sw a0,0x0(s0)	96	write	ram	4	(register, 0x202c, 4)		CALL(0x358493ca261101,(register, 0x2028, 4),INDIRECT((stack, 0xffffffffffffffe8, 4),0x39))
decompiler	ram:00008160	ram:000081c4	c.sw a0,0x10(s0)	99	write	ram	4	PTRADD((register, 0x202c, 4),0x4,0x4)		CALL(0x358493ca261101,(register, 0x2028, 4),INDIRECT((stack, 0xffffffffffffffe8, 4),0x39))
decompiler	ram:00008160	ram:000081ca	sh a5,0xc(s0)	104	write	ram	2	CAST(PTRADD((register, 0x202c, 4),0x3,0x4))		INT_OR(LOAD(0x1a1,CAST(PTRADD((register, 0x202c, 4),0x3,0x4))),0x80)
decompiler	ram:00008160	ram:000081d0	c.sw a5,0x14(s0)	110	write	ram	4	PTRADD((register, 0x202c, 4),0x5,0x4)		INDIRECT(INDIRECT((stack, 0xffffffffffffffe8, 4),0x39),0x40)
decompiler	ram:00008160	ram:000081d6	lh a1,0xe(s0)	118	read	ram	2	CAST(INT_ADD(CAST((register, 0x202c, 4)),0xe))		
decompiler	ram:00008160	ram:000081e2	lhu a5,0xc(s0)	127	read	ram	2	CAST(PTRADD((register, 0x202c, 4),0x3,0x4))		
decompiler	ram:00008160	ram:000081ec	sh a5,0xc(s0)	135	write	ram	2	CAST(PTRADD((register, 0x202c, 4),0x3,0x4))		INT_OR(INT_AND(LOAD(0x1a1,CAST(PTRADD((register, 0x202c, 4),0x3,0x4))),0xfffc),0x1)
decompiler	ram:00008160	ram:000081f0	lhu a5,0xc(s0)	138	read	ram	2	CAST(PTRADD((register, 0x202c, 4),0x3,0x4))		
decompiler	ram:00008160	ram:000081f8	sh s2,0xc(s0)	143	write	ram	2	CAST(PTRADD((register, 0x202c, 4),0x3,0x4))		INT_OR(CALL(0x958384aedaa67119,(register, 0x2028, 4),(register, 0x202c, 4),PTRSUB((register, 0x2008, 4),0xffffffe8),PTRSUB((register, 0x2008, 4),0xffffffec)),LOAD(0x1a1,CAST(PTRADD((register, 0x202c, 4),0x3,0x4))))
decompiler	ram:000081fe	ram:00008200	lw a5,-0x4(a1)	4	read	ram	4	CAST(INT_ADD((register, 0x202c, 4),0xfffffffc))		
decompiler	ram:000081fe	ram:00008226	c.bnez a5,0x00008242	31	read	ram	4	ram:20003008	0x20003008	
decompiler	ram:000081fe	ram:00008228	sw zero,0x4(s0)	35	write	ram	4	PTRADD(MULTIEQUAL(CAST(INT_SUB((register, 0x202c, 4),0x4)),CAST(INT_ADD(CAST(CAST(INT_SUB((register, 0x202c, 4),0x4))),LOAD(0x1a1,CAST(INT_ADD((register, 0x202c, 4),0xfffffffc)))))),0x1,0x4)		0x0
decompiler	ram:000081fe	ram:0000823e	j 0x00008cd8	212	write	ram	4	ram:20003008	0x20003008	mem[ram:20003008]
decompiler	ram:000081fe	ram:0000823e	j 0x00008cd8	212	read	ram	4	ram:20003008	0x20003008	
decompiler	ram:000081fe	ram:00008242	bgeu s0,a5,0x0000825e	55	read	ram	4	ram:20003008	0x20003008	
decompiler	ram:000081fe	ram:00008242	bgeu s0,a5,0x0000825e	249	read	ram	4	ram:20003008	0x20003008	
decompiler	ram:000081fe	ram:00008246	c.lw a3,0x0(s0)	59	read	ram	4	MULTIEQUAL(CAST(INT_SUB((register, 0x202c, 4),0x4)),CAST(INT_ADD(CAST(CAST(INT_SUB((register, 0x202c, 4),0x4))),LOAD(0x1a1,CAST(INT_ADD((register, 0x202c, 4),0xfffffffc))))))		
decompiler	ram:000081fe	ram:0000824c	bne a5,a4,0x00008258	61	read	ram	4	ram:20003008	0x20003008	
decompiler	ram:000081fe	ram:00008250	c.lw a4,0x0(a5)	65	read	ram	4	mem[ram:20003008]		
decompiler	ram:000081fe	ram:00008250	c.lw a4,0x0(a5)	65	read	ram	4	ram:20003008	0x20003008	
decompiler	ram:000081fe	ram:00008252	c.lw a5,0x4(a5)	68	read	ram	4	PTRADD(mem[ram:20003008],0x1,0x4)		
decompiler	ram:000081fe	ram:00008252	c.lw a5,0x4(a5)	240	read	ram	4	ram:20003008	0x20003008	
decompiler	ram:000081fe	ram:00008256	c.sw a4,0x0(s0)	72	write	ram	4	MULTIEQUAL(CAST(INT_SUB((register, 0x202c, 4),0x4)),CAST(INT_ADD(CAST(CAST(INT_SUB((register, 0x202c, 4),0x4))),LOAD(0x1a1,CAST(INT_ADD((register, 0x202c, 4),0xfffffffc))))))		INT_ADD(LOAD(0x1a1,mem[ram:20003008]),LOAD(0x1a1,MULTIEQUAL(CAST(INT_SUB((register, 0x202c, 4),0x4)),CAST(INT_ADD((unique, 0x10000064, 4),(register, 0x203c, 4))))))
decompiler	ram:000081fe	ram:00008258	c.sw a5,0x4(s0)	75	write	ram	4	PTRADD(MULTIEQUAL(CAST(INT_SUB((register, 0x202c, 4),0x4)),CAST(INT_ADD(CAST(CAST(INT_SUB((register, 0x202c, 4),0x4))),LOAD(0x1a1,CAST(INT_ADD((register, 0x202c, 4),0xfffffffc)))))),0x1,0x4)		CAST(MULTIEQUAL(mem[ram:20003008],CAST(LOAD(0x1a1,PTRADD(mem[ram:20003008],0x1,0x4)))))
decompiler	ram:000081fe	ram:0000825e	c.lw a4,0x4(a5)	79	read	ram	4	PTRADD(COPY(MULTIEQUAL(COPY(mem[ram:20003008]),COPY(CAST(LOAD(0x1a1,PTRADD((register, 0x203c, 4),0x1,0x4)))))),0x1,0x4)		
decompiler	ram:000081fe	ram:00008266	c.lw a3,0x0(a5)	86	read	ram	4	COPY(MULTIEQUAL(COPY(mem[ram:20003008]),COPY(CAST(LOAD(0x1a1,PTRADD(COPY((unique, 0x1000003c, 4)),0x1,0x4))))))		
decompiler	ram:000081fe	ram:00008270	c.lw a2,0x0(s0)	92	read	ram	4	MULTIEQUAL(CAST(INT_SUB((register, 0x202c, 4),0x4)),CAST(INT_ADD(CAST(CAST(INT_SUB((register, 0x202c, 4),0x4))),LOAD(0x1a1,CAST(INT_ADD((register, 0x202c, 4),0xfffffffc))))))		
decompiler	ram:000081fe	ram:00008274	c.sw a3,0x0(a5)	96	write	ram	4	COPY(MULTIEQUAL(COPY(mem[ram:20003008]),COPY(CAST(LOAD(0x1a1,PTRADD(COPY((unique, 0x1000003c, 4)),0x1,0x4))))))		INT_ADD(LOAD(0x1a1,COPY(MULTIEQUAL(COPY(mem[ram:20003008]),COPY((register, 0x2038, 4))))),LOAD(0x1a1,MULTIEQUAL(CAST(INT_SUB((register, 0x202c, 4),0x4)),CAST(INT_ADD((unique, 0x10000064, 4),(register, 0x203c, 4))))))
decompiler	ram:000081fe	ram:0000827a	bne a4,a2,0x00008234	252	read	ram	4	ram:20003008	0x20003008	
decompiler	ram:000081fe	ram:0000827e	c.lw a2,0x0(a4)	102	read	ram	4	CAST(LOAD(0x1a1,PTRADD(COPY(MULTIEQUAL(COPY(mem[ram:20003008]),COPY(CAST((unique, 0x1000006c, 4))))),0x1,0x4)))		
decompiler	ram:000081fe	ram:00008280	c.lw a4,0x4(a4)	105	read	ram	4	PTRADD(CAST(LOAD(0x1a1,PTRADD(COPY(MULTIEQUAL(COPY(mem[ram:20003008]),COPY((register, 0x2038, 4)))),0x1,0x4))),0x1,0x4)		
decompiler	ram:000081fe	ram:00008284	c.sw a3,0x0(a5)	109	write	ram	4	COPY(MULTIEQUAL(COPY(mem[ram:20003008]),COPY(CAST(LOAD(0x1a1,PTRADD(COPY((unique, 0x1000003c, 4)),0x1,0x4))))))		INT_ADD(INT_ADD(LOAD(0x1a1,COPY(MULTIEQUAL((unique, 0x10000034, 4),(unique, 0x10000038, 4)))),LOAD(0x1a1,MULTIEQUAL(CAST((unique, 0x10000060, 4)),CAST((unique, 0x10000068, 4))))),LOAD(0x1a1,CAST(LOAD(0x1a1,PTRADD((register, 0x203c, 4),0x1,0x4)))))
decompiler	ram:000081fe	ram:00008286	c.sw a4,0x4(a5)	112	write	ram	4	PTRADD(COPY(MULTIEQUAL(COPY(mem[ram:20003008]),COPY(CAST(LOAD(0x1a1,PTRADD((register, 0x203c, 4),0x1,0x4)))))),0x1,0x4)		LOAD(0x1a1,PTRADD(CAST(LOAD(0x1a1,PTRADD((register, 0x203c, 4),0x1,0x4))),0x1,0x4))
decompiler	ram:000081fe	ram:00008288	c.j 0x00008234	253	read	ram	4	ram:20003008	0x20003008	
decompiler	ram:000081fe	ram:00008290	c.sw a5,0x0(s1)	120	write	ram	4	(register, 0x2028, 4)		0xc
decompiler	ram:000081fe	ram:00008292	c.j 0x00008234	254	read	ram	4	ram:20003008	0x20003008	
decompiler	ram:000081fe	ram:00008294	c.lw a2,0x0(s0)	124	read	ram	4	MULTIEQUAL(CAST(INT_SUB((register, 0x202c, 4),0x4)),CAST(INT_ADD(CAST(CAST(INT_SUB((register, 0x202c, 4),0x4))),LOAD(0x1a1,CAST(INT_ADD((register, 0x202c, 4),0xfffffffc))))))		
decompiler	ram:000081fe	ram:0000829e	c.lw a3,0x0(a4)	130	read	ram	4	CAST(LOAD(0x1a1,PTRADD(COPY(MULTIEQUAL(COPY(mem[ram:20003008]),COPY(CAST((unique, 0x1000006c, 4))))),0x1,0x4)))		
decompiler	ram:000081fe	ram:000082a0	c.lw a4,0x4(a4)	133	read	ram	4	PTRADD(CAST(LOAD(0x1a1,PTRADD(COPY(MULTIEQUAL(COPY(mem[ram:20003008]),COPY((register, 0x2038, 4)))),0x1,0x4))),0x1,0x4)		
decompiler	ram:000081fe	ram:000082a4	c.sw a3,0x0(s0)	137	write	ram	4	MULTIEQUAL(CAST(INT_SUB((register, 0x202c, 4),0x4)),CAST(INT_ADD(CAST(CAST(INT_SUB((register, 0x202c, 4),0x4))),LOAD(0x1a1,CAST(INT_ADD((register, 0x202c, 4),0xfffffffc))))))		INT_ADD(LOAD(0x1a1,CAST(LOAD(0x1a1,PTRADD((register, 0x203c, 4),0x1,0x4)))),LOAD(0x1a1,MULTIEQUAL(CAST(INT_SUB((register, 0x202c, 4),0x4)),CAST(INT_ADD((unique, 0x10000064, 4),(register, 0x203c, 4))))))
decompiler	ram:000081fe	ram:000082a6	c.sw a4,0x4(s0)	140	write	ram	4	PTRADD(MULTIEQUAL(CAST(INT_SUB((register, 0x202c, 4),0x4)),CAST(INT_ADD(CAST(CAST(INT_SUB((register, 0x202c, 4),0x4))),LOAD(0x1a1,CAST(INT_ADD((register, 0x202c, 4),0xfffffffc)))))),0x1,0x4)		CAST(MULTIEQUAL(CAST(LOAD(0x1a1,PTRADD((register, 0x203c, 4),0x1,0x4))),CAST(LOAD(0x1a1,PTRADD((register, 0x2038, 4),0x1,0x4)))))
decompiler	ram:000081fe	ram:000082a8	c.sw s0,0x4(a5)	143	write	ram	4	PTRADD(COPY(MULTIEQUAL(COPY(mem[ram:20003008]),COPY(CAST(LOAD(0x1a1,PTRADD((register, 0x203c, 4),0x1,0x4)))))),0x1,0x4)		CAST(MULTIEQUAL(CAST(INT_SUB((register, 0x202c, 4),0x4)),CAST(INT_ADD(CAST((register, 0x2020, 4)),LOAD(0x1a1,(unique, 0x5f00, 4))))))
decompiler	ram:000081fe	ram:000082aa	c.j 0x00008234	255	read	ram	4	ram:20003008	0x20003008	
decompiler	ram:000082ae	ram:000082ec	c.bnez a5,0x000082fe	51	read	ram	4	ram:2000300c	0x2000300c	
decompiler	ram:000082ae	ram:0000830e	sw a5,0x0(s2)	75	write	ram	4	(register, 0x2028, 4)		0xc
decompiler	ram:000082ae	ram:00008320	c.sw a5,0x0(a0)	172	write	ram	4	(register, 0x2028, 4)		0xc
decompiler	ram:000082ae	ram:00008324	c.lwsp ra,0x1c(sp)	373	write	ram	4	ram:20003008	0x20003008	mem[ram:20003008]
decompiler	ram:000082ae	ram:00008324	c.lwsp ra,0x1c(sp)	373	read	ram	4	ram:20003008	0x20003008	
decompiler	ram:000082ae	ram:00008324	c.lwsp ra,0x1c(sp)	392	write	ram	4	ram:2000300c	0x2000300c	mem[ram:2000300c]
decompiler	ram:000082ae	ram:00008324	c.lwsp ra,0x1c(sp)	392	read	ram	4	ram:2000300c	0x2000300c	
decompiler	ram:000082ae	ram:00008332	c.lw a5,0x0(s0)	137	read	ram	4	COPY(MULTIEQUAL(COPY(mem[ram:20003008]),COPY(CAST(LOAD(0x1a1,PTRADD(COPY((unique, 0x10000055, 4)),0x1,0x4))))))		
decompiler	ram:000082ae	ram:00008340	c.sw a5,0x0(s0)	147	write	ram	4	COPY(MULTIEQUAL(COPY(mem[ram:20003008]),COPY(CAST(LOAD(0x1a1,PTRADD(COPY((unique, 0x10000055, 4)),0x1,0x4))))))		INT_SUB(LOAD(0x1a1,COPY(MULTIEQUAL(COPY(mem[ram:20003008]),COPY((register, 0x2020, 4))))),MULTIEQUAL(0xc,INT_ADD(INT_AND(INT_ADD((register, 0x202c, 4),0x3),0xfffffffc),0x8)))
decompiler	ram:000082ae	ram:00008344	c.sw s1,0x0(s0)	115	write	ram	4	MULTIEQUAL(CAST(INT_AND(INT_ADD(CAST(CAST(CALL(0x852e842ac4221141,(register, 0x2028, 4),(register, 0x2024, 4)))),0x3),0xfffffffc)),CAST(INT_AND(INT_ADD(CAST(CAST(CALL(0x852e842ac4221141,(register, 0x2028, 4),(register, 0x2024, 4)))),0x3),0xfffffffc)),CAST(INT_ADD(CAST(COPY(MULTIEQUAL(COPY(mem[ram:20003008]),COPY((register, 0x2020, 4))))),INT_SUB(LOAD(0x1a1,COPY(MULTIEQUAL((unique, 0x1000004d, 4),(unique, 0x10000051, 4)))),MULTIEQUAL(0xc,INT_ADD(INT_AND((register, 0x2024, 4),0xfffffffc),0x8))))))		MULTIEQUAL(0xc,INT_ADD(INT_AND(INT_ADD((register, 0x202c, 4),0x3),0xfffffffc),0x8))
decompiler	ram:000082ae	ram:00008346	c.j 0x00008356	501	read	ram	4	ram:20003008	0x20003008	
decompiler	ram:000082ae	ram:00008348	c.lw a5,0x4(s0)	151	read	ram	4	PTRADD(COPY(MULTIEQUAL(COPY(mem[ram:20003008]),COPY(CAST(LOAD(0x1a1,PTRADD((register, 0x2020, 4),0x1,0x4)))))),0x1,0x4)		
decompiler	ram:000082ae	ram:00008370	c.sw a5,0x0(s0)	133	write	ram	4	CAST(INT_ADD(CAST(MULTIEQUAL(MULTIEQUAL(CAST(INT_AND((register, 0x2020, 4),0xfffffffc)),CAST(INT_AND((register, 0x2020, 4),0xfffffffc)),CAST(INT_ADD((unique, 0x10000079, 4),(register, 0x203c, 4)))),COPY(MULTIEQUAL(COPY(mem[ram:20003008]),COPY((register, 0x2020, 4)))),COPY(MULTIEQUAL(COPY(mem[ram:20003008]),COPY((register, 0x2020, 4)))))),INT_SUB(INT_AND(INT_ADD(CAST(MULTIEQUAL((register, 0x2020, 4),(register, 0x2020, 4),(register, 0x2020, 4))),0xb),0xfffffff8),CAST(PTRADD(MULTIEQUAL(MULTIEQUAL((register, 0x...[truncated])		INT_SUB(CAST(PTRADD(MULTIEQUAL(MULTIEQUAL((register, 0x2020, 4),(register, 0x2020, 4),(register, 0x2020, 4)),COPY((unique, 0x10000055, 4)),COPY((unique, 0x10000055, 4))),0x1,0x4)),INT_AND(INT_ADD(CAST(MULTIEQUAL((register, 0x2020, 4),(register, 0x2020, 4),(register, 0x2020, 4))),0xb),0xfffffff8))
decompiler	ram:000082ae	ram:00008374	c.sw a5,0x4(a4)	161	write	ram	4	PTRADD(MULTIEQUAL(COPY(mem[ram:20003008]),COPY(COPY(MULTIEQUAL(COPY(mem[ram:20003008]),COPY(CAST((unique, 0x10000085, 4))))))),0x1,0x4)		LOAD(0x1a1,PTRADD(COPY(MULTIEQUAL(COPY(mem[ram:20003008]),COPY((register, 0x2020, 4)))),0x1,0x4))
decompiler	ram:000082ae	ram:00008376	c.j 0x00008356	502	read	ram	4	ram:20003008	0x20003008	
decompiler	ram:000082ae	ram:0000837a	c.lw s0,0x4(s0)	166	read	ram	4	PTRADD(COPY(MULTIEQUAL(COPY(mem[ram:20003008]),COPY(CAST(LOAD(0x1a1,PTRADD((register, 0x2020, 4),0x1,0x4)))))),0x1,0x4)		
decompiler	ram:00008396	ram:00008396	c.lw a5,0x8(a2)	2	read	ram	4	PTRADD((register, 0x2030, 4),0x2,0x4)		
decompiler	ram:00008396	ram:0000839a	c.sw a5,0x8(a2)	7	write	ram	4	PTRADD((register, 0x2030, 4),0x2,0x4)		INT_ADD(LOAD(0x1a1,PTRADD((register, 0x2030, 4),0x2,0x4)),0xffffffff)
decompiler	ram:00008396	ram:000083a0	c.lw a4,0x18(a2)	12	read	ram	4	PTRADD((register, 0x2030, 4),0x6,0x4)		
decompiler	ram:00008396	ram:000083b0	c.lw a5,0x0(a2)	23	read	ram	4	(register, 0x2030, 4)		
decompiler	ram:00008396	ram:000083b8	c.sw a4,0x0(a2)	29	write	ram	4	(register, 0x2030, 4)		PTRADD(CAST(LOAD(0x1a1,(register, 0x2030, 4))),0x1,0x1)
decompiler	ram:00008396	ram:000083ba	sb a1,0x0(a5)	32	write	ram	1	CAST(LOAD(0x1a1,(register, 0x2030, 4)))		SUBPIECE((register, 0x202c, 4),0x0)
decompiler	ram:000083c0	ram:000083e2	lbu a1,0x0(s0)	54	read	ram	1	MULTIEQUAL((register, 0x2030, 4),PTRADD(MULTIEQUAL((register, 0x2030, 4),PTRADD(MULTIEQUAL((register, 0x2030, 4),PTRADD(MULTIEQUAL((register, 0x2030, 4),(register, 0x2020, 4)),0x1,0x1)),0x1,0x1)),0x1,0x1))		
decompiler	ram:00008402	ram:00008424	c.lw a5,0x18(a0)	43	read	ram	4	CAST(INT_ADD((register, 0x2028, 4),0x18))		
decompiler	ram:00008402	ram:00008438	lw s1,0x4(s3)	56	read	ram	4	CAST(INT_ADD((register, 0x2028, 4),0x4))		
decompiler	ram:00008402	ram:0000843c	lhu a5,0xc(s1)	59	read	ram	2	CAST(PTRADD(MULTIEQUAL(LOAD(0x1a1,CAST(INT_ADD((register, 0x2028, 4),0x4))),LOAD(0x1a1,CAST(INT_ADD((register, 0x2028, 4),0x8))),(register, 0x202c, 4),LOAD(0x1a1,CAST(INT_ADD((register, 0x2028, 4),0xc)))),0x3,0x4))		
decompiler	ram:00008402	ram:00008444	c.lw a5,0x10(s1)	67	read	ram	4	PTRADD(MULTIEQUAL(LOAD(0x1a1,CAST(INT_ADD((register, 0x2028, 4),0x4))),LOAD(0x1a1,CAST(INT_ADD((register, 0x2028, 4),0x8))),(register, 0x202c, 4),LOAD(0x1a1,CAST(INT_ADD((register, 0x2028, 4),0xc)))),0x4,0x4)		
decompiler	ram:00008402	ram:0000846e	lbu a5,0x0(s0)	99	read	ram	1	MULTIEQUAL(PTRADD(MULTIEQUAL(PTRADD(MULTIEQUAL(PTRADD(MULTIEQUAL((register, 0x2020, 4),(register, 0x2030, 4),(register, 0x2048, 4)),0x1,0x1),(register, 0x2030, 4),PTRADD(MULTIEQUAL((register, 0x2020, 4),(register, 0x2020, 4)),0x1,0x1)),0x1,0x1),(register, 0x2030, 4),PTRADD(MULTIEQUAL(MULTIEQUAL(MULTIEQUAL((register, 0x2020, 4),(register, 0x2020, 4),(register, 0x2020, 4),(register, 0x2020, 4)),MULTIEQUAL((register, 0x2020, 4),(register, 0x2020, 4),(register, 0x2020, 4)),PTRADD((register, 0x2020, 4),0x1,0x1))...[truncated])		
decompiler	ram:00008402	ram:00008496	lbu a5,0x0(s0)	127	read	ram	1	MULTIEQUAL(PTRADD(MULTIEQUAL(PTRADD(MULTIEQUAL(PTRADD(MULTIEQUAL((register, 0x2020, 4),(register, 0x2030, 4),(register, 0x2048, 4)),0x1,0x1),(register, 0x2030, 4),PTRADD(MULTIEQUAL((register, 0x2020, 4),(register, 0x2020, 4)),0x1,0x1)),0x1,0x1),(register, 0x2030, 4),PTRADD(MULTIEQUAL(MULTIEQUAL(MULTIEQUAL((register, 0x2020, 4),(register, 0x2020, 4),(register, 0x2020, 4),(register, 0x2020, 4)),MULTIEQUAL((register, 0x2020, 4),(register, 0x2020, 4),(register, 0x2020, 4)),PTRADD((register, 0x2020, 4),0x1,0x1))...[truncated])		
decompiler	ram:00008402	ram:000084b2	lbu a1,0x0(s2)	155	read	ram	1	MULTIEQUAL(COPY(PTRADD(MULTIEQUAL(PTRADD(MULTIEQUAL(PTRADD((register, 0x2020, 4),0x1,0x1),(register, 0x2030, 4),PTRADD((register, 0x2020, 4),0x1,0x1)),0x1,0x1),(register, 0x2030, 4),PTRADD(MULTIEQUAL(MULTIEQUAL((register, 0x2020, 4),(register, 0x2020, 4),(register, 0x2020, 4)),PTRADD((register, 0x2020, 4),0x1,0x1)),0x1,0x1)),0x1,0x1)),COPY(PTRADD(MULTIEQUAL(COPY(PTRADD(MULTIEQUAL((register, 0x2020, 4),(register, 0x2030, 4),(register, 0x2048, 4)),0x1,0x1)),COPY(PTRADD(MULTIEQUAL((unique, 0x1000009f, 4),(uniq...[truncated])		
decompiler	ram:00008402	ram:000084e2	lbu a3,0x0(s2)	189	read	ram	1	MULTIEQUAL(COPY(PTRADD(MULTIEQUAL(PTRADD(MULTIEQUAL(PTRADD((register, 0x2020, 4),0x1,0x1),(register, 0x2030, 4),PTRADD((register, 0x2020, 4),0x1,0x1)),0x1,0x1),(register, 0x2030, 4),PTRADD(MULTIEQUAL(MULTIEQUAL((register, 0x2020, 4),(register, 0x2020, 4),(register, 0x2020, 4)),PTRADD((register, 0x2020, 4),0x1,0x1)),0x1,0x1)),0x1,0x1)),COPY(PTRADD(MULTIEQUAL(COPY(PTRADD(MULTIEQUAL((register, 0x2020, 4),(register, 0x2030, 4),(register, 0x2048, 4)),0x1,0x1)),COPY(PTRADD(MULTIEQUAL((unique, 0x1000009f, 4),(uniq...[truncated])		
decompiler	ram:00008402	ram:000084f6	lbu a4,0x0(s0)	205	read	ram	1	MULTIEQUAL(COPY(MULTIEQUAL(COPY(PTRADD(MULTIEQUAL(PTRADD((register, 0x2020, 4),0x1,0x1),(register, 0x2030, 4),PTRADD((register, 0x2020, 4),0x1,0x1)),0x1,0x1)),COPY(PTRADD(MULTIEQUAL(COPY((register, 0x2048, 4)),COPY((register, 0x2020, 4))),0x1,0x1)))),COPY(PTRADD(MULTIEQUAL(COPY(MULTIEQUAL(COPY((register, 0x2048, 4)),COPY((register, 0x2020, 4)))),COPY(PTRADD(MULTIEQUAL((unique, 0x10000093, 4),(unique, 0x10000097, 4)),0x1,0x1))),0x1,0x1)))		
decompiler	ram:00008402	ram:00008518	lw s1,0x8(s3)	519	read	ram	4	CAST(INT_ADD((register, 0x2028, 4),0x8))		
decompiler	ram:00008402	ram:0000852a	lw s1,0xc(s3)	529	read	ram	4	CAST(INT_ADD((register, 0x2028, 4),0xc))		
decompiler	ram:00008402	ram:00008570	c.lw a4,0x0(a4)	473	read	ram	4	INDIRECT(MULTIEQUAL(MULTIEQUAL(MULTIEQUAL(MULTIEQUAL(MULTIEQUAL(MULTIEQUAL((stack, 0xffffffffffffff6c, 4),(unique, 0x100000cf, 4),(stack, 0xffffffffffffff6c, 4)),COPY((register, 0x2034, 4)),MULTIEQUAL((stack, 0xffffffffffffff6c, 4),(register, 0x203c, 4),(register, 0x203c, 4))),COPY((register, 0x2034, 4)),MULTIEQUAL(INDIRECT((stack, 0xffffffffffffff6c, 4),0x1aa),PTRADD((stack, 0xffffffffffffff6c, 4),0x1,0x4),CAST((unique, 0x1000010b, 4)))),COPY((register, 0x2034, 4)),MULTIEQUAL(INDIRECT(INDIRECT((stack, 0xff...[truncated])		
decompiler	ram:00008402	ram:0000857a	lbu a4,0x0(s0)	221	read	ram	1	MULTIEQUAL(MULTIEQUAL(COPY(MULTIEQUAL(COPY(PTRADD(MULTIEQUAL((register, 0x2020, 4),(register, 0x2030, 4),(register, 0x2048, 4)),0x1,0x1)),COPY(PTRADD(MULTIEQUAL((unique, 0x1000009f, 4),(unique, 0x100000a3, 4)),0x1,0x1)))),COPY(PTRADD(MULTIEQUAL(COPY(MULTIEQUAL((unique, 0x1000009f, 4),(unique, 0x100000a3, 4))),COPY(PTRADD((register, 0x2020, 4),0x1,0x1))),0x1,0x1))),MULTIEQUAL(COPY(MULTIEQUAL(COPY(PTRADD(MULTIEQUAL((register, 0x2020, 4),(register, 0x2030, 4),(register, 0x2048, 4)),0x1,0x1)),COPY(PTRADD(MULTIE...[truncated])		
decompiler	ram:00008402	ram:00008586	lbu a4,0x1(s0)	229	read	ram	1	PTRADD(MULTIEQUAL(MULTIEQUAL(COPY(MULTIEQUAL(COPY(PTRADD((register, 0x2020, 4),0x1,0x1)),COPY(PTRADD((register, 0x2048, 4),0x1,0x1)))),COPY(PTRADD(MULTIEQUAL(COPY((register, 0x2048, 4)),COPY((register, 0x202c, 4))),0x1,0x1))),MULTIEQUAL(COPY(MULTIEQUAL(COPY(PTRADD((register, 0x2020, 4),0x1,0x1)),COPY(PTRADD((register, 0x2048, 4),0x1,0x1)))),COPY(PTRADD(MULTIEQUAL(COPY((register, 0x2048, 4)),COPY((register, 0x202c, 4))),0x1,0x1))),PTRADD(MULTIEQUAL(COPY(PTRADD(MULTIEQUAL((register, 0x2020, 4),(register, 0x20...[truncated])		
decompiler	ram:00008402	ram:0000859a	c.lw a5,0x0(a5)	244	read	ram	4	MULTIEQUAL(COPY(INDIRECT(MULTIEQUAL(MULTIEQUAL(MULTIEQUAL(MULTIEQUAL((stack, 0xffffffffffffff6c, 4),(unique, 0x100000cf, 4),(stack, 0xffffffffffffff6c, 4)),COPY((register, 0x2034, 4)),MULTIEQUAL((stack, 0xffffffffffffff6c, 4),(register, 0x203c, 4),(register, 0x203c, 4))),INDIRECT(MULTIEQUAL((stack, 0xffffffffffffff6c, 4),(unique, 0x100000cf, 4),(stack, 0xffffffffffffff6c, 4)),0x71)),INDIRECT(MULTIEQUAL(MULTIEQUAL((stack, 0xffffffffffffff6c, 4),(stack, 0xffffffffffffff6c, 4)),INDIRECT((stack, 0xfffffffffffff...[truncated])		
decompiler	ram:00008402	ram:000085ce	lbu a4,0x0(s0)	444	read	ram	1	PTRADD(MULTIEQUAL(MULTIEQUAL(MULTIEQUAL(COPY(MULTIEQUAL(COPY((register, 0x2048, 4)),COPY((register, 0x2020, 4)))),COPY(PTRADD(MULTIEQUAL((unique, 0x10000093, 4),(unique, 0x10000097, 4)),0x1,0x1))),MULTIEQUAL(COPY(MULTIEQUAL(COPY((register, 0x2048, 4)),COPY((register, 0x2020, 4)))),COPY(PTRADD(MULTIEQUAL((unique, 0x10000093, 4),(unique, 0x10000097, 4)),0x1,0x1))),PTRADD(MULTIEQUAL(COPY(PTRADD((register, 0x2020, 4),0x1,0x1)),COPY(PTRADD((register, 0x2048, 4),0x1,0x1))),0x1,0x1),PTRADD(MULTIEQUAL(COPY(PTRADD((...[truncated])		
decompiler	ram:00008402	ram:000085e0	lbu a1,0x0(s0)	256	read	ram	1	MULTIEQUAL(MULTIEQUAL(MULTIEQUAL(COPY(MULTIEQUAL(COPY(PTRADD((register, 0x2020, 4),0x1,0x1)),COPY(PTRADD((register, 0x2048, 4),0x1,0x1)))),COPY(PTRADD(MULTIEQUAL(COPY((register, 0x2048, 4)),COPY((register, 0x202c, 4))),0x1,0x1))),MULTIEQUAL(COPY(MULTIEQUAL(COPY(PTRADD((register, 0x2020, 4),0x1,0x1)),COPY(PTRADD((register, 0x2048, 4),0x1,0x1)))),COPY(PTRADD(MULTIEQUAL(COPY((register, 0x2048, 4)),COPY((register, 0x202c, 4))),0x1,0x1))),PTRADD(MULTIEQUAL(COPY(PTRADD(MULTIEQUAL((register, 0x2020, 4),(register, ...[truncated])		
decompiler	ram:00008402	ram:0000860c	lbu a1,0x0(s0)	289	read	ram	1	MULTIEQUAL(MULTIEQUAL(MULTIEQUAL(MULTIEQUAL(COPY(MULTIEQUAL(COPY((register, 0x2048, 4)),COPY((register, 0x2020, 4)))),COPY(PTRADD(MULTIEQUAL((unique, 0x10000093, 4),(unique, 0x10000097, 4)),0x1,0x1))),MULTIEQUAL(COPY(MULTIEQUAL(COPY((register, 0x2048, 4)),COPY((register, 0x2020, 4)))),COPY(PTRADD(MULTIEQUAL((unique, 0x10000093, 4),(unique, 0x10000097, 4)),0x1,0x1))),PTRADD(MULTIEQUAL(COPY(PTRADD((register, 0x2020, 4),0x1,0x1)),COPY(PTRADD((register, 0x2048, 4),0x1,0x1))),0x1,0x1),PTRADD(MULTIEQUAL(COPY(PTRA...[truncated])		
decompiler	ram:00008402	ram:0000867a	lhu a5,0xc(s1)	367	read	ram	2	CAST(PTRADD(MULTIEQUAL(LOAD(0x1a1,CAST(INT_ADD((register, 0x2028, 4),0x4))),LOAD(0x1a1,CAST(INT_ADD((register, 0x2028, 4),0x8))),(register, 0x202c, 4),LOAD(0x1a1,CAST(INT_ADD((register, 0x2028, 4),0xc)))),0x3,0x4))		
decompiler	ram:0000869e	ram:000086a2	c.lw a5,0x10(a1)	7	read	ram	4	PTRADD((register, 0x202c, 4),0x4,0x4)		
decompiler	ram:0000869e	ram:000086a6	c.lw a4,0x8(a1)	11	read	ram	4	PTRADD((register, 0x202c, 4),0x2,0x4)		
decompiler	ram:0000869e	ram:000086c6	c.sw a5,0x0(s1)	45	write	ram	4	(register, 0x2030, 4)		MULTIEQUAL(COPY(LOAD(0x1a1,PTRADD((register, 0x202c, 4),0x4,0x4))),COPY(LOAD(0x1a1,PTRADD((register, 0x202c, 4),0x2,0x4))))
decompiler	ram:0000869e	ram:000086c8	lbu a4,0x43(s0)	48	read	ram	1	CAST(INT_ADD(CAST((register, 0x202c, 4)),0x43))		
decompiler	ram:0000869e	ram:000086d0	c.sw a5,0x0(s1)	56	write	ram	4	(register, 0x2030, 4)		INT_ADD(MULTIEQUAL(COPY(LOAD(0x1a1,PTRADD((register, 0x202c, 4),0x4,0x4))),COPY(LOAD(0x1a1,PTRADD((register, 0x202c, 4),0x2,0x4)))),0x1)
decompiler	ram:0000869e	ram:000086d2	c.lw a5,0x0(s0)	59	read	ram	4	(register, 0x202c, 4)		
decompiler	ram:0000869e	ram:000086da	c.lw a5,0x0(s1)	66	read	ram	4	(register, 0x2030, 4)		
decompiler	ram:0000869e	ram:000086de	c.sw a5,0x0(s1)	71	write	ram	4	(register, 0x2030, 4)		INT_ADD(LOAD(0x1a1,(register, 0x2030, 4)),0x2)
decompiler	ram:0000869e	ram:000086e0	lw s2,0x0(s0)	74	read	ram	4	(register, 0x202c, 4)		
decompiler	ram:0000869e	ram:000086f2	c.lw a5,0xc(s0)	85	read	ram	4	PTRADD((register, 0x202c, 4),0x3,0x4)		
decompiler	ram:0000869e	ram:000086f4	c.lw a4,0x0(s1)	88	read	ram	4	(register, 0x2030, 4)		
decompiler	ram:0000869e	ram:000086fc	c.lw a5,0x0(s0)	94	read	ram	4	(register, 0x202c, 4)		
decompiler	ram:0000869e	ram:000086fe	lbu a3,0x43(s0)	97	read	ram	1	CAST(INT_ADD(CAST((register, 0x202c, 4)),0x43))		
decompiler	ram:0000869e	ram:0000871c	c.lw a5,0x0(s0)	117	read	ram	4	(register, 0x202c, 4)		
decompiler	ram:0000869e	ram:00008720	c.lw a4,0x0(s1)	122	read	ram	4	(register, 0x2030, 4)		
decompiler	ram:0000869e	ram:00008724	c.lw a3,0xc(s0)	127	read	ram	4	PTRADD((register, 0x202c, 4),0x3,0x4)		
decompiler	ram:0000869e	ram:00008736	c.lw a5,0x8(s0)	139	read	ram	4	PTRADD((register, 0x202c, 4),0x2,0x4)		
decompiler	ram:0000869e	ram:00008738	c.lw a4,0x10(s0)	142	read	ram	4	PTRADD((register, 0x202c, 4),0x4,0x4)		
decompiler	ram:0000869e	ram:00008782	sb a2,0x43(a4)	207	write	ram	1	CAST(INT_ADD(CAST((register, 0x202c, 4)),INT_ADD(INT_ZEXT(INT_NOTEQUAL(LOAD(0x1a1,CAST((unique, 0x10000070, 4))),0x0)),0x43)))		0x30
decompiler	ram:0000869e	ram:00008786	lbu a4,0x45(s0)	210	read	ram	1	CAST(INT_ADD(CAST((register, 0x202c, 4)),0x45))		
decompiler	ram:0000869e	ram:00008792	sb a4,0x43(a5)	219	write	ram	1	CAST(INT_ADD(CAST((register, 0x202c, 4)),INT_ADD(INT_ZEXT(INT_NOTEQUAL(LOAD(0x1a1,CAST((unique, 0x10000070, 4))),0x0)),0x44)))		LOAD(0x1a1,CAST(INT_ADD(CAST((register, 0x202c, 4)),0x45)))
decompiler	ram:000087aa	ram:000087be	lbu a3,0x18(a1)	29	read	ram	4	PTRADD((register, 0x202c, 4),0x6,0x4)		
decompiler	ram:000087aa	ram:000087f4	sb a3,0x42(s0)	58	write	ram	1	CAST(INT_ADD(CAST((register, 0x202c, 4)),0x42))		SUBPIECE(LOAD(0x1a1,PTRADD((register, 0x202c, 4),0x6,0x4)),0x0)
decompiler	ram:000087aa	ram:0000880a	c.lw a5,0x0(s0)	197	read	ram	4	(register, 0x202c, 4)		
decompiler	ram:000087aa	ram:0000880c	c.lw a0,0x0(a4)	200	read	ram	4	(register, 0x2038, 4)		
decompiler	ram:000087aa	ram:00008818	c.lw a5,0x0(a0)	209	read	ram	4	CAST(LOAD(0x1a1,(register, 0x2038, 4)))		
decompiler	ram:000087aa	ram:0000881a	c.sw a1,0x0(a4)	212	write	ram	4	(register, 0x2038, 4)		CAST(PTRADD(CAST(LOAD(0x1a1,(register, 0x2038, 4))),0x1,0x4))
decompiler	ram:000087aa	ram:00008828	sb a4,0x43(s0)	220	write	ram	1	CAST(INT_ADD(CAST((register, 0x202c, 4)),0x43))		0x2d
decompiler	ram:000087aa	ram:00008854	c.lw a1,0x0(s0)	398	read	ram	4	(register, 0x202c, 4)		
decompiler	ram:000087aa	ram:00008856	c.lw a5,0x0(a4)	401	read	ram	4	(register, 0x2038, 4)		
decompiler	ram:000087aa	ram:00008864	c.sw a0,0x0(a4)	410	write	ram	4	(register, 0x2038, 4)		CAST(PTRADD(CAST(LOAD(0x1a1,(register, 0x2038, 4))),0x1,0x4))
decompiler	ram:000087aa	ram:00008866	c.lw a5,0x0(a5)	413	read	ram	4	CAST(LOAD(0x1a1,(register, 0x2038, 4)))		
decompiler	ram:000087aa	ram:00008882	c.lw a5,0x0(a4)	495	read	ram	4	(register, 0x2038, 4)		
decompiler	ram:000087aa	ram:00008884	c.lw a2,0x4(a1)	498	read	ram	4	PTRADD((register, 0x202c, 4),0x1,0x4)		
decompiler	ram:000087aa	ram:0000888c	c.sw a3,0x0(a4)	505	write	ram	4	(register, 0x2038, 4)		CAST(PTRADD(CAST(LOAD(0x1a1,(register, 0x2038, 4))),0x1,0x4))
decompiler	ram:000087aa	ram:0000888e	lw s5,0x0(a5)	508	read	ram	4	CAST(LOAD(0x1a1,(register, 0x2038, 4)))		
decompiler	ram:000087aa	ram:0000889c	c.sw a0,0x4(s0)	517	write	ram	4	PTRADD((register, 0x202c, 4),0x1,0x4)		INT_SUB(CALL(0x1463962a0ff5f593,CAST(LOAD(0x1a1,CAST((unique, 0x10000109, 4)))),0x0,LOAD(0x1a1,PTRADD((register, 0x202c, 4),0x1,0x4))),CAST(CAST(LOAD(0x1a1,CAST((unique, 0x10000109, 4))))))
decompiler	ram:000087aa	ram:0000889e	c.lw a5,0x4(s0)	520	read	ram	4	PTRADD((register, 0x202c, 4),0x1,0x4)		
decompiler	ram:000087aa	ram:000088a0	c.sw a5,0x10(s0)	65	write	ram	4	PTRADD((register, 0x202c, 4),0x4,0x4)		MULTIEQUAL(0x1,LOAD(0x1a1,PTRADD((register, 0x202c, 4),0x1,0x4)))
decompiler	ram:000087aa	ram:000088a2	sb zero,0x43(s0)	68	write	ram	1	CAST(INT_ADD(CAST((register, 0x202c, 4)),0x43))		0x0
decompiler	ram:000087aa	ram:000088a8	c.lw a5,0x0(a4)	168	read	ram	4	(register, 0x2038, 4)		
decompiler	ram:000087aa	ram:000088b2	c.lw a5,0x0(a5)	175	read	ram	4	CAST(LOAD(0x1a1,(register, 0x2038, 4)))		
decompiler	ram:000087aa	ram:000088b4	c.sw a3,0x0(a4)	178	write	ram	4	(register, 0x2038, 4)		CAST(PTRADD(CAST(LOAD(0x1a1,(register, 0x2038, 4))),0x1,0x4))
decompiler	ram:000087aa	ram:000088b6	sb a5,0x42(s0)	181	write	ram	1	CAST(INT_ADD(CAST((register, 0x202c, 4)),0x42))		SUBPIECE(LOAD(0x1a1,CAST(LOAD(0x1a1,(register, 0x2038, 4)))),0x0)
decompiler	ram:000087aa	ram:000088c2	c.lw a5,0x0(a0)	309	read	ram	4	CAST(LOAD(0x1a1,(register, 0x2038, 4)))		
decompiler	ram:000087aa	ram:000088c4	c.sw a1,0x0(a4)	312	write	ram	4	(register, 0x2038, 4)		CAST(PTRADD(CAST(LOAD(0x1a1,(register, 0x2038, 4))),0x1,0x4))
decompiler	ram:000087aa	ram:000088d2	c.sw a0,0x0(a4)	436	write	ram	4	(register, 0x2038, 4)		CAST(PTRADD(CAST(LOAD(0x1a1,(register, 0x2038, 4))),0x1,0x4))
decompiler	ram:000087aa	ram:000088d6	lhu a5,0x0(a5)	441	read	ram	4	CAST(LOAD(0x1a1,(register, 0x2038, 4)))		
decompiler	ram:000087aa	ram:000088ec	sb zero,0x43(s0)	369	write	ram	1	CAST(INT_ADD(CAST((register, 0x202c, 4)),0x43))		0x0
decompiler	ram:000087aa	ram:000088f0	c.lw a1,0x4(s0)	230	read	ram	4	PTRADD((register, 0x202c, 4),0x1,0x4)		
decompiler	ram:000087aa	ram:000088f2	c.sw a1,0x8(s0)	233	write	ram	4	PTRADD((register, 0x202c, 4),0x2,0x4)		LOAD(0x1a1,PTRADD((register, 0x202c, 4),0x1,0x4))
decompiler	ram:000087aa	ram:000088f8	c.lw a0,0x0(s0)	238	read	ram	4	(register, 0x202c, 4)		
decompiler	ram:000087aa	ram:000088fc	c.sw a0,0x0(s0)	243	write	ram	4	(register, 0x202c, 4)		INT_AND(LOAD(0x1a1,(register, 0x202c, 4)),0xfffffffb)
decompiler	ram:000087aa	ram:0000890e	lbu a1,0x0(a1)	260	read	ram	1	PTRADD(MULTIEQUAL(0x9288,MULTIEQUAL(MULTIEQUAL(0x9288,0x929c),MULTIEQUAL(0x9288,0x929c),0x9288,0x9288)),MULTIEQUAL(COPY(INT_REM(MULTIEQUAL(COPY(MULTIEQUAL((register, 0x203c, 4),(register, 0x203c, 4))),COPY(MULTIEQUAL((register, 0x203c, 4),(register, 0x203c, 4))),COPY(MULTIEQUAL((register, 0x202c, 4),(register, 0x202c, 4)))),MULTIEQUAL(0xa,MULTIEQUAL(COPY((unique, 0x1500, 4)),COPY((register, 0x2038, 4)),0xa,0x8)))),COPY(MULTIEQUAL(COPY(MULTIEQUAL(MULTIEQUAL((register, 0x203c, 4),(register, 0x203c, 4)),MULTIE...[truncated])		
decompiler	ram:000087aa	ram:00008912	sb a1,0x0(s5)	264	write	ram	1	PTRADD(MULTIEQUAL(COPY(CAST(INT_ADD(CAST((register, 0x202c, 4)),0x43))),COPY(CAST(INT_ADD(CAST((register, 0x202c, 4)),0x43))),PTRADD(MULTIEQUAL(COPY(CAST(INT_ADD((unique, 0x100000d5, 4),0x43))),COPY(CAST(INT_ADD((unique, 0x100000d5, 4),0x43))),PTRADD(MULTIEQUAL(COPY((register, 0x2030, 4)),COPY((register, 0x2030, 4)),PTRADD((register, 0x2054, 4),0xffffffff,0x1)),0xffffffff,0x1)),0xffffffff,0x1)),0xffffffff,0x1)		LOAD(0x1a1,PTRADD(MULTIEQUAL(0x9288,MULTIEQUAL(MULTIEQUAL((register, 0x2034, 4),(register, 0x2034, 4)),MULTIEQUAL((register, 0x2034, 4),(register, 0x2034, 4)),0x9288,0x9288)),MULTIEQUAL(COPY(INT_REM((register, 0x203c, 4),(register, 0x2038, 4))),COPY(MULTIEQUAL((unique, 0x100000b1, 4),(unique, 0x100000b5, 4),(unique, 0x100000b9, 4)))),0x1))
decompiler	ram:000087aa	ram:00008924	c.lw a5,0x0(s0)	279	read	ram	4	(register, 0x202c, 4)		
decompiler	ram:000087aa	ram:0000892a	c.lw a4,0x4(s0)	286	read	ram	4	PTRADD((register, 0x202c, 4),0x1,0x4)		
decompiler	ram:000087aa	ram:0000892c	c.lw a5,0x10(s0)	289	read	ram	4	PTRADD((register, 0x202c, 4),0x4,0x4)		
decompiler	ram:000087aa	ram:00008936	sb a5,-0x1(s5)	296	write	ram	1	PTRADD(MULTIEQUAL(COPY(CAST(INT_ADD(CAST((register, 0x202c, 4)),0x43))),PTRADD(MULTIEQUAL(COPY(CAST(INT_ADD((unique, 0x100000d5, 4),0x43))),COPY(CAST(INT_ADD((unique, 0x100000d5, 4),0x43))),PTRADD(MULTIEQUAL(COPY((register, 0x2030, 4)),COPY((register, 0x2030, 4)),PTRADD((register, 0x2054, 4),0xffffffff,0x1)),0xffffffff,0x1)),0xffffffff,0x1)),0xffffffff,0x1)		0x30
decompiler	ram:000087aa	ram:00008940	c.sw a2,0x10(s0)	302	write	ram	4	PTRADD((register, 0x202c, 4),0x4,0x4)		INT_SUB(CAST(CAST(INT_ADD(CAST((register, 0x202c, 4)),0x43))),CAST(MULTIEQUAL(MULTIEQUAL(COPY((register, 0x2030, 4)),PTRADD((register, 0x2054, 4),0xffffffff,0x1)),MULTIEQUAL(COPY((register, 0x2030, 4)),PTRADD((register, 0x2054, 4),0xffffffff,0x1)),MULTIEQUAL(COPY((register, 0x2030, 4)),PTRADD((register, 0x2054, 4),0xffffffff,0x1)),PTRADD(MULTIEQUAL((unique, 0x100000d1, 4),(register, 0x2054, 4)),0xffffffff,0x1))))
decompiler	ram:000087aa	ram:0000896a	sb a3,0x45(a1)	322	write	ram	1	CAST(INT_ADD(CAST((register, 0x202c, 4)),0x45))		0x58
decompiler	ram:000087aa	ram:00008976	c.lw a1,0x0(s0)	329	read	ram	4	(register, 0x202c, 4)		
decompiler	ram:000087aa	ram:00008978	c.lw a0,0x0(a4)	332	read	ram	4	(register, 0x2038, 4)		
decompiler	ram:000087aa	ram:0000897e	c.lw a5,0x0(a0)	337	read	ram	4	CAST(LOAD(0x1a1,(register, 0x2038, 4)))		
decompiler	ram:000087aa	ram:00008986	c.sw a0,0x0(a4)	344	write	ram	4	(register, 0x2038, 4)		CAST(PTRADD(CAST(LOAD(0x1a1,(register, 0x2038, 4))),0x1,0x4))
decompiler	ram:000087aa	ram:00008992	c.sw a1,0x0(s0)	353	write	ram	4	(register, 0x202c, 4)		INT_OR(LOAD(0x1a1,(register, 0x202c, 4)),0x20)
decompiler	ram:000087aa	ram:00008998	c.lw a1,0x0(s0)	360	read	ram	4	(register, 0x202c, 4)		
decompiler	ram:000087aa	ram:0000899e	c.sw a1,0x0(s0)	365	write	ram	4	(register, 0x202c, 4)		INT_AND(LOAD(0x1a1,(register, 0x202c, 4)),0xffffffdf)
decompiler	ram:000087aa	ram:000089a2	c.lw a5,0x0(a1)	533	read	ram	4	(register, 0x202c, 4)		
decompiler	ram:000087aa	ram:000089a8	c.sw a5,0x0(a1)	538	write	ram	4	(register, 0x202c, 4)		INT_OR(LOAD(0x1a1,(register, 0x202c, 4)),0x20)
decompiler	ram:000087aa	ram:000089ae	sb a5,0x45(s0)	525	write	ram	1	CAST(INT_ADD(CAST((register, 0x202c, 4)),0x45))		0x78
decompiler	ram:000087aa	ram:000089c0	c.sw a0,0x0(a4)	374	write	ram	4	(register, 0x2038, 4)		CAST(PTRADD(CAST(LOAD(0x1a1,(register, 0x2038, 4))),0x1,0x4))
decompiler	ram:000087aa	ram:000089dc	c.lw a3,0x0(a1)	445	read	ram	4	(register, 0x202c, 4)		
decompiler	ram:000087aa	ram:000089de	c.lw a5,0x0(a4)	448	read	ram	4	(register, 0x2038, 4)		
decompiler	ram:000087aa	ram:000089e0	c.lw a1,0x14(a1)	451	read	ram	4	PTRADD((register, 0x202c, 4),0x5,0x4)		
decompiler	ram:000087aa	ram:000089ee	c.sw a0,0x0(a4)	460	write	ram	4	(register, 0x2038, 4)		CAST(PTRADD(CAST(LOAD(0x1a1,(register, 0x2038, 4))),0x1,0x4))
decompiler	ram:000087aa	ram:000089f0	c.lw a5,0x0(a5)	463	read	ram	4	CAST(LOAD(0x1a1,(register, 0x2038, 4)))		
decompiler	ram:000087aa	ram:000089f2	c.sw a1,0x0(a5)	466	write	ram	4	MULTIEQUAL(CAST(LOAD(0x1a1,CAST(LOAD(0x1a1,(register, 0x2038, 4))))),CAST(LOAD(0x1a1,CAST(LOAD(0x1a1,(register, 0x2038, 4))))))		LOAD(0x1a1,PTRADD((register, 0x202c, 4),0x5,0x4))
decompiler	ram:000087aa	ram:000089f6	c.sw a0,0x0(a4)	470	write	ram	4	(register, 0x2038, 4)		CAST(PTRADD(CAST(LOAD(0x1a1,(register, 0x2038, 4))),0x1,0x4))
decompiler	ram:000087aa	ram:000089fc	c.lw a5,0x0(a5)	475	read	ram	4	CAST(LOAD(0x1a1,(register, 0x2038, 4)))		
decompiler	ram:000087aa	ram:00008a00	sh a1,0x0(a5)	480	write	ram	2	CAST(CAST(LOAD(0x1a1,CAST(LOAD(0x1a1,(register, 0x2038, 4))))))		SUBPIECE(LOAD(0x1a1,PTRADD((register, 0x202c, 4),0x5,0x4)),0x0)
decompiler	ram:000087aa	ram:00008a04	sw zero,0x10(s0)	184	write	ram	4	PTRADD((register, 0x202c, 4),0x4,0x4)		0x0
decompiler	ram:000087aa	ram:00008a0c	c.lw a3,0x10(s0)	113	read	ram	4	PTRADD((register, 0x202c, 4),0x4,0x4)		
decompiler	ram:000087aa	ram:00008a1a	c.lw a5,0x0(s0)	123	read	ram	4	(register, 0x202c, 4)		
decompiler	ram:000087aa	ram:00008a22	c.lw a0,0xc(s0)	133	read	ram	4	PTRADD((register, 0x202c, 4),0x3,0x4)		
decompiler	ram:000087aa	ram:00008a3c	c.lw a5,0xc(s0)	147	read	ram	4	PTRADD((register, 0x202c, 4),0x3,0x4)		
decompiler	ram:00008a52	ram:00008a5c	c.lw a5,0x18(a0)	13	read	ram	4	CAST(INT_ADD((register, 0x2028, 4),0x18))		
decompiler	ram:00008a52	ram:00008a78	c.lw a2,0x4(s0)	38	read	ram	4	CAST(INT_ADD((register, 0x2028, 4),0x4))		
decompiler	ram:00008a52	ram:00008a7a	c.lw a5,0x8(a2)	41	read	ram	4	PTRADD(MULTIEQUAL(LOAD(0x1a1,CAST(INT_ADD((register, 0x2028, 4),0x4))),LOAD(0x1a1,CAST(INT_ADD((register, 0x2028, 4),0x8))),(register, 0x2030, 4),LOAD(0x1a1,CAST(INT_ADD((register, 0x2028, 4),0xc)))),0x2,0x4)		
decompiler	ram:00008a52	ram:00008a7e	c.sw a5,0x8(a2)	46	write	ram	4	PTRADD(MULTIEQUAL(LOAD(0x1a1,CAST(INT_ADD((register, 0x2028, 4),0x4))),LOAD(0x1a1,CAST(INT_ADD((register, 0x2028, 4),0x8))),(register, 0x2030, 4),LOAD(0x1a1,CAST(INT_ADD((register, 0x2028, 4),0xc)))),0x2,0x4)		INT_ADD(LOAD(0x1a1,PTRADD(MULTIEQUAL(LOAD(0x1a1,(unique, 0x23a00, 4)),LOAD(0x1a1,(unique, 0x23a00, 4)),(register, 0x2030, 4),LOAD(0x1a1,(unique, 0x23a00, 4))),0x2,0x4)),0xffffffff)
decompiler	ram:00008a52	ram:00008a84	c.lw a4,0x18(a2)	51	read	ram	4	PTRADD(MULTIEQUAL(LOAD(0x1a1,CAST(INT_ADD((register, 0x2028, 4),0x4))),LOAD(0x1a1,CAST(INT_ADD((register, 0x2028, 4),0x8))),(register, 0x2030, 4),LOAD(0x1a1,CAST(INT_ADD((register, 0x2028, 4),0xc)))),0x6,0x4)		
decompiler	ram:00008a52	ram:00008aac	c.lw a2,0x8(s0)	101	read	ram	4	CAST(INT_ADD((register, 0x2028, 4),0x8))		
decompiler	ram:00008a52	ram:00008abc	c.lw a2,0xc(s0)	111	read	ram	4	CAST(INT_ADD((register, 0x2028, 4),0xc))		
decompiler	ram:00008a52	ram:00008ac0	c.lw a5,0x0(a2)	73	read	ram	4	MULTIEQUAL(LOAD(0x1a1,CAST(INT_ADD((register, 0x2028, 4),0x4))),LOAD(0x1a1,CAST(INT_ADD((register, 0x2028, 4),0x8))),(register, 0x2030, 4),LOAD(0x1a1,CAST(INT_ADD((register, 0x2028, 4),0xc))))		
decompiler	ram:00008a52	ram:00008aca	c.sw a4,0x0(a2)	80	write	ram	4	MULTIEQUAL(LOAD(0x1a1,CAST(INT_ADD((register, 0x2028, 4),0x4))),LOAD(0x1a1,CAST(INT_ADD((register, 0x2028, 4),0x8))),(register, 0x2030, 4),LOAD(0x1a1,CAST(INT_ADD((register, 0x2028, 4),0xc))))		PTRADD(CAST(LOAD(0x1a1,MULTIEQUAL(LOAD(0x1a1,(unique, 0x23a00, 4)),LOAD(0x1a1,(unique, 0x23a00, 4)),(register, 0x2030, 4),LOAD(0x1a1,(unique, 0x23a00, 4))))),0x1,0x1)
decompiler	ram:00008a52	ram:00008acc	sb a1,0x0(a5)	83	write	ram	1	CAST(LOAD(0x1a1,MULTIEQUAL(LOAD(0x1a1,CAST(INT_ADD((register, 0x2028, 4),0x4))),LOAD(0x1a1,CAST(INT_ADD((register, 0x2028, 4),0x8))),(register, 0x2030, 4),LOAD(0x1a1,CAST(INT_ADD((register, 0x2028, 4),0xc))))))		(register, 0x202c, 1)
decompiler	ram:00008ad8	ram:00008ae4	sw zero,0x30c(a5)	11	write	ram	4	ram:20006dec	0x20006dec	0x0
decompiler	ram:00008ad8	ram:00008afc	c.beqz a5,0x00008b00	28	read	ram	4	ram:20006dec	0x20006dec	
decompiler	ram:00008ad8	ram:00008afe	c.sw a5,0x0(s0)	32	write	ram	4	(register, 0x2028, 4)		mem[ram:20006dec]
decompiler	ram:00008ad8	ram:00008afe	c.sw a5,0x0(s0)	32	read	ram	4	ram:20006dec	0x20006dec	
decompiler	ram:00008b08	ram:00008b0e	lh a1,0xe(a1)	8	read	ram	2	CAST(INT_ADD((register, 0x202c, 4),0xe))		
decompiler	ram:00008b08	ram:00008b1a	c.lw a5,0x54(s0)	19	read	ram	4	CAST(INT_ADD((register, 0x202c, 4),0x54))		
decompiler	ram:00008b08	ram:00008b1e	c.sw a5,0x54(s0)	23	write	ram	4	CAST(INT_ADD((register, 0x202c, 4),0x54))		INT_ADD(LOAD(0x1a1,CAST(INT_ADD((register, 0x202c, 4),0x54))),CALL(0x852e842ac4221141,(register, 0x2028, 4),INT_SEXT(LOAD(0x1a1,CAST((unique, 0x10000005, 4))))))
decompiler	ram:00008b08	ram:00008b28	lhu a5,0xc(s0)	35	read	ram	2	CAST(INT_ADD((register, 0x202c, 4),0xc))		
decompiler	ram:00008b08	ram:00008b32	sh a5,0xc(s0)	46	write	ram	2	CAST(INT_ADD((register, 0x202c, 4),0xc))		INT_AND(LOAD(0x1a1,CAST(INT_ADD((register, 0x202c, 4),0xc))),0xefff)
decompiler	ram:00008b86	ram:00008b8c	lh a1,0xe(a1)	8	read	ram	2	CAST(INT_ADD((register, 0x202c, 4),0xe))		
decompiler	ram:00008b86	ram:00008b96	lhu a4,0xc(s0)	19	read	ram	2	CAST(INT_ADD((register, 0x202c, 4),0xc))		
decompiler	ram:00008b86	ram:00008ba4	sh a5,0xc(s0)	32	write	ram	2	CAST(INT_ADD((register, 0x202c, 4),0xc))		INT_AND(LOAD(0x1a1,CAST(INT_ADD((register, 0x202c, 4),0xc))),0xefff)
decompiler	ram:00008b86	ram:00008bb4	sh a5,0xc(s0)	49	write	ram	2	CAST(INT_ADD((register, 0x202c, 4),0xc))		INT_OR(LOAD(0x1a1,CAST(INT_ADD((register, 0x202c, 4),0xc))),0x1000)
decompiler	ram:00008b86	ram:00008bb8	c.sw a0,0x54(s0)	52	write	ram	4	CAST(INT_ADD((register, 0x202c, 4),0x54))		CALL(0x852e842ac4221141,(register, 0x2028, 4),INT_SEXT(LOAD(0x1a1,CAST(INT_ADD((register, 0x202c, 4),0xe)))))
decompiler	ram:00008bc2	ram:00008bd2	sw zero,0x21e(a5)	13	write	ram	4	ram:20006dec	0x20006dec	0x0
decompiler	ram:00008bc2	ram:00008bea	c.beqz a5,0x00008bee	30	read	ram	4	ram:20006dec	0x20006dec	
decompiler	ram:00008bc2	ram:00008bec	c.sw a5,0x0(s0)	34	write	ram	4	(register, 0x2028, 4)		mem[ram:20006dec]
decompiler	ram:00008bc2	ram:00008bec	c.sw a5,0x0(s0)	34	read	ram	4	ram:20006dec	0x20006dec	
decompiler	ram:00008bf6	ram:00008c02	sw zero,0x1ee(a5)	11	write	ram	4	ram:20006dec	0x20006dec	0x0
decompiler	ram:00008bf6	ram:00008c1a	c.beqz a5,0x00008c1e	28	read	ram	4	ram:20006dec	0x20006dec	
decompiler	ram:00008bf6	ram:00008c1c	c.sw a5,0x0(s0)	32	write	ram	4	(register, 0x2028, 4)		mem[ram:20006dec]
decompiler	ram:00008bf6	ram:00008c1c	c.sw a5,0x0(s0)	32	read	ram	4	ram:20006dec	0x20006dec	
decompiler	ram:00008c26	ram:00008c34	sw zero,0x1bc(a5)	12	write	ram	4	ram:20006dec	0x20006dec	0x0
decompiler	ram:00008c26	ram:00008c4c	c.beqz a5,0x00008c50	29	read	ram	4	ram:20006dec	0x20006dec	
decompiler	ram:00008c26	ram:00008c4e	c.sw a5,0x0(s0)	33	write	ram	4	(register, 0x2028, 4)		mem[ram:20006dec]
decompiler	ram:00008c26	ram:00008c4e	c.sw a5,0x0(s0)	33	read	ram	4	ram:20006dec	0x20006dec	
decompiler	ram:00008c58	ram:00008c64	sw zero,0x18c(a5)	11	write	ram	4	ram:20006dec	0x20006dec	0x0
decompiler	ram:00008c58	ram:00008c7c	c.beqz a5,0x00008c80	28	read	ram	4	ram:20006dec	0x20006dec	
decompiler	ram:00008c58	ram:00008c7e	c.sw a5,0x0(s0)	32	write	ram	4	(register, 0x2028, 4)		mem[ram:20006dec]
decompiler	ram:00008c58	ram:00008c7e	c.sw a5,0x0(s0)	32	read	ram	4	ram:20006dec	0x20006dec	
decompiler	ram:00008c88	ram:00008c98	sw zero,0x158(a5)	13	write	ram	4	ram:20006dec	0x20006dec	0x0
decompiler	ram:00008c88	ram:00008cb0	c.beqz a5,0x00008cb4	30	read	ram	4	ram:20006dec	0x20006dec	
decompiler	ram:00008c88	ram:00008cb2	c.sw a5,0x0(s0)	34	write	ram	4	(register, 0x2028, 4)		mem[ram:20006dec]
decompiler	ram:00008c88	ram:00008cb2	c.sw a5,0x0(s0)	34	read	ram	4	ram:20006dec	0x20006dec	
decompiler	ram:00008cbc	ram:00008cca	lbu a5,0x0(a0)	10	read	ram	1	MULTIEQUAL((register, 0x2028, 4),PTRADD(MULTIEQUAL((register, 0x2028, 4),PTRADD(MULTIEQUAL((register, 0x2028, 4),PTRADD(MULTIEQUAL((register, 0x2028, 4),(register, 0x2028, 4)),0x1,0x1)),0x1,0x1)),0x1,0x1))		
decompiler	ram:00008cda	ram:00008cea	sw zero,0x106(a5)	13	write	ram	4	ram:20006dec	0x20006dec	0x0
decompiler	ram:00008cda	ram:00008d02	c.beqz a5,0x00008d06	30	read	ram	4	ram:20006dec	0x20006dec	
decompiler	ram:00008cda	ram:00008d04	c.sw a5,0x0(s0)	34	write	ram	4	(register, 0x2028, 4)		mem[ram:20006dec]
decompiler	ram:00008cda	ram:00008d04	c.sw a5,0x0(s0)	34	read	ram	4	ram:20006dec	0x20006dec	
decompiler	ram:00008d0e	ram:00008d16	sw a5,0xda(a4)	6	write	ram	4	ram:20006dec	0x20006dec	0x58
decompiler	ram:00008d1e	ram:00008d26	sw a5,0xca(a4)	6	write	ram	4	ram:20006dec	0x20006dec	0x58
decompiler	ram:00008d2e	ram:00008d36	sw a5,0xba(a4)	6	write	ram	4	ram:20006dec	0x20006dec	0x58
decompiler	ram:00008d3e	ram:00008d46	sw a5,0xaa(a4)	6	write	ram	4	ram:20006dec	0x20006dec	0x58
decompiler	ram:00008d4e	ram:00008d56	sw a5,0x9a(a4)	6	write	ram	4	ram:20006dec	0x20006dec	0x58
decompiler	ram:00008d5e	ram:00008d68	c.beqz a5,0x00008d78	7	read	ram	4	ram:20003010	0x20003010	
decompiler	ram:00008d5e	ram:00008d70	sw a0,0x2a4(a4)	14	write	ram	4	ram:20003010	0x20003010	PTRADD(mem[ram:20003010],(register, 0x2028, 4),0x1)
decompiler	ram:00008d5e	ram:00008d86	sw a0,0x28e(a4)	26	write	ram	4	ram:20003010	0x20003010	PTRADD(0x20006df0,(register, 0x2028, 4),0x1)
decompiler	ram:00008d8e	ram:00008d96	sw a5,0x5a(a4)	6	write	ram	4	ram:20006dec	0x20006dec	0x58
decompiler	ram:200020c6	ram:200020dc	sb a4,-0x7fa(a5)	21	write	ram	1	ram:40001806	0x40001806	0x4
decompiler	ram:200020c6	ram:200020f4	sw a4,-0x2f0(a5)	39	write	ram	4	ram:e000ed10	0xe000ed10	INT_AND(mem[ram:e000ed10],0xfffffff3)
decompiler	ram:20002106	ram:2000211c	sb a4,-0x7fa(a5)	21	write	ram	1	ram:40001806	0x40001806	0x4
decompiler	ram:20002106	ram:2000213a	bltu a5,a3,0x20002144	44	read	ram	2	ram:40001038	0x40001038	
decompiler	ram:20002106	ram:2000215c	sb zero,0x24(a5)	68	write	ram	1	ram:40001024	0x40001024	0x0
decompiler	ram:20002106	ram:2000216c	sb a4,0x2e(a5)	81	write	ram	1	ram:4000102e	0x4000102e	MULTIEQUAL(mem[ram:4000102e],INT_OR(INT_AND(mem[ram:4000102e],0xfc),0x1))
decompiler	ram:20002106	ram:20002170	sb a1,0x4e(a5)	84	write	ram	1	ram:4000104e	0x4000104e	INT_OR(mem[ram:4000104e],0x3)
decompiler	ram:20002106	ram:200021a6	sw a1,-0x2f0(a4)	124	write	ram	4	ram:e000ed10	0xe000ed10	INT_OR(INT_AND(mem[ram:e000ed10],0xfffffff7),0x4)
decompiler	ram:20002106	ram:200021c6	sb a4,0x4b(a5)	148	write	ram	1	ram:4000104b	0x4000104b	INT_AND(mem[ram:4000104b],0xdf)
decompiler	ram:20002106	ram:200021ca	sb zero,0x40(a5)	151	write	ram	1	ram:40001040	0x40001040	0x0
decompiler	ram:200021d4	ram:2000220c	bltu a5,a3,0x20002216	51	read	ram	2	ram:40001038	0x40001038	
decompiler	ram:200021d4	ram:2000222e	sb zero,0x24(a5)	75	write	ram	1	ram:40001024	0x40001024	0x0
decompiler	ram:200021d4	ram:20002274	sb a3,0x40(a5)	130	write	ram	1	ram:40001040	0x40001040	0xa8
decompiler	ram:200021d4	ram:200022f2	sb a4,0x4b(a5)	226	write	ram	1	ram:4000104b	0x4000104b	INT_AND(mem[ram:4000104b],0xdf)
decompiler	ram:200021d4	ram:200022f6	sb zero,0x40(a5)	229	write	ram	1	ram:40001040	0x40001040	0x0
decompiler	ram:20002304	ram:20002336	bltu a3,a2,0x20002340	50	read	ram	2	ram:40001038	0x40001038	
decompiler	ram:20002304	ram:20002358	sb zero,0x24(s0)	74	write	ram	1	ram:40001024	0x40001024	0x0
decompiler	ram:20002304	ram:20002370	sb zero,0x40(s0)	93	write	ram	1	ram:40001040	0x40001040	0x0
decompiler	ram:20002304	ram:200023a6	sb s1,0x40(s0)	132	write	ram	1	ram:40001040	0x40001040	0xa8
decompiler	ram:20002304	ram:200023e8	sb a5,0x46(s0)	186	write	ram	1	ram:40001046	0x40001046	INT_OR(mem[ram:40001046],0x1)
decompiler	ram:20002304	ram:200023ec	sb zero,0x40(s0)	189	write	ram	1	ram:40001040	0x40001040	0x0
decompiler	ram:200023fe	ram:200024c2	sb a4,0x4b(a5)	149	write	ram	1	ram:4000104b	0x4000104b	INT_OR(INT_AND(mem[ram:4000104b],0xdf),0x80)
decompiler	ram:200023fe	ram:200024c6	sb zero,0x40(a5)	152	write	ram	1	ram:40001040	0x40001040	0x0
decompiler	ram:20002572	ram:200025a0	sb a4,0x46(a5)	39	write	ram	1	ram:40001046	0x40001046	INT_OR(mem[ram:40001046],0x1)
decompiler	ram:20002572	ram:200025a4	sb zero,0x40(a5)	42	write	ram	1	ram:40001040	0x40001040	0x0
decompiler	ram:2000262a	ram:20002632	sb a4,0x30(a5)	6	write	ram	1	ram:40001030	0x40001030	0x30
decompiler	ram:2000262a	ram:2000263c	sw a5,-0x6c0(a4)	13	write	ram	4	ram:20002f78	0x20002f78	0x1
decompiler	ram:2000262a	ram:20002640	mret	18	write	ram	4	ram:20002f78	0x20002f78	0x1
decompiler	ram:2000262a	ram:20002640	mret	18	read	ram	4	ram:20002f78	0x20002f78	
decompiler	ram:2000262a	ram:20002640	mret	19	write	ram	1	ram:40001030	0x40001030	0x30
decompiler	ram:2000262a	ram:20002640	mret	19	read	ram	1	ram:40001030	0x40001030	
decompiler	ram:20002644	ram:20002656	sw a4,-0x6b2(a3)	16	write	ram	4	ram:20002fa0	0x20002fa0	0x1
decompiler	ram:20002644	ram:2000265a	sb a4,0x6(a5)	19	write	ram	1	ram:40002006	0x40002006	0x1
decompiler	ram:20002644	ram:20002674	c.beqz a5,0x200026c2	242	read	ram	1	ram:40002007	0x40002007	
decompiler	ram:20002644	ram:200026b2	sb a4,0x6(a5)	75	write	ram	1	ram:40002006	0x40002006	0x2
decompiler	ram:20002644	ram:200026c2	mret	202	write	ram	4	ram:20002fa0	0x20002fa0	mem[ram:20002fa0]
decompiler	ram:20002644	ram:200026c2	mret	202	read	ram	4	ram:20002fa0	0x20002fa0	
decompiler	ram:20002644	ram:200026c2	mret	208	write	ram	4	ram:20002fa4	0x20002fa4	mem[ram:20002fa4]
decompiler	ram:20002644	ram:200026c2	mret	208	read	ram	4	ram:20002fa4	0x20002fa4	
decompiler	ram:20002644	ram:200026c2	mret	213	write	ram	1	ram:40002002	0x40002002	mem[ram:40002002]
decompiler	ram:20002644	ram:200026c2	mret	213	read	ram	1	ram:40002002	0x40002002	
decompiler	ram:20002644	ram:200026c2	mret	218	write	ram	1	ram:40002006	0x40002006	mem[ram:40002006]
decompiler	ram:20002644	ram:200026c2	mret	218	read	ram	1	ram:40002006	0x40002006	
decompiler	ram:20002644	ram:200026c2	mret	223	write	ram	1	ram:40002007	0x40002007	mem[ram:40002007]
decompiler	ram:20002644	ram:200026c2	mret	223	read	ram	1	ram:40002007	0x40002007	
decompiler	ram:20002644	ram:200026c2	mret	227	write	ram	4	ram:40002010	0x40002010	mem[ram:40002010]
decompiler	ram:20002644	ram:200026c2	mret	227	read	ram	4	ram:40002010	0x40002010	
decompiler	ram:20002644	ram:200026c8	bltu a1,a4,0x200026d0	89	read	ram	4	ram:20002fa4	0x20002fa4	
decompiler	ram:20002644	ram:200026ce	c.beqz a4,0x200026e0	94	read	ram	4	ram:20002fa0	0x20002fa0	
decompiler	ram:20002644	ram:200026d4	sw zero,-0x72c(a4)	100	write	ram	4	ram:20002fa4	0x20002fa4	0x0
decompiler	ram:20002644	ram:200026dc	sw zero,-0x738(a4)	105	write	ram	4	ram:20002fa0	0x20002fa0	0x0
decompiler	ram:20002644	ram:200026f6	sw t1,0x0(a4)	124	write	ram	4	PTRADD(0x200043c0,mem[ram:20002fa4],0x4)		mem[ram:40002010]
decompiler	ram:20002644	ram:200026f6	sw t1,0x0(a4)	124	read	ram	4	ram:40002010	0x40002010	
decompiler	ram:200026fc	ram:2000270a	sb a5,0x406(a4)	14	write	ram	1	ram:40002406	0x40002406	0x1
decompiler	ram:200026fc	ram:20002716	mret	45	write	ram	1	ram:40002406	0x40002406	mem[ram:40002406]
decompiler	ram:200026fc	ram:20002716	mret	45	read	ram	1	ram:40002406	0x40002406	
decompiler	ram:2000271a	ram:20002728	sb a5,-0x7fa(a4)	14	write	ram	1	ram:40002806	0x40002806	0x1
decompiler	ram:2000271a	ram:20002742	mret	44	write	ram	4	ram:20002fbc	0x20002fbc	mem[ram:20002fbc]
decompiler	ram:2000271a	ram:20002742	mret	44	read	ram	4	ram:20002fbc	0x20002fbc	
decompiler	ram:2000271a	ram:20002742	mret	46	write	ram	1	ram:40002806	0x40002806	mem[ram:40002806]
decompiler	ram:2000271a	ram:20002742	mret	46	read	ram	1	ram:40002806	0x40002806	
decompiler	ram:20002746	ram:2000276a	mret	44	write	ram	1	ram:40003004	0x40003004	mem[ram:40003004]
decompiler	ram:20002746	ram:2000276a	mret	44	read	ram	1	ram:40003004	0x40003004	
decompiler	ram:20002746	ram:2000276e	mret	45	write	ram	1	ram:40003004	0x40003004	mem[ram:40003004]
decompiler	ram:20002746	ram:2000276e	mret	45	read	ram	1	ram:40003004	0x40003004	
decompiler	ram:20002772	ram:2000277a	mret	9	write	ram	1	ram:40003c04	0x40003c04	mem[ram:40003c04]
decompiler	ram:20002772	ram:2000277a	mret	9	read	ram	1	ram:40003c04	0x40003c04	
decompiler	ram:2000277e	ram:200027ac	lbu a0,-0x38(a0)	40	read	ram	1	ram:20004770	0x20004770	
decompiler	ram:2000277e	ram:200027ec	sb zero,-0x78(a5)	83	write	ram	1	ram:20004770	0x20004770	0x0
decompiler	ram:2000277e	ram:200027f6	mret	146	write	ram	1	ram:20004770	0x20004770	mem[ram:20004770]
decompiler	ram:2000277e	ram:200027f6	mret	146	read	ram	1	ram:20004770	0x20004770	
decompiler	ram:2000277e	ram:200027f6	mret	152	write	ram	1	ram:40003404	0x40003404	mem[ram:40003404]
decompiler	ram:2000277e	ram:200027f6	mret	152	read	ram	1	ram:40003404	0x40003404	
decompiler	ram:2000277e	ram:200027fa	mret	147	write	ram	1	ram:20004770	0x20004770	mem[ram:20004770]
decompiler	ram:2000277e	ram:200027fa	mret	147	read	ram	1	ram:20004770	0x20004770	
decompiler	ram:2000277e	ram:200027fa	mret	153	write	ram	1	ram:40003404	0x40003404	mem[ram:40003404]
decompiler	ram:2000277e	ram:200027fa	mret	153	read	ram	1	ram:40003404	0x40003404	
decompiler	ram:2000281a	ram:2000281a	sb zero,-0x7fa(s0)	2	write	ram	1	CAST(INT_ADD((register, 0x2020, 4),0xfffff806))		0x0
decompiler	ram:2000281a	ram:20002820	sb a4,-0x7fa(s0)	7	write	ram	1	CAST(INT_ADD((register, 0x2020, 4),0xfffff806))		0x5
decompiler	ram:2000281a	ram:20002826	sb a0,-0x7fc(s0)	12	write	ram	1	CAST(INT_ADD((register, 0x2020, 4),0xfffff804))		(register, 0x2028, 1)
decompiler	ram:2000282c	ram:2000282c	lb a5,-0x7fa(s0)	2	read	ram	1	CAST(INT_ADD((register, 0x2020, 4),0xfffff806))		
decompiler	ram:2000282c	ram:20002834	sb zero,-0x7fa(s0)	8	write	ram	1	CAST(INT_ADD((register, 0x2020, 4),0xfffff806))		0x0
decompiler	ram:2000283a	ram:2000283a	lb a5,-0x7fa(s0)	2	read	ram	1	CAST(INT_ADD((register, 0x2020, 4),0xfffff806))		
decompiler	ram:2000283a	ram:20002842	lbu a0,-0x7fc(s0)	8	read	ram	1	CAST(INT_ADD((register, 0x2020, 4),0xfffff804))		
decompiler	ram:20002848	ram:20002848	lb a5,-0x7fa(s0)	2	read	ram	1	CAST(INT_ADD((register, 0x2020, 4),0xfffff806))		
decompiler	ram:20002848	ram:20002850	sb a0,-0x7fc(s0)	8	write	ram	1	CAST(INT_ADD((register, 0x2020, 4),0xfffff804))		(register, 0x2028, 1)
decompiler	ram:200028d6	ram:200028fc	sw a4,0x180(a5)	47	write	ram	4	ram:e000e180	0xe000e180	0xffffffff
decompiler	ram:200028d6	ram:20002900	sw a4,0x184(a5)	50	write	ram	4	ram:e000e184	0xe000e184	0xffffffff
decompiler	ram:200028d6	ram:20002914	sb a4,0x40(a5)	62	write	ram	1	ram:40001040	0x40001040	0xa8
decompiler	ram:200028d6	ram:2000295c	sb a4,-0x7fa(s0)	109	write	ram	1	ram:40001806	0x40001806	0x4
decompiler	ram:200028d6	ram:200029a6	lbu a0,-0x1(s2)	221	read	ram	4	MULTIEQUAL(COPY(MULTIEQUAL((register, 0x2030, 4),CAST(INT_ADD(CAST(MULTIEQUAL((unique, 0x100000f2, 4),(unique, 0x100000f6, 4))),0x1)))),COPY(CAST(INT_ADD(CAST(MULTIEQUAL(COPY((register, 0x2048, 4)),COPY((register, 0x2048, 4)))),0x1))))		
decompiler	ram:200028d6	ram:200029ce	sb a4,0x40(a5)	158	write	ram	1	ram:40001040	0x40001040	0xa8
decompiler	ram:200028d6	ram:200029d8	sb a4,0x44(a5)	167	write	ram	1	ram:40001044	0x40001044	INT_AND(mem[ram:40001044],0x10)
decompiler	ram:200028d6	ram:200029e2	sw s5,0x100(a5)	175	write	ram	4	ram:e000e100	0xe000e100	COPY(mem[ram:e000e000])
decompiler	ram:200028d6	ram:200029e6	sw s4,0x104(a5)	178	write	ram	4	ram:e000e104	0xe000e104	COPY(mem[ram:e000e004])
decompiler	ram:200028d6	ram:20002a7e	sb a0,-0x1(s2)	313	write	ram	1	CAST(MULTIEQUAL((register, 0x2030, 4),CAST(INT_ADD(CAST(MULTIEQUAL((register, 0x2030, 4),CAST((unique, 0x10000122, 4)))),0x1))))		SUBPIECE(CALL(mem[ram:2000283a]),0x0)
decompiler	ram:200028d6	ram:20002a98	bne a4,a5,0x20002af6	327	read	ram	1	ram:40001041	0x40001041	
decompiler	ram:200028d6	ram:20002aca	lw a4,-0x4(s2)	358	read	ram	4	MULTIEQUAL(COPY(MULTIEQUAL((register, 0x2030, 4),PTRADD(MULTIEQUAL(COPY(MULTIEQUAL((register, 0x2030, 4),(register, 0x2048, 4))),COPY(PTRADD((register, 0x2048, 4),0x1,0x4))),0x1,0x4))),COPY(PTRADD(MULTIEQUAL(COPY(MULTIEQUAL((register, 0x2030, 4),PTRADD((register, 0x2048, 4),0x1,0x4))),COPY(PTRADD(MULTIEQUAL((unique, 0x100000ea, 4),(unique, 0x100000ee, 4)),0x1,0x4))),0x1,0x4)))		
decompiler	ram:200028d6	ram:20002ad8	blt a4,zero,0x20002ad4	368	read	ram	1	ram:40001806	0x40001806	
decompiler	ram:200028d6	ram:20002adc	sb s3,-0x7fa(s0)	372	write	ram	1	ram:40001806	0x40001806	0x15
decompiler	ram:200028d6	ram:20002b3c	lw a4,0x0(s2)	416	read	ram	4	MULTIEQUAL((register, 0x2030, 4),MULTIEQUAL((register, 0x2030, 4),MULTIEQUAL((register, 0x2030, 4),MULTIEQUAL((register, 0x2030, 4),MULTIEQUAL((register, 0x2030, 4),MULTIEQUAL((register, 0x2030, 4),MULTIEQUAL((register, 0x2030, 4),(register, 0x2048, 4),(register, 0x203c, 4)),PTRADD((register, 0x2048, 4),0x1,0x4)),PTRADD(MULTIEQUAL((register, 0x2030, 4),(register, 0x2048, 4),(register, 0x203c, 4)),0x1,0x4)),PTRADD(MULTIEQUAL((register, 0x2030, 4),MULTIEQUAL((register, 0x2030, 4),(register, 0x2048, 4),(regist...[truncated])		
decompiler	ram:200028d6	ram:20002b44	bne a3,a4,0x20002998	419	read	ram	4	ram:40001800	0x40001800	
decompiler	ram:200028d6	ram:20002b88	sw a5,0x0(s2)	498	write	ram	4	(register, 0x2030, 4)		mem[ram:40001800]
decompiler	ram:200028d6	ram:20002b88	sw a5,0x0(s2)	498	read	ram	4	ram:40001800	0x40001800	
decompiler	ram:200028d6	ram:20002b9e	sh a5,0x4(s2)	512	write	ram	2	CAST(PTRADD((register, 0x2030, 4),0x1,0x4))		SUBPIECE(mem[ram:40001800],0x0)
decompiler	ram:200028d6	ram:20002b9e	sh a5,0x4(s2)	1206	read	ram	4	ram:40001800	0x40001800	
decompiler	ram:200028d6	ram:20002ba4	sw a5,0x4(s2)	516	write	ram	4	PTRADD((register, 0x2030, 4),0x1,0x4)		mem[ram:40001800]
decompiler	ram:200028d6	ram:20002ba4	sw a5,0x4(s2)	516	read	ram	4	ram:40001800	0x40001800	
decompiler	ram:200028d6	ram:20002bba	sw zero,0x0(s2)	532	write	ram	4	(register, 0x2030, 4)		0x0
decompiler	ram:200028d6	ram:20002bbe	sw zero,0x4(s2)	535	write	ram	4	PTRADD((register, 0x2030, 4),0x1,0x4)		0x0
decompiler	ram:200028d6	ram:20002bcc	lbu a4,0x0(a5)	545	read	ram	1	CAST(INT_ADD(INT_AND(MULTIEQUAL(0xf,INT_SUB(MULTIEQUAL(0xf,INT_SUB((register, 0x2024, 4),0x1)),0x1)),0x7),CAST((register, 0x2030, 4))))		
decompiler	ram:200028d6	ram:20002bd4	sb a0,0x0(a5)	552	write	ram	1	CAST(INT_ADD(INT_AND(MULTIEQUAL(0xf,INT_SUB(MULTIEQUAL(0xf,INT_SUB((register, 0x2024, 4),0x1)),0x1)),0x7),CAST((register, 0x2030, 4))))		SUBPIECE(INT_XOR(CALL(mem[ram:2000283a]),INT_ZEXT(LOAD(0x1a1,CAST((unique, 0x10000106, 4))))),0x0)
