caller	callee	callee_name
ram:000404aa	ram:000402b0	FUN_ram_000402b0
ram:000404aa	ram:0004044c	FUN_ram_0004044c
ram:00040546	ram:00040374	FUN_ram_00040374
ram:00040670	ram:0004135c	FUN_ram_0004135c
ram:00040670	ram:00041a60	FUN_ram_00041a60
ram:00040670	ram:00040546	FUN_ram_00040546
ram:00040e70	ram:000404da	FUN_ram_000404da
ram:00040f3c	ram:000404da	FUN_ram_000404da
ram:00040fe0	ram:000404da	FUN_ram_000404da
ram:00041312	ram:00041214	FUN_ram_00041214
ram:00041550	ram:00040484	FUN_ram_00040484
ram:000418fa	ram:0004171e	FUN_ram_0004171e
ram:00041a60	ram:00041944	FUN_ram_00041944
ram:00041b50	ram:00041b28	FUN_ram_00041b28
ram:00041c48	ram:20000104	FUN_ram_20000104
ram:00041c74	ram:20000040	FUN_ram_20000040
ram:00041cba	ram:00042138	tmos_set_event
ram:00041cba	ram:0004244a	tmos_stop_task
ram:00041d24	ram:00042138	tmos_set_event
ram:00041d24	ram:00041c2a	FUN_ram_00041c2a
ram:00041d24	ram:00041c48	tmos_msg_deallocate
ram:00041e32	ram:00041cba	tmos_msg_receive
ram:00041e32	ram:00041c48	tmos_msg_deallocate
ram:00041efc	ram:00061c92	FUN_ram_00061c92
ram:00041efc	ram:00062730	FUN_ram_00062730
ram:00041efc	ram:0005667a	FUN_ram_0005667a
ram:0004201e	ram:20000040	FUN_ram_20000040
ram:00042194	ram:00041d8e	FUN_ram_00041d8e
ram:00042194	ram:0006bae2	FUN_ram_0006bae2
ram:00042194	ram:00042164	tmos_clear_event
ram:0004224c	ram:00041d8e	FUN_ram_00041d8e
ram:0004224c	ram:0006bae2	FUN_ram_0006bae2
ram:0004224c	ram:20000040	FUN_ram_20000040
ram:00042362	ram:0004224c	tmos_start_task
ram:000423f6	ram:00041d8e	FUN_ram_00041d8e
ram:000423f6	ram:0004224c	tmos_start_task
ram:000423f6	ram:0006bae2	FUN_ram_0006bae2
ram:0004244a	ram:00041d8e	FUN_ram_00041d8e
ram:0004244a	ram:00042164	tmos_clear_event
ram:00042494	ram:0004244a	tmos_stop_task
ram:000424ee	ram:00041d8e	FUN_ram_00041d8e
ram:000424ee	ram:0006bae2	FUN_ram_0006bae2
ram:00042586	ram:00042a74	FUN_ram_00042a74
ram:00042586	ram:20000214	tmos_memset
ram:00042586	ram:20000040	FUN_ram_20000040
ram:00042586	ram:00041b50	FUN_ram_00041b50
ram:00042586	ram:00041d84	FUN_ram_00041d84
ram:000426d6	ram:200002b4	tmos_isbufset
ram:000426d6	ram:200001dc	tmos_memcpy
ram:000426d6	ram:00042586	FUN_ram_00042586
ram:000426d6	ram:20000214	tmos_memset
ram:00042866	ram:0006be7a	FUN_ram_0006be7a
ram:000428ec	ram:00041eae	tmos_rand
ram:00042910	ram:00041eae	tmos_rand
ram:00042934	ram:00041eae	tmos_rand
ram:00042954	ram:000625d4	BLE_RegInit
ram:000429c2	ram:00042552	FUN_ram_00042552
ram:00042a74	ram:20000214	tmos_memset
ram:00042a74	ram:20000104	FUN_ram_20000104
ram:00042a74	ram:20000040	FUN_ram_20000040
ram:00042b1c	ram:20000214	tmos_memset
ram:00042b1c	ram:20000104	FUN_ram_20000104
ram:00042b1c	ram:20000040	FUN_ram_20000040
ram:00042bb4	ram:200001dc	tmos_memcpy
ram:00042bb4	ram:20000104	FUN_ram_20000104
ram:00042bb4	ram:20000040	FUN_ram_20000040
ram:00042e10	ram:20000104	FUN_ram_20000104
ram:00042e5e	ram:200001dc	tmos_memcpy
ram:00042e5e	ram:20000040	FUN_ram_20000040
ram:00043120	ram:200001dc	tmos_memcpy
ram:00043166	ram:2000026a	tmos_memcmp
ram:00043166	ram:00043120	FUN_ram_00043120
ram:000431e0	ram:0004f2fa	FUN_ram_0004f2fa
ram:00043274	ram:0004c74c	FUN_ram_0004c74c
ram:00043274	ram:0004e17a	FUN_ram_0004e17a
ram:000432b0	ram:0004e066	FUN_ram_0004e066
ram:000432b0	ram:0004c74c	FUN_ram_0004c74c
ram:000432fc	ram:00043928	FUN_ram_00043928
ram:0004332a	ram:0004c868	FUN_ram_0004c868
ram:0004332a	ram:000432b0	ATT_GetMTU
ram:0004332a	ram:0004e14a	linkDB_State
ram:0004332a	ram:0004d9da	FUN_ram_0004d9da
ram:0004332a	ram:0004ef4c	FUN_ram_0004ef4c
ram:0004332a	ram:20000104	FUN_ram_20000104
ram:000433e0	ram:0004332a	FUN_ram_0004332a
ram:00043428	ram:000433e0	FUN_ram_000433e0
ram:000435c2	ram:0004332a	FUN_ram_0004332a
ram:000435c2	ram:0004c74c	FUN_ram_0004c74c
ram:00043650	ram:0004332a	FUN_ram_0004332a
ram:0004367c	ram:0004332a	FUN_ram_0004332a
ram:0004367c	ram:00041bf2	FUN_ram_00041bf2
ram:000436ec	ram:0004332a	FUN_ram_0004332a
ram:0004371e	ram:0004332a	FUN_ram_0004332a
ram:0004373c	ram:0004332a	FUN_ram_0004332a
ram:0004375a	ram:0004332a	FUN_ram_0004332a
ram:0004375a	ram:00041bf2	FUN_ram_00041bf2
ram:000437d2	ram:0004332a	FUN_ram_0004332a
ram:00043800	ram:000432b0	ATT_GetMTU
ram:00043800	ram:0004332a	FUN_ram_0004332a
ram:00043800	ram:00041bf2	FUN_ram_00041bf2
ram:000438ac	ram:0004332a	FUN_ram_0004332a
ram:000438ac	ram:00041bf2	FUN_ram_00041bf2
ram:000438e4	ram:0004332a	FUN_ram_0004332a
ram:00043928	ram:0004332a	FUN_ram_0004332a
ram:00043a2c	ram:000433e0	FUN_ram_000433e0
ram:00043a74	ram:000433e0	FUN_ram_000433e0
ram:00043a74	ram:00041bf2	FUN_ram_00041bf2
ram:00043b3e	ram:000433e0	FUN_ram_000433e0
ram:00043b3e	ram:00041bf2	FUN_ram_00041bf2
ram:00043bda	ram:000433e0	FUN_ram_000433e0
ram:00043bda	ram:00041bf2	FUN_ram_00041bf2
ram:00043c38	ram:000433e0	FUN_ram_000433e0
ram:00043c38	ram:00041bf2	FUN_ram_00041bf2
ram:00043c94	ram:000433e0	FUN_ram_000433e0
ram:00043c94	ram:00041bf2	FUN_ram_00041bf2
ram:00043cde	ram:000433e0	FUN_ram_000433e0
ram:00043cde	ram:00041bf2	FUN_ram_00041bf2
ram:00043d16	ram:000433e0	FUN_ram_000433e0
ram:00043d16	ram:00041bf2	FUN_ram_00041bf2
ram:00043d96	ram:000433e0	FUN_ram_000433e0
ram:00043de4	ram:000433e0	FUN_ram_000433e0
ram:00043de4	ram:00041bf2	FUN_ram_00041bf2
ram:00043e28	ram:000433e0	FUN_ram_000433e0
ram:00043e34	ram:0004332a	FUN_ram_0004332a
ram:00043e34	ram:00041bf2	FUN_ram_00041bf2
ram:00043e66	ram:0004332a	FUN_ram_0004332a
ram:00043e66	ram:00041bf2	FUN_ram_00041bf2
ram:00043e98	ram:0005250e	thunk_FUN_ram_0006512c
ram:00043e98	ram:0004e028	FUN_ram_0004e028
ram:0004403a	ram:00041c74	tmos_msg_allocate
ram:0004403a	ram:00041d24	tmos_msg_send
ram:000440ba	ram:00041eae	tmos_rand
ram:00044110	ram:0004de08	FUN_ram_0004de08
ram:00044162	ram:0004414c	FUN_ram_0004414c
ram:000441f4	ram:000440ba	FUN_ram_000440ba
ram:000441f4	ram:200002b4	tmos_isbufset
ram:0004428e	ram:00052532	thunk_FUN_ram_000651a6
ram:0004428e	ram:20000214	tmos_memset
ram:0004434e	ram:20000104	FUN_ram_20000104
ram:000443e2	ram:00042138	tmos_set_event
ram:00044406	ram:0004e132	FUN_ram_0004e132
ram:00044452	ram:00043e98	FUN_ram_00043e98
ram:00044452	ram:0004403a	FUN_ram_0004403a
ram:00044452	ram:0004e524	FUN_ram_0004e524
ram:00044452	ram:0004e132	FUN_ram_0004e132
ram:00044452	ram:0004e0e6	FUN_ram_0004e0e6
ram:00044452	ram:0004df14	FUN_ram_0004df14
ram:00044452	ram:0004434e	FUN_ram_0004434e
ram:00044504	ram:200001dc	tmos_memcpy
ram:00044504	ram:20000214	tmos_memset
ram:00044504	ram:00041c74	tmos_msg_allocate
ram:00044504	ram:0004df14	FUN_ram_0004df14
ram:00044504	ram:00041d24	tmos_msg_send
ram:00044504	ram:0004434e	FUN_ram_0004434e
ram:00044622	ram:20000214	tmos_memset
ram:00044622	ram:00041c74	tmos_msg_allocate
ram:00044622	ram:0004df14	FUN_ram_0004df14
ram:00044622	ram:00041d24	tmos_msg_send
ram:00044696	ram:20000214	tmos_memset
ram:00044696	ram:00041c74	tmos_msg_allocate
ram:00044696	ram:0004df14	FUN_ram_0004df14
ram:00044696	ram:00041d24	tmos_msg_send
ram:0004472c	ram:200001dc	tmos_memcpy
ram:0004472c	ram:00041c74	tmos_msg_allocate
ram:0004472c	ram:00041d24	tmos_msg_send
ram:00044794	ram:200001dc	tmos_memcpy
ram:00044794	ram:00041c74	tmos_msg_allocate
ram:00044794	ram:00041d24	tmos_msg_send
ram:00044812	ram:00041c74	tmos_msg_allocate
ram:00044812	ram:0004df14	FUN_ram_0004df14
ram:00044812	ram:00041d24	tmos_msg_send
ram:000448c6	ram:00041c74	tmos_msg_allocate
ram:000448c6	ram:00041d24	tmos_msg_send
ram:0004491e	ram:200001dc	tmos_memcpy
ram:0004491e	ram:20000214	tmos_memset
ram:0004491e	ram:00041c74	tmos_msg_allocate
ram:0004491e	ram:00041d24	tmos_msg_send
ram:000449da	ram:0005253e	thunk_FUN_ram_0006522a
ram:000449da	ram:200001dc	tmos_memcpy
ram:000449da	ram:000442de	FUN_ram_000442de
ram:00044a2c	ram:200001dc	tmos_memcpy
ram:00044a2c	ram:00041c74	tmos_msg_allocate
ram:00044a2c	ram:00041d24	tmos_msg_send
ram:00044ac6	ram:20000040	FUN_ram_20000040
ram:00044ac6	ram:200001dc	tmos_memcpy
ram:00044ac6	ram:20000214	tmos_memset
ram:00044ac6	ram:0004f238	FUN_ram_0004f238
ram:00044ac6	ram:0004e81e	FUN_ram_0004e81e
ram:00044ac6	ram:0004df14	FUN_ram_0004df14
ram:00044ac6	ram:0004434e	FUN_ram_0004434e
ram:00044baa	ram:20000104	FUN_ram_20000104
ram:00044baa	ram:0004e898	FUN_ram_0004e898
ram:00044baa	ram:2000023a	FUN_ram_2000023a
ram:00044baa	ram:0004df14	FUN_ram_0004df14
ram:00044c74	ram:20000214	tmos_memset
ram:00044c74	ram:0004f032	FUN_ram_0004f032
ram:00044c74	ram:0004df14	FUN_ram_0004df14
ram:00044cd6	ram:20000104	FUN_ram_20000104
ram:00044cd6	ram:200001dc	tmos_memcpy
ram:00044cd6	ram:20000040	FUN_ram_20000040
ram:00044cd6	ram:2000023a	FUN_ram_2000023a
ram:00044cd6	ram:0004df14	FUN_ram_0004df14
ram:00044cd6	ram:00044504	FUN_ram_00044504
ram:00044e62	ram:200001dc	tmos_memcpy
ram:00044e62	ram:00041c74	tmos_msg_allocate
ram:00044e62	ram:0004df14	FUN_ram_0004df14
ram:00044e62	ram:00041d24	tmos_msg_send
ram:00044ef0	ram:200001dc	tmos_memcpy
ram:00044ef0	ram:00041c74	tmos_msg_allocate
ram:00044ef0	ram:0004df14	FUN_ram_0004df14
ram:00044ef0	ram:00041d24	tmos_msg_send
ram:00044f96	ram:20000104	FUN_ram_20000104
ram:00044fbc	ram:200001dc	tmos_memcpy
ram:00044fbc	ram:00041c74	tmos_msg_allocate
ram:00044fbc	ram:0004df14	FUN_ram_0004df14
ram:00044fbc	ram:00041d24	tmos_msg_send
ram:00045036	ram:0004e78a	FUN_ram_0004e78a
ram:00045036	ram:0004df14	FUN_ram_0004df14
ram:00045080	ram:200001dc	tmos_memcpy
ram:00045080	ram:0004df14	FUN_ram_0004df14
ram:000450ea	ram:0004e7e6	FUN_ram_0004e7e6
ram:000450ea	ram:0004df14	FUN_ram_0004df14
ram:00045118	ram:00043e98	FUN_ram_00043e98
ram:00045118	ram:0005250e	thunk_FUN_ram_0006512c
ram:00045118	ram:0004df14	FUN_ram_0004df14
ram:000451b2	ram:0005258a	thunk_FUN_ram_0006577e
ram:000451b2	ram:0005251a	thunk_FUN_ram_0006599c
ram:000451b2	ram:0005251e	thunk_FUN_ram_0006517c
ram:0004521e	ram:00046c22	FUN_ram_00046c22
ram:0004521e	ram:00047a0e	FUN_ram_00047a0e
ram:0004521e	ram:0004c80e	FUN_ram_0004c80e
ram:0004521e	ram:00043eba	FUN_ram_00043eba
ram:0004521e	ram:0006b2b8	FUN_ram_0006b2b8
ram:00045266	ram:00044f96	FUN_ram_00044f96
ram:00045266	ram:0004403a	FUN_ram_0004403a
ram:00045266	ram:00044a2c	FUN_ram_00044a2c
ram:00045266	ram:0004609c	FUN_ram_0004609c
ram:00045266	ram:00044794	FUN_ram_00044794
ram:00045266	ram:0006b342	GAPRole_GetParameter
ram:00045266	ram:000449da	FUN_ram_000449da
ram:00045266	ram:00044452	FUN_ram_00044452
ram:00045266	ram:00041c48	tmos_msg_deallocate
ram:00045266	ram:00041cba	tmos_msg_receive
ram:00045266	ram:00043e98	FUN_ram_00043e98
ram:00045266	ram:0005257a	thunk_FUN_ram_000656a8
ram:00045266	ram:0004e2a2	FUN_ram_0004e2a2
ram:00045266	ram:00045fea	FUN_ram_00045fea
ram:00045266	ram:0004c83e	FUN_ram_0004c83e
ram:00045266	ram:200001dc	tmos_memcpy
ram:00045266	ram:00044406	FUN_ram_00044406
ram:00045266	ram:000461a2	FUN_ram_000461a2
ram:00045266	ram:0004491e	FUN_ram_0004491e
ram:00045266	ram:00052576	thunk_FUN_ram_00065676
ram:00045266	ram:00044326	FUN_ram_00044326
ram:00045266	ram:0005253a	thunk_FUN_ram_00065204
ram:00045266	ram:0004224c	tmos_start_task
ram:00045266	ram:0004eef8	FUN_ram_0004eef8
ram:00045266	ram:00041d24	tmos_msg_send
ram:0004588a	ram:000525e0	thunk_FUN_ram_00065948
ram:0004588a	ram:00044c54	GAP_GetParamValue
ram:000458c4	ram:00044f96	FUN_ram_00044f96
ram:000458c4	ram:00052552	thunk_FUN_ram_000652dc
ram:000458c4	ram:00044812	FUN_ram_00044812
ram:000458c4	ram:0004de1e	FUN_ram_0004de1e
ram:000458c4	ram:0006b342	GAPRole_GetParameter
ram:000458c4	ram:0005a7de	FUN_ram_0005a7de
ram:000458c4	ram:00052648	FUN_ram_00052648
ram:000458c4	ram:000448c6	FUN_ram_000448c6
ram:000458c4	ram:00044c54	GAP_GetParamValue
ram:000458c4	ram:0004491e	FUN_ram_0004491e
ram:00045b14	ram:20000104	FUN_ram_20000104
ram:00045b14	ram:2000026a	tmos_memcmp
ram:00045b14	ram:20000040	FUN_ram_20000040
ram:00045b14	ram:200001dc	tmos_memcpy
ram:00045b14	ram:00044326	FUN_ram_00044326
ram:00045b14	ram:00044c54	GAP_GetParamValue
ram:00045b14	ram:00044162	FUN_ram_00044162
ram:00045d6e	ram:20000104	FUN_ram_20000104
ram:00045d6e	ram:00044c54	GAP_GetParamValue
ram:00045d6e	ram:20000040	FUN_ram_20000040
ram:00045d6e	ram:200001dc	tmos_memcpy
ram:00045d6e	ram:00044326	FUN_ram_00044326
ram:00045d6e	ram:00044162	FUN_ram_00044162
ram:00045d6e	ram:2000026a	tmos_memcmp
ram:00045fea	ram:200001dc	tmos_memcpy
ram:00045fea	ram:00044326	FUN_ram_00044326
ram:00045fea	ram:00041d24	tmos_msg_send
ram:00045fea	ram:00041c74	tmos_msg_allocate
ram:0004609c	ram:00041d24	tmos_msg_send
ram:0004609c	ram:00041c74	tmos_msg_allocate
ram:000460f6	ram:20000104	FUN_ram_20000104
ram:000460f6	ram:20000214	tmos_memset
ram:000461a2	ram:20000104	FUN_ram_20000104
ram:000461a2	ram:200001dc	tmos_memcpy
ram:000461a2	ram:00041d24	tmos_msg_send
ram:000461a2	ram:000460f6	FUN_ram_000460f6
ram:000461a2	ram:00041c74	tmos_msg_allocate
ram:0004636c	ram:00044c54	GAP_GetParamValue
ram:0004636c	ram:200001dc	tmos_memcpy
ram:0004636c	ram:00041d24	tmos_msg_send
ram:0004636c	ram:000461a2	FUN_ram_000461a2
ram:0004636c	ram:00045b14	FUN_ram_00045b14
ram:0004636c	ram:00041c74	tmos_msg_allocate
ram:0004636c	ram:0004588a	FUN_ram_0004588a
ram:00046486	ram:00044c54	GAP_GetParamValue
ram:00046486	ram:200001dc	tmos_memcpy
ram:00046486	ram:00041d24	tmos_msg_send
ram:00046486	ram:000461a2	FUN_ram_000461a2
ram:00046486	ram:00041c74	tmos_msg_allocate
ram:00046486	ram:0004588a	FUN_ram_0004588a
ram:00046590	ram:00044c54	GAP_GetParamValue
ram:00046590	ram:200001dc	tmos_memcpy
ram:00046590	ram:00041d24	tmos_msg_send
ram:00046590	ram:000461a2	FUN_ram_000461a2
ram:00046590	ram:00041c74	tmos_msg_allocate
ram:00046590	ram:00045d6e	FUN_ram_00045d6e
ram:00046590	ram:0004588a	FUN_ram_0004588a
ram:00046806	ram:0004244a	tmos_stop_task
ram:00046806	ram:000461a2	FUN_ram_000461a2
ram:00046806	ram:0004588a	FUN_ram_0004588a
ram:00046844	ram:00044c54	GAP_GetParamValue
ram:00046844	ram:20000040	FUN_ram_20000040
ram:00046844	ram:200001dc	tmos_memcpy
ram:00046844	ram:00069728	GAPBondMgr_GetParameter
ram:00046844	ram:000525dc	thunk_FUN_ram_00065922
ram:0004696a	ram:00044c54	GAP_GetParamValue
ram:0004696a	ram:20000040	FUN_ram_20000040
ram:0004696a	ram:200001dc	tmos_memcpy
ram:0004696a	ram:000442de	FUN_ram_000442de
ram:0004696a	ram:00069728	GAPBondMgr_GetParameter
ram:0004696a	ram:00044f96	FUN_ram_00044f96
ram:0004696a	ram:000525e4	thunk_FUN_ram_0006596e
ram:0004696a	ram:20000214	tmos_memset
ram:0004696a	ram:00045114	thunk_FUN_ram_0004e07e
ram:00046c08	ram:0004409c	FUN_ram_0004409c
ram:00046ca0	ram:00044092	FUN_ram_00044092
ram:00046ca0	ram:20000040	FUN_ram_20000040
ram:00046ca0	ram:000460f6	FUN_ram_000460f6
ram:00046ca0	ram:20000214	tmos_memset
ram:00046d4a	ram:20000104	FUN_ram_20000104
ram:00046d6e	ram:00044c54	GAP_GetParamValue
ram:00046d6e	ram:000525d0	thunk_FUN_ram_000658b0
ram:00046d9e	ram:00044c54	GAP_GetParamValue
ram:00046d9e	ram:000525f4	thunk_FUN_ram_000659a8
ram:00046df2	ram:00044c54	GAP_GetParamValue
ram:00046df2	ram:000442de	FUN_ram_000442de
ram:00046df2	ram:00069728	GAPBondMgr_GetParameter
ram:00046df2	ram:00052596	FUN_ram_00052596
ram:00046efc	ram:0004df14	FUN_ram_0004df14
ram:00046efc	ram:0004ddcc	FUN_ram_0004ddcc
ram:00046efc	ram:00044812	FUN_ram_00044812
ram:00046efc	ram:000448c6	FUN_ram_000448c6
ram:00046efc	ram:00044110	FUN_ram_00044110
ram:00046fcc	ram:00041d24	tmos_msg_send
ram:00046fcc	ram:00041c74	tmos_msg_allocate
ram:00047066	ram:00044c54	GAP_GetParamValue
ram:00047066	ram:20000040	FUN_ram_20000040
ram:00047066	ram:200001dc	tmos_memcpy
ram:00047066	ram:000443c2	FUN_ram_000443c2
ram:00047066	ram:00046d4a	FUN_ram_00046d4a
ram:00047066	ram:0004eef8	FUN_ram_0004eef8
ram:00047066	ram:00069728	GAPBondMgr_GetParameter
ram:00047066	ram:000449da	FUN_ram_000449da
ram:00047066	ram:0004224c	tmos_start_task
ram:00047066	ram:00046df2	FUN_ram_00046df2
ram:000471e2	ram:0004244a	tmos_stop_task
ram:000471e2	ram:000525cc	thunk_FUN_ram_0006588a
ram:00047250	ram:000471e2	FUN_ram_000471e2
ram:00047250	ram:200001dc	tmos_memcpy
ram:00047250	ram:00041d24	tmos_msg_send
ram:00047250	ram:00046d4a	FUN_ram_00046d4a
ram:00047250	ram:0004244a	tmos_stop_task
ram:00047250	ram:00041c74	tmos_msg_allocate
ram:00047250	ram:0004224c	tmos_start_task
ram:0004737a	ram:00046d6e	FUN_ram_00046d6e
ram:000473a6	ram:000525d8	thunk_FUN_ram_000658fc
ram:000473b6	ram:00046d9e	FUN_ram_00046d9e
ram:000473d4	ram:000525f8	thunk_FUN_ram_000659ce
ram:000473e4	ram:20000104	FUN_ram_20000104
ram:000473e4	ram:20000040	FUN_ram_20000040
ram:000473e4	ram:200001dc	tmos_memcpy
ram:000473e4	ram:000525c8	thunk_FUN_ram_00065864
ram:000473e4	ram:000525c4	thunk_FUN_ram_0006583e
ram:000473e4	ram:20000214	tmos_memset
ram:00047530	ram:20000104	FUN_ram_20000104
ram:00047530	ram:20000040	FUN_ram_20000040
ram:00047530	ram:200001dc	tmos_memcpy
ram:00047530	ram:000525c4	thunk_FUN_ram_0006583e
ram:00047530	ram:20000214	tmos_memset
ram:00047640	ram:20000104	FUN_ram_20000104
ram:00047640	ram:20000040	FUN_ram_20000040
ram:00047640	ram:200001dc	tmos_memcpy
ram:00047640	ram:000525c8	thunk_FUN_ram_00065864
ram:00047640	ram:20000214	tmos_memset
ram:00047750	ram:20000104	FUN_ram_20000104
ram:00047750	ram:20000040	FUN_ram_20000040
ram:00047750	ram:200001dc	tmos_memcpy
ram:00047750	ram:0006b342	GAPRole_GetParameter
ram:00047750	ram:20000214	tmos_memset
ram:00047750	ram:000525d4	thunk_FUN_ram_000658d6
ram:00047820	ram:200001dc	tmos_memcpy
ram:00047848	ram:200001dc	tmos_memcpy
ram:00047880	ram:200001dc	tmos_memcpy
ram:000478b8	ram:00044c54	GAP_GetParamValue
ram:000478b8	ram:200001dc	tmos_memcpy
ram:000478b8	ram:0004eef8	FUN_ram_0004eef8
ram:000478b8	ram:000423f6	tmos_start_reload_task
ram:000478b8	ram:00069728	GAPBondMgr_GetParameter
ram:000478b8	ram:0004244a	tmos_stop_task
ram:000478b8	ram:000440ba	FUN_ram_000440ba
ram:000478b8	ram:20000214	tmos_memset
ram:000478b8	ram:000449da	FUN_ram_000449da
ram:000478b8	ram:2000026a	tmos_memcmp
ram:000479dc	ram:000440b0	FUN_ram_000440b0
ram:00047a9e	ram:00041d24	tmos_msg_send
ram:00047a9e	ram:00046d4a	FUN_ram_00046d4a
ram:00047a9e	ram:00041c74	tmos_msg_allocate
ram:00047af2	ram:00044c54	GAP_GetParamValue
ram:00047af2	ram:00041d24	tmos_msg_send
ram:00047af2	ram:00046d4a	FUN_ram_00046d4a
ram:00047af2	ram:00047a9e	FUN_ram_00047a9e
ram:00047af2	ram:000423f6	tmos_start_reload_task
ram:00047af2	ram:00041c74	tmos_msg_allocate
ram:00047af2	ram:00044162	FUN_ram_00044162
ram:00047af2	ram:0004224c	tmos_start_task
ram:00047c06	ram:00041d24	tmos_msg_send
ram:00047c06	ram:00041c74	tmos_msg_allocate
ram:00047c44	ram:00041d24	tmos_msg_send
ram:00047c44	ram:00041c74	tmos_msg_allocate
ram:00047e7a	ram:000440a6	FUN_ram_000440a6
ram:00048360	ram:200001dc	tmos_memcpy
ram:00048360	ram:20000214	tmos_memset
ram:00048360	ram:00047ea8	FUN_ram_00047ea8
ram:00048360	ram:0006be7a	FUN_ram_0006be7a
ram:00048444	ram:200001dc	tmos_memcpy
ram:00048444	ram:0006be7a	FUN_ram_0006be7a
ram:000484ac	ram:0004bc5e	GATTServApp_RegisterService
ram:000484e0	ram:00046ca0	FUN_ram_00046ca0
ram:000484e0	ram:0004428e	FUN_ram_0004428e
ram:000484e0	ram:00047e7a	FUN_ram_00047e7a
ram:000484e0	ram:0004f588	FUN_ram_0004f588
ram:000484e0	ram:0004f568	FUN_ram_0004f568
ram:000484e0	ram:00046c08	FUN_ram_00046c08
ram:000484e0	ram:000441f4	FUN_ram_000441f4
ram:000484e0	ram:000479dc	FUN_ram_000479dc
ram:000485b6	ram:0004371e	FUN_ram_0004371e
ram:000485b6	ram:0004957c	FUN_ram_0004957c
ram:000485b6	ram:0004972e	FUN_ram_0004972e
ram:00048602	ram:00043800	FUN_ram_00043800
ram:00048602	ram:0004957c	FUN_ram_0004957c
ram:00048602	ram:0004972e	FUN_ram_0004972e
ram:0004864e	ram:200001dc	tmos_memcpy
ram:0004864e	ram:0004957c	FUN_ram_0004957c
ram:0004864e	ram:000436ec	FUN_ram_000436ec
ram:0004864e	ram:0004972e	FUN_ram_0004972e
ram:000486da	ram:0004957c	FUN_ram_0004957c
ram:000486da	ram:0004972e	FUN_ram_0004972e
ram:000486da	ram:0004373c	FUN_ram_0004373c
ram:000487a4	ram:200001dc	tmos_memcpy
ram:000487a4	ram:00041d24	tmos_msg_send
ram:000487a4	ram:00041c74	tmos_msg_allocate
ram:000487a4	ram:20000214	tmos_memset
ram:00048828	ram:000487a4	FUN_ram_000487a4
ram:00048828	ram:0004df14	FUN_ram_0004df14
ram:0004887a	ram:00042362	FUN_ram_00042362
ram:00048886	ram:00042494	FUN_ram_00042494
ram:000488b8	ram:0004c756	FUN_ram_0004c756
ram:000488e8	ram:00043650	FUN_ram_00043650
ram:000488e8	ram:0004957c	FUN_ram_0004957c
ram:000488e8	ram:0004972e	FUN_ram_0004972e
ram:00048936	ram:0004864e	FUN_ram_0004864e
ram:00048960	ram:0004957c	FUN_ram_0004957c
ram:00048960	ram:0004972e	FUN_ram_0004972e
ram:00048960	ram:000437d2	FUN_ram_000437d2
ram:000489ba	ram:0004864e	FUN_ram_0004864e
ram:000489c2	ram:000435c2	FUN_ram_000435c2
ram:000489c2	ram:0004957c	FUN_ram_0004957c
ram:000489c2	ram:0004972e	FUN_ram_0004972e
ram:00048a0e	ram:0004864e	FUN_ram_0004864e
ram:00048a38	ram:000487a4	FUN_ram_000487a4
ram:00048a38	ram:0004df14	FUN_ram_0004df14
ram:00048a9e	ram:0004375a	FUN_ram_0004375a
ram:00048a9e	ram:0004957c	FUN_ram_0004957c
ram:00048a9e	ram:0004972e	FUN_ram_0004972e
ram:00048aea	ram:0004864e	FUN_ram_0004864e
ram:00048af2	ram:00043800	FUN_ram_00043800
ram:00048af2	ram:0004957c	FUN_ram_0004957c
ram:00048b24	ram:00048602	FUN_ram_00048602
ram:00048b38	ram:00043800	FUN_ram_00043800
ram:00048b38	ram:0004957c	FUN_ram_0004957c
ram:00048b8c	ram:00043274	FUN_ram_00043274
ram:00048b8c	ram:000487a4	FUN_ram_000487a4
ram:00048b8c	ram:0004df14	FUN_ram_0004df14
ram:00048be6	ram:00041bf2	FUN_ram_00041bf2
ram:00048be6	ram:000432b0	ATT_GetMTU
ram:00048be6	ram:0004c868	FUN_ram_0004c868
ram:00048cce	ram:00048be6	GATT_bm_alloc
ram:00048cce	ram:200001dc	tmos_memcpy
ram:00048cce	ram:0004367c	FUN_ram_0004367c
ram:00048cce	ram:20000104	FUN_ram_20000104
ram:00048d4a	ram:0004957c	FUN_ram_0004957c
ram:00048d4a	ram:00048cce	FUN_ram_00048cce
ram:00048d4a	ram:0004972e	FUN_ram_0004972e
ram:00048d4a	ram:200001dc	tmos_memcpy
ram:00048dc4	ram:000438ac	FUN_ram_000438ac
ram:00048dc4	ram:00048be6	GATT_bm_alloc
ram:00048dc4	ram:200001dc	tmos_memcpy
ram:00048dc4	ram:20000104	FUN_ram_20000104
ram:00048e32	ram:00048dc4	FUN_ram_00048dc4
ram:00048e32	ram:00042194	FUN_ram_00042194
ram:00048e32	ram:000438e4	FUN_ram_000438e4
ram:00048e32	ram:2000026a	tmos_memcmp
ram:00048f06	ram:00048dc4	FUN_ram_00048dc4
ram:00048f06	ram:00042194	FUN_ram_00042194
ram:00048f06	ram:000432b0	ATT_GetMTU
ram:00048f06	ram:000438e4	FUN_ram_000438e4
ram:00048fc6	ram:00048dc4	FUN_ram_00048dc4
ram:00048fc6	ram:0004957c	FUN_ram_0004957c
ram:00048fc6	ram:000432b0	ATT_GetMTU
ram:00048fc6	ram:0004972e	FUN_ram_0004972e
ram:00048fc6	ram:200001dc	tmos_memcpy
ram:0004904e	ram:20000040	FUN_ram_20000040
ram:0004904e	ram:00048dc4	FUN_ram_00048dc4
ram:0004904e	ram:000432b0	ATT_GetMTU
ram:0004904e	ram:0004957c	FUN_ram_0004957c
ram:0004904e	ram:0004972e	FUN_ram_0004972e
ram:0004904e	ram:200001dc	tmos_memcpy
ram:0004904e	ram:20000104	FUN_ram_20000104
ram:00049128	ram:0004aa54	GATT_Indication
ram:00049128	ram:00048be6	GATT_bm_alloc
ram:00049128	ram:0004aaf8	FUN_ram_0004aaf8
ram:00049128	ram:20000104	FUN_ram_20000104
ram:000491bc	ram:00048726	FUN_ram_00048726
ram:000491bc	ram:20000104	FUN_ram_20000104
ram:000491d8	ram:0004bdb6	FUN_ram_0004bdb6
ram:000491d8	ram:0004310e	FUN_ram_0004310e
ram:000491d8	ram:0004c80e	FUN_ram_0004c80e
ram:0004934a	ram:00042194	FUN_ram_00042194
ram:0004934a	ram:000436ec	FUN_ram_000436ec
ram:0004934a	ram:200001dc	tmos_memcpy
ram:0004934a	ram:00043166	ATT_CompareUUID
ram:00049554	ram:00049522	FUN_ram_00049522
ram:0004957c	ram:00049522	FUN_ram_00049522
ram:000495b2	ram:20000214	tmos_memset
ram:000495b2	ram:00048886	FUN_ram_00048886
ram:000495b2	ram:20000104	FUN_ram_20000104
ram:0004963c	ram:000495b2	FUN_ram_000495b2
ram:0004963c	ram:000487a4	FUN_ram_000487a4
ram:0004963c	ram:00049522	FUN_ram_00049522
ram:0004963c	ram:0004e14a	linkDB_State
ram:0004972e	ram:0004887a	FUN_ram_0004887a
ram:0004972e	ram:200001dc	tmos_memcpy
ram:000497aa	ram:00043650	FUN_ram_00043650
ram:000497aa	ram:00042194	FUN_ram_00042194
ram:0004983c	ram:00042194	FUN_ram_00042194
ram:0004983c	ram:00048cce	FUN_ram_00048cce
ram:000498ba	ram:00042194	FUN_ram_00042194
ram:000498ba	ram:000432b0	ATT_GetMTU
ram:000498ba	ram:0004373c	FUN_ram_0004373c
ram:00049932	ram:00042194	FUN_ram_00042194
ram:00049932	ram:000437d2	FUN_ram_000437d2
ram:000499c4	ram:00049932	FUN_ram_00049932
ram:000499c4	ram:000495b2	FUN_ram_000495b2
ram:000499c4	ram:000498ba	FUN_ram_000498ba
ram:000499c4	ram:000487a4	FUN_ram_000487a4
ram:000499c4	ram:00048e32	FUN_ram_00048e32
ram:000499c4	ram:00048f06	FUN_ram_00048f06
ram:000499c4	ram:00048726	FUN_ram_00048726
ram:000499c4	ram:000497aa	FUN_ram_000497aa
ram:000499c4	ram:0004983c	FUN_ram_0004983c
ram:000499c4	ram:0004934a	FUN_ram_0004934a
ram:00049af8	ram:000432ce	FUN_ram_000432ce
ram:00049af8	ram:000495b2	FUN_ram_000495b2
ram:00049af8	ram:00048828	FUN_ram_00048828
ram:00049af8	ram:000487a4	FUN_ram_000487a4
ram:00049af8	ram:00048b8c	FUN_ram_00048b8c
ram:00049af8	ram:000438f4	FUN_ram_000438f4
ram:00049af8	ram:00052516	thunk_FUN_ram_000656da
ram:00049af8	ram:00048726	FUN_ram_00048726
ram:00049af8	ram:00049522	FUN_ram_00049522
ram:00049af8	ram:000499c4	FUN_ram_000499c4
ram:00049ce6	ram:20000040	FUN_ram_20000040
ram:00049ce6	ram:20000214	tmos_memset
ram:00049ce6	ram:000431cc	FUN_ram_000431cc
ram:00049ce6	ram:0004e0bc	linkDB_Register
ram:00049ce6	ram:00048b78	FUN_ram_00048b78
ram:00049f4a	ram:00049dc2	FUN_ram_00049dc2
ram:00049f62	ram:00049dc2	FUN_ram_00049dc2
ram:00049f9e	ram:00049f62	GATTServApp_WriteCharCfg
ram:00049f9e	ram:00049f4a	GATTServApp_ReadCharCfg
ram:0004a032	ram:00041c74	tmos_msg_allocate
ram:0004a032	ram:00041d24	tmos_msg_send
ram:0004a09c	ram:00049128	FUN_ram_00049128
ram:0004a09c	ram:00049f4a	GATTServApp_ReadCharCfg
ram:0004a0d4	ram:20000214	tmos_memset
ram:0004a0d4	ram:20000104	FUN_ram_20000104
ram:0004a174	ram:0004a156	FUN_ram_0004a156
ram:0004a18a	ram:20000040	FUN_ram_20000040
ram:0004a18a	ram:20000214	tmos_memset
ram:0004a18a	ram:200001dc	tmos_memcpy
ram:0004a18a	ram:20000104	FUN_ram_20000104
ram:0004a296	ram:0004a274	FUN_ram_0004a274
ram:0004a2ae	ram:0004a274	FUN_ram_0004a274
ram:0004a2c6	ram:0004df46	FUN_ram_0004df46
ram:0004a2c6	ram:0004a2ae	FUN_ram_0004a2ae
ram:0004a2f4	ram:200001dc	tmos_memcpy
ram:0004a2f4	ram:20000104	FUN_ram_20000104
ram:0004a34e	ram:0004a2f4	FUN_ram_0004a2f4
ram:0004a34e	ram:20000104	FUN_ram_20000104
ram:0004a3aa	ram:00048886	FUN_ram_00048886
ram:0004a3f4	ram:0004a3c6	FUN_ram_0004a3c6
ram:0004a3f4	ram:000487a4	FUN_ram_000487a4
ram:0004a3f4	ram:0004a3aa	FUN_ram_0004a3aa
ram:0004a3f4	ram:0004e14a	linkDB_State
ram:0004a48c	ram:0004a3c6	FUN_ram_0004a3c6
ram:0004a48c	ram:000487a4	FUN_ram_000487a4
ram:0004a48c	ram:00048828	FUN_ram_00048828
ram:0004a48c	ram:00043428	FUN_ram_00043428
ram:0004a48c	ram:0004a3aa	FUN_ram_0004a3aa
ram:0004a48c	ram:00048a38	FUN_ram_00048a38
ram:0004a48c	ram:00048726	FUN_ram_00048726
ram:0004a65c	ram:0004a3c6	FUN_ram_0004a3c6
ram:0004a6d0	ram:0004a156	FUN_ram_0004a156
ram:0004a6d0	ram:0004a032	FUN_ram_0004a032
ram:0004a6d0	ram:0004a684	GATT_FindHandle
ram:0004a778	ram:0004a6d0	FUN_ram_0004a6d0
ram:0004a778	ram:0004a18a	FUN_ram_0004a18a
ram:0004a778	ram:0004a0d4	FUN_ram_0004a0d4
ram:0004a778	ram:0004a124	FUN_ram_0004a124
ram:0004a778	ram:00043e28	FUN_ram_00043e28
ram:0004a878	ram:0004a6d0	FUN_ram_0004a6d0
ram:0004a896	ram:0004a174	FUN_ram_0004a174
ram:0004a896	ram:00048be6	GATT_bm_alloc
ram:0004a896	ram:0004a124	FUN_ram_0004a124
ram:0004a896	ram:200001dc	tmos_memcpy
ram:0004a896	ram:0004a684	GATT_FindHandle
ram:0004a896	ram:00043de4	FUN_ram_00043de4
ram:0004a9a4	ram:0004a6d0	FUN_ram_0004a6d0
ram:0004a9a4	ram:0004a174	FUN_ram_0004a174
ram:0004a9a4	ram:00043d96	FUN_ram_00043d96
ram:0004a9a4	ram:0004a684	GATT_FindHandle
ram:0004aa54	ram:0004887a	FUN_ram_0004887a
ram:0004aa54	ram:0004a3c6	FUN_ram_0004a3c6
ram:0004aa54	ram:0004df46	FUN_ram_0004df46
ram:0004aa54	ram:0004a2ae	FUN_ram_0004a2ae
ram:0004aa54	ram:0004a684	GATT_FindHandle
ram:0004aa54	ram:00043e66	FUN_ram_00043e66
ram:0004aaf8	ram:00043166	ATT_CompareUUID
ram:0004ac56	ram:00048be6	GATT_bm_alloc
ram:0004ac56	ram:00043a74	FUN_ram_00043a74
ram:0004ac56	ram:200001dc	tmos_memcpy
ram:0004ac56	ram:00048a38	FUN_ram_00048a38
ram:0004ac56	ram:0004aaf8	FUN_ram_0004aaf8
ram:0004ac56	ram:20000104	FUN_ram_20000104
ram:0004ae00	ram:0004a3c6	FUN_ram_0004a3c6
ram:0004ae00	ram:00043e34	FUN_ram_00043e34
ram:0004ae00	ram:0004df46	FUN_ram_0004df46
ram:0004ae00	ram:0004a2ae	FUN_ram_0004a2ae
ram:0004ae00	ram:0004a684	GATT_FindHandle
ram:0004ae74	ram:0004df46	FUN_ram_0004df46
ram:0004ae74	ram:0004a2c6	FUN_ram_0004a2c6
ram:0004ae74	ram:0004a2ae	FUN_ram_0004a2ae
ram:0004aede	ram:0004ae74	FUN_ram_0004ae74
ram:0004aede	ram:0004a684	GATT_FindHandle
ram:0004af14	ram:0004df46	FUN_ram_0004df46
ram:0004af14	ram:0004a2c6	FUN_ram_0004a2c6
ram:0004af14	ram:0004a2ae	FUN_ram_0004a2ae
ram:0004af6a	ram:0004af14	FUN_ram_0004af14
ram:0004af6a	ram:0004a684	GATT_FindHandle
ram:0004afa0	ram:00043166	ATT_CompareUUID
ram:0004afa0	ram:0004aaf8	FUN_ram_0004aaf8
ram:0004afa0	ram:0004a296	FUN_ram_0004a296
ram:0004b062	ram:20000226	tmos_strlen
ram:0004b062	ram:0004afa0	FUN_ram_0004afa0
ram:0004b062	ram:0004a156	FUN_ram_0004a156
ram:0004b062	ram:20000214	tmos_memset
ram:0004b062	ram:0004a174	FUN_ram_0004a174
ram:0004b062	ram:200001dc	tmos_memcpy
ram:0004b062	ram:00043166	ATT_CompareUUID
ram:0004b062	ram:0004a684	GATT_FindHandle
ram:0004b062	ram:00049f4a	GATTServApp_ReadCharCfg
ram:0004b34c	ram:0004b062	FUN_ram_0004b062
ram:0004b34c	ram:00043cde	FUN_ram_00043cde
ram:0004b34c	ram:00048be6	GATT_bm_alloc
ram:0004b34c	ram:000432b0	ATT_GetMTU
ram:0004b34c	ram:200001dc	tmos_memcpy
ram:0004b34c	ram:0004a684	GATT_FindHandle
ram:0004b34c	ram:20000104	FUN_ram_20000104
ram:0004b4ae	ram:0004b062	FUN_ram_0004b062
ram:0004b4ae	ram:0004afa0	FUN_ram_0004afa0
ram:0004b4ae	ram:00048be6	GATT_bm_alloc
ram:0004b4ae	ram:000432b0	ATT_GetMTU
ram:0004b4ae	ram:00043b3e	FUN_ram_00043b3e
ram:0004b4ae	ram:2000026a	tmos_memcmp
ram:0004b4ae	ram:0004aaf8	FUN_ram_0004aaf8
ram:0004b654	ram:0004df46	FUN_ram_0004df46
ram:0004b654	ram:0004a2ae	FUN_ram_0004a2ae
ram:0004b6bc	ram:0004b654	FUN_ram_0004b654
ram:0004b6bc	ram:0004a684	GATT_FindHandle
ram:0004b76a	ram:0004b654	FUN_ram_0004b654
ram:0004b76a	ram:0004a684	GATT_FindHandle
ram:0004b79a	ram:0004b062	FUN_ram_0004b062
ram:0004b79a	ram:00043d16	FUN_ram_00043d16
ram:0004b79a	ram:0004afa0	FUN_ram_0004afa0
ram:0004b79a	ram:0004b654	FUN_ram_0004b654
ram:0004b79a	ram:00048be6	GATT_bm_alloc
ram:0004b79a	ram:000432b0	ATT_GetMTU
ram:0004b79a	ram:200001dc	tmos_memcpy
ram:0004b79a	ram:0004aaf8	FUN_ram_0004aaf8
ram:0004b9a4	ram:0004b062	FUN_ram_0004b062
ram:0004b9a4	ram:0004b654	FUN_ram_0004b654
ram:0004b9a4	ram:00048be6	GATT_bm_alloc
ram:0004b9a4	ram:000432b0	ATT_GetMTU
ram:0004b9a4	ram:200001dc	tmos_memcpy
ram:0004b9a4	ram:0004aaf8	FUN_ram_0004aaf8
ram:0004b9a4	ram:00043bda	FUN_ram_00043bda
ram:0004bb50	ram:20000040	FUN_ram_20000040
ram:0004bb50	ram:20000214	tmos_memset
ram:0004bb50	ram:200001dc	tmos_memcpy
ram:0004bb50	ram:00043166	ATT_CompareUUID
ram:0004bc5e	ram:20000040	FUN_ram_20000040
ram:0004bc5e	ram:0004bb50	FUN_ram_0004bb50
ram:0004bcdc	ram:0004bc5e	GATTServApp_RegisterService
ram:0004bd1a	ram:00049e22	FUN_ram_00049e22
ram:0004bd1a	ram:00049dc2	FUN_ram_00049dc2
ram:0004bd42	ram:0004bd1a	GATTServApp_InitCharCfg
ram:0004bd42	ram:0004afa0	FUN_ram_0004afa0
ram:0004bd42	ram:0004a0d4	FUN_ram_0004a0d4
ram:0004bd42	ram:0004a124	FUN_ram_0004a124
ram:0004bd42	ram:0004aaf8	FUN_ram_0004aaf8
ram:0004bd42	ram:0004e14a	linkDB_State
ram:0004bdb6	ram:20000040	FUN_ram_20000040
ram:0004bdb6	ram:20000214	tmos_memset
ram:0004bdb6	ram:000431d6	FUN_ram_000431d6
ram:0004bdb6	ram:00048b82	FUN_ram_00048b82
ram:0004bdb6	ram:0004e0bc	linkDB_Register
ram:0004bece	ram:00049e22	FUN_ram_00049e22
ram:0004bece	ram:00049e46	FUN_ram_00049e46
ram:0004bece	ram:0004e0bc	linkDB_Register
ram:0004bece	ram:000481c8	FUN_ram_000481c8
ram:0004c25c	ram:20000040	FUN_ram_20000040
ram:0004c25c	ram:20000214	tmos_memset
ram:0004c25c	ram:0004e14a	linkDB_State
ram:0004c420	ram:20000214	tmos_memset
ram:0004c420	ram:20000104	FUN_ram_20000104
ram:0004c46e	ram:0004ddde	FUN_ram_0004ddde
ram:0004c46e	ram:0004d36e	FUN_ram_0004d36e
ram:0004c46e	ram:0004c420	FUN_ram_0004c420
ram:0004c4c2	ram:20000104	FUN_ram_20000104
ram:0004c51c	ram:20000214	tmos_memset
ram:0004c5ea	ram:00042362	FUN_ram_00042362
ram:0004c604	ram:00042494	FUN_ram_00042494
ram:0004c622	ram:0004ddde	FUN_ram_0004ddde
ram:0004c622	ram:0004c4c2	FUN_ram_0004c4c2
ram:0004c622	ram:0004d3ac	FUN_ram_0004d3ac
ram:0004c622	ram:0004c604	FUN_ram_0004c604
ram:0004c622	ram:0004d36e	FUN_ram_0004d36e
ram:0004c622	ram:0004c420	FUN_ram_0004c420
ram:0004c746	ram:0004c622	FUN_ram_0004c622
ram:0004c756	ram:00052522	FUN_ram_00052522
ram:0004c868	ram:20000040	FUN_ram_20000040
ram:0004c868	ram:00041bf2	FUN_ram_00041bf2
ram:0004c892	ram:20000040	FUN_ram_20000040
ram:0004c892	ram:0004de6a	FUN_ram_0004de6a
ram:0004c892	ram:20000214	tmos_memset
ram:0004c892	ram:0004e0bc	linkDB_Register
ram:0004c9e0	ram:00042138	tmos_set_event
ram:0004c9e0	ram:00041cba	tmos_msg_receive
ram:0004c9e0	ram:0004d0a0	FUN_ram_0004d0a0
ram:0004c9e0	ram:0004d99c	FUN_ram_0004d99c
ram:0004c9e0	ram:00041c48	tmos_msg_deallocate
ram:0004cbe6	ram:0004ddcc	FUN_ram_0004ddcc
ram:0004cbe6	ram:0004c5a0	FUN_ram_0004c5a0
ram:0004cbe6	ram:0004dd24	FUN_ram_0004dd24
ram:0004cbe6	ram:0004c5ea	FUN_ram_0004c5ea
ram:0004cbe6	ram:0004c3ac	FUN_ram_0004c3ac
ram:0004cbe6	ram:0004c25c	FUN_ram_0004c25c
ram:0004cd62	ram:00041bf2	FUN_ram_00041bf2
ram:0004cd62	ram:0004c344	FUN_ram_0004c344
ram:0004cdee	ram:00042138	tmos_set_event
ram:0004cdee	ram:0004cb1e	FUN_ram_0004cb1e
ram:0004cdee	ram:0004c782	FUN_ram_0004c782
ram:0004cdee	ram:0004c344	FUN_ram_0004c344
ram:0004cdee	ram:0004d36e	FUN_ram_0004d36e
ram:0004cdee	ram:0004cbe6	FUN_ram_0004cbe6
ram:0004cdee	ram:0004cb7a	FUN_ram_0004cb7a
ram:0004cdee	ram:0004ddcc	FUN_ram_0004ddcc
ram:0004cdee	ram:0004c7e0	FUN_ram_0004c7e0
ram:0004cdee	ram:0004da64	FUN_ram_0004da64
ram:0004cdee	ram:0004c3de	FUN_ram_0004c3de
ram:0004cdee	ram:0004d1f6	FUN_ram_0004d1f6
ram:0004cdee	ram:0004c420	FUN_ram_0004c420
ram:0004cf50	ram:0004ddde	FUN_ram_0004ddde
ram:0004cf50	ram:0004cbc8	FUN_ram_0004cbc8
ram:0004cf50	ram:0004cce2	FUN_ram_0004cce2
ram:0004cf50	ram:0004c376	FUN_ram_0004c376
ram:0004cf50	ram:0004cb4c	FUN_ram_0004cb4c
ram:0004cf50	ram:0004cac0	FUN_ram_0004cac0
ram:0004cf50	ram:0004d312	FUN_ram_0004d312
ram:0004cf50	ram:0004c604	FUN_ram_0004c604
ram:0004cf50	ram:0004d1f6	FUN_ram_0004d1f6
ram:0004cf50	ram:0004d36e	FUN_ram_0004d36e
ram:0004cf50	ram:0004c420	FUN_ram_0004c420
ram:0004d0a0	ram:0004cf50	FUN_ram_0004cf50
ram:0004d0a0	ram:0004ddcc	FUN_ram_0004ddcc
ram:0004d0a0	ram:0004c756	FUN_ram_0004c756
ram:0004d0a0	ram:0004d4e2	FUN_ram_0004d4e2
ram:0004d0a0	ram:0004cd40	FUN_ram_0004cd40
ram:0004d0a0	ram:0004cd62	FUN_ram_0004cd62
ram:0004d0a0	ram:0004c746	FUN_ram_0004c746
ram:0004d0a0	ram:0004cdee	FUN_ram_0004cdee
ram:0004d0a0	ram:0004d198	FUN_ram_0004d198
ram:0004d0a0	ram:20000104	FUN_ram_20000104
ram:0004d198	ram:00041c74	tmos_msg_allocate
ram:0004d198	ram:20000214	tmos_memset
ram:0004d198	ram:00041d24	tmos_msg_send
ram:0004d198	ram:200001dc	tmos_memcpy
ram:0004d1f6	ram:00041c74	tmos_msg_allocate
ram:0004d1f6	ram:20000214	tmos_memset
ram:0004d1f6	ram:00041d24	tmos_msg_send
ram:0004d1f6	ram:200001dc	tmos_memcpy
ram:0004d270	ram:20000214	tmos_memset
ram:0004d270	ram:0004d1f6	FUN_ram_0004d1f6
ram:0004d312	ram:20000214	tmos_memset
ram:0004d312	ram:0004c51c	FUN_ram_0004c51c
ram:0004d312	ram:0004d1f6	FUN_ram_0004d1f6
ram:0004d36e	ram:0004d1f6	FUN_ram_0004d1f6
ram:0004d3ac	ram:0004c4c2	FUN_ram_0004c4c2
ram:0004d3ac	ram:0004d312	FUN_ram_0004d312
ram:0004d3ac	ram:0004d1f6	FUN_ram_0004d1f6
ram:0004d3ac	ram:0004d36e	FUN_ram_0004d36e
ram:0004d444	ram:20000214	tmos_memset
ram:0004d444	ram:0004d1f6	FUN_ram_0004d1f6
ram:0004d444	ram:20000104	FUN_ram_20000104
ram:0004d4e2	ram:0004d270	FUN_ram_0004d270
ram:0004d4e2	ram:00041bf2	FUN_ram_00041bf2
ram:0004d4e2	ram:20000040	FUN_ram_20000040
ram:0004d4e2	ram:200001dc	tmos_memcpy
ram:0004d4e2	ram:0004c344	FUN_ram_0004c344
ram:0004d4e2	ram:0004d198	FUN_ram_0004d198
ram:0004d4e2	ram:20000104	FUN_ram_20000104
ram:0004d4e2	ram:0004c46e	FUN_ram_0004c46e
ram:0004d656	ram:00041bf2	FUN_ram_00041bf2
ram:0004d656	ram:00041c74	tmos_msg_allocate
ram:0004d656	ram:00041d24	tmos_msg_send
ram:0004d656	ram:00052644	thunk_FUN_ram_000681b0
ram:0004d752	ram:0004d656	FUN_ram_0004d656
ram:0004d752	ram:20000104	FUN_ram_20000104
ram:0004d7c8	ram:0004d656	FUN_ram_0004d656
ram:0004d7c8	ram:0004d444	FUN_ram_0004d444
ram:0004d7c8	ram:200001dc	tmos_memcpy
ram:0004d7c8	ram:0004c868	FUN_ram_0004c868
ram:0004d7c8	ram:20000104	FUN_ram_20000104
ram:0004d8d0	ram:0004d270	FUN_ram_0004d270
ram:0004d8d0	ram:0004d444	FUN_ram_0004d444
ram:0004d8d0	ram:0004d7c8	FUN_ram_0004d7c8
ram:0004d99c	ram:0004d752	FUN_ram_0004d752
ram:0004d99c	ram:0004d8d0	FUN_ram_0004d8d0
ram:0004d9da	ram:0004e066	FUN_ram_0004e066
ram:0004d9da	ram:0004d656	FUN_ram_0004d656
ram:0004d9da	ram:0004e14a	linkDB_State
ram:0004d9da	ram:0004d412	FUN_ram_0004d412
ram:0004da64	ram:0004d656	FUN_ram_0004d656
ram:0004da64	ram:0004c868	FUN_ram_0004c868
ram:0004da64	ram:20000104	FUN_ram_20000104
ram:0004da64	ram:0004d412	FUN_ram_0004d412
ram:0004daf2	ram:0004da64	FUN_ram_0004da64
ram:0004daf2	ram:0004c5ea	FUN_ram_0004c5ea
ram:0004daf2	ram:0004c344	FUN_ram_0004c344
ram:0004daf2	ram:0004c25c	FUN_ram_0004c25c
ram:0004daf2	ram:0004c420	FUN_ram_0004c420
ram:0004dd24	ram:0004da64	FUN_ram_0004da64
ram:0004dd24	ram:20000214	tmos_memset
ram:0004dd24	ram:0004d312	FUN_ram_0004d312
ram:0004dd24	ram:0004c420	FUN_ram_0004c420
ram:0004ddcc	ram:0004da64	FUN_ram_0004da64
ram:0004ddde	ram:0004daf2	FUN_ram_0004daf2
ram:0004de08	ram:0004daf2	FUN_ram_0004daf2
ram:0004de1e	ram:0004da64	FUN_ram_0004da64
ram:0004de6a	ram:20000040	FUN_ram_20000040
ram:0004de6a	ram:20000214	tmos_memset
ram:0004df46	ram:0004df14	FUN_ram_0004df14
ram:0004dfa2	ram:2000026a	tmos_memcmp
ram:0004dfa2	ram:00069942	FUN_ram_00069942
ram:0004e066	ram:0004df14	FUN_ram_0004df14
ram:0004e0e6	ram:20000214	tmos_memset
ram:0004e0e6	ram:0004df14	FUN_ram_0004df14
ram:0004e0e6	ram:0004de30	FUN_ram_0004de30
ram:0004e0e6	ram:20000104	FUN_ram_20000104
ram:0004e132	ram:0004df14	FUN_ram_0004df14
ram:0004e14a	ram:0004df14	FUN_ram_0004df14
ram:0004e17a	ram:0004df14	FUN_ram_0004df14
ram:0004e2a2	ram:0004e244	FUN_ram_0004e244
ram:0004e2a2	ram:200001dc	tmos_memcpy
ram:0004e2a2	ram:0004df14	FUN_ram_0004df14
ram:0004e2a2	ram:0004de30	FUN_ram_0004de30
ram:0004e44a	ram:0004224c	tmos_start_task
ram:0004e44a	ram:00044c54	GAP_GetParamValue
ram:0004e44a	ram:0004df14	FUN_ram_0004df14
ram:0004e484	ram:20000040	FUN_ram_20000040
ram:0004e484	ram:0005255e	FUN_ram_0005255e
ram:0004e484	ram:20000214	tmos_memset
ram:0004e484	ram:200001dc	tmos_memcpy
ram:0004e484	ram:20000104	FUN_ram_20000104
ram:0004e524	ram:0004244a	tmos_stop_task
ram:0004e524	ram:20000104	FUN_ram_20000104
ram:0004e5a2	ram:00042138	tmos_set_event
ram:0004e5a2	ram:0004e400	FUN_ram_0004e400
ram:0004e5a2	ram:00044cd6	FUN_ram_00044cd6
ram:0004e5a2	ram:0004e524	FUN_ram_0004e524
ram:0004e5a2	ram:0004df14	FUN_ram_0004df14
ram:0004e602	ram:0004e524	FUN_ram_0004e524
ram:0004e602	ram:0004df14	FUN_ram_0004df14
ram:0004e636	ram:0004e5a2	FUN_ram_0004e5a2
ram:0004e636	ram:0004e38c	FUN_ram_0004e38c
ram:0004e694	ram:0004e5a2	FUN_ram_0004e5a2
ram:0004e694	ram:00044622	FUN_ram_00044622
ram:0004e694	ram:0004df14	FUN_ram_0004df14
ram:0004e78a	ram:0004e44a	FUN_ram_0004e44a
ram:0004e78a	ram:0004c868	FUN_ram_0004c868
ram:0004e78a	ram:0004d9da	FUN_ram_0004d9da
ram:0004e78a	ram:20000104	FUN_ram_20000104
ram:0004e7e6	ram:0004e78a	FUN_ram_0004e78a
ram:0004e7e6	ram:0004e5a2	FUN_ram_0004e5a2
ram:0004e81e	ram:0004e7e6	FUN_ram_0004e7e6
ram:0004e85c	ram:20000214	tmos_memset
ram:0004e8ec	ram:00050004	FUN_ram_00050004
ram:0004e8ec	ram:00044398	FUN_ram_00044398
ram:0004e8ec	ram:000513be	FUN_ram_000513be
ram:0004e8ec	ram:000443b8	FUN_ram_000443b8
ram:0004e8ec	ram:0004fffa	FUN_ram_0004fffa
ram:0004e8ec	ram:0004e85c	FUN_ram_0004e85c
ram:0004e8ec	ram:0004df14	FUN_ram_0004df14
ram:0004e9c0	ram:00044c54	GAP_GetParamValue
ram:0004ead8	ram:200001dc	tmos_memcpy
ram:0004eb02	ram:200001dc	tmos_memcpy
ram:0004eb36	ram:200001dc	tmos_memcpy
ram:0004eb60	ram:200001dc	tmos_memcpy
ram:0004eb9c	ram:200001dc	tmos_memcpy
ram:0004ebe2	ram:200001dc	tmos_memcpy
ram:0004ec0c	ram:200001dc	tmos_memcpy
ram:0004ec36	ram:200001dc	tmos_memcpy
ram:0004ec62	ram:200001dc	tmos_memcpy
ram:0004ec8c	ram:0004ebe2	FUN_ram_0004ebe2
ram:0004ec8c	ram:0004e44a	FUN_ram_0004e44a
ram:0004ec8c	ram:0004ead8	FUN_ram_0004ead8
ram:0004ec8c	ram:0004df14	FUN_ram_0004df14
ram:0004ec8c	ram:0004ec36	FUN_ram_0004ec36
ram:0004ec8c	ram:0004ec62	FUN_ram_0004ec62
ram:0004ec8c	ram:0004eb9c	FUN_ram_0004eb9c
ram:0004ec8c	ram:0004eb36	FUN_ram_0004eb36
ram:0004ec8c	ram:0004ec0c	FUN_ram_0004ec0c
ram:0004ec8c	ram:0004e7e6	FUN_ram_0004e7e6
ram:0004ec8c	ram:0004eb60	FUN_ram_0004eb60
ram:0004ec8c	ram:0004ebc6	FUN_ram_0004ebc6
ram:0004ec8c	ram:0004eb02	FUN_ram_0004eb02
ram:0004ec8c	ram:0004e9c0	FUN_ram_0004e9c0
ram:0004ed8c	ram:00041c74	tmos_msg_allocate
ram:0004ed8c	ram:0005255a	thunk_FUN_ram_0006531e
ram:0004ed8c	ram:0004ec8c	FUN_ram_0004ec8c
ram:0004ed8c	ram:00041d24	tmos_msg_send
ram:0004ed8c	ram:200001dc	tmos_memcpy
ram:0004ed8c	ram:0004e694	FUN_ram_0004e694
ram:0004ed8c	ram:0004e132	FUN_ram_0004e132
ram:0004ed8c	ram:20000104	FUN_ram_20000104
ram:0004eef8	ram:000440ba	FUN_ram_000440ba
ram:0004eef8	ram:0005132e	FUN_ram_0005132e
ram:0004eef8	ram:200001dc	tmos_memcpy
ram:0004ef4c	ram:20000040	FUN_ram_20000040
ram:0004ef4c	ram:000443cc	FUN_ram_000443cc
ram:0004ef4c	ram:00051598	FUN_ram_00051598
ram:0004ef4c	ram:000443d6	FUN_ram_000443d6
ram:0004ef4c	ram:20000298	FUN_ram_20000298
ram:0004ef4c	ram:000443e2	FUN_ram_000443e2
ram:0004ef4c	ram:20000104	FUN_ram_20000104
ram:0004f032	ram:000502da	FUN_ram_000502da
ram:0004f032	ram:000440ba	FUN_ram_000440ba
ram:0004f032	ram:0004e8ec	FUN_ram_0004e8ec
ram:0004f032	ram:200001dc	tmos_memcpy
ram:0004f032	ram:0004df14	FUN_ram_0004df14
ram:0004f032	ram:00050272	FUN_ram_00050272
ram:0004f118	ram:000502a6	FUN_ram_000502a6
ram:0004f118	ram:200001dc	tmos_memcpy
ram:0004f118	ram:2000026a	tmos_memcmp
ram:0004f118	ram:0004df14	FUN_ram_0004df14
ram:0004f1da	ram:0005132e	FUN_ram_0005132e
ram:0004f1da	ram:200001dc	tmos_memcpy
ram:0004f1da	ram:2000026a	tmos_memcmp
ram:0004f238	ram:20000040	FUN_ram_20000040
ram:0004f238	ram:20000214	tmos_memset
ram:0004f238	ram:00050212	FUN_ram_00050212
ram:0004f238	ram:0004e524	FUN_ram_0004e524
ram:0004f238	ram:0004df14	FUN_ram_0004df14
ram:0004f238	ram:00044c54	GAP_GetParamValue
ram:0004f2fa	ram:20000040	FUN_ram_20000040
ram:0004f2fa	ram:00044fbc	FUN_ram_00044fbc
ram:0004f2fa	ram:20000214	tmos_memset
ram:0004f2fa	ram:00051598	FUN_ram_00051598
ram:0004f2fa	ram:20000298	FUN_ram_20000298
ram:0004f2fa	ram:2000026a	tmos_memcmp
ram:0004f2fa	ram:0004df14	FUN_ram_0004df14
ram:0004f2fa	ram:20000104	FUN_ram_20000104
ram:0004f44a	ram:00041cba	tmos_msg_receive
ram:0004f44a	ram:0004e0b2	FUN_ram_0004e0b2
ram:0004f44a	ram:0004ed8c	FUN_ram_0004ed8c
ram:0004f44a	ram:0004e636	FUN_ram_0004e636
ram:0004f44a	ram:0004e5a2	FUN_ram_0004e5a2
ram:0004f44a	ram:00041d24	tmos_msg_send
ram:0004f44a	ram:00041c48	tmos_msg_deallocate
ram:0004f44a	ram:0004e354	FUN_ram_0004e354
ram:0004f5a8	ram:0004f4fe	FUN_ram_0004f4fe
ram:0004f5a8	ram:0004e0bc	linkDB_Register
ram:0004f5a8	ram:0004c80e	FUN_ram_0004c80e
ram:0004f5dc	ram:20000040	FUN_ram_20000040
ram:0004f5dc	ram:00044e62	FUN_ram_00044e62
ram:0004f5dc	ram:000502da	FUN_ram_000502da
ram:0004f5dc	ram:000440ba	FUN_ram_000440ba
ram:0004f5dc	ram:20000214	tmos_memset
ram:0004f5dc	ram:0004e8ec	FUN_ram_0004e8ec
ram:0004f5dc	ram:200001dc	tmos_memcpy
ram:0004f5dc	ram:00050272	FUN_ram_00050272
ram:0004f840	ram:20000040	FUN_ram_20000040
ram:0004f840	ram:000505e0	FUN_ram_000505e0
ram:0004f840	ram:000443cc	FUN_ram_000443cc
ram:0004f840	ram:000440ba	FUN_ram_000440ba
ram:0004f840	ram:00050588	FUN_ram_00050588
ram:0004f840	ram:20000214	tmos_memset
ram:0004f840	ram:00044398	FUN_ram_00044398
ram:0004f840	ram:000443b8	FUN_ram_000443b8
ram:0004f840	ram:0004df14	FUN_ram_0004df14
ram:0004f840	ram:000443c2	FUN_ram_000443c2
ram:0004f840	ram:00050272	FUN_ram_00050272
ram:0004f840	ram:0004e9a0	FUN_ram_0004e9a0
ram:0004f840	ram:000505d0	FUN_ram_000505d0
ram:0004f840	ram:00041eae	tmos_rand
ram:0004f840	ram:0004224c	tmos_start_task
ram:0004f840	ram:200001dc	tmos_memcpy
ram:0004f840	ram:00050598	FUN_ram_00050598
ram:0004f840	ram:00050618	FUN_ram_00050618
ram:0004faa6	ram:0004f840	FUN_ram_0004f840
ram:0004faa6	ram:0004e5a2	FUN_ram_0004e5a2
ram:0004fb2e	ram:20000040	FUN_ram_20000040
ram:0004fb2e	ram:00042138	tmos_set_event
ram:0004fb2e	ram:0004e8b0	FUN_ram_0004e8b0
ram:0004fb2e	ram:0004472c	FUN_ram_0004472c
ram:0004fb2e	ram:2000026a	tmos_memcmp
ram:0004fb2e	ram:0004e9a0	FUN_ram_0004e9a0
ram:0004fb2e	ram:0004faa6	FUN_ram_0004faa6
ram:0004fb2e	ram:00044ef0	FUN_ram_00044ef0
ram:0004fb2e	ram:0005033c	FUN_ram_0005033c
ram:0004fb2e	ram:000502a6	FUN_ram_000502a6
ram:0004fb2e	ram:0004e5a2	FUN_ram_0004e5a2
ram:0004fb2e	ram:0004f5d2	FUN_ram_0004f5d2
ram:0004fb2e	ram:0004e8ec	FUN_ram_0004e8ec
ram:0004fb2e	ram:200001dc	tmos_memcpy
ram:0004fb2e	ram:00051502	FUN_ram_00051502
ram:0004fffa	ram:0004ff34	FUN_ram_0004ff34
ram:00050004	ram:0004ff34	FUN_ram_0004ff34
ram:00050212	ram:0004e78a	FUN_ram_0004e78a
ram:00050212	ram:0004e85c	FUN_ram_0004e85c
ram:00050242	ram:0004e78a	FUN_ram_0004e78a
ram:00050242	ram:0004e85c	FUN_ram_0004e85c
ram:00050272	ram:0004e78a	FUN_ram_0004e78a
ram:00050272	ram:200001dc	tmos_memcpy
ram:000502a6	ram:0004e78a	FUN_ram_0004e78a
ram:000502a6	ram:200001dc	tmos_memcpy
ram:000502da	ram:0004e78a	FUN_ram_0004e78a
ram:000502da	ram:200001dc	tmos_memcpy
ram:0005033c	ram:20000040	FUN_ram_20000040
ram:0005033c	ram:0004e78a	FUN_ram_0004e78a
ram:0005033c	ram:20000214	tmos_memset
ram:0005033c	ram:00044398	FUN_ram_00044398
ram:0005033c	ram:000443b8	FUN_ram_000443b8
ram:0005033c	ram:2000026a	tmos_memcmp
ram:0005033c	ram:0004df14	FUN_ram_0004df14
ram:0005033c	ram:0004e9a0	FUN_ram_0004e9a0
ram:00050588	ram:0004e78a	FUN_ram_0004e78a
ram:00050598	ram:0004e78a	FUN_ram_0004e78a
ram:00050598	ram:200001dc	tmos_memcpy
ram:000505d0	ram:0004e78a	FUN_ram_0004e78a
ram:000505e0	ram:0004e78a	FUN_ram_0004e78a
ram:000505e0	ram:200001dc	tmos_memcpy
ram:00050618	ram:0004e78a	FUN_ram_0004e78a
ram:00050628	ram:20000040	FUN_ram_20000040
ram:00050628	ram:000505e0	FUN_ram_000505e0
ram:00050628	ram:000443cc	FUN_ram_000443cc
ram:00050628	ram:000440ba	FUN_ram_000440ba
ram:00050628	ram:00050588	FUN_ram_00050588
ram:00050628	ram:20000214	tmos_memset
ram:00050628	ram:00044398	FUN_ram_00044398
ram:00050628	ram:00061b44	LL_Encrypt
ram:00050628	ram:000443b8	FUN_ram_000443b8
ram:00050628	ram:0004df14	FUN_ram_0004df14
ram:00050628	ram:000443c2	FUN_ram_000443c2
ram:00050628	ram:00050272	FUN_ram_00050272
ram:00050628	ram:0004e9a0	FUN_ram_0004e9a0
ram:00050628	ram:000505d0	FUN_ram_000505d0
ram:00050628	ram:00041eae	tmos_rand
ram:00050628	ram:0004224c	tmos_start_task
ram:00050628	ram:200001dc	tmos_memcpy
ram:00050628	ram:00050598	FUN_ram_00050598
ram:00050628	ram:00050618	FUN_ram_00050618
ram:00050910	ram:00052572	thunk_FUN_ram_0006538a
ram:00050910	ram:20000214	tmos_memset
ram:00050910	ram:00061b44	LL_Encrypt
ram:00050910	ram:00052512	thunk_FUN_ram_00065e24
ram:00050910	ram:0005256e	thunk_FUN_ram_0006535a
ram:00050910	ram:00051502	FUN_ram_00051502
ram:00050910	ram:200001dc	tmos_memcpy
ram:00050910	ram:2000026a	tmos_memcmp
ram:00050910	ram:0004df14	FUN_ram_0004df14
ram:00050ac4	ram:20000040	FUN_ram_20000040
ram:00050ac4	ram:00044e62	FUN_ram_00044e62
ram:00050ac4	ram:00042138	tmos_set_event
ram:00050ac4	ram:0004e8b0	FUN_ram_0004e8b0
ram:00050ac4	ram:000502da	FUN_ram_000502da
ram:00050ac4	ram:000440ba	FUN_ram_000440ba
ram:00050ac4	ram:20000214	tmos_memset
ram:00050ac4	ram:00044696	FUN_ram_00044696
ram:00050ac4	ram:2000026a	tmos_memcmp
ram:00050ac4	ram:00050272	FUN_ram_00050272
ram:00050ac4	ram:0004e9a0	FUN_ram_0004e9a0
ram:00050ac4	ram:0004224c	tmos_start_task
ram:00050ac4	ram:00044ef0	FUN_ram_00044ef0
ram:00050ac4	ram:0005033c	FUN_ram_0005033c
ram:00050ac4	ram:000502a6	FUN_ram_000502a6
ram:00050ac4	ram:0004e5a2	FUN_ram_0004e5a2
ram:00050ac4	ram:0004e8ec	FUN_ram_0004e8ec
ram:00050ac4	ram:200001dc	tmos_memcpy
ram:00050ac4	ram:00050242	FUN_ram_00050242
ram:00050ac4	ram:20000104	FUN_ram_20000104
ram:00051236	ram:20000040	FUN_ram_20000040
ram:00051236	ram:000511d0	FUN_ram_000511d0
ram:00051236	ram:20000214	tmos_memset
ram:00051236	ram:000511a8	FUN_ram_000511a8
ram:00051236	ram:00061b44	LL_Encrypt
ram:00051236	ram:20000104	FUN_ram_20000104
ram:0005132e	ram:20000040	FUN_ram_20000040
ram:0005132e	ram:20000214	tmos_memset
ram:0005132e	ram:00061b44	LL_Encrypt
ram:0005132e	ram:20000298	FUN_ram_20000298
ram:0005132e	ram:20000104	FUN_ram_20000104
ram:000513be	ram:20000040	FUN_ram_20000040
ram:000513be	ram:20000214	tmos_memset
ram:000513be	ram:00061b44	LL_Encrypt
ram:000513be	ram:200001dc	tmos_memcpy
ram:000513be	ram:20000298	FUN_ram_20000298
ram:000513be	ram:0005130a	FUN_ram_0005130a
ram:000513be	ram:20000104	FUN_ram_20000104
ram:00051502	ram:20000040	FUN_ram_20000040
ram:00051502	ram:00061b44	LL_Encrypt
ram:00051502	ram:20000298	FUN_ram_20000298
ram:00051502	ram:20000104	FUN_ram_20000104
ram:00051598	ram:20000040	FUN_ram_20000040
ram:00051598	ram:000511a8	FUN_ram_000511a8
ram:00051598	ram:20000214	tmos_memset
ram:00051598	ram:00061b44	LL_Encrypt
ram:00051598	ram:200001dc	tmos_memcpy
ram:00051598	ram:00051236	FUN_ram_00051236
ram:00051598	ram:000511fe	FUN_ram_000511fe
ram:00051598	ram:20000104	FUN_ram_20000104
ram:0005170a	ram:00041c74	tmos_msg_allocate
ram:0005170a	ram:20000214	tmos_memset
ram:0005170a	ram:00041d24	tmos_msg_send
ram:0005170a	ram:200001dc	tmos_memcpy
ram:000517d4	ram:00041c74	tmos_msg_allocate
ram:000517d4	ram:00041d24	tmos_msg_send
ram:000517d4	ram:200001dc	tmos_memcpy
ram:0005186c	ram:00041c74	tmos_msg_allocate
ram:0005186c	ram:00041d24	tmos_msg_send
ram:000518cc	ram:00041c74	tmos_msg_allocate
ram:000518cc	ram:00041d24	tmos_msg_send
ram:000518cc	ram:200001dc	tmos_memcpy
ram:00051932	ram:00041c74	tmos_msg_allocate
ram:00051932	ram:00041d24	tmos_msg_send
ram:00051932	ram:200001dc	tmos_memcpy
ram:00051996	ram:00041c74	tmos_msg_allocate
ram:00051996	ram:00041d24	tmos_msg_send
ram:000519f6	ram:0004df14	FUN_ram_0004df14
ram:000519f6	ram:0004de08	FUN_ram_0004de08
ram:00051a38	ram:00041c74	tmos_msg_allocate
ram:00051a38	ram:00041d24	tmos_msg_send
ram:00051a98	ram:00041c74	tmos_msg_allocate
ram:00051a98	ram:20000214	tmos_memset
ram:00051a98	ram:00041d24	tmos_msg_send
ram:00051a98	ram:200001dc	tmos_memcpy
ram:00051bc0	ram:00041c74	tmos_msg_allocate
ram:00051bc0	ram:00041d24	tmos_msg_send
ram:00051bc0	ram:200001dc	tmos_memcpy
ram:00051c7a	ram:00041c74	tmos_msg_allocate
ram:00051c7a	ram:00041d24	tmos_msg_send
ram:00051cd2	ram:00041c74	tmos_msg_allocate
ram:00051cd2	ram:00041d24	tmos_msg_send
ram:00051cd2	ram:200001dc	tmos_memcpy
ram:00051dce	ram:00041c74	tmos_msg_allocate
ram:00051dce	ram:00041d24	tmos_msg_send
ram:00051dce	ram:200001dc	tmos_memcpy
ram:00051e6a	ram:00041c74	tmos_msg_allocate
ram:00051e6a	ram:00041d24	tmos_msg_send
ram:00051e6a	ram:200001dc	tmos_memcpy
ram:00051f28	ram:00041c74	tmos_msg_allocate
ram:00051f28	ram:00041d24	tmos_msg_send
ram:00051f68	ram:00041c74	tmos_msg_allocate
ram:00051f68	ram:00041d24	tmos_msg_send
ram:00051fa2	ram:00041c74	tmos_msg_allocate
ram:00051fa2	ram:00041d24	tmos_msg_send
ram:00051ffa	ram:00041c74	tmos_msg_allocate
ram:00051ffa	ram:00041d24	tmos_msg_send
ram:00051ffa	ram:200001dc	tmos_memcpy
ram:00052066	ram:00041c74	tmos_msg_allocate
ram:00052066	ram:00041d24	tmos_msg_send
ram:000520ae	ram:00041c74	tmos_msg_allocate
ram:000520ae	ram:00041d24	tmos_msg_send
ram:000520f6	ram:00041c74	tmos_msg_allocate
ram:000520f6	ram:00041d24	tmos_msg_send
ram:00052146	ram:00041c74	tmos_msg_allocate
ram:00052146	ram:00041d24	tmos_msg_send
ram:000521a0	ram:00041c74	tmos_msg_allocate
ram:000521a0	ram:00041d24	tmos_msg_send
ram:000521a0	ram:200001dc	tmos_memcpy
ram:00052202	ram:00041c74	tmos_msg_allocate
ram:00052202	ram:00041d24	tmos_msg_send
ram:0005224a	ram:00041c74	tmos_msg_allocate
ram:0005224a	ram:00041d24	tmos_msg_send
ram:00052288	ram:00041c74	tmos_msg_allocate
ram:00052288	ram:00041d24	tmos_msg_send
ram:000522d2	ram:00041c74	tmos_msg_allocate
ram:000522d2	ram:00041d24	tmos_msg_send
ram:00052316	ram:200001fc	FUN_ram_200001fc
ram:00052316	ram:20000040	FUN_ram_20000040
ram:00052316	ram:00041c74	tmos_msg_allocate
ram:00052316	ram:00041d24	tmos_msg_send
ram:00052316	ram:200001dc	tmos_memcpy
ram:00052316	ram:20000104	FUN_ram_20000104
ram:00052522	ram:00065148	FUN_ram_00065148
ram:0005253e	ram:0006522a	FUN_ram_0006522a
ram:00052546	ram:00065272	FUN_ram_00065272
ram:00052552	ram:000652dc	FUN_ram_000652dc
ram:0005255e	ram:00065342	FUN_ram_00065342
ram:00052596	ram:000657ea	FUN_ram_000657ea
ram:000525c4	ram:0006583e	FUN_ram_0006583e
ram:000525c8	ram:00065864	FUN_ram_00065864
ram:000525d8	ram:000658fc	FUN_ram_000658fc
ram:00052600	ram:0006808c	FUN_ram_0006808c
ram:00052600	ram:0006814e	FUN_ram_0006814e
ram:000526d0	ram:00065aec	FUN_ram_00065aec
ram:000526d0	ram:00041cba	tmos_msg_receive
ram:000526d0	ram:0005d458	FUN_ram_0005d458
ram:000526d0	ram:00041c48	tmos_msg_deallocate
ram:000527d8	ram:0005594e	LL_ConnectEventRegister
ram:000527d8	ram:000626ac	FUN_ram_000626ac
ram:000527d8	ram:0006194a	FUN_ram_0006194a
ram:000527d8	ram:000428a6	FUN_ram_000428a6
ram:000527d8	ram:20000214	tmos_memset
ram:000527d8	ram:00057e02	FUN_ram_00057e02
ram:000527d8	ram:000558da	LL_AdvertiseEventRegister
ram:000527d8	ram:0005d99a	FUN_ram_0005d99a
ram:000529ae	ram:00042934	FUN_ram_00042934
ram:000529ae	ram:00061b44	LL_Encrypt
ram:00052a4a	ram:00042934	FUN_ram_00042934
ram:00052a4a	ram:00042910	FUN_ram_00042910
ram:00052a4a	ram:200001dc	tmos_memcpy
ram:00052b5e	ram:20000040	FUN_ram_20000040
ram:00052b5e	ram:00061d68	FUN_ram_00061d68
ram:00052b5e	ram:20000214	tmos_memset
ram:00052c2a	ram:200011be	FUN_ram_200011be
ram:00052c2a	ram:0006219c	FUN_ram_0006219c
ram:00052c2a	ram:000428ec	FUN_ram_000428ec
ram:00052c2a	ram:200001dc	tmos_memcpy
ram:00052c2a	ram:00042570	FUN_ram_00042570
ram:00052c2a	ram:00062148	FUN_ram_00062148
ram:0005301a	ram:200011be	FUN_ram_200011be
ram:0005301a	ram:200001dc	tmos_memcpy
ram:0005322c	ram:0004201e	FUN_ram_0004201e
ram:0005322c	ram:00052c2a	FUN_ram_00052c2a
ram:0005322c	ram:00057e16	FUN_ram_00057e16
ram:0005322c	ram:0006bae2	FUN_ram_0006bae2
ram:0005322c	ram:00062262	FUN_ram_00062262
ram:0005322c	ram:0005301a	FUN_ram_0005301a
ram:000534a8	ram:200001dc	tmos_memcpy
ram:00053524	ram:00057ba2	FUN_ram_00057ba2
ram:00053524	ram:0005d5f6	FUN_ram_0005d5f6
ram:00053524	ram:200001dc	tmos_memcpy
ram:00053524	ram:00057d86	FUN_ram_00057d86
ram:00053524	ram:00062262	FUN_ram_00062262
ram:000536fe	ram:20000d70	FUN_ram_20000d70
ram:000536fe	ram:200001dc	tmos_memcpy
ram:000536fe	ram:2000026a	tmos_memcmp
ram:000536fe	ram:0005d6c6	FUN_ram_0005d6c6
ram:000536fe	ram:20000c50	FUN_ram_20000c50
ram:00053848	ram:000424ee	tmos_get_task_timer
ram:00053894	ram:00053848	FUN_ram_00053848
ram:00053894	ram:00042138	tmos_set_event
ram:000538d8	ram:00061f0a	FUN_ram_00061f0a
ram:000538d8	ram:200011be	FUN_ram_200011be
ram:000538d8	ram:200001dc	tmos_memcpy
ram:000538d8	ram:000536fe	FUN_ram_000536fe
ram:000538d8	ram:2000026a	tmos_memcmp
ram:000538d8	ram:00062262	FUN_ram_00062262
ram:00053b6e	ram:00061f0a	FUN_ram_00061f0a
ram:00053b6e	ram:200011be	FUN_ram_200011be
ram:00053b6e	ram:200001dc	tmos_memcpy
ram:00053b6e	ram:000536fe	FUN_ram_000536fe
ram:00053b6e	ram:2000026a	tmos_memcmp
ram:00053b6e	ram:00062262	FUN_ram_00062262
ram:00053cca	ram:200011be	FUN_ram_200011be
ram:00053cca	ram:200001dc	tmos_memcpy
ram:00053cca	ram:00042570	FUN_ram_00042570
ram:00053ed0	ram:200011be	FUN_ram_200011be
ram:00053ed0	ram:20000214	tmos_memset
ram:00053ed0	ram:200001dc	tmos_memcpy
ram:00053ed0	ram:0006bae2	FUN_ram_0006bae2
ram:00053ed0	ram:00042570	FUN_ram_00042570
ram:0005480a	ram:200011be	FUN_ram_200011be
ram:0005480a	ram:0006219c	FUN_ram_0006219c
ram:0005480a	ram:200001dc	tmos_memcpy
ram:0005480a	ram:00042570	FUN_ram_00042570
ram:00054dfe	ram:0005d732	FUN_ram_0005d732
ram:00054dfe	ram:20000c00	FUN_ram_20000c00
ram:00054dfe	ram:00042138	tmos_set_event
ram:00054dfe	ram:00054de4	FUN_ram_00054de4
ram:00054dfe	ram:00042362	FUN_ram_00042362
ram:00054dfe	ram:00042494	FUN_ram_00042494
ram:00054dfe	ram:200001dc	tmos_memcpy
ram:00054dfe	ram:0006bae2	FUN_ram_0006bae2
ram:00054dfe	ram:20000c50	FUN_ram_20000c50
ram:0005501c	ram:00053848	FUN_ram_00053848
ram:0005501c	ram:00042494	FUN_ram_00042494
ram:0005501c	ram:0004244a	tmos_stop_task
ram:0005501c	ram:00062262	FUN_ram_00062262
ram:00055078	ram:00061f0a	FUN_ram_00061f0a
ram:00055078	ram:200011be	FUN_ram_200011be
ram:00055078	ram:0005501c	FUN_ram_0005501c
ram:00055078	ram:00055ed6	FUN_ram_00055ed6
ram:00055078	ram:00053524	FUN_ram_00053524
ram:00055078	ram:200001dc	tmos_memcpy
ram:00055078	ram:000536fe	FUN_ram_000536fe
ram:00055078	ram:2000026a	tmos_memcmp
ram:00055078	ram:00062262	FUN_ram_00062262
ram:00055078	ram:000534a8	FUN_ram_000534a8
ram:00055184	ram:000538d8	FUN_ram_000538d8
ram:00055184	ram:00055078	FUN_ram_00055078
ram:00055184	ram:00062030	FUN_ram_00062030
ram:00055184	ram:20001120	FUN_ram_20001120
ram:00055184	ram:000682fa	thunk_FUN_ram_00051ffa
ram:00055184	ram:0005322c	FUN_ram_0005322c
ram:00055184	ram:0005501c	FUN_ram_0005501c
ram:00055184	ram:0005480a	FUN_ram_0005480a
ram:00055184	ram:00055ed6	FUN_ram_00055ed6
ram:00055184	ram:00053524	FUN_ram_00053524
ram:00055184	ram:00053894	FUN_ram_00053894
ram:00055184	ram:00062262	FUN_ram_00062262
ram:00055184	ram:00053848	FUN_ram_00053848
ram:00055184	ram:00053ed0	FUN_ram_00053ed0
ram:00055184	ram:200011be	FUN_ram_200011be
ram:00055184	ram:00053cca	FUN_ram_00053cca
ram:00055184	ram:200001dc	tmos_memcpy
ram:00055184	ram:00053b6e	FUN_ram_00053b6e
ram:000555fe	ram:0004224c	tmos_start_task
ram:000555fe	ram:000682f6	thunk_FUN_ram_00051fa2
ram:000555fe	ram:00042954	FUN_ram_00042954
ram:000555fe	ram:0005501c	FUN_ram_0005501c
ram:000555fe	ram:0005480a	FUN_ram_0005480a
ram:000555fe	ram:000428ec	FUN_ram_000428ec
ram:000555fe	ram:200001dc	tmos_memcpy
ram:000555fe	ram:00041eae	tmos_rand
ram:00055846	ram:000682aa	FUN_ram_000682aa
ram:00055846	ram:000682f6	thunk_FUN_ram_00051fa2
ram:00055846	ram:0005501c	FUN_ram_0005501c
ram:00055846	ram:00068284	FUN_ram_00068284
ram:000558e4	ram:000527d8	FUN_ram_000527d8
ram:000558e4	ram:000426a0	TMOS_ProcessEventRegister
ram:00055976	ram:00042362	FUN_ram_00042362
ram:00055976	ram:00042494	FUN_ram_00042494
ram:000559cc	ram:00042362	FUN_ram_00042362
ram:000559cc	ram:00042494	FUN_ram_00042494
ram:00055a08	ram:00042362	FUN_ram_00042362
ram:00055a08	ram:00042494	FUN_ram_00042494
ram:00055b56	ram:00055afc	FUN_ram_00055afc
ram:00055ca8	ram:00055afc	FUN_ram_00055afc
ram:00055ef4	ram:000428ec	FUN_ram_000428ec
ram:00055ef4	ram:0006bae2	FUN_ram_0006bae2
ram:00055fb6	ram:0006bae2	FUN_ram_0006bae2
ram:00056062	ram:0006bae2	FUN_ram_0006bae2
ram:000561de	ram:20000214	tmos_memset
ram:000561de	ram:0005d5f6	FUN_ram_0005d5f6
ram:000562d4	ram:00055ef4	FUN_ram_00055ef4
ram:000562d4	ram:0005d5f6	FUN_ram_0005d5f6
ram:0005649a	ram:0005d5f6	FUN_ram_0005d5f6
ram:0005649a	ram:0006bae2	FUN_ram_0006bae2
ram:0005667a	ram:0006bae2	FUN_ram_0006bae2
ram:00056856	ram:00057ba2	FUN_ram_00057ba2
ram:00056878	ram:0006bae2	FUN_ram_0006bae2
ram:00056968	ram:0005d5f6	FUN_ram_0005d5f6
ram:00056968	ram:00042570	FUN_ram_00042570
ram:000569f0	ram:00055ca8	FUN_ram_00055ca8
ram:000569f0	ram:00055fb6	FUN_ram_00055fb6
ram:000569f0	ram:00056968	FUN_ram_00056968
ram:000569f0	ram:00042194	FUN_ram_00042194
ram:000569f0	ram:200001dc	tmos_memcpy
ram:000569f0	ram:000582da	FUN_ram_000582da
ram:00056dec	ram:00042866	FUN_ram_00042866
ram:00056dec	ram:000561de	FUN_ram_000561de
ram:00056dec	ram:00042194	FUN_ram_00042194
ram:00056dec	ram:00055976	FUN_ram_00055976
ram:00056dec	ram:00061dd4	FUN_ram_00061dd4
ram:00056dec	ram:00042494	FUN_ram_00042494
ram:00056dec	ram:000562d4	FUN_ram_000562d4
ram:00056dec	ram:0005d5f6	FUN_ram_0005d5f6
ram:00056dec	ram:200012e0	FUN_ram_200012e0
ram:00056dec	ram:000582da	FUN_ram_000582da
ram:00056dec	ram:00055afc	FUN_ram_00055afc
ram:00056dec	ram:00055d70	FUN_ram_00055d70
ram:00056dec	ram:00056968	FUN_ram_00056968
ram:00056dec	ram:000559cc	FUN_ram_000559cc
ram:00056dec	ram:0006bab6	FUN_ram_0006bab6
ram:00056dec	ram:200001dc	tmos_memcpy
ram:00057aca	ram:00042494	FUN_ram_00042494
ram:00057aca	ram:00057d86	FUN_ram_00057d86
ram:00057aca	ram:20000104	FUN_ram_20000104
ram:00057bf0	ram:20000040	FUN_ram_20000040
ram:00057c90	ram:20000040	FUN_ram_20000040
ram:00057c90	ram:20000214	tmos_memset
ram:00057c90	ram:00057bf0	FUN_ram_00057bf0
ram:00057c90	ram:20000104	FUN_ram_20000104
ram:00057d50	ram:20000104	FUN_ram_20000104
ram:00057d86	ram:00057d50	FUN_ram_00057d50
ram:00057d86	ram:20000104	FUN_ram_20000104
ram:00057e02	ram:20000214	tmos_memset
ram:00057e16	ram:0006ba8a	FUN_ram_0006ba8a
ram:00058078	ram:0006ba8a	FUN_ram_0006ba8a
ram:00058334	ram:0006ba8a	FUN_ram_0006ba8a
ram:00058388	ram:20000040	FUN_ram_20000040
ram:00058388	ram:20000214	tmos_memset
ram:00058388	ram:00042570	FUN_ram_00042570
ram:0005841a	ram:00042934	FUN_ram_00042934
ram:0005841a	ram:20000c00	FUN_ram_20000c00
ram:0005841a	ram:00042138	tmos_set_event
ram:0005841a	ram:000428ec	FUN_ram_000428ec
ram:0005841a	ram:200001dc	tmos_memcpy
ram:0005841a	ram:000423f6	tmos_start_reload_task
ram:0005841a	ram:000624fc	BLE_AccessAddressGenerate
ram:0005856c	ram:00042954	FUN_ram_00042954
ram:0005856c	ram:0004244a	tmos_stop_task
ram:0005856c	ram:00062262	FUN_ram_00062262
ram:000585c6	ram:00062030	FUN_ram_00062030
ram:00058710	ram:0005856c	FUN_ram_0005856c
ram:00058710	ram:000585c6	FUN_ram_000585c6
ram:00058710	ram:000423f6	tmos_start_reload_task
ram:000588dc	ram:00062030	FUN_ram_00062030
ram:00058a3a	ram:00061f0a	FUN_ram_00061f0a
ram:00058a3a	ram:200001dc	tmos_memcpy
ram:00058d50	ram:0004244a	tmos_stop_task
ram:00058d92	ram:00058d50	FUN_ram_00058d50
ram:00058d92	ram:00057ba2	FUN_ram_00057ba2
ram:00058d92	ram:0005a804	FUN_ram_0005a804
ram:00058d92	ram:0005d5f6	FUN_ram_0005d5f6
ram:00058d92	ram:200001dc	tmos_memcpy
ram:00058d92	ram:0005a6ea	FUN_ram_0005a6ea
ram:00058ee0	ram:20000d70	FUN_ram_20000d70
ram:00058ee0	ram:200001dc	tmos_memcpy
ram:00058ee0	ram:2000026a	tmos_memcmp
ram:00058ee0	ram:0005d6c6	FUN_ram_0005d6c6
ram:00059074	ram:00058a3a	FUN_ram_00058a3a
ram:00059074	ram:200010ec	FUN_ram_200010ec
ram:000590b8	ram:00059074	FUN_ram_00059074
ram:000590b8	ram:20001120	FUN_ram_20001120
ram:000590b8	ram:200001dc	tmos_memcpy
ram:000590b8	ram:00058ee0	FUN_ram_00058ee0
ram:000590b8	ram:00062262	FUN_ram_00062262
ram:000591f8	ram:20001120	FUN_ram_20001120
ram:000591f8	ram:00058d92	FUN_ram_00058d92
ram:000591f8	ram:200001dc	tmos_memcpy
ram:000591f8	ram:00058ee0	FUN_ram_00058ee0
ram:000592d2	ram:000588dc	FUN_ram_000588dc
ram:000592d2	ram:00059074	FUN_ram_00059074
ram:000592d2	ram:000590b8	FUN_ram_000590b8
ram:000592d2	ram:00042362	FUN_ram_00042362
ram:000592d2	ram:20001120	FUN_ram_20001120
ram:000592d2	ram:200001dc	tmos_memcpy
ram:000592d2	ram:00058ee0	FUN_ram_00058ee0
ram:000592d2	ram:00062262	FUN_ram_00062262
ram:000592d2	ram:200010ec	FUN_ram_200010ec
ram:000595ba	ram:000585c6	FUN_ram_000585c6
ram:000595ba	ram:000592d2	FUN_ram_000592d2
ram:000595ba	ram:000591f8	FUN_ram_000591f8
ram:000595ba	ram:000590b8	FUN_ram_000590b8
ram:000595ba	ram:00058d92	FUN_ram_00058d92
ram:000595ba	ram:00062262	FUN_ram_00062262
ram:000595ba	ram:200010ec	FUN_ram_200010ec
ram:000597c8	ram:00058d50	FUN_ram_00058d50
ram:000597c8	ram:00042494	FUN_ram_00042494
ram:000597c8	ram:0005d5f6	FUN_ram_0005d5f6
ram:000597c8	ram:00062262	FUN_ram_00062262
ram:00059856	ram:00061e3a	FUN_ram_00061e3a
ram:00059856	ram:200012e0	FUN_ram_200012e0
ram:00059856	ram:0006bab6	FUN_ram_0006bab6
ram:00059856	ram:000582da	FUN_ram_000582da
ram:00059856	ram:200001dc	tmos_memcpy
ram:00059856	ram:0006ba8a	FUN_ram_0006ba8a
ram:00059986	ram:0005b374	FUN_ram_0005b374
ram:00059986	ram:0005aca6	FUN_ram_0005aca6
ram:00059986	ram:0005ac30	FUN_ram_0005ac30
ram:00059986	ram:0005aed8	FUN_ram_0005aed8
ram:00059986	ram:0005b124	FUN_ram_0005b124
ram:00059986	ram:0005afca	FUN_ram_0005afca
ram:00059986	ram:0005aae2	FUN_ram_0005aae2
ram:00059986	ram:0005b284	FUN_ram_0005b284
ram:00059986	ram:0005adbc	FUN_ram_0005adbc
ram:00059986	ram:0005b0a2	FUN_ram_0005b0a2
ram:00059986	ram:0005b1c6	FUN_ram_0005b1c6
ram:00059986	ram:0005ada2	FUN_ram_0005ada2
ram:00059986	ram:0005ac0e	FUN_ram_0005ac0e
ram:00059986	ram:0005b5e4	FUN_ram_0005b5e4
ram:00059986	ram:0005ad74	FUN_ram_0005ad74
ram:00059986	ram:0005b18e	FUN_ram_0005b18e
ram:00059986	ram:0005b2d4	FUN_ram_0005b2d4
ram:00059986	ram:0005abba	FUN_ram_0005abba
ram:00059986	ram:0005aff2	FUN_ram_0005aff2
ram:00059986	ram:0005cde4	FUN_ram_0005cde4
ram:00059986	ram:0005ac84	FUN_ram_0005ac84
ram:00059986	ram:0005ac56	FUN_ram_0005ac56
ram:00059986	ram:0005b70c	FUN_ram_0005b70c
ram:00059986	ram:0005ad24	FUN_ram_0005ad24
ram:00059986	ram:20000628	FUN_ram_20000628
ram:00059986	ram:0005c4a0	FUN_ram_0005c4a0
ram:00059986	ram:0005ad4a	FUN_ram_0005ad4a
ram:00059986	ram:0005c572	FUN_ram_0005c572
ram:00059986	ram:200001dc	tmos_memcpy
ram:00059ee2	ram:00056dec	FUN_ram_00056dec
ram:00059ee2	ram:200011be	FUN_ram_200011be
ram:00059ee2	ram:00062030	FUN_ram_00062030
ram:00059ee2	ram:00042954	FUN_ram_00042954
ram:00059ee2	ram:00042494	FUN_ram_00042494
ram:00059ee2	ram:00059856	FUN_ram_00059856
ram:00059ee2	ram:20000750	FUN_ram_20000750
ram:00059ee2	ram:20000104	FUN_ram_20000104
ram:00059ee2	ram:20001120	FUN_ram_20001120
ram:00059ee2	ram:00061b68	FUN_ram_00061b68
ram:00059ee2	ram:00062262	FUN_ram_00062262
ram:00059ee2	ram:00055dde	FUN_ram_00055dde
ram:00059ee2	ram:00055e06	FUN_ram_00055e06
ram:00059ee2	ram:00068280	thunk_FUN_ram_00052316
ram:00059ee2	ram:00055d9e	FUN_ram_00055d9e
ram:00059ee2	ram:00056878	FUN_ram_00056878
ram:00059ee2	ram:00056968	FUN_ram_00056968
ram:00059ee2	ram:00055e2e	FUN_ram_00055e2e
ram:00059ee2	ram:00061f0a	FUN_ram_00061f0a
ram:00059ee2	ram:00061bec	FUN_ram_00061bec
ram:00059ee2	ram:00059986	FUN_ram_00059986
ram:00059ee2	ram:2000082c	FUN_ram_2000082c
ram:00059ee2	ram:00055e7e	FUN_ram_00055e7e
ram:0005a6ea	ram:00055d70	FUN_ram_00055d70
ram:0005a6ea	ram:00058334	FUN_ram_00058334
ram:0005a6ea	ram:00056062	FUN_ram_00056062
ram:0005a6ea	ram:00055a08	FUN_ram_00055a08
ram:0005a6ea	ram:00055a44	FUN_ram_00055a44
ram:0005a6ea	ram:00042570	FUN_ram_00042570
ram:0005a7de	ram:00056856	LL_GetNumberOfUnAckPacket
ram:0005a7de	ram:00057ba2	FUN_ram_00057ba2
ram:0005a804	ram:20000040	FUN_ram_20000040
ram:0005a804	ram:00057c90	FUN_ram_00057c90
ram:0005a804	ram:00057ba2	FUN_ram_00057ba2
ram:0005a804	ram:00061d68	FUN_ram_00061d68
ram:0005a804	ram:00057d86	FUN_ram_00057d86
ram:0005a804	ram:00055dd2	FUN_ram_00055dd2
ram:0005a9b4	ram:00059844	FUN_ram_00059844
ram:0005a9b4	ram:000604ba	FUN_ram_000604ba
ram:0005b1c6	ram:200001dc	tmos_memcpy
ram:0005b22c	ram:200001dc	tmos_memcpy
ram:0005b284	ram:200001dc	tmos_memcpy
ram:0005b2d4	ram:200001dc	tmos_memcpy
ram:0005b324	ram:200001dc	tmos_memcpy
ram:0005b374	ram:200001dc	tmos_memcpy
ram:0005b41e	ram:200001dc	tmos_memcpy
ram:0005b4bc	ram:200001dc	tmos_memcpy
ram:0005b4ec	ram:200001dc	tmos_memcpy
ram:0005b5e4	ram:200001dc	tmos_memcpy
ram:0005b5e4	ram:00041eae	tmos_rand
ram:0005b70c	ram:00062148	FUN_ram_00062148
ram:0005b75e	ram:00055b56	FUN_ram_00055b56
ram:0005c760	ram:0005b4ec	FUN_ram_0005b4ec
ram:0005c84c	ram:200001dc	tmos_memcpy
ram:0005c8dc	ram:200001dc	tmos_memcpy
ram:0005ce04	ram:00057ba2	FUN_ram_00057ba2
ram:0005ce1c	ram:00057ba2	FUN_ram_00057ba2
ram:0005ce1c	ram:000682a2	thunk_FUN_ram_000519f6
ram:0005ce4a	ram:00068284	FUN_ram_00068284
ram:0005ce4a	ram:00057ba2	FUN_ram_00057ba2
ram:0005cede	ram:00068304	FUN_ram_00068304
ram:0005cede	ram:00057ba2	FUN_ram_00057ba2
ram:0005cf68	ram:00068302	FUN_ram_00068302
ram:0005cf68	ram:00057ba2	FUN_ram_00057ba2
ram:0005cfd2	ram:00057ba2	FUN_ram_00057ba2
ram:0005cfd2	ram:000682fe	thunk_FUN_ram_00052066
ram:0005d02c	ram:000682f2	thunk_FUN_ram_00051f68
ram:0005d03c	ram:000682ee	thunk_FUN_ram_00051f28
ram:0005d08a	ram:000682c4	thunk_FUN_ram_00051c7a
ram:0005d08a	ram:00057ba2	FUN_ram_00057ba2
ram:0005d0ca	ram:200001dc	tmos_memcpy
ram:0005d0ca	ram:20000214	tmos_memset
ram:0005d0ca	ram:000682aa	FUN_ram_000682aa
ram:0005d0ca	ram:00057ba2	FUN_ram_00057ba2
ram:0005d250	ram:00057ba2	FUN_ram_00057ba2
ram:0005d250	ram:000682a6	thunk_FUN_ram_00051a38
ram:0005d27e	ram:00057ba2	FUN_ram_00057ba2
ram:0005d27e	ram:0006829e	thunk_FUN_ram_00051996
ram:0005d2be	ram:00057ba2	FUN_ram_00057ba2
ram:0005d2be	ram:0006829a	thunk_FUN_ram_00051932
ram:0005d2ec	ram:00068296	thunk_FUN_ram_000518cc
ram:0005d2ec	ram:00057ba2	FUN_ram_00057ba2
ram:0005d31c	ram:00068292	thunk_FUN_ram_0005186c
ram:0005d31c	ram:00057ba2	FUN_ram_00057ba2
ram:0005d354	ram:00054de4	FUN_ram_00054de4
ram:0005d354	ram:000682aa	FUN_ram_000682aa
ram:0005d354	ram:00068284	FUN_ram_00068284
ram:0005d458	ram:00068262	thunk_FUN_ram_000520f6
ram:0005d458	ram:0006827e	FUN_ram_0006827e
ram:0005d458	ram:00068272	thunk_FUN_ram_000522d2
ram:0005d458	ram:00068266	thunk_FUN_ram_00052146
ram:0005d458	ram:00068276	thunk_FUN_ram_0005224a
ram:0005d458	ram:00057ba2	FUN_ram_00057ba2
ram:0005d458	ram:0006825e	thunk_FUN_ram_000520ae
ram:0005d458	ram:00057aca	FUN_ram_00057aca
ram:0005d458	ram:0006827a	thunk_FUN_ram_00052288
ram:0005d5f6	ram:00041d24	tmos_msg_send
ram:0005d5f6	ram:00041c74	tmos_msg_allocate
ram:0005d638	ram:00068280	thunk_FUN_ram_00052316
ram:0005d638	ram:00057ba2	FUN_ram_00057ba2
ram:0005d638	ram:0005d5f6	FUN_ram_0005d5f6
ram:0005d6c6	ram:00061b44	LL_Encrypt
ram:0005d732	ram:000529ae	FUN_ram_000529ae
ram:0005d77e	ram:00042362	FUN_ram_00042362
ram:0005d790	ram:0005d77e	FUN_ram_0005d77e
ram:0005d790	ram:000529ae	FUN_ram_000529ae
ram:0005d7f0	ram:200001dc	tmos_memcpy
ram:0005d7f0	ram:2000026a	tmos_memcmp
ram:0005d7f0	ram:20000040	FUN_ram_20000040
ram:0005d7f0	ram:0005d77e	FUN_ram_0005d77e
ram:0005d7f0	ram:000529ae	FUN_ram_000529ae
ram:0005d7f0	ram:20000298	FUN_ram_20000298
ram:0005d7f0	ram:200002b4	tmos_isbufset
ram:0005d946	ram:00042494	FUN_ram_00042494
ram:0005d946	ram:20000104	FUN_ram_20000104
ram:0005d99a	ram:00052a4a	FUN_ram_00052a4a
ram:0005d9ae	ram:00042494	FUN_ram_00042494
ram:0005d9ae	ram:0005d5f6	FUN_ram_0005d5f6
ram:0005d9ec	ram:200001dc	tmos_memcpy
ram:0005d9ec	ram:20000040	FUN_ram_20000040
ram:0005d9ec	ram:00042138	tmos_set_event
ram:0005d9ec	ram:000423f6	tmos_start_reload_task
ram:0005d9ec	ram:00042362	FUN_ram_00042362
ram:0005d9ec	ram:00041b28	FUN_ram_00041b28
ram:0005d9ec	ram:00041bc6	FUN_ram_00041bc6
ram:0005db64	ram:20000214	tmos_memset
ram:0005db64	ram:20000040	FUN_ram_20000040
ram:0005db64	ram:00042570	FUN_ram_00042570
ram:0005dbe8	ram:200001dc	tmos_memcpy
ram:0005dbe8	ram:2000026a	tmos_memcmp
ram:0005dbe8	ram:20000c00	FUN_ram_20000c00
ram:0005dbe8	ram:20000c50	FUN_ram_20000c50
ram:0005dbe8	ram:20000c8e	FUN_ram_20000c8e
ram:0005dd3a	ram:20000d70	FUN_ram_20000d70
ram:0005dd6c	ram:200001dc	tmos_memcpy
ram:0005dd6c	ram:20000ccc	FUN_ram_20000ccc
ram:0005dd6c	ram:000682c0	thunk_FUN_ram_00051bc0
ram:0005dd6c	ram:0006828e	thunk_FUN_ram_000517d4
ram:0005dd6c	ram:000682c8	FUN_ram_000682c8
ram:0005df5a	ram:00042954	FUN_ram_00042954
ram:0005df5a	ram:0004244a	tmos_stop_task
ram:0005df5a	ram:00062262	FUN_ram_00062262
ram:0005dfb2	ram:200001dc	tmos_memcpy
ram:0005dfb2	ram:00061f0a	FUN_ram_00061f0a
ram:0005e0de	ram:200010ec	FUN_ram_200010ec
ram:0005e0de	ram:0005dfb2	FUN_ram_0005dfb2
ram:0005e0de	ram:0005dd6c	FUN_ram_0005dd6c
ram:0005e1a6	ram:20001120	FUN_ram_20001120
ram:0005e1a6	ram:000682c8	FUN_ram_000682c8
ram:0005e3f4	ram:200010ec	FUN_ram_200010ec
ram:0005e3f4	ram:0005e1a6	FUN_ram_0005e1a6
ram:0005e3f4	ram:00062262	FUN_ram_00062262
ram:0005e3f4	ram:000682c8	FUN_ram_000682c8
ram:0005e55c	ram:20001120	FUN_ram_20001120
ram:0005e742	ram:200001dc	tmos_memcpy
ram:0005e742	ram:200010ec	FUN_ram_200010ec
ram:0005e742	ram:000682ea	thunk_FUN_ram_00051e6a
ram:0005e742	ram:20001120	FUN_ram_20001120
ram:0005e742	ram:0005e55c	FUN_ram_0005e55c
ram:0005e742	ram:00062262	FUN_ram_00062262
ram:0005eb2c	ram:0006219c	FUN_ram_0006219c
ram:0005eb2c	ram:00062030	FUN_ram_00062030
ram:0005ef72	ram:200001dc	tmos_memcpy
ram:0005ef72	ram:000582da	FUN_ram_000582da
ram:0005ef72	ram:2000026a	tmos_memcmp
ram:0005ef72	ram:0005dbe8	FUN_ram_0005dbe8
ram:0005ef72	ram:0006bae2	FUN_ram_0006bae2
ram:0005ef72	ram:0004201e	FUN_ram_0004201e
ram:0005ef72	ram:0005dd3a	FUN_ram_0005dd3a
ram:0005ef72	ram:00042494	FUN_ram_00042494
ram:0005ef72	ram:20001120	FUN_ram_20001120
ram:0005ef72	ram:00062262	FUN_ram_00062262
ram:0005ef72	ram:0005dd6c	FUN_ram_0005dd6c
ram:0005ef72	ram:0005e0de	FUN_ram_0005e0de
ram:0005f570	ram:0005d5f6	FUN_ram_0005d5f6
ram:0005f592	ram:2000026a	tmos_memcmp
ram:0005f592	ram:20001120	FUN_ram_20001120
ram:0005f592	ram:000428ec	FUN_ram_000428ec
ram:0005f592	ram:0005dd6c	FUN_ram_0005dd6c
ram:0005f7e6	ram:00062030	FUN_ram_00062030
ram:0005f8d4	ram:0005f7e6	FUN_ram_0005f7e6
ram:0005f8d4	ram:0006219c	FUN_ram_0006219c
ram:0005f942	ram:200001dc	tmos_memcpy
ram:0005f942	ram:0005f7e6	FUN_ram_0005f7e6
ram:0005f942	ram:0005dbe8	FUN_ram_0005dbe8
ram:0005f942	ram:200010ec	FUN_ram_200010ec
ram:0005f942	ram:0005dd3a	FUN_ram_0005dd3a
ram:0005f942	ram:00042362	FUN_ram_00042362
ram:0005f942	ram:0005ef72	FUN_ram_0005ef72
ram:0005f942	ram:20001120	FUN_ram_20001120
ram:0005f942	ram:00062262	FUN_ram_00062262
ram:0005f942	ram:0005dd6c	FUN_ram_0005dd6c
ram:0005f942	ram:0005e0de	FUN_ram_0005e0de
ram:0005fdd2	ram:2000026a	tmos_memcmp
ram:0005fdd2	ram:20001120	FUN_ram_20001120
ram:0005fdd2	ram:000428ec	FUN_ram_000428ec
ram:0005fdd2	ram:0005dd6c	FUN_ram_0005dd6c
ram:0005fea2	ram:00062030	FUN_ram_00062030
ram:0005ffe6	ram:000423f6	tmos_start_reload_task
ram:0005ffe6	ram:0005fea2	FUN_ram_0005fea2
ram:0005ffe6	ram:0005df5a	FUN_ram_0005df5a
ram:00060198	ram:200010ec	FUN_ram_200010ec
ram:00060198	ram:0005e3f4	FUN_ram_0005e3f4
ram:00060198	ram:0005f942	FUN_ram_0005f942
ram:00060198	ram:0005fdd2	FUN_ram_0005fdd2
ram:00060198	ram:0005fea2	FUN_ram_0005fea2
ram:00060198	ram:0005f592	FUN_ram_0005f592
ram:00060198	ram:0005ef72	FUN_ram_0005ef72
ram:00060198	ram:000428ec	FUN_ram_000428ec
ram:00060198	ram:00062262	FUN_ram_00062262
ram:000603de	ram:00042494	FUN_ram_00042494
ram:000603de	ram:20000104	FUN_ram_20000104
ram:000603de	ram:0004244a	tmos_stop_task
ram:000603de	ram:00062262	FUN_ram_00062262
ram:0006049c	ram:000603de	FUN_ram_000603de
ram:0006049c	ram:0005d5f6	FUN_ram_0005d5f6
ram:000604ba	ram:000527d8	FUN_ram_000527d8
ram:000604ba	ram:000426a0	TMOS_ProcessEventRegister
ram:00060500	ram:20000040	FUN_ram_20000040
ram:00060500	ram:00057c90	FUN_ram_00057c90
ram:00060500	ram:00057ba2	FUN_ram_00057ba2
ram:00060500	ram:00061d68	FUN_ram_00061d68
ram:00060500	ram:00057d86	FUN_ram_00057d86
ram:00060500	ram:00055dd2	FUN_ram_00055dd2
ram:00060654	ram:0006bae2	FUN_ram_0006bae2
ram:00060654	ram:00055d70	FUN_ram_00055d70
ram:00060654	ram:00058334	FUN_ram_00058334
ram:00060654	ram:00055a08	FUN_ram_00055a08
ram:00060654	ram:00055a44	FUN_ram_00055a44
ram:00060654	ram:00042570	FUN_ram_00042570
ram:00060654	ram:00042866	FUN_ram_00042866
ram:000607a4	ram:00042954	FUN_ram_00042954
ram:000607c0	ram:0005b70c	FUN_ram_0005b70c
ram:000607c0	ram:0005c4a0	FUN_ram_0005c4a0
ram:000607c0	ram:0005ac84	FUN_ram_0005ac84
ram:000607c0	ram:0005b2d4	FUN_ram_0005b2d4
ram:000607c0	ram:0005b41e	FUN_ram_0005b41e
ram:000607c0	ram:0005c572	FUN_ram_0005c572
ram:000607c0	ram:0005ada2	FUN_ram_0005ada2
ram:000607c0	ram:0005b22c	FUN_ram_0005b22c
ram:000607c0	ram:0005aca6	FUN_ram_0005aca6
ram:000607c0	ram:0005af82	FUN_ram_0005af82
ram:000607c0	ram:0005ad4a	FUN_ram_0005ad4a
ram:000607c0	ram:0005b0a2	FUN_ram_0005b0a2
ram:000607c0	ram:200001dc	tmos_memcpy
ram:000607c0	ram:0005adbc	FUN_ram_0005adbc
ram:000607c0	ram:0005b4bc	FUN_ram_0005b4bc
ram:000607c0	ram:0005b124	FUN_ram_0005b124
ram:000607c0	ram:0005b324	FUN_ram_0005b324
ram:000607c0	ram:0005aff2	FUN_ram_0005aff2
ram:000607c0	ram:0005b374	FUN_ram_0005b374
ram:000607c0	ram:0005ad74	FUN_ram_0005ad74
ram:000607c0	ram:0005abec	FUN_ram_0005abec
ram:000607c0	ram:0005b020	FUN_ram_0005b020
ram:000607c0	ram:0005cde4	FUN_ram_0005cde4
ram:000607c0	ram:0005abba	FUN_ram_0005abba
ram:000607c0	ram:0005ad24	FUN_ram_0005ad24
ram:000607c0	ram:0005ac0e	FUN_ram_0005ac0e
ram:000607c0	ram:20000628	FUN_ram_20000628
ram:000607c0	ram:0005ae46	FUN_ram_0005ae46
ram:000607c0	ram:0005afca	FUN_ram_0005afca
ram:00060daa	ram:0006bae2	FUN_ram_0006bae2
ram:00060daa	ram:20000750	FUN_ram_20000750
ram:00060daa	ram:00061b68	FUN_ram_00061b68
ram:00060daa	ram:00062262	FUN_ram_00062262
ram:00060daa	ram:00055dde	FUN_ram_00055dde
ram:00060daa	ram:0005ac30	FUN_ram_0005ac30
ram:00060daa	ram:00055d9e	FUN_ram_00055d9e
ram:00060daa	ram:20000214	tmos_memset
ram:00060daa	ram:00056878	FUN_ram_00056878
ram:00060daa	ram:00055e2e	FUN_ram_00055e2e
ram:00060daa	ram:00055e7e	FUN_ram_00055e7e
ram:00060daa	ram:000582da	FUN_ram_000582da
ram:00060daa	ram:00056dec	FUN_ram_00056dec
ram:00060daa	ram:0006ba8a	FUN_ram_0006ba8a
ram:00060daa	ram:00062030	FUN_ram_00062030
ram:00060daa	ram:200012e0	FUN_ram_200012e0
ram:00060daa	ram:20000104	FUN_ram_20000104
ram:00060daa	ram:20001120	FUN_ram_20001120
ram:00060daa	ram:00055e06	FUN_ram_00055e06
ram:00060daa	ram:000607c0	FUN_ram_000607c0
ram:00060daa	ram:00068280	thunk_FUN_ram_00052316
ram:00060daa	ram:200010ec	FUN_ram_200010ec
ram:00060daa	ram:00056968	FUN_ram_00056968
ram:00060daa	ram:000607a4	FUN_ram_000607a4
ram:00060daa	ram:00061f0a	FUN_ram_00061f0a
ram:00060daa	ram:00061bec	FUN_ram_00061bec
ram:00060daa	ram:2000082c	FUN_ram_2000082c
ram:0006179c	ram:000558e4	FUN_ram_000558e4
ram:000617ca	ram:200001dc	tmos_memcpy
ram:000617ca	ram:2000026a	tmos_memcmp
ram:000617ca	ram:20000040	FUN_ram_20000040
ram:00061882	ram:2000026a	tmos_memcmp
ram:00061882	ram:20000104	FUN_ram_20000104
ram:00061910	ram:20000104	FUN_ram_20000104
ram:0006195c	ram:0006219c	FUN_ram_0006219c
ram:00061b44	ram:20000dbc	FUN_ram_20000dbc
ram:00061b58	ram:0006195c	FUN_ram_0006195c
ram:000621c8	ram:000585c6	FUN_ram_000585c6
ram:000621c8	ram:0005fea2	FUN_ram_0005fea2
ram:000621c8	ram:00062e22	RF_Rx
ram:000622e8	ram:00062030	FUN_ram_00062030
ram:00062394	ram:200011be	FUN_ram_200011be
ram:000624fc	ram:00042910	FUN_ram_00042910
ram:000624fc	ram:000428ec	FUN_ram_000428ec
ram:000625d4	ram:00064394	FUN_ram_00064394
ram:000625d4	ram:0006219c	FUN_ram_0006219c
ram:000625d4	ram:00063ffc	FUN_ram_00063ffc
ram:000625d4	ram:000650d8	FUN_ram_000650d8
ram:000625d4	ram:00064208	FUN_ram_00064208
ram:000625d4	ram:0006428a	FUN_ram_0006428a
ram:000625d4	ram:00061c92	FUN_ram_00061c92
ram:000625d4	ram:00062730	FUN_ram_00062730
ram:000626ac	ram:000625d4	BLE_RegInit
ram:000628b8	ram:00042570	FUN_ram_00042570
ram:000628b8	ram:00062262	FUN_ram_00062262
ram:000628d8	ram:00062030	FUN_ram_00062030
ram:000628d8	ram:200011be	FUN_ram_200011be
ram:000628d8	ram:000628b8	FUN_ram_000628b8
ram:000628d8	ram:00042138	tmos_set_event
ram:000628d8	ram:00042954	FUN_ram_00042954
ram:000628d8	ram:20001120	FUN_ram_20001120
ram:00062a48	ram:00042e10	FUN_ram_00042e10
ram:00062a48	ram:00042bb4	tmos_snv_read
ram:00062a48	ram:20000214	tmos_memset
ram:00062a48	ram:00042e5e	FUN_ram_00042e5e
ram:00062a48	ram:200002b4	tmos_isbufset
ram:00062a94	ram:200001dc	tmos_memcpy
ram:00062a94	ram:20000214	tmos_memset
ram:00062a94	ram:20000040	FUN_ram_20000040
ram:00062a94	ram:20000104	FUN_ram_20000104
ram:00062b78	ram:200001dc	tmos_memcpy
ram:00062b78	ram:0006219c	FUN_ram_0006219c
ram:00062b78	ram:20001736	FUN_ram_20001736
ram:00062b78	ram:200011be	FUN_ram_200011be
ram:00062b78	ram:00062784	FUN_ram_00062784
ram:00062b78	ram:00042570	FUN_ram_00042570
ram:00062e22	ram:200001dc	tmos_memcpy
ram:00062e22	ram:0006219c	FUN_ram_0006219c
ram:00062e22	ram:0004224c	tmos_start_task
ram:00062e22	ram:00062030	FUN_ram_00062030
ram:00062e22	ram:20000040	FUN_ram_20000040
ram:00062e22	ram:00062784	FUN_ram_00062784
ram:00062ff6	ram:200010ec	FUN_ram_200010ec
ram:00062ff6	ram:0006219c	FUN_ram_0006219c
ram:00062ff6	ram:200011be	FUN_ram_200011be
ram:00062ff6	ram:00042138	tmos_set_event
ram:00062ff6	ram:000628b8	FUN_ram_000628b8
ram:00062ff6	ram:00061f0a	FUN_ram_00061f0a
ram:00062ff6	ram:20001120	FUN_ram_20001120
ram:00062ff6	ram:00062e22	RF_Rx
ram:00062ff6	ram:00062262	FUN_ram_00062262
ram:00063506	ram:20000104	FUN_ram_20000104
ram:00063506	ram:0004244a	tmos_stop_task
ram:00063506	ram:00042570	FUN_ram_00042570
ram:00063506	ram:00062262	FUN_ram_00062262
ram:00063586	ram:00063506	RF_Shut
ram:00063586	ram:0004244a	tmos_stop_task
ram:000635fe	ram:00063586	RF_FrequencyHoppingShut
ram:000635fe	ram:00062030	FUN_ram_00062030
ram:000635fe	ram:200011be	FUN_ram_200011be
ram:000635fe	ram:000628b8	FUN_ram_000628b8
ram:000635fe	ram:00042138	tmos_set_event
ram:000635fe	ram:00062b78	RF_Tx
ram:0006372c	ram:00063586	RF_FrequencyHoppingShut
ram:0006372c	ram:0004224c	tmos_start_task
ram:0006372c	ram:000635fe	FUN_ram_000635fe
ram:0006372c	ram:00042954	FUN_ram_00042954
ram:00063824	ram:000582da	FUN_ram_000582da
ram:00063824	ram:2000026a	tmos_memcmp
ram:00063824	ram:00042138	tmos_set_event
ram:00063824	ram:00042954	FUN_ram_00042954
ram:00063824	ram:00063506	RF_Shut
ram:00063824	ram:200012e0	FUN_ram_200012e0
ram:00063824	ram:20001120	FUN_ram_20001120
ram:00063824	ram:00062e22	RF_Rx
ram:00063824	ram:00061d68	FUN_ram_00061d68
ram:00063824	ram:00062262	FUN_ram_00062262
ram:00063824	ram:200001dc	tmos_memcpy
ram:00063824	ram:000624fc	BLE_AccessAddressGenerate
ram:00063824	ram:200010ec	FUN_ram_200010ec
ram:00063824	ram:00061f0a	FUN_ram_00061f0a
ram:00063bbc	ram:2000026a	tmos_memcmp
ram:00063bbc	ram:0004224c	tmos_start_task
ram:00063bbc	ram:00062030	FUN_ram_00062030
ram:00063bbc	ram:200011be	FUN_ram_200011be
ram:00063bbc	ram:00042954	FUN_ram_00042954
ram:00063bbc	ram:00063506	RF_Shut
ram:00063bbc	ram:20001120	FUN_ram_20001120
ram:00063bbc	ram:00061d68	FUN_ram_00061d68
ram:00063bbc	ram:00062262	FUN_ram_00062262
ram:00063bbc	ram:200001dc	tmos_memcpy
ram:00063bbc	ram:00042e10	FUN_ram_00042e10
ram:00063bbc	ram:00042bb4	tmos_snv_read
ram:00063bbc	ram:00061f0a	FUN_ram_00061f0a
ram:00063bbc	ram:00062b78	RF_Tx
ram:00063bbc	ram:00042e5e	FUN_ram_00042e5e
ram:00063bbc	ram:200002b4	tmos_isbufset
ram:00063f24	ram:00062784	FUN_ram_00062784
ram:00063f76	ram:20000214	tmos_memset
ram:00063f76	ram:000626ac	FUN_ram_000626ac
ram:00063f76	ram:000426a0	TMOS_ProcessEventRegister
ram:00063f76	ram:00042570	FUN_ram_00042570
ram:00063ffc	ram:00063fc6	FUN_ram_00063fc6
ram:00064394	ram:2000188a	FUN_ram_2000188a
ram:0006512c	ram:0006826e	thunk_FUN_ram_00052202
ram:0006512c	ram:00065dc8	FUN_ram_00065dc8
ram:00065148	ram:0006826a	thunk_FUN_ram_000521a0
ram:0006517c	ram:0006826a	thunk_FUN_ram_000521a0
ram:000651a6	ram:00065e4c	FUN_ram_00065e4c
ram:000651a6	ram:0006826a	thunk_FUN_ram_000521a0
ram:000651cc	ram:00065e70	FUN_ram_00065e70
ram:000651cc	ram:0006826a	thunk_FUN_ram_000521a0
ram:00065204	ram:0006826a	thunk_FUN_ram_000521a0
ram:00065204	ram:00065e92	FUN_ram_00065e92
ram:0006522a	ram:0006826a	thunk_FUN_ram_000521a0
ram:0006522a	ram:00065eb8	FUN_ram_00065eb8
ram:0006524e	ram:00065f68	FUN_ram_00065f68
ram:0006524e	ram:0006826a	thunk_FUN_ram_000521a0
ram:00065272	ram:0006826a	thunk_FUN_ram_000521a0
ram:00065272	ram:00066066	FUN_ram_00066066
ram:00065294	ram:00066514	LL_ClearWhiteList
ram:00065294	ram:0006826a	thunk_FUN_ram_000521a0
ram:000652b8	ram:0006826a	thunk_FUN_ram_000521a0
ram:000652b8	ram:000662a4	LL_AddWhiteListDevice
ram:000652dc	ram:0006632a	FUN_ram_0006632a
ram:000652dc	ram:0006826e	thunk_FUN_ram_00052202
ram:000652fa	ram:0006826a	thunk_FUN_ram_000521a0
ram:000652fa	ram:0006656c	FUN_ram_0006656c
ram:0006531e	ram:0006826a	thunk_FUN_ram_000521a0
ram:0006531e	ram:00066694	FUN_ram_00066694
ram:00065342	ram:000666ca	FUN_ram_000666ca
ram:00065342	ram:0006826e	thunk_FUN_ram_00052202
ram:0006535a	ram:0006826a	thunk_FUN_ram_000521a0
ram:0006535a	ram:0006681c	FUN_ram_0006681c
ram:0006538a	ram:0006826a	thunk_FUN_ram_000521a0
ram:0006538a	ram:00066948	FUN_ram_00066948
ram:000653ba	ram:00065a9a	FUN_ram_00065a9a
ram:000653ba	ram:0006826a	thunk_FUN_ram_000521a0
ram:000653ba	ram:00042570	FUN_ram_00042570
ram:0006546c	ram:00061dd4	FUN_ram_00061dd4
ram:0006546c	ram:0006826a	thunk_FUN_ram_000521a0
ram:0006546c	ram:00065aec	FUN_ram_00065aec
ram:0006546c	ram:000423f6	tmos_start_reload_task
ram:0006546c	ram:00067fb8	FUN_ram_00067fb8
ram:0006546c	ram:00065c8c	LL_SetTxPowerLevel
ram:0006561c	ram:00065c12	LL_TestEnd
ram:0006561c	ram:0006826a	thunk_FUN_ram_000521a0
ram:0006561c	ram:0004244a	tmos_stop_task
ram:00065676	ram:0006826a	thunk_FUN_ram_000521a0
ram:00065676	ram:0006608a	FUN_ram_0006608a
ram:000656a8	ram:000661ca	FUN_ram_000661ca
ram:000656a8	ram:0006826a	thunk_FUN_ram_000521a0
ram:000656da	ram:0006826a	thunk_FUN_ram_000521a0
ram:000656da	ram:0006620a	FUN_ram_0006620a
ram:0006570c	ram:0006826a	thunk_FUN_ram_000521a0
ram:0006570c	ram:00066994	FUN_ram_00066994
ram:00065732	ram:00066a3e	FUN_ram_00066a3e
ram:00065732	ram:0006826a	thunk_FUN_ram_000521a0
ram:00065758	ram:0006826a	thunk_FUN_ram_000521a0
ram:00065758	ram:00066a88	FUN_ram_00066a88
ram:0006577e	ram:0006826a	thunk_FUN_ram_000521a0
ram:0006577e	ram:00066ade	FUN_ram_00066ade
ram:000657a4	ram:00066b28	FUN_ram_00066b28
ram:000657a4	ram:0006826a	thunk_FUN_ram_000521a0
ram:000657ca	ram:0006826e	thunk_FUN_ram_00052202
ram:000657ca	ram:00066b68	FUN_ram_00066b68
ram:000657ea	ram:00066be0	FUN_ram_00066be0
ram:000657ea	ram:0006826a	thunk_FUN_ram_000521a0
ram:0006583e	ram:00066eba	FUN_ram_00066eba
ram:0006583e	ram:0006826a	thunk_FUN_ram_000521a0
ram:00065864	ram:0006700c	FUN_ram_0006700c
ram:00065864	ram:0006826a	thunk_FUN_ram_000521a0
ram:0006588a	ram:00067198	FUN_ram_00067198
ram:0006588a	ram:0006826a	thunk_FUN_ram_000521a0
ram:000658b0	ram:00067342	FUN_ram_00067342
ram:000658b0	ram:0006826a	thunk_FUN_ram_000521a0
ram:000658d6	ram:00067434	FUN_ram_00067434
ram:000658d6	ram:0006826a	thunk_FUN_ram_000521a0
ram:000658fc	ram:00067596	FUN_ram_00067596
ram:000658fc	ram:0006826a	thunk_FUN_ram_000521a0
ram:00065922	ram:000676aa	FUN_ram_000676aa
ram:00065922	ram:0006826a	thunk_FUN_ram_000521a0
ram:00065948	ram:00067800	FUN_ram_00067800
ram:00065948	ram:0006826a	thunk_FUN_ram_000521a0
ram:0006596e	ram:0006826e	thunk_FUN_ram_00052202
ram:0006596e	ram:000678ae	FUN_ram_000678ae
ram:000659a8	ram:0006826a	thunk_FUN_ram_000521a0
ram:000659a8	ram:00067fce	FUN_ram_00067fce
ram:000659ce	ram:0006826a	thunk_FUN_ram_000521a0
ram:000659ce	ram:00068058	FUN_ram_00068058
ram:00065a9a	ram:000622e8	FUN_ram_000622e8
ram:00065aec	ram:20000214	tmos_memset
ram:00065aec	ram:00062394	FUN_ram_00062394
ram:00065aec	ram:00065a42	FUN_ram_00065a42
ram:00065aec	ram:000659f4	FUN_ram_000659f4
ram:00065c12	ram:00062262	FUN_ram_00062262
ram:00065dc8	ram:00055958	FUN_ram_00055958
ram:00065dc8	ram:00057ba2	FUN_ram_00057ba2
ram:00065e24	ram:00056968	FUN_ram_00056968
ram:00065e24	ram:00057ba2	FUN_ram_00057ba2
ram:00065e70	ram:00057ba2	FUN_ram_00057ba2
ram:00065eb8	ram:200001dc	tmos_memcpy
ram:00065f68	ram:200001dc	tmos_memcpy
ram:00065f68	ram:00054de4	FUN_ram_00054de4
ram:00065f68	ram:0005501c	FUN_ram_0005501c
ram:00065f68	ram:00055ed6	FUN_ram_00055ed6
ram:00066066	ram:000597c8	FUN_ram_000597c8
ram:0006608a	ram:00042910	FUN_ram_00042910
ram:0006608a	ram:00055ef4	FUN_ram_00055ef4
ram:0006608a	ram:00057ba2	FUN_ram_00057ba2
ram:0006608a	ram:00052694	FUN_ram_00052694
ram:000661ca	ram:00057ba2	FUN_ram_00057ba2
ram:0006620a	ram:00057ba2	FUN_ram_00057ba2
ram:000662a4	ram:200001dc	tmos_memcpy
ram:000662a4	ram:000617ca	FUN_ram_000617ca
ram:0006632a	ram:20000214	tmos_memset
ram:0006632a	ram:00042910	FUN_ram_00042910
ram:0006632a	ram:00055ef4	FUN_ram_00055ef4
ram:0006632a	ram:00057ba2	FUN_ram_00057ba2
ram:0006632a	ram:00052694	FUN_ram_00052694
ram:0006649c	ram:200001dc	tmos_memcpy
ram:0006649c	ram:00061882	FUN_ram_00061882
ram:00066514	ram:00061910	FUN_ram_00061910
ram:0006656c	ram:200001dc	tmos_memcpy
ram:0006656c	ram:2000026a	tmos_memcmp
ram:00066694	ram:000428ec	FUN_ram_000428ec
ram:000666ca	ram:200001dc	tmos_memcpy
ram:000666ca	ram:00057ba2	FUN_ram_00057ba2
ram:0006681c	ram:00057ba2	FUN_ram_00057ba2
ram:00066948	ram:00057ba2	FUN_ram_00057ba2
ram:00066994	ram:200001dc	tmos_memcpy
ram:00066994	ram:0005d7f0	FUN_ram_0005d7f0
ram:00066a3e	ram:0005d946	FUN_ram_0005d946
ram:00066ade	ram:00042194	FUN_ram_00042194
ram:00066b68	ram:00057ba2	FUN_ram_00057ba2
ram:00066be0	ram:200001dc	tmos_memcpy
ram:00066be0	ram:00054de4	FUN_ram_00054de4
ram:00066be0	ram:00061dd4	FUN_ram_00061dd4
ram:00066be0	ram:00061d68	FUN_ram_00061d68
ram:00066be0	ram:200002b4	tmos_isbufset
ram:00066eba	ram:00054de4	FUN_ram_00054de4
ram:00066eba	ram:000428ec	FUN_ram_000428ec
ram:0006700c	ram:200001dc	tmos_memcpy
ram:0006700c	ram:00054de4	FUN_ram_00054de4
ram:0006700c	ram:000428ec	FUN_ram_000428ec
ram:0006700c	ram:0005d790	FUN_ram_0005d790
ram:00067198	ram:200001dc	tmos_memcpy
ram:00067198	ram:00054de4	FUN_ram_00054de4
ram:00067198	ram:0005501c	FUN_ram_0005501c
ram:00067198	ram:000428ec	FUN_ram_000428ec
ram:00067198	ram:200002b4	tmos_isbufset
ram:0006736e	ram:00054de4	FUN_ram_00054de4
ram:0006736e	ram:00041bc6	FUN_ram_00041bc6
ram:00067434	ram:200001dc	tmos_memcpy
ram:00067434	ram:00054de4	FUN_ram_00054de4
ram:00067434	ram:20000040	FUN_ram_20000040
ram:00067434	ram:20000104	FUN_ram_20000104
ram:00067434	ram:000428ec	FUN_ram_000428ec
ram:00067596	ram:200001dc	tmos_memcpy
ram:00067596	ram:000582da	FUN_ram_000582da
ram:00067596	ram:00054de4	FUN_ram_00054de4
ram:00067596	ram:000624fc	BLE_AccessAddressGenerate
ram:00067596	ram:00042910	FUN_ram_00042910
ram:00067596	ram:00042934	FUN_ram_00042934
ram:00067596	ram:00042494	FUN_ram_00042494
ram:00067596	ram:200012e0	FUN_ram_200012e0
ram:00067596	ram:000428ec	FUN_ram_000428ec
ram:00067800	ram:000603de	FUN_ram_000603de
ram:000678ae	ram:200001dc	tmos_memcpy
ram:000678ae	ram:00055ebc	FUN_ram_00055ebc
ram:000678ae	ram:00052694	FUN_ram_00052694
ram:000678ae	ram:200002b4	tmos_isbufset
ram:00067d78	ram:200001dc	tmos_memcpy
ram:00067d78	ram:2000026a	tmos_memcmp
ram:00067e9a	ram:0005f570	FUN_ram_0005f570
ram:00067ec6	ram:00042494	FUN_ram_00042494
ram:00067f4a	ram:200001dc	tmos_memcpy
ram:00067f4a	ram:20000c00	FUN_ram_20000c00
ram:00067fce	ram:00054de4	FUN_ram_00054de4
ram:00068058	ram:00054de4	FUN_ram_00054de4
ram:0006808c	ram:00057ba2	FUN_ram_00057ba2
ram:000680f4	ram:00057ba2	FUN_ram_00057ba2
ram:0006814e	ram:00057ba2	FUN_ram_00057ba2
ram:000681b0	ram:00057bbc	FUN_ram_00057bbc
ram:000681b0	ram:00057ba2	FUN_ram_00057ba2
ram:00068284	ram:0005170a	FUN_ram_0005170a
ram:000682aa	ram:00051a98	FUN_ram_00051a98
ram:000682c8	ram:00051cd2	FUN_ram_00051cd2
ram:00068306	ram:200001dc	tmos_memcpy
ram:00068306	ram:00041c48	tmos_msg_deallocate
ram:00068306	ram:00047750	FUN_ram_00047750
ram:00068306	ram:00042138	tmos_set_event
ram:00068306	ram:00047066	FUN_ram_00047066
ram:00068306	ram:0004737a	FUN_ram_0004737a
ram:00068306	ram:000473b6	FUN_ram_000473b6
ram:00068306	ram:00047640	FUN_ram_00047640
ram:00068306	ram:00047530	FUN_ram_00047530
ram:00068306	ram:00041cba	tmos_msg_receive
ram:00068642	ram:000484e0	FUN_ram_000484e0
ram:00068680	ram:000426a0	TMOS_ProcessEventRegister
ram:00068680	ram:00044cc8	FUN_ram_00044cc8
ram:000686fe	ram:200001dc	tmos_memcpy
ram:000686fe	ram:00041c48	tmos_msg_deallocate
ram:000686fe	ram:00042e10	FUN_ram_00042e10
ram:000686fe	ram:00042e5e	FUN_ram_00042e5e
ram:000686fe	ram:00069cb0	FUN_ram_00069cb0
ram:000686fe	ram:0004df14	FUN_ram_0004df14
ram:000686fe	ram:0006a4ec	FUN_ram_0006a4ec
ram:000686fe	ram:00041cba	tmos_msg_receive
ram:000688a4	ram:00069c04	FUN_ram_00069c04
ram:000688a4	ram:000484e0	FUN_ram_000484e0
ram:0006890a	ram:200001dc	tmos_memcpy
ram:0006890a	ram:0004696a	FUN_ram_0004696a
ram:00068940	ram:00046844	FUN_ram_00046844
ram:00068968	ram:00046806	FUN_ram_00046806
ram:000689a2	ram:00068974	FUN_ram_00068974
ram:000689a2	ram:00042bb4	tmos_snv_read
ram:000689a2	ram:000426a0	TMOS_ProcessEventRegister
ram:000689a2	ram:00044cc8	FUN_ram_00044cc8
ram:00068a5c	ram:00042bb4	tmos_snv_read
ram:00068a86	ram:200002b4	tmos_isbufset
ram:00068ade	ram:00041c48	tmos_msg_deallocate
ram:00068b10	ram:00068ade	FUN_ram_00068ade
ram:00068b10	ram:00042164	tmos_clear_event
ram:00068b10	ram:00042e10	FUN_ram_00042e10
ram:00068b10	ram:00042bb4	tmos_snv_read
ram:00068b10	ram:20000214	tmos_memset
ram:00068b10	ram:00042e5e	FUN_ram_00042e5e
ram:00068b10	ram:200002b4	tmos_isbufset
ram:00068c56	ram:00068b10	FUN_ram_00068b10
ram:00068c88	ram:0005254a	thunk_FUN_ram_00065294
ram:00068c88	ram:0005254e	thunk_FUN_ram_000652b8
ram:00068c88	ram:200002b4	tmos_isbufset
ram:00068cec	ram:00042bb4	tmos_snv_read
ram:00068cec	ram:00052582	thunk_FUN_ram_00065732
ram:00068cec	ram:0005257e	thunk_FUN_ram_0006570c
ram:00068cec	ram:200002b4	tmos_isbufset
ram:00068d94	ram:00068a86	FUN_ram_00068a86
ram:00068d94	ram:00048360	GGS_SetParameter
ram:00068dbc	ram:00068d94	FUN_ram_00068d94
ram:00068dbc	ram:00068a86	FUN_ram_00068a86
ram:00068dbc	ram:00042bb4	tmos_snv_read
ram:00068dbc	ram:20000214	tmos_memset
ram:00068dbc	ram:00068cec	FUN_ram_00068cec
ram:00068dbc	ram:00068c88	FUN_ram_00068c88
ram:00068e98	ram:0004a09c	GATTServApp_SendServiceChangedInd
ram:00068ea8	ram:20000214	tmos_memset
ram:00068ea8	ram:00042bb4	tmos_snv_read
ram:00068ea8	ram:00044baa	FUN_ram_00044baa
ram:00068f1c	ram:200001dc	tmos_memcpy
ram:00068f1c	ram:00044ac6	FUN_ram_00044ac6
ram:00068f1c	ram:20000214	tmos_memset
ram:0006908a	ram:2000026a	tmos_memcmp
ram:000690dc	ram:200001dc	tmos_memcpy
ram:000690dc	ram:00068d94	FUN_ram_00068d94
ram:000690dc	ram:00042e10	FUN_ram_00042e10
ram:000690dc	ram:20000214	tmos_memset
ram:000690dc	ram:00068cec	FUN_ram_00068cec
ram:000690dc	ram:0006908a	FUN_ram_0006908a
ram:000690dc	ram:00042e5e	FUN_ram_00042e5e
ram:000690dc	ram:00068c88	FUN_ram_00068c88
ram:000690dc	ram:200002b4	tmos_isbufset
ram:000692b4	ram:200001dc	tmos_memcpy
ram:000692b4	ram:00042bb4	tmos_snv_read
ram:00069302	ram:0004df14	FUN_ram_0004df14
ram:00069350	ram:00042e10	FUN_ram_00042e10
ram:00069350	ram:00042bb4	tmos_snv_read
ram:00069350	ram:00042e5e	FUN_ram_00042e5e
ram:00069350	ram:200002b4	tmos_isbufset
ram:000693cc	ram:00068a38	FUN_ram_00068a38
ram:000693cc	ram:00042e10	FUN_ram_00042e10
ram:000693cc	ram:00042bb4	tmos_snv_read
ram:000693cc	ram:20000214	tmos_memset
ram:000693cc	ram:00042e5e	FUN_ram_00042e5e
ram:000693cc	ram:200002b4	tmos_isbufset
ram:000694be	ram:20000214	tmos_memset
ram:000694be	ram:20000040	FUN_ram_20000040
ram:0006969c	ram:20000214	tmos_memset
ram:0006969c	ram:00042b1c	FUN_ram_00042b1c
ram:00069728	ram:200001dc	tmos_memcpy
ram:00069728	ram:00068a86	FUN_ram_00068a86
ram:00069728	ram:00044c54	GAP_GetParamValue
ram:00069882	ram:00068b10	FUN_ram_00068b10
ram:00069882	ram:00068c56	FUN_ram_00068c56
ram:00069882	ram:000430e4	FUN_ram_000430e4
ram:00069882	ram:00045114	thunk_FUN_ram_0004e07e
ram:00069882	ram:00068dbc	FUN_ram_00068dbc
ram:00069942	ram:200001dc	tmos_memcpy
ram:00069942	ram:2000026a	tmos_memcmp
ram:00069942	ram:00042bb4	tmos_snv_read
ram:00069942	ram:000692b4	FUN_ram_000692b4
ram:00069942	ram:0006908a	FUN_ram_0006908a
ram:00069942	ram:200002b4	tmos_isbufset
ram:00069942	ram:00044cd2	GAP_ResolvePrivateAddr
ram:00069a36	ram:00068ea8	FUN_ram_00068ea8
ram:00069a36	ram:000450ea	FUN_ram_000450ea
ram:00069a36	ram:00068f1c	FUN_ram_00068f1c
ram:00069a36	ram:00069942	FUN_ram_00069942
ram:00069a36	ram:0004df14	FUN_ram_0004df14
ram:00069a36	ram:00068a5c	FUN_ram_00068a5c
ram:00069ac0	ram:0004e1a2	linkDB_PerformFunc
ram:00069ac0	ram:00068e98	FUN_ram_00068e98
ram:00069ac0	ram:00069350	FUN_ram_00069350
ram:00069ac0	ram:00069942	FUN_ram_00069942
ram:00069ac0	ram:0004df14	FUN_ram_0004df14
ram:00069b54	ram:000693cc	FUN_ram_000693cc
ram:00069b54	ram:00069942	FUN_ram_00069942
ram:00069b54	ram:0004df14	FUN_ram_0004df14
ram:00069bd6	ram:0004bd10	FUN_ram_0004bd10
ram:00069bd6	ram:000451b2	GAP_SetParamValue
ram:00069c04	ram:0004bd10	FUN_ram_0004bd10
ram:00069c04	ram:000451b2	GAP_SetParamValue
ram:00069c32	ram:00044c74	FUN_ram_00044c74
ram:00069c32	ram:000450ea	FUN_ram_000450ea
ram:00069c70	ram:000450ea	FUN_ram_000450ea
ram:00069c70	ram:0004f118	FUN_ram_0004f118
ram:00069c90	ram:00045036	FUN_ram_00045036
ram:00069cb0	ram:00069c90	GAPBondMgr_PeriSecurityReq
ram:00069cb0	ram:00068ea8	FUN_ram_00068ea8
ram:00069cb0	ram:0004a09c	GATTServApp_SendServiceChangedInd
ram:00069cb0	ram:0004a878	FUN_ram_0004a878
ram:00069cb0	ram:00069942	FUN_ram_00069942
ram:00069cb0	ram:00045080	FUN_ram_00045080
ram:00069cb0	ram:00068a5c	FUN_ram_00068a5c
ram:00069cb0	ram:00068a38	FUN_ram_00068a38
ram:00069cb0	ram:20000214	tmos_memset
ram:00069cb0	ram:00042bb4	tmos_snv_read
ram:00069cb0	ram:00068f1c	FUN_ram_00068f1c
ram:00069cb0	ram:00069302	FUN_ram_00069302
ram:00069cb0	ram:200002b4	tmos_isbufset
ram:00069e18	ram:000694be	FUN_ram_000694be
ram:00069e18	ram:00068dbc	FUN_ram_00068dbc
ram:00069e34	ram:00042bb4	tmos_snv_read
ram:00069e34	ram:00052582	thunk_FUN_ram_00065732
ram:00069e34	ram:0005257e	thunk_FUN_ram_0006570c
ram:00069e34	ram:200002b4	tmos_isbufset
ram:00069f0c	ram:00068c56	FUN_ram_00068c56
ram:00069f0c	ram:0004dfa2	FUN_ram_0004dfa2
ram:00069f0c	ram:00052586	thunk_FUN_ram_00065758
ram:00069f0c	ram:00045114	thunk_FUN_ram_0004e07e
ram:00069f0c	ram:00069942	FUN_ram_00069942
ram:00069f0c	ram:00068dbc	FUN_ram_00068dbc
ram:00069f0c	ram:00069e34	FUN_ram_00069e34
ram:00069f0c	ram:200001dc	tmos_memcpy
ram:00069f0c	ram:00068b10	FUN_ram_00068b10
ram:00069f0c	ram:00042e10	FUN_ram_00042e10
ram:00069f0c	ram:00042bb4	tmos_snv_read
ram:00069f0c	ram:000430e4	FUN_ram_000430e4
ram:00069f0c	ram:00042e5e	FUN_ram_00042e5e
ram:00069f0c	ram:000451b2	GAP_SetParamValue
ram:0006a4ec	ram:00069f0c	GAPBondMgr_SetParameter
ram:0006a4ec	ram:00068a86	FUN_ram_00068a86
ram:0006a4ec	ram:000450ea	FUN_ram_000450ea
ram:0006a4ec	ram:00042138	tmos_set_event
ram:0006a4ec	ram:00069a36	FUN_ram_00069a36
ram:0006a4ec	ram:00069942	FUN_ram_00069942
ram:0006a4ec	ram:00069882	FUN_ram_00069882
ram:0006a4ec	ram:00044c74	FUN_ram_00044c74
ram:0006a4ec	ram:200001dc	tmos_memcpy
ram:0006a4ec	ram:00045118	FUN_ram_00045118
ram:0006a4ec	ram:00042e10	FUN_ram_00042e10
ram:0006a4ec	ram:20000214	tmos_memset
ram:0006a4ec	ram:000690dc	FUN_ram_000690dc
ram:0006a4ec	ram:00068f1c	FUN_ram_00068f1c
ram:0006a4ec	ram:00042e5e	FUN_ram_00042e5e
ram:0006a4ec	ram:0006969c	FUN_ram_0006969c
ram:0006a4ec	ram:00069302	FUN_ram_00069302
ram:0006a4ec	ram:0004df14	FUN_ram_0004df14
ram:0006a822	ram:00069b54	FUN_ram_00069b54
ram:0006a822	ram:00068ade	FUN_ram_00068ade
ram:0006a822	ram:000491bc	GATT_bm_free
ram:0006a822	ram:00042138	tmos_set_event
ram:0006a822	ram:00041cba	tmos_msg_receive
ram:0006a822	ram:0004aaf8	FUN_ram_0004aaf8
ram:0006a822	ram:0004b062	FUN_ram_0004b062
ram:0006a822	ram:00041c48	tmos_msg_deallocate
ram:0006a822	ram:00042e10	FUN_ram_00042e10
ram:0006a822	ram:0004afa0	FUN_ram_0004afa0
ram:0006a822	ram:000690dc	FUN_ram_000690dc
ram:0006a822	ram:00069ac0	FUN_ram_00069ac0
ram:0006a822	ram:00069302	FUN_ram_00069302
ram:0006a822	ram:0006a4ec	FUN_ram_0006a4ec
ram:0006aa82	ram:000484e0	FUN_ram_000484e0
ram:0006aaa8	ram:00046844	FUN_ram_00046844
ram:0006aad0	ram:00046806	FUN_ram_00046806
ram:0006aadc	ram:000426a0	TMOS_ProcessEventRegister
ram:0006aadc	ram:00044cc8	FUN_ram_00044cc8
ram:0006ab2e	ram:200001dc	tmos_memcpy
ram:0006ab2e	ram:2000026a	tmos_memcmp
ram:0006ab2e	ram:00042e10	FUN_ram_00042e10
ram:0006ab2e	ram:00047750	FUN_ram_00047750
ram:0006ab2e	ram:00042138	tmos_set_event
ram:0006ab2e	ram:00042e5e	FUN_ram_00042e5e
ram:0006ab2e	ram:00047640	FUN_ram_00047640
ram:0006ab2e	ram:00069cb0	FUN_ram_00069cb0
ram:0006ab2e	ram:00047530	FUN_ram_00047530
ram:0006ab2e	ram:0006a4ec	FUN_ram_0006a4ec
ram:0006ae24	ram:0006ab2e	FUN_ram_0006ab2e
ram:0006ae86	ram:200001dc	tmos_memcpy
ram:0006ae86	ram:00041c48	tmos_msg_deallocate
ram:0006ae86	ram:00041d24	tmos_msg_send
ram:0006ae86	ram:00042e10	FUN_ram_00042e10
ram:0006ae86	ram:0004e200	FUN_ram_0004e200
ram:0006ae86	ram:00047066	FUN_ram_00047066
ram:0006ae86	ram:00042e5e	FUN_ram_00042e5e
ram:0006ae86	ram:0004737a	FUN_ram_0004737a
ram:0006ae86	ram:000473b6	FUN_ram_000473b6
ram:0006ae86	ram:0006ae24	FUN_ram_0006ae24
ram:0006ae86	ram:0004df14	FUN_ram_0004df14
ram:0006ae86	ram:00041cba	tmos_msg_receive
ram:0006b0d2	ram:0004de08	FUN_ram_0004de08
ram:0006b0d2	ram:0004df14	FUN_ram_0004df14
ram:0006b13c	ram:00069bd6	FUN_ram_00069bd6
ram:0006b13c	ram:000484e0	FUN_ram_000484e0
ram:0006b1a8	ram:200001dc	tmos_memcpy
ram:0006b1a8	ram:20000214	tmos_memset
ram:0006b1a8	ram:00042bb4	tmos_snv_read
ram:0006b1a8	ram:000426a0	TMOS_ProcessEventRegister
ram:0006b1a8	ram:00044cc8	FUN_ram_00044cc8
ram:0006b2b8	ram:20000214	tmos_memset
ram:0006b342	ram:200001dc	tmos_memcpy
ram:0006b342	ram:00047880	FUN_ram_00047880
ram:0006b342	ram:00047848	FUN_ram_00047848
ram:0006b342	ram:00047820	FUN_ram_00047820
ram:0006b342	ram:00044c54	GAP_GetParamValue
ram:0006b47c	ram:200001dc	tmos_memcpy
ram:0006b47c	ram:00047750	FUN_ram_00047750
ram:0006b47c	ram:000471e2	FUN_ram_000471e2
ram:0006b47c	ram:00042138	tmos_set_event
ram:0006b47c	ram:0005258e	thunk_FUN_ram_000657a4
ram:0006b47c	ram:000473a6	FUN_ram_000473a6
ram:0006b47c	ram:00047640	FUN_ram_00047640
ram:0006b47c	ram:00047530	FUN_ram_00047530
ram:0006b47c	ram:000473d4	FUN_ram_000473d4
ram:0006b47c	ram:000451b2	GAP_SetParamValue
ram:0006b782	ram:200001dc	tmos_memcpy
ram:0006b782	ram:000442de	FUN_ram_000442de
ram:0006b782	ram:000525e8	thunk_FUN_ram_00067d78
ram:0006b7be	ram:00052552	thunk_FUN_ram_000652dc
ram:0006b7c6	ram:00045118	FUN_ram_00045118
ram:0006b7c6	ram:0004df14	FUN_ram_0004df14
ram:0006b7fe	ram:0004f5a8	FUN_ram_0004f5a8
ram:0006b7fe	ram:0006aadc	FUN_ram_0006aadc
ram:0006b7fe	ram:000491d8	FUN_ram_000491d8
ram:0006b7fe	ram:00069e18	FUN_ram_00069e18
ram:0006b7fe	ram:0004bece	FUN_ram_0004bece
ram:0006b7fe	ram:000426a0	TMOS_ProcessEventRegister
ram:0006b7fe	ram:0004521e	FUN_ram_0004521e
ram:0006b7fe	ram:0004c892	FUN_ram_0004c892
ram:0006b7fe	ram:000604ba	FUN_ram_000604ba
ram:0006b86e	ram:0004f5a8	FUN_ram_0004f5a8
ram:0006b86e	ram:000558e4	FUN_ram_000558e4
ram:0006b86e	ram:000491d8	FUN_ram_000491d8
ram:0006b86e	ram:00069e18	FUN_ram_00069e18
ram:0006b86e	ram:0004bece	FUN_ram_0004bece
ram:0006b86e	ram:000426a0	TMOS_ProcessEventRegister
ram:0006b86e	ram:0004521e	FUN_ram_0004521e
ram:0006b86e	ram:0004c892	FUN_ram_0004c892
ram:0006b86e	ram:00068680	FUN_ram_00068680
ram:0006b8de	ram:0004f5a8	FUN_ram_0004f5a8
ram:0006b8de	ram:0006b1a8	FUN_ram_0006b1a8
ram:0006b8de	ram:000491d8	FUN_ram_000491d8
ram:0006b8de	ram:00069e18	FUN_ram_00069e18
ram:0006b8de	ram:0004bece	FUN_ram_0004bece
ram:0006b8de	ram:0006179c	FUN_ram_0006179c
ram:0006b8de	ram:000426a0	TMOS_ProcessEventRegister
ram:0006b8de	ram:0004521e	FUN_ram_0004521e
ram:0006b8de	ram:0004c892	FUN_ram_0004c892
ram:0006b94e	ram:0004f5a8	FUN_ram_0004f5a8
ram:0006b94e	ram:000491d8	FUN_ram_000491d8
ram:0006b94e	ram:00069e18	FUN_ram_00069e18
ram:0006b94e	ram:0004bece	FUN_ram_0004bece
ram:0006b94e	ram:000689a2	FUN_ram_000689a2
ram:0006b94e	ram:0005a9b4	FUN_ram_0005a9b4
ram:0006b94e	ram:000426a0	TMOS_ProcessEventRegister
ram:0006b94e	ram:0004521e	FUN_ram_0004521e
ram:0006b94e	ram:0004c892	FUN_ram_0004c892
ram:0006b9d4	ram:20000010	FUN_ram_20000010
ram:0006ba46	ram:0006b9d4	FUN_ram_0006b9d4
ram:200002d6	ram:00042138	tmos_set_event
ram:200002d6	ram:20000104	FUN_ram_20000104
ram:20000400	ram:000621c8	FUN_ram_000621c8
ram:20000400	ram:200010ec	FUN_ram_200010ec
ram:20000400	ram:200017f0	FUN_ram_200017f0
ram:20000400	ram:200002d6	FUN_ram_200002d6
ram:200008f0	ram:0006ba8a	FUN_ram_0006ba8a
ram:20000c50	ram:0005d6c6	FUN_ram_0005d6c6
ram:200010a2	ram:20000fa4	FUN_ram_20000fa4
ram:2000168a	ram:200014ae	FUN_ram_200014ae
ram:200017f0	ram:200016d4	FUN_ram_200016d4
