from	to	type
ram:00040000	ram:0006ba46	UNCONDITIONAL_JUMP
ram:000402b0	ram:0004036e	CONDITIONAL_JUMP
ram:000402b6	ram:00040372	CONDITIONAL_JUMP
ram:000402c8	ram:00040300	CONDITIONAL_JUMP
ram:000402d0	ram:20001b5c	READ
ram:000402d8	ram:20001b54	READ
ram:000402dc	ram:0004030a	CONDITIONAL_JUMP
ram:000402e4	ram:20001bec	READ
ram:000402ea	ram:00040372	CONDITIONAL_JUMP
ram:00040304	ram:20001b58	READ
ram:00040308	ram:000402d4	UNCONDITIONAL_JUMP
ram:0004030e	ram:0004036a	CONDITIONAL_JUMP
ram:00040314	ram:0004036a	CONDITIONAL_JUMP
ram:00040326	ram:00040356	CONDITIONAL_JUMP
ram:0004032e	ram:20001b6a	READ
ram:00040352	ram:20001b6a	WRITE
ram:0004035a	ram:20001b6a	READ
ram:00040364	ram:20001b6a	WRITE
ram:0004036c	ram:000402dc	UNCONDITIONAL_JUMP
ram:00040374	ram:0004038e	CONDITIONAL_JUMP
ram:0004037a	ram:20001b5c	READ
ram:00040382	ram:20001b54	READ
ram:0004038a	ram:00040390	CONDITIONAL_JUMP
ram:00040394	ram:00040446	CONDITIONAL_JUMP
ram:00040398	ram:00040446	CONDITIONAL_JUMP
ram:000403a0	ram:0004038e	CONDITIONAL_JUMP
ram:000403ac	ram:000403be	CONDITIONAL_JUMP
ram:000403b4	ram:20001a64	READ
ram:000403ba	ram:20001a64	WRITE
ram:000403ca	ram:20001b6a	READ
ram:000403dc	ram:20001b6a	WRITE
ram:000403e0	ram:0004040e	CONDITIONAL_JUMP
ram:000403e8	ram:20001b58	READ
ram:000403ec	ram:0004040e	CONDITIONAL_JUMP
ram:000403f4	ram:0004040e	CONDITIONAL_JUMP
ram:00040408	ram:20001b6a	WRITE
ram:00040410	ram:0004038e	CONDITIONAL_JUMP
ram:00040418	ram:20001b58	READ
ram:0004041c	ram:0004038e	CONDITIONAL_JUMP
ram:00040424	ram:0004038e	CONDITIONAL_JUMP
ram:0004043a	ram:20001b6a	READ
ram:00040440	ram:20001b6a	WRITE
ram:0004044a	ram:0004038a	UNCONDITIONAL_JUMP
ram:0004044c	ram:0004046a	CONDITIONAL_JUMP
ram:0004044e	ram:0004046a	CONDITIONAL_JUMP
ram:00040450	ram:0004046a	CONDITIONAL_JUMP
ram:00040466	ram:00040454	CONDITIONAL_JUMP
ram:00040484	ram:00040494	CONDITIONAL_JUMP
ram:00040486	ram:00040494	CONDITIONAL_JUMP
ram:00040490	ram:0004048a	CONDITIONAL_JUMP
ram:000404c2	ram:000402b0	UNCONDITIONAL_CALL
ram:000404c6	ram:000404ce	CONDITIONAL_JUMP
ram:000404cc	ram:0004044c	UNCONDITIONAL_CALL
ram:000404dc	ram:00040500	CONDITIONAL_JUMP
ram:000404de	ram:00040500	CONDITIONAL_JUMP
ram:000404e0	ram:00040500	CONDITIONAL_JUMP
ram:000404f4	ram:00040504	CONDITIONAL_JUMP
ram:000404fa	ram:000404e4	CONDITIONAL_JUMP
ram:00040506	ram:00040500	UNCONDITIONAL_JUMP
ram:00040550	ram:20001bb8	READ
ram:00040564	ram:0004060e	CONDITIONAL_JUMP
ram:0004058c	ram:000405aa	CONDITIONAL_JUMP
ram:00040590	ram:000405a4	CONDITIONAL_JUMP
ram:00040594	ram:20001bb8	WRITE
ram:0004059e	ram:00040374	UNCONDITIONAL_CALL
ram:000405a2	ram:000405f8	UNCONDITIONAL_JUMP
ram:000405a8	ram:00040598	UNCONDITIONAL_JUMP
ram:000405aa	ram:20001c00	READ
ram:000405b0	ram:20001bd2	READ
ram:000405b6	ram:00040626	CONDITIONAL_JUMP
ram:000405be	ram:00040642	CONDITIONAL_JUMP
ram:000405c2	ram:20001b74	WRITE
ram:000405d2	ram:e00823a8	COMPUTED_CALL
ram:000405da	ram:00040632	CONDITIONAL_JUMP
ram:000405e0	ram:20001bd2	READ
ram:000405e4	ram:000405f2	CONDITIONAL_JUMP
ram:000405e8	ram:000405f2	CONDITIONAL_JUMP
ram:000405f8	ram:00040588	CONDITIONAL_JUMP
ram:00040602	ram:20001b74	READ
ram:00040606	ram:0004066a	CONDITIONAL_JUMP
ram:0004060c	ram:20001b74	WRITE
ram:00040626	ram:000405ba	CONDITIONAL_JUMP
ram:00040630	ram:000405be	UNCONDITIONAL_JUMP
ram:00040632	ram:0004063c	CONDITIONAL_JUMP
ram:00040636	ram:20001bb8	WRITE
ram:0004063a	ram:00040598	UNCONDITIONAL_JUMP
ram:00040640	ram:00040598	UNCONDITIONAL_JUMP
ram:00040642	ram:20001be0	READ
ram:00040646	ram:0004065c	CONDITIONAL_JUMP
ram:00040648	ram:00040662	CONDITIONAL_JUMP
ram:00040650	ram:20001b74	READ
ram:00040654	ram:0004065c	CONDITIONAL_JUMP
ram:00040658	ram:20001b74	WRITE
ram:00040660	ram:000405f8	UNCONDITIONAL_JUMP
ram:00040662	ram:0004064c	CONDITIONAL_JUMP
ram:00040668	ram:0004064c	UNCONDITIONAL_JUMP
ram:0004066a	ram:20001b74	WRITE
ram:0004066e	ram:0004060e	UNCONDITIONAL_JUMP
ram:00040678	ram:20001b94	READ
ram:00040688	Stack[-0x20]	DATA
ram:0004068a	ram:00040692	CONDITIONAL_JUMP
ram:0004068e	ram:20001b94	WRITE
ram:00040696	ram:20001b98	READ
ram:000406a0	ram:000406a4	CONDITIONAL_JUMP
ram:000406a4	ram:20001b94	READ
ram:000406a8	ram:00040828	CONDITIONAL_JUMP
ram:000406b4	ram:20001e99	READ
ram:000406be	ram:000406e0	CONDITIONAL_JUMP
ram:000406c0	ram:20001e9b	READ
ram:000406c4	ram:20001e99	WRITE
ram:000406ca	ram:000406e0	CONDITIONAL_JUMP
ram:000406ce	ram:0004135c	UNCONDITIONAL_CALL
ram:000406d2	ram:20001e9b	READ
ram:000406dc	ram:20001b94	DATA
ram:000406e8	ram:20001ee0	READ
ram:000406f2	ram:000406f8	CONDITIONAL_JUMP
ram:000406f4	ram:00041a60	UNCONDITIONAL_CALL
ram:000406f8	ram:20001b9c	READ
ram:000406fa	ram:000406fe	CONDITIONAL_JUMP
ram:0004070a	ram:20001bb4	READ
ram:0004070e	ram:20001b65	READ
ram:00040716	ram:20001b64	READ
ram:00040724	ram:000407b4	CONDITIONAL_JUMP
ram:00040726	ram:20001b64	READ
ram:0004072a	ram:000407c4	CONDITIONAL_JUMP
ram:0004072e	ram:20001b94	READ
ram:00040732	ram:20001b64	WRITE
ram:00040736	ram:00040828	CONDITIONAL_JUMP
ram:00040738	ram:20001e9d	READ
ram:0004073c	ram:00040750	CONDITIONAL_JUMP
ram:0004073e	ram:20001e9b	READ
ram:00040742	ram:00040750	CONDITIONAL_JUMP
ram:00040744	ram:20001e9d	WRITE
ram:0004074c	ram:e00a2438	COMPUTED_CALL
ram:00040754	ram:20001c00	READ
ram:00040758	ram:00040828	CONDITIONAL_JUMP
ram:0004075e	ram:20001b74	WRITE
ram:00040762	ram:00040546	UNCONDITIONAL_CALL
ram:0004076c	ram:20001be0	READ
ram:0004076e	ram:00040828	CONDITIONAL_JUMP
ram:00040770	ram:20001bd1	READ
ram:00040774	ram:20001b74	READ
ram:00040778	ram:00040828	CONDITIONAL_JUMP
ram:0004077c	ram:20001e9b	READ
ram:00040782	ram:00040828	CONDITIONAL_JUMP
ram:00040786	ram:20001ee0	READ
ram:0004078c	ram:00040828	CONDITIONAL_JUMP
ram:0004078e	ram:20001b65	READ
ram:00040792	ram:20001bb4	READ
ram:00040796	ram:0004083c	CONDITIONAL_JUMP
ram:000407a8	Stack[-0x20]	DATA
ram:000407b0	ram:e008216c	COMPUTED_JUMP
ram:000407ba	ram:20001b64	WRITE
ram:000407be	ram:00040716	CONDITIONAL_JUMP
ram:000407c2	ram:00040726	UNCONDITIONAL_JUMP
ram:000407d0	ram:20001b64	READ
ram:000407d8	ram:20001b90	READ
ram:000407e8	ram:20001bb0	WRITE
ram:000407ee	ram:20001bb0	READ
ram:000407f2	ram:20001b64	READ
ram:00040800	ram:20001bb4	READ
ram:00040810	ram:20001b64	READ
ram:00040814	ram:0004081c	CONDITIONAL_JUMP
ram:00040818	ram:20001b64	WRITE
ram:0004081c	ram:20001b64	READ
ram:00040820	ram:20001b65	READ
ram:00040824	ram:0004072e	CONDITIONAL_JUMP
ram:00040836	Stack[-0x20]	DATA
ram:00040846	ram:00040828	CONDITIONAL_JUMP
ram:0004084a	ram:00040796	UNCONDITIONAL_JUMP
ram:00040884	ram:40001038	READ
ram:00040888	ram:40001038	READ
ram:0004088c	ram:00040884	CONDITIONAL_JUMP
ram:00040b88	ram:00040b94	CONDITIONAL_JUMP
ram:00040baa	ram:e00abcfa	COMPUTED_CALL
ram:00040bb0	ram:00040bdc	CONDITIONAL_JUMP
ram:00040bcc	ram:e00abcfa	COMPUTED_CALL
ram:00040bd2	ram:00040bfe	CONDITIONAL_JUMP
ram:00040bd4	ram:00040bf6	CONDITIONAL_JUMP
ram:00040c00	ram:00040bc2	CONDITIONAL_JUMP
ram:00040c04	ram:00040bdc	UNCONDITIONAL_JUMP
ram:00040e78	ram:20001e1c	READ
ram:00040e8c	ram:00040eb0	CONDITIONAL_JUMP
ram:00040e98	ram:00040ea0	CONDITIONAL_JUMP
ram:00040e9e	ram:00040e8c	UNCONDITIONAL_JUMP
ram:00040ea8	ram:000404da	UNCONDITIONAL_CALL
ram:00040eac	ram:00040e9c	CONDITIONAL_JUMP
ram:00040ec2	ram:20002000	PARAM
ram:00040ec8	ram:20001e1c	READ
ram:00040ece	Stack[-0x10]	DATA
ram:00040ed8	ram:00040ee8	CONDITIONAL_JUMP
ram:00040ee2	Stack[-0x10]	DATA
ram:00040ef2	ram:e009d936	COMPUTED_CALL
ram:00040ef6	ram:00040eda	CONDITIONAL_JUMP
ram:00040efc	ram:00040ed8	UNCONDITIONAL_JUMP
ram:00040f00	ram:20002000	PARAM
ram:00040f06	ram:20001e1c	READ
ram:00040f0c	Stack[-0x10]	DATA
ram:00040f16	ram:00040f26	CONDITIONAL_JUMP
ram:00040f20	Stack[-0x10]	DATA
ram:00040f30	ram:e009d936	COMPUTED_CALL
ram:00040f34	ram:00040f18	CONDITIONAL_JUMP
ram:00040f3a	ram:00040f16	UNCONDITIONAL_JUMP
ram:00040f58	ram:00040f60	CONDITIONAL_JUMP
ram:00040f5e	ram:00040fae	UNCONDITIONAL_JUMP
ram:00040f68	ram:00040fbe	CONDITIONAL_JUMP
ram:00040f70	ram:00040f78	CONDITIONAL_JUMP
ram:00040f76	ram:00040f56	UNCONDITIONAL_JUMP
ram:00040f80	ram:00040f74	CONDITIONAL_JUMP
ram:00040f8c	ram:000404da	UNCONDITIONAL_CALL
ram:00040f90	ram:00040f74	CONDITIONAL_JUMP
ram:00040f9c	ram:00040f74	CONDITIONAL_JUMP
ram:00040fa8	ram:00040f74	CONDITIONAL_JUMP
ram:00040fbe	ram:00040f74	CONDITIONAL_JUMP
ram:00040fca	ram:00040f74	CONDITIONAL_JUMP
ram:00040fd6	ram:000404da	UNCONDITIONAL_CALL
ram:00040fda	ram:00040f74	CONDITIONAL_JUMP
ram:00040fde	ram:00040fac	UNCONDITIONAL_JUMP
ram:00040fe8	ram:20001e14	READ
ram:00040ff6	ram:00041004	CONDITIONAL_JUMP
ram:0004100e	ram:00041016	CONDITIONAL_JUMP
ram:00041014	ram:00040ff6	UNCONDITIONAL_JUMP
ram:00041020	ram:000404da	UNCONDITIONAL_CALL
ram:00041024	ram:00041012	CONDITIONAL_JUMP
ram:0004102a	ram:00040ffa	UNCONDITIONAL_JUMP
ram:00041034	ram:20001eb0	READ
ram:0004104c	ram:e00a240c	COMPUTED_CALL
ram:00041050	ram:20001eb0	READ
ram:00041060	ram:20001e84	READ
ram:00041174	ram:20001e84	READ
ram:0004117c	ram:00041210	CONDITIONAL_JUMP
ram:00041186	ram:20001e84	READ
ram:00041192	ram:20001e84	READ
ram:0004119e	ram:20001e84	READ
ram:000411aa	ram:20001e84	READ
ram:00041212	ram:00041174	UNCONDITIONAL_JUMP
ram:00041214	ram:20002000	PARAM
ram:00041218	ram:20001e88	READ
ram:00041234	ram:000412ae	CONDITIONAL_JUMP
ram:0004124a	ram:20001e9a	READ
ram:00041252	ram:00041264	CONDITIONAL_JUMP
ram:00041256	ram:20001e84	READ
ram:00041260	ram:20001e9a	WRITE
ram:00041264	ram:20001e94	READ
ram:0004126c	ram:00041286	CONDITIONAL_JUMP
ram:00041272	ram:20001c00	READ
ram:00041278	ram:20001ea4	WRITE
ram:0004127a	ram:20001e94	READ
ram:00041282	ram:20001e94	WRITE
ram:00041286	ram:20001e98	READ
ram:0004128e	ram:000412ae	CONDITIONAL_JUMP
ram:00041292	ram:20001e99	WRITE
ram:0004129a	ram:20001eb0	READ
ram:000412a6	ram:20001e98	WRITE
ram:000412aa	ram:20001ea0	READ
ram:000412ae	ram:20001e88	READ
ram:000412b8	ram:000412ce	CONDITIONAL_JUMP
ram:000412ca	ram:20001e98	WRITE
ram:000412d4	ram:000412ec	CONDITIONAL_JUMP
ram:000412e8	ram:20001e98	WRITE
ram:000412ec	ram:20001e84	READ
ram:000412f6	ram:00041304	CONDITIONAL_JUMP
ram:00041332	Stack[-0x40]	DATA
ram:00041334	ram:00041214	UNCONDITIONAL_CALL
ram:00041354	Stack[-0x40]	DATA
ram:00041364	ram:20001eb0	READ
ram:0004136c	ram:20001e94	READ
ram:00041372	ram:0004137e	CONDITIONAL_JUMP
ram:00041374	ram:20001e98	WRITE
ram:00041378	ram:20001e99	WRITE
ram:0004137e	ram:20001e95	READ
ram:00041384	ram:00041374	CONDITIONAL_JUMP
ram:00041388	ram:0004136c	CONDITIONAL_JUMP
ram:0004138a	ram:20001e99	READ
ram:0004138e	ram:00041378	UNCONDITIONAL_JUMP
ram:0004143a	ram:20001eb0	READ
ram:0004143e	ram:000414cc	CONDITIONAL_JUMP
ram:00041444	ram:00041442	CONDITIONAL_JUMP
ram:00041452	ram:20001e96	WRITE
ram:0004145a	ram:e00a217a	COMPUTED_CALL
ram:00041462	ram:20001e88	READ
ram:00041476	ram:20001eb0	READ
ram:0004147a	ram:20001e99	WRITE
ram:0004147e	ram:20001e95	WRITE
ram:0004148a	ram:e000ed10	READ
ram:00041490	ram:e000ed10	WRITE
ram:00041494	ram:e000ed10	READ
ram:0004149a	ram:e000ed10	WRITE
ram:000414a2	ram:20001eb0	READ
ram:000414ae	ram:20001e96	READ
ram:000414b4	ram:000414c2	CONDITIONAL_JUMP
ram:000414b6	ram:20001e97	READ
ram:000414bc	ram:0004154a	CONDITIONAL_JUMP
ram:000414be	ram:20001e98	WRITE
ram:000414ce	ram:000414ec	CONDITIONAL_JUMP
ram:000414d6	ram:20001e88	READ
ram:000414ea	ram:000414a2	UNCONDITIONAL_JUMP
ram:000414ee	ram:000414a2	CONDITIONAL_JUMP
ram:000414fc	ram:20001eb0	READ
ram:00041510	ram:20001e98	WRITE
ram:00041518	ram:20001e88	READ
ram:00041524	ram:00041536	CONDITIONAL_JUMP
ram:00041534	ram:000414a2	UNCONDITIONAL_JUMP
ram:0004153c	ram:00041544	CONDITIONAL_JUMP
ram:00041542	ram:0004152c	UNCONDITIONAL_JUMP
ram:00041548	ram:0004152c	UNCONDITIONAL_JUMP
ram:0004154c	ram:000414ae	CONDITIONAL_JUMP
ram:0004154e	ram:000414c2	UNCONDITIONAL_JUMP
ram:00041558	ram:20001e88	READ
ram:0004157a	ram:20001efc	READ
ram:00041590	ram:20001eb0	READ
ram:000415a2	ram:00040484	UNCONDITIONAL_CALL
ram:000415aa	ram:e00a240c	COMPUTED_CALL
ram:000415b2	ram:e00a24d2	COMPUTED_CALL
ram:000415b6	ram:20001e88	READ
ram:0004160e	ram:20001efc	READ
ram:0004161e	ram:20001eb0	READ
ram:00041642	ram:00041702	CONDITIONAL_JUMP
ram:00041644	ram:20001e88	READ
ram:00041648	ram:20001efc	READ
ram:00041680	ram:20001eb0	READ
ram:0004168e	ram:000416bc	CONDITIONAL_JUMP
ram:00041696	Stack[-0x48]	DATA
ram:000416a4	ram:000416b4	CONDITIONAL_JUMP
ram:000416b0	Stack[-0x48]	DATA
ram:000416c0	ram:000416cc	CONDITIONAL_JUMP
ram:000416c8	ram:00041686	CONDITIONAL_JUMP
ram:000416d8	Stack[-0x48]	DATA
ram:000416dc	ram:000416f4	CONDITIONAL_JUMP
ram:000416f6	ram:000416fc	CONDITIONAL_JUMP
ram:0004170a	ram:0004162e	CONDITIONAL_JUMP
ram:00041722	ram:20001eb0	READ
ram:0004172c	ram:00041750	CONDITIONAL_JUMP
ram:00041736	ram:00041750	CONDITIONAL_JUMP
ram:00041746	ram:20001b80	READ
ram:0004174a	ram:20001b80	WRITE
ram:00041756	ram:00041778	CONDITIONAL_JUMP
ram:00041760	ram:20001e96	READ
ram:00041768	ram:20001e96	WRITE
ram:00041770	ram:20001e98	WRITE
ram:0004177c	ram:00041796	CONDITIONAL_JUMP
ram:00041786	ram:20001e95	READ
ram:0004178e	ram:20001e95	WRITE
ram:0004179c	ram:000417a6	CONDITIONAL_JUMP
ram:000417a4	ram:000417fc	CONDITIONAL_JUMP
ram:000417b4	ram:000418b4	CONDITIONAL_JUMP
ram:000417b8	ram:20001e88	READ
ram:000417c2	ram:000418ae	CONDITIONAL_JUMP
ram:000417ca	ram:20001eac	READ
ram:000417d4	ram:00041882	CONDITIONAL_JUMP
ram:000417d6	ram:000418a8	CONDITIONAL_JUMP
ram:000417de	ram:20001e94	READ
ram:000417e6	ram:20001e94	WRITE
ram:000417ee	ram:20001e88	READ
ram:000417fc	ram:20001eb0	READ
ram:00041806	ram:0004182e	CONDITIONAL_JUMP
ram:00041812	ram:20001dd4	READ
ram:0004181c	ram:000418c8	CONDITIONAL_JUMP
ram:0004181e	ram:20001dd4	READ
ram:00041826	ram:20001dd4	WRITE
ram:00041834	ram:00041856	CONDITIONAL_JUMP
ram:00041840	ram:20001e98	READ
ram:00041848	ram:00041852	CONDITIONAL_JUMP
ram:0004184e	ram:20001e98	WRITE
ram:0004185c	ram:00041880	CONDITIONAL_JUMP
ram:00041868	ram:20001dd5	READ
ram:0004186e	ram:000418e8	CONDITIONAL_JUMP
ram:00041870	ram:20001dd5	READ
ram:00041878	ram:20001dd5	WRITE
ram:00041882	ram:000417d8	CONDITIONAL_JUMP
ram:00041886	ram:00041890	CONDITIONAL_JUMP
ram:0004188e	ram:000417dc	UNCONDITIONAL_JUMP
ram:00041892	ram:0004189c	CONDITIONAL_JUMP
ram:0004189a	ram:000417dc	UNCONDITIONAL_JUMP
ram:0004189e	ram:000418a8	CONDITIONAL_JUMP
ram:000418a6	ram:000417dc	UNCONDITIONAL_JUMP
ram:000418ac	ram:000417dc	UNCONDITIONAL_JUMP
ram:000418b2	ram:000417dc	UNCONDITIONAL_JUMP
ram:000418b8	ram:20001e97	READ
ram:000418c0	ram:20001e97	WRITE
ram:000418c6	ram:000417ec	UNCONDITIONAL_JUMP
ram:000418c8	ram:20001dd4	READ
ram:000418d0	ram:000418e0	CONDITIONAL_JUMP
ram:000418d4	ram:20001dd4	READ
ram:000418dc	ram:0004182a	CONDITIONAL_JUMP
ram:000418e2	ram:20001dd4	WRITE
ram:000418e6	ram:0004182a	UNCONDITIONAL_JUMP
ram:000418e8	ram:20001dd5	READ
ram:000418ee	ram:0004187c	CONDITIONAL_JUMP
ram:000418f0	ram:20001dd5	READ
ram:000418f8	ram:00041878	UNCONDITIONAL_JUMP
ram:0004191a	Stack[-0x40]	DATA
ram:0004191c	ram:0004171e	UNCONDITIONAL_CALL
ram:0004193c	Stack[-0x40]	DATA
ram:00041954	ram:20001ee1	READ
ram:00041958	ram:20001ecf	READ
ram:0004195c	ram:20001ec8	READ
ram:00041966	ram:20001eb5	WRITE
ram:0004196a	ram:20001ee1	WRITE
ram:00041970	ram:000419a4	CONDITIONAL_JUMP
ram:00041972	ram:20001ee5	READ
ram:0004198c	ram:0004199e	CONDITIONAL_JUMP
ram:0004198e	ram:00041998	CONDITIONAL_JUMP
ram:00041992	ram:20001eb5	WRITE
ram:000419a0	ram:00041982	CONDITIONAL_JUMP
ram:00041a64	ram:20001c00	READ
ram:00041a6c	Stack[-0x10]	DATA
ram:00041a7c	ram:20001edc	READ
ram:00041a7e	ram:00041aee	CONDITIONAL_JUMP
ram:00041a86	ram:20001bd2	READ
ram:00041a8e	ram:00041ade	CONDITIONAL_JUMP
ram:00041a9c	ram:20001ece	READ
ram:00041aa8	ram:00041aee	CONDITIONAL_JUMP
ram:00041aac	ram:00041944	UNCONDITIONAL_CALL
ram:00041aae	ram:20001ece	READ
ram:00041ab2	ram:20001edc	READ
ram:00041abe	ram:20001edc	WRITE
ram:00041ac2	ram:00041aac	CONDITIONAL_JUMP
ram:00041ac8	ram:20001eb5	READ
ram:00041ad0	Stack[-0x10]	DATA
ram:00041ada	ram:e00a29f4	COMPUTED_JUMP
ram:00041ade	ram:00041a92	CONDITIONAL_JUMP
ram:00041aec	ram:00041a94	UNCONDITIONAL_JUMP
ram:00041af4	Stack[-0x10]	DATA
ram:00041b30	ram:20001b5c	READ
ram:00041b34	ram:20001b54	READ
ram:00041b3a	ram:00041b40	CONDITIONAL_JUMP
ram:00041b44	ram:00041b4c	CONDITIONAL_JUMP
ram:00041b4e	ram:00041b3a	UNCONDITIONAL_JUMP
ram:00041b54	ram:20001bbc	READ
ram:00041b64	ram:20001b5c	WRITE
ram:00041b68	ram:20001bc0	READ
ram:00041b7a	ram:20001b54	WRITE
ram:00041b86	ram:00041b8e	CONDITIONAL_JUMP
ram:00041b92	ram:20002000	PARAM
ram:00041b96	ram:20001b58	WRITE
ram:00041bb6	ram:00041b28	UNCONDITIONAL_CALL
ram:00041bbe	ram:20001b6a	WRITE
ram:00041bce	ram:20001b5c	READ
ram:00041bd2	ram:20001b54	READ
ram:00041bd8	ram:00041bde	CONDITIONAL_JUMP
ram:00041be2	ram:00041bee	CONDITIONAL_JUMP
ram:00041be8	ram:00041bee	CONDITIONAL_JUMP
ram:00041bf0	ram:00041bd8	UNCONDITIONAL_JUMP
ram:00041bfa	ram:20001b5c	READ
ram:00041bfe	ram:20001b54	READ
ram:00041c08	ram:00041c10	CONDITIONAL_JUMP
ram:00041c0e	ram:00041c28	UNCONDITIONAL_JUMP
ram:00041c16	ram:00041c08	CONDITIONAL_JUMP
ram:00041c1a	ram:00041c08	CONDITIONAL_JUMP
ram:00041c20	ram:00041c08	CONDITIONAL_JUMP
ram:00041c24	ram:00041c08	CONDITIONAL_JUMP
ram:00041c30	ram:00041c3c	CONDITIONAL_JUMP
ram:00041c40	ram:00041c3a	CONDITIONAL_JUMP
ram:00041c48	ram:00041c6e	CONDITIONAL_JUMP
ram:00041c54	ram:00041c70	CONDITIONAL_JUMP
ram:00041c60	ram:20000104	COMPUTED_CALL
ram:00041c74	ram:00041c84	CONDITIONAL_JUMP
ram:00041ca2	ram:20000040	COMPUTED_CALL
ram:00041ca6	ram:00041c7a	CONDITIONAL_JUMP
ram:00041cb8	ram:00041c7c	UNCONDITIONAL_JUMP
ram:00041cc2	ram:20001b60	READ
ram:00041cc8	Stack[-0x10]	DATA
ram:00041cd0	ram:00041cda	CONDITIONAL_JUMP
ram:00041cd4	ram:0004244a	UNCONDITIONAL_CALL
ram:00041cd6	ram:00041d02	CONDITIONAL_JUMP
ram:00041cd8	ram:00041ce8	UNCONDITIONAL_JUMP
ram:00041cde	ram:00041d10	CONDITIONAL_JUMP
ram:00041ce2	ram:00041d1a	CONDITIONAL_JUMP
ram:00041ce6	ram:00042138	UNCONDITIONAL_CALL
ram:00041ce8	ram:20001b60	READ
ram:00041cf0	ram:00041d1e	CONDITIONAL_JUMP
ram:00041cf4	ram:20001b60	WRITE
ram:00041d0a	Stack[-0x10]	DATA
ram:00041d10	ram:00041d14	CONDITIONAL_JUMP
ram:00041d18	ram:00041cd0	UNCONDITIONAL_JUMP
ram:00041d1c	ram:00041d14	UNCONDITIONAL_JUMP
ram:00041d22	ram:00041cf8	UNCONDITIONAL_JUMP
ram:00041d24	ram:00041d80	CONDITIONAL_JUMP
ram:00041d2a	ram:20001b65	READ
ram:00041d38	ram:00041d42	CONDITIONAL_JUMP
ram:00041d3e	ram:00041d4e	CONDITIONAL_JUMP
ram:00041d42	ram:00041c48	UNCONDITIONAL_CALL
ram:00041d52	ram:00041d60	CONDITIONAL_JUMP
ram:00041d5c	ram:00041d66	CONDITIONAL_JUMP
ram:00041d60	ram:00041c48	UNCONDITIONAL_CALL
ram:00041d64	ram:00041d46	UNCONDITIONAL_JUMP
ram:00041d6e	ram:20001b60	PARAM
ram:00041d72	ram:00041c2a	UNCONDITIONAL_CALL
ram:00041d7e	ram:00042138	UNCONDITIONAL_CALL
ram:00041d88	ram:20001b60	WRITE
ram:00041d92	ram:20001bb8	READ
ram:00041d96	ram:00041d9c	CONDITIONAL_JUMP
ram:00041da0	ram:00041dac	CONDITIONAL_JUMP
ram:00041da8	ram:00041d98	CONDITIONAL_JUMP
ram:00041dae	ram:00041d96	UNCONDITIONAL_JUMP
ram:00041db0	ram:00041e2e	CONDITIONAL_JUMP
ram:00041dc8	ram:00041e24	CONDITIONAL_JUMP
ram:00041dd4	ram:20002000	PARAM
ram:00041dd8	ram:20001bf8	READ
ram:00041dee	ram:00041dfa	CONDITIONAL_JUMP
ram:00041e00	ram:20001bf8	READ
ram:00041e08	ram:00041e12	CONDITIONAL_JUMP
ram:00041e26	ram:00041dc2	CONDITIONAL_JUMP
ram:00041e2c	ram:00041e12	UNCONDITIONAL_JUMP
ram:00041e3e	Stack[-0x10]	DATA
ram:00041e44	ram:00041e60	CONDITIONAL_JUMP
ram:00041e48	ram:00041cba	UNCONDITIONAL_CALL
ram:00041e4a	ram:00041e4e	CONDITIONAL_JUMP
ram:00041e4c	ram:00041c48	UNCONDITIONAL_CALL
ram:00041e5a	Stack[-0x10]	DATA
ram:00041e60	ram:00041e52	CONDITIONAL_JUMP
ram:00041e6e	ram:00041ea4	CONDITIONAL_JUMP
ram:00041e7a	ram:20002000	PARAM
ram:00041e7e	ram:20001bf8	READ
ram:00041ea2	ram:00041e52	UNCONDITIONAL_JUMP
ram:00041ea6	ram:00041e68	CONDITIONAL_JUMP
ram:00041eac	ram:00041ea0	UNCONDITIONAL_JUMP
ram:00041eb2	ram:20001bdc	READ
ram:00041ec4	ram:00041ed0	CONDITIONAL_JUMP
ram:00041ec8	ram:200019a0	READ
ram:00041ecc	ram:200019a0	WRITE
ram:00041ece	ram:00041eda	UNCONDITIONAL_JUMP
ram:00041ed4	ram:20001c00	READ
ram:00041ed8	ram:00041ec6	CONDITIONAL_JUMP
ram:00041eda	ram:200019a0	READ
ram:00041ef4	ram:200019a0	WRITE
ram:00041f06	ram:0005667a	UNCONDITIONAL_CALL
ram:00041f0c	ram:00041fe2	CONDITIONAL_JUMP
ram:00041f14	ram:20001bbc	PARAM
ram:00041f18	ram:20001bd1	READ
ram:00041f22	ram:00041fcc	CONDITIONAL_JUMP
ram:00041f2e	ram:20001b74	READ
ram:00041f34	ram:00041f6a	CONDITIONAL_JUMP
ram:00041f3c	ram:20001c00	READ
ram:00041f44	ram:20001b74	READ
ram:00041f46	ram:00041f4c	CONDITIONAL_JUMP
ram:00041f4c	ram:20001bd1	READ
ram:00041f54	ram:20001bd2	READ
ram:00041f58	ram:00041f74	CONDITIONAL_JUMP
ram:00041f60	ram:00041f74	CONDITIONAL_JUMP
ram:00041f68	ram:00041fde	UNCONDITIONAL_JUMP
ram:00041f6a	ram:20001bd2	READ
ram:00041f6e	ram:00041fd6	CONDITIONAL_JUMP
ram:00041f7c	ram:20001eac	READ
ram:00041f82	ram:00041f98	CONDITIONAL_JUMP
ram:00041f88	ram:20001efc	READ
ram:00041f98	ram:00041f9e	CONDITIONAL_JUMP
ram:00041fa2	ram:20001be0	READ
ram:00041fa8	ram:00041fb6	CONDITIONAL_JUMP
ram:00041faa	ram:20001eac	READ
ram:00041fac	ram:00041fcc	CONDITIONAL_JUMP
ram:00041fae	ram:00062730	UNCONDITIONAL_CALL
ram:00041fb2	ram:00061c92	UNCONDITIONAL_CALL
ram:00041fb6	ram:20001eac	READ
ram:00041fb8	ram:00041fcc	CONDITIONAL_JUMP
ram:00041fbe	ram:20001efc	READ
ram:00041fd6	ram:00041f72	CONDITIONAL_JUMP
ram:00041fe0	ram:00041f74	UNCONDITIONAL_JUMP
ram:00041fea	ram:20001b74	READ
ram:00041ff0	ram:00041fcc	CONDITIONAL_JUMP
ram:00041ff8	ram:20001c00	READ
ram:00042006	ram:20001bd1	READ
ram:0004200a	ram:20001b74	READ
ram:00042010	ram:20001bd2	READ
ram:00042014	ram:00041f74	CONDITIONAL_JUMP
ram:00042018	ram:00041f74	CONDITIONAL_JUMP
ram:0004201c	ram:00041f64	UNCONDITIONAL_JUMP
ram:0004201e	ram:00042108	CONDITIONAL_JUMP
ram:0004202a	ram:0004210a	CONDITIONAL_JUMP
ram:00042038	ram:20001bf8	READ
ram:00042064	ram:000420fe	CONDITIONAL_JUMP
ram:0004207e	ram:20000040	COMPUTED_CALL
ram:00042082	ram:000420b2	CONDITIONAL_JUMP
ram:00042088	ram:20001bec	READ
ram:0004208c	ram:000420aa	CONDITIONAL_JUMP
ram:000420b0	ram:0004208e	UNCONDITIONAL_JUMP
ram:000420b6	ram:20001bb8	READ
ram:000420ba	ram:000420f6	CONDITIONAL_JUMP
ram:000420bc	ram:20001bb8	WRITE
ram:000420c4	ram:20001bf8	READ
ram:000420ea	ram:0004208e	CONDITIONAL_JUMP
ram:000420f2	ram:0004208e	UNCONDITIONAL_JUMP
ram:000420f8	ram:000420f4	CONDITIONAL_JUMP
ram:000420fc	ram:000420c0	UNCONDITIONAL_JUMP
ram:00042100	ram:00042054	CONDITIONAL_JUMP
ram:00042106	ram:00042090	UNCONDITIONAL_JUMP
ram:00042112	ram:20001bfc	READ
ram:00042124	ram:0004212e	CONDITIONAL_JUMP
ram:00042128	ram:20001b78	READ
ram:0004212c	ram:20001b78	WRITE
ram:0004212e	ram:20001b78	READ
ram:0004213c	ram:20001b65	READ
ram:00042140	ram:00042160	CONDITIONAL_JUMP
ram:0004214c	ram:20001bb4	READ
ram:00042168	ram:20001b65	READ
ram:0004216c	ram:00042190	CONDITIONAL_JUMP
ram:00042178	ram:20001bb4	READ
ram:00042198	ram:00042246	CONDITIONAL_JUMP
ram:000421a6	ram:20001bf8	READ
ram:000421b0	ram:00042248	CONDITIONAL_JUMP
ram:000421d6	ram:00041d8e	UNCONDITIONAL_CALL
ram:000421dc	ram:00042236	CONDITIONAL_JUMP
ram:000421e2	ram:00042164	UNCONDITIONAL_CALL
ram:000421e8	ram:20001c00	READ
ram:000421f2	ram:20001b8c	READ
ram:00042210	ram:0006bae2	UNCONDITIONAL_CALL
ram:00042218	ram:20001bd2	READ
ram:0004221e	ram:00042230	CONDITIONAL_JUMP
ram:00042226	ram:00042230	CONDITIONAL_JUMP
ram:00042258	ram:20001b65	READ
ram:00042266	ram:0004227c	CONDITIONAL_JUMP
ram:00042280	ram:20001c00	READ
ram:00042284	ram:0004226a	CONDITIONAL_JUMP
ram:00042288	ram:20001b8c	READ
ram:000422a8	ram:0006bae2	UNCONDITIONAL_CALL
ram:000422b4	ram:0004226a	CONDITIONAL_JUMP
ram:000422ba	ram:20001b8c	READ
ram:000422d8	ram:0006bae2	UNCONDITIONAL_CALL
ram:000422dc	ram:20002000	PARAM
ram:000422e4	ram:20001bd2	READ
ram:000422ee	ram:00042300	CONDITIONAL_JUMP
ram:000422f6	ram:00042300	CONDITIONAL_JUMP
ram:00042304	ram:00041d8e	UNCONDITIONAL_CALL
ram:00042306	ram:0004230e	CONDITIONAL_JUMP
ram:0004230c	ram:0004226c	UNCONDITIONAL_JUMP
ram:0004231c	ram:20000040	COMPUTED_CALL
ram:00042320	ram:00042330	CONDITIONAL_JUMP
ram:00042322	ram:20001bec	READ
ram:00042326	ram:0004226a	CONDITIONAL_JUMP
ram:0004232e	ram:0004226a	UNCONDITIONAL_JUMP
ram:00042334	ram:20001bb8	READ
ram:00042338	ram:0004235a	CONDITIONAL_JUMP
ram:0004233a	ram:20001bb8	WRITE
ram:00042356	ram:0004230a	UNCONDITIONAL_JUMP
ram:0004235c	ram:00042358	CONDITIONAL_JUMP
ram:00042360	ram:0004233e	UNCONDITIONAL_JUMP
ram:00042362	ram:000423f2	CONDITIONAL_JUMP
ram:00042392	ram:20001bf8	READ
ram:0004239a	ram:000423e2	CONDITIONAL_JUMP
ram:000423ae	ram:0004224c	UNCONDITIONAL_CALL
ram:000423b0	ram:000423e2	CONDITIONAL_JUMP
ram:000423b2	ram:20001bf8	READ
ram:000423c2	ram:000423ca	CONDITIONAL_JUMP
ram:000423ea	ram:00042392	CONDITIONAL_JUMP
ram:000423f0	ram:000423ca	UNCONDITIONAL_JUMP
ram:000423fc	Stack[-0x10]	DATA
ram:00042406	ram:0004224c	UNCONDITIONAL_CALL
ram:0004240c	ram:00041d8e	UNCONDITIONAL_CALL
ram:0004240e	ram:00042446	CONDITIONAL_JUMP
ram:00042414	ram:20001b8c	READ
ram:00042432	ram:0006bae2	UNCONDITIONAL_CALL
ram:00042440	Stack[-0x10]	DATA
ram:00042448	ram:0004243a	UNCONDITIONAL_JUMP
ram:00042450	Stack[-0x10]	DATA
ram:00042458	ram:00041d8e	UNCONDITIONAL_CALL
ram:0004245c	ram:00042462	CONDITIONAL_JUMP
ram:00042466	ram:00042164	UNCONDITIONAL_CALL
ram:0004246c	ram:20001b64	READ
ram:00042470	ram:00042482	CONDITIONAL_JUMP
ram:00042478	ram:20001bb0	READ
ram:0004247e	ram:20001bb0	WRITE
ram:00042484	ram:00042488	CONDITIONAL_JUMP
ram:0004248e	Stack[-0x10]	DATA
ram:00042498	ram:000424e8	CONDITIONAL_JUMP
ram:000424ac	ram:20001bf8	READ
ram:000424b8	ram:000424dc	CONDITIONAL_JUMP
ram:000424ca	ram:0004244a	UNCONDITIONAL_CALL
ram:000424cc	ram:20001bf8	READ
ram:000424f4	ram:00041d8e	UNCONDITIONAL_CALL
ram:000424f6	ram:00042502	CONDITIONAL_JUMP
ram:00042506	ram:20001c00	READ
ram:00042512	ram:20001bd2	READ
ram:00042516	ram:00042546	CONDITIONAL_JUMP
ram:00042526	ram:000424f8	CONDITIONAL_JUMP
ram:00042532	ram:20002000	PARAM
ram:00042536	ram:20001b8c	READ
ram:00042540	ram:0006bae2	UNCONDITIONAL_CALL
ram:00042544	ram:000424fa	UNCONDITIONAL_JUMP
ram:00042546	ram:0004251a	CONDITIONAL_JUMP
ram:00042550	ram:0004251a	UNCONDITIONAL_JUMP
ram:00042554	ram:20002000	PARAM
ram:0004255a	ram:20001bfc	WRITE
ram:00042566	ram:20001b7c	WRITE
ram:00042572	ram:00042584	CONDITIONAL_JUMP
ram:00042582	ram:20001b94	DATA
ram:0004258a	ram:20001bb8	WRITE
ram:00042598	ram:20001bfc	WRITE
ram:0004259e	ram:20002000	PARAM
ram:000425a4	ram:20001b94	PARAM
ram:000425aa	ram:20001c00	WRITE
ram:000425ba	ram:20000214	COMPUTED_CALL
ram:000425be	ram:20001b64	PARAM
ram:000425cc	ram:20000214	COMPUTED_CALL
ram:000425d0	ram:00041b50	UNCONDITIONAL_CALL
ram:000425d8	ram:20001bd3	READ
ram:000425fc	ram:20001b66	WRITE
ram:0004260c	ram:20000040	COMPUTED_CALL
ram:00042610	ram:20001bf8	WRITE
ram:00042614	ram:00042696	CONDITIONAL_JUMP
ram:00042616	ram:20001b66	READ
ram:0004262a	ram:20000214	COMPUTED_CALL
ram:0004262e	ram:20001bf8	READ
ram:00042632	ram:20001b66	READ
ram:00042640	ram:20001b90	WRITE
ram:00042646	ram:20002000	PARAM
ram:0004264a	ram:20001bb4	WRITE
ram:0004264e	ram:00041d84	UNCONDITIONAL_CALL
ram:00042652	ram:00042a74	UNCONDITIONAL_CALL
ram:00042654	ram:20001b65	READ
ram:00042658	ram:20001b90	READ
ram:0004266a	ram:00041db0	DATA
ram:00042680	ram:00041e32	DATA
ram:0004268e	ram:20001b65	WRITE
ram:00042694	ram:00041e32	DATA
ram:000426a8	ram:20001b65	READ
ram:000426ac	ram:20001b66	READ
ram:000426b0	ram:000426d0	CONDITIONAL_JUMP
ram:000426b8	ram:20001b90	READ
ram:000426c0	ram:20001b65	WRITE
ram:000426d4	ram:000426cc	UNCONDITIONAL_JUMP
ram:000426d8	ram:000427ee	CONDITIONAL_JUMP
ram:000426e0	ram:20000000	PARAM
ram:000426e6	ram:000427f0	CONDITIONAL_JUMP
ram:000426ee	ram:000427f0	CONDITIONAL_JUMP
ram:00042708	ram:200002b4	COMPUTED_CALL
ram:00042710	ram:000427e2	CONDITIONAL_JUMP
ram:00042716	ram:00042722	CONDITIONAL_JUMP
ram:0004271c	ram:000427e2	CONDITIONAL_JUMP
ram:00042720	ram:000427e2	CONDITIONAL_JUMP
ram:0004272c	ram:20001bbc	PARAM
ram:00042734	ram:20000214	COMPUTED_CALL
ram:0004273e	ram:20001bbc	PARAM
ram:00042746	ram:200001dc	COMPUTED_CALL
ram:0004274e	ram:20001bc8	READ
ram:00042752	ram:0004275c	CONDITIONAL_JUMP
ram:00042758	ram:20001bc8	WRITE
ram:0004275c	ram:20001bca	READ
ram:00042760	ram:00042768	CONDITIONAL_JUMP
ram:00042764	ram:20001bca	WRITE
ram:00042768	ram:20001bcc	READ
ram:0004276c	ram:00042774	CONDITIONAL_JUMP
ram:00042770	ram:20001bcc	WRITE
ram:00042774	ram:20001bcb	READ
ram:00042778	ram:00042780	CONDITIONAL_JUMP
ram:0004277c	ram:20001bcb	WRITE
ram:00042780	ram:20001bce	READ
ram:00042784	ram:0004278c	CONDITIONAL_JUMP
ram:00042788	ram:20001bce	WRITE
ram:0004278c	ram:20001bcf	READ
ram:00042790	ram:0004279a	CONDITIONAL_JUMP
ram:00042792	ram:20001bcb	READ
ram:00042796	ram:20001bcf	WRITE
ram:0004279a	ram:20001bd0	READ
ram:0004279e	ram:000427a6	CONDITIONAL_JUMP
ram:000427a2	ram:20001bd0	WRITE
ram:000427a6	ram:20001bd5	READ
ram:000427aa	ram:000427b4	CONDITIONAL_JUMP
ram:000427b0	ram:20001bd5	WRITE
ram:000427b4	ram:20001bd1	READ
ram:000427b8	ram:000427c2	CONDITIONAL_JUMP
ram:000427be	ram:20001bd1	WRITE
ram:000427c6	ram:000427d0	CONDITIONAL_JUMP
ram:000427cc	ram:20001bd4	WRITE
ram:000427d0	ram:20001be4	READ
ram:000427d2	ram:000427de	CONDITIONAL_JUMP
ram:000427d6	ram:20002000	PARAM
ram:000427da	ram:20001b6c	WRITE
ram:000427de	ram:00042586	UNCONDITIONAL_CALL
ram:000427f8	ram:20001c00	READ
ram:0004281a	ram:20001b8c	READ
ram:00042826	ram:0006bae2	UNCONDITIONAL_CALL
ram:0004282a	ram:20001b7c	READ
ram:00042830	ram:00042858	CONDITIONAL_JUMP
ram:0004283c	ram:00042854	CONDITIONAL_JUMP
ram:0004284c	ram:0006bae2	UNCONDITIONAL_CALL
ram:00042854	ram:20001b7c	WRITE
ram:00042874	ram:0006bf30	PARAM
ram:0004287a	ram:0006be7a	UNCONDITIONAL_CALL
ram:0004288c	ram:20001b8e	READ
ram:000428aa	ram:20001b8e	READ
ram:000428b2	ram:000428ea	CONDITIONAL_JUMP
ram:000428ba	ram:000428ea	CONDITIONAL_JUMP
ram:000428c4	ram:000428ea	CONDITIONAL_JUMP
ram:000428ce	ram:000428ea	CONDITIONAL_JUMP
ram:000428d8	ram:000428ea	CONDITIONAL_JUMP
ram:000428e2	ram:000428ea	CONDITIONAL_JUMP
ram:000428f6	ram:00041eae	UNCONDITIONAL_CALL
ram:0004291a	ram:00041eae	UNCONDITIONAL_CALL
ram:0004293e	ram:00041eae	UNCONDITIONAL_CALL
ram:00042954	ram:20002000	PARAM
ram:0004295c	ram:20001be4	READ
ram:0004295e	ram:000429c0	CONDITIONAL_JUMP
ram:00042966	Stack[-0x10]	DATA
ram:00042978	ram:20001b6c	READ
ram:00042982	ram:000429b4	CONDITIONAL_JUMP
ram:00042986	ram:0004298c	CONDITIONAL_JUMP
ram:00042992	ram:00042998	CONDITIONAL_JUMP
ram:000429a0	ram:000429b4	CONDITIONAL_JUMP
ram:000429a4	ram:20001be8	READ
ram:000429a8	ram:000429ac	CONDITIONAL_JUMP
ram:000429ac	ram:000625d4	UNCONDITIONAL_CALL
ram:000429b0	ram:20001b6c	WRITE
ram:000429ba	Stack[-0x10]	DATA
ram:000429c2	ram:20002000	PARAM
ram:000429ca	ram:20001be8	READ
ram:000429d6	ram:000429de	CONDITIONAL_JUMP
ram:000429e2	ram:20001b64	PARAM
ram:000429e6	ram:20002000	PARAM
ram:000429ea	ram:00042a0e	CONDITIONAL_JUMP
ram:000429f4	ram:20001b8c	WRITE
ram:000429f6	ram:20001c00	WRITE
ram:000429fe	ram:000427f4	PARAM
ram:00042a02	ram:00042552	UNCONDITIONAL_CALL
ram:00042a0e	ram:20001bd2	READ
ram:00042a18	ram:00042a42	CONDITIONAL_JUMP
ram:00042a24	ram:20001b80	WRITE
ram:00042a28	ram:20001b8c	WRITE
ram:00042a30	ram:4000c268	WRITE
ram:00042a38	ram:200005dc	PARAM
ram:00042a3c	ram:20001c00	WRITE
ram:00042a3c	ram:200005dc	DATA
ram:00042a3c	ram:2000060e	DATA
ram:00042a40	ram:000429fa	UNCONDITIONAL_JUMP
ram:00042a46	ram:00042a5c	CONDITIONAL_JUMP
ram:00042a50	ram:20001b8c	WRITE
ram:00042a5a	ram:00042a3c	UNCONDITIONAL_JUMP
ram:00042a5e	ram:20001b8c	WRITE
ram:00042a62	ram:00042a6e	CONDITIONAL_JUMP
ram:00042a68	ram:20001b8e	WRITE
ram:00042a6c	ram:00042a52	UNCONDITIONAL_JUMP
ram:00042a72	ram:00042a68	UNCONDITIONAL_JUMP
ram:00042a80	ram:20001bc4	READ
ram:00042a88	ram:00042a98	CONDITIONAL_JUMP
ram:00042a9c	ram:20001bf0	READ
ram:00042a9e	ram:00042a8a	CONDITIONAL_JUMP
ram:00042aa0	ram:20001bf4	READ
ram:00042aa2	ram:00042a8a	CONDITIONAL_JUMP
ram:00042aaa	ram:20001bc4	READ
ram:00042aae	ram:00042a8a	CONDITIONAL_JUMP
ram:00042ab2	ram:20001bc8	READ
ram:00042ac2	ram:20000040	COMPUTED_CALL
ram:00042ac6	ram:20001b64	PARAM
ram:00042aca	ram:20001b84	WRITE
ram:00042ad0	ram:00042a8a	CONDITIONAL_JUMP
ram:00042ad2	ram:20001bc8	READ
ram:00042ae0	ram:20000214	COMPUTED_CALL
ram:00042ae4	ram:20001bca	READ
ram:00042ae8	ram:20001b84	READ
ram:00042aea	ram:00042b04	CONDITIONAL_JUMP
ram:00042af4	ram:20000104	COMPUTED_CALL
ram:00042afa	ram:20001b84	WRITE
ram:00042afe	ram:20001b88	WRITE
ram:00042b02	ram:00042a8c	UNCONDITIONAL_JUMP
ram:00042b04	ram:20001bc8	READ
ram:00042b08	ram:20001bc4	READ
ram:00042b0a	ram:20001bf4	READ
ram:00042b1a	ram:00042ae4	UNCONDITIONAL_JUMP
ram:00042b28	ram:20001bc4	READ
ram:00042b32	Stack[-0x10]	DATA
ram:00042b38	ram:00042b4c	CONDITIONAL_JUMP
ram:00042b3a	ram:20001b84	READ
ram:00042b3c	ram:00042ba2	CONDITIONAL_JUMP
ram:00042b44	Stack[-0x10]	DATA
ram:00042b50	ram:20001bf4	READ
ram:00042b52	ram:00042b3a	CONDITIONAL_JUMP
ram:00042b54	ram:20001b84	READ
ram:00042b56	ram:00042b6a	CONDITIONAL_JUMP
ram:00042b58	ram:20001bc8	READ
ram:00042b64	ram:20000040	COMPUTED_CALL
ram:00042b68	ram:20001b84	WRITE
ram:00042b6a	ram:20001b84	READ
ram:00042b6c	ram:00042b3a	CONDITIONAL_JUMP
ram:00042b6e	ram:20001bc8	READ
ram:00042b7c	ram:20000214	COMPUTED_CALL
ram:00042b80	ram:20001bca	READ
ram:00042b84	ram:20001b84	READ
ram:00042b86	ram:00042b3a	CONDITIONAL_JUMP
ram:00042b8a	ram:20001bc8	READ
ram:00042b8e	ram:20001bc4	READ
ram:00042b9a	ram:20001bf4	READ
ram:00042ba0	ram:00042b80	UNCONDITIONAL_JUMP
ram:00042ba6	ram:20000104	COMPUTED_CALL
ram:00042baa	ram:20001b84	WRITE
ram:00042bae	ram:20001b88	WRITE
ram:00042bb2	ram:00042b3e	UNCONDITIONAL_JUMP
ram:00042bc0	ram:20001bc4	READ
ram:00042bce	Stack[-0x20]	DATA
ram:00042bd6	ram:00042dce	CONDITIONAL_JUMP
ram:00042bde	ram:20001bf0	READ
ram:00042be2	ram:00042d06	CONDITIONAL_JUMP
ram:00042be8	ram:00042d0a	CONDITIONAL_JUMP
ram:00042bf0	ram:20001b64	PARAM
ram:00042bf4	ram:20001b84	READ
ram:00042bfc	ram:00042c90	CONDITIONAL_JUMP
ram:00042c00	ram:20001bc8	READ
ram:00042c0e	ram:20000040	COMPUTED_CALL
ram:00042c12	ram:20001b84	WRITE
ram:00042c16	ram:00042d06	CONDITIONAL_JUMP
ram:00042c18	ram:20001bc8	READ
ram:00042c1c	ram:20001bf0	READ
ram:00042c20	ram:20001bc4	READ
ram:00042c28	ram:20001bc4	READ
ram:00042c2c	ram:20001b84	READ
ram:00042c30	ram:20001b88	WRITE
ram:00042c34	ram:00042cc0	CONDITIONAL_JUMP
ram:00042c3a	ram:00042d06	CONDITIONAL_JUMP
ram:00042c3e	ram:20001bc8	READ
ram:00042c58	ram:00042cfe	CONDITIONAL_JUMP
ram:00042c60	ram:00042cfe	CONDITIONAL_JUMP
ram:00042c6e	ram:200001dc	COMPUTED_CALL
ram:00042c72	ram:20001b84	READ
ram:00042c76	ram:00042d9c	CONDITIONAL_JUMP
ram:00042c8a	Stack[-0x20]	DATA
ram:00042c90	ram:20001b88	READ
ram:00042c92	ram:00042c32	CONDITIONAL_JUMP
ram:00042c96	ram:20001bc8	READ
ram:00042ca4	ram:20000040	COMPUTED_CALL
ram:00042caa	ram:00042d06	CONDITIONAL_JUMP
ram:00042cac	ram:20001bc8	READ
ram:00042cb2	ram:20001bf0	READ
ram:00042cb6	ram:20001bc4	READ
ram:00042cbe	ram:00042c32	UNCONDITIONAL_JUMP
ram:00042cc2	ram:00042cd8	CONDITIONAL_JUMP
ram:00042cc8	ram:00042d06	CONDITIONAL_JUMP
ram:00042ccc	ram:20001bc8	READ
ram:00042cd6	ram:00042c4e	UNCONDITIONAL_JUMP
ram:00042cda	ram:00042cea	CONDITIONAL_JUMP
ram:00042cde	ram:00042d06	CONDITIONAL_JUMP
ram:00042ce2	ram:20001bc8	READ
ram:00042ce8	ram:00042cd4	UNCONDITIONAL_JUMP
ram:00042cec	ram:00042d06	CONDITIONAL_JUMP
ram:00042cf2	ram:00042d06	CONDITIONAL_JUMP
ram:00042cf6	ram:20001bc8	READ
ram:00042cfc	ram:00042cd4	UNCONDITIONAL_JUMP
ram:00042cfe	ram:20001b84	READ
ram:00042d02	ram:00042dc4	CONDITIONAL_JUMP
ram:00042d08	ram:00042c7c	UNCONDITIONAL_JUMP
ram:00042d0e	ram:00042da6	CONDITIONAL_JUMP
ram:00042d1c	ram:20001bc8	READ
ram:00042d2e	ram:20001b88	READ
ram:00042d34	ram:00042d3e	CONDITIONAL_JUMP
ram:00042d38	ram:20001b84	READ
ram:00042d3c	ram:00042d62	CONDITIONAL_JUMP
ram:00042d3e	ram:20001bc8	READ
ram:00042d4a	ram:20000040	COMPUTED_CALL
ram:00042d50	ram:00042d06	CONDITIONAL_JUMP
ram:00042d52	ram:20001bc8	READ
ram:00042d56	ram:20001bf0	READ
ram:00042d74	ram:00042dba	CONDITIONAL_JUMP
ram:00042d7c	ram:00042db4	CONDITIONAL_JUMP
ram:00042d8e	ram:200001dc	COMPUTED_CALL
ram:00042d92	ram:20001b84	READ
ram:00042d96	ram:00042c7a	CONDITIONAL_JUMP
ram:00042da0	ram:20000104	COMPUTED_CALL
ram:00042da4	ram:00042c7a	UNCONDITIONAL_JUMP
ram:00042daa	ram:00042d06	CONDITIONAL_JUMP
ram:00042db2	ram:00042d1c	UNCONDITIONAL_JUMP
ram:00042db8	ram:00042d68	UNCONDITIONAL_JUMP
ram:00042dba	ram:20001b84	READ
ram:00042dbe	ram:00042d06	CONDITIONAL_JUMP
ram:00042dc8	ram:20000104	COMPUTED_CALL
ram:00042dcc	ram:00042d06	UNCONDITIONAL_JUMP
ram:00042dd2	ram:20001b84	READ
ram:00042dd6	ram:00042d06	CONDITIONAL_JUMP
ram:00042dea	ram:00042d06	CONDITIONAL_JUMP
ram:00042df2	ram:00042e0a	CONDITIONAL_JUMP
ram:00042e04	ram:200001dc	COMPUTED_CALL
ram:00042e08	ram:00042c7a	UNCONDITIONAL_JUMP
ram:00042e0e	ram:00042dde	UNCONDITIONAL_JUMP
ram:00042e14	ram:20001bbc	PARAM
ram:00042e18	ram:20001bc4	READ
ram:00042e1a	ram:00042e5c	CONDITIONAL_JUMP
ram:00042e1c	ram:20001bf4	READ
ram:00042e1e	ram:00042e5c	CONDITIONAL_JUMP
ram:00042e22	ram:00042e5c	CONDITIONAL_JUMP
ram:00042e32	ram:20001b84	READ
ram:00042e36	ram:00042e54	CONDITIONAL_JUMP
ram:00042e38	ram:20001bc8	READ
ram:00042e3c	ram:20001b88	READ
ram:00042e42	ram:20001b84	READ
ram:00042e48	ram:20000104	COMPUTED_CALL
ram:00042e4c	ram:20001b84	WRITE
ram:00042e50	ram:20001b88	WRITE
ram:00042e6c	ram:20001bc4	READ
ram:00042e84	ram:0004305a	CONDITIONAL_JUMP
ram:00042e88	ram:20001bf4	READ
ram:00042e8a	ram:00042ea0	CONDITIONAL_JUMP
ram:00042ea0	ram:20001bf0	READ
ram:00042ea2	ram:00042e8c	CONDITIONAL_JUMP
ram:00042ea6	ram:00042f74	CONDITIONAL_JUMP
ram:00042eb2	ram:20001b84	READ
ram:00042eb8	ram:00042f06	CONDITIONAL_JUMP
ram:00042eba	ram:20001bc4	READ
ram:00042ebc	ram:20001b88	READ
ram:00042ec0	ram:00042f1e	CONDITIONAL_JUMP
ram:00042ec6	ram:00042f34	CONDITIONAL_JUMP
ram:00042ecc	ram:00042e8c	CONDITIONAL_JUMP
ram:00042ed0	ram:20001bc8	READ
ram:00042ee2	ram:20001b84	READ
ram:00042efe	ram:200001dc	COMPUTED_CALL
ram:00042f04	ram:00042e8e	UNCONDITIONAL_JUMP
ram:00042f06	ram:20001bc8	READ
ram:00042f12	ram:20000040	COMPUTED_CALL
ram:00042f16	ram:20001b84	WRITE
ram:00042f1a	ram:00042eba	CONDITIONAL_JUMP
ram:00042f1c	ram:00042e8c	UNCONDITIONAL_JUMP
ram:00042f1e	ram:20001bc8	READ
ram:00042f22	ram:20001bf0	READ
ram:00042f24	ram:20001b84	READ
ram:00042f2c	ram:20001bc4	READ
ram:00042f2e	ram:20001b88	WRITE
ram:00042f32	ram:00042ec4	UNCONDITIONAL_JUMP
ram:00042f36	ram:00042f4e	CONDITIONAL_JUMP
ram:00042f3c	ram:00042e8c	CONDITIONAL_JUMP
ram:00042f40	ram:20001bc8	READ
ram:00042f4c	ram:00042ee2	UNCONDITIONAL_JUMP
ram:00042f50	ram:00042f60	CONDITIONAL_JUMP
ram:00042f54	ram:00042e8c	CONDITIONAL_JUMP
ram:00042f58	ram:20001bc8	READ
ram:00042f5e	ram:00042f48	UNCONDITIONAL_JUMP
ram:00042f62	ram:00042e8c	CONDITIONAL_JUMP
ram:00042f68	ram:00042e8c	CONDITIONAL_JUMP
ram:00042f6c	ram:20001bc8	READ
ram:00042f72	ram:00042f48	UNCONDITIONAL_JUMP
ram:00042f78	ram:00042fea	CONDITIONAL_JUMP
ram:00042f86	ram:20001bc8	READ
ram:00042f98	ram:20001b84	READ
ram:00042f9e	ram:00042ff8	CONDITIONAL_JUMP
ram:00042fa0	ram:20001b88	READ
ram:00042fa4	ram:00043010	CONDITIONAL_JUMP
ram:00042fa8	ram:20001b84	READ
ram:00042fc6	ram:0004302e	CONDITIONAL_JUMP
ram:00042fd2	ram:0004302a	CONDITIONAL_JUMP
ram:00042fda	ram:00043026	CONDITIONAL_JUMP
ram:00042fe8	ram:00042efa	UNCONDITIONAL_JUMP
ram:00042fee	ram:00042e8c	CONDITIONAL_JUMP
ram:00042ff6	ram:00042f86	UNCONDITIONAL_JUMP
ram:00042ff8	ram:20001bc8	READ
ram:00043004	ram:20000040	COMPUTED_CALL
ram:00043008	ram:20001b84	WRITE
ram:0004300c	ram:00042fa0	CONDITIONAL_JUMP
ram:0004300e	ram:00042e8c	UNCONDITIONAL_JUMP
ram:00043010	ram:20001bc8	READ
ram:00043014	ram:20001bf0	READ
ram:00043016	ram:20001b84	READ
ram:00043020	ram:20001b88	WRITE
ram:00043024	ram:00042fa8	UNCONDITIONAL_JUMP
ram:0004302c	ram:00042fb4	UNCONDITIONAL_JUMP
ram:0004302e	ram:20001bc8	READ
ram:0004303c	ram:00042e8c	CONDITIONAL_JUMP
ram:00043058	ram:00042fde	UNCONDITIONAL_JUMP
ram:00043062	ram:20001b84	READ
ram:00043068	ram:000430a8	CONDITIONAL_JUMP
ram:0004306a	ram:20001b84	READ
ram:00043088	ram:000430cc	CONDITIONAL_JUMP
ram:00043094	ram:000430a4	CONDITIONAL_JUMP
ram:0004309c	ram:00042fde	CONDITIONAL_JUMP
ram:000430a6	ram:00043076	UNCONDITIONAL_JUMP
ram:000430a8	ram:20001bca	READ
ram:000430ac	ram:20001bc8	READ
ram:000430c0	ram:20000040	COMPUTED_CALL
ram:000430c4	ram:20001b84	WRITE
ram:000430c8	ram:0004306a	CONDITIONAL_JUMP
ram:000430ca	ram:00042e8c	UNCONDITIONAL_JUMP
ram:000430cc	ram:20001bc8	READ
ram:000430d0	ram:20001bca	READ
ram:000430de	ram:00042e8c	CONDITIONAL_JUMP
ram:000430e2	ram:00043040	UNCONDITIONAL_JUMP
ram:00043112	ram:200019d4	WRITE
ram:0004311a	ram:200019d0	WRITE
ram:00043120	ram:00043162	CONDITIONAL_JUMP
ram:0004312e	ram:00043158	CONDITIONAL_JUMP
ram:0004313a	ram:0006bf40	PARAM
ram:00043142	ram:200001dc	COMPUTED_CALL
ram:00043174	ram:000431b6	CONDITIONAL_JUMP
ram:0004317c	ram:00043192	CONDITIONAL_JUMP
ram:00043180	ram:0004319e	CONDITIONAL_JUMP
ram:00043184	ram:00043192	CONDITIONAL_JUMP
ram:00043188	ram:000431ba	UNCONDITIONAL_JUMP
ram:0004318e	ram:000431aa	CONDITIONAL_JUMP
ram:000431a2	ram:00043120	UNCONDITIONAL_CALL
ram:000431a8	ram:000431be	UNCONDITIONAL_JUMP
ram:000431ac	ram:00043120	UNCONDITIONAL_CALL
ram:000431b4	ram:000431c0	UNCONDITIONAL_JUMP
ram:000431b6	ram:0004318a	CONDITIONAL_JUMP
ram:000431c4	ram:2000026a	COMPUTED_CALL
ram:000431ca	ram:00043192	UNCONDITIONAL_JUMP
ram:000431d0	ram:200019d0	WRITE
ram:000431da	ram:200019d4	WRITE
ram:000431f0	ram:00043270	CONDITIONAL_JUMP
ram:00043206	ram:00043230	CONDITIONAL_JUMP
ram:0004320e	ram:00043262	CONDITIONAL_JUMP
ram:00043226	ram:0004f2fa	UNCONDITIONAL_CALL
ram:00043252	ram:00043258	CONDITIONAL_JUMP
ram:0004325c	ram:00043262	CONDITIONAL_JUMP
ram:00043272	ram:00043262	UNCONDITIONAL_JUMP
ram:00043278	ram:000432ac	CONDITIONAL_JUMP
ram:0004327e	ram:000432ac	CONDITIONAL_JUMP
ram:0004328c	ram:0004c74c	UNCONDITIONAL_CALL
ram:00043292	ram:000432a2	CONDITIONAL_JUMP
ram:0004329e	ram:0004e17a	UNCONDITIONAL_CALL
ram:000432b4	ram:000432bc	CONDITIONAL_JUMP
ram:000432b8	ram:0004c74c	UNCONDITIONAL_CALL
ram:000432c0	ram:0004e066	UNCONDITIONAL_CALL
ram:000432c4	ram:000432c8	CONDITIONAL_JUMP
ram:000432d0	ram:000432f8	CONDITIONAL_JUMP
ram:00043308	ram:00043928	UNCONDITIONAL_CALL
ram:0004330c	ram:0004331e	CONDITIONAL_JUMP
ram:00043312	ram:200019d0	READ
ram:00043316	ram:0004331e	CONDITIONAL_JUMP
ram:00043342	ram:000433da	CONDITIONAL_JUMP
ram:00043346	ram:000432b0	UNCONDITIONAL_CALL
ram:0004334a	ram:0004c868	UNCONDITIONAL_CALL
ram:00043352	ram:000433c4	CONDITIONAL_JUMP
ram:0004335e	ram:00043372	CONDITIONAL_JUMP
ram:00043378	ram:0004339e	CONDITIONAL_JUMP
ram:00043380	ram:0004e14a	UNCONDITIONAL_CALL
ram:00043386	ram:000433b6	CONDITIONAL_JUMP
ram:00043390	ram:0004ef4c	UNCONDITIONAL_CALL
ram:00043396	ram:000433b6	CONDITIONAL_JUMP
ram:000433ae	ram:0004d9da	UNCONDITIONAL_CALL
ram:000433b4	ram:000433c4	CONDITIONAL_JUMP
ram:000433b6	ram:000433c4	CONDITIONAL_JUMP
ram:000433c0	ram:20000104	COMPUTED_CALL
ram:000433de	ram:00043358	UNCONDITIONAL_JUMP
ram:000433f2	ram:0004332a	UNCONDITIONAL_CALL
ram:000433f6	ram:00043418	CONDITIONAL_JUMP
ram:000433fc	ram:200019d4	READ
ram:00043400	ram:00043418	CONDITIONAL_JUMP
ram:00043404	ram:00043412	CONDITIONAL_JUMP
ram:00043432	ram:000430e8	PARAM
ram:00043436	ram:000433e0	UNCONDITIONAL_CALL
ram:00043592	ram:200001dc	COMPUTED_CALL
ram:000435a6	ram:000435be	CONDITIONAL_JUMP
ram:000435c8	ram:00043604	CONDITIONAL_JUMP
ram:000435d6	ram:0004c74c	UNCONDITIONAL_CALL
ram:000435e0	ram:000435fa	CONDITIONAL_JUMP
ram:000435f2	ram:00043438	PARAM
ram:000435f8	ram:0004332a	UNCONDITIONAL_CALL
ram:0004360a	ram:00043638	CONDITIONAL_JUMP
ram:00043618	ram:0004363c	CONDITIONAL_JUMP
ram:00043624	ram:00043638	CONDITIONAL_JUMP
ram:00043628	ram:00043638	CONDITIONAL_JUMP
ram:00043640	ram:00043638	CONDITIONAL_JUMP
ram:0004364e	ram:00043622	UNCONDITIONAL_JUMP
ram:0004365a	ram:0004344e	PARAM
ram:0004365e	ram:0004332a	UNCONDITIONAL_CALL
ram:00043664	ram:00043678	CONDITIONAL_JUMP
ram:0004366a	ram:00043674	CONDITIONAL_JUMP
ram:0004367a	ram:00043674	UNCONDITIONAL_JUMP
ram:00043682	ram:000436b6	CONDITIONAL_JUMP
ram:00043694	ram:000436a2	CONDITIONAL_JUMP
ram:0004369a	ram:00041bf2	UNCONDITIONAL_CALL
ram:000436ae	ram:00043476	PARAM
ram:000436b4	ram:0004332a	UNCONDITIONAL_CALL
ram:000436ba	ram:000436c0	CONDITIONAL_JUMP
ram:000436ca	ram:000436bc	CONDITIONAL_JUMP
ram:000436dc	ram:000436bc	CONDITIONAL_JUMP
ram:000436f4	ram:000436fe	CONDITIONAL_JUMP
ram:000436fa	ram:0004370c	CONDITIONAL_JUMP
ram:00043706	ram:0004355a	PARAM
ram:0004370a	ram:0004332a	UNCONDITIONAL_CALL
ram:00043714	ram:00043718	CONDITIONAL_JUMP
ram:00043728	ram:000434b6	PARAM
ram:0004372c	ram:0004332a	UNCONDITIONAL_CALL
ram:00043732	ram:00043736	CONDITIONAL_JUMP
ram:00043746	ram:000434cc	PARAM
ram:0004374a	ram:0004332a	UNCONDITIONAL_CALL
ram:00043750	ram:00043754	CONDITIONAL_JUMP
ram:00043760	ram:0004379a	CONDITIONAL_JUMP
ram:0004376e	ram:00043790	CONDITIONAL_JUMP
ram:00043774	ram:00041bf2	UNCONDITIONAL_CALL
ram:00043788	ram:000434f4	PARAM
ram:0004378e	ram:0004332a	UNCONDITIONAL_CALL
ram:000437a0	ram:000437ce	CONDITIONAL_JUMP
ram:000437aa	ram:000437ce	CONDITIONAL_JUMP
ram:000437bc	ram:000437ce	CONDITIONAL_JUMP
ram:000437da	ram:000437e4	CONDITIONAL_JUMP
ram:000437e0	ram:000437f2	CONDITIONAL_JUMP
ram:000437ec	ram:0004355a	PARAM
ram:000437f0	ram:0004332a	UNCONDITIONAL_CALL
ram:00043814	ram:00043834	CONDITIONAL_JUMP
ram:00043818	ram:000432b0	UNCONDITIONAL_CALL
ram:00043824	ram:00043834	CONDITIONAL_JUMP
ram:0004383a	ram:00043842	CONDITIONAL_JUMP
ram:00043844	ram:00043850	CONDITIONAL_JUMP
ram:0004384a	ram:00041bf2	UNCONDITIONAL_CALL
ram:00043860	ram:00043500	PARAM
ram:00043866	ram:0004332a	UNCONDITIONAL_CALL
ram:0004386a	ram:000438a8	CONDITIONAL_JUMP
ram:00043898	ram:000438a2	CONDITIONAL_JUMP
ram:000438a6	ram:0004389e	UNCONDITIONAL_JUMP
ram:000438b8	ram:000438c4	CONDITIONAL_JUMP
ram:000438be	ram:00041bf2	UNCONDITIONAL_CALL
ram:000438d2	ram:0004351e	PARAM
ram:000438d8	ram:0004332a	UNCONDITIONAL_CALL
ram:000438ee	ram:0004354e	PARAM
ram:000438f2	ram:0004332a	UNCONDITIONAL_CALL
ram:000438f8	ram:00043920	CONDITIONAL_JUMP
ram:00043916	ram:00043922	CONDITIONAL_JUMP
ram:00043926	ram:0004391e	UNCONDITIONAL_JUMP
ram:00043930	ram:0004332a	UNCONDITIONAL_CALL
ram:00043956	ram:00043964	CONDITIONAL_JUMP
ram:0004396a	ram:0004395c	UNCONDITIONAL_JUMP
ram:00043a14	ram:00043a2a	CONDITIONAL_JUMP
ram:00043a34	ram:00043a46	CONDITIONAL_JUMP
ram:00043a40	ram:00043932	PARAM
ram:00043a44	ram:000433e0	UNCONDITIONAL_CALL
ram:00043a4c	ram:00043a72	CONDITIONAL_JUMP
ram:00043a80	ram:00043ac2	CONDITIONAL_JUMP
ram:00043a88	ram:00043ac2	CONDITIONAL_JUMP
ram:00043a94	ram:00043ab8	CONDITIONAL_JUMP
ram:00043a9a	ram:00041bf2	UNCONDITIONAL_CALL
ram:00043aae	ram:00043948	PARAM
ram:00043ab4	ram:000433e0	UNCONDITIONAL_CALL
ram:00043aca	ram:00043b3c	CONDITIONAL_JUMP
ram:00043b12	ram:200001dc	COMPUTED_CALL
ram:00043b20	ram:00043b36	CONDITIONAL_JUMP
ram:00043b3a	ram:00043b28	UNCONDITIONAL_JUMP
ram:00043b42	ram:00043b7c	CONDITIONAL_JUMP
ram:00043b4e	ram:00043b72	CONDITIONAL_JUMP
ram:00043b54	ram:00041bf2	UNCONDITIONAL_CALL
ram:00043b68	ram:0004396c	PARAM
ram:00043b6e	ram:000433e0	UNCONDITIONAL_CALL
ram:00043b82	ram:00043bcc	CONDITIONAL_JUMP
ram:00043bc0	ram:200001dc	COMPUTED_CALL
ram:00043bd0	ram:00043bd8	CONDITIONAL_JUMP
ram:00043bd6	ram:00043b88	UNCONDITIONAL_JUMP
ram:00043bde	ram:00043c18	CONDITIONAL_JUMP
ram:00043bea	ram:00043c0e	CONDITIONAL_JUMP
ram:00043bf0	ram:00041bf2	UNCONDITIONAL_CALL
ram:00043c04	ram:00043978	PARAM
ram:00043c0a	ram:000433e0	UNCONDITIONAL_CALL
ram:00043c20	ram:00043c36	CONDITIONAL_JUMP
ram:00043c46	ram:00043c54	CONDITIONAL_JUMP
ram:00043c4c	ram:00041bf2	UNCONDITIONAL_CALL
ram:00043c60	ram:00043994	PARAM
ram:00043c66	ram:000433e0	UNCONDITIONAL_CALL
ram:00043c6c	ram:00043c92	CONDITIONAL_JUMP
ram:00043ca0	ram:00043cac	CONDITIONAL_JUMP
ram:00043ca6	ram:00041bf2	UNCONDITIONAL_CALL
ram:00043cba	ram:0004399a	PARAM
ram:00043cc0	ram:000433e0	UNCONDITIONAL_CALL
ram:00043cca	ram:00043cdc	CONDITIONAL_JUMP
ram:00043cce	ram:00043cdc	CONDITIONAL_JUMP
ram:00043ce8	ram:00043d0c	CONDITIONAL_JUMP
ram:00043cee	ram:00041bf2	UNCONDITIONAL_CALL
ram:00043d02	ram:000439a0	PARAM
ram:00043d08	ram:000433e0	UNCONDITIONAL_CALL
ram:00043d1a	ram:00043d54	CONDITIONAL_JUMP
ram:00043d26	ram:00043d4a	CONDITIONAL_JUMP
ram:00043d2c	ram:00041bf2	UNCONDITIONAL_CALL
ram:00043d40	ram:000439a6	PARAM
ram:00043d46	ram:000433e0	UNCONDITIONAL_CALL
ram:00043d5a	ram:00043d92	CONDITIONAL_JUMP
ram:00043d80	ram:00043d8c	CONDITIONAL_JUMP
ram:00043d90	ram:00043d88	UNCONDITIONAL_JUMP
ram:00043d9e	ram:000433e0	UNCONDITIONAL_CALL
ram:00043da6	ram:00043ddc	CONDITIONAL_JUMP
ram:00043dd2	ram:00043dde	CONDITIONAL_JUMP
ram:00043de2	ram:00043dda	UNCONDITIONAL_JUMP
ram:00043df0	ram:00043dfc	CONDITIONAL_JUMP
ram:00043df6	ram:00041bf2	UNCONDITIONAL_CALL
ram:00043e0a	ram:000439c2	PARAM
ram:00043e10	ram:000433e0	UNCONDITIONAL_CALL
ram:00043e18	ram:00043e26	CONDITIONAL_JUMP
ram:00043e30	ram:000433e0	UNCONDITIONAL_CALL
ram:00043e42	ram:00043e50	CONDITIONAL_JUMP
ram:00043e48	ram:00041bf2	UNCONDITIONAL_CALL
ram:00043e5c	ram:000439f2	PARAM
ram:00043e62	ram:0004332a	UNCONDITIONAL_CALL
ram:00043e74	ram:00043e82	CONDITIONAL_JUMP
ram:00043e7a	ram:00041bf2	UNCONDITIONAL_CALL
ram:00043e8e	ram:000439f2	PARAM
ram:00043e94	ram:0004332a	UNCONDITIONAL_CALL
ram:00043e9e	ram:0004e028	UNCONDITIONAL_CALL
ram:00043ea2	ram:00043eb2	CONDITIONAL_JUMP
ram:00043eae	ram:0005250e	UNCONDITIONAL_CALL
ram:00043ebe	ram:20001a01	WRITE
ram:00043ec6	ram:20001a00	WRITE
ram:00043ece	ram:200019e8	WRITE
ram:00043ed6	ram:200019ec	WRITE
ram:00043ede	ram:200019f0	WRITE
ram:00043ee6	ram:200019f4	WRITE
ram:00043eee	ram:200019e4	WRITE
ram:00043ef6	ram:200019e0	WRITE
ram:00043efe	ram:20001c24	WRITE
ram:00043f0a	ram:20001c46	WRITE
ram:00043f18	ram:20001c26	WRITE
ram:00043f1c	ram:20001c48	WRITE
ram:00043f30	ram:20001c28	WRITE
ram:00043f34	ram:20001c4a	WRITE
ram:00043f40	ram:20001c2e	WRITE
ram:00043f44	ram:20001c30	WRITE
ram:00043f48	ram:20001c36	WRITE
ram:00043f4c	ram:20001c38	WRITE
ram:00043f50	ram:20001c3a	WRITE
ram:00043f54	ram:20001c3c	WRITE
ram:00043f58	ram:20001c4c	WRITE
ram:00043f5c	ram:20001c50	WRITE
ram:00043f60	ram:20001c2a	WRITE
ram:00043f64	ram:20001c2c	WRITE
ram:00043f68	ram:20001c32	WRITE
ram:00043f6c	ram:20001c34	WRITE
ram:00043f70	ram:20001c3e	WRITE
ram:00043f74	ram:20001c40	WRITE
ram:00043f78	ram:20001c42	WRITE
ram:00043f7c	ram:20001c44	WRITE
ram:00043f80	ram:20001c4e	WRITE
ram:00043f84	ram:20001c52	WRITE
ram:00043f8c	ram:20001c54	WRITE
ram:00043f90	ram:20001c68	WRITE
ram:00043f94	ram:20001c6a	WRITE
ram:00043f98	ram:20001c82	WRITE
ram:00043f9c	ram:20001c84	WRITE
ram:00043fa0	ram:20001c86	WRITE
ram:00043fa4	ram:20001c88	WRITE
ram:00043fa8	ram:20001c56	WRITE
ram:00043fb0	ram:20001c58	WRITE
ram:00043fb4	ram:20001c5a	WRITE
ram:00043fb8	ram:20001c5c	WRITE
ram:00043fbc	ram:20001c5e	WRITE
ram:00043fc0	ram:20001c60	WRITE
ram:00043fc4	ram:20001c62	WRITE
ram:00043fc8	ram:20001c64	WRITE
ram:00043fcc	ram:20001c66	WRITE
ram:00043fd0	ram:20001c6c	WRITE
ram:00043fd4	ram:20001c6e	WRITE
ram:00043fd8	ram:20001c70	WRITE
ram:00043fdc	ram:20001c72	WRITE
ram:00043fe0	ram:20001c74	WRITE
ram:00043fe4	ram:20001c76	WRITE
ram:00043fe8	ram:20001c78	WRITE
ram:00043fec	ram:20001c7a	WRITE
ram:00043ff0	ram:20001c7c	WRITE
ram:00043ff4	ram:20001c7e	WRITE
ram:00043ff8	ram:20001c80	WRITE
ram:00043ffc	ram:20001c8a	WRITE
ram:00044000	ram:20001c8c	WRITE
ram:00044004	ram:20001c8e	WRITE
ram:00044008	ram:20001c90	WRITE
ram:0004400c	ram:20001c92	WRITE
ram:00044010	ram:20001c94	WRITE
ram:00044014	ram:20001c96	WRITE
ram:00044018	ram:20001c98	WRITE
ram:0004401e	ram:20001c9e	WRITE
ram:00044024	ram:20001c9a	WRITE
ram:00044028	ram:20001c9c	WRITE
ram:0004402c	ram:20001ca0	WRITE
ram:00044030	ram:20001ca2	WRITE
ram:00044034	ram:20001ca4	WRITE
ram:0004404e	ram:00041c74	UNCONDITIONAL_CALL
ram:00044052	ram:00044088	CONDITIONAL_JUMP
ram:00044084	ram:00041d24	UNCONDITIONAL_CALL
ram:00044096	ram:200019e8	WRITE
ram:000440a0	ram:200019ec	WRITE
ram:000440aa	ram:200019f0	WRITE
ram:000440b4	ram:200019f4	WRITE
ram:000440cc	ram:000440dc	CONDITIONAL_JUMP
ram:000440de	ram:00041eae	UNCONDITIONAL_CALL
ram:000440fa	ram:0004410c	CONDITIONAL_JUMP
ram:0004410a	ram:000440c8	UNCONDITIONAL_JUMP
ram:0004410e	ram:000440cc	UNCONDITIONAL_JUMP
ram:0004411c	ram:20001c0a	READ
ram:00044126	ram:00044144	CONDITIONAL_JUMP
ram:0004412a	ram:20002000	PARAM
ram:0004412e	ram:20001d4c	READ
ram:00044136	ram:200019f8	PARAM
ram:0004413a	ram:0004de08	UNCONDITIONAL_CALL
ram:00044140	ram:20001c0a	WRITE
ram:0004414c	ram:0004415e	CONDITIONAL_JUMP
ram:00044166	ram:000441f0	CONDITIONAL_JUMP
ram:00044186	ram:000441ec	CONDITIONAL_JUMP
ram:000441a4	ram:000441ec	CONDITIONAL_JUMP
ram:000441aa	ram:000441ec	CONDITIONAL_JUMP
ram:000441b8	ram:0004414c	UNCONDITIONAL_CALL
ram:000441ba	ram:000441ec	CONDITIONAL_JUMP
ram:000441c4	ram:000441e4	CONDITIONAL_JUMP
ram:000441ea	ram:00044186	UNCONDITIONAL_JUMP
ram:000441ee	ram:000441ce	UNCONDITIONAL_JUMP
ram:00044202	ram:20001c04	PARAM
ram:0004420a	ram:20001c18	WRITE
ram:0004420c	ram:20001c14	WRITE
ram:0004420e	ram:20001c10	WRITE
ram:0004421e	ram:200002b4	COMPUTED_CALL
ram:00044228	ram:0004425a	CONDITIONAL_JUMP
ram:0004422c	ram:20001c14	READ
ram:00044230	ram:000440ba	UNCONDITIONAL_CALL
ram:0004423e	ram:200002b4	COMPUTED_CALL
ram:00044244	ram:0004426e	CONDITIONAL_JUMP
ram:00044248	ram:20001c10	READ
ram:00044258	ram:000440ba	UNCONDITIONAL_CALL
ram:00044264	ram:200002b4	COMPUTED_CALL
ram:00044268	ram:00044232	CONDITIONAL_JUMP
ram:0004426c	ram:0004422c	UNCONDITIONAL_JUMP
ram:00044278	ram:200002b4	COMPUTED_CALL
ram:0004427c	ram:00044248	CONDITIONAL_JUMP
ram:00044298	Stack[-0x10]	DATA
ram:000442a4	ram:20001c04	PARAM
ram:000442ae	ram:20000214	COMPUTED_CALL
ram:000442b6	ram:20001c07	WRITE
ram:000442ba	ram:20002000	PARAM
ram:000442be	ram:20001d50	WRITE
ram:000442c2	ram:00052532	UNCONDITIONAL_CALL
ram:000442c8	ram:000442ce	CONDITIONAL_JUMP
ram:000442ce	ram:20001c04	WRITE
ram:000442d8	Stack[-0x10]	DATA
ram:000442e0	ram:000442f8	CONDITIONAL_JUMP
ram:000442e2	ram:000442f8	CONDITIONAL_JUMP
ram:000442e6	ram:000442fc	CONDITIONAL_JUMP
ram:000442fe	ram:0004430c	CONDITIONAL_JUMP
ram:0004430a	ram:000442f2	UNCONDITIONAL_JUMP
ram:00044310	ram:000442f8	CONDITIONAL_JUMP
ram:00044324	ram:000442f8	UNCONDITIONAL_JUMP
ram:00044328	ram:0004434a	CONDITIONAL_JUMP
ram:0004432a	ram:0004434a	CONDITIONAL_JUMP
ram:0004433a	ram:0004434a	CONDITIONAL_JUMP
ram:00044344	ram:0004434a	CONDITIONAL_JUMP
ram:00044358	ram:0004438e	CONDITIONAL_JUMP
ram:0004435e	ram:00044368	CONDITIONAL_JUMP
ram:00044364	ram:20000104	COMPUTED_CALL
ram:0004436a	ram:00044374	CONDITIONAL_JUMP
ram:00044370	ram:20000104	COMPUTED_CALL
ram:00044376	ram:00044380	CONDITIONAL_JUMP
ram:0004437c	ram:20000104	COMPUTED_CALL
ram:00044386	ram:20000104	COMPUTED_CALL
ram:00044398	ram:000443ae	CONDITIONAL_JUMP
ram:0004439e	ram:20001c06	READ
ram:000443a2	ram:000443ae	CONDITIONAL_JUMP
ram:000443a8	ram:200019d8	DATA
ram:000443b2	ram:20001c1c	DATA
ram:000443bc	ram:20001c06	READ
ram:000443c6	ram:20001c10	READ
ram:000443d0	ram:20001c14	READ
ram:000443da	ram:20001c18	READ
ram:000443ea	ram:20001c18	READ
ram:000443f2	ram:20001c07	READ
ram:000443fa	ram:00044404	CONDITIONAL_JUMP
ram:00044400	ram:00042138	UNCONDITIONAL_CALL
ram:00044410	ram:0004e132	UNCONDITIONAL_CALL
ram:00044418	ram:00044438	CONDITIONAL_JUMP
ram:00044420	ram:200019f4	READ
ram:00044424	ram:00044448	CONDITIONAL_JUMP
ram:0004442a	ram:00044448	CONDITIONAL_JUMP
ram:0004443c	ram:200019ec	READ
ram:00044440	ram:00044448	CONDITIONAL_JUMP
ram:00044446	ram:0004442a	UNCONDITIONAL_JUMP
ram:00044464	ram:0004df14	UNCONDITIONAL_CALL
ram:00044468	ram:000444e0	CONDITIONAL_JUMP
ram:00044474	ram:0004434e	UNCONDITIONAL_CALL
ram:00044478	ram:0004e524	UNCONDITIONAL_CALL
ram:00044480	ram:0004e0e6	UNCONDITIONAL_CALL
ram:0004448c	ram:20001a00	READ
ram:00044490	ram:000444e8	CONDITIONAL_JUMP
ram:00044492	ram:000444e8	CONDITIONAL_JUMP
ram:00044496	ram:20002000	PARAM
ram:0004449a	ram:20001a01	READ
ram:000444a0	ram:00043e98	UNCONDITIONAL_CALL
ram:000444a4	ram:000444aa	CONDITIONAL_JUMP
ram:000444a6	ram:20001a00	WRITE
ram:000444ae	ram:0004e132	UNCONDITIONAL_CALL
ram:000444b4	ram:000444d2	CONDITIONAL_JUMP
ram:000444c4	ram:20001c0a	READ
ram:000444c8	ram:000444d2	CONDITIONAL_JUMP
ram:000444ce	ram:20001c0a	WRITE
ram:000444e6	ram:00044484	UNCONDITIONAL_JUMP
ram:000444ec	ram:000444aa	CONDITIONAL_JUMP
ram:00044500	ram:0004403a	UNCONDITIONAL_CALL
ram:00044502	ram:000444aa	UNCONDITIONAL_JUMP
ram:00044522	ram:0004df14	UNCONDITIONAL_CALL
ram:00044526	ram:0004460c	CONDITIONAL_JUMP
ram:0004452c	ram:0004460c	CONDITIONAL_JUMP
ram:00044532	ram:00044538	CONDITIONAL_JUMP
ram:0004453a	ram:00044542	CONDITIONAL_JUMP
ram:00044542	ram:0004454c	CONDITIONAL_JUMP
ram:0004454e	ram:00044556	CONDITIONAL_JUMP
ram:00044556	ram:00041c74	UNCONDITIONAL_CALL
ram:0004455c	ram:0004460c	CONDITIONAL_JUMP
ram:00044566	ram:20000214	COMPUTED_CALL
ram:0004456e	ram:20001c54	READ
ram:00044572	ram:0004457a	CONDITIONAL_JUMP
ram:0004459a	ram:000445ae	CONDITIONAL_JUMP
ram:000445a8	ram:200001dc	COMPUTED_CALL
ram:000445b0	ram:000445c4	CONDITIONAL_JUMP
ram:000445be	ram:200001dc	COMPUTED_CALL
ram:000445c4	ram:000445dc	CONDITIONAL_JUMP
ram:000445d6	ram:200001dc	COMPUTED_CALL
ram:000445de	ram:000445ec	CONDITIONAL_JUMP
ram:000445e8	ram:200001dc	COMPUTED_CALL
ram:000445f0	ram:00041d24	UNCONDITIONAL_CALL
ram:0004460a	ram:0004434e	UNCONDITIONAL_CALL
ram:00044634	ram:0004df14	UNCONDITIONAL_CALL
ram:00044638	ram:00044688	CONDITIONAL_JUMP
ram:0004463a	ram:20002000	PARAM
ram:0004463e	ram:20001c54	READ
ram:00044642	ram:00044648	CONDITIONAL_JUMP
ram:0004464a	ram:00041c74	UNCONDITIONAL_CALL
ram:00044650	ram:00044688	CONDITIONAL_JUMP
ram:0004465a	ram:20000214	COMPUTED_CALL
ram:00044684	ram:00041d24	UNCONDITIONAL_CALL
ram:000446ba	ram:0004df14	UNCONDITIONAL_CALL
ram:000446be	ram:00044716	CONDITIONAL_JUMP
ram:000446c4	ram:00041c74	UNCONDITIONAL_CALL
ram:000446ca	ram:00044716	CONDITIONAL_JUMP
ram:000446d4	ram:20000214	COMPUTED_CALL
ram:000446dc	ram:20001c54	READ
ram:000446e0	ram:000446e6	CONDITIONAL_JUMP
ram:00044712	ram:00041d24	UNCONDITIONAL_CALL
ram:00044742	ram:00041c74	UNCONDITIONAL_CALL
ram:00044746	ram:00044786	CONDITIONAL_JUMP
ram:00044768	ram:200001dc	COMPUTED_CALL
ram:00044782	ram:00041d24	UNCONDITIONAL_CALL
ram:000447a0	ram:20001c07	READ
ram:000447a8	Stack[-0x10]	DATA
ram:000447ae	ram:00044806	CONDITIONAL_JUMP
ram:000447b6	ram:00041c74	UNCONDITIONAL_CALL
ram:000447bc	ram:00044806	CONDITIONAL_JUMP
ram:000447d2	ram:20001c1c	PARAM
ram:000447de	ram:200001dc	COMPUTED_CALL
ram:000447e2	ram:20001c0c	READ
ram:000447e8	ram:20001c07	READ
ram:000447f0	ram:20001c05	READ
ram:000447fe	Stack[-0x10]	DATA
ram:00044802	ram:00041d24	UNCONDITIONAL_CALL
ram:0004480c	Stack[-0x10]	DATA
ram:00044814	Stack[-0x20]	DATA
ram:00044830	ram:00041c74	UNCONDITIONAL_CALL
ram:00044834	ram:000448b2	CONDITIONAL_JUMP
ram:0004483a	ram:0004df14	UNCONDITIONAL_CALL
ram:0004483e	ram:0004484a	CONDITIONAL_JUMP
ram:00044846	ram:0004488e	CONDITIONAL_JUMP
ram:0004484e	ram:20001c07	READ
ram:00044882	Stack[-0x20]	DATA
ram:0004488a	ram:00041d24	UNCONDITIONAL_CALL
ram:00044892	ram:20001d51	READ
ram:00044896	ram:00044852	CONDITIONAL_JUMP
ram:0004489e	ram:20001abc	READ
ram:000448a4	ram:00044852	CONDITIONAL_JUMP
ram:000448b0	ram:00044852	UNCONDITIONAL_JUMP
ram:000448c0	Stack[-0x20]	DATA
ram:000448d2	ram:00041c74	UNCONDITIONAL_CALL
ram:000448d6	ram:00044916	CONDITIONAL_JUMP
ram:00044912	ram:00041d24	UNCONDITIONAL_CALL
ram:0004494e	ram:00041c74	UNCONDITIONAL_CALL
ram:00044952	ram:000449c2	CONDITIONAL_JUMP
ram:00044974	ram:000449b6	CONDITIONAL_JUMP
ram:0004497c	ram:200001dc	COMPUTED_CALL
ram:000449b2	ram:00041d24	UNCONDITIONAL_CALL
ram:000449bc	ram:20000214	COMPUTED_CALL
ram:000449c0	ram:00044980	UNCONDITIONAL_JUMP
ram:000449e6	ram:20001c06	READ
ram:000449ee	ram:00044a20	CONDITIONAL_JUMP
ram:000449f8	ram:200019d8	PARAM
ram:00044a00	ram:200001dc	COMPUTED_CALL
ram:00044a04	ram:20001c06	READ
ram:00044a08	ram:200019d8	PARAM
ram:00044a0c	ram:000442de	UNCONDITIONAL_CALL
ram:00044a14	ram:200019d8	PARAM
ram:00044a1c	ram:0005253e	UNCONDITIONAL_CALL
ram:00044a3c	Stack[-0x10]	DATA
ram:00044a3e	ram:20001c07	READ
ram:00044a4a	ram:00044a92	CONDITIONAL_JUMP
ram:00044a52	ram:00041c74	UNCONDITIONAL_CALL
ram:00044a58	ram:00044a92	CONDITIONAL_JUMP
ram:00044a6c	ram:20001c06	READ
ram:00044a74	ram:200019d8	PARAM
ram:00044a84	ram:200001dc	COMPUTED_CALL
ram:00044a88	ram:20001c07	READ
ram:00044a8e	ram:00041d24	UNCONDITIONAL_CALL
ram:00044a92	ram:20001c06	READ
ram:00044a98	ram:00044aba	CONDITIONAL_JUMP
ram:00044aa0	ram:200019f0	READ
ram:00044aa4	ram:00044aba	CONDITIONAL_JUMP
ram:00044aaa	ram:00044aba	CONDITIONAL_JUMP
ram:00044ab4	Stack[-0x10]	DATA
ram:00044ac0	Stack[-0x10]	DATA
ram:00044ad8	ram:00044b96	CONDITIONAL_JUMP
ram:00044ae4	ram:0004df14	UNCONDITIONAL_CALL
ram:00044aea	ram:00044b96	CONDITIONAL_JUMP
ram:00044af4	ram:20001d50	READ
ram:00044b04	ram:00044b96	CONDITIONAL_JUMP
ram:00044b0e	ram:00044b16	CONDITIONAL_JUMP
ram:00044b12	ram:00044b96	CONDITIONAL_JUMP
ram:00044b1a	ram:00044b96	CONDITIONAL_JUMP
ram:00044b2a	ram:20000040	COMPUTED_CALL
ram:00044b34	ram:00044b96	CONDITIONAL_JUMP
ram:00044b40	ram:20000214	COMPUTED_CALL
ram:00044b5e	ram:200001dc	COMPUTED_CALL
ram:00044b72	ram:20001d4c	READ
ram:00044b7c	ram:0004f238	UNCONDITIONAL_CALL
ram:00044b82	ram:00044b8e	CONDITIONAL_JUMP
ram:00044b8a	ram:0004e81e	UNCONDITIONAL_CALL
ram:00044b8e	ram:00044b96	CONDITIONAL_JUMP
ram:00044b92	ram:0004434e	UNCONDITIONAL_CALL
ram:00044bae	ram:20001d50	READ
ram:00044bba	ram:00044c4e	CONDITIONAL_JUMP
ram:00044bc0	ram:00044c50	CONDITIONAL_JUMP
ram:00044bd8	ram:0004df14	UNCONDITIONAL_CALL
ram:00044be0	ram:00044c36	CONDITIONAL_JUMP
ram:00044be4	ram:00044bee	CONDITIONAL_JUMP
ram:00044bea	ram:20000104	COMPUTED_CALL
ram:00044bf6	ram:2000023a	COMPUTED_CALL
ram:00044bfe	ram:00044c36	CONDITIONAL_JUMP
ram:00044c08	ram:00044c26	CONDITIONAL_JUMP
ram:00044c0c	ram:00044c26	CONDITIONAL_JUMP
ram:00044c20	ram:0004e898	UNCONDITIONAL_CALL
ram:00044c2a	ram:00044c48	CONDITIONAL_JUMP
ram:00044c4c	ram:00044c32	UNCONDITIONAL_JUMP
ram:00044c58	ram:00044c6e	CONDITIONAL_JUMP
ram:00044c68	ram:20001c24	DATA
ram:00044c82	ram:0004df14	UNCONDITIONAL_CALL
ram:00044c86	ram:00044cc4	CONDITIONAL_JUMP
ram:00044c92	ram:00044cba	CONDITIONAL_JUMP
ram:00044ca0	ram:20000214	COMPUTED_CALL
ram:00044ca6	Stack[-0x20]	DATA
ram:00044cb6	ram:0004f032	UNCONDITIONAL_CALL
ram:00044cc6	ram:00044cba	UNCONDITIONAL_JUMP
ram:00044ccc	ram:20001d4e	WRITE
ram:00044cd2	ram:0004f1da	UNCONDITIONAL_JUMP
ram:00044cfe	ram:0004df14	UNCONDITIONAL_CALL
ram:00044d02	ram:00044d36	CONDITIONAL_JUMP
ram:00044d06	ram:00044d2e	CONDITIONAL_JUMP
ram:00044d12	ram:00044d4e	CONDITIONAL_JUMP
ram:00044d1c	ram:00044d56	CONDITIONAL_JUMP
ram:00044d1e	ram:00044d56	CONDITIONAL_JUMP
ram:00044d22	ram:00044d56	CONDITIONAL_JUMP
ram:00044d26	ram:00044d56	CONDITIONAL_JUMP
ram:00044d32	ram:00044db4	CONDITIONAL_JUMP
ram:00044d54	ram:00044d18	UNCONDITIONAL_JUMP
ram:00044d5e	ram:00044d76	CONDITIONAL_JUMP
ram:00044d72	ram:200001dc	COMPUTED_CALL
ram:00044d76	ram:00044d9c	CONDITIONAL_JUMP
ram:00044d7a	ram:00044d2e	CONDITIONAL_JUMP
ram:00044d80	ram:00044d8a	CONDITIONAL_JUMP
ram:00044d86	ram:20000104	COMPUTED_CALL
ram:00044d92	ram:2000023a	COMPUTED_CALL
ram:00044d9a	ram:00044d2e	UNCONDITIONAL_JUMP
ram:00044d9c	ram:00044d2e	CONDITIONAL_JUMP
ram:00044da4	ram:00044dae	CONDITIONAL_JUMP
ram:00044daa	ram:20000104	COMPUTED_CALL
ram:00044db2	ram:00044d8e	UNCONDITIONAL_JUMP
ram:00044db4	ram:00044de2	CONDITIONAL_JUMP
ram:00044dba	ram:00044dd0	CONDITIONAL_JUMP
ram:00044dc8	ram:20000040	COMPUTED_CALL
ram:00044dd4	ram:00044de2	CONDITIONAL_JUMP
ram:00044dde	ram:200001dc	COMPUTED_CALL
ram:00044de2	ram:00044e12	CONDITIONAL_JUMP
ram:00044dea	ram:00044e00	CONDITIONAL_JUMP
ram:00044df8	ram:20000040	COMPUTED_CALL
ram:00044e04	ram:00044e12	CONDITIONAL_JUMP
ram:00044e0e	ram:200001dc	COMPUTED_CALL
ram:00044e12	ram:00044e40	CONDITIONAL_JUMP
ram:00044e18	ram:00044e2e	CONDITIONAL_JUMP
ram:00044e26	ram:20000040	COMPUTED_CALL
ram:00044e32	ram:00044e40	CONDITIONAL_JUMP
ram:00044e3c	ram:200001dc	COMPUTED_CALL
ram:00044e5e	ram:00044504	UNCONDITIONAL_CALL
ram:00044e74	ram:0004df14	UNCONDITIONAL_CALL
ram:00044e78	ram:00044ee0	CONDITIONAL_JUMP
ram:00044e7e	ram:00041c74	UNCONDITIONAL_CALL
ram:00044e84	ram:00044ee0	CONDITIONAL_JUMP
ram:00044e8a	ram:20001c54	READ
ram:00044e8e	ram:00044e96	CONDITIONAL_JUMP
ram:00044eb2	ram:200001dc	COMPUTED_CALL
ram:00044edc	ram:00041d24	UNCONDITIONAL_CALL
ram:00044f06	ram:0004df14	UNCONDITIONAL_CALL
ram:00044f0a	ram:00044f84	CONDITIONAL_JUMP
ram:00044f12	ram:00041c74	UNCONDITIONAL_CALL
ram:00044f18	ram:00044f84	CONDITIONAL_JUMP
ram:00044f1e	ram:20001c54	READ
ram:00044f22	ram:00044f28	CONDITIONAL_JUMP
ram:00044f44	ram:200001dc	COMPUTED_CALL
ram:00044f58	ram:200001dc	COMPUTED_CALL
ram:00044f68	ram:200001dc	COMPUTED_CALL
ram:00044f80	ram:00041d24	UNCONDITIONAL_CALL
ram:00044fa2	ram:200019e0	READ
ram:00044fa6	ram:00044fb4	CONDITIONAL_JUMP
ram:00044fac	ram:20000104	COMPUTED_CALL
ram:00044fb0	ram:200019e0	WRITE
ram:00044fc8	ram:0004df14	UNCONDITIONAL_CALL
ram:00044fcc	ram:0004502a	CONDITIONAL_JUMP
ram:00044fd0	ram:20002000	PARAM
ram:00044fd4	ram:20001c54	READ
ram:00044fdc	ram:00044fe4	CONDITIONAL_JUMP
ram:00044fe6	ram:00041c74	UNCONDITIONAL_CALL
ram:00044fec	ram:0004502a	CONDITIONAL_JUMP
ram:00045010	ram:200001dc	COMPUTED_CALL
ram:00045026	ram:00041d24	UNCONDITIONAL_CALL
ram:00045040	ram:0004df14	UNCONDITIONAL_CALL
ram:00045044	ram:0004507c	CONDITIONAL_JUMP
ram:00045050	ram:00045074	CONDITIONAL_JUMP
ram:00045058	ram:0004505e	CONDITIONAL_JUMP
ram:00045066	ram:000501f8	PARAM
ram:00045070	ram:0004e78a	UNCONDITIONAL_CALL
ram:0004507e	ram:00045074	UNCONDITIONAL_JUMP
ram:00045084	ram:20001d50	READ
ram:00045090	ram:000450e4	CONDITIONAL_JUMP
ram:00045096	ram:000450e6	CONDITIONAL_JUMP
ram:0004509e	Stack[-0x10]	DATA
ram:000450a6	ram:0004df14	UNCONDITIONAL_CALL
ram:000450ae	ram:000450d6	CONDITIONAL_JUMP
ram:000450b0	ram:000450c0	CONDITIONAL_JUMP
ram:000450cc	ram:200001dc	COMPUTED_CALL
ram:000450dc	Stack[-0x10]	DATA
ram:000450f4	ram:0004df14	UNCONDITIONAL_CALL
ram:000450f8	ram:00045110	CONDITIONAL_JUMP
ram:00045104	ram:0004e7e6	UNCONDITIONAL_CALL
ram:00045112	ram:00045108	UNCONDITIONAL_JUMP
ram:00045114	ram:0004e07e	UNCONDITIONAL_JUMP
ram:0004511e	ram:00045148	CONDITIONAL_JUMP
ram:00045126	ram:200019ec	READ
ram:0004512a	ram:0004513e	CONDITIONAL_JUMP
ram:00045138	Stack[-0x10]	DATA
ram:00045142	ram:0004512c	CONDITIONAL_JUMP
ram:0004514e	Stack[-0x10]	DATA
ram:0004515a	ram:0004518e	CONDITIONAL_JUMP
ram:00045162	ram:200019ec	READ
ram:00045166	ram:00045182	CONDITIONAL_JUMP
ram:0004516a	ram:00045182	CONDITIONAL_JUMP
ram:0004516e	ram:00045182	CONDITIONAL_JUMP
ram:00045174	ram:20001a00	WRITE
ram:0004517c	ram:20001a01	WRITE
ram:00045180	ram:00045132	UNCONDITIONAL_JUMP
ram:00045186	ram:00043e98	UNCONDITIONAL_CALL
ram:0004518a	ram:00045132	CONDITIONAL_JUMP
ram:0004518c	ram:00045170	UNCONDITIONAL_JUMP
ram:00045190	ram:0004df14	UNCONDITIONAL_CALL
ram:00045194	ram:00045130	CONDITIONAL_JUMP
ram:0004519c	ram:00045132	CONDITIONAL_JUMP
ram:000451a6	Stack[-0x10]	DATA
ram:000451ae	ram:0005250e	UNCONDITIONAL_CALL
ram:000451b6	ram:0004521a	CONDITIONAL_JUMP
ram:000451ca	ram:000451ee	CONDITIONAL_JUMP
ram:000451d2	ram:000451f8	CONDITIONAL_JUMP
ram:000451d8	ram:0005258a	UNCONDITIONAL_CALL
ram:000451e8	ram:20001c24	DATA
ram:000451fc	ram:00045208	CONDITIONAL_JUMP
ram:00045202	ram:0005251a	UNCONDITIONAL_CALL
ram:00045206	ram:000451dc	UNCONDITIONAL_JUMP
ram:0004520c	ram:000451dc	CONDITIONAL_JUMP
ram:00045214	ram:0005251e	UNCONDITIONAL_CALL
ram:00045218	ram:000451dc	UNCONDITIONAL_JUMP
ram:00045224	ram:00043eba	UNCONDITIONAL_CALL
ram:00045228	ram:00047a0e	UNCONDITIONAL_CALL
ram:0004522c	ram:00046c22	UNCONDITIONAL_CALL
ram:00045230	ram:0006b2b8	UNCONDITIONAL_CALL
ram:00045240	ram:20001c06	WRITE
ram:00045244	ram:20001c08	WRITE
ram:00045248	ram:20002000	PARAM
ram:0004524e	ram:20001d4c	PARAM
ram:00045254	ram:20001d4e	WRITE
ram:0004525a	ram:20001d4c	WRITE
ram:00045262	ram:0004c80e	UNCONDITIONAL_CALL
ram:0004528a	ram:000457e2	CONDITIONAL_JUMP
ram:00045292	ram:20001d4c	READ
ram:0004529e	ram:00041cba	UNCONDITIONAL_CALL
ram:000452a4	ram:20002000	DATA
ram:000452b6	ram:000452dc	CONDITIONAL_JUMP
ram:000452e4	ram:000452fc	CONDITIONAL_JUMP
ram:000452e8	ram:20001c07	READ
ram:000452f6	ram:00044406	UNCONDITIONAL_CALL
ram:000452fa	ram:0004545c	UNCONDITIONAL_JUMP
ram:00045302	ram:20001d4e	READ
ram:0004530a	ram:00045474	CONDITIONAL_JUMP
ram:00045314	ram:00045332	CONDITIONAL_JUMP
ram:0004531a	ram:00044452	UNCONDITIONAL_CALL
ram:00045320	ram:00041c48	UNCONDITIONAL_CALL
ram:00045324	ram:20002000	PARAM
ram:00045326	ram:20001d4c	READ
ram:0004532a	ram:00041cba	UNCONDITIONAL_CALL
ram:00045330	ram:000452b6	UNCONDITIONAL_JUMP
ram:00045334	ram:000454a4	CONDITIONAL_JUMP
ram:00045340	ram:0004538a	CONDITIONAL_JUMP
ram:0004534a	ram:00045364	CONDITIONAL_JUMP
ram:00045350	ram:00045364	CONDITIONAL_JUMP
ram:00045358	ram:20001c1c	PARAM
ram:00045360	ram:200001dc	COMPUTED_CALL
ram:00045364	ram:20001c04	READ
ram:0004536a	ram:00045474	CONDITIONAL_JUMP
ram:0004536e	ram:0004537e	CONDITIONAL_JUMP
ram:00045372	ram:20001c04	WRITE
ram:00045378	ram:00044794	UNCONDITIONAL_CALL
ram:0004537c	ram:0004531e	UNCONDITIONAL_JUMP
ram:00045380	ram:20001c04	WRITE
ram:00045384	ram:0005253a	UNCONDITIONAL_CALL
ram:00045388	ram:0004531e	UNCONDITIONAL_JUMP
ram:00045390	ram:000453e8	CONDITIONAL_JUMP
ram:00045398	ram:00045474	CONDITIONAL_JUMP
ram:000453a0	ram:000453ba	CONDITIONAL_JUMP
ram:000453ae	ram:20001c0c	WRITE
ram:000453b6	ram:20001c05	WRITE
ram:000453ba	ram:20001c04	READ
ram:000453c0	ram:00045474	CONDITIONAL_JUMP
ram:000453c8	ram:000453d4	CONDITIONAL_JUMP
ram:000453ca	ram:20001c04	WRITE
ram:000453d2	ram:00045378	UNCONDITIONAL_JUMP
ram:000453d4	ram:20001c05	READ
ram:000453d8	ram:20001c0c	READ
ram:000453de	ram:20001c04	WRITE
ram:000453e2	ram:0004c83e	UNCONDITIONAL_CALL
ram:000453e6	ram:000453ce	UNCONDITIONAL_JUMP
ram:000453ea	ram:000453fa	CONDITIONAL_JUMP
ram:000453f4	ram:00044a2c	UNCONDITIONAL_CALL
ram:000453f8	ram:0004531e	UNCONDITIONAL_JUMP
ram:00045408	ram:0004544a	CONDITIONAL_JUMP
ram:00045418	ram:0004543a	CONDITIONAL_JUMP
ram:00045422	ram:00045462	CONDITIONAL_JUMP
ram:00045426	ram:200019e8	READ
ram:0004542a	ram:0004531e	CONDITIONAL_JUMP
ram:00045432	ram:0004531e	CONDITIONAL_JUMP
ram:00045438	ram:0004545c	UNCONDITIONAL_JUMP
ram:00045448	ram:00045498	CONDITIONAL_JUMP
ram:0004544a	ram:200019f0	READ
ram:0004544e	ram:0004531e	CONDITIONAL_JUMP
ram:00045454	ram:0004531e	CONDITIONAL_JUMP
ram:0004545c	ram:0004531e	CONDITIONAL_JUMP
ram:00045460	ram:00045474	UNCONDITIONAL_JUMP
ram:00045466	ram:00045486	CONDITIONAL_JUMP
ram:00045470	ram:0004531e	CONDITIONAL_JUMP
ram:00045478	ram:0004531e	CONDITIONAL_JUMP
ram:00045480	ram:00041d24	UNCONDITIONAL_CALL
ram:00045484	ram:00045324	UNCONDITIONAL_JUMP
ram:00045488	ram:00045498	CONDITIONAL_JUMP
ram:0004548c	ram:200019ec	READ
ram:00045490	ram:0004531e	CONDITIONAL_JUMP
ram:00045496	ram:00045430	UNCONDITIONAL_JUMP
ram:0004549e	ram:00045426	CONDITIONAL_JUMP
ram:000454a2	ram:00045474	UNCONDITIONAL_JUMP
ram:000454a6	ram:000454f8	CONDITIONAL_JUMP
ram:000454b4	ram:0004548c	CONDITIONAL_JUMP
ram:000454bc	ram:0004548c	CONDITIONAL_JUMP
ram:000454c2	ram:00045474	CONDITIONAL_JUMP
ram:000454c6	ram:20001c0a	READ
ram:000454ce	ram:000454e8	CONDITIONAL_JUMP
ram:000454d2	ram:200019ec	READ
ram:000454d6	ram:0004531e	CONDITIONAL_JUMP
ram:000454dc	ram:0004531e	CONDITIONAL_JUMP
ram:000454e6	ram:00045436	UNCONDITIONAL_JUMP
ram:000454ec	ram:200019f4	READ
ram:000454f0	ram:0004531e	CONDITIONAL_JUMP
ram:000454f6	ram:000454dc	UNCONDITIONAL_JUMP
ram:000454fc	ram:00045474	CONDITIONAL_JUMP
ram:00045506	ram:000455f6	CONDITIONAL_JUMP
ram:0004550e	ram:20002000	PARAM
ram:00045516	ram:000455de	CONDITIONAL_JUMP
ram:00045518	ram:200019e0	READ
ram:0004551c	ram:000455d8	CONDITIONAL_JUMP
ram:0004552e	ram:00044326	UNCONDITIONAL_CALL
ram:00045556	Stack[-0x70]	DATA
ram:0004555a	ram:0004491e	UNCONDITIONAL_CALL
ram:00045562	ram:0004558e	CONDITIONAL_JUMP
ram:0004557c	Stack[-0x70]	DATA
ram:00045586	ram:0004e2a2	UNCONDITIONAL_CALL
ram:0004558e	ram:200019e0	READ
ram:00045592	ram:0004559a	CONDITIONAL_JUMP
ram:00045596	ram:00044f96	UNCONDITIONAL_CALL
ram:0004559e	ram:20001a00	READ
ram:000455a2	ram:0004531e	CONDITIONAL_JUMP
ram:000455a6	ram:20002000	PARAM
ram:000455aa	ram:20001a01	READ
ram:000455ae	ram:00043e98	UNCONDITIONAL_CALL
ram:000455b2	ram:0004531e	CONDITIONAL_JUMP
ram:000455be	ram:000455d2	CONDITIONAL_JUMP
ram:000455c6	ram:20001a00	READ
ram:000455ce	ram:0004403a	UNCONDITIONAL_CALL
ram:000455d2	ram:20001a00	WRITE
ram:000455d6	ram:0004531e	UNCONDITIONAL_JUMP
ram:000455d8	ram:20001c07	READ
ram:000455dc	ram:00045522	UNCONDITIONAL_JUMP
ram:000455de	ram:200019f0	READ
ram:000455e2	ram:20001c07	READ
ram:000455e8	ram:00045524	CONDITIONAL_JUMP
ram:000455ec	ram:00045524	CONDITIONAL_JUMP
ram:000455f4	ram:00045524	UNCONDITIONAL_JUMP
ram:000455f8	ram:00045698	CONDITIONAL_JUMP
ram:00045600	ram:20002000	PARAM
ram:00045608	ram:00045680	CONDITIONAL_JUMP
ram:0004560a	ram:200019e0	READ
ram:0004560e	ram:0004567a	CONDITIONAL_JUMP
ram:00045626	ram:00045630	CONDITIONAL_JUMP
ram:0004562a	ram:00044326	UNCONDITIONAL_CALL
ram:00045652	Stack[-0x70]	DATA
ram:00045656	ram:0004491e	UNCONDITIONAL_CALL
ram:0004565e	ram:0004558e	CONDITIONAL_JUMP
ram:00045678	ram:0004557c	UNCONDITIONAL_JUMP
ram:0004567a	ram:20001c07	READ
ram:0004567e	ram:00045614	UNCONDITIONAL_JUMP
ram:00045680	ram:200019f0	READ
ram:00045684	ram:20001c07	READ
ram:0004568a	ram:00045616	CONDITIONAL_JUMP
ram:0004568e	ram:00045616	CONDITIONAL_JUMP
ram:00045696	ram:00045616	UNCONDITIONAL_JUMP
ram:0004569a	ram:000456b2	CONDITIONAL_JUMP
ram:0004569e	ram:200019e8	READ
ram:000456a2	ram:0004531e	CONDITIONAL_JUMP
ram:000456a8	ram:0004531e	CONDITIONAL_JUMP
ram:000456b0	ram:0004531e	UNCONDITIONAL_JUMP
ram:000456b4	ram:000456c4	CONDITIONAL_JUMP
ram:000456b8	ram:200019e8	READ
ram:000456bc	ram:0004531e	CONDITIONAL_JUMP
ram:000456c2	ram:000456a8	UNCONDITIONAL_JUMP
ram:000456c6	ram:000456d4	CONDITIONAL_JUMP
ram:000456d2	ram:000452f6	UNCONDITIONAL_JUMP
ram:000456d6	ram:00045740	CONDITIONAL_JUMP
ram:000456e2	ram:0006b342	UNCONDITIONAL_CALL
ram:000456ec	ram:0006b342	UNCONDITIONAL_CALL
ram:000456fc	ram:0004570c	CONDITIONAL_JUMP
ram:00045708	ram:00045716	CONDITIONAL_JUMP
ram:00045710	ram:0005257a	UNCONDITIONAL_CALL
ram:00045714	ram:0004531e	UNCONDITIONAL_JUMP
ram:00045716	ram:0004571e	CONDITIONAL_JUMP
ram:0004571e	ram:00045726	CONDITIONAL_JUMP
ram:0004573a	ram:00052576	UNCONDITIONAL_CALL
ram:0004573e	ram:0004531e	UNCONDITIONAL_JUMP
ram:00045742	ram:00045474	CONDITIONAL_JUMP
ram:00045748	ram:00045752	CONDITIONAL_JUMP
ram:00045750	ram:000456ce	UNCONDITIONAL_JUMP
ram:00045754	ram:00045764	CONDITIONAL_JUMP
ram:00045758	ram:200019e8	READ
ram:0004575c	ram:0004531e	CONDITIONAL_JUMP
ram:00045762	ram:000456a8	UNCONDITIONAL_JUMP
ram:00045766	ram:00045772	CONDITIONAL_JUMP
ram:0004576c	ram:00045fea	UNCONDITIONAL_CALL
ram:00045770	ram:0004531e	UNCONDITIONAL_JUMP
ram:00045774	ram:00045784	CONDITIONAL_JUMP
ram:00045778	ram:200019e8	READ
ram:0004577c	ram:0004531e	CONDITIONAL_JUMP
ram:00045782	ram:000456a8	UNCONDITIONAL_JUMP
ram:00045786	ram:00045792	CONDITIONAL_JUMP
ram:0004578c	ram:0004609c	UNCONDITIONAL_CALL
ram:00045790	ram:0004531e	UNCONDITIONAL_JUMP
ram:00045794	ram:000457a0	CONDITIONAL_JUMP
ram:0004579a	ram:000461a2	UNCONDITIONAL_CALL
ram:0004579e	ram:0004531e	UNCONDITIONAL_JUMP
ram:000457a2	ram:000457bc	CONDITIONAL_JUMP
ram:000457a6	ram:200019f0	READ
ram:000457aa	ram:00045474	CONDITIONAL_JUMP
ram:000457b0	ram:00045474	CONDITIONAL_JUMP
ram:000457ba	ram:00045474	UNCONDITIONAL_JUMP
ram:000457be	ram:000457d6	CONDITIONAL_JUMP
ram:000457c2	ram:200019f0	READ
ram:000457c6	ram:00045474	CONDITIONAL_JUMP
ram:000457cc	ram:00045474	CONDITIONAL_JUMP
ram:000457d4	ram:000457b8	UNCONDITIONAL_JUMP
ram:000457d8	ram:00045474	CONDITIONAL_JUMP
ram:000457e0	ram:000456ce	UNCONDITIONAL_JUMP
ram:000457e6	ram:00045800	CONDITIONAL_JUMP
ram:000457ec	ram:200019e8	READ
ram:000457f0	ram:000457fa	CONDITIONAL_JUMP
ram:000457f4	ram:000457fa	CONDITIONAL_JUMP
ram:000457fe	ram:000452be	UNCONDITIONAL_JUMP
ram:00045804	ram:00045820	CONDITIONAL_JUMP
ram:0004580a	ram:200019f0	READ
ram:0004580e	ram:0004581a	CONDITIONAL_JUMP
ram:00045812	ram:0004581a	CONDITIONAL_JUMP
ram:0004581e	ram:000452be	UNCONDITIONAL_JUMP
ram:00045826	ram:000452be	CONDITIONAL_JUMP
ram:0004582e	ram:200019e4	READ
ram:0004583a	ram:00045856	CONDITIONAL_JUMP
ram:0004583e	ram:20001c08	WRITE
ram:00045846	ram:200019f0	READ
ram:0004584a	ram:00045856	CONDITIONAL_JUMP
ram:0004584e	ram:00045856	CONDITIONAL_JUMP
ram:00045856	ram:20001c10	READ
ram:0004585a	ram:0004eef8	UNCONDITIONAL_CALL
ram:00045860	ram:000449da	UNCONDITIONAL_CALL
ram:00045868	ram:20001c46	READ
ram:0004586c	ram:00045884	CONDITIONAL_JUMP
ram:00045876	ram:20002000	PARAM
ram:0004587a	ram:20001d4c	READ
ram:00045880	ram:0004224c	UNCONDITIONAL_CALL
ram:00045888	ram:000452be	UNCONDITIONAL_JUMP
ram:00045896	ram:00044c54	UNCONDITIONAL_CALL
ram:000458a0	ram:00044c54	UNCONDITIONAL_CALL
ram:000458aa	ram:00044c54	UNCONDITIONAL_CALL
ram:000458c0	ram:000525e0	UNCONDITIONAL_CALL
ram:000458ce	ram:000458ec	CONDITIONAL_JUMP
ram:000458e6	ram:00044812	UNCONDITIONAL_CALL
ram:000458ea	ram:000458fc	UNCONDITIONAL_JUMP
ram:000458f2	ram:00045934	CONDITIONAL_JUMP
ram:000458fa	ram:00045908	CONDITIONAL_JUMP
ram:0004590c	ram:200019e0	READ
ram:00045910	ram:000458fc	CONDITIONAL_JUMP
ram:0004591e	Stack[-0x30]	DATA
ram:00045928	ram:0004491e	UNCONDITIONAL_CALL
ram:0004592e	ram:00044f96	UNCONDITIONAL_CALL
ram:00045932	ram:000458fc	UNCONDITIONAL_JUMP
ram:00045938	ram:000458fc	CONDITIONAL_JUMP
ram:00045940	ram:00045954	CONDITIONAL_JUMP
ram:00045948	ram:000458fc	CONDITIONAL_JUMP
ram:00045952	ram:000458e6	UNCONDITIONAL_JUMP
ram:00045956	ram:000458fc	CONDITIONAL_JUMP
ram:0004595c	ram:0004596e	CONDITIONAL_JUMP
ram:00045960	ram:20002000	PARAM
ram:00045964	ram:20001c07	READ
ram:00045968	ram:000448c6	UNCONDITIONAL_CALL
ram:0004596c	ram:000458fc	UNCONDITIONAL_JUMP
ram:00045974	ram:000458fe	CONDITIONAL_JUMP
ram:0004597e	ram:000458fc	CONDITIONAL_JUMP
ram:00045992	ram:00052648	UNCONDITIONAL_CALL
ram:00045996	ram:00045a26	CONDITIONAL_JUMP
ram:0004599a	ram:00044c54	UNCONDITIONAL_CALL
ram:000459b0	ram:0004de1e	UNCONDITIONAL_CALL
ram:000459b8	ram:000458fc	CONDITIONAL_JUMP
ram:000459c0	ram:0006b342	UNCONDITIONAL_CALL
ram:000459cc	ram:0006b342	UNCONDITIONAL_CALL
ram:000459d8	ram:000459e0	CONDITIONAL_JUMP
ram:000459e8	ram:000459f0	CONDITIONAL_JUMP
ram:000459f8	ram:00045a00	CONDITIONAL_JUMP
ram:00045a04	ram:0005a7de	UNCONDITIONAL_CALL
ram:00045a20	ram:00052552	UNCONDITIONAL_CALL
ram:00045a24	ram:000458fc	UNCONDITIONAL_JUMP
ram:00045a2c	ram:000459a6	UNCONDITIONAL_JUMP
ram:00045a2e	ram:20002000	PARAM
ram:00045a36	ram:20001d53	READ
ram:00045a3e	ram:00045ad6	CONDITIONAL_JUMP
ram:00045a42	ram:00045ad6	CONDITIONAL_JUMP
ram:00045a5a	ram:00041c74	UNCONDITIONAL_CALL
ram:00045a60	ram:00045aca	CONDITIONAL_JUMP
ram:00045aa0	ram:00045ac4	CONDITIONAL_JUMP
ram:00045aac	ram:200001dc	COMPUTED_CALL
ram:00045ab4	ram:20001d53	READ
ram:00045ac0	ram:00041d24	UNCONDITIONAL_CALL
ram:00045ac8	ram:00045ab0	UNCONDITIONAL_JUMP
ram:00045ade	ram:00045afa	CONDITIONAL_JUMP
ram:00045ae6	ram:200019e0	READ
ram:00045aea	ram:00045b10	CONDITIONAL_JUMP
ram:00045af2	ram:00045b0c	CONDITIONAL_JUMP
ram:00045af6	ram:00052546	UNCONDITIONAL_CALL
ram:00045afe	ram:00045b0c	CONDITIONAL_JUMP
ram:00045b06	ram:200019e0	READ
ram:00045b0a	ram:00045af6	CONDITIONAL_JUMP
ram:00045b12	ram:00045b0c	UNCONDITIONAL_JUMP
ram:00045b32	ram:00045b8c	CONDITIONAL_JUMP
ram:00045b44	ram:00044162	UNCONDITIONAL_CALL
ram:00045b4a	ram:00045b50	CONDITIONAL_JUMP
ram:00045b56	ram:00045b9c	CONDITIONAL_JUMP
ram:00045b5e	ram:20001a04	READ
ram:00045b68	ram:00045b9c	CONDITIONAL_JUMP
ram:00045b6c	ram:00045b9c	CONDITIONAL_JUMP
ram:00045b6e	ram:00045b9c	CONDITIONAL_JUMP
ram:00045b70	ram:00045b92	CONDITIONAL_JUMP
ram:00045b90	ram:00045b50	UNCONDITIONAL_JUMP
ram:00045b94	ram:00045c3c	CONDITIONAL_JUMP
ram:00045b9a	ram:00045b72	CONDITIONAL_JUMP
ram:00045ba6	ram:00044326	UNCONDITIONAL_CALL
ram:00045bb2	ram:20001a08	READ
ram:00045bbe	ram:00045c46	CONDITIONAL_JUMP
ram:00045bc8	ram:20001a02	READ
ram:00045bd0	ram:00045c0a	CONDITIONAL_JUMP
ram:00045bd4	ram:20001a08	READ
ram:00045be2	ram:00045c4a	CONDITIONAL_JUMP
ram:00045bea	ram:00045c4a	CONDITIONAL_JUMP
ram:00045bf8	ram:2000026a	COMPUTED_CALL
ram:00045bfc	ram:00045c4a	CONDITIONAL_JUMP
ram:00045bfe	ram:20001a08	READ
ram:00045c08	ram:00045c56	CONDITIONAL_JUMP
ram:00045c10	ram:00045b72	CONDITIONAL_JUMP
ram:00045c14	ram:20001a08	READ
ram:00045c18	ram:00045b72	CONDITIONAL_JUMP
ram:00045c1a	ram:20001a02	READ
ram:00045c24	ram:00045b72	CONDITIONAL_JUMP
ram:00045c30	ram:00045d02	CONDITIONAL_JUMP
ram:00045c3a	ram:00045c24	UNCONDITIONAL_JUMP
ram:00045c3e	ram:00045b72	CONDITIONAL_JUMP
ram:00045c44	ram:00045b9a	UNCONDITIONAL_JUMP
ram:00045c48	ram:00045b74	UNCONDITIONAL_JUMP
ram:00045c50	ram:00045bc8	UNCONDITIONAL_JUMP
ram:00045c54	ram:00045d40	UNCONDITIONAL_JUMP
ram:00045c58	ram:00045ccc	CONDITIONAL_JUMP
ram:00045c5e	ram:00045c86	CONDITIONAL_JUMP
ram:00045c68	ram:00045cd0	CONDITIONAL_JUMP
ram:00045c72	ram:00045cec	CONDITIONAL_JUMP
ram:00045c78	ram:00045c86	CONDITIONAL_JUMP
ram:00045c7e	ram:20000104	COMPUTED_CALL
ram:00045c96	ram:20000040	COMPUTED_CALL
ram:00045c9a	ram:00045cc2	CONDITIONAL_JUMP
ram:00045ca2	ram:00045cfe	CONDITIONAL_JUMP
ram:00045cbe	ram:200001dc	COMPUTED_CALL
ram:00045cca	ram:00045b74	UNCONDITIONAL_JUMP
ram:00045cce	ram:00045c5e	UNCONDITIONAL_JUMP
ram:00045cda	ram:2000026a	COMPUTED_CALL
ram:00045ce0	ram:00045c6c	CONDITIONAL_JUMP
ram:00045ce6	ram:00044c54	UNCONDITIONAL_CALL
ram:00045cea	ram:00045d68	UNCONDITIONAL_JUMP
ram:00045cee	ram:00045c86	CONDITIONAL_JUMP
ram:00045cf4	ram:20000104	COMPUTED_CALL
ram:00045cfc	ram:00045c86	UNCONDITIONAL_JUMP
ram:00045d00	ram:00045ca8	UNCONDITIONAL_JUMP
ram:00045d1a	ram:200001dc	COMPUTED_CALL
ram:00045d2e	ram:20000040	COMPUTED_CALL
ram:00045d32	ram:00045d5a	CONDITIONAL_JUMP
ram:00045d3a	ram:00045c52	CONDITIONAL_JUMP
ram:00045d56	ram:200001dc	COMPUTED_CALL
ram:00045d5e	ram:00045c46	CONDITIONAL_JUMP
ram:00045d6c	ram:00045b74	UNCONDITIONAL_JUMP
ram:00045d92	ram:00044326	UNCONDITIONAL_CALL
ram:00045d9e	ram:20001a04	READ
ram:00045da8	ram:00045de8	CONDITIONAL_JUMP
ram:00045db0	ram:20001a08	READ
ram:00045dba	ram:00045f16	CONDITIONAL_JUMP
ram:00045dc2	ram:20001a02	READ
ram:00045dcc	ram:20001a08	READ
ram:00045dd4	ram:00045ea2	CONDITIONAL_JUMP
ram:00045dd8	ram:20001a02	READ
ram:00045ddc	ram:20001a08	READ
ram:00045de6	ram:00045f84	UNCONDITIONAL_JUMP
ram:00045de8	ram:00045dac	CONDITIONAL_JUMP
ram:00045df6	ram:00044162	UNCONDITIONAL_CALL
ram:00045dfa	ram:00045e32	CONDITIONAL_JUMP
ram:00045dfc	ram:20001a04	READ
ram:00045e08	ram:00045e28	CONDITIONAL_JUMP
ram:00045e0e	ram:00045dac	CONDITIONAL_JUMP
ram:00045e2c	ram:00045dac	CONDITIONAL_JUMP
ram:00045e30	ram:00045e0e	UNCONDITIONAL_JUMP
ram:00045e38	ram:00045e42	CONDITIONAL_JUMP
ram:00045e3e	ram:00045e10	CONDITIONAL_JUMP
ram:00045e46	ram:20001a08	READ
ram:00045e4e	ram:00045e10	CONDITIONAL_JUMP
ram:00045e58	ram:00045e8e	UNCONDITIONAL_JUMP
ram:00045e5a	ram:20001a08	READ
ram:00045e6a	ram:00045e8c	CONDITIONAL_JUMP
ram:00045e72	ram:00045e8c	CONDITIONAL_JUMP
ram:00045e80	ram:2000026a	COMPUTED_CALL
ram:00045e84	ram:00045e8c	CONDITIONAL_JUMP
ram:00045e86	ram:20001a08	READ
ram:00045e8e	ram:20001a02	READ
ram:00045e98	ram:00045e5a	CONDITIONAL_JUMP
ram:00045e9c	ram:00045dac	CONDITIONAL_JUMP
ram:00045ea0	ram:00045e10	UNCONDITIONAL_JUMP
ram:00045eb0	ram:00045f6e	CONDITIONAL_JUMP
ram:00045eb8	ram:00045f6e	CONDITIONAL_JUMP
ram:00045ec6	ram:2000026a	COMPUTED_CALL
ram:00045eca	ram:00045f6e	CONDITIONAL_JUMP
ram:00045ecc	ram:20001a08	READ
ram:00045ed8	ram:00045ee2	CONDITIONAL_JUMP
ram:00045ede	ram:00045f1a	CONDITIONAL_JUMP
ram:00045eee	ram:00045f20	CONDITIONAL_JUMP
ram:00045ef8	ram:20000104	COMPUTED_CALL
ram:00045f0c	ram:20000040	COMPUTED_CALL
ram:00045f10	ram:00045f3e	CONDITIONAL_JUMP
ram:00045f12	ram:00045dd8	CONDITIONAL_JUMP
ram:00045f18	ram:00045e12	UNCONDITIONAL_JUMP
ram:00045f1e	ram:00045ee6	UNCONDITIONAL_JUMP
ram:00045f2a	ram:2000026a	COMPUTED_CALL
ram:00045f30	ram:00045ef2	CONDITIONAL_JUMP
ram:00045f36	ram:00044c54	UNCONDITIONAL_CALL
ram:00045f3a	ram:00045f12	CONDITIONAL_JUMP
ram:00045f3c	ram:00045e10	UNCONDITIONAL_JUMP
ram:00045f44	ram:00045f4e	CONDITIONAL_JUMP
ram:00045f4a	ram:00045f6a	CONDITIONAL_JUMP
ram:00045f64	ram:200001dc	COMPUTED_CALL
ram:00045f68	ram:00045f12	UNCONDITIONAL_JUMP
ram:00045f6c	ram:00045f50	UNCONDITIONAL_JUMP
ram:00045f70	ram:00045dc2	UNCONDITIONAL_JUMP
ram:00045f7a	ram:00045f8e	CONDITIONAL_JUMP
ram:00045f84	ram:00045f72	CONDITIONAL_JUMP
ram:00045f88	ram:00045f16	UNCONDITIONAL_JUMP
ram:00045f8c	ram:00045fd0	UNCONDITIONAL_JUMP
ram:00045faa	ram:200001dc	COMPUTED_CALL
ram:00045fbe	ram:20000040	COMPUTED_CALL
ram:00045fc2	ram:00045f16	CONDITIONAL_JUMP
ram:00045fca	ram:00045f8a	CONDITIONAL_JUMP
ram:00045fe4	ram:200001dc	COMPUTED_CALL
ram:00045fe8	ram:00045f16	UNCONDITIONAL_JUMP
ram:00045ff6	ram:20001d53	READ
ram:00046006	ram:0004608e	CONDITIONAL_JUMP
ram:0004600a	ram:0004608e	CONDITIONAL_JUMP
ram:00046010	ram:00041c74	UNCONDITIONAL_CALL
ram:00046016	ram:0004608e	CONDITIONAL_JUMP
ram:00046048	ram:00044326	UNCONDITIONAL_CALL
ram:0004605c	ram:200001dc	COMPUTED_CALL
ram:00046066	ram:20001d53	READ
ram:0004608a	ram:00041d24	UNCONDITIONAL_CALL
ram:000460a8	ram:20001d53	READ
ram:000460b4	ram:000460ec	CONDITIONAL_JUMP
ram:000460b8	ram:000460ec	CONDITIONAL_JUMP
ram:000460be	ram:00041c74	UNCONDITIONAL_CALL
ram:000460c4	ram:000460ec	CONDITIONAL_JUMP
ram:000460e0	ram:20001d53	READ
ram:000460e8	ram:00041d24	UNCONDITIONAL_CALL
ram:000460fe	ram:20001a08	READ
ram:0004610c	ram:0004612e	CONDITIONAL_JUMP
ram:00046118	ram:20001a08	READ
ram:0004611a	ram:0004613e	CONDITIONAL_JUMP
ram:0004611e	ram:00046176	CONDITIONAL_JUMP
ram:00046126	ram:20000104	COMPUTED_CALL
ram:0004612a	ram:20001a08	WRITE
ram:00046148	ram:0004615a	CONDITIONAL_JUMP
ram:0004614e	ram:20000104	COMPUTED_CALL
ram:00046152	ram:20001a08	READ
ram:0004615a	ram:20001a08	READ
ram:00046160	ram:00046172	CONDITIONAL_JUMP
ram:00046166	ram:20000104	COMPUTED_CALL
ram:0004616a	ram:20001a08	READ
ram:00046174	ram:00046118	UNCONDITIONAL_JUMP
ram:00046176	ram:0004612e	CONDITIONAL_JUMP
ram:00046182	ram:20000214	COMPUTED_CALL
ram:00046186	ram:20001a08	READ
ram:00046190	ram:0004612e	CONDITIONAL_JUMP
ram:000461a0	ram:0004618c	UNCONDITIONAL_JUMP
ram:000461aa	ram:20001a04	READ
ram:000461be	ram:00046266	CONDITIONAL_JUMP
ram:000461d0	ram:000461f0	CONDITIONAL_JUMP
ram:000461d2	ram:20002000	PARAM
ram:000461d6	ram:20001a08	READ
ram:000461da	ram:000461f0	CONDITIONAL_JUMP
ram:000461dc	ram:20001a02	READ
ram:000461ec	ram:0004627c	CONDITIONAL_JUMP
ram:000461f6	ram:00041c74	UNCONDITIONAL_CALL
ram:000461fc	ram:0004620c	CONDITIONAL_JUMP
ram:00046200	ram:00041c74	UNCONDITIONAL_CALL
ram:00046206	ram:0004624e	CONDITIONAL_JUMP
ram:00046222	ram:000462d2	CONDITIONAL_JUMP
ram:00046236	ram:20001a02	READ
ram:0004623a	ram:00046240	CONDITIONAL_JUMP
ram:0004623e	ram:00046294	CONDITIONAL_JUMP
ram:00046240	ram:20001a04	READ
ram:0004624a	ram:00041d24	UNCONDITIONAL_CALL
ram:0004624e	ram:20001a02	READ
ram:00046254	ram:000460f6	UNCONDITIONAL_CALL
ram:00046256	ram:20001a04	READ
ram:0004625e	ram:20000104	COMPUTED_CALL
ram:00046262	ram:20001a04	WRITE
ram:00046286	ram:00046290	CONDITIONAL_JUMP
ram:00046292	ram:000461e8	UNCONDITIONAL_JUMP
ram:00046294	ram:20001a08	READ
ram:000462a2	ram:000462ca	CONDITIONAL_JUMP
ram:000462c4	ram:200001dc	COMPUTED_CALL
ram:000462d0	ram:00046236	UNCONDITIONAL_JUMP
ram:000462d6	ram:00046240	UNCONDITIONAL_JUMP
ram:000462dc	ram:20001a04	READ
ram:000462e0	ram:0004632c	CONDITIONAL_JUMP
ram:000462ea	ram:00046310	CONDITIONAL_JUMP
ram:000462ee	ram:00044c54	UNCONDITIONAL_CALL
ram:000462f4	ram:00046304	CONDITIONAL_JUMP
ram:000462f6	ram:20002000	PARAM
ram:000462fa	ram:20001d4c	READ
ram:00046300	ram:0004224c	UNCONDITIONAL_CALL
ram:00046306	ram:0004588a	UNCONDITIONAL_CALL
ram:0004630e	ram:00046324	CONDITIONAL_JUMP
ram:00046310	ram:20002000	PARAM
ram:00046314	ram:20001d4c	READ
ram:0004631a	ram:0004244a	UNCONDITIONAL_CALL
ram:00046320	ram:000461a2	UNCONDITIONAL_CALL
ram:00046336	ram:00046342	CONDITIONAL_JUMP
ram:00046340	ram:000462d8	UNCONDITIONAL_JUMP
ram:00046346	ram:00046356	CONDITIONAL_JUMP
ram:00046352	ram:00046368	CONDITIONAL_JUMP
ram:00046354	ram:00046340	UNCONDITIONAL_JUMP
ram:0004635a	ram:0004633a	CONDITIONAL_JUMP
ram:00046364	ram:0004634a	CONDITIONAL_JUMP
ram:00046382	ram:0004645e	CONDITIONAL_JUMP
ram:0004638a	ram:000463b2	CONDITIONAL_JUMP
ram:0004638e	ram:000463b2	CONDITIONAL_JUMP
ram:00046392	ram:00044c54	UNCONDITIONAL_CALL
ram:000463ae	ram:000463ca	CONDITIONAL_JUMP
ram:000463ce	ram:0004644c	CONDITIONAL_JUMP
ram:000463d2	ram:20001a04	READ
ram:000463da	ram:0004644c	CONDITIONAL_JUMP
ram:000463de	ram:00045b14	UNCONDITIONAL_CALL
ram:000463e2	ram:0004644c	CONDITIONAL_JUMP
ram:000463ea	ram:00041c74	UNCONDITIONAL_CALL
ram:000463f0	ram:0004644c	CONDITIONAL_JUMP
ram:0004641e	ram:200001dc	COMPUTED_CALL
ram:0004642a	ram:00046458	CONDITIONAL_JUMP
ram:0004643a	ram:200001dc	COMPUTED_CALL
ram:0004643e	ram:20001a04	READ
ram:00046448	ram:00041d24	UNCONDITIONAL_CALL
ram:00046456	ram:000463aa	UNCONDITIONAL_JUMP
ram:0004645c	ram:0004643e	UNCONDITIONAL_JUMP
ram:00046462	ram:20001a04	READ
ram:00046466	ram:000463b2	CONDITIONAL_JUMP
ram:00046468	ram:000461a2	UNCONDITIONAL_CALL
ram:00046482	ram:0004588a	UNCONDITIONAL_CALL
ram:0004649c	ram:00046566	CONDITIONAL_JUMP
ram:000464a4	ram:000464cc	CONDITIONAL_JUMP
ram:000464a8	ram:000464cc	CONDITIONAL_JUMP
ram:000464ac	ram:00044c54	UNCONDITIONAL_CALL
ram:000464c8	ram:000464e4	CONDITIONAL_JUMP
ram:000464e8	ram:0004655c	CONDITIONAL_JUMP
ram:000464f0	ram:20001a04	READ
ram:000464f4	ram:0004655c	CONDITIONAL_JUMP
ram:000464f8	ram:00041c74	UNCONDITIONAL_CALL
ram:000464fe	ram:0004655c	CONDITIONAL_JUMP
ram:00046530	ram:200001dc	COMPUTED_CALL
ram:0004654a	ram:200001dc	COMPUTED_CALL
ram:0004654e	ram:20001a04	READ
ram:00046558	ram:00041d24	UNCONDITIONAL_CALL
ram:00046564	ram:000464c4	UNCONDITIONAL_JUMP
ram:0004656a	ram:20001a04	READ
ram:0004656e	ram:000464cc	CONDITIONAL_JUMP
ram:00046570	ram:000461a2	UNCONDITIONAL_CALL
ram:0004658c	ram:0004588a	UNCONDITIONAL_CALL
ram:000465ac	ram:000467d4	CONDITIONAL_JUMP
ram:000465b6	ram:000465e8	CONDITIONAL_JUMP
ram:000465bc	ram:000465e8	CONDITIONAL_JUMP
ram:000465c2	ram:00044c54	UNCONDITIONAL_CALL
ram:000465e4	ram:00046606	CONDITIONAL_JUMP
ram:0004660c	ram:0004672a	CONDITIONAL_JUMP
ram:00046610	ram:20001a04	READ
ram:00046618	ram:0004672a	CONDITIONAL_JUMP
ram:00046624	ram:000466da	CONDITIONAL_JUMP
ram:00046628	ram:000466a0	CONDITIONAL_JUMP
ram:00046632	ram:00045d6e	UNCONDITIONAL_CALL
ram:00046636	ram:0004672a	CONDITIONAL_JUMP
ram:00046642	ram:00046734	CONDITIONAL_JUMP
ram:00046648	ram:00041c74	UNCONDITIONAL_CALL
ram:0004664e	ram:0004672a	CONDITIONAL_JUMP
ram:0004667c	ram:200001dc	COMPUTED_CALL
ram:00046688	ram:00046718	CONDITIONAL_JUMP
ram:0004669a	ram:200001dc	COMPUTED_CALL
ram:0004669e	ram:0004671c	UNCONDITIONAL_JUMP
ram:000466a2	ram:000466b2	CONDITIONAL_JUMP
ram:000466b0	ram:00046630	UNCONDITIONAL_JUMP
ram:000466b4	ram:000466a6	CONDITIONAL_JUMP
ram:000466ba	ram:000466c6	CONDITIONAL_JUMP
ram:000466c4	ram:00046630	UNCONDITIONAL_JUMP
ram:000466c8	ram:000466d0	CONDITIONAL_JUMP
ram:000466ce	ram:000466c0	UNCONDITIONAL_JUMP
ram:000466d2	ram:00046630	CONDITIONAL_JUMP
ram:000466d8	ram:000466c0	UNCONDITIONAL_JUMP
ram:000466de	ram:000466e4	CONDITIONAL_JUMP
ram:000466e2	ram:000466c0	UNCONDITIONAL_JUMP
ram:000466ec	ram:000466f8	CONDITIONAL_JUMP
ram:000466ee	ram:000466f4	CONDITIONAL_JUMP
ram:000466f2	ram:000466a8	UNCONDITIONAL_JUMP
ram:000466f6	ram:000466c0	UNCONDITIONAL_JUMP
ram:000466fc	ram:0004670a	CONDITIONAL_JUMP
ram:000466fe	ram:00046704	CONDITIONAL_JUMP
ram:00046702	ram:000466a8	UNCONDITIONAL_JUMP
ram:00046708	ram:00046630	UNCONDITIONAL_JUMP
ram:0004670a	ram:00046712	CONDITIONAL_JUMP
ram:00046710	ram:00046630	UNCONDITIONAL_JUMP
ram:00046716	ram:00046630	UNCONDITIONAL_JUMP
ram:0004671c	ram:20001a04	READ
ram:00046726	ram:00041d24	UNCONDITIONAL_CALL
ram:00046732	ram:000465e0	UNCONDITIONAL_JUMP
ram:00046738	ram:00041c74	UNCONDITIONAL_CALL
ram:0004673e	ram:0004672a	CONDITIONAL_JUMP
ram:0004676c	ram:200001dc	COMPUTED_CALL
ram:000467b6	ram:200001dc	COMPUTED_CALL
ram:000467c2	ram:000467ce	CONDITIONAL_JUMP
ram:000467cc	ram:00046692	UNCONDITIONAL_JUMP
ram:000467d2	ram:0004671c	UNCONDITIONAL_JUMP
ram:000467d8	ram:20001a04	READ
ram:000467dc	ram:000465e8	CONDITIONAL_JUMP
ram:000467e0	ram:000461a2	UNCONDITIONAL_CALL
ram:00046802	ram:0004588a	UNCONDITIONAL_CALL
ram:0004680a	ram:20001a04	READ
ram:0004680e	ram:0004683e	CONDITIONAL_JUMP
ram:00046816	ram:00046840	CONDITIONAL_JUMP
ram:0004681a	ram:20002000	PARAM
ram:0004681e	ram:20001d4c	READ
ram:00046828	ram:0004244a	UNCONDITIONAL_CALL
ram:00046830	ram:000461a2	UNCONDITIONAL_CALL
ram:0004683a	ram:0004588a	UNCONDITIONAL_CALL
ram:00046850	ram:20001a04	READ
ram:0004685c	ram:00046966	CONDITIONAL_JUMP
ram:00046868	ram:20001d50	READ
ram:00046870	ram:0004692e	CONDITIONAL_JUMP
ram:00046880	ram:20000040	COMPUTED_CALL
ram:00046884	ram:20001a04	WRITE
ram:0004688a	ram:0004692e	CONDITIONAL_JUMP
ram:00046894	ram:20001d53	WRITE
ram:0004689c	ram:200001dc	COMPUTED_CALL
ram:000468a8	ram:00069728	UNCONDITIONAL_CALL
ram:000468b0	ram:20001c04	PARAM
ram:000468b4	ram:20001c06	READ
ram:000468c0	ram:000468c4	CONDITIONAL_JUMP
ram:000468c8	ram:00044c54	UNCONDITIONAL_CALL
ram:000468d8	ram:0004693e	CONDITIONAL_JUMP
ram:000468dc	ram:00044c54	UNCONDITIONAL_CALL
ram:000468ee	ram:00044c54	UNCONDITIONAL_CALL
ram:000468f6	ram:0004691a	CONDITIONAL_JUMP
ram:00046906	ram:00044c54	UNCONDITIONAL_CALL
ram:00046912	ram:00044c54	UNCONDITIONAL_CALL
ram:00046928	ram:000525dc	UNCONDITIONAL_CALL
ram:00046940	ram:0004692e	CONDITIONAL_JUMP
ram:00046950	ram:00044c54	UNCONDITIONAL_CALL
ram:0004695c	ram:00044c54	UNCONDITIONAL_CALL
ram:00046964	ram:0004691a	UNCONDITIONAL_JUMP
ram:00046968	ram:0004692e	UNCONDITIONAL_JUMP
ram:00046980	ram:20001d50	READ
ram:00046988	ram:00046bd6	CONDITIONAL_JUMP
ram:00046990	ram:20001a04	READ
ram:00046996	ram:00046bd6	CONDITIONAL_JUMP
ram:0004699c	ram:00045114	UNCONDITIONAL_CALL
ram:000469a0	ram:20001d54	READ
ram:000469a6	ram:00046bd6	CONDITIONAL_JUMP
ram:000469ae	ram:200019e0	READ
ram:000469b6	ram:00046bd6	CONDITIONAL_JUMP
ram:000469c6	ram:20000040	COMPUTED_CALL
ram:000469ca	ram:200019e0	WRITE
ram:000469d0	ram:00046bd6	CONDITIONAL_JUMP
ram:000469dc	ram:200001dc	COMPUTED_CALL
ram:000469e4	ram:00044c54	UNCONDITIONAL_CALL
ram:000469f2	ram:00046bd6	CONDITIONAL_JUMP
ram:00046a02	ram:20000214	COMPUTED_CALL
ram:00046a10	ram:00046a70	CONDITIONAL_JUMP
ram:00046a14	ram:00044c54	UNCONDITIONAL_CALL
ram:00046a1e	ram:00044c54	UNCONDITIONAL_CALL
ram:00046a28	ram:00044c54	UNCONDITIONAL_CALL
ram:00046a32	ram:00044c54	UNCONDITIONAL_CALL
ram:00046a3c	ram:00044c54	UNCONDITIONAL_CALL
ram:00046a46	ram:00044c54	UNCONDITIONAL_CALL
ram:00046a4a	ram:200019e0	READ
ram:00046a56	ram:00046be8	CONDITIONAL_JUMP
ram:00046a5c	ram:00044c54	UNCONDITIONAL_CALL
ram:00046a66	ram:00044c54	UNCONDITIONAL_CALL
ram:00046a74	ram:00044c54	UNCONDITIONAL_CALL
ram:00046a88	ram:00044c54	UNCONDITIONAL_CALL
ram:00046a9e	ram:00044c54	UNCONDITIONAL_CALL
ram:00046aaa	ram:00044c54	UNCONDITIONAL_CALL
ram:00046ab6	ram:00044c54	UNCONDITIONAL_CALL
ram:00046acc	ram:00044c54	UNCONDITIONAL_CALL
ram:00046ad8	ram:00046b62	CONDITIONAL_JUMP
ram:00046ae0	ram:00044c54	UNCONDITIONAL_CALL
ram:00046af6	ram:00044c54	UNCONDITIONAL_CALL
ram:00046b0c	ram:00044c54	UNCONDITIONAL_CALL
ram:00046b18	ram:00044c54	UNCONDITIONAL_CALL
ram:00046b24	ram:00044c54	UNCONDITIONAL_CALL
ram:00046b38	ram:00044c54	UNCONDITIONAL_CALL
ram:00046b3c	ram:200019e0	READ
ram:00046b48	ram:00046bf6	CONDITIONAL_JUMP
ram:00046b4e	ram:00044c54	UNCONDITIONAL_CALL
ram:00046b5a	ram:00044c54	UNCONDITIONAL_CALL
ram:00046b62	ram:200019e0	READ
ram:00046b6e	ram:000442de	UNCONDITIONAL_CALL
ram:00046b7c	ram:00069728	UNCONDITIONAL_CALL
ram:00046b88	ram:20001c06	READ
ram:00046b96	ram:00046b9a	CONDITIONAL_JUMP
ram:00046b9a	ram:200019e0	READ
ram:00046bbc	Stack[-0x90]	DATA
ram:00046bc8	ram:000525e4	UNCONDITIONAL_CALL
ram:00046bce	ram:00046bd6	CONDITIONAL_JUMP
ram:00046bd2	ram:00044f96	UNCONDITIONAL_CALL
ram:00046bea	ram:00044c54	UNCONDITIONAL_CALL
ram:00046bf4	ram:00046a66	UNCONDITIONAL_JUMP
ram:00046bfa	ram:00044c54	UNCONDITIONAL_CALL
ram:00046c06	ram:00046b5a	UNCONDITIONAL_JUMP
ram:00046c0c	ram:20001d50	READ
ram:00046c14	ram:00046c1e	CONDITIONAL_JUMP
ram:00046c1a	ram:20001cbc	PARAM
ram:00046c1e	ram:0004409c	UNCONDITIONAL_CALL
ram:00046c28	ram:20001a02	WRITE
ram:00046c30	ram:20001d53	WRITE
ram:00046c38	ram:20001a08	WRITE
ram:00046c48	ram:20001a04	WRITE
ram:00046c50	ram:20001ca8	WRITE
ram:00046c50	ram:00046330	DATA
ram:00046c60	ram:20001cac	WRITE
ram:00046c60	ram:0004636c	DATA
ram:00046c6a	ram:20001cb0	WRITE
ram:00046c6a	ram:00046486	DATA
ram:00046c74	ram:20001cb4	WRITE
ram:00046c74	ram:00046590	DATA
ram:00046c7e	ram:20001cb8	WRITE
ram:00046c7e	ram:00045a2e	DATA
ram:00046c8c	ram:20001cbc	WRITE
ram:00046c8c	ram:00045ad8	DATA
ram:00046c9c	ram:20001cc0	WRITE
ram:00046c9c	ram:000458c4	DATA
ram:00046cb0	ram:20001a02	READ
ram:00046cb8	ram:000460f6	UNCONDITIONAL_CALL
ram:00046cc0	ram:20001d50	READ
ram:00046cc6	ram:00046d3e	CONDITIONAL_JUMP
ram:00046ccc	ram:20001a02	WRITE
ram:00046cd0	ram:20001ca8	PARAM
ram:00046cd8	ram:00044092	UNCONDITIONAL_CALL
ram:00046ce0	ram:20001a08	READ
ram:00046ce2	ram:00046cf0	CONDITIONAL_JUMP
ram:00046cf0	ram:20001a02	READ
ram:00046cf4	ram:00046cfa	CONDITIONAL_JUMP
ram:00046cf8	ram:00046ce6	UNCONDITIONAL_JUMP
ram:00046d06	ram:20000040	COMPUTED_CALL
ram:00046d0a	ram:20001a08	WRITE
ram:00046d0c	ram:00046ce4	CONDITIONAL_JUMP
ram:00046d0e	ram:20001a02	READ
ram:00046d1a	ram:20000214	COMPUTED_CALL
ram:00046d1e	ram:20001a02	READ
ram:00046d22	ram:20001a08	READ
ram:00046d2c	ram:00046cf6	CONDITIONAL_JUMP
ram:00046d3c	ram:00046d28	UNCONDITIONAL_JUMP
ram:00046d40	ram:20001a02	WRITE
ram:00046d44	ram:00044092	UNCONDITIONAL_CALL
ram:00046d48	ram:00046cf6	UNCONDITIONAL_JUMP
ram:00046d52	ram:200019e4	READ
ram:00046d58	ram:00046d66	CONDITIONAL_JUMP
ram:00046d5e	ram:20000104	COMPUTED_CALL
ram:00046d62	ram:200019e4	WRITE
ram:00046d76	ram:00044c54	UNCONDITIONAL_CALL
ram:00046d80	ram:00044c54	UNCONDITIONAL_CALL
ram:00046d8a	ram:00044c54	UNCONDITIONAL_CALL
ram:00046d9a	ram:000525d0	UNCONDITIONAL_CALL
ram:00046dac	ram:00044c54	UNCONDITIONAL_CALL
ram:00046db6	ram:00044c54	UNCONDITIONAL_CALL
ram:00046dc0	ram:00044c54	UNCONDITIONAL_CALL
ram:00046dca	ram:00044c54	UNCONDITIONAL_CALL
ram:00046de2	ram:000525f4	UNCONDITIONAL_CALL
ram:00046dfa	ram:200019e4	READ
ram:00046e0e	ram:00046ee8	CONDITIONAL_JUMP
ram:00046e1a	ram:00069728	UNCONDITIONAL_CALL
ram:00046e26	ram:00069728	UNCONDITIONAL_CALL
ram:00046e32	ram:20001c06	READ
ram:00046e3e	ram:00046e42	CONDITIONAL_JUMP
ram:00046e42	ram:200019e4	READ
ram:00046e50	ram:000442de	UNCONDITIONAL_CALL
ram:00046e54	ram:200019e4	READ
ram:00046e62	ram:00044c54	UNCONDITIONAL_CALL
ram:00046e6a	ram:00044c54	UNCONDITIONAL_CALL
ram:00046e6e	ram:200019e4	READ
ram:00046e80	ram:00044c54	UNCONDITIONAL_CALL
ram:00046e88	ram:00044c54	UNCONDITIONAL_CALL
ram:00046e90	ram:00044c54	UNCONDITIONAL_CALL
ram:00046e98	ram:00044c54	UNCONDITIONAL_CALL
ram:00046ea0	ram:00044c54	UNCONDITIONAL_CALL
ram:00046ea8	ram:00044c54	UNCONDITIONAL_CALL
ram:00046edc	Stack[-0x70]	DATA
ram:00046ee4	ram:00052596	UNCONDITIONAL_CALL
ram:00046f08	ram:00046f72	CONDITIONAL_JUMP
ram:00046f1e	ram:00046f2a	CONDITIONAL_JUMP
ram:00046f22	ram:20001c0a	READ
ram:00046f26	ram:00046f8a	CONDITIONAL_JUMP
ram:00046f2a	ram:0004df14	UNCONDITIONAL_CALL
ram:00046f2e	ram:00046f38	CONDITIONAL_JUMP
ram:00046f4c	ram:00044812	UNCONDITIONAL_CALL
ram:00046f54	ram:20001c0a	READ
ram:00046f58	ram:00046f6a	CONDITIONAL_JUMP
ram:00046f6c	ram:20001c0a	WRITE
ram:00046f70	ram:00046f5c	UNCONDITIONAL_JUMP
ram:00046f76	ram:00046f90	CONDITIONAL_JUMP
ram:00046f80	ram:00046f8a	CONDITIONAL_JUMP
ram:00046f86	ram:00046f5c	CONDITIONAL_JUMP
ram:00046f8a	ram:00044110	UNCONDITIONAL_CALL
ram:00046f8e	ram:00046f5c	UNCONDITIONAL_JUMP
ram:00046f92	ram:00046fa4	CONDITIONAL_JUMP
ram:00046f96	ram:20002000	PARAM
ram:00046f9a	ram:20001d51	READ
ram:00046f9e	ram:000448c6	UNCONDITIONAL_CALL
ram:00046fa2	ram:00046f5c	UNCONDITIONAL_JUMP
ram:00046faa	ram:00046f5e	CONDITIONAL_JUMP
ram:00046fb4	ram:00046f5e	CONDITIONAL_JUMP
ram:00046fc6	ram:0004ddcc	UNCONDITIONAL_CALL
ram:00046fca	ram:00046f5c	UNCONDITIONAL_JUMP
ram:00046fd4	ram:20001a0c	READ
ram:00046fda	Stack[-0x10]	DATA
ram:00046fe6	ram:00047030	CONDITIONAL_JUMP
ram:00046ff2	ram:0004701e	CONDITIONAL_JUMP
ram:00046ff8	ram:00041c74	UNCONDITIONAL_CALL
ram:00046ffc	ram:0004701e	CONDITIONAL_JUMP
ram:00047016	ram:20001a0c	READ
ram:0004701a	ram:00041d24	UNCONDITIONAL_CALL
ram:00047020	ram:20001a0c	WRITE
ram:0004702a	Stack[-0x10]	DATA
ram:00047032	ram:00041c74	UNCONDITIONAL_CALL
ram:00047036	ram:00047024	CONDITIONAL_JUMP
ram:00047050	ram:20002000	PARAM
ram:00047058	Stack[-0x10]	DATA
ram:0004705c	ram:20001a0d	READ
ram:00047062	ram:00041d24	UNCONDITIONAL_CALL
ram:0004706e	ram:200019e4	READ
ram:00047080	ram:0004713c	CONDITIONAL_JUMP
ram:0004708a	ram:20001d50	READ
ram:00047092	ram:0004713c	CONDITIONAL_JUMP
ram:00047094	ram:20002000	PARAM
ram:0004709c	ram:20001a0d	WRITE
ram:000470ac	ram:20000040	COMPUTED_CALL
ram:000470b0	ram:200019e4	WRITE
ram:000470b6	ram:0004713c	CONDITIONAL_JUMP
ram:000470ca	ram:200001dc	COMPUTED_CALL
ram:000470ce	ram:200019e4	READ
ram:000470d8	ram:00047172	CONDITIONAL_JUMP
ram:000470dc	ram:00047150	CONDITIONAL_JUMP
ram:000470f8	ram:00069728	UNCONDITIONAL_CALL
ram:00047100	ram:000471d4	CONDITIONAL_JUMP
ram:00047106	ram:20001c06	READ
ram:0004710c	ram:000471d4	CONDITIONAL_JUMP
ram:00047110	ram:000443c2	UNCONDITIONAL_CALL
ram:00047116	ram:0004eef8	UNCONDITIONAL_CALL
ram:0004711c	ram:000449da	UNCONDITIONAL_CALL
ram:00047122	ram:00044c54	UNCONDITIONAL_CALL
ram:00047128	ram:0004713c	CONDITIONAL_JUMP
ram:00047132	ram:20001d4c	READ
ram:00047138	ram:0004224c	UNCONDITIONAL_CALL
ram:00047152	ram:0004715a	CONDITIONAL_JUMP
ram:00047158	ram:000470e0	UNCONDITIONAL_JUMP
ram:0004715c	ram:00047164	CONDITIONAL_JUMP
ram:00047162	ram:000470e0	UNCONDITIONAL_JUMP
ram:00047166	ram:0004716e	CONDITIONAL_JUMP
ram:0004716c	ram:000470e0	UNCONDITIONAL_JUMP
ram:00047170	ram:000470e0	UNCONDITIONAL_JUMP
ram:00047176	ram:00047192	CONDITIONAL_JUMP
ram:0004717c	ram:00047188	CONDITIONAL_JUMP
ram:00047186	ram:00047192	UNCONDITIONAL_JUMP
ram:0004718a	ram:000471b2	CONDITIONAL_JUMP
ram:00047194	ram:00044c54	UNCONDITIONAL_CALL
ram:0004719c	ram:000470f0	CONDITIONAL_JUMP
ram:000471a0	ram:200019e4	READ
ram:000471b0	ram:000470f0	UNCONDITIONAL_JUMP
ram:000471b4	ram:000471bc	CONDITIONAL_JUMP
ram:000471ba	ram:00047182	UNCONDITIONAL_JUMP
ram:000471be	ram:000471c8	CONDITIONAL_JUMP
ram:000471c6	ram:00047192	UNCONDITIONAL_JUMP
ram:000471cc	ram:0004713c	CONDITIONAL_JUMP
ram:000471d2	ram:00047182	UNCONDITIONAL_JUMP
ram:000471d4	ram:00046df2	UNCONDITIONAL_CALL
ram:000471da	ram:0004713c	CONDITIONAL_JUMP
ram:000471dc	ram:00046d4a	UNCONDITIONAL_CALL
ram:000471e0	ram:0004713c	UNCONDITIONAL_JUMP
ram:000471ea	ram:200019e4	READ
ram:000471f6	ram:00047242	CONDITIONAL_JUMP
ram:000471fe	ram:00047242	CONDITIONAL_JUMP
ram:00047206	ram:20001d4c	READ
ram:0004720c	ram:0004244a	UNCONDITIONAL_CALL
ram:00047210	ram:20001d4c	READ
ram:00047214	ram:20002000	PARAM
ram:0004721a	ram:20001a10	WRITE
ram:0004721e	ram:0004244a	UNCONDITIONAL_CALL
ram:00047222	ram:200019e4	READ
ram:0004723c	ram:000525cc	UNCONDITIONAL_CALL
ram:0004725c	ram:000472d8	CONDITIONAL_JUMP
ram:00047268	ram:20001a10	READ
ram:0004726c	ram:000472be	CONDITIONAL_JUMP
ram:00047272	ram:20001c08	READ
ram:00047276	ram:000472be	CONDITIONAL_JUMP
ram:0004727c	ram:000472b4	CONDITIONAL_JUMP
ram:00047284	ram:20001d4c	READ
ram:0004728a	ram:0004244a	UNCONDITIONAL_CALL
ram:0004728e	ram:20001a10	READ
ram:00047296	ram:20001d4c	READ
ram:000472a0	ram:0004224c	UNCONDITIONAL_CALL
ram:000472a4	ram:20001a10	WRITE
ram:000472b8	ram:20001a10	WRITE
ram:000472bc	ram:000472a8	UNCONDITIONAL_JUMP
ram:000472c2	ram:200019e4	READ
ram:000472c6	ram:000472a8	CONDITIONAL_JUMP
ram:000472d6	ram:000471e2	UNCONDITIONAL_CALL
ram:000472dc	ram:200019e4	READ
ram:000472e0	ram:000472a8	CONDITIONAL_JUMP
ram:000472e2	ram:20002000	PARAM
ram:000472ea	ram:20001d50	READ
ram:000472f0	ram:000472a8	CONDITIONAL_JUMP
ram:000472f4	ram:0004735a	CONDITIONAL_JUMP
ram:000472fc	ram:00041c74	UNCONDITIONAL_CALL
ram:00047302	ram:000472a8	CONDITIONAL_JUMP
ram:00047332	ram:200001dc	COMPUTED_CALL
ram:00047336	ram:20001d51	READ
ram:0004733e	ram:0004734a	CONDITIONAL_JUMP
ram:00047342	ram:200019e4	READ
ram:00047356	ram:00041d24	UNCONDITIONAL_CALL
ram:0004735a	ram:20001d4c	READ
ram:00047360	ram:0004244a	UNCONDITIONAL_CALL
ram:0004736c	ram:20002000	PARAM
ram:00047370	ram:20001a10	WRITE
ram:00047376	ram:00046d4a	UNCONDITIONAL_CALL
ram:0004737e	ram:20001d50	READ
ram:00047384	ram:0004739e	CONDITIONAL_JUMP
ram:0004738a	ram:20001a1c	READ
ram:0004738e	ram:000473a2	CONDITIONAL_JUMP
ram:00047390	ram:20002000	PARAM
ram:00047396	ram:20001a12	WRITE
ram:0004739a	ram:00046d6e	UNCONDITIONAL_CALL
ram:000473a6	ram:20002000	PARAM
ram:000473ae	ram:20001a12	WRITE
ram:000473b2	ram:000525d8	UNCONDITIONAL_CALL
ram:000473ba	ram:20001d50	READ
ram:000473c0	ram:000473d0	CONDITIONAL_JUMP
ram:000473c2	ram:20002000	PARAM
ram:000473c8	ram:20001a0e	WRITE
ram:000473cc	ram:00046d9e	UNCONDITIONAL_CALL
ram:000473d4	ram:20002000	PARAM
ram:000473dc	ram:20001a0e	WRITE
ram:000473e0	ram:000525f8	UNCONDITIONAL_CALL
ram:000473e8	ram:20001d50	READ
ram:000473ee	ram:0004752c	CONDITIONAL_JUMP
ram:000473f6	ram:0004740e	CONDITIONAL_JUMP
ram:00047412	ram:200019e4	READ
ram:00047416	ram:0004752c	CONDITIONAL_JUMP
ram:0004741e	ram:20001a0c	PARAM
ram:00047422	ram:20001a0c	READ
ram:0004742a	ram:0004752c	CONDITIONAL_JUMP
ram:0004743a	ram:20001a0c	WRITE
ram:0004744a	ram:000474bc	CONDITIONAL_JUMP
ram:00047456	ram:20000040	COMPUTED_CALL
ram:0004745c	ram:000473fe	CONDITIONAL_JUMP
ram:00047462	ram:20001a18	READ
ram:0004746a	ram:00047474	CONDITIONAL_JUMP
ram:00047470	ram:20000104	COMPUTED_CALL
ram:00047480	ram:20001a18	WRITE
ram:00047488	ram:20000214	COMPUTED_CALL
ram:0004748c	ram:20001a18	READ
ram:00047498	ram:200001dc	COMPUTED_CALL
ram:0004749c	ram:20001a18	READ
ram:000474b8	ram:000525c4	UNCONDITIONAL_CALL
ram:000474c6	ram:20000040	COMPUTED_CALL
ram:000474cc	ram:000473fe	CONDITIONAL_JUMP
ram:000474d2	ram:20001a20	READ
ram:000474da	ram:000474e4	CONDITIONAL_JUMP
ram:000474e0	ram:20000104	COMPUTED_CALL
ram:000474f0	ram:20001a20	WRITE
ram:000474f8	ram:20000214	COMPUTED_CALL
ram:000474fc	ram:20001a20	READ
ram:00047508	ram:200001dc	COMPUTED_CALL
ram:0004750c	ram:20001a20	READ
ram:00047528	ram:000525c8	UNCONDITIONAL_CALL
ram:00047534	ram:0004754c	CONDITIONAL_JUMP
ram:0004754c	ram:00047604	CONDITIONAL_JUMP
ram:0004756e	ram:20000040	COMPUTED_CALL
ram:00047574	ram:0004753c	CONDITIONAL_JUMP
ram:0004757a	ram:20001a18	READ
ram:00047582	ram:0004758c	CONDITIONAL_JUMP
ram:00047588	ram:20000104	COMPUTED_CALL
ram:00047598	ram:20001a18	WRITE
ram:000475a0	ram:20000214	COMPUTED_CALL
ram:000475a4	ram:20001a18	READ
ram:000475b0	ram:200001dc	COMPUTED_CALL
ram:000475b4	ram:20001a18	READ
ram:000475be	ram:200019e4	READ
ram:000475c2	ram:000475fc	CONDITIONAL_JUMP
ram:000475c8	ram:20001d50	READ
ram:000475ce	ram:00047600	CONDITIONAL_JUMP
ram:000475d4	ram:20001a18	READ
ram:000475d8	ram:000475f6	CONDITIONAL_JUMP
ram:000475f2	ram:000525c4	UNCONDITIONAL_CALL
ram:000475fa	ram:000475e0	UNCONDITIONAL_JUMP
ram:000475fe	ram:0004753e	UNCONDITIONAL_JUMP
ram:00047602	ram:0004753e	UNCONDITIONAL_JUMP
ram:00047608	ram:200019e4	READ
ram:0004760c	ram:00047638	CONDITIONAL_JUMP
ram:00047612	ram:20001d50	READ
ram:00047618	ram:0004763c	CONDITIONAL_JUMP
ram:0004761e	ram:20001a18	READ
ram:00047622	ram:00047632	CONDITIONAL_JUMP
ram:00047630	ram:000475f2	UNCONDITIONAL_JUMP
ram:00047636	ram:0004762a	UNCONDITIONAL_JUMP
ram:00047644	ram:0004765c	CONDITIONAL_JUMP
ram:0004765c	ram:00047714	CONDITIONAL_JUMP
ram:0004767e	ram:20000040	COMPUTED_CALL
ram:00047684	ram:0004764c	CONDITIONAL_JUMP
ram:0004768a	ram:20001a20	READ
ram:00047692	ram:0004769c	CONDITIONAL_JUMP
ram:00047698	ram:20000104	COMPUTED_CALL
ram:000476a8	ram:20001a20	WRITE
ram:000476b0	ram:20000214	COMPUTED_CALL
ram:000476b4	ram:20001a20	READ
ram:000476c0	ram:200001dc	COMPUTED_CALL
ram:000476c4	ram:20001a20	READ
ram:000476ce	ram:200019e4	READ
ram:000476d2	ram:0004770c	CONDITIONAL_JUMP
ram:000476d8	ram:20001d50	READ
ram:000476de	ram:00047710	CONDITIONAL_JUMP
ram:000476e4	ram:20001a20	READ
ram:000476e8	ram:00047706	CONDITIONAL_JUMP
ram:00047702	ram:000525c8	UNCONDITIONAL_CALL
ram:0004770a	ram:000476f0	UNCONDITIONAL_JUMP
ram:0004770e	ram:0004764e	UNCONDITIONAL_JUMP
ram:00047712	ram:0004764e	UNCONDITIONAL_JUMP
ram:00047718	ram:200019e4	READ
ram:0004771c	ram:00047748	CONDITIONAL_JUMP
ram:00047722	ram:20001d50	READ
ram:00047728	ram:0004774c	CONDITIONAL_JUMP
ram:0004772e	ram:20001a20	READ
ram:00047732	ram:00047742	CONDITIONAL_JUMP
ram:00047740	ram:00047702	UNCONDITIONAL_JUMP
ram:00047746	ram:0004773a	UNCONDITIONAL_JUMP
ram:00047754	ram:0004775c	CONDITIONAL_JUMP
ram:0004776c	ram:000477ce	CONDITIONAL_JUMP
ram:0004777e	ram:20000040	COMPUTED_CALL
ram:00047786	ram:00047812	CONDITIONAL_JUMP
ram:0004778e	ram:20001a1c	READ
ram:00047796	ram:000477a0	CONDITIONAL_JUMP
ram:0004779c	ram:20000104	COMPUTED_CALL
ram:000477ac	ram:20001a1c	WRITE
ram:000477b4	ram:20000214	COMPUTED_CALL
ram:000477b8	ram:20001a1c	READ
ram:000477c4	ram:200001dc	COMPUTED_CALL
ram:000477c8	ram:20001a1c	READ
ram:000477d2	ram:200019e4	READ
ram:000477d8	ram:00047812	CONDITIONAL_JUMP
ram:000477de	ram:20001d50	READ
ram:000477e6	ram:00047812	CONDITIONAL_JUMP
ram:000477ee	ram:0006b342	UNCONDITIONAL_CALL
ram:000477fa	ram:00047812	CONDITIONAL_JUMP
ram:00047800	ram:20001a1c	READ
ram:0004780e	ram:000525d4	UNCONDITIONAL_CALL
ram:00047824	ram:20001a18	READ
ram:00047828	ram:00047844	CONDITIONAL_JUMP
ram:00047838	ram:200001dc	COMPUTED_CALL
ram:0004784c	ram:20001a18	READ
ram:00047850	ram:0004787a	CONDITIONAL_JUMP
ram:00047856	ram:20001a20	READ
ram:0004785c	ram:0004787c	CONDITIONAL_JUMP
ram:0004786c	ram:200001dc	COMPUTED_CALL
ram:00047884	ram:20001a18	READ
ram:00047888	ram:000478b2	CONDITIONAL_JUMP
ram:0004788e	ram:20001a1c	READ
ram:00047894	ram:000478b4	CONDITIONAL_JUMP
ram:000478a4	ram:200001dc	COMPUTED_CALL
ram:000478c8	ram:000478e0	CONDITIONAL_JUMP
ram:000478e4	ram:20001c04	READ
ram:000478ea	ram:000478ce	CONDITIONAL_JUMP
ram:00047900	ram:20001c06	READ
ram:00047908	ram:0004797c	CONDITIONAL_JUMP
ram:0004790c	ram:0004792e	CONDITIONAL_JUMP
ram:00047912	ram:000440ba	UNCONDITIONAL_CALL
ram:0004791a	ram:20001d4c	READ
ram:00047920	ram:20001c06	WRITE
ram:00047924	ram:0004244a	UNCONDITIONAL_CALL
ram:00047928	ram:00047994	CONDITIONAL_JUMP
ram:0004792c	ram:000478ce	UNCONDITIONAL_JUMP
ram:00047938	ram:20000214	COMPUTED_CALL
ram:00047946	ram:2000026a	COMPUTED_CALL
ram:0004794a	ram:000478cc	CONDITIONAL_JUMP
ram:00047958	ram:20000214	COMPUTED_CALL
ram:00047966	ram:2000026a	COMPUTED_CALL
ram:0004796a	ram:000478cc	CONDITIONAL_JUMP
ram:00047976	ram:200001dc	COMPUTED_CALL
ram:0004797a	ram:00047916	UNCONDITIONAL_JUMP
ram:0004797c	ram:00047916	CONDITIONAL_JUMP
ram:00047980	ram:20001c10	READ
ram:00047986	ram:0004eef8	UNCONDITIONAL_CALL
ram:0004798c	ram:00047916	CONDITIONAL_JUMP
ram:0004798e	ram:20001c06	WRITE
ram:00047992	ram:000478ce	UNCONDITIONAL_JUMP
ram:00047996	ram:000449da	UNCONDITIONAL_CALL
ram:0004799c	ram:000479d6	CONDITIONAL_JUMP
ram:000479a6	ram:00069728	UNCONDITIONAL_CALL
ram:000479ae	ram:0004792a	CONDITIONAL_JUMP
ram:000479b2	ram:0004792a	CONDITIONAL_JUMP
ram:000479b8	ram:00044c54	UNCONDITIONAL_CALL
ram:000479bc	ram:0004792a	CONDITIONAL_JUMP
ram:000479ca	ram:20001d4c	READ
ram:000479d0	ram:000423f6	UNCONDITIONAL_CALL
ram:000479d4	ram:000478ce	UNCONDITIONAL_JUMP
ram:000479d6	ram:20001c06	WRITE
ram:000479da	ram:000478ce	UNCONDITIONAL_JUMP
ram:000479e0	ram:20001d50	READ
ram:000479e6	ram:00047a08	CONDITIONAL_JUMP
ram:000479ee	ram:20001a14	PARAM
ram:000479f4	ram:000440b0	UNCONDITIONAL_CALL
ram:00047a00	ram:20001c0a	WRITE
ram:00047a0a	ram:000440b0	UNCONDITIONAL_CALL
ram:00047a14	ram:20001a0d	WRITE
ram:00047a1e	ram:20001a0c	WRITE
ram:00047a26	ram:20001a12	WRITE
ram:00047a2e	ram:20001a0e	WRITE
ram:00047a36	ram:20001a10	WRITE
ram:00047a3e	ram:20001a18	WRITE
ram:00047a46	ram:20001a20	WRITE
ram:00047a4e	ram:20001a1c	WRITE
ram:00047a62	ram:20001ad0	WRITE
ram:00047a62	ram:00047c82	DATA
ram:00047a6c	ram:20001ad4	WRITE
ram:00047a6c	ram:00047250	DATA
ram:00047a76	ram:20001ad8	WRITE
ram:00047a76	ram:00046df2	DATA
ram:00047a80	ram:20001adc	WRITE
ram:00047a80	ram:00046d6e	DATA
ram:00047a8a	ram:20001ae0	WRITE
ram:00047a8a	ram:00046d9e	DATA
ram:00047a98	ram:20001a14	WRITE
ram:00047a98	ram:00046efc	DATA
ram:00047aa6	ram:200019e4	READ
ram:00047aae	ram:00047ae8	CONDITIONAL_JUMP
ram:00047ab4	ram:00041c74	UNCONDITIONAL_CALL
ram:00047aba	ram:00047ada	CONDITIONAL_JUMP
ram:00047ace	ram:200019e4	READ
ram:00047ad6	ram:00041d24	UNCONDITIONAL_CALL
ram:00047ada	ram:00047ae8	CONDITIONAL_JUMP
ram:00047ae4	ram:00046d4a	UNCONDITIONAL_CALL
ram:00047afa	ram:200019e4	READ
ram:00047b0c	ram:00047b58	CONDITIONAL_JUMP
ram:00047b1e	ram:00047b6c	CONDITIONAL_JUMP
ram:00047b22	ram:20001c08	READ
ram:00047b28	ram:00047b58	CONDITIONAL_JUMP
ram:00047b2c	ram:00041c74	UNCONDITIONAL_CALL
ram:00047b32	ram:00047b52	CONDITIONAL_JUMP
ram:00047b46	ram:200019e4	READ
ram:00047b4e	ram:00041d24	UNCONDITIONAL_CALL
ram:00047b52	ram:00046d4a	UNCONDITIONAL_CALL
ram:00047b70	ram:20001a18	READ
ram:00047b76	ram:00047b96	CONDITIONAL_JUMP
ram:00047b7a	ram:00044c54	UNCONDITIONAL_CALL
ram:00047b80	ram:00047b90	CONDITIONAL_JUMP
ram:00047b82	ram:20002000	PARAM
ram:00047b86	ram:20001d4c	READ
ram:00047b8c	ram:0004224c	UNCONDITIONAL_CALL
ram:00047b90	ram:200019e4	READ
ram:00047b94	ram:00047be4	UNCONDITIONAL_JUMP
ram:00047ba2	ram:00044162	UNCONDITIONAL_CALL
ram:00047ba6	ram:00047b78	CONDITIONAL_JUMP
ram:00047bae	ram:00047b78	CONDITIONAL_JUMP
ram:00047bb2	ram:00044c54	UNCONDITIONAL_CALL
ram:00047bbc	ram:00047bfc	CONDITIONAL_JUMP
ram:00047bc0	ram:20002000	PARAM
ram:00047bc4	ram:20001d4c	READ
ram:00047bd0	ram:000423f6	UNCONDITIONAL_CALL
ram:00047bdc	ram:20001a10	WRITE
ram:00047be0	ram:200019e4	READ
ram:00047bea	ram:20001c08	READ
ram:00047bee	ram:00047bf6	CONDITIONAL_JUMP
ram:00047bf0	ram:20001c08	WRITE
ram:00047bf4	ram:00047b58	UNCONDITIONAL_JUMP
ram:00047bf8	ram:00047a9e	UNCONDITIONAL_CALL
ram:00047bfa	ram:00047b58	UNCONDITIONAL_JUMP
ram:00047c04	ram:00047b80	UNCONDITIONAL_JUMP
ram:00047c10	ram:00041c74	UNCONDITIONAL_CALL
ram:00047c14	ram:00047c3c	CONDITIONAL_JUMP
ram:00047c2a	ram:20002000	PARAM
ram:00047c32	ram:20001a0d	READ
ram:00047c38	ram:00041d24	UNCONDITIONAL_CALL
ram:00047c4e	ram:00041c74	UNCONDITIONAL_CALL
ram:00047c52	ram:00047c7a	CONDITIONAL_JUMP
ram:00047c68	ram:20002000	PARAM
ram:00047c70	ram:20001a0d	READ
ram:00047c76	ram:00041d24	UNCONDITIONAL_CALL
ram:00047c96	ram:00047ca4	CONDITIONAL_JUMP
ram:00047ca2	ram:00047cb4	UNCONDITIONAL_JUMP
ram:00047ca8	ram:00047cbc	CONDITIONAL_JUMP
ram:00047cb4	ram:00046fcc	UNCONDITIONAL_CALL
ram:00047cba	ram:00047cf8	UNCONDITIONAL_JUMP
ram:00047cc0	ram:00047ce6	CONDITIONAL_JUMP
ram:00047cc8	ram:200019e4	READ
ram:00047cce	ram:00047cf8	CONDITIONAL_JUMP
ram:00047cd6	ram:00047d66	CONDITIONAL_JUMP
ram:00047ce0	ram:00052542	UNCONDITIONAL_CALL
ram:00047ce4	ram:00047cb8	UNCONDITIONAL_JUMP
ram:00047cea	ram:00047d02	CONDITIONAL_JUMP
ram:00047cf4	ram:00047af2	UNCONDITIONAL_CALL
ram:00047d06	ram:00047c9a	CONDITIONAL_JUMP
ram:00047d0e	ram:00047cac	CONDITIONAL_JUMP
ram:00047d16	ram:00047d6c	CONDITIONAL_JUMP
ram:00047d1e	ram:200019e4	READ
ram:00047d24	ram:00047cf8	CONDITIONAL_JUMP
ram:00047d2c	ram:00047d66	CONDITIONAL_JUMP
ram:00047d36	ram:00044c54	UNCONDITIONAL_CALL
ram:00047d42	ram:00044c54	UNCONDITIONAL_CALL
ram:00047d46	ram:200019e4	READ
ram:00047d60	ram:000525cc	UNCONDITIONAL_CALL
ram:00047d64	ram:00047cb8	UNCONDITIONAL_JUMP
ram:00047d66	ram:00047a9e	UNCONDITIONAL_CALL
ram:00047d6a	ram:00047cb8	UNCONDITIONAL_JUMP
ram:00047d70	ram:00047cee	CONDITIONAL_JUMP
ram:00047d78	ram:00047d86	CONDITIONAL_JUMP
ram:00047d84	ram:00047cb4	UNCONDITIONAL_JUMP
ram:00047d8a	ram:00047dc4	CONDITIONAL_JUMP
ram:00047d94	ram:00047e10	CONDITIONAL_JUMP
ram:00047d9c	ram:0006b342	UNCONDITIONAL_CALL
ram:00047da8	ram:00047cb8	CONDITIONAL_JUMP
ram:00047db4	ram:0006b342	UNCONDITIONAL_CALL
ram:00047dbe	ram:000525d8	UNCONDITIONAL_CALL
ram:00047dc2	ram:00047cb8	UNCONDITIONAL_JUMP
ram:00047dca	ram:00047e16	CONDITIONAL_JUMP
ram:00047dd8	ram:20001a12	READ
ram:00047dde	ram:00047e10	CONDITIONAL_JUMP
ram:00047de2	ram:00041c74	UNCONDITIONAL_CALL
ram:00047de8	ram:00047cb8	CONDITIONAL_JUMP
ram:00047e02	ram:200019e4	READ
ram:00047e0a	ram:00041d24	UNCONDITIONAL_CALL
ram:00047e0e	ram:00047cb8	UNCONDITIONAL_JUMP
ram:00047e10	ram:00047c06	UNCONDITIONAL_CALL
ram:00047e14	ram:00047cb8	UNCONDITIONAL_JUMP
ram:00047e1a	ram:00047e30	CONDITIONAL_JUMP
ram:00047e24	ram:00047e74	CONDITIONAL_JUMP
ram:00047e2a	ram:000525f8	UNCONDITIONAL_CALL
ram:00047e2e	ram:00047cb8	UNCONDITIONAL_JUMP
ram:00047e36	ram:00047cf8	CONDITIONAL_JUMP
ram:00047e44	ram:20001a0e	READ
ram:00047e4a	ram:00047e74	CONDITIONAL_JUMP
ram:00047e4e	ram:00041c74	UNCONDITIONAL_CALL
ram:00047e54	ram:00047cb8	CONDITIONAL_JUMP
ram:00047e66	ram:20002000	PARAM
ram:00047e6e	ram:20001a0d	READ
ram:00047e72	ram:00047e0a	UNCONDITIONAL_JUMP
ram:00047e74	ram:00047c44	UNCONDITIONAL_CALL
ram:00047e78	ram:00047cb8	UNCONDITIONAL_JUMP
ram:00047e7e	ram:20001d50	READ
ram:00047e88	ram:00047e9e	CONDITIONAL_JUMP
ram:00047e8e	ram:20001ad0	PARAM
ram:00047e92	ram:000440a6	UNCONDITIONAL_CALL
ram:00047ea0	ram:000440a6	UNCONDITIONAL_CALL
ram:00047ea6	ram:00047e98	UNCONDITIONAL_JUMP
ram:00047eb4	ram:00047eba	CONDITIONAL_JUMP
ram:00047ec6	ram:00047ece	CONDITIONAL_JUMP
ram:00047ed6	ram:00047edc	CONDITIONAL_JUMP
ram:00047ee4	ram:00047eea	CONDITIONAL_JUMP
ram:00047eee	ram:00047ef8	CONDITIONAL_JUMP
ram:00047ef6	ram:00047f06	CONDITIONAL_JUMP
ram:00047f06	ram:00047f04	CONDITIONAL_JUMP
ram:00047f0e	ram:00047f00	UNCONDITIONAL_JUMP
ram:00047f12	ram:00048064	CONDITIONAL_JUMP
ram:00047f1c	ram:0004805c	CONDITIONAL_JUMP
ram:00047f38	ram:00047fee	CONDITIONAL_JUMP
ram:00047f50	ram:00047f6c	CONDITIONAL_JUMP
ram:00047f58	ram:00047f92	CONDITIONAL_JUMP
ram:00047f60	ram:00047fc0	CONDITIONAL_JUMP
ram:00047f6a	ram:00047fd6	UNCONDITIONAL_JUMP
ram:00047f70	ram:00048002	CONDITIONAL_JUMP
ram:00047f74	ram:00047fe4	CONDITIONAL_JUMP
ram:00047f7c	ram:00047f64	CONDITIONAL_JUMP
ram:00047f90	ram:00047fd4	UNCONDITIONAL_JUMP
ram:00047f98	ram:20000226	COMPUTED_CALL
ram:00047fa2	ram:00047fa8	CONDITIONAL_JUMP
ram:00047fba	ram:200001dc	COMPUTED_CALL
ram:00047fbe	ram:00047fd4	UNCONDITIONAL_JUMP
ram:00047fec	ram:00047fb0	UNCONDITIONAL_JUMP
ram:00048004	ram:00048056	CONDITIONAL_JUMP
ram:00048054	ram:00047fd4	UNCONDITIONAL_JUMP
ram:0004805a	ram:00047fd4	UNCONDITIONAL_JUMP
ram:0004806c	ram:000481c2	CONDITIONAL_JUMP
ram:0004809c	ram:000481a4	CONDITIONAL_JUMP
ram:000480a8	ram:000480c0	CONDITIONAL_JUMP
ram:000480b0	ram:000480e4	CONDITIONAL_JUMP
ram:000480b8	ram:0004814a	CONDITIONAL_JUMP
ram:000480be	ram:000480d2	UNCONDITIONAL_JUMP
ram:000480c4	ram:0004817a	CONDITIONAL_JUMP
ram:000480ce	ram:000480bc	CONDITIONAL_JUMP
ram:000480ec	ram:20000226	COMPUTED_CALL
ram:000480f6	ram:000480d2	CONDITIONAL_JUMP
ram:00048102	ram:0004810a	CONDITIONAL_JUMP
ram:00048108	ram:000480d2	UNCONDITIONAL_JUMP
ram:00048116	ram:200001dc	COMPUTED_CALL
ram:0004812e	ram:20000214	COMPUTED_CALL
ram:00048136	ram:20001a28	READ
ram:0004813a	ram:00048140	CONDITIONAL_JUMP
ram:0004813e	ram:000480d2	UNCONDITIONAL_JUMP
ram:00048144	ram:0004813c	CONDITIONAL_JUMP
ram:00048148	ram:00048176	UNCONDITIONAL_JUMP
ram:0004814c	ram:000480d2	CONDITIONAL_JUMP
ram:00048150	ram:00048106	CONDITIONAL_JUMP
ram:0004816a	ram:20001a28	READ
ram:0004816e	ram:0004813c	CONDITIONAL_JUMP
ram:00048174	ram:0004813c	CONDITIONAL_JUMP
ram:00048178	ram:0004813c	UNCONDITIONAL_JUMP
ram:0004817c	ram:000480d2	CONDITIONAL_JUMP
ram:00048182	ram:00048106	CONDITIONAL_JUMP
ram:0004818e	ram:200001dc	COMPUTED_CALL
ram:00048196	ram:20001a28	READ
ram:0004819a	ram:0004813c	CONDITIONAL_JUMP
ram:0004819e	ram:0004813c	CONDITIONAL_JUMP
ram:000481a2	ram:00048146	UNCONDITIONAL_JUMP
ram:000481a6	ram:000480d2	CONDITIONAL_JUMP
ram:000481aa	ram:00048106	CONDITIONAL_JUMP
ram:000481b6	ram:000480d2	CONDITIONAL_JUMP
ram:000481c0	ram:0004813c	UNCONDITIONAL_JUMP
ram:000481d0	ram:20001a28	WRITE
ram:000481da	ram:200019a7	WRITE
ram:000481ee	ram:20001ae4	WRITE
ram:000481ee	ram:20001ae5	WRITE
ram:000481f4	ram:000481ea	CONDITIONAL_JUMP
ram:00048208	ram:200019ac	WRITE
ram:0004820e	ram:200019b0	WRITE
ram:00048214	ram:20001a26	WRITE
ram:00048228	ram:200018bc	WRITE
ram:00048228	ram:0006c65c	DATA
ram:0004823c	ram:200019a4	WRITE
ram:00048240	ram:200018c4	WRITE
ram:00048240	ram:0006c630	DATA
ram:00048242	ram:200018d4	WRITE
ram:00048242	ram:200019a7	DATA
ram:00048246	ram:200018f4	WRITE
ram:00048246	ram:200019a4	DATA
ram:00048278	ram:200019a5	DATA
ram:00048284	ram:200019a8	WRITE
ram:00048288	ram:200018b8	WRITE
ram:0004828c	ram:200018c8	WRITE
ram:00048290	ram:200018d8	WRITE
ram:00048294	ram:200018e8	WRITE
ram:00048298	ram:200018f8	WRITE
ram:0004829c	ram:200019a6	WRITE
ram:000482a0	ram:200018c0	WRITE
ram:000482a4	ram:200018c2	WRITE
ram:000482a8	ram:200018cc	WRITE
ram:000482a8	ram:0006c640	DATA
ram:000482aa	ram:200018d0	WRITE
ram:000482ae	ram:200018d2	WRITE
ram:000482b2	ram:200018dc	WRITE
ram:000482b2	ram:0006c648	DATA
ram:000482b6	ram:200018e0	WRITE
ram:000482ba	ram:200018e2	WRITE
ram:000482be	ram:200018e4	WRITE
ram:000482be	ram:20001ae4	DATA
ram:000482c2	ram:200018ec	WRITE
ram:000482c2	ram:0006c640	DATA
ram:000482c4	ram:200018f0	WRITE
ram:000482c8	ram:200018f2	WRITE
ram:000482cc	ram:200018fc	WRITE
ram:000482cc	ram:0006c638	DATA
ram:000482d0	ram:20001900	WRITE
ram:000482d4	ram:20001902	WRITE
ram:000482d8	ram:20001a24	WRITE
ram:000482dc	ram:200019a5	WRITE
ram:000482e0	ram:20001904	WRITE
ram:000482e0	ram:20001a24	DATA
ram:000482e4	ram:20001908	WRITE
ram:000482e8	ram:20001914	WRITE
ram:000482e8	ram:200019a8	DATA
ram:000482ec	ram:20001918	WRITE
ram:000482f0	ram:20001928	WRITE
ram:000482f4	ram:20001938	WRITE
ram:00048308	ram:2000193c	WRITE
ram:00048308	ram:0006c63c	DATA
ram:0004830c	ram:2000190c	WRITE
ram:0004830c	ram:0006c640	DATA
ram:0004830e	ram:20001910	WRITE
ram:00048312	ram:20001912	WRITE
ram:00048316	ram:2000191c	WRITE
ram:00048316	ram:0006c658	DATA
ram:0004831a	ram:20001920	WRITE
ram:0004831e	ram:20001922	WRITE
ram:00048322	ram:20001924	WRITE
ram:00048322	ram:200019ac	DATA
ram:00048324	ram:2000192c	WRITE
ram:00048324	ram:0006c640	DATA
ram:00048326	ram:20001930	WRITE
ram:0004832a	ram:20001932	WRITE
ram:0004832e	ram:20001934	WRITE
ram:0004832e	ram:200019a6	DATA
ram:00048332	ram:20001940	WRITE
ram:00048336	ram:20001942	WRITE
ram:0004833a	ram:20001944	WRITE
ram:0004833a	ram:200019a5	DATA
ram:0004834e	ram:20001948	WRITE
ram:0004834e	ram:00047f10	DATA
ram:00048358	ram:2000194c	WRITE
ram:00048358	ram:00048066	DATA
ram:0004835a	ram:20001950	WRITE
ram:00048362	ram:00048440	CONDITIONAL_JUMP
ram:00048372	ram:0006bf50	DATA
ram:0004837c	Stack[-0x10]	DATA
ram:00048382	ram:00048384	COMPUTED_JUMP
ram:00048382	ram:000483be	COMPUTED_JUMP
ram:00048382	ram:0004843c	COMPUTED_JUMP
ram:00048382	ram:000483d4	COMPUTED_JUMP
ram:00048382	ram:000483ee	COMPUTED_JUMP
ram:00048382	ram:0004840e	COMPUTED_JUMP
ram:00048382	ram:00048426	COMPUTED_JUMP
ram:00048388	ram:000483b2	CONDITIONAL_JUMP
ram:00048394	ram:20001ae4	PARAM
ram:0004839c	ram:20000214	COMPUTED_CALL
ram:000483a4	ram:20001ae4	PARAM
ram:000483ac	ram:200001dc	COMPUTED_CALL
ram:000483b8	Stack[-0x10]	DATA
ram:000483c2	ram:000483b2	CONDITIONAL_JUMP
ram:000483ce	ram:20001a24	WRITE
ram:000483d2	ram:000483b0	UNCONDITIONAL_JUMP
ram:000483d8	ram:000483b2	CONDITIONAL_JUMP
ram:000483e4	ram:200019ac	PARAM
ram:000483e8	ram:0006be7a	UNCONDITIONAL_CALL
ram:000483ec	ram:000483b0	UNCONDITIONAL_JUMP
ram:000483f2	ram:000483b2	CONDITIONAL_JUMP
ram:000483fe	ram:200018d4	READ
ram:000483fe	ram:200019a7	PARAM
ram:00048400	ram:200018e0	PARAM
ram:00048408	ram:00047ea8	UNCONDITIONAL_CALL
ram:0004840c	ram:000483b0	UNCONDITIONAL_JUMP
ram:00048412	ram:000483b2	CONDITIONAL_JUMP
ram:0004841e	ram:200018f4	READ
ram:0004841e	ram:200019a4	PARAM
ram:00048420	ram:20001900	PARAM
ram:00048424	ram:00048404	UNCONDITIONAL_JUMP
ram:0004842a	ram:000483b2	CONDITIONAL_JUMP
ram:00048436	ram:200019a5	WRITE
ram:0004843a	ram:000483b0	UNCONDITIONAL_JUMP
ram:0004843e	ram:000483b2	UNCONDITIONAL_JUMP
ram:00048446	ram:0004847e	CONDITIONAL_JUMP
ram:00048452	ram:00048468	CONDITIONAL_JUMP
ram:00048456	ram:0004848e	CONDITIONAL_JUMP
ram:0004845c	ram:0004849e	CONDITIONAL_JUMP
ram:0004846e	ram:20001ae4	PARAM
ram:00048476	ram:200001dc	COMPUTED_CALL
ram:0004847c	ram:00048462	UNCONDITIONAL_JUMP
ram:00048482	ram:20001a24	READ
ram:00048494	ram:200019ac	PARAM
ram:00048498	ram:0006be7a	UNCONDITIONAL_CALL
ram:0004849c	ram:0004847a	UNCONDITIONAL_JUMP
ram:000484a2	ram:200019a5	READ
ram:000484aa	ram:0004847a	UNCONDITIONAL_JUMP
ram:000484b0	ram:20001a26	PARAM
ram:000484b4	ram:20001a26	READ
ram:000484b8	ram:000484dc	CONDITIONAL_JUMP
ram:000484bc	ram:20001a26	WRITE
ram:000484c2	ram:000484dc	CONDITIONAL_JUMP
ram:000484cc	ram:20001948	PARAM
ram:000484d4	ram:200018b8	PARAM
ram:000484d8	ram:0004bc5e	UNCONDITIONAL_CALL
ram:000484f8	ram:000485b2	CONDITIONAL_JUMP
ram:0004850a	ram:0006bf78	DATA
ram:00048514	ram:00048516	COMPUTED_JUMP
ram:00048514	ram:00048536	COMPUTED_JUMP
ram:00048514	ram:000485b2	COMPUTED_JUMP
ram:00048514	ram:00048548	COMPUTED_JUMP
ram:00048514	ram:0004856a	COMPUTED_JUMP
ram:00048514	ram:0004858e	COMPUTED_JUMP
ram:00048518	ram:0004428e	UNCONDITIONAL_CALL
ram:0004851e	ram:00048524	CONDITIONAL_JUMP
ram:00048520	ram:00047e7a	UNCONDITIONAL_CALL
ram:00048538	ram:0004428e	UNCONDITIONAL_CALL
ram:0004853e	ram:00048524	CONDITIONAL_JUMP
ram:00048542	ram:00046ca0	UNCONDITIONAL_CALL
ram:00048546	ram:00048524	UNCONDITIONAL_JUMP
ram:0004854a	ram:0004428e	UNCONDITIONAL_CALL
ram:00048550	ram:00048524	CONDITIONAL_JUMP
ram:00048558	ram:000441f4	UNCONDITIONAL_CALL
ram:0004855c	ram:00047e7a	UNCONDITIONAL_CALL
ram:00048560	ram:000479dc	UNCONDITIONAL_CALL
ram:00048564	ram:0004f588	UNCONDITIONAL_CALL
ram:00048568	ram:00048524	UNCONDITIONAL_JUMP
ram:0004856c	ram:0004428e	UNCONDITIONAL_CALL
ram:00048572	ram:00048524	CONDITIONAL_JUMP
ram:0004857a	ram:000441f4	UNCONDITIONAL_CALL
ram:00048580	ram:00046ca0	UNCONDITIONAL_CALL
ram:00048584	ram:00046c08	UNCONDITIONAL_CALL
ram:00048588	ram:0004f568	UNCONDITIONAL_CALL
ram:0004858c	ram:00048524	UNCONDITIONAL_JUMP
ram:00048590	ram:0004428e	UNCONDITIONAL_CALL
ram:00048596	ram:00048524	CONDITIONAL_JUMP
ram:0004859e	ram:000441f4	UNCONDITIONAL_CALL
ram:000485a4	ram:00046ca0	UNCONDITIONAL_CALL
ram:000485a8	ram:00046c08	UNCONDITIONAL_CALL
ram:000485ac	ram:0004f568	UNCONDITIONAL_CALL
ram:000485b0	ram:0004855c	UNCONDITIONAL_JUMP
ram:000485b4	ram:00048524	UNCONDITIONAL_JUMP
ram:000485ca	ram:0004957c	UNCONDITIONAL_CALL
ram:000485d0	ram:000485f2	CONDITIONAL_JUMP
ram:000485d6	ram:0004371e	UNCONDITIONAL_CALL
ram:000485dc	ram:000485f2	CONDITIONAL_JUMP
ram:000485e6	ram:00043710	PARAM
ram:000485ee	ram:0004972e	UNCONDITIONAL_CALL
ram:00048616	ram:0004957c	UNCONDITIONAL_CALL
ram:0004861c	ram:0004863e	CONDITIONAL_JUMP
ram:00048622	ram:00043800	UNCONDITIONAL_CALL
ram:00048628	ram:0004863e	CONDITIONAL_JUMP
ram:00048632	ram:000437f6	PARAM
ram:0004863a	ram:0004972e	UNCONDITIONAL_CALL
ram:00048666	ram:0004957c	UNCONDITIONAL_CALL
ram:0004866c	ram:000486c8	CONDITIONAL_JUMP
ram:00048670	ram:00048696	CONDITIONAL_JUMP
ram:00048698	ram:000436ec	UNCONDITIONAL_CALL
ram:0004869e	ram:000486c8	CONDITIONAL_JUMP
ram:000486b0	ram:200001dc	COMPUTED_CALL
ram:000486bc	ram:000436ba	PARAM
ram:000486c4	ram:0004972e	UNCONDITIONAL_CALL
ram:000486ee	ram:0004957c	UNCONDITIONAL_CALL
ram:000486f4	ram:00048716	CONDITIONAL_JUMP
ram:000486fa	ram:0004373c	UNCONDITIONAL_CALL
ram:00048700	ram:00048716	CONDITIONAL_JUMP
ram:0004870a	ram:0004372e	PARAM
ram:00048712	ram:0004972e	UNCONDITIONAL_CALL
ram:00048728	ram:000487a0	CONDITIONAL_JUMP
ram:0004872c	ram:0004875e	CONDITIONAL_JUMP
ram:00048732	ram:000487a0	CONDITIONAL_JUMP
ram:00048736	ram:00048750	CONDITIONAL_JUMP
ram:0004873c	ram:00048794	CONDITIONAL_JUMP
ram:00048742	ram:000487a0	CONDITIONAL_JUMP
ram:00048748	ram:000487a0	CONDITIONAL_JUMP
ram:00048752	ram:000487a0	CONDITIONAL_JUMP
ram:00048756	ram:00048798	CONDITIONAL_JUMP
ram:0004875c	ram:00048748	UNCONDITIONAL_JUMP
ram:00048760	ram:0004879c	CONDITIONAL_JUMP
ram:00048764	ram:00048778	CONDITIONAL_JUMP
ram:0004876a	ram:000487a0	CONDITIONAL_JUMP
ram:00048770	ram:0004879c	CONDITIONAL_JUMP
ram:00048776	ram:00048748	UNCONDITIONAL_JUMP
ram:0004877a	ram:000487a0	CONDITIONAL_JUMP
ram:0004877e	ram:00048786	CONDITIONAL_JUMP
ram:00048784	ram:00048748	UNCONDITIONAL_JUMP
ram:0004878a	ram:000487a0	CONDITIONAL_JUMP
ram:00048792	ram:00048748	UNCONDITIONAL_JUMP
ram:000487a8	ram:00048824	CONDITIONAL_JUMP
ram:000487ca	ram:00041c74	UNCONDITIONAL_CALL
ram:000487d2	ram:00048806	CONDITIONAL_JUMP
ram:000487ee	ram:00048818	CONDITIONAL_JUMP
ram:000487f8	ram:200001dc	COMPUTED_CALL
ram:00048800	ram:00041d24	UNCONDITIONAL_CALL
ram:0004881e	ram:20000214	COMPUTED_CALL
ram:00048822	ram:000487fc	UNCONDITIONAL_JUMP
ram:00048838	ram:0004df14	UNCONDITIONAL_CALL
ram:0004883c	ram:00048862	CONDITIONAL_JUMP
ram:00048848	ram:20001d4c	PARAM
ram:0004884c	ram:0004886a	CONDITIONAL_JUMP
ram:00048850	ram:20001d52	READ
ram:0004885e	ram:000487a4	UNCONDITIONAL_CALL
ram:00048874	ram:20001d51	READ
ram:00048878	ram:0004885e	UNCONDITIONAL_JUMP
ram:00048882	ram:00042362	UNCONDITIONAL_CALL
ram:00048886	ram:000488b6	CONDITIONAL_JUMP
ram:00048896	ram:000488b6	CONDITIONAL_JUMP
ram:000488a4	ram:00042494	UNCONDITIONAL_CALL
ram:000488c0	ram:000488e6	CONDITIONAL_JUMP
ram:000488ca	ram:000488e2	CONDITIONAL_JUMP
ram:000488d4	ram:000488e6	CONDITIONAL_JUMP
ram:000488de	ram:0004c756	UNCONDITIONAL_CALL
ram:000488e4	ram:000488d4	UNCONDITIONAL_JUMP
ram:00048900	ram:0004957c	UNCONDITIONAL_CALL
ram:00048906	ram:00048928	CONDITIONAL_JUMP
ram:0004890c	ram:00043650	UNCONDITIONAL_CALL
ram:00048912	ram:00048928	CONDITIONAL_JUMP
ram:0004891c	ram:00043608	PARAM
ram:00048924	ram:0004972e	UNCONDITIONAL_CALL
ram:00048956	ram:0004864e	UNCONDITIONAL_CALL
ram:00048984	ram:0004957c	UNCONDITIONAL_CALL
ram:0004898a	ram:000489ac	CONDITIONAL_JUMP
ram:00048990	ram:000437d2	UNCONDITIONAL_CALL
ram:00048996	ram:000489ac	CONDITIONAL_JUMP
ram:000489a0	ram:0004379e	PARAM
ram:000489a8	ram:0004972e	UNCONDITIONAL_CALL
ram:000489be	ram:0004864e	UNCONDITIONAL_CALL
ram:000489d6	ram:0004957c	UNCONDITIONAL_CALL
ram:000489dc	ram:000489fe	CONDITIONAL_JUMP
ram:000489e2	ram:000435c2	UNCONDITIONAL_CALL
ram:000489e8	ram:000489fe	CONDITIONAL_JUMP
ram:000489f2	ram:000435a4	PARAM
ram:000489fa	ram:0004972e	UNCONDITIONAL_CALL
ram:00048a2e	ram:0004864e	UNCONDITIONAL_CALL
ram:00048a46	ram:0004df14	UNCONDITIONAL_CALL
ram:00048a4a	ram:00048a84	CONDITIONAL_JUMP
ram:00048a56	ram:20001d4c	PARAM
ram:00048a60	ram:00048a78	CONDITIONAL_JUMP
ram:00048a64	ram:20001d52	READ
ram:00048a74	ram:000487a4	UNCONDITIONAL_CALL
ram:00048a7a	ram:20001d51	READ
ram:00048a82	ram:00048a6e	UNCONDITIONAL_JUMP
ram:00048a8e	ram:000485b6	UNCONDITIONAL_JUMP
ram:00048a92	ram:000485b6	UNCONDITIONAL_JUMP
ram:00048a96	ram:000486da	UNCONDITIONAL_JUMP
ram:00048a9a	ram:000486da	UNCONDITIONAL_JUMP
ram:00048ab2	ram:0004957c	UNCONDITIONAL_CALL
ram:00048ab8	ram:00048ada	CONDITIONAL_JUMP
ram:00048abe	ram:0004375a	UNCONDITIONAL_CALL
ram:00048ac4	ram:00048ada	CONDITIONAL_JUMP
ram:00048ace	ram:0004374c	PARAM
ram:00048ad6	ram:0004972e	UNCONDITIONAL_CALL
ram:00048aee	ram:0004864e	UNCONDITIONAL_CALL
ram:00048b00	ram:0004957c	UNCONDITIONAL_CALL
ram:00048b06	ram:00048b1a	CONDITIONAL_JUMP
ram:00048b16	ram:00043800	UNCONDITIONAL_CALL
ram:00048b2c	ram:00048b32	CONDITIONAL_JUMP
ram:00048b2e	ram:00048602	UNCONDITIONAL_CALL
ram:00048b36	ram:00048b24	UNCONDITIONAL_JUMP
ram:00048b3c	ram:20001a62	READ
ram:00048b42	ram:00048b74	CONDITIONAL_JUMP
ram:00048b54	ram:0004957c	UNCONDITIONAL_CALL
ram:00048b58	ram:00048b6a	CONDITIONAL_JUMP
ram:00048b66	ram:00043800	UNCONDITIONAL_CALL
ram:00048b7c	ram:20001a2c	WRITE
ram:00048b86	ram:20001a30	WRITE
ram:00048b98	ram:0004df14	UNCONDITIONAL_CALL
ram:00048ba0	ram:00043274	UNCONDITIONAL_CALL
ram:00048ba4	ram:00048bd6	CONDITIONAL_JUMP
ram:00048bac	ram:0004df14	UNCONDITIONAL_CALL
ram:00048bb0	ram:00048bd6	CONDITIONAL_JUMP
ram:00048bbc	ram:20001d4c	PARAM
ram:00048bc0	ram:00048be0	CONDITIONAL_JUMP
ram:00048bc4	ram:20001d52	READ
ram:00048bd2	ram:000487a4	UNCONDITIONAL_CALL
ram:00048be0	ram:20001d51	READ
ram:00048be4	ram:00048bc8	UNCONDITIONAL_JUMP
ram:00048bf2	ram:00048c76	CONDITIONAL_JUMP
ram:00048bf8	ram:00048cb4	CONDITIONAL_JUMP
ram:00048bfe	ram:00048ca0	CONDITIONAL_JUMP
ram:00048c02	ram:00048c5e	CONDITIONAL_JUMP
ram:00048c08	ram:00048ca0	CONDITIONAL_JUMP
ram:00048c0e	ram:00048cbc	CONDITIONAL_JUMP
ram:00048c18	ram:00048ca4	CONDITIONAL_JUMP
ram:00048c1e	ram:000432b0	UNCONDITIONAL_CALL
ram:00048c3c	ram:0004c868	UNCONDITIONAL_CALL
ram:00048c42	ram:00048cc4	CONDITIONAL_JUMP
ram:00048c44	ram:00048c4c	CONDITIONAL_JUMP
ram:00048c5a	ram:00041bf2	UNCONDITIONAL_CALL
ram:00048c60	ram:00048ca0	CONDITIONAL_JUMP
ram:00048c68	ram:00048c12	CONDITIONAL_JUMP
ram:00048c70	ram:00048c2c	CONDITIONAL_JUMP
ram:00048c74	ram:00048c1c	UNCONDITIONAL_JUMP
ram:00048c78	ram:00048cb8	CONDITIONAL_JUMP
ram:00048c7c	ram:00048c84	CONDITIONAL_JUMP
ram:00048c82	ram:00048c66	UNCONDITIONAL_JUMP
ram:00048c88	ram:00048cb8	CONDITIONAL_JUMP
ram:00048c90	ram:00048c12	CONDITIONAL_JUMP
ram:00048c9a	ram:00048cac	CONDITIONAL_JUMP
ram:00048c9e	ram:00048c1c	UNCONDITIONAL_JUMP
ram:00048ca2	ram:00048c14	UNCONDITIONAL_JUMP
ram:00048ca8	ram:00048c2c	CONDITIONAL_JUMP
ram:00048cb2	ram:00048c2c	UNCONDITIONAL_JUMP
ram:00048cb6	ram:00048c6c	UNCONDITIONAL_JUMP
ram:00048cba	ram:00048c6c	UNCONDITIONAL_JUMP
ram:00048cc2	ram:00048c70	UNCONDITIONAL_JUMP
ram:00048ce6	ram:00048be6	UNCONDITIONAL_CALL
ram:00048cec	ram:00048d46	CONDITIONAL_JUMP
ram:00048cfa	Stack[-0x20]	DATA
ram:00048d18	ram:200001dc	COMPUTED_CALL
ram:00048d28	ram:0004367c	UNCONDITIONAL_CALL
ram:00048d2e	ram:00048d3a	CONDITIONAL_JUMP
ram:00048d36	ram:20000104	COMPUTED_CALL
ram:00048d48	ram:00048d3a	UNCONDITIONAL_JUMP
ram:00048d58	ram:00048d64	CONDITIONAL_JUMP
ram:00048d60	ram:00048db4	CONDITIONAL_JUMP
ram:00048d66	ram:00048db4	CONDITIONAL_JUMP
ram:00048d72	ram:0004957c	UNCONDITIONAL_CALL
ram:00048d7a	ram:00048db4	CONDITIONAL_JUMP
ram:00048d90	ram:200001dc	COMPUTED_CALL
ram:00048d98	ram:00048cce	UNCONDITIONAL_CALL
ram:00048d9e	ram:00048db4	CONDITIONAL_JUMP
ram:00048da8	ram:00043660	PARAM
ram:00048db0	ram:0004972e	UNCONDITIONAL_CALL
ram:00048de6	ram:00048be6	UNCONDITIONAL_CALL
ram:00048dec	ram:00048e2e	CONDITIONAL_JUMP
ram:00048e02	ram:200001dc	COMPUTED_CALL
ram:00048e0a	ram:000438ac	UNCONDITIONAL_CALL
ram:00048e10	ram:00048e1c	CONDITIONAL_JUMP
ram:00048e18	ram:20000104	COMPUTED_CALL
ram:00048e30	ram:00048e1c	UNCONDITIONAL_JUMP
ram:00048e42	ram:00048e7c	CONDITIONAL_JUMP
ram:00048e52	ram:000438e4	UNCONDITIONAL_CALL
ram:00048e58	ram:00048ef4	CONDITIONAL_JUMP
ram:00048e66	ram:00042194	UNCONDITIONAL_CALL
ram:00048e78	ram:000438da	DATA
ram:00048e7a	ram:00048ef2	UNCONDITIONAL_JUMP
ram:00048e90	ram:00048e46	CONDITIONAL_JUMP
ram:00048e9c	ram:00048e46	CONDITIONAL_JUMP
ram:00048ea8	ram:2000026a	COMPUTED_CALL
ram:00048eac	ram:00048e46	CONDITIONAL_JUMP
ram:00048ec0	ram:00048f00	CONDITIONAL_JUMP
ram:00048ede	ram:00048dc4	UNCONDITIONAL_CALL
ram:00048ee2	ram:00048e46	CONDITIONAL_JUMP
ram:00048eee	ram:00042194	UNCONDITIONAL_CALL
ram:00048f04	ram:00048e48	UNCONDITIONAL_JUMP
ram:00048f14	ram:00048f8c	CONDITIONAL_JUMP
ram:00048f1c	ram:000432b0	UNCONDITIONAL_CALL
ram:00048f40	ram:00048fc2	CONDITIONAL_JUMP
ram:00048f4c	ram:00048f84	CONDITIONAL_JUMP
ram:00048f64	ram:00048dc4	UNCONDITIONAL_CALL
ram:00048f68	ram:00048f8c	CONDITIONAL_JUMP
ram:00048f74	ram:00042194	UNCONDITIONAL_CALL
ram:00048f8a	ram:00048f56	UNCONDITIONAL_JUMP
ram:00048f98	ram:000438e4	UNCONDITIONAL_CALL
ram:00048f9e	ram:00048f7a	CONDITIONAL_JUMP
ram:00048fac	ram:00042194	UNCONDITIONAL_CALL
ram:00048fbe	ram:000438da	DATA
ram:00048fc0	ram:00048f78	UNCONDITIONAL_JUMP
ram:00048fc4	ram:00048f8e	UNCONDITIONAL_JUMP
ram:00048fda	ram:0004957c	UNCONDITIONAL_CALL
ram:00048fde	ram:00049036	CONDITIONAL_JUMP
ram:00048fe2	ram:000432b0	UNCONDITIONAL_CALL
ram:00048fec	ram:00048ff6	CONDITIONAL_JUMP
ram:00049002	ram:00048dc4	UNCONDITIONAL_CALL
ram:00049008	ram:00049036	CONDITIONAL_JUMP
ram:00049018	ram:200001dc	COMPUTED_CALL
ram:00049028	ram:00043868	PARAM
ram:00049034	ram:0004972e	UNCONDITIONAL_CALL
ram:00049046	ram:00048fc6	UNCONDITIONAL_JUMP
ram:0004904a	ram:00048fc6	UNCONDITIONAL_JUMP
ram:00049062	ram:00049102	CONDITIONAL_JUMP
ram:00049064	ram:00049102	CONDITIONAL_JUMP
ram:00049070	ram:000432b0	UNCONDITIONAL_CALL
ram:00049080	ram:00049124	CONDITIONAL_JUMP
ram:0004908c	ram:0004907c	CONDITIONAL_JUMP
ram:00049094	ram:0004957c	UNCONDITIONAL_CALL
ram:00049098	ram:00049102	CONDITIONAL_JUMP
ram:000490ac	ram:20000040	COMPUTED_CALL
ram:000490b2	ram:00049102	CONDITIONAL_JUMP
ram:000490c0	ram:200001dc	COMPUTED_CALL
ram:000490d4	ram:00048dc4	UNCONDITIONAL_CALL
ram:000490da	ram:00049118	CONDITIONAL_JUMP
ram:000490dc	Stack[-0x30]	DATA
ram:000490e6	ram:00043868	PARAM
ram:00049100	ram:0004972e	UNCONDITIONAL_CALL
ram:0004911e	ram:20000104	COMPUTED_CALL
ram:00049122	ram:00049102	UNCONDITIONAL_JUMP
ram:00049126	ram:00049102	UNCONDITIONAL_JUMP
ram:0004913c	ram:0006c664	PARAM
ram:0004914a	ram:0004aaf8	UNCONDITIONAL_CALL
ram:00049150	ram:000491ac	CONDITIONAL_JUMP
ram:00049160	ram:00048be6	UNCONDITIONAL_CALL
ram:00049168	ram:000491ac	CONDITIONAL_JUMP
ram:0004919a	ram:0004aa54	UNCONDITIONAL_CALL
ram:000491a0	ram:000491ac	CONDITIONAL_JUMP
ram:000491a8	ram:20000104	COMPUTED_CALL
ram:000491c0	ram:00048726	UNCONDITIONAL_CALL
ram:000491c4	ram:000491d2	CONDITIONAL_JUMP
ram:000491ce	ram:20000104	COMPUTED_CALL
ram:000491de	ram:0004310e	UNCONDITIONAL_CALL
ram:000491e8	ram:20001a2c	WRITE
ram:000491f0	ram:20001a30	WRITE
ram:000491f6	ram:20002000	PARAM
ram:000491fa	ram:20001d4d	WRITE
ram:000491fe	ram:0004c80e	UNCONDITIONAL_CALL
ram:00049206	ram:0004bdb6	UNCONDITIONAL_CALL
ram:00049210	ram:00049346	CONDITIONAL_JUMP
ram:00049214	ram:20002000	PARAM
ram:00049218	ram:20001d4d	READ
ram:00049228	ram:00041cba	UNCONDITIONAL_CALL
ram:0004922e	ram:000492ca	CONDITIONAL_JUMP
ram:00049238	ram:000492c4	CONDITIONAL_JUMP
ram:00049244	ram:000431e0	UNCONDITIONAL_CALL
ram:0004924a	ram:00049284	CONDITIONAL_JUMP
ram:00049252	ram:000492dc	CONDITIONAL_JUMP
ram:00049262	ram:000492ea	CONDITIONAL_JUMP
ram:00049268	ram:00049314	CONDITIONAL_JUMP
ram:0004926e	ram:20001a2c	READ
ram:00049274	ram:00049284	CONDITIONAL_JUMP
ram:00049288	ram:00049296	CONDITIONAL_JUMP
ram:0004928c	ram:00049296	CONDITIONAL_JUMP
ram:00049292	ram:20000104	COMPUTED_CALL
ram:00049296	ram:000492ba	CONDITIONAL_JUMP
ram:000492ac	ram:000492c4	CONDITIONAL_JUMP
ram:000492b6	ram:000492c4	CONDITIONAL_JUMP
ram:000492c0	ram:0004c756	UNCONDITIONAL_CALL
ram:000492c6	ram:00041c48	UNCONDITIONAL_CALL
ram:000492e8	ram:00049266	CONDITIONAL_JUMP
ram:000492ee	ram:20001a30	READ
ram:000492f2	ram:00049284	CONDITIONAL_JUMP
ram:000492f8	ram:00049284	CONDITIONAL_JUMP
ram:0004930e	ram:00043428	UNCONDITIONAL_CALL
ram:00049312	ram:00049284	UNCONDITIONAL_JUMP
ram:00049318	ram:20001a30	READ
ram:0004931c	ram:00049342	CONDITIONAL_JUMP
ram:0004932a	ram:00049284	CONDITIONAL_JUMP
ram:00049332	ram:00049284	CONDITIONAL_JUMP
ram:00049340	ram:00049304	UNCONDITIONAL_JUMP
ram:00049344	ram:0004932e	UNCONDITIONAL_JUMP
ram:00049362	ram:00049474	CONDITIONAL_JUMP
ram:0004939c	ram:000493bc	CONDITIONAL_JUMP
ram:000493b8	ram:0004941a	CONDITIONAL_JUMP
ram:000493c0	ram:00049484	CONDITIONAL_JUMP
ram:000493c8	ram:00049484	CONDITIONAL_JUMP
ram:000493e6	ram:00049404	CONDITIONAL_JUMP
ram:00049404	ram:000436ec	UNCONDITIONAL_CALL
ram:00049412	ram:00042194	UNCONDITIONAL_CALL
ram:00049418	ram:00049486	UNCONDITIONAL_JUMP
ram:00049432	ram:00043166	UNCONDITIONAL_CALL
ram:00049436	ram:00049466	CONDITIONAL_JUMP
ram:00049438	ram:00049450	CONDITIONAL_JUMP
ram:0004944c	ram:200001dc	COMPUTED_CALL
ram:00049472	ram:000493b8	UNCONDITIONAL_JUMP
ram:0004947a	ram:0004949a	CONDITIONAL_JUMP
ram:00049482	ram:0004949a	CONDITIONAL_JUMP
ram:000494aa	ram:0006c65c	PARAM
ram:000494ae	ram:00043166	UNCONDITIONAL_CALL
ram:000494b2	ram:000494b8	CONDITIONAL_JUMP
ram:000494b6	ram:00049486	UNCONDITIONAL_JUMP
ram:000494c4	ram:0006c660	PARAM
ram:000494c8	ram:00043166	UNCONDITIONAL_CALL
ram:000494cc	ram:000494b4	CONDITIONAL_JUMP
ram:000494da	ram:0006c654	PARAM
ram:000494de	ram:00043166	UNCONDITIONAL_CALL
ram:000494e2	ram:000494b4	CONDITIONAL_JUMP
ram:000494f0	ram:0006c640	PARAM
ram:000494f4	ram:00043166	UNCONDITIONAL_CALL
ram:000494f8	ram:000494b4	CONDITIONAL_JUMP
ram:00049500	ram:000494b4	CONDITIONAL_JUMP
ram:00049510	ram:000494b4	CONDITIONAL_JUMP
ram:00049520	ram:000493bc	UNCONDITIONAL_JUMP
ram:00049526	ram:20001d54	READ
ram:0004952e	ram:20001a34	READ
ram:00049534	ram:0004953e	CONDITIONAL_JUMP
ram:00049548	ram:0004953a	CONDITIONAL_JUMP
ram:00049552	ram:00049534	UNCONDITIONAL_JUMP
ram:0004955a	ram:00049522	UNCONDITIONAL_CALL
ram:0004955e	ram:00049576	CONDITIONAL_JUMP
ram:0004956a	ram:00049576	CONDITIONAL_JUMP
ram:00049582	ram:00049522	UNCONDITIONAL_CALL
ram:00049586	ram:000495ae	CONDITIONAL_JUMP
ram:0004958a	ram:0004958e	CONDITIONAL_JUMP
ram:00049598	ram:000495a8	CONDITIONAL_JUMP
ram:000495a2	ram:000495a8	CONDITIONAL_JUMP
ram:000495b0	ram:000495a8	UNCONDITIONAL_JUMP
ram:000495be	Stack[-0x10]	DATA
ram:000495c0	ram:00048886	UNCONDITIONAL_CALL
ram:000495ce	ram:000495e2	CONDITIONAL_JUMP
ram:000495d6	ram:00049636	CONDITIONAL_JUMP
ram:000495e0	ram:00049622	CONDITIONAL_JUMP
ram:000495fa	Stack[-0x10]	DATA
ram:00049606	ram:20000214	COMPUTED_CALL
ram:00049612	ram:0004961c	CONDITIONAL_JUMP
ram:00049618	ram:20000104	COMPUTED_CALL
ram:00049628	ram:0004960a	CONDITIONAL_JUMP
ram:00049630	ram:20000104	COMPUTED_CALL
ram:00049634	ram:000495e2	UNCONDITIONAL_JUMP
ram:00049638	ram:0004962c	CONDITIONAL_JUMP
ram:0004963a	ram:000495e2	UNCONDITIONAL_JUMP
ram:0004964a	ram:00049666	CONDITIONAL_JUMP
ram:00049650	ram:00049670	CONDITIONAL_JUMP
ram:00049652	ram:00049522	UNCONDITIONAL_CALL
ram:00049656	ram:00049666	CONDITIONAL_JUMP
ram:0004965c	ram:00049522	UNCONDITIONAL_CALL
ram:00049660	ram:00049666	CONDITIONAL_JUMP
ram:00049672	ram:000496bc	CONDITIONAL_JUMP
ram:00049676	ram:00049522	UNCONDITIONAL_CALL
ram:0004967c	ram:00049666	CONDITIONAL_JUMP
ram:0004968c	ram:000496b6	CONDITIONAL_JUMP
ram:00049694	ram:000496aa	CONDITIONAL_JUMP
ram:000496a6	ram:000487a4	UNCONDITIONAL_CALL
ram:000496ac	ram:000495b2	UNCONDITIONAL_CALL
ram:000496ba	ram:00049666	UNCONDITIONAL_JUMP
ram:000496be	ram:00049666	CONDITIONAL_JUMP
ram:000496c4	ram:0004e14a	UNCONDITIONAL_CALL
ram:000496c8	ram:00049666	CONDITIONAL_JUMP
ram:000496cc	ram:00049522	UNCONDITIONAL_CALL
ram:000496d2	ram:00049684	CONDITIONAL_JUMP
ram:000496d4	ram:00049666	UNCONDITIONAL_JUMP
ram:000496d6	ram:0004972c	CONDITIONAL_JUMP
ram:000496e0	ram:0004972c	CONDITIONAL_JUMP
ram:000496fc	ram:000487a4	UNCONDITIONAL_CALL
ram:00049706	ram:00049718	CONDITIONAL_JUMP
ram:00049714	ram:000438e4	UNCONDITIONAL_CALL
ram:00049720	ram:000495b2	UNCONDITIONAL_CALL
ram:00049732	ram:0004979e	CONDITIONAL_JUMP
ram:00049756	ram:000496d6	PARAM
ram:0004975e	ram:0004887a	UNCONDITIONAL_CALL
ram:0004976e	ram:0004978e	CONDITIONAL_JUMP
ram:0004978a	ram:200001dc	COMPUTED_CALL
ram:000497a4	ram:20001a38	WRITE
ram:000497ac	ram:00049824	CONDITIONAL_JUMP
ram:000497cc	ram:0004981c	CONDITIONAL_JUMP
ram:000497e4	ram:00049836	CONDITIONAL_JUMP
ram:000497fe	ram:00043650	UNCONDITIONAL_CALL
ram:0004980c	ram:00042194	UNCONDITIONAL_CALL
ram:00049822	ram:000497d2	UNCONDITIONAL_JUMP
ram:0004982c	ram:00049838	CONDITIONAL_JUMP
ram:00049834	ram:00049838	CONDITIONAL_JUMP
ram:0004983e	ram:000498a2	CONDITIONAL_JUMP
ram:0004986a	ram:000498b6	CONDITIONAL_JUMP
ram:00049884	ram:00048cce	UNCONDITIONAL_CALL
ram:00049892	ram:00042194	UNCONDITIONAL_CALL
ram:000498aa	ram:000498b6	CONDITIONAL_JUMP
ram:000498c6	ram:0004991c	CONDITIONAL_JUMP
ram:000498da	ram:000432b0	UNCONDITIONAL_CALL
ram:000498e8	ram:00049912	CONDITIONAL_JUMP
ram:000498fe	ram:0004373c	UNCONDITIONAL_CALL
ram:0004990c	ram:00042194	UNCONDITIONAL_CALL
ram:00049924	ram:00049912	CONDITIONAL_JUMP
ram:00049930	ram:00049912	UNCONDITIONAL_JUMP
ram:00049934	ram:000499b0	CONDITIONAL_JUMP
ram:00049968	ram:00049972	CONDITIONAL_JUMP
ram:0004997e	ram:0004996c	CONDITIONAL_JUMP
ram:00049992	ram:000437d2	UNCONDITIONAL_CALL
ram:000499a0	ram:00042194	UNCONDITIONAL_CALL
ram:000499b8	ram:0004996e	CONDITIONAL_JUMP
ram:000499c0	ram:0004996c	CONDITIONAL_JUMP
ram:000499c2	ram:0004996e	UNCONDITIONAL_JUMP
ram:000499e0	ram:00049a3a	CONDITIONAL_JUMP
ram:000499ea	ram:000497aa	UNCONDITIONAL_CALL
ram:000499f0	ram:00049aa4	CONDITIONAL_JUMP
ram:000499f4	ram:00049aa4	CONDITIONAL_JUMP
ram:000499fe	ram:00049a20	CONDITIONAL_JUMP
ram:00049a0e	ram:000487a4	UNCONDITIONAL_CALL
ram:00049a12	ram:00049a20	CONDITIONAL_JUMP
ram:00049a18	ram:00048726	UNCONDITIONAL_CALL
ram:00049a2e	ram:000487a4	UNCONDITIONAL_CALL
ram:00049a34	ram:000495b2	UNCONDITIONAL_CALL
ram:00049a38	ram:00049abc	UNCONDITIONAL_JUMP
ram:00049a3c	ram:00049a4c	CONDITIONAL_JUMP
ram:00049a46	ram:0004983c	UNCONDITIONAL_CALL
ram:00049a4a	ram:000499ee	UNCONDITIONAL_JUMP
ram:00049a4e	ram:00049a5e	CONDITIONAL_JUMP
ram:00049a58	ram:0004934a	UNCONDITIONAL_CALL
ram:00049a5c	ram:000499ee	UNCONDITIONAL_JUMP
ram:00049a60	ram:00049a70	CONDITIONAL_JUMP
ram:00049a6a	ram:000498ba	UNCONDITIONAL_CALL
ram:00049a6e	ram:000499ee	UNCONDITIONAL_JUMP
ram:00049a72	ram:00049a82	CONDITIONAL_JUMP
ram:00049a7c	ram:00049932	UNCONDITIONAL_CALL
ram:00049a80	ram:000499ee	UNCONDITIONAL_JUMP
ram:00049a84	ram:00049aa2	CONDITIONAL_JUMP
ram:00049a94	ram:00049ace	CONDITIONAL_JUMP
ram:00049a98	ram:00048e32	UNCONDITIONAL_CALL
ram:00049a9e	ram:00049af4	CONDITIONAL_JUMP
ram:00049aa6	ram:00049ad4	CONDITIONAL_JUMP
ram:00049aae	ram:00049ad4	CONDITIONAL_JUMP
ram:00049ab2	ram:00049a20	CONDITIONAL_JUMP
ram:00049ab8	ram:00049a32	CONDITIONAL_JUMP
ram:00049ace	ram:00048f06	UNCONDITIONAL_CALL
ram:00049ad2	ram:00049a9c	UNCONDITIONAL_JUMP
ram:00049ae0	ram:000487a4	UNCONDITIONAL_CALL
ram:00049ae4	ram:00049ab0	CONDITIONAL_JUMP
ram:00049aea	ram:00048726	UNCONDITIONAL_CALL
ram:00049af2	ram:00049ab2	UNCONDITIONAL_JUMP
ram:00049af6	ram:00049abc	UNCONDITIONAL_JUMP
ram:00049b0e	ram:00049b5a	CONDITIONAL_JUMP
ram:00049b22	ram:00049bd0	CONDITIONAL_JUMP
ram:00049b28	ram:20001a38	READ
ram:00049b36	ram:00049b5a	CONDITIONAL_JUMP
ram:00049b3c	ram:00049b84	CONDITIONAL_JUMP
ram:00049b40	ram:00049522	UNCONDITIONAL_CALL
ram:00049b46	ram:00049b86	CONDITIONAL_JUMP
ram:00049b4c	ram:00049b86	CONDITIONAL_JUMP
ram:00049b54	ram:00049b6e	CONDITIONAL_JUMP
ram:00049b72	ram:00048828	UNCONDITIONAL_CALL
ram:00049b82	ram:00049b58	UNCONDITIONAL_JUMP
ram:00049b96	ram:000438f4	UNCONDITIONAL_CALL
ram:00049b9c	ram:00049b5a	CONDITIONAL_JUMP
ram:00049ba2	ram:20001a38	READ
ram:00049bac	ram:000487a4	UNCONDITIONAL_CALL
ram:00049bb2	ram:00049b5a	CONDITIONAL_JUMP
ram:00049bb6	ram:00049bbc	CONDITIONAL_JUMP
ram:00049bc2	ram:00049b58	CONDITIONAL_JUMP
ram:00049bc6	ram:00049b58	CONDITIONAL_JUMP
ram:00049bce	ram:00049b5a	UNCONDITIONAL_JUMP
ram:00049bd0	ram:00049522	UNCONDITIONAL_CALL
ram:00049bd6	ram:00049b58	CONDITIONAL_JUMP
ram:00049bda	ram:00049c7c	CONDITIONAL_JUMP
ram:00049be6	ram:000432ce	UNCONDITIONAL_CALL
ram:00049bec	ram:00049b5a	CONDITIONAL_JUMP
ram:00049bf4	ram:00049c98	CONDITIONAL_JUMP
ram:00049bfa	ram:00049cbc	CONDITIONAL_JUMP
ram:00049c06	ram:20001d4d	READ
ram:00049c0a	ram:00049cc2	CONDITIONAL_JUMP
ram:00049c16	ram:00049c74	CONDITIONAL_JUMP
ram:00049c22	ram:00049c2a	CONDITIONAL_JUMP
ram:00049c30	ram:00048b8c	UNCONDITIONAL_CALL
ram:00049c38	ram:20001bcc	READ
ram:00049c3e	ram:00049c74	CONDITIONAL_JUMP
ram:00049c48	ram:00049c74	CONDITIONAL_JUMP
ram:00049c52	ram:00049c64	CONDITIONAL_JUMP
ram:00049c5c	ram:00049c64	CONDITIONAL_JUMP
ram:00049c70	ram:00052516	UNCONDITIONAL_CALL
ram:00049c76	ram:000495b2	UNCONDITIONAL_CALL
ram:00049c7a	ram:00049b5a	UNCONDITIONAL_JUMP
ram:00049c82	ram:00049b5a	CONDITIONAL_JUMP
ram:00049c88	ram:00049b5a	CONDITIONAL_JUMP
ram:00049c96	ram:00049bea	UNCONDITIONAL_JUMP
ram:00049ca6	ram:00049bfe	CONDITIONAL_JUMP
ram:00049cb2	ram:000499c4	UNCONDITIONAL_CALL
ram:00049cba	ram:00049b5a	UNCONDITIONAL_JUMP
ram:00049cc0	ram:00049ca6	UNCONDITIONAL_JUMP
ram:00049ccc	ram:000487a4	UNCONDITIONAL_CALL
ram:00049cd2	ram:00049c10	CONDITIONAL_JUMP
ram:00049cda	ram:00048726	UNCONDITIONAL_CALL
ram:00049cde	ram:00049c0e	CONDITIONAL_JUMP
ram:00049ce4	ram:00049c10	UNCONDITIONAL_JUMP
ram:00049cfc	ram:20001d54	READ
ram:00049d1a	ram:20000040	COMPUTED_CALL
ram:00049d1e	ram:20001d54	READ
ram:00049d2c	ram:20001a34	WRITE
ram:00049d32	ram:20000214	COMPUTED_CALL
ram:00049d36	ram:20001a34	READ
ram:00049d3a	ram:00049d7a	CONDITIONAL_JUMP
ram:00049d4c	ram:20001d54	READ
ram:00049d50	ram:00049d8a	CONDITIONAL_JUMP
ram:00049d58	ram:00049af8	PARAM
ram:00049d5c	ram:00048b78	UNCONDITIONAL_CALL
ram:00049d64	ram:00049554	PARAM
ram:00049d68	ram:000431cc	UNCONDITIONAL_CALL
ram:00049d70	ram:0004963c	PARAM
ram:00049d74	ram:0004e0bc	UNCONDITIONAL_CALL
ram:00049d8e	ram:20001a34	READ
ram:00049db8	ram:20000214	COMPUTED_CALL
ram:00049dbc	ram:00049d4c	UNCONDITIONAL_JUMP
ram:00049dc6	ram:20001d55	READ
ram:00049dcc	ram:00049dd6	CONDITIONAL_JUMP
ram:00049dde	ram:00049dd2	CONDITIONAL_JUMP
ram:00049de4	ram:00049dcc	UNCONDITIONAL_JUMP
ram:00049de6	ram:00049e20	CONDITIONAL_JUMP
ram:00049df4	ram:00049e20	CONDITIONAL_JUMP
ram:00049e0e	ram:000487a4	UNCONDITIONAL_CALL
ram:00049e26	ram:20001d55	READ
ram:00049e2e	ram:00049e34	CONDITIONAL_JUMP
ram:00049e40	ram:00049e2e	UNCONDITIONAL_JUMP
ram:00049e52	ram:200019c3	WRITE
ram:00049e5c	ram:200019c2	WRITE
ram:00049e64	ram:200019b5	WRITE
ram:00049e6c	ram:200019b4	WRITE
ram:00049e76	ram:200019c0	WRITE
ram:00049e7e	ram:20001a3a	WRITE
ram:00049e86	ram:20001a44	WRITE
ram:00049e8e	ram:20001a54	WRITE
ram:00049e96	ram:20001a48	WRITE
ram:00049eaa	ram:200019bc	WRITE
ram:00049eaa	ram:0006c650	DATA
ram:00049eb0	ram:20001a3c	WRITE
ram:00049ebe	ram:200019b8	WRITE
ram:00049ec2	ram:20001954	WRITE
ram:00049ec6	ram:20001964	WRITE
ram:00049eca	ram:20001974	WRITE
ram:00049ece	ram:20001984	WRITE
ram:00049eda	ram:20001960	WRITE
ram:00049eda	ram:200019b8	DATA
ram:00049edc	ram:20001988	WRITE
ram:00049edc	ram:0006c644	DATA
ram:00049ee4	ram:2000198c	WRITE
ram:00049ef0	ram:20001968	WRITE
ram:00049ef0	ram:0006c640	DATA
ram:00049ef2	ram:20001a40	READ
ram:00049efe	ram:0006c65c	DATA
ram:00049f06	ram:20001958	WRITE
ram:00049f06	ram:0006c65c	DATA
ram:00049f08	ram:2000195c	WRITE
ram:00049f0c	ram:2000195e	WRITE
ram:00049f10	ram:2000196c	WRITE
ram:00049f14	ram:2000196e	WRITE
ram:00049f18	ram:20001970	WRITE
ram:00049f18	ram:200019c3	DATA
ram:00049f1a	ram:20001978	WRITE
ram:00049f1a	ram:0006c664	DATA
ram:00049f1c	ram:2000197c	WRITE
ram:00049f20	ram:2000197e	WRITE
ram:00049f24	ram:20001980	WRITE
ram:00049f28	ram:2000198e	WRITE
ram:00049f2c	ram:20001990	WRITE
ram:00049f3e	ram:20001994	WRITE
ram:00049f42	ram:20001998	WRITE
ram:00049f42	ram:00049ffe	DATA
ram:00049f44	ram:2000199c	WRITE
ram:00049f4e	ram:00049dc2	UNCONDITIONAL_CALL
ram:00049f52	ram:00049f5e	CONDITIONAL_JUMP
ram:00049f60	ram:00049f58	UNCONDITIONAL_JUMP
ram:00049f68	Stack[-0x10]	DATA
ram:00049f72	ram:00049dc2	UNCONDITIONAL_CALL
ram:00049f76	ram:00049f8a	CONDITIONAL_JUMP
ram:00049f7e	ram:00049dc2	UNCONDITIONAL_CALL
ram:00049f84	ram:00049f90	CONDITIONAL_JUMP
ram:00049f96	Stack[-0x10]	DATA
ram:00049f9e	ram:00049fe8	CONDITIONAL_JUMP
ram:00049fa4	ram:00049fea	CONDITIONAL_JUMP
ram:00049fc4	ram:00049fee	CONDITIONAL_JUMP
ram:00049fcc	ram:00049f4a	UNCONDITIONAL_CALL
ram:00049fd4	ram:00049ff2	CONDITIONAL_JUMP
ram:00049fe4	ram:00049f62	UNCONDITIONAL_CALL
ram:0004a004	ram:0004a02e	CONDITIONAL_JUMP
ram:0004a024	ram:0004a02e	CONDITIONAL_JUMP
ram:0004a02a	ram:00049f9e	UNCONDITIONAL_CALL
ram:0004a03e	ram:200019b5	READ
ram:0004a04e	ram:0004a08e	CONDITIONAL_JUMP
ram:0004a05a	ram:00041c74	UNCONDITIONAL_CALL
ram:0004a05e	ram:0004a08e	CONDITIONAL_JUMP
ram:0004a07a	ram:200019b5	READ
ram:0004a08a	ram:00041d24	UNCONDITIONAL_CALL
ram:0004a09e	ram:20002000	PARAM
ram:0004a0a6	ram:20001a40	READ
ram:0004a0b0	ram:00049f4a	UNCONDITIONAL_CALL
ram:0004a0b6	ram:0004a0c8	CONDITIONAL_JUMP
ram:0004a0c4	ram:00049128	UNCONDITIONAL_CALL
ram:0004a0da	Stack[-0x10]	DATA
ram:0004a0ec	ram:0004a112	CONDITIONAL_JUMP
ram:0004a0f0	ram:0004a0fa	CONDITIONAL_JUMP
ram:0004a0f6	ram:20000104	COMPUTED_CALL
ram:0004a104	ram:20000214	COMPUTED_CALL
ram:0004a10e	ram:0004a0e8	CONDITIONAL_JUMP
ram:0004a11c	Stack[-0x10]	DATA
ram:0004a128	ram:20001d55	READ
ram:0004a130	ram:20001a4c	READ
ram:0004a136	ram:0004a140	CONDITIONAL_JUMP
ram:0004a14a	ram:0004a13c	CONDITIONAL_JUMP
ram:0004a154	ram:0004a136	UNCONDITIONAL_JUMP
ram:0004a15a	ram:20001a54	READ
ram:0004a15e	ram:0004a170	CONDITIONAL_JUMP
ram:0004a164	ram:0004a16c	CONDITIONAL_JUMP
ram:0004a16e	ram:0004a15e	UNCONDITIONAL_JUMP
ram:0004a178	ram:0004a156	UNCONDITIONAL_CALL
ram:0004a17c	ram:0004a186	CONDITIONAL_JUMP
ram:0004a188	ram:0004a180	UNCONDITIONAL_JUMP
ram:0004a19e	Stack[-0x20]	DATA
ram:0004a1b0	ram:0004a26c	CONDITIONAL_JUMP
ram:0004a1b2	ram:0004a238	CONDITIONAL_JUMP
ram:0004a1c8	ram:0004a1ac	CONDITIONAL_JUMP
ram:0004a1cc	ram:0004a23c	CONDITIONAL_JUMP
ram:0004a1dc	ram:20000040	COMPUTED_CALL
ram:0004a1e2	ram:0004a23c	CONDITIONAL_JUMP
ram:0004a1ea	ram:0004a212	CONDITIONAL_JUMP
ram:0004a1f8	ram:200001dc	COMPUTED_CALL
ram:0004a20e	ram:20000104	COMPUTED_CALL
ram:0004a212	ram:0004a224	CONDITIONAL_JUMP
ram:0004a220	ram:20000214	COMPUTED_CALL
ram:0004a228	ram:0004a1e8	CONDITIONAL_JUMP
ram:0004a236	ram:0004a23e	UNCONDITIONAL_JUMP
ram:0004a238	ram:0004a252	CONDITIONAL_JUMP
ram:0004a24c	Stack[-0x20]	DATA
ram:0004a256	ram:0004a23c	CONDITIONAL_JUMP
ram:0004a26a	ram:0004a1c4	UNCONDITIONAL_JUMP
ram:0004a26e	ram:0004a23e	CONDITIONAL_JUMP
ram:0004a272	ram:0004a1cc	UNCONDITIONAL_JUMP
ram:0004a278	ram:20001a48	READ
ram:0004a27c	ram:0004a282	CONDITIONAL_JUMP
ram:0004a288	ram:0004a292	CONDITIONAL_JUMP
ram:0004a294	ram:0004a27c	UNCONDITIONAL_JUMP
ram:0004a29a	ram:0004a274	UNCONDITIONAL_CALL
ram:0004a29e	ram:0004a2aa	CONDITIONAL_JUMP
ram:0004a2ac	ram:0004a2a4	UNCONDITIONAL_JUMP
ram:0004a2b2	ram:0004a274	UNCONDITIONAL_CALL
ram:0004a2b6	ram:0004a2c2	CONDITIONAL_JUMP
ram:0004a2c4	ram:0004a2bc	UNCONDITIONAL_JUMP
ram:0004a2d0	ram:0004a2ae	UNCONDITIONAL_CALL
ram:0004a2da	ram:0004df46	UNCONDITIONAL_CALL
ram:0004a2e0	ram:0004a2ea	CONDITIONAL_JUMP
ram:0004a2e6	ram:0004a2ec	CONDITIONAL_JUMP
ram:0004a2fe	ram:20001a48	READ
ram:0004a304	ram:20001a48	PARAM
ram:0004a308	ram:0004a34a	CONDITIONAL_JUMP
ram:0004a312	ram:0004a340	CONDITIONAL_JUMP
ram:0004a316	ram:0004a346	CONDITIONAL_JUMP
ram:0004a31c	ram:0004a32c	CONDITIONAL_JUMP
ram:0004a328	ram:200001dc	COMPUTED_CALL
ram:0004a332	ram:20000104	COMPUTED_CALL
ram:0004a344	ram:0004a308	UNCONDITIONAL_JUMP
ram:0004a346	ram:20001a48	WRITE
ram:0004a348	ram:0004a31a	UNCONDITIONAL_JUMP
ram:0004a34c	ram:0004a338	UNCONDITIONAL_JUMP
ram:0004a352	ram:20001a54	READ
ram:0004a358	ram:20001a54	PARAM
ram:0004a35c	ram:0004a3a6	CONDITIONAL_JUMP
ram:0004a364	ram:0004a39c	CONDITIONAL_JUMP
ram:0004a370	ram:0004a3a2	CONDITIONAL_JUMP
ram:0004a37e	ram:20000104	COMPUTED_CALL
ram:0004a386	ram:0004a2f4	UNCONDITIONAL_CALL
ram:0004a38a	ram:0004a392	CONDITIONAL_JUMP
ram:0004a38c	ram:0004a392	CONDITIONAL_JUMP
ram:0004a3a0	ram:0004a35c	UNCONDITIONAL_JUMP
ram:0004a3a2	ram:20001a54	WRITE
ram:0004a3a4	ram:0004a374	UNCONDITIONAL_JUMP
ram:0004a3b4	ram:00048886	UNCONDITIONAL_CALL
ram:0004a3ca	ram:20001d55	READ
ram:0004a3d2	ram:20001a50	READ
ram:0004a3e2	ram:0004a3f2	CONDITIONAL_JUMP
ram:0004a3ec	ram:0004a3dc	CONDITIONAL_JUMP
ram:0004a402	ram:0004a41e	CONDITIONAL_JUMP
ram:0004a408	ram:0004a428	CONDITIONAL_JUMP
ram:0004a40a	ram:0004a3c6	UNCONDITIONAL_CALL
ram:0004a40e	ram:0004a41e	CONDITIONAL_JUMP
ram:0004a414	ram:0004a3c6	UNCONDITIONAL_CALL
ram:0004a418	ram:0004a41e	CONDITIONAL_JUMP
ram:0004a42a	ram:0004a472	CONDITIONAL_JUMP
ram:0004a42e	ram:0004a3c6	UNCONDITIONAL_CALL
ram:0004a434	ram:0004a41e	CONDITIONAL_JUMP
ram:0004a444	ram:0004a46c	CONDITIONAL_JUMP
ram:0004a44c	ram:0004a460	CONDITIONAL_JUMP
ram:0004a45c	ram:000487a4	UNCONDITIONAL_CALL
ram:0004a462	ram:0004a3aa	UNCONDITIONAL_CALL
ram:0004a470	ram:0004a41e	UNCONDITIONAL_JUMP
ram:0004a474	ram:0004a41e	CONDITIONAL_JUMP
ram:0004a47a	ram:0004e14a	UNCONDITIONAL_CALL
ram:0004a47e	ram:0004a41e	CONDITIONAL_JUMP
ram:0004a482	ram:0004a3c6	UNCONDITIONAL_CALL
ram:0004a488	ram:0004a43c	CONDITIONAL_JUMP
ram:0004a48a	ram:0004a41e	UNCONDITIONAL_JUMP
ram:0004a4aa	ram:0004a4f8	CONDITIONAL_JUMP
ram:0004a4ae	ram:0004a3c6	UNCONDITIONAL_CALL
ram:0004a4b4	ram:0004a4d0	CONDITIONAL_JUMP
ram:0004a4dc	ram:0004a4b6	CONDITIONAL_JUMP
ram:0004a4ec	ram:000487a4	UNCONDITIONAL_CALL
ram:0004a4f2	ram:0004a3aa	UNCONDITIONAL_CALL
ram:0004a4f6	ram:0004a4b6	UNCONDITIONAL_JUMP
ram:0004a514	ram:0004a548	CONDITIONAL_JUMP
ram:0004a51a	ram:0004a3c6	UNCONDITIONAL_CALL
ram:0004a522	ram:0004a548	CONDITIONAL_JUMP
ram:0004a528	ram:0004a548	CONDITIONAL_JUMP
ram:0004a530	ram:0004a4b6	CONDITIONAL_JUMP
ram:0004a536	ram:00048828	UNCONDITIONAL_CALL
ram:0004a546	ram:0004a4b6	UNCONDITIONAL_JUMP
ram:0004a54c	ram:200019c2	READ
ram:0004a55a	ram:0004a4b8	CONDITIONAL_JUMP
ram:0004a560	ram:0004a4b8	CONDITIONAL_JUMP
ram:0004a578	ram:0006bfa8	DATA
ram:0004a57c	ram:0004a4b8	CONDITIONAL_JUMP
ram:0004a580	ram:0006bfac	DATA
ram:0004a584	ram:0004a4b8	CONDITIONAL_JUMP
ram:0004a58e	ram:0004a598	CONDITIONAL_JUMP
ram:0004a594	ram:0004a4b8	CONDITIONAL_JUMP
ram:0004a5ac	ram:0004a4b8	CONDITIONAL_JUMP
ram:0004a5b8	ram:0004a608	CONDITIONAL_JUMP
ram:0004a5be	ram:0004a4b8	CONDITIONAL_JUMP
ram:0004a5d0	ram:0004a602	CONDITIONAL_JUMP
ram:0004a5ea	ram:00043428	UNCONDITIONAL_CALL
ram:0004a5ee	ram:0004a4b6	CONDITIONAL_JUMP
ram:0004a5fa	ram:00048a38	UNCONDITIONAL_CALL
ram:0004a600	ram:0004a4b8	UNCONDITIONAL_JUMP
ram:0004a606	ram:0004a5e2	UNCONDITIONAL_JUMP
ram:0004a60e	ram:0004a4b6	CONDITIONAL_JUMP
ram:0004a612	ram:200019c2	READ
ram:0004a61c	ram:000487a4	UNCONDITIONAL_CALL
ram:0004a622	ram:0004a4b8	CONDITIONAL_JUMP
ram:0004a62c	ram:00048726	UNCONDITIONAL_CALL
ram:0004a630	ram:0004a636	CONDITIONAL_JUMP
ram:0004a64a	ram:0004a4b6	CONDITIONAL_JUMP
ram:0004a64e	ram:0004a4b6	CONDITIONAL_JUMP
ram:0004a65a	ram:0004a4b8	UNCONDITIONAL_JUMP
ram:0004a662	ram:0004a3c6	UNCONDITIONAL_CALL
ram:0004a666	ram:0004a67e	CONDITIONAL_JUMP
ram:0004a672	ram:0004a67e	CONDITIONAL_JUMP
ram:0004a688	ram:20001a48	READ
ram:0004a68c	ram:0004a692	CONDITIONAL_JUMP
ram:0004a690	ram:0004a6c4	UNCONDITIONAL_JUMP
ram:0004a698	ram:0004a6ae	CONDITIONAL_JUMP
ram:0004a6a4	ram:0004a6ae	CONDITIONAL_JUMP
ram:0004a6aa	ram:0004a6b2	CONDITIONAL_JUMP
ram:0004a6b0	ram:0004a68c	UNCONDITIONAL_JUMP
ram:0004a6ba	ram:0004a6c8	CONDITIONAL_JUMP
ram:0004a6be	ram:0004a6c4	CONDITIONAL_JUMP
ram:0004a6ce	ram:0004a6aa	UNCONDITIONAL_JUMP
ram:0004a6f2	ram:0004a684	UNCONDITIONAL_CALL
ram:0004a6f8	ram:0004a764	CONDITIONAL_JUMP
ram:0004a702	ram:0004a156	UNCONDITIONAL_CALL
ram:0004a706	ram:0004a764	CONDITIONAL_JUMP
ram:0004a70c	ram:0004a764	CONDITIONAL_JUMP
ram:0004a720	ram:0004a764	CONDITIONAL_JUMP
ram:0004a726	ram:0004a764	CONDITIONAL_JUMP
ram:0004a730	ram:0004a764	CONDITIONAL_JUMP
ram:0004a74c	ram:0004a764	CONDITIONAL_JUMP
ram:0004a760	ram:0004a032	UNCONDITIONAL_CALL
ram:0004a798	ram:0004a124	UNCONDITIONAL_CALL
ram:0004a79c	ram:0004a7ac	CONDITIONAL_JUMP
ram:0004a7a0	ram:00043e28	UNCONDITIONAL_CALL
ram:0004a7a6	ram:0004a7f8	CONDITIONAL_JUMP
ram:0004a7aa	ram:0004a7f8	UNCONDITIONAL_JUMP
ram:0004a7b6	ram:0004a7ea	CONDITIONAL_JUMP
ram:0004a7c0	ram:0004a18a	UNCONDITIONAL_CALL
ram:0004a7c4	ram:0004a81e	CONDITIONAL_JUMP
ram:0004a7da	ram:0004a6d0	UNCONDITIONAL_CALL
ram:0004a7e2	ram:0004a812	CONDITIONAL_JUMP
ram:0004a7ec	ram:0004a0d4	UNCONDITIONAL_CALL
ram:0004a7f0	ram:0004a872	CONDITIONAL_JUMP
ram:0004a7f4	ram:0004a7a8	CONDITIONAL_JUMP
ram:0004a812	ram:0004a7ea	CONDITIONAL_JUMP
ram:0004a81c	ram:0004a7ea	UNCONDITIONAL_JUMP
ram:0004a82e	ram:0004a7ea	CONDITIONAL_JUMP
ram:0004a832	ram:0004a83e	CONDITIONAL_JUMP
ram:0004a83a	ram:0004a83e	CONDITIONAL_JUMP
ram:0004a84e	ram:0004a6d0	UNCONDITIONAL_CALL
ram:0004a854	ram:0004a866	CONDITIONAL_JUMP
ram:0004a860	ram:0004a82a	CONDITIONAL_JUMP
ram:0004a864	ram:0004a7ea	UNCONDITIONAL_JUMP
ram:0004a866	ram:0004a85c	CONDITIONAL_JUMP
ram:0004a870	ram:0004a85c	UNCONDITIONAL_JUMP
ram:0004a876	ram:0004a7a0	UNCONDITIONAL_JUMP
ram:0004a88c	ram:0004a6d0	UNCONDITIONAL_CALL
ram:0004a8ac	ram:0004a684	UNCONDITIONAL_CALL
ram:0004a8b0	ram:0004a9a0	CONDITIONAL_JUMP
ram:0004a8be	ram:0004a8f8	CONDITIONAL_JUMP
ram:0004a8c4	ram:0004a174	UNCONDITIONAL_CALL
ram:0004a8cc	ram:0004a8e4	CONDITIONAL_JUMP
ram:0004a8ec	ram:0004a8f8	CONDITIONAL_JUMP
ram:0004a8f6	ram:0004a8d8	UNCONDITIONAL_JUMP
ram:0004a8fe	ram:0004a124	UNCONDITIONAL_CALL
ram:0004a902	ram:0004a91e	CONDITIONAL_JUMP
ram:0004a908	ram:0004a124	UNCONDITIONAL_CALL
ram:0004a90c	ram:0004a91a	CONDITIONAL_JUMP
ram:0004a918	ram:0004a8d8	UNCONDITIONAL_JUMP
ram:0004a92a	ram:0004a994	CONDITIONAL_JUMP
ram:0004a942	ram:200001dc	COMPUTED_CALL
ram:0004a950	ram:200001dc	COMPUTED_CALL
ram:0004a962	ram:00048be6	UNCONDITIONAL_CALL
ram:0004a968	ram:0004a976	CONDITIONAL_JUMP
ram:0004a974	ram:0004a8d8	UNCONDITIONAL_JUMP
ram:0004a980	ram:200001dc	COMPUTED_CALL
ram:0004a98a	ram:00043de4	UNCONDITIONAL_CALL
ram:0004a98e	ram:0004a8d8	CONDITIONAL_JUMP
ram:0004a992	ram:0004a8d8	UNCONDITIONAL_JUMP
ram:0004a998	ram:0004a926	CONDITIONAL_JUMP
ram:0004a99e	ram:0004a8ee	UNCONDITIONAL_JUMP
ram:0004a9a2	ram:0004a8ee	UNCONDITIONAL_JUMP
ram:0004a9bc	ram:0004a684	UNCONDITIONAL_CALL
ram:0004a9c0	ram:0004aa4c	CONDITIONAL_JUMP
ram:0004a9ca	ram:0004aa14	CONDITIONAL_JUMP
ram:0004a9d4	ram:0004a9da	CONDITIONAL_JUMP
ram:0004a9ea	ram:0004a6d0	UNCONDITIONAL_CALL
ram:0004a9f0	ram:0004aa40	CONDITIONAL_JUMP
ram:0004a9f6	ram:0004aa04	CONDITIONAL_JUMP
ram:0004a9fc	ram:00043d96	UNCONDITIONAL_CALL
ram:0004aa02	ram:0004aa06	CONDITIONAL_JUMP
ram:0004aa1a	ram:0004a174	UNCONDITIONAL_CALL
ram:0004aa20	ram:0004aa50	CONDITIONAL_JUMP
ram:0004aa2e	ram:0004a9cc	CONDITIONAL_JUMP
ram:0004aa3c	ram:0004aa04	CONDITIONAL_JUMP
ram:0004aa3e	ram:0004aa06	UNCONDITIONAL_JUMP
ram:0004aa42	ram:0004aa30	CONDITIONAL_JUMP
ram:0004aa4a	ram:0004aa04	UNCONDITIONAL_JUMP
ram:0004aa4e	ram:0004aa30	UNCONDITIONAL_JUMP
ram:0004aa52	ram:0004aa30	UNCONDITIONAL_JUMP
ram:0004aa6a	ram:0004a3c6	UNCONDITIONAL_CALL
ram:0004aa70	ram:0004aa9c	CONDITIONAL_JUMP
ram:0004aa7e	ram:0004aa9c	CONDITIONAL_JUMP
ram:0004aa88	ram:0004aa9c	CONDITIONAL_JUMP
ram:0004aa8e	ram:0004aaae	CONDITIONAL_JUMP
ram:0004aa94	ram:00043e66	UNCONDITIONAL_CALL
ram:0004aa9a	ram:0004aad6	CONDITIONAL_JUMP
ram:0004aaba	ram:0004a684	UNCONDITIONAL_CALL
ram:0004aac2	ram:0004a2ae	UNCONDITIONAL_CALL
ram:0004aacc	ram:0004df46	UNCONDITIONAL_CALL
ram:0004aad2	ram:0004aa90	CONDITIONAL_JUMP
ram:0004aad4	ram:0004aa9c	UNCONDITIONAL_JUMP
ram:0004aada	ram:0004aa9c	CONDITIONAL_JUMP
ram:0004aaea	ram:00049de6	PARAM
ram:0004aaee	ram:0004887a	UNCONDITIONAL_CALL
ram:0004aaf6	ram:0004aa9c	UNCONDITIONAL_JUMP
ram:0004ab00	ram:20001a48	READ
ram:0004ab20	ram:0004ab26	CONDITIONAL_JUMP
ram:0004ab24	ram:0004ab72	UNCONDITIONAL_JUMP
ram:0004ab32	ram:0004ab3a	CONDITIONAL_JUMP
ram:0004ab38	ram:0004ab20	UNCONDITIONAL_JUMP
ram:0004ab40	ram:0004ab50	CONDITIONAL_JUMP
ram:0004ab4e	ram:0004ab32	UNCONDITIONAL_JUMP
ram:0004ab50	ram:0004ab44	CONDITIONAL_JUMP
ram:0004ab54	ram:0004ab6c	CONDITIONAL_JUMP
ram:0004ab64	ram:00043166	UNCONDITIONAL_CALL
ram:0004ab6a	ram:0004ab44	CONDITIONAL_JUMP
ram:0004ab6c	ram:0004ab72	CONDITIONAL_JUMP
ram:0004ab98	ram:0004abea	CONDITIONAL_JUMP
ram:0004ab9c	ram:0004abea	CONDITIONAL_JUMP
ram:0004abb4	ram:0006c65c	PARAM
ram:0004abbc	ram:00043166	UNCONDITIONAL_CALL
ram:0004abc2	ram:0004abde	CONDITIONAL_JUMP
ram:0004abd4	ram:0004aaf8	UNCONDITIONAL_CALL
ram:0004abda	ram:0004abde	CONDITIONAL_JUMP
ram:0004abfa	ram:0004ac1e	CONDITIONAL_JUMP
ram:0004abfe	ram:0004ac1e	CONDITIONAL_JUMP
ram:0004ac0c	ram:0004aaf8	UNCONDITIONAL_CALL
ram:0004ac12	ram:0004ac16	CONDITIONAL_JUMP
ram:0004ac2e	ram:0004ac52	CONDITIONAL_JUMP
ram:0004ac32	ram:0004ac52	CONDITIONAL_JUMP
ram:0004ac40	ram:0004aaf8	UNCONDITIONAL_CALL
ram:0004ac46	ram:0004ac4a	CONDITIONAL_JUMP
ram:0004ac78	ram:0004adf8	CONDITIONAL_JUMP
ram:0004ac7e	ram:0004adda	CONDITIONAL_JUMP
ram:0004acac	ram:0004aaf8	UNCONDITIONAL_CALL
ram:0004acb2	ram:0004add2	CONDITIONAL_JUMP
ram:0004acb6	ram:0004acd0	CONDITIONAL_JUMP
ram:0004acc6	ram:00048be6	UNCONDITIONAL_CALL
ram:0004accc	ram:0004adfc	CONDITIONAL_JUMP
ram:0004acd8	ram:0004ad80	CONDITIONAL_JUMP
ram:0004acde	ram:0004ad56	CONDITIONAL_JUMP
ram:0004ace4	ram:0004ad0e	CONDITIONAL_JUMP
ram:0004acec	ram:00043a74	UNCONDITIONAL_CALL
ram:0004acf0	ram:0004ad0a	CONDITIONAL_JUMP
ram:0004acfa	ram:00048a38	UNCONDITIONAL_CALL
ram:0004acfe	ram:0004ad0a	CONDITIONAL_JUMP
ram:0004ad06	ram:20000104	COMPUTED_CALL
ram:0004ad0c	ram:0004adda	UNCONDITIONAL_JUMP
ram:0004ad2c	ram:200001dc	COMPUTED_CALL
ram:0004ad40	ram:0004add2	CONDITIONAL_JUMP
ram:0004ad48	ram:0004add2	CONDITIONAL_JUMP
ram:0004ad54	ram:0004ac9c	UNCONDITIONAL_JUMP
ram:0004ad56	ram:0004ace8	CONDITIONAL_JUMP
ram:0004ad78	ram:200001dc	COMPUTED_CALL
ram:0004ad7e	ram:0004ad32	UNCONDITIONAL_JUMP
ram:0004ad8e	ram:0004adb2	CONDITIONAL_JUMP
ram:0004adb0	ram:0004ad28	UNCONDITIONAL_JUMP
ram:0004add0	ram:0004ad74	UNCONDITIONAL_JUMP
ram:0004add6	ram:0004ace8	CONDITIONAL_JUMP
ram:0004adfa	ram:0004adda	UNCONDITIONAL_JUMP
ram:0004adfe	ram:0004adda	UNCONDITIONAL_JUMP
ram:0004ae04	ram:20001a62	READ
ram:0004ae0a	ram:0004ae70	CONDITIONAL_JUMP
ram:0004ae1e	ram:0004a3c6	UNCONDITIONAL_CALL
ram:0004ae22	ram:0004ae32	CONDITIONAL_JUMP
ram:0004ae2e	ram:0004ae3e	CONDITIONAL_JUMP
ram:0004ae32	ram:0004ae4a	CONDITIONAL_JUMP
ram:0004ae3a	ram:00043e34	UNCONDITIONAL_CALL
ram:0004ae56	ram:0004a684	UNCONDITIONAL_CALL
ram:0004ae5e	ram:0004a2ae	UNCONDITIONAL_CALL
ram:0004ae68	ram:0004df46	UNCONDITIONAL_CALL
ram:0004ae6c	ram:0004ae36	CONDITIONAL_JUMP
ram:0004ae6e	ram:0004ae3e	UNCONDITIONAL_JUMP
ram:0004ae78	ram:0004ae80	CONDITIONAL_JUMP
ram:0004ae7c	ram:0004a2c6	UNCONDITIONAL_CALL
ram:0004ae84	Stack[-0x10]	DATA
ram:0004ae90	ram:0004ae9e	CONDITIONAL_JUMP
ram:0004ae9a	ram:0004aed4	CONDITIONAL_JUMP
ram:0004aea2	ram:0004a2ae	UNCONDITIONAL_CALL
ram:0004aeaa	ram:0004aeb0	CONDITIONAL_JUMP
ram:0004aeb2	ram:0004df46	UNCONDITIONAL_CALL
ram:0004aeb6	ram:0004aec6	CONDITIONAL_JUMP
ram:0004aec0	Stack[-0x10]	DATA
ram:0004aeca	ram:0004aeba	CONDITIONAL_JUMP
ram:0004aed0	ram:0004aeb8	CONDITIONAL_JUMP
ram:0004aed2	ram:0004aeba	UNCONDITIONAL_JUMP
ram:0004aed8	ram:0004aeb8	CONDITIONAL_JUMP
ram:0004aedc	ram:0004aeba	UNCONDITIONAL_JUMP
ram:0004aef2	ram:0004a684	UNCONDITIONAL_CALL
ram:0004aef6	ram:0004af10	CONDITIONAL_JUMP
ram:0004af04	ram:0004ae74	UNCONDITIONAL_CALL
ram:0004af12	ram:0004af08	UNCONDITIONAL_JUMP
ram:0004af18	ram:0004af20	CONDITIONAL_JUMP
ram:0004af1c	ram:0004a2c6	UNCONDITIONAL_CALL
ram:0004af2e	ram:0004af3a	CONDITIONAL_JUMP
ram:0004af36	ram:0004af56	CONDITIONAL_JUMP
ram:0004af3c	ram:0004a2ae	UNCONDITIONAL_CALL
ram:0004af44	ram:0004af48	CONDITIONAL_JUMP
ram:0004af52	ram:0004df46	UNCONDITIONAL_CALL
ram:0004af5c	ram:0004af60	CONDITIONAL_JUMP
ram:0004af7e	ram:0004a684	UNCONDITIONAL_CALL
ram:0004af84	ram:0004af9c	CONDITIONAL_JUMP
ram:0004af90	ram:0004af14	UNCONDITIONAL_CALL
ram:0004af9e	ram:0004af94	UNCONDITIONAL_JUMP
ram:0004afc0	ram:0004afda	CONDITIONAL_JUMP
ram:0004afd4	ram:0004aaf8	UNCONDITIONAL_CALL
ram:0004afe6	ram:0006c65c	PARAM
ram:0004afea	ram:00043166	UNCONDITIONAL_CALL
ram:0004afee	ram:0004b01c	CONDITIONAL_JUMP
ram:0004aff6	ram:0004a296	UNCONDITIONAL_CALL
ram:0004affa	ram:0004b004	CONDITIONAL_JUMP
ram:0004b004	ram:0004b00c	CONDITIONAL_JUMP
ram:0004b028	ram:0006c660	PARAM
ram:0004b02c	ram:00043166	UNCONDITIONAL_CALL
ram:0004b030	ram:0004aff0	CONDITIONAL_JUMP
ram:0004b03e	ram:0006c640	PARAM
ram:0004b042	ram:00043166	UNCONDITIONAL_CALL
ram:0004b046	ram:0004b05c	CONDITIONAL_JUMP
ram:0004b048	ram:0004aff4	CONDITIONAL_JUMP
ram:0004b050	ram:0004aff4	CONDITIONAL_JUMP
ram:0004b05a	ram:0004b000	UNCONDITIONAL_JUMP
ram:0004b060	ram:0004b004	UNCONDITIONAL_JUMP
ram:0004b08e	ram:0004b0bc	CONDITIONAL_JUMP
ram:0004b096	ram:0004b0ec	CONDITIONAL_JUMP
ram:0004b09c	ram:0004a156	UNCONDITIONAL_CALL
ram:0004b0a0	ram:0004b0c6	CONDITIONAL_JUMP
ram:0004b0a6	ram:0004b0c6	CONDITIONAL_JUMP
ram:0004b0ba	ram:0004b0c8	UNCONDITIONAL_JUMP
ram:0004b0be	ram:0004a174	UNCONDITIONAL_CALL
ram:0004b0c4	ram:0004b0e0	CONDITIONAL_JUMP
ram:0004b0e8	ram:0004b090	CONDITIONAL_JUMP
ram:0004b0ea	ram:0004b0c8	UNCONDITIONAL_JUMP
ram:0004b104	ram:0004b32c	CONDITIONAL_JUMP
ram:0004b108	ram:0004b184	CONDITIONAL_JUMP
ram:0004b110	ram:0004b1ec	CONDITIONAL_JUMP
ram:0004b114	ram:0004b136	CONDITIONAL_JUMP
ram:0004b11c	ram:0004b09a	CONDITIONAL_JUMP
ram:0004b122	ram:0004b0c8	CONDITIONAL_JUMP
ram:0004b134	ram:0004b2be	UNCONDITIONAL_JUMP
ram:0004b13a	ram:0004b09a	CONDITIONAL_JUMP
ram:0004b140	ram:0004b0c8	CONDITIONAL_JUMP
ram:0004b160	ram:0004a684	UNCONDITIONAL_CALL
ram:0004b168	ram:0004b296	CONDITIONAL_JUMP
ram:0004b17e	ram:20000214	COMPUTED_CALL
ram:0004b182	ram:0004b28c	UNCONDITIONAL_JUMP
ram:0004b188	ram:0004b30e	CONDITIONAL_JUMP
ram:0004b18c	ram:0004b2c8	CONDITIONAL_JUMP
ram:0004b194	ram:0004b32c	CONDITIONAL_JUMP
ram:0004b19c	ram:0004b09a	CONDITIONAL_JUMP
ram:0004b1a2	ram:0004b0c8	CONDITIONAL_JUMP
ram:0004b1ea	ram:0004b28c	UNCONDITIONAL_JUMP
ram:0004b1ee	ram:0004b0c8	CONDITIONAL_JUMP
ram:0004b21e	ram:0004a684	UNCONDITIONAL_CALL
ram:0004b224	ram:0004b290	CONDITIONAL_JUMP
ram:0004b236	ram:0004afa0	UNCONDITIONAL_CALL
ram:0004b23a	ram:0004b258	CONDITIONAL_JUMP
ram:0004b248	ram:0006c660	PARAM
ram:0004b24c	ram:00043166	UNCONDITIONAL_CALL
ram:0004b250	ram:0004b258	CONDITIONAL_JUMP
ram:0004b25e	ram:0004b27e	CONDITIONAL_JUMP
ram:0004b270	ram:200001dc	COMPUTED_CALL
ram:0004b28e	ram:0004b0c8	UNCONDITIONAL_JUMP
ram:0004b294	ram:0004b27e	UNCONDITIONAL_JUMP
ram:0004b2c2	ram:200001dc	COMPUTED_CALL
ram:0004b2c6	ram:0004b28c	UNCONDITIONAL_JUMP
ram:0004b2ce	ram:20000226	COMPUTED_CALL
ram:0004b2dc	ram:0004b0c8	CONDITIONAL_JUMP
ram:0004b2e0	ram:0004b2f2	CONDITIONAL_JUMP
ram:0004b2f0	ram:0004b132	UNCONDITIONAL_JUMP
ram:0004b2fa	ram:0004b308	CONDITIONAL_JUMP
ram:0004b306	ram:0004b2e8	UNCONDITIONAL_JUMP
ram:0004b30c	ram:0004b2e8	UNCONDITIONAL_JUMP
ram:0004b310	ram:0004b0c8	CONDITIONAL_JUMP
ram:0004b318	ram:00049f4a	UNCONDITIONAL_CALL
ram:0004b32a	ram:0004b28c	UNCONDITIONAL_JUMP
ram:0004b32e	ram:0004b0c8	CONDITIONAL_JUMP
ram:0004b34a	ram:0004b28c	UNCONDITIONAL_JUMP
ram:0004b370	ram:000432b0	UNCONDITIONAL_CALL
ram:0004b39a	ram:0004b3a6	CONDITIONAL_JUMP
ram:0004b39e	ram:20001afc	READ
ram:0004b3a2	ram:0004b3ba	CONDITIONAL_JUMP
ram:0004b3aa	ram:20001afc	PARAM
ram:0004b3ae	ram:00043cde	UNCONDITIONAL_CALL
ram:0004b3b4	ram:0004b3f0	CONDITIONAL_JUMP
ram:0004b3b8	ram:0004b3f0	UNCONDITIONAL_JUMP
ram:0004b3d6	ram:0004a684	UNCONDITIONAL_CALL
ram:0004b3dc	ram:0004b410	CONDITIONAL_JUMP
ram:0004b3e2	ram:20001b00	READ
ram:0004b3e6	ram:0004b3f0	CONDITIONAL_JUMP
ram:0004b3ec	ram:20000104	COMPUTED_CALL
ram:0004b416	ram:20001a44	READ
ram:0004b424	ram:20001a3a	PARAM
ram:0004b428	ram:0004b062	UNCONDITIONAL_CALL
ram:0004b42e	ram:20001a44	PARAM
ram:0004b432	ram:0004b43c	CONDITIONAL_JUMP
ram:0004b438	ram:20001b00	READ
ram:0004b43a	ram:0004b3e6	UNCONDITIONAL_JUMP
ram:0004b43c	ram:20001b00	READ
ram:0004b43e	ram:0004b466	CONDITIONAL_JUMP
ram:0004b44e	ram:00048be6	UNCONDITIONAL_CALL
ram:0004b456	ram:20001b00	WRITE
ram:0004b458	ram:20001a44	PARAM
ram:0004b45c	ram:0004b466	CONDITIONAL_JUMP
ram:0004b464	ram:0004b3f0	UNCONDITIONAL_JUMP
ram:0004b466	ram:20001afc	READ
ram:0004b46a	ram:20001a3a	READ
ram:0004b474	ram:0004b482	CONDITIONAL_JUMP
ram:0004b47e	ram:20001a3a	WRITE
ram:0004b482	ram:20001b00	READ
ram:0004b484	ram:20001a3a	READ
ram:0004b488	ram:20001a44	READ
ram:0004b494	ram:200001dc	COMPUTED_CALL
ram:0004b498	ram:20001afc	READ
ram:0004b49c	ram:20001a3a	READ
ram:0004b4a8	ram:20001afc	WRITE
ram:0004b4ac	ram:0004b396	UNCONDITIONAL_JUMP
ram:0004b4d0	ram:000432b0	UNCONDITIONAL_CALL
ram:0004b4ee	ram:0004aaf8	UNCONDITIONAL_CALL
ram:0004b50c	ram:0004b558	CONDITIONAL_JUMP
ram:0004b510	ram:0004b558	CONDITIONAL_JUMP
ram:0004b51c	ram:20001a44	READ
ram:0004b52c	ram:20001a3a	PARAM
ram:0004b536	ram:0004b062	UNCONDITIONAL_CALL
ram:0004b53a	ram:0004b566	CONDITIONAL_JUMP
ram:0004b54c	ram:0004afa0	UNCONDITIONAL_CALL
ram:0004b552	ram:0004b5cc	CONDITIONAL_JUMP
ram:0004b556	ram:0004b50c	CONDITIONAL_JUMP
ram:0004b558	ram:0004b638	CONDITIONAL_JUMP
ram:0004b564	ram:0004b5a6	UNCONDITIONAL_JUMP
ram:0004b566	ram:20001a3a	READ
ram:0004b56e	ram:0004b53c	CONDITIONAL_JUMP
ram:0004b572	ram:20001a44	READ
ram:0004b57c	ram:2000026a	COMPUTED_CALL
ram:0004b580	ram:0004b53c	CONDITIONAL_JUMP
ram:0004b582	ram:20001b00	READ
ram:0004b586	ram:0004b5c6	CONDITIONAL_JUMP
ram:0004b596	ram:00048be6	UNCONDITIONAL_CALL
ram:0004b59a	ram:0004b5c2	CONDITIONAL_JUMP
ram:0004b5c2	ram:20001b00	WRITE
ram:0004b5ca	ram:0004b53e	UNCONDITIONAL_JUMP
ram:0004b5cc	ram:20001b00	READ
ram:0004b5de	ram:20001b00	READ
ram:0004b5f2	ram:20001b00	READ
ram:0004b60a	ram:0004b626	CONDITIONAL_JUMP
ram:0004b614	ram:20001b00	READ
ram:0004b624	ram:0004b50c	UNCONDITIONAL_JUMP
ram:0004b62c	ram:20001b00	READ
ram:0004b636	ram:0004b558	UNCONDITIONAL_JUMP
ram:0004b642	ram:20001afc	WRITE
ram:0004b646	ram:20001afc	PARAM
ram:0004b64a	ram:00043b3e	UNCONDITIONAL_CALL
ram:0004b64e	ram:0004b5a6	CONDITIONAL_JUMP
ram:0004b652	ram:0004b5a6	UNCONDITIONAL_JUMP
ram:0004b662	ram:0004b682	CONDITIONAL_JUMP
ram:0004b664	ram:0004a2ae	UNCONDITIONAL_CALL
ram:0004b66e	ram:0004df46	UNCONDITIONAL_CALL
ram:0004b674	ram:0004b67e	CONDITIONAL_JUMP
ram:0004b67a	ram:0004b6b4	CONDITIONAL_JUMP
ram:0004b680	ram:0004b6b4	UNCONDITIONAL_JUMP
ram:0004b686	ram:0004b69c	CONDITIONAL_JUMP
ram:0004b688	ram:0004a2ae	UNCONDITIONAL_CALL
ram:0004b698	ram:0004df46	UNCONDITIONAL_CALL
ram:0004b6a0	ram:0004b6aa	CONDITIONAL_JUMP
ram:0004b6a2	ram:0004a2ae	UNCONDITIONAL_CALL
ram:0004b6a8	ram:0004b68e	UNCONDITIONAL_JUMP
ram:0004b6d4	ram:0004b6dc	CONDITIONAL_JUMP
ram:0004b6da	ram:0004b722	UNCONDITIONAL_JUMP
ram:0004b6fe	ram:0004a684	UNCONDITIONAL_CALL
ram:0004b702	ram:0004b732	CONDITIONAL_JUMP
ram:0004b73c	ram:0004b654	UNCONDITIONAL_CALL
ram:0004b740	ram:0004b760	CONDITIONAL_JUMP
ram:0004b75e	ram:0004b722	UNCONDITIONAL_JUMP
ram:0004b768	ram:0004b6d0	UNCONDITIONAL_JUMP
ram:0004b77a	ram:0004a684	UNCONDITIONAL_CALL
ram:0004b77e	ram:0004b796	CONDITIONAL_JUMP
ram:0004b78a	ram:0004b654	UNCONDITIONAL_CALL
ram:0004b798	ram:0004b78e	UNCONDITIONAL_JUMP
ram:0004b7be	ram:000432b0	UNCONDITIONAL_CALL
ram:0004b7d6	ram:0004aaf8	UNCONDITIONAL_CALL
ram:0004b7fe	ram:0004b9a0	CONDITIONAL_JUMP
ram:0004b80e	ram:0004b654	UNCONDITIONAL_CALL
ram:0004b814	ram:0004b996	CONDITIONAL_JUMP
ram:0004b81c	ram:20001a44	READ
ram:0004b82c	ram:20001a3a	PARAM
ram:0004b832	ram:0004b062	UNCONDITIONAL_CALL
ram:0004b840	ram:0004b996	CONDITIONAL_JUMP
ram:0004b844	ram:0004b886	CONDITIONAL_JUMP
ram:0004b846	ram:20001a3a	READ
ram:0004b84a	ram:20001afe	READ
ram:0004b850	ram:0004b85e	CONDITIONAL_JUMP
ram:0004b85a	ram:0004b8ce	CONDITIONAL_JUMP
ram:0004b862	ram:20001afc	PARAM
ram:0004b866	ram:20001afe	READ
ram:0004b86e	ram:20001afc	PARAM
ram:0004b876	ram:20001afc	WRITE
ram:0004b87a	ram:00043d16	UNCONDITIONAL_CALL
ram:0004b880	ram:0004b8a4	CONDITIONAL_JUMP
ram:0004b884	ram:0004b8a4	UNCONDITIONAL_JUMP
ram:0004b892	ram:00048be6	UNCONDITIONAL_CALL
ram:0004b896	ram:20001b00	WRITE
ram:0004b898	ram:0004b8c4	CONDITIONAL_JUMP
ram:0004b8c4	ram:20001a3a	READ
ram:0004b8ca	ram:20001afe	WRITE
ram:0004b8ce	ram:20001b00	READ
ram:0004b8e6	ram:20001b00	READ
ram:0004b900	ram:0004afa0	UNCONDITIONAL_CALL
ram:0004b908	ram:20001b00	READ
ram:0004b920	ram:0004b960	CONDITIONAL_JUMP
ram:0004b928	ram:20001b00	READ
ram:0004b92a	ram:20001a44	READ
ram:0004b934	ram:20001b00	READ
ram:0004b936	ram:20001a3a	READ
ram:0004b940	ram:200001dc	COMPUTED_CALL
ram:0004b944	ram:20001a3a	READ
ram:0004b94e	ram:0004b85e	CONDITIONAL_JUMP
ram:0004b958	ram:0004b8a4	CONDITIONAL_JUMP
ram:0004b95e	ram:0004b8a4	UNCONDITIONAL_JUMP
ram:0004b964	ram:20001a44	READ
ram:0004b96c	ram:20001b00	READ
ram:0004b97a	ram:20001b00	READ
ram:0004b97c	ram:20001a3a	READ
ram:0004b986	ram:200001dc	COMPUTED_CALL
ram:0004b98a	ram:20001a3a	READ
ram:0004b994	ram:0004b7fe	UNCONDITIONAL_JUMP
ram:0004b99e	ram:0004b94e	UNCONDITIONAL_JUMP
ram:0004b9a2	ram:0004b94e	UNCONDITIONAL_JUMP
ram:0004b9cc	ram:000432b0	UNCONDITIONAL_CALL
ram:0004b9f0	ram:0004bb42	CONDITIONAL_JUMP
ram:0004ba06	ram:0004aaf8	UNCONDITIONAL_CALL
ram:0004ba0c	ram:0004bb42	CONDITIONAL_JUMP
ram:0004ba20	ram:0004b654	UNCONDITIONAL_CALL
ram:0004ba24	ram:0004bb4c	CONDITIONAL_JUMP
ram:0004ba2c	ram:20001a44	READ
ram:0004ba3c	ram:20001a3a	PARAM
ram:0004ba42	ram:0004b062	UNCONDITIONAL_CALL
ram:0004ba4a	ram:20001a44	PARAM
ram:0004ba4e	ram:0004bb4c	CONDITIONAL_JUMP
ram:0004ba52	ram:0004ba88	CONDITIONAL_JUMP
ram:0004ba54	ram:20001a3a	READ
ram:0004ba58	ram:20001afe	READ
ram:0004ba5e	ram:0004bad6	CONDITIONAL_JUMP
ram:0004ba66	ram:20001afc	PARAM
ram:0004ba6a	ram:20001afe	READ
ram:0004ba72	ram:20001afc	PARAM
ram:0004ba7a	ram:20001afc	WRITE
ram:0004ba7e	ram:00043bda	UNCONDITIONAL_CALL
ram:0004ba82	ram:0004baae	CONDITIONAL_JUMP
ram:0004ba86	ram:0004baae	UNCONDITIONAL_JUMP
ram:0004ba96	ram:00048be6	UNCONDITIONAL_CALL
ram:0004ba9e	ram:20001b00	WRITE
ram:0004baa2	ram:20001a44	PARAM
ram:0004baa6	ram:0004bacc	CONDITIONAL_JUMP
ram:0004bacc	ram:20001a3a	READ
ram:0004bad2	ram:20001afe	WRITE
ram:0004bad6	ram:20001a3a	READ
ram:0004badc	ram:0004bb42	CONDITIONAL_JUMP
ram:0004bae0	ram:20001b00	READ
ram:0004baf8	ram:20001b00	READ
ram:0004bb06	ram:20001a44	READ
ram:0004bb14	ram:20001b00	READ
ram:0004bb18	ram:20001a3a	READ
ram:0004bb22	ram:200001dc	COMPUTED_CALL
ram:0004bb26	ram:20001a3a	READ
ram:0004bb34	ram:0004b9f0	CONDITIONAL_JUMP
ram:0004bb40	ram:0004b9f0	UNCONDITIONAL_JUMP
ram:0004bb44	ram:0004ba62	CONDITIONAL_JUMP
ram:0004bb4a	ram:0004baae	UNCONDITIONAL_JUMP
ram:0004bb4c	ram:0004bb46	CONDITIONAL_JUMP
ram:0004bb4e	ram:0004ba62	UNCONDITIONAL_JUMP
ram:0004bb54	ram:0004bb5c	CONDITIONAL_JUMP
ram:0004bb66	Stack[-0x10]	DATA
ram:0004bb76	ram:0006c65c	PARAM
ram:0004bb7a	ram:00043166	UNCONDITIONAL_CALL
ram:0004bb7e	ram:0004bb94	CONDITIONAL_JUMP
ram:0004bb8c	ram:0004bbba	CONDITIONAL_JUMP
ram:0004bb92	ram:0004bbac	UNCONDITIONAL_JUMP
ram:0004bba0	ram:0006c660	PARAM
ram:0004bba4	ram:00043166	UNCONDITIONAL_CALL
ram:0004bba8	ram:0004bb80	CONDITIONAL_JUMP
ram:0004bbb2	Stack[-0x10]	DATA
ram:0004bbbe	ram:200019c0	READ
ram:0004bbc8	ram:0004bbac	CONDITIONAL_JUMP
ram:0004bbd2	ram:0004bbac	CONDITIONAL_JUMP
ram:0004bbe2	ram:20000040	COMPUTED_CALL
ram:0004bbea	ram:0004bbac	CONDITIONAL_JUMP
ram:0004bbf4	ram:20000214	COMPUTED_CALL
ram:0004bbfc	ram:200019c0	READ
ram:0004bc0c	ram:0004bc42	CONDITIONAL_JUMP
ram:0004bc16	ram:0004bc1c	CONDITIONAL_JUMP
ram:0004bc18	ram:200019c0	WRITE
ram:0004bc2c	ram:200001dc	COMPUTED_CALL
ram:0004bc38	ram:20001a48	READ
ram:0004bc3a	ram:0004bc56	CONDITIONAL_JUMP
ram:0004bc3c	ram:20001a48	WRITE
ram:0004bc40	ram:0004bbac	UNCONDITIONAL_JUMP
ram:0004bc52	ram:0004bc04	UNCONDITIONAL_JUMP
ram:0004bc58	ram:0004bc54	CONDITIONAL_JUMP
ram:0004bc5c	ram:0004bbac	UNCONDITIONAL_JUMP
ram:0004bc68	ram:0004bc7a	CONDITIONAL_JUMP
ram:0004bc8a	ram:0004bb50	UNCONDITIONAL_CALL
ram:0004bc90	ram:0004bc6c	CONDITIONAL_JUMP
ram:0004bc92	ram:0004bc6c	CONDITIONAL_JUMP
ram:0004bc9a	ram:0004bc6a	CONDITIONAL_JUMP
ram:0004bca8	ram:20000040	COMPUTED_CALL
ram:0004bcac	ram:0004bcd8	CONDITIONAL_JUMP
ram:0004bcc6	ram:20001a54	READ
ram:0004bcc8	ram:0004bcd0	CONDITIONAL_JUMP
ram:0004bcca	ram:20001a54	WRITE
ram:0004bccc	ram:0004bc6c	UNCONDITIONAL_JUMP
ram:0004bcd2	ram:0004bcce	CONDITIONAL_JUMP
ram:0004bcd6	ram:0004bc6c	UNCONDITIONAL_JUMP
ram:0004bcda	ram:0004bc6c	UNCONDITIONAL_JUMP
ram:0004bce0	ram:20001a3c	PARAM
ram:0004bce4	ram:20001a3c	READ
ram:0004bce8	ram:0004bd0c	CONDITIONAL_JUMP
ram:0004bcec	ram:20001a3c	WRITE
ram:0004bcf2	ram:0004bd0c	CONDITIONAL_JUMP
ram:0004bcfc	ram:20001994	PARAM
ram:0004bd04	ram:20001954	PARAM
ram:0004bd08	ram:0004bc5e	UNCONDITIONAL_CALL
ram:0004bd14	ram:200019b5	WRITE
ram:0004bd1e	ram:0004bd28	CONDITIONAL_JUMP
ram:0004bd24	ram:00049e22	UNCONDITIONAL_CALL
ram:0004bd2c	ram:00049dc2	UNCONDITIONAL_CALL
ram:0004bd30	ram:0004bd3c	CONDITIONAL_JUMP
ram:0004bd50	ram:0004bd96	CONDITIONAL_JUMP
ram:0004bd56	ram:0004a124	UNCONDITIONAL_CALL
ram:0004bd5a	ram:0004bdb0	CONDITIONAL_JUMP
ram:0004bd6c	ram:0006c644	PARAM
ram:0004bd72	ram:0004aaf8	UNCONDITIONAL_CALL
ram:0004bd7a	ram:0004bda4	CONDITIONAL_JUMP
ram:0004bd80	ram:0004bd1a	UNCONDITIONAL_CALL
ram:0004bd8e	ram:0004afa0	UNCONDITIONAL_CALL
ram:0004bd94	ram:0004bd7a	UNCONDITIONAL_JUMP
ram:0004bd98	ram:0004bda4	CONDITIONAL_JUMP
ram:0004bd9e	ram:0004e14a	UNCONDITIONAL_CALL
ram:0004bda2	ram:0004bd54	CONDITIONAL_JUMP
ram:0004bdb0	ram:0004a0d4	UNCONDITIONAL_CALL
ram:0004bdb4	ram:0004bd5c	UNCONDITIONAL_JUMP
ram:0004bdc4	ram:20001d55	READ
ram:0004bdd0	ram:20002000	PARAM
ram:0004bdd4	ram:20002000	PARAM
ram:0004bdde	ram:20001a4c	WRITE
ram:0004bde2	ram:20001a50	WRITE
ram:0004bde6	ram:20001a40	WRITE
ram:0004bdea	ram:0004be7c	CONDITIONAL_JUMP
ram:0004be0c	ram:20000040	COMPUTED_CALL
ram:0004be10	ram:20001d55	READ
ram:0004be1e	ram:20001a4c	WRITE
ram:0004be26	ram:20000214	COMPUTED_CALL
ram:0004be2a	ram:20001a4c	READ
ram:0004be2c	ram:20001d55	READ
ram:0004be38	ram:0004beb0	CONDITIONAL_JUMP
ram:0004be4c	ram:20001a50	WRITE
ram:0004be66	ram:0004be52	CONDITIONAL_JUMP
ram:0004be78	ram:20001a40	WRITE
ram:0004be80	ram:0004a48c	PARAM
ram:0004be84	ram:00048b82	UNCONDITIONAL_CALL
ram:0004be8c	ram:0004a65c	PARAM
ram:0004be90	ram:000431d6	UNCONDITIONAL_CALL
ram:0004be98	ram:0004a3f4	PARAM
ram:0004be9c	ram:0004e0bc	UNCONDITIONAL_CALL
ram:0004bec2	ram:0004beb8	CONDITIONAL_JUMP
ram:0004becc	ram:0004be38	UNCONDITIONAL_JUMP
ram:0004bed6	ram:000481c8	UNCONDITIONAL_CALL
ram:0004beda	ram:00049e46	UNCONDITIONAL_CALL
ram:0004bee2	ram:200019b4	WRITE
ram:0004bee6	ram:20002000	PARAM
ram:0004beea	ram:20001a40	READ
ram:0004beee	ram:00049e22	UNCONDITIONAL_CALL
ram:0004bef2	ram:20002000	PARAM
ram:0004bef6	ram:200019c2	WRITE
ram:0004bf02	ram:0004bd42	PARAM
ram:0004bf08	ram:0004e0bc	UNCONDITIONAL_CALL
ram:0004bf12	ram:0004c258	CONDITIONAL_JUMP
ram:0004bf16	ram:20002000	PARAM
ram:0004bf1a	ram:200019b4	READ
ram:0004bf32	ram:00041cba	UNCONDITIONAL_CALL
ram:0004bf38	ram:0004bf8a	CONDITIONAL_JUMP
ram:0004bf42	ram:0004bf84	CONDITIONAL_JUMP
ram:0004bf54	ram:20001a44	READ
ram:0004bf5a	ram:0004bfa4	CONDITIONAL_JUMP
ram:0004bf5c	ram:0004c74c	UNCONDITIONAL_CALL
ram:0004bf6a	ram:20000040	COMPUTED_CALL
ram:0004bf6e	ram:20001a44	WRITE
ram:0004bf70	ram:0004bfa4	CONDITIONAL_JUMP
ram:0004bf76	ram:0004bf84	CONDITIONAL_JUMP
ram:0004bf80	ram:000491bc	UNCONDITIONAL_CALL
ram:0004bf86	ram:00041c48	UNCONDITIONAL_CALL
ram:0004bfac	ram:20001afc	PARAM
ram:0004bfb4	ram:20000214	COMPUTED_CALL
ram:0004bfc8	ram:0004c030	CONDITIONAL_JUMP
ram:0004bfcc	ram:0004c74c	UNCONDITIONAL_CALL
ram:0004bfd0	ram:20001afc	WRITE
ram:0004bfd8	ram:20001afc	PARAM
ram:0004bfdc	ram:00043a2c	UNCONDITIONAL_CALL
ram:0004bfe4	ram:20001afc	READ
ram:0004bfec	ram:0004c008	CONDITIONAL_JUMP
ram:0004bfee	ram:0004bff6	CONDITIONAL_JUMP
ram:0004bffc	ram:00048b8c	UNCONDITIONAL_CALL
ram:0004c002	ram:000488b8	UNCONDITIONAL_CALL
ram:0004c006	ram:0004bf72	UNCONDITIONAL_JUMP
ram:0004c008	ram:0004c010	CONDITIONAL_JUMP
ram:0004c016	ram:20001afc	PARAM
ram:0004c01e	ram:20001afc	WRITE
ram:0004c022	ram:00048a38	UNCONDITIONAL_CALL
ram:0004c028	ram:0004c000	CONDITIONAL_JUMP
ram:0004c02a	ram:20001afc	PARAM
ram:0004c02e	ram:0004c0f2	UNCONDITIONAL_JUMP
ram:0004c032	ram:0004c066	CONDITIONAL_JUMP
ram:0004c03c	ram:0004b4ae	UNCONDITIONAL_CALL
ram:0004c042	ram:0004c000	CONDITIONAL_JUMP
ram:0004c046	ram:0004c132	CONDITIONAL_JUMP
ram:0004c056	ram:20001afc	PARAM
ram:0004c05c	ram:00048a38	UNCONDITIONAL_CALL
ram:0004c062	ram:0004c000	CONDITIONAL_JUMP
ram:0004c064	ram:0004c02a	UNCONDITIONAL_JUMP
ram:0004c068	ram:0004c078	CONDITIONAL_JUMP
ram:0004c072	ram:0004b9a4	UNCONDITIONAL_CALL
ram:0004c076	ram:0004c040	UNCONDITIONAL_JUMP
ram:0004c07a	ram:0004c0f8	CONDITIONAL_JUMP
ram:0004c084	ram:0004a684	UNCONDITIONAL_CALL
ram:0004c08a	ram:0004c1e4	CONDITIONAL_JUMP
ram:0004c09e	ram:00048be6	UNCONDITIONAL_CALL
ram:0004c0a2	ram:20001b00	WRITE
ram:0004c0a6	ram:0004c128	CONDITIONAL_JUMP
ram:0004c0ba	ram:20001afc	PARAM
ram:0004c0c0	ram:0004b062	UNCONDITIONAL_CALL
ram:0004c0c6	ram:0004c1c2	CONDITIONAL_JUMP
ram:0004c0ce	ram:20001afc	PARAM
ram:0004c0d2	ram:00043c38	UNCONDITIONAL_CALL
ram:0004c0d6	ram:0004c000	CONDITIONAL_JUMP
ram:0004c0dc	ram:20001afc	PARAM
ram:0004c0e4	ram:00048a38	UNCONDITIONAL_CALL
ram:0004c0e8	ram:0004c000	CONDITIONAL_JUMP
ram:0004c0ee	ram:20001afc	PARAM
ram:0004c0f2	ram:000491bc	UNCONDITIONAL_CALL
ram:0004c0f6	ram:0004c000	UNCONDITIONAL_JUMP
ram:0004c0fa	ram:0004c1f0	CONDITIONAL_JUMP
ram:0004c104	ram:0004a684	UNCONDITIONAL_CALL
ram:0004c10a	ram:0004c1e4	CONDITIONAL_JUMP
ram:0004c11c	ram:00048be6	UNCONDITIONAL_CALL
ram:0004c120	ram:20001b00	WRITE
ram:0004c126	ram:0004c178	CONDITIONAL_JUMP
ram:0004c138	ram:0004c000	CONDITIONAL_JUMP
ram:0004c144	ram:20001afc	PARAM
ram:0004c148	ram:20001afc	WRITE
ram:0004c150	ram:20001b00	WRITE
ram:0004c154	ram:20001afe	WRITE
ram:0004c158	ram:00043428	UNCONDITIONAL_CALL
ram:0004c15c	ram:0004c000	CONDITIONAL_JUMP
ram:0004c164	ram:20001afc	PARAM
ram:0004c16c	ram:00048a38	UNCONDITIONAL_CALL
ram:0004c170	ram:0004c000	CONDITIONAL_JUMP
ram:0004c176	ram:0004c02a	UNCONDITIONAL_JUMP
ram:0004c18e	ram:20001afc	PARAM
ram:0004c192	ram:0004b062	UNCONDITIONAL_CALL
ram:0004c198	ram:0004c1c2	CONDITIONAL_JUMP
ram:0004c19e	ram:20001afc	PARAM
ram:0004c1a2	ram:00043c94	UNCONDITIONAL_CALL
ram:0004c1a6	ram:0004c000	CONDITIONAL_JUMP
ram:0004c1b0	ram:20001afc	PARAM
ram:0004c1b6	ram:00048a38	UNCONDITIONAL_CALL
ram:0004c1bc	ram:0004c000	CONDITIONAL_JUMP
ram:0004c1c0	ram:0004c02a	UNCONDITIONAL_JUMP
ram:0004c1c4	ram:0004c1ca	CONDITIONAL_JUMP
ram:0004c1ca	ram:20001b00	READ
ram:0004c1d2	ram:20000104	COMPUTED_CALL
ram:0004c1d6	ram:0004c000	CONDITIONAL_JUMP
ram:0004c1e2	ram:0004c132	UNCONDITIONAL_JUMP
ram:0004c1ee	ram:0004c132	UNCONDITIONAL_JUMP
ram:0004c1f2	ram:0004c202	CONDITIONAL_JUMP
ram:0004c1fc	ram:0004b34c	UNCONDITIONAL_CALL
ram:0004c200	ram:0004c040	UNCONDITIONAL_JUMP
ram:0004c204	ram:0004c214	CONDITIONAL_JUMP
ram:0004c20e	ram:0004b79a	UNCONDITIONAL_CALL
ram:0004c212	ram:0004c040	UNCONDITIONAL_JUMP
ram:0004c216	ram:0004c22a	CONDITIONAL_JUMP
ram:0004c224	ram:0004a9a4	UNCONDITIONAL_CALL
ram:0004c228	ram:0004c040	UNCONDITIONAL_JUMP
ram:0004c22c	ram:0004c246	CONDITIONAL_JUMP
ram:0004c236	ram:0004a896	UNCONDITIONAL_CALL
ram:0004c23c	ram:0004c044	CONDITIONAL_JUMP
ram:0004c244	ram:0004c000	UNCONDITIONAL_JUMP
ram:0004c248	ram:0004c000	CONDITIONAL_JUMP
ram:0004c252	ram:0004a778	UNCONDITIONAL_CALL
ram:0004c256	ram:0004c040	UNCONDITIONAL_JUMP
ram:0004c25c	ram:0004c33e	CONDITIONAL_JUMP
ram:0004c278	ram:0004e14a	UNCONDITIONAL_CALL
ram:0004c27e	ram:0004c2ac	CONDITIONAL_JUMP
ram:0004c288	ram:20001a60	READ
ram:0004c28c	ram:20001a61	READ
ram:0004c292	ram:0004c298	CONDITIONAL_JUMP
ram:0004c29c	ram:20001a58	READ
ram:0004c2a6	ram:0004c2c0	CONDITIONAL_JUMP
ram:0004c2c8	ram:0004c2d2	CONDITIONAL_JUMP
ram:0004c2d0	ram:0004c2a6	UNCONDITIONAL_JUMP
ram:0004c2d2	ram:0004c332	CONDITIONAL_JUMP
ram:0004c2e2	ram:20000040	COMPUTED_CALL
ram:0004c2ea	ram:0004c2aa	CONDITIONAL_JUMP
ram:0004c2fa	ram:20000214	COMPUTED_CALL
ram:0004c30a	ram:0004c338	CONDITIONAL_JUMP
ram:0004c314	ram:20001cc4	READ
ram:0004c330	ram:0004c2ac	UNCONDITIONAL_JUMP
ram:0004c336	ram:0004c302	UNCONDITIONAL_JUMP
ram:0004c33c	ram:0004c32a	UNCONDITIONAL_JUMP
ram:0004c348	ram:20001a60	READ
ram:0004c350	ram:20001a58	READ
ram:0004c356	ram:0004c360	CONDITIONAL_JUMP
ram:0004c366	ram:0004c36c	CONDITIONAL_JUMP
ram:0004c368	ram:0004c35c	CONDITIONAL_JUMP
ram:0004c374	ram:0004c356	UNCONDITIONAL_JUMP
ram:0004c37a	ram:20001a60	READ
ram:0004c382	ram:20001a58	READ
ram:0004c388	ram:0004c392	CONDITIONAL_JUMP
ram:0004c398	ram:0004c3a2	CONDITIONAL_JUMP
ram:0004c39e	ram:0004c38e	CONDITIONAL_JUMP
ram:0004c3aa	ram:0004c388	UNCONDITIONAL_JUMP
ram:0004c3b0	ram:20001a63	READ
ram:0004c3b8	ram:20001cc4	READ
ram:0004c3be	ram:0004c3c8	CONDITIONAL_JUMP
ram:0004c3ce	ram:0004c3d4	CONDITIONAL_JUMP
ram:0004c3d0	ram:0004c3c4	CONDITIONAL_JUMP
ram:0004c3dc	ram:0004c3be	UNCONDITIONAL_JUMP
ram:0004c3e2	ram:20001a61	READ
ram:0004c3ea	ram:20001a58	READ
ram:0004c3f0	ram:0004c3fa	CONDITIONAL_JUMP
ram:0004c400	ram:0004c416	CONDITIONAL_JUMP
ram:0004c406	ram:0004c416	CONDITIONAL_JUMP
ram:0004c40c	ram:0004c416	CONDITIONAL_JUMP
ram:0004c412	ram:0004c3f6	CONDITIONAL_JUMP
ram:0004c41e	ram:0004c3f0	UNCONDITIONAL_JUMP
ram:0004c42c	ram:0004c450	CONDITIONAL_JUMP
ram:0004c430	ram:0004c43a	CONDITIONAL_JUMP
ram:0004c436	ram:20000104	COMPUTED_CALL
ram:0004c43c	ram:0004c446	CONDITIONAL_JUMP
ram:0004c442	ram:20000104	COMPUTED_CALL
ram:0004c44c	ram:20000104	COMPUTED_CALL
ram:0004c45a	ram:20000214	COMPUTED_CALL
ram:0004c47c	ram:0004ddde	UNCONDITIONAL_CALL
ram:0004c486	ram:0004d36e	UNCONDITIONAL_CALL
ram:0004c492	ram:0004c420	UNCONDITIONAL_CALL
ram:0004c496	ram:0004c4c0	CONDITIONAL_JUMP
ram:0004c4a4	ram:0004c4b8	CONDITIONAL_JUMP
ram:0004c4a8	ram:0004d3ac	UNCONDITIONAL_CALL
ram:0004c4b4	ram:0004c420	UNCONDITIONAL_CALL
ram:0004c4de	ram:20001cd6	DATA
ram:0004c4e2	ram:0004c512	CONDITIONAL_JUMP
ram:0004c4e6	ram:20001cd0	DATA
ram:0004c4e8	ram:0004c512	CONDITIONAL_JUMP
ram:0004c4f2	ram:0004c4fe	CONDITIONAL_JUMP
ram:0004c4fa	ram:0004c512	CONDITIONAL_JUMP
ram:0004c502	ram:20000104	COMPUTED_CALL
ram:0004c50e	ram:20001cd0	DATA
ram:0004c532	ram:20000214	COMPUTED_CALL
ram:0004c536	ram:0004c596	CONDITIONAL_JUMP
ram:0004c544	ram:20001cc4	READ
ram:0004c562	ram:20001a5e	READ
ram:0004c5a4	ram:20001a60	READ
ram:0004c5ac	ram:20001cc4	READ
ram:0004c5b4	ram:20001a58	READ
ram:0004c5bc	ram:0004c5c4	CONDITIONAL_JUMP
ram:0004c5c8	ram:0004c5e0	CONDITIONAL_JUMP
ram:0004c5cc	ram:0004c5e0	CONDITIONAL_JUMP
ram:0004c5d6	ram:0004c5e0	CONDITIONAL_JUMP
ram:0004c5e8	ram:0004c5bc	UNCONDITIONAL_JUMP
ram:0004c5fc	ram:0004c496	PARAM
ram:0004c600	ram:00042362	UNCONDITIONAL_CALL
ram:0004c610	ram:00042494	UNCONDITIONAL_CALL
ram:0004c62e	Stack[-0x20]	DATA
ram:0004c644	ram:20001a61	READ
ram:0004c648	ram:0004c692	CONDITIONAL_JUMP
ram:0004c64c	ram:0004c67e	CONDITIONAL_JUMP
ram:0004c65c	ram:20001a60	READ
ram:0004c660	ram:0004c6ce	CONDITIONAL_JUMP
ram:0004c676	ram:0004c4c2	UNCONDITIONAL_CALL
ram:0004c67a	ram:0004c668	CONDITIONAL_JUMP
ram:0004c68c	Stack[-0x20]	DATA
ram:0004c692	ram:20001a58	READ
ram:0004c6a0	ram:0004c6c6	CONDITIONAL_JUMP
ram:0004c6a6	ram:0004c6c6	CONDITIONAL_JUMP
ram:0004c6aa	ram:0004c6b6	CONDITIONAL_JUMP
ram:0004c6b2	ram:0004ddde	UNCONDITIONAL_CALL
ram:0004c6bc	ram:0004d36e	UNCONDITIONAL_CALL
ram:0004c6c2	ram:0004c420	UNCONDITIONAL_CALL
ram:0004c6cc	ram:0004c644	UNCONDITIONAL_JUMP
ram:0004c6ce	ram:20001a58	READ
ram:0004c6dc	ram:0004c702	CONDITIONAL_JUMP
ram:0004c6e2	ram:0004c702	CONDITIONAL_JUMP
ram:0004c6ea	ram:0004c702	CONDITIONAL_JUMP
ram:0004c6f0	ram:0004c604	UNCONDITIONAL_CALL
ram:0004c6f8	ram:0004d3ac	UNCONDITIONAL_CALL
ram:0004c6fe	ram:0004c420	UNCONDITIONAL_CALL
ram:0004c708	ram:0004c65c	UNCONDITIONAL_JUMP
ram:0004c70e	ram:0004c744	CONDITIONAL_JUMP
ram:0004c71c	ram:0004c72e	CONDITIONAL_JUMP
ram:0004c72a	ram:0004c622	UNCONDITIONAL_CALL
ram:0004c730	ram:0004c73c	CONDITIONAL_JUMP
ram:0004c736	ram:0004e14a	UNCONDITIONAL_CALL
ram:0004c73a	ram:0004c720	CONDITIONAL_JUMP
ram:0004c748	ram:0004c622	UNCONDITIONAL_CALL
ram:0004c750	ram:20001a5e	READ
ram:0004c75a	ram:20001a5c	READ
ram:0004c76c	ram:0004c77c	CONDITIONAL_JUMP
ram:0004c778	ram:00052522	UNCONDITIONAL_CALL
ram:0004c784	ram:0004c7dc	CONDITIONAL_JUMP
ram:0004c7e2	ram:0004c80a	CONDITIONAL_JUMP
ram:0004c81a	ram:0004c83a	CONDITIONAL_JUMP
ram:0004c82e	ram:20001cce	DATA
ram:0004c832	ram:20001ccc	DATA
ram:0004c848	ram:0004c850	CONDITIONAL_JUMP
ram:0004c852	ram:20001a5e	WRITE
ram:0004c85a	ram:20001a62	WRITE
ram:0004c862	ram:20001a64	WRITE
ram:0004c87c	ram:20000040	COMPUTED_CALL
ram:0004c880	ram:0004c88c	CONDITIONAL_JUMP
ram:0004c888	ram:00041bf2	UNCONDITIONAL_CALL
ram:0004c896	ram:20001a62	WRITE
ram:0004c8a0	ram:20001a5c	WRITE
ram:0004c8a8	ram:20001cc9	WRITE
ram:0004c8b0	ram:20001a65	WRITE
ram:0004c8ba	ram:20001a5e	WRITE
ram:0004c8be	ram:20002000	PARAM
ram:0004c8c2	ram:20001cc8	WRITE
ram:0004c8d0	ram:20001ccc	PARAM
ram:0004c8f4	ram:20001a60	WRITE
ram:0004c8f8	ram:20001a61	WRITE
ram:0004c8fc	ram:20001a58	WRITE
ram:0004c900	ram:20001a63	WRITE
ram:0004c90c	ram:20000214	COMPUTED_CALL
ram:0004c910	ram:0004de6a	UNCONDITIONAL_CALL
ram:0004c914	ram:20001cfc	READ
ram:0004c924	ram:0004c960	CONDITIONAL_JUMP
ram:0004c932	ram:20000040	COMPUTED_CALL
ram:0004c936	ram:20002000	PARAM
ram:0004c93a	ram:20001cc4	WRITE
ram:0004c93e	ram:0004c960	CONDITIONAL_JUMP
ram:0004c940	ram:20001cfc	READ
ram:0004c948	ram:20001cfd	READ
ram:0004c94c	ram:20001a63	WRITE
ram:0004c954	ram:20001a61	WRITE
ram:0004c95c	ram:20000214	COMPUTED_CALL
ram:0004c964	ram:20001d54	READ
ram:0004c968	ram:20001a61	READ
ram:0004c978	ram:20001a60	WRITE
ram:0004c982	ram:20000040	COMPUTED_CALL
ram:0004c986	ram:20001a58	WRITE
ram:0004c98a	ram:0004c9d6	CONDITIONAL_JUMP
ram:0004c98c	ram:20001a60	READ
ram:0004c998	ram:20000214	COMPUTED_CALL
ram:0004c99c	ram:20001a58	READ
ram:0004c9a0	ram:20001a60	READ
ram:0004c9aa	ram:0004c9c8	CONDITIONAL_JUMP
ram:0004c9be	ram:0004c70a	PARAM
ram:0004c9c4	ram:0004e0bc	UNCONDITIONAL_CALL
ram:0004c9d4	ram:0004c9aa	UNCONDITIONAL_JUMP
ram:0004c9d6	ram:20001a60	WRITE
ram:0004c9da	ram:20001a61	WRITE
ram:0004c9de	ram:0004c9ae	UNCONDITIONAL_JUMP
ram:0004c9ec	Stack[-0x10]	DATA
ram:0004c9f2	ram:0004ca94	CONDITIONAL_JUMP
ram:0004c9fa	ram:20001cc8	READ
ram:0004c9fe	ram:00041cba	UNCONDITIONAL_CALL
ram:0004ca04	ram:0004ca5e	CONDITIONAL_JUMP
ram:0004ca0e	ram:0004ca58	CONDITIONAL_JUMP
ram:0004ca18	ram:0004ca90	CONDITIONAL_JUMP
ram:0004ca24	ram:20001bcb	READ
ram:0004ca2c	ram:20001a62	READ
ram:0004ca38	ram:20001a62	PARAM
ram:0004ca3e	ram:0004ca6e	CONDITIONAL_JUMP
ram:0004ca42	ram:0004ca48	CONDITIONAL_JUMP
ram:0004ca44	ram:20001a62	WRITE
ram:0004ca48	ram:20001a62	READ
ram:0004ca4c	ram:0004ca58	CONDITIONAL_JUMP
ram:0004ca4e	ram:20001cc8	READ
ram:0004ca54	ram:00042138	UNCONDITIONAL_CALL
ram:0004ca5a	ram:00041c48	UNCONDITIONAL_CALL
ram:0004ca68	Stack[-0x10]	DATA
ram:0004ca7c	ram:0004ca84	CONDITIONAL_JUMP
ram:0004ca8e	ram:0004ca3e	UNCONDITIONAL_JUMP
ram:0004ca90	ram:0004d0a0	UNCONDITIONAL_CALL
ram:0004ca92	ram:0004ca58	UNCONDITIONAL_JUMP
ram:0004ca9a	ram:0004ca62	CONDITIONAL_JUMP
ram:0004ca9c	ram:0004d99c	UNCONDITIONAL_CALL
ram:0004caa0	ram:0004caba	CONDITIONAL_JUMP
ram:0004caa6	ram:20001a62	READ
ram:0004caaa	ram:0004caba	CONDITIONAL_JUMP
ram:0004caac	ram:20002000	PARAM
ram:0004cab0	ram:20001cc8	READ
ram:0004cab6	ram:00042138	UNCONDITIONAL_CALL
ram:0004cabe	ram:0004ca62	UNCONDITIONAL_JUMP
ram:0004cac4	ram:0004cb1a	CONDITIONAL_JUMP
ram:0004cad8	ram:0004caf0	CONDITIONAL_JUMP
ram:0004caf4	ram:0004cb1c	CONDITIONAL_JUMP
ram:0004cb20	ram:0004cb48	CONDITIONAL_JUMP
ram:0004cb4e	ram:0004cb76	CONDITIONAL_JUMP
ram:0004cb7c	ram:0004cbc4	CONDITIONAL_JUMP
ram:0004cbca	ram:0004cbe2	CONDITIONAL_JUMP
ram:0004cbfc	ram:0004cc20	CONDITIONAL_JUMP
ram:0004cc0e	ram:0004ddcc	UNCONDITIONAL_CALL
ram:0004cc2a	ram:0004cc3a	CONDITIONAL_JUMP
ram:0004cc32	ram:0004cc3a	CONDITIONAL_JUMP
ram:0004cc36	ram:0004cc48	CONDITIONAL_JUMP
ram:0004cc46	ram:0004cc0e	UNCONDITIONAL_JUMP
ram:0004cc4e	ram:0004c3ac	UNCONDITIONAL_CALL
ram:0004cc54	ram:0004ccda	CONDITIONAL_JUMP
ram:0004cc56	ram:0004c5a0	UNCONDITIONAL_CALL
ram:0004cc5e	ram:0004cc70	CONDITIONAL_JUMP
ram:0004cc6a	ram:0004dd24	UNCONDITIONAL_CALL
ram:0004cc6e	ram:0004cc12	UNCONDITIONAL_JUMP
ram:0004cc7a	ram:0004c25c	UNCONDITIONAL_CALL
ram:0004cc7e	ram:0004cc62	CONDITIONAL_JUMP
ram:0004ccae	ram:0004ccde	CONDITIONAL_JUMP
ram:0004ccc2	ram:0004cc64	CONDITIONAL_JUMP
ram:0004ccd4	ram:0004c5ea	UNCONDITIONAL_CALL
ram:0004ccd8	ram:0004cc12	UNCONDITIONAL_JUMP
ram:0004ccdc	ram:0004cc64	UNCONDITIONAL_JUMP
ram:0004cce0	ram:0004cc64	UNCONDITIONAL_JUMP
ram:0004cce4	ram:0004cd3c	CONDITIONAL_JUMP
ram:0004cd6c	ram:0004cd74	CONDITIONAL_JUMP
ram:0004cd7a	ram:0004cd70	CONDITIONAL_JUMP
ram:0004cd9c	ram:0004cdde	CONDITIONAL_JUMP
ram:0004cdb8	ram:0004cdd6	CONDITIONAL_JUMP
ram:0004cdca	ram:00041bf2	UNCONDITIONAL_CALL
ram:0004cdd4	ram:0004cde0	UNCONDITIONAL_JUMP
ram:0004cdd8	ram:0004c344	UNCONDITIONAL_CALL
ram:0004cddc	ram:0004cdbc	CONDITIONAL_JUMP
ram:0004ce06	ram:0004ce7a	CONDITIONAL_JUMP
ram:0004ce10	ram:0004cb1e	UNCONDITIONAL_CALL
ram:0004ce16	ram:0004ce4a	CONDITIONAL_JUMP
ram:0004ce1c	ram:0004c344	UNCONDITIONAL_CALL
ram:0004ce26	ram:0004ce5a	CONDITIONAL_JUMP
ram:0004ce2e	ram:0004dcfc	PARAM
ram:0004ce38	ram:0004da64	UNCONDITIONAL_CALL
ram:0004ce42	ram:0004d36e	UNCONDITIONAL_CALL
ram:0004ce46	ram:0004c420	UNCONDITIONAL_CALL
ram:0004ce5c	Stack[-0x40]	DATA
ram:0004ce74	ram:0004ddcc	UNCONDITIONAL_CALL
ram:0004ce78	ram:0004ce4a	UNCONDITIONAL_JUMP
ram:0004ce7c	ram:0004ceb6	CONDITIONAL_JUMP
ram:0004ce86	ram:0004cb7a	UNCONDITIONAL_CALL
ram:0004ce8c	ram:0004ce4a	CONDITIONAL_JUMP
ram:0004ce96	ram:20001cd8	READ
ram:0004ce9a	ram:0004cea0	CONDITIONAL_JUMP
ram:0004ce9e	ram:0004ce4a	UNCONDITIONAL_JUMP
ram:0004cea8	ram:20001cda	READ
ram:0004ceb2	ram:0004d1f6	UNCONDITIONAL_CALL
ram:0004ceb4	ram:0004ce4a	UNCONDITIONAL_JUMP
ram:0004ceb8	ram:0004ced8	CONDITIONAL_JUMP
ram:0004cec2	ram:0004c782	UNCONDITIONAL_CALL
ram:0004cec8	ram:0004ce4a	CONDITIONAL_JUMP
ram:0004ced2	ram:0004cbe6	UNCONDITIONAL_CALL
ram:0004ced6	ram:0004ce4a	UNCONDITIONAL_JUMP
ram:0004ceda	ram:0004cf40	CONDITIONAL_JUMP
ram:0004cee4	ram:0004c7e0	UNCONDITIONAL_CALL
ram:0004ceea	ram:0004ce4a	CONDITIONAL_JUMP
ram:0004cef2	ram:0004c3de	UNCONDITIONAL_CALL
ram:0004cef6	ram:0004cf2c	CONDITIONAL_JUMP
ram:0004cf0c	ram:0004ce9c	CONDITIONAL_JUMP
ram:0004cf10	ram:0004ce9c	CONDITIONAL_JUMP
ram:0004cf16	ram:20001a62	READ
ram:0004cf1a	ram:0004ce9c	CONDITIONAL_JUMP
ram:0004cf1c	ram:20002000	PARAM
ram:0004cf20	ram:20001cc8	READ
ram:0004cf26	ram:00042138	UNCONDITIONAL_CALL
ram:0004cf2a	ram:0004ce4a	UNCONDITIONAL_JUMP
ram:0004cf2e	Stack[-0x40]	DATA
ram:0004cf3e	ram:0004ce72	UNCONDITIONAL_JUMP
ram:0004cf46	Stack[-0x40]	DATA
ram:0004cf4a	ram:0004ddcc	UNCONDITIONAL_CALL
ram:0004cf4e	ram:0004ce9c	UNCONDITIONAL_JUMP
ram:0004cf6a	ram:0004c376	UNCONDITIONAL_CALL
ram:0004cf70	ram:0004cf88	CONDITIONAL_JUMP
ram:0004cf98	ram:0004cfac	CONDITIONAL_JUMP
ram:0004cfa2	ram:0004cac0	UNCONDITIONAL_CALL
ram:0004cfaa	ram:0004cfd4	UNCONDITIONAL_JUMP
ram:0004cfae	ram:0004cff6	CONDITIONAL_JUMP
ram:0004cfb8	ram:0004cf72	CONDITIONAL_JUMP
ram:0004cfc4	ram:0004cb4c	UNCONDITIONAL_CALL
ram:0004cfca	ram:0004cfd4	CONDITIONAL_JUMP
ram:0004cfd2	ram:0004d36e	UNCONDITIONAL_CALL
ram:0004cfd6	ram:0004c604	UNCONDITIONAL_CALL
ram:0004cfe8	ram:0004d1f6	UNCONDITIONAL_CALL
ram:0004cfea	ram:0004cf74	CONDITIONAL_JUMP
ram:0004cff0	ram:0004c420	UNCONDITIONAL_CALL
ram:0004cff4	ram:0004cf74	UNCONDITIONAL_JUMP
ram:0004cff8	ram:0004d012	CONDITIONAL_JUMP
ram:0004d002	ram:0004cf72	CONDITIONAL_JUMP
ram:0004d00c	ram:0004cbc8	UNCONDITIONAL_CALL
ram:0004d010	ram:0004cfa6	UNCONDITIONAL_JUMP
ram:0004d014	ram:0004cf72	CONDITIONAL_JUMP
ram:0004d01e	ram:0004cf72	CONDITIONAL_JUMP
ram:0004d02a	ram:0004cce2	UNCONDITIONAL_CALL
ram:0004d030	ram:0004cfd4	CONDITIONAL_JUMP
ram:0004d036	ram:0004d09c	CONDITIONAL_JUMP
ram:0004d04a	ram:0004d062	CONDITIONAL_JUMP
ram:0004d054	ram:0004d062	CONDITIONAL_JUMP
ram:0004d05e	ram:0004d07c	CONDITIONAL_JUMP
ram:0004d06c	ram:0004ddde	UNCONDITIONAL_CALL
ram:0004d078	ram:0004d312	UNCONDITIONAL_CALL
ram:0004d07a	ram:0004cfd4	UNCONDITIONAL_JUMP
ram:0004d09a	ram:0004d070	UNCONDITIONAL_JUMP
ram:0004d09e	ram:0004d070	UNCONDITIONAL_JUMP
ram:0004d0b2	ram:0004cd62	UNCONDITIONAL_CALL
ram:0004d0b8	ram:0004d0c6	CONDITIONAL_JUMP
ram:0004d0ba	ram:0004d12e	CONDITIONAL_JUMP
ram:0004d0c0	ram:0004c756	UNCONDITIONAL_CALL
ram:0004d0c4	ram:0004d184	UNCONDITIONAL_JUMP
ram:0004d0cc	ram:0004d142	CONDITIONAL_JUMP
ram:0004d0d6	ram:0004d12e	CONDITIONAL_JUMP
ram:0004d0dc	ram:0004cd40	UNCONDITIONAL_CALL
ram:0004d0e6	ram:0004d0fe	CONDITIONAL_JUMP
ram:0004d0fa	ram:0004ddcc	UNCONDITIONAL_CALL
ram:0004d108	ram:0004d112	CONDITIONAL_JUMP
ram:0004d10e	ram:0004c746	UNCONDITIONAL_CALL
ram:0004d120	ram:0004d13c	CONDITIONAL_JUMP
ram:0004d122	ram:0004cf50	UNCONDITIONAL_CALL
ram:0004d126	ram:0004d12e	CONDITIONAL_JUMP
ram:0004d12a	ram:0004c746	UNCONDITIONAL_CALL
ram:0004d130	ram:0004d0bc	CONDITIONAL_JUMP
ram:0004d136	ram:20000104	COMPUTED_CALL
ram:0004d13a	ram:0004d0bc	UNCONDITIONAL_JUMP
ram:0004d13c	ram:0004cdee	UNCONDITIONAL_CALL
ram:0004d140	ram:0004d126	UNCONDITIONAL_JUMP
ram:0004d144	ram:0004d156	CONDITIONAL_JUMP
ram:0004d152	ram:0004d18e	CONDITIONAL_JUMP
ram:0004d168	ram:20001ccc	DATA
ram:0004d16c	ram:0004d12e	CONDITIONAL_JUMP
ram:0004d16e	ram:20001cce	DATA
ram:0004d176	ram:0004d198	UNCONDITIONAL_CALL
ram:0004d178	ram:0004d12e	CONDITIONAL_JUMP
ram:0004d180	ram:0004d0bc	CONDITIONAL_JUMP
ram:0004d192	ram:0004d4e2	UNCONDITIONAL_CALL
ram:0004d194	ram:0004d12e	CONDITIONAL_JUMP
ram:0004d196	ram:0004d184	UNCONDITIONAL_JUMP
ram:0004d1aa	ram:00041c74	UNCONDITIONAL_CALL
ram:0004d1ae	ram:0004d1f2	CONDITIONAL_JUMP
ram:0004d1c4	ram:0004d1e6	CONDITIONAL_JUMP
ram:0004d1cc	ram:200001dc	COMPUTED_CALL
ram:0004d1d4	ram:00041d24	UNCONDITIONAL_CALL
ram:0004d1ec	ram:20000214	COMPUTED_CALL
ram:0004d1f0	ram:0004d1d0	UNCONDITIONAL_JUMP
ram:0004d1f4	ram:0004d1da	UNCONDITIONAL_JUMP
ram:0004d20e	ram:00041c74	UNCONDITIONAL_CALL
ram:0004d212	ram:0004d266	CONDITIONAL_JUMP
ram:0004d23e	ram:0004d25a	CONDITIONAL_JUMP
ram:0004d246	ram:200001dc	COMPUTED_CALL
ram:0004d256	ram:00041d24	UNCONDITIONAL_CALL
ram:0004d260	ram:20000214	COMPUTED_CALL
ram:0004d264	ram:0004d24a	UNCONDITIONAL_JUMP
ram:0004d27c	ram:0004d2fe	CONDITIONAL_JUMP
ram:0004d28a	ram:0004d2e8	CONDITIONAL_JUMP
ram:0004d292	ram:20001a5e	READ
ram:0004d29a	ram:0004d2a0	CONDITIONAL_JUMP
ram:0004d2b2	ram:0004d2ba	CONDITIONAL_JUMP
ram:0004d2dc	ram:0004d1f6	UNCONDITIONAL_CALL
ram:0004d2f0	ram:20001cc4	READ
ram:0004d2fc	ram:0004d2c2	UNCONDITIONAL_JUMP
ram:0004d30a	ram:20000214	COMPUTED_CALL
ram:0004d310	ram:0004d2c6	UNCONDITIONAL_JUMP
ram:0004d31c	ram:0004d33e	CONDITIONAL_JUMP
ram:0004d330	ram:0004d1f6	UNCONDITIONAL_CALL
ram:0004d348	ram:20000214	COMPUTED_CALL
ram:0004d350	ram:0004d362	CONDITIONAL_JUMP
ram:0004d35e	ram:0004c51c	UNCONDITIONAL_CALL
ram:0004d36c	ram:0004d328	UNCONDITIONAL_JUMP
ram:0004d374	ram:0004d392	CONDITIONAL_JUMP
ram:0004d386	ram:0004d392	CONDITIONAL_JUMP
ram:0004d3a2	ram:0004d1f6	UNCONDITIONAL_CALL
ram:0004d3ba	ram:0004d3e4	CONDITIONAL_JUMP
ram:0004d3ce	ram:0004d1f6	UNCONDITIONAL_CALL
ram:0004d3e0	ram:0004c4c2	UNCONDITIONAL_CALL
ram:0004d3ea	ram:0004d3f8	CONDITIONAL_JUMP
ram:0004d3f0	ram:0004d312	UNCONDITIONAL_CALL
ram:0004d3f6	ram:0004d3d4	UNCONDITIONAL_JUMP
ram:0004d3fa	ram:0004d40a	CONDITIONAL_JUMP
ram:0004d406	ram:0004d36e	UNCONDITIONAL_CALL
ram:0004d428	ram:20001cd0	DATA
ram:0004d42a	ram:0004d440	CONDITIONAL_JUMP
ram:0004d42e	ram:20001cd6	DATA
ram:0004d434	ram:20001cd0	DATA
ram:0004d43a	ram:20001cd4	DATA
ram:0004d454	ram:0004d4b4	CONDITIONAL_JUMP
ram:0004d458	ram:0004d466	CONDITIONAL_JUMP
ram:0004d45e	ram:20000104	COMPUTED_CALL
ram:0004d49c	ram:0004d1f6	UNCONDITIONAL_CALL
ram:0004d4be	ram:20000214	COMPUTED_CALL
ram:0004d4dc	ram:0004d1f6	UNCONDITIONAL_CALL
ram:0004d4e0	ram:0004d4a8	UNCONDITIONAL_JUMP
ram:0004d4fa	ram:0004c344	UNCONDITIONAL_CALL
ram:0004d4fe	ram:0004d504	CONDITIONAL_JUMP
ram:0004d502	ram:0004d580	UNCONDITIONAL_JUMP
ram:0004d508	ram:0004d500	CONDITIONAL_JUMP
ram:0004d50e	ram:0004d500	CONDITIONAL_JUMP
ram:0004d516	ram:0004d644	CONDITIONAL_JUMP
ram:0004d522	ram:20001cc4	READ
ram:0004d538	ram:0004d544	CONDITIONAL_JUMP
ram:0004d540	ram:0004d270	UNCONDITIONAL_CALL
ram:0004d546	ram:0004d5be	CONDITIONAL_JUMP
ram:0004d560	ram:0004d594	CONDITIONAL_JUMP
ram:0004d566	ram:00041bf2	UNCONDITIONAL_CALL
ram:0004d578	ram:0004d198	UNCONDITIONAL_CALL
ram:0004d57e	ram:0004d5be	CONDITIONAL_JUMP
ram:0004d5a0	ram:20000040	COMPUTED_CALL
ram:0004d5ae	ram:00041bf2	UNCONDITIONAL_CALL
ram:0004d5c0	ram:0004d64e	CONDITIONAL_JUMP
ram:0004d5d2	ram:0004d652	CONDITIONAL_JUMP
ram:0004d5da	ram:20001cc4	READ
ram:0004d5e8	ram:0004d646	CONDITIONAL_JUMP
ram:0004d5f4	ram:200001dc	COMPUTED_CALL
ram:0004d60e	ram:0004d500	CONDITIONAL_JUMP
ram:0004d62a	ram:0004d198	UNCONDITIONAL_CALL
ram:0004d62e	ram:0004d63a	CONDITIONAL_JUMP
ram:0004d636	ram:20000104	COMPUTED_CALL
ram:0004d642	ram:0004d500	UNCONDITIONAL_JUMP
ram:0004d648	ram:0004c46e	UNCONDITIONAL_CALL
ram:0004d64c	ram:0004d500	UNCONDITIONAL_JUMP
ram:0004d650	ram:0004d646	UNCONDITIONAL_JUMP
ram:0004d654	ram:0004d646	UNCONDITIONAL_JUMP
ram:0004d65a	ram:0004d740	CONDITIONAL_JUMP
ram:0004d660	ram:20001a5e	READ
ram:0004d666	ram:0004d742	CONDITIONAL_JUMP
ram:0004d67a	ram:00041bf2	UNCONDITIONAL_CALL
ram:0004d6b2	ram:0004d6fe	CONDITIONAL_JUMP
ram:0004d6bc	ram:00041c74	UNCONDITIONAL_CALL
ram:0004d6c4	ram:0004d6f2	CONDITIONAL_JUMP
ram:0004d6de	ram:20002000	PARAM
ram:0004d6e8	ram:20001cc8	READ
ram:0004d6ec	ram:00041d24	UNCONDITIONAL_CALL
ram:0004d702	ram:00052644	UNCONDITIONAL_CALL
ram:0004d708	ram:0004d71c	CONDITIONAL_JUMP
ram:0004d70e	ram:20001a62	READ
ram:0004d712	ram:0004d6f2	CONDITIONAL_JUMP
ram:0004d716	ram:20001a62	WRITE
ram:0004d71a	ram:0004d6f2	UNCONDITIONAL_JUMP
ram:0004d71e	ram:0004d746	CONDITIONAL_JUMP
ram:0004d724	ram:0004d74a	CONDITIONAL_JUMP
ram:0004d72a	ram:0004d74e	CONDITIONAL_JUMP
ram:0004d730	ram:0004d6f2	CONDITIONAL_JUMP
ram:0004d738	ram:20001a62	READ
ram:0004d73e	ram:0004d712	UNCONDITIONAL_JUMP
ram:0004d748	ram:0004d6f2	UNCONDITIONAL_JUMP
ram:0004d74c	ram:0004d6f2	UNCONDITIONAL_JUMP
ram:0004d750	ram:0004d6f2	UNCONDITIONAL_JUMP
ram:0004d770	ram:20001cd0	DATA
ram:0004d772	ram:0004d7c4	CONDITIONAL_JUMP
ram:0004d77c	ram:20001a62	READ
ram:0004d782	ram:0004d7b6	CONDITIONAL_JUMP
ram:0004d788	ram:20001cd4	DATA
ram:0004d78c	ram:20001cd6	DATA
ram:0004d798	ram:0004d656	UNCONDITIONAL_CALL
ram:0004d79c	ram:0004d7a8	CONDITIONAL_JUMP
ram:0004d79e	ram:20001cd0	DATA
ram:0004d7a4	ram:20000104	COMPUTED_CALL
ram:0004d7b0	ram:20001cd0	DATA
ram:0004d7c6	ram:0004d7b6	UNCONDITIONAL_JUMP
ram:0004d7d8	ram:20001a5e	READ
ram:0004d7e8	ram:0004d7ee	CONDITIONAL_JUMP
ram:0004d7fc	ram:0004d88c	CONDITIONAL_JUMP
ram:0004d802	ram:0004d80c	CONDITIONAL_JUMP
ram:0004d810	ram:0004c868	UNCONDITIONAL_CALL
ram:0004d818	ram:0004d878	CONDITIONAL_JUMP
ram:0004d82c	ram:0004d84c	CONDITIONAL_JUMP
ram:0004d844	ram:0004d890	CONDITIONAL_JUMP
ram:0004d85c	ram:200001dc	COMPUTED_CALL
ram:0004d866	ram:0004d656	UNCONDITIONAL_CALL
ram:0004d86c	ram:0004d898	CONDITIONAL_JUMP
ram:0004d874	ram:20000104	COMPUTED_CALL
ram:0004d88e	ram:0004d800	UNCONDITIONAL_JUMP
ram:0004d896	ram:0004d84c	UNCONDITIONAL_JUMP
ram:0004d8b8	ram:0004d8c6	CONDITIONAL_JUMP
ram:0004d8bc	ram:0004d878	CONDITIONAL_JUMP
ram:0004d8c4	ram:0004d878	UNCONDITIONAL_JUMP
ram:0004d8ca	ram:0004d444	UNCONDITIONAL_CALL
ram:0004d8ce	ram:0004d878	UNCONDITIONAL_JUMP
ram:0004d8da	ram:20001a65	READ
ram:0004d8fe	ram:20001a58	READ
ram:0004d90c	ram:0004d986	CONDITIONAL_JUMP
ram:0004d912	ram:0004d986	CONDITIONAL_JUMP
ram:0004d916	ram:0004d986	CONDITIONAL_JUMP
ram:0004d91c	ram:0004d96e	CONDITIONAL_JUMP
ram:0004d922	ram:20001a62	READ
ram:0004d926	ram:0004d944	CONDITIONAL_JUMP
ram:0004d92a	ram:0004d7c8	UNCONDITIONAL_CALL
ram:0004d930	ram:0004d964	CONDITIONAL_JUMP
ram:0004d936	ram:20001a61	READ
ram:0004d93c	ram:0004d95e	CONDITIONAL_JUMP
ram:0004d940	ram:20001a65	WRITE
ram:0004d95e	ram:20001a65	WRITE
ram:0004d962	ram:0004d944	UNCONDITIONAL_JUMP
ram:0004d966	ram:0004d444	UNCONDITIONAL_CALL
ram:0004d96c	ram:0004d944	UNCONDITIONAL_JUMP
ram:0004d972	ram:0004d986	CONDITIONAL_JUMP
ram:0004d97c	ram:0004d270	UNCONDITIONAL_CALL
ram:0004d986	ram:20001a61	READ
ram:0004d990	ram:0004d996	CONDITIONAL_JUMP
ram:0004d996	ram:0004d8fe	CONDITIONAL_JUMP
ram:0004d99a	ram:0004d96a	UNCONDITIONAL_JUMP
ram:0004d9a2	ram:0004d752	UNCONDITIONAL_CALL
ram:0004d9a6	ram:0004d9b0	CONDITIONAL_JUMP
ram:0004d9b2	ram:0004d752	UNCONDITIONAL_CALL
ram:0004d9b6	ram:0004d9a8	CONDITIONAL_JUMP
ram:0004d9ba	ram:0004d752	UNCONDITIONAL_CALL
ram:0004d9be	ram:0004d9a8	CONDITIONAL_JUMP
ram:0004d9c2	ram:0004d752	UNCONDITIONAL_CALL
ram:0004d9c6	ram:0004d9a8	CONDITIONAL_JUMP
ram:0004d9cc	ram:20001a61	READ
ram:0004d9d0	ram:0004d9aa	CONDITIONAL_JUMP
ram:0004d9d6	ram:0004d8d0	UNCONDITIONAL_CALL
ram:0004d9e6	ram:0004da50	CONDITIONAL_JUMP
ram:0004d9ec	ram:0004da50	CONDITIONAL_JUMP
ram:0004d9fc	ram:0004e14a	UNCONDITIONAL_CALL
ram:0004d9fe	ram:0004da54	CONDITIONAL_JUMP
ram:0004da02	ram:0004e066	UNCONDITIONAL_CALL
ram:0004da08	ram:0004da2a	CONDITIONAL_JUMP
ram:0004da0c	ram:0004da2a	CONDITIONAL_JUMP
ram:0004da12	ram:0004da2a	CONDITIONAL_JUMP
ram:0004da1a	ram:0004da60	CONDITIONAL_JUMP
ram:0004da22	ram:20001a5e	READ
ram:0004da26	ram:0004da60	CONDITIONAL_JUMP
ram:0004da2e	ram:20001a62	READ
ram:0004da36	ram:0004da44	CONDITIONAL_JUMP
ram:0004da40	ram:0004d656	UNCONDITIONAL_CALL
ram:0004da4c	ram:0004d412	UNCONDITIONAL_CALL
ram:0004da62	ram:0004da56	UNCONDITIONAL_JUMP
ram:0004da7e	ram:0004c868	UNCONDITIONAL_CALL
ram:0004da82	ram:0004daee	CONDITIONAL_JUMP
ram:0004da8a	ram:0004da96	CONDITIONAL_JUMP
ram:0004dab0	ram:20001a62	READ
ram:0004dac4	ram:0004dae8	CONDITIONAL_JUMP
ram:0004dac6	ram:0004d656	UNCONDITIONAL_CALL
ram:0004dacc	ram:0004dad8	CONDITIONAL_JUMP
ram:0004dad4	ram:20000104	COMPUTED_CALL
ram:0004dae8	ram:0004d412	UNCONDITIONAL_CALL
ram:0004daec	ram:0004daca	UNCONDITIONAL_JUMP
ram:0004daf0	ram:0004dad8	UNCONDITIONAL_JUMP
ram:0004db0c	ram:0004db86	CONDITIONAL_JUMP
ram:0004db16	ram:0004c344	UNCONDITIONAL_CALL
ram:0004db1c	ram:0004db96	CONDITIONAL_JUMP
ram:0004db38	ram:20001cc9	READ
ram:0004db48	ram:20001cc9	WRITE
ram:0004db50	ram:0004db58	CONDITIONAL_JUMP
ram:0004db54	ram:20001cc9	WRITE
ram:0004db5a	ram:0004db6e	CONDITIONAL_JUMP
ram:0004db76	ram:0004da64	UNCONDITIONAL_CALL
ram:0004db7e	ram:0004dbaa	CONDITIONAL_JUMP
ram:0004db80	ram:0004c420	UNCONDITIONAL_CALL
ram:0004db84	ram:0004db96	UNCONDITIONAL_JUMP
ram:0004db8e	ram:0004c25c	UNCONDITIONAL_CALL
ram:0004db94	ram:0004db2c	CONDITIONAL_JUMP
ram:0004dbac	ram:0004c5ea	UNCONDITIONAL_CALL
ram:0004dbb0	ram:0004db96	UNCONDITIONAL_JUMP
ram:0004dcb4	ram:0004dcce	CONDITIONAL_JUMP
ram:0004dcd0	ram:0004dcfa	CONDITIONAL_JUMP
ram:0004dd42	ram:20000214	COMPUTED_CALL
ram:0004dd4a	ram:0004dd84	CONDITIONAL_JUMP
ram:0004dd58	ram:20001a5e	READ
ram:0004dd62	ram:0004dd84	CONDITIONAL_JUMP
ram:0004dd6c	ram:20001cc4	READ
ram:0004dd8a	ram:0004dc3c	PARAM
ram:0004dd96	ram:0004da64	UNCONDITIONAL_CALL
ram:0004dd9c	ram:0004dda0	CONDITIONAL_JUMP
ram:0004dd9e	ram:0004ddc4	CONDITIONAL_JUMP
ram:0004ddb0	ram:0004d312	UNCONDITIONAL_CALL
ram:0004ddc6	ram:0004c420	UNCONDITIONAL_CALL
ram:0004ddca	ram:0004ddb4	UNCONDITIONAL_JUMP
ram:0004ddd2	ram:0004dc9a	PARAM
ram:0004ddda	ram:0004da64	UNCONDITIONAL_CALL
ram:0004ddf4	ram:0004dbb2	PARAM
ram:0004ddfe	ram:0004daf2	UNCONDITIONAL_CALL
ram:0004de14	ram:0004dbda	PARAM
ram:0004de1a	ram:0004daf2	UNCONDITIONAL_CALL
ram:0004de24	ram:0004dc26	PARAM
ram:0004de2c	ram:0004da64	UNCONDITIONAL_CALL
ram:0004de4c	ram:20001d04	READ
ram:0004de4c	ram:20001d08	READ
ram:0004de4e	ram:0004de56	CONDITIONAL_JUMP
ram:0004de58	ram:0004de4c	CONDITIONAL_JUMP
ram:0004de6e	ram:20001bd3	READ
ram:0004de84	ram:20001d55	WRITE
ram:0004de8e	ram:20001d54	WRITE
ram:0004de92	ram:0004df0a	CONDITIONAL_JUMP
ram:0004dea8	ram:20000040	COMPUTED_CALL
ram:0004deac	ram:20001d54	READ
ram:0004deba	ram:20001d00	WRITE
ram:0004dec2	ram:20000214	COMPUTED_CALL
ram:0004dec6	ram:20001d00	READ
ram:0004deca	ram:20001d54	READ
ram:0004ded4	ram:0004def6	CONDITIONAL_JUMP
ram:0004dee8	ram:20001d04	PARAM
ram:0004def2	ram:20000214	COMPUTED_CALL
ram:0004df08	ram:0004ded4	UNCONDITIONAL_JUMP
ram:0004df18	ram:20001d54	READ
ram:0004df20	ram:20001d00	READ
ram:0004df26	ram:0004df30	CONDITIONAL_JUMP
ram:0004df3a	ram:0004df2c	CONDITIONAL_JUMP
ram:0004df44	ram:0004df26	UNCONDITIONAL_JUMP
ram:0004df52	ram:0004df14	UNCONDITIONAL_CALL
ram:0004df5a	ram:0004df6e	CONDITIONAL_JUMP
ram:0004df60	ram:0004df66	CONDITIONAL_JUMP
ram:0004df74	ram:0004df98	CONDITIONAL_JUMP
ram:0004df7c	ram:0004df84	CONDITIONAL_JUMP
ram:0004df82	ram:0004df66	CONDITIONAL_JUMP
ram:0004df88	ram:0004df66	CONDITIONAL_JUMP
ram:0004df90	ram:0004df66	CONDITIONAL_JUMP
ram:0004df96	ram:0004df66	UNCONDITIONAL_JUMP
ram:0004df9c	ram:0004df66	CONDITIONAL_JUMP
ram:0004dfa0	ram:0004df66	UNCONDITIONAL_JUMP
ram:0004dfce	ram:20001d54	READ
ram:0004dfd2	ram:0004dfda	CONDITIONAL_JUMP
ram:0004dfd8	ram:0004e014	UNCONDITIONAL_JUMP
ram:0004dfde	ram:20001d00	READ
ram:0004dfe8	ram:0004dff4	CONDITIONAL_JUMP
ram:0004dff2	ram:0004dfce	UNCONDITIONAL_JUMP
ram:0004dffe	ram:00069942	UNCONDITIONAL_CALL
ram:0004e00c	ram:2000026a	COMPUTED_CALL
ram:0004e010	ram:0004dfec	CONDITIONAL_JUMP
ram:0004e02c	ram:20001d54	READ
ram:0004e036	ram:20001d00	READ
ram:0004e03e	ram:0004e048	CONDITIONAL_JUMP
ram:0004e04e	ram:0004e05a	CONDITIONAL_JUMP
ram:0004e056	ram:0004e044	CONDITIONAL_JUMP
ram:0004e064	ram:0004e03e	UNCONDITIONAL_JUMP
ram:0004e06a	ram:0004df14	UNCONDITIONAL_CALL
ram:0004e06e	ram:0004e07a	CONDITIONAL_JUMP
ram:0004e07c	ram:0004e074	UNCONDITIONAL_JUMP
ram:0004e082	ram:20001d54	READ
ram:0004e08a	ram:20001d00	READ
ram:0004e094	ram:0004e09a	CONDITIONAL_JUMP
ram:0004e09e	ram:0004e0a6	CONDITIONAL_JUMP
ram:0004e0b0	ram:0004e094	UNCONDITIONAL_JUMP
ram:0004e0b6	ram:20001d54	READ
ram:0004e0cc	ram:20001d04	READ
ram:0004e0cc	ram:20001d08	READ
ram:0004e0ce	ram:0004e0da	CONDITIONAL_JUMP
ram:0004e0d4	ram:20001d04	WRITE
ram:0004e0d4	ram:20001d08	WRITE
ram:0004e0de	ram:0004e0cc	CONDITIONAL_JUMP
ram:0004e0ec	ram:0004df14	UNCONDITIONAL_CALL
ram:0004e0f0	ram:0004e12e	CONDITIONAL_JUMP
ram:0004e0fa	ram:0004de30	UNCONDITIONAL_CALL
ram:0004e100	ram:0004e10a	CONDITIONAL_JUMP
ram:0004e106	ram:20000104	COMPUTED_CALL
ram:0004e116	ram:20000214	COMPUTED_CALL
ram:0004e130	ram:0004e126	UNCONDITIONAL_JUMP
ram:0004e136	ram:0004df14	UNCONDITIONAL_CALL
ram:0004e13a	ram:0004e146	CONDITIONAL_JUMP
ram:0004e148	ram:0004e140	UNCONDITIONAL_JUMP
ram:0004e14e	ram:0004e176	CONDITIONAL_JUMP
ram:0004e15a	ram:0004df14	UNCONDITIONAL_CALL
ram:0004e162	ram:0004e16e	CONDITIONAL_JUMP
ram:0004e180	ram:0004df14	UNCONDITIONAL_CALL
ram:0004e186	ram:0004e19a	CONDITIONAL_JUMP
ram:0004e190	ram:0004e19a	CONDITIONAL_JUMP
ram:0004e1a2	ram:0004e1fe	CONDITIONAL_JUMP
ram:0004e1cc	ram:20001d54	READ
ram:0004e1d0	ram:0004e1e6	CONDITIONAL_JUMP
ram:0004e1ea	ram:20001d00	READ
ram:0004e1f4	ram:0004e1fa	CONDITIONAL_JUMP
ram:0004e1fc	ram:0004e1cc	UNCONDITIONAL_JUMP
ram:0004e204	ram:20001d54	READ
ram:0004e20c	ram:20001d00	READ
ram:0004e21c	ram:0004e222	CONDITIONAL_JUMP
ram:0004e226	ram:0004e238	CONDITIONAL_JUMP
ram:0004e22e	ram:0004e238	CONDITIONAL_JUMP
ram:0004e242	ram:0004e21c	UNCONDITIONAL_JUMP
ram:0004e248	ram:20001d54	READ
ram:0004e250	ram:20001d00	READ
ram:0004e25a	ram:0004e27a	CONDITIONAL_JUMP
ram:0004e26a	ram:0004e292	CONDITIONAL_JUMP
ram:0004e27e	ram:0004e286	CONDITIONAL_JUMP
ram:0004e290	ram:0004e25a	UNCONDITIONAL_JUMP
ram:0004e296	ram:0004e26e	CONDITIONAL_JUMP
ram:0004e2a0	ram:0004e26a	UNCONDITIONAL_JUMP
ram:0004e2ca	ram:0004df14	UNCONDITIONAL_CALL
ram:0004e2ce	ram:0004e350	CONDITIONAL_JUMP
ram:0004e2d4	ram:0004df14	UNCONDITIONAL_CALL
ram:0004e2dc	ram:0004e338	CONDITIONAL_JUMP
ram:0004e2ee	ram:200001dc	COMPUTED_CALL
ram:0004e31e	ram:0004e244	UNCONDITIONAL_CALL
ram:0004e332	ram:0004de30	UNCONDITIONAL_CALL
ram:0004e352	ram:0004e338	UNCONDITIONAL_JUMP
ram:0004e358	ram:20001d54	READ
ram:0004e360	ram:20001d00	READ
ram:0004e366	ram:0004e370	CONDITIONAL_JUMP
ram:0004e37a	ram:0004e384	CONDITIONAL_JUMP
ram:0004e38a	ram:0004e366	UNCONDITIONAL_JUMP
ram:0004e390	ram:20001d54	READ
ram:0004e398	ram:20001d00	READ
ram:0004e3a6	ram:0004e3ae	CONDITIONAL_JUMP
ram:0004e3b4	ram:0004e3f4	CONDITIONAL_JUMP
ram:0004e3ba	ram:0004e3f4	CONDITIONAL_JUMP
ram:0004e3c4	ram:0004e3de	CONDITIONAL_JUMP
ram:0004e3ce	ram:0004e3ac	CONDITIONAL_JUMP
ram:0004e3da	ram:0004e3f4	CONDITIONAL_JUMP
ram:0004e3e6	ram:0004e3ac	CONDITIONAL_JUMP
ram:0004e3f2	ram:0004e3ac	CONDITIONAL_JUMP
ram:0004e3fe	ram:0004e3a6	UNCONDITIONAL_JUMP
ram:0004e404	ram:20001d54	READ
ram:0004e40e	ram:20001d00	READ
ram:0004e418	ram:0004e420	CONDITIONAL_JUMP
ram:0004e426	ram:0004e43e	CONDITIONAL_JUMP
ram:0004e42c	ram:0004e43e	CONDITIONAL_JUMP
ram:0004e43a	ram:0004e41e	CONDITIONAL_JUMP
ram:0004e448	ram:0004e418	UNCONDITIONAL_JUMP
ram:0004e454	ram:00044c54	UNCONDITIONAL_CALL
ram:0004e458	ram:0004e47c	CONDITIONAL_JUMP
ram:0004e45e	ram:0004df14	UNCONDITIONAL_CALL
ram:0004e462	ram:0004e47c	CONDITIONAL_JUMP
ram:0004e466	ram:20002000	PARAM
ram:0004e472	ram:20001d4f	READ
ram:0004e478	ram:0004224c	UNCONDITIONAL_CALL
ram:0004e4a8	ram:20000040	COMPUTED_CALL
ram:0004e4ae	ram:0004e502	CONDITIONAL_JUMP
ram:0004e4b4	ram:0004e4f8	CONDITIONAL_JUMP
ram:0004e4c6	ram:20000214	COMPUTED_CALL
ram:0004e4d4	ram:200001dc	COMPUTED_CALL
ram:0004e4da	ram:0004e516	CONDITIONAL_JUMP
ram:0004e4e6	ram:200001dc	COMPUTED_CALL
ram:0004e4f2	ram:0005255e	UNCONDITIONAL_CALL
ram:0004e4fe	ram:20000104	COMPUTED_CALL
ram:0004e51e	ram:20000214	COMPUTED_CALL
ram:0004e522	ram:0004e4ea	UNCONDITIONAL_JUMP
ram:0004e530	ram:0004e58a	CONDITIONAL_JUMP
ram:0004e534	ram:0004e53e	CONDITIONAL_JUMP
ram:0004e53a	ram:20000104	COMPUTED_CALL
ram:0004e540	ram:0004e54a	CONDITIONAL_JUMP
ram:0004e546	ram:20000104	COMPUTED_CALL
ram:0004e54c	ram:0004e556	CONDITIONAL_JUMP
ram:0004e552	ram:20000104	COMPUTED_CALL
ram:0004e558	ram:0004e562	CONDITIONAL_JUMP
ram:0004e55e	ram:20000104	COMPUTED_CALL
ram:0004e564	ram:0004e56e	CONDITIONAL_JUMP
ram:0004e56a	ram:20000104	COMPUTED_CALL
ram:0004e572	ram:0004e57c	CONDITIONAL_JUMP
ram:0004e578	ram:20000104	COMPUTED_CALL
ram:0004e582	ram:20000104	COMPUTED_CALL
ram:0004e58c	ram:20002000	PARAM
ram:0004e598	ram:20001d4f	READ
ram:0004e59e	ram:0004244a	UNCONDITIONAL_CALL
ram:0004e5ac	ram:0004df14	UNCONDITIONAL_CALL
ram:0004e5b0	ram:0004e5f8	CONDITIONAL_JUMP
ram:0004e5b6	ram:0004e5f8	CONDITIONAL_JUMP
ram:0004e5d2	ram:00044cd6	UNCONDITIONAL_CALL
ram:0004e5d8	ram:0004e524	UNCONDITIONAL_CALL
ram:0004e5dc	ram:0004e400	UNCONDITIONAL_CALL
ram:0004e5e0	ram:0004e5f8	CONDITIONAL_JUMP
ram:0004e5e4	ram:20002000	PARAM
ram:0004e5ec	ram:20001d4f	READ
ram:0004e5f4	ram:00042138	UNCONDITIONAL_CALL
ram:0004e60c	ram:0004df14	UNCONDITIONAL_CALL
ram:0004e612	ram:0004e62e	CONDITIONAL_JUMP
ram:0004e61a	ram:0004e62e	CONDITIONAL_JUMP
ram:0004e620	ram:0004e62e	CONDITIONAL_JUMP
ram:0004e62a	ram:0004e524	UNCONDITIONAL_CALL
ram:0004e63e	ram:0004e38c	UNCONDITIONAL_CALL
ram:0004e642	ram:0004e68a	CONDITIONAL_JUMP
ram:0004e648	ram:0004e68a	CONDITIONAL_JUMP
ram:0004e64e	ram:0004e680	CONDITIONAL_JUMP
ram:0004e654	ram:20001a6c	READ
ram:0004e658	ram:0004e662	CONDITIONAL_JUMP
ram:0004e65c	ram:0004e662	CONDITIONAL_JUMP
ram:0004e66a	ram:0004e68a	CONDITIONAL_JUMP
ram:0004e67c	ram:0004e5a2	UNCONDITIONAL_CALL
ram:0004e684	ram:20001a70	READ
ram:0004e688	ram:0004e658	UNCONDITIONAL_JUMP
ram:0004e698	Stack[-0x10]	DATA
ram:0004e6a2	ram:0004df14	UNCONDITIONAL_CALL
ram:0004e6a6	ram:0004e6ea	CONDITIONAL_JUMP
ram:0004e6aa	ram:0004e768	CONDITIONAL_JUMP
ram:0004e6b0	ram:0004e768	CONDITIONAL_JUMP
ram:0004e6bc	ram:0004e754	CONDITIONAL_JUMP
ram:0004e6c4	ram:0004e74a	CONDITIONAL_JUMP
ram:0004e6d0	ram:0004e6f8	CONDITIONAL_JUMP
ram:0004e6d6	ram:0004e6f8	CONDITIONAL_JUMP
ram:0004e6e0	ram:0004e6f8	CONDITIONAL_JUMP
ram:0004e6f0	Stack[-0x10]	DATA
ram:0004e6fc	ram:0004e70e	CONDITIONAL_JUMP
ram:0004e706	ram:0004e70e	CONDITIONAL_JUMP
ram:0004e70c	ram:0004e6e6	UNCONDITIONAL_JUMP
ram:0004e710	ram:0004e722	CONDITIONAL_JUMP
ram:0004e71a	ram:0004e722	CONDITIONAL_JUMP
ram:0004e720	ram:0004e6e6	UNCONDITIONAL_JUMP
ram:0004e726	ram:20001a6c	READ
ram:0004e72a	ram:0004e6ea	CONDITIONAL_JUMP
ram:0004e72e	ram:0004e6ea	CONDITIONAL_JUMP
ram:0004e73e	ram:0004e6ea	CONDITIONAL_JUMP
ram:0004e744	ram:0004e5a2	UNCONDITIONAL_CALL
ram:0004e748	ram:0004e6ea	UNCONDITIONAL_JUMP
ram:0004e74e	ram:20001a70	READ
ram:0004e752	ram:0004e72a	UNCONDITIONAL_JUMP
ram:0004e758	ram:0004e768	CONDITIONAL_JUMP
ram:0004e75c	ram:0004e764	CONDITIONAL_JUMP
ram:0004e766	ram:0004e742	UNCONDITIONAL_JUMP
ram:0004e768	ram:0004e780	CONDITIONAL_JUMP
ram:0004e76e	ram:0004df14	UNCONDITIONAL_CALL
ram:0004e772	ram:0004e780	CONDITIONAL_JUMP
ram:0004e784	ram:00044622	UNCONDITIONAL_CALL
ram:0004e788	ram:0004e6ea	UNCONDITIONAL_JUMP
ram:0004e7a6	ram:0004c868	UNCONDITIONAL_CALL
ram:0004e7ae	ram:0004e7d4	CONDITIONAL_JUMP
ram:0004e7bc	ram:0004e7ca	CONDITIONAL_JUMP
ram:0004e7c2	ram:0004d9da	UNCONDITIONAL_CALL
ram:0004e7c8	ram:0004e7d4	CONDITIONAL_JUMP
ram:0004e7d0	ram:20000104	COMPUTED_CALL
ram:0004e7d6	ram:0004e44a	UNCONDITIONAL_CALL
ram:0004e7f2	ram:000501de	PARAM
ram:0004e7fc	Stack[-0x10]	DATA
ram:0004e800	ram:0004e78a	UNCONDITIONAL_CALL
ram:0004e80c	ram:0004e5a2	UNCONDITIONAL_CALL
ram:0004e816	Stack[-0x10]	DATA
ram:0004e822	ram:20001a70	READ
ram:0004e826	ram:0004e85a	CONDITIONAL_JUMP
ram:0004e82a	ram:0004e85a	CONDITIONAL_JUMP
ram:0004e842	ram:0004e852	CONDITIONAL_JUMP
ram:0004e84e	ram:0004e7e6	UNCONDITIONAL_CALL
ram:0004e85e	ram:0004e88a	CONDITIONAL_JUMP
ram:0004e862	ram:0004e88a	CONDITIONAL_JUMP
ram:0004e894	ram:20000214	COMPUTED_CALL
ram:0004e89c	ram:20001a6c	READ
ram:0004e8a0	ram:0004e8ac	CONDITIONAL_JUMP
ram:0004e8a6	ram:0004e8ac	CONDITIONAL_JUMP
ram:0004e8b4	ram:20001f04	READ
ram:0004e8b8	ram:0004e8e6	CONDITIONAL_JUMP
ram:0004e8c0	ram:0004e8ea	CONDITIONAL_JUMP
ram:0004e8ec	ram:0004e99e	CONDITIONAL_JUMP
ram:0004e90e	ram:0004df14	UNCONDITIONAL_CALL
ram:0004e914	ram:0004e962	CONDITIONAL_JUMP
ram:0004e91a	ram:0004e85c	UNCONDITIONAL_CALL
ram:0004e926	ram:0004e978	CONDITIONAL_JUMP
ram:0004e928	ram:000443b8	UNCONDITIONAL_CALL
ram:0004e934	ram:00044398	UNCONDITIONAL_CALL
ram:0004e93e	ram:0004fffa	UNCONDITIONAL_CALL
ram:0004e946	ram:00050004	UNCONDITIONAL_CALL
ram:0004e94e	Stack[-0xa0]	DATA
ram:0004e95e	ram:000513be	UNCONDITIONAL_CALL
ram:0004e978	ram:000443b8	UNCONDITIONAL_CALL
ram:0004e984	ram:00044398	UNCONDITIONAL_CALL
ram:0004e98e	ram:0004fffa	UNCONDITIONAL_CALL
ram:0004e996	ram:00050004	UNCONDITIONAL_CALL
ram:0004e99c	ram:0004e94e	UNCONDITIONAL_JUMP
ram:0004e9a2	ram:0004e9bc	CONDITIONAL_JUMP
ram:0004e9a8	ram:0004e9bc	CONDITIONAL_JUMP
ram:0004e9ac	ram:0004e9bc	CONDITIONAL_JUMP
ram:0004e9b4	ram:0004e9bc	CONDITIONAL_JUMP
ram:0004e9c2	ram:0004ead4	CONDITIONAL_JUMP
ram:0004e9c6	ram:0004ead4	CONDITIONAL_JUMP
ram:0004ea8e	ram:00044c54	UNCONDITIONAL_CALL
ram:0004ea96	ram:00044c54	UNCONDITIONAL_CALL
ram:0004eaa4	ram:0004eac8	CONDITIONAL_JUMP
ram:0004eaac	ram:0004eac8	CONDITIONAL_JUMP
ram:0004eab8	ram:0004eac8	CONDITIONAL_JUMP
ram:0004eac2	ram:0004eac8	CONDITIONAL_JUMP
ram:0004ead8	ram:0004eafc	CONDITIONAL_JUMP
ram:0004eade	ram:0004eb00	CONDITIONAL_JUMP
ram:0004eaf0	ram:200001dc	COMPUTED_CALL
ram:0004eb04	ram:0004eb32	CONDITIONAL_JUMP
ram:0004eb06	ram:0004eb32	CONDITIONAL_JUMP
ram:0004eb24	ram:200001dc	COMPUTED_CALL
ram:0004eb36	ram:0004eb5a	CONDITIONAL_JUMP
ram:0004eb3c	ram:0004eb5e	CONDITIONAL_JUMP
ram:0004eb4e	ram:200001dc	COMPUTED_CALL
ram:0004eb62	ram:0004eb98	CONDITIONAL_JUMP
ram:0004eb64	ram:0004eb98	CONDITIONAL_JUMP
ram:0004eb8a	ram:200001dc	COMPUTED_CALL
ram:0004eb9c	ram:0004ebc0	CONDITIONAL_JUMP
ram:0004eba2	ram:0004ebc4	CONDITIONAL_JUMP
ram:0004ebb4	ram:200001dc	COMPUTED_CALL
ram:0004ebc8	ram:0004ebde	CONDITIONAL_JUMP
ram:0004ebca	ram:0004ebde	CONDITIONAL_JUMP
ram:0004ebd4	ram:0004ebde	CONDITIONAL_JUMP
ram:0004ebe2	ram:0004ec06	CONDITIONAL_JUMP
ram:0004ebe8	ram:0004ec0a	CONDITIONAL_JUMP
ram:0004ebfa	ram:200001dc	COMPUTED_CALL
ram:0004ec0c	ram:0004ec30	CONDITIONAL_JUMP
ram:0004ec12	ram:0004ec34	CONDITIONAL_JUMP
ram:0004ec24	ram:200001dc	COMPUTED_CALL
ram:0004ec36	ram:0004ec5c	CONDITIONAL_JUMP
ram:0004ec3c	ram:0004ec60	CONDITIONAL_JUMP
ram:0004ec50	ram:200001dc	COMPUTED_CALL
ram:0004ec62	ram:0004ec86	CONDITIONAL_JUMP
ram:0004ec68	ram:0004ec8a	CONDITIONAL_JUMP
ram:0004ec7a	ram:200001dc	COMPUTED_CALL
ram:0004ecaa	ram:0004ed7e	CONDITIONAL_JUMP
ram:0004ecb4	ram:0006c008	PARAM
ram:0004ecba	ram:0006c008	DATA
ram:0004ecbc	ram:0004ecbe	COMPUTED_JUMP
ram:0004ecbc	ram:0004ece4	COMPUTED_JUMP
ram:0004ecbc	ram:0004ecfc	COMPUTED_JUMP
ram:0004ecbc	ram:0004ed04	COMPUTED_JUMP
ram:0004ecbc	ram:0004ed0c	COMPUTED_JUMP
ram:0004ecbc	ram:0004ed14	COMPUTED_JUMP
ram:0004ecbc	ram:0004ed1c	COMPUTED_JUMP
ram:0004ecbc	ram:0004ed24	COMPUTED_JUMP
ram:0004ecbc	ram:0004ed2c	COMPUTED_JUMP
ram:0004ecbc	ram:0004ed34	COMPUTED_JUMP
ram:0004ecbc	ram:0004ed6e	COMPUTED_JUMP
ram:0004ecbc	ram:0004ed76	COMPUTED_JUMP
ram:0004ecbc	ram:0004ed3c	COMPUTED_JUMP
ram:0004ecc0	ram:0004e9c0	UNCONDITIONAL_CALL
ram:0004ecc6	ram:0004ecea	CONDITIONAL_JUMP
ram:0004ecd6	ram:0004e7e6	UNCONDITIONAL_CALL
ram:0004ece6	ram:0004eb9c	UNCONDITIONAL_CALL
ram:0004ecea	ram:0004ed3c	CONDITIONAL_JUMP
ram:0004ecf0	ram:0004ecd0	CONDITIONAL_JUMP
ram:0004ecf6	ram:0004e44a	UNCONDITIONAL_CALL
ram:0004ecfa	ram:0004ecda	UNCONDITIONAL_JUMP
ram:0004ecfe	ram:0004ebe2	UNCONDITIONAL_CALL
ram:0004ed02	ram:0004ecea	UNCONDITIONAL_JUMP
ram:0004ed06	ram:0004ebc6	UNCONDITIONAL_CALL
ram:0004ed0a	ram:0004ecea	UNCONDITIONAL_JUMP
ram:0004ed0e	ram:0004ead8	UNCONDITIONAL_CALL
ram:0004ed12	ram:0004ecea	UNCONDITIONAL_JUMP
ram:0004ed16	ram:0004eb60	UNCONDITIONAL_CALL
ram:0004ed1a	ram:0004ecea	UNCONDITIONAL_JUMP
ram:0004ed1e	ram:0004eb36	UNCONDITIONAL_CALL
ram:0004ed22	ram:0004ecea	UNCONDITIONAL_JUMP
ram:0004ed26	ram:0004eb02	UNCONDITIONAL_CALL
ram:0004ed2a	ram:0004ecea	UNCONDITIONAL_JUMP
ram:0004ed2e	ram:0004ec0c	UNCONDITIONAL_CALL
ram:0004ed32	ram:0004ecea	UNCONDITIONAL_JUMP
ram:0004ed40	ram:0004df14	UNCONDITIONAL_CALL
ram:0004ed46	ram:0004ed68	CONDITIONAL_JUMP
ram:0004ed4c	ram:0004ed82	CONDITIONAL_JUMP
ram:0004ed54	ram:20001a6c	READ
ram:0004ed5a	ram:0004ed68	CONDITIONAL_JUMP
ram:0004ed5e	ram:0004ed68	CONDITIONAL_JUMP
ram:0004ed6c	ram:0004ecec	UNCONDITIONAL_JUMP
ram:0004ed70	ram:0004ec36	UNCONDITIONAL_CALL
ram:0004ed74	ram:0004ecea	UNCONDITIONAL_JUMP
ram:0004ed78	ram:0004ec62	UNCONDITIONAL_CALL
ram:0004ed7c	ram:0004ecea	UNCONDITIONAL_JUMP
ram:0004ed80	ram:0004eccc	UNCONDITIONAL_JUMP
ram:0004ed86	ram:20001a70	READ
ram:0004ed8a	ram:0004ed58	UNCONDITIONAL_JUMP
ram:0004eda2	ram:0004eed8	CONDITIONAL_JUMP
ram:0004edac	ram:0004ee54	CONDITIONAL_JUMP
ram:0004edba	ram:0004eec8	CONDITIONAL_JUMP
ram:0004edc6	ram:20001a68	READ
ram:0004edce	ram:0004eec8	CONDITIONAL_JUMP
ram:0004edd8	ram:0004edf4	CONDITIONAL_JUMP
ram:0004ede4	ram:0004ee36	CONDITIONAL_JUMP
ram:0004edec	ram:200001dc	COMPUTED_CALL
ram:0004edf0	ram:20001a68	READ
ram:0004edf2	ram:0004ee50	CONDITIONAL_JUMP
ram:0004edf6	ram:00041c74	UNCONDITIONAL_CALL
ram:0004edfc	ram:0004ee26	CONDITIONAL_JUMP
ram:0004ee0a	ram:20001a68	READ
ram:0004ee16	ram:200001dc	COMPUTED_CALL
ram:0004ee1a	ram:20001a68	READ
ram:0004ee22	ram:00041d24	UNCONDITIONAL_CALL
ram:0004ee26	ram:20001a68	READ
ram:0004ee2c	ram:20000104	COMPUTED_CALL
ram:0004ee30	ram:20001a68	WRITE
ram:0004ee34	ram:0004ee50	UNCONDITIONAL_JUMP
ram:0004ee3c	ram:200001dc	COMPUTED_CALL
ram:0004ee40	ram:0005255a	UNCONDITIONAL_CALL
ram:0004ee46	ram:0004edf0	CONDITIONAL_JUMP
ram:0004ee48	ram:20001a68	READ
ram:0004ee52	ram:0004eec8	UNCONDITIONAL_JUMP
ram:0004ee58	ram:0004eef4	CONDITIONAL_JUMP
ram:0004ee62	ram:0004eea0	CONDITIONAL_JUMP
ram:0004ee6a	ram:0004e132	UNCONDITIONAL_CALL
ram:0004ee70	ram:0004ee50	CONDITIONAL_JUMP
ram:0004ee78	ram:20001a70	READ
ram:0004ee7c	ram:0004ee50	CONDITIONAL_JUMP
ram:0004ee82	ram:0004ee50	CONDITIONAL_JUMP
ram:0004eea2	ram:0004eebe	CONDITIONAL_JUMP
ram:0004eeba	ram:0004e694	UNCONDITIONAL_CALL
ram:0004eec4	ram:0004eea6	CONDITIONAL_JUMP
ram:0004eede	ram:0004eec8	CONDITIONAL_JUMP
ram:0004eee2	ram:0004ec8c	UNCONDITIONAL_CALL
ram:0004eee8	ram:0004ee50	CONDITIONAL_JUMP
ram:0004eeee	ram:20000104	COMPUTED_CALL
ram:0004eef2	ram:0004ee50	UNCONDITIONAL_JUMP
ram:0004eef6	ram:0004eec8	UNCONDITIONAL_JUMP
ram:0004ef02	ram:0004ef40	CONDITIONAL_JUMP
ram:0004ef04	ram:0004ef40	CONDITIONAL_JUMP
ram:0004ef0e	ram:000440ba	UNCONDITIONAL_CALL
ram:0004ef28	ram:0005132e	UNCONDITIONAL_CALL
ram:0004ef2e	ram:0004ef40	CONDITIONAL_JUMP
ram:0004ef3c	ram:200001dc	COMPUTED_CALL
ram:0004ef62	ram:0004f01a	CONDITIONAL_JUMP
ram:0004ef64	ram:0004f01a	CONDITIONAL_JUMP
ram:0004ef80	ram:20000040	COMPUTED_CALL
ram:0004ef88	ram:0004f01a	CONDITIONAL_JUMP
ram:0004ef8a	ram:000443d6	UNCONDITIONAL_CALL
ram:0004efb4	ram:20000298	COMPUTED_CALL
ram:0004efc8	ram:000443cc	UNCONDITIONAL_CALL
ram:0004efd6	ram:20000298	COMPUTED_CALL
ram:0004efe4	ram:00051598	UNCONDITIONAL_CALL
ram:0004efea	ram:0004f010	CONDITIONAL_JUMP
ram:0004f008	ram:20000298	COMPUTED_CALL
ram:0004f00c	ram:000443e2	UNCONDITIONAL_CALL
ram:0004f016	ram:20000104	COMPUTED_CALL
ram:0004f042	ram:0004df14	UNCONDITIONAL_CALL
ram:0004f046	ram:0004f110	CONDITIONAL_JUMP
ram:0004f04a	ram:0004f114	CONDITIONAL_JUMP
ram:0004f058	ram:0004f064	CONDITIONAL_JUMP
ram:0004f060	ram:0004f0e4	CONDITIONAL_JUMP
ram:0004f06a	ram:0004f0e4	CONDITIONAL_JUMP
ram:0004f07c	ram:200001dc	COMPUTED_CALL
ram:0004f08c	ram:200001dc	COMPUTED_CALL
ram:0004f09e	ram:0004f0f0	CONDITIONAL_JUMP
ram:0004f0ac	ram:000440ba	UNCONDITIONAL_CALL
ram:0004f0ba	ram:0004e8ec	UNCONDITIONAL_CALL
ram:0004f0c2	ram:0004f0d4	CONDITIONAL_JUMP
ram:0004f0d0	ram:00050272	UNCONDITIONAL_CALL
ram:0004f0da	ram:0004f0c4	CONDITIONAL_JUMP
ram:0004f0f6	ram:0004f0e4	CONDITIONAL_JUMP
ram:0004f0fe	ram:0004f0e4	CONDITIONAL_JUMP
ram:0004f10c	ram:000502da	UNCONDITIONAL_CALL
ram:0004f112	ram:0004f0e4	UNCONDITIONAL_JUMP
ram:0004f116	ram:0004f0e4	UNCONDITIONAL_JUMP
ram:0004f12e	ram:0004df14	UNCONDITIONAL_CALL
ram:0004f134	ram:0004f1c2	CONDITIONAL_JUMP
ram:0004f13a	ram:0004f1c2	CONDITIONAL_JUMP
ram:0004f142	ram:0004f1c2	CONDITIONAL_JUMP
ram:0004f14c	ram:0004f1a0	CONDITIONAL_JUMP
ram:0004f152	ram:20001f04	READ
ram:0004f15a	ram:0004f1c2	CONDITIONAL_JUMP
ram:0004f15e	ram:0004f1c2	CONDITIONAL_JUMP
ram:0004f16e	ram:200001dc	COMPUTED_CALL
ram:0004f172	ram:20001f04	READ
ram:0004f196	ram:2000026a	COMPUTED_CALL
ram:0004f19e	ram:0004f1a2	CONDITIONAL_JUMP
ram:0004f1aa	ram:0004f1c2	CONDITIONAL_JUMP
ram:0004f1b0	ram:000502a6	UNCONDITIONAL_CALL
ram:0004f1b8	ram:0004f1d4	CONDITIONAL_JUMP
ram:0004f1d8	ram:0004f1be	UNCONDITIONAL_JUMP
ram:0004f1da	ram:0004f234	CONDITIONAL_JUMP
ram:0004f1e8	ram:0004f22a	CONDITIONAL_JUMP
ram:0004f1f6	ram:200001dc	COMPUTED_CALL
ram:0004f210	ram:0005132e	UNCONDITIONAL_CALL
ram:0004f214	ram:0004f22a	CONDITIONAL_JUMP
ram:0004f220	ram:2000026a	COMPUTED_CALL
ram:0004f244	Stack[-0x20]	DATA
ram:0004f254	ram:0004df14	UNCONDITIONAL_CALL
ram:0004f258	ram:0004f272	CONDITIONAL_JUMP
ram:0004f26c	Stack[-0x20]	DATA
ram:0004f278	ram:0004f25c	CONDITIONAL_JUMP
ram:0004f27c	ram:00044c54	UNCONDITIONAL_CALL
ram:0004f286	ram:00044c54	UNCONDITIONAL_CALL
ram:0004f28a	ram:0004f25a	CONDITIONAL_JUMP
ram:0004f292	ram:0004f25a	CONDITIONAL_JUMP
ram:0004f29a	ram:0004f25a	CONDITIONAL_JUMP
ram:0004f2aa	ram:20000040	COMPUTED_CALL
ram:0004f2b6	ram:0004f25c	CONDITIONAL_JUMP
ram:0004f2c2	ram:20000214	COMPUTED_CALL
ram:0004f2e4	ram:0004f25c	CONDITIONAL_JUMP
ram:0004f2ea	ram:00050212	UNCONDITIONAL_CALL
ram:0004f2f0	ram:0004f25c	CONDITIONAL_JUMP
ram:0004f2f4	ram:0004e524	UNCONDITIONAL_CALL
ram:0004f2f8	ram:0004f25c	UNCONDITIONAL_JUMP
ram:0004f314	ram:0004f42a	CONDITIONAL_JUMP
ram:0004f318	ram:0004f42a	CONDITIONAL_JUMP
ram:0004f326	ram:0004df14	UNCONDITIONAL_CALL
ram:0004f32e	ram:0004f42a	CONDITIONAL_JUMP
ram:0004f33c	ram:20000040	COMPUTED_CALL
ram:0004f344	ram:0004f42a	CONDITIONAL_JUMP
ram:0004f366	ram:0004f372	CONDITIONAL_JUMP
ram:0004f36e	ram:0004f420	CONDITIONAL_JUMP
ram:0004f372	ram:0004f380	CONDITIONAL_JUMP
ram:0004f37e	ram:0004f420	CONDITIONAL_JUMP
ram:0004f390	ram:20000214	COMPUTED_CALL
ram:0004f3a2	ram:20000040	COMPUTED_CALL
ram:0004f3aa	ram:0004f420	CONDITIONAL_JUMP
ram:0004f3b6	ram:20000298	COMPUTED_CALL
ram:0004f3c4	ram:20000298	COMPUTED_CALL
ram:0004f3d4	ram:20000298	COMPUTED_CALL
ram:0004f3e2	ram:00051598	UNCONDITIONAL_CALL
ram:0004f3e8	ram:0004f416	CONDITIONAL_JUMP
ram:0004f3f4	ram:20000298	COMPUTED_CALL
ram:0004f404	ram:2000026a	COMPUTED_CALL
ram:0004f40a	ram:0004f446	CONDITIONAL_JUMP
ram:0004f412	ram:00044fbc	UNCONDITIONAL_CALL
ram:0004f41c	ram:20000104	COMPUTED_CALL
ram:0004f426	ram:20000104	COMPUTED_CALL
ram:0004f448	ram:0004f416	UNCONDITIONAL_JUMP
ram:0004f45e	ram:0004f4a8	CONDITIONAL_JUMP
ram:0004f46a	ram:20001d4f	READ
ram:0004f46e	ram:00041cba	UNCONDITIONAL_CALL
ram:0004f474	ram:0004f490	CONDITIONAL_JUMP
ram:0004f476	ram:0004ed8c	UNCONDITIONAL_CALL
ram:0004f47c	ram:0004f48a	CONDITIONAL_JUMP
ram:0004f47e	ram:20001d4e	READ
ram:0004f486	ram:0004f4a2	CONDITIONAL_JUMP
ram:0004f48c	ram:00041c48	UNCONDITIONAL_CALL
ram:0004f4a2	ram:00041d24	UNCONDITIONAL_CALL
ram:0004f4a6	ram:0004f490	UNCONDITIONAL_JUMP
ram:0004f4ac	ram:0004f4b8	CONDITIONAL_JUMP
ram:0004f4ae	ram:0004e636	UNCONDITIONAL_CALL
ram:0004f4b6	ram:0004f494	UNCONDITIONAL_JUMP
ram:0004f4b8	ram:0004f4f8	CONDITIONAL_JUMP
ram:0004f4bc	ram:0004f494	UNCONDITIONAL_JUMP
ram:0004f4c4	ram:0004e0b2	UNCONDITIONAL_CALL
ram:0004f4c8	ram:0004f4ba	CONDITIONAL_JUMP
ram:0004f4dc	ram:0004f4be	CONDITIONAL_JUMP
ram:0004f4e0	ram:0004e354	UNCONDITIONAL_CALL
ram:0004f4e8	ram:0004f4f2	CONDITIONAL_JUMP
ram:0004f4ee	ram:0004e5a2	UNCONDITIONAL_CALL
ram:0004f4f6	ram:0004f494	UNCONDITIONAL_JUMP
ram:0004f4fc	ram:0004f4c4	UNCONDITIONAL_JUMP
ram:0004f502	ram:20001a68	WRITE
ram:0004f50a	ram:20001a6c	WRITE
ram:0004f51a	ram:20001a70	WRITE
ram:0004f522	ram:20001d40	WRITE
ram:0004f522	ram:0004fb2e	DATA
ram:0004f532	ram:20001d44	WRITE
ram:0004f532	ram:0004f840	DATA
ram:0004f53c	ram:20001d48	WRITE
ram:0004f53c	ram:0004e484	DATA
ram:0004f54a	ram:20001d34	WRITE
ram:0004f54a	ram:00050ac4	DATA
ram:0004f55a	ram:20001d38	WRITE
ram:0004f55a	ram:00050628	DATA
ram:0004f564	ram:20001d3c	WRITE
ram:0004f564	ram:00050910	DATA
ram:0004f56c	ram:20001d50	READ
ram:0004f572	ram:0004f57c	CONDITIONAL_JUMP
ram:0004f580	ram:20001a6c	WRITE
ram:0004f580	ram:20001d40	DATA
ram:0004f58c	ram:20001d50	READ
ram:0004f592	ram:0004f59c	CONDITIONAL_JUMP
ram:0004f5a0	ram:20001a70	WRITE
ram:0004f5a0	ram:20001d34	DATA
ram:0004f5ae	ram:0004f4fe	UNCONDITIONAL_CALL
ram:0004f5b4	ram:20002000	PARAM
ram:0004f5ba	ram:20001d4f	WRITE
ram:0004f5be	ram:0004c80e	UNCONDITIONAL_CALL
ram:0004f5c8	ram:0004e602	PARAM
ram:0004f5ce	ram:0004e0bc	UNCONDITIONAL_CALL
ram:0004f5d4	ram:0004f5dc	CONDITIONAL_JUMP
ram:0004f5f4	ram:20000040	COMPUTED_CALL
ram:0004f5fa	ram:0004f704	CONDITIONAL_JUMP
ram:0004f608	ram:200001dc	COMPUTED_CALL
ram:0004f616	ram:0004f732	CONDITIONAL_JUMP
ram:0004f622	ram:0004f732	CONDITIONAL_JUMP
ram:0004f62a	ram:0004f704	CONDITIONAL_JUMP
ram:0004f638	ram:20000040	COMPUTED_CALL
ram:0004f642	ram:0004f706	CONDITIONAL_JUMP
ram:0004f652	ram:0004f66a	CONDITIONAL_JUMP
ram:0004f654	ram:0004f66c	CONDITIONAL_JUMP
ram:0004f65c	ram:0004f712	CONDITIONAL_JUMP
ram:0004f664	ram:0004f712	CONDITIONAL_JUMP
ram:0004f668	ram:0004f67c	UNCONDITIONAL_JUMP
ram:0004f66a	ram:0004f674	CONDITIONAL_JUMP
ram:0004f672	ram:0004f680	CONDITIONAL_JUMP
ram:0004f688	ram:0004f6a4	CONDITIONAL_JUMP
ram:0004f694	ram:0004f6a4	CONDITIONAL_JUMP
ram:0004f6a8	ram:0004f6b6	CONDITIONAL_JUMP
ram:0004f6bc	ram:0004f782	CONDITIONAL_JUMP
ram:0004f6ce	ram:20000214	COMPUTED_CALL
ram:0004f6de	ram:20000214	COMPUTED_CALL
ram:0004f6ec	ram:000440ba	UNCONDITIONAL_CALL
ram:0004f6f6	ram:0004f764	CONDITIONAL_JUMP
ram:0004f6fa	ram:000502da	UNCONDITIONAL_CALL
ram:0004f702	ram:0004f77a	CONDITIONAL_JUMP
ram:0004f730	ram:0004f67c	UNCONDITIONAL_JUMP
ram:0004f736	ram:0004f742	CONDITIONAL_JUMP
ram:0004f73c	ram:0004f742	CONDITIONAL_JUMP
ram:0004f740	ram:0004f67c	UNCONDITIONAL_JUMP
ram:0004f74a	ram:0004f666	CONDITIONAL_JUMP
ram:0004f762	ram:0004f728	UNCONDITIONAL_JUMP
ram:0004f76c	ram:0004e8ec	UNCONDITIONAL_CALL
ram:0004f772	ram:00050272	UNCONDITIONAL_CALL
ram:0004f778	ram:0004f704	CONDITIONAL_JUMP
ram:0004f780	ram:0004f706	UNCONDITIONAL_JUMP
ram:0004f786	ram:0004f804	CONDITIONAL_JUMP
ram:0004f790	ram:0004f7de	CONDITIONAL_JUMP
ram:0004f79a	ram:200001dc	COMPUTED_CALL
ram:0004f7aa	ram:20000214	COMPUTED_CALL
ram:0004f7c4	ram:000440ba	UNCONDITIONAL_CALL
ram:0004f7ce	ram:0004f7ec	CONDITIONAL_JUMP
ram:0004f7d2	ram:000502da	UNCONDITIONAL_CALL
ram:0004f7da	ram:0004f77a	CONDITIONAL_JUMP
ram:0004f7dc	ram:0004f704	UNCONDITIONAL_JUMP
ram:0004f7e6	ram:20000214	COMPUTED_CALL
ram:0004f7ea	ram:0004f79e	UNCONDITIONAL_JUMP
ram:0004f7f4	ram:0004e8ec	UNCONDITIONAL_CALL
ram:0004f7fa	ram:00050272	UNCONDITIONAL_CALL
ram:0004f800	ram:0004f77a	CONDITIONAL_JUMP
ram:0004f802	ram:0004f704	UNCONDITIONAL_JUMP
ram:0004f808	ram:0004f81c	CONDITIONAL_JUMP
ram:0004f810	ram:0004f81c	CONDITIONAL_JUMP
ram:0004f816	ram:0004f824	CONDITIONAL_JUMP
ram:0004f820	ram:00044e62	UNCONDITIONAL_CALL
ram:0004f834	ram:0004f83c	CONDITIONAL_JUMP
ram:0004f83a	ram:0004f77a	UNCONDITIONAL_JUMP
ram:0004f83e	ram:0004f77a	UNCONDITIONAL_JUMP
ram:0004f844	ram:0004faa4	CONDITIONAL_JUMP
ram:0004f85c	ram:0004f8da	CONDITIONAL_JUMP
ram:0004f878	ram:000440ba	UNCONDITIONAL_CALL
ram:0004f880	ram:20001f04	READ
ram:0004f884	ram:0004f8ce	CONDITIONAL_JUMP
ram:0004f888	ram:0004f8ce	CONDITIONAL_JUMP
ram:0004f8ae	ram:0004f8ce	CONDITIONAL_JUMP
ram:0004f8bc	ram:200001dc	COMPUTED_CALL
ram:0004f8c2	ram:00050272	UNCONDITIONAL_CALL
ram:0004f8de	ram:0004f908	CONDITIONAL_JUMP
ram:0004f8ec	ram:0004f9b8	CONDITIONAL_JUMP
ram:0004f8f2	ram:0004f9b8	CONDITIONAL_JUMP
ram:0004f8fe	ram:0004f9b8	CONDITIONAL_JUMP
ram:0004f910	ram:0004f9e8	CONDITIONAL_JUMP
ram:0004f916	ram:0004f936	CONDITIONAL_JUMP
ram:0004f922	ram:20000040	COMPUTED_CALL
ram:0004f928	ram:0004f936	CONDITIONAL_JUMP
ram:0004f932	ram:20000214	COMPUTED_CALL
ram:0004f938	ram:0004f98e	CONDITIONAL_JUMP
ram:0004f93e	ram:0004f94a	CONDITIONAL_JUMP
ram:0004f942	ram:0004e9a0	UNCONDITIONAL_CALL
ram:0004f954	ram:20000214	COMPUTED_CALL
ram:0004f968	ram:0004f970	CONDITIONAL_JUMP
ram:0004f96c	ram:000440ba	UNCONDITIONAL_CALL
ram:0004f970	ram:00041eae	UNCONDITIONAL_CALL
ram:0004f980	ram:000440ba	UNCONDITIONAL_CALL
ram:0004f98a	ram:00050588	UNCONDITIONAL_CALL
ram:0004f99a	ram:0004df14	UNCONDITIONAL_CALL
ram:0004f9a0	ram:0004f9a6	CONDITIONAL_JUMP
ram:0004f9a6	ram:20002000	PARAM
ram:0004f9aa	ram:20001d4f	READ
ram:0004f9b2	ram:0004224c	UNCONDITIONAL_CALL
ram:0004f9b6	ram:0004f8ce	UNCONDITIONAL_JUMP
ram:0004f9bc	ram:0004f9d0	CONDITIONAL_JUMP
ram:0004f9c8	ram:0004f9d0	CONDITIONAL_JUMP
ram:0004f9ce	ram:0004f904	UNCONDITIONAL_JUMP
ram:0004f9d4	ram:0004f908	CONDITIONAL_JUMP
ram:0004f9e0	ram:0004f908	CONDITIONAL_JUMP
ram:0004f9e6	ram:0004f904	UNCONDITIONAL_JUMP
ram:0004f9ec	ram:0004fa22	CONDITIONAL_JUMP
ram:0004f9f2	ram:0004fa04	CONDITIONAL_JUMP
ram:0004fa00	ram:000505e0	UNCONDITIONAL_CALL
ram:0004fa0e	ram:0004fa70	CONDITIONAL_JUMP
ram:0004fa1a	ram:0004fa70	CONDITIONAL_JUMP
ram:0004fa20	ram:0004f992	UNCONDITIONAL_JUMP
ram:0004fa26	ram:0004fa3e	CONDITIONAL_JUMP
ram:0004fa2a	ram:000443c2	UNCONDITIONAL_CALL
ram:0004fa34	ram:000505d0	UNCONDITIONAL_CALL
ram:0004fa3c	ram:0004f992	UNCONDITIONAL_JUMP
ram:0004fa42	ram:0004fa88	CONDITIONAL_JUMP
ram:0004fa46	ram:000443b8	UNCONDITIONAL_CALL
ram:0004fa50	ram:0004fa58	CONDITIONAL_JUMP
ram:0004fa5a	ram:00044398	UNCONDITIONAL_CALL
ram:0004fa66	ram:00050598	UNCONDITIONAL_CALL
ram:0004fa74	ram:0004fa9e	CONDITIONAL_JUMP
ram:0004fa80	ram:0004fa9e	CONDITIONAL_JUMP
ram:0004fa86	ram:0004f992	UNCONDITIONAL_JUMP
ram:0004fa8c	ram:0004fa9e	CONDITIONAL_JUMP
ram:0004fa90	ram:000443cc	UNCONDITIONAL_CALL
ram:0004fa9a	ram:00050618	UNCONDITIONAL_CALL
ram:0004faa2	ram:0004f8ca	UNCONDITIONAL_JUMP
ram:0004fabc	ram:0004faca	CONDITIONAL_JUMP
ram:0004fac8	ram:0004faee	CONDITIONAL_JUMP
ram:0004face	ram:0004fadc	CONDITIONAL_JUMP
ram:0004fada	ram:0004faee	CONDITIONAL_JUMP
ram:0004fae0	ram:0004fb1a	CONDITIONAL_JUMP
ram:0004faec	ram:0004fb1a	CONDITIONAL_JUMP
ram:0004faf8	ram:0004f840	UNCONDITIONAL_CALL
ram:0004fb04	ram:0004fb24	CONDITIONAL_JUMP
ram:0004fb16	ram:0004e5a2	UNCONDITIONAL_CALL
ram:0004fb22	ram:0004fb08	UNCONDITIONAL_JUMP
ram:0004fb42	ram:0004ff18	CONDITIONAL_JUMP
ram:0004fb4e	ram:0004fb56	CONDITIONAL_JUMP
ram:0004fb54	ram:0004fb5e	UNCONDITIONAL_JUMP
ram:0004fb5a	ram:0004fb6e	CONDITIONAL_JUMP
ram:0004fb78	ram:0004fb5c	CONDITIONAL_JUMP
ram:0004fb82	ram:0006c078	PARAM
ram:0004fb88	ram:0006c078	DATA
ram:0004fb8a	ram:0004fb8c	COMPUTED_JUMP
ram:0004fb8a	ram:0004fb98	COMPUTED_JUMP
ram:0004fb8a	ram:0004fbda	COMPUTED_JUMP
ram:0004fb8a	ram:0004fd00	COMPUTED_JUMP
ram:0004fb8a	ram:0004fd0a	COMPUTED_JUMP
ram:0004fb8a	ram:0004fd4e	COMPUTED_JUMP
ram:0004fb8a	ram:0004fd90	COMPUTED_JUMP
ram:0004fb8a	ram:0004fdc6	COMPUTED_JUMP
ram:0004fb8a	ram:0004fdfe	COMPUTED_JUMP
ram:0004fb8a	ram:0004fca0	COMPUTED_JUMP
ram:0004fb8a	ram:0004fe32	COMPUTED_JUMP
ram:0004fb8a	ram:0004febe	COMPUTED_JUMP
ram:0004fb90	ram:0004f5d2	UNCONDITIONAL_CALL
ram:0004fb96	ram:0004fb5e	UNCONDITIONAL_JUMP
ram:0004fba4	ram:200001dc	COMPUTED_CALL
ram:0004fbaa	ram:000502a6	UNCONDITIONAL_CALL
ram:0004fbae	ram:0004fbb2	CONDITIONAL_JUMP
ram:0004fbba	ram:0004fbc8	CONDITIONAL_JUMP
ram:0004fbc6	ram:0004fb5e	UNCONDITIONAL_JUMP
ram:0004fbcc	ram:0004fbd6	CONDITIONAL_JUMP
ram:0004fbd4	ram:0004fbc2	UNCONDITIONAL_JUMP
ram:0004fbd8	ram:0004fbc2	UNCONDITIONAL_JUMP
ram:0004fbe8	ram:200001dc	COMPUTED_CALL
ram:0004fbf0	ram:0004fca4	CONDITIONAL_JUMP
ram:0004fbfa	ram:0004fc0c	CONDITIONAL_JUMP
ram:0004fc00	ram:0005033c	UNCONDITIONAL_CALL
ram:0004fc0a	ram:0004fca0	UNCONDITIONAL_JUMP
ram:0004fc10	ram:0004fc98	CONDITIONAL_JUMP
ram:0004fc2c	ram:20001f04	READ
ram:0004fc3a	ram:0004fb52	CONDITIONAL_JUMP
ram:0004fc3e	ram:0004fb52	CONDITIONAL_JUMP
ram:0004fc52	ram:0004fb52	CONDITIONAL_JUMP
ram:0004fc62	ram:2000026a	COMPUTED_CALL
ram:0004fc76	ram:0004fc84	CONDITIONAL_JUMP
ram:0004fc7c	ram:0005033c	UNCONDITIONAL_CALL
ram:0004fc82	ram:0004fbc2	UNCONDITIONAL_JUMP
ram:0004fc84	ram:20002000	PARAM
ram:0004fc88	ram:20001d4f	READ
ram:0004fc8e	ram:00042138	UNCONDITIONAL_CALL
ram:0004fc96	ram:0004fbc2	UNCONDITIONAL_JUMP
ram:0004fc9c	ram:0004fbfe	CONDITIONAL_JUMP
ram:0004fca2	ram:0004fb5e	UNCONDITIONAL_JUMP
ram:0004fcb0	ram:0004e8ec	UNCONDITIONAL_CALL
ram:0004fcc0	ram:2000026a	COMPUTED_CALL
ram:0004fcc4	ram:0004fb5e	CONDITIONAL_JUMP
ram:0004fcd2	ram:00051502	UNCONDITIONAL_CALL
ram:0004fcd6	ram:0004fcf8	CONDITIONAL_JUMP
ram:0004fcda	ram:0004e9a0	UNCONDITIONAL_CALL
ram:0004fce4	ram:20001d48	READ
ram:0004fcf6	ram:0004fcfa	CONDITIONAL_JUMP
ram:0004fcfe	ram:0004fbc2	UNCONDITIONAL_JUMP
ram:0004fd04	ram:0004e5a2	UNCONDITIONAL_CALL
ram:0004fd08	ram:0004fca0	UNCONDITIONAL_JUMP
ram:0004fd12	ram:0004fb5c	CONDITIONAL_JUMP
ram:0004fd18	ram:0004fd2a	CONDITIONAL_JUMP
ram:0004fd24	ram:20000040	COMPUTED_CALL
ram:0004fd2c	ram:0004fb5c	CONDITIONAL_JUMP
ram:0004fd38	ram:200001dc	COMPUTED_CALL
ram:0004fd40	ram:0004e9a0	UNCONDITIONAL_CALL
ram:0004fd4c	ram:0004fc06	UNCONDITIONAL_JUMP
ram:0004fd56	ram:0004fb5c	CONDITIONAL_JUMP
ram:0004fd70	ram:200001dc	COMPUTED_CALL
ram:0004fd7e	ram:0004fdea	CONDITIONAL_JUMP
ram:0004fd88	ram:0004fdea	CONDITIONAL_JUMP
ram:0004fd8e	ram:0004fc06	UNCONDITIONAL_JUMP
ram:0004fd98	ram:0004fb5c	CONDITIONAL_JUMP
ram:0004fd9e	ram:0004fdae	CONDITIONAL_JUMP
ram:0004fda8	ram:20000040	COMPUTED_CALL
ram:0004fdb0	ram:0004fca0	CONDITIONAL_JUMP
ram:0004fdbc	ram:200001dc	COMPUTED_CALL
ram:0004fdc4	ram:0004fc06	UNCONDITIONAL_JUMP
ram:0004fdce	ram:0004fb5c	CONDITIONAL_JUMP
ram:0004fde0	ram:200001dc	COMPUTED_CALL
ram:0004fdec	ram:0004fe2a	CONDITIONAL_JUMP
ram:0004fdf6	ram:0004fe2a	CONDITIONAL_JUMP
ram:0004fdfc	ram:0004fc06	UNCONDITIONAL_JUMP
ram:0004fe00	ram:0004fe12	CONDITIONAL_JUMP
ram:0004fe0c	ram:20000040	COMPUTED_CALL
ram:0004fe14	ram:0004fb52	CONDITIONAL_JUMP
ram:0004fe20	ram:200001dc	COMPUTED_CALL
ram:0004fe2c	ram:0004faa6	UNCONDITIONAL_CALL
ram:0004fe30	ram:0004fca0	UNCONDITIONAL_JUMP
ram:0004fe44	ram:200001dc	COMPUTED_CALL
ram:0004fe4a	ram:0004e8b0	UNCONDITIONAL_CALL
ram:0004fe56	ram:0004fe60	CONDITIONAL_JUMP
ram:0004fe5e	ram:0004fc06	UNCONDITIONAL_JUMP
ram:0004fe64	ram:0004fe7c	CONDITIONAL_JUMP
ram:0004fe68	ram:20002000	PARAM
ram:0004fe6c	ram:20001d4f	READ
ram:0004fe72	ram:00042138	UNCONDITIONAL_CALL
ram:0004fe7a	ram:0004fc06	UNCONDITIONAL_JUMP
ram:0004fe80	ram:0004fca0	CONDITIONAL_JUMP
ram:0004fe88	ram:20001f04	READ
ram:0004fe8c	ram:0004fb52	CONDITIONAL_JUMP
ram:0004fe92	ram:0004fb52	CONDITIONAL_JUMP
ram:0004feb4	ram:00044ef0	UNCONDITIONAL_CALL
ram:0004febc	ram:0004fc06	UNCONDITIONAL_JUMP
ram:0004fec6	ram:0004fb5c	CONDITIONAL_JUMP
ram:0004fed6	ram:2000026a	COMPUTED_CALL
ram:0004fedc	ram:0004fb5e	CONDITIONAL_JUMP
ram:0004feec	ram:200001dc	COMPUTED_CALL
ram:0004fef2	ram:0004e9a0	UNCONDITIONAL_CALL
ram:0004fefc	ram:20001d48	READ
ram:0004ff0e	ram:0004ff12	CONDITIONAL_JUMP
ram:0004ff16	ram:0004fbc2	UNCONDITIONAL_JUMP
ram:0004ff1a	ram:0004fca0	CONDITIONAL_JUMP
ram:0004ff2e	ram:0004472c	UNCONDITIONAL_CALL
ram:0004ff32	ram:0004fca0	UNCONDITIONAL_JUMP
ram:0004ff36	ram:0004fff6	CONDITIONAL_JUMP
ram:0004ff38	ram:0004fff6	CONDITIONAL_JUMP
ram:0004ff76	ram:0004ff80	CONDITIONAL_JUMP
ram:0004ff88	ram:0004ff96	CONDITIONAL_JUMP
ram:0004ff9e	ram:0004ffae	CONDITIONAL_JUMP
ram:0004ffc2	ram:0004ffcc	CONDITIONAL_JUMP
ram:0004ffd2	ram:0004ffe0	CONDITIONAL_JUMP
ram:0004ffe8	ram:0004fff6	CONDITIONAL_JUMP
ram:00050000	ram:0004ff34	UNCONDITIONAL_CALL
ram:0005000a	ram:0004ff34	UNCONDITIONAL_CALL
ram:00050010	ram:0005003a	CONDITIONAL_JUMP
ram:00050012	ram:0005003a	CONDITIONAL_JUMP
ram:0005002c	ram:200001dc	COMPUTED_CALL
ram:00050040	ram:0005006a	CONDITIONAL_JUMP
ram:00050042	ram:0005006a	CONDITIONAL_JUMP
ram:0005005c	ram:200001dc	COMPUTED_CALL
ram:00050070	ram:0005009a	CONDITIONAL_JUMP
ram:00050072	ram:0005009a	CONDITIONAL_JUMP
ram:0005008c	ram:200001dc	COMPUTED_CALL
ram:000500a0	ram:000500de	CONDITIONAL_JUMP
ram:000500a2	ram:000500de	CONDITIONAL_JUMP
ram:000500d0	ram:200001dc	COMPUTED_CALL
ram:000500e4	ram:0005010e	CONDITIONAL_JUMP
ram:000500e6	ram:0005010e	CONDITIONAL_JUMP
ram:00050100	ram:200001dc	COMPUTED_CALL
ram:00050114	ram:00050148	CONDITIONAL_JUMP
ram:00050116	ram:00050148	CONDITIONAL_JUMP
ram:0005013a	ram:200001dc	COMPUTED_CALL
ram:0005014e	ram:00050178	CONDITIONAL_JUMP
ram:00050150	ram:00050178	CONDITIONAL_JUMP
ram:0005016a	ram:200001dc	COMPUTED_CALL
ram:0005017e	ram:000501aa	CONDITIONAL_JUMP
ram:00050180	ram:000501aa	CONDITIONAL_JUMP
ram:0005019c	ram:200001dc	COMPUTED_CALL
ram:000501b0	ram:000501da	CONDITIONAL_JUMP
ram:000501b2	ram:000501da	CONDITIONAL_JUMP
ram:000501cc	ram:200001dc	COMPUTED_CALL
ram:000501e0	ram:000501f4	CONDITIONAL_JUMP
ram:000501e2	ram:000501f4	CONDITIONAL_JUMP
ram:000501fa	ram:0005020e	CONDITIONAL_JUMP
ram:000501fc	ram:0005020e	CONDITIONAL_JUMP
ram:00050212	ram:0005023e	CONDITIONAL_JUMP
ram:0005021e	ram:0004e85c	UNCONDITIONAL_CALL
ram:0005022c	ram:0004fffa	PARAM
ram:00050232	ram:0004e78a	UNCONDITIONAL_CALL
ram:00050242	ram:0005026e	CONDITIONAL_JUMP
ram:0005024e	ram:0004e85c	UNCONDITIONAL_CALL
ram:0005025c	ram:00050004	PARAM
ram:00050262	ram:0004e78a	UNCONDITIONAL_CALL
ram:00050286	ram:200001dc	COMPUTED_CALL
ram:00050294	ram:0005000e	PARAM
ram:0005029a	ram:0004e78a	UNCONDITIONAL_CALL
ram:000502ba	ram:200001dc	COMPUTED_CALL
ram:000502c8	ram:0005003e	PARAM
ram:000502ce	ram:0004e78a	UNCONDITIONAL_CALL
ram:000502de	ram:20001f04	READ
ram:000502e2	ram:00050336	CONDITIONAL_JUMP
ram:000502f2	ram:0005032e	CONDITIONAL_JUMP
ram:00050314	ram:200001dc	COMPUTED_CALL
ram:00050320	ram:0005017c	PARAM
ram:0005032a	ram:0004e78a	UNCONDITIONAL_CALL
ram:00050358	ram:0004df14	UNCONDITIONAL_CALL
ram:00050360	ram:00050372	CONDITIONAL_JUMP
ram:0005036c	ram:20000040	COMPUTED_CALL
ram:00050376	ram:000503a8	CONDITIONAL_JUMP
ram:00050380	ram:20000214	COMPUTED_CALL
ram:0005038a	ram:0004e9a0	UNCONDITIONAL_CALL
ram:0005039a	ram:000504ce	CONDITIONAL_JUMP
ram:0005039e	ram:20001f04	READ
ram:000503a2	ram:000503c2	CONDITIONAL_JUMP
ram:000503c6	ram:000503a4	CONDITIONAL_JUMP
ram:000503ce	ram:000443b8	UNCONDITIONAL_CALL
ram:000503d6	ram:00044398	UNCONDITIONAL_CALL
ram:000503f0	Stack[-0xc0]	DATA
ram:00050424	ram:20001f04	READ
ram:00050428	ram:000503a4	CONDITIONAL_JUMP
ram:0005042e	ram:000503a4	CONDITIONAL_JUMP
ram:0005043c	ram:000443b8	UNCONDITIONAL_CALL
ram:00050444	ram:00044398	UNCONDITIONAL_CALL
ram:0005044e	Stack[-0xc0]	DATA
ram:00050480	ram:20001f04	READ
ram:00050488	ram:000443b8	UNCONDITIONAL_CALL
ram:00050490	ram:00044398	UNCONDITIONAL_CALL
ram:000504b0	Stack[-0xc0]	DATA
ram:000504be	ram:000501ae	PARAM
ram:000504c6	ram:0004e78a	UNCONDITIONAL_CALL
ram:000504cc	ram:000503a8	UNCONDITIONAL_JUMP
ram:000504d2	ram:20001f04	READ
ram:000504e4	ram:000443b8	UNCONDITIONAL_CALL
ram:000504ec	ram:00044398	UNCONDITIONAL_CALL
ram:0005050e	Stack[-0xc0]	DATA
ram:00050538	ram:20001f04	READ
ram:0005054a	ram:000443b8	UNCONDITIONAL_CALL
ram:00050552	ram:00044398	UNCONDITIONAL_CALL
ram:00050558	Stack[-0xc0]	DATA
ram:0005057c	ram:2000026a	COMPUTED_CALL
ram:00050582	ram:00050466	CONDITIONAL_JUMP
ram:00050586	ram:000503a8	UNCONDITIONAL_JUMP
ram:0005058e	ram:0005006e	PARAM
ram:00050594	ram:0004e78a	UNCONDITIONAL_CALL
ram:0005059e	Stack[-0x50]	DATA
ram:000505b2	ram:200001dc	COMPUTED_CALL
ram:000505be	ram:00050112	PARAM
ram:000505c4	ram:0004e78a	UNCONDITIONAL_CALL
ram:000505d6	ram:000500e2	PARAM
ram:000505dc	ram:0004e78a	UNCONDITIONAL_CALL
ram:000505e6	Stack[-0x50]	DATA
ram:000505fa	ram:200001dc	COMPUTED_CALL
ram:00050606	ram:0005009e	PARAM
ram:0005060c	ram:0004e78a	UNCONDITIONAL_CALL
ram:0005061e	ram:0005014c	PARAM
ram:00050624	ram:0004e78a	UNCONDITIONAL_CALL
ram:0005063a	ram:000506c2	CONDITIONAL_JUMP
ram:00050642	ram:000506ce	CONDITIONAL_JUMP
ram:00050674	ram:000440ba	UNCONDITIONAL_CALL
ram:0005067e	ram:20001f04	READ
ram:00050682	ram:000506b8	CONDITIONAL_JUMP
ram:00050686	ram:000506b8	CONDITIONAL_JUMP
ram:000506a0	ram:000506b8	CONDITIONAL_JUMP
ram:000506ae	ram:200001dc	COMPUTED_CALL
ram:000506b4	ram:00050272	UNCONDITIONAL_CALL
ram:000506cc	ram:0005067a	UNCONDITIONAL_JUMP
ram:000506d2	ram:000506fe	CONDITIONAL_JUMP
ram:000506e0	ram:000507d0	CONDITIONAL_JUMP
ram:000506e8	ram:000507d0	CONDITIONAL_JUMP
ram:000506f4	ram:000507d0	CONDITIONAL_JUMP
ram:00050706	ram:00050804	CONDITIONAL_JUMP
ram:0005070c	ram:0005071e	CONDITIONAL_JUMP
ram:00050718	ram:20000040	COMPUTED_CALL
ram:00050720	ram:000507a2	CONDITIONAL_JUMP
ram:00050724	ram:0004e9a0	UNCONDITIONAL_CALL
ram:00050736	ram:20000214	COMPUTED_CALL
ram:0005074a	ram:00050784	CONDITIONAL_JUMP
ram:00050752	ram:20001f0f	READ
ram:00050756	ram:000507fe	CONDITIONAL_JUMP
ram:00050762	ram:20000214	COMPUTED_CALL
ram:0005076c	ram:20001c1c	PARAM
ram:00050776	ram:200001dc	COMPUTED_CALL
ram:00050780	ram:00061b44	UNCONDITIONAL_CALL
ram:00050784	ram:00041eae	UNCONDITIONAL_CALL
ram:00050794	ram:000440ba	UNCONDITIONAL_CALL
ram:0005079e	ram:00050588	UNCONDITIONAL_CALL
ram:000507ae	ram:0004df14	UNCONDITIONAL_CALL
ram:000507b4	ram:000507c0	CONDITIONAL_JUMP
ram:000507c0	ram:20002000	PARAM
ram:000507c4	ram:20001d4f	READ
ram:000507ca	ram:0004224c	UNCONDITIONAL_CALL
ram:000507ce	ram:000506b8	UNCONDITIONAL_JUMP
ram:000507d4	ram:000507e6	CONDITIONAL_JUMP
ram:000507de	ram:000507e6	CONDITIONAL_JUMP
ram:000507e4	ram:000506fa	UNCONDITIONAL_JUMP
ram:000507e8	ram:000506fe	CONDITIONAL_JUMP
ram:000507f4	ram:000506fe	CONDITIONAL_JUMP
ram:000507fc	ram:000506fa	UNCONDITIONAL_JUMP
ram:000507fe	ram:000440ba	UNCONDITIONAL_CALL
ram:00050802	ram:00050784	UNCONDITIONAL_JUMP
ram:00050808	ram:0005083c	CONDITIONAL_JUMP
ram:0005080e	ram:00050820	CONDITIONAL_JUMP
ram:0005081c	ram:000505e0	UNCONDITIONAL_CALL
ram:0005082a	ram:00050882	CONDITIONAL_JUMP
ram:00050834	ram:00050882	CONDITIONAL_JUMP
ram:0005083a	ram:000507a6	UNCONDITIONAL_JUMP
ram:00050840	ram:00050858	CONDITIONAL_JUMP
ram:00050844	ram:000443c2	UNCONDITIONAL_CALL
ram:0005084e	ram:000505d0	UNCONDITIONAL_CALL
ram:00050856	ram:000507a6	UNCONDITIONAL_JUMP
ram:0005085c	ram:0005089c	CONDITIONAL_JUMP
ram:00050860	ram:000443b8	UNCONDITIONAL_CALL
ram:00050864	ram:00050896	CONDITIONAL_JUMP
ram:0005086c	ram:00044398	UNCONDITIONAL_CALL
ram:00050878	ram:00050598	UNCONDITIONAL_CALL
ram:00050884	ram:000508b2	CONDITIONAL_JUMP
ram:0005088e	ram:000508b2	CONDITIONAL_JUMP
ram:00050894	ram:000507a6	UNCONDITIONAL_JUMP
ram:0005089a	ram:0005086a	UNCONDITIONAL_JUMP
ram:000508a0	ram:000508b2	CONDITIONAL_JUMP
ram:000508a4	ram:000443cc	UNCONDITIONAL_CALL
ram:000508ae	ram:00050618	UNCONDITIONAL_CALL
ram:000508bc	ram:000508da	CONDITIONAL_JUMP
ram:000508c2	ram:000508da	CONDITIONAL_JUMP
ram:000508ce	ram:000508da	CONDITIONAL_JUMP
ram:000508d8	ram:000506b8	UNCONDITIONAL_JUMP
ram:000508de	ram:000508f2	CONDITIONAL_JUMP
ram:000508ea	ram:000508f2	CONDITIONAL_JUMP
ram:000508f0	ram:000508d4	UNCONDITIONAL_JUMP
ram:000508f6	ram:0005090a	CONDITIONAL_JUMP
ram:00050902	ram:0005090a	CONDITIONAL_JUMP
ram:00050908	ram:000508d4	UNCONDITIONAL_JUMP
ram:0005090e	ram:000508d4	UNCONDITIONAL_JUMP
ram:00050924	ram:0004df14	UNCONDITIONAL_CALL
ram:00050934	ram:20000214	COMPUTED_CALL
ram:00050938	ram:000509a8	CONDITIONAL_JUMP
ram:0005093e	ram:000509a8	CONDITIONAL_JUMP
ram:0005094a	ram:00050988	CONDITIONAL_JUMP
ram:00050952	ram:00050970	CONDITIONAL_JUMP
ram:00050956	ram:000509a8	CONDITIONAL_JUMP
ram:0005095a	ram:0005256e	UNCONDITIONAL_CALL
ram:0005097e	ram:00051502	UNCONDITIONAL_CALL
ram:00050982	ram:000509a8	CONDITIONAL_JUMP
ram:00050986	ram:00050958	UNCONDITIONAL_JUMP
ram:0005098a	ram:000509a8	CONDITIONAL_JUMP
ram:00050990	ram:000509a8	CONDITIONAL_JUMP
ram:0005099e	ram:2000026a	COMPUTED_CALL
ram:000509a2	ram:000509a8	CONDITIONAL_JUMP
ram:000509a6	ram:00050958	UNCONDITIONAL_JUMP
ram:000509aa	ram:0004df14	UNCONDITIONAL_CALL
ram:000509b2	ram:00050960	CONDITIONAL_JUMP
ram:000509b6	ram:00050a06	CONDITIONAL_JUMP
ram:000509bc	ram:00050a06	CONDITIONAL_JUMP
ram:000509ca	ram:2000026a	COMPUTED_CALL
ram:000509d0	ram:00050a06	CONDITIONAL_JUMP
ram:000509d8	ram:200019cb	READ
ram:000509dc	ram:000509e8	CONDITIONAL_JUMP
ram:000509e4	ram:00050aba	CONDITIONAL_JUMP
ram:000509ec	ram:00052512	UNCONDITIONAL_CALL
ram:000509f4	ram:20001bec	READ
ram:000509fa	ram:00050960	CONDITIONAL_JUMP
ram:00050a04	ram:00050960	UNCONDITIONAL_JUMP
ram:00050a0a	ram:20001f10	READ
ram:00050a1a	ram:00050a5e	CONDITIONAL_JUMP
ram:00050a24	ram:20001f08	READ
ram:00050a28	ram:00050a5e	CONDITIONAL_JUMP
ram:00050a32	ram:20001f09	PARAM
ram:00050a3e	ram:2000026a	COMPUTED_CALL
ram:00050a44	ram:00050a5e	CONDITIONAL_JUMP
ram:00050a48	ram:20001bec	READ
ram:00050a4c	ram:00050a54	CONDITIONAL_JUMP
ram:00050a58	ram:00052512	UNCONDITIONAL_CALL
ram:00050a5c	ram:0005095e	UNCONDITIONAL_JUMP
ram:00050a62	ram:20001f0f	READ
ram:00050a66	ram:20001bec	READ
ram:00050a6a	ram:00050abe	CONDITIONAL_JUMP
ram:00050a6c	ram:20001f10	READ
ram:00050a72	ram:00050a84	CONDITIONAL_JUMP
ram:00050a74	ram:00050a7c	CONDITIONAL_JUMP
ram:00050a7e	ram:00052572	UNCONDITIONAL_CALL
ram:00050a82	ram:0005095e	UNCONDITIONAL_JUMP
ram:00050a84	ram:00050a8c	CONDITIONAL_JUMP
ram:00050a96	ram:20000214	COMPUTED_CALL
ram:00050aa0	ram:20001c1c	PARAM
ram:00050aaa	ram:200001dc	COMPUTED_CALL
ram:00050ab4	ram:00061b44	UNCONDITIONAL_CALL
ram:00050abc	ram:0005095a	UNCONDITIONAL_JUMP
ram:00050ac0	ram:00050a78	CONDITIONAL_JUMP
ram:00050ac2	ram:00050a7c	UNCONDITIONAL_JUMP
ram:00050ada	ram:00051180	CONDITIONAL_JUMP
ram:00050ae6	ram:00050afe	CONDITIONAL_JUMP
ram:00050b02	ram:00050b08	CONDITIONAL_JUMP
ram:00050b06	ram:00050aec	UNCONDITIONAL_JUMP
ram:00050b12	ram:00050b04	CONDITIONAL_JUMP
ram:00050b1c	ram:0006c0a8	PARAM
ram:00050b22	ram:0006c0a8	DATA
ram:00050b24	ram:00050b26	COMPUTED_JUMP
ram:00050b24	ram:00050b04	COMPUTED_JUMP
ram:00050b24	ram:00050e1a	COMPUTED_JUMP
ram:00050b24	ram:00050e76	COMPUTED_JUMP
ram:00050b24	ram:0005117a	COMPUTED_JUMP
ram:00050b24	ram:00050f9c	COMPUTED_JUMP
ram:00050b24	ram:00050fe2	COMPUTED_JUMP
ram:00050b24	ram:00051026	COMPUTED_JUMP
ram:00050b24	ram:0005105e	COMPUTED_JUMP
ram:00050b24	ram:0005109a	COMPUTED_JUMP
ram:00050b24	ram:000510de	COMPUTED_JUMP
ram:00050b24	ram:00051154	COMPUTED_JUMP
ram:00050b28	ram:00050aea	CONDITIONAL_JUMP
ram:00050b36	ram:20000040	COMPUTED_CALL
ram:00050b3c	ram:00050aea	CONDITIONAL_JUMP
ram:00050b44	ram:00050b4c	CONDITIONAL_JUMP
ram:00050b4a	ram:00050aec	UNCONDITIONAL_JUMP
ram:00050b52	ram:00050b48	CONDITIONAL_JUMP
ram:00050b60	ram:200001dc	COMPUTED_CALL
ram:00050c34	ram:00050d36	CONDITIONAL_JUMP
ram:00050c3e	ram:00050d36	CONDITIONAL_JUMP
ram:00050c42	ram:00050aea	CONDITIONAL_JUMP
ram:00050c52	ram:20000040	COMPUTED_CALL
ram:00050c5a	ram:00050b48	CONDITIONAL_JUMP
ram:00050c6c	ram:00050c7e	CONDITIONAL_JUMP
ram:00050c6e	ram:00050d02	CONDITIONAL_JUMP
ram:00050c7c	ram:00050c86	UNCONDITIONAL_JUMP
ram:00050c84	ram:00050c70	CONDITIONAL_JUMP
ram:00050c88	ram:00050242	UNCONDITIONAL_CALL
ram:00050c94	ram:00050cac	CONDITIONAL_JUMP
ram:00050c9e	ram:00050cac	CONDITIONAL_JUMP
ram:00050cb0	ram:00050cbe	CONDITIONAL_JUMP
ram:00050cc4	ram:00050d82	CONDITIONAL_JUMP
ram:00050cd4	ram:20000214	COMPUTED_CALL
ram:00050ce4	ram:20000214	COMPUTED_CALL
ram:00050cee	ram:000440ba	UNCONDITIONAL_CALL
ram:00050cf6	ram:00050d7e	CONDITIONAL_JUMP
ram:00050d00	ram:00050aec	UNCONDITIONAL_JUMP
ram:00050d08	ram:00050d16	CONDITIONAL_JUMP
ram:00050d10	ram:00050d16	CONDITIONAL_JUMP
ram:00050d14	ram:00050c78	UNCONDITIONAL_JUMP
ram:00050d34	ram:00050c78	UNCONDITIONAL_JUMP
ram:00050d36	ram:00050d44	CONDITIONAL_JUMP
ram:00050d3c	ram:20000104	COMPUTED_CALL
ram:00050d4a	ram:00050d56	CONDITIONAL_JUMP
ram:00050d50	ram:00050d56	CONDITIONAL_JUMP
ram:00050d54	ram:00050c78	UNCONDITIONAL_JUMP
ram:00050d5c	ram:00050d66	CONDITIONAL_JUMP
ram:00050d64	ram:00050d12	CONDITIONAL_JUMP
ram:00050d7c	ram:00050d2c	UNCONDITIONAL_JUMP
ram:00050d80	ram:00050cfc	UNCONDITIONAL_JUMP
ram:00050d86	ram:00050dde	CONDITIONAL_JUMP
ram:00050d90	ram:00050dce	CONDITIONAL_JUMP
ram:00050d98	ram:200001dc	COMPUTED_CALL
ram:00050da8	ram:20000214	COMPUTED_CALL
ram:00050dbe	ram:000440ba	UNCONDITIONAL_CALL
ram:00050dc6	ram:00050dda	CONDITIONAL_JUMP
ram:00050dcc	ram:00050cfc	UNCONDITIONAL_JUMP
ram:00050dd4	ram:20000214	COMPUTED_CALL
ram:00050dd8	ram:00050d9c	UNCONDITIONAL_JUMP
ram:00050ddc	ram:00050cfc	UNCONDITIONAL_JUMP
ram:00050de2	ram:00050df6	CONDITIONAL_JUMP
ram:00050dea	ram:00050df6	CONDITIONAL_JUMP
ram:00050df0	ram:00050dfe	CONDITIONAL_JUMP
ram:00050dfa	ram:00044e62	UNCONDITIONAL_CALL
ram:00050e0e	ram:00050e16	CONDITIONAL_JUMP
ram:00050e14	ram:00050cfc	UNCONDITIONAL_JUMP
ram:00050e18	ram:00050cfc	UNCONDITIONAL_JUMP
ram:00050e26	ram:200001dc	COMPUTED_CALL
ram:00050e32	ram:00050e4a	CONDITIONAL_JUMP
ram:00050e36	ram:20002000	PARAM
ram:00050e3a	ram:20001d4f	READ
ram:00050e40	ram:00042138	UNCONDITIONAL_CALL
ram:00050e48	ram:00050cfc	UNCONDITIONAL_JUMP
ram:00050e4c	ram:00050e72	CONDITIONAL_JUMP
ram:00050e5e	ram:0004e8ec	UNCONDITIONAL_CALL
ram:00050e64	ram:00050272	UNCONDITIONAL_CALL
ram:00050e6a	ram:00050e6e	CONDITIONAL_JUMP
ram:00050e70	ram:00050cfc	UNCONDITIONAL_JUMP
ram:00050e74	ram:00050cfc	UNCONDITIONAL_JUMP
ram:00050e84	ram:200001dc	COMPUTED_CALL
ram:00050e8c	ram:00050f64	CONDITIONAL_JUMP
ram:00050e96	ram:00050ea6	CONDITIONAL_JUMP
ram:00050e9c	ram:000502a6	UNCONDITIONAL_CALL
ram:00050ea4	ram:00050cfc	UNCONDITIONAL_JUMP
ram:00050eaa	ram:00050f26	CONDITIONAL_JUMP
ram:00050eb2	ram:20001f04	READ
ram:00050eb6	ram:00050b04	CONDITIONAL_JUMP
ram:00050ebe	ram:00050b04	CONDITIONAL_JUMP
ram:00050ef6	ram:2000026a	COMPUTED_CALL
ram:00050efa	ram:00050efe	CONDITIONAL_JUMP
ram:00050f00	ram:000502a6	UNCONDITIONAL_CALL
ram:00050f18	ram:00050f20	CONDITIONAL_JUMP
ram:00050f24	ram:00050aec	UNCONDITIONAL_JUMP
ram:00050f2a	ram:00050aec	CONDITIONAL_JUMP
ram:00050f32	ram:20001f04	READ
ram:00050f36	ram:00050b04	CONDITIONAL_JUMP
ram:00050f3c	ram:00050b04	CONDITIONAL_JUMP
ram:00050f5a	ram:00044ef0	UNCONDITIONAL_CALL
ram:00050f62	ram:00050cfc	UNCONDITIONAL_JUMP
ram:00050f6e	ram:0004e8ec	UNCONDITIONAL_CALL
ram:00050f7e	ram:2000026a	COMPUTED_CALL
ram:00050f86	ram:00050aec	CONDITIONAL_JUMP
ram:00050f8c	ram:000502a6	UNCONDITIONAL_CALL
ram:00050f92	ram:00050aea	CONDITIONAL_JUMP
ram:00050f9a	ram:00050cfc	UNCONDITIONAL_JUMP
ram:00050fa4	ram:00050b04	CONDITIONAL_JUMP
ram:00050faa	ram:00050fbc	CONDITIONAL_JUMP
ram:00050fb6	ram:20000040	COMPUTED_CALL
ram:00050fbe	ram:00050b04	CONDITIONAL_JUMP
ram:00050fca	ram:200001dc	COMPUTED_CALL
ram:00050fd4	ram:0004e9a0	UNCONDITIONAL_CALL
ram:00050fe0	ram:00050cfc	UNCONDITIONAL_JUMP
ram:00050fea	ram:00050b04	CONDITIONAL_JUMP
ram:00051004	ram:200001dc	COMPUTED_CALL
ram:00051012	ram:00051082	CONDITIONAL_JUMP
ram:0005101e	ram:00051082	CONDITIONAL_JUMP
ram:00051024	ram:00050cfc	UNCONDITIONAL_JUMP
ram:0005102e	ram:00050b04	CONDITIONAL_JUMP
ram:00051034	ram:00051046	CONDITIONAL_JUMP
ram:00051040	ram:20000040	COMPUTED_CALL
ram:00051048	ram:00050b04	CONDITIONAL_JUMP
ram:00051054	ram:200001dc	COMPUTED_CALL
ram:0005105c	ram:00050cfc	UNCONDITIONAL_JUMP
ram:00051066	ram:00050b04	CONDITIONAL_JUMP
ram:00051078	ram:200001dc	COMPUTED_CALL
ram:00051086	ram:000510d2	CONDITIONAL_JUMP
ram:00051092	ram:000510d2	CONDITIONAL_JUMP
ram:00051098	ram:00050cfc	UNCONDITIONAL_JUMP
ram:000510a2	ram:00050b04	CONDITIONAL_JUMP
ram:000510a8	ram:000510ba	CONDITIONAL_JUMP
ram:000510b4	ram:20000040	COMPUTED_CALL
ram:000510bc	ram:00050aea	CONDITIONAL_JUMP
ram:000510c8	ram:200001dc	COMPUTED_CALL
ram:000510d8	ram:0004e5a2	UNCONDITIONAL_CALL
ram:000510dc	ram:00050aec	UNCONDITIONAL_JUMP
ram:000510e6	ram:00050aea	CONDITIONAL_JUMP
ram:000510ee	ram:00050aea	CONDITIONAL_JUMP
ram:00051100	ram:200001dc	COMPUTED_CALL
ram:00051106	ram:000502da	UNCONDITIONAL_CALL
ram:0005110e	ram:0004e8b0	UNCONDITIONAL_CALL
ram:0005111a	ram:00051138	CONDITIONAL_JUMP
ram:0005111e	ram:20002000	PARAM
ram:00051126	ram:20001d4f	READ
ram:0005112e	ram:0004224c	UNCONDITIONAL_CALL
ram:00051136	ram:00050cfc	UNCONDITIONAL_JUMP
ram:0005113c	ram:00051146	CONDITIONAL_JUMP
ram:00051144	ram:00050cfc	UNCONDITIONAL_JUMP
ram:0005114a	ram:00050aec	CONDITIONAL_JUMP
ram:00051152	ram:00050cfc	UNCONDITIONAL_JUMP
ram:0005115c	ram:00050aea	CONDITIONAL_JUMP
ram:0005116c	ram:200001dc	COMPUTED_CALL
ram:00051172	ram:0005033c	UNCONDITIONAL_CALL
ram:00051178	ram:00050f96	UNCONDITIONAL_JUMP
ram:0005117e	ram:000510d8	UNCONDITIONAL_JUMP
ram:00051184	ram:00050aec	CONDITIONAL_JUMP
ram:000511a2	ram:00044696	UNCONDITIONAL_CALL
ram:000511a6	ram:00050aec	UNCONDITIONAL_JUMP
ram:000511ca	ram:000511ac	CONDITIONAL_JUMP
ram:000511f8	ram:000511d8	CONDITIONAL_JUMP
ram:0005120e	ram:00051226	CONDITIONAL_JUMP
ram:00051220	ram:00051206	CONDITIONAL_JUMP
ram:00051226	ram:00051230	CONDITIONAL_JUMP
ram:0005122e	ram:0005121e	UNCONDITIONAL_JUMP
ram:00051234	ram:0005121e	UNCONDITIONAL_JUMP
ram:00051256	ram:20000040	COMPUTED_CALL
ram:00051266	ram:20000040	COMPUTED_CALL
ram:0005126e	ram:000512d6	CONDITIONAL_JUMP
ram:00051270	ram:000512cc	CONDITIONAL_JUMP
ram:0005127a	ram:20000214	COMPUTED_CALL
ram:00051284	ram:00061b44	UNCONDITIONAL_CALL
ram:0005128a	ram:000512cc	CONDITIONAL_JUMP
ram:00051290	ram:000512f6	CONDITIONAL_JUMP
ram:00051298	ram:000511d0	UNCONDITIONAL_CALL
ram:000512a2	ram:0006c0dc	PARAM
ram:000512a8	ram:000511a8	UNCONDITIONAL_CALL
ram:000512b0	ram:00051300	CONDITIONAL_JUMP
ram:000512b8	ram:000511d0	UNCONDITIONAL_CALL
ram:000512c2	ram:0006c0dc	PARAM
ram:000512c8	ram:000511a8	UNCONDITIONAL_CALL
ram:000512d2	ram:20000104	COMPUTED_CALL
ram:000512d6	ram:000512e2	CONDITIONAL_JUMP
ram:000512de	ram:20000104	COMPUTED_CALL
ram:000512fa	ram:000511d0	UNCONDITIONAL_CALL
ram:000512fe	ram:000512ac	UNCONDITIONAL_JUMP
ram:00051304	ram:000511d0	UNCONDITIONAL_CALL
ram:00051308	ram:000512cc	UNCONDITIONAL_JUMP
ram:00051328	ram:0005130e	CONDITIONAL_JUMP
ram:0005134c	ram:20000040	COMPUTED_CALL
ram:00051350	ram:000513ba	CONDITIONAL_JUMP
ram:0005135e	ram:20000214	COMPUTED_CALL
ram:0005136c	ram:20000298	COMPUTED_CALL
ram:0005137c	ram:20000298	COMPUTED_CALL
ram:0005138a	ram:00061b44	UNCONDITIONAL_CALL
ram:0005139c	ram:20000298	COMPUTED_CALL
ram:000513a6	ram:20000104	COMPUTED_CALL
ram:000513bc	ram:000513aa	UNCONDITIONAL_JUMP
ram:000513f0	ram:20000040	COMPUTED_CALL
ram:000513f4	ram:000514fe	CONDITIONAL_JUMP
ram:00051404	ram:20000214	COMPUTED_CALL
ram:00051412	ram:20000298	COMPUTED_CALL
ram:00051420	ram:20000214	COMPUTED_CALL
ram:0005142e	ram:20000298	COMPUTED_CALL
ram:0005143e	ram:20000298	COMPUTED_CALL
ram:0005145c	ram:20000214	COMPUTED_CALL
ram:0005146a	ram:20000298	COMPUTED_CALL
ram:0005147a	ram:20000298	COMPUTED_CALL
ram:0005148c	ram:20000298	COMPUTED_CALL
ram:00051494	ram:0005130a	UNCONDITIONAL_CALL
ram:000514a2	ram:00061b44	UNCONDITIONAL_CALL
ram:000514a8	ram:000514da	CONDITIONAL_JUMP
ram:000514b4	ram:200001dc	COMPUTED_CALL
ram:000514bc	ram:0005130a	UNCONDITIONAL_CALL
ram:000514c6	ram:00061b44	UNCONDITIONAL_CALL
ram:000514d6	ram:20000298	COMPUTED_CALL
ram:000514e0	ram:20000104	COMPUTED_CALL
ram:00051500	ram:000514e4	UNCONDITIONAL_JUMP
ram:00051524	ram:20000040	COMPUTED_CALL
ram:00051528	ram:00051594	CONDITIONAL_JUMP
ram:00051534	ram:20000298	COMPUTED_CALL
ram:00051546	ram:20000298	COMPUTED_CALL
ram:00051556	ram:20000298	COMPUTED_CALL
ram:00051564	ram:00061b44	UNCONDITIONAL_CALL
ram:00051574	ram:20000298	COMPUTED_CALL
ram:0005157e	ram:20000104	COMPUTED_CALL
ram:00051596	ram:00051582	UNCONDITIONAL_JUMP
ram:000515c6	ram:20000040	COMPUTED_CALL
ram:000515d6	ram:20000040	COMPUTED_CALL
ram:000515de	ram:0005167a	CONDITIONAL_JUMP
ram:000515e2	ram:00051670	CONDITIONAL_JUMP
ram:000515ea	ram:00051236	UNCONDITIONAL_CALL
ram:000515f0	ram:00051670	CONDITIONAL_JUMP
ram:000515fc	ram:20000040	COMPUTED_CALL
ram:0005160c	ram:20000040	COMPUTED_CALL
ram:00051612	ram:00051706	CONDITIONAL_JUMP
ram:00051616	ram:00051702	CONDITIONAL_JUMP
ram:00051624	ram:000516a6	CONDITIONAL_JUMP
ram:0005162c	ram:000516a8	CONDITIONAL_JUMP
ram:00051638	ram:000511a8	UNCONDITIONAL_CALL
ram:00051646	ram:20000214	COMPUTED_CALL
ram:00051652	ram:000516da	CONDITIONAL_JUMP
ram:00051656	ram:000516bc	CONDITIONAL_JUMP
ram:0005165e	ram:20000104	COMPUTED_CALL
ram:00051662	ram:00051670	CONDITIONAL_JUMP
ram:0005166c	ram:20000104	COMPUTED_CALL
ram:00051676	ram:20000104	COMPUTED_CALL
ram:0005167a	ram:00051688	CONDITIONAL_JUMP
ram:00051684	ram:20000104	COMPUTED_CALL
ram:000516b0	ram:000511fe	UNCONDITIONAL_CALL
ram:000516ba	ram:00051638	UNCONDITIONAL_JUMP
ram:000516c6	ram:000511a8	UNCONDITIONAL_CALL
ram:000516d0	ram:00061b44	UNCONDITIONAL_CALL
ram:000516d8	ram:0005164c	UNCONDITIONAL_JUMP
ram:000516da	ram:00051658	CONDITIONAL_JUMP
ram:000516e2	ram:000511a8	UNCONDITIONAL_CALL
ram:000516ec	ram:00061b44	UNCONDITIONAL_CALL
ram:000516fc	ram:200001dc	COMPUTED_CALL
ram:00051700	ram:00051658	UNCONDITIONAL_JUMP
ram:00051704	ram:00051658	UNCONDITIONAL_JUMP
ram:00051708	ram:00051662	UNCONDITIONAL_JUMP
ram:00051736	ram:00041c74	UNCONDITIONAL_CALL
ram:0005173a	ram:000517bc	CONDITIONAL_JUMP
ram:00051752	ram:000517aa	CONDITIONAL_JUMP
ram:00051766	ram:20000214	COMPUTED_CALL
ram:00051788	ram:20002000	PARAM
ram:000517a0	ram:20001d4c	READ
ram:000517a6	ram:00041d24	UNCONDITIONAL_CALL
ram:000517b6	ram:200001dc	COMPUTED_CALL
ram:000517ba	ram:0005176a	UNCONDITIONAL_JUMP
ram:000517f4	ram:00041c74	UNCONDITIONAL_CALL
ram:000517f8	ram:0005185a	CONDITIONAL_JUMP
ram:00051820	ram:200001dc	COMPUTED_CALL
ram:00051834	ram:200001dc	COMPUTED_CALL
ram:0005183e	ram:20002000	PARAM
ram:00051850	ram:20001d4c	READ
ram:00051856	ram:00041d24	UNCONDITIONAL_CALL
ram:0005187c	Stack[-0x20]	DATA
ram:0005187e	ram:00041c74	UNCONDITIONAL_CALL
ram:00051882	ram:000518c4	CONDITIONAL_JUMP
ram:00051894	Stack[-0x20]	DATA
ram:000518a2	ram:20002000	PARAM
ram:000518ba	ram:20001d4c	READ
ram:000518c0	ram:00041d24	UNCONDITIONAL_CALL
ram:000518de	ram:00041c74	UNCONDITIONAL_CALL
ram:000518e2	ram:00051926	CONDITIONAL_JUMP
ram:0005190a	ram:200001dc	COMPUTED_CALL
ram:00051910	ram:20002000	PARAM
ram:0005191c	ram:20001d4c	READ
ram:00051922	ram:00041d24	UNCONDITIONAL_CALL
ram:00051944	ram:00041c74	UNCONDITIONAL_CALL
ram:00051948	ram:0005198a	CONDITIONAL_JUMP
ram:0005196a	ram:200001dc	COMPUTED_CALL
ram:00051974	ram:20002000	PARAM
ram:00051980	ram:20001d4f	READ
ram:00051986	ram:00041d24	UNCONDITIONAL_CALL
ram:000519a6	Stack[-0x20]	DATA
ram:000519a8	ram:00041c74	UNCONDITIONAL_CALL
ram:000519ac	ram:000519ee	CONDITIONAL_JUMP
ram:000519be	Stack[-0x20]	DATA
ram:000519ca	ram:20002000	PARAM
ram:000519e4	ram:20001d4c	READ
ram:000519ea	ram:00041d24	UNCONDITIONAL_CALL
ram:00051a04	Stack[-0x30]	DATA
ram:00051a06	ram:0004df14	UNCONDITIONAL_CALL
ram:00051a0a	ram:00051a30	CONDITIONAL_JUMP
ram:00051a12	Stack[-0x30]	DATA
ram:00051a2c	ram:0004de08	UNCONDITIONAL_CALL
ram:00051a48	Stack[-0x20]	DATA
ram:00051a4a	ram:00041c74	UNCONDITIONAL_CALL
ram:00051a4e	ram:00051a90	CONDITIONAL_JUMP
ram:00051a60	Stack[-0x20]	DATA
ram:00051a6c	ram:20002000	PARAM
ram:00051a86	ram:20001d4c	READ
ram:00051a8c	ram:00041d24	UNCONDITIONAL_CALL
ram:00051ad4	ram:00041c74	UNCONDITIONAL_CALL
ram:00051ad8	ram:00051ba2	CONDITIONAL_JUMP
ram:00051afa	ram:00051b74	CONDITIONAL_JUMP
ram:00051b0e	ram:20000214	COMPUTED_CALL
ram:00051b1c	ram:20000214	COMPUTED_CALL
ram:00051b2a	ram:20000214	COMPUTED_CALL
ram:00051b4c	ram:20002000	PARAM
ram:00051b6a	ram:20001d4c	READ
ram:00051b70	ram:00041d24	UNCONDITIONAL_CALL
ram:00051b80	ram:200001dc	COMPUTED_CALL
ram:00051b8e	ram:200001dc	COMPUTED_CALL
ram:00051b9c	ram:200001dc	COMPUTED_CALL
ram:00051ba0	ram:00051b2e	UNCONDITIONAL_JUMP
ram:00051be4	ram:00041c74	UNCONDITIONAL_CALL
ram:00051be8	ram:00051c62	CONDITIONAL_JUMP
ram:00051c12	ram:200001dc	COMPUTED_CALL
ram:00051c26	ram:200001dc	COMPUTED_CALL
ram:00051c3a	ram:00051bfe	CONDITIONAL_JUMP
ram:00051c40	ram:20002000	PARAM
ram:00051c56	ram:20001d4c	READ
ram:00051c5e	ram:00041d24	UNCONDITIONAL_CALL
ram:00051c8a	ram:00041c74	UNCONDITIONAL_CALL
ram:00051c8e	ram:00051cca	CONDITIONAL_JUMP
ram:00051cb4	ram:20002000	PARAM
ram:00051cc0	ram:20001d4c	READ
ram:00051cc6	ram:00041d24	UNCONDITIONAL_CALL
ram:00051d12	ram:00041c74	UNCONDITIONAL_CALL
ram:00051d16	ram:00051db0	CONDITIONAL_JUMP
ram:00051d40	ram:200001dc	COMPUTED_CALL
ram:00051d6c	ram:200001dc	COMPUTED_CALL
ram:00051d82	ram:200001dc	COMPUTED_CALL
ram:00051d88	ram:20002000	PARAM
ram:00051da6	ram:20001d4c	READ
ram:00051dac	ram:00041d24	UNCONDITIONAL_CALL
ram:00051dda	ram:00041c74	UNCONDITIONAL_CALL
ram:00051dde	ram:00051e60	CONDITIONAL_JUMP
ram:00051e26	ram:200001dc	COMPUTED_CALL
ram:00051e4e	ram:20002000	PARAM
ram:00051e56	ram:20001d4c	READ
ram:00051e5c	ram:00041d24	UNCONDITIONAL_CALL
ram:00051e88	ram:20001d53	READ
ram:00051e90	ram:00051f10	CONDITIONAL_JUMP
ram:00051ea6	ram:00041c74	UNCONDITIONAL_CALL
ram:00051eac	ram:00051f10	CONDITIONAL_JUMP
ram:00051ed8	ram:00051f0a	CONDITIONAL_JUMP
ram:00051ee6	ram:200001dc	COMPUTED_CALL
ram:00051eee	ram:20001d53	READ
ram:00051f06	ram:00041d24	UNCONDITIONAL_CALL
ram:00051f0e	ram:00051eea	UNCONDITIONAL_JUMP
ram:00051f32	ram:00041c74	UNCONDITIONAL_CALL
ram:00051f36	ram:00051f60	CONDITIONAL_JUMP
ram:00051f4c	ram:20002000	PARAM
ram:00051f56	ram:20001d4c	READ
ram:00051f5c	ram:00041d24	UNCONDITIONAL_CALL
ram:00051f6e	ram:00041c74	UNCONDITIONAL_CALL
ram:00051f72	ram:00051f9c	CONDITIONAL_JUMP
ram:00051f8a	ram:20002000	PARAM
ram:00051f92	ram:20001d4c	READ
ram:00051f98	ram:00041d24	UNCONDITIONAL_CALL
ram:00051fb2	ram:00041c74	UNCONDITIONAL_CALL
ram:00051fb6	ram:00051ff2	CONDITIONAL_JUMP
ram:00051fdc	ram:20002000	PARAM
ram:00051fe8	ram:20001d4c	READ
ram:00051fee	ram:00041d24	UNCONDITIONAL_CALL
ram:0005200c	ram:00041c74	UNCONDITIONAL_CALL
ram:00052010	ram:0005205a	CONDITIONAL_JUMP
ram:0005203e	ram:200001dc	COMPUTED_CALL
ram:00052044	ram:20002000	PARAM
ram:00052050	ram:20001d4c	READ
ram:00052056	ram:00041d24	UNCONDITIONAL_CALL
ram:00052072	ram:00041c74	UNCONDITIONAL_CALL
ram:00052076	ram:000520a6	CONDITIONAL_JUMP
ram:00052092	ram:20002000	PARAM
ram:0005209c	ram:20001d4c	READ
ram:000520a2	ram:00041d24	UNCONDITIONAL_CALL
ram:000520bc	ram:00041c74	UNCONDITIONAL_CALL
ram:000520c0	ram:000520ee	CONDITIONAL_JUMP
ram:000520d8	ram:20002000	PARAM
ram:000520e4	ram:20001d4c	READ
ram:000520ea	ram:00041d24	UNCONDITIONAL_CALL
ram:00052104	ram:00041c74	UNCONDITIONAL_CALL
ram:00052108	ram:0005213e	CONDITIONAL_JUMP
ram:00052128	ram:20002000	PARAM
ram:00052134	ram:20001d4f	READ
ram:0005213a	ram:00041d24	UNCONDITIONAL_CALL
ram:00052156	Stack[-0x20]	DATA
ram:00052158	ram:00041c74	UNCONDITIONAL_CALL
ram:0005215c	ram:00052198	CONDITIONAL_JUMP
ram:00052166	Stack[-0x20]	DATA
ram:0005217a	ram:20002000	PARAM
ram:0005218e	ram:20001d4c	READ
ram:00052194	ram:00041d24	UNCONDITIONAL_CALL
ram:000521b4	ram:00041c74	UNCONDITIONAL_CALL
ram:000521b8	ram:000521f6	CONDITIONAL_JUMP
ram:000521da	ram:200001dc	COMPUTED_CALL
ram:000521e0	ram:20002000	PARAM
ram:000521ec	ram:20001d4c	READ
ram:000521f2	ram:00041d24	UNCONDITIONAL_CALL
ram:0005220e	ram:00041c74	UNCONDITIONAL_CALL
ram:00052212	ram:00052242	CONDITIONAL_JUMP
ram:0005222c	ram:20002000	PARAM
ram:00052238	ram:20001d4c	READ
ram:0005223e	ram:00041d24	UNCONDITIONAL_CALL
ram:00052254	ram:00041c74	UNCONDITIONAL_CALL
ram:00052258	ram:00052280	CONDITIONAL_JUMP
ram:0005226e	ram:20002000	PARAM
ram:00052276	ram:20001d4c	READ
ram:0005227c	ram:00041d24	UNCONDITIONAL_CALL
ram:00052294	ram:00041c74	UNCONDITIONAL_CALL
ram:00052298	ram:000522ca	CONDITIONAL_JUMP
ram:000522b4	ram:20002000	PARAM
ram:000522c0	ram:20001d4f	READ
ram:000522c6	ram:00041d24	UNCONDITIONAL_CALL
ram:000522dc	ram:00041c74	UNCONDITIONAL_CALL
ram:000522e0	ram:00052310	CONDITIONAL_JUMP
ram:000522f6	ram:20002000	PARAM
ram:00052306	ram:20001cc8	READ
ram:0005230c	ram:00041d24	UNCONDITIONAL_CALL
ram:00052332	ram:00052464	CONDITIONAL_JUMP
ram:0005233a	ram:20001a64	READ
ram:00052342	ram:000523cc	CONDITIONAL_JUMP
ram:00052354	ram:20002000	PARAM
ram:00052358	ram:20001d5c	WRITE
ram:0005235e	ram:000523fa	CONDITIONAL_JUMP
ram:00052366	ram:00041c74	UNCONDITIONAL_CALL
ram:0005236c	ram:000523ee	CONDITIONAL_JUMP
ram:00052394	ram:20000040	COMPUTED_CALL
ram:0005239a	ram:000523e4	CONDITIONAL_JUMP
ram:0005239c	ram:20001a64	READ
ram:000523aa	ram:20001a64	WRITE
ram:000523b2	ram:200001fc	COMPUTED_CALL
ram:000523be	ram:20002000	PARAM
ram:000523c2	ram:20001cc8	READ
ram:000523c6	ram:00041d24	UNCONDITIONAL_CALL
ram:000523ea	ram:20000104	COMPUTED_CALL
ram:000523f2	ram:20001d5e	WRITE
ram:000523f8	ram:000523cc	UNCONDITIONAL_JUMP
ram:000523fe	ram:000523ee	CONDITIONAL_JUMP
ram:00052402	ram:20002000	PARAM
ram:00052406	ram:20001a74	READ
ram:00052412	ram:00052422	CONDITIONAL_JUMP
ram:00052414	ram:20001d58	READ
ram:00052418	ram:00052422	CONDITIONAL_JUMP
ram:0005241e	ram:20000104	COMPUTED_CALL
ram:00052422	ram:20001d5c	READ
ram:00052434	ram:20000040	COMPUTED_CALL
ram:00052438	ram:20001d58	WRITE
ram:0005243c	ram:000523f6	CONDITIONAL_JUMP
ram:0005243e	ram:20001a64	READ
ram:00052448	ram:20001a64	WRITE
ram:00052450	ram:200001dc	COMPUTED_CALL
ram:00052458	ram:20001d5e	WRITE
ram:0005245e	ram:20001a74	WRITE
ram:00052462	ram:000523ca	UNCONDITIONAL_JUMP
ram:00052468	ram:20001d5e	READ
ram:0005246e	ram:000523f6	CONDITIONAL_JUMP
ram:00052474	ram:20001d5c	READ
ram:00052482	ram:20001d58	READ
ram:00052486	ram:000524f6	CONDITIONAL_JUMP
ram:00052492	ram:200001dc	COMPUTED_CALL
ram:00052496	ram:20001d5e	READ
ram:0005249a	ram:20001d5c	READ
ram:000524a6	ram:20001d5e	WRITE
ram:000524ac	ram:000523cc	CONDITIONAL_JUMP
ram:000524b2	ram:00041c74	UNCONDITIONAL_CALL
ram:000524b8	ram:000524f2	CONDITIONAL_JUMP
ram:000524c2	ram:20001d5e	READ
ram:000524d2	ram:20001d58	READ
ram:000524d8	ram:20002000	PARAM
ram:000524dc	ram:20001cc8	READ
ram:000524e0	ram:00041d24	UNCONDITIONAL_CALL
ram:000524e8	ram:20001d5e	WRITE
ram:000524ec	ram:20001a74	WRITE
ram:000524f0	ram:000523cc	UNCONDITIONAL_JUMP
ram:000524f2	ram:20001d58	READ
ram:000524f6	ram:00052500	CONDITIONAL_JUMP
ram:000524fc	ram:20000104	COMPUTED_CALL
ram:00052504	ram:20001d5e	WRITE
ram:00052508	ram:20001a74	WRITE
ram:0005250c	ram:000523f6	UNCONDITIONAL_JUMP
ram:0005250e	ram:0006512c	UNCONDITIONAL_JUMP
ram:00052512	ram:00065144	UNCONDITIONAL_JUMP
ram:00052516	ram:000656da	UNCONDITIONAL_JUMP
ram:0005251a	ram:0006599c	UNCONDITIONAL_JUMP
ram:0005251e	ram:0006517c	UNCONDITIONAL_JUMP
ram:00052526	ram:00065148	UNCONDITIONAL_CALL
ram:00052532	ram:000651a6	UNCONDITIONAL_JUMP
ram:00052536	ram:000651cc	UNCONDITIONAL_JUMP
ram:0005253a	ram:00065204	UNCONDITIONAL_JUMP
ram:0005253e	ram:0006522a	UNCONDITIONAL_CALL
ram:00052542	ram:0006524e	UNCONDITIONAL_JUMP
ram:00052546	ram:00065272	UNCONDITIONAL_CALL
ram:0005254a	ram:00065294	UNCONDITIONAL_JUMP
ram:0005254e	ram:000652b8	UNCONDITIONAL_JUMP
ram:00052552	ram:000652dc	UNCONDITIONAL_CALL
ram:00052556	ram:000652fa	UNCONDITIONAL_JUMP
ram:0005255a	ram:0006531e	UNCONDITIONAL_JUMP
ram:0005256a	ram:00065342	UNCONDITIONAL_CALL
ram:0005256e	ram:0006535a	UNCONDITIONAL_JUMP
ram:00052572	ram:0006538a	UNCONDITIONAL_JUMP
ram:00052576	ram:00065676	UNCONDITIONAL_JUMP
ram:0005257a	ram:000656a8	UNCONDITIONAL_JUMP
ram:0005257e	ram:0006570c	UNCONDITIONAL_JUMP
ram:00052582	ram:00065732	UNCONDITIONAL_JUMP
ram:00052586	ram:00065758	UNCONDITIONAL_JUMP
ram:0005258a	ram:0006577e	UNCONDITIONAL_JUMP
ram:0005258e	ram:000657a4	UNCONDITIONAL_JUMP
ram:00052592	ram:000657ca	UNCONDITIONAL_JUMP
ram:00052596	Stack[0x0]	DATA
ram:0005259a	Stack[0x4]	DATA
ram:0005259e	Stack[0x8]	DATA
ram:000525a2	Stack[0xc]	DATA
ram:000525a6	Stack[0x10]	DATA
ram:000525aa	Stack[0x14]	DATA
ram:000525ae	Stack[0x18]	DATA
ram:000525b2	Stack[0x10]	DATA
ram:000525b4	Stack[0x14]	DATA
ram:000525b6	Stack[0x18]	DATA
ram:000525b8	Stack[0xc]	DATA
ram:000525ba	Stack[0x8]	DATA
ram:000525bc	Stack[0x4]	DATA
ram:000525be	Stack[0x0]	DATA
ram:000525c0	ram:000657ea	UNCONDITIONAL_CALL
ram:000525c4	ram:0006583e	UNCONDITIONAL_CALL
ram:000525c8	ram:00065864	UNCONDITIONAL_CALL
ram:000525cc	ram:0006588a	UNCONDITIONAL_JUMP
ram:000525d0	ram:000658b0	UNCONDITIONAL_JUMP
ram:000525d4	ram:000658d6	UNCONDITIONAL_JUMP
ram:000525d8	ram:000658fc	UNCONDITIONAL_CALL
ram:000525dc	ram:00065922	UNCONDITIONAL_JUMP
ram:000525e0	ram:00065948	UNCONDITIONAL_JUMP
ram:000525e4	ram:0006596e	UNCONDITIONAL_JUMP
ram:000525e8	ram:00067d78	UNCONDITIONAL_JUMP
ram:000525ec	ram:00067e9a	UNCONDITIONAL_JUMP
ram:000525f0	ram:00067ec6	UNCONDITIONAL_JUMP
ram:000525f4	ram:000659a8	UNCONDITIONAL_JUMP
ram:000525f8	ram:000659ce	UNCONDITIONAL_JUMP
ram:000525fc	ram:00067f4a	UNCONDITIONAL_JUMP
ram:00052620	ram:0006808c	UNCONDITIONAL_CALL
ram:00052624	ram:00052638	CONDITIONAL_JUMP
ram:00052634	ram:0006814e	UNCONDITIONAL_CALL
ram:00052640	ram:000680f4	UNCONDITIONAL_JUMP
ram:00052644	ram:000681b0	UNCONDITIONAL_JUMP
ram:00052658	ram:00052690	CONDITIONAL_JUMP
ram:00052662	ram:00052692	CONDITIONAL_JUMP
ram:00052666	ram:00052692	CONDITIONAL_JUMP
ram:0005266e	ram:00052692	CONDITIONAL_JUMP
ram:0005267e	ram:00052692	CONDITIONAL_JUMP
ram:000526a6	ram:0006c0ec	READ
ram:000526a6	ram:0006c0ed	READ
ram:000526b0	ram:000526b8	CONDITIONAL_JUMP
ram:000526b4	ram:000526ba	CONDITIONAL_JUMP
ram:000526be	ram:000526c8	CONDITIONAL_JUMP
ram:000526ce	ram:000526a2	UNCONDITIONAL_JUMP
ram:000526e0	ram:0005270a	CONDITIONAL_JUMP
ram:000526e4	ram:00041cba	UNCONDITIONAL_CALL
ram:000526ea	ram:00052704	CONDITIONAL_JUMP
ram:000526f6	ram:000526fe	CONDITIONAL_JUMP
ram:000526fa	ram:0005d458	UNCONDITIONAL_CALL
ram:00052700	ram:00041c48	UNCONDITIONAL_CALL
ram:00052708	ram:00052720	UNCONDITIONAL_JUMP
ram:0005270e	ram:0005272a	CONDITIONAL_JUMP
ram:00052714	ram:20001dcc	READ
ram:00052718	ram:0005271c	CONDITIONAL_JUMP
ram:0005272e	ram:00052742	CONDITIONAL_JUMP
ram:00052734	ram:20001dd0	READ
ram:00052738	ram:0005273c	CONDITIONAL_JUMP
ram:00052740	ram:00052720	UNCONDITIONAL_JUMP
ram:00052746	ram:0005275c	CONDITIONAL_JUMP
ram:0005274c	ram:20001dd8	READ
ram:00052752	ram:00052756	CONDITIONAL_JUMP
ram:0005275a	ram:00052720	UNCONDITIONAL_JUMP
ram:00052760	ram:00052776	CONDITIONAL_JUMP
ram:00052766	ram:20001dd8	READ
ram:0005276c	ram:00052770	CONDITIONAL_JUMP
ram:00052774	ram:00052720	UNCONDITIONAL_JUMP
ram:0005277a	ram:00052792	CONDITIONAL_JUMP
ram:00052780	ram:20001de8	READ
ram:00052788	ram:0005278c	CONDITIONAL_JUMP
ram:00052790	ram:00052720	UNCONDITIONAL_JUMP
ram:00052796	ram:000527ae	CONDITIONAL_JUMP
ram:0005279c	ram:20001de8	READ
ram:000527a4	ram:000527a8	CONDITIONAL_JUMP
ram:000527ac	ram:00052720	UNCONDITIONAL_JUMP
ram:000527b4	ram:00052720	CONDITIONAL_JUMP
ram:000527bc	ram:20001d60	PARAM
ram:000527c0	ram:20001d67	READ
ram:000527c4	ram:20001d66	READ
ram:000527c8	ram:20001d65	READ
ram:000527cc	ram:20001d64	READ
ram:000527d0	ram:00065aec	UNCONDITIONAL_CALL
ram:000527d6	ram:00052706	UNCONDITIONAL_JUMP
ram:000527e0	ram:20002000	PARAM
ram:000527ee	ram:20001d60	PARAM
ram:000527f4	ram:20001e7c	WRITE
ram:000527f8	Stack[-0x10]	DATA
ram:000527fe	ram:20000214	COMPUTED_CALL
ram:00052804	ram:000558da	UNCONDITIONAL_CALL
ram:0005280a	ram:0005594e	UNCONDITIONAL_CALL
ram:00052812	ram:20001b67	WRITE
ram:00052820	ram:20001d74	WRITE
ram:0005282a	ram:20001d78	WRITE
ram:00052834	ram:20001d7c	WRITE
ram:0005283e	ram:20001d80	WRITE
ram:00052842	ram:20001e30	WRITE
ram:00052848	ram:20001e20	READ
ram:0005284c	ram:20001e34	WRITE
ram:0005285a	ram:20001e24	READ
ram:0005286a	ram:20001e24	WRITE
ram:0005286e	ram:20001e2c	WRITE
ram:00052872	ram:20001bca	READ
ram:00052876	ram:20001e20	WRITE
ram:0005287a	ram:20001e28	WRITE
ram:0005287e	ram:20001e11	WRITE
ram:00052882	ram:20001e19	WRITE
ram:0005288a	ram:20001e56	WRITE
ram:0005288e	ram:20001e58	WRITE
ram:00052894	ram:20001e5a	WRITE
ram:0005289e	ram:20001d9a	WRITE
ram:000528a2	ram:20001d9c	WRITE
ram:000528a6	ram:20001d99	WRITE
ram:000528aa	ram:000428a6	UNCONDITIONAL_CALL
ram:000528b2	ram:20001dd6	WRITE
ram:000528b8	ram:20001d9f	WRITE
ram:000528bc	ram:20001bc0	READ
ram:000528c0	ram:20001d63	WRITE
ram:000528c4	ram:20001da4	WRITE
ram:000528ca	ram:20001de1	WRITE
ram:000528d0	ram:20001da2	WRITE
ram:000528dc	ram:20001da8	WRITE
ram:000528de	ram:20001bcc	READ
ram:000528e6	ram:20001d60	PARAM
ram:000528ea	ram:000528f2	CONDITIONAL_JUMP
ram:000528f6	ram:20001d8a	WRITE
ram:000528fa	ram:20001d8e	WRITE
ram:000528fe	ram:20001d9c	READ
ram:00052906	ram:0005299e	CONDITIONAL_JUMP
ram:00052910	ram:20001d9d	READ
ram:00052918	ram:20001d8c	WRITE
ram:0005291e	ram:000529a6	CONDITIONAL_JUMP
ram:0005292c	ram:20001d90	WRITE
ram:00052932	ram:20001d60	PARAM
ram:00052938	ram:0005293e	CONDITIONAL_JUMP
ram:0005293e	ram:20001d82	WRITE
ram:00052948	ram:00052950	CONDITIONAL_JUMP
ram:00052958	ram:20001d84	WRITE
ram:00052964	ram:0005296a	CONDITIONAL_JUMP
ram:0005296e	ram:20001da0	WRITE
ram:0005297a	ram:20001d86	WRITE
ram:0005297e	ram:20001d88	WRITE
ram:00052982	ram:20001d94	WRITE
ram:00052984	ram:000626ac	UNCONDITIONAL_CALL
ram:00052988	ram:00057e02	UNCONDITIONAL_CALL
ram:0005298c	ram:0006194a	UNCONDITIONAL_CALL
ram:00052996	Stack[-0x10]	DATA
ram:0005299a	ram:0005d99a	UNCONDITIONAL_CALL
ram:000529a4	ram:00052910	UNCONDITIONAL_JUMP
ram:000529ac	ram:00052928	UNCONDITIONAL_JUMP
ram:000529c8	ram:00042934	UNCONDITIONAL_CALL
ram:000529f6	Stack[-0x40]	DATA
ram:00052a04	ram:00061b44	UNCONDITIONAL_CALL
ram:00052a56	ram:20001bd6	PARAM
ram:00052a5a	ram:20001e38	PARAM
ram:00052a6e	ram:200001dc	COMPUTED_CALL
ram:00052a78	ram:00042910	UNCONDITIONAL_CALL
ram:00052a82	ram:00042934	UNCONDITIONAL_CALL
ram:00052a94	ram:00052b48	CONDITIONAL_JUMP
ram:00052a96	ram:00052a9e	CONDITIONAL_JUMP
ram:00052a9a	ram:00052b48	CONDITIONAL_JUMP
ram:00052aa2	ram:20001d60	PARAM
ram:00052aa6	ram:20001e48	WRITE
ram:00052ab4	ram:20001e44	WRITE
ram:00052ab8	ram:20001e49	WRITE
ram:00052ac8	ram:00042910	UNCONDITIONAL_CALL
ram:00052ad2	ram:00042934	UNCONDITIONAL_CALL
ram:00052ada	ram:00052ac4	CONDITIONAL_JUMP
ram:00052ade	ram:00052ae6	CONDITIONAL_JUMP
ram:00052ae2	ram:00052ac4	CONDITIONAL_JUMP
ram:00052aea	ram:20001e4c	WRITE
ram:00052af2	ram:20001e4d	WRITE
ram:00052af6	ram:20001e38	READ
ram:00052afa	ram:20001e4a	WRITE
ram:00052afe	ram:20001e4e	WRITE
ram:00052b0e	ram:20001e4f	WRITE
ram:00052b16	ram:00052b3a	CONDITIONAL_JUMP
ram:00052b1a	ram:20001e4c	READ
ram:00052b1e	ram:20001e3a	READ
ram:00052b26	ram:00052b3a	CONDITIONAL_JUMP
ram:00052b2a	ram:20001e4e	READ
ram:00052b2e	ram:20001e3c	READ
ram:00052b36	ram:00052ac4	CONDITIONAL_JUMP
ram:00052b4c	ram:00042910	UNCONDITIONAL_CALL
ram:00052b56	ram:00042934	UNCONDITIONAL_CALL
ram:00052b5c	ram:00052a8c	UNCONDITIONAL_JUMP
ram:00052b6a	Stack[-0x10]	DATA
ram:00052b70	ram:20001d9e	READ
ram:00052b74	ram:20001d9f	READ
ram:00052b78	ram:00052b8c	CONDITIONAL_JUMP
ram:00052b86	Stack[-0x10]	DATA
ram:00052b9a	ram:20000040	COMPUTED_CALL
ram:00052ba0	ram:00052b7c	CONDITIONAL_JUMP
ram:00052bb0	ram:20000214	COMPUTED_CALL
ram:00052bb4	ram:00052bbe	CONDITIONAL_JUMP
ram:00052bbe	ram:20001db8	READ
ram:00052bc0	ram:00052c18	CONDITIONAL_JUMP
ram:00052bc2	ram:20001db4	WRITE
ram:00052bc4	ram:20001db8	WRITE
ram:00052bc6	ram:20001dbc	WRITE
ram:00052bce	ram:20001d9e	WRITE
ram:00052be8	ram:20001ea8	READ
ram:00052bea	ram:20001eac	READ
ram:00052bfa	ram:20001daa	READ
ram:00052c02	ram:20002000	PARAM
ram:00052c06	ram:20001bd0	READ
ram:00052c0e	ram:00061d68	UNCONDITIONAL_CALL
ram:00052c16	ram:00052b7e	UNCONDITIONAL_JUMP
ram:00052c18	ram:20001dbc	READ
ram:00052c1c	ram:20001dbc	WRITE
ram:00052c22	ram:20001d9e	READ
ram:00052c28	ram:00052bce	UNCONDITIONAL_JUMP
ram:00052c32	ram:20001eb0	READ
ram:00052c4c	ram:00052c6c	CONDITIONAL_JUMP
ram:00052c62	ram:00052c6c	CONDITIONAL_JUMP
ram:00052c70	ram:20001e88	READ
ram:00052ca0	ram:20001efc	READ
ram:00052caa	ram:20001eb0	READ
ram:00052ccc	ram:000428ec	UNCONDITIONAL_CALL
ram:00052cf0	ram:00052d26	CONDITIONAL_JUMP
ram:00052d22	ram:00062148	UNCONDITIONAL_CALL
ram:00052d2c	ram:00052d70	CONDITIONAL_JUMP
ram:00052d86	ram:00052fda	CONDITIONAL_JUMP
ram:00052d90	ram:00052fd2	CONDITIONAL_JUMP
ram:00052d9a	ram:00052da4	CONDITIONAL_JUMP
ram:00052dae	ram:20001dd4	READ
ram:00052db6	ram:20001dd4	WRITE
ram:00052dba	ram:20001eb0	READ
ram:00052e16	ram:00052e3e	CONDITIONAL_JUMP
ram:00052e4a	ram:00052eb6	CONDITIONAL_JUMP
ram:00052e60	ram:20001e56	PARAM
ram:00052e7c	ram:200001dc	COMPUTED_CALL
ram:00052e86	ram:00052fe8	CONDITIONAL_JUMP
ram:00052ebc	ram:00052f00	CONDITIONAL_JUMP
ram:00052ed4	ram:00052ffc	CONDITIONAL_JUMP
ram:00052ee8	ram:200001dc	COMPUTED_CALL
ram:00052f24	ram:20001eb0	READ
ram:00052f3a	ram:20001e88	READ
ram:00052f56	ram:40001040	WRITE
ram:00052f5e	ram:40001040	WRITE
ram:00052f68	ram:0005300a	CONDITIONAL_JUMP
ram:00052f6c	ram:40001022	READ
ram:00052f74	ram:40001022	WRITE
ram:00052f7c	ram:20001e88	READ
ram:00052f88	ram:20001eb0	READ
ram:00052f90	ram:0006219c	UNCONDITIONAL_CALL
ram:00052f9a	ram:00055184	PARAM
ram:00052f9e	ram:00042570	UNCONDITIONAL_CALL
ram:00052fa6	ram:20001e94	PARAM
ram:00052faa	ram:20001e97	WRITE
ram:00052fae	ram:20001e98	WRITE
ram:00052fce	ram:200011be	COMPUTED_CALL
ram:00052fd8	ram:00052da4	UNCONDITIONAL_JUMP
ram:00052fda	ram:20001dd4	READ
ram:00052fe2	ram:20001dd4	WRITE
ram:00052fe6	ram:00052e0e	UNCONDITIONAL_JUMP
ram:00052ff4	ram:00052e9a	CONDITIONAL_JUMP
ram:00052ffa	ram:00052e96	UNCONDITIONAL_JUMP
ram:00053000	ram:200001dc	COMPUTED_CALL
ram:00053008	ram:00052f00	UNCONDITIONAL_JUMP
ram:0005300a	ram:40001022	READ
ram:00053018	ram:00052f74	UNCONDITIONAL_JUMP
ram:0005301a	ram:20002000	PARAM
ram:0005301e	ram:20001eb0	READ
ram:0005302a	Stack[-0x10]	DATA
ram:00053036	ram:20001e88	READ
ram:00053062	ram:20001efc	READ
ram:000530a6	ram:000530de	CONDITIONAL_JUMP
ram:000530ec	ram:0005317c	CONDITIONAL_JUMP
ram:000530f6	ram:00053212	CONDITIONAL_JUMP
ram:00053100	ram:0005310a	CONDITIONAL_JUMP
ram:0005311c	ram:20001dd4	READ
ram:00053120	ram:20001eb0	READ
ram:00053128	ram:20001dd4	WRITE
ram:00053182	ram:000531c0	CONDITIONAL_JUMP
ram:00053198	ram:0005321a	CONDITIONAL_JUMP
ram:000531aa	ram:200001dc	COMPUTED_CALL
ram:000531ec	ram:20001e94	PARAM
ram:000531f0	ram:20001e97	WRITE
ram:000531f4	ram:20001e98	WRITE
ram:00053206	Stack[-0x10]	DATA
ram:0005320e	ram:200011be	COMPUTED_CALL
ram:00053218	ram:0005310a	UNCONDITIONAL_JUMP
ram:0005321e	ram:200001dc	COMPUTED_CALL
ram:0005322a	ram:000531c0	UNCONDITIONAL_JUMP
ram:0005323c	ram:00057e16	UNCONDITIONAL_CALL
ram:00053250	ram:00053332	CONDITIONAL_JUMP
ram:0005326a	ram:20001dd5	READ
ram:00053270	ram:0005326a	CONDITIONAL_JUMP
ram:00053272	ram:20001dd5	READ
ram:0005327a	ram:20001dd5	WRITE
ram:00053282	ram:20001c00	READ
ram:0005328c	ram:20001b8c	READ
ram:000532ac	ram:20001bd2	READ
ram:000532b0	ram:20001bbc	PARAM
ram:000532b6	ram:000532c8	CONDITIONAL_JUMP
ram:000532be	ram:000532c8	CONDITIONAL_JUMP
ram:000532cc	ram:20001bd5	READ
ram:000532d0	ram:00053322	CONDITIONAL_JUMP
ram:000532e2	ram:0005344e	PARAM
ram:000532e6	ram:0004201e	UNCONDITIONAL_CALL
ram:000532f0	ram:00052c2a	UNCONDITIONAL_CALL
ram:000532f8	ram:00062262	UNCONDITIONAL_CALL
ram:000532fc	ram:20001dd4	READ
ram:00053302	ram:000533a8	CONDITIONAL_JUMP
ram:00053304	ram:20001dd4	READ
ram:0005330c	ram:00053304	CONDITIONAL_JUMP
ram:0005330e	ram:20001dd4	READ
ram:00053318	ram:20001dd4	WRITE
ram:0005331c	ram:0005301a	UNCONDITIONAL_CALL
ram:00053320	ram:000532fc	UNCONDITIONAL_JUMP
ram:00053322	ram:000532d4	CONDITIONAL_JUMP
ram:00053330	ram:000532d8	UNCONDITIONAL_JUMP
ram:00053336	ram:20001c00	READ
ram:0005333e	ram:20001c00	READ
ram:00053344	ram:0005333e	CONDITIONAL_JUMP
ram:00053348	ram:20001c00	READ
ram:0005335a	ram:20001bd2	READ
ram:0005335e	ram:000533b8	CONDITIONAL_JUMP
ram:00053366	ram:20001b8c	READ
ram:0005336a	ram:20001bd5	READ
ram:00053372	ram:00053378	CONDITIONAL_JUMP
ram:00053376	ram:000533c4	CONDITIONAL_JUMP
ram:00053392	ram:000533a4	CONDITIONAL_JUMP
ram:0005339a	ram:000533a4	CONDITIONAL_JUMP
ram:000533b8	ram:00053362	CONDITIONAL_JUMP
ram:000533c2	ram:00053362	UNCONDITIONAL_JUMP
ram:000533cc	ram:20001dd5	READ
ram:000533d8	ram:20001dd5	WRITE
ram:000533ec	ram:20001eb0	READ
ram:000533fa	ram:0006bae2	UNCONDITIONAL_CALL
ram:00053408	ram:20001dd5	READ
ram:0005340e	ram:00053408	CONDITIONAL_JUMP
ram:00053410	ram:20001dd5	READ
ram:00053418	ram:20001dd5	WRITE
ram:00053436	ram:00053448	CONDITIONAL_JUMP
ram:0005343e	ram:00053448	CONDITIONAL_JUMP
ram:0005344c	ram:000532ea	UNCONDITIONAL_JUMP
ram:00053452	ram:000534a6	CONDITIONAL_JUMP
ram:00053460	ram:00053498	CONDITIONAL_JUMP
ram:0005346c	ram:00053498	CONDITIONAL_JUMP
ram:0005347a	ram:20001e56	PARAM
ram:00053484	ram:200001dc	COMPUTED_CALL
ram:0005348a	ram:000582da	UNCONDITIONAL_CALL
ram:000534a2	ram:0005322c	UNCONDITIONAL_CALL
ram:000534d6	ram:000534e2	CONDITIONAL_JUMP
ram:000534de	ram:000534f0	CONDITIONAL_JUMP
ram:000534fe	ram:200001dc	COMPUTED_CALL
ram:00053510	ram:200001dc	COMPUTED_CALL
ram:00053526	Stack[-0x10]	DATA
ram:00053530	ram:20001e08	READ
ram:0005353a	ram:00053540	CONDITIONAL_JUMP
ram:0005353e	ram:00053672	UNCONDITIONAL_JUMP
ram:00053546	ram:00062262	UNCONDITIONAL_CALL
ram:0005354a	ram:20001e08	READ
ram:00053550	ram:00057ba2	UNCONDITIONAL_CALL
ram:00053556	ram:0005353c	CONDITIONAL_JUMP
ram:00053568	ram:0005367e	CONDITIONAL_JUMP
ram:00053616	ram:200001dc	COMPUTED_CALL
ram:00053638	ram:00053668	CONDITIONAL_JUMP
ram:0005364c	ram:00053668	CONDITIONAL_JUMP
ram:00053658	ram:00053668	CONDITIONAL_JUMP
ram:00053664	ram:000536a0	CONDITIONAL_JUMP
ram:0005366c	ram:00057d86	UNCONDITIONAL_CALL
ram:00053678	Stack[-0x10]	DATA
ram:0005367e	ram:20001e28	READ
ram:00053686	ram:0005357e	CONDITIONAL_JUMP
ram:0005369e	ram:0005357e	UNCONDITIONAL_JUMP
ram:000536a0	ram:20001e0c	READ
ram:000536a8	ram:20001e30	READ
ram:000536b6	ram:000536ba	CONDITIONAL_JUMP
ram:000536be	ram:0005d5f6	UNCONDITIONAL_CALL
ram:000536c2	ram:20001e28	READ
ram:000536ca	ram:000536dc	CONDITIONAL_JUMP
ram:000536d8	ram:0005d5f6	UNCONDITIONAL_CALL
ram:000536dc	ram:20001db4	READ
ram:000536e6	ram:0005353c	CONDITIONAL_JUMP
ram:000536f8	ram:0005d5f6	UNCONDITIONAL_CALL
ram:000536fc	ram:0005353c	UNCONDITIONAL_JUMP
ram:00053702	ram:20001d61	READ
ram:0005370e	Stack[-0x10]	DATA
ram:00053712	ram:00053744	CONDITIONAL_JUMP
ram:0005371a	ram:00053806	CONDITIONAL_JUMP
ram:00053728	ram:00053802	CONDITIONAL_JUMP
ram:0005373a	ram:2000026a	COMPUTED_CALL
ram:00053742	ram:00053796	UNCONDITIONAL_JUMP
ram:00053748	ram:000537f2	CONDITIONAL_JUMP
ram:00053756	ram:000537f2	CONDITIONAL_JUMP
ram:0005375c	ram:000537a4	CONDITIONAL_JUMP
ram:00053768	ram:0005d6c6	UNCONDITIONAL_CALL
ram:00053770	ram:000537a4	CONDITIONAL_JUMP
ram:00053792	ram:200001dc	COMPUTED_CALL
ram:0005379c	Stack[-0x10]	DATA
ram:000537aa	ram:000537f2	CONDITIONAL_JUMP
ram:000537b4	ram:000537f2	CONDITIONAL_JUMP
ram:000537ba	ram:000537f2	CONDITIONAL_JUMP
ram:000537c4	ram:20000c50	COMPUTED_CALL
ram:000537ca	ram:000537f2	CONDITIONAL_JUMP
ram:000537ea	ram:200001dc	COMPUTED_CALL
ram:000537f0	ram:00053796	UNCONDITIONAL_JUMP
ram:000537f8	ram:00053714	CONDITIONAL_JUMP
ram:00053800	ram:00053714	CONDITIONAL_JUMP
ram:00053804	ram:00053796	UNCONDITIONAL_JUMP
ram:0005380c	ram:0005371e	CONDITIONAL_JUMP
ram:00053816	ram:00053838	CONDITIONAL_JUMP
ram:0005381e	ram:00053838	CONDITIONAL_JUMP
ram:0005382c	Stack[-0x10]	DATA
ram:00053834	ram:20000d70	COMPUTED_CALL
ram:0005383a	ram:000537ee	CONDITIONAL_JUMP
ram:00053842	ram:000537ee	CONDITIONAL_JUMP
ram:00053846	ram:00053822	UNCONDITIONAL_JUMP
ram:00053856	ram:20001dd4	WRITE
ram:00053866	ram:20001e78	READ
ram:0005386a	ram:0005388c	CONDITIONAL_JUMP
ram:0005386c	ram:20002000	PARAM
ram:00053870	ram:20001b67	READ
ram:00053876	ram:000424ee	UNCONDITIONAL_CALL
ram:00053898	ram:000538a6	CONDITIONAL_JUMP
ram:0005389e	ram:000538a6	CONDITIONAL_JUMP
ram:000538a2	ram:00053848	UNCONDITIONAL_CALL
ram:000538aa	ram:000538c6	CONDITIONAL_JUMP
ram:000538b0	ram:000538d4	CONDITIONAL_JUMP
ram:000538b8	ram:20002000	PARAM
ram:000538bc	ram:20001b67	READ
ram:000538c2	ram:00042138	UNCONDITIONAL_CALL
ram:000538c6	ram:000538a2	CONDITIONAL_JUMP
ram:000538cc	ram:000538a2	CONDITIONAL_JUMP
ram:000538d2	ram:000538b8	UNCONDITIONAL_JUMP
ram:000538d4	ram:000538a2	CONDITIONAL_JUMP
ram:000538d6	ram:000538ce	UNCONDITIONAL_JUMP
ram:000538e8	ram:000538f4	CONDITIONAL_JUMP
ram:00053900	ram:000538ec	CONDITIONAL_JUMP
ram:00053906	Stack[-0x10]	DATA
ram:0005391e	ram:2000026a	COMPUTED_CALL
ram:00053924	ram:00053b4c	CONDITIONAL_JUMP
ram:00053942	ram:200001dc	COMPUTED_CALL
ram:00053948	ram:000536fe	UNCONDITIONAL_CALL
ram:0005394e	ram:00053b4c	CONDITIONAL_JUMP
ram:00053974	ram:200001dc	COMPUTED_CALL
ram:000539ce	ram:00053a92	CONDITIONAL_JUMP
ram:000539da	ram:000539de	CONDITIONAL_JUMP
ram:000539e6	ram:00053a92	CONDITIONAL_JUMP
ram:000539f6	ram:00053b5a	CONDITIONAL_JUMP
ram:00053a00	ram:00053a0a	CONDITIONAL_JUMP
ram:00053a1c	ram:20001dd4	READ
ram:00053a24	ram:20001dd4	WRITE
ram:00053a2c	ram:20001eb0	READ
ram:00053a9a	ram:00053ac2	CONDITIONAL_JUMP
ram:00053ad4	ram:00053b62	CONDITIONAL_JUMP
ram:00053ad6	ram:00053b62	CONDITIONAL_JUMP
ram:00053ade	ram:200001dc	COMPUTED_CALL
ram:00053b00	ram:00053b0c	CONDITIONAL_JUMP
ram:00053b08	ram:00053b1a	CONDITIONAL_JUMP
ram:00053b30	ram:00061f0a	UNCONDITIONAL_CALL
ram:00053b42	ram:200011be	COMPUTED_CALL
ram:00053b46	ram:00062262	UNCONDITIONAL_CALL
ram:00053b52	Stack[-0x10]	DATA
ram:00053b60	ram:00053a0a	UNCONDITIONAL_JUMP
ram:00053b68	ram:200001dc	COMPUTED_CALL
ram:00053b6c	ram:00053ae6	UNCONDITIONAL_JUMP
ram:00053b80	ram:00053cc2	CONDITIONAL_JUMP
ram:00053b9a	ram:00053bd2	CONDITIONAL_JUMP
ram:00053baa	ram:2000026a	COMPUTED_CALL
ram:00053bb0	ram:00053cb6	CONDITIONAL_JUMP
ram:00053bce	ram:200001dc	COMPUTED_CALL
ram:00053bd4	ram:000536fe	UNCONDITIONAL_CALL
ram:00053bda	ram:00053cb6	CONDITIONAL_JUMP
ram:00053be0	ram:20001c00	READ
ram:00053c0c	ram:200001dc	COMPUTED_CALL
ram:00053c2a	ram:00053c3a	CONDITIONAL_JUMP
ram:00053c48	ram:200001dc	COMPUTED_CALL
ram:00053c6a	ram:00053c76	CONDITIONAL_JUMP
ram:00053c72	ram:00053c84	CONDITIONAL_JUMP
ram:00053c9a	ram:00061f0a	UNCONDITIONAL_CALL
ram:00053cac	ram:200011be	COMPUTED_CALL
ram:00053cb0	ram:00062262	UNCONDITIONAL_CALL
ram:00053ccc	Stack[-0x10]	DATA
ram:00053cd2	ram:20001eb0	READ
ram:00053ce8	ram:00053d08	CONDITIONAL_JUMP
ram:00053cfe	ram:00053d08	CONDITIONAL_JUMP
ram:00053d0c	ram:20001e88	READ
ram:00053d20	ram:20001eb0	READ
ram:00053d48	ram:40001040	WRITE
ram:00053d50	ram:40001040	WRITE
ram:00053d5a	ram:00053ec0	CONDITIONAL_JUMP
ram:00053d5e	ram:40001022	READ
ram:00053d66	ram:40001022	WRITE
ram:00053d6a	ram:20001e88	READ
ram:00053d8a	ram:20001efc	READ
ram:00053d94	ram:20001eb0	READ
ram:00053e20	ram:00053e7e	CONDITIONAL_JUMP
ram:00053e30	ram:200001dc	COMPUTED_CALL
ram:00053e52	ram:00053e5e	CONDITIONAL_JUMP
ram:00053e5a	ram:00053e6c	CONDITIONAL_JUMP
ram:00053e7e	ram:20001eb0	READ
ram:00053e8c	ram:00055184	PARAM
ram:00053e90	ram:00042570	UNCONDITIONAL_CALL
ram:00053e98	ram:20001e94	PARAM
ram:00053e9c	ram:20001e97	WRITE
ram:00053ea0	ram:20001e98	WRITE
ram:00053eb2	Stack[-0x10]	DATA
ram:00053ebc	ram:200011be	COMPUTED_CALL
ram:00053ec0	ram:40001022	READ
ram:00053ece	ram:00053d66	UNCONDITIONAL_JUMP
ram:00053ed8	ram:20001eb0	READ
ram:00053ef0	ram:20001e88	READ
ram:00053f1c	ram:20001efc	READ
ram:00053f60	ram:00053f6a	CONDITIONAL_JUMP
ram:00053f66	ram:000543ee	CONDITIONAL_JUMP
ram:00053f7e	ram:200001dc	COMPUTED_CALL
ram:00053f92	ram:00053fde	CONDITIONAL_JUMP
ram:00053fac	ram:000542de	CONDITIONAL_JUMP
ram:00053fb6	ram:000542de	CONDITIONAL_JUMP
ram:00053fc2	ram:200001dc	COMPUTED_CALL
ram:00054028	ram:0005430a	CONDITIONAL_JUMP
ram:00054036	ram:0005403a	CONDITIONAL_JUMP
ram:00054046	ram:0005404e	CONDITIONAL_JUMP
ram:00054050	ram:000540fa	CONDITIONAL_JUMP
ram:00054060	ram:00054302	CONDITIONAL_JUMP
ram:0005406a	ram:00054074	CONDITIONAL_JUMP
ram:00054086	ram:20001dd4	READ
ram:0005408e	ram:20001dd4	WRITE
ram:00054092	ram:20001eb0	READ
ram:00054102	ram:00054118	CONDITIONAL_JUMP
ram:00054108	ram:00054202	CONDITIONAL_JUMP
ram:00054114	ram:00054202	CONDITIONAL_JUMP
ram:0005411a	ram:0005431c	CONDITIONAL_JUMP
ram:00054122	ram:20001c00	READ
ram:00054130	ram:20001bd2	READ
ram:00054134	ram:00054310	CONDITIONAL_JUMP
ram:00054148	ram:20002000	PARAM
ram:0005414c	ram:20001b8c	READ
ram:00054156	ram:0006bae2	UNCONDITIONAL_CALL
ram:0005415e	ram:00054202	CONDITIONAL_JUMP
ram:00054174	ram:20000214	COMPUTED_CALL
ram:000541b6	ram:20001d63	READ
ram:000541e8	ram:200001dc	COMPUTED_CALL
ram:0005420a	ram:00054232	CONDITIONAL_JUMP
ram:00054236	ram:000543c2	CONDITIONAL_JUMP
ram:0005425e	ram:0005426a	CONDITIONAL_JUMP
ram:00054266	ram:00054278	CONDITIONAL_JUMP
ram:00054292	ram:20001eb0	READ
ram:00054296	ram:00055184	PARAM
ram:0005429c	ram:00042570	UNCONDITIONAL_CALL
ram:000542a4	ram:20001eb0	READ
ram:000542ac	ram:20001e97	WRITE
ram:000542b0	ram:20001e98	WRITE
ram:000542ca	ram:200011be	COMPUTED_CALL
ram:000542e2	ram:000542f2	CONDITIONAL_JUMP
ram:000542fc	ram:200001dc	COMPUTED_CALL
ram:00054300	ram:00053fd4	UNCONDITIONAL_JUMP
ram:00054308	ram:00054074	UNCONDITIONAL_JUMP
ram:0005430e	ram:000540fa	UNCONDITIONAL_JUMP
ram:00054310	ram:00054138	CONDITIONAL_JUMP
ram:0005431a	ram:00054138	UNCONDITIONAL_JUMP
ram:00054326	ram:0005435e	CONDITIONAL_JUMP
ram:00054334	ram:0005434c	CONDITIONAL_JUMP
ram:0005434a	ram:0005416a	UNCONDITIONAL_JUMP
ram:0005434e	ram:00054358	CONDITIONAL_JUMP
ram:00054356	ram:0005433e	UNCONDITIONAL_JUMP
ram:0005435c	ram:0005433e	UNCONDITIONAL_JUMP
ram:0005436a	ram:000543b0	CONDITIONAL_JUMP
ram:00054386	ram:20001dd5	READ
ram:0005438e	ram:20001dd5	WRITE
ram:00054392	ram:20001eb0	READ
ram:000543ae	ram:0005416a	UNCONDITIONAL_JUMP
ram:000543b2	ram:000543bc	CONDITIONAL_JUMP
ram:000543ba	ram:00054374	UNCONDITIONAL_JUMP
ram:000543c0	ram:00054374	UNCONDITIONAL_JUMP
ram:000543d0	ram:000543e2	CONDITIONAL_JUMP
ram:000543d8	ram:200001dc	COMPUTED_CALL
ram:000543e0	ram:0005423c	UNCONDITIONAL_JUMP
ram:000543e8	ram:200001dc	COMPUTED_CALL
ram:000543ec	ram:0005423c	UNCONDITIONAL_JUMP
ram:000543f6	ram:000545c0	CONDITIONAL_JUMP
ram:0005440c	ram:200001dc	COMPUTED_CALL
ram:00054470	ram:0005452e	CONDITIONAL_JUMP
ram:0005447e	ram:00054482	CONDITIONAL_JUMP
ram:0005448e	ram:0005452e	CONDITIONAL_JUMP
ram:0005449e	ram:000545a8	CONDITIONAL_JUMP
ram:000544a8	ram:000544b2	CONDITIONAL_JUMP
ram:000544bc	ram:20001dd4	READ
ram:000544c6	ram:20001dd4	WRITE
ram:000544ca	ram:20001eb0	READ
ram:00054536	ram:0005455e	CONDITIONAL_JUMP
ram:00054564	ram:000545bc	CONDITIONAL_JUMP
ram:0005456c	ram:000545bc	CONDITIONAL_JUMP
ram:0005457c	ram:000545b0	CONDITIONAL_JUMP
ram:00054584	ram:200001dc	COMPUTED_CALL
ram:00054592	ram:000547fc	CONDITIONAL_JUMP
ram:00054596	ram:20001dd4	READ
ram:000545a2	ram:20001dd4	WRITE
ram:000545a6	ram:0005423c	UNCONDITIONAL_JUMP
ram:000545ae	ram:000544b2	UNCONDITIONAL_JUMP
ram:000545b6	ram:200001dc	COMPUTED_CALL
ram:000545ba	ram:0005458c	UNCONDITIONAL_JUMP
ram:000545be	ram:0005458c	UNCONDITIONAL_JUMP
ram:000545c6	ram:0005423a	CONDITIONAL_JUMP
ram:000545dc	ram:200001dc	COMPUTED_CALL
ram:000545fa	ram:0005460a	CONDITIONAL_JUMP
ram:00054614	ram:000547c0	CONDITIONAL_JUMP
ram:0005461e	ram:000547c0	CONDITIONAL_JUMP
ram:0005462a	ram:200001dc	COMPUTED_CALL
ram:0005469c	ram:0005475a	CONDITIONAL_JUMP
ram:000546aa	ram:000546ae	CONDITIONAL_JUMP
ram:000546ba	ram:0005475a	CONDITIONAL_JUMP
ram:000546ca	ram:000547e4	CONDITIONAL_JUMP
ram:000546d4	ram:000546de	CONDITIONAL_JUMP
ram:000546e8	ram:20001dd4	READ
ram:000546f2	ram:20001dd4	WRITE
ram:000546f6	ram:20001eb0	READ
ram:00054762	ram:0005478a	CONDITIONAL_JUMP
ram:00054790	ram:000547f8	CONDITIONAL_JUMP
ram:00054798	ram:000547f8	CONDITIONAL_JUMP
ram:000547a8	ram:000547ec	CONDITIONAL_JUMP
ram:000547b0	ram:200001dc	COMPUTED_CALL
ram:000547be	ram:00054592	UNCONDITIONAL_JUMP
ram:000547c4	ram:000547d4	CONDITIONAL_JUMP
ram:000547de	ram:200001dc	COMPUTED_CALL
ram:000547e2	ram:0005463c	UNCONDITIONAL_JUMP
ram:000547ea	ram:000546de	UNCONDITIONAL_JUMP
ram:000547f2	ram:200001dc	COMPUTED_CALL
ram:000547f6	ram:000547b8	UNCONDITIONAL_JUMP
ram:000547fa	ram:000547b8	UNCONDITIONAL_JUMP
ram:000547fc	ram:20001dd4	READ
ram:00054808	ram:000545a2	UNCONDITIONAL_JUMP
ram:00054816	ram:20001dfc	READ
ram:00054824	ram:00054d96	CONDITIONAL_JUMP
ram:0005482c	ram:20001eb0	READ
ram:00054838	ram:00054858	CONDITIONAL_JUMP
ram:0005484e	ram:00054858	CONDITIONAL_JUMP
ram:00054858	ram:20001eb0	READ
ram:00054866	ram:20001e88	READ
ram:00054892	ram:20001efc	READ
ram:000548ce	ram:00054cd4	CONDITIONAL_JUMP
ram:000548e2	ram:00054b6c	CONDITIONAL_JUMP
ram:000548ea	ram:00054a6a	CONDITIONAL_JUMP
ram:000548f4	ram:00054a6a	CONDITIONAL_JUMP
ram:000548fa	ram:0005490a	CONDITIONAL_JUMP
ram:00054906	ram:00054a6a	CONDITIONAL_JUMP
ram:0005491e	ram:200001dc	COMPUTED_CALL
ram:00054938	ram:0005495c	CONDITIONAL_JUMP
ram:0005495c	ram:20001dd4	WRITE
ram:00054988	ram:00054994	CONDITIONAL_JUMP
ram:00054990	ram:000549a2	CONDITIONAL_JUMP
ram:000549b2	ram:20001eb0	READ
ram:000549c2	ram:20001e88	READ
ram:000549de	ram:40001040	WRITE
ram:000549e6	ram:40001040	WRITE
ram:000549f0	ram:00054d86	CONDITIONAL_JUMP
ram:000549f4	ram:40001022	READ
ram:000549fc	ram:40001022	WRITE
ram:00054a00	ram:20001e88	READ
ram:00054a18	ram:20001eb0	READ
ram:00054a2a	ram:00055184	PARAM
ram:00054a2e	ram:00042570	UNCONDITIONAL_CALL
ram:00054a32	ram:0006219c	UNCONDITIONAL_CALL
ram:00054a3a	ram:20001e94	PARAM
ram:00054a3e	ram:20001e97	WRITE
ram:00054a44	ram:20001e9b	WRITE
ram:00054a48	ram:20001e98	WRITE
ram:00054a66	ram:200011be	COMPUTED_CALL
ram:00054a9e	ram:20001dd4	READ
ram:00054aa2	ram:20001eb0	READ
ram:00054aa6	ram:00054b4a	CONDITIONAL_JUMP
ram:00054ab0	ram:00054b42	CONDITIONAL_JUMP
ram:00054ad0	ram:20001dd4	WRITE
ram:00054b40	ram:00054960	UNCONDITIONAL_JUMP
ram:00054b48	ram:00054abc	UNCONDITIONAL_JUMP
ram:00054b62	ram:20001dd4	WRITE
ram:00054b6a	ram:00054af6	UNCONDITIONAL_JUMP
ram:00054b6e	ram:00054c1e	CONDITIONAL_JUMP
ram:00054b76	ram:00054c1e	CONDITIONAL_JUMP
ram:00054b88	ram:200001dc	COMPUTED_CALL
ram:00054bac	ram:00054bfa	CONDITIONAL_JUMP
ram:00054bb4	ram:00054bfa	CONDITIONAL_JUMP
ram:00054bbe	ram:200001dc	COMPUTED_CALL
ram:00054be6	ram:0005495c	CONDITIONAL_JUMP
ram:00054bf8	ram:00054948	UNCONDITIONAL_JUMP
ram:00054bfe	ram:00054c0e	CONDITIONAL_JUMP
ram:00054c18	ram:200001dc	COMPUTED_CALL
ram:00054c1c	ram:00054bd0	UNCONDITIONAL_JUMP
ram:00054c52	ram:20001dd4	READ
ram:00054c56	ram:20001eb0	READ
ram:00054c5a	ram:00054cb4	CONDITIONAL_JUMP
ram:00054c64	ram:00054cac	CONDITIONAL_JUMP
ram:00054c84	ram:20001dd4	WRITE
ram:00054caa	ram:00054af6	UNCONDITIONAL_JUMP
ram:00054cb2	ram:00054c70	UNCONDITIONAL_JUMP
ram:00054cca	ram:20001dd4	WRITE
ram:00054cd2	ram:00054af6	UNCONDITIONAL_JUMP
ram:00054cd6	ram:00054d6e	CONDITIONAL_JUMP
ram:00054ce6	ram:00054d48	CONDITIONAL_JUMP
ram:00054cee	ram:00054d48	CONDITIONAL_JUMP
ram:00054cfc	ram:200001dc	COMPUTED_CALL
ram:00054d1c	ram:200001dc	COMPUTED_CALL
ram:00054d20	ram:20001e28	READ
ram:00054d28	ram:00054d42	CONDITIONAL_JUMP
ram:00054d32	ram:00054d42	CONDITIONAL_JUMP
ram:00054d46	ram:0005497e	UNCONDITIONAL_JUMP
ram:00054d4c	ram:00054d5a	CONDITIONAL_JUMP
ram:00054d68	ram:200001dc	COMPUTED_CALL
ram:00054d6c	ram:00054d0e	UNCONDITIONAL_JUMP
ram:00054d84	ram:00054d64	UNCONDITIONAL_JUMP
ram:00054d86	ram:40001022	READ
ram:00054d94	ram:000549fc	UNCONDITIONAL_JUMP
ram:00054db2	ram:20001dc0	READ
ram:00054dbc	ram:00054ddc	CONDITIONAL_JUMP
ram:00054dc0	ram:20001dd4	READ
ram:00054dc6	ram:00054dd0	CONDITIONAL_JUMP
ram:00054dcc	ram:00053848	UNCONDITIONAL_CALL
ram:00054dd8	ram:0005480a	UNCONDITIONAL_CALL
ram:00054de8	ram:20001db8	READ
ram:00054dec	ram:00054df2	CONDITIONAL_JUMP
ram:00054df6	ram:00054dee	CONDITIONAL_JUMP
ram:00054dfc	ram:00054dec	UNCONDITIONAL_JUMP
ram:00054e0a	ram:00054de4	UNCONDITIONAL_CALL
ram:00054e0e	ram:00054fce	CONDITIONAL_JUMP
ram:00054e20	ram:00054e3a	CONDITIONAL_JUMP
ram:00054e28	ram:20001e38	PARAM
ram:00054e34	ram:200001dc	COMPUTED_CALL
ram:00054e38	ram:00054eb2	UNCONDITIONAL_JUMP
ram:00054e3c	ram:00054e56	CONDITIONAL_JUMP
ram:00054e40	ram:20001d62	READ
ram:00054e46	ram:00054fd0	CONDITIONAL_JUMP
ram:00054e50	ram:20001e3e	PARAM
ram:00054e54	ram:00054e2c	UNCONDITIONAL_JUMP
ram:00054e58	ram:00054ea8	CONDITIONAL_JUMP
ram:00054e62	ram:00054e76	CONDITIONAL_JUMP
ram:00054e70	ram:00054e40	CONDITIONAL_JUMP
ram:00054e74	ram:00054e22	UNCONDITIONAL_JUMP
ram:00054e7e	ram:20000c00	COMPUTED_CALL
ram:00054e84	ram:00054ea8	CONDITIONAL_JUMP
ram:00054e86	ram:0005d732	UNCONDITIONAL_CALL
ram:00054e90	ram:00054ea8	CONDITIONAL_JUMP
ram:00054ea4	ram:200001dc	COMPUTED_CALL
ram:00054eae	ram:00054e64	CONDITIONAL_JUMP
ram:00054eb2	ram:20001d61	READ
ram:00054eb6	ram:00054eec	CONDITIONAL_JUMP
ram:00054ebc	ram:00054eec	CONDITIONAL_JUMP
ram:00054ece	ram:00054fde	CONDITIONAL_JUMP
ram:00054ed6	ram:20000c50	COMPUTED_CALL
ram:00054ede	ram:00054eec	CONDITIONAL_JUMP
ram:00054ee4	ram:00054eec	CONDITIONAL_JUMP
ram:00054efa	ram:20001bd5	READ
ram:00054efe	ram:20001d60	WRITE
ram:00054f1e	ram:00054f8c	CONDITIONAL_JUMP
ram:00054f2c	ram:00054f34	CONDITIONAL_JUMP
ram:00054f44	ram:20001e9e	READ
ram:00054f5a	ram:20001b8c	READ
ram:00054f5e	ram:00054fe8	CONDITIONAL_JUMP
ram:00054f82	ram:0006bae2	UNCONDITIONAL_CALL
ram:00054f94	ram:00054ff4	CONDITIONAL_JUMP
ram:00054f9e	ram:00054fac	CONDITIONAL_JUMP
ram:00054fa2	ram:00042494	UNCONDITIONAL_CALL
ram:00054fbc	ram:00055846	PARAM
ram:00054fc0	ram:00042362	UNCONDITIONAL_CALL
ram:00054fc4	ram:20001b67	READ
ram:00054fca	ram:00042138	UNCONDITIONAL_CALL
ram:00054fe2	ram:20000c00	COMPUTED_CALL
ram:00054fe6	ram:00054eda	UNCONDITIONAL_JUMP
ram:00054ff2	ram:00054f6e	UNCONDITIONAL_JUMP
ram:00054ff6	ram:00054fc4	CONDITIONAL_JUMP
ram:00055002	ram:00055010	CONDITIONAL_JUMP
ram:00055006	ram:00042494	UNCONDITIONAL_CALL
ram:0005501a	ram:00054fb6	UNCONDITIONAL_JUMP
ram:00055026	ram:00062262	UNCONDITIONAL_CALL
ram:0005503c	ram:00053848	UNCONDITIONAL_CALL
ram:00055044	ram:20001b67	READ
ram:0005504a	ram:0004244a	UNCONDITIONAL_CALL
ram:0005504e	ram:20001b67	READ
ram:00055054	ram:0004244a	UNCONDITIONAL_CALL
ram:00055060	ram:0005506e	CONDITIONAL_JUMP
ram:00055064	ram:00042494	UNCONDITIONAL_CALL
ram:00055082	Stack[-0x10]	DATA
ram:00055098	ram:000550ae	CONDITIONAL_JUMP
ram:000550a6	Stack[-0x10]	DATA
ram:000550be	ram:0005509c	CONDITIONAL_JUMP
ram:000550ce	ram:2000026a	COMPUTED_CALL
ram:000550d4	ram:000550a0	CONDITIONAL_JUMP
ram:000550f6	ram:200001dc	COMPUTED_CALL
ram:000550fc	ram:000536fe	UNCONDITIONAL_CALL
ram:00055104	ram:0005509c	CONDITIONAL_JUMP
ram:0005510e	ram:0005514c	CONDITIONAL_JUMP
ram:00055112	ram:00055ed6	UNCONDITIONAL_CALL
ram:0005511a	ram:20001bd3	READ
ram:00055120	ram:0005514c	CONDITIONAL_JUMP
ram:00055128	ram:0005509c	CONDITIONAL_JUMP
ram:00055130	ram:20001c00	READ
ram:0005513c	ram:00053524	UNCONDITIONAL_CALL
ram:00055140	ram:000550a0	CONDITIONAL_JUMP
ram:00055146	ram:0005501c	UNCONDITIONAL_CALL
ram:0005514a	ram:000550a0	UNCONDITIONAL_JUMP
ram:00055150	ram:00055158	CONDITIONAL_JUMP
ram:00055154	ram:0005509c	CONDITIONAL_JUMP
ram:0005515a	ram:000534a8	UNCONDITIONAL_CALL
ram:00055168	ram:00061f0a	UNCONDITIONAL_CALL
ram:0005517a	ram:200011be	COMPUTED_CALL
ram:0005517e	ram:00062262	UNCONDITIONAL_CALL
ram:00055182	ram:000550a0	UNCONDITIONAL_JUMP
ram:00055192	ram:20001dc0	READ
ram:000551d2	ram:00055348	CONDITIONAL_JUMP
ram:000551da	ram:0006c104	DATA
ram:000551da	ram:0006c134	READ
ram:000551da	ram:0006c110	READ
ram:000551dc	ram:00055260	COMPUTED_JUMP
ram:000551dc	ram:00055286	COMPUTED_JUMP
ram:000551dc	ram:0005539e	COMPUTED_JUMP
ram:000551dc	ram:000551de	COMPUTED_JUMP
ram:000551dc	ram:00055440	COMPUTED_JUMP
ram:000551dc	ram:00055522	COMPUTED_JUMP
ram:000551dc	ram:000554bc	COMPUTED_JUMP
ram:000551dc	ram:00055588	COMPUTED_JUMP
ram:000551dc	ram:000555cc	COMPUTED_JUMP
ram:000551dc	ram:000551f0	COMPUTED_JUMP
ram:000551dc	ram:0005534e	COMPUTED_JUMP
ram:000551dc	ram:000552f6	COMPUTED_JUMP
ram:000551dc	ram:00055508	COMPUTED_JUMP
ram:000551e0	ram:20001dd4	READ
ram:000551e4	ram:000551e0	CONDITIONAL_JUMP
ram:000551ea	ram:00053ed0	UNCONDITIONAL_CALL
ram:000551ee	ram:000551c4	UNCONDITIONAL_JUMP
ram:000551f8	ram:00062030	UNCONDITIONAL_CALL
ram:00055208	ram:200011be	COMPUTED_CALL
ram:0005520c	ram:20001e97	READ
ram:00055212	ram:0005525a	CONDITIONAL_JUMP
ram:0005521c	ram:20001e97	WRITE
ram:00055224	ram:20001120	COMPUTED_CALL
ram:00055228	ram:00055230	CONDITIONAL_JUMP
ram:0005522c	ram:00055078	UNCONDITIONAL_CALL
ram:00055238	ram:000551c4	CONDITIONAL_JUMP
ram:0005523c	ram:00062262	UNCONDITIONAL_CALL
ram:00055242	ram:00053894	UNCONDITIONAL_CALL
ram:0005525a	ram:20001e98	WRITE
ram:0005525e	ram:0005523c	UNCONDITIONAL_JUMP
ram:00055260	ram:20001e96	READ
ram:00055266	ram:0005525a	CONDITIONAL_JUMP
ram:0005526c	ram:20001e96	WRITE
ram:00055272	ram:0005527c	CONDITIONAL_JUMP
ram:00055278	ram:0005523c	CONDITIONAL_JUMP
ram:00055284	ram:000551c4	UNCONDITIONAL_JUMP
ram:00055286	ram:20001e96	READ
ram:0005528c	ram:000555bc	CONDITIONAL_JUMP
ram:00055290	ram:20001e96	WRITE
ram:00055294	ram:00062262	UNCONDITIONAL_CALL
ram:0005529a	ram:00053848	UNCONDITIONAL_CALL
ram:000552a2	ram:20001a78	READ
ram:000552a6	ram:000552de	CONDITIONAL_JUMP
ram:000552aa	ram:000552de	CONDITIONAL_JUMP
ram:000552d0	ram:200001dc	COMPUTED_CALL
ram:000552d4	ram:20001a78	READ
ram:000552e2	ram:00055246	CONDITIONAL_JUMP
ram:000552f0	ram:000682fa	UNCONDITIONAL_CALL
ram:000552f4	ram:00055246	UNCONDITIONAL_JUMP
ram:00055300	ram:00062030	UNCONDITIONAL_CALL
ram:00055312	ram:200011be	COMPUTED_CALL
ram:00055316	ram:20001e97	READ
ram:0005531c	ram:000555c6	CONDITIONAL_JUMP
ram:00055328	ram:20001e97	WRITE
ram:00055330	ram:20001120	COMPUTED_CALL
ram:00055334	ram:0005533c	CONDITIONAL_JUMP
ram:00055338	ram:00053b6e	UNCONDITIONAL_CALL
ram:00055344	ram:000551c4	CONDITIONAL_JUMP
ram:00055348	ram:00062262	UNCONDITIONAL_CALL
ram:0005534c	ram:000553e8	UNCONDITIONAL_JUMP
ram:00055358	ram:00062030	UNCONDITIONAL_CALL
ram:0005536a	ram:200011be	COMPUTED_CALL
ram:0005536e	ram:20001e97	READ
ram:00055374	ram:000555c6	CONDITIONAL_JUMP
ram:00055380	ram:20001e97	WRITE
ram:00055388	ram:20001120	COMPUTED_CALL
ram:0005538c	ram:00055394	CONDITIONAL_JUMP
ram:00055390	ram:000538d8	UNCONDITIONAL_CALL
ram:0005539c	ram:00055344	UNCONDITIONAL_JUMP
ram:0005539e	ram:20001e96	READ
ram:000553a4	ram:000555bc	CONDITIONAL_JUMP
ram:000553a8	ram:20001e96	WRITE
ram:000553ac	ram:00062262	UNCONDITIONAL_CALL
ram:000553b0	ram:20001dd4	READ
ram:000553b6	ram:000553c4	CONDITIONAL_JUMP
ram:000553ba	ram:20001dd4	READ
ram:000553c0	ram:000553f0	CONDITIONAL_JUMP
ram:000553c4	ram:20001eb0	READ
ram:000553d4	ram:000553f0	CONDITIONAL_JUMP
ram:000553e4	ram:000551c4	CONDITIONAL_JUMP
ram:000553ea	ram:00053848	UNCONDITIONAL_CALL
ram:000553ee	ram:00055246	UNCONDITIONAL_JUMP
ram:000553f8	ram:00055432	CONDITIONAL_JUMP
ram:000553fe	ram:000555f8	CONDITIONAL_JUMP
ram:00055402	ram:00055410	CONDITIONAL_JUMP
ram:0005540c	ram:0005480a	UNCONDITIONAL_CALL
ram:00055410	ram:20001e9b	READ
ram:00055414	ram:000551c4	CONDITIONAL_JUMP
ram:00055418	ram:20001dd4	READ
ram:0005541e	ram:0005542c	CONDITIONAL_JUMP
ram:00055422	ram:20001dd4	READ
ram:00055428	ram:000553e8	CONDITIONAL_JUMP
ram:00055430	ram:00055280	UNCONDITIONAL_JUMP
ram:00055432	ram:00055410	CONDITIONAL_JUMP
ram:00055438	ram:00055410	CONDITIONAL_JUMP
ram:0005543e	ram:0005540a	UNCONDITIONAL_JUMP
ram:00055440	ram:20001e96	READ
ram:00055446	ram:000555bc	CONDITIONAL_JUMP
ram:0005544a	ram:20001e96	WRITE
ram:0005544e	ram:20001dd4	READ
ram:00055454	ram:00055478	CONDITIONAL_JUMP
ram:00055456	ram:00062262	UNCONDITIONAL_CALL
ram:0005545a	ram:20001dd4	READ
ram:00055462	ram:0005545a	CONDITIONAL_JUMP
ram:00055464	ram:20001dd4	READ
ram:0005546e	ram:20001dd4	WRITE
ram:00055472	ram:00053cca	UNCONDITIONAL_CALL
ram:00055476	ram:000551c4	UNCONDITIONAL_JUMP
ram:00055478	ram:20001dd5	READ
ram:0005547e	ram:0005548a	CONDITIONAL_JUMP
ram:00055480	ram:00062262	UNCONDITIONAL_CALL
ram:00055488	ram:00055280	UNCONDITIONAL_JUMP
ram:0005548a	ram:20001dd4	READ
ram:00055492	ram:000554aa	CONDITIONAL_JUMP
ram:00055496	ram:00055ed6	UNCONDITIONAL_CALL
ram:0005549a	ram:20001bd3	READ
ram:000554a0	ram:00055348	CONDITIONAL_JUMP
ram:000554a8	ram:00055280	UNCONDITIONAL_JUMP
ram:000554aa	ram:20001dd4	READ
ram:000554b2	ram:00055348	CONDITIONAL_JUMP
ram:000554ba	ram:00055280	UNCONDITIONAL_JUMP
ram:000554bc	ram:20001e96	READ
ram:000554c2	ram:000551c4	CONDITIONAL_JUMP
ram:000554c6	ram:20001e96	WRITE
ram:000554ca	ram:20001dd4	READ
ram:000554d0	ram:000554e2	CONDITIONAL_JUMP
ram:000554d2	ram:00062262	UNCONDITIONAL_CALL
ram:000554d6	ram:20001dd4	READ
ram:000554de	ram:000554d6	CONDITIONAL_JUMP
ram:000554e0	ram:00055464	UNCONDITIONAL_JUMP
ram:000554e2	ram:20001dd5	READ
ram:000554e8	ram:00055480	CONDITIONAL_JUMP
ram:000554ea	ram:20001dd4	READ
ram:000554f2	ram:000554a4	CONDITIONAL_JUMP
ram:000554f6	ram:20001dd4	READ
ram:000554fe	ram:000554b6	CONDITIONAL_JUMP
ram:00055502	ram:00062262	UNCONDITIONAL_CALL
ram:00055506	ram:00055246	UNCONDITIONAL_JUMP
ram:00055510	ram:0005322c	UNCONDITIONAL_CALL
ram:0005551c	ram:000551c4	CONDITIONAL_JUMP
ram:00055520	ram:00055246	UNCONDITIONAL_JUMP
ram:00055522	ram:20001e97	READ
ram:00055528	ram:00055552	CONDITIONAL_JUMP
ram:0005552a	ram:00062262	UNCONDITIONAL_CALL
ram:00055532	ram:20001e88	READ
ram:00055536	ram:20001e9e	WRITE
ram:00055540	ram:40001000	PARAM
ram:00055544	ram:40001018	READ
ram:0005554c	ram:40001018	WRITE
ram:00055550	ram:000553e8	UNCONDITIONAL_JUMP
ram:00055552	ram:20001eb0	READ
ram:00055558	ram:000551c4	CONDITIONAL_JUMP
ram:0005555c	ram:00062262	UNCONDITIONAL_CALL
ram:00055564	ram:20001e88	READ
ram:00055568	ram:20001e9e	WRITE
ram:00055572	ram:40001000	PARAM
ram:00055576	ram:40001018	READ
ram:0005557e	ram:40001018	WRITE
ram:00055582	ram:20001e98	WRITE
ram:00055586	ram:000553e8	UNCONDITIONAL_JUMP
ram:00055588	ram:20001e96	READ
ram:0005558e	ram:000555bc	CONDITIONAL_JUMP
ram:00055590	ram:20001e96	WRITE
ram:00055594	ram:20001dd4	READ
ram:0005559a	ram:00055298	CONDITIONAL_JUMP
ram:0005559e	ram:20001dd4	READ
ram:000555a6	ram:0005559e	CONDITIONAL_JUMP
ram:000555aa	ram:00053cca	UNCONDITIONAL_CALL
ram:000555ae	ram:20001dd4	READ
ram:000555b6	ram:20001dd4	WRITE
ram:000555ba	ram:00055294	UNCONDITIONAL_JUMP
ram:000555bc	ram:20001eb0	READ
ram:000555c2	ram:000551c4	CONDITIONAL_JUMP
ram:000555c6	ram:20001e98	WRITE
ram:000555ca	ram:00055348	UNCONDITIONAL_JUMP
ram:000555d0	ram:20001e94	PARAM
ram:000555d4	ram:20001e96	READ
ram:000555da	ram:000555f2	CONDITIONAL_JUMP
ram:000555dc	ram:20001e96	WRITE
ram:000555e0	ram:00062262	UNCONDITIONAL_CALL
ram:000555e6	ram:00053524	UNCONDITIONAL_CALL
ram:000555ec	ram:0005501c	UNCONDITIONAL_CALL
ram:000555f0	ram:00055246	UNCONDITIONAL_JUMP
ram:000555f2	ram:20001e98	WRITE
ram:000555f6	ram:00055348	UNCONDITIONAL_JUMP
ram:000555f8	ram:00055410	CONDITIONAL_JUMP
ram:000555fc	ram:0005543a	UNCONDITIONAL_JUMP
ram:0005560c	ram:20001db4	READ
ram:00055610	Stack[-0x10]	DATA
ram:00055612	ram:0005582e	CONDITIONAL_JUMP
ram:0005561c	ram:0005582e	CONDITIONAL_JUMP
ram:00055628	ram:20001d60	READ
ram:0005563a	ram:20001dc0	WRITE
ram:0005563e	ram:20001d60	WRITE
ram:00055642	ram:0005564e	CONDITIONAL_JUMP
ram:00055646	ram:00042954	UNCONDITIONAL_CALL
ram:0005564a	ram:20001d60	WRITE
ram:00055654	ram:00055696	CONDITIONAL_JUMP
ram:0005565c	ram:00055696	CONDITIONAL_JUMP
ram:00055662	ram:00055690	CONDITIONAL_JUMP
ram:0005567c	ram:000682f6	UNCONDITIONAL_CALL
ram:00055688	Stack[-0x10]	DATA
ram:0005568c	ram:0005501c	UNCONDITIONAL_CALL
ram:0005569e	ram:20001dd4	WRITE
ram:000556a2	ram:000428ec	UNCONDITIONAL_CALL
ram:000556b0	ram:00055764	CONDITIONAL_JUMP
ram:000556b4	ram:00041eae	UNCONDITIONAL_CALL
ram:000556ba	ram:000556d2	CONDITIONAL_JUMP
ram:000556d0	ram:000556ec	UNCONDITIONAL_JUMP
ram:000556d4	ram:00055756	CONDITIONAL_JUMP
ram:000556f8	ram:20001b67	READ
ram:000556fe	ram:000557f0	CONDITIONAL_JUMP
ram:0005570a	ram:0004224c	UNCONDITIONAL_CALL
ram:00055714	ram:00055800	CONDITIONAL_JUMP
ram:0005571a	ram:00055800	CONDITIONAL_JUMP
ram:0005571e	ram:00055800	CONDITIONAL_JUMP
ram:00055724	ram:00055800	CONDITIONAL_JUMP
ram:00055738	ram:200001dc	COMPUTED_CALL
ram:00055742	ram:00055808	CONDITIONAL_JUMP
ram:0005574e	Stack[-0x10]	DATA
ram:00055752	ram:0005480a	UNCONDITIONAL_CALL
ram:00055762	ram:000556c8	UNCONDITIONAL_JUMP
ram:0005576a	ram:0005579c	CONDITIONAL_JUMP
ram:00055772	ram:0005578e	CONDITIONAL_JUMP
ram:0005577e	ram:00055796	CONDITIONAL_JUMP
ram:0005578c	ram:000556f0	UNCONDITIONAL_JUMP
ram:0005579a	ram:00055784	UNCONDITIONAL_JUMP
ram:0005579c	ram:000557c2	CONDITIONAL_JUMP
ram:000557a2	ram:000557b2	CONDITIONAL_JUMP
ram:000557b0	ram:00055788	UNCONDITIONAL_JUMP
ram:000557b4	ram:000557bc	CONDITIONAL_JUMP
ram:000557ba	ram:000557a8	UNCONDITIONAL_JUMP
ram:000557c0	ram:000557a8	UNCONDITIONAL_JUMP
ram:000557ca	ram:000557d4	CONDITIONAL_JUMP
ram:000557d2	ram:000557e2	UNCONDITIONAL_JUMP
ram:000557de	ram:000557ce	CONDITIONAL_JUMP
ram:000557ee	ram:00055788	UNCONDITIONAL_JUMP
ram:000557f4	ram:000428ec	UNCONDITIONAL_CALL
ram:000557fe	ram:00055706	UNCONDITIONAL_JUMP
ram:00055806	ram:0005573c	UNCONDITIONAL_JUMP
ram:0005580c	ram:20001c00	READ
ram:0005581a	ram:20001bd2	READ
ram:0005581e	ram:0005583a	CONDITIONAL_JUMP
ram:0005582a	ram:00055746	CONDITIONAL_JUMP
ram:00055834	Stack[-0x10]	DATA
ram:0005583a	ram:00055822	CONDITIONAL_JUMP
ram:00055844	ram:00055822	UNCONDITIONAL_JUMP
ram:00055858	ram:00055880	CONDITIONAL_JUMP
ram:00055870	ram:000682f6	UNCONDITIONAL_CALL
ram:0005587c	ram:0005501c	UNCONDITIONAL_CALL
ram:00055888	ram:00055894	CONDITIONAL_JUMP
ram:00055892	ram:00055874	CONDITIONAL_JUMP
ram:00055898	ram:20001e30	READ
ram:000558a0	ram:000558c0	CONDITIONAL_JUMP
ram:000558a6	Stack[-0x20]	DATA
ram:000558ba	ram:000682aa	UNCONDITIONAL_CALL
ram:000558be	ram:00055874	UNCONDITIONAL_JUMP
ram:000558c0	Stack[-0x20]	DATA
ram:000558d4	ram:00068284	UNCONDITIONAL_CALL
ram:000558d8	ram:00055874	UNCONDITIONAL_JUMP
ram:000558de	ram:20001e78	WRITE
ram:000558e8	ram:20001b67	READ
ram:000558f0	ram:00055902	CONDITIONAL_JUMP
ram:000558f6	ram:000526d0	PARAM
ram:000558fa	ram:000426a0	UNCONDITIONAL_CALL
ram:000558fe	ram:000527d8	UNCONDITIONAL_CALL
ram:00055912	ram:20001dc4	WRITE
ram:00055912	ram:00052b5e	DATA
ram:0005591c	ram:20001dc8	WRITE
ram:0005591c	ram:00054dfe	DATA
ram:00055926	ram:20001dcc	WRITE
ram:00055926	ram:000555fe	DATA
ram:00055932	ram:20001dd0	WRITE
ram:00055932	ram:00054da6	DATA
ram:00055938	ram:0005594c	CONDITIONAL_JUMP
ram:00055952	ram:20001e80	WRITE
ram:0005595c	ram:20001db0	READ
ram:00055962	ram:00055968	CONDITIONAL_JUMP
ram:0005596c	ram:00055964	CONDITIONAL_JUMP
ram:00055974	ram:00055962	UNCONDITIONAL_JUMP
ram:00055988	ram:0005599a	CONDITIONAL_JUMP
ram:0005598e	ram:00042494	UNCONDITIONAL_CALL
ram:000559c2	ram:00055938	PARAM
ram:000559c8	ram:00042362	UNCONDITIONAL_CALL
ram:000559de	ram:000559f0	CONDITIONAL_JUMP
ram:000559e4	ram:00042494	UNCONDITIONAL_CALL
ram:000559fe	ram:00056d8e	PARAM
ram:00055a04	ram:00042362	UNCONDITIONAL_CALL
ram:00055a1a	ram:00055a2c	CONDITIONAL_JUMP
ram:00055a20	ram:00042494	UNCONDITIONAL_CALL
ram:00055a3a	ram:00056db8	PARAM
ram:00055a40	ram:00042362	UNCONDITIONAL_CALL
ram:00055a4e	ram:20001d82	READ
ram:00055a52	ram:20001d8e	READ
ram:00055a5e	ram:20001d90	READ
ram:00055a78	ram:00055ae6	CONDITIONAL_JUMP
ram:00055a8a	ram:00055aee	CONDITIONAL_JUMP
ram:00055a8e	ram:20001d88	READ
ram:00055aa4	ram:00055aaa	CONDITIONAL_JUMP
ram:00055ab8	ram:00055abe	CONDITIONAL_JUMP
ram:00055aca	ram:00055ad0	CONDITIONAL_JUMP
ram:00055ad6	ram:00055adc	CONDITIONAL_JUMP
ram:00055aec	ram:00055a80	UNCONDITIONAL_JUMP
ram:00055aee	ram:20001d86	READ
ram:00055afa	ram:00055a9c	UNCONDITIONAL_JUMP
ram:00055b06	ram:00055b42	CONDITIONAL_JUMP
ram:00055b12	ram:00055b20	CONDITIONAL_JUMP
ram:00055b1e	ram:00055b2a	UNCONDITIONAL_JUMP
ram:00055b36	ram:00055b3c	CONDITIONAL_JUMP
ram:00055b44	ram:00055b50	CONDITIONAL_JUMP
ram:00055b4e	ram:00055b2a	UNCONDITIONAL_JUMP
ram:00055b54	ram:00055b1c	UNCONDITIONAL_JUMP
ram:00055b62	ram:00055b68	CONDITIONAL_JUMP
ram:00055b78	ram:00055b7e	CONDITIONAL_JUMP
ram:00055b8e	ram:00055b94	CONDITIONAL_JUMP
ram:00055ba4	ram:00055baa	CONDITIONAL_JUMP
ram:00055bb4	ram:00055bc8	CONDITIONAL_JUMP
ram:00055bc0	ram:00055be0	CONDITIONAL_JUMP
ram:00055bc6	ram:00055be0	UNCONDITIONAL_JUMP
ram:00055bd0	ram:00055be8	CONDITIONAL_JUMP
ram:00055bdc	ram:00055bc4	CONDITIONAL_JUMP
ram:00055bee	ram:00055c6a	CONDITIONAL_JUMP
ram:00055c0c	ram:00055c14	CONDITIONAL_JUMP
ram:00055c16	ram:00055c1c	CONDITIONAL_JUMP
ram:00055c28	ram:00055c2e	CONDITIONAL_JUMP
ram:00055c3e	ram:00055c8a	CONDITIONAL_JUMP
ram:00055c46	ram:00055c8a	CONDITIONAL_JUMP
ram:00055c4e	ram:00055c8a	CONDITIONAL_JUMP
ram:00055c56	ram:00055c8a	CONDITIONAL_JUMP
ram:00055c5e	ram:00055afc	UNCONDITIONAL_CALL
ram:00055c72	ram:00055c32	CONDITIONAL_JUMP
ram:00055c7e	ram:00055c84	CONDITIONAL_JUMP
ram:00055c88	ram:00055c30	UNCONDITIONAL_JUMP
ram:00055ca0	ram:00055afc	UNCONDITIONAL_CALL
ram:00055ca6	ram:00055c64	UNCONDITIONAL_JUMP
ram:00055cb4	ram:00055cba	CONDITIONAL_JUMP
ram:00055cc6	ram:00055d3c	CONDITIONAL_JUMP
ram:00055cd0	ram:00055cd6	CONDITIONAL_JUMP
ram:00055ce0	ram:00055cee	CONDITIONAL_JUMP
ram:00055cf6	ram:00055cfc	CONDITIONAL_JUMP
ram:00055d08	ram:00055d56	CONDITIONAL_JUMP
ram:00055d12	ram:00055d18	CONDITIONAL_JUMP
ram:00055d22	ram:00055d30	CONDITIONAL_JUMP
ram:00055d30	ram:00055afc	UNCONDITIONAL_CALL
ram:00055d42	ram:00055cdc	CONDITIONAL_JUMP
ram:00055d50	ram:00055cdc	CONDITIONAL_JUMP
ram:00055d54	ram:00055cdc	UNCONDITIONAL_JUMP
ram:00055d5c	ram:00055d1e	CONDITIONAL_JUMP
ram:00055d6a	ram:00055d1e	CONDITIONAL_JUMP
ram:00055d6e	ram:00055d1e	UNCONDITIONAL_JUMP
ram:00055d86	ram:00055d90	CONDITIONAL_JUMP
ram:00055db2	ram:00055dba	CONDITIONAL_JUMP
ram:00055df4	ram:00055e02	CONDITIONAL_JUMP
ram:00055e1c	ram:00055e2a	CONDITIONAL_JUMP
ram:00055e38	ram:00055e44	CONDITIONAL_JUMP
ram:00055e4c	ram:00055e58	CONDITIONAL_JUMP
ram:00055e60	ram:00055e7c	CONDITIONAL_JUMP
ram:00055e88	ram:00055e94	CONDITIONAL_JUMP
ram:00055e9c	ram:00055ea8	CONDITIONAL_JUMP
ram:00055eb0	ram:00055eba	CONDITIONAL_JUMP
ram:00055ec0	ram:20001df0	READ
ram:00055ec6	ram:00055eca	CONDITIONAL_JUMP
ram:00055ece	ram:00055ed2	CONDITIONAL_JUMP
ram:00055ed4	ram:00055ec6	UNCONDITIONAL_JUMP
ram:00055eda	ram:20001df0	READ
ram:00055ee2	ram:00055ee6	CONDITIONAL_JUMP
ram:00055eea	ram:00055ef0	CONDITIONAL_JUMP
ram:00055ef2	ram:00055ee2	UNCONDITIONAL_JUMP
ram:00055f0a	ram:000428ec	UNCONDITIONAL_CALL
ram:00055f0e	ram:20001e04	READ
ram:00055f18	ram:00055f72	CONDITIONAL_JUMP
ram:00055f24	ram:20002000	PARAM
ram:00055f2e	ram:20001b8c	READ
ram:00055f44	ram:0006bae2	UNCONDITIONAL_CALL
ram:00055f54	ram:20001df0	READ
ram:00055f6e	ram:00055f7c	CONDITIONAL_JUMP
ram:00055f86	ram:00055f8e	CONDITIONAL_JUMP
ram:00055f8c	ram:00055f72	UNCONDITIONAL_JUMP
ram:00055f8e	ram:00055f96	CONDITIONAL_JUMP
ram:00055f94	ram:00055f88	CONDITIONAL_JUMP
ram:00055f9a	ram:00055faa	CONDITIONAL_JUMP
ram:00055faa	ram:00055fb2	CONDITIONAL_JUMP
ram:00055fb0	ram:00055f86	UNCONDITIONAL_JUMP
ram:00055fb4	ram:00055f6e	UNCONDITIONAL_JUMP
ram:00055fc2	ram:20001e04	READ
ram:00055fcc	ram:00056012	CONDITIONAL_JUMP
ram:00055fda	ram:20002000	PARAM
ram:00055fe4	ram:20001b8c	READ
ram:00055ffa	ram:0006bae2	UNCONDITIONAL_CALL
ram:00056002	ram:20001df0	READ
ram:0005600e	ram:0005601c	CONDITIONAL_JUMP
ram:0005602a	ram:00056032	CONDITIONAL_JUMP
ram:00056030	ram:00056012	UNCONDITIONAL_JUMP
ram:00056032	ram:0005603a	CONDITIONAL_JUMP
ram:00056038	ram:0005602c	CONDITIONAL_JUMP
ram:00056042	ram:00056056	CONDITIONAL_JUMP
ram:0005604e	ram:00056056	CONDITIONAL_JUMP
ram:00056056	ram:0005605e	CONDITIONAL_JUMP
ram:0005605c	ram:0005602a	UNCONDITIONAL_JUMP
ram:00056060	ram:0005600e	UNCONDITIONAL_JUMP
ram:0005606a	ram:20001bd2	READ
ram:00056074	ram:20001b8c	READ
ram:00056078	ram:20002000	PARAM
ram:00056082	ram:20001e04	READ
ram:00056092	Stack[-0x20]	DATA
ram:0005609e	ram:00056196	CONDITIONAL_JUMP
ram:000560ba	ram:000560cc	CONDITIONAL_JUMP
ram:000560c2	ram:000560cc	CONDITIONAL_JUMP
ram:000560f2	ram:0006bae2	UNCONDITIONAL_CALL
ram:000560f8	ram:20001df0	READ
ram:00056116	ram:0006bae2	UNCONDITIONAL_CALL
ram:00056120	ram:0005616a	CONDITIONAL_JUMP
ram:0005613a	ram:0006bae2	UNCONDITIONAL_CALL
ram:00056140	ram:00056152	CONDITIONAL_JUMP
ram:00056148	ram:00056152	CONDITIONAL_JUMP
ram:00056164	Stack[-0x20]	DATA
ram:0005616a	ram:00056172	CONDITIONAL_JUMP
ram:00056170	ram:00056122	CONDITIONAL_JUMP
ram:0005617a	ram:0005618e	CONDITIONAL_JUMP
ram:00056186	ram:0005618e	CONDITIONAL_JUMP
ram:0005618e	ram:000561ce	CONDITIONAL_JUMP
ram:00056194	ram:00056120	UNCONDITIONAL_JUMP
ram:000561b6	ram:000561c8	CONDITIONAL_JUMP
ram:000561be	ram:000561c8	CONDITIONAL_JUMP
ram:000561cc	ram:00056156	UNCONDITIONAL_JUMP
ram:000561d8	ram:000560fe	CONDITIONAL_JUMP
ram:000561dc	ram:00056122	UNCONDITIONAL_JUMP
ram:000561e6	ram:20001e04	READ
ram:000561ec	ram:000562ce	CONDITIONAL_JUMP
ram:000561f4	ram:20001df0	READ
ram:000561fe	ram:00056210	CONDITIONAL_JUMP
ram:00056200	ram:0005621a	CONDITIONAL_JUMP
ram:00056214	ram:00056206	CONDITIONAL_JUMP
ram:00056218	ram:000561fe	UNCONDITIONAL_JUMP
ram:0005621a	ram:00056222	CONDITIONAL_JUMP
ram:00056220	ram:00056202	CONDITIONAL_JUMP
ram:00056226	ram:000562ca	CONDITIONAL_JUMP
ram:00056230	ram:000562ca	CONDITIONAL_JUMP
ram:0005623e	ram:00056298	CONDITIONAL_JUMP
ram:00056268	ram:0005d5f6	UNCONDITIONAL_CALL
ram:00056294	ram:20000214	COMPUTED_CALL
ram:000562be	ram:0005d5f6	UNCONDITIONAL_CALL
ram:000562c8	ram:0005627e	UNCONDITIONAL_JUMP
ram:000562cc	ram:00056200	UNCONDITIONAL_JUMP
ram:000562dc	ram:20001e04	READ
ram:000562ec	ram:00056494	CONDITIONAL_JUMP
ram:000562f6	ram:00056494	CONDITIONAL_JUMP
ram:000562fa	ram:20001df0	READ
ram:00056300	ram:0005637a	CONDITIONAL_JUMP
ram:00056314	ram:00056384	CONDITIONAL_JUMP
ram:00056316	ram:00056432	CONDITIONAL_JUMP
ram:00056322	ram:000563d6	CONDITIONAL_JUMP
ram:00056354	ram:00055ef4	UNCONDITIONAL_CALL
ram:0005637e	ram:00056370	CONDITIONAL_JUMP
ram:00056382	ram:00056300	UNCONDITIONAL_JUMP
ram:00056386	ram:0005638e	CONDITIONAL_JUMP
ram:0005638a	ram:00056316	CONDITIONAL_JUMP
ram:00056396	ram:000563ba	CONDITIONAL_JUMP
ram:000563a2	ram:000563aa	CONDITIONAL_JUMP
ram:000563aa	ram:000563b6	CONDITIONAL_JUMP
ram:000563b0	ram:000563b6	CONDITIONAL_JUMP
ram:000563b8	ram:00056314	UNCONDITIONAL_JUMP
ram:000563c0	ram:000563c8	CONDITIONAL_JUMP
ram:000563c8	ram:000563b6	CONDITIONAL_JUMP
ram:000563ce	ram:000563b6	CONDITIONAL_JUMP
ram:000563d4	ram:000563b6	UNCONDITIONAL_JUMP
ram:000563de	ram:00056370	CONDITIONAL_JUMP
ram:000563e4	ram:000563ee	CONDITIONAL_JUMP
ram:000563fa	ram:00056400	CONDITIONAL_JUMP
ram:0005642e	ram:0005d5f6	UNCONDITIONAL_CALL
ram:00056432	ram:00056494	CONDITIONAL_JUMP
ram:00056440	ram:00056494	CONDITIONAL_JUMP
ram:00056446	ram:00056494	CONDITIONAL_JUMP
ram:0005644e	ram:00056458	CONDITIONAL_JUMP
ram:00056464	ram:0005646a	CONDITIONAL_JUMP
ram:00056490	ram:0005d5f6	UNCONDITIONAL_CALL
ram:00056498	ram:00056370	UNCONDITIONAL_JUMP
ram:000564a2	ram:20001e04	READ
ram:000564a8	ram:00056678	CONDITIONAL_JUMP
ram:000564b2	ram:20001df0	READ
ram:000564c6	ram:20001b64	PARAM
ram:000564cc	ram:20001b8c	READ
ram:00056510	ram:0006bae2	UNCONDITIONAL_CALL
ram:00056528	ram:00056548	CONDITIONAL_JUMP
ram:00056548	ram:00056552	CONDITIONAL_JUMP
ram:00056550	ram:0005652a	CONDITIONAL_JUMP
ram:00056556	ram:00056600	CONDITIONAL_JUMP
ram:00056560	ram:00056600	CONDITIONAL_JUMP
ram:0005656c	ram:00056600	CONDITIONAL_JUMP
ram:00056570	ram:20001b8c	READ
ram:00056582	ram:00056600	CONDITIONAL_JUMP
ram:00056586	ram:0005658e	CONDITIONAL_JUMP
ram:0005658e	ram:00056600	CONDITIONAL_JUMP
ram:00056594	ram:0005659a	CONDITIONAL_JUMP
ram:000565aa	ram:0006bae2	UNCONDITIONAL_CALL
ram:000565b0	ram:00056600	CONDITIONAL_JUMP
ram:000565be	ram:00056604	CONDITIONAL_JUMP
ram:00056602	ram:00056528	UNCONDITIONAL_JUMP
ram:00056608	ram:00056630	CONDITIONAL_JUMP
ram:0005661a	ram:0006bae2	UNCONDITIONAL_CALL
ram:00056624	ram:00056630	CONDITIONAL_JUMP
ram:0005662c	ram:00056600	CONDITIONAL_JUMP
ram:00056632	ram:0005663e	CONDITIONAL_JUMP
ram:00056646	ram:0005664c	CONDITIONAL_JUMP
ram:00056672	ram:0005d5f6	UNCONDITIONAL_CALL
ram:00056676	ram:00056600	UNCONDITIONAL_JUMP
ram:00056682	ram:20001b67	READ
ram:00056686	ram:00056852	CONDITIONAL_JUMP
ram:000566aa	ram:000567d6	CONDITIONAL_JUMP
ram:000566b2	ram:20001df0	READ
ram:000566b6	ram:000567d6	CONDITIONAL_JUMP
ram:000566be	ram:20001b8c	READ
ram:000566c6	ram:20001bd2	READ
ram:000566ca	ram:20001bd4	READ
ram:000566fe	ram:000567a4	CONDITIONAL_JUMP
ram:0005670a	ram:000567f4	CONDITIONAL_JUMP
ram:00056712	ram:000567f4	CONDITIONAL_JUMP
ram:0005671a	ram:000567f4	CONDITIONAL_JUMP
ram:00056720	ram:000567f4	CONDITIONAL_JUMP
ram:00056726	ram:000567f4	CONDITIONAL_JUMP
ram:0005675c	ram:0006bae2	UNCONDITIONAL_CALL
ram:0005677a	ram:00056784	CONDITIONAL_JUMP
ram:0005677e	ram:00056784	CONDITIONAL_JUMP
ram:00056792	ram:0005679a	CONDITIONAL_JUMP
ram:00056798	ram:000567a4	UNCONDITIONAL_JUMP
ram:0005679a	ram:00056796	CONDITIONAL_JUMP
ram:000567a4	ram:000567aa	CONDITIONAL_JUMP
ram:000567ae	ram:000566f6	CONDITIONAL_JUMP
ram:000567b6	ram:20001c00	READ
ram:000567bc	ram:0005680e	CONDITIONAL_JUMP
ram:000567ce	ram:0005682e	CONDITIONAL_JUMP
ram:00056802	ram:00056796	CONDITIONAL_JUMP
ram:00056806	ram:00056796	CONDITIONAL_JUMP
ram:0005680c	ram:00056796	UNCONDITIONAL_JUMP
ram:00056812	ram:00056828	CONDITIONAL_JUMP
ram:00056816	ram:20001bd2	READ
ram:0005681a	ram:000567c0	CONDITIONAL_JUMP
ram:00056826	ram:000567c4	UNCONDITIONAL_JUMP
ram:0005682c	ram:000567c8	UNCONDITIONAL_JUMP
ram:00056834	ram:20001bd2	READ
ram:00056838	ram:00056842	CONDITIONAL_JUMP
ram:00056840	ram:000567d6	UNCONDITIONAL_JUMP
ram:00056844	ram:0005683c	CONDITIONAL_JUMP
ram:00056850	ram:000567d6	UNCONDITIONAL_JUMP
ram:0005685a	ram:00057ba2	UNCONDITIONAL_CALL
ram:0005685e	ram:00056874	CONDITIONAL_JUMP
ram:00056866	ram:0005686e	CONDITIONAL_JUMP
ram:00056872	ram:00056866	UNCONDITIONAL_JUMP
ram:00056876	ram:00056868	UNCONDITIONAL_JUMP
ram:0005687c	ram:20001e80	READ
ram:00056890	ram:0005692a	CONDITIONAL_JUMP
ram:00056898	ram:20001e04	READ
ram:0005689e	ram:0005692a	CONDITIONAL_JUMP
ram:000568a2	ram:20002000	PARAM
ram:000568aa	ram:20001b8c	READ
ram:000568d8	ram:20001bd2	READ
ram:000568e0	ram:00056942	CONDITIONAL_JUMP
ram:000568e8	ram:20001c00	READ
ram:000568f2	ram:0005694e	CONDITIONAL_JUMP
ram:000568fa	ram:20001bd5	READ
ram:00056900	ram:20001e80	READ
ram:00056906	ram:00056928	CONDITIONAL_JUMP
ram:00056916	ram:20001b8c	READ
ram:00056924	ram:0006bae2	UNCONDITIONAL_CALL
ram:00056942	ram:000568e4	CONDITIONAL_JUMP
ram:0005694c	ram:000568e4	UNCONDITIONAL_JUMP
ram:00056954	ram:000568fa	CONDITIONAL_JUMP
ram:00056958	ram:20001bd2	READ
ram:0005695c	ram:000568f6	CONDITIONAL_JUMP
ram:00056966	ram:000568f6	UNCONDITIONAL_JUMP
ram:00056974	ram:20001dfc	READ
ram:0005697a	Stack[-0x10]	DATA
ram:00056986	ram:0005698e	CONDITIONAL_JUMP
ram:0005698a	ram:20001dfc	WRITE
ram:00056992	ram:000569a2	CONDITIONAL_JUMP
ram:0005699e	ram:0005d5f6	UNCONDITIONAL_CALL
ram:000569a6	ram:000569b6	CONDITIONAL_JUMP
ram:000569b2	ram:0005d5f6	UNCONDITIONAL_CALL
ram:000569c0	ram:0005d5f6	UNCONDITIONAL_CALL
ram:000569d0	ram:20001e04	READ
ram:000569d6	ram:000569e2	CONDITIONAL_JUMP
ram:000569de	ram:00042570	UNCONDITIONAL_CALL
ram:000569e8	Stack[-0x10]	DATA
ram:000569f4	ram:00056d8a	CONDITIONAL_JUMP
ram:00056a18	ram:00056a40	CONDITIONAL_JUMP
ram:00056a20	ram:00056a28	CONDITIONAL_JUMP
ram:00056a26	ram:00056a36	UNCONDITIONAL_JUMP
ram:00056a2c	ram:00056968	UNCONDITIONAL_CALL
ram:00056a44	ram:00056aa2	CONDITIONAL_JUMP
ram:00056a64	ram:00056aa2	CONDITIONAL_JUMP
ram:00056a80	ram:20001bd4	READ
ram:00056aa8	ram:00056b9e	CONDITIONAL_JUMP
ram:00056ab2	ram:00056d50	CONDITIONAL_JUMP
ram:00056aee	ram:00042194	UNCONDITIONAL_CALL
ram:00056afe	ram:00056ce8	CONDITIONAL_JUMP
ram:00056b02	ram:20001b8c	READ
ram:00056b22	ram:20001bd2	READ
ram:00056b26	ram:00056b38	CONDITIONAL_JUMP
ram:00056b2e	ram:00056b38	CONDITIONAL_JUMP
ram:00056b48	ram:00056b50	CONDITIONAL_JUMP
ram:00056b4c	ram:00055fb6	UNCONDITIONAL_CALL
ram:00056b50	ram:20001b8c	READ
ram:00056ba4	ram:00056bf2	CONDITIONAL_JUMP
ram:00056bb6	ram:00056d5a	CONDITIONAL_JUMP
ram:00056bba	ram:00056bf2	CONDITIONAL_JUMP
ram:00056bda	ram:200001dc	COMPUTED_CALL
ram:00056be0	ram:000582da	UNCONDITIONAL_CALL
ram:00056bfa	ram:00056c6a	CONDITIONAL_JUMP
ram:00056c0c	ram:00056d5a	CONDITIONAL_JUMP
ram:00056c10	ram:00056c6a	CONDITIONAL_JUMP
ram:00056c1e	ram:00056c2e	CONDITIONAL_JUMP
ram:00056c24	ram:00056d6e	CONDITIONAL_JUMP
ram:00056c32	ram:00056c42	CONDITIONAL_JUMP
ram:00056c38	ram:00056d7c	CONDITIONAL_JUMP
ram:00056c44	ram:00055ca8	UNCONDITIONAL_CALL
ram:00056c4c	ram:00056c5a	CONDITIONAL_JUMP
ram:00056c72	ram:00056cb0	CONDITIONAL_JUMP
ram:00056c78	ram:20001db0	READ
ram:00056c9c	ram:00056cb0	CONDITIONAL_JUMP
ram:00056ca4	ram:00056cb0	CONDITIONAL_JUMP
ram:00056cb8	ram:00056a24	CONDITIONAL_JUMP
ram:00056cc4	ram:00056a24	CONDITIONAL_JUMP
ram:00056cd0	ram:00056cda	CONDITIONAL_JUMP
ram:00056ce6	ram:00056a24	UNCONDITIONAL_JUMP
ram:00056cf2	ram:00056d10	CONDITIONAL_JUMP
ram:00056d10	ram:00056d4a	CONDITIONAL_JUMP
ram:00056d12	ram:20001b8c	READ
ram:00056d30	ram:20001bd2	READ
ram:00056d34	ram:00056d46	CONDITIONAL_JUMP
ram:00056d3c	ram:00056d46	CONDITIONAL_JUMP
ram:00056d4e	ram:00056b50	UNCONDITIONAL_JUMP
ram:00056d56	ram:00056b9e	CONDITIONAL_JUMP
ram:00056d60	ram:00056968	UNCONDITIONAL_CALL
ram:00056d6c	ram:00056a36	UNCONDITIONAL_JUMP
ram:00056d70	ram:00056d76	CONDITIONAL_JUMP
ram:00056d74	ram:00056c2a	UNCONDITIONAL_JUMP
ram:00056d7a	ram:00056c2e	UNCONDITIONAL_JUMP
ram:00056d7e	ram:00056d84	CONDITIONAL_JUMP
ram:00056d82	ram:00056c3e	UNCONDITIONAL_JUMP
ram:00056d88	ram:00056c42	UNCONDITIONAL_JUMP
ram:00056d8e	ram:00056db6	CONDITIONAL_JUMP
ram:00056d9c	ram:00056968	UNCONDITIONAL_CALL
ram:00056db8	ram:00056dea	CONDITIONAL_JUMP
ram:00056dcc	ram:00056dd0	CONDITIONAL_JUMP
ram:00056dd0	ram:00056968	UNCONDITIONAL_CALL
ram:00056e02	ram:00057160	CONDITIONAL_JUMP
ram:00056e0a	ram:00056e20	CONDITIONAL_JUMP
ram:00056e1c	ram:0005d5f6	UNCONDITIONAL_CALL
ram:00056e28	ram:00056eca	CONDITIONAL_JUMP
ram:00056e38	ram:00056e4c	CONDITIONAL_JUMP
ram:00056e48	ram:00055d70	UNCONDITIONAL_CALL
ram:00056e5a	ram:0005750e	CONDITIONAL_JUMP
ram:00056e76	ram:20001bd4	READ
ram:00056e96	ram:00056e9c	CONDITIONAL_JUMP
ram:00056ea0	ram:00056eae	CONDITIONAL_JUMP
ram:00056eae	ram:00056ebe	CONDITIONAL_JUMP
ram:00056eba	ram:0005d5f6	UNCONDITIONAL_CALL
ram:00056ed2	ram:00056ef4	CONDITIONAL_JUMP
ram:00056ee4	ram:0005d5f6	UNCONDITIONAL_CALL
ram:00056efc	ram:00056f4a	CONDITIONAL_JUMP
ram:00056f0e	ram:00056f18	CONDITIONAL_JUMP
ram:00056f1c	ram:0005d5f6	UNCONDITIONAL_CALL
ram:00056f24	ram:00056f3e	CONDITIONAL_JUMP
ram:00056f2c	ram:00056f3e	CONDITIONAL_JUMP
ram:00056f3a	ram:00055976	UNCONDITIONAL_CALL
ram:00056f52	ram:00056f86	CONDITIONAL_JUMP
ram:00056f62	ram:00056f78	CONDITIONAL_JUMP
ram:00056f6a	ram:00056f78	CONDITIONAL_JUMP
ram:00056f82	ram:0005d5f6	UNCONDITIONAL_CALL
ram:00056f8e	ram:0005702e	CONDITIONAL_JUMP
ram:00056fa4	ram:00056fba	CONDITIONAL_JUMP
ram:00056faa	ram:00056fba	CONDITIONAL_JUMP
ram:00056fbe	ram:00057544	CONDITIONAL_JUMP
ram:00056fc2	ram:00057014	CONDITIONAL_JUMP
ram:00056fce	ram:00057538	CONDITIONAL_JUMP
ram:00056fd8	ram:00056fec	CONDITIONAL_JUMP
ram:00056ff6	ram:0005753e	CONDITIONAL_JUMP
ram:00057000	ram:00057014	CONDITIONAL_JUMP
ram:0005701e	ram:0005d5f6	UNCONDITIONAL_CALL
ram:00057036	ram:0005705e	CONDITIONAL_JUMP
ram:0005704e	ram:0005d5f6	UNCONDITIONAL_CALL
ram:00057066	ram:00057080	CONDITIONAL_JUMP
ram:0005707c	ram:0005d5f6	UNCONDITIONAL_CALL
ram:00057088	ram:000570cc	CONDITIONAL_JUMP
ram:000570a4	ram:00061dd4	UNCONDITIONAL_CALL
ram:000570ae	ram:00055afc	UNCONDITIONAL_CALL
ram:000570bc	ram:0005d5f6	UNCONDITIONAL_CALL
ram:000570d4	ram:000570e2	CONDITIONAL_JUMP
ram:000570ea	ram:0005713e	CONDITIONAL_JUMP
ram:000570ee	ram:20002000	PARAM
ram:000570f2	ram:20001d63	READ
ram:000570fa	ram:00042866	UNCONDITIONAL_CALL
ram:00057116	ram:20001bd4	READ
ram:00057144	ram:00057160	CONDITIONAL_JUMP
ram:00057158	ram:00056968	UNCONDITIONAL_CALL
ram:00057164	ram:0005718c	CONDITIONAL_JUMP
ram:00057170	ram:00057552	CONDITIONAL_JUMP
ram:00057194	ram:00057234	CONDITIONAL_JUMP
ram:0005719e	ram:000571b6	CONDITIONAL_JUMP
ram:000571ba	ram:000571d2	CONDITIONAL_JUMP
ram:000571da	ram:00057212	CONDITIONAL_JUMP
ram:000571f0	ram:0005756a	CONDITIONAL_JUMP
ram:000571f8	ram:0005756a	CONDITIONAL_JUMP
ram:00057216	ram:00057234	CONDITIONAL_JUMP
ram:00057222	ram:00057234	CONDITIONAL_JUMP
ram:00057230	ram:0005d5f6	UNCONDITIONAL_CALL
ram:00057238	ram:00057270	CONDITIONAL_JUMP
ram:0005723e	ram:0005725c	CONDITIONAL_JUMP
ram:00057244	ram:0005725c	CONDITIONAL_JUMP
ram:00057250	ram:0005d5f6	UNCONDITIONAL_CALL
ram:00057254	ram:0005725c	CONDITIONAL_JUMP
ram:00057260	ram:00057270	CONDITIONAL_JUMP
ram:0005726c	ram:0005d5f6	UNCONDITIONAL_CALL
ram:00057278	ram:0005734a	CONDITIONAL_JUMP
ram:00057286	ram:0005734a	CONDITIONAL_JUMP
ram:0005728e	ram:0005734a	CONDITIONAL_JUMP
ram:00057298	ram:0005734a	CONDITIONAL_JUMP
ram:000572c0	ram:000572d6	CONDITIONAL_JUMP
ram:000572ca	ram:0006bab6	UNCONDITIONAL_CALL
ram:000572d8	ram:000572a6	CONDITIONAL_JUMP
ram:000572f2	ram:000582da	UNCONDITIONAL_CALL
ram:000572fa	ram:0005731a	CONDITIONAL_JUMP
ram:00057316	ram:200012e0	COMPUTED_CALL
ram:00057320	ram:0005732e	CONDITIONAL_JUMP
ram:0005732a	ram:0005734a	CONDITIONAL_JUMP
ram:0005733a	ram:200001dc	COMPUTED_CALL
ram:00057354	ram:000573a0	CONDITIONAL_JUMP
ram:00057360	ram:000573a0	CONDITIONAL_JUMP
ram:0005736c	ram:000573a0	CONDITIONAL_JUMP
ram:000573a4	ram:00057474	CONDITIONAL_JUMP
ram:000573a8	ram:000573c4	CONDITIONAL_JUMP
ram:000573b6	ram:000559cc	UNCONDITIONAL_CALL
ram:000573ca	ram:000573ec	CONDITIONAL_JUMP
ram:000573d4	ram:000573e2	CONDITIONAL_JUMP
ram:000573d8	ram:00042494	UNCONDITIONAL_CALL
ram:000573f2	ram:0005740e	CONDITIONAL_JUMP
ram:00057400	ram:00042194	UNCONDITIONAL_CALL
ram:00057414	ram:00057434	CONDITIONAL_JUMP
ram:00057426	ram:000559cc	UNCONDITIONAL_CALL
ram:0005743c	ram:00057454	CONDITIONAL_JUMP
ram:0005744a	ram:00042494	UNCONDITIONAL_CALL
ram:0005745c	ram:00057474	CONDITIONAL_JUMP
ram:00057470	ram:00042194	UNCONDITIONAL_CALL
ram:0005747c	ram:0005748e	CONDITIONAL_JUMP
ram:00057486	ram:000575aa	CONDITIONAL_JUMP
ram:0005748a	ram:000562d4	UNCONDITIONAL_CALL
ram:00057492	ram:000574fc	CONDITIONAL_JUMP
ram:0005749c	ram:000574fc	CONDITIONAL_JUMP
ram:000574a2	ram:20001e7c	READ
ram:000574b0	ram:000574f4	CONDITIONAL_JUMP
ram:000574ba	ram:20001bec	READ
ram:000574be	ram:000574f4	CONDITIONAL_JUMP
ram:000574c0	ram:20001d70	READ
ram:000574c4	ram:20001d72	READ
ram:000574d0	ram:20001bec	READ
ram:000574d4	ram:20001d6e	READ
ram:000574dc	ram:20001bec	READ
ram:000574e8	ram:20001bec	READ
ram:000574f4	ram:20001d6e	WRITE
ram:000574f8	ram:20001d70	WRITE
ram:00057516	ram:00057524	CONDITIONAL_JUMP
ram:00057524	ram:00056ec2	CONDITIONAL_JUMP
ram:00057532	ram:0005d5f6	UNCONDITIONAL_CALL
ram:00057536	ram:00056ec2	UNCONDITIONAL_JUMP
ram:0005753c	ram:00056fd8	UNCONDITIONAL_JUMP
ram:00057542	ram:00057000	UNCONDITIONAL_JUMP
ram:00057550	ram:00057010	UNCONDITIONAL_JUMP
ram:00057554	ram:0005718c	CONDITIONAL_JUMP
ram:00057568	ram:00057184	UNCONDITIONAL_JUMP
ram:00057576	ram:0005758c	CONDITIONAL_JUMP
ram:0005757e	ram:0005758c	CONDITIONAL_JUMP
ram:0005758a	ram:00057204	UNCONDITIONAL_JUMP
ram:0005758e	ram:00057212	CONDITIONAL_JUMP
ram:00057594	ram:00057212	CONDITIONAL_JUMP
ram:0005759c	ram:00057212	CONDITIONAL_JUMP
ram:000575a8	ram:00057204	UNCONDITIONAL_JUMP
ram:000575aa	ram:000561de	UNCONDITIONAL_CALL
ram:000575ae	ram:0005748e	UNCONDITIONAL_JUMP
ram:000575b8	ram:20001df0	READ
ram:000575bc	ram:00057ac8	CONDITIONAL_JUMP
ram:000575ce	ram:20001d60	PARAM
ram:000575e6	ram:20001b8c	READ
ram:000575ea	ram:20001df8	READ
ram:000575f2	ram:20001bd2	READ
ram:00057624	ram:00057772	CONDITIONAL_JUMP
ram:0005762c	ram:00057636	CONDITIONAL_JUMP
ram:00057638	ram:00057612	CONDITIONAL_JUMP
ram:0005763a	ram:00057642	CONDITIONAL_JUMP
ram:0005763e	ram:20001df8	WRITE
ram:00057642	ram:20001df8	READ
ram:0005765e	ram:20001c00	READ
ram:00057668	ram:000579c8	CONDITIONAL_JUMP
ram:0005766c	ram:20001b8c	READ
ram:00057674	ram:20001bd5	READ
ram:00057688	ram:0005792e	CONDITIONAL_JUMP
ram:000576a0	ram:0005777a	CONDITIONAL_JUMP
ram:000576a6	ram:20000996	COMPUTED_CALL
ram:000576ac	ram:000569f0	UNCONDITIONAL_CALL
ram:000576b0	ram:0005775a	CONDITIONAL_JUMP
ram:000576b2	ram:20001b8c	READ
ram:000576be	ram:20001bd2	READ
ram:000576dc	ram:00057784	CONDITIONAL_JUMP
ram:000576ee	ram:00057700	CONDITIONAL_JUMP
ram:000576f6	ram:00057700	CONDITIONAL_JUMP
ram:0005770a	ram:00057794	CONDITIONAL_JUMP
ram:00057716	ram:00057794	CONDITIONAL_JUMP
ram:0005771e	ram:00057794	CONDITIONAL_JUMP
ram:00057726	ram:00057794	CONDITIONAL_JUMP
ram:0005772c	ram:00057794	CONDITIONAL_JUMP
ram:00057734	ram:00057794	CONDITIONAL_JUMP
ram:00057750	ram:20001bd4	READ
ram:00057772	ram:00057628	CONDITIONAL_JUMP
ram:00057778	ram:00057628	UNCONDITIONAL_JUMP
ram:0005777e	ram:200008f0	COMPUTED_CALL
ram:00057782	ram:000576aa	UNCONDITIONAL_JUMP
ram:00057784	ram:000576e0	CONDITIONAL_JUMP
ram:00057792	ram:000576e4	UNCONDITIONAL_JUMP
ram:00057798	ram:000577ea	CONDITIONAL_JUMP
ram:000577cc	ram:0006bae2	UNCONDITIONAL_CALL
ram:000577d0	ram:000577ea	CONDITIONAL_JUMP
ram:000577d4	ram:000577e6	CONDITIONAL_JUMP
ram:000577dc	ram:000577e6	CONDITIONAL_JUMP
ram:000577ea	ram:20001c00	READ
ram:000577f2	ram:20001c00	READ
ram:000577f8	ram:000577f2	CONDITIONAL_JUMP
ram:000577fc	ram:20001c00	READ
ram:00057806	ram:20001bd2	READ
ram:0005780a	ram:000578d8	CONDITIONAL_JUMP
ram:00057812	ram:000578f6	CONDITIONAL_JUMP
ram:0005781a	ram:000578f6	CONDITIONAL_JUMP
ram:0005782a	ram:20001b8c	READ
ram:00057834	ram:0006bae2	UNCONDITIONAL_CALL
ram:00057840	ram:20001eb0	READ
ram:00057850	ram:20001eb0	READ
ram:0005785c	ram:20001b8c	READ
ram:0005786c	ram:20001e98	WRITE
ram:0005788a	ram:0006bae2	UNCONDITIONAL_CALL
ram:0005788e	ram:000578ae	CONDITIONAL_JUMP
ram:000578a2	ram:0006bae2	UNCONDITIONAL_CALL
ram:000578ae	ram:0006219c	UNCONDITIONAL_CALL
ram:000578b2	ram:00062262	UNCONDITIONAL_CALL
ram:000578be	ram:000578e4	CONDITIONAL_JUMP
ram:000578c6	ram:00060daa	PARAM
ram:000578ca	ram:00042570	UNCONDITIONAL_CALL
ram:000578d6	ram:0005775a	UNCONDITIONAL_JUMP
ram:000578d8	ram:0005780e	CONDITIONAL_JUMP
ram:000578e2	ram:0005780e	UNCONDITIONAL_JUMP
ram:000578e8	ram:00059ee2	PARAM
ram:000578ec	ram:00042570	UNCONDITIONAL_CALL
ram:000578f4	ram:000578d2	UNCONDITIONAL_JUMP
ram:000578fc	ram:20001bec	READ
ram:00057900	ram:0005790e	CONDITIONAL_JUMP
ram:00057906	ram:0005775a	CONDITIONAL_JUMP
ram:0005790c	ram:00057916	UNCONDITIONAL_JUMP
ram:0005790e	ram:0005775a	CONDITIONAL_JUMP
ram:0005792e	ram:00057996	CONDITIONAL_JUMP
ram:00057940	ram:0005794c	CONDITIONAL_JUMP
ram:00057948	ram:200008f0	COMPUTED_CALL
ram:0005794e	ram:000569f0	UNCONDITIONAL_CALL
ram:0005795c	ram:20001bd2	READ
ram:00057960	ram:0005796a	CONDITIONAL_JUMP
ram:00057964	ram:0005796a	CONDITIONAL_JUMP
ram:00057974	ram:0005797e	CONDITIONAL_JUMP
ram:0005797a	ram:000607a4	UNCONDITIONAL_CALL
ram:0005798a	ram:20001bec	READ
ram:0005798c	ram:0005765e	CONDITIONAL_JUMP
ram:00057994	ram:0005765e	UNCONDITIONAL_JUMP
ram:000579ac	ram:0005775a	CONDITIONAL_JUMP
ram:000579b4	ram:00056968	UNCONDITIONAL_CALL
ram:000579bc	ram:20001bec	READ
ram:000579c2	ram:0005790a	CONDITIONAL_JUMP
ram:000579c6	ram:0005775a	UNCONDITIONAL_JUMP
ram:000579cc	ram:20001b8c	READ
ram:000579e6	ram:00057aac	CONDITIONAL_JUMP
ram:000579ea	ram:20001c00	READ
ram:00057a00	ram:00057a0c	CONDITIONAL_JUMP
ram:00057a08	ram:200008f0	COMPUTED_CALL
ram:00057a0e	ram:000569f0	UNCONDITIONAL_CALL
ram:00057a12	ram:0005775a	CONDITIONAL_JUMP
ram:00057a20	ram:20001bd2	READ
ram:00057a24	ram:00057a2e	CONDITIONAL_JUMP
ram:00057a28	ram:00057a2e	CONDITIONAL_JUMP
ram:00057a3a	ram:00057a98	CONDITIONAL_JUMP
ram:00057a3e	ram:0005649a	UNCONDITIONAL_CALL
ram:00057a4a	ram:000579ea	CONDITIONAL_JUMP
ram:00057a6a	ram:20001bd4	READ
ram:00057a7c	ram:00057aa0	CONDITIONAL_JUMP
ram:00057a84	ram:0005765e	CONDITIONAL_JUMP
ram:00057a8a	ram:000607a4	UNCONDITIONAL_CALL
ram:00057a8e	ram:20001bec	READ
ram:00057a90	ram:0005765e	CONDITIONAL_JUMP
ram:00057a96	ram:00057990	UNCONDITIONAL_JUMP
ram:00057a9e	ram:00057a46	UNCONDITIONAL_JUMP
ram:00057aa0	ram:20001bec	READ
ram:00057aa2	ram:0005765e	CONDITIONAL_JUMP
ram:00057aaa	ram:00057992	UNCONDITIONAL_JUMP
ram:00057aac	ram:0005775a	CONDITIONAL_JUMP
ram:00057ab4	ram:00056968	UNCONDITIONAL_CALL
ram:00057abc	ram:20001bec	READ
ram:00057ac0	ram:0005775a	CONDITIONAL_JUMP
ram:00057ac6	ram:0005790a	UNCONDITIONAL_JUMP
ram:00057ad6	ram:00057b5a	CONDITIONAL_JUMP
ram:00057adc	ram:00057b7e	CONDITIONAL_JUMP
ram:00057ae2	ram:00057aec	CONDITIONAL_JUMP
ram:00057ae8	ram:20000104	COMPUTED_CALL
ram:00057af4	ram:00057afc	CONDITIONAL_JUMP
ram:00057af8	ram:00042494	UNCONDITIONAL_CALL
ram:00057b04	ram:00057b0c	CONDITIONAL_JUMP
ram:00057b08	ram:00042494	UNCONDITIONAL_CALL
ram:00057b14	ram:00057b1c	CONDITIONAL_JUMP
ram:00057b18	ram:00042494	UNCONDITIONAL_CALL
ram:00057b20	ram:00057d86	UNCONDITIONAL_CALL
ram:00057b26	ram:20001bc4	READ
ram:00057b2a	ram:00057b52	CONDITIONAL_JUMP
ram:00057b30	ram:20001e04	READ
ram:00057b34	ram:00057b52	CONDITIONAL_JUMP
ram:00057b3e	ram:20001b84	READ
ram:00057b40	ram:00057b52	CONDITIONAL_JUMP
ram:00057b46	ram:20000104	COMPUTED_CALL
ram:00057b4a	ram:20001b84	WRITE
ram:00057b4e	ram:20001b88	WRITE
ram:00057b5c	ram:00057b66	CONDITIONAL_JUMP
ram:00057b62	ram:20000104	COMPUTED_CALL
ram:00057b7c	ram:00057ad2	UNCONDITIONAL_JUMP
ram:00057b8c	ram:00057b96	CONDITIONAL_JUMP
ram:00057b92	ram:20000104	COMPUTED_CALL
ram:00057ba0	ram:00057ad8	UNCONDITIONAL_JUMP
ram:00057ba6	ram:20001df0	READ
ram:00057baa	ram:00057bb0	CONDITIONAL_JUMP
ram:00057bb4	ram:00057bac	CONDITIONAL_JUMP
ram:00057bba	ram:00057baa	UNCONDITIONAL_JUMP
ram:00057bc0	ram:20001e00	READ
ram:00057bca	ram:20001bcb	READ
ram:00057bd6	ram:00057bec	CONDITIONAL_JUMP
ram:00057bda	ram:00057bec	CONDITIONAL_JUMP
ram:00057be6	ram:00057bd2	CONDITIONAL_JUMP
ram:00057bfc	ram:20001e00	READ
ram:00057c04	ram:00057c5a	CONDITIONAL_JUMP
ram:00057c0a	ram:20001d8e	READ
ram:00057c12	ram:20001bcb	READ
ram:00057c30	ram:20000040	COMPUTED_CALL
ram:00057c34	ram:00057c5a	CONDITIONAL_JUMP
ram:00057c36	ram:20001bcb	READ
ram:00057c3a	ram:20001e00	WRITE
ram:00057c56	ram:00057c64	CONDITIONAL_JUMP
ram:00057c64	ram:00057c86	CONDITIONAL_JUMP
ram:00057c74	ram:00057c7a	CONDITIONAL_JUMP
ram:00057c84	ram:00057c56	UNCONDITIONAL_JUMP
ram:00057c8e	ram:00057c6c	UNCONDITIONAL_JUMP
ram:00057ca4	ram:20000040	COMPUTED_CALL
ram:00057cb4	ram:20000214	COMPUTED_CALL
ram:00057cba	ram:00057d46	CONDITIONAL_JUMP
ram:00057cc4	ram:20001df0	READ
ram:00057ccc	ram:00057d10	CONDITIONAL_JUMP
ram:00057cce	ram:20001df4	READ
ram:00057ce4	ram:00057cea	CONDITIONAL_JUMP
ram:00057cf0	ram:00057cd6	CONDITIONAL_JUMP
ram:00057cf6	ram:00057cec	CONDITIONAL_JUMP
ram:00057cfc	ram:00057d38	CONDITIONAL_JUMP
ram:00057cfe	ram:20001e04	READ
ram:00057d04	ram:20001df4	WRITE
ram:00057d0a	ram:20001e04	WRITE
ram:00057d0e	ram:00057d26	UNCONDITIONAL_JUMP
ram:00057d16	ram:20001df0	WRITE
ram:00057d1a	ram:20001df4	WRITE
ram:00057d1e	ram:20001e04	WRITE
ram:00057d22	ram:00057bf0	UNCONDITIONAL_CALL
ram:00057d26	ram:20001df4	READ
ram:00057d36	ram:00057d42	UNCONDITIONAL_JUMP
ram:00057d3e	ram:20000104	COMPUTED_CALL
ram:00057d50	ram:20002000	PARAM
ram:00057d56	ram:20001d60	PARAM
ram:00057d5c	ram:20001e00	READ
ram:00057d68	ram:00057d78	CONDITIONAL_JUMP
ram:00057d6a	ram:20001e00	WRITE
ram:00057d7e	ram:20000104	COMPUTED_CALL
ram:00057d84	ram:00057d68	UNCONDITIONAL_JUMP
ram:00057d92	ram:20001df0	READ
ram:00057da0	ram:00057df4	CONDITIONAL_JUMP
ram:00057da6	ram:00057dfc	CONDITIONAL_JUMP
ram:00057daa	ram:00057dda	CONDITIONAL_JUMP
ram:00057dae	ram:20001df0	WRITE
ram:00057db8	ram:20000104	COMPUTED_CALL
ram:00057dbc	ram:20001df4	READ
ram:00057dc4	ram:20001e04	READ
ram:00057dc8	ram:00057dee	CONDITIONAL_JUMP
ram:00057dca	ram:00057d50	UNCONDITIONAL_CALL
ram:00057dce	ram:20001df0	WRITE
ram:00057dda	ram:20001df4	READ
ram:00057dde	ram:00057de8	CONDITIONAL_JUMP
ram:00057de2	ram:20001df4	WRITE
ram:00057de6	ram:00057db2	UNCONDITIONAL_JUMP
ram:00057dec	ram:00057db2	UNCONDITIONAL_JUMP
ram:00057df0	ram:20001e04	WRITE
ram:00057df4	ram:20001e04	READ
ram:00057df8	ram:00057dd2	CONDITIONAL_JUMP
ram:00057dfa	ram:00057dca	UNCONDITIONAL_JUMP
ram:00057e00	ram:00057da0	UNCONDITIONAL_JUMP
ram:00057e0a	ram:20001df0	PARAM
ram:00057e12	ram:20000214	COMPUTED_CALL
ram:0005801c	ram:0006ba8a	UNCONDITIONAL_CALL
ram:00058022	ram:00058058	CONDITIONAL_JUMP
ram:0005803c	ram:0006ba8a	UNCONDITIONAL_CALL
ram:00058046	ram:00058052	CONDITIONAL_JUMP
ram:00058048	ram:00058074	CONDITIONAL_JUMP
ram:00058054	ram:00058036	CONDITIONAL_JUMP
ram:00058076	ram:00058058	UNCONDITIONAL_JUMP
ram:0005827e	ram:0006ba8a	UNCONDITIONAL_CALL
ram:00058284	ram:000582ba	CONDITIONAL_JUMP
ram:0005829e	ram:0006ba8a	UNCONDITIONAL_CALL
ram:000582a8	ram:000582b4	CONDITIONAL_JUMP
ram:000582aa	ram:000582d6	CONDITIONAL_JUMP
ram:000582b6	ram:00058298	CONDITIONAL_JUMP
ram:000582d8	ram:000582ba	UNCONDITIONAL_JUMP
ram:0005830c	ram:00058314	CONDITIONAL_JUMP
ram:00058316	ram:00058306	CONDITIONAL_JUMP
ram:00058324	ram:0005832c	CONDITIONAL_JUMP
ram:0005832e	ram:0005831e	CONDITIONAL_JUMP
ram:00058360	ram:0006ba8a	UNCONDITIONAL_CALL
ram:00058366	ram:00058372	CONDITIONAL_JUMP
ram:00058374	ram:0005835a	CONDITIONAL_JUMP
ram:0005839a	ram:20000040	COMPUTED_CALL
ram:000583a0	ram:00058410	CONDITIONAL_JUMP
ram:000583ac	ram:20000214	COMPUTED_CALL
ram:000583b4	ram:20001de8	WRITE
ram:000583c0	ram:20001ea8	READ
ram:000583c2	ram:20001eac	READ
ram:000583e6	ram:0005841a	DATA
ram:000583f2	ram:00058868	DATA
ram:000583fa	ram:00058710	PARAM
ram:00058402	ram:00058710	DATA
ram:00058408	ram:000595ba	PARAM
ram:0005840c	ram:00042570	UNCONDITIONAL_CALL
ram:00058422	ram:20001d60	PARAM
ram:00058428	ram:20001de8	READ
ram:0005842e	Stack[-0x10]	DATA
ram:00058438	ram:00058458	CONDITIONAL_JUMP
ram:00058446	ram:20001e38	PARAM
ram:00058452	ram:200001dc	COMPUTED_CALL
ram:00058456	ram:000584de	UNCONDITIONAL_JUMP
ram:0005845a	ram:00058472	CONDITIONAL_JUMP
ram:0005845e	ram:20001d62	READ
ram:00058462	ram:00058494	CONDITIONAL_JUMP
ram:0005846c	Stack[-0x10]	DATA
ram:0005847a	ram:00058542	CONDITIONAL_JUMP
ram:00058480	ram:000584a4	CONDITIONAL_JUMP
ram:00058488	ram:0005843a	CONDITIONAL_JUMP
ram:0005848c	ram:20001d62	READ
ram:00058490	ram:00058464	CONDITIONAL_JUMP
ram:0005849e	ram:20001e3e	PARAM
ram:000584a2	ram:0005844a	UNCONDITIONAL_JUMP
ram:000584ac	ram:20000c00	COMPUTED_CALL
ram:000584b4	ram:000584d4	CONDITIONAL_JUMP
ram:000584ba	ram:000584d4	CONDITIONAL_JUMP
ram:000584d0	ram:200001dc	COMPUTED_CALL
ram:000584da	ram:00058482	CONDITIONAL_JUMP
ram:000584e6	ram:00042934	UNCONDITIONAL_CALL
ram:000584ec	ram:000624fc	UNCONDITIONAL_CALL
ram:000584f6	ram:000428ec	UNCONDITIONAL_CALL
ram:00058518	ram:00058554	CONDITIONAL_JUMP
ram:00058524	ram:20001b67	READ
ram:0005852c	ram:000423f6	UNCONDITIONAL_CALL
ram:00058530	ram:20001b67	READ
ram:00058536	ram:00042138	UNCONDITIONAL_CALL
ram:0005853c	ram:20001d60	WRITE
ram:00058540	ram:00058466	UNCONDITIONAL_JUMP
ram:00058546	ram:00058482	CONDITIONAL_JUMP
ram:00058552	ram:000584c8	UNCONDITIONAL_JUMP
ram:00058556	ram:20001b67	READ
ram:0005855a	ram:00058566	CONDITIONAL_JUMP
ram:00058564	ram:0005852c	UNCONDITIONAL_JUMP
ram:0005856a	ram:00058562	UNCONDITIONAL_JUMP
ram:00058576	ram:00062262	UNCONDITIONAL_CALL
ram:00058582	ram:20002000	PARAM
ram:00058586	ram:20001b67	READ
ram:00058592	ram:0004244a	UNCONDITIONAL_CALL
ram:0005859e	ram:20001d60	READ
ram:000585ac	ram:20001d60	WRITE
ram:000585b0	ram:000585bc	CONDITIONAL_JUMP
ram:000585b4	ram:00042954	UNCONDITIONAL_CALL
ram:000585b8	ram:20001d60	WRITE
ram:000585d4	ram:20001de8	READ
ram:000585d8	ram:20001eb0	READ
ram:000585e6	ram:00058606	CONDITIONAL_JUMP
ram:000585fc	ram:00058606	CONDITIONAL_JUMP
ram:0005860a	ram:20001e88	READ
ram:0005862c	ram:0005863a	CONDITIONAL_JUMP
ram:00058640	ram:0005864c	CONDITIONAL_JUMP
ram:0005864c	ram:20001eb0	READ
ram:00058660	ram:20002000	PARAM
ram:00058668	ram:20001e9d	READ
ram:00058670	ram:00058680	CONDITIONAL_JUMP
ram:00058672	ram:20001e9c	READ
ram:00058678	ram:00058680	CONDITIONAL_JUMP
ram:0005867c	ram:20001e9d	WRITE
ram:00058680	ram:20001e9b	READ
ram:00058686	ram:00058692	CONDITIONAL_JUMP
ram:0005868e	ram:20001e9c	WRITE
ram:00058694	ram:20001e94	WRITE
ram:0005869e	ram:20001e9b	WRITE
ram:000586a2	ram:20001e98	WRITE
ram:000586a6	ram:00062030	UNCONDITIONAL_CALL
ram:000586aa	ram:20001eb0	READ
ram:000586ae	ram:20001e99	WRITE
ram:000586b2	ram:20001e95	WRITE
ram:000586ba	ram:20001e88	READ
ram:000586da	ram:20001efc	READ
ram:00058718	ram:20001de8	READ
ram:00058726	ram:000587de	CONDITIONAL_JUMP
ram:00058730	ram:000587e8	CONDITIONAL_JUMP
ram:00058738	ram:0005885a	CONDITIONAL_JUMP
ram:00058744	ram:0005874c	CONDITIONAL_JUMP
ram:00058750	ram:20001e88	READ
ram:0005876e	ram:20001efc	READ
ram:00058780	ram:20001eb0	READ
ram:0005878e	ram:20001e94	WRITE
ram:00058796	ram:20001e98	WRITE
ram:0005879a	ram:20001e99	WRITE
ram:0005879e	ram:20001e95	WRITE
ram:000587ec	ram:00058826	CONDITIONAL_JUMP
ram:000587f8	ram:00058800	CONDITIONAL_JUMP
ram:00058804	ram:20001efc	READ
ram:00058816	ram:20001e88	READ
ram:00058824	ram:000587d6	UNCONDITIONAL_JUMP
ram:0005882c	ram:0005885a	CONDITIONAL_JUMP
ram:0005882e	ram:20002000	PARAM
ram:00058836	ram:20001b67	READ
ram:0005883e	ram:000423f6	UNCONDITIONAL_CALL
ram:00058856	ram:000585c6	UNCONDITIONAL_CALL
ram:00058864	ram:0005856c	UNCONDITIONAL_CALL
ram:00058870	ram:20001dfc	READ
ram:00058874	ram:000588da	CONDITIONAL_JUMP
ram:0005887a	ram:20001de8	READ
ram:00058888	ram:00058890	CONDITIONAL_JUMP
ram:0005888c	ram:00062262	UNCONDITIONAL_CALL
ram:00058898	ram:20001b67	READ
ram:000588a0	ram:000588ae	CONDITIONAL_JUMP
ram:000588ac	ram:000588bc	UNCONDITIONAL_JUMP
ram:000588b0	ram:000588a2	CONDITIONAL_JUMP
ram:000588c0	ram:000423f6	UNCONDITIONAL_CALL
ram:000588d6	ram:000585c6	UNCONDITIONAL_CALL
ram:000588e4	ram:20001eb0	READ
ram:000588f6	ram:00058916	CONDITIONAL_JUMP
ram:0005890c	ram:00058916	CONDITIONAL_JUMP
ram:00058916	ram:20001eb0	READ
ram:0005892c	ram:20001e88	READ
ram:00058958	ram:20002000	PARAM
ram:00058962	ram:20001e94	WRITE
ram:00058966	ram:20001e9b	WRITE
ram:0005896a	ram:20001e98	WRITE
ram:0005896e	ram:00062030	UNCONDITIONAL_CALL
ram:00058972	ram:20001eb0	READ
ram:00058976	ram:20001e99	WRITE
ram:0005897a	ram:20001e95	WRITE
ram:00058982	ram:20001e88	READ
ram:000589a2	ram:20001efc	READ
ram:000589f8	ram:000588dc	UNCONDITIONAL_CALL
ram:00058a00	ram:20001eb0	READ
ram:00058a0e	ram:20001eb0	READ
ram:00058a22	ram:20001e98	WRITE
ram:00058a50	ram:00058cca	CONDITIONAL_JUMP
ram:00058a64	ram:00061f0a	UNCONDITIONAL_CALL
ram:00058a6e	ram:00058a74	CONDITIONAL_JUMP
ram:00058a9a	ram:00058ab2	CONDITIONAL_JUMP
ram:00058a9e	ram:20001e28	READ
ram:00058aa6	ram:00058ab2	CONDITIONAL_JUMP
ram:00058ac4	ram:00058ada	CONDITIONAL_JUMP
ram:00058ad6	ram:200001dc	COMPUTED_CALL
ram:00058ae0	ram:00058aec	CONDITIONAL_JUMP
ram:00058ae8	ram:00058af8	CONDITIONAL_JUMP
ram:00058b04	ram:200001dc	COMPUTED_CALL
ram:00058b0c	ram:00058b1a	CONDITIONAL_JUMP
ram:00058b28	ram:200001dc	COMPUTED_CALL
ram:00058b62	ram:00058b68	CONDITIONAL_JUMP
ram:00058bb4	ram:20001e04	READ
ram:00058bb8	ram:00058d20	CONDITIONAL_JUMP
ram:00058bc6	ram:20001b8c	READ
ram:00058bce	ram:20001d8a	READ
ram:00058be0	ram:20001df0	READ
ram:00058be4	ram:20001bd2	READ
ram:00058c04	ram:00058ce0	CONDITIONAL_JUMP
ram:00058c08	ram:00058c1a	CONDITIONAL_JUMP
ram:00058c16	ram:00058bfc	CONDITIONAL_JUMP
ram:00058c32	ram:20001e56	READ
ram:00058c3a	ram:20001e57	READ
ram:00058c42	ram:20001e58	READ
ram:00058c4a	ram:20001e59	READ
ram:00058c52	ram:20001e5a	READ
ram:00058c64	ram:20001d63	READ
ram:00058c78	ram:20001e88	READ
ram:00058c7c	ram:20001bd0	READ
ram:00058c98	ram:40001040	WRITE
ram:00058ca0	ram:40001040	WRITE
ram:00058ca4	ram:20001bd0	READ
ram:00058caa	ram:00058d40	CONDITIONAL_JUMP
ram:00058cae	ram:40001022	READ
ram:00058cba	ram:40001022	WRITE
ram:00058cd8	ram:00061f0a	UNCONDITIONAL_CALL
ram:00058cde	ram:00058a78	UNCONDITIONAL_JUMP
ram:00058cf4	ram:00058cfe	CONDITIONAL_JUMP
ram:00058cf8	ram:00058cfe	CONDITIONAL_JUMP
ram:00058cfe	ram:00058d1c	CONDITIONAL_JUMP
ram:00058d06	ram:00058d10	CONDITIONAL_JUMP
ram:00058d10	ram:00058d16	CONDITIONAL_JUMP
ram:00058d1a	ram:00058c00	UNCONDITIONAL_JUMP
ram:00058d1e	ram:00058d10	UNCONDITIONAL_JUMP
ram:00058d34	ram:00058d3a	CONDITIONAL_JUMP
ram:00058d3e	ram:00058c1a	UNCONDITIONAL_JUMP
ram:00058d40	ram:40001022	READ
ram:00058d4e	ram:00058cb6	UNCONDITIONAL_JUMP
ram:00058d60	ram:20001b67	READ
ram:00058d68	ram:0004244a	UNCONDITIONAL_CALL
ram:00058d6c	ram:20001b67	READ
ram:00058d74	ram:0004244a	UNCONDITIONAL_CALL
ram:00058d80	ram:20001e9b	WRITE
ram:00058d9a	Stack[-0x10]	DATA
ram:00058d9e	ram:0005a804	UNCONDITIONAL_CALL
ram:00058da2	ram:00057ba2	UNCONDITIONAL_CALL
ram:00058da6	ram:00058ec6	CONDITIONAL_JUMP
ram:00058dc6	ram:20001e56	PARAM
ram:00058e36	ram:200001dc	COMPUTED_CALL
ram:00058e42	ram:00058e66	CONDITIONAL_JUMP
ram:00058e52	ram:00058ed6	CONDITIONAL_JUMP
ram:00058e64	ram:00058e8c	UNCONDITIONAL_JUMP
ram:00058e66	ram:20001e28	READ
ram:00058e6e	ram:00058e8c	CONDITIONAL_JUMP
ram:00058e8e	ram:0005a6ea	UNCONDITIONAL_CALL
ram:00058e92	ram:20001e30	READ
ram:00058ea0	ram:00058ea4	CONDITIONAL_JUMP
ram:00058ea8	ram:0005d5f6	UNCONDITIONAL_CALL
ram:00058eac	ram:20001e28	READ
ram:00058eb4	ram:00058ec6	CONDITIONAL_JUMP
ram:00058ec2	ram:0005d5f6	UNCONDITIONAL_CALL
ram:00058eca	Stack[-0x10]	DATA
ram:00058ed2	ram:00058d50	UNCONDITIONAL_CALL
ram:00058ede	ram:00058e8c	UNCONDITIONAL_JUMP
ram:00058ef2	ram:00058f0a	CONDITIONAL_JUMP
ram:00058ef8	ram:00058fa4	CONDITIONAL_JUMP
ram:00058f00	ram:00059050	CONDITIONAL_JUMP
ram:00058f08	ram:0005901e	UNCONDITIONAL_JUMP
ram:00058f0e	ram:00058f58	CONDITIONAL_JUMP
ram:00058f14	ram:00058f58	CONDITIONAL_JUMP
ram:00058f1a	ram:00058f9c	CONDITIONAL_JUMP
ram:00058f28	ram:00058f9c	CONDITIONAL_JUMP
ram:00058f34	ram:0005d6c6	UNCONDITIONAL_CALL
ram:00058f3e	ram:00058f78	CONDITIONAL_JUMP
ram:00058f54	ram:200001dc	COMPUTED_CALL
ram:00058f5e	ram:00058ef4	CONDITIONAL_JUMP
ram:00058f70	ram:2000026a	COMPUTED_CALL
ram:00058f74	ram:00058ef4	CONDITIONAL_JUMP
ram:00058f76	ram:00058f7e	UNCONDITIONAL_JUMP
ram:00058f7c	ram:00058f90	CONDITIONAL_JUMP
ram:00058f94	ram:20001d61	READ
ram:00058f98	ram:00058f58	CONDITIONAL_JUMP
ram:00058f9a	ram:00058f7e	UNCONDITIONAL_JUMP
ram:00058fa0	ram:00058f58	CONDITIONAL_JUMP
ram:00058fa2	ram:00058f7e	UNCONDITIONAL_JUMP
ram:00058fa8	ram:00058efa	CONDITIONAL_JUMP
ram:00058fae	ram:00059046	CONDITIONAL_JUMP
ram:00058fbc	ram:00059046	CONDITIONAL_JUMP
ram:00058fca	ram:0005d6c6	UNCONDITIONAL_CALL
ram:00058fd8	ram:00059032	CONDITIONAL_JUMP
ram:00058fe6	ram:200001dc	COMPUTED_CALL
ram:00058fee	ram:20001d61	READ
ram:00058ff2	ram:00058efa	CONDITIONAL_JUMP
ram:00058ffe	ram:00058f80	CONDITIONAL_JUMP
ram:0005902e	ram:20000d70	COMPUTED_CALL
ram:00059036	ram:00058f7e	CONDITIONAL_JUMP
ram:0005903c	ram:20001d61	READ
ram:00059040	ram:00058efa	CONDITIONAL_JUMP
ram:00059044	ram:00058f7e	UNCONDITIONAL_JUMP
ram:0005904a	ram:00058efa	CONDITIONAL_JUMP
ram:0005904e	ram:00058f7e	UNCONDITIONAL_JUMP
ram:00059058	ram:00058f7e	CONDITIONAL_JUMP
ram:0005906a	ram:2000026a	COMPUTED_CALL
ram:00059072	ram:00058f80	UNCONDITIONAL_JUMP
ram:0005907c	ram:00058a3a	UNCONDITIONAL_CALL
ram:00059088	ram:20001eb0	READ
ram:00059096	ram:20001e88	READ
ram:000590aa	ram:200010ec	COMPUTED_CALL
ram:000590cc	Stack[-0x10]	DATA
ram:000590d2	ram:20001120	COMPUTED_CALL
ram:000590d6	ram:000591e4	CONDITIONAL_JUMP
ram:000590f2	ram:000591e8	CONDITIONAL_JUMP
ram:00059102	ram:000591ec	CONDITIONAL_JUMP
ram:0005910e	ram:000591f0	CONDITIONAL_JUMP
ram:0005911c	ram:00059144	CONDITIONAL_JUMP
ram:0005913c	ram:200001dc	COMPUTED_CALL
ram:0005914e	ram:00059176	CONDITIONAL_JUMP
ram:00059172	ram:200001dc	COMPUTED_CALL
ram:0005917c	ram:0005918c	CONDITIONAL_JUMP
ram:00059188	ram:000591f4	CONDITIONAL_JUMP
ram:0005918e	ram:00058ee0	UNCONDITIONAL_CALL
ram:00059198	ram:000591ac	CONDITIONAL_JUMP
ram:000591a0	ram:000591ba	CONDITIONAL_JUMP
ram:000591a8	ram:00062262	UNCONDITIONAL_CALL
ram:000591b2	Stack[-0x10]	DATA
ram:000591c0	ram:000591d4	CONDITIONAL_JUMP
ram:000591c8	ram:20001e9f	READ
ram:000591cc	ram:000591d4	CONDITIONAL_JUMP
ram:000591dc	Stack[-0x10]	DATA
ram:000591e0	ram:00059074	UNCONDITIONAL_CALL
ram:000591e6	ram:000591ac	UNCONDITIONAL_JUMP
ram:000591ea	ram:000591ac	UNCONDITIONAL_JUMP
ram:000591ee	ram:000591ac	UNCONDITIONAL_JUMP
ram:000591f2	ram:000591ac	UNCONDITIONAL_JUMP
ram:000591f6	ram:000591ac	UNCONDITIONAL_JUMP
ram:00059214	ram:20001120	COMPUTED_CALL
ram:0005921a	ram:000592ae	CONDITIONAL_JUMP
ram:00059234	ram:000592be	CONDITIONAL_JUMP
ram:00059240	ram:000592c2	CONDITIONAL_JUMP
ram:00059246	ram:000592c6	CONDITIONAL_JUMP
ram:00059250	ram:000592ca	CONDITIONAL_JUMP
ram:0005926e	ram:200001dc	COMPUTED_CALL
ram:00059294	ram:200001dc	COMPUTED_CALL
ram:0005929a	ram:000592ce	CONDITIONAL_JUMP
ram:000592a0	ram:00058ee0	UNCONDITIONAL_CALL
ram:000592a4	ram:000592ae	CONDITIONAL_JUMP
ram:000592a8	ram:00058d92	UNCONDITIONAL_CALL
ram:000592c0	ram:000592ae	UNCONDITIONAL_JUMP
ram:000592c4	ram:000592ae	UNCONDITIONAL_JUMP
ram:000592c8	ram:000592ae	UNCONDITIONAL_JUMP
ram:000592cc	ram:000592ae	UNCONDITIONAL_JUMP
ram:000592d0	ram:000592ae	UNCONDITIONAL_JUMP
ram:000592f0	ram:20001120	COMPUTED_CALL
ram:000592f4	ram:0005959a	CONDITIONAL_JUMP
ram:00059316	ram:00059510	CONDITIONAL_JUMP
ram:0005932e	ram:0005959e	CONDITIONAL_JUMP
ram:00059338	ram:000595a2	CONDITIONAL_JUMP
ram:00059346	ram:000595a6	CONDITIONAL_JUMP
ram:00059354	ram:0005937c	CONDITIONAL_JUMP
ram:00059380	ram:0005940a	CONDITIONAL_JUMP
ram:00059382	ram:00062262	UNCONDITIONAL_CALL
ram:000593bc	ram:000593dc	CONDITIONAL_JUMP
ram:000593d2	ram:000593e0	CONDITIONAL_JUMP
ram:000593da	ram:000593f4	UNCONDITIONAL_JUMP
ram:000593de	ram:000593c4	UNCONDITIONAL_JUMP
ram:000593e4	ram:20001e9f	READ
ram:000593ec	ram:000594d2	CONDITIONAL_JUMP
ram:00059402	ram:000595aa	CONDITIONAL_JUMP
ram:00059412	ram:0005941e	CONDITIONAL_JUMP
ram:0005941a	ram:000595b0	CONDITIONAL_JUMP
ram:00059426	ram:000594fe	CONDITIONAL_JUMP
ram:0005942e	ram:000594d8	CONDITIONAL_JUMP
ram:00059436	ram:20001eb0	READ
ram:00059444	ram:20001eb0	READ
ram:0005945c	ram:20001e98	WRITE
ram:00059472	ram:00059470	CONDITIONAL_JUMP
ram:0005947c	ram:000588dc	UNCONDITIONAL_CALL
ram:00059480	ram:20001eb0	READ
ram:0005948e	ram:20001eb0	READ
ram:0005949a	ram:20001e98	WRITE
ram:000594ae	ram:200010ec	COMPUTED_CALL
ram:000594b2	ram:20001e94	READ
ram:000594b8	ram:000594fe	CONDITIONAL_JUMP
ram:000594be	ram:20001e94	WRITE
ram:000594ce	ram:000590b8	UNCONDITIONAL_CALL
ram:000594d6	ram:000593d8	UNCONDITIONAL_JUMP
ram:000594dc	ram:000594fe	CONDITIONAL_JUMP
ram:000594f6	ram:000589d8	PARAM
ram:000594fa	ram:00042362	UNCONDITIONAL_CALL
ram:00059512	ram:000595b4	CONDITIONAL_JUMP
ram:00059520	ram:000594fe	CONDITIONAL_JUMP
ram:00059544	ram:200001dc	COMPUTED_CALL
ram:00059552	ram:00059578	CONDITIONAL_JUMP
ram:00059574	ram:200001dc	COMPUTED_CALL
ram:0005957a	ram:00058ee0	UNCONDITIONAL_CALL
ram:00059582	ram:000594fe	CONDITIONAL_JUMP
ram:00059596	ram:00059074	UNCONDITIONAL_CALL
ram:0005959c	ram:000594fe	UNCONDITIONAL_JUMP
ram:000595a0	ram:000594fe	UNCONDITIONAL_JUMP
ram:000595a4	ram:000594fe	UNCONDITIONAL_JUMP
ram:000595a8	ram:000594fe	UNCONDITIONAL_JUMP
ram:000595ae	ram:000594fe	UNCONDITIONAL_JUMP
ram:000595b2	ram:000594fe	UNCONDITIONAL_JUMP
ram:000595b8	ram:000594fe	UNCONDITIONAL_JUMP
ram:000595c2	ram:20001de8	READ
ram:000595dc	Stack[-0x20]	DATA
ram:000595fc	ram:0005963c	CONDITIONAL_JUMP
ram:00059600	ram:20001e94	READ
ram:00059606	ram:00059616	CONDITIONAL_JUMP
ram:0005960a	ram:20001e94	WRITE
ram:0005960e	ram:000592d2	UNCONDITIONAL_CALL
ram:00059612	ram:000595f4	CONDITIONAL_JUMP
ram:00059614	ram:0005961e	UNCONDITIONAL_JUMP
ram:0005961a	ram:20001e98	WRITE
ram:00059622	ram:000597b4	CONDITIONAL_JUMP
ram:00059634	Stack[-0x20]	DATA
ram:00059638	ram:000585c6	UNCONDITIONAL_CALL
ram:00059640	ram:0005969a	CONDITIONAL_JUMP
ram:00059648	ram:20001e94	PARAM
ram:0005964c	ram:20001e95	READ
ram:00059656	ram:00059694	CONDITIONAL_JUMP
ram:0005965c	ram:20001c00	READ
ram:00059660	ram:20001e95	WRITE
ram:0005966a	ram:20001bd2	READ
ram:00059672	ram:00059686	CONDITIONAL_JUMP
ram:0005967a	ram:00059686	CONDITIONAL_JUMP
ram:0005968a	ram:00058d92	UNCONDITIONAL_CALL
ram:0005968e	ram:20001e9b	WRITE
ram:00059692	ram:0005961e	UNCONDITIONAL_JUMP
ram:00059694	ram:20001e98	WRITE
ram:00059698	ram:0005961e	UNCONDITIONAL_JUMP
ram:0005969e	ram:0005972c	CONDITIONAL_JUMP
ram:000596a6	ram:20001eb0	READ
ram:000596b4	ram:20001eb0	READ
ram:000596c8	ram:20001e98	WRITE
ram:000596d0	ram:20001e88	READ
ram:000596dc	ram:00059718	CONDITIONAL_JUMP
ram:000596f0	ram:200010ec	COMPUTED_CALL
ram:000596f4	ram:20001e94	READ
ram:000596fa	ram:0005970c	CONDITIONAL_JUMP
ram:000596fc	ram:20001e94	WRITE
ram:00059700	ram:00062262	UNCONDITIONAL_CALL
ram:00059706	ram:000591f8	UNCONDITIONAL_CALL
ram:0005970a	ram:0005961e	CONDITIONAL_JUMP
ram:00059716	ram:0005961e	UNCONDITIONAL_JUMP
ram:0005971e	ram:00059726	CONDITIONAL_JUMP
ram:00059724	ram:000596e4	UNCONDITIONAL_JUMP
ram:0005972a	ram:000596e4	UNCONDITIONAL_JUMP
ram:00059730	ram:0005974a	CONDITIONAL_JUMP
ram:00059734	ram:20001e94	READ
ram:0005973a	ram:0005961e	CONDITIONAL_JUMP
ram:00059740	ram:20001e94	WRITE
ram:00059744	ram:000590b8	UNCONDITIONAL_CALL
ram:00059748	ram:00059612	UNCONDITIONAL_JUMP
ram:0005974e	ram:0005961e	CONDITIONAL_JUMP
ram:00059752	ram:20001e95	READ
ram:00059758	ram:000597ae	CONDITIONAL_JUMP
ram:0005975e	ram:20001e95	WRITE
ram:00059764	ram:20001c00	READ
ram:00059768	ram:00059792	CONDITIONAL_JUMP
ram:0005976e	ram:20001bd2	READ
ram:00059776	ram:00059786	CONDITIONAL_JUMP
ram:0005977e	ram:00059786	CONDITIONAL_JUMP
ram:00059790	ram:000595f4	UNCONDITIONAL_JUMP
ram:00059794	ram:20001bd2	READ
ram:0005979c	ram:00059786	CONDITIONAL_JUMP
ram:000597a4	ram:00059786	CONDITIONAL_JUMP
ram:000597ac	ram:00059786	UNCONDITIONAL_JUMP
ram:000597ae	ram:20001e98	WRITE
ram:000597b2	ram:0005961e	UNCONDITIONAL_JUMP
ram:000597c2	Stack[-0x20]	DATA
ram:000597d0	ram:20001de8	READ
ram:000597de	ram:20001e9d	READ
ram:000597e2	ram:20001e94	PARAM
ram:000597e6	ram:000597f6	CONDITIONAL_JUMP
ram:000597e8	ram:20001e9c	READ
ram:000597ee	ram:000597f6	CONDITIONAL_JUMP
ram:000597f2	ram:20001e9d	WRITE
ram:000597f6	ram:20001e9b	READ
ram:00059802	ram:0005980e	CONDITIONAL_JUMP
ram:00059806	ram:20001e9c	WRITE
ram:0005980a	ram:20001e9d	WRITE
ram:0005980e	ram:00062262	UNCONDITIONAL_CALL
ram:00059814	ram:00058d50	UNCONDITIONAL_CALL
ram:00059822	ram:0005d5f6	UNCONDITIONAL_CALL
ram:0005982e	ram:0005983c	CONDITIONAL_JUMP
ram:00059832	ram:00042494	UNCONDITIONAL_CALL
ram:00059850	ram:20001dec	WRITE
ram:00059850	ram:00058388	DATA
ram:0005986e	ram:00059976	CONDITIONAL_JUMP
ram:00059878	ram:00059984	CONDITIONAL_JUMP
ram:00059882	ram:00059984	CONDITIONAL_JUMP
ram:00059892	ram:000582da	UNCONDITIONAL_CALL
ram:0005989e	ram:0005993e	CONDITIONAL_JUMP
ram:000598b8	ram:200012e0	COMPUTED_CALL
ram:000598cc	ram:000598d4	CONDITIONAL_JUMP
ram:000598d0	ram:000598e4	CONDITIONAL_JUMP
ram:000598d6	ram:000582da	UNCONDITIONAL_CALL
ram:000598dc	ram:0005991a	CONDITIONAL_JUMP
ram:000598e8	ram:00059912	CONDITIONAL_JUMP
ram:000598f2	ram:0006ba8a	UNCONDITIONAL_CALL
ram:000598f8	ram:00059912	CONDITIONAL_JUMP
ram:00059902	ram:00059912	CONDITIONAL_JUMP
ram:0005992c	ram:200001dc	COMPUTED_CALL
ram:0005993c	ram:000598e4	UNCONDITIONAL_JUMP
ram:0005994a	ram:00061e3a	UNCONDITIONAL_CALL
ram:0005994e	ram:000598e4	CONDITIONAL_JUMP
ram:00059958	ram:0006bab6	UNCONDITIONAL_CALL
ram:00059974	ram:00059920	UNCONDITIONAL_JUMP
ram:0005998e	Stack[-0x10]	DATA
ram:000599a4	ram:00059ece	CONDITIONAL_JUMP
ram:000599cc	ram:000599de	CONDITIONAL_JUMP
ram:000599d8	ram:0005cde4	UNCONDITIONAL_CALL
ram:000599dc	ram:000599fa	UNCONDITIONAL_JUMP
ram:000599e6	ram:00059a3e	CONDITIONAL_JUMP
ram:000599f4	ram:00059a38	CONDITIONAL_JUMP
ram:000599f6	ram:0005ad4a	UNCONDITIONAL_CALL
ram:00059a00	ram:00059adc	CONDITIONAL_JUMP
ram:00059a24	ram:20001eb0	READ
ram:00059a32	Stack[-0x10]	DATA
ram:00059a38	ram:0005ad24	UNCONDITIONAL_CALL
ram:00059a3c	ram:000599fa	UNCONDITIONAL_JUMP
ram:00059a42	ram:00059a50	CONDITIONAL_JUMP
ram:00059a4a	ram:0005ac30	UNCONDITIONAL_CALL
ram:00059a4e	ram:000599fa	UNCONDITIONAL_JUMP
ram:00059a56	ram:00059c9c	CONDITIONAL_JUMP
ram:00059a5a	ram:00059afe	CONDITIONAL_JUMP
ram:00059a60	ram:00059a6e	CONDITIONAL_JUMP
ram:00059a68	ram:0005b2d4	UNCONDITIONAL_CALL
ram:00059a6c	ram:000599fa	UNCONDITIONAL_JUMP
ram:00059a72	ram:00059a82	CONDITIONAL_JUMP
ram:00059a7c	ram:0005ada2	UNCONDITIONAL_CALL
ram:00059a80	ram:000599fa	UNCONDITIONAL_JUMP
ram:00059a86	ram:00059a96	CONDITIONAL_JUMP
ram:00059a90	ram:0005c572	UNCONDITIONAL_CALL
ram:00059a94	ram:000599fa	UNCONDITIONAL_JUMP
ram:00059a9a	ram:00059aaa	CONDITIONAL_JUMP
ram:00059aa4	ram:0005b70c	UNCONDITIONAL_CALL
ram:00059aa8	ram:000599fa	UNCONDITIONAL_JUMP
ram:00059aae	ram:00059ac0	CONDITIONAL_JUMP
ram:00059aba	ram:0005aff2	UNCONDITIONAL_CALL
ram:00059abe	ram:000599fa	UNCONDITIONAL_JUMP
ram:00059ac4	ram:00059ad8	CONDITIONAL_JUMP
ram:00059ad2	ram:0005b124	UNCONDITIONAL_CALL
ram:00059ad6	ram:000599fa	UNCONDITIONAL_JUMP
ram:00059af4	ram:20001eb0	READ
ram:00059afc	ram:00059a2a	UNCONDITIONAL_JUMP
ram:00059b02	ram:00059d8c	CONDITIONAL_JUMP
ram:00059b0a	ram:00059b18	CONDITIONAL_JUMP
ram:00059b12	ram:0005b284	UNCONDITIONAL_CALL
ram:00059b16	ram:000599fa	UNCONDITIONAL_JUMP
ram:00059b1c	ram:00059b2c	CONDITIONAL_JUMP
ram:00059b26	ram:0005aca6	UNCONDITIONAL_CALL
ram:00059b2a	ram:000599fa	UNCONDITIONAL_JUMP
ram:00059b30	ram:00059b62	CONDITIONAL_JUMP
ram:00059b34	ram:00059cd2	CONDITIONAL_JUMP
ram:00059b3c	ram:00059b56	CONDITIONAL_JUMP
ram:00059b50	ram:0005b374	UNCONDITIONAL_CALL
ram:00059b54	ram:000599fa	UNCONDITIONAL_JUMP
ram:00059b5a	ram:20000628	COMPUTED_CALL
ram:00059b5e	ram:00059b3e	CONDITIONAL_JUMP
ram:00059b60	ram:000599fa	UNCONDITIONAL_JUMP
ram:00059b66	ram:00059b7c	CONDITIONAL_JUMP
ram:00059b6a	ram:00059cd2	CONDITIONAL_JUMP
ram:00059b76	ram:0005aae2	UNCONDITIONAL_CALL
ram:00059b7a	ram:000599fa	UNCONDITIONAL_JUMP
ram:00059b80	ram:00059b94	CONDITIONAL_JUMP
ram:00059b84	ram:00059cd2	CONDITIONAL_JUMP
ram:00059b8e	ram:0005b1c6	UNCONDITIONAL_CALL
ram:00059b92	ram:000599fa	UNCONDITIONAL_JUMP
ram:00059b98	ram:00059ba8	CONDITIONAL_JUMP
ram:00059ba2	ram:0005ad74	UNCONDITIONAL_CALL
ram:00059ba6	ram:000599fa	UNCONDITIONAL_JUMP
ram:00059bac	ram:00059bc2	CONDITIONAL_JUMP
ram:00059bbc	ram:0005c4a0	UNCONDITIONAL_CALL
ram:00059bc0	ram:000599fa	UNCONDITIONAL_JUMP
ram:00059bc6	ram:00059be8	CONDITIONAL_JUMP
ram:00059bcc	ram:20000628	COMPUTED_CALL
ram:00059bd0	ram:000599fa	CONDITIONAL_JUMP
ram:00059be2	ram:0005ac56	UNCONDITIONAL_CALL
ram:00059be6	ram:000599fa	UNCONDITIONAL_JUMP
ram:00059bec	ram:00059bfc	CONDITIONAL_JUMP
ram:00059bf6	ram:0005b5e4	UNCONDITIONAL_CALL
ram:00059bfa	ram:000599fa	UNCONDITIONAL_JUMP
ram:00059bfc	ram:00059c16	CONDITIONAL_JUMP
ram:00059c14	ram:00059adc	UNCONDITIONAL_JUMP
ram:00059c1a	ram:00059c32	CONDITIONAL_JUMP
ram:00059c20	ram:00059cd2	CONDITIONAL_JUMP
ram:00059c2c	ram:0005adbc	UNCONDITIONAL_CALL
ram:00059c30	ram:000599fa	UNCONDITIONAL_JUMP
ram:00059c36	ram:00059c4a	CONDITIONAL_JUMP
ram:00059c44	ram:0005aed8	UNCONDITIONAL_CALL
ram:00059c48	ram:000599fa	UNCONDITIONAL_JUMP
ram:00059c4e	ram:00059c62	CONDITIONAL_JUMP
ram:00059c5c	ram:0005afca	UNCONDITIONAL_CALL
ram:00059c60	ram:000599fa	UNCONDITIONAL_JUMP
ram:00059c66	ram:00059c7c	CONDITIONAL_JUMP
ram:00059c76	ram:0005b0a2	UNCONDITIONAL_CALL
ram:00059c7a	ram:000599fa	UNCONDITIONAL_JUMP
ram:00059c80	ram:00059c96	CONDITIONAL_JUMP
ram:00059c90	ram:0005b18e	UNCONDITIONAL_CALL
ram:00059c94	ram:000599fa	UNCONDITIONAL_JUMP
ram:00059c9a	ram:00059adc	UNCONDITIONAL_JUMP
ram:00059c9c	ram:00059cd2	CONDITIONAL_JUMP
ram:00059ca2	ram:00059d36	CONDITIONAL_JUMP
ram:00059caa	ram:00059e20	CONDITIONAL_JUMP
ram:00059cb2	ram:00059e76	CONDITIONAL_JUMP
ram:00059cb6	ram:00059ce4	CONDITIONAL_JUMP
ram:00059cbe	ram:00059cd2	CONDITIONAL_JUMP
ram:00059cc2	ram:00059cd6	CONDITIONAL_JUMP
ram:00059cc8	ram:00059e32	CONDITIONAL_JUMP
ram:00059cce	ram:00059e3e	CONDITIONAL_JUMP
ram:00059cd4	ram:000599d8	UNCONDITIONAL_JUMP
ram:00059cda	ram:00059e92	CONDITIONAL_JUMP
ram:00059ce2	ram:00059cce	UNCONDITIONAL_JUMP
ram:00059ce8	ram:00059e5c	CONDITIONAL_JUMP
ram:00059cec	ram:00059d02	CONDITIONAL_JUMP
ram:00059cf4	ram:00059e92	CONDITIONAL_JUMP
ram:00059cfc	ram:00059a68	CONDITIONAL_JUMP
ram:00059d00	ram:00059cd2	UNCONDITIONAL_JUMP
ram:00059d06	ram:00059e56	CONDITIONAL_JUMP
ram:00059d0e	ram:00059cd2	CONDITIONAL_JUMP
ram:00059d18	ram:00059ddc	CONDITIONAL_JUMP
ram:00059d22	ram:00059dd6	CONDITIONAL_JUMP
ram:00059d2a	ram:0005ad4a	UNCONDITIONAL_CALL
ram:00059d34	ram:000599fa	UNCONDITIONAL_JUMP
ram:00059d3a	ram:00059d9a	CONDITIONAL_JUMP
ram:00059d42	ram:00059c44	CONDITIONAL_JUMP
ram:00059d4a	ram:00059eb0	CONDITIONAL_JUMP
ram:00059d4e	ram:00059d7c	CONDITIONAL_JUMP
ram:00059d56	ram:00059cd2	CONDITIONAL_JUMP
ram:00059d60	ram:00059e0a	CONDITIONAL_JUMP
ram:00059d64	ram:0005ad24	UNCONDITIONAL_CALL
ram:00059d7a	ram:000599fa	UNCONDITIONAL_JUMP
ram:00059d80	ram:00059a90	CONDITIONAL_JUMP
ram:00059d88	ram:00059cd2	CONDITIONAL_JUMP
ram:00059d90	ram:20000628	COMPUTED_CALL
ram:00059d94	ram:000599fa	CONDITIONAL_JUMP
ram:00059d98	ram:00059cd2	UNCONDITIONAL_JUMP
ram:00059d9e	ram:00059dc0	CONDITIONAL_JUMP
ram:00059da6	ram:00059ebc	CONDITIONAL_JUMP
ram:00059dae	ram:00059eb6	CONDITIONAL_JUMP
ram:00059db6	ram:00059cd2	CONDITIONAL_JUMP
ram:00059dba	ram:0005b70c	UNCONDITIONAL_CALL
ram:00059dbe	ram:00059d2e	UNCONDITIONAL_JUMP
ram:00059dc4	ram:00059ab8	CONDITIONAL_JUMP
ram:00059dcc	ram:00059cd2	CONDITIONAL_JUMP
ram:00059dd0	ram:0005b124	UNCONDITIONAL_CALL
ram:00059dd4	ram:00059d2e	UNCONDITIONAL_JUMP
ram:00059dd6	ram:0005ad24	UNCONDITIONAL_CALL
ram:00059dda	ram:00059d2e	UNCONDITIONAL_JUMP
ram:00059dde	ram:00059df4	CONDITIONAL_JUMP
ram:00059df2	ram:00059b74	UNCONDITIONAL_JUMP
ram:00059df4	ram:0005cde4	UNCONDITIONAL_CALL
ram:00059e08	ram:000599fa	UNCONDITIONAL_JUMP
ram:00059e1a	ram:0005aae2	UNCONDITIONAL_CALL
ram:00059e1e	ram:00059d6e	UNCONDITIONAL_JUMP
ram:00059e30	ram:00059e1a	UNCONDITIONAL_JUMP
ram:00059e32	ram:0005abba	UNCONDITIONAL_CALL
ram:00059e3c	ram:000599fa	UNCONDITIONAL_JUMP
ram:00059e40	ram:0005cde4	UNCONDITIONAL_CALL
ram:00059e54	ram:000599fa	UNCONDITIONAL_JUMP
ram:00059e56	ram:0005ac84	UNCONDITIONAL_CALL
ram:00059e5a	ram:000599fa	UNCONDITIONAL_JUMP
ram:00059e70	ram:200001dc	COMPUTED_CALL
ram:00059e74	ram:00059bf4	UNCONDITIONAL_JUMP
ram:00059e8c	ram:0005ac0e	UNCONDITIONAL_CALL
ram:00059e90	ram:000599fa	UNCONDITIONAL_JUMP
ram:00059e94	ram:0005cde4	UNCONDITIONAL_CALL
ram:00059eae	ram:00059d2e	UNCONDITIONAL_JUMP
ram:00059eb0	ram:0005ada2	UNCONDITIONAL_CALL
ram:00059eb4	ram:00059d2e	UNCONDITIONAL_JUMP
ram:00059eb6	ram:0005cde4	UNCONDITIONAL_CALL
ram:00059eba	ram:00059d2e	UNCONDITIONAL_JUMP
ram:00059ebc	ram:0005cde4	UNCONDITIONAL_CALL
ram:00059ecc	ram:00059eaa	UNCONDITIONAL_JUMP
ram:00059ed6	ram:20001d70	READ
ram:00059edc	ram:20001d70	WRITE
ram:00059ee0	ram:000599fa	UNCONDITIONAL_JUMP
ram:00059ef0	ram:20001df8	READ
ram:00059f2e	ram:0005a0be	CONDITIONAL_JUMP
ram:00059f32	ram:20001eb0	READ
ram:00059f3a	ram:00059f5a	CONDITIONAL_JUMP
ram:00059f50	ram:00059f5a	CONDITIONAL_JUMP
ram:00059f5c	ram:00059986	UNCONDITIONAL_CALL
ram:00059f64	ram:20001e97	WRITE
ram:00059f6c	ram:20001e88	READ
ram:00059f70	ram:20001e9a	WRITE
ram:00059f92	ram:40001040	WRITE
ram:00059f9a	ram:40001040	WRITE
ram:00059fa4	ram:0005a002	CONDITIONAL_JUMP
ram:00059fa8	ram:40001022	READ
ram:00059fb0	ram:40001022	WRITE
ram:00059fb8	ram:20001e88	READ
ram:00059fc4	ram:20001eb0	READ
ram:00059fd2	ram:00059fd0	CONDITIONAL_JUMP
ram:00059fe8	ram:0005a094	CONDITIONAL_JUMP
ram:00059ff0	ram:0005a094	CONDITIONAL_JUMP
ram:00059ff6	ram:00061b68	UNCONDITIONAL_CALL
ram:00059ffa	ram:0005a012	CONDITIONAL_JUMP
ram:00059ffc	ram:00062262	UNCONDITIONAL_CALL
ram:0005a000	ram:0005a5a2	UNCONDITIONAL_JUMP
ram:0005a002	ram:40001022	READ
ram:0005a010	ram:00059fb0	UNCONDITIONAL_JUMP
ram:0005a012	ram:20001e88	READ
ram:0005a02e	ram:20001efc	READ
ram:0005a038	ram:20001eb0	READ
ram:0005a042	ram:20001efc	READ
ram:0005a050	ram:20001e88	READ
ram:0005a074	ram:20001e9b	WRITE
ram:0005a07c	ram:0005a088	CONDITIONAL_JUMP
ram:0005a08e	ram:200011be	COMPUTED_CALL
ram:0005a092	ram:00059f26	UNCONDITIONAL_JUMP
ram:0005a0ac	ram:20001efc	READ
ram:0005a0bc	ram:0005a042	UNCONDITIONAL_JUMP
ram:0005a0c2	ram:0005a5fc	CONDITIONAL_JUMP
ram:0005a0c6	ram:20001e97	READ
ram:0005a0cc	ram:0005a5bc	CONDITIONAL_JUMP
ram:0005a0d0	ram:20001e97	READ
ram:0005a0d8	ram:0005a0fe	CONDITIONAL_JUMP
ram:0005a106	ram:0005a11c	CONDITIONAL_JUMP
ram:0005a118	ram:20001dfc	WRITE
ram:0005a130	ram:20001120	COMPUTED_CALL
ram:0005a138	ram:20001da6	READ
ram:0005a13c	ram:20001e9a	WRITE
ram:0005a146	ram:20001e9a	READ
ram:0005a14c	ram:0005a4ce	CONDITIONAL_JUMP
ram:0005a166	ram:00055dde	UNCONDITIONAL_CALL
ram:0005a16a	ram:0005a1ce	CONDITIONAL_JUMP
ram:0005a174	ram:0005a1ba	CONDITIONAL_JUMP
ram:0005a17a	ram:0005a1ba	CONDITIONAL_JUMP
ram:0005a182	ram:0005a1ba	CONDITIONAL_JUMP
ram:0005a196	ram:20000104	COMPUTED_CALL
ram:0005a1b2	ram:0005a1ba	CONDITIONAL_JUMP
ram:0005a1be	ram:0005a1ce	CONDITIONAL_JUMP
ram:0005a1c6	ram:0005a1ce	CONDITIONAL_JUMP
ram:0005a1ca	ram:00055e2e	UNCONDITIONAL_CALL
ram:0005a1ce	ram:20001e9a	READ
ram:0005a1d4	ram:0005a2e4	CONDITIONAL_JUMP
ram:0005a1de	ram:0005a2e4	CONDITIONAL_JUMP
ram:0005a1ee	ram:20001e97	WRITE
ram:0005a1f6	ram:2000082c	COMPUTED_CALL
ram:0005a1fc	ram:0005a514	CONDITIONAL_JUMP
ram:0005a202	ram:00059986	UNCONDITIONAL_CALL
ram:0005a20c	ram:0005a4e4	CONDITIONAL_JUMP
ram:0005a214	ram:0005a4e4	CONDITIONAL_JUMP
ram:0005a21c	ram:00061b68	UNCONDITIONAL_CALL
ram:0005a220	ram:00059ffc	CONDITIONAL_JUMP
ram:0005a224	ram:20001e88	READ
ram:0005a240	ram:20001efc	READ
ram:0005a24a	ram:20001eb0	READ
ram:0005a260	ram:0005a26c	CONDITIONAL_JUMP
ram:0005a26c	ram:00061f0a	UNCONDITIONAL_CALL
ram:0005a270	ram:20001e88	READ
ram:0005a290	ram:0005a2d6	CONDITIONAL_JUMP
ram:0005a298	ram:0005a2d6	CONDITIONAL_JUMP
ram:0005a2aa	ram:00068280	UNCONDITIONAL_CALL
ram:0005a2ae	ram:0005a2d6	CONDITIONAL_JUMP
ram:0005a2ce	ram:0005a2d6	CONDITIONAL_JUMP
ram:0005a2e2	ram:0005a08a	UNCONDITIONAL_JUMP
ram:0005a2e6	ram:00055e06	UNCONDITIONAL_CALL
ram:0005a2ea	ram:0005a1ec	CONDITIONAL_JUMP
ram:0005a2f0	ram:00055d9e	UNCONDITIONAL_CALL
ram:0005a2fc	ram:0005a348	CONDITIONAL_JUMP
ram:0005a302	ram:0005a348	CONDITIONAL_JUMP
ram:0005a30a	ram:0005a31e	CONDITIONAL_JUMP
ram:0005a31c	ram:0005a348	CONDITIONAL_JUMP
ram:0005a334	ram:0005a1ec	CONDITIONAL_JUMP
ram:0005a33c	ram:0005a1ec	CONDITIONAL_JUMP
ram:0005a342	ram:00055e7e	UNCONDITIONAL_CALL
ram:0005a346	ram:0005a1ec	UNCONDITIONAL_JUMP
ram:0005a34e	ram:0005a388	CONDITIONAL_JUMP
ram:0005a35a	ram:0005a37a	CONDITIONAL_JUMP
ram:0005a364	ram:0005a32e	CONDITIONAL_JUMP
ram:0005a378	ram:0005a32e	UNCONDITIONAL_JUMP
ram:0005a37e	ram:0006c138	DATA
ram:0005a384	ram:0005a35e	CONDITIONAL_JUMP
ram:0005a386	ram:0005a32e	UNCONDITIONAL_JUMP
ram:0005a38c	ram:0005a3ca	CONDITIONAL_JUMP
ram:0005a394	ram:0005a3a8	CONDITIONAL_JUMP
ram:0005a3a6	ram:0005a3ca	UNCONDITIONAL_JUMP
ram:0005a3aa	ram:0005a3b4	CONDITIONAL_JUMP
ram:0005a3b2	ram:0005a39c	UNCONDITIONAL_JUMP
ram:0005a3b6	ram:0005a3e0	CONDITIONAL_JUMP
ram:0005a3ce	ram:0005a32e	CONDITIONAL_JUMP
ram:0005a3d6	ram:20000750	COMPUTED_CALL
ram:0005a3da	ram:0005a1ec	CONDITIONAL_JUMP
ram:0005a3de	ram:0005a32e	UNCONDITIONAL_JUMP
ram:0005a3e4	ram:0005a484	CONDITIONAL_JUMP
ram:0005a3ec	ram:0005a3fc	CONDITIONAL_JUMP
ram:0005a3f8	ram:0005a410	CONDITIONAL_JUMP
ram:0005a400	ram:0005a43c	CONDITIONAL_JUMP
ram:0005a40c	ram:0005a43c	CONDITIONAL_JUMP
ram:0005a418	ram:0005a3a0	CONDITIONAL_JUMP
ram:0005a422	ram:0005a472	CONDITIONAL_JUMP
ram:0005a42c	ram:0005a450	CONDITIONAL_JUMP
ram:0005a43a	ram:0005a45a	UNCONDITIONAL_JUMP
ram:0005a440	ram:0005a418	CONDITIONAL_JUMP
ram:0005a44e	ram:0005a418	UNCONDITIONAL_JUMP
ram:0005a466	ram:0005a46c	CONDITIONAL_JUMP
ram:0005a470	ram:0005a3a0	UNCONDITIONAL_JUMP
ram:0005a474	ram:0005a47c	CONDITIONAL_JUMP
ram:0005a47a	ram:0005a438	UNCONDITIONAL_JUMP
ram:0005a482	ram:0005a45a	UNCONDITIONAL_JUMP
ram:0005a488	ram:0005a4b8	CONDITIONAL_JUMP
ram:0005a48c	ram:20001e88	READ
ram:0005a490	ram:20001e9e	WRITE
ram:0005a49e	ram:40001018	READ
ram:0005a4a6	ram:40001018	WRITE
ram:0005a4b6	ram:0005a3a0	UNCONDITIONAL_JUMP
ram:0005a4bc	ram:0005a3ca	CONDITIONAL_JUMP
ram:0005a4cc	ram:0005a3a0	UNCONDITIONAL_JUMP
ram:0005a4d8	ram:20001d6e	READ
ram:0005a4de	ram:20001d6e	WRITE
ram:0005a4e2	ram:0005a1ec	UNCONDITIONAL_JUMP
ram:0005a4e4	ram:20001e88	READ
ram:0005a500	ram:20001efc	READ
ram:0005a50a	ram:20001eb0	READ
ram:0005a512	ram:0005a252	UNCONDITIONAL_JUMP
ram:0005a514	ram:00062262	UNCONDITIONAL_CALL
ram:0005a51c	ram:0005a55e	CONDITIONAL_JUMP
ram:0005a524	ram:0005a55e	CONDITIONAL_JUMP
ram:0005a536	ram:00068280	UNCONDITIONAL_CALL
ram:0005a53a	ram:0005a55e	CONDITIONAL_JUMP
ram:0005a556	ram:0005a55e	CONDITIONAL_JUMP
ram:0005a560	ram:00056dec	UNCONDITIONAL_CALL
ram:0005a568	ram:0005a590	CONDITIONAL_JUMP
ram:0005a56e	ram:0005a57e	CONDITIONAL_JUMP
ram:0005a576	ram:00056968	UNCONDITIONAL_CALL
ram:0005a582	ram:20001bec	READ
ram:0005a586	ram:0005a590	CONDITIONAL_JUMP
ram:0005a594	ram:0005a5a2	CONDITIONAL_JUMP
ram:0005a596	ram:20001dac	READ
ram:0005a59a	ram:0005a5a2	CONDITIONAL_JUMP
ram:0005a59e	ram:00059856	UNCONDITIONAL_CALL
ram:0005a5b8	ram:00056878	UNCONDITIONAL_CALL
ram:0005a5bc	ram:20001eb0	READ
ram:0005a5c2	ram:00059f26	CONDITIONAL_JUMP
ram:0005a5c6	ram:20001e98	WRITE
ram:0005a5ca	ram:00062262	UNCONDITIONAL_CALL
ram:0005a5ce	ram:20001e97	READ
ram:0005a5d6	ram:0005a5e4	CONDITIONAL_JUMP
ram:0005a5da	ram:20001d72	READ
ram:0005a5e0	ram:20001d72	WRITE
ram:0005a5e6	ram:00056dec	UNCONDITIONAL_CALL
ram:0005a5ea	ram:20001e97	READ
ram:0005a5f2	ram:0005a5a2	CONDITIONAL_JUMP
ram:0005a5f6	ram:00042954	UNCONDITIONAL_CALL
ram:0005a5fa	ram:0005a596	UNCONDITIONAL_JUMP
ram:0005a600	ram:00059ffc	CONDITIONAL_JUMP
ram:0005a604	ram:20001e96	READ
ram:0005a60a	ram:0005a6da	CONDITIONAL_JUMP
ram:0005a610	ram:20001e96	WRITE
ram:0005a616	ram:0005a63a	CONDITIONAL_JUMP
ram:0005a618	ram:00062262	UNCONDITIONAL_CALL
ram:0005a620	ram:00042494	UNCONDITIONAL_CALL
ram:0005a630	ram:00056968	UNCONDITIONAL_CALL
ram:0005a638	ram:0005a5a2	UNCONDITIONAL_JUMP
ram:0005a64c	ram:00062030	UNCONDITIONAL_CALL
ram:0005a656	ram:0005a6aa	CONDITIONAL_JUMP
ram:0005a65c	ram:00061bec	UNCONDITIONAL_CALL
ram:0005a660	ram:20001e88	READ
ram:0005a67c	ram:20001efc	READ
ram:0005a686	ram:20001eb0	READ
ram:0005a6a8	ram:0005a08a	UNCONDITIONAL_JUMP
ram:0005a6aa	ram:20001e88	READ
ram:0005a6c6	ram:20001efc	READ
ram:0005a6d0	ram:20001eb0	READ
ram:0005a6d8	ram:0005a68e	UNCONDITIONAL_JUMP
ram:0005a6da	ram:20001eb0	READ
ram:0005a6e0	ram:00059f26	CONDITIONAL_JUMP
ram:0005a6e4	ram:20001e98	WRITE
ram:0005a6e8	ram:00059ffc	UNCONDITIONAL_JUMP
ram:0005a6f8	ram:20001d63	READ
ram:0005a714	ram:20001b8c	READ
ram:0005a72e	ram:00056062	UNCONDITIONAL_CALL
ram:0005a732	ram:20001b8c	READ
ram:0005a75e	ram:00055a44	UNCONDITIONAL_CALL
ram:0005a764	ram:00055d70	UNCONDITIONAL_CALL
ram:0005a776	ram:00055a08	UNCONDITIONAL_CALL
ram:0005a77c	ram:00058334	UNCONDITIONAL_CALL
ram:0005a78c	ram:000575b0	PARAM
ram:0005a790	ram:20001dfc	WRITE
ram:0005a794	ram:00042570	UNCONDITIONAL_CALL
ram:0005a79c	ram:20001e7c	READ
ram:0005a7a2	ram:0005a7c6	CONDITIONAL_JUMP
ram:0005a7ac	ram:20001bec	READ
ram:0005a7b0	ram:0005a7c6	CONDITIONAL_JUMP
ram:0005a7ba	ram:20001bec	READ
ram:0005a7ca	ram:20001d6e	WRITE
ram:0005a7ce	ram:20001d70	WRITE
ram:0005a7e8	ram:00057ba2	UNCONDITIONAL_CALL
ram:0005a7ec	ram:0005a7fa	CONDITIONAL_JUMP
ram:0005a7f2	ram:00056856	UNCONDITIONAL_CALL
ram:0005a810	ram:00057c90	UNCONDITIONAL_CALL
ram:0005a816	ram:0005a88a	CONDITIONAL_JUMP
ram:0005a818	ram:00057ba2	UNCONDITIONAL_CALL
ram:0005a81e	ram:0005a9b0	CONDITIONAL_JUMP
ram:0005a83e	ram:20001bcc	READ
ram:0005a852	ram:0005a85a	CONDITIONAL_JUMP
ram:0005a864	ram:0005a86c	CONDITIONAL_JUMP
ram:0005a878	ram:20000040	COMPUTED_CALL
ram:0005a880	ram:0005a89a	CONDITIONAL_JUMP
ram:0005a886	ram:00057d86	UNCONDITIONAL_CALL
ram:0005a89e	ram:20001eac	READ
ram:0005a8aa	ram:20001e2c	READ
ram:0005a8b2	ram:20001e28	READ
ram:0005a8b6	ram:20001d61	READ
ram:0005a8c6	ram:0005a8d0	CONDITIONAL_JUMP
ram:0005a8e0	ram:20001d9a	READ
ram:0005a8f0	ram:20001daa	READ
ram:0005a904	ram:20001e20	READ
ram:0005a914	ram:0005a920	CONDITIONAL_JUMP
ram:0005a920	ram:20001dac	READ
ram:0005a924	ram:0005a934	CONDITIONAL_JUMP
ram:0005a94e	ram:00055dd2	UNCONDITIONAL_CALL
ram:0005a952	ram:20001bd0	READ
ram:0005a95a	ram:00061d68	UNCONDITIONAL_CALL
ram:0005a9a2	ram:0005a9aa	CONDITIONAL_JUMP
ram:0005a9aa	ram:20001d68	WRITE
ram:0005a9ae	ram:0005a88a	UNCONDITIONAL_JUMP
ram:0005a9b2	ram:0005a88a	UNCONDITIONAL_JUMP
ram:0005a9b8	ram:000604ba	UNCONDITIONAL_CALL
ram:0005a9c0	ram:00059844	UNCONDITIONAL_CALL
ram:0005a9cc	ram:0005a9d4	CONDITIONAL_JUMP
ram:0005a9e4	ram:0005aa10	CONDITIONAL_JUMP
ram:0005a9ec	ram:0005a9d0	CONDITIONAL_JUMP
ram:0005a9f6	ram:0005aa04	CONDITIONAL_JUMP
ram:0005aa00	ram:0005aa0e	CONDITIONAL_JUMP
ram:0005aa12	ram:0005aa32	CONDITIONAL_JUMP
ram:0005aa24	ram:0005aa0e	CONDITIONAL_JUMP
ram:0005aa34	ram:0005aa48	CONDITIONAL_JUMP
ram:0005aa40	ram:0005a9d0	CONDITIONAL_JUMP
ram:0005aa46	ram:0005aa08	UNCONDITIONAL_JUMP
ram:0005aa4a	ram:0005aa58	CONDITIONAL_JUMP
ram:0005aa56	ram:0005aa40	UNCONDITIONAL_JUMP
ram:0005aa5a	ram:0005aa8a	CONDITIONAL_JUMP
ram:0005aa66	ram:0005a9d0	CONDITIONAL_JUMP
ram:0005aa88	ram:0005aa0c	UNCONDITIONAL_JUMP
ram:0005aa8c	ram:0005aaa2	CONDITIONAL_JUMP
ram:0005aa98	ram:0005a9d0	CONDITIONAL_JUMP
ram:0005aaa0	ram:0005aa08	UNCONDITIONAL_JUMP
ram:0005aaa4	ram:0005aaba	CONDITIONAL_JUMP
ram:0005aab0	ram:0005a9d0	CONDITIONAL_JUMP
ram:0005aab8	ram:0005aa08	UNCONDITIONAL_JUMP
ram:0005aabe	ram:0005a9d0	CONDITIONAL_JUMP
ram:0005aaca	ram:0005a9d0	CONDITIONAL_JUMP
ram:0005aae0	ram:0005aa7c	UNCONDITIONAL_JUMP
ram:0005aaec	ram:0005abb6	CONDITIONAL_JUMP
ram:0005ab00	ram:0005ab0e	CONDITIONAL_JUMP
ram:0005ab0a	ram:0005ab30	CONDITIONAL_JUMP
ram:0005ab12	ram:20001e04	READ
ram:0005ab1a	ram:0005ab24	CONDITIONAL_JUMP
ram:0005ab92	ram:0005aba8	CONDITIONAL_JUMP
ram:0005ab9a	ram:0005aba8	CONDITIONAL_JUMP
ram:0005abc4	ram:0005abe8	CONDITIONAL_JUMP
ram:0005abf6	ram:0005ac0a	CONDITIONAL_JUMP
ram:0005ac18	ram:0005ac2c	CONDITIONAL_JUMP
ram:0005ac3a	ram:0005ac52	CONDITIONAL_JUMP
ram:0005ac60	ram:0005ac80	CONDITIONAL_JUMP
ram:0005ac8e	ram:0005aca2	CONDITIONAL_JUMP
ram:0005acbe	ram:20001d74	READ
ram:0005acc6	ram:20001d76	READ
ram:0005acce	ram:20001d76	READ
ram:0005acd8	ram:20001d78	READ
ram:0005ace0	ram:20001d79	READ
ram:0005acf0	ram:0005ad0a	CONDITIONAL_JUMP
ram:0005ad0c	ram:0005acfa	CONDITIONAL_JUMP
ram:0005ad22	ram:0005acfa	UNCONDITIONAL_JUMP
ram:0005ad2e	ram:0005ad46	CONDITIONAL_JUMP
ram:0005ad54	ram:0005ad70	CONDITIONAL_JUMP
ram:0005ad7e	ram:0005ad9e	CONDITIONAL_JUMP
ram:0005adac	ram:0005adb8	CONDITIONAL_JUMP
ram:0005ade2	ram:0005ae2e	CONDITIONAL_JUMP
ram:0005adea	ram:0005ae04	CONDITIONAL_JUMP
ram:0005adf6	ram:0005ae2a	CONDITIONAL_JUMP
ram:0005ae08	ram:0005ae0e	CONDITIONAL_JUMP
ram:0005ae2c	ram:0005adfa	UNCONDITIONAL_JUMP
ram:0005ae30	ram:0005ae3e	CONDITIONAL_JUMP
ram:0005ae3c	ram:0005ae00	UNCONDITIONAL_JUMP
ram:0005ae44	ram:0005ae38	UNCONDITIONAL_JUMP
ram:0005ae74	ram:0005aec0	CONDITIONAL_JUMP
ram:0005ae7c	ram:0005ae96	CONDITIONAL_JUMP
ram:0005ae88	ram:0005aebc	CONDITIONAL_JUMP
ram:0005ae9a	ram:0005aea0	CONDITIONAL_JUMP
ram:0005aebe	ram:0005ae8c	UNCONDITIONAL_JUMP
ram:0005aec2	ram:0005aed0	CONDITIONAL_JUMP
ram:0005aece	ram:0005ae92	UNCONDITIONAL_JUMP
ram:0005aed6	ram:0005aeca	UNCONDITIONAL_JUMP
ram:0005af16	ram:0005af22	CONDITIONAL_JUMP
ram:0005af2a	ram:0005af6a	CONDITIONAL_JUMP
ram:0005af32	ram:0005af4c	CONDITIONAL_JUMP
ram:0005af3e	ram:0005af66	CONDITIONAL_JUMP
ram:0005af50	ram:0005af56	CONDITIONAL_JUMP
ram:0005af68	ram:0005af42	UNCONDITIONAL_JUMP
ram:0005af6c	ram:0005af7a	CONDITIONAL_JUMP
ram:0005af78	ram:0005af48	UNCONDITIONAL_JUMP
ram:0005af80	ram:0005af74	UNCONDITIONAL_JUMP
ram:0005afde	ram:20001d63	READ
ram:0005b024	ram:20001db0	READ
ram:0005b05a	ram:0005b060	CONDITIONAL_JUMP
ram:0005b0ba	ram:0005b0f2	CONDITIONAL_JUMP
ram:0005b0f8	ram:0005b11c	CONDITIONAL_JUMP
ram:0005b100	ram:20001e9f	READ
ram:0005b104	ram:0005b10e	CONDITIONAL_JUMP
ram:0005b10c	ram:0005b112	UNCONDITIONAL_JUMP
ram:0005b11a	ram:0005b0d2	UNCONDITIONAL_JUMP
ram:0005b122	ram:0005b108	UNCONDITIONAL_JUMP
ram:0005b142	ram:0005b14c	CONDITIONAL_JUMP
ram:0005b150	ram:0005b160	CONDITIONAL_JUMP
ram:0005b17a	ram:0005b18a	CONDITIONAL_JUMP
ram:0005b17c	ram:0005b18a	CONDITIONAL_JUMP
ram:0005b1a4	ram:20001dac	READ
ram:0005b1d8	ram:0005b228	CONDITIONAL_JUMP
ram:0005b200	ram:200001dc	COMPUTED_CALL
ram:0005b22a	ram:0005b21e	UNCONDITIONAL_JUMP
ram:0005b23e	ram:0005b280	CONDITIONAL_JUMP
ram:0005b256	ram:200001dc	COMPUTED_CALL
ram:0005b268	ram:200001dc	COMPUTED_CALL
ram:0005b282	ram:0005b276	UNCONDITIONAL_JUMP
ram:0005b28e	ram:0005b2d0	CONDITIONAL_JUMP
ram:0005b2ae	ram:200001dc	COMPUTED_CALL
ram:0005b2d8	ram:0005b320	CONDITIONAL_JUMP
ram:0005b2fc	ram:200001dc	COMPUTED_CALL
ram:0005b32e	ram:0005b370	CONDITIONAL_JUMP
ram:0005b34e	ram:200001dc	COMPUTED_CALL
ram:0005b37e	ram:0005b41a	CONDITIONAL_JUMP
ram:0005b3f8	ram:200001dc	COMPUTED_CALL
ram:0005b428	ram:0005b4b8	CONDITIONAL_JUMP
ram:0005b4a2	ram:200001dc	COMPUTED_CALL
ram:0005b4e0	ram:200001dc	COMPUTED_CALL
ram:0005b514	ram:0005b5d8	CONDITIONAL_JUMP
ram:0005b52a	ram:0005b5d8	CONDITIONAL_JUMP
ram:0005b52e	ram:0005b5d8	CONDITIONAL_JUMP
ram:0005b542	ram:0005b5d8	CONDITIONAL_JUMP
ram:0005b554	ram:0005b5d8	CONDITIONAL_JUMP
ram:0005b564	ram:0005b5d8	CONDITIONAL_JUMP
ram:0005b574	ram:0005b57c	CONDITIONAL_JUMP
ram:0005b578	ram:0005b5d8	CONDITIONAL_JUMP
ram:0005b582	ram:0005b59c	CONDITIONAL_JUMP
ram:0005b586	ram:0005b59c	CONDITIONAL_JUMP
ram:0005b58e	ram:0005b59c	CONDITIONAL_JUMP
ram:0005b5ce	ram:200001dc	COMPUTED_CALL
ram:0005b5fa	ram:0005b708	CONDITIONAL_JUMP
ram:0005b606	ram:00041eae	UNCONDITIONAL_CALL
ram:0005b610	ram:00041eae	UNCONDITIONAL_CALL
ram:0005b620	ram:200001dc	COMPUTED_CALL
ram:0005b668	ram:00041eae	UNCONDITIONAL_CALL
ram:0005b678	ram:200001dc	COMPUTED_CALL
ram:0005b6aa	ram:200001dc	COMPUTED_CALL
ram:0005b6d0	ram:200001dc	COMPUTED_CALL
ram:0005b6e0	ram:200001dc	COMPUTED_CALL
ram:0005b70a	ram:0005b6fa	UNCONDITIONAL_JUMP
ram:0005b748	ram:00062148	UNCONDITIONAL_CALL
ram:0005b77a	ram:0005b7e8	CONDITIONAL_JUMP
ram:0005b798	ram:0005b7e8	CONDITIONAL_JUMP
ram:0005b7b4	ram:0005b7e8	CONDITIONAL_JUMP
ram:0005b7d0	ram:0005b7e8	CONDITIONAL_JUMP
ram:0005b7e4	ram:00055b56	UNCONDITIONAL_CALL
ram:0005b7f6	ram:0005b8c0	CONDITIONAL_JUMP
ram:0005b802	ram:0005b8c0	CONDITIONAL_JUMP
ram:0005b868	ram:0005b87e	CONDITIONAL_JUMP
ram:0005b870	ram:0005b87e	CONDITIONAL_JUMP
ram:0005b88a	ram:0005b8b2	CONDITIONAL_JUMP
ram:0005b892	ram:0005b89c	CONDITIONAL_JUMP
ram:0005b8be	ram:0005b896	UNCONDITIONAL_JUMP
ram:0005b8c8	ram:0005b8e2	CONDITIONAL_JUMP
ram:0005b8ec	ram:0005b982	CONDITIONAL_JUMP
ram:0005b8f6	ram:0005b984	CONDITIONAL_JUMP
ram:0005b902	ram:0005b984	CONDITIONAL_JUMP
ram:0005b98a	ram:0005b9b0	CONDITIONAL_JUMP
ram:0005b992	ram:0005b9ac	CONDITIONAL_JUMP
ram:0005b99e	ram:0005b9ac	CONDITIONAL_JUMP
ram:0005b9b2	ram:0005b9ac	UNCONDITIONAL_JUMP
ram:0005b9be	ram:0005b9f6	CONDITIONAL_JUMP
ram:0005b9ca	ram:0005b9de	CONDITIONAL_JUMP
ram:0005b9e4	ram:0005b9f6	CONDITIONAL_JUMP
ram:0005b9f4	ram:0005b9da	UNCONDITIONAL_JUMP
ram:0005b9fe	ram:0005ba5a	CONDITIONAL_JUMP
ram:0005ba12	ram:0005ba36	CONDITIONAL_JUMP
ram:0005ba1e	ram:0005ba5a	CONDITIONAL_JUMP
ram:0005ba34	ram:0005ba82	UNCONDITIONAL_JUMP
ram:0005ba38	ram:0005ba5e	CONDITIONAL_JUMP
ram:0005ba4e	ram:0005ba5a	CONDITIONAL_JUMP
ram:0005ba60	ram:0005ba90	CONDITIONAL_JUMP
ram:0005ba6c	ram:0005ba5a	CONDITIONAL_JUMP
ram:0005ba8e	ram:0005ba5a	UNCONDITIONAL_JUMP
ram:0005ba92	ram:0005bab6	CONDITIONAL_JUMP
ram:0005ba9e	ram:0005ba5a	CONDITIONAL_JUMP
ram:0005bab4	ram:0005ba82	UNCONDITIONAL_JUMP
ram:0005bab8	ram:0005bad2	CONDITIONAL_JUMP
ram:0005bac4	ram:0005ba5a	CONDITIONAL_JUMP
ram:0005bad0	ram:0005ba2a	UNCONDITIONAL_JUMP
ram:0005bad4	ram:0005baf2	CONDITIONAL_JUMP
ram:0005bae0	ram:0005ba5a	CONDITIONAL_JUMP
ram:0005baf0	ram:0005ba2a	UNCONDITIONAL_JUMP
ram:0005baf4	ram:0005ba5a	CONDITIONAL_JUMP
ram:0005bafa	ram:0005bb12	CONDITIONAL_JUMP
ram:0005bb06	ram:0005ba5a	CONDITIONAL_JUMP
ram:0005bb10	ram:0005baee	UNCONDITIONAL_JUMP
ram:0005bb16	ram:0005ba5a	CONDITIONAL_JUMP
ram:0005bb22	ram:0005ba6c	UNCONDITIONAL_JUMP
ram:0005bb2a	ram:0005bb4c	CONDITIONAL_JUMP
ram:0005bb32	ram:0005bb48	CONDITIONAL_JUMP
ram:0005bb3a	ram:0005bb48	CONDITIONAL_JUMP
ram:0005bb4e	ram:0005bb48	UNCONDITIONAL_JUMP
ram:0005bb5a	ram:0005bbc0	CONDITIONAL_JUMP
ram:0005bb66	ram:0005bb90	CONDITIONAL_JUMP
ram:0005bb76	ram:0005bb84	CONDITIONAL_JUMP
ram:0005bb96	ram:0005bbc0	CONDITIONAL_JUMP
ram:0005bbb0	ram:0005bbc0	CONDITIONAL_JUMP
ram:0005bbc8	ram:0005bc64	CONDITIONAL_JUMP
ram:0005bc04	ram:0005bc4e	CONDITIONAL_JUMP
ram:0005bc0a	ram:0005bc20	CONDITIONAL_JUMP
ram:0005bc52	ram:0005bc32	CONDITIONAL_JUMP
ram:0005bc62	ram:0005bc32	UNCONDITIONAL_JUMP
ram:0005bc6e	ram:0005bc76	CONDITIONAL_JUMP
ram:0005bc8e	ram:0005bc9c	CONDITIONAL_JUMP
ram:0005bc9a	ram:0005bcc2	UNCONDITIONAL_JUMP
ram:0005bca0	ram:0005bcc6	CONDITIONAL_JUMP
ram:0005bcca	ram:0005bcd4	CONDITIONAL_JUMP
ram:0005bcd2	ram:0005bc96	UNCONDITIONAL_JUMP
ram:0005bcd8	ram:0005bcf0	CONDITIONAL_JUMP
ram:0005bcee	ram:0005bcb6	UNCONDITIONAL_JUMP
ram:0005bcf4	ram:0005bc72	CONDITIONAL_JUMP
ram:0005bcfa	ram:0005bd06	CONDITIONAL_JUMP
ram:0005bd02	ram:0005bd0c	CONDITIONAL_JUMP
ram:0005bd0a	ram:0005bc96	UNCONDITIONAL_JUMP
ram:0005bd10	ram:0005bc72	CONDITIONAL_JUMP
ram:0005bd18	ram:0005bc96	UNCONDITIONAL_JUMP
ram:0005bd24	ram:0005bd6c	CONDITIONAL_JUMP
ram:0005bd30	ram:0005bd6c	CONDITIONAL_JUMP
ram:0005bd36	ram:0005bd46	CONDITIONAL_JUMP
ram:0005bd4a	ram:0005bd5e	CONDITIONAL_JUMP
ram:0005bd6a	ram:0005bd42	UNCONDITIONAL_JUMP
ram:0005bd78	ram:0005bd9e	CONDITIONAL_JUMP
ram:0005bd86	ram:0005bd9e	CONDITIONAL_JUMP
ram:0005bda6	ram:0005bf40	CONDITIONAL_JUMP
ram:0005bdb0	ram:0005bdc4	CONDITIONAL_JUMP
ram:0005bdc0	ram:0005bdde	CONDITIONAL_JUMP
ram:0005bde6	ram:0005bf26	CONDITIONAL_JUMP
ram:0005bdee	ram:0005bdfa	CONDITIONAL_JUMP
ram:0005bdf8	ram:0005bdca	UNCONDITIONAL_JUMP
ram:0005be06	ram:20001d9a	READ
ram:0005be0a	ram:20001d9b	READ
ram:0005be28	ram:0005be30	CONDITIONAL_JUMP
ram:0005be3a	ram:0005be42	CONDITIONAL_JUMP
ram:0005be4a	ram:0005bf08	CONDITIONAL_JUMP
ram:0005be4c	ram:0005bee2	CONDITIONAL_JUMP
ram:0005be52	ram:0005be96	CONDITIONAL_JUMP
ram:0005be58	ram:0005be96	CONDITIONAL_JUMP
ram:0005be6c	ram:0005be74	CONDITIONAL_JUMP
ram:0005be7e	ram:0005be86	CONDITIONAL_JUMP
ram:0005be88	ram:0005bf18	CONDITIONAL_JUMP
ram:0005be94	ram:0005bdda	UNCONDITIONAL_JUMP
ram:0005be9a	ram:0005beaa	CONDITIONAL_JUMP
ram:0005bea0	ram:0005beaa	CONDITIONAL_JUMP
ram:0005bea8	ram:0005be5e	UNCONDITIONAL_JUMP
ram:0005beac	ram:0005beba	CONDITIONAL_JUMP
ram:0005beb2	ram:0005beba	CONDITIONAL_JUMP
ram:0005beb8	ram:0005be5e	UNCONDITIONAL_JUMP
ram:0005bebc	ram:0005bec4	CONDITIONAL_JUMP
ram:0005bec0	ram:0005bec4	CONDITIONAL_JUMP
ram:0005becc	ram:0005bed6	CONDITIONAL_JUMP
ram:0005bed4	ram:0005be62	UNCONDITIONAL_JUMP
ram:0005bed8	ram:0005bede	CONDITIONAL_JUMP
ram:0005bedc	ram:0005bed0	UNCONDITIONAL_JUMP
ram:0005bee0	ram:0005bed0	UNCONDITIONAL_JUMP
ram:0005bee8	ram:0005bef0	CONDITIONAL_JUMP
ram:0005beee	ram:0005be62	UNCONDITIONAL_JUMP
ram:0005bef4	ram:0005befe	CONDITIONAL_JUMP
ram:0005befc	ram:0005be62	UNCONDITIONAL_JUMP
ram:0005bf02	ram:0005bef8	CONDITIONAL_JUMP
ram:0005bf06	ram:0005bef8	UNCONDITIONAL_JUMP
ram:0005bf08	ram:0005be62	CONDITIONAL_JUMP
ram:0005bf10	ram:0005bec8	CONDITIONAL_JUMP
ram:0005bf16	ram:0005be62	UNCONDITIONAL_JUMP
ram:0005bf24	ram:0005bdda	UNCONDITIONAL_JUMP
ram:0005bf28	ram:0005bf36	CONDITIONAL_JUMP
ram:0005bf34	ram:0005be8c	UNCONDITIONAL_JUMP
ram:0005bf3e	ram:0005bdd6	UNCONDITIONAL_JUMP
ram:0005bf4e	ram:0005c096	CONDITIONAL_JUMP
ram:0005bf5c	ram:0005c096	CONDITIONAL_JUMP
ram:0005bf64	ram:0005c096	CONDITIONAL_JUMP
ram:0005bf7c	ram:0005bf9a	CONDITIONAL_JUMP
ram:0005bf7e	ram:0005bf8a	CONDITIONAL_JUMP
ram:0005bf86	ram:0005bf9a	CONDITIONAL_JUMP
ram:0005bfb4	ram:0005bfbc	CONDITIONAL_JUMP
ram:0005bfc6	ram:0005bfce	CONDITIONAL_JUMP
ram:0005bfd6	ram:0005c086	CONDITIONAL_JUMP
ram:0005bfd8	ram:0005c060	CONDITIONAL_JUMP
ram:0005bfde	ram:0005c014	CONDITIONAL_JUMP
ram:0005bfe4	ram:0005c014	CONDITIONAL_JUMP
ram:0005bff8	ram:0005c000	CONDITIONAL_JUMP
ram:0005c00a	ram:0005bf8e	CONDITIONAL_JUMP
ram:0005c012	ram:0005bf8e	UNCONDITIONAL_JUMP
ram:0005c018	ram:0005c028	CONDITIONAL_JUMP
ram:0005c01e	ram:0005c028	CONDITIONAL_JUMP
ram:0005c026	ram:0005bfea	UNCONDITIONAL_JUMP
ram:0005c02a	ram:0005c038	CONDITIONAL_JUMP
ram:0005c030	ram:0005c038	CONDITIONAL_JUMP
ram:0005c036	ram:0005bfea	UNCONDITIONAL_JUMP
ram:0005c03a	ram:0005c042	CONDITIONAL_JUMP
ram:0005c03e	ram:0005c042	CONDITIONAL_JUMP
ram:0005c04a	ram:0005c054	CONDITIONAL_JUMP
ram:0005c052	ram:0005bfee	UNCONDITIONAL_JUMP
ram:0005c056	ram:0005c05c	CONDITIONAL_JUMP
ram:0005c05a	ram:0005c04e	UNCONDITIONAL_JUMP
ram:0005c05e	ram:0005c04e	UNCONDITIONAL_JUMP
ram:0005c066	ram:0005c06e	CONDITIONAL_JUMP
ram:0005c06c	ram:0005bfee	UNCONDITIONAL_JUMP
ram:0005c072	ram:0005c07c	CONDITIONAL_JUMP
ram:0005c07a	ram:0005bfee	UNCONDITIONAL_JUMP
ram:0005c080	ram:0005c076	CONDITIONAL_JUMP
ram:0005c084	ram:0005c076	UNCONDITIONAL_JUMP
ram:0005c086	ram:0005bfee	CONDITIONAL_JUMP
ram:0005c08e	ram:0005c046	CONDITIONAL_JUMP
ram:0005c094	ram:0005bfee	UNCONDITIONAL_JUMP
ram:0005c0a2	ram:0005c120	CONDITIONAL_JUMP
ram:0005c0ae	ram:0005c120	CONDITIONAL_JUMP
ram:0005c0ba	ram:0005c0c6	CONDITIONAL_JUMP
ram:0005c0c2	ram:0005c120	CONDITIONAL_JUMP
ram:0005c0dc	ram:0005c0f8	CONDITIONAL_JUMP
ram:0005c0e4	ram:0005c0f8	CONDITIONAL_JUMP
ram:0005c0f6	ram:0005c102	CONDITIONAL_JUMP
ram:0005c11e	ram:0005c0fa	UNCONDITIONAL_JUMP
ram:0005c126	ram:0005c14a	CONDITIONAL_JUMP
ram:0005c130	ram:0005c146	CONDITIONAL_JUMP
ram:0005c138	ram:0005c146	CONDITIONAL_JUMP
ram:0005c14c	ram:0005c146	UNCONDITIONAL_JUMP
ram:0005c154	ram:0005c1b4	CONDITIONAL_JUMP
ram:0005c168	ram:20001daa	READ
ram:0005c174	ram:20001da9	READ
ram:0005c178	ram:0005c18c	CONDITIONAL_JUMP
ram:0005c182	ram:0005c18c	CONDITIONAL_JUMP
ram:0005c18a	ram:0005c1b8	CONDITIONAL_JUMP
ram:0005c19e	ram:0005c1a4	CONDITIONAL_JUMP
ram:0005c1c6	ram:0005c1d6	CONDITIONAL_JUMP
ram:0005c1e2	ram:0005c1d2	UNCONDITIONAL_JUMP
ram:0005c1ea	ram:0005c21e	CONDITIONAL_JUMP
ram:0005c200	ram:0005c210	CONDITIONAL_JUMP
ram:0005c21c	ram:0005c20c	UNCONDITIONAL_JUMP
ram:0005c22c	ram:0005c26a	CONDITIONAL_JUMP
ram:0005c23a	ram:0005c26a	CONDITIONAL_JUMP
ram:0005c276	ram:0005c344	CONDITIONAL_JUMP
ram:0005c284	ram:0005c344	CONDITIONAL_JUMP
ram:0005c2b4	ram:0005c32c	CONDITIONAL_JUMP
ram:0005c2d6	ram:0005c2f6	CONDITIONAL_JUMP
ram:0005c2dc	ram:0005c2e8	CONDITIONAL_JUMP
ram:0005c2fa	ram:20001d63	READ
ram:0005c32e	ram:0005c2ce	CONDITIONAL_JUMP
ram:0005c330	ram:0005c2ce	CONDITIONAL_JUMP
ram:0005c342	ram:0005c2ce	UNCONDITIONAL_JUMP
ram:0005c350	ram:0005c3f0	CONDITIONAL_JUMP
ram:0005c362	ram:0005c3f0	CONDITIONAL_JUMP
ram:0005c368	ram:20001d9d	READ
ram:0005c36e	ram:0005c3f0	CONDITIONAL_JUMP
ram:0005c392	ram:0005c3ce	CONDITIONAL_JUMP
ram:0005c3a8	ram:0005c3d6	CONDITIONAL_JUMP
ram:0005c3d0	ram:0005c384	CONDITIONAL_JUMP
ram:0005c3d4	ram:0005c398	UNCONDITIONAL_JUMP
ram:0005c3d8	ram:0005c3c2	CONDITIONAL_JUMP
ram:0005c3da	ram:0005c3c2	CONDITIONAL_JUMP
ram:0005c3ee	ram:0005c3c2	UNCONDITIONAL_JUMP
ram:0005c3fc	ram:0005c49e	CONDITIONAL_JUMP
ram:0005c406	ram:0005c49e	CONDITIONAL_JUMP
ram:0005c412	ram:0005c43e	CONDITIONAL_JUMP
ram:0005c426	ram:0005c43e	CONDITIONAL_JUMP
ram:0005c436	ram:0005c43e	CONDITIONAL_JUMP
ram:0005c43a	ram:0005c458	CONDITIONAL_JUMP
ram:0005c462	ram:0005c49e	CONDITIONAL_JUMP
ram:0005c468	ram:0005c496	CONDITIONAL_JUMP
ram:0005c4a4	ram:0005c56e	CONDITIONAL_JUMP
ram:0005c4f8	ram:0005c524	CONDITIONAL_JUMP
ram:0005c504	ram:0005c524	CONDITIONAL_JUMP
ram:0005c510	ram:0005c516	CONDITIONAL_JUMP
ram:0005c52a	ram:0005c556	CONDITIONAL_JUMP
ram:0005c536	ram:0005c556	CONDITIONAL_JUMP
ram:0005c542	ram:0005c548	CONDITIONAL_JUMP
ram:0005c576	ram:0005c630	CONDITIONAL_JUMP
ram:0005c5ca	ram:0005c5ea	CONDITIONAL_JUMP
ram:0005c5d6	ram:0005c5dc	CONDITIONAL_JUMP
ram:0005c5f0	ram:0005c610	CONDITIONAL_JUMP
ram:0005c5fc	ram:0005c602	CONDITIONAL_JUMP
ram:0005c618	ram:0005c626	CONDITIONAL_JUMP
ram:0005c63a	ram:0005c66a	CONDITIONAL_JUMP
ram:0005c65e	ram:200001dc	COMPUTED_CALL
ram:0005c672	ram:0005c75c	CONDITIONAL_JUMP
ram:0005c684	ram:0005c754	CONDITIONAL_JUMP
ram:0005c690	ram:0005c754	CONDITIONAL_JUMP
ram:0005c6b2	ram:0005c74a	CONDITIONAL_JUMP
ram:0005c6c6	ram:0005c74a	CONDITIONAL_JUMP
ram:0005c6ca	ram:0005c74a	CONDITIONAL_JUMP
ram:0005c6de	ram:0005c74a	CONDITIONAL_JUMP
ram:0005c6f0	ram:0005c74a	CONDITIONAL_JUMP
ram:0005c700	ram:0005c74a	CONDITIONAL_JUMP
ram:0005c70e	ram:0005c716	CONDITIONAL_JUMP
ram:0005c712	ram:0005c74a	CONDITIONAL_JUMP
ram:0005c746	ram:200001dc	COMPUTED_CALL
ram:0005c770	ram:0005c7c0	CONDITIONAL_JUMP
ram:0005c77e	ram:0005c7c0	CONDITIONAL_JUMP
ram:0005c784	ram:0005c7e6	CONDITIONAL_JUMP
ram:0005c788	ram:0005b4ec	UNCONDITIONAL_CALL
ram:0005c794	ram:0005c7a2	CONDITIONAL_JUMP
ram:0005c7a0	ram:0005c7be	UNCONDITIONAL_JUMP
ram:0005c7a6	ram:0005c7cc	CONDITIONAL_JUMP
ram:0005c7e4	ram:0005c7be	UNCONDITIONAL_JUMP
ram:0005c7ec	ram:0005c806	CONDITIONAL_JUMP
ram:0005c804	ram:0005c7be	UNCONDITIONAL_JUMP
ram:0005c80a	ram:0005c818	CONDITIONAL_JUMP
ram:0005c80e	ram:0005b4ec	UNCONDITIONAL_CALL
ram:0005c816	ram:0005c798	UNCONDITIONAL_JUMP
ram:0005c81c	ram:0005c83c	CONDITIONAL_JUMP
ram:0005c820	ram:0005b4ec	UNCONDITIONAL_CALL
ram:0005c82a	ram:0005c7c0	CONDITIONAL_JUMP
ram:0005c83a	ram:0005c7c0	UNCONDITIONAL_JUMP
ram:0005c840	ram:0005c7c0	CONDITIONAL_JUMP
ram:0005c84a	ram:0005c7f4	UNCONDITIONAL_JUMP
ram:0005c85a	ram:0005c8c2	CONDITIONAL_JUMP
ram:0005c864	ram:0005c8c2	CONDITIONAL_JUMP
ram:0005c86e	ram:0005c8c2	CONDITIONAL_JUMP
ram:0005c882	ram:200001dc	COMPUTED_CALL
ram:0005c8b4	ram:0005c8ce	CONDITIONAL_JUMP
ram:0005c8da	ram:0005c8c0	UNCONDITIONAL_JUMP
ram:0005c8ec	ram:0005c960	CONDITIONAL_JUMP
ram:0005c8fa	ram:0005c960	CONDITIONAL_JUMP
ram:0005c910	ram:200001dc	COMPUTED_CALL
ram:0005c972	ram:0005c9f0	CONDITIONAL_JUMP
ram:0005c986	ram:0005c9da	CONDITIONAL_JUMP
ram:0005c98e	ram:0005c9e2	CONDITIONAL_JUMP
ram:0005c9a2	ram:200001dc	COMPUTED_CALL
ram:0005c9ee	ram:0005c9d8	UNCONDITIONAL_JUMP
ram:0005c9fa	ram:0005ca52	CONDITIONAL_JUMP
ram:0005ca10	ram:0005ca48	CONDITIONAL_JUMP
ram:0005ca26	ram:200001dc	COMPUTED_CALL
ram:0005ca5c	ram:0005cbbc	CONDITIONAL_JUMP
ram:0005ca66	ram:0005cbbe	CONDITIONAL_JUMP
ram:0005ca86	ram:200001dc	COMPUTED_CALL
ram:0005caa0	ram:00041eae	UNCONDITIONAL_CALL
ram:0005caa6	ram:00041eae	UNCONDITIONAL_CALL
ram:0005cab8	ram:200001dc	COMPUTED_CALL
ram:0005cb62	ram:200001dc	COMPUTED_CALL
ram:0005cbc8	ram:0005cd02	CONDITIONAL_JUMP
ram:0005cbdc	ram:0005cbec	CONDITIONAL_JUMP
ram:0005cbe4	ram:0005cbec	CONDITIONAL_JUMP
ram:0005cbea	ram:0005cc0e	CONDITIONAL_JUMP
ram:0005cc1a	ram:0005cc2c	CONDITIONAL_JUMP
ram:0005cc24	ram:0005cbf2	UNCONDITIONAL_JUMP
ram:0005cc28	ram:0005cc40	CONDITIONAL_JUMP
ram:0005cc3a	ram:0005cc26	CONDITIONAL_JUMP
ram:0005cc46	ram:0005ccb0	CONDITIONAL_JUMP
ram:0005cc58	ram:0005cc6c	CONDITIONAL_JUMP
ram:0005cc60	ram:0005cc74	CONDITIONAL_JUMP
ram:0005cc6a	ram:0005cc74	UNCONDITIONAL_JUMP
ram:0005cc70	ram:0005cc64	CONDITIONAL_JUMP
ram:0005cc7e	ram:00061dd4	UNCONDITIONAL_CALL
ram:0005cc86	ram:00061d68	UNCONDITIONAL_CALL
ram:0005cc9a	ram:00061dd4	UNCONDITIONAL_CALL
ram:0005ccba	ram:0005ccc4	CONDITIONAL_JUMP
ram:0005ccd6	ram:0005cce4	CONDITIONAL_JUMP
ram:0005cce2	ram:0005cc02	UNCONDITIONAL_JUMP
ram:0005cce8	ram:0005ccf4	CONDITIONAL_JUMP
ram:0005ccf2	ram:0005ccda	UNCONDITIONAL_JUMP
ram:0005cd00	ram:0005cc02	UNCONDITIONAL_JUMP
ram:0005cd0c	ram:0005cd68	CONDITIONAL_JUMP
ram:0005cd22	ram:0005cd50	CONDITIONAL_JUMP
ram:0005cd26	ram:0005b75e	UNCONDITIONAL_CALL
ram:0005cd2a	ram:0005cd5a	CONDITIONAL_JUMP
ram:0005cd66	ram:0005cd3c	UNCONDITIONAL_JUMP
ram:0005cd74	ram:0005cd86	CONDITIONAL_JUMP
ram:0005cd96	ram:0005cd7c	CONDITIONAL_JUMP
ram:0005cd98	ram:0005b75e	UNCONDITIONAL_CALL
ram:0005cd9e	ram:0005cd7c	CONDITIONAL_JUMP
ram:0005cda6	ram:0005cdb6	CONDITIONAL_JUMP
ram:0005cdb4	ram:0005cd7e	UNCONDITIONAL_JUMP
ram:0005cdc2	ram:0005cdb2	UNCONDITIONAL_JUMP
ram:0005ce08	ram:00057ba2	UNCONDITIONAL_CALL
ram:0005ce18	ram:0005ce04	UNCONDITIONAL_CALL
ram:0005ce20	ram:00057ba2	UNCONDITIONAL_CALL
ram:0005ce24	ram:0005ce46	CONDITIONAL_JUMP
ram:0005ce3a	ram:000682a2	UNCONDITIONAL_CALL
ram:0005ce48	ram:0005ce40	UNCONDITIONAL_JUMP
ram:0005ce50	ram:00057ba2	UNCONDITIONAL_CALL
ram:0005ce54	ram:0005ceda	CONDITIONAL_JUMP
ram:0005ce66	ram:0005ceb2	CONDITIONAL_JUMP
ram:0005ce6a	ram:20001dc0	READ
ram:0005ce6e	ram:0005ceaa	CONDITIONAL_JUMP
ram:0005ce90	Stack[-0x20]	DATA
ram:0005ce94	ram:00068284	UNCONDITIONAL_CALL
ram:0005ceb2	ram:20001de8	READ
ram:0005ceb8	ram:0005ceaa	CONDITIONAL_JUMP
ram:0005ced6	Stack[-0x20]	DATA
ram:0005ced8	ram:0005ce94	UNCONDITIONAL_JUMP
ram:0005cedc	ram:0005ceaa	UNCONDITIONAL_JUMP
ram:0005cee6	ram:00057ba2	UNCONDITIONAL_CALL
ram:0005ceea	ram:0005cf64	CONDITIONAL_JUMP
ram:0005cf08	ram:0005cf4a	CONDITIONAL_JUMP
ram:0005cf1e	ram:0005cf38	CONDITIONAL_JUMP
ram:0005cf2a	ram:00068304	UNCONDITIONAL_CALL
ram:0005cf3c	ram:0005cf44	CONDITIONAL_JUMP
ram:0005cf42	ram:0005cf24	UNCONDITIONAL_JUMP
ram:0005cf48	ram:0005cf28	UNCONDITIONAL_JUMP
ram:0005cf62	ram:0005cf28	UNCONDITIONAL_JUMP
ram:0005cf66	ram:0005cf30	UNCONDITIONAL_JUMP
ram:0005cf70	ram:00057ba2	UNCONDITIONAL_CALL
ram:0005cf74	ram:0005cfce	CONDITIONAL_JUMP
ram:0005cf88	ram:0005cfc6	CONDITIONAL_JUMP
ram:0005cf9e	ram:0005cfa6	CONDITIONAL_JUMP
ram:0005cfa4	ram:0005cfb2	UNCONDITIONAL_JUMP
ram:0005cfaa	ram:0005cfc2	CONDITIONAL_JUMP
ram:0005cfb4	ram:00068302	UNCONDITIONAL_CALL
ram:0005cfc4	ram:0005cfae	UNCONDITIONAL_JUMP
ram:0005cfcc	ram:0005cfa0	UNCONDITIONAL_JUMP
ram:0005cfd0	ram:0005cfba	UNCONDITIONAL_JUMP
ram:0005cfd6	ram:00057ba2	UNCONDITIONAL_CALL
ram:0005cfda	ram:0005cff0	CONDITIONAL_JUMP
ram:0005cfe4	ram:000682fe	UNCONDITIONAL_CALL
ram:0005cff2	ram:0005cfea	UNCONDITIONAL_JUMP
ram:0005d002	ram:00054de4	UNCONDITIONAL_CALL
ram:0005d006	ram:0005d028	CONDITIONAL_JUMP
ram:0005d016	ram:000682f6	UNCONDITIONAL_CALL
ram:0005d02a	ram:0005d020	UNCONDITIONAL_JUMP
ram:0005d030	ram:000682f2	UNCONDITIONAL_CALL
ram:0005d03e	ram:20002000	PARAM
ram:0005d044	ram:20001dd8	READ
ram:0005d04c	ram:0005d060	CONDITIONAL_JUMP
ram:0005d052	ram:000682ee	UNCONDITIONAL_CALL
ram:0005d06c	ram:20001dd8	READ
ram:0005d070	ram:0005d086	CONDITIONAL_JUMP
ram:0005d07a	ram:000682e6	UNCONDITIONAL_CALL
ram:0005d090	ram:00057ba2	UNCONDITIONAL_CALL
ram:0005d094	ram:0005d0c6	CONDITIONAL_JUMP
ram:0005d0b4	ram:000682c4	UNCONDITIONAL_CALL
ram:0005d0c8	ram:0005d0be	UNCONDITIONAL_JUMP
ram:0005d0d4	ram:00057ba2	UNCONDITIONAL_CALL
ram:0005d0d8	ram:0005d24c	CONDITIONAL_JUMP
ram:0005d0ec	ram:0005d1ae	CONDITIONAL_JUMP
ram:0005d0f0	ram:20001dc0	READ
ram:0005d0f4	ram:0005d182	CONDITIONAL_JUMP
ram:0005d0fe	ram:0005d18e	CONDITIONAL_JUMP
ram:0005d106	ram:0005d18e	CONDITIONAL_JUMP
ram:0005d110	ram:200001dc	COMPUTED_CALL
ram:0005d120	ram:0005d19c	CONDITIONAL_JUMP
ram:0005d12a	ram:200001dc	COMPUTED_CALL
ram:0005d13a	ram:200001dc	COMPUTED_CALL
ram:0005d168	Stack[-0x40]	DATA
ram:0005d16c	ram:000682aa	UNCONDITIONAL_CALL
ram:0005d196	ram:20000214	COMPUTED_CALL
ram:0005d19a	ram:0005d114	UNCONDITIONAL_JUMP
ram:0005d1a4	ram:20000214	COMPUTED_CALL
ram:0005d1ac	ram:0005d134	UNCONDITIONAL_JUMP
ram:0005d1ae	ram:20001de8	READ
ram:0005d1b4	ram:0005d182	CONDITIONAL_JUMP
ram:0005d1be	ram:0005d222	CONDITIONAL_JUMP
ram:0005d1ca	ram:200001dc	COMPUTED_CALL
ram:0005d1da	ram:0005d230	CONDITIONAL_JUMP
ram:0005d1e4	ram:200001dc	COMPUTED_CALL
ram:0005d1f6	ram:200001dc	COMPUTED_CALL
ram:0005d220	ram:0005d158	UNCONDITIONAL_JUMP
ram:0005d22a	ram:20000214	COMPUTED_CALL
ram:0005d22e	ram:0005d1ce	UNCONDITIONAL_JUMP
ram:0005d238	ram:20000214	COMPUTED_CALL
ram:0005d246	ram:200001dc	COMPUTED_CALL
ram:0005d24a	ram:0005d20a	UNCONDITIONAL_JUMP
ram:0005d24e	ram:0005d182	UNCONDITIONAL_JUMP
ram:0005d254	ram:00057ba2	UNCONDITIONAL_CALL
ram:0005d258	ram:0005d27a	CONDITIONAL_JUMP
ram:0005d26e	ram:000682a6	UNCONDITIONAL_CALL
ram:0005d27c	ram:0005d274	UNCONDITIONAL_JUMP
ram:0005d284	ram:00057ba2	UNCONDITIONAL_CALL
ram:0005d288	ram:0005d2ba	CONDITIONAL_JUMP
ram:0005d2a0	ram:0006829e	UNCONDITIONAL_CALL
ram:0005d2bc	ram:0005d2b2	UNCONDITIONAL_JUMP
ram:0005d2c2	ram:00057ba2	UNCONDITIONAL_CALL
ram:0005d2c6	ram:0005d2e8	CONDITIONAL_JUMP
ram:0005d2dc	ram:0006829a	UNCONDITIONAL_CALL
ram:0005d2ea	ram:0005d2e2	UNCONDITIONAL_JUMP
ram:0005d2f2	ram:00057ba2	UNCONDITIONAL_CALL
ram:0005d2f6	ram:0005d318	CONDITIONAL_JUMP
ram:0005d306	ram:00068296	UNCONDITIONAL_CALL
ram:0005d31a	ram:0005d310	UNCONDITIONAL_JUMP
ram:0005d322	ram:00057ba2	UNCONDITIONAL_CALL
ram:0005d326	ram:0005d350	CONDITIONAL_JUMP
ram:0005d33e	ram:00068292	UNCONDITIONAL_CALL
ram:0005d352	ram:0005d348	UNCONDITIONAL_JUMP
ram:0005d35c	ram:00054de4	UNCONDITIONAL_CALL
ram:0005d360	ram:0005d3b2	CONDITIONAL_JUMP
ram:0005d366	ram:20001e30	READ
ram:0005d36e	ram:0005d394	CONDITIONAL_JUMP
ram:0005d374	Stack[-0x20]	DATA
ram:0005d388	ram:000682aa	UNCONDITIONAL_CALL
ram:0005d39c	Stack[-0x20]	DATA
ram:0005d3ac	ram:00068284	UNCONDITIONAL_CALL
ram:0005d3b0	ram:0005d38c	UNCONDITIONAL_JUMP
ram:0005d3b4	ram:0005d38e	UNCONDITIONAL_JUMP
ram:0005d3be	ram:20001de8	READ
ram:0005d3c4	ram:0005d416	CONDITIONAL_JUMP
ram:0005d3c6	ram:20001e30	READ
ram:0005d3d2	ram:0005d3f4	CONDITIONAL_JUMP
ram:0005d3e8	ram:000682aa	UNCONDITIONAL_CALL
ram:0005d410	ram:00068284	UNCONDITIONAL_CALL
ram:0005d414	ram:0005d3ec	UNCONDITIONAL_JUMP
ram:0005d468	ram:0005d494	CONDITIONAL_JUMP
ram:0005d476	ram:0005d4e0	CONDITIONAL_JUMP
ram:0005d488	ram:0006c1e0	DATA
ram:0005d492	ram:0005d4e0	UNCONDITIONAL_JUMP
ram:0005d49a	ram:0005d4e0	CONDITIONAL_JUMP
ram:0005d4a4	ram:0005d596	CONDITIONAL_JUMP
ram:0005d4a8	ram:0005d4ce	CONDITIONAL_JUMP
ram:0005d4ae	ram:0005d54a	CONDITIONAL_JUMP
ram:0005d4b4	ram:0005d570	CONDITIONAL_JUMP
ram:0005d4ba	ram:0005d4e0	CONDITIONAL_JUMP
ram:0005d4c2	ram:00057ba2	UNCONDITIONAL_CALL
ram:0005d4c8	ram:0005d4fe	CONDITIONAL_JUMP
ram:0005d4cc	ram:0005d4e0	UNCONDITIONAL_JUMP
ram:0005d4d2	ram:0005d5d0	CONDITIONAL_JUMP
ram:0005d4d6	ram:0005d4ec	CONDITIONAL_JUMP
ram:0005d4dc	ram:0005d5ba	CONDITIONAL_JUMP
ram:0005d4f0	ram:0005d5ec	CONDITIONAL_JUMP
ram:0005d4fc	ram:0005d4e0	UNCONDITIONAL_JUMP
ram:0005d502	ram:0005d52e	CONDITIONAL_JUMP
ram:0005d518	ram:0005d546	CONDITIONAL_JUMP
ram:0005d51e	ram:0005d52e	CONDITIONAL_JUMP
ram:0005d526	ram:00068272	UNCONDITIONAL_CALL
ram:0005d53a	ram:0006825e	UNCONDITIONAL_CALL
ram:0005d540	ram:00057aca	UNCONDITIONAL_CALL
ram:0005d544	ram:0005d490	UNCONDITIONAL_JUMP
ram:0005d548	ram:0005d50e	UNCONDITIONAL_JUMP
ram:0005d54e	ram:00057ba2	UNCONDITIONAL_CALL
ram:0005d554	ram:0005d4ca	CONDITIONAL_JUMP
ram:0005d566	ram:00068262	UNCONDITIONAL_CALL
ram:0005d56e	ram:0005d490	UNCONDITIONAL_JUMP
ram:0005d574	ram:00057ba2	UNCONDITIONAL_CALL
ram:0005d57a	ram:0005d4ca	CONDITIONAL_JUMP
ram:0005d590	ram:00068266	UNCONDITIONAL_CALL
ram:0005d594	ram:0005d56a	UNCONDITIONAL_JUMP
ram:0005d59a	ram:00057ba2	UNCONDITIONAL_CALL
ram:0005d5a0	ram:0005d4ca	CONDITIONAL_JUMP
ram:0005d5a8	ram:0005d4e0	CONDITIONAL_JUMP
ram:0005d5b0	ram:00068272	UNCONDITIONAL_CALL
ram:0005d5b8	ram:0005d4e0	UNCONDITIONAL_JUMP
ram:0005d5be	ram:00057ba2	UNCONDITIONAL_CALL
ram:0005d5c2	ram:0005d4ca	CONDITIONAL_JUMP
ram:0005d5ca	ram:00068276	UNCONDITIONAL_CALL
ram:0005d5ce	ram:0005d490	UNCONDITIONAL_JUMP
ram:0005d5d4	ram:00057ba2	UNCONDITIONAL_CALL
ram:0005d5da	ram:0005d4ca	CONDITIONAL_JUMP
ram:0005d5e6	ram:0006827a	UNCONDITIONAL_CALL
ram:0005d5ea	ram:0005d56a	UNCONDITIONAL_JUMP
ram:0005d5f0	ram:0006827e	UNCONDITIONAL_CALL
ram:0005d5f4	ram:0005d490	UNCONDITIONAL_JUMP
ram:0005d604	ram:00041c74	UNCONDITIONAL_CALL
ram:0005d608	ram:0005d62e	CONDITIONAL_JUMP
ram:0005d61c	ram:20002000	PARAM
ram:0005d624	ram:20001b67	READ
ram:0005d62a	ram:00041d24	UNCONDITIONAL_CALL
ram:0005d63e	ram:00057ba2	UNCONDITIONAL_CALL
ram:0005d642	ram:0005d6c2	CONDITIONAL_JUMP
ram:0005d64e	ram:0005d6ae	CONDITIONAL_JUMP
ram:0005d656	ram:0005d66c	CONDITIONAL_JUMP
ram:0005d662	ram:0005d5f6	UNCONDITIONAL_CALL
ram:0005d666	ram:0005d6b4	CONDITIONAL_JUMP
ram:0005d66a	ram:0005d6ba	UNCONDITIONAL_JUMP
ram:0005d67c	ram:00068280	UNCONDITIONAL_CALL
ram:0005d680	ram:0005d6a8	CONDITIONAL_JUMP
ram:0005d6a0	ram:0005d6a8	CONDITIONAL_JUMP
ram:0005d6ac	ram:0005d658	CONDITIONAL_JUMP
ram:0005d6b2	ram:0005d668	UNCONDITIONAL_JUMP
ram:0005d6c4	ram:0005d6ba	UNCONDITIONAL_JUMP
ram:0005d6e0	Stack[-0x30]	DATA
ram:0005d6fc	ram:00061b44	UNCONDITIONAL_CALL
ram:0005d70a	ram:0005d72a	CONDITIONAL_JUMP
ram:0005d718	ram:0005d72a	CONDITIONAL_JUMP
ram:0005d736	ram:20001e1c	READ
ram:0005d73a	ram:0005d73e	CONDITIONAL_JUMP
ram:0005d73e	ram:0005d746	CONDITIONAL_JUMP
ram:0005d744	ram:0005d73a	UNCONDITIONAL_JUMP
ram:0005d752	ram:0005d75e	CONDITIONAL_JUMP
ram:0005d75a	ram:000529ae	UNCONDITIONAL_CALL
ram:0005d762	ram:0005d776	CONDITIONAL_JUMP
ram:0005d772	ram:000529ae	UNCONDITIONAL_CALL
ram:0005d788	ram:0005d790	PARAM
ram:0005d78c	ram:00042362	UNCONDITIONAL_CALL
ram:0005d798	ram:20001e1c	READ
ram:0005d7a8	ram:0005d7b4	CONDITIONAL_JUMP
ram:0005d7b4	ram:0005d7bc	CONDITIONAL_JUMP
ram:0005d7ba	ram:0005d7a8	UNCONDITIONAL_JUMP
ram:0005d7c2	ram:0005d7ce	CONDITIONAL_JUMP
ram:0005d7ca	ram:000529ae	UNCONDITIONAL_CALL
ram:0005d7d2	ram:0005d7e0	CONDITIONAL_JUMP
ram:0005d7dc	ram:000529ae	UNCONDITIONAL_CALL
ram:0005d7e4	ram:20001d94	READ
ram:0005d7ec	ram:0005d77e	UNCONDITIONAL_CALL
ram:0005d7f8	ram:20001d60	PARAM
ram:0005d7fe	ram:20001e1c	READ
ram:0005d81a	ram:0005d90a	CONDITIONAL_JUMP
ram:0005d828	ram:20000040	COMPUTED_CALL
ram:0005d830	ram:0005d8f8	CONDITIONAL_JUMP
ram:0005d848	ram:200001dc	COMPUTED_CALL
ram:0005d85a	ram:200002b4	COMPUTED_CALL
ram:0005d85e	ram:0005d934	CONDITIONAL_JUMP
ram:0005d86e	ram:20000298	COMPUTED_CALL
ram:0005d88a	ram:000529ae	UNCONDITIONAL_CALL
ram:0005d89c	ram:200002b4	COMPUTED_CALL
ram:0005d8a0	ram:0005d93a	CONDITIONAL_JUMP
ram:0005d8b2	ram:20000298	COMPUTED_CALL
ram:0005d8ce	ram:000529ae	UNCONDITIONAL_CALL
ram:0005d8d6	ram:20001d94	READ
ram:0005d8dc	ram:0005d77e	UNCONDITIONAL_CALL
ram:0005d8e0	ram:0005d940	CONDITIONAL_JUMP
ram:0005d8e4	ram:20001e1c	WRITE
ram:0005d8ec	ram:20001e18	READ
ram:0005d8f4	ram:20001e18	WRITE
ram:0005d912	ram:0005d91c	CONDITIONAL_JUMP
ram:0005d91a	ram:0005d81a	UNCONDITIONAL_JUMP
ram:0005d928	ram:2000026a	COMPUTED_CALL
ram:0005d92c	ram:0005d916	CONDITIONAL_JUMP
ram:0005d932	ram:0005d8f8	UNCONDITIONAL_JUMP
ram:0005d938	ram:0005d88e	UNCONDITIONAL_JUMP
ram:0005d93e	ram:0005d8d2	UNCONDITIONAL_JUMP
ram:0005d944	ram:0005d8e8	UNCONDITIONAL_JUMP
ram:0005d94e	ram:20001d60	PARAM
ram:0005d954	ram:20001e1c	READ
ram:0005d964	ram:0005d97c	CONDITIONAL_JUMP
ram:0005d96a	ram:20001e1c	WRITE
ram:0005d96e	ram:20001e18	WRITE
ram:0005d980	ram:00042494	UNCONDITIONAL_CALL
ram:0005d992	ram:20000104	COMPUTED_CALL
ram:0005d998	ram:0005d964	UNCONDITIONAL_JUMP
ram:0005d99e	ram:20001d60	PARAM
ram:0005d9a2	ram:20001e18	WRITE
ram:0005d9a6	ram:20001e1c	WRITE
ram:0005d9aa	ram:00052a4a	UNCONDITIONAL_CALL
ram:0005d9be	ram:0005d9cc	CONDITIONAL_JUMP
ram:0005d9c2	ram:00042494	UNCONDITIONAL_CALL
ram:0005d9da	ram:0005d5f6	UNCONDITIONAL_CALL
ram:0005d9fa	ram:20001dd8	READ
ram:0005da0c	ram:0005da6a	CONDITIONAL_JUMP
ram:0005da0e	ram:20001d62	READ
ram:0005da14	ram:0005da5c	CONDITIONAL_JUMP
ram:0005da1c	ram:20001e3e	PARAM
ram:0005da28	ram:200001dc	COMPUTED_CALL
ram:0005da44	ram:0005dadc	CONDITIONAL_JUMP
ram:0005da46	ram:00041b28	UNCONDITIONAL_CALL
ram:0005da4a	ram:20001db4	READ
ram:0005da50	ram:0005da7a	CONDITIONAL_JUMP
ram:0005da56	ram:0005da76	CONDITIONAL_JUMP
ram:0005da70	ram:20001e38	PARAM
ram:0005da74	ram:0005da20	UNCONDITIONAL_JUMP
ram:0005da7a	ram:20001e04	READ
ram:0005da7e	ram:0005da9a	CONDITIONAL_JUMP
ram:0005da88	ram:20001bcc	READ
ram:0005da8c	ram:20001bcb	READ
ram:0005da94	ram:0005da5a	CONDITIONAL_JUMP
ram:0005da9a	ram:00041bc6	UNCONDITIONAL_CALL
ram:0005daa2	ram:0005db32	CONDITIONAL_JUMP
ram:0005dab0	ram:0005da5a	CONDITIONAL_JUMP
ram:0005dac4	ram:20000040	COMPUTED_CALL
ram:0005dad6	ram:0005db3a	CONDITIONAL_JUMP
ram:0005dae8	ram:20001b67	READ
ram:0005daf2	ram:0005db52	CONDITIONAL_JUMP
ram:0005db02	ram:000423f6	UNCONDITIONAL_CALL
ram:0005db06	ram:20001b67	READ
ram:0005db0c	ram:00042138	UNCONDITIONAL_CALL
ram:0005db14	ram:0005db2a	CONDITIONAL_JUMP
ram:0005db22	ram:0006049c	PARAM
ram:0005db26	ram:00042362	UNCONDITIONAL_CALL
ram:0005db2a	ram:20001d60	WRITE
ram:0005db30	ram:0005da5c	UNCONDITIONAL_JUMP
ram:0005db38	ram:0005dab2	UNCONDITIONAL_JUMP
ram:0005db3a	ram:0005db4c	CONDITIONAL_JUMP
ram:0005db4a	ram:0005dad6	UNCONDITIONAL_JUMP
ram:0005db50	ram:0005db44	UNCONDITIONAL_JUMP
ram:0005db54	ram:0005db5e	CONDITIONAL_JUMP
ram:0005db5c	ram:0005db00	UNCONDITIONAL_JUMP
ram:0005db62	ram:0005db00	UNCONDITIONAL_JUMP
ram:0005db76	ram:20000040	COMPUTED_CALL
ram:0005db7c	ram:0005dbde	CONDITIONAL_JUMP
ram:0005db88	ram:20000214	COMPUTED_CALL
ram:0005db90	ram:20001dd8	WRITE
ram:0005dba4	ram:20001ea8	READ
ram:0005dba6	ram:20001eac	READ
ram:0005dbbe	ram:0005d9ec	DATA
ram:0005dbc8	ram:0006013c	DATA
ram:0005dbce	ram:0005ffe6	PARAM
ram:0005dbd2	ram:0005ffe6	DATA
ram:0005dbd6	ram:00060198	PARAM
ram:0005dbda	ram:00042570	UNCONDITIONAL_CALL
ram:0005dbf6	ram:0005dc60	CONDITIONAL_JUMP
ram:0005dc06	ram:2000026a	COMPUTED_CALL
ram:0005dc0c	ram:0005dc60	CONDITIONAL_JUMP
ram:0005dc14	ram:0005dc74	CONDITIONAL_JUMP
ram:0005dc1a	ram:20001d61	READ
ram:0005dc1e	ram:0005dc56	CONDITIONAL_JUMP
ram:0005dc24	ram:0005dc56	CONDITIONAL_JUMP
ram:0005dc32	ram:0005dc56	CONDITIONAL_JUMP
ram:0005dc3e	ram:20000c8e	COMPUTED_CALL
ram:0005dc44	ram:0005dc56	CONDITIONAL_JUMP
ram:0005dc54	ram:0005dca6	UNCONDITIONAL_JUMP
ram:0005dc5c	ram:0005dc68	CONDITIONAL_JUMP
ram:0005dc64	ram:0005dcac	CONDITIONAL_JUMP
ram:0005dc78	ram:0005dc68	CONDITIONAL_JUMP
ram:0005dc86	ram:0005dc68	CONDITIONAL_JUMP
ram:0005dc8e	ram:20001d61	READ
ram:0005dc92	ram:0005dc60	CONDITIONAL_JUMP
ram:0005dc9c	ram:20000c8e	COMPUTED_CALL
ram:0005dca4	ram:0005dc46	CONDITIONAL_JUMP
ram:0005dcaa	ram:0005dc60	UNCONDITIONAL_JUMP
ram:0005dcb0	ram:20001d61	READ
ram:0005dcb4	ram:0005dc66	CONDITIONAL_JUMP
ram:0005dcbe	ram:0005dd12	CONDITIONAL_JUMP
ram:0005dccc	ram:0005dd12	CONDITIONAL_JUMP
ram:0005dcd4	ram:20000c50	COMPUTED_CALL
ram:0005dcda	ram:0005dc66	CONDITIONAL_JUMP
ram:0005dcea	ram:200001dc	COMPUTED_CALL
ram:0005dd0c	ram:200001dc	COMPUTED_CALL
ram:0005dd10	ram:0005dc66	UNCONDITIONAL_JUMP
ram:0005dd16	ram:20000c00	COMPUTED_CALL
ram:0005dd1c	ram:0005dc66	CONDITIONAL_JUMP
ram:0005dd28	ram:0005dc66	CONDITIONAL_JUMP
ram:0005dd38	ram:0005dc68	UNCONDITIONAL_JUMP
ram:0005dd3e	ram:0005dd66	CONDITIONAL_JUMP
ram:0005dd4a	ram:0005dd6a	CONDITIONAL_JUMP
ram:0005dd58	ram:20000d70	COMPUTED_CALL
ram:0005dd78	ram:0005ddea	CONDITIONAL_JUMP
ram:0005dd82	ram:0005ddea	CONDITIONAL_JUMP
ram:0005dd8a	ram:20000ccc	COMPUTED_CALL
ram:0005dd90	ram:0005dd9e	CONDITIONAL_JUMP
ram:0005dda6	ram:0005ddae	CONDITIONAL_JUMP
ram:0005ddd6	ram:200001dc	COMPUTED_CALL
ram:0005ddf4	ram:0005decc	CONDITIONAL_JUMP
ram:0005ddfa	ram:0005de2a	CONDITIONAL_JUMP
ram:0005de06	ram:0005dd94	CONDITIONAL_JUMP
ram:0005de0a	ram:0005de98	CONDITIONAL_JUMP
ram:0005de22	ram:0005debe	CONDITIONAL_JUMP
ram:0005de30	ram:0005de46	CONDITIONAL_JUMP
ram:0005de7e	ram:0005dec6	CONDITIONAL_JUMP
ram:0005de8e	Stack[-0x30]	DATA
ram:0005de90	ram:000682c8	UNCONDITIONAL_CALL
ram:0005de96	ram:0005dd96	UNCONDITIONAL_JUMP
ram:0005de9a	ram:0005dea2	CONDITIONAL_JUMP
ram:0005dea0	ram:0005de0e	UNCONDITIONAL_JUMP
ram:0005dea4	ram:0005deac	CONDITIONAL_JUMP
ram:0005deaa	ram:0005de0e	UNCONDITIONAL_JUMP
ram:0005deae	ram:0005deb6	CONDITIONAL_JUMP
ram:0005deb4	ram:0005de0e	UNCONDITIONAL_JUMP
ram:0005deb6	ram:0005de12	CONDITIONAL_JUMP
ram:0005debc	ram:0005de0e	UNCONDITIONAL_JUMP
ram:0005dec4	ram:0005de2a	UNCONDITIONAL_JUMP
ram:0005deca	ram:0005de8e	UNCONDITIONAL_JUMP
ram:0005dece	ram:0005df1c	CONDITIONAL_JUMP
ram:0005ded6	ram:20001dd8	READ
ram:0005deec	ram:0005df10	CONDITIONAL_JUMP
ram:0005def2	ram:0005df10	CONDITIONAL_JUMP
ram:0005df00	ram:0005df10	CONDITIONAL_JUMP
ram:0005df0a	ram:000682c0	UNCONDITIONAL_CALL
ram:0005df0e	ram:0005de94	UNCONDITIONAL_JUMP
ram:0005df16	ram:0006828e	UNCONDITIONAL_CALL
ram:0005df1a	ram:0005de94	UNCONDITIONAL_JUMP
ram:0005df24	ram:0005dd94	CONDITIONAL_JUMP
ram:0005df2a	ram:0005df38	CONDITIONAL_JUMP
ram:0005df30	ram:0005df3a	CONDITIONAL_JUMP
ram:0005df36	ram:0005df3a	UNCONDITIONAL_JUMP
ram:0005df46	ram:0005df4c	CONDITIONAL_JUMP
ram:0005df58	ram:0005df16	UNCONDITIONAL_JUMP
ram:0005df64	ram:00062262	UNCONDITIONAL_CALL
ram:0005df70	ram:20002000	PARAM
ram:0005df74	ram:20001b67	READ
ram:0005df7e	ram:0004244a	UNCONDITIONAL_CALL
ram:0005df8a	ram:20001d60	READ
ram:0005df98	ram:20001d60	WRITE
ram:0005df9c	ram:0005dfa8	CONDITIONAL_JUMP
ram:0005dfa0	ram:00042954	UNCONDITIONAL_CALL
ram:0005dfa4	ram:20001d60	WRITE
ram:0005dfe0	ram:0005e024	CONDITIONAL_JUMP
ram:0005dfe8	ram:0005e034	CONDITIONAL_JUMP
ram:0005dfec	ram:0005e008	CONDITIONAL_JUMP
ram:0005dff4	ram:0005e02c	CONDITIONAL_JUMP
ram:0005e002	ram:200001dc	COMPUTED_CALL
ram:0005e006	ram:0005e02c	UNCONDITIONAL_JUMP
ram:0005e00c	ram:0005dfee	CONDITIONAL_JUMP
ram:0005e020	ram:200001dc	COMPUTED_CALL
ram:0005e02a	ram:0005dfee	CONDITIONAL_JUMP
ram:0005e032	ram:0005e046	CONDITIONAL_JUMP
ram:0005e042	ram:200001dc	COMPUTED_CALL
ram:0005e04c	ram:0005e062	CONDITIONAL_JUMP
ram:0005e05e	ram:200001dc	COMPUTED_CALL
ram:0005e068	ram:0005e074	CONDITIONAL_JUMP
ram:0005e070	ram:0005e082	CONDITIONAL_JUMP
ram:0005e088	ram:0005e094	CONDITIONAL_JUMP
ram:0005e090	ram:0005e0a2	CONDITIONAL_JUMP
ram:0005e0ac	ram:0005e0c6	CONDITIONAL_JUMP
ram:0005e0c2	ram:00061f0a	UNCONDITIONAL_CALL
ram:0005e0d6	ram:0005e0bc	CONDITIONAL_JUMP
ram:0005e0dc	ram:0005e0bc	UNCONDITIONAL_JUMP
ram:0005e0e6	ram:0005dfb2	UNCONDITIONAL_CALL
ram:0005e0f2	ram:20001bd0	READ
ram:0005e0fa	ram:20001e88	READ
ram:0005e11c	ram:40001040	WRITE
ram:0005e124	ram:40001040	WRITE
ram:0005e128	ram:20001bd0	READ
ram:0005e12e	ram:0005e188	CONDITIONAL_JUMP
ram:0005e132	ram:40001022	READ
ram:0005e13a	ram:40001022	WRITE
ram:0005e142	ram:20001eb0	READ
ram:0005e14c	ram:20001e88	READ
ram:0005e160	ram:0005dd6c	UNCONDITIONAL_CALL
ram:0005e168	ram:200010ec	COMPUTED_CALL
ram:0005e174	ram:20001e95	READ
ram:0005e17a	ram:0005e198	CONDITIONAL_JUMP
ram:0005e17c	ram:20001e95	WRITE
ram:0005e188	ram:40001022	READ
ram:0005e196	ram:0005e13a	UNCONDITIONAL_JUMP
ram:0005e198	ram:20001e98	WRITE
ram:0005e1a4	ram:0005e180	UNCONDITIONAL_JUMP
ram:0005e1bc	ram:20001120	COMPUTED_CALL
ram:0005e1c0	ram:0005e3f0	CONDITIONAL_JUMP
ram:0005e1de	ram:0005e3a2	CONDITIONAL_JUMP
ram:0005e1f0	ram:0005e3a2	CONDITIONAL_JUMP
ram:0005e1f6	ram:0005e3a2	CONDITIONAL_JUMP
ram:0005e214	ram:0005e3a2	CONDITIONAL_JUMP
ram:0005e21c	ram:0005e360	CONDITIONAL_JUMP
ram:0005e22e	ram:0005e266	CONDITIONAL_JUMP
ram:0005e23e	ram:0005e3a2	CONDITIONAL_JUMP
ram:0005e258	ram:0005e3a2	CONDITIONAL_JUMP
ram:0005e268	ram:0005e2ee	CONDITIONAL_JUMP
ram:0005e298	ram:0005e2e4	CONDITIONAL_JUMP
ram:0005e29e	ram:0005e368	CONDITIONAL_JUMP
ram:0005e2b0	ram:0005e374	CONDITIONAL_JUMP
ram:0005e2b8	ram:20001e9f	READ
ram:0005e2c0	ram:0005e36c	CONDITIONAL_JUMP
ram:0005e2d8	ram:0005e384	CONDITIONAL_JUMP
ram:0005e2f8	ram:0005e3a2	CONDITIONAL_JUMP
ram:0005e2fe	ram:0005e310	CONDITIONAL_JUMP
ram:0005e312	ram:0005e3a2	CONDITIONAL_JUMP
ram:0005e336	Stack[-0x30]	DATA
ram:0005e358	ram:000682c8	UNCONDITIONAL_CALL
ram:0005e35e	ram:0005e3a2	UNCONDITIONAL_JUMP
ram:0005e366	ram:0005e226	UNCONDITIONAL_JUMP
ram:0005e36a	ram:0005e2a6	UNCONDITIONAL_JUMP
ram:0005e372	ram:0005e2c8	UNCONDITIONAL_JUMP
ram:0005e376	ram:0005e380	CONDITIONAL_JUMP
ram:0005e37e	ram:0005e2c8	UNCONDITIONAL_JUMP
ram:0005e382	ram:0005e370	UNCONDITIONAL_JUMP
ram:0005e38e	ram:20001da0	READ
ram:0005e392	ram:0005e3aa	CONDITIONAL_JUMP
ram:0005e3b2	ram:20001eb0	READ
ram:0005e3c8	ram:20001eb0	READ
ram:0005e3e0	ram:20001e98	WRITE
ram:0005e3ee	ram:0005e2e4	UNCONDITIONAL_JUMP
ram:0005e3f2	ram:0005e3a2	UNCONDITIONAL_JUMP
ram:0005e3fc	ram:20001dd8	READ
ram:0005e430	ram:20001eb0	READ
ram:0005e436	ram:0005e434	CONDITIONAL_JUMP
ram:0005e43e	ram:20001eb0	READ
ram:0005e44e	ram:20001e98	WRITE
ram:0005e460	ram:20001e94	WRITE
ram:0005e464	ram:20001e99	WRITE
ram:0005e470	ram:20001e95	WRITE
ram:0005e478	ram:20001e88	READ
ram:0005e490	ram:20001efc	READ
ram:0005e4bc	ram:200010ec	COMPUTED_CALL
ram:0005e4c0	ram:00062262	UNCONDITIONAL_CALL
ram:0005e4c4	ram:20001e94	READ
ram:0005e4ca	ram:0005e4d8	CONDITIONAL_JUMP
ram:0005e4ce	ram:20001e94	WRITE
ram:0005e4d2	ram:0005e1a6	UNCONDITIONAL_CALL
ram:0005e4d6	ram:0005e526	CONDITIONAL_JUMP
ram:0005e51a	Stack[-0x50]	DATA
ram:0005e520	ram:000682c8	UNCONDITIONAL_CALL
ram:0005e524	ram:0005e536	UNCONDITIONAL_JUMP
ram:0005e532	ram:0005e54e	CONDITIONAL_JUMP
ram:0005e556	ram:0005e430	CONDITIONAL_JUMP
ram:0005e55a	ram:0005e4e0	UNCONDITIONAL_JUMP
ram:0005e572	ram:20001120	COMPUTED_CALL
ram:0005e576	ram:0005e73e	CONDITIONAL_JUMP
ram:0005e592	ram:0005e6b6	CONDITIONAL_JUMP
ram:0005e5a4	ram:0005e6b6	CONDITIONAL_JUMP
ram:0005e5aa	ram:0005e6b6	CONDITIONAL_JUMP
ram:0005e5c8	ram:0005e6b6	CONDITIONAL_JUMP
ram:0005e5ce	ram:0005e6be	CONDITIONAL_JUMP
ram:0005e5de	ram:0005e616	CONDITIONAL_JUMP
ram:0005e5ee	ram:0005e6b6	CONDITIONAL_JUMP
ram:0005e608	ram:0005e6b6	CONDITIONAL_JUMP
ram:0005e618	ram:0005e696	CONDITIONAL_JUMP
ram:0005e648	ram:0005e68e	CONDITIONAL_JUMP
ram:0005e64e	ram:0005e6c6	CONDITIONAL_JUMP
ram:0005e660	ram:0005e6d2	CONDITIONAL_JUMP
ram:0005e668	ram:20001e9f	READ
ram:0005e670	ram:0005e6ca	CONDITIONAL_JUMP
ram:0005e684	ram:0005e6e2	CONDITIONAL_JUMP
ram:0005e6a0	ram:0005e6b6	CONDITIONAL_JUMP
ram:0005e6a6	ram:0005e6b0	CONDITIONAL_JUMP
ram:0005e6b2	ram:0005e6b6	CONDITIONAL_JUMP
ram:0005e6c4	ram:0005e5d6	UNCONDITIONAL_JUMP
ram:0005e6c8	ram:0005e656	UNCONDITIONAL_JUMP
ram:0005e6d0	ram:0005e678	UNCONDITIONAL_JUMP
ram:0005e6d4	ram:0005e6de	CONDITIONAL_JUMP
ram:0005e6dc	ram:0005e678	UNCONDITIONAL_JUMP
ram:0005e6e0	ram:0005e6ce	UNCONDITIONAL_JUMP
ram:0005e6ec	ram:20001da0	READ
ram:0005e6f0	ram:0005e6fa	CONDITIONAL_JUMP
ram:0005e6f8	ram:0005e688	UNCONDITIONAL_JUMP
ram:0005e700	ram:20001eb0	READ
ram:0005e716	ram:20001eb0	READ
ram:0005e72e	ram:20001e98	WRITE
ram:0005e73c	ram:0005e68e	UNCONDITIONAL_JUMP
ram:0005e740	ram:0005e6b6	UNCONDITIONAL_JUMP
ram:0005e766	ram:20001120	COMPUTED_CALL
ram:0005e76a	ram:0005eb28	CONDITIONAL_JUMP
ram:0005e790	ram:0005e93e	CONDITIONAL_JUMP
ram:0005e7a6	ram:0005e93e	CONDITIONAL_JUMP
ram:0005e7ac	ram:0005e93e	CONDITIONAL_JUMP
ram:0005e7c8	ram:0005e93e	CONDITIONAL_JUMP
ram:0005e7d2	ram:0005e93e	CONDITIONAL_JUMP
ram:0005e7da	ram:0005e954	CONDITIONAL_JUMP
ram:0005e7ee	ram:0005e82a	CONDITIONAL_JUMP
ram:0005e7f4	ram:0005e822	CONDITIONAL_JUMP
ram:0005e80e	ram:0005e95c	CONDITIONAL_JUMP
ram:0005e82c	ram:0005e8aa	CONDITIONAL_JUMP
ram:0005e85c	ram:0005e8a2	CONDITIONAL_JUMP
ram:0005e862	ram:0005e962	CONDITIONAL_JUMP
ram:0005e874	ram:0005e96e	CONDITIONAL_JUMP
ram:0005e87c	ram:20001e9f	READ
ram:0005e884	ram:0005e966	CONDITIONAL_JUMP
ram:0005e898	ram:0005e97e	CONDITIONAL_JUMP
ram:0005e8b4	ram:0005e93e	CONDITIONAL_JUMP
ram:0005e8ba	ram:0005e8cc	CONDITIONAL_JUMP
ram:0005e8cc	ram:0005e928	CONDITIONAL_JUMP
ram:0005e8de	ram:0005e90e	CONDITIONAL_JUMP
ram:0005e8e6	ram:0005e90e	CONDITIONAL_JUMP
ram:0005e90a	ram:200001dc	COMPUTED_CALL
ram:0005e912	ram:0005e928	CONDITIONAL_JUMP
ram:0005e926	ram:0005e8da	CONDITIONAL_JUMP
ram:0005e928	ram:0005e9c2	CONDITIONAL_JUMP
ram:0005e934	ram:0005e93e	CONDITIONAL_JUMP
ram:0005e95a	ram:0005e7e4	UNCONDITIONAL_JUMP
ram:0005e960	ram:0005e822	UNCONDITIONAL_JUMP
ram:0005e964	ram:0005e86a	UNCONDITIONAL_JUMP
ram:0005e96c	ram:0005e88c	UNCONDITIONAL_JUMP
ram:0005e970	ram:0005e97a	CONDITIONAL_JUMP
ram:0005e978	ram:0005e88c	UNCONDITIONAL_JUMP
ram:0005e97c	ram:0005e96a	UNCONDITIONAL_JUMP
ram:0005e988	ram:20001eb0	READ
ram:0005e99a	ram:20001eb0	READ
ram:0005e9b2	ram:20001e98	WRITE
ram:0005e9c0	ram:0005e8a2	UNCONDITIONAL_JUMP
ram:0005e9c6	ram:0005e92c	CONDITIONAL_JUMP
ram:0005e9ce	ram:0005e92c	CONDITIONAL_JUMP
ram:0005e9fe	ram:000682ea	UNCONDITIONAL_CALL
ram:0005ea18	ram:0005e92c	CONDITIONAL_JUMP
ram:0005ea1c	ram:20001eb0	READ
ram:0005ea22	ram:0005ea20	CONDITIONAL_JUMP
ram:0005ea2c	ram:20001eb0	READ
ram:0005ea3c	ram:20001e98	WRITE
ram:0005ea4a	ram:20001e94	WRITE
ram:0005ea4e	ram:20001e99	WRITE
ram:0005ea56	ram:20001e95	WRITE
ram:0005ea5e	ram:20001e88	READ
ram:0005ea7a	ram:20001efc	READ
ram:0005eaa6	ram:200010ec	COMPUTED_CALL
ram:0005eaaa	ram:00062262	UNCONDITIONAL_CALL
ram:0005eaae	ram:20001e95	READ
ram:0005eab4	ram:0005eb10	CONDITIONAL_JUMP
ram:0005eab8	ram:20001e95	WRITE
ram:0005eabc	ram:0005e55c	UNCONDITIONAL_CALL
ram:0005eac4	ram:0005ead0	CONDITIONAL_JUMP
ram:0005eacc	ram:0005eaea	CONDITIONAL_JUMP
ram:0005eae4	ram:000682ea	UNCONDITIONAL_CALL
ram:0005eae8	ram:0005e92c	UNCONDITIONAL_JUMP
ram:0005eb0a	ram:000682ea	UNCONDITIONAL_CALL
ram:0005eb0e	ram:0005ea12	UNCONDITIONAL_JUMP
ram:0005eb26	ram:0005eae4	UNCONDITIONAL_JUMP
ram:0005eb2a	ram:0005e93e	UNCONDITIONAL_JUMP
ram:0005eb34	ram:20001eb0	READ
ram:0005eb46	ram:0005eb66	CONDITIONAL_JUMP
ram:0005eb5c	ram:0005eb66	CONDITIONAL_JUMP
ram:0005eb6a	ram:20001e88	READ
ram:0005eb7e	ram:20001eb0	READ
ram:0005eb8c	ram:20001e94	WRITE
ram:0005eb90	ram:0006219c	UNCONDITIONAL_CALL
ram:0005eba4	ram:00062030	UNCONDITIONAL_CALL
ram:0005eba8	ram:20001eb0	READ
ram:0005ebb0	ram:20001e99	WRITE
ram:0005ebb4	ram:20001e95	WRITE
ram:0005ebbc	ram:20001e88	READ
ram:0005ebdc	ram:20001efc	READ
ram:0005ec1a	ram:0005ef70	CONDITIONAL_JUMP
ram:0005ec22	ram:20001c00	READ
ram:0005ec4a	ram:0005ecfa	CONDITIONAL_JUMP
ram:0005ec4e	ram:0005ec5a	CONDITIONAL_JUMP
ram:0005ec56	ram:0005ecfa	CONDITIONAL_JUMP
ram:0005ec5e	ram:20001b8c	READ
ram:0005ec62	ram:20001bd2	READ
ram:0005ec94	ram:0005eca2	CONDITIONAL_JUMP
ram:0005ec98	ram:0005ec9e	CONDITIONAL_JUMP
ram:0005ec9e	ram:0005ecac	CONDITIONAL_JUMP
ram:0005eca6	ram:0005ecb4	UNCONDITIONAL_JUMP
ram:0005ecaa	ram:0005ec92	UNCONDITIONAL_JUMP
ram:0005ecb0	ram:0005eca2	CONDITIONAL_JUMP
ram:0005ecbe	ram:0005eca8	CONDITIONAL_JUMP
ram:0005ecc6	ram:20001bd5	READ
ram:0005ecd4	ram:0005ef28	CONDITIONAL_JUMP
ram:0005ecf0	ram:0005ec12	PARAM
ram:0005ecf6	ram:0004201e	UNCONDITIONAL_CALL
ram:0005ed00	ram:0005ed34	CONDITIONAL_JUMP
ram:0005ed0c	ram:0005ed34	CONDITIONAL_JUMP
ram:0005ed20	ram:200001dc	COMPUTED_CALL
ram:0005ed26	ram:000582da	UNCONDITIONAL_CALL
ram:0005ed36	ram:00058078	UNCONDITIONAL_CALL
ram:0005ed3a	ram:20001bd5	READ
ram:0005ed3e	ram:20001b8c	READ
ram:0005ed58	ram:0006bae2	UNCONDITIONAL_CALL
ram:0005ed60	ram:20001eb0	READ
ram:0005ed72	ram:20001eb0	READ
ram:0005ed86	ram:20001e98	WRITE
ram:0005ed96	ram:0005eb2c	UNCONDITIONAL_CALL
ram:0005ed9e	ram:200010ec	COMPUTED_CALL
ram:0005eda2	ram:00062262	UNCONDITIONAL_CALL
ram:0005eda6	ram:20001e95	READ
ram:0005edac	ram:0005eece	CONDITIONAL_JUMP
ram:0005edb0	ram:20001e95	WRITE
ram:0005edb8	ram:20001b8c	READ
ram:0005edce	ram:20001bd2	READ
ram:0005eddc	ram:0005ee94	CONDITIONAL_JUMP
ram:0005ede0	ram:20001ea4	READ
ram:0005ede8	ram:0005edfa	CONDITIONAL_JUMP
ram:0005edf0	ram:0005edfa	CONDITIONAL_JUMP
ram:0005ee02	ram:20001bd5	READ
ram:0005ee06	ram:0005eeaa	CONDITIONAL_JUMP
ram:0005ee18	ram:0005ec12	PARAM
ram:0005ee1c	ram:0004201e	UNCONDITIONAL_CALL
ram:0005ee34	ram:0005e742	UNCONDITIONAL_CALL
ram:0005ee3e	ram:0005eeba	CONDITIONAL_JUMP
ram:0005ee4a	ram:0005d5f6	UNCONDITIONAL_CALL
ram:0005ee64	ram:0005d9ae	PARAM
ram:0005ee68	ram:00042362	UNCONDITIONAL_CALL
ram:0005ee90	ram:00042194	UNCONDITIONAL_CALL
ram:0005ee96	ram:0005eea2	CONDITIONAL_JUMP
ram:0005ee9a	ram:20001ea4	READ
ram:0005eea0	ram:0005ede6	UNCONDITIONAL_JUMP
ram:0005eea2	ram:20001ea4	READ
ram:0005eea8	ram:0005ede6	UNCONDITIONAL_JUMP
ram:0005eeaa	ram:0005ee0a	CONDITIONAL_JUMP
ram:0005eeb8	ram:0005ee0c	UNCONDITIONAL_JUMP
ram:0005eebc	ram:0005ee7a	CONDITIONAL_JUMP
ram:0005eed4	ram:0005ef38	CONDITIONAL_JUMP
ram:0005eeda	ram:20001b8c	READ
ram:0005eede	ram:20001bd2	READ
ram:0005eefe	ram:0005ef10	CONDITIONAL_JUMP
ram:0005ef06	ram:0005ef10	CONDITIONAL_JUMP
ram:0005ef1e	ram:20001bd5	READ
ram:0005ef24	ram:0005ecd8	CONDITIONAL_JUMP
ram:0005ef28	ram:0005ecd8	CONDITIONAL_JUMP
ram:0005ef36	ram:0005ecda	UNCONDITIONAL_JUMP
ram:0005ef48	ram:0005eed6	CONDITIONAL_JUMP
ram:0005ef6c	ram:0005d5f6	UNCONDITIONAL_CALL
ram:0005ef98	ram:20001120	COMPUTED_CALL
ram:0005ef9e	ram:0005f014	CONDITIONAL_JUMP
ram:0005efbc	ram:0005f014	CONDITIONAL_JUMP
ram:0005efd2	ram:0005f014	CONDITIONAL_JUMP
ram:0005efda	ram:0005efe6	CONDITIONAL_JUMP
ram:0005efe2	ram:0005f014	CONDITIONAL_JUMP
ram:0005eff8	ram:0005f050	CONDITIONAL_JUMP
ram:0005f002	ram:0005f02e	CONDITIONAL_JUMP
ram:0005f00c	ram:2000026a	COMPUTED_CALL
ram:0005f012	ram:0005f04c	CONDITIONAL_JUMP
ram:0005f048	ram:200001dc	COMPUTED_CALL
ram:0005f056	ram:0005f0a2	CONDITIONAL_JUMP
ram:0005f05e	ram:0005f1b6	CONDITIONAL_JUMP
ram:0005f068	ram:0005f078	CONDITIONAL_JUMP
ram:0005f070	ram:0005f082	CONDITIONAL_JUMP
ram:0005f076	ram:0005f014	UNCONDITIONAL_JUMP
ram:0005f07e	ram:0005f074	CONDITIONAL_JUMP
ram:0005f08e	ram:2000026a	COMPUTED_CALL
ram:0005f092	ram:0005f074	CONDITIONAL_JUMP
ram:0005f0a4	ram:0005dbe8	UNCONDITIONAL_CALL
ram:0005f0aa	ram:0005f014	CONDITIONAL_JUMP
ram:0005f0b4	ram:0005f0b8	CONDITIONAL_JUMP
ram:0005f0bc	ram:0005f0ee	CONDITIONAL_JUMP
ram:0005f0cc	ram:0005f014	CONDITIONAL_JUMP
ram:0005f0e4	ram:0005f0ec	CONDITIONAL_JUMP
ram:0005f0f2	ram:0005f142	CONDITIONAL_JUMP
ram:0005f0f6	ram:0005f014	CONDITIONAL_JUMP
ram:0005f122	ram:0005f12e	CONDITIONAL_JUMP
ram:0005f134	ram:0005f142	CONDITIONAL_JUMP
ram:0005f146	ram:0005f458	CONDITIONAL_JUMP
ram:0005f14c	ram:0005f014	CONDITIONAL_JUMP
ram:0005f15a	ram:200001dc	COMPUTED_CALL
ram:0005f16c	ram:0005f192	CONDITIONAL_JUMP
ram:0005f176	ram:0005f2b0	CONDITIONAL_JUMP
ram:0005f17e	ram:20001de4	READ
ram:0005f188	ram:0005f1d8	CONDITIONAL_JUMP
ram:0005f190	ram:0005f234	CONDITIONAL_JUMP
ram:0005f19c	ram:0005f1a6	CONDITIONAL_JUMP
ram:0005f1a8	ram:0005dd3a	UNCONDITIONAL_CALL
ram:0005f1ae	ram:0005f45e	CONDITIONAL_JUMP
ram:0005f1b4	ram:0005f014	UNCONDITIONAL_JUMP
ram:0005f1d2	ram:200001dc	COMPUTED_CALL
ram:0005f1d6	ram:0005f094	UNCONDITIONAL_JUMP
ram:0005f1e0	ram:0005f2aa	CONDITIONAL_JUMP
ram:0005f1ee	ram:0005f2aa	CONDITIONAL_JUMP
ram:0005f1fe	ram:2000026a	COMPUTED_CALL
ram:0005f202	ram:0005f2aa	CONDITIONAL_JUMP
ram:0005f22a	ram:200001dc	COMPUTED_CALL
ram:0005f286	ram:000582da	UNCONDITIONAL_CALL
ram:0005f29c	ram:0005f2ec	CONDITIONAL_JUMP
ram:0005f2a8	ram:0005f304	UNCONDITIONAL_JUMP
ram:0005f2ae	ram:0005f188	UNCONDITIONAL_JUMP
ram:0005f2b8	ram:0005f18c	CONDITIONAL_JUMP
ram:0005f2c6	ram:0005f18c	CONDITIONAL_JUMP
ram:0005f2d8	ram:2000026a	COMPUTED_CALL
ram:0005f2de	ram:0005f18c	CONDITIONAL_JUMP
ram:0005f2ea	ram:0005f230	UNCONDITIONAL_JUMP
ram:0005f2fc	ram:0005f304	CONDITIONAL_JUMP
ram:0005f30e	ram:0005f40c	CONDITIONAL_JUMP
ram:0005f316	ram:20001e9f	READ
ram:0005f31e	ram:0005f3fe	CONDITIONAL_JUMP
ram:0005f338	ram:0005f192	CONDITIONAL_JUMP
ram:0005f33c	ram:20002000	PARAM
ram:0005f340	ram:20001b8c	READ
ram:0005f35e	ram:0006bae2	UNCONDITIONAL_CALL
ram:0005f362	ram:20001c00	READ
ram:0005f374	ram:20001bd2	READ
ram:0005f37c	ram:0005f38e	CONDITIONAL_JUMP
ram:0005f384	ram:0005f38e	CONDITIONAL_JUMP
ram:0005f3a2	ram:0005f428	CONDITIONAL_JUMP
ram:0005f3aa	ram:0005f3b2	CONDITIONAL_JUMP
ram:0005f3ae	ram:00042494	UNCONDITIONAL_CALL
ram:0005f3b2	ram:20001c00	READ
ram:0005f3b8	ram:20001bd2	READ
ram:0005f3c0	ram:0005f3d4	CONDITIONAL_JUMP
ram:0005f3c8	ram:0005f3d4	CONDITIONAL_JUMP
ram:0005f3da	ram:0005ec12	PARAM
ram:0005f3de	ram:0004201e	UNCONDITIONAL_CALL
ram:0005f3ea	ram:0005f192	CONDITIONAL_JUMP
ram:0005f3fc	ram:0005f192	UNCONDITIONAL_JUMP
ram:0005f40a	ram:0005f32c	UNCONDITIONAL_JUMP
ram:0005f40e	ram:0005f41e	CONDITIONAL_JUMP
ram:0005f41c	ram:0005f32c	UNCONDITIONAL_JUMP
ram:0005f426	ram:0005f32c	UNCONDITIONAL_JUMP
ram:0005f42c	ram:0005f434	CONDITIONAL_JUMP
ram:0005f430	ram:00042494	UNCONDITIONAL_CALL
ram:0005f434	ram:20001bd2	READ
ram:0005f43c	ram:20001bd5	READ
ram:0005f440	ram:0005f448	CONDITIONAL_JUMP
ram:0005f446	ram:0005f3d4	UNCONDITIONAL_JUMP
ram:0005f448	ram:0005f444	CONDITIONAL_JUMP
ram:0005f456	ram:0005f3d4	UNCONDITIONAL_JUMP
ram:0005f45c	ram:0005f194	UNCONDITIONAL_JUMP
ram:0005f460	ram:0005f47e	CONDITIONAL_JUMP
ram:0005f46a	ram:0005f47e	CONDITIONAL_JUMP
ram:0005f470	ram:0005f47e	CONDITIONAL_JUMP
ram:0005f476	ram:0005f53e	CONDITIONAL_JUMP
ram:0005f47e	ram:00062262	UNCONDITIONAL_CALL
ram:0005f484	ram:0005dd6c	UNCONDITIONAL_CALL
ram:0005f490	ram:0005f1b2	CONDITIONAL_JUMP
ram:0005f4a0	ram:0005f4ac	CONDITIONAL_JUMP
ram:0005f4ba	ram:0005f554	CONDITIONAL_JUMP
ram:0005f4c2	ram:20001e9f	READ
ram:0005f4ca	ram:0005f546	CONDITIONAL_JUMP
ram:0005f4e8	ram:0005f014	CONDITIONAL_JUMP
ram:0005f4f0	ram:0005f1b2	CONDITIONAL_JUMP
ram:0005f4f8	ram:20001eb0	READ
ram:0005f506	ram:20001eb0	READ
ram:0005f51e	ram:20001e98	WRITE
ram:0005f53c	ram:0005f1b2	UNCONDITIONAL_JUMP
ram:0005f540	ram:0005e0de	UNCONDITIONAL_CALL
ram:0005f544	ram:0005f1b2	UNCONDITIONAL_JUMP
ram:0005f552	ram:0005f4d8	UNCONDITIONAL_JUMP
ram:0005f556	ram:0005f566	CONDITIONAL_JUMP
ram:0005f564	ram:0005f4d8	UNCONDITIONAL_JUMP
ram:0005f56e	ram:0005f4d8	UNCONDITIONAL_JUMP
ram:0005f574	ram:20001dd8	READ
ram:0005f58e	ram:0005d5f6	UNCONDITIONAL_CALL
ram:0005f5aa	ram:20001120	COMPUTED_CALL
ram:0005f5b0	ram:0005f620	CONDITIONAL_JUMP
ram:0005f5cc	ram:0005f620	CONDITIONAL_JUMP
ram:0005f5ea	ram:0005f620	CONDITIONAL_JUMP
ram:0005f5f2	ram:0005f620	CONDITIONAL_JUMP
ram:0005f608	ram:0005f640	CONDITIONAL_JUMP
ram:0005f614	ram:0005f762	CONDITIONAL_JUMP
ram:0005f61c	ram:0005f62c	CONDITIONAL_JUMP
ram:0005f636	ram:2000026a	COMPUTED_CALL
ram:0005f63e	ram:0005f61e	CONDITIONAL_JUMP
ram:0005f64a	ram:0005f620	CONDITIONAL_JUMP
ram:0005f656	ram:0005f620	CONDITIONAL_JUMP
ram:0005f65e	ram:0005f620	CONDITIONAL_JUMP
ram:0005f664	ram:0005f68a	CONDITIONAL_JUMP
ram:0005f68c	ram:0005f704	CONDITIONAL_JUMP
ram:0005f6ba	ram:0005f776	CONDITIONAL_JUMP
ram:0005f6d0	ram:0005f782	CONDITIONAL_JUMP
ram:0005f6d8	ram:20001e9f	READ
ram:0005f6e0	ram:0005f77a	CONDITIONAL_JUMP
ram:0005f6f2	ram:0005f792	CONDITIONAL_JUMP
ram:0005f70c	ram:0005f716	CONDITIONAL_JUMP
ram:0005f71a	ram:0005f7d4	CONDITIONAL_JUMP
ram:0005f72a	ram:000428ec	UNCONDITIONAL_CALL
ram:0005f734	ram:0005dd6c	UNCONDITIONAL_CALL
ram:0005f73c	ram:0005f620	CONDITIONAL_JUMP
ram:0005f74c	ram:0005f620	CONDITIONAL_JUMP
ram:0005f760	ram:0005f620	UNCONDITIONAL_JUMP
ram:0005f76a	ram:0005f61e	CONDITIONAL_JUMP
ram:0005f774	ram:0005f632	UNCONDITIONAL_JUMP
ram:0005f778	ram:0005f6c2	UNCONDITIONAL_JUMP
ram:0005f780	ram:0005f6e8	UNCONDITIONAL_JUMP
ram:0005f784	ram:0005f78e	CONDITIONAL_JUMP
ram:0005f78c	ram:0005f6e8	UNCONDITIONAL_JUMP
ram:0005f790	ram:0005f77e	UNCONDITIONAL_JUMP
ram:0005f796	ram:20001eb0	READ
ram:0005f7a4	ram:20001eb0	READ
ram:0005f7b4	ram:20001e94	PARAM
ram:0005f7bc	ram:20001e98	WRITE
ram:0005f7d2	ram:0005f6fe	UNCONDITIONAL_JUMP
ram:0005f7da	ram:0005f7e2	CONDITIONAL_JUMP
ram:0005f7e0	ram:0005f724	UNCONDITIONAL_JUMP
ram:0005f7e4	ram:0005f7dc	UNCONDITIONAL_JUMP
ram:0005f7ee	ram:20001eb0	READ
ram:0005f800	ram:0005f820	CONDITIONAL_JUMP
ram:0005f816	ram:0005f820	CONDITIONAL_JUMP
ram:0005f824	ram:20001e88	READ
ram:0005f83c	ram:20001eb0	READ
ram:0005f85e	ram:20001e94	WRITE
ram:0005f866	ram:20001e98	WRITE
ram:0005f86a	ram:00062030	UNCONDITIONAL_CALL
ram:0005f86e	ram:20001eb0	READ
ram:0005f872	ram:20001e99	WRITE
ram:0005f876	ram:20001e95	WRITE
ram:0005f87e	ram:20001e88	READ
ram:0005f89e	ram:20001efc	READ
ram:0005f8f0	ram:0006219c	UNCONDITIONAL_CALL
ram:0005f8f6	ram:0005f7e6	UNCONDITIONAL_CALL
ram:0005f8fe	ram:20001eb0	READ
ram:0005f90c	ram:20001eb0	READ
ram:0005f920	ram:20001e98	WRITE
ram:0005f960	ram:20001120	COMPUTED_CALL
ram:0005f964	ram:0005fdb0	CONDITIONAL_JUMP
ram:0005f994	ram:0005fcde	CONDITIONAL_JUMP
ram:0005f99e	ram:0005fdb4	CONDITIONAL_JUMP
ram:0005f9ae	ram:0005f9c6	CONDITIONAL_JUMP
ram:0005f9da	ram:0005fa80	CONDITIONAL_JUMP
ram:0005f9ea	ram:0005fa34	CONDITIONAL_JUMP
ram:0005f9ec	ram:0005f9b2	CONDITIONAL_JUMP
ram:0005f9f2	ram:0005f9fe	CONDITIONAL_JUMP
ram:0005f9fa	ram:0005f9b2	CONDITIONAL_JUMP
ram:0005fa1e	ram:200001dc	COMPUTED_CALL
ram:0005fa3c	ram:0005fdbc	CONDITIONAL_JUMP
ram:0005fa44	ram:0005fabc	CONDITIONAL_JUMP
ram:0005fa78	ram:0005fb66	CONDITIONAL_JUMP
ram:0005fa7a	ram:0005fac4	CONDITIONAL_JUMP
ram:0005fa7e	ram:0005f9b4	UNCONDITIONAL_JUMP
ram:0005fa80	ram:0005fdb8	CONDITIONAL_JUMP
ram:0005fa86	ram:0005fa92	CONDITIONAL_JUMP
ram:0005fa8e	ram:0005fdb8	CONDITIONAL_JUMP
ram:0005fab0	ram:200001dc	COMPUTED_CALL
ram:0005faba	ram:0005f9de	UNCONDITIONAL_JUMP
ram:0005fac2	ram:0005fa70	UNCONDITIONAL_JUMP
ram:0005fac4	ram:00062262	UNCONDITIONAL_CALL
ram:0005faf0	ram:0005fafc	CONDITIONAL_JUMP
ram:0005fb08	ram:0005fa7c	CONDITIONAL_JUMP
ram:0005fb1c	ram:0005fdc0	CONDITIONAL_JUMP
ram:0005fb24	ram:0005fb42	CONDITIONAL_JUMP
ram:0005fb28	ram:0005fb34	CONDITIONAL_JUMP
ram:0005fb30	ram:0005fdc4	CONDITIONAL_JUMP
ram:0005fb42	ram:0005fdc8	CONDITIONAL_JUMP
ram:0005fb46	ram:0005fb6c	CONDITIONAL_JUMP
ram:0005fb50	ram:0005fb82	CONDITIONAL_JUMP
ram:0005fb52	ram:00062262	UNCONDITIONAL_CALL
ram:0005fb56	ram:0005fa7c	CONDITIONAL_JUMP
ram:0005fb60	ram:0005dd6c	UNCONDITIONAL_CALL
ram:0005fb64	ram:0005fa7c	UNCONDITIONAL_JUMP
ram:0005fb6a	ram:0005fb14	UNCONDITIONAL_JUMP
ram:0005fb6e	ram:0005dbe8	UNCONDITIONAL_CALL
ram:0005fb72	ram:0005fb78	CONDITIONAL_JUMP
ram:0005fb76	ram:0005f9b4	UNCONDITIONAL_JUMP
ram:0005fb7a	ram:0005dd3a	UNCONDITIONAL_CALL
ram:0005fb7e	ram:0005fb4a	CONDITIONAL_JUMP
ram:0005fb80	ram:0005fb74	UNCONDITIONAL_JUMP
ram:0005fb88	ram:0005fb8e	CONDITIONAL_JUMP
ram:0005fba6	ram:0005fbc6	CONDITIONAL_JUMP
ram:0005fbbc	ram:0005fbca	CONDITIONAL_JUMP
ram:0005fbc4	ram:0005fbdc	UNCONDITIONAL_JUMP
ram:0005fbc8	ram:0005fbb2	UNCONDITIONAL_JUMP
ram:0005fbce	ram:20001e9f	READ
ram:0005fbd4	ram:0005fca4	CONDITIONAL_JUMP
ram:0005fbea	ram:0005fdcc	CONDITIONAL_JUMP
ram:0005fbf2	ram:0005fcaa	CONDITIONAL_JUMP
ram:0005fbfa	ram:20001eb0	READ
ram:0005fc08	ram:20001eb0	READ
ram:0005fc20	ram:20001e98	WRITE
ram:0005fc36	ram:0005fc34	CONDITIONAL_JUMP
ram:0005fc48	ram:0005f7e6	UNCONDITIONAL_CALL
ram:0005fc4c	ram:20001eb0	READ
ram:0005fc5a	ram:20001eb0	READ
ram:0005fc6a	ram:20001e98	WRITE
ram:0005fc7e	ram:200010ec	COMPUTED_CALL
ram:0005fc82	ram:20001e94	READ
ram:0005fc88	ram:0005f9b4	CONDITIONAL_JUMP
ram:0005fc90	ram:20001e94	WRITE
ram:0005fca0	ram:0005ef72	UNCONDITIONAL_CALL
ram:0005fca8	ram:0005fbc2	UNCONDITIONAL_JUMP
ram:0005fcb6	ram:0005f9b4	CONDITIONAL_JUMP
ram:0005fcd0	ram:0005f8d4	PARAM
ram:0005fcd8	ram:00042362	UNCONDITIONAL_CALL
ram:0005fcdc	ram:0005f9b4	UNCONDITIONAL_JUMP
ram:0005fce0	ram:0005fcee	CONDITIONAL_JUMP
ram:0005fcea	ram:0005f9b4	CONDITIONAL_JUMP
ram:0005fcfa	ram:0005f9b4	CONDITIONAL_JUMP
ram:0005fd1e	ram:200001dc	COMPUTED_CALL
ram:0005fd2c	ram:0005fd50	CONDITIONAL_JUMP
ram:0005fd4c	ram:200001dc	COMPUTED_CALL
ram:0005fd52	ram:0005dbe8	UNCONDITIONAL_CALL
ram:0005fd5a	ram:0005fb74	CONDITIONAL_JUMP
ram:0005fd60	ram:0005dd3a	UNCONDITIONAL_CALL
ram:0005fd64	ram:0005fb74	CONDITIONAL_JUMP
ram:0005fd6c	ram:0005fd74	CONDITIONAL_JUMP
ram:0005fd70	ram:0005fd8e	CONDITIONAL_JUMP
ram:0005fd7a	ram:0005fd8e	CONDITIONAL_JUMP
ram:0005fd80	ram:0005fd8e	CONDITIONAL_JUMP
ram:0005fd86	ram:0005fda6	CONDITIONAL_JUMP
ram:0005fd8e	ram:00062262	UNCONDITIONAL_CALL
ram:0005fd9a	ram:0005f9b4	CONDITIONAL_JUMP
ram:0005fda0	ram:0005dd6c	UNCONDITIONAL_CALL
ram:0005fda4	ram:0005f9b4	UNCONDITIONAL_JUMP
ram:0005fda8	ram:0005e0de	UNCONDITIONAL_CALL
ram:0005fdae	ram:0005f9b4	UNCONDITIONAL_JUMP
ram:0005fdb2	ram:0005f9b4	UNCONDITIONAL_JUMP
ram:0005fdb6	ram:0005f9b4	UNCONDITIONAL_JUMP
ram:0005fdba	ram:0005f9b4	UNCONDITIONAL_JUMP
ram:0005fdbe	ram:0005f9b4	UNCONDITIONAL_JUMP
ram:0005fdc2	ram:0005f9b4	UNCONDITIONAL_JUMP
ram:0005fdc6	ram:0005f9b4	UNCONDITIONAL_JUMP
ram:0005fdca	ram:0005f9b4	UNCONDITIONAL_JUMP
ram:0005fdd0	ram:0005f9b4	UNCONDITIONAL_JUMP
ram:0005fde8	ram:20001120	COMPUTED_CALL
ram:0005fdec	ram:0005fe9e	CONDITIONAL_JUMP
ram:0005fe0a	ram:0005fe36	CONDITIONAL_JUMP
ram:0005fe1c	ram:0005fe36	CONDITIONAL_JUMP
ram:0005fe2a	ram:0005fe76	CONDITIONAL_JUMP
ram:0005fe32	ram:0005fe3e	CONDITIONAL_JUMP
ram:0005fe4a	ram:2000026a	COMPUTED_CALL
ram:0005fe4e	ram:0005fe34	CONDITIONAL_JUMP
ram:0005fe54	ram:0005fe8c	CONDITIONAL_JUMP
ram:0005fe64	ram:000428ec	UNCONDITIONAL_CALL
ram:0005fe6e	ram:0005dd6c	UNCONDITIONAL_CALL
ram:0005fe74	ram:0005fe36	UNCONDITIONAL_JUMP
ram:0005fe7e	ram:0005fe34	CONDITIONAL_JUMP
ram:0005fe8a	ram:0005fe46	UNCONDITIONAL_JUMP
ram:0005fe92	ram:0005fe9a	CONDITIONAL_JUMP
ram:0005fe98	ram:0005fe5e	UNCONDITIONAL_JUMP
ram:0005fe9c	ram:0005fe94	UNCONDITIONAL_JUMP
ram:0005fea0	ram:0005fe36	UNCONDITIONAL_JUMP
ram:0005feb0	ram:20001dd8	READ
ram:0005feb4	ram:20001eb0	READ
ram:0005fec2	ram:0005fee2	CONDITIONAL_JUMP
ram:0005fed8	ram:0005fee2	CONDITIONAL_JUMP
ram:0005fee6	ram:20001e88	READ
ram:0005ff08	ram:0005ff16	CONDITIONAL_JUMP
ram:0005ff1c	ram:0005ff22	CONDITIONAL_JUMP
ram:0005ff22	ram:20001eb0	READ
ram:0005ff36	ram:20002000	PARAM
ram:0005ff3e	ram:20001e9d	READ
ram:0005ff46	ram:0005ff56	CONDITIONAL_JUMP
ram:0005ff48	ram:20001e9c	READ
ram:0005ff4e	ram:0005ff56	CONDITIONAL_JUMP
ram:0005ff52	ram:20001e9d	WRITE
ram:0005ff56	ram:20001e9b	READ
ram:0005ff5c	ram:0005ff68	CONDITIONAL_JUMP
ram:0005ff64	ram:20001e9c	WRITE
ram:0005ff6a	ram:20001e94	WRITE
ram:0005ff74	ram:20001e9b	WRITE
ram:0005ff78	ram:20001e98	WRITE
ram:0005ff7c	ram:00062030	UNCONDITIONAL_CALL
ram:0005ff80	ram:20001eb0	READ
ram:0005ff84	ram:20001e99	WRITE
ram:0005ff88	ram:20001e95	WRITE
ram:0005ff90	ram:20001e88	READ
ram:0005ffb0	ram:20001efc	READ
ram:0005ffee	ram:20001dd8	READ
ram:0005fffc	ram:000600b4	CONDITIONAL_JUMP
ram:00060006	ram:000600be	CONDITIONAL_JUMP
ram:0006000e	ram:0006012e	CONDITIONAL_JUMP
ram:0006001a	ram:00060022	CONDITIONAL_JUMP
ram:00060026	ram:20001e88	READ
ram:00060044	ram:20001efc	READ
ram:00060056	ram:20001eb0	READ
ram:00060064	ram:20001e94	WRITE
ram:0006006c	ram:20001e98	WRITE
ram:00060070	ram:20001e99	WRITE
ram:00060074	ram:20001e95	WRITE
ram:000600c2	ram:000600fc	CONDITIONAL_JUMP
ram:000600ce	ram:000600d6	CONDITIONAL_JUMP
ram:000600da	ram:20001efc	READ
ram:000600ec	ram:20001e88	READ
ram:000600fa	ram:000600ac	UNCONDITIONAL_JUMP
ram:00060102	ram:0006012e	CONDITIONAL_JUMP
ram:00060104	ram:20002000	PARAM
ram:0006010c	ram:20001b67	READ
ram:00060112	ram:000423f6	UNCONDITIONAL_CALL
ram:0006012a	ram:0005fea2	UNCONDITIONAL_CALL
ram:00060138	ram:0005df5a	UNCONDITIONAL_CALL
ram:00060144	ram:20001dfc	READ
ram:00060148	ram:00060196	CONDITIONAL_JUMP
ram:0006014e	ram:20001dd8	READ
ram:0006015a	ram:20001b67	READ
ram:00060162	ram:00060170	CONDITIONAL_JUMP
ram:0006016e	ram:0006017e	UNCONDITIONAL_JUMP
ram:00060172	ram:00060164	CONDITIONAL_JUMP
ram:00060180	ram:000423f6	UNCONDITIONAL_CALL
ram:00060192	ram:0005fea2	UNCONDITIONAL_CALL
ram:000601a0	ram:20001dd8	READ
ram:000601ae	Stack[-0x20]	DATA
ram:000601ce	ram:000602a0	CONDITIONAL_JUMP
ram:000601d6	ram:20001eb0	READ
ram:000601e4	ram:20001eb0	READ
ram:000601f8	ram:20001e98	WRITE
ram:00060200	ram:20001e88	READ
ram:0006020c	ram:00060276	CONDITIONAL_JUMP
ram:00060220	ram:200010ec	COMPUTED_CALL
ram:00060224	ram:20001e94	READ
ram:0006022a	ram:00060258	CONDITIONAL_JUMP
ram:0006022c	ram:20001e94	WRITE
ram:00060230	ram:00062262	UNCONDITIONAL_CALL
ram:00060236	ram:0005fdd2	UNCONDITIONAL_CALL
ram:0006023a	ram:00060258	CONDITIONAL_JUMP
ram:00060240	ram:0006028a	CONDITIONAL_JUMP
ram:00060250	ram:000428ec	UNCONDITIONAL_CALL
ram:0006025c	ram:000603ca	CONDITIONAL_JUMP
ram:0006026e	Stack[-0x20]	DATA
ram:00060272	ram:0005fea2	UNCONDITIONAL_CALL
ram:0006027c	ram:00060284	CONDITIONAL_JUMP
ram:00060282	ram:00060214	UNCONDITIONAL_JUMP
ram:00060288	ram:00060214	UNCONDITIONAL_JUMP
ram:00060294	ram:0006029c	CONDITIONAL_JUMP
ram:0006029a	ram:0006024a	UNCONDITIONAL_JUMP
ram:0006029e	ram:00060296	UNCONDITIONAL_JUMP
ram:000602a0	ram:000602ca	CONDITIONAL_JUMP
ram:000602a4	ram:20001e94	READ
ram:000602aa	ram:000602c0	CONDITIONAL_JUMP
ram:000602ae	ram:20001e94	WRITE
ram:000602b2	ram:0005f942	UNCONDITIONAL_CALL
ram:000602ba	ram:000601ca	CONDITIONAL_JUMP
ram:000602be	ram:00060258	UNCONDITIONAL_JUMP
ram:000602c4	ram:20001e98	WRITE
ram:000602c8	ram:00060258	UNCONDITIONAL_JUMP
ram:000602ca	ram:00060390	CONDITIONAL_JUMP
ram:000602d2	ram:20001eb0	READ
ram:000602e0	ram:20001eb0	READ
ram:000602f4	ram:20001e98	WRITE
ram:000602fc	ram:20001e88	READ
ram:00060308	ram:00060366	CONDITIONAL_JUMP
ram:0006031c	ram:200010ec	COMPUTED_CALL
ram:00060320	ram:20001e94	READ
ram:00060326	ram:00060338	CONDITIONAL_JUMP
ram:00060328	ram:20001e94	WRITE
ram:0006032c	ram:00062262	UNCONDITIONAL_CALL
ram:00060332	ram:0005f592	UNCONDITIONAL_CALL
ram:00060336	ram:00060354	CONDITIONAL_JUMP
ram:0006033c	ram:0006037a	CONDITIONAL_JUMP
ram:0006034c	ram:000428ec	UNCONDITIONAL_CALL
ram:0006035c	ram:00060258	CONDITIONAL_JUMP
ram:00060360	ram:0005e3f4	UNCONDITIONAL_CALL
ram:00060364	ram:00060258	UNCONDITIONAL_JUMP
ram:0006036c	ram:00060374	CONDITIONAL_JUMP
ram:00060372	ram:00060310	UNCONDITIONAL_JUMP
ram:00060378	ram:00060310	UNCONDITIONAL_JUMP
ram:00060384	ram:0006038c	CONDITIONAL_JUMP
ram:0006038a	ram:00060346	UNCONDITIONAL_JUMP
ram:0006038e	ram:00060386	UNCONDITIONAL_JUMP
ram:00060390	ram:000603c4	CONDITIONAL_JUMP
ram:00060398	ram:200010ec	COMPUTED_CALL
ram:0006039c	ram:20001e94	READ
ram:000603a2	ram:000603ae	CONDITIONAL_JUMP
ram:000603a6	ram:20001e94	WRITE
ram:000603aa	ram:0005ef72	UNCONDITIONAL_CALL
ram:000603b2	ram:000603ba	CONDITIONAL_JUMP
ram:000603b6	ram:0005e3f4	UNCONDITIONAL_CALL
ram:000603be	ram:000601ca	CONDITIONAL_JUMP
ram:000603c2	ram:00060258	UNCONDITIONAL_JUMP
ram:000603c4	ram:000603b6	CONDITIONAL_JUMP
ram:000603c8	ram:00060258	UNCONDITIONAL_JUMP
ram:000603d8	Stack[-0x20]	DATA
ram:000603e6	ram:20001dd8	READ
ram:000603f6	ram:20001e9d	READ
ram:000603fa	ram:20001e94	PARAM
ram:000603fe	ram:0006040e	CONDITIONAL_JUMP
ram:00060400	ram:20001e9c	READ
ram:00060406	ram:0006040e	CONDITIONAL_JUMP
ram:0006040a	ram:20001e9d	WRITE
ram:0006040e	ram:20001e9b	READ
ram:0006041c	ram:00060428	CONDITIONAL_JUMP
ram:00060420	ram:20001e9c	WRITE
ram:00060424	ram:20001e9d	WRITE
ram:00060428	ram:00062262	UNCONDITIONAL_CALL
ram:0006043e	ram:20000104	COMPUTED_CALL
ram:00060446	ram:20001b67	READ
ram:00060458	ram:0004244a	UNCONDITIONAL_CALL
ram:0006045c	ram:20001b67	READ
ram:00060462	ram:0004244a	UNCONDITIONAL_CALL
ram:0006046e	ram:0006047c	CONDITIONAL_JUMP
ram:00060472	ram:00042494	UNCONDITIONAL_CALL
ram:00060484	ram:00060492	CONDITIONAL_JUMP
ram:00060488	ram:00042494	UNCONDITIONAL_CALL
ram:000604ae	ram:0005d5f6	UNCONDITIONAL_CALL
ram:000604b6	ram:000603de	UNCONDITIONAL_CALL
ram:000604be	ram:20001b67	READ
ram:000604c2	ram:000604ee	CONDITIONAL_JUMP
ram:000604ca	ram:000526d0	PARAM
ram:000604d0	ram:000426a0	UNCONDITIONAL_CALL
ram:000604d4	ram:000527d8	UNCONDITIONAL_CALL
ram:000604e6	ram:20001ddc	WRITE
ram:000604e6	ram:0005db64	DATA
ram:000604fa	ram:20001ddc	WRITE
ram:000604fa	ram:0005db64	DATA
ram:0006050c	ram:00057c90	UNCONDITIONAL_CALL
ram:00060512	ram:00060588	CONDITIONAL_JUMP
ram:00060514	ram:00057ba2	UNCONDITIONAL_CALL
ram:0006051a	ram:00060650	CONDITIONAL_JUMP
ram:0006053c	ram:20001bcc	READ
ram:00060550	ram:00060558	CONDITIONAL_JUMP
ram:00060562	ram:0006056a	CONDITIONAL_JUMP
ram:00060576	ram:20000040	COMPUTED_CALL
ram:0006057e	ram:00060598	CONDITIONAL_JUMP
ram:00060584	ram:00057d86	UNCONDITIONAL_CALL
ram:0006059c	ram:20001eac	READ
ram:000605ac	ram:20001e2c	READ
ram:000605b0	ram:20001e28	READ
ram:000605be	ram:20001d9a	READ
ram:000605ce	ram:20001daa	READ
ram:000605fe	ram:00055dd2	UNCONDITIONAL_CALL
ram:00060602	ram:20001bd0	READ
ram:0006060a	ram:00061d68	UNCONDITIONAL_CALL
ram:0006064a	ram:20001d68	WRITE
ram:0006064e	ram:00060588	UNCONDITIONAL_JUMP
ram:00060652	ram:00060588	UNCONDITIONAL_JUMP
ram:0006065c	ram:20001d60	PARAM
ram:0006066c	ram:20001d63	READ
ram:0006067c	ram:00042866	UNCONDITIONAL_CALL
ram:00060684	ram:20001b8c	READ
ram:00060698	ram:20001bd4	READ
ram:000606f8	ram:0006bae2	UNCONDITIONAL_CALL
ram:00060702	ram:20001bd2	READ
ram:00060706	ram:00060718	CONDITIONAL_JUMP
ram:0006070e	ram:00060718	CONDITIONAL_JUMP
ram:00060732	ram:00055a44	UNCONDITIONAL_CALL
ram:00060738	ram:00055d70	UNCONDITIONAL_CALL
ram:0006074a	ram:00055a08	UNCONDITIONAL_CALL
ram:00060750	ram:00058334	UNCONDITIONAL_CALL
ram:0006075a	ram:000575b0	PARAM
ram:0006075e	ram:20001dfc	WRITE
ram:00060762	ram:00042570	UNCONDITIONAL_CALL
ram:0006076a	ram:20001e7c	READ
ram:00060770	ram:0006078c	CONDITIONAL_JUMP
ram:00060772	ram:20001bec	READ
ram:00060776	ram:0006078c	CONDITIONAL_JUMP
ram:00060780	ram:20001bec	READ
ram:00060790	ram:20001d6e	WRITE
ram:00060794	ram:20001d70	WRITE
ram:000607ae	ram:000607b4	CONDITIONAL_JUMP
ram:000607bc	ram:00042954	UNCONDITIONAL_CALL
ram:000607e6	ram:00060d96	CONDITIONAL_JUMP
ram:0006080e	ram:00060820	CONDITIONAL_JUMP
ram:0006081a	ram:0005cde4	UNCONDITIONAL_CALL
ram:0006081e	ram:0006083c	UNCONDITIONAL_JUMP
ram:00060828	ram:00060898	CONDITIONAL_JUMP
ram:00060836	ram:00060892	CONDITIONAL_JUMP
ram:00060838	ram:0005ad4a	UNCONDITIONAL_CALL
ram:00060842	ram:000608a4	CONDITIONAL_JUMP
ram:00060866	ram:20001eb0	READ
ram:0006086e	ram:20001e88	READ
ram:00060892	ram:0005ad24	UNCONDITIONAL_CALL
ram:00060896	ram:0006083c	UNCONDITIONAL_JUMP
ram:0006089c	ram:000608c6	CONDITIONAL_JUMP
ram:000608bc	ram:20001eb0	READ
ram:000608c4	ram:0006086c	UNCONDITIONAL_JUMP
ram:000608cc	ram:00060a98	CONDITIONAL_JUMP
ram:000608d0	ram:0006099a	CONDITIONAL_JUMP
ram:000608d6	ram:000608e4	CONDITIONAL_JUMP
ram:000608de	ram:0005b2d4	UNCONDITIONAL_CALL
ram:000608e2	ram:0006083c	UNCONDITIONAL_JUMP
ram:000608e8	ram:000608f8	CONDITIONAL_JUMP
ram:000608f2	ram:0005b41e	UNCONDITIONAL_CALL
ram:000608f6	ram:0006083c	UNCONDITIONAL_JUMP
ram:000608fc	ram:0006090c	CONDITIONAL_JUMP
ram:00060906	ram:0005ada2	UNCONDITIONAL_CALL
ram:0006090a	ram:0006083c	UNCONDITIONAL_JUMP
ram:00060910	ram:00060922	CONDITIONAL_JUMP
ram:0006091c	ram:0005c572	UNCONDITIONAL_CALL
ram:00060920	ram:0006083c	UNCONDITIONAL_JUMP
ram:00060926	ram:00060938	CONDITIONAL_JUMP
ram:00060932	ram:0005ae46	UNCONDITIONAL_CALL
ram:00060936	ram:0006083c	UNCONDITIONAL_JUMP
ram:0006093c	ram:0006094c	CONDITIONAL_JUMP
ram:00060946	ram:0005b70c	UNCONDITIONAL_CALL
ram:0006094a	ram:0006083c	UNCONDITIONAL_JUMP
ram:00060950	ram:00060962	CONDITIONAL_JUMP
ram:0006095c	ram:0005aff2	UNCONDITIONAL_CALL
ram:00060960	ram:0006083c	UNCONDITIONAL_JUMP
ram:00060966	ram:0006097c	CONDITIONAL_JUMP
ram:00060976	ram:0005b020	UNCONDITIONAL_CALL
ram:0006097a	ram:0006083c	UNCONDITIONAL_JUMP
ram:00060980	ram:00060994	CONDITIONAL_JUMP
ram:0006098e	ram:0005b124	UNCONDITIONAL_CALL
ram:00060992	ram:0006083c	UNCONDITIONAL_JUMP
ram:00060998	ram:000608a4	UNCONDITIONAL_JUMP
ram:0006099e	ram:00060b5a	CONDITIONAL_JUMP
ram:000609a6	ram:000609b6	CONDITIONAL_JUMP
ram:000609b0	ram:0005aca6	UNCONDITIONAL_CALL
ram:000609b4	ram:0006083c	UNCONDITIONAL_JUMP
ram:000609ba	ram:000609ca	CONDITIONAL_JUMP
ram:000609c4	ram:0005b324	UNCONDITIONAL_CALL
ram:000609c8	ram:0006083c	UNCONDITIONAL_JUMP
ram:000609ce	ram:000609e4	CONDITIONAL_JUMP
ram:000609d2	ram:00060ad0	CONDITIONAL_JUMP
ram:000609de	ram:0005b374	UNCONDITIONAL_CALL
ram:000609e2	ram:0006083c	UNCONDITIONAL_JUMP
ram:000609e8	ram:000609f8	CONDITIONAL_JUMP
ram:000609f2	ram:0005ad74	UNCONDITIONAL_CALL
ram:000609f6	ram:0006083c	UNCONDITIONAL_JUMP
ram:000609fc	ram:00060a12	CONDITIONAL_JUMP
ram:00060a0c	ram:0005c4a0	UNCONDITIONAL_CALL
ram:00060a10	ram:0006083c	UNCONDITIONAL_JUMP
ram:00060a16	ram:00060a2e	CONDITIONAL_JUMP
ram:00060a1c	ram:00060ad0	CONDITIONAL_JUMP
ram:00060a28	ram:0005adbc	UNCONDITIONAL_CALL
ram:00060a2c	ram:0006083c	UNCONDITIONAL_JUMP
ram:00060a32	ram:00060a46	CONDITIONAL_JUMP
ram:00060a40	ram:0005af82	UNCONDITIONAL_CALL
ram:00060a44	ram:0006083c	UNCONDITIONAL_JUMP
ram:00060a4a	ram:00060a5e	CONDITIONAL_JUMP
ram:00060a58	ram:0005afca	UNCONDITIONAL_CALL
ram:00060a5c	ram:0006083c	UNCONDITIONAL_JUMP
ram:00060a62	ram:00060a78	CONDITIONAL_JUMP
ram:00060a72	ram:0005b0a2	UNCONDITIONAL_CALL
ram:00060a76	ram:0006083c	UNCONDITIONAL_JUMP
ram:00060a7c	ram:00060a92	CONDITIONAL_JUMP
ram:00060a8c	ram:0005b4bc	UNCONDITIONAL_CALL
ram:00060a90	ram:0006083c	UNCONDITIONAL_JUMP
ram:00060a96	ram:000608a4	UNCONDITIONAL_JUMP
ram:00060a98	ram:00060ad0	CONDITIONAL_JUMP
ram:00060aa0	ram:00060b1e	CONDITIONAL_JUMP
ram:00060aa8	ram:00060bf4	CONDITIONAL_JUMP
ram:00060ab0	ram:00060c7e	CONDITIONAL_JUMP
ram:00060ab4	ram:00060ae2	CONDITIONAL_JUMP
ram:00060abc	ram:00060c56	CONDITIONAL_JUMP
ram:00060ac0	ram:00060ad4	CONDITIONAL_JUMP
ram:00060ac6	ram:00060c0e	CONDITIONAL_JUMP
ram:00060acc	ram:00060c1a	CONDITIONAL_JUMP
ram:00060ad2	ram:0006081a	UNCONDITIONAL_JUMP
ram:00060ad8	ram:00060cb0	CONDITIONAL_JUMP
ram:00060ae0	ram:00060acc	UNCONDITIONAL_JUMP
ram:00060ae6	ram:00060c32	CONDITIONAL_JUMP
ram:00060aea	ram:00060b00	CONDITIONAL_JUMP
ram:00060af2	ram:00060cd4	CONDITIONAL_JUMP
ram:00060afa	ram:000608de	CONDITIONAL_JUMP
ram:00060afe	ram:00060ad0	UNCONDITIONAL_JUMP
ram:00060b04	ram:00060b9c	CONDITIONAL_JUMP
ram:00060b0c	ram:00060bb4	CONDITIONAL_JUMP
ram:00060b14	ram:00060ad0	CONDITIONAL_JUMP
ram:00060b18	ram:0005cde4	UNCONDITIONAL_CALL
ram:00060b1c	ram:00060c2c	UNCONDITIONAL_JUMP
ram:00060b22	ram:00060d0a	CONDITIONAL_JUMP
ram:00060b26	ram:00060b68	CONDITIONAL_JUMP
ram:00060b2e	ram:00060b58	CONDITIONAL_JUMP
ram:00060b32	ram:00060b48	CONDITIONAL_JUMP
ram:00060b3a	ram:00060d04	CONDITIONAL_JUMP
ram:00060b42	ram:0006091a	CONDITIONAL_JUMP
ram:00060b46	ram:00060ad0	UNCONDITIONAL_JUMP
ram:00060b4c	ram:00060930	CONDITIONAL_JUMP
ram:00060b54	ram:00060ad0	CONDITIONAL_JUMP
ram:00060b5e	ram:20000628	COMPUTED_CALL
ram:00060b62	ram:0006083c	CONDITIONAL_JUMP
ram:00060b66	ram:00060ad0	UNCONDITIONAL_JUMP
ram:00060b6c	ram:00060b86	CONDITIONAL_JUMP
ram:00060b74	ram:00060d84	CONDITIONAL_JUMP
ram:00060b7c	ram:00060ad0	CONDITIONAL_JUMP
ram:00060b80	ram:0005b70c	UNCONDITIONAL_CALL
ram:00060b84	ram:00060bc4	UNCONDITIONAL_JUMP
ram:00060b8a	ram:0006095a	CONDITIONAL_JUMP
ram:00060b92	ram:00060ad0	CONDITIONAL_JUMP
ram:00060b96	ram:0005b124	UNCONDITIONAL_CALL
ram:00060b9a	ram:00060bc4	UNCONDITIONAL_JUMP
ram:00060ba0	ram:00060ad0	CONDITIONAL_JUMP
ram:00060baa	ram:0005aff2	UNCONDITIONAL_CALL
ram:00060bb2	ram:0006083c	UNCONDITIONAL_JUMP
ram:00060bb8	ram:00060be2	CONDITIONAL_JUMP
ram:00060bbc	ram:00060bcc	CONDITIONAL_JUMP
ram:00060bc0	ram:0005b41e	UNCONDITIONAL_CALL
ram:00060bca	ram:0006083c	UNCONDITIONAL_JUMP
ram:00060bd2	ram:00060c76	CONDITIONAL_JUMP
ram:00060bdc	ram:0005ad4a	UNCONDITIONAL_CALL
ram:00060be0	ram:00060bc4	UNCONDITIONAL_JUMP
ram:00060be2	ram:0005cde4	UNCONDITIONAL_CALL
ram:00060bf2	ram:00060bc4	UNCONDITIONAL_JUMP
ram:00060bf4	ram:0005cde4	UNCONDITIONAL_CALL
ram:00060c0c	ram:0006083c	UNCONDITIONAL_JUMP
ram:00060c0e	ram:0005abba	UNCONDITIONAL_CALL
ram:00060c18	ram:0006083c	UNCONDITIONAL_JUMP
ram:00060c1c	ram:0005cde4	UNCONDITIONAL_CALL
ram:00060c30	ram:0006083c	UNCONDITIONAL_JUMP
ram:00060c36	ram:20000628	COMPUTED_CALL
ram:00060c3a	ram:0006083c	CONDITIONAL_JUMP
ram:00060c46	ram:0005ac84	UNCONDITIONAL_CALL
ram:00060c54	ram:0006083c	UNCONDITIONAL_JUMP
ram:00060c5c	ram:00060c64	CONDITIONAL_JUMP
ram:00060c5e	ram:0005b22c	UNCONDITIONAL_CALL
ram:00060c62	ram:0006083c	UNCONDITIONAL_JUMP
ram:00060c70	ram:00060c76	CONDITIONAL_JUMP
ram:00060c74	ram:00060bd6	UNCONDITIONAL_JUMP
ram:00060c78	ram:0005ad24	UNCONDITIONAL_CALL
ram:00060c7c	ram:00060bc4	UNCONDITIONAL_JUMP
ram:00060c7e	ram:0005abec	UNCONDITIONAL_CALL
ram:00060c86	ram:00060c9a	CONDITIONAL_JUMP
ram:00060c96	ram:200001dc	COMPUTED_CALL
ram:00060cae	ram:0006083c	UNCONDITIONAL_JUMP
ram:00060cb6	ram:00060cce	CONDITIONAL_JUMP
ram:00060cbe	ram:0005ad4a	UNCONDITIONAL_CALL
ram:00060ccc	ram:00060bc4	UNCONDITIONAL_JUMP
ram:00060cce	ram:0005ad24	UNCONDITIONAL_CALL
ram:00060cd2	ram:00060cc2	UNCONDITIONAL_JUMP
ram:00060ce8	ram:0005ac0e	UNCONDITIONAL_CALL
ram:00060d02	ram:00060bee	UNCONDITIONAL_JUMP
ram:00060d04	ram:0005ada2	UNCONDITIONAL_CALL
ram:00060d08	ram:00060bc4	UNCONDITIONAL_JUMP
ram:00060d0e	ram:00060d24	CONDITIONAL_JUMP
ram:00060d18	ram:00060d24	CONDITIONAL_JUMP
ram:00060d28	ram:00060d44	CONDITIONAL_JUMP
ram:00060d34	ram:00060d44	CONDITIONAL_JUMP
ram:00060d48	ram:00060d66	CONDITIONAL_JUMP
ram:00060d50	ram:00060d66	CONDITIONAL_JUMP
ram:00060d60	ram:0005cde4	UNCONDITIONAL_CALL
ram:00060d64	ram:00060bc4	UNCONDITIONAL_JUMP
ram:00060d6a	ram:00060d5e	CONDITIONAL_JUMP
ram:00060d72	ram:00060d5e	CONDITIONAL_JUMP
ram:00060d82	ram:00060d5e	UNCONDITIONAL_JUMP
ram:00060d84	ram:0005cde4	UNCONDITIONAL_CALL
ram:00060d94	ram:00060bee	UNCONDITIONAL_JUMP
ram:00060d9e	ram:20001d70	READ
ram:00060da4	ram:20001d70	WRITE
ram:00060da8	ram:0006083c	UNCONDITIONAL_JUMP
ram:00060db8	ram:20001df8	READ
ram:00060dfc	ram:00061006	CONDITIONAL_JUMP
ram:00060e04	ram:20001eb0	READ
ram:00060e0c	ram:00060e2c	CONDITIONAL_JUMP
ram:00060e22	ram:00060e2c	CONDITIONAL_JUMP
ram:00060e32	ram:00060e3c	CONDITIONAL_JUMP
ram:00060e38	ram:00061bec	UNCONDITIONAL_CALL
ram:00060e44	ram:20001e88	READ
ram:00060e66	ram:40001040	WRITE
ram:00060e6e	ram:40001040	WRITE
ram:00060e78	ram:00060f80	CONDITIONAL_JUMP
ram:00060e7c	ram:40001022	READ
ram:00060e84	ram:40001022	WRITE
ram:00060e88	ram:20001e88	READ
ram:00060e98	ram:20001eb0	READ
ram:00060ea6	ram:20001e9b	WRITE
ram:00060eb6	ram:20001e94	WRITE
ram:00060ebc	ram:00060eba	CONDITIONAL_JUMP
ram:00060ed0	ram:00062030	UNCONDITIONAL_CALL
ram:00060ee2	ram:00060f90	CONDITIONAL_JUMP
ram:00060ee8	ram:20001eb0	READ
ram:00060efc	ram:20001eb0	READ
ram:00060f0a	ram:20001e98	WRITE
ram:00060f16	ram:20001eb0	READ
ram:00060f1a	ram:20001e99	WRITE
ram:00060f20	ram:20001e95	WRITE
ram:00060f2e	ram:20001e88	READ
ram:00060f34	ram:20001efc	READ
ram:00060f38	ram:00060fe2	CONDITIONAL_JUMP
ram:00060f7a	ram:200010ec	COMPUTED_CALL
ram:00060f7e	ram:00060df4	UNCONDITIONAL_JUMP
ram:00060f80	ram:40001022	READ
ram:00060f8e	ram:00060e84	UNCONDITIONAL_JUMP
ram:00060f90	ram:20001eb0	READ
ram:00060f9e	ram:00060fc8	CONDITIONAL_JUMP
ram:00060fa6	ram:20001eb0	READ
ram:00060fb6	ram:20001e98	WRITE
ram:00060fc6	ram:00060f16	UNCONDITIONAL_JUMP
ram:00060fcc	ram:20001eb0	READ
ram:00060fdc	ram:20001e98	WRITE
ram:00060fe0	ram:00060fba	UNCONDITIONAL_JUMP
ram:00061004	ram:00060f5c	UNCONDITIONAL_JUMP
ram:0006100a	ram:00061632	CONDITIONAL_JUMP
ram:0006100e	ram:20001e94	READ
ram:00061014	ram:000614a6	CONDITIONAL_JUMP
ram:00061018	ram:20001e94	READ
ram:00061020	ram:000610bc	CONDITIONAL_JUMP
ram:0006102c	ram:00061050	CONDITIONAL_JUMP
ram:00061042	ram:20001bd4	READ
ram:00061054	ram:20001e88	READ
ram:00061060	ram:20001ea4	READ
ram:0006106c	ram:20001b8c	READ
ram:00061070	ram:20001bd2	READ
ram:00061076	ram:000611d0	CONDITIONAL_JUMP
ram:00061090	ram:0006bae2	UNCONDITIONAL_CALL
ram:00061098	ram:000610aa	CONDITIONAL_JUMP
ram:000610a0	ram:000610aa	CONDITIONAL_JUMP
ram:000610d2	ram:20001120	COMPUTED_CALL
ram:000610da	ram:20001da6	READ
ram:000610de	ram:20001e9a	WRITE
ram:000610e8	ram:20001e9a	READ
ram:000610ee	ram:000613a4	CONDITIONAL_JUMP
ram:000610fe	ram:20001e94	READ
ram:00061106	ram:0006112c	CONDITIONAL_JUMP
ram:00061132	ram:000611f0	CONDITIONAL_JUMP
ram:00061136	ram:00055dde	UNCONDITIONAL_CALL
ram:0006113a	ram:000611f0	CONDITIONAL_JUMP
ram:00061150	ram:0006118a	CONDITIONAL_JUMP
ram:00061156	ram:0006118a	CONDITIONAL_JUMP
ram:0006115e	ram:0006118a	CONDITIONAL_JUMP
ram:00061172	ram:20000104	COMPUTED_CALL
ram:0006118e	ram:0006119e	CONDITIONAL_JUMP
ram:00061196	ram:0006119e	CONDITIONAL_JUMP
ram:0006119a	ram:00055e2e	UNCONDITIONAL_CALL
ram:000611a6	ram:000611d6	CONDITIONAL_JUMP
ram:000611ce	ram:000611f0	UNCONDITIONAL_JUMP
ram:000611d4	ram:0006107e	UNCONDITIONAL_JUMP
ram:000611da	ram:000612a2	CONDITIONAL_JUMP
ram:000611f0	ram:20001e9a	READ
ram:000611f6	ram:000612f0	CONDITIONAL_JUMP
ram:00061200	ram:000612f0	CONDITIONAL_JUMP
ram:00061216	ram:00061258	CONDITIONAL_JUMP
ram:0006123c	ram:20001bd4	READ
ram:00061254	ram:20001dfc	WRITE
ram:0006125a	ram:20001e94	WRITE
ram:0006125e	ram:000607c0	UNCONDITIONAL_CALL
ram:0006126c	ram:000613ba	CONDITIONAL_JUMP
ram:0006127a	ram:00061f0a	UNCONDITIONAL_CALL
ram:00061282	ram:0006146a	CONDITIONAL_JUMP
ram:0006128c	ram:0006146a	CONDITIONAL_JUMP
ram:00061294	ram:00061b68	UNCONDITIONAL_CALL
ram:00061298	ram:000613be	CONDITIONAL_JUMP
ram:0006129c	ram:00062262	UNCONDITIONAL_CALL
ram:000612a0	ram:000615fc	UNCONDITIONAL_JUMP
ram:000612a6	ram:000612dc	CONDITIONAL_JUMP
ram:000612ae	ram:20001e88	READ
ram:000612b2	ram:20001e9e	WRITE
ram:000612c0	ram:40001018	READ
ram:000612c8	ram:40001018	WRITE
ram:000612da	ram:000611ca	UNCONDITIONAL_JUMP
ram:000612de	ram:000611f0	CONDITIONAL_JUMP
ram:000612ee	ram:000611f0	UNCONDITIONAL_JUMP
ram:000612f2	ram:00055e06	UNCONDITIONAL_CALL
ram:000612f6	ram:0006120e	CONDITIONAL_JUMP
ram:000612fe	ram:00055d9e	UNCONDITIONAL_CALL
ram:00061308	ram:00061340	CONDITIONAL_JUMP
ram:0006130e	ram:00061340	CONDITIONAL_JUMP
ram:0006131a	ram:00061340	CONDITIONAL_JUMP
ram:00061334	ram:0006120e	CONDITIONAL_JUMP
ram:0006133a	ram:00055e7e	UNCONDITIONAL_CALL
ram:0006133e	ram:0006120e	UNCONDITIONAL_JUMP
ram:00061346	ram:0006138c	CONDITIONAL_JUMP
ram:00061352	ram:00061378	CONDITIONAL_JUMP
ram:0006135c	ram:00061384	CONDITIONAL_JUMP
ram:00061372	ram:0005ac30	UNCONDITIONAL_CALL
ram:00061376	ram:00061384	UNCONDITIONAL_JUMP
ram:0006137c	ram:0006c138	DATA
ram:00061382	ram:00061356	CONDITIONAL_JUMP
ram:00061388	ram:0006132e	CONDITIONAL_JUMP
ram:0006138a	ram:0006120e	UNCONDITIONAL_JUMP
ram:00061390	ram:0006120e	CONDITIONAL_JUMP
ram:0006139a	ram:20000750	COMPUTED_CALL
ram:0006139e	ram:0006120e	CONDITIONAL_JUMP
ram:000613a2	ram:00061384	UNCONDITIONAL_JUMP
ram:000613ae	ram:20001d6e	READ
ram:000613b4	ram:20001d6e	WRITE
ram:000613b8	ram:0006120e	UNCONDITIONAL_JUMP
ram:000613bc	ram:0006127a	UNCONDITIONAL_JUMP
ram:000613c2	ram:20001e88	READ
ram:000613e2	ram:20001efc	READ
ram:000613f0	ram:20001eb0	READ
ram:000613fe	ram:20001e88	READ
ram:0006141e	ram:00060f76	CONDITIONAL_JUMP
ram:00061428	ram:00060f76	CONDITIONAL_JUMP
ram:0006143c	ram:00068280	UNCONDITIONAL_CALL
ram:00061440	ram:00060f76	CONDITIONAL_JUMP
ram:0006145e	ram:00060f76	CONDITIONAL_JUMP
ram:00061468	ram:00060f76	UNCONDITIONAL_JUMP
ram:0006146e	ram:20001e88	READ
ram:0006148e	ram:20001efc	READ
ram:0006149c	ram:20001eb0	READ
ram:000614a4	ram:000613f8	UNCONDITIONAL_JUMP
ram:000614aa	ram:20001eb0	READ
ram:000614b0	ram:00060df4	CONDITIONAL_JUMP
ram:000614b4	ram:20001e94	PARAM
ram:000614b8	ram:20001e98	WRITE
ram:000614bc	ram:00062262	UNCONDITIONAL_CALL
ram:000614c0	ram:20001e94	READ
ram:000614ca	ram:0006177e	CONDITIONAL_JUMP
ram:000614ce	ram:000607a4	UNCONDITIONAL_CALL
ram:000614d2	ram:20001d72	READ
ram:000614d8	ram:20001d72	WRITE
ram:000614e2	ram:0006159e	CONDITIONAL_JUMP
ram:000614fc	ram:00061624	CONDITIONAL_JUMP
ram:00061518	ram:200012e0	COMPUTED_CALL
ram:0006152c	ram:00061534	CONDITIONAL_JUMP
ram:00061530	ram:0006159e	CONDITIONAL_JUMP
ram:00061536	ram:000582da	UNCONDITIONAL_CALL
ram:0006153c	ram:0006159e	CONDITIONAL_JUMP
ram:0006154c	ram:20000214	COMPUTED_CALL
ram:0006156e	ram:0006ba8a	UNCONDITIONAL_CALL
ram:0006157e	ram:0006161e	CONDITIONAL_JUMP
ram:0006158e	ram:0006155e	CONDITIONAL_JUMP
ram:000615a2	ram:000615fc	CONDITIONAL_JUMP
ram:000615ac	ram:000615fc	CONDITIONAL_JUMP
ram:000615b2	ram:20001e7c	READ
ram:000615b8	ram:000615f4	CONDITIONAL_JUMP
ram:000615c2	ram:20001bec	READ
ram:000615c4	ram:000615f4	CONDITIONAL_JUMP
ram:000615c6	ram:20001d70	READ
ram:000615ca	ram:20001d72	READ
ram:000615d6	ram:20001bec	READ
ram:000615d8	ram:20001d6e	READ
ram:000615e0	ram:20001bec	READ
ram:000615ea	ram:20001bec	READ
ram:000615f4	ram:20001d6e	WRITE
ram:000615f8	ram:20001d70	WRITE
ram:000615fe	ram:00056878	UNCONDITIONAL_CALL
ram:00061622	ram:00061584	UNCONDITIONAL_JUMP
ram:00061630	ram:0006159e	UNCONDITIONAL_JUMP
ram:00061636	ram:0006129c	CONDITIONAL_JUMP
ram:0006163a	ram:20001e95	READ
ram:00061640	ram:00061784	CONDITIONAL_JUMP
ram:00061648	ram:20001e95	WRITE
ram:00061650	ram:0006174c	CONDITIONAL_JUMP
ram:0006165a	ram:2000082c	COMPUTED_CALL
ram:00061660	ram:0006174c	CONDITIONAL_JUMP
ram:00061676	ram:00062030	UNCONDITIONAL_CALL
ram:0006168c	ram:00061708	CONDITIONAL_JUMP
ram:00061692	ram:00061bec	UNCONDITIONAL_CALL
ram:00061694	ram:20001e88	READ
ram:000616b0	ram:20001efc	READ
ram:000616ba	ram:20001eb0	READ
ram:000616c8	ram:20001eb0	READ
ram:000616da	ram:20001eb0	READ
ram:000616e0	ram:20001e88	READ
ram:000616ea	ram:20001e98	WRITE
ram:000616f6	ram:00061738	CONDITIONAL_JUMP
ram:00061706	ram:00060f76	UNCONDITIONAL_JUMP
ram:00061708	ram:20001e88	READ
ram:00061724	ram:20001efc	READ
ram:0006172e	ram:20001eb0	READ
ram:00061736	ram:000616c2	UNCONDITIONAL_JUMP
ram:0006173e	ram:00061746	CONDITIONAL_JUMP
ram:00061744	ram:000616fe	UNCONDITIONAL_JUMP
ram:0006174a	ram:000616fe	UNCONDITIONAL_JUMP
ram:0006174c	ram:00062262	UNCONDITIONAL_CALL
ram:00061754	ram:0006177c	CONDITIONAL_JUMP
ram:0006175a	ram:0006176a	CONDITIONAL_JUMP
ram:00061762	ram:00056968	UNCONDITIONAL_CALL
ram:0006176e	ram:20001bec	READ
ram:00061772	ram:0006177c	CONDITIONAL_JUMP
ram:0006177e	ram:00056dec	UNCONDITIONAL_CALL
ram:00061782	ram:000615fc	UNCONDITIONAL_JUMP
ram:00061788	ram:20001eb0	READ
ram:0006178e	ram:00060df4	CONDITIONAL_JUMP
ram:00061792	ram:20001e98	WRITE
ram:00061796	ram:00062262	UNCONDITIONAL_CALL
ram:0006179a	ram:0006177c	UNCONDITIONAL_JUMP
ram:000617a0	ram:000558e4	UNCONDITIONAL_CALL
ram:000617b4	ram:20001e08	WRITE
ram:000617b4	ram:00060500	DATA
ram:000617c2	ram:20001e0c	WRITE
ram:000617c2	ram:00060654	DATA
ram:000617d2	ram:20001d60	PARAM
ram:000617d8	ram:20001e14	READ
ram:000617f4	ram:0006183e	CONDITIONAL_JUMP
ram:00061800	ram:20000040	COMPUTED_CALL
ram:00061808	ram:00061866	CONDITIONAL_JUMP
ram:00061820	ram:200001dc	COMPUTED_CALL
ram:00061824	ram:20001e14	READ
ram:00061828	ram:00061878	CONDITIONAL_JUMP
ram:0006182a	ram:20001e14	WRITE
ram:00061832	ram:20001e10	READ
ram:00061838	ram:20001e10	WRITE
ram:0006183c	ram:00061864	UNCONDITIONAL_JUMP
ram:00061846	ram:00061850	CONDITIONAL_JUMP
ram:0006184e	ram:000617f4	UNCONDITIONAL_JUMP
ram:0006185c	ram:2000026a	COMPUTED_CALL
ram:00061860	ram:0006184a	CONDITIONAL_JUMP
ram:00061878	ram:0006182e	CONDITIONAL_JUMP
ram:00061880	ram:0006182e	UNCONDITIONAL_JUMP
ram:00061890	ram:20001e14	READ
ram:000618ac	ram:000618c2	CONDITIONAL_JUMP
ram:000618ca	ram:000618d4	CONDITIONAL_JUMP
ram:000618d2	ram:000618ac	UNCONDITIONAL_JUMP
ram:000618e0	ram:2000026a	COMPUTED_CALL
ram:000618e4	ram:000618ce	CONDITIONAL_JUMP
ram:000618ea	ram:000618f4	CONDITIONAL_JUMP
ram:000618ee	ram:20001e14	WRITE
ram:000618f2	ram:000618f8	UNCONDITIONAL_JUMP
ram:000618fe	ram:20000104	COMPUTED_CALL
ram:00061902	ram:20001e10	READ
ram:0006190a	ram:20001e10	WRITE
ram:0006190e	ram:000618b0	UNCONDITIONAL_JUMP
ram:00061918	ram:20001d60	PARAM
ram:0006191c	ram:20001e14	READ
ram:00061928	ram:0006193c	CONDITIONAL_JUMP
ram:0006192a	ram:20001e14	WRITE
ram:0006192e	ram:20001e10	WRITE
ram:00061942	ram:20000104	COMPUTED_CALL
ram:00061948	ram:00061928	UNCONDITIONAL_JUMP
ram:00061952	ram:20001e14	WRITE
ram:00061956	ram:20001e10	WRITE
ram:00061964	ram:20001eb0	READ
ram:00061978	ram:0006219c	UNCONDITIONAL_CALL
ram:0006197c	ram:20001eb0	READ
ram:0006198c	ram:20001e84	READ
ram:00061aa0	ram:20001e84	READ
ram:00061aa8	ram:00061b40	CONDITIONAL_JUMP
ram:00061ab6	ram:20001e84	READ
ram:00061ac2	ram:20001e84	READ
ram:00061ace	ram:20001e84	READ
ram:00061ada	ram:20001e84	READ
ram:00061b42	ram:00061aa0	UNCONDITIONAL_JUMP
ram:00061b4c	ram:20000dbc	COMPUTED_CALL
ram:00061b5c	ram:0006195c	UNCONDITIONAL_CALL
ram:00061b6c	ram:20001eb0	READ
ram:00061b7c	ram:20001eb0	READ
ram:00061b92	ram:20001e84	READ
ram:00061bf0	ram:20001eb0	READ
ram:00061c00	ram:20001eb0	READ
ram:00061c16	ram:20001e84	READ
ram:00061c7a	ram:20001e9a	WRITE
ram:00061c84	ram:20001e88	READ
ram:00061c96	ram:20001e88	READ
ram:00061cc4	ram:20001bd0	READ
ram:00061cec	ram:40001040	WRITE
ram:00061cf4	ram:40001040	WRITE
ram:00061cf8	ram:20001bd0	READ
ram:00061cfe	ram:00061d36	CONDITIONAL_JUMP
ram:00061d02	ram:40001022	READ
ram:00061d0a	ram:40001022	WRITE
ram:00061d0e	ram:20001e88	READ
ram:00061d22	ram:e000e053	WRITE
ram:00061d32	ram:e000e06c	WRITE
ram:00061d32	ram:200010a3	DATA
ram:00061d36	ram:40001022	READ
ram:00061d44	ram:00061d0a	UNCONDITIONAL_JUMP
ram:00061d4a	ram:20001e88	READ
ram:00061d56	ram:00061d62	CONDITIONAL_JUMP
ram:00061d6c	ram:00061dd0	CONDITIONAL_JUMP
ram:00061d76	ram:00061dcc	CONDITIONAL_JUMP
ram:00061d7e	ram:00061dcc	CONDITIONAL_JUMP
ram:00061d86	ram:00061dcc	CONDITIONAL_JUMP
ram:00061d8e	ram:00061dcc	CONDITIONAL_JUMP
ram:00061d96	ram:00061dcc	CONDITIONAL_JUMP
ram:00061d9e	ram:00061dcc	CONDITIONAL_JUMP
ram:00061da6	ram:00061dcc	CONDITIONAL_JUMP
ram:00061dae	ram:00061dcc	CONDITIONAL_JUMP
ram:00061db6	ram:00061dcc	CONDITIONAL_JUMP
ram:00061dbe	ram:00061dcc	CONDITIONAL_JUMP
ram:00061dc6	ram:00061dcc	CONDITIONAL_JUMP
ram:00061dd2	ram:00061dcc	UNCONDITIONAL_JUMP
ram:00061dd6	ram:00061e36	CONDITIONAL_JUMP
ram:00061dde	ram:00061e32	CONDITIONAL_JUMP
ram:00061de6	ram:00061e32	CONDITIONAL_JUMP
ram:00061dee	ram:00061e32	CONDITIONAL_JUMP
ram:00061df6	ram:00061e32	CONDITIONAL_JUMP
ram:00061dfc	ram:00061e32	CONDITIONAL_JUMP
ram:00061e02	ram:00061e32	CONDITIONAL_JUMP
ram:00061e08	ram:00061e32	CONDITIONAL_JUMP
ram:00061e10	ram:00061e32	CONDITIONAL_JUMP
ram:00061e18	ram:00061e32	CONDITIONAL_JUMP
ram:00061e20	ram:00061e32	CONDITIONAL_JUMP
ram:00061e2a	ram:00061e32	CONDITIONAL_JUMP
ram:00061e38	ram:00061e32	UNCONDITIONAL_JUMP
ram:00061e3e	ram:20001e88	READ
ram:00061e5c	ram:20001efc	READ
ram:00061e72	ram:20001eb0	READ
ram:00061eea	ram:00061ef4	CONDITIONAL_JUMP
ram:00061ef0	ram:00061ee8	CONDITIONAL_JUMP
ram:00061f0e	ram:20001e90	READ
ram:00061f12	ram:00061f28	CONDITIONAL_JUMP
ram:00061f3c	ram:20001e88	READ
ram:00061f40	ram:20001eb0	READ
ram:00061f44	ram:20001e9e	READ
ram:00061f48	ram:00061fd2	CONDITIONAL_JUMP
ram:00061f72	ram:00061fac	CONDITIONAL_JUMP
ram:00061f88	ram:20001eb0	READ
ram:00061f98	ram:20001e98	WRITE
ram:00061fba	ram:20001eb0	READ
ram:00061fca	ram:20001e98	WRITE
ram:00061fd0	ram:00061f9e	UNCONDITIONAL_JUMP
ram:00061fe4	ram:0006200a	CONDITIONAL_JUMP
ram:00061ff4	ram:20001eb0	READ
ram:00062002	ram:20001e98	WRITE
ram:00062008	ram:00061f9e	UNCONDITIONAL_JUMP
ram:0006201c	ram:20001eb0	READ
ram:0006202a	ram:20001e98	WRITE
ram:0006202e	ram:00061fce	UNCONDITIONAL_JUMP
ram:00062034	ram:20001e90	READ
ram:00062038	ram:00062052	CONDITIONAL_JUMP
ram:00062056	ram:20001e8c	READ
ram:00062066	ram:20001e88	READ
ram:00062072	ram:000620d8	CONDITIONAL_JUMP
ram:000620b0	ram:000620ce	CONDITIONAL_JUMP
ram:000620c4	ram:20001ea0	WRITE
ram:000620c6	ram:000620cc	CONDITIONAL_JUMP
ram:000620ca	ram:20001ea0	WRITE
ram:000620d6	ram:000620bc	UNCONDITIONAL_JUMP
ram:00062108	ram:00062134	CONDITIONAL_JUMP
ram:00062126	ram:0006213e	CONDITIONAL_JUMP
ram:00062132	ram:000620c4	UNCONDITIONAL_JUMP
ram:0006213c	ram:00062114	UNCONDITIONAL_JUMP
ram:00062146	ram:0006212e	UNCONDITIONAL_JUMP
ram:00062148	ram:0006215c	CONDITIONAL_JUMP
ram:0006214e	ram:40001018	READ
ram:00062158	ram:40001018	WRITE
ram:00062162	ram:20001e9e	WRITE
ram:0006216c	ram:20001e88	READ
ram:00062186	ram:00062192	CONDITIONAL_JUMP
ram:0006219a	ram:0006218e	UNCONDITIONAL_JUMP
ram:000621a4	ram:20001e9d	READ
ram:000621a8	ram:000621c6	CONDITIONAL_JUMP
ram:000621aa	ram:20001e9b	READ
ram:000621b8	ram:000621c6	CONDITIONAL_JUMP
ram:000621be	ram:20001e9c	WRITE
ram:000621c2	ram:20001e9d	WRITE
ram:000621d6	ram:20001e9c	READ
ram:000621e0	ram:00062216	CONDITIONAL_JUMP
ram:000621e8	ram:20001eb4	READ
ram:000621f0	ram:20001ed4	PARAM
ram:000621f6	ram:20001ed7	READ
ram:000621fa	ram:20001ed6	READ
ram:000621fe	ram:00062254	CONDITIONAL_JUMP
ram:00062200	ram:20001ed8	READ
ram:00062202	ram:00062254	CONDITIONAL_JUMP
ram:0006220a	ram:00062e22	UNCONDITIONAL_CALL
ram:0006220e	ram:00062216	CONDITIONAL_JUMP
ram:00062212	ram:20001e9d	WRITE
ram:00062216	ram:20001e9c	READ
ram:0006221c	ram:00062232	CONDITIONAL_JUMP
ram:00062224	ram:20001dd8	READ
ram:0006222c	ram:0006225a	CONDITIONAL_JUMP
ram:0006222e	ram:0005fea2	UNCONDITIONAL_CALL
ram:00062232	ram:20001e9c	READ
ram:00062238	ram:0006225a	CONDITIONAL_JUMP
ram:00062240	ram:20001de8	READ
ram:00062248	ram:0006225a	CONDITIONAL_JUMP
ram:00062250	ram:000585c6	UNCONDITIONAL_CALL
ram:00062258	ram:0006220a	UNCONDITIONAL_JUMP
ram:00062266	ram:20001eb0	READ
ram:0006226e	ram:0006228e	CONDITIONAL_JUMP
ram:00062284	ram:0006228e	CONDITIONAL_JUMP
ram:00062292	ram:20001e88	READ
ram:000622a6	ram:20001efc	READ
ram:000622b6	ram:20001eb0	READ
ram:000622c4	ram:20001e90	READ
ram:000622c8	ram:000622de	CONDITIONAL_JUMP
ram:000622e2	ram:20001e9b	WRITE
ram:000622f8	ram:00062030	UNCONDITIONAL_CALL
ram:00062300	ram:20001efc	READ
ram:0006231e	ram:20001e88	READ
ram:0006233c	ram:20001eb0	READ
ram:00062344	ram:20001e94	WRITE
ram:0006234c	ram:20001e98	WRITE
ram:00062356	ram:20001e99	WRITE
ram:0006235c	ram:20001e95	WRITE
ram:00062360	ram:20001e9b	WRITE
ram:00062398	ram:20001eb0	READ
ram:000623ac	ram:000623ce	CONDITIONAL_JUMP
ram:000623c4	ram:000623ce	CONDITIONAL_JUMP
ram:000623d2	ram:20001e88	READ
ram:000623ec	ram:20001eb0	READ
ram:000623f0	ram:20001ea8	READ
ram:00062412	ram:20001efc	READ
ram:00062432	ram:000624be	CONDITIONAL_JUMP
ram:00062460	ram:20001e96	WRITE
ram:00062464	ram:20001e97	WRITE
ram:00062468	ram:20001e98	WRITE
ram:0006247c	ram:20001e9b	WRITE
ram:00062484	ram:200011be	COMPUTED_CALL
ram:0006248c	ram:20001e90	READ
ram:00062490	ram:0006249c	CONDITIONAL_JUMP
ram:0006249c	ram:20001e97	READ
ram:000624a2	ram:000624b6	CONDITIONAL_JUMP
ram:000624ac	ram:20001d68	READ
ram:000624b2	ram:20001d68	WRITE
ram:000624da	ram:00062454	UNCONDITIONAL_JUMP
ram:000624e0	ram:20001e90	WRITE
ram:000624e4	ram:000624fa	CONDITIONAL_JUMP
ram:00062524	ram:0006254c	CONDITIONAL_JUMP
ram:0006252c	ram:000428ec	UNCONDITIONAL_CALL
ram:00062550	ram:00042910	UNCONDITIONAL_CALL
ram:00062560	ram:00062566	CONDITIONAL_JUMP
ram:0006257a	ram:00062588	CONDITIONAL_JUMP
ram:00062584	ram:000625cc	CONDITIONAL_JUMP
ram:00062588	ram:0006256c	CONDITIONAL_JUMP
ram:0006259c	ram:000625cc	CONDITIONAL_JUMP
ram:0006259e	ram:000625cc	CONDITIONAL_JUMP
ram:000625a4	ram:00062594	CONDITIONAL_JUMP
ram:000625b4	ram:0006253c	CONDITIONAL_JUMP
ram:000625c0	ram:0006253c	CONDITIONAL_JUMP
ram:000625c8	ram:0006253c	CONDITIONAL_JUMP
ram:000625d2	ram:00062524	UNCONDITIONAL_JUMP
ram:000625e0	ram:20001e9b	READ
ram:000625ee	ram:0006269e	CONDITIONAL_JUMP
ram:000625f4	ram:0006269e	CONDITIONAL_JUMP
ram:000625fc	ram:20001e84	READ
ram:00062604	ram:4000c300	PARAM
ram:00062608	ram:0006269e	CONDITIONAL_JUMP
ram:0006260c	ram:00062730	UNCONDITIONAL_CALL
ram:00062612	ram:00063ffc	UNCONDITIONAL_CALL
ram:00062616	ram:00061c92	UNCONDITIONAL_CALL
ram:0006261a	ram:20001e88	READ
ram:00062648	ram:20001efc	READ
ram:00062652	ram:20001eb0	READ
ram:0006265c	ram:00064394	UNCONDITIONAL_CALL
ram:00062660	ram:000650d8	UNCONDITIONAL_CALL
ram:00062664	ram:00064208	UNCONDITIONAL_CALL
ram:00062668	ram:0006428a	UNCONDITIONAL_CALL
ram:0006266c	ram:20001e88	READ
ram:0006267c	ram:20001efc	READ
ram:0006268c	ram:20001eb0	READ
ram:00062696	ram:0006219c	UNCONDITIONAL_CALL
ram:0006269a	ram:20001e9b	WRITE
ram:000626b0	ram:20001e8c	WRITE
ram:000626b8	ram:20001e90	WRITE
ram:000626c8	ram:20001e84	WRITE
ram:000626c8	ram:4000c300	DATA
ram:000626d4	ram:20001eb0	WRITE
ram:000626d4	ram:4000c200	DATA
ram:000626dc	ram:4000d000	PARAM
ram:000626e0	ram:20001efc	WRITE
ram:000626e0	ram:4000d000	DATA
ram:000626ee	ram:20001e88	WRITE
ram:000626ee	ram:4000c100	DATA
ram:000626f8	ram:20001e94	PARAM
ram:000626fe	ram:20001e9b	WRITE
ram:00062706	ram:20001bbc	READ
ram:0006270a	ram:20001eac	WRITE
ram:00062710	ram:20001ea8	WRITE
ram:00062712	ram:000625d4	UNCONDITIONAL_CALL
ram:00062720	ram:e000e100	WRITE
ram:00062728	ram:e000e100	WRITE
ram:00062734	ram:20001eb0	READ
ram:00062756	ram:20001eac	READ
ram:00062770	ram:e000e052	WRITE
ram:00062780	ram:e000e068	WRITE
ram:00062780	ram:2000168b	DATA
ram:00062788	ram:20001efc	READ
ram:00062790	ram:20001e88	READ
ram:00062794	ram:000628a2	CONDITIONAL_JUMP
ram:000627a0	ram:0006282c	CONDITIONAL_JUMP
ram:000627b4	ram:000627c4	CONDITIONAL_JUMP
ram:000627bc	ram:0006289c	CONDITIONAL_JUMP
ram:0006280e	ram:20001eb4	READ
ram:00062814	ram:0006282a	CONDITIONAL_JUMP
ram:00062834	ram:0006285a	CONDITIONAL_JUMP
ram:00062858	ram:000627ae	UNCONDITIONAL_JUMP
ram:0006285e	ram:0006286e	CONDITIONAL_JUMP
ram:0006286c	ram:000627ae	UNCONDITIONAL_JUMP
ram:00062876	ram:00062890	CONDITIONAL_JUMP
ram:0006288e	ram:0006284c	UNCONDITIONAL_JUMP
ram:0006289a	ram:000627ae	UNCONDITIONAL_JUMP
ram:000628a0	ram:000627c4	UNCONDITIONAL_JUMP
ram:000628b6	ram:0006280a	UNCONDITIONAL_JUMP
ram:000628ba	ram:20002000	PARAM
ram:000628c0	ram:20001ee2	WRITE
ram:000628c4	ram:00062262	UNCONDITIONAL_CALL
ram:000628cc	ram:00042570	UNCONDITIONAL_CALL
ram:000628e4	ram:20001eb4	READ
ram:000628e8	ram:20001eb0	READ
ram:00062902	ram:00062a1c	CONDITIONAL_JUMP
ram:00062906	ram:20001e96	READ
ram:0006290c	ram:000629fc	CONDITIONAL_JUMP
ram:00062912	ram:20001ed0	READ
ram:0006291c	ram:20001e96	WRITE
ram:00062920	ram:00062030	UNCONDITIONAL_CALL
ram:00062924	ram:20001eb4	READ
ram:00062936	ram:200011be	COMPUTED_CALL
ram:0006293a	ram:000628b8	UNCONDITIONAL_CALL
ram:0006293e	ram:20001ec4	READ
ram:0006294a	ram:20001e97	READ
ram:00062950	ram:000629e2	CONDITIONAL_JUMP
ram:00062952	ram:20001eac	READ
ram:00062954	ram:20001e97	WRITE
ram:00062964	ram:20001e98	WRITE
ram:0006296c	ram:20001120	COMPUTED_CALL
ram:0006297e	ram:0006299c	CONDITIONAL_JUMP
ram:00062980	ram:20001eac	READ
ram:0006298a	ram:0006299c	CONDITIONAL_JUMP
ram:0006298e	ram:20001ed5	READ
ram:00062992	ram:0006299c	CONDITIONAL_JUMP
ram:00062996	ram:0006299c	CONDITIONAL_JUMP
ram:0006299c	ram:20001eb4	READ
ram:000629a0	ram:000629ae	CONDITIONAL_JUMP
ram:000629a4	ram:20001eac	READ
ram:000629b6	ram:20001ec4	READ
ram:000629b8	ram:20001eac	READ
ram:000629c2	ram:20001ee0	READ
ram:000629c8	ram:000629d4	CONDITIONAL_JUMP
ram:000629ca	ram:20001ee4	READ
ram:000629d0	ram:00042138	UNCONDITIONAL_CALL
ram:000629e2	ram:20001eb0	READ
ram:000629e8	ram:000629d4	CONDITIONAL_JUMP
ram:000629ea	ram:20001ec4	READ
ram:000629ee	ram:20001e98	WRITE
ram:000629fa	ram:000629d4	UNCONDITIONAL_JUMP
ram:000629fe	ram:00062902	CONDITIONAL_JUMP
ram:00062a02	ram:000628b8	UNCONDITIONAL_CALL
ram:00062a06	ram:00042954	UNCONDITIONAL_CALL
ram:00062a0e	ram:20001e98	WRITE
ram:00062a12	ram:20001ec4	READ
ram:00062a1a	ram:000629f8	UNCONDITIONAL_JUMP
ram:00062a1c	ram:20001e97	READ
ram:00062a22	ram:00062a3e	CONDITIONAL_JUMP
ram:00062a24	ram:000628b8	UNCONDITIONAL_CALL
ram:00062a2c	ram:20001e97	WRITE
ram:00062a30	ram:20001e98	WRITE
ram:00062a34	ram:20001ec4	READ
ram:00062a3c	ram:000629f8	UNCONDITIONAL_JUMP
ram:00062a40	ram:00062a1c	CONDITIONAL_JUMP
ram:00062a42	ram:000628b8	UNCONDITIONAL_CALL
ram:00062a46	ram:00062a0a	UNCONDITIONAL_JUMP
ram:00062a52	ram:00042bb4	UNCONDITIONAL_CALL
ram:00062a56	ram:00062a8e	CONDITIONAL_JUMP
ram:00062a64	ram:200002b4	COMPUTED_CALL
ram:00062a6a	ram:00062a8e	CONDITIONAL_JUMP
ram:00062a7a	ram:20000214	COMPUTED_CALL
ram:00062a84	ram:00042e5e	UNCONDITIONAL_CALL
ram:00062a8a	ram:00042e10	UNCONDITIONAL_CALL
ram:00062a96	ram:00062b74	CONDITIONAL_JUMP
ram:00062aa0	Stack[-0x10]	DATA
ram:00062aac	ram:00062ab4	CONDITIONAL_JUMP
ram:00062ab2	ram:00062b68	CONDITIONAL_JUMP
ram:00062abe	ram:20001eb4	PARAM
ram:00062ac6	ram:20000214	COMPUTED_CALL
ram:00062ad0	ram:20001eb4	PARAM
ram:00062ad8	ram:200001dc	COMPUTED_CALL
ram:00062ae0	ram:20001ecd	READ
ram:00062ae8	ram:00062af2	CONDITIONAL_JUMP
ram:00062aee	ram:20001ecd	WRITE
ram:00062af2	ram:20001ece	READ
ram:00062af6	ram:00062afe	CONDITIONAL_JUMP
ram:00062afa	ram:20001ece	WRITE
ram:00062afe	ram:20001ecf	READ
ram:00062b02	ram:00062b0a	CONDITIONAL_JUMP
ram:00062b06	ram:20001ecf	WRITE
ram:00062b0a	ram:20001ed0	READ
ram:00062b0e	ram:00062b16	CONDITIONAL_JUMP
ram:00062b12	ram:20001ed0	WRITE
ram:00062b16	ram:20001ed1	READ
ram:00062b1a	ram:00062b22	CONDITIONAL_JUMP
ram:00062b1e	ram:20001ed1	WRITE
ram:00062b26	ram:20001ed4	PARAM
ram:00062b2a	ram:20001ed8	READ
ram:00062b30	ram:00062b3a	CONDITIONAL_JUMP
ram:00062b36	ram:20000104	COMPUTED_CALL
ram:00062b3a	ram:20001eb4	READ
ram:00062b3e	ram:20001ed8	WRITE
ram:00062b44	ram:00062b5a	CONDITIONAL_JUMP
ram:00062b46	ram:20001ed1	READ
ram:00062b54	ram:20000040	COMPUTED_CALL
ram:00062b58	ram:20001ed8	WRITE
ram:00062b5a	ram:20001eb5	READ
ram:00062b60	ram:20001ee3	WRITE
ram:00062b64	ram:20001ebc	READ
ram:00062b66	ram:20001ee8	WRITE
ram:00062b6e	Stack[-0x10]	DATA
ram:00062b84	ram:20001ebc	READ
ram:00062b9e	ram:00062e1e	CONDITIONAL_JUMP
ram:00062ba6	ram:20001e88	READ
ram:00062bc4	ram:20001efc	READ
ram:00062bd8	ram:20001eb0	READ
ram:00062be8	ram:20001ee0	READ
ram:00062bf8	ram:00062dbe	CONDITIONAL_JUMP
ram:00062bfc	ram:20001e88	READ
ram:00062c0a	ram:20001ee0	READ
ram:00062c10	ram:00062dd8	CONDITIONAL_JUMP
ram:00062c14	ram:20001eb5	READ
ram:00062c1a	ram:00062784	UNCONDITIONAL_CALL
ram:00062c1e	ram:20001e88	READ
ram:00062c3a	ram:20001efc	READ
ram:00062c44	ram:20001eb0	READ
ram:00062c4e	ram:20001eb4	READ
ram:00062c56	ram:00062dec	CONDITIONAL_JUMP
ram:00062c5a	ram:20001eb8	READ
ram:00062c6e	ram:00062dec	CONDITIONAL_JUMP
ram:00062c78	ram:20001ebc	READ
ram:00062c7e	ram:20001ed4	WRITE
ram:00062c84	ram:20001ec0	READ
ram:00062c8c	ram:20001ed5	WRITE
ram:00062c94	ram:20001ee2	READ
ram:00062c9c	ram:20001ee2	WRITE
ram:00062ca0	ram:20001e94	PARAM
ram:00062ca4	ram:20001ea8	READ
ram:00062caa	ram:00062df2	CONDITIONAL_JUMP
ram:00062cc0	ram:200001dc	COMPUTED_CALL
ram:00062cc4	ram:20001eb0	READ
ram:00062cc8	ram:20001ea8	READ
ram:00062cd4	ram:20001e97	WRITE
ram:00062cd8	ram:000628d8	PARAM
ram:00062cdc	ram:20001e98	WRITE
ram:00062ce0	ram:00042570	UNCONDITIONAL_CALL
ram:00062ce4	ram:0006219c	UNCONDITIONAL_CALL
ram:00062cea	ram:20001e9b	WRITE
ram:00062cee	ram:20001ee0	READ
ram:00062cf4	ram:00062d38	CONDITIONAL_JUMP
ram:00062cf6	ram:20001eb0	READ
ram:00062cfc	ram:00062cfa	CONDITIONAL_JUMP
ram:00062d02	ram:20001c00	READ
ram:00062d0c	ram:20001bd2	READ
ram:00062d10	ram:20001edc	READ
ram:00062d14	ram:00062df8	CONDITIONAL_JUMP
ram:00062d1a	ram:20001eb4	READ
ram:00062d20	ram:20001ea8	READ
ram:00062d26	ram:00062e08	CONDITIONAL_JUMP
ram:00062d38	ram:20001eb4	READ
ram:00062d48	ram:200011be	COMPUTED_CALL
ram:00062d4c	ram:20001efc	READ
ram:00062d58	ram:00062da0	CONDITIONAL_JUMP
ram:00062d5a	ram:20001eb8	READ
ram:00062dc2	ram:20001736	COMPUTED_CALL
ram:00062dc6	ram:00062dbe	CONDITIONAL_JUMP
ram:00062dca	ram:20001ece	READ
ram:00062dd2	ram:00062dbe	CONDITIONAL_JUMP
ram:00062dd6	ram:00062bfc	UNCONDITIONAL_JUMP
ram:00062dd8	ram:20001eb4	READ
ram:00062de0	ram:00062c14	CONDITIONAL_JUMP
ram:00062de6	ram:20001eb8	READ
ram:00062dea	ram:00062c1a	UNCONDITIONAL_JUMP
ram:00062df0	ram:00062c76	UNCONDITIONAL_JUMP
ram:00062df6	ram:00062cc4	UNCONDITIONAL_JUMP
ram:00062df8	ram:00062d18	CONDITIONAL_JUMP
ram:00062e06	ram:00062d1a	UNCONDITIONAL_JUMP
ram:00062e1c	ram:00062d38	UNCONDITIONAL_JUMP
ram:00062e20	ram:00062da0	UNCONDITIONAL_JUMP
ram:00062e26	ram:20001dfc	READ
ram:00062e2a	ram:00062e4a	CONDITIONAL_JUMP
ram:00062e56	ram:20001ebc	READ
ram:00062e6e	ram:00062e30	CONDITIONAL_JUMP
ram:00062e74	ram:20001eb0	READ
ram:00062e7c	ram:00062e9c	CONDITIONAL_JUMP
ram:00062e92	ram:00062e9c	CONDITIONAL_JUMP
ram:00062ea4	ram:20001ee0	READ
ram:00062eb6	ram:00062ec4	CONDITIONAL_JUMP
ram:00062eb8	ram:20001eb4	READ
ram:00062ec0	ram:00062fe2	CONDITIONAL_JUMP
ram:00062ec4	ram:20001eb5	READ
ram:00062eca	ram:00062784	UNCONDITIONAL_CALL
ram:00062ece	ram:20001eb4	READ
ram:00062ed2	ram:20001ed0	READ
ram:00062edc	ram:00062030	UNCONDITIONAL_CALL
ram:00062ee4	ram:20001ebc	READ
ram:00062ee8	ram:20001e88	READ
ram:00062eec	ram:20001ed7	WRITE
ram:00062ef0	ram:20001ed6	WRITE
ram:00062ef6	ram:20001ec0	READ
ram:00062efc	ram:20001eb4	READ
ram:00062f00	ram:20001eb0	READ
ram:00062f0c	ram:00062f58	CONDITIONAL_JUMP
ram:00062f0e	ram:20001ed8	READ
ram:00062f10	ram:00062f26	CONDITIONAL_JUMP
ram:00062f12	ram:20001ed1	READ
ram:00062f20	ram:20000040	COMPUTED_CALL
ram:00062f24	ram:20001ed8	WRITE
ram:00062f26	ram:20001ed8	READ
ram:00062f28	ram:00062e30	CONDITIONAL_JUMP
ram:00062f2a	ram:20001ed6	READ
ram:00062f32	ram:20001ed8	READ
ram:00062f34	ram:00062ff0	CONDITIONAL_JUMP
ram:00062f38	ram:00062ff0	CONDITIONAL_JUMP
ram:00062f40	ram:20001ed8	READ
ram:00062f4c	ram:200001dc	COMPUTED_CALL
ram:00062f50	ram:20001eb0	READ
ram:00062f54	ram:20001ed8	READ
ram:00062f58	ram:0006219c	UNCONDITIONAL_CALL
ram:00062f5c	ram:20001ee2	READ
ram:00062f6a	ram:20001ee2	WRITE
ram:00062f6e	ram:20002000	PARAM
ram:00062f72	ram:20001e94	WRITE
ram:00062f7a	ram:20001e98	WRITE
ram:00062f7e	ram:20001e9b	WRITE
ram:00062f86	ram:20001be4	READ
ram:00062f8e	ram:00062f9e	CONDITIONAL_JUMP
ram:00062f90	ram:20001ee4	READ
ram:00062f9a	ram:0004224c	UNCONDITIONAL_CALL
ram:00062f9e	ram:20001eb0	READ
ram:00062fa2	ram:20001e99	WRITE
ram:00062fa6	ram:20001e88	READ
ram:00062faa	ram:20001e95	WRITE
ram:00062fd0	ram:20001efc	READ
ram:00062fe0	ram:00062e32	UNCONDITIONAL_JUMP
ram:00062fea	ram:20001eb8	READ
ram:00062fee	ram:00062eca	UNCONDITIONAL_JUMP
ram:00062ff4	ram:00062f50	UNCONDITIONAL_JUMP
ram:00062ffe	ram:20001eb4	READ
ram:00063012	ram:000632e6	CONDITIONAL_JUMP
ram:00063016	ram:20001e94	READ
ram:0006301c	ram:000632b8	CONDITIONAL_JUMP
ram:00063024	ram:20001eac	READ
ram:0006302c	ram:20001efc	READ
ram:0006303e	ram:00063082	CONDITIONAL_JUMP
ram:00063044	ram:20001eb8	READ
ram:0006308c	ram:20001e94	WRITE
ram:00063094	ram:20001120	COMPUTED_CALL
ram:000630a8	ram:000630ca	CONDITIONAL_JUMP
ram:000630ac	ram:20001ed7	READ
ram:000630b4	ram:000630ca	CONDITIONAL_JUMP
ram:000630b8	ram:20001eac	READ
ram:000630c0	ram:000630ca	CONDITIONAL_JUMP
ram:000630c4	ram:000630ca	CONDITIONAL_JUMP
ram:000630ca	ram:20001eb4	READ
ram:000630ce	ram:000631da	CONDITIONAL_JUMP
ram:000630d2	ram:000631de	CONDITIONAL_JUMP
ram:000630de	ram:20001ee0	READ
ram:000630e4	ram:0006310e	CONDITIONAL_JUMP
ram:000630f4	ram:0006310e	CONDITIONAL_JUMP
ram:000630f8	ram:20001ea8	READ
ram:00063102	ram:20001eb4	READ
ram:0006310a	ram:20001eb4	WRITE
ram:00063112	ram:20001e88	READ
ram:00063126	ram:20001ed8	READ
ram:00063128	ram:20001eb4	READ
ram:00063134	ram:00061f0a	UNCONDITIONAL_CALL
ram:0006313c	ram:200010ec	COMPUTED_CALL
ram:00063140	ram:00062262	UNCONDITIONAL_CALL
ram:00063144	ram:20001ee0	READ
ram:0006314c	ram:0006327e	CONDITIONAL_JUMP
ram:00063154	ram:20001bd2	READ
ram:00063158	ram:20001ea4	READ
ram:0006315c	ram:0006321c	CONDITIONAL_JUMP
ram:00063162	ram:20001ea4	WRITE
ram:00063166	ram:20001ea4	READ
ram:0006316a	ram:20001edc	READ
ram:0006316c	ram:0006322c	CONDITIONAL_JUMP
ram:00063186	ram:0006324a	CONDITIONAL_JUMP
ram:0006318a	ram:00063238	CONDITIONAL_JUMP
ram:00063194	ram:000631a6	CONDITIONAL_JUMP
ram:00063198	ram:20001ea4	READ
ram:0006319c	ram:0006323e	CONDITIONAL_JUMP
ram:000631a4	ram:20001edc	WRITE
ram:000631a6	ram:20001ee4	READ
ram:000631ac	ram:00042138	UNCONDITIONAL_CALL
ram:000631b0	ram:20001eb4	READ
ram:000631b6	ram:00063274	CONDITIONAL_JUMP
ram:000631b8	ram:20001ed8	READ
ram:000631ba	ram:20001ed7	READ
ram:000631be	ram:20001ed6	READ
ram:000631c2	ram:0006326e	CONDITIONAL_JUMP
ram:000631ca	ram:00062e22	UNCONDITIONAL_CALL
ram:000631ce	ram:20001eb4	READ
ram:000631d4	ram:20001eb4	WRITE
ram:000631d8	ram:0006320c	UNCONDITIONAL_JUMP
ram:000631da	ram:000630de	CONDITIONAL_JUMP
ram:000631de	ram:00062262	UNCONDITIONAL_CALL
ram:000631e6	ram:20001eac	READ
ram:000631ea	ram:20001ec4	READ
ram:000631f4	ram:20001ed8	READ
ram:000631f6	ram:20001ed6	READ
ram:000631fa	ram:20001ed7	READ
ram:000631fe	ram:00063422	CONDITIONAL_JUMP
ram:00063208	ram:00062e22	UNCONDITIONAL_CALL
ram:0006321e	ram:00063160	CONDITIONAL_JUMP
ram:0006322a	ram:00063162	UNCONDITIONAL_JUMP
ram:0006322c	ram:00063170	CONDITIONAL_JUMP
ram:00063236	ram:00063170	UNCONDITIONAL_JUMP
ram:0006323c	ram:00063190	UNCONDITIONAL_JUMP
ram:0006323e	ram:000631a0	CONDITIONAL_JUMP
ram:00063248	ram:000631a0	UNCONDITIONAL_JUMP
ram:0006324a	ram:20001ea4	READ
ram:0006324e	ram:00063262	CONDITIONAL_JUMP
ram:0006325a	ram:20001edc	WRITE
ram:0006325c	ram:20001ee0	WRITE
ram:00063260	ram:000631a6	UNCONDITIONAL_JUMP
ram:00063262	ram:00063252	CONDITIONAL_JUMP
ram:0006326c	ram:00063252	UNCONDITIONAL_JUMP
ram:00063272	ram:000631ca	UNCONDITIONAL_JUMP
ram:0006327e	ram:000628b8	UNCONDITIONAL_CALL
ram:00063286	ram:20001ec4	READ
ram:00063288	ram:20001eac	READ
ram:00063292	ram:20001e95	READ
ram:00063298	ram:000632aa	CONDITIONAL_JUMP
ram:0006329a	ram:20001ec4	READ
ram:0006329c	ram:20001e95	WRITE
ram:000632a8	ram:0006320c	UNCONDITIONAL_JUMP
ram:000632aa	ram:20001e98	WRITE
ram:000632ae	ram:20001ec4	READ
ram:000632b6	ram:000632a6	UNCONDITIONAL_JUMP
ram:000632b8	ram:0006219c	UNCONDITIONAL_CALL
ram:000632c0	ram:20001e88	READ
ram:000632ce	ram:000628b8	UNCONDITIONAL_CALL
ram:000632d6	ram:20001bec	READ
ram:000632dc	ram:0006320c	CONDITIONAL_JUMP
ram:000632e4	ram:0006320c	UNCONDITIONAL_JUMP
ram:000632ea	ram:20001e95	READ
ram:000632f4	ram:000634dc	CONDITIONAL_JUMP
ram:00063300	ram:20001eac	READ
ram:00063304	ram:20001e95	WRITE
ram:00063308	ram:000628b8	UNCONDITIONAL_CALL
ram:00063310	ram:20001ee0	READ
ram:0006331c	ram:00063484	CONDITIONAL_JUMP
ram:0006332e	ram:0006333e	CONDITIONAL_JUMP
ram:00063332	ram:20001eb4	READ
ram:0006333a	ram:20001eb4	WRITE
ram:00063342	ram:20001bd2	READ
ram:00063346	ram:20001ea4	READ
ram:00063348	ram:00063428	CONDITIONAL_JUMP
ram:0006334e	ram:20001ea4	WRITE
ram:00063350	ram:20001ea4	READ
ram:00063352	ram:20001edc	READ
ram:00063356	ram:00063438	CONDITIONAL_JUMP
ram:00063370	ram:00063456	CONDITIONAL_JUMP
ram:00063374	ram:00063444	CONDITIONAL_JUMP
ram:0006337e	ram:00063390	CONDITIONAL_JUMP
ram:00063382	ram:20001ea4	READ
ram:00063384	ram:0006344a	CONDITIONAL_JUMP
ram:0006338c	ram:20001edc	WRITE
ram:00063390	ram:20001ee4	READ
ram:00063396	ram:00042138	UNCONDITIONAL_CALL
ram:0006339a	ram:20001eb4	READ
ram:000633a0	ram:0006347a	CONDITIONAL_JUMP
ram:000633a6	ram:20001eb0	READ
ram:000633b4	ram:20001ea8	READ
ram:000633be	ram:20001e96	WRITE
ram:000633c6	ram:20001e97	WRITE
ram:000633ca	ram:20001e88	READ
ram:000633ce	ram:20001e98	WRITE
ram:000633d2	ram:20001e99	WRITE
ram:000633ee	ram:20001efc	READ
ram:000633f2	ram:20001eb4	READ
ram:0006340c	ram:200011be	COMPUTED_CALL
ram:00063410	ram:20001eb4	READ
ram:00063414	ram:20001ed6	READ
ram:00063418	ram:20001ed7	READ
ram:0006341e	ram:20001eb4	WRITE
ram:00063426	ram:00063208	UNCONDITIONAL_JUMP
ram:0006342a	ram:0006334c	CONDITIONAL_JUMP
ram:00063436	ram:0006334e	UNCONDITIONAL_JUMP
ram:00063438	ram:0006335a	CONDITIONAL_JUMP
ram:00063442	ram:0006335a	UNCONDITIONAL_JUMP
ram:00063448	ram:0006337a	UNCONDITIONAL_JUMP
ram:0006344a	ram:00063388	CONDITIONAL_JUMP
ram:00063454	ram:00063388	UNCONDITIONAL_JUMP
ram:00063456	ram:20001ea4	READ
ram:00063458	ram:0006346e	CONDITIONAL_JUMP
ram:00063464	ram:20001edc	WRITE
ram:00063468	ram:20001ee0	WRITE
ram:0006346c	ram:00063390	UNCONDITIONAL_JUMP
ram:0006346e	ram:0006345c	CONDITIONAL_JUMP
ram:00063478	ram:0006345c	UNCONDITIONAL_JUMP
ram:00063484	ram:20001eac	READ
ram:00063492	ram:20001120	COMPUTED_CALL
ram:00063496	ram:20001eac	READ
ram:000634a6	ram:000634ba	CONDITIONAL_JUMP
ram:000634aa	ram:20001ed7	READ
ram:000634ae	ram:000634ba	CONDITIONAL_JUMP
ram:000634b2	ram:000634ba	CONDITIONAL_JUMP
ram:000634ba	ram:20001eb4	READ
ram:000634be	ram:000634cc	CONDITIONAL_JUMP
ram:000634c2	ram:000634cc	CONDITIONAL_JUMP
ram:000634d0	ram:20001ec4	READ
ram:000634d2	ram:20001eac	READ
ram:000634da	ram:000632a6	UNCONDITIONAL_JUMP
ram:000634dc	ram:0006219c	UNCONDITIONAL_CALL
ram:000634e4	ram:20001e88	READ
ram:000634f2	ram:000628b8	UNCONDITIONAL_CALL
ram:000634fa	ram:20001bec	READ
ram:000634fe	ram:0006320c	CONDITIONAL_JUMP
ram:00063504	ram:000632de	UNCONDITIONAL_JUMP
ram:0006350e	ram:20001ed4	PARAM
ram:00063512	ram:20001ed8	READ
ram:00063516	ram:20001ee2	WRITE
ram:0006351e	ram:00063528	CONDITIONAL_JUMP
ram:00063524	ram:20000104	COMPUTED_CALL
ram:00063530	ram:20001e9d	READ
ram:00063534	ram:20001ed8	WRITE
ram:00063538	ram:20001e94	PARAM
ram:0006353c	ram:0006354c	CONDITIONAL_JUMP
ram:0006353e	ram:20001e9c	READ
ram:00063544	ram:0006354c	CONDITIONAL_JUMP
ram:00063548	ram:20001e9d	WRITE
ram:0006354c	ram:20001e9b	READ
ram:0006355a	ram:00063566	CONDITIONAL_JUMP
ram:0006355e	ram:20001e9c	WRITE
ram:00063562	ram:20001e9d	WRITE
ram:00063566	ram:00062262	UNCONDITIONAL_CALL
ram:0006356a	ram:20001ee4	READ
ram:00063570	ram:0004244a	UNCONDITIONAL_CALL
ram:00063578	ram:00042570	UNCONDITIONAL_CALL
ram:00063588	Stack[-0x10]	DATA
ram:00063594	ram:00063506	UNCONDITIONAL_CALL
ram:0006359c	ram:20001ee3	READ
ram:000635a8	ram:20001eb5	WRITE
ram:000635ac	ram:20001ee4	READ
ram:000635b0	ram:20001ee8	READ
ram:000635b8	ram:20001ebc	WRITE
ram:000635ba	ram:0004244a	UNCONDITIONAL_CALL
ram:000635be	ram:20001ee4	READ
ram:000635c4	ram:0004244a	UNCONDITIONAL_CALL
ram:000635c8	ram:20001ee0	READ
ram:000635d0	ram:000635ee	CONDITIONAL_JUMP
ram:000635d2	ram:20001ec4	READ
ram:000635e2	ram:20001ee0	WRITE
ram:000635e8	Stack[-0x10]	DATA
ram:000635f0	ram:000635de	CONDITIONAL_JUMP
ram:000635f2	ram:20001ec4	READ
ram:000635fc	ram:000635dc	UNCONDITIONAL_JUMP
ram:0006361e	ram:20001ee0	READ
ram:00063624	ram:000636cc	CONDITIONAL_JUMP
ram:0006362a	ram:20001eb4	READ
ram:00063640	ram:20001eb4	WRITE
ram:00063656	ram:20001ed5	READ
ram:0006365a	ram:20001ed4	READ
ram:00063662	ram:00062b78	UNCONDITIONAL_CALL
ram:00063666	ram:20001e96	READ
ram:0006366c	ram:00063656	CONDITIONAL_JUMP
ram:0006366e	ram:20001eb4	READ
ram:0006367c	ram:20001e96	WRITE
ram:00063680	ram:00062030	UNCONDITIONAL_CALL
ram:0006368a	ram:00063686	CONDITIONAL_JUMP
ram:0006368c	ram:20001eb4	READ
ram:0006369e	ram:200011be	COMPUTED_CALL
ram:000636a2	ram:20001e97	READ
ram:000636a8	ram:000636e6	CONDITIONAL_JUMP
ram:000636aa	ram:20001e97	WRITE
ram:000636ae	ram:000628b8	UNCONDITIONAL_CALL
ram:000636b2	ram:20001ee0	READ
ram:000636b6	ram:20001ee4	READ
ram:000636c0	ram:20001ee0	WRITE
ram:000636c4	ram:00042138	UNCONDITIONAL_CALL
ram:000636c8	ram:20001eb4	WRITE
ram:000636e6	ram:000628b8	UNCONDITIONAL_CALL
ram:000636f2	ram:000636fc	CONDITIONAL_JUMP
ram:000636f6	ram:00063586	UNCONDITIONAL_CALL
ram:000636fa	ram:000636c8	UNCONDITIONAL_JUMP
ram:000636fc	ram:20001eb0	READ
ram:00063708	ram:20001eb0	READ
ram:00063714	ram:20001e98	WRITE
ram:00063720	ram:20001eb0	READ
ram:00063726	ram:00063656	CONDITIONAL_JUMP
ram:0006372a	ram:00063720	UNCONDITIONAL_JUMP
ram:00063738	ram:0006377e	CONDITIONAL_JUMP
ram:0006373e	ram:20001ed4	PARAM
ram:00063742	ram:20001ee0	READ
ram:0006374a	ram:00063772	CONDITIONAL_JUMP
ram:00063750	ram:20001ee4	READ
ram:00063758	ram:0006376c	CONDITIONAL_JUMP
ram:00063760	ram:20001ecd	READ
ram:0006376e	ram:0004224c	UNCONDITIONAL_CALL
ram:00063782	ram:000637c6	CONDITIONAL_JUMP
ram:00063788	ram:20001ed4	PARAM
ram:0006378c	ram:20001ee0	READ
ram:00063794	ram:000637c0	CONDITIONAL_JUMP
ram:0006379a	ram:20001ee4	READ
ram:000637a2	ram:000637ba	CONDITIONAL_JUMP
ram:000637aa	ram:20001ecd	READ
ram:000637bc	ram:0004224c	UNCONDITIONAL_CALL
ram:000637c4	ram:00063776	UNCONDITIONAL_JUMP
ram:000637ca	ram:000637d6	CONDITIONAL_JUMP
ram:000637cc	ram:000635fe	UNCONDITIONAL_CALL
ram:000637d4	ram:00063776	UNCONDITIONAL_JUMP
ram:000637da	ram:000637f2	CONDITIONAL_JUMP
ram:000637e0	ram:20001ee0	READ
ram:000637e6	ram:000637ec	CONDITIONAL_JUMP
ram:000637e8	ram:00063586	UNCONDITIONAL_CALL
ram:000637f0	ram:00063776	UNCONDITIONAL_JUMP
ram:000637f8	ram:00063776	CONDITIONAL_JUMP
ram:000637fa	ram:00042954	UNCONDITIONAL_CALL
ram:00063802	ram:20001e9b	READ
ram:00063808	ram:0006381e	CONDITIONAL_JUMP
ram:0006380c	ram:20002000	PARAM
ram:00063810	ram:20001ee4	READ
ram:0006381a	ram:0004224c	UNCONDITIONAL_CALL
ram:00063822	ram:00063776	UNCONDITIONAL_JUMP
ram:0006382e	ram:20001eb4	READ
ram:00063854	ram:20001ee0	WRITE
ram:00063858	ram:20001eb4	WRITE
ram:0006385c	ram:20001ee3	READ
ram:00063860	ram:20001ee8	READ
ram:0006386a	ram:20001ebc	WRITE
ram:00063872	ram:20001bd6	PARAM
ram:0006387c	ram:20001eb5	WRITE
ram:00063888	ram:200001dc	COMPUTED_CALL
ram:0006388c	ram:000624fc	UNCONDITIONAL_CALL
ram:000638a0	ram:20001ecd	READ
ram:000638ae	ram:20001ece	READ
ram:000638be	ram:20001ec8	READ
ram:000638c8	ram:20001ecc	READ
ram:000638d4	ram:20001bbc	PARAM
ram:000638d8	ram:20001bd0	READ
ram:000638dc	ram:00061d68	UNCONDITIONAL_CALL
ram:000638e8	ram:20002000	DATA
ram:000638ea	ram:20001bbc	DATA
ram:000638f2	ram:0006391a	CONDITIONAL_JUMP
ram:000638f4	ram:20001c00	READ
ram:00063902	ram:20001bd2	READ
ram:00063908	ram:0006391a	CONDITIONAL_JUMP
ram:00063910	ram:0006391a	CONDITIONAL_JUMP
ram:0006391a	ram:20001c00	READ
ram:00063920	ram:20001eec	WRITE
ram:0006392c	ram:00062e22	UNCONDITIONAL_CALL
ram:00063932	ram:00063ab4	CONDITIONAL_JUMP
ram:00063952	ram:20001e99	READ
ram:00063958	ram:00063b06	CONDITIONAL_JUMP
ram:00063960	ram:200010ec	COMPUTED_CALL
ram:00063964	ram:20001e94	READ
ram:0006396a	ram:00063af8	CONDITIONAL_JUMP
ram:0006396e	ram:20001eac	READ
ram:00063980	ram:20001e94	WRITE
ram:00063988	ram:20001120	COMPUTED_CALL
ram:0006398e	ram:00063af8	CONDITIONAL_JUMP
ram:00063998	ram:20001ed8	READ
ram:0006399c	ram:00063ad4	CONDITIONAL_JUMP
ram:000639a2	ram:00063b26	CONDITIONAL_JUMP
ram:000639b4	ram:200001dc	COMPUTED_CALL
ram:000639b8	ram:20001ed8	READ
ram:000639ba	ram:20001eb4	READ
ram:000639ca	ram:00061f0a	UNCONDITIONAL_CALL
ram:000639ce	ram:20001e88	READ
ram:000639e6	ram:200010ec	COMPUTED_CALL
ram:000639ea	ram:20001e95	READ
ram:000639f0	ram:00063af8	CONDITIONAL_JUMP
ram:000639f4	ram:20001eb0	READ
ram:000639fa	ram:20001e95	WRITE
ram:00063a04	ram:20001eb0	READ
ram:00063a0a	ram:20001e88	READ
ram:00063a14	ram:20001e98	WRITE
ram:00063a20	ram:00063b56	CONDITIONAL_JUMP
ram:00063a32	ram:200010ec	COMPUTED_CALL
ram:00063a36	ram:20001e94	READ
ram:00063a3c	ram:00063af8	CONDITIONAL_JUMP
ram:00063a3e	ram:20001eac	READ
ram:00063a42	ram:20001e94	WRITE
ram:00063a4c	ram:00063af8	CONDITIONAL_JUMP
ram:00063a50	ram:20001c00	READ
ram:00063a56	ram:20001edc	WRITE
ram:00063a58	ram:00063506	UNCONDITIONAL_CALL
ram:00063a5e	ram:20001ec8	READ
ram:00063a62	ram:20001eb5	WRITE
ram:00063a6e	ram:20001eb4	WRITE
ram:00063a72	ram:20001ee5	WRITE
ram:00063a7a	ram:20001ebc	WRITE
ram:00063a80	ram:20001ee0	WRITE
ram:00063a92	ram:00063a9c	CONDITIONAL_JUMP
ram:00063a9e	ram:00063a8c	CONDITIONAL_JUMP
ram:00063aa2	ram:00063aa8	CONDITIONAL_JUMP
ram:00063aa4	ram:20001ee5	WRITE
ram:00063aa8	ram:20001ee4	READ
ram:00063aae	ram:00042138	UNCONDITIONAL_CALL
ram:00063ad6	ram:00063af8	CONDITIONAL_JUMP
ram:00063ada	ram:20002000	PARAM
ram:00063ae2	ram:20001bd6	PARAM
ram:00063aec	ram:2000026a	COMPUTED_CALL
ram:00063af4	ram:000639a0	CONDITIONAL_JUMP
ram:00063b02	ram:00062e22	UNCONDITIONAL_CALL
ram:00063b08	ram:00063b72	CONDITIONAL_JUMP
ram:00063b0a	ram:20001c00	READ
ram:00063b10	ram:00063b6a	CONDITIONAL_JUMP
ram:00063b16	ram:00063b72	CONDITIONAL_JUMP
ram:00063b1a	ram:00063506	UNCONDITIONAL_CALL
ram:00063b20	ram:20001eb4	WRITE
ram:00063b24	ram:00063ab4	UNCONDITIONAL_JUMP
ram:00063b26	ram:00062262	UNCONDITIONAL_CALL
ram:00063b30	ram:20001ec8	PARAM
ram:00063b34	ram:20001ec8	WRITE
ram:00063b3c	ram:200012e0	COMPUTED_CALL
ram:00063b40	ram:20001ec8	PARAM
ram:00063b44	ram:000582da	UNCONDITIONAL_CALL
ram:00063b4a	ram:00063af8	CONDITIONAL_JUMP
ram:00063b4e	ram:20001ec8	READ
ram:00063b54	ram:00063af8	UNCONDITIONAL_JUMP
ram:00063b5c	ram:00063b64	CONDITIONAL_JUMP
ram:00063b62	ram:00063a28	UNCONDITIONAL_JUMP
ram:00063b68	ram:00063a28	UNCONDITIONAL_JUMP
ram:00063b6e	ram:00063b1a	CONDITIONAL_JUMP
ram:00063b72	ram:20001c00	READ
ram:00063b7a	ram:20001eec	READ
ram:00063b7c	ram:20001bd2	READ
ram:00063b80	ram:00063bac	CONDITIONAL_JUMP
ram:00063b8c	ram:00063952	CONDITIONAL_JUMP
ram:00063b90	ram:00042954	UNCONDITIONAL_CALL
ram:00063b94	ram:20001c00	READ
ram:00063b9a	ram:20001eec	WRITE
ram:00063ba6	ram:00062e22	UNCONDITIONAL_CALL
ram:00063baa	ram:00063946	UNCONDITIONAL_JUMP
ram:00063bac	ram:00063b84	CONDITIONAL_JUMP
ram:00063bba	ram:00063b86	UNCONDITIONAL_JUMP
ram:00063bc6	ram:20001eb4	READ
ram:00063be8	ram:20001ee0	WRITE
ram:00063bfa	ram:20001eb4	WRITE
ram:00063c02	ram:00042bb4	UNCONDITIONAL_CALL
ram:00063c12	ram:00063e50	CONDITIONAL_JUMP
ram:00063c24	ram:200002b4	COMPUTED_CALL
ram:00063c2a	ram:00063e50	CONDITIONAL_JUMP
ram:00063c36	ram:20001bd6	PARAM
ram:00063c42	ram:200001dc	COMPUTED_CALL
ram:00063c46	ram:20001bd0	READ
ram:00063c50	ram:00061d68	UNCONDITIONAL_CALL
ram:00063c54	ram:20001ee3	READ
ram:00063c60	ram:20001eb5	WRITE
ram:00063c64	ram:20001ee8	READ
ram:00063c6e	ram:20001ebc	WRITE
ram:00063c70	ram:20001c00	READ
ram:00063c90	ram:20001eec	WRITE
ram:00063ca2	ram:00062b78	UNCONDITIONAL_CALL
ram:00063ca6	ram:20001e96	READ
ram:00063cac	ram:00063c98	CONDITIONAL_JUMP
ram:00063cae	ram:20001eb4	READ
ram:00063cbc	ram:20001e96	WRITE
ram:00063cc0	ram:00062030	UNCONDITIONAL_CALL
ram:00063cc4	ram:20001eb4	READ
ram:00063cd6	ram:200011be	COMPUTED_CALL
ram:00063cda	ram:20001e97	READ
ram:00063ce0	ram:00063e78	CONDITIONAL_JUMP
ram:00063ce4	ram:20001eac	READ
ram:00063ce6	ram:20001e97	WRITE
ram:00063cf0	ram:20001e96	WRITE
ram:00063cf8	ram:20001120	COMPUTED_CALL
ram:00063cfe	ram:00063e78	CONDITIONAL_JUMP
ram:00063d02	ram:20001eac	READ
ram:00063d0c	ram:00063e78	CONDITIONAL_JUMP
ram:00063d12	ram:20001bd6	PARAM
ram:00063d1e	ram:2000026a	COMPUTED_CALL
ram:00063d24	ram:00063e78	CONDITIONAL_JUMP
ram:00063d28	ram:20001ea8	READ
ram:00063d30	ram:20001eb4	READ
ram:00063d38	ram:00061f0a	UNCONDITIONAL_CALL
ram:00063d3c	ram:20001eb4	READ
ram:00063d4c	ram:200011be	COMPUTED_CALL
ram:00063d50	ram:20001e96	READ
ram:00063d56	ram:00063e78	CONDITIONAL_JUMP
ram:00063d5a	ram:20001c00	READ
ram:00063d5e	ram:20001e96	WRITE
ram:00063d64	ram:20001edc	WRITE
ram:00063d66	ram:00063506	UNCONDITIONAL_CALL
ram:00063d6e	ram:20001eb5	WRITE
ram:00063d72	ram:20001ee1	WRITE
ram:00063d76	ram:20001ecd	WRITE
ram:00063d84	ram:20001ece	WRITE
ram:00063d8c	ram:20001ecf	WRITE
ram:00063dac	ram:20001ebc	WRITE
ram:00063dc8	ram:20001ee5	WRITE
ram:00063dd0	ram:20001ec8	WRITE
ram:00063ddc	ram:00063de6	CONDITIONAL_JUMP
ram:00063de8	ram:00063dd6	CONDITIONAL_JUMP
ram:00063dec	ram:00063df2	CONDITIONAL_JUMP
ram:00063dee	ram:20001ee5	WRITE
ram:00063df6	ram:20001ee4	READ
ram:00063dfe	ram:20001ecc	WRITE
ram:00063e06	ram:20001ee0	WRITE
ram:00063e0a	ram:20001eb4	WRITE
ram:00063e0e	ram:0004224c	UNCONDITIONAL_CALL
ram:00063e1a	ram:00063e30	CONDITIONAL_JUMP
ram:00063e26	ram:00042e5e	UNCONDITIONAL_CALL
ram:00063e2c	ram:00042e10	UNCONDITIONAL_CALL
ram:00063e54	ram:20001bd6	PARAM
ram:00063e64	ram:200001dc	COMPUTED_CALL
ram:00063e76	ram:00063c3e	UNCONDITIONAL_JUMP
ram:00063e78	ram:00062262	UNCONDITIONAL_CALL
ram:00063e7c	ram:00063e96	CONDITIONAL_JUMP
ram:00063e86	ram:00063e96	CONDITIONAL_JUMP
ram:00063e8a	ram:00063506	UNCONDITIONAL_CALL
ram:00063e90	ram:20001eb4	WRITE
ram:00063e94	ram:00063e30	UNCONDITIONAL_JUMP
ram:00063e9c	ram:20001eb0	READ
ram:00063ea0	ram:00063ef8	CONDITIONAL_JUMP
ram:00063eac	ram:20001eb0	READ
ram:00063eb8	ram:20001e98	WRITE
ram:00063ec6	ram:20001eb0	READ
ram:00063ecc	ram:00063eca	CONDITIONAL_JUMP
ram:00063ece	ram:20001c00	READ
ram:00063ed4	ram:20001bd2	READ
ram:00063ed8	ram:20001eec	READ
ram:00063eda	ram:00063f14	CONDITIONAL_JUMP
ram:00063ee6	ram:00063c98	CONDITIONAL_JUMP
ram:00063eea	ram:00042954	UNCONDITIONAL_CALL
ram:00063eee	ram:20001c00	READ
ram:00063ef4	ram:20001eec	WRITE
ram:00063ef6	ram:00063c98	UNCONDITIONAL_JUMP
ram:00063f00	ram:20001eb0	READ
ram:00063f0c	ram:20001e98	WRITE
ram:00063f12	ram:00063ec0	UNCONDITIONAL_JUMP
ram:00063f14	ram:00063ede	CONDITIONAL_JUMP
ram:00063f22	ram:00063ee0	UNCONDITIONAL_JUMP
ram:00063f28	ram:20001ed4	PARAM
ram:00063f2c	ram:20001ee0	READ
ram:00063f30	ram:00063f74	CONDITIONAL_JUMP
ram:00063f36	ram:20001efc	READ
ram:00063f3e	ram:20001eb4	PARAM
ram:00063f48	ram:00063f62	CONDITIONAL_JUMP
ram:00063f4e	ram:20001e9b	READ
ram:00063f52	ram:20001eb8	WRITE
ram:00063f58	ram:00063f5e	CONDITIONAL_JUMP
ram:00063f5e	ram:00062784	UNCONDITIONAL_CALL
ram:00063f66	ram:20001eb5	WRITE
ram:00063f6a	ram:20001ee3	WRITE
ram:00063f72	ram:00063f5e	UNCONDITIONAL_JUMP
ram:00063f7c	ram:000626ac	UNCONDITIONAL_CALL
ram:00063f88	ram:20001ed4	PARAM
ram:00063f90	ram:20000214	COMPUTED_CALL
ram:00063f9a	ram:0006372c	PARAM
ram:00063f9e	ram:20001ed4	WRITE
ram:00063fa2	ram:000426a0	UNCONDITIONAL_CALL
ram:00063faa	ram:20001ee4	WRITE
ram:00063fb2	ram:00062ff6	PARAM
ram:00063fb8	ram:00042570	UNCONDITIONAL_CALL
ram:00063fca	ram:20001efc	READ
ram:00063fdc	ram:00063fd8	CONDITIONAL_JUMP
ram:00063fde	ram:20001efc	READ
ram:00063fec	ram:00063fe8	CONDITIONAL_JUMP
ram:00063fee	ram:20001efc	READ
ram:00064000	ram:00063fc6	UNCONDITIONAL_CALL
ram:00064008	ram:20001efc	READ
ram:00064174	ram:20001efc	READ
ram:0006420c	ram:20001efc	READ
ram:0006423a	ram:20001efc	READ
ram:00064256	ram:0006424e	CONDITIONAL_JUMP
ram:00064260	ram:20001efc	READ
ram:0006428e	ram:20001efc	READ
ram:000642c4	ram:00064338	CONDITIONAL_JUMP
ram:000642ce	ram:0006433a	CONDITIONAL_JUMP
ram:000642e2	ram:20001a75	WRITE
ram:000642ea	ram:20001a76	WRITE
ram:000642f2	ram:20001f00	WRITE
ram:000642fe	ram:20001ef0	WRITE
ram:0006430a	ram:20001f01	WRITE
ram:00064316	ram:20001ef8	WRITE
ram:0006431e	ram:00064332	CONDITIONAL_JUMP
ram:00064320	ram:00064332	CONDITIONAL_JUMP
ram:0006432a	ram:20001ef4	WRITE
ram:00064332	ram:20001ef4	WRITE
ram:00064336	ram:0006432e	UNCONDITIONAL_JUMP
ram:0006433c	ram:00064390	CONDITIONAL_JUMP
ram:00064348	ram:20001a75	READ
ram:00064354	ram:20001a76	READ
ram:00064360	ram:20001f00	READ
ram:0006436c	ram:20001ef0	READ
ram:00064378	ram:20001f01	READ
ram:00064384	ram:20001ef8	READ
ram:0006439c	ram:20001efc	READ
ram:000643ca	ram:20001a76	PARAM
ram:000643fa	ram:20001ef4	READ
ram:00064406	ram:20001a76	DATA
ram:00064408	ram:000650d0	CONDITIONAL_JUMP
ram:00064434	ram:2000188a	COMPUTED_CALL
ram:00064438	ram:20001efc	READ
ram:00064446	ram:20001a75	WRITE
ram:00064454	ram:20001a76	WRITE
ram:0006447a	ram:2000188a	COMPUTED_CALL
ram:0006447e	ram:20001efc	READ
ram:0006448e	ram:20001f01	WRITE
ram:000644a0	ram:20001ef8	WRITE
ram:000644c6	ram:2000188a	COMPUTED_CALL
ram:000644ca	ram:20001efc	READ
ram:000644d6	ram:20001f00	WRITE
ram:000644e8	ram:20001ef0	WRITE
ram:000644ec	ram:20001f00	READ
ram:000644f0	ram:20001a75	READ
ram:000644fa	ram:20001efc	READ
ram:0006494a	ram:20001f01	READ
ram:00064e08	ram:20001ef0	READ
ram:00064e10	ram:20001ef8	READ
ram:00064f5c	ram:20001a76	READ
ram:000650d0	ram:20001ef4	WRITE
ram:000650d4	ram:000644ec	UNCONDITIONAL_JUMP
ram:000650dc	ram:20001efc	READ
ram:000650f2	ram:20001e95	READ
ram:000650fa	ram:20001d60	PARAM
ram:00065100	ram:0006511c	CONDITIONAL_JUMP
ram:00065106	ram:20001e88	READ
ram:00065110	ram:0006511c	CONDITIONAL_JUMP
ram:00065112	ram:20001d68	READ
ram:00065118	ram:20001d68	WRITE
ram:0006511c	ram:20001d98	READ
ram:00065120	ram:20001d67	READ
ram:00065124	ram:20001d64	READ
ram:00065128	ram:00065a9a	UNCONDITIONAL_CALL
ram:00065130	ram:00065dc8	UNCONDITIONAL_CALL
ram:00065138	ram:0006826e	UNCONDITIONAL_CALL
ram:00065144	ram:00065e24	UNCONDITIONAL_JUMP
ram:00065148	ram:00065156	CONDITIONAL_JUMP
ram:0006514a	ram:00065156	CONDITIONAL_JUMP
ram:0006514c	ram:00065156	CONDITIONAL_JUMP
ram:00065154	ram:0006517a	CONDITIONAL_JUMP
ram:0006516c	ram:0006826a	UNCONDITIONAL_CALL
ram:0006517c	ram:20002000	PARAM
ram:00065182	ram:20001dac	WRITE
ram:00065198	ram:0006826a	UNCONDITIONAL_CALL
ram:000651ae	ram:00065e4c	UNCONDITIONAL_CALL
ram:000651be	ram:0006826a	UNCONDITIONAL_CALL
ram:000651d8	ram:00065e70	UNCONDITIONAL_CALL
ram:000651f4	ram:0006826a	UNCONDITIONAL_CALL
ram:0006520c	ram:00065e92	UNCONDITIONAL_CALL
ram:0006521c	ram:0006826a	UNCONDITIONAL_CALL
ram:0006522e	ram:00065eb8	UNCONDITIONAL_CALL
ram:00065240	ram:0006826a	UNCONDITIONAL_CALL
ram:00065252	ram:00065f68	UNCONDITIONAL_CALL
ram:00065264	ram:0006826a	UNCONDITIONAL_CALL
ram:00065276	ram:00066066	UNCONDITIONAL_CALL
ram:00065288	ram:0006826a	UNCONDITIONAL_CALL
ram:00065298	ram:00066514	UNCONDITIONAL_CALL
ram:000652aa	ram:0006826a	UNCONDITIONAL_CALL
ram:000652bc	ram:000662a4	UNCONDITIONAL_CALL
ram:000652ce	ram:0006826a	UNCONDITIONAL_CALL
ram:000652e2	ram:0006632a	UNCONDITIONAL_CALL
ram:000652ec	ram:0006826e	UNCONDITIONAL_CALL
ram:000652fe	ram:0006656c	UNCONDITIONAL_CALL
ram:00065310	ram:0006826a	UNCONDITIONAL_CALL
ram:00065326	ram:00066694	UNCONDITIONAL_CALL
ram:00065336	ram:0006826a	UNCONDITIONAL_CALL
ram:00065346	ram:000666ca	UNCONDITIONAL_CALL
ram:0006534e	ram:0006826e	UNCONDITIONAL_CALL
ram:00065362	ram:0006681c	UNCONDITIONAL_CALL
ram:0006537c	ram:0006826a	UNCONDITIONAL_CALL
ram:00065392	ram:00066948	UNCONDITIONAL_CALL
ram:000653ac	ram:0006826a	UNCONDITIONAL_CALL
ram:000653be	ram:20001e8c	READ
ram:000653cc	ram:000653d6	CONDITIONAL_JUMP
ram:000653d2	ram:20001e8c	WRITE
ram:000653dc	ram:00065430	CONDITIONAL_JUMP
ram:000653e4	ram:20001d60	PARAM
ram:000653e8	ram:20001d68	WRITE
ram:000653f4	ram:20001d98	WRITE
ram:000653f8	ram:20001d64	WRITE
ram:000653fc	ram:20001d66	WRITE
ram:00065404	ram:00065a9a	UNCONDITIONAL_CALL
ram:00065410	ram:000650ea	PARAM
ram:00065414	ram:00042570	UNCONDITIONAL_CALL
ram:00065420	ram:0006826a	UNCONDITIONAL_CALL
ram:00065434	ram:00065464	CONDITIONAL_JUMP
ram:0006543c	ram:20001d60	PARAM
ram:00065440	ram:20001d68	WRITE
ram:00065448	ram:20001d64	WRITE
ram:00065450	ram:20001d67	WRITE
ram:0006545a	ram:20001d66	WRITE
ram:0006545e	ram:20001d98	WRITE
ram:00065462	ram:00065404	UNCONDITIONAL_JUMP
ram:0006546a	ram:00065418	UNCONDITIONAL_JUMP
ram:0006547e	ram:20001b67	READ
ram:00065482	ram:00065618	CONDITIONAL_JUMP
ram:00065494	ram:00065508	CONDITIONAL_JUMP
ram:000654a0	ram:20001d60	PARAM
ram:000654a4	ram:20001d64	WRITE
ram:000654ae	ram:20001d65	WRITE
ram:000654b8	ram:20001d67	WRITE
ram:000654bc	ram:20001d66	WRITE
ram:000654c0	ram:00065aec	UNCONDITIONAL_CALL
ram:000654ca	ram:00065582	CONDITIONAL_JUMP
ram:000654d4	ram:20001d67	READ
ram:000654d8	ram:20001d65	READ
ram:000654de	ram:20001d60	PARAM
ram:000654e2	ram:000655f8	CONDITIONAL_JUMP
ram:000654f4	ram:20001b67	READ
ram:000654fa	ram:20001d68	WRITE
ram:00065502	ram:000423f6	UNCONDITIONAL_CALL
ram:00065506	ram:00065582	UNCONDITIONAL_JUMP
ram:0006550c	ram:0006553a	CONDITIONAL_JUMP
ram:00065518	ram:20001d60	PARAM
ram:0006551c	ram:20001d64	WRITE
ram:00065524	ram:20001d65	WRITE
ram:0006552c	ram:20001d66	WRITE
ram:00065534	ram:20001d67	WRITE
ram:00065538	ram:000654c0	UNCONDITIONAL_JUMP
ram:0006553e	ram:0006559e	CONDITIONAL_JUMP
ram:0006554e	ram:20001d64	WRITE
ram:0006555a	ram:20001d65	WRITE
ram:00065562	ram:20001d66	WRITE
ram:0006556a	ram:20001d67	WRITE
ram:0006557a	ram:00067fb8	UNCONDITIONAL_CALL
ram:0006558a	ram:0006826a	UNCONDITIONAL_CALL
ram:000655a2	ram:000655f0	CONDITIONAL_JUMP
ram:000655b2	ram:20001d64	WRITE
ram:000655ba	ram:20001d65	WRITE
ram:000655c2	ram:20001d66	WRITE
ram:000655ca	ram:20001d67	WRITE
ram:000655d8	ram:00061dd4	UNCONDITIONAL_CALL
ram:000655dc	ram:00065c8c	UNCONDITIONAL_CALL
ram:000655de	ram:20001d67	READ
ram:000655e2	ram:20001d66	READ
ram:000655e6	ram:20001d65	READ
ram:000655ea	ram:20001d64	READ
ram:000655ee	ram:000654c0	UNCONDITIONAL_JUMP
ram:000655f6	ram:00065582	UNCONDITIONAL_JUMP
ram:000655fa	ram:000654e6	CONDITIONAL_JUMP
ram:00065604	ram:00065610	CONDITIONAL_JUMP
ram:0006560e	ram:000654ec	UNCONDITIONAL_JUMP
ram:00065616	ram:000654ec	UNCONDITIONAL_JUMP
ram:0006561a	ram:00065592	UNCONDITIONAL_JUMP
ram:00065620	ram:20001e8c	WRITE
ram:00065628	ram:20001d66	READ
ram:00065634	ram:00065664	CONDITIONAL_JUMP
ram:0006563c	ram:00065c12	UNCONDITIONAL_CALL
ram:0006564a	ram:0006826a	UNCONDITIONAL_CALL
ram:0006564e	ram:20002000	PARAM
ram:00065652	ram:20001b67	READ
ram:00065658	ram:0004244a	UNCONDITIONAL_CALL
ram:00065666	ram:00065c12	UNCONDITIONAL_CALL
ram:00065674	ram:00065642	UNCONDITIONAL_JUMP
ram:0006567e	ram:0006608a	UNCONDITIONAL_CALL
ram:0006569a	ram:0006826a	UNCONDITIONAL_CALL
ram:000656b0	ram:000661ca	UNCONDITIONAL_CALL
ram:000656cc	ram:0006826a	UNCONDITIONAL_CALL
ram:000656e2	ram:0006620a	UNCONDITIONAL_CALL
ram:000656fe	ram:0006826a	UNCONDITIONAL_CALL
ram:00065710	ram:00066994	UNCONDITIONAL_CALL
ram:00065724	ram:0006826a	UNCONDITIONAL_CALL
ram:00065736	ram:00066a3e	UNCONDITIONAL_CALL
ram:0006574a	ram:0006826a	UNCONDITIONAL_CALL
ram:0006575c	ram:00066a88	UNCONDITIONAL_CALL
ram:00065770	ram:0006826a	UNCONDITIONAL_CALL
ram:00065782	ram:00066ade	UNCONDITIONAL_CALL
ram:00065796	ram:0006826a	UNCONDITIONAL_CALL
ram:000657a8	ram:00066b28	UNCONDITIONAL_CALL
ram:000657bc	ram:0006826a	UNCONDITIONAL_CALL
ram:000657d0	ram:00066b68	UNCONDITIONAL_CALL
ram:000657dc	ram:0006826e	UNCONDITIONAL_CALL
ram:0006581c	Stack[-0x40]	DATA
ram:0006581e	ram:00066be0	UNCONDITIONAL_CALL
ram:00065830	ram:0006826a	UNCONDITIONAL_CALL
ram:00065842	ram:00066eba	UNCONDITIONAL_CALL
ram:00065856	ram:0006826a	UNCONDITIONAL_CALL
ram:00065868	ram:0006700c	UNCONDITIONAL_CALL
ram:0006587c	ram:0006826a	UNCONDITIONAL_CALL
ram:0006588e	ram:00067198	UNCONDITIONAL_CALL
ram:000658a2	ram:0006826a	UNCONDITIONAL_CALL
ram:000658b4	ram:00067342	UNCONDITIONAL_CALL
ram:000658c8	ram:0006826a	UNCONDITIONAL_CALL
ram:000658da	ram:00067434	UNCONDITIONAL_CALL
ram:000658ee	ram:0006826a	UNCONDITIONAL_CALL
ram:00065900	ram:00067596	UNCONDITIONAL_CALL
ram:00065914	ram:0006826a	UNCONDITIONAL_CALL
ram:00065926	ram:000676aa	UNCONDITIONAL_CALL
ram:0006593a	ram:0006826a	UNCONDITIONAL_CALL
ram:0006594c	ram:00067800	UNCONDITIONAL_CALL
ram:00065960	ram:0006826a	UNCONDITIONAL_CALL
ram:00065984	Stack[-0x30]	DATA
ram:00065986	ram:000678ae	UNCONDITIONAL_CALL
ram:00065990	ram:0006826e	UNCONDITIONAL_CALL
ram:000659a0	ram:20001da0	WRITE
ram:000659ac	ram:00067fce	UNCONDITIONAL_CALL
ram:000659c0	ram:0006826a	UNCONDITIONAL_CALL
ram:000659d2	ram:00068058	UNCONDITIONAL_CALL
ram:000659e6	ram:0006826a	UNCONDITIONAL_CALL
ram:000659fc	ram:20001d6a	READ
ram:00065a04	ram:00065a0e	CONDITIONAL_JUMP
ram:00065a0a	ram:20001d6a	WRITE
ram:00065a0e	ram:20001d6a	READ
ram:00065a3a	ram:00065a16	CONDITIONAL_JUMP
ram:00065a3c	ram:20001d6a	WRITE
ram:00065a4a	ram:20001d6c	READ
ram:00065a52	ram:00065a5e	CONDITIONAL_JUMP
ram:00065a5a	ram:20001d6c	WRITE
ram:00065a5e	ram:20001d6c	READ
ram:00065a90	ram:00065a6a	CONDITIONAL_JUMP
ram:00065a94	ram:20001d6c	WRITE
ram:00065a9a	ram:00065ae0	CONDITIONAL_JUMP
ram:00065a9e	ram:00065ac0	CONDITIONAL_JUMP
ram:00065ab2	ram:000622e8	UNCONDITIONAL_CALL
ram:00065ac2	ram:00065ae6	CONDITIONAL_JUMP
ram:00065aca	ram:00065ad2	CONDITIONAL_JUMP
ram:00065ad0	ram:00065aa4	UNCONDITIONAL_JUMP
ram:00065ad8	ram:00065aa8	CONDITIONAL_JUMP
ram:00065ae4	ram:00065aa8	UNCONDITIONAL_JUMP
ram:00065aea	ram:00065aa8	UNCONDITIONAL_JUMP
ram:00065af6	ram:20002000	PARAM
ram:00065b00	Stack[-0x20]	DATA
ram:00065b08	ram:20001ea8	READ
ram:00065b0c	ram:00065b80	CONDITIONAL_JUMP
ram:00065b12	ram:00065b4e	CONDITIONAL_JUMP
ram:00065b1e	ram:00065b98	CONDITIONAL_JUMP
ram:00065b28	ram:00065b8c	CONDITIONAL_JUMP
ram:00065b46	ram:00062394	UNCONDITIONAL_CALL
ram:00065b4c	ram:00065b6c	UNCONDITIONAL_JUMP
ram:00065b50	ram:00065b86	CONDITIONAL_JUMP
ram:00065b58	ram:00065b62	CONDITIONAL_JUMP
ram:00065b60	ram:00065b1a	UNCONDITIONAL_JUMP
ram:00065b68	ram:00065b1e	CONDITIONAL_JUMP
ram:00065b7a	Stack[-0x20]	DATA
ram:00065b84	ram:00065b1e	UNCONDITIONAL_JUMP
ram:00065b8a	ram:00065b1e	UNCONDITIONAL_JUMP
ram:00065b8c	ram:000659f4	UNCONDITIONAL_CALL
ram:00065b96	ram:00065b28	UNCONDITIONAL_JUMP
ram:00065b9a	ram:00065bb2	CONDITIONAL_JUMP
ram:00065bac	ram:20000214	COMPUTED_CALL
ram:00065bb0	ram:00065b2c	UNCONDITIONAL_JUMP
ram:00065bb4	ram:00065bc0	CONDITIONAL_JUMP
ram:00065bbe	ram:00065ba4	UNCONDITIONAL_JUMP
ram:00065bc2	ram:00065bdc	CONDITIONAL_JUMP
ram:00065bcc	ram:00065b2c	CONDITIONAL_JUMP
ram:00065bd0	ram:00065a42	UNCONDITIONAL_CALL
ram:00065bda	ram:00065bcc	UNCONDITIONAL_JUMP
ram:00065bde	ram:00065bea	CONDITIONAL_JUMP
ram:00065be8	ram:00065ba4	UNCONDITIONAL_JUMP
ram:00065bec	ram:00065bf6	CONDITIONAL_JUMP
ram:00065bf4	ram:00065ba4	UNCONDITIONAL_JUMP
ram:00065bf8	ram:00065c02	CONDITIONAL_JUMP
ram:00065c00	ram:00065ba4	UNCONDITIONAL_JUMP
ram:00065c06	ram:00065b6c	CONDITIONAL_JUMP
ram:00065c10	ram:00065ba4	UNCONDITIONAL_JUMP
ram:00065c20	ram:00065c34	CONDITIONAL_JUMP
ram:00065c22	ram:20001d68	READ
ram:00065c2a	ram:20001d68	READ
ram:00065c34	ram:00062262	UNCONDITIONAL_CALL
ram:00065c3c	ram:20001efc	READ
ram:00065c40	ram:20001d68	WRITE
ram:00065c4a	ram:00065c82	CONDITIONAL_JUMP
ram:00065c90	ram:00065d28	CONDITIONAL_JUMP
ram:00065c98	ram:20001e88	READ
ram:00065ca4	ram:20001bd0	WRITE
ram:00065cc4	ram:40001040	WRITE
ram:00065ccc	ram:40001040	WRITE
ram:00065cd0	ram:20001bd0	READ
ram:00065cda	ram:00065d18	CONDITIONAL_JUMP
ram:00065cde	ram:40001022	READ
ram:00065ce6	ram:40001022	WRITE
ram:00065cee	ram:20001efc	READ
ram:00065cfa	ram:00065d2a	CONDITIONAL_JUMP
ram:00065cfc	ram:20001bd0	READ
ram:00065d18	ram:40001022	READ
ram:00065d26	ram:00065ce6	UNCONDITIONAL_JUMP
ram:00065d2e	ram:00065dbc	CONDITIONAL_JUMP
ram:00065d32	ram:00065d9c	CONDITIONAL_JUMP
ram:00065d42	ram:20001efc	READ
ram:00065d5e	ram:20001bd0	READ
ram:00065d9e	ram:00065dc2	CONDITIONAL_JUMP
ram:00065da6	ram:00065db0	CONDITIONAL_JUMP
ram:00065dae	ram:00065d3a	UNCONDITIONAL_JUMP
ram:00065db6	ram:00065d3e	CONDITIONAL_JUMP
ram:00065dc0	ram:00065d3e	UNCONDITIONAL_JUMP
ram:00065dc6	ram:00065d3e	UNCONDITIONAL_JUMP
ram:00065dd0	ram:00065df8	CONDITIONAL_JUMP
ram:00065dd4	ram:00055958	UNCONDITIONAL_CALL
ram:00065dda	ram:00065df0	CONDITIONAL_JUMP
ram:00065de4	ram:00065df0	CONDITIONAL_JUMP
ram:00065dfa	ram:00057ba2	UNCONDITIONAL_CALL
ram:00065e00	ram:00065df0	CONDITIONAL_JUMP
ram:00065e08	ram:00065df0	CONDITIONAL_JUMP
ram:00065e14	ram:00065e20	CONDITIONAL_JUMP
ram:00065e1e	ram:00065df0	UNCONDITIONAL_JUMP
ram:00065e22	ram:00065e18	UNCONDITIONAL_JUMP
ram:00065e2c	ram:00057ba2	UNCONDITIONAL_CALL
ram:00065e30	ram:00065e48	CONDITIONAL_JUMP
ram:00065e36	ram:00056968	UNCONDITIONAL_CALL
ram:00065e4a	ram:00065e40	UNCONDITIONAL_JUMP
ram:00065e58	ram:20001e38	READ
ram:00065e58	ram:20001e39	READ
ram:00065e68	ram:00065e58	CONDITIONAL_JUMP
ram:00065e76	ram:00057ba2	UNCONDITIONAL_CALL
ram:00065e7a	ram:00065e8e	CONDITIONAL_JUMP
ram:00065e90	ram:00065e88	UNCONDITIONAL_JUMP
ram:00065e9a	ram:20001bcc	READ
ram:00065ea2	ram:20001bcc	READ
ram:00065eac	ram:20001bcb	READ
ram:00065eb8	ram:00065ebe	CONDITIONAL_JUMP
ram:00065ec6	ram:20001db4	READ
ram:00065ed0	ram:20001d60	PARAM
ram:00065ed4	ram:00065ede	CONDITIONAL_JUMP
ram:00065edc	ram:00065f38	CONDITIONAL_JUMP
ram:00065ede	ram:20001dd8	READ
ram:00065ee0	ram:00065eea	CONDITIONAL_JUMP
ram:00065ee8	ram:00065f38	CONDITIONAL_JUMP
ram:00065eea	ram:20001de8	READ
ram:00065eee	ram:00065ef8	CONDITIONAL_JUMP
ram:00065ef6	ram:00065f38	CONDITIONAL_JUMP
ram:00065f02	ram:20001e3e	PARAM
ram:00065f06	ram:20001d62	WRITE
ram:00065f0e	ram:200001dc	COMPUTED_CALL
ram:00065f1e	ram:00065f40	CONDITIONAL_JUMP
ram:00065f2a	ram:20001e44	PARAM
ram:00065f32	ram:200001dc	COMPUTED_CALL
ram:00065f40	ram:00065f50	CONDITIONAL_JUMP
ram:00065f4a	ram:20001e4a	PARAM
ram:00065f4e	ram:00065f2e	UNCONDITIONAL_JUMP
ram:00065f56	ram:00065f38	CONDITIONAL_JUMP
ram:00065f62	ram:20001e50	PARAM
ram:00065f66	ram:00065f2e	UNCONDITIONAL_JUMP
ram:00065f76	ram:20001db4	READ
ram:00065f7e	ram:00065f8a	CONDITIONAL_JUMP
ram:00065f86	ram:0006605e	CONDITIONAL_JUMP
ram:00065f8a	ram:20001dc4	READ
ram:00065f8c	ram:00065f9a	CONDITIONAL_JUMP
ram:00065f9a	ram:00065fb4	CONDITIONAL_JUMP
ram:00065fa0	ram:00054de4	UNCONDITIONAL_CALL
ram:00065fa4	ram:00065f8e	CONDITIONAL_JUMP
ram:00065faa	ram:00065f8e	CONDITIONAL_JUMP
ram:00065fac	ram:0005501c	UNCONDITIONAL_CALL
ram:00065fb2	ram:00065f90	UNCONDITIONAL_JUMP
ram:00065fb6	ram:00065f8e	CONDITIONAL_JUMP
ram:00065fba	ram:00065ff6	CONDITIONAL_JUMP
ram:00065fc2	ram:00066062	CONDITIONAL_JUMP
ram:00065fe6	ram:20001e38	PARAM
ram:00065ff2	ram:200001dc	COMPUTED_CALL
ram:00065ffc	ram:00065f8e	CONDITIONAL_JUMP
ram:00066006	ram:0006602a	CONDITIONAL_JUMP
ram:0006600e	ram:0006603e	CONDITIONAL_JUMP
ram:0006601a	ram:20001dc8	READ
ram:0006602a	ram:00055ed6	UNCONDITIONAL_CALL
ram:00066032	ram:20001bd3	READ
ram:00066038	ram:00066008	CONDITIONAL_JUMP
ram:0006603c	ram:00065f8e	UNCONDITIONAL_JUMP
ram:00066044	ram:0006604e	CONDITIONAL_JUMP
ram:0006604c	ram:00066018	UNCONDITIONAL_JUMP
ram:00066054	ram:00066048	CONDITIONAL_JUMP
ram:0006605c	ram:00066048	UNCONDITIONAL_JUMP
ram:00066060	ram:00065f90	UNCONDITIONAL_JUMP
ram:00066064	ram:00065f90	UNCONDITIONAL_JUMP
ram:0006606a	ram:20001de8	READ
ram:00066070	ram:00066088	CONDITIONAL_JUMP
ram:00066076	ram:00066088	CONDITIONAL_JUMP
ram:0006607c	ram:000597c8	UNCONDITIONAL_CALL
ram:00066096	Stack[-0x20]	DATA
ram:000660a8	ram:00057ba2	UNCONDITIONAL_CALL
ram:000660ba	ram:000661c6	CONDITIONAL_JUMP
ram:000660c6	ram:00066176	CONDITIONAL_JUMP
ram:000660ca	ram:00066176	CONDITIONAL_JUMP
ram:000660d2	ram:00066176	CONDITIONAL_JUMP
ram:000660d6	ram:00066176	CONDITIONAL_JUMP
ram:000660e8	ram:00066176	CONDITIONAL_JUMP
ram:000660ec	ram:00066176	CONDITIONAL_JUMP
ram:000660f6	ram:00066164	CONDITIONAL_JUMP
ram:0006610a	ram:000661b6	CONDITIONAL_JUMP
ram:00066114	ram:0006618a	CONDITIONAL_JUMP
ram:00066118	ram:0006618a	CONDITIONAL_JUMP
ram:0006612c	ram:20001e04	READ
ram:00066134	ram:0006613e	CONDITIONAL_JUMP
ram:00066144	ram:00055ef4	UNCONDITIONAL_CALL
ram:00066184	Stack[-0x20]	DATA
ram:0006618e	ram:0006619a	CONDITIONAL_JUMP
ram:00066198	ram:00066124	UNCONDITIONAL_JUMP
ram:000661a2	ram:00042910	UNCONDITIONAL_CALL
ram:000661b0	ram:00052694	UNCONDITIONAL_CALL
ram:000661b4	ram:00066128	UNCONDITIONAL_JUMP
ram:000661c4	ram:00066160	UNCONDITIONAL_JUMP
ram:000661c8	ram:00066176	UNCONDITIONAL_JUMP
ram:000661d0	ram:00057ba2	UNCONDITIONAL_CALL
ram:000661d6	ram:000661e0	CONDITIONAL_JUMP
ram:000661ec	ram:000661d8	CONDITIONAL_JUMP
ram:00066208	ram:000661da	UNCONDITIONAL_JUMP
ram:00066212	ram:00057ba2	UNCONDITIONAL_CALL
ram:0006621e	ram:000662a0	CONDITIONAL_JUMP
ram:00066232	ram:0006629a	CONDITIONAL_JUMP
ram:00066246	ram:0006629a	CONDITIONAL_JUMP
ram:00066250	ram:0006629a	CONDITIONAL_JUMP
ram:0006625c	ram:20001d8a	READ
ram:00066270	ram:00066276	CONDITIONAL_JUMP
ram:00066276	ram:20001d8c	READ
ram:0006627e	ram:00066284	CONDITIONAL_JUMP
ram:000662a2	ram:0006629a	UNCONDITIONAL_JUMP
ram:000662ac	ram:20001db4	READ
ram:000662b2	ram:000662c2	CONDITIONAL_JUMP
ram:000662b8	ram:000662c2	CONDITIONAL_JUMP
ram:000662c0	ram:000662f8	CONDITIONAL_JUMP
ram:000662c2	ram:20001dd8	READ
ram:000662c4	ram:000662d6	CONDITIONAL_JUMP
ram:000662ca	ram:000662d6	CONDITIONAL_JUMP
ram:000662d4	ram:000662f8	CONDITIONAL_JUMP
ram:000662d6	ram:20001de8	READ
ram:000662da	ram:000662ea	CONDITIONAL_JUMP
ram:000662e0	ram:000662ea	CONDITIONAL_JUMP
ram:000662e8	ram:000662f8	CONDITIONAL_JUMP
ram:000662ea	ram:20001e10	READ
ram:000662ee	ram:20001e11	READ
ram:000662f2	ram:000662fc	CONDITIONAL_JUMP
ram:0006630e	ram:200001dc	COMPUTED_CALL
ram:00066314	ram:000617ca	UNCONDITIONAL_CALL
ram:0006631c	ram:00066322	CONDITIONAL_JUMP
ram:00066340	Stack[-0x30]	DATA
ram:00066342	ram:00057ba2	UNCONDITIONAL_CALL
ram:00066348	ram:000663fc	CONDITIONAL_JUMP
ram:0006635c	ram:000663fc	CONDITIONAL_JUMP
ram:00066364	ram:000663fc	CONDITIONAL_JUMP
ram:00066368	ram:000663fc	CONDITIONAL_JUMP
ram:00066372	ram:000663fc	CONDITIONAL_JUMP
ram:00066378	ram:000663fc	CONDITIONAL_JUMP
ram:00066388	ram:000663fc	CONDITIONAL_JUMP
ram:00066394	ram:000663fc	CONDITIONAL_JUMP
ram:0006639e	ram:000663fc	CONDITIONAL_JUMP
ram:000663a2	Stack[-0x30]	DATA
ram:000663c6	ram:00066464	CONDITIONAL_JUMP
ram:000663c8	ram:000663fc	CONDITIONAL_JUMP
ram:000663d0	ram:0006640c	CONDITIONAL_JUMP
ram:000663e0	ram:20000214	COMPUTED_CALL
ram:0006640c	ram:0006645e	CONDITIONAL_JUMP
ram:00066418	ram:00042910	UNCONDITIONAL_CALL
ram:00066426	ram:00052694	UNCONDITIONAL_CALL
ram:0006642e	ram:20001e04	READ
ram:00066436	ram:00066440	CONDITIONAL_JUMP
ram:00066446	ram:00055ef4	UNCONDITIONAL_CALL
ram:0006645c	ram:000663f0	UNCONDITIONAL_JUMP
ram:00066462	ram:0006642a	UNCONDITIONAL_JUMP
ram:00066464	ram:000663fc	CONDITIONAL_JUMP
ram:0006646c	ram:00066498	CONDITIONAL_JUMP
ram:0006647c	ram:20000214	COMPUTED_CALL
ram:00066496	ram:000663fc	UNCONDITIONAL_JUMP
ram:0006649a	ram:000663fc	UNCONDITIONAL_JUMP
ram:000664a4	ram:20001db4	READ
ram:000664a6	ram:20001d60	PARAM
ram:000664aa	ram:000664ba	CONDITIONAL_JUMP
ram:000664b0	ram:000664ba	CONDITIONAL_JUMP
ram:000664b8	ram:00066510	CONDITIONAL_JUMP
ram:000664ba	ram:20001dd8	READ
ram:000664bc	ram:000664ce	CONDITIONAL_JUMP
ram:000664c2	ram:000664ce	CONDITIONAL_JUMP
ram:000664cc	ram:00066510	CONDITIONAL_JUMP
ram:000664ce	ram:20001de8	READ
ram:000664d2	ram:000664e2	CONDITIONAL_JUMP
ram:000664d8	ram:000664e2	CONDITIONAL_JUMP
ram:000664e0	ram:00066510	CONDITIONAL_JUMP
ram:000664f4	ram:200001dc	COMPUTED_CALL
ram:000664fa	ram:00061882	UNCONDITIONAL_CALL
ram:00066502	ram:00066508	CONDITIONAL_JUMP
ram:0006651c	ram:20001db4	READ
ram:00066522	ram:00066532	CONDITIONAL_JUMP
ram:00066528	ram:00066532	CONDITIONAL_JUMP
ram:00066530	ram:0006656a	CONDITIONAL_JUMP
ram:00066532	ram:20001dd8	READ
ram:00066534	ram:00066546	CONDITIONAL_JUMP
ram:0006653a	ram:00066546	CONDITIONAL_JUMP
ram:00066544	ram:0006656a	CONDITIONAL_JUMP
ram:00066546	ram:20001de8	READ
ram:0006654a	ram:0006655a	CONDITIONAL_JUMP
ram:00066550	ram:0006655a	CONDITIONAL_JUMP
ram:00066558	ram:0006656a	CONDITIONAL_JUMP
ram:0006655e	ram:00061910	UNCONDITIONAL_CALL
ram:0006656c	ram:00066690	CONDITIONAL_JUMP
ram:0006658c	ram:20001df0	READ
ram:000665a8	ram:000665e0	CONDITIONAL_JUMP
ram:000665aa	ram:20001db8	READ
ram:000665b2	ram:00066680	CONDITIONAL_JUMP
ram:000665ba	ram:20001e56	PARAM
ram:000665c4	ram:200001dc	COMPUTED_CALL
ram:000665e4	ram:00066606	CONDITIONAL_JUMP
ram:000665fe	ram:200001dc	COMPUTED_CALL
ram:00066604	ram:000665a8	UNCONDITIONAL_JUMP
ram:0006660c	ram:0006664a	CONDITIONAL_JUMP
ram:00066630	ram:0006667a	CONDITIONAL_JUMP
ram:0006663e	ram:00066614	CONDITIONAL_JUMP
ram:00066646	ram:00066612	CONDITIONAL_JUMP
ram:00066658	ram:2000026a	COMPUTED_CALL
ram:0006665c	ram:00066602	CONDITIONAL_JUMP
ram:00066668	ram:200001dc	COMPUTED_CALL
ram:00066678	ram:00066602	UNCONDITIONAL_JUMP
ram:0006667e	ram:00066636	UNCONDITIONAL_JUMP
ram:00066684	ram:0006668c	CONDITIONAL_JUMP
ram:0006668e	ram:000665b2	UNCONDITIONAL_JUMP
ram:0006669a	Stack[-0x10]	DATA
ram:000666aa	ram:000428ec	UNCONDITIONAL_CALL
ram:000666b8	ram:000666a4	CONDITIONAL_JUMP
ram:000666c2	Stack[-0x10]	DATA
ram:000666da	ram:00057ba2	UNCONDITIONAL_CALL
ram:000666de	ram:00066818	CONDITIONAL_JUMP
ram:000666ec	ram:000667a2	CONDITIONAL_JUMP
ram:000666f8	ram:200001dc	COMPUTED_CALL
ram:0006672c	ram:000667ae	CONDITIONAL_JUMP
ram:00066816	ram:0006679c	UNCONDITIONAL_JUMP
ram:0006681a	ram:000667a2	UNCONDITIONAL_JUMP
ram:00066822	ram:00057ba2	UNCONDITIONAL_CALL
ram:00066826	ram:00066944	CONDITIONAL_JUMP
ram:00066836	ram:000668d8	CONDITIONAL_JUMP
ram:00066844	ram:000668d8	CONDITIONAL_JUMP
ram:00066868	ram:000668de	CONDITIONAL_JUMP
ram:00066942	ram:000668ce	UNCONDITIONAL_JUMP
ram:00066946	ram:000668d8	UNCONDITIONAL_JUMP
ram:0006694c	ram:00057ba2	UNCONDITIONAL_CALL
ram:00066950	ram:00066990	CONDITIONAL_JUMP
ram:0006695c	ram:0006698a	CONDITIONAL_JUMP
ram:00066968	ram:0006698a	CONDITIONAL_JUMP
ram:00066992	ram:0006698a	UNCONDITIONAL_JUMP
ram:0006699e	ram:20001d61	READ
ram:000669a6	ram:000669d6	CONDITIONAL_JUMP
ram:000669aa	ram:20001db4	READ
ram:000669ac	ram:000669b8	CONDITIONAL_JUMP
ram:000669b4	ram:00066a3c	CONDITIONAL_JUMP
ram:000669b8	ram:20001dd8	READ
ram:000669ba	ram:000669c6	CONDITIONAL_JUMP
ram:000669c2	ram:00066a3c	CONDITIONAL_JUMP
ram:000669c6	ram:20001de8	READ
ram:000669ca	ram:000669d6	CONDITIONAL_JUMP
ram:000669d2	ram:00066a3c	CONDITIONAL_JUMP
ram:000669d6	ram:20001e18	READ
ram:000669da	ram:20001e19	READ
ram:000669e0	ram:00066a3c	CONDITIONAL_JUMP
ram:000669e4	ram:20001e28	READ
ram:000669ee	ram:00066a3c	CONDITIONAL_JUMP
ram:00066a08	ram:200001dc	COMPUTED_CALL
ram:00066a18	ram:200001dc	COMPUTED_CALL
ram:00066a28	ram:200001dc	COMPUTED_CALL
ram:00066a2e	ram:0005d7f0	UNCONDITIONAL_CALL
ram:00066a3e	ram:20002000	PARAM
ram:00066a42	ram:20001d60	PARAM
ram:00066a46	ram:20001d61	READ
ram:00066a4a	ram:00066a76	CONDITIONAL_JUMP
ram:00066a4c	ram:20001db4	READ
ram:00066a52	ram:00066a5c	CONDITIONAL_JUMP
ram:00066a5a	ram:00066a86	CONDITIONAL_JUMP
ram:00066a5c	ram:20001dd8	READ
ram:00066a5e	ram:00066a68	CONDITIONAL_JUMP
ram:00066a66	ram:00066a86	CONDITIONAL_JUMP
ram:00066a68	ram:20001de8	READ
ram:00066a6c	ram:00066a76	CONDITIONAL_JUMP
ram:00066a74	ram:00066a86	CONDITIONAL_JUMP
ram:00066a7a	ram:0005d946	UNCONDITIONAL_CALL
ram:00066a90	ram:20001d61	READ
ram:00066a98	ram:00066ac0	CONDITIONAL_JUMP
ram:00066a9a	ram:20001db4	READ
ram:00066a9c	ram:00066aa6	CONDITIONAL_JUMP
ram:00066aa4	ram:00066ad4	CONDITIONAL_JUMP
ram:00066aa6	ram:20001dd8	READ
ram:00066aa8	ram:00066ab2	CONDITIONAL_JUMP
ram:00066ab0	ram:00066ad4	CONDITIONAL_JUMP
ram:00066ab2	ram:20001de8	READ
ram:00066ab6	ram:00066ac0	CONDITIONAL_JUMP
ram:00066abe	ram:00066ad4	CONDITIONAL_JUMP
ram:00066ac0	ram:20001d61	WRITE
ram:00066ac4	ram:20001e30	READ
ram:00066ac8	ram:00066ad8	CONDITIONAL_JUMP
ram:00066ace	ram:20001e30	WRITE
ram:00066adc	ram:00066ace	UNCONDITIONAL_JUMP
ram:00066ae6	ram:20002000	PARAM
ram:00066aec	ram:20001d60	PARAM
ram:00066af2	ram:20001e1c	READ
ram:00066af8	Stack[-0x10]	DATA
ram:00066b00	ram:20001d94	WRITE
ram:00066b06	ram:00066b16	CONDITIONAL_JUMP
ram:00066b0e	Stack[-0x10]	DATA
ram:00066b1a	ram:00066b24	CONDITIONAL_JUMP
ram:00066b1e	ram:20001d94	READ
ram:00066b20	ram:00042194	UNCONDITIONAL_CALL
ram:00066b26	ram:00066b06	UNCONDITIONAL_JUMP
ram:00066b30	ram:20001d99	WRITE
ram:00066b3c	ram:00066b50	CONDITIONAL_JUMP
ram:00066b3e	ram:20001d9c	READ
ram:00066b44	ram:00066b4c	CONDITIONAL_JUMP
ram:00066b4c	ram:20001d9a	WRITE
ram:00066b56	ram:00066b66	CONDITIONAL_JUMP
ram:00066b58	ram:20001d9d	READ
ram:00066b5e	ram:00066b48	CONDITIONAL_JUMP
ram:00066b62	ram:20001d9b	WRITE
ram:00066b72	Stack[-0x20]	DATA
ram:00066b74	ram:00057ba2	UNCONDITIONAL_CALL
ram:00066b78	ram:00066bdc	CONDITIONAL_JUMP
ram:00066b7c	Stack[-0x20]	DATA
ram:00066b84	ram:00066b9a	CONDITIONAL_JUMP
ram:00066b8a	ram:00066b96	CONDITIONAL_JUMP
ram:00066b9c	ram:00066ba8	CONDITIONAL_JUMP
ram:00066ba0	ram:00066b8e	CONDITIONAL_JUMP
ram:00066ba8	ram:00066bc0	CONDITIONAL_JUMP
ram:00066bae	ram:20001da2	READ
ram:00066bb8	ram:00066bd6	CONDITIONAL_JUMP
ram:00066bd4	ram:00066b90	UNCONDITIONAL_JUMP
ram:00066bda	ram:00066bc0	UNCONDITIONAL_JUMP
ram:00066bde	ram:00066b90	UNCONDITIONAL_JUMP
ram:00066bec	ram:20001db4	READ
ram:00066c18	ram:00066c2a	CONDITIONAL_JUMP
ram:00066c26	ram:00066c40	CONDITIONAL_JUMP
ram:00066c2e	ram:00066c40	CONDITIONAL_JUMP
ram:00066c36	ram:00066c60	CONDITIONAL_JUMP
ram:00066c3c	ram:00066caa	CONDITIONAL_JUMP
ram:00066c66	ram:00066c40	CONDITIONAL_JUMP
ram:00066c6e	ram:00066c40	CONDITIONAL_JUMP
ram:00066c72	ram:00066c98	CONDITIONAL_JUMP
ram:00066c76	ram:20001d9c	READ
ram:00066c80	ram:00066c40	CONDITIONAL_JUMP
ram:00066c84	ram:00066caa	CONDITIONAL_JUMP
ram:00066c8a	ram:00066caa	CONDITIONAL_JUMP
ram:00066c8e	ram:20001d9c	READ
ram:00066c96	ram:00066ca4	UNCONDITIONAL_JUMP
ram:00066c98	ram:00066c88	CONDITIONAL_JUMP
ram:00066c9c	ram:20001d9c	READ
ram:00066ca6	ram:00066c40	CONDITIONAL_JUMP
ram:00066cba	ram:00054de4	UNCONDITIONAL_CALL
ram:00066cc0	ram:00066cd4	CONDITIONAL_JUMP
ram:00066cc2	ram:20001dc4	READ
ram:00066cce	ram:00066c40	CONDITIONAL_JUMP
ram:00066cd8	ram:00066cfa	CONDITIONAL_JUMP
ram:00066cde	ram:00066d36	CONDITIONAL_JUMP
ram:00066cee	ram:00066c40	CONDITIONAL_JUMP
ram:00066cf6	ram:00066c40	CONDITIONAL_JUMP
ram:00066d02	ram:00066e3a	CONDITIONAL_JUMP
ram:00066d0a	ram:00066d46	CONDITIONAL_JUMP
ram:00066d18	ram:00066c40	CONDITIONAL_JUMP
ram:00066d20	ram:00066c40	CONDITIONAL_JUMP
ram:00066d26	ram:00066c40	CONDITIONAL_JUMP
ram:00066d34	ram:00066d58	UNCONDITIONAL_JUMP
ram:00066d38	ram:00066cfa	CONDITIONAL_JUMP
ram:00066d44	ram:00066cea	UNCONDITIONAL_JUMP
ram:00066d48	ram:00066e26	CONDITIONAL_JUMP
ram:00066d5c	ram:00066e80	CONDITIONAL_JUMP
ram:00066d6a	ram:00066d72	CONDITIONAL_JUMP
ram:00066d7c	ram:200002b4	COMPUTED_CALL
ram:00066d80	ram:00066ea2	CONDITIONAL_JUMP
ram:00066d9c	ram:200001dc	COMPUTED_CALL
ram:00066dac	ram:00066ea8	CONDITIONAL_JUMP
ram:00066db4	ram:20001bd0	READ
ram:00066dc2	ram:00061dd4	UNCONDITIONAL_CALL
ram:00066dca	ram:00061d68	UNCONDITIONAL_CALL
ram:00066ddc	ram:00066de2	CONDITIONAL_JUMP
ram:00066df4	ram:00066e08	CONDITIONAL_JUMP
ram:00066e00	ram:00066c40	CONDITIONAL_JUMP
ram:00066e24	ram:00066c40	UNCONDITIONAL_JUMP
ram:00066e28	ram:00066e30	CONDITIONAL_JUMP
ram:00066e2e	ram:00066d12	UNCONDITIONAL_JUMP
ram:00066e30	ram:00066d12	CONDITIONAL_JUMP
ram:00066e38	ram:00066d16	UNCONDITIONAL_JUMP
ram:00066e48	ram:00066e5c	CONDITIONAL_JUMP
ram:00066e4c	ram:00066e50	CONDITIONAL_JUMP
ram:00066e5a	ram:00066d16	UNCONDITIONAL_JUMP
ram:00066e60	ram:00066e70	CONDITIONAL_JUMP
ram:00066e64	ram:00066e68	CONDITIONAL_JUMP
ram:00066e6e	ram:00066e56	UNCONDITIONAL_JUMP
ram:00066e72	ram:00066e76	CONDITIONAL_JUMP
ram:00066e7e	ram:00066d16	UNCONDITIONAL_JUMP
ram:00066e8e	ram:00066e9a	CONDITIONAL_JUMP
ram:00066e9c	ram:00066e88	CONDITIONAL_JUMP
ram:00066ea0	ram:00066d66	UNCONDITIONAL_JUMP
ram:00066ea6	ram:00066da0	UNCONDITIONAL_JUMP
ram:00066eaa	ram:00066eb4	CONDITIONAL_JUMP
ram:00066eb2	ram:00066dbe	UNCONDITIONAL_JUMP
ram:00066eb8	ram:00066dbe	UNCONDITIONAL_JUMP
ram:00066ec6	ram:20001db4	READ
ram:00066ed6	ram:00066ee2	CONDITIONAL_JUMP
ram:00066ede	ram:00066efa	CONDITIONAL_JUMP
ram:00066ee8	ram:00054de4	UNCONDITIONAL_CALL
ram:00066eee	ram:00066f0c	CONDITIONAL_JUMP
ram:00066ef0	ram:20001db4	READ
ram:00066ef8	ram:00066efc	CONDITIONAL_JUMP
ram:00066f16	ram:00066efc	CONDITIONAL_JUMP
ram:00066f20	ram:00066f92	CONDITIONAL_JUMP
ram:00066f24	ram:00066f2c	CONDITIONAL_JUMP
ram:00066f2a	ram:00066efc	UNCONDITIONAL_JUMP
ram:00066f2e	ram:00066f28	CONDITIONAL_JUMP
ram:00066f38	ram:00066fe6	CONDITIONAL_JUMP
ram:00066f3c	ram:00066fd6	CONDITIONAL_JUMP
ram:00066f42	ram:20001dd6	READ
ram:00066f4c	ram:00066efc	CONDITIONAL_JUMP
ram:00066f54	ram:00066f80	CONDITIONAL_JUMP
ram:00066f5e	ram:00066f80	CONDITIONAL_JUMP
ram:00066f68	ram:00067000	CONDITIONAL_JUMP
ram:00066f74	ram:00066efc	CONDITIONAL_JUMP
ram:00066f7c	ram:00066efc	CONDITIONAL_JUMP
ram:00066f84	ram:00066efc	CONDITIONAL_JUMP
ram:00066f90	ram:00066fba	UNCONDITIONAL_JUMP
ram:00066f96	ram:00066f32	CONDITIONAL_JUMP
ram:00066f9c	ram:00066fe6	CONDITIONAL_JUMP
ram:00066fa6	ram:00066f28	CONDITIONAL_JUMP
ram:00066fae	ram:00066f28	CONDITIONAL_JUMP
ram:00066fb6	ram:00066f28	CONDITIONAL_JUMP
ram:00066fb8	ram:00066f28	CONDITIONAL_JUMP
ram:00066fc0	ram:000428ec	UNCONDITIONAL_CALL
ram:00066fd4	ram:00066fe2	UNCONDITIONAL_JUMP
ram:00066fe4	ram:00066efc	UNCONDITIONAL_JUMP
ram:00066ff0	ram:00066f3e	CONDITIONAL_JUMP
ram:00066ff4	ram:00066f28	CONDITIONAL_JUMP
ram:00066ffa	ram:00066f3e	CONDITIONAL_JUMP
ram:00066ffe	ram:00066efa	UNCONDITIONAL_JUMP
ram:00067002	ram:00066f80	CONDITIONAL_JUMP
ram:0006700a	ram:00066f70	UNCONDITIONAL_JUMP
ram:00067018	ram:20001db4	READ
ram:00067028	ram:00067034	CONDITIONAL_JUMP
ram:00067030	ram:0006704c	CONDITIONAL_JUMP
ram:0006703a	ram:00054de4	UNCONDITIONAL_CALL
ram:00067040	ram:0006705e	CONDITIONAL_JUMP
ram:00067042	ram:20001db4	READ
ram:0006704a	ram:0006704e	CONDITIONAL_JUMP
ram:00067068	ram:0006704e	CONDITIONAL_JUMP
ram:00067072	ram:00067118	CONDITIONAL_JUMP
ram:00067076	ram:0006707e	CONDITIONAL_JUMP
ram:0006707c	ram:0006704e	UNCONDITIONAL_JUMP
ram:00067080	ram:0006707a	CONDITIONAL_JUMP
ram:0006708a	ram:0006716c	CONDITIONAL_JUMP
ram:0006708e	ram:0006715c	CONDITIONAL_JUMP
ram:00067094	ram:20001dd6	READ
ram:0006709e	ram:0006704e	CONDITIONAL_JUMP
ram:000670a6	ram:000670d2	CONDITIONAL_JUMP
ram:000670b0	ram:000670d2	CONDITIONAL_JUMP
ram:000670ba	ram:00067188	CONDITIONAL_JUMP
ram:000670ca	ram:0006704e	CONDITIONAL_JUMP
ram:000670ce	ram:0006704e	CONDITIONAL_JUMP
ram:000670d6	ram:0006704e	CONDITIONAL_JUMP
ram:000670dc	ram:0006710e	CONDITIONAL_JUMP
ram:000670e4	ram:0006710e	CONDITIONAL_JUMP
ram:000670ec	ram:0006710e	CONDITIONAL_JUMP
ram:000670f0	ram:0006710e	CONDITIONAL_JUMP
ram:000670f6	ram:0006710e	CONDITIONAL_JUMP
ram:000670f8	ram:0005d790	UNCONDITIONAL_CALL
ram:0006710a	ram:200001dc	COMPUTED_CALL
ram:00067116	ram:00067140	UNCONDITIONAL_JUMP
ram:0006711c	ram:00067084	CONDITIONAL_JUMP
ram:00067122	ram:0006716c	CONDITIONAL_JUMP
ram:0006712c	ram:0006707a	CONDITIONAL_JUMP
ram:00067134	ram:0006707a	CONDITIONAL_JUMP
ram:0006713c	ram:0006707a	CONDITIONAL_JUMP
ram:0006713e	ram:0006707a	CONDITIONAL_JUMP
ram:00067146	ram:000428ec	UNCONDITIONAL_CALL
ram:0006715a	ram:00067168	UNCONDITIONAL_JUMP
ram:0006716a	ram:0006704e	UNCONDITIONAL_JUMP
ram:00067176	ram:00067090	CONDITIONAL_JUMP
ram:0006717a	ram:0006707a	CONDITIONAL_JUMP
ram:00067182	ram:00067090	CONDITIONAL_JUMP
ram:00067186	ram:0006704c	UNCONDITIONAL_JUMP
ram:0006718a	ram:000670d2	CONDITIONAL_JUMP
ram:00067196	ram:000670c6	UNCONDITIONAL_JUMP
ram:000671a4	ram:20001db4	READ
ram:000671c4	ram:000671f4	CONDITIONAL_JUMP
ram:000671d0	ram:000671f4	CONDITIONAL_JUMP
ram:000671fe	ram:00067208	CONDITIONAL_JUMP
ram:00067200	ram:00067304	CONDITIONAL_JUMP
ram:00067206	ram:000671d6	UNCONDITIONAL_JUMP
ram:00067208	ram:0006721c	CONDITIONAL_JUMP
ram:0006720a	ram:20001db8	READ
ram:0006720c	ram:00067212	CONDITIONAL_JUMP
ram:00067210	ram:000671d6	UNCONDITIONAL_JUMP
ram:00067214	ram:0005501c	UNCONDITIONAL_CALL
ram:0006721a	ram:0006720c	UNCONDITIONAL_JUMP
ram:0006721c	ram:0006720e	CONDITIONAL_JUMP
ram:00067222	ram:0005501c	UNCONDITIONAL_CALL
ram:00067226	ram:0006720e	UNCONDITIONAL_JUMP
ram:00067230	ram:000671d4	CONDITIONAL_JUMP
ram:00067236	ram:0006723e	CONDITIONAL_JUMP
ram:0006723a	ram:00067244	CONDITIONAL_JUMP
ram:00067242	ram:000671d4	CONDITIONAL_JUMP
ram:00067248	ram:000672ca	CONDITIONAL_JUMP
ram:00067250	ram:00067262	CONDITIONAL_JUMP
ram:0006725e	ram:00067204	CONDITIONAL_JUMP
ram:00067262	ram:20001dc8	READ
ram:0006726a	ram:00067318	CONDITIONAL_JUMP
ram:00067290	ram:000428ec	UNCONDITIONAL_CALL
ram:000672a6	ram:20001dc8	READ
ram:000672d8	ram:200002b4	COMPUTED_CALL
ram:000672dc	ram:000672f0	CONDITIONAL_JUMP
ram:000672e2	ram:20001e3e	PARAM
ram:000672ec	ram:200001dc	COMPUTED_CALL
ram:000672fa	ram:200002b4	COMPUTED_CALL
ram:000672fe	ram:0006724c	CONDITIONAL_JUMP
ram:00067302	ram:00067204	UNCONDITIONAL_JUMP
ram:0006731c	ram:00067204	CONDITIONAL_JUMP
ram:0006732c	ram:00054de4	UNCONDITIONAL_CALL
ram:00067332	ram:00067228	CONDITIONAL_JUMP
ram:00067336	ram:20001db4	READ
ram:0006733c	ram:000671d4	CONDITIONAL_JUMP
ram:00067340	ram:000671d6	UNCONDITIONAL_JUMP
ram:00067346	ram:20001db4	READ
ram:0006734a	ram:0006736e	CONDITIONAL_JUMP
ram:00067352	ram:0006736e	CONDITIONAL_JUMP
ram:00067380	ram:00054de4	UNCONDITIONAL_CALL
ram:0006738a	ram:0006735e	CONDITIONAL_JUMP
ram:0006738e	ram:0006735e	CONDITIONAL_JUMP
ram:00067394	ram:0006735e	CONDITIONAL_JUMP
ram:000673a0	ram:0006735e	CONDITIONAL_JUMP
ram:000673a6	ram:0006735c	CONDITIONAL_JUMP
ram:000673ac	ram:0006735c	CONDITIONAL_JUMP
ram:000673ae	ram:00041bc6	UNCONDITIONAL_CALL
ram:000673b6	ram:0006735e	CONDITIONAL_JUMP
ram:000673c0	ram:00067422	CONDITIONAL_JUMP
ram:000673cc	ram:000673f2	CONDITIONAL_JUMP
ram:000673d8	ram:0006735e	CONDITIONAL_JUMP
ram:000673e2	ram:0006735e	CONDITIONAL_JUMP
ram:000673ec	ram:00067402	CONDITIONAL_JUMP
ram:000673f0	ram:0006735e	UNCONDITIONAL_JUMP
ram:000673f6	ram:000673dc	CONDITIONAL_JUMP
ram:000673fe	ram:000673e6	CONDITIONAL_JUMP
ram:00067420	ram:0006735e	UNCONDITIONAL_JUMP
ram:00067422	ram:00067402	CONDITIONAL_JUMP
ram:0006742c	ram:00067402	CONDITIONAL_JUMP
ram:00067432	ram:000673e8	UNCONDITIONAL_JUMP
ram:00067438	ram:20001db4	READ
ram:0006744a	ram:0006746a	CONDITIONAL_JUMP
ram:00067452	ram:0006746a	CONDITIONAL_JUMP
ram:00067470	ram:00054de4	UNCONDITIONAL_CALL
ram:0006747a	ram:00067458	CONDITIONAL_JUMP
ram:00067480	ram:000674d6	CONDITIONAL_JUMP
ram:00067488	ram:00067550	CONDITIONAL_JUMP
ram:00067494	ram:000674c6	CONDITIONAL_JUMP
ram:000674a4	ram:00067458	CONDITIONAL_JUMP
ram:000674b2	ram:00067458	CONDITIONAL_JUMP
ram:000674c0	ram:000674d6	CONDITIONAL_JUMP
ram:000674c4	ram:00067458	UNCONDITIONAL_JUMP
ram:000674ca	ram:000674a8	CONDITIONAL_JUMP
ram:000674d2	ram:000674b6	CONDITIONAL_JUMP
ram:000674dc	ram:00067588	CONDITIONAL_JUMP
ram:000674e4	ram:000674f2	CONDITIONAL_JUMP
ram:000674ea	ram:20000104	COMPUTED_CALL
ram:000674f6	ram:00067566	CONDITIONAL_JUMP
ram:000674fe	ram:00067578	CONDITIONAL_JUMP
ram:00067502	ram:00067456	CONDITIONAL_JUMP
ram:00067510	ram:20000040	COMPUTED_CALL
ram:00067518	ram:00067456	CONDITIONAL_JUMP
ram:00067522	ram:200001dc	COMPUTED_CALL
ram:00067532	ram:00067458	CONDITIONAL_JUMP
ram:0006753a	ram:000428ec	UNCONDITIONAL_CALL
ram:0006754e	ram:00067458	UNCONDITIONAL_JUMP
ram:00067550	ram:000674d6	CONDITIONAL_JUMP
ram:0006755a	ram:000674d6	CONDITIONAL_JUMP
ram:00067564	ram:000674bc	UNCONDITIONAL_JUMP
ram:0006756a	ram:00067458	CONDITIONAL_JUMP
ram:00067576	ram:00067458	UNCONDITIONAL_JUMP
ram:00067582	ram:00067500	CONDITIONAL_JUMP
ram:00067586	ram:00067456	UNCONDITIONAL_JUMP
ram:00067588	ram:000674fa	CONDITIONAL_JUMP
ram:00067590	ram:000674fa	CONDITIONAL_JUMP
ram:00067594	ram:00067458	UNCONDITIONAL_JUMP
ram:00067596	ram:20002000	PARAM
ram:0006759e	ram:20001db4	READ
ram:000675a4	Stack[-0x10]	DATA
ram:000675b0	ram:000675ca	CONDITIONAL_JUMP
ram:000675b8	ram:000675ca	CONDITIONAL_JUMP
ram:000675c4	Stack[-0x10]	DATA
ram:000675cc	ram:00054de4	UNCONDITIONAL_CALL
ram:000675d6	ram:000675be	CONDITIONAL_JUMP
ram:000675de	ram:00067694	CONDITIONAL_JUMP
ram:000675e4	ram:000675bc	CONDITIONAL_JUMP
ram:000675ee	ram:000675bc	CONDITIONAL_JUMP
ram:000675f2	ram:00067672	CONDITIONAL_JUMP
ram:000675f4	ram:20001e2c	READ
ram:00067600	ram:000675be	CONDITIONAL_JUMP
ram:0006760a	ram:00042910	UNCONDITIONAL_CALL
ram:00067612	ram:000624fc	UNCONDITIONAL_CALL
ram:00067622	ram:00042934	UNCONDITIONAL_CALL
ram:00067634	ram:20001e56	PARAM
ram:0006763e	ram:200001dc	COMPUTED_CALL
ram:0006764c	ram:200012e0	COMPUTED_CALL
ram:00067652	ram:000582da	UNCONDITIONAL_CALL
ram:0006766a	ram:00067678	CONDITIONAL_JUMP
ram:00067670	ram:000675be	UNCONDITIONAL_JUMP
ram:00067676	ram:00067602	UNCONDITIONAL_JUMP
ram:0006767e	ram:000428ec	UNCONDITIONAL_CALL
ram:00067692	ram:0006766e	UNCONDITIONAL_JUMP
ram:000676a0	ram:0006766e	CONDITIONAL_JUMP
ram:000676a4	ram:00042494	UNCONDITIONAL_CALL
ram:000676a8	ram:0006766e	UNCONDITIONAL_JUMP
ram:000676b2	ram:20001dd8	READ
ram:000676ca	ram:000676dc	CONDITIONAL_JUMP
ram:000676d8	ram:00067712	CONDITIONAL_JUMP
ram:000676dc	ram:20001ddc	READ
ram:000676e2	ram:00067712	CONDITIONAL_JUMP
ram:000676ec	ram:00067712	CONDITIONAL_JUMP
ram:000676f6	ram:00067712	CONDITIONAL_JUMP
ram:00067706	ram:00067726	CONDITIONAL_JUMP
ram:00067710	ram:0006772e	CONDITIONAL_JUMP
ram:0006772c	ram:00067712	CONDITIONAL_JUMP
ram:00067732	ram:00067712	CONDITIONAL_JUMP
ram:00067748	ram:0006778c	CONDITIONAL_JUMP
ram:0006775e	ram:00067764	CONDITIONAL_JUMP
ram:0006776a	ram:000677f4	CONDITIONAL_JUMP
ram:00067790	ram:000677e4	CONDITIONAL_JUMP
ram:000677b2	ram:000677b8	CONDITIONAL_JUMP
ram:000677be	ram:000677fa	CONDITIONAL_JUMP
ram:000677f2	ram:00067712	UNCONDITIONAL_JUMP
ram:000677f8	ram:00067772	UNCONDITIONAL_JUMP
ram:000677fe	ram:000677c6	UNCONDITIONAL_JUMP
ram:00067808	ram:20001dd8	READ
ram:00067812	Stack[-0x10]	DATA
ram:00067818	ram:00067826	CONDITIONAL_JUMP
ram:00067822	ram:000678a0	CONDITIONAL_JUMP
ram:00067826	ram:20001ddc	READ
ram:00067828	ram:000678a0	CONDITIONAL_JUMP
ram:00067830	ram:0006784a	CONDITIONAL_JUMP
ram:00067832	ram:00067842	CONDITIONAL_JUMP
ram:0006783c	Stack[-0x10]	DATA
ram:00067842	ram:000603de	UNCONDITIONAL_CALL
ram:00067848	ram:00067836	UNCONDITIONAL_JUMP
ram:0006784c	ram:00067834	CONDITIONAL_JUMP
ram:00067850	ram:00067896	CONDITIONAL_JUMP
ram:00067856	ram:000678aa	CONDITIONAL_JUMP
ram:0006786c	ram:00067834	CONDITIONAL_JUMP
ram:00067870	ram:000678a4	CONDITIONAL_JUMP
ram:0006787a	ram:00067882	CONDITIONAL_JUMP
ram:0006787e	ram:00067834	CONDITIONAL_JUMP
ram:0006788c	Stack[-0x10]	DATA
ram:0006789c	ram:00067866	CONDITIONAL_JUMP
ram:000678a2	ram:00067836	UNCONDITIONAL_JUMP
ram:000678a8	ram:00067882	UNCONDITIONAL_JUMP
ram:000678ac	ram:00067836	UNCONDITIONAL_JUMP
ram:000678f0	ram:200001dc	COMPUTED_CALL
ram:000678fc	ram:20001dd8	READ
ram:000678fe	ram:20001d60	PARAM
ram:00067902	ram:0006792e	CONDITIONAL_JUMP
ram:0006790a	ram:0006792e	CONDITIONAL_JUMP
ram:0006792e	ram:20001dec	READ
ram:00067932	ram:0006790e	CONDITIONAL_JUMP
ram:00067934	ram:00055ebc	UNCONDITIONAL_CALL
ram:0006793c	ram:20001bd3	READ
ram:00067942	ram:0006790e	CONDITIONAL_JUMP
ram:0006794c	ram:00067910	CONDITIONAL_JUMP
ram:00067956	ram:20001d60	PARAM
ram:0006795a	ram:00067960	CONDITIONAL_JUMP
ram:0006795e	ram:00067910	UNCONDITIONAL_JUMP
ram:00067960	ram:20001dd8	READ
ram:00067962	ram:00067974	CONDITIONAL_JUMP
ram:0006796a	ram:0006790e	CONDITIONAL_JUMP
ram:00067972	ram:0006790e	CONDITIONAL_JUMP
ram:00067974	ram:20001de8	READ
ram:00067978	ram:00067d36	CONDITIONAL_JUMP
ram:0006797c	ram:20001dec	READ
ram:00067984	ram:0006790e	CONDITIONAL_JUMP
ram:00067988	ram:0006795c	CONDITIONAL_JUMP
ram:0006799e	ram:200002b4	COMPUTED_CALL
ram:000679a2	ram:00067d42	CONDITIONAL_JUMP
ram:000679bc	ram:200001dc	COMPUTED_CALL
ram:000679ca	ram:00067ae6	CONDITIONAL_JUMP
ram:000679d4	ram:000679da	CONDITIONAL_JUMP
ram:000679e8	ram:000679ee	CONDITIONAL_JUMP
ram:000679f6	ram:000679fc	CONDITIONAL_JUMP
ram:00067a36	ram:00052694	UNCONDITIONAL_CALL
ram:00067a44	ram:00067a4a	CONDITIONAL_JUMP
ram:00067a52	ram:00067a58	CONDITIONAL_JUMP
ram:00067a6a	ram:00067a72	CONDITIONAL_JUMP
ram:00067a8a	ram:00067a90	CONDITIONAL_JUMP
ram:00067ab4	ram:00067aba	CONDITIONAL_JUMP
ram:00067ac2	ram:00067ac8	CONDITIONAL_JUMP
ram:00067ada	ram:00067ae0	CONDITIONAL_JUMP
ram:00067aea	ram:00067bd8	CONDITIONAL_JUMP
ram:00067b16	ram:00052694	UNCONDITIONAL_CALL
ram:00067b24	ram:00067b2a	CONDITIONAL_JUMP
ram:00067b32	ram:00067b38	CONDITIONAL_JUMP
ram:00067b4e	ram:00067b56	CONDITIONAL_JUMP
ram:00067b72	ram:00067b78	CONDITIONAL_JUMP
ram:00067ba2	ram:00067ba8	CONDITIONAL_JUMP
ram:00067bb0	ram:00067bb6	CONDITIONAL_JUMP
ram:00067bc8	ram:00067bce	CONDITIONAL_JUMP
ram:00067bda	ram:00067d48	CONDITIONAL_JUMP
ram:00067bea	ram:00067bf0	CONDITIONAL_JUMP
ram:00067c00	ram:00067c06	CONDITIONAL_JUMP
ram:00067c0e	ram:00067c14	CONDITIONAL_JUMP
ram:00067c58	ram:00052694	UNCONDITIONAL_CALL
ram:00067c66	ram:00067c6c	CONDITIONAL_JUMP
ram:00067c74	ram:00067c7a	CONDITIONAL_JUMP
ram:00067c8e	ram:00067c96	CONDITIONAL_JUMP
ram:00067cb0	ram:00067cb6	CONDITIONAL_JUMP
ram:00067cde	ram:00067ce4	CONDITIONAL_JUMP
ram:00067cec	ram:00067cf2	CONDITIONAL_JUMP
ram:00067d04	ram:00067d0a	CONDITIONAL_JUMP
ram:00067d0e	ram:00067d2e	CONDITIONAL_JUMP
ram:00067d12	ram:00067d62	CONDITIONAL_JUMP
ram:00067d34	ram:00067910	UNCONDITIONAL_JUMP
ram:00067d3c	ram:00067986	CONDITIONAL_JUMP
ram:00067d40	ram:0006790e	UNCONDITIONAL_JUMP
ram:00067d46	ram:000679c0	UNCONDITIONAL_JUMP
ram:00067d60	ram:00067d0e	UNCONDITIONAL_JUMP
ram:00067d76	ram:00067d2a	UNCONDITIONAL_JUMP
ram:00067d7a	Stack[-0x10]	DATA
ram:00067d84	ram:20001dd8	READ
ram:00067d90	ram:00067dac	CONDITIONAL_JUMP
ram:00067d98	ram:00067dac	CONDITIONAL_JUMP
ram:00067da4	Stack[-0x10]	DATA
ram:00067dac	ram:20001ddc	READ
ram:00067db0	ram:00067d9c	CONDITIONAL_JUMP
ram:00067db4	ram:00067dd0	CONDITIONAL_JUMP
ram:00067dba	ram:00067d9e	CONDITIONAL_JUMP
ram:00067dd6	ram:20001dd8	READ
ram:00067ddc	ram:00067d9c	CONDITIONAL_JUMP
ram:00067de6	ram:00067e60	CONDITIONAL_JUMP
ram:00067dec	ram:00067d9c	CONDITIONAL_JUMP
ram:00067df8	ram:00067e06	CONDITIONAL_JUMP
ram:00067dfc	ram:20001e24	READ
ram:00067e04	ram:00067d9e	CONDITIONAL_JUMP
ram:00067e08	ram:00067e2c	CONDITIONAL_JUMP
ram:00067e28	ram:200001dc	COMPUTED_CALL
ram:00067e5e	ram:00067d9e	UNCONDITIONAL_JUMP
ram:00067e64	ram:00067dee	CONDITIONAL_JUMP
ram:00067e6e	ram:00067d9c	CONDITIONAL_JUMP
ram:00067e7a	ram:00067d9c	CONDITIONAL_JUMP
ram:00067e8c	ram:2000026a	COMPUTED_CALL
ram:00067e94	ram:00067de8	CONDITIONAL_JUMP
ram:00067e98	ram:00067d9e	UNCONDITIONAL_JUMP
ram:00067e9e	ram:20001dd8	READ
ram:00067ea4	ram:00067ec4	CONDITIONAL_JUMP
ram:00067eac	ram:00067ec4	CONDITIONAL_JUMP
ram:00067eb2	ram:00067ec4	CONDITIONAL_JUMP
ram:00067eb8	ram:0005f570	UNCONDITIONAL_CALL
ram:00067ece	ram:20001dd8	READ
ram:00067ed8	ram:00067f3e	CONDITIONAL_JUMP
ram:00067ee2	ram:00067f3e	CONDITIONAL_JUMP
ram:00067eee	ram:00067f3e	CONDITIONAL_JUMP
ram:00067f02	ram:00067f10	CONDITIONAL_JUMP
ram:00067f06	ram:00042494	UNCONDITIONAL_CALL
ram:00067f18	ram:00067f26	CONDITIONAL_JUMP
ram:00067f1c	ram:00042494	UNCONDITIONAL_CALL
ram:00067f30	ram:00067f2c	CONDITIONAL_JUMP
ram:00067f38	ram:00067f3e	CONDITIONAL_JUMP
ram:00067f4a	ram:20002000	PARAM
ram:00067f52	ram:20001d61	READ
ram:00067f56	ram:00067f8a	CONDITIONAL_JUMP
ram:00067f5c	ram:20001db4	READ
ram:00067f5e	ram:00067f74	CONDITIONAL_JUMP
ram:00067f64	ram:00067f74	CONDITIONAL_JUMP
ram:00067f74	ram:20001dd8	READ
ram:00067f76	ram:00067f7e	CONDITIONAL_JUMP
ram:00067f7c	ram:00067f66	CONDITIONAL_JUMP
ram:00067f7e	ram:20001de8	READ
ram:00067f82	ram:00067f8a	CONDITIONAL_JUMP
ram:00067f88	ram:00067f66	CONDITIONAL_JUMP
ram:00067fa0	ram:200001dc	COMPUTED_CALL
ram:00067faa	ram:20000c00	COMPUTED_CALL
ram:00067fae	ram:00067f6a	CONDITIONAL_JUMP
ram:00067fb6	ram:00067f6c	UNCONDITIONAL_JUMP
ram:00067fbc	ram:20001daa	READ
ram:00067fc8	ram:00067fcc	CONDITIONAL_JUMP
ram:00067fd8	Stack[-0x20]	DATA
ram:00067fda	ram:00054de4	UNCONDITIONAL_CALL
ram:00067fde	ram:00068052	CONDITIONAL_JUMP
ram:00067fec	ram:0006804c	CONDITIONAL_JUMP
ram:00067ff8	ram:20001da9	READ
ram:00068000	ram:0006804c	CONDITIONAL_JUMP
ram:00068012	ram:0006804c	CONDITIONAL_JUMP
ram:00068016	ram:20001e28	READ
ram:0006801e	ram:0006804c	CONDITIONAL_JUMP
ram:00068022	ram:20001da8	READ
ram:00068026	Stack[-0x20]	DATA
ram:00068028	ram:0006804c	CONDITIONAL_JUMP
ram:0006803a	ram:0006803e	CONDITIONAL_JUMP
ram:00068056	ram:0006804c	UNCONDITIONAL_JUMP
ram:0006805e	ram:00054de4	UNCONDITIONAL_CALL
ram:00068066	ram:0006807e	CONDITIONAL_JUMP
ram:00068070	ram:0006807e	CONDITIONAL_JUMP
ram:00068074	ram:00068086	CONDITIONAL_JUMP
ram:0006808a	ram:0006807a	UNCONDITIONAL_JUMP
ram:0006809a	ram:00057ba2	UNCONDITIONAL_CALL
ram:000680a0	ram:000680ec	CONDITIONAL_JUMP
ram:000680b0	ram:000680ec	CONDITIONAL_JUMP
ram:000680b4	ram:000680ec	CONDITIONAL_JUMP
ram:000680c4	ram:000680ec	CONDITIONAL_JUMP
ram:00068100	ram:00057ba2	UNCONDITIONAL_CALL
ram:00068106	ram:00068144	CONDITIONAL_JUMP
ram:0006810e	ram:00068144	CONDITIONAL_JUMP
ram:0006811a	ram:00068144	CONDITIONAL_JUMP
ram:00068124	ram:00068144	CONDITIONAL_JUMP
ram:0006812e	ram:00068144	CONDITIONAL_JUMP
ram:00068154	ram:00057ba2	UNCONDITIONAL_CALL
ram:00068158	ram:000681ac	CONDITIONAL_JUMP
ram:00068166	ram:0006819c	CONDITIONAL_JUMP
ram:0006816a	ram:000681a2	CONDITIONAL_JUMP
ram:0006817e	ram:0006819c	CONDITIONAL_JUMP
ram:0006818a	ram:0006819c	CONDITIONAL_JUMP
ram:000681aa	ram:0006819c	UNCONDITIONAL_JUMP
ram:000681ae	ram:0006819c	UNCONDITIONAL_JUMP
ram:000681c2	ram:00057ba2	UNCONDITIONAL_CALL
ram:000681c6	ram:0006825a	CONDITIONAL_JUMP
ram:000681cc	ram:20001a77	PARAM
ram:000681d0	ram:000681ea	CONDITIONAL_JUMP
ram:000681d6	ram:20001a77	WRITE
ram:000681ea	ram:20001a77	READ
ram:000681f2	ram:000681fc	CONDITIONAL_JUMP
ram:000681f6	ram:20001a77	WRITE
ram:00068202	ram:00057bbc	UNCONDITIONAL_CALL
ram:00068206	ram:00068240	CONDITIONAL_JUMP
ram:00068214	ram:00068238	CONDITIONAL_JUMP
ram:00068236	ram:000681da	UNCONDITIONAL_JUMP
ram:0006823e	ram:0006821a	UNCONDITIONAL_JUMP
ram:00068244	ram:20001bec	READ
ram:0006824a	ram:000681dc	CONDITIONAL_JUMP
ram:00068258	ram:000681dc	UNCONDITIONAL_JUMP
ram:0006825c	ram:000681dc	UNCONDITIONAL_JUMP
ram:0006825e	ram:000520ae	UNCONDITIONAL_JUMP
ram:00068262	ram:000520f6	UNCONDITIONAL_JUMP
ram:00068266	ram:00052146	UNCONDITIONAL_JUMP
ram:0006826a	ram:000521a0	UNCONDITIONAL_JUMP
ram:0006826e	ram:00052202	UNCONDITIONAL_JUMP
ram:00068272	ram:000522d2	UNCONDITIONAL_JUMP
ram:00068276	ram:0005224a	UNCONDITIONAL_JUMP
ram:0006827a	ram:00052288	UNCONDITIONAL_JUMP
ram:00068280	ram:00052316	UNCONDITIONAL_JUMP
ram:00068284	Stack[0x0]	DATA
ram:00068288	Stack[0x0]	DATA
ram:0006828a	ram:0005170a	UNCONDITIONAL_CALL
ram:0006828e	ram:000517d4	UNCONDITIONAL_JUMP
ram:00068292	ram:0005186c	UNCONDITIONAL_JUMP
ram:00068296	ram:000518cc	UNCONDITIONAL_JUMP
ram:0006829a	ram:00051932	UNCONDITIONAL_JUMP
ram:0006829e	ram:00051996	UNCONDITIONAL_JUMP
ram:000682a2	ram:000519f6	UNCONDITIONAL_JUMP
ram:000682a6	ram:00051a38	UNCONDITIONAL_JUMP
ram:000682aa	Stack[0x0]	DATA
ram:000682ae	Stack[0x4]	DATA
ram:000682b2	Stack[0x8]	DATA
ram:000682b6	Stack[0x0]	DATA
ram:000682b8	Stack[0x4]	DATA
ram:000682ba	Stack[0x8]	DATA
ram:000682bc	ram:00051a98	UNCONDITIONAL_CALL
ram:000682c0	ram:00051bc0	UNCONDITIONAL_JUMP
ram:000682c4	ram:00051c7a	UNCONDITIONAL_JUMP
ram:000682c8	Stack[0x0]	DATA
ram:000682cc	Stack[0x4]	DATA
ram:000682d0	Stack[0xc]	DATA
ram:000682dc	Stack[0xc]	DATA
ram:000682de	Stack[0x4]	DATA
ram:000682e0	Stack[0x0]	DATA
ram:000682e2	ram:00051cd2	UNCONDITIONAL_CALL
ram:000682e6	ram:00051dce	UNCONDITIONAL_JUMP
ram:000682ea	ram:00051e6a	UNCONDITIONAL_JUMP
ram:000682ee	ram:00051f28	UNCONDITIONAL_JUMP
ram:000682f2	ram:00051f68	UNCONDITIONAL_JUMP
ram:000682f6	ram:00051fa2	UNCONDITIONAL_JUMP
ram:000682fa	ram:00051ffa	UNCONDITIONAL_JUMP
ram:000682fe	ram:00052066	UNCONDITIONAL_JUMP
ram:0006831a	ram:0006851a	CONDITIONAL_JUMP
ram:00068322	ram:200019cc	READ
ram:00068326	ram:00041cba	UNCONDITIONAL_CALL
ram:0006832c	ram:00068358	CONDITIONAL_JUMP
ram:00068336	ram:00068352	CONDITIONAL_JUMP
ram:00068340	ram:0006836a	CONDITIONAL_JUMP
ram:00068346	ram:0006845e	CONDITIONAL_JUMP
ram:0006834a	ram:000683b4	CONDITIONAL_JUMP
ram:0006834e	ram:000683ec	CONDITIONAL_JUMP
ram:00068354	ram:00041c48	UNCONDITIONAL_CALL
ram:0006836c	ram:00068352	CONDITIONAL_JUMP
ram:00068372	ram:000684b0	CONDITIONAL_JUMP
ram:00068380	ram:00068352	CONDITIONAL_JUMP
ram:00068384	ram:20002000	PARAM
ram:00068388	ram:20001f20	READ
ram:00068398	ram:00068514	CONDITIONAL_JUMP
ram:0006839e	ram:0006850e	CONDITIONAL_JUMP
ram:000683a6	ram:20001f20	WRITE
ram:000683aa	ram:20001f20	READ
ram:000683b2	ram:000684fa	UNCONDITIONAL_JUMP
ram:000683bc	ram:0006863a	CONDITIONAL_JUMP
ram:000683ca	ram:20001f4c	PARAM
ram:000683d2	ram:200001dc	COMPUTED_CALL
ram:000683d8	ram:20001f20	WRITE
ram:000683de	ram:200019cc	READ
ram:000683e2	ram:00042138	UNCONDITIONAL_CALL
ram:000683e6	ram:20001f20	READ
ram:000683ea	ram:00068448	UNCONDITIONAL_JUMP
ram:000683f4	ram:00068432	CONDITIONAL_JUMP
ram:000683f6	ram:0006841c	CONDITIONAL_JUMP
ram:000683fa	ram:20002000	PARAM
ram:000683fe	ram:20001f20	READ
ram:0006840e	ram:20001f20	WRITE
ram:00068412	ram:00047750	UNCONDITIONAL_CALL
ram:0006841a	ram:00068352	UNCONDITIONAL_JUMP
ram:00068422	ram:0006842c	CONDITIONAL_JUMP
ram:00068426	ram:00047640	UNCONDITIONAL_CALL
ram:0006842a	ram:00068416	UNCONDITIONAL_JUMP
ram:0006842c	ram:00047530	UNCONDITIONAL_CALL
ram:00068430	ram:00068416	UNCONDITIONAL_JUMP
ram:00068432	ram:00068352	CONDITIONAL_JUMP
ram:0006843a	ram:20001f20	READ
ram:00068444	ram:20001f20	WRITE
ram:0006844c	ram:20001a78	READ
ram:00068450	ram:00068352	CONDITIONAL_JUMP
ram:00068456	ram:00068352	CONDITIONAL_JUMP
ram:0006845c	ram:00068352	UNCONDITIONAL_JUMP
ram:00068462	ram:20001f20	READ
ram:0006846c	ram:000684aa	CONDITIONAL_JUMP
ram:0006846e	ram:00068498	CONDITIONAL_JUMP
ram:00068476	ram:20001f20	WRITE
ram:0006847a	ram:20002000	PARAM
ram:0006847e	ram:20001f18	READ
ram:00068488	ram:000683e6	CONDITIONAL_JUMP
ram:00068490	ram:20001f18	WRITE
ram:00068496	ram:000683de	UNCONDITIONAL_JUMP
ram:0006849c	ram:20001f14	WRITE
ram:000684a4	ram:20001f20	WRITE
ram:000684a8	ram:000683e6	UNCONDITIONAL_JUMP
ram:000684ae	ram:000684a4	UNCONDITIONAL_JUMP
ram:000684b4	ram:20001f20	READ
ram:000684c0	ram:00068508	CONDITIONAL_JUMP
ram:000684c2	ram:000684fe	CONDITIONAL_JUMP
ram:000684ca	ram:20001f20	WRITE
ram:000684ce	ram:20002000	PARAM
ram:000684d2	ram:20001f53	READ
ram:000684dc	ram:000684f2	CONDITIONAL_JUMP
ram:000684e0	ram:200019cc	READ
ram:000684ea	ram:20001f53	WRITE
ram:000684ee	ram:00042138	UNCONDITIONAL_CALL
ram:000684f2	ram:20001f20	READ
ram:000684fc	ram:00068448	UNCONDITIONAL_JUMP
ram:00068502	ram:20001f20	WRITE
ram:00068506	ram:000684f2	UNCONDITIONAL_JUMP
ram:0006850c	ram:00068502	UNCONDITIONAL_JUMP
ram:00068512	ram:000683a6	UNCONDITIONAL_JUMP
ram:00068518	ram:000683a6	UNCONDITIONAL_JUMP
ram:0006851e	ram:000685a8	CONDITIONAL_JUMP
ram:00068524	ram:20001f14	READ
ram:00068528	ram:000685a2	CONDITIONAL_JUMP
ram:0006852e	ram:20001f16	READ
ram:00068536	ram:20001ac4	PARAM
ram:00068542	ram:20001f24	READ
ram:00068554	ram:200001dc	COMPUTED_CALL
ram:0006855c	ram:20001f15	READ
ram:0006856a	ram:20001f49	READ
ram:00068572	ram:20002000	PARAM
ram:00068576	ram:200019cc	READ
ram:0006857a	ram:00047066	UNCONDITIONAL_CALL
ram:0006857e	ram:000685a2	CONDITIONAL_JUMP
ram:00068584	ram:20001f20	READ
ram:0006858e	ram:20001f20	WRITE
ram:00068596	ram:20001a78	READ
ram:0006859a	ram:000685a2	CONDITIONAL_JUMP
ram:0006859e	ram:000685a2	CONDITIONAL_JUMP
ram:000685a6	ram:0006835c	UNCONDITIONAL_JUMP
ram:000685ac	ram:000685ee	CONDITIONAL_JUMP
ram:000685b2	ram:20001f18	READ
ram:000685b8	ram:000685e8	CONDITIONAL_JUMP
ram:000685ba	ram:20002000	PARAM
ram:000685be	ram:200019cc	READ
ram:000685c2	ram:0004737a	UNCONDITIONAL_CALL
ram:000685c6	ram:000685e8	CONDITIONAL_JUMP
ram:000685cc	ram:20001f20	READ
ram:000685d4	ram:20001f20	WRITE
ram:000685dc	ram:20001a78	READ
ram:000685e0	ram:000685e8	CONDITIONAL_JUMP
ram:000685e4	ram:000685e8	CONDITIONAL_JUMP
ram:000685ec	ram:0006835c	UNCONDITIONAL_JUMP
ram:000685f4	ram:0006835c	CONDITIONAL_JUMP
ram:000685fc	ram:20001f53	READ
ram:00068600	ram:00068634	CONDITIONAL_JUMP
ram:00068602	ram:20002000	PARAM
ram:00068606	ram:200019cc	READ
ram:0006860a	ram:000473b6	UNCONDITIONAL_CALL
ram:0006860e	ram:00068634	CONDITIONAL_JUMP
ram:00068610	ram:20002000	PARAM
ram:00068614	ram:20001f20	READ
ram:00068624	ram:20001a78	READ
ram:00068628	ram:20001f20	WRITE
ram:0006862c	ram:00068634	CONDITIONAL_JUMP
ram:00068630	ram:00068634	CONDITIONAL_JUMP
ram:00068638	ram:0006835c	UNCONDITIONAL_JUMP
ram:0006863c	ram:20001f20	WRITE
ram:00068640	ram:000683e6	UNCONDITIONAL_JUMP
ram:00068646	ram:20001f20	READ
ram:0006864a	ram:00068672	CONDITIONAL_JUMP
ram:0006864c	ram:00068656	CONDITIONAL_JUMP
ram:00068652	ram:20001a78	WRITE
ram:0006865e	ram:20001f48	READ
ram:00068662	ram:200019cc	READ
ram:0006866e	ram:000484e0	UNCONDITIONAL_CALL
ram:0006867a	ram:20001a78	WRITE
ram:0006868a	ram:200019cc	READ
ram:00068694	ram:000686a4	CONDITIONAL_JUMP
ram:000686a8	ram:00068306	PARAM
ram:000686ac	ram:000426a0	UNCONDITIONAL_CALL
ram:000686b0	ram:200019cc	WRITE
ram:000686b4	ram:00068698	CONDITIONAL_JUMP
ram:000686bc	ram:20001a78	WRITE
ram:000686c4	ram:20001f20	WRITE
ram:000686ce	ram:20001f48	WRITE
ram:000686d8	ram:20001f16	WRITE
ram:000686e0	ram:20001f24	WRITE
ram:000686ea	ram:20001f15	WRITE
ram:000686ee	ram:20002000	PARAM
ram:000686f2	ram:20001f49	WRITE
ram:000686f6	ram:00044cc8	UNCONDITIONAL_CALL
ram:000686fc	ram:0006869a	UNCONDITIONAL_JUMP
ram:0006870e	ram:0006887a	CONDITIONAL_JUMP
ram:00068712	ram:20002000	PARAM
ram:00068716	ram:20001a7c	READ
ram:0006871a	ram:00041cba	UNCONDITIONAL_CALL
ram:00068720	ram:0006873c	CONDITIONAL_JUMP
ram:0006872a	ram:0006874a	CONDITIONAL_JUMP
ram:00068732	ram:000687d6	CONDITIONAL_JUMP
ram:00068738	ram:00041c48	UNCONDITIONAL_CALL
ram:00068750	ram:00068786	CONDITIONAL_JUMP
ram:0006875e	ram:00068736	CONDITIONAL_JUMP
ram:00068766	ram:20001a80	READ
ram:0006876a	ram:00068736	CONDITIONAL_JUMP
ram:0006876e	ram:00068736	CONDITIONAL_JUMP
ram:00068784	ram:00068736	UNCONDITIONAL_JUMP
ram:0006878a	ram:00068736	CONDITIONAL_JUMP
ram:00068794	ram:00068736	CONDITIONAL_JUMP
ram:0006879c	ram:0004df14	UNCONDITIONAL_CALL
ram:000687a0	ram:00068736	CONDITIONAL_JUMP
ram:000687a8	ram:00068736	CONDITIONAL_JUMP
ram:000687b0	ram:20001a80	READ
ram:000687b4	ram:00068736	CONDITIONAL_JUMP
ram:000687b8	ram:00068736	CONDITIONAL_JUMP
ram:000687d4	ram:00068736	UNCONDITIONAL_JUMP
ram:000687dc	ram:00068860	CONDITIONAL_JUMP
ram:000687e0	ram:000687fa	CONDITIONAL_JUMP
ram:000687e4	ram:0006880c	CONDITIONAL_JUMP
ram:000687ea	ram:20001a80	READ
ram:000687ee	ram:00068736	CONDITIONAL_JUMP
ram:000687f2	ram:00068736	CONDITIONAL_JUMP
ram:000687f8	ram:00068736	UNCONDITIONAL_JUMP
ram:000687fc	ram:00068806	CONDITIONAL_JUMP
ram:00068802	ram:000687e6	CONDITIONAL_JUMP
ram:00068806	ram:0006a4ec	UNCONDITIONAL_CALL
ram:0006880a	ram:000687e6	UNCONDITIONAL_JUMP
ram:00068810	ram:000687e6	CONDITIONAL_JUMP
ram:00068816	ram:20001f17	READ
ram:0006881a	ram:00068848	CONDITIONAL_JUMP
ram:00068820	ram:20001f28	PARAM
ram:00068828	ram:00042e5e	UNCONDITIONAL_CALL
ram:00068830	ram:20001f38	PARAM
ram:00068838	ram:00042e5e	UNCONDITIONAL_CALL
ram:0006883c	ram:20002000	PARAM
ram:00068840	ram:200019c4	READ
ram:00068844	ram:00042e10	UNCONDITIONAL_CALL
ram:00068852	ram:20001f4c	PARAM
ram:0006885a	ram:200001dc	COMPUTED_CALL
ram:0006885e	ram:000687e6	UNCONDITIONAL_JUMP
ram:00068864	ram:000687e6	CONDITIONAL_JUMP
ram:00068874	ram:00069cb0	UNCONDITIONAL_CALL
ram:00068878	ram:000687e6	UNCONDITIONAL_JUMP
ram:00068880	ram:00068740	CONDITIONAL_JUMP
ram:00068888	ram:20001acc	PARAM
ram:00068890	ram:00042e5e	UNCONDITIONAL_CALL
ram:00068894	ram:20002000	PARAM
ram:00068898	ram:200019c4	READ
ram:0006889c	ram:00042e10	UNCONDITIONAL_CALL
ram:000688a2	ram:0006873e	UNCONDITIONAL_JUMP
ram:000688a6	ram:20002000	PARAM
ram:000688ac	ram:20001d52	WRITE
ram:000688b0	ram:000688bc	CONDITIONAL_JUMP
ram:000688b6	ram:00069c04	UNCONDITIONAL_CALL
ram:000688bc	ram:000688c6	CONDITIONAL_JUMP
ram:000688c2	ram:20001a80	WRITE
ram:000688ca	ram:20001f17	READ
ram:000688ce	ram:00068902	CONDITIONAL_JUMP
ram:000688da	ram:20001ac0	READ
ram:000688de	ram:20001a7c	READ
ram:000688ee	ram:20001acc	PARAM
ram:000688f2	ram:20001f38	PARAM
ram:000688f6	ram:20001f28	PARAM
ram:000688fe	ram:000484e0	UNCONDITIONAL_CALL
ram:0006890e	ram:20001a7c	READ
ram:00068930	ram:200001dc	COMPUTED_CALL
ram:00068936	ram:0004696a	UNCONDITIONAL_CALL
ram:00068944	ram:20001a7c	READ
ram:0006895e	ram:00046844	UNCONDITIONAL_CALL
ram:00068968	ram:20002000	PARAM
ram:0006896c	ram:20001a7c	READ
ram:00068970	ram:00046806	UNCONDITIONAL_CALL
ram:00068978	ram:20001f52	WRITE
ram:00068980	ram:200019cc	READ
ram:00068988	ram:000689a0	CONDITIONAL_JUMP
ram:00068992	ram:20001f17	WRITE
ram:0006899c	ram:20001f48	WRITE
ram:000689a6	ram:20001bd3	READ
ram:000689b4	ram:000689c4	CONDITIONAL_JUMP
ram:000689c8	ram:000686fe	PARAM
ram:000689d0	ram:000426a0	UNCONDITIONAL_CALL
ram:000689d8	ram:20001a7c	WRITE
ram:000689e0	ram:000689b6	CONDITIONAL_JUMP
ram:000689e4	ram:20002000	PARAM
ram:000689ea	ram:20001f48	WRITE
ram:000689ee	ram:00068974	UNCONDITIONAL_CALL
ram:000689f6	ram:20001f17	READ
ram:000689fc	ram:000689b8	CONDITIONAL_JUMP
ram:00068a02	ram:20001f28	PARAM
ram:00068a0a	ram:00042bb4	UNCONDITIONAL_CALL
ram:00068a12	ram:20001f38	PARAM
ram:00068a1a	ram:00042bb4	UNCONDITIONAL_CALL
ram:00068a22	ram:20001acc	PARAM
ram:00068a2a	ram:00042bb4	UNCONDITIONAL_CALL
ram:00068a2e	ram:20001a7c	READ
ram:00068a32	ram:00044cc8	UNCONDITIONAL_CALL
ram:00068a36	ram:000689b8	UNCONDITIONAL_JUMP
ram:00068a56	ram:00068a3c	CONDITIONAL_JUMP
ram:00068a72	ram:00042bb4	UNCONDITIONAL_CALL
ram:00068a76	ram:00068a82	CONDITIONAL_JUMP
ram:00068a84	ram:00068a7c	UNCONDITIONAL_JUMP
ram:00068a9e	ram:20001a8d	READ
ram:00068aa2	ram:00068ab6	CONDITIONAL_JUMP
ram:00068ab6	ram:20001a88	READ
ram:00068aca	ram:200002b4	COMPUTED_CALL
ram:00068ace	ram:00068ad6	CONDITIONAL_JUMP
ram:00068adc	ram:00068a9e	UNCONDITIONAL_JUMP
ram:00068aea	ram:20001aa8	READ
ram:00068aee	ram:00068af8	CONDITIONAL_JUMP
ram:00068af0	ram:00041c48	UNCONDITIONAL_CALL
ram:00068af4	ram:20001aa8	WRITE
ram:00068afc	ram:20001a8d	READ
ram:00068b08	ram:20001a86	WRITE
ram:00068b14	ram:20001a86	READ
ram:00068b24	ram:00068b48	CONDITIONAL_JUMP
ram:00068b30	ram:20001a8e	READ
ram:00068b36	ram:00042164	UNCONDITIONAL_CALL
ram:00068b3a	ram:20001a8e	READ
ram:00068b40	ram:00042164	UNCONDITIONAL_CALL
ram:00068b44	ram:00068ade	UNCONDITIONAL_CALL
ram:00068b60	ram:00042bb4	UNCONDITIONAL_CALL
ram:00068b64	ram:00068b76	CONDITIONAL_JUMP
ram:00068b82	ram:200002b4	COMPUTED_CALL
ram:00068b86	ram:00068b66	CONDITIONAL_JUMP
ram:00068b94	ram:20000214	COMPUTED_CALL
ram:00068ba4	ram:20000214	COMPUTED_CALL
ram:00068bb4	ram:20000214	COMPUTED_CALL
ram:00068bbe	ram:00042e5e	UNCONDITIONAL_CALL
ram:00068bd0	ram:00042e5e	UNCONDITIONAL_CALL
ram:00068be2	ram:00042e5e	UNCONDITIONAL_CALL
ram:00068bf8	ram:00042e5e	UNCONDITIONAL_CALL
ram:00068c0e	ram:00042e5e	UNCONDITIONAL_CALL
ram:00068c24	ram:00042e5e	UNCONDITIONAL_CALL
ram:00068c3a	ram:00042e5e	UNCONDITIONAL_CALL
ram:00068c3e	ram:20002000	PARAM
ram:00068c48	ram:200019c4	READ
ram:00068c50	ram:00042e10	UNCONDITIONAL_CALL
ram:00068c54	ram:00068b68	UNCONDITIONAL_JUMP
ram:00068c66	ram:20001a8d	READ
ram:00068c6a	ram:00068c70	CONDITIONAL_JUMP
ram:00068c6e	ram:00068c7a	CONDITIONAL_JUMP
ram:00068c7e	ram:00068b10	UNCONDITIONAL_CALL
ram:00068c86	ram:00068c66	UNCONDITIONAL_JUMP
ram:00068c98	ram:0005254a	UNCONDITIONAL_CALL
ram:00068ca4	ram:20001a8d	READ
ram:00068ca8	ram:00068cbc	CONDITIONAL_JUMP
ram:00068cc0	ram:20001a88	READ
ram:00068cd4	ram:200002b4	COMPUTED_CALL
ram:00068cd8	ram:00068ce4	CONDITIONAL_JUMP
ram:00068cda	ram:20001a88	READ
ram:00068ce0	ram:0005254e	UNCONDITIONAL_CALL
ram:00068cea	ram:00068ca4	UNCONDITIONAL_JUMP
ram:00068d00	ram:00052582	UNCONDITIONAL_CALL
ram:00068d0e	ram:20001a8d	READ
ram:00068d12	ram:00068d2a	CONDITIONAL_JUMP
ram:00068d2e	ram:20001a88	READ
ram:00068d42	ram:200002b4	COMPUTED_CALL
ram:00068d46	ram:00068d8c	CONDITIONAL_JUMP
ram:00068d4c	ram:20001a88	READ
ram:00068d6a	ram:00042bb4	UNCONDITIONAL_CALL
ram:00068d74	ram:00042bb4	UNCONDITIONAL_CALL
ram:00068d78	ram:20001a88	READ
ram:00068d88	ram:0005257e	UNCONDITIONAL_CALL
ram:00068d92	ram:00068d0e	UNCONDITIONAL_JUMP
ram:00068d98	ram:00068a86	UNCONDITIONAL_CALL
ram:00068da0	ram:00068da6	CONDITIONAL_JUMP
ram:00068db2	ram:00048360	UNCONDITIONAL_CALL
ram:00068ddc	ram:20001a8d	READ
ram:00068de0	ram:00068e30	CONDITIONAL_JUMP
ram:00068de4	ram:00068a86	UNCONDITIONAL_CALL
ram:00068de8	ram:20001a8d	READ
ram:00068dec	ram:20002000	PARAM
ram:00068df0	ram:00068e8e	CONDITIONAL_JUMP
ram:00068df4	ram:20001f0f	READ
ram:00068dfc	ram:20001f0f	WRITE
ram:00068e04	ram:20001a85	READ
ram:00068e08	ram:00068e0e	CONDITIONAL_JUMP
ram:00068e0a	ram:00068c88	UNCONDITIONAL_CALL
ram:00068e12	ram:20001a84	READ
ram:00068e16	ram:00068e1c	CONDITIONAL_JUMP
ram:00068e18	ram:00068cec	UNCONDITIONAL_CALL
ram:00068e2c	ram:00068d94	UNCONDITIONAL_CALL
ram:00068e38	ram:20001a88	READ
ram:00068e4c	ram:00042bb4	UNCONDITIONAL_CALL
ram:00068e50	ram:00068e86	CONDITIONAL_JUMP
ram:00068e52	ram:20001a88	READ
ram:00068e62	ram:20000214	COMPUTED_CALL
ram:00068e66	ram:20001a88	READ
ram:00068e78	ram:20000214	COMPUTED_CALL
ram:00068e7c	ram:20001a88	READ
ram:00068e8c	ram:00068dd8	UNCONDITIONAL_JUMP
ram:00068e8e	ram:20001f0f	READ
ram:00068e96	ram:00068dfc	UNCONDITIONAL_JUMP
ram:00068e98	ram:20002000	PARAM
ram:00068e9c	ram:20001a8e	READ
ram:00068ea4	ram:0004a09c	UNCONDITIONAL_CALL
ram:00068ec2	ram:00068f16	CONDITIONAL_JUMP
ram:00068eda	ram:20000214	COMPUTED_CALL
ram:00068ee4	ram:00042bb4	UNCONDITIONAL_CALL
ram:00068ee8	ram:00068f0a	CONDITIONAL_JUMP
ram:00068ef8	ram:00068f0a	CONDITIONAL_JUMP
ram:00068f06	ram:00044baa	UNCONDITIONAL_CALL
ram:00068f1a	ram:00068eca	UNCONDITIONAL_JUMP
ram:00068f38	ram:20000214	COMPUTED_CALL
ram:00068f40	ram:200019c9	READ
ram:00068f44	Stack[-0x30]	DATA
ram:00068f50	ram:00069006	CONDITIONAL_JUMP
ram:00068f56	ram:20001a99	READ
ram:00068f68	ram:20001a9b	READ
ram:00068f6e	ram:20001b24	PARAM
ram:00068f7a	ram:20001a9a	READ
ram:00068fc8	ram:200001dc	COMPUTED_CALL
ram:00068fd0	ram:20001a98	READ
ram:00068fd8	ram:00068fe8	CONDITIONAL_JUMP
ram:00068fda	ram:00068fe8	CONDITIONAL_JUMP
ram:00068ff6	ram:00044ac6	UNCONDITIONAL_CALL
ram:0006900a	ram:20001a91	READ
ram:0006901c	ram:20001a93	READ
ram:00069022	ram:20001b14	PARAM
ram:0006902e	ram:20001a92	READ
ram:0006907c	ram:200001dc	COMPUTED_CALL
ram:00069084	ram:20001a90	READ
ram:00069088	ram:00068fd4	UNCONDITIONAL_JUMP
ram:000690a2	ram:20001a8d	READ
ram:000690a6	ram:000690bc	CONDITIONAL_JUMP
ram:000690bc	ram:20001a88	READ
ram:000690ce	ram:2000026a	COMPUTED_CALL
ram:000690d2	ram:000690ac	CONDITIONAL_JUMP
ram:000690da	ram:000690a2	UNCONDITIONAL_JUMP
ram:000690e4	ram:20001aa8	READ
ram:000690fe	ram:0006915e	CONDITIONAL_JUMP
ram:00069100	ram:00069106	CONDITIONAL_JUMP
ram:00069104	ram:000691e2	UNCONDITIONAL_JUMP
ram:00069106	ram:00069102	CONDITIONAL_JUMP
ram:00069108	ram:0006908a	UNCONDITIONAL_CALL
ram:0006910c	ram:20002000	PARAM
ram:00069110	ram:20001a8d	READ
ram:00069118	ram:20001a86	WRITE
ram:00069124	ram:0006915e	CONDITIONAL_JUMP
ram:0006912e	ram:00069150	UNCONDITIONAL_JUMP
ram:00069130	ram:20001a88	READ
ram:00069144	ram:200002b4	COMPUTED_CALL
ram:00069148	ram:0006915a	CONDITIONAL_JUMP
ram:00069150	ram:20001a8d	READ
ram:00069154	ram:00069130	CONDITIONAL_JUMP
ram:0006915a	ram:20001a86	WRITE
ram:0006916a	ram:20001a86	READ
ram:0006916e	ram:20001a8d	READ
ram:00069172	ram:00069102	CONDITIONAL_JUMP
ram:00069176	ram:20001aa8	READ
ram:00069178	ram:000691f6	CONDITIONAL_JUMP
ram:0006918c	ram:00042e5e	UNCONDITIONAL_CALL
ram:0006919c	ram:20000214	COMPUTED_CALL
ram:000691a0	ram:20001a86	READ
ram:000691b0	ram:00042e5e	UNCONDITIONAL_CALL
ram:000691b4	ram:20001a86	READ
ram:000691b8	ram:20002000	PARAM
ram:000691bc	ram:20001a88	READ
ram:000691cc	ram:200001dc	COMPUTED_CALL
ram:000691d0	ram:20001aa8	WRITE
ram:000691d4	ram:20002000	PARAM
ram:000691d8	ram:200019c4	READ
ram:000691dc	ram:00042e10	UNCONDITIONAL_CALL
ram:000691f8	ram:00069216	CONDITIONAL_JUMP
ram:0006920a	ram:00042e5e	UNCONDITIONAL_CALL
ram:0006920e	ram:20001aa8	READ
ram:00069214	ram:000691d4	UNCONDITIONAL_JUMP
ram:00069218	ram:00069236	CONDITIONAL_JUMP
ram:0006922a	ram:00042e5e	UNCONDITIONAL_CALL
ram:0006922e	ram:20001aa8	READ
ram:00069234	ram:000691d4	UNCONDITIONAL_JUMP
ram:00069238	ram:00069256	CONDITIONAL_JUMP
ram:0006924a	ram:00042e5e	UNCONDITIONAL_CALL
ram:0006924e	ram:20001aa8	READ
ram:00069254	ram:000691d4	UNCONDITIONAL_JUMP
ram:00069258	ram:00069292	CONDITIONAL_JUMP
ram:0006926a	ram:00042e5e	UNCONDITIONAL_CALL
ram:0006926e	ram:20001a86	READ
ram:00069272	ram:20001aa8	READ
ram:00069286	ram:00042e5e	UNCONDITIONAL_CALL
ram:0006928a	ram:20001aa8	READ
ram:00069290	ram:000691d4	UNCONDITIONAL_JUMP
ram:00069296	ram:20001a85	READ
ram:0006929a	ram:000692a0	CONDITIONAL_JUMP
ram:0006929c	ram:00068c88	UNCONDITIONAL_CALL
ram:000692a4	ram:20001a84	READ
ram:000692a8	ram:000692ae	CONDITIONAL_JUMP
ram:000692aa	ram:00068cec	UNCONDITIONAL_CALL
ram:000692ae	ram:00068d94	UNCONDITIONAL_CALL
ram:000692b2	ram:00069102	UNCONDITIONAL_JUMP
ram:000692b8	ram:20001a8d	READ
ram:000692c6	ram:000692f6	CONDITIONAL_JUMP
ram:000692ca	ram:000692f6	CONDITIONAL_JUMP
ram:000692e0	ram:00042bb4	UNCONDITIONAL_CALL
ram:000692e6	ram:000692f6	CONDITIONAL_JUMP
ram:000692f2	ram:200001dc	COMPUTED_CALL
ram:0006930e	ram:0004df14	UNCONDITIONAL_CALL
ram:00069312	ram:00069348	CONDITIONAL_JUMP
ram:0006931e	ram:0006933e	CONDITIONAL_JUMP
ram:00069326	ram:20001aac	READ
ram:0006932a	ram:00069348	CONDITIONAL_JUMP
ram:00069330	ram:00069348	CONDITIONAL_JUMP
ram:00069342	ram:20001ab0	READ
ram:00069346	ram:0006932a	UNCONDITIONAL_JUMP
ram:0006936e	ram:00042bb4	UNCONDITIONAL_CALL
ram:00069372	ram:00069382	CONDITIONAL_JUMP
ram:0006938e	ram:200002b4	COMPUTED_CALL
ram:00069392	ram:00069374	CONDITIONAL_JUMP
ram:0006939c	ram:000693a6	CONDITIONAL_JUMP
ram:000693ac	ram:00069376	CONDITIONAL_JUMP
ram:000693ba	ram:00042e5e	UNCONDITIONAL_CALL
ram:000693be	ram:20002000	PARAM
ram:000693c2	ram:200019c4	READ
ram:000693c6	ram:00042e10	UNCONDITIONAL_CALL
ram:000693ca	ram:00069376	UNCONDITIONAL_JUMP
ram:000693ee	ram:00042bb4	UNCONDITIONAL_CALL
ram:000693f2	ram:00069402	CONDITIONAL_JUMP
ram:0006940e	ram:200002b4	COMPUTED_CALL
ram:00069412	ram:000693f4	CONDITIONAL_JUMP
ram:00069422	ram:00042bb4	UNCONDITIONAL_CALL
ram:00069426	ram:0006942c	CONDITIONAL_JUMP
ram:0006942a	ram:000693f6	UNCONDITIONAL_JUMP
ram:0006942e	ram:00068a38	UNCONDITIONAL_CALL
ram:00069432	ram:0006947c	CONDITIONAL_JUMP
ram:00069440	ram:200002b4	COMPUTED_CALL
ram:00069444	ram:00069428	CONDITIONAL_JUMP
ram:00069450	ram:20000214	COMPUTED_CALL
ram:00069454	ram:20002000	PARAM
ram:0006945c	ram:20001aa0	WRITE
ram:00069460	ram:00068a38	UNCONDITIONAL_CALL
ram:0006946a	ram:00042e5e	UNCONDITIONAL_CALL
ram:0006946e	ram:20002000	PARAM
ram:00069472	ram:200019c4	READ
ram:00069476	ram:00042e10	UNCONDITIONAL_CALL
ram:0006947a	ram:00069428	UNCONDITIONAL_JUMP
ram:00069482	Stack[-0x28]	DATA
ram:00069488	ram:000694aa	CONDITIONAL_JUMP
ram:0006948e	ram:00069482	CONDITIONAL_JUMP
ram:00069494	ram:000693f6	CONDITIONAL_JUMP
ram:00069496	Stack[-0x28]	DATA
ram:0006949c	ram:000694a6	CONDITIONAL_JUMP
ram:000694a0	ram:00069496	CONDITIONAL_JUMP
ram:000694a4	ram:000693f4	UNCONDITIONAL_JUMP
ram:000694a6	Stack[-0x24]	DATA
ram:000694ae	ram:00069428	CONDITIONAL_JUMP
ram:000694b6	ram:00069454	CONDITIONAL_JUMP
ram:000694b8	Stack[-0x24]	DATA
ram:000694bc	ram:00069454	UNCONDITIONAL_JUMP
ram:000694d6	ram:20001a8e	WRITE
ram:000694da	ram:20001bbc	PARAM
ram:000694de	ram:20001bca	READ
ram:000694f4	ram:20001a8d	WRITE
ram:000694f8	ram:20001a88	WRITE
ram:00069500	ram:20000040	COMPUTED_CALL
ram:00069504	ram:20001a88	WRITE
ram:0006950a	ram:00069536	CONDITIONAL_JUMP
ram:00069510	ram:20001bca	READ
ram:0006951a	ram:20001a8d	WRITE
ram:0006951e	ram:20001a8d	READ
ram:00069522	ram:0006964e	CONDITIONAL_JUMP
ram:00069526	ram:20001bc4	READ
ram:0006952e	ram:00069692	CONDITIONAL_JUMP
ram:00069532	ram:20001f0f	WRITE
ram:00069536	ram:20001a8d	READ
ram:00069540	ram:20001a86	WRITE
ram:00069548	ram:20001aa8	WRITE
ram:00069550	ram:200019ca	WRITE
ram:0006955c	ram:20001a99	WRITE
ram:00069562	ram:20002000	PARAM
ram:00069568	ram:20001b24	PARAM
ram:0006956c	ram:20001a9b	WRITE
ram:00069574	ram:20000214	COMPUTED_CALL
ram:00069580	ram:20001a98	WRITE
ram:00069588	ram:20001a9a	WRITE
ram:00069590	ram:20001a9c	WRITE
ram:00069598	ram:200019c7	WRITE
ram:000695a0	ram:20001a90	WRITE
ram:000695ac	ram:20001a91	WRITE
ram:000695b2	ram:20002000	PARAM
ram:000695b8	ram:20001b14	PARAM
ram:000695bc	ram:20001a93	WRITE
ram:000695c4	ram:20000214	COMPUTED_CALL
ram:000695cc	ram:20001a92	WRITE
ram:000695d4	ram:20001a94	WRITE
ram:000695dc	ram:20001a8f	WRITE
ram:000695e6	ram:200019c5	WRITE
ram:000695f0	ram:200019c9	WRITE
ram:000695f8	ram:20001aa0	WRITE
ram:00069602	ram:200019c6	WRITE
ram:0006960a	ram:20001ab0	WRITE
ram:00069612	ram:20001aac	WRITE
ram:0006961a	ram:20001a85	WRITE
ram:00069622	ram:20001a8c	WRITE
ram:0006962a	ram:200019c4	WRITE
ram:00069632	ram:200019cb	WRITE
ram:0006963a	ram:200019c8	WRITE
ram:0006964e	ram:20001a88	READ
ram:00069662	ram:20000214	COMPUTED_CALL
ram:00069666	ram:20001a88	READ
ram:00069678	ram:20000214	COMPUTED_CALL
ram:0006967c	ram:20001a88	READ
ram:00069690	ram:0006951e	UNCONDITIONAL_JUMP
ram:00069696	ram:20001f0f	WRITE
ram:0006969a	ram:00069536	UNCONDITIONAL_JUMP
ram:000696b8	ram:20001a8d	READ
ram:000696bc	ram:000696e0	CONDITIONAL_JUMP
ram:000696c0	ram:00042b1c	UNCONDITIONAL_CALL
ram:000696c4	ram:20001a8d	READ
ram:000696d0	ram:20001a86	WRITE
ram:000696e4	ram:20001a88	READ
ram:000696f8	ram:20000214	COMPUTED_CALL
ram:000696fc	ram:20001a88	READ
ram:0006970e	ram:20000214	COMPUTED_CALL
ram:00069712	ram:20001a88	READ
ram:00069726	ram:000696b4	UNCONDITIONAL_JUMP
ram:0006973c	ram:0006986e	CONDITIONAL_JUMP
ram:00069746	ram:0006c294	PARAM
ram:0006974c	ram:0006c294	DATA
ram:0006974e	ram:00069750	COMPUTED_JUMP
ram:0006974e	ram:0006975e	COMPUTED_JUMP
ram:0006974e	ram:0006976a	COMPUTED_JUMP
ram:0006974e	ram:00069774	COMPUTED_JUMP
ram:0006974e	ram:0006977e	COMPUTED_JUMP
ram:0006974e	ram:0006979e	COMPUTED_JUMP
ram:0006974e	ram:000697aa	COMPUTED_JUMP
ram:0006974e	ram:000697b4	COMPUTED_JUMP
ram:0006974e	ram:000697c0	COMPUTED_JUMP
ram:0006974e	ram:000697ca	COMPUTED_JUMP
ram:0006974e	ram:000697d4	COMPUTED_JUMP
ram:0006974e	ram:000697de	COMPUTED_JUMP
ram:0006974e	ram:000697e8	COMPUTED_JUMP
ram:0006974e	ram:000697f4	COMPUTED_JUMP
ram:0006974e	ram:000697fe	COMPUTED_JUMP
ram:0006974e	ram:00069808	COMPUTED_JUMP
ram:0006974e	ram:0006986e	COMPUTED_JUMP
ram:0006974e	ram:00069812	COMPUTED_JUMP
ram:0006974e	ram:0006981c	COMPUTED_JUMP
ram:0006974e	ram:00069826	COMPUTED_JUMP
ram:0006974e	ram:00069830	COMPUTED_JUMP
ram:0006974e	ram:00069844	COMPUTED_JUMP
ram:0006974e	ram:0006984e	COMPUTED_JUMP
ram:0006974e	ram:0006983a	COMPUTED_JUMP
ram:0006974e	ram:00069858	COMPUTED_JUMP
ram:0006974e	ram:00069864	COMPUTED_JUMP
ram:00069754	ram:200019ca	READ
ram:0006975c	ram:00069792	UNCONDITIONAL_JUMP
ram:00069762	ram:20001a98	READ
ram:00069768	ram:000697a6	UNCONDITIONAL_JUMP
ram:0006976e	ram:20001a99	READ
ram:00069772	ram:00069758	UNCONDITIONAL_JUMP
ram:00069778	ram:20001a9b	READ
ram:0006977c	ram:00069758	UNCONDITIONAL_JUMP
ram:00069784	ram:20001b24	PARAM
ram:0006978e	ram:200001dc	COMPUTED_CALL
ram:000697a2	ram:20001a98	READ
ram:000697a8	ram:00069758	UNCONDITIONAL_JUMP
ram:000697ae	ram:20001a9a	READ
ram:000697b2	ram:00069758	UNCONDITIONAL_JUMP
ram:000697b8	ram:20001a9c	READ
ram:000697be	ram:00069792	UNCONDITIONAL_JUMP
ram:000697c4	ram:200019c7	READ
ram:000697c8	ram:00069758	UNCONDITIONAL_JUMP
ram:000697ce	ram:20001a90	READ
ram:000697d2	ram:00069766	UNCONDITIONAL_JUMP
ram:000697d8	ram:20001a91	READ
ram:000697dc	ram:00069758	UNCONDITIONAL_JUMP
ram:000697e2	ram:20001a93	READ
ram:000697e6	ram:00069758	UNCONDITIONAL_JUMP
ram:000697ee	ram:20001b14	PARAM
ram:000697f2	ram:00069788	UNCONDITIONAL_JUMP
ram:000697f8	ram:20001a90	READ
ram:000697fc	ram:000697a6	UNCONDITIONAL_JUMP
ram:00069802	ram:20001a92	READ
ram:00069806	ram:00069758	UNCONDITIONAL_JUMP
ram:0006980c	ram:20001a94	READ
ram:00069810	ram:000697bc	UNCONDITIONAL_JUMP
ram:00069816	ram:20001a8f	READ
ram:0006981a	ram:00069758	UNCONDITIONAL_JUMP
ram:00069820	ram:200019c5	READ
ram:00069824	ram:00069758	UNCONDITIONAL_JUMP
ram:0006982a	ram:200019c9	READ
ram:0006982e	ram:00069758	UNCONDITIONAL_JUMP
ram:00069834	ram:20001a85	READ
ram:00069838	ram:00069758	UNCONDITIONAL_JUMP
ram:0006983e	ram:20001a84	READ
ram:00069842	ram:00069758	UNCONDITIONAL_JUMP
ram:00069844	ram:00068a86	UNCONDITIONAL_CALL
ram:0006984c	ram:00069792	UNCONDITIONAL_JUMP
ram:00069852	ram:200019c8	READ
ram:00069856	ram:00069758	UNCONDITIONAL_JUMP
ram:0006985c	ram:20001a98	READ
ram:00069862	ram:000697a6	UNCONDITIONAL_JUMP
ram:00069868	ram:20001a90	READ
ram:0006986c	ram:00069860	UNCONDITIONAL_JUMP
ram:00069874	ram:00069794	CONDITIONAL_JUMP
ram:00069878	ram:00044c54	UNCONDITIONAL_CALL
ram:00069880	ram:00069792	UNCONDITIONAL_JUMP
ram:00069892	ram:00045114	UNCONDITIONAL_CALL
ram:00069896	ram:00069930	CONDITIONAL_JUMP
ram:000698a0	ram:20001a8c	READ
ram:000698b0	ram:000698f0	CONDITIONAL_JUMP
ram:000698ba	ram:20001a8d	READ
ram:000698be	ram:0006990a	CONDITIONAL_JUMP
ram:000698c6	ram:20001a88	READ
ram:000698d4	ram:000698e8	CONDITIONAL_JUMP
ram:000698da	ram:00068b10	UNCONDITIONAL_CALL
ram:000698de	ram:20001a88	READ
ram:000698ee	ram:000698ba	UNCONDITIONAL_JUMP
ram:000698f0	ram:00068c56	UNCONDITIONAL_CALL
ram:000698f8	ram:20001a88	READ
ram:000698fc	ram:20001a8d	READ
ram:00069900	ram:20001a8c	WRITE
ram:00069906	ram:00069922	CONDITIONAL_JUMP
ram:0006990a	ram:000430e4	UNCONDITIONAL_CALL
ram:0006991e	ram:00068dbc	UNCONDITIONAL_CALL
ram:0006992e	ram:00069906	UNCONDITIONAL_JUMP
ram:0006995e	ram:000699d2	CONDITIONAL_JUMP
ram:00069962	ram:00069982	CONDITIONAL_JUMP
ram:00069968	ram:00069a30	CONDITIONAL_JUMP
ram:0006996c	ram:20001a8d	READ
ram:00069984	ram:0006908a	UNCONDITIONAL_CALL
ram:00069988	ram:20001a8d	READ
ram:0006998e	ram:00069970	CONDITIONAL_JUMP
ram:00069992	ram:00069970	CONDITIONAL_JUMP
ram:000699a0	ram:200001dc	COMPUTED_CALL
ram:000699a4	ram:00069970	UNCONDITIONAL_JUMP
ram:000699a6	ram:20001a88	READ
ram:000699ba	ram:2000026a	COMPUTED_CALL
ram:000699be	ram:00069a1a	CONDITIONAL_JUMP
ram:000699c6	ram:20001a8d	READ
ram:000699ca	ram:000699a6	CONDITIONAL_JUMP
ram:000699d0	ram:00069970	UNCONDITIONAL_JUMP
ram:000699d8	ram:000699c6	UNCONDITIONAL_JUMP
ram:000699e0	ram:20001a8d	READ
ram:000699e4	ram:000699ce	CONDITIONAL_JUMP
ram:000699f8	ram:00042bb4	UNCONDITIONAL_CALL
ram:000699fc	ram:000699da	CONDITIONAL_JUMP
ram:00069a0a	ram:200002b4	COMPUTED_CALL
ram:00069a0e	ram:000699da	CONDITIONAL_JUMP
ram:00069a14	ram:00044cd2	UNCONDITIONAL_CALL
ram:00069a18	ram:000699da	CONDITIONAL_JUMP
ram:00069a1a	ram:20001a8d	READ
ram:00069a1e	ram:00069970	CONDITIONAL_JUMP
ram:00069a22	ram:00069970	CONDITIONAL_JUMP
ram:00069a2a	ram:000692b4	UNCONDITIONAL_CALL
ram:00069a2e	ram:00069970	UNCONDITIONAL_JUMP
ram:00069a34	ram:000699e0	UNCONDITIONAL_JUMP
ram:00069a48	ram:0004df14	UNCONDITIONAL_CALL
ram:00069a4c	ram:00069a90	CONDITIONAL_JUMP
ram:00069a56	ram:200019c7	READ
ram:00069a5c	ram:00069a90	CONDITIONAL_JUMP
ram:00069a6c	ram:00069942	UNCONDITIONAL_CALL
ram:00069a74	ram:20001a8d	READ
ram:00069a78	ram:00069a9c	CONDITIONAL_JUMP
ram:00069a7e	ram:00068a5c	UNCONDITIONAL_CALL
ram:00069a8c	ram:00068ea8	UNCONDITIONAL_CALL
ram:00069a9c	ram:200019c7	READ
ram:00069aa0	ram:00069aac	CONDITIONAL_JUMP
ram:00069aa6	ram:000450ea	UNCONDITIONAL_CALL
ram:00069aaa	ram:00069a90	UNCONDITIONAL_JUMP
ram:00069aae	ram:00069a90	CONDITIONAL_JUMP
ram:00069aba	ram:00068f1c	UNCONDITIONAL_CALL
ram:00069abe	ram:00069a90	UNCONDITIONAL_JUMP
ram:00069ad2	ram:00069b4a	CONDITIONAL_JUMP
ram:00069ad6	ram:0004df14	UNCONDITIONAL_CALL
ram:00069ade	ram:00069b3a	CONDITIONAL_JUMP
ram:00069aec	ram:00069942	UNCONDITIONAL_CALL
ram:00069af4	ram:20001a8d	READ
ram:00069af8	ram:00069b04	CONDITIONAL_JUMP
ram:00069afe	ram:00069350	UNCONDITIONAL_CALL
ram:00069b04	ram:00069b3a	CONDITIONAL_JUMP
ram:00069b0a	ram:00068e98	UNCONDITIONAL_CALL
ram:00069b0e	ram:00069b3a	UNCONDITIONAL_JUMP
ram:00069b14	ram:00069350	UNCONDITIONAL_CALL
ram:00069b18	ram:00069b1c	CONDITIONAL_JUMP
ram:00069b22	ram:20001a8d	READ
ram:00069b26	ram:00069b10	CONDITIONAL_JUMP
ram:00069b2a	ram:00069b3a	CONDITIONAL_JUMP
ram:00069b32	ram:00068e98	PARAM
ram:00069b36	ram:0004e1a2	UNCONDITIONAL_CALL
ram:00069b52	ram:00069b22	UNCONDITIONAL_JUMP
ram:00069b6a	ram:00069bcc	CONDITIONAL_JUMP
ram:00069b6e	ram:0004df14	UNCONDITIONAL_CALL
ram:00069b74	ram:00069bba	CONDITIONAL_JUMP
ram:00069b82	ram:00069942	UNCONDITIONAL_CALL
ram:00069b8a	ram:20001a8d	READ
ram:00069b8e	ram:00069bba	CONDITIONAL_JUMP
ram:00069b96	ram:000693cc	UNCONDITIONAL_CALL
ram:00069b9c	ram:00069bba	UNCONDITIONAL_JUMP
ram:00069ba4	ram:000693cc	UNCONDITIONAL_CALL
ram:00069ba8	ram:00069bac	CONDITIONAL_JUMP
ram:00069bb2	ram:20001a8d	READ
ram:00069bb6	ram:00069b9e	CONDITIONAL_JUMP
ram:00069bd4	ram:00069bb2	UNCONDITIONAL_JUMP
ram:00069be2	ram:20001a8e	READ
ram:00069be6	ram:20002000	PARAM
ram:00069bea	ram:20001ab0	WRITE
ram:00069bf2	ram:000451b2	UNCONDITIONAL_CALL
ram:00069bf6	ram:20001a8e	READ
ram:00069c00	ram:0004bd10	UNCONDITIONAL_CALL
ram:00069c10	ram:20001a8e	READ
ram:00069c14	ram:20002000	PARAM
ram:00069c18	ram:20001aac	WRITE
ram:00069c20	ram:000451b2	UNCONDITIONAL_CALL
ram:00069c24	ram:20001a8e	READ
ram:00069c2e	ram:0004bd10	UNCONDITIONAL_CALL
ram:00069c3a	ram:00069c68	CONDITIONAL_JUMP
ram:00069c4c	ram:00044c74	UNCONDITIONAL_CALL
ram:00069c52	ram:00069c5c	CONDITIONAL_JUMP
ram:00069c58	ram:000450ea	UNCONDITIONAL_CALL
ram:00069c68	ram:000450ea	UNCONDITIONAL_CALL
ram:00069c6e	ram:00069c5c	UNCONDITIONAL_JUMP
ram:00069c74	ram:00069c8a	CONDITIONAL_JUMP
ram:00069c7e	ram:0004f118	UNCONDITIONAL_CALL
ram:00069c8a	ram:000450ea	UNCONDITIONAL_CALL
ram:00069c8e	ram:00069c82	UNCONDITIONAL_JUMP
ram:00069c98	ram:200019ca	READ
ram:00069ca0	ram:200019ca	WRITE
ram:00069ca4	ram:20002000	PARAM
ram:00069ca8	ram:20001a98	READ
ram:00069cac	ram:00045036	UNCONDITIONAL_CALL
ram:00069ccc	ram:00069942	UNCONDITIONAL_CALL
ram:00069cd4	ram:20001a8d	READ
ram:00069cd8	ram:00069dd4	CONDITIONAL_JUMP
ram:00069cde	ram:00068a5c	UNCONDITIONAL_CALL
ram:00069ce6	ram:00069dc2	CONDITIONAL_JUMP
ram:00069cea	ram:20002000	PARAM
ram:00069cee	ram:200019ca	READ
ram:00069d06	ram:00068ea8	UNCONDITIONAL_CALL
ram:00069d14	ram:20000214	COMPUTED_CALL
ram:00069d28	ram:00042bb4	UNCONDITIONAL_CALL
ram:00069d2c	ram:00069d5c	CONDITIONAL_JUMP
ram:00069d3a	ram:200002b4	COMPUTED_CALL
ram:00069d3e	ram:00069d5c	CONDITIONAL_JUMP
ram:00069d4c	ram:00042bb4	UNCONDITIONAL_CALL
ram:00069d58	ram:00045080	UNCONDITIONAL_CALL
ram:00069d68	ram:00042bb4	UNCONDITIONAL_CALL
ram:00069d6c	ram:00069d90	CONDITIONAL_JUMP
ram:00069d70	ram:00068a38	UNCONDITIONAL_CALL
ram:00069d7a	Stack[-0x38]	DATA
ram:00069d7e	ram:00069d8a	CONDITIONAL_JUMP
ram:00069d86	ram:0004a878	UNCONDITIONAL_CALL
ram:00069d8c	ram:00069d7a	CONDITIONAL_JUMP
ram:00069d94	ram:00069da6	CONDITIONAL_JUMP
ram:00069d98	ram:20002000	PARAM
ram:00069d9c	ram:20001a8e	READ
ram:00069da2	ram:0004a09c	UNCONDITIONAL_CALL
ram:00069da8	ram:00069dfc	CONDITIONAL_JUMP
ram:00069db0	ram:200019ca	READ
ram:00069db6	ram:00069dfc	CONDITIONAL_JUMP
ram:00069dbc	ram:00069c90	UNCONDITIONAL_CALL
ram:00069dc0	ram:00069dfc	UNCONDITIONAL_JUMP
ram:00069dc2	ram:20002000	PARAM
ram:00069dc6	ram:200019c7	READ
ram:00069dd2	ram:00069cfa	UNCONDITIONAL_JUMP
ram:00069dd6	ram:00069da6	CONDITIONAL_JUMP
ram:00069dde	ram:200019c7	READ
ram:00069de4	ram:00069dfc	CONDITIONAL_JUMP
ram:00069dee	ram:00068f1c	UNCONDITIONAL_CALL
ram:00069df8	ram:00069302	UNCONDITIONAL_CALL
ram:00069e12	ram:20001f04	WRITE
ram:00069e1e	ram:000694be	UNCONDITIONAL_CALL
ram:00069e26	ram:20002000	PARAM
ram:00069e2a	ram:20001a8e	WRITE
ram:00069e30	ram:00068dbc	UNCONDITIONAL_CALL
ram:00069e48	ram:00052582	UNCONDITIONAL_CALL
ram:00069e50	ram:200019cb	READ
ram:00069e54	ram:00069e6a	CONDITIONAL_JUMP
ram:00069e62	ram:20001a8d	READ
ram:00069e66	ram:00069e80	CONDITIONAL_JUMP
ram:00069e84	ram:20001a88	READ
ram:00069e98	ram:200002b4	COMPUTED_CALL
ram:00069e9c	ram:00069f04	CONDITIONAL_JUMP
ram:00069eb2	ram:00042bb4	UNCONDITIONAL_CALL
ram:00069eb6	ram:00069f04	CONDITIONAL_JUMP
ram:00069ec0	ram:00069f04	CONDITIONAL_JUMP
ram:00069ec4	ram:20001a88	READ
ram:00069eda	ram:00042bb4	UNCONDITIONAL_CALL
ram:00069ee4	ram:00042bb4	UNCONDITIONAL_CALL
ram:00069eec	ram:20001a88	READ
ram:00069f00	ram:0005257e	UNCONDITIONAL_CALL
ram:00069f0a	ram:00069e62	UNCONDITIONAL_JUMP
ram:00069f2e	ram:0006a4d0	CONDITIONAL_JUMP
ram:00069f38	ram:0006c320	PARAM
ram:00069f3e	ram:0006c320	DATA
ram:00069f40	ram:00069f42	COMPUTED_JUMP
ram:00069f40	ram:00069f76	COMPUTED_JUMP
ram:00069f40	ram:00069f9c	COMPUTED_JUMP
ram:00069f40	ram:00069fb6	COMPUTED_JUMP
ram:00069f40	ram:00069fce	COMPUTED_JUMP
ram:00069f40	ram:00069fea	COMPUTED_JUMP
ram:00069f40	ram:0006a00c	COMPUTED_JUMP
ram:00069f40	ram:0006a020	COMPUTED_JUMP
ram:00069f40	ram:0006a03e	COMPUTED_JUMP
ram:00069f40	ram:0006a058	COMPUTED_JUMP
ram:00069f40	ram:0006a074	COMPUTED_JUMP
ram:00069f40	ram:0006a08e	COMPUTED_JUMP
ram:00069f40	ram:0006a0a6	COMPUTED_JUMP
ram:00069f40	ram:0006a0ba	COMPUTED_JUMP
ram:00069f40	ram:0006a0d6	COMPUTED_JUMP
ram:00069f40	ram:0006a0ea	COMPUTED_JUMP
ram:00069f40	ram:0006a108	COMPUTED_JUMP
ram:00069f40	ram:0006a2cc	COMPUTED_JUMP
ram:00069f40	ram:0006a2e4	COMPUTED_JUMP
ram:00069f40	ram:0006a2fe	COMPUTED_JUMP
ram:00069f40	ram:0006a320	COMPUTED_JUMP
ram:00069f40	ram:0006a4d0	COMPUTED_JUMP
ram:00069f40	ram:0006a37c	COMPUTED_JUMP
ram:00069f40	ram:0006a12c	COMPUTED_JUMP
ram:00069f40	ram:0006a396	COMPUTED_JUMP
ram:00069f40	ram:0006a3aa	COMPUTED_JUMP
ram:00069f40	ram:0006a184	COMPUTED_JUMP
ram:00069f40	ram:0006a25c	COMPUTED_JUMP
ram:00069f40	ram:0006a26a	COMPUTED_JUMP
ram:00069f40	ram:0006a3b2	COMPUTED_JUMP
ram:00069f40	ram:0006a34a	COMPUTED_JUMP
ram:00069f40	ram:0006a3c6	COMPUTED_JUMP
ram:00069f40	ram:0006a440	COMPUTED_JUMP
ram:00069f40	ram:0006a496	COMPUTED_JUMP
ram:00069f44	ram:00069f4c	CONDITIONAL_JUMP
ram:00069f4a	ram:00069f60	UNCONDITIONAL_JUMP
ram:00069f52	ram:00069f48	CONDITIONAL_JUMP
ram:00069f5a	ram:200019ca	WRITE
ram:00069f78	ram:00069f48	CONDITIONAL_JUMP
ram:00069f80	ram:00069f48	CONDITIONAL_JUMP
ram:00069f8c	ram:20001a90	READ
ram:00069f8c	ram:20001a98	READ
ram:00069f90	ram:0006a070	CONDITIONAL_JUMP
ram:00069f96	ram:20001a90	WRITE
ram:00069f96	ram:20001a98	WRITE
ram:00069f9a	ram:00069f5e	UNCONDITIONAL_JUMP
ram:00069f9e	ram:00069f48	CONDITIONAL_JUMP
ram:00069fa8	ram:00069f48	CONDITIONAL_JUMP
ram:00069fb0	ram:20001a99	WRITE
ram:00069fb4	ram:00069f5e	UNCONDITIONAL_JUMP
ram:00069fb8	ram:00069f48	CONDITIONAL_JUMP
ram:00069fc0	ram:00069f48	CONDITIONAL_JUMP
ram:00069fc8	ram:20001a9b	WRITE
ram:00069fcc	ram:00069f5e	UNCONDITIONAL_JUMP
ram:00069fd0	ram:00069f48	CONDITIONAL_JUMP
ram:00069fdc	ram:20001b24	PARAM
ram:00069fe4	ram:200001dc	COMPUTED_CALL
ram:00069fe8	ram:00069f5e	UNCONDITIONAL_JUMP
ram:00069fec	ram:00069f48	CONDITIONAL_JUMP
ram:00069ff4	ram:00069f48	CONDITIONAL_JUMP
ram:0006a000	ram:20001a90	READ
ram:0006a000	ram:20001a98	READ
ram:0006a004	ram:0006a0d2	CONDITIONAL_JUMP
ram:0006a00a	ram:00069f96	UNCONDITIONAL_JUMP
ram:0006a00e	ram:00069f48	CONDITIONAL_JUMP
ram:0006a01a	ram:20001a9a	WRITE
ram:0006a01e	ram:00069f5e	UNCONDITIONAL_JUMP
ram:0006a022	ram:00069f48	CONDITIONAL_JUMP
ram:0006a030	ram:00069f48	CONDITIONAL_JUMP
ram:0006a038	ram:20001a9c	WRITE
ram:0006a03c	ram:00069f5e	UNCONDITIONAL_JUMP
ram:0006a040	ram:00069f48	CONDITIONAL_JUMP
ram:0006a04a	ram:00069f48	CONDITIONAL_JUMP
ram:0006a052	ram:200019c7	WRITE
ram:0006a056	ram:00069f5e	UNCONDITIONAL_JUMP
ram:0006a05a	ram:00069f48	CONDITIONAL_JUMP
ram:0006a062	ram:00069f48	CONDITIONAL_JUMP
ram:0006a06e	ram:00069f8c	UNCONDITIONAL_JUMP
ram:0006a072	ram:00069f96	UNCONDITIONAL_JUMP
ram:0006a076	ram:00069f48	CONDITIONAL_JUMP
ram:0006a080	ram:00069f48	CONDITIONAL_JUMP
ram:0006a088	ram:20001a91	WRITE
ram:0006a08c	ram:00069f5e	UNCONDITIONAL_JUMP
ram:0006a090	ram:00069f48	CONDITIONAL_JUMP
ram:0006a098	ram:00069f48	CONDITIONAL_JUMP
ram:0006a0a0	ram:20001a93	WRITE
ram:0006a0a4	ram:00069f5e	UNCONDITIONAL_JUMP
ram:0006a0a8	ram:00069f48	CONDITIONAL_JUMP
ram:0006a0b4	ram:20001b14	PARAM
ram:0006a0b8	ram:00069fe0	UNCONDITIONAL_JUMP
ram:0006a0bc	ram:00069f48	CONDITIONAL_JUMP
ram:0006a0c4	ram:00069f48	CONDITIONAL_JUMP
ram:0006a0d0	ram:0006a000	UNCONDITIONAL_JUMP
ram:0006a0d4	ram:00069f96	UNCONDITIONAL_JUMP
ram:0006a0d8	ram:00069f48	CONDITIONAL_JUMP
ram:0006a0e4	ram:20001a92	WRITE
ram:0006a0e8	ram:00069f5e	UNCONDITIONAL_JUMP
ram:0006a0ec	ram:00069f48	CONDITIONAL_JUMP
ram:0006a0fa	ram:00069f48	CONDITIONAL_JUMP
ram:0006a102	ram:20001a94	WRITE
ram:0006a106	ram:00069f5e	UNCONDITIONAL_JUMP
ram:0006a108	ram:00069f48	CONDITIONAL_JUMP
ram:0006a10c	ram:00045114	UNCONDITIONAL_CALL
ram:0006a110	ram:0006a120	CONDITIONAL_JUMP
ram:0006a112	ram:00068c56	UNCONDITIONAL_CALL
ram:0006a116	ram:000430e4	UNCONDITIONAL_CALL
ram:0006a11a	ram:00068dbc	UNCONDITIONAL_CALL
ram:0006a11e	ram:00069f5e	UNCONDITIONAL_JUMP
ram:0006a126	ram:20001a8c	WRITE
ram:0006a12a	ram:00069f5e	UNCONDITIONAL_JUMP
ram:0006a12e	ram:00069f48	CONDITIONAL_JUMP
ram:0006a13e	ram:200001dc	COMPUTED_CALL
ram:0006a14a	ram:00069942	UNCONDITIONAL_CALL
ram:0006a152	ram:20001a8d	READ
ram:0006a15a	ram:00069f60	CONDITIONAL_JUMP
ram:0006a160	ram:0004dfa2	UNCONDITIONAL_CALL
ram:0006a164	ram:0006a16e	CONDITIONAL_JUMP
ram:0006a168	ram:00068b10	UNCONDITIONAL_CALL
ram:0006a16c	ram:0006a116	UNCONDITIONAL_JUMP
ram:0006a172	ram:20001a88	READ
ram:0006a182	ram:00069f60	UNCONDITIONAL_JUMP
ram:0006a186	ram:0006a23c	CONDITIONAL_JUMP
ram:0006a196	ram:200001dc	COMPUTED_CALL
ram:0006a1a2	ram:00069942	UNCONDITIONAL_CALL
ram:0006a1aa	ram:20001a8d	READ
ram:0006a1ae	ram:0006a200	CONDITIONAL_JUMP
ram:0006a1c6	ram:00042bb4	UNCONDITIONAL_CALL
ram:0006a1cc	ram:0006a1fc	CONDITIONAL_JUMP
ram:0006a1d4	ram:0006a1dc	CONDITIONAL_JUMP
ram:0006a1e6	ram:00042e5e	UNCONDITIONAL_CALL
ram:0006a1ea	ram:20002000	PARAM
ram:0006a1ee	ram:200019c4	READ
ram:0006a1f2	ram:00042e10	UNCONDITIONAL_CALL
ram:0006a1f6	ram:00069e34	UNCONDITIONAL_CALL
ram:0006a1fa	ram:00069f60	UNCONDITIONAL_JUMP
ram:0006a1fe	ram:0006a1f6	UNCONDITIONAL_JUMP
ram:0006a204	ram:20001f0f	READ
ram:0006a20a	ram:00069f60	CONDITIONAL_JUMP
ram:0006a20e	ram:20002000	PARAM
ram:0006a216	ram:20001f10	READ
ram:0006a21a	ram:0006a234	CONDITIONAL_JUMP
ram:0006a226	ram:20001f10	WRITE
ram:0006a22e	ram:20001f08	PARAM
ram:0006a232	ram:00069fe0	UNCONDITIONAL_JUMP
ram:0006a236	ram:20001f10	WRITE
ram:0006a23a	ram:00069f5e	UNCONDITIONAL_JUMP
ram:0006a23e	ram:00069f48	CONDITIONAL_JUMP
ram:0006a24a	ram:20001f10	READ
ram:0006a24e	ram:0006a258	CONDITIONAL_JUMP
ram:0006a256	ram:0006a236	UNCONDITIONAL_JUMP
ram:0006a25a	ram:0006a236	UNCONDITIONAL_JUMP
ram:0006a25c	ram:20002000	PARAM
ram:0006a260	ram:200019cb	WRITE
ram:0006a264	ram:00069e34	UNCONDITIONAL_CALL
ram:0006a268	ram:00069f5e	UNCONDITIONAL_JUMP
ram:0006a270	ram:200019cb	WRITE
ram:0006a286	ram:20001a8d	READ
ram:0006a28a	ram:0006a264	CONDITIONAL_JUMP
ram:0006a2a0	ram:00042bb4	UNCONDITIONAL_CALL
ram:0006a2a4	ram:0006a2c4	CONDITIONAL_JUMP
ram:0006a2aa	ram:0006a2c4	CONDITIONAL_JUMP
ram:0006a2b8	ram:00042e5e	UNCONDITIONAL_CALL
ram:0006a2bc	ram:200019c4	READ
ram:0006a2c0	ram:00042e10	UNCONDITIONAL_CALL
ram:0006a2ca	ram:0006a286	UNCONDITIONAL_JUMP
ram:0006a2ce	ram:00069f48	CONDITIONAL_JUMP
ram:0006a2d6	ram:00069f48	CONDITIONAL_JUMP
ram:0006a2de	ram:20001a8f	WRITE
ram:0006a2e2	ram:00069f5e	UNCONDITIONAL_JUMP
ram:0006a2e6	ram:00069f48	CONDITIONAL_JUMP
ram:0006a2f0	ram:00069f48	CONDITIONAL_JUMP
ram:0006a2f8	ram:200019c5	WRITE
ram:0006a2fc	ram:00069f5e	UNCONDITIONAL_JUMP
ram:0006a300	ram:00069f48	CONDITIONAL_JUMP
ram:0006a312	ram:00069f48	CONDITIONAL_JUMP
ram:0006a31a	ram:200019c9	WRITE
ram:0006a31e	ram:00069f5e	UNCONDITIONAL_JUMP
ram:0006a322	ram:00069f48	CONDITIONAL_JUMP
ram:0006a32a	ram:20001a85	PARAM
ram:0006a332	ram:20001a85	READ
ram:0006a338	ram:20001a85	WRITE
ram:0006a33c	ram:00069f60	CONDITIONAL_JUMP
ram:0006a340	ram:00069f60	CONDITIONAL_JUMP
ram:0006a344	ram:00068dbc	UNCONDITIONAL_CALL
ram:0006a348	ram:00069f60	UNCONDITIONAL_JUMP
ram:0006a34c	ram:00069f48	CONDITIONAL_JUMP
ram:0006a350	ram:20002000	PARAM
ram:0006a354	ram:20001a84	PARAM
ram:0006a35c	ram:20001a84	READ
ram:0006a364	ram:20001a84	WRITE
ram:0006a368	ram:0006a372	CONDITIONAL_JUMP
ram:0006a36a	ram:0006a372	CONDITIONAL_JUMP
ram:0006a36e	ram:00068dbc	UNCONDITIONAL_CALL
ram:0006a372	ram:20001a84	READ
ram:0006a376	ram:00052586	UNCONDITIONAL_CALL
ram:0006a37a	ram:00069f5e	UNCONDITIONAL_JUMP
ram:0006a37e	ram:00069f48	CONDITIONAL_JUMP
ram:0006a388	ram:00069f48	CONDITIONAL_JUMP
ram:0006a390	ram:200019c6	WRITE
ram:0006a394	ram:00069f5e	UNCONDITIONAL_JUMP
ram:0006a398	ram:00069f48	CONDITIONAL_JUMP
ram:0006a3a4	ram:200019c4	WRITE
ram:0006a3a8	ram:00069f5e	UNCONDITIONAL_JUMP
ram:0006a3ac	ram:00042e10	UNCONDITIONAL_CALL
ram:0006a3b0	ram:00069f5e	UNCONDITIONAL_JUMP
ram:0006a3b4	ram:00069f48	CONDITIONAL_JUMP
ram:0006a3c0	ram:200019c8	WRITE
ram:0006a3c4	ram:00069f5e	UNCONDITIONAL_JUMP
ram:0006a3ca	ram:00069f48	CONDITIONAL_JUMP
ram:0006a3d8	ram:00069942	UNCONDITIONAL_CALL
ram:0006a3e0	ram:20001a8d	READ
ram:0006a3e4	ram:00069f48	CONDITIONAL_JUMP
ram:0006a3f8	ram:0006a43a	CONDITIONAL_JUMP
ram:0006a40a	ram:00042bb4	UNCONDITIONAL_CALL
ram:0006a40e	ram:00069f48	CONDITIONAL_JUMP
ram:0006a41e	ram:200001dc	COMPUTED_CALL
ram:0006a428	ram:00042e5e	UNCONDITIONAL_CALL
ram:0006a42c	ram:20002000	PARAM
ram:0006a430	ram:200019c4	READ
ram:0006a434	ram:00042e10	UNCONDITIONAL_CALL
ram:0006a438	ram:00069f48	UNCONDITIONAL_JUMP
ram:0006a43e	ram:0006a400	UNCONDITIONAL_JUMP
ram:0006a444	ram:20001bcc	READ
ram:0006a44e	ram:00069f60	CONDITIONAL_JUMP
ram:0006a454	ram:00069f48	CONDITIONAL_JUMP
ram:0006a45c	ram:00069f48	CONDITIONAL_JUMP
ram:0006a460	ram:0006a482	CONDITIONAL_JUMP
ram:0006a466	ram:20001f04	READ
ram:0006a46c	ram:00069f60	CONDITIONAL_JUMP
ram:0006a478	ram:20001a90	READ
ram:0006a478	ram:20001a98	READ
ram:0006a480	ram:0006a490	UNCONDITIONAL_JUMP
ram:0006a48a	ram:20001a98	READ
ram:0006a490	ram:20001a90	WRITE
ram:0006a490	ram:20001a98	WRITE
ram:0006a494	ram:00069f5e	UNCONDITIONAL_JUMP
ram:0006a49a	ram:20001bcc	READ
ram:0006a4a4	ram:00069f60	CONDITIONAL_JUMP
ram:0006a4aa	ram:00069f48	CONDITIONAL_JUMP
ram:0006a4b2	ram:00069f48	CONDITIONAL_JUMP
ram:0006a4b6	ram:0006a482	CONDITIONAL_JUMP
ram:0006a4bc	ram:20001f04	READ
ram:0006a4c2	ram:00069f60	CONDITIONAL_JUMP
ram:0006a4ce	ram:0006a478	UNCONDITIONAL_JUMP
ram:0006a4d6	ram:00069f60	CONDITIONAL_JUMP
ram:0006a4da	ram:00069f60	CONDITIONAL_JUMP
ram:0006a4e4	ram:000451b2	UNCONDITIONAL_CALL
ram:0006a4ea	ram:00069f60	UNCONDITIONAL_JUMP
ram:0006a502	ram:0006a536	CONDITIONAL_JUMP
ram:0006a50c	ram:0006c3ac	PARAM
ram:0006a512	ram:0006c3ac	DATA
ram:0006a516	ram:0006a804	COMPUTED_JUMP
ram:0006a516	ram:0006a536	COMPUTED_JUMP
ram:0006a516	ram:0006a73a	COMPUTED_JUMP
ram:0006a516	ram:0006a5d4	COMPUTED_JUMP
ram:0006a516	ram:0006a518	COMPUTED_JUMP
ram:0006a516	ram:0006a7fa	COMPUTED_JUMP
ram:0006a516	ram:0006a6d8	COMPUTED_JUMP
ram:0006a516	ram:0006a77a	COMPUTED_JUMP
ram:0006a516	ram:0006a58e	COMPUTED_JUMP
ram:0006a52a	ram:0004df14	UNCONDITIONAL_CALL
ram:0006a534	ram:0006a53a	CONDITIONAL_JUMP
ram:0006a538	ram:0006a68a	UNCONDITIONAL_JUMP
ram:0006a544	ram:0006a574	CONDITIONAL_JUMP
ram:0006a54c	ram:20001aac	READ
ram:0006a552	ram:0006a55c	CONDITIONAL_JUMP
ram:0006a556	ram:0006a55c	CONDITIONAL_JUMP
ram:0006a55a	ram:0006a536	UNCONDITIONAL_JUMP
ram:0006a55c	ram:20002000	PARAM
ram:0006a560	ram:20001a94	READ
ram:0006a564	ram:00044c74	UNCONDITIONAL_CALL
ram:0006a568	ram:0006a536	CONDITIONAL_JUMP
ram:0006a56e	ram:000450ea	UNCONDITIONAL_CALL
ram:0006a572	ram:0006a536	UNCONDITIONAL_JUMP
ram:0006a578	ram:20001ab0	READ
ram:0006a57e	ram:0006a584	CONDITIONAL_JUMP
ram:0006a582	ram:0006a558	CONDITIONAL_JUMP
ram:0006a584	ram:20002000	PARAM
ram:0006a588	ram:20001a9c	READ
ram:0006a58c	ram:0006a564	UNCONDITIONAL_JUMP
ram:0006a596	ram:0004df14	UNCONDITIONAL_CALL
ram:0006a59c	ram:0006a536	CONDITIONAL_JUMP
ram:0006a5b2	ram:0006a5ca	CONDITIONAL_JUMP
ram:0006a5ba	ram:20001aac	READ
ram:0006a5be	ram:0006a536	CONDITIONAL_JUMP
ram:0006a5c2	ram:0006a536	CONDITIONAL_JUMP
ram:0006a5c8	ram:0006a536	UNCONDITIONAL_JUMP
ram:0006a5ce	ram:20001ab0	READ
ram:0006a5d2	ram:0006a5be	UNCONDITIONAL_JUMP
ram:0006a5d8	ram:0006a6b6	CONDITIONAL_JUMP
ram:0006a5e0	ram:0006a6b6	CONDITIONAL_JUMP
ram:0006a5e6	ram:20001aa8	READ
ram:0006a5ec	ram:0006a6b8	CONDITIONAL_JUMP
ram:0006a5f8	ram:20000214	COMPUTED_CALL
ram:0006a5fe	ram:0006a698	CONDITIONAL_JUMP
ram:0006a60a	ram:200001dc	COMPUTED_CALL
ram:0006a620	ram:00068a86	UNCONDITIONAL_CALL
ram:0006a624	ram:20002000	PARAM
ram:0006a628	ram:20001a8d	READ
ram:0006a630	ram:0006a652	CONDITIONAL_JUMP
ram:0006a638	ram:200019c8	READ
ram:0006a63c	ram:0006a642	CONDITIONAL_JUMP
ram:0006a63e	ram:0006969c	UNCONDITIONAL_CALL
ram:0006a646	ram:20001bec	READ
ram:0006a64a	ram:0006a652	CONDITIONAL_JUMP
ram:0006a652	ram:00068a86	UNCONDITIONAL_CALL
ram:0006a656	ram:20001a8d	READ
ram:0006a65a	ram:20002000	PARAM
ram:0006a65e	ram:0006a6ac	CONDITIONAL_JUMP
ram:0006a662	ram:20001f0f	READ
ram:0006a66e	ram:20001f0f	WRITE
ram:0006a672	ram:000690dc	UNCONDITIONAL_CALL
ram:0006a67a	ram:0006a6b8	CONDITIONAL_JUMP
ram:0006a67c	ram:20002000	PARAM
ram:0006a680	ram:20001a8e	READ
ram:0006a686	ram:00042138	UNCONDITIONAL_CALL
ram:0006a69e	ram:0004df14	UNCONDITIONAL_CALL
ram:0006a6a2	ram:0006a68a	CONDITIONAL_JUMP
ram:0006a6aa	ram:0006a604	UNCONDITIONAL_JUMP
ram:0006a6ac	ram:20001f0f	READ
ram:0006a6b4	ram:0006a66a	UNCONDITIONAL_JUMP
ram:0006a6c2	ram:00069302	UNCONDITIONAL_CALL
ram:0006a6c6	ram:0006a536	CONDITIONAL_JUMP
ram:0006a6d2	ram:00069302	UNCONDITIONAL_CALL
ram:0006a6d6	ram:0006a536	UNCONDITIONAL_JUMP
ram:0006a6de	ram:0006a716	CONDITIONAL_JUMP
ram:0006a6e6	ram:0004df14	UNCONDITIONAL_CALL
ram:0006a6ec	ram:0006a716	CONDITIONAL_JUMP
ram:0006a6f2	ram:200019c6	READ
ram:0006a6f8	ram:0006a72a	CONDITIONAL_JUMP
ram:0006a6fe	ram:0006a71e	CONDITIONAL_JUMP
ram:0006a704	ram:0006a716	CONDITIONAL_JUMP
ram:0006a712	ram:00068f1c	UNCONDITIONAL_CALL
ram:0006a71c	ram:0006a6ce	UNCONDITIONAL_JUMP
ram:0006a726	ram:00069f0c	UNCONDITIONAL_CALL
ram:0006a734	ram:00045118	UNCONDITIONAL_CALL
ram:0006a738	ram:0006a716	UNCONDITIONAL_JUMP
ram:0006a744	ram:00069942	UNCONDITIONAL_CALL
ram:0006a74c	ram:20001a8d	READ
ram:0006a750	ram:0006a536	CONDITIONAL_JUMP
ram:0006a768	ram:00042e5e	UNCONDITIONAL_CALL
ram:0006a76c	ram:20002000	PARAM
ram:0006a770	ram:200019c4	READ
ram:0006a774	ram:00042e10	UNCONDITIONAL_CALL
ram:0006a778	ram:0006a536	UNCONDITIONAL_JUMP
ram:0006a77e	ram:20001a8f	READ
ram:0006a786	ram:0006a792	CONDITIONAL_JUMP
ram:0006a788	ram:20002000	PARAM
ram:0006a78c	ram:200019c5	READ
ram:0006a790	ram:0006a56e	UNCONDITIONAL_JUMP
ram:0006a796	ram:200019ca	READ
ram:0006a79a	ram:0006a7a0	CONDITIONAL_JUMP
ram:0006a79e	ram:0006a56e	UNCONDITIONAL_JUMP
ram:0006a7a0	ram:0004df14	UNCONDITIONAL_CALL
ram:0006a7a6	ram:0006a536	CONDITIONAL_JUMP
ram:0006a7b0	ram:0006a7e4	CONDITIONAL_JUMP
ram:0006a7b8	ram:0006a7e4	CONDITIONAL_JUMP
ram:0006a7c4	ram:0006a7e4	CONDITIONAL_JUMP
ram:0006a7cc	ram:00069942	UNCONDITIONAL_CALL
ram:0006a7d4	ram:20001a8d	READ
ram:0006a7d8	ram:0006a7e4	CONDITIONAL_JUMP
ram:0006a7e2	ram:0006a56e	UNCONDITIONAL_JUMP
ram:0006a7f0	ram:00068f1c	UNCONDITIONAL_CALL
ram:0006a7f8	ram:0006a6ce	UNCONDITIONAL_JUMP
ram:0006a7fe	ram:00069a36	UNCONDITIONAL_CALL
ram:0006a802	ram:0006a536	UNCONDITIONAL_JUMP
ram:0006a808	ram:00069882	UNCONDITIONAL_CALL
ram:0006a814	ram:200019ca	READ
ram:0006a81c	ram:200019ca	WRITE
ram:0006a820	ram:0006a536	UNCONDITIONAL_JUMP
ram:0006a838	ram:0006a8e6	CONDITIONAL_JUMP
ram:0006a83c	ram:20002000	PARAM
ram:0006a840	ram:20001a8e	READ
ram:0006a844	ram:00041cba	UNCONDITIONAL_CALL
ram:0006a84a	ram:0006a896	CONDITIONAL_JUMP
ram:0006a854	ram:0006a8ac	CONDITIONAL_JUMP
ram:0006a85c	ram:0006a88a	CONDITIONAL_JUMP
ram:0006a864	ram:0006a890	CONDITIONAL_JUMP
ram:0006a86e	ram:0006a87c	CONDITIONAL_JUMP
ram:0006a878	ram:00069ac0	UNCONDITIONAL_CALL
ram:0006a884	ram:000491bc	UNCONDITIONAL_CALL
ram:0006a888	ram:0006a890	UNCONDITIONAL_JUMP
ram:0006a88a	ram:0006a4ec	UNCONDITIONAL_CALL
ram:0006a88e	ram:0006a896	CONDITIONAL_JUMP
ram:0006a892	ram:00041c48	UNCONDITIONAL_CALL
ram:0006a8b0	ram:0006a890	CONDITIONAL_JUMP
ram:0006a8c6	ram:20001aa0	WRITE
ram:0006a8ca	ram:00069b54	UNCONDITIONAL_CALL
ram:0006a8ce	ram:20001aa0	READ
ram:0006a8d2	ram:0006a890	CONDITIONAL_JUMP
ram:0006a8d4	ram:20002000	PARAM
ram:0006a8d8	ram:200019c4	READ
ram:0006a8dc	ram:20001aa0	WRITE
ram:0006a8e0	ram:00042e10	UNCONDITIONAL_CALL
ram:0006a8e4	ram:0006a890	UNCONDITIONAL_JUMP
ram:0006a8ea	ram:0006a910	CONDITIONAL_JUMP
ram:0006a8f0	ram:000690dc	UNCONDITIONAL_CALL
ram:0006a8fc	ram:20001a8e	PARAM
ram:0006a902	ram:0006a906	CONDITIONAL_JUMP
ram:0006a906	ram:20001a8e	READ
ram:0006a90a	ram:00042138	UNCONDITIONAL_CALL
ram:0006a90e	ram:0006a89a	UNCONDITIONAL_JUMP
ram:0006a914	ram:0006a9f6	CONDITIONAL_JUMP
ram:0006a91c	ram:20001aa8	READ
ram:0006a92c	ram:20001aa4	READ
ram:0006a934	ram:0006a954	CONDITIONAL_JUMP
ram:0006a940	ram:20001ab4	PARAM
ram:0006a946	ram:0006c644	PARAM
ram:0006a94e	ram:0004aaf8	UNCONDITIONAL_CALL
ram:0006a952	ram:20001aa4	WRITE
ram:0006a954	ram:20001aa4	READ
ram:0006a95a	ram:0006a994	CONDITIONAL_JUMP
ram:0006a95c	ram:20001aa8	READ
ram:0006a96e	ram:00069302	UNCONDITIONAL_CALL
ram:0006a972	ram:20001aa8	READ
ram:0006a97e	ram:00069302	UNCONDITIONAL_CALL
ram:0006a982	ram:20002000	PARAM
ram:0006a986	ram:200019c4	READ
ram:0006a98a	ram:00042e10	UNCONDITIONAL_CALL
ram:0006a98e	ram:00068ade	UNCONDITIONAL_CALL
ram:0006a992	ram:0006a89a	UNCONDITIONAL_JUMP
ram:0006a998	ram:20001ab4	READ
ram:0006a9ac	ram:0004b062	UNCONDITIONAL_CALL
ram:0006a9b4	ram:0006a9d0	CONDITIONAL_JUMP
ram:0006a9c2	ram:0006a9d0	CONDITIONAL_JUMP
ram:0006a9c4	ram:20001aa4	READ
ram:0006a9cc	ram:00069b54	UNCONDITIONAL_CALL
ram:0006a9d0	ram:20001aa4	READ
ram:0006a9d2	ram:20001ab4	READ
ram:0006a9dc	ram:0004afa0	UNCONDITIONAL_CALL
ram:0006a9e0	ram:20001aa4	WRITE
ram:0006a9e8	ram:0006a95c	CONDITIONAL_JUMP
ram:0006a9ea	ram:20002000	PARAM
ram:0006a9f0	ram:20001a8e	READ
ram:0006a9f4	ram:0006a90a	UNCONDITIONAL_JUMP
ram:0006a9fc	ram:0006a89a	CONDITIONAL_JUMP
ram:0006aa04	ram:0006a89a	UNCONDITIONAL_JUMP
ram:0006aa0c	ram:0006aa7e	CONDITIONAL_JUMP
ram:0006aa10	ram:20002000	PARAM
ram:0006aa14	ram:200019cc	READ
ram:0006aa22	ram:00041cba	UNCONDITIONAL_CALL
ram:0006aa28	ram:0006aa70	CONDITIONAL_JUMP
ram:0006aa32	ram:0006aa6a	CONDITIONAL_JUMP
ram:0006aa3a	ram:0006aa58	CONDITIONAL_JUMP
ram:0006aa40	ram:0006aa58	CONDITIONAL_JUMP
ram:0006aa4c	ram:20001f4c	PARAM
ram:0006aa54	ram:200001dc	COMPUTED_CALL
ram:0006aa5c	ram:20001ab8	READ
ram:0006aa60	ram:0006aa6a	CONDITIONAL_JUMP
ram:0006aa64	ram:0006aa6a	CONDITIONAL_JUMP
ram:0006aa6c	ram:00041c48	UNCONDITIONAL_CALL
ram:0006aa82	ram:0006aa8c	CONDITIONAL_JUMP
ram:0006aa88	ram:20001ab8	WRITE
ram:0006aa94	ram:20001ac0	READ
ram:0006aa98	ram:200019cc	READ
ram:0006aaa4	ram:000484e0	UNCONDITIONAL_CALL
ram:0006aaac	ram:200019cc	READ
ram:0006aac6	ram:00046844	UNCONDITIONAL_CALL
ram:0006aad0	ram:20002000	PARAM
ram:0006aad4	ram:200019cc	READ
ram:0006aad8	ram:00046806	UNCONDITIONAL_CALL
ram:0006aae6	ram:200019cc	READ
ram:0006aaf0	ram:0006ab00	CONDITIONAL_JUMP
ram:0006ab04	ram:0006aa06	PARAM
ram:0006ab08	ram:000426a0	UNCONDITIONAL_CALL
ram:0006ab0c	ram:200019cc	WRITE
ram:0006ab10	ram:0006aaf4	CONDITIONAL_JUMP
ram:0006ab18	ram:20001ab8	WRITE
ram:0006ab1e	ram:20002000	PARAM
ram:0006ab22	ram:20001f48	WRITE
ram:0006ab26	ram:00044cc8	UNCONDITIONAL_CALL
ram:0006ab2c	ram:0006aaf6	UNCONDITIONAL_JUMP
ram:0006ab34	ram:0006ae22	CONDITIONAL_JUMP
ram:0006ab40	ram:0006c400	PARAM
ram:0006ab46	ram:0006c400	DATA
ram:0006ab56	ram:0006ab58	COMPUTED_JUMP
ram:0006ab56	ram:0006ac48	COMPUTED_JUMP
ram:0006ab56	ram:0006ac18	COMPUTED_JUMP
ram:0006ab56	ram:0006ac86	COMPUTED_JUMP
ram:0006ab56	ram:0006ad10	COMPUTED_JUMP
ram:0006ab56	ram:0006ad5e	COMPUTED_JUMP
ram:0006ab56	ram:0006ad84	COMPUTED_JUMP
ram:0006ab56	ram:0006ade8	COMPUTED_JUMP
ram:0006ab60	ram:0006ac10	CONDITIONAL_JUMP
ram:0006ab6c	ram:20001b34	PARAM
ram:0006ab70	ram:20001f28	PARAM
ram:0006ab78	ram:2000026a	COMPUTED_CALL
ram:0006ab80	ram:0006abf6	CONDITIONAL_JUMP
ram:0006ab82	ram:20001f28	PARAM
ram:0006ab8a	ram:00042e5e	UNCONDITIONAL_CALL
ram:0006ab8e	ram:20001f38	PARAM
ram:0006ab96	ram:00042e5e	UNCONDITIONAL_CALL
ram:0006ab9a	ram:20002000	PARAM
ram:0006ab9e	ram:200019c4	READ
ram:0006aba2	ram:00042e10	UNCONDITIONAL_CALL
ram:0006abae	ram:20001f4c	PARAM
ram:0006abb8	ram:200001dc	COMPUTED_CALL
ram:0006abbe	ram:20001f20	WRITE
ram:0006abc2	ram:20002000	PARAM
ram:0006abc6	ram:200019cc	READ
ram:0006abcc	ram:00042138	UNCONDITIONAL_CALL
ram:0006abd0	ram:20001f20	READ
ram:0006abd8	ram:20001abc	READ
ram:0006abdc	ram:0006ac48	CONDITIONAL_JUMP
ram:0006abe2	ram:0006ac48	CONDITIONAL_JUMP
ram:0006abfc	ram:20001b44	PARAM
ram:0006ac00	ram:20001f38	PARAM
ram:0006ac08	ram:2000026a	COMPUTED_CALL
ram:0006ac0c	ram:0006ab82	CONDITIONAL_JUMP
ram:0006ac0e	ram:0006aba6	UNCONDITIONAL_JUMP
ram:0006ac12	ram:20001f20	WRITE
ram:0006ac16	ram:0006abd0	UNCONDITIONAL_JUMP
ram:0006ac20	ram:0006ac6c	CONDITIONAL_JUMP
ram:0006ac24	ram:0006ac56	CONDITIONAL_JUMP
ram:0006ac28	ram:20002000	PARAM
ram:0006ac2c	ram:20001f20	READ
ram:0006ac3c	ram:20001f20	WRITE
ram:0006ac40	ram:00047750	UNCONDITIONAL_CALL
ram:0006ac5c	ram:0006ac66	CONDITIONAL_JUMP
ram:0006ac60	ram:00047640	UNCONDITIONAL_CALL
ram:0006ac64	ram:0006ac44	UNCONDITIONAL_JUMP
ram:0006ac66	ram:00047530	UNCONDITIONAL_CALL
ram:0006ac6a	ram:0006ac44	UNCONDITIONAL_JUMP
ram:0006ac6e	ram:0006ac48	CONDITIONAL_JUMP
ram:0006ac76	ram:20001f20	READ
ram:0006ac80	ram:20001f20	WRITE
ram:0006ac84	ram:0006abd4	UNCONDITIONAL_JUMP
ram:0006ac8e	ram:0006ad04	CONDITIONAL_JUMP
ram:0006ac92	ram:0006ace6	CONDITIONAL_JUMP
ram:0006ac96	ram:20002000	PARAM
ram:0006ac9a	ram:20001f18	READ
ram:0006aca4	ram:0006acbe	CONDITIONAL_JUMP
ram:0006acac	ram:20001f18	WRITE
ram:0006acb0	ram:20002000	PARAM
ram:0006acb4	ram:200019cc	READ
ram:0006acba	ram:00042138	UNCONDITIONAL_CALL
ram:0006acbe	ram:20001f20	READ
ram:0006acc8	ram:0006acd8	CONDITIONAL_JUMP
ram:0006acd2	ram:20001f20	WRITE
ram:0006acd6	ram:0006ad42	UNCONDITIONAL_JUMP
ram:0006acda	ram:0006ac48	CONDITIONAL_JUMP
ram:0006ace4	ram:0006acd2	UNCONDITIONAL_JUMP
ram:0006ace6	ram:20001f20	READ
ram:0006acee	ram:20001f14	WRITE
ram:0006acfa	ram:0006ad58	CONDITIONAL_JUMP
ram:0006ad02	ram:0006acd2	UNCONDITIONAL_JUMP
ram:0006ad04	ram:20001f20	READ
ram:0006ad0e	ram:0006acd2	UNCONDITIONAL_JUMP
ram:0006ad14	ram:20001f20	READ
ram:0006ad1e	ram:0006ad48	CONDITIONAL_JUMP
ram:0006ad24	ram:20001f20	WRITE
ram:0006ad36	ram:00069cb0	UNCONDITIONAL_CALL
ram:0006ad3e	ram:20001f14	WRITE
ram:0006ad42	ram:20001f20	READ
ram:0006ad46	ram:0006abd4	UNCONDITIONAL_JUMP
ram:0006ad4c	ram:0006ad0a	CONDITIONAL_JUMP
ram:0006ad54	ram:20001f14	WRITE
ram:0006ad5c	ram:0006acd2	UNCONDITIONAL_JUMP
ram:0006ad5e	ram:0006a4ec	UNCONDITIONAL_CALL
ram:0006ad66	ram:20001f20	READ
ram:0006ad76	ram:0006ad7e	CONDITIONAL_JUMP
ram:0006ad7e	ram:20001f20	WRITE
ram:0006ad82	ram:0006abd4	UNCONDITIONAL_JUMP
ram:0006ad88	ram:20001f20	READ
ram:0006ad94	ram:0006ade2	CONDITIONAL_JUMP
ram:0006ad98	ram:0006add8	CONDITIONAL_JUMP
ram:0006ada0	ram:20002000	PARAM
ram:0006ada4	ram:20001f20	WRITE
ram:0006ada8	ram:20001f53	READ
ram:0006adb2	ram:0006adcc	CONDITIONAL_JUMP
ram:0006adba	ram:20001f53	WRITE
ram:0006adbe	ram:20002000	PARAM
ram:0006adc2	ram:200019cc	READ
ram:0006adc8	ram:00042138	UNCONDITIONAL_CALL
ram:0006adcc	ram:20001f20	READ
ram:0006add6	ram:0006abd4	UNCONDITIONAL_JUMP
ram:0006addc	ram:20001f20	WRITE
ram:0006ade0	ram:0006adcc	UNCONDITIONAL_JUMP
ram:0006ade6	ram:0006addc	UNCONDITIONAL_JUMP
ram:0006adec	ram:20001f20	READ
ram:0006adfc	ram:0006ae1c	CONDITIONAL_JUMP
ram:0006ae00	ram:0006ae16	CONDITIONAL_JUMP
ram:0006ae08	ram:20001f20	WRITE
ram:0006ae0c	ram:20001f20	READ
ram:0006ae14	ram:0006add4	UNCONDITIONAL_JUMP
ram:0006ae1a	ram:0006ae08	UNCONDITIONAL_JUMP
ram:0006ae20	ram:0006ae08	UNCONDITIONAL_JUMP
ram:0006ae2c	ram:0006ae3a	CONDITIONAL_JUMP
ram:0006ae34	ram:0006ae80	CONDITIONAL_JUMP
ram:0006ae40	ram:0006ae84	CONDITIONAL_JUMP
ram:0006ae4e	ram:0006ae84	CONDITIONAL_JUMP
ram:0006ae5c	ram:0006ae84	CONDITIONAL_JUMP
ram:0006ae64	ram:20001abc	READ
ram:0006ae68	ram:0006ae84	CONDITIONAL_JUMP
ram:0006ae6e	ram:0006ae84	CONDITIONAL_JUMP
ram:0006ae80	ram:0006ab2e	UNCONDITIONAL_CALL
ram:0006ae96	ram:0006af6a	CONDITIONAL_JUMP
ram:0006ae9a	ram:20002000	PARAM
ram:0006ae9e	ram:200019cc	READ
ram:0006aea2	ram:00041cba	UNCONDITIONAL_CALL
ram:0006aea8	ram:0006aebe	CONDITIONAL_JUMP
ram:0006aeae	ram:20001f17	READ
ram:0006aeb2	ram:0006aecc	CONDITIONAL_JUMP
ram:0006aeb4	ram:0006ae24	UNCONDITIONAL_CALL
ram:0006aeba	ram:00041c48	UNCONDITIONAL_CALL
ram:0006aed4	ram:0006af32	CONDITIONAL_JUMP
ram:0006aedc	ram:0006aee4	CONDITIONAL_JUMP
ram:0006aede	ram:0006ae24	UNCONDITIONAL_CALL
ram:0006aee2	ram:0006af16	UNCONDITIONAL_JUMP
ram:0006aee6	ram:0006af02	CONDITIONAL_JUMP
ram:0006aeee	ram:0004df14	UNCONDITIONAL_CALL
ram:0006aef2	ram:0006aeb8	CONDITIONAL_JUMP
ram:0006aefc	ram:0006aeb4	CONDITIONAL_JUMP
ram:0006af00	ram:0006af16	UNCONDITIONAL_JUMP
ram:0006af04	ram:0006aede	CONDITIONAL_JUMP
ram:0006af0a	ram:0006af26	CONDITIONAL_JUMP
ram:0006af12	ram:0006aeb4	CONDITIONAL_JUMP
ram:0006af16	ram:20002000	PARAM
ram:0006af1a	ram:20001f52	READ
ram:0006af20	ram:00041d24	UNCONDITIONAL_CALL
ram:0006af24	ram:0006aebe	UNCONDITIONAL_JUMP
ram:0006af28	ram:0006aeb4	CONDITIONAL_JUMP
ram:0006af30	ram:0006aeee	UNCONDITIONAL_JUMP
ram:0006af36	ram:0006aeb4	CONDITIONAL_JUMP
ram:0006af3e	ram:0006aede	CONDITIONAL_JUMP
ram:0006af48	ram:0006aede	CONDITIONAL_JUMP
ram:0006af56	ram:0006aede	CONDITIONAL_JUMP
ram:0006af68	ram:0006aeee	UNCONDITIONAL_JUMP
ram:0006af6e	ram:0006af92	CONDITIONAL_JUMP
ram:0006af76	ram:20001acc	PARAM
ram:0006af7e	ram:00042e5e	UNCONDITIONAL_CALL
ram:0006af82	ram:20002000	PARAM
ram:0006af86	ram:200019c4	READ
ram:0006af8a	ram:00042e10	UNCONDITIONAL_CALL
ram:0006af90	ram:0006aec0	UNCONDITIONAL_JUMP
ram:0006af96	ram:0006b03c	CONDITIONAL_JUMP
ram:0006af9c	ram:20001f14	READ
ram:0006afa0	ram:0006b006	CONDITIONAL_JUMP
ram:0006afa2	ram:0004e200	UNCONDITIONAL_CALL
ram:0006afaa	ram:20001bd3	READ
ram:0006afb0	ram:0006b00c	CONDITIONAL_JUMP
ram:0006afbe	ram:20001f15	READ
ram:0006afcc	ram:20001f49	READ
ram:0006afd4	ram:20002000	PARAM
ram:0006afd8	ram:200019cc	READ
ram:0006afdc	ram:00047066	UNCONDITIONAL_CALL
ram:0006afe0	ram:0006b006	CONDITIONAL_JUMP
ram:0006afe6	ram:20001f20	READ
ram:0006aff0	ram:20001f20	WRITE
ram:0006aff8	ram:20001abc	READ
ram:0006affc	ram:0006b006	CONDITIONAL_JUMP
ram:0006b000	ram:0006b006	CONDITIONAL_JUMP
ram:0006b00a	ram:0006aec2	UNCONDITIONAL_JUMP
ram:0006b010	ram:20001f16	READ
ram:0006b022	ram:20001f24	READ
ram:0006b026	ram:20001ac4	PARAM
ram:0006b036	ram:200001dc	COMPUTED_CALL
ram:0006b03a	ram:0006afba	UNCONDITIONAL_JUMP
ram:0006b040	ram:0006b084	CONDITIONAL_JUMP
ram:0006b046	ram:20001f18	READ
ram:0006b04c	ram:0006b07e	CONDITIONAL_JUMP
ram:0006b04e	ram:20002000	PARAM
ram:0006b052	ram:200019cc	READ
ram:0006b056	ram:0004737a	UNCONDITIONAL_CALL
ram:0006b05a	ram:0006b07e	CONDITIONAL_JUMP
ram:0006b060	ram:20001f20	READ
ram:0006b068	ram:20001f20	WRITE
ram:0006b070	ram:20001abc	READ
ram:0006b074	ram:0006b07e	CONDITIONAL_JUMP
ram:0006b078	ram:0006b07e	CONDITIONAL_JUMP
ram:0006b082	ram:0006aec2	UNCONDITIONAL_JUMP
ram:0006b08a	ram:0006aec2	CONDITIONAL_JUMP
ram:0006b092	ram:20001f53	READ
ram:0006b096	ram:0006b0cc	CONDITIONAL_JUMP
ram:0006b098	ram:20002000	PARAM
ram:0006b09c	ram:200019cc	READ
ram:0006b0a0	ram:000473b6	UNCONDITIONAL_CALL
ram:0006b0a4	ram:0006b0cc	CONDITIONAL_JUMP
ram:0006b0a6	ram:20002000	PARAM
ram:0006b0aa	ram:20001f20	READ
ram:0006b0ba	ram:20001abc	READ
ram:0006b0be	ram:20001f20	WRITE
ram:0006b0c2	ram:0006b0cc	CONDITIONAL_JUMP
ram:0006b0c6	ram:0006b0cc	CONDITIONAL_JUMP
ram:0006b0d0	ram:0006aec2	UNCONDITIONAL_JUMP
ram:0006b0e4	Stack[-0x30]	DATA
ram:0006b0e6	ram:0004df14	UNCONDITIONAL_CALL
ram:0006b0ea	ram:0006b138	CONDITIONAL_JUMP
ram:0006b0f2	Stack[-0x30]	DATA
ram:0006b0f8	ram:0006b112	CONDITIONAL_JUMP
ram:0006b0fc	ram:0006b112	CONDITIONAL_JUMP
ram:0006b104	ram:0006b112	CONDITIONAL_JUMP
ram:0006b10e	ram:0006b12e	CONDITIONAL_JUMP
ram:0006b128	ram:0004de08	UNCONDITIONAL_CALL
ram:0006b13a	ram:0006b12e	UNCONDITIONAL_JUMP
ram:0006b13e	ram:20002000	PARAM
ram:0006b144	ram:20001d51	WRITE
ram:0006b148	ram:0006b154	CONDITIONAL_JUMP
ram:0006b14e	ram:00069bd6	UNCONDITIONAL_CALL
ram:0006b158	ram:20001f20	READ
ram:0006b15c	ram:0006b1a0	CONDITIONAL_JUMP
ram:0006b15e	ram:0006b168	CONDITIONAL_JUMP
ram:0006b164	ram:20001abc	WRITE
ram:0006b176	ram:20001ac0	READ
ram:0006b17a	ram:20001f48	READ
ram:0006b17e	ram:200019cc	READ
ram:0006b18e	ram:20001acc	PARAM
ram:0006b192	ram:20001f38	PARAM
ram:0006b196	ram:20001f28	PARAM
ram:0006b19c	ram:000484e0	UNCONDITIONAL_CALL
ram:0006b1ac	ram:20001bd3	READ
ram:0006b1b2	ram:0006b1c6	CONDITIONAL_JUMP
ram:0006b1c0	Stack[-0x10]	DATA
ram:0006b1d0	ram:200019cc	READ
ram:0006b1d6	Stack[-0x10]	DATA
ram:0006b1dc	ram:0006b1b8	CONDITIONAL_JUMP
ram:0006b1e4	ram:0006ae86	PARAM
ram:0006b1e8	ram:000426a0	UNCONDITIONAL_CALL
ram:0006b1ec	ram:200019cc	WRITE
ram:0006b1f0	ram:0006b1b8	CONDITIONAL_JUMP
ram:0006b1f8	ram:20001abc	WRITE
ram:0006b202	ram:20001f20	WRITE
ram:0006b206	ram:20002000	PARAM
ram:0006b20a	ram:20001f48	WRITE
ram:0006b212	ram:00044cc8	UNCONDITIONAL_CALL
ram:0006b21a	ram:20001f28	PARAM
ram:0006b222	ram:20000214	COMPUTED_CALL
ram:0006b22e	ram:20001f38	PARAM
ram:0006b236	ram:20000214	COMPUTED_CALL
ram:0006b23e	ram:20001f16	WRITE
ram:0006b248	ram:20001f24	WRITE
ram:0006b250	ram:20001f15	WRITE
ram:0006b258	ram:20002000	PARAM
ram:0006b25c	ram:20001f28	PARAM
ram:0006b264	ram:20001f49	WRITE
ram:0006b268	ram:20001acc	WRITE
ram:0006b26c	ram:00042bb4	UNCONDITIONAL_CALL
ram:0006b270	ram:20001f38	PARAM
ram:0006b278	ram:00042bb4	UNCONDITIONAL_CALL
ram:0006b282	ram:20001f28	PARAM
ram:0006b286	ram:20001b34	PARAM
ram:0006b28e	ram:200001dc	COMPUTED_CALL
ram:0006b298	ram:20001f38	PARAM
ram:0006b29c	ram:20001b44	PARAM
ram:0006b2a4	ram:200001dc	COMPUTED_CALL
ram:0006b2a8	ram:20001acc	PARAM
ram:0006b2b0	ram:00042bb4	UNCONDITIONAL_CALL
ram:0006b2b6	ram:0006b1ba	UNCONDITIONAL_JUMP
ram:0006b2be	ram:200019cc	WRITE
ram:0006b2ca	ram:20001d51	WRITE
ram:0006b2ce	ram:20001d52	WRITE
ram:0006b2d8	ram:20001f48	WRITE
ram:0006b2e0	ram:20001f14	WRITE
ram:0006b2ea	ram:20001acc	WRITE
ram:0006b2f2	ram:20001f1c	WRITE
ram:0006b2fc	ram:20002000	PARAM
ram:0006b300	ram:20001f26	WRITE
ram:0006b308	ram:20001ac0	WRITE
ram:0006b310	ram:20001f17	WRITE
ram:0006b318	ram:20001f52	WRITE
ram:0006b326	ram:20001f19	WRITE
ram:0006b32c	ram:20002000	PARAM
ram:0006b332	ram:20001ac4	PARAM
ram:0006b336	ram:20001f1a	WRITE
ram:0006b33e	ram:20000214	COMPUTED_CALL
ram:0006b354	ram:0006b468	CONDITIONAL_JUMP
ram:0006b35e	ram:0006c474	PARAM
ram:0006b364	ram:0006c474	DATA
ram:0006b366	ram:0006b368	COMPUTED_JUMP
ram:0006b366	ram:0006b376	COMPUTED_JUMP
ram:0006b366	ram:0006b38c	COMPUTED_JUMP
ram:0006b366	ram:0006b398	COMPUTED_JUMP
ram:0006b366	ram:0006b3ae	COMPUTED_JUMP
ram:0006b366	ram:0006b3ba	COMPUTED_JUMP
ram:0006b366	ram:0006b3c4	COMPUTED_JUMP
ram:0006b366	ram:0006b3cc	COMPUTED_JUMP
ram:0006b366	ram:0006b3d4	COMPUTED_JUMP
ram:0006b366	ram:0006b3de	COMPUTED_JUMP
ram:0006b366	ram:0006b3e8	COMPUTED_JUMP
ram:0006b366	ram:0006b3f4	COMPUTED_JUMP
ram:0006b366	ram:0006b3fe	COMPUTED_JUMP
ram:0006b366	ram:0006b408	COMPUTED_JUMP
ram:0006b366	ram:0006b412	COMPUTED_JUMP
ram:0006b366	ram:0006b468	COMPUTED_JUMP
ram:0006b366	ram:0006b41c	COMPUTED_JUMP
ram:0006b366	ram:0006b42a	COMPUTED_JUMP
ram:0006b366	ram:0006b434	COMPUTED_JUMP
ram:0006b366	ram:0006b43e	COMPUTED_JUMP
ram:0006b366	ram:0006b448	COMPUTED_JUMP
ram:0006b366	ram:0006b450	COMPUTED_JUMP
ram:0006b366	ram:0006b45e	COMPUTED_JUMP
ram:0006b36c	ram:20001f48	READ
ram:0006b374	ram:0006b3a2	UNCONDITIONAL_JUMP
ram:0006b37c	ram:20001f28	PARAM
ram:0006b386	ram:200001dc	COMPUTED_CALL
ram:0006b38a	ram:0006b3a2	UNCONDITIONAL_JUMP
ram:0006b392	ram:20001f38	PARAM
ram:0006b396	ram:0006b380	UNCONDITIONAL_JUMP
ram:0006b39c	ram:20001acc	READ
ram:0006b3b4	ram:20001f4c	PARAM
ram:0006b3b8	ram:0006b380	UNCONDITIONAL_JUMP
ram:0006b3be	ram:20001f14	READ
ram:0006b3c2	ram:0006b370	UNCONDITIONAL_JUMP
ram:0006b3c6	ram:00047820	UNCONDITIONAL_CALL
ram:0006b3ca	ram:0006b3a2	UNCONDITIONAL_JUMP
ram:0006b3ce	ram:00047848	UNCONDITIONAL_CALL
ram:0006b3d2	ram:0006b3a2	UNCONDITIONAL_JUMP
ram:0006b3d8	ram:20001f16	READ
ram:0006b3dc	ram:0006b370	UNCONDITIONAL_JUMP
ram:0006b3e2	ram:20001f24	READ
ram:0006b3e6	ram:0006b370	UNCONDITIONAL_JUMP
ram:0006b3ee	ram:20001ac4	PARAM
ram:0006b3f2	ram:0006b380	UNCONDITIONAL_JUMP
ram:0006b3f8	ram:20001f15	READ
ram:0006b3fc	ram:0006b370	UNCONDITIONAL_JUMP
ram:0006b402	ram:20001f49	READ
ram:0006b406	ram:0006b370	UNCONDITIONAL_JUMP
ram:0006b40c	ram:20001f20	READ
ram:0006b410	ram:0006b370	UNCONDITIONAL_JUMP
ram:0006b416	ram:20001ac0	READ
ram:0006b41a	ram:0006b370	UNCONDITIONAL_JUMP
ram:0006b420	ram:20001f1c	READ
ram:0006b428	ram:0006b3a2	UNCONDITIONAL_JUMP
ram:0006b42e	ram:20001f26	READ
ram:0006b432	ram:0006b424	UNCONDITIONAL_JUMP
ram:0006b438	ram:20001f19	READ
ram:0006b43c	ram:0006b370	UNCONDITIONAL_JUMP
ram:0006b442	ram:20001f1a	READ
ram:0006b446	ram:0006b370	UNCONDITIONAL_JUMP
ram:0006b44a	ram:00047880	UNCONDITIONAL_CALL
ram:0006b44e	ram:0006b3a2	UNCONDITIONAL_JUMP
ram:0006b454	ram:20001f18	READ
ram:0006b45c	ram:0006b370	UNCONDITIONAL_JUMP
ram:0006b462	ram:20001f53	READ
ram:0006b466	ram:0006b370	UNCONDITIONAL_JUMP
ram:0006b46e	ram:0006b3a4	CONDITIONAL_JUMP
ram:0006b472	ram:00044c54	UNCONDITIONAL_CALL
ram:0006b47a	ram:0006b3a2	UNCONDITIONAL_JUMP
ram:0006b48a	ram:0006b762	CONDITIONAL_JUMP
ram:0006b494	ram:0006c4d4	PARAM
ram:0006b49a	ram:0006c4d4	DATA
ram:0006b4a4	ram:0006b4a6	COMPUTED_JUMP
ram:0006b4a4	ram:0006b4c2	COMPUTED_JUMP
ram:0006b4a4	ram:0006b4d6	COMPUTED_JUMP
ram:0006b4a4	ram:0006b73c	COMPUTED_JUMP
ram:0006b4a4	ram:0006b4f2	COMPUTED_JUMP
ram:0006b4a4	ram:0006b55a	COMPUTED_JUMP
ram:0006b4a4	ram:0006b56e	COMPUTED_JUMP
ram:0006b4a4	ram:0006b582	COMPUTED_JUMP
ram:0006b4a4	ram:0006b59e	COMPUTED_JUMP
ram:0006b4a4	ram:0006b5ba	COMPUTED_JUMP
ram:0006b4a4	ram:0006b5ce	COMPUTED_JUMP
ram:0006b4a4	ram:0006b5ea	COMPUTED_JUMP
ram:0006b4a4	ram:0006b606	COMPUTED_JUMP
ram:0006b4a4	ram:0006b61c	COMPUTED_JUMP
ram:0006b4a4	ram:0006b644	COMPUTED_JUMP
ram:0006b4a4	ram:0006b66c	COMPUTED_JUMP
ram:0006b4a4	ram:0006b688	COMPUTED_JUMP
ram:0006b4a4	ram:0006b69e	COMPUTED_JUMP
ram:0006b4a4	ram:0006b6b0	COMPUTED_JUMP
ram:0006b4a4	ram:0006b6f8	COMPUTED_JUMP
ram:0006b4aa	ram:0006b4ea	CONDITIONAL_JUMP
ram:0006b4b4	ram:20001f28	PARAM
ram:0006b4bc	ram:200001dc	COMPUTED_CALL
ram:0006b4c0	ram:0006b4e8	UNCONDITIONAL_JUMP
ram:0006b4c6	ram:0006b4ea	CONDITIONAL_JUMP
ram:0006b4d0	ram:20001f38	PARAM
ram:0006b4d4	ram:0006b4b8	UNCONDITIONAL_JUMP
ram:0006b4da	ram:0006b4ea	CONDITIONAL_JUMP
ram:0006b4e4	ram:20001acc	WRITE
ram:0006b4f6	ram:0006b4ea	CONDITIONAL_JUMP
ram:0006b502	ram:20001f14	READ
ram:0006b506	ram:20001f14	WRITE
ram:0006b50c	ram:0006b534	CONDITIONAL_JUMP
ram:0006b50e	ram:0006b4ea	CONDITIONAL_JUMP
ram:0006b514	ram:20001f20	READ
ram:0006b51c	ram:0006b526	CONDITIONAL_JUMP
ram:0006b522	ram:0006b4ea	CONDITIONAL_JUMP
ram:0006b526	ram:20002000	PARAM
ram:0006b52a	ram:200019cc	READ
ram:0006b52e	ram:000471e2	UNCONDITIONAL_CALL
ram:0006b532	ram:0006b4e8	UNCONDITIONAL_JUMP
ram:0006b534	ram:0006b4ea	CONDITIONAL_JUMP
ram:0006b53a	ram:20001f20	READ
ram:0006b53e	ram:0006b54a	CONDITIONAL_JUMP
ram:0006b546	ram:0006b4ea	CONDITIONAL_JUMP
ram:0006b54c	ram:20002000	PARAM
ram:0006b550	ram:200019cc	READ
ram:0006b554	ram:00042138	UNCONDITIONAL_CALL
ram:0006b558	ram:0006b4e8	UNCONDITIONAL_JUMP
ram:0006b55e	ram:0006b75a	CONDITIONAL_JUMP
ram:0006b562	ram:0006b75a	CONDITIONAL_JUMP
ram:0006b56a	ram:00047530	UNCONDITIONAL_CALL
ram:0006b572	ram:0006b75a	CONDITIONAL_JUMP
ram:0006b576	ram:0006b75a	CONDITIONAL_JUMP
ram:0006b57e	ram:00047640	UNCONDITIONAL_CALL
ram:0006b586	ram:0006b4ea	CONDITIONAL_JUMP
ram:0006b590	ram:0006b4ea	CONDITIONAL_JUMP
ram:0006b598	ram:20001f16	WRITE
ram:0006b59c	ram:0006b4e8	UNCONDITIONAL_JUMP
ram:0006b5a2	ram:0006b4ea	CONDITIONAL_JUMP
ram:0006b5ac	ram:0006b4ea	CONDITIONAL_JUMP
ram:0006b5b4	ram:20001f24	WRITE
ram:0006b5b8	ram:0006b4e8	UNCONDITIONAL_JUMP
ram:0006b5be	ram:0006b4ea	CONDITIONAL_JUMP
ram:0006b5c8	ram:20001ac4	PARAM
ram:0006b5cc	ram:0006b4b8	UNCONDITIONAL_JUMP
ram:0006b5d2	ram:0006b4ea	CONDITIONAL_JUMP
ram:0006b5dc	ram:0006b4ea	CONDITIONAL_JUMP
ram:0006b5e4	ram:20001f15	WRITE
ram:0006b5e8	ram:0006b4e8	UNCONDITIONAL_JUMP
ram:0006b5ee	ram:0006b4ea	CONDITIONAL_JUMP
ram:0006b5f8	ram:0006b4ea	CONDITIONAL_JUMP
ram:0006b600	ram:20001f49	WRITE
ram:0006b604	ram:0006b4e8	UNCONDITIONAL_JUMP
ram:0006b60a	ram:0006b4ea	CONDITIONAL_JUMP
ram:0006b616	ram:20001ac0	WRITE
ram:0006b61a	ram:0006b4e8	UNCONDITIONAL_JUMP
ram:0006b620	ram:0006b4ea	CONDITIONAL_JUMP
ram:0006b636	ram:0006b4ea	CONDITIONAL_JUMP
ram:0006b63e	ram:20001f1c	WRITE
ram:0006b642	ram:0006b4e8	UNCONDITIONAL_JUMP
ram:0006b648	ram:0006b4ea	CONDITIONAL_JUMP
ram:0006b65e	ram:0006b4ea	CONDITIONAL_JUMP
ram:0006b666	ram:20001f26	WRITE
ram:0006b66a	ram:0006b4e8	UNCONDITIONAL_JUMP
ram:0006b674	ram:20001f19	WRITE
ram:0006b678	ram:20002000	PARAM
ram:0006b67c	ram:20001f1a	READ
ram:0006b682	ram:0005258e	UNCONDITIONAL_CALL
ram:0006b686	ram:0006b4e8	UNCONDITIONAL_JUMP
ram:0006b690	ram:20001f1a	WRITE
ram:0006b694	ram:20002000	PARAM
ram:0006b698	ram:20001f19	READ
ram:0006b69c	ram:0006b680	UNCONDITIONAL_JUMP
ram:0006b6a2	ram:0006b75a	CONDITIONAL_JUMP
ram:0006b6a6	ram:0006b75a	CONDITIONAL_JUMP
ram:0006b6ac	ram:00047750	UNCONDITIONAL_CALL
ram:0006b6b4	ram:0006b4ea	CONDITIONAL_JUMP
ram:0006b6b8	ram:20002000	PARAM
ram:0006b6bc	ram:20001f18	READ
ram:0006b6c6	ram:20001f18	WRITE
ram:0006b6ce	ram:0006b6da	CONDITIONAL_JUMP
ram:0006b6d0	ram:0006b4e8	CONDITIONAL_JUMP
ram:0006b6d4	ram:000473a6	UNCONDITIONAL_CALL
ram:0006b6d8	ram:0006b4e8	UNCONDITIONAL_JUMP
ram:0006b6da	ram:0006b4e8	CONDITIONAL_JUMP
ram:0006b6e2	ram:20001f20	READ
ram:0006b6ea	ram:0006b54c	CONDITIONAL_JUMP
ram:0006b6f2	ram:20001f18	WRITE
ram:0006b6f6	ram:0006b4e8	UNCONDITIONAL_JUMP
ram:0006b6fc	ram:0006b4ea	CONDITIONAL_JUMP
ram:0006b700	ram:20002000	PARAM
ram:0006b708	ram:20001f53	READ
ram:0006b70c	ram:20001f53	WRITE
ram:0006b710	ram:0006b71c	CONDITIONAL_JUMP
ram:0006b712	ram:0006b4e8	CONDITIONAL_JUMP
ram:0006b716	ram:000473d4	UNCONDITIONAL_CALL
ram:0006b71a	ram:0006b4e8	UNCONDITIONAL_JUMP
ram:0006b71c	ram:0006b4e8	CONDITIONAL_JUMP
ram:0006b724	ram:20001f20	READ
ram:0006b72c	ram:0006b732	CONDITIONAL_JUMP
ram:0006b730	ram:0006b54c	UNCONDITIONAL_JUMP
ram:0006b736	ram:20001f53	WRITE
ram:0006b73a	ram:0006b4e8	UNCONDITIONAL_JUMP
ram:0006b740	ram:0006b75e	CONDITIONAL_JUMP
ram:0006b748	ram:0006b4ea	CONDITIONAL_JUMP
ram:0006b756	ram:000451b2	UNCONDITIONAL_CALL
ram:0006b75c	ram:0006b4ea	UNCONDITIONAL_JUMP
ram:0006b760	ram:0006b4ea	UNCONDITIONAL_JUMP
ram:0006b766	ram:0006b778	CONDITIONAL_JUMP
ram:0006b76e	ram:0006b77a	CONDITIONAL_JUMP
ram:0006b776	ram:0006b756	UNCONDITIONAL_JUMP
ram:0006b77e	ram:00052536	UNCONDITIONAL_JUMP
ram:0006b794	ram:200001dc	COMPUTED_CALL
ram:0006b7a0	ram:000442de	UNCONDITIONAL_CALL
ram:0006b7aa	ram:000525e8	UNCONDITIONAL_CALL
ram:0006b7b6	ram:000525f0	UNCONDITIONAL_JUMP
ram:0006b7ba	ram:000525ec	UNCONDITIONAL_JUMP
ram:0006b7c2	ram:00052552	UNCONDITIONAL_CALL
ram:0006b7cc	ram:0004df14	UNCONDITIONAL_CALL
ram:0006b7d0	ram:0006b7e2	CONDITIONAL_JUMP
ram:0006b7de	ram:00045118	UNCONDITIONAL_CALL
ram:0006b7ea	ram:00052592	UNCONDITIONAL_JUMP
ram:0006b7ee	ram:000525fc	UNCONDITIONAL_JUMP
ram:0006b7f2	ram:00052556	UNCONDITIONAL_JUMP
ram:0006b7f6	ram:00052600	UNCONDITIONAL_JUMP
ram:0006b7fa	ram:00052640	UNCONDITIONAL_JUMP
ram:0006b802	ram:000604ba	UNCONDITIONAL_CALL
ram:0006b80a	ram:0004c9e0	PARAM
ram:0006b80e	ram:000426a0	UNCONDITIONAL_CALL
ram:0006b812	ram:0004c892	UNCONDITIONAL_CALL
ram:0006b81a	ram:00045266	PARAM
ram:0006b81e	ram:000426a0	UNCONDITIONAL_CALL
ram:0006b822	ram:0004521e	UNCONDITIONAL_CALL
ram:0006b82a	ram:0004920a	PARAM
ram:0006b82e	ram:000426a0	UNCONDITIONAL_CALL
ram:0006b832	ram:000491d8	UNCONDITIONAL_CALL
ram:0006b83a	ram:0004f44a	PARAM
ram:0006b83e	ram:000426a0	UNCONDITIONAL_CALL
ram:0006b842	ram:0004f5a8	UNCONDITIONAL_CALL
ram:0006b84a	ram:0006a822	PARAM
ram:0006b84e	ram:000426a0	UNCONDITIONAL_CALL
ram:0006b852	ram:00069e18	UNCONDITIONAL_CALL
ram:0006b85a	ram:0004bf0c	PARAM
ram:0006b85e	ram:000426a0	UNCONDITIONAL_CALL
ram:0006b862	ram:0004bece	UNCONDITIONAL_CALL
ram:0006b86a	ram:0006aadc	UNCONDITIONAL_CALL
ram:0006b872	ram:000558e4	UNCONDITIONAL_CALL
ram:0006b87a	ram:0004c9e0	PARAM
ram:0006b87e	ram:000426a0	UNCONDITIONAL_CALL
ram:0006b882	ram:0004c892	UNCONDITIONAL_CALL
ram:0006b88a	ram:00045266	PARAM
ram:0006b88e	ram:000426a0	UNCONDITIONAL_CALL
ram:0006b892	ram:0004521e	UNCONDITIONAL_CALL
ram:0006b89a	ram:0004920a	PARAM
ram:0006b89e	ram:000426a0	UNCONDITIONAL_CALL
ram:0006b8a2	ram:000491d8	UNCONDITIONAL_CALL
ram:0006b8aa	ram:0004f44a	PARAM
ram:0006b8ae	ram:000426a0	UNCONDITIONAL_CALL
ram:0006b8b2	ram:0004f5a8	UNCONDITIONAL_CALL
ram:0006b8ba	ram:0006a822	PARAM
ram:0006b8be	ram:000426a0	UNCONDITIONAL_CALL
ram:0006b8c2	ram:00069e18	UNCONDITIONAL_CALL
ram:0006b8ca	ram:0004bf0c	PARAM
ram:0006b8ce	ram:000426a0	UNCONDITIONAL_CALL
ram:0006b8d2	ram:0004bece	UNCONDITIONAL_CALL
ram:0006b8da	ram:00068680	UNCONDITIONAL_CALL
ram:0006b8e2	ram:0006179c	UNCONDITIONAL_CALL
ram:0006b8ea	ram:0004c9e0	PARAM
ram:0006b8ee	ram:000426a0	UNCONDITIONAL_CALL
ram:0006b8f2	ram:0004c892	UNCONDITIONAL_CALL
ram:0006b8fa	ram:00045266	PARAM
ram:0006b8fe	ram:000426a0	UNCONDITIONAL_CALL
ram:0006b902	ram:0004521e	UNCONDITIONAL_CALL
ram:0006b90a	ram:0004920a	PARAM
ram:0006b90e	ram:000426a0	UNCONDITIONAL_CALL
ram:0006b912	ram:000491d8	UNCONDITIONAL_CALL
ram:0006b91a	ram:0004f44a	PARAM
ram:0006b91e	ram:000426a0	UNCONDITIONAL_CALL
ram:0006b922	ram:0004f5a8	UNCONDITIONAL_CALL
ram:0006b92a	ram:0006a822	PARAM
ram:0006b92e	ram:000426a0	UNCONDITIONAL_CALL
ram:0006b932	ram:00069e18	UNCONDITIONAL_CALL
ram:0006b93a	ram:0004bf0c	PARAM
ram:0006b93e	ram:000426a0	UNCONDITIONAL_CALL
ram:0006b942	ram:0004bece	UNCONDITIONAL_CALL
ram:0006b94a	ram:0006b1a8	UNCONDITIONAL_CALL
ram:0006b952	ram:0005a9b4	UNCONDITIONAL_CALL
ram:0006b95a	ram:200019cc	READ
ram:0006b968	ram:0006b9cc	CONDITIONAL_JUMP
ram:0006b970	ram:0004c9e0	PARAM
ram:0006b974	ram:000426a0	UNCONDITIONAL_CALL
ram:0006b978	ram:0004c892	UNCONDITIONAL_CALL
ram:0006b980	ram:00045266	PARAM
ram:0006b984	ram:000426a0	UNCONDITIONAL_CALL
ram:0006b988	ram:0004521e	UNCONDITIONAL_CALL
ram:0006b990	ram:0004920a	PARAM
ram:0006b994	ram:000426a0	UNCONDITIONAL_CALL
ram:0006b998	ram:000491d8	UNCONDITIONAL_CALL
ram:0006b9a0	ram:0004f44a	PARAM
ram:0006b9a4	ram:000426a0	UNCONDITIONAL_CALL
ram:0006b9a8	ram:0004f5a8	UNCONDITIONAL_CALL
ram:0006b9b0	ram:0006a822	PARAM
ram:0006b9b4	ram:000426a0	UNCONDITIONAL_CALL
ram:0006b9b8	ram:00069e18	UNCONDITIONAL_CALL
ram:0006b9c0	ram:0004bf0c	PARAM
ram:0006b9c4	ram:000426a0	UNCONDITIONAL_CALL
ram:0006b9c8	ram:0004bece	UNCONDITIONAL_CALL
ram:0006b9d0	ram:000689a2	UNCONDITIONAL_CALL
ram:0006b9dc	ram:20000000	PARAM
ram:0006b9e4	ram:20000000	WRITE
ram:0006b9e4	ram:20000400	DATA
ram:0006b9ee	ram:20000004	WRITE
ram:0006b9ee	ram:20000fa4	DATA
ram:0006b9f4	ram:200014ae	PARAM
ram:0006ba04	ram:20000008	WRITE
ram:0006ba04	ram:200014ae	DATA
ram:0006ba06	ram:200018b8	PARAM
ram:0006ba0a	ram:20000040	PARAM
ram:0006ba0e	ram:000402b0	PARAM
ram:0006ba16	ram:20000010	COMPUTED_CALL
ram:0006ba26	ram:200019d0	PARAM
ram:0006ba2a	ram:200018b8	PARAM
ram:0006ba2e	ram:0006c668	PARAM
ram:0006ba36	ram:20000010	COMPUTED_CALL
ram:0006ba42	ram:20000022	COMPUTED_JUMP
ram:0006ba5a	ram:00040280	DATA
ram:0006ba6a	ram:20000040	PARAM
ram:0006ba6e	ram:0006ba86	CONDITIONAL_JUMP
ram:0006ba72	ram:00040280	READ
ram:0006ba72	ram:00040284	READ
ram:0006ba76	ram:20000010	WRITE
ram:0006ba76	ram:20000014	WRITE
ram:0006ba7a	ram:00040288	PARAM
ram:0006ba7c	ram:20000018	PARAM
ram:0006ba7e	ram:0006ba72	CONDITIONAL_JUMP
ram:0006ba82	ram:0006b9d4	UNCONDITIONAL_CALL
ram:0006ba8a	ram:0006baa6	CONDITIONAL_JUMP
ram:0006ba92	ram:0006baa8	CONDITIONAL_JUMP
ram:0006bab4	ram:0006baa6	UNCONDITIONAL_JUMP
ram:0006bab6	ram:0006bad2	CONDITIONAL_JUMP
ram:0006babe	ram:0006bad4	CONDITIONAL_JUMP
ram:0006bae0	ram:0006bad2	UNCONDITIONAL_JUMP
ram:0006baea	ram:0006bc44	CONDITIONAL_JUMP
ram:0006baee	ram:0006bba0	CONDITIONAL_JUMP
ram:0006baf4	ram:0006bcb0	CONDITIONAL_JUMP
ram:0006bafc	ram:0006be42	CONDITIONAL_JUMP
ram:0006bb10	ram:0006c530	DATA
ram:0006bb1c	ram:0006bb32	CONDITIONAL_JUMP
ram:0006bb52	ram:0006bb66	CONDITIONAL_JUMP
ram:0006bb5c	ram:0006bb64	CONDITIONAL_JUMP
ram:0006bb60	ram:0006be6e	CONDITIONAL_JUMP
ram:0006bb82	ram:0006bb98	CONDITIONAL_JUMP
ram:0006bb8c	ram:0006bb96	CONDITIONAL_JUMP
ram:0006bb92	ram:0006bb98	CONDITIONAL_JUMP
ram:0006bba0	ram:0006bba8	CONDITIONAL_JUMP
ram:0006bbaa	ram:0006bc9e	CONDITIONAL_JUMP
ram:0006bbb2	ram:0006be4a	CONDITIONAL_JUMP
ram:0006bbc6	ram:0006c62f	READ
ram:0006bbc6	ram:0007c52f	READ
ram:0006bbc6	ram:0106c52f	READ
ram:0006bbc6	ram:0006c52f	READ
ram:0006bbc6	ram:0006c530	DATA
ram:0006bbd2	ram:0006bcc2	CONDITIONAL_JUMP
ram:0006bbfa	ram:0006bc0e	CONDITIONAL_JUMP
ram:0006bc04	ram:0006bc0c	CONDITIONAL_JUMP
ram:0006bc08	ram:0006be74	CONDITIONAL_JUMP
ram:0006bc28	ram:0006bc3e	CONDITIONAL_JUMP
ram:0006bc32	ram:0006bc3c	CONDITIONAL_JUMP
ram:0006bc38	ram:0006bc3e	CONDITIONAL_JUMP
ram:0006bc44	ram:0006bc88	CONDITIONAL_JUMP
ram:0006bc4a	ram:0006bc8e	CONDITIONAL_JUMP
ram:0006bc52	ram:0006be3a	CONDITIONAL_JUMP
ram:0006bc66	ram:0006c530	DATA
ram:0006bc74	ram:0006bd48	CONDITIONAL_JUMP
ram:0006bc78	ram:0006be52	CONDITIONAL_JUMP
ram:0006bc92	ram:0006be58	CONDITIONAL_JUMP
ram:0006bc9c	ram:0006bc5c	UNCONDITIONAL_JUMP
ram:0006bca4	ram:0006bbbc	CONDITIONAL_JUMP
ram:0006bcae	ram:0006bbbc	UNCONDITIONAL_JUMP
ram:0006bcb6	ram:0006bb06	CONDITIONAL_JUMP
ram:0006bcc0	ram:0006bb06	UNCONDITIONAL_JUMP
ram:0006bcf8	ram:0006bd0e	CONDITIONAL_JUMP
ram:0006bd02	ram:0006be6a	CONDITIONAL_JUMP
ram:0006bd06	ram:0006be6a	CONDITIONAL_JUMP
ram:0006bd28	ram:0006bd3e	CONDITIONAL_JUMP
ram:0006bd32	ram:0006be62	CONDITIONAL_JUMP
ram:0006bd36	ram:0006be62	CONDITIONAL_JUMP
ram:0006bd46	ram:0006bbe6	UNCONDITIONAL_JUMP
ram:0006bd88	ram:0006bd9e	CONDITIONAL_JUMP
ram:0006bd92	ram:0006be66	CONDITIONAL_JUMP
ram:0006bd96	ram:0006be66	CONDITIONAL_JUMP
ram:0006bdba	ram:0006bdd0	CONDITIONAL_JUMP
ram:0006bdc4	ram:0006be5e	CONDITIONAL_JUMP
ram:0006bdc8	ram:0006be5e	CONDITIONAL_JUMP
ram:0006be02	ram:0006be08	CONDITIONAL_JUMP
ram:0006be0e	ram:0006be32	CONDITIONAL_JUMP
ram:0006be12	ram:0006be1c	CONDITIONAL_JUMP
ram:0006be2e	ram:0006be16	CONDITIONAL_JUMP
ram:0006be40	ram:0006bc5c	UNCONDITIONAL_JUMP
ram:0006be48	ram:0006bb06	UNCONDITIONAL_JUMP
ram:0006be50	ram:0006bbbc	UNCONDITIONAL_JUMP
ram:0006be5c	ram:0006bc5c	UNCONDITIONAL_JUMP
ram:0006be60	ram:0006bdd0	UNCONDITIONAL_JUMP
ram:0006be64	ram:0006bd3e	UNCONDITIONAL_JUMP
ram:0006be68	ram:0006bd9e	UNCONDITIONAL_JUMP
ram:0006be6c	ram:0006bd0e	UNCONDITIONAL_JUMP
ram:0006be72	ram:0006bb66	UNCONDITIONAL_JUMP
ram:0006be78	ram:0006bc0e	UNCONDITIONAL_JUMP
ram:0006be84	ram:0006be8c	CONDITIONAL_JUMP
ram:0006be88	ram:0006bea4	CONDITIONAL_JUMP
ram:0006be8e	ram:0006bf2e	CONDITIONAL_JUMP
ram:0006be9e	ram:0006be92	CONDITIONAL_JUMP
ram:0006beaa	ram:0006bebe	CONDITIONAL_JUMP
ram:0006bebc	ram:0006beaa	UNCONDITIONAL_JUMP
ram:0006bec6	ram:0006bf26	CONDITIONAL_JUMP
ram:0006bf1a	ram:0006bec6	UNCONDITIONAL_JUMP
ram:0006bf26	ram:0006bf1c	CONDITIONAL_JUMP
ram:0006bf2a	ram:0006be92	CONDITIONAL_JUMP
ram:20000020	ram:20000010	UNCONDITIONAL_CALL
ram:20000032	ram:20000038	CONDITIONAL_JUMP
ram:20000038	ram:200019d0	WRITE
ram:2000003e	ram:20000032	UNCONDITIONAL_JUMP
ram:20000040	ram:200000fe	CONDITIONAL_JUMP
ram:20000046	ram:20000102	CONDITIONAL_JUMP
ram:20000058	ram:20000090	CONDITIONAL_JUMP
ram:20000060	ram:20001b5c	READ
ram:20000068	ram:20001b54	READ
ram:2000006c	ram:2000009a	CONDITIONAL_JUMP
ram:20000074	ram:20001bec	READ
ram:2000007a	ram:20000102	CONDITIONAL_JUMP
ram:20000094	ram:20001b58	READ
ram:20000098	ram:20000064	UNCONDITIONAL_JUMP
ram:2000009e	ram:200000fa	CONDITIONAL_JUMP
ram:200000a4	ram:200000fa	CONDITIONAL_JUMP
ram:200000b6	ram:200000e6	CONDITIONAL_JUMP
ram:200000be	ram:20001b6a	READ
ram:200000e2	ram:20001b6a	WRITE
ram:200000ea	ram:20001b6a	READ
ram:200000f4	ram:20001b6a	WRITE
ram:200000fc	ram:2000006c	UNCONDITIONAL_JUMP
ram:20000104	ram:2000011e	CONDITIONAL_JUMP
ram:2000010a	ram:20001b5c	READ
ram:20000112	ram:20001b54	READ
ram:2000011a	ram:20000120	CONDITIONAL_JUMP
ram:20000124	ram:200001d6	CONDITIONAL_JUMP
ram:20000128	ram:200001d6	CONDITIONAL_JUMP
ram:20000130	ram:2000011e	CONDITIONAL_JUMP
ram:2000013c	ram:2000014e	CONDITIONAL_JUMP
ram:20000144	ram:20001a64	READ
ram:2000014a	ram:20001a64	WRITE
ram:2000015a	ram:20001b6a	READ
ram:2000016c	ram:20001b6a	WRITE
ram:20000170	ram:2000019e	CONDITIONAL_JUMP
ram:20000178	ram:20001b58	READ
ram:2000017c	ram:2000019e	CONDITIONAL_JUMP
ram:20000184	ram:2000019e	CONDITIONAL_JUMP
ram:20000198	ram:20001b6a	WRITE
ram:200001a0	ram:2000011e	CONDITIONAL_JUMP
ram:200001a8	ram:20001b58	READ
ram:200001ac	ram:2000011e	CONDITIONAL_JUMP
ram:200001b4	ram:2000011e	CONDITIONAL_JUMP
ram:200001ca	ram:20001b6a	READ
ram:200001d0	ram:20001b6a	WRITE
ram:200001da	ram:2000011a	UNCONDITIONAL_JUMP
ram:200001dc	ram:200001fa	CONDITIONAL_JUMP
ram:200001de	ram:200001fa	CONDITIONAL_JUMP
ram:200001e0	ram:200001fa	CONDITIONAL_JUMP
ram:200001f6	ram:200001e4	CONDITIONAL_JUMP
ram:20000214	ram:20000224	CONDITIONAL_JUMP
ram:20000216	ram:20000224	CONDITIONAL_JUMP
ram:20000220	ram:2000021a	CONDITIONAL_JUMP
ram:20000230	ram:20000236	CONDITIONAL_JUMP
ram:20000238	ram:20000228	UNCONDITIONAL_JUMP
ram:20000252	ram:20000040	UNCONDITIONAL_CALL
ram:20000256	ram:2000025e	CONDITIONAL_JUMP
ram:2000025c	ram:200001dc	UNCONDITIONAL_CALL
ram:2000026c	ram:20000290	CONDITIONAL_JUMP
ram:2000026e	ram:20000290	CONDITIONAL_JUMP
ram:20000270	ram:20000290	CONDITIONAL_JUMP
ram:20000284	ram:20000294	CONDITIONAL_JUMP
ram:2000028a	ram:20000274	CONDITIONAL_JUMP
ram:20000296	ram:20000290	UNCONDITIONAL_JUMP
ram:200002b8	ram:200002d0	CONDITIONAL_JUMP
ram:200002ba	ram:200002d4	CONDITIONAL_JUMP
ram:200002c4	ram:200002d2	CONDITIONAL_JUMP
ram:200002c8	ram:200002be	CONDITIONAL_JUMP
ram:200002e0	ram:20001bb8	READ
ram:200002f4	ram:2000039e	CONDITIONAL_JUMP
ram:2000031c	ram:2000033a	CONDITIONAL_JUMP
ram:20000320	ram:20000334	CONDITIONAL_JUMP
ram:20000324	ram:20001bb8	WRITE
ram:2000032e	ram:20000104	UNCONDITIONAL_CALL
ram:20000332	ram:20000388	UNCONDITIONAL_JUMP
ram:20000338	ram:20000328	UNCONDITIONAL_JUMP
ram:2000033a	ram:20001c00	READ
ram:20000340	ram:20001bd2	READ
ram:20000346	ram:200003b6	CONDITIONAL_JUMP
ram:2000034e	ram:200003d2	CONDITIONAL_JUMP
ram:20000352	ram:20001b74	WRITE
ram:20000362	ram:00042138	COMPUTED_CALL
ram:2000036a	ram:200003c2	CONDITIONAL_JUMP
ram:20000370	ram:20001bd2	READ
ram:20000374	ram:20000382	CONDITIONAL_JUMP
ram:20000378	ram:20000382	CONDITIONAL_JUMP
ram:20000388	ram:20000318	CONDITIONAL_JUMP
ram:20000392	ram:20001b74	READ
ram:20000396	ram:200003fa	CONDITIONAL_JUMP
ram:2000039c	ram:20001b74	WRITE
ram:200003b6	ram:2000034a	CONDITIONAL_JUMP
ram:200003c0	ram:2000034e	UNCONDITIONAL_JUMP
ram:200003c2	ram:200003cc	CONDITIONAL_JUMP
ram:200003c6	ram:20001bb8	WRITE
ram:200003ca	ram:20000328	UNCONDITIONAL_JUMP
ram:200003d0	ram:20000328	UNCONDITIONAL_JUMP
ram:200003d2	ram:20001be0	READ
ram:200003d6	ram:200003ec	CONDITIONAL_JUMP
ram:200003d8	ram:200003f2	CONDITIONAL_JUMP
ram:200003e0	ram:20001b74	READ
ram:200003e4	ram:200003ec	CONDITIONAL_JUMP
ram:200003e8	ram:20001b74	WRITE
ram:200003f0	ram:20000388	UNCONDITIONAL_JUMP
ram:200003f2	ram:200003dc	CONDITIONAL_JUMP
ram:200003f8	ram:200003dc	UNCONDITIONAL_JUMP
ram:200003fa	ram:20001b74	WRITE
ram:200003fe	ram:2000039e	UNCONDITIONAL_JUMP
ram:20000408	ram:20001b94	READ
ram:20000418	Stack[-0x20]	DATA
ram:2000041a	ram:20000422	CONDITIONAL_JUMP
ram:2000041e	ram:20001b94	WRITE
ram:20000426	ram:20001b98	READ
ram:20000430	ram:20000434	CONDITIONAL_JUMP
ram:20000434	ram:20001b94	READ
ram:20000438	ram:200005b8	CONDITIONAL_JUMP
ram:20000444	ram:20001e99	READ
ram:2000044e	ram:20000470	CONDITIONAL_JUMP
ram:20000450	ram:20001e9b	READ
ram:20000454	ram:20001e99	WRITE
ram:2000045a	ram:20000470	CONDITIONAL_JUMP
ram:2000045e	ram:200010ec	UNCONDITIONAL_CALL
ram:20000462	ram:20001e9b	READ
ram:2000046c	ram:20001b94	DATA
ram:20000478	ram:20001ee0	READ
ram:20000482	ram:20000488	CONDITIONAL_JUMP
ram:20000484	ram:200017f0	UNCONDITIONAL_CALL
ram:20000488	ram:20001b9c	READ
ram:2000048a	ram:2000048e	CONDITIONAL_JUMP
ram:2000049a	ram:20001bb4	READ
ram:2000049e	ram:20001b65	READ
ram:200004a6	ram:20001b64	READ
ram:200004b4	ram:20000544	CONDITIONAL_JUMP
ram:200004b6	ram:20001b64	READ
ram:200004ba	ram:20000554	CONDITIONAL_JUMP
ram:200004be	ram:20001b94	READ
ram:200004c2	ram:20001b64	WRITE
ram:200004c6	ram:200005b8	CONDITIONAL_JUMP
ram:200004c8	ram:20001e9d	READ
ram:200004cc	ram:200004e0	CONDITIONAL_JUMP
ram:200004ce	ram:20001e9b	READ
ram:200004d2	ram:200004e0	CONDITIONAL_JUMP
ram:200004d4	ram:20001e9d	WRITE
ram:200004dc	ram:000621c8	COMPUTED_CALL
ram:200004e4	ram:20001c00	READ
ram:200004e8	ram:200005b8	CONDITIONAL_JUMP
ram:200004ee	ram:20001b74	WRITE
ram:200004f2	ram:200002d6	UNCONDITIONAL_CALL
ram:200004fc	ram:20001be0	READ
ram:200004fe	ram:200005b8	CONDITIONAL_JUMP
ram:20000500	ram:20001bd1	READ
ram:20000504	ram:20001b74	READ
ram:20000508	ram:200005b8	CONDITIONAL_JUMP
ram:2000050c	ram:20001e9b	READ
ram:20000512	ram:200005b8	CONDITIONAL_JUMP
ram:20000516	ram:20001ee0	READ
ram:2000051c	ram:200005b8	CONDITIONAL_JUMP
ram:2000051e	ram:20001b65	READ
ram:20000522	ram:20001bb4	READ
ram:20000526	ram:200005cc	CONDITIONAL_JUMP
ram:20000538	Stack[-0x20]	DATA
ram:20000540	ram:00041efc	COMPUTED_JUMP
ram:2000054a	ram:20001b64	WRITE
ram:2000054e	ram:200004a6	CONDITIONAL_JUMP
ram:20000552	ram:200004b6	UNCONDITIONAL_JUMP
ram:20000560	ram:20001b64	READ
ram:20000568	ram:20001b90	READ
ram:20000578	ram:20001bb0	WRITE
ram:2000057e	ram:20001bb0	READ
ram:20000582	ram:20001b64	READ
ram:20000590	ram:20001bb4	READ
ram:200005a0	ram:20001b64	READ
ram:200005a4	ram:200005ac	CONDITIONAL_JUMP
ram:200005a8	ram:20001b64	WRITE
ram:200005ac	ram:20001b64	READ
ram:200005b0	ram:20001b65	READ
ram:200005b4	ram:200004be	CONDITIONAL_JUMP
ram:200005c6	Stack[-0x20]	DATA
ram:200005d6	ram:200005b8	CONDITIONAL_JUMP
ram:200005da	ram:20000526	UNCONDITIONAL_JUMP
ram:200005e4	ram:4000c20c	WRITE
ram:200005f4	ram:20001b80	READ
ram:200005f6	ram:4000c268	READ
ram:20000606	ram:4000c20c	WRITE
ram:20000614	ram:40001038	READ
ram:20000618	ram:40001038	READ
ram:2000061c	ram:20000614	CONDITIONAL_JUMP
ram:20000918	ram:20000924	CONDITIONAL_JUMP
ram:2000093a	ram:0006ba8a	COMPUTED_CALL
ram:20000940	ram:2000096c	CONDITIONAL_JUMP
ram:2000095c	ram:0006ba8a	COMPUTED_CALL
ram:20000962	ram:2000098e	CONDITIONAL_JUMP
ram:20000964	ram:20000986	CONDITIONAL_JUMP
ram:20000990	ram:20000952	CONDITIONAL_JUMP
ram:20000994	ram:2000096c	UNCONDITIONAL_JUMP
ram:20000c08	ram:20001e1c	READ
ram:20000c1c	ram:20000c40	CONDITIONAL_JUMP
ram:20000c28	ram:20000c30	CONDITIONAL_JUMP
ram:20000c2e	ram:20000c1c	UNCONDITIONAL_JUMP
ram:20000c38	ram:2000026a	UNCONDITIONAL_CALL
ram:20000c3c	ram:20000c2c	CONDITIONAL_JUMP
ram:20000c52	ram:20002000	PARAM
ram:20000c58	ram:20001e1c	READ
ram:20000c5e	Stack[-0x10]	DATA
ram:20000c68	ram:20000c78	CONDITIONAL_JUMP
ram:20000c72	Stack[-0x10]	DATA
ram:20000c82	ram:0005d6c6	COMPUTED_CALL
ram:20000c86	ram:20000c6a	CONDITIONAL_JUMP
ram:20000c8c	ram:20000c68	UNCONDITIONAL_JUMP
ram:20000c90	ram:20002000	PARAM
ram:20000c96	ram:20001e1c	READ
ram:20000ca6	ram:20000cb6	CONDITIONAL_JUMP
ram:20000cc0	ram:0005d6c6	COMPUTED_CALL
ram:20000cc4	ram:20000ca8	CONDITIONAL_JUMP
ram:20000cca	ram:20000ca6	UNCONDITIONAL_JUMP
ram:20000ce8	ram:20000cf0	CONDITIONAL_JUMP
ram:20000cee	ram:20000d3e	UNCONDITIONAL_JUMP
ram:20000cf8	ram:20000d4e	CONDITIONAL_JUMP
ram:20000d00	ram:20000d08	CONDITIONAL_JUMP
ram:20000d06	ram:20000ce6	UNCONDITIONAL_JUMP
ram:20000d10	ram:20000d04	CONDITIONAL_JUMP
ram:20000d1c	ram:2000026a	UNCONDITIONAL_CALL
ram:20000d20	ram:20000d04	CONDITIONAL_JUMP
ram:20000d2c	ram:20000d04	CONDITIONAL_JUMP
ram:20000d38	ram:20000d04	CONDITIONAL_JUMP
ram:20000d4e	ram:20000d04	CONDITIONAL_JUMP
ram:20000d5a	ram:20000d04	CONDITIONAL_JUMP
ram:20000d66	ram:2000026a	UNCONDITIONAL_CALL
ram:20000d6a	ram:20000d04	CONDITIONAL_JUMP
ram:20000d6e	ram:20000d3c	UNCONDITIONAL_JUMP
ram:20000d78	ram:20001e14	READ
ram:20000d86	ram:20000d94	CONDITIONAL_JUMP
ram:20000d9e	ram:20000da6	CONDITIONAL_JUMP
ram:20000da4	ram:20000d86	UNCONDITIONAL_JUMP
ram:20000db0	ram:2000026a	UNCONDITIONAL_CALL
ram:20000db4	ram:20000da2	CONDITIONAL_JUMP
ram:20000dba	ram:20000d8a	UNCONDITIONAL_JUMP
ram:20000dc4	ram:20001eb0	READ
ram:20000ddc	ram:0006219c	COMPUTED_CALL
ram:20000de0	ram:20001eb0	READ
ram:20000df0	ram:20001e84	READ
ram:20000f04	ram:20001e84	READ
ram:20000f0c	ram:20000fa0	CONDITIONAL_JUMP
ram:20000f16	ram:20001e84	READ
ram:20000f22	ram:20001e84	READ
ram:20000f2e	ram:20001e84	READ
ram:20000f3a	ram:20001e84	READ
ram:20000fa2	ram:20000f04	UNCONDITIONAL_JUMP
ram:20000fa4	ram:20002000	PARAM
ram:20000fa8	ram:20001e88	READ
ram:20000fc4	ram:2000103e	CONDITIONAL_JUMP
ram:20000fda	ram:20001e9a	READ
ram:20000fe2	ram:20000ff4	CONDITIONAL_JUMP
ram:20000fe6	ram:20001e84	READ
ram:20000ff0	ram:20001e9a	WRITE
ram:20000ff4	ram:20001e94	READ
ram:20000ffc	ram:20001016	CONDITIONAL_JUMP
ram:20001002	ram:20001c00	READ
ram:20001008	ram:20001ea4	WRITE
ram:2000100a	ram:20001e94	READ
ram:20001012	ram:20001e94	WRITE
ram:20001016	ram:20001e98	READ
ram:2000101e	ram:2000103e	CONDITIONAL_JUMP
ram:20001022	ram:20001e99	WRITE
ram:2000102a	ram:20001eb0	READ
ram:20001036	ram:20001e98	WRITE
ram:2000103a	ram:20001ea0	READ
ram:2000103e	ram:20001e88	READ
ram:20001048	ram:2000105e	CONDITIONAL_JUMP
ram:2000105a	ram:20001e98	WRITE
ram:20001064	ram:2000107c	CONDITIONAL_JUMP
ram:20001078	ram:20001e98	WRITE
ram:2000107c	ram:20001e84	READ
ram:20001086	ram:20001094	CONDITIONAL_JUMP
ram:200010c2	Stack[-0x40]	DATA
ram:200010c4	ram:20000fa4	UNCONDITIONAL_CALL
ram:200010e4	Stack[-0x40]	DATA
ram:200010f4	ram:20001eb0	READ
ram:200010fc	ram:20001e94	READ
ram:20001102	ram:2000110e	CONDITIONAL_JUMP
ram:20001104	ram:20001e98	WRITE
ram:20001108	ram:20001e99	WRITE
ram:2000110e	ram:20001e95	READ
ram:20001114	ram:20001104	CONDITIONAL_JUMP
ram:20001118	ram:200010fc	CONDITIONAL_JUMP
ram:2000111a	ram:20001e99	READ
ram:2000111e	ram:20001108	UNCONDITIONAL_JUMP
ram:200011ca	ram:20001eb0	READ
ram:200011ce	ram:2000125c	CONDITIONAL_JUMP
ram:200011d4	ram:200011d2	CONDITIONAL_JUMP
ram:200011e2	ram:20001e96	WRITE
ram:200011ea	ram:00061f0a	COMPUTED_CALL
ram:200011f2	ram:20001e88	READ
ram:20001206	ram:20001eb0	READ
ram:2000120a	ram:20001e99	WRITE
ram:2000120e	ram:20001e95	WRITE
ram:2000121a	ram:e000ed10	READ
ram:20001220	ram:e000ed10	WRITE
ram:20001224	ram:e000ed10	READ
ram:2000122a	ram:e000ed10	WRITE
ram:20001232	ram:20001eb0	READ
ram:2000123e	ram:20001e96	READ
ram:20001244	ram:20001252	CONDITIONAL_JUMP
ram:20001246	ram:20001e97	READ
ram:2000124c	ram:200012da	CONDITIONAL_JUMP
ram:2000124e	ram:20001e98	WRITE
ram:2000125e	ram:2000127c	CONDITIONAL_JUMP
ram:20001266	ram:20001e88	READ
ram:2000127a	ram:20001232	UNCONDITIONAL_JUMP
ram:2000127e	ram:20001232	CONDITIONAL_JUMP
ram:2000128c	ram:20001eb0	READ
ram:200012a0	ram:20001e98	WRITE
ram:200012a8	ram:20001e88	READ
ram:200012b4	ram:200012c6	CONDITIONAL_JUMP
ram:200012c4	ram:20001232	UNCONDITIONAL_JUMP
ram:200012cc	ram:200012d4	CONDITIONAL_JUMP
ram:200012d2	ram:200012bc	UNCONDITIONAL_JUMP
ram:200012d8	ram:200012bc	UNCONDITIONAL_JUMP
ram:200012dc	ram:2000123e	CONDITIONAL_JUMP
ram:200012de	ram:20001252	UNCONDITIONAL_JUMP
ram:200012e8	ram:20001e88	READ
ram:2000130a	ram:20001efc	READ
ram:20001320	ram:20001eb0	READ
ram:20001332	ram:20000214	UNCONDITIONAL_CALL
ram:2000133a	ram:0006219c	COMPUTED_CALL
ram:20001342	ram:00062262	COMPUTED_CALL
ram:20001346	ram:20001e88	READ
ram:2000139e	ram:20001efc	READ
ram:200013ae	ram:20001eb0	READ
ram:200013d2	ram:20001492	CONDITIONAL_JUMP
ram:200013d4	ram:20001e88	READ
ram:200013d8	ram:20001efc	READ
ram:20001410	ram:20001eb0	READ
ram:2000141e	ram:2000144c	CONDITIONAL_JUMP
ram:20001434	ram:20001444	CONDITIONAL_JUMP
ram:20001450	ram:2000145c	CONDITIONAL_JUMP
ram:20001458	ram:20001416	CONDITIONAL_JUMP
ram:2000146c	ram:20001484	CONDITIONAL_JUMP
ram:20001486	ram:2000148c	CONDITIONAL_JUMP
ram:2000149a	ram:200013be	CONDITIONAL_JUMP
ram:200014b2	ram:20001eb0	READ
ram:200014bc	ram:200014e0	CONDITIONAL_JUMP
ram:200014c6	ram:200014e0	CONDITIONAL_JUMP
ram:200014d6	ram:20001b80	READ
ram:200014da	ram:20001b80	WRITE
ram:200014e6	ram:20001508	CONDITIONAL_JUMP
ram:200014f0	ram:20001e96	READ
ram:200014f8	ram:20001e96	WRITE
ram:20001500	ram:20001e98	WRITE
ram:2000150c	ram:20001526	CONDITIONAL_JUMP
ram:20001516	ram:20001e95	READ
ram:2000151e	ram:20001e95	WRITE
ram:2000152c	ram:20001536	CONDITIONAL_JUMP
ram:20001534	ram:2000158c	CONDITIONAL_JUMP
ram:20001544	ram:20001644	CONDITIONAL_JUMP
ram:20001548	ram:20001e88	READ
ram:20001552	ram:2000163e	CONDITIONAL_JUMP
ram:2000155a	ram:20001eac	READ
ram:20001564	ram:20001612	CONDITIONAL_JUMP
ram:20001566	ram:20001638	CONDITIONAL_JUMP
ram:2000156e	ram:20001e94	READ
ram:20001576	ram:20001e94	WRITE
ram:2000157e	ram:20001e88	READ
ram:2000158c	ram:20001eb0	READ
ram:20001596	ram:200015be	CONDITIONAL_JUMP
ram:200015a2	ram:20001dd4	READ
ram:200015ac	ram:20001658	CONDITIONAL_JUMP
ram:200015ae	ram:20001dd4	READ
ram:200015b6	ram:20001dd4	WRITE
ram:200015c4	ram:200015e6	CONDITIONAL_JUMP
ram:200015d0	ram:20001e98	READ
ram:200015d8	ram:200015e2	CONDITIONAL_JUMP
ram:200015de	ram:20001e98	WRITE
ram:200015ec	ram:20001610	CONDITIONAL_JUMP
ram:200015f8	ram:20001dd5	READ
ram:200015fe	ram:20001678	CONDITIONAL_JUMP
ram:20001600	ram:20001dd5	READ
ram:20001608	ram:20001dd5	WRITE
ram:20001612	ram:20001568	CONDITIONAL_JUMP
ram:20001616	ram:20001620	CONDITIONAL_JUMP
ram:2000161e	ram:2000156c	UNCONDITIONAL_JUMP
ram:20001622	ram:2000162c	CONDITIONAL_JUMP
ram:2000162a	ram:2000156c	UNCONDITIONAL_JUMP
ram:2000162e	ram:20001638	CONDITIONAL_JUMP
ram:20001636	ram:2000156c	UNCONDITIONAL_JUMP
ram:2000163c	ram:2000156c	UNCONDITIONAL_JUMP
ram:20001642	ram:2000156c	UNCONDITIONAL_JUMP
ram:20001648	ram:20001e97	READ
ram:20001650	ram:20001e97	WRITE
ram:20001656	ram:2000157c	UNCONDITIONAL_JUMP
ram:20001658	ram:20001dd4	READ
ram:20001660	ram:20001670	CONDITIONAL_JUMP
ram:20001664	ram:20001dd4	READ
ram:2000166c	ram:200015ba	CONDITIONAL_JUMP
ram:20001672	ram:20001dd4	WRITE
ram:20001676	ram:200015ba	UNCONDITIONAL_JUMP
ram:20001678	ram:20001dd5	READ
ram:2000167e	ram:2000160c	CONDITIONAL_JUMP
ram:20001680	ram:20001dd5	READ
ram:20001688	ram:20001608	UNCONDITIONAL_JUMP
ram:200016aa	Stack[-0x40]	DATA
ram:200016ac	ram:200014ae	UNCONDITIONAL_CALL
ram:200016cc	Stack[-0x40]	DATA
ram:200016e4	ram:20001ee1	READ
ram:200016e8	ram:20001ecf	READ
ram:200016ec	ram:20001ec8	READ
ram:200016f6	ram:20001eb5	WRITE
ram:200016fa	ram:20001ee1	WRITE
ram:20001700	ram:20001734	CONDITIONAL_JUMP
ram:20001702	ram:20001ee5	READ
ram:2000171c	ram:2000172e	CONDITIONAL_JUMP
ram:2000171e	ram:20001728	CONDITIONAL_JUMP
ram:20001722	ram:20001eb5	WRITE
ram:20001730	ram:20001712	CONDITIONAL_JUMP
ram:200017f4	ram:20001c00	READ
ram:200017fc	Stack[-0x10]	DATA
ram:2000180c	ram:20001edc	READ
ram:2000180e	ram:2000187e	CONDITIONAL_JUMP
ram:20001816	ram:20001bd2	READ
ram:2000181e	ram:2000186e	CONDITIONAL_JUMP
ram:2000182c	ram:20001ece	READ
ram:20001838	ram:2000187e	CONDITIONAL_JUMP
ram:2000183c	ram:200016d4	UNCONDITIONAL_CALL
ram:2000183e	ram:20001ece	READ
ram:20001842	ram:20001edc	READ
ram:2000184e	ram:20001edc	WRITE
ram:20001852	ram:2000183c	CONDITIONAL_JUMP
ram:20001858	ram:20001eb5	READ
ram:20001860	Stack[-0x10]	DATA
ram:2000186a	ram:00062784	COMPUTED_JUMP
ram:2000186e	ram:20001822	CONDITIONAL_JUMP
ram:2000187c	ram:20001824	UNCONDITIONAL_JUMP
ram:20001884	Stack[-0x10]	DATA
