address	name	type	source
ram:00040000	thunk_FUN_ram_0006ba46	Function	DEFAULT
ram:00040280	DAT_ram_00040280	Label	DEFAULT
ram:00040284	DAT_ram_00040284	Label	DEFAULT
ram:00040288	DAT_ram_00040288	Label	DEFAULT
ram:000402b0	FUN_ram_000402b0	Function	DEFAULT
ram:000402d4	LAB_ram_000402d4	Label	DEFAULT
ram:000402dc	LAB_ram_000402dc	Label	DEFAULT
ram:00040300	LAB_ram_00040300	Label	DEFAULT
ram:0004030a	LAB_ram_0004030a	Label	DEFAULT
ram:00040356	LAB_ram_00040356	Label	DEFAULT
ram:0004036a	LAB_ram_0004036a	Label	DEFAULT
ram:0004036e	LAB_ram_0004036e	Label	DEFAULT
ram:00040372	LAB_ram_00040372	Label	DEFAULT
ram:00040374	FUN_ram_00040374	Function	DEFAULT
ram:0004038a	LAB_ram_0004038a	Label	DEFAULT
ram:0004038e	LAB_ram_0004038e	Label	DEFAULT
ram:00040390	LAB_ram_00040390	Label	DEFAULT
ram:000403be	LAB_ram_000403be	Label	DEFAULT
ram:0004040e	LAB_ram_0004040e	Label	DEFAULT
ram:00040446	LAB_ram_00040446	Label	DEFAULT
ram:0004044c	FUN_ram_0004044c	Function	DEFAULT
ram:00040454	LAB_ram_00040454	Label	DEFAULT
ram:0004046a	LAB_ram_0004046a	Label	DEFAULT
ram:00040484	FUN_ram_00040484	Function	DEFAULT
ram:0004048a	LAB_ram_0004048a	Label	DEFAULT
ram:00040494	LAB_ram_00040494	Label	DEFAULT
ram:000404aa	FUN_ram_000404aa	Function	DEFAULT
ram:000404ce	LAB_ram_000404ce	Label	DEFAULT
ram:000404da	FUN_ram_000404da	Function	DEFAULT
ram:000404e4	LAB_ram_000404e4	Label	DEFAULT
ram:00040500	LAB_ram_00040500	Label	DEFAULT
ram:00040504	LAB_ram_00040504	Label	DEFAULT
ram:00040546	FUN_ram_00040546	Function	DEFAULT
ram:00040588	LAB_ram_00040588	Label	DEFAULT
ram:00040598	LAB_ram_00040598	Label	DEFAULT
ram:000405a4	LAB_ram_000405a4	Label	DEFAULT
ram:000405aa	LAB_ram_000405aa	Label	DEFAULT
ram:000405ba	LAB_ram_000405ba	Label	DEFAULT
ram:000405be	LAB_ram_000405be	Label	DEFAULT
ram:000405f2	LAB_ram_000405f2	Label	DEFAULT
ram:000405f8	LAB_ram_000405f8	Label	DEFAULT
ram:0004060e	LAB_ram_0004060e	Label	DEFAULT
ram:00040626	LAB_ram_00040626	Label	DEFAULT
ram:00040632	LAB_ram_00040632	Label	DEFAULT
ram:0004063c	LAB_ram_0004063c	Label	DEFAULT
ram:00040642	LAB_ram_00040642	Label	DEFAULT
ram:0004064c	LAB_ram_0004064c	Label	DEFAULT
ram:0004065c	LAB_ram_0004065c	Label	DEFAULT
ram:00040662	LAB_ram_00040662	Label	DEFAULT
ram:0004066a	LAB_ram_0004066a	Label	DEFAULT
ram:00040670	FUN_ram_00040670	Function	DEFAULT
ram:00040692	LAB_ram_00040692	Label	DEFAULT
ram:000406a4	LAB_ram_000406a4	Label	DEFAULT
ram:000406e0	LAB_ram_000406e0	Label	DEFAULT
ram:000406f8	LAB_ram_000406f8	Label	DEFAULT
ram:000406fe	LAB_ram_000406fe	Label	DEFAULT
ram:00040716	LAB_ram_00040716	Label	DEFAULT
ram:00040726	LAB_ram_00040726	Label	DEFAULT
ram:0004072e	LAB_ram_0004072e	Label	DEFAULT
ram:00040750	LAB_ram_00040750	Label	DEFAULT
ram:00040796	LAB_ram_00040796	Label	DEFAULT
ram:000407b4	LAB_ram_000407b4	Label	DEFAULT
ram:000407c4	LAB_ram_000407c4	Label	DEFAULT
ram:0004081c	LAB_ram_0004081c	Label	DEFAULT
ram:00040828	LAB_ram_00040828	Label	DEFAULT
ram:0004083c	LAB_ram_0004083c	Label	DEFAULT
ram:0004087e	FUN_ram_0004087e	Function	DEFAULT
ram:00040884	LAB_ram_00040884	Label	DEFAULT
ram:00040b60	FUN_ram_00040b60	Function	DEFAULT
ram:00040b94	LAB_ram_00040b94	Label	DEFAULT
ram:00040bc2	LAB_ram_00040bc2	Label	DEFAULT
ram:00040bdc	LAB_ram_00040bdc	Label	DEFAULT
ram:00040bf6	LAB_ram_00040bf6	Label	DEFAULT
ram:00040bfe	LAB_ram_00040bfe	Label	DEFAULT
ram:00040e70	FUN_ram_00040e70	Function	DEFAULT
ram:00040e8c	LAB_ram_00040e8c	Label	DEFAULT
ram:00040e9c	LAB_ram_00040e9c	Label	DEFAULT
ram:00040ea0	LAB_ram_00040ea0	Label	DEFAULT
ram:00040eb0	LAB_ram_00040eb0	Label	DEFAULT
ram:00040ec0	FUN_ram_00040ec0	Function	DEFAULT
ram:00040ed8	LAB_ram_00040ed8	Label	DEFAULT
ram:00040eda	LAB_ram_00040eda	Label	DEFAULT
ram:00040ee8	LAB_ram_00040ee8	Label	DEFAULT
ram:00040efe	FUN_ram_00040efe	Function	DEFAULT
ram:00040f16	LAB_ram_00040f16	Label	DEFAULT
ram:00040f18	LAB_ram_00040f18	Label	DEFAULT
ram:00040f26	LAB_ram_00040f26	Label	DEFAULT
ram:00040f3c	FUN_ram_00040f3c	Function	DEFAULT
ram:00040f56	LAB_ram_00040f56	Label	DEFAULT
ram:00040f60	LAB_ram_00040f60	Label	DEFAULT
ram:00040f74	LAB_ram_00040f74	Label	DEFAULT
ram:00040f78	LAB_ram_00040f78	Label	DEFAULT
ram:00040fac	LAB_ram_00040fac	Label	DEFAULT
ram:00040fae	LAB_ram_00040fae	Label	DEFAULT
ram:00040fbe	LAB_ram_00040fbe	Label	DEFAULT
ram:00040fe0	FUN_ram_00040fe0	Function	DEFAULT
ram:00040ff6	LAB_ram_00040ff6	Label	DEFAULT
ram:00040ffa	LAB_ram_00040ffa	Label	DEFAULT
ram:00041004	LAB_ram_00041004	Label	DEFAULT
ram:00041012	LAB_ram_00041012	Label	DEFAULT
ram:00041016	LAB_ram_00041016	Label	DEFAULT
ram:0004102c	FUN_ram_0004102c	Function	DEFAULT
ram:00041174	LAB_ram_00041174	Label	DEFAULT
ram:00041210	LAB_ram_00041210	Label	DEFAULT
ram:00041214	FUN_ram_00041214	Function	DEFAULT
ram:00041264	LAB_ram_00041264	Label	DEFAULT
ram:00041286	LAB_ram_00041286	Label	DEFAULT
ram:000412ae	LAB_ram_000412ae	Label	DEFAULT
ram:000412ce	LAB_ram_000412ce	Label	DEFAULT
ram:000412ec	LAB_ram_000412ec	Label	DEFAULT
ram:00041304	LAB_ram_00041304	Label	DEFAULT
ram:00041312	FUN_ram_00041312	Function	DEFAULT
ram:0004135c	FUN_ram_0004135c	Function	DEFAULT
ram:0004136c	LAB_ram_0004136c	Label	DEFAULT
ram:00041374	LAB_ram_00041374	Label	DEFAULT
ram:00041378	LAB_ram_00041378	Label	DEFAULT
ram:0004137e	LAB_ram_0004137e	Label	DEFAULT
ram:0004142e	FUN_ram_0004142e	Function	DEFAULT
ram:00041442	LAB_ram_00041442	Label	DEFAULT
ram:000414a2	LAB_ram_000414a2	Label	DEFAULT
ram:000414ae	LAB_ram_000414ae	Label	DEFAULT
ram:000414c2	LAB_ram_000414c2	Label	DEFAULT
ram:000414cc	LAB_ram_000414cc	Label	DEFAULT
ram:000414ec	LAB_ram_000414ec	Label	DEFAULT
ram:0004152c	LAB_ram_0004152c	Label	DEFAULT
ram:00041536	LAB_ram_00041536	Label	DEFAULT
ram:00041544	LAB_ram_00041544	Label	DEFAULT
ram:0004154a	LAB_ram_0004154a	Label	DEFAULT
ram:00041550	FUN_ram_00041550	Function	DEFAULT
ram:0004162e	LAB_ram_0004162e	Label	DEFAULT
ram:00041686	LAB_ram_00041686	Label	DEFAULT
ram:000416b4	LAB_ram_000416b4	Label	DEFAULT
ram:000416bc	LAB_ram_000416bc	Label	DEFAULT
ram:000416cc	LAB_ram_000416cc	Label	DEFAULT
ram:000416f4	LAB_ram_000416f4	Label	DEFAULT
ram:000416fc	LAB_ram_000416fc	Label	DEFAULT
ram:00041702	LAB_ram_00041702	Label	DEFAULT
ram:0004171e	FUN_ram_0004171e	Function	DEFAULT
ram:00041750	LAB_ram_00041750	Label	DEFAULT
ram:00041778	LAB_ram_00041778	Label	DEFAULT
ram:00041796	LAB_ram_00041796	Label	DEFAULT
ram:000417a6	LAB_ram_000417a6	Label	DEFAULT
ram:000417d8	LAB_ram_000417d8	Label	DEFAULT
ram:000417dc	LAB_ram_000417dc	Label	DEFAULT
ram:000417ec	LAB_ram_000417ec	Label	DEFAULT
ram:000417fc	LAB_ram_000417fc	Label	DEFAULT
ram:0004182a	LAB_ram_0004182a	Label	DEFAULT
ram:0004182e	LAB_ram_0004182e	Label	DEFAULT
ram:00041852	LAB_ram_00041852	Label	DEFAULT
ram:00041856	LAB_ram_00041856	Label	DEFAULT
ram:00041878	LAB_ram_00041878	Label	DEFAULT
ram:0004187c	LAB_ram_0004187c	Label	DEFAULT
ram:00041880	LAB_ram_00041880	Label	DEFAULT
ram:00041882	LAB_ram_00041882	Label	DEFAULT
ram:00041890	LAB_ram_00041890	Label	DEFAULT
ram:0004189c	LAB_ram_0004189c	Label	DEFAULT
ram:000418a8	LAB_ram_000418a8	Label	DEFAULT
ram:000418ae	LAB_ram_000418ae	Label	DEFAULT
ram:000418b4	LAB_ram_000418b4	Label	DEFAULT
ram:000418c8	LAB_ram_000418c8	Label	DEFAULT
ram:000418e0	LAB_ram_000418e0	Label	DEFAULT
ram:000418e8	LAB_ram_000418e8	Label	DEFAULT
ram:000418fa	FUN_ram_000418fa	Function	DEFAULT
ram:00041944	FUN_ram_00041944	Function	DEFAULT
ram:00041982	LAB_ram_00041982	Label	DEFAULT
ram:00041998	LAB_ram_00041998	Label	DEFAULT
ram:0004199e	LAB_ram_0004199e	Label	DEFAULT
ram:000419a4	LAB_ram_000419a4	Label	DEFAULT
ram:00041a60	FUN_ram_00041a60	Function	DEFAULT
ram:00041a92	LAB_ram_00041a92	Label	DEFAULT
ram:00041a94	LAB_ram_00041a94	Label	DEFAULT
ram:00041aac	LAB_ram_00041aac	Label	DEFAULT
ram:00041ade	LAB_ram_00041ade	Label	DEFAULT
ram:00041aee	LAB_ram_00041aee	Label	DEFAULT
ram:00041b28	FUN_ram_00041b28	Function	DEFAULT
ram:00041b3a	LAB_ram_00041b3a	Label	DEFAULT
ram:00041b40	LAB_ram_00041b40	Label	DEFAULT
ram:00041b4c	LAB_ram_00041b4c	Label	DEFAULT
ram:00041b50	FUN_ram_00041b50	Function	DEFAULT
ram:00041b8e	LAB_ram_00041b8e	Label	DEFAULT
ram:00041bc6	FUN_ram_00041bc6	Function	DEFAULT
ram:00041bd8	LAB_ram_00041bd8	Label	DEFAULT
ram:00041bde	LAB_ram_00041bde	Label	DEFAULT
ram:00041bee	LAB_ram_00041bee	Label	DEFAULT
ram:00041bf2	FUN_ram_00041bf2	Function	DEFAULT
ram:00041c08	LAB_ram_00041c08	Label	DEFAULT
ram:00041c10	LAB_ram_00041c10	Label	DEFAULT
ram:00041c28	LAB_ram_00041c28	Label	DEFAULT
ram:00041c2a	FUN_ram_00041c2a	Function	DEFAULT
ram:00041c3a	LAB_ram_00041c3a	Label	DEFAULT
ram:00041c3c	LAB_ram_00041c3c	Label	DEFAULT
ram:00041c48	tmos_msg_deallocate	Function	USER_DEFINED
ram:00041c6e	LAB_ram_00041c6e	Label	DEFAULT
ram:00041c70	LAB_ram_00041c70	Label	DEFAULT
ram:00041c74	tmos_msg_allocate	Function	USER_DEFINED
ram:00041c7a	LAB_ram_00041c7a	Label	DEFAULT
ram:00041c7c	LAB_ram_00041c7c	Label	DEFAULT
ram:00041c84	LAB_ram_00041c84	Label	DEFAULT
ram:00041cba	tmos_msg_receive	Function	USER_DEFINED
ram:00041cd0	LAB_ram_00041cd0	Label	DEFAULT
ram:00041cda	LAB_ram_00041cda	Label	DEFAULT
ram:00041ce8	LAB_ram_00041ce8	Label	DEFAULT
ram:00041cf8	LAB_ram_00041cf8	Label	DEFAULT
ram:00041d02	LAB_ram_00041d02	Label	DEFAULT
ram:00041d10	LAB_ram_00041d10	Label	DEFAULT
ram:00041d14	LAB_ram_00041d14	Label	DEFAULT
ram:00041d1a	LAB_ram_00041d1a	Label	DEFAULT
ram:00041d1e	LAB_ram_00041d1e	Label	DEFAULT
ram:00041d24	tmos_msg_send	Function	USER_DEFINED
ram:00041d42	LAB_ram_00041d42	Label	DEFAULT
ram:00041d46	LAB_ram_00041d46	Label	DEFAULT
ram:00041d4e	LAB_ram_00041d4e	Label	DEFAULT
ram:00041d60	LAB_ram_00041d60	Label	DEFAULT
ram:00041d66	LAB_ram_00041d66	Label	DEFAULT
ram:00041d80	LAB_ram_00041d80	Label	DEFAULT
ram:00041d84	FUN_ram_00041d84	Function	DEFAULT
ram:00041d8e	FUN_ram_00041d8e	Function	DEFAULT
ram:00041d96	LAB_ram_00041d96	Label	DEFAULT
ram:00041d98	LAB_ram_00041d98	Label	DEFAULT
ram:00041d9c	LAB_ram_00041d9c	Label	DEFAULT
ram:00041dac	LAB_ram_00041dac	Label	DEFAULT
ram:00041db0	LAB_ram_00041db0	Label	DEFAULT
ram:00041dc2	LAB_ram_00041dc2	Label	DEFAULT
ram:00041dfa	LAB_ram_00041dfa	Label	DEFAULT
ram:00041e12	LAB_ram_00041e12	Label	DEFAULT
ram:00041e24	LAB_ram_00041e24	Label	DEFAULT
ram:00041e2e	LAB_ram_00041e2e	Label	DEFAULT
ram:00041e32	FUN_ram_00041e32	Function	DEFAULT
ram:00041e4e	LAB_ram_00041e4e	Label	DEFAULT
ram:00041e52	LAB_ram_00041e52	Label	DEFAULT
ram:00041e60	LAB_ram_00041e60	Label	DEFAULT
ram:00041e68	LAB_ram_00041e68	Label	DEFAULT
ram:00041ea0	LAB_ram_00041ea0	Label	DEFAULT
ram:00041ea4	LAB_ram_00041ea4	Label	DEFAULT
ram:00041eae	tmos_rand	Function	USER_DEFINED
ram:00041ec6	LAB_ram_00041ec6	Label	DEFAULT
ram:00041ed0	LAB_ram_00041ed0	Label	DEFAULT
ram:00041eda	LAB_ram_00041eda	Label	DEFAULT
ram:00041efc	FUN_ram_00041efc	Function	DEFAULT
ram:00041f4c	LAB_ram_00041f4c	Label	DEFAULT
ram:00041f64	LAB_ram_00041f64	Label	DEFAULT
ram:00041f6a	LAB_ram_00041f6a	Label	DEFAULT
ram:00041f72	LAB_ram_00041f72	Label	DEFAULT
ram:00041f74	LAB_ram_00041f74	Label	DEFAULT
ram:00041f98	LAB_ram_00041f98	Label	DEFAULT
ram:00041f9e	LAB_ram_00041f9e	Label	DEFAULT
ram:00041fb6	LAB_ram_00041fb6	Label	DEFAULT
ram:00041fcc	LAB_ram_00041fcc	Label	DEFAULT
ram:00041fd6	LAB_ram_00041fd6	Label	DEFAULT
ram:00041fde	LAB_ram_00041fde	Label	DEFAULT
ram:00041fe2	LAB_ram_00041fe2	Label	DEFAULT
ram:0004201e	FUN_ram_0004201e	Function	DEFAULT
ram:00042054	LAB_ram_00042054	Label	DEFAULT
ram:0004208e	LAB_ram_0004208e	Label	DEFAULT
ram:00042090	LAB_ram_00042090	Label	DEFAULT
ram:000420aa	LAB_ram_000420aa	Label	DEFAULT
ram:000420b2	LAB_ram_000420b2	Label	DEFAULT
ram:000420c0	LAB_ram_000420c0	Label	DEFAULT
ram:000420f4	LAB_ram_000420f4	Label	DEFAULT
ram:000420f6	LAB_ram_000420f6	Label	DEFAULT
ram:000420fe	LAB_ram_000420fe	Label	DEFAULT
ram:00042108	LAB_ram_00042108	Label	DEFAULT
ram:0004210a	LAB_ram_0004210a	Label	DEFAULT
ram:0004210e	TMOS_GetSystemClock	Function	USER_DEFINED
ram:0004212e	LAB_ram_0004212e	Label	DEFAULT
ram:00042138	tmos_set_event	Function	USER_DEFINED
ram:00042160	LAB_ram_00042160	Label	DEFAULT
ram:00042164	tmos_clear_event	Function	USER_DEFINED
ram:00042190	LAB_ram_00042190	Label	DEFAULT
ram:00042194	FUN_ram_00042194	Function	DEFAULT
ram:00042230	LAB_ram_00042230	Label	DEFAULT
ram:00042236	LAB_ram_00042236	Label	DEFAULT
ram:00042246	LAB_ram_00042246	Label	DEFAULT
ram:00042248	LAB_ram_00042248	Label	DEFAULT
ram:0004224c	tmos_start_task	Function	USER_DEFINED
ram:0004226a	LAB_ram_0004226a	Label	DEFAULT
ram:0004226c	LAB_ram_0004226c	Label	DEFAULT
ram:0004227c	LAB_ram_0004227c	Label	DEFAULT
ram:00042300	LAB_ram_00042300	Label	DEFAULT
ram:0004230a	LAB_ram_0004230a	Label	DEFAULT
ram:0004230e	LAB_ram_0004230e	Label	DEFAULT
ram:00042330	LAB_ram_00042330	Label	DEFAULT
ram:0004233e	LAB_ram_0004233e	Label	DEFAULT
ram:00042358	LAB_ram_00042358	Label	DEFAULT
ram:0004235a	LAB_ram_0004235a	Label	DEFAULT
ram:00042362	FUN_ram_00042362	Function	DEFAULT
ram:00042392	LAB_ram_00042392	Label	DEFAULT
ram:000423ca	LAB_ram_000423ca	Label	DEFAULT
ram:000423e2	LAB_ram_000423e2	Label	DEFAULT
ram:000423f2	LAB_ram_000423f2	Label	DEFAULT
ram:000423f6	tmos_start_reload_task	Function	USER_DEFINED
ram:0004243a	LAB_ram_0004243a	Label	DEFAULT
ram:00042446	LAB_ram_00042446	Label	DEFAULT
ram:0004244a	tmos_stop_task	Function	USER_DEFINED
ram:00042462	LAB_ram_00042462	Label	DEFAULT
ram:00042482	LAB_ram_00042482	Label	DEFAULT
ram:00042488	LAB_ram_00042488	Label	DEFAULT
ram:00042494	FUN_ram_00042494	Function	DEFAULT
ram:000424dc	LAB_ram_000424dc	Label	DEFAULT
ram:000424e8	LAB_ram_000424e8	Label	DEFAULT
ram:000424ee	tmos_get_task_timer	Function	USER_DEFINED
ram:000424f8	LAB_ram_000424f8	Label	DEFAULT
ram:000424fa	LAB_ram_000424fa	Label	DEFAULT
ram:00042502	LAB_ram_00042502	Label	DEFAULT
ram:0004251a	LAB_ram_0004251a	Label	DEFAULT
ram:00042546	LAB_ram_00042546	Label	DEFAULT
ram:00042552	FUN_ram_00042552	Function	DEFAULT
ram:00042570	FUN_ram_00042570	Function	DEFAULT
ram:00042584	LAB_ram_00042584	Label	DEFAULT
ram:00042586	FUN_ram_00042586	Function	DEFAULT
ram:00042696	LAB_ram_00042696	Label	DEFAULT
ram:000426a0	TMOS_ProcessEventRegister	Function	USER_DEFINED
ram:000426cc	LAB_ram_000426cc	Label	DEFAULT
ram:000426d0	LAB_ram_000426d0	Label	DEFAULT
ram:000426d6	BLE_LibInit	Function	USER_DEFINED
ram:00042722	LAB_ram_00042722	Label	DEFAULT
ram:0004275c	LAB_ram_0004275c	Label	DEFAULT
ram:00042768	LAB_ram_00042768	Label	DEFAULT
ram:00042774	LAB_ram_00042774	Label	DEFAULT
ram:00042780	LAB_ram_00042780	Label	DEFAULT
ram:0004278c	LAB_ram_0004278c	Label	DEFAULT
ram:0004279a	LAB_ram_0004279a	Label	DEFAULT
ram:000427a6	LAB_ram_000427a6	Label	DEFAULT
ram:000427b4	LAB_ram_000427b4	Label	DEFAULT
ram:000427c2	LAB_ram_000427c2	Label	DEFAULT
ram:000427d0	LAB_ram_000427d0	Label	DEFAULT
ram:000427de	LAB_ram_000427de	Label	DEFAULT
ram:000427e2	LAB_ram_000427e2	Label	DEFAULT
ram:000427ee	LAB_ram_000427ee	Label	DEFAULT
ram:000427f0	LAB_ram_000427f0	Label	DEFAULT
ram:000427f4	LAB_ram_000427f4	Label	DEFAULT
ram:00042854	LAB_ram_00042854	Label	DEFAULT
ram:00042858	LAB_ram_00042858	Label	DEFAULT
ram:00042866	FUN_ram_00042866	Function	DEFAULT
ram:000428a6	FUN_ram_000428a6	Function	DEFAULT
ram:000428ea	LAB_ram_000428ea	Label	DEFAULT
ram:000428ec	FUN_ram_000428ec	Function	DEFAULT
ram:00042910	FUN_ram_00042910	Function	DEFAULT
ram:00042934	FUN_ram_00042934	Function	DEFAULT
ram:00042954	FUN_ram_00042954	Function	DEFAULT
ram:0004298c	LAB_ram_0004298c	Label	DEFAULT
ram:00042998	LAB_ram_00042998	Label	DEFAULT
ram:000429ac	LAB_ram_000429ac	Label	DEFAULT
ram:000429b4	LAB_ram_000429b4	Label	DEFAULT
ram:000429c0	LAB_ram_000429c0	Label	DEFAULT
ram:000429c2	TMOS_TimerInit	Function	USER_DEFINED
ram:000429de	LAB_ram_000429de	Label	DEFAULT
ram:000429fa	LAB_ram_000429fa	Label	DEFAULT
ram:00042a0e	LAB_ram_00042a0e	Label	DEFAULT
ram:00042a3c	LAB_ram_00042a3c	Label	DEFAULT
ram:00042a42	LAB_ram_00042a42	Label	DEFAULT
ram:00042a52	LAB_ram_00042a52	Label	DEFAULT
ram:00042a5c	LAB_ram_00042a5c	Label	DEFAULT
ram:00042a68	LAB_ram_00042a68	Label	DEFAULT
ram:00042a6e	LAB_ram_00042a6e	Label	DEFAULT
ram:00042a74	FUN_ram_00042a74	Function	DEFAULT
ram:00042a8a	LAB_ram_00042a8a	Label	DEFAULT
ram:00042a8c	LAB_ram_00042a8c	Label	DEFAULT
ram:00042a98	LAB_ram_00042a98	Label	DEFAULT
ram:00042ae4	LAB_ram_00042ae4	Label	DEFAULT
ram:00042b04	LAB_ram_00042b04	Label	DEFAULT
ram:00042b1c	FUN_ram_00042b1c	Function	DEFAULT
ram:00042b3a	LAB_ram_00042b3a	Label	DEFAULT
ram:00042b3e	LAB_ram_00042b3e	Label	DEFAULT
ram:00042b4c	LAB_ram_00042b4c	Label	DEFAULT
ram:00042b6a	LAB_ram_00042b6a	Label	DEFAULT
ram:00042b80	LAB_ram_00042b80	Label	DEFAULT
ram:00042ba2	LAB_ram_00042ba2	Label	DEFAULT
ram:00042bb4	tmos_snv_read	Function	USER_DEFINED
ram:00042c32	LAB_ram_00042c32	Label	DEFAULT
ram:00042c4e	LAB_ram_00042c4e	Label	DEFAULT
ram:00042c7a	LAB_ram_00042c7a	Label	DEFAULT
ram:00042c7c	LAB_ram_00042c7c	Label	DEFAULT
ram:00042c90	LAB_ram_00042c90	Label	DEFAULT
ram:00042cc0	LAB_ram_00042cc0	Label	DEFAULT
ram:00042cd4	LAB_ram_00042cd4	Label	DEFAULT
ram:00042cd8	LAB_ram_00042cd8	Label	DEFAULT
ram:00042cea	LAB_ram_00042cea	Label	DEFAULT
ram:00042cfe	LAB_ram_00042cfe	Label	DEFAULT
ram:00042d06	LAB_ram_00042d06	Label	DEFAULT
ram:00042d0a	LAB_ram_00042d0a	Label	DEFAULT
ram:00042d1c	LAB_ram_00042d1c	Label	DEFAULT
ram:00042d3e	LAB_ram_00042d3e	Label	DEFAULT
ram:00042d62	LAB_ram_00042d62	Label	DEFAULT
ram:00042d68	LAB_ram_00042d68	Label	DEFAULT
ram:00042d9c	LAB_ram_00042d9c	Label	DEFAULT
ram:00042da6	LAB_ram_00042da6	Label	DEFAULT
ram:00042db4	LAB_ram_00042db4	Label	DEFAULT
ram:00042dba	LAB_ram_00042dba	Label	DEFAULT
ram:00042dc4	LAB_ram_00042dc4	Label	DEFAULT
ram:00042dce	LAB_ram_00042dce	Label	DEFAULT
ram:00042dde	LAB_ram_00042dde	Label	DEFAULT
ram:00042e0a	LAB_ram_00042e0a	Label	DEFAULT
ram:00042e10	FUN_ram_00042e10	Function	DEFAULT
ram:00042e54	LAB_ram_00042e54	Label	DEFAULT
ram:00042e5c	LAB_ram_00042e5c	Label	DEFAULT
ram:00042e5e	FUN_ram_00042e5e	Function	DEFAULT
ram:00042e8c	LAB_ram_00042e8c	Label	DEFAULT
ram:00042e8e	LAB_ram_00042e8e	Label	DEFAULT
ram:00042ea0	LAB_ram_00042ea0	Label	DEFAULT
ram:00042eba	LAB_ram_00042eba	Label	DEFAULT
ram:00042ec4	LAB_ram_00042ec4	Label	DEFAULT
ram:00042ee2	LAB_ram_00042ee2	Label	DEFAULT
ram:00042efa	LAB_ram_00042efa	Label	DEFAULT
ram:00042f06	LAB_ram_00042f06	Label	DEFAULT
ram:00042f1e	LAB_ram_00042f1e	Label	DEFAULT
ram:00042f34	LAB_ram_00042f34	Label	DEFAULT
ram:00042f48	LAB_ram_00042f48	Label	DEFAULT
ram:00042f4e	LAB_ram_00042f4e	Label	DEFAULT
ram:00042f60	LAB_ram_00042f60	Label	DEFAULT
ram:00042f74	LAB_ram_00042f74	Label	DEFAULT
ram:00042f86	LAB_ram_00042f86	Label	DEFAULT
ram:00042fa0	LAB_ram_00042fa0	Label	DEFAULT
ram:00042fa8	LAB_ram_00042fa8	Label	DEFAULT
ram:00042fb4	LAB_ram_00042fb4	Label	DEFAULT
ram:00042fde	LAB_ram_00042fde	Label	DEFAULT
ram:00042fea	LAB_ram_00042fea	Label	DEFAULT
ram:00042ff8	LAB_ram_00042ff8	Label	DEFAULT
ram:00043010	LAB_ram_00043010	Label	DEFAULT
ram:00043026	LAB_ram_00043026	Label	DEFAULT
ram:0004302a	LAB_ram_0004302a	Label	DEFAULT
ram:0004302e	LAB_ram_0004302e	Label	DEFAULT
ram:00043040	LAB_ram_00043040	Label	DEFAULT
ram:0004305a	LAB_ram_0004305a	Label	DEFAULT
ram:0004306a	LAB_ram_0004306a	Label	DEFAULT
ram:00043076	LAB_ram_00043076	Label	DEFAULT
ram:000430a4	LAB_ram_000430a4	Label	DEFAULT
ram:000430a8	LAB_ram_000430a8	Label	DEFAULT
ram:000430cc	LAB_ram_000430cc	Label	DEFAULT
ram:000430e4	FUN_ram_000430e4	Function	DEFAULT
ram:000430e8	LAB_ram_000430e8	Label	DEFAULT
ram:0004310e	FUN_ram_0004310e	Function	DEFAULT
ram:00043120	FUN_ram_00043120	Function	DEFAULT
ram:00043158	LAB_ram_00043158	Label	DEFAULT
ram:00043162	LAB_ram_00043162	Label	DEFAULT
ram:00043166	ATT_CompareUUID	Function	USER_DEFINED
ram:0004318a	LAB_ram_0004318a	Label	DEFAULT
ram:00043192	LAB_ram_00043192	Label	DEFAULT
ram:0004319e	LAB_ram_0004319e	Label	DEFAULT
ram:000431aa	LAB_ram_000431aa	Label	DEFAULT
ram:000431b6	LAB_ram_000431b6	Label	DEFAULT
ram:000431ba	LAB_ram_000431ba	Label	DEFAULT
ram:000431be	LAB_ram_000431be	Label	DEFAULT
ram:000431c0	LAB_ram_000431c0	Label	DEFAULT
ram:000431cc	FUN_ram_000431cc	Function	DEFAULT
ram:000431d6	FUN_ram_000431d6	Function	DEFAULT
ram:000431e0	FUN_ram_000431e0	Function	DEFAULT
ram:00043230	LAB_ram_00043230	Label	DEFAULT
ram:00043258	LAB_ram_00043258	Label	DEFAULT
ram:00043262	LAB_ram_00043262	Label	DEFAULT
ram:00043270	LAB_ram_00043270	Label	DEFAULT
ram:00043274	FUN_ram_00043274	Function	DEFAULT
ram:000432a2	LAB_ram_000432a2	Label	DEFAULT
ram:000432ac	LAB_ram_000432ac	Label	DEFAULT
ram:000432b0	ATT_GetMTU	Function	USER_DEFINED
ram:000432bc	LAB_ram_000432bc	Label	DEFAULT
ram:000432c8	LAB_ram_000432c8	Label	DEFAULT
ram:000432ce	FUN_ram_000432ce	Function	DEFAULT
ram:000432f8	LAB_ram_000432f8	Label	DEFAULT
ram:000432fc	ATT_HandleValueCfm	Function	USER_DEFINED
ram:0004331e	LAB_ram_0004331e	Label	DEFAULT
ram:0004332a	FUN_ram_0004332a	Function	DEFAULT
ram:00043358	LAB_ram_00043358	Label	DEFAULT
ram:00043372	LAB_ram_00043372	Label	DEFAULT
ram:0004339e	LAB_ram_0004339e	Label	DEFAULT
ram:000433b6	LAB_ram_000433b6	Label	DEFAULT
ram:000433c4	LAB_ram_000433c4	Label	DEFAULT
ram:000433da	LAB_ram_000433da	Label	DEFAULT
ram:000433e0	FUN_ram_000433e0	Function	DEFAULT
ram:00043412	LAB_ram_00043412	Label	DEFAULT
ram:00043418	LAB_ram_00043418	Label	DEFAULT
ram:00043428	FUN_ram_00043428	Function	DEFAULT
ram:00043438	LAB_ram_00043438	Label	DEFAULT
ram:0004344e	LAB_ram_0004344e	Label	DEFAULT
ram:00043476	LAB_ram_00043476	Label	DEFAULT
ram:000434b6	LAB_ram_000434b6	Label	DEFAULT
ram:000434cc	LAB_ram_000434cc	Label	DEFAULT
ram:000434f4	LAB_ram_000434f4	Label	DEFAULT
ram:00043500	LAB_ram_00043500	Label	DEFAULT
ram:0004351e	LAB_ram_0004351e	Label	DEFAULT
ram:0004354e	LAB_ram_0004354e	Label	DEFAULT
ram:0004355a	LAB_ram_0004355a	Label	DEFAULT
ram:000435a4	LAB_ram_000435a4	Label	DEFAULT
ram:000435be	LAB_ram_000435be	Label	DEFAULT
ram:000435c2	FUN_ram_000435c2	Function	DEFAULT
ram:000435fa	LAB_ram_000435fa	Label	DEFAULT
ram:00043604	LAB_ram_00043604	Label	DEFAULT
ram:00043608	LAB_ram_00043608	Label	DEFAULT
ram:00043622	LAB_ram_00043622	Label	DEFAULT
ram:00043638	LAB_ram_00043638	Label	DEFAULT
ram:0004363c	LAB_ram_0004363c	Label	DEFAULT
ram:00043650	FUN_ram_00043650	Function	DEFAULT
ram:00043660	LAB_ram_00043660	Label	DEFAULT
ram:00043674	LAB_ram_00043674	Label	DEFAULT
ram:00043678	LAB_ram_00043678	Label	DEFAULT
ram:0004367c	FUN_ram_0004367c	Function	DEFAULT
ram:000436a2	LAB_ram_000436a2	Label	DEFAULT
ram:000436b6	LAB_ram_000436b6	Label	DEFAULT
ram:000436ba	LAB_ram_000436ba	Label	DEFAULT
ram:000436bc	LAB_ram_000436bc	Label	DEFAULT
ram:000436c0	LAB_ram_000436c0	Label	DEFAULT
ram:000436ec	FUN_ram_000436ec	Function	DEFAULT
ram:000436fe	LAB_ram_000436fe	Label	DEFAULT
ram:0004370c	LAB_ram_0004370c	Label	DEFAULT
ram:00043710	LAB_ram_00043710	Label	DEFAULT
ram:00043718	LAB_ram_00043718	Label	DEFAULT
ram:0004371e	FUN_ram_0004371e	Function	DEFAULT
ram:0004372e	LAB_ram_0004372e	Label	DEFAULT
ram:00043736	LAB_ram_00043736	Label	DEFAULT
ram:0004373c	FUN_ram_0004373c	Function	DEFAULT
ram:0004374c	LAB_ram_0004374c	Label	DEFAULT
ram:00043754	LAB_ram_00043754	Label	DEFAULT
ram:0004375a	FUN_ram_0004375a	Function	DEFAULT
ram:00043790	LAB_ram_00043790	Label	DEFAULT
ram:0004379a	LAB_ram_0004379a	Label	DEFAULT
ram:0004379e	LAB_ram_0004379e	Label	DEFAULT
ram:000437ce	LAB_ram_000437ce	Label	DEFAULT
ram:000437d2	FUN_ram_000437d2	Function	DEFAULT
ram:000437e4	LAB_ram_000437e4	Label	DEFAULT
ram:000437f2	LAB_ram_000437f2	Label	DEFAULT
ram:000437f6	LAB_ram_000437f6	Label	DEFAULT
ram:00043800	FUN_ram_00043800	Function	DEFAULT
ram:00043834	LAB_ram_00043834	Label	DEFAULT
ram:00043842	LAB_ram_00043842	Label	DEFAULT
ram:00043850	LAB_ram_00043850	Label	DEFAULT
ram:00043868	LAB_ram_00043868	Label	DEFAULT
ram:0004389e	LAB_ram_0004389e	Label	DEFAULT
ram:000438a2	LAB_ram_000438a2	Label	DEFAULT
ram:000438a8	LAB_ram_000438a8	Label	DEFAULT
ram:000438ac	FUN_ram_000438ac	Function	DEFAULT
ram:000438c4	LAB_ram_000438c4	Label	DEFAULT
ram:000438da	LAB_ram_000438da	Label	DEFAULT
ram:000438e4	FUN_ram_000438e4	Function	DEFAULT
ram:000438f4	FUN_ram_000438f4	Function	DEFAULT
ram:0004391e	LAB_ram_0004391e	Label	DEFAULT
ram:00043920	LAB_ram_00043920	Label	DEFAULT
ram:00043922	LAB_ram_00043922	Label	DEFAULT
ram:00043928	FUN_ram_00043928	Function	DEFAULT
ram:00043932	LAB_ram_00043932	Label	DEFAULT
ram:00043948	LAB_ram_00043948	Label	DEFAULT
ram:0004395c	LAB_ram_0004395c	Label	DEFAULT
ram:00043964	LAB_ram_00043964	Label	DEFAULT
ram:0004396c	LAB_ram_0004396c	Label	DEFAULT
ram:00043978	LAB_ram_00043978	Label	DEFAULT
ram:00043994	LAB_ram_00043994	Label	DEFAULT
ram:0004399a	LAB_ram_0004399a	Label	DEFAULT
ram:000439a0	LAB_ram_000439a0	Label	DEFAULT
ram:000439a6	LAB_ram_000439a6	Label	DEFAULT
ram:000439c2	LAB_ram_000439c2	Label	DEFAULT
ram:000439f2	LAB_ram_000439f2	Label	DEFAULT
ram:00043a10	LAB_ram_00043a10	Label	DEFAULT
ram:00043a2a	LAB_ram_00043a2a	Label	DEFAULT
ram:00043a2c	FUN_ram_00043a2c	Function	DEFAULT
ram:00043a46	LAB_ram_00043a46	Label	DEFAULT
ram:00043a4a	LAB_ram_00043a4a	Label	DEFAULT
ram:00043a72	LAB_ram_00043a72	Label	DEFAULT
ram:00043a74	FUN_ram_00043a74	Function	DEFAULT
ram:00043ab8	LAB_ram_00043ab8	Label	DEFAULT
ram:00043ac2	LAB_ram_00043ac2	Label	DEFAULT
ram:00043ac6	LAB_ram_00043ac6	Label	DEFAULT
ram:00043b28	LAB_ram_00043b28	Label	DEFAULT
ram:00043b36	LAB_ram_00043b36	Label	DEFAULT
ram:00043b3c	LAB_ram_00043b3c	Label	DEFAULT
ram:00043b3e	FUN_ram_00043b3e	Function	DEFAULT
ram:00043b72	LAB_ram_00043b72	Label	DEFAULT
ram:00043b7c	LAB_ram_00043b7c	Label	DEFAULT
ram:00043b80	LAB_ram_00043b80	Label	DEFAULT
ram:00043b88	LAB_ram_00043b88	Label	DEFAULT
ram:00043bcc	LAB_ram_00043bcc	Label	DEFAULT
ram:00043bd8	LAB_ram_00043bd8	Label	DEFAULT
ram:00043bda	FUN_ram_00043bda	Function	DEFAULT
ram:00043c0e	LAB_ram_00043c0e	Label	DEFAULT
ram:00043c18	LAB_ram_00043c18	Label	DEFAULT
ram:00043c1c	LAB_ram_00043c1c	Label	DEFAULT
ram:00043c36	LAB_ram_00043c36	Label	DEFAULT
ram:00043c38	FUN_ram_00043c38	Function	DEFAULT
ram:00043c54	LAB_ram_00043c54	Label	DEFAULT
ram:00043c6a	LAB_ram_00043c6a	Label	DEFAULT
ram:00043c92	LAB_ram_00043c92	Label	DEFAULT
ram:00043c94	FUN_ram_00043c94	Function	DEFAULT
ram:00043cac	LAB_ram_00043cac	Label	DEFAULT
ram:00043cc4	LAB_ram_00043cc4	Label	DEFAULT
ram:00043cdc	LAB_ram_00043cdc	Label	DEFAULT
ram:00043cde	FUN_ram_00043cde	Function	DEFAULT
ram:00043d0c	LAB_ram_00043d0c	Label	DEFAULT
ram:00043d16	FUN_ram_00043d16	Function	DEFAULT
ram:00043d4a	LAB_ram_00043d4a	Label	DEFAULT
ram:00043d54	LAB_ram_00043d54	Label	DEFAULT
ram:00043d58	LAB_ram_00043d58	Label	DEFAULT
ram:00043d88	LAB_ram_00043d88	Label	DEFAULT
ram:00043d8c	LAB_ram_00043d8c	Label	DEFAULT
ram:00043d92	LAB_ram_00043d92	Label	DEFAULT
ram:00043d96	FUN_ram_00043d96	Function	DEFAULT
ram:00043da2	LAB_ram_00043da2	Label	DEFAULT
ram:00043dda	LAB_ram_00043dda	Label	DEFAULT
ram:00043ddc	LAB_ram_00043ddc	Label	DEFAULT
ram:00043dde	LAB_ram_00043dde	Label	DEFAULT
ram:00043de4	FUN_ram_00043de4	Function	DEFAULT
ram:00043dfc	LAB_ram_00043dfc	Label	DEFAULT
ram:00043e14	LAB_ram_00043e14	Label	DEFAULT
ram:00043e26	LAB_ram_00043e26	Label	DEFAULT
ram:00043e28	FUN_ram_00043e28	Function	DEFAULT
ram:00043e34	FUN_ram_00043e34	Function	DEFAULT
ram:00043e50	LAB_ram_00043e50	Label	DEFAULT
ram:00043e66	FUN_ram_00043e66	Function	DEFAULT
ram:00043e82	LAB_ram_00043e82	Label	DEFAULT
ram:00043e98	FUN_ram_00043e98	Function	DEFAULT
ram:00043eb2	LAB_ram_00043eb2	Label	DEFAULT
ram:00043eba	FUN_ram_00043eba	Function	DEFAULT
ram:0004403a	FUN_ram_0004403a	Function	DEFAULT
ram:00044088	LAB_ram_00044088	Label	DEFAULT
ram:00044092	FUN_ram_00044092	Function	DEFAULT
ram:0004409c	FUN_ram_0004409c	Function	DEFAULT
ram:000440a6	FUN_ram_000440a6	Function	DEFAULT
ram:000440b0	FUN_ram_000440b0	Function	DEFAULT
ram:000440ba	FUN_ram_000440ba	Function	DEFAULT
ram:000440c8	LAB_ram_000440c8	Label	DEFAULT
ram:000440cc	LAB_ram_000440cc	Label	DEFAULT
ram:000440dc	LAB_ram_000440dc	Label	DEFAULT
ram:0004410c	LAB_ram_0004410c	Label	DEFAULT
ram:00044110	FUN_ram_00044110	Function	DEFAULT
ram:00044144	LAB_ram_00044144	Label	DEFAULT
ram:0004414c	FUN_ram_0004414c	Function	DEFAULT
ram:0004415e	LAB_ram_0004415e	Label	DEFAULT
ram:00044162	FUN_ram_00044162	Function	DEFAULT
ram:00044186	LAB_ram_00044186	Label	DEFAULT
ram:000441ce	LAB_ram_000441ce	Label	DEFAULT
ram:000441e4	LAB_ram_000441e4	Label	DEFAULT
ram:000441ec	LAB_ram_000441ec	Label	DEFAULT
ram:000441f0	LAB_ram_000441f0	Label	DEFAULT
ram:000441f4	FUN_ram_000441f4	Function	DEFAULT
ram:0004422c	LAB_ram_0004422c	Label	DEFAULT
ram:00044232	LAB_ram_00044232	Label	DEFAULT
ram:00044248	LAB_ram_00044248	Label	DEFAULT
ram:0004425a	LAB_ram_0004425a	Label	DEFAULT
ram:0004426e	LAB_ram_0004426e	Label	DEFAULT
ram:0004428e	FUN_ram_0004428e	Function	DEFAULT
ram:000442ce	LAB_ram_000442ce	Label	DEFAULT
ram:000442de	FUN_ram_000442de	Function	DEFAULT
ram:000442f2	LAB_ram_000442f2	Label	DEFAULT
ram:000442f8	LAB_ram_000442f8	Label	DEFAULT
ram:000442fc	LAB_ram_000442fc	Label	DEFAULT
ram:0004430c	LAB_ram_0004430c	Label	DEFAULT
ram:00044326	FUN_ram_00044326	Function	DEFAULT
ram:0004434a	LAB_ram_0004434a	Label	DEFAULT
ram:0004434e	FUN_ram_0004434e	Function	DEFAULT
ram:00044368	LAB_ram_00044368	Label	DEFAULT
ram:00044374	LAB_ram_00044374	Label	DEFAULT
ram:00044380	LAB_ram_00044380	Label	DEFAULT
ram:0004438e	LAB_ram_0004438e	Label	DEFAULT
ram:00044398	FUN_ram_00044398	Function	DEFAULT
ram:000443ae	LAB_ram_000443ae	Label	DEFAULT
ram:000443b8	FUN_ram_000443b8	Function	DEFAULT
ram:000443c2	FUN_ram_000443c2	Function	DEFAULT
ram:000443cc	FUN_ram_000443cc	Function	DEFAULT
ram:000443d6	FUN_ram_000443d6	Function	DEFAULT
ram:000443e2	FUN_ram_000443e2	Function	DEFAULT
ram:00044404	LAB_ram_00044404	Label	DEFAULT
ram:00044406	FUN_ram_00044406	Function	DEFAULT
ram:0004442a	LAB_ram_0004442a	Label	DEFAULT
ram:00044438	LAB_ram_00044438	Label	DEFAULT
ram:00044448	LAB_ram_00044448	Label	DEFAULT
ram:00044452	FUN_ram_00044452	Function	DEFAULT
ram:00044484	LAB_ram_00044484	Label	DEFAULT
ram:000444aa	LAB_ram_000444aa	Label	DEFAULT
ram:000444d2	LAB_ram_000444d2	Label	DEFAULT
ram:000444e0	LAB_ram_000444e0	Label	DEFAULT
ram:000444e8	LAB_ram_000444e8	Label	DEFAULT
ram:00044504	FUN_ram_00044504	Function	DEFAULT
ram:00044538	LAB_ram_00044538	Label	DEFAULT
ram:00044542	LAB_ram_00044542	Label	DEFAULT
ram:0004454c	LAB_ram_0004454c	Label	DEFAULT
ram:00044556	LAB_ram_00044556	Label	DEFAULT
ram:0004457a	LAB_ram_0004457a	Label	DEFAULT
ram:000445ae	LAB_ram_000445ae	Label	DEFAULT
ram:000445c4	LAB_ram_000445c4	Label	DEFAULT
ram:000445dc	LAB_ram_000445dc	Label	DEFAULT
ram:000445ec	LAB_ram_000445ec	Label	DEFAULT
ram:0004460c	LAB_ram_0004460c	Label	DEFAULT
ram:00044622	FUN_ram_00044622	Function	DEFAULT
ram:00044648	LAB_ram_00044648	Label	DEFAULT
ram:00044688	LAB_ram_00044688	Label	DEFAULT
ram:00044696	FUN_ram_00044696	Function	DEFAULT
ram:000446e6	LAB_ram_000446e6	Label	DEFAULT
ram:00044716	LAB_ram_00044716	Label	DEFAULT
ram:0004472c	FUN_ram_0004472c	Function	DEFAULT
ram:00044786	LAB_ram_00044786	Label	DEFAULT
ram:00044794	FUN_ram_00044794	Function	DEFAULT
ram:00044806	LAB_ram_00044806	Label	DEFAULT
ram:00044812	FUN_ram_00044812	Function	DEFAULT
ram:0004484a	LAB_ram_0004484a	Label	DEFAULT
ram:00044852	LAB_ram_00044852	Label	DEFAULT
ram:0004488e	LAB_ram_0004488e	Label	DEFAULT
ram:000448b2	LAB_ram_000448b2	Label	DEFAULT
ram:000448c6	FUN_ram_000448c6	Function	DEFAULT
ram:00044916	LAB_ram_00044916	Label	DEFAULT
ram:0004491e	FUN_ram_0004491e	Function	DEFAULT
ram:00044980	LAB_ram_00044980	Label	DEFAULT
ram:000449b6	LAB_ram_000449b6	Label	DEFAULT
ram:000449c2	LAB_ram_000449c2	Label	DEFAULT
ram:000449da	FUN_ram_000449da	Function	DEFAULT
ram:00044a20	LAB_ram_00044a20	Label	DEFAULT
ram:00044a2c	FUN_ram_00044a2c	Function	DEFAULT
ram:00044a92	LAB_ram_00044a92	Label	DEFAULT
ram:00044aba	LAB_ram_00044aba	Label	DEFAULT
ram:00044ac6	FUN_ram_00044ac6	Function	DEFAULT
ram:00044b16	LAB_ram_00044b16	Label	DEFAULT
ram:00044b8e	LAB_ram_00044b8e	Label	DEFAULT
ram:00044b96	LAB_ram_00044b96	Label	DEFAULT
ram:00044baa	FUN_ram_00044baa	Function	DEFAULT
ram:00044bee	LAB_ram_00044bee	Label	DEFAULT
ram:00044c26	LAB_ram_00044c26	Label	DEFAULT
ram:00044c32	LAB_ram_00044c32	Label	DEFAULT
ram:00044c36	LAB_ram_00044c36	Label	DEFAULT
ram:00044c48	LAB_ram_00044c48	Label	DEFAULT
ram:00044c4e	LAB_ram_00044c4e	Label	DEFAULT
ram:00044c50	LAB_ram_00044c50	Label	DEFAULT
ram:00044c54	GAP_GetParamValue	Function	USER_DEFINED
ram:00044c6e	LAB_ram_00044c6e	Label	DEFAULT
ram:00044c74	FUN_ram_00044c74	Function	DEFAULT
ram:00044cba	LAB_ram_00044cba	Label	DEFAULT
ram:00044cc4	LAB_ram_00044cc4	Label	DEFAULT
ram:00044cc8	FUN_ram_00044cc8	Function	DEFAULT
ram:00044cd2	GAP_ResolvePrivateAddr	Function	USER_DEFINED
ram:00044cd6	FUN_ram_00044cd6	Function	DEFAULT
ram:00044d18	LAB_ram_00044d18	Label	DEFAULT
ram:00044d2e	LAB_ram_00044d2e	Label	DEFAULT
ram:00044d36	LAB_ram_00044d36	Label	DEFAULT
ram:00044d4e	LAB_ram_00044d4e	Label	DEFAULT
ram:00044d56	LAB_ram_00044d56	Label	DEFAULT
ram:00044d76	LAB_ram_00044d76	Label	DEFAULT
ram:00044d8a	LAB_ram_00044d8a	Label	DEFAULT
ram:00044d8e	LAB_ram_00044d8e	Label	DEFAULT
ram:00044d9c	LAB_ram_00044d9c	Label	DEFAULT
ram:00044dae	LAB_ram_00044dae	Label	DEFAULT
ram:00044db4	LAB_ram_00044db4	Label	DEFAULT
ram:00044dd0	LAB_ram_00044dd0	Label	DEFAULT
ram:00044de2	LAB_ram_00044de2	Label	DEFAULT
ram:00044e00	LAB_ram_00044e00	Label	DEFAULT
ram:00044e12	LAB_ram_00044e12	Label	DEFAULT
ram:00044e2e	LAB_ram_00044e2e	Label	DEFAULT
ram:00044e40	LAB_ram_00044e40	Label	DEFAULT
ram:00044e62	FUN_ram_00044e62	Function	DEFAULT
ram:00044e96	LAB_ram_00044e96	Label	DEFAULT
ram:00044ee0	LAB_ram_00044ee0	Label	DEFAULT
ram:00044ef0	FUN_ram_00044ef0	Function	DEFAULT
ram:00044f28	LAB_ram_00044f28	Label	DEFAULT
ram:00044f84	LAB_ram_00044f84	Label	DEFAULT
ram:00044f96	FUN_ram_00044f96	Function	DEFAULT
ram:00044fb4	LAB_ram_00044fb4	Label	DEFAULT
ram:00044fbc	FUN_ram_00044fbc	Function	DEFAULT
ram:00044fe4	LAB_ram_00044fe4	Label	DEFAULT
ram:0004502a	LAB_ram_0004502a	Label	DEFAULT
ram:00045036	FUN_ram_00045036	Function	DEFAULT
ram:0004505e	LAB_ram_0004505e	Label	DEFAULT
ram:00045074	LAB_ram_00045074	Label	DEFAULT
ram:0004507c	LAB_ram_0004507c	Label	DEFAULT
ram:00045080	FUN_ram_00045080	Function	DEFAULT
ram:000450c0	LAB_ram_000450c0	Label	DEFAULT
ram:000450d6	LAB_ram_000450d6	Label	DEFAULT
ram:000450e4	LAB_ram_000450e4	Label	DEFAULT
ram:000450e6	LAB_ram_000450e6	Label	DEFAULT
ram:000450ea	FUN_ram_000450ea	Function	DEFAULT
ram:00045108	LAB_ram_00045108	Label	DEFAULT
ram:00045110	LAB_ram_00045110	Label	DEFAULT
ram:00045114	thunk_FUN_ram_0004e07e	Function	DEFAULT
ram:00045118	FUN_ram_00045118	Function	DEFAULT
ram:0004512c	LAB_ram_0004512c	Label	DEFAULT
ram:00045130	LAB_ram_00045130	Label	DEFAULT
ram:00045132	LAB_ram_00045132	Label	DEFAULT
ram:0004513e	LAB_ram_0004513e	Label	DEFAULT
ram:00045148	LAB_ram_00045148	Label	DEFAULT
ram:00045170	LAB_ram_00045170	Label	DEFAULT
ram:00045182	LAB_ram_00045182	Label	DEFAULT
ram:0004518e	LAB_ram_0004518e	Label	DEFAULT
ram:000451b2	GAP_SetParamValue	Function	USER_DEFINED
ram:000451dc	LAB_ram_000451dc	Label	DEFAULT
ram:000451ee	LAB_ram_000451ee	Label	DEFAULT
ram:000451f8	LAB_ram_000451f8	Label	DEFAULT
ram:00045208	LAB_ram_00045208	Label	DEFAULT
ram:0004521a	LAB_ram_0004521a	Label	DEFAULT
ram:0004521e	FUN_ram_0004521e	Function	DEFAULT
ram:00045266	FUN_ram_00045266	Function	DEFAULT
ram:000452b6	LAB_ram_000452b6	Label	DEFAULT
ram:000452be	LAB_ram_000452be	Label	DEFAULT
ram:000452dc	LAB_ram_000452dc	Label	DEFAULT
ram:000452f6	LAB_ram_000452f6	Label	DEFAULT
ram:000452fc	LAB_ram_000452fc	Label	DEFAULT
ram:0004531e	LAB_ram_0004531e	Label	DEFAULT
ram:00045324	LAB_ram_00045324	Label	DEFAULT
ram:00045332	LAB_ram_00045332	Label	DEFAULT
ram:00045364	LAB_ram_00045364	Label	DEFAULT
ram:00045378	LAB_ram_00045378	Label	DEFAULT
ram:0004537e	LAB_ram_0004537e	Label	DEFAULT
ram:0004538a	LAB_ram_0004538a	Label	DEFAULT
ram:000453ba	LAB_ram_000453ba	Label	DEFAULT
ram:000453ce	LAB_ram_000453ce	Label	DEFAULT
ram:000453d4	LAB_ram_000453d4	Label	DEFAULT
ram:000453e8	LAB_ram_000453e8	Label	DEFAULT
ram:000453fa	LAB_ram_000453fa	Label	DEFAULT
ram:00045426	LAB_ram_00045426	Label	DEFAULT
ram:00045430	LAB_ram_00045430	Label	DEFAULT
ram:00045436	LAB_ram_00045436	Label	DEFAULT
ram:0004543a	LAB_ram_0004543a	Label	DEFAULT
ram:0004544a	LAB_ram_0004544a	Label	DEFAULT
ram:0004545c	LAB_ram_0004545c	Label	DEFAULT
ram:00045462	LAB_ram_00045462	Label	DEFAULT
ram:00045474	LAB_ram_00045474	Label	DEFAULT
ram:00045486	LAB_ram_00045486	Label	DEFAULT
ram:0004548c	LAB_ram_0004548c	Label	DEFAULT
ram:00045498	LAB_ram_00045498	Label	DEFAULT
ram:000454a4	LAB_ram_000454a4	Label	DEFAULT
ram:000454dc	LAB_ram_000454dc	Label	DEFAULT
ram:000454e8	LAB_ram_000454e8	Label	DEFAULT
ram:000454f8	LAB_ram_000454f8	Label	DEFAULT
ram:00045522	LAB_ram_00045522	Label	DEFAULT
ram:00045524	LAB_ram_00045524	Label	DEFAULT
ram:0004557c	LAB_ram_0004557c	Label	DEFAULT
ram:0004558e	LAB_ram_0004558e	Label	DEFAULT
ram:0004559a	LAB_ram_0004559a	Label	DEFAULT
ram:000455d2	LAB_ram_000455d2	Label	DEFAULT
ram:000455d8	LAB_ram_000455d8	Label	DEFAULT
ram:000455de	LAB_ram_000455de	Label	DEFAULT
ram:000455f6	LAB_ram_000455f6	Label	DEFAULT
ram:00045614	LAB_ram_00045614	Label	DEFAULT
ram:00045616	LAB_ram_00045616	Label	DEFAULT
ram:00045630	LAB_ram_00045630	Label	DEFAULT
ram:0004567a	LAB_ram_0004567a	Label	DEFAULT
ram:00045680	LAB_ram_00045680	Label	DEFAULT
ram:00045698	LAB_ram_00045698	Label	DEFAULT
ram:000456a8	LAB_ram_000456a8	Label	DEFAULT
ram:000456b2	LAB_ram_000456b2	Label	DEFAULT
ram:000456c4	LAB_ram_000456c4	Label	DEFAULT
ram:000456ce	LAB_ram_000456ce	Label	DEFAULT
ram:000456d4	LAB_ram_000456d4	Label	DEFAULT
ram:0004570c	LAB_ram_0004570c	Label	DEFAULT
ram:00045716	LAB_ram_00045716	Label	DEFAULT
ram:0004571e	LAB_ram_0004571e	Label	DEFAULT
ram:00045726	LAB_ram_00045726	Label	DEFAULT
ram:00045740	LAB_ram_00045740	Label	DEFAULT
ram:00045752	LAB_ram_00045752	Label	DEFAULT
ram:00045764	LAB_ram_00045764	Label	DEFAULT
ram:00045772	LAB_ram_00045772	Label	DEFAULT
ram:00045784	LAB_ram_00045784	Label	DEFAULT
ram:00045792	LAB_ram_00045792	Label	DEFAULT
ram:000457a0	LAB_ram_000457a0	Label	DEFAULT
ram:000457b8	LAB_ram_000457b8	Label	DEFAULT
ram:000457bc	LAB_ram_000457bc	Label	DEFAULT
ram:000457d6	LAB_ram_000457d6	Label	DEFAULT
ram:000457e2	LAB_ram_000457e2	Label	DEFAULT
ram:000457fa	LAB_ram_000457fa	Label	DEFAULT
ram:00045800	LAB_ram_00045800	Label	DEFAULT
ram:0004581a	LAB_ram_0004581a	Label	DEFAULT
ram:00045820	LAB_ram_00045820	Label	DEFAULT
ram:00045856	LAB_ram_00045856	Label	DEFAULT
ram:00045884	LAB_ram_00045884	Label	DEFAULT
ram:0004588a	FUN_ram_0004588a	Function	DEFAULT
ram:000458c4	FUN_ram_000458c4	Function	DEFAULT
ram:000458e6	LAB_ram_000458e6	Label	DEFAULT
ram:000458ec	LAB_ram_000458ec	Label	DEFAULT
ram:000458fc	LAB_ram_000458fc	Label	DEFAULT
ram:000458fe	LAB_ram_000458fe	Label	DEFAULT
ram:00045908	LAB_ram_00045908	Label	DEFAULT
ram:00045934	LAB_ram_00045934	Label	DEFAULT
ram:00045954	LAB_ram_00045954	Label	DEFAULT
ram:0004596e	LAB_ram_0004596e	Label	DEFAULT
ram:000459a6	LAB_ram_000459a6	Label	DEFAULT
ram:000459e0	LAB_ram_000459e0	Label	DEFAULT
ram:000459f0	LAB_ram_000459f0	Label	DEFAULT
ram:00045a00	LAB_ram_00045a00	Label	DEFAULT
ram:00045a26	LAB_ram_00045a26	Label	DEFAULT
ram:00045a2e	LAB_ram_00045a2e	Label	DEFAULT
ram:00045ab0	LAB_ram_00045ab0	Label	DEFAULT
ram:00045ac4	LAB_ram_00045ac4	Label	DEFAULT
ram:00045aca	LAB_ram_00045aca	Label	DEFAULT
ram:00045ad6	LAB_ram_00045ad6	Label	DEFAULT
ram:00045ad8	LAB_ram_00045ad8	Label	DEFAULT
ram:00045af6	LAB_ram_00045af6	Label	DEFAULT
ram:00045afa	LAB_ram_00045afa	Label	DEFAULT
ram:00045b0c	LAB_ram_00045b0c	Label	DEFAULT
ram:00045b10	LAB_ram_00045b10	Label	DEFAULT
ram:00045b14	FUN_ram_00045b14	Function	DEFAULT
ram:00045b50	LAB_ram_00045b50	Label	DEFAULT
ram:00045b72	LAB_ram_00045b72	Label	DEFAULT
ram:00045b74	LAB_ram_00045b74	Label	DEFAULT
ram:00045b8c	LAB_ram_00045b8c	Label	DEFAULT
ram:00045b92	LAB_ram_00045b92	Label	DEFAULT
ram:00045b9a	LAB_ram_00045b9a	Label	DEFAULT
ram:00045b9c	LAB_ram_00045b9c	Label	DEFAULT
ram:00045bc8	LAB_ram_00045bc8	Label	DEFAULT
ram:00045c0a	LAB_ram_00045c0a	Label	DEFAULT
ram:00045c24	LAB_ram_00045c24	Label	DEFAULT
ram:00045c3c	LAB_ram_00045c3c	Label	DEFAULT
ram:00045c46	LAB_ram_00045c46	Label	DEFAULT
ram:00045c4a	LAB_ram_00045c4a	Label	DEFAULT
ram:00045c52	LAB_ram_00045c52	Label	DEFAULT
ram:00045c56	LAB_ram_00045c56	Label	DEFAULT
ram:00045c5e	LAB_ram_00045c5e	Label	DEFAULT
ram:00045c6c	LAB_ram_00045c6c	Label	DEFAULT
ram:00045c86	LAB_ram_00045c86	Label	DEFAULT
ram:00045ca8	LAB_ram_00045ca8	Label	DEFAULT
ram:00045cc2	LAB_ram_00045cc2	Label	DEFAULT
ram:00045ccc	LAB_ram_00045ccc	Label	DEFAULT
ram:00045cd0	LAB_ram_00045cd0	Label	DEFAULT
ram:00045cec	LAB_ram_00045cec	Label	DEFAULT
ram:00045cfe	LAB_ram_00045cfe	Label	DEFAULT
ram:00045d02	LAB_ram_00045d02	Label	DEFAULT
ram:00045d40	LAB_ram_00045d40	Label	DEFAULT
ram:00045d5a	LAB_ram_00045d5a	Label	DEFAULT
ram:00045d68	LAB_ram_00045d68	Label	DEFAULT
ram:00045d6e	FUN_ram_00045d6e	Function	DEFAULT
ram:00045dac	LAB_ram_00045dac	Label	DEFAULT
ram:00045dc2	LAB_ram_00045dc2	Label	DEFAULT
ram:00045dd8	LAB_ram_00045dd8	Label	DEFAULT
ram:00045de8	LAB_ram_00045de8	Label	DEFAULT
ram:00045e0e	LAB_ram_00045e0e	Label	DEFAULT
ram:00045e10	LAB_ram_00045e10	Label	DEFAULT
ram:00045e12	LAB_ram_00045e12	Label	DEFAULT
ram:00045e28	LAB_ram_00045e28	Label	DEFAULT
ram:00045e32	LAB_ram_00045e32	Label	DEFAULT
ram:00045e42	LAB_ram_00045e42	Label	DEFAULT
ram:00045e5a	LAB_ram_00045e5a	Label	DEFAULT
ram:00045e8c	LAB_ram_00045e8c	Label	DEFAULT
ram:00045e8e	LAB_ram_00045e8e	Label	DEFAULT
ram:00045ea2	LAB_ram_00045ea2	Label	DEFAULT
ram:00045ee2	LAB_ram_00045ee2	Label	DEFAULT
ram:00045ee6	LAB_ram_00045ee6	Label	DEFAULT
ram:00045ef2	LAB_ram_00045ef2	Label	DEFAULT
ram:00045f12	LAB_ram_00045f12	Label	DEFAULT
ram:00045f16	LAB_ram_00045f16	Label	DEFAULT
ram:00045f1a	LAB_ram_00045f1a	Label	DEFAULT
ram:00045f20	LAB_ram_00045f20	Label	DEFAULT
ram:00045f3e	LAB_ram_00045f3e	Label	DEFAULT
ram:00045f4e	LAB_ram_00045f4e	Label	DEFAULT
ram:00045f50	LAB_ram_00045f50	Label	DEFAULT
ram:00045f6a	LAB_ram_00045f6a	Label	DEFAULT
ram:00045f6e	LAB_ram_00045f6e	Label	DEFAULT
ram:00045f72	LAB_ram_00045f72	Label	DEFAULT
ram:00045f84	LAB_ram_00045f84	Label	DEFAULT
ram:00045f8a	LAB_ram_00045f8a	Label	DEFAULT
ram:00045f8e	LAB_ram_00045f8e	Label	DEFAULT
ram:00045fd0	LAB_ram_00045fd0	Label	DEFAULT
ram:00045fea	FUN_ram_00045fea	Function	DEFAULT
ram:0004608e	LAB_ram_0004608e	Label	DEFAULT
ram:0004609c	FUN_ram_0004609c	Function	DEFAULT
ram:000460ec	LAB_ram_000460ec	Label	DEFAULT
ram:000460f6	FUN_ram_000460f6	Function	DEFAULT
ram:00046118	LAB_ram_00046118	Label	DEFAULT
ram:0004612e	LAB_ram_0004612e	Label	DEFAULT
ram:0004613e	LAB_ram_0004613e	Label	DEFAULT
ram:0004615a	LAB_ram_0004615a	Label	DEFAULT
ram:00046172	LAB_ram_00046172	Label	DEFAULT
ram:00046176	LAB_ram_00046176	Label	DEFAULT
ram:0004618c	LAB_ram_0004618c	Label	DEFAULT
ram:000461a2	FUN_ram_000461a2	Function	DEFAULT
ram:000461e8	LAB_ram_000461e8	Label	DEFAULT
ram:000461f0	LAB_ram_000461f0	Label	DEFAULT
ram:0004620c	LAB_ram_0004620c	Label	DEFAULT
ram:00046236	LAB_ram_00046236	Label	DEFAULT
ram:00046240	LAB_ram_00046240	Label	DEFAULT
ram:0004624e	LAB_ram_0004624e	Label	DEFAULT
ram:00046266	LAB_ram_00046266	Label	DEFAULT
ram:0004627c	LAB_ram_0004627c	Label	DEFAULT
ram:00046290	LAB_ram_00046290	Label	DEFAULT
ram:00046294	LAB_ram_00046294	Label	DEFAULT
ram:000462ca	LAB_ram_000462ca	Label	DEFAULT
ram:000462d2	LAB_ram_000462d2	Label	DEFAULT
ram:000462d8	LAB_ram_000462d8	Label	DEFAULT
ram:00046304	LAB_ram_00046304	Label	DEFAULT
ram:00046310	LAB_ram_00046310	Label	DEFAULT
ram:00046324	LAB_ram_00046324	Label	DEFAULT
ram:0004632c	LAB_ram_0004632c	Label	DEFAULT
ram:00046330	LAB_ram_00046330	Label	DEFAULT
ram:0004633a	LAB_ram_0004633a	Label	DEFAULT
ram:00046340	LAB_ram_00046340	Label	DEFAULT
ram:00046342	LAB_ram_00046342	Label	DEFAULT
ram:0004634a	LAB_ram_0004634a	Label	DEFAULT
ram:00046356	LAB_ram_00046356	Label	DEFAULT
ram:00046368	LAB_ram_00046368	Label	DEFAULT
ram:0004636c	FUN_ram_0004636c	Function	DEFAULT
ram:000463aa	LAB_ram_000463aa	Label	DEFAULT
ram:000463b2	LAB_ram_000463b2	Label	DEFAULT
ram:000463ca	LAB_ram_000463ca	Label	DEFAULT
ram:0004643e	LAB_ram_0004643e	Label	DEFAULT
ram:0004644c	LAB_ram_0004644c	Label	DEFAULT
ram:00046458	LAB_ram_00046458	Label	DEFAULT
ram:0004645e	LAB_ram_0004645e	Label	DEFAULT
ram:00046486	FUN_ram_00046486	Function	DEFAULT
ram:000464c4	LAB_ram_000464c4	Label	DEFAULT
ram:000464cc	LAB_ram_000464cc	Label	DEFAULT
ram:000464e4	LAB_ram_000464e4	Label	DEFAULT
ram:0004655c	LAB_ram_0004655c	Label	DEFAULT
ram:00046566	LAB_ram_00046566	Label	DEFAULT
ram:00046590	FUN_ram_00046590	Function	DEFAULT
ram:000465e0	LAB_ram_000465e0	Label	DEFAULT
ram:000465e8	LAB_ram_000465e8	Label	DEFAULT
ram:00046606	LAB_ram_00046606	Label	DEFAULT
ram:00046630	LAB_ram_00046630	Label	DEFAULT
ram:00046692	LAB_ram_00046692	Label	DEFAULT
ram:000466a0	LAB_ram_000466a0	Label	DEFAULT
ram:000466a6	LAB_ram_000466a6	Label	DEFAULT
ram:000466a8	LAB_ram_000466a8	Label	DEFAULT
ram:000466b2	LAB_ram_000466b2	Label	DEFAULT
ram:000466c0	LAB_ram_000466c0	Label	DEFAULT
ram:000466c6	LAB_ram_000466c6	Label	DEFAULT
ram:000466d0	LAB_ram_000466d0	Label	DEFAULT
ram:000466da	LAB_ram_000466da	Label	DEFAULT
ram:000466e4	LAB_ram_000466e4	Label	DEFAULT
ram:000466f4	LAB_ram_000466f4	Label	DEFAULT
ram:000466f8	LAB_ram_000466f8	Label	DEFAULT
ram:00046704	LAB_ram_00046704	Label	DEFAULT
ram:0004670a	LAB_ram_0004670a	Label	DEFAULT
ram:00046712	LAB_ram_00046712	Label	DEFAULT
ram:00046718	LAB_ram_00046718	Label	DEFAULT
ram:0004671c	LAB_ram_0004671c	Label	DEFAULT
ram:0004672a	LAB_ram_0004672a	Label	DEFAULT
ram:00046734	LAB_ram_00046734	Label	DEFAULT
ram:000467ce	LAB_ram_000467ce	Label	DEFAULT
ram:000467d4	LAB_ram_000467d4	Label	DEFAULT
ram:00046806	FUN_ram_00046806	Function	DEFAULT
ram:0004683e	LAB_ram_0004683e	Label	DEFAULT
ram:00046840	LAB_ram_00046840	Label	DEFAULT
ram:00046844	FUN_ram_00046844	Function	DEFAULT
ram:000468c4	LAB_ram_000468c4	Label	DEFAULT
ram:0004691a	LAB_ram_0004691a	Label	DEFAULT
ram:0004692e	LAB_ram_0004692e	Label	DEFAULT
ram:0004693e	LAB_ram_0004693e	Label	DEFAULT
ram:00046966	LAB_ram_00046966	Label	DEFAULT
ram:0004696a	FUN_ram_0004696a	Function	DEFAULT
ram:00046a66	LAB_ram_00046a66	Label	DEFAULT
ram:00046a70	LAB_ram_00046a70	Label	DEFAULT
ram:00046b5a	LAB_ram_00046b5a	Label	DEFAULT
ram:00046b62	LAB_ram_00046b62	Label	DEFAULT
ram:00046b9a	LAB_ram_00046b9a	Label	DEFAULT
ram:00046bd6	LAB_ram_00046bd6	Label	DEFAULT
ram:00046be8	LAB_ram_00046be8	Label	DEFAULT
ram:00046bf6	LAB_ram_00046bf6	Label	DEFAULT
ram:00046c08	FUN_ram_00046c08	Function	DEFAULT
ram:00046c1e	LAB_ram_00046c1e	Label	DEFAULT
ram:00046c22	FUN_ram_00046c22	Function	DEFAULT
ram:00046ca0	FUN_ram_00046ca0	Function	DEFAULT
ram:00046ce4	LAB_ram_00046ce4	Label	DEFAULT
ram:00046ce6	LAB_ram_00046ce6	Label	DEFAULT
ram:00046cf0	LAB_ram_00046cf0	Label	DEFAULT
ram:00046cf6	LAB_ram_00046cf6	Label	DEFAULT
ram:00046cfa	LAB_ram_00046cfa	Label	DEFAULT
ram:00046d28	LAB_ram_00046d28	Label	DEFAULT
ram:00046d3e	LAB_ram_00046d3e	Label	DEFAULT
ram:00046d4a	FUN_ram_00046d4a	Function	DEFAULT
ram:00046d66	LAB_ram_00046d66	Label	DEFAULT
ram:00046d6e	FUN_ram_00046d6e	Function	DEFAULT
ram:00046d9e	FUN_ram_00046d9e	Function	DEFAULT
ram:00046df2	FUN_ram_00046df2	Function	DEFAULT
ram:00046e42	LAB_ram_00046e42	Label	DEFAULT
ram:00046ee8	LAB_ram_00046ee8	Label	DEFAULT
ram:00046efc	FUN_ram_00046efc	Function	DEFAULT
ram:00046f2a	LAB_ram_00046f2a	Label	DEFAULT
ram:00046f38	LAB_ram_00046f38	Label	DEFAULT
ram:00046f5c	LAB_ram_00046f5c	Label	DEFAULT
ram:00046f5e	LAB_ram_00046f5e	Label	DEFAULT
ram:00046f6a	LAB_ram_00046f6a	Label	DEFAULT
ram:00046f72	LAB_ram_00046f72	Label	DEFAULT
ram:00046f8a	LAB_ram_00046f8a	Label	DEFAULT
ram:00046f90	LAB_ram_00046f90	Label	DEFAULT
ram:00046fa4	LAB_ram_00046fa4	Label	DEFAULT
ram:00046fcc	FUN_ram_00046fcc	Function	DEFAULT
ram:0004701e	LAB_ram_0004701e	Label	DEFAULT
ram:00047024	LAB_ram_00047024	Label	DEFAULT
ram:00047030	LAB_ram_00047030	Label	DEFAULT
ram:00047066	FUN_ram_00047066	Function	DEFAULT
ram:000470e0	LAB_ram_000470e0	Label	DEFAULT
ram:000470f0	LAB_ram_000470f0	Label	DEFAULT
ram:0004713c	LAB_ram_0004713c	Label	DEFAULT
ram:00047150	LAB_ram_00047150	Label	DEFAULT
ram:0004715a	LAB_ram_0004715a	Label	DEFAULT
ram:00047164	LAB_ram_00047164	Label	DEFAULT
ram:0004716e	LAB_ram_0004716e	Label	DEFAULT
ram:00047172	LAB_ram_00047172	Label	DEFAULT
ram:00047182	LAB_ram_00047182	Label	DEFAULT
ram:00047188	LAB_ram_00047188	Label	DEFAULT
ram:00047192	LAB_ram_00047192	Label	DEFAULT
ram:000471b2	LAB_ram_000471b2	Label	DEFAULT
ram:000471bc	LAB_ram_000471bc	Label	DEFAULT
ram:000471c8	LAB_ram_000471c8	Label	DEFAULT
ram:000471d4	LAB_ram_000471d4	Label	DEFAULT
ram:000471e2	FUN_ram_000471e2	Function	DEFAULT
ram:00047242	LAB_ram_00047242	Label	DEFAULT
ram:00047250	FUN_ram_00047250	Function	DEFAULT
ram:000472a8	LAB_ram_000472a8	Label	DEFAULT
ram:000472b4	LAB_ram_000472b4	Label	DEFAULT
ram:000472be	LAB_ram_000472be	Label	DEFAULT
ram:000472d8	LAB_ram_000472d8	Label	DEFAULT
ram:0004734a	LAB_ram_0004734a	Label	DEFAULT
ram:0004735a	LAB_ram_0004735a	Label	DEFAULT
ram:0004737a	FUN_ram_0004737a	Function	DEFAULT
ram:0004739e	LAB_ram_0004739e	Label	DEFAULT
ram:000473a2	LAB_ram_000473a2	Label	DEFAULT
ram:000473a6	FUN_ram_000473a6	Function	DEFAULT
ram:000473b6	FUN_ram_000473b6	Function	DEFAULT
ram:000473d0	LAB_ram_000473d0	Label	DEFAULT
ram:000473d4	FUN_ram_000473d4	Function	DEFAULT
ram:000473e4	GAP_UpdateAdvertisingData	Function	USER_DEFINED
ram:000473fe	LAB_ram_000473fe	Label	DEFAULT
ram:0004740e	LAB_ram_0004740e	Label	DEFAULT
ram:00047474	LAB_ram_00047474	Label	DEFAULT
ram:000474bc	LAB_ram_000474bc	Label	DEFAULT
ram:000474e4	LAB_ram_000474e4	Label	DEFAULT
ram:0004752c	LAB_ram_0004752c	Label	DEFAULT
ram:00047530	FUN_ram_00047530	Function	DEFAULT
ram:0004753c	LAB_ram_0004753c	Label	DEFAULT
ram:0004753e	LAB_ram_0004753e	Label	DEFAULT
ram:0004754c	LAB_ram_0004754c	Label	DEFAULT
ram:0004758c	LAB_ram_0004758c	Label	DEFAULT
ram:000475e0	LAB_ram_000475e0	Label	DEFAULT
ram:000475f2	LAB_ram_000475f2	Label	DEFAULT
ram:000475f6	LAB_ram_000475f6	Label	DEFAULT
ram:000475fc	LAB_ram_000475fc	Label	DEFAULT
ram:00047600	LAB_ram_00047600	Label	DEFAULT
ram:00047604	LAB_ram_00047604	Label	DEFAULT
ram:0004762a	LAB_ram_0004762a	Label	DEFAULT
ram:00047632	LAB_ram_00047632	Label	DEFAULT
ram:00047638	LAB_ram_00047638	Label	DEFAULT
ram:0004763c	LAB_ram_0004763c	Label	DEFAULT
ram:00047640	FUN_ram_00047640	Function	DEFAULT
ram:0004764c	LAB_ram_0004764c	Label	DEFAULT
ram:0004764e	LAB_ram_0004764e	Label	DEFAULT
ram:0004765c	LAB_ram_0004765c	Label	DEFAULT
ram:0004769c	LAB_ram_0004769c	Label	DEFAULT
ram:000476f0	LAB_ram_000476f0	Label	DEFAULT
ram:00047702	LAB_ram_00047702	Label	DEFAULT
ram:00047706	LAB_ram_00047706	Label	DEFAULT
ram:0004770c	LAB_ram_0004770c	Label	DEFAULT
ram:00047710	LAB_ram_00047710	Label	DEFAULT
ram:00047714	LAB_ram_00047714	Label	DEFAULT
ram:0004773a	LAB_ram_0004773a	Label	DEFAULT
ram:00047742	LAB_ram_00047742	Label	DEFAULT
ram:00047748	LAB_ram_00047748	Label	DEFAULT
ram:0004774c	LAB_ram_0004774c	Label	DEFAULT
ram:00047750	FUN_ram_00047750	Function	DEFAULT
ram:0004775c	LAB_ram_0004775c	Label	DEFAULT
ram:000477a0	LAB_ram_000477a0	Label	DEFAULT
ram:000477ce	LAB_ram_000477ce	Label	DEFAULT
ram:00047812	LAB_ram_00047812	Label	DEFAULT
ram:00047820	FUN_ram_00047820	Function	DEFAULT
ram:00047844	LAB_ram_00047844	Label	DEFAULT
ram:00047848	FUN_ram_00047848	Function	DEFAULT
ram:0004787a	LAB_ram_0004787a	Label	DEFAULT
ram:0004787c	LAB_ram_0004787c	Label	DEFAULT
ram:00047880	FUN_ram_00047880	Function	DEFAULT
ram:000478b2	LAB_ram_000478b2	Label	DEFAULT
ram:000478b4	LAB_ram_000478b4	Label	DEFAULT
ram:000478b8	GAP_ConfigDeviceAddr	Function	USER_DEFINED
ram:000478cc	LAB_ram_000478cc	Label	DEFAULT
ram:000478ce	LAB_ram_000478ce	Label	DEFAULT
ram:000478e0	LAB_ram_000478e0	Label	DEFAULT
ram:00047916	LAB_ram_00047916	Label	DEFAULT
ram:0004792a	LAB_ram_0004792a	Label	DEFAULT
ram:0004792e	LAB_ram_0004792e	Label	DEFAULT
ram:0004797c	LAB_ram_0004797c	Label	DEFAULT
ram:00047994	LAB_ram_00047994	Label	DEFAULT
ram:000479d6	LAB_ram_000479d6	Label	DEFAULT
ram:000479dc	FUN_ram_000479dc	Function	DEFAULT
ram:00047a08	LAB_ram_00047a08	Label	DEFAULT
ram:00047a0e	FUN_ram_00047a0e	Function	DEFAULT
ram:00047a9e	FUN_ram_00047a9e	Function	DEFAULT
ram:00047ada	LAB_ram_00047ada	Label	DEFAULT
ram:00047ae8	LAB_ram_00047ae8	Label	DEFAULT
ram:00047af2	FUN_ram_00047af2	Function	DEFAULT
ram:00047b52	LAB_ram_00047b52	Label	DEFAULT
ram:00047b58	LAB_ram_00047b58	Label	DEFAULT
ram:00047b6c	LAB_ram_00047b6c	Label	DEFAULT
ram:00047b78	LAB_ram_00047b78	Label	DEFAULT
ram:00047b80	LAB_ram_00047b80	Label	DEFAULT
ram:00047b90	LAB_ram_00047b90	Label	DEFAULT
ram:00047b96	LAB_ram_00047b96	Label	DEFAULT
ram:00047be4	LAB_ram_00047be4	Label	DEFAULT
ram:00047bf6	LAB_ram_00047bf6	Label	DEFAULT
ram:00047bfc	LAB_ram_00047bfc	Label	DEFAULT
ram:00047c06	FUN_ram_00047c06	Function	DEFAULT
ram:00047c3c	LAB_ram_00047c3c	Label	DEFAULT
ram:00047c44	FUN_ram_00047c44	Function	DEFAULT
ram:00047c7a	LAB_ram_00047c7a	Label	DEFAULT
ram:00047c82	LAB_ram_00047c82	Label	DEFAULT
ram:00047c9a	LAB_ram_00047c9a	Label	DEFAULT
ram:00047ca4	LAB_ram_00047ca4	Label	DEFAULT
ram:00047cac	LAB_ram_00047cac	Label	DEFAULT
ram:00047cb4	LAB_ram_00047cb4	Label	DEFAULT
ram:00047cb8	LAB_ram_00047cb8	Label	DEFAULT
ram:00047cbc	LAB_ram_00047cbc	Label	DEFAULT
ram:00047ce6	LAB_ram_00047ce6	Label	DEFAULT
ram:00047cee	LAB_ram_00047cee	Label	DEFAULT
ram:00047cf8	LAB_ram_00047cf8	Label	DEFAULT
ram:00047d02	LAB_ram_00047d02	Label	DEFAULT
ram:00047d66	LAB_ram_00047d66	Label	DEFAULT
ram:00047d6c	LAB_ram_00047d6c	Label	DEFAULT
ram:00047d86	LAB_ram_00047d86	Label	DEFAULT
ram:00047dc4	LAB_ram_00047dc4	Label	DEFAULT
ram:00047e0a	LAB_ram_00047e0a	Label	DEFAULT
ram:00047e10	LAB_ram_00047e10	Label	DEFAULT
ram:00047e16	LAB_ram_00047e16	Label	DEFAULT
ram:00047e30	LAB_ram_00047e30	Label	DEFAULT
ram:00047e74	LAB_ram_00047e74	Label	DEFAULT
ram:00047e7a	FUN_ram_00047e7a	Function	DEFAULT
ram:00047e98	LAB_ram_00047e98	Label	DEFAULT
ram:00047e9e	LAB_ram_00047e9e	Label	DEFAULT
ram:00047ea8	FUN_ram_00047ea8	Function	DEFAULT
ram:00047eba	LAB_ram_00047eba	Label	DEFAULT
ram:00047ece	LAB_ram_00047ece	Label	DEFAULT
ram:00047edc	LAB_ram_00047edc	Label	DEFAULT
ram:00047eea	LAB_ram_00047eea	Label	DEFAULT
ram:00047ef8	LAB_ram_00047ef8	Label	DEFAULT
ram:00047f00	LAB_ram_00047f00	Label	DEFAULT
ram:00047f04	LAB_ram_00047f04	Label	DEFAULT
ram:00047f06	LAB_ram_00047f06	Label	DEFAULT
ram:00047f10	LAB_ram_00047f10	Label	DEFAULT
ram:00047f64	LAB_ram_00047f64	Label	DEFAULT
ram:00047f6c	LAB_ram_00047f6c	Label	DEFAULT
ram:00047f92	LAB_ram_00047f92	Label	DEFAULT
ram:00047fa8	LAB_ram_00047fa8	Label	DEFAULT
ram:00047fb0	LAB_ram_00047fb0	Label	DEFAULT
ram:00047fc0	LAB_ram_00047fc0	Label	DEFAULT
ram:00047fd4	LAB_ram_00047fd4	Label	DEFAULT
ram:00047fd6	LAB_ram_00047fd6	Label	DEFAULT
ram:00047fe4	LAB_ram_00047fe4	Label	DEFAULT
ram:00047fee	LAB_ram_00047fee	Label	DEFAULT
ram:00048002	LAB_ram_00048002	Label	DEFAULT
ram:00048056	LAB_ram_00048056	Label	DEFAULT
ram:0004805c	LAB_ram_0004805c	Label	DEFAULT
ram:00048064	LAB_ram_00048064	Label	DEFAULT
ram:00048066	LAB_ram_00048066	Label	DEFAULT
ram:000480bc	LAB_ram_000480bc	Label	DEFAULT
ram:000480c0	LAB_ram_000480c0	Label	DEFAULT
ram:000480d2	LAB_ram_000480d2	Label	DEFAULT
ram:000480e4	LAB_ram_000480e4	Label	DEFAULT
ram:00048106	LAB_ram_00048106	Label	DEFAULT
ram:0004810a	LAB_ram_0004810a	Label	DEFAULT
ram:0004813c	LAB_ram_0004813c	Label	DEFAULT
ram:00048140	LAB_ram_00048140	Label	DEFAULT
ram:00048146	LAB_ram_00048146	Label	DEFAULT
ram:0004814a	LAB_ram_0004814a	Label	DEFAULT
ram:00048176	LAB_ram_00048176	Label	DEFAULT
ram:0004817a	LAB_ram_0004817a	Label	DEFAULT
ram:000481a4	LAB_ram_000481a4	Label	DEFAULT
ram:000481c2	LAB_ram_000481c2	Label	DEFAULT
ram:000481c8	FUN_ram_000481c8	Function	DEFAULT
ram:000481ea	LAB_ram_000481ea	Label	DEFAULT
ram:00048360	GGS_SetParameter	Function	USER_DEFINED
ram:00048382	switchD	Label	ANALYSIS
ram:00048384	caseD_0	Label	ANALYSIS
ram:000483b0	LAB_ram_000483b0	Label	DEFAULT
ram:000483b2	LAB_ram_000483b2	Label	DEFAULT
ram:000483be	caseD_1	Label	ANALYSIS
ram:000483d4	caseD_4	Label	ANALYSIS
ram:000483ee	caseD_6	Label	ANALYSIS
ram:00048404	LAB_ram_00048404	Label	DEFAULT
ram:0004840e	caseD_7	Label	ANALYSIS
ram:00048426	caseD_9	Label	ANALYSIS
ram:0004843c	caseD_2	Label	ANALYSIS
ram:0004843c	caseD_3	Label	ANALYSIS
ram:0004843c	caseD_5	Label	ANALYSIS
ram:0004843c	caseD_8	Label	ANALYSIS
ram:00048440	default	Label	ANALYSIS
ram:00048444	GGS_GetParameter	Function	USER_DEFINED
ram:00048462	LAB_ram_00048462	Label	DEFAULT
ram:00048468	LAB_ram_00048468	Label	DEFAULT
ram:0004847a	LAB_ram_0004847a	Label	DEFAULT
ram:0004847e	LAB_ram_0004847e	Label	DEFAULT
ram:0004848e	LAB_ram_0004848e	Label	DEFAULT
ram:0004849e	LAB_ram_0004849e	Label	DEFAULT
ram:000484ac	GGS_AddService	Function	USER_DEFINED
ram:000484dc	LAB_ram_000484dc	Label	DEFAULT
ram:000484e0	FUN_ram_000484e0	Function	DEFAULT
ram:00048514	switchD	Label	ANALYSIS
ram:00048516	caseD_0	Label	ANALYSIS
ram:00048524	LAB_ram_00048524	Label	DEFAULT
ram:00048536	caseD_1	Label	ANALYSIS
ram:00048548	caseD_3	Label	ANALYSIS
ram:0004855c	LAB_ram_0004855c	Label	DEFAULT
ram:0004856a	caseD_7	Label	ANALYSIS
ram:0004858e	caseD_b	Label	ANALYSIS
ram:000485b2	caseD_2	Label	ANALYSIS
ram:000485b2	caseD_4	Label	ANALYSIS
ram:000485b2	caseD_5	Label	ANALYSIS
ram:000485b2	caseD_6	Label	ANALYSIS
ram:000485b2	caseD_8	Label	ANALYSIS
ram:000485b2	caseD_9	Label	ANALYSIS
ram:000485b2	caseD_a	Label	ANALYSIS
ram:000485b6	FUN_ram_000485b6	Function	DEFAULT
ram:000485f2	LAB_ram_000485f2	Label	DEFAULT
ram:00048602	FUN_ram_00048602	Function	DEFAULT
ram:0004863e	LAB_ram_0004863e	Label	DEFAULT
ram:0004864e	FUN_ram_0004864e	Function	DEFAULT
ram:00048696	LAB_ram_00048696	Label	DEFAULT
ram:000486c8	LAB_ram_000486c8	Label	DEFAULT
ram:000486da	FUN_ram_000486da	Function	DEFAULT
ram:00048716	LAB_ram_00048716	Label	DEFAULT
ram:00048726	FUN_ram_00048726	Function	DEFAULT
ram:00048748	LAB_ram_00048748	Label	DEFAULT
ram:00048750	LAB_ram_00048750	Label	DEFAULT
ram:0004875e	LAB_ram_0004875e	Label	DEFAULT
ram:00048778	LAB_ram_00048778	Label	DEFAULT
ram:00048786	LAB_ram_00048786	Label	DEFAULT
ram:00048794	LAB_ram_00048794	Label	DEFAULT
ram:00048798	LAB_ram_00048798	Label	DEFAULT
ram:0004879c	LAB_ram_0004879c	Label	DEFAULT
ram:000487a0	LAB_ram_000487a0	Label	DEFAULT
ram:000487a4	FUN_ram_000487a4	Function	DEFAULT
ram:000487fc	LAB_ram_000487fc	Label	DEFAULT
ram:00048806	LAB_ram_00048806	Label	DEFAULT
ram:00048818	LAB_ram_00048818	Label	DEFAULT
ram:00048824	LAB_ram_00048824	Label	DEFAULT
ram:00048828	FUN_ram_00048828	Function	DEFAULT
ram:0004885e	LAB_ram_0004885e	Label	DEFAULT
ram:00048862	LAB_ram_00048862	Label	DEFAULT
ram:0004886a	LAB_ram_0004886a	Label	DEFAULT
ram:0004887a	FUN_ram_0004887a	Function	DEFAULT
ram:00048886	FUN_ram_00048886	Function	DEFAULT
ram:000488b6	LAB_ram_000488b6	Label	DEFAULT
ram:000488b8	FUN_ram_000488b8	Function	DEFAULT
ram:000488d4	LAB_ram_000488d4	Label	DEFAULT
ram:000488e2	LAB_ram_000488e2	Label	DEFAULT
ram:000488e6	LAB_ram_000488e6	Label	DEFAULT
ram:000488e8	GATT_DiscAllCharDescs	Function	USER_DEFINED
ram:00048928	LAB_ram_00048928	Label	DEFAULT
ram:00048936	GATT_DiscAllChars	Function	USER_DEFINED
ram:00048960	GATT_DiscAllPrimaryServices	Function	USER_DEFINED
ram:000489ac	LAB_ram_000489ac	Label	DEFAULT
ram:000489ba	GATT_DiscCharsByUUID	Function	USER_DEFINED
ram:000489c2	GATT_ExchangeMTU	Function	USER_DEFINED
ram:000489fe	LAB_ram_000489fe	Label	DEFAULT
ram:00048a0e	GATT_FindIncludedServices	Function	USER_DEFINED
ram:00048a38	FUN_ram_00048a38	Function	DEFAULT
ram:00048a6e	LAB_ram_00048a6e	Label	DEFAULT
ram:00048a78	LAB_ram_00048a78	Label	DEFAULT
ram:00048a84	LAB_ram_00048a84	Label	DEFAULT
ram:00048a8e	GATT_ReadCharDesc	Function	USER_DEFINED
ram:00048a92	GATT_ReadCharValue	Function	USER_DEFINED
ram:00048a96	GATT_ReadLongCharDesc	Function	USER_DEFINED
ram:00048a9a	GATT_ReadLongCharValue	Function	USER_DEFINED
ram:00048a9e	GATT_ReadMultiCharValues	Function	USER_DEFINED
ram:00048ada	LAB_ram_00048ada	Label	DEFAULT
ram:00048aea	GATT_ReadUsingCharUUID	Function	USER_DEFINED
ram:00048af2	GATT_SignedWriteNoRsp	Function	USER_DEFINED
ram:00048b1a	LAB_ram_00048b1a	Label	DEFAULT
ram:00048b24	GATT_WriteCharValue	Function	USER_DEFINED
ram:00048b32	LAB_ram_00048b32	Label	DEFAULT
ram:00048b36	GATT_WriteCharDesc	Function	USER_DEFINED
ram:00048b38	GATT_WriteNoRsp	Function	USER_DEFINED
ram:00048b6a	LAB_ram_00048b6a	Label	DEFAULT
ram:00048b74	LAB_ram_00048b74	Label	DEFAULT
ram:00048b78	FUN_ram_00048b78	Function	DEFAULT
ram:00048b82	FUN_ram_00048b82	Function	DEFAULT
ram:00048b8c	FUN_ram_00048b8c	Function	DEFAULT
ram:00048bc8	LAB_ram_00048bc8	Label	DEFAULT
ram:00048bd6	LAB_ram_00048bd6	Label	DEFAULT
ram:00048be0	LAB_ram_00048be0	Label	DEFAULT
ram:00048be6	GATT_bm_alloc	Function	USER_DEFINED
ram:00048c12	LAB_ram_00048c12	Label	DEFAULT
ram:00048c14	LAB_ram_00048c14	Label	DEFAULT
ram:00048c1c	LAB_ram_00048c1c	Label	DEFAULT
ram:00048c2c	LAB_ram_00048c2c	Label	DEFAULT
ram:00048c4c	LAB_ram_00048c4c	Label	DEFAULT
ram:00048c5e	LAB_ram_00048c5e	Label	DEFAULT
ram:00048c66	LAB_ram_00048c66	Label	DEFAULT
ram:00048c6c	LAB_ram_00048c6c	Label	DEFAULT
ram:00048c70	LAB_ram_00048c70	Label	DEFAULT
ram:00048c76	LAB_ram_00048c76	Label	DEFAULT
ram:00048c84	LAB_ram_00048c84	Label	DEFAULT
ram:00048ca0	LAB_ram_00048ca0	Label	DEFAULT
ram:00048ca4	LAB_ram_00048ca4	Label	DEFAULT
ram:00048cac	LAB_ram_00048cac	Label	DEFAULT
ram:00048cb4	LAB_ram_00048cb4	Label	DEFAULT
ram:00048cb8	LAB_ram_00048cb8	Label	DEFAULT
ram:00048cbc	LAB_ram_00048cbc	Label	DEFAULT
ram:00048cc4	LAB_ram_00048cc4	Label	DEFAULT
ram:00048cce	FUN_ram_00048cce	Function	DEFAULT
ram:00048d3a	LAB_ram_00048d3a	Label	DEFAULT
ram:00048d46	LAB_ram_00048d46	Label	DEFAULT
ram:00048d4a	GATT_DiscPrimaryServiceByUUID	Function	USER_DEFINED
ram:00048d64	LAB_ram_00048d64	Label	DEFAULT
ram:00048db4	LAB_ram_00048db4	Label	DEFAULT
ram:00048dc4	FUN_ram_00048dc4	Function	DEFAULT
ram:00048e1c	LAB_ram_00048e1c	Label	DEFAULT
ram:00048e2e	LAB_ram_00048e2e	Label	DEFAULT
ram:00048e32	FUN_ram_00048e32	Function	DEFAULT
ram:00048e46	LAB_ram_00048e46	Label	DEFAULT
ram:00048e48	LAB_ram_00048e48	Label	DEFAULT
ram:00048e7c	LAB_ram_00048e7c	Label	DEFAULT
ram:00048ef2	LAB_ram_00048ef2	Label	DEFAULT
ram:00048ef4	LAB_ram_00048ef4	Label	DEFAULT
ram:00048f00	LAB_ram_00048f00	Label	DEFAULT
ram:00048f06	FUN_ram_00048f06	Function	DEFAULT
ram:00048f56	LAB_ram_00048f56	Label	DEFAULT
ram:00048f78	LAB_ram_00048f78	Label	DEFAULT
ram:00048f7a	LAB_ram_00048f7a	Label	DEFAULT
ram:00048f84	LAB_ram_00048f84	Label	DEFAULT
ram:00048f8c	LAB_ram_00048f8c	Label	DEFAULT
ram:00048f8e	LAB_ram_00048f8e	Label	DEFAULT
ram:00048fc2	LAB_ram_00048fc2	Label	DEFAULT
ram:00048fc6	FUN_ram_00048fc6	Function	DEFAULT
ram:00048ff6	LAB_ram_00048ff6	Label	DEFAULT
ram:00049036	LAB_ram_00049036	Label	DEFAULT
ram:00049046	GATT_WriteLongCharValue	Function	USER_DEFINED
ram:0004904a	GATT_WriteLongCharDesc	Function	USER_DEFINED
ram:0004904e	GATT_ReliableWrites	Function	USER_DEFINED
ram:0004907c	LAB_ram_0004907c	Label	DEFAULT
ram:00049102	LAB_ram_00049102	Label	DEFAULT
ram:00049118	LAB_ram_00049118	Label	DEFAULT
ram:00049124	LAB_ram_00049124	Label	DEFAULT
ram:00049128	FUN_ram_00049128	Function	DEFAULT
ram:000491ac	LAB_ram_000491ac	Label	DEFAULT
ram:000491bc	GATT_bm_free	Function	USER_DEFINED
ram:000491d2	LAB_ram_000491d2	Label	DEFAULT
ram:000491d8	FUN_ram_000491d8	Function	DEFAULT
ram:0004920a	LAB_ram_0004920a	Label	DEFAULT
ram:00049266	LAB_ram_00049266	Label	DEFAULT
ram:00049284	LAB_ram_00049284	Label	DEFAULT
ram:00049296	LAB_ram_00049296	Label	DEFAULT
ram:000492ba	LAB_ram_000492ba	Label	DEFAULT
ram:000492c4	LAB_ram_000492c4	Label	DEFAULT
ram:000492ca	LAB_ram_000492ca	Label	DEFAULT
ram:000492dc	LAB_ram_000492dc	Label	DEFAULT
ram:000492ea	LAB_ram_000492ea	Label	DEFAULT
ram:00049304	LAB_ram_00049304	Label	DEFAULT
ram:00049314	LAB_ram_00049314	Label	DEFAULT
ram:0004932e	LAB_ram_0004932e	Label	DEFAULT
ram:00049342	LAB_ram_00049342	Label	DEFAULT
ram:00049346	LAB_ram_00049346	Label	DEFAULT
ram:0004934a	FUN_ram_0004934a	Function	DEFAULT
ram:000493b8	LAB_ram_000493b8	Label	DEFAULT
ram:000493bc	LAB_ram_000493bc	Label	DEFAULT
ram:00049404	LAB_ram_00049404	Label	DEFAULT
ram:0004941a	LAB_ram_0004941a	Label	DEFAULT
ram:00049450	LAB_ram_00049450	Label	DEFAULT
ram:00049466	LAB_ram_00049466	Label	DEFAULT
ram:00049474	LAB_ram_00049474	Label	DEFAULT
ram:00049484	LAB_ram_00049484	Label	DEFAULT
ram:00049486	LAB_ram_00049486	Label	DEFAULT
ram:0004949a	LAB_ram_0004949a	Label	DEFAULT
ram:000494b4	LAB_ram_000494b4	Label	DEFAULT
ram:000494b8	LAB_ram_000494b8	Label	DEFAULT
ram:00049522	FUN_ram_00049522	Function	DEFAULT
ram:00049534	LAB_ram_00049534	Label	DEFAULT
ram:0004953a	LAB_ram_0004953a	Label	DEFAULT
ram:0004953e	LAB_ram_0004953e	Label	DEFAULT
ram:00049554	FUN_ram_00049554	Function	DEFAULT
ram:00049576	LAB_ram_00049576	Label	DEFAULT
ram:0004957c	FUN_ram_0004957c	Function	DEFAULT
ram:0004958e	LAB_ram_0004958e	Label	DEFAULT
ram:000495a8	LAB_ram_000495a8	Label	DEFAULT
ram:000495ae	LAB_ram_000495ae	Label	DEFAULT
ram:000495b2	FUN_ram_000495b2	Function	DEFAULT
ram:000495e2	LAB_ram_000495e2	Label	DEFAULT
ram:0004960a	LAB_ram_0004960a	Label	DEFAULT
ram:0004961c	LAB_ram_0004961c	Label	DEFAULT
ram:00049622	LAB_ram_00049622	Label	DEFAULT
ram:0004962c	LAB_ram_0004962c	Label	DEFAULT
ram:00049636	LAB_ram_00049636	Label	DEFAULT
ram:0004963c	FUN_ram_0004963c	Function	DEFAULT
ram:00049666	LAB_ram_00049666	Label	DEFAULT
ram:00049670	LAB_ram_00049670	Label	DEFAULT
ram:00049684	LAB_ram_00049684	Label	DEFAULT
ram:000496aa	LAB_ram_000496aa	Label	DEFAULT
ram:000496b6	LAB_ram_000496b6	Label	DEFAULT
ram:000496bc	LAB_ram_000496bc	Label	DEFAULT
ram:000496d6	LAB_ram_000496d6	Label	DEFAULT
ram:00049718	LAB_ram_00049718	Label	DEFAULT
ram:0004972c	LAB_ram_0004972c	Label	DEFAULT
ram:0004972e	FUN_ram_0004972e	Function	DEFAULT
ram:0004978e	LAB_ram_0004978e	Label	DEFAULT
ram:0004979e	LAB_ram_0004979e	Label	DEFAULT
ram:000497a0	GATT_RegisterForInd	Function	USER_DEFINED
ram:000497aa	FUN_ram_000497aa	Function	DEFAULT
ram:000497d2	LAB_ram_000497d2	Label	DEFAULT
ram:0004981c	LAB_ram_0004981c	Label	DEFAULT
ram:00049824	LAB_ram_00049824	Label	DEFAULT
ram:00049836	LAB_ram_00049836	Label	DEFAULT
ram:00049838	LAB_ram_00049838	Label	DEFAULT
ram:0004983c	FUN_ram_0004983c	Function	DEFAULT
ram:000498a2	LAB_ram_000498a2	Label	DEFAULT
ram:000498b6	LAB_ram_000498b6	Label	DEFAULT
ram:000498ba	FUN_ram_000498ba	Function	DEFAULT
ram:00049912	LAB_ram_00049912	Label	DEFAULT
ram:0004991c	LAB_ram_0004991c	Label	DEFAULT
ram:00049932	FUN_ram_00049932	Function	DEFAULT
ram:0004996c	LAB_ram_0004996c	Label	DEFAULT
ram:0004996e	LAB_ram_0004996e	Label	DEFAULT
ram:00049972	LAB_ram_00049972	Label	DEFAULT
ram:000499b0	LAB_ram_000499b0	Label	DEFAULT
ram:000499c4	FUN_ram_000499c4	Function	DEFAULT
ram:000499ee	LAB_ram_000499ee	Label	DEFAULT
ram:00049a20	LAB_ram_00049a20	Label	DEFAULT
ram:00049a32	LAB_ram_00049a32	Label	DEFAULT
ram:00049a3a	LAB_ram_00049a3a	Label	DEFAULT
ram:00049a4c	LAB_ram_00049a4c	Label	DEFAULT
ram:00049a5e	LAB_ram_00049a5e	Label	DEFAULT
ram:00049a70	LAB_ram_00049a70	Label	DEFAULT
ram:00049a82	LAB_ram_00049a82	Label	DEFAULT
ram:00049a9c	LAB_ram_00049a9c	Label	DEFAULT
ram:00049aa2	LAB_ram_00049aa2	Label	DEFAULT
ram:00049aa4	LAB_ram_00049aa4	Label	DEFAULT
ram:00049ab0	LAB_ram_00049ab0	Label	DEFAULT
ram:00049ab2	LAB_ram_00049ab2	Label	DEFAULT
ram:00049abc	LAB_ram_00049abc	Label	DEFAULT
ram:00049ace	LAB_ram_00049ace	Label	DEFAULT
ram:00049ad4	LAB_ram_00049ad4	Label	DEFAULT
ram:00049af4	LAB_ram_00049af4	Label	DEFAULT
ram:00049af8	FUN_ram_00049af8	Function	DEFAULT
ram:00049b58	LAB_ram_00049b58	Label	DEFAULT
ram:00049b5a	LAB_ram_00049b5a	Label	DEFAULT
ram:00049b6e	LAB_ram_00049b6e	Label	DEFAULT
ram:00049b84	LAB_ram_00049b84	Label	DEFAULT
ram:00049b86	LAB_ram_00049b86	Label	DEFAULT
ram:00049bbc	LAB_ram_00049bbc	Label	DEFAULT
ram:00049bd0	LAB_ram_00049bd0	Label	DEFAULT
ram:00049bea	LAB_ram_00049bea	Label	DEFAULT
ram:00049bfe	LAB_ram_00049bfe	Label	DEFAULT
ram:00049c0e	LAB_ram_00049c0e	Label	DEFAULT
ram:00049c10	LAB_ram_00049c10	Label	DEFAULT
ram:00049c2a	LAB_ram_00049c2a	Label	DEFAULT
ram:00049c64	LAB_ram_00049c64	Label	DEFAULT
ram:00049c74	LAB_ram_00049c74	Label	DEFAULT
ram:00049c7c	LAB_ram_00049c7c	Label	DEFAULT
ram:00049c98	LAB_ram_00049c98	Label	DEFAULT
ram:00049ca6	LAB_ram_00049ca6	Label	DEFAULT
ram:00049cbc	LAB_ram_00049cbc	Label	DEFAULT
ram:00049cc2	LAB_ram_00049cc2	Label	DEFAULT
ram:00049ce6	GATT_InitClient	Function	USER_DEFINED
ram:00049d4c	LAB_ram_00049d4c	Label	DEFAULT
ram:00049d7a	LAB_ram_00049d7a	Label	DEFAULT
ram:00049d8a	LAB_ram_00049d8a	Label	DEFAULT
ram:00049dbe	LAB_ram_00049dbe	Label	DEFAULT
ram:00049dc2	FUN_ram_00049dc2	Function	DEFAULT
ram:00049dcc	LAB_ram_00049dcc	Label	DEFAULT
ram:00049dd2	LAB_ram_00049dd2	Label	DEFAULT
ram:00049dd6	LAB_ram_00049dd6	Label	DEFAULT
ram:00049de6	LAB_ram_00049de6	Label	DEFAULT
ram:00049e20	LAB_ram_00049e20	Label	DEFAULT
ram:00049e22	FUN_ram_00049e22	Function	DEFAULT
ram:00049e2e	LAB_ram_00049e2e	Label	DEFAULT
ram:00049e34	LAB_ram_00049e34	Label	DEFAULT
ram:00049e42	LAB_ram_00049e42	Label	DEFAULT
ram:00049e46	FUN_ram_00049e46	Function	DEFAULT
ram:00049f4a	GATTServApp_ReadCharCfg	Function	USER_DEFINED
ram:00049f58	LAB_ram_00049f58	Label	DEFAULT
ram:00049f5e	LAB_ram_00049f5e	Label	DEFAULT
ram:00049f62	GATTServApp_WriteCharCfg	Function	USER_DEFINED
ram:00049f8a	LAB_ram_00049f8a	Label	DEFAULT
ram:00049f90	LAB_ram_00049f90	Label	DEFAULT
ram:00049f9e	GATTServApp_ProcessCCCWriteReq	Function	USER_DEFINED
ram:00049fe8	LAB_ram_00049fe8	Label	DEFAULT
ram:00049fea	LAB_ram_00049fea	Label	DEFAULT
ram:00049fee	LAB_ram_00049fee	Label	DEFAULT
ram:00049ff2	LAB_ram_00049ff2	Label	DEFAULT
ram:00049ffe	LAB_ram_00049ffe	Label	DEFAULT
ram:0004a02e	LAB_ram_0004a02e	Label	DEFAULT
ram:0004a032	FUN_ram_0004a032	Function	DEFAULT
ram:0004a08e	LAB_ram_0004a08e	Label	DEFAULT
ram:0004a09c	GATTServApp_SendServiceChangedInd	Function	USER_DEFINED
ram:0004a0c8	LAB_ram_0004a0c8	Label	DEFAULT
ram:0004a0d4	FUN_ram_0004a0d4	Function	DEFAULT
ram:0004a0e8	LAB_ram_0004a0e8	Label	DEFAULT
ram:0004a0fa	LAB_ram_0004a0fa	Label	DEFAULT
ram:0004a112	LAB_ram_0004a112	Label	DEFAULT
ram:0004a124	FUN_ram_0004a124	Function	DEFAULT
ram:0004a136	LAB_ram_0004a136	Label	DEFAULT
ram:0004a13c	LAB_ram_0004a13c	Label	DEFAULT
ram:0004a140	LAB_ram_0004a140	Label	DEFAULT
ram:0004a156	FUN_ram_0004a156	Function	DEFAULT
ram:0004a15e	LAB_ram_0004a15e	Label	DEFAULT
ram:0004a16c	LAB_ram_0004a16c	Label	DEFAULT
ram:0004a170	LAB_ram_0004a170	Label	DEFAULT
ram:0004a174	FUN_ram_0004a174	Function	DEFAULT
ram:0004a180	LAB_ram_0004a180	Label	DEFAULT
ram:0004a186	LAB_ram_0004a186	Label	DEFAULT
ram:0004a18a	FUN_ram_0004a18a	Function	DEFAULT
ram:0004a1ac	LAB_ram_0004a1ac	Label	DEFAULT
ram:0004a1c4	LAB_ram_0004a1c4	Label	DEFAULT
ram:0004a1cc	LAB_ram_0004a1cc	Label	DEFAULT
ram:0004a1e8	LAB_ram_0004a1e8	Label	DEFAULT
ram:0004a212	LAB_ram_0004a212	Label	DEFAULT
ram:0004a224	LAB_ram_0004a224	Label	DEFAULT
ram:0004a238	LAB_ram_0004a238	Label	DEFAULT
ram:0004a23c	LAB_ram_0004a23c	Label	DEFAULT
ram:0004a23e	LAB_ram_0004a23e	Label	DEFAULT
ram:0004a252	LAB_ram_0004a252	Label	DEFAULT
ram:0004a26c	LAB_ram_0004a26c	Label	DEFAULT
ram:0004a274	FUN_ram_0004a274	Function	DEFAULT
ram:0004a27c	LAB_ram_0004a27c	Label	DEFAULT
ram:0004a282	LAB_ram_0004a282	Label	DEFAULT
ram:0004a292	LAB_ram_0004a292	Label	DEFAULT
ram:0004a296	FUN_ram_0004a296	Function	DEFAULT
ram:0004a2a4	LAB_ram_0004a2a4	Label	DEFAULT
ram:0004a2aa	LAB_ram_0004a2aa	Label	DEFAULT
ram:0004a2ae	FUN_ram_0004a2ae	Function	DEFAULT
ram:0004a2bc	LAB_ram_0004a2bc	Label	DEFAULT
ram:0004a2c2	LAB_ram_0004a2c2	Label	DEFAULT
ram:0004a2c6	FUN_ram_0004a2c6	Function	DEFAULT
ram:0004a2ea	LAB_ram_0004a2ea	Label	DEFAULT
ram:0004a2ec	LAB_ram_0004a2ec	Label	DEFAULT
ram:0004a2f4	FUN_ram_0004a2f4	Function	DEFAULT
ram:0004a308	LAB_ram_0004a308	Label	DEFAULT
ram:0004a31a	LAB_ram_0004a31a	Label	DEFAULT
ram:0004a32c	LAB_ram_0004a32c	Label	DEFAULT
ram:0004a338	LAB_ram_0004a338	Label	DEFAULT
ram:0004a340	LAB_ram_0004a340	Label	DEFAULT
ram:0004a346	LAB_ram_0004a346	Label	DEFAULT
ram:0004a34a	LAB_ram_0004a34a	Label	DEFAULT
ram:0004a34e	GATTServApp_DeregisterService	Function	USER_DEFINED
ram:0004a35c	LAB_ram_0004a35c	Label	DEFAULT
ram:0004a374	LAB_ram_0004a374	Label	DEFAULT
ram:0004a392	LAB_ram_0004a392	Label	DEFAULT
ram:0004a39c	LAB_ram_0004a39c	Label	DEFAULT
ram:0004a3a2	LAB_ram_0004a3a2	Label	DEFAULT
ram:0004a3a6	LAB_ram_0004a3a6	Label	DEFAULT
ram:0004a3aa	FUN_ram_0004a3aa	Function	DEFAULT
ram:0004a3c6	FUN_ram_0004a3c6	Function	DEFAULT
ram:0004a3dc	LAB_ram_0004a3dc	Label	DEFAULT
ram:0004a3f2	LAB_ram_0004a3f2	Label	DEFAULT
ram:0004a3f4	FUN_ram_0004a3f4	Function	DEFAULT
ram:0004a41e	LAB_ram_0004a41e	Label	DEFAULT
ram:0004a428	LAB_ram_0004a428	Label	DEFAULT
ram:0004a43c	LAB_ram_0004a43c	Label	DEFAULT
ram:0004a460	LAB_ram_0004a460	Label	DEFAULT
ram:0004a46c	LAB_ram_0004a46c	Label	DEFAULT
ram:0004a472	LAB_ram_0004a472	Label	DEFAULT
ram:0004a48c	FUN_ram_0004a48c	Function	DEFAULT
ram:0004a4b6	LAB_ram_0004a4b6	Label	DEFAULT
ram:0004a4b8	LAB_ram_0004a4b8	Label	DEFAULT
ram:0004a4d0	LAB_ram_0004a4d0	Label	DEFAULT
ram:0004a4f8	LAB_ram_0004a4f8	Label	DEFAULT
ram:0004a548	LAB_ram_0004a548	Label	DEFAULT
ram:0004a598	LAB_ram_0004a598	Label	DEFAULT
ram:0004a5e2	LAB_ram_0004a5e2	Label	DEFAULT
ram:0004a602	LAB_ram_0004a602	Label	DEFAULT
ram:0004a608	LAB_ram_0004a608	Label	DEFAULT
ram:0004a636	LAB_ram_0004a636	Label	DEFAULT
ram:0004a65c	FUN_ram_0004a65c	Function	DEFAULT
ram:0004a67e	LAB_ram_0004a67e	Label	DEFAULT
ram:0004a684	GATT_FindHandle	Function	USER_DEFINED
ram:0004a68c	LAB_ram_0004a68c	Label	DEFAULT
ram:0004a692	LAB_ram_0004a692	Label	DEFAULT
ram:0004a6aa	LAB_ram_0004a6aa	Label	DEFAULT
ram:0004a6ae	LAB_ram_0004a6ae	Label	DEFAULT
ram:0004a6b2	LAB_ram_0004a6b2	Label	DEFAULT
ram:0004a6c4	LAB_ram_0004a6c4	Label	DEFAULT
ram:0004a6c8	LAB_ram_0004a6c8	Label	DEFAULT
ram:0004a6d0	FUN_ram_0004a6d0	Function	DEFAULT
ram:0004a764	LAB_ram_0004a764	Label	DEFAULT
ram:0004a778	FUN_ram_0004a778	Function	DEFAULT
ram:0004a7a0	LAB_ram_0004a7a0	Label	DEFAULT
ram:0004a7a8	LAB_ram_0004a7a8	Label	DEFAULT
ram:0004a7ac	LAB_ram_0004a7ac	Label	DEFAULT
ram:0004a7ea	LAB_ram_0004a7ea	Label	DEFAULT
ram:0004a7f8	LAB_ram_0004a7f8	Label	DEFAULT
ram:0004a812	LAB_ram_0004a812	Label	DEFAULT
ram:0004a81e	LAB_ram_0004a81e	Label	DEFAULT
ram:0004a82a	LAB_ram_0004a82a	Label	DEFAULT
ram:0004a83e	LAB_ram_0004a83e	Label	DEFAULT
ram:0004a85c	LAB_ram_0004a85c	Label	DEFAULT
ram:0004a866	LAB_ram_0004a866	Label	DEFAULT
ram:0004a872	LAB_ram_0004a872	Label	DEFAULT
ram:0004a878	FUN_ram_0004a878	Function	DEFAULT
ram:0004a896	FUN_ram_0004a896	Function	DEFAULT
ram:0004a8d8	LAB_ram_0004a8d8	Label	DEFAULT
ram:0004a8e4	LAB_ram_0004a8e4	Label	DEFAULT
ram:0004a8ee	LAB_ram_0004a8ee	Label	DEFAULT
ram:0004a8f8	LAB_ram_0004a8f8	Label	DEFAULT
ram:0004a91a	LAB_ram_0004a91a	Label	DEFAULT
ram:0004a91e	LAB_ram_0004a91e	Label	DEFAULT
ram:0004a926	LAB_ram_0004a926	Label	DEFAULT
ram:0004a976	LAB_ram_0004a976	Label	DEFAULT
ram:0004a994	LAB_ram_0004a994	Label	DEFAULT
ram:0004a9a0	LAB_ram_0004a9a0	Label	DEFAULT
ram:0004a9a4	FUN_ram_0004a9a4	Function	DEFAULT
ram:0004a9cc	LAB_ram_0004a9cc	Label	DEFAULT
ram:0004a9da	LAB_ram_0004a9da	Label	DEFAULT
ram:0004aa04	LAB_ram_0004aa04	Label	DEFAULT
ram:0004aa06	LAB_ram_0004aa06	Label	DEFAULT
ram:0004aa14	LAB_ram_0004aa14	Label	DEFAULT
ram:0004aa30	LAB_ram_0004aa30	Label	DEFAULT
ram:0004aa40	LAB_ram_0004aa40	Label	DEFAULT
ram:0004aa4c	LAB_ram_0004aa4c	Label	DEFAULT
ram:0004aa50	LAB_ram_0004aa50	Label	DEFAULT
ram:0004aa54	GATT_Indication	Function	USER_DEFINED
ram:0004aa90	LAB_ram_0004aa90	Label	DEFAULT
ram:0004aa9c	LAB_ram_0004aa9c	Label	DEFAULT
ram:0004aaae	LAB_ram_0004aaae	Label	DEFAULT
ram:0004aad6	LAB_ram_0004aad6	Label	DEFAULT
ram:0004aaf8	FUN_ram_0004aaf8	Function	DEFAULT
ram:0004ab20	LAB_ram_0004ab20	Label	DEFAULT
ram:0004ab26	LAB_ram_0004ab26	Label	DEFAULT
ram:0004ab32	LAB_ram_0004ab32	Label	DEFAULT
ram:0004ab3a	LAB_ram_0004ab3a	Label	DEFAULT
ram:0004ab44	LAB_ram_0004ab44	Label	DEFAULT
ram:0004ab50	LAB_ram_0004ab50	Label	DEFAULT
ram:0004ab6c	LAB_ram_0004ab6c	Label	DEFAULT
ram:0004ab72	LAB_ram_0004ab72	Label	DEFAULT
ram:0004ab8e	LAB_ram_0004ab8e	Label	DEFAULT
ram:0004abde	LAB_ram_0004abde	Label	DEFAULT
ram:0004abea	LAB_ram_0004abea	Label	DEFAULT
ram:0004abee	LAB_ram_0004abee	Label	DEFAULT
ram:0004ac16	LAB_ram_0004ac16	Label	DEFAULT
ram:0004ac1e	LAB_ram_0004ac1e	Label	DEFAULT
ram:0004ac22	LAB_ram_0004ac22	Label	DEFAULT
ram:0004ac4a	LAB_ram_0004ac4a	Label	DEFAULT
ram:0004ac52	LAB_ram_0004ac52	Label	DEFAULT
ram:0004ac56	FUN_ram_0004ac56	Function	DEFAULT
ram:0004ac9c	LAB_ram_0004ac9c	Label	DEFAULT
ram:0004acd0	LAB_ram_0004acd0	Label	DEFAULT
ram:0004ace8	LAB_ram_0004ace8	Label	DEFAULT
ram:0004ad0a	LAB_ram_0004ad0a	Label	DEFAULT
ram:0004ad0e	LAB_ram_0004ad0e	Label	DEFAULT
ram:0004ad28	LAB_ram_0004ad28	Label	DEFAULT
ram:0004ad32	LAB_ram_0004ad32	Label	DEFAULT
ram:0004ad56	LAB_ram_0004ad56	Label	DEFAULT
ram:0004ad74	LAB_ram_0004ad74	Label	DEFAULT
ram:0004ad80	LAB_ram_0004ad80	Label	DEFAULT
ram:0004adb2	LAB_ram_0004adb2	Label	DEFAULT
ram:0004add2	LAB_ram_0004add2	Label	DEFAULT
ram:0004adda	LAB_ram_0004adda	Label	DEFAULT
ram:0004adf8	LAB_ram_0004adf8	Label	DEFAULT
ram:0004adfc	LAB_ram_0004adfc	Label	DEFAULT
ram:0004ae00	GATT_Notification	Function	USER_DEFINED
ram:0004ae32	LAB_ram_0004ae32	Label	DEFAULT
ram:0004ae36	LAB_ram_0004ae36	Label	DEFAULT
ram:0004ae3e	LAB_ram_0004ae3e	Label	DEFAULT
ram:0004ae4a	LAB_ram_0004ae4a	Label	DEFAULT
ram:0004ae70	LAB_ram_0004ae70	Label	DEFAULT
ram:0004ae74	FUN_ram_0004ae74	Function	DEFAULT
ram:0004ae80	LAB_ram_0004ae80	Label	DEFAULT
ram:0004ae9e	LAB_ram_0004ae9e	Label	DEFAULT
ram:0004aeb0	LAB_ram_0004aeb0	Label	DEFAULT
ram:0004aeb8	LAB_ram_0004aeb8	Label	DEFAULT
ram:0004aeba	LAB_ram_0004aeba	Label	DEFAULT
ram:0004aec6	LAB_ram_0004aec6	Label	DEFAULT
ram:0004aed4	LAB_ram_0004aed4	Label	DEFAULT
ram:0004aede	FUN_ram_0004aede	Function	DEFAULT
ram:0004af08	LAB_ram_0004af08	Label	DEFAULT
ram:0004af10	LAB_ram_0004af10	Label	DEFAULT
ram:0004af14	FUN_ram_0004af14	Function	DEFAULT
ram:0004af20	LAB_ram_0004af20	Label	DEFAULT
ram:0004af3a	LAB_ram_0004af3a	Label	DEFAULT
ram:0004af48	LAB_ram_0004af48	Label	DEFAULT
ram:0004af56	LAB_ram_0004af56	Label	DEFAULT
ram:0004af60	LAB_ram_0004af60	Label	DEFAULT
ram:0004af6a	FUN_ram_0004af6a	Function	DEFAULT
ram:0004af94	LAB_ram_0004af94	Label	DEFAULT
ram:0004af9c	LAB_ram_0004af9c	Label	DEFAULT
ram:0004afa0	FUN_ram_0004afa0	Function	DEFAULT
ram:0004afda	LAB_ram_0004afda	Label	DEFAULT
ram:0004aff0	LAB_ram_0004aff0	Label	DEFAULT
ram:0004aff4	LAB_ram_0004aff4	Label	DEFAULT
ram:0004b000	LAB_ram_0004b000	Label	DEFAULT
ram:0004b004	LAB_ram_0004b004	Label	DEFAULT
ram:0004b00c	LAB_ram_0004b00c	Label	DEFAULT
ram:0004b01c	LAB_ram_0004b01c	Label	DEFAULT
ram:0004b05c	LAB_ram_0004b05c	Label	DEFAULT
ram:0004b062	FUN_ram_0004b062	Function	DEFAULT
ram:0004b090	LAB_ram_0004b090	Label	DEFAULT
ram:0004b09a	LAB_ram_0004b09a	Label	DEFAULT
ram:0004b0bc	LAB_ram_0004b0bc	Label	DEFAULT
ram:0004b0c6	LAB_ram_0004b0c6	Label	DEFAULT
ram:0004b0c8	LAB_ram_0004b0c8	Label	DEFAULT
ram:0004b0e0	LAB_ram_0004b0e0	Label	DEFAULT
ram:0004b0ec	LAB_ram_0004b0ec	Label	DEFAULT
ram:0004b132	LAB_ram_0004b132	Label	DEFAULT
ram:0004b136	LAB_ram_0004b136	Label	DEFAULT
ram:0004b184	LAB_ram_0004b184	Label	DEFAULT
ram:0004b1ec	LAB_ram_0004b1ec	Label	DEFAULT
ram:0004b258	LAB_ram_0004b258	Label	DEFAULT
ram:0004b27e	LAB_ram_0004b27e	Label	DEFAULT
ram:0004b28c	LAB_ram_0004b28c	Label	DEFAULT
ram:0004b290	LAB_ram_0004b290	Label	DEFAULT
ram:0004b296	LAB_ram_0004b296	Label	DEFAULT
ram:0004b2be	LAB_ram_0004b2be	Label	DEFAULT
ram:0004b2c8	LAB_ram_0004b2c8	Label	DEFAULT
ram:0004b2e8	LAB_ram_0004b2e8	Label	DEFAULT
ram:0004b2f2	LAB_ram_0004b2f2	Label	DEFAULT
ram:0004b308	LAB_ram_0004b308	Label	DEFAULT
ram:0004b30e	LAB_ram_0004b30e	Label	DEFAULT
ram:0004b32c	LAB_ram_0004b32c	Label	DEFAULT
ram:0004b34c	FUN_ram_0004b34c	Function	DEFAULT
ram:0004b396	LAB_ram_0004b396	Label	DEFAULT
ram:0004b3a6	LAB_ram_0004b3a6	Label	DEFAULT
ram:0004b3ba	LAB_ram_0004b3ba	Label	DEFAULT
ram:0004b3e6	LAB_ram_0004b3e6	Label	DEFAULT
ram:0004b3f0	LAB_ram_0004b3f0	Label	DEFAULT
ram:0004b410	LAB_ram_0004b410	Label	DEFAULT
ram:0004b43c	LAB_ram_0004b43c	Label	DEFAULT
ram:0004b466	LAB_ram_0004b466	Label	DEFAULT
ram:0004b482	LAB_ram_0004b482	Label	DEFAULT
ram:0004b4ae	FUN_ram_0004b4ae	Function	DEFAULT
ram:0004b50c	LAB_ram_0004b50c	Label	DEFAULT
ram:0004b53c	LAB_ram_0004b53c	Label	DEFAULT
ram:0004b53e	LAB_ram_0004b53e	Label	DEFAULT
ram:0004b558	LAB_ram_0004b558	Label	DEFAULT
ram:0004b566	LAB_ram_0004b566	Label	DEFAULT
ram:0004b5a6	LAB_ram_0004b5a6	Label	DEFAULT
ram:0004b5c2	LAB_ram_0004b5c2	Label	DEFAULT
ram:0004b5c6	LAB_ram_0004b5c6	Label	DEFAULT
ram:0004b5cc	LAB_ram_0004b5cc	Label	DEFAULT
ram:0004b626	LAB_ram_0004b626	Label	DEFAULT
ram:0004b638	LAB_ram_0004b638	Label	DEFAULT
ram:0004b654	FUN_ram_0004b654	Function	DEFAULT
ram:0004b67e	LAB_ram_0004b67e	Label	DEFAULT
ram:0004b682	LAB_ram_0004b682	Label	DEFAULT
ram:0004b68e	LAB_ram_0004b68e	Label	DEFAULT
ram:0004b69c	LAB_ram_0004b69c	Label	DEFAULT
ram:0004b6aa	LAB_ram_0004b6aa	Label	DEFAULT
ram:0004b6b4	LAB_ram_0004b6b4	Label	DEFAULT
ram:0004b6bc	FUN_ram_0004b6bc	Function	DEFAULT
ram:0004b6d0	LAB_ram_0004b6d0	Label	DEFAULT
ram:0004b6dc	LAB_ram_0004b6dc	Label	DEFAULT
ram:0004b722	LAB_ram_0004b722	Label	DEFAULT
ram:0004b732	LAB_ram_0004b732	Label	DEFAULT
ram:0004b760	LAB_ram_0004b760	Label	DEFAULT
ram:0004b76a	FUN_ram_0004b76a	Function	DEFAULT
ram:0004b78e	LAB_ram_0004b78e	Label	DEFAULT
ram:0004b796	LAB_ram_0004b796	Label	DEFAULT
ram:0004b79a	FUN_ram_0004b79a	Function	DEFAULT
ram:0004b7fe	LAB_ram_0004b7fe	Label	DEFAULT
ram:0004b85e	LAB_ram_0004b85e	Label	DEFAULT
ram:0004b886	LAB_ram_0004b886	Label	DEFAULT
ram:0004b8a4	LAB_ram_0004b8a4	Label	DEFAULT
ram:0004b8c4	LAB_ram_0004b8c4	Label	DEFAULT
ram:0004b8ce	LAB_ram_0004b8ce	Label	DEFAULT
ram:0004b94e	LAB_ram_0004b94e	Label	DEFAULT
ram:0004b960	LAB_ram_0004b960	Label	DEFAULT
ram:0004b996	LAB_ram_0004b996	Label	DEFAULT
ram:0004b9a0	LAB_ram_0004b9a0	Label	DEFAULT
ram:0004b9a4	FUN_ram_0004b9a4	Function	DEFAULT
ram:0004b9f0	LAB_ram_0004b9f0	Label	DEFAULT
ram:0004ba62	LAB_ram_0004ba62	Label	DEFAULT
ram:0004ba88	LAB_ram_0004ba88	Label	DEFAULT
ram:0004baae	LAB_ram_0004baae	Label	DEFAULT
ram:0004bacc	LAB_ram_0004bacc	Label	DEFAULT
ram:0004bad6	LAB_ram_0004bad6	Label	DEFAULT
ram:0004bb42	LAB_ram_0004bb42	Label	DEFAULT
ram:0004bb46	LAB_ram_0004bb46	Label	DEFAULT
ram:0004bb4c	LAB_ram_0004bb4c	Label	DEFAULT
ram:0004bb50	FUN_ram_0004bb50	Function	DEFAULT
ram:0004bb5c	LAB_ram_0004bb5c	Label	DEFAULT
ram:0004bb80	LAB_ram_0004bb80	Label	DEFAULT
ram:0004bb94	LAB_ram_0004bb94	Label	DEFAULT
ram:0004bbac	LAB_ram_0004bbac	Label	DEFAULT
ram:0004bbba	LAB_ram_0004bbba	Label	DEFAULT
ram:0004bc04	LAB_ram_0004bc04	Label	DEFAULT
ram:0004bc1c	LAB_ram_0004bc1c	Label	DEFAULT
ram:0004bc42	LAB_ram_0004bc42	Label	DEFAULT
ram:0004bc54	LAB_ram_0004bc54	Label	DEFAULT
ram:0004bc56	LAB_ram_0004bc56	Label	DEFAULT
ram:0004bc5e	GATTServApp_RegisterService	Function	USER_DEFINED
ram:0004bc6a	LAB_ram_0004bc6a	Label	DEFAULT
ram:0004bc6c	LAB_ram_0004bc6c	Label	DEFAULT
ram:0004bc7a	LAB_ram_0004bc7a	Label	DEFAULT
ram:0004bcce	LAB_ram_0004bcce	Label	DEFAULT
ram:0004bcd0	LAB_ram_0004bcd0	Label	DEFAULT
ram:0004bcd8	LAB_ram_0004bcd8	Label	DEFAULT
ram:0004bcdc	GATTServApp_AddService	Function	USER_DEFINED
ram:0004bd0c	LAB_ram_0004bd0c	Label	DEFAULT
ram:0004bd10	FUN_ram_0004bd10	Function	DEFAULT
ram:0004bd1a	GATTServApp_InitCharCfg	Function	USER_DEFINED
ram:0004bd28	LAB_ram_0004bd28	Label	DEFAULT
ram:0004bd3c	LAB_ram_0004bd3c	Label	DEFAULT
ram:0004bd42	FUN_ram_0004bd42	Function	DEFAULT
ram:0004bd54	LAB_ram_0004bd54	Label	DEFAULT
ram:0004bd5c	LAB_ram_0004bd5c	Label	DEFAULT
ram:0004bd7a	LAB_ram_0004bd7a	Label	DEFAULT
ram:0004bd96	LAB_ram_0004bd96	Label	DEFAULT
ram:0004bda4	LAB_ram_0004bda4	Label	DEFAULT
ram:0004bdb0	LAB_ram_0004bdb0	Label	DEFAULT
ram:0004bdb6	FUN_ram_0004bdb6	Function	DEFAULT
ram:0004be38	LAB_ram_0004be38	Label	DEFAULT
ram:0004be52	LAB_ram_0004be52	Label	DEFAULT
ram:0004be7c	LAB_ram_0004be7c	Label	DEFAULT
ram:0004beb0	LAB_ram_0004beb0	Label	DEFAULT
ram:0004beb8	LAB_ram_0004beb8	Label	DEFAULT
ram:0004bece	FUN_ram_0004bece	Function	DEFAULT
ram:0004bf0c	LAB_ram_0004bf0c	Label	DEFAULT
ram:0004bf72	LAB_ram_0004bf72	Label	DEFAULT
ram:0004bf84	LAB_ram_0004bf84	Label	DEFAULT
ram:0004bf8a	LAB_ram_0004bf8a	Label	DEFAULT
ram:0004bfa4	LAB_ram_0004bfa4	Label	DEFAULT
ram:0004bff6	LAB_ram_0004bff6	Label	DEFAULT
ram:0004c000	LAB_ram_0004c000	Label	DEFAULT
ram:0004c008	LAB_ram_0004c008	Label	DEFAULT
ram:0004c010	LAB_ram_0004c010	Label	DEFAULT
ram:0004c02a	LAB_ram_0004c02a	Label	DEFAULT
ram:0004c030	LAB_ram_0004c030	Label	DEFAULT
ram:0004c040	LAB_ram_0004c040	Label	DEFAULT
ram:0004c044	LAB_ram_0004c044	Label	DEFAULT
ram:0004c066	LAB_ram_0004c066	Label	DEFAULT
ram:0004c078	LAB_ram_0004c078	Label	DEFAULT
ram:0004c0f2	LAB_ram_0004c0f2	Label	DEFAULT
ram:0004c0f8	LAB_ram_0004c0f8	Label	DEFAULT
ram:0004c128	LAB_ram_0004c128	Label	DEFAULT
ram:0004c132	LAB_ram_0004c132	Label	DEFAULT
ram:0004c178	LAB_ram_0004c178	Label	DEFAULT
ram:0004c1c2	LAB_ram_0004c1c2	Label	DEFAULT
ram:0004c1ca	LAB_ram_0004c1ca	Label	DEFAULT
ram:0004c1e4	LAB_ram_0004c1e4	Label	DEFAULT
ram:0004c1f0	LAB_ram_0004c1f0	Label	DEFAULT
ram:0004c202	LAB_ram_0004c202	Label	DEFAULT
ram:0004c214	LAB_ram_0004c214	Label	DEFAULT
ram:0004c22a	LAB_ram_0004c22a	Label	DEFAULT
ram:0004c246	LAB_ram_0004c246	Label	DEFAULT
ram:0004c258	LAB_ram_0004c258	Label	DEFAULT
ram:0004c25c	FUN_ram_0004c25c	Function	DEFAULT
ram:0004c298	LAB_ram_0004c298	Label	DEFAULT
ram:0004c2a6	LAB_ram_0004c2a6	Label	DEFAULT
ram:0004c2aa	LAB_ram_0004c2aa	Label	DEFAULT
ram:0004c2ac	LAB_ram_0004c2ac	Label	DEFAULT
ram:0004c2c0	LAB_ram_0004c2c0	Label	DEFAULT
ram:0004c2d2	LAB_ram_0004c2d2	Label	DEFAULT
ram:0004c302	LAB_ram_0004c302	Label	DEFAULT
ram:0004c32a	LAB_ram_0004c32a	Label	DEFAULT
ram:0004c332	LAB_ram_0004c332	Label	DEFAULT
ram:0004c338	LAB_ram_0004c338	Label	DEFAULT
ram:0004c33e	LAB_ram_0004c33e	Label	DEFAULT
ram:0004c344	FUN_ram_0004c344	Function	DEFAULT
ram:0004c356	LAB_ram_0004c356	Label	DEFAULT
ram:0004c35c	LAB_ram_0004c35c	Label	DEFAULT
ram:0004c360	LAB_ram_0004c360	Label	DEFAULT
ram:0004c36c	LAB_ram_0004c36c	Label	DEFAULT
ram:0004c376	FUN_ram_0004c376	Function	DEFAULT
ram:0004c388	LAB_ram_0004c388	Label	DEFAULT
ram:0004c38e	LAB_ram_0004c38e	Label	DEFAULT
ram:0004c392	LAB_ram_0004c392	Label	DEFAULT
ram:0004c3a2	LAB_ram_0004c3a2	Label	DEFAULT
ram:0004c3ac	FUN_ram_0004c3ac	Function	DEFAULT
ram:0004c3be	LAB_ram_0004c3be	Label	DEFAULT
ram:0004c3c4	LAB_ram_0004c3c4	Label	DEFAULT
ram:0004c3c8	LAB_ram_0004c3c8	Label	DEFAULT
ram:0004c3d4	LAB_ram_0004c3d4	Label	DEFAULT
ram:0004c3de	FUN_ram_0004c3de	Function	DEFAULT
ram:0004c3f0	LAB_ram_0004c3f0	Label	DEFAULT
ram:0004c3f6	LAB_ram_0004c3f6	Label	DEFAULT
ram:0004c3fa	LAB_ram_0004c3fa	Label	DEFAULT
ram:0004c416	LAB_ram_0004c416	Label	DEFAULT
ram:0004c420	FUN_ram_0004c420	Function	DEFAULT
ram:0004c43a	LAB_ram_0004c43a	Label	DEFAULT
ram:0004c446	LAB_ram_0004c446	Label	DEFAULT
ram:0004c450	LAB_ram_0004c450	Label	DEFAULT
ram:0004c46e	FUN_ram_0004c46e	Function	DEFAULT
ram:0004c496	LAB_ram_0004c496	Label	DEFAULT
ram:0004c4b8	LAB_ram_0004c4b8	Label	DEFAULT
ram:0004c4c0	LAB_ram_0004c4c0	Label	DEFAULT
ram:0004c4c2	FUN_ram_0004c4c2	Function	DEFAULT
ram:0004c4fe	LAB_ram_0004c4fe	Label	DEFAULT
ram:0004c512	LAB_ram_0004c512	Label	DEFAULT
ram:0004c51c	FUN_ram_0004c51c	Function	DEFAULT
ram:0004c596	LAB_ram_0004c596	Label	DEFAULT
ram:0004c5a0	FUN_ram_0004c5a0	Function	DEFAULT
ram:0004c5bc	LAB_ram_0004c5bc	Label	DEFAULT
ram:0004c5c4	LAB_ram_0004c5c4	Label	DEFAULT
ram:0004c5e0	LAB_ram_0004c5e0	Label	DEFAULT
ram:0004c5ea	FUN_ram_0004c5ea	Function	DEFAULT
ram:0004c604	FUN_ram_0004c604	Function	DEFAULT
ram:0004c622	FUN_ram_0004c622	Function	DEFAULT
ram:0004c644	LAB_ram_0004c644	Label	DEFAULT
ram:0004c65c	LAB_ram_0004c65c	Label	DEFAULT
ram:0004c668	LAB_ram_0004c668	Label	DEFAULT
ram:0004c67e	LAB_ram_0004c67e	Label	DEFAULT
ram:0004c692	LAB_ram_0004c692	Label	DEFAULT
ram:0004c6b6	LAB_ram_0004c6b6	Label	DEFAULT
ram:0004c6c6	LAB_ram_0004c6c6	Label	DEFAULT
ram:0004c6ce	LAB_ram_0004c6ce	Label	DEFAULT
ram:0004c702	LAB_ram_0004c702	Label	DEFAULT
ram:0004c70a	LAB_ram_0004c70a	Label	DEFAULT
ram:0004c720	LAB_ram_0004c720	Label	DEFAULT
ram:0004c72e	LAB_ram_0004c72e	Label	DEFAULT
ram:0004c73c	LAB_ram_0004c73c	Label	DEFAULT
ram:0004c744	LAB_ram_0004c744	Label	DEFAULT
ram:0004c746	FUN_ram_0004c746	Function	DEFAULT
ram:0004c74c	FUN_ram_0004c74c	Function	DEFAULT
ram:0004c756	FUN_ram_0004c756	Function	DEFAULT
ram:0004c77c	LAB_ram_0004c77c	Label	DEFAULT
ram:0004c782	FUN_ram_0004c782	Function	DEFAULT
ram:0004c7dc	LAB_ram_0004c7dc	Label	DEFAULT
ram:0004c7e0	FUN_ram_0004c7e0	Function	DEFAULT
ram:0004c80a	LAB_ram_0004c80a	Label	DEFAULT
ram:0004c80e	FUN_ram_0004c80e	Function	DEFAULT
ram:0004c83a	LAB_ram_0004c83a	Label	DEFAULT
ram:0004c83e	FUN_ram_0004c83e	Function	DEFAULT
ram:0004c850	LAB_ram_0004c850	Label	DEFAULT
ram:0004c868	FUN_ram_0004c868	Function	DEFAULT
ram:0004c88c	LAB_ram_0004c88c	Label	DEFAULT
ram:0004c892	FUN_ram_0004c892	Function	DEFAULT
ram:0004c960	LAB_ram_0004c960	Label	DEFAULT
ram:0004c9aa	LAB_ram_0004c9aa	Label	DEFAULT
ram:0004c9ae	LAB_ram_0004c9ae	Label	DEFAULT
ram:0004c9c8	LAB_ram_0004c9c8	Label	DEFAULT
ram:0004c9d6	LAB_ram_0004c9d6	Label	DEFAULT
ram:0004c9e0	FUN_ram_0004c9e0	Function	DEFAULT
ram:0004ca3e	LAB_ram_0004ca3e	Label	DEFAULT
ram:0004ca48	LAB_ram_0004ca48	Label	DEFAULT
ram:0004ca58	LAB_ram_0004ca58	Label	DEFAULT
ram:0004ca5e	LAB_ram_0004ca5e	Label	DEFAULT
ram:0004ca62	LAB_ram_0004ca62	Label	DEFAULT
ram:0004ca6e	LAB_ram_0004ca6e	Label	DEFAULT
ram:0004ca84	LAB_ram_0004ca84	Label	DEFAULT
ram:0004ca90	LAB_ram_0004ca90	Label	DEFAULT
ram:0004ca94	LAB_ram_0004ca94	Label	DEFAULT
ram:0004caba	LAB_ram_0004caba	Label	DEFAULT
ram:0004cac0	FUN_ram_0004cac0	Function	DEFAULT
ram:0004caf0	LAB_ram_0004caf0	Label	DEFAULT
ram:0004cb1a	LAB_ram_0004cb1a	Label	DEFAULT
ram:0004cb1c	LAB_ram_0004cb1c	Label	DEFAULT
ram:0004cb1e	FUN_ram_0004cb1e	Function	DEFAULT
ram:0004cb48	LAB_ram_0004cb48	Label	DEFAULT
ram:0004cb4c	FUN_ram_0004cb4c	Function	DEFAULT
ram:0004cb76	LAB_ram_0004cb76	Label	DEFAULT
ram:0004cb7a	FUN_ram_0004cb7a	Function	DEFAULT
ram:0004cbc4	LAB_ram_0004cbc4	Label	DEFAULT
ram:0004cbc8	FUN_ram_0004cbc8	Function	DEFAULT
ram:0004cbe2	LAB_ram_0004cbe2	Label	DEFAULT
ram:0004cbe6	FUN_ram_0004cbe6	Function	DEFAULT
ram:0004cc0e	LAB_ram_0004cc0e	Label	DEFAULT
ram:0004cc12	LAB_ram_0004cc12	Label	DEFAULT
ram:0004cc20	LAB_ram_0004cc20	Label	DEFAULT
ram:0004cc3a	LAB_ram_0004cc3a	Label	DEFAULT
ram:0004cc48	LAB_ram_0004cc48	Label	DEFAULT
ram:0004cc62	LAB_ram_0004cc62	Label	DEFAULT
ram:0004cc64	LAB_ram_0004cc64	Label	DEFAULT
ram:0004cc70	LAB_ram_0004cc70	Label	DEFAULT
ram:0004ccda	LAB_ram_0004ccda	Label	DEFAULT
ram:0004ccde	LAB_ram_0004ccde	Label	DEFAULT
ram:0004cce2	FUN_ram_0004cce2	Function	DEFAULT
ram:0004cd3c	LAB_ram_0004cd3c	Label	DEFAULT
ram:0004cd40	FUN_ram_0004cd40	Function	DEFAULT
ram:0004cd62	FUN_ram_0004cd62	Function	DEFAULT
ram:0004cd70	LAB_ram_0004cd70	Label	DEFAULT
ram:0004cd74	LAB_ram_0004cd74	Label	DEFAULT
ram:0004cdbc	LAB_ram_0004cdbc	Label	DEFAULT
ram:0004cdd6	LAB_ram_0004cdd6	Label	DEFAULT
ram:0004cdde	LAB_ram_0004cdde	Label	DEFAULT
ram:0004cde0	LAB_ram_0004cde0	Label	DEFAULT
ram:0004cdee	FUN_ram_0004cdee	Function	DEFAULT
ram:0004ce4a	LAB_ram_0004ce4a	Label	DEFAULT
ram:0004ce5a	LAB_ram_0004ce5a	Label	DEFAULT
ram:0004ce72	LAB_ram_0004ce72	Label	DEFAULT
ram:0004ce7a	LAB_ram_0004ce7a	Label	DEFAULT
ram:0004ce9c	LAB_ram_0004ce9c	Label	DEFAULT
ram:0004cea0	LAB_ram_0004cea0	Label	DEFAULT
ram:0004ceb6	LAB_ram_0004ceb6	Label	DEFAULT
ram:0004ced8	LAB_ram_0004ced8	Label	DEFAULT
ram:0004cf2c	LAB_ram_0004cf2c	Label	DEFAULT
ram:0004cf40	LAB_ram_0004cf40	Label	DEFAULT
ram:0004cf50	FUN_ram_0004cf50	Function	DEFAULT
ram:0004cf72	LAB_ram_0004cf72	Label	DEFAULT
ram:0004cf74	LAB_ram_0004cf74	Label	DEFAULT
ram:0004cf88	LAB_ram_0004cf88	Label	DEFAULT
ram:0004cfa6	LAB_ram_0004cfa6	Label	DEFAULT
ram:0004cfac	LAB_ram_0004cfac	Label	DEFAULT
ram:0004cfd4	LAB_ram_0004cfd4	Label	DEFAULT
ram:0004cff6	LAB_ram_0004cff6	Label	DEFAULT
ram:0004d012	LAB_ram_0004d012	Label	DEFAULT
ram:0004d062	LAB_ram_0004d062	Label	DEFAULT
ram:0004d070	LAB_ram_0004d070	Label	DEFAULT
ram:0004d07c	LAB_ram_0004d07c	Label	DEFAULT
ram:0004d09c	LAB_ram_0004d09c	Label	DEFAULT
ram:0004d0a0	FUN_ram_0004d0a0	Function	DEFAULT
ram:0004d0bc	LAB_ram_0004d0bc	Label	DEFAULT
ram:0004d0c6	LAB_ram_0004d0c6	Label	DEFAULT
ram:0004d0fe	LAB_ram_0004d0fe	Label	DEFAULT
ram:0004d112	LAB_ram_0004d112	Label	DEFAULT
ram:0004d126	LAB_ram_0004d126	Label	DEFAULT
ram:0004d12e	LAB_ram_0004d12e	Label	DEFAULT
ram:0004d13c	LAB_ram_0004d13c	Label	DEFAULT
ram:0004d142	LAB_ram_0004d142	Label	DEFAULT
ram:0004d156	LAB_ram_0004d156	Label	DEFAULT
ram:0004d184	LAB_ram_0004d184	Label	DEFAULT
ram:0004d18e	LAB_ram_0004d18e	Label	DEFAULT
ram:0004d198	FUN_ram_0004d198	Function	DEFAULT
ram:0004d1d0	LAB_ram_0004d1d0	Label	DEFAULT
ram:0004d1da	LAB_ram_0004d1da	Label	DEFAULT
ram:0004d1e6	LAB_ram_0004d1e6	Label	DEFAULT
ram:0004d1f2	LAB_ram_0004d1f2	Label	DEFAULT
ram:0004d1f6	FUN_ram_0004d1f6	Function	DEFAULT
ram:0004d24a	LAB_ram_0004d24a	Label	DEFAULT
ram:0004d25a	LAB_ram_0004d25a	Label	DEFAULT
ram:0004d266	LAB_ram_0004d266	Label	DEFAULT
ram:0004d270	FUN_ram_0004d270	Function	DEFAULT
ram:0004d2a0	LAB_ram_0004d2a0	Label	DEFAULT
ram:0004d2ba	LAB_ram_0004d2ba	Label	DEFAULT
ram:0004d2c2	LAB_ram_0004d2c2	Label	DEFAULT
ram:0004d2c6	LAB_ram_0004d2c6	Label	DEFAULT
ram:0004d2e8	LAB_ram_0004d2e8	Label	DEFAULT
ram:0004d2fe	LAB_ram_0004d2fe	Label	DEFAULT
ram:0004d312	FUN_ram_0004d312	Function	DEFAULT
ram:0004d328	LAB_ram_0004d328	Label	DEFAULT
ram:0004d33e	LAB_ram_0004d33e	Label	DEFAULT
ram:0004d362	LAB_ram_0004d362	Label	DEFAULT
ram:0004d36e	FUN_ram_0004d36e	Function	DEFAULT
ram:0004d392	LAB_ram_0004d392	Label	DEFAULT
ram:0004d3ac	FUN_ram_0004d3ac	Function	DEFAULT
ram:0004d3d4	LAB_ram_0004d3d4	Label	DEFAULT
ram:0004d3e4	LAB_ram_0004d3e4	Label	DEFAULT
ram:0004d3f8	LAB_ram_0004d3f8	Label	DEFAULT
ram:0004d40a	LAB_ram_0004d40a	Label	DEFAULT
ram:0004d412	FUN_ram_0004d412	Function	DEFAULT
ram:0004d440	LAB_ram_0004d440	Label	DEFAULT
ram:0004d444	FUN_ram_0004d444	Function	DEFAULT
ram:0004d466	LAB_ram_0004d466	Label	DEFAULT
ram:0004d4a8	LAB_ram_0004d4a8	Label	DEFAULT
ram:0004d4b4	LAB_ram_0004d4b4	Label	DEFAULT
ram:0004d4e2	FUN_ram_0004d4e2	Function	DEFAULT
ram:0004d500	LAB_ram_0004d500	Label	DEFAULT
ram:0004d504	LAB_ram_0004d504	Label	DEFAULT
ram:0004d544	LAB_ram_0004d544	Label	DEFAULT
ram:0004d580	LAB_ram_0004d580	Label	DEFAULT
ram:0004d594	LAB_ram_0004d594	Label	DEFAULT
ram:0004d5be	LAB_ram_0004d5be	Label	DEFAULT
ram:0004d63a	LAB_ram_0004d63a	Label	DEFAULT
ram:0004d644	LAB_ram_0004d644	Label	DEFAULT
ram:0004d646	LAB_ram_0004d646	Label	DEFAULT
ram:0004d64e	LAB_ram_0004d64e	Label	DEFAULT
ram:0004d652	LAB_ram_0004d652	Label	DEFAULT
ram:0004d656	FUN_ram_0004d656	Function	DEFAULT
ram:0004d6f2	LAB_ram_0004d6f2	Label	DEFAULT
ram:0004d6fe	LAB_ram_0004d6fe	Label	DEFAULT
ram:0004d712	LAB_ram_0004d712	Label	DEFAULT
ram:0004d71c	LAB_ram_0004d71c	Label	DEFAULT
ram:0004d740	LAB_ram_0004d740	Label	DEFAULT
ram:0004d742	LAB_ram_0004d742	Label	DEFAULT
ram:0004d746	LAB_ram_0004d746	Label	DEFAULT
ram:0004d74a	LAB_ram_0004d74a	Label	DEFAULT
ram:0004d74e	LAB_ram_0004d74e	Label	DEFAULT
ram:0004d752	FUN_ram_0004d752	Function	DEFAULT
ram:0004d7a8	LAB_ram_0004d7a8	Label	DEFAULT
ram:0004d7b6	LAB_ram_0004d7b6	Label	DEFAULT
ram:0004d7c4	LAB_ram_0004d7c4	Label	DEFAULT
ram:0004d7c8	FUN_ram_0004d7c8	Function	DEFAULT
ram:0004d7ee	LAB_ram_0004d7ee	Label	DEFAULT
ram:0004d800	LAB_ram_0004d800	Label	DEFAULT
ram:0004d80c	LAB_ram_0004d80c	Label	DEFAULT
ram:0004d84c	LAB_ram_0004d84c	Label	DEFAULT
ram:0004d878	LAB_ram_0004d878	Label	DEFAULT
ram:0004d88c	LAB_ram_0004d88c	Label	DEFAULT
ram:0004d890	LAB_ram_0004d890	Label	DEFAULT
ram:0004d898	LAB_ram_0004d898	Label	DEFAULT
ram:0004d8c6	LAB_ram_0004d8c6	Label	DEFAULT
ram:0004d8d0	FUN_ram_0004d8d0	Function	DEFAULT
ram:0004d8fe	LAB_ram_0004d8fe	Label	DEFAULT
ram:0004d944	LAB_ram_0004d944	Label	DEFAULT
ram:0004d95e	LAB_ram_0004d95e	Label	DEFAULT
ram:0004d964	LAB_ram_0004d964	Label	DEFAULT
ram:0004d96a	LAB_ram_0004d96a	Label	DEFAULT
ram:0004d96e	LAB_ram_0004d96e	Label	DEFAULT
ram:0004d986	LAB_ram_0004d986	Label	DEFAULT
ram:0004d996	LAB_ram_0004d996	Label	DEFAULT
ram:0004d99c	FUN_ram_0004d99c	Function	DEFAULT
ram:0004d9a8	LAB_ram_0004d9a8	Label	DEFAULT
ram:0004d9aa	LAB_ram_0004d9aa	Label	DEFAULT
ram:0004d9b0	LAB_ram_0004d9b0	Label	DEFAULT
ram:0004d9da	FUN_ram_0004d9da	Function	DEFAULT
ram:0004da2a	LAB_ram_0004da2a	Label	DEFAULT
ram:0004da44	LAB_ram_0004da44	Label	DEFAULT
ram:0004da50	LAB_ram_0004da50	Label	DEFAULT
ram:0004da54	LAB_ram_0004da54	Label	DEFAULT
ram:0004da56	LAB_ram_0004da56	Label	DEFAULT
ram:0004da60	LAB_ram_0004da60	Label	DEFAULT
ram:0004da64	FUN_ram_0004da64	Function	DEFAULT
ram:0004da96	LAB_ram_0004da96	Label	DEFAULT
ram:0004daca	LAB_ram_0004daca	Label	DEFAULT
ram:0004dad8	LAB_ram_0004dad8	Label	DEFAULT
ram:0004dae8	LAB_ram_0004dae8	Label	DEFAULT
ram:0004daee	LAB_ram_0004daee	Label	DEFAULT
ram:0004daf2	FUN_ram_0004daf2	Function	DEFAULT
ram:0004db2c	LAB_ram_0004db2c	Label	DEFAULT
ram:0004db58	LAB_ram_0004db58	Label	DEFAULT
ram:0004db6e	LAB_ram_0004db6e	Label	DEFAULT
ram:0004db86	LAB_ram_0004db86	Label	DEFAULT
ram:0004db96	LAB_ram_0004db96	Label	DEFAULT
ram:0004dbaa	LAB_ram_0004dbaa	Label	DEFAULT
ram:0004dbb2	LAB_ram_0004dbb2	Label	DEFAULT
ram:0004dbda	LAB_ram_0004dbda	Label	DEFAULT
ram:0004dc26	LAB_ram_0004dc26	Label	DEFAULT
ram:0004dc3c	LAB_ram_0004dc3c	Label	DEFAULT
ram:0004dc9a	LAB_ram_0004dc9a	Label	DEFAULT
ram:0004dcce	LAB_ram_0004dcce	Label	DEFAULT
ram:0004dcfa	LAB_ram_0004dcfa	Label	DEFAULT
ram:0004dcfc	LAB_ram_0004dcfc	Label	DEFAULT
ram:0004dd24	FUN_ram_0004dd24	Function	DEFAULT
ram:0004dd84	LAB_ram_0004dd84	Label	DEFAULT
ram:0004dda0	LAB_ram_0004dda0	Label	DEFAULT
ram:0004ddb4	LAB_ram_0004ddb4	Label	DEFAULT
ram:0004ddc4	LAB_ram_0004ddc4	Label	DEFAULT
ram:0004ddcc	FUN_ram_0004ddcc	Function	DEFAULT
ram:0004ddde	FUN_ram_0004ddde	Function	DEFAULT
ram:0004de08	FUN_ram_0004de08	Function	DEFAULT
ram:0004de1e	FUN_ram_0004de1e	Function	DEFAULT
ram:0004de30	FUN_ram_0004de30	Function	DEFAULT
ram:0004de4c	LAB_ram_0004de4c	Label	DEFAULT
ram:0004de56	LAB_ram_0004de56	Label	DEFAULT
ram:0004de6a	FUN_ram_0004de6a	Function	DEFAULT
ram:0004ded4	LAB_ram_0004ded4	Label	DEFAULT
ram:0004def6	LAB_ram_0004def6	Label	DEFAULT
ram:0004df0a	LAB_ram_0004df0a	Label	DEFAULT
ram:0004df14	FUN_ram_0004df14	Function	DEFAULT
ram:0004df26	LAB_ram_0004df26	Label	DEFAULT
ram:0004df2c	LAB_ram_0004df2c	Label	DEFAULT
ram:0004df30	LAB_ram_0004df30	Label	DEFAULT
ram:0004df46	FUN_ram_0004df46	Function	DEFAULT
ram:0004df66	LAB_ram_0004df66	Label	DEFAULT
ram:0004df6e	LAB_ram_0004df6e	Label	DEFAULT
ram:0004df84	LAB_ram_0004df84	Label	DEFAULT
ram:0004df98	LAB_ram_0004df98	Label	DEFAULT
ram:0004dfa2	FUN_ram_0004dfa2	Function	DEFAULT
ram:0004dfce	LAB_ram_0004dfce	Label	DEFAULT
ram:0004dfda	LAB_ram_0004dfda	Label	DEFAULT
ram:0004dfec	LAB_ram_0004dfec	Label	DEFAULT
ram:0004dff4	LAB_ram_0004dff4	Label	DEFAULT
ram:0004e014	LAB_ram_0004e014	Label	DEFAULT
ram:0004e028	FUN_ram_0004e028	Function	DEFAULT
ram:0004e03e	LAB_ram_0004e03e	Label	DEFAULT
ram:0004e044	LAB_ram_0004e044	Label	DEFAULT
ram:0004e048	LAB_ram_0004e048	Label	DEFAULT
ram:0004e05a	LAB_ram_0004e05a	Label	DEFAULT
ram:0004e066	FUN_ram_0004e066	Function	DEFAULT
ram:0004e074	LAB_ram_0004e074	Label	DEFAULT
ram:0004e07a	LAB_ram_0004e07a	Label	DEFAULT
ram:0004e07e	FUN_ram_0004e07e	Function	DEFAULT
ram:0004e094	LAB_ram_0004e094	Label	DEFAULT
ram:0004e09a	LAB_ram_0004e09a	Label	DEFAULT
ram:0004e0a6	LAB_ram_0004e0a6	Label	DEFAULT
ram:0004e0b2	FUN_ram_0004e0b2	Function	DEFAULT
ram:0004e0bc	linkDB_Register	Function	USER_DEFINED
ram:0004e0cc	LAB_ram_0004e0cc	Label	DEFAULT
ram:0004e0da	LAB_ram_0004e0da	Label	DEFAULT
ram:0004e0e6	FUN_ram_0004e0e6	Function	DEFAULT
ram:0004e10a	LAB_ram_0004e10a	Label	DEFAULT
ram:0004e126	LAB_ram_0004e126	Label	DEFAULT
ram:0004e12e	LAB_ram_0004e12e	Label	DEFAULT
ram:0004e132	FUN_ram_0004e132	Function	DEFAULT
ram:0004e140	LAB_ram_0004e140	Label	DEFAULT
ram:0004e146	LAB_ram_0004e146	Label	DEFAULT
ram:0004e14a	linkDB_State	Function	USER_DEFINED
ram:0004e16e	LAB_ram_0004e16e	Label	DEFAULT
ram:0004e176	LAB_ram_0004e176	Label	DEFAULT
ram:0004e17a	FUN_ram_0004e17a	Function	DEFAULT
ram:0004e19a	LAB_ram_0004e19a	Label	DEFAULT
ram:0004e1a2	linkDB_PerformFunc	Function	USER_DEFINED
ram:0004e1cc	LAB_ram_0004e1cc	Label	DEFAULT
ram:0004e1e6	LAB_ram_0004e1e6	Label	DEFAULT
ram:0004e1fa	LAB_ram_0004e1fa	Label	DEFAULT
ram:0004e1fe	LAB_ram_0004e1fe	Label	DEFAULT
ram:0004e200	FUN_ram_0004e200	Function	DEFAULT
ram:0004e21c	LAB_ram_0004e21c	Label	DEFAULT
ram:0004e222	LAB_ram_0004e222	Label	DEFAULT
ram:0004e238	LAB_ram_0004e238	Label	DEFAULT
ram:0004e244	FUN_ram_0004e244	Function	DEFAULT
ram:0004e25a	LAB_ram_0004e25a	Label	DEFAULT
ram:0004e26a	LAB_ram_0004e26a	Label	DEFAULT
ram:0004e26e	LAB_ram_0004e26e	Label	DEFAULT
ram:0004e27a	LAB_ram_0004e27a	Label	DEFAULT
ram:0004e286	LAB_ram_0004e286	Label	DEFAULT
ram:0004e292	LAB_ram_0004e292	Label	DEFAULT
ram:0004e2a2	FUN_ram_0004e2a2	Function	DEFAULT
ram:0004e338	LAB_ram_0004e338	Label	DEFAULT
ram:0004e350	LAB_ram_0004e350	Label	DEFAULT
ram:0004e354	FUN_ram_0004e354	Function	DEFAULT
ram:0004e366	LAB_ram_0004e366	Label	DEFAULT
ram:0004e370	LAB_ram_0004e370	Label	DEFAULT
ram:0004e384	LAB_ram_0004e384	Label	DEFAULT
ram:0004e38c	FUN_ram_0004e38c	Function	DEFAULT
ram:0004e3a6	LAB_ram_0004e3a6	Label	DEFAULT
ram:0004e3ac	LAB_ram_0004e3ac	Label	DEFAULT
ram:0004e3ae	LAB_ram_0004e3ae	Label	DEFAULT
ram:0004e3de	LAB_ram_0004e3de	Label	DEFAULT
ram:0004e3f4	LAB_ram_0004e3f4	Label	DEFAULT
ram:0004e400	FUN_ram_0004e400	Function	DEFAULT
ram:0004e418	LAB_ram_0004e418	Label	DEFAULT
ram:0004e41e	LAB_ram_0004e41e	Label	DEFAULT
ram:0004e420	LAB_ram_0004e420	Label	DEFAULT
ram:0004e43e	LAB_ram_0004e43e	Label	DEFAULT
ram:0004e44a	FUN_ram_0004e44a	Function	DEFAULT
ram:0004e47c	LAB_ram_0004e47c	Label	DEFAULT
ram:0004e484	FUN_ram_0004e484	Function	DEFAULT
ram:0004e4ea	LAB_ram_0004e4ea	Label	DEFAULT
ram:0004e4f8	LAB_ram_0004e4f8	Label	DEFAULT
ram:0004e502	LAB_ram_0004e502	Label	DEFAULT
ram:0004e516	LAB_ram_0004e516	Label	DEFAULT
ram:0004e524	FUN_ram_0004e524	Function	DEFAULT
ram:0004e53e	LAB_ram_0004e53e	Label	DEFAULT
ram:0004e54a	LAB_ram_0004e54a	Label	DEFAULT
ram:0004e556	LAB_ram_0004e556	Label	DEFAULT
ram:0004e562	LAB_ram_0004e562	Label	DEFAULT
ram:0004e56e	LAB_ram_0004e56e	Label	DEFAULT
ram:0004e57c	LAB_ram_0004e57c	Label	DEFAULT
ram:0004e58a	LAB_ram_0004e58a	Label	DEFAULT
ram:0004e5a2	FUN_ram_0004e5a2	Function	DEFAULT
ram:0004e5f8	LAB_ram_0004e5f8	Label	DEFAULT
ram:0004e602	FUN_ram_0004e602	Function	DEFAULT
ram:0004e62e	LAB_ram_0004e62e	Label	DEFAULT
ram:0004e636	FUN_ram_0004e636	Function	DEFAULT
ram:0004e658	LAB_ram_0004e658	Label	DEFAULT
ram:0004e662	LAB_ram_0004e662	Label	DEFAULT
ram:0004e680	LAB_ram_0004e680	Label	DEFAULT
ram:0004e68a	LAB_ram_0004e68a	Label	DEFAULT
ram:0004e694	FUN_ram_0004e694	Function	DEFAULT
ram:0004e6e6	LAB_ram_0004e6e6	Label	DEFAULT
ram:0004e6ea	LAB_ram_0004e6ea	Label	DEFAULT
ram:0004e6f8	LAB_ram_0004e6f8	Label	DEFAULT
ram:0004e70e	LAB_ram_0004e70e	Label	DEFAULT
ram:0004e722	LAB_ram_0004e722	Label	DEFAULT
ram:0004e72a	LAB_ram_0004e72a	Label	DEFAULT
ram:0004e742	LAB_ram_0004e742	Label	DEFAULT
ram:0004e74a	LAB_ram_0004e74a	Label	DEFAULT
ram:0004e754	LAB_ram_0004e754	Label	DEFAULT
ram:0004e764	LAB_ram_0004e764	Label	DEFAULT
ram:0004e768	LAB_ram_0004e768	Label	DEFAULT
ram:0004e780	LAB_ram_0004e780	Label	DEFAULT
ram:0004e78a	FUN_ram_0004e78a	Function	DEFAULT
ram:0004e7ca	LAB_ram_0004e7ca	Label	DEFAULT
ram:0004e7d4	LAB_ram_0004e7d4	Label	DEFAULT
ram:0004e7e6	FUN_ram_0004e7e6	Function	DEFAULT
ram:0004e81e	FUN_ram_0004e81e	Function	DEFAULT
ram:0004e852	LAB_ram_0004e852	Label	DEFAULT
ram:0004e85a	LAB_ram_0004e85a	Label	DEFAULT
ram:0004e85c	FUN_ram_0004e85c	Function	DEFAULT
ram:0004e88a	LAB_ram_0004e88a	Label	DEFAULT
ram:0004e898	FUN_ram_0004e898	Function	DEFAULT
ram:0004e8ac	LAB_ram_0004e8ac	Label	DEFAULT
ram:0004e8b0	FUN_ram_0004e8b0	Function	DEFAULT
ram:0004e8e6	LAB_ram_0004e8e6	Label	DEFAULT
ram:0004e8ea	LAB_ram_0004e8ea	Label	DEFAULT
ram:0004e8ec	FUN_ram_0004e8ec	Function	DEFAULT
ram:0004e94e	LAB_ram_0004e94e	Label	DEFAULT
ram:0004e962	LAB_ram_0004e962	Label	DEFAULT
ram:0004e978	LAB_ram_0004e978	Label	DEFAULT
ram:0004e99e	LAB_ram_0004e99e	Label	DEFAULT
ram:0004e9a0	FUN_ram_0004e9a0	Function	DEFAULT
ram:0004e9bc	LAB_ram_0004e9bc	Label	DEFAULT
ram:0004e9c0	FUN_ram_0004e9c0	Function	DEFAULT
ram:0004eac8	LAB_ram_0004eac8	Label	DEFAULT
ram:0004ead4	LAB_ram_0004ead4	Label	DEFAULT
ram:0004ead8	FUN_ram_0004ead8	Function	DEFAULT
ram:0004eafc	LAB_ram_0004eafc	Label	DEFAULT
ram:0004eb00	LAB_ram_0004eb00	Label	DEFAULT
ram:0004eb02	FUN_ram_0004eb02	Function	DEFAULT
ram:0004eb32	LAB_ram_0004eb32	Label	DEFAULT
ram:0004eb36	FUN_ram_0004eb36	Function	DEFAULT
ram:0004eb5a	LAB_ram_0004eb5a	Label	DEFAULT
ram:0004eb5e	LAB_ram_0004eb5e	Label	DEFAULT
ram:0004eb60	FUN_ram_0004eb60	Function	DEFAULT
ram:0004eb98	LAB_ram_0004eb98	Label	DEFAULT
ram:0004eb9c	FUN_ram_0004eb9c	Function	DEFAULT
ram:0004ebc0	LAB_ram_0004ebc0	Label	DEFAULT
ram:0004ebc4	LAB_ram_0004ebc4	Label	DEFAULT
ram:0004ebc6	FUN_ram_0004ebc6	Function	DEFAULT
ram:0004ebde	LAB_ram_0004ebde	Label	DEFAULT
ram:0004ebe2	FUN_ram_0004ebe2	Function	DEFAULT
ram:0004ec06	LAB_ram_0004ec06	Label	DEFAULT
ram:0004ec0a	LAB_ram_0004ec0a	Label	DEFAULT
ram:0004ec0c	FUN_ram_0004ec0c	Function	DEFAULT
ram:0004ec30	LAB_ram_0004ec30	Label	DEFAULT
ram:0004ec34	LAB_ram_0004ec34	Label	DEFAULT
ram:0004ec36	FUN_ram_0004ec36	Function	DEFAULT
ram:0004ec5c	LAB_ram_0004ec5c	Label	DEFAULT
ram:0004ec60	LAB_ram_0004ec60	Label	DEFAULT
ram:0004ec62	FUN_ram_0004ec62	Function	DEFAULT
ram:0004ec86	LAB_ram_0004ec86	Label	DEFAULT
ram:0004ec8a	LAB_ram_0004ec8a	Label	DEFAULT
ram:0004ec8c	FUN_ram_0004ec8c	Function	DEFAULT
ram:0004ecbc	switchD	Label	ANALYSIS
ram:0004ecbe	caseD_1	Label	ANALYSIS
ram:0004ecbe	caseD_2	Label	ANALYSIS
ram:0004eccc	LAB_ram_0004eccc	Label	DEFAULT
ram:0004ecd0	LAB_ram_0004ecd0	Label	DEFAULT
ram:0004ecda	LAB_ram_0004ecda	Label	DEFAULT
ram:0004ece4	caseD_3	Label	ANALYSIS
ram:0004ecea	LAB_ram_0004ecea	Label	DEFAULT
ram:0004ecec	LAB_ram_0004ecec	Label	DEFAULT
ram:0004ecfc	caseD_4	Label	ANALYSIS
ram:0004ed04	caseD_5	Label	ANALYSIS
ram:0004ed0c	caseD_6	Label	ANALYSIS
ram:0004ed14	caseD_7	Label	ANALYSIS
ram:0004ed1c	caseD_8	Label	ANALYSIS
ram:0004ed24	caseD_9	Label	ANALYSIS
ram:0004ed2c	caseD_a	Label	ANALYSIS
ram:0004ed34	caseD_b	Label	ANALYSIS
ram:0004ed3c	caseD_e	Label	ANALYSIS
ram:0004ed58	LAB_ram_0004ed58	Label	DEFAULT
ram:0004ed68	LAB_ram_0004ed68	Label	DEFAULT
ram:0004ed6e	caseD_c	Label	ANALYSIS
ram:0004ed76	caseD_d	Label	ANALYSIS
ram:0004ed7e	default	Label	ANALYSIS
ram:0004ed82	LAB_ram_0004ed82	Label	DEFAULT
ram:0004ed8c	FUN_ram_0004ed8c	Function	DEFAULT
ram:0004edf0	LAB_ram_0004edf0	Label	DEFAULT
ram:0004edf4	LAB_ram_0004edf4	Label	DEFAULT
ram:0004ee26	LAB_ram_0004ee26	Label	DEFAULT
ram:0004ee36	LAB_ram_0004ee36	Label	DEFAULT
ram:0004ee50	LAB_ram_0004ee50	Label	DEFAULT
ram:0004ee54	LAB_ram_0004ee54	Label	DEFAULT
ram:0004eea0	LAB_ram_0004eea0	Label	DEFAULT
ram:0004eea6	LAB_ram_0004eea6	Label	DEFAULT
ram:0004eebe	LAB_ram_0004eebe	Label	DEFAULT
ram:0004eec8	LAB_ram_0004eec8	Label	DEFAULT
ram:0004eed8	LAB_ram_0004eed8	Label	DEFAULT
ram:0004eef4	LAB_ram_0004eef4	Label	DEFAULT
ram:0004eef8	FUN_ram_0004eef8	Function	DEFAULT
ram:0004ef40	LAB_ram_0004ef40	Label	DEFAULT
ram:0004ef4c	FUN_ram_0004ef4c	Function	DEFAULT
ram:0004f010	LAB_ram_0004f010	Label	DEFAULT
ram:0004f01a	LAB_ram_0004f01a	Label	DEFAULT
ram:0004f032	FUN_ram_0004f032	Function	DEFAULT
ram:0004f064	LAB_ram_0004f064	Label	DEFAULT
ram:0004f0c4	LAB_ram_0004f0c4	Label	DEFAULT
ram:0004f0d4	LAB_ram_0004f0d4	Label	DEFAULT
ram:0004f0e4	LAB_ram_0004f0e4	Label	DEFAULT
ram:0004f0f0	LAB_ram_0004f0f0	Label	DEFAULT
ram:0004f110	LAB_ram_0004f110	Label	DEFAULT
ram:0004f114	LAB_ram_0004f114	Label	DEFAULT
ram:0004f118	FUN_ram_0004f118	Function	DEFAULT
ram:0004f1a0	LAB_ram_0004f1a0	Label	DEFAULT
ram:0004f1a2	LAB_ram_0004f1a2	Label	DEFAULT
ram:0004f1be	LAB_ram_0004f1be	Label	DEFAULT
ram:0004f1c2	LAB_ram_0004f1c2	Label	DEFAULT
ram:0004f1d4	LAB_ram_0004f1d4	Label	DEFAULT
ram:0004f1da	FUN_ram_0004f1da	Function	DEFAULT
ram:0004f22a	LAB_ram_0004f22a	Label	DEFAULT
ram:0004f234	LAB_ram_0004f234	Label	DEFAULT
ram:0004f238	FUN_ram_0004f238	Function	DEFAULT
ram:0004f25a	LAB_ram_0004f25a	Label	DEFAULT
ram:0004f25c	LAB_ram_0004f25c	Label	DEFAULT
ram:0004f272	LAB_ram_0004f272	Label	DEFAULT
ram:0004f2fa	FUN_ram_0004f2fa	Function	DEFAULT
ram:0004f372	LAB_ram_0004f372	Label	DEFAULT
ram:0004f380	LAB_ram_0004f380	Label	DEFAULT
ram:0004f416	LAB_ram_0004f416	Label	DEFAULT
ram:0004f420	LAB_ram_0004f420	Label	DEFAULT
ram:0004f42a	LAB_ram_0004f42a	Label	DEFAULT
ram:0004f446	LAB_ram_0004f446	Label	DEFAULT
ram:0004f44a	FUN_ram_0004f44a	Function	DEFAULT
ram:0004f48a	LAB_ram_0004f48a	Label	DEFAULT
ram:0004f490	LAB_ram_0004f490	Label	DEFAULT
ram:0004f494	LAB_ram_0004f494	Label	DEFAULT
ram:0004f4a2	LAB_ram_0004f4a2	Label	DEFAULT
ram:0004f4a8	LAB_ram_0004f4a8	Label	DEFAULT
ram:0004f4b8	LAB_ram_0004f4b8	Label	DEFAULT
ram:0004f4ba	LAB_ram_0004f4ba	Label	DEFAULT
ram:0004f4be	LAB_ram_0004f4be	Label	DEFAULT
ram:0004f4c4	LAB_ram_0004f4c4	Label	DEFAULT
ram:0004f4f2	LAB_ram_0004f4f2	Label	DEFAULT
ram:0004f4f8	LAB_ram_0004f4f8	Label	DEFAULT
ram:0004f4fe	FUN_ram_0004f4fe	Function	DEFAULT
ram:0004f568	FUN_ram_0004f568	Function	DEFAULT
ram:0004f57c	LAB_ram_0004f57c	Label	DEFAULT
ram:0004f588	FUN_ram_0004f588	Function	DEFAULT
ram:0004f59c	LAB_ram_0004f59c	Label	DEFAULT
ram:0004f5a8	FUN_ram_0004f5a8	Function	DEFAULT
ram:0004f5d2	FUN_ram_0004f5d2	Function	DEFAULT
ram:0004f5dc	FUN_ram_0004f5dc	Function	DEFAULT
ram:0004f666	LAB_ram_0004f666	Label	DEFAULT
ram:0004f66a	LAB_ram_0004f66a	Label	DEFAULT
ram:0004f66c	LAB_ram_0004f66c	Label	DEFAULT
ram:0004f674	LAB_ram_0004f674	Label	DEFAULT
ram:0004f67c	LAB_ram_0004f67c	Label	DEFAULT
ram:0004f680	LAB_ram_0004f680	Label	DEFAULT
ram:0004f6a4	LAB_ram_0004f6a4	Label	DEFAULT
ram:0004f6b6	LAB_ram_0004f6b6	Label	DEFAULT
ram:0004f704	LAB_ram_0004f704	Label	DEFAULT
ram:0004f706	LAB_ram_0004f706	Label	DEFAULT
ram:0004f712	LAB_ram_0004f712	Label	DEFAULT
ram:0004f728	LAB_ram_0004f728	Label	DEFAULT
ram:0004f732	LAB_ram_0004f732	Label	DEFAULT
ram:0004f742	LAB_ram_0004f742	Label	DEFAULT
ram:0004f764	LAB_ram_0004f764	Label	DEFAULT
ram:0004f77a	LAB_ram_0004f77a	Label	DEFAULT
ram:0004f782	LAB_ram_0004f782	Label	DEFAULT
ram:0004f79e	LAB_ram_0004f79e	Label	DEFAULT
ram:0004f7de	LAB_ram_0004f7de	Label	DEFAULT
ram:0004f7ec	LAB_ram_0004f7ec	Label	DEFAULT
ram:0004f804	LAB_ram_0004f804	Label	DEFAULT
ram:0004f81c	LAB_ram_0004f81c	Label	DEFAULT
ram:0004f824	LAB_ram_0004f824	Label	DEFAULT
ram:0004f83c	LAB_ram_0004f83c	Label	DEFAULT
ram:0004f840	FUN_ram_0004f840	Function	DEFAULT
ram:0004f8ca	LAB_ram_0004f8ca	Label	DEFAULT
ram:0004f8ce	LAB_ram_0004f8ce	Label	DEFAULT
ram:0004f8da	LAB_ram_0004f8da	Label	DEFAULT
ram:0004f904	LAB_ram_0004f904	Label	DEFAULT
ram:0004f908	LAB_ram_0004f908	Label	DEFAULT
ram:0004f936	LAB_ram_0004f936	Label	DEFAULT
ram:0004f94a	LAB_ram_0004f94a	Label	DEFAULT
ram:0004f970	LAB_ram_0004f970	Label	DEFAULT
ram:0004f98e	LAB_ram_0004f98e	Label	DEFAULT
ram:0004f992	LAB_ram_0004f992	Label	DEFAULT
ram:0004f9a6	LAB_ram_0004f9a6	Label	DEFAULT
ram:0004f9b8	LAB_ram_0004f9b8	Label	DEFAULT
ram:0004f9d0	LAB_ram_0004f9d0	Label	DEFAULT
ram:0004f9e8	LAB_ram_0004f9e8	Label	DEFAULT
ram:0004fa04	LAB_ram_0004fa04	Label	DEFAULT
ram:0004fa22	LAB_ram_0004fa22	Label	DEFAULT
ram:0004fa3e	LAB_ram_0004fa3e	Label	DEFAULT
ram:0004fa58	LAB_ram_0004fa58	Label	DEFAULT
ram:0004fa70	LAB_ram_0004fa70	Label	DEFAULT
ram:0004fa88	LAB_ram_0004fa88	Label	DEFAULT
ram:0004fa9e	LAB_ram_0004fa9e	Label	DEFAULT
ram:0004faa4	LAB_ram_0004faa4	Label	DEFAULT
ram:0004faa6	FUN_ram_0004faa6	Function	DEFAULT
ram:0004faca	LAB_ram_0004faca	Label	DEFAULT
ram:0004fadc	LAB_ram_0004fadc	Label	DEFAULT
ram:0004faee	LAB_ram_0004faee	Label	DEFAULT
ram:0004fb08	LAB_ram_0004fb08	Label	DEFAULT
ram:0004fb1a	LAB_ram_0004fb1a	Label	DEFAULT
ram:0004fb24	LAB_ram_0004fb24	Label	DEFAULT
ram:0004fb2e	FUN_ram_0004fb2e	Function	DEFAULT
ram:0004fb52	LAB_ram_0004fb52	Label	DEFAULT
ram:0004fb56	LAB_ram_0004fb56	Label	DEFAULT
ram:0004fb5c	default	Label	ANALYSIS
ram:0004fb5e	LAB_ram_0004fb5e	Label	DEFAULT
ram:0004fb6e	LAB_ram_0004fb6e	Label	DEFAULT
ram:0004fb8a	switchD	Label	ANALYSIS
ram:0004fb8c	caseD_0	Label	ANALYSIS
ram:0004fb98	caseD_1	Label	ANALYSIS
ram:0004fbb2	LAB_ram_0004fbb2	Label	DEFAULT
ram:0004fbc2	LAB_ram_0004fbc2	Label	DEFAULT
ram:0004fbc8	LAB_ram_0004fbc8	Label	DEFAULT
ram:0004fbd6	LAB_ram_0004fbd6	Label	DEFAULT
ram:0004fbda	caseD_2	Label	ANALYSIS
ram:0004fbfe	LAB_ram_0004fbfe	Label	DEFAULT
ram:0004fc06	LAB_ram_0004fc06	Label	DEFAULT
ram:0004fc0c	LAB_ram_0004fc0c	Label	DEFAULT
ram:0004fc84	LAB_ram_0004fc84	Label	DEFAULT
ram:0004fc98	LAB_ram_0004fc98	Label	DEFAULT
ram:0004fca0	caseD_9	Label	ANALYSIS
ram:0004fca4	LAB_ram_0004fca4	Label	DEFAULT
ram:0004fcf8	LAB_ram_0004fcf8	Label	DEFAULT
ram:0004fcfa	LAB_ram_0004fcfa	Label	DEFAULT
ram:0004fd00	caseD_3	Label	ANALYSIS
ram:0004fd0a	caseD_4	Label	ANALYSIS
ram:0004fd2a	LAB_ram_0004fd2a	Label	DEFAULT
ram:0004fd4e	caseD_5	Label	ANALYSIS
ram:0004fd90	caseD_6	Label	ANALYSIS
ram:0004fdae	LAB_ram_0004fdae	Label	DEFAULT
ram:0004fdc6	caseD_7	Label	ANALYSIS
ram:0004fdea	LAB_ram_0004fdea	Label	DEFAULT
ram:0004fdfe	caseD_8	Label	ANALYSIS
ram:0004fe12	LAB_ram_0004fe12	Label	DEFAULT
ram:0004fe2a	LAB_ram_0004fe2a	Label	DEFAULT
ram:0004fe32	caseD_a	Label	ANALYSIS
ram:0004fe60	LAB_ram_0004fe60	Label	DEFAULT
ram:0004fe7c	LAB_ram_0004fe7c	Label	DEFAULT
ram:0004febe	caseD_b	Label	ANALYSIS
ram:0004ff12	LAB_ram_0004ff12	Label	DEFAULT
ram:0004ff18	LAB_ram_0004ff18	Label	DEFAULT
ram:0004ff34	FUN_ram_0004ff34	Function	DEFAULT
ram:0004ff80	LAB_ram_0004ff80	Label	DEFAULT
ram:0004ff96	LAB_ram_0004ff96	Label	DEFAULT
ram:0004ffae	LAB_ram_0004ffae	Label	DEFAULT
ram:0004ffcc	LAB_ram_0004ffcc	Label	DEFAULT
ram:0004ffe0	LAB_ram_0004ffe0	Label	DEFAULT
ram:0004fff6	LAB_ram_0004fff6	Label	DEFAULT
ram:0004fffa	FUN_ram_0004fffa	Function	DEFAULT
ram:00050004	FUN_ram_00050004	Function	DEFAULT
ram:0005000e	LAB_ram_0005000e	Label	DEFAULT
ram:0005003a	LAB_ram_0005003a	Label	DEFAULT
ram:0005003e	LAB_ram_0005003e	Label	DEFAULT
ram:0005006a	LAB_ram_0005006a	Label	DEFAULT
ram:0005006e	LAB_ram_0005006e	Label	DEFAULT
ram:0005009a	LAB_ram_0005009a	Label	DEFAULT
ram:0005009e	LAB_ram_0005009e	Label	DEFAULT
ram:000500de	LAB_ram_000500de	Label	DEFAULT
ram:000500e2	LAB_ram_000500e2	Label	DEFAULT
ram:0005010e	LAB_ram_0005010e	Label	DEFAULT
ram:00050112	LAB_ram_00050112	Label	DEFAULT
ram:00050148	LAB_ram_00050148	Label	DEFAULT
ram:0005014c	LAB_ram_0005014c	Label	DEFAULT
ram:00050178	LAB_ram_00050178	Label	DEFAULT
ram:0005017c	LAB_ram_0005017c	Label	DEFAULT
ram:000501aa	LAB_ram_000501aa	Label	DEFAULT
ram:000501ae	LAB_ram_000501ae	Label	DEFAULT
ram:000501da	LAB_ram_000501da	Label	DEFAULT
ram:000501de	LAB_ram_000501de	Label	DEFAULT
ram:000501f4	LAB_ram_000501f4	Label	DEFAULT
ram:000501f8	LAB_ram_000501f8	Label	DEFAULT
ram:0005020e	LAB_ram_0005020e	Label	DEFAULT
ram:00050212	FUN_ram_00050212	Function	DEFAULT
ram:0005023e	LAB_ram_0005023e	Label	DEFAULT
ram:00050242	FUN_ram_00050242	Function	DEFAULT
ram:0005026e	LAB_ram_0005026e	Label	DEFAULT
ram:00050272	FUN_ram_00050272	Function	DEFAULT
ram:000502a6	FUN_ram_000502a6	Function	DEFAULT
ram:000502da	FUN_ram_000502da	Function	DEFAULT
ram:0005032e	LAB_ram_0005032e	Label	DEFAULT
ram:00050336	LAB_ram_00050336	Label	DEFAULT
ram:0005033c	FUN_ram_0005033c	Function	DEFAULT
ram:00050372	LAB_ram_00050372	Label	DEFAULT
ram:000503a4	LAB_ram_000503a4	Label	DEFAULT
ram:000503a8	LAB_ram_000503a8	Label	DEFAULT
ram:000503c2	LAB_ram_000503c2	Label	DEFAULT
ram:00050466	LAB_ram_00050466	Label	DEFAULT
ram:000504ce	LAB_ram_000504ce	Label	DEFAULT
ram:00050588	FUN_ram_00050588	Function	DEFAULT
ram:00050598	FUN_ram_00050598	Function	DEFAULT
ram:000505d0	FUN_ram_000505d0	Function	DEFAULT
ram:000505e0	FUN_ram_000505e0	Function	DEFAULT
ram:00050618	FUN_ram_00050618	Function	DEFAULT
ram:00050628	FUN_ram_00050628	Function	DEFAULT
ram:0005067a	LAB_ram_0005067a	Label	DEFAULT
ram:000506b8	LAB_ram_000506b8	Label	DEFAULT
ram:000506c2	LAB_ram_000506c2	Label	DEFAULT
ram:000506ce	LAB_ram_000506ce	Label	DEFAULT
ram:000506fa	LAB_ram_000506fa	Label	DEFAULT
ram:000506fe	LAB_ram_000506fe	Label	DEFAULT
ram:0005071e	LAB_ram_0005071e	Label	DEFAULT
ram:00050784	LAB_ram_00050784	Label	DEFAULT
ram:000507a2	LAB_ram_000507a2	Label	DEFAULT
ram:000507a6	LAB_ram_000507a6	Label	DEFAULT
ram:000507c0	LAB_ram_000507c0	Label	DEFAULT
ram:000507d0	LAB_ram_000507d0	Label	DEFAULT
ram:000507e6	LAB_ram_000507e6	Label	DEFAULT
ram:000507fe	LAB_ram_000507fe	Label	DEFAULT
ram:00050804	LAB_ram_00050804	Label	DEFAULT
ram:00050820	LAB_ram_00050820	Label	DEFAULT
ram:0005083c	LAB_ram_0005083c	Label	DEFAULT
ram:00050858	LAB_ram_00050858	Label	DEFAULT
ram:0005086a	LAB_ram_0005086a	Label	DEFAULT
ram:00050882	LAB_ram_00050882	Label	DEFAULT
ram:00050896	LAB_ram_00050896	Label	DEFAULT
ram:0005089c	LAB_ram_0005089c	Label	DEFAULT
ram:000508b2	LAB_ram_000508b2	Label	DEFAULT
ram:000508d4	LAB_ram_000508d4	Label	DEFAULT
ram:000508da	LAB_ram_000508da	Label	DEFAULT
ram:000508f2	LAB_ram_000508f2	Label	DEFAULT
ram:0005090a	LAB_ram_0005090a	Label	DEFAULT
ram:00050910	FUN_ram_00050910	Function	DEFAULT
ram:00050958	LAB_ram_00050958	Label	DEFAULT
ram:0005095a	LAB_ram_0005095a	Label	DEFAULT
ram:0005095e	LAB_ram_0005095e	Label	DEFAULT
ram:00050960	LAB_ram_00050960	Label	DEFAULT
ram:00050970	LAB_ram_00050970	Label	DEFAULT
ram:00050988	LAB_ram_00050988	Label	DEFAULT
ram:000509a8	LAB_ram_000509a8	Label	DEFAULT
ram:000509e8	LAB_ram_000509e8	Label	DEFAULT
ram:00050a06	LAB_ram_00050a06	Label	DEFAULT
ram:00050a54	LAB_ram_00050a54	Label	DEFAULT
ram:00050a5e	LAB_ram_00050a5e	Label	DEFAULT
ram:00050a78	LAB_ram_00050a78	Label	DEFAULT
ram:00050a7c	LAB_ram_00050a7c	Label	DEFAULT
ram:00050a84	LAB_ram_00050a84	Label	DEFAULT
ram:00050a8c	LAB_ram_00050a8c	Label	DEFAULT
ram:00050aba	LAB_ram_00050aba	Label	DEFAULT
ram:00050abe	LAB_ram_00050abe	Label	DEFAULT
ram:00050ac4	FUN_ram_00050ac4	Function	DEFAULT
ram:00050aea	LAB_ram_00050aea	Label	DEFAULT
ram:00050aec	LAB_ram_00050aec	Label	DEFAULT
ram:00050afe	LAB_ram_00050afe	Label	DEFAULT
ram:00050b04	caseD_1	Label	ANALYSIS
ram:00050b04	caseD_a	Label	ANALYSIS
ram:00050b08	LAB_ram_00050b08	Label	DEFAULT
ram:00050b24	switchD	Label	ANALYSIS
ram:00050b26	caseD_0	Label	ANALYSIS
ram:00050b48	LAB_ram_00050b48	Label	DEFAULT
ram:00050b4c	LAB_ram_00050b4c	Label	DEFAULT
ram:00050c70	LAB_ram_00050c70	Label	DEFAULT
ram:00050c78	LAB_ram_00050c78	Label	DEFAULT
ram:00050c7e	LAB_ram_00050c7e	Label	DEFAULT
ram:00050c86	LAB_ram_00050c86	Label	DEFAULT
ram:00050cac	LAB_ram_00050cac	Label	DEFAULT
ram:00050cbe	LAB_ram_00050cbe	Label	DEFAULT
ram:00050cfc	LAB_ram_00050cfc	Label	DEFAULT
ram:00050d02	LAB_ram_00050d02	Label	DEFAULT
ram:00050d12	LAB_ram_00050d12	Label	DEFAULT
ram:00050d16	LAB_ram_00050d16	Label	DEFAULT
ram:00050d2c	LAB_ram_00050d2c	Label	DEFAULT
ram:00050d36	LAB_ram_00050d36	Label	DEFAULT
ram:00050d44	LAB_ram_00050d44	Label	DEFAULT
ram:00050d56	LAB_ram_00050d56	Label	DEFAULT
ram:00050d66	LAB_ram_00050d66	Label	DEFAULT
ram:00050d7e	LAB_ram_00050d7e	Label	DEFAULT
ram:00050d82	LAB_ram_00050d82	Label	DEFAULT
ram:00050d9c	LAB_ram_00050d9c	Label	DEFAULT
ram:00050dce	LAB_ram_00050dce	Label	DEFAULT
ram:00050dda	LAB_ram_00050dda	Label	DEFAULT
ram:00050dde	LAB_ram_00050dde	Label	DEFAULT
ram:00050df6	LAB_ram_00050df6	Label	DEFAULT
ram:00050dfe	LAB_ram_00050dfe	Label	DEFAULT
ram:00050e16	LAB_ram_00050e16	Label	DEFAULT
ram:00050e1a	caseD_2	Label	ANALYSIS
ram:00050e4a	LAB_ram_00050e4a	Label	DEFAULT
ram:00050e6e	LAB_ram_00050e6e	Label	DEFAULT
ram:00050e72	LAB_ram_00050e72	Label	DEFAULT
ram:00050e76	caseD_3	Label	ANALYSIS
ram:00050ea6	LAB_ram_00050ea6	Label	DEFAULT
ram:00050efe	LAB_ram_00050efe	Label	DEFAULT
ram:00050f20	LAB_ram_00050f20	Label	DEFAULT
ram:00050f26	LAB_ram_00050f26	Label	DEFAULT
ram:00050f64	LAB_ram_00050f64	Label	DEFAULT
ram:00050f96	LAB_ram_00050f96	Label	DEFAULT
ram:00050f9c	caseD_5	Label	ANALYSIS
ram:00050fbc	LAB_ram_00050fbc	Label	DEFAULT
ram:00050fe2	caseD_6	Label	ANALYSIS
ram:00051026	caseD_7	Label	ANALYSIS
ram:00051046	LAB_ram_00051046	Label	DEFAULT
ram:0005105e	caseD_8	Label	ANALYSIS
ram:00051082	LAB_ram_00051082	Label	DEFAULT
ram:0005109a	caseD_9	Label	ANALYSIS
ram:000510ba	LAB_ram_000510ba	Label	DEFAULT
ram:000510d2	LAB_ram_000510d2	Label	DEFAULT
ram:000510d8	LAB_ram_000510d8	Label	DEFAULT
ram:000510de	caseD_b	Label	ANALYSIS
ram:00051138	LAB_ram_00051138	Label	DEFAULT
ram:00051146	LAB_ram_00051146	Label	DEFAULT
ram:00051154	caseD_c	Label	ANALYSIS
ram:0005117a	caseD_4	Label	ANALYSIS
ram:00051180	LAB_ram_00051180	Label	DEFAULT
ram:000511a8	FUN_ram_000511a8	Function	DEFAULT
ram:000511ac	LAB_ram_000511ac	Label	DEFAULT
ram:000511d0	FUN_ram_000511d0	Function	DEFAULT
ram:000511d8	LAB_ram_000511d8	Label	DEFAULT
ram:000511fe	FUN_ram_000511fe	Function	DEFAULT
ram:00051206	LAB_ram_00051206	Label	DEFAULT
ram:0005121e	LAB_ram_0005121e	Label	DEFAULT
ram:00051226	LAB_ram_00051226	Label	DEFAULT
ram:00051230	LAB_ram_00051230	Label	DEFAULT
ram:00051236	FUN_ram_00051236	Function	DEFAULT
ram:000512ac	LAB_ram_000512ac	Label	DEFAULT
ram:000512cc	LAB_ram_000512cc	Label	DEFAULT
ram:000512d6	LAB_ram_000512d6	Label	DEFAULT
ram:000512e2	LAB_ram_000512e2	Label	DEFAULT
ram:000512f6	LAB_ram_000512f6	Label	DEFAULT
ram:00051300	LAB_ram_00051300	Label	DEFAULT
ram:0005130a	FUN_ram_0005130a	Function	DEFAULT
ram:0005130e	LAB_ram_0005130e	Label	DEFAULT
ram:0005132e	FUN_ram_0005132e	Function	DEFAULT
ram:000513aa	LAB_ram_000513aa	Label	DEFAULT
ram:000513ba	LAB_ram_000513ba	Label	DEFAULT
ram:000513be	FUN_ram_000513be	Function	DEFAULT
ram:000514da	LAB_ram_000514da	Label	DEFAULT
ram:000514e4	LAB_ram_000514e4	Label	DEFAULT
ram:000514fe	LAB_ram_000514fe	Label	DEFAULT
ram:00051502	FUN_ram_00051502	Function	DEFAULT
ram:00051582	LAB_ram_00051582	Label	DEFAULT
ram:00051594	LAB_ram_00051594	Label	DEFAULT
ram:00051598	FUN_ram_00051598	Function	DEFAULT
ram:00051638	LAB_ram_00051638	Label	DEFAULT
ram:0005164c	LAB_ram_0005164c	Label	DEFAULT
ram:00051658	LAB_ram_00051658	Label	DEFAULT
ram:00051662	LAB_ram_00051662	Label	DEFAULT
ram:00051670	LAB_ram_00051670	Label	DEFAULT
ram:0005167a	LAB_ram_0005167a	Label	DEFAULT
ram:00051688	LAB_ram_00051688	Label	DEFAULT
ram:000516a6	LAB_ram_000516a6	Label	DEFAULT
ram:000516a8	LAB_ram_000516a8	Label	DEFAULT
ram:000516bc	LAB_ram_000516bc	Label	DEFAULT
ram:000516da	LAB_ram_000516da	Label	DEFAULT
ram:00051702	LAB_ram_00051702	Label	DEFAULT
ram:00051706	LAB_ram_00051706	Label	DEFAULT
ram:0005170a	FUN_ram_0005170a	Function	DEFAULT
ram:0005176a	LAB_ram_0005176a	Label	DEFAULT
ram:000517aa	LAB_ram_000517aa	Label	DEFAULT
ram:000517bc	LAB_ram_000517bc	Label	DEFAULT
ram:000517d4	FUN_ram_000517d4	Function	DEFAULT
ram:0005185a	LAB_ram_0005185a	Label	DEFAULT
ram:0005186c	FUN_ram_0005186c	Function	DEFAULT
ram:000518c4	LAB_ram_000518c4	Label	DEFAULT
ram:000518cc	FUN_ram_000518cc	Function	DEFAULT
ram:00051926	LAB_ram_00051926	Label	DEFAULT
ram:00051932	FUN_ram_00051932	Function	DEFAULT
ram:0005198a	LAB_ram_0005198a	Label	DEFAULT
ram:00051996	FUN_ram_00051996	Function	DEFAULT
ram:000519ee	LAB_ram_000519ee	Label	DEFAULT
ram:000519f6	FUN_ram_000519f6	Function	DEFAULT
ram:00051a30	LAB_ram_00051a30	Label	DEFAULT
ram:00051a38	FUN_ram_00051a38	Function	DEFAULT
ram:00051a90	LAB_ram_00051a90	Label	DEFAULT
ram:00051a98	FUN_ram_00051a98	Function	DEFAULT
ram:00051b2e	LAB_ram_00051b2e	Label	DEFAULT
ram:00051b74	LAB_ram_00051b74	Label	DEFAULT
ram:00051ba2	LAB_ram_00051ba2	Label	DEFAULT
ram:00051bc0	FUN_ram_00051bc0	Function	DEFAULT
ram:00051bfe	LAB_ram_00051bfe	Label	DEFAULT
ram:00051c62	LAB_ram_00051c62	Label	DEFAULT
ram:00051c7a	FUN_ram_00051c7a	Function	DEFAULT
ram:00051cca	LAB_ram_00051cca	Label	DEFAULT
ram:00051cd2	FUN_ram_00051cd2	Function	DEFAULT
ram:00051db0	LAB_ram_00051db0	Label	DEFAULT
ram:00051dce	FUN_ram_00051dce	Function	DEFAULT
ram:00051e60	LAB_ram_00051e60	Label	DEFAULT
ram:00051e6a	FUN_ram_00051e6a	Function	DEFAULT
ram:00051eea	LAB_ram_00051eea	Label	DEFAULT
ram:00051f0a	LAB_ram_00051f0a	Label	DEFAULT
ram:00051f10	LAB_ram_00051f10	Label	DEFAULT
ram:00051f28	FUN_ram_00051f28	Function	DEFAULT
ram:00051f60	LAB_ram_00051f60	Label	DEFAULT
ram:00051f68	FUN_ram_00051f68	Function	DEFAULT
ram:00051f9c	LAB_ram_00051f9c	Label	DEFAULT
ram:00051fa2	FUN_ram_00051fa2	Function	DEFAULT
ram:00051ff2	LAB_ram_00051ff2	Label	DEFAULT
ram:00051ffa	FUN_ram_00051ffa	Function	DEFAULT
ram:0005205a	LAB_ram_0005205a	Label	DEFAULT
ram:00052066	FUN_ram_00052066	Function	DEFAULT
ram:000520a6	LAB_ram_000520a6	Label	DEFAULT
ram:000520ae	FUN_ram_000520ae	Function	DEFAULT
ram:000520ee	LAB_ram_000520ee	Label	DEFAULT
ram:000520f6	FUN_ram_000520f6	Function	DEFAULT
ram:0005213e	LAB_ram_0005213e	Label	DEFAULT
ram:00052146	FUN_ram_00052146	Function	DEFAULT
ram:00052198	LAB_ram_00052198	Label	DEFAULT
ram:000521a0	FUN_ram_000521a0	Function	DEFAULT
ram:000521f6	LAB_ram_000521f6	Label	DEFAULT
ram:00052202	FUN_ram_00052202	Function	DEFAULT
ram:00052242	LAB_ram_00052242	Label	DEFAULT
ram:0005224a	FUN_ram_0005224a	Function	DEFAULT
ram:00052280	LAB_ram_00052280	Label	DEFAULT
ram:00052288	FUN_ram_00052288	Function	DEFAULT
ram:000522ca	LAB_ram_000522ca	Label	DEFAULT
ram:000522d2	FUN_ram_000522d2	Function	DEFAULT
ram:00052310	LAB_ram_00052310	Label	DEFAULT
ram:00052316	FUN_ram_00052316	Function	DEFAULT
ram:000523ca	LAB_ram_000523ca	Label	DEFAULT
ram:000523cc	LAB_ram_000523cc	Label	DEFAULT
ram:000523e4	LAB_ram_000523e4	Label	DEFAULT
ram:000523ee	LAB_ram_000523ee	Label	DEFAULT
ram:000523f6	LAB_ram_000523f6	Label	DEFAULT
ram:000523fa	LAB_ram_000523fa	Label	DEFAULT
ram:00052422	LAB_ram_00052422	Label	DEFAULT
ram:00052464	LAB_ram_00052464	Label	DEFAULT
ram:000524f2	LAB_ram_000524f2	Label	DEFAULT
ram:000524f6	LAB_ram_000524f6	Label	DEFAULT
ram:00052500	LAB_ram_00052500	Label	DEFAULT
ram:0005250e	thunk_FUN_ram_0006512c	Function	DEFAULT
ram:00052512	thunk_FUN_ram_00065e24	Function	DEFAULT
ram:00052516	thunk_FUN_ram_000656da	Function	DEFAULT
ram:0005251a	thunk_FUN_ram_0006599c	Function	DEFAULT
ram:0005251e	thunk_FUN_ram_0006517c	Function	DEFAULT
ram:00052522	FUN_ram_00052522	Function	DEFAULT
ram:00052532	thunk_FUN_ram_000651a6	Function	DEFAULT
ram:00052536	thunk_FUN_ram_000651cc	Function	DEFAULT
ram:0005253a	thunk_FUN_ram_00065204	Function	DEFAULT
ram:0005253e	thunk_FUN_ram_0006522a	Function	DEFAULT
ram:00052542	thunk_FUN_ram_0006524e	Function	DEFAULT
ram:00052546	thunk_FUN_ram_00065272	Function	DEFAULT
ram:0005254a	thunk_FUN_ram_00065294	Function	DEFAULT
ram:0005254e	thunk_FUN_ram_000652b8	Function	DEFAULT
ram:00052552	thunk_FUN_ram_000652dc	Function	DEFAULT
ram:00052556	thunk_FUN_ram_000652fa	Function	DEFAULT
ram:0005255a	thunk_FUN_ram_0006531e	Function	DEFAULT
ram:0005255e	FUN_ram_0005255e	Function	DEFAULT
ram:0005256e	thunk_FUN_ram_0006535a	Function	DEFAULT
ram:00052572	thunk_FUN_ram_0006538a	Function	DEFAULT
ram:00052576	thunk_FUN_ram_00065676	Function	DEFAULT
ram:0005257a	thunk_FUN_ram_000656a8	Function	DEFAULT
ram:0005257e	thunk_FUN_ram_0006570c	Function	DEFAULT
ram:00052582	thunk_FUN_ram_00065732	Function	DEFAULT
ram:00052586	thunk_FUN_ram_00065758	Function	DEFAULT
ram:0005258a	thunk_FUN_ram_0006577e	Function	DEFAULT
ram:0005258e	thunk_FUN_ram_000657a4	Function	DEFAULT
ram:00052592	thunk_FUN_ram_000657ca	Function	DEFAULT
ram:00052596	FUN_ram_00052596	Function	DEFAULT
ram:000525c4	thunk_FUN_ram_0006583e	Function	DEFAULT
ram:000525c8	thunk_FUN_ram_00065864	Function	DEFAULT
ram:000525cc	thunk_FUN_ram_0006588a	Function	DEFAULT
ram:000525d0	thunk_FUN_ram_000658b0	Function	DEFAULT
ram:000525d4	thunk_FUN_ram_000658d6	Function	DEFAULT
ram:000525d8	thunk_FUN_ram_000658fc	Function	DEFAULT
ram:000525dc	thunk_FUN_ram_00065922	Function	DEFAULT
ram:000525e0	thunk_FUN_ram_00065948	Function	DEFAULT
ram:000525e4	thunk_FUN_ram_0006596e	Function	DEFAULT
ram:000525e8	thunk_FUN_ram_00067d78	Function	DEFAULT
ram:000525ec	thunk_FUN_ram_00067e9a	Function	DEFAULT
ram:000525f0	thunk_FUN_ram_00067ec6	Function	DEFAULT
ram:000525f4	thunk_FUN_ram_000659a8	Function	DEFAULT
ram:000525f8	thunk_FUN_ram_000659ce	Function	DEFAULT
ram:000525fc	thunk_FUN_ram_00067f4a	Function	DEFAULT
ram:00052600	FUN_ram_00052600	Function	DEFAULT
ram:00052638	LAB_ram_00052638	Label	DEFAULT
ram:00052640	thunk_FUN_ram_000680f4	Function	DEFAULT
ram:00052644	thunk_FUN_ram_000681b0	Function	DEFAULT
ram:00052648	FUN_ram_00052648	Function	DEFAULT
ram:00052690	LAB_ram_00052690	Label	DEFAULT
ram:00052692	LAB_ram_00052692	Label	DEFAULT
ram:00052694	FUN_ram_00052694	Function	DEFAULT
ram:000526a2	LAB_ram_000526a2	Label	DEFAULT
ram:000526b8	LAB_ram_000526b8	Label	DEFAULT
ram:000526ba	LAB_ram_000526ba	Label	DEFAULT
ram:000526c8	LAB_ram_000526c8	Label	DEFAULT
ram:000526d0	FUN_ram_000526d0	Function	DEFAULT
ram:000526fe	LAB_ram_000526fe	Label	DEFAULT
ram:00052704	LAB_ram_00052704	Label	DEFAULT
ram:00052706	LAB_ram_00052706	Label	DEFAULT
ram:0005270a	LAB_ram_0005270a	Label	DEFAULT
ram:0005271c	LAB_ram_0005271c	Label	DEFAULT
ram:00052720	LAB_ram_00052720	Label	DEFAULT
ram:0005272a	LAB_ram_0005272a	Label	DEFAULT
ram:0005273c	LAB_ram_0005273c	Label	DEFAULT
ram:00052742	LAB_ram_00052742	Label	DEFAULT
ram:00052756	LAB_ram_00052756	Label	DEFAULT
ram:0005275c	LAB_ram_0005275c	Label	DEFAULT
ram:00052770	LAB_ram_00052770	Label	DEFAULT
ram:00052776	LAB_ram_00052776	Label	DEFAULT
ram:0005278c	LAB_ram_0005278c	Label	DEFAULT
ram:00052792	LAB_ram_00052792	Label	DEFAULT
ram:000527a8	LAB_ram_000527a8	Label	DEFAULT
ram:000527ae	LAB_ram_000527ae	Label	DEFAULT
ram:000527d8	FUN_ram_000527d8	Function	DEFAULT
ram:000528f2	LAB_ram_000528f2	Label	DEFAULT
ram:00052910	LAB_ram_00052910	Label	DEFAULT
ram:00052928	LAB_ram_00052928	Label	DEFAULT
ram:0005293e	LAB_ram_0005293e	Label	DEFAULT
ram:00052950	LAB_ram_00052950	Label	DEFAULT
ram:0005296a	LAB_ram_0005296a	Label	DEFAULT
ram:0005299e	LAB_ram_0005299e	Label	DEFAULT
ram:000529a6	LAB_ram_000529a6	Label	DEFAULT
ram:000529ae	FUN_ram_000529ae	Function	DEFAULT
ram:00052a4a	FUN_ram_00052a4a	Function	DEFAULT
ram:00052a8c	LAB_ram_00052a8c	Label	DEFAULT
ram:00052a9e	LAB_ram_00052a9e	Label	DEFAULT
ram:00052ac4	LAB_ram_00052ac4	Label	DEFAULT
ram:00052ae6	LAB_ram_00052ae6	Label	DEFAULT
ram:00052b3a	LAB_ram_00052b3a	Label	DEFAULT
ram:00052b48	LAB_ram_00052b48	Label	DEFAULT
ram:00052b5e	FUN_ram_00052b5e	Function	DEFAULT
ram:00052b7c	LAB_ram_00052b7c	Label	DEFAULT
ram:00052b7e	LAB_ram_00052b7e	Label	DEFAULT
ram:00052b8c	LAB_ram_00052b8c	Label	DEFAULT
ram:00052bbe	LAB_ram_00052bbe	Label	DEFAULT
ram:00052bce	LAB_ram_00052bce	Label	DEFAULT
ram:00052c18	LAB_ram_00052c18	Label	DEFAULT
ram:00052c2a	FUN_ram_00052c2a	Function	DEFAULT
ram:00052c6c	LAB_ram_00052c6c	Label	DEFAULT
ram:00052d26	LAB_ram_00052d26	Label	DEFAULT
ram:00052d70	LAB_ram_00052d70	Label	DEFAULT
ram:00052da4	LAB_ram_00052da4	Label	DEFAULT
ram:00052e0e	LAB_ram_00052e0e	Label	DEFAULT
ram:00052e3e	LAB_ram_00052e3e	Label	DEFAULT
ram:00052e96	LAB_ram_00052e96	Label	DEFAULT
ram:00052e9a	LAB_ram_00052e9a	Label	DEFAULT
ram:00052eb6	LAB_ram_00052eb6	Label	DEFAULT
ram:00052f00	LAB_ram_00052f00	Label	DEFAULT
ram:00052f74	LAB_ram_00052f74	Label	DEFAULT
ram:00052fd2	LAB_ram_00052fd2	Label	DEFAULT
ram:00052fda	LAB_ram_00052fda	Label	DEFAULT
ram:00052fe8	LAB_ram_00052fe8	Label	DEFAULT
ram:00052ffc	LAB_ram_00052ffc	Label	DEFAULT
ram:0005300a	LAB_ram_0005300a	Label	DEFAULT
ram:0005301a	FUN_ram_0005301a	Function	DEFAULT
ram:000530de	LAB_ram_000530de	Label	DEFAULT
ram:0005310a	LAB_ram_0005310a	Label	DEFAULT
ram:0005317c	LAB_ram_0005317c	Label	DEFAULT
ram:000531c0	LAB_ram_000531c0	Label	DEFAULT
ram:00053212	LAB_ram_00053212	Label	DEFAULT
ram:0005321a	LAB_ram_0005321a	Label	DEFAULT
ram:0005322c	FUN_ram_0005322c	Function	DEFAULT
ram:0005326a	LAB_ram_0005326a	Label	DEFAULT
ram:000532c8	LAB_ram_000532c8	Label	DEFAULT
ram:000532d4	LAB_ram_000532d4	Label	DEFAULT
ram:000532d8	LAB_ram_000532d8	Label	DEFAULT
ram:000532ea	LAB_ram_000532ea	Label	DEFAULT
ram:000532fc	LAB_ram_000532fc	Label	DEFAULT
ram:00053304	LAB_ram_00053304	Label	DEFAULT
ram:00053322	LAB_ram_00053322	Label	DEFAULT
ram:00053332	LAB_ram_00053332	Label	DEFAULT
ram:0005333e	LAB_ram_0005333e	Label	DEFAULT
ram:00053362	LAB_ram_00053362	Label	DEFAULT
ram:00053378	LAB_ram_00053378	Label	DEFAULT
ram:000533a4	LAB_ram_000533a4	Label	DEFAULT
ram:000533a8	LAB_ram_000533a8	Label	DEFAULT
ram:000533b8	LAB_ram_000533b8	Label	DEFAULT
ram:000533c4	LAB_ram_000533c4	Label	DEFAULT
ram:00053408	LAB_ram_00053408	Label	DEFAULT
ram:00053448	LAB_ram_00053448	Label	DEFAULT
ram:0005344e	LAB_ram_0005344e	Label	DEFAULT
ram:00053498	LAB_ram_00053498	Label	DEFAULT
ram:000534a6	LAB_ram_000534a6	Label	DEFAULT
ram:000534a8	FUN_ram_000534a8	Function	DEFAULT
ram:000534e2	LAB_ram_000534e2	Label	DEFAULT
ram:000534f0	LAB_ram_000534f0	Label	DEFAULT
ram:00053524	FUN_ram_00053524	Function	DEFAULT
ram:0005353c	LAB_ram_0005353c	Label	DEFAULT
ram:00053540	LAB_ram_00053540	Label	DEFAULT
ram:0005357e	LAB_ram_0005357e	Label	DEFAULT
ram:00053668	LAB_ram_00053668	Label	DEFAULT
ram:00053672	LAB_ram_00053672	Label	DEFAULT
ram:0005367e	LAB_ram_0005367e	Label	DEFAULT
ram:000536a0	LAB_ram_000536a0	Label	DEFAULT
ram:000536ba	LAB_ram_000536ba	Label	DEFAULT
ram:000536dc	LAB_ram_000536dc	Label	DEFAULT
ram:000536fe	FUN_ram_000536fe	Function	DEFAULT
ram:00053714	LAB_ram_00053714	Label	DEFAULT
ram:0005371e	LAB_ram_0005371e	Label	DEFAULT
ram:00053744	LAB_ram_00053744	Label	DEFAULT
ram:00053796	LAB_ram_00053796	Label	DEFAULT
ram:000537a4	LAB_ram_000537a4	Label	DEFAULT
ram:000537ee	LAB_ram_000537ee	Label	DEFAULT
ram:000537f2	LAB_ram_000537f2	Label	DEFAULT
ram:00053802	LAB_ram_00053802	Label	DEFAULT
ram:00053806	LAB_ram_00053806	Label	DEFAULT
ram:00053822	LAB_ram_00053822	Label	DEFAULT
ram:00053838	LAB_ram_00053838	Label	DEFAULT
ram:00053848	FUN_ram_00053848	Function	DEFAULT
ram:0005388c	LAB_ram_0005388c	Label	DEFAULT
ram:00053894	FUN_ram_00053894	Function	DEFAULT
ram:000538a2	LAB_ram_000538a2	Label	DEFAULT
ram:000538a6	LAB_ram_000538a6	Label	DEFAULT
ram:000538b8	LAB_ram_000538b8	Label	DEFAULT
ram:000538c6	LAB_ram_000538c6	Label	DEFAULT
ram:000538ce	LAB_ram_000538ce	Label	DEFAULT
ram:000538d4	LAB_ram_000538d4	Label	DEFAULT
ram:000538d8	FUN_ram_000538d8	Function	DEFAULT
ram:000538ec	LAB_ram_000538ec	Label	DEFAULT
ram:000538f4	LAB_ram_000538f4	Label	DEFAULT
ram:000539de	LAB_ram_000539de	Label	DEFAULT
ram:00053a0a	LAB_ram_00053a0a	Label	DEFAULT
ram:00053a92	LAB_ram_00053a92	Label	DEFAULT
ram:00053ac2	LAB_ram_00053ac2	Label	DEFAULT
ram:00053ae6	LAB_ram_00053ae6	Label	DEFAULT
ram:00053b0c	LAB_ram_00053b0c	Label	DEFAULT
ram:00053b1a	LAB_ram_00053b1a	Label	DEFAULT
ram:00053b4c	LAB_ram_00053b4c	Label	DEFAULT
ram:00053b5a	LAB_ram_00053b5a	Label	DEFAULT
ram:00053b62	LAB_ram_00053b62	Label	DEFAULT
ram:00053b6e	FUN_ram_00053b6e	Function	DEFAULT
ram:00053bd2	LAB_ram_00053bd2	Label	DEFAULT
ram:00053c3a	LAB_ram_00053c3a	Label	DEFAULT
ram:00053c76	LAB_ram_00053c76	Label	DEFAULT
ram:00053c84	LAB_ram_00053c84	Label	DEFAULT
ram:00053cb6	LAB_ram_00053cb6	Label	DEFAULT
ram:00053cc2	LAB_ram_00053cc2	Label	DEFAULT
ram:00053cca	FUN_ram_00053cca	Function	DEFAULT
ram:00053d08	LAB_ram_00053d08	Label	DEFAULT
ram:00053d66	LAB_ram_00053d66	Label	DEFAULT
ram:00053e5e	LAB_ram_00053e5e	Label	DEFAULT
ram:00053e6c	LAB_ram_00053e6c	Label	DEFAULT
ram:00053e7e	LAB_ram_00053e7e	Label	DEFAULT
ram:00053ec0	LAB_ram_00053ec0	Label	DEFAULT
ram:00053ed0	FUN_ram_00053ed0	Function	DEFAULT
ram:00053f6a	LAB_ram_00053f6a	Label	DEFAULT
ram:00053fd4	LAB_ram_00053fd4	Label	DEFAULT
ram:00053fde	LAB_ram_00053fde	Label	DEFAULT
ram:0005403a	LAB_ram_0005403a	Label	DEFAULT
ram:0005404e	LAB_ram_0005404e	Label	DEFAULT
ram:00054074	LAB_ram_00054074	Label	DEFAULT
ram:000540fa	LAB_ram_000540fa	Label	DEFAULT
ram:00054118	LAB_ram_00054118	Label	DEFAULT
ram:00054138	LAB_ram_00054138	Label	DEFAULT
ram:0005416a	LAB_ram_0005416a	Label	DEFAULT
ram:00054202	LAB_ram_00054202	Label	DEFAULT
ram:00054232	LAB_ram_00054232	Label	DEFAULT
ram:0005423a	LAB_ram_0005423a	Label	DEFAULT
ram:0005423c	LAB_ram_0005423c	Label	DEFAULT
ram:0005426a	LAB_ram_0005426a	Label	DEFAULT
ram:00054278	LAB_ram_00054278	Label	DEFAULT
ram:000542de	LAB_ram_000542de	Label	DEFAULT
ram:000542f2	LAB_ram_000542f2	Label	DEFAULT
ram:00054302	LAB_ram_00054302	Label	DEFAULT
ram:0005430a	LAB_ram_0005430a	Label	DEFAULT
ram:00054310	LAB_ram_00054310	Label	DEFAULT
ram:0005431c	LAB_ram_0005431c	Label	DEFAULT
ram:0005433e	LAB_ram_0005433e	Label	DEFAULT
ram:0005434c	LAB_ram_0005434c	Label	DEFAULT
ram:00054358	LAB_ram_00054358	Label	DEFAULT
ram:0005435e	LAB_ram_0005435e	Label	DEFAULT
ram:00054374	LAB_ram_00054374	Label	DEFAULT
ram:000543b0	LAB_ram_000543b0	Label	DEFAULT
ram:000543bc	LAB_ram_000543bc	Label	DEFAULT
ram:000543c2	LAB_ram_000543c2	Label	DEFAULT
ram:000543e2	LAB_ram_000543e2	Label	DEFAULT
ram:000543ee	LAB_ram_000543ee	Label	DEFAULT
ram:00054482	LAB_ram_00054482	Label	DEFAULT
ram:000544b2	LAB_ram_000544b2	Label	DEFAULT
ram:0005452e	LAB_ram_0005452e	Label	DEFAULT
ram:0005455e	LAB_ram_0005455e	Label	DEFAULT
ram:0005458c	LAB_ram_0005458c	Label	DEFAULT
ram:00054592	LAB_ram_00054592	Label	DEFAULT
ram:000545a2	LAB_ram_000545a2	Label	DEFAULT
ram:000545a8	LAB_ram_000545a8	Label	DEFAULT
ram:000545b0	LAB_ram_000545b0	Label	DEFAULT
ram:000545bc	LAB_ram_000545bc	Label	DEFAULT
ram:000545c0	LAB_ram_000545c0	Label	DEFAULT
ram:0005460a	LAB_ram_0005460a	Label	DEFAULT
ram:0005463c	LAB_ram_0005463c	Label	DEFAULT
ram:000546ae	LAB_ram_000546ae	Label	DEFAULT
ram:000546de	LAB_ram_000546de	Label	DEFAULT
ram:0005475a	LAB_ram_0005475a	Label	DEFAULT
ram:0005478a	LAB_ram_0005478a	Label	DEFAULT
ram:000547b8	LAB_ram_000547b8	Label	DEFAULT
ram:000547c0	LAB_ram_000547c0	Label	DEFAULT
ram:000547d4	LAB_ram_000547d4	Label	DEFAULT
ram:000547e4	LAB_ram_000547e4	Label	DEFAULT
ram:000547ec	LAB_ram_000547ec	Label	DEFAULT
ram:000547f8	LAB_ram_000547f8	Label	DEFAULT
ram:000547fc	LAB_ram_000547fc	Label	DEFAULT
ram:0005480a	FUN_ram_0005480a	Function	DEFAULT
ram:00054858	LAB_ram_00054858	Label	DEFAULT
ram:0005490a	LAB_ram_0005490a	Label	DEFAULT
ram:00054948	LAB_ram_00054948	Label	DEFAULT
ram:0005495c	LAB_ram_0005495c	Label	DEFAULT
ram:00054960	LAB_ram_00054960	Label	DEFAULT
ram:0005497e	LAB_ram_0005497e	Label	DEFAULT
ram:00054994	LAB_ram_00054994	Label	DEFAULT
ram:000549a2	LAB_ram_000549a2	Label	DEFAULT
ram:000549fc	LAB_ram_000549fc	Label	DEFAULT
ram:00054a6a	LAB_ram_00054a6a	Label	DEFAULT
ram:00054abc	LAB_ram_00054abc	Label	DEFAULT
ram:00054af6	LAB_ram_00054af6	Label	DEFAULT
ram:00054b42	LAB_ram_00054b42	Label	DEFAULT
ram:00054b4a	LAB_ram_00054b4a	Label	DEFAULT
ram:00054b6c	LAB_ram_00054b6c	Label	DEFAULT
ram:00054bd0	LAB_ram_00054bd0	Label	DEFAULT
ram:00054bfa	LAB_ram_00054bfa	Label	DEFAULT
ram:00054c0e	LAB_ram_00054c0e	Label	DEFAULT
ram:00054c1e	LAB_ram_00054c1e	Label	DEFAULT
ram:00054c70	LAB_ram_00054c70	Label	DEFAULT
ram:00054cac	LAB_ram_00054cac	Label	DEFAULT
ram:00054cb4	LAB_ram_00054cb4	Label	DEFAULT
ram:00054cd4	LAB_ram_00054cd4	Label	DEFAULT
ram:00054d0e	LAB_ram_00054d0e	Label	DEFAULT
ram:00054d42	LAB_ram_00054d42	Label	DEFAULT
ram:00054d48	LAB_ram_00054d48	Label	DEFAULT
ram:00054d5a	LAB_ram_00054d5a	Label	DEFAULT
ram:00054d64	LAB_ram_00054d64	Label	DEFAULT
ram:00054d6e	LAB_ram_00054d6e	Label	DEFAULT
ram:00054d86	LAB_ram_00054d86	Label	DEFAULT
ram:00054d96	LAB_ram_00054d96	Label	DEFAULT
ram:00054da6	LAB_ram_00054da6	Label	DEFAULT
ram:00054dd0	LAB_ram_00054dd0	Label	DEFAULT
ram:00054ddc	LAB_ram_00054ddc	Label	DEFAULT
ram:00054de4	FUN_ram_00054de4	Function	DEFAULT
ram:00054dec	LAB_ram_00054dec	Label	DEFAULT
ram:00054dee	LAB_ram_00054dee	Label	DEFAULT
ram:00054df2	LAB_ram_00054df2	Label	DEFAULT
ram:00054dfe	FUN_ram_00054dfe	Function	DEFAULT
ram:00054e22	LAB_ram_00054e22	Label	DEFAULT
ram:00054e2c	LAB_ram_00054e2c	Label	DEFAULT
ram:00054e3a	LAB_ram_00054e3a	Label	DEFAULT
ram:00054e40	LAB_ram_00054e40	Label	DEFAULT
ram:00054e56	LAB_ram_00054e56	Label	DEFAULT
ram:00054e64	LAB_ram_00054e64	Label	DEFAULT
ram:00054e76	LAB_ram_00054e76	Label	DEFAULT
ram:00054ea8	LAB_ram_00054ea8	Label	DEFAULT
ram:00054eb2	LAB_ram_00054eb2	Label	DEFAULT
ram:00054eda	LAB_ram_00054eda	Label	DEFAULT
ram:00054eec	LAB_ram_00054eec	Label	DEFAULT
ram:00054f34	LAB_ram_00054f34	Label	DEFAULT
ram:00054f6e	LAB_ram_00054f6e	Label	DEFAULT
ram:00054f8c	LAB_ram_00054f8c	Label	DEFAULT
ram:00054fac	LAB_ram_00054fac	Label	DEFAULT
ram:00054fb6	LAB_ram_00054fb6	Label	DEFAULT
ram:00054fc4	LAB_ram_00054fc4	Label	DEFAULT
ram:00054fce	LAB_ram_00054fce	Label	DEFAULT
ram:00054fd0	LAB_ram_00054fd0	Label	DEFAULT
ram:00054fde	LAB_ram_00054fde	Label	DEFAULT
ram:00054fe8	LAB_ram_00054fe8	Label	DEFAULT
ram:00054ff4	LAB_ram_00054ff4	Label	DEFAULT
ram:00055010	LAB_ram_00055010	Label	DEFAULT
ram:0005501c	FUN_ram_0005501c	Function	DEFAULT
ram:0005506e	LAB_ram_0005506e	Label	DEFAULT
ram:00055078	FUN_ram_00055078	Function	DEFAULT
ram:0005509c	LAB_ram_0005509c	Label	DEFAULT
ram:000550a0	LAB_ram_000550a0	Label	DEFAULT
ram:000550ae	LAB_ram_000550ae	Label	DEFAULT
ram:0005514c	LAB_ram_0005514c	Label	DEFAULT
ram:00055158	LAB_ram_00055158	Label	DEFAULT
ram:00055184	FUN_ram_00055184	Function	DEFAULT
ram:000551c4	LAB_ram_000551c4	Label	DEFAULT
ram:000551dc	switchD	Label	ANALYSIS
ram:000551de	caseD_3	Label	ANALYSIS
ram:000551e0	LAB_ram_000551e0	Label	DEFAULT
ram:000551f0	caseD_9	Label	ANALYSIS
ram:00055230	LAB_ram_00055230	Label	DEFAULT
ram:0005523c	LAB_ram_0005523c	Label	DEFAULT
ram:00055246	LAB_ram_00055246	Label	DEFAULT
ram:0005525a	LAB_ram_0005525a	Label	DEFAULT
ram:00055260	caseD_0	Label	ANALYSIS
ram:0005527c	LAB_ram_0005527c	Label	DEFAULT
ram:00055280	LAB_ram_00055280	Label	DEFAULT
ram:00055286	caseD_1	Label	ANALYSIS
ram:00055294	LAB_ram_00055294	Label	DEFAULT
ram:00055298	LAB_ram_00055298	Label	DEFAULT
ram:000552de	LAB_ram_000552de	Label	DEFAULT
ram:000552f6	caseD_b	Label	ANALYSIS
ram:0005533c	LAB_ram_0005533c	Label	DEFAULT
ram:00055344	LAB_ram_00055344	Label	DEFAULT
ram:00055348	default	Label	ANALYSIS
ram:0005534e	caseD_a	Label	ANALYSIS
ram:00055394	LAB_ram_00055394	Label	DEFAULT
ram:0005539e	caseD_2	Label	ANALYSIS
ram:000553c4	LAB_ram_000553c4	Label	DEFAULT
ram:000553e8	LAB_ram_000553e8	Label	DEFAULT
ram:000553f0	LAB_ram_000553f0	Label	DEFAULT
ram:0005540a	LAB_ram_0005540a	Label	DEFAULT
ram:00055410	LAB_ram_00055410	Label	DEFAULT
ram:0005542c	LAB_ram_0005542c	Label	DEFAULT
ram:00055432	LAB_ram_00055432	Label	DEFAULT
ram:0005543a	LAB_ram_0005543a	Label	DEFAULT
ram:00055440	caseD_4	Label	ANALYSIS
ram:0005545a	LAB_ram_0005545a	Label	DEFAULT
ram:00055464	LAB_ram_00055464	Label	DEFAULT
ram:00055478	LAB_ram_00055478	Label	DEFAULT
ram:00055480	LAB_ram_00055480	Label	DEFAULT
ram:0005548a	LAB_ram_0005548a	Label	DEFAULT
ram:000554a4	LAB_ram_000554a4	Label	DEFAULT
ram:000554aa	LAB_ram_000554aa	Label	DEFAULT
ram:000554b6	LAB_ram_000554b6	Label	DEFAULT
ram:000554bc	caseD_6	Label	ANALYSIS
ram:000554d6	LAB_ram_000554d6	Label	DEFAULT
ram:000554e2	LAB_ram_000554e2	Label	DEFAULT
ram:00055508	caseD_c	Label	ANALYSIS
ram:00055522	caseD_5	Label	ANALYSIS
ram:00055552	LAB_ram_00055552	Label	DEFAULT
ram:00055588	caseD_7	Label	ANALYSIS
ram:0005559e	LAB_ram_0005559e	Label	DEFAULT
ram:000555bc	LAB_ram_000555bc	Label	DEFAULT
ram:000555c6	LAB_ram_000555c6	Label	DEFAULT
ram:000555cc	caseD_8	Label	ANALYSIS
ram:000555f2	LAB_ram_000555f2	Label	DEFAULT
ram:000555f8	LAB_ram_000555f8	Label	DEFAULT
ram:000555fe	FUN_ram_000555fe	Function	DEFAULT
ram:0005564e	LAB_ram_0005564e	Label	DEFAULT
ram:00055690	LAB_ram_00055690	Label	DEFAULT
ram:00055696	LAB_ram_00055696	Label	DEFAULT
ram:000556c8	LAB_ram_000556c8	Label	DEFAULT
ram:000556d2	LAB_ram_000556d2	Label	DEFAULT
ram:000556ec	LAB_ram_000556ec	Label	DEFAULT
ram:000556f0	LAB_ram_000556f0	Label	DEFAULT
ram:00055706	LAB_ram_00055706	Label	DEFAULT
ram:0005573c	LAB_ram_0005573c	Label	DEFAULT
ram:00055746	LAB_ram_00055746	Label	DEFAULT
ram:00055756	LAB_ram_00055756	Label	DEFAULT
ram:00055764	LAB_ram_00055764	Label	DEFAULT
ram:00055784	LAB_ram_00055784	Label	DEFAULT
ram:00055788	LAB_ram_00055788	Label	DEFAULT
ram:0005578e	LAB_ram_0005578e	Label	DEFAULT
ram:00055796	LAB_ram_00055796	Label	DEFAULT
ram:0005579c	LAB_ram_0005579c	Label	DEFAULT
ram:000557a8	LAB_ram_000557a8	Label	DEFAULT
ram:000557b2	LAB_ram_000557b2	Label	DEFAULT
ram:000557bc	LAB_ram_000557bc	Label	DEFAULT
ram:000557c2	LAB_ram_000557c2	Label	DEFAULT
ram:000557ce	LAB_ram_000557ce	Label	DEFAULT
ram:000557d4	LAB_ram_000557d4	Label	DEFAULT
ram:000557e2	LAB_ram_000557e2	Label	DEFAULT
ram:000557f0	LAB_ram_000557f0	Label	DEFAULT
ram:00055800	LAB_ram_00055800	Label	DEFAULT
ram:00055808	LAB_ram_00055808	Label	DEFAULT
ram:00055822	LAB_ram_00055822	Label	DEFAULT
ram:0005582e	LAB_ram_0005582e	Label	DEFAULT
ram:0005583a	LAB_ram_0005583a	Label	DEFAULT
ram:00055846	FUN_ram_00055846	Function	DEFAULT
ram:00055874	LAB_ram_00055874	Label	DEFAULT
ram:00055880	LAB_ram_00055880	Label	DEFAULT
ram:00055894	LAB_ram_00055894	Label	DEFAULT
ram:000558c0	LAB_ram_000558c0	Label	DEFAULT
ram:000558da	LL_AdvertiseEventRegister	Function	USER_DEFINED
ram:000558e4	FUN_ram_000558e4	Function	DEFAULT
ram:00055902	LAB_ram_00055902	Label	DEFAULT
ram:00055938	LAB_ram_00055938	Label	DEFAULT
ram:0005594c	LAB_ram_0005594c	Label	DEFAULT
ram:0005594e	LL_ConnectEventRegister	Function	USER_DEFINED
ram:00055958	FUN_ram_00055958	Function	DEFAULT
ram:00055962	LAB_ram_00055962	Label	DEFAULT
ram:00055964	LAB_ram_00055964	Label	DEFAULT
ram:00055968	LAB_ram_00055968	Label	DEFAULT
ram:00055976	FUN_ram_00055976	Function	DEFAULT
ram:0005599a	LAB_ram_0005599a	Label	DEFAULT
ram:000559cc	FUN_ram_000559cc	Function	DEFAULT
ram:000559f0	LAB_ram_000559f0	Label	DEFAULT
ram:00055a08	FUN_ram_00055a08	Function	DEFAULT
ram:00055a2c	LAB_ram_00055a2c	Label	DEFAULT
ram:00055a44	FUN_ram_00055a44	Function	DEFAULT
ram:00055a80	LAB_ram_00055a80	Label	DEFAULT
ram:00055a9c	LAB_ram_00055a9c	Label	DEFAULT
ram:00055aaa	LAB_ram_00055aaa	Label	DEFAULT
ram:00055abe	LAB_ram_00055abe	Label	DEFAULT
ram:00055ad0	LAB_ram_00055ad0	Label	DEFAULT
ram:00055adc	LAB_ram_00055adc	Label	DEFAULT
ram:00055ae6	LAB_ram_00055ae6	Label	DEFAULT
ram:00055aee	LAB_ram_00055aee	Label	DEFAULT
ram:00055afc	FUN_ram_00055afc	Function	DEFAULT
ram:00055b1c	LAB_ram_00055b1c	Label	DEFAULT
ram:00055b20	LAB_ram_00055b20	Label	DEFAULT
ram:00055b2a	LAB_ram_00055b2a	Label	DEFAULT
ram:00055b3c	LAB_ram_00055b3c	Label	DEFAULT
ram:00055b42	LAB_ram_00055b42	Label	DEFAULT
ram:00055b50	LAB_ram_00055b50	Label	DEFAULT
ram:00055b56	FUN_ram_00055b56	Function	DEFAULT
ram:00055b68	LAB_ram_00055b68	Label	DEFAULT
ram:00055b7e	LAB_ram_00055b7e	Label	DEFAULT
ram:00055b94	LAB_ram_00055b94	Label	DEFAULT
ram:00055baa	LAB_ram_00055baa	Label	DEFAULT
ram:00055bc4	LAB_ram_00055bc4	Label	DEFAULT
ram:00055bc8	LAB_ram_00055bc8	Label	DEFAULT
ram:00055be0	LAB_ram_00055be0	Label	DEFAULT
ram:00055be8	LAB_ram_00055be8	Label	DEFAULT
ram:00055c14	LAB_ram_00055c14	Label	DEFAULT
ram:00055c1c	LAB_ram_00055c1c	Label	DEFAULT
ram:00055c2e	LAB_ram_00055c2e	Label	DEFAULT
ram:00055c30	LAB_ram_00055c30	Label	DEFAULT
ram:00055c32	LAB_ram_00055c32	Label	DEFAULT
ram:00055c64	LAB_ram_00055c64	Label	DEFAULT
ram:00055c6a	LAB_ram_00055c6a	Label	DEFAULT
ram:00055c84	LAB_ram_00055c84	Label	DEFAULT
ram:00055c8a	LAB_ram_00055c8a	Label	DEFAULT
ram:00055ca8	FUN_ram_00055ca8	Function	DEFAULT
ram:00055cba	LAB_ram_00055cba	Label	DEFAULT
ram:00055cd6	LAB_ram_00055cd6	Label	DEFAULT
ram:00055cdc	LAB_ram_00055cdc	Label	DEFAULT
ram:00055cee	LAB_ram_00055cee	Label	DEFAULT
ram:00055cfc	LAB_ram_00055cfc	Label	DEFAULT
ram:00055d18	LAB_ram_00055d18	Label	DEFAULT
ram:00055d1e	LAB_ram_00055d1e	Label	DEFAULT
ram:00055d30	LAB_ram_00055d30	Label	DEFAULT
ram:00055d3c	LAB_ram_00055d3c	Label	DEFAULT
ram:00055d56	LAB_ram_00055d56	Label	DEFAULT
ram:00055d70	FUN_ram_00055d70	Function	DEFAULT
ram:00055d90	LAB_ram_00055d90	Label	DEFAULT
ram:00055d9e	FUN_ram_00055d9e	Function	DEFAULT
ram:00055dba	LAB_ram_00055dba	Label	DEFAULT
ram:00055dd2	FUN_ram_00055dd2	Function	DEFAULT
ram:00055dde	FUN_ram_00055dde	Function	DEFAULT
ram:00055e02	LAB_ram_00055e02	Label	DEFAULT
ram:00055e06	FUN_ram_00055e06	Function	DEFAULT
ram:00055e2a	LAB_ram_00055e2a	Label	DEFAULT
ram:00055e2e	FUN_ram_00055e2e	Function	DEFAULT
ram:00055e44	LAB_ram_00055e44	Label	DEFAULT
ram:00055e58	LAB_ram_00055e58	Label	DEFAULT
ram:00055e7c	LAB_ram_00055e7c	Label	DEFAULT
ram:00055e7e	FUN_ram_00055e7e	Function	DEFAULT
ram:00055e94	LAB_ram_00055e94	Label	DEFAULT
ram:00055ea8	LAB_ram_00055ea8	Label	DEFAULT
ram:00055eba	LAB_ram_00055eba	Label	DEFAULT
ram:00055ebc	FUN_ram_00055ebc	Function	DEFAULT
ram:00055ec6	LAB_ram_00055ec6	Label	DEFAULT
ram:00055eca	LAB_ram_00055eca	Label	DEFAULT
ram:00055ed2	LAB_ram_00055ed2	Label	DEFAULT
ram:00055ed6	FUN_ram_00055ed6	Function	DEFAULT
ram:00055ee2	LAB_ram_00055ee2	Label	DEFAULT
ram:00055ee6	LAB_ram_00055ee6	Label	DEFAULT
ram:00055ef0	LAB_ram_00055ef0	Label	DEFAULT
ram:00055ef4	FUN_ram_00055ef4	Function	DEFAULT
ram:00055f6e	LAB_ram_00055f6e	Label	DEFAULT
ram:00055f72	LAB_ram_00055f72	Label	DEFAULT
ram:00055f7c	LAB_ram_00055f7c	Label	DEFAULT
ram:00055f86	LAB_ram_00055f86	Label	DEFAULT
ram:00055f88	LAB_ram_00055f88	Label	DEFAULT
ram:00055f8e	LAB_ram_00055f8e	Label	DEFAULT
ram:00055f96	LAB_ram_00055f96	Label	DEFAULT
ram:00055faa	LAB_ram_00055faa	Label	DEFAULT
ram:00055fb2	LAB_ram_00055fb2	Label	DEFAULT
ram:00055fb6	FUN_ram_00055fb6	Function	DEFAULT
ram:0005600e	LAB_ram_0005600e	Label	DEFAULT
ram:00056012	LAB_ram_00056012	Label	DEFAULT
ram:0005601c	LAB_ram_0005601c	Label	DEFAULT
ram:0005602a	LAB_ram_0005602a	Label	DEFAULT
ram:0005602c	LAB_ram_0005602c	Label	DEFAULT
ram:00056032	LAB_ram_00056032	Label	DEFAULT
ram:0005603a	LAB_ram_0005603a	Label	DEFAULT
ram:00056056	LAB_ram_00056056	Label	DEFAULT
ram:0005605e	LAB_ram_0005605e	Label	DEFAULT
ram:00056062	FUN_ram_00056062	Function	DEFAULT
ram:000560cc	LAB_ram_000560cc	Label	DEFAULT
ram:000560fe	LAB_ram_000560fe	Label	DEFAULT
ram:00056120	LAB_ram_00056120	Label	DEFAULT
ram:00056122	LAB_ram_00056122	Label	DEFAULT
ram:00056152	LAB_ram_00056152	Label	DEFAULT
ram:00056156	LAB_ram_00056156	Label	DEFAULT
ram:0005616a	LAB_ram_0005616a	Label	DEFAULT
ram:00056172	LAB_ram_00056172	Label	DEFAULT
ram:0005618e	LAB_ram_0005618e	Label	DEFAULT
ram:00056196	LAB_ram_00056196	Label	DEFAULT
ram:000561c8	LAB_ram_000561c8	Label	DEFAULT
ram:000561ce	LAB_ram_000561ce	Label	DEFAULT
ram:000561de	FUN_ram_000561de	Function	DEFAULT
ram:000561fe	LAB_ram_000561fe	Label	DEFAULT
ram:00056200	LAB_ram_00056200	Label	DEFAULT
ram:00056202	LAB_ram_00056202	Label	DEFAULT
ram:00056206	LAB_ram_00056206	Label	DEFAULT
ram:00056210	LAB_ram_00056210	Label	DEFAULT
ram:0005621a	LAB_ram_0005621a	Label	DEFAULT
ram:00056222	LAB_ram_00056222	Label	DEFAULT
ram:0005627e	LAB_ram_0005627e	Label	DEFAULT
ram:00056298	LAB_ram_00056298	Label	DEFAULT
ram:000562ca	LAB_ram_000562ca	Label	DEFAULT
ram:000562ce	LAB_ram_000562ce	Label	DEFAULT
ram:000562d4	FUN_ram_000562d4	Function	DEFAULT
ram:00056300	LAB_ram_00056300	Label	DEFAULT
ram:00056314	LAB_ram_00056314	Label	DEFAULT
ram:00056316	LAB_ram_00056316	Label	DEFAULT
ram:00056370	LAB_ram_00056370	Label	DEFAULT
ram:0005637a	LAB_ram_0005637a	Label	DEFAULT
ram:00056384	LAB_ram_00056384	Label	DEFAULT
ram:0005638e	LAB_ram_0005638e	Label	DEFAULT
ram:000563aa	LAB_ram_000563aa	Label	DEFAULT
ram:000563b6	LAB_ram_000563b6	Label	DEFAULT
ram:000563ba	LAB_ram_000563ba	Label	DEFAULT
ram:000563c8	LAB_ram_000563c8	Label	DEFAULT
ram:000563d6	LAB_ram_000563d6	Label	DEFAULT
ram:000563ee	LAB_ram_000563ee	Label	DEFAULT
ram:00056400	LAB_ram_00056400	Label	DEFAULT
ram:00056432	LAB_ram_00056432	Label	DEFAULT
ram:00056458	LAB_ram_00056458	Label	DEFAULT
ram:0005646a	LAB_ram_0005646a	Label	DEFAULT
ram:00056494	LAB_ram_00056494	Label	DEFAULT
ram:0005649a	FUN_ram_0005649a	Function	DEFAULT
ram:00056528	LAB_ram_00056528	Label	DEFAULT
ram:0005652a	LAB_ram_0005652a	Label	DEFAULT
ram:00056548	LAB_ram_00056548	Label	DEFAULT
ram:00056552	LAB_ram_00056552	Label	DEFAULT
ram:0005658e	LAB_ram_0005658e	Label	DEFAULT
ram:0005659a	LAB_ram_0005659a	Label	DEFAULT
ram:00056600	LAB_ram_00056600	Label	DEFAULT
ram:00056604	LAB_ram_00056604	Label	DEFAULT
ram:00056630	LAB_ram_00056630	Label	DEFAULT
ram:0005663e	LAB_ram_0005663e	Label	DEFAULT
ram:0005664c	LAB_ram_0005664c	Label	DEFAULT
ram:00056678	LAB_ram_00056678	Label	DEFAULT
ram:0005667a	FUN_ram_0005667a	Function	DEFAULT
ram:000566f6	LAB_ram_000566f6	Label	DEFAULT
ram:00056784	LAB_ram_00056784	Label	DEFAULT
ram:00056796	LAB_ram_00056796	Label	DEFAULT
ram:0005679a	LAB_ram_0005679a	Label	DEFAULT
ram:000567a4	LAB_ram_000567a4	Label	DEFAULT
ram:000567aa	LAB_ram_000567aa	Label	DEFAULT
ram:000567c0	LAB_ram_000567c0	Label	DEFAULT
ram:000567c4	LAB_ram_000567c4	Label	DEFAULT
ram:000567c8	LAB_ram_000567c8	Label	DEFAULT
ram:000567d6	LAB_ram_000567d6	Label	DEFAULT
ram:000567f4	LAB_ram_000567f4	Label	DEFAULT
ram:0005680e	LAB_ram_0005680e	Label	DEFAULT
ram:00056828	LAB_ram_00056828	Label	DEFAULT
ram:0005682e	LAB_ram_0005682e	Label	DEFAULT
ram:0005683c	LAB_ram_0005683c	Label	DEFAULT
ram:00056842	LAB_ram_00056842	Label	DEFAULT
ram:00056852	LAB_ram_00056852	Label	DEFAULT
ram:00056856	LL_GetNumberOfUnAckPacket	Function	USER_DEFINED
ram:00056866	LAB_ram_00056866	Label	DEFAULT
ram:00056868	LAB_ram_00056868	Label	DEFAULT
ram:0005686e	LAB_ram_0005686e	Label	DEFAULT
ram:00056874	LAB_ram_00056874	Label	DEFAULT
ram:00056878	FUN_ram_00056878	Function	DEFAULT
ram:000568e4	LAB_ram_000568e4	Label	DEFAULT
ram:000568f6	LAB_ram_000568f6	Label	DEFAULT
ram:000568fa	LAB_ram_000568fa	Label	DEFAULT
ram:00056928	LAB_ram_00056928	Label	DEFAULT
ram:0005692a	LAB_ram_0005692a	Label	DEFAULT
ram:00056942	LAB_ram_00056942	Label	DEFAULT
ram:0005694e	LAB_ram_0005694e	Label	DEFAULT
ram:00056968	FUN_ram_00056968	Function	DEFAULT
ram:0005698e	LAB_ram_0005698e	Label	DEFAULT
ram:000569a2	LAB_ram_000569a2	Label	DEFAULT
ram:000569b6	LAB_ram_000569b6	Label	DEFAULT
ram:000569e2	LAB_ram_000569e2	Label	DEFAULT
ram:000569f0	FUN_ram_000569f0	Function	DEFAULT
ram:00056a24	LAB_ram_00056a24	Label	DEFAULT
ram:00056a28	LAB_ram_00056a28	Label	DEFAULT
ram:00056a36	LAB_ram_00056a36	Label	DEFAULT
ram:00056a40	LAB_ram_00056a40	Label	DEFAULT
ram:00056aa2	LAB_ram_00056aa2	Label	DEFAULT
ram:00056b38	LAB_ram_00056b38	Label	DEFAULT
ram:00056b50	LAB_ram_00056b50	Label	DEFAULT
ram:00056b9e	LAB_ram_00056b9e	Label	DEFAULT
ram:00056bf2	LAB_ram_00056bf2	Label	DEFAULT
ram:00056c2a	LAB_ram_00056c2a	Label	DEFAULT
ram:00056c2e	LAB_ram_00056c2e	Label	DEFAULT
ram:00056c3e	LAB_ram_00056c3e	Label	DEFAULT
ram:00056c42	LAB_ram_00056c42	Label	DEFAULT
ram:00056c5a	LAB_ram_00056c5a	Label	DEFAULT
ram:00056c6a	LAB_ram_00056c6a	Label	DEFAULT
ram:00056cb0	LAB_ram_00056cb0	Label	DEFAULT
ram:00056cda	LAB_ram_00056cda	Label	DEFAULT
ram:00056ce8	LAB_ram_00056ce8	Label	DEFAULT
ram:00056d10	LAB_ram_00056d10	Label	DEFAULT
ram:00056d46	LAB_ram_00056d46	Label	DEFAULT
ram:00056d4a	LAB_ram_00056d4a	Label	DEFAULT
ram:00056d50	LAB_ram_00056d50	Label	DEFAULT
ram:00056d5a	LAB_ram_00056d5a	Label	DEFAULT
ram:00056d6e	LAB_ram_00056d6e	Label	DEFAULT
ram:00056d76	LAB_ram_00056d76	Label	DEFAULT
ram:00056d7c	LAB_ram_00056d7c	Label	DEFAULT
ram:00056d84	LAB_ram_00056d84	Label	DEFAULT
ram:00056d8a	LAB_ram_00056d8a	Label	DEFAULT
ram:00056d8e	LAB_ram_00056d8e	Label	DEFAULT
ram:00056db6	LAB_ram_00056db6	Label	DEFAULT
ram:00056db8	LAB_ram_00056db8	Label	DEFAULT
ram:00056dd0	LAB_ram_00056dd0	Label	DEFAULT
ram:00056dea	LAB_ram_00056dea	Label	DEFAULT
ram:00056dec	FUN_ram_00056dec	Function	DEFAULT
ram:00056e20	LAB_ram_00056e20	Label	DEFAULT
ram:00056e4c	LAB_ram_00056e4c	Label	DEFAULT
ram:00056e9c	LAB_ram_00056e9c	Label	DEFAULT
ram:00056eae	LAB_ram_00056eae	Label	DEFAULT
ram:00056ebe	LAB_ram_00056ebe	Label	DEFAULT
ram:00056ec2	LAB_ram_00056ec2	Label	DEFAULT
ram:00056eca	LAB_ram_00056eca	Label	DEFAULT
ram:00056ef4	LAB_ram_00056ef4	Label	DEFAULT
ram:00056f18	LAB_ram_00056f18	Label	DEFAULT
ram:00056f3e	LAB_ram_00056f3e	Label	DEFAULT
ram:00056f4a	LAB_ram_00056f4a	Label	DEFAULT
ram:00056f78	LAB_ram_00056f78	Label	DEFAULT
ram:00056f86	LAB_ram_00056f86	Label	DEFAULT
ram:00056fba	LAB_ram_00056fba	Label	DEFAULT
ram:00056fd8	LAB_ram_00056fd8	Label	DEFAULT
ram:00056fec	LAB_ram_00056fec	Label	DEFAULT
ram:00057000	LAB_ram_00057000	Label	DEFAULT
ram:00057010	LAB_ram_00057010	Label	DEFAULT
ram:00057014	LAB_ram_00057014	Label	DEFAULT
ram:0005702e	LAB_ram_0005702e	Label	DEFAULT
ram:0005705e	LAB_ram_0005705e	Label	DEFAULT
ram:00057080	LAB_ram_00057080	Label	DEFAULT
ram:000570cc	LAB_ram_000570cc	Label	DEFAULT
ram:000570e2	LAB_ram_000570e2	Label	DEFAULT
ram:0005713e	LAB_ram_0005713e	Label	DEFAULT
ram:00057160	LAB_ram_00057160	Label	DEFAULT
ram:00057184	LAB_ram_00057184	Label	DEFAULT
ram:0005718c	LAB_ram_0005718c	Label	DEFAULT
ram:000571b6	LAB_ram_000571b6	Label	DEFAULT
ram:000571d2	LAB_ram_000571d2	Label	DEFAULT
ram:00057204	LAB_ram_00057204	Label	DEFAULT
ram:00057212	LAB_ram_00057212	Label	DEFAULT
ram:00057234	LAB_ram_00057234	Label	DEFAULT
ram:0005725c	LAB_ram_0005725c	Label	DEFAULT
ram:00057270	LAB_ram_00057270	Label	DEFAULT
ram:000572a6	LAB_ram_000572a6	Label	DEFAULT
ram:000572d6	LAB_ram_000572d6	Label	DEFAULT
ram:0005731a	LAB_ram_0005731a	Label	DEFAULT
ram:0005732e	LAB_ram_0005732e	Label	DEFAULT
ram:0005734a	LAB_ram_0005734a	Label	DEFAULT
ram:000573a0	LAB_ram_000573a0	Label	DEFAULT
ram:000573c4	LAB_ram_000573c4	Label	DEFAULT
ram:000573e2	LAB_ram_000573e2	Label	DEFAULT
ram:000573ec	LAB_ram_000573ec	Label	DEFAULT
ram:0005740e	LAB_ram_0005740e	Label	DEFAULT
ram:00057434	LAB_ram_00057434	Label	DEFAULT
ram:00057454	LAB_ram_00057454	Label	DEFAULT
ram:00057474	LAB_ram_00057474	Label	DEFAULT
ram:0005748e	LAB_ram_0005748e	Label	DEFAULT
ram:000574f4	LAB_ram_000574f4	Label	DEFAULT
ram:000574fc	LAB_ram_000574fc	Label	DEFAULT
ram:0005750e	LAB_ram_0005750e	Label	DEFAULT
ram:00057524	LAB_ram_00057524	Label	DEFAULT
ram:00057538	LAB_ram_00057538	Label	DEFAULT
ram:0005753e	LAB_ram_0005753e	Label	DEFAULT
ram:00057544	LAB_ram_00057544	Label	DEFAULT
ram:00057552	LAB_ram_00057552	Label	DEFAULT
ram:0005756a	LAB_ram_0005756a	Label	DEFAULT
ram:0005758c	LAB_ram_0005758c	Label	DEFAULT
ram:000575aa	LAB_ram_000575aa	Label	DEFAULT
ram:000575b0	LAB_ram_000575b0	Label	DEFAULT
ram:00057612	LAB_ram_00057612	Label	DEFAULT
ram:00057628	LAB_ram_00057628	Label	DEFAULT
ram:00057636	LAB_ram_00057636	Label	DEFAULT
ram:00057642	LAB_ram_00057642	Label	DEFAULT
ram:0005765e	LAB_ram_0005765e	Label	DEFAULT
ram:000576aa	LAB_ram_000576aa	Label	DEFAULT
ram:000576e0	LAB_ram_000576e0	Label	DEFAULT
ram:000576e4	LAB_ram_000576e4	Label	DEFAULT
ram:00057700	LAB_ram_00057700	Label	DEFAULT
ram:0005775a	LAB_ram_0005775a	Label	DEFAULT
ram:00057772	LAB_ram_00057772	Label	DEFAULT
ram:0005777a	LAB_ram_0005777a	Label	DEFAULT
ram:00057784	LAB_ram_00057784	Label	DEFAULT
ram:00057794	LAB_ram_00057794	Label	DEFAULT
ram:000577e6	LAB_ram_000577e6	Label	DEFAULT
ram:000577ea	LAB_ram_000577ea	Label	DEFAULT
ram:000577f2	LAB_ram_000577f2	Label	DEFAULT
ram:0005780e	LAB_ram_0005780e	Label	DEFAULT
ram:000578ae	LAB_ram_000578ae	Label	DEFAULT
ram:000578d2	LAB_ram_000578d2	Label	DEFAULT
ram:000578d8	LAB_ram_000578d8	Label	DEFAULT
ram:000578e4	LAB_ram_000578e4	Label	DEFAULT
ram:000578f6	LAB_ram_000578f6	Label	DEFAULT
ram:0005790a	LAB_ram_0005790a	Label	DEFAULT
ram:0005790e	LAB_ram_0005790e	Label	DEFAULT
ram:00057916	LAB_ram_00057916	Label	DEFAULT
ram:0005792e	LAB_ram_0005792e	Label	DEFAULT
ram:0005794c	LAB_ram_0005794c	Label	DEFAULT
ram:0005796a	LAB_ram_0005796a	Label	DEFAULT
ram:0005797e	LAB_ram_0005797e	Label	DEFAULT
ram:00057990	LAB_ram_00057990	Label	DEFAULT
ram:00057992	LAB_ram_00057992	Label	DEFAULT
ram:00057996	LAB_ram_00057996	Label	DEFAULT
ram:000579c8	LAB_ram_000579c8	Label	DEFAULT
ram:000579ea	LAB_ram_000579ea	Label	DEFAULT
ram:00057a0c	LAB_ram_00057a0c	Label	DEFAULT
ram:00057a2e	LAB_ram_00057a2e	Label	DEFAULT
ram:00057a46	LAB_ram_00057a46	Label	DEFAULT
ram:00057a98	LAB_ram_00057a98	Label	DEFAULT
ram:00057aa0	LAB_ram_00057aa0	Label	DEFAULT
ram:00057aac	LAB_ram_00057aac	Label	DEFAULT
ram:00057ac8	LAB_ram_00057ac8	Label	DEFAULT
ram:00057aca	FUN_ram_00057aca	Function	DEFAULT
ram:00057ad2	LAB_ram_00057ad2	Label	DEFAULT
ram:00057ad8	LAB_ram_00057ad8	Label	DEFAULT
ram:00057aec	LAB_ram_00057aec	Label	DEFAULT
ram:00057afc	LAB_ram_00057afc	Label	DEFAULT
ram:00057b0c	LAB_ram_00057b0c	Label	DEFAULT
ram:00057b1c	LAB_ram_00057b1c	Label	DEFAULT
ram:00057b52	LAB_ram_00057b52	Label	DEFAULT
ram:00057b5a	LAB_ram_00057b5a	Label	DEFAULT
ram:00057b66	LAB_ram_00057b66	Label	DEFAULT
ram:00057b7e	LAB_ram_00057b7e	Label	DEFAULT
ram:00057b96	LAB_ram_00057b96	Label	DEFAULT
ram:00057ba2	FUN_ram_00057ba2	Function	DEFAULT
ram:00057baa	LAB_ram_00057baa	Label	DEFAULT
ram:00057bac	LAB_ram_00057bac	Label	DEFAULT
ram:00057bb0	LAB_ram_00057bb0	Label	DEFAULT
ram:00057bbc	FUN_ram_00057bbc	Function	DEFAULT
ram:00057bd2	LAB_ram_00057bd2	Label	DEFAULT
ram:00057bec	LAB_ram_00057bec	Label	DEFAULT
ram:00057bf0	FUN_ram_00057bf0	Function	DEFAULT
ram:00057c56	LAB_ram_00057c56	Label	DEFAULT
ram:00057c5a	LAB_ram_00057c5a	Label	DEFAULT
ram:00057c64	LAB_ram_00057c64	Label	DEFAULT
ram:00057c6c	LAB_ram_00057c6c	Label	DEFAULT
ram:00057c7a	LAB_ram_00057c7a	Label	DEFAULT
ram:00057c86	LAB_ram_00057c86	Label	DEFAULT
ram:00057c90	FUN_ram_00057c90	Function	DEFAULT
ram:00057cd6	LAB_ram_00057cd6	Label	DEFAULT
ram:00057cea	LAB_ram_00057cea	Label	DEFAULT
ram:00057cec	LAB_ram_00057cec	Label	DEFAULT
ram:00057d10	LAB_ram_00057d10	Label	DEFAULT
ram:00057d26	LAB_ram_00057d26	Label	DEFAULT
ram:00057d38	LAB_ram_00057d38	Label	DEFAULT
ram:00057d42	LAB_ram_00057d42	Label	DEFAULT
ram:00057d46	LAB_ram_00057d46	Label	DEFAULT
ram:00057d50	FUN_ram_00057d50	Function	DEFAULT
ram:00057d68	LAB_ram_00057d68	Label	DEFAULT
ram:00057d78	LAB_ram_00057d78	Label	DEFAULT
ram:00057d86	FUN_ram_00057d86	Function	DEFAULT
ram:00057da0	LAB_ram_00057da0	Label	DEFAULT
ram:00057db2	LAB_ram_00057db2	Label	DEFAULT
ram:00057dca	LAB_ram_00057dca	Label	DEFAULT
ram:00057dd2	LAB_ram_00057dd2	Label	DEFAULT
ram:00057dda	LAB_ram_00057dda	Label	DEFAULT
ram:00057de8	LAB_ram_00057de8	Label	DEFAULT
ram:00057dee	LAB_ram_00057dee	Label	DEFAULT
ram:00057df4	LAB_ram_00057df4	Label	DEFAULT
ram:00057dfc	LAB_ram_00057dfc	Label	DEFAULT
ram:00057e02	FUN_ram_00057e02	Function	DEFAULT
ram:00057e16	FUN_ram_00057e16	Function	DEFAULT
ram:00058036	LAB_ram_00058036	Label	DEFAULT
ram:00058052	LAB_ram_00058052	Label	DEFAULT
ram:00058058	LAB_ram_00058058	Label	DEFAULT
ram:00058074	LAB_ram_00058074	Label	DEFAULT
ram:00058078	FUN_ram_00058078	Function	DEFAULT
ram:00058298	LAB_ram_00058298	Label	DEFAULT
ram:000582b4	LAB_ram_000582b4	Label	DEFAULT
ram:000582ba	LAB_ram_000582ba	Label	DEFAULT
ram:000582d6	LAB_ram_000582d6	Label	DEFAULT
ram:000582da	FUN_ram_000582da	Function	DEFAULT
ram:00058306	LAB_ram_00058306	Label	DEFAULT
ram:00058314	LAB_ram_00058314	Label	DEFAULT
ram:0005831e	LAB_ram_0005831e	Label	DEFAULT
ram:0005832c	LAB_ram_0005832c	Label	DEFAULT
ram:00058334	FUN_ram_00058334	Function	DEFAULT
ram:0005835a	LAB_ram_0005835a	Label	DEFAULT
ram:00058372	LAB_ram_00058372	Label	DEFAULT
ram:00058388	FUN_ram_00058388	Function	DEFAULT
ram:00058410	LAB_ram_00058410	Label	DEFAULT
ram:0005841a	FUN_ram_0005841a	Function	DEFAULT
ram:0005843a	LAB_ram_0005843a	Label	DEFAULT
ram:0005844a	LAB_ram_0005844a	Label	DEFAULT
ram:00058458	LAB_ram_00058458	Label	DEFAULT
ram:00058464	LAB_ram_00058464	Label	DEFAULT
ram:00058466	LAB_ram_00058466	Label	DEFAULT
ram:00058472	LAB_ram_00058472	Label	DEFAULT
ram:00058482	LAB_ram_00058482	Label	DEFAULT
ram:00058494	LAB_ram_00058494	Label	DEFAULT
ram:000584a4	LAB_ram_000584a4	Label	DEFAULT
ram:000584c8	LAB_ram_000584c8	Label	DEFAULT
ram:000584d4	LAB_ram_000584d4	Label	DEFAULT
ram:000584de	LAB_ram_000584de	Label	DEFAULT
ram:0005852c	LAB_ram_0005852c	Label	DEFAULT
ram:00058542	LAB_ram_00058542	Label	DEFAULT
ram:00058554	LAB_ram_00058554	Label	DEFAULT
ram:00058562	LAB_ram_00058562	Label	DEFAULT
ram:00058566	LAB_ram_00058566	Label	DEFAULT
ram:0005856c	FUN_ram_0005856c	Function	DEFAULT
ram:000585bc	LAB_ram_000585bc	Label	DEFAULT
ram:000585c6	FUN_ram_000585c6	Function	DEFAULT
ram:00058606	LAB_ram_00058606	Label	DEFAULT
ram:0005863a	LAB_ram_0005863a	Label	DEFAULT
ram:0005864c	LAB_ram_0005864c	Label	DEFAULT
ram:00058680	LAB_ram_00058680	Label	DEFAULT
ram:00058692	LAB_ram_00058692	Label	DEFAULT
ram:00058710	FUN_ram_00058710	Function	DEFAULT
ram:0005874c	LAB_ram_0005874c	Label	DEFAULT
ram:000587d6	LAB_ram_000587d6	Label	DEFAULT
ram:000587de	LAB_ram_000587de	Label	DEFAULT
ram:000587e8	LAB_ram_000587e8	Label	DEFAULT
ram:00058800	LAB_ram_00058800	Label	DEFAULT
ram:00058826	LAB_ram_00058826	Label	DEFAULT
ram:0005885a	LAB_ram_0005885a	Label	DEFAULT
ram:00058868	LAB_ram_00058868	Label	DEFAULT
ram:00058890	LAB_ram_00058890	Label	DEFAULT
ram:000588a2	LAB_ram_000588a2	Label	DEFAULT
ram:000588ae	LAB_ram_000588ae	Label	DEFAULT
ram:000588bc	LAB_ram_000588bc	Label	DEFAULT
ram:000588da	LAB_ram_000588da	Label	DEFAULT
ram:000588dc	FUN_ram_000588dc	Function	DEFAULT
ram:00058916	LAB_ram_00058916	Label	DEFAULT
ram:000589d8	LAB_ram_000589d8	Label	DEFAULT
ram:00058a3a	FUN_ram_00058a3a	Function	DEFAULT
ram:00058a74	LAB_ram_00058a74	Label	DEFAULT
ram:00058a78	LAB_ram_00058a78	Label	DEFAULT
ram:00058ab2	LAB_ram_00058ab2	Label	DEFAULT
ram:00058ada	LAB_ram_00058ada	Label	DEFAULT
ram:00058aec	LAB_ram_00058aec	Label	DEFAULT
ram:00058af8	LAB_ram_00058af8	Label	DEFAULT
ram:00058b1a	LAB_ram_00058b1a	Label	DEFAULT
ram:00058b68	LAB_ram_00058b68	Label	DEFAULT
ram:00058bfc	LAB_ram_00058bfc	Label	DEFAULT
ram:00058c00	LAB_ram_00058c00	Label	DEFAULT
ram:00058c1a	LAB_ram_00058c1a	Label	DEFAULT
ram:00058cb6	LAB_ram_00058cb6	Label	DEFAULT
ram:00058cca	LAB_ram_00058cca	Label	DEFAULT
ram:00058ce0	LAB_ram_00058ce0	Label	DEFAULT
ram:00058cfe	LAB_ram_00058cfe	Label	DEFAULT
ram:00058d10	LAB_ram_00058d10	Label	DEFAULT
ram:00058d16	LAB_ram_00058d16	Label	DEFAULT
ram:00058d1c	LAB_ram_00058d1c	Label	DEFAULT
ram:00058d20	LAB_ram_00058d20	Label	DEFAULT
ram:00058d3a	LAB_ram_00058d3a	Label	DEFAULT
ram:00058d40	LAB_ram_00058d40	Label	DEFAULT
ram:00058d50	FUN_ram_00058d50	Function	DEFAULT
ram:00058d92	FUN_ram_00058d92	Function	DEFAULT
ram:00058e66	LAB_ram_00058e66	Label	DEFAULT
ram:00058e8c	LAB_ram_00058e8c	Label	DEFAULT
ram:00058ea4	LAB_ram_00058ea4	Label	DEFAULT
ram:00058ec6	LAB_ram_00058ec6	Label	DEFAULT
ram:00058ed6	LAB_ram_00058ed6	Label	DEFAULT
ram:00058ee0	FUN_ram_00058ee0	Function	DEFAULT
ram:00058ef4	LAB_ram_00058ef4	Label	DEFAULT
ram:00058efa	LAB_ram_00058efa	Label	DEFAULT
ram:00058f0a	LAB_ram_00058f0a	Label	DEFAULT
ram:00058f58	LAB_ram_00058f58	Label	DEFAULT
ram:00058f78	LAB_ram_00058f78	Label	DEFAULT
ram:00058f7e	LAB_ram_00058f7e	Label	DEFAULT
ram:00058f80	LAB_ram_00058f80	Label	DEFAULT
ram:00058f90	LAB_ram_00058f90	Label	DEFAULT
ram:00058f9c	LAB_ram_00058f9c	Label	DEFAULT
ram:00058fa4	LAB_ram_00058fa4	Label	DEFAULT
ram:0005901e	LAB_ram_0005901e	Label	DEFAULT
ram:00059032	LAB_ram_00059032	Label	DEFAULT
ram:00059046	LAB_ram_00059046	Label	DEFAULT
ram:00059050	LAB_ram_00059050	Label	DEFAULT
ram:00059074	FUN_ram_00059074	Function	DEFAULT
ram:000590b8	FUN_ram_000590b8	Function	DEFAULT
ram:00059144	LAB_ram_00059144	Label	DEFAULT
ram:00059176	LAB_ram_00059176	Label	DEFAULT
ram:0005918c	LAB_ram_0005918c	Label	DEFAULT
ram:000591ac	LAB_ram_000591ac	Label	DEFAULT
ram:000591ba	LAB_ram_000591ba	Label	DEFAULT
ram:000591d4	LAB_ram_000591d4	Label	DEFAULT
ram:000591e4	LAB_ram_000591e4	Label	DEFAULT
ram:000591e8	LAB_ram_000591e8	Label	DEFAULT
ram:000591ec	LAB_ram_000591ec	Label	DEFAULT
ram:000591f0	LAB_ram_000591f0	Label	DEFAULT
ram:000591f4	LAB_ram_000591f4	Label	DEFAULT
ram:000591f8	FUN_ram_000591f8	Function	DEFAULT
ram:000592ae	LAB_ram_000592ae	Label	DEFAULT
ram:000592be	LAB_ram_000592be	Label	DEFAULT
ram:000592c2	LAB_ram_000592c2	Label	DEFAULT
ram:000592c6	LAB_ram_000592c6	Label	DEFAULT
ram:000592ca	LAB_ram_000592ca	Label	DEFAULT
ram:000592ce	LAB_ram_000592ce	Label	DEFAULT
ram:000592d2	FUN_ram_000592d2	Function	DEFAULT
ram:0005937c	LAB_ram_0005937c	Label	DEFAULT
ram:000593c4	LAB_ram_000593c4	Label	DEFAULT
ram:000593d8	LAB_ram_000593d8	Label	DEFAULT
ram:000593dc	LAB_ram_000593dc	Label	DEFAULT
ram:000593e0	LAB_ram_000593e0	Label	DEFAULT
ram:000593f4	LAB_ram_000593f4	Label	DEFAULT
ram:0005940a	LAB_ram_0005940a	Label	DEFAULT
ram:0005941e	LAB_ram_0005941e	Label	DEFAULT
ram:00059470	LAB_ram_00059470	Label	DEFAULT
ram:000594d2	LAB_ram_000594d2	Label	DEFAULT
ram:000594d8	LAB_ram_000594d8	Label	DEFAULT
ram:000594fe	LAB_ram_000594fe	Label	DEFAULT
ram:00059510	LAB_ram_00059510	Label	DEFAULT
ram:00059578	LAB_ram_00059578	Label	DEFAULT
ram:0005959a	LAB_ram_0005959a	Label	DEFAULT
ram:0005959e	LAB_ram_0005959e	Label	DEFAULT
ram:000595a2	LAB_ram_000595a2	Label	DEFAULT
ram:000595a6	LAB_ram_000595a6	Label	DEFAULT
ram:000595aa	LAB_ram_000595aa	Label	DEFAULT
ram:000595b0	LAB_ram_000595b0	Label	DEFAULT
ram:000595b4	LAB_ram_000595b4	Label	DEFAULT
ram:000595ba	FUN_ram_000595ba	Function	DEFAULT
ram:000595f4	LAB_ram_000595f4	Label	DEFAULT
ram:00059612	LAB_ram_00059612	Label	DEFAULT
ram:00059616	LAB_ram_00059616	Label	DEFAULT
ram:0005961e	LAB_ram_0005961e	Label	DEFAULT
ram:0005963c	LAB_ram_0005963c	Label	DEFAULT
ram:00059686	LAB_ram_00059686	Label	DEFAULT
ram:00059694	LAB_ram_00059694	Label	DEFAULT
ram:0005969a	LAB_ram_0005969a	Label	DEFAULT
ram:000596e4	LAB_ram_000596e4	Label	DEFAULT
ram:0005970c	LAB_ram_0005970c	Label	DEFAULT
ram:00059718	LAB_ram_00059718	Label	DEFAULT
ram:00059726	LAB_ram_00059726	Label	DEFAULT
ram:0005972c	LAB_ram_0005972c	Label	DEFAULT
ram:0005974a	LAB_ram_0005974a	Label	DEFAULT
ram:00059786	LAB_ram_00059786	Label	DEFAULT
ram:00059792	LAB_ram_00059792	Label	DEFAULT
ram:000597ae	LAB_ram_000597ae	Label	DEFAULT
ram:000597b4	LAB_ram_000597b4	Label	DEFAULT
ram:000597c8	FUN_ram_000597c8	Function	DEFAULT
ram:000597f6	LAB_ram_000597f6	Label	DEFAULT
ram:0005980e	LAB_ram_0005980e	Label	DEFAULT
ram:0005983c	LAB_ram_0005983c	Label	DEFAULT
ram:00059844	FUN_ram_00059844	Function	DEFAULT
ram:00059856	FUN_ram_00059856	Function	DEFAULT
ram:000598d4	LAB_ram_000598d4	Label	DEFAULT
ram:000598e4	LAB_ram_000598e4	Label	DEFAULT
ram:00059912	LAB_ram_00059912	Label	DEFAULT
ram:0005991a	LAB_ram_0005991a	Label	DEFAULT
ram:00059920	LAB_ram_00059920	Label	DEFAULT
ram:0005993e	LAB_ram_0005993e	Label	DEFAULT
ram:00059976	LAB_ram_00059976	Label	DEFAULT
ram:00059984	LAB_ram_00059984	Label	DEFAULT
ram:00059986	FUN_ram_00059986	Function	DEFAULT
ram:000599d8	LAB_ram_000599d8	Label	DEFAULT
ram:000599de	LAB_ram_000599de	Label	DEFAULT
ram:000599fa	LAB_ram_000599fa	Label	DEFAULT
ram:00059a2a	LAB_ram_00059a2a	Label	DEFAULT
ram:00059a38	LAB_ram_00059a38	Label	DEFAULT
ram:00059a3e	LAB_ram_00059a3e	Label	DEFAULT
ram:00059a50	LAB_ram_00059a50	Label	DEFAULT
ram:00059a68	LAB_ram_00059a68	Label	DEFAULT
ram:00059a6e	LAB_ram_00059a6e	Label	DEFAULT
ram:00059a82	LAB_ram_00059a82	Label	DEFAULT
ram:00059a90	LAB_ram_00059a90	Label	DEFAULT
ram:00059a96	LAB_ram_00059a96	Label	DEFAULT
ram:00059aaa	LAB_ram_00059aaa	Label	DEFAULT
ram:00059ab8	LAB_ram_00059ab8	Label	DEFAULT
ram:00059ac0	LAB_ram_00059ac0	Label	DEFAULT
ram:00059ad8	LAB_ram_00059ad8	Label	DEFAULT
ram:00059adc	LAB_ram_00059adc	Label	DEFAULT
ram:00059afe	LAB_ram_00059afe	Label	DEFAULT
ram:00059b18	LAB_ram_00059b18	Label	DEFAULT
ram:00059b2c	LAB_ram_00059b2c	Label	DEFAULT
ram:00059b3e	LAB_ram_00059b3e	Label	DEFAULT
ram:00059b56	LAB_ram_00059b56	Label	DEFAULT
ram:00059b62	LAB_ram_00059b62	Label	DEFAULT
ram:00059b74	LAB_ram_00059b74	Label	DEFAULT
ram:00059b7c	LAB_ram_00059b7c	Label	DEFAULT
ram:00059b94	LAB_ram_00059b94	Label	DEFAULT
ram:00059ba8	LAB_ram_00059ba8	Label	DEFAULT
ram:00059bc2	LAB_ram_00059bc2	Label	DEFAULT
ram:00059be8	LAB_ram_00059be8	Label	DEFAULT
ram:00059bf4	LAB_ram_00059bf4	Label	DEFAULT
ram:00059bfc	LAB_ram_00059bfc	Label	DEFAULT
ram:00059c16	LAB_ram_00059c16	Label	DEFAULT
ram:00059c32	LAB_ram_00059c32	Label	DEFAULT
ram:00059c44	LAB_ram_00059c44	Label	DEFAULT
ram:00059c4a	LAB_ram_00059c4a	Label	DEFAULT
ram:00059c62	LAB_ram_00059c62	Label	DEFAULT
ram:00059c7c	LAB_ram_00059c7c	Label	DEFAULT
ram:00059c96	LAB_ram_00059c96	Label	DEFAULT
ram:00059c9c	LAB_ram_00059c9c	Label	DEFAULT
ram:00059cce	LAB_ram_00059cce	Label	DEFAULT
ram:00059cd2	LAB_ram_00059cd2	Label	DEFAULT
ram:00059cd6	LAB_ram_00059cd6	Label	DEFAULT
ram:00059ce4	LAB_ram_00059ce4	Label	DEFAULT
ram:00059d02	LAB_ram_00059d02	Label	DEFAULT
ram:00059d2e	LAB_ram_00059d2e	Label	DEFAULT
ram:00059d36	LAB_ram_00059d36	Label	DEFAULT
ram:00059d6e	LAB_ram_00059d6e	Label	DEFAULT
ram:00059d7c	LAB_ram_00059d7c	Label	DEFAULT
ram:00059d8c	LAB_ram_00059d8c	Label	DEFAULT
ram:00059d9a	LAB_ram_00059d9a	Label	DEFAULT
ram:00059dc0	LAB_ram_00059dc0	Label	DEFAULT
ram:00059dd6	LAB_ram_00059dd6	Label	DEFAULT
ram:00059ddc	LAB_ram_00059ddc	Label	DEFAULT
ram:00059df4	LAB_ram_00059df4	Label	DEFAULT
ram:00059e0a	LAB_ram_00059e0a	Label	DEFAULT
ram:00059e1a	LAB_ram_00059e1a	Label	DEFAULT
ram:00059e20	LAB_ram_00059e20	Label	DEFAULT
ram:00059e32	LAB_ram_00059e32	Label	DEFAULT
ram:00059e3e	LAB_ram_00059e3e	Label	DEFAULT
ram:00059e56	LAB_ram_00059e56	Label	DEFAULT
ram:00059e5c	LAB_ram_00059e5c	Label	DEFAULT
ram:00059e76	LAB_ram_00059e76	Label	DEFAULT
ram:00059e92	LAB_ram_00059e92	Label	DEFAULT
ram:00059eaa	LAB_ram_00059eaa	Label	DEFAULT
ram:00059eb0	LAB_ram_00059eb0	Label	DEFAULT
ram:00059eb6	LAB_ram_00059eb6	Label	DEFAULT
ram:00059ebc	LAB_ram_00059ebc	Label	DEFAULT
ram:00059ece	LAB_ram_00059ece	Label	DEFAULT
ram:00059ee2	FUN_ram_00059ee2	Function	DEFAULT
ram:00059f26	LAB_ram_00059f26	Label	DEFAULT
ram:00059f5a	LAB_ram_00059f5a	Label	DEFAULT
ram:00059fb0	LAB_ram_00059fb0	Label	DEFAULT
ram:00059fd0	LAB_ram_00059fd0	Label	DEFAULT
ram:00059ffc	LAB_ram_00059ffc	Label	DEFAULT
ram:0005a002	LAB_ram_0005a002	Label	DEFAULT
ram:0005a012	LAB_ram_0005a012	Label	DEFAULT
ram:0005a042	LAB_ram_0005a042	Label	DEFAULT
ram:0005a088	LAB_ram_0005a088	Label	DEFAULT
ram:0005a08a	LAB_ram_0005a08a	Label	DEFAULT
ram:0005a094	LAB_ram_0005a094	Label	DEFAULT
ram:0005a0be	LAB_ram_0005a0be	Label	DEFAULT
ram:0005a0fe	LAB_ram_0005a0fe	Label	DEFAULT
ram:0005a11c	LAB_ram_0005a11c	Label	DEFAULT
ram:0005a1ba	LAB_ram_0005a1ba	Label	DEFAULT
ram:0005a1ce	LAB_ram_0005a1ce	Label	DEFAULT
ram:0005a1ec	LAB_ram_0005a1ec	Label	DEFAULT
ram:0005a252	LAB_ram_0005a252	Label	DEFAULT
ram:0005a26c	LAB_ram_0005a26c	Label	DEFAULT
ram:0005a2d6	LAB_ram_0005a2d6	Label	DEFAULT
ram:0005a2e4	LAB_ram_0005a2e4	Label	DEFAULT
ram:0005a31e	LAB_ram_0005a31e	Label	DEFAULT
ram:0005a32e	LAB_ram_0005a32e	Label	DEFAULT
ram:0005a348	LAB_ram_0005a348	Label	DEFAULT
ram:0005a35e	LAB_ram_0005a35e	Label	DEFAULT
ram:0005a37a	LAB_ram_0005a37a	Label	DEFAULT
ram:0005a388	LAB_ram_0005a388	Label	DEFAULT
ram:0005a39c	LAB_ram_0005a39c	Label	DEFAULT
ram:0005a3a0	LAB_ram_0005a3a0	Label	DEFAULT
ram:0005a3a8	LAB_ram_0005a3a8	Label	DEFAULT
ram:0005a3b4	LAB_ram_0005a3b4	Label	DEFAULT
ram:0005a3ca	LAB_ram_0005a3ca	Label	DEFAULT
ram:0005a3e0	LAB_ram_0005a3e0	Label	DEFAULT
ram:0005a3fc	LAB_ram_0005a3fc	Label	DEFAULT
ram:0005a410	LAB_ram_0005a410	Label	DEFAULT
ram:0005a418	LAB_ram_0005a418	Label	DEFAULT
ram:0005a438	LAB_ram_0005a438	Label	DEFAULT
ram:0005a43c	LAB_ram_0005a43c	Label	DEFAULT
ram:0005a450	LAB_ram_0005a450	Label	DEFAULT
ram:0005a45a	LAB_ram_0005a45a	Label	DEFAULT
ram:0005a46c	LAB_ram_0005a46c	Label	DEFAULT
ram:0005a472	LAB_ram_0005a472	Label	DEFAULT
ram:0005a47c	LAB_ram_0005a47c	Label	DEFAULT
ram:0005a484	LAB_ram_0005a484	Label	DEFAULT
ram:0005a4b8	LAB_ram_0005a4b8	Label	DEFAULT
ram:0005a4ce	LAB_ram_0005a4ce	Label	DEFAULT
ram:0005a4e4	LAB_ram_0005a4e4	Label	DEFAULT
ram:0005a514	LAB_ram_0005a514	Label	DEFAULT
ram:0005a55e	LAB_ram_0005a55e	Label	DEFAULT
ram:0005a57e	LAB_ram_0005a57e	Label	DEFAULT
ram:0005a590	LAB_ram_0005a590	Label	DEFAULT
ram:0005a596	LAB_ram_0005a596	Label	DEFAULT
ram:0005a5a2	LAB_ram_0005a5a2	Label	DEFAULT
ram:0005a5bc	LAB_ram_0005a5bc	Label	DEFAULT
ram:0005a5e4	LAB_ram_0005a5e4	Label	DEFAULT
ram:0005a5fc	LAB_ram_0005a5fc	Label	DEFAULT
ram:0005a63a	LAB_ram_0005a63a	Label	DEFAULT
ram:0005a68e	LAB_ram_0005a68e	Label	DEFAULT
ram:0005a6aa	LAB_ram_0005a6aa	Label	DEFAULT
ram:0005a6da	LAB_ram_0005a6da	Label	DEFAULT
ram:0005a6ea	FUN_ram_0005a6ea	Function	DEFAULT
ram:0005a7c6	LAB_ram_0005a7c6	Label	DEFAULT
ram:0005a7de	FUN_ram_0005a7de	Function	DEFAULT
ram:0005a7fa	LAB_ram_0005a7fa	Label	DEFAULT
ram:0005a804	FUN_ram_0005a804	Function	DEFAULT
ram:0005a85a	LAB_ram_0005a85a	Label	DEFAULT
ram:0005a86c	LAB_ram_0005a86c	Label	DEFAULT
ram:0005a88a	LAB_ram_0005a88a	Label	DEFAULT
ram:0005a89a	LAB_ram_0005a89a	Label	DEFAULT
ram:0005a8d0	LAB_ram_0005a8d0	Label	DEFAULT
ram:0005a920	LAB_ram_0005a920	Label	DEFAULT
ram:0005a934	LAB_ram_0005a934	Label	DEFAULT
ram:0005a9aa	LAB_ram_0005a9aa	Label	DEFAULT
ram:0005a9b0	LAB_ram_0005a9b0	Label	DEFAULT
ram:0005a9b4	FUN_ram_0005a9b4	Function	DEFAULT
ram:0005a9c4	LAB_ram_0005a9c4	Label	DEFAULT
ram:0005a9d0	LAB_ram_0005a9d0	Label	DEFAULT
ram:0005a9d4	LAB_ram_0005a9d4	Label	DEFAULT
ram:0005aa04	LAB_ram_0005aa04	Label	DEFAULT
ram:0005aa08	LAB_ram_0005aa08	Label	DEFAULT
ram:0005aa0c	LAB_ram_0005aa0c	Label	DEFAULT
ram:0005aa0e	LAB_ram_0005aa0e	Label	DEFAULT
ram:0005aa10	LAB_ram_0005aa10	Label	DEFAULT
ram:0005aa32	LAB_ram_0005aa32	Label	DEFAULT
ram:0005aa40	LAB_ram_0005aa40	Label	DEFAULT
ram:0005aa48	LAB_ram_0005aa48	Label	DEFAULT
ram:0005aa58	LAB_ram_0005aa58	Label	DEFAULT
ram:0005aa7c	LAB_ram_0005aa7c	Label	DEFAULT
ram:0005aa8a	LAB_ram_0005aa8a	Label	DEFAULT
ram:0005aaa2	LAB_ram_0005aaa2	Label	DEFAULT
ram:0005aaba	LAB_ram_0005aaba	Label	DEFAULT
ram:0005aae2	FUN_ram_0005aae2	Function	DEFAULT
ram:0005ab0e	LAB_ram_0005ab0e	Label	DEFAULT
ram:0005ab24	LAB_ram_0005ab24	Label	DEFAULT
ram:0005ab30	LAB_ram_0005ab30	Label	DEFAULT
ram:0005aba8	LAB_ram_0005aba8	Label	DEFAULT
ram:0005abb6	LAB_ram_0005abb6	Label	DEFAULT
ram:0005abba	FUN_ram_0005abba	Function	DEFAULT
ram:0005abe8	LAB_ram_0005abe8	Label	DEFAULT
ram:0005abec	FUN_ram_0005abec	Function	DEFAULT
ram:0005ac0a	LAB_ram_0005ac0a	Label	DEFAULT
ram:0005ac0e	FUN_ram_0005ac0e	Function	DEFAULT
ram:0005ac2c	LAB_ram_0005ac2c	Label	DEFAULT
ram:0005ac30	FUN_ram_0005ac30	Function	DEFAULT
ram:0005ac52	LAB_ram_0005ac52	Label	DEFAULT
ram:0005ac56	FUN_ram_0005ac56	Function	DEFAULT
ram:0005ac80	LAB_ram_0005ac80	Label	DEFAULT
ram:0005ac84	FUN_ram_0005ac84	Function	DEFAULT
ram:0005aca2	LAB_ram_0005aca2	Label	DEFAULT
ram:0005aca6	FUN_ram_0005aca6	Function	DEFAULT
ram:0005acfa	LAB_ram_0005acfa	Label	DEFAULT
ram:0005ad0a	LAB_ram_0005ad0a	Label	DEFAULT
ram:0005ad24	FUN_ram_0005ad24	Function	DEFAULT
ram:0005ad46	LAB_ram_0005ad46	Label	DEFAULT
ram:0005ad4a	FUN_ram_0005ad4a	Function	DEFAULT
ram:0005ad70	LAB_ram_0005ad70	Label	DEFAULT
ram:0005ad74	FUN_ram_0005ad74	Function	DEFAULT
ram:0005ad9e	LAB_ram_0005ad9e	Label	DEFAULT
ram:0005ada2	FUN_ram_0005ada2	Function	DEFAULT
ram:0005adb8	LAB_ram_0005adb8	Label	DEFAULT
ram:0005adbc	FUN_ram_0005adbc	Function	DEFAULT
ram:0005adfa	LAB_ram_0005adfa	Label	DEFAULT
ram:0005ae00	LAB_ram_0005ae00	Label	DEFAULT
ram:0005ae04	LAB_ram_0005ae04	Label	DEFAULT
ram:0005ae0e	LAB_ram_0005ae0e	Label	DEFAULT
ram:0005ae2a	LAB_ram_0005ae2a	Label	DEFAULT
ram:0005ae2e	LAB_ram_0005ae2e	Label	DEFAULT
ram:0005ae38	LAB_ram_0005ae38	Label	DEFAULT
ram:0005ae3e	LAB_ram_0005ae3e	Label	DEFAULT
ram:0005ae46	FUN_ram_0005ae46	Function	DEFAULT
ram:0005ae8c	LAB_ram_0005ae8c	Label	DEFAULT
ram:0005ae92	LAB_ram_0005ae92	Label	DEFAULT
ram:0005ae96	LAB_ram_0005ae96	Label	DEFAULT
ram:0005aea0	LAB_ram_0005aea0	Label	DEFAULT
ram:0005aebc	LAB_ram_0005aebc	Label	DEFAULT
ram:0005aec0	LAB_ram_0005aec0	Label	DEFAULT
ram:0005aeca	LAB_ram_0005aeca	Label	DEFAULT
ram:0005aed0	LAB_ram_0005aed0	Label	DEFAULT
ram:0005aed8	FUN_ram_0005aed8	Function	DEFAULT
ram:0005af22	LAB_ram_0005af22	Label	DEFAULT
ram:0005af42	LAB_ram_0005af42	Label	DEFAULT
ram:0005af48	LAB_ram_0005af48	Label	DEFAULT
ram:0005af4c	LAB_ram_0005af4c	Label	DEFAULT
ram:0005af56	LAB_ram_0005af56	Label	DEFAULT
ram:0005af66	LAB_ram_0005af66	Label	DEFAULT
ram:0005af6a	LAB_ram_0005af6a	Label	DEFAULT
ram:0005af74	LAB_ram_0005af74	Label	DEFAULT
ram:0005af7a	LAB_ram_0005af7a	Label	DEFAULT
ram:0005af82	FUN_ram_0005af82	Function	DEFAULT
ram:0005afca	FUN_ram_0005afca	Function	DEFAULT
ram:0005aff2	FUN_ram_0005aff2	Function	DEFAULT
ram:0005b020	FUN_ram_0005b020	Function	DEFAULT
ram:0005b060	LAB_ram_0005b060	Label	DEFAULT
ram:0005b0a2	FUN_ram_0005b0a2	Function	DEFAULT
ram:0005b0d2	LAB_ram_0005b0d2	Label	DEFAULT
ram:0005b0f2	LAB_ram_0005b0f2	Label	DEFAULT
ram:0005b108	LAB_ram_0005b108	Label	DEFAULT
ram:0005b10e	LAB_ram_0005b10e	Label	DEFAULT
ram:0005b112	LAB_ram_0005b112	Label	DEFAULT
ram:0005b11c	LAB_ram_0005b11c	Label	DEFAULT
ram:0005b124	FUN_ram_0005b124	Function	DEFAULT
ram:0005b14c	LAB_ram_0005b14c	Label	DEFAULT
ram:0005b160	LAB_ram_0005b160	Label	DEFAULT
ram:0005b18a	LAB_ram_0005b18a	Label	DEFAULT
ram:0005b18e	FUN_ram_0005b18e	Function	DEFAULT
ram:0005b1c6	FUN_ram_0005b1c6	Function	DEFAULT
ram:0005b21e	LAB_ram_0005b21e	Label	DEFAULT
ram:0005b228	LAB_ram_0005b228	Label	DEFAULT
ram:0005b22c	FUN_ram_0005b22c	Function	DEFAULT
ram:0005b276	LAB_ram_0005b276	Label	DEFAULT
ram:0005b280	LAB_ram_0005b280	Label	DEFAULT
ram:0005b284	FUN_ram_0005b284	Function	DEFAULT
ram:0005b2d0	LAB_ram_0005b2d0	Label	DEFAULT
ram:0005b2d4	FUN_ram_0005b2d4	Function	DEFAULT
ram:0005b320	LAB_ram_0005b320	Label	DEFAULT
ram:0005b324	FUN_ram_0005b324	Function	DEFAULT
ram:0005b370	LAB_ram_0005b370	Label	DEFAULT
ram:0005b374	FUN_ram_0005b374	Function	DEFAULT
ram:0005b41a	LAB_ram_0005b41a	Label	DEFAULT
ram:0005b41e	FUN_ram_0005b41e	Function	DEFAULT
ram:0005b4b8	LAB_ram_0005b4b8	Label	DEFAULT
ram:0005b4bc	FUN_ram_0005b4bc	Function	DEFAULT
ram:0005b4ec	FUN_ram_0005b4ec	Function	DEFAULT
ram:0005b57c	LAB_ram_0005b57c	Label	DEFAULT
ram:0005b59c	LAB_ram_0005b59c	Label	DEFAULT
ram:0005b5d8	LAB_ram_0005b5d8	Label	DEFAULT
ram:0005b5e4	FUN_ram_0005b5e4	Function	DEFAULT
ram:0005b6fa	LAB_ram_0005b6fa	Label	DEFAULT
ram:0005b708	LAB_ram_0005b708	Label	DEFAULT
ram:0005b70c	FUN_ram_0005b70c	Function	DEFAULT
ram:0005b75e	FUN_ram_0005b75e	Function	DEFAULT
ram:0005b7e8	LAB_ram_0005b7e8	Label	DEFAULT
ram:0005b7ec	LAB_ram_0005b7ec	Label	DEFAULT
ram:0005b87e	LAB_ram_0005b87e	Label	DEFAULT
ram:0005b896	LAB_ram_0005b896	Label	DEFAULT
ram:0005b89c	LAB_ram_0005b89c	Label	DEFAULT
ram:0005b8b2	LAB_ram_0005b8b2	Label	DEFAULT
ram:0005b8c0	LAB_ram_0005b8c0	Label	DEFAULT
ram:0005b8c2	LAB_ram_0005b8c2	Label	DEFAULT
ram:0005b8e2	LAB_ram_0005b8e2	Label	DEFAULT
ram:0005b8e6	LAB_ram_0005b8e6	Label	DEFAULT
ram:0005b982	LAB_ram_0005b982	Label	DEFAULT
ram:0005b984	LAB_ram_0005b984	Label	DEFAULT
ram:0005b986	LAB_ram_0005b986	Label	DEFAULT
ram:0005b9ac	LAB_ram_0005b9ac	Label	DEFAULT
ram:0005b9b0	LAB_ram_0005b9b0	Label	DEFAULT
ram:0005b9b4	LAB_ram_0005b9b4	Label	DEFAULT
ram:0005b9da	LAB_ram_0005b9da	Label	DEFAULT
ram:0005b9de	LAB_ram_0005b9de	Label	DEFAULT
ram:0005b9f6	LAB_ram_0005b9f6	Label	DEFAULT
ram:0005b9f8	LAB_ram_0005b9f8	Label	DEFAULT
ram:0005ba2a	LAB_ram_0005ba2a	Label	DEFAULT
ram:0005ba36	LAB_ram_0005ba36	Label	DEFAULT
ram:0005ba5a	LAB_ram_0005ba5a	Label	DEFAULT
ram:0005ba5e	LAB_ram_0005ba5e	Label	DEFAULT
ram:0005ba6c	LAB_ram_0005ba6c	Label	DEFAULT
ram:0005ba82	LAB_ram_0005ba82	Label	DEFAULT
ram:0005ba90	LAB_ram_0005ba90	Label	DEFAULT
ram:0005bab6	LAB_ram_0005bab6	Label	DEFAULT
ram:0005bad2	LAB_ram_0005bad2	Label	DEFAULT
ram:0005baee	LAB_ram_0005baee	Label	DEFAULT
ram:0005baf2	LAB_ram_0005baf2	Label	DEFAULT
ram:0005bb12	LAB_ram_0005bb12	Label	DEFAULT
ram:0005bb24	LAB_ram_0005bb24	Label	DEFAULT
ram:0005bb48	LAB_ram_0005bb48	Label	DEFAULT
ram:0005bb4c	LAB_ram_0005bb4c	Label	DEFAULT
ram:0005bb50	LAB_ram_0005bb50	Label	DEFAULT
ram:0005bb84	LAB_ram_0005bb84	Label	DEFAULT
ram:0005bb90	LAB_ram_0005bb90	Label	DEFAULT
ram:0005bbc0	LAB_ram_0005bbc0	Label	DEFAULT
ram:0005bbc2	LAB_ram_0005bbc2	Label	DEFAULT
ram:0005bc20	LAB_ram_0005bc20	Label	DEFAULT
ram:0005bc32	LAB_ram_0005bc32	Label	DEFAULT
ram:0005bc4e	LAB_ram_0005bc4e	Label	DEFAULT
ram:0005bc64	LAB_ram_0005bc64	Label	DEFAULT
ram:0005bc68	LAB_ram_0005bc68	Label	DEFAULT
ram:0005bc72	LAB_ram_0005bc72	Label	DEFAULT
ram:0005bc76	LAB_ram_0005bc76	Label	DEFAULT
ram:0005bc96	LAB_ram_0005bc96	Label	DEFAULT
ram:0005bc9c	LAB_ram_0005bc9c	Label	DEFAULT
ram:0005bcb6	LAB_ram_0005bcb6	Label	DEFAULT
ram:0005bcc2	LAB_ram_0005bcc2	Label	DEFAULT
ram:0005bcc6	LAB_ram_0005bcc6	Label	DEFAULT
ram:0005bcd4	LAB_ram_0005bcd4	Label	DEFAULT
ram:0005bcf0	LAB_ram_0005bcf0	Label	DEFAULT
ram:0005bd06	LAB_ram_0005bd06	Label	DEFAULT
ram:0005bd0c	LAB_ram_0005bd0c	Label	DEFAULT
ram:0005bd1a	LAB_ram_0005bd1a	Label	DEFAULT
ram:0005bd42	LAB_ram_0005bd42	Label	DEFAULT
ram:0005bd46	LAB_ram_0005bd46	Label	DEFAULT
ram:0005bd5e	LAB_ram_0005bd5e	Label	DEFAULT
ram:0005bd6c	LAB_ram_0005bd6c	Label	DEFAULT
ram:0005bd6e	LAB_ram_0005bd6e	Label	DEFAULT
ram:0005bd9e	LAB_ram_0005bd9e	Label	DEFAULT
ram:0005bda0	LAB_ram_0005bda0	Label	DEFAULT
ram:0005bdc4	LAB_ram_0005bdc4	Label	DEFAULT
ram:0005bdca	LAB_ram_0005bdca	Label	DEFAULT
ram:0005bdd6	LAB_ram_0005bdd6	Label	DEFAULT
ram:0005bdda	LAB_ram_0005bdda	Label	DEFAULT
ram:0005bdde	LAB_ram_0005bdde	Label	DEFAULT
ram:0005bdfa	LAB_ram_0005bdfa	Label	DEFAULT
ram:0005be30	LAB_ram_0005be30	Label	DEFAULT
ram:0005be42	LAB_ram_0005be42	Label	DEFAULT
ram:0005be5e	LAB_ram_0005be5e	Label	DEFAULT
ram:0005be62	LAB_ram_0005be62	Label	DEFAULT
ram:0005be74	LAB_ram_0005be74	Label	DEFAULT
ram:0005be86	LAB_ram_0005be86	Label	DEFAULT
ram:0005be8c	LAB_ram_0005be8c	Label	DEFAULT
ram:0005be96	LAB_ram_0005be96	Label	DEFAULT
ram:0005beaa	LAB_ram_0005beaa	Label	DEFAULT
ram:0005beba	LAB_ram_0005beba	Label	DEFAULT
ram:0005bec4	LAB_ram_0005bec4	Label	DEFAULT
ram:0005bec8	LAB_ram_0005bec8	Label	DEFAULT
ram:0005bed0	LAB_ram_0005bed0	Label	DEFAULT
ram:0005bed6	LAB_ram_0005bed6	Label	DEFAULT
ram:0005bede	LAB_ram_0005bede	Label	DEFAULT
ram:0005bee2	LAB_ram_0005bee2	Label	DEFAULT
ram:0005bef0	LAB_ram_0005bef0	Label	DEFAULT
ram:0005bef8	LAB_ram_0005bef8	Label	DEFAULT
ram:0005befe	LAB_ram_0005befe	Label	DEFAULT
ram:0005bf08	LAB_ram_0005bf08	Label	DEFAULT
ram:0005bf18	LAB_ram_0005bf18	Label	DEFAULT
ram:0005bf26	LAB_ram_0005bf26	Label	DEFAULT
ram:0005bf36	LAB_ram_0005bf36	Label	DEFAULT
ram:0005bf40	LAB_ram_0005bf40	Label	DEFAULT
ram:0005bf44	LAB_ram_0005bf44	Label	DEFAULT
ram:0005bf8a	LAB_ram_0005bf8a	Label	DEFAULT
ram:0005bf8e	LAB_ram_0005bf8e	Label	DEFAULT
ram:0005bf9a	LAB_ram_0005bf9a	Label	DEFAULT
ram:0005bfbc	LAB_ram_0005bfbc	Label	DEFAULT
ram:0005bfce	LAB_ram_0005bfce	Label	DEFAULT
ram:0005bfea	LAB_ram_0005bfea	Label	DEFAULT
ram:0005bfee	LAB_ram_0005bfee	Label	DEFAULT
ram:0005c000	LAB_ram_0005c000	Label	DEFAULT
ram:0005c014	LAB_ram_0005c014	Label	DEFAULT
ram:0005c028	LAB_ram_0005c028	Label	DEFAULT
ram:0005c038	LAB_ram_0005c038	Label	DEFAULT
ram:0005c042	LAB_ram_0005c042	Label	DEFAULT
ram:0005c046	LAB_ram_0005c046	Label	DEFAULT
ram:0005c04e	LAB_ram_0005c04e	Label	DEFAULT
ram:0005c054	LAB_ram_0005c054	Label	DEFAULT
ram:0005c05c	LAB_ram_0005c05c	Label	DEFAULT
ram:0005c060	LAB_ram_0005c060	Label	DEFAULT
ram:0005c06e	LAB_ram_0005c06e	Label	DEFAULT
ram:0005c076	LAB_ram_0005c076	Label	DEFAULT
ram:0005c07c	LAB_ram_0005c07c	Label	DEFAULT
ram:0005c086	LAB_ram_0005c086	Label	DEFAULT
ram:0005c096	LAB_ram_0005c096	Label	DEFAULT
ram:0005c098	LAB_ram_0005c098	Label	DEFAULT
ram:0005c0c6	LAB_ram_0005c0c6	Label	DEFAULT
ram:0005c0f8	LAB_ram_0005c0f8	Label	DEFAULT
ram:0005c0fa	LAB_ram_0005c0fa	Label	DEFAULT
ram:0005c102	LAB_ram_0005c102	Label	DEFAULT
ram:0005c120	LAB_ram_0005c120	Label	DEFAULT
ram:0005c122	LAB_ram_0005c122	Label	DEFAULT
ram:0005c146	LAB_ram_0005c146	Label	DEFAULT
ram:0005c14a	LAB_ram_0005c14a	Label	DEFAULT
ram:0005c14e	LAB_ram_0005c14e	Label	DEFAULT
ram:0005c18c	LAB_ram_0005c18c	Label	DEFAULT
ram:0005c1a4	LAB_ram_0005c1a4	Label	DEFAULT
ram:0005c1b4	LAB_ram_0005c1b4	Label	DEFAULT
ram:0005c1b8	LAB_ram_0005c1b8	Label	DEFAULT
ram:0005c1d2	LAB_ram_0005c1d2	Label	DEFAULT
ram:0005c1d6	LAB_ram_0005c1d6	Label	DEFAULT
ram:0005c1e4	LAB_ram_0005c1e4	Label	DEFAULT
ram:0005c20c	LAB_ram_0005c20c	Label	DEFAULT
ram:0005c210	LAB_ram_0005c210	Label	DEFAULT
ram:0005c21e	LAB_ram_0005c21e	Label	DEFAULT
ram:0005c222	LAB_ram_0005c222	Label	DEFAULT
ram:0005c26a	LAB_ram_0005c26a	Label	DEFAULT
ram:0005c26c	LAB_ram_0005c26c	Label	DEFAULT
ram:0005c2ce	LAB_ram_0005c2ce	Label	DEFAULT
ram:0005c2e8	LAB_ram_0005c2e8	Label	DEFAULT
ram:0005c2f6	LAB_ram_0005c2f6	Label	DEFAULT
ram:0005c32c	LAB_ram_0005c32c	Label	DEFAULT
ram:0005c344	LAB_ram_0005c344	Label	DEFAULT
ram:0005c346	LAB_ram_0005c346	Label	DEFAULT
ram:0005c384	LAB_ram_0005c384	Label	DEFAULT
ram:0005c398	LAB_ram_0005c398	Label	DEFAULT
ram:0005c3c2	LAB_ram_0005c3c2	Label	DEFAULT
ram:0005c3ce	LAB_ram_0005c3ce	Label	DEFAULT
ram:0005c3d6	LAB_ram_0005c3d6	Label	DEFAULT
ram:0005c3f0	LAB_ram_0005c3f0	Label	DEFAULT
ram:0005c3f2	LAB_ram_0005c3f2	Label	DEFAULT
ram:0005c43e	LAB_ram_0005c43e	Label	DEFAULT
ram:0005c458	LAB_ram_0005c458	Label	DEFAULT
ram:0005c496	LAB_ram_0005c496	Label	DEFAULT
ram:0005c49e	LAB_ram_0005c49e	Label	DEFAULT
ram:0005c4a0	FUN_ram_0005c4a0	Function	DEFAULT
ram:0005c516	LAB_ram_0005c516	Label	DEFAULT
ram:0005c524	LAB_ram_0005c524	Label	DEFAULT
ram:0005c548	LAB_ram_0005c548	Label	DEFAULT
ram:0005c556	LAB_ram_0005c556	Label	DEFAULT
ram:0005c56e	LAB_ram_0005c56e	Label	DEFAULT
ram:0005c572	FUN_ram_0005c572	Function	DEFAULT
ram:0005c5dc	LAB_ram_0005c5dc	Label	DEFAULT
ram:0005c5ea	LAB_ram_0005c5ea	Label	DEFAULT
ram:0005c602	LAB_ram_0005c602	Label	DEFAULT
ram:0005c610	LAB_ram_0005c610	Label	DEFAULT
ram:0005c626	LAB_ram_0005c626	Label	DEFAULT
ram:0005c630	LAB_ram_0005c630	Label	DEFAULT
ram:0005c634	LAB_ram_0005c634	Label	DEFAULT
ram:0005c66a	LAB_ram_0005c66a	Label	DEFAULT
ram:0005c66e	LAB_ram_0005c66e	Label	DEFAULT
ram:0005c716	LAB_ram_0005c716	Label	DEFAULT
ram:0005c74a	LAB_ram_0005c74a	Label	DEFAULT
ram:0005c754	LAB_ram_0005c754	Label	DEFAULT
ram:0005c75c	LAB_ram_0005c75c	Label	DEFAULT
ram:0005c760	FUN_ram_0005c760	Function	DEFAULT
ram:0005c798	LAB_ram_0005c798	Label	DEFAULT
ram:0005c7a2	LAB_ram_0005c7a2	Label	DEFAULT
ram:0005c7be	LAB_ram_0005c7be	Label	DEFAULT
ram:0005c7c0	LAB_ram_0005c7c0	Label	DEFAULT
ram:0005c7cc	LAB_ram_0005c7cc	Label	DEFAULT
ram:0005c7e6	LAB_ram_0005c7e6	Label	DEFAULT
ram:0005c7f4	LAB_ram_0005c7f4	Label	DEFAULT
ram:0005c806	LAB_ram_0005c806	Label	DEFAULT
ram:0005c818	LAB_ram_0005c818	Label	DEFAULT
ram:0005c83c	LAB_ram_0005c83c	Label	DEFAULT
ram:0005c84c	FUN_ram_0005c84c	Function	DEFAULT
ram:0005c8c0	LAB_ram_0005c8c0	Label	DEFAULT
ram:0005c8c2	LAB_ram_0005c8c2	Label	DEFAULT
ram:0005c8ce	LAB_ram_0005c8ce	Label	DEFAULT
ram:0005c8dc	FUN_ram_0005c8dc	Function	DEFAULT
ram:0005c960	LAB_ram_0005c960	Label	DEFAULT
ram:0005c96c	LAB_ram_0005c96c	Label	DEFAULT
ram:0005c9d8	LAB_ram_0005c9d8	Label	DEFAULT
ram:0005c9da	LAB_ram_0005c9da	Label	DEFAULT
ram:0005c9e2	LAB_ram_0005c9e2	Label	DEFAULT
ram:0005c9f0	LAB_ram_0005c9f0	Label	DEFAULT
ram:0005c9f4	LAB_ram_0005c9f4	Label	DEFAULT
ram:0005ca48	LAB_ram_0005ca48	Label	DEFAULT
ram:0005ca52	LAB_ram_0005ca52	Label	DEFAULT
ram:0005ca56	LAB_ram_0005ca56	Label	DEFAULT
ram:0005cbbc	LAB_ram_0005cbbc	Label	DEFAULT
ram:0005cbbe	LAB_ram_0005cbbe	Label	DEFAULT
ram:0005cbc2	LAB_ram_0005cbc2	Label	DEFAULT
ram:0005cbec	LAB_ram_0005cbec	Label	DEFAULT
ram:0005cbf2	LAB_ram_0005cbf2	Label	DEFAULT
ram:0005cc02	LAB_ram_0005cc02	Label	DEFAULT
ram:0005cc0e	LAB_ram_0005cc0e	Label	DEFAULT
ram:0005cc26	LAB_ram_0005cc26	Label	DEFAULT
ram:0005cc2c	LAB_ram_0005cc2c	Label	DEFAULT
ram:0005cc40	LAB_ram_0005cc40	Label	DEFAULT
ram:0005cc64	LAB_ram_0005cc64	Label	DEFAULT
ram:0005cc6c	LAB_ram_0005cc6c	Label	DEFAULT
ram:0005cc74	LAB_ram_0005cc74	Label	DEFAULT
ram:0005ccb0	LAB_ram_0005ccb0	Label	DEFAULT
ram:0005ccc4	LAB_ram_0005ccc4	Label	DEFAULT
ram:0005ccda	LAB_ram_0005ccda	Label	DEFAULT
ram:0005cce4	LAB_ram_0005cce4	Label	DEFAULT
ram:0005ccf4	LAB_ram_0005ccf4	Label	DEFAULT
ram:0005cd02	LAB_ram_0005cd02	Label	DEFAULT
ram:0005cd06	LAB_ram_0005cd06	Label	DEFAULT
ram:0005cd3c	LAB_ram_0005cd3c	Label	DEFAULT
ram:0005cd50	LAB_ram_0005cd50	Label	DEFAULT
ram:0005cd5a	LAB_ram_0005cd5a	Label	DEFAULT
ram:0005cd68	LAB_ram_0005cd68	Label	DEFAULT
ram:0005cd6e	LAB_ram_0005cd6e	Label	DEFAULT
ram:0005cd7c	LAB_ram_0005cd7c	Label	DEFAULT
ram:0005cd7e	LAB_ram_0005cd7e	Label	DEFAULT
ram:0005cd86	LAB_ram_0005cd86	Label	DEFAULT
ram:0005cdb2	LAB_ram_0005cdb2	Label	DEFAULT
ram:0005cdb6	LAB_ram_0005cdb6	Label	DEFAULT
ram:0005cdc4	LAB_ram_0005cdc4	Label	DEFAULT
ram:0005cdc8	LAB_ram_0005cdc8	Label	DEFAULT
ram:0005cdcc	LAB_ram_0005cdcc	Label	DEFAULT
ram:0005cdd0	LAB_ram_0005cdd0	Label	DEFAULT
ram:0005cdd4	LAB_ram_0005cdd4	Label	DEFAULT
ram:0005cdd8	LAB_ram_0005cdd8	Label	DEFAULT
ram:0005cddc	LAB_ram_0005cddc	Label	DEFAULT
ram:0005cde0	LAB_ram_0005cde0	Label	DEFAULT
ram:0005cde4	FUN_ram_0005cde4	Function	DEFAULT
ram:0005ce00	LAB_ram_0005ce00	Label	DEFAULT
ram:0005ce04	FUN_ram_0005ce04	Function	DEFAULT
ram:0005ce18	LAB_ram_0005ce18	Label	DEFAULT
ram:0005ce1c	FUN_ram_0005ce1c	Function	DEFAULT
ram:0005ce40	LAB_ram_0005ce40	Label	DEFAULT
ram:0005ce46	LAB_ram_0005ce46	Label	DEFAULT
ram:0005ce4a	FUN_ram_0005ce4a	Function	DEFAULT
ram:0005ce94	LAB_ram_0005ce94	Label	DEFAULT
ram:0005ceaa	LAB_ram_0005ceaa	Label	DEFAULT
ram:0005ceb2	LAB_ram_0005ceb2	Label	DEFAULT
ram:0005ceda	LAB_ram_0005ceda	Label	DEFAULT
ram:0005cede	FUN_ram_0005cede	Function	DEFAULT
ram:0005cf24	LAB_ram_0005cf24	Label	DEFAULT
ram:0005cf28	LAB_ram_0005cf28	Label	DEFAULT
ram:0005cf30	LAB_ram_0005cf30	Label	DEFAULT
ram:0005cf38	LAB_ram_0005cf38	Label	DEFAULT
ram:0005cf44	LAB_ram_0005cf44	Label	DEFAULT
ram:0005cf4a	LAB_ram_0005cf4a	Label	DEFAULT
ram:0005cf64	LAB_ram_0005cf64	Label	DEFAULT
ram:0005cf68	FUN_ram_0005cf68	Function	DEFAULT
ram:0005cfa0	LAB_ram_0005cfa0	Label	DEFAULT
ram:0005cfa6	LAB_ram_0005cfa6	Label	DEFAULT
ram:0005cfae	LAB_ram_0005cfae	Label	DEFAULT
ram:0005cfb2	LAB_ram_0005cfb2	Label	DEFAULT
ram:0005cfba	LAB_ram_0005cfba	Label	DEFAULT
ram:0005cfc2	LAB_ram_0005cfc2	Label	DEFAULT
ram:0005cfc6	LAB_ram_0005cfc6	Label	DEFAULT
ram:0005cfce	LAB_ram_0005cfce	Label	DEFAULT
ram:0005cfd2	FUN_ram_0005cfd2	Function	DEFAULT
ram:0005cfea	LAB_ram_0005cfea	Label	DEFAULT
ram:0005cff0	LAB_ram_0005cff0	Label	DEFAULT
ram:0005cff4	LAB_ram_0005cff4	Label	DEFAULT
ram:0005d020	LAB_ram_0005d020	Label	DEFAULT
ram:0005d028	LAB_ram_0005d028	Label	DEFAULT
ram:0005d02c	FUN_ram_0005d02c	Function	DEFAULT
ram:0005d03c	FUN_ram_0005d03c	Function	DEFAULT
ram:0005d060	LAB_ram_0005d060	Label	DEFAULT
ram:0005d068	LAB_ram_0005d068	Label	DEFAULT
ram:0005d086	LAB_ram_0005d086	Label	DEFAULT
ram:0005d08a	FUN_ram_0005d08a	Function	DEFAULT
ram:0005d0be	LAB_ram_0005d0be	Label	DEFAULT
ram:0005d0c6	LAB_ram_0005d0c6	Label	DEFAULT
ram:0005d0ca	FUN_ram_0005d0ca	Function	DEFAULT
ram:0005d114	LAB_ram_0005d114	Label	DEFAULT
ram:0005d134	LAB_ram_0005d134	Label	DEFAULT
ram:0005d158	LAB_ram_0005d158	Label	DEFAULT
ram:0005d182	LAB_ram_0005d182	Label	DEFAULT
ram:0005d18e	LAB_ram_0005d18e	Label	DEFAULT
ram:0005d19c	LAB_ram_0005d19c	Label	DEFAULT
ram:0005d1ae	LAB_ram_0005d1ae	Label	DEFAULT
ram:0005d1ce	LAB_ram_0005d1ce	Label	DEFAULT
ram:0005d20a	LAB_ram_0005d20a	Label	DEFAULT
ram:0005d222	LAB_ram_0005d222	Label	DEFAULT
ram:0005d230	LAB_ram_0005d230	Label	DEFAULT
ram:0005d24c	LAB_ram_0005d24c	Label	DEFAULT
ram:0005d250	FUN_ram_0005d250	Function	DEFAULT
ram:0005d274	LAB_ram_0005d274	Label	DEFAULT
ram:0005d27a	LAB_ram_0005d27a	Label	DEFAULT
ram:0005d27e	FUN_ram_0005d27e	Function	DEFAULT
ram:0005d2b2	LAB_ram_0005d2b2	Label	DEFAULT
ram:0005d2ba	LAB_ram_0005d2ba	Label	DEFAULT
ram:0005d2be	FUN_ram_0005d2be	Function	DEFAULT
ram:0005d2e2	LAB_ram_0005d2e2	Label	DEFAULT
ram:0005d2e8	LAB_ram_0005d2e8	Label	DEFAULT
ram:0005d2ec	FUN_ram_0005d2ec	Function	DEFAULT
ram:0005d310	LAB_ram_0005d310	Label	DEFAULT
ram:0005d318	LAB_ram_0005d318	Label	DEFAULT
ram:0005d31c	FUN_ram_0005d31c	Function	DEFAULT
ram:0005d348	LAB_ram_0005d348	Label	DEFAULT
ram:0005d350	LAB_ram_0005d350	Label	DEFAULT
ram:0005d354	FUN_ram_0005d354	Function	DEFAULT
ram:0005d38c	LAB_ram_0005d38c	Label	DEFAULT
ram:0005d38e	LAB_ram_0005d38e	Label	DEFAULT
ram:0005d394	LAB_ram_0005d394	Label	DEFAULT
ram:0005d3b2	LAB_ram_0005d3b2	Label	DEFAULT
ram:0005d3b6	LAB_ram_0005d3b6	Label	DEFAULT
ram:0005d3ec	LAB_ram_0005d3ec	Label	DEFAULT
ram:0005d3f4	LAB_ram_0005d3f4	Label	DEFAULT
ram:0005d416	LAB_ram_0005d416	Label	DEFAULT
ram:0005d418	LAB_ram_0005d418	Label	DEFAULT
ram:0005d41c	LAB_ram_0005d41c	Label	DEFAULT
ram:0005d420	LAB_ram_0005d420	Label	DEFAULT
ram:0005d424	LAB_ram_0005d424	Label	DEFAULT
ram:0005d428	LAB_ram_0005d428	Label	DEFAULT
ram:0005d42c	LAB_ram_0005d42c	Label	DEFAULT
ram:0005d430	LAB_ram_0005d430	Label	DEFAULT
ram:0005d434	LAB_ram_0005d434	Label	DEFAULT
ram:0005d438	LAB_ram_0005d438	Label	DEFAULT
ram:0005d43c	LAB_ram_0005d43c	Label	DEFAULT
ram:0005d440	LAB_ram_0005d440	Label	DEFAULT
ram:0005d444	LAB_ram_0005d444	Label	DEFAULT
ram:0005d448	LAB_ram_0005d448	Label	DEFAULT
ram:0005d44c	LAB_ram_0005d44c	Label	DEFAULT
ram:0005d450	LAB_ram_0005d450	Label	DEFAULT
ram:0005d454	LAB_ram_0005d454	Label	DEFAULT
ram:0005d458	FUN_ram_0005d458	Function	DEFAULT
ram:0005d490	LAB_ram_0005d490	Label	DEFAULT
ram:0005d494	LAB_ram_0005d494	Label	DEFAULT
ram:0005d4ca	LAB_ram_0005d4ca	Label	DEFAULT
ram:0005d4ce	LAB_ram_0005d4ce	Label	DEFAULT
ram:0005d4e0	LAB_ram_0005d4e0	Label	DEFAULT
ram:0005d4ec	LAB_ram_0005d4ec	Label	DEFAULT
ram:0005d4fe	LAB_ram_0005d4fe	Label	DEFAULT
ram:0005d50e	LAB_ram_0005d50e	Label	DEFAULT
ram:0005d52e	LAB_ram_0005d52e	Label	DEFAULT
ram:0005d546	LAB_ram_0005d546	Label	DEFAULT
ram:0005d54a	LAB_ram_0005d54a	Label	DEFAULT
ram:0005d56a	LAB_ram_0005d56a	Label	DEFAULT
ram:0005d570	LAB_ram_0005d570	Label	DEFAULT
ram:0005d596	LAB_ram_0005d596	Label	DEFAULT
ram:0005d5ba	LAB_ram_0005d5ba	Label	DEFAULT
ram:0005d5d0	LAB_ram_0005d5d0	Label	DEFAULT
ram:0005d5ec	LAB_ram_0005d5ec	Label	DEFAULT
ram:0005d5f6	FUN_ram_0005d5f6	Function	DEFAULT
ram:0005d62e	LAB_ram_0005d62e	Label	DEFAULT
ram:0005d638	FUN_ram_0005d638	Function	DEFAULT
ram:0005d658	LAB_ram_0005d658	Label	DEFAULT
ram:0005d668	LAB_ram_0005d668	Label	DEFAULT
ram:0005d66c	LAB_ram_0005d66c	Label	DEFAULT
ram:0005d6a8	LAB_ram_0005d6a8	Label	DEFAULT
ram:0005d6ae	LAB_ram_0005d6ae	Label	DEFAULT
ram:0005d6b4	LAB_ram_0005d6b4	Label	DEFAULT
ram:0005d6ba	LAB_ram_0005d6ba	Label	DEFAULT
ram:0005d6c2	LAB_ram_0005d6c2	Label	DEFAULT
ram:0005d6c6	FUN_ram_0005d6c6	Function	DEFAULT
ram:0005d72a	LAB_ram_0005d72a	Label	DEFAULT
ram:0005d732	FUN_ram_0005d732	Function	DEFAULT
ram:0005d73a	LAB_ram_0005d73a	Label	DEFAULT
ram:0005d73e	LAB_ram_0005d73e	Label	DEFAULT
ram:0005d746	LAB_ram_0005d746	Label	DEFAULT
ram:0005d75e	LAB_ram_0005d75e	Label	DEFAULT
ram:0005d776	LAB_ram_0005d776	Label	DEFAULT
ram:0005d77e	FUN_ram_0005d77e	Function	DEFAULT
ram:0005d790	FUN_ram_0005d790	Function	DEFAULT
ram:0005d7a8	LAB_ram_0005d7a8	Label	DEFAULT
ram:0005d7b4	LAB_ram_0005d7b4	Label	DEFAULT
ram:0005d7bc	LAB_ram_0005d7bc	Label	DEFAULT
ram:0005d7ce	LAB_ram_0005d7ce	Label	DEFAULT
ram:0005d7e0	LAB_ram_0005d7e0	Label	DEFAULT
ram:0005d7f0	FUN_ram_0005d7f0	Function	DEFAULT
ram:0005d81a	LAB_ram_0005d81a	Label	DEFAULT
ram:0005d88e	LAB_ram_0005d88e	Label	DEFAULT
ram:0005d8d2	LAB_ram_0005d8d2	Label	DEFAULT
ram:0005d8e8	LAB_ram_0005d8e8	Label	DEFAULT
ram:0005d8f8	LAB_ram_0005d8f8	Label	DEFAULT
ram:0005d90a	LAB_ram_0005d90a	Label	DEFAULT
ram:0005d916	LAB_ram_0005d916	Label	DEFAULT
ram:0005d91c	LAB_ram_0005d91c	Label	DEFAULT
ram:0005d934	LAB_ram_0005d934	Label	DEFAULT
ram:0005d93a	LAB_ram_0005d93a	Label	DEFAULT
ram:0005d940	LAB_ram_0005d940	Label	DEFAULT
ram:0005d946	FUN_ram_0005d946	Function	DEFAULT
ram:0005d964	LAB_ram_0005d964	Label	DEFAULT
ram:0005d97c	LAB_ram_0005d97c	Label	DEFAULT
ram:0005d99a	FUN_ram_0005d99a	Function	DEFAULT
ram:0005d9ae	FUN_ram_0005d9ae	Function	DEFAULT
ram:0005d9cc	LAB_ram_0005d9cc	Label	DEFAULT
ram:0005d9ec	FUN_ram_0005d9ec	Function	DEFAULT
ram:0005da20	LAB_ram_0005da20	Label	DEFAULT
ram:0005da5a	LAB_ram_0005da5a	Label	DEFAULT
ram:0005da5c	LAB_ram_0005da5c	Label	DEFAULT
ram:0005da6a	LAB_ram_0005da6a	Label	DEFAULT
ram:0005da76	LAB_ram_0005da76	Label	DEFAULT
ram:0005da7a	LAB_ram_0005da7a	Label	DEFAULT
ram:0005da9a	LAB_ram_0005da9a	Label	DEFAULT
ram:0005dab2	LAB_ram_0005dab2	Label	DEFAULT
ram:0005dad6	LAB_ram_0005dad6	Label	DEFAULT
ram:0005dadc	LAB_ram_0005dadc	Label	DEFAULT
ram:0005db00	LAB_ram_0005db00	Label	DEFAULT
ram:0005db2a	LAB_ram_0005db2a	Label	DEFAULT
ram:0005db32	LAB_ram_0005db32	Label	DEFAULT
ram:0005db3a	LAB_ram_0005db3a	Label	DEFAULT
ram:0005db44	LAB_ram_0005db44	Label	DEFAULT
ram:0005db4c	LAB_ram_0005db4c	Label	DEFAULT
ram:0005db52	LAB_ram_0005db52	Label	DEFAULT
ram:0005db5e	LAB_ram_0005db5e	Label	DEFAULT
ram:0005db64	FUN_ram_0005db64	Function	DEFAULT
ram:0005dbde	LAB_ram_0005dbde	Label	DEFAULT
ram:0005dbe8	FUN_ram_0005dbe8	Function	DEFAULT
ram:0005dc46	LAB_ram_0005dc46	Label	DEFAULT
ram:0005dc56	LAB_ram_0005dc56	Label	DEFAULT
ram:0005dc60	LAB_ram_0005dc60	Label	DEFAULT
ram:0005dc66	LAB_ram_0005dc66	Label	DEFAULT
ram:0005dc68	LAB_ram_0005dc68	Label	DEFAULT
ram:0005dc74	LAB_ram_0005dc74	Label	DEFAULT
ram:0005dca6	LAB_ram_0005dca6	Label	DEFAULT
ram:0005dcac	LAB_ram_0005dcac	Label	DEFAULT
ram:0005dd12	LAB_ram_0005dd12	Label	DEFAULT
ram:0005dd3a	FUN_ram_0005dd3a	Function	DEFAULT
ram:0005dd66	LAB_ram_0005dd66	Label	DEFAULT
ram:0005dd6a	LAB_ram_0005dd6a	Label	DEFAULT
ram:0005dd6c	FUN_ram_0005dd6c	Function	DEFAULT
ram:0005dd94	LAB_ram_0005dd94	Label	DEFAULT
ram:0005dd96	LAB_ram_0005dd96	Label	DEFAULT
ram:0005dd9e	LAB_ram_0005dd9e	Label	DEFAULT
ram:0005ddae	LAB_ram_0005ddae	Label	DEFAULT
ram:0005ddea	LAB_ram_0005ddea	Label	DEFAULT
ram:0005de0e	LAB_ram_0005de0e	Label	DEFAULT
ram:0005de12	LAB_ram_0005de12	Label	DEFAULT
ram:0005de2a	LAB_ram_0005de2a	Label	DEFAULT
ram:0005de46	LAB_ram_0005de46	Label	DEFAULT
ram:0005de8e	LAB_ram_0005de8e	Label	DEFAULT
ram:0005de94	LAB_ram_0005de94	Label	DEFAULT
ram:0005de98	LAB_ram_0005de98	Label	DEFAULT
ram:0005dea2	LAB_ram_0005dea2	Label	DEFAULT
ram:0005deac	LAB_ram_0005deac	Label	DEFAULT
ram:0005deb6	LAB_ram_0005deb6	Label	DEFAULT
ram:0005debe	LAB_ram_0005debe	Label	DEFAULT
ram:0005dec6	LAB_ram_0005dec6	Label	DEFAULT
ram:0005decc	LAB_ram_0005decc	Label	DEFAULT
ram:0005df10	LAB_ram_0005df10	Label	DEFAULT
ram:0005df16	LAB_ram_0005df16	Label	DEFAULT
ram:0005df1c	LAB_ram_0005df1c	Label	DEFAULT
ram:0005df38	LAB_ram_0005df38	Label	DEFAULT
ram:0005df3a	LAB_ram_0005df3a	Label	DEFAULT
ram:0005df4c	LAB_ram_0005df4c	Label	DEFAULT
ram:0005df5a	FUN_ram_0005df5a	Function	DEFAULT
ram:0005dfa8	LAB_ram_0005dfa8	Label	DEFAULT
ram:0005dfb2	FUN_ram_0005dfb2	Function	DEFAULT
ram:0005dfee	LAB_ram_0005dfee	Label	DEFAULT
ram:0005e008	LAB_ram_0005e008	Label	DEFAULT
ram:0005e024	LAB_ram_0005e024	Label	DEFAULT
ram:0005e02c	LAB_ram_0005e02c	Label	DEFAULT
ram:0005e034	LAB_ram_0005e034	Label	DEFAULT
ram:0005e046	LAB_ram_0005e046	Label	DEFAULT
ram:0005e062	LAB_ram_0005e062	Label	DEFAULT
ram:0005e074	LAB_ram_0005e074	Label	DEFAULT
ram:0005e082	LAB_ram_0005e082	Label	DEFAULT
ram:0005e094	LAB_ram_0005e094	Label	DEFAULT
ram:0005e0a2	LAB_ram_0005e0a2	Label	DEFAULT
ram:0005e0bc	LAB_ram_0005e0bc	Label	DEFAULT
ram:0005e0c6	LAB_ram_0005e0c6	Label	DEFAULT
ram:0005e0de	FUN_ram_0005e0de	Function	DEFAULT
ram:0005e13a	LAB_ram_0005e13a	Label	DEFAULT
ram:0005e180	LAB_ram_0005e180	Label	DEFAULT
ram:0005e188	LAB_ram_0005e188	Label	DEFAULT
ram:0005e198	LAB_ram_0005e198	Label	DEFAULT
ram:0005e1a6	FUN_ram_0005e1a6	Function	DEFAULT
ram:0005e226	LAB_ram_0005e226	Label	DEFAULT
ram:0005e266	LAB_ram_0005e266	Label	DEFAULT
ram:0005e2a6	LAB_ram_0005e2a6	Label	DEFAULT
ram:0005e2c8	LAB_ram_0005e2c8	Label	DEFAULT
ram:0005e2e4	LAB_ram_0005e2e4	Label	DEFAULT
ram:0005e2ee	LAB_ram_0005e2ee	Label	DEFAULT
ram:0005e310	LAB_ram_0005e310	Label	DEFAULT
ram:0005e360	LAB_ram_0005e360	Label	DEFAULT
ram:0005e368	LAB_ram_0005e368	Label	DEFAULT
ram:0005e36c	LAB_ram_0005e36c	Label	DEFAULT
ram:0005e370	LAB_ram_0005e370	Label	DEFAULT
ram:0005e374	LAB_ram_0005e374	Label	DEFAULT
ram:0005e380	LAB_ram_0005e380	Label	DEFAULT
ram:0005e384	LAB_ram_0005e384	Label	DEFAULT
ram:0005e3a2	LAB_ram_0005e3a2	Label	DEFAULT
ram:0005e3aa	LAB_ram_0005e3aa	Label	DEFAULT
ram:0005e3f0	LAB_ram_0005e3f0	Label	DEFAULT
ram:0005e3f4	FUN_ram_0005e3f4	Function	DEFAULT
ram:0005e430	LAB_ram_0005e430	Label	DEFAULT
ram:0005e434	LAB_ram_0005e434	Label	DEFAULT
ram:0005e4d8	LAB_ram_0005e4d8	Label	DEFAULT
ram:0005e4e0	LAB_ram_0005e4e0	Label	DEFAULT
ram:0005e526	LAB_ram_0005e526	Label	DEFAULT
ram:0005e536	LAB_ram_0005e536	Label	DEFAULT
ram:0005e54e	LAB_ram_0005e54e	Label	DEFAULT
ram:0005e55c	FUN_ram_0005e55c	Function	DEFAULT
ram:0005e5d6	LAB_ram_0005e5d6	Label	DEFAULT
ram:0005e616	LAB_ram_0005e616	Label	DEFAULT
ram:0005e656	LAB_ram_0005e656	Label	DEFAULT
ram:0005e678	LAB_ram_0005e678	Label	DEFAULT
ram:0005e688	LAB_ram_0005e688	Label	DEFAULT
ram:0005e68e	LAB_ram_0005e68e	Label	DEFAULT
ram:0005e696	LAB_ram_0005e696	Label	DEFAULT
ram:0005e6b0	LAB_ram_0005e6b0	Label	DEFAULT
ram:0005e6b6	LAB_ram_0005e6b6	Label	DEFAULT
ram:0005e6be	LAB_ram_0005e6be	Label	DEFAULT
ram:0005e6c6	LAB_ram_0005e6c6	Label	DEFAULT
ram:0005e6ca	LAB_ram_0005e6ca	Label	DEFAULT
ram:0005e6ce	LAB_ram_0005e6ce	Label	DEFAULT
ram:0005e6d2	LAB_ram_0005e6d2	Label	DEFAULT
ram:0005e6de	LAB_ram_0005e6de	Label	DEFAULT
ram:0005e6e2	LAB_ram_0005e6e2	Label	DEFAULT
ram:0005e6fa	LAB_ram_0005e6fa	Label	DEFAULT
ram:0005e73e	LAB_ram_0005e73e	Label	DEFAULT
ram:0005e742	FUN_ram_0005e742	Function	DEFAULT
ram:0005e7e4	LAB_ram_0005e7e4	Label	DEFAULT
ram:0005e822	LAB_ram_0005e822	Label	DEFAULT
ram:0005e82a	LAB_ram_0005e82a	Label	DEFAULT
ram:0005e86a	LAB_ram_0005e86a	Label	DEFAULT
ram:0005e88c	LAB_ram_0005e88c	Label	DEFAULT
ram:0005e8a2	LAB_ram_0005e8a2	Label	DEFAULT
ram:0005e8aa	LAB_ram_0005e8aa	Label	DEFAULT
ram:0005e8cc	LAB_ram_0005e8cc	Label	DEFAULT
ram:0005e8da	LAB_ram_0005e8da	Label	DEFAULT
ram:0005e90e	LAB_ram_0005e90e	Label	DEFAULT
ram:0005e928	LAB_ram_0005e928	Label	DEFAULT
ram:0005e92c	LAB_ram_0005e92c	Label	DEFAULT
ram:0005e93e	LAB_ram_0005e93e	Label	DEFAULT
ram:0005e954	LAB_ram_0005e954	Label	DEFAULT
ram:0005e95c	LAB_ram_0005e95c	Label	DEFAULT
ram:0005e962	LAB_ram_0005e962	Label	DEFAULT
ram:0005e966	LAB_ram_0005e966	Label	DEFAULT
ram:0005e96a	LAB_ram_0005e96a	Label	DEFAULT
ram:0005e96e	LAB_ram_0005e96e	Label	DEFAULT
ram:0005e97a	LAB_ram_0005e97a	Label	DEFAULT
ram:0005e97e	LAB_ram_0005e97e	Label	DEFAULT
ram:0005e9c2	LAB_ram_0005e9c2	Label	DEFAULT
ram:0005ea12	LAB_ram_0005ea12	Label	DEFAULT
ram:0005ea20	LAB_ram_0005ea20	Label	DEFAULT
ram:0005ead0	LAB_ram_0005ead0	Label	DEFAULT
ram:0005eae4	LAB_ram_0005eae4	Label	DEFAULT
ram:0005eaea	LAB_ram_0005eaea	Label	DEFAULT
ram:0005eb10	LAB_ram_0005eb10	Label	DEFAULT
ram:0005eb28	LAB_ram_0005eb28	Label	DEFAULT
ram:0005eb2c	FUN_ram_0005eb2c	Function	DEFAULT
ram:0005eb66	LAB_ram_0005eb66	Label	DEFAULT
ram:0005ec12	LAB_ram_0005ec12	Label	DEFAULT
ram:0005ec5a	LAB_ram_0005ec5a	Label	DEFAULT
ram:0005ec92	LAB_ram_0005ec92	Label	DEFAULT
ram:0005ec9e	LAB_ram_0005ec9e	Label	DEFAULT
ram:0005eca2	LAB_ram_0005eca2	Label	DEFAULT
ram:0005eca8	LAB_ram_0005eca8	Label	DEFAULT
ram:0005ecac	LAB_ram_0005ecac	Label	DEFAULT
ram:0005ecb4	LAB_ram_0005ecb4	Label	DEFAULT
ram:0005ecd8	LAB_ram_0005ecd8	Label	DEFAULT
ram:0005ecda	LAB_ram_0005ecda	Label	DEFAULT
ram:0005ecfa	LAB_ram_0005ecfa	Label	DEFAULT
ram:0005ed34	LAB_ram_0005ed34	Label	DEFAULT
ram:0005ede6	LAB_ram_0005ede6	Label	DEFAULT
ram:0005edfa	LAB_ram_0005edfa	Label	DEFAULT
ram:0005ee0a	LAB_ram_0005ee0a	Label	DEFAULT
ram:0005ee0c	LAB_ram_0005ee0c	Label	DEFAULT
ram:0005ee7a	LAB_ram_0005ee7a	Label	DEFAULT
ram:0005ee94	LAB_ram_0005ee94	Label	DEFAULT
ram:0005eea2	LAB_ram_0005eea2	Label	DEFAULT
ram:0005eeaa	LAB_ram_0005eeaa	Label	DEFAULT
ram:0005eeba	LAB_ram_0005eeba	Label	DEFAULT
ram:0005eece	LAB_ram_0005eece	Label	DEFAULT
ram:0005eed6	LAB_ram_0005eed6	Label	DEFAULT
ram:0005ef10	LAB_ram_0005ef10	Label	DEFAULT
ram:0005ef28	LAB_ram_0005ef28	Label	DEFAULT
ram:0005ef38	LAB_ram_0005ef38	Label	DEFAULT
ram:0005ef70	LAB_ram_0005ef70	Label	DEFAULT
ram:0005ef72	FUN_ram_0005ef72	Function	DEFAULT
ram:0005efe6	LAB_ram_0005efe6	Label	DEFAULT
ram:0005f014	LAB_ram_0005f014	Label	DEFAULT
ram:0005f02e	LAB_ram_0005f02e	Label	DEFAULT
ram:0005f04c	LAB_ram_0005f04c	Label	DEFAULT
ram:0005f050	LAB_ram_0005f050	Label	DEFAULT
ram:0005f074	LAB_ram_0005f074	Label	DEFAULT
ram:0005f078	LAB_ram_0005f078	Label	DEFAULT
ram:0005f082	LAB_ram_0005f082	Label	DEFAULT
ram:0005f094	LAB_ram_0005f094	Label	DEFAULT
ram:0005f0a2	LAB_ram_0005f0a2	Label	DEFAULT
ram:0005f0b8	LAB_ram_0005f0b8	Label	DEFAULT
ram:0005f0ec	LAB_ram_0005f0ec	Label	DEFAULT
ram:0005f0ee	LAB_ram_0005f0ee	Label	DEFAULT
ram:0005f12e	LAB_ram_0005f12e	Label	DEFAULT
ram:0005f142	LAB_ram_0005f142	Label	DEFAULT
ram:0005f188	LAB_ram_0005f188	Label	DEFAULT
ram:0005f18c	LAB_ram_0005f18c	Label	DEFAULT
ram:0005f192	LAB_ram_0005f192	Label	DEFAULT
ram:0005f194	LAB_ram_0005f194	Label	DEFAULT
ram:0005f1a6	LAB_ram_0005f1a6	Label	DEFAULT
ram:0005f1b2	LAB_ram_0005f1b2	Label	DEFAULT
ram:0005f1b6	LAB_ram_0005f1b6	Label	DEFAULT
ram:0005f1d8	LAB_ram_0005f1d8	Label	DEFAULT
ram:0005f230	LAB_ram_0005f230	Label	DEFAULT
ram:0005f234	LAB_ram_0005f234	Label	DEFAULT
ram:0005f2aa	LAB_ram_0005f2aa	Label	DEFAULT
ram:0005f2b0	LAB_ram_0005f2b0	Label	DEFAULT
ram:0005f2ec	LAB_ram_0005f2ec	Label	DEFAULT
ram:0005f304	LAB_ram_0005f304	Label	DEFAULT
ram:0005f32c	LAB_ram_0005f32c	Label	DEFAULT
ram:0005f38e	LAB_ram_0005f38e	Label	DEFAULT
ram:0005f3b2	LAB_ram_0005f3b2	Label	DEFAULT
ram:0005f3d4	LAB_ram_0005f3d4	Label	DEFAULT
ram:0005f3fe	LAB_ram_0005f3fe	Label	DEFAULT
ram:0005f40c	LAB_ram_0005f40c	Label	DEFAULT
ram:0005f41e	LAB_ram_0005f41e	Label	DEFAULT
ram:0005f428	LAB_ram_0005f428	Label	DEFAULT
ram:0005f434	LAB_ram_0005f434	Label	DEFAULT
ram:0005f444	LAB_ram_0005f444	Label	DEFAULT
ram:0005f448	LAB_ram_0005f448	Label	DEFAULT
ram:0005f458	LAB_ram_0005f458	Label	DEFAULT
ram:0005f45e	LAB_ram_0005f45e	Label	DEFAULT
ram:0005f47e	LAB_ram_0005f47e	Label	DEFAULT
ram:0005f4ac	LAB_ram_0005f4ac	Label	DEFAULT
ram:0005f4d8	LAB_ram_0005f4d8	Label	DEFAULT
ram:0005f53e	LAB_ram_0005f53e	Label	DEFAULT
ram:0005f546	LAB_ram_0005f546	Label	DEFAULT
ram:0005f554	LAB_ram_0005f554	Label	DEFAULT
ram:0005f566	LAB_ram_0005f566	Label	DEFAULT
ram:0005f570	FUN_ram_0005f570	Function	DEFAULT
ram:0005f592	FUN_ram_0005f592	Function	DEFAULT
ram:0005f61e	LAB_ram_0005f61e	Label	DEFAULT
ram:0005f620	LAB_ram_0005f620	Label	DEFAULT
ram:0005f62c	LAB_ram_0005f62c	Label	DEFAULT
ram:0005f632	LAB_ram_0005f632	Label	DEFAULT
ram:0005f640	LAB_ram_0005f640	Label	DEFAULT
ram:0005f68a	LAB_ram_0005f68a	Label	DEFAULT
ram:0005f6c2	LAB_ram_0005f6c2	Label	DEFAULT
ram:0005f6e8	LAB_ram_0005f6e8	Label	DEFAULT
ram:0005f6fe	LAB_ram_0005f6fe	Label	DEFAULT
ram:0005f704	LAB_ram_0005f704	Label	DEFAULT
ram:0005f716	LAB_ram_0005f716	Label	DEFAULT
ram:0005f724	LAB_ram_0005f724	Label	DEFAULT
ram:0005f762	LAB_ram_0005f762	Label	DEFAULT
ram:0005f776	LAB_ram_0005f776	Label	DEFAULT
ram:0005f77a	LAB_ram_0005f77a	Label	DEFAULT
ram:0005f77e	LAB_ram_0005f77e	Label	DEFAULT
ram:0005f782	LAB_ram_0005f782	Label	DEFAULT
ram:0005f78e	LAB_ram_0005f78e	Label	DEFAULT
ram:0005f792	LAB_ram_0005f792	Label	DEFAULT
ram:0005f7d4	LAB_ram_0005f7d4	Label	DEFAULT
ram:0005f7dc	LAB_ram_0005f7dc	Label	DEFAULT
ram:0005f7e2	LAB_ram_0005f7e2	Label	DEFAULT
ram:0005f7e6	FUN_ram_0005f7e6	Function	DEFAULT
ram:0005f820	LAB_ram_0005f820	Label	DEFAULT
ram:0005f8d4	FUN_ram_0005f8d4	Function	DEFAULT
ram:0005f942	FUN_ram_0005f942	Function	DEFAULT
ram:0005f9b2	LAB_ram_0005f9b2	Label	DEFAULT
ram:0005f9b4	LAB_ram_0005f9b4	Label	DEFAULT
ram:0005f9c6	LAB_ram_0005f9c6	Label	DEFAULT
ram:0005f9de	LAB_ram_0005f9de	Label	DEFAULT
ram:0005f9fe	LAB_ram_0005f9fe	Label	DEFAULT
ram:0005fa34	LAB_ram_0005fa34	Label	DEFAULT
ram:0005fa70	LAB_ram_0005fa70	Label	DEFAULT
ram:0005fa7c	LAB_ram_0005fa7c	Label	DEFAULT
ram:0005fa80	LAB_ram_0005fa80	Label	DEFAULT
ram:0005fa92	LAB_ram_0005fa92	Label	DEFAULT
ram:0005fabc	LAB_ram_0005fabc	Label	DEFAULT
ram:0005fac4	LAB_ram_0005fac4	Label	DEFAULT
ram:0005fafc	LAB_ram_0005fafc	Label	DEFAULT
ram:0005fb14	LAB_ram_0005fb14	Label	DEFAULT
ram:0005fb34	LAB_ram_0005fb34	Label	DEFAULT
ram:0005fb42	LAB_ram_0005fb42	Label	DEFAULT
ram:0005fb4a	LAB_ram_0005fb4a	Label	DEFAULT
ram:0005fb66	LAB_ram_0005fb66	Label	DEFAULT
ram:0005fb6c	LAB_ram_0005fb6c	Label	DEFAULT
ram:0005fb74	LAB_ram_0005fb74	Label	DEFAULT
ram:0005fb78	LAB_ram_0005fb78	Label	DEFAULT
ram:0005fb82	LAB_ram_0005fb82	Label	DEFAULT
ram:0005fb8e	LAB_ram_0005fb8e	Label	DEFAULT
ram:0005fbb2	LAB_ram_0005fbb2	Label	DEFAULT
ram:0005fbc2	LAB_ram_0005fbc2	Label	DEFAULT
ram:0005fbc6	LAB_ram_0005fbc6	Label	DEFAULT
ram:0005fbca	LAB_ram_0005fbca	Label	DEFAULT
ram:0005fbdc	LAB_ram_0005fbdc	Label	DEFAULT
ram:0005fc34	LAB_ram_0005fc34	Label	DEFAULT
ram:0005fca4	LAB_ram_0005fca4	Label	DEFAULT
ram:0005fcaa	LAB_ram_0005fcaa	Label	DEFAULT
ram:0005fcde	LAB_ram_0005fcde	Label	DEFAULT
ram:0005fcee	LAB_ram_0005fcee	Label	DEFAULT
ram:0005fd50	LAB_ram_0005fd50	Label	DEFAULT
ram:0005fd74	LAB_ram_0005fd74	Label	DEFAULT
ram:0005fd8e	LAB_ram_0005fd8e	Label	DEFAULT
ram:0005fda6	LAB_ram_0005fda6	Label	DEFAULT
ram:0005fdb0	LAB_ram_0005fdb0	Label	DEFAULT
ram:0005fdb4	LAB_ram_0005fdb4	Label	DEFAULT
ram:0005fdb8	LAB_ram_0005fdb8	Label	DEFAULT
ram:0005fdbc	LAB_ram_0005fdbc	Label	DEFAULT
ram:0005fdc0	LAB_ram_0005fdc0	Label	DEFAULT
ram:0005fdc4	LAB_ram_0005fdc4	Label	DEFAULT
ram:0005fdc8	LAB_ram_0005fdc8	Label	DEFAULT
ram:0005fdcc	LAB_ram_0005fdcc	Label	DEFAULT
ram:0005fdd2	FUN_ram_0005fdd2	Function	DEFAULT
ram:0005fe34	LAB_ram_0005fe34	Label	DEFAULT
ram:0005fe36	LAB_ram_0005fe36	Label	DEFAULT
ram:0005fe3e	LAB_ram_0005fe3e	Label	DEFAULT
ram:0005fe46	LAB_ram_0005fe46	Label	DEFAULT
ram:0005fe5e	LAB_ram_0005fe5e	Label	DEFAULT
ram:0005fe76	LAB_ram_0005fe76	Label	DEFAULT
ram:0005fe8c	LAB_ram_0005fe8c	Label	DEFAULT
ram:0005fe94	LAB_ram_0005fe94	Label	DEFAULT
ram:0005fe9a	LAB_ram_0005fe9a	Label	DEFAULT
ram:0005fe9e	LAB_ram_0005fe9e	Label	DEFAULT
ram:0005fea2	FUN_ram_0005fea2	Function	DEFAULT
ram:0005fee2	LAB_ram_0005fee2	Label	DEFAULT
ram:0005ff16	LAB_ram_0005ff16	Label	DEFAULT
ram:0005ff22	LAB_ram_0005ff22	Label	DEFAULT
ram:0005ff56	LAB_ram_0005ff56	Label	DEFAULT
ram:0005ff68	LAB_ram_0005ff68	Label	DEFAULT
ram:0005ffe6	FUN_ram_0005ffe6	Function	DEFAULT
ram:00060022	LAB_ram_00060022	Label	DEFAULT
ram:000600ac	LAB_ram_000600ac	Label	DEFAULT
ram:000600b4	LAB_ram_000600b4	Label	DEFAULT
ram:000600be	LAB_ram_000600be	Label	DEFAULT
ram:000600d6	LAB_ram_000600d6	Label	DEFAULT
ram:000600fc	LAB_ram_000600fc	Label	DEFAULT
ram:0006012e	LAB_ram_0006012e	Label	DEFAULT
ram:0006013c	LAB_ram_0006013c	Label	DEFAULT
ram:00060164	LAB_ram_00060164	Label	DEFAULT
ram:00060170	LAB_ram_00060170	Label	DEFAULT
ram:0006017e	LAB_ram_0006017e	Label	DEFAULT
ram:00060196	LAB_ram_00060196	Label	DEFAULT
ram:00060198	FUN_ram_00060198	Function	DEFAULT
ram:000601ca	LAB_ram_000601ca	Label	DEFAULT
ram:00060214	LAB_ram_00060214	Label	DEFAULT
ram:0006024a	LAB_ram_0006024a	Label	DEFAULT
ram:00060258	LAB_ram_00060258	Label	DEFAULT
ram:00060276	LAB_ram_00060276	Label	DEFAULT
ram:00060284	LAB_ram_00060284	Label	DEFAULT
ram:0006028a	LAB_ram_0006028a	Label	DEFAULT
ram:00060296	LAB_ram_00060296	Label	DEFAULT
ram:0006029c	LAB_ram_0006029c	Label	DEFAULT
ram:000602a0	LAB_ram_000602a0	Label	DEFAULT
ram:000602c0	LAB_ram_000602c0	Label	DEFAULT
ram:000602ca	LAB_ram_000602ca	Label	DEFAULT
ram:00060310	LAB_ram_00060310	Label	DEFAULT
ram:00060338	LAB_ram_00060338	Label	DEFAULT
ram:00060346	LAB_ram_00060346	Label	DEFAULT
ram:00060354	LAB_ram_00060354	Label	DEFAULT
ram:00060366	LAB_ram_00060366	Label	DEFAULT
ram:00060374	LAB_ram_00060374	Label	DEFAULT
ram:0006037a	LAB_ram_0006037a	Label	DEFAULT
ram:00060386	LAB_ram_00060386	Label	DEFAULT
ram:0006038c	LAB_ram_0006038c	Label	DEFAULT
ram:00060390	LAB_ram_00060390	Label	DEFAULT
ram:000603ae	LAB_ram_000603ae	Label	DEFAULT
ram:000603b6	LAB_ram_000603b6	Label	DEFAULT
ram:000603ba	LAB_ram_000603ba	Label	DEFAULT
ram:000603c4	LAB_ram_000603c4	Label	DEFAULT
ram:000603ca	LAB_ram_000603ca	Label	DEFAULT
ram:000603de	FUN_ram_000603de	Function	DEFAULT
ram:0006040e	LAB_ram_0006040e	Label	DEFAULT
ram:00060428	LAB_ram_00060428	Label	DEFAULT
ram:0006047c	LAB_ram_0006047c	Label	DEFAULT
ram:00060492	LAB_ram_00060492	Label	DEFAULT
ram:0006049c	FUN_ram_0006049c	Function	DEFAULT
ram:000604ba	FUN_ram_000604ba	Function	DEFAULT
ram:000604ee	LAB_ram_000604ee	Label	DEFAULT
ram:00060500	FUN_ram_00060500	Function	DEFAULT
ram:00060558	LAB_ram_00060558	Label	DEFAULT
ram:0006056a	LAB_ram_0006056a	Label	DEFAULT
ram:00060588	LAB_ram_00060588	Label	DEFAULT
ram:00060598	LAB_ram_00060598	Label	DEFAULT
ram:00060650	LAB_ram_00060650	Label	DEFAULT
ram:00060654	FUN_ram_00060654	Function	DEFAULT
ram:00060718	LAB_ram_00060718	Label	DEFAULT
ram:0006078c	LAB_ram_0006078c	Label	DEFAULT
ram:000607a4	FUN_ram_000607a4	Function	DEFAULT
ram:000607b4	LAB_ram_000607b4	Label	DEFAULT
ram:000607c0	FUN_ram_000607c0	Function	DEFAULT
ram:0006081a	LAB_ram_0006081a	Label	DEFAULT
ram:00060820	LAB_ram_00060820	Label	DEFAULT
ram:0006083c	LAB_ram_0006083c	Label	DEFAULT
ram:0006086c	LAB_ram_0006086c	Label	DEFAULT
ram:00060892	LAB_ram_00060892	Label	DEFAULT
ram:00060898	LAB_ram_00060898	Label	DEFAULT
ram:000608a4	LAB_ram_000608a4	Label	DEFAULT
ram:000608c6	LAB_ram_000608c6	Label	DEFAULT
ram:000608de	LAB_ram_000608de	Label	DEFAULT
ram:000608e4	LAB_ram_000608e4	Label	DEFAULT
ram:000608f8	LAB_ram_000608f8	Label	DEFAULT
ram:0006090c	LAB_ram_0006090c	Label	DEFAULT
ram:0006091a	LAB_ram_0006091a	Label	DEFAULT
ram:00060922	LAB_ram_00060922	Label	DEFAULT
ram:00060930	LAB_ram_00060930	Label	DEFAULT
ram:00060938	LAB_ram_00060938	Label	DEFAULT
ram:0006094c	LAB_ram_0006094c	Label	DEFAULT
ram:0006095a	LAB_ram_0006095a	Label	DEFAULT
ram:00060962	LAB_ram_00060962	Label	DEFAULT
ram:0006097c	LAB_ram_0006097c	Label	DEFAULT
ram:00060994	LAB_ram_00060994	Label	DEFAULT
ram:0006099a	LAB_ram_0006099a	Label	DEFAULT
ram:000609b6	LAB_ram_000609b6	Label	DEFAULT
ram:000609ca	LAB_ram_000609ca	Label	DEFAULT
ram:000609e4	LAB_ram_000609e4	Label	DEFAULT
ram:000609f8	LAB_ram_000609f8	Label	DEFAULT
ram:00060a12	LAB_ram_00060a12	Label	DEFAULT
ram:00060a2e	LAB_ram_00060a2e	Label	DEFAULT
ram:00060a46	LAB_ram_00060a46	Label	DEFAULT
ram:00060a5e	LAB_ram_00060a5e	Label	DEFAULT
ram:00060a78	LAB_ram_00060a78	Label	DEFAULT
ram:00060a92	LAB_ram_00060a92	Label	DEFAULT
ram:00060a98	LAB_ram_00060a98	Label	DEFAULT
ram:00060acc	LAB_ram_00060acc	Label	DEFAULT
ram:00060ad0	LAB_ram_00060ad0	Label	DEFAULT
ram:00060ad4	LAB_ram_00060ad4	Label	DEFAULT
ram:00060ae2	LAB_ram_00060ae2	Label	DEFAULT
ram:00060b00	LAB_ram_00060b00	Label	DEFAULT
ram:00060b1e	LAB_ram_00060b1e	Label	DEFAULT
ram:00060b48	LAB_ram_00060b48	Label	DEFAULT
ram:00060b58	LAB_ram_00060b58	Label	DEFAULT
ram:00060b5a	LAB_ram_00060b5a	Label	DEFAULT
ram:00060b68	LAB_ram_00060b68	Label	DEFAULT
ram:00060b86	LAB_ram_00060b86	Label	DEFAULT
ram:00060b9c	LAB_ram_00060b9c	Label	DEFAULT
ram:00060bb4	LAB_ram_00060bb4	Label	DEFAULT
ram:00060bc4	LAB_ram_00060bc4	Label	DEFAULT
ram:00060bcc	LAB_ram_00060bcc	Label	DEFAULT
ram:00060bd6	LAB_ram_00060bd6	Label	DEFAULT
ram:00060be2	LAB_ram_00060be2	Label	DEFAULT
ram:00060bee	LAB_ram_00060bee	Label	DEFAULT
ram:00060bf4	LAB_ram_00060bf4	Label	DEFAULT
ram:00060c0e	LAB_ram_00060c0e	Label	DEFAULT
ram:00060c1a	LAB_ram_00060c1a	Label	DEFAULT
ram:00060c2c	LAB_ram_00060c2c	Label	DEFAULT
ram:00060c32	LAB_ram_00060c32	Label	DEFAULT
ram:00060c56	LAB_ram_00060c56	Label	DEFAULT
ram:00060c64	LAB_ram_00060c64	Label	DEFAULT
ram:00060c76	LAB_ram_00060c76	Label	DEFAULT
ram:00060c7e	LAB_ram_00060c7e	Label	DEFAULT
ram:00060c9a	LAB_ram_00060c9a	Label	DEFAULT
ram:00060cb0	LAB_ram_00060cb0	Label	DEFAULT
ram:00060cc2	LAB_ram_00060cc2	Label	DEFAULT
ram:00060cce	LAB_ram_00060cce	Label	DEFAULT
ram:00060cd4	LAB_ram_00060cd4	Label	DEFAULT
ram:00060d04	LAB_ram_00060d04	Label	DEFAULT
ram:00060d0a	LAB_ram_00060d0a	Label	DEFAULT
ram:00060d24	LAB_ram_00060d24	Label	DEFAULT
ram:00060d44	LAB_ram_00060d44	Label	DEFAULT
ram:00060d5e	LAB_ram_00060d5e	Label	DEFAULT
ram:00060d66	LAB_ram_00060d66	Label	DEFAULT
ram:00060d84	LAB_ram_00060d84	Label	DEFAULT
ram:00060d96	LAB_ram_00060d96	Label	DEFAULT
ram:00060daa	FUN_ram_00060daa	Function	DEFAULT
ram:00060df4	LAB_ram_00060df4	Label	DEFAULT
ram:00060e2c	LAB_ram_00060e2c	Label	DEFAULT
ram:00060e3c	LAB_ram_00060e3c	Label	DEFAULT
ram:00060e84	LAB_ram_00060e84	Label	DEFAULT
ram:00060eba	LAB_ram_00060eba	Label	DEFAULT
ram:00060f16	LAB_ram_00060f16	Label	DEFAULT
ram:00060f5c	LAB_ram_00060f5c	Label	DEFAULT
ram:00060f76	LAB_ram_00060f76	Label	DEFAULT
ram:00060f80	LAB_ram_00060f80	Label	DEFAULT
ram:00060f90	LAB_ram_00060f90	Label	DEFAULT
ram:00060fba	LAB_ram_00060fba	Label	DEFAULT
ram:00060fc8	LAB_ram_00060fc8	Label	DEFAULT
ram:00060fe2	LAB_ram_00060fe2	Label	DEFAULT
ram:00061006	LAB_ram_00061006	Label	DEFAULT
ram:00061050	LAB_ram_00061050	Label	DEFAULT
ram:0006107e	LAB_ram_0006107e	Label	DEFAULT
ram:000610aa	LAB_ram_000610aa	Label	DEFAULT
ram:000610bc	LAB_ram_000610bc	Label	DEFAULT
ram:0006112c	LAB_ram_0006112c	Label	DEFAULT
ram:0006118a	LAB_ram_0006118a	Label	DEFAULT
ram:0006119e	LAB_ram_0006119e	Label	DEFAULT
ram:000611ca	LAB_ram_000611ca	Label	DEFAULT
ram:000611d0	LAB_ram_000611d0	Label	DEFAULT
ram:000611d6	LAB_ram_000611d6	Label	DEFAULT
ram:000611f0	LAB_ram_000611f0	Label	DEFAULT
ram:0006120e	LAB_ram_0006120e	Label	DEFAULT
ram:00061258	LAB_ram_00061258	Label	DEFAULT
ram:0006127a	LAB_ram_0006127a	Label	DEFAULT
ram:0006129c	LAB_ram_0006129c	Label	DEFAULT
ram:000612a2	LAB_ram_000612a2	Label	DEFAULT
ram:000612dc	LAB_ram_000612dc	Label	DEFAULT
ram:000612f0	LAB_ram_000612f0	Label	DEFAULT
ram:0006132e	LAB_ram_0006132e	Label	DEFAULT
ram:00061340	LAB_ram_00061340	Label	DEFAULT
ram:00061356	LAB_ram_00061356	Label	DEFAULT
ram:00061378	LAB_ram_00061378	Label	DEFAULT
ram:00061384	LAB_ram_00061384	Label	DEFAULT
ram:0006138c	LAB_ram_0006138c	Label	DEFAULT
ram:000613a4	LAB_ram_000613a4	Label	DEFAULT
ram:000613ba	LAB_ram_000613ba	Label	DEFAULT
ram:000613be	LAB_ram_000613be	Label	DEFAULT
ram:000613f8	LAB_ram_000613f8	Label	DEFAULT
ram:0006146a	LAB_ram_0006146a	Label	DEFAULT
ram:000614a6	LAB_ram_000614a6	Label	DEFAULT
ram:00061534	LAB_ram_00061534	Label	DEFAULT
ram:0006155e	LAB_ram_0006155e	Label	DEFAULT
ram:00061584	LAB_ram_00061584	Label	DEFAULT
ram:0006159e	LAB_ram_0006159e	Label	DEFAULT
ram:000615f4	LAB_ram_000615f4	Label	DEFAULT
ram:000615fc	LAB_ram_000615fc	Label	DEFAULT
ram:0006161e	LAB_ram_0006161e	Label	DEFAULT
ram:00061624	LAB_ram_00061624	Label	DEFAULT
ram:00061632	LAB_ram_00061632	Label	DEFAULT
ram:000616c2	LAB_ram_000616c2	Label	DEFAULT
ram:000616fe	LAB_ram_000616fe	Label	DEFAULT
ram:00061708	LAB_ram_00061708	Label	DEFAULT
ram:00061738	LAB_ram_00061738	Label	DEFAULT
ram:00061746	LAB_ram_00061746	Label	DEFAULT
ram:0006174c	LAB_ram_0006174c	Label	DEFAULT
ram:0006176a	LAB_ram_0006176a	Label	DEFAULT
ram:0006177c	LAB_ram_0006177c	Label	DEFAULT
ram:0006177e	LAB_ram_0006177e	Label	DEFAULT
ram:00061784	LAB_ram_00061784	Label	DEFAULT
ram:0006179c	FUN_ram_0006179c	Function	DEFAULT
ram:000617ca	FUN_ram_000617ca	Function	DEFAULT
ram:000617f4	LAB_ram_000617f4	Label	DEFAULT
ram:0006182e	LAB_ram_0006182e	Label	DEFAULT
ram:0006183e	LAB_ram_0006183e	Label	DEFAULT
ram:0006184a	LAB_ram_0006184a	Label	DEFAULT
ram:00061850	LAB_ram_00061850	Label	DEFAULT
ram:00061864	LAB_ram_00061864	Label	DEFAULT
ram:00061866	LAB_ram_00061866	Label	DEFAULT
ram:00061878	LAB_ram_00061878	Label	DEFAULT
ram:00061882	FUN_ram_00061882	Function	DEFAULT
ram:000618ac	LAB_ram_000618ac	Label	DEFAULT
ram:000618b0	LAB_ram_000618b0	Label	DEFAULT
ram:000618c2	LAB_ram_000618c2	Label	DEFAULT
ram:000618ce	LAB_ram_000618ce	Label	DEFAULT
ram:000618d4	LAB_ram_000618d4	Label	DEFAULT
ram:000618f4	LAB_ram_000618f4	Label	DEFAULT
ram:000618f8	LAB_ram_000618f8	Label	DEFAULT
ram:00061910	FUN_ram_00061910	Function	DEFAULT
ram:00061928	LAB_ram_00061928	Label	DEFAULT
ram:0006193c	LAB_ram_0006193c	Label	DEFAULT
ram:0006194a	FUN_ram_0006194a	Function	DEFAULT
ram:0006195c	FUN_ram_0006195c	Function	DEFAULT
ram:00061aa0	LAB_ram_00061aa0	Label	DEFAULT
ram:00061b40	LAB_ram_00061b40	Label	DEFAULT
ram:00061b44	LL_Encrypt	Function	USER_DEFINED
ram:00061b58	LL_Decrypt	Function	USER_DEFINED
ram:00061b68	FUN_ram_00061b68	Function	DEFAULT
ram:00061bec	FUN_ram_00061bec	Function	DEFAULT
ram:00061c80	BLE_ReadRssi	Function	USER_DEFINED
ram:00061c92	FUN_ram_00061c92	Function	DEFAULT
ram:00061d0a	LAB_ram_00061d0a	Label	DEFAULT
ram:00061d36	LAB_ram_00061d36	Label	DEFAULT
ram:00061d46	BLE_ReadCfo	Function	USER_DEFINED
ram:00061d62	LAB_ram_00061d62	Label	DEFAULT
ram:00061d68	FUN_ram_00061d68	Function	DEFAULT
ram:00061dcc	LAB_ram_00061dcc	Label	DEFAULT
ram:00061dd0	LAB_ram_00061dd0	Label	DEFAULT
ram:00061dd4	FUN_ram_00061dd4	Function	DEFAULT
ram:00061e32	LAB_ram_00061e32	Label	DEFAULT
ram:00061e36	LAB_ram_00061e36	Label	DEFAULT
ram:00061e3a	FUN_ram_00061e3a	Function	DEFAULT
ram:00061ee8	LAB_ram_00061ee8	Label	DEFAULT
ram:00061ef4	LAB_ram_00061ef4	Label	DEFAULT
ram:00061f0a	FUN_ram_00061f0a	Function	DEFAULT
ram:00061f28	LAB_ram_00061f28	Label	DEFAULT
ram:00061f9e	LAB_ram_00061f9e	Label	DEFAULT
ram:00061fac	LAB_ram_00061fac	Label	DEFAULT
ram:00061fce	LAB_ram_00061fce	Label	DEFAULT
ram:00061fd2	LAB_ram_00061fd2	Label	DEFAULT
ram:0006200a	LAB_ram_0006200a	Label	DEFAULT
ram:00062030	FUN_ram_00062030	Function	DEFAULT
ram:00062052	LAB_ram_00062052	Label	DEFAULT
ram:000620bc	LAB_ram_000620bc	Label	DEFAULT
ram:000620c4	LAB_ram_000620c4	Label	DEFAULT
ram:000620cc	LAB_ram_000620cc	Label	DEFAULT
ram:000620ce	LAB_ram_000620ce	Label	DEFAULT
ram:000620d8	LAB_ram_000620d8	Label	DEFAULT
ram:00062114	LAB_ram_00062114	Label	DEFAULT
ram:0006212e	LAB_ram_0006212e	Label	DEFAULT
ram:00062134	LAB_ram_00062134	Label	DEFAULT
ram:0006213e	LAB_ram_0006213e	Label	DEFAULT
ram:00062148	FUN_ram_00062148	Function	DEFAULT
ram:0006215c	LAB_ram_0006215c	Label	DEFAULT
ram:0006218e	LAB_ram_0006218e	Label	DEFAULT
ram:00062192	LAB_ram_00062192	Label	DEFAULT
ram:0006219c	FUN_ram_0006219c	Function	DEFAULT
ram:000621c6	LAB_ram_000621c6	Label	DEFAULT
ram:000621c8	FUN_ram_000621c8	Function	DEFAULT
ram:0006220a	LAB_ram_0006220a	Label	DEFAULT
ram:00062216	LAB_ram_00062216	Label	DEFAULT
ram:00062232	LAB_ram_00062232	Label	DEFAULT
ram:00062254	LAB_ram_00062254	Label	DEFAULT
ram:0006225a	LAB_ram_0006225a	Label	DEFAULT
ram:00062262	FUN_ram_00062262	Function	DEFAULT
ram:0006228e	LAB_ram_0006228e	Label	DEFAULT
ram:000622de	LAB_ram_000622de	Label	DEFAULT
ram:000622e8	FUN_ram_000622e8	Function	DEFAULT
ram:00062394	FUN_ram_00062394	Function	DEFAULT
ram:000623ce	LAB_ram_000623ce	Label	DEFAULT
ram:00062454	LAB_ram_00062454	Label	DEFAULT
ram:0006249c	LAB_ram_0006249c	Label	DEFAULT
ram:000624b6	LAB_ram_000624b6	Label	DEFAULT
ram:000624be	LAB_ram_000624be	Label	DEFAULT
ram:000624dc	BLE_PAControlInit	Function	USER_DEFINED
ram:000624fa	LAB_ram_000624fa	Label	DEFAULT
ram:000624fc	BLE_AccessAddressGenerate	Function	USER_DEFINED
ram:00062524	LAB_ram_00062524	Label	DEFAULT
ram:0006253c	LAB_ram_0006253c	Label	DEFAULT
ram:0006254c	LAB_ram_0006254c	Label	DEFAULT
ram:00062566	LAB_ram_00062566	Label	DEFAULT
ram:0006256c	LAB_ram_0006256c	Label	DEFAULT
ram:00062588	LAB_ram_00062588	Label	DEFAULT
ram:00062594	LAB_ram_00062594	Label	DEFAULT
ram:000625cc	LAB_ram_000625cc	Label	DEFAULT
ram:000625d4	BLE_RegInit	Function	USER_DEFINED
ram:0006269e	LAB_ram_0006269e	Label	DEFAULT
ram:000626ac	FUN_ram_000626ac	Function	DEFAULT
ram:00062730	FUN_ram_00062730	Function	DEFAULT
ram:00062784	FUN_ram_00062784	Function	DEFAULT
ram:000627ae	LAB_ram_000627ae	Label	DEFAULT
ram:000627c4	LAB_ram_000627c4	Label	DEFAULT
ram:0006280a	LAB_ram_0006280a	Label	DEFAULT
ram:0006282a	LAB_ram_0006282a	Label	DEFAULT
ram:0006282c	LAB_ram_0006282c	Label	DEFAULT
ram:0006284c	LAB_ram_0006284c	Label	DEFAULT
ram:0006285a	LAB_ram_0006285a	Label	DEFAULT
ram:0006286e	LAB_ram_0006286e	Label	DEFAULT
ram:00062890	LAB_ram_00062890	Label	DEFAULT
ram:0006289c	LAB_ram_0006289c	Label	DEFAULT
ram:000628a2	LAB_ram_000628a2	Label	DEFAULT
ram:000628b8	FUN_ram_000628b8	Function	DEFAULT
ram:000628d8	FUN_ram_000628d8	Function	DEFAULT
ram:00062902	LAB_ram_00062902	Label	DEFAULT
ram:0006299c	LAB_ram_0006299c	Label	DEFAULT
ram:000629ae	LAB_ram_000629ae	Label	DEFAULT
ram:000629d4	LAB_ram_000629d4	Label	DEFAULT
ram:000629e2	LAB_ram_000629e2	Label	DEFAULT
ram:000629f8	LAB_ram_000629f8	Label	DEFAULT
ram:000629fc	LAB_ram_000629fc	Label	DEFAULT
ram:00062a0a	LAB_ram_00062a0a	Label	DEFAULT
ram:00062a1c	LAB_ram_00062a1c	Label	DEFAULT
ram:00062a3e	LAB_ram_00062a3e	Label	DEFAULT
ram:00062a48	RF_BondingErase	Function	USER_DEFINED
ram:00062a8e	LAB_ram_00062a8e	Label	DEFAULT
ram:00062a94	RF_Config	Function	USER_DEFINED
ram:00062ab4	LAB_ram_00062ab4	Label	DEFAULT
ram:00062af2	LAB_ram_00062af2	Label	DEFAULT
ram:00062afe	LAB_ram_00062afe	Label	DEFAULT
ram:00062b0a	LAB_ram_00062b0a	Label	DEFAULT
ram:00062b16	LAB_ram_00062b16	Label	DEFAULT
ram:00062b22	LAB_ram_00062b22	Label	DEFAULT
ram:00062b3a	LAB_ram_00062b3a	Label	DEFAULT
ram:00062b5a	LAB_ram_00062b5a	Label	DEFAULT
ram:00062b68	LAB_ram_00062b68	Label	DEFAULT
ram:00062b74	LAB_ram_00062b74	Label	DEFAULT
ram:00062b78	RF_Tx	Function	USER_DEFINED
ram:00062bfc	LAB_ram_00062bfc	Label	DEFAULT
ram:00062c14	LAB_ram_00062c14	Label	DEFAULT
ram:00062c1a	LAB_ram_00062c1a	Label	DEFAULT
ram:00062c76	LAB_ram_00062c76	Label	DEFAULT
ram:00062cc4	LAB_ram_00062cc4	Label	DEFAULT
ram:00062cfa	LAB_ram_00062cfa	Label	DEFAULT
ram:00062d18	LAB_ram_00062d18	Label	DEFAULT
ram:00062d1a	LAB_ram_00062d1a	Label	DEFAULT
ram:00062d38	LAB_ram_00062d38	Label	DEFAULT
ram:00062da0	LAB_ram_00062da0	Label	DEFAULT
ram:00062dbe	LAB_ram_00062dbe	Label	DEFAULT
ram:00062dd8	LAB_ram_00062dd8	Label	DEFAULT
ram:00062dec	LAB_ram_00062dec	Label	DEFAULT
ram:00062df2	LAB_ram_00062df2	Label	DEFAULT
ram:00062df8	LAB_ram_00062df8	Label	DEFAULT
ram:00062e08	LAB_ram_00062e08	Label	DEFAULT
ram:00062e1e	LAB_ram_00062e1e	Label	DEFAULT
ram:00062e22	RF_Rx	Function	USER_DEFINED
ram:00062e30	LAB_ram_00062e30	Label	DEFAULT
ram:00062e32	LAB_ram_00062e32	Label	DEFAULT
ram:00062e4a	LAB_ram_00062e4a	Label	DEFAULT
ram:00062e9c	LAB_ram_00062e9c	Label	DEFAULT
ram:00062ec4	LAB_ram_00062ec4	Label	DEFAULT
ram:00062eca	LAB_ram_00062eca	Label	DEFAULT
ram:00062f26	LAB_ram_00062f26	Label	DEFAULT
ram:00062f50	LAB_ram_00062f50	Label	DEFAULT
ram:00062f58	LAB_ram_00062f58	Label	DEFAULT
ram:00062f9e	LAB_ram_00062f9e	Label	DEFAULT
ram:00062fe2	LAB_ram_00062fe2	Label	DEFAULT
ram:00062ff0	LAB_ram_00062ff0	Label	DEFAULT
ram:00062ff6	FUN_ram_00062ff6	Function	DEFAULT
ram:00063082	LAB_ram_00063082	Label	DEFAULT
ram:000630ca	LAB_ram_000630ca	Label	DEFAULT
ram:000630de	LAB_ram_000630de	Label	DEFAULT
ram:0006310e	LAB_ram_0006310e	Label	DEFAULT
ram:00063160	LAB_ram_00063160	Label	DEFAULT
ram:00063162	LAB_ram_00063162	Label	DEFAULT
ram:00063170	LAB_ram_00063170	Label	DEFAULT
ram:00063190	LAB_ram_00063190	Label	DEFAULT
ram:000631a0	LAB_ram_000631a0	Label	DEFAULT
ram:000631a6	LAB_ram_000631a6	Label	DEFAULT
ram:000631ca	LAB_ram_000631ca	Label	DEFAULT
ram:000631da	LAB_ram_000631da	Label	DEFAULT
ram:000631de	LAB_ram_000631de	Label	DEFAULT
ram:00063208	LAB_ram_00063208	Label	DEFAULT
ram:0006320c	LAB_ram_0006320c	Label	DEFAULT
ram:0006321c	LAB_ram_0006321c	Label	DEFAULT
ram:0006322c	LAB_ram_0006322c	Label	DEFAULT
ram:00063238	LAB_ram_00063238	Label	DEFAULT
ram:0006323e	LAB_ram_0006323e	Label	DEFAULT
ram:0006324a	LAB_ram_0006324a	Label	DEFAULT
ram:00063252	LAB_ram_00063252	Label	DEFAULT
ram:00063262	LAB_ram_00063262	Label	DEFAULT
ram:0006326e	LAB_ram_0006326e	Label	DEFAULT
ram:00063274	LAB_ram_00063274	Label	DEFAULT
ram:0006327e	LAB_ram_0006327e	Label	DEFAULT
ram:000632a6	LAB_ram_000632a6	Label	DEFAULT
ram:000632aa	LAB_ram_000632aa	Label	DEFAULT
ram:000632b8	LAB_ram_000632b8	Label	DEFAULT
ram:000632de	LAB_ram_000632de	Label	DEFAULT
ram:000632e6	LAB_ram_000632e6	Label	DEFAULT
ram:0006333e	LAB_ram_0006333e	Label	DEFAULT
ram:0006334c	LAB_ram_0006334c	Label	DEFAULT
ram:0006334e	LAB_ram_0006334e	Label	DEFAULT
ram:0006335a	LAB_ram_0006335a	Label	DEFAULT
ram:0006337a	LAB_ram_0006337a	Label	DEFAULT
ram:00063388	LAB_ram_00063388	Label	DEFAULT
ram:00063390	LAB_ram_00063390	Label	DEFAULT
ram:00063422	LAB_ram_00063422	Label	DEFAULT
ram:00063428	LAB_ram_00063428	Label	DEFAULT
ram:00063438	LAB_ram_00063438	Label	DEFAULT
ram:00063444	LAB_ram_00063444	Label	DEFAULT
ram:0006344a	LAB_ram_0006344a	Label	DEFAULT
ram:00063456	LAB_ram_00063456	Label	DEFAULT
ram:0006345c	LAB_ram_0006345c	Label	DEFAULT
ram:0006346e	LAB_ram_0006346e	Label	DEFAULT
ram:0006347a	LAB_ram_0006347a	Label	DEFAULT
ram:00063484	LAB_ram_00063484	Label	DEFAULT
ram:000634ba	LAB_ram_000634ba	Label	DEFAULT
ram:000634cc	LAB_ram_000634cc	Label	DEFAULT
ram:000634dc	LAB_ram_000634dc	Label	DEFAULT
ram:00063506	RF_Shut	Function	USER_DEFINED
ram:00063528	LAB_ram_00063528	Label	DEFAULT
ram:0006354c	LAB_ram_0006354c	Label	DEFAULT
ram:00063566	LAB_ram_00063566	Label	DEFAULT
ram:00063586	RF_FrequencyHoppingShut	Function	USER_DEFINED
ram:000635dc	LAB_ram_000635dc	Label	DEFAULT
ram:000635de	LAB_ram_000635de	Label	DEFAULT
ram:000635ee	LAB_ram_000635ee	Label	DEFAULT
ram:000635fe	FUN_ram_000635fe	Function	DEFAULT
ram:00063656	LAB_ram_00063656	Label	DEFAULT
ram:00063686	LAB_ram_00063686	Label	DEFAULT
ram:000636c8	LAB_ram_000636c8	Label	DEFAULT
ram:000636cc	LAB_ram_000636cc	Label	DEFAULT
ram:000636e6	LAB_ram_000636e6	Label	DEFAULT
ram:000636fc	LAB_ram_000636fc	Label	DEFAULT
ram:00063720	LAB_ram_00063720	Label	DEFAULT
ram:0006372c	FUN_ram_0006372c	Function	DEFAULT
ram:0006376c	LAB_ram_0006376c	Label	DEFAULT
ram:00063772	LAB_ram_00063772	Label	DEFAULT
ram:00063776	LAB_ram_00063776	Label	DEFAULT
ram:0006377e	LAB_ram_0006377e	Label	DEFAULT
ram:000637ba	LAB_ram_000637ba	Label	DEFAULT
ram:000637c0	LAB_ram_000637c0	Label	DEFAULT
ram:000637c6	LAB_ram_000637c6	Label	DEFAULT
ram:000637d6	LAB_ram_000637d6	Label	DEFAULT
ram:000637ec	LAB_ram_000637ec	Label	DEFAULT
ram:000637f2	LAB_ram_000637f2	Label	DEFAULT
ram:0006381e	LAB_ram_0006381e	Label	DEFAULT
ram:00063824	RF_FrequencyHoppingRx	Function	USER_DEFINED
ram:0006391a	LAB_ram_0006391a	Label	DEFAULT
ram:00063946	LAB_ram_00063946	Label	DEFAULT
ram:00063952	LAB_ram_00063952	Label	DEFAULT
ram:000639a0	LAB_ram_000639a0	Label	DEFAULT
ram:00063a28	LAB_ram_00063a28	Label	DEFAULT
ram:00063a8c	LAB_ram_00063a8c	Label	DEFAULT
ram:00063a9c	LAB_ram_00063a9c	Label	DEFAULT
ram:00063aa8	LAB_ram_00063aa8	Label	DEFAULT
ram:00063ab4	LAB_ram_00063ab4	Label	DEFAULT
ram:00063ad4	LAB_ram_00063ad4	Label	DEFAULT
ram:00063af8	LAB_ram_00063af8	Label	DEFAULT
ram:00063b06	LAB_ram_00063b06	Label	DEFAULT
ram:00063b1a	LAB_ram_00063b1a	Label	DEFAULT
ram:00063b26	LAB_ram_00063b26	Label	DEFAULT
ram:00063b56	LAB_ram_00063b56	Label	DEFAULT
ram:00063b64	LAB_ram_00063b64	Label	DEFAULT
ram:00063b6a	LAB_ram_00063b6a	Label	DEFAULT
ram:00063b72	LAB_ram_00063b72	Label	DEFAULT
ram:00063b84	LAB_ram_00063b84	Label	DEFAULT
ram:00063b86	LAB_ram_00063b86	Label	DEFAULT
ram:00063bac	LAB_ram_00063bac	Label	DEFAULT
ram:00063bbc	RF_FrequencyHoppingTx	Function	USER_DEFINED
ram:00063c3e	LAB_ram_00063c3e	Label	DEFAULT
ram:00063c98	LAB_ram_00063c98	Label	DEFAULT
ram:00063dd6	LAB_ram_00063dd6	Label	DEFAULT
ram:00063de6	LAB_ram_00063de6	Label	DEFAULT
ram:00063df2	LAB_ram_00063df2	Label	DEFAULT
ram:00063e30	LAB_ram_00063e30	Label	DEFAULT
ram:00063e50	LAB_ram_00063e50	Label	DEFAULT
ram:00063e78	LAB_ram_00063e78	Label	DEFAULT
ram:00063e96	LAB_ram_00063e96	Label	DEFAULT
ram:00063ec0	LAB_ram_00063ec0	Label	DEFAULT
ram:00063eca	LAB_ram_00063eca	Label	DEFAULT
ram:00063ede	LAB_ram_00063ede	Label	DEFAULT
ram:00063ee0	LAB_ram_00063ee0	Label	DEFAULT
ram:00063ef8	LAB_ram_00063ef8	Label	DEFAULT
ram:00063f14	LAB_ram_00063f14	Label	DEFAULT
ram:00063f24	RF_SetChannel	Function	USER_DEFINED
ram:00063f5e	LAB_ram_00063f5e	Label	DEFAULT
ram:00063f62	LAB_ram_00063f62	Label	DEFAULT
ram:00063f74	LAB_ram_00063f74	Label	DEFAULT
ram:00063f76	RF_RoleInit	Function	USER_DEFINED
ram:00063fc6	FUN_ram_00063fc6	Function	DEFAULT
ram:00063fd8	LAB_ram_00063fd8	Label	DEFAULT
ram:00063fe8	LAB_ram_00063fe8	Label	DEFAULT
ram:00063ffc	FUN_ram_00063ffc	Function	DEFAULT
ram:00064170	RFEND_SetSensitivity	Function	USER_DEFINED
ram:00064208	FUN_ram_00064208	Function	DEFAULT
ram:0006424e	LAB_ram_0006424e	Label	DEFAULT
ram:0006428a	FUN_ram_0006428a	Function	DEFAULT
ram:000642c2	RFEND_TXCtuneSet	Function	USER_DEFINED
ram:0006432e	LAB_ram_0006432e	Label	DEFAULT
ram:00064332	LAB_ram_00064332	Label	DEFAULT
ram:00064338	LAB_ram_00064338	Label	DEFAULT
ram:0006433a	LAB_ram_0006433a	Label	DEFAULT
ram:0006433c	RFEND_TXCtuneGet	Function	USER_DEFINED
ram:00064390	LAB_ram_00064390	Label	DEFAULT
ram:00064394	FUN_ram_00064394	Function	DEFAULT
ram:000644ec	LAB_ram_000644ec	Label	DEFAULT
ram:000650d0	LAB_ram_000650d0	Label	DEFAULT
ram:000650d8	FUN_ram_000650d8	Function	DEFAULT
ram:000650ea	LAB_ram_000650ea	Label	DEFAULT
ram:0006511c	LAB_ram_0006511c	Label	DEFAULT
ram:0006512c	FUN_ram_0006512c	Function	DEFAULT
ram:00065144	thunk_FUN_ram_00065e24	Function	DEFAULT
ram:00065148	FUN_ram_00065148	Function	DEFAULT
ram:00065156	LAB_ram_00065156	Label	DEFAULT
ram:0006517a	LAB_ram_0006517a	Label	DEFAULT
ram:0006517c	FUN_ram_0006517c	Function	DEFAULT
ram:000651a6	FUN_ram_000651a6	Function	DEFAULT
ram:000651cc	FUN_ram_000651cc	Function	DEFAULT
ram:00065204	FUN_ram_00065204	Function	DEFAULT
ram:0006522a	FUN_ram_0006522a	Function	DEFAULT
ram:0006524e	FUN_ram_0006524e	Function	DEFAULT
ram:00065272	FUN_ram_00065272	Function	DEFAULT
ram:00065294	FUN_ram_00065294	Function	DEFAULT
ram:000652b8	FUN_ram_000652b8	Function	DEFAULT
ram:000652dc	FUN_ram_000652dc	Function	DEFAULT
ram:000652fa	FUN_ram_000652fa	Function	DEFAULT
ram:0006531e	FUN_ram_0006531e	Function	DEFAULT
ram:00065342	FUN_ram_00065342	Function	DEFAULT
ram:0006535a	FUN_ram_0006535a	Function	DEFAULT
ram:0006538a	FUN_ram_0006538a	Function	DEFAULT
ram:000653ba	API_LE_ReceiverTestCmd	Function	USER_DEFINED
ram:000653d6	LAB_ram_000653d6	Label	DEFAULT
ram:00065404	LAB_ram_00065404	Label	DEFAULT
ram:00065418	LAB_ram_00065418	Label	DEFAULT
ram:00065430	LAB_ram_00065430	Label	DEFAULT
ram:00065464	LAB_ram_00065464	Label	DEFAULT
ram:0006546c	API_LE_TransmitterTestCmd	Function	USER_DEFINED
ram:000654c0	LAB_ram_000654c0	Label	DEFAULT
ram:000654e6	LAB_ram_000654e6	Label	DEFAULT
ram:000654ec	LAB_ram_000654ec	Label	DEFAULT
ram:00065508	LAB_ram_00065508	Label	DEFAULT
ram:0006553a	LAB_ram_0006553a	Label	DEFAULT
ram:00065582	LAB_ram_00065582	Label	DEFAULT
ram:00065592	LAB_ram_00065592	Label	DEFAULT
ram:0006559e	LAB_ram_0006559e	Label	DEFAULT
ram:000655f0	LAB_ram_000655f0	Label	DEFAULT
ram:000655f8	LAB_ram_000655f8	Label	DEFAULT
ram:00065610	LAB_ram_00065610	Label	DEFAULT
ram:00065618	LAB_ram_00065618	Label	DEFAULT
ram:0006561c	API_LE_TestEndCmd	Function	USER_DEFINED
ram:00065642	LAB_ram_00065642	Label	DEFAULT
ram:00065664	LAB_ram_00065664	Label	DEFAULT
ram:00065676	FUN_ram_00065676	Function	DEFAULT
ram:000656a8	FUN_ram_000656a8	Function	DEFAULT
ram:000656da	FUN_ram_000656da	Function	DEFAULT
ram:0006570c	FUN_ram_0006570c	Function	DEFAULT
ram:00065732	FUN_ram_00065732	Function	DEFAULT
ram:00065758	FUN_ram_00065758	Function	DEFAULT
ram:0006577e	FUN_ram_0006577e	Function	DEFAULT
ram:000657a4	FUN_ram_000657a4	Function	DEFAULT
ram:000657ca	FUN_ram_000657ca	Function	DEFAULT
ram:000657ea	FUN_ram_000657ea	Function	DEFAULT
ram:0006583e	FUN_ram_0006583e	Function	DEFAULT
ram:00065864	FUN_ram_00065864	Function	DEFAULT
ram:0006588a	FUN_ram_0006588a	Function	DEFAULT
ram:000658b0	FUN_ram_000658b0	Function	DEFAULT
ram:000658d6	FUN_ram_000658d6	Function	DEFAULT
ram:000658fc	FUN_ram_000658fc	Function	DEFAULT
ram:00065922	FUN_ram_00065922	Function	DEFAULT
ram:00065948	FUN_ram_00065948	Function	DEFAULT
ram:0006596e	FUN_ram_0006596e	Function	DEFAULT
ram:0006599c	FUN_ram_0006599c	Function	DEFAULT
ram:000659a8	FUN_ram_000659a8	Function	DEFAULT
ram:000659ce	FUN_ram_000659ce	Function	DEFAULT
ram:000659f4	FUN_ram_000659f4	Function	DEFAULT
ram:00065a0e	LAB_ram_00065a0e	Label	DEFAULT
ram:00065a16	LAB_ram_00065a16	Label	DEFAULT
ram:00065a42	FUN_ram_00065a42	Function	DEFAULT
ram:00065a5e	LAB_ram_00065a5e	Label	DEFAULT
ram:00065a6a	LAB_ram_00065a6a	Label	DEFAULT
ram:00065a9a	FUN_ram_00065a9a	Function	DEFAULT
ram:00065aa4	LAB_ram_00065aa4	Label	DEFAULT
ram:00065aa8	LAB_ram_00065aa8	Label	DEFAULT
ram:00065ac0	LAB_ram_00065ac0	Label	DEFAULT
ram:00065ad2	LAB_ram_00065ad2	Label	DEFAULT
ram:00065ae0	LAB_ram_00065ae0	Label	DEFAULT
ram:00065ae6	LAB_ram_00065ae6	Label	DEFAULT
ram:00065aec	FUN_ram_00065aec	Function	DEFAULT
ram:00065b1a	LAB_ram_00065b1a	Label	DEFAULT
ram:00065b1e	LAB_ram_00065b1e	Label	DEFAULT
ram:00065b28	LAB_ram_00065b28	Label	DEFAULT
ram:00065b2c	LAB_ram_00065b2c	Label	DEFAULT
ram:00065b4e	LAB_ram_00065b4e	Label	DEFAULT
ram:00065b62	LAB_ram_00065b62	Label	DEFAULT
ram:00065b6c	LAB_ram_00065b6c	Label	DEFAULT
ram:00065b80	LAB_ram_00065b80	Label	DEFAULT
ram:00065b86	LAB_ram_00065b86	Label	DEFAULT
ram:00065b8c	LAB_ram_00065b8c	Label	DEFAULT
ram:00065b98	LAB_ram_00065b98	Label	DEFAULT
ram:00065ba4	LAB_ram_00065ba4	Label	DEFAULT
ram:00065bb2	LAB_ram_00065bb2	Label	DEFAULT
ram:00065bc0	LAB_ram_00065bc0	Label	DEFAULT
ram:00065bcc	LAB_ram_00065bcc	Label	DEFAULT
ram:00065bdc	LAB_ram_00065bdc	Label	DEFAULT
ram:00065bea	LAB_ram_00065bea	Label	DEFAULT
ram:00065bf6	LAB_ram_00065bf6	Label	DEFAULT
ram:00065c02	LAB_ram_00065c02	Label	DEFAULT
ram:00065c12	LL_TestEnd	Function	USER_DEFINED
ram:00065c34	LAB_ram_00065c34	Label	DEFAULT
ram:00065c82	LAB_ram_00065c82	Label	DEFAULT
ram:00065c8c	LL_SetTxPowerLevel	Function	USER_DEFINED
ram:00065ce6	LAB_ram_00065ce6	Label	DEFAULT
ram:00065d18	LAB_ram_00065d18	Label	DEFAULT
ram:00065d28	LAB_ram_00065d28	Label	DEFAULT
ram:00065d2a	LAB_ram_00065d2a	Label	DEFAULT
ram:00065d2c	LL_SingleChannel	Function	USER_DEFINED
ram:00065d3a	LAB_ram_00065d3a	Label	DEFAULT
ram:00065d3e	LAB_ram_00065d3e	Label	DEFAULT
ram:00065d9c	LAB_ram_00065d9c	Label	DEFAULT
ram:00065db0	LAB_ram_00065db0	Label	DEFAULT
ram:00065dbc	LAB_ram_00065dbc	Label	DEFAULT
ram:00065dc2	LAB_ram_00065dc2	Label	DEFAULT
ram:00065dc8	FUN_ram_00065dc8	Function	DEFAULT
ram:00065df0	LAB_ram_00065df0	Label	DEFAULT
ram:00065df8	LAB_ram_00065df8	Label	DEFAULT
ram:00065e18	LAB_ram_00065e18	Label	DEFAULT
ram:00065e20	LAB_ram_00065e20	Label	DEFAULT
ram:00065e24	FUN_ram_00065e24	Function	DEFAULT
ram:00065e40	LAB_ram_00065e40	Label	DEFAULT
ram:00065e48	LAB_ram_00065e48	Label	DEFAULT
ram:00065e4c	FUN_ram_00065e4c	Function	DEFAULT
ram:00065e58	LAB_ram_00065e58	Label	DEFAULT
ram:00065e70	FUN_ram_00065e70	Function	DEFAULT
ram:00065e88	LAB_ram_00065e88	Label	DEFAULT
ram:00065e8e	LAB_ram_00065e8e	Label	DEFAULT
ram:00065e92	FUN_ram_00065e92	Function	DEFAULT
ram:00065eb8	FUN_ram_00065eb8	Function	DEFAULT
ram:00065ebe	LAB_ram_00065ebe	Label	DEFAULT
ram:00065ede	LAB_ram_00065ede	Label	DEFAULT
ram:00065eea	LAB_ram_00065eea	Label	DEFAULT
ram:00065ef8	LAB_ram_00065ef8	Label	DEFAULT
ram:00065f2e	LAB_ram_00065f2e	Label	DEFAULT
ram:00065f38	LAB_ram_00065f38	Label	DEFAULT
ram:00065f40	LAB_ram_00065f40	Label	DEFAULT
ram:00065f50	LAB_ram_00065f50	Label	DEFAULT
ram:00065f68	FUN_ram_00065f68	Function	DEFAULT
ram:00065f8a	LAB_ram_00065f8a	Label	DEFAULT
ram:00065f8e	LAB_ram_00065f8e	Label	DEFAULT
ram:00065f90	LAB_ram_00065f90	Label	DEFAULT
ram:00065f9a	LAB_ram_00065f9a	Label	DEFAULT
ram:00065fb4	LAB_ram_00065fb4	Label	DEFAULT
ram:00065ff6	LAB_ram_00065ff6	Label	DEFAULT
ram:00066008	LAB_ram_00066008	Label	DEFAULT
ram:00066018	LAB_ram_00066018	Label	DEFAULT
ram:0006602a	LAB_ram_0006602a	Label	DEFAULT
ram:0006603e	LAB_ram_0006603e	Label	DEFAULT
ram:00066048	LAB_ram_00066048	Label	DEFAULT
ram:0006604e	LAB_ram_0006604e	Label	DEFAULT
ram:0006605e	LAB_ram_0006605e	Label	DEFAULT
ram:00066062	LAB_ram_00066062	Label	DEFAULT
ram:00066066	FUN_ram_00066066	Function	DEFAULT
ram:00066088	LAB_ram_00066088	Label	DEFAULT
ram:0006608a	FUN_ram_0006608a	Function	DEFAULT
ram:00066124	LAB_ram_00066124	Label	DEFAULT
ram:00066128	LAB_ram_00066128	Label	DEFAULT
ram:0006613e	LAB_ram_0006613e	Label	DEFAULT
ram:00066160	LAB_ram_00066160	Label	DEFAULT
ram:00066164	LAB_ram_00066164	Label	DEFAULT
ram:00066176	LAB_ram_00066176	Label	DEFAULT
ram:0006618a	LAB_ram_0006618a	Label	DEFAULT
ram:0006619a	LAB_ram_0006619a	Label	DEFAULT
ram:000661b6	LAB_ram_000661b6	Label	DEFAULT
ram:000661c6	LAB_ram_000661c6	Label	DEFAULT
ram:000661ca	FUN_ram_000661ca	Function	DEFAULT
ram:000661d8	LAB_ram_000661d8	Label	DEFAULT
ram:000661da	LAB_ram_000661da	Label	DEFAULT
ram:000661e0	LAB_ram_000661e0	Label	DEFAULT
ram:0006620a	FUN_ram_0006620a	Function	DEFAULT
ram:00066276	LAB_ram_00066276	Label	DEFAULT
ram:00066284	LAB_ram_00066284	Label	DEFAULT
ram:0006629a	LAB_ram_0006629a	Label	DEFAULT
ram:000662a0	LAB_ram_000662a0	Label	DEFAULT
ram:000662a4	LL_AddWhiteListDevice	Function	USER_DEFINED
ram:000662c2	LAB_ram_000662c2	Label	DEFAULT
ram:000662d6	LAB_ram_000662d6	Label	DEFAULT
ram:000662ea	LAB_ram_000662ea	Label	DEFAULT
ram:000662f8	LAB_ram_000662f8	Label	DEFAULT
ram:000662fc	LAB_ram_000662fc	Label	DEFAULT
ram:00066322	LAB_ram_00066322	Label	DEFAULT
ram:0006632a	FUN_ram_0006632a	Function	DEFAULT
ram:000663f0	LAB_ram_000663f0	Label	DEFAULT
ram:000663fc	LAB_ram_000663fc	Label	DEFAULT
ram:0006640c	LAB_ram_0006640c	Label	DEFAULT
ram:0006642a	LAB_ram_0006642a	Label	DEFAULT
ram:00066440	LAB_ram_00066440	Label	DEFAULT
ram:0006645e	LAB_ram_0006645e	Label	DEFAULT
ram:00066464	LAB_ram_00066464	Label	DEFAULT
ram:00066498	LAB_ram_00066498	Label	DEFAULT
ram:0006649c	LL_RemoveWhiteListDevice	Function	USER_DEFINED
ram:000664ba	LAB_ram_000664ba	Label	DEFAULT
ram:000664ce	LAB_ram_000664ce	Label	DEFAULT
ram:000664e2	LAB_ram_000664e2	Label	DEFAULT
ram:00066508	LAB_ram_00066508	Label	DEFAULT
ram:00066510	LAB_ram_00066510	Label	DEFAULT
ram:00066514	LL_ClearWhiteList	Function	USER_DEFINED
ram:00066532	LAB_ram_00066532	Label	DEFAULT
ram:00066546	LAB_ram_00066546	Label	DEFAULT
ram:0006655a	LAB_ram_0006655a	Label	DEFAULT
ram:0006656a	LAB_ram_0006656a	Label	DEFAULT
ram:0006656c	FUN_ram_0006656c	Function	DEFAULT
ram:000665a8	LAB_ram_000665a8	Label	DEFAULT
ram:000665b2	LAB_ram_000665b2	Label	DEFAULT
ram:000665e0	LAB_ram_000665e0	Label	DEFAULT
ram:00066602	LAB_ram_00066602	Label	DEFAULT
ram:00066606	LAB_ram_00066606	Label	DEFAULT
ram:00066612	LAB_ram_00066612	Label	DEFAULT
ram:00066614	LAB_ram_00066614	Label	DEFAULT
ram:00066636	LAB_ram_00066636	Label	DEFAULT
ram:0006664a	LAB_ram_0006664a	Label	DEFAULT
ram:0006667a	LAB_ram_0006667a	Label	DEFAULT
ram:00066680	LAB_ram_00066680	Label	DEFAULT
ram:0006668c	LAB_ram_0006668c	Label	DEFAULT
ram:00066690	LAB_ram_00066690	Label	DEFAULT
ram:00066694	FUN_ram_00066694	Function	DEFAULT
ram:000666a4	LAB_ram_000666a4	Label	DEFAULT
ram:000666ca	FUN_ram_000666ca	Function	DEFAULT
ram:0006679c	LAB_ram_0006679c	Label	DEFAULT
ram:000667a2	LAB_ram_000667a2	Label	DEFAULT
ram:000667ae	LAB_ram_000667ae	Label	DEFAULT
ram:00066818	LAB_ram_00066818	Label	DEFAULT
ram:0006681c	FUN_ram_0006681c	Function	DEFAULT
ram:000668ce	LAB_ram_000668ce	Label	DEFAULT
ram:000668d8	LAB_ram_000668d8	Label	DEFAULT
ram:000668de	LAB_ram_000668de	Label	DEFAULT
ram:00066944	LAB_ram_00066944	Label	DEFAULT
ram:00066948	FUN_ram_00066948	Function	DEFAULT
ram:0006698a	LAB_ram_0006698a	Label	DEFAULT
ram:00066990	LAB_ram_00066990	Label	DEFAULT
ram:00066994	FUN_ram_00066994	Function	DEFAULT
ram:000669b8	LAB_ram_000669b8	Label	DEFAULT
ram:000669c6	LAB_ram_000669c6	Label	DEFAULT
ram:000669d6	LAB_ram_000669d6	Label	DEFAULT
ram:00066a3c	LAB_ram_00066a3c	Label	DEFAULT
ram:00066a3e	FUN_ram_00066a3e	Function	DEFAULT
ram:00066a5c	LAB_ram_00066a5c	Label	DEFAULT
ram:00066a68	LAB_ram_00066a68	Label	DEFAULT
ram:00066a76	LAB_ram_00066a76	Label	DEFAULT
ram:00066a86	LAB_ram_00066a86	Label	DEFAULT
ram:00066a88	FUN_ram_00066a88	Function	DEFAULT
ram:00066aa6	LAB_ram_00066aa6	Label	DEFAULT
ram:00066ab2	LAB_ram_00066ab2	Label	DEFAULT
ram:00066ac0	LAB_ram_00066ac0	Label	DEFAULT
ram:00066ace	LAB_ram_00066ace	Label	DEFAULT
ram:00066ad4	LAB_ram_00066ad4	Label	DEFAULT
ram:00066ad8	LAB_ram_00066ad8	Label	DEFAULT
ram:00066ade	FUN_ram_00066ade	Function	DEFAULT
ram:00066b06	LAB_ram_00066b06	Label	DEFAULT
ram:00066b16	LAB_ram_00066b16	Label	DEFAULT
ram:00066b24	LAB_ram_00066b24	Label	DEFAULT
ram:00066b28	FUN_ram_00066b28	Function	DEFAULT
ram:00066b48	LAB_ram_00066b48	Label	DEFAULT
ram:00066b4c	LAB_ram_00066b4c	Label	DEFAULT
ram:00066b50	LAB_ram_00066b50	Label	DEFAULT
ram:00066b66	LAB_ram_00066b66	Label	DEFAULT
ram:00066b68	FUN_ram_00066b68	Function	DEFAULT
ram:00066b8e	LAB_ram_00066b8e	Label	DEFAULT
ram:00066b90	LAB_ram_00066b90	Label	DEFAULT
ram:00066b96	LAB_ram_00066b96	Label	DEFAULT
ram:00066b9a	LAB_ram_00066b9a	Label	DEFAULT
ram:00066ba8	LAB_ram_00066ba8	Label	DEFAULT
ram:00066bc0	LAB_ram_00066bc0	Label	DEFAULT
ram:00066bd6	LAB_ram_00066bd6	Label	DEFAULT
ram:00066bdc	LAB_ram_00066bdc	Label	DEFAULT
ram:00066be0	FUN_ram_00066be0	Function	DEFAULT
ram:00066c2a	LAB_ram_00066c2a	Label	DEFAULT
ram:00066c40	LAB_ram_00066c40	Label	DEFAULT
ram:00066c60	LAB_ram_00066c60	Label	DEFAULT
ram:00066c88	LAB_ram_00066c88	Label	DEFAULT
ram:00066c98	LAB_ram_00066c98	Label	DEFAULT
ram:00066ca4	LAB_ram_00066ca4	Label	DEFAULT
ram:00066caa	LAB_ram_00066caa	Label	DEFAULT
ram:00066cd4	LAB_ram_00066cd4	Label	DEFAULT
ram:00066cea	LAB_ram_00066cea	Label	DEFAULT
ram:00066cfa	LAB_ram_00066cfa	Label	DEFAULT
ram:00066d12	LAB_ram_00066d12	Label	DEFAULT
ram:00066d16	LAB_ram_00066d16	Label	DEFAULT
ram:00066d36	LAB_ram_00066d36	Label	DEFAULT
ram:00066d46	LAB_ram_00066d46	Label	DEFAULT
ram:00066d58	LAB_ram_00066d58	Label	DEFAULT
ram:00066d66	LAB_ram_00066d66	Label	DEFAULT
ram:00066d72	LAB_ram_00066d72	Label	DEFAULT
ram:00066da0	LAB_ram_00066da0	Label	DEFAULT
ram:00066dbe	LAB_ram_00066dbe	Label	DEFAULT
ram:00066de2	LAB_ram_00066de2	Label	DEFAULT
ram:00066e08	LAB_ram_00066e08	Label	DEFAULT
ram:00066e26	LAB_ram_00066e26	Label	DEFAULT
ram:00066e30	LAB_ram_00066e30	Label	DEFAULT
ram:00066e3a	LAB_ram_00066e3a	Label	DEFAULT
ram:00066e50	LAB_ram_00066e50	Label	DEFAULT
ram:00066e56	LAB_ram_00066e56	Label	DEFAULT
ram:00066e5c	LAB_ram_00066e5c	Label	DEFAULT
ram:00066e68	LAB_ram_00066e68	Label	DEFAULT
ram:00066e70	LAB_ram_00066e70	Label	DEFAULT
ram:00066e76	LAB_ram_00066e76	Label	DEFAULT
ram:00066e80	LAB_ram_00066e80	Label	DEFAULT
ram:00066e88	LAB_ram_00066e88	Label	DEFAULT
ram:00066e9a	LAB_ram_00066e9a	Label	DEFAULT
ram:00066ea2	LAB_ram_00066ea2	Label	DEFAULT
ram:00066ea8	LAB_ram_00066ea8	Label	DEFAULT
ram:00066eb4	LAB_ram_00066eb4	Label	DEFAULT
ram:00066eba	FUN_ram_00066eba	Function	DEFAULT
ram:00066ee2	LAB_ram_00066ee2	Label	DEFAULT
ram:00066efa	LAB_ram_00066efa	Label	DEFAULT
ram:00066efc	LAB_ram_00066efc	Label	DEFAULT
ram:00066f0c	LAB_ram_00066f0c	Label	DEFAULT
ram:00066f28	LAB_ram_00066f28	Label	DEFAULT
ram:00066f2c	LAB_ram_00066f2c	Label	DEFAULT
ram:00066f32	LAB_ram_00066f32	Label	DEFAULT
ram:00066f3e	LAB_ram_00066f3e	Label	DEFAULT
ram:00066f70	LAB_ram_00066f70	Label	DEFAULT
ram:00066f80	LAB_ram_00066f80	Label	DEFAULT
ram:00066f92	LAB_ram_00066f92	Label	DEFAULT
ram:00066fba	LAB_ram_00066fba	Label	DEFAULT
ram:00066fd6	LAB_ram_00066fd6	Label	DEFAULT
ram:00066fe2	LAB_ram_00066fe2	Label	DEFAULT
ram:00066fe6	LAB_ram_00066fe6	Label	DEFAULT
ram:00067000	LAB_ram_00067000	Label	DEFAULT
ram:0006700c	FUN_ram_0006700c	Function	DEFAULT
ram:00067034	LAB_ram_00067034	Label	DEFAULT
ram:0006704c	LAB_ram_0006704c	Label	DEFAULT
ram:0006704e	LAB_ram_0006704e	Label	DEFAULT
ram:0006705e	LAB_ram_0006705e	Label	DEFAULT
ram:0006707a	LAB_ram_0006707a	Label	DEFAULT
ram:0006707e	LAB_ram_0006707e	Label	DEFAULT
ram:00067084	LAB_ram_00067084	Label	DEFAULT
ram:00067090	LAB_ram_00067090	Label	DEFAULT
ram:000670c6	LAB_ram_000670c6	Label	DEFAULT
ram:000670d2	LAB_ram_000670d2	Label	DEFAULT
ram:0006710e	LAB_ram_0006710e	Label	DEFAULT
ram:00067118	LAB_ram_00067118	Label	DEFAULT
ram:00067140	LAB_ram_00067140	Label	DEFAULT
ram:0006715c	LAB_ram_0006715c	Label	DEFAULT
ram:00067168	LAB_ram_00067168	Label	DEFAULT
ram:0006716c	LAB_ram_0006716c	Label	DEFAULT
ram:00067188	LAB_ram_00067188	Label	DEFAULT
ram:00067198	FUN_ram_00067198	Function	DEFAULT
ram:000671d4	LAB_ram_000671d4	Label	DEFAULT
ram:000671d6	LAB_ram_000671d6	Label	DEFAULT
ram:000671f4	LAB_ram_000671f4	Label	DEFAULT
ram:00067204	LAB_ram_00067204	Label	DEFAULT
ram:00067208	LAB_ram_00067208	Label	DEFAULT
ram:0006720c	LAB_ram_0006720c	Label	DEFAULT
ram:0006720e	LAB_ram_0006720e	Label	DEFAULT
ram:00067212	LAB_ram_00067212	Label	DEFAULT
ram:0006721c	LAB_ram_0006721c	Label	DEFAULT
ram:00067228	LAB_ram_00067228	Label	DEFAULT
ram:0006723e	LAB_ram_0006723e	Label	DEFAULT
ram:00067244	LAB_ram_00067244	Label	DEFAULT
ram:0006724c	LAB_ram_0006724c	Label	DEFAULT
ram:00067262	LAB_ram_00067262	Label	DEFAULT
ram:000672ca	LAB_ram_000672ca	Label	DEFAULT
ram:000672f0	LAB_ram_000672f0	Label	DEFAULT
ram:00067304	LAB_ram_00067304	Label	DEFAULT
ram:00067318	LAB_ram_00067318	Label	DEFAULT
ram:00067342	FUN_ram_00067342	Function	DEFAULT
ram:0006735c	LAB_ram_0006735c	Label	DEFAULT
ram:0006735e	LAB_ram_0006735e	Label	DEFAULT
ram:0006736e	FUN_ram_0006736e	Function	DEFAULT
ram:000673dc	LAB_ram_000673dc	Label	DEFAULT
ram:000673e6	LAB_ram_000673e6	Label	DEFAULT
ram:000673e8	LAB_ram_000673e8	Label	DEFAULT
ram:000673f2	LAB_ram_000673f2	Label	DEFAULT
ram:00067402	LAB_ram_00067402	Label	DEFAULT
ram:00067422	LAB_ram_00067422	Label	DEFAULT
ram:00067434	FUN_ram_00067434	Function	DEFAULT
ram:00067456	LAB_ram_00067456	Label	DEFAULT
ram:00067458	LAB_ram_00067458	Label	DEFAULT
ram:0006746a	LAB_ram_0006746a	Label	DEFAULT
ram:000674a8	LAB_ram_000674a8	Label	DEFAULT
ram:000674b6	LAB_ram_000674b6	Label	DEFAULT
ram:000674bc	LAB_ram_000674bc	Label	DEFAULT
ram:000674c6	LAB_ram_000674c6	Label	DEFAULT
ram:000674d6	LAB_ram_000674d6	Label	DEFAULT
ram:000674f2	LAB_ram_000674f2	Label	DEFAULT
ram:000674fa	LAB_ram_000674fa	Label	DEFAULT
ram:00067500	LAB_ram_00067500	Label	DEFAULT
ram:00067550	LAB_ram_00067550	Label	DEFAULT
ram:00067566	LAB_ram_00067566	Label	DEFAULT
ram:00067578	LAB_ram_00067578	Label	DEFAULT
ram:00067588	LAB_ram_00067588	Label	DEFAULT
ram:00067596	FUN_ram_00067596	Function	DEFAULT
ram:000675bc	LAB_ram_000675bc	Label	DEFAULT
ram:000675be	LAB_ram_000675be	Label	DEFAULT
ram:000675ca	LAB_ram_000675ca	Label	DEFAULT
ram:00067602	LAB_ram_00067602	Label	DEFAULT
ram:0006766e	LAB_ram_0006766e	Label	DEFAULT
ram:00067672	LAB_ram_00067672	Label	DEFAULT
ram:00067678	LAB_ram_00067678	Label	DEFAULT
ram:00067694	LAB_ram_00067694	Label	DEFAULT
ram:000676aa	FUN_ram_000676aa	Function	DEFAULT
ram:000676dc	LAB_ram_000676dc	Label	DEFAULT
ram:00067712	LAB_ram_00067712	Label	DEFAULT
ram:00067726	LAB_ram_00067726	Label	DEFAULT
ram:0006772e	LAB_ram_0006772e	Label	DEFAULT
ram:00067764	LAB_ram_00067764	Label	DEFAULT
ram:00067772	LAB_ram_00067772	Label	DEFAULT
ram:0006778c	LAB_ram_0006778c	Label	DEFAULT
ram:000677b8	LAB_ram_000677b8	Label	DEFAULT
ram:000677c6	LAB_ram_000677c6	Label	DEFAULT
ram:000677e4	LAB_ram_000677e4	Label	DEFAULT
ram:000677f4	LAB_ram_000677f4	Label	DEFAULT
ram:000677fa	LAB_ram_000677fa	Label	DEFAULT
ram:00067800	FUN_ram_00067800	Function	DEFAULT
ram:00067826	LAB_ram_00067826	Label	DEFAULT
ram:00067834	LAB_ram_00067834	Label	DEFAULT
ram:00067836	LAB_ram_00067836	Label	DEFAULT
ram:00067842	LAB_ram_00067842	Label	DEFAULT
ram:0006784a	LAB_ram_0006784a	Label	DEFAULT
ram:00067866	LAB_ram_00067866	Label	DEFAULT
ram:00067882	LAB_ram_00067882	Label	DEFAULT
ram:00067896	LAB_ram_00067896	Label	DEFAULT
ram:000678a0	LAB_ram_000678a0	Label	DEFAULT
ram:000678a4	LAB_ram_000678a4	Label	DEFAULT
ram:000678aa	LAB_ram_000678aa	Label	DEFAULT
ram:000678ae	FUN_ram_000678ae	Function	DEFAULT
ram:0006790e	LAB_ram_0006790e	Label	DEFAULT
ram:00067910	LAB_ram_00067910	Label	DEFAULT
ram:0006792e	LAB_ram_0006792e	Label	DEFAULT
ram:0006795c	LAB_ram_0006795c	Label	DEFAULT
ram:00067960	LAB_ram_00067960	Label	DEFAULT
ram:00067974	LAB_ram_00067974	Label	DEFAULT
ram:00067986	LAB_ram_00067986	Label	DEFAULT
ram:000679c0	LAB_ram_000679c0	Label	DEFAULT
ram:000679da	LAB_ram_000679da	Label	DEFAULT
ram:000679ee	LAB_ram_000679ee	Label	DEFAULT
ram:000679fc	LAB_ram_000679fc	Label	DEFAULT
ram:00067a4a	LAB_ram_00067a4a	Label	DEFAULT
ram:00067a58	LAB_ram_00067a58	Label	DEFAULT
ram:00067a72	LAB_ram_00067a72	Label	DEFAULT
ram:00067a90	LAB_ram_00067a90	Label	DEFAULT
ram:00067aba	LAB_ram_00067aba	Label	DEFAULT
ram:00067ac8	LAB_ram_00067ac8	Label	DEFAULT
ram:00067ae0	LAB_ram_00067ae0	Label	DEFAULT
ram:00067ae6	LAB_ram_00067ae6	Label	DEFAULT
ram:00067b2a	LAB_ram_00067b2a	Label	DEFAULT
ram:00067b38	LAB_ram_00067b38	Label	DEFAULT
ram:00067b56	LAB_ram_00067b56	Label	DEFAULT
ram:00067b78	LAB_ram_00067b78	Label	DEFAULT
ram:00067ba8	LAB_ram_00067ba8	Label	DEFAULT
ram:00067bb6	LAB_ram_00067bb6	Label	DEFAULT
ram:00067bce	LAB_ram_00067bce	Label	DEFAULT
ram:00067bd8	LAB_ram_00067bd8	Label	DEFAULT
ram:00067bf0	LAB_ram_00067bf0	Label	DEFAULT
ram:00067c06	LAB_ram_00067c06	Label	DEFAULT
ram:00067c14	LAB_ram_00067c14	Label	DEFAULT
ram:00067c6c	LAB_ram_00067c6c	Label	DEFAULT
ram:00067c7a	LAB_ram_00067c7a	Label	DEFAULT
ram:00067c96	LAB_ram_00067c96	Label	DEFAULT
ram:00067cb6	LAB_ram_00067cb6	Label	DEFAULT
ram:00067ce4	LAB_ram_00067ce4	Label	DEFAULT
ram:00067cf2	LAB_ram_00067cf2	Label	DEFAULT
ram:00067d0a	LAB_ram_00067d0a	Label	DEFAULT
ram:00067d0e	LAB_ram_00067d0e	Label	DEFAULT
ram:00067d2a	LAB_ram_00067d2a	Label	DEFAULT
ram:00067d2e	LAB_ram_00067d2e	Label	DEFAULT
ram:00067d36	LAB_ram_00067d36	Label	DEFAULT
ram:00067d42	LAB_ram_00067d42	Label	DEFAULT
ram:00067d48	LAB_ram_00067d48	Label	DEFAULT
ram:00067d62	LAB_ram_00067d62	Label	DEFAULT
ram:00067d78	FUN_ram_00067d78	Function	DEFAULT
ram:00067d9c	LAB_ram_00067d9c	Label	DEFAULT
ram:00067d9e	LAB_ram_00067d9e	Label	DEFAULT
ram:00067dac	LAB_ram_00067dac	Label	DEFAULT
ram:00067dd0	LAB_ram_00067dd0	Label	DEFAULT
ram:00067de8	LAB_ram_00067de8	Label	DEFAULT
ram:00067dee	LAB_ram_00067dee	Label	DEFAULT
ram:00067e06	LAB_ram_00067e06	Label	DEFAULT
ram:00067e2c	LAB_ram_00067e2c	Label	DEFAULT
ram:00067e60	LAB_ram_00067e60	Label	DEFAULT
ram:00067e9a	FUN_ram_00067e9a	Function	DEFAULT
ram:00067ec4	LAB_ram_00067ec4	Label	DEFAULT
ram:00067ec6	FUN_ram_00067ec6	Function	DEFAULT
ram:00067f10	LAB_ram_00067f10	Label	DEFAULT
ram:00067f26	LAB_ram_00067f26	Label	DEFAULT
ram:00067f2c	LAB_ram_00067f2c	Label	DEFAULT
ram:00067f3e	LAB_ram_00067f3e	Label	DEFAULT
ram:00067f4a	FUN_ram_00067f4a	Function	DEFAULT
ram:00067f66	LAB_ram_00067f66	Label	DEFAULT
ram:00067f6a	LAB_ram_00067f6a	Label	DEFAULT
ram:00067f6c	LAB_ram_00067f6c	Label	DEFAULT
ram:00067f74	LAB_ram_00067f74	Label	DEFAULT
ram:00067f7e	LAB_ram_00067f7e	Label	DEFAULT
ram:00067f8a	LAB_ram_00067f8a	Label	DEFAULT
ram:00067fb8	FUN_ram_00067fb8	Function	DEFAULT
ram:00067fcc	LAB_ram_00067fcc	Label	DEFAULT
ram:00067fce	FUN_ram_00067fce	Function	DEFAULT
ram:0006803e	LAB_ram_0006803e	Label	DEFAULT
ram:0006804c	LAB_ram_0006804c	Label	DEFAULT
ram:00068052	LAB_ram_00068052	Label	DEFAULT
ram:00068058	FUN_ram_00068058	Function	DEFAULT
ram:0006807a	LAB_ram_0006807a	Label	DEFAULT
ram:0006807e	LAB_ram_0006807e	Label	DEFAULT
ram:00068086	LAB_ram_00068086	Label	DEFAULT
ram:0006808c	FUN_ram_0006808c	Function	DEFAULT
ram:000680ec	LAB_ram_000680ec	Label	DEFAULT
ram:000680f4	FUN_ram_000680f4	Function	DEFAULT
ram:00068144	LAB_ram_00068144	Label	DEFAULT
ram:0006814e	FUN_ram_0006814e	Function	DEFAULT
ram:0006819c	LAB_ram_0006819c	Label	DEFAULT
ram:000681a2	LAB_ram_000681a2	Label	DEFAULT
ram:000681ac	LAB_ram_000681ac	Label	DEFAULT
ram:000681b0	FUN_ram_000681b0	Function	DEFAULT
ram:000681da	LAB_ram_000681da	Label	DEFAULT
ram:000681dc	LAB_ram_000681dc	Label	DEFAULT
ram:000681ea	LAB_ram_000681ea	Label	DEFAULT
ram:000681fc	LAB_ram_000681fc	Label	DEFAULT
ram:0006821a	LAB_ram_0006821a	Label	DEFAULT
ram:00068238	LAB_ram_00068238	Label	DEFAULT
ram:00068240	LAB_ram_00068240	Label	DEFAULT
ram:0006825a	LAB_ram_0006825a	Label	DEFAULT
ram:0006825e	thunk_FUN_ram_000520ae	Function	DEFAULT
ram:00068262	thunk_FUN_ram_000520f6	Function	DEFAULT
ram:00068266	thunk_FUN_ram_00052146	Function	DEFAULT
ram:0006826a	thunk_FUN_ram_000521a0	Function	DEFAULT
ram:0006826e	thunk_FUN_ram_00052202	Function	DEFAULT
ram:00068272	thunk_FUN_ram_000522d2	Function	DEFAULT
ram:00068276	thunk_FUN_ram_0005224a	Function	DEFAULT
ram:0006827a	thunk_FUN_ram_00052288	Function	DEFAULT
ram:0006827e	FUN_ram_0006827e	Function	DEFAULT
ram:00068280	thunk_FUN_ram_00052316	Function	DEFAULT
ram:00068284	FUN_ram_00068284	Function	DEFAULT
ram:0006828e	thunk_FUN_ram_000517d4	Function	DEFAULT
ram:00068292	thunk_FUN_ram_0005186c	Function	DEFAULT
ram:00068296	thunk_FUN_ram_000518cc	Function	DEFAULT
ram:0006829a	thunk_FUN_ram_00051932	Function	DEFAULT
ram:0006829e	thunk_FUN_ram_00051996	Function	DEFAULT
ram:000682a2	thunk_FUN_ram_000519f6	Function	DEFAULT
ram:000682a6	thunk_FUN_ram_00051a38	Function	DEFAULT
ram:000682aa	FUN_ram_000682aa	Function	DEFAULT
ram:000682c0	thunk_FUN_ram_00051bc0	Function	DEFAULT
ram:000682c4	thunk_FUN_ram_00051c7a	Function	DEFAULT
ram:000682c8	FUN_ram_000682c8	Function	DEFAULT
ram:000682e6	thunk_FUN_ram_00051dce	Function	DEFAULT
ram:000682ea	thunk_FUN_ram_00051e6a	Function	DEFAULT
ram:000682ee	thunk_FUN_ram_00051f28	Function	DEFAULT
ram:000682f2	thunk_FUN_ram_00051f68	Function	DEFAULT
ram:000682f6	thunk_FUN_ram_00051fa2	Function	DEFAULT
ram:000682fa	thunk_FUN_ram_00051ffa	Function	DEFAULT
ram:000682fe	thunk_FUN_ram_00052066	Function	DEFAULT
ram:00068302	FUN_ram_00068302	Function	DEFAULT
ram:00068304	FUN_ram_00068304	Function	DEFAULT
ram:00068306	FUN_ram_00068306	Function	DEFAULT
ram:00068352	LAB_ram_00068352	Label	DEFAULT
ram:00068358	LAB_ram_00068358	Label	DEFAULT
ram:0006835c	LAB_ram_0006835c	Label	DEFAULT
ram:0006836a	LAB_ram_0006836a	Label	DEFAULT
ram:000683a6	LAB_ram_000683a6	Label	DEFAULT
ram:000683b4	LAB_ram_000683b4	Label	DEFAULT
ram:000683de	LAB_ram_000683de	Label	DEFAULT
ram:000683e6	LAB_ram_000683e6	Label	DEFAULT
ram:000683ec	LAB_ram_000683ec	Label	DEFAULT
ram:00068416	LAB_ram_00068416	Label	DEFAULT
ram:0006841c	LAB_ram_0006841c	Label	DEFAULT
ram:0006842c	LAB_ram_0006842c	Label	DEFAULT
ram:00068432	LAB_ram_00068432	Label	DEFAULT
ram:00068448	LAB_ram_00068448	Label	DEFAULT
ram:0006845e	LAB_ram_0006845e	Label	DEFAULT
ram:00068498	LAB_ram_00068498	Label	DEFAULT
ram:000684a4	LAB_ram_000684a4	Label	DEFAULT
ram:000684aa	LAB_ram_000684aa	Label	DEFAULT
ram:000684b0	LAB_ram_000684b0	Label	DEFAULT
ram:000684f2	LAB_ram_000684f2	Label	DEFAULT
ram:000684fa	LAB_ram_000684fa	Label	DEFAULT
ram:000684fe	LAB_ram_000684fe	Label	DEFAULT
ram:00068502	LAB_ram_00068502	Label	DEFAULT
ram:00068508	LAB_ram_00068508	Label	DEFAULT
ram:0006850e	LAB_ram_0006850e	Label	DEFAULT
ram:00068514	LAB_ram_00068514	Label	DEFAULT
ram:0006851a	LAB_ram_0006851a	Label	DEFAULT
ram:000685a2	LAB_ram_000685a2	Label	DEFAULT
ram:000685a8	LAB_ram_000685a8	Label	DEFAULT
ram:000685e8	LAB_ram_000685e8	Label	DEFAULT
ram:000685ee	LAB_ram_000685ee	Label	DEFAULT
ram:00068634	LAB_ram_00068634	Label	DEFAULT
ram:0006863a	LAB_ram_0006863a	Label	DEFAULT
ram:00068642	GAPRole_BroadcasterStartDevice	Function	USER_DEFINED
ram:00068656	LAB_ram_00068656	Label	DEFAULT
ram:00068672	LAB_ram_00068672	Label	DEFAULT
ram:00068676	GAPRole_BroadcasterSetCB	Function	USER_DEFINED
ram:00068680	FUN_ram_00068680	Function	DEFAULT
ram:00068698	LAB_ram_00068698	Label	DEFAULT
ram:0006869a	LAB_ram_0006869a	Label	DEFAULT
ram:000686a4	LAB_ram_000686a4	Label	DEFAULT
ram:000686fe	FUN_ram_000686fe	Function	DEFAULT
ram:00068736	LAB_ram_00068736	Label	DEFAULT
ram:0006873c	LAB_ram_0006873c	Label	DEFAULT
ram:0006873e	LAB_ram_0006873e	Label	DEFAULT
ram:00068740	LAB_ram_00068740	Label	DEFAULT
ram:0006874a	LAB_ram_0006874a	Label	DEFAULT
ram:00068786	LAB_ram_00068786	Label	DEFAULT
ram:000687d6	LAB_ram_000687d6	Label	DEFAULT
ram:000687e6	LAB_ram_000687e6	Label	DEFAULT
ram:000687fa	LAB_ram_000687fa	Label	DEFAULT
ram:00068806	LAB_ram_00068806	Label	DEFAULT
ram:0006880c	LAB_ram_0006880c	Label	DEFAULT
ram:00068848	LAB_ram_00068848	Label	DEFAULT
ram:00068860	LAB_ram_00068860	Label	DEFAULT
ram:0006887a	LAB_ram_0006887a	Label	DEFAULT
ram:000688a4	GAPRole_CentralStartDevice	Function	USER_DEFINED
ram:000688bc	LAB_ram_000688bc	Label	DEFAULT
ram:000688c6	LAB_ram_000688c6	Label	DEFAULT
ram:00068902	LAB_ram_00068902	Label	DEFAULT
ram:0006890a	GAPRole_CentralEstablishLink	Function	USER_DEFINED
ram:00068940	GAPRole_CentralStartDiscovery	Function	USER_DEFINED
ram:00068968	GAPRole_CentralCancelDiscovery	Function	USER_DEFINED
ram:00068974	FUN_ram_00068974	Function	DEFAULT
ram:000689a0	LAB_ram_000689a0	Label	DEFAULT
ram:000689a2	FUN_ram_000689a2	Function	DEFAULT
ram:000689b6	LAB_ram_000689b6	Label	DEFAULT
ram:000689b8	LAB_ram_000689b8	Label	DEFAULT
ram:000689c4	LAB_ram_000689c4	Label	DEFAULT
ram:00068a38	FUN_ram_00068a38	Function	DEFAULT
ram:00068a3c	LAB_ram_00068a3c	Label	DEFAULT
ram:00068a5c	FUN_ram_00068a5c	Function	DEFAULT
ram:00068a7c	LAB_ram_00068a7c	Label	DEFAULT
ram:00068a82	LAB_ram_00068a82	Label	DEFAULT
ram:00068a86	FUN_ram_00068a86	Function	DEFAULT
ram:00068a9e	LAB_ram_00068a9e	Label	DEFAULT
ram:00068ab6	LAB_ram_00068ab6	Label	DEFAULT
ram:00068ad6	LAB_ram_00068ad6	Label	DEFAULT
ram:00068ade	FUN_ram_00068ade	Function	DEFAULT
ram:00068af8	LAB_ram_00068af8	Label	DEFAULT
ram:00068b10	FUN_ram_00068b10	Function	DEFAULT
ram:00068b48	LAB_ram_00068b48	Label	DEFAULT
ram:00068b66	LAB_ram_00068b66	Label	DEFAULT
ram:00068b68	LAB_ram_00068b68	Label	DEFAULT
ram:00068b76	LAB_ram_00068b76	Label	DEFAULT
ram:00068c56	FUN_ram_00068c56	Function	DEFAULT
ram:00068c66	LAB_ram_00068c66	Label	DEFAULT
ram:00068c70	LAB_ram_00068c70	Label	DEFAULT
ram:00068c7a	LAB_ram_00068c7a	Label	DEFAULT
ram:00068c88	FUN_ram_00068c88	Function	DEFAULT
ram:00068ca4	LAB_ram_00068ca4	Label	DEFAULT
ram:00068cbc	LAB_ram_00068cbc	Label	DEFAULT
ram:00068ce4	LAB_ram_00068ce4	Label	DEFAULT
ram:00068cec	FUN_ram_00068cec	Function	DEFAULT
ram:00068d0e	LAB_ram_00068d0e	Label	DEFAULT
ram:00068d2a	LAB_ram_00068d2a	Label	DEFAULT
ram:00068d8c	LAB_ram_00068d8c	Label	DEFAULT
ram:00068d94	FUN_ram_00068d94	Function	DEFAULT
ram:00068da6	LAB_ram_00068da6	Label	DEFAULT
ram:00068dbc	FUN_ram_00068dbc	Function	DEFAULT
ram:00068dd8	LAB_ram_00068dd8	Label	DEFAULT
ram:00068dfc	LAB_ram_00068dfc	Label	DEFAULT
ram:00068e0e	LAB_ram_00068e0e	Label	DEFAULT
ram:00068e1c	LAB_ram_00068e1c	Label	DEFAULT
ram:00068e30	LAB_ram_00068e30	Label	DEFAULT
ram:00068e86	LAB_ram_00068e86	Label	DEFAULT
ram:00068e8e	LAB_ram_00068e8e	Label	DEFAULT
ram:00068e98	FUN_ram_00068e98	Function	DEFAULT
ram:00068ea8	FUN_ram_00068ea8	Function	DEFAULT
ram:00068eca	LAB_ram_00068eca	Label	DEFAULT
ram:00068f0a	LAB_ram_00068f0a	Label	DEFAULT
ram:00068f16	LAB_ram_00068f16	Label	DEFAULT
ram:00068f1c	FUN_ram_00068f1c	Function	DEFAULT
ram:00068fd4	LAB_ram_00068fd4	Label	DEFAULT
ram:00068fe8	LAB_ram_00068fe8	Label	DEFAULT
ram:00069006	LAB_ram_00069006	Label	DEFAULT
ram:0006908a	FUN_ram_0006908a	Function	DEFAULT
ram:000690a2	LAB_ram_000690a2	Label	DEFAULT
ram:000690ac	LAB_ram_000690ac	Label	DEFAULT
ram:000690bc	LAB_ram_000690bc	Label	DEFAULT
ram:000690dc	FUN_ram_000690dc	Function	DEFAULT
ram:00069102	LAB_ram_00069102	Label	DEFAULT
ram:00069106	LAB_ram_00069106	Label	DEFAULT
ram:00069130	LAB_ram_00069130	Label	DEFAULT
ram:00069150	LAB_ram_00069150	Label	DEFAULT
ram:0006915a	LAB_ram_0006915a	Label	DEFAULT
ram:0006915e	LAB_ram_0006915e	Label	DEFAULT
ram:000691d4	LAB_ram_000691d4	Label	DEFAULT
ram:000691e2	LAB_ram_000691e2	Label	DEFAULT
ram:000691f6	LAB_ram_000691f6	Label	DEFAULT
ram:00069216	LAB_ram_00069216	Label	DEFAULT
ram:00069236	LAB_ram_00069236	Label	DEFAULT
ram:00069256	LAB_ram_00069256	Label	DEFAULT
ram:00069292	LAB_ram_00069292	Label	DEFAULT
ram:000692a0	LAB_ram_000692a0	Label	DEFAULT
ram:000692ae	LAB_ram_000692ae	Label	DEFAULT
ram:000692b4	FUN_ram_000692b4	Function	DEFAULT
ram:000692f6	LAB_ram_000692f6	Label	DEFAULT
ram:00069302	FUN_ram_00069302	Function	DEFAULT
ram:0006932a	LAB_ram_0006932a	Label	DEFAULT
ram:0006933e	LAB_ram_0006933e	Label	DEFAULT
ram:00069348	LAB_ram_00069348	Label	DEFAULT
ram:00069350	FUN_ram_00069350	Function	DEFAULT
ram:00069374	LAB_ram_00069374	Label	DEFAULT
ram:00069376	LAB_ram_00069376	Label	DEFAULT
ram:00069382	LAB_ram_00069382	Label	DEFAULT
ram:000693a6	LAB_ram_000693a6	Label	DEFAULT
ram:000693cc	FUN_ram_000693cc	Function	DEFAULT
ram:000693f4	LAB_ram_000693f4	Label	DEFAULT
ram:000693f6	LAB_ram_000693f6	Label	DEFAULT
ram:00069402	LAB_ram_00069402	Label	DEFAULT
ram:00069428	LAB_ram_00069428	Label	DEFAULT
ram:0006942c	LAB_ram_0006942c	Label	DEFAULT
ram:00069454	LAB_ram_00069454	Label	DEFAULT
ram:0006947c	LAB_ram_0006947c	Label	DEFAULT
ram:00069482	LAB_ram_00069482	Label	DEFAULT
ram:00069496	LAB_ram_00069496	Label	DEFAULT
ram:000694a6	LAB_ram_000694a6	Label	DEFAULT
ram:000694aa	LAB_ram_000694aa	Label	DEFAULT
ram:000694be	FUN_ram_000694be	Function	DEFAULT
ram:0006951e	LAB_ram_0006951e	Label	DEFAULT
ram:00069536	LAB_ram_00069536	Label	DEFAULT
ram:0006964e	LAB_ram_0006964e	Label	DEFAULT
ram:00069692	LAB_ram_00069692	Label	DEFAULT
ram:0006969c	FUN_ram_0006969c	Function	DEFAULT
ram:000696b4	LAB_ram_000696b4	Label	DEFAULT
ram:000696e0	LAB_ram_000696e0	Label	DEFAULT
ram:00069728	GAPBondMgr_GetParameter	Function	USER_DEFINED
ram:0006974e	switchD	Label	ANALYSIS
ram:00069750	caseD_0	Label	ANALYSIS
ram:00069758	LAB_ram_00069758	Label	DEFAULT
ram:0006975e	caseD_1	Label	ANALYSIS
ram:00069766	LAB_ram_00069766	Label	DEFAULT
ram:0006976a	caseD_2	Label	ANALYSIS
ram:00069774	caseD_3	Label	ANALYSIS
ram:0006977e	caseD_4	Label	ANALYSIS
ram:00069788	LAB_ram_00069788	Label	DEFAULT
ram:00069792	LAB_ram_00069792	Label	DEFAULT
ram:00069794	LAB_ram_00069794	Label	DEFAULT
ram:0006979e	caseD_5	Label	ANALYSIS
ram:000697a6	LAB_ram_000697a6	Label	DEFAULT
ram:000697aa	caseD_6	Label	ANALYSIS
ram:000697b4	caseD_7	Label	ANALYSIS
ram:000697bc	LAB_ram_000697bc	Label	DEFAULT
ram:000697c0	caseD_8	Label	ANALYSIS
ram:000697ca	caseD_9	Label	ANALYSIS
ram:000697d4	caseD_a	Label	ANALYSIS
ram:000697de	caseD_b	Label	ANALYSIS
ram:000697e8	caseD_c	Label	ANALYSIS
ram:000697f4	caseD_d	Label	ANALYSIS
ram:000697fe	caseD_e	Label	ANALYSIS
ram:00069808	caseD_f	Label	ANALYSIS
ram:00069812	caseD_11	Label	ANALYSIS
ram:0006981c	caseD_12	Label	ANALYSIS
ram:00069826	caseD_13	Label	ANALYSIS
ram:00069830	caseD_14	Label	ANALYSIS
ram:0006983a	caseD_1f	Label	ANALYSIS
ram:00069844	caseD_15	Label	ANALYSIS
ram:0006984e	caseD_1e	Label	ANALYSIS
ram:00069858	caseD_21	Label	ANALYSIS
ram:00069860	LAB_ram_00069860	Label	DEFAULT
ram:00069864	caseD_22	Label	ANALYSIS
ram:0006986e	caseD_10	Label	ANALYSIS
ram:0006986e	caseD_16	Label	ANALYSIS
ram:0006986e	caseD_17	Label	ANALYSIS
ram:0006986e	caseD_18	Label	ANALYSIS
ram:0006986e	caseD_19	Label	ANALYSIS
ram:0006986e	caseD_1a	Label	ANALYSIS
ram:0006986e	caseD_1b	Label	ANALYSIS
ram:0006986e	caseD_1c	Label	ANALYSIS
ram:0006986e	caseD_1d	Label	ANALYSIS
ram:0006986e	caseD_20	Label	ANALYSIS
ram:00069882	FUN_ram_00069882	Function	DEFAULT
ram:000698ba	LAB_ram_000698ba	Label	DEFAULT
ram:000698e8	LAB_ram_000698e8	Label	DEFAULT
ram:000698f0	LAB_ram_000698f0	Label	DEFAULT
ram:00069906	LAB_ram_00069906	Label	DEFAULT
ram:0006990a	LAB_ram_0006990a	Label	DEFAULT
ram:00069922	LAB_ram_00069922	Label	DEFAULT
ram:00069930	LAB_ram_00069930	Label	DEFAULT
ram:00069942	FUN_ram_00069942	Function	DEFAULT
ram:00069970	LAB_ram_00069970	Label	DEFAULT
ram:00069982	LAB_ram_00069982	Label	DEFAULT
ram:000699a6	LAB_ram_000699a6	Label	DEFAULT
ram:000699c6	LAB_ram_000699c6	Label	DEFAULT
ram:000699ce	LAB_ram_000699ce	Label	DEFAULT
ram:000699d2	LAB_ram_000699d2	Label	DEFAULT
ram:000699da	LAB_ram_000699da	Label	DEFAULT
ram:000699e0	LAB_ram_000699e0	Label	DEFAULT
ram:00069a1a	LAB_ram_00069a1a	Label	DEFAULT
ram:00069a30	LAB_ram_00069a30	Label	DEFAULT
ram:00069a36	FUN_ram_00069a36	Function	DEFAULT
ram:00069a90	LAB_ram_00069a90	Label	DEFAULT
ram:00069a9c	LAB_ram_00069a9c	Label	DEFAULT
ram:00069aac	LAB_ram_00069aac	Label	DEFAULT
ram:00069ac0	FUN_ram_00069ac0	Function	DEFAULT
ram:00069b04	LAB_ram_00069b04	Label	DEFAULT
ram:00069b10	LAB_ram_00069b10	Label	DEFAULT
ram:00069b1c	LAB_ram_00069b1c	Label	DEFAULT
ram:00069b22	LAB_ram_00069b22	Label	DEFAULT
ram:00069b3a	LAB_ram_00069b3a	Label	DEFAULT
ram:00069b4a	LAB_ram_00069b4a	Label	DEFAULT
ram:00069b54	FUN_ram_00069b54	Function	DEFAULT
ram:00069b9e	LAB_ram_00069b9e	Label	DEFAULT
ram:00069bac	LAB_ram_00069bac	Label	DEFAULT
ram:00069bb2	LAB_ram_00069bb2	Label	DEFAULT
ram:00069bba	LAB_ram_00069bba	Label	DEFAULT
ram:00069bcc	LAB_ram_00069bcc	Label	DEFAULT
ram:00069bd6	FUN_ram_00069bd6	Function	DEFAULT
ram:00069c04	FUN_ram_00069c04	Function	DEFAULT
ram:00069c32	GAPBondMgr_PasscodeRsp	Function	USER_DEFINED
ram:00069c5c	LAB_ram_00069c5c	Label	DEFAULT
ram:00069c68	LAB_ram_00069c68	Label	DEFAULT
ram:00069c70	GAPBondMgr_OobRsp	Function	USER_DEFINED
ram:00069c82	LAB_ram_00069c82	Label	DEFAULT
ram:00069c8a	LAB_ram_00069c8a	Label	DEFAULT
ram:00069c90	GAPBondMgr_PeriSecurityReq	Function	USER_DEFINED
ram:00069cb0	FUN_ram_00069cb0	Function	DEFAULT
ram:00069cfa	LAB_ram_00069cfa	Label	DEFAULT
ram:00069d5c	LAB_ram_00069d5c	Label	DEFAULT
ram:00069d7a	LAB_ram_00069d7a	Label	DEFAULT
ram:00069d8a	LAB_ram_00069d8a	Label	DEFAULT
ram:00069d90	LAB_ram_00069d90	Label	DEFAULT
ram:00069da6	LAB_ram_00069da6	Label	DEFAULT
ram:00069dc2	LAB_ram_00069dc2	Label	DEFAULT
ram:00069dd4	LAB_ram_00069dd4	Label	DEFAULT
ram:00069dfc	LAB_ram_00069dfc	Label	DEFAULT
ram:00069e0e	GAPBondMgr_EccInit	Function	USER_DEFINED
ram:00069e18	FUN_ram_00069e18	Function	DEFAULT
ram:00069e34	FUN_ram_00069e34	Function	DEFAULT
ram:00069e62	LAB_ram_00069e62	Label	DEFAULT
ram:00069e6a	LAB_ram_00069e6a	Label	DEFAULT
ram:00069e80	LAB_ram_00069e80	Label	DEFAULT
ram:00069f04	LAB_ram_00069f04	Label	DEFAULT
ram:00069f0c	GAPBondMgr_SetParameter	Function	USER_DEFINED
ram:00069f40	switchD	Label	ANALYSIS
ram:00069f42	caseD_0	Label	ANALYSIS
ram:00069f48	LAB_ram_00069f48	Label	DEFAULT
ram:00069f4c	LAB_ram_00069f4c	Label	DEFAULT
ram:00069f5e	LAB_ram_00069f5e	Label	DEFAULT
ram:00069f60	LAB_ram_00069f60	Label	DEFAULT
ram:00069f76	caseD_1	Label	ANALYSIS
ram:00069f8c	LAB_ram_00069f8c	Label	DEFAULT
ram:00069f96	LAB_ram_00069f96	Label	DEFAULT
ram:00069f9c	caseD_2	Label	ANALYSIS
ram:00069fb6	caseD_3	Label	ANALYSIS
ram:00069fce	caseD_4	Label	ANALYSIS
ram:00069fe0	LAB_ram_00069fe0	Label	DEFAULT
ram:00069fea	caseD_5	Label	ANALYSIS
ram:0006a000	LAB_ram_0006a000	Label	DEFAULT
ram:0006a00c	caseD_6	Label	ANALYSIS
ram:0006a020	caseD_7	Label	ANALYSIS
ram:0006a03e	caseD_8	Label	ANALYSIS
ram:0006a058	caseD_9	Label	ANALYSIS
ram:0006a070	LAB_ram_0006a070	Label	DEFAULT
ram:0006a074	caseD_a	Label	ANALYSIS
ram:0006a08e	caseD_b	Label	ANALYSIS
ram:0006a0a6	caseD_c	Label	ANALYSIS
ram:0006a0ba	caseD_d	Label	ANALYSIS
ram:0006a0d2	LAB_ram_0006a0d2	Label	DEFAULT
ram:0006a0d6	caseD_e	Label	ANALYSIS
ram:0006a0ea	caseD_f	Label	ANALYSIS
ram:0006a108	caseD_10	Label	ANALYSIS
ram:0006a116	LAB_ram_0006a116	Label	DEFAULT
ram:0006a120	LAB_ram_0006a120	Label	DEFAULT
ram:0006a12c	caseD_17	Label	ANALYSIS
ram:0006a16e	LAB_ram_0006a16e	Label	DEFAULT
ram:0006a184	caseD_1a	Label	ANALYSIS
ram:0006a184	caseD_1b	Label	ANALYSIS
ram:0006a1dc	LAB_ram_0006a1dc	Label	DEFAULT
ram:0006a1f6	LAB_ram_0006a1f6	Label	DEFAULT
ram:0006a1fc	LAB_ram_0006a1fc	Label	DEFAULT
ram:0006a200	LAB_ram_0006a200	Label	DEFAULT
ram:0006a234	LAB_ram_0006a234	Label	DEFAULT
ram:0006a236	LAB_ram_0006a236	Label	DEFAULT
ram:0006a23c	LAB_ram_0006a23c	Label	DEFAULT
ram:0006a258	LAB_ram_0006a258	Label	DEFAULT
ram:0006a25c	caseD_1c	Label	ANALYSIS
ram:0006a264	LAB_ram_0006a264	Label	DEFAULT
ram:0006a26a	caseD_1d	Label	ANALYSIS
ram:0006a286	LAB_ram_0006a286	Label	DEFAULT
ram:0006a2c4	LAB_ram_0006a2c4	Label	DEFAULT
ram:0006a2cc	caseD_11	Label	ANALYSIS
ram:0006a2e4	caseD_12	Label	ANALYSIS
ram:0006a2fe	caseD_13	Label	ANALYSIS
ram:0006a320	caseD_14	Label	ANALYSIS
ram:0006a34a	caseD_1f	Label	ANALYSIS
ram:0006a372	LAB_ram_0006a372	Label	DEFAULT
ram:0006a37c	caseD_16	Label	ANALYSIS
ram:0006a396	caseD_18	Label	ANALYSIS
ram:0006a3aa	caseD_19	Label	ANALYSIS
ram:0006a3b2	caseD_1e	Label	ANALYSIS
ram:0006a3c6	caseD_20	Label	ANALYSIS
ram:0006a400	LAB_ram_0006a400	Label	DEFAULT
ram:0006a43a	LAB_ram_0006a43a	Label	DEFAULT
ram:0006a440	caseD_21	Label	ANALYSIS
ram:0006a478	LAB_ram_0006a478	Label	DEFAULT
ram:0006a482	LAB_ram_0006a482	Label	DEFAULT
ram:0006a490	LAB_ram_0006a490	Label	DEFAULT
ram:0006a496	caseD_22	Label	ANALYSIS
ram:0006a4d0	caseD_15	Label	ANALYSIS
ram:0006a4ec	FUN_ram_0006a4ec	Function	DEFAULT
ram:0006a516	switchD	Label	ANALYSIS
ram:0006a518	caseD_5	Label	ANALYSIS
ram:0006a536	caseD_1	Label	ANALYSIS
ram:0006a536	caseD_2	Label	ANALYSIS
ram:0006a536	caseD_7	Label	ANALYSIS
ram:0006a536	caseD_a	Label	ANALYSIS
ram:0006a536	caseD_b	Label	ANALYSIS
ram:0006a536	caseD_c	Label	ANALYSIS
ram:0006a536	caseD_d	Label	ANALYSIS
ram:0006a536	caseD_e	Label	ANALYSIS
ram:0006a536	caseD_f	Label	ANALYSIS
ram:0006a536	caseD_10	Label	ANALYSIS
ram:0006a536	caseD_11	Label	ANALYSIS
ram:0006a536	caseD_12	Label	ANALYSIS
ram:0006a536	caseD_13	Label	ANALYSIS
ram:0006a53a	LAB_ram_0006a53a	Label	DEFAULT
ram:0006a558	LAB_ram_0006a558	Label	DEFAULT
ram:0006a55c	LAB_ram_0006a55c	Label	DEFAULT
ram:0006a564	LAB_ram_0006a564	Label	DEFAULT
ram:0006a56e	LAB_ram_0006a56e	Label	DEFAULT
ram:0006a574	LAB_ram_0006a574	Label	DEFAULT
ram:0006a584	LAB_ram_0006a584	Label	DEFAULT
ram:0006a58e	caseD_14	Label	ANALYSIS
ram:0006a5be	LAB_ram_0006a5be	Label	DEFAULT
ram:0006a5ca	LAB_ram_0006a5ca	Label	DEFAULT
ram:0006a5d4	caseD_4	Label	ANALYSIS
ram:0006a604	LAB_ram_0006a604	Label	DEFAULT
ram:0006a642	LAB_ram_0006a642	Label	DEFAULT
ram:0006a652	LAB_ram_0006a652	Label	DEFAULT
ram:0006a66a	LAB_ram_0006a66a	Label	DEFAULT
ram:0006a68a	LAB_ram_0006a68a	Label	DEFAULT
ram:0006a698	LAB_ram_0006a698	Label	DEFAULT
ram:0006a6ac	LAB_ram_0006a6ac	Label	DEFAULT
ram:0006a6b6	LAB_ram_0006a6b6	Label	DEFAULT
ram:0006a6b8	LAB_ram_0006a6b8	Label	DEFAULT
ram:0006a6ce	LAB_ram_0006a6ce	Label	DEFAULT
ram:0006a6d8	caseD_8	Label	ANALYSIS
ram:0006a716	LAB_ram_0006a716	Label	DEFAULT
ram:0006a71e	LAB_ram_0006a71e	Label	DEFAULT
ram:0006a72a	LAB_ram_0006a72a	Label	DEFAULT
ram:0006a73a	caseD_3	Label	ANALYSIS
ram:0006a77a	caseD_9	Label	ANALYSIS
ram:0006a792	LAB_ram_0006a792	Label	DEFAULT
ram:0006a7a0	LAB_ram_0006a7a0	Label	DEFAULT
ram:0006a7e4	LAB_ram_0006a7e4	Label	DEFAULT
ram:0006a7fa	caseD_6	Label	ANALYSIS
ram:0006a804	caseD_0	Label	ANALYSIS
ram:0006a822	FUN_ram_0006a822	Function	DEFAULT
ram:0006a87c	LAB_ram_0006a87c	Label	DEFAULT
ram:0006a88a	LAB_ram_0006a88a	Label	DEFAULT
ram:0006a890	LAB_ram_0006a890	Label	DEFAULT
ram:0006a896	LAB_ram_0006a896	Label	DEFAULT
ram:0006a89a	LAB_ram_0006a89a	Label	DEFAULT
ram:0006a8ac	LAB_ram_0006a8ac	Label	DEFAULT
ram:0006a8e6	LAB_ram_0006a8e6	Label	DEFAULT
ram:0006a906	LAB_ram_0006a906	Label	DEFAULT
ram:0006a90a	LAB_ram_0006a90a	Label	DEFAULT
ram:0006a910	LAB_ram_0006a910	Label	DEFAULT
ram:0006a954	LAB_ram_0006a954	Label	DEFAULT
ram:0006a95c	LAB_ram_0006a95c	Label	DEFAULT
ram:0006a994	LAB_ram_0006a994	Label	DEFAULT
ram:0006a9d0	LAB_ram_0006a9d0	Label	DEFAULT
ram:0006a9f6	LAB_ram_0006a9f6	Label	DEFAULT
ram:0006aa06	LAB_ram_0006aa06	Label	DEFAULT
ram:0006aa58	LAB_ram_0006aa58	Label	DEFAULT
ram:0006aa6a	LAB_ram_0006aa6a	Label	DEFAULT
ram:0006aa70	LAB_ram_0006aa70	Label	DEFAULT
ram:0006aa7e	LAB_ram_0006aa7e	Label	DEFAULT
ram:0006aa82	GAPRole_ObserverStartDevice	Function	USER_DEFINED
ram:0006aa8c	LAB_ram_0006aa8c	Label	DEFAULT
ram:0006aaa8	GAPRole_ObserverStartDiscovery	Function	USER_DEFINED
ram:0006aad0	GAPRole_ObserverCancelDiscovery	Function	USER_DEFINED
ram:0006aadc	FUN_ram_0006aadc	Function	DEFAULT
ram:0006aaf4	LAB_ram_0006aaf4	Label	DEFAULT
ram:0006aaf6	LAB_ram_0006aaf6	Label	DEFAULT
ram:0006ab00	LAB_ram_0006ab00	Label	DEFAULT
ram:0006ab2e	FUN_ram_0006ab2e	Function	DEFAULT
ram:0006ab56	switchD	Label	ANALYSIS
ram:0006ab58	caseD_0	Label	ANALYSIS
ram:0006ab82	LAB_ram_0006ab82	Label	DEFAULT
ram:0006aba6	LAB_ram_0006aba6	Label	DEFAULT
ram:0006abd0	LAB_ram_0006abd0	Label	DEFAULT
ram:0006abd4	LAB_ram_0006abd4	Label	DEFAULT
ram:0006abf6	LAB_ram_0006abf6	Label	DEFAULT
ram:0006ac10	LAB_ram_0006ac10	Label	DEFAULT
ram:0006ac18	caseD_2	Label	ANALYSIS
ram:0006ac44	LAB_ram_0006ac44	Label	DEFAULT
ram:0006ac48	caseD_1	Label	ANALYSIS
ram:0006ac48	caseD_7	Label	ANALYSIS
ram:0006ac48	caseD_8	Label	ANALYSIS
ram:0006ac48	caseD_9	Label	ANALYSIS
ram:0006ac48	caseD_a	Label	ANALYSIS
ram:0006ac48	caseD_b	Label	ANALYSIS
ram:0006ac48	caseD_c	Label	ANALYSIS
ram:0006ac48	caseD_d	Label	ANALYSIS
ram:0006ac48	caseD_e	Label	ANALYSIS
ram:0006ac48	caseD_f	Label	ANALYSIS
ram:0006ac48	caseD_10	Label	ANALYSIS
ram:0006ac48	caseD_11	Label	ANALYSIS
ram:0006ac48	caseD_12	Label	ANALYSIS
ram:0006ac48	caseD_15	Label	ANALYSIS
ram:0006ac48	caseD_16	Label	ANALYSIS
ram:0006ac48	caseD_17	Label	ANALYSIS
ram:0006ac48	caseD_18	Label	ANALYSIS
ram:0006ac48	caseD_19	Label	ANALYSIS
ram:0006ac48	caseD_1a	Label	ANALYSIS
ram:0006ac56	LAB_ram_0006ac56	Label	DEFAULT
ram:0006ac66	LAB_ram_0006ac66	Label	DEFAULT
ram:0006ac6c	LAB_ram_0006ac6c	Label	DEFAULT
ram:0006ac86	caseD_3	Label	ANALYSIS
ram:0006ac86	caseD_4	Label	ANALYSIS
ram:0006acbe	LAB_ram_0006acbe	Label	DEFAULT
ram:0006acd2	LAB_ram_0006acd2	Label	DEFAULT
ram:0006acd8	LAB_ram_0006acd8	Label	DEFAULT
ram:0006ace6	LAB_ram_0006ace6	Label	DEFAULT
ram:0006ad04	LAB_ram_0006ad04	Label	DEFAULT
ram:0006ad0a	LAB_ram_0006ad0a	Label	DEFAULT
ram:0006ad10	caseD_5	Label	ANALYSIS
ram:0006ad42	LAB_ram_0006ad42	Label	DEFAULT
ram:0006ad48	LAB_ram_0006ad48	Label	DEFAULT
ram:0006ad58	LAB_ram_0006ad58	Label	DEFAULT
ram:0006ad5e	caseD_6	Label	ANALYSIS
ram:0006ad7e	LAB_ram_0006ad7e	Label	DEFAULT
ram:0006ad84	caseD_13	Label	ANALYSIS
ram:0006ad84	caseD_14	Label	ANALYSIS
ram:0006adcc	LAB_ram_0006adcc	Label	DEFAULT
ram:0006add4	LAB_ram_0006add4	Label	DEFAULT
ram:0006add8	LAB_ram_0006add8	Label	DEFAULT
ram:0006addc	LAB_ram_0006addc	Label	DEFAULT
ram:0006ade2	LAB_ram_0006ade2	Label	DEFAULT
ram:0006ade8	caseD_1b	Label	ANALYSIS
ram:0006ade8	caseD_1c	Label	ANALYSIS
ram:0006ae08	LAB_ram_0006ae08	Label	DEFAULT
ram:0006ae16	LAB_ram_0006ae16	Label	DEFAULT
ram:0006ae1c	LAB_ram_0006ae1c	Label	DEFAULT
ram:0006ae22	default	Label	ANALYSIS
ram:0006ae24	FUN_ram_0006ae24	Function	DEFAULT
ram:0006ae3a	LAB_ram_0006ae3a	Label	DEFAULT
ram:0006ae80	LAB_ram_0006ae80	Label	DEFAULT
ram:0006ae84	LAB_ram_0006ae84	Label	DEFAULT
ram:0006ae86	FUN_ram_0006ae86	Function	DEFAULT
ram:0006aeb4	LAB_ram_0006aeb4	Label	DEFAULT
ram:0006aeb8	LAB_ram_0006aeb8	Label	DEFAULT
ram:0006aebe	LAB_ram_0006aebe	Label	DEFAULT
ram:0006aec0	LAB_ram_0006aec0	Label	DEFAULT
ram:0006aec2	LAB_ram_0006aec2	Label	DEFAULT
ram:0006aecc	LAB_ram_0006aecc	Label	DEFAULT
ram:0006aede	LAB_ram_0006aede	Label	DEFAULT
ram:0006aee4	LAB_ram_0006aee4	Label	DEFAULT
ram:0006aeee	LAB_ram_0006aeee	Label	DEFAULT
ram:0006af02	LAB_ram_0006af02	Label	DEFAULT
ram:0006af16	LAB_ram_0006af16	Label	DEFAULT
ram:0006af26	LAB_ram_0006af26	Label	DEFAULT
ram:0006af32	LAB_ram_0006af32	Label	DEFAULT
ram:0006af6a	LAB_ram_0006af6a	Label	DEFAULT
ram:0006af92	LAB_ram_0006af92	Label	DEFAULT
ram:0006afba	LAB_ram_0006afba	Label	DEFAULT
ram:0006b006	LAB_ram_0006b006	Label	DEFAULT
ram:0006b00c	LAB_ram_0006b00c	Label	DEFAULT
ram:0006b03c	LAB_ram_0006b03c	Label	DEFAULT
ram:0006b07e	LAB_ram_0006b07e	Label	DEFAULT
ram:0006b084	LAB_ram_0006b084	Label	DEFAULT
ram:0006b0cc	LAB_ram_0006b0cc	Label	DEFAULT
ram:0006b0d2	GAPRole_PeripheralConnParamUpdateReq	Function	USER_DEFINED
ram:0006b112	LAB_ram_0006b112	Label	DEFAULT
ram:0006b12e	LAB_ram_0006b12e	Label	DEFAULT
ram:0006b138	LAB_ram_0006b138	Label	DEFAULT
ram:0006b13c	GAPRole_PeripheralStartDevice	Function	USER_DEFINED
ram:0006b154	LAB_ram_0006b154	Label	DEFAULT
ram:0006b168	LAB_ram_0006b168	Label	DEFAULT
ram:0006b1a0	LAB_ram_0006b1a0	Label	DEFAULT
ram:0006b1a8	FUN_ram_0006b1a8	Function	DEFAULT
ram:0006b1b8	LAB_ram_0006b1b8	Label	DEFAULT
ram:0006b1ba	LAB_ram_0006b1ba	Label	DEFAULT
ram:0006b1c6	LAB_ram_0006b1c6	Label	DEFAULT
ram:0006b2b8	FUN_ram_0006b2b8	Function	DEFAULT
ram:0006b342	GAPRole_GetParameter	Function	USER_DEFINED
ram:0006b366	switchD	Label	ANALYSIS
ram:0006b368	caseD_0	Label	ANALYSIS
ram:0006b370	LAB_ram_0006b370	Label	DEFAULT
ram:0006b376	caseD_1	Label	ANALYSIS
ram:0006b380	LAB_ram_0006b380	Label	DEFAULT
ram:0006b38c	caseD_2	Label	ANALYSIS
ram:0006b398	caseD_3	Label	ANALYSIS
ram:0006b3a2	LAB_ram_0006b3a2	Label	DEFAULT
ram:0006b3a4	LAB_ram_0006b3a4	Label	DEFAULT
ram:0006b3ae	caseD_4	Label	ANALYSIS
ram:0006b3ba	caseD_5	Label	ANALYSIS
ram:0006b3c4	caseD_6	Label	ANALYSIS
ram:0006b3cc	caseD_7	Label	ANALYSIS
ram:0006b3d4	caseD_8	Label	ANALYSIS
ram:0006b3de	caseD_9	Label	ANALYSIS
ram:0006b3e8	caseD_a	Label	ANALYSIS
ram:0006b3f4	caseD_b	Label	ANALYSIS
ram:0006b3fe	caseD_c	Label	ANALYSIS
ram:0006b408	caseD_d	Label	ANALYSIS
ram:0006b412	caseD_e	Label	ANALYSIS
ram:0006b41c	caseD_11	Label	ANALYSIS
ram:0006b424	LAB_ram_0006b424	Label	DEFAULT
ram:0006b42a	caseD_12	Label	ANALYSIS
ram:0006b434	caseD_13	Label	ANALYSIS
ram:0006b43e	caseD_14	Label	ANALYSIS
ram:0006b448	caseD_15	Label	ANALYSIS
ram:0006b450	caseD_16	Label	ANALYSIS
ram:0006b45e	caseD_17	Label	ANALYSIS
ram:0006b468	caseD_f	Label	ANALYSIS
ram:0006b468	caseD_10	Label	ANALYSIS
ram:0006b47c	GAPRole_SetParameter	Function	USER_DEFINED
ram:0006b4a4	switchD	Label	ANALYSIS
ram:0006b4a6	caseD_0	Label	ANALYSIS
ram:0006b4b8	LAB_ram_0006b4b8	Label	DEFAULT
ram:0006b4c2	caseD_1	Label	ANALYSIS
ram:0006b4d6	caseD_2	Label	ANALYSIS
ram:0006b4e8	LAB_ram_0006b4e8	Label	DEFAULT
ram:0006b4ea	LAB_ram_0006b4ea	Label	DEFAULT
ram:0006b4f2	caseD_4	Label	ANALYSIS
ram:0006b526	LAB_ram_0006b526	Label	DEFAULT
ram:0006b534	LAB_ram_0006b534	Label	DEFAULT
ram:0006b54a	LAB_ram_0006b54a	Label	DEFAULT
ram:0006b54c	LAB_ram_0006b54c	Label	DEFAULT
ram:0006b55a	caseD_5	Label	ANALYSIS
ram:0006b56e	caseD_6	Label	ANALYSIS
ram:0006b582	caseD_7	Label	ANALYSIS
ram:0006b59e	caseD_8	Label	ANALYSIS
ram:0006b5ba	caseD_9	Label	ANALYSIS
ram:0006b5ce	caseD_a	Label	ANALYSIS
ram:0006b5ea	caseD_b	Label	ANALYSIS
ram:0006b606	caseD_d	Label	ANALYSIS
ram:0006b61c	caseD_10	Label	ANALYSIS
ram:0006b644	caseD_11	Label	ANALYSIS
ram:0006b66c	caseD_12	Label	ANALYSIS
ram:0006b680	LAB_ram_0006b680	Label	DEFAULT
ram:0006b688	caseD_13	Label	ANALYSIS
ram:0006b69e	caseD_14	Label	ANALYSIS
ram:0006b6b0	caseD_15	Label	ANALYSIS
ram:0006b6da	LAB_ram_0006b6da	Label	DEFAULT
ram:0006b6f8	caseD_16	Label	ANALYSIS
ram:0006b71c	LAB_ram_0006b71c	Label	DEFAULT
ram:0006b732	LAB_ram_0006b732	Label	DEFAULT
ram:0006b73c	caseD_3	Label	ANALYSIS
ram:0006b73c	caseD_c	Label	ANALYSIS
ram:0006b73c	caseD_e	Label	ANALYSIS
ram:0006b73c	caseD_f	Label	ANALYSIS
ram:0006b756	LAB_ram_0006b756	Label	DEFAULT
ram:0006b75a	LAB_ram_0006b75a	Label	DEFAULT
ram:0006b75e	LAB_ram_0006b75e	Label	DEFAULT
ram:0006b762	default	Label	ANALYSIS
ram:0006b778	LAB_ram_0006b778	Label	DEFAULT
ram:0006b77a	LAB_ram_0006b77a	Label	DEFAULT
ram:0006b77e	GAPRole_ReadRssiCmd	Function	USER_DEFINED
ram:0006b782	GAPRole_CreateSync	Function	USER_DEFINED
ram:0006b7b6	GAPRole_TerminateSync	Function	USER_DEFINED
ram:0006b7ba	GAPRole_CancelSync	Function	USER_DEFINED
ram:0006b7be	GAPRole_UpdateLink	Function	USER_DEFINED
ram:0006b7c6	GAPRole_TerminateLink	Function	USER_DEFINED
ram:0006b7e2	LAB_ram_0006b7e2	Label	DEFAULT
ram:0006b7ea	GAPRole_UpdatePHY	Function	USER_DEFINED
ram:0006b7ee	GAPRole_SetPrivacyMode	Function	USER_DEFINED
ram:0006b7f2	GAPRole_SetHostChanClassification	Function	USER_DEFINED
ram:0006b7f6	GAPRole_SetPathLossReporting	Function	USER_DEFINED
ram:0006b7fa	GAPRole_SetPowerlevel	Function	USER_DEFINED
ram:0006b7fe	GAPRole_ObserverInit	Function	USER_DEFINED
ram:0006b86e	GAPRole_BroadcasterInit	Function	USER_DEFINED
ram:0006b8de	GAPRole_PeripheralInit	Function	USER_DEFINED
ram:0006b94e	GAPRole_CentralInit	Function	USER_DEFINED
ram:0006b9cc	LAB_ram_0006b9cc	Label	DEFAULT
ram:0006b9d4	FUN_ram_0006b9d4	Function	DEFAULT
ram:0006ba46	FUN_ram_0006ba46	Function	DEFAULT
ram:0006ba72	LAB_ram_0006ba72	Label	DEFAULT
ram:0006ba86	LAB_ram_0006ba86	Label	DEFAULT
ram:0006ba8a	FUN_ram_0006ba8a	Function	DEFAULT
ram:0006baa6	LAB_ram_0006baa6	Label	DEFAULT
ram:0006baa8	LAB_ram_0006baa8	Label	DEFAULT
ram:0006bab6	FUN_ram_0006bab6	Function	DEFAULT
ram:0006bad2	LAB_ram_0006bad2	Label	DEFAULT
ram:0006bad4	LAB_ram_0006bad4	Label	DEFAULT
ram:0006bae2	FUN_ram_0006bae2	Function	DEFAULT
ram:0006bb06	LAB_ram_0006bb06	Label	DEFAULT
ram:0006bb32	LAB_ram_0006bb32	Label	DEFAULT
ram:0006bb64	LAB_ram_0006bb64	Label	DEFAULT
ram:0006bb66	LAB_ram_0006bb66	Label	DEFAULT
ram:0006bb96	LAB_ram_0006bb96	Label	DEFAULT
ram:0006bb98	LAB_ram_0006bb98	Label	DEFAULT
ram:0006bba0	LAB_ram_0006bba0	Label	DEFAULT
ram:0006bba8	LAB_ram_0006bba8	Label	DEFAULT
ram:0006bbbc	LAB_ram_0006bbbc	Label	DEFAULT
ram:0006bbe6	LAB_ram_0006bbe6	Label	DEFAULT
ram:0006bc0c	LAB_ram_0006bc0c	Label	DEFAULT
ram:0006bc0e	LAB_ram_0006bc0e	Label	DEFAULT
ram:0006bc3c	LAB_ram_0006bc3c	Label	DEFAULT
ram:0006bc3e	LAB_ram_0006bc3e	Label	DEFAULT
ram:0006bc44	LAB_ram_0006bc44	Label	DEFAULT
ram:0006bc5c	LAB_ram_0006bc5c	Label	DEFAULT
ram:0006bc88	LAB_ram_0006bc88	Label	DEFAULT
ram:0006bc8e	LAB_ram_0006bc8e	Label	DEFAULT
ram:0006bc9e	LAB_ram_0006bc9e	Label	DEFAULT
ram:0006bcb0	LAB_ram_0006bcb0	Label	DEFAULT
ram:0006bcc2	LAB_ram_0006bcc2	Label	DEFAULT
ram:0006bd0e	LAB_ram_0006bd0e	Label	DEFAULT
ram:0006bd3e	LAB_ram_0006bd3e	Label	DEFAULT
ram:0006bd48	LAB_ram_0006bd48	Label	DEFAULT
ram:0006bd9e	LAB_ram_0006bd9e	Label	DEFAULT
ram:0006bdd0	LAB_ram_0006bdd0	Label	DEFAULT
ram:0006be08	LAB_ram_0006be08	Label	DEFAULT
ram:0006be16	LAB_ram_0006be16	Label	DEFAULT
ram:0006be1c	LAB_ram_0006be1c	Label	DEFAULT
ram:0006be32	LAB_ram_0006be32	Label	DEFAULT
ram:0006be3a	LAB_ram_0006be3a	Label	DEFAULT
ram:0006be42	LAB_ram_0006be42	Label	DEFAULT
ram:0006be4a	LAB_ram_0006be4a	Label	DEFAULT
ram:0006be52	LAB_ram_0006be52	Label	DEFAULT
ram:0006be58	LAB_ram_0006be58	Label	DEFAULT
ram:0006be5e	LAB_ram_0006be5e	Label	DEFAULT
ram:0006be62	LAB_ram_0006be62	Label	DEFAULT
ram:0006be66	LAB_ram_0006be66	Label	DEFAULT
ram:0006be6a	LAB_ram_0006be6a	Label	DEFAULT
ram:0006be6e	LAB_ram_0006be6e	Label	DEFAULT
ram:0006be74	LAB_ram_0006be74	Label	DEFAULT
ram:0006be7a	FUN_ram_0006be7a	Function	DEFAULT
ram:0006be8c	LAB_ram_0006be8c	Label	DEFAULT
ram:0006be92	LAB_ram_0006be92	Label	DEFAULT
ram:0006bea4	LAB_ram_0006bea4	Label	DEFAULT
ram:0006beaa	LAB_ram_0006beaa	Label	DEFAULT
ram:0006bebe	LAB_ram_0006bebe	Label	DEFAULT
ram:0006bec6	LAB_ram_0006bec6	Label	DEFAULT
ram:0006bf1c	LAB_ram_0006bf1c	Label	DEFAULT
ram:0006bf26	LAB_ram_0006bf26	Label	DEFAULT
ram:0006bf2e	LAB_ram_0006bf2e	Label	DEFAULT
ram:0006bf30	DAT_ram_0006bf30	Label	DEFAULT
ram:0006bf40	DAT_ram_0006bf40	Label	DEFAULT
ram:0006bf50	switchdataD_ram:0006bf50	Label	ANALYSIS
ram:0006bf78	switchdataD_ram:0006bf78	Label	ANALYSIS
ram:0006bfa8	PTR_LAB_ram_00043a10_ram_0006bfa8	Label	DEFAULT
ram:0006bfac	PTR_LAB_ram_00049dbe_ram_0006bfac	Label	DEFAULT
ram:0006c008	switchdataD_ram:0006c008	Label	ANALYSIS
ram:0006c078	switchdataD_ram:0006c078	Label	ANALYSIS
ram:0006c0a8	switchdataD_ram:0006c0a8	Label	ANALYSIS
ram:0006c0dc	DAT_ram_0006c0dc	Label	DEFAULT
ram:0006c0ec	DAT_ram_0006c0ec	Label	DEFAULT
ram:0006c0ed	DAT_ram_0006c0ed	Label	DEFAULT
ram:0006c104	switchdataD_ram:0006c104	Label	ANALYSIS
ram:0006c110	PTR_caseD_3_ram_0006c110	Label	DEFAULT
ram:0006c134	PTR_caseD_c_ram_0006c134	Label	DEFAULT
ram:0006c138	PTR_LAB_ram_0005b7ec_ram_0006c138	Label	DEFAULT
ram:0006c1e0	PTR_FUN_ram_0005d638_ram_0006c1e0	Label	DEFAULT
ram:0006c278	VER_LIB	Label	USER_DEFINED
ram:0006c294	switchdataD_ram:0006c294	Label	ANALYSIS
ram:0006c320	switchdataD_ram:0006c320	Label	ANALYSIS
ram:0006c3ac	switchdataD_ram:0006c3ac	Label	ANALYSIS
ram:0006c400	switchdataD_ram:0006c400	Label	ANALYSIS
ram:0006c474	switchdataD_ram:0006c474	Label	ANALYSIS
ram:0006c4d4	switchdataD_ram:0006c4d4	Label	ANALYSIS
ram:0006c52f	PTR_caseD_16_ram_0006c52c+3	Label	DEFAULT
ram:0006c530	DAT_ram_0006c530	Label	DEFAULT
ram:0006c62f	DAT_ram_0006c62f	Label	DEFAULT
ram:0006c630	DAT_ram_0006c630	Label	DEFAULT
ram:0006c638	DAT_ram_0006c638	Label	DEFAULT
ram:0006c63c	DAT_ram_0006c63c	Label	DEFAULT
ram:0006c640	DAT_ram_0006c640	Label	DEFAULT
ram:0006c644	DAT_ram_0006c644	Label	DEFAULT
ram:0006c648	DAT_ram_0006c648	Label	DEFAULT
ram:0006c650	DAT_ram_0006c650	Label	DEFAULT
ram:0006c654	DAT_ram_0006c654	Label	DEFAULT
ram:0006c658	DAT_ram_0006c658	Label	DEFAULT
ram:0006c65c	DAT_ram_0006c65c	Label	DEFAULT
ram:0006c660	DAT_ram_0006c660	Label	DEFAULT
ram:0006c664	DAT_ram_0006c664	Label	DEFAULT
ram:0006c668	DAT_ram_0006c668	Label	DEFAULT
ram:0007c52f	DAT_ram_0007c52f	Label	DEFAULT
ram:0106c52f	DAT_ram_0106c52f	Label	DEFAULT
ram:20000000	DAT_ram_20000000	Label	DEFAULT
ram:20000004	DAT_ram_20000004	Label	DEFAULT
ram:20000008	DAT_ram_20000008	Label	DEFAULT
ram:20000010	FUN_ram_20000010	Function	DEFAULT
ram:20000014	DAT_ram_20000014	Label	DEFAULT
ram:20000018	LAB_ram_20000018	Label	DEFAULT
ram:20000022	LAB_ram_20000022	Label	DEFAULT
ram:20000032	LAB_ram_20000032	Label	DEFAULT
ram:20000038	LAB_ram_20000038	Label	DEFAULT
ram:20000040	FUN_ram_20000040	Function	DEFAULT
ram:20000064	LAB_ram_20000064	Label	DEFAULT
ram:2000006c	LAB_ram_2000006c	Label	DEFAULT
ram:20000090	LAB_ram_20000090	Label	DEFAULT
ram:2000009a	LAB_ram_2000009a	Label	DEFAULT
ram:200000e6	LAB_ram_200000e6	Label	DEFAULT
ram:200000fa	LAB_ram_200000fa	Label	DEFAULT
ram:200000fe	LAB_ram_200000fe	Label	DEFAULT
ram:20000102	LAB_ram_20000102	Label	DEFAULT
ram:20000104	FUN_ram_20000104	Function	DEFAULT
ram:2000011a	LAB_ram_2000011a	Label	DEFAULT
ram:2000011e	LAB_ram_2000011e	Label	DEFAULT
ram:20000120	LAB_ram_20000120	Label	DEFAULT
ram:2000014e	LAB_ram_2000014e	Label	DEFAULT
ram:2000019e	LAB_ram_2000019e	Label	DEFAULT
ram:200001d6	LAB_ram_200001d6	Label	DEFAULT
ram:200001dc	tmos_memcpy	Function	USER_DEFINED
ram:200001e4	LAB_ram_200001e4	Label	DEFAULT
ram:200001fa	LAB_ram_200001fa	Label	DEFAULT
ram:200001fc	FUN_ram_200001fc	Function	DEFAULT
ram:20000214	tmos_memset	Function	USER_DEFINED
ram:2000021a	LAB_ram_2000021a	Label	DEFAULT
ram:20000224	LAB_ram_20000224	Label	DEFAULT
ram:20000226	tmos_strlen	Function	USER_DEFINED
ram:20000228	LAB_ram_20000228	Label	DEFAULT
ram:20000236	LAB_ram_20000236	Label	DEFAULT
ram:2000023a	FUN_ram_2000023a	Function	DEFAULT
ram:2000025e	LAB_ram_2000025e	Label	DEFAULT
ram:2000026a	tmos_memcmp	Function	USER_DEFINED
ram:20000274	LAB_ram_20000274	Label	DEFAULT
ram:20000290	LAB_ram_20000290	Label	DEFAULT
ram:20000294	LAB_ram_20000294	Label	DEFAULT
ram:20000298	FUN_ram_20000298	Function	DEFAULT
ram:200002b4	tmos_isbufset	Function	USER_DEFINED
ram:200002be	LAB_ram_200002be	Label	DEFAULT
ram:200002d0	LAB_ram_200002d0	Label	DEFAULT
ram:200002d2	LAB_ram_200002d2	Label	DEFAULT
ram:200002d4	LAB_ram_200002d4	Label	DEFAULT
ram:200002d6	FUN_ram_200002d6	Function	DEFAULT
ram:20000318	LAB_ram_20000318	Label	DEFAULT
ram:20000328	LAB_ram_20000328	Label	DEFAULT
ram:20000334	LAB_ram_20000334	Label	DEFAULT
ram:2000033a	LAB_ram_2000033a	Label	DEFAULT
ram:2000034a	LAB_ram_2000034a	Label	DEFAULT
ram:2000034e	LAB_ram_2000034e	Label	DEFAULT
ram:20000382	LAB_ram_20000382	Label	DEFAULT
ram:20000388	LAB_ram_20000388	Label	DEFAULT
ram:2000039e	LAB_ram_2000039e	Label	DEFAULT
ram:200003b6	LAB_ram_200003b6	Label	DEFAULT
ram:200003c2	LAB_ram_200003c2	Label	DEFAULT
ram:200003cc	LAB_ram_200003cc	Label	DEFAULT
ram:200003d2	LAB_ram_200003d2	Label	DEFAULT
ram:200003dc	LAB_ram_200003dc	Label	DEFAULT
ram:200003ec	LAB_ram_200003ec	Label	DEFAULT
ram:200003f2	LAB_ram_200003f2	Label	DEFAULT
ram:200003fa	LAB_ram_200003fa	Label	DEFAULT
ram:20000400	FUN_ram_20000400	Function	DEFAULT
ram:20000422	LAB_ram_20000422	Label	DEFAULT
ram:20000434	LAB_ram_20000434	Label	DEFAULT
ram:20000470	LAB_ram_20000470	Label	DEFAULT
ram:20000488	LAB_ram_20000488	Label	DEFAULT
ram:2000048e	LAB_ram_2000048e	Label	DEFAULT
ram:200004a6	LAB_ram_200004a6	Label	DEFAULT
ram:200004b6	LAB_ram_200004b6	Label	DEFAULT
ram:200004be	LAB_ram_200004be	Label	DEFAULT
ram:200004e0	LAB_ram_200004e0	Label	DEFAULT
ram:20000526	LAB_ram_20000526	Label	DEFAULT
ram:20000544	LAB_ram_20000544	Label	DEFAULT
ram:20000554	LAB_ram_20000554	Label	DEFAULT
ram:200005ac	LAB_ram_200005ac	Label	DEFAULT
ram:200005b8	LAB_ram_200005b8	Label	DEFAULT
ram:200005cc	LAB_ram_200005cc	Label	DEFAULT
ram:200005dc	LAB_ram_200005dc	Label	DEFAULT
ram:2000060e	FUN_ram_2000060e	Function	DEFAULT
ram:20000614	LAB_ram_20000614	Label	DEFAULT
ram:20000626	TMOS_TimerIRQHandler	Function	USER_DEFINED
ram:20000628	FUN_ram_20000628	Function	DEFAULT
ram:20000750	FUN_ram_20000750	Function	DEFAULT
ram:2000082c	FUN_ram_2000082c	Function	DEFAULT
ram:200008f0	FUN_ram_200008f0	Function	DEFAULT
ram:20000924	LAB_ram_20000924	Label	DEFAULT
ram:20000952	LAB_ram_20000952	Label	DEFAULT
ram:2000096c	LAB_ram_2000096c	Label	DEFAULT
ram:20000986	LAB_ram_20000986	Label	DEFAULT
ram:2000098e	LAB_ram_2000098e	Label	DEFAULT
ram:20000996	FUN_ram_20000996	Function	DEFAULT
ram:20000c00	FUN_ram_20000c00	Function	DEFAULT
ram:20000c1c	LAB_ram_20000c1c	Label	DEFAULT
ram:20000c2c	LAB_ram_20000c2c	Label	DEFAULT
ram:20000c30	LAB_ram_20000c30	Label	DEFAULT
ram:20000c40	LAB_ram_20000c40	Label	DEFAULT
ram:20000c50	FUN_ram_20000c50	Function	DEFAULT
ram:20000c68	LAB_ram_20000c68	Label	DEFAULT
ram:20000c6a	LAB_ram_20000c6a	Label	DEFAULT
ram:20000c78	LAB_ram_20000c78	Label	DEFAULT
ram:20000c8e	FUN_ram_20000c8e	Function	DEFAULT
ram:20000ca6	LAB_ram_20000ca6	Label	DEFAULT
ram:20000ca8	LAB_ram_20000ca8	Label	DEFAULT
ram:20000cb6	LAB_ram_20000cb6	Label	DEFAULT
ram:20000ccc	FUN_ram_20000ccc	Function	DEFAULT
ram:20000ce6	LAB_ram_20000ce6	Label	DEFAULT
ram:20000cf0	LAB_ram_20000cf0	Label	DEFAULT
ram:20000d04	LAB_ram_20000d04	Label	DEFAULT
ram:20000d08	LAB_ram_20000d08	Label	DEFAULT
ram:20000d3c	LAB_ram_20000d3c	Label	DEFAULT
ram:20000d3e	LAB_ram_20000d3e	Label	DEFAULT
ram:20000d4e	LAB_ram_20000d4e	Label	DEFAULT
ram:20000d70	FUN_ram_20000d70	Function	DEFAULT
ram:20000d86	LAB_ram_20000d86	Label	DEFAULT
ram:20000d8a	LAB_ram_20000d8a	Label	DEFAULT
ram:20000d94	LAB_ram_20000d94	Label	DEFAULT
ram:20000da2	LAB_ram_20000da2	Label	DEFAULT
ram:20000da6	LAB_ram_20000da6	Label	DEFAULT
ram:20000dbc	FUN_ram_20000dbc	Function	DEFAULT
ram:20000f04	LAB_ram_20000f04	Label	DEFAULT
ram:20000fa0	LAB_ram_20000fa0	Label	DEFAULT
ram:20000fa4	FUN_ram_20000fa4	Function	DEFAULT
ram:20000ff4	LAB_ram_20000ff4	Label	DEFAULT
ram:20001016	LAB_ram_20001016	Label	DEFAULT
ram:2000103e	LAB_ram_2000103e	Label	DEFAULT
ram:2000105e	LAB_ram_2000105e	Label	DEFAULT
ram:2000107c	LAB_ram_2000107c	Label	DEFAULT
ram:20001094	LAB_ram_20001094	Label	DEFAULT
ram:200010a2	FUN_ram_200010a2	Function	DEFAULT
ram:200010a3	FUN_ram_200010a2+1	Label	DEFAULT
ram:200010ec	FUN_ram_200010ec	Function	DEFAULT
ram:200010fc	LAB_ram_200010fc	Label	DEFAULT
ram:20001104	LAB_ram_20001104	Label	DEFAULT
ram:20001108	LAB_ram_20001108	Label	DEFAULT
ram:2000110e	LAB_ram_2000110e	Label	DEFAULT
ram:20001120	FUN_ram_20001120	Function	DEFAULT
ram:200011be	FUN_ram_200011be	Function	DEFAULT
ram:200011d2	LAB_ram_200011d2	Label	DEFAULT
ram:20001232	LAB_ram_20001232	Label	DEFAULT
ram:2000123e	LAB_ram_2000123e	Label	DEFAULT
ram:20001252	LAB_ram_20001252	Label	DEFAULT
ram:2000125c	LAB_ram_2000125c	Label	DEFAULT
ram:2000127c	LAB_ram_2000127c	Label	DEFAULT
ram:200012bc	LAB_ram_200012bc	Label	DEFAULT
ram:200012c6	LAB_ram_200012c6	Label	DEFAULT
ram:200012d4	LAB_ram_200012d4	Label	DEFAULT
ram:200012da	LAB_ram_200012da	Label	DEFAULT
ram:200012e0	FUN_ram_200012e0	Function	DEFAULT
ram:200013be	LAB_ram_200013be	Label	DEFAULT
ram:20001416	LAB_ram_20001416	Label	DEFAULT
ram:20001444	LAB_ram_20001444	Label	DEFAULT
ram:2000144c	LAB_ram_2000144c	Label	DEFAULT
ram:2000145c	LAB_ram_2000145c	Label	DEFAULT
ram:20001484	LAB_ram_20001484	Label	DEFAULT
ram:2000148c	LAB_ram_2000148c	Label	DEFAULT
ram:20001492	LAB_ram_20001492	Label	DEFAULT
ram:200014ae	FUN_ram_200014ae	Function	DEFAULT
ram:200014e0	LAB_ram_200014e0	Label	DEFAULT
ram:20001508	LAB_ram_20001508	Label	DEFAULT
ram:20001526	LAB_ram_20001526	Label	DEFAULT
ram:20001536	LAB_ram_20001536	Label	DEFAULT
ram:20001568	LAB_ram_20001568	Label	DEFAULT
ram:2000156c	LAB_ram_2000156c	Label	DEFAULT
ram:2000157c	LAB_ram_2000157c	Label	DEFAULT
ram:2000158c	LAB_ram_2000158c	Label	DEFAULT
ram:200015ba	LAB_ram_200015ba	Label	DEFAULT
ram:200015be	LAB_ram_200015be	Label	DEFAULT
ram:200015e2	LAB_ram_200015e2	Label	DEFAULT
ram:200015e6	LAB_ram_200015e6	Label	DEFAULT
ram:20001608	LAB_ram_20001608	Label	DEFAULT
ram:2000160c	LAB_ram_2000160c	Label	DEFAULT
ram:20001610	LAB_ram_20001610	Label	DEFAULT
ram:20001612	LAB_ram_20001612	Label	DEFAULT
ram:20001620	LAB_ram_20001620	Label	DEFAULT
ram:2000162c	LAB_ram_2000162c	Label	DEFAULT
ram:20001638	LAB_ram_20001638	Label	DEFAULT
ram:2000163e	LAB_ram_2000163e	Label	DEFAULT
ram:20001644	LAB_ram_20001644	Label	DEFAULT
ram:20001658	LAB_ram_20001658	Label	DEFAULT
ram:20001670	LAB_ram_20001670	Label	DEFAULT
ram:20001678	LAB_ram_20001678	Label	DEFAULT
ram:2000168a	FUN_ram_2000168a	Function	DEFAULT
ram:2000168b	FUN_ram_2000168a+1	Label	DEFAULT
ram:200016d4	FUN_ram_200016d4	Function	DEFAULT
ram:20001712	LAB_ram_20001712	Label	DEFAULT
ram:20001728	LAB_ram_20001728	Label	DEFAULT
ram:2000172e	LAB_ram_2000172e	Label	DEFAULT
ram:20001734	LAB_ram_20001734	Label	DEFAULT
ram:20001736	FUN_ram_20001736	Function	DEFAULT
ram:200017f0	FUN_ram_200017f0	Function	DEFAULT
ram:20001822	LAB_ram_20001822	Label	DEFAULT
ram:20001824	LAB_ram_20001824	Label	DEFAULT
ram:2000183c	LAB_ram_2000183c	Label	DEFAULT
ram:2000186e	LAB_ram_2000186e	Label	DEFAULT
ram:2000187e	LAB_ram_2000187e	Label	DEFAULT
ram:2000188a	FUN_ram_2000188a	Function	DEFAULT
ram:200018b8	DAT_ram_200018b8	Label	DEFAULT
ram:200018bc	PTR_DAT_ram_0006c65c_ram_200018bc	Label	DEFAULT
ram:200018c0	DAT_ram_200018c0	Label	DEFAULT
ram:200018c2	DAT_ram_200018c2	Label	DEFAULT
ram:200018c4	PTR_DAT_ram_0006c630_ram_200018c4	Label	DEFAULT
ram:200018c8	DAT_ram_200018c8	Label	DEFAULT
ram:200018cc	PTR_DAT_ram_0006c640_ram_200018cc	Label	DEFAULT
ram:200018d0	DAT_ram_200018d0	Label	DEFAULT
ram:200018d2	DAT_ram_200018d2	Label	DEFAULT
ram:200018d4	PTR_DAT_ram_200019a7_ram_200018d4	Label	DEFAULT
ram:200018d8	DAT_ram_200018d8	Label	DEFAULT
ram:200018dc	PTR_DAT_ram_0006c648_ram_200018dc	Label	DEFAULT
ram:200018e0	DAT_ram_200018e0	Label	DEFAULT
ram:200018e2	DAT_ram_200018e2	Label	DEFAULT
ram:200018e4	PTR_DAT_ram_20001ae4_ram_200018e4	Label	DEFAULT
ram:200018e8	DAT_ram_200018e8	Label	DEFAULT
ram:200018ec	PTR_DAT_ram_0006c640_ram_200018ec	Label	DEFAULT
ram:200018f0	DAT_ram_200018f0	Label	DEFAULT
ram:200018f2	DAT_ram_200018f2	Label	DEFAULT
ram:200018f4	PTR_DAT_ram_200019a4_ram_200018f4	Label	DEFAULT
ram:200018f8	DAT_ram_200018f8	Label	DEFAULT
ram:200018fc	PTR_DAT_ram_0006c638_ram_200018fc	Label	DEFAULT
ram:20001900	DAT_ram_20001900	Label	DEFAULT
ram:20001902	DAT_ram_20001902	Label	DEFAULT
ram:20001904	PTR_DAT_ram_20001a24_ram_20001904	Label	DEFAULT
ram:20001908	DAT_ram_20001908	Label	DEFAULT
ram:2000190c	PTR_DAT_ram_0006c640_ram_2000190c	Label	DEFAULT
ram:20001910	DAT_ram_20001910	Label	DEFAULT
ram:20001912	DAT_ram_20001912	Label	DEFAULT
ram:20001914	PTR_DAT_ram_200019a8_ram_20001914	Label	DEFAULT
ram:20001918	DAT_ram_20001918	Label	DEFAULT
ram:2000191c	PTR_DAT_ram_0006c658_ram_2000191c	Label	DEFAULT
ram:20001920	DAT_ram_20001920	Label	DEFAULT
ram:20001922	DAT_ram_20001922	Label	DEFAULT
ram:20001924	PTR_DAT_ram_200019ac_ram_20001924	Label	DEFAULT
ram:20001928	DAT_ram_20001928	Label	DEFAULT
ram:2000192c	PTR_DAT_ram_0006c640_ram_2000192c	Label	DEFAULT
ram:20001930	DAT_ram_20001930	Label	DEFAULT
ram:20001932	DAT_ram_20001932	Label	DEFAULT
ram:20001934	PTR_DAT_ram_200019a6_ram_20001934	Label	DEFAULT
ram:20001938	DAT_ram_20001938	Label	DEFAULT
ram:2000193c	PTR_DAT_ram_0006c63c_ram_2000193c	Label	DEFAULT
ram:20001940	DAT_ram_20001940	Label	DEFAULT
ram:20001942	DAT_ram_20001942	Label	DEFAULT
ram:20001944	PTR_DAT_ram_200019a5_ram_20001944	Label	DEFAULT
ram:20001948	PTR_LAB_ram_00047f10_ram_20001948	Label	DEFAULT
ram:2000194c	PTR_LAB_ram_00048066_ram_2000194c	Label	DEFAULT
ram:20001950	DAT_ram_20001950	Label	DEFAULT
ram:20001954	DAT_ram_20001954	Label	DEFAULT
ram:20001958	PTR_DAT_ram_0006c65c_ram_20001958	Label	DEFAULT
ram:2000195c	DAT_ram_2000195c	Label	DEFAULT
ram:2000195e	DAT_ram_2000195e	Label	DEFAULT
ram:20001960	PTR_DAT_ram_200019b8_ram_20001960	Label	DEFAULT
ram:20001964	DAT_ram_20001964	Label	DEFAULT
ram:20001968	PTR_DAT_ram_0006c640_ram_20001968	Label	DEFAULT
ram:2000196c	DAT_ram_2000196c	Label	DEFAULT
ram:2000196e	DAT_ram_2000196e	Label	DEFAULT
ram:20001970	PTR_DAT_ram_200019c3_ram_20001970	Label	DEFAULT
ram:20001974	DAT_ram_20001974	Label	DEFAULT
ram:20001978	PTR_DAT_ram_0006c664_ram_20001978	Label	DEFAULT
ram:2000197c	DAT_ram_2000197c	Label	DEFAULT
ram:2000197e	DAT_ram_2000197e	Label	DEFAULT
ram:20001980	DAT_ram_20001980	Label	DEFAULT
ram:20001984	DAT_ram_20001984	Label	DEFAULT
ram:20001988	PTR_DAT_ram_0006c644_ram_20001988	Label	DEFAULT
ram:2000198c	DAT_ram_2000198c	Label	DEFAULT
ram:2000198e	DAT_ram_2000198e	Label	DEFAULT
ram:20001990	DAT_ram_20001990	Label	DEFAULT
ram:20001994	DAT_ram_20001994	Label	DEFAULT
ram:20001998	PTR_LAB_ram_00049ffe_ram_20001998	Label	DEFAULT
ram:2000199c	DAT_ram_2000199c	Label	DEFAULT
ram:200019a0	DAT_ram_200019a0	Label	DEFAULT
ram:200019a4	DAT_ram_200019a4	Label	DEFAULT
ram:200019a5	DAT_ram_200019a5	Label	DEFAULT
ram:200019a6	DAT_ram_200019a6	Label	DEFAULT
ram:200019a7	DAT_ram_200019a7	Label	DEFAULT
ram:200019a8	DAT_ram_200019a8	Label	DEFAULT
ram:200019ac	DAT_ram_200019ac	Label	DEFAULT
ram:200019b0	DAT_ram_200019b0	Label	DEFAULT
ram:200019b4	DAT_ram_200019b4	Label	DEFAULT
ram:200019b5	DAT_ram_200019b5	Label	DEFAULT
ram:200019b8	DAT_ram_200019b8	Label	DEFAULT
ram:200019bc	PTR_DAT_ram_0006c650_ram_200019bc	Label	DEFAULT
ram:200019c0	DAT_ram_200019c0	Label	DEFAULT
ram:200019c2	DAT_ram_200019c2	Label	DEFAULT
ram:200019c3	DAT_ram_200019c3	Label	DEFAULT
ram:200019c4	DAT_ram_200019c4	Label	DEFAULT
ram:200019c5	DAT_ram_200019c5	Label	DEFAULT
ram:200019c6	DAT_ram_200019c6	Label	DEFAULT
ram:200019c7	DAT_ram_200019c7	Label	DEFAULT
ram:200019c8	DAT_ram_200019c8	Label	DEFAULT
ram:200019c9	DAT_ram_200019c9	Label	DEFAULT
ram:200019ca	DAT_ram_200019ca	Label	DEFAULT
ram:200019cb	DAT_ram_200019cb	Label	DEFAULT
ram:200019cc	DAT_ram_200019cc	Label	DEFAULT
ram:200019d0	DAT_ram_200019d0	Label	DEFAULT
ram:200019d4	DAT_ram_200019d4	Label	DEFAULT
ram:200019d8	DAT_ram_200019d8	Label	DEFAULT
ram:200019e0	DAT_ram_200019e0	Label	DEFAULT
ram:200019e4	DAT_ram_200019e4	Label	DEFAULT
ram:200019e8	DAT_ram_200019e8	Label	DEFAULT
ram:200019ec	DAT_ram_200019ec	Label	DEFAULT
ram:200019f0	DAT_ram_200019f0	Label	DEFAULT
ram:200019f4	DAT_ram_200019f4	Label	DEFAULT
ram:200019f8	DAT_ram_200019f8	Label	DEFAULT
ram:20001a00	DAT_ram_20001a00	Label	DEFAULT
ram:20001a01	DAT_ram_20001a01	Label	DEFAULT
ram:20001a02	DAT_ram_20001a02	Label	DEFAULT
ram:20001a04	DAT_ram_20001a04	Label	DEFAULT
ram:20001a08	DAT_ram_20001a08	Label	DEFAULT
ram:20001a0c	DAT_ram_20001a0c	Label	DEFAULT
ram:20001a0d	DAT_ram_20001a0d	Label	DEFAULT
ram:20001a0e	DAT_ram_20001a0e	Label	DEFAULT
ram:20001a10	DAT_ram_20001a10	Label	DEFAULT
ram:20001a12	DAT_ram_20001a12	Label	DEFAULT
ram:20001a14	DAT_ram_20001a14	Label	DEFAULT
ram:20001a18	DAT_ram_20001a18	Label	DEFAULT
ram:20001a1c	DAT_ram_20001a1c	Label	DEFAULT
ram:20001a20	DAT_ram_20001a20	Label	DEFAULT
ram:20001a24	DAT_ram_20001a24	Label	DEFAULT
ram:20001a26	DAT_ram_20001a26	Label	DEFAULT
ram:20001a28	DAT_ram_20001a28	Label	DEFAULT
ram:20001a2c	DAT_ram_20001a2c	Label	DEFAULT
ram:20001a30	DAT_ram_20001a30	Label	DEFAULT
ram:20001a34	DAT_ram_20001a34	Label	DEFAULT
ram:20001a38	DAT_ram_20001a38	Label	DEFAULT
ram:20001a3a	DAT_ram_20001a3a	Label	DEFAULT
ram:20001a3c	DAT_ram_20001a3c	Label	DEFAULT
ram:20001a40	DAT_ram_20001a40	Label	DEFAULT
ram:20001a44	DAT_ram_20001a44	Label	DEFAULT
ram:20001a48	DAT_ram_20001a48	Label	DEFAULT
ram:20001a4c	DAT_ram_20001a4c	Label	DEFAULT
ram:20001a50	DAT_ram_20001a50	Label	DEFAULT
ram:20001a54	DAT_ram_20001a54	Label	DEFAULT
ram:20001a58	DAT_ram_20001a58	Label	DEFAULT
ram:20001a5c	DAT_ram_20001a5c	Label	DEFAULT
ram:20001a5e	DAT_ram_20001a5e	Label	DEFAULT
ram:20001a60	DAT_ram_20001a60	Label	DEFAULT
ram:20001a61	DAT_ram_20001a61	Label	DEFAULT
ram:20001a62	DAT_ram_20001a62	Label	DEFAULT
ram:20001a63	DAT_ram_20001a63	Label	DEFAULT
ram:20001a64	DAT_ram_20001a64	Label	DEFAULT
ram:20001a65	DAT_ram_20001a65	Label	DEFAULT
ram:20001a68	DAT_ram_20001a68	Label	DEFAULT
ram:20001a6c	DAT_ram_20001a6c	Label	DEFAULT
ram:20001a70	DAT_ram_20001a70	Label	DEFAULT
ram:20001a74	DAT_ram_20001a74	Label	DEFAULT
ram:20001a75	DAT_ram_20001a75	Label	DEFAULT
ram:20001a76	DAT_ram_20001a76	Label	DEFAULT
ram:20001a77	DAT_ram_20001a77	Label	DEFAULT
ram:20001a78	DAT_ram_20001a78	Label	DEFAULT
ram:20001a7c	DAT_ram_20001a7c	Label	DEFAULT
ram:20001a80	DAT_ram_20001a80	Label	DEFAULT
ram:20001a84	DAT_ram_20001a84	Label	DEFAULT
ram:20001a85	DAT_ram_20001a85	Label	DEFAULT
ram:20001a86	DAT_ram_20001a86	Label	DEFAULT
ram:20001a88	DAT_ram_20001a88	Label	DEFAULT
ram:20001a8c	DAT_ram_20001a8c	Label	DEFAULT
ram:20001a8d	DAT_ram_20001a8d	Label	DEFAULT
ram:20001a8e	DAT_ram_20001a8e	Label	DEFAULT
ram:20001a8f	DAT_ram_20001a8f	Label	DEFAULT
ram:20001a90	DAT_ram_20001a90	Label	DEFAULT
ram:20001a91	DAT_ram_20001a91	Label	DEFAULT
ram:20001a92	DAT_ram_20001a92	Label	DEFAULT
ram:20001a93	DAT_ram_20001a93	Label	DEFAULT
ram:20001a94	DAT_ram_20001a94	Label	DEFAULT
ram:20001a98	DAT_ram_20001a98	Label	DEFAULT
ram:20001a99	DAT_ram_20001a99	Label	DEFAULT
ram:20001a9a	DAT_ram_20001a9a	Label	DEFAULT
ram:20001a9b	DAT_ram_20001a9b	Label	DEFAULT
ram:20001a9c	DAT_ram_20001a9c	Label	DEFAULT
ram:20001aa0	DAT_ram_20001aa0	Label	DEFAULT
ram:20001aa4	DAT_ram_20001aa4	Label	DEFAULT
ram:20001aa8	DAT_ram_20001aa8	Label	DEFAULT
ram:20001aac	DAT_ram_20001aac	Label	DEFAULT
ram:20001ab0	DAT_ram_20001ab0	Label	DEFAULT
ram:20001ab4	DAT_ram_20001ab4	Label	DEFAULT
ram:20001ab8	DAT_ram_20001ab8	Label	DEFAULT
ram:20001abc	DAT_ram_20001abc	Label	DEFAULT
ram:20001ac0	DAT_ram_20001ac0	Label	DEFAULT
ram:20001ac4	DAT_ram_20001ac4	Label	DEFAULT
ram:20001acc	DAT_ram_20001acc	Label	DEFAULT
ram:20001ad0	DAT_ram_20001ad0	Label	DEFAULT
ram:20001ad4	DAT_ram_20001ad4	Label	DEFAULT
ram:20001ad8	DAT_ram_20001ad8	Label	DEFAULT
ram:20001adc	DAT_ram_20001adc	Label	DEFAULT
ram:20001ae0	DAT_ram_20001ae0	Label	DEFAULT
ram:20001ae4	DAT_ram_20001ae4	Label	DEFAULT
ram:20001ae5	DAT_ram_20001ae5	Label	DEFAULT
ram:20001afc	DAT_ram_20001afc	Label	DEFAULT
ram:20001afe	DAT_ram_20001afe	Label	DEFAULT
ram:20001b00	DAT_ram_20001b00	Label	DEFAULT
ram:20001b14	DAT_ram_20001b14	Label	DEFAULT
ram:20001b24	DAT_ram_20001b24	Label	DEFAULT
ram:20001b34	DAT_ram_20001b34	Label	DEFAULT
ram:20001b44	DAT_ram_20001b44	Label	DEFAULT
ram:20001b54	DAT_ram_20001b54	Label	DEFAULT
ram:20001b58	DAT_ram_20001b58	Label	DEFAULT
ram:20001b5c	DAT_ram_20001b5c	Label	DEFAULT
ram:20001b60	DAT_ram_20001b60	Label	DEFAULT
ram:20001b64	DAT_ram_20001b64	Label	DEFAULT
ram:20001b65	DAT_ram_20001b65	Label	DEFAULT
ram:20001b66	DAT_ram_20001b66	Label	DEFAULT
ram:20001b67	DAT_ram_20001b67	Label	DEFAULT
ram:20001b6a	DAT_ram_20001b6a	Label	DEFAULT
ram:20001b6c	DAT_ram_20001b6c	Label	DEFAULT
ram:20001b74	DAT_ram_20001b74	Label	DEFAULT
ram:20001b78	DAT_ram_20001b78	Label	DEFAULT
ram:20001b7c	DAT_ram_20001b7c	Label	DEFAULT
ram:20001b80	DAT_ram_20001b80	Label	DEFAULT
ram:20001b84	DAT_ram_20001b84	Label	DEFAULT
ram:20001b88	DAT_ram_20001b88	Label	DEFAULT
ram:20001b8c	DAT_ram_20001b8c	Label	DEFAULT
ram:20001b8e	DAT_ram_20001b8e	Label	DEFAULT
ram:20001b90	DAT_ram_20001b90	Label	DEFAULT
ram:20001b94	DAT_ram_20001b94	Label	DEFAULT
ram:20001b98	DAT_ram_20001b98	Label	DEFAULT
ram:20001b9c	DAT_ram_20001b9c	Label	DEFAULT
ram:20001bb0	DAT_ram_20001bb0	Label	DEFAULT
ram:20001bb4	DAT_ram_20001bb4	Label	DEFAULT
ram:20001bb8	DAT_ram_20001bb8	Label	DEFAULT
ram:20001bbc	DAT_ram_20001bbc	Label	DEFAULT
ram:20001bc0	DAT_ram_20001bc0	Label	DEFAULT
ram:20001bc4	DAT_ram_20001bc4	Label	DEFAULT
ram:20001bc8	DAT_ram_20001bc8	Label	DEFAULT
ram:20001bca	DAT_ram_20001bca	Label	DEFAULT
ram:20001bcb	DAT_ram_20001bcb	Label	DEFAULT
ram:20001bcc	DAT_ram_20001bcc	Label	DEFAULT
ram:20001bce	DAT_ram_20001bce	Label	DEFAULT
ram:20001bcf	DAT_ram_20001bcf	Label	DEFAULT
ram:20001bd0	DAT_ram_20001bd0	Label	DEFAULT
ram:20001bd1	DAT_ram_20001bd1	Label	DEFAULT
ram:20001bd2	DAT_ram_20001bd2	Label	DEFAULT
ram:20001bd3	DAT_ram_20001bd3	Label	DEFAULT
ram:20001bd4	DAT_ram_20001bd4	Label	DEFAULT
ram:20001bd5	DAT_ram_20001bd5	Label	DEFAULT
ram:20001bd6	DAT_ram_20001bd6	Label	DEFAULT
ram:20001bdc	DAT_ram_20001bdc	Label	DEFAULT
ram:20001be0	DAT_ram_20001be0	Label	DEFAULT
ram:20001be4	DAT_ram_20001be4	Label	DEFAULT
ram:20001be8	DAT_ram_20001be8	Label	DEFAULT
ram:20001bec	DAT_ram_20001bec	Label	DEFAULT
ram:20001bf0	DAT_ram_20001bf0	Label	DEFAULT
ram:20001bf4	DAT_ram_20001bf4	Label	DEFAULT
ram:20001bf8	DAT_ram_20001bf8	Label	DEFAULT
ram:20001bfc	DAT_ram_20001bfc	Label	DEFAULT
ram:20001c00	DAT_ram_20001c00	Label	DEFAULT
ram:20001c04	DAT_ram_20001c04	Label	DEFAULT
ram:20001c05	DAT_ram_20001c05	Label	DEFAULT
ram:20001c06	DAT_ram_20001c06	Label	DEFAULT
ram:20001c07	DAT_ram_20001c07	Label	DEFAULT
ram:20001c08	DAT_ram_20001c08	Label	DEFAULT
ram:20001c0a	DAT_ram_20001c0a	Label	DEFAULT
ram:20001c0c	DAT_ram_20001c0c	Label	DEFAULT
ram:20001c10	DAT_ram_20001c10	Label	DEFAULT
ram:20001c14	DAT_ram_20001c14	Label	DEFAULT
ram:20001c18	DAT_ram_20001c18	Label	DEFAULT
ram:20001c1c	DAT_ram_20001c1c	Label	DEFAULT
ram:20001c24	DAT_ram_20001c24	Label	DEFAULT
ram:20001c26	DAT_ram_20001c26	Label	DEFAULT
ram:20001c28	DAT_ram_20001c28	Label	DEFAULT
ram:20001c2a	DAT_ram_20001c2a	Label	DEFAULT
ram:20001c2c	DAT_ram_20001c2c	Label	DEFAULT
ram:20001c2e	DAT_ram_20001c2e	Label	DEFAULT
ram:20001c30	DAT_ram_20001c30	Label	DEFAULT
ram:20001c32	DAT_ram_20001c32	Label	DEFAULT
ram:20001c34	DAT_ram_20001c34	Label	DEFAULT
ram:20001c36	DAT_ram_20001c36	Label	DEFAULT
ram:20001c38	DAT_ram_20001c38	Label	DEFAULT
ram:20001c3a	DAT_ram_20001c3a	Label	DEFAULT
ram:20001c3c	DAT_ram_20001c3c	Label	DEFAULT
ram:20001c3e	DAT_ram_20001c3e	Label	DEFAULT
ram:20001c40	DAT_ram_20001c40	Label	DEFAULT
ram:20001c42	DAT_ram_20001c42	Label	DEFAULT
ram:20001c44	DAT_ram_20001c44	Label	DEFAULT
ram:20001c46	DAT_ram_20001c46	Label	DEFAULT
ram:20001c48	DAT_ram_20001c48	Label	DEFAULT
ram:20001c4a	DAT_ram_20001c4a	Label	DEFAULT
ram:20001c4c	DAT_ram_20001c4c	Label	DEFAULT
ram:20001c4e	DAT_ram_20001c4e	Label	DEFAULT
ram:20001c50	DAT_ram_20001c50	Label	DEFAULT
ram:20001c52	DAT_ram_20001c52	Label	DEFAULT
ram:20001c54	DAT_ram_20001c54	Label	DEFAULT
ram:20001c56	DAT_ram_20001c56	Label	DEFAULT
ram:20001c58	DAT_ram_20001c58	Label	DEFAULT
ram:20001c5a	DAT_ram_20001c5a	Label	DEFAULT
ram:20001c5c	DAT_ram_20001c5c	Label	DEFAULT
ram:20001c5e	DAT_ram_20001c5e	Label	DEFAULT
ram:20001c60	DAT_ram_20001c60	Label	DEFAULT
ram:20001c62	DAT_ram_20001c62	Label	DEFAULT
ram:20001c64	DAT_ram_20001c64	Label	DEFAULT
ram:20001c66	DAT_ram_20001c66	Label	DEFAULT
ram:20001c68	DAT_ram_20001c68	Label	DEFAULT
ram:20001c6a	DAT_ram_20001c6a	Label	DEFAULT
ram:20001c6c	DAT_ram_20001c6c	Label	DEFAULT
ram:20001c6e	DAT_ram_20001c6e	Label	DEFAULT
ram:20001c70	DAT_ram_20001c70	Label	DEFAULT
ram:20001c72	DAT_ram_20001c72	Label	DEFAULT
ram:20001c74	DAT_ram_20001c74	Label	DEFAULT
ram:20001c76	DAT_ram_20001c76	Label	DEFAULT
ram:20001c78	DAT_ram_20001c78	Label	DEFAULT
ram:20001c7a	DAT_ram_20001c7a	Label	DEFAULT
ram:20001c7c	DAT_ram_20001c7c	Label	DEFAULT
ram:20001c7e	DAT_ram_20001c7e	Label	DEFAULT
ram:20001c80	DAT_ram_20001c80	Label	DEFAULT
ram:20001c82	DAT_ram_20001c82	Label	DEFAULT
ram:20001c84	DAT_ram_20001c84	Label	DEFAULT
ram:20001c86	DAT_ram_20001c86	Label	DEFAULT
ram:20001c88	DAT_ram_20001c88	Label	DEFAULT
ram:20001c8a	DAT_ram_20001c8a	Label	DEFAULT
ram:20001c8c	DAT_ram_20001c8c	Label	DEFAULT
ram:20001c8e	DAT_ram_20001c8e	Label	DEFAULT
ram:20001c90	DAT_ram_20001c90	Label	DEFAULT
ram:20001c92	DAT_ram_20001c92	Label	DEFAULT
ram:20001c94	DAT_ram_20001c94	Label	DEFAULT
ram:20001c96	DAT_ram_20001c96	Label	DEFAULT
ram:20001c98	DAT_ram_20001c98	Label	DEFAULT
ram:20001c9a	DAT_ram_20001c9a	Label	DEFAULT
ram:20001c9c	DAT_ram_20001c9c	Label	DEFAULT
ram:20001c9e	DAT_ram_20001c9e	Label	DEFAULT
ram:20001ca0	DAT_ram_20001ca0	Label	DEFAULT
ram:20001ca2	DAT_ram_20001ca2	Label	DEFAULT
ram:20001ca4	DAT_ram_20001ca4	Label	DEFAULT
ram:20001ca8	DAT_ram_20001ca8	Label	DEFAULT
ram:20001cac	DAT_ram_20001cac	Label	DEFAULT
ram:20001cb0	DAT_ram_20001cb0	Label	DEFAULT
ram:20001cb4	DAT_ram_20001cb4	Label	DEFAULT
ram:20001cb8	DAT_ram_20001cb8	Label	DEFAULT
ram:20001cbc	DAT_ram_20001cbc	Label	DEFAULT
ram:20001cc0	DAT_ram_20001cc0	Label	DEFAULT
ram:20001cc4	DAT_ram_20001cc4	Label	DEFAULT
ram:20001cc8	DAT_ram_20001cc8	Label	DEFAULT
ram:20001cc9	DAT_ram_20001cc9	Label	DEFAULT
ram:20001ccc	DAT_ram_20001ccc	Label	DEFAULT
ram:20001cce	DAT_ram_20001cce	Label	DEFAULT
ram:20001cd0	DAT_ram_20001cd0	Label	DEFAULT
ram:20001cd4	DAT_ram_20001cd4	Label	DEFAULT
ram:20001cd6	DAT_ram_20001cd6	Label	DEFAULT
ram:20001cd8	DAT_ram_20001cd8	Label	DEFAULT
ram:20001cda	DAT_ram_20001cda	Label	DEFAULT
ram:20001cfc	DAT_ram_20001cfc	Label	DEFAULT
ram:20001cfd	DAT_ram_20001cfd	Label	DEFAULT
ram:20001d00	DAT_ram_20001d00	Label	DEFAULT
ram:20001d04	DAT_ram_20001d04	Label	DEFAULT
ram:20001d08	DAT_ram_20001d08	Label	DEFAULT
ram:20001d34	DAT_ram_20001d34	Label	DEFAULT
ram:20001d38	DAT_ram_20001d38	Label	DEFAULT
ram:20001d3c	DAT_ram_20001d3c	Label	DEFAULT
ram:20001d40	DAT_ram_20001d40	Label	DEFAULT
ram:20001d44	DAT_ram_20001d44	Label	DEFAULT
ram:20001d48	DAT_ram_20001d48	Label	DEFAULT
ram:20001d4c	DAT_ram_20001d4c	Label	DEFAULT
ram:20001d4d	DAT_ram_20001d4d	Label	DEFAULT
ram:20001d4e	DAT_ram_20001d4e	Label	DEFAULT
ram:20001d4f	DAT_ram_20001d4f	Label	DEFAULT
ram:20001d50	DAT_ram_20001d50	Label	DEFAULT
ram:20001d51	DAT_ram_20001d51	Label	DEFAULT
ram:20001d52	DAT_ram_20001d52	Label	DEFAULT
ram:20001d53	DAT_ram_20001d53	Label	DEFAULT
ram:20001d54	DAT_ram_20001d54	Label	DEFAULT
ram:20001d55	DAT_ram_20001d55	Label	DEFAULT
ram:20001d58	DAT_ram_20001d58	Label	DEFAULT
ram:20001d5c	DAT_ram_20001d5c	Label	DEFAULT
ram:20001d5e	DAT_ram_20001d5e	Label	DEFAULT
ram:20001d60	DAT_ram_20001d60	Label	DEFAULT
ram:20001d61	DAT_ram_20001d61	Label	DEFAULT
ram:20001d62	DAT_ram_20001d62	Label	DEFAULT
ram:20001d63	DAT_ram_20001d63	Label	DEFAULT
ram:20001d64	DAT_ram_20001d64	Label	DEFAULT
ram:20001d65	DAT_ram_20001d65	Label	DEFAULT
ram:20001d66	DAT_ram_20001d66	Label	DEFAULT
ram:20001d67	DAT_ram_20001d67	Label	DEFAULT
ram:20001d68	DAT_ram_20001d68	Label	DEFAULT
ram:20001d6a	DAT_ram_20001d6a	Label	DEFAULT
ram:20001d6c	DAT_ram_20001d6c	Label	DEFAULT
ram:20001d6e	DAT_ram_20001d6e	Label	DEFAULT
ram:20001d70	DAT_ram_20001d70	Label	DEFAULT
ram:20001d72	DAT_ram_20001d72	Label	DEFAULT
ram:20001d74	DAT_ram_20001d74	Label	DEFAULT
ram:20001d76	DAT_ram_20001d74+2	Label	DEFAULT
ram:20001d78	DAT_ram_20001d78	Label	DEFAULT
ram:20001d79	DAT_ram_20001d78+1	Label	DEFAULT
ram:20001d7c	DAT_ram_20001d7c	Label	DEFAULT
ram:20001d80	DAT_ram_20001d80	Label	DEFAULT
ram:20001d82	DAT_ram_20001d82	Label	DEFAULT
ram:20001d84	DAT_ram_20001d84	Label	DEFAULT
ram:20001d86	DAT_ram_20001d86	Label	DEFAULT
ram:20001d88	DAT_ram_20001d88	Label	DEFAULT
ram:20001d8a	DAT_ram_20001d8a	Label	DEFAULT
ram:20001d8c	DAT_ram_20001d8c	Label	DEFAULT
ram:20001d8e	DAT_ram_20001d8e	Label	DEFAULT
ram:20001d90	DAT_ram_20001d90	Label	DEFAULT
ram:20001d94	DAT_ram_20001d94	Label	DEFAULT
ram:20001d98	DAT_ram_20001d98	Label	DEFAULT
ram:20001d99	DAT_ram_20001d99	Label	DEFAULT
ram:20001d9a	DAT_ram_20001d9a	Label	DEFAULT
ram:20001d9b	DAT_ram_20001d9b	Label	DEFAULT
ram:20001d9c	DAT_ram_20001d9c	Label	DEFAULT
ram:20001d9d	DAT_ram_20001d9d	Label	DEFAULT
ram:20001d9e	DAT_ram_20001d9e	Label	DEFAULT
ram:20001d9f	DAT_ram_20001d9f	Label	DEFAULT
ram:20001da0	DAT_ram_20001da0	Label	DEFAULT
ram:20001da2	DAT_ram_20001da2	Label	DEFAULT
ram:20001da4	DAT_ram_20001da4	Label	DEFAULT
ram:20001da6	DAT_ram_20001da4+2	Label	DEFAULT
ram:20001da8	DAT_ram_20001da8	Label	DEFAULT
ram:20001da9	DAT_ram_20001da9	Label	DEFAULT
ram:20001daa	DAT_ram_20001daa	Label	DEFAULT
ram:20001dac	DAT_ram_20001dac	Label	DEFAULT
ram:20001db0	DAT_ram_20001db0	Label	DEFAULT
ram:20001db4	DAT_ram_20001db4	Label	DEFAULT
ram:20001db8	DAT_ram_20001db8	Label	DEFAULT
ram:20001dbc	DAT_ram_20001dbc	Label	DEFAULT
ram:20001dc0	DAT_ram_20001dc0	Label	DEFAULT
ram:20001dc4	DAT_ram_20001dc4	Label	DEFAULT
ram:20001dc8	DAT_ram_20001dc8	Label	DEFAULT
ram:20001dcc	DAT_ram_20001dcc	Label	DEFAULT
ram:20001dd0	DAT_ram_20001dd0	Label	DEFAULT
ram:20001dd4	DAT_ram_20001dd4	Label	DEFAULT
ram:20001dd5	DAT_ram_20001dd5	Label	DEFAULT
ram:20001dd6	DAT_ram_20001dd6	Label	DEFAULT
ram:20001dd8	DAT_ram_20001dd8	Label	DEFAULT
ram:20001ddc	DAT_ram_20001ddc	Label	DEFAULT
ram:20001de1	DAT_ram_20001de1	Label	DEFAULT
ram:20001de4	DAT_ram_20001de4	Label	DEFAULT
ram:20001de8	DAT_ram_20001de8	Label	DEFAULT
ram:20001dec	DAT_ram_20001dec	Label	DEFAULT
ram:20001df0	DAT_ram_20001df0	Label	DEFAULT
ram:20001df4	DAT_ram_20001df4	Label	DEFAULT
ram:20001df8	DAT_ram_20001df8	Label	DEFAULT
ram:20001dfc	DAT_ram_20001dfc	Label	DEFAULT
ram:20001e00	DAT_ram_20001e00	Label	DEFAULT
ram:20001e04	DAT_ram_20001e04	Label	DEFAULT
ram:20001e08	DAT_ram_20001e08	Label	DEFAULT
ram:20001e0c	DAT_ram_20001e0c	Label	DEFAULT
ram:20001e10	DAT_ram_20001e10	Label	DEFAULT
ram:20001e11	DAT_ram_20001e11	Label	DEFAULT
ram:20001e14	DAT_ram_20001e14	Label	DEFAULT
ram:20001e18	DAT_ram_20001e18	Label	DEFAULT
ram:20001e19	DAT_ram_20001e19	Label	DEFAULT
ram:20001e1c	DAT_ram_20001e1c	Label	DEFAULT
ram:20001e20	DAT_ram_20001e20	Label	DEFAULT
ram:20001e24	DAT_ram_20001e24	Label	DEFAULT
ram:20001e28	DAT_ram_20001e28	Label	DEFAULT
ram:20001e2c	DAT_ram_20001e2c	Label	DEFAULT
ram:20001e30	DAT_ram_20001e30	Label	DEFAULT
ram:20001e34	DAT_ram_20001e34	Label	DEFAULT
ram:20001e38	DAT_ram_20001e38	Label	DEFAULT
ram:20001e39	DAT_ram_20001e39	Label	DEFAULT
ram:20001e3a	DAT_ram_20001e3a	Label	DEFAULT
ram:20001e3c	DAT_ram_20001e3c	Label	DEFAULT
ram:20001e3e	DAT_ram_20001e3e	Label	DEFAULT
ram:20001e44	DAT_ram_20001e44	Label	DEFAULT
ram:20001e48	DAT_ram_20001e48	Label	DEFAULT
ram:20001e49	DAT_ram_20001e49	Label	DEFAULT
ram:20001e4a	DAT_ram_20001e4a	Label	DEFAULT
ram:20001e4c	DAT_ram_20001e4c	Label	DEFAULT
ram:20001e4d	DAT_ram_20001e4c+1	Label	DEFAULT
ram:20001e4e	DAT_ram_20001e4e	Label	DEFAULT
ram:20001e4f	DAT_ram_20001e4f	Label	DEFAULT
ram:20001e50	DAT_ram_20001e50	Label	DEFAULT
ram:20001e56	DAT_ram_20001e56	Label	DEFAULT
ram:20001e57	DAT_ram_20001e56+1	Label	DEFAULT
ram:20001e58	DAT_ram_20001e58	Label	DEFAULT
ram:20001e59	DAT_ram_20001e58+1	Label	DEFAULT
ram:20001e5a	DAT_ram_20001e5a	Label	DEFAULT
ram:20001e78	DAT_ram_20001e78	Label	DEFAULT
ram:20001e7c	DAT_ram_20001e7c	Label	DEFAULT
ram:20001e80	DAT_ram_20001e80	Label	DEFAULT
ram:20001e84	DAT_ram_20001e84	Label	DEFAULT
ram:20001e88	DAT_ram_20001e88	Label	DEFAULT
ram:20001e8c	DAT_ram_20001e8c	Label	DEFAULT
ram:20001e90	DAT_ram_20001e90	Label	DEFAULT
ram:20001e94	DAT_ram_20001e94	Label	DEFAULT
ram:20001e95	DAT_ram_20001e95	Label	DEFAULT
ram:20001e96	DAT_ram_20001e96	Label	DEFAULT
ram:20001e97	DAT_ram_20001e97	Label	DEFAULT
ram:20001e98	DAT_ram_20001e98	Label	DEFAULT
ram:20001e99	DAT_ram_20001e99	Label	DEFAULT
ram:20001e9a	DAT_ram_20001e9a	Label	DEFAULT
ram:20001e9b	DAT_ram_20001e9b	Label	DEFAULT
ram:20001e9c	DAT_ram_20001e9c	Label	DEFAULT
ram:20001e9d	DAT_ram_20001e9d	Label	DEFAULT
ram:20001e9e	DAT_ram_20001e9e	Label	DEFAULT
ram:20001e9f	DAT_ram_20001e9f	Label	DEFAULT
ram:20001ea0	DAT_ram_20001ea0	Label	DEFAULT
ram:20001ea4	DAT_ram_20001ea4	Label	DEFAULT
ram:20001ea8	DAT_ram_20001ea8	Label	DEFAULT
ram:20001eac	DAT_ram_20001eac	Label	DEFAULT
ram:20001eb0	DAT_ram_20001eb0	Label	DEFAULT
ram:20001eb4	DAT_ram_20001eb4	Label	DEFAULT
ram:20001eb5	DAT_ram_20001eb5	Label	DEFAULT
ram:20001eb8	DAT_ram_20001eb8	Label	DEFAULT
ram:20001ebc	DAT_ram_20001ebc	Label	DEFAULT
ram:20001ec0	DAT_ram_20001ec0	Label	DEFAULT
ram:20001ec4	DAT_ram_20001ec4	Label	DEFAULT
ram:20001ec8	DAT_ram_20001ec8	Label	DEFAULT
ram:20001ecc	DAT_ram_20001ecc	Label	DEFAULT
ram:20001ecd	DAT_ram_20001ecd	Label	DEFAULT
ram:20001ece	DAT_ram_20001ece	Label	DEFAULT
ram:20001ecf	DAT_ram_20001ecf	Label	DEFAULT
ram:20001ed0	DAT_ram_20001ed0	Label	DEFAULT
ram:20001ed1	DAT_ram_20001ed1	Label	DEFAULT
ram:20001ed4	DAT_ram_20001ed4	Label	DEFAULT
ram:20001ed5	DAT_ram_20001ed4+1	Label	DEFAULT
ram:20001ed6	DAT_ram_20001ed4+2	Label	DEFAULT
ram:20001ed7	DAT_ram_20001ed4+3	Label	DEFAULT
ram:20001ed8	DAT_ram_20001ed8	Label	DEFAULT
ram:20001edc	DAT_ram_20001edc	Label	DEFAULT
ram:20001ee0	DAT_ram_20001ee0	Label	DEFAULT
ram:20001ee1	DAT_ram_20001ee1	Label	DEFAULT
ram:20001ee2	DAT_ram_20001ee2	Label	DEFAULT
ram:20001ee3	DAT_ram_20001ee3	Label	DEFAULT
ram:20001ee4	DAT_ram_20001ee4	Label	DEFAULT
ram:20001ee5	DAT_ram_20001ee5	Label	DEFAULT
ram:20001ee8	DAT_ram_20001ee8	Label	DEFAULT
ram:20001eec	DAT_ram_20001eec	Label	DEFAULT
ram:20001ef0	DAT_ram_20001ef0	Label	DEFAULT
ram:20001ef4	DAT_ram_20001ef4	Label	DEFAULT
ram:20001ef8	DAT_ram_20001ef8	Label	DEFAULT
ram:20001efc	DAT_ram_20001efc	Label	DEFAULT
ram:20001f00	DAT_ram_20001f00	Label	DEFAULT
ram:20001f01	DAT_ram_20001f01	Label	DEFAULT
ram:20001f04	DAT_ram_20001f04	Label	DEFAULT
ram:20001f08	DAT_ram_20001f08	Label	DEFAULT
ram:20001f09	DAT_ram_20001f09	Label	DEFAULT
ram:20001f0f	DAT_ram_20001f0f	Label	DEFAULT
ram:20001f10	DAT_ram_20001f10	Label	DEFAULT
ram:20001f14	DAT_ram_20001f14	Label	DEFAULT
ram:20001f15	DAT_ram_20001f15	Label	DEFAULT
ram:20001f16	DAT_ram_20001f16	Label	DEFAULT
ram:20001f17	DAT_ram_20001f17	Label	DEFAULT
ram:20001f18	DAT_ram_20001f18	Label	DEFAULT
ram:20001f19	DAT_ram_20001f19	Label	DEFAULT
ram:20001f1a	DAT_ram_20001f1a	Label	DEFAULT
ram:20001f1c	DAT_ram_20001f1c	Label	DEFAULT
ram:20001f20	DAT_ram_20001f20	Label	DEFAULT
ram:20001f24	DAT_ram_20001f24	Label	DEFAULT
ram:20001f26	DAT_ram_20001f26	Label	DEFAULT
ram:20001f28	DAT_ram_20001f28	Label	DEFAULT
ram:20001f38	DAT_ram_20001f38	Label	DEFAULT
ram:20001f48	DAT_ram_20001f48	Label	DEFAULT
ram:20001f49	DAT_ram_20001f49	Label	DEFAULT
ram:20001f4c	DAT_ram_20001f4c	Label	DEFAULT
ram:20001f52	DAT_ram_20001f52	Label	DEFAULT
ram:20001f53	DAT_ram_20001f53	Label	DEFAULT
ram:20002000	DAT_ram_20002000	Label	DEFAULT
ram:40001000	DAT_ram_40001000	Label	DEFAULT
ram:40001018	DAT_ram_40001018	Label	DEFAULT
ram:40001022	DAT_ram_40001022	Label	DEFAULT
ram:40001038	DAT_ram_40001038	Label	DEFAULT
ram:40001040	DAT_ram_40001040	Label	DEFAULT
ram:4000c100	DAT_ram_4000c100	Label	DEFAULT
ram:4000c200	DAT_ram_4000c200	Label	DEFAULT
ram:4000c20c	DAT_ram_4000c20c	Label	DEFAULT
ram:4000c268	DAT_ram_4000c268	Label	DEFAULT
ram:4000c300	DAT_ram_4000c300	Label	DEFAULT
ram:4000d000	DAT_ram_4000d000	Label	DEFAULT
ram:e000e052	DAT_ram_e000e052	Label	DEFAULT
ram:e000e053	DAT_ram_e000e053	Label	DEFAULT
ram:e000e068	DAT_ram_e000e068	Label	DEFAULT
ram:e000e06c	DAT_ram_e000e06c	Label	DEFAULT
ram:e000e100	DAT_ram_e000e100	Label	DEFAULT
ram:e000ed10	DAT_ram_e000ed10	Label	DEFAULT
ram:e008216c	LAB_ram_e008216c	Label	DEFAULT
ram:e00823a8	SUB_ram_e00823a8	Label	DEFAULT
ram:e009d936	SUB_ram_e009d936	Label	DEFAULT
ram:e00a217a	SUB_ram_e00a217a	Label	DEFAULT
ram:e00a240c	SUB_ram_e00a240c	Label	DEFAULT
ram:e00a2438	SUB_ram_e00a2438	Label	DEFAULT
ram:e00a24d2	SUB_ram_e00a24d2	Label	DEFAULT
ram:e00a29f4	LAB_ram_e00a29f4	Label	DEFAULT
ram:e00abcfa	SUB_ram_e00abcfa	Label	DEFAULT
csreg:0000	ustatus	Label	IMPORTED
csreg:0001	fflags	Label	IMPORTED
csreg:0002	frm	Label	IMPORTED
csreg:0003	fcsr	Label	IMPORTED
csreg:0004	uie	Label	IMPORTED
csreg:0005	utvec	Label	IMPORTED
csreg:0008	vstart	Label	IMPORTED
csreg:0009	vxsat	Label	IMPORTED
csreg:000a	vxrm	Label	IMPORTED
csreg:000f	vcsr	Label	IMPORTED
csreg:0040	uscratch	Label	IMPORTED
csreg:0041	uepc	Label	IMPORTED
csreg:0042	ucause	Label	IMPORTED
csreg:0043	utval	Label	IMPORTED
csreg:0044	uip	Label	IMPORTED
csreg:0100	sstatus	Label	IMPORTED
csreg:0101	sedeleg	Label	IMPORTED
csreg:0102	sideleg	Label	IMPORTED
csreg:0103	sie	Label	IMPORTED
csreg:0104	stvec	Label	IMPORTED
csreg:0105	scounteren	Label	IMPORTED
csreg:0140	sscratch	Label	IMPORTED
csreg:0141	sepc	Label	IMPORTED
csreg:0142	scause	Label	IMPORTED
csreg:0143	stval	Label	IMPORTED
csreg:0144	sip	Label	IMPORTED
csreg:0180	satp	Label	IMPORTED
csreg:0200	vsstatus	Label	IMPORTED
csreg:0204	vsie	Label	IMPORTED
csreg:0205	vstvec	Label	IMPORTED
csreg:0240	vsscratch	Label	IMPORTED
csreg:0241	vsepc	Label	IMPORTED
csreg:0242	vscause	Label	IMPORTED
csreg:0243	vstval	Label	IMPORTED
csreg:0244	vsip	Label	IMPORTED
csreg:0280	vsatp	Label	IMPORTED
csreg:0300	mstatus	Label	IMPORTED
csreg:0301	misa	Label	IMPORTED
csreg:0302	medeleg	Label	IMPORTED
csreg:0303	mideleg	Label	IMPORTED
csreg:0304	mie	Label	IMPORTED
csreg:0305	mtvec	Label	IMPORTED
csreg:0306	mcounteren	Label	IMPORTED
csreg:0310	mstatush	Label	IMPORTED
csreg:0320	mcountinhibit	Label	IMPORTED
csreg:0323	mhpmevent3	Label	IMPORTED
csreg:0324	mhpmevent4	Label	IMPORTED
csreg:0325	mhpmevent5	Label	IMPORTED
csreg:0326	mhpmevent6	Label	IMPORTED
csreg:0327	mhpmevent7	Label	IMPORTED
csreg:0328	mhpmevent8	Label	IMPORTED
csreg:0329	mhpmevent9	Label	IMPORTED
csreg:032a	mhpmevent10	Label	IMPORTED
csreg:032b	mhpmevent11	Label	IMPORTED
csreg:032c	mhpmevent12	Label	IMPORTED
csreg:032d	mhpmevent13	Label	IMPORTED
csreg:032e	mhpmevent14	Label	IMPORTED
csreg:032f	mhpmevent15	Label	IMPORTED
csreg:0330	mhpmevent16	Label	IMPORTED
csreg:0331	mhpmevent17	Label	IMPORTED
csreg:0332	mhpmevent18	Label	IMPORTED
csreg:0333	mhpmevent19	Label	IMPORTED
csreg:0334	mhpmevent20	Label	IMPORTED
csreg:0335	mhpmevent21	Label	IMPORTED
csreg:0336	mhpmevent22	Label	IMPORTED
csreg:0337	mhpmevent23	Label	IMPORTED
csreg:0338	mhpmevent24	Label	IMPORTED
csreg:0339	mhpmevent25	Label	IMPORTED
csreg:033a	mhpmevent26	Label	IMPORTED
csreg:033b	mhpmevent27	Label	IMPORTED
csreg:033c	mhpmevent28	Label	IMPORTED
csreg:033d	mhpmevent29	Label	IMPORTED
csreg:033e	mhpmevent30	Label	IMPORTED
csreg:033f	mhpmevent31	Label	IMPORTED
csreg:0340	mscratch	Label	IMPORTED
csreg:0341	mepc	Label	IMPORTED
csreg:0342	mcause	Label	IMPORTED
csreg:0343	mtval	Label	IMPORTED
csreg:0344	mip	Label	IMPORTED
csreg:034a	mtinst	Label	IMPORTED
csreg:034b	mtval2	Label	IMPORTED
csreg:0380	mbase	Label	IMPORTED
csreg:0381	mbound	Label	IMPORTED
csreg:0382	mibase	Label	IMPORTED
csreg:0383	mibound	Label	IMPORTED
csreg:0384	mdbase	Label	IMPORTED
csreg:0385	mdbound	Label	IMPORTED
csreg:03a0	pmpcfg0	Label	IMPORTED
csreg:03a1	pmpcfg1	Label	IMPORTED
csreg:03a2	pmpcfg2	Label	IMPORTED
csreg:03a3	pmpcfg3	Label	IMPORTED
csreg:03a4	pmpcfg4	Label	IMPORTED
csreg:03a5	pmpcfg5	Label	IMPORTED
csreg:03a6	pmpcfg6	Label	IMPORTED
csreg:03a7	pmpcfg7	Label	IMPORTED
csreg:03a8	pmpcfg8	Label	IMPORTED
csreg:03a9	pmpcfg9	Label	IMPORTED
csreg:03aa	pmpcfg10	Label	IMPORTED
csreg:03ab	pmpcfg11	Label	IMPORTED
csreg:03ac	pmpcfg12	Label	IMPORTED
csreg:03ad	pmpcfg13	Label	IMPORTED
csreg:03ae	pmpcfg14	Label	IMPORTED
csreg:03af	pmpcfg15	Label	IMPORTED
csreg:03b0	pmpaddr0	Label	IMPORTED
csreg:03b1	pmpaddr1	Label	IMPORTED
csreg:03b2	pmpaddr2	Label	IMPORTED
csreg:03b3	pmpaddr3	Label	IMPORTED
csreg:03b4	pmpaddr4	Label	IMPORTED
csreg:03b5	pmpaddr5	Label	IMPORTED
csreg:03b6	pmpaddr6	Label	IMPORTED
csreg:03b7	pmpaddr7	Label	IMPORTED
csreg:03b8	pmpaddr8	Label	IMPORTED
csreg:03b9	pmpaddr9	Label	IMPORTED
csreg:03ba	pmpaddr10	Label	IMPORTED
csreg:03bb	pmpaddr11	Label	IMPORTED
csreg:03bc	pmpaddr12	Label	IMPORTED
csreg:03bd	pmpaddr13	Label	IMPORTED
csreg:03be	pmpaddr14	Label	IMPORTED
csreg:03bf	pmpaddr15	Label	IMPORTED
csreg:03c0	pmpaddr16	Label	IMPORTED
csreg:03c1	pmpaddr17	Label	IMPORTED
csreg:03c2	pmpaddr18	Label	IMPORTED
csreg:03c3	pmpaddr19	Label	IMPORTED
csreg:03c4	pmpaddr20	Label	IMPORTED
csreg:03c5	pmpaddr21	Label	IMPORTED
csreg:03c6	pmpaddr22	Label	IMPORTED
csreg:03c7	pmpaddr23	Label	IMPORTED
csreg:03c8	pmpaddr24	Label	IMPORTED
csreg:03c9	pmpaddr25	Label	IMPORTED
csreg:03ca	pmpaddr26	Label	IMPORTED
csreg:03cb	pmpaddr27	Label	IMPORTED
csreg:03cc	pmpaddr28	Label	IMPORTED
csreg:03cd	pmpaddr29	Label	IMPORTED
csreg:03ce	pmpaddr30	Label	IMPORTED
csreg:03cf	pmpaddr31	Label	IMPORTED
csreg:03d0	pmpaddr32	Label	IMPORTED
csreg:03d1	pmpaddr33	Label	IMPORTED
csreg:03d2	pmpaddr34	Label	IMPORTED
csreg:03d3	pmpaddr35	Label	IMPORTED
csreg:03d4	pmpaddr36	Label	IMPORTED
csreg:03d5	pmpaddr37	Label	IMPORTED
csreg:03d6	pmpaddr38	Label	IMPORTED
csreg:03d7	pmpaddr39	Label	IMPORTED
csreg:03d8	pmpaddr40	Label	IMPORTED
csreg:03d9	pmpaddr41	Label	IMPORTED
csreg:03da	pmpaddr42	Label	IMPORTED
csreg:03db	pmpaddr43	Label	IMPORTED
csreg:03dc	pmpaddr44	Label	IMPORTED
csreg:03dd	pmpaddr45	Label	IMPORTED
csreg:03de	pmpaddr46	Label	IMPORTED
csreg:03df	pmpaddr47	Label	IMPORTED
csreg:03e0	pmpaddr48	Label	IMPORTED
csreg:03e1	pmpaddr49	Label	IMPORTED
csreg:03e2	pmpaddr50	Label	IMPORTED
csreg:03e3	pmpaddr51	Label	IMPORTED
csreg:03e4	pmpaddr52	Label	IMPORTED
csreg:03e5	pmpaddr53	Label	IMPORTED
csreg:03e6	pmpaddr54	Label	IMPORTED
csreg:03e7	pmpaddr55	Label	IMPORTED
csreg:03e8	pmpaddr56	Label	IMPORTED
csreg:03e9	pmpaddr57	Label	IMPORTED
csreg:03ea	pmpaddr58	Label	IMPORTED
csreg:03eb	pmpaddr59	Label	IMPORTED
csreg:03ec	pmpaddr60	Label	IMPORTED
csreg:03ed	pmpaddr61	Label	IMPORTED
csreg:03ee	pmpaddr62	Label	IMPORTED
csreg:03ef	pmpaddr63	Label	IMPORTED
csreg:05a8	scontext	Label	IMPORTED
csreg:0600	hstatus	Label	IMPORTED
csreg:0602	hedeleg	Label	IMPORTED
csreg:0603	hideleg	Label	IMPORTED
csreg:0604	hie	Label	IMPORTED
csreg:0605	htimedelta	Label	IMPORTED
csreg:0606	hcounteren	Label	IMPORTED
csreg:0607	hgeie	Label	IMPORTED
csreg:0615	htimedeltah	Label	IMPORTED
csreg:0643	htval	Label	IMPORTED
csreg:0644	hip	Label	IMPORTED
csreg:0645	hvip	Label	IMPORTED
csreg:064a	htinst	Label	IMPORTED
csreg:0680	hgatp	Label	IMPORTED
csreg:06a8	hcontext	Label	IMPORTED
csreg:07a0	tselect	Label	IMPORTED
csreg:07a1	tdata1	Label	IMPORTED
csreg:07a2	tdata2	Label	IMPORTED
csreg:07a3	tdata3	Label	IMPORTED
csreg:07a8	mcontext	Label	IMPORTED
csreg:07b0	dcsr	Label	IMPORTED
csreg:07b1	dpc	Label	IMPORTED
csreg:07b2	dscratch0	Label	IMPORTED
csreg:07b3	dscratch1	Label	IMPORTED
csreg:0a00	mcycle	Label	IMPORTED
csreg:0a02	minstret	Label	IMPORTED
csreg:0a03	mhpmcounter3	Label	IMPORTED
csreg:0a04	mhpmcounter4	Label	IMPORTED
csreg:0a05	mhpmcounter5	Label	IMPORTED
csreg:0a06	mhpmcounter6	Label	IMPORTED
csreg:0a07	mhpmcounter7	Label	IMPORTED
csreg:0a08	mhpmcounter8	Label	IMPORTED
csreg:0a09	mhpmcounter9	Label	IMPORTED
csreg:0a0a	mhpmcounter10	Label	IMPORTED
csreg:0a0b	mhpmcounter11	Label	IMPORTED
csreg:0a0c	mhpmcounter12	Label	IMPORTED
csreg:0a0d	mhpmcounter13	Label	IMPORTED
csreg:0a0e	mhpmcounter14	Label	IMPORTED
csreg:0a0f	mhpmcounter15	Label	IMPORTED
csreg:0a10	mhpmcounter16	Label	IMPORTED
csreg:0a11	mhpmcounter17	Label	IMPORTED
csreg:0a12	mhpmcounter18	Label	IMPORTED
csreg:0a13	mhpmcounter19	Label	IMPORTED
csreg:0a14	mhpmcounter20	Label	IMPORTED
csreg:0a15	mhpmcounter21	Label	IMPORTED
csreg:0a16	mhpmcounter22	Label	IMPORTED
csreg:0a17	mhpmcounter23	Label	IMPORTED
csreg:0a18	mhpmcounter24	Label	IMPORTED
csreg:0a19	mhpmcounter25	Label	IMPORTED
csreg:0a1a	mhpmcounter26	Label	IMPORTED
csreg:0a1b	mhpmcounter27	Label	IMPORTED
csreg:0a1c	mhpmcounter28	Label	IMPORTED
csreg:0a1d	mhpmcounter29	Label	IMPORTED
csreg:0a1e	mhpmcounter30	Label	IMPORTED
csreg:0a1f	mhpmcounter31	Label	IMPORTED
csreg:0b80	mcycleh	Label	IMPORTED
csreg:0b81	minstreth	Label	IMPORTED
csreg:0b82	mhpmcounter3h	Label	IMPORTED
csreg:0b83	mhpmcounter4h	Label	IMPORTED
csreg:0b84	mhpmcounter5h	Label	IMPORTED
csreg:0b85	mhpmcounter6h	Label	IMPORTED
csreg:0b86	mhpmcounter7h	Label	IMPORTED
csreg:0b88	mhpmcounter8h	Label	IMPORTED
csreg:0b89	mhpmcounter9h	Label	IMPORTED
csreg:0b8a	mhpmcounter10h	Label	IMPORTED
csreg:0b8b	mhpmcounter11h	Label	IMPORTED
csreg:0b8c	mhpmcounter12h	Label	IMPORTED
csreg:0b8d	mhpmcounter13h	Label	IMPORTED
csreg:0b8e	mhpmcounter14h	Label	IMPORTED
csreg:0b8f	mhpmcounter15h	Label	IMPORTED
csreg:0b90	mhpmcounter16h	Label	IMPORTED
csreg:0b91	mhpmcounter17h	Label	IMPORTED
csreg:0b92	mhpmcounter18h	Label	IMPORTED
csreg:0b93	mhpmcounter19h	Label	IMPORTED
csreg:0b94	mhpmcounter20h	Label	IMPORTED
csreg:0b95	mhpmcounter21h	Label	IMPORTED
csreg:0b96	mhpmcounter22h	Label	IMPORTED
csreg:0b97	mhpmcounter23h	Label	IMPORTED
csreg:0b98	mhpmcounter24h	Label	IMPORTED
csreg:0b99	mhpmcounter25h	Label	IMPORTED
csreg:0b9a	mhpmcounter26h	Label	IMPORTED
csreg:0b9b	mhpmcounter27h	Label	IMPORTED
csreg:0b9c	mhpmcounter28h	Label	IMPORTED
csreg:0b9d	mhpmcounter29h	Label	IMPORTED
csreg:0b9e	mhpmcounter30h	Label	IMPORTED
csreg:0b9f	mhpmcounter31h	Label	IMPORTED
csreg:0c00	cycle	Label	IMPORTED
csreg:0c01	time	Label	IMPORTED
csreg:0c02	instret	Label	IMPORTED
csreg:0c03	hpmcounter3	Label	IMPORTED
csreg:0c04	hpmcounter4	Label	IMPORTED
csreg:0c05	hpmcounter5	Label	IMPORTED
csreg:0c06	hpmcounter6	Label	IMPORTED
csreg:0c07	hpmcounter7	Label	IMPORTED
csreg:0c08	hpmcounter8	Label	IMPORTED
csreg:0c09	hpmcounter9	Label	IMPORTED
csreg:0c0a	hpmcounter10	Label	IMPORTED
csreg:0c0b	hpmcounter11	Label	IMPORTED
csreg:0c0c	hpmcounter12	Label	IMPORTED
csreg:0c0d	hpmcounter13	Label	IMPORTED
csreg:0c0e	hpmcounter14	Label	IMPORTED
csreg:0c0f	hpmcounter15	Label	IMPORTED
csreg:0c10	hpmcounter16	Label	IMPORTED
csreg:0c11	hpmcounter17	Label	IMPORTED
csreg:0c12	hpmcounter18	Label	IMPORTED
csreg:0c13	hpmcounter19	Label	IMPORTED
csreg:0c14	hpmcounter20	Label	IMPORTED
csreg:0c15	hpmcounter21	Label	IMPORTED
csreg:0c16	hpmcounter22	Label	IMPORTED
csreg:0c17	hpmcounter23	Label	IMPORTED
csreg:0c18	hpmcounter24	Label	IMPORTED
csreg:0c19	hpmcounter25	Label	IMPORTED
csreg:0c1a	hpmcounter26	Label	IMPORTED
csreg:0c1b	hpmcounter27	Label	IMPORTED
csreg:0c1c	hpmcounter28	Label	IMPORTED
csreg:0c1d	hpmcounter29	Label	IMPORTED
csreg:0c1e	hpmcounter30	Label	IMPORTED
csreg:0c1f	hpmcounter31	Label	IMPORTED
csreg:0c20	vl	Label	IMPORTED
csreg:0c21	vtype	Label	IMPORTED
csreg:0c22	vlenb	Label	IMPORTED
csreg:0c80	cycleh	Label	IMPORTED
csreg:0c81	timeh	Label	IMPORTED
csreg:0c82	instreth	Label	IMPORTED
csreg:0c83	hpmcounter3h	Label	IMPORTED
csreg:0c84	hpmcounter4h	Label	IMPORTED
csreg:0c85	hpmcounter5h	Label	IMPORTED
csreg:0c86	hpmcounter6h	Label	IMPORTED
csreg:0c87	hpmcounter7h	Label	IMPORTED
csreg:0c88	hpmcounter8h	Label	IMPORTED
csreg:0c89	hpmcounter9h	Label	IMPORTED
csreg:0c8a	hpmcounter10h	Label	IMPORTED
csreg:0c8b	hpmcounter11h	Label	IMPORTED
csreg:0c8c	hpmcounter12h	Label	IMPORTED
csreg:0c8d	hpmcounter13h	Label	IMPORTED
csreg:0c8e	hpmcounter14h	Label	IMPORTED
csreg:0c8f	hpmcounter15h	Label	IMPORTED
csreg:0c90	hpmcounter16h	Label	IMPORTED
csreg:0c91	hpmcounter17h	Label	IMPORTED
csreg:0c92	hpmcounter18h	Label	IMPORTED
csreg:0c93	hpmcounter19h	Label	IMPORTED
csreg:0c94	hpmcounter20h	Label	IMPORTED
csreg:0c95	hpmcounter21h	Label	IMPORTED
csreg:0c96	hpmcounter22h	Label	IMPORTED
csreg:0c97	hpmcounter23h	Label	IMPORTED
csreg:0c98	hpmcounter24h	Label	IMPORTED
csreg:0c99	hpmcounter25h	Label	IMPORTED
csreg:0c9a	hpmcounter26h	Label	IMPORTED
csreg:0c9b	hpmcounter27h	Label	IMPORTED
csreg:0c9c	hpmcounter28h	Label	IMPORTED
csreg:0c9d	hpmcounter29h	Label	IMPORTED
csreg:0c9e	hpmcounter30h	Label	IMPORTED
csreg:0c9f	hpmcounter31h	Label	IMPORTED
csreg:0e12	hgeip	Label	IMPORTED
csreg:0f11	mvendorid	Label	IMPORTED
csreg:0f12	marchid	Label	IMPORTED
csreg:0f13	mimpid	Label	IMPORTED
csreg:0f14	mhartid	Label	IMPORTED
