phase	function	instruction	disassembly	op_index	direction	space	bytes	address_expression	resolved_address	value_expression
decompiler	CODE:1000	CODE:af8b	MOV @R0,A	4	write	INTMEM	1	MULTIEQUAL(0xff,PTRADD(MULTIEQUAL(0xff,PTRADD(MULTIEQUAL(0xff,PTRADD(MULTIEQUAL((register, 0x0, 1),(register, 0x0, 1)),0xff,0x1)),0xff,0x1)),0xff,0x1))		0x0
decompiler	CODE:1000	CODE:af96	MOVX @DPTR,A	14	write	EXTMEM	1	MULTIEQUAL(0x0,PTRADD(MULTIEQUAL(0x0,PTRADD(MULTIEQUAL(0x0,PTRADD(MULTIEQUAL((register, 0x82, 2),(register, 0x82, 2),(register, 0x82, 2)),0x1,0x1),PTRADD(MULTIEQUAL((register, 0x82, 2),(register, 0x82, 2),(register, 0x82, 2)),0x1,0x1)),0x1,0x1),PTRADD(MULTIEQUAL(0x0,PTRADD(MULTIEQUAL((register, 0x82, 2),(register, 0x82, 2),(register, 0x82, 2)),0x1,0x1),PTRADD(MULTIEQUAL((register, 0x82, 2),(register, 0x82, 2),(register, 0x82, 2)),0x1,0x1)),0x1,0x1)),0x1,0x1),PTRADD(MULTIEQUAL(0x0,PTRADD(MULTIEQUAL(0x0,PTRAD...[truncated])		0x0
decompiler	CODE:1000	CODE:af9c	MOV 0x81,#0xd2	271	read	SFR	1	SFR:81	0x81	
decompiler	CODE:1000	CODE:afa6	MOVC A,@A+DPTR	246	read	CODE	1	COPY(MULTIEQUAL(COPY(PTRADD(MULTIEQUAL(0xb022,PTRADD(MULTIEQUAL((register, 0x82, 2),(register, 0x82, 2)),0x1,0x1),PTRADD(MULTIEQUAL((register, 0x82, 2),(register, 0x82, 2)),0x1,0x1),PTRADD(MULTIEQUAL((register, 0x82, 2),(register, 0x82, 2),(register, 0x82, 2)),0x1,0x1)),0x1,0x1)),COPY(PTRADD(MULTIEQUAL(0xb022,PTRADD(MULTIEQUAL((register, 0x82, 2),(register, 0x82, 2)),0x1,0x1),PTRADD(MULTIEQUAL((register, 0x82, 2),(register, 0x82, 2)),0x1,0x1),PTRADD(MULTIEQUAL((register, 0x82, 2),(register, 0x82, 2),(regist...[truncated])		
decompiler	CODE:1000	CODE:afaa	MOVC A,@A+DPTR	252	read	CODE	1	MULTIEQUAL(PTRADD(COPY(MULTIEQUAL(COPY(PTRADD(MULTIEQUAL((register, 0x82, 2),(register, 0x82, 2),(register, 0x82, 2),(register, 0x82, 2)),0x1,0x1)),COPY(PTRADD(MULTIEQUAL((register, 0x82, 2),(register, 0x82, 2),(register, 0x82, 2),(register, 0x82, 2)),0x2,0x1)),COPY(PTRADD(MULTIEQUAL((register, 0x82, 2),(register, 0x82, 2),(register, 0x82, 2),(register, 0x82, 2)),0x2,0x1)))),0x1,0x1),PTRADD(MULTIEQUAL(PTRADD(COPY(MULTIEQUAL(COPY((register, 0x82, 2)),COPY((register, 0x82, 2)),COPY((register, 0x82, 2)))),0x1,...[truncated])		
decompiler	CODE:1000	CODE:afae	MOV @R0,A	258	write	INTMEM	1	MULTIEQUAL(CAST(LOAD(0x211,COPY(MULTIEQUAL(COPY(PTRADD((register, 0x82, 2),0x1,0x1)),COPY(PTRADD((register, 0x82, 2),0x2,0x1)),COPY(PTRADD((register, 0x82, 2),0x2,0x1)))))),PTRADD(MULTIEQUAL(CAST(LOAD(0x211,COPY(MULTIEQUAL((unique, 0x10000016, 2),(unique, 0x10000018, 2),(unique, 0x10000018, 2))))),PTRADD(MULTIEQUAL(CAST(LOAD(0x211,(register, 0x82, 2))),PTRADD(MULTIEQUAL((register, 0xb, 1),(register, 0x0, 1)),0x1,0x1)),0x1,0x1)),0x1,0x1))		LOAD(0x211,MULTIEQUAL(PTRADD(COPY(MULTIEQUAL((unique, 0x10000016, 2),(unique, 0x10000018, 2),(unique, 0x10000018, 2))),0x1,0x1),PTRADD(MULTIEQUAL(PTRADD((register, 0x82, 2),0x1,0x1),PTRADD((register, 0x82, 2),0x1,0x1)),0x1,0x1)))
decompiler	CODE:1000	CODE:afb1	MOVX @R0,A	267	write	EXTMEM	1	CAST(INT_ZEXT(MULTIEQUAL(CAST(LOAD(0x211,COPY(MULTIEQUAL((unique, 0x10000016, 2),(unique, 0x10000018, 2),(unique, 0x10000018, 2))))),PTRADD(MULTIEQUAL(CAST(LOAD(0x211,(register, 0x82, 2))),PTRADD(MULTIEQUAL((register, 0xb, 1),(register, 0x0, 1)),0x1,0x1)),0x1,0x1))))		LOAD(0x211,MULTIEQUAL(PTRADD(COPY(MULTIEQUAL((unique, 0x10000016, 2),(unique, 0x10000018, 2),(unique, 0x10000018, 2))),0x1,0x1),PTRADD(MULTIEQUAL(PTRADD((register, 0x82, 2),0x1,0x1),PTRADD((register, 0x82, 2),0x1,0x1)),0x1,0x1)))
decompiler	CODE:1000	CODE:afb8	MOVC A,@A+DPTR	162	read	CODE	1	MULTIEQUAL(COPY(MULTIEQUAL(COPY(PTRADD(MULTIEQUAL(0xb022,PTRADD((register, 0x82, 2),0x1,0x1),PTRADD((register, 0x82, 2),0x1,0x1),PTRADD((register, 0x82, 2),0x1,0x1)),0x1,0x1)),COPY(PTRADD(MULTIEQUAL(0xb022,PTRADD((register, 0x82, 2),0x1,0x1),PTRADD((register, 0x82, 2),0x1,0x1),PTRADD((register, 0x82, 2),0x1,0x1)),0x2,0x1)),COPY(PTRADD(MULTIEQUAL(0xb022,PTRADD((register, 0x82, 2),0x1,0x1),PTRADD((register, 0x82, 2),0x1,0x1),PTRADD((register, 0x82, 2),0x1,0x1)),0x2,0x1)))),PTRADD(MULTIEQUAL(COPY(MULTIEQUAL(CO...[truncated])		
decompiler	CODE:1000	CODE:afc8	MOVC A,@A+PC	219	read	CODE	1	CAST(INT_ADD(INT_ZEXT(INT_ADD(INT_AND(LOAD(0x211,MULTIEQUAL((register, 0x82, 2),(register, 0x82, 2))),0x7),0xc)),0xafc9))		
decompiler	CODE:1000	CODE:afcc	ANL A,@R0	224	read	INTMEM	1	CAST(INT_OR(INT_RIGHT(INT_AND(LOAD(0x211,MULTIEQUAL(COPY((unique, 0x1000001c, 2)),PTRADD((register, 0x82, 2),0x1,0x1))),0x7f),0x3),0x20))		
decompiler	CODE:1000	CODE:afcf	ORL A,@R0	241	read	INTMEM	1	CAST(INT_OR(INT_RIGHT(INT_AND(LOAD(0x211,MULTIEQUAL(COPY((unique, 0x1000001c, 2)),PTRADD((register, 0x82, 2),0x1,0x1))),0x7f),0x3),0x20))		
decompiler	CODE:1000	CODE:afd0	MOV @R0,A	236	write	INTMEM	1	CAST(INT_OR(INT_RIGHT(INT_AND(LOAD(0x211,MULTIEQUAL(COPY((unique, 0x1000001c, 2)),PTRADD((register, 0x82, 2),0x1,0x1))),0x7f),0x3),0x20))		MULTIEQUAL(INT_AND(INT_NEGATE(LOAD(0x211,CAST((unique, 0x10000022, 2)))),LOAD(0x281,CAST(INT_OR((unique, 0x11600, 1),0x20)))),INT_OR(LOAD(0x211,CAST(INT_ADD((unique, 0x2500, 2),0xafc9))),LOAD(0x281,CAST(INT_OR((unique, 0x11600, 1),0x20)))))
decompiler	CODE:1000	CODE:afe3	MOVC A,@A+DPTR	29	read	CODE	1	MULTIEQUAL(0xb022,PTRADD(MULTIEQUAL(PTRADD(COPY(MULTIEQUAL(COPY((register, 0x82, 2)),COPY((register, 0x82, 2)),COPY((register, 0x82, 2)))),0x1,0x1),PTRADD(MULTIEQUAL(PTRADD(COPY((unique, 0x1000001c, 2)),0x1,0x1),PTRADD(MULTIEQUAL((register, 0x82, 2),(register, 0x82, 2)),0x1,0x1)),0x1,0x1)),0x1,0x1),PTRADD(MULTIEQUAL(COPY(MULTIEQUAL(COPY(PTRADD((register, 0x82, 2),0x1,0x1)),COPY(PTRADD((register, 0x82, 2),0x2,0x1)),COPY(PTRADD((register, 0x82, 2),0x2,0x1)))),PTRADD(MULTIEQUAL(COPY(MULTIEQUAL((unique, 0x10000...[truncated])		
decompiler	CODE:1000	CODE:aff1	MOVC A,@A+DPTR	60	read	CODE	1	PTRADD(MULTIEQUAL(0xb022,PTRADD(MULTIEQUAL(PTRADD(COPY(MULTIEQUAL((unique, 0x10000016, 2),(unique, 0x10000018, 2),(unique, 0x10000018, 2))),0x1,0x1),PTRADD(MULTIEQUAL(PTRADD((register, 0x82, 2),0x1,0x1),PTRADD((register, 0x82, 2),0x1,0x1)),0x1,0x1)),0x1,0x1),PTRADD(MULTIEQUAL(COPY(MULTIEQUAL(COPY((register, 0x82, 2)),COPY((register, 0x82, 2)),COPY((register, 0x82, 2)))),PTRADD(MULTIEQUAL(COPY((unique, 0x1000001c, 2)),PTRADD((register, 0x82, 2),0x1,0x1)),0x1,0x1)),0x1,0x1),PTRADD(MULTIEQUAL(PTRADD(COPY(MULTI...[truncated])		
decompiler	CODE:1000	CODE:b004	MOVC A,@A+DPTR	442	read	CODE	2	CAST(COPY(MULTIEQUAL(COPY(PTRADD(MULTIEQUAL(0xb022,PTRADD((register, 0x82, 2),0x1,0x1),PTRADD((register, 0x82, 2),0x1,0x1),PTRADD((register, 0x82, 2),0x1,0x1)),0x1,0x1)),COPY(PTRADD(MULTIEQUAL(0xb022,PTRADD((register, 0x82, 2),0x1,0x1),PTRADD((register, 0x82, 2),0x1,0x1),PTRADD((register, 0x82, 2),0x1,0x1)),0x2,0x1)),COPY(PTRADD(MULTIEQUAL(0xb022,PTRADD((register, 0x82, 2),0x1,0x1),PTRADD((register, 0x82, 2),0x1,0x1),PTRADD((register, 0x82, 2),0x1,0x1)),0x2,0x1)))))		
decompiler	CODE:1000	CODE:b008	MOVC A,@A+DPTR	110	read	CODE	1	MULTIEQUAL(PTRADD(COPY(MULTIEQUAL(COPY(PTRADD(MULTIEQUAL((register, 0x82, 2),(register, 0x82, 2),(register, 0x82, 2),(register, 0x82, 2)),0x1,0x1)),COPY(PTRADD(MULTIEQUAL((register, 0x82, 2),(register, 0x82, 2),(register, 0x82, 2),(register, 0x82, 2)),0x2,0x1)),COPY(PTRADD(MULTIEQUAL((register, 0x82, 2),(register, 0x82, 2),(register, 0x82, 2),(register, 0x82, 2)),0x2,0x1)))),0x2,0x1),PTRADD(MULTIEQUAL(PTRADD(COPY(MULTIEQUAL(COPY((register, 0x82, 2)),COPY((register, 0x82, 2)),COPY((register, 0x82, 2)))),0x2,...[truncated])		
decompiler	CODE:1000	CODE:b012	MOVX @DPTR,A	132	write	EXTMEM	1	MULTIEQUAL(LOAD(0x211,CAST(COPY(MULTIEQUAL(COPY(PTRADD((register, 0x82, 2),0x1,0x1)),COPY(PTRADD((register, 0x82, 2),0x2,0x1)),COPY(PTRADD((register, 0x82, 2),0x2,0x1)))))),PTRADD(MULTIEQUAL(LOAD(0x211,CAST(COPY(MULTIEQUAL((unique, 0x10000016, 2),(unique, 0x10000018, 2),(unique, 0x10000018, 2))))),PTRADD(MULTIEQUAL(LOAD(0x211,CAST((register, 0x82, 2))),PTRADD(MULTIEQUAL((unique, 0x10000012, 2),(register, 0x82, 2),(register, 0x82, 2)),0x1,0x1),PTRADD(MULTIEQUAL((unique, 0x10000012, 2),(register, 0x82, 2),(re...[truncated])		LOAD(0x211,MULTIEQUAL(PTRADD(COPY(MULTIEQUAL((unique, 0x10000016, 2),(unique, 0x10000018, 2),(unique, 0x10000018, 2))),0x2,0x1),PTRADD(MULTIEQUAL(PTRADD((register, 0x82, 2),0x2,0x1),PTRADD((register, 0x82, 2),0x1,0x1),PTRADD((register, 0x82, 2),0x1,0x1)),0x1,0x1),PTRADD(MULTIEQUAL(PTRADD((register, 0x82, 2),0x2,0x1),PTRADD((register, 0x82, 2),0x1,0x1),PTRADD((register, 0x82, 2),0x1,0x1)),0x1,0x1)))
decompiler	CODE:1006	CODE:1006	CLR 0x10	0	write	BITS	1	BITS:10	0x10	0x0
decompiler	CODE:1006	CODE:1008	CLR 0x11	1	write	BITS	1	BITS:11	0x11	0x0
decompiler	CODE:1006	CODE:100a	RET	12	write	BITS	1	BITS:10	0x10	0x0
decompiler	CODE:1006	CODE:100a	RET	12	read	BITS	1	BITS:10	0x10	
decompiler	CODE:1006	CODE:100a	RET	13	write	BITS	1	BITS:11	0x11	0x0
decompiler	CODE:1006	CODE:100a	RET	13	read	BITS	1	BITS:11	0x11	
decompiler	CODE:100b	CODE:100b	LJMP 0x50fb	915	read	INTMEM	1	INTMEM:00	0x0	
decompiler	CODE:100b	CODE:100b	LJMP 0x50fb	916	read	INTMEM	1	INTMEM:01	0x1	
decompiler	CODE:100b	CODE:100b	LJMP 0x50fb	917	read	INTMEM	1	INTMEM:02	0x2	
decompiler	CODE:100b	CODE:100b	LJMP 0x50fb	918	read	INTMEM	1	INTMEM:03	0x3	
decompiler	CODE:100b	CODE:100b	LJMP 0x50fb	919	read	INTMEM	1	INTMEM:04	0x4	
decompiler	CODE:100b	CODE:100b	LJMP 0x50fb	920	read	INTMEM	1	INTMEM:05	0x5	
decompiler	CODE:100b	CODE:100b	LJMP 0x50fb	921	read	INTMEM	1	INTMEM:06	0x6	
decompiler	CODE:100b	CODE:100b	LJMP 0x50fb	922	read	INTMEM	1	INTMEM:07	0x7	
decompiler	CODE:100b	CODE:511f	MOVX @DPTR,A	35	write	EXTMEM	1	EXTMEM:0551	0x551	mem[EXTMEM:2038]
decompiler	CODE:100b	CODE:511f	MOVX @DPTR,A	35	read	EXTMEM	1	EXTMEM:2038	0x2038	
decompiler	CODE:100b	CODE:5127	MOVX @DPTR,A	43	write	EXTMEM	1	EXTMEM:0552	0x552	mem[EXTMEM:2039]
decompiler	CODE:100b	CODE:5127	MOVX @DPTR,A	43	read	EXTMEM	1	EXTMEM:2039	0x2039	
decompiler	CODE:100b	CODE:5141	MOVX @DPTR,A	87	write	EXTMEM	1	EXTMEM:0763	0x763	0x2
decompiler	CODE:100b	CODE:5144	MOV @R0,#0x0	90	write	INTMEM	1	INTMEM:b9	0xb9	0x0
decompiler	CODE:100b	CODE:515e	MOV @R0,#0x0	134	write	INTMEM	1	INTMEM:b9	0xb9	0x0
decompiler	CODE:100b	CODE:5186	MOVX @DPTR,A	211	write	EXTMEM	1	EXTMEM:0764	0x764	0x2
decompiler	CODE:100b	CODE:5189	MOV @R0,#0x1	214	write	INTMEM	1	INTMEM:b9	0xb9	0x1
decompiler	CODE:100b	CODE:51a3	MOV @R0,#0x1	258	write	INTMEM	1	INTMEM:b9	0xb9	0x1
decompiler	CODE:100b	CODE:51c1	MOVX @DPTR,A	708	write	EXTMEM	1	EXTMEM:2038	0x2038	INT_AND(mem[EXTMEM:2038],INT_NEGATE(mem[EXTMEM:0551]))
decompiler	CODE:100b	CODE:51d7	MOVX @DPTR,A	721	write	EXTMEM	1	EXTMEM:2039	0x2039	INT_AND(mem[EXTMEM:2039],INT_NEGATE(mem[EXTMEM:0552]))
decompiler	CODE:100b	CODE:51d8	CLR 0xb9	375	read	BITS	1	BITS:b9	0xb9	
decompiler	CODE:100b	CODE:51da	POP 0x07	334	write	INTMEM	1	INTMEM:07	0x7	COPY(mem[INTMEM:07])
decompiler	CODE:100b	CODE:51dc	POP 0x06	336	write	INTMEM	1	INTMEM:06	0x6	COPY(mem[INTMEM:06])
decompiler	CODE:100b	CODE:51de	POP 0x05	338	write	INTMEM	1	INTMEM:05	0x5	COPY(mem[INTMEM:05])
decompiler	CODE:100b	CODE:51e0	POP 0x04	340	write	INTMEM	1	INTMEM:04	0x4	COPY(mem[INTMEM:04])
decompiler	CODE:100b	CODE:51e2	POP 0x03	342	write	INTMEM	1	INTMEM:03	0x3	COPY(mem[INTMEM:03])
decompiler	CODE:100b	CODE:51e4	POP 0x02	344	write	INTMEM	1	INTMEM:02	0x2	COPY(mem[INTMEM:02])
decompiler	CODE:100b	CODE:51e6	POP 0x01	346	write	INTMEM	1	INTMEM:01	0x1	COPY(mem[INTMEM:01])
decompiler	CODE:100b	CODE:51e8	POP 0x00	348	write	INTMEM	1	INTMEM:00	0x0	COPY(mem[INTMEM:00])
decompiler	CODE:100b	CODE:51f4	RETI	569	write	INTMEM	1	INTMEM:00	0x0	mem[INTMEM:00]
decompiler	CODE:100b	CODE:51f4	RETI	569	read	INTMEM	1	INTMEM:00	0x0	
decompiler	CODE:100b	CODE:51f4	RETI	579	write	INTMEM	1	INTMEM:01	0x1	mem[INTMEM:01]
decompiler	CODE:100b	CODE:51f4	RETI	579	read	INTMEM	1	INTMEM:01	0x1	
decompiler	CODE:100b	CODE:51f4	RETI	589	write	INTMEM	1	INTMEM:02	0x2	mem[INTMEM:02]
decompiler	CODE:100b	CODE:51f4	RETI	589	read	INTMEM	1	INTMEM:02	0x2	
decompiler	CODE:100b	CODE:51f4	RETI	599	write	INTMEM	1	INTMEM:03	0x3	mem[INTMEM:03]
decompiler	CODE:100b	CODE:51f4	RETI	599	read	INTMEM	1	INTMEM:03	0x3	
decompiler	CODE:100b	CODE:51f4	RETI	609	write	INTMEM	1	INTMEM:04	0x4	mem[INTMEM:04]
decompiler	CODE:100b	CODE:51f4	RETI	609	read	INTMEM	1	INTMEM:04	0x4	
decompiler	CODE:100b	CODE:51f4	RETI	619	write	INTMEM	1	INTMEM:05	0x5	mem[INTMEM:05]
decompiler	CODE:100b	CODE:51f4	RETI	619	read	INTMEM	1	INTMEM:05	0x5	
decompiler	CODE:100b	CODE:51f4	RETI	629	write	INTMEM	1	INTMEM:06	0x6	mem[INTMEM:06]
decompiler	CODE:100b	CODE:51f4	RETI	629	read	INTMEM	1	INTMEM:06	0x6	
decompiler	CODE:100b	CODE:51f4	RETI	639	write	INTMEM	1	INTMEM:07	0x7	mem[INTMEM:07]
decompiler	CODE:100b	CODE:51f4	RETI	639	read	INTMEM	1	INTMEM:07	0x7	
decompiler	CODE:100b	CODE:51f4	RETI	649	write	INTMEM	1	INTMEM:b9	0xb9	mem[INTMEM:b9]
decompiler	CODE:100b	CODE:51f4	RETI	649	read	INTMEM	1	INTMEM:b9	0xb9	
decompiler	CODE:100b	CODE:51f4	RETI	659	write	EXTMEM	1	EXTMEM:0551	0x551	mem[EXTMEM:0551]
decompiler	CODE:100b	CODE:51f4	RETI	659	read	EXTMEM	1	EXTMEM:0551	0x551	
decompiler	CODE:100b	CODE:51f4	RETI	671	write	EXTMEM	1	EXTMEM:0552	0x552	mem[EXTMEM:0552]
decompiler	CODE:100b	CODE:51f4	RETI	671	read	EXTMEM	1	EXTMEM:0552	0x552	
decompiler	CODE:100b	CODE:51f4	RETI	683	write	EXTMEM	1	EXTMEM:0763	0x763	mem[EXTMEM:0763]
decompiler	CODE:100b	CODE:51f4	RETI	683	read	EXTMEM	1	EXTMEM:0763	0x763	
decompiler	CODE:100b	CODE:51f4	RETI	695	write	EXTMEM	1	EXTMEM:0764	0x764	mem[EXTMEM:0764]
decompiler	CODE:100b	CODE:51f4	RETI	695	read	EXTMEM	1	EXTMEM:0764	0x764	
decompiler	CODE:100b	CODE:51f4	RETI	707	write	EXTMEM	1	EXTMEM:2038	0x2038	mem[EXTMEM:2038]
decompiler	CODE:100b	CODE:51f4	RETI	707	read	EXTMEM	1	EXTMEM:2038	0x2038	
decompiler	CODE:100b	CODE:51f4	RETI	719	write	EXTMEM	1	EXTMEM:2039	0x2039	mem[EXTMEM:2039]
decompiler	CODE:100b	CODE:51f4	RETI	719	read	EXTMEM	1	EXTMEM:2039	0x2039	
decompiler	CODE:100b	CODE:51f4	RETI	731	write	EXTMEM	1	EXTMEM:203a	0x203a	mem[EXTMEM:203a]
decompiler	CODE:100b	CODE:51f4	RETI	731	read	EXTMEM	1	EXTMEM:203a	0x203a	
decompiler	CODE:100b	CODE:51f4	RETI	743	write	EXTMEM	1	EXTMEM:203b	0x203b	mem[EXTMEM:203b]
decompiler	CODE:100b	CODE:51f4	RETI	743	read	EXTMEM	1	EXTMEM:203b	0x203b	
decompiler	CODE:101b	CODE:101b	LJMP 0x77b4	148	read	INTMEM	1	INTMEM:00	0x0	
decompiler	CODE:101b	CODE:101b	LJMP 0x77b4	149	read	INTMEM	1	INTMEM:01	0x1	
decompiler	CODE:101b	CODE:101b	LJMP 0x77b4	150	read	INTMEM	1	INTMEM:02	0x2	
decompiler	CODE:101b	CODE:101b	LJMP 0x77b4	151	read	INTMEM	1	INTMEM:03	0x3	
decompiler	CODE:101b	CODE:101b	LJMP 0x77b4	152	read	INTMEM	1	INTMEM:04	0x4	
decompiler	CODE:101b	CODE:101b	LJMP 0x77b4	153	read	INTMEM	1	INTMEM:05	0x5	
decompiler	CODE:101b	CODE:101b	LJMP 0x77b4	154	read	INTMEM	1	INTMEM:06	0x6	
decompiler	CODE:101b	CODE:101b	LJMP 0x77b4	155	read	INTMEM	1	INTMEM:07	0x7	
decompiler	CODE:101b	CODE:77d1	MOV 0xb8,#0xf7	87	read	SFR	1	SFR:b8	0xb8	
decompiler	CODE:101b	CODE:77d9	MOVX @DPTR,A	33	write	EXTMEM	1	EXTMEM:0701	0x701	0x6
decompiler	CODE:101b	CODE:77dd	MOVX @DPTR,A	38	write	EXTMEM	1	EXTMEM:0702	0x702	0xf1
decompiler	CODE:101b	CODE:77e0	MOV @R0,#0x0	41	write	INTMEM	1	INTMEM:b9	0xb9	0x0
decompiler	CODE:101b	CODE:77e5	POP 0x07	50	write	INTMEM	1	INTMEM:07	0x7	COPY(mem[INTMEM:07])
decompiler	CODE:101b	CODE:77e7	POP 0x06	52	write	INTMEM	1	INTMEM:06	0x6	COPY(mem[INTMEM:06])
decompiler	CODE:101b	CODE:77e9	POP 0x05	54	write	INTMEM	1	INTMEM:05	0x5	COPY(mem[INTMEM:05])
decompiler	CODE:101b	CODE:77eb	POP 0x04	56	write	INTMEM	1	INTMEM:04	0x4	COPY(mem[INTMEM:04])
decompiler	CODE:101b	CODE:77ed	POP 0x03	58	write	INTMEM	1	INTMEM:03	0x3	COPY(mem[INTMEM:03])
decompiler	CODE:101b	CODE:77ef	POP 0x02	60	write	INTMEM	1	INTMEM:02	0x2	COPY(mem[INTMEM:02])
decompiler	CODE:101b	CODE:77f1	POP 0x01	62	write	INTMEM	1	INTMEM:01	0x1	COPY(mem[INTMEM:01])
decompiler	CODE:101b	CODE:77f3	POP 0x00	64	write	INTMEM	1	INTMEM:00	0x0	COPY(mem[INTMEM:00])
decompiler	CODE:101b	CODE:77ff	RETI	112	write	INTMEM	1	INTMEM:00	0x0	mem[INTMEM:00]
decompiler	CODE:101b	CODE:77ff	RETI	112	read	INTMEM	1	INTMEM:00	0x0	
decompiler	CODE:101b	CODE:77ff	RETI	114	write	INTMEM	1	INTMEM:01	0x1	mem[INTMEM:01]
decompiler	CODE:101b	CODE:77ff	RETI	114	read	INTMEM	1	INTMEM:01	0x1	
decompiler	CODE:101b	CODE:77ff	RETI	116	write	INTMEM	1	INTMEM:02	0x2	mem[INTMEM:02]
decompiler	CODE:101b	CODE:77ff	RETI	116	read	INTMEM	1	INTMEM:02	0x2	
decompiler	CODE:101b	CODE:77ff	RETI	118	write	INTMEM	1	INTMEM:03	0x3	mem[INTMEM:03]
decompiler	CODE:101b	CODE:77ff	RETI	118	read	INTMEM	1	INTMEM:03	0x3	
decompiler	CODE:101b	CODE:77ff	RETI	120	write	INTMEM	1	INTMEM:04	0x4	mem[INTMEM:04]
decompiler	CODE:101b	CODE:77ff	RETI	120	read	INTMEM	1	INTMEM:04	0x4	
decompiler	CODE:101b	CODE:77ff	RETI	122	write	INTMEM	1	INTMEM:05	0x5	mem[INTMEM:05]
decompiler	CODE:101b	CODE:77ff	RETI	122	read	INTMEM	1	INTMEM:05	0x5	
decompiler	CODE:101b	CODE:77ff	RETI	124	write	INTMEM	1	INTMEM:06	0x6	mem[INTMEM:06]
decompiler	CODE:101b	CODE:77ff	RETI	124	read	INTMEM	1	INTMEM:06	0x6	
decompiler	CODE:101b	CODE:77ff	RETI	126	write	INTMEM	1	INTMEM:07	0x7	mem[INTMEM:07]
decompiler	CODE:101b	CODE:77ff	RETI	126	read	INTMEM	1	INTMEM:07	0x7	
decompiler	CODE:101b	CODE:77ff	RETI	128	write	INTMEM	1	INTMEM:b9	0xb9	mem[INTMEM:b9]
decompiler	CODE:101b	CODE:77ff	RETI	128	read	INTMEM	1	INTMEM:b9	0xb9	
decompiler	CODE:101b	CODE:77ff	RETI	130	write	EXTMEM	1	EXTMEM:0701	0x701	mem[EXTMEM:0701]
decompiler	CODE:101b	CODE:77ff	RETI	130	read	EXTMEM	1	EXTMEM:0701	0x701	
decompiler	CODE:101b	CODE:77ff	RETI	132	write	EXTMEM	1	EXTMEM:0702	0x702	mem[EXTMEM:0702]
decompiler	CODE:101b	CODE:77ff	RETI	132	read	EXTMEM	1	EXTMEM:0702	0x702	
decompiler	CODE:1023	CODE:1023	LJMP 0x78ee	148	read	INTMEM	1	INTMEM:00	0x0	
decompiler	CODE:1023	CODE:1023	LJMP 0x78ee	149	read	INTMEM	1	INTMEM:01	0x1	
decompiler	CODE:1023	CODE:1023	LJMP 0x78ee	150	read	INTMEM	1	INTMEM:02	0x2	
decompiler	CODE:1023	CODE:1023	LJMP 0x78ee	151	read	INTMEM	1	INTMEM:03	0x3	
decompiler	CODE:1023	CODE:1023	LJMP 0x78ee	152	read	INTMEM	1	INTMEM:04	0x4	
decompiler	CODE:1023	CODE:1023	LJMP 0x78ee	153	read	INTMEM	1	INTMEM:05	0x5	
decompiler	CODE:1023	CODE:1023	LJMP 0x78ee	154	read	INTMEM	1	INTMEM:06	0x6	
decompiler	CODE:1023	CODE:1023	LJMP 0x78ee	155	read	INTMEM	1	INTMEM:07	0x7	
decompiler	CODE:1023	CODE:790b	MOV 0xb8,#0xef	87	read	SFR	1	SFR:b8	0xb8	
decompiler	CODE:1023	CODE:7913	MOVX @DPTR,A	33	write	EXTMEM	1	EXTMEM:0701	0x701	0x6
decompiler	CODE:1023	CODE:7917	MOVX @DPTR,A	38	write	EXTMEM	1	EXTMEM:0702	0x702	0xf9
decompiler	CODE:1023	CODE:791a	MOV @R0,#0x1	41	write	INTMEM	1	INTMEM:b9	0xb9	0x1
decompiler	CODE:1023	CODE:791f	POP 0x07	50	write	INTMEM	1	INTMEM:07	0x7	COPY(mem[INTMEM:07])
decompiler	CODE:1023	CODE:7921	POP 0x06	52	write	INTMEM	1	INTMEM:06	0x6	COPY(mem[INTMEM:06])
decompiler	CODE:1023	CODE:7923	POP 0x05	54	write	INTMEM	1	INTMEM:05	0x5	COPY(mem[INTMEM:05])
decompiler	CODE:1023	CODE:7925	POP 0x04	56	write	INTMEM	1	INTMEM:04	0x4	COPY(mem[INTMEM:04])
decompiler	CODE:1023	CODE:7927	POP 0x03	58	write	INTMEM	1	INTMEM:03	0x3	COPY(mem[INTMEM:03])
decompiler	CODE:1023	CODE:7929	POP 0x02	60	write	INTMEM	1	INTMEM:02	0x2	COPY(mem[INTMEM:02])
decompiler	CODE:1023	CODE:792b	POP 0x01	62	write	INTMEM	1	INTMEM:01	0x1	COPY(mem[INTMEM:01])
decompiler	CODE:1023	CODE:792d	POP 0x00	64	write	INTMEM	1	INTMEM:00	0x0	COPY(mem[INTMEM:00])
decompiler	CODE:1023	CODE:7939	RETI	112	write	INTMEM	1	INTMEM:00	0x0	mem[INTMEM:00]
decompiler	CODE:1023	CODE:7939	RETI	112	read	INTMEM	1	INTMEM:00	0x0	
decompiler	CODE:1023	CODE:7939	RETI	114	write	INTMEM	1	INTMEM:01	0x1	mem[INTMEM:01]
decompiler	CODE:1023	CODE:7939	RETI	114	read	INTMEM	1	INTMEM:01	0x1	
decompiler	CODE:1023	CODE:7939	RETI	116	write	INTMEM	1	INTMEM:02	0x2	mem[INTMEM:02]
decompiler	CODE:1023	CODE:7939	RETI	116	read	INTMEM	1	INTMEM:02	0x2	
decompiler	CODE:1023	CODE:7939	RETI	118	write	INTMEM	1	INTMEM:03	0x3	mem[INTMEM:03]
decompiler	CODE:1023	CODE:7939	RETI	118	read	INTMEM	1	INTMEM:03	0x3	
decompiler	CODE:1023	CODE:7939	RETI	120	write	INTMEM	1	INTMEM:04	0x4	mem[INTMEM:04]
decompiler	CODE:1023	CODE:7939	RETI	120	read	INTMEM	1	INTMEM:04	0x4	
decompiler	CODE:1023	CODE:7939	RETI	122	write	INTMEM	1	INTMEM:05	0x5	mem[INTMEM:05]
decompiler	CODE:1023	CODE:7939	RETI	122	read	INTMEM	1	INTMEM:05	0x5	
decompiler	CODE:1023	CODE:7939	RETI	124	write	INTMEM	1	INTMEM:06	0x6	mem[INTMEM:06]
decompiler	CODE:1023	CODE:7939	RETI	124	read	INTMEM	1	INTMEM:06	0x6	
decompiler	CODE:1023	CODE:7939	RETI	126	write	INTMEM	1	INTMEM:07	0x7	mem[INTMEM:07]
decompiler	CODE:1023	CODE:7939	RETI	126	read	INTMEM	1	INTMEM:07	0x7	
decompiler	CODE:1023	CODE:7939	RETI	128	write	INTMEM	1	INTMEM:b9	0xb9	mem[INTMEM:b9]
decompiler	CODE:1023	CODE:7939	RETI	128	read	INTMEM	1	INTMEM:b9	0xb9	
decompiler	CODE:1023	CODE:7939	RETI	130	write	EXTMEM	1	EXTMEM:0701	0x701	mem[EXTMEM:0701]
decompiler	CODE:1023	CODE:7939	RETI	130	read	EXTMEM	1	EXTMEM:0701	0x701	
decompiler	CODE:1023	CODE:7939	RETI	132	write	EXTMEM	1	EXTMEM:0702	0x702	mem[EXTMEM:0702]
decompiler	CODE:1023	CODE:7939	RETI	132	read	EXTMEM	1	EXTMEM:0702	0x702	
decompiler	CODE:1026	CODE:1026	CLR 0x0c	0	write	BITS	1	BITS:0c	0xc	0x0
decompiler	CODE:1026	CODE:1028	LJMP 0xa417	5	write	BITS	1	BITS:0c	0xc	mem[BITS:0c]
decompiler	CODE:1026	CODE:1028	LJMP 0xa417	5	read	BITS	1	BITS:0c	0xc	
decompiler	CODE:103b	CODE:103b	LJMP 0x47aa	220	read	INTMEM	1	INTMEM:00	0x0	
decompiler	CODE:103b	CODE:103b	LJMP 0x47aa	221	read	INTMEM	1	INTMEM:01	0x1	
decompiler	CODE:103b	CODE:103b	LJMP 0x47aa	222	read	INTMEM	1	INTMEM:02	0x2	
decompiler	CODE:103b	CODE:103b	LJMP 0x47aa	223	read	INTMEM	1	INTMEM:03	0x3	
decompiler	CODE:103b	CODE:103b	LJMP 0x47aa	224	read	INTMEM	1	INTMEM:04	0x4	
decompiler	CODE:103b	CODE:103b	LJMP 0x47aa	225	read	INTMEM	1	INTMEM:05	0x5	
decompiler	CODE:103b	CODE:103b	LJMP 0x47aa	226	read	INTMEM	1	INTMEM:06	0x6	
decompiler	CODE:103b	CODE:103b	LJMP 0x47aa	227	read	INTMEM	1	INTMEM:07	0x7	
decompiler	CODE:103b	CODE:47c9	MOV @R0,#0x0	30	write	INTMEM	1	INTMEM:b9	0xb9	0x0
decompiler	CODE:103b	CODE:47d2	MOVX @DPTR,A	38	write	EXTMEM	1	EXTMEM:03ec	0x3ec	mem[EXTMEM:2165]
decompiler	CODE:103b	CODE:47d2	MOVX @DPTR,A	38	read	EXTMEM	1	EXTMEM:2165	0x2165	
decompiler	CODE:103b	CODE:47e5	POP 0x07	67	write	INTMEM	1	INTMEM:07	0x7	COPY(mem[INTMEM:07])
decompiler	CODE:103b	CODE:47e7	POP 0x06	69	write	INTMEM	1	INTMEM:06	0x6	COPY(mem[INTMEM:06])
decompiler	CODE:103b	CODE:47e9	POP 0x05	71	write	INTMEM	1	INTMEM:05	0x5	COPY(mem[INTMEM:05])
decompiler	CODE:103b	CODE:47eb	POP 0x04	73	write	INTMEM	1	INTMEM:04	0x4	COPY(mem[INTMEM:04])
decompiler	CODE:103b	CODE:47ed	POP 0x03	75	write	INTMEM	1	INTMEM:03	0x3	COPY(mem[INTMEM:03])
decompiler	CODE:103b	CODE:47ef	POP 0x02	77	write	INTMEM	1	INTMEM:02	0x2	COPY(mem[INTMEM:02])
decompiler	CODE:103b	CODE:47f1	POP 0x01	79	write	INTMEM	1	INTMEM:01	0x1	COPY(mem[INTMEM:01])
decompiler	CODE:103b	CODE:47f3	POP 0x00	81	write	INTMEM	1	INTMEM:00	0x0	COPY(mem[INTMEM:00])
decompiler	CODE:103b	CODE:47ff	RETI	145	write	INTMEM	1	INTMEM:00	0x0	mem[INTMEM:00]
decompiler	CODE:103b	CODE:47ff	RETI	145	read	INTMEM	1	INTMEM:00	0x0	
decompiler	CODE:103b	CODE:47ff	RETI	148	write	INTMEM	1	INTMEM:01	0x1	mem[INTMEM:01]
decompiler	CODE:103b	CODE:47ff	RETI	148	read	INTMEM	1	INTMEM:01	0x1	
decompiler	CODE:103b	CODE:47ff	RETI	151	write	INTMEM	1	INTMEM:02	0x2	mem[INTMEM:02]
decompiler	CODE:103b	CODE:47ff	RETI	151	read	INTMEM	1	INTMEM:02	0x2	
decompiler	CODE:103b	CODE:47ff	RETI	154	write	INTMEM	1	INTMEM:03	0x3	mem[INTMEM:03]
decompiler	CODE:103b	CODE:47ff	RETI	154	read	INTMEM	1	INTMEM:03	0x3	
decompiler	CODE:103b	CODE:47ff	RETI	157	write	INTMEM	1	INTMEM:04	0x4	mem[INTMEM:04]
decompiler	CODE:103b	CODE:47ff	RETI	157	read	INTMEM	1	INTMEM:04	0x4	
decompiler	CODE:103b	CODE:47ff	RETI	160	write	INTMEM	1	INTMEM:05	0x5	mem[INTMEM:05]
decompiler	CODE:103b	CODE:47ff	RETI	160	read	INTMEM	1	INTMEM:05	0x5	
decompiler	CODE:103b	CODE:47ff	RETI	163	write	INTMEM	1	INTMEM:06	0x6	mem[INTMEM:06]
decompiler	CODE:103b	CODE:47ff	RETI	163	read	INTMEM	1	INTMEM:06	0x6	
decompiler	CODE:103b	CODE:47ff	RETI	166	write	INTMEM	1	INTMEM:07	0x7	mem[INTMEM:07]
decompiler	CODE:103b	CODE:47ff	RETI	166	read	INTMEM	1	INTMEM:07	0x7	
decompiler	CODE:103b	CODE:47ff	RETI	169	write	INTMEM	1	INTMEM:b9	0xb9	mem[INTMEM:b9]
decompiler	CODE:103b	CODE:47ff	RETI	169	read	INTMEM	1	INTMEM:b9	0xb9	
decompiler	CODE:103b	CODE:47ff	RETI	172	write	EXTMEM	1	EXTMEM:03ec	0x3ec	mem[EXTMEM:03ec]
decompiler	CODE:103b	CODE:47ff	RETI	172	read	EXTMEM	1	EXTMEM:03ec	0x3ec	
decompiler	CODE:103b	CODE:47ff	RETI	176	write	EXTMEM	1	EXTMEM:2165	0x2165	mem[EXTMEM:2165]
decompiler	CODE:103b	CODE:47ff	RETI	176	read	EXTMEM	1	EXTMEM:2165	0x2165	
decompiler	CODE:1043	CODE:1043	LJMP 0x75c0	220	read	INTMEM	1	INTMEM:00	0x0	
decompiler	CODE:1043	CODE:1043	LJMP 0x75c0	221	read	INTMEM	1	INTMEM:01	0x1	
decompiler	CODE:1043	CODE:1043	LJMP 0x75c0	222	read	INTMEM	1	INTMEM:02	0x2	
decompiler	CODE:1043	CODE:1043	LJMP 0x75c0	223	read	INTMEM	1	INTMEM:03	0x3	
decompiler	CODE:1043	CODE:1043	LJMP 0x75c0	224	read	INTMEM	1	INTMEM:04	0x4	
decompiler	CODE:1043	CODE:1043	LJMP 0x75c0	225	read	INTMEM	1	INTMEM:05	0x5	
decompiler	CODE:1043	CODE:1043	LJMP 0x75c0	226	read	INTMEM	1	INTMEM:06	0x6	
decompiler	CODE:1043	CODE:1043	LJMP 0x75c0	227	read	INTMEM	1	INTMEM:07	0x7	
decompiler	CODE:1043	CODE:75df	MOV @R0,#0x1	30	write	INTMEM	1	INTMEM:b9	0xb9	0x1
decompiler	CODE:1043	CODE:75e8	MOVX @DPTR,A	38	write	EXTMEM	1	EXTMEM:03ec	0x3ec	mem[EXTMEM:2265]
decompiler	CODE:1043	CODE:75e8	MOVX @DPTR,A	38	read	EXTMEM	1	EXTMEM:2265	0x2265	
decompiler	CODE:1043	CODE:75fb	POP 0x07	67	write	INTMEM	1	INTMEM:07	0x7	COPY(mem[INTMEM:07])
decompiler	CODE:1043	CODE:75fd	POP 0x06	69	write	INTMEM	1	INTMEM:06	0x6	COPY(mem[INTMEM:06])
decompiler	CODE:1043	CODE:75ff	POP 0x05	71	write	INTMEM	1	INTMEM:05	0x5	COPY(mem[INTMEM:05])
decompiler	CODE:1043	CODE:7601	POP 0x04	73	write	INTMEM	1	INTMEM:04	0x4	COPY(mem[INTMEM:04])
decompiler	CODE:1043	CODE:7603	POP 0x03	75	write	INTMEM	1	INTMEM:03	0x3	COPY(mem[INTMEM:03])
decompiler	CODE:1043	CODE:7605	POP 0x02	77	write	INTMEM	1	INTMEM:02	0x2	COPY(mem[INTMEM:02])
decompiler	CODE:1043	CODE:7607	POP 0x01	79	write	INTMEM	1	INTMEM:01	0x1	COPY(mem[INTMEM:01])
decompiler	CODE:1043	CODE:7609	POP 0x00	81	write	INTMEM	1	INTMEM:00	0x0	COPY(mem[INTMEM:00])
decompiler	CODE:1043	CODE:7615	RETI	145	write	INTMEM	1	INTMEM:00	0x0	mem[INTMEM:00]
decompiler	CODE:1043	CODE:7615	RETI	145	read	INTMEM	1	INTMEM:00	0x0	
decompiler	CODE:1043	CODE:7615	RETI	148	write	INTMEM	1	INTMEM:01	0x1	mem[INTMEM:01]
decompiler	CODE:1043	CODE:7615	RETI	148	read	INTMEM	1	INTMEM:01	0x1	
decompiler	CODE:1043	CODE:7615	RETI	151	write	INTMEM	1	INTMEM:02	0x2	mem[INTMEM:02]
decompiler	CODE:1043	CODE:7615	RETI	151	read	INTMEM	1	INTMEM:02	0x2	
decompiler	CODE:1043	CODE:7615	RETI	154	write	INTMEM	1	INTMEM:03	0x3	mem[INTMEM:03]
decompiler	CODE:1043	CODE:7615	RETI	154	read	INTMEM	1	INTMEM:03	0x3	
decompiler	CODE:1043	CODE:7615	RETI	157	write	INTMEM	1	INTMEM:04	0x4	mem[INTMEM:04]
decompiler	CODE:1043	CODE:7615	RETI	157	read	INTMEM	1	INTMEM:04	0x4	
decompiler	CODE:1043	CODE:7615	RETI	160	write	INTMEM	1	INTMEM:05	0x5	mem[INTMEM:05]
decompiler	CODE:1043	CODE:7615	RETI	160	read	INTMEM	1	INTMEM:05	0x5	
decompiler	CODE:1043	CODE:7615	RETI	163	write	INTMEM	1	INTMEM:06	0x6	mem[INTMEM:06]
decompiler	CODE:1043	CODE:7615	RETI	163	read	INTMEM	1	INTMEM:06	0x6	
decompiler	CODE:1043	CODE:7615	RETI	166	write	INTMEM	1	INTMEM:07	0x7	mem[INTMEM:07]
decompiler	CODE:1043	CODE:7615	RETI	166	read	INTMEM	1	INTMEM:07	0x7	
decompiler	CODE:1043	CODE:7615	RETI	169	write	INTMEM	1	INTMEM:b9	0xb9	mem[INTMEM:b9]
decompiler	CODE:1043	CODE:7615	RETI	169	read	INTMEM	1	INTMEM:b9	0xb9	
decompiler	CODE:1043	CODE:7615	RETI	172	write	EXTMEM	1	EXTMEM:03ec	0x3ec	mem[EXTMEM:03ec]
decompiler	CODE:1043	CODE:7615	RETI	172	read	EXTMEM	1	EXTMEM:03ec	0x3ec	
decompiler	CODE:1043	CODE:7615	RETI	176	write	EXTMEM	1	EXTMEM:2265	0x2265	mem[EXTMEM:2265]
decompiler	CODE:1043	CODE:7615	RETI	176	read	EXTMEM	1	EXTMEM:2265	0x2265	
decompiler	CODE:104b	CODE:104b	LJMP 0x5c3c	700	read	INTMEM	1	INTMEM:00	0x0	
decompiler	CODE:104b	CODE:104b	LJMP 0x5c3c	701	read	INTMEM	1	INTMEM:01	0x1	
decompiler	CODE:104b	CODE:104b	LJMP 0x5c3c	702	read	INTMEM	1	INTMEM:02	0x2	
decompiler	CODE:104b	CODE:104b	LJMP 0x5c3c	703	read	INTMEM	1	INTMEM:03	0x3	
decompiler	CODE:104b	CODE:104b	LJMP 0x5c3c	704	read	INTMEM	1	INTMEM:04	0x4	
decompiler	CODE:104b	CODE:104b	LJMP 0x5c3c	705	read	INTMEM	1	INTMEM:05	0x5	
decompiler	CODE:104b	CODE:104b	LJMP 0x5c3c	706	read	INTMEM	1	INTMEM:06	0x6	
decompiler	CODE:104b	CODE:104b	LJMP 0x5c3c	707	read	INTMEM	1	INTMEM:07	0x7	
decompiler	CODE:104b	CODE:5c5f	MOV @R0,A	34	write	INTMEM	1	INTMEM:b9	0xb9	mem[EXTMEM:0721]
decompiler	CODE:104b	CODE:5c5f	MOV @R0,A	34	read	EXTMEM	1	EXTMEM:0721	0x721	
decompiler	CODE:104b	CODE:5c60	JNB 0xc7,0x5c8b	249	read	BITS	1	BITS:c7	0xc7	
decompiler	CODE:104b	CODE:5c68	JNZ 0x5c89	41	read	INTMEM	1	INTMEM:d0	0xd0	
decompiler	CODE:104b	CODE:5c6f	JZ 0x5c85	49	read	INTMEM	1	INTMEM:ce	0xce	
decompiler	CODE:104b	CODE:5c6f	JZ 0x5c85	49	read	INTMEM	1	INTMEM:d1	0xd1	
decompiler	CODE:104b	CODE:5c7a	INC @R0	70	read	INTMEM	1	INDIRECT(0xce,0x45)		
decompiler	CODE:104b	CODE:5c7a	INC @R0	72	write	INTMEM	1	INDIRECT(0xce,0x45)		INT_ADD(LOAD(0x281,INDIRECT(0xce,0x45)),0x1)
decompiler	CODE:104b	CODE:5c7b	MOV A,@R0	73	read	INTMEM	1	INDIRECT(0xce,0x45)		
decompiler	CODE:104b	CODE:5c81	MOV @R0,#0x0	89	write	INTMEM	1	INDIRECT(0xce,0x45)		0x0
decompiler	CODE:104b	CODE:5c87	MOV @R0,#0x0	231	write	INTMEM	1	INTMEM:d0	0xd0	0x0
decompiler	CODE:104b	CODE:5c89	CLR 0xc7	248	read	BITS	1	BITS:c7	0xc7	
decompiler	CODE:104b	CODE:5c8b	JNB 0xc6,0x5c90	247	read	BITS	1	BITS:c6	0xc6	
decompiler	CODE:104b	CODE:5c8e	CLR 0xc6	246	read	BITS	1	BITS:c6	0xc6	
decompiler	CODE:104b	CODE:5c90	JNB 0xc5,0x5cb5	245	read	BITS	1	BITS:c5	0xc5	
decompiler	CODE:104b	CODE:5c96	CJNE A,#0x1,0x5ca1	104	read	INTMEM	1	INTMEM:cf	0xcf	
decompiler	CODE:104b	CODE:5c9b	MOV @R0,#0x0	108	write	INTMEM	1	INTMEM:d2	0xd2	0x0
decompiler	CODE:104b	CODE:5c9f	MOV @R0,#0x2	111	write	INTMEM	1	INTMEM:cf	0xcf	0x2
decompiler	CODE:104b	CODE:5ca4	CJNE A,#0x2,0x5cb1	119	read	INTMEM	1	INTMEM:cf	0xcf	
decompiler	CODE:104b	CODE:5ca7	ORL 0xd7,#0x10	240	read	SFR	1	SFR:d7	0xd7	
decompiler	CODE:104b	CODE:5ca7	ORL 0xd7,#0x10	242	read	SFR	1	SFR:d7	0xd7	
decompiler	CODE:104b	CODE:5caa	MOV R7,0xc7	238	read	SFR	1	SFR:c7	0xc7	
decompiler	CODE:104b	CODE:5cb3	MOV @R0,0xc7	239	read	SFR	1	SFR:c7	0xc7	
decompiler	CODE:104b	CODE:5cb5	MOV A,0xd7	243	read	SFR	1	SFR:d7	0xd7	
decompiler	CODE:104b	CODE:5cca	MOV @R0,#0x0	155	write	INTMEM	1	INTMEM:d2	0xd2	0x0
decompiler	CODE:104b	CODE:5cce	MOV @R0,#0x1	158	write	INTMEM	1	INTMEM:cf	0xcf	0x1
decompiler	CODE:104b	CODE:5cd0	ANL 0xd7,#0xe7	241	read	SFR	1	SFR:d7	0xd7	
decompiler	CODE:104b	CODE:5cd0	ANL 0xd7,#0xe7	244	read	SFR	1	SFR:d7	0xd7	
decompiler	CODE:104b	CODE:5cd3	MOV A,0xc0	236	read	SFR	1	SFR:c0	0xc0	
decompiler	CODE:104b	CODE:5cdc	MOV 0xc3,#0xfb	237	read	SFR	1	SFR:c3	0xc3	
decompiler	CODE:104b	CODE:5cdf	POP 0x07	190	write	INTMEM	1	INTMEM:07	0x7	COPY(mem[INTMEM:07])
decompiler	CODE:104b	CODE:5ce1	POP 0x06	192	write	INTMEM	1	INTMEM:06	0x6	COPY(mem[INTMEM:06])
decompiler	CODE:104b	CODE:5ce3	POP 0x05	194	write	INTMEM	1	INTMEM:05	0x5	COPY(mem[INTMEM:05])
decompiler	CODE:104b	CODE:5ce5	POP 0x04	196	write	INTMEM	1	INTMEM:04	0x4	COPY(mem[INTMEM:04])
decompiler	CODE:104b	CODE:5ce7	POP 0x03	198	write	INTMEM	1	INTMEM:03	0x3	COPY(mem[INTMEM:03])
decompiler	CODE:104b	CODE:5ce9	POP 0x02	200	write	INTMEM	1	INTMEM:02	0x2	COPY(mem[INTMEM:02])
decompiler	CODE:104b	CODE:5ceb	POP 0x01	202	write	INTMEM	1	INTMEM:01	0x1	COPY(mem[INTMEM:01])
decompiler	CODE:104b	CODE:5ced	POP 0x00	204	write	INTMEM	1	INTMEM:00	0x0	COPY(mem[INTMEM:00])
decompiler	CODE:104b	CODE:5cf9	RETI	396	write	INTMEM	1	INTMEM:00	0x0	mem[INTMEM:00]
decompiler	CODE:104b	CODE:5cf9	RETI	396	read	INTMEM	1	INTMEM:00	0x0	
decompiler	CODE:104b	CODE:5cf9	RETI	407	write	INTMEM	1	INTMEM:01	0x1	mem[INTMEM:01]
decompiler	CODE:104b	CODE:5cf9	RETI	407	read	INTMEM	1	INTMEM:01	0x1	
decompiler	CODE:104b	CODE:5cf9	RETI	418	write	INTMEM	1	INTMEM:02	0x2	mem[INTMEM:02]
decompiler	CODE:104b	CODE:5cf9	RETI	418	read	INTMEM	1	INTMEM:02	0x2	
decompiler	CODE:104b	CODE:5cf9	RETI	429	write	INTMEM	1	INTMEM:03	0x3	mem[INTMEM:03]
decompiler	CODE:104b	CODE:5cf9	RETI	429	read	INTMEM	1	INTMEM:03	0x3	
decompiler	CODE:104b	CODE:5cf9	RETI	440	write	INTMEM	1	INTMEM:04	0x4	mem[INTMEM:04]
decompiler	CODE:104b	CODE:5cf9	RETI	440	read	INTMEM	1	INTMEM:04	0x4	
decompiler	CODE:104b	CODE:5cf9	RETI	451	write	INTMEM	1	INTMEM:05	0x5	mem[INTMEM:05]
decompiler	CODE:104b	CODE:5cf9	RETI	451	read	INTMEM	1	INTMEM:05	0x5	
decompiler	CODE:104b	CODE:5cf9	RETI	462	write	INTMEM	1	INTMEM:06	0x6	mem[INTMEM:06]
decompiler	CODE:104b	CODE:5cf9	RETI	462	read	INTMEM	1	INTMEM:06	0x6	
decompiler	CODE:104b	CODE:5cf9	RETI	473	write	INTMEM	1	INTMEM:07	0x7	mem[INTMEM:07]
decompiler	CODE:104b	CODE:5cf9	RETI	473	read	INTMEM	1	INTMEM:07	0x7	
decompiler	CODE:104b	CODE:5cf9	RETI	484	write	INTMEM	1	INTMEM:b9	0xb9	mem[INTMEM:b9]
decompiler	CODE:104b	CODE:5cf9	RETI	484	read	INTMEM	1	INTMEM:b9	0xb9	
decompiler	CODE:104b	CODE:5cf9	RETI	495	write	INTMEM	1	INTMEM:ba	0xba	mem[INTMEM:ba]
decompiler	CODE:104b	CODE:5cf9	RETI	495	read	INTMEM	1	INTMEM:ba	0xba	
decompiler	CODE:104b	CODE:5cf9	RETI	506	write	INTMEM	1	INTMEM:ce	0xce	mem[INTMEM:ce]
decompiler	CODE:104b	CODE:5cf9	RETI	506	read	INTMEM	1	INTMEM:ce	0xce	
decompiler	CODE:104b	CODE:5cf9	RETI	517	write	INTMEM	1	INTMEM:cf	0xcf	mem[INTMEM:cf]
decompiler	CODE:104b	CODE:5cf9	RETI	517	read	INTMEM	1	INTMEM:cf	0xcf	
decompiler	CODE:104b	CODE:5cf9	RETI	531	write	INTMEM	1	INTMEM:d0	0xd0	mem[INTMEM:d0]
decompiler	CODE:104b	CODE:5cf9	RETI	531	read	INTMEM	1	INTMEM:d0	0xd0	
decompiler	CODE:104b	CODE:5cf9	RETI	542	write	INTMEM	1	INTMEM:d1	0xd1	mem[INTMEM:d1]
decompiler	CODE:104b	CODE:5cf9	RETI	542	read	INTMEM	1	INTMEM:d1	0xd1	
decompiler	CODE:104b	CODE:5cf9	RETI	553	write	INTMEM	1	INTMEM:d2	0xd2	mem[INTMEM:d2]
decompiler	CODE:104b	CODE:5cf9	RETI	553	read	INTMEM	1	INTMEM:d2	0xd2	
decompiler	CODE:104b	CODE:5cf9	RETI	566	write	EXTMEM	1	EXTMEM:0721	0x721	mem[EXTMEM:0721]
decompiler	CODE:104b	CODE:5cf9	RETI	566	read	EXTMEM	1	EXTMEM:0721	0x721	
decompiler	CODE:104e	CODE:105e	MOVX @DPTR,A	31	write	EXTMEM	1	EXTMEM:05dc	0x5dc	0x0
decompiler	CODE:104e	CODE:1060	MOVX @DPTR,A	35	write	EXTMEM	1	EXTMEM:05dd	0x5dd	0x0
decompiler	CODE:104e	CODE:1070	LJMP 0x8bc8	113	write	EXTMEM	1	EXTMEM:05dc	0x5dc	mem[EXTMEM:05dc]
decompiler	CODE:104e	CODE:1070	LJMP 0x8bc8	113	read	EXTMEM	1	EXTMEM:05dc	0x5dc	
decompiler	CODE:104e	CODE:1070	LJMP 0x8bc8	119	write	EXTMEM	1	EXTMEM:05dd	0x5dd	mem[EXTMEM:05dd]
decompiler	CODE:104e	CODE:1070	LJMP 0x8bc8	119	read	EXTMEM	1	EXTMEM:05dd	0x5dd	
decompiler	CODE:1076	CODE:1078	MOV A,@R0	2	read	INTMEM	1	INTMEM:c9	0xc9	
decompiler	CODE:1076	CODE:107a	RET	14	write	INTMEM	1	INTMEM:c9	0xc9	mem[INTMEM:c9]
decompiler	CODE:1076	CODE:107a	RET	14	read	INTMEM	1	INTMEM:c9	0xc9	
decompiler	CODE:1096	CODE:1098	MOV A,@R0	2	read	INTMEM	1	INTMEM:a4	0xa4	
decompiler	CODE:1096	CODE:109a	RET	14	write	INTMEM	1	INTMEM:a4	0xa4	mem[INTMEM:a4]
decompiler	CODE:1096	CODE:109a	RET	14	read	INTMEM	1	INTMEM:a4	0xa4	
decompiler	CODE:10a6	CODE:10a8	ANL 0xb9,A	22	read	SFR	1	SFR:b9	0xb9	
decompiler	CODE:10a6	CODE:10a8	ANL 0xb9,A	23	read	SFR	1	SFR:b9	0xb9	
decompiler	CODE:10b6	CODE:13df	CJNE A,#0x1,0x13ea	102	read	INTMEM	1	INTMEM:b3	0xb3	
decompiler	CODE:10b6	CODE:13df	CJNE A,#0x1,0x13ea	105	read	INTMEM	1	INTMEM:b3	0xb3	
decompiler	CODE:10b6	CODE:13e5	JNB 0xe2,0x13ea	110	read	INTMEM	1	INTMEM:43	0x43	
decompiler	CODE:10b6	CODE:13f7	MOVX @DPTR,A	251	write	EXTMEM	1	EXTMEM:04a5	0x4a5	0x4
decompiler	CODE:10b6	CODE:1691	MOVX @DPTR,A	127	write	EXTMEM	1	INDIRECT(INDIRECT(INDIRECT(INDIRECT(0x4a5,0x37),0x56),0x5e),0x7b)		0x73
decompiler	CODE:10b6	CODE:16ec	RET	573	write	INTMEM	1	INTMEM:43	0x43	mem[INTMEM:43]
decompiler	CODE:10b6	CODE:16ec	RET	573	read	INTMEM	1	INTMEM:43	0x43	
decompiler	CODE:10b6	CODE:16ec	RET	578	write	INTMEM	1	INTMEM:43	0x43	mem[INTMEM:43]
decompiler	CODE:10b6	CODE:16ec	RET	578	read	INTMEM	1	INTMEM:43	0x43	
decompiler	CODE:10b6	CODE:16ec	RET	597	write	INTMEM	1	INTMEM:b3	0xb3	mem[INTMEM:b3]
decompiler	CODE:10b6	CODE:16ec	RET	597	read	INTMEM	1	INTMEM:b3	0xb3	
decompiler	CODE:10b6	CODE:16ec	RET	602	write	INTMEM	1	INTMEM:b3	0xb3	mem[INTMEM:b3]
decompiler	CODE:10b6	CODE:16ec	RET	602	read	INTMEM	1	INTMEM:b3	0xb3	
decompiler	CODE:10b6	CODE:16ec	RET	621	write	EXTMEM	1	EXTMEM:04a4	0x4a4	mem[EXTMEM:04a4]
decompiler	CODE:10b6	CODE:16ec	RET	621	read	EXTMEM	1	EXTMEM:04a4	0x4a4	
decompiler	CODE:10b6	CODE:16ec	RET	627	write	EXTMEM	1	EXTMEM:04a4	0x4a4	mem[EXTMEM:04a4]
decompiler	CODE:10b6	CODE:16ec	RET	627	read	EXTMEM	1	EXTMEM:04a4	0x4a4	
decompiler	CODE:10b6	CODE:16ec	RET	646	write	EXTMEM	1	EXTMEM:04a5	0x4a5	mem[EXTMEM:04a5]
decompiler	CODE:10b6	CODE:16ec	RET	646	read	EXTMEM	1	EXTMEM:04a5	0x4a5	
decompiler	CODE:10b6	CODE:16ec	RET	652	write	EXTMEM	1	EXTMEM:04a5	0x4a5	mem[EXTMEM:04a5]
decompiler	CODE:10b6	CODE:16ec	RET	652	read	EXTMEM	1	EXTMEM:04a5	0x4a5	
decompiler	CODE:10b6	CODE:16ec	RET	706	write	INTMEM	1	INTMEM:43	0x43	mem[INTMEM:43]
decompiler	CODE:10b6	CODE:16ec	RET	706	read	INTMEM	1	INTMEM:43	0x43	
decompiler	CODE:10b6	CODE:16ec	RET	707	write	INTMEM	1	INTMEM:b3	0xb3	mem[INTMEM:b3]
decompiler	CODE:10b6	CODE:16ec	RET	707	read	INTMEM	1	INTMEM:b3	0xb3	
decompiler	CODE:10b6	CODE:16ec	RET	708	write	EXTMEM	1	EXTMEM:04a4	0x4a4	(register, 0x7, 1)
decompiler	CODE:10b6	CODE:16ec	RET	709	write	EXTMEM	1	EXTMEM:04a5	0x4a5	(register, 0x5, 1)
decompiler	CODE:11dc	CODE:11ef	MOVX @DPTR,A	58	write	EXTMEM	1	EXTMEM:04a5	0x4a5	0x38
decompiler	CODE:11dc	CODE:16ec	RET	142	write	EXTMEM	1	EXTMEM:04a5	0x4a5	mem[EXTMEM:04a5]
decompiler	CODE:11dc	CODE:16ec	RET	142	read	EXTMEM	1	EXTMEM:04a5	0x4a5	
decompiler	CODE:124a	CODE:124f	MOVX @DPTR,A	4	write	EXTMEM	1	EXTMEM:04a5	0x4a5	0x33
decompiler	CODE:124a	CODE:1256	JNZ 0x125a	10	read	EXTMEM	1	EXTMEM:04a4	0x4a4	
decompiler	CODE:124a	CODE:16ec	RET	64	write	EXTMEM	1	EXTMEM:04a4	0x4a4	mem[EXTMEM:04a4]
decompiler	CODE:124a	CODE:16ec	RET	64	read	EXTMEM	1	EXTMEM:04a4	0x4a4	
decompiler	CODE:124a	CODE:16ec	RET	68	write	EXTMEM	1	EXTMEM:04a5	0x4a5	mem[EXTMEM:04a5]
decompiler	CODE:124a	CODE:16ec	RET	68	read	EXTMEM	1	EXTMEM:04a5	0x4a5	
decompiler	CODE:129e	CODE:16ec	RET	45	write	EXTMEM	1	EXTMEM:04a5	0x4a5	mem[EXTMEM:04a5]
decompiler	CODE:129e	CODE:16ec	RET	45	read	EXTMEM	1	EXTMEM:04a5	0x4a5	
decompiler	CODE:170e	CODE:1715	MOVX @DPTR,A	9	write	EXTMEM	1	EXTMEM:04aa	0x4aa	0x0
decompiler	CODE:170e	CODE:1728	LCALL 0xad49	73	write	EXTMEM	1	EXTMEM:04a9	0x4a9	mem[EXTMEM:04a9]
decompiler	CODE:170e	CODE:1728	LCALL 0xad49	73	read	EXTMEM	1	EXTMEM:04a9	0x4a9	
decompiler	CODE:170e	CODE:1728	LCALL 0xad49	77	write	EXTMEM	1	EXTMEM:04aa	0x4aa	mem[EXTMEM:04aa]
decompiler	CODE:170e	CODE:1728	LCALL 0xad49	77	read	EXTMEM	1	EXTMEM:04aa	0x4aa	
decompiler	CODE:1800	CODE:1804	MOVX @DPTR,A	4	write	EXTMEM	1	EXTMEM:04ce	0x4ce	0x0
decompiler	CODE:1800	CODE:1806	MOVX @DPTR,A	8	write	EXTMEM	1	EXTMEM:04cf	0x4cf	0x0
decompiler	CODE:1800	CODE:1808	MOVX @DPTR,A	12	write	EXTMEM	1	EXTMEM:04d0	0x4d0	0x0
decompiler	CODE:1800	CODE:180a	MOVX @DPTR,A	16	write	EXTMEM	1	EXTMEM:04d1	0x4d1	0x0
decompiler	CODE:1800	CODE:1824	JZ 0x1828	72	read	INTMEM	1	INTMEM:b3	0xb3	
decompiler	CODE:1800	CODE:1836	JZ 0x183a	3717	read	INTMEM	1	INTMEM:5e	0x5e	
decompiler	CODE:1800	CODE:1836	JZ 0x183a	3718	read	INTMEM	1	INTMEM:5d	0x5d	
decompiler	CODE:1800	CODE:1903	MOVX @DPTR,A	1636	write	EXTMEM	1	EXTMEM:04cf	0x4cf	mem[EXTMEM:04ce]
decompiler	CODE:1800	CODE:1903	MOVX @DPTR,A	1636	read	EXTMEM	1	EXTMEM:04ce	0x4ce	
decompiler	CODE:1800	CODE:1913	MOV @R0,0x07	1671	write	INTMEM	1	CAST(INT_ADD(INDIRECT(MULTIEQUAL(INDIRECT(INDIRECT(INDIRECT((register, 0x6, 1),0x647),0x653),0x65b),INDIRECT(INDIRECT(INDIRECT((register, 0x6, 1),0x769),0x775),0x77d)),0x671),0x89))		mem[INTMEM:07]
decompiler	CODE:1800	CODE:1913	MOV @R0,0x07	1671	read	INTMEM	1	INTMEM:07	0x7	
decompiler	CODE:1800	CODE:1915	RET	3901	write	INTMEM	1	INTMEM:00	0x0	mem[INTMEM:00]
decompiler	CODE:1800	CODE:1915	RET	3901	read	INTMEM	1	INTMEM:00	0x0	
decompiler	CODE:1800	CODE:1915	RET	4001	write	INTMEM	1	INTMEM:01	0x1	mem[INTMEM:01]
decompiler	CODE:1800	CODE:1915	RET	4001	read	INTMEM	1	INTMEM:01	0x1	
decompiler	CODE:1800	CODE:1915	RET	4101	write	INTMEM	1	INTMEM:02	0x2	mem[INTMEM:02]
decompiler	CODE:1800	CODE:1915	RET	4101	read	INTMEM	1	INTMEM:02	0x2	
decompiler	CODE:1800	CODE:1915	RET	4201	write	INTMEM	1	INTMEM:03	0x3	mem[INTMEM:03]
decompiler	CODE:1800	CODE:1915	RET	4201	read	INTMEM	1	INTMEM:03	0x3	
decompiler	CODE:1800	CODE:1915	RET	4301	write	INTMEM	1	INTMEM:05	0x5	mem[INTMEM:05]
decompiler	CODE:1800	CODE:1915	RET	4301	read	INTMEM	1	INTMEM:05	0x5	
decompiler	CODE:1800	CODE:1915	RET	4401	write	INTMEM	1	INTMEM:07	0x7	mem[INTMEM:07]
decompiler	CODE:1800	CODE:1915	RET	4401	read	INTMEM	1	INTMEM:07	0x7	
decompiler	CODE:1800	CODE:1915	RET	4501	write	INTMEM	1	INTMEM:b3	0xb3	mem[INTMEM:b3]
decompiler	CODE:1800	CODE:1915	RET	4501	read	INTMEM	1	INTMEM:b3	0xb3	
decompiler	CODE:1800	CODE:1915	RET	4601	write	EXTMEM	1	EXTMEM:040e	0x40e	mem[EXTMEM:040e]
decompiler	CODE:1800	CODE:1915	RET	4601	read	EXTMEM	1	EXTMEM:040e	0x40e	
decompiler	CODE:1800	CODE:1915	RET	4705	write	EXTMEM	1	EXTMEM:0412	0x412	mem[EXTMEM:0412]
decompiler	CODE:1800	CODE:1915	RET	4705	read	EXTMEM	1	EXTMEM:0412	0x412	
decompiler	CODE:1800	CODE:1915	RET	4809	write	EXTMEM	1	EXTMEM:04c8	0x4c8	mem[EXTMEM:04c8]
decompiler	CODE:1800	CODE:1915	RET	4809	read	EXTMEM	1	EXTMEM:04c8	0x4c8	
decompiler	CODE:1800	CODE:1915	RET	4913	write	EXTMEM	1	EXTMEM:04c9	0x4c9	mem[EXTMEM:04c9]
decompiler	CODE:1800	CODE:1915	RET	4913	read	EXTMEM	1	EXTMEM:04c9	0x4c9	
decompiler	CODE:1800	CODE:1915	RET	5017	write	EXTMEM	1	EXTMEM:04ca	0x4ca	mem[EXTMEM:04ca]
decompiler	CODE:1800	CODE:1915	RET	5017	read	EXTMEM	1	EXTMEM:04ca	0x4ca	
decompiler	CODE:1800	CODE:1915	RET	5121	write	EXTMEM	1	EXTMEM:04cb	0x4cb	mem[EXTMEM:04cb]
decompiler	CODE:1800	CODE:1915	RET	5121	read	EXTMEM	1	EXTMEM:04cb	0x4cb	
decompiler	CODE:1800	CODE:1915	RET	5225	write	EXTMEM	1	EXTMEM:04cc	0x4cc	mem[EXTMEM:04cc]
decompiler	CODE:1800	CODE:1915	RET	5225	read	EXTMEM	1	EXTMEM:04cc	0x4cc	
decompiler	CODE:1800	CODE:1915	RET	5329	write	EXTMEM	1	EXTMEM:04cd	0x4cd	mem[EXTMEM:04cd]
decompiler	CODE:1800	CODE:1915	RET	5329	read	EXTMEM	1	EXTMEM:04cd	0x4cd	
decompiler	CODE:1800	CODE:1915	RET	5433	write	EXTMEM	1	EXTMEM:04ce	0x4ce	mem[EXTMEM:04ce]
decompiler	CODE:1800	CODE:1915	RET	5433	read	EXTMEM	1	EXTMEM:04ce	0x4ce	
decompiler	CODE:1800	CODE:1915	RET	5537	write	EXTMEM	1	EXTMEM:04cf	0x4cf	mem[EXTMEM:04cf]
decompiler	CODE:1800	CODE:1915	RET	5537	read	EXTMEM	1	EXTMEM:04cf	0x4cf	
decompiler	CODE:1800	CODE:1915	RET	5641	write	EXTMEM	1	EXTMEM:04d0	0x4d0	mem[EXTMEM:04d0]
decompiler	CODE:1800	CODE:1915	RET	5641	read	EXTMEM	1	EXTMEM:04d0	0x4d0	
decompiler	CODE:1800	CODE:1915	RET	5745	write	EXTMEM	1	EXTMEM:04d1	0x4d1	mem[EXTMEM:04d1]
decompiler	CODE:1800	CODE:1915	RET	5745	read	EXTMEM	1	EXTMEM:04d1	0x4d1	
decompiler	CODE:1800	CODE:1915	RET	5849	write	EXTMEM	1	EXTMEM:04d2	0x4d2	mem[EXTMEM:04d2]
decompiler	CODE:1800	CODE:1915	RET	5849	read	EXTMEM	1	EXTMEM:04d2	0x4d2	
decompiler	CODE:1800	CODE:1915	RET	5953	write	BITS	1	BITS:0f	0xf	mem[BITS:0f]
decompiler	CODE:1800	CODE:1915	RET	5953	read	BITS	1	BITS:0f	0xf	
decompiler	CODE:1800	CODE:1915	RET	6940	write	INTMEM	1	INTMEM:5d	0x5d	mem[INTMEM:5d]
decompiler	CODE:1800	CODE:1915	RET	6940	read	INTMEM	1	INTMEM:5d	0x5d	
decompiler	CODE:1800	CODE:1915	RET	7040	write	INTMEM	1	INTMEM:5e	0x5e	mem[INTMEM:5e]
decompiler	CODE:1800	CODE:1915	RET	7040	read	INTMEM	1	INTMEM:5e	0x5e	
decompiler	CODE:1800	CODE:1929	MOVX @DPTR,A	100	write	EXTMEM	1	EXTMEM:04d2	0x4d2	0x0
decompiler	CODE:1800	CODE:1937	LCALL 0x1d56	7069	read	EXTMEM	1	EXTMEM:04d2	0x4d2	
decompiler	CODE:1800	CODE:1952	JB 0x0f,0x1984	1162	read	BITS	1	BITS:0f	0xf	
decompiler	CODE:1800	CODE:1984	LCALL 0x1f60	7053	read	INTMEM	1	INTMEM:00	0x0	
decompiler	CODE:1800	CODE:1984	LCALL 0x1f60	7055	read	INTMEM	1	INTMEM:01	0x1	
decompiler	CODE:1800	CODE:1984	LCALL 0x1f60	7057	read	INTMEM	1	INTMEM:02	0x2	
decompiler	CODE:1800	CODE:1984	LCALL 0x1f60	7059	read	INTMEM	1	INTMEM:03	0x3	
decompiler	CODE:1800	CODE:19f9	LCALL 0x1d56	7065	read	EXTMEM	1	EXTMEM:04d2	0x4d2	
decompiler	CODE:1800	CODE:19ff	MOVX A,@DPTR	379	read	EXTMEM	1	CAST(INT_ADD(PIECE(CALL(0x25e025e024f1f582,mem[EXTMEM:04d2]),INDIRECT(0xd2,0x177)),0x1))		
decompiler	CODE:1800	CODE:1a20	MOVX A,@DPTR	773	read	EXTMEM	1	INDIRECT(0x4cb,0x303)		
decompiler	CODE:1800	CODE:1a23	MOVX A,@DPTR	778	read	EXTMEM	1	PTRADD(INDIRECT(0x4cb,0x303),0x1,0x1)		
decompiler	CODE:1800	CODE:1a4a	JB 0x0f,0x1a6c	862	read	BITS	1	BITS:0f	0xf	
decompiler	CODE:1800	CODE:1a52	MOVX A,@DPTR	874	read	EXTMEM	1	CAST(PIECE(CALL(0x9004d2e025e025e0),INDIRECT(SUBPIECE(INDIRECT(0x4cb,0x35d),0x0),0x367)))		
decompiler	CODE:1800	CODE:1a71	MOVX A,@DPTR	1078	read	EXTMEM	1	CAST(PIECE(CALL(0x9004d2e025e025e0,MULTIEQUAL(CALL(0x4fff9004caeef0a3,INT_AND(mem[EXTMEM:04cb],0x1),INT_OR(INT_AND(mem[EXTMEM:04ca],0xfe),INT_CARRY((register, 0x3, 1),(register, 0x3, 1))),INT_MULT(INDIRECT((unique, 0x2900, 1),0x31c),0x2)),INT_SRIGHT(INT_LEFT(INT_LESS((unique, 0xfc00, 1),0x3d),0x7),0x7))),INDIRECT(SUBPIECE(MULTIEQUAL(INDIRECT(0x4cb,0x35d),CAST(PIECE((register, 0xb, 1),(register, 0x83, 1)))),0x0),0x433)))		
decompiler	CODE:1800	CODE:1a85	LCALL 0x1e2f	7066	read	EXTMEM	1	EXTMEM:04cc	0x4cc	
decompiler	CODE:1800	CODE:1aa8	MOVX A,@DPTR	994	read	EXTMEM	1	INDIRECT(0x4d2,0x3e0)		
decompiler	CODE:1800	CODE:1ab7	MOVX @DPTR,A	1018	write	EXTMEM	1	PTRADD(INDIRECT(PTRADD(INDIRECT(0x4d2,0x3e0),0x1,0x1),0x3f4),0x1,0x1)		0x0
decompiler	CODE:1800	CODE:1aba	MOVX @DPTR,A	1023	write	EXTMEM	1	PTRADD(INDIRECT(PTRADD(INDIRECT(0x4d2,0x3e0),0x1,0x1),0x3f4),0x2,0x1)		mem[INTMEM:05]
decompiler	CODE:1800	CODE:1aba	MOVX @DPTR,A	1023	read	INTMEM	1	INTMEM:05	0x5	
decompiler	CODE:1800	CODE:1ac0	MOVX A,@DPTR	1034	read	EXTMEM	1	CAST(PIECE(CALL(0x9004d2e025e025e0),SUBPIECE(INDIRECT(PTRADD(INDIRECT(PTRADD((register, 0x82, 2),0x1,0x1),0x3f4),0x2,0x1),0x407),0x0)))		
decompiler	CODE:1800	CODE:1aca	MOVX @DPTR,A	1061	write	EXTMEM	1	MULTIEQUAL(0x4da,INDIRECT(INDIRECT(INDIRECT(INDIRECT(0x4d2,0x56b),0x573),0x597),0x5bb))		MULTIEQUAL(0x0,CALL(0xffee54039004d822))
decompiler	CODE:1800	CODE:1acd	MOVX @DPTR,A	1066	write	EXTMEM	1	PTRADD(MULTIEQUAL(0x4da,INDIRECT(INDIRECT(INDIRECT(INDIRECT(0x4d2,0x56b),0x573),0x597),0x5bb)),0x1,0x1)		MULTIEQUAL(INT_RIGHT(LOAD(0x311,CAST(PIECE((register, 0xb, 1),(register, 0x83, 1)))),0x1),INDIRECT(INDIRECT(INDIRECT(INDIRECT((register, 0x7, 1),0x56b),0x573),0x597),0x5bb))
decompiler	CODE:1800	CODE:1aeb	LCALL 0x1f60	7054	read	INTMEM	1	INTMEM:00	0x0	
decompiler	CODE:1800	CODE:1aeb	LCALL 0x1f60	7056	read	INTMEM	1	INTMEM:01	0x1	
decompiler	CODE:1800	CODE:1aeb	LCALL 0x1f60	7058	read	INTMEM	1	INTMEM:02	0x2	
decompiler	CODE:1800	CODE:1aeb	LCALL 0x1f60	7060	read	INTMEM	1	INTMEM:03	0x3	
decompiler	CODE:1800	CODE:1b59	MOVX @DPTR,A	707	write	EXTMEM	1	INDIRECT(INDIRECT(INDIRECT(INDIRECT(0x4d2,0x270),0x278),0x29c),0x2c0)		CALL(0xffee54039004d822)
decompiler	CODE:1800	CODE:1b5c	MOVX @DPTR,A	712	write	EXTMEM	1	PTRADD(INDIRECT(INDIRECT(INDIRECT(INDIRECT(0x4d2,0x270),0x278),0x29c),0x2c0),0x1,0x1)		INDIRECT(INDIRECT(INDIRECT(INDIRECT(INDIRECT((register, 0x7, 1),0x261),0x270),0x278),0x29c),0x2c0)
decompiler	CODE:1800	CODE:1b8b	LCALL 0xad49	3900	write	INTMEM	1	INTMEM:00	0x0	mem[INTMEM:00]
decompiler	CODE:1800	CODE:1b8b	LCALL 0xad49	3900	read	INTMEM	1	INTMEM:00	0x0	
decompiler	CODE:1800	CODE:1b8b	LCALL 0xad49	4000	write	INTMEM	1	INTMEM:01	0x1	mem[INTMEM:01]
decompiler	CODE:1800	CODE:1b8b	LCALL 0xad49	4000	read	INTMEM	1	INTMEM:01	0x1	
decompiler	CODE:1800	CODE:1b8b	LCALL 0xad49	4100	write	INTMEM	1	INTMEM:02	0x2	mem[INTMEM:02]
decompiler	CODE:1800	CODE:1b8b	LCALL 0xad49	4100	read	INTMEM	1	INTMEM:02	0x2	
decompiler	CODE:1800	CODE:1b8b	LCALL 0xad49	4200	write	INTMEM	1	INTMEM:03	0x3	mem[INTMEM:03]
decompiler	CODE:1800	CODE:1b8b	LCALL 0xad49	4200	read	INTMEM	1	INTMEM:03	0x3	
decompiler	CODE:1800	CODE:1b8b	LCALL 0xad49	4300	write	INTMEM	1	INTMEM:05	0x5	mem[INTMEM:05]
decompiler	CODE:1800	CODE:1b8b	LCALL 0xad49	4300	read	INTMEM	1	INTMEM:05	0x5	
decompiler	CODE:1800	CODE:1b8b	LCALL 0xad49	4400	write	INTMEM	1	INTMEM:07	0x7	mem[INTMEM:07]
decompiler	CODE:1800	CODE:1b8b	LCALL 0xad49	4400	read	INTMEM	1	INTMEM:07	0x7	
decompiler	CODE:1800	CODE:1b8b	LCALL 0xad49	4500	write	INTMEM	1	INTMEM:b3	0xb3	mem[INTMEM:b3]
decompiler	CODE:1800	CODE:1b8b	LCALL 0xad49	4500	read	INTMEM	1	INTMEM:b3	0xb3	
decompiler	CODE:1800	CODE:1b8b	LCALL 0xad49	4600	write	EXTMEM	1	EXTMEM:040e	0x40e	mem[EXTMEM:040e]
decompiler	CODE:1800	CODE:1b8b	LCALL 0xad49	4600	read	EXTMEM	1	EXTMEM:040e	0x40e	
decompiler	CODE:1800	CODE:1b8b	LCALL 0xad49	4704	write	EXTMEM	1	EXTMEM:0412	0x412	mem[EXTMEM:0412]
decompiler	CODE:1800	CODE:1b8b	LCALL 0xad49	4704	read	EXTMEM	1	EXTMEM:0412	0x412	
decompiler	CODE:1800	CODE:1b8b	LCALL 0xad49	4808	write	EXTMEM	1	EXTMEM:04c8	0x4c8	mem[EXTMEM:04c8]
decompiler	CODE:1800	CODE:1b8b	LCALL 0xad49	4808	read	EXTMEM	1	EXTMEM:04c8	0x4c8	
decompiler	CODE:1800	CODE:1b8b	LCALL 0xad49	4912	write	EXTMEM	1	EXTMEM:04c9	0x4c9	mem[EXTMEM:04c9]
decompiler	CODE:1800	CODE:1b8b	LCALL 0xad49	4912	read	EXTMEM	1	EXTMEM:04c9	0x4c9	
decompiler	CODE:1800	CODE:1b8b	LCALL 0xad49	5016	write	EXTMEM	1	EXTMEM:04ca	0x4ca	mem[EXTMEM:04ca]
decompiler	CODE:1800	CODE:1b8b	LCALL 0xad49	5016	read	EXTMEM	1	EXTMEM:04ca	0x4ca	
decompiler	CODE:1800	CODE:1b8b	LCALL 0xad49	5120	write	EXTMEM	1	EXTMEM:04cb	0x4cb	mem[EXTMEM:04cb]
decompiler	CODE:1800	CODE:1b8b	LCALL 0xad49	5120	read	EXTMEM	1	EXTMEM:04cb	0x4cb	
decompiler	CODE:1800	CODE:1b8b	LCALL 0xad49	5224	write	EXTMEM	1	EXTMEM:04cc	0x4cc	mem[EXTMEM:04cc]
decompiler	CODE:1800	CODE:1b8b	LCALL 0xad49	5224	read	EXTMEM	1	EXTMEM:04cc	0x4cc	
decompiler	CODE:1800	CODE:1b8b	LCALL 0xad49	5328	write	EXTMEM	1	EXTMEM:04cd	0x4cd	mem[EXTMEM:04cd]
decompiler	CODE:1800	CODE:1b8b	LCALL 0xad49	5328	read	EXTMEM	1	EXTMEM:04cd	0x4cd	
decompiler	CODE:1800	CODE:1b8b	LCALL 0xad49	5432	write	EXTMEM	1	EXTMEM:04ce	0x4ce	mem[EXTMEM:04ce]
decompiler	CODE:1800	CODE:1b8b	LCALL 0xad49	5432	read	EXTMEM	1	EXTMEM:04ce	0x4ce	
decompiler	CODE:1800	CODE:1b8b	LCALL 0xad49	5536	write	EXTMEM	1	EXTMEM:04cf	0x4cf	mem[EXTMEM:04cf]
decompiler	CODE:1800	CODE:1b8b	LCALL 0xad49	5536	read	EXTMEM	1	EXTMEM:04cf	0x4cf	
decompiler	CODE:1800	CODE:1b8b	LCALL 0xad49	5640	write	EXTMEM	1	EXTMEM:04d0	0x4d0	mem[EXTMEM:04d0]
decompiler	CODE:1800	CODE:1b8b	LCALL 0xad49	5640	read	EXTMEM	1	EXTMEM:04d0	0x4d0	
decompiler	CODE:1800	CODE:1b8b	LCALL 0xad49	5744	write	EXTMEM	1	EXTMEM:04d1	0x4d1	mem[EXTMEM:04d1]
decompiler	CODE:1800	CODE:1b8b	LCALL 0xad49	5744	read	EXTMEM	1	EXTMEM:04d1	0x4d1	
decompiler	CODE:1800	CODE:1b8b	LCALL 0xad49	5848	write	EXTMEM	1	EXTMEM:04d2	0x4d2	mem[EXTMEM:04d2]
decompiler	CODE:1800	CODE:1b8b	LCALL 0xad49	5848	read	EXTMEM	1	EXTMEM:04d2	0x4d2	
decompiler	CODE:1800	CODE:1b8b	LCALL 0xad49	5952	write	BITS	1	BITS:0f	0xf	mem[BITS:0f]
decompiler	CODE:1800	CODE:1b8b	LCALL 0xad49	5952	read	BITS	1	BITS:0f	0xf	
decompiler	CODE:1800	CODE:1b8b	LCALL 0xad49	6939	write	INTMEM	1	INTMEM:5d	0x5d	mem[INTMEM:5d]
decompiler	CODE:1800	CODE:1b8b	LCALL 0xad49	6939	read	INTMEM	1	INTMEM:5d	0x5d	
decompiler	CODE:1800	CODE:1b8b	LCALL 0xad49	7039	write	INTMEM	1	INTMEM:5e	0x5e	mem[INTMEM:5e]
decompiler	CODE:1800	CODE:1b8b	LCALL 0xad49	7039	read	INTMEM	1	INTMEM:5e	0x5e	
decompiler	CODE:1800	CODE:1c27	LCALL 0xa786	7061	read	INTMEM	1	INTMEM:b3	0xb3	
decompiler	CODE:1800	CODE:1c41	LCALL 0xad49	3899	write	INTMEM	1	INTMEM:00	0x0	mem[INTMEM:00]
decompiler	CODE:1800	CODE:1c41	LCALL 0xad49	3899	read	INTMEM	1	INTMEM:00	0x0	
decompiler	CODE:1800	CODE:1c41	LCALL 0xad49	3999	write	INTMEM	1	INTMEM:01	0x1	mem[INTMEM:01]
decompiler	CODE:1800	CODE:1c41	LCALL 0xad49	3999	read	INTMEM	1	INTMEM:01	0x1	
decompiler	CODE:1800	CODE:1c41	LCALL 0xad49	4099	write	INTMEM	1	INTMEM:02	0x2	mem[INTMEM:02]
decompiler	CODE:1800	CODE:1c41	LCALL 0xad49	4099	read	INTMEM	1	INTMEM:02	0x2	
decompiler	CODE:1800	CODE:1c41	LCALL 0xad49	4199	write	INTMEM	1	INTMEM:03	0x3	mem[INTMEM:03]
decompiler	CODE:1800	CODE:1c41	LCALL 0xad49	4199	read	INTMEM	1	INTMEM:03	0x3	
decompiler	CODE:1800	CODE:1c41	LCALL 0xad49	4299	write	INTMEM	1	INTMEM:05	0x5	mem[INTMEM:05]
decompiler	CODE:1800	CODE:1c41	LCALL 0xad49	4299	read	INTMEM	1	INTMEM:05	0x5	
decompiler	CODE:1800	CODE:1c41	LCALL 0xad49	4399	write	INTMEM	1	INTMEM:07	0x7	mem[INTMEM:07]
decompiler	CODE:1800	CODE:1c41	LCALL 0xad49	4399	read	INTMEM	1	INTMEM:07	0x7	
decompiler	CODE:1800	CODE:1c41	LCALL 0xad49	4499	write	INTMEM	1	INTMEM:b3	0xb3	mem[INTMEM:b3]
decompiler	CODE:1800	CODE:1c41	LCALL 0xad49	4499	read	INTMEM	1	INTMEM:b3	0xb3	
decompiler	CODE:1800	CODE:1c41	LCALL 0xad49	4599	write	EXTMEM	1	EXTMEM:040e	0x40e	mem[EXTMEM:040e]
decompiler	CODE:1800	CODE:1c41	LCALL 0xad49	4599	read	EXTMEM	1	EXTMEM:040e	0x40e	
decompiler	CODE:1800	CODE:1c41	LCALL 0xad49	4703	write	EXTMEM	1	EXTMEM:0412	0x412	mem[EXTMEM:0412]
decompiler	CODE:1800	CODE:1c41	LCALL 0xad49	4703	read	EXTMEM	1	EXTMEM:0412	0x412	
decompiler	CODE:1800	CODE:1c41	LCALL 0xad49	4807	write	EXTMEM	1	EXTMEM:04c8	0x4c8	mem[EXTMEM:04c8]
decompiler	CODE:1800	CODE:1c41	LCALL 0xad49	4807	read	EXTMEM	1	EXTMEM:04c8	0x4c8	
decompiler	CODE:1800	CODE:1c41	LCALL 0xad49	4911	write	EXTMEM	1	EXTMEM:04c9	0x4c9	mem[EXTMEM:04c9]
decompiler	CODE:1800	CODE:1c41	LCALL 0xad49	4911	read	EXTMEM	1	EXTMEM:04c9	0x4c9	
decompiler	CODE:1800	CODE:1c41	LCALL 0xad49	5015	write	EXTMEM	1	EXTMEM:04ca	0x4ca	mem[EXTMEM:04ca]
decompiler	CODE:1800	CODE:1c41	LCALL 0xad49	5015	read	EXTMEM	1	EXTMEM:04ca	0x4ca	
decompiler	CODE:1800	CODE:1c41	LCALL 0xad49	5119	write	EXTMEM	1	EXTMEM:04cb	0x4cb	mem[EXTMEM:04cb]
decompiler	CODE:1800	CODE:1c41	LCALL 0xad49	5119	read	EXTMEM	1	EXTMEM:04cb	0x4cb	
decompiler	CODE:1800	CODE:1c41	LCALL 0xad49	5223	write	EXTMEM	1	EXTMEM:04cc	0x4cc	mem[EXTMEM:04cc]
decompiler	CODE:1800	CODE:1c41	LCALL 0xad49	5223	read	EXTMEM	1	EXTMEM:04cc	0x4cc	
decompiler	CODE:1800	CODE:1c41	LCALL 0xad49	5327	write	EXTMEM	1	EXTMEM:04cd	0x4cd	mem[EXTMEM:04cd]
decompiler	CODE:1800	CODE:1c41	LCALL 0xad49	5327	read	EXTMEM	1	EXTMEM:04cd	0x4cd	
decompiler	CODE:1800	CODE:1c41	LCALL 0xad49	5431	write	EXTMEM	1	EXTMEM:04ce	0x4ce	mem[EXTMEM:04ce]
decompiler	CODE:1800	CODE:1c41	LCALL 0xad49	5431	read	EXTMEM	1	EXTMEM:04ce	0x4ce	
decompiler	CODE:1800	CODE:1c41	LCALL 0xad49	5535	write	EXTMEM	1	EXTMEM:04cf	0x4cf	mem[EXTMEM:04cf]
decompiler	CODE:1800	CODE:1c41	LCALL 0xad49	5535	read	EXTMEM	1	EXTMEM:04cf	0x4cf	
decompiler	CODE:1800	CODE:1c41	LCALL 0xad49	5639	write	EXTMEM	1	EXTMEM:04d0	0x4d0	mem[EXTMEM:04d0]
decompiler	CODE:1800	CODE:1c41	LCALL 0xad49	5639	read	EXTMEM	1	EXTMEM:04d0	0x4d0	
decompiler	CODE:1800	CODE:1c41	LCALL 0xad49	5743	write	EXTMEM	1	EXTMEM:04d1	0x4d1	mem[EXTMEM:04d1]
decompiler	CODE:1800	CODE:1c41	LCALL 0xad49	5743	read	EXTMEM	1	EXTMEM:04d1	0x4d1	
decompiler	CODE:1800	CODE:1c41	LCALL 0xad49	5847	write	EXTMEM	1	EXTMEM:04d2	0x4d2	mem[EXTMEM:04d2]
decompiler	CODE:1800	CODE:1c41	LCALL 0xad49	5847	read	EXTMEM	1	EXTMEM:04d2	0x4d2	
decompiler	CODE:1800	CODE:1c41	LCALL 0xad49	5951	write	BITS	1	BITS:0f	0xf	mem[BITS:0f]
decompiler	CODE:1800	CODE:1c41	LCALL 0xad49	5951	read	BITS	1	BITS:0f	0xf	
decompiler	CODE:1800	CODE:1c41	LCALL 0xad49	6938	write	INTMEM	1	INTMEM:5d	0x5d	mem[INTMEM:5d]
decompiler	CODE:1800	CODE:1c41	LCALL 0xad49	6938	read	INTMEM	1	INTMEM:5d	0x5d	
decompiler	CODE:1800	CODE:1c41	LCALL 0xad49	7038	write	INTMEM	1	INTMEM:5e	0x5e	mem[INTMEM:5e]
decompiler	CODE:1800	CODE:1c41	LCALL 0xad49	7038	read	INTMEM	1	INTMEM:5e	0x5e	
decompiler	CODE:1800	CODE:1ce5	MOV @R0,0x07	168	write	INTMEM	1	CAST(INT_ADD(mem[INTMEM:b3],0x89))		mem[INTMEM:07]
decompiler	CODE:1800	CODE:1ce5	MOV @R0,0x07	168	read	INTMEM	1	INTMEM:07	0x7	
decompiler	CODE:1800	CODE:1cf0	MOV @R0,0x07	190	write	INTMEM	1	CAST(INT_ADD(COPY(mem[INTMEM:b3]),0x8d))		mem[INTMEM:07]
decompiler	CODE:1800	CODE:1cf0	MOV @R0,0x07	190	read	INTMEM	1	INTMEM:07	0x7	
decompiler	CODE:1800	CODE:1d04	MOVX @DPTR,A	244	write	EXTMEM	1	CAST(PIECE(INT_SUB(0x3,INT_SRIGHT(INT_LEFT(INT_LESS(0x12,COPY(mem[INTMEM:b3])),0x7),0x7)),INT_SUB(COPY(mem[INTMEM:b3]),0x13)))		INT_ADD(mem[EXTMEM:04d1],0x7)
decompiler	CODE:1800	CODE:1d05	RET	3898	write	INTMEM	1	INTMEM:00	0x0	mem[INTMEM:00]
decompiler	CODE:1800	CODE:1d05	RET	3898	read	INTMEM	1	INTMEM:00	0x0	
decompiler	CODE:1800	CODE:1d05	RET	3998	write	INTMEM	1	INTMEM:01	0x1	mem[INTMEM:01]
decompiler	CODE:1800	CODE:1d05	RET	3998	read	INTMEM	1	INTMEM:01	0x1	
decompiler	CODE:1800	CODE:1d05	RET	4098	write	INTMEM	1	INTMEM:02	0x2	mem[INTMEM:02]
decompiler	CODE:1800	CODE:1d05	RET	4098	read	INTMEM	1	INTMEM:02	0x2	
decompiler	CODE:1800	CODE:1d05	RET	4198	write	INTMEM	1	INTMEM:03	0x3	mem[INTMEM:03]
decompiler	CODE:1800	CODE:1d05	RET	4198	read	INTMEM	1	INTMEM:03	0x3	
decompiler	CODE:1800	CODE:1d05	RET	4298	write	INTMEM	1	INTMEM:05	0x5	mem[INTMEM:05]
decompiler	CODE:1800	CODE:1d05	RET	4298	read	INTMEM	1	INTMEM:05	0x5	
decompiler	CODE:1800	CODE:1d05	RET	4398	write	INTMEM	1	INTMEM:07	0x7	mem[INTMEM:07]
decompiler	CODE:1800	CODE:1d05	RET	4398	read	INTMEM	1	INTMEM:07	0x7	
decompiler	CODE:1800	CODE:1d05	RET	4498	write	INTMEM	1	INTMEM:b3	0xb3	mem[INTMEM:b3]
decompiler	CODE:1800	CODE:1d05	RET	4498	read	INTMEM	1	INTMEM:b3	0xb3	
decompiler	CODE:1800	CODE:1d05	RET	4598	write	EXTMEM	1	EXTMEM:040e	0x40e	mem[EXTMEM:040e]
decompiler	CODE:1800	CODE:1d05	RET	4598	read	EXTMEM	1	EXTMEM:040e	0x40e	
decompiler	CODE:1800	CODE:1d05	RET	4702	write	EXTMEM	1	EXTMEM:0412	0x412	mem[EXTMEM:0412]
decompiler	CODE:1800	CODE:1d05	RET	4702	read	EXTMEM	1	EXTMEM:0412	0x412	
decompiler	CODE:1800	CODE:1d05	RET	4806	write	EXTMEM	1	EXTMEM:04c8	0x4c8	mem[EXTMEM:04c8]
decompiler	CODE:1800	CODE:1d05	RET	4806	read	EXTMEM	1	EXTMEM:04c8	0x4c8	
decompiler	CODE:1800	CODE:1d05	RET	4910	write	EXTMEM	1	EXTMEM:04c9	0x4c9	mem[EXTMEM:04c9]
decompiler	CODE:1800	CODE:1d05	RET	4910	read	EXTMEM	1	EXTMEM:04c9	0x4c9	
decompiler	CODE:1800	CODE:1d05	RET	5014	write	EXTMEM	1	EXTMEM:04ca	0x4ca	mem[EXTMEM:04ca]
decompiler	CODE:1800	CODE:1d05	RET	5014	read	EXTMEM	1	EXTMEM:04ca	0x4ca	
decompiler	CODE:1800	CODE:1d05	RET	5118	write	EXTMEM	1	EXTMEM:04cb	0x4cb	mem[EXTMEM:04cb]
decompiler	CODE:1800	CODE:1d05	RET	5118	read	EXTMEM	1	EXTMEM:04cb	0x4cb	
decompiler	CODE:1800	CODE:1d05	RET	5222	write	EXTMEM	1	EXTMEM:04cc	0x4cc	mem[EXTMEM:04cc]
decompiler	CODE:1800	CODE:1d05	RET	5222	read	EXTMEM	1	EXTMEM:04cc	0x4cc	
decompiler	CODE:1800	CODE:1d05	RET	5326	write	EXTMEM	1	EXTMEM:04cd	0x4cd	mem[EXTMEM:04cd]
decompiler	CODE:1800	CODE:1d05	RET	5326	read	EXTMEM	1	EXTMEM:04cd	0x4cd	
decompiler	CODE:1800	CODE:1d05	RET	5430	write	EXTMEM	1	EXTMEM:04ce	0x4ce	mem[EXTMEM:04ce]
decompiler	CODE:1800	CODE:1d05	RET	5430	read	EXTMEM	1	EXTMEM:04ce	0x4ce	
decompiler	CODE:1800	CODE:1d05	RET	5534	write	EXTMEM	1	EXTMEM:04cf	0x4cf	mem[EXTMEM:04cf]
decompiler	CODE:1800	CODE:1d05	RET	5534	read	EXTMEM	1	EXTMEM:04cf	0x4cf	
decompiler	CODE:1800	CODE:1d05	RET	5638	write	EXTMEM	1	EXTMEM:04d0	0x4d0	mem[EXTMEM:04d0]
decompiler	CODE:1800	CODE:1d05	RET	5638	read	EXTMEM	1	EXTMEM:04d0	0x4d0	
decompiler	CODE:1800	CODE:1d05	RET	5742	write	EXTMEM	1	EXTMEM:04d1	0x4d1	mem[EXTMEM:04d1]
decompiler	CODE:1800	CODE:1d05	RET	5742	read	EXTMEM	1	EXTMEM:04d1	0x4d1	
decompiler	CODE:1800	CODE:1d05	RET	5846	write	EXTMEM	1	EXTMEM:04d2	0x4d2	mem[EXTMEM:04d2]
decompiler	CODE:1800	CODE:1d05	RET	5846	read	EXTMEM	1	EXTMEM:04d2	0x4d2	
decompiler	CODE:1800	CODE:1d05	RET	5950	write	BITS	1	BITS:0f	0xf	mem[BITS:0f]
decompiler	CODE:1800	CODE:1d05	RET	5950	read	BITS	1	BITS:0f	0xf	
decompiler	CODE:1800	CODE:1d05	RET	6937	write	INTMEM	1	INTMEM:5d	0x5d	mem[INTMEM:5d]
decompiler	CODE:1800	CODE:1d05	RET	6937	read	INTMEM	1	INTMEM:5d	0x5d	
decompiler	CODE:1800	CODE:1d05	RET	7037	write	INTMEM	1	INTMEM:5e	0x5e	mem[INTMEM:5e]
decompiler	CODE:1800	CODE:1d05	RET	7037	read	INTMEM	1	INTMEM:5e	0x5e	
decompiler	CODE:1d06	CODE:1d09	MOV A,@R0	4	read	INTMEM	1	CAST(INT_ADD((register, 0x0, 1),0x1))		
decompiler	CODE:1d06	CODE:1d1d	MOVX @DPTR,A	51	write	EXTMEM	1	CAST(PIECE(INT_SUB(0x5,INT_SRIGHT(INT_LEFT(INT_LESS(0x63,mem[EXTMEM:04a8]),0x7),0x7)),INT_ADD(mem[EXTMEM:04a8],0x9c)))		LOAD(0x281,CAST(INT_ADD((register, 0x0, 1),0x1)))
decompiler	CODE:1d06	CODE:1d1d	MOVX @DPTR,A	118	read	EXTMEM	1	EXTMEM:04a8	0x4a8	
decompiler	CODE:1d06	CODE:1d26	MOVX @DPTR,A	62	write	EXTMEM	1	EXTMEM:04a8	0x4a8	INT_ADD(mem[EXTMEM:04a8],0x1)
decompiler	CODE:1d06	CODE:1d31	RET	116	write	EXTMEM	1	EXTMEM:04a8	0x4a8	mem[EXTMEM:04a8]
decompiler	CODE:1d06	CODE:1d31	RET	116	read	EXTMEM	1	EXTMEM:04a8	0x4a8	
decompiler	CODE:1d0a	CODE:1d1d	MOVX @DPTR,A	45	write	EXTMEM	1	CAST(PIECE(INT_SUB(0x5,INT_SRIGHT(INT_LEFT(INT_LESS(0x63,mem[EXTMEM:04a8]),0x7),0x7)),INT_ADD(mem[EXTMEM:04a8],0x9c)))		(register, 0xb, 1)
decompiler	CODE:1d0a	CODE:1d1d	MOVX @DPTR,A	112	read	EXTMEM	1	EXTMEM:04a8	0x4a8	
decompiler	CODE:1d0a	CODE:1d26	MOVX @DPTR,A	56	write	EXTMEM	1	EXTMEM:04a8	0x4a8	INT_ADD(mem[EXTMEM:04a8],0x1)
decompiler	CODE:1d0a	CODE:1d31	RET	110	write	EXTMEM	1	EXTMEM:04a8	0x4a8	mem[EXTMEM:04a8]
decompiler	CODE:1d0a	CODE:1d31	RET	110	read	EXTMEM	1	EXTMEM:04a8	0x4a8	
decompiler	CODE:1d1f	CODE:1d26	MOVX @DPTR,A	9	write	EXTMEM	1	EXTMEM:04a8	0x4a8	INT_ADD(mem[EXTMEM:04a8],0x1)
decompiler	CODE:1d1f	CODE:1d31	RET	57	write	EXTMEM	1	EXTMEM:04a8	0x4a8	mem[EXTMEM:04a8]
decompiler	CODE:1d1f	CODE:1d31	RET	57	read	EXTMEM	1	EXTMEM:04a8	0x4a8	
decompiler	CODE:1d22	CODE:1d23	MOVX A,@DPTR	2	read	EXTMEM	1	(register, 0x82, 2)		
decompiler	CODE:1d22	CODE:1d26	MOVX @DPTR,A	8	write	EXTMEM	1	(register, 0x82, 2)		INT_ADD(LOAD(0x311,(register, 0x82, 2)),0x1)
decompiler	CODE:1d23	CODE:1d23	MOVX A,@DPTR	1	read	EXTMEM	1	(register, 0x82, 2)		
decompiler	CODE:1d23	CODE:1d26	MOVX @DPTR,A	7	write	EXTMEM	1	(register, 0x82, 2)		INT_ADD(LOAD(0x311,(register, 0x82, 2)),0x1)
decompiler	CODE:1d32	CODE:1d39	MOVX @DPTR,A	14	write	EXTMEM	1	EXTMEM:04d6	0x4d6	INT_AND((register, 0x6, 1),0x3)
decompiler	CODE:1d32	CODE:1d3c	MOVX @DPTR,A	19	write	EXTMEM	1	EXTMEM:04d7	0x4d7	(register, 0xb, 1)
decompiler	CODE:1d32	CODE:1d4e	MOVX A,@DPTR	84	read	EXTMEM	1	CAST(INT_ADD(PIECE(INT_SUB(0x3,INT_SRIGHT(INT_LEFT(INT_LESS(0xc,(unique, 0x10000003, 1)),0x7),0x7)),INT_SUB(INT_MULT((register, 0x5, 1),0x4),0xd)),0x1))		
decompiler	CODE:1d32	CODE:1d51	RET	105	write	EXTMEM	1	EXTMEM:04d6	0x4d6	mem[EXTMEM:04d6]
decompiler	CODE:1d32	CODE:1d51	RET	105	read	EXTMEM	1	EXTMEM:04d6	0x4d6	
decompiler	CODE:1d32	CODE:1d51	RET	106	write	EXTMEM	1	EXTMEM:04d7	0x4d7	mem[EXTMEM:04d7]
decompiler	CODE:1d32	CODE:1d51	RET	106	read	EXTMEM	1	EXTMEM:04d7	0x4d7	
decompiler	CODE:1d3e	CODE:1d4e	MOVX A,@DPTR	63	read	EXTMEM	1	CAST(INT_ADD(PIECE(INT_SUB(0x3,INT_SRIGHT(INT_LEFT(INT_LESS(0xc,(unique, 0x10000003, 1)),0x7),0x7)),INT_SUB(INT_MULT((register, 0xb, 1),0x4),0xd)),0x1))		
decompiler	CODE:1d49	CODE:1d4e	MOVX A,@DPTR	7	read	EXTMEM	1	CAST(INT_ADD(PIECE((register, 0xb, 1),(register, 0x83, 1)),0x1))		
decompiler	CODE:1d52	CODE:1d61	RET	75	write	EXTMEM	1	EXTMEM:04d2	0x4d2	mem[EXTMEM:04d2]
decompiler	CODE:1d52	CODE:1d61	RET	75	read	EXTMEM	1	EXTMEM:04d2	0x4d2	
decompiler	CODE:1d55	CODE:1d55	MOVX A,@DPTR	1	read	EXTMEM	1	(register, 0x82, 2)		
decompiler	CODE:1d8d	CODE:1d8d	MOV A,@R0	0	read	INTMEM	1	(register, 0x0, 1)		
decompiler	CODE:1d8d	CODE:1d90	MOV A,@R0	4	read	INTMEM	1	PTRADD((register, 0x0, 1),0x1,0x1)		
decompiler	CODE:1d8d	CODE:1d93	MOVX @DPTR,A	12	write	EXTMEM	1	CAST(INT_ADD((register, 0x82, 2),0x1))		LOAD(0x281,(register, 0x0, 1))
decompiler	CODE:1d8d	CODE:1d96	MOVX @DPTR,A	17	write	EXTMEM	1	CAST(INT_ADD((register, 0x82, 2),0x2))		LOAD(0x281,PTRADD((register, 0x0, 1),0x1,0x1))
decompiler	CODE:1d98	CODE:1da8	RET	58	write	INTMEM	1	INTMEM:b3	0xb3	mem[INTMEM:b3]
decompiler	CODE:1d98	CODE:1da8	RET	58	read	INTMEM	1	INTMEM:b3	0xb3	
decompiler	CODE:1da9	CODE:1dac	MOVX @DPTR,A	4	write	EXTMEM	1	CAST(PIECE((register, 0xb, 1),(register, 0x83, 1)))		(register, 0x5, 1)
decompiler	CODE:1dcb	CODE:1dd1	MOVX A,@DPTR	8	read	EXTMEM	1	EXTMEM:04c9	0x4c9	
decompiler	CODE:1dcb	CODE:1dd2	RET	19	write	EXTMEM	1	EXTMEM:04c8	0x4c8	mem[EXTMEM:04c8]
decompiler	CODE:1dcb	CODE:1dd2	RET	19	read	EXTMEM	1	EXTMEM:04c8	0x4c8	
decompiler	CODE:1dcb	CODE:1dd2	RET	20	write	EXTMEM	1	EXTMEM:04c9	0x4c9	mem[EXTMEM:04c9]
decompiler	CODE:1dcb	CODE:1dd2	RET	20	read	EXTMEM	1	EXTMEM:04c9	0x4c9	
decompiler	CODE:1dd3	CODE:1dd3	MOV A,@R0	0	read	INTMEM	1	(register, 0x0, 1)		
decompiler	CODE:1dd3	CODE:1dd6	MOV A,@R0	4	read	INTMEM	1	PTRADD((register, 0x0, 1),0x1,0x1)		
decompiler	CODE:1dfa	CODE:1dff	MOVX A,@DPTR	7	read	EXTMEM	1	CAST(INT_ADD(PIECE((register, 0xb, 1),(register, 0x83, 1)),0x1))		
decompiler	CODE:1e02	CODE:1e08	MOVX @DPTR,A	8	write	EXTMEM	1	EXTMEM:04ce	0x4ce	INT_ADD(mem[EXTMEM:04ce],0x1)
decompiler	CODE:1e02	CODE:1e09	RET	19	write	EXTMEM	1	EXTMEM:04ce	0x4ce	mem[EXTMEM:04ce]
decompiler	CODE:1e02	CODE:1e09	RET	19	read	EXTMEM	1	EXTMEM:04ce	0x4ce	
decompiler	CODE:1e0a	CODE:1e16	MOVX @DPTR,A	16	write	EXTMEM	1	EXTMEM:04b2	0x4b2	INT_ADD(mem[EXTMEM:04b2],0x1)
decompiler	CODE:1e0a	CODE:1e1a	RET	41	write	EXTMEM	1	EXTMEM:04b2	0x4b2	mem[EXTMEM:04b2]
decompiler	CODE:1e0a	CODE:1e1a	RET	41	read	EXTMEM	1	EXTMEM:04b2	0x4b2	
decompiler	CODE:1e1b	CODE:1e24	RET	36	write	INTMEM	1	INTMEM:03	0x3	mem[INTMEM:03]
decompiler	CODE:1e1b	CODE:1e24	RET	36	read	INTMEM	1	INTMEM:03	0x3	
decompiler	CODE:1e1d	CODE:1e24	RET	27	write	INTMEM	1	INTMEM:03	0x3	mem[INTMEM:03]
decompiler	CODE:1e1d	CODE:1e24	RET	27	read	INTMEM	1	INTMEM:03	0x3	
decompiler	CODE:1e2f	CODE:1e34	MOVX @DPTR,A	5	write	EXTMEM	1	EXTMEM:04cc	0x4cc	(register, 0x6, 1)
decompiler	CODE:1e2f	CODE:1e37	MOVX @DPTR,A	10	write	EXTMEM	1	EXTMEM:04cd	0x4cd	(register, 0xb, 1)
decompiler	CODE:1e2f	CODE:1e38	RET	21	write	EXTMEM	1	EXTMEM:04cc	0x4cc	mem[EXTMEM:04cc]
decompiler	CODE:1e2f	CODE:1e38	RET	21	read	EXTMEM	1	EXTMEM:04cc	0x4cc	
decompiler	CODE:1e2f	CODE:1e38	RET	22	write	EXTMEM	1	EXTMEM:04cd	0x4cd	mem[EXTMEM:04cd]
decompiler	CODE:1e2f	CODE:1e38	RET	22	read	EXTMEM	1	EXTMEM:04cd	0x4cd	
decompiler	CODE:1e30	CODE:1e34	MOVX @DPTR,A	4	write	EXTMEM	1	EXTMEM:04cc	0x4cc	(register, 0x6, 1)
decompiler	CODE:1e30	CODE:1e37	MOVX @DPTR,A	9	write	EXTMEM	1	EXTMEM:04cd	0x4cd	(register, 0x7, 1)
decompiler	CODE:1e30	CODE:1e38	RET	20	write	EXTMEM	1	EXTMEM:04cc	0x4cc	mem[EXTMEM:04cc]
decompiler	CODE:1e30	CODE:1e38	RET	20	read	EXTMEM	1	EXTMEM:04cc	0x4cc	
decompiler	CODE:1e30	CODE:1e38	RET	21	write	EXTMEM	1	EXTMEM:04cd	0x4cd	mem[EXTMEM:04cd]
decompiler	CODE:1e30	CODE:1e38	RET	21	read	EXTMEM	1	EXTMEM:04cd	0x4cd	
decompiler	CODE:1e31	CODE:1e34	MOVX @DPTR,A	3	write	EXTMEM	1	EXTMEM:04cc	0x4cc	(register, 0xb, 1)
decompiler	CODE:1e31	CODE:1e37	MOVX @DPTR,A	8	write	EXTMEM	1	EXTMEM:04cd	0x4cd	(register, 0x7, 1)
decompiler	CODE:1e31	CODE:1e38	RET	19	write	EXTMEM	1	EXTMEM:04cc	0x4cc	mem[EXTMEM:04cc]
decompiler	CODE:1e31	CODE:1e38	RET	19	read	EXTMEM	1	EXTMEM:04cc	0x4cc	
decompiler	CODE:1e31	CODE:1e38	RET	20	write	EXTMEM	1	EXTMEM:04cd	0x4cd	mem[EXTMEM:04cd]
decompiler	CODE:1e31	CODE:1e38	RET	20	read	EXTMEM	1	EXTMEM:04cd	0x4cd	
decompiler	CODE:1e39	CODE:1e42	MOV @R0,0x06	32	write	INTMEM	1	CAST(INT_ADD(INT_MULT(mem[INTMEM:b3],0x2),0x5d))		mem[INTMEM:06]
decompiler	CODE:1e39	CODE:1e42	MOV @R0,0x06	32	read	INTMEM	1	INTMEM:06	0x6	
decompiler	CODE:1e39	CODE:1e45	MOV @R0,0x07	35	write	INTMEM	1	CAST(INT_ADD(INT_MULT(mem[INTMEM:b3],0x2),0x5e))		mem[INTMEM:07]
decompiler	CODE:1e39	CODE:1e45	MOV @R0,0x07	35	read	INTMEM	1	INTMEM:07	0x7	
decompiler	CODE:1e39	CODE:1e47	RET	47	write	INTMEM	1	INTMEM:06	0x6	mem[INTMEM:06]
decompiler	CODE:1e39	CODE:1e47	RET	47	read	INTMEM	1	INTMEM:06	0x6	
decompiler	CODE:1e39	CODE:1e47	RET	50	write	INTMEM	1	INTMEM:07	0x7	mem[INTMEM:07]
decompiler	CODE:1e39	CODE:1e47	RET	50	read	INTMEM	1	INTMEM:07	0x7	
decompiler	CODE:1e39	CODE:1e47	RET	53	write	INTMEM	1	INTMEM:b3	0xb3	mem[INTMEM:b3]
decompiler	CODE:1e39	CODE:1e47	RET	53	read	INTMEM	1	INTMEM:b3	0xb3	
decompiler	CODE:1e41	CODE:1e42	MOV @R0,0x06	2	write	INTMEM	1	(register, 0xb, 1)		mem[INTMEM:06]
decompiler	CODE:1e41	CODE:1e42	MOV @R0,0x06	2	read	INTMEM	1	INTMEM:06	0x6	
decompiler	CODE:1e41	CODE:1e45	MOV @R0,0x07	5	write	INTMEM	1	PTRADD((register, 0xb, 1),0x1,0x1)		mem[INTMEM:07]
decompiler	CODE:1e41	CODE:1e45	MOV @R0,0x07	5	read	INTMEM	1	INTMEM:07	0x7	
decompiler	CODE:1e41	CODE:1e47	RET	16	write	INTMEM	1	INTMEM:06	0x6	mem[INTMEM:06]
decompiler	CODE:1e41	CODE:1e47	RET	16	read	INTMEM	1	INTMEM:06	0x6	
decompiler	CODE:1e41	CODE:1e47	RET	19	write	INTMEM	1	INTMEM:07	0x7	mem[INTMEM:07]
decompiler	CODE:1e41	CODE:1e47	RET	19	read	INTMEM	1	INTMEM:07	0x7	
decompiler	CODE:1e48	CODE:1e4e	RET	27	write	INTMEM	1	INTMEM:b3	0xb3	mem[INTMEM:b3]
decompiler	CODE:1e48	CODE:1e4e	RET	27	read	INTMEM	1	INTMEM:b3	0xb3	
decompiler	CODE:1e4f	CODE:1e54	MOV @R0,A	17	write	INTMEM	1	CAST(INT_ADD((register, 0xb, 1),0x23))		0x0
decompiler	CODE:1e4f	CODE:1e5a	MOV @R0,A	35	write	INTMEM	1	CAST(INT_ADD((register, 0xb, 1),0x87))		0x0
decompiler	CODE:1e5c	CODE:1e62	MOVX @DPTR,A	7	write	EXTMEM	1	EXTMEM:04ca	0x4ca	INT_OR(mem[EXTMEM:04ca],0xc0)
decompiler	CODE:1e5c	CODE:1e65	MOVX @DPTR,A	14	write	EXTMEM	1	EXTMEM:04cb	0x4cb	mem[EXTMEM:04cb]
decompiler	CODE:1e5c	CODE:1e65	MOVX @DPTR,A	14	read	EXTMEM	1	EXTMEM:04cb	0x4cb	
decompiler	CODE:1e5c	CODE:1e71	RET	45	write	EXTMEM	1	EXTMEM:04ca	0x4ca	mem[EXTMEM:04ca]
decompiler	CODE:1e5c	CODE:1e71	RET	45	read	EXTMEM	1	EXTMEM:04ca	0x4ca	
decompiler	CODE:1e5c	CODE:1e71	RET	46	write	EXTMEM	1	EXTMEM:04cb	0x4cb	mem[EXTMEM:04cb]
decompiler	CODE:1e5c	CODE:1e71	RET	46	read	EXTMEM	1	EXTMEM:04cb	0x4cb	
decompiler	CODE:1e7e	CODE:1e81	MOVX @DPTR,A	3	write	EXTMEM	1	EXTMEM:04d6	0x4d6	(register, 0xb, 1)
decompiler	CODE:1e7e	CODE:1e84	MOVX @DPTR,A	8	write	EXTMEM	1	EXTMEM:04d7	0x4d7	(register, 0x7, 1)
decompiler	CODE:1e7e	CODE:1e85	RET	19	write	EXTMEM	1	EXTMEM:04d6	0x4d6	mem[EXTMEM:04d6]
decompiler	CODE:1e7e	CODE:1e85	RET	19	read	EXTMEM	1	EXTMEM:04d6	0x4d6	
decompiler	CODE:1e7e	CODE:1e85	RET	20	write	EXTMEM	1	EXTMEM:04d7	0x4d7	mem[EXTMEM:04d7]
decompiler	CODE:1e7e	CODE:1e85	RET	20	read	EXTMEM	1	EXTMEM:04d7	0x4d7	
decompiler	CODE:1e8d	CODE:1e95	MOV A,@R0	31	read	INTMEM	1	CAST(INT_ADD(INT_MULT((register, 0xb, 1),0x2),0x74))		
decompiler	CODE:1e98	CODE:1ea1	MOVX A,@DPTR	34	read	EXTMEM	1	CAST(INT_ADD((register, 0x82, 2),0x1))		
decompiler	CODE:1ea4	CODE:1eaa	MOVX A,@DPTR	8	read	EXTMEM	1	EXTMEM:04c9	0x4c9	
decompiler	CODE:1ea4	CODE:1eaf	RET	25	write	EXTMEM	1	EXTMEM:04c8	0x4c8	mem[EXTMEM:04c8]
decompiler	CODE:1ea4	CODE:1eaf	RET	25	read	EXTMEM	1	EXTMEM:04c8	0x4c8	
decompiler	CODE:1ea4	CODE:1eaf	RET	26	write	EXTMEM	1	EXTMEM:04c9	0x4c9	mem[EXTMEM:04c9]
decompiler	CODE:1ea4	CODE:1eaf	RET	26	read	EXTMEM	1	EXTMEM:04c9	0x4c9	
decompiler	CODE:1ea7	CODE:1eaa	MOVX A,@DPTR	6	read	EXTMEM	1	CAST(INT_ADD((register, 0x82, 2),0x1))		
decompiler	CODE:1ec0	CODE:1ec6	MOVX A,@DPTR	8	read	EXTMEM	1	EXTMEM:04b3	0x4b3	
decompiler	CODE:1ec0	CODE:1ec8	RET	20	write	EXTMEM	1	EXTMEM:04b2	0x4b2	mem[EXTMEM:04b2]
decompiler	CODE:1ec0	CODE:1ec8	RET	20	read	EXTMEM	1	EXTMEM:04b2	0x4b2	
decompiler	CODE:1ec0	CODE:1ec8	RET	21	write	EXTMEM	1	EXTMEM:04b3	0x4b3	mem[EXTMEM:04b3]
decompiler	CODE:1ec0	CODE:1ec8	RET	21	read	EXTMEM	1	EXTMEM:04b3	0x4b3	
decompiler	CODE:1ec9	CODE:1ed0	MOV A,@R0	18	read	INTMEM	1	CAST(INT_ADD(mem[INTMEM:b3],0x23))		
decompiler	CODE:1ec9	CODE:1ed1	RET	30	write	INTMEM	1	INTMEM:b3	0xb3	mem[INTMEM:b3]
decompiler	CODE:1ec9	CODE:1ed1	RET	30	read	INTMEM	1	INTMEM:b3	0xb3	
decompiler	CODE:1ee9	CODE:1ef5	RET	45	write	INTMEM	1	INTMEM:b3	0xb3	mem[INTMEM:b3]
decompiler	CODE:1ee9	CODE:1ef5	RET	45	read	INTMEM	1	INTMEM:b3	0xb3	
decompiler	CODE:1ef6	CODE:1ef8	MOVX @DPTR,A	4	write	EXTMEM	1	(register, 0x82, 2)		0x0
decompiler	CODE:1ef6	CODE:1efb	MOVX @DPTR,A	9	write	EXTMEM	1	PTRADD((register, 0x82, 2),0x1,0x1)		(register, 0xb, 1)
decompiler	CODE:1f10	CODE:1f10	MOVX A,@DPTR	1	read	EXTMEM	1	(register, 0x82, 2)		
decompiler	CODE:1f10	CODE:1f13	MOVX @DPTR,A	7	write	EXTMEM	1	(register, 0x82, 2)		INT_ADD(LOAD(0x311,(register, 0x82, 2)),0x1)
decompiler	CODE:1f18	CODE:1f1e	MOVX @DPTR,A	8	write	EXTMEM	1	EXTMEM:04ce	0x4ce	INT_ADD(mem[EXTMEM:04ce],0x1)
decompiler	CODE:1f18	CODE:1f1f	RET	19	write	EXTMEM	1	EXTMEM:04ce	0x4ce	mem[EXTMEM:04ce]
decompiler	CODE:1f18	CODE:1f1f	RET	19	read	EXTMEM	1	EXTMEM:04ce	0x4ce	
decompiler	CODE:1f28	CODE:1f28	MOV @R0,0x06	1	write	INTMEM	1	(register, 0x0, 1)		mem[INTMEM:06]
decompiler	CODE:1f28	CODE:1f28	MOV @R0,0x06	1	read	INTMEM	1	INTMEM:06	0x6	
decompiler	CODE:1f28	CODE:1f2b	MOV @R0,0x07	4	write	INTMEM	1	PTRADD((register, 0x0, 1),0x1,0x1)		mem[INTMEM:07]
decompiler	CODE:1f28	CODE:1f2b	MOV @R0,0x07	4	read	INTMEM	1	INTMEM:07	0x7	
decompiler	CODE:1f28	CODE:1f2d	SETB 0x0d	5	write	BITS	1	BITS:0d	0xd	0x1
decompiler	CODE:1f28	CODE:1f2f	RET	16	write	INTMEM	1	INTMEM:06	0x6	mem[INTMEM:06]
decompiler	CODE:1f28	CODE:1f2f	RET	16	read	INTMEM	1	INTMEM:06	0x6	
decompiler	CODE:1f28	CODE:1f2f	RET	19	write	INTMEM	1	INTMEM:07	0x7	mem[INTMEM:07]
decompiler	CODE:1f28	CODE:1f2f	RET	19	read	INTMEM	1	INTMEM:07	0x7	
decompiler	CODE:1f28	CODE:1f2f	RET	22	write	BITS	1	BITS:0d	0xd	0x1
decompiler	CODE:1f28	CODE:1f2f	RET	22	read	BITS	1	BITS:0d	0xd	
decompiler	CODE:1f30	CODE:1f30	MOVX A,@DPTR	1	read	EXTMEM	1	(register, 0x82, 2)		
decompiler	CODE:1f30	CODE:1f36	MOVX @DPTR,A	19	write	EXTMEM	1	EXTMEM:059e	0x59e	INT_ADD(LOAD(0x311,(register, 0x82, 2)),0xfe)
decompiler	CODE:1f30	CODE:1f37	RET	30	write	EXTMEM	1	EXTMEM:059e	0x59e	mem[EXTMEM:059e]
decompiler	CODE:1f30	CODE:1f37	RET	30	read	EXTMEM	1	EXTMEM:059e	0x59e	
decompiler	CODE:1f31	CODE:1f36	MOVX @DPTR,A	16	write	EXTMEM	1	EXTMEM:059e	0x59e	INT_ADD((register, 0xb, 1),0xfe)
decompiler	CODE:1f31	CODE:1f37	RET	27	write	EXTMEM	1	EXTMEM:059e	0x59e	mem[EXTMEM:059e]
decompiler	CODE:1f31	CODE:1f37	RET	27	read	EXTMEM	1	EXTMEM:059e	0x59e	
decompiler	CODE:1f38	CODE:1f3e	MOVX @DPTR,A	6	write	EXTMEM	1	EXTMEM:04ca	0x4ca	(register, 0x6, 1)
decompiler	CODE:1f38	CODE:1f41	MOVX @DPTR,A	11	write	EXTMEM	1	EXTMEM:04cb	0x4cb	INT_OR((register, 0xb, 1),(register, 0x7, 1))
decompiler	CODE:1f38	CODE:1f42	RET	22	write	EXTMEM	1	EXTMEM:04ca	0x4ca	mem[EXTMEM:04ca]
decompiler	CODE:1f38	CODE:1f42	RET	22	read	EXTMEM	1	EXTMEM:04ca	0x4ca	
decompiler	CODE:1f38	CODE:1f42	RET	23	write	EXTMEM	1	EXTMEM:04cb	0x4cb	mem[EXTMEM:04cb]
decompiler	CODE:1f38	CODE:1f42	RET	23	read	EXTMEM	1	EXTMEM:04cb	0x4cb	
decompiler	CODE:1f4c	CODE:1f53	MOV @R0,0x07	19	write	INTMEM	1	CAST(INT_ADD(mem[INTMEM:b3],0x8d))		mem[INTMEM:07]
decompiler	CODE:1f4c	CODE:1f53	MOV @R0,0x07	19	read	INTMEM	1	INTMEM:07	0x7	
decompiler	CODE:1f4c	CODE:1f55	RET	30	write	INTMEM	1	INTMEM:07	0x7	mem[INTMEM:07]
decompiler	CODE:1f4c	CODE:1f55	RET	30	read	INTMEM	1	INTMEM:07	0x7	
decompiler	CODE:1f4c	CODE:1f55	RET	32	write	INTMEM	1	INTMEM:b3	0xb3	mem[INTMEM:b3]
decompiler	CODE:1f4c	CODE:1f55	RET	32	read	INTMEM	1	INTMEM:b3	0xb3	
decompiler	CODE:1f56	CODE:1f58	MOVX A,@DPTR	4	read	EXTMEM	1	(register, 0x82, 2)		
decompiler	CODE:1f56	CODE:1f5b	MOVX @DPTR,A	10	write	EXTMEM	1	(register, 0x82, 2)		INT_ADD(LOAD(0x311,(register, 0x82, 2)),0x1)
decompiler	CODE:2000	CODE:204c	MOVX @DPTR,A	117	write	EXTMEM	1	EXTMEM:04c3	0x4c3	0x0
decompiler	CODE:2000	CODE:204f	MOVX @DPTR,A	122	write	EXTMEM	1	EXTMEM:04c4	0x4c4	mem[EXTMEM:04c1]
decompiler	CODE:2000	CODE:204f	MOVX @DPTR,A	122	read	EXTMEM	1	EXTMEM:04c1	0x4c1	
decompiler	CODE:2000	CODE:205b	MOVX @DPTR,A	133	write	EXTMEM	1	EXTMEM:04c5	0x4c5	0x0
decompiler	CODE:2000	CODE:205e	MOVX @DPTR,A	138	write	EXTMEM	1	EXTMEM:04c6	0x4c6	mem[EXTMEM:04c0]
decompiler	CODE:2000	CODE:205e	MOVX @DPTR,A	138	read	EXTMEM	1	EXTMEM:04c0	0x4c0	
decompiler	CODE:2000	CODE:2073	JNZ 0x2077	164	read	EXTMEM	1	EXTMEM:04c0	0x4c0	
decompiler	CODE:2000	CODE:2093	LCALL 0xadf3	475	write	EXTMEM	1	EXTMEM:04c0	0x4c0	mem[EXTMEM:04c0]
decompiler	CODE:2000	CODE:2093	LCALL 0xadf3	475	read	EXTMEM	1	EXTMEM:04c0	0x4c0	
decompiler	CODE:2000	CODE:2093	LCALL 0xadf3	493	write	EXTMEM	1	EXTMEM:04c1	0x4c1	mem[EXTMEM:04c1]
decompiler	CODE:2000	CODE:2093	LCALL 0xadf3	493	read	EXTMEM	1	EXTMEM:04c1	0x4c1	
decompiler	CODE:2000	CODE:2093	LCALL 0xadf3	511	write	EXTMEM	1	EXTMEM:04c3	0x4c3	mem[EXTMEM:04c3]
decompiler	CODE:2000	CODE:2093	LCALL 0xadf3	511	read	EXTMEM	1	EXTMEM:04c3	0x4c3	
decompiler	CODE:2000	CODE:2093	LCALL 0xadf3	529	write	EXTMEM	1	EXTMEM:04c4	0x4c4	mem[EXTMEM:04c4]
decompiler	CODE:2000	CODE:2093	LCALL 0xadf3	529	read	EXTMEM	1	EXTMEM:04c4	0x4c4	
decompiler	CODE:2000	CODE:2093	LCALL 0xadf3	547	write	EXTMEM	1	EXTMEM:04c5	0x4c5	mem[EXTMEM:04c5]
decompiler	CODE:2000	CODE:2093	LCALL 0xadf3	547	read	EXTMEM	1	EXTMEM:04c5	0x4c5	
decompiler	CODE:2000	CODE:2093	LCALL 0xadf3	565	write	EXTMEM	1	EXTMEM:04c6	0x4c6	mem[EXTMEM:04c6]
decompiler	CODE:2000	CODE:2093	LCALL 0xadf3	565	read	EXTMEM	1	EXTMEM:04c6	0x4c6	
decompiler	CODE:2000	CODE:2353	RET	474	write	EXTMEM	1	EXTMEM:04c0	0x4c0	mem[EXTMEM:04c0]
decompiler	CODE:2000	CODE:2353	RET	474	read	EXTMEM	1	EXTMEM:04c0	0x4c0	
decompiler	CODE:2000	CODE:2353	RET	492	write	EXTMEM	1	EXTMEM:04c1	0x4c1	mem[EXTMEM:04c1]
decompiler	CODE:2000	CODE:2353	RET	492	read	EXTMEM	1	EXTMEM:04c1	0x4c1	
decompiler	CODE:2000	CODE:2353	RET	510	write	EXTMEM	1	EXTMEM:04c3	0x4c3	mem[EXTMEM:04c3]
decompiler	CODE:2000	CODE:2353	RET	510	read	EXTMEM	1	EXTMEM:04c3	0x4c3	
decompiler	CODE:2000	CODE:2353	RET	528	write	EXTMEM	1	EXTMEM:04c4	0x4c4	mem[EXTMEM:04c4]
decompiler	CODE:2000	CODE:2353	RET	528	read	EXTMEM	1	EXTMEM:04c4	0x4c4	
decompiler	CODE:2000	CODE:2353	RET	546	write	EXTMEM	1	EXTMEM:04c5	0x4c5	mem[EXTMEM:04c5]
decompiler	CODE:2000	CODE:2353	RET	546	read	EXTMEM	1	EXTMEM:04c5	0x4c5	
decompiler	CODE:2000	CODE:2353	RET	564	write	EXTMEM	1	EXTMEM:04c6	0x4c6	mem[EXTMEM:04c6]
decompiler	CODE:2000	CODE:2353	RET	564	read	EXTMEM	1	EXTMEM:04c6	0x4c6	
decompiler	CODE:236b	CODE:204c	MOVX @DPTR,A	226	write	EXTMEM	1	EXTMEM:04c3	0x4c3	0x0
decompiler	CODE:236b	CODE:204f	MOVX @DPTR,A	231	write	EXTMEM	1	EXTMEM:04c4	0x4c4	mem[EXTMEM:04c1]
decompiler	CODE:236b	CODE:204f	MOVX @DPTR,A	231	read	EXTMEM	1	EXTMEM:04c1	0x4c1	
decompiler	CODE:236b	CODE:205b	MOVX @DPTR,A	242	write	EXTMEM	1	EXTMEM:04c5	0x4c5	0x0
decompiler	CODE:236b	CODE:205e	MOVX @DPTR,A	247	write	EXTMEM	1	EXTMEM:04c6	0x4c6	mem[EXTMEM:04c0]
decompiler	CODE:236b	CODE:205e	MOVX @DPTR,A	247	read	EXTMEM	1	EXTMEM:04c0	0x4c0	
decompiler	CODE:236b	CODE:2073	JNZ 0x2077	273	read	EXTMEM	1	EXTMEM:04c0	0x4c0	
decompiler	CODE:236b	CODE:2093	LCALL 0xadf3	1018	write	INTMEM	1	INTMEM:03	0x3	mem[INTMEM:03]
decompiler	CODE:236b	CODE:2093	LCALL 0xadf3	1018	read	INTMEM	1	INTMEM:03	0x3	
decompiler	CODE:236b	CODE:2093	LCALL 0xadf3	1044	write	INTMEM	1	INTMEM:16	0x16	mem[INTMEM:16]
decompiler	CODE:236b	CODE:2093	LCALL 0xadf3	1044	read	INTMEM	1	INTMEM:16	0x16	
decompiler	CODE:236b	CODE:2093	LCALL 0xadf3	1071	write	INTMEM	1	INTMEM:17	0x17	mem[INTMEM:17]
decompiler	CODE:236b	CODE:2093	LCALL 0xadf3	1071	read	INTMEM	1	INTMEM:17	0x17	
decompiler	CODE:236b	CODE:2093	LCALL 0xadf3	1097	write	INTMEM	1	INTMEM:b2	0xb2	mem[INTMEM:b2]
decompiler	CODE:236b	CODE:2093	LCALL 0xadf3	1097	read	INTMEM	1	INTMEM:b2	0xb2	
decompiler	CODE:236b	CODE:2093	LCALL 0xadf3	1123	write	INTMEM	1	INTMEM:b4	0xb4	mem[INTMEM:b4]
decompiler	CODE:236b	CODE:2093	LCALL 0xadf3	1123	read	INTMEM	1	INTMEM:b4	0xb4	
decompiler	CODE:236b	CODE:2093	LCALL 0xadf3	1149	write	EXTMEM	1	EXTMEM:04c0	0x4c0	mem[EXTMEM:04c0]
decompiler	CODE:236b	CODE:2093	LCALL 0xadf3	1149	read	EXTMEM	1	EXTMEM:04c0	0x4c0	
decompiler	CODE:236b	CODE:2093	LCALL 0xadf3	1175	write	EXTMEM	1	EXTMEM:04c1	0x4c1	mem[EXTMEM:04c1]
decompiler	CODE:236b	CODE:2093	LCALL 0xadf3	1175	read	EXTMEM	1	EXTMEM:04c1	0x4c1	
decompiler	CODE:236b	CODE:2093	LCALL 0xadf3	1201	write	EXTMEM	1	EXTMEM:04c3	0x4c3	mem[EXTMEM:04c3]
decompiler	CODE:236b	CODE:2093	LCALL 0xadf3	1201	read	EXTMEM	1	EXTMEM:04c3	0x4c3	
decompiler	CODE:236b	CODE:2093	LCALL 0xadf3	1227	write	EXTMEM	1	EXTMEM:04c4	0x4c4	mem[EXTMEM:04c4]
decompiler	CODE:236b	CODE:2093	LCALL 0xadf3	1227	read	EXTMEM	1	EXTMEM:04c4	0x4c4	
decompiler	CODE:236b	CODE:2093	LCALL 0xadf3	1253	write	EXTMEM	1	EXTMEM:04c5	0x4c5	mem[EXTMEM:04c5]
decompiler	CODE:236b	CODE:2093	LCALL 0xadf3	1253	read	EXTMEM	1	EXTMEM:04c5	0x4c5	
decompiler	CODE:236b	CODE:2093	LCALL 0xadf3	1279	write	EXTMEM	1	EXTMEM:04c6	0x4c6	mem[EXTMEM:04c6]
decompiler	CODE:236b	CODE:2093	LCALL 0xadf3	1279	read	EXTMEM	1	EXTMEM:04c6	0x4c6	
decompiler	CODE:236b	CODE:2353	RET	1017	write	INTMEM	1	INTMEM:03	0x3	mem[INTMEM:03]
decompiler	CODE:236b	CODE:2353	RET	1017	read	INTMEM	1	INTMEM:03	0x3	
decompiler	CODE:236b	CODE:2353	RET	1043	write	INTMEM	1	INTMEM:16	0x16	mem[INTMEM:16]
decompiler	CODE:236b	CODE:2353	RET	1043	read	INTMEM	1	INTMEM:16	0x16	
decompiler	CODE:236b	CODE:2353	RET	1070	write	INTMEM	1	INTMEM:17	0x17	mem[INTMEM:17]
decompiler	CODE:236b	CODE:2353	RET	1070	read	INTMEM	1	INTMEM:17	0x17	
decompiler	CODE:236b	CODE:2353	RET	1096	write	INTMEM	1	INTMEM:b2	0xb2	mem[INTMEM:b2]
decompiler	CODE:236b	CODE:2353	RET	1096	read	INTMEM	1	INTMEM:b2	0xb2	
decompiler	CODE:236b	CODE:2353	RET	1122	write	INTMEM	1	INTMEM:b4	0xb4	mem[INTMEM:b4]
decompiler	CODE:236b	CODE:2353	RET	1122	read	INTMEM	1	INTMEM:b4	0xb4	
decompiler	CODE:236b	CODE:2353	RET	1148	write	EXTMEM	1	EXTMEM:04c0	0x4c0	mem[EXTMEM:04c0]
decompiler	CODE:236b	CODE:2353	RET	1148	read	EXTMEM	1	EXTMEM:04c0	0x4c0	
decompiler	CODE:236b	CODE:2353	RET	1174	write	EXTMEM	1	EXTMEM:04c1	0x4c1	mem[EXTMEM:04c1]
decompiler	CODE:236b	CODE:2353	RET	1174	read	EXTMEM	1	EXTMEM:04c1	0x4c1	
decompiler	CODE:236b	CODE:2353	RET	1200	write	EXTMEM	1	EXTMEM:04c3	0x4c3	mem[EXTMEM:04c3]
decompiler	CODE:236b	CODE:2353	RET	1200	read	EXTMEM	1	EXTMEM:04c3	0x4c3	
decompiler	CODE:236b	CODE:2353	RET	1226	write	EXTMEM	1	EXTMEM:04c4	0x4c4	mem[EXTMEM:04c4]
decompiler	CODE:236b	CODE:2353	RET	1226	read	EXTMEM	1	EXTMEM:04c4	0x4c4	
decompiler	CODE:236b	CODE:2353	RET	1252	write	EXTMEM	1	EXTMEM:04c5	0x4c5	mem[EXTMEM:04c5]
decompiler	CODE:236b	CODE:2353	RET	1252	read	EXTMEM	1	EXTMEM:04c5	0x4c5	
decompiler	CODE:236b	CODE:2353	RET	1278	write	EXTMEM	1	EXTMEM:04c6	0x4c6	mem[EXTMEM:04c6]
decompiler	CODE:236b	CODE:2353	RET	1278	read	EXTMEM	1	EXTMEM:04c6	0x4c6	
decompiler	CODE:236b	CODE:2380	MOV @R0,A	45	write	INTMEM	1	INTMEM:16	0x16	0x0
decompiler	CODE:236b	CODE:2386	JZ 0x23e4	62	read	INTMEM	1	INTMEM:b2	0xb2	
decompiler	CODE:236b	CODE:238a	JZ 0x238e	77	read	INTMEM	1	INTMEM:b2	0xb2	
decompiler	CODE:236b	CODE:23a1	JZ 0x23c1	390	read	INTMEM	1	INTMEM:b4	0xb4	
decompiler	CODE:236b	CODE:23a5	JZ 0x23ca	405	read	INTMEM	1	INTMEM:b4	0xb4	
decompiler	CODE:236b	CODE:23a9	JNZ 0x23d8	420	read	INTMEM	1	INTMEM:b4	0xb4	
decompiler	CODE:236b	CODE:23c4	MOV @R0,A	493	write	INTMEM	1	INTMEM:16	0x16	0x0
decompiler	CODE:236b	CODE:23c6	MOV @R0,#0x18	496	write	INTMEM	1	INTMEM:17	0x17	0x18
decompiler	CODE:236b	CODE:23cf	JNZ 0x23d3	483	read	INTMEM	1	INTMEM:16	0x16	
decompiler	CODE:236b	CODE:23d4	MOV @R0,#0x11	488	write	INTMEM	1	INTMEM:17	0x17	0x11
decompiler	CODE:236b	CODE:23e9	JZ 0x2418	514	read	INTMEM	1	INTMEM:b4	0xb4	
decompiler	CODE:236b	CODE:23ed	JZ 0x241e	529	read	INTMEM	1	INTMEM:b4	0xb4	
decompiler	CODE:236b	CODE:23f1	JNZ 0x2447	544	read	INTMEM	1	INTMEM:b4	0xb4	
decompiler	CODE:236b	CODE:23f8	JNZ 0x23fc	562	read	INTMEM	1	INTMEM:16	0x16	
decompiler	CODE:236b	CODE:23fe	JNZ 0x2402	578	read	INTMEM	1	INTMEM:16	0x16	
decompiler	CODE:236b	CODE:2404	JNZ 0x240f	594	read	INTMEM	1	INTMEM:16	0x16	
decompiler	CODE:236b	CODE:2409	MOV @R0,A	599	write	INTMEM	1	INTMEM:16	0x16	0x0
decompiler	CODE:236b	CODE:240b	MOV @R0,#0x10	602	write	INTMEM	1	INTMEM:17	0x17	0x10
decompiler	CODE:236b	CODE:2412	MOV @R0,A	607	write	INTMEM	1	INTMEM:16	0x16	0x0
decompiler	CODE:236b	CODE:2414	MOV @R0,#0x12	610	write	INTMEM	1	INTMEM:17	0x17	0x12
decompiler	CODE:236b	CODE:241a	MOV @R0,#0x10	618	write	INTMEM	1	INTMEM:17	0x17	0x10
decompiler	CODE:236b	CODE:242d	JZ 0x2447	97	read	INTMEM	1	INTMEM:16	0x16	
decompiler	CODE:236b	CODE:2432	JZ 0x2447	101	read	INTMEM	1	INTMEM:16	0x16	
decompiler	CODE:236b	CODE:2437	JNZ 0x243b	105	read	INTMEM	1	INTMEM:16	0x16	
decompiler	CODE:236b	CODE:243c	MOV @R0,#0x1	120	write	INTMEM	1	INTMEM:17	0x17	0x1
decompiler	CODE:236b	CODE:25c8	MOV @R0,#0xe	615	write	INTMEM	1	INTMEM:17	0x17	0xe
decompiler	CODE:236b	CODE:25d1	LJMP 0x10b6	1016	write	INTMEM	1	INTMEM:03	0x3	mem[INTMEM:03]
decompiler	CODE:236b	CODE:25d1	LJMP 0x10b6	1016	read	INTMEM	1	INTMEM:03	0x3	
decompiler	CODE:236b	CODE:25d1	LJMP 0x10b6	1042	write	INTMEM	1	INTMEM:16	0x16	mem[INTMEM:16]
decompiler	CODE:236b	CODE:25d1	LJMP 0x10b6	1042	read	INTMEM	1	INTMEM:16	0x16	
decompiler	CODE:236b	CODE:25d1	LJMP 0x10b6	1069	write	INTMEM	1	INTMEM:17	0x17	mem[INTMEM:17]
decompiler	CODE:236b	CODE:25d1	LJMP 0x10b6	1069	read	INTMEM	1	INTMEM:17	0x17	
decompiler	CODE:236b	CODE:25d1	LJMP 0x10b6	1095	write	INTMEM	1	INTMEM:b2	0xb2	mem[INTMEM:b2]
decompiler	CODE:236b	CODE:25d1	LJMP 0x10b6	1095	read	INTMEM	1	INTMEM:b2	0xb2	
decompiler	CODE:236b	CODE:25d1	LJMP 0x10b6	1121	write	INTMEM	1	INTMEM:b4	0xb4	mem[INTMEM:b4]
decompiler	CODE:236b	CODE:25d1	LJMP 0x10b6	1121	read	INTMEM	1	INTMEM:b4	0xb4	
decompiler	CODE:236b	CODE:25d1	LJMP 0x10b6	1147	write	EXTMEM	1	EXTMEM:04c0	0x4c0	mem[EXTMEM:04c0]
decompiler	CODE:236b	CODE:25d1	LJMP 0x10b6	1147	read	EXTMEM	1	EXTMEM:04c0	0x4c0	
decompiler	CODE:236b	CODE:25d1	LJMP 0x10b6	1173	write	EXTMEM	1	EXTMEM:04c1	0x4c1	mem[EXTMEM:04c1]
decompiler	CODE:236b	CODE:25d1	LJMP 0x10b6	1173	read	EXTMEM	1	EXTMEM:04c1	0x4c1	
decompiler	CODE:236b	CODE:25d1	LJMP 0x10b6	1199	write	EXTMEM	1	EXTMEM:04c3	0x4c3	mem[EXTMEM:04c3]
decompiler	CODE:236b	CODE:25d1	LJMP 0x10b6	1199	read	EXTMEM	1	EXTMEM:04c3	0x4c3	
decompiler	CODE:236b	CODE:25d1	LJMP 0x10b6	1225	write	EXTMEM	1	EXTMEM:04c4	0x4c4	mem[EXTMEM:04c4]
decompiler	CODE:236b	CODE:25d1	LJMP 0x10b6	1225	read	EXTMEM	1	EXTMEM:04c4	0x4c4	
decompiler	CODE:236b	CODE:25d1	LJMP 0x10b6	1251	write	EXTMEM	1	EXTMEM:04c5	0x4c5	mem[EXTMEM:04c5]
decompiler	CODE:236b	CODE:25d1	LJMP 0x10b6	1251	read	EXTMEM	1	EXTMEM:04c5	0x4c5	
decompiler	CODE:236b	CODE:25d1	LJMP 0x10b6	1277	write	EXTMEM	1	EXTMEM:04c6	0x4c6	mem[EXTMEM:04c6]
decompiler	CODE:236b	CODE:25d1	LJMP 0x10b6	1277	read	EXTMEM	1	EXTMEM:04c6	0x4c6	
decompiler	CODE:25d4	CODE:2795	RET	112	write	EXTMEM	1	EXTMEM:04aa	0x4aa	mem[EXTMEM:04aa]
decompiler	CODE:25d4	CODE:2795	RET	112	read	EXTMEM	1	EXTMEM:04aa	0x4aa	
decompiler	CODE:25d4	CODE:2795	RET	117	write	EXTMEM	1	EXTMEM:04ab	0x4ab	mem[EXTMEM:04ab]
decompiler	CODE:25d4	CODE:2795	RET	117	read	EXTMEM	1	EXTMEM:04ab	0x4ab	
decompiler	CODE:2796	CODE:27a8	RET	69	write	EXTMEM	1	EXTMEM:04aa	0x4aa	mem[EXTMEM:04aa]
decompiler	CODE:2796	CODE:27a8	RET	69	read	EXTMEM	1	EXTMEM:04aa	0x4aa	
decompiler	CODE:27a9	CODE:27a9	CLR 0x0c	0	write	BITS	1	BITS:0c	0xc	0x0
decompiler	CODE:27a9	CODE:27b1	RET	31	write	BITS	1	BITS:0c	0xc	mem[BITS:0c]
decompiler	CODE:27a9	CODE:27b1	RET	31	read	BITS	1	BITS:0c	0xc	
decompiler	CODE:27b2	CODE:27fc	MOVC A,@A+DPTR	118	read	INTMEM	1	INTMEM:b3	0xb3	
decompiler	CODE:27b2	CODE:27fc	MOVC A,@A+DPTR	120	read	CODE	1	PTRADD(0xb8f6,INT_ZEXT(mem[INTMEM:b3]),0x1)		
decompiler	CODE:27b2	CODE:27fd	ORL 0xc2,A	144	read	SFR	1	SFR:c2	0xc2	
decompiler	CODE:27b2	CODE:27fd	ORL 0xc2,A	145	read	SFR	1	SFR:c2	0xc2	
decompiler	CODE:27b2	CODE:27ff	RET	230	write	INTMEM	1	INTMEM:b3	0xb3	mem[INTMEM:b3]
decompiler	CODE:27b2	CODE:27ff	RET	230	read	INTMEM	1	INTMEM:b3	0xb3	
decompiler	CODE:2800	CODE:2810	MOVX @DPTR,A	24	write	EXTMEM	1	EXTMEM:04a9	0x4a9	0x0
decompiler	CODE:2800	CODE:2829	MOVX A,@DPTR	74	read	EXTMEM	1	INDIRECT(INDIRECT(0x4aa,0x3d),0x48)		
decompiler	CODE:2800	CODE:284c	LCALL 0x4503	1191	read	EXTMEM	1	EXTMEM:04ae	0x4ae	
decompiler	CODE:2800	CODE:284c	LCALL 0x4503	1192	read	EXTMEM	1	EXTMEM:04af	0x4af	
decompiler	CODE:2800	CODE:2875	MOVX A,@DPTR	204	read	EXTMEM	1	PTRADD(INDIRECT(0x4a7,0xb7),0x1,0x1)		
decompiler	CODE:2800	CODE:2878	MOVX @DPTR,A	209	write	EXTMEM	1	PTRADD(INDIRECT(0x4a7,0xb7),0x1,0x1)		INT_OR(LOAD(0x311,PTRADD(INDIRECT(0x4a7,0xb7),0x1,0x1)),0x2)
decompiler	CODE:2800	CODE:2879	AJMP 0x290d	1199	read	EXTMEM	1	EXTMEM:04a9	0x4a9	
decompiler	CODE:2800	CODE:2898	MOVX A,@DPTR	295	read	EXTMEM	1	PTRADD(INDIRECT(INDIRECT(0x4aa,0x3d),0x10e),0x1,0x1)		
decompiler	CODE:2800	CODE:289b	MOVX A,@DPTR	300	read	EXTMEM	1	PTRADD(INDIRECT(INDIRECT(0x4aa,0x3d),0x10e),0x2,0x1)		
decompiler	CODE:2800	CODE:28a6	MOVX @DPTR,A	324	write	EXTMEM	1	PTRADD(INDIRECT(INDIRECT(0x4aa,0x3d),0x10e),0x3,0x1)		0x4
decompiler	CODE:2800	CODE:28ad	MOVX @DPTR,A	337	write	EXTMEM	1	INDIRECT(PTRADD(INDIRECT(INDIRECT(0x4aa,0x3d),0x10e),0x3,0x1),0x14c)		INT_OR(INDIRECT(CALL(0x9004a5e0fea3e022),0x14c),0x4)
decompiler	CODE:2800	CODE:28ae	SJMP 0x290d	1201	read	EXTMEM	1	EXTMEM:04a9	0x4a9	
decompiler	CODE:2800	CODE:28bc	MOVX A,@DPTR	370	read	EXTMEM	1	PTRADD(INDIRECT(MULTIEQUAL(COPY(INDIRECT(INDIRECT(0x4aa,0x3d),0x10e)),PTRADD(INDIRECT(INDIRECT(0x4aa,0x3d),0x10e),0x2,0x1)),0x15a),0x1,0x1)		
decompiler	CODE:2800	CODE:28bf	MOVX A,@DPTR	375	read	EXTMEM	1	PTRADD(INDIRECT(MULTIEQUAL(COPY(INDIRECT(INDIRECT(0x4aa,0x3d),0x10e)),PTRADD(INDIRECT(INDIRECT(0x4aa,0x3d),0x10e),0x2,0x1)),0x15a),0x2,0x1)		
decompiler	CODE:2800	CODE:28cb	MOVX @DPTR,A	400	write	EXTMEM	1	PTRADD(INDIRECT(MULTIEQUAL(COPY(INDIRECT(INDIRECT(0x4aa,0x3d),0x10e)),PTRADD(INDIRECT(INDIRECT(0x4aa,0x3d),0x10e),0x2,0x1)),0x15a),0x3,0x1)		0x8
decompiler	CODE:2800	CODE:28d2	MOVX @DPTR,A	413	write	EXTMEM	1	INDIRECT(PTRADD(INDIRECT(MULTIEQUAL(COPY(INDIRECT(INDIRECT((register, 0x82, 2),0x3d),0x10e)),PTRADD(INDIRECT(INDIRECT((register, 0x82, 2),0x3d),0x10e),0x2,0x1)),0x15a),0x3,0x1),0x198)		INT_OR(INDIRECT(LOAD(0x311,PTRADD(INDIRECT((register, 0x82, 2),0x15a),0x2,0x1)),0x198),0x8)
decompiler	CODE:2800	CODE:28d3	SJMP 0x290d	1202	read	EXTMEM	1	EXTMEM:04a9	0x4a9	
decompiler	CODE:2800	CODE:28dc	JNC 0x290d	1203	read	EXTMEM	1	EXTMEM:04a9	0x4a9	
decompiler	CODE:2800	CODE:28e4	JC 0x290d	1204	read	EXTMEM	1	EXTMEM:04a9	0x4a9	
decompiler	CODE:2800	CODE:28e7	MOVX A,@DPTR	456	read	EXTMEM	1	PTRADD(INDIRECT(INDIRECT(MULTIEQUAL(COPY(INDIRECT(MULTIEQUAL((unique, 0x10000039, 2),(register, 0x82, 2)),0x15a)),PTRADD(INDIRECT(MULTIEQUAL((unique, 0x10000039, 2),(register, 0x82, 2)),0x15a),0x2,0x1)),0x1a6),0x1af),0x1,0x1)		
decompiler	CODE:2800	CODE:28ea	MOVX A,@DPTR	461	read	EXTMEM	1	PTRADD(INDIRECT(INDIRECT(MULTIEQUAL(COPY(INDIRECT(MULTIEQUAL((unique, 0x10000039, 2),(register, 0x82, 2)),0x15a)),PTRADD(INDIRECT(MULTIEQUAL((unique, 0x10000039, 2),(register, 0x82, 2)),0x15a),0x2,0x1)),0x1a6),0x1af),0x2,0x1)		
decompiler	CODE:2800	CODE:28f1	JNC 0x290d	1205	read	EXTMEM	1	EXTMEM:04a9	0x4a9	
decompiler	CODE:2800	CODE:28f9	JC 0x290d	1206	read	EXTMEM	1	EXTMEM:04a9	0x4a9	
decompiler	CODE:2800	CODE:28fe	MOVX @DPTR,A	505	write	EXTMEM	1	PTRADD(INDIRECT(INDIRECT(MULTIEQUAL(COPY(INDIRECT(MULTIEQUAL((unique, 0x10000039, 2),(register, 0x82, 2)),0x15a)),PTRADD(INDIRECT(MULTIEQUAL((unique, 0x10000039, 2),(register, 0x82, 2)),0x15a),0x2,0x1)),0x1a6),0x1af),0x3,0x1)		0xc
decompiler	CODE:2800	CODE:2912	LCALL 0xadf3	932	write	EXTMEM	1	EXTMEM:04a5	0x4a5	mem[EXTMEM:04a5]
decompiler	CODE:2800	CODE:2912	LCALL 0xadf3	932	read	EXTMEM	1	EXTMEM:04a5	0x4a5	
decompiler	CODE:2800	CODE:2912	LCALL 0xadf3	960	write	EXTMEM	1	EXTMEM:04a6	0x4a6	mem[EXTMEM:04a6]
decompiler	CODE:2800	CODE:2912	LCALL 0xadf3	960	read	EXTMEM	1	EXTMEM:04a6	0x4a6	
decompiler	CODE:2800	CODE:2912	LCALL 0xadf3	988	write	EXTMEM	1	EXTMEM:04a7	0x4a7	mem[EXTMEM:04a7]
decompiler	CODE:2800	CODE:2912	LCALL 0xadf3	988	read	EXTMEM	1	EXTMEM:04a7	0x4a7	
decompiler	CODE:2800	CODE:2912	LCALL 0xadf3	1016	write	EXTMEM	1	EXTMEM:04a8	0x4a8	mem[EXTMEM:04a8]
decompiler	CODE:2800	CODE:2912	LCALL 0xadf3	1016	read	EXTMEM	1	EXTMEM:04a8	0x4a8	
decompiler	CODE:2800	CODE:2912	LCALL 0xadf3	1044	write	EXTMEM	1	EXTMEM:04a9	0x4a9	mem[EXTMEM:04a9]
decompiler	CODE:2800	CODE:2912	LCALL 0xadf3	1044	read	EXTMEM	1	EXTMEM:04a9	0x4a9	
decompiler	CODE:2800	CODE:2912	LCALL 0xadf3	1072	write	EXTMEM	1	EXTMEM:04aa	0x4aa	mem[EXTMEM:04aa]
decompiler	CODE:2800	CODE:2912	LCALL 0xadf3	1072	read	EXTMEM	1	EXTMEM:04aa	0x4aa	
decompiler	CODE:2800	CODE:2912	LCALL 0xadf3	1100	write	EXTMEM	1	EXTMEM:04ae	0x4ae	mem[EXTMEM:04ae]
decompiler	CODE:2800	CODE:2912	LCALL 0xadf3	1100	read	EXTMEM	1	EXTMEM:04ae	0x4ae	
decompiler	CODE:2800	CODE:2912	LCALL 0xadf3	1128	write	EXTMEM	1	EXTMEM:04af	0x4af	mem[EXTMEM:04af]
decompiler	CODE:2800	CODE:2912	LCALL 0xadf3	1128	read	EXTMEM	1	EXTMEM:04af	0x4af	
decompiler	CODE:2a5b	CODE:2a67	MOVX @DPTR,A	27	write	EXTMEM	1	INDIRECT((register, 0x82, 2),0x17)		0xe5
decompiler	CODE:2a5b	CODE:2a6d	JNZ 0x2a71	2120	read	INTMEM	1	INTMEM:5c	0x5c	
decompiler	CODE:2a5b	CODE:2a6d	JNZ 0x2a71	2121	read	INTMEM	1	INTMEM:5b	0x5b	
decompiler	CODE:2a5b	CODE:2a79	LCALL 0x1d2a	3310	read	INTMEM	1	INTMEM:5c	0x5c	
decompiler	CODE:2a5b	CODE:2a7d	MOVX @DPTR,A	106	write	EXTMEM	1	INDIRECT(INDIRECT((register, 0x82, 2),0x17),0x66)		INDIRECT(COPY(mem[INTMEM:5c]),0x66)
decompiler	CODE:2a5b	CODE:2a87	LCALL 0x1d2a	3311	read	INTMEM	1	INTMEM:3e	0x3e	
decompiler	CODE:2a5b	CODE:2a8b	MOVX @DPTR,A	137	write	EXTMEM	1	INDIRECT(INDIRECT(INDIRECT((register, 0x82, 2),0x17),0x66),0x85)		INDIRECT(COPY(mem[INTMEM:3e]),0x85)
decompiler	CODE:2a5b	CODE:2a9e	MOVX @DPTR,A	201	write	EXTMEM	1	INDIRECT(INDIRECT(INDIRECT(INDIRECT((register, 0x82, 2),0x17),0x66),0x85),0xc5)		INDIRECT(INT_AND(INT_RIGHT(mem[INTMEM:43],0x3),0x7),0xc5)
decompiler	CODE:2a5b	CODE:2aa8	MOVX @DPTR,A	228	write	EXTMEM	1	INDIRECT(INDIRECT(INDIRECT(INDIRECT(INDIRECT((register, 0x82, 2),0x17),0x66),0x85),0xc5),0xe0)		0x0
decompiler	CODE:2a5b	CODE:2ab5	LCALL 0x1d2a	3306	read	INTMEM	1	INTMEM:46	0x46	
decompiler	CODE:2a5b	CODE:2ab5	LCALL 0x1d2a	3307	read	INTMEM	1	INTMEM:45	0x45	
decompiler	CODE:2a5b	CODE:2ab9	MOVX @DPTR,A	263	write	EXTMEM	1	INDIRECT(INDIRECT(INDIRECT(INDIRECT(INDIRECT(INDIRECT((register, 0x82, 2),0x17),0x66),0x85),0xc5),0xe0),0x103)		INDIRECT(COPY(mem[INTMEM:46]),0x103)
decompiler	CODE:2a5b	CODE:2ac5	MOVX @DPTR,A	292	write	EXTMEM	1	INDIRECT(INDIRECT(INDIRECT(INDIRECT(INDIRECT(INDIRECT(INDIRECT((register, 0x82, 2),0x17),0x66),0x85),0xc5),0xe0),0x103),0x120)		INDIRECT(INDIRECT(COPY(mem[INTMEM:45]),0x103),0x120)
decompiler	CODE:2a5b	CODE:2adc	MOVX @DPTR,A	348	write	EXTMEM	1	INDIRECT(INDIRECT(INDIRECT(INDIRECT(INDIRECT(INDIRECT(INDIRECT((register, 0x82, 2),0x85),0xc5),0xe0),0x103),0x120),0x150),0x158)		INDIRECT(INDIRECT(INDIRECT(INDIRECT(COPY(mem[INTMEM:46]),0x103),0x120),0x150),0x158)
decompiler	CODE:2a5b	CODE:2ae4	MOVX @DPTR,A	362	write	EXTMEM	1	INDIRECT(INDIRECT(INDIRECT(INDIRECT(INDIRECT(INDIRECT(INDIRECT((register, 0x82, 2),0xc5),0xe0),0x103),0x120),0x150),0x158),0x166)		0x0
decompiler	CODE:2a5b	CODE:2af1	MOVX @DPTR,A	396	write	EXTMEM	1	INDIRECT(INDIRECT(INDIRECT(INDIRECT(INDIRECT(INDIRECT(INDIRECT((register, 0x82, 2),0x103),0x120),0x150),0x158),0x166),0x180),0x188)		INDIRECT(INDIRECT(INDIRECT(INDIRECT(INDIRECT((register, 0x5, 1),0x150),0x158),0x166),0x180),0x188)
decompiler	CODE:2a5b	CODE:2af9	MOVX @DPTR,A	410	write	EXTMEM	1	INDIRECT(INDIRECT(INDIRECT(INDIRECT(INDIRECT(INDIRECT(INDIRECT((register, 0x82, 2),0x120),0x150),0x158),0x166),0x180),0x188),0x196)		0x0
decompiler	CODE:2a5b	CODE:2b0b	MOVX @DPTR,A	464	write	EXTMEM	1	INDIRECT(INDIRECT(INDIRECT(INDIRECT(INDIRECT(INDIRECT(INDIRECT((register, 0x82, 2),0x158),0x166),0x180),0x188),0x196),0x1c4),0x1cc)		INDIRECT(INDIRECT(INDIRECT(INDIRECT(INDIRECT((register, 0x5, 1),0x180),0x188),0x196),0x1c4),0x1cc)
decompiler	CODE:2a5b	CODE:2b13	MOVX @DPTR,A	478	write	EXTMEM	1	INDIRECT(INDIRECT(INDIRECT(INDIRECT(INDIRECT(INDIRECT(INDIRECT((register, 0x82, 2),0x166),0x180),0x188),0x196),0x1c4),0x1cc),0x1da)		0x0
decompiler	CODE:2a5b	CODE:2b22	MOVX @DPTR,A	519	write	EXTMEM	1	INDIRECT(INDIRECT(INDIRECT(INDIRECT(INDIRECT(INDIRECT(INDIRECT((register, 0x82, 2),0x188),0x196),0x1c4),0x1cc),0x1da),0x1fb),0x203)		INDIRECT(INDIRECT(INDIRECT(INDIRECT(INDIRECT((register, 0x5, 1),0x1c4),0x1cc),0x1da),0x1fb),0x203)
decompiler	CODE:2a5b	CODE:2b2a	MOVX @DPTR,A	533	write	EXTMEM	1	INDIRECT(INDIRECT(INDIRECT(INDIRECT(INDIRECT(INDIRECT(INDIRECT((register, 0x82, 2),0x196),0x1c4),0x1cc),0x1da),0x1fb),0x203),0x211)		0x0
decompiler	CODE:2a5b	CODE:2b2c	MOV A,@R0	535	read	INTMEM	1	CAST(INT_ADD(INDIRECT(INDIRECT(INDIRECT(0xa3,0x1fb),0x203),0x211),0xff))		
decompiler	CODE:2a5b	CODE:2b38	MOVX @DPTR,A	576	write	EXTMEM	1	INDIRECT(INDIRECT(INDIRECT(INDIRECT(INDIRECT(INDIRECT(INDIRECT((register, 0x82, 2),0x1cc),0x1da),0x1fb),0x203),0x211),0x234),0x23c)		INDIRECT(INDIRECT(INDIRECT(INDIRECT(INDIRECT((register, 0x5, 1),0x1fb),0x203),0x211),0x234),0x23c)
decompiler	CODE:2a5b	CODE:2b40	MOVX @DPTR,A	590	write	EXTMEM	1	INDIRECT(INDIRECT(INDIRECT(INDIRECT(INDIRECT(INDIRECT(INDIRECT((register, 0x82, 2),0x1da),0x1fb),0x203),0x211),0x234),0x23c),0x24a)		0x0
decompiler	CODE:2a5b	CODE:2b42	MOV A,@R0	592	read	INTMEM	1	PTRADD(INDIRECT(INDIRECT(INDIRECT(CAST(INT_ADD(INDIRECT((register, 0x0, 1),0x211),0xff)),0x234),0x23c),0x24a),0xff,0x1)		
decompiler	CODE:2a5b	CODE:2b4c	MOVX @DPTR,A	622	write	EXTMEM	1	INDIRECT(INDIRECT(INDIRECT(INDIRECT(INDIRECT(INDIRECT(INDIRECT((register, 0x82, 2),0x203),0x211),0x234),0x23c),0x24a),0x262),0x26a)		INDIRECT(INDIRECT(INDIRECT(INDIRECT(INDIRECT((register, 0x5, 1),0x234),0x23c),0x24a),0x262),0x26a)
decompiler	CODE:2a5b	CODE:2b54	MOVX @DPTR,A	636	write	EXTMEM	1	INDIRECT(INDIRECT(INDIRECT(INDIRECT(INDIRECT(INDIRECT(INDIRECT((register, 0x82, 2),0x211),0x234),0x23c),0x24a),0x262),0x26a),0x278)		0x0
decompiler	CODE:2a5b	CODE:2b5c	LCALL 0x1d27	3312	read	INTMEM	1	INTMEM:94	0x94	
decompiler	CODE:2a5b	CODE:2b60	MOVX @DPTR,A	654	write	EXTMEM	1	INDIRECT(INDIRECT(INDIRECT(INDIRECT(INDIRECT(INDIRECT(INDIRECT((register, 0x82, 2),0x234),0x23c),0x24a),0x262),0x26a),0x278),0x28a)		INDIRECT(COPY(mem[INTMEM:94]),0x28a)
decompiler	CODE:2a5b	CODE:2b6a	MOVX @DPTR,A	675	write	EXTMEM	1	INDIRECT(INDIRECT(INDIRECT(INDIRECT(INDIRECT(INDIRECT(INDIRECT((register, 0x82, 2),0x24a),0x262),0x26a),0x278),0x28a),0x297),0x29f)		INDIRECT(INDIRECT(INDIRECT(COPY(mem[INTMEM:94]),0x28a),0x297),0x29f)
decompiler	CODE:2a5b	CODE:2b74	MOVX @DPTR,A	696	write	EXTMEM	1	INDIRECT(INDIRECT(INDIRECT(INDIRECT(INDIRECT(INDIRECT(INDIRECT((register, 0x82, 2),0x26a),0x278),0x28a),0x297),0x29f),0x2ac),0x2b4)		INDIRECT(INDIRECT(INDIRECT(INDIRECT(INDIRECT((unique, 0x1000000c, 1),0x28a),0x297),0x29f),0x2ac),0x2b4)
decompiler	CODE:2a5b	CODE:2b83	MOVX @DPTR,A	726	write	EXTMEM	1	INDIRECT(INDIRECT(INDIRECT(INDIRECT(INDIRECT(INDIRECT(INDIRECT((register, 0x82, 2),0x297),0x29f),0x2ac),0x2b4),0x2c1),0x2ca),0x2d2)		INDIRECT(INDIRECT(INDIRECT(INDIRECT(INDIRECT((register, 0x7, 1),0x2ac),0x2b4),0x2c1),0x2ca),0x2d2)
decompiler	CODE:2a5b	CODE:2b92	MOVX @DPTR,A	756	write	EXTMEM	1	INDIRECT(INDIRECT(INDIRECT(INDIRECT(INDIRECT(INDIRECT(INDIRECT((register, 0x82, 2),0x2b4),0x2c1),0x2ca),0x2d2),0x2df),0x2e8),0x2f0)		INDIRECT(INDIRECT(INDIRECT(INDIRECT(INDIRECT((register, 0x7, 1),0x2ca),0x2d2),0x2df),0x2e8),0x2f0)
decompiler	CODE:2a5b	CODE:2b9c	MOVX @DPTR,A	777	write	EXTMEM	1	INDIRECT(INDIRECT(INDIRECT(INDIRECT(INDIRECT(INDIRECT(INDIRECT((register, 0x82, 2),0x2ca),0x2d2),0x2df),0x2e8),0x2f0),0x2fd),0x305)		INDIRECT(INDIRECT(INDIRECT(INDIRECT(INDIRECT((register, 0x7, 1),0x2df),0x2e8),0x2f0),0x2fd),0x305)
decompiler	CODE:2a5b	CODE:2ba6	MOVX @DPTR,A	798	write	EXTMEM	1	INDIRECT(INDIRECT(INDIRECT(INDIRECT(INDIRECT(INDIRECT(INDIRECT((register, 0x82, 2),0x2df),0x2e8),0x2f0),0x2fd),0x305),0x312),0x31a)		INDIRECT(INDIRECT(INDIRECT(INDIRECT(INDIRECT((register, 0x7, 1),0x2f0),0x2fd),0x305),0x312),0x31a)
decompiler	CODE:2a5b	CODE:2bb5	MOVX @DPTR,A	828	write	EXTMEM	1	INDIRECT(INDIRECT(INDIRECT(INDIRECT(INDIRECT(INDIRECT(INDIRECT((register, 0x82, 2),0x2fd),0x305),0x312),0x31a),0x327),0x330),0x338)		INDIRECT(INDIRECT(INDIRECT(INDIRECT(INDIRECT((register, 0x7, 1),0x312),0x31a),0x327),0x330),0x338)
decompiler	CODE:2a5b	CODE:2bc4	MOVX @DPTR,A	858	write	EXTMEM	1	INDIRECT(INDIRECT(INDIRECT(INDIRECT(INDIRECT(INDIRECT(INDIRECT((register, 0x82, 2),0x31a),0x327),0x330),0x338),0x345),0x34e),0x356)		INDIRECT(INDIRECT(INDIRECT(INDIRECT(INDIRECT((register, 0x7, 1),0x330),0x338),0x345),0x34e),0x356)
decompiler	CODE:2a5b	CODE:2bce	MOVX @DPTR,A	879	write	EXTMEM	1	INDIRECT(INDIRECT(INDIRECT(INDIRECT(INDIRECT(INDIRECT(INDIRECT((register, 0x82, 2),0x330),0x338),0x345),0x34e),0x356),0x363),0x36b)		INDIRECT(INDIRECT(INDIRECT(INDIRECT(INDIRECT((register, 0x7, 1),0x345),0x34e),0x356),0x363),0x36b)
decompiler	CODE:2a5b	CODE:2bd8	MOVX @DPTR,A	900	write	EXTMEM	1	INDIRECT(INDIRECT(INDIRECT(INDIRECT(INDIRECT(INDIRECT(INDIRECT((register, 0x82, 2),0x345),0x34e),0x356),0x363),0x36b),0x378),0x380)		INDIRECT(INDIRECT(INDIRECT(INDIRECT(INDIRECT((register, 0x7, 1),0x356),0x363),0x36b),0x378),0x380)
decompiler	CODE:2a5b	CODE:2be7	MOVX @DPTR,A	930	write	EXTMEM	1	INDIRECT(INDIRECT(INDIRECT(INDIRECT(INDIRECT(INDIRECT(INDIRECT((register, 0x82, 2),0x363),0x36b),0x378),0x380),0x38d),0x396),0x39e)		INDIRECT(INDIRECT(INDIRECT(INDIRECT(INDIRECT((register, 0x7, 1),0x378),0x380),0x38d),0x396),0x39e)
decompiler	CODE:2a5b	CODE:2bf6	MOVX @DPTR,A	960	write	EXTMEM	1	INDIRECT(INDIRECT(INDIRECT(INDIRECT(INDIRECT(INDIRECT(INDIRECT((register, 0x82, 2),0x380),0x38d),0x396),0x39e),0x3ab),0x3b4),0x3bc)		INDIRECT(INDIRECT(INDIRECT(INDIRECT(INDIRECT((register, 0x7, 1),0x396),0x39e),0x3ab),0x3b4),0x3bc)
decompiler	CODE:2a5b	CODE:2c00	MOVX @DPTR,A	981	write	EXTMEM	1	INDIRECT(INDIRECT(INDIRECT(INDIRECT(INDIRECT(INDIRECT(INDIRECT((register, 0x82, 2),0x396),0x39e),0x3ab),0x3b4),0x3bc),0x3c9),0x3d1)		INDIRECT(INDIRECT(INDIRECT(INDIRECT(INDIRECT((register, 0x7, 1),0x3ab),0x3b4),0x3bc),0x3c9),0x3d1)
decompiler	CODE:2a5b	CODE:2c0a	MOVX @DPTR,A	1002	write	EXTMEM	1	INDIRECT(INDIRECT(INDIRECT(INDIRECT(INDIRECT(INDIRECT(INDIRECT((register, 0x82, 2),0x3ab),0x3b4),0x3bc),0x3c9),0x3d1),0x3de),0x3e6)		INDIRECT(INDIRECT(INDIRECT(INDIRECT(INDIRECT((register, 0x7, 1),0x3bc),0x3c9),0x3d1),0x3de),0x3e6)
decompiler	CODE:2a5b	CODE:2c19	MOVX @DPTR,A	1032	write	EXTMEM	1	INDIRECT(INDIRECT(INDIRECT(INDIRECT(INDIRECT(INDIRECT(INDIRECT((register, 0x82, 2),0x3c9),0x3d1),0x3de),0x3e6),0x3f3),0x3fc),0x404)		INDIRECT(INDIRECT(INDIRECT(INDIRECT(INDIRECT((register, 0x7, 1),0x3de),0x3e6),0x3f3),0x3fc),0x404)
decompiler	CODE:2a5b	CODE:2c28	MOVX @DPTR,A	1062	write	EXTMEM	1	INDIRECT(INDIRECT(INDIRECT(INDIRECT(INDIRECT(INDIRECT(INDIRECT((register, 0x82, 2),0x3e6),0x3f3),0x3fc),0x404),0x411),0x41a),0x422)		INDIRECT(INDIRECT(INDIRECT(INDIRECT(INDIRECT((register, 0x7, 1),0x3fc),0x404),0x411),0x41a),0x422)
decompiler	CODE:2a5b	CODE:2c32	MOVX @DPTR,A	1083	write	EXTMEM	1	INDIRECT(INDIRECT(INDIRECT(INDIRECT(INDIRECT(INDIRECT(INDIRECT((register, 0x82, 2),0x3fc),0x404),0x411),0x41a),0x422),0x42f),0x437)		INDIRECT(INDIRECT(INDIRECT(INDIRECT(INDIRECT((register, 0x7, 1),0x411),0x41a),0x422),0x42f),0x437)
decompiler	CODE:2a5b	CODE:2c3c	MOVX @DPTR,A	1104	write	EXTMEM	1	INDIRECT(INDIRECT(INDIRECT(INDIRECT(INDIRECT(INDIRECT(INDIRECT((register, 0x82, 2),0x411),0x41a),0x422),0x42f),0x437),0x444),0x44c)		INDIRECT(INDIRECT(INDIRECT(INDIRECT(INDIRECT((register, 0x7, 1),0x422),0x42f),0x437),0x444),0x44c)
decompiler	CODE:2a5b	CODE:2c4b	MOVX @DPTR,A	1134	write	EXTMEM	1	INDIRECT(INDIRECT(INDIRECT(INDIRECT(INDIRECT(INDIRECT(INDIRECT((register, 0x82, 2),0x42f),0x437),0x444),0x44c),0x459),0x462),0x46a)		INDIRECT(INDIRECT(INDIRECT(INDIRECT(INDIRECT((register, 0x7, 1),0x444),0x44c),0x459),0x462),0x46a)
decompiler	CODE:2a5b	CODE:2c5a	MOVX @DPTR,A	1164	write	EXTMEM	1	INDIRECT(INDIRECT(INDIRECT(INDIRECT(INDIRECT(INDIRECT(INDIRECT((register, 0x82, 2),0x44c),0x459),0x462),0x46a),0x477),0x480),0x488)		INDIRECT(INDIRECT(INDIRECT(INDIRECT(INDIRECT((register, 0x7, 1),0x462),0x46a),0x477),0x480),0x488)
decompiler	CODE:2a5b	CODE:2c64	MOVX @DPTR,A	1185	write	EXTMEM	1	INDIRECT(INDIRECT(INDIRECT(INDIRECT(INDIRECT(INDIRECT(INDIRECT((register, 0x82, 2),0x462),0x46a),0x477),0x480),0x488),0x495),0x49d)		INDIRECT(INDIRECT(INDIRECT(INDIRECT(INDIRECT((register, 0x7, 1),0x477),0x480),0x488),0x495),0x49d)
decompiler	CODE:2a5b	CODE:2c6e	MOVX @DPTR,A	1206	write	EXTMEM	1	INDIRECT(INDIRECT(INDIRECT(INDIRECT(INDIRECT(INDIRECT(INDIRECT((register, 0x82, 2),0x477),0x480),0x488),0x495),0x49d),0x4aa),0x4b2)		INDIRECT(INDIRECT(INDIRECT(INDIRECT(INDIRECT((register, 0x7, 1),0x488),0x495),0x49d),0x4aa),0x4b2)
decompiler	CODE:2a5b	CODE:2c7d	MOVX @DPTR,A	1236	write	EXTMEM	1	INDIRECT(INDIRECT(INDIRECT(INDIRECT(INDIRECT(INDIRECT(INDIRECT((register, 0x82, 2),0x495),0x49d),0x4aa),0x4b2),0x4bf),0x4c8),0x4d0)		INDIRECT(INDIRECT(INDIRECT(INDIRECT(INDIRECT((register, 0x7, 1),0x4aa),0x4b2),0x4bf),0x4c8),0x4d0)
decompiler	CODE:2a5b	CODE:2c8c	MOVX @DPTR,A	1266	write	EXTMEM	1	INDIRECT(INDIRECT(INDIRECT(INDIRECT(INDIRECT(INDIRECT(INDIRECT((register, 0x82, 2),0x4b2),0x4bf),0x4c8),0x4d0),0x4dd),0x4e6),0x4ee)		INDIRECT(INDIRECT(INDIRECT(INDIRECT(INDIRECT((register, 0x7, 1),0x4c8),0x4d0),0x4dd),0x4e6),0x4ee)
decompiler	CODE:2a5b	CODE:2c99	MOVX @DPTR,A	64	write	EXTMEM	1	INDIRECT(INDIRECT((register, 0x82, 2),0x17),0x3c)		0x0
decompiler	CODE:2a5b	CODE:2c9e	LJMP 0xa7c3	2214	write	INTMEM	1	INTMEM:03	0x3	mem[INTMEM:03]
decompiler	CODE:2a5b	CODE:2c9e	LJMP 0xa7c3	2214	read	INTMEM	1	INTMEM:03	0x3	
decompiler	CODE:2a5b	CODE:2c9e	LJMP 0xa7c3	2305	write	INTMEM	1	INTMEM:3e	0x3e	mem[INTMEM:3e]
decompiler	CODE:2a5b	CODE:2c9e	LJMP 0xa7c3	2305	read	INTMEM	1	INTMEM:3e	0x3e	
decompiler	CODE:2a5b	CODE:2c9e	LJMP 0xa7c3	2396	write	INTMEM	1	INTMEM:43	0x43	mem[INTMEM:43]
decompiler	CODE:2a5b	CODE:2c9e	LJMP 0xa7c3	2396	read	INTMEM	1	INTMEM:43	0x43	
decompiler	CODE:2a5b	CODE:2c9e	LJMP 0xa7c3	2487	write	INTMEM	1	INTMEM:45	0x45	mem[INTMEM:45]
decompiler	CODE:2a5b	CODE:2c9e	LJMP 0xa7c3	2487	read	INTMEM	1	INTMEM:45	0x45	
decompiler	CODE:2a5b	CODE:2c9e	LJMP 0xa7c3	2578	write	INTMEM	1	INTMEM:46	0x46	mem[INTMEM:46]
decompiler	CODE:2a5b	CODE:2c9e	LJMP 0xa7c3	2578	read	INTMEM	1	INTMEM:46	0x46	
decompiler	CODE:2a5b	CODE:2c9e	LJMP 0xa7c3	2669	write	INTMEM	1	INTMEM:5b	0x5b	mem[INTMEM:5b]
decompiler	CODE:2a5b	CODE:2c9e	LJMP 0xa7c3	2669	read	INTMEM	1	INTMEM:5b	0x5b	
decompiler	CODE:2a5b	CODE:2c9e	LJMP 0xa7c3	2760	write	INTMEM	1	INTMEM:5c	0x5c	mem[INTMEM:5c]
decompiler	CODE:2a5b	CODE:2c9e	LJMP 0xa7c3	2760	read	INTMEM	1	INTMEM:5c	0x5c	
decompiler	CODE:2a5b	CODE:2c9e	LJMP 0xa7c3	2851	write	INTMEM	1	INTMEM:94	0x94	mem[INTMEM:94]
decompiler	CODE:2a5b	CODE:2c9e	LJMP 0xa7c3	2851	read	INTMEM	1	INTMEM:94	0x94	
decompiler	CODE:2a5b	CODE:2c9e	LJMP 0xa7c3	2942	write	INTMEM	1	INTMEM:a1	0xa1	mem[INTMEM:a1]
decompiler	CODE:2a5b	CODE:2c9e	LJMP 0xa7c3	2942	read	INTMEM	1	INTMEM:a1	0xa1	
decompiler	CODE:2a5b	CODE:2c9e	LJMP 0xa7c3	3033	write	INTMEM	1	INTMEM:a2	0xa2	mem[INTMEM:a2]
decompiler	CODE:2a5b	CODE:2c9e	LJMP 0xa7c3	3033	read	INTMEM	1	INTMEM:a2	0xa2	
decompiler	CODE:2a5b	CODE:2c9e	LJMP 0xa7c3	3124	write	INTMEM	1	INTMEM:a3	0xa3	mem[INTMEM:a3]
decompiler	CODE:2a5b	CODE:2c9e	LJMP 0xa7c3	3124	read	INTMEM	1	INTMEM:a3	0xa3	
decompiler	CODE:2ca1	CODE:2ca5	MOVX @DPTR,A	4	write	EXTMEM	1	EXTMEM:04c6	0x4c6	0x0
decompiler	CODE:2ca1	CODE:2cb6	MOVX A,@DPTR	27	read	EXTMEM	1	CAST(INT_ADD(PIECE(INDIRECT((register, 0x6, 1),0xc),INDIRECT((register, 0x7, 1),0xc)),0x1))		
decompiler	CODE:2ca1	CODE:2cd5	RET	2060	write	INTMEM	1	INTMEM:01	0x1	mem[INTMEM:01]
decompiler	CODE:2ca1	CODE:2cd5	RET	2060	read	INTMEM	1	INTMEM:01	0x1	
decompiler	CODE:2ca1	CODE:2cd5	RET	2114	write	INTMEM	1	INTMEM:02	0x2	mem[INTMEM:02]
decompiler	CODE:2ca1	CODE:2cd5	RET	2114	read	INTMEM	1	INTMEM:02	0x2	
decompiler	CODE:2ca1	CODE:2cd5	RET	2168	write	INTMEM	1	INTMEM:03	0x3	mem[INTMEM:03]
decompiler	CODE:2ca1	CODE:2cd5	RET	2168	read	INTMEM	1	INTMEM:03	0x3	
decompiler	CODE:2ca1	CODE:2cd5	RET	2222	write	INTMEM	1	INTMEM:04	0x4	mem[INTMEM:04]
decompiler	CODE:2ca1	CODE:2cd5	RET	2222	read	INTMEM	1	INTMEM:04	0x4	
decompiler	CODE:2ca1	CODE:2cd5	RET	2276	write	INTMEM	1	INTMEM:05	0x5	mem[INTMEM:05]
decompiler	CODE:2ca1	CODE:2cd5	RET	2276	read	INTMEM	1	INTMEM:05	0x5	
decompiler	CODE:2ca1	CODE:2cd5	RET	2330	write	INTMEM	1	INTMEM:06	0x6	mem[INTMEM:06]
decompiler	CODE:2ca1	CODE:2cd5	RET	2330	read	INTMEM	1	INTMEM:06	0x6	
decompiler	CODE:2ca1	CODE:2cd5	RET	2384	write	INTMEM	1	INTMEM:07	0x7	mem[INTMEM:07]
decompiler	CODE:2ca1	CODE:2cd5	RET	2384	read	INTMEM	1	INTMEM:07	0x7	
decompiler	CODE:2ca1	CODE:2cd5	RET	2438	write	INTMEM	1	INTMEM:b3	0xb3	mem[INTMEM:b3]
decompiler	CODE:2ca1	CODE:2cd5	RET	2438	read	INTMEM	1	INTMEM:b3	0xb3	
decompiler	CODE:2ca1	CODE:2cd5	RET	2492	write	EXTMEM	1	EXTMEM:04c6	0x4c6	mem[EXTMEM:04c6]
decompiler	CODE:2ca1	CODE:2cd5	RET	2492	read	EXTMEM	1	EXTMEM:04c6	0x4c6	
decompiler	CODE:2ca1	CODE:2cd5	RET	2549	write	EXTMEM	1	EXTMEM:04c7	0x4c7	mem[EXTMEM:04c7]
decompiler	CODE:2ca1	CODE:2cd5	RET	2549	read	EXTMEM	1	EXTMEM:04c7	0x4c7	
decompiler	CODE:2ca1	CODE:2cd5	RET	2606	write	EXTMEM	1	EXTMEM:04c8	0x4c8	mem[EXTMEM:04c8]
decompiler	CODE:2ca1	CODE:2cd5	RET	2606	read	EXTMEM	1	EXTMEM:04c8	0x4c8	
decompiler	CODE:2ca1	CODE:2cd5	RET	2663	write	EXTMEM	1	EXTMEM:04c9	0x4c9	mem[EXTMEM:04c9]
decompiler	CODE:2ca1	CODE:2cd5	RET	2663	read	EXTMEM	1	EXTMEM:04c9	0x4c9	
decompiler	CODE:2ca1	CODE:2cd5	RET	2720	write	EXTMEM	1	EXTMEM:04ca	0x4ca	mem[EXTMEM:04ca]
decompiler	CODE:2ca1	CODE:2cd5	RET	2720	read	EXTMEM	1	EXTMEM:04ca	0x4ca	
decompiler	CODE:2ca1	CODE:2cd5	RET	2778	write	EXTMEM	1	EXTMEM:04cb	0x4cb	mem[EXTMEM:04cb]
decompiler	CODE:2ca1	CODE:2cd5	RET	2778	read	EXTMEM	1	EXTMEM:04cb	0x4cb	
decompiler	CODE:2ca1	CODE:2cd5	RET	2835	write	EXTMEM	1	EXTMEM:04cc	0x4cc	mem[EXTMEM:04cc]
decompiler	CODE:2ca1	CODE:2cd5	RET	2835	read	EXTMEM	1	EXTMEM:04cc	0x4cc	
decompiler	CODE:2ca1	CODE:2cd5	RET	2892	write	EXTMEM	1	EXTMEM:04cd	0x4cd	mem[EXTMEM:04cd]
decompiler	CODE:2ca1	CODE:2cd5	RET	2892	read	EXTMEM	1	EXTMEM:04cd	0x4cd	
decompiler	CODE:2ca1	CODE:2cda	MOVX @DPTR,A	135	write	EXTMEM	1	EXTMEM:04c9	0x4c9	0x0
decompiler	CODE:2ca1	CODE:2ce6	MOVX A,@DPTR	176	read	EXTMEM	1	CAST(PIECE(INT_SUB(INDIRECT(MULTIEQUAL(INDIRECT(INDIRECT((register, 0x6, 1),0xc),0x28),INDIRECT(INDIRECT((register, 0x6, 1),0x32),0x3a)),0x8f),INT_SRIGHT(INT_LEFT(INT_LESS(0xfb,CALL(0x9004cce0fea3e022)),0x7),0x7)),INT_ADD(CALL(0x9004cce0fea3e022),0x4)))		
decompiler	CODE:2ca1	CODE:2d01	MOVX @DPTR,A	224	write	EXTMEM	1	EXTMEM:04ca	0x4ca	0xf
decompiler	CODE:2ca1	CODE:2d17	MOVX @DPTR,A	776	write	EXTMEM	1	EXTMEM:04c9	0x4c9	0x80
decompiler	CODE:2ca1	CODE:2d25	MOVX A,@DPTR	799	read	EXTMEM	1	CAST(INT_ADD(PIECE(INDIRECT(INDIRECT(INT_AND(mem[EXTMEM:04c8],0xe0),0x310),0x318),CALL(0x9004cce0fea3e022)),0x2))		
decompiler	CODE:2ca1	CODE:2d28	MOVX A,@DPTR	804	read	EXTMEM	1	CAST(INT_ADD(PIECE(INDIRECT(INDIRECT(INT_AND(mem[EXTMEM:04c8],0xe0),0x310),0x318),CALL(0x9004cce0fea3e022)),0x3))		
decompiler	CODE:2ca1	CODE:2d34	MOVX @DPTR,A	840	write	EXTMEM	1	INDIRECT(INDIRECT(CAST(INT_ADD(PIECE(INDIRECT(INDIRECT((register, 0xb, 1),0x310),0x318),CALL(0x9004cce0fea3e022)),0x3)),0x32e),0x344)		INDIRECT(INDIRECT(LOAD(0x311,CAST(INT_ADD((register, 0x82, 2),0x2))),0x32e),0x344)
decompiler	CODE:2ca1	CODE:2d37	MOVX @DPTR,A	845	write	EXTMEM	1	PTRADD(INDIRECT(INDIRECT(CAST(INT_ADD(PIECE(INDIRECT((register, 0x6, 1),0x318),CALL(0x9004cce0fea3e022)),0x3)),0x32e),0x344),0x1,0x1)		INDIRECT(INDIRECT(LOAD(0x311,CAST(INT_ADD((register, 0x82, 2),0x3))),0x32e),0x344)
decompiler	CODE:2ca1	CODE:2d3e	MOVX A,@DPTR	851	read	EXTMEM	1	CAST(INT_ADD(PIECE(INDIRECT(INDIRECT(INDIRECT(INDIRECT((register, 0xb, 1),0x310),0x318),0x32e),0x344),INDIRECT(INDIRECT(CALL(0x9004cce0fea3e022),0x32e),0x344)),0x2))		
decompiler	CODE:2ca1	CODE:2d45	JNB 0xe0,0x2db4	3190	read	EXTMEM	1	EXTMEM:04c7	0x4c7	
decompiler	CODE:2ca1	CODE:2d59	LCALL 0x3478	3167	read	INTMEM	1	INTMEM:01	0x1	
decompiler	CODE:2ca1	CODE:2d59	LCALL 0x3478	3171	read	INTMEM	1	INTMEM:02	0x2	
decompiler	CODE:2ca1	CODE:2d59	LCALL 0x3478	3173	read	INTMEM	1	INTMEM:03	0x3	
decompiler	CODE:2ca1	CODE:2d62	LCALL 0x33d6	3168	read	INTMEM	1	INTMEM:01	0x1	
decompiler	CODE:2ca1	CODE:2d76	LCALL 0xa90e	3176	read	INTMEM	1	INTMEM:04	0x4	
decompiler	CODE:2ca1	CODE:2d76	LCALL 0xa90e	3177	read	INTMEM	1	INTMEM:05	0x5	
decompiler	CODE:2ca1	CODE:2dad	POP 0x07	1132	write	INTMEM	1	INTMEM:07	0x7	COPY(mem[INTMEM:05])
decompiler	CODE:2ca1	CODE:2daf	POP 0x06	1134	write	INTMEM	1	INTMEM:06	0x6	COPY(mem[INTMEM:04])
decompiler	CODE:2ca1	CODE:2dbd	LCALL 0x3478	3169	read	INTMEM	1	INTMEM:01	0x1	
decompiler	CODE:2ca1	CODE:2dbd	LCALL 0x3478	3172	read	INTMEM	1	INTMEM:02	0x2	
decompiler	CODE:2ca1	CODE:2dbd	LCALL 0x3478	3174	read	INTMEM	1	INTMEM:03	0x3	
decompiler	CODE:2ca1	CODE:2dc6	LCALL 0x33d6	3170	read	INTMEM	1	INTMEM:01	0x1	
decompiler	CODE:2ca1	CODE:2dc6	LCALL 0x33d6	3175	read	INTMEM	1	INTMEM:03	0x3	
decompiler	CODE:2ca1	CODE:2dfa	LCALL 0x3457	3179	read	INTMEM	1	INTMEM:07	0x7	
decompiler	CODE:2ca1	CODE:2dfd	MOVX A,@DPTR	371	read	EXTMEM	1	INDIRECT(0x4c9,0x171)		
decompiler	CODE:2ca1	CODE:2e2a	LCALL 0x34de	3178	read	INTMEM	1	INTMEM:06	0x6	
decompiler	CODE:2ca1	CODE:2e31	MOVX A,@DPTR	502	read	EXTMEM	1	CAST(PIECE(INDIRECT(INDIRECT(INDIRECT(INDIRECT(INT_LEFT((register, 0x7, 1),0x6),0x1c3),0x1d9),0x1ea),0x1f2),CALL(0x9004cce0fea3e022)))		
decompiler	CODE:2ca1	CODE:2e3f	LCALL 0xa6fd	3180	read	INTMEM	1	INTMEM:07	0x7	
decompiler	CODE:2ca1	CODE:2e73	LCALL 0x33d6	3182	read	EXTMEM	1	EXTMEM:04c9	0x4c9	
decompiler	CODE:2ca1	CODE:2e8e	MOVX A,@DPTR	624	read	EXTMEM	1	CAST(PIECE(INDIRECT(INDIRECT(INDIRECT(INDIRECT(MULTIEQUAL((register, 0x6, 1),(register, 0xb, 1),(register, 0x6, 1)),0x24d),0x257),0x264),0x26c),CALL(0x9004cce0fea3e022)))		
decompiler	CODE:2ca1	CODE:2eb2	RET	2061	write	INTMEM	1	INTMEM:01	0x1	mem[INTMEM:01]
decompiler	CODE:2ca1	CODE:2eb2	RET	2061	read	INTMEM	1	INTMEM:01	0x1	
decompiler	CODE:2ca1	CODE:2eb2	RET	2115	write	INTMEM	1	INTMEM:02	0x2	mem[INTMEM:02]
decompiler	CODE:2ca1	CODE:2eb2	RET	2115	read	INTMEM	1	INTMEM:02	0x2	
decompiler	CODE:2ca1	CODE:2eb2	RET	2169	write	INTMEM	1	INTMEM:03	0x3	mem[INTMEM:03]
decompiler	CODE:2ca1	CODE:2eb2	RET	2169	read	INTMEM	1	INTMEM:03	0x3	
decompiler	CODE:2ca1	CODE:2eb2	RET	2223	write	INTMEM	1	INTMEM:04	0x4	mem[INTMEM:04]
decompiler	CODE:2ca1	CODE:2eb2	RET	2223	read	INTMEM	1	INTMEM:04	0x4	
decompiler	CODE:2ca1	CODE:2eb2	RET	2277	write	INTMEM	1	INTMEM:05	0x5	mem[INTMEM:05]
decompiler	CODE:2ca1	CODE:2eb2	RET	2277	read	INTMEM	1	INTMEM:05	0x5	
decompiler	CODE:2ca1	CODE:2eb2	RET	2331	write	INTMEM	1	INTMEM:06	0x6	mem[INTMEM:06]
decompiler	CODE:2ca1	CODE:2eb2	RET	2331	read	INTMEM	1	INTMEM:06	0x6	
decompiler	CODE:2ca1	CODE:2eb2	RET	2385	write	INTMEM	1	INTMEM:07	0x7	mem[INTMEM:07]
decompiler	CODE:2ca1	CODE:2eb2	RET	2385	read	INTMEM	1	INTMEM:07	0x7	
decompiler	CODE:2ca1	CODE:2eb2	RET	2439	write	INTMEM	1	INTMEM:b3	0xb3	mem[INTMEM:b3]
decompiler	CODE:2ca1	CODE:2eb2	RET	2439	read	INTMEM	1	INTMEM:b3	0xb3	
decompiler	CODE:2ca1	CODE:2eb2	RET	2493	write	EXTMEM	1	EXTMEM:04c6	0x4c6	mem[EXTMEM:04c6]
decompiler	CODE:2ca1	CODE:2eb2	RET	2493	read	EXTMEM	1	EXTMEM:04c6	0x4c6	
decompiler	CODE:2ca1	CODE:2eb2	RET	2550	write	EXTMEM	1	EXTMEM:04c7	0x4c7	mem[EXTMEM:04c7]
decompiler	CODE:2ca1	CODE:2eb2	RET	2550	read	EXTMEM	1	EXTMEM:04c7	0x4c7	
decompiler	CODE:2ca1	CODE:2eb2	RET	2607	write	EXTMEM	1	EXTMEM:04c8	0x4c8	mem[EXTMEM:04c8]
decompiler	CODE:2ca1	CODE:2eb2	RET	2607	read	EXTMEM	1	EXTMEM:04c8	0x4c8	
decompiler	CODE:2ca1	CODE:2eb2	RET	2664	write	EXTMEM	1	EXTMEM:04c9	0x4c9	mem[EXTMEM:04c9]
decompiler	CODE:2ca1	CODE:2eb2	RET	2664	read	EXTMEM	1	EXTMEM:04c9	0x4c9	
decompiler	CODE:2ca1	CODE:2eb2	RET	2721	write	EXTMEM	1	EXTMEM:04ca	0x4ca	mem[EXTMEM:04ca]
decompiler	CODE:2ca1	CODE:2eb2	RET	2721	read	EXTMEM	1	EXTMEM:04ca	0x4ca	
decompiler	CODE:2ca1	CODE:2eb2	RET	2779	write	EXTMEM	1	EXTMEM:04cb	0x4cb	mem[EXTMEM:04cb]
decompiler	CODE:2ca1	CODE:2eb2	RET	2779	read	EXTMEM	1	EXTMEM:04cb	0x4cb	
decompiler	CODE:2ca1	CODE:2eb2	RET	2836	write	EXTMEM	1	EXTMEM:04cc	0x4cc	mem[EXTMEM:04cc]
decompiler	CODE:2ca1	CODE:2eb2	RET	2836	read	EXTMEM	1	EXTMEM:04cc	0x4cc	
decompiler	CODE:2ca1	CODE:2eb2	RET	2893	write	EXTMEM	1	EXTMEM:04cd	0x4cd	mem[EXTMEM:04cd]
decompiler	CODE:2ca1	CODE:2eb2	RET	2893	read	EXTMEM	1	EXTMEM:04cd	0x4cd	
decompiler	CODE:2ca1	CODE:2ec7	MOVX @DPTR,A	107	write	EXTMEM	1	INDIRECT(MULTIEQUAL(INDIRECT(0x4c8,0x295),INDIRECT(INDIRECT(INDIRECT(MULTIEQUAL(INDIRECT((register, 0x82, 2),0x2a0),INDIRECT((register, 0x82, 2),0x2b2)),0x2cb),0x2d3),0x2dc),INDIRECT(0x4c8,0x4b)),0x67)		0x0
decompiler	CODE:2ca1	CODE:2ec9	RET	2059	write	INTMEM	1	INTMEM:01	0x1	mem[INTMEM:01]
decompiler	CODE:2ca1	CODE:2ec9	RET	2059	read	INTMEM	1	INTMEM:01	0x1	
decompiler	CODE:2ca1	CODE:2ec9	RET	2113	write	INTMEM	1	INTMEM:02	0x2	mem[INTMEM:02]
decompiler	CODE:2ca1	CODE:2ec9	RET	2113	read	INTMEM	1	INTMEM:02	0x2	
decompiler	CODE:2ca1	CODE:2ec9	RET	2167	write	INTMEM	1	INTMEM:03	0x3	mem[INTMEM:03]
decompiler	CODE:2ca1	CODE:2ec9	RET	2167	read	INTMEM	1	INTMEM:03	0x3	
decompiler	CODE:2ca1	CODE:2ec9	RET	2221	write	INTMEM	1	INTMEM:04	0x4	mem[INTMEM:04]
decompiler	CODE:2ca1	CODE:2ec9	RET	2221	read	INTMEM	1	INTMEM:04	0x4	
decompiler	CODE:2ca1	CODE:2ec9	RET	2275	write	INTMEM	1	INTMEM:05	0x5	mem[INTMEM:05]
decompiler	CODE:2ca1	CODE:2ec9	RET	2275	read	INTMEM	1	INTMEM:05	0x5	
decompiler	CODE:2ca1	CODE:2ec9	RET	2329	write	INTMEM	1	INTMEM:06	0x6	mem[INTMEM:06]
decompiler	CODE:2ca1	CODE:2ec9	RET	2329	read	INTMEM	1	INTMEM:06	0x6	
decompiler	CODE:2ca1	CODE:2ec9	RET	2383	write	INTMEM	1	INTMEM:07	0x7	mem[INTMEM:07]
decompiler	CODE:2ca1	CODE:2ec9	RET	2383	read	INTMEM	1	INTMEM:07	0x7	
decompiler	CODE:2ca1	CODE:2ec9	RET	2437	write	INTMEM	1	INTMEM:b3	0xb3	mem[INTMEM:b3]
decompiler	CODE:2ca1	CODE:2ec9	RET	2437	read	INTMEM	1	INTMEM:b3	0xb3	
decompiler	CODE:2ca1	CODE:2ec9	RET	2491	write	EXTMEM	1	EXTMEM:04c6	0x4c6	mem[EXTMEM:04c6]
decompiler	CODE:2ca1	CODE:2ec9	RET	2491	read	EXTMEM	1	EXTMEM:04c6	0x4c6	
decompiler	CODE:2ca1	CODE:2ec9	RET	2548	write	EXTMEM	1	EXTMEM:04c7	0x4c7	mem[EXTMEM:04c7]
decompiler	CODE:2ca1	CODE:2ec9	RET	2548	read	EXTMEM	1	EXTMEM:04c7	0x4c7	
decompiler	CODE:2ca1	CODE:2ec9	RET	2605	write	EXTMEM	1	EXTMEM:04c8	0x4c8	mem[EXTMEM:04c8]
decompiler	CODE:2ca1	CODE:2ec9	RET	2605	read	EXTMEM	1	EXTMEM:04c8	0x4c8	
decompiler	CODE:2ca1	CODE:2ec9	RET	2662	write	EXTMEM	1	EXTMEM:04c9	0x4c9	mem[EXTMEM:04c9]
decompiler	CODE:2ca1	CODE:2ec9	RET	2662	read	EXTMEM	1	EXTMEM:04c9	0x4c9	
decompiler	CODE:2ca1	CODE:2ec9	RET	2719	write	EXTMEM	1	EXTMEM:04ca	0x4ca	mem[EXTMEM:04ca]
decompiler	CODE:2ca1	CODE:2ec9	RET	2719	read	EXTMEM	1	EXTMEM:04ca	0x4ca	
decompiler	CODE:2ca1	CODE:2ec9	RET	2777	write	EXTMEM	1	EXTMEM:04cb	0x4cb	mem[EXTMEM:04cb]
decompiler	CODE:2ca1	CODE:2ec9	RET	2777	read	EXTMEM	1	EXTMEM:04cb	0x4cb	
decompiler	CODE:2ca1	CODE:2ec9	RET	2834	write	EXTMEM	1	EXTMEM:04cc	0x4cc	mem[EXTMEM:04cc]
decompiler	CODE:2ca1	CODE:2ec9	RET	2834	read	EXTMEM	1	EXTMEM:04cc	0x4cc	
decompiler	CODE:2ca1	CODE:2ec9	RET	2891	write	EXTMEM	1	EXTMEM:04cd	0x4cd	mem[EXTMEM:04cd]
decompiler	CODE:2ca1	CODE:2ec9	RET	2891	read	EXTMEM	1	EXTMEM:04cd	0x4cd	
decompiler	CODE:2ed4	CODE:2ee1	LCALL 0x621e	1094	read	INTMEM	1	INTMEM:ad	0xad	
decompiler	CODE:2ed4	CODE:2ee7	MOVX @DPTR,A	47	write	EXTMEM	1	CAST(INT_ADD(INDIRECT((register, 0x82, 2),0x29),0x2))		INDIRECT(COPY(mem[INTMEM:ad]),0x29)
decompiler	CODE:2ed4	CODE:2f00	MOVX @DPTR,A	118	write	EXTMEM	1	INDIRECT(PTRADD(INDIRECT(CAST(INT_ADD(INDIRECT((register, 0x82, 2),0x29),0x2)),0x68),0x2,0x1),0x72)		0x0
decompiler	CODE:2ed4	CODE:2f02	MOVX @DPTR,A	122	write	EXTMEM	1	PTRADD(INDIRECT(PTRADD(INDIRECT(CAST(INT_ADD(INDIRECT((register, 0x82, 2),0x29),0x2)),0x68),0x2,0x1),0x72),0x1,0x1)		0x0
decompiler	CODE:2ed4	CODE:2f09	MOVX A,@DPTR	495	read	EXTMEM	1	PTRADD(INDIRECT(CAST(INT_ADD(INDIRECT((register, 0x82, 2),0x29),0x2)),0x1ec),0x1,0x1)		
decompiler	CODE:2ed4	CODE:2f12	RET	780	write	INTMEM	1	INTMEM:ab	0xab	mem[INTMEM:ab]
decompiler	CODE:2ed4	CODE:2f12	RET	780	read	INTMEM	1	INTMEM:ab	0xab	
decompiler	CODE:2ed4	CODE:2f12	RET	800	write	INTMEM	1	INTMEM:ad	0xad	mem[INTMEM:ad]
decompiler	CODE:2ed4	CODE:2f12	RET	800	read	INTMEM	1	INTMEM:ad	0xad	
decompiler	CODE:2ed4	CODE:2f12	RET	820	write	INTMEM	1	INTMEM:ae	0xae	mem[INTMEM:ae]
decompiler	CODE:2ed4	CODE:2f12	RET	820	read	INTMEM	1	INTMEM:ae	0xae	
decompiler	CODE:2ed4	CODE:2f12	RET	840	write	INTMEM	1	INTMEM:b0	0xb0	mem[INTMEM:b0]
decompiler	CODE:2ed4	CODE:2f12	RET	840	read	INTMEM	1	INTMEM:b0	0xb0	
decompiler	CODE:2ed4	CODE:2f12	RET	860	write	INTMEM	1	INTMEM:b1	0xb1	mem[INTMEM:b1]
decompiler	CODE:2ed4	CODE:2f12	RET	860	read	INTMEM	1	INTMEM:b1	0xb1	
decompiler	CODE:2ed4	CODE:2f12	RET	880	write	EXTMEM	1	EXTMEM:04a6	0x4a6	mem[EXTMEM:04a6]
decompiler	CODE:2ed4	CODE:2f12	RET	880	read	EXTMEM	1	EXTMEM:04a6	0x4a6	
decompiler	CODE:2ed4	CODE:2f12	RET	904	write	EXTMEM	1	EXTMEM:04aa	0x4aa	mem[EXTMEM:04aa]
decompiler	CODE:2ed4	CODE:2f12	RET	904	read	EXTMEM	1	EXTMEM:04aa	0x4aa	
decompiler	CODE:2ed4	CODE:2f12	RET	928	write	EXTMEM	1	EXTMEM:04ab	0x4ab	mem[EXTMEM:04ab]
decompiler	CODE:2ed4	CODE:2f12	RET	928	read	EXTMEM	1	EXTMEM:04ab	0x4ab	
decompiler	CODE:2ed4	CODE:2f12	RET	952	write	EXTMEM	1	EXTMEM:04ac	0x4ac	mem[EXTMEM:04ac]
decompiler	CODE:2ed4	CODE:2f12	RET	952	read	EXTMEM	1	EXTMEM:04ac	0x4ac	
decompiler	CODE:2ed4	CODE:2f12	RET	976	write	EXTMEM	1	EXTMEM:04ad	0x4ad	mem[EXTMEM:04ad]
decompiler	CODE:2ed4	CODE:2f12	RET	976	read	EXTMEM	1	EXTMEM:04ad	0x4ad	
decompiler	CODE:2ed4	CODE:2f12	RET	1000	write	EXTMEM	1	EXTMEM:04ae	0x4ae	mem[EXTMEM:04ae]
decompiler	CODE:2ed4	CODE:2f12	RET	1000	read	EXTMEM	1	EXTMEM:04ae	0x4ae	
decompiler	CODE:2ed4	CODE:2f12	RET	1024	write	EXTMEM	1	EXTMEM:0752	0x752	mem[EXTMEM:0752]
decompiler	CODE:2ed4	CODE:2f12	RET	1024	read	EXTMEM	1	EXTMEM:0752	0x752	
decompiler	CODE:2ed4	CODE:2f12	RET	1048	write	EXTMEM	1	EXTMEM:0753	0x753	mem[EXTMEM:0753]
decompiler	CODE:2ed4	CODE:2f12	RET	1048	read	EXTMEM	1	EXTMEM:0753	0x753	
decompiler	CODE:2ed4	CODE:2f2c	JZ 0x2f30	207	read	INTMEM	1	INTMEM:ad	0xad	
decompiler	CODE:2ed4	CODE:2f3e	MOVX A,@DPTR	352	read	EXTMEM	1	INDIRECT(INDIRECT(0x4a7,0x156),0x15e)		
decompiler	CODE:2ed4	CODE:2f41	MOVX A,@DPTR	357	read	EXTMEM	1	PTRADD(INDIRECT(INDIRECT(0x4a7,0x156),0x15e),0x1,0x1)		
decompiler	CODE:2ed4	CODE:2f4e	MOVX @DPTR,A	375	write	EXTMEM	1	EXTMEM:04ae	0x4ae	0x0
decompiler	CODE:2ed4	CODE:2f7c	LCALL 0xadf3	779	write	INTMEM	1	INTMEM:ab	0xab	mem[INTMEM:ab]
decompiler	CODE:2ed4	CODE:2f7c	LCALL 0xadf3	779	read	INTMEM	1	INTMEM:ab	0xab	
decompiler	CODE:2ed4	CODE:2f7c	LCALL 0xadf3	799	write	INTMEM	1	INTMEM:ad	0xad	mem[INTMEM:ad]
decompiler	CODE:2ed4	CODE:2f7c	LCALL 0xadf3	799	read	INTMEM	1	INTMEM:ad	0xad	
decompiler	CODE:2ed4	CODE:2f7c	LCALL 0xadf3	819	write	INTMEM	1	INTMEM:ae	0xae	mem[INTMEM:ae]
decompiler	CODE:2ed4	CODE:2f7c	LCALL 0xadf3	819	read	INTMEM	1	INTMEM:ae	0xae	
decompiler	CODE:2ed4	CODE:2f7c	LCALL 0xadf3	839	write	INTMEM	1	INTMEM:b0	0xb0	mem[INTMEM:b0]
decompiler	CODE:2ed4	CODE:2f7c	LCALL 0xadf3	839	read	INTMEM	1	INTMEM:b0	0xb0	
decompiler	CODE:2ed4	CODE:2f7c	LCALL 0xadf3	859	write	INTMEM	1	INTMEM:b1	0xb1	mem[INTMEM:b1]
decompiler	CODE:2ed4	CODE:2f7c	LCALL 0xadf3	859	read	INTMEM	1	INTMEM:b1	0xb1	
decompiler	CODE:2ed4	CODE:2f7c	LCALL 0xadf3	879	write	EXTMEM	1	EXTMEM:04a6	0x4a6	mem[EXTMEM:04a6]
decompiler	CODE:2ed4	CODE:2f7c	LCALL 0xadf3	879	read	EXTMEM	1	EXTMEM:04a6	0x4a6	
decompiler	CODE:2ed4	CODE:2f7c	LCALL 0xadf3	903	write	EXTMEM	1	EXTMEM:04aa	0x4aa	mem[EXTMEM:04aa]
decompiler	CODE:2ed4	CODE:2f7c	LCALL 0xadf3	903	read	EXTMEM	1	EXTMEM:04aa	0x4aa	
decompiler	CODE:2ed4	CODE:2f7c	LCALL 0xadf3	927	write	EXTMEM	1	EXTMEM:04ab	0x4ab	mem[EXTMEM:04ab]
decompiler	CODE:2ed4	CODE:2f7c	LCALL 0xadf3	927	read	EXTMEM	1	EXTMEM:04ab	0x4ab	
decompiler	CODE:2ed4	CODE:2f7c	LCALL 0xadf3	951	write	EXTMEM	1	EXTMEM:04ac	0x4ac	mem[EXTMEM:04ac]
decompiler	CODE:2ed4	CODE:2f7c	LCALL 0xadf3	951	read	EXTMEM	1	EXTMEM:04ac	0x4ac	
decompiler	CODE:2ed4	CODE:2f7c	LCALL 0xadf3	975	write	EXTMEM	1	EXTMEM:04ad	0x4ad	mem[EXTMEM:04ad]
decompiler	CODE:2ed4	CODE:2f7c	LCALL 0xadf3	975	read	EXTMEM	1	EXTMEM:04ad	0x4ad	
decompiler	CODE:2ed4	CODE:2f7c	LCALL 0xadf3	999	write	EXTMEM	1	EXTMEM:04ae	0x4ae	mem[EXTMEM:04ae]
decompiler	CODE:2ed4	CODE:2f7c	LCALL 0xadf3	999	read	EXTMEM	1	EXTMEM:04ae	0x4ae	
decompiler	CODE:2ed4	CODE:2f7c	LCALL 0xadf3	1023	write	EXTMEM	1	EXTMEM:0752	0x752	mem[EXTMEM:0752]
decompiler	CODE:2ed4	CODE:2f7c	LCALL 0xadf3	1023	read	EXTMEM	1	EXTMEM:0752	0x752	
decompiler	CODE:2ed4	CODE:2f7c	LCALL 0xadf3	1047	write	EXTMEM	1	EXTMEM:0753	0x753	mem[EXTMEM:0753]
decompiler	CODE:2ed4	CODE:2f7c	LCALL 0xadf3	1047	read	EXTMEM	1	EXTMEM:0753	0x753	
decompiler	CODE:2ed4	CODE:2fc4	MOVX A,@DPTR	226	read	EXTMEM	1	CAST(INT_ADD(PIECE(mem[EXTMEM:0752],mem[EXTMEM:0753]),0x3))		
decompiler	CODE:2ed4	CODE:2fc6	MOVX @DPTR,A	231	write	EXTMEM	1	CAST(INT_ADD(PIECE(mem[EXTMEM:0752],mem[EXTMEM:0753]),0x3))		INT_ADD(LOAD(0x311,CAST(INT_ADD(PIECE(mem[EXTMEM:0752],mem[EXTMEM:0753]),0x3))),0x1)
decompiler	CODE:2ed4	CODE:2fcd	LCALL 0x6215	1093	read	EXTMEM	1	EXTMEM:04a6	0x4a6	
decompiler	CODE:2ed4	CODE:2fd9	MOVX A,@DPTR	265	read	EXTMEM	1	INDIRECT(INDIRECT(INDIRECT(0x4a6,0xf5),0xff),0x107)		
decompiler	CODE:2ed4	CODE:2fdc	MOVX A,@DPTR	270	read	EXTMEM	1	PTRADD(INDIRECT(INDIRECT(INDIRECT(0x4a6,0xf5),0xff),0x107),0x1,0x1)		
decompiler	CODE:2ed4	CODE:2ff2	RET	778	write	INTMEM	1	INTMEM:ab	0xab	mem[INTMEM:ab]
decompiler	CODE:2ed4	CODE:2ff2	RET	778	read	INTMEM	1	INTMEM:ab	0xab	
decompiler	CODE:2ed4	CODE:2ff2	RET	798	write	INTMEM	1	INTMEM:ad	0xad	mem[INTMEM:ad]
decompiler	CODE:2ed4	CODE:2ff2	RET	798	read	INTMEM	1	INTMEM:ad	0xad	
decompiler	CODE:2ed4	CODE:2ff2	RET	818	write	INTMEM	1	INTMEM:ae	0xae	mem[INTMEM:ae]
decompiler	CODE:2ed4	CODE:2ff2	RET	818	read	INTMEM	1	INTMEM:ae	0xae	
decompiler	CODE:2ed4	CODE:2ff2	RET	838	write	INTMEM	1	INTMEM:b0	0xb0	mem[INTMEM:b0]
decompiler	CODE:2ed4	CODE:2ff2	RET	838	read	INTMEM	1	INTMEM:b0	0xb0	
decompiler	CODE:2ed4	CODE:2ff2	RET	858	write	INTMEM	1	INTMEM:b1	0xb1	mem[INTMEM:b1]
decompiler	CODE:2ed4	CODE:2ff2	RET	858	read	INTMEM	1	INTMEM:b1	0xb1	
decompiler	CODE:2ed4	CODE:2ff2	RET	878	write	EXTMEM	1	EXTMEM:04a6	0x4a6	mem[EXTMEM:04a6]
decompiler	CODE:2ed4	CODE:2ff2	RET	878	read	EXTMEM	1	EXTMEM:04a6	0x4a6	
decompiler	CODE:2ed4	CODE:2ff2	RET	902	write	EXTMEM	1	EXTMEM:04aa	0x4aa	mem[EXTMEM:04aa]
decompiler	CODE:2ed4	CODE:2ff2	RET	902	read	EXTMEM	1	EXTMEM:04aa	0x4aa	
decompiler	CODE:2ed4	CODE:2ff2	RET	926	write	EXTMEM	1	EXTMEM:04ab	0x4ab	mem[EXTMEM:04ab]
decompiler	CODE:2ed4	CODE:2ff2	RET	926	read	EXTMEM	1	EXTMEM:04ab	0x4ab	
decompiler	CODE:2ed4	CODE:2ff2	RET	950	write	EXTMEM	1	EXTMEM:04ac	0x4ac	mem[EXTMEM:04ac]
decompiler	CODE:2ed4	CODE:2ff2	RET	950	read	EXTMEM	1	EXTMEM:04ac	0x4ac	
decompiler	CODE:2ed4	CODE:2ff2	RET	974	write	EXTMEM	1	EXTMEM:04ad	0x4ad	mem[EXTMEM:04ad]
decompiler	CODE:2ed4	CODE:2ff2	RET	974	read	EXTMEM	1	EXTMEM:04ad	0x4ad	
decompiler	CODE:2ed4	CODE:2ff2	RET	998	write	EXTMEM	1	EXTMEM:04ae	0x4ae	mem[EXTMEM:04ae]
decompiler	CODE:2ed4	CODE:2ff2	RET	998	read	EXTMEM	1	EXTMEM:04ae	0x4ae	
decompiler	CODE:2ed4	CODE:2ff2	RET	1022	write	EXTMEM	1	EXTMEM:0752	0x752	mem[EXTMEM:0752]
decompiler	CODE:2ed4	CODE:2ff2	RET	1022	read	EXTMEM	1	EXTMEM:0752	0x752	
decompiler	CODE:2ed4	CODE:2ff2	RET	1046	write	EXTMEM	1	EXTMEM:0753	0x753	mem[EXTMEM:0753]
decompiler	CODE:2ed4	CODE:2ff2	RET	1046	read	EXTMEM	1	EXTMEM:0753	0x753	
decompiler	CODE:2ed4	CODE:2ff5	RET	777	write	INTMEM	1	INTMEM:ab	0xab	mem[INTMEM:ab]
decompiler	CODE:2ed4	CODE:2ff5	RET	777	read	INTMEM	1	INTMEM:ab	0xab	
decompiler	CODE:2ed4	CODE:2ff5	RET	797	write	INTMEM	1	INTMEM:ad	0xad	mem[INTMEM:ad]
decompiler	CODE:2ed4	CODE:2ff5	RET	797	read	INTMEM	1	INTMEM:ad	0xad	
decompiler	CODE:2ed4	CODE:2ff5	RET	817	write	INTMEM	1	INTMEM:ae	0xae	mem[INTMEM:ae]
decompiler	CODE:2ed4	CODE:2ff5	RET	817	read	INTMEM	1	INTMEM:ae	0xae	
decompiler	CODE:2ed4	CODE:2ff5	RET	837	write	INTMEM	1	INTMEM:b0	0xb0	mem[INTMEM:b0]
decompiler	CODE:2ed4	CODE:2ff5	RET	837	read	INTMEM	1	INTMEM:b0	0xb0	
decompiler	CODE:2ed4	CODE:2ff5	RET	857	write	INTMEM	1	INTMEM:b1	0xb1	mem[INTMEM:b1]
decompiler	CODE:2ed4	CODE:2ff5	RET	857	read	INTMEM	1	INTMEM:b1	0xb1	
decompiler	CODE:2ed4	CODE:2ff5	RET	877	write	EXTMEM	1	EXTMEM:04a6	0x4a6	mem[EXTMEM:04a6]
decompiler	CODE:2ed4	CODE:2ff5	RET	877	read	EXTMEM	1	EXTMEM:04a6	0x4a6	
decompiler	CODE:2ed4	CODE:2ff5	RET	901	write	EXTMEM	1	EXTMEM:04aa	0x4aa	mem[EXTMEM:04aa]
decompiler	CODE:2ed4	CODE:2ff5	RET	901	read	EXTMEM	1	EXTMEM:04aa	0x4aa	
decompiler	CODE:2ed4	CODE:2ff5	RET	925	write	EXTMEM	1	EXTMEM:04ab	0x4ab	mem[EXTMEM:04ab]
decompiler	CODE:2ed4	CODE:2ff5	RET	925	read	EXTMEM	1	EXTMEM:04ab	0x4ab	
decompiler	CODE:2ed4	CODE:2ff5	RET	949	write	EXTMEM	1	EXTMEM:04ac	0x4ac	mem[EXTMEM:04ac]
decompiler	CODE:2ed4	CODE:2ff5	RET	949	read	EXTMEM	1	EXTMEM:04ac	0x4ac	
decompiler	CODE:2ed4	CODE:2ff5	RET	973	write	EXTMEM	1	EXTMEM:04ad	0x4ad	mem[EXTMEM:04ad]
decompiler	CODE:2ed4	CODE:2ff5	RET	973	read	EXTMEM	1	EXTMEM:04ad	0x4ad	
decompiler	CODE:2ed4	CODE:2ff5	RET	997	write	EXTMEM	1	EXTMEM:04ae	0x4ae	mem[EXTMEM:04ae]
decompiler	CODE:2ed4	CODE:2ff5	RET	997	read	EXTMEM	1	EXTMEM:04ae	0x4ae	
decompiler	CODE:2ed4	CODE:2ff5	RET	1021	write	EXTMEM	1	EXTMEM:0752	0x752	mem[EXTMEM:0752]
decompiler	CODE:2ed4	CODE:2ff5	RET	1021	read	EXTMEM	1	EXTMEM:0752	0x752	
decompiler	CODE:2ed4	CODE:2ff5	RET	1045	write	EXTMEM	1	EXTMEM:0753	0x753	mem[EXTMEM:0753]
decompiler	CODE:2ed4	CODE:2ff5	RET	1045	read	EXTMEM	1	EXTMEM:0753	0x753	
decompiler	CODE:2ff6	CODE:2ffa	CJNE A,#0xac,0x2fff	8	read	EXTMEM	1	EXTMEM:055d	0x55d	
decompiler	CODE:2ff6	CODE:2ffd	SETB 0x06	10	write	BITS	1	BITS:06	0x6	0x1
decompiler	CODE:2ff6	CODE:2fff	RET	21	write	EXTMEM	1	EXTMEM:055d	0x55d	mem[EXTMEM:055d]
decompiler	CODE:2ff6	CODE:2fff	RET	21	read	EXTMEM	1	EXTMEM:055d	0x55d	
decompiler	CODE:2ff6	CODE:2fff	RET	22	write	BITS	1	BITS:06	0x6	mem[BITS:06]
decompiler	CODE:2ff6	CODE:2fff	RET	22	read	BITS	1	BITS:06	0x6	
decompiler	CODE:3000	CODE:3005	MOVX @DPTR,A	4	write	EXTMEM	1	EXTMEM:04a8	0x4a8	0x3
decompiler	CODE:3000	CODE:3023	MOVX @DPTR,A	40	write	EXTMEM	1	EXTMEM:04ad	0x4ad	0x0
decompiler	CODE:3000	CODE:3026	MOVX @DPTR,A	45	write	EXTMEM	1	EXTMEM:04ae	0x4ae	mem[EXTMEM:055f]
decompiler	CODE:3000	CODE:3026	MOVX @DPTR,A	45	read	EXTMEM	1	EXTMEM:055f	0x55f	
decompiler	CODE:3000	CODE:302e	MOVX @DPTR,A	53	write	EXTMEM	1	EXTMEM:04af	0x4af	mem[EXTMEM:0560]
decompiler	CODE:3000	CODE:302e	MOVX @DPTR,A	53	read	EXTMEM	1	EXTMEM:0560	0x560	
decompiler	CODE:3000	CODE:3037	MOV A,@R0	72	read	INTMEM	1	INDIRECT(INDIRECT(INDIRECT(INDIRECT((register, 0x0, 1),0x11),0x1e),0x3f),0x47)		
decompiler	CODE:3000	CODE:309a	XRL A,@R1	716	read	INTMEM	1	INDIRECT(INDIRECT(INDIRECT(INDIRECT(INDIRECT(INDIRECT((register, 0x1, 1),0x11),0x1e),0x3f),0x47),0x2bf),0x2cb)		
decompiler	CODE:3000	CODE:309f	XRL A,@R1	722	read	INTMEM	1	PTRADD(INDIRECT(INDIRECT(INDIRECT(INDIRECT(INDIRECT(INDIRECT((register, 0x1, 1),0x11),0x1e),0x3f),0x47),0x2bf),0x2cb),0xff,0x1)		
decompiler	CODE:3000	CODE:30db	XRL A,@R1	224	read	INTMEM	1	INDIRECT(INDIRECT(MULTIEQUAL(INDIRECT(INDIRECT(MULTIEQUAL(INDIRECT((register, 0x1, 1),0x97),INDIRECT((register, 0x1, 1),0x292),INDIRECT((register, 0x1, 1),0x29f),INDIRECT((register, 0x1, 1),0x2b6),INDIRECT((register, 0x1, 1),0x2bf),MULTIEQUAL((register, 0x1, 1),(register, 0x1, 1)),INDIRECT((register, 0x1, 1),0x2e7)),0xa1),0xa9),INDIRECT(0x25,0xcb)),0xd3),0xdf)		
decompiler	CODE:3000	CODE:30e0	XRL A,@R1	230	read	INTMEM	1	PTRADD(INDIRECT(INDIRECT(MULTIEQUAL(INDIRECT(INDIRECT(MULTIEQUAL((register, 0x1, 1),(register, 0x1, 1),(register, 0x1, 1),(register, 0x1, 1),(register, 0x1, 1),(register, 0x1, 1),(register, 0x1, 1)),0xa1),0xa9),INDIRECT(0x25,0xcb)),0xd3),0xdf),0xff,0x1)		
decompiler	CODE:3000	CODE:30f1	JNZ 0x30ff	256	read	EXTMEM	1	EXTMEM:04af	0x4af	
decompiler	CODE:3000	CODE:30f7	JNZ 0x30ff	262	read	EXTMEM	1	EXTMEM:0af4	0xaf4	
decompiler	CODE:3000	CODE:30fa	MOVX @DPTR,A	267	write	EXTMEM	1	EXTMEM:0af4	0xaf4	0x1
decompiler	CODE:3000	CODE:310c	JZ 0x3117	642	read	EXTMEM	1	EXTMEM:0af4	0xaf4	
decompiler	CODE:3000	CODE:310f	MOVX @DPTR,A	647	write	EXTMEM	1	EXTMEM:0af4	0xaf4	0x0
decompiler	CODE:3000	CODE:311e	MOV @R0,#0x0	286	write	INTMEM	1	INTMEM:99	0x99	0x0
decompiler	CODE:3000	CODE:3121	MOV @R0,0x07	289	write	INTMEM	1	INTMEM:9a	0x9a	mem[INTMEM:07]
decompiler	CODE:3000	CODE:3121	MOV @R0,0x07	289	read	INTMEM	1	INTMEM:07	0x7	
decompiler	CODE:3000	CODE:312d	MOV @R0,0x06	302	write	INTMEM	1	INTMEM:5d	0x5d	mem[INTMEM:06]
decompiler	CODE:3000	CODE:312d	MOV @R0,0x06	302	read	INTMEM	1	INTMEM:06	0x6	
decompiler	CODE:3000	CODE:3130	MOV @R0,0x07	305	write	INTMEM	1	INTMEM:5e	0x5e	mem[INTMEM:07]
decompiler	CODE:3000	CODE:3130	MOV @R0,0x07	305	read	INTMEM	1	INTMEM:07	0x7	
decompiler	CODE:3000	CODE:313b	MOV @R0,0x06	318	write	INTMEM	1	INTMEM:5f	0x5f	mem[INTMEM:06]
decompiler	CODE:3000	CODE:313b	MOV @R0,0x06	318	read	INTMEM	1	INTMEM:06	0x6	
decompiler	CODE:3000	CODE:313e	MOV @R0,0x07	321	write	INTMEM	1	INTMEM:60	0x60	mem[INTMEM:07]
decompiler	CODE:3000	CODE:313e	MOV @R0,0x07	321	read	INTMEM	1	INTMEM:07	0x7	
decompiler	CODE:3000	CODE:3143	LCALL 0x1f10	3470	read	EXTMEM	1	EXTMEM:04ae	0x4ae	
decompiler	CODE:3000	CODE:314b	MOVX @DPTR,A	342	write	EXTMEM	1	INDIRECT(INDIRECT(0x4a8,0x14a),0x152)		0xb1
decompiler	CODE:3000	CODE:3153	MOVX @DPTR,A	357	write	EXTMEM	1	INDIRECT(INDIRECT(INDIRECT(0x4a8,0x14a),0x152),0x161)		INDIRECT(INDIRECT(INDIRECT(COPY(mem[EXTMEM:04ae]),0x14a),0x152),0x161)
decompiler	CODE:3000	CODE:315b	MOVX @DPTR,A	372	write	EXTMEM	1	INDIRECT(INDIRECT(INDIRECT(INDIRECT(0x4a8,0x14a),0x152),0x161),0x170)		INDIRECT(INDIRECT(INDIRECT(INDIRECT(COPY(mem[EXTMEM:04ae]),0x14a),0x152),0x161),0x170)
decompiler	CODE:3000	CODE:3163	MOVX @DPTR,A	387	write	EXTMEM	1	INDIRECT(INDIRECT(INDIRECT(INDIRECT(INDIRECT(0x4a8,0x14a),0x152),0x161),0x170),0x17f)		INDIRECT(INDIRECT(INDIRECT(INDIRECT(INDIRECT((unique, 0x10000018, 1),0x14a),0x152),0x161),0x170),0x17f)
decompiler	CODE:3000	CODE:316b	MOVX @DPTR,A	402	write	EXTMEM	1	INDIRECT(INDIRECT(INDIRECT(INDIRECT(INDIRECT(INDIRECT(0x4a8,0x14a),0x152),0x161),0x170),0x17f),0x18e)		INDIRECT(INDIRECT(INDIRECT(INDIRECT(INDIRECT((register, 0x7, 1),0x152),0x161),0x170),0x17f),0x18e)
decompiler	CODE:3000	CODE:316d	MOV A,@R0	404	read	INTMEM	1	CAST(INT_ADD(INDIRECT(0x23,0x18e),0x1))		
decompiler	CODE:3000	CODE:3172	MOVX @DPTR,A	417	write	EXTMEM	1	INDIRECT(INDIRECT(INDIRECT(INDIRECT(INDIRECT(INDIRECT(INDIRECT((register, 0x82, 2),0x14a),0x152),0x161),0x170),0x17f),0x18e),0x19d)		INDIRECT(INDIRECT(INDIRECT(INDIRECT(INDIRECT((register, 0x7, 1),0x161),0x170),0x17f),0x18e),0x19d)
decompiler	CODE:3000	CODE:317a	MOVX @DPTR,A	432	write	EXTMEM	1	INDIRECT(INDIRECT(INDIRECT(INDIRECT(INDIRECT(INDIRECT(INDIRECT((register, 0x82, 2),0x152),0x161),0x170),0x17f),0x18e),0x19d),0x1ac)		INDIRECT(INDIRECT(INDIRECT(INDIRECT(INDIRECT((register, 0x7, 1),0x170),0x17f),0x18e),0x19d),0x1ac)
decompiler	CODE:3000	CODE:3183	MOVX @DPTR,A	448	write	EXTMEM	1	INDIRECT(0x70c,0x1bc)		INDIRECT(INDIRECT(INDIRECT(INDIRECT(INDIRECT((register, 0x7, 1),0x17f),0x18e),0x19d),0x1ac),0x1bc)
decompiler	CODE:3000	CODE:318a	MOVX @DPTR,A	461	write	EXTMEM	1	INDIRECT(INDIRECT(0x70c,0x1bc),0x1c9)		INDIRECT(INDIRECT(INDIRECT(INDIRECT(INDIRECT((register, 0x7, 1),0x18e),0x19d),0x1ac),0x1bc),0x1c9)
decompiler	CODE:3000	CODE:3190	MOVX @DPTR,A	474	write	EXTMEM	1	INDIRECT(INDIRECT(INDIRECT(0x70c,0x1bc),0x1c9),0x1d6)		INDIRECT(INDIRECT(INDIRECT(INDIRECT(INDIRECT((register, 0x7, 1),0x19d),0x1ac),0x1bc),0x1c9),0x1d6)
decompiler	CODE:3000	CODE:3197	MOVX @DPTR,A	487	write	EXTMEM	1	INDIRECT(INDIRECT(INDIRECT(INDIRECT(0x70c,0x1bc),0x1c9),0x1d6),0x1e3)		INDIRECT(INDIRECT(INDIRECT(INDIRECT(INDIRECT((register, 0x7, 1),0x1ac),0x1bc),0x1c9),0x1d6),0x1e3)
decompiler	CODE:3000	CODE:319e	MOVX @DPTR,A	500	write	EXTMEM	1	INDIRECT(INDIRECT(INDIRECT(INDIRECT(INDIRECT(0x70c,0x1bc),0x1c9),0x1d6),0x1e3),0x1f0)		INDIRECT(INDIRECT(INDIRECT(INDIRECT(INDIRECT((register, 0x7, 1),0x1bc),0x1c9),0x1d6),0x1e3),0x1f0)
decompiler	CODE:3000	CODE:31a5	MOVX @DPTR,A	513	write	EXTMEM	1	INDIRECT(INDIRECT(INDIRECT(INDIRECT(INDIRECT(INDIRECT(0x70c,0x1bc),0x1c9),0x1d6),0x1e3),0x1f0),0x1fd)		INDIRECT(INDIRECT(INDIRECT(INDIRECT(INDIRECT((register, 0x7, 1),0x1c9),0x1d6),0x1e3),0x1f0),0x1fd)
decompiler	CODE:3000	CODE:31ac	MOVX @DPTR,A	526	write	EXTMEM	1	INDIRECT(INDIRECT(INDIRECT(INDIRECT(INDIRECT(INDIRECT(INDIRECT((register, 0x82, 2),0x1bc),0x1c9),0x1d6),0x1e3),0x1f0),0x1fd),0x20a)		INDIRECT(INDIRECT(INDIRECT(INDIRECT(INDIRECT((register, 0x7, 1),0x1d6),0x1e3),0x1f0),0x1fd),0x20a)
decompiler	CODE:3000	CODE:31b4	MOVX @DPTR,A	541	write	EXTMEM	1	INDIRECT(INDIRECT(INDIRECT(INDIRECT(INDIRECT(INDIRECT(INDIRECT((register, 0x82, 2),0x1c9),0x1d6),0x1e3),0x1f0),0x1fd),0x20a),0x219)		INDIRECT(INDIRECT(INDIRECT(INDIRECT(INDIRECT((register, 0x7, 1),0x1e3),0x1f0),0x1fd),0x20a),0x219)
decompiler	CODE:3000	CODE:31bd	MOVX @DPTR,A	557	write	EXTMEM	1	INDIRECT(0x707,0x229)		INDIRECT(INDIRECT(INDIRECT(INDIRECT(INDIRECT((register, 0x7, 1),0x1f0),0x1fd),0x20a),0x219),0x229)
decompiler	CODE:3000	CODE:31c7	MOVX @DPTR,A	574	write	EXTMEM	1	INDIRECT(0x3f0,0x23a)		INDIRECT(INDIRECT(INDIRECT(INDIRECT(INDIRECT((register, 0x7, 1),0x1fd),0x20a),0x219),0x229),0x23a)
decompiler	CODE:3000	CODE:31d3	MOVX @DPTR,A	595	write	EXTMEM	1	INDIRECT(0x442,0x24f)		INDIRECT(INDIRECT(INDIRECT(INDIRECT(INDIRECT((register, 0x7, 1),0x20a),0x219),0x229),0x23a),0x24f)
decompiler	CODE:3000	CODE:31dc	RET	1413	write	INTMEM	1	INTMEM:06	0x6	mem[INTMEM:06]
decompiler	CODE:3000	CODE:31dc	RET	1413	read	INTMEM	1	INTMEM:06	0x6	
decompiler	CODE:3000	CODE:31dc	RET	1463	write	INTMEM	1	INTMEM:07	0x7	mem[INTMEM:07]
decompiler	CODE:3000	CODE:31dc	RET	1463	read	INTMEM	1	INTMEM:07	0x7	
decompiler	CODE:3000	CODE:31dc	RET	1513	write	INTMEM	1	INTMEM:23	0x23	mem[INTMEM:23]
decompiler	CODE:3000	CODE:31dc	RET	1513	read	INTMEM	1	INTMEM:23	0x23	
decompiler	CODE:3000	CODE:31dc	RET	1563	write	INTMEM	1	INTMEM:5d	0x5d	mem[INTMEM:5d]
decompiler	CODE:3000	CODE:31dc	RET	1563	read	INTMEM	1	INTMEM:5d	0x5d	
decompiler	CODE:3000	CODE:31dc	RET	1613	write	INTMEM	1	INTMEM:5e	0x5e	mem[INTMEM:5e]
decompiler	CODE:3000	CODE:31dc	RET	1613	read	INTMEM	1	INTMEM:5e	0x5e	
decompiler	CODE:3000	CODE:31dc	RET	1663	write	INTMEM	1	INTMEM:5f	0x5f	mem[INTMEM:5f]
decompiler	CODE:3000	CODE:31dc	RET	1663	read	INTMEM	1	INTMEM:5f	0x5f	
decompiler	CODE:3000	CODE:31dc	RET	1713	write	INTMEM	1	INTMEM:60	0x60	mem[INTMEM:60]
decompiler	CODE:3000	CODE:31dc	RET	1713	read	INTMEM	1	INTMEM:60	0x60	
decompiler	CODE:3000	CODE:31dc	RET	1763	write	INTMEM	1	INTMEM:6c	0x6c	mem[INTMEM:6c]
decompiler	CODE:3000	CODE:31dc	RET	1763	read	INTMEM	1	INTMEM:6c	0x6c	
decompiler	CODE:3000	CODE:31dc	RET	1813	write	INTMEM	1	INTMEM:6e	0x6e	mem[INTMEM:6e]
decompiler	CODE:3000	CODE:31dc	RET	1813	read	INTMEM	1	INTMEM:6e	0x6e	
decompiler	CODE:3000	CODE:31dc	RET	1863	write	INTMEM	1	INTMEM:89	0x89	mem[INTMEM:89]
decompiler	CODE:3000	CODE:31dc	RET	1863	read	INTMEM	1	INTMEM:89	0x89	
decompiler	CODE:3000	CODE:31dc	RET	1913	write	INTMEM	1	INTMEM:8c	0x8c	mem[INTMEM:8c]
decompiler	CODE:3000	CODE:31dc	RET	1913	read	INTMEM	1	INTMEM:8c	0x8c	
decompiler	CODE:3000	CODE:31dc	RET	1963	write	INTMEM	1	INTMEM:92	0x92	mem[INTMEM:92]
decompiler	CODE:3000	CODE:31dc	RET	1963	read	INTMEM	1	INTMEM:92	0x92	
decompiler	CODE:3000	CODE:31dc	RET	2013	write	INTMEM	1	INTMEM:99	0x99	mem[INTMEM:99]
decompiler	CODE:3000	CODE:31dc	RET	2013	read	INTMEM	1	INTMEM:99	0x99	
decompiler	CODE:3000	CODE:31dc	RET	2063	write	INTMEM	1	INTMEM:9a	0x9a	mem[INTMEM:9a]
decompiler	CODE:3000	CODE:31dc	RET	2063	read	INTMEM	1	INTMEM:9a	0x9a	
decompiler	CODE:3000	CODE:31dc	RET	2113	write	EXTMEM	1	EXTMEM:03f0	0x3f0	mem[EXTMEM:03f0]
decompiler	CODE:3000	CODE:31dc	RET	2113	read	EXTMEM	1	EXTMEM:03f0	0x3f0	
decompiler	CODE:3000	CODE:31dc	RET	2181	write	EXTMEM	1	EXTMEM:0441	0x441	mem[EXTMEM:0441]
decompiler	CODE:3000	CODE:31dc	RET	2181	read	EXTMEM	1	EXTMEM:0441	0x441	
decompiler	CODE:3000	CODE:31dc	RET	2249	write	EXTMEM	1	EXTMEM:0442	0x442	mem[EXTMEM:0442]
decompiler	CODE:3000	CODE:31dc	RET	2249	read	EXTMEM	1	EXTMEM:0442	0x442	
decompiler	CODE:3000	CODE:31dc	RET	2317	write	EXTMEM	1	EXTMEM:04a8	0x4a8	mem[EXTMEM:04a8]
decompiler	CODE:3000	CODE:31dc	RET	2317	read	EXTMEM	1	EXTMEM:04a8	0x4a8	
decompiler	CODE:3000	CODE:31dc	RET	2385	write	EXTMEM	1	EXTMEM:04a9	0x4a9	mem[EXTMEM:04a9]
decompiler	CODE:3000	CODE:31dc	RET	2385	read	EXTMEM	1	EXTMEM:04a9	0x4a9	
decompiler	CODE:3000	CODE:31dc	RET	2453	write	EXTMEM	1	EXTMEM:04aa	0x4aa	mem[EXTMEM:04aa]
decompiler	CODE:3000	CODE:31dc	RET	2453	read	EXTMEM	1	EXTMEM:04aa	0x4aa	
decompiler	CODE:3000	CODE:31dc	RET	2521	write	EXTMEM	1	EXTMEM:04ab	0x4ab	mem[EXTMEM:04ab]
decompiler	CODE:3000	CODE:31dc	RET	2521	read	EXTMEM	1	EXTMEM:04ab	0x4ab	
decompiler	CODE:3000	CODE:31dc	RET	2589	write	EXTMEM	1	EXTMEM:04ac	0x4ac	mem[EXTMEM:04ac]
decompiler	CODE:3000	CODE:31dc	RET	2589	read	EXTMEM	1	EXTMEM:04ac	0x4ac	
decompiler	CODE:3000	CODE:31dc	RET	2657	write	EXTMEM	1	EXTMEM:04ad	0x4ad	mem[EXTMEM:04ad]
decompiler	CODE:3000	CODE:31dc	RET	2657	read	EXTMEM	1	EXTMEM:04ad	0x4ad	
decompiler	CODE:3000	CODE:31dc	RET	2725	write	EXTMEM	1	EXTMEM:04ae	0x4ae	mem[EXTMEM:04ae]
decompiler	CODE:3000	CODE:31dc	RET	2725	read	EXTMEM	1	EXTMEM:04ae	0x4ae	
decompiler	CODE:3000	CODE:31dc	RET	2793	write	EXTMEM	1	EXTMEM:04af	0x4af	mem[EXTMEM:04af]
decompiler	CODE:3000	CODE:31dc	RET	2793	read	EXTMEM	1	EXTMEM:04af	0x4af	
decompiler	CODE:3000	CODE:31dc	RET	2861	write	EXTMEM	1	EXTMEM:04b0	0x4b0	mem[EXTMEM:04b0]
decompiler	CODE:3000	CODE:31dc	RET	2861	read	EXTMEM	1	EXTMEM:04b0	0x4b0	
decompiler	CODE:3000	CODE:31dc	RET	2929	write	EXTMEM	1	EXTMEM:055d	0x55d	mem[EXTMEM:055d]
decompiler	CODE:3000	CODE:31dc	RET	2929	read	EXTMEM	1	EXTMEM:055d	0x55d	
decompiler	CODE:3000	CODE:31dc	RET	2997	write	EXTMEM	1	EXTMEM:055e	0x55e	mem[EXTMEM:055e]
decompiler	CODE:3000	CODE:31dc	RET	2997	read	EXTMEM	1	EXTMEM:055e	0x55e	
decompiler	CODE:3000	CODE:31dc	RET	3065	write	EXTMEM	1	EXTMEM:055f	0x55f	mem[EXTMEM:055f]
decompiler	CODE:3000	CODE:31dc	RET	3065	read	EXTMEM	1	EXTMEM:055f	0x55f	
decompiler	CODE:3000	CODE:31dc	RET	3133	write	EXTMEM	1	EXTMEM:0560	0x560	mem[EXTMEM:0560]
decompiler	CODE:3000	CODE:31dc	RET	3133	read	EXTMEM	1	EXTMEM:0560	0x560	
decompiler	CODE:3000	CODE:31dc	RET	3201	write	EXTMEM	1	EXTMEM:0707	0x707	mem[EXTMEM:0707]
decompiler	CODE:3000	CODE:31dc	RET	3201	read	EXTMEM	1	EXTMEM:0707	0x707	
decompiler	CODE:3000	CODE:31dc	RET	3269	write	EXTMEM	1	EXTMEM:070c	0x70c	mem[EXTMEM:070c]
decompiler	CODE:3000	CODE:31dc	RET	3269	read	EXTMEM	1	EXTMEM:070c	0x70c	
decompiler	CODE:3000	CODE:31dc	RET	3337	write	EXTMEM	1	EXTMEM:0af4	0xaf4	mem[EXTMEM:0af4]
decompiler	CODE:3000	CODE:31dc	RET	3337	read	EXTMEM	1	EXTMEM:0af4	0xaf4	
decompiler	CODE:31dd	CODE:33b4	MOVX @DPTR,A	424	write	EXTMEM	1	PTRADD(INDIRECT(0x4ac,0x1a3),0x1,0x1)		INDIRECT((register, 0x7, 1),0x1a3)
decompiler	CODE:31dd	CODE:33b8	RET	547	write	EXTMEM	1	EXTMEM:04ac	0x4ac	mem[EXTMEM:04ac]
decompiler	CODE:31dd	CODE:33b8	RET	547	read	EXTMEM	1	EXTMEM:04ac	0x4ac	
decompiler	CODE:31dd	CODE:33b8	RET	552	write	EXTMEM	1	EXTMEM:04ad	0x4ad	mem[EXTMEM:04ad]
decompiler	CODE:31dd	CODE:33b8	RET	552	read	EXTMEM	1	EXTMEM:04ad	0x4ad	
decompiler	CODE:33f5	CODE:33fd	MOVX @DPTR,A	21	write	EXTMEM	1	CAST(PIECE(INT_SUB(0x3,INT_SRIGHT((register, 0x48, 1),0x7)),(register, 0xb, 1)))		0x0
decompiler	CODE:3409	CODE:341c	MOVC A,@A+DPTR	99	read	CODE	2	CAST(PIECE(INT_SUB(0xb8,INT_SRIGHT(INT_LEFT(INT_LESS(0xd,CAST((unique, 0x10000000, 1))),0x7),0x7)),INT_SUB(INT_MULT(mem[INTMEM:b3],0x2),0xe)))		
decompiler	CODE:3409	CODE:3428	LJMP 0xad49	102	write	INTMEM	1	INTMEM:b3	0xb3	mem[INTMEM:b3]
decompiler	CODE:3409	CODE:3428	LJMP 0xad49	102	read	INTMEM	1	INTMEM:b3	0xb3	
decompiler	CODE:342b	CODE:342b	MOV A,@R0	0	read	INTMEM	1	(register, 0x0, 1)		
decompiler	CODE:343f	CODE:343f	MOV A,@R0	0	read	INTMEM	1	(register, 0x0, 1)		
decompiler	CODE:344a	CODE:3456	RET	45	write	INTMEM	1	INTMEM:b9	0xb9	mem[INTMEM:b9]
decompiler	CODE:344a	CODE:3456	RET	45	read	INTMEM	1	INTMEM:b9	0xb9	
decompiler	CODE:344c	CODE:344c	MOV A,@R0	0	read	INTMEM	1	(register, 0x0, 1)		
decompiler	CODE:3457	CODE:3463	RET	45	write	INTMEM	1	INTMEM:b3	0xb3	mem[INTMEM:b3]
decompiler	CODE:3457	CODE:3463	RET	45	read	INTMEM	1	INTMEM:b3	0xb3	
decompiler	CODE:3464	CODE:3470	RET	45	write	INTMEM	1	INTMEM:b3	0xb3	mem[INTMEM:b3]
decompiler	CODE:3464	CODE:3470	RET	45	read	INTMEM	1	INTMEM:b3	0xb3	
decompiler	CODE:3471	CODE:3471	MOVX @DPTR,A	2	write	EXTMEM	1	(register, 0x82, 2)		(register, 0xb, 1)
decompiler	CODE:3478	CODE:348e	LJMP 0xadf3	63	write	EXTMEM	1	EXTMEM:04c7	0x4c7	mem[EXTMEM:04c7]
decompiler	CODE:3478	CODE:348e	LJMP 0xadf3	63	read	EXTMEM	1	EXTMEM:04c7	0x4c7	
decompiler	CODE:3478	CODE:348e	LJMP 0xadf3	65	write	EXTMEM	1	EXTMEM:04cc	0x4cc	mem[EXTMEM:04cc]
decompiler	CODE:3478	CODE:348e	LJMP 0xadf3	65	read	EXTMEM	1	EXTMEM:04cc	0x4cc	
decompiler	CODE:3478	CODE:348e	LJMP 0xadf3	67	write	EXTMEM	1	EXTMEM:04cd	0x4cd	mem[EXTMEM:04cd]
decompiler	CODE:3478	CODE:348e	LJMP 0xadf3	67	read	EXTMEM	1	EXTMEM:04cd	0x4cd	
decompiler	CODE:3491	CODE:349d	MOVX A,@DPTR	35	read	EXTMEM	1	CAST(PIECE(INT_SUB(0x3,INT_SRIGHT(INT_LEFT(INT_LESS(0x57,mem[INTMEM:b3]),0x7),0x7)),INT_ADD(mem[INTMEM:b3],0xa8)))		
decompiler	CODE:3491	CODE:349e	RET	53	write	INTMEM	1	INTMEM:b3	0xb3	mem[INTMEM:b3]
decompiler	CODE:3491	CODE:349e	RET	53	read	INTMEM	1	INTMEM:b3	0xb3	
decompiler	CODE:349f	CODE:34ab	RET	45	write	INTMEM	1	INTMEM:b3	0xb3	mem[INTMEM:b3]
decompiler	CODE:349f	CODE:34ab	RET	45	read	INTMEM	1	INTMEM:b3	0xb3	
decompiler	CODE:34ac	CODE:34b8	RET	45	write	INTMEM	1	INTMEM:b3	0xb3	mem[INTMEM:b3]
decompiler	CODE:34ac	CODE:34b8	RET	45	read	INTMEM	1	INTMEM:b3	0xb3	
decompiler	CODE:34b9	CODE:34c5	RET	45	write	INTMEM	1	INTMEM:b3	0xb3	mem[INTMEM:b3]
decompiler	CODE:34b9	CODE:34c5	RET	45	read	INTMEM	1	INTMEM:b3	0xb3	
decompiler	CODE:34c6	CODE:34d3	RET	46	write	INTMEM	1	INTMEM:b9	0xb9	mem[INTMEM:b9]
decompiler	CODE:34c6	CODE:34d3	RET	46	read	INTMEM	1	INTMEM:b9	0xb9	
decompiler	CODE:34d4	CODE:34d4	MOVX A,@DPTR	1	read	EXTMEM	1	(register, 0x82, 2)		
decompiler	CODE:34de	CODE:34e4	MOVX A,@DPTR	8	read	EXTMEM	1	EXTMEM:04cd	0x4cd	
decompiler	CODE:34de	CODE:34e5	RET	19	write	EXTMEM	1	EXTMEM:04cc	0x4cc	mem[EXTMEM:04cc]
decompiler	CODE:34de	CODE:34e5	RET	19	read	EXTMEM	1	EXTMEM:04cc	0x4cc	
decompiler	CODE:34de	CODE:34e5	RET	20	write	EXTMEM	1	EXTMEM:04cd	0x4cd	mem[EXTMEM:04cd]
decompiler	CODE:34de	CODE:34e5	RET	20	read	EXTMEM	1	EXTMEM:04cd	0x4cd	
decompiler	CODE:34fc	CODE:350a	RET	54	write	INTMEM	1	INTMEM:b3	0xb3	mem[INTMEM:b3]
decompiler	CODE:34fc	CODE:350a	RET	54	read	INTMEM	1	INTMEM:b3	0xb3	
decompiler	CODE:350b	CODE:350d	MOVX A,@DPTR	2	read	EXTMEM	1	(register, 0x82, 2)		
decompiler	CODE:350b	CODE:3510	MOVX A,@DPTR	7	read	EXTMEM	1	PTRADD((register, 0x82, 2),0x1,0x1)		
decompiler	CODE:350b	CODE:3515	MOVX @DPTR,A	15	write	EXTMEM	1	EXTMEM:04d6	0x4d6	LOAD(0x311,(register, 0x82, 2))
decompiler	CODE:350b	CODE:3518	MOVX @DPTR,A	20	write	EXTMEM	1	EXTMEM:04d7	0x4d7	LOAD(0x311,PTRADD((register, 0x82, 2),0x1,0x1))
decompiler	CODE:350b	CODE:3519	RET	31	write	EXTMEM	1	EXTMEM:04d6	0x4d6	mem[EXTMEM:04d6]
decompiler	CODE:350b	CODE:3519	RET	31	read	EXTMEM	1	EXTMEM:04d6	0x4d6	
decompiler	CODE:350b	CODE:3519	RET	32	write	EXTMEM	1	EXTMEM:04d7	0x4d7	mem[EXTMEM:04d7]
decompiler	CODE:350b	CODE:3519	RET	32	read	EXTMEM	1	EXTMEM:04d7	0x4d7	
decompiler	CODE:351a	CODE:3526	RET	45	write	INTMEM	1	INTMEM:b3	0xb3	mem[INTMEM:b3]
decompiler	CODE:351a	CODE:3526	RET	45	read	INTMEM	1	INTMEM:b3	0xb3	
decompiler	CODE:3527	CODE:3533	RET	45	write	INTMEM	1	INTMEM:b3	0xb3	mem[INTMEM:b3]
decompiler	CODE:3527	CODE:3533	RET	45	read	INTMEM	1	INTMEM:b3	0xb3	
decompiler	CODE:3534	CODE:3540	RET	45	write	INTMEM	1	INTMEM:b3	0xb3	mem[INTMEM:b3]
decompiler	CODE:3534	CODE:3540	RET	45	read	INTMEM	1	INTMEM:b3	0xb3	
decompiler	CODE:3541	CODE:3541	MOVX A,@DPTR	1	read	EXTMEM	1	(register, 0x82, 2)		
decompiler	CODE:3541	CODE:3544	MOVX A,@DPTR	6	read	EXTMEM	1	PTRADD((register, 0x82, 2),0x1,0x1)		
decompiler	CODE:3541	CODE:3549	MOVX @DPTR,A	14	write	EXTMEM	1	EXTMEM:04d8	0x4d8	LOAD(0x311,(register, 0x82, 2))
decompiler	CODE:3541	CODE:354c	MOVX @DPTR,A	19	write	EXTMEM	1	EXTMEM:04d9	0x4d9	LOAD(0x311,PTRADD((register, 0x82, 2),0x1,0x1))
decompiler	CODE:3541	CODE:354d	RET	30	write	EXTMEM	1	EXTMEM:04d8	0x4d8	mem[EXTMEM:04d8]
decompiler	CODE:3541	CODE:354d	RET	30	read	EXTMEM	1	EXTMEM:04d8	0x4d8	
decompiler	CODE:3541	CODE:354d	RET	31	write	EXTMEM	1	EXTMEM:04d9	0x4d9	mem[EXTMEM:04d9]
decompiler	CODE:3541	CODE:354d	RET	31	read	EXTMEM	1	EXTMEM:04d9	0x4d9	
decompiler	CODE:355d	CODE:355d	MOVX A,@DPTR	1	read	EXTMEM	1	(register, 0x82, 2)		
decompiler	CODE:355d	CODE:3567	RET	30	write	EXTMEM	1	EXTMEM:03ec	0x3ec	mem[EXTMEM:03ec]
decompiler	CODE:355d	CODE:3567	RET	30	read	EXTMEM	1	EXTMEM:03ec	0x3ec	
decompiler	CODE:3724	CODE:3746	MOVX @DPTR,A	82	write	EXTMEM	1	EXTMEM:2155	0x2155	0x10
decompiler	CODE:3724	CODE:374c	MOVX @DPTR,A	87	write	EXTMEM	1	EXTMEM:2154	0x2154	0x4
decompiler	CODE:3724	CODE:376f	MOVX @DPTR,A	170	write	EXTMEM	1	EXTMEM:2255	0x2255	0x10
decompiler	CODE:3724	CODE:37e9	MOV 0xa3,A	518	read	SFR	1	SFR:a3	0xa3	
decompiler	CODE:3724	CODE:37f1	JZ 0x37fd	986	read	EXTMEM	1	EXTMEM:1053	0x1053	
decompiler	CODE:3724	CODE:37f3	MOV 0xa3,#0x2e	519	read	SFR	1	SFR:a3	0xa3	
decompiler	CODE:3724	CODE:37fb	MOV 0xa3,A	520	read	SFR	1	SFR:a3	0xa3	
decompiler	CODE:3724	CODE:37fd	RET	654	write	EXTMEM	1	EXTMEM:0737	0x737	mem[EXTMEM:0737]
decompiler	CODE:3724	CODE:37fd	RET	654	read	EXTMEM	1	EXTMEM:0737	0x737	
decompiler	CODE:3724	CODE:37fd	RET	673	write	EXTMEM	1	EXTMEM:0738	0x738	mem[EXTMEM:0738]
decompiler	CODE:3724	CODE:37fd	RET	673	read	EXTMEM	1	EXTMEM:0738	0x738	
decompiler	CODE:3724	CODE:37fd	RET	692	write	EXTMEM	1	EXTMEM:073a	0x73a	mem[EXTMEM:073a]
decompiler	CODE:3724	CODE:37fd	RET	692	read	EXTMEM	1	EXTMEM:073a	0x73a	
decompiler	CODE:3724	CODE:37fd	RET	711	write	EXTMEM	1	EXTMEM:073b	0x73b	mem[EXTMEM:073b]
decompiler	CODE:3724	CODE:37fd	RET	711	read	EXTMEM	1	EXTMEM:073b	0x73b	
decompiler	CODE:3724	CODE:37fd	RET	730	write	EXTMEM	1	EXTMEM:073d	0x73d	mem[EXTMEM:073d]
decompiler	CODE:3724	CODE:37fd	RET	730	read	EXTMEM	1	EXTMEM:073d	0x73d	
decompiler	CODE:3724	CODE:37fd	RET	749	write	EXTMEM	1	EXTMEM:073e	0x73e	mem[EXTMEM:073e]
decompiler	CODE:3724	CODE:37fd	RET	749	read	EXTMEM	1	EXTMEM:073e	0x73e	
decompiler	CODE:3724	CODE:37fd	RET	768	write	EXTMEM	1	EXTMEM:1053	0x1053	mem[EXTMEM:1053]
decompiler	CODE:3724	CODE:37fd	RET	768	read	EXTMEM	1	EXTMEM:1053	0x1053	
decompiler	CODE:3724	CODE:37fd	RET	788	write	EXTMEM	1	EXTMEM:2020	0x2020	mem[EXTMEM:2020]
decompiler	CODE:3724	CODE:37fd	RET	788	read	EXTMEM	1	EXTMEM:2020	0x2020	
decompiler	CODE:3724	CODE:37fd	RET	807	write	EXTMEM	1	EXTMEM:2021	0x2021	mem[EXTMEM:2021]
decompiler	CODE:3724	CODE:37fd	RET	807	read	EXTMEM	1	EXTMEM:2021	0x2021	
decompiler	CODE:3724	CODE:37fd	RET	826	write	EXTMEM	1	EXTMEM:203c	0x203c	mem[EXTMEM:203c]
decompiler	CODE:3724	CODE:37fd	RET	826	read	EXTMEM	1	EXTMEM:203c	0x203c	
decompiler	CODE:3724	CODE:37fd	RET	845	write	EXTMEM	1	EXTMEM:203e	0x203e	mem[EXTMEM:203e]
decompiler	CODE:3724	CODE:37fd	RET	845	read	EXTMEM	1	EXTMEM:203e	0x203e	
decompiler	CODE:3724	CODE:37fd	RET	864	write	EXTMEM	1	EXTMEM:2154	0x2154	mem[EXTMEM:2154]
decompiler	CODE:3724	CODE:37fd	RET	864	read	EXTMEM	1	EXTMEM:2154	0x2154	
decompiler	CODE:3724	CODE:37fd	RET	883	write	EXTMEM	1	EXTMEM:2155	0x2155	mem[EXTMEM:2155]
decompiler	CODE:3724	CODE:37fd	RET	883	read	EXTMEM	1	EXTMEM:2155	0x2155	
decompiler	CODE:3724	CODE:37fd	RET	902	write	EXTMEM	1	EXTMEM:2255	0x2255	mem[EXTMEM:2255]
decompiler	CODE:3724	CODE:37fd	RET	902	read	EXTMEM	1	EXTMEM:2255	0x2255	
decompiler	CODE:3724	CODE:37fd	RET	921	write	EXTMEM	1	EXTMEM:2304	0x2304	mem[EXTMEM:2304]
decompiler	CODE:3724	CODE:37fd	RET	921	read	EXTMEM	1	EXTMEM:2304	0x2304	
decompiler	CODE:3724	CODE:37fd	RET	940	write	EXTMEM	1	EXTMEM:2404	0x2404	mem[EXTMEM:2404]
decompiler	CODE:3724	CODE:37fd	RET	940	read	EXTMEM	1	EXTMEM:2404	0x2404	
decompiler	CODE:3800	CODE:3808	CLR 0x0c	10	write	BITS	1	BITS:0c	0xc	0x0
decompiler	CODE:3800	CODE:399a	SETB 0x0c	25	write	BITS	1	BITS:0c	0xc	0x1
decompiler	CODE:3800	CODE:399e	RET	129	write	EXTMEM	1	EXTMEM:04b3	0x4b3	mem[EXTMEM:04b3]
decompiler	CODE:3800	CODE:399e	RET	129	read	EXTMEM	1	EXTMEM:04b3	0x4b3	
decompiler	CODE:3800	CODE:399e	RET	134	write	EXTMEM	1	EXTMEM:04b4	0x4b4	mem[EXTMEM:04b4]
decompiler	CODE:3800	CODE:399e	RET	134	read	EXTMEM	1	EXTMEM:04b4	0x4b4	
decompiler	CODE:3800	CODE:399e	RET	139	write	BITS	1	BITS:0c	0xc	mem[BITS:0c]
decompiler	CODE:3800	CODE:399e	RET	139	read	BITS	1	BITS:0c	0xc	
decompiler	CODE:399f	CODE:39ae	MOV @R0,A	30	write	INTMEM	1	INTMEM:16	0x16	0x0
decompiler	CODE:399f	CODE:39b4	JZ 0x39f5	47	read	INTMEM	1	INTMEM:b2	0xb2	
decompiler	CODE:399f	CODE:39b8	JNZ 0x3a1a	62	read	INTMEM	1	INTMEM:b2	0xb2	
decompiler	CODE:399f	CODE:39bf	JZ 0x39d6	80	read	INTMEM	1	INTMEM:b4	0xb4	
decompiler	CODE:399f	CODE:39c3	JZ 0x39dc	95	read	INTMEM	1	INTMEM:b4	0xb4	
decompiler	CODE:399f	CODE:39c7	JNZ 0x39e9	110	read	INTMEM	1	INTMEM:b4	0xb4	
decompiler	CODE:399f	CODE:39d8	MOV @R0,#0x3d	796	write	INTMEM	1	INTMEM:17	0x17	0x3d
decompiler	CODE:399f	CODE:39e5	MOV @R0,#0x39	792	write	INTMEM	1	INTMEM:17	0x17	0x39
decompiler	CODE:399f	CODE:39fa	JZ 0x3a14	861	read	INTMEM	1	INTMEM:b4	0xb4	
decompiler	CODE:399f	CODE:39fe	JNZ 0x3a38	876	read	INTMEM	1	INTMEM:b4	0xb4	
decompiler	CODE:399f	CODE:3a05	JNZ 0x3a0e	894	read	INTMEM	1	INTMEM:16	0x16	
decompiler	CODE:399f	CODE:3a10	MOV @R0,#0x3c	908	write	INTMEM	1	INTMEM:17	0x17	0x3c
decompiler	CODE:399f	CODE:3a16	MOV @R0,#0x38	912	write	INTMEM	1	INTMEM:17	0x17	0x38
decompiler	CODE:399f	CODE:3a23	MOV @R0,#0x31	812	write	INTMEM	1	INTMEM:17	0x17	0x31
decompiler	CODE:399f	CODE:3b39	LJMP 0x10b6	1333	write	INTMEM	1	INTMEM:16	0x16	mem[INTMEM:16]
decompiler	CODE:399f	CODE:3b39	LJMP 0x10b6	1333	read	INTMEM	1	INTMEM:16	0x16	
decompiler	CODE:399f	CODE:3b39	LJMP 0x10b6	1361	write	INTMEM	1	INTMEM:17	0x17	mem[INTMEM:17]
decompiler	CODE:399f	CODE:3b39	LJMP 0x10b6	1361	read	INTMEM	1	INTMEM:17	0x17	
decompiler	CODE:399f	CODE:3b39	LJMP 0x10b6	1388	write	INTMEM	1	INTMEM:38	0x38	mem[INTMEM:38]
decompiler	CODE:399f	CODE:3b39	LJMP 0x10b6	1388	read	INTMEM	1	INTMEM:38	0x38	
decompiler	CODE:399f	CODE:3b39	LJMP 0x10b6	1415	write	INTMEM	1	INTMEM:3c	0x3c	mem[INTMEM:3c]
decompiler	CODE:399f	CODE:3b39	LJMP 0x10b6	1415	read	INTMEM	1	INTMEM:3c	0x3c	
decompiler	CODE:399f	CODE:3b39	LJMP 0x10b6	1442	write	INTMEM	1	INTMEM:7a	0x7a	mem[INTMEM:7a]
decompiler	CODE:399f	CODE:3b39	LJMP 0x10b6	1442	read	INTMEM	1	INTMEM:7a	0x7a	
decompiler	CODE:399f	CODE:3b39	LJMP 0x10b6	1469	write	INTMEM	1	INTMEM:7b	0x7b	mem[INTMEM:7b]
decompiler	CODE:399f	CODE:3b39	LJMP 0x10b6	1469	read	INTMEM	1	INTMEM:7b	0x7b	
decompiler	CODE:399f	CODE:3b39	LJMP 0x10b6	1496	write	INTMEM	1	INTMEM:7d	0x7d	mem[INTMEM:7d]
decompiler	CODE:399f	CODE:3b39	LJMP 0x10b6	1496	read	INTMEM	1	INTMEM:7d	0x7d	
decompiler	CODE:399f	CODE:3b39	LJMP 0x10b6	1523	write	INTMEM	1	INTMEM:7e	0x7e	mem[INTMEM:7e]
decompiler	CODE:399f	CODE:3b39	LJMP 0x10b6	1523	read	INTMEM	1	INTMEM:7e	0x7e	
decompiler	CODE:399f	CODE:3b39	LJMP 0x10b6	1550	write	INTMEM	1	INTMEM:b2	0xb2	mem[INTMEM:b2]
decompiler	CODE:399f	CODE:3b39	LJMP 0x10b6	1550	read	INTMEM	1	INTMEM:b2	0xb2	
decompiler	CODE:399f	CODE:3b39	LJMP 0x10b6	1577	write	INTMEM	1	INTMEM:b4	0xb4	mem[INTMEM:b4]
decompiler	CODE:399f	CODE:3b39	LJMP 0x10b6	1577	read	INTMEM	1	INTMEM:b4	0xb4	
decompiler	CODE:399f	CODE:3b39	LJMP 0x10b6	1604	write	BITS	1	BITS:32	0x32	mem[BITS:32]
decompiler	CODE:399f	CODE:3b39	LJMP 0x10b6	1604	read	BITS	1	BITS:32	0x32	
decompiler	CODE:399f	CODE:3b39	LJMP 0x10b6	1628	write	BITS	1	BITS:3d	0x3d	mem[BITS:3d]
decompiler	CODE:399f	CODE:3b39	LJMP 0x10b6	1628	read	BITS	1	BITS:3d	0x3d	
decompiler	CODE:399f	CODE:3f43	RET	1334	write	INTMEM	1	INTMEM:16	0x16	mem[INTMEM:16]
decompiler	CODE:399f	CODE:3f43	RET	1334	read	INTMEM	1	INTMEM:16	0x16	
decompiler	CODE:399f	CODE:3f43	RET	1362	write	INTMEM	1	INTMEM:17	0x17	mem[INTMEM:17]
decompiler	CODE:399f	CODE:3f43	RET	1362	read	INTMEM	1	INTMEM:17	0x17	
decompiler	CODE:399f	CODE:3f43	RET	1389	write	INTMEM	1	INTMEM:38	0x38	mem[INTMEM:38]
decompiler	CODE:399f	CODE:3f43	RET	1389	read	INTMEM	1	INTMEM:38	0x38	
decompiler	CODE:399f	CODE:3f43	RET	1416	write	INTMEM	1	INTMEM:3c	0x3c	mem[INTMEM:3c]
decompiler	CODE:399f	CODE:3f43	RET	1416	read	INTMEM	1	INTMEM:3c	0x3c	
decompiler	CODE:399f	CODE:3f43	RET	1443	write	INTMEM	1	INTMEM:7a	0x7a	mem[INTMEM:7a]
decompiler	CODE:399f	CODE:3f43	RET	1443	read	INTMEM	1	INTMEM:7a	0x7a	
decompiler	CODE:399f	CODE:3f43	RET	1470	write	INTMEM	1	INTMEM:7b	0x7b	mem[INTMEM:7b]
decompiler	CODE:399f	CODE:3f43	RET	1470	read	INTMEM	1	INTMEM:7b	0x7b	
decompiler	CODE:399f	CODE:3f43	RET	1497	write	INTMEM	1	INTMEM:7d	0x7d	mem[INTMEM:7d]
decompiler	CODE:399f	CODE:3f43	RET	1497	read	INTMEM	1	INTMEM:7d	0x7d	
decompiler	CODE:399f	CODE:3f43	RET	1524	write	INTMEM	1	INTMEM:7e	0x7e	mem[INTMEM:7e]
decompiler	CODE:399f	CODE:3f43	RET	1524	read	INTMEM	1	INTMEM:7e	0x7e	
decompiler	CODE:399f	CODE:3f43	RET	1551	write	INTMEM	1	INTMEM:b2	0xb2	mem[INTMEM:b2]
decompiler	CODE:399f	CODE:3f43	RET	1551	read	INTMEM	1	INTMEM:b2	0xb2	
decompiler	CODE:399f	CODE:3f43	RET	1578	write	INTMEM	1	INTMEM:b4	0xb4	mem[INTMEM:b4]
decompiler	CODE:399f	CODE:3f43	RET	1578	read	INTMEM	1	INTMEM:b4	0xb4	
decompiler	CODE:399f	CODE:3f43	RET	1605	write	BITS	1	BITS:32	0x32	mem[BITS:32]
decompiler	CODE:399f	CODE:3f43	RET	1605	read	BITS	1	BITS:32	0x32	
decompiler	CODE:399f	CODE:3f43	RET	1629	write	BITS	1	BITS:3d	0x3d	mem[BITS:3d]
decompiler	CODE:399f	CODE:3f43	RET	1629	read	BITS	1	BITS:3d	0x3d	
decompiler	CODE:399f	CODE:3f71	RET	1335	write	INTMEM	1	INTMEM:16	0x16	mem[INTMEM:16]
decompiler	CODE:399f	CODE:3f71	RET	1335	read	INTMEM	1	INTMEM:16	0x16	
decompiler	CODE:399f	CODE:3f71	RET	1363	write	INTMEM	1	INTMEM:17	0x17	mem[INTMEM:17]
decompiler	CODE:399f	CODE:3f71	RET	1363	read	INTMEM	1	INTMEM:17	0x17	
decompiler	CODE:399f	CODE:3f71	RET	1390	write	INTMEM	1	INTMEM:38	0x38	mem[INTMEM:38]
decompiler	CODE:399f	CODE:3f71	RET	1390	read	INTMEM	1	INTMEM:38	0x38	
decompiler	CODE:399f	CODE:3f71	RET	1417	write	INTMEM	1	INTMEM:3c	0x3c	mem[INTMEM:3c]
decompiler	CODE:399f	CODE:3f71	RET	1417	read	INTMEM	1	INTMEM:3c	0x3c	
decompiler	CODE:399f	CODE:3f71	RET	1444	write	INTMEM	1	INTMEM:7a	0x7a	mem[INTMEM:7a]
decompiler	CODE:399f	CODE:3f71	RET	1444	read	INTMEM	1	INTMEM:7a	0x7a	
decompiler	CODE:399f	CODE:3f71	RET	1471	write	INTMEM	1	INTMEM:7b	0x7b	mem[INTMEM:7b]
decompiler	CODE:399f	CODE:3f71	RET	1471	read	INTMEM	1	INTMEM:7b	0x7b	
decompiler	CODE:399f	CODE:3f71	RET	1498	write	INTMEM	1	INTMEM:7d	0x7d	mem[INTMEM:7d]
decompiler	CODE:399f	CODE:3f71	RET	1498	read	INTMEM	1	INTMEM:7d	0x7d	
decompiler	CODE:399f	CODE:3f71	RET	1525	write	INTMEM	1	INTMEM:7e	0x7e	mem[INTMEM:7e]
decompiler	CODE:399f	CODE:3f71	RET	1525	read	INTMEM	1	INTMEM:7e	0x7e	
decompiler	CODE:399f	CODE:3f71	RET	1552	write	INTMEM	1	INTMEM:b2	0xb2	mem[INTMEM:b2]
decompiler	CODE:399f	CODE:3f71	RET	1552	read	INTMEM	1	INTMEM:b2	0xb2	
decompiler	CODE:399f	CODE:3f71	RET	1579	write	INTMEM	1	INTMEM:b4	0xb4	mem[INTMEM:b4]
decompiler	CODE:399f	CODE:3f71	RET	1579	read	INTMEM	1	INTMEM:b4	0xb4	
decompiler	CODE:399f	CODE:3f71	RET	1606	write	BITS	1	BITS:32	0x32	mem[BITS:32]
decompiler	CODE:399f	CODE:3f71	RET	1606	read	BITS	1	BITS:32	0x32	
decompiler	CODE:399f	CODE:3f71	RET	1630	write	BITS	1	BITS:3d	0x3d	mem[BITS:3d]
decompiler	CODE:399f	CODE:3f71	RET	1630	read	BITS	1	BITS:3d	0x3d	
decompiler	CODE:3b3c	CODE:3bba	JZ 0x3bbe	255	read	EXTMEM	1	EXTMEM:04a4	0x4a4	
decompiler	CODE:3b3c	CODE:3bc5	JNC 0x3bc9	1093	read	EXTMEM	1	EXTMEM:04aa	0x4aa	
decompiler	CODE:3b3c	CODE:3bc5	JNC 0x3bc9	1097	read	EXTMEM	1	EXTMEM:04ab	0x4ab	
decompiler	CODE:3b3c	CODE:3c04	LCALL 0xadf3	862	write	EXTMEM	1	EXTMEM:04a4	0x4a4	mem[EXTMEM:04a4]
decompiler	CODE:3b3c	CODE:3c04	LCALL 0xadf3	862	read	EXTMEM	1	EXTMEM:04a4	0x4a4	
decompiler	CODE:3b3c	CODE:3c04	LCALL 0xadf3	890	write	EXTMEM	1	EXTMEM:04a8	0x4a8	mem[EXTMEM:04a8]
decompiler	CODE:3b3c	CODE:3c04	LCALL 0xadf3	890	read	EXTMEM	1	EXTMEM:04a8	0x4a8	
decompiler	CODE:3b3c	CODE:3c04	LCALL 0xadf3	918	write	EXTMEM	1	EXTMEM:04a9	0x4a9	mem[EXTMEM:04a9]
decompiler	CODE:3b3c	CODE:3c04	LCALL 0xadf3	918	read	EXTMEM	1	EXTMEM:04a9	0x4a9	
decompiler	CODE:3b3c	CODE:3c04	LCALL 0xadf3	946	write	EXTMEM	1	EXTMEM:04aa	0x4aa	mem[EXTMEM:04aa]
decompiler	CODE:3b3c	CODE:3c04	LCALL 0xadf3	946	read	EXTMEM	1	EXTMEM:04aa	0x4aa	
decompiler	CODE:3b3c	CODE:3c04	LCALL 0xadf3	974	write	EXTMEM	1	EXTMEM:04ab	0x4ab	mem[EXTMEM:04ab]
decompiler	CODE:3b3c	CODE:3c04	LCALL 0xadf3	974	read	EXTMEM	1	EXTMEM:04ab	0x4ab	
decompiler	CODE:3b3c	CODE:3c04	LCALL 0xadf3	1002	write	EXTMEM	1	EXTMEM:04ac	0x4ac	mem[EXTMEM:04ac]
decompiler	CODE:3b3c	CODE:3c04	LCALL 0xadf3	1002	read	EXTMEM	1	EXTMEM:04ac	0x4ac	
decompiler	CODE:3b3c	CODE:3c04	LCALL 0xadf3	1030	write	EXTMEM	1	EXTMEM:04ad	0x4ad	mem[EXTMEM:04ad]
decompiler	CODE:3b3c	CODE:3c04	LCALL 0xadf3	1030	read	EXTMEM	1	EXTMEM:04ad	0x4ad	
decompiler	CODE:3b3c	CODE:3c4e	LCALL 0xadf3	863	write	EXTMEM	1	EXTMEM:04a4	0x4a4	mem[EXTMEM:04a4]
decompiler	CODE:3b3c	CODE:3c4e	LCALL 0xadf3	863	read	EXTMEM	1	EXTMEM:04a4	0x4a4	
decompiler	CODE:3b3c	CODE:3c4e	LCALL 0xadf3	891	write	EXTMEM	1	EXTMEM:04a8	0x4a8	mem[EXTMEM:04a8]
decompiler	CODE:3b3c	CODE:3c4e	LCALL 0xadf3	891	read	EXTMEM	1	EXTMEM:04a8	0x4a8	
decompiler	CODE:3b3c	CODE:3c4e	LCALL 0xadf3	919	write	EXTMEM	1	EXTMEM:04a9	0x4a9	mem[EXTMEM:04a9]
decompiler	CODE:3b3c	CODE:3c4e	LCALL 0xadf3	919	read	EXTMEM	1	EXTMEM:04a9	0x4a9	
decompiler	CODE:3b3c	CODE:3c4e	LCALL 0xadf3	947	write	EXTMEM	1	EXTMEM:04aa	0x4aa	mem[EXTMEM:04aa]
decompiler	CODE:3b3c	CODE:3c4e	LCALL 0xadf3	947	read	EXTMEM	1	EXTMEM:04aa	0x4aa	
decompiler	CODE:3b3c	CODE:3c4e	LCALL 0xadf3	975	write	EXTMEM	1	EXTMEM:04ab	0x4ab	mem[EXTMEM:04ab]
decompiler	CODE:3b3c	CODE:3c4e	LCALL 0xadf3	975	read	EXTMEM	1	EXTMEM:04ab	0x4ab	
decompiler	CODE:3b3c	CODE:3c4e	LCALL 0xadf3	1003	write	EXTMEM	1	EXTMEM:04ac	0x4ac	mem[EXTMEM:04ac]
decompiler	CODE:3b3c	CODE:3c4e	LCALL 0xadf3	1003	read	EXTMEM	1	EXTMEM:04ac	0x4ac	
decompiler	CODE:3b3c	CODE:3c4e	LCALL 0xadf3	1031	write	EXTMEM	1	EXTMEM:04ad	0x4ad	mem[EXTMEM:04ad]
decompiler	CODE:3b3c	CODE:3c4e	LCALL 0xadf3	1031	read	EXTMEM	1	EXTMEM:04ad	0x4ad	
decompiler	CODE:3b3c	CODE:3ca7	LJMP 0x8faa	861	write	EXTMEM	1	EXTMEM:04a4	0x4a4	mem[EXTMEM:04a4]
decompiler	CODE:3b3c	CODE:3ca7	LJMP 0x8faa	861	read	EXTMEM	1	EXTMEM:04a4	0x4a4	
decompiler	CODE:3b3c	CODE:3ca7	LJMP 0x8faa	889	write	EXTMEM	1	EXTMEM:04a8	0x4a8	mem[EXTMEM:04a8]
decompiler	CODE:3b3c	CODE:3ca7	LJMP 0x8faa	889	read	EXTMEM	1	EXTMEM:04a8	0x4a8	
decompiler	CODE:3b3c	CODE:3ca7	LJMP 0x8faa	917	write	EXTMEM	1	EXTMEM:04a9	0x4a9	mem[EXTMEM:04a9]
decompiler	CODE:3b3c	CODE:3ca7	LJMP 0x8faa	917	read	EXTMEM	1	EXTMEM:04a9	0x4a9	
decompiler	CODE:3b3c	CODE:3ca7	LJMP 0x8faa	945	write	EXTMEM	1	EXTMEM:04aa	0x4aa	mem[EXTMEM:04aa]
decompiler	CODE:3b3c	CODE:3ca7	LJMP 0x8faa	945	read	EXTMEM	1	EXTMEM:04aa	0x4aa	
decompiler	CODE:3b3c	CODE:3ca7	LJMP 0x8faa	973	write	EXTMEM	1	EXTMEM:04ab	0x4ab	mem[EXTMEM:04ab]
decompiler	CODE:3b3c	CODE:3ca7	LJMP 0x8faa	973	read	EXTMEM	1	EXTMEM:04ab	0x4ab	
decompiler	CODE:3b3c	CODE:3ca7	LJMP 0x8faa	1001	write	EXTMEM	1	EXTMEM:04ac	0x4ac	mem[EXTMEM:04ac]
decompiler	CODE:3b3c	CODE:3ca7	LJMP 0x8faa	1001	read	EXTMEM	1	EXTMEM:04ac	0x4ac	
decompiler	CODE:3b3c	CODE:3ca7	LJMP 0x8faa	1029	write	EXTMEM	1	EXTMEM:04ad	0x4ad	mem[EXTMEM:04ad]
decompiler	CODE:3b3c	CODE:3ca7	LJMP 0x8faa	1029	read	EXTMEM	1	EXTMEM:04ad	0x4ad	
decompiler	CODE:3caa	CODE:3cb2	MOVX @DPTR,A	8	write	EXTMEM	1	EXTMEM:04a4	0x4a4	0x0
decompiler	CODE:3caa	CODE:3cb5	MOVX @DPTR,A	13	write	EXTMEM	1	EXTMEM:04a5	0x4a5	mem[INTMEM:b2]
decompiler	CODE:3caa	CODE:3cb5	MOVX @DPTR,A	13	read	INTMEM	1	INTMEM:b2	0xb2	
decompiler	CODE:3caa	CODE:3cbc	MOVX @DPTR,A	22	write	EXTMEM	1	EXTMEM:04a6	0x4a6	0x0
decompiler	CODE:3caa	CODE:3cbf	MOVX @DPTR,A	27	write	EXTMEM	1	EXTMEM:04a7	0x4a7	mem[INTMEM:b4]
decompiler	CODE:3caa	CODE:3cbf	MOVX @DPTR,A	27	read	INTMEM	1	INTMEM:b4	0xb4	
decompiler	CODE:3caa	CODE:3ccd	MOVX @DPTR,A	56	write	EXTMEM	1	EXTMEM:04a8	0x4a8	0x0
decompiler	CODE:3caa	CODE:3cda	JNZ 0x3ce0	75	read	EXTMEM	1	EXTMEM:04a4	0x4a4	
decompiler	CODE:3caa	CODE:3cda	JNZ 0x3ce0	1206	read	EXTMEM	1	EXTMEM:04a4	0x4a4	
decompiler	CODE:3caa	CODE:3ced	JNZ 0x3cf1	761	read	EXTMEM	1	EXTMEM:04a7	0x4a7	
decompiler	CODE:3caa	CODE:3ced	JNZ 0x3cf1	762	read	EXTMEM	1	EXTMEM:04a6	0x4a6	
decompiler	CODE:3caa	CODE:3cf5	JNZ 0x3cf9	763	read	EXTMEM	1	EXTMEM:04a7	0x4a7	
decompiler	CODE:3caa	CODE:3cf5	JNZ 0x3cf9	764	read	EXTMEM	1	EXTMEM:04a6	0x4a6	
decompiler	CODE:3caa	CODE:3cfd	JNZ 0x3d01	765	read	EXTMEM	1	EXTMEM:04a7	0x4a7	
decompiler	CODE:3caa	CODE:3cfd	JNZ 0x3d01	766	read	EXTMEM	1	EXTMEM:04a6	0x4a6	
decompiler	CODE:3caa	CODE:3d05	JNZ 0x3d09	767	read	EXTMEM	1	EXTMEM:04a7	0x4a7	
decompiler	CODE:3caa	CODE:3d05	JNZ 0x3d09	768	read	EXTMEM	1	EXTMEM:04a6	0x4a6	
decompiler	CODE:3caa	CODE:3d0d	JNZ 0x3d11	769	read	EXTMEM	1	EXTMEM:04a7	0x4a7	
decompiler	CODE:3caa	CODE:3d0d	JNZ 0x3d11	770	read	EXTMEM	1	EXTMEM:04a6	0x4a6	
decompiler	CODE:3caa	CODE:3d22	JNZ 0x3d28	157	read	EXTMEM	1	EXTMEM:04a4	0x4a4	
decompiler	CODE:3caa	CODE:3d22	JNZ 0x3d28	1205	read	EXTMEM	1	EXTMEM:04a4	0x4a4	
decompiler	CODE:3caa	CODE:3d2d	LJMP 0x52ef	794	write	INTMEM	1	INTMEM:b2	0xb2	mem[INTMEM:b2]
decompiler	CODE:3caa	CODE:3d2d	LJMP 0x52ef	794	read	INTMEM	1	INTMEM:b2	0xb2	
decompiler	CODE:3caa	CODE:3d2d	LJMP 0x52ef	822	write	INTMEM	1	INTMEM:b3	0xb3	mem[INTMEM:b3]
decompiler	CODE:3caa	CODE:3d2d	LJMP 0x52ef	822	read	INTMEM	1	INTMEM:b3	0xb3	
decompiler	CODE:3caa	CODE:3d2d	LJMP 0x52ef	850	write	INTMEM	1	INTMEM:b4	0xb4	mem[INTMEM:b4]
decompiler	CODE:3caa	CODE:3d2d	LJMP 0x52ef	850	read	INTMEM	1	INTMEM:b4	0xb4	
decompiler	CODE:3caa	CODE:3d2d	LJMP 0x52ef	878	write	EXTMEM	1	EXTMEM:04a4	0x4a4	mem[EXTMEM:04a4]
decompiler	CODE:3caa	CODE:3d2d	LJMP 0x52ef	878	read	EXTMEM	1	EXTMEM:04a4	0x4a4	
decompiler	CODE:3caa	CODE:3d2d	LJMP 0x52ef	906	write	EXTMEM	1	EXTMEM:04a5	0x4a5	mem[EXTMEM:04a5]
decompiler	CODE:3caa	CODE:3d2d	LJMP 0x52ef	906	read	EXTMEM	1	EXTMEM:04a5	0x4a5	
decompiler	CODE:3caa	CODE:3d2d	LJMP 0x52ef	934	write	EXTMEM	1	EXTMEM:04a6	0x4a6	mem[EXTMEM:04a6]
decompiler	CODE:3caa	CODE:3d2d	LJMP 0x52ef	934	read	EXTMEM	1	EXTMEM:04a6	0x4a6	
decompiler	CODE:3caa	CODE:3d2d	LJMP 0x52ef	962	write	EXTMEM	1	EXTMEM:04a7	0x4a7	mem[EXTMEM:04a7]
decompiler	CODE:3caa	CODE:3d2d	LJMP 0x52ef	962	read	EXTMEM	1	EXTMEM:04a7	0x4a7	
decompiler	CODE:3caa	CODE:3d2d	LJMP 0x52ef	990	write	EXTMEM	1	EXTMEM:04a8	0x4a8	mem[EXTMEM:04a8]
decompiler	CODE:3caa	CODE:3d2d	LJMP 0x52ef	990	read	EXTMEM	1	EXTMEM:04a8	0x4a8	
decompiler	CODE:3caa	CODE:3d2d	LJMP 0x52ef	1018	write	EXTMEM	1	EXTMEM:04a9	0x4a9	mem[EXTMEM:04a9]
decompiler	CODE:3caa	CODE:3d2d	LJMP 0x52ef	1018	read	EXTMEM	1	EXTMEM:04a9	0x4a9	
decompiler	CODE:3caa	CODE:3d2d	LJMP 0x52ef	1046	write	EXTMEM	1	EXTMEM:04d6	0x4d6	mem[EXTMEM:04d6]
decompiler	CODE:3caa	CODE:3d2d	LJMP 0x52ef	1046	read	EXTMEM	1	EXTMEM:04d6	0x4d6	
decompiler	CODE:3caa	CODE:3d2d	LJMP 0x52ef	1074	write	EXTMEM	1	EXTMEM:04d7	0x4d7	mem[EXTMEM:04d7]
decompiler	CODE:3caa	CODE:3d2d	LJMP 0x52ef	1074	read	EXTMEM	1	EXTMEM:04d7	0x4d7	
decompiler	CODE:3caa	CODE:3d34	JNZ 0x3d3a	180	read	EXTMEM	1	EXTMEM:04a4	0x4a4	
decompiler	CODE:3caa	CODE:3d34	JNZ 0x3d3a	1204	read	EXTMEM	1	EXTMEM:04a4	0x4a4	
decompiler	CODE:3caa	CODE:3d3f	LJMP 0x4800	795	write	INTMEM	1	INTMEM:b2	0xb2	mem[INTMEM:b2]
decompiler	CODE:3caa	CODE:3d3f	LJMP 0x4800	795	read	INTMEM	1	INTMEM:b2	0xb2	
decompiler	CODE:3caa	CODE:3d3f	LJMP 0x4800	823	write	INTMEM	1	INTMEM:b3	0xb3	mem[INTMEM:b3]
decompiler	CODE:3caa	CODE:3d3f	LJMP 0x4800	823	read	INTMEM	1	INTMEM:b3	0xb3	
decompiler	CODE:3caa	CODE:3d3f	LJMP 0x4800	851	write	INTMEM	1	INTMEM:b4	0xb4	mem[INTMEM:b4]
decompiler	CODE:3caa	CODE:3d3f	LJMP 0x4800	851	read	INTMEM	1	INTMEM:b4	0xb4	
decompiler	CODE:3caa	CODE:3d3f	LJMP 0x4800	879	write	EXTMEM	1	EXTMEM:04a4	0x4a4	mem[EXTMEM:04a4]
decompiler	CODE:3caa	CODE:3d3f	LJMP 0x4800	879	read	EXTMEM	1	EXTMEM:04a4	0x4a4	
decompiler	CODE:3caa	CODE:3d3f	LJMP 0x4800	907	write	EXTMEM	1	EXTMEM:04a5	0x4a5	mem[EXTMEM:04a5]
decompiler	CODE:3caa	CODE:3d3f	LJMP 0x4800	907	read	EXTMEM	1	EXTMEM:04a5	0x4a5	
decompiler	CODE:3caa	CODE:3d3f	LJMP 0x4800	935	write	EXTMEM	1	EXTMEM:04a6	0x4a6	mem[EXTMEM:04a6]
decompiler	CODE:3caa	CODE:3d3f	LJMP 0x4800	935	read	EXTMEM	1	EXTMEM:04a6	0x4a6	
decompiler	CODE:3caa	CODE:3d3f	LJMP 0x4800	963	write	EXTMEM	1	EXTMEM:04a7	0x4a7	mem[EXTMEM:04a7]
decompiler	CODE:3caa	CODE:3d3f	LJMP 0x4800	963	read	EXTMEM	1	EXTMEM:04a7	0x4a7	
decompiler	CODE:3caa	CODE:3d3f	LJMP 0x4800	991	write	EXTMEM	1	EXTMEM:04a8	0x4a8	mem[EXTMEM:04a8]
decompiler	CODE:3caa	CODE:3d3f	LJMP 0x4800	991	read	EXTMEM	1	EXTMEM:04a8	0x4a8	
decompiler	CODE:3caa	CODE:3d3f	LJMP 0x4800	1019	write	EXTMEM	1	EXTMEM:04a9	0x4a9	mem[EXTMEM:04a9]
decompiler	CODE:3caa	CODE:3d3f	LJMP 0x4800	1019	read	EXTMEM	1	EXTMEM:04a9	0x4a9	
decompiler	CODE:3caa	CODE:3d3f	LJMP 0x4800	1047	write	EXTMEM	1	EXTMEM:04d6	0x4d6	mem[EXTMEM:04d6]
decompiler	CODE:3caa	CODE:3d3f	LJMP 0x4800	1047	read	EXTMEM	1	EXTMEM:04d6	0x4d6	
decompiler	CODE:3caa	CODE:3d3f	LJMP 0x4800	1075	write	EXTMEM	1	EXTMEM:04d7	0x4d7	mem[EXTMEM:04d7]
decompiler	CODE:3caa	CODE:3d3f	LJMP 0x4800	1075	read	EXTMEM	1	EXTMEM:04d7	0x4d7	
decompiler	CODE:3caa	CODE:3d46	JNZ 0x3d4c	203	read	EXTMEM	1	EXTMEM:04a4	0x4a4	
decompiler	CODE:3caa	CODE:3d46	JNZ 0x3d4c	1203	read	EXTMEM	1	EXTMEM:04a4	0x4a4	
decompiler	CODE:3caa	CODE:3d51	LJMP 0x653b	796	write	INTMEM	1	INTMEM:b2	0xb2	mem[INTMEM:b2]
decompiler	CODE:3caa	CODE:3d51	LJMP 0x653b	796	read	INTMEM	1	INTMEM:b2	0xb2	
decompiler	CODE:3caa	CODE:3d51	LJMP 0x653b	824	write	INTMEM	1	INTMEM:b3	0xb3	mem[INTMEM:b3]
decompiler	CODE:3caa	CODE:3d51	LJMP 0x653b	824	read	INTMEM	1	INTMEM:b3	0xb3	
decompiler	CODE:3caa	CODE:3d51	LJMP 0x653b	852	write	INTMEM	1	INTMEM:b4	0xb4	mem[INTMEM:b4]
decompiler	CODE:3caa	CODE:3d51	LJMP 0x653b	852	read	INTMEM	1	INTMEM:b4	0xb4	
decompiler	CODE:3caa	CODE:3d51	LJMP 0x653b	880	write	EXTMEM	1	EXTMEM:04a4	0x4a4	mem[EXTMEM:04a4]
decompiler	CODE:3caa	CODE:3d51	LJMP 0x653b	880	read	EXTMEM	1	EXTMEM:04a4	0x4a4	
decompiler	CODE:3caa	CODE:3d51	LJMP 0x653b	908	write	EXTMEM	1	EXTMEM:04a5	0x4a5	mem[EXTMEM:04a5]
decompiler	CODE:3caa	CODE:3d51	LJMP 0x653b	908	read	EXTMEM	1	EXTMEM:04a5	0x4a5	
decompiler	CODE:3caa	CODE:3d51	LJMP 0x653b	936	write	EXTMEM	1	EXTMEM:04a6	0x4a6	mem[EXTMEM:04a6]
decompiler	CODE:3caa	CODE:3d51	LJMP 0x653b	936	read	EXTMEM	1	EXTMEM:04a6	0x4a6	
decompiler	CODE:3caa	CODE:3d51	LJMP 0x653b	964	write	EXTMEM	1	EXTMEM:04a7	0x4a7	mem[EXTMEM:04a7]
decompiler	CODE:3caa	CODE:3d51	LJMP 0x653b	964	read	EXTMEM	1	EXTMEM:04a7	0x4a7	
decompiler	CODE:3caa	CODE:3d51	LJMP 0x653b	992	write	EXTMEM	1	EXTMEM:04a8	0x4a8	mem[EXTMEM:04a8]
decompiler	CODE:3caa	CODE:3d51	LJMP 0x653b	992	read	EXTMEM	1	EXTMEM:04a8	0x4a8	
decompiler	CODE:3caa	CODE:3d51	LJMP 0x653b	1020	write	EXTMEM	1	EXTMEM:04a9	0x4a9	mem[EXTMEM:04a9]
decompiler	CODE:3caa	CODE:3d51	LJMP 0x653b	1020	read	EXTMEM	1	EXTMEM:04a9	0x4a9	
decompiler	CODE:3caa	CODE:3d51	LJMP 0x653b	1048	write	EXTMEM	1	EXTMEM:04d6	0x4d6	mem[EXTMEM:04d6]
decompiler	CODE:3caa	CODE:3d51	LJMP 0x653b	1048	read	EXTMEM	1	EXTMEM:04d6	0x4d6	
decompiler	CODE:3caa	CODE:3d51	LJMP 0x653b	1076	write	EXTMEM	1	EXTMEM:04d7	0x4d7	mem[EXTMEM:04d7]
decompiler	CODE:3caa	CODE:3d51	LJMP 0x653b	1076	read	EXTMEM	1	EXTMEM:04d7	0x4d7	
decompiler	CODE:3caa	CODE:3d58	JNZ 0x3d5e	226	read	EXTMEM	1	EXTMEM:04a4	0x4a4	
decompiler	CODE:3caa	CODE:3d58	JNZ 0x3d5e	1202	read	EXTMEM	1	EXTMEM:04a4	0x4a4	
decompiler	CODE:3caa	CODE:3d63	LJMP 0x6162	797	write	INTMEM	1	INTMEM:b2	0xb2	mem[INTMEM:b2]
decompiler	CODE:3caa	CODE:3d63	LJMP 0x6162	797	read	INTMEM	1	INTMEM:b2	0xb2	
decompiler	CODE:3caa	CODE:3d63	LJMP 0x6162	825	write	INTMEM	1	INTMEM:b3	0xb3	mem[INTMEM:b3]
decompiler	CODE:3caa	CODE:3d63	LJMP 0x6162	825	read	INTMEM	1	INTMEM:b3	0xb3	
decompiler	CODE:3caa	CODE:3d63	LJMP 0x6162	853	write	INTMEM	1	INTMEM:b4	0xb4	mem[INTMEM:b4]
decompiler	CODE:3caa	CODE:3d63	LJMP 0x6162	853	read	INTMEM	1	INTMEM:b4	0xb4	
decompiler	CODE:3caa	CODE:3d63	LJMP 0x6162	881	write	EXTMEM	1	EXTMEM:04a4	0x4a4	mem[EXTMEM:04a4]
decompiler	CODE:3caa	CODE:3d63	LJMP 0x6162	881	read	EXTMEM	1	EXTMEM:04a4	0x4a4	
decompiler	CODE:3caa	CODE:3d63	LJMP 0x6162	909	write	EXTMEM	1	EXTMEM:04a5	0x4a5	mem[EXTMEM:04a5]
decompiler	CODE:3caa	CODE:3d63	LJMP 0x6162	909	read	EXTMEM	1	EXTMEM:04a5	0x4a5	
decompiler	CODE:3caa	CODE:3d63	LJMP 0x6162	937	write	EXTMEM	1	EXTMEM:04a6	0x4a6	mem[EXTMEM:04a6]
decompiler	CODE:3caa	CODE:3d63	LJMP 0x6162	937	read	EXTMEM	1	EXTMEM:04a6	0x4a6	
decompiler	CODE:3caa	CODE:3d63	LJMP 0x6162	965	write	EXTMEM	1	EXTMEM:04a7	0x4a7	mem[EXTMEM:04a7]
decompiler	CODE:3caa	CODE:3d63	LJMP 0x6162	965	read	EXTMEM	1	EXTMEM:04a7	0x4a7	
decompiler	CODE:3caa	CODE:3d63	LJMP 0x6162	993	write	EXTMEM	1	EXTMEM:04a8	0x4a8	mem[EXTMEM:04a8]
decompiler	CODE:3caa	CODE:3d63	LJMP 0x6162	993	read	EXTMEM	1	EXTMEM:04a8	0x4a8	
decompiler	CODE:3caa	CODE:3d63	LJMP 0x6162	1021	write	EXTMEM	1	EXTMEM:04a9	0x4a9	mem[EXTMEM:04a9]
decompiler	CODE:3caa	CODE:3d63	LJMP 0x6162	1021	read	EXTMEM	1	EXTMEM:04a9	0x4a9	
decompiler	CODE:3caa	CODE:3d63	LJMP 0x6162	1049	write	EXTMEM	1	EXTMEM:04d6	0x4d6	mem[EXTMEM:04d6]
decompiler	CODE:3caa	CODE:3d63	LJMP 0x6162	1049	read	EXTMEM	1	EXTMEM:04d6	0x4d6	
decompiler	CODE:3caa	CODE:3d63	LJMP 0x6162	1077	write	EXTMEM	1	EXTMEM:04d7	0x4d7	mem[EXTMEM:04d7]
decompiler	CODE:3caa	CODE:3d63	LJMP 0x6162	1077	read	EXTMEM	1	EXTMEM:04d7	0x4d7	
decompiler	CODE:3caa	CODE:3d6a	JNZ 0x3d70	249	read	EXTMEM	1	EXTMEM:04a4	0x4a4	
decompiler	CODE:3caa	CODE:3d6a	JNZ 0x3d70	1201	read	EXTMEM	1	EXTMEM:04a4	0x4a4	
decompiler	CODE:3caa	CODE:3d76	JNZ 0x3d7c	262	read	EXTMEM	1	EXTMEM:04a6	0x4a6	
decompiler	CODE:3caa	CODE:3d76	JNZ 0x3d7c	1200	read	EXTMEM	1	EXTMEM:04a6	0x4a6	
decompiler	CODE:3caa	CODE:3d96	JNZ 0x3d9c	299	read	EXTMEM	1	EXTMEM:04a4	0x4a4	
decompiler	CODE:3caa	CODE:3d96	JNZ 0x3d9c	1199	read	EXTMEM	1	EXTMEM:04a4	0x4a4	
decompiler	CODE:3caa	CODE:3da1	LJMP 0x4e91	798	write	INTMEM	1	INTMEM:b2	0xb2	mem[INTMEM:b2]
decompiler	CODE:3caa	CODE:3da1	LJMP 0x4e91	798	read	INTMEM	1	INTMEM:b2	0xb2	
decompiler	CODE:3caa	CODE:3da1	LJMP 0x4e91	826	write	INTMEM	1	INTMEM:b3	0xb3	mem[INTMEM:b3]
decompiler	CODE:3caa	CODE:3da1	LJMP 0x4e91	826	read	INTMEM	1	INTMEM:b3	0xb3	
decompiler	CODE:3caa	CODE:3da1	LJMP 0x4e91	854	write	INTMEM	1	INTMEM:b4	0xb4	mem[INTMEM:b4]
decompiler	CODE:3caa	CODE:3da1	LJMP 0x4e91	854	read	INTMEM	1	INTMEM:b4	0xb4	
decompiler	CODE:3caa	CODE:3da1	LJMP 0x4e91	882	write	EXTMEM	1	EXTMEM:04a4	0x4a4	mem[EXTMEM:04a4]
decompiler	CODE:3caa	CODE:3da1	LJMP 0x4e91	882	read	EXTMEM	1	EXTMEM:04a4	0x4a4	
decompiler	CODE:3caa	CODE:3da1	LJMP 0x4e91	910	write	EXTMEM	1	EXTMEM:04a5	0x4a5	mem[EXTMEM:04a5]
decompiler	CODE:3caa	CODE:3da1	LJMP 0x4e91	910	read	EXTMEM	1	EXTMEM:04a5	0x4a5	
decompiler	CODE:3caa	CODE:3da1	LJMP 0x4e91	938	write	EXTMEM	1	EXTMEM:04a6	0x4a6	mem[EXTMEM:04a6]
decompiler	CODE:3caa	CODE:3da1	LJMP 0x4e91	938	read	EXTMEM	1	EXTMEM:04a6	0x4a6	
decompiler	CODE:3caa	CODE:3da1	LJMP 0x4e91	966	write	EXTMEM	1	EXTMEM:04a7	0x4a7	mem[EXTMEM:04a7]
decompiler	CODE:3caa	CODE:3da1	LJMP 0x4e91	966	read	EXTMEM	1	EXTMEM:04a7	0x4a7	
decompiler	CODE:3caa	CODE:3da1	LJMP 0x4e91	994	write	EXTMEM	1	EXTMEM:04a8	0x4a8	mem[EXTMEM:04a8]
decompiler	CODE:3caa	CODE:3da1	LJMP 0x4e91	994	read	EXTMEM	1	EXTMEM:04a8	0x4a8	
decompiler	CODE:3caa	CODE:3da1	LJMP 0x4e91	1022	write	EXTMEM	1	EXTMEM:04a9	0x4a9	mem[EXTMEM:04a9]
decompiler	CODE:3caa	CODE:3da1	LJMP 0x4e91	1022	read	EXTMEM	1	EXTMEM:04a9	0x4a9	
decompiler	CODE:3caa	CODE:3da1	LJMP 0x4e91	1050	write	EXTMEM	1	EXTMEM:04d6	0x4d6	mem[EXTMEM:04d6]
decompiler	CODE:3caa	CODE:3da1	LJMP 0x4e91	1050	read	EXTMEM	1	EXTMEM:04d6	0x4d6	
decompiler	CODE:3caa	CODE:3da1	LJMP 0x4e91	1078	write	EXTMEM	1	EXTMEM:04d7	0x4d7	mem[EXTMEM:04d7]
decompiler	CODE:3caa	CODE:3da1	LJMP 0x4e91	1078	read	EXTMEM	1	EXTMEM:04d7	0x4d7	
decompiler	CODE:3caa	CODE:3da8	JNZ 0x3dae	322	read	EXTMEM	1	EXTMEM:04a4	0x4a4	
decompiler	CODE:3caa	CODE:3da8	JNZ 0x3dae	1198	read	EXTMEM	1	EXTMEM:04a4	0x4a4	
decompiler	CODE:3caa	CODE:3dc8	JNZ 0x3dce	357	read	EXTMEM	1	EXTMEM:04a4	0x4a4	
decompiler	CODE:3caa	CODE:3dc8	JNZ 0x3dce	1197	read	EXTMEM	1	EXTMEM:04a4	0x4a4	
decompiler	CODE:3caa	CODE:3dd4	JNZ 0x3dda	370	read	EXTMEM	1	EXTMEM:04a6	0x4a6	
decompiler	CODE:3caa	CODE:3dd4	JNZ 0x3dda	1196	read	EXTMEM	1	EXTMEM:04a6	0x4a6	
decompiler	CODE:3caa	CODE:3dfb	JZ 0x3e14	771	read	EXTMEM	1	EXTMEM:04a5	0x4a5	
decompiler	CODE:3caa	CODE:3dfb	JZ 0x3e14	772	read	EXTMEM	1	EXTMEM:04a4	0x4a4	
decompiler	CODE:3caa	CODE:3e07	MOVX @DPTR,A	416	write	EXTMEM	1	EXTMEM:04d6	0x4d6	mem[EXTMEM:04a4]
decompiler	CODE:3caa	CODE:3e07	MOVX @DPTR,A	416	read	EXTMEM	1	EXTMEM:04a4	0x4a4	
decompiler	CODE:3caa	CODE:3e0a	MOVX @DPTR,A	421	write	EXTMEM	1	EXTMEM:04d7	0x4d7	mem[EXTMEM:04a5]
decompiler	CODE:3caa	CODE:3e0a	MOVX @DPTR,A	421	read	EXTMEM	1	EXTMEM:04a5	0x4a5	
decompiler	CODE:3caa	CODE:3e14	RET	793	write	INTMEM	1	INTMEM:b2	0xb2	mem[INTMEM:b2]
decompiler	CODE:3caa	CODE:3e14	RET	793	read	INTMEM	1	INTMEM:b2	0xb2	
decompiler	CODE:3caa	CODE:3e14	RET	821	write	INTMEM	1	INTMEM:b3	0xb3	mem[INTMEM:b3]
decompiler	CODE:3caa	CODE:3e14	RET	821	read	INTMEM	1	INTMEM:b3	0xb3	
decompiler	CODE:3caa	CODE:3e14	RET	849	write	INTMEM	1	INTMEM:b4	0xb4	mem[INTMEM:b4]
decompiler	CODE:3caa	CODE:3e14	RET	849	read	INTMEM	1	INTMEM:b4	0xb4	
decompiler	CODE:3caa	CODE:3e14	RET	877	write	EXTMEM	1	EXTMEM:04a4	0x4a4	mem[EXTMEM:04a4]
decompiler	CODE:3caa	CODE:3e14	RET	877	read	EXTMEM	1	EXTMEM:04a4	0x4a4	
decompiler	CODE:3caa	CODE:3e14	RET	905	write	EXTMEM	1	EXTMEM:04a5	0x4a5	mem[EXTMEM:04a5]
decompiler	CODE:3caa	CODE:3e14	RET	905	read	EXTMEM	1	EXTMEM:04a5	0x4a5	
decompiler	CODE:3caa	CODE:3e14	RET	933	write	EXTMEM	1	EXTMEM:04a6	0x4a6	mem[EXTMEM:04a6]
decompiler	CODE:3caa	CODE:3e14	RET	933	read	EXTMEM	1	EXTMEM:04a6	0x4a6	
decompiler	CODE:3caa	CODE:3e14	RET	961	write	EXTMEM	1	EXTMEM:04a7	0x4a7	mem[EXTMEM:04a7]
decompiler	CODE:3caa	CODE:3e14	RET	961	read	EXTMEM	1	EXTMEM:04a7	0x4a7	
decompiler	CODE:3caa	CODE:3e14	RET	989	write	EXTMEM	1	EXTMEM:04a8	0x4a8	mem[EXTMEM:04a8]
decompiler	CODE:3caa	CODE:3e14	RET	989	read	EXTMEM	1	EXTMEM:04a8	0x4a8	
decompiler	CODE:3caa	CODE:3e14	RET	1017	write	EXTMEM	1	EXTMEM:04a9	0x4a9	mem[EXTMEM:04a9]
decompiler	CODE:3caa	CODE:3e14	RET	1017	read	EXTMEM	1	EXTMEM:04a9	0x4a9	
decompiler	CODE:3caa	CODE:3e14	RET	1045	write	EXTMEM	1	EXTMEM:04d6	0x4d6	mem[EXTMEM:04d6]
decompiler	CODE:3caa	CODE:3e14	RET	1045	read	EXTMEM	1	EXTMEM:04d6	0x4d6	
decompiler	CODE:3caa	CODE:3e14	RET	1073	write	EXTMEM	1	EXTMEM:04d7	0x4d7	mem[EXTMEM:04d7]
decompiler	CODE:3caa	CODE:3e14	RET	1073	read	EXTMEM	1	EXTMEM:04d7	0x4d7	
decompiler	CODE:3caa	CODE:3e14	RET	1184	write	INTMEM	1	INTMEM:b2	0xb2	mem[INTMEM:b2]
decompiler	CODE:3caa	CODE:3e14	RET	1184	read	INTMEM	1	INTMEM:b2	0xb2	
decompiler	CODE:3caa	CODE:3e14	RET	1185	write	INTMEM	1	INTMEM:b3	0xb3	mem[INTMEM:b3]
decompiler	CODE:3caa	CODE:3e14	RET	1185	read	INTMEM	1	INTMEM:b3	0xb3	
decompiler	CODE:3caa	CODE:3e14	RET	1186	write	INTMEM	1	INTMEM:b4	0xb4	mem[INTMEM:b4]
decompiler	CODE:3caa	CODE:3e14	RET	1186	read	INTMEM	1	INTMEM:b4	0xb4	
decompiler	CODE:3caa	CODE:3e14	RET	1187	write	EXTMEM	1	EXTMEM:04a4	0x4a4	mem[EXTMEM:04a4]
decompiler	CODE:3caa	CODE:3e14	RET	1187	read	EXTMEM	1	EXTMEM:04a4	0x4a4	
decompiler	CODE:3caa	CODE:3e14	RET	1188	write	EXTMEM	1	EXTMEM:04a5	0x4a5	mem[EXTMEM:04a5]
decompiler	CODE:3caa	CODE:3e14	RET	1188	read	EXTMEM	1	EXTMEM:04a5	0x4a5	
decompiler	CODE:3caa	CODE:3e14	RET	1189	write	EXTMEM	1	EXTMEM:04a6	0x4a6	mem[EXTMEM:04a6]
decompiler	CODE:3caa	CODE:3e14	RET	1189	read	EXTMEM	1	EXTMEM:04a6	0x4a6	
decompiler	CODE:3caa	CODE:3e14	RET	1190	write	EXTMEM	1	EXTMEM:04a7	0x4a7	mem[EXTMEM:04a7]
decompiler	CODE:3caa	CODE:3e14	RET	1190	read	EXTMEM	1	EXTMEM:04a7	0x4a7	
decompiler	CODE:3caa	CODE:3e14	RET	1191	write	EXTMEM	1	EXTMEM:04a8	0x4a8	mem[EXTMEM:04a8]
decompiler	CODE:3caa	CODE:3e14	RET	1191	read	EXTMEM	1	EXTMEM:04a8	0x4a8	
decompiler	CODE:3caa	CODE:3e14	RET	1192	write	EXTMEM	1	EXTMEM:04a9	0x4a9	mem[EXTMEM:04a9]
decompiler	CODE:3caa	CODE:3e14	RET	1192	read	EXTMEM	1	EXTMEM:04a9	0x4a9	
decompiler	CODE:3caa	CODE:3e14	RET	1193	write	EXTMEM	1	EXTMEM:04d6	0x4d6	mem[EXTMEM:04d6]
decompiler	CODE:3caa	CODE:3e14	RET	1193	read	EXTMEM	1	EXTMEM:04d6	0x4d6	
decompiler	CODE:3caa	CODE:3e14	RET	1194	write	EXTMEM	1	EXTMEM:04d7	0x4d7	mem[EXTMEM:04d7]
decompiler	CODE:3caa	CODE:3e14	RET	1194	read	EXTMEM	1	EXTMEM:04d7	0x4d7	
decompiler	CODE:3e15	CODE:393e	MOV R5,0xf3	688	read	SFR	1	SFR:f3	0xf3	
decompiler	CODE:3e15	CODE:394f	MOVX A,@DPTR	563	read	EXTMEM	1	CAST(PIECE(INT_SUB(mem[EXTMEM:0754],INT_SRIGHT(INT_LEFT(INT_LESS(0xf9,mem[EXTMEM:0755]),0x7),0x7)),INT_ADD(mem[EXTMEM:0755],0x6)))		
decompiler	CODE:3e15	CODE:3952	MOVX A,@DPTR	568	read	EXTMEM	1	PTRADD(CAST(PIECE(INT_SUB(mem[EXTMEM:0754],INT_SRIGHT(INT_LEFT(INT_LESS(0xf9,mem[EXTMEM:0755]),0x7),0x7)),INT_ADD(mem[EXTMEM:0755],0x6))),0x1,0x1)		
decompiler	CODE:3e15	CODE:3970	LCALL 0x622b	1147	read	EXTMEM	1	EXTMEM:04b5	0x4b5	
decompiler	CODE:3e15	CODE:399e	RET	907	write	INTMEM	1	INTMEM:08	0x8	mem[INTMEM:08]
decompiler	CODE:3e15	CODE:399e	RET	907	read	INTMEM	1	INTMEM:08	0x8	
decompiler	CODE:3e15	CODE:399e	RET	931	write	INTMEM	1	INTMEM:09	0x9	mem[INTMEM:09]
decompiler	CODE:3e15	CODE:399e	RET	931	read	INTMEM	1	INTMEM:09	0x9	
decompiler	CODE:3e15	CODE:399e	RET	955	write	INTMEM	1	INTMEM:0a	0xa	mem[INTMEM:0a]
decompiler	CODE:3e15	CODE:399e	RET	955	read	INTMEM	1	INTMEM:0a	0xa	
decompiler	CODE:3e15	CODE:399e	RET	979	write	INTMEM	1	INTMEM:b2	0xb2	mem[INTMEM:b2]
decompiler	CODE:3e15	CODE:399e	RET	979	read	INTMEM	1	INTMEM:b2	0xb2	
decompiler	CODE:3e15	CODE:399e	RET	1003	write	INTMEM	1	INTMEM:b4	0xb4	mem[INTMEM:b4]
decompiler	CODE:3e15	CODE:399e	RET	1003	read	INTMEM	1	INTMEM:b4	0xb4	
decompiler	CODE:3e15	CODE:399e	RET	1027	write	EXTMEM	1	EXTMEM:04b4	0x4b4	mem[EXTMEM:04b4]
decompiler	CODE:3e15	CODE:399e	RET	1027	read	EXTMEM	1	EXTMEM:04b4	0x4b4	
decompiler	CODE:3e15	CODE:399e	RET	1048	write	EXTMEM	1	EXTMEM:04b5	0x4b5	mem[EXTMEM:04b5]
decompiler	CODE:3e15	CODE:399e	RET	1048	read	EXTMEM	1	EXTMEM:04b5	0x4b5	
decompiler	CODE:3e15	CODE:399e	RET	1069	write	EXTMEM	1	EXTMEM:0754	0x754	mem[EXTMEM:0754]
decompiler	CODE:3e15	CODE:399e	RET	1069	read	EXTMEM	1	EXTMEM:0754	0x754	
decompiler	CODE:3e15	CODE:399e	RET	1090	write	EXTMEM	1	EXTMEM:0755	0x755	mem[EXTMEM:0755]
decompiler	CODE:3e15	CODE:399e	RET	1090	read	EXTMEM	1	EXTMEM:0755	0x755	
decompiler	CODE:3e15	CODE:399e	RET	1111	write	BITS	1	BITS:3e	0x3e	mem[BITS:3e]
decompiler	CODE:3e15	CODE:399e	RET	1111	read	BITS	1	BITS:3e	0x3e	
decompiler	CODE:3e15	CODE:3e14	RET	906	write	INTMEM	1	INTMEM:08	0x8	mem[INTMEM:08]
decompiler	CODE:3e15	CODE:3e14	RET	906	read	INTMEM	1	INTMEM:08	0x8	
decompiler	CODE:3e15	CODE:3e14	RET	930	write	INTMEM	1	INTMEM:09	0x9	mem[INTMEM:09]
decompiler	CODE:3e15	CODE:3e14	RET	930	read	INTMEM	1	INTMEM:09	0x9	
decompiler	CODE:3e15	CODE:3e14	RET	954	write	INTMEM	1	INTMEM:0a	0xa	mem[INTMEM:0a]
decompiler	CODE:3e15	CODE:3e14	RET	954	read	INTMEM	1	INTMEM:0a	0xa	
decompiler	CODE:3e15	CODE:3e14	RET	978	write	INTMEM	1	INTMEM:b2	0xb2	mem[INTMEM:b2]
decompiler	CODE:3e15	CODE:3e14	RET	978	read	INTMEM	1	INTMEM:b2	0xb2	
decompiler	CODE:3e15	CODE:3e14	RET	1002	write	INTMEM	1	INTMEM:b4	0xb4	mem[INTMEM:b4]
decompiler	CODE:3e15	CODE:3e14	RET	1002	read	INTMEM	1	INTMEM:b4	0xb4	
decompiler	CODE:3e15	CODE:3e14	RET	1026	write	EXTMEM	1	EXTMEM:04b4	0x4b4	mem[EXTMEM:04b4]
decompiler	CODE:3e15	CODE:3e14	RET	1026	read	EXTMEM	1	EXTMEM:04b4	0x4b4	
decompiler	CODE:3e15	CODE:3e14	RET	1047	write	EXTMEM	1	EXTMEM:04b5	0x4b5	mem[EXTMEM:04b5]
decompiler	CODE:3e15	CODE:3e14	RET	1047	read	EXTMEM	1	EXTMEM:04b5	0x4b5	
decompiler	CODE:3e15	CODE:3e14	RET	1068	write	EXTMEM	1	EXTMEM:0754	0x754	mem[EXTMEM:0754]
decompiler	CODE:3e15	CODE:3e14	RET	1068	read	EXTMEM	1	EXTMEM:0754	0x754	
decompiler	CODE:3e15	CODE:3e14	RET	1089	write	EXTMEM	1	EXTMEM:0755	0x755	mem[EXTMEM:0755]
decompiler	CODE:3e15	CODE:3e14	RET	1089	read	EXTMEM	1	EXTMEM:0755	0x755	
decompiler	CODE:3e15	CODE:3e14	RET	1110	write	BITS	1	BITS:3e	0x3e	mem[BITS:3e]
decompiler	CODE:3e15	CODE:3e14	RET	1110	read	BITS	1	BITS:3e	0x3e	
decompiler	CODE:3e15	CODE:3e1a	JNZ 0x3e1e	16	read	INTMEM	1	INTMEM:b2	0xb2	
decompiler	CODE:3e15	CODE:3e20	JNZ 0x3e24	122	read	INTMEM	1	INTMEM:b2	0xb2	
decompiler	CODE:3e15	CODE:3e26	JZ 0x3e2a	244	read	INTMEM	1	INTMEM:b2	0xb2	
decompiler	CODE:3e15	CODE:3f37	JZ 0x3f44	35	read	INTMEM	1	INTMEM:b4	0xb4	
decompiler	CODE:3e15	CODE:3f3b	JZ 0x3f47	50	read	INTMEM	1	INTMEM:b4	0xb4	
decompiler	CODE:3e15	CODE:3f3f	JNZ 0x3f6f	65	read	INTMEM	1	INTMEM:b4	0xb4	
decompiler	CODE:3e15	CODE:3f43	RET	900	write	INTMEM	1	INTMEM:08	0x8	mem[INTMEM:08]
decompiler	CODE:3e15	CODE:3f43	RET	900	read	INTMEM	1	INTMEM:08	0x8	
decompiler	CODE:3e15	CODE:3f43	RET	924	write	INTMEM	1	INTMEM:09	0x9	mem[INTMEM:09]
decompiler	CODE:3e15	CODE:3f43	RET	924	read	INTMEM	1	INTMEM:09	0x9	
decompiler	CODE:3e15	CODE:3f43	RET	948	write	INTMEM	1	INTMEM:0a	0xa	mem[INTMEM:0a]
decompiler	CODE:3e15	CODE:3f43	RET	948	read	INTMEM	1	INTMEM:0a	0xa	
decompiler	CODE:3e15	CODE:3f43	RET	972	write	INTMEM	1	INTMEM:b2	0xb2	mem[INTMEM:b2]
decompiler	CODE:3e15	CODE:3f43	RET	972	read	INTMEM	1	INTMEM:b2	0xb2	
decompiler	CODE:3e15	CODE:3f43	RET	996	write	INTMEM	1	INTMEM:b4	0xb4	mem[INTMEM:b4]
decompiler	CODE:3e15	CODE:3f43	RET	996	read	INTMEM	1	INTMEM:b4	0xb4	
decompiler	CODE:3e15	CODE:3f43	RET	1020	write	EXTMEM	1	EXTMEM:04b4	0x4b4	mem[EXTMEM:04b4]
decompiler	CODE:3e15	CODE:3f43	RET	1020	read	EXTMEM	1	EXTMEM:04b4	0x4b4	
decompiler	CODE:3e15	CODE:3f43	RET	1041	write	EXTMEM	1	EXTMEM:04b5	0x4b5	mem[EXTMEM:04b5]
decompiler	CODE:3e15	CODE:3f43	RET	1041	read	EXTMEM	1	EXTMEM:04b5	0x4b5	
decompiler	CODE:3e15	CODE:3f43	RET	1062	write	EXTMEM	1	EXTMEM:0754	0x754	mem[EXTMEM:0754]
decompiler	CODE:3e15	CODE:3f43	RET	1062	read	EXTMEM	1	EXTMEM:0754	0x754	
decompiler	CODE:3e15	CODE:3f43	RET	1083	write	EXTMEM	1	EXTMEM:0755	0x755	mem[EXTMEM:0755]
decompiler	CODE:3e15	CODE:3f43	RET	1083	read	EXTMEM	1	EXTMEM:0755	0x755	
decompiler	CODE:3e15	CODE:3f43	RET	1104	write	BITS	1	BITS:3e	0x3e	mem[BITS:3e]
decompiler	CODE:3e15	CODE:3f43	RET	1104	read	BITS	1	BITS:3e	0x3e	
decompiler	CODE:3e15	CODE:3f46	RET	902	write	INTMEM	1	INTMEM:08	0x8	mem[INTMEM:08]
decompiler	CODE:3e15	CODE:3f46	RET	902	read	INTMEM	1	INTMEM:08	0x8	
decompiler	CODE:3e15	CODE:3f46	RET	926	write	INTMEM	1	INTMEM:09	0x9	mem[INTMEM:09]
decompiler	CODE:3e15	CODE:3f46	RET	926	read	INTMEM	1	INTMEM:09	0x9	
decompiler	CODE:3e15	CODE:3f46	RET	950	write	INTMEM	1	INTMEM:0a	0xa	mem[INTMEM:0a]
decompiler	CODE:3e15	CODE:3f46	RET	950	read	INTMEM	1	INTMEM:0a	0xa	
decompiler	CODE:3e15	CODE:3f46	RET	974	write	INTMEM	1	INTMEM:b2	0xb2	mem[INTMEM:b2]
decompiler	CODE:3e15	CODE:3f46	RET	974	read	INTMEM	1	INTMEM:b2	0xb2	
decompiler	CODE:3e15	CODE:3f46	RET	998	write	INTMEM	1	INTMEM:b4	0xb4	mem[INTMEM:b4]
decompiler	CODE:3e15	CODE:3f46	RET	998	read	INTMEM	1	INTMEM:b4	0xb4	
decompiler	CODE:3e15	CODE:3f46	RET	1022	write	EXTMEM	1	EXTMEM:04b4	0x4b4	mem[EXTMEM:04b4]
decompiler	CODE:3e15	CODE:3f46	RET	1022	read	EXTMEM	1	EXTMEM:04b4	0x4b4	
decompiler	CODE:3e15	CODE:3f46	RET	1043	write	EXTMEM	1	EXTMEM:04b5	0x4b5	mem[EXTMEM:04b5]
decompiler	CODE:3e15	CODE:3f46	RET	1043	read	EXTMEM	1	EXTMEM:04b5	0x4b5	
decompiler	CODE:3e15	CODE:3f46	RET	1064	write	EXTMEM	1	EXTMEM:0754	0x754	mem[EXTMEM:0754]
decompiler	CODE:3e15	CODE:3f46	RET	1064	read	EXTMEM	1	EXTMEM:0754	0x754	
decompiler	CODE:3e15	CODE:3f46	RET	1085	write	EXTMEM	1	EXTMEM:0755	0x755	mem[EXTMEM:0755]
decompiler	CODE:3e15	CODE:3f46	RET	1085	read	EXTMEM	1	EXTMEM:0755	0x755	
decompiler	CODE:3e15	CODE:3f46	RET	1106	write	BITS	1	BITS:3e	0x3e	mem[BITS:3e]
decompiler	CODE:3e15	CODE:3f46	RET	1106	read	BITS	1	BITS:3e	0x3e	
decompiler	CODE:3e15	CODE:3f51	JZ 0x3f69	141	read	INTMEM	1	INTMEM:b4	0xb4	
decompiler	CODE:3e15	CODE:3f55	JZ 0x3f66	156	read	INTMEM	1	INTMEM:b4	0xb4	
decompiler	CODE:3e15	CODE:3f59	JZ 0x3f6c	171	read	INTMEM	1	INTMEM:b4	0xb4	
decompiler	CODE:3e15	CODE:3f5d	JNZ 0x3f6f	186	read	INTMEM	1	INTMEM:b4	0xb4	
decompiler	CODE:3e15	CODE:3f68	RET	904	write	INTMEM	1	INTMEM:08	0x8	mem[INTMEM:08]
decompiler	CODE:3e15	CODE:3f68	RET	904	read	INTMEM	1	INTMEM:08	0x8	
decompiler	CODE:3e15	CODE:3f68	RET	928	write	INTMEM	1	INTMEM:09	0x9	mem[INTMEM:09]
decompiler	CODE:3e15	CODE:3f68	RET	928	read	INTMEM	1	INTMEM:09	0x9	
decompiler	CODE:3e15	CODE:3f68	RET	952	write	INTMEM	1	INTMEM:0a	0xa	mem[INTMEM:0a]
decompiler	CODE:3e15	CODE:3f68	RET	952	read	INTMEM	1	INTMEM:0a	0xa	
decompiler	CODE:3e15	CODE:3f68	RET	976	write	INTMEM	1	INTMEM:b2	0xb2	mem[INTMEM:b2]
decompiler	CODE:3e15	CODE:3f68	RET	976	read	INTMEM	1	INTMEM:b2	0xb2	
decompiler	CODE:3e15	CODE:3f68	RET	1000	write	INTMEM	1	INTMEM:b4	0xb4	mem[INTMEM:b4]
decompiler	CODE:3e15	CODE:3f68	RET	1000	read	INTMEM	1	INTMEM:b4	0xb4	
decompiler	CODE:3e15	CODE:3f68	RET	1024	write	EXTMEM	1	EXTMEM:04b4	0x4b4	mem[EXTMEM:04b4]
decompiler	CODE:3e15	CODE:3f68	RET	1024	read	EXTMEM	1	EXTMEM:04b4	0x4b4	
decompiler	CODE:3e15	CODE:3f68	RET	1045	write	EXTMEM	1	EXTMEM:04b5	0x4b5	mem[EXTMEM:04b5]
decompiler	CODE:3e15	CODE:3f68	RET	1045	read	EXTMEM	1	EXTMEM:04b5	0x4b5	
decompiler	CODE:3e15	CODE:3f68	RET	1066	write	EXTMEM	1	EXTMEM:0754	0x754	mem[EXTMEM:0754]
decompiler	CODE:3e15	CODE:3f68	RET	1066	read	EXTMEM	1	EXTMEM:0754	0x754	
decompiler	CODE:3e15	CODE:3f68	RET	1087	write	EXTMEM	1	EXTMEM:0755	0x755	mem[EXTMEM:0755]
decompiler	CODE:3e15	CODE:3f68	RET	1087	read	EXTMEM	1	EXTMEM:0755	0x755	
decompiler	CODE:3e15	CODE:3f68	RET	1108	write	BITS	1	BITS:3e	0x3e	mem[BITS:3e]
decompiler	CODE:3e15	CODE:3f68	RET	1108	read	BITS	1	BITS:3e	0x3e	
decompiler	CODE:3e15	CODE:3f6b	RET	905	write	INTMEM	1	INTMEM:08	0x8	mem[INTMEM:08]
decompiler	CODE:3e15	CODE:3f6b	RET	905	read	INTMEM	1	INTMEM:08	0x8	
decompiler	CODE:3e15	CODE:3f6b	RET	929	write	INTMEM	1	INTMEM:09	0x9	mem[INTMEM:09]
decompiler	CODE:3e15	CODE:3f6b	RET	929	read	INTMEM	1	INTMEM:09	0x9	
decompiler	CODE:3e15	CODE:3f6b	RET	953	write	INTMEM	1	INTMEM:0a	0xa	mem[INTMEM:0a]
decompiler	CODE:3e15	CODE:3f6b	RET	953	read	INTMEM	1	INTMEM:0a	0xa	
decompiler	CODE:3e15	CODE:3f6b	RET	977	write	INTMEM	1	INTMEM:b2	0xb2	mem[INTMEM:b2]
decompiler	CODE:3e15	CODE:3f6b	RET	977	read	INTMEM	1	INTMEM:b2	0xb2	
decompiler	CODE:3e15	CODE:3f6b	RET	1001	write	INTMEM	1	INTMEM:b4	0xb4	mem[INTMEM:b4]
decompiler	CODE:3e15	CODE:3f6b	RET	1001	read	INTMEM	1	INTMEM:b4	0xb4	
decompiler	CODE:3e15	CODE:3f6b	RET	1025	write	EXTMEM	1	EXTMEM:04b4	0x4b4	mem[EXTMEM:04b4]
decompiler	CODE:3e15	CODE:3f6b	RET	1025	read	EXTMEM	1	EXTMEM:04b4	0x4b4	
decompiler	CODE:3e15	CODE:3f6b	RET	1046	write	EXTMEM	1	EXTMEM:04b5	0x4b5	mem[EXTMEM:04b5]
decompiler	CODE:3e15	CODE:3f6b	RET	1046	read	EXTMEM	1	EXTMEM:04b5	0x4b5	
decompiler	CODE:3e15	CODE:3f6b	RET	1067	write	EXTMEM	1	EXTMEM:0754	0x754	mem[EXTMEM:0754]
decompiler	CODE:3e15	CODE:3f6b	RET	1067	read	EXTMEM	1	EXTMEM:0754	0x754	
decompiler	CODE:3e15	CODE:3f6b	RET	1088	write	EXTMEM	1	EXTMEM:0755	0x755	mem[EXTMEM:0755]
decompiler	CODE:3e15	CODE:3f6b	RET	1088	read	EXTMEM	1	EXTMEM:0755	0x755	
decompiler	CODE:3e15	CODE:3f6b	RET	1109	write	BITS	1	BITS:3e	0x3e	mem[BITS:3e]
decompiler	CODE:3e15	CODE:3f6b	RET	1109	read	BITS	1	BITS:3e	0x3e	
decompiler	CODE:3e15	CODE:3f6e	RET	903	write	INTMEM	1	INTMEM:08	0x8	mem[INTMEM:08]
decompiler	CODE:3e15	CODE:3f6e	RET	903	read	INTMEM	1	INTMEM:08	0x8	
decompiler	CODE:3e15	CODE:3f6e	RET	927	write	INTMEM	1	INTMEM:09	0x9	mem[INTMEM:09]
decompiler	CODE:3e15	CODE:3f6e	RET	927	read	INTMEM	1	INTMEM:09	0x9	
decompiler	CODE:3e15	CODE:3f6e	RET	951	write	INTMEM	1	INTMEM:0a	0xa	mem[INTMEM:0a]
decompiler	CODE:3e15	CODE:3f6e	RET	951	read	INTMEM	1	INTMEM:0a	0xa	
decompiler	CODE:3e15	CODE:3f6e	RET	975	write	INTMEM	1	INTMEM:b2	0xb2	mem[INTMEM:b2]
decompiler	CODE:3e15	CODE:3f6e	RET	975	read	INTMEM	1	INTMEM:b2	0xb2	
decompiler	CODE:3e15	CODE:3f6e	RET	999	write	INTMEM	1	INTMEM:b4	0xb4	mem[INTMEM:b4]
decompiler	CODE:3e15	CODE:3f6e	RET	999	read	INTMEM	1	INTMEM:b4	0xb4	
decompiler	CODE:3e15	CODE:3f6e	RET	1023	write	EXTMEM	1	EXTMEM:04b4	0x4b4	mem[EXTMEM:04b4]
decompiler	CODE:3e15	CODE:3f6e	RET	1023	read	EXTMEM	1	EXTMEM:04b4	0x4b4	
decompiler	CODE:3e15	CODE:3f6e	RET	1044	write	EXTMEM	1	EXTMEM:04b5	0x4b5	mem[EXTMEM:04b5]
decompiler	CODE:3e15	CODE:3f6e	RET	1044	read	EXTMEM	1	EXTMEM:04b5	0x4b5	
decompiler	CODE:3e15	CODE:3f6e	RET	1065	write	EXTMEM	1	EXTMEM:0754	0x754	mem[EXTMEM:0754]
decompiler	CODE:3e15	CODE:3f6e	RET	1065	read	EXTMEM	1	EXTMEM:0754	0x754	
decompiler	CODE:3e15	CODE:3f6e	RET	1086	write	EXTMEM	1	EXTMEM:0755	0x755	mem[EXTMEM:0755]
decompiler	CODE:3e15	CODE:3f6e	RET	1086	read	EXTMEM	1	EXTMEM:0755	0x755	
decompiler	CODE:3e15	CODE:3f6e	RET	1107	write	BITS	1	BITS:3e	0x3e	mem[BITS:3e]
decompiler	CODE:3e15	CODE:3f6e	RET	1107	read	BITS	1	BITS:3e	0x3e	
decompiler	CODE:3e15	CODE:3f71	RET	901	write	INTMEM	1	INTMEM:08	0x8	mem[INTMEM:08]
decompiler	CODE:3e15	CODE:3f71	RET	901	read	INTMEM	1	INTMEM:08	0x8	
decompiler	CODE:3e15	CODE:3f71	RET	925	write	INTMEM	1	INTMEM:09	0x9	mem[INTMEM:09]
decompiler	CODE:3e15	CODE:3f71	RET	925	read	INTMEM	1	INTMEM:09	0x9	
decompiler	CODE:3e15	CODE:3f71	RET	949	write	INTMEM	1	INTMEM:0a	0xa	mem[INTMEM:0a]
decompiler	CODE:3e15	CODE:3f71	RET	949	read	INTMEM	1	INTMEM:0a	0xa	
decompiler	CODE:3e15	CODE:3f71	RET	973	write	INTMEM	1	INTMEM:b2	0xb2	mem[INTMEM:b2]
decompiler	CODE:3e15	CODE:3f71	RET	973	read	INTMEM	1	INTMEM:b2	0xb2	
decompiler	CODE:3e15	CODE:3f71	RET	997	write	INTMEM	1	INTMEM:b4	0xb4	mem[INTMEM:b4]
decompiler	CODE:3e15	CODE:3f71	RET	997	read	INTMEM	1	INTMEM:b4	0xb4	
decompiler	CODE:3e15	CODE:3f71	RET	1021	write	EXTMEM	1	EXTMEM:04b4	0x4b4	mem[EXTMEM:04b4]
decompiler	CODE:3e15	CODE:3f71	RET	1021	read	EXTMEM	1	EXTMEM:04b4	0x4b4	
decompiler	CODE:3e15	CODE:3f71	RET	1042	write	EXTMEM	1	EXTMEM:04b5	0x4b5	mem[EXTMEM:04b5]
decompiler	CODE:3e15	CODE:3f71	RET	1042	read	EXTMEM	1	EXTMEM:04b5	0x4b5	
decompiler	CODE:3e15	CODE:3f71	RET	1063	write	EXTMEM	1	EXTMEM:0754	0x754	mem[EXTMEM:0754]
decompiler	CODE:3e15	CODE:3f71	RET	1063	read	EXTMEM	1	EXTMEM:0754	0x754	
decompiler	CODE:3e15	CODE:3f71	RET	1084	write	EXTMEM	1	EXTMEM:0755	0x755	mem[EXTMEM:0755]
decompiler	CODE:3e15	CODE:3f71	RET	1084	read	EXTMEM	1	EXTMEM:0755	0x755	
decompiler	CODE:3e15	CODE:3f71	RET	1105	write	BITS	1	BITS:3e	0x3e	mem[BITS:3e]
decompiler	CODE:3e15	CODE:3f71	RET	1105	read	BITS	1	BITS:3e	0x3e	
decompiler	CODE:3f72	CODE:3f88	JZ 0x3f91	33	read	INTMEM	1	INTMEM:cc	0xcc	
decompiler	CODE:3f72	CODE:3f96	MOVX @DPTR,A	51	write	EXTMEM	1	EXTMEM:04a7	0x4a7	0x1
decompiler	CODE:3f72	CODE:3f97	SJMP 0x3ff3	463	read	EXTMEM	1	EXTMEM:04a7	0x4a7	
decompiler	CODE:3f72	CODE:3faf	MOVX @DPTR,A	105	write	EXTMEM	1	EXTMEM:04a7	0x4a7	0x2
decompiler	CODE:3f72	CODE:3fb4	MOVX @DPTR,A	140	write	EXTMEM	1	EXTMEM:04a7	0x4a7	0x1
decompiler	CODE:3f72	CODE:3ffb	LJMP 0x69a3	388	write	INTMEM	1	INTMEM:cc	0xcc	mem[INTMEM:cc]
decompiler	CODE:3f72	CODE:3ffb	LJMP 0x69a3	388	read	INTMEM	1	INTMEM:cc	0xcc	
decompiler	CODE:3f72	CODE:3ffb	LJMP 0x69a3	405	write	EXTMEM	1	EXTMEM:04a6	0x4a6	mem[EXTMEM:04a6]
decompiler	CODE:3f72	CODE:3ffb	LJMP 0x69a3	405	read	EXTMEM	1	EXTMEM:04a6	0x4a6	
decompiler	CODE:3f72	CODE:3ffb	LJMP 0x69a3	422	write	EXTMEM	1	EXTMEM:04a7	0x4a7	mem[EXTMEM:04a7]
decompiler	CODE:3f72	CODE:3ffb	LJMP 0x69a3	422	read	EXTMEM	1	EXTMEM:04a7	0x4a7	
decompiler	CODE:4000	CODE:401e	MOVX @DPTR,A	56	write	EXTMEM	1	EXTMEM:04a8	0x4a8	mem[INTMEM:02]
decompiler	CODE:4000	CODE:401e	MOVX @DPTR,A	56	read	INTMEM	1	INTMEM:02	0x2	
decompiler	CODE:4000	CODE:4021	MOVX @DPTR,A	61	write	EXTMEM	1	EXTMEM:04a9	0x4a9	mem[INTMEM:01]
decompiler	CODE:4000	CODE:4021	MOVX @DPTR,A	61	read	INTMEM	1	INTMEM:01	0x1	
decompiler	CODE:4000	CODE:402a	MOVX A,@DPTR	73	read	EXTMEM	1	CAST(PIECE(mem[INTMEM:02],mem[INTMEM:01]))		
decompiler	CODE:4000	CODE:4036	LCALL 0x46b2	1884	read	INTMEM	1	INTMEM:04	0x4	
decompiler	CODE:4000	CODE:4036	LCALL 0x46b2	1889	read	INTMEM	1	INTMEM:05	0x5	
decompiler	CODE:4000	CODE:4036	LCALL 0x46b2	1894	read	INTMEM	1	INTMEM:06	0x6	
decompiler	CODE:4000	CODE:4036	LCALL 0x46b2	1899	read	INTMEM	1	INTMEM:07	0x7	
decompiler	CODE:4000	CODE:404c	POP 0x03	150	write	INTMEM	1	INTMEM:03	0x3	COPY(mem[INTMEM:07])
decompiler	CODE:4000	CODE:404e	POP 0x02	152	write	INTMEM	1	INTMEM:02	0x2	COPY(mem[INTMEM:06])
decompiler	CODE:4000	CODE:4050	POP 0x01	154	write	INTMEM	1	INTMEM:01	0x1	COPY(mem[INTMEM:05])
decompiler	CODE:4000	CODE:4052	POP 0x00	156	write	INTMEM	1	INTMEM:00	0x0	COPY(mem[INTMEM:04])
decompiler	CODE:4000	CODE:4068	LCALL 0x4780	1097	write	INTMEM	1	INTMEM:00	0x0	mem[INTMEM:00]
decompiler	CODE:4000	CODE:4068	LCALL 0x4780	1097	read	INTMEM	1	INTMEM:00	0x0	
decompiler	CODE:4000	CODE:4068	LCALL 0x4780	1139	write	INTMEM	1	INTMEM:01	0x1	mem[INTMEM:01]
decompiler	CODE:4000	CODE:4068	LCALL 0x4780	1139	read	INTMEM	1	INTMEM:01	0x1	
decompiler	CODE:4000	CODE:4068	LCALL 0x4780	1181	write	INTMEM	1	INTMEM:02	0x2	mem[INTMEM:02]
decompiler	CODE:4000	CODE:4068	LCALL 0x4780	1181	read	INTMEM	1	INTMEM:02	0x2	
decompiler	CODE:4000	CODE:4068	LCALL 0x4780	1223	write	INTMEM	1	INTMEM:03	0x3	mem[INTMEM:03]
decompiler	CODE:4000	CODE:4068	LCALL 0x4780	1223	read	INTMEM	1	INTMEM:03	0x3	
decompiler	CODE:4000	CODE:4068	LCALL 0x4780	1265	write	INTMEM	1	INTMEM:04	0x4	mem[INTMEM:04]
decompiler	CODE:4000	CODE:4068	LCALL 0x4780	1265	read	INTMEM	1	INTMEM:04	0x4	
decompiler	CODE:4000	CODE:4068	LCALL 0x4780	1307	write	INTMEM	1	INTMEM:05	0x5	mem[INTMEM:05]
decompiler	CODE:4000	CODE:4068	LCALL 0x4780	1307	read	INTMEM	1	INTMEM:05	0x5	
decompiler	CODE:4000	CODE:4068	LCALL 0x4780	1349	write	INTMEM	1	INTMEM:06	0x6	mem[INTMEM:06]
decompiler	CODE:4000	CODE:4068	LCALL 0x4780	1349	read	INTMEM	1	INTMEM:06	0x6	
decompiler	CODE:4000	CODE:4068	LCALL 0x4780	1391	write	INTMEM	1	INTMEM:07	0x7	mem[INTMEM:07]
decompiler	CODE:4000	CODE:4068	LCALL 0x4780	1391	read	INTMEM	1	INTMEM:07	0x7	
decompiler	CODE:4000	CODE:4068	LCALL 0x4780	1433	write	INTMEM	1	INTMEM:b5	0xb5	mem[INTMEM:b5]
decompiler	CODE:4000	CODE:4068	LCALL 0x4780	1433	read	INTMEM	1	INTMEM:b5	0xb5	
decompiler	CODE:4000	CODE:4068	LCALL 0x4780	1475	write	INTMEM	1	INTMEM:b6	0xb6	mem[INTMEM:b6]
decompiler	CODE:4000	CODE:4068	LCALL 0x4780	1475	read	INTMEM	1	INTMEM:b6	0xb6	
decompiler	CODE:4000	CODE:4068	LCALL 0x4780	1517	write	EXTMEM	1	EXTMEM:04a8	0x4a8	mem[EXTMEM:04a8]
decompiler	CODE:4000	CODE:4068	LCALL 0x4780	1517	read	EXTMEM	1	EXTMEM:04a8	0x4a8	
decompiler	CODE:4000	CODE:4068	LCALL 0x4780	1559	write	EXTMEM	1	EXTMEM:04a9	0x4a9	mem[EXTMEM:04a9]
decompiler	CODE:4000	CODE:4068	LCALL 0x4780	1559	read	EXTMEM	1	EXTMEM:04a9	0x4a9	
decompiler	CODE:4000	CODE:4068	LCALL 0x4780	1601	write	EXTMEM	1	EXTMEM:04aa	0x4aa	mem[EXTMEM:04aa]
decompiler	CODE:4000	CODE:4068	LCALL 0x4780	1601	read	EXTMEM	1	EXTMEM:04aa	0x4aa	
decompiler	CODE:4000	CODE:4068	LCALL 0x4780	1643	write	EXTMEM	1	EXTMEM:04ab	0x4ab	mem[EXTMEM:04ab]
decompiler	CODE:4000	CODE:4068	LCALL 0x4780	1643	read	EXTMEM	1	EXTMEM:04ab	0x4ab	
decompiler	CODE:4000	CODE:408b	LCALL 0xa153	1904	read	INTMEM	1	INTMEM:01	0x1	
decompiler	CODE:4000	CODE:409e	LCALL 0xacf0	1885	read	INTMEM	1	INTMEM:04	0x4	
decompiler	CODE:4000	CODE:409e	LCALL 0xacf0	1890	read	INTMEM	1	INTMEM:05	0x5	
decompiler	CODE:4000	CODE:409e	LCALL 0xacf0	1895	read	INTMEM	1	INTMEM:06	0x6	
decompiler	CODE:4000	CODE:409e	LCALL 0xacf0	1900	read	INTMEM	1	INTMEM:07	0x7	
decompiler	CODE:4000	CODE:40ac	POP 0x03	345	write	INTMEM	1	INTMEM:03	0x3	COPY(mem[INTMEM:07])
decompiler	CODE:4000	CODE:40ae	POP 0x02	347	write	INTMEM	1	INTMEM:02	0x2	COPY(mem[INTMEM:06])
decompiler	CODE:4000	CODE:40b0	POP 0x01	349	write	INTMEM	1	INTMEM:01	0x1	COPY(mem[INTMEM:05])
decompiler	CODE:4000	CODE:40b2	POP 0x00	351	write	INTMEM	1	INTMEM:00	0x0	COPY(mem[INTMEM:04])
decompiler	CODE:4000	CODE:40b4	LCALL 0xacbf	1886	read	INTMEM	1	INTMEM:04	0x4	
decompiler	CODE:4000	CODE:40b4	LCALL 0xacbf	1891	read	INTMEM	1	INTMEM:05	0x5	
decompiler	CODE:4000	CODE:40b4	LCALL 0xacbf	1896	read	INTMEM	1	INTMEM:06	0x6	
decompiler	CODE:4000	CODE:40b4	LCALL 0xacbf	1901	read	INTMEM	1	INTMEM:07	0x7	
decompiler	CODE:4000	CODE:40c2	POP 0x03	377	write	INTMEM	1	INTMEM:03	0x3	COPY(mem[INTMEM:07])
decompiler	CODE:4000	CODE:40c4	POP 0x02	379	write	INTMEM	1	INTMEM:02	0x2	COPY(mem[INTMEM:06])
decompiler	CODE:4000	CODE:40c6	POP 0x01	381	write	INTMEM	1	INTMEM:01	0x1	COPY(mem[INTMEM:05])
decompiler	CODE:4000	CODE:40c8	POP 0x00	383	write	INTMEM	1	INTMEM:00	0x0	COPY(mem[INTMEM:04])
decompiler	CODE:4000	CODE:40cd	LCALL 0x4780	1098	write	INTMEM	1	INTMEM:00	0x0	mem[INTMEM:00]
decompiler	CODE:4000	CODE:40cd	LCALL 0x4780	1098	read	INTMEM	1	INTMEM:00	0x0	
decompiler	CODE:4000	CODE:40cd	LCALL 0x4780	1140	write	INTMEM	1	INTMEM:01	0x1	mem[INTMEM:01]
decompiler	CODE:4000	CODE:40cd	LCALL 0x4780	1140	read	INTMEM	1	INTMEM:01	0x1	
decompiler	CODE:4000	CODE:40cd	LCALL 0x4780	1182	write	INTMEM	1	INTMEM:02	0x2	mem[INTMEM:02]
decompiler	CODE:4000	CODE:40cd	LCALL 0x4780	1182	read	INTMEM	1	INTMEM:02	0x2	
decompiler	CODE:4000	CODE:40cd	LCALL 0x4780	1224	write	INTMEM	1	INTMEM:03	0x3	mem[INTMEM:03]
decompiler	CODE:4000	CODE:40cd	LCALL 0x4780	1224	read	INTMEM	1	INTMEM:03	0x3	
decompiler	CODE:4000	CODE:40cd	LCALL 0x4780	1266	write	INTMEM	1	INTMEM:04	0x4	mem[INTMEM:04]
decompiler	CODE:4000	CODE:40cd	LCALL 0x4780	1266	read	INTMEM	1	INTMEM:04	0x4	
decompiler	CODE:4000	CODE:40cd	LCALL 0x4780	1308	write	INTMEM	1	INTMEM:05	0x5	mem[INTMEM:05]
decompiler	CODE:4000	CODE:40cd	LCALL 0x4780	1308	read	INTMEM	1	INTMEM:05	0x5	
decompiler	CODE:4000	CODE:40cd	LCALL 0x4780	1350	write	INTMEM	1	INTMEM:06	0x6	mem[INTMEM:06]
decompiler	CODE:4000	CODE:40cd	LCALL 0x4780	1350	read	INTMEM	1	INTMEM:06	0x6	
decompiler	CODE:4000	CODE:40cd	LCALL 0x4780	1392	write	INTMEM	1	INTMEM:07	0x7	mem[INTMEM:07]
decompiler	CODE:4000	CODE:40cd	LCALL 0x4780	1392	read	INTMEM	1	INTMEM:07	0x7	
decompiler	CODE:4000	CODE:40cd	LCALL 0x4780	1434	write	INTMEM	1	INTMEM:b5	0xb5	mem[INTMEM:b5]
decompiler	CODE:4000	CODE:40cd	LCALL 0x4780	1434	read	INTMEM	1	INTMEM:b5	0xb5	
decompiler	CODE:4000	CODE:40cd	LCALL 0x4780	1476	write	INTMEM	1	INTMEM:b6	0xb6	mem[INTMEM:b6]
decompiler	CODE:4000	CODE:40cd	LCALL 0x4780	1476	read	INTMEM	1	INTMEM:b6	0xb6	
decompiler	CODE:4000	CODE:40cd	LCALL 0x4780	1518	write	EXTMEM	1	EXTMEM:04a8	0x4a8	mem[EXTMEM:04a8]
decompiler	CODE:4000	CODE:40cd	LCALL 0x4780	1518	read	EXTMEM	1	EXTMEM:04a8	0x4a8	
decompiler	CODE:4000	CODE:40cd	LCALL 0x4780	1560	write	EXTMEM	1	EXTMEM:04a9	0x4a9	mem[EXTMEM:04a9]
decompiler	CODE:4000	CODE:40cd	LCALL 0x4780	1560	read	EXTMEM	1	EXTMEM:04a9	0x4a9	
decompiler	CODE:4000	CODE:40cd	LCALL 0x4780	1602	write	EXTMEM	1	EXTMEM:04aa	0x4aa	mem[EXTMEM:04aa]
decompiler	CODE:4000	CODE:40cd	LCALL 0x4780	1602	read	EXTMEM	1	EXTMEM:04aa	0x4aa	
decompiler	CODE:4000	CODE:40cd	LCALL 0x4780	1644	write	EXTMEM	1	EXTMEM:04ab	0x4ab	mem[EXTMEM:04ab]
decompiler	CODE:4000	CODE:40cd	LCALL 0x4780	1644	read	EXTMEM	1	EXTMEM:04ab	0x4ab	
decompiler	CODE:4000	CODE:40e5	LCALL 0xacf0	1887	read	INTMEM	1	INTMEM:04	0x4	
decompiler	CODE:4000	CODE:40e5	LCALL 0xacf0	1892	read	INTMEM	1	INTMEM:05	0x5	
decompiler	CODE:4000	CODE:40e5	LCALL 0xacf0	1897	read	INTMEM	1	INTMEM:06	0x6	
decompiler	CODE:4000	CODE:40e5	LCALL 0xacf0	1902	read	INTMEM	1	INTMEM:07	0x7	
decompiler	CODE:4000	CODE:40f3	POP 0x03	448	write	INTMEM	1	INTMEM:03	0x3	COPY(mem[INTMEM:07])
decompiler	CODE:4000	CODE:40f5	POP 0x02	450	write	INTMEM	1	INTMEM:02	0x2	COPY(mem[INTMEM:06])
decompiler	CODE:4000	CODE:40f7	POP 0x01	452	write	INTMEM	1	INTMEM:01	0x1	COPY(mem[INTMEM:05])
decompiler	CODE:4000	CODE:40f9	POP 0x00	454	write	INTMEM	1	INTMEM:00	0x0	COPY(mem[INTMEM:04])
decompiler	CODE:4000	CODE:40fb	LCALL 0xacbf	1888	read	INTMEM	1	INTMEM:04	0x4	
decompiler	CODE:4000	CODE:40fb	LCALL 0xacbf	1893	read	INTMEM	1	INTMEM:05	0x5	
decompiler	CODE:4000	CODE:40fb	LCALL 0xacbf	1898	read	INTMEM	1	INTMEM:06	0x6	
decompiler	CODE:4000	CODE:40fb	LCALL 0xacbf	1903	read	INTMEM	1	INTMEM:07	0x7	
decompiler	CODE:4000	CODE:4109	POP 0x03	480	write	INTMEM	1	INTMEM:03	0x3	COPY(mem[INTMEM:07])
decompiler	CODE:4000	CODE:410b	POP 0x02	482	write	INTMEM	1	INTMEM:02	0x2	COPY(mem[INTMEM:06])
decompiler	CODE:4000	CODE:410d	POP 0x01	484	write	INTMEM	1	INTMEM:01	0x1	COPY(mem[INTMEM:05])
decompiler	CODE:4000	CODE:410f	POP 0x00	486	write	INTMEM	1	INTMEM:00	0x0	COPY(mem[INTMEM:04])
decompiler	CODE:4000	CODE:4152	RET	1096	write	INTMEM	1	INTMEM:00	0x0	mem[INTMEM:00]
decompiler	CODE:4000	CODE:4152	RET	1096	read	INTMEM	1	INTMEM:00	0x0	
decompiler	CODE:4000	CODE:4152	RET	1138	write	INTMEM	1	INTMEM:01	0x1	mem[INTMEM:01]
decompiler	CODE:4000	CODE:4152	RET	1138	read	INTMEM	1	INTMEM:01	0x1	
decompiler	CODE:4000	CODE:4152	RET	1180	write	INTMEM	1	INTMEM:02	0x2	mem[INTMEM:02]
decompiler	CODE:4000	CODE:4152	RET	1180	read	INTMEM	1	INTMEM:02	0x2	
decompiler	CODE:4000	CODE:4152	RET	1222	write	INTMEM	1	INTMEM:03	0x3	mem[INTMEM:03]
decompiler	CODE:4000	CODE:4152	RET	1222	read	INTMEM	1	INTMEM:03	0x3	
decompiler	CODE:4000	CODE:4152	RET	1264	write	INTMEM	1	INTMEM:04	0x4	mem[INTMEM:04]
decompiler	CODE:4000	CODE:4152	RET	1264	read	INTMEM	1	INTMEM:04	0x4	
decompiler	CODE:4000	CODE:4152	RET	1306	write	INTMEM	1	INTMEM:05	0x5	mem[INTMEM:05]
decompiler	CODE:4000	CODE:4152	RET	1306	read	INTMEM	1	INTMEM:05	0x5	
decompiler	CODE:4000	CODE:4152	RET	1348	write	INTMEM	1	INTMEM:06	0x6	mem[INTMEM:06]
decompiler	CODE:4000	CODE:4152	RET	1348	read	INTMEM	1	INTMEM:06	0x6	
decompiler	CODE:4000	CODE:4152	RET	1390	write	INTMEM	1	INTMEM:07	0x7	mem[INTMEM:07]
decompiler	CODE:4000	CODE:4152	RET	1390	read	INTMEM	1	INTMEM:07	0x7	
decompiler	CODE:4000	CODE:4152	RET	1432	write	INTMEM	1	INTMEM:b5	0xb5	mem[INTMEM:b5]
decompiler	CODE:4000	CODE:4152	RET	1432	read	INTMEM	1	INTMEM:b5	0xb5	
decompiler	CODE:4000	CODE:4152	RET	1474	write	INTMEM	1	INTMEM:b6	0xb6	mem[INTMEM:b6]
decompiler	CODE:4000	CODE:4152	RET	1474	read	INTMEM	1	INTMEM:b6	0xb6	
decompiler	CODE:4000	CODE:4152	RET	1516	write	EXTMEM	1	EXTMEM:04a8	0x4a8	mem[EXTMEM:04a8]
decompiler	CODE:4000	CODE:4152	RET	1516	read	EXTMEM	1	EXTMEM:04a8	0x4a8	
decompiler	CODE:4000	CODE:4152	RET	1558	write	EXTMEM	1	EXTMEM:04a9	0x4a9	mem[EXTMEM:04a9]
decompiler	CODE:4000	CODE:4152	RET	1558	read	EXTMEM	1	EXTMEM:04a9	0x4a9	
decompiler	CODE:4000	CODE:4152	RET	1600	write	EXTMEM	1	EXTMEM:04aa	0x4aa	mem[EXTMEM:04aa]
decompiler	CODE:4000	CODE:4152	RET	1600	read	EXTMEM	1	EXTMEM:04aa	0x4aa	
decompiler	CODE:4000	CODE:4152	RET	1642	write	EXTMEM	1	EXTMEM:04ab	0x4ab	mem[EXTMEM:04ab]
decompiler	CODE:4000	CODE:4152	RET	1642	read	EXTMEM	1	EXTMEM:04ab	0x4ab	
decompiler	CODE:42a5	CODE:42e6	JNB 0xe7,0x4304	1410	read	EXTMEM	1	EXTMEM:0745	0x745	
decompiler	CODE:42a5	CODE:42fb	MOVX A,@DPTR	179	read	EXTMEM	1	CAST(INT_ADD(INDIRECT(INDIRECT(0x73f,0x96),0xac),0x1))		
decompiler	CODE:42a5	CODE:42fe	MOV @R0,0x06	183	write	INTMEM	1	INTMEM:bc	0xbc	mem[INTMEM:06]
decompiler	CODE:42a5	CODE:42fe	MOV @R0,0x06	183	read	INTMEM	1	INTMEM:06	0x6	
decompiler	CODE:42a5	CODE:4320	LCALL 0xad49	963	write	INTMEM	1	INTMEM:06	0x6	mem[INTMEM:06]
decompiler	CODE:42a5	CODE:4320	LCALL 0xad49	963	read	INTMEM	1	INTMEM:06	0x6	
decompiler	CODE:42a5	CODE:4320	LCALL 0xad49	996	write	INTMEM	1	INTMEM:b9	0xb9	mem[INTMEM:b9]
decompiler	CODE:42a5	CODE:4320	LCALL 0xad49	996	read	INTMEM	1	INTMEM:b9	0xb9	
decompiler	CODE:42a5	CODE:4320	LCALL 0xad49	1029	write	INTMEM	1	INTMEM:ba	0xba	mem[INTMEM:ba]
decompiler	CODE:42a5	CODE:4320	LCALL 0xad49	1029	read	INTMEM	1	INTMEM:ba	0xba	
decompiler	CODE:42a5	CODE:4320	LCALL 0xad49	1062	write	INTMEM	1	INTMEM:bb	0xbb	mem[INTMEM:bb]
decompiler	CODE:42a5	CODE:4320	LCALL 0xad49	1062	read	INTMEM	1	INTMEM:bb	0xbb	
decompiler	CODE:42a5	CODE:4320	LCALL 0xad49	1095	write	INTMEM	1	INTMEM:bc	0xbc	mem[INTMEM:bc]
decompiler	CODE:42a5	CODE:4320	LCALL 0xad49	1095	read	INTMEM	1	INTMEM:bc	0xbc	
decompiler	CODE:42a5	CODE:4320	LCALL 0xad49	1128	write	INTMEM	1	INTMEM:bd	0xbd	mem[INTMEM:bd]
decompiler	CODE:42a5	CODE:4320	LCALL 0xad49	1128	read	INTMEM	1	INTMEM:bd	0xbd	
decompiler	CODE:42a5	CODE:4320	LCALL 0xad49	1161	write	EXTMEM	1	EXTMEM:073f	0x73f	mem[EXTMEM:073f]
decompiler	CODE:42a5	CODE:4320	LCALL 0xad49	1161	read	EXTMEM	1	EXTMEM:073f	0x73f	
decompiler	CODE:42a5	CODE:4320	LCALL 0xad49	1193	write	EXTMEM	1	EXTMEM:0740	0x740	mem[EXTMEM:0740]
decompiler	CODE:42a5	CODE:4320	LCALL 0xad49	1193	read	EXTMEM	1	EXTMEM:0740	0x740	
decompiler	CODE:42a5	CODE:4320	LCALL 0xad49	1225	write	EXTMEM	1	EXTMEM:0745	0x745	mem[EXTMEM:0745]
decompiler	CODE:42a5	CODE:4320	LCALL 0xad49	1225	read	EXTMEM	1	EXTMEM:0745	0x745	
decompiler	CODE:42a5	CODE:4320	LCALL 0xad49	1257	write	EXTMEM	1	EXTMEM:0746	0x746	mem[EXTMEM:0746]
decompiler	CODE:42a5	CODE:4320	LCALL 0xad49	1257	read	EXTMEM	1	EXTMEM:0746	0x746	
decompiler	CODE:42a5	CODE:4320	LCALL 0xad49	1289	write	EXTMEM	1	EXTMEM:0747	0x747	mem[EXTMEM:0747]
decompiler	CODE:42a5	CODE:4320	LCALL 0xad49	1289	read	EXTMEM	1	EXTMEM:0747	0x747	
decompiler	CODE:42a5	CODE:4354	MOVX @DPTR,A	436	write	EXTMEM	1	INDIRECT(0x73f,0x1b0)		0x0
decompiler	CODE:42a5	CODE:435b	MOVX A,@DPTR	460	read	EXTMEM	1	INDIRECT(INDIRECT(0x73f,0x1b0),0x1ca)		
decompiler	CODE:42a5	CODE:4362	JZ 0x4366	468	read	EXTMEM	1	EXTMEM:0747	0x747	
decompiler	CODE:42a5	CODE:4373	MOVC A,@A+DPTR	488	read	EXTMEM	1	EXTMEM:0740	0x740	
decompiler	CODE:42a5	CODE:4373	MOVC A,@A+DPTR	490	read	CODE	1	PTRADD(0xb902,INT_ZEXT(mem[EXTMEM:0740]),0x1)		
decompiler	CODE:42a5	CODE:4393	JZ 0x43d8	193	read	EXTMEM	1	EXTMEM:073f	0x73f	
decompiler	CODE:42a5	CODE:439e	MOVX A,@DPTR	216	read	EXTMEM	1	INDIRECT(INDIRECT(0x73f,0xca),0xd6)		
decompiler	CODE:42a5	CODE:43c3	CJNE A,#0x61,0x43d1	272	read	EXTMEM	1	EXTMEM:073f	0x73f	
decompiler	CODE:42a5	CODE:43cf	MOV @R0,0x06	297	write	INTMEM	1	CAST(INT_ADD(mem[INTMEM:b9],0x93))		mem[INTMEM:06]
decompiler	CODE:42a5	CODE:43cf	MOV @R0,0x06	297	read	INTMEM	1	INTMEM:06	0x6	
decompiler	CODE:42a5	CODE:43de	MOV @R0,A	316	write	INTMEM	1	INTMEM:ba	0xba	mem[EXTMEM:0745]
decompiler	CODE:42a5	CODE:43de	MOV @R0,A	316	read	EXTMEM	1	EXTMEM:0745	0x745	
decompiler	CODE:42a5	CODE:43e2	MOV @R0,A	323	write	INTMEM	1	INTMEM:bb	0xbb	mem[EXTMEM:0746]
decompiler	CODE:42a5	CODE:43e2	MOV @R0,A	323	read	EXTMEM	1	EXTMEM:0746	0x746	
decompiler	CODE:42a5	CODE:43ed	RET	962	write	INTMEM	1	INTMEM:06	0x6	mem[INTMEM:06]
decompiler	CODE:42a5	CODE:43ed	RET	962	read	INTMEM	1	INTMEM:06	0x6	
decompiler	CODE:42a5	CODE:43ed	RET	969	write	INTMEM	1	INTMEM:06	0x6	mem[INTMEM:06]
decompiler	CODE:42a5	CODE:43ed	RET	969	read	INTMEM	1	INTMEM:06	0x6	
decompiler	CODE:42a5	CODE:43ed	RET	995	write	INTMEM	1	INTMEM:b9	0xb9	mem[INTMEM:b9]
decompiler	CODE:42a5	CODE:43ed	RET	995	read	INTMEM	1	INTMEM:b9	0xb9	
decompiler	CODE:42a5	CODE:43ed	RET	1002	write	INTMEM	1	INTMEM:b9	0xb9	mem[INTMEM:b9]
decompiler	CODE:42a5	CODE:43ed	RET	1002	read	INTMEM	1	INTMEM:b9	0xb9	
decompiler	CODE:42a5	CODE:43ed	RET	1028	write	INTMEM	1	INTMEM:ba	0xba	mem[INTMEM:ba]
decompiler	CODE:42a5	CODE:43ed	RET	1028	read	INTMEM	1	INTMEM:ba	0xba	
decompiler	CODE:42a5	CODE:43ed	RET	1035	write	INTMEM	1	INTMEM:ba	0xba	mem[INTMEM:ba]
decompiler	CODE:42a5	CODE:43ed	RET	1035	read	INTMEM	1	INTMEM:ba	0xba	
decompiler	CODE:42a5	CODE:43ed	RET	1061	write	INTMEM	1	INTMEM:bb	0xbb	mem[INTMEM:bb]
decompiler	CODE:42a5	CODE:43ed	RET	1061	read	INTMEM	1	INTMEM:bb	0xbb	
decompiler	CODE:42a5	CODE:43ed	RET	1068	write	INTMEM	1	INTMEM:bb	0xbb	mem[INTMEM:bb]
decompiler	CODE:42a5	CODE:43ed	RET	1068	read	INTMEM	1	INTMEM:bb	0xbb	
decompiler	CODE:42a5	CODE:43ed	RET	1094	write	INTMEM	1	INTMEM:bc	0xbc	mem[INTMEM:bc]
decompiler	CODE:42a5	CODE:43ed	RET	1094	read	INTMEM	1	INTMEM:bc	0xbc	
decompiler	CODE:42a5	CODE:43ed	RET	1101	write	INTMEM	1	INTMEM:bc	0xbc	mem[INTMEM:bc]
decompiler	CODE:42a5	CODE:43ed	RET	1101	read	INTMEM	1	INTMEM:bc	0xbc	
decompiler	CODE:42a5	CODE:43ed	RET	1127	write	INTMEM	1	INTMEM:bd	0xbd	mem[INTMEM:bd]
decompiler	CODE:42a5	CODE:43ed	RET	1127	read	INTMEM	1	INTMEM:bd	0xbd	
decompiler	CODE:42a5	CODE:43ed	RET	1134	write	INTMEM	1	INTMEM:bd	0xbd	mem[INTMEM:bd]
decompiler	CODE:42a5	CODE:43ed	RET	1134	read	INTMEM	1	INTMEM:bd	0xbd	
decompiler	CODE:42a5	CODE:43ed	RET	1160	write	EXTMEM	1	EXTMEM:073f	0x73f	mem[EXTMEM:073f]
decompiler	CODE:42a5	CODE:43ed	RET	1160	read	EXTMEM	1	EXTMEM:073f	0x73f	
decompiler	CODE:42a5	CODE:43ed	RET	1166	write	EXTMEM	1	EXTMEM:073f	0x73f	mem[EXTMEM:073f]
decompiler	CODE:42a5	CODE:43ed	RET	1166	read	EXTMEM	1	EXTMEM:073f	0x73f	
decompiler	CODE:42a5	CODE:43ed	RET	1192	write	EXTMEM	1	EXTMEM:0740	0x740	mem[EXTMEM:0740]
decompiler	CODE:42a5	CODE:43ed	RET	1192	read	EXTMEM	1	EXTMEM:0740	0x740	
decompiler	CODE:42a5	CODE:43ed	RET	1198	write	EXTMEM	1	EXTMEM:0740	0x740	mem[EXTMEM:0740]
decompiler	CODE:42a5	CODE:43ed	RET	1198	read	EXTMEM	1	EXTMEM:0740	0x740	
decompiler	CODE:42a5	CODE:43ed	RET	1224	write	EXTMEM	1	EXTMEM:0745	0x745	mem[EXTMEM:0745]
decompiler	CODE:42a5	CODE:43ed	RET	1224	read	EXTMEM	1	EXTMEM:0745	0x745	
decompiler	CODE:42a5	CODE:43ed	RET	1230	write	EXTMEM	1	EXTMEM:0745	0x745	mem[EXTMEM:0745]
decompiler	CODE:42a5	CODE:43ed	RET	1230	read	EXTMEM	1	EXTMEM:0745	0x745	
decompiler	CODE:42a5	CODE:43ed	RET	1256	write	EXTMEM	1	EXTMEM:0746	0x746	mem[EXTMEM:0746]
decompiler	CODE:42a5	CODE:43ed	RET	1256	read	EXTMEM	1	EXTMEM:0746	0x746	
decompiler	CODE:42a5	CODE:43ed	RET	1262	write	EXTMEM	1	EXTMEM:0746	0x746	mem[EXTMEM:0746]
decompiler	CODE:42a5	CODE:43ed	RET	1262	read	EXTMEM	1	EXTMEM:0746	0x746	
decompiler	CODE:42a5	CODE:43ed	RET	1288	write	EXTMEM	1	EXTMEM:0747	0x747	mem[EXTMEM:0747]
decompiler	CODE:42a5	CODE:43ed	RET	1288	read	EXTMEM	1	EXTMEM:0747	0x747	
decompiler	CODE:42a5	CODE:43ed	RET	1294	write	EXTMEM	1	EXTMEM:0747	0x747	mem[EXTMEM:0747]
decompiler	CODE:42a5	CODE:43ed	RET	1294	read	EXTMEM	1	EXTMEM:0747	0x747	
decompiler	CODE:42a5	CODE:43ed	RET	1374	write	INTMEM	1	INTMEM:06	0x6	mem[INTMEM:06]
decompiler	CODE:42a5	CODE:43ed	RET	1374	read	INTMEM	1	INTMEM:06	0x6	
decompiler	CODE:42a5	CODE:43ed	RET	1375	write	INTMEM	1	INTMEM:b9	0xb9	mem[INTMEM:b9]
decompiler	CODE:42a5	CODE:43ed	RET	1375	read	INTMEM	1	INTMEM:b9	0xb9	
decompiler	CODE:42a5	CODE:43ed	RET	1376	write	INTMEM	1	INTMEM:ba	0xba	mem[INTMEM:ba]
decompiler	CODE:42a5	CODE:43ed	RET	1376	read	INTMEM	1	INTMEM:ba	0xba	
decompiler	CODE:42a5	CODE:43ed	RET	1377	write	INTMEM	1	INTMEM:bb	0xbb	mem[INTMEM:bb]
decompiler	CODE:42a5	CODE:43ed	RET	1377	read	INTMEM	1	INTMEM:bb	0xbb	
decompiler	CODE:42a5	CODE:43ed	RET	1378	write	INTMEM	1	INTMEM:bc	0xbc	mem[INTMEM:bc]
decompiler	CODE:42a5	CODE:43ed	RET	1378	read	INTMEM	1	INTMEM:bc	0xbc	
decompiler	CODE:42a5	CODE:43ed	RET	1379	write	INTMEM	1	INTMEM:bd	0xbd	mem[INTMEM:bd]
decompiler	CODE:42a5	CODE:43ed	RET	1379	read	INTMEM	1	INTMEM:bd	0xbd	
decompiler	CODE:42a5	CODE:43ed	RET	1380	write	EXTMEM	1	EXTMEM:073f	0x73f	mem[EXTMEM:073f]
decompiler	CODE:42a5	CODE:43ed	RET	1380	read	EXTMEM	1	EXTMEM:073f	0x73f	
decompiler	CODE:42a5	CODE:43ed	RET	1381	write	EXTMEM	1	EXTMEM:0740	0x740	mem[EXTMEM:0740]
decompiler	CODE:42a5	CODE:43ed	RET	1381	read	EXTMEM	1	EXTMEM:0740	0x740	
decompiler	CODE:42a5	CODE:43ed	RET	1382	write	EXTMEM	1	EXTMEM:0745	0x745	mem[EXTMEM:0745]
decompiler	CODE:42a5	CODE:43ed	RET	1382	read	EXTMEM	1	EXTMEM:0745	0x745	
decompiler	CODE:42a5	CODE:43ed	RET	1383	write	EXTMEM	1	EXTMEM:0746	0x746	mem[EXTMEM:0746]
decompiler	CODE:42a5	CODE:43ed	RET	1383	read	EXTMEM	1	EXTMEM:0746	0x746	
decompiler	CODE:42a5	CODE:43ed	RET	1384	write	EXTMEM	1	EXTMEM:0747	0x747	mem[EXTMEM:0747]
decompiler	CODE:42a5	CODE:43ed	RET	1384	read	EXTMEM	1	EXTMEM:0747	0x747	
decompiler	CODE:42a5	CODE:43ed	RET	1397	write	INTMEM	1	INTMEM:06	0x6	mem[INTMEM:06]
decompiler	CODE:42a5	CODE:43ed	RET	1397	read	INTMEM	1	INTMEM:06	0x6	
decompiler	CODE:42a5	CODE:43ed	RET	1398	write	INTMEM	1	INTMEM:b9	0xb9	mem[INTMEM:b9]
decompiler	CODE:42a5	CODE:43ed	RET	1398	read	INTMEM	1	INTMEM:b9	0xb9	
decompiler	CODE:42a5	CODE:43ed	RET	1399	write	INTMEM	1	INTMEM:ba	0xba	mem[INTMEM:ba]
decompiler	CODE:42a5	CODE:43ed	RET	1399	read	INTMEM	1	INTMEM:ba	0xba	
decompiler	CODE:42a5	CODE:43ed	RET	1400	write	INTMEM	1	INTMEM:bb	0xbb	mem[INTMEM:bb]
decompiler	CODE:42a5	CODE:43ed	RET	1400	read	INTMEM	1	INTMEM:bb	0xbb	
decompiler	CODE:42a5	CODE:43ed	RET	1401	write	INTMEM	1	INTMEM:bc	0xbc	mem[INTMEM:bc]
decompiler	CODE:42a5	CODE:43ed	RET	1401	read	INTMEM	1	INTMEM:bc	0xbc	
decompiler	CODE:42a5	CODE:43ed	RET	1402	write	INTMEM	1	INTMEM:bd	0xbd	mem[INTMEM:bd]
decompiler	CODE:42a5	CODE:43ed	RET	1402	read	INTMEM	1	INTMEM:bd	0xbd	
decompiler	CODE:42a5	CODE:43ed	RET	1403	write	EXTMEM	1	EXTMEM:073f	0x73f	mem[EXTMEM:073f]
decompiler	CODE:42a5	CODE:43ed	RET	1403	read	EXTMEM	1	EXTMEM:073f	0x73f	
decompiler	CODE:42a5	CODE:43ed	RET	1404	write	EXTMEM	1	EXTMEM:0740	0x740	mem[EXTMEM:0740]
decompiler	CODE:42a5	CODE:43ed	RET	1404	read	EXTMEM	1	EXTMEM:0740	0x740	
decompiler	CODE:42a5	CODE:43ed	RET	1405	write	EXTMEM	1	EXTMEM:0745	0x745	mem[EXTMEM:0745]
decompiler	CODE:42a5	CODE:43ed	RET	1405	read	EXTMEM	1	EXTMEM:0745	0x745	
decompiler	CODE:42a5	CODE:43ed	RET	1406	write	EXTMEM	1	EXTMEM:0746	0x746	mem[EXTMEM:0746]
decompiler	CODE:42a5	CODE:43ed	RET	1406	read	EXTMEM	1	EXTMEM:0746	0x746	
decompiler	CODE:42a5	CODE:43ed	RET	1407	write	EXTMEM	1	EXTMEM:0747	0x747	mem[EXTMEM:0747]
decompiler	CODE:42a5	CODE:43ed	RET	1407	read	EXTMEM	1	EXTMEM:0747	0x747	
decompiler	CODE:43ee	CODE:43fa	RET	45	write	INTMEM	1	INTMEM:b3	0xb3	mem[INTMEM:b3]
decompiler	CODE:43ee	CODE:43fa	RET	45	read	INTMEM	1	INTMEM:b3	0xb3	
decompiler	CODE:43f0	CODE:43f0	MOV A,@R0	0	read	INTMEM	1	(register, 0x0, 1)		
decompiler	CODE:440b	CODE:4412	RET	26	write	INTMEM	1	INTMEM:b3	0xb3	mem[INTMEM:b3]
decompiler	CODE:440b	CODE:4412	RET	26	read	INTMEM	1	INTMEM:b3	0xb3	
decompiler	CODE:4413	CODE:4421	LJMP 0xaccc	31	write	EXTMEM	1	EXTMEM:04ad	0x4ad	mem[EXTMEM:04ad]
decompiler	CODE:4413	CODE:4421	LJMP 0xaccc	31	read	EXTMEM	1	EXTMEM:04ad	0x4ad	
decompiler	CODE:4413	CODE:4421	LJMP 0xaccc	33	write	EXTMEM	1	EXTMEM:04ae	0x4ae	mem[EXTMEM:04ae]
decompiler	CODE:4413	CODE:4421	LJMP 0xaccc	33	read	EXTMEM	1	EXTMEM:04ae	0x4ae	
decompiler	CODE:4434	CODE:4440	RET	45	write	INTMEM	1	INTMEM:b3	0xb3	mem[INTMEM:b3]
decompiler	CODE:4434	CODE:4440	RET	45	read	INTMEM	1	INTMEM:b3	0xb3	
decompiler	CODE:4436	CODE:4436	MOV A,@R0	0	read	INTMEM	1	(register, 0x0, 1)		
decompiler	CODE:4441	CODE:444d	RET	45	write	INTMEM	1	INTMEM:b3	0xb3	mem[INTMEM:b3]
decompiler	CODE:4441	CODE:444d	RET	45	read	INTMEM	1	INTMEM:b3	0xb3	
decompiler	CODE:444e	CODE:445a	RET	45	write	INTMEM	1	INTMEM:b3	0xb3	mem[INTMEM:b3]
decompiler	CODE:444e	CODE:445a	RET	45	read	INTMEM	1	INTMEM:b3	0xb3	
decompiler	CODE:445b	CODE:4467	RET	45	write	INTMEM	1	INTMEM:b3	0xb3	mem[INTMEM:b3]
decompiler	CODE:445b	CODE:4467	RET	45	read	INTMEM	1	INTMEM:b3	0xb3	
decompiler	CODE:4468	CODE:446e	MOVX A,@DPTR	8	read	EXTMEM	1	EXTMEM:04a6	0x4a6	
decompiler	CODE:4468	CODE:446f	RET	19	write	EXTMEM	1	EXTMEM:04a5	0x4a5	mem[EXTMEM:04a5]
decompiler	CODE:4468	CODE:446f	RET	19	read	EXTMEM	1	EXTMEM:04a5	0x4a5	
decompiler	CODE:4468	CODE:446f	RET	20	write	EXTMEM	1	EXTMEM:04a6	0x4a6	mem[EXTMEM:04a6]
decompiler	CODE:4468	CODE:446f	RET	20	read	EXTMEM	1	EXTMEM:04a6	0x4a6	
decompiler	CODE:4470	CODE:4470	MOVX A,@DPTR	1	read	EXTMEM	1	(register, 0x82, 2)		
decompiler	CODE:4470	CODE:4473	MOVX A,@DPTR	6	read	EXTMEM	1	PTRADD((register, 0x82, 2),0x1,0x1)		
decompiler	CODE:4470	CODE:4478	MOVX @DPTR,A	14	write	EXTMEM	1	EXTMEM:04d8	0x4d8	LOAD(0x311,(register, 0x82, 2))
decompiler	CODE:4470	CODE:447b	MOVX @DPTR,A	19	write	EXTMEM	1	EXTMEM:04d9	0x4d9	LOAD(0x311,PTRADD((register, 0x82, 2),0x1,0x1))
decompiler	CODE:4470	CODE:447c	RET	30	write	EXTMEM	1	EXTMEM:04d8	0x4d8	mem[EXTMEM:04d8]
decompiler	CODE:4470	CODE:447c	RET	30	read	EXTMEM	1	EXTMEM:04d8	0x4d8	
decompiler	CODE:4470	CODE:447c	RET	31	write	EXTMEM	1	EXTMEM:04d9	0x4d9	mem[EXTMEM:04d9]
decompiler	CODE:4470	CODE:447c	RET	31	read	EXTMEM	1	EXTMEM:04d9	0x4d9	
decompiler	CODE:447d	CODE:4489	RET	45	write	INTMEM	1	INTMEM:b3	0xb3	mem[INTMEM:b3]
decompiler	CODE:447d	CODE:4489	RET	45	read	INTMEM	1	INTMEM:b3	0xb3	
decompiler	CODE:4495	CODE:4497	MOVX A,@DPTR	2	read	EXTMEM	1	(register, 0x82, 2)		
decompiler	CODE:4495	CODE:449a	MOVX A,@DPTR	7	read	EXTMEM	1	PTRADD((register, 0x82, 2),0x1,0x1)		
decompiler	CODE:4495	CODE:449f	MOVX @DPTR,A	15	write	EXTMEM	1	EXTMEM:04d6	0x4d6	LOAD(0x311,(register, 0x82, 2))
decompiler	CODE:4495	CODE:44a2	MOVX @DPTR,A	20	write	EXTMEM	1	EXTMEM:04d7	0x4d7	LOAD(0x311,PTRADD((register, 0x82, 2),0x1,0x1))
decompiler	CODE:4495	CODE:44a3	RET	31	write	EXTMEM	1	EXTMEM:04d6	0x4d6	mem[EXTMEM:04d6]
decompiler	CODE:4495	CODE:44a3	RET	31	read	EXTMEM	1	EXTMEM:04d6	0x4d6	
decompiler	CODE:4495	CODE:44a3	RET	32	write	EXTMEM	1	EXTMEM:04d7	0x4d7	mem[EXTMEM:04d7]
decompiler	CODE:4495	CODE:44a3	RET	32	read	EXTMEM	1	EXTMEM:04d7	0x4d7	
decompiler	CODE:44b1	CODE:44be	RET	42	write	EXTMEM	1	EXTMEM:04b0	0x4b0	mem[EXTMEM:04b0]
decompiler	CODE:44b1	CODE:44be	RET	42	read	EXTMEM	1	EXTMEM:04b0	0x4b0	
decompiler	CODE:44b1	CODE:44be	RET	43	write	EXTMEM	1	EXTMEM:04b1	0x4b1	mem[EXTMEM:04b1]
decompiler	CODE:44b1	CODE:44be	RET	43	read	EXTMEM	1	EXTMEM:04b1	0x4b1	
decompiler	CODE:44d1	CODE:44dd	MOVX A,@DPTR	35	read	EXTMEM	1	CAST(PIECE(INT_SUB(0x6,INT_SRIGHT(INT_LEFT(INT_LESS(0x48,mem[INTMEM:b3]),0x7),0x7)),INT_ADD(mem[INTMEM:b3],0xb7)))		
decompiler	CODE:44d1	CODE:44de	RET	53	write	INTMEM	1	INTMEM:b3	0xb3	mem[INTMEM:b3]
decompiler	CODE:44d1	CODE:44de	RET	53	read	INTMEM	1	INTMEM:b3	0xb3	
decompiler	CODE:44e9	CODE:44f5	RET	45	write	INTMEM	1	INTMEM:b3	0xb3	mem[INTMEM:b3]
decompiler	CODE:44e9	CODE:44f5	RET	45	read	INTMEM	1	INTMEM:b3	0xb3	
decompiler	CODE:44f6	CODE:4502	RET	45	write	INTMEM	1	INTMEM:b3	0xb3	mem[INTMEM:b3]
decompiler	CODE:44f6	CODE:4502	RET	45	read	INTMEM	1	INTMEM:b3	0xb3	
decompiler	CODE:4503	CODE:4506	MOVX A,@DPTR	6	read	EXTMEM	1	CAST(INT_ADD((register, 0x82, 2),0x1))		
decompiler	CODE:4532	CODE:4544	MOVX @DPTR,A	23	write	EXTMEM	1	EXTMEM:0535	0x535	0x0
decompiler	CODE:4532	CODE:4546	MOVX @DPTR,A	27	write	EXTMEM	1	EXTMEM:0536	0x536	0x0
decompiler	CODE:4532	CODE:4548	MOVX @DPTR,A	31	write	EXTMEM	1	EXTMEM:0537	0x537	0x0
decompiler	CODE:4532	CODE:454a	MOVX @DPTR,A	35	write	EXTMEM	1	EXTMEM:0538	0x538	0x0
decompiler	CODE:4532	CODE:4563	MOVX @DPTR,A	63	write	EXTMEM	1	EXTMEM:0524	0x524	0x30
decompiler	CODE:4532	CODE:4566	MOVX @DPTR,A	68	write	EXTMEM	1	EXTMEM:0525	0x525	0x0
decompiler	CODE:4532	CODE:4573	LJMP 0x55c0	840	write	EXTMEM	1	EXTMEM:0518	0x518	mem[EXTMEM:0518]
decompiler	CODE:4532	CODE:4573	LJMP 0x55c0	840	read	EXTMEM	1	EXTMEM:0518	0x518	
decompiler	CODE:4532	CODE:4573	LJMP 0x55c0	863	write	EXTMEM	1	EXTMEM:0519	0x519	mem[EXTMEM:0519]
decompiler	CODE:4532	CODE:4573	LJMP 0x55c0	863	read	EXTMEM	1	EXTMEM:0519	0x519	
decompiler	CODE:4532	CODE:4573	LJMP 0x55c0	886	write	EXTMEM	1	EXTMEM:051a	0x51a	mem[EXTMEM:051a]
decompiler	CODE:4532	CODE:4573	LJMP 0x55c0	886	read	EXTMEM	1	EXTMEM:051a	0x51a	
decompiler	CODE:4532	CODE:4573	LJMP 0x55c0	909	write	EXTMEM	1	EXTMEM:051b	0x51b	mem[EXTMEM:051b]
decompiler	CODE:4532	CODE:4573	LJMP 0x55c0	909	read	EXTMEM	1	EXTMEM:051b	0x51b	
decompiler	CODE:4532	CODE:4573	LJMP 0x55c0	932	write	EXTMEM	1	EXTMEM:051c	0x51c	mem[EXTMEM:051c]
decompiler	CODE:4532	CODE:4573	LJMP 0x55c0	932	read	EXTMEM	1	EXTMEM:051c	0x51c	
decompiler	CODE:4532	CODE:4573	LJMP 0x55c0	955	write	EXTMEM	1	EXTMEM:051d	0x51d	mem[EXTMEM:051d]
decompiler	CODE:4532	CODE:4573	LJMP 0x55c0	955	read	EXTMEM	1	EXTMEM:051d	0x51d	
decompiler	CODE:4532	CODE:4573	LJMP 0x55c0	978	write	EXTMEM	1	EXTMEM:051e	0x51e	mem[EXTMEM:051e]
decompiler	CODE:4532	CODE:4573	LJMP 0x55c0	978	read	EXTMEM	1	EXTMEM:051e	0x51e	
decompiler	CODE:4532	CODE:4573	LJMP 0x55c0	1001	write	EXTMEM	1	EXTMEM:051f	0x51f	mem[EXTMEM:051f]
decompiler	CODE:4532	CODE:4573	LJMP 0x55c0	1001	read	EXTMEM	1	EXTMEM:051f	0x51f	
decompiler	CODE:4532	CODE:4573	LJMP 0x55c0	1024	write	EXTMEM	1	EXTMEM:0521	0x521	mem[EXTMEM:0521]
decompiler	CODE:4532	CODE:4573	LJMP 0x55c0	1024	read	EXTMEM	1	EXTMEM:0521	0x521	
decompiler	CODE:4532	CODE:4573	LJMP 0x55c0	1047	write	EXTMEM	1	EXTMEM:0523	0x523	mem[EXTMEM:0523]
decompiler	CODE:4532	CODE:4573	LJMP 0x55c0	1047	read	EXTMEM	1	EXTMEM:0523	0x523	
decompiler	CODE:4532	CODE:4573	LJMP 0x55c0	1070	write	EXTMEM	1	EXTMEM:0524	0x524	mem[EXTMEM:0524]
decompiler	CODE:4532	CODE:4573	LJMP 0x55c0	1070	read	EXTMEM	1	EXTMEM:0524	0x524	
decompiler	CODE:4532	CODE:4573	LJMP 0x55c0	1093	write	EXTMEM	1	EXTMEM:0525	0x525	mem[EXTMEM:0525]
decompiler	CODE:4532	CODE:4573	LJMP 0x55c0	1093	read	EXTMEM	1	EXTMEM:0525	0x525	
decompiler	CODE:4532	CODE:4573	LJMP 0x55c0	1116	write	EXTMEM	1	EXTMEM:0533	0x533	mem[EXTMEM:0533]
decompiler	CODE:4532	CODE:4573	LJMP 0x55c0	1116	read	EXTMEM	1	EXTMEM:0533	0x533	
decompiler	CODE:4532	CODE:4573	LJMP 0x55c0	1139	write	EXTMEM	1	EXTMEM:0534	0x534	mem[EXTMEM:0534]
decompiler	CODE:4532	CODE:4573	LJMP 0x55c0	1139	read	EXTMEM	1	EXTMEM:0534	0x534	
decompiler	CODE:4532	CODE:4573	LJMP 0x55c0	1162	write	EXTMEM	1	EXTMEM:0535	0x535	mem[EXTMEM:0535]
decompiler	CODE:4532	CODE:4573	LJMP 0x55c0	1162	read	EXTMEM	1	EXTMEM:0535	0x535	
decompiler	CODE:4532	CODE:4573	LJMP 0x55c0	1186	write	EXTMEM	1	EXTMEM:0536	0x536	mem[EXTMEM:0536]
decompiler	CODE:4532	CODE:4573	LJMP 0x55c0	1186	read	EXTMEM	1	EXTMEM:0536	0x536	
decompiler	CODE:4532	CODE:4573	LJMP 0x55c0	1210	write	EXTMEM	1	EXTMEM:0537	0x537	mem[EXTMEM:0537]
decompiler	CODE:4532	CODE:4573	LJMP 0x55c0	1210	read	EXTMEM	1	EXTMEM:0537	0x537	
decompiler	CODE:4532	CODE:4573	LJMP 0x55c0	1233	write	EXTMEM	1	EXTMEM:0538	0x538	mem[EXTMEM:0538]
decompiler	CODE:4532	CODE:4573	LJMP 0x55c0	1233	read	EXTMEM	1	EXTMEM:0538	0x538	
decompiler	CODE:4532	CODE:4573	LJMP 0x55c0	1256	write	EXTMEM	1	EXTMEM:0539	0x539	mem[EXTMEM:0539]
decompiler	CODE:4532	CODE:4573	LJMP 0x55c0	1256	read	EXTMEM	1	EXTMEM:0539	0x539	
decompiler	CODE:4532	CODE:4573	LJMP 0x55c0	1280	write	EXTMEM	1	EXTMEM:053a	0x53a	mem[EXTMEM:053a]
decompiler	CODE:4532	CODE:4573	LJMP 0x55c0	1280	read	EXTMEM	1	EXTMEM:053a	0x53a	
decompiler	CODE:4532	CODE:457a	JNZ 0x457e	94	read	EXTMEM	1	EXTMEM:051c	0x51c	
decompiler	CODE:4532	CODE:457a	JNZ 0x457e	1350	read	EXTMEM	1	EXTMEM:051c	0x51c	
decompiler	CODE:4532	CODE:457d	MOVX A,@DPTR	1349	read	EXTMEM	1	EXTMEM:051d	0x51d	
decompiler	CODE:4532	CODE:4584	JNZ 0x458a	106	read	EXTMEM	1	EXTMEM:051a	0x51a	
decompiler	CODE:4532	CODE:4584	JNZ 0x458a	1348	read	EXTMEM	1	EXTMEM:051a	0x51a	
decompiler	CODE:4532	CODE:45a3	MOVX @DPTR,A	149	write	EXTMEM	1	EXTMEM:0536	0x536	0x1
decompiler	CODE:4532	CODE:45ca	JZ 0x461a	817	read	EXTMEM	1	EXTMEM:053a	0x53a	
decompiler	CODE:4532	CODE:45ca	JZ 0x461a	818	read	EXTMEM	1	EXTMEM:0539	0x539	
decompiler	CODE:4532	CODE:461e	JNZ 0x4622	369	read	EXTMEM	1	EXTMEM:0535	0x535	
decompiler	CODE:4532	CODE:461e	JNZ 0x4622	1347	read	EXTMEM	1	EXTMEM:0535	0x535	
decompiler	CODE:4532	CODE:4621	MOVX A,@DPTR	1346	read	EXTMEM	1	EXTMEM:0536	0x536	
decompiler	CODE:4532	CODE:4628	JNZ 0x462c	381	read	EXTMEM	1	EXTMEM:051e	0x51e	
decompiler	CODE:4532	CODE:4628	JNZ 0x462c	1345	read	EXTMEM	1	EXTMEM:051e	0x51e	
decompiler	CODE:4532	CODE:462b	MOVX A,@DPTR	1344	read	EXTMEM	1	EXTMEM:051f	0x51f	
decompiler	CODE:4532	CODE:4632	JNB 0xe1,0x464d	393	read	EXTMEM	1	EXTMEM:0521	0x521	
decompiler	CODE:4532	CODE:4658	LCALL 0xadf3	841	write	EXTMEM	1	EXTMEM:0518	0x518	mem[EXTMEM:0518]
decompiler	CODE:4532	CODE:4658	LCALL 0xadf3	841	read	EXTMEM	1	EXTMEM:0518	0x518	
decompiler	CODE:4532	CODE:4658	LCALL 0xadf3	864	write	EXTMEM	1	EXTMEM:0519	0x519	mem[EXTMEM:0519]
decompiler	CODE:4532	CODE:4658	LCALL 0xadf3	864	read	EXTMEM	1	EXTMEM:0519	0x519	
decompiler	CODE:4532	CODE:4658	LCALL 0xadf3	887	write	EXTMEM	1	EXTMEM:051a	0x51a	mem[EXTMEM:051a]
decompiler	CODE:4532	CODE:4658	LCALL 0xadf3	887	read	EXTMEM	1	EXTMEM:051a	0x51a	
decompiler	CODE:4532	CODE:4658	LCALL 0xadf3	910	write	EXTMEM	1	EXTMEM:051b	0x51b	mem[EXTMEM:051b]
decompiler	CODE:4532	CODE:4658	LCALL 0xadf3	910	read	EXTMEM	1	EXTMEM:051b	0x51b	
decompiler	CODE:4532	CODE:4658	LCALL 0xadf3	933	write	EXTMEM	1	EXTMEM:051c	0x51c	mem[EXTMEM:051c]
decompiler	CODE:4532	CODE:4658	LCALL 0xadf3	933	read	EXTMEM	1	EXTMEM:051c	0x51c	
decompiler	CODE:4532	CODE:4658	LCALL 0xadf3	956	write	EXTMEM	1	EXTMEM:051d	0x51d	mem[EXTMEM:051d]
decompiler	CODE:4532	CODE:4658	LCALL 0xadf3	956	read	EXTMEM	1	EXTMEM:051d	0x51d	
decompiler	CODE:4532	CODE:4658	LCALL 0xadf3	979	write	EXTMEM	1	EXTMEM:051e	0x51e	mem[EXTMEM:051e]
decompiler	CODE:4532	CODE:4658	LCALL 0xadf3	979	read	EXTMEM	1	EXTMEM:051e	0x51e	
decompiler	CODE:4532	CODE:4658	LCALL 0xadf3	1002	write	EXTMEM	1	EXTMEM:051f	0x51f	mem[EXTMEM:051f]
decompiler	CODE:4532	CODE:4658	LCALL 0xadf3	1002	read	EXTMEM	1	EXTMEM:051f	0x51f	
decompiler	CODE:4532	CODE:4658	LCALL 0xadf3	1025	write	EXTMEM	1	EXTMEM:0521	0x521	mem[EXTMEM:0521]
decompiler	CODE:4532	CODE:4658	LCALL 0xadf3	1025	read	EXTMEM	1	EXTMEM:0521	0x521	
decompiler	CODE:4532	CODE:4658	LCALL 0xadf3	1048	write	EXTMEM	1	EXTMEM:0523	0x523	mem[EXTMEM:0523]
decompiler	CODE:4532	CODE:4658	LCALL 0xadf3	1048	read	EXTMEM	1	EXTMEM:0523	0x523	
decompiler	CODE:4532	CODE:4658	LCALL 0xadf3	1071	write	EXTMEM	1	EXTMEM:0524	0x524	mem[EXTMEM:0524]
decompiler	CODE:4532	CODE:4658	LCALL 0xadf3	1071	read	EXTMEM	1	EXTMEM:0524	0x524	
decompiler	CODE:4532	CODE:4658	LCALL 0xadf3	1094	write	EXTMEM	1	EXTMEM:0525	0x525	mem[EXTMEM:0525]
decompiler	CODE:4532	CODE:4658	LCALL 0xadf3	1094	read	EXTMEM	1	EXTMEM:0525	0x525	
decompiler	CODE:4532	CODE:4658	LCALL 0xadf3	1117	write	EXTMEM	1	EXTMEM:0533	0x533	mem[EXTMEM:0533]
decompiler	CODE:4532	CODE:4658	LCALL 0xadf3	1117	read	EXTMEM	1	EXTMEM:0533	0x533	
decompiler	CODE:4532	CODE:4658	LCALL 0xadf3	1140	write	EXTMEM	1	EXTMEM:0534	0x534	mem[EXTMEM:0534]
decompiler	CODE:4532	CODE:4658	LCALL 0xadf3	1140	read	EXTMEM	1	EXTMEM:0534	0x534	
decompiler	CODE:4532	CODE:4658	LCALL 0xadf3	1163	write	EXTMEM	1	EXTMEM:0535	0x535	mem[EXTMEM:0535]
decompiler	CODE:4532	CODE:4658	LCALL 0xadf3	1163	read	EXTMEM	1	EXTMEM:0535	0x535	
decompiler	CODE:4532	CODE:4658	LCALL 0xadf3	1187	write	EXTMEM	1	EXTMEM:0536	0x536	mem[EXTMEM:0536]
decompiler	CODE:4532	CODE:4658	LCALL 0xadf3	1187	read	EXTMEM	1	EXTMEM:0536	0x536	
decompiler	CODE:4532	CODE:4658	LCALL 0xadf3	1211	write	EXTMEM	1	EXTMEM:0537	0x537	mem[EXTMEM:0537]
decompiler	CODE:4532	CODE:4658	LCALL 0xadf3	1211	read	EXTMEM	1	EXTMEM:0537	0x537	
decompiler	CODE:4532	CODE:4658	LCALL 0xadf3	1234	write	EXTMEM	1	EXTMEM:0538	0x538	mem[EXTMEM:0538]
decompiler	CODE:4532	CODE:4658	LCALL 0xadf3	1234	read	EXTMEM	1	EXTMEM:0538	0x538	
decompiler	CODE:4532	CODE:4658	LCALL 0xadf3	1257	write	EXTMEM	1	EXTMEM:0539	0x539	mem[EXTMEM:0539]
decompiler	CODE:4532	CODE:4658	LCALL 0xadf3	1257	read	EXTMEM	1	EXTMEM:0539	0x539	
decompiler	CODE:4532	CODE:4658	LCALL 0xadf3	1281	write	EXTMEM	1	EXTMEM:053a	0x53a	mem[EXTMEM:053a]
decompiler	CODE:4532	CODE:4658	LCALL 0xadf3	1281	read	EXTMEM	1	EXTMEM:053a	0x53a	
decompiler	CODE:4699	CODE:46a3	RET	54	write	INTMEM	1	INTMEM:b3	0xb3	mem[INTMEM:b3]
decompiler	CODE:4699	CODE:46a3	RET	54	read	INTMEM	1	INTMEM:b3	0xb3	
decompiler	CODE:46b2	CODE:46ca	RET	62	write	EXTMEM	1	EXTMEM:04aa	0x4aa	mem[EXTMEM:04aa]
decompiler	CODE:46b2	CODE:46ca	RET	62	read	EXTMEM	1	EXTMEM:04aa	0x4aa	
decompiler	CODE:46cb	CODE:46da	LJMP 0xac2d	28	write	INTMEM	1	INTMEM:b7	0xb7	mem[INTMEM:b7]
decompiler	CODE:46cb	CODE:46da	LJMP 0xac2d	28	read	INTMEM	1	INTMEM:b7	0xb7	
decompiler	CODE:46cb	CODE:46da	LJMP 0xac2d	30	write	INTMEM	1	INTMEM:b8	0xb8	mem[INTMEM:b8]
decompiler	CODE:46cb	CODE:46da	LJMP 0xac2d	30	read	INTMEM	1	INTMEM:b8	0xb8	
decompiler	CODE:46cf	CODE:46cf	MOV A,@R0	0	read	INTMEM	1	(register, 0x0, 1)		
decompiler	CODE:46cf	CODE:46d2	MOV A,@R0	4	read	INTMEM	1	PTRADD((register, 0x0, 1),0x1,0x1)		
decompiler	CODE:46dd	CODE:46ec	MOVX A,@DPTR	25	read	EXTMEM	1	EXTMEM:04a9	0x4a9	
decompiler	CODE:46dd	CODE:46f1	RET	52	write	EXTMEM	1	EXTMEM:04a8	0x4a8	mem[EXTMEM:04a8]
decompiler	CODE:46dd	CODE:46f1	RET	52	read	EXTMEM	1	EXTMEM:04a8	0x4a8	
decompiler	CODE:46dd	CODE:46f1	RET	55	write	EXTMEM	1	EXTMEM:04a9	0x4a9	mem[EXTMEM:04a9]
decompiler	CODE:46dd	CODE:46f1	RET	55	read	EXTMEM	1	EXTMEM:04a9	0x4a9	
decompiler	CODE:46e6	CODE:46ec	MOVX A,@DPTR	8	read	EXTMEM	1	EXTMEM:04a9	0x4a9	
decompiler	CODE:46e6	CODE:46f1	RET	25	write	EXTMEM	1	EXTMEM:04a8	0x4a8	mem[EXTMEM:04a8]
decompiler	CODE:46e6	CODE:46f1	RET	25	read	EXTMEM	1	EXTMEM:04a8	0x4a8	
decompiler	CODE:46e6	CODE:46f1	RET	26	write	EXTMEM	1	EXTMEM:04a9	0x4a9	mem[EXTMEM:04a9]
decompiler	CODE:46e6	CODE:46f1	RET	26	read	EXTMEM	1	EXTMEM:04a9	0x4a9	
decompiler	CODE:4758	CODE:4758	MOVX A,@DPTR	1	read	EXTMEM	1	(register, 0x82, 2)		
decompiler	CODE:476c	CODE:476d	MOVX @DPTR,A	3	write	EXTMEM	1	(register, 0x82, 2)		(register, 0x6, 1)
decompiler	CODE:476c	CODE:4770	MOVX @DPTR,A	8	write	EXTMEM	1	PTRADD((register, 0x82, 2),0x1,0x1)		(register, 0x7, 1)
decompiler	CODE:476c	CODE:4773	MOVX @DPTR,A	13	write	EXTMEM	1	PTRADD((register, 0x82, 2),0x2,0x1)		(register, 0x4, 1)
decompiler	CODE:476c	CODE:4776	MOVX @DPTR,A	18	write	EXTMEM	1	PTRADD((register, 0x82, 2),0x3,0x1)		(register, 0x5, 1)
decompiler	CODE:4790	CODE:4790	MOVX A,@DPTR	1	read	EXTMEM	1	(register, 0x82, 2)		
decompiler	CODE:4790	CODE:4798	MOVX @DPTR,A	14	write	EXTMEM	1	EXTMEM:04d6	0x4d6	LOAD(0x311,(register, 0x82, 2))
decompiler	CODE:4790	CODE:4799	RET	25	write	EXTMEM	1	EXTMEM:04d6	0x4d6	mem[EXTMEM:04d6]
decompiler	CODE:4790	CODE:4799	RET	25	read	EXTMEM	1	EXTMEM:04d6	0x4d6	
decompiler	CODE:47a3	CODE:47a8	MOVX @DPTR,A	4	write	EXTMEM	1	EXTMEM:04a5	0x4a5	0x6
decompiler	CODE:47a3	CODE:47a9	RET	15	write	EXTMEM	1	EXTMEM:04a5	0x4a5	0x6
decompiler	CODE:47a3	CODE:47a9	RET	15	read	EXTMEM	1	EXTMEM:04a5	0x4a5	
decompiler	CODE:47aa	CODE:47aa	PUSH A	219	read	INTMEM	1	INTMEM:00	0x0	
decompiler	CODE:47aa	CODE:47aa	PUSH A	220	read	INTMEM	1	INTMEM:01	0x1	
decompiler	CODE:47aa	CODE:47aa	PUSH A	221	read	INTMEM	1	INTMEM:02	0x2	
decompiler	CODE:47aa	CODE:47aa	PUSH A	222	read	INTMEM	1	INTMEM:03	0x3	
decompiler	CODE:47aa	CODE:47aa	PUSH A	223	read	INTMEM	1	INTMEM:04	0x4	
decompiler	CODE:47aa	CODE:47aa	PUSH A	224	read	INTMEM	1	INTMEM:05	0x5	
decompiler	CODE:47aa	CODE:47aa	PUSH A	225	read	INTMEM	1	INTMEM:06	0x6	
decompiler	CODE:47aa	CODE:47aa	PUSH A	226	read	INTMEM	1	INTMEM:07	0x7	
decompiler	CODE:47aa	CODE:47c9	MOV @R0,#0x0	29	write	INTMEM	1	INTMEM:b9	0xb9	0x0
decompiler	CODE:47aa	CODE:47d2	MOVX @DPTR,A	37	write	EXTMEM	1	EXTMEM:03ec	0x3ec	mem[EXTMEM:2165]
decompiler	CODE:47aa	CODE:47d2	MOVX @DPTR,A	37	read	EXTMEM	1	EXTMEM:2165	0x2165	
decompiler	CODE:47aa	CODE:47e5	POP 0x07	66	write	INTMEM	1	INTMEM:07	0x7	COPY(mem[INTMEM:07])
decompiler	CODE:47aa	CODE:47e7	POP 0x06	68	write	INTMEM	1	INTMEM:06	0x6	COPY(mem[INTMEM:06])
decompiler	CODE:47aa	CODE:47e9	POP 0x05	70	write	INTMEM	1	INTMEM:05	0x5	COPY(mem[INTMEM:05])
decompiler	CODE:47aa	CODE:47eb	POP 0x04	72	write	INTMEM	1	INTMEM:04	0x4	COPY(mem[INTMEM:04])
decompiler	CODE:47aa	CODE:47ed	POP 0x03	74	write	INTMEM	1	INTMEM:03	0x3	COPY(mem[INTMEM:03])
decompiler	CODE:47aa	CODE:47ef	POP 0x02	76	write	INTMEM	1	INTMEM:02	0x2	COPY(mem[INTMEM:02])
decompiler	CODE:47aa	CODE:47f1	POP 0x01	78	write	INTMEM	1	INTMEM:01	0x1	COPY(mem[INTMEM:01])
decompiler	CODE:47aa	CODE:47f3	POP 0x00	80	write	INTMEM	1	INTMEM:00	0x0	COPY(mem[INTMEM:00])
decompiler	CODE:47aa	CODE:47ff	RETI	144	write	INTMEM	1	INTMEM:00	0x0	mem[INTMEM:00]
decompiler	CODE:47aa	CODE:47ff	RETI	144	read	INTMEM	1	INTMEM:00	0x0	
decompiler	CODE:47aa	CODE:47ff	RETI	147	write	INTMEM	1	INTMEM:01	0x1	mem[INTMEM:01]
decompiler	CODE:47aa	CODE:47ff	RETI	147	read	INTMEM	1	INTMEM:01	0x1	
decompiler	CODE:47aa	CODE:47ff	RETI	150	write	INTMEM	1	INTMEM:02	0x2	mem[INTMEM:02]
decompiler	CODE:47aa	CODE:47ff	RETI	150	read	INTMEM	1	INTMEM:02	0x2	
decompiler	CODE:47aa	CODE:47ff	RETI	153	write	INTMEM	1	INTMEM:03	0x3	mem[INTMEM:03]
decompiler	CODE:47aa	CODE:47ff	RETI	153	read	INTMEM	1	INTMEM:03	0x3	
decompiler	CODE:47aa	CODE:47ff	RETI	156	write	INTMEM	1	INTMEM:04	0x4	mem[INTMEM:04]
decompiler	CODE:47aa	CODE:47ff	RETI	156	read	INTMEM	1	INTMEM:04	0x4	
decompiler	CODE:47aa	CODE:47ff	RETI	159	write	INTMEM	1	INTMEM:05	0x5	mem[INTMEM:05]
decompiler	CODE:47aa	CODE:47ff	RETI	159	read	INTMEM	1	INTMEM:05	0x5	
decompiler	CODE:47aa	CODE:47ff	RETI	162	write	INTMEM	1	INTMEM:06	0x6	mem[INTMEM:06]
decompiler	CODE:47aa	CODE:47ff	RETI	162	read	INTMEM	1	INTMEM:06	0x6	
decompiler	CODE:47aa	CODE:47ff	RETI	165	write	INTMEM	1	INTMEM:07	0x7	mem[INTMEM:07]
decompiler	CODE:47aa	CODE:47ff	RETI	165	read	INTMEM	1	INTMEM:07	0x7	
decompiler	CODE:47aa	CODE:47ff	RETI	168	write	INTMEM	1	INTMEM:b9	0xb9	mem[INTMEM:b9]
decompiler	CODE:47aa	CODE:47ff	RETI	168	read	INTMEM	1	INTMEM:b9	0xb9	
decompiler	CODE:47aa	CODE:47ff	RETI	171	write	EXTMEM	1	EXTMEM:03ec	0x3ec	mem[EXTMEM:03ec]
decompiler	CODE:47aa	CODE:47ff	RETI	171	read	EXTMEM	1	EXTMEM:03ec	0x3ec	
decompiler	CODE:47aa	CODE:47ff	RETI	175	write	EXTMEM	1	EXTMEM:2165	0x2165	mem[EXTMEM:2165]
decompiler	CODE:47aa	CODE:47ff	RETI	175	read	EXTMEM	1	EXTMEM:2165	0x2165	
decompiler	CODE:4800	CODE:481c	JNZ 0x4822	41	read	EXTMEM	1	EXTMEM:04aa	0x4aa	
decompiler	CODE:4800	CODE:481c	JNZ 0x4822	447	read	EXTMEM	1	EXTMEM:04aa	0x4aa	
decompiler	CODE:4800	CODE:4830	JNZ 0x4836	80	read	EXTMEM	1	EXTMEM:04aa	0x4aa	
decompiler	CODE:4800	CODE:4830	JNZ 0x4836	446	read	EXTMEM	1	EXTMEM:04aa	0x4aa	
decompiler	CODE:4800	CODE:4844	JNZ 0x484a	97	read	EXTMEM	1	EXTMEM:04aa	0x4aa	
decompiler	CODE:4800	CODE:4844	JNZ 0x484a	445	read	EXTMEM	1	EXTMEM:04aa	0x4aa	
decompiler	CODE:4800	CODE:4858	JNZ 0x485e	114	read	EXTMEM	1	EXTMEM:04aa	0x4aa	
decompiler	CODE:4800	CODE:4858	JNZ 0x485e	444	read	EXTMEM	1	EXTMEM:04aa	0x4aa	
decompiler	CODE:4800	CODE:486c	JNZ 0x4872	131	read	EXTMEM	1	EXTMEM:04aa	0x4aa	
decompiler	CODE:4800	CODE:486c	JNZ 0x4872	443	read	EXTMEM	1	EXTMEM:04aa	0x4aa	
decompiler	CODE:4800	CODE:4880	JNZ 0x4886	148	read	EXTMEM	1	EXTMEM:04aa	0x4aa	
decompiler	CODE:4800	CODE:4880	JNZ 0x4886	442	read	EXTMEM	1	EXTMEM:04aa	0x4aa	
decompiler	CODE:4800	CODE:4894	JNZ 0x489a	165	read	EXTMEM	1	EXTMEM:04aa	0x4aa	
decompiler	CODE:4800	CODE:4894	JNZ 0x489a	441	read	EXTMEM	1	EXTMEM:04aa	0x4aa	
decompiler	CODE:4800	CODE:48a8	JNZ 0x48ae	182	read	EXTMEM	1	EXTMEM:04aa	0x4aa	
decompiler	CODE:4800	CODE:48a8	JNZ 0x48ae	440	read	EXTMEM	1	EXTMEM:04aa	0x4aa	
decompiler	CODE:4800	CODE:48bc	JNZ 0x48c2	199	read	EXTMEM	1	EXTMEM:04aa	0x4aa	
decompiler	CODE:4800	CODE:48bc	JNZ 0x48c2	439	read	EXTMEM	1	EXTMEM:04aa	0x4aa	
decompiler	CODE:4800	CODE:48d0	JNZ 0x48d6	216	read	EXTMEM	1	EXTMEM:04aa	0x4aa	
decompiler	CODE:4800	CODE:48d0	JNZ 0x48d6	438	read	EXTMEM	1	EXTMEM:04aa	0x4aa	
decompiler	CODE:4800	CODE:48e4	JNZ 0x48ea	233	read	EXTMEM	1	EXTMEM:04aa	0x4aa	
decompiler	CODE:4800	CODE:48e4	JNZ 0x48ea	437	read	EXTMEM	1	EXTMEM:04aa	0x4aa	
decompiler	CODE:4800	CODE:48f8	JNZ 0x48fe	250	read	EXTMEM	1	EXTMEM:04aa	0x4aa	
decompiler	CODE:4800	CODE:48f8	JNZ 0x48fe	436	read	EXTMEM	1	EXTMEM:04aa	0x4aa	
decompiler	CODE:4800	CODE:491d	LJMP 0x87aa	397	write	EXTMEM	1	EXTMEM:04aa	0x4aa	mem[EXTMEM:04aa]
decompiler	CODE:4800	CODE:491d	LJMP 0x87aa	397	read	EXTMEM	1	EXTMEM:04aa	0x4aa	
decompiler	CODE:4800	CODE:491d	LJMP 0x87aa	406	write	EXTMEM	1	EXTMEM:04ab	0x4ab	mem[EXTMEM:04ab]
decompiler	CODE:4800	CODE:491d	LJMP 0x87aa	406	read	EXTMEM	1	EXTMEM:04ab	0x4ab	
decompiler	CODE:4920	CODE:4925	MOV @R0,0x07	10	write	INTMEM	1	INTMEM:17	0x17	mem[INTMEM:07]
decompiler	CODE:4920	CODE:4925	MOV @R0,0x07	10	read	INTMEM	1	INTMEM:07	0x7	
decompiler	CODE:4920	CODE:494a	JZ 0x4958	123	read	INTMEM	1	INTMEM:17	0x17	
decompiler	CODE:4920	CODE:494e	JZ 0x4952	138	read	INTMEM	1	INTMEM:17	0x17	
decompiler	CODE:4920	CODE:4954	MOV @R0,#0x1	143	write	INTMEM	1	INTMEM:16	0x16	0x1
decompiler	CODE:4920	CODE:49a4	CJNE A,#0x2,0x49b8	261	read	INTMEM	1	INTMEM:17	0x17	
decompiler	CODE:4920	CODE:49b4	MOV @R0,#0x7	26	write	INTMEM	1	INTMEM:16	0x16	0x7
decompiler	CODE:4920	CODE:49c3	JZ 0x49d2	300	read	INTMEM	1	INTMEM:17	0x17	
decompiler	CODE:4920	CODE:49c8	JZ 0x49d2	304	read	INTMEM	1	INTMEM:17	0x17	
decompiler	CODE:4920	CODE:49cb	MOV @R0,#0x7	308	write	INTMEM	1	INTMEM:16	0x16	0x7
decompiler	CODE:4920	CODE:49d0	JNZ 0x4a18	311	read	INTMEM	1	INTMEM:17	0x17	
decompiler	CODE:4920	CODE:4a1f	LJMP 0x25d4	584	write	INTMEM	1	INTMEM:07	0x7	mem[INTMEM:07]
decompiler	CODE:4920	CODE:4a1f	LJMP 0x25d4	584	read	INTMEM	1	INTMEM:07	0x7	
decompiler	CODE:4920	CODE:4a1f	LJMP 0x25d4	609	write	INTMEM	1	INTMEM:16	0x16	mem[INTMEM:16]
decompiler	CODE:4920	CODE:4a1f	LJMP 0x25d4	609	read	INTMEM	1	INTMEM:16	0x16	
decompiler	CODE:4920	CODE:4a1f	LJMP 0x25d4	634	write	INTMEM	1	INTMEM:17	0x17	mem[INTMEM:17]
decompiler	CODE:4920	CODE:4a1f	LJMP 0x25d4	634	read	INTMEM	1	INTMEM:17	0x17	
decompiler	CODE:4a22	CODE:4a2c	MOV @R0,#0x7	19	write	INTMEM	1	INTMEM:16	0x16	0x7
decompiler	CODE:4a22	CODE:4a31	XRL A,@R0	23	read	INTMEM	1	INTMEM:17	0x17	
decompiler	CODE:4a22	CODE:4a32	RET	44	write	INTMEM	1	INTMEM:16	0x16	0x7
decompiler	CODE:4a22	CODE:4a32	RET	44	read	INTMEM	1	INTMEM:16	0x16	
decompiler	CODE:4a22	CODE:4a32	RET	47	write	INTMEM	1	INTMEM:17	0x17	mem[INTMEM:17]
decompiler	CODE:4a22	CODE:4a32	RET	47	read	INTMEM	1	INTMEM:17	0x17	
decompiler	CODE:4a33	CODE:4a38	MOV @R0,#0x7	10	write	INTMEM	1	INTMEM:16	0x16	0x7
decompiler	CODE:4a33	CODE:4a3d	XRL A,@R0	14	read	INTMEM	1	INTMEM:17	0x17	
decompiler	CODE:4a33	CODE:4a3e	RET	29	write	INTMEM	1	INTMEM:16	0x16	0x7
decompiler	CODE:4a33	CODE:4a3e	RET	29	read	INTMEM	1	INTMEM:16	0x16	
decompiler	CODE:4a33	CODE:4a3e	RET	31	write	INTMEM	1	INTMEM:17	0x17	mem[INTMEM:17]
decompiler	CODE:4a33	CODE:4a3e	RET	31	read	INTMEM	1	INTMEM:17	0x17	
decompiler	CODE:4a3f	CODE:4a3f	SETB 0x0d	0	write	BITS	1	BITS:0d	0xd	0x1
decompiler	CODE:4a3f	CODE:4a82	MOVX @DPTR,A	139	write	EXTMEM	1	INDIRECT(0x3ef,0x87)		INDIRECT(INDIRECT(INDIRECT(INDIRECT(INDIRECT((register, 0x6, 1),0x3f),0x48),0x51),0x5a),0x87)
decompiler	CODE:4a3f	CODE:4a85	MOVX @DPTR,A	144	write	EXTMEM	1	PTRADD(INDIRECT(0x3ef,0x87),0x1,0x1)		INDIRECT(INT_ADD(mem[EXTMEM:03f0],INDIRECT(0x6,0x5a)),0x87)
decompiler	CODE:4a3f	CODE:4a86	SETB 0x0d	145	write	BITS	1	BITS:0d	0xd	0x1
decompiler	CODE:4a3f	CODE:4aab	MOVX @DPTR,A	189	write	EXTMEM	1	EXTMEM:0af8	0xaf8	mem[INTMEM:99]
decompiler	CODE:4a3f	CODE:4aab	MOVX @DPTR,A	189	read	INTMEM	1	INTMEM:99	0x99	
decompiler	CODE:4a3f	CODE:4aae	MOVX @DPTR,A	194	write	EXTMEM	1	EXTMEM:0af9	0xaf9	mem[INTMEM:9a]
decompiler	CODE:4a3f	CODE:4aae	MOVX @DPTR,A	194	read	INTMEM	1	INTMEM:9a	0x9a	
decompiler	CODE:4a3f	CODE:4abe	MOV @R0,0x07	238	write	INTMEM	1	INTMEM:9b	0x9b	mem[INTMEM:07]
decompiler	CODE:4a3f	CODE:4abe	MOV @R0,0x07	238	read	INTMEM	1	INTMEM:07	0x7	
decompiler	CODE:4a3f	CODE:4ac8	MOVX @DPTR,A	247	write	EXTMEM	1	EXTMEM:04a4	0x4a4	0x0
decompiler	CODE:4a3f	CODE:4acb	MOVX @DPTR,A	252	write	EXTMEM	1	EXTMEM:04a5	0x4a5	mem[INTMEM:23]
decompiler	CODE:4a3f	CODE:4acb	MOVX @DPTR,A	252	read	INTMEM	1	INTMEM:23	0x23	
decompiler	CODE:4a3f	CODE:4ad7	MOVX @DPTR,A	268	write	EXTMEM	1	EXTMEM:04a6	0x4a6	0x0
decompiler	CODE:4a3f	CODE:4aec	MOVX @DPTR,A	292	write	EXTMEM	1	EXTMEM:04d6	0x4d6	mem[EXTMEM:04a4]
decompiler	CODE:4a3f	CODE:4aec	MOVX @DPTR,A	292	read	EXTMEM	1	EXTMEM:04a4	0x4a4	
decompiler	CODE:4a3f	CODE:4aef	MOVX @DPTR,A	297	write	EXTMEM	1	EXTMEM:04d7	0x4d7	mem[EXTMEM:04a5]
decompiler	CODE:4a3f	CODE:4aef	MOVX @DPTR,A	297	read	EXTMEM	1	EXTMEM:04a5	0x4a5	
decompiler	CODE:4a3f	CODE:4af2	MOVX @DPTR,A	302	write	EXTMEM	1	EXTMEM:04d8	0x4d8	0x0
decompiler	CODE:4a3f	CODE:4b06	MOVX @DPTR,A	332	write	EXTMEM	1	EXTMEM:04dc	0x4dc	mem[EXTMEM:0443]
decompiler	CODE:4a3f	CODE:4b06	MOVX @DPTR,A	332	read	EXTMEM	1	EXTMEM:0443	0x443	
decompiler	CODE:4a3f	CODE:4b09	MOVX @DPTR,A	337	write	EXTMEM	1	EXTMEM:04dd	0x4dd	mem[EXTMEM:0444]
decompiler	CODE:4a3f	CODE:4b09	MOVX @DPTR,A	337	read	EXTMEM	1	EXTMEM:0444	0x444	
decompiler	CODE:4a3f	CODE:4b37	LJMP 0x87aa	761	write	INTMEM	1	INTMEM:07	0x7	mem[INTMEM:07]
decompiler	CODE:4a3f	CODE:4b37	LJMP 0x87aa	761	read	INTMEM	1	INTMEM:07	0x7	
decompiler	CODE:4a3f	CODE:4b37	LJMP 0x87aa	788	write	INTMEM	1	INTMEM:23	0x23	mem[INTMEM:23]
decompiler	CODE:4a3f	CODE:4b37	LJMP 0x87aa	788	read	INTMEM	1	INTMEM:23	0x23	
decompiler	CODE:4a3f	CODE:4b37	LJMP 0x87aa	815	write	INTMEM	1	INTMEM:99	0x99	mem[INTMEM:99]
decompiler	CODE:4a3f	CODE:4b37	LJMP 0x87aa	815	read	INTMEM	1	INTMEM:99	0x99	
decompiler	CODE:4a3f	CODE:4b37	LJMP 0x87aa	842	write	INTMEM	1	INTMEM:9a	0x9a	mem[INTMEM:9a]
decompiler	CODE:4a3f	CODE:4b37	LJMP 0x87aa	842	read	INTMEM	1	INTMEM:9a	0x9a	
decompiler	CODE:4a3f	CODE:4b37	LJMP 0x87aa	869	write	INTMEM	1	INTMEM:9b	0x9b	mem[INTMEM:9b]
decompiler	CODE:4a3f	CODE:4b37	LJMP 0x87aa	869	read	INTMEM	1	INTMEM:9b	0x9b	
decompiler	CODE:4a3f	CODE:4b37	LJMP 0x87aa	896	write	EXTMEM	1	EXTMEM:03ef	0x3ef	mem[EXTMEM:03ef]
decompiler	CODE:4a3f	CODE:4b37	LJMP 0x87aa	896	read	EXTMEM	1	EXTMEM:03ef	0x3ef	
decompiler	CODE:4a3f	CODE:4b37	LJMP 0x87aa	925	write	EXTMEM	1	EXTMEM:03f0	0x3f0	mem[EXTMEM:03f0]
decompiler	CODE:4a3f	CODE:4b37	LJMP 0x87aa	925	read	EXTMEM	1	EXTMEM:03f0	0x3f0	
decompiler	CODE:4a3f	CODE:4b37	LJMP 0x87aa	954	write	EXTMEM	1	EXTMEM:0441	0x441	mem[EXTMEM:0441]
decompiler	CODE:4a3f	CODE:4b37	LJMP 0x87aa	954	read	EXTMEM	1	EXTMEM:0441	0x441	
decompiler	CODE:4a3f	CODE:4b37	LJMP 0x87aa	983	write	EXTMEM	1	EXTMEM:0442	0x442	mem[EXTMEM:0442]
decompiler	CODE:4a3f	CODE:4b37	LJMP 0x87aa	983	read	EXTMEM	1	EXTMEM:0442	0x442	
decompiler	CODE:4a3f	CODE:4b37	LJMP 0x87aa	1012	write	EXTMEM	1	EXTMEM:0443	0x443	mem[EXTMEM:0443]
decompiler	CODE:4a3f	CODE:4b37	LJMP 0x87aa	1012	read	EXTMEM	1	EXTMEM:0443	0x443	
decompiler	CODE:4a3f	CODE:4b37	LJMP 0x87aa	1041	write	EXTMEM	1	EXTMEM:0444	0x444	mem[EXTMEM:0444]
decompiler	CODE:4a3f	CODE:4b37	LJMP 0x87aa	1041	read	EXTMEM	1	EXTMEM:0444	0x444	
decompiler	CODE:4a3f	CODE:4b37	LJMP 0x87aa	1070	write	EXTMEM	1	EXTMEM:04a4	0x4a4	mem[EXTMEM:04a4]
decompiler	CODE:4a3f	CODE:4b37	LJMP 0x87aa	1070	read	EXTMEM	1	EXTMEM:04a4	0x4a4	
decompiler	CODE:4a3f	CODE:4b37	LJMP 0x87aa	1099	write	EXTMEM	1	EXTMEM:04a5	0x4a5	mem[EXTMEM:04a5]
decompiler	CODE:4a3f	CODE:4b37	LJMP 0x87aa	1099	read	EXTMEM	1	EXTMEM:04a5	0x4a5	
decompiler	CODE:4a3f	CODE:4b37	LJMP 0x87aa	1128	write	EXTMEM	1	EXTMEM:04a6	0x4a6	mem[EXTMEM:04a6]
decompiler	CODE:4a3f	CODE:4b37	LJMP 0x87aa	1128	read	EXTMEM	1	EXTMEM:04a6	0x4a6	
decompiler	CODE:4a3f	CODE:4b37	LJMP 0x87aa	1157	write	EXTMEM	1	EXTMEM:04a7	0x4a7	mem[EXTMEM:04a7]
decompiler	CODE:4a3f	CODE:4b37	LJMP 0x87aa	1157	read	EXTMEM	1	EXTMEM:04a7	0x4a7	
decompiler	CODE:4a3f	CODE:4b37	LJMP 0x87aa	1186	write	EXTMEM	1	EXTMEM:04d6	0x4d6	mem[EXTMEM:04d6]
decompiler	CODE:4a3f	CODE:4b37	LJMP 0x87aa	1186	read	EXTMEM	1	EXTMEM:04d6	0x4d6	
decompiler	CODE:4a3f	CODE:4b37	LJMP 0x87aa	1215	write	EXTMEM	1	EXTMEM:04d7	0x4d7	mem[EXTMEM:04d7]
decompiler	CODE:4a3f	CODE:4b37	LJMP 0x87aa	1215	read	EXTMEM	1	EXTMEM:04d7	0x4d7	
decompiler	CODE:4a3f	CODE:4b37	LJMP 0x87aa	1244	write	EXTMEM	1	EXTMEM:04d8	0x4d8	mem[EXTMEM:04d8]
decompiler	CODE:4a3f	CODE:4b37	LJMP 0x87aa	1244	read	EXTMEM	1	EXTMEM:04d8	0x4d8	
decompiler	CODE:4a3f	CODE:4b37	LJMP 0x87aa	1273	write	EXTMEM	1	EXTMEM:04d9	0x4d9	mem[EXTMEM:04d9]
decompiler	CODE:4a3f	CODE:4b37	LJMP 0x87aa	1273	read	EXTMEM	1	EXTMEM:04d9	0x4d9	
decompiler	CODE:4a3f	CODE:4b37	LJMP 0x87aa	1302	write	EXTMEM	1	EXTMEM:04dc	0x4dc	mem[EXTMEM:04dc]
decompiler	CODE:4a3f	CODE:4b37	LJMP 0x87aa	1302	read	EXTMEM	1	EXTMEM:04dc	0x4dc	
decompiler	CODE:4a3f	CODE:4b37	LJMP 0x87aa	1331	write	EXTMEM	1	EXTMEM:04dd	0x4dd	mem[EXTMEM:04dd]
decompiler	CODE:4a3f	CODE:4b37	LJMP 0x87aa	1331	read	EXTMEM	1	EXTMEM:04dd	0x4dd	
decompiler	CODE:4a3f	CODE:4b37	LJMP 0x87aa	1360	write	EXTMEM	1	EXTMEM:0af8	0xaf8	mem[EXTMEM:0af8]
decompiler	CODE:4a3f	CODE:4b37	LJMP 0x87aa	1360	read	EXTMEM	1	EXTMEM:0af8	0xaf8	
decompiler	CODE:4a3f	CODE:4b37	LJMP 0x87aa	1389	write	EXTMEM	1	EXTMEM:0af9	0xaf9	mem[EXTMEM:0af9]
decompiler	CODE:4a3f	CODE:4b37	LJMP 0x87aa	1389	read	EXTMEM	1	EXTMEM:0af9	0xaf9	
decompiler	CODE:4a3f	CODE:4b37	LJMP 0x87aa	1418	write	BITS	1	BITS:0d	0xd	mem[BITS:0d]
decompiler	CODE:4a3f	CODE:4b37	LJMP 0x87aa	1418	read	BITS	1	BITS:0d	0xd	
decompiler	CODE:4b5e	CODE:491d	LJMP 0x87aa	349	write	INTMEM	1	INTMEM:b2	0xb2	mem[INTMEM:b2]
decompiler	CODE:4b5e	CODE:491d	LJMP 0x87aa	349	read	INTMEM	1	INTMEM:b2	0xb2	
decompiler	CODE:4b5e	CODE:491d	LJMP 0x87aa	363	write	INTMEM	1	INTMEM:b4	0xb4	mem[INTMEM:b4]
decompiler	CODE:4b5e	CODE:491d	LJMP 0x87aa	363	read	INTMEM	1	INTMEM:b4	0xb4	
decompiler	CODE:4b5e	CODE:491d	LJMP 0x87aa	377	write	INTMEM	1	INTMEM:cc	0xcc	mem[INTMEM:cc]
decompiler	CODE:4b5e	CODE:491d	LJMP 0x87aa	377	read	INTMEM	1	INTMEM:cc	0xcc	
decompiler	CODE:4b5e	CODE:491d	LJMP 0x87aa	391	write	BITS	1	BITS:0b	0xb	mem[BITS:0b]
decompiler	CODE:4b5e	CODE:491d	LJMP 0x87aa	391	read	BITS	1	BITS:0b	0xb	
decompiler	CODE:4b5e	CODE:4b63	JZ 0x4bb0	16	read	INTMEM	1	INTMEM:b2	0xb2	
decompiler	CODE:4b5e	CODE:4b67	JNZ 0x4b6b	31	read	INTMEM	1	INTMEM:b2	0xb2	
decompiler	CODE:4b5e	CODE:4b6c	JZ 0x4b70	110	read	INTMEM	1	INTMEM:b2	0xb2	
decompiler	CODE:4b5e	CODE:4c51	JZ 0x4c62	50	read	INTMEM	1	INTMEM:b4	0xb4	
decompiler	CODE:4b5e	CODE:4c54	JZ 0x4c66	53	read	INTMEM	1	INTMEM:b4	0xb4	
decompiler	CODE:4b5e	CODE:4c58	JZ 0x4c71	68	read	INTMEM	1	INTMEM:b4	0xb4	
decompiler	CODE:4b5e	CODE:4c5b	JNZ 0x4c76	71	read	INTMEM	1	INTMEM:b4	0xb4	
decompiler	CODE:4b5e	CODE:4c5f	LJMP 0xa64d	346	write	INTMEM	1	INTMEM:b2	0xb2	mem[INTMEM:b2]
decompiler	CODE:4b5e	CODE:4c5f	LJMP 0xa64d	346	read	INTMEM	1	INTMEM:b2	0xb2	
decompiler	CODE:4b5e	CODE:4c5f	LJMP 0xa64d	360	write	INTMEM	1	INTMEM:b4	0xb4	mem[INTMEM:b4]
decompiler	CODE:4b5e	CODE:4c5f	LJMP 0xa64d	360	read	INTMEM	1	INTMEM:b4	0xb4	
decompiler	CODE:4b5e	CODE:4c5f	LJMP 0xa64d	374	write	INTMEM	1	INTMEM:cc	0xcc	mem[INTMEM:cc]
decompiler	CODE:4b5e	CODE:4c5f	LJMP 0xa64d	374	read	INTMEM	1	INTMEM:cc	0xcc	
decompiler	CODE:4b5e	CODE:4c5f	LJMP 0xa64d	388	write	BITS	1	BITS:0b	0xb	mem[BITS:0b]
decompiler	CODE:4b5e	CODE:4c5f	LJMP 0xa64d	388	read	BITS	1	BITS:0b	0xb	
decompiler	CODE:4b5e	CODE:4c62	CLR 0x0b	107	write	BITS	1	BITS:0b	0xb	0x0
decompiler	CODE:4b5e	CODE:4c69	CJNE A,#0x4,0x4c76	102	read	INTMEM	1	INTMEM:cc	0xcc	
decompiler	CODE:4b5e	CODE:4c6c	SETB 0x0b	104	write	BITS	1	BITS:0b	0xb	0x1
decompiler	CODE:4b5e	CODE:4c6e	LJMP 0x86da	348	write	INTMEM	1	INTMEM:b2	0xb2	mem[INTMEM:b2]
decompiler	CODE:4b5e	CODE:4c6e	LJMP 0x86da	348	read	INTMEM	1	INTMEM:b2	0xb2	
decompiler	CODE:4b5e	CODE:4c6e	LJMP 0x86da	362	write	INTMEM	1	INTMEM:b4	0xb4	mem[INTMEM:b4]
decompiler	CODE:4b5e	CODE:4c6e	LJMP 0x86da	362	read	INTMEM	1	INTMEM:b4	0xb4	
decompiler	CODE:4b5e	CODE:4c6e	LJMP 0x86da	376	write	INTMEM	1	INTMEM:cc	0xcc	mem[INTMEM:cc]
decompiler	CODE:4b5e	CODE:4c6e	LJMP 0x86da	376	read	INTMEM	1	INTMEM:cc	0xcc	
decompiler	CODE:4b5e	CODE:4c6e	LJMP 0x86da	390	write	BITS	1	BITS:0b	0xb	mem[BITS:0b]
decompiler	CODE:4b5e	CODE:4c6e	LJMP 0x86da	390	read	BITS	1	BITS:0b	0xb	
decompiler	CODE:4b5e	CODE:4c76	RET	347	write	INTMEM	1	INTMEM:b2	0xb2	mem[INTMEM:b2]
decompiler	CODE:4b5e	CODE:4c76	RET	347	read	INTMEM	1	INTMEM:b2	0xb2	
decompiler	CODE:4b5e	CODE:4c76	RET	361	write	INTMEM	1	INTMEM:b4	0xb4	mem[INTMEM:b4]
decompiler	CODE:4b5e	CODE:4c76	RET	361	read	INTMEM	1	INTMEM:b4	0xb4	
decompiler	CODE:4b5e	CODE:4c76	RET	375	write	INTMEM	1	INTMEM:cc	0xcc	mem[INTMEM:cc]
decompiler	CODE:4b5e	CODE:4c76	RET	375	read	INTMEM	1	INTMEM:cc	0xcc	
decompiler	CODE:4b5e	CODE:4c76	RET	389	write	BITS	1	BITS:0b	0xb	mem[BITS:0b]
decompiler	CODE:4b5e	CODE:4c76	RET	389	read	BITS	1	BITS:0b	0xb	
decompiler	CODE:4b5e	CODE:4c76	RET	423	write	INTMEM	1	INTMEM:b2	0xb2	mem[INTMEM:b2]
decompiler	CODE:4b5e	CODE:4c76	RET	423	read	INTMEM	1	INTMEM:b2	0xb2	
decompiler	CODE:4b5e	CODE:4c76	RET	424	write	INTMEM	1	INTMEM:b4	0xb4	mem[INTMEM:b4]
decompiler	CODE:4b5e	CODE:4c76	RET	424	read	INTMEM	1	INTMEM:b4	0xb4	
decompiler	CODE:4b5e	CODE:4c76	RET	425	write	INTMEM	1	INTMEM:cc	0xcc	mem[INTMEM:cc]
decompiler	CODE:4b5e	CODE:4c76	RET	425	read	INTMEM	1	INTMEM:cc	0xcc	
decompiler	CODE:4b5e	CODE:4c76	RET	426	write	BITS	1	BITS:0b	0xb	mem[BITS:0b]
decompiler	CODE:4b5e	CODE:4c76	RET	426	read	BITS	1	BITS:0b	0xb	
decompiler	CODE:4c77	CODE:4cbf	LCALL 0xadf3	220	write	EXTMEM	1	EXTMEM:04bc	0x4bc	mem[EXTMEM:04bc]
decompiler	CODE:4c77	CODE:4cbf	LCALL 0xadf3	220	read	EXTMEM	1	EXTMEM:04bc	0x4bc	
decompiler	CODE:4c77	CODE:4cbf	LCALL 0xadf3	226	write	EXTMEM	1	EXTMEM:04bd	0x4bd	mem[EXTMEM:04bd]
decompiler	CODE:4c77	CODE:4cbf	LCALL 0xadf3	226	read	EXTMEM	1	EXTMEM:04bd	0x4bd	
decompiler	CODE:4c77	CODE:4cbf	LCALL 0xadf3	232	write	EXTMEM	1	EXTMEM:04c0	0x4c0	mem[EXTMEM:04c0]
decompiler	CODE:4c77	CODE:4cbf	LCALL 0xadf3	232	read	EXTMEM	1	EXTMEM:04c0	0x4c0	
decompiler	CODE:4c77	CODE:4cbf	LCALL 0xadf3	238	write	EXTMEM	1	EXTMEM:04c1	0x4c1	mem[EXTMEM:04c1]
decompiler	CODE:4c77	CODE:4cbf	LCALL 0xadf3	238	read	EXTMEM	1	EXTMEM:04c1	0x4c1	
decompiler	CODE:4d85	CODE:4d8d	MOVX @DPTR,A	9	write	EXTMEM	1	EXTMEM:04b7	0x4b7	0x3
decompiler	CODE:4d85	CODE:4d96	MOV A,@R0	29	read	INTMEM	1	CAST(INT_ADD((register, 0x7, 1),0x8d))		
decompiler	CODE:4d85	CODE:4db7	MOVX @DPTR,A	85	write	EXTMEM	1	INDIRECT(INDIRECT(0x4b7,0x49),0x51)		0xb7
decompiler	CODE:4d85	CODE:4dc1	MOVX @DPTR,A	102	write	EXTMEM	1	INDIRECT(0x4b7,0x62)		INDIRECT(INDIRECT(INDIRECT(INDIRECT((register, 0x7, 1),0x40),0x49),0x51),0x62)
decompiler	CODE:4d85	CODE:4dc6	MOV A,@R0	118	read	INTMEM	1	CAST(INT_ADD(INDIRECT(INDIRECT(INDIRECT(INDIRECT((register, 0x7, 1),0x40),0x49),0x51),0x62),0x23))		
decompiler	CODE:4d85	CODE:4dcf	MOVX @DPTR,A	133	write	EXTMEM	1	INDIRECT(0x4b7,0x81)		INDIRECT(LOAD(0x281,CAST(INT_ADD(INDIRECT((register, 0x7, 1),0x62),0x23))),0x81)
decompiler	CODE:4d85	CODE:4dd9	LCALL 0x1f56	627	read	EXTMEM	1	EXTMEM:04b6	0x4b6	
decompiler	CODE:4d85	CODE:4de0	MOVX @DPTR,A	173	write	EXTMEM	1	INDIRECT(INDIRECT(0x4b7,0xa1),0xa9)		INDIRECT(INDIRECT(INDIRECT(INDIRECT(INDIRECT((register, 0x6, 1),0x51),0x62),0x81),0xa1),0xa9)
decompiler	CODE:4d85	CODE:4deb	MOVX A,@DPTR	207	read	EXTMEM	1	CAST(PIECE(INT_SUB(0x7,INT_SRIGHT(INT_LEFT(INT_LESS(0xf3,INDIRECT((register, 0x7, 1),0xa9)),0x7),0x7)),INT_ADD(INDIRECT(INDIRECT(COPY(mem[EXTMEM:04b6]),0xa1),0xa9),0xc)))		
decompiler	CODE:4d85	CODE:4df4	MOVX @DPTR,A	222	write	EXTMEM	1	INDIRECT(0x4b7,0xda)		INDIRECT(LOAD(0x311,CAST(PIECE(INT_SUB(0x7,(unique, 0x10000000, 1)),INT_ADD((register, 0x7, 1),0xc)))),0xda)
decompiler	CODE:4d85	CODE:4df9	MOVX @DPTR,A	227	write	EXTMEM	1	EXTMEM:04b8	0x4b8	0x0
decompiler	CODE:4d85	CODE:4e1f	LCALL 0xad49	470	write	EXTMEM	1	EXTMEM:04b6	0x4b6	mem[EXTMEM:04b6]
decompiler	CODE:4d85	CODE:4e1f	LCALL 0xad49	470	read	EXTMEM	1	EXTMEM:04b6	0x4b6	
decompiler	CODE:4d85	CODE:4e1f	LCALL 0xad49	491	write	EXTMEM	1	EXTMEM:04b7	0x4b7	mem[EXTMEM:04b7]
decompiler	CODE:4d85	CODE:4e1f	LCALL 0xad49	491	read	EXTMEM	1	EXTMEM:04b7	0x4b7	
decompiler	CODE:4d85	CODE:4e1f	LCALL 0xad49	512	write	EXTMEM	1	EXTMEM:04b8	0x4b8	mem[EXTMEM:04b8]
decompiler	CODE:4d85	CODE:4e1f	LCALL 0xad49	512	read	EXTMEM	1	EXTMEM:04b8	0x4b8	
decompiler	CODE:4d85	CODE:4e1f	LCALL 0xad49	533	write	EXTMEM	1	EXTMEM:04b9	0x4b9	mem[EXTMEM:04b9]
decompiler	CODE:4d85	CODE:4e1f	LCALL 0xad49	533	read	EXTMEM	1	EXTMEM:04b9	0x4b9	
decompiler	CODE:4d85	CODE:4e90	RET	469	write	EXTMEM	1	EXTMEM:04b6	0x4b6	mem[EXTMEM:04b6]
decompiler	CODE:4d85	CODE:4e90	RET	469	read	EXTMEM	1	EXTMEM:04b6	0x4b6	
decompiler	CODE:4d85	CODE:4e90	RET	490	write	EXTMEM	1	EXTMEM:04b7	0x4b7	mem[EXTMEM:04b7]
decompiler	CODE:4d85	CODE:4e90	RET	490	read	EXTMEM	1	EXTMEM:04b7	0x4b7	
decompiler	CODE:4d85	CODE:4e90	RET	511	write	EXTMEM	1	EXTMEM:04b8	0x4b8	mem[EXTMEM:04b8]
decompiler	CODE:4d85	CODE:4e90	RET	511	read	EXTMEM	1	EXTMEM:04b8	0x4b8	
decompiler	CODE:4d85	CODE:4e90	RET	532	write	EXTMEM	1	EXTMEM:04b9	0x4b9	mem[EXTMEM:04b9]
decompiler	CODE:4d85	CODE:4e90	RET	532	read	EXTMEM	1	EXTMEM:04b9	0x4b9	
decompiler	CODE:4e91	CODE:4eae	JNZ 0x4eb4	42	read	EXTMEM	1	EXTMEM:04aa	0x4aa	
decompiler	CODE:4e91	CODE:4eae	JNZ 0x4eb4	442	read	EXTMEM	1	EXTMEM:04aa	0x4aa	
decompiler	CODE:4e91	CODE:4ec5	JNZ 0x4ecb	86	read	EXTMEM	1	EXTMEM:04aa	0x4aa	
decompiler	CODE:4e91	CODE:4ec5	JNZ 0x4ecb	441	read	EXTMEM	1	EXTMEM:04aa	0x4aa	
decompiler	CODE:4e91	CODE:4ed9	JNZ 0x4edf	103	read	EXTMEM	1	EXTMEM:04aa	0x4aa	
decompiler	CODE:4e91	CODE:4ed9	JNZ 0x4edf	440	read	EXTMEM	1	EXTMEM:04aa	0x4aa	
decompiler	CODE:4e91	CODE:4eed	JNZ 0x4ef3	120	read	EXTMEM	1	EXTMEM:04aa	0x4aa	
decompiler	CODE:4e91	CODE:4eed	JNZ 0x4ef3	439	read	EXTMEM	1	EXTMEM:04aa	0x4aa	
decompiler	CODE:4e91	CODE:4f01	JNZ 0x4f07	137	read	EXTMEM	1	EXTMEM:04aa	0x4aa	
decompiler	CODE:4e91	CODE:4f01	JNZ 0x4f07	438	read	EXTMEM	1	EXTMEM:04aa	0x4aa	
decompiler	CODE:4e91	CODE:4f15	JNZ 0x4f1b	154	read	EXTMEM	1	EXTMEM:04aa	0x4aa	
decompiler	CODE:4e91	CODE:4f15	JNZ 0x4f1b	437	read	EXTMEM	1	EXTMEM:04aa	0x4aa	
decompiler	CODE:4e91	CODE:4f29	JNZ 0x4f2f	171	read	EXTMEM	1	EXTMEM:04aa	0x4aa	
decompiler	CODE:4e91	CODE:4f29	JNZ 0x4f2f	436	read	EXTMEM	1	EXTMEM:04aa	0x4aa	
decompiler	CODE:4e91	CODE:4f3d	JNZ 0x4f43	188	read	EXTMEM	1	EXTMEM:04aa	0x4aa	
decompiler	CODE:4e91	CODE:4f3d	JNZ 0x4f43	435	read	EXTMEM	1	EXTMEM:04aa	0x4aa	
decompiler	CODE:4e91	CODE:4f51	JNZ 0x4f57	205	read	EXTMEM	1	EXTMEM:04aa	0x4aa	
decompiler	CODE:4e91	CODE:4f51	JNZ 0x4f57	434	read	EXTMEM	1	EXTMEM:04aa	0x4aa	
decompiler	CODE:4e91	CODE:4f65	JNZ 0x4f6b	222	read	EXTMEM	1	EXTMEM:04aa	0x4aa	
decompiler	CODE:4e91	CODE:4f65	JNZ 0x4f6b	433	read	EXTMEM	1	EXTMEM:04aa	0x4aa	
decompiler	CODE:4e91	CODE:4f79	JNZ 0x4f7f	239	read	EXTMEM	1	EXTMEM:04aa	0x4aa	
decompiler	CODE:4e91	CODE:4f79	JNZ 0x4f7f	432	read	EXTMEM	1	EXTMEM:04aa	0x4aa	
decompiler	CODE:4e91	CODE:4f99	LJMP 0x87aa	384	write	EXTMEM	1	EXTMEM:04aa	0x4aa	mem[EXTMEM:04aa]
decompiler	CODE:4e91	CODE:4f99	LJMP 0x87aa	384	read	EXTMEM	1	EXTMEM:04aa	0x4aa	
decompiler	CODE:4e91	CODE:4f99	LJMP 0x87aa	393	write	EXTMEM	1	EXTMEM:04ab	0x4ab	mem[EXTMEM:04ab]
decompiler	CODE:4e91	CODE:4f99	LJMP 0x87aa	393	read	EXTMEM	1	EXTMEM:04ab	0x4ab	
decompiler	CODE:4f9c	CODE:4fab	LCALL 0x97db	422	read	INTMEM	1	INTMEM:b3	0xb3	
decompiler	CODE:4f9c	CODE:4fae	MOVX A,@DPTR	40	read	EXTMEM	1	INDIRECT(MULTIEQUAL(INDIRECT((register, 0x82, 2),0x7),INDIRECT(INDIRECT(INDIRECT((register, 0x82, 2),0x7),0x12),0x1a)),0x26)		
decompiler	CODE:4f9c	CODE:4fba	MOVX A,@DPTR	78	read	EXTMEM	1	INDIRECT(INDIRECT(MULTIEQUAL(INDIRECT((register, 0x82, 2),0x7),INDIRECT(INDIRECT(INDIRECT((register, 0x82, 2),0x7),0x12),0x1a)),0x26),0x4c)		
decompiler	CODE:4f9c	CODE:4fbc	MOVX @DPTR,A	83	write	EXTMEM	1	INDIRECT(INDIRECT(MULTIEQUAL(INDIRECT((register, 0x82, 2),0x7),INDIRECT(INDIRECT(INDIRECT((register, 0x82, 2),0x7),0x12),0x1a)),0x26),0x4c)		INT_SUB(LOAD(0x311,INDIRECT(INDIRECT(MULTIEQUAL((register, 0x82, 2),(register, 0x82, 2)),0x26),0x4c)),0x1)
decompiler	CODE:4f9c	CODE:4fc8	JZ 0x4ff6	90	read	INTMEM	1	INTMEM:cc	0xcc	
decompiler	CODE:4f9c	CODE:4fcd	JZ 0x4ff6	94	read	INTMEM	1	INTMEM:cc	0xcc	
decompiler	CODE:4f9c	CODE:4fdb	MOVX A,@DPTR	120	read	EXTMEM	1	INDIRECT(INDIRECT(MULTIEQUAL(INDIRECT(INDIRECT(MULTIEQUAL(INDIRECT((register, 0x82, 2),0x7),INDIRECT((register, 0x82, 2),0x1a)),0x26),0x4c),INDIRECT(INDIRECT(MULTIEQUAL(INDIRECT((register, 0x82, 2),0x7),INDIRECT((register, 0x82, 2),0x1a)),0x26),0xc4)),0x6b),0x76)		
decompiler	CODE:4f9c	CODE:4fde	MOVX A,@DPTR	125	read	EXTMEM	1	PTRADD(INDIRECT(INDIRECT(MULTIEQUAL(INDIRECT(INDIRECT(MULTIEQUAL((register, 0x82, 2),(register, 0x82, 2)),0x26),0x4c),INDIRECT(INDIRECT(MULTIEQUAL((register, 0x82, 2),(register, 0x82, 2)),0x26),0xc4)),0x6b),0x76),0x1,0x1)		
decompiler	CODE:4f9c	CODE:4fe9	LJMP 0x7712	363	write	INTMEM	1	INTMEM:b3	0xb3	mem[INTMEM:b3]
decompiler	CODE:4f9c	CODE:4fe9	LJMP 0x7712	363	read	INTMEM	1	INTMEM:b3	0xb3	
decompiler	CODE:4f9c	CODE:4fe9	LJMP 0x7712	381	write	INTMEM	1	INTMEM:cc	0xcc	mem[INTMEM:cc]
decompiler	CODE:4f9c	CODE:4fe9	LJMP 0x7712	381	read	INTMEM	1	INTMEM:cc	0xcc	
decompiler	CODE:4f9c	CODE:4ff3	LJMP 0xaa6d	364	write	INTMEM	1	INTMEM:b3	0xb3	mem[INTMEM:b3]
decompiler	CODE:4f9c	CODE:4ff3	LJMP 0xaa6d	364	read	INTMEM	1	INTMEM:b3	0xb3	
decompiler	CODE:4f9c	CODE:4ff3	LJMP 0xaa6d	382	write	INTMEM	1	INTMEM:cc	0xcc	mem[INTMEM:cc]
decompiler	CODE:4f9c	CODE:4ff3	LJMP 0xaa6d	382	read	INTMEM	1	INTMEM:cc	0xcc	
decompiler	CODE:4f9c	CODE:4ffa	MOVX @DPTR,A	174	write	EXTMEM	1	INDIRECT(MULTIEQUAL(MULTIEQUAL(INDIRECT(INDIRECT(MULTIEQUAL(INDIRECT((register, 0x82, 2),0x7),INDIRECT((register, 0x82, 2),0x1a)),0x26),0x4c),INDIRECT(INDIRECT(MULTIEQUAL(INDIRECT((register, 0x82, 2),0x7),INDIRECT((register, 0x82, 2),0x1a)),0x26),0xc4)),MULTIEQUAL(INDIRECT(INDIRECT(MULTIEQUAL(INDIRECT((register, 0x82, 2),0x7),INDIRECT((register, 0x82, 2),0x1a)),0x26),0x4c),INDIRECT(INDIRECT(MULTIEQUAL(INDIRECT((register, 0x82, 2),0x7),INDIRECT((register, 0x82, 2),0x1a)),0x26),0xc4)),INDIRECT(MULTIEQUAL(INDI...[truncated])		0x0
decompiler	CODE:4f9c	CODE:4ffc	MOVX @DPTR,A	178	write	EXTMEM	1	PTRADD(INDIRECT(MULTIEQUAL(MULTIEQUAL(INDIRECT(INDIRECT(MULTIEQUAL((register, 0x82, 2),(register, 0x82, 2)),0x26),0x4c),INDIRECT(INDIRECT(MULTIEQUAL((register, 0x82, 2),(register, 0x82, 2)),0x26),0xc4)),MULTIEQUAL(INDIRECT(INDIRECT(MULTIEQUAL((register, 0x82, 2),(register, 0x82, 2)),0x26),0x4c),INDIRECT(INDIRECT(MULTIEQUAL((register, 0x82, 2),(register, 0x82, 2)),0x26),0xc4)),INDIRECT(MULTIEQUAL(INDIRECT(INDIRECT((register, 0x82, 2),0x26),0x4c),INDIRECT(INDIRECT((register, 0x82, 2),0x26),0xc4)),0x6b)),0xaa)...[truncated])		0x0
decompiler	CODE:4f9c	CODE:4ffd	RET	365	write	INTMEM	1	INTMEM:b3	0xb3	mem[INTMEM:b3]
decompiler	CODE:4f9c	CODE:4ffd	RET	365	read	INTMEM	1	INTMEM:b3	0xb3	
decompiler	CODE:4f9c	CODE:4ffd	RET	383	write	INTMEM	1	INTMEM:cc	0xcc	mem[INTMEM:cc]
decompiler	CODE:4f9c	CODE:4ffd	RET	383	read	INTMEM	1	INTMEM:cc	0xcc	
decompiler	CODE:5000	CODE:5009	MOVX A,@DPTR	7	read	EXTMEM	1	CAST(INT_ADD(PIECE((register, 0x4, 1),(register, 0x5, 1)),0x2))		
decompiler	CODE:5000	CODE:5018	LCALL 0xaed0	177	read	INTMEM	1	INTMEM:06	0x6	
decompiler	CODE:5000	CODE:5030	MOVX A,@DPTR	74	read	EXTMEM	1	CAST(INT_ADD(PIECE(mem[EXTMEM:04b4],mem[EXTMEM:04b5]),0x2))		
decompiler	CODE:5000	CODE:5035	MOVX A,@DPTR	88	read	EXTMEM	1	CAST(INT_ADD(PIECE(mem[EXTMEM:04b4],mem[EXTMEM:04b5]),0x3))		
decompiler	CODE:5000	CODE:5042	MOVX @DPTR,A	105	write	EXTMEM	1	EXTMEM:04b8	0x4b8	INDIRECT(INT_AND(LOAD(0x311,CAST(INT_ADD((register, 0x82, 2),0x2))),0x3),0x64)
decompiler	CODE:5000	CODE:5045	MOVX @DPTR,A	110	write	EXTMEM	1	EXTMEM:04b9	0x4b9	INDIRECT(LOAD(0x311,CAST(INT_ADD(PIECE(mem[EXTMEM:04b4],mem[EXTMEM:04b5]),0x3))),0x64)
decompiler	CODE:5000	CODE:5048	RET	154	write	INTMEM	1	INTMEM:06	0x6	mem[INTMEM:06]
decompiler	CODE:5000	CODE:5048	RET	154	read	INTMEM	1	INTMEM:06	0x6	
decompiler	CODE:5000	CODE:5048	RET	157	write	EXTMEM	1	EXTMEM:04b4	0x4b4	mem[EXTMEM:04b4]
decompiler	CODE:5000	CODE:5048	RET	157	read	EXTMEM	1	EXTMEM:04b4	0x4b4	
decompiler	CODE:5000	CODE:5048	RET	160	write	EXTMEM	1	EXTMEM:04b5	0x4b5	mem[EXTMEM:04b5]
decompiler	CODE:5000	CODE:5048	RET	160	read	EXTMEM	1	EXTMEM:04b5	0x4b5	
decompiler	CODE:5000	CODE:5048	RET	163	write	EXTMEM	1	EXTMEM:04b6	0x4b6	mem[EXTMEM:04b6]
decompiler	CODE:5000	CODE:5048	RET	163	read	EXTMEM	1	EXTMEM:04b6	0x4b6	
decompiler	CODE:5000	CODE:5048	RET	166	write	EXTMEM	1	EXTMEM:04b7	0x4b7	mem[EXTMEM:04b7]
decompiler	CODE:5000	CODE:5048	RET	166	read	EXTMEM	1	EXTMEM:04b7	0x4b7	
decompiler	CODE:5000	CODE:5048	RET	169	write	EXTMEM	1	EXTMEM:04b8	0x4b8	mem[EXTMEM:04b8]
decompiler	CODE:5000	CODE:5048	RET	169	read	EXTMEM	1	EXTMEM:04b8	0x4b8	
decompiler	CODE:5000	CODE:5048	RET	172	write	EXTMEM	1	EXTMEM:04b9	0x4b9	mem[EXTMEM:04b9]
decompiler	CODE:5000	CODE:5048	RET	172	read	EXTMEM	1	EXTMEM:04b9	0x4b9	
decompiler	CODE:5049	CODE:5058	MOVX A,@DPTR	15	read	EXTMEM	1	CAST(INT_ADD(PIECE(mem[EXTMEM:04b4],mem[EXTMEM:04b5]),0x1))		
decompiler	CODE:5049	CODE:505d	RET	42	write	EXTMEM	1	EXTMEM:04b4	0x4b4	mem[EXTMEM:04b4]
decompiler	CODE:5049	CODE:505d	RET	42	read	EXTMEM	1	EXTMEM:04b4	0x4b4	
decompiler	CODE:5049	CODE:505d	RET	43	write	EXTMEM	1	EXTMEM:04b5	0x4b5	mem[EXTMEM:04b5]
decompiler	CODE:5049	CODE:505d	RET	43	read	EXTMEM	1	EXTMEM:04b5	0x4b5	
decompiler	CODE:506b	CODE:5077	RET	45	write	INTMEM	1	INTMEM:b3	0xb3	mem[INTMEM:b3]
decompiler	CODE:506b	CODE:5077	RET	45	read	INTMEM	1	INTMEM:b3	0xb3	
decompiler	CODE:5078	CODE:5084	RET	45	write	INTMEM	1	INTMEM:b3	0xb3	mem[INTMEM:b3]
decompiler	CODE:5078	CODE:5084	RET	45	read	INTMEM	1	INTMEM:b3	0xb3	
decompiler	CODE:5085	CODE:5091	RET	45	write	INTMEM	1	INTMEM:b3	0xb3	mem[INTMEM:b3]
decompiler	CODE:5085	CODE:5091	RET	45	read	INTMEM	1	INTMEM:b3	0xb3	
decompiler	CODE:5092	CODE:50a0	RET	47	write	INTMEM	1	INTMEM:b3	0xb3	mem[INTMEM:b3]
decompiler	CODE:5092	CODE:50a0	RET	47	read	INTMEM	1	INTMEM:b3	0xb3	
decompiler	CODE:50a1	CODE:50a7	RET	27	write	INTMEM	1	INTMEM:b3	0xb3	mem[INTMEM:b3]
decompiler	CODE:50a1	CODE:50a7	RET	27	read	INTMEM	1	INTMEM:b3	0xb3	
decompiler	CODE:50a8	CODE:50b4	RET	45	write	INTMEM	1	INTMEM:b3	0xb3	mem[INTMEM:b3]
decompiler	CODE:50a8	CODE:50b4	RET	45	read	INTMEM	1	INTMEM:b3	0xb3	
decompiler	CODE:50c8	CODE:50cd	MOVX @DPTR,A	4	write	EXTMEM	1	EXTMEM:04ae	0x4ae	0x1
decompiler	CODE:50c8	CODE:50d1	MOVX @DPTR,A	9	write	EXTMEM	1	EXTMEM:04af	0x4af	0xf4
decompiler	CODE:50c8	CODE:50d2	RET	20	write	EXTMEM	1	EXTMEM:04ae	0x4ae	0x1
decompiler	CODE:50c8	CODE:50d2	RET	20	read	EXTMEM	1	EXTMEM:04ae	0x4ae	
decompiler	CODE:50c8	CODE:50d2	RET	21	write	EXTMEM	1	EXTMEM:04af	0x4af	0xf4
decompiler	CODE:50c8	CODE:50d2	RET	21	read	EXTMEM	1	EXTMEM:04af	0x4af	
decompiler	CODE:50e1	CODE:50ed	RET	45	write	INTMEM	1	INTMEM:b3	0xb3	mem[INTMEM:b3]
decompiler	CODE:50e1	CODE:50ed	RET	45	read	INTMEM	1	INTMEM:b3	0xb3	
decompiler	CODE:50ee	CODE:50fa	RET	45	write	INTMEM	1	INTMEM:b3	0xb3	mem[INTMEM:b3]
decompiler	CODE:50ee	CODE:50fa	RET	45	read	INTMEM	1	INTMEM:b3	0xb3	
decompiler	CODE:50fb	CODE:50fb	PUSH A	914	read	INTMEM	1	INTMEM:00	0x0	
decompiler	CODE:50fb	CODE:50fb	PUSH A	915	read	INTMEM	1	INTMEM:01	0x1	
decompiler	CODE:50fb	CODE:50fb	PUSH A	916	read	INTMEM	1	INTMEM:02	0x2	
decompiler	CODE:50fb	CODE:50fb	PUSH A	917	read	INTMEM	1	INTMEM:03	0x3	
decompiler	CODE:50fb	CODE:50fb	PUSH A	918	read	INTMEM	1	INTMEM:04	0x4	
decompiler	CODE:50fb	CODE:50fb	PUSH A	919	read	INTMEM	1	INTMEM:05	0x5	
decompiler	CODE:50fb	CODE:50fb	PUSH A	920	read	INTMEM	1	INTMEM:06	0x6	
decompiler	CODE:50fb	CODE:50fb	PUSH A	921	read	INTMEM	1	INTMEM:07	0x7	
decompiler	CODE:50fb	CODE:511f	MOVX @DPTR,A	34	write	EXTMEM	1	EXTMEM:0551	0x551	mem[EXTMEM:2038]
decompiler	CODE:50fb	CODE:511f	MOVX @DPTR,A	34	read	EXTMEM	1	EXTMEM:2038	0x2038	
decompiler	CODE:50fb	CODE:5127	MOVX @DPTR,A	42	write	EXTMEM	1	EXTMEM:0552	0x552	mem[EXTMEM:2039]
decompiler	CODE:50fb	CODE:5127	MOVX @DPTR,A	42	read	EXTMEM	1	EXTMEM:2039	0x2039	
decompiler	CODE:50fb	CODE:5141	MOVX @DPTR,A	86	write	EXTMEM	1	EXTMEM:0763	0x763	0x2
decompiler	CODE:50fb	CODE:5144	MOV @R0,#0x0	89	write	INTMEM	1	INTMEM:b9	0xb9	0x0
decompiler	CODE:50fb	CODE:515e	MOV @R0,#0x0	133	write	INTMEM	1	INTMEM:b9	0xb9	0x0
decompiler	CODE:50fb	CODE:5186	MOVX @DPTR,A	210	write	EXTMEM	1	EXTMEM:0764	0x764	0x2
decompiler	CODE:50fb	CODE:5189	MOV @R0,#0x1	213	write	INTMEM	1	INTMEM:b9	0xb9	0x1
decompiler	CODE:50fb	CODE:51a3	MOV @R0,#0x1	257	write	INTMEM	1	INTMEM:b9	0xb9	0x1
decompiler	CODE:50fb	CODE:51c1	MOVX @DPTR,A	707	write	EXTMEM	1	EXTMEM:2038	0x2038	INT_AND(mem[EXTMEM:2038],INT_NEGATE(mem[EXTMEM:0551]))
decompiler	CODE:50fb	CODE:51d7	MOVX @DPTR,A	720	write	EXTMEM	1	EXTMEM:2039	0x2039	INT_AND(mem[EXTMEM:2039],INT_NEGATE(mem[EXTMEM:0552]))
decompiler	CODE:50fb	CODE:51d8	CLR 0xb9	374	read	BITS	1	BITS:b9	0xb9	
decompiler	CODE:50fb	CODE:51da	POP 0x07	333	write	INTMEM	1	INTMEM:07	0x7	COPY(mem[INTMEM:07])
decompiler	CODE:50fb	CODE:51dc	POP 0x06	335	write	INTMEM	1	INTMEM:06	0x6	COPY(mem[INTMEM:06])
decompiler	CODE:50fb	CODE:51de	POP 0x05	337	write	INTMEM	1	INTMEM:05	0x5	COPY(mem[INTMEM:05])
decompiler	CODE:50fb	CODE:51e0	POP 0x04	339	write	INTMEM	1	INTMEM:04	0x4	COPY(mem[INTMEM:04])
decompiler	CODE:50fb	CODE:51e2	POP 0x03	341	write	INTMEM	1	INTMEM:03	0x3	COPY(mem[INTMEM:03])
decompiler	CODE:50fb	CODE:51e4	POP 0x02	343	write	INTMEM	1	INTMEM:02	0x2	COPY(mem[INTMEM:02])
decompiler	CODE:50fb	CODE:51e6	POP 0x01	345	write	INTMEM	1	INTMEM:01	0x1	COPY(mem[INTMEM:01])
decompiler	CODE:50fb	CODE:51e8	POP 0x00	347	write	INTMEM	1	INTMEM:00	0x0	COPY(mem[INTMEM:00])
decompiler	CODE:50fb	CODE:51f4	RETI	568	write	INTMEM	1	INTMEM:00	0x0	mem[INTMEM:00]
decompiler	CODE:50fb	CODE:51f4	RETI	568	read	INTMEM	1	INTMEM:00	0x0	
decompiler	CODE:50fb	CODE:51f4	RETI	578	write	INTMEM	1	INTMEM:01	0x1	mem[INTMEM:01]
decompiler	CODE:50fb	CODE:51f4	RETI	578	read	INTMEM	1	INTMEM:01	0x1	
decompiler	CODE:50fb	CODE:51f4	RETI	588	write	INTMEM	1	INTMEM:02	0x2	mem[INTMEM:02]
decompiler	CODE:50fb	CODE:51f4	RETI	588	read	INTMEM	1	INTMEM:02	0x2	
decompiler	CODE:50fb	CODE:51f4	RETI	598	write	INTMEM	1	INTMEM:03	0x3	mem[INTMEM:03]
decompiler	CODE:50fb	CODE:51f4	RETI	598	read	INTMEM	1	INTMEM:03	0x3	
decompiler	CODE:50fb	CODE:51f4	RETI	608	write	INTMEM	1	INTMEM:04	0x4	mem[INTMEM:04]
decompiler	CODE:50fb	CODE:51f4	RETI	608	read	INTMEM	1	INTMEM:04	0x4	
decompiler	CODE:50fb	CODE:51f4	RETI	618	write	INTMEM	1	INTMEM:05	0x5	mem[INTMEM:05]
decompiler	CODE:50fb	CODE:51f4	RETI	618	read	INTMEM	1	INTMEM:05	0x5	
decompiler	CODE:50fb	CODE:51f4	RETI	628	write	INTMEM	1	INTMEM:06	0x6	mem[INTMEM:06]
decompiler	CODE:50fb	CODE:51f4	RETI	628	read	INTMEM	1	INTMEM:06	0x6	
decompiler	CODE:50fb	CODE:51f4	RETI	638	write	INTMEM	1	INTMEM:07	0x7	mem[INTMEM:07]
decompiler	CODE:50fb	CODE:51f4	RETI	638	read	INTMEM	1	INTMEM:07	0x7	
decompiler	CODE:50fb	CODE:51f4	RETI	648	write	INTMEM	1	INTMEM:b9	0xb9	mem[INTMEM:b9]
decompiler	CODE:50fb	CODE:51f4	RETI	648	read	INTMEM	1	INTMEM:b9	0xb9	
decompiler	CODE:50fb	CODE:51f4	RETI	658	write	EXTMEM	1	EXTMEM:0551	0x551	mem[EXTMEM:0551]
decompiler	CODE:50fb	CODE:51f4	RETI	658	read	EXTMEM	1	EXTMEM:0551	0x551	
decompiler	CODE:50fb	CODE:51f4	RETI	670	write	EXTMEM	1	EXTMEM:0552	0x552	mem[EXTMEM:0552]
decompiler	CODE:50fb	CODE:51f4	RETI	670	read	EXTMEM	1	EXTMEM:0552	0x552	
decompiler	CODE:50fb	CODE:51f4	RETI	682	write	EXTMEM	1	EXTMEM:0763	0x763	mem[EXTMEM:0763]
decompiler	CODE:50fb	CODE:51f4	RETI	682	read	EXTMEM	1	EXTMEM:0763	0x763	
decompiler	CODE:50fb	CODE:51f4	RETI	694	write	EXTMEM	1	EXTMEM:0764	0x764	mem[EXTMEM:0764]
decompiler	CODE:50fb	CODE:51f4	RETI	694	read	EXTMEM	1	EXTMEM:0764	0x764	
decompiler	CODE:50fb	CODE:51f4	RETI	706	write	EXTMEM	1	EXTMEM:2038	0x2038	mem[EXTMEM:2038]
decompiler	CODE:50fb	CODE:51f4	RETI	706	read	EXTMEM	1	EXTMEM:2038	0x2038	
decompiler	CODE:50fb	CODE:51f4	RETI	718	write	EXTMEM	1	EXTMEM:2039	0x2039	mem[EXTMEM:2039]
decompiler	CODE:50fb	CODE:51f4	RETI	718	read	EXTMEM	1	EXTMEM:2039	0x2039	
decompiler	CODE:50fb	CODE:51f4	RETI	730	write	EXTMEM	1	EXTMEM:203a	0x203a	mem[EXTMEM:203a]
decompiler	CODE:50fb	CODE:51f4	RETI	730	read	EXTMEM	1	EXTMEM:203a	0x203a	
decompiler	CODE:50fb	CODE:51f4	RETI	742	write	EXTMEM	1	EXTMEM:203b	0x203b	mem[EXTMEM:203b]
decompiler	CODE:50fb	CODE:51f4	RETI	742	read	EXTMEM	1	EXTMEM:203b	0x203b	
decompiler	CODE:51f5	CODE:5058	MOVX A,@DPTR	209	read	EXTMEM	1	CAST(INT_ADD(INDIRECT((register, 0x82, 2),0xba),0x1))		
decompiler	CODE:51f5	CODE:505d	RET	304	write	INTMEM	1	INTMEM:47	0x47	mem[INTMEM:47]
decompiler	CODE:51f5	CODE:505d	RET	304	read	INTMEM	1	INTMEM:47	0x47	
decompiler	CODE:51f5	CODE:505d	RET	315	write	INTMEM	1	INTMEM:b2	0xb2	mem[INTMEM:b2]
decompiler	CODE:51f5	CODE:505d	RET	315	read	INTMEM	1	INTMEM:b2	0xb2	
decompiler	CODE:51f5	CODE:505d	RET	326	write	INTMEM	1	INTMEM:b4	0xb4	mem[INTMEM:b4]
decompiler	CODE:51f5	CODE:505d	RET	326	read	INTMEM	1	INTMEM:b4	0xb4	
decompiler	CODE:51f5	CODE:51fa	JNZ 0x51fe	16	read	INTMEM	1	INTMEM:b2	0xb2	
decompiler	CODE:51f5	CODE:5200	JZ 0x5204	127	read	INTMEM	1	INTMEM:b2	0xb2	
decompiler	CODE:51f5	CODE:52c2	JZ 0x52cf	35	read	INTMEM	1	INTMEM:b4	0xb4	
decompiler	CODE:51f5	CODE:52c6	JZ 0x52d2	50	read	INTMEM	1	INTMEM:b4	0xb4	
decompiler	CODE:51f5	CODE:52c9	JZ 0x52d5	53	read	INTMEM	1	INTMEM:b4	0xb4	
decompiler	CODE:51f5	CODE:52d1	RET	298	write	INTMEM	1	INTMEM:47	0x47	mem[INTMEM:47]
decompiler	CODE:51f5	CODE:52d1	RET	298	read	INTMEM	1	INTMEM:47	0x47	
decompiler	CODE:51f5	CODE:52d1	RET	309	write	INTMEM	1	INTMEM:b2	0xb2	mem[INTMEM:b2]
decompiler	CODE:51f5	CODE:52d1	RET	309	read	INTMEM	1	INTMEM:b2	0xb2	
decompiler	CODE:51f5	CODE:52d1	RET	320	write	INTMEM	1	INTMEM:b4	0xb4	mem[INTMEM:b4]
decompiler	CODE:51f5	CODE:52d1	RET	320	read	INTMEM	1	INTMEM:b4	0xb4	
decompiler	CODE:51f5	CODE:52d4	RET	301	write	INTMEM	1	INTMEM:47	0x47	mem[INTMEM:47]
decompiler	CODE:51f5	CODE:52d4	RET	301	read	INTMEM	1	INTMEM:47	0x47	
decompiler	CODE:51f5	CODE:52d4	RET	312	write	INTMEM	1	INTMEM:b2	0xb2	mem[INTMEM:b2]
decompiler	CODE:51f5	CODE:52d4	RET	312	read	INTMEM	1	INTMEM:b2	0xb2	
decompiler	CODE:51f5	CODE:52d4	RET	323	write	INTMEM	1	INTMEM:b4	0xb4	mem[INTMEM:b4]
decompiler	CODE:51f5	CODE:52d4	RET	323	read	INTMEM	1	INTMEM:b4	0xb4	
decompiler	CODE:51f5	CODE:52d7	RET	300	write	INTMEM	1	INTMEM:47	0x47	mem[INTMEM:47]
decompiler	CODE:51f5	CODE:52d7	RET	300	read	INTMEM	1	INTMEM:47	0x47	
decompiler	CODE:51f5	CODE:52d7	RET	311	write	INTMEM	1	INTMEM:b2	0xb2	mem[INTMEM:b2]
decompiler	CODE:51f5	CODE:52d7	RET	311	read	INTMEM	1	INTMEM:b2	0xb2	
decompiler	CODE:51f5	CODE:52d7	RET	322	write	INTMEM	1	INTMEM:b4	0xb4	mem[INTMEM:b4]
decompiler	CODE:51f5	CODE:52d7	RET	322	read	INTMEM	1	INTMEM:b4	0xb4	
decompiler	CODE:51f5	CODE:52e1	RET	302	write	INTMEM	1	INTMEM:47	0x47	mem[INTMEM:47]
decompiler	CODE:51f5	CODE:52e1	RET	302	read	INTMEM	1	INTMEM:47	0x47	
decompiler	CODE:51f5	CODE:52e1	RET	313	write	INTMEM	1	INTMEM:b2	0xb2	mem[INTMEM:b2]
decompiler	CODE:51f5	CODE:52e1	RET	313	read	INTMEM	1	INTMEM:b2	0xb2	
decompiler	CODE:51f5	CODE:52e1	RET	324	write	INTMEM	1	INTMEM:b4	0xb4	mem[INTMEM:b4]
decompiler	CODE:51f5	CODE:52e1	RET	324	read	INTMEM	1	INTMEM:b4	0xb4	
decompiler	CODE:51f5	CODE:52eb	RET	303	write	INTMEM	1	INTMEM:47	0x47	mem[INTMEM:47]
decompiler	CODE:51f5	CODE:52eb	RET	303	read	INTMEM	1	INTMEM:47	0x47	
decompiler	CODE:51f5	CODE:52eb	RET	314	write	INTMEM	1	INTMEM:b2	0xb2	mem[INTMEM:b2]
decompiler	CODE:51f5	CODE:52eb	RET	314	read	INTMEM	1	INTMEM:b2	0xb2	
decompiler	CODE:51f5	CODE:52eb	RET	325	write	INTMEM	1	INTMEM:b4	0xb4	mem[INTMEM:b4]
decompiler	CODE:51f5	CODE:52eb	RET	325	read	INTMEM	1	INTMEM:b4	0xb4	
decompiler	CODE:51f5	CODE:52ee	RET	299	write	INTMEM	1	INTMEM:47	0x47	mem[INTMEM:47]
decompiler	CODE:51f5	CODE:52ee	RET	299	read	INTMEM	1	INTMEM:47	0x47	
decompiler	CODE:51f5	CODE:52ee	RET	310	write	INTMEM	1	INTMEM:b2	0xb2	mem[INTMEM:b2]
decompiler	CODE:51f5	CODE:52ee	RET	310	read	INTMEM	1	INTMEM:b2	0xb2	
decompiler	CODE:51f5	CODE:52ee	RET	321	write	INTMEM	1	INTMEM:b4	0xb4	mem[INTMEM:b4]
decompiler	CODE:51f5	CODE:52ee	RET	321	read	INTMEM	1	INTMEM:b4	0xb4	
decompiler	CODE:51f5	CODE:52ee	RET	346	write	INTMEM	1	INTMEM:47	0x47	mem[INTMEM:47]
decompiler	CODE:51f5	CODE:52ee	RET	346	read	INTMEM	1	INTMEM:47	0x47	
decompiler	CODE:51f5	CODE:52ee	RET	347	write	INTMEM	1	INTMEM:b2	0xb2	mem[INTMEM:b2]
decompiler	CODE:51f5	CODE:52ee	RET	347	read	INTMEM	1	INTMEM:b2	0xb2	
decompiler	CODE:51f5	CODE:52ee	RET	348	write	INTMEM	1	INTMEM:b4	0xb4	mem[INTMEM:b4]
decompiler	CODE:51f5	CODE:52ee	RET	348	read	INTMEM	1	INTMEM:b4	0xb4	
decompiler	CODE:52ef	CODE:5300	JNZ 0x5306	23	read	EXTMEM	1	EXTMEM:04aa	0x4aa	
decompiler	CODE:52ef	CODE:5300	JNZ 0x5306	376	read	EXTMEM	1	EXTMEM:04aa	0x4aa	
decompiler	CODE:52ef	CODE:5314	JNZ 0x531a	58	read	EXTMEM	1	EXTMEM:04aa	0x4aa	
decompiler	CODE:52ef	CODE:5314	JNZ 0x531a	375	read	EXTMEM	1	EXTMEM:04aa	0x4aa	
decompiler	CODE:52ef	CODE:5328	JNZ 0x532e	75	read	EXTMEM	1	EXTMEM:04aa	0x4aa	
decompiler	CODE:52ef	CODE:5328	JNZ 0x532e	374	read	EXTMEM	1	EXTMEM:04aa	0x4aa	
decompiler	CODE:52ef	CODE:533c	JNZ 0x5342	92	read	EXTMEM	1	EXTMEM:04aa	0x4aa	
decompiler	CODE:52ef	CODE:533c	JNZ 0x5342	373	read	EXTMEM	1	EXTMEM:04aa	0x4aa	
decompiler	CODE:52ef	CODE:5350	JNZ 0x5356	109	read	EXTMEM	1	EXTMEM:04aa	0x4aa	
decompiler	CODE:52ef	CODE:5350	JNZ 0x5356	372	read	EXTMEM	1	EXTMEM:04aa	0x4aa	
decompiler	CODE:52ef	CODE:5364	JNZ 0x536a	126	read	EXTMEM	1	EXTMEM:04aa	0x4aa	
decompiler	CODE:52ef	CODE:5364	JNZ 0x536a	371	read	EXTMEM	1	EXTMEM:04aa	0x4aa	
decompiler	CODE:52ef	CODE:5378	JNZ 0x537e	143	read	EXTMEM	1	EXTMEM:04aa	0x4aa	
decompiler	CODE:52ef	CODE:5378	JNZ 0x537e	370	read	EXTMEM	1	EXTMEM:04aa	0x4aa	
decompiler	CODE:52ef	CODE:538c	JNZ 0x5392	160	read	EXTMEM	1	EXTMEM:04aa	0x4aa	
decompiler	CODE:52ef	CODE:538c	JNZ 0x5392	369	read	EXTMEM	1	EXTMEM:04aa	0x4aa	
decompiler	CODE:52ef	CODE:53a0	JNZ 0x53a6	177	read	EXTMEM	1	EXTMEM:04aa	0x4aa	
decompiler	CODE:52ef	CODE:53a0	JNZ 0x53a6	368	read	EXTMEM	1	EXTMEM:04aa	0x4aa	
decompiler	CODE:52ef	CODE:53b4	JNZ 0x53ba	194	read	EXTMEM	1	EXTMEM:04aa	0x4aa	
decompiler	CODE:52ef	CODE:53b4	JNZ 0x53ba	367	read	EXTMEM	1	EXTMEM:04aa	0x4aa	
decompiler	CODE:52ef	CODE:53c8	JNZ 0x53ce	211	read	EXTMEM	1	EXTMEM:04aa	0x4aa	
decompiler	CODE:52ef	CODE:53c8	JNZ 0x53ce	366	read	EXTMEM	1	EXTMEM:04aa	0x4aa	
decompiler	CODE:52ef	CODE:53e4	LJMP 0x87aa	331	write	EXTMEM	1	EXTMEM:04aa	0x4aa	mem[EXTMEM:04aa]
decompiler	CODE:52ef	CODE:53e4	LJMP 0x87aa	331	read	EXTMEM	1	EXTMEM:04aa	0x4aa	
decompiler	CODE:52ef	CODE:53e4	LJMP 0x87aa	339	write	EXTMEM	1	EXTMEM:04ab	0x4ab	mem[EXTMEM:04ab]
decompiler	CODE:52ef	CODE:53e4	LJMP 0x87aa	339	read	EXTMEM	1	EXTMEM:04ab	0x4ab	
decompiler	CODE:53fa	CODE:540d	MOVX @DPTR,A	24	write	EXTMEM	1	EXTMEM:051a	0x51a	0x0
decompiler	CODE:53fa	CODE:540f	RET	50	write	EXTMEM	1	EXTMEM:051a	0x51a	0x0
decompiler	CODE:53fa	CODE:540f	RET	50	read	EXTMEM	1	EXTMEM:051a	0x51a	
decompiler	CODE:5410	CODE:5421	MOVX @DPTR,A	24	write	EXTMEM	1	EXTMEM:0541	0x541	mem[EXTMEM:051e]
decompiler	CODE:5410	CODE:5421	MOVX @DPTR,A	24	read	EXTMEM	1	EXTMEM:051e	0x51e	
decompiler	CODE:5410	CODE:5424	MOVX @DPTR,A	29	write	EXTMEM	1	EXTMEM:0542	0x542	mem[EXTMEM:051f]
decompiler	CODE:5410	CODE:5424	MOVX @DPTR,A	29	read	EXTMEM	1	EXTMEM:051f	0x51f	
decompiler	CODE:5410	CODE:5430	MOVX @DPTR,A	45	write	EXTMEM	1	EXTMEM:0543	0x543	mem[EXTMEM:0520]
decompiler	CODE:5410	CODE:5430	MOVX @DPTR,A	45	read	EXTMEM	1	EXTMEM:0520	0x520	
decompiler	CODE:5410	CODE:5433	MOVX @DPTR,A	50	write	EXTMEM	1	EXTMEM:0544	0x544	mem[EXTMEM:0521]
decompiler	CODE:5410	CODE:5433	MOVX @DPTR,A	50	read	EXTMEM	1	EXTMEM:0521	0x521	
decompiler	CODE:5410	CODE:5434	RET	66	write	EXTMEM	1	EXTMEM:051e	0x51e	mem[EXTMEM:051e]
decompiler	CODE:5410	CODE:5434	RET	66	read	EXTMEM	1	EXTMEM:051e	0x51e	
decompiler	CODE:5410	CODE:5434	RET	68	write	EXTMEM	1	EXTMEM:051f	0x51f	mem[EXTMEM:051f]
decompiler	CODE:5410	CODE:5434	RET	68	read	EXTMEM	1	EXTMEM:051f	0x51f	
decompiler	CODE:5410	CODE:5434	RET	70	write	EXTMEM	1	EXTMEM:0520	0x520	mem[EXTMEM:0520]
decompiler	CODE:5410	CODE:5434	RET	70	read	EXTMEM	1	EXTMEM:0520	0x520	
decompiler	CODE:5410	CODE:5434	RET	72	write	EXTMEM	1	EXTMEM:0521	0x521	mem[EXTMEM:0521]
decompiler	CODE:5410	CODE:5434	RET	72	read	EXTMEM	1	EXTMEM:0521	0x521	
decompiler	CODE:5410	CODE:5434	RET	74	write	EXTMEM	1	EXTMEM:0541	0x541	mem[EXTMEM:0541]
decompiler	CODE:5410	CODE:5434	RET	74	read	EXTMEM	1	EXTMEM:0541	0x541	
decompiler	CODE:5410	CODE:5434	RET	76	write	EXTMEM	1	EXTMEM:0542	0x542	mem[EXTMEM:0542]
decompiler	CODE:5410	CODE:5434	RET	76	read	EXTMEM	1	EXTMEM:0542	0x542	
decompiler	CODE:5410	CODE:5434	RET	78	write	EXTMEM	1	EXTMEM:0543	0x543	mem[EXTMEM:0543]
decompiler	CODE:5410	CODE:5434	RET	78	read	EXTMEM	1	EXTMEM:0543	0x543	
decompiler	CODE:5410	CODE:5434	RET	80	write	EXTMEM	1	EXTMEM:0544	0x544	mem[EXTMEM:0544]
decompiler	CODE:5410	CODE:5434	RET	80	read	EXTMEM	1	EXTMEM:0544	0x544	
decompiler	CODE:5428	CODE:5428	MOVX A,@DPTR	1	read	EXTMEM	1	(register, 0x82, 2)		
decompiler	CODE:5428	CODE:542b	MOVX A,@DPTR	6	read	EXTMEM	1	PTRADD((register, 0x82, 2),0x1,0x1)		
decompiler	CODE:5428	CODE:5430	MOVX @DPTR,A	14	write	EXTMEM	1	EXTMEM:0543	0x543	LOAD(0x311,(register, 0x82, 2))
decompiler	CODE:5428	CODE:5433	MOVX @DPTR,A	19	write	EXTMEM	1	EXTMEM:0544	0x544	LOAD(0x311,PTRADD((register, 0x82, 2),0x1,0x1))
decompiler	CODE:5428	CODE:5434	RET	30	write	EXTMEM	1	EXTMEM:0543	0x543	mem[EXTMEM:0543]
decompiler	CODE:5428	CODE:5434	RET	30	read	EXTMEM	1	EXTMEM:0543	0x543	
decompiler	CODE:5428	CODE:5434	RET	31	write	EXTMEM	1	EXTMEM:0544	0x544	mem[EXTMEM:0544]
decompiler	CODE:5428	CODE:5434	RET	31	read	EXTMEM	1	EXTMEM:0544	0x544	
decompiler	CODE:5435	CODE:5435	MOVX @DPTR,A	2	write	EXTMEM	1	(register, 0x82, 2)		(register, 0xb, 1)
decompiler	CODE:5435	CODE:5441	MOVX @DPTR,A	18	write	EXTMEM	1	EXTMEM:051e	0x51e	mem[EXTMEM:050a]
decompiler	CODE:5435	CODE:5441	MOVX @DPTR,A	18	read	EXTMEM	1	EXTMEM:050a	0x50a	
decompiler	CODE:5435	CODE:5444	MOVX @DPTR,A	23	write	EXTMEM	1	EXTMEM:051f	0x51f	mem[EXTMEM:050b]
decompiler	CODE:5435	CODE:5444	MOVX @DPTR,A	23	read	EXTMEM	1	EXTMEM:050b	0x50b	
decompiler	CODE:5435	CODE:5450	MOVX @DPTR,A	39	write	EXTMEM	1	EXTMEM:0520	0x520	mem[EXTMEM:050c]
decompiler	CODE:5435	CODE:5450	MOVX @DPTR,A	39	read	EXTMEM	1	EXTMEM:050c	0x50c	
decompiler	CODE:5435	CODE:5453	MOVX @DPTR,A	44	write	EXTMEM	1	EXTMEM:0521	0x521	mem[EXTMEM:050d]
decompiler	CODE:5435	CODE:5453	MOVX @DPTR,A	44	read	EXTMEM	1	EXTMEM:050d	0x50d	
decompiler	CODE:5435	CODE:5456	MOVX @DPTR,A	49	write	EXTMEM	1	EXTMEM:0522	0x522	0x0
decompiler	CODE:5435	CODE:5458	RET	61	write	EXTMEM	1	EXTMEM:050a	0x50a	mem[EXTMEM:050a]
decompiler	CODE:5435	CODE:5458	RET	61	read	EXTMEM	1	EXTMEM:050a	0x50a	
decompiler	CODE:5435	CODE:5458	RET	63	write	EXTMEM	1	EXTMEM:050b	0x50b	mem[EXTMEM:050b]
decompiler	CODE:5435	CODE:5458	RET	63	read	EXTMEM	1	EXTMEM:050b	0x50b	
decompiler	CODE:5435	CODE:5458	RET	65	write	EXTMEM	1	EXTMEM:050c	0x50c	mem[EXTMEM:050c]
decompiler	CODE:5435	CODE:5458	RET	65	read	EXTMEM	1	EXTMEM:050c	0x50c	
decompiler	CODE:5435	CODE:5458	RET	67	write	EXTMEM	1	EXTMEM:050d	0x50d	mem[EXTMEM:050d]
decompiler	CODE:5435	CODE:5458	RET	67	read	EXTMEM	1	EXTMEM:050d	0x50d	
decompiler	CODE:5435	CODE:5458	RET	69	write	EXTMEM	1	EXTMEM:051e	0x51e	mem[EXTMEM:051e]
decompiler	CODE:5435	CODE:5458	RET	69	read	EXTMEM	1	EXTMEM:051e	0x51e	
decompiler	CODE:5435	CODE:5458	RET	71	write	EXTMEM	1	EXTMEM:051f	0x51f	mem[EXTMEM:051f]
decompiler	CODE:5435	CODE:5458	RET	71	read	EXTMEM	1	EXTMEM:051f	0x51f	
decompiler	CODE:5435	CODE:5458	RET	73	write	EXTMEM	1	EXTMEM:0520	0x520	mem[EXTMEM:0520]
decompiler	CODE:5435	CODE:5458	RET	73	read	EXTMEM	1	EXTMEM:0520	0x520	
decompiler	CODE:5435	CODE:5458	RET	75	write	EXTMEM	1	EXTMEM:0521	0x521	mem[EXTMEM:0521]
decompiler	CODE:5435	CODE:5458	RET	75	read	EXTMEM	1	EXTMEM:0521	0x521	
decompiler	CODE:5435	CODE:5458	RET	77	write	EXTMEM	1	EXTMEM:0522	0x522	0x0
decompiler	CODE:5435	CODE:5458	RET	77	read	EXTMEM	1	EXTMEM:0522	0x522	
decompiler	CODE:5459	CODE:5468	RET	39	write	EXTMEM	1	EXTMEM:0541	0x541	mem[EXTMEM:0541]
decompiler	CODE:5459	CODE:5468	RET	39	read	EXTMEM	1	EXTMEM:0541	0x541	
decompiler	CODE:5459	CODE:5468	RET	40	write	EXTMEM	1	EXTMEM:0542	0x542	mem[EXTMEM:0542]
decompiler	CODE:5459	CODE:5468	RET	40	read	EXTMEM	1	EXTMEM:0542	0x542	
decompiler	CODE:549d	CODE:54a8	MOVX A,@DPTR	12	read	EXTMEM	1	CAST(PIECE(mem[EXTMEM:0559],mem[EXTMEM:055a]))		
decompiler	CODE:549d	CODE:54a9	RET	29	write	EXTMEM	1	EXTMEM:0559	0x559	mem[EXTMEM:0559]
decompiler	CODE:549d	CODE:54a9	RET	29	read	EXTMEM	1	EXTMEM:0559	0x559	
decompiler	CODE:549d	CODE:54a9	RET	30	write	EXTMEM	1	EXTMEM:055a	0x55a	mem[EXTMEM:055a]
decompiler	CODE:549d	CODE:54a9	RET	30	read	EXTMEM	1	EXTMEM:055a	0x55a	
decompiler	CODE:54aa	CODE:54b2	LJMP 0xa9e2	18	write	EXTMEM	1	EXTMEM:051a	0x51a	mem[EXTMEM:051a]
decompiler	CODE:54aa	CODE:54b2	LJMP 0xa9e2	18	read	EXTMEM	1	EXTMEM:051a	0x51a	
decompiler	CODE:54aa	CODE:54b2	LJMP 0xa9e2	20	write	EXTMEM	1	EXTMEM:051b	0x51b	mem[EXTMEM:051b]
decompiler	CODE:54aa	CODE:54b2	LJMP 0xa9e2	20	read	EXTMEM	1	EXTMEM:051b	0x51b	
decompiler	CODE:54bf	CODE:54c4	MOVX @DPTR,A	4	write	EXTMEM	1	EXTMEM:0afe	0xafe	0x5a
decompiler	CODE:54bf	CODE:54c8	MOVX @DPTR,A	9	write	EXTMEM	1	EXTMEM:0aff	0xaff	0xa5
decompiler	CODE:54bf	CODE:54c9	RET	20	write	EXTMEM	1	EXTMEM:0afe	0xafe	0x5a
decompiler	CODE:54bf	CODE:54c9	RET	20	read	EXTMEM	1	EXTMEM:0afe	0xafe	
decompiler	CODE:54bf	CODE:54c9	RET	21	write	EXTMEM	1	EXTMEM:0aff	0xaff	0xa5
decompiler	CODE:54bf	CODE:54c9	RET	21	read	EXTMEM	1	EXTMEM:0aff	0xaff	
decompiler	CODE:54d6	CODE:54dd	MOVX @DPTR,A	12	write	EXTMEM	1	EXTMEM:04b2	0x4b2	0x0
decompiler	CODE:54d6	CODE:54fa	LCALL 0xad49	618	write	EXTMEM	1	EXTMEM:04b2	0x4b2	mem[EXTMEM:04b2]
decompiler	CODE:54d6	CODE:54fa	LCALL 0xad49	618	read	EXTMEM	1	EXTMEM:04b2	0x4b2	
decompiler	CODE:54d6	CODE:54fa	LCALL 0xad49	641	write	EXTMEM	1	EXTMEM:04b3	0x4b3	mem[EXTMEM:04b3]
decompiler	CODE:54d6	CODE:54fa	LCALL 0xad49	641	read	EXTMEM	1	EXTMEM:04b3	0x4b3	
decompiler	CODE:54d6	CODE:5541	MOVX A,@DPTR	208	read	EXTMEM	1	INDIRECT(MULTIEQUAL(INDIRECT(MULTIEQUAL(INDIRECT(INDIRECT(INDIRECT((register, 0x82, 2),0x26),0x2e),0x4d),INDIRECT(INDIRECT(INDIRECT((register, 0x82, 2),0x57),0x7b),0x85)),0x8e),INDIRECT(INDIRECT(INDIRECT(INDIRECT(MULTIEQUAL((register, 0x82, 2),(register, 0x82, 2)),0x8e),0x98),0xbc),0xc6)),0xce)		
decompiler	CODE:54d6	CODE:5560	RET	619	write	EXTMEM	1	EXTMEM:04b2	0x4b2	mem[EXTMEM:04b2]
decompiler	CODE:54d6	CODE:5560	RET	619	read	EXTMEM	1	EXTMEM:04b2	0x4b2	
decompiler	CODE:54d6	CODE:5560	RET	642	write	EXTMEM	1	EXTMEM:04b3	0x4b3	mem[EXTMEM:04b3]
decompiler	CODE:54d6	CODE:5560	RET	642	read	EXTMEM	1	EXTMEM:04b3	0x4b3	
decompiler	CODE:5561	CODE:556c	MOVX @DPTR,A	15	write	EXTMEM	1	EXTMEM:04d6	0x4d6	mem[EXTMEM:04b6]
decompiler	CODE:5561	CODE:556c	MOVX @DPTR,A	15	read	EXTMEM	1	EXTMEM:04b6	0x4b6	
decompiler	CODE:5561	CODE:556f	MOVX @DPTR,A	20	write	EXTMEM	1	EXTMEM:04d7	0x4d7	mem[EXTMEM:04b7]
decompiler	CODE:5561	CODE:556f	MOVX @DPTR,A	20	read	EXTMEM	1	EXTMEM:04b7	0x4b7	
decompiler	CODE:5561	CODE:5579	RET	56	write	EXTMEM	1	EXTMEM:04b6	0x4b6	mem[EXTMEM:04b6]
decompiler	CODE:5561	CODE:5579	RET	56	read	EXTMEM	1	EXTMEM:04b6	0x4b6	
decompiler	CODE:5561	CODE:5579	RET	58	write	EXTMEM	1	EXTMEM:04b7	0x4b7	mem[EXTMEM:04b7]
decompiler	CODE:5561	CODE:5579	RET	58	read	EXTMEM	1	EXTMEM:04b7	0x4b7	
decompiler	CODE:5561	CODE:5579	RET	60	write	EXTMEM	1	EXTMEM:04d6	0x4d6	mem[EXTMEM:04d6]
decompiler	CODE:5561	CODE:5579	RET	60	read	EXTMEM	1	EXTMEM:04d6	0x4d6	
decompiler	CODE:5561	CODE:5579	RET	62	write	EXTMEM	1	EXTMEM:04d7	0x4d7	mem[EXTMEM:04d7]
decompiler	CODE:5561	CODE:5579	RET	62	read	EXTMEM	1	EXTMEM:04d7	0x4d7	
decompiler	CODE:5561	CODE:5579	RET	64	write	EXTMEM	1	EXTMEM:04d8	0x4d8	mem[EXTMEM:04d8]
decompiler	CODE:5561	CODE:5579	RET	64	read	EXTMEM	1	EXTMEM:04d8	0x4d8	
decompiler	CODE:5561	CODE:5579	RET	66	write	EXTMEM	1	EXTMEM:04d9	0x4d9	mem[EXTMEM:04d9]
decompiler	CODE:5561	CODE:5579	RET	66	read	EXTMEM	1	EXTMEM:04d9	0x4d9	
decompiler	CODE:557a	CODE:5587	MOVX @DPTR,A	15	write	EXTMEM	1	EXTMEM:04b4	0x4b4	mem[INTMEM:02]
decompiler	CODE:557a	CODE:5587	MOVX @DPTR,A	15	read	INTMEM	1	INTMEM:02	0x2	
decompiler	CODE:557a	CODE:558a	MOVX @DPTR,A	20	write	EXTMEM	1	EXTMEM:04b5	0x4b5	mem[INTMEM:01]
decompiler	CODE:557a	CODE:558a	MOVX @DPTR,A	20	read	INTMEM	1	INTMEM:01	0x1	
decompiler	CODE:557a	CODE:558f	RET	43	write	INTMEM	1	INTMEM:01	0x1	mem[INTMEM:01]
decompiler	CODE:557a	CODE:558f	RET	43	read	INTMEM	1	INTMEM:01	0x1	
decompiler	CODE:557a	CODE:558f	RET	45	write	INTMEM	1	INTMEM:02	0x2	mem[INTMEM:02]
decompiler	CODE:557a	CODE:558f	RET	45	read	INTMEM	1	INTMEM:02	0x2	
decompiler	CODE:557a	CODE:558f	RET	47	write	EXTMEM	1	EXTMEM:04b4	0x4b4	mem[EXTMEM:04b4]
decompiler	CODE:557a	CODE:558f	RET	47	read	EXTMEM	1	EXTMEM:04b4	0x4b4	
decompiler	CODE:557a	CODE:558f	RET	49	write	EXTMEM	1	EXTMEM:04b5	0x4b5	mem[EXTMEM:04b5]
decompiler	CODE:557a	CODE:558f	RET	49	read	EXTMEM	1	EXTMEM:04b5	0x4b5	
decompiler	CODE:5590	CODE:559b	MOVX @DPTR,A	14	write	EXTMEM	1	EXTMEM:04b4	0x4b4	mem[INTMEM:02]
decompiler	CODE:5590	CODE:559b	MOVX @DPTR,A	14	read	INTMEM	1	INTMEM:02	0x2	
decompiler	CODE:5590	CODE:559e	MOVX @DPTR,A	19	write	EXTMEM	1	EXTMEM:04b5	0x4b5	mem[INTMEM:01]
decompiler	CODE:5590	CODE:559e	MOVX @DPTR,A	19	read	INTMEM	1	INTMEM:01	0x1	
decompiler	CODE:5590	CODE:55a3	MOVX A,@DPTR	23	read	EXTMEM	1	CAST(PIECE(mem[INTMEM:02],mem[INTMEM:01]))		
decompiler	CODE:5590	CODE:55a9	RET	75	write	INTMEM	1	INTMEM:01	0x1	mem[INTMEM:01]
decompiler	CODE:5590	CODE:55a9	RET	75	read	INTMEM	1	INTMEM:01	0x1	
decompiler	CODE:5590	CODE:55a9	RET	77	write	INTMEM	1	INTMEM:02	0x2	mem[INTMEM:02]
decompiler	CODE:5590	CODE:55a9	RET	77	read	INTMEM	1	INTMEM:02	0x2	
decompiler	CODE:5590	CODE:55a9	RET	79	write	EXTMEM	1	EXTMEM:04b4	0x4b4	mem[EXTMEM:04b4]
decompiler	CODE:5590	CODE:55a9	RET	79	read	EXTMEM	1	EXTMEM:04b4	0x4b4	
decompiler	CODE:5590	CODE:55a9	RET	81	write	EXTMEM	1	EXTMEM:04b5	0x4b5	mem[EXTMEM:04b5]
decompiler	CODE:5590	CODE:55a9	RET	81	read	EXTMEM	1	EXTMEM:04b5	0x4b5	
decompiler	CODE:55aa	CODE:55aa	MOVX A,@DPTR	1	read	EXTMEM	1	(register, 0x82, 2)		
decompiler	CODE:55aa	CODE:55ad	MOVX A,@DPTR	6	read	EXTMEM	1	PTRADD((register, 0x82, 2),0x1,0x1)		
decompiler	CODE:55aa	CODE:55bf	RET	55	write	EXTMEM	1	EXTMEM:04d6	0x4d6	mem[EXTMEM:04d6]
decompiler	CODE:55aa	CODE:55bf	RET	55	read	EXTMEM	1	EXTMEM:04d6	0x4d6	
decompiler	CODE:55aa	CODE:55bf	RET	57	write	EXTMEM	1	EXTMEM:04d7	0x4d7	mem[EXTMEM:04d7]
decompiler	CODE:55aa	CODE:55bf	RET	57	read	EXTMEM	1	EXTMEM:04d7	0x4d7	
decompiler	CODE:55aa	CODE:55bf	RET	59	write	EXTMEM	1	EXTMEM:04d8	0x4d8	mem[EXTMEM:04d8]
decompiler	CODE:55aa	CODE:55bf	RET	59	read	EXTMEM	1	EXTMEM:04d8	0x4d8	
decompiler	CODE:55aa	CODE:55bf	RET	61	write	EXTMEM	1	EXTMEM:04d9	0x4d9	mem[EXTMEM:04d9]
decompiler	CODE:55aa	CODE:55bf	RET	61	read	EXTMEM	1	EXTMEM:04d9	0x4d9	
decompiler	CODE:55c0	CODE:55ca	MOVX @DPTR,A	13	write	EXTMEM	1	EXTMEM:0545	0x545	0x0
decompiler	CODE:55c0	CODE:55cc	MOVX @DPTR,A	17	write	EXTMEM	1	EXTMEM:0546	0x546	0x0
decompiler	CODE:55c0	CODE:55ce	MOVX @DPTR,A	21	write	EXTMEM	1	EXTMEM:0547	0x547	0x0
decompiler	CODE:55c0	CODE:55d2	MOVX @DPTR,A	26	write	EXTMEM	1	EXTMEM:0548	0x548	0x20
decompiler	CODE:55c0	CODE:55dc	MOVX @DPTR,A	42	write	EXTMEM	1	EXTMEM:0549	0x549	0x0
decompiler	CODE:55c0	CODE:55de	MOVX @DPTR,A	46	write	EXTMEM	1	EXTMEM:054a	0x54a	0x0
decompiler	CODE:55c0	CODE:55e2	LCALL 0xadf3	173	write	EXTMEM	1	EXTMEM:0544	0x544	mem[EXTMEM:0544]
decompiler	CODE:55c0	CODE:55e2	LCALL 0xadf3	173	read	EXTMEM	1	EXTMEM:0544	0x544	
decompiler	CODE:55c0	CODE:55e2	LCALL 0xadf3	185	write	EXTMEM	1	EXTMEM:0545	0x545	mem[EXTMEM:0545]
decompiler	CODE:55c0	CODE:55e2	LCALL 0xadf3	185	read	EXTMEM	1	EXTMEM:0545	0x545	
decompiler	CODE:55c0	CODE:55e2	LCALL 0xadf3	197	write	EXTMEM	1	EXTMEM:0546	0x546	mem[EXTMEM:0546]
decompiler	CODE:55c0	CODE:55e2	LCALL 0xadf3	197	read	EXTMEM	1	EXTMEM:0546	0x546	
decompiler	CODE:55c0	CODE:55e2	LCALL 0xadf3	209	write	EXTMEM	1	EXTMEM:0547	0x547	mem[EXTMEM:0547]
decompiler	CODE:55c0	CODE:55e2	LCALL 0xadf3	209	read	EXTMEM	1	EXTMEM:0547	0x547	
decompiler	CODE:55c0	CODE:55e2	LCALL 0xadf3	221	write	EXTMEM	1	EXTMEM:0548	0x548	mem[EXTMEM:0548]
decompiler	CODE:55c0	CODE:55e2	LCALL 0xadf3	221	read	EXTMEM	1	EXTMEM:0548	0x548	
decompiler	CODE:55c0	CODE:55e2	LCALL 0xadf3	233	write	EXTMEM	1	EXTMEM:0549	0x549	mem[EXTMEM:0549]
decompiler	CODE:55c0	CODE:55e2	LCALL 0xadf3	233	read	EXTMEM	1	EXTMEM:0549	0x549	
decompiler	CODE:55c0	CODE:55e2	LCALL 0xadf3	245	write	EXTMEM	1	EXTMEM:054a	0x54a	mem[EXTMEM:054a]
decompiler	CODE:55c0	CODE:55e2	LCALL 0xadf3	245	read	EXTMEM	1	EXTMEM:054a	0x54a	
decompiler	CODE:55c0	CODE:5647	JB 0xe0,0x565a	63	read	EXTMEM	1	EXTMEM:0544	0x544	
decompiler	CODE:55c0	CODE:565d	LCALL 0x53ea	174	write	EXTMEM	1	EXTMEM:0544	0x544	mem[EXTMEM:0544]
decompiler	CODE:55c0	CODE:565d	LCALL 0x53ea	174	read	EXTMEM	1	EXTMEM:0544	0x544	
decompiler	CODE:55c0	CODE:565d	LCALL 0x53ea	186	write	EXTMEM	1	EXTMEM:0545	0x545	mem[EXTMEM:0545]
decompiler	CODE:55c0	CODE:565d	LCALL 0x53ea	186	read	EXTMEM	1	EXTMEM:0545	0x545	
decompiler	CODE:55c0	CODE:565d	LCALL 0x53ea	198	write	EXTMEM	1	EXTMEM:0546	0x546	mem[EXTMEM:0546]
decompiler	CODE:55c0	CODE:565d	LCALL 0x53ea	198	read	EXTMEM	1	EXTMEM:0546	0x546	
decompiler	CODE:55c0	CODE:565d	LCALL 0x53ea	210	write	EXTMEM	1	EXTMEM:0547	0x547	mem[EXTMEM:0547]
decompiler	CODE:55c0	CODE:565d	LCALL 0x53ea	210	read	EXTMEM	1	EXTMEM:0547	0x547	
decompiler	CODE:55c0	CODE:565d	LCALL 0x53ea	222	write	EXTMEM	1	EXTMEM:0548	0x548	mem[EXTMEM:0548]
decompiler	CODE:55c0	CODE:565d	LCALL 0x53ea	222	read	EXTMEM	1	EXTMEM:0548	0x548	
decompiler	CODE:55c0	CODE:565d	LCALL 0x53ea	234	write	EXTMEM	1	EXTMEM:0549	0x549	mem[EXTMEM:0549]
decompiler	CODE:55c0	CODE:565d	LCALL 0x53ea	234	read	EXTMEM	1	EXTMEM:0549	0x549	
decompiler	CODE:55c0	CODE:565d	LCALL 0x53ea	246	write	EXTMEM	1	EXTMEM:054a	0x54a	mem[EXTMEM:054a]
decompiler	CODE:55c0	CODE:565d	LCALL 0x53ea	246	read	EXTMEM	1	EXTMEM:054a	0x54a	
decompiler	CODE:56a8	CODE:56b4	MOVX @DPTR,A	21	write	EXTMEM	1	INDIRECT(0x4b0,0x11)		0x0
decompiler	CODE:56a8	CODE:56b8	MOVX @DPTR,A	25	write	EXTMEM	1	EXTMEM:04b3	0x4b3	0x0
decompiler	CODE:56a8	CODE:56ba	MOVX @DPTR,A	29	write	EXTMEM	1	EXTMEM:04b4	0x4b4	0x0
decompiler	CODE:56a8	CODE:56c5	MOVX @DPTR,A	100	write	EXTMEM	1	EXTMEM:04b5	0x4b5	0x0
decompiler	CODE:56a8	CODE:56d6	LCALL 0x5782	965	read	INTMEM	1	INTMEM:06	0x6	
decompiler	CODE:56a8	CODE:56d6	LCALL 0x5782	966	read	INTMEM	1	INTMEM:07	0x7	
decompiler	CODE:56a8	CODE:5745	LCALL 0x79d0	967	read	EXTMEM	1	EXTMEM:04b1	0x4b1	
decompiler	CODE:56a8	CODE:5745	LCALL 0x79d0	968	read	EXTMEM	1	EXTMEM:04b2	0x4b2	
decompiler	CODE:56a8	CODE:575d	LCALL 0x506b	969	read	EXTMEM	1	EXTMEM:04b5	0x4b5	
decompiler	CODE:56a8	CODE:5761	MOVX @DPTR,A	394	write	EXTMEM	1	INDIRECT(0x4b5,0x186)		INDIRECT(COPY(mem[EXTMEM:04b5]),0x186)
decompiler	CODE:56a8	CODE:5781	RET	726	write	INTMEM	1	INTMEM:06	0x6	mem[INTMEM:06]
decompiler	CODE:56a8	CODE:5781	RET	726	read	INTMEM	1	INTMEM:06	0x6	
decompiler	CODE:56a8	CODE:5781	RET	743	write	INTMEM	1	INTMEM:07	0x7	mem[INTMEM:07]
decompiler	CODE:56a8	CODE:5781	RET	743	read	INTMEM	1	INTMEM:07	0x7	
decompiler	CODE:56a8	CODE:5781	RET	760	write	INTMEM	1	INTMEM:b3	0xb3	mem[INTMEM:b3]
decompiler	CODE:56a8	CODE:5781	RET	760	read	INTMEM	1	INTMEM:b3	0xb3	
decompiler	CODE:56a8	CODE:5781	RET	777	write	EXTMEM	1	EXTMEM:04af	0x4af	mem[EXTMEM:04af]
decompiler	CODE:56a8	CODE:5781	RET	777	read	EXTMEM	1	EXTMEM:04af	0x4af	
decompiler	CODE:56a8	CODE:5781	RET	796	write	EXTMEM	1	EXTMEM:04b0	0x4b0	mem[EXTMEM:04b0]
decompiler	CODE:56a8	CODE:5781	RET	796	read	EXTMEM	1	EXTMEM:04b0	0x4b0	
decompiler	CODE:56a8	CODE:5781	RET	815	write	EXTMEM	1	EXTMEM:04b1	0x4b1	mem[EXTMEM:04b1]
decompiler	CODE:56a8	CODE:5781	RET	815	read	EXTMEM	1	EXTMEM:04b1	0x4b1	
decompiler	CODE:56a8	CODE:5781	RET	834	write	EXTMEM	1	EXTMEM:04b2	0x4b2	mem[EXTMEM:04b2]
decompiler	CODE:56a8	CODE:5781	RET	834	read	EXTMEM	1	EXTMEM:04b2	0x4b2	
decompiler	CODE:56a8	CODE:5781	RET	853	write	EXTMEM	1	EXTMEM:04b3	0x4b3	mem[EXTMEM:04b3]
decompiler	CODE:56a8	CODE:5781	RET	853	read	EXTMEM	1	EXTMEM:04b3	0x4b3	
decompiler	CODE:56a8	CODE:5781	RET	872	write	EXTMEM	1	EXTMEM:04b4	0x4b4	mem[EXTMEM:04b4]
decompiler	CODE:56a8	CODE:5781	RET	872	read	EXTMEM	1	EXTMEM:04b4	0x4b4	
decompiler	CODE:56a8	CODE:5781	RET	891	write	EXTMEM	1	EXTMEM:04b5	0x4b5	mem[EXTMEM:04b5]
decompiler	CODE:56a8	CODE:5781	RET	891	read	EXTMEM	1	EXTMEM:04b5	0x4b5	
decompiler	CODE:578c	CODE:579f	JNZ 0x57c5	20	read	EXTMEM	1	EXTMEM:04a8	0x4a8	
decompiler	CODE:578c	CODE:57a1	LCALL 0xadf3	57	write	EXTMEM	1	EXTMEM:04a8	0x4a8	mem[EXTMEM:04a8]
decompiler	CODE:578c	CODE:57a1	LCALL 0xadf3	57	read	EXTMEM	1	EXTMEM:04a8	0x4a8	
decompiler	CODE:578c	CODE:57c5	LCALL 0xadf3	58	write	EXTMEM	1	EXTMEM:04a8	0x4a8	mem[EXTMEM:04a8]
decompiler	CODE:578c	CODE:57c5	LCALL 0xadf3	58	read	EXTMEM	1	EXTMEM:04a8	0x4a8	
decompiler	CODE:58e1	CODE:58fe	JZ 0x591b	66	read	INTMEM	1	INTMEM:b2	0xb2	
decompiler	CODE:58e1	CODE:5909	JZ 0x5913	99	read	INTMEM	1	INTMEM:b4	0xb4	
decompiler	CODE:58e1	CODE:590c	JZ 0x5910	102	read	INTMEM	1	INTMEM:b4	0xb4	
decompiler	CODE:58e1	CODE:5918	MOVX @DPTR,A	127	write	EXTMEM	1	EXTMEM:04a9	0x4a9	0x8
decompiler	CODE:58e1	CODE:591f	JZ 0x5923	341	read	INTMEM	1	INTMEM:b4	0xb4	
decompiler	CODE:58e1	CODE:5928	JZ 0x5937	360	read	INTMEM	1	INTMEM:b5	0xb5	
decompiler	CODE:58e1	CODE:592c	JZ 0x5937	375	read	INTMEM	1	INTMEM:b5	0xb5	
decompiler	CODE:58e1	CODE:592f	JZ 0x5937	378	read	INTMEM	1	INTMEM:b5	0xb5	
decompiler	CODE:58e1	CODE:5933	JZ 0x5937	393	read	INTMEM	1	INTMEM:b5	0xb5	
decompiler	CODE:58e1	CODE:594a	MOVX @DPTR,A	145	write	EXTMEM	1	EXTMEM:04aa	0x4aa	0xb
decompiler	CODE:58e1	CODE:594e	MOVX @DPTR,A	150	write	EXTMEM	1	EXTMEM:04ab	0x4ab	0xb8
decompiler	CODE:58e1	CODE:5954	JZ 0x5971	167	read	INTMEM	1	INTMEM:cd	0xcd	
decompiler	CODE:58e1	CODE:5958	JZ 0x5969	182	read	INTMEM	1	INTMEM:cd	0xcd	
decompiler	CODE:58e1	CODE:595b	JZ 0x5981	185	read	INTMEM	1	INTMEM:cd	0xcd	
decompiler	CODE:58e1	CODE:595f	JNZ 0x59b7	200	read	INTMEM	1	INTMEM:cd	0xcd	
decompiler	CODE:58e1	CODE:5966	MOVX @DPTR,A	206	write	EXTMEM	1	EXTMEM:04a9	0x4a9	0x9
decompiler	CODE:58e1	CODE:596e	MOVX @DPTR,A	319	write	EXTMEM	1	EXTMEM:04a9	0x4a9	0xa
decompiler	CODE:58e1	CODE:5976	MOVX @DPTR,A	325	write	EXTMEM	1	EXTMEM:04a9	0x4a9	0xb
decompiler	CODE:58e1	CODE:597a	MOVX @DPTR,A	330	write	EXTMEM	1	EXTMEM:04aa	0x4aa	0x7
decompiler	CODE:58e1	CODE:597e	MOVX @DPTR,A	335	write	EXTMEM	1	EXTMEM:04ab	0x4ab	0xd0
decompiler	CODE:58e1	CODE:5986	MOVX @DPTR,A	304	write	EXTMEM	1	EXTMEM:04a9	0x4a9	0xc
decompiler	CODE:58e1	CODE:598a	MOVX @DPTR,A	309	write	EXTMEM	1	EXTMEM:04aa	0x4aa	0x3
decompiler	CODE:58e1	CODE:598e	MOVX @DPTR,A	314	write	EXTMEM	1	EXTMEM:04ab	0x4ab	0xe8
decompiler	CODE:58e1	CODE:59a1	MOVC A,@A+DPTR	266	read	CODE	1	CAST(PIECE(INT_SUB(0xb9,INT_SRIGHT(INT_LEFT(INT_LESS(0x59,CAST((unique, 0x10000009, 1))),0x7),0x7)),INT_ADD(INT_MULT(INDIRECT(INDIRECT(0x41,0x89),0xd7),0x2),0xa6)))		
decompiler	CODE:58e1	CODE:59a5	MOVC A,@A+DPTR	271	read	CODE	1	PTRADD(CAST(PIECE(INT_SUB(0xb9,INT_SRIGHT(INT_LEFT(INT_LESS(0x59,(unique, 0x10000021, 1)),0x7),0x7)),INT_ADD(INT_MULT(INDIRECT(INDIRECT((register, 0x7, 1),0x89),0xd7),0x2),0xa6))),0x1,0x1)		
decompiler	CODE:58e1	CODE:59bf	RET	659	write	INTMEM	1	INTMEM:b2	0xb2	mem[INTMEM:b2]
decompiler	CODE:58e1	CODE:59bf	RET	659	read	INTMEM	1	INTMEM:b2	0xb2	
decompiler	CODE:58e1	CODE:59bf	RET	663	write	INTMEM	1	INTMEM:b2	0xb2	mem[INTMEM:b2]
decompiler	CODE:58e1	CODE:59bf	RET	663	read	INTMEM	1	INTMEM:b2	0xb2	
decompiler	CODE:58e1	CODE:59bf	RET	674	write	INTMEM	1	INTMEM:b4	0xb4	mem[INTMEM:b4]
decompiler	CODE:58e1	CODE:59bf	RET	674	read	INTMEM	1	INTMEM:b4	0xb4	
decompiler	CODE:58e1	CODE:59bf	RET	678	write	INTMEM	1	INTMEM:b4	0xb4	mem[INTMEM:b4]
decompiler	CODE:58e1	CODE:59bf	RET	678	read	INTMEM	1	INTMEM:b4	0xb4	
decompiler	CODE:58e1	CODE:59bf	RET	689	write	INTMEM	1	INTMEM:b5	0xb5	mem[INTMEM:b5]
decompiler	CODE:58e1	CODE:59bf	RET	689	read	INTMEM	1	INTMEM:b5	0xb5	
decompiler	CODE:58e1	CODE:59bf	RET	693	write	INTMEM	1	INTMEM:b5	0xb5	mem[INTMEM:b5]
decompiler	CODE:58e1	CODE:59bf	RET	693	read	INTMEM	1	INTMEM:b5	0xb5	
decompiler	CODE:58e1	CODE:59bf	RET	704	write	INTMEM	1	INTMEM:cc	0xcc	mem[INTMEM:cc]
decompiler	CODE:58e1	CODE:59bf	RET	704	read	INTMEM	1	INTMEM:cc	0xcc	
decompiler	CODE:58e1	CODE:59bf	RET	708	write	INTMEM	1	INTMEM:cc	0xcc	mem[INTMEM:cc]
decompiler	CODE:58e1	CODE:59bf	RET	708	read	INTMEM	1	INTMEM:cc	0xcc	
decompiler	CODE:58e1	CODE:59bf	RET	719	write	INTMEM	1	INTMEM:cd	0xcd	mem[INTMEM:cd]
decompiler	CODE:58e1	CODE:59bf	RET	719	read	INTMEM	1	INTMEM:cd	0xcd	
decompiler	CODE:58e1	CODE:59bf	RET	723	write	INTMEM	1	INTMEM:cd	0xcd	mem[INTMEM:cd]
decompiler	CODE:58e1	CODE:59bf	RET	723	read	INTMEM	1	INTMEM:cd	0xcd	
decompiler	CODE:58e1	CODE:59bf	RET	734	write	EXTMEM	1	EXTMEM:04a8	0x4a8	mem[EXTMEM:04a8]
decompiler	CODE:58e1	CODE:59bf	RET	734	read	EXTMEM	1	EXTMEM:04a8	0x4a8	
decompiler	CODE:58e1	CODE:59bf	RET	738	write	EXTMEM	1	EXTMEM:04a8	0x4a8	mem[EXTMEM:04a8]
decompiler	CODE:58e1	CODE:59bf	RET	738	read	EXTMEM	1	EXTMEM:04a8	0x4a8	
decompiler	CODE:58e1	CODE:59bf	RET	749	write	EXTMEM	1	EXTMEM:04a9	0x4a9	mem[EXTMEM:04a9]
decompiler	CODE:58e1	CODE:59bf	RET	749	read	EXTMEM	1	EXTMEM:04a9	0x4a9	
decompiler	CODE:58e1	CODE:59bf	RET	754	write	EXTMEM	1	EXTMEM:04a9	0x4a9	mem[EXTMEM:04a9]
decompiler	CODE:58e1	CODE:59bf	RET	754	read	EXTMEM	1	EXTMEM:04a9	0x4a9	
decompiler	CODE:58e1	CODE:59bf	RET	765	write	EXTMEM	1	EXTMEM:04aa	0x4aa	mem[EXTMEM:04aa]
decompiler	CODE:58e1	CODE:59bf	RET	765	read	EXTMEM	1	EXTMEM:04aa	0x4aa	
decompiler	CODE:58e1	CODE:59bf	RET	770	write	EXTMEM	1	EXTMEM:04aa	0x4aa	mem[EXTMEM:04aa]
decompiler	CODE:58e1	CODE:59bf	RET	770	read	EXTMEM	1	EXTMEM:04aa	0x4aa	
decompiler	CODE:58e1	CODE:59bf	RET	781	write	EXTMEM	1	EXTMEM:04ab	0x4ab	mem[EXTMEM:04ab]
decompiler	CODE:58e1	CODE:59bf	RET	781	read	EXTMEM	1	EXTMEM:04ab	0x4ab	
decompiler	CODE:58e1	CODE:59bf	RET	786	write	EXTMEM	1	EXTMEM:04ab	0x4ab	mem[EXTMEM:04ab]
decompiler	CODE:58e1	CODE:59bf	RET	786	read	EXTMEM	1	EXTMEM:04ab	0x4ab	
decompiler	CODE:58e1	CODE:59bf	RET	828	write	INTMEM	1	INTMEM:b2	0xb2	mem[INTMEM:b2]
decompiler	CODE:58e1	CODE:59bf	RET	828	read	INTMEM	1	INTMEM:b2	0xb2	
decompiler	CODE:58e1	CODE:59bf	RET	829	write	INTMEM	1	INTMEM:b4	0xb4	mem[INTMEM:b4]
decompiler	CODE:58e1	CODE:59bf	RET	829	read	INTMEM	1	INTMEM:b4	0xb4	
decompiler	CODE:58e1	CODE:59bf	RET	830	write	INTMEM	1	INTMEM:b5	0xb5	mem[INTMEM:b5]
decompiler	CODE:58e1	CODE:59bf	RET	830	read	INTMEM	1	INTMEM:b5	0xb5	
decompiler	CODE:58e1	CODE:59bf	RET	831	write	INTMEM	1	INTMEM:cc	0xcc	mem[INTMEM:cc]
decompiler	CODE:58e1	CODE:59bf	RET	831	read	INTMEM	1	INTMEM:cc	0xcc	
decompiler	CODE:58e1	CODE:59bf	RET	832	write	INTMEM	1	INTMEM:cd	0xcd	mem[INTMEM:cd]
decompiler	CODE:58e1	CODE:59bf	RET	832	read	INTMEM	1	INTMEM:cd	0xcd	
decompiler	CODE:58e1	CODE:59bf	RET	833	write	EXTMEM	1	EXTMEM:04a8	0x4a8	mem[EXTMEM:04a8]
decompiler	CODE:58e1	CODE:59bf	RET	833	read	EXTMEM	1	EXTMEM:04a8	0x4a8	
decompiler	CODE:58e1	CODE:59bf	RET	834	write	EXTMEM	1	EXTMEM:04a9	0x4a9	mem[EXTMEM:04a9]
decompiler	CODE:58e1	CODE:59bf	RET	834	read	EXTMEM	1	EXTMEM:04a9	0x4a9	
decompiler	CODE:58e1	CODE:59bf	RET	835	write	EXTMEM	1	EXTMEM:04aa	0x4aa	mem[EXTMEM:04aa]
decompiler	CODE:58e1	CODE:59bf	RET	835	read	EXTMEM	1	EXTMEM:04aa	0x4aa	
decompiler	CODE:58e1	CODE:59bf	RET	836	write	EXTMEM	1	EXTMEM:04ab	0x4ab	mem[EXTMEM:04ab]
decompiler	CODE:58e1	CODE:59bf	RET	836	read	EXTMEM	1	EXTMEM:04ab	0x4ab	
decompiler	CODE:59c0	CODE:59c9	MOVX @DPTR,A	9	write	EXTMEM	1	EXTMEM:04a4	0x4a4	0x0
decompiler	CODE:59c0	CODE:59cc	MOVX @DPTR,A	14	write	EXTMEM	1	EXTMEM:04a5	0x4a5	mem[EXTMEM:055c]
decompiler	CODE:59c0	CODE:59cc	MOVX @DPTR,A	14	read	EXTMEM	1	EXTMEM:055c	0x55c	
decompiler	CODE:59c0	CODE:59d6	MOVX @DPTR,A	24	write	EXTMEM	1	EXTMEM:04a6	0x4a6	0x0
decompiler	CODE:59c0	CODE:59d9	MOVX @DPTR,A	29	write	EXTMEM	1	EXTMEM:04a7	0x4a7	mem[EXTMEM:055d]
decompiler	CODE:59c0	CODE:59d9	MOVX @DPTR,A	29	read	EXTMEM	1	EXTMEM:055d	0x55d	
decompiler	CODE:59c0	CODE:59e5	MOVX @DPTR,A	40	write	EXTMEM	1	EXTMEM:05dc	0x5dc	0x0
decompiler	CODE:59c0	CODE:59e7	MOVX @DPTR,A	44	write	EXTMEM	1	EXTMEM:05dd	0x5dd	0x0
decompiler	CODE:59c0	CODE:59f9	MOVX @DPTR,A	63	write	EXTMEM	1	EXTMEM:04d6	0x4d6	0x0
decompiler	CODE:59c0	CODE:59fc	MOVX @DPTR,A	68	write	EXTMEM	1	EXTMEM:04d7	0x4d7	mem[EXTMEM:055c]
decompiler	CODE:59c0	CODE:59fc	MOVX @DPTR,A	68	read	EXTMEM	1	EXTMEM:055c	0x55c	
decompiler	CODE:59c0	CODE:5a08	MOVX @DPTR,A	84	write	EXTMEM	1	EXTMEM:04d8	0x4d8	0x0
decompiler	CODE:59c0	CODE:5a0b	MOVX @DPTR,A	89	write	EXTMEM	1	EXTMEM:04d9	0x4d9	mem[EXTMEM:055d]
decompiler	CODE:59c0	CODE:5a0b	MOVX @DPTR,A	89	read	EXTMEM	1	EXTMEM:055d	0x55d	
decompiler	CODE:59c0	CODE:5a0e	MOVX @DPTR,A	94	write	EXTMEM	1	EXTMEM:04da	0x4da	0x0
decompiler	CODE:59c0	CODE:5a11	MOVX @DPTR,A	99	write	EXTMEM	1	EXTMEM:04db	0x4db	mem[EXTMEM:055e]
decompiler	CODE:59c0	CODE:5a11	MOVX @DPTR,A	99	read	EXTMEM	1	EXTMEM:055e	0x55e	
decompiler	CODE:59c0	CODE:5a1e	JNZ 0x5a94	119	read	EXTMEM	1	EXTMEM:04a4	0x4a4	
decompiler	CODE:59c0	CODE:5a9a	LJMP 0x87aa	243	write	EXTMEM	1	EXTMEM:04a4	0x4a4	mem[EXTMEM:04a4]
decompiler	CODE:59c0	CODE:5a9a	LJMP 0x87aa	243	read	EXTMEM	1	EXTMEM:04a4	0x4a4	
decompiler	CODE:59c0	CODE:5a9a	LJMP 0x87aa	250	write	EXTMEM	1	EXTMEM:04a5	0x4a5	mem[EXTMEM:04a5]
decompiler	CODE:59c0	CODE:5a9a	LJMP 0x87aa	250	read	EXTMEM	1	EXTMEM:04a5	0x4a5	
decompiler	CODE:59c0	CODE:5a9a	LJMP 0x87aa	257	write	EXTMEM	1	EXTMEM:04a6	0x4a6	mem[EXTMEM:04a6]
decompiler	CODE:59c0	CODE:5a9a	LJMP 0x87aa	257	read	EXTMEM	1	EXTMEM:04a6	0x4a6	
decompiler	CODE:59c0	CODE:5a9a	LJMP 0x87aa	264	write	EXTMEM	1	EXTMEM:04a7	0x4a7	mem[EXTMEM:04a7]
decompiler	CODE:59c0	CODE:5a9a	LJMP 0x87aa	264	read	EXTMEM	1	EXTMEM:04a7	0x4a7	
decompiler	CODE:59c0	CODE:5a9a	LJMP 0x87aa	271	write	EXTMEM	1	EXTMEM:04d6	0x4d6	mem[EXTMEM:04d6]
decompiler	CODE:59c0	CODE:5a9a	LJMP 0x87aa	271	read	EXTMEM	1	EXTMEM:04d6	0x4d6	
decompiler	CODE:59c0	CODE:5a9a	LJMP 0x87aa	278	write	EXTMEM	1	EXTMEM:04d7	0x4d7	mem[EXTMEM:04d7]
decompiler	CODE:59c0	CODE:5a9a	LJMP 0x87aa	278	read	EXTMEM	1	EXTMEM:04d7	0x4d7	
decompiler	CODE:59c0	CODE:5a9a	LJMP 0x87aa	285	write	EXTMEM	1	EXTMEM:04d8	0x4d8	mem[EXTMEM:04d8]
decompiler	CODE:59c0	CODE:5a9a	LJMP 0x87aa	285	read	EXTMEM	1	EXTMEM:04d8	0x4d8	
decompiler	CODE:59c0	CODE:5a9a	LJMP 0x87aa	292	write	EXTMEM	1	EXTMEM:04d9	0x4d9	mem[EXTMEM:04d9]
decompiler	CODE:59c0	CODE:5a9a	LJMP 0x87aa	292	read	EXTMEM	1	EXTMEM:04d9	0x4d9	
decompiler	CODE:59c0	CODE:5a9a	LJMP 0x87aa	299	write	EXTMEM	1	EXTMEM:04da	0x4da	mem[EXTMEM:04da]
decompiler	CODE:59c0	CODE:5a9a	LJMP 0x87aa	299	read	EXTMEM	1	EXTMEM:04da	0x4da	
decompiler	CODE:59c0	CODE:5a9a	LJMP 0x87aa	306	write	EXTMEM	1	EXTMEM:04db	0x4db	mem[EXTMEM:04db]
decompiler	CODE:59c0	CODE:5a9a	LJMP 0x87aa	306	read	EXTMEM	1	EXTMEM:04db	0x4db	
decompiler	CODE:59c0	CODE:5a9a	LJMP 0x87aa	313	write	EXTMEM	1	EXTMEM:055c	0x55c	mem[EXTMEM:055c]
decompiler	CODE:59c0	CODE:5a9a	LJMP 0x87aa	313	read	EXTMEM	1	EXTMEM:055c	0x55c	
decompiler	CODE:59c0	CODE:5a9a	LJMP 0x87aa	320	write	EXTMEM	1	EXTMEM:055d	0x55d	mem[EXTMEM:055d]
decompiler	CODE:59c0	CODE:5a9a	LJMP 0x87aa	320	read	EXTMEM	1	EXTMEM:055d	0x55d	
decompiler	CODE:59c0	CODE:5a9a	LJMP 0x87aa	327	write	EXTMEM	1	EXTMEM:055e	0x55e	mem[EXTMEM:055e]
decompiler	CODE:59c0	CODE:5a9a	LJMP 0x87aa	327	read	EXTMEM	1	EXTMEM:055e	0x55e	
decompiler	CODE:59c0	CODE:5a9a	LJMP 0x87aa	334	write	EXTMEM	1	EXTMEM:05dc	0x5dc	mem[EXTMEM:05dc]
decompiler	CODE:59c0	CODE:5a9a	LJMP 0x87aa	334	read	EXTMEM	1	EXTMEM:05dc	0x5dc	
decompiler	CODE:59c0	CODE:5a9a	LJMP 0x87aa	341	write	EXTMEM	1	EXTMEM:05dd	0x5dd	mem[EXTMEM:05dd]
decompiler	CODE:59c0	CODE:5a9a	LJMP 0x87aa	341	read	EXTMEM	1	EXTMEM:05dd	0x5dd	
decompiler	CODE:5a9d	CODE:5aac	MOVX @DPTR,A	19	write	EXTMEM	1	EXTMEM:04af	0x4af	0x0
decompiler	CODE:5a9d	CODE:5aae	MOVX @DPTR,A	23	write	EXTMEM	1	EXTMEM:04b0	0x4b0	0x0
decompiler	CODE:5a9d	CODE:5ab0	MOVX @DPTR,A	27	write	EXTMEM	1	EXTMEM:04b1	0x4b1	0x0
decompiler	CODE:5a9d	CODE:5aeb	MOVX @DPTR,A	94	write	EXTMEM	1	EXTMEM:04aa	0x4aa	0x2
decompiler	CODE:5a9d	CODE:5afa	MOVX @DPTR,A	319	write	EXTMEM	1	EXTMEM:04af	0x4af	0x80
decompiler	CODE:5a9d	CODE:5afe	MOVX @DPTR,A	324	write	EXTMEM	1	EXTMEM:04b0	0x4b0	0x87
decompiler	CODE:5a9d	CODE:5b14	MOVX @DPTR,A	123	write	EXTMEM	1	EXTMEM:04b6	0x4b6	mem[EXTMEM:04b1]
decompiler	CODE:5a9d	CODE:5b14	MOVX @DPTR,A	123	read	EXTMEM	1	EXTMEM:04b1	0x4b1	
decompiler	CODE:5a9d	CODE:5b15	LCALL 0x6000	721	read	EXTMEM	1	EXTMEM:04a9	0x4a9	
decompiler	CODE:5a9d	CODE:5b2c	JZ 0x5b3d	171	read	EXTMEM	1	EXTMEM:04a9	0x4a9	
decompiler	CODE:5a9d	CODE:5b2f	JNZ 0x5b4d	174	read	EXTMEM	1	EXTMEM:04a9	0x4a9	
decompiler	CODE:5a9d	CODE:5b36	JNZ 0x5b4d	181	read	EXTMEM	1	EXTMEM:04aa	0x4aa	
decompiler	CODE:5a9d	CODE:5b42	JNZ 0x5b4d	272	read	EXTMEM	1	EXTMEM:04aa	0x4aa	
decompiler	CODE:5a9d	CODE:5b64	LCALL 0xadf3	538	write	INTMEM	1	INTMEM:03	0x3	mem[INTMEM:03]
decompiler	CODE:5a9d	CODE:5b64	LCALL 0xadf3	538	read	INTMEM	1	INTMEM:03	0x3	
decompiler	CODE:5a9d	CODE:5b64	LCALL 0xadf3	554	write	EXTMEM	1	EXTMEM:04a8	0x4a8	mem[EXTMEM:04a8]
decompiler	CODE:5a9d	CODE:5b64	LCALL 0xadf3	554	read	EXTMEM	1	EXTMEM:04a8	0x4a8	
decompiler	CODE:5a9d	CODE:5b64	LCALL 0xadf3	570	write	EXTMEM	1	EXTMEM:04a9	0x4a9	mem[EXTMEM:04a9]
decompiler	CODE:5a9d	CODE:5b64	LCALL 0xadf3	570	read	EXTMEM	1	EXTMEM:04a9	0x4a9	
decompiler	CODE:5a9d	CODE:5b64	LCALL 0xadf3	586	write	EXTMEM	1	EXTMEM:04aa	0x4aa	mem[EXTMEM:04aa]
decompiler	CODE:5a9d	CODE:5b64	LCALL 0xadf3	586	read	EXTMEM	1	EXTMEM:04aa	0x4aa	
decompiler	CODE:5a9d	CODE:5b64	LCALL 0xadf3	602	write	EXTMEM	1	EXTMEM:04ae	0x4ae	mem[EXTMEM:04ae]
decompiler	CODE:5a9d	CODE:5b64	LCALL 0xadf3	602	read	EXTMEM	1	EXTMEM:04ae	0x4ae	
decompiler	CODE:5a9d	CODE:5b64	LCALL 0xadf3	618	write	EXTMEM	1	EXTMEM:04af	0x4af	mem[EXTMEM:04af]
decompiler	CODE:5a9d	CODE:5b64	LCALL 0xadf3	618	read	EXTMEM	1	EXTMEM:04af	0x4af	
decompiler	CODE:5a9d	CODE:5b64	LCALL 0xadf3	634	write	EXTMEM	1	EXTMEM:04b0	0x4b0	mem[EXTMEM:04b0]
decompiler	CODE:5a9d	CODE:5b64	LCALL 0xadf3	634	read	EXTMEM	1	EXTMEM:04b0	0x4b0	
decompiler	CODE:5a9d	CODE:5b64	LCALL 0xadf3	650	write	EXTMEM	1	EXTMEM:04b1	0x4b1	mem[EXTMEM:04b1]
decompiler	CODE:5a9d	CODE:5b64	LCALL 0xadf3	650	read	EXTMEM	1	EXTMEM:04b1	0x4b1	
decompiler	CODE:5a9d	CODE:5b64	LCALL 0xadf3	666	write	EXTMEM	1	EXTMEM:04b6	0x4b6	mem[EXTMEM:04b6]
decompiler	CODE:5a9d	CODE:5b64	LCALL 0xadf3	666	read	EXTMEM	1	EXTMEM:04b6	0x4b6	
decompiler	CODE:5b77	CODE:5b7c	JNZ 0x5bc2	16	read	INTMEM	1	INTMEM:b2	0xb2	
decompiler	CODE:5b77	CODE:5b83	JZ 0x5b9d	34	read	INTMEM	1	INTMEM:b4	0xb4	
decompiler	CODE:5b77	CODE:5b87	JZ 0x5bac	49	read	INTMEM	1	INTMEM:b4	0xb4	
decompiler	CODE:5b77	CODE:5b8b	JZ 0x5b9d	64	read	INTMEM	1	INTMEM:b4	0xb4	
decompiler	CODE:5b77	CODE:5b8e	JZ 0x5bac	67	read	INTMEM	1	INTMEM:b4	0xb4	
decompiler	CODE:5b77	CODE:5b92	JZ 0x5b96	82	read	INTMEM	1	INTMEM:b4	0xb4	
decompiler	CODE:5b77	CODE:5c28	RET	525	write	INTMEM	1	INTMEM:b2	0xb2	mem[INTMEM:b2]
decompiler	CODE:5b77	CODE:5c28	RET	525	read	INTMEM	1	INTMEM:b2	0xb2	
decompiler	CODE:5b77	CODE:5c28	RET	547	write	INTMEM	1	INTMEM:b4	0xb4	mem[INTMEM:b4]
decompiler	CODE:5b77	CODE:5c28	RET	547	read	INTMEM	1	INTMEM:b4	0xb4	
decompiler	CODE:5b77	CODE:5c28	RET	604	write	INTMEM	1	INTMEM:b2	0xb2	mem[INTMEM:b2]
decompiler	CODE:5b77	CODE:5c28	RET	604	read	INTMEM	1	INTMEM:b2	0xb2	
decompiler	CODE:5b77	CODE:5c28	RET	605	write	INTMEM	1	INTMEM:b4	0xb4	mem[INTMEM:b4]
decompiler	CODE:5b77	CODE:5c28	RET	605	read	INTMEM	1	INTMEM:b4	0xb4	
decompiler	CODE:5b77	CODE:5c28	RET	609	write	INTMEM	1	INTMEM:b2	0xb2	mem[INTMEM:b2]
decompiler	CODE:5b77	CODE:5c28	RET	609	read	INTMEM	1	INTMEM:b2	0xb2	
decompiler	CODE:5b77	CODE:5c28	RET	610	write	INTMEM	1	INTMEM:b4	0xb4	mem[INTMEM:b4]
decompiler	CODE:5b77	CODE:5c28	RET	610	read	INTMEM	1	INTMEM:b4	0xb4	
decompiler	CODE:5b77	CODE:5c28	RET	614	write	INTMEM	1	INTMEM:b2	0xb2	mem[INTMEM:b2]
decompiler	CODE:5b77	CODE:5c28	RET	614	read	INTMEM	1	INTMEM:b2	0xb2	
decompiler	CODE:5b77	CODE:5c28	RET	615	write	INTMEM	1	INTMEM:b4	0xb4	mem[INTMEM:b4]
decompiler	CODE:5b77	CODE:5c28	RET	615	read	INTMEM	1	INTMEM:b4	0xb4	
decompiler	CODE:5b77	CODE:5c28	RET	619	write	INTMEM	1	INTMEM:b2	0xb2	mem[INTMEM:b2]
decompiler	CODE:5b77	CODE:5c28	RET	619	read	INTMEM	1	INTMEM:b2	0xb2	
decompiler	CODE:5b77	CODE:5c28	RET	620	write	INTMEM	1	INTMEM:b4	0xb4	mem[INTMEM:b4]
decompiler	CODE:5b77	CODE:5c28	RET	620	read	INTMEM	1	INTMEM:b4	0xb4	
decompiler	CODE:5b77	CODE:5c28	RET	624	write	INTMEM	1	INTMEM:b2	0xb2	mem[INTMEM:b2]
decompiler	CODE:5b77	CODE:5c28	RET	624	read	INTMEM	1	INTMEM:b2	0xb2	
decompiler	CODE:5b77	CODE:5c28	RET	625	write	INTMEM	1	INTMEM:b4	0xb4	mem[INTMEM:b4]
decompiler	CODE:5b77	CODE:5c28	RET	625	read	INTMEM	1	INTMEM:b4	0xb4	
decompiler	CODE:5b77	CODE:5c32	RET	526	write	INTMEM	1	INTMEM:b2	0xb2	mem[INTMEM:b2]
decompiler	CODE:5b77	CODE:5c32	RET	526	read	INTMEM	1	INTMEM:b2	0xb2	
decompiler	CODE:5b77	CODE:5c32	RET	548	write	INTMEM	1	INTMEM:b4	0xb4	mem[INTMEM:b4]
decompiler	CODE:5b77	CODE:5c32	RET	548	read	INTMEM	1	INTMEM:b4	0xb4	
decompiler	CODE:5c3c	CODE:5c3c	PUSH A	699	read	INTMEM	1	INTMEM:00	0x0	
decompiler	CODE:5c3c	CODE:5c3c	PUSH A	700	read	INTMEM	1	INTMEM:01	0x1	
decompiler	CODE:5c3c	CODE:5c3c	PUSH A	701	read	INTMEM	1	INTMEM:02	0x2	
decompiler	CODE:5c3c	CODE:5c3c	PUSH A	702	read	INTMEM	1	INTMEM:03	0x3	
decompiler	CODE:5c3c	CODE:5c3c	PUSH A	703	read	INTMEM	1	INTMEM:04	0x4	
decompiler	CODE:5c3c	CODE:5c3c	PUSH A	704	read	INTMEM	1	INTMEM:05	0x5	
decompiler	CODE:5c3c	CODE:5c3c	PUSH A	705	read	INTMEM	1	INTMEM:06	0x6	
decompiler	CODE:5c3c	CODE:5c3c	PUSH A	706	read	INTMEM	1	INTMEM:07	0x7	
decompiler	CODE:5c3c	CODE:5c5f	MOV @R0,A	33	write	INTMEM	1	INTMEM:b9	0xb9	mem[EXTMEM:0721]
decompiler	CODE:5c3c	CODE:5c5f	MOV @R0,A	33	read	EXTMEM	1	EXTMEM:0721	0x721	
decompiler	CODE:5c3c	CODE:5c60	JNB 0xc7,0x5c8b	248	read	BITS	1	BITS:c7	0xc7	
decompiler	CODE:5c3c	CODE:5c68	JNZ 0x5c89	40	read	INTMEM	1	INTMEM:d0	0xd0	
decompiler	CODE:5c3c	CODE:5c6f	JZ 0x5c85	48	read	INTMEM	1	INTMEM:ce	0xce	
decompiler	CODE:5c3c	CODE:5c6f	JZ 0x5c85	48	read	INTMEM	1	INTMEM:d1	0xd1	
decompiler	CODE:5c3c	CODE:5c7a	INC @R0	69	read	INTMEM	1	INDIRECT(0xce,0x44)		
decompiler	CODE:5c3c	CODE:5c7a	INC @R0	71	write	INTMEM	1	INDIRECT(0xce,0x44)		INT_ADD(LOAD(0x281,INDIRECT(0xce,0x44)),0x1)
decompiler	CODE:5c3c	CODE:5c7b	MOV A,@R0	72	read	INTMEM	1	INDIRECT(0xce,0x44)		
decompiler	CODE:5c3c	CODE:5c81	MOV @R0,#0x0	88	write	INTMEM	1	INDIRECT(0xce,0x44)		0x0
decompiler	CODE:5c3c	CODE:5c87	MOV @R0,#0x0	230	write	INTMEM	1	INTMEM:d0	0xd0	0x0
decompiler	CODE:5c3c	CODE:5c89	CLR 0xc7	247	read	BITS	1	BITS:c7	0xc7	
decompiler	CODE:5c3c	CODE:5c8b	JNB 0xc6,0x5c90	246	read	BITS	1	BITS:c6	0xc6	
decompiler	CODE:5c3c	CODE:5c8e	CLR 0xc6	245	read	BITS	1	BITS:c6	0xc6	
decompiler	CODE:5c3c	CODE:5c90	JNB 0xc5,0x5cb5	244	read	BITS	1	BITS:c5	0xc5	
decompiler	CODE:5c3c	CODE:5c96	CJNE A,#0x1,0x5ca1	103	read	INTMEM	1	INTMEM:cf	0xcf	
decompiler	CODE:5c3c	CODE:5c9b	MOV @R0,#0x0	107	write	INTMEM	1	INTMEM:d2	0xd2	0x0
decompiler	CODE:5c3c	CODE:5c9f	MOV @R0,#0x2	110	write	INTMEM	1	INTMEM:cf	0xcf	0x2
decompiler	CODE:5c3c	CODE:5ca4	CJNE A,#0x2,0x5cb1	118	read	INTMEM	1	INTMEM:cf	0xcf	
decompiler	CODE:5c3c	CODE:5ca7	ORL 0xd7,#0x10	239	read	SFR	1	SFR:d7	0xd7	
decompiler	CODE:5c3c	CODE:5ca7	ORL 0xd7,#0x10	241	read	SFR	1	SFR:d7	0xd7	
decompiler	CODE:5c3c	CODE:5caa	MOV R7,0xc7	237	read	SFR	1	SFR:c7	0xc7	
decompiler	CODE:5c3c	CODE:5cb3	MOV @R0,0xc7	238	read	SFR	1	SFR:c7	0xc7	
decompiler	CODE:5c3c	CODE:5cb5	MOV A,0xd7	242	read	SFR	1	SFR:d7	0xd7	
decompiler	CODE:5c3c	CODE:5cca	MOV @R0,#0x0	154	write	INTMEM	1	INTMEM:d2	0xd2	0x0
decompiler	CODE:5c3c	CODE:5cce	MOV @R0,#0x1	157	write	INTMEM	1	INTMEM:cf	0xcf	0x1
decompiler	CODE:5c3c	CODE:5cd0	ANL 0xd7,#0xe7	240	read	SFR	1	SFR:d7	0xd7	
decompiler	CODE:5c3c	CODE:5cd0	ANL 0xd7,#0xe7	243	read	SFR	1	SFR:d7	0xd7	
decompiler	CODE:5c3c	CODE:5cd3	MOV A,0xc0	235	read	SFR	1	SFR:c0	0xc0	
decompiler	CODE:5c3c	CODE:5cdc	MOV 0xc3,#0xfb	236	read	SFR	1	SFR:c3	0xc3	
decompiler	CODE:5c3c	CODE:5cdf	POP 0x07	189	write	INTMEM	1	INTMEM:07	0x7	COPY(mem[INTMEM:07])
decompiler	CODE:5c3c	CODE:5ce1	POP 0x06	191	write	INTMEM	1	INTMEM:06	0x6	COPY(mem[INTMEM:06])
decompiler	CODE:5c3c	CODE:5ce3	POP 0x05	193	write	INTMEM	1	INTMEM:05	0x5	COPY(mem[INTMEM:05])
decompiler	CODE:5c3c	CODE:5ce5	POP 0x04	195	write	INTMEM	1	INTMEM:04	0x4	COPY(mem[INTMEM:04])
decompiler	CODE:5c3c	CODE:5ce7	POP 0x03	197	write	INTMEM	1	INTMEM:03	0x3	COPY(mem[INTMEM:03])
decompiler	CODE:5c3c	CODE:5ce9	POP 0x02	199	write	INTMEM	1	INTMEM:02	0x2	COPY(mem[INTMEM:02])
decompiler	CODE:5c3c	CODE:5ceb	POP 0x01	201	write	INTMEM	1	INTMEM:01	0x1	COPY(mem[INTMEM:01])
decompiler	CODE:5c3c	CODE:5ced	POP 0x00	203	write	INTMEM	1	INTMEM:00	0x0	COPY(mem[INTMEM:00])
decompiler	CODE:5c3c	CODE:5cf9	RETI	395	write	INTMEM	1	INTMEM:00	0x0	mem[INTMEM:00]
decompiler	CODE:5c3c	CODE:5cf9	RETI	395	read	INTMEM	1	INTMEM:00	0x0	
decompiler	CODE:5c3c	CODE:5cf9	RETI	406	write	INTMEM	1	INTMEM:01	0x1	mem[INTMEM:01]
decompiler	CODE:5c3c	CODE:5cf9	RETI	406	read	INTMEM	1	INTMEM:01	0x1	
decompiler	CODE:5c3c	CODE:5cf9	RETI	417	write	INTMEM	1	INTMEM:02	0x2	mem[INTMEM:02]
decompiler	CODE:5c3c	CODE:5cf9	RETI	417	read	INTMEM	1	INTMEM:02	0x2	
decompiler	CODE:5c3c	CODE:5cf9	RETI	428	write	INTMEM	1	INTMEM:03	0x3	mem[INTMEM:03]
decompiler	CODE:5c3c	CODE:5cf9	RETI	428	read	INTMEM	1	INTMEM:03	0x3	
decompiler	CODE:5c3c	CODE:5cf9	RETI	439	write	INTMEM	1	INTMEM:04	0x4	mem[INTMEM:04]
decompiler	CODE:5c3c	CODE:5cf9	RETI	439	read	INTMEM	1	INTMEM:04	0x4	
decompiler	CODE:5c3c	CODE:5cf9	RETI	450	write	INTMEM	1	INTMEM:05	0x5	mem[INTMEM:05]
decompiler	CODE:5c3c	CODE:5cf9	RETI	450	read	INTMEM	1	INTMEM:05	0x5	
decompiler	CODE:5c3c	CODE:5cf9	RETI	461	write	INTMEM	1	INTMEM:06	0x6	mem[INTMEM:06]
decompiler	CODE:5c3c	CODE:5cf9	RETI	461	read	INTMEM	1	INTMEM:06	0x6	
decompiler	CODE:5c3c	CODE:5cf9	RETI	472	write	INTMEM	1	INTMEM:07	0x7	mem[INTMEM:07]
decompiler	CODE:5c3c	CODE:5cf9	RETI	472	read	INTMEM	1	INTMEM:07	0x7	
decompiler	CODE:5c3c	CODE:5cf9	RETI	483	write	INTMEM	1	INTMEM:b9	0xb9	mem[INTMEM:b9]
decompiler	CODE:5c3c	CODE:5cf9	RETI	483	read	INTMEM	1	INTMEM:b9	0xb9	
decompiler	CODE:5c3c	CODE:5cf9	RETI	494	write	INTMEM	1	INTMEM:ba	0xba	mem[INTMEM:ba]
decompiler	CODE:5c3c	CODE:5cf9	RETI	494	read	INTMEM	1	INTMEM:ba	0xba	
decompiler	CODE:5c3c	CODE:5cf9	RETI	505	write	INTMEM	1	INTMEM:ce	0xce	mem[INTMEM:ce]
decompiler	CODE:5c3c	CODE:5cf9	RETI	505	read	INTMEM	1	INTMEM:ce	0xce	
decompiler	CODE:5c3c	CODE:5cf9	RETI	516	write	INTMEM	1	INTMEM:cf	0xcf	mem[INTMEM:cf]
decompiler	CODE:5c3c	CODE:5cf9	RETI	516	read	INTMEM	1	INTMEM:cf	0xcf	
decompiler	CODE:5c3c	CODE:5cf9	RETI	530	write	INTMEM	1	INTMEM:d0	0xd0	mem[INTMEM:d0]
decompiler	CODE:5c3c	CODE:5cf9	RETI	530	read	INTMEM	1	INTMEM:d0	0xd0	
decompiler	CODE:5c3c	CODE:5cf9	RETI	541	write	INTMEM	1	INTMEM:d1	0xd1	mem[INTMEM:d1]
decompiler	CODE:5c3c	CODE:5cf9	RETI	541	read	INTMEM	1	INTMEM:d1	0xd1	
decompiler	CODE:5c3c	CODE:5cf9	RETI	552	write	INTMEM	1	INTMEM:d2	0xd2	mem[INTMEM:d2]
decompiler	CODE:5c3c	CODE:5cf9	RETI	552	read	INTMEM	1	INTMEM:d2	0xd2	
decompiler	CODE:5c3c	CODE:5cf9	RETI	565	write	EXTMEM	1	EXTMEM:0721	0x721	mem[EXTMEM:0721]
decompiler	CODE:5c3c	CODE:5cf9	RETI	565	read	EXTMEM	1	EXTMEM:0721	0x721	
decompiler	CODE:5cfa	CODE:5d07	MOVX @DPTR,A	27	write	EXTMEM	1	EXTMEM:075d	0x75d	0x1
decompiler	CODE:5cfa	CODE:5d0b	MOVX A,@DPTR	37	read	EXTMEM	1	INDIRECT(0x75d,0x23)		
decompiler	CODE:5cfa	CODE:5d2b	MOVX @DPTR,A	87	write	EXTMEM	1	EXTMEM:075e	0x75e	0x20
decompiler	CODE:5cfa	CODE:5d3b	MOVX @DPTR,A	297	write	EXTMEM	1	EXTMEM:075e	0x75e	0x0
decompiler	CODE:5cfa	CODE:5d3c	LCALL 0x33e9	607	read	EXTMEM	1	EXTMEM:075e	0x75e	
decompiler	CODE:5cfa	CODE:5d47	MOVX @DPTR,A	317	write	EXTMEM	1	EXTMEM:075e	0x75e	INT_ADD(mem[EXTMEM:075e],0x1)
decompiler	CODE:5cfa	CODE:5d4e	RET	526	write	EXTMEM	1	EXTMEM:075b	0x75b	mem[EXTMEM:075b]
decompiler	CODE:5cfa	CODE:5d4e	RET	526	read	EXTMEM	1	EXTMEM:075b	0x75b	
decompiler	CODE:5cfa	CODE:5d4e	RET	541	write	EXTMEM	1	EXTMEM:075c	0x75c	mem[EXTMEM:075c]
decompiler	CODE:5cfa	CODE:5d4e	RET	541	read	EXTMEM	1	EXTMEM:075c	0x75c	
decompiler	CODE:5cfa	CODE:5d4e	RET	556	write	EXTMEM	1	EXTMEM:075d	0x75d	mem[EXTMEM:075d]
decompiler	CODE:5cfa	CODE:5d4e	RET	556	read	EXTMEM	1	EXTMEM:075d	0x75d	
decompiler	CODE:5cfa	CODE:5d4e	RET	571	write	EXTMEM	1	EXTMEM:075e	0x75e	mem[EXTMEM:075e]
decompiler	CODE:5cfa	CODE:5d4e	RET	571	read	EXTMEM	1	EXTMEM:075e	0x75e	
decompiler	CODE:5cfa	CODE:5d77	JZ 0x5d81	163	read	EXTMEM	1	EXTMEM:075b	0x75b	
decompiler	CODE:5cfa	CODE:5d77	JZ 0x5d81	610	read	EXTMEM	1	EXTMEM:075b	0x75b	
decompiler	CODE:5cfa	CODE:5d9a	LCALL 0x3472	608	read	EXTMEM	1	EXTMEM:075c	0x75c	
decompiler	CODE:5cfa	CODE:5db6	RET	525	write	EXTMEM	1	EXTMEM:075b	0x75b	mem[EXTMEM:075b]
decompiler	CODE:5cfa	CODE:5db6	RET	525	read	EXTMEM	1	EXTMEM:075b	0x75b	
decompiler	CODE:5cfa	CODE:5db6	RET	540	write	EXTMEM	1	EXTMEM:075c	0x75c	mem[EXTMEM:075c]
decompiler	CODE:5cfa	CODE:5db6	RET	540	read	EXTMEM	1	EXTMEM:075c	0x75c	
decompiler	CODE:5cfa	CODE:5db6	RET	555	write	EXTMEM	1	EXTMEM:075d	0x75d	mem[EXTMEM:075d]
decompiler	CODE:5cfa	CODE:5db6	RET	555	read	EXTMEM	1	EXTMEM:075d	0x75d	
decompiler	CODE:5cfa	CODE:5db6	RET	570	write	EXTMEM	1	EXTMEM:075e	0x75e	mem[EXTMEM:075e]
decompiler	CODE:5cfa	CODE:5db6	RET	570	read	EXTMEM	1	EXTMEM:075e	0x75e	
decompiler	CODE:5db7	CODE:5db7	ANL 0xc9,#0xfb	336	read	SFR	1	SFR:c9	0xc9	
decompiler	CODE:5db7	CODE:5db7	ANL 0xc9,#0xfb	339	read	SFR	1	SFR:c9	0xc9	
decompiler	CODE:5db7	CODE:5dbd	JNZ 0x5dc4	13	read	INTMEM	1	INTMEM:15	0x15	
decompiler	CODE:5db7	CODE:5dbf	ORL 0xc9,#0x4	337	read	SFR	1	SFR:c9	0xc9	
decompiler	CODE:5db7	CODE:5dbf	ORL 0xc9,#0x4	340	read	SFR	1	SFR:c9	0xc9	
decompiler	CODE:5db7	CODE:5dc3	RET	626	write	INTMEM	1	INTMEM:0a	0xa	mem[INTMEM:0a]
decompiler	CODE:5db7	CODE:5dc3	RET	626	read	INTMEM	1	INTMEM:0a	0xa	
decompiler	CODE:5db7	CODE:5dc3	RET	640	write	INTMEM	1	INTMEM:15	0x15	mem[INTMEM:15]
decompiler	CODE:5db7	CODE:5dc3	RET	640	read	INTMEM	1	INTMEM:15	0x15	
decompiler	CODE:5db7	CODE:5dc3	RET	653	write	INTMEM	1	INTMEM:16	0x16	mem[INTMEM:16]
decompiler	CODE:5db7	CODE:5dc3	RET	653	read	INTMEM	1	INTMEM:16	0x16	
decompiler	CODE:5db7	CODE:5dc3	RET	666	write	EXTMEM	1	EXTMEM:04a3	0x4a3	mem[EXTMEM:04a3]
decompiler	CODE:5db7	CODE:5dc3	RET	666	read	EXTMEM	1	EXTMEM:04a3	0x4a3	
decompiler	CODE:5db7	CODE:5dc3	RET	682	write	EXTMEM	1	EXTMEM:04a4	0x4a4	mem[EXTMEM:04a4]
decompiler	CODE:5db7	CODE:5dc3	RET	682	read	EXTMEM	1	EXTMEM:04a4	0x4a4	
decompiler	CODE:5db7	CODE:5dc3	RET	698	write	EXTMEM	1	EXTMEM:04a5	0x4a5	mem[EXTMEM:04a5]
decompiler	CODE:5db7	CODE:5dc3	RET	698	read	EXTMEM	1	EXTMEM:04a5	0x4a5	
decompiler	CODE:5db7	CODE:5dc3	RET	714	write	EXTMEM	1	EXTMEM:04a6	0x4a6	mem[EXTMEM:04a6]
decompiler	CODE:5db7	CODE:5dc3	RET	714	read	EXTMEM	1	EXTMEM:04a6	0x4a6	
decompiler	CODE:5db7	CODE:5dcc	MOVX @DPTR,A	37	write	EXTMEM	1	EXTMEM:04a5	0x4a5	0x0
decompiler	CODE:5db7	CODE:5dcf	MOVX @DPTR,A	42	write	EXTMEM	1	EXTMEM:04a6	0x4a6	mem[INTMEM:15]
decompiler	CODE:5db7	CODE:5dcf	MOVX @DPTR,A	42	read	INTMEM	1	INTMEM:15	0x15	
decompiler	CODE:5db7	CODE:5dd1	MOV @R0,A	45	write	INTMEM	1	INTMEM:15	0x15	0x0
decompiler	CODE:5db7	CODE:5dd2	ORL 0xc9,#0x4	338	read	SFR	1	SFR:c9	0xc9	
decompiler	CODE:5db7	CODE:5dd2	ORL 0xc9,#0x4	341	read	SFR	1	SFR:c9	0xc9	
decompiler	CODE:5db7	CODE:5dd8	JNZ 0x5ddc	50	read	INTMEM	1	INTMEM:0a	0xa	
decompiler	CODE:5db7	CODE:5ddf	MOV @R0,A	69	write	INTMEM	1	INTMEM:16	0x16	0x0
decompiler	CODE:5db7	CODE:5deb	LCALL 0x8b2b	799	read	INTMEM	1	INTMEM:16	0x16	
decompiler	CODE:5db7	CODE:5df9	MOVX A,@DPTR	108	read	EXTMEM	1	CAST(PIECE(INDIRECT(MULTIEQUAL((register, 0x6, 1),MULTIEQUAL(COPY(INDIRECT((register, 0x6, 1),0x5f)),COPY(INDIRECT((register, 0x6, 1),0xe2)),INDIRECT(MULTIEQUAL((unique, 0x10000035, 1),(unique, 0x10000036, 1)),0x137))),0x5f),INDIRECT(COPY(mem[INTMEM:16]),0x5f)))		
decompiler	CODE:5db7	CODE:5e0d	MOVX A,@DPTR	161	read	EXTMEM	1	INDIRECT(CAST(PIECE(0x4,INT_ADD(INDIRECT(COPY(mem[INTMEM:16]),0x5f),0x5))),0x9f)		
decompiler	CODE:5db7	CODE:5e1a	MOVX A,@DPTR	179	read	EXTMEM	1	CAST(INT_ADD(INDIRECT(0x4a3,0xae),0x3))		
decompiler	CODE:5db7	CODE:5e1d	MOVX A,@DPTR	184	read	EXTMEM	1	CAST(INT_ADD(INDIRECT(0x4a3,0xae),0x4))		
decompiler	CODE:5db7	CODE:5e2e	LCALL 0x8b24	793	read	EXTMEM	1	EXTMEM:04a5	0x4a5	
decompiler	CODE:5db7	CODE:5e2e	LCALL 0x8b24	794	read	EXTMEM	1	EXTMEM:04a6	0x4a6	
decompiler	CODE:5db7	CODE:5e37	MOVX A,@DPTR	234	read	EXTMEM	1	PTRADD(INDIRECT(0x4a6,0xe2),0x2,0x1)		
decompiler	CODE:5db7	CODE:5e43	MOVX A,@DPTR	251	read	EXTMEM	1	CAST(PIECE(MULTIEQUAL(SUBPIECE(INT_RIGHT(CAST(PTRADD((register, 0x82, 2),0x2,0x1)),0x8),0x0),INT_ADD(SUBPIECE(INT_RIGHT(CAST((register, 0x82, 2)),0x8),0x0),0xff)),INT_ADD(SUBPIECE(PTRADD(INDIRECT(0x4a6,0xe2),0x2,0x1),0x0),0xff)))		
decompiler	CODE:5db7	CODE:5e49	MOVX @DPTR,A	266	write	EXTMEM	1	PTRADD(INDIRECT(0x4a6,0xe2),0x1,0x1)		INT_SUB(LOAD(0x311,CAST(PIECE(MULTIEQUAL((register, 0x82, 1),(register, 0x82, 1)),INT_ADD((register, 0x83, 1),0xff)))),INT_SUB(INDIRECT(COPY(mem[EXTMEM:04a5]),0xe2),INT_SRIGHT(INT_LEFT(INT_LESS((unique, 0x2900, 1),(unique, 0x10800, 1)),0x7),0x7)))
decompiler	CODE:5db7	CODE:5e4c	MOVX @DPTR,A	271	write	EXTMEM	1	PTRADD(INDIRECT(0x4a6,0xe2),0x2,0x1)		INT_SUB(LOAD(0x311,PTRADD(INDIRECT(0x4a6,0xe2),0x2,0x1)),INT_SUB(INDIRECT(COPY(mem[EXTMEM:04a6]),0xe2),INT_SRIGHT(INDIRECT(INT_LEFT((unique, 0x300, 1),0x7),0xe2),0x7)))
decompiler	CODE:5db7	CODE:5e52	MOVX A,@DPTR	287	read	EXTMEM	1	INDIRECT(0x4a6,0x11d)		
decompiler	CODE:5db7	CODE:5e55	MOVX A,@DPTR	292	read	EXTMEM	1	PTRADD(INDIRECT(0x4a6,0x11d),0x1,0x1)		
decompiler	CODE:5db7	CODE:5e60	MOVX @DPTR,A	315	write	EXTMEM	1	INDIRECT(MULTIEQUAL(INDIRECT(CAST(PIECE(0x4,INT_ADD(INDIRECT((unique, 0x10000037, 1),0x5f),0x5))),0x9f),INDIRECT(PTRADD(INDIRECT(0x4a6,0x11d),0x1,0x1),0x12f)),0x137)		0x0
decompiler	CODE:5db7	CODE:5e64	JZ 0x5e67	319	read	INTMEM	1	INTMEM:0a	0xa	
decompiler	CODE:5db7	CODE:5e66	DEC @R0	322	read	INTMEM	1	INTMEM:0a	0xa	
decompiler	CODE:5db7	CODE:5e6a	JZ 0x5e71	327	read	INTMEM	1	INTMEM:0a	0xa	
decompiler	CODE:5db7	CODE:5e6e	INC @R0	275	read	INTMEM	1	INTMEM:16	0x16	
decompiler	CODE:5db7	CODE:5e72	RET	627	write	INTMEM	1	INTMEM:0a	0xa	mem[INTMEM:0a]
decompiler	CODE:5db7	CODE:5e72	RET	627	read	INTMEM	1	INTMEM:0a	0xa	
decompiler	CODE:5db7	CODE:5e72	RET	641	write	INTMEM	1	INTMEM:15	0x15	mem[INTMEM:15]
decompiler	CODE:5db7	CODE:5e72	RET	641	read	INTMEM	1	INTMEM:15	0x15	
decompiler	CODE:5db7	CODE:5e72	RET	654	write	INTMEM	1	INTMEM:16	0x16	mem[INTMEM:16]
decompiler	CODE:5db7	CODE:5e72	RET	654	read	INTMEM	1	INTMEM:16	0x16	
decompiler	CODE:5db7	CODE:5e72	RET	667	write	EXTMEM	1	EXTMEM:04a3	0x4a3	mem[EXTMEM:04a3]
decompiler	CODE:5db7	CODE:5e72	RET	667	read	EXTMEM	1	EXTMEM:04a3	0x4a3	
decompiler	CODE:5db7	CODE:5e72	RET	683	write	EXTMEM	1	EXTMEM:04a4	0x4a4	mem[EXTMEM:04a4]
decompiler	CODE:5db7	CODE:5e72	RET	683	read	EXTMEM	1	EXTMEM:04a4	0x4a4	
decompiler	CODE:5db7	CODE:5e72	RET	699	write	EXTMEM	1	EXTMEM:04a5	0x4a5	mem[EXTMEM:04a5]
decompiler	CODE:5db7	CODE:5e72	RET	699	read	EXTMEM	1	EXTMEM:04a5	0x4a5	
decompiler	CODE:5db7	CODE:5e72	RET	715	write	EXTMEM	1	EXTMEM:04a6	0x4a6	mem[EXTMEM:04a6]
decompiler	CODE:5db7	CODE:5e72	RET	715	read	EXTMEM	1	EXTMEM:04a6	0x4a6	
decompiler	CODE:5db7	CODE:5e72	RET	784	write	INTMEM	1	INTMEM:0a	0xa	mem[INTMEM:0a]
decompiler	CODE:5db7	CODE:5e72	RET	784	read	INTMEM	1	INTMEM:0a	0xa	
decompiler	CODE:5db7	CODE:5e72	RET	785	write	INTMEM	1	INTMEM:15	0x15	mem[INTMEM:15]
decompiler	CODE:5db7	CODE:5e72	RET	785	read	INTMEM	1	INTMEM:15	0x15	
decompiler	CODE:5db7	CODE:5e72	RET	786	write	INTMEM	1	INTMEM:16	0x16	mem[INTMEM:16]
decompiler	CODE:5db7	CODE:5e72	RET	786	read	INTMEM	1	INTMEM:16	0x16	
decompiler	CODE:5db7	CODE:5e72	RET	787	write	EXTMEM	1	EXTMEM:04a3	0x4a3	mem[EXTMEM:04a3]
decompiler	CODE:5db7	CODE:5e72	RET	787	read	EXTMEM	1	EXTMEM:04a3	0x4a3	
decompiler	CODE:5db7	CODE:5e72	RET	788	write	EXTMEM	1	EXTMEM:04a4	0x4a4	mem[EXTMEM:04a4]
decompiler	CODE:5db7	CODE:5e72	RET	788	read	EXTMEM	1	EXTMEM:04a4	0x4a4	
decompiler	CODE:5db7	CODE:5e72	RET	789	write	EXTMEM	1	EXTMEM:04a5	0x4a5	mem[EXTMEM:04a5]
decompiler	CODE:5db7	CODE:5e72	RET	789	read	EXTMEM	1	EXTMEM:04a5	0x4a5	
decompiler	CODE:5db7	CODE:5e72	RET	790	write	EXTMEM	1	EXTMEM:04a6	0x4a6	mem[EXTMEM:04a6]
decompiler	CODE:5db7	CODE:5e72	RET	790	read	EXTMEM	1	EXTMEM:04a6	0x4a6	
decompiler	CODE:5e73	CODE:5e78	CLR 0x0e	5	write	BITS	1	BITS:0e	0xe	0x0
decompiler	CODE:5e73	CODE:5e83	JNZ 0x5e87	20	read	EXTMEM	1	EXTMEM:04c5	0x4c5	
decompiler	CODE:5e73	CODE:5f2b	RET	126	write	EXTMEM	1	EXTMEM:04c5	0x4c5	mem[EXTMEM:04c5]
decompiler	CODE:5e73	CODE:5f2b	RET	126	read	EXTMEM	1	EXTMEM:04c5	0x4c5	
decompiler	CODE:5e73	CODE:5f2b	RET	132	write	BITS	1	BITS:0e	0xe	mem[BITS:0e]
decompiler	CODE:5e73	CODE:5f2b	RET	132	read	BITS	1	BITS:0e	0xe	
decompiler	CODE:5f2c	CODE:5f3d	MOV A,@R0	41	read	INTMEM	1	CAST(INT_SUB(mem[INTMEM:b3],0x3b))		
decompiler	CODE:5f2c	CODE:5f42	LCALL 0x109e	825	read	INTMEM	1	INTMEM:b3	0xb3	
decompiler	CODE:5f2c	CODE:5f70	MOVX @DPTR,A	124	write	EXTMEM	1	EXTMEM:04d6	0x4d6	mem[EXTMEM:04ad]
decompiler	CODE:5f2c	CODE:5f70	MOVX @DPTR,A	124	read	EXTMEM	1	EXTMEM:04ad	0x4ad	
decompiler	CODE:5f2c	CODE:5f73	MOVX @DPTR,A	129	write	EXTMEM	1	EXTMEM:04d7	0x4d7	mem[EXTMEM:04ae]
decompiler	CODE:5f2c	CODE:5f73	MOVX @DPTR,A	129	read	EXTMEM	1	EXTMEM:04ae	0x4ae	
decompiler	CODE:5f2c	CODE:5f7f	MOVX @DPTR,A	145	write	EXTMEM	1	EXTMEM:04d8	0x4d8	mem[EXTMEM:04af]
decompiler	CODE:5f2c	CODE:5f7f	MOVX @DPTR,A	145	read	EXTMEM	1	EXTMEM:04af	0x4af	
decompiler	CODE:5f2c	CODE:5f82	MOVX @DPTR,A	150	write	EXTMEM	1	EXTMEM:04d9	0x4d9	mem[EXTMEM:04b0]
decompiler	CODE:5f2c	CODE:5f82	MOVX @DPTR,A	150	read	EXTMEM	1	EXTMEM:04b0	0x4b0	
decompiler	CODE:5f2c	CODE:5f8a	JZ 0x5fe2	163	read	EXTMEM	1	EXTMEM:0af4	0xaf4	
decompiler	CODE:5f2c	CODE:5f8e	LJMP 0xa64d	573	write	INTMEM	1	INTMEM:b3	0xb3	mem[INTMEM:b3]
decompiler	CODE:5f2c	CODE:5f8e	LJMP 0xa64d	573	read	INTMEM	1	INTMEM:b3	0xb3	
decompiler	CODE:5f2c	CODE:5f8e	LJMP 0xa64d	595	write	EXTMEM	1	EXTMEM:04ad	0x4ad	mem[EXTMEM:04ad]
decompiler	CODE:5f2c	CODE:5f8e	LJMP 0xa64d	595	read	EXTMEM	1	EXTMEM:04ad	0x4ad	
decompiler	CODE:5f2c	CODE:5f8e	LJMP 0xa64d	616	write	EXTMEM	1	EXTMEM:04ae	0x4ae	mem[EXTMEM:04ae]
decompiler	CODE:5f2c	CODE:5f8e	LJMP 0xa64d	616	read	EXTMEM	1	EXTMEM:04ae	0x4ae	
decompiler	CODE:5f2c	CODE:5f8e	LJMP 0xa64d	637	write	EXTMEM	1	EXTMEM:04af	0x4af	mem[EXTMEM:04af]
decompiler	CODE:5f2c	CODE:5f8e	LJMP 0xa64d	637	read	EXTMEM	1	EXTMEM:04af	0x4af	
decompiler	CODE:5f2c	CODE:5f8e	LJMP 0xa64d	658	write	EXTMEM	1	EXTMEM:04b0	0x4b0	mem[EXTMEM:04b0]
decompiler	CODE:5f2c	CODE:5f8e	LJMP 0xa64d	658	read	EXTMEM	1	EXTMEM:04b0	0x4b0	
decompiler	CODE:5f2c	CODE:5f8e	LJMP 0xa64d	679	write	EXTMEM	1	EXTMEM:04d6	0x4d6	mem[EXTMEM:04d6]
decompiler	CODE:5f2c	CODE:5f8e	LJMP 0xa64d	679	read	EXTMEM	1	EXTMEM:04d6	0x4d6	
decompiler	CODE:5f2c	CODE:5f8e	LJMP 0xa64d	700	write	EXTMEM	1	EXTMEM:04d7	0x4d7	mem[EXTMEM:04d7]
decompiler	CODE:5f2c	CODE:5f8e	LJMP 0xa64d	700	read	EXTMEM	1	EXTMEM:04d7	0x4d7	
decompiler	CODE:5f2c	CODE:5f8e	LJMP 0xa64d	721	write	EXTMEM	1	EXTMEM:04d8	0x4d8	mem[EXTMEM:04d8]
decompiler	CODE:5f2c	CODE:5f8e	LJMP 0xa64d	721	read	EXTMEM	1	EXTMEM:04d8	0x4d8	
decompiler	CODE:5f2c	CODE:5f8e	LJMP 0xa64d	742	write	EXTMEM	1	EXTMEM:04d9	0x4d9	mem[EXTMEM:04d9]
decompiler	CODE:5f2c	CODE:5f8e	LJMP 0xa64d	742	read	EXTMEM	1	EXTMEM:04d9	0x4d9	
decompiler	CODE:5f2c	CODE:5f8e	LJMP 0xa64d	763	write	EXTMEM	1	EXTMEM:0af4	0xaf4	mem[EXTMEM:0af4]
decompiler	CODE:5f2c	CODE:5f8e	LJMP 0xa64d	763	read	EXTMEM	1	EXTMEM:0af4	0xaf4	
decompiler	CODE:5f2c	CODE:5f8e	LJMP 0xa64d	784	write	BITS	1	BITS:0d	0xd	mem[BITS:0d]
decompiler	CODE:5f2c	CODE:5f8e	LJMP 0xa64d	784	read	BITS	1	BITS:0d	0xd	
decompiler	CODE:5f2c	CODE:5fa3	LCALL 0x109e	826	read	INTMEM	1	INTMEM:b3	0xb3	
decompiler	CODE:5f2c	CODE:5fb1	MOVX @DPTR,A	214	write	EXTMEM	1	EXTMEM:04af	0x4af	0x8
decompiler	CODE:5f2c	CODE:5fb5	MOVX @DPTR,A	219	write	EXTMEM	1	EXTMEM:04b0	0x4b0	0x98
decompiler	CODE:5f2c	CODE:5fc8	SETB 0x0d	242	write	BITS	1	BITS:0d	0xd	0x1
decompiler	CODE:5f2c	CODE:5fd7	MOV @R0,#0x1	270	write	INTMEM	1	INDIRECT(INDIRECT(INDIRECT(INDIRECT(INDIRECT(0xb2,0xe9),0xf1),0xfa),0x104),0x10c)		0x1
decompiler	CODE:5f2c	CODE:5fe2	RET	572	write	INTMEM	1	INTMEM:b3	0xb3	mem[INTMEM:b3]
decompiler	CODE:5f2c	CODE:5fe2	RET	572	read	INTMEM	1	INTMEM:b3	0xb3	
decompiler	CODE:5f2c	CODE:5fe2	RET	594	write	EXTMEM	1	EXTMEM:04ad	0x4ad	mem[EXTMEM:04ad]
decompiler	CODE:5f2c	CODE:5fe2	RET	594	read	EXTMEM	1	EXTMEM:04ad	0x4ad	
decompiler	CODE:5f2c	CODE:5fe2	RET	615	write	EXTMEM	1	EXTMEM:04ae	0x4ae	mem[EXTMEM:04ae]
decompiler	CODE:5f2c	CODE:5fe2	RET	615	read	EXTMEM	1	EXTMEM:04ae	0x4ae	
decompiler	CODE:5f2c	CODE:5fe2	RET	636	write	EXTMEM	1	EXTMEM:04af	0x4af	mem[EXTMEM:04af]
decompiler	CODE:5f2c	CODE:5fe2	RET	636	read	EXTMEM	1	EXTMEM:04af	0x4af	
decompiler	CODE:5f2c	CODE:5fe2	RET	657	write	EXTMEM	1	EXTMEM:04b0	0x4b0	mem[EXTMEM:04b0]
decompiler	CODE:5f2c	CODE:5fe2	RET	657	read	EXTMEM	1	EXTMEM:04b0	0x4b0	
decompiler	CODE:5f2c	CODE:5fe2	RET	678	write	EXTMEM	1	EXTMEM:04d6	0x4d6	mem[EXTMEM:04d6]
decompiler	CODE:5f2c	CODE:5fe2	RET	678	read	EXTMEM	1	EXTMEM:04d6	0x4d6	
decompiler	CODE:5f2c	CODE:5fe2	RET	699	write	EXTMEM	1	EXTMEM:04d7	0x4d7	mem[EXTMEM:04d7]
decompiler	CODE:5f2c	CODE:5fe2	RET	699	read	EXTMEM	1	EXTMEM:04d7	0x4d7	
decompiler	CODE:5f2c	CODE:5fe2	RET	720	write	EXTMEM	1	EXTMEM:04d8	0x4d8	mem[EXTMEM:04d8]
decompiler	CODE:5f2c	CODE:5fe2	RET	720	read	EXTMEM	1	EXTMEM:04d8	0x4d8	
decompiler	CODE:5f2c	CODE:5fe2	RET	741	write	EXTMEM	1	EXTMEM:04d9	0x4d9	mem[EXTMEM:04d9]
decompiler	CODE:5f2c	CODE:5fe2	RET	741	read	EXTMEM	1	EXTMEM:04d9	0x4d9	
decompiler	CODE:5f2c	CODE:5fe2	RET	762	write	EXTMEM	1	EXTMEM:0af4	0xaf4	mem[EXTMEM:0af4]
decompiler	CODE:5f2c	CODE:5fe2	RET	762	read	EXTMEM	1	EXTMEM:0af4	0xaf4	
decompiler	CODE:5f2c	CODE:5fe2	RET	783	write	BITS	1	BITS:0d	0xd	mem[BITS:0d]
decompiler	CODE:5f2c	CODE:5fe2	RET	783	read	BITS	1	BITS:0d	0xd	
decompiler	CODE:5fe3	CODE:5fe5	MOV @R0,0x07	2	write	INTMEM	1	INTMEM:b3	0xb3	mem[INTMEM:07]
decompiler	CODE:5fe3	CODE:5fe5	MOV @R0,0x07	2	read	INTMEM	1	INTMEM:07	0x7	
decompiler	CODE:5fe3	CODE:5fed	JB 0x02,0x5ff9	19	read	BITS	1	BITS:02	0x2	
decompiler	CODE:5fe3	CODE:5ff6	LJMP 0xa069	86	write	INTMEM	1	INTMEM:07	0x7	mem[INTMEM:07]
decompiler	CODE:5fe3	CODE:5ff6	LJMP 0xa069	86	read	INTMEM	1	INTMEM:07	0x7	
decompiler	CODE:5fe3	CODE:5ff6	LJMP 0xa069	95	write	INTMEM	1	INTMEM:b3	0xb3	mem[INTMEM:b3]
decompiler	CODE:5fe3	CODE:5ff6	LJMP 0xa069	95	read	INTMEM	1	INTMEM:b3	0xb3	
decompiler	CODE:5fe3	CODE:5ff6	LJMP 0xa069	104	write	BITS	1	BITS:02	0x2	mem[BITS:02]
decompiler	CODE:5fe3	CODE:5ff6	LJMP 0xa069	104	read	BITS	1	BITS:02	0x2	
decompiler	CODE:5fe3	CODE:5fff	RET	87	write	INTMEM	1	INTMEM:07	0x7	mem[INTMEM:07]
decompiler	CODE:5fe3	CODE:5fff	RET	87	read	INTMEM	1	INTMEM:07	0x7	
decompiler	CODE:5fe3	CODE:5fff	RET	96	write	INTMEM	1	INTMEM:b3	0xb3	mem[INTMEM:b3]
decompiler	CODE:5fe3	CODE:5fff	RET	96	read	INTMEM	1	INTMEM:b3	0xb3	
decompiler	CODE:5fe3	CODE:5fff	RET	105	write	BITS	1	BITS:02	0x2	mem[BITS:02]
decompiler	CODE:5fe3	CODE:5fff	RET	105	read	BITS	1	BITS:02	0x2	
decompiler	CODE:6000	CODE:6023	JNZ 0x602f	103	read	EXTMEM	1	EXTMEM:04b5	0x4b5	
decompiler	CODE:6000	CODE:6023	JNZ 0x602f	104	read	EXTMEM	1	EXTMEM:04b4	0x4b4	
decompiler	CODE:6000	CODE:6025	LCALL 0xadf3	109	write	EXTMEM	1	EXTMEM:04b2	0x4b2	mem[EXTMEM:04b2]
decompiler	CODE:6000	CODE:6025	LCALL 0xadf3	109	read	EXTMEM	1	EXTMEM:04b2	0x4b2	
decompiler	CODE:6000	CODE:6025	LCALL 0xadf3	115	write	EXTMEM	1	EXTMEM:04b3	0x4b3	mem[EXTMEM:04b3]
decompiler	CODE:6000	CODE:6025	LCALL 0xadf3	115	read	EXTMEM	1	EXTMEM:04b3	0x4b3	
decompiler	CODE:6000	CODE:6025	LCALL 0xadf3	121	write	EXTMEM	1	EXTMEM:04b4	0x4b4	mem[EXTMEM:04b4]
decompiler	CODE:6000	CODE:6025	LCALL 0xadf3	121	read	EXTMEM	1	EXTMEM:04b4	0x4b4	
decompiler	CODE:6000	CODE:6025	LCALL 0xadf3	127	write	EXTMEM	1	EXTMEM:04b5	0x4b5	mem[EXTMEM:04b5]
decompiler	CODE:6000	CODE:6025	LCALL 0xadf3	127	read	EXTMEM	1	EXTMEM:04b5	0x4b5	
decompiler	CODE:6000	CODE:602f	LCALL 0xadf3	110	write	EXTMEM	1	EXTMEM:04b2	0x4b2	mem[EXTMEM:04b2]
decompiler	CODE:6000	CODE:602f	LCALL 0xadf3	110	read	EXTMEM	1	EXTMEM:04b2	0x4b2	
decompiler	CODE:6000	CODE:602f	LCALL 0xadf3	116	write	EXTMEM	1	EXTMEM:04b3	0x4b3	mem[EXTMEM:04b3]
decompiler	CODE:6000	CODE:602f	LCALL 0xadf3	116	read	EXTMEM	1	EXTMEM:04b3	0x4b3	
decompiler	CODE:6000	CODE:602f	LCALL 0xadf3	122	write	EXTMEM	1	EXTMEM:04b4	0x4b4	mem[EXTMEM:04b4]
decompiler	CODE:6000	CODE:602f	LCALL 0xadf3	122	read	EXTMEM	1	EXTMEM:04b4	0x4b4	
decompiler	CODE:6000	CODE:602f	LCALL 0xadf3	128	write	EXTMEM	1	EXTMEM:04b5	0x4b5	mem[EXTMEM:04b5]
decompiler	CODE:6000	CODE:602f	LCALL 0xadf3	128	read	EXTMEM	1	EXTMEM:04b5	0x4b5	
decompiler	CODE:60b4	CODE:60b8	MOVX @DPTR,A	4	write	EXTMEM	1	EXTMEM:04b5	0x4b5	0x0
decompiler	CODE:60b4	CODE:60ba	MOVX @DPTR,A	8	write	EXTMEM	1	EXTMEM:04b6	0x4b6	0x0
decompiler	CODE:60b4	CODE:60bc	MOVX @DPTR,A	12	write	EXTMEM	1	EXTMEM:04b7	0x4b7	0x0
decompiler	CODE:60b4	CODE:60be	MOVX @DPTR,A	16	write	EXTMEM	1	EXTMEM:04b8	0x4b8	0x0
decompiler	CODE:60b4	CODE:60cb	MOVX @DPTR,A	40	write	EXTMEM	1	EXTMEM:04b4	0x4b4	0x0
decompiler	CODE:60b4	CODE:60d8	LCALL 0x3409	673	read	EXTMEM	1	EXTMEM:04b4	0x4b4	
decompiler	CODE:60b4	CODE:60e8	JNB 0xe5,0x60f3	88	read	EXTMEM	1	EXTMEM:04af	0x4af	
decompiler	CODE:60b4	CODE:60ef	MOVX @DPTR,A	96	write	EXTMEM	1	EXTMEM:04b5	0x4b5	0x0
decompiler	CODE:60b4	CODE:60f2	MOVX @DPTR,A	101	write	EXTMEM	1	EXTMEM:04b6	0x4b6	0x1
decompiler	CODE:60b4	CODE:6119	MOVX @DPTR,A	182	write	EXTMEM	1	EXTMEM:04be	0x4be	mem[EXTMEM:04b7]
decompiler	CODE:60b4	CODE:6119	MOVX @DPTR,A	182	read	EXTMEM	1	EXTMEM:04b7	0x4b7	
decompiler	CODE:60b4	CODE:611c	MOVX @DPTR,A	187	write	EXTMEM	1	EXTMEM:04bf	0x4bf	mem[EXTMEM:04b8]
decompiler	CODE:60b4	CODE:611c	MOVX @DPTR,A	187	read	EXTMEM	1	EXTMEM:04b8	0x4b8	
decompiler	CODE:60b4	CODE:6147	JNZ 0x614b	247	read	EXTMEM	1	EXTMEM:04b5	0x4b5	
decompiler	CODE:60b4	CODE:6147	JNZ 0x614b	675	read	EXTMEM	1	EXTMEM:04b5	0x4b5	
decompiler	CODE:60b4	CODE:614a	MOVX A,@DPTR	674	read	EXTMEM	1	EXTMEM:04b6	0x4b6	
decompiler	CODE:60b4	CODE:614d	SETB 0x0c	255	write	BITS	1	BITS:0c	0xc	0x1
decompiler	CODE:60b4	CODE:615f	MOVX A,@DPTR	282	read	EXTMEM	1	EXTMEM:04b8	0x4b8	
decompiler	CODE:60b4	CODE:6161	RET	520	write	INTMEM	1	INTMEM:b5	0xb5	mem[INTMEM:b5]
decompiler	CODE:60b4	CODE:6161	RET	520	read	INTMEM	1	INTMEM:b5	0xb5	
decompiler	CODE:60b4	CODE:6161	RET	532	write	EXTMEM	1	EXTMEM:04af	0x4af	mem[EXTMEM:04af]
decompiler	CODE:60b4	CODE:6161	RET	532	read	EXTMEM	1	EXTMEM:04af	0x4af	
decompiler	CODE:60b4	CODE:6161	RET	544	write	EXTMEM	1	EXTMEM:04b3	0x4b3	mem[EXTMEM:04b3]
decompiler	CODE:60b4	CODE:6161	RET	544	read	EXTMEM	1	EXTMEM:04b3	0x4b3	
decompiler	CODE:60b4	CODE:6161	RET	556	write	EXTMEM	1	EXTMEM:04b4	0x4b4	mem[EXTMEM:04b4]
decompiler	CODE:60b4	CODE:6161	RET	556	read	EXTMEM	1	EXTMEM:04b4	0x4b4	
decompiler	CODE:60b4	CODE:6161	RET	568	write	EXTMEM	1	EXTMEM:04b5	0x4b5	mem[EXTMEM:04b5]
decompiler	CODE:60b4	CODE:6161	RET	568	read	EXTMEM	1	EXTMEM:04b5	0x4b5	
decompiler	CODE:60b4	CODE:6161	RET	581	write	EXTMEM	1	EXTMEM:04b6	0x4b6	mem[EXTMEM:04b6]
decompiler	CODE:60b4	CODE:6161	RET	581	read	EXTMEM	1	EXTMEM:04b6	0x4b6	
decompiler	CODE:60b4	CODE:6161	RET	594	write	EXTMEM	1	EXTMEM:04b7	0x4b7	mem[EXTMEM:04b7]
decompiler	CODE:60b4	CODE:6161	RET	594	read	EXTMEM	1	EXTMEM:04b7	0x4b7	
decompiler	CODE:60b4	CODE:6161	RET	606	write	EXTMEM	1	EXTMEM:04b8	0x4b8	mem[EXTMEM:04b8]
decompiler	CODE:60b4	CODE:6161	RET	606	read	EXTMEM	1	EXTMEM:04b8	0x4b8	
decompiler	CODE:60b4	CODE:6161	RET	618	write	EXTMEM	1	EXTMEM:04be	0x4be	mem[EXTMEM:04be]
decompiler	CODE:60b4	CODE:6161	RET	618	read	EXTMEM	1	EXTMEM:04be	0x4be	
decompiler	CODE:60b4	CODE:6161	RET	630	write	EXTMEM	1	EXTMEM:04bf	0x4bf	mem[EXTMEM:04bf]
decompiler	CODE:60b4	CODE:6161	RET	630	read	EXTMEM	1	EXTMEM:04bf	0x4bf	
decompiler	CODE:60b4	CODE:6161	RET	642	write	BITS	1	BITS:0c	0xc	mem[BITS:0c]
decompiler	CODE:60b4	CODE:6161	RET	642	read	BITS	1	BITS:0c	0xc	
decompiler	CODE:6162	CODE:6173	JNZ 0x6179	23	read	EXTMEM	1	EXTMEM:04aa	0x4aa	
decompiler	CODE:6162	CODE:6173	JNZ 0x6179	286	read	EXTMEM	1	EXTMEM:04aa	0x4aa	
decompiler	CODE:6162	CODE:6187	JNZ 0x618d	58	read	EXTMEM	1	EXTMEM:04aa	0x4aa	
decompiler	CODE:6162	CODE:6187	JNZ 0x618d	285	read	EXTMEM	1	EXTMEM:04aa	0x4aa	
decompiler	CODE:6162	CODE:619b	JNZ 0x61a1	75	read	EXTMEM	1	EXTMEM:04aa	0x4aa	
decompiler	CODE:6162	CODE:619b	JNZ 0x61a1	284	read	EXTMEM	1	EXTMEM:04aa	0x4aa	
decompiler	CODE:6162	CODE:61af	JNZ 0x61b5	92	read	EXTMEM	1	EXTMEM:04aa	0x4aa	
decompiler	CODE:6162	CODE:61af	JNZ 0x61b5	283	read	EXTMEM	1	EXTMEM:04aa	0x4aa	
decompiler	CODE:6162	CODE:61c3	JNZ 0x61c9	109	read	EXTMEM	1	EXTMEM:04aa	0x4aa	
decompiler	CODE:6162	CODE:61c3	JNZ 0x61c9	282	read	EXTMEM	1	EXTMEM:04aa	0x4aa	
decompiler	CODE:6162	CODE:61d7	JNZ 0x61dd	126	read	EXTMEM	1	EXTMEM:04aa	0x4aa	
decompiler	CODE:6162	CODE:61d7	JNZ 0x61dd	281	read	EXTMEM	1	EXTMEM:04aa	0x4aa	
decompiler	CODE:6162	CODE:61eb	JNZ 0x61f1	143	read	EXTMEM	1	EXTMEM:04aa	0x4aa	
decompiler	CODE:6162	CODE:61eb	JNZ 0x61f1	280	read	EXTMEM	1	EXTMEM:04aa	0x4aa	
decompiler	CODE:6162	CODE:620b	LJMP 0x87aa	249	write	EXTMEM	1	EXTMEM:04aa	0x4aa	mem[EXTMEM:04aa]
decompiler	CODE:6162	CODE:620b	LJMP 0x87aa	249	read	EXTMEM	1	EXTMEM:04aa	0x4aa	
decompiler	CODE:6162	CODE:620b	LJMP 0x87aa	257	write	EXTMEM	1	EXTMEM:04ab	0x4ab	mem[EXTMEM:04ab]
decompiler	CODE:6162	CODE:620b	LJMP 0x87aa	257	read	EXTMEM	1	EXTMEM:04ab	0x4ab	
decompiler	CODE:620e	CODE:621d	RET	55	write	EXTMEM	1	EXTMEM:0752	0x752	mem[EXTMEM:0752]
decompiler	CODE:620e	CODE:621d	RET	55	read	EXTMEM	1	EXTMEM:0752	0x752	
decompiler	CODE:620e	CODE:621d	RET	56	write	EXTMEM	1	EXTMEM:0753	0x753	mem[EXTMEM:0753]
decompiler	CODE:620e	CODE:621d	RET	56	read	EXTMEM	1	EXTMEM:0753	0x753	
decompiler	CODE:621e	CODE:6224	MOVX A,@DPTR	8	read	EXTMEM	1	EXTMEM:0753	0x753	
decompiler	CODE:621e	CODE:622a	RET	26	write	EXTMEM	1	EXTMEM:0752	0x752	mem[EXTMEM:0752]
decompiler	CODE:621e	CODE:622a	RET	26	read	EXTMEM	1	EXTMEM:0752	0x752	
decompiler	CODE:621e	CODE:622a	RET	27	write	EXTMEM	1	EXTMEM:0753	0x753	mem[EXTMEM:0753]
decompiler	CODE:621e	CODE:622a	RET	27	read	EXTMEM	1	EXTMEM:0753	0x753	
decompiler	CODE:6221	CODE:6224	MOVX A,@DPTR	6	read	EXTMEM	1	CAST(INT_ADD((register, 0x82, 2),0x1))		
decompiler	CODE:622b	CODE:623a	RET	55	write	EXTMEM	1	EXTMEM:0754	0x754	mem[EXTMEM:0754]
decompiler	CODE:622b	CODE:623a	RET	55	read	EXTMEM	1	EXTMEM:0754	0x754	
decompiler	CODE:622b	CODE:623a	RET	56	write	EXTMEM	1	EXTMEM:0755	0x755	mem[EXTMEM:0755]
decompiler	CODE:622b	CODE:623a	RET	56	read	EXTMEM	1	EXTMEM:0755	0x755	
decompiler	CODE:6240	CODE:6246	MOVX A,@DPTR	8	read	EXTMEM	1	EXTMEM:0755	0x755	
decompiler	CODE:6240	CODE:6247	RET	19	write	EXTMEM	1	EXTMEM:0754	0x754	mem[EXTMEM:0754]
decompiler	CODE:6240	CODE:6247	RET	19	read	EXTMEM	1	EXTMEM:0754	0x754	
decompiler	CODE:6240	CODE:6247	RET	20	write	EXTMEM	1	EXTMEM:0755	0x755	mem[EXTMEM:0755]
decompiler	CODE:6240	CODE:6247	RET	20	read	EXTMEM	1	EXTMEM:0755	0x755	
decompiler	CODE:6248	CODE:624a	MOVX @DPTR,A	4	write	EXTMEM	1	CAST(INT_ADD((register, 0x82, 2),0x1))		0x0
decompiler	CODE:6255	CODE:6259	MOVX @DPTR,A	4	write	EXTMEM	1	EXTMEM:0754	0x754	(register, 0x6, 1)
decompiler	CODE:6255	CODE:625c	MOVX @DPTR,A	9	write	EXTMEM	1	EXTMEM:0755	0x755	(register, 0x7, 1)
decompiler	CODE:6255	CODE:6261	MOVX A,@DPTR	13	read	EXTMEM	1	CAST(PIECE((register, 0x6, 1),(register, 0x7, 1)))		
decompiler	CODE:6255	CODE:6262	RET	30	write	EXTMEM	1	EXTMEM:0754	0x754	mem[EXTMEM:0754]
decompiler	CODE:6255	CODE:6262	RET	30	read	EXTMEM	1	EXTMEM:0754	0x754	
decompiler	CODE:6255	CODE:6262	RET	31	write	EXTMEM	1	EXTMEM:0755	0x755	mem[EXTMEM:0755]
decompiler	CODE:6255	CODE:6262	RET	31	read	EXTMEM	1	EXTMEM:0755	0x755	
decompiler	CODE:6258	CODE:6259	MOVX @DPTR,A	3	write	EXTMEM	1	(register, 0x82, 2)		(register, 0x6, 1)
decompiler	CODE:6258	CODE:625c	MOVX @DPTR,A	8	write	EXTMEM	1	PTRADD((register, 0x82, 2),0x1,0x1)		(register, 0x7, 1)
decompiler	CODE:6258	CODE:6261	MOVX A,@DPTR	12	read	EXTMEM	1	CAST(PIECE((register, 0x6, 1),(register, 0x7, 1)))		
decompiler	CODE:6263	CODE:6264	MOVX A,@DPTR	2	read	EXTMEM	1	CAST(INT_ADD((register, 0x82, 2),0x1))		
decompiler	CODE:6276	CODE:627c	MOVX A,@DPTR	8	read	EXTMEM	1	EXTMEM:0753	0x753	
decompiler	CODE:6276	CODE:6282	RET	26	write	EXTMEM	1	EXTMEM:0752	0x752	mem[EXTMEM:0752]
decompiler	CODE:6276	CODE:6282	RET	26	read	EXTMEM	1	EXTMEM:0752	0x752	
decompiler	CODE:6276	CODE:6282	RET	27	write	EXTMEM	1	EXTMEM:0753	0x753	mem[EXTMEM:0753]
decompiler	CODE:6276	CODE:6282	RET	27	read	EXTMEM	1	EXTMEM:0753	0x753	
decompiler	CODE:6283	CODE:6289	MOVX A,@DPTR	8	read	EXTMEM	1	EXTMEM:0751	0x751	
decompiler	CODE:6283	CODE:628a	RET	19	write	EXTMEM	1	EXTMEM:0750	0x750	mem[EXTMEM:0750]
decompiler	CODE:6283	CODE:628a	RET	19	read	EXTMEM	1	EXTMEM:0750	0x750	
decompiler	CODE:6283	CODE:628a	RET	20	write	EXTMEM	1	EXTMEM:0751	0x751	mem[EXTMEM:0751]
decompiler	CODE:6283	CODE:628a	RET	20	read	EXTMEM	1	EXTMEM:0751	0x751	
decompiler	CODE:628b	CODE:628b	MOV A,@R0	0	read	INTMEM	1	(register, 0x0, 1)		
decompiler	CODE:6293	CODE:6296	MOVX A,@DPTR	29	read	EXTMEM	2	(register, 0x82, 2)		
decompiler	CODE:6293	CODE:629c	MOVX @DPTR,A	13	write	EXTMEM	1	CAST(LOAD(0x311,(register, 0x82, 2)))		(register, 0x7, 1)
decompiler	CODE:62ae	CODE:62ae	MOVX A,@DPTR	1	read	EXTMEM	1	(register, 0x82, 2)		
decompiler	CODE:62b8	CODE:62ce	JZ 0x6310	33	read	INTMEM	1	INTMEM:cc	0xcc	
decompiler	CODE:62b8	CODE:62e0	JNB 0x02,0x62e8	77	read	BITS	1	BITS:02	0x2	
decompiler	CODE:62b8	CODE:62f1	JNB 0x02,0x6312	101	read	BITS	1	BITS:02	0x2	
decompiler	CODE:62b8	CODE:631c	MOVX @DPTR,A	124	write	EXTMEM	1	EXTMEM:04a6	0x4a6	0x0
decompiler	CODE:62b8	CODE:6323	JZ 0x6335	142	read	EXTMEM	1	EXTMEM:04a6	0x4a6	
decompiler	CODE:62b8	CODE:6326	JZ 0x633a	145	read	EXTMEM	1	EXTMEM:04a6	0x4a6	
decompiler	CODE:62b8	CODE:6329	JZ 0x633f	148	read	EXTMEM	1	EXTMEM:04a6	0x4a6	
decompiler	CODE:62b8	CODE:632c	JZ 0x6344	151	read	EXTMEM	1	EXTMEM:04a6	0x4a6	
decompiler	CODE:62b8	CODE:6330	JNZ 0x634e	166	read	EXTMEM	1	EXTMEM:04a6	0x4a6	
decompiler	CODE:62b8	CODE:6353	MOVX @DPTR,A	52	write	EXTMEM	1	EXTMEM:04a6	0x4a6	0x9
decompiler	CODE:62b8	CODE:6353	MOVX @DPTR,A	729	read	EXTMEM	1	EXTMEM:04a6	0x4a6	
decompiler	CODE:62b8	CODE:635e	LJMP 0x71a0	563	write	INTMEM	1	INTMEM:b3	0xb3	mem[INTMEM:b3]
decompiler	CODE:62b8	CODE:635e	LJMP 0x71a0	563	read	INTMEM	1	INTMEM:b3	0xb3	
decompiler	CODE:62b8	CODE:635e	LJMP 0x71a0	587	write	INTMEM	1	INTMEM:cc	0xcc	mem[INTMEM:cc]
decompiler	CODE:62b8	CODE:635e	LJMP 0x71a0	587	read	INTMEM	1	INTMEM:cc	0xcc	
decompiler	CODE:62b8	CODE:635e	LJMP 0x71a0	611	write	EXTMEM	1	EXTMEM:04a6	0x4a6	mem[EXTMEM:04a6]
decompiler	CODE:62b8	CODE:635e	LJMP 0x71a0	611	read	EXTMEM	1	EXTMEM:04a6	0x4a6	
decompiler	CODE:62b8	CODE:635e	LJMP 0x71a0	636	write	EXTMEM	1	EXTMEM:04a7	0x4a7	mem[EXTMEM:04a7]
decompiler	CODE:62b8	CODE:635e	LJMP 0x71a0	636	read	EXTMEM	1	EXTMEM:04a7	0x4a7	
decompiler	CODE:62b8	CODE:635e	LJMP 0x71a0	660	write	BITS	1	BITS:02	0x2	mem[BITS:02]
decompiler	CODE:62b8	CODE:635e	LJMP 0x71a0	660	read	BITS	1	BITS:02	0x2	
decompiler	CODE:6361	CODE:636e	JZ 0x63c8	29	read	INTMEM	1	INTMEM:be	0xbe	
decompiler	CODE:6361	CODE:6372	JZ 0x63b0	44	read	INTMEM	1	INTMEM:be	0xbe	
decompiler	CODE:6361	CODE:6376	JNZ 0x63da	59	read	INTMEM	1	INTMEM:be	0xbe	
decompiler	CODE:6361	CODE:637d	JZ 0x63ab	77	read	INTMEM	1	INTMEM:c0	0xc0	
decompiler	CODE:6361	CODE:6381	JZ 0x63ab	92	read	INTMEM	1	INTMEM:c0	0xc0	
decompiler	CODE:6361	CODE:6385	JZ 0x6398	107	read	INTMEM	1	INTMEM:c0	0xc0	
decompiler	CODE:6361	CODE:6388	JZ 0x6393	110	read	INTMEM	1	INTMEM:c0	0xc0	
decompiler	CODE:6361	CODE:638c	JNZ 0x63da	125	read	INTMEM	1	INTMEM:c0	0xc0	
decompiler	CODE:6361	CODE:639f	MOV @R0,A	247	write	INTMEM	1	INDIRECT(INDIRECT(0xc0,0xec),0xf4)		0x0
decompiler	CODE:6361	CODE:63b4	JZ 0x63bf	273	read	INTMEM	1	INTMEM:c0	0xc0	
decompiler	CODE:6361	CODE:63b8	JNZ 0x63da	288	read	INTMEM	1	INTMEM:c0	0xc0	
decompiler	CODE:6361	CODE:63cd	JZ 0x63d7	330	read	INTMEM	1	INTMEM:c0	0xc0	
decompiler	CODE:6361	CODE:63d0	JNZ 0x63da	333	read	INTMEM	1	INTMEM:c0	0xc0	
decompiler	CODE:6361	CODE:63df	JZ 0x63ee	141	read	EXTMEM	1	EXTMEM:04ac	0x4ac	
decompiler	CODE:6361	CODE:6403	LJMP 0x726d	619	write	INTMEM	1	INTMEM:be	0xbe	mem[INTMEM:be]
decompiler	CODE:6361	CODE:6403	LJMP 0x726d	619	read	INTMEM	1	INTMEM:be	0xbe	
decompiler	CODE:6361	CODE:6403	LJMP 0x726d	639	write	INTMEM	1	INTMEM:c0	0xc0	mem[INTMEM:c0]
decompiler	CODE:6361	CODE:6403	LJMP 0x726d	639	read	INTMEM	1	INTMEM:c0	0xc0	
decompiler	CODE:6361	CODE:6403	LJMP 0x726d	659	write	EXTMEM	1	EXTMEM:04ac	0x4ac	mem[EXTMEM:04ac]
decompiler	CODE:6361	CODE:6403	LJMP 0x726d	659	read	EXTMEM	1	EXTMEM:04ac	0x4ac	
decompiler	CODE:6406	CODE:640b	MOVX @DPTR,A	4	write	EXTMEM	1	EXTMEM:04b2	0x4b2	0x3
decompiler	CODE:6406	CODE:6410	MOVX @DPTR,A	11	write	EXTMEM	1	EXTMEM:04b3	0x4b3	mem[INTMEM:b3]
decompiler	CODE:6406	CODE:6410	MOVX @DPTR,A	11	read	INTMEM	1	INTMEM:b3	0xb3	
decompiler	CODE:6406	CODE:6414	MOV A,@R0	26	read	INTMEM	1	CAST(INT_ADD(mem[INTMEM:b3],0x23))		
decompiler	CODE:6406	CODE:6432	MOVX @DPTR,A	66	write	EXTMEM	1	INDIRECT(INDIRECT(0x4b2,0x36),0x3e)		0xb5
decompiler	CODE:6406	CODE:643b	LCALL 0x1d23	631	read	EXTMEM	1	EXTMEM:04b3	0x4b3	
decompiler	CODE:6406	CODE:643f	MOVX @DPTR,A	84	write	EXTMEM	1	INDIRECT(0x4b2,0x50)		INDIRECT(COPY(mem[EXTMEM:04b3]),0x50)
decompiler	CODE:6406	CODE:644d	MOVX @DPTR,A	113	write	EXTMEM	1	INDIRECT(INDIRECT(0x4b2,0x65),0x6d)		INDIRECT(INDIRECT(INDIRECT(INDIRECT(INDIRECT((register, 0x6, 1),0x3e),0x50),0x5c),0x65),0x6d)
decompiler	CODE:6406	CODE:645a	MOVX @DPTR,A	160	write	EXTMEM	1	INDIRECT(INDIRECT(INDIRECT(INDIRECT(0x4b2,0x65),0x6d),0x94),0x9c)		INDIRECT(INDIRECT(INDIRECT(INDIRECT(INDIRECT((register, 0x5, 1),0x5c),0x65),0x6d),0x94),0x9c)
decompiler	CODE:6406	CODE:6464	MOVX @DPTR,A	175	write	EXTMEM	1	INDIRECT(0x4b2,0xab)		INDIRECT(COPY(INDIRECT(INDIRECT(INDIRECT((register, 0x6, 1),0x6d),0x94),0x9c)),0xab)
decompiler	CODE:6406	CODE:6474	MOVX @DPTR,A	225	write	EXTMEM	1	INDIRECT(INDIRECT(0x4b3,0xd5),0xdd)		INDIRECT(INDIRECT(INDIRECT(INDIRECT(INDIRECT((register, 0x5, 1),0x94),0x9c),0xab),0xd5),0xdd)
decompiler	CODE:6406	CODE:647e	MOVX @DPTR,A	240	write	EXTMEM	1	INDIRECT(0x4b2,0xec)		INDIRECT(INDIRECT(INDIRECT(INDIRECT(INDIRECT((register, 0x6, 1),0x9c),0xab),0xd5),0xdd),0xec)
decompiler	CODE:6406	CODE:6486	LCALL 0x1d23	633	read	INTMEM	1	INTMEM:6c	0x6c	
decompiler	CODE:6406	CODE:648a	MOVX @DPTR,A	257	write	EXTMEM	1	INDIRECT(0x4b2,0xfd)		INDIRECT(COPY(mem[INTMEM:6c]),0xfd)
decompiler	CODE:6406	CODE:6493	LCALL 0x1d23	634	read	EXTMEM	1	EXTMEM:0707	0x707	
decompiler	CODE:6406	CODE:6497	MOVX @DPTR,A	275	write	EXTMEM	1	INDIRECT(0x4b2,0x10f)		INDIRECT(COPY(mem[EXTMEM:0707]),0x10f)
decompiler	CODE:6406	CODE:649e	LJMP 0xa7c3	497	write	INTMEM	1	INTMEM:6c	0x6c	mem[INTMEM:6c]
decompiler	CODE:6406	CODE:649e	LJMP 0xa7c3	497	read	INTMEM	1	INTMEM:6c	0x6c	
decompiler	CODE:6406	CODE:649e	LJMP 0xa7c3	515	write	INTMEM	1	INTMEM:b3	0xb3	mem[INTMEM:b3]
decompiler	CODE:6406	CODE:649e	LJMP 0xa7c3	515	read	INTMEM	1	INTMEM:b3	0xb3	
decompiler	CODE:6406	CODE:649e	LJMP 0xa7c3	533	write	EXTMEM	1	EXTMEM:04b2	0x4b2	mem[EXTMEM:04b2]
decompiler	CODE:6406	CODE:649e	LJMP 0xa7c3	533	read	EXTMEM	1	EXTMEM:04b2	0x4b2	
decompiler	CODE:6406	CODE:649e	LJMP 0xa7c3	560	write	EXTMEM	1	EXTMEM:04b3	0x4b3	mem[EXTMEM:04b3]
decompiler	CODE:6406	CODE:649e	LJMP 0xa7c3	560	read	EXTMEM	1	EXTMEM:04b3	0x4b3	
decompiler	CODE:6406	CODE:649e	LJMP 0xa7c3	587	write	EXTMEM	1	EXTMEM:0707	0x707	mem[EXTMEM:0707]
decompiler	CODE:6406	CODE:649e	LJMP 0xa7c3	587	read	EXTMEM	1	EXTMEM:0707	0x707	
decompiler	CODE:64a1	CODE:64a8	JNB 0xe6,0x64bf	12	read	EXTMEM	1	EXTMEM:03ec	0x3ec	
decompiler	CODE:64a1	CODE:64c3	JNB 0xe3,0x64cc	48	read	EXTMEM	1	EXTMEM:03ec	0x3ec	
decompiler	CODE:64a1	CODE:64d0	JNB 0xe7,0x64f0	731	read	EXTMEM	1	EXTMEM:03ec	0x3ec	
decompiler	CODE:64a1	CODE:652b	JNB 0xe0,0x653a	290	read	EXTMEM	1	EXTMEM:03ec	0x3ec	
decompiler	CODE:64a1	CODE:6534	MOVX A,@DPTR	305	read	EXTMEM	1	INDIRECT(MULTIEQUAL(INDIRECT(0x5a,0x10b),0x3ec),0x12f)		
decompiler	CODE:64a1	CODE:653a	RET	621	write	INTMEM	1	INTMEM:b9	0xb9	mem[INTMEM:b9]
decompiler	CODE:64a1	CODE:653a	RET	621	read	INTMEM	1	INTMEM:b9	0xb9	
decompiler	CODE:64a1	CODE:653a	RET	646	write	EXTMEM	1	EXTMEM:03a3	0x3a3	mem[EXTMEM:03a3]
decompiler	CODE:64a1	CODE:653a	RET	646	read	EXTMEM	1	EXTMEM:03a3	0x3a3	
decompiler	CODE:64a1	CODE:653a	RET	671	write	EXTMEM	1	EXTMEM:03ec	0x3ec	mem[EXTMEM:03ec]
decompiler	CODE:64a1	CODE:653a	RET	671	read	EXTMEM	1	EXTMEM:03ec	0x3ec	
decompiler	CODE:653b	CODE:654c	JNZ 0x6552	23	read	EXTMEM	1	EXTMEM:04aa	0x4aa	
decompiler	CODE:653b	CODE:654c	JNZ 0x6552	263	read	EXTMEM	1	EXTMEM:04aa	0x4aa	
decompiler	CODE:653b	CODE:6560	JNZ 0x6566	58	read	EXTMEM	1	EXTMEM:04aa	0x4aa	
decompiler	CODE:653b	CODE:6560	JNZ 0x6566	262	read	EXTMEM	1	EXTMEM:04aa	0x4aa	
decompiler	CODE:653b	CODE:6574	JNZ 0x657a	75	read	EXTMEM	1	EXTMEM:04aa	0x4aa	
decompiler	CODE:653b	CODE:6574	JNZ 0x657a	261	read	EXTMEM	1	EXTMEM:04aa	0x4aa	
decompiler	CODE:653b	CODE:6588	JNZ 0x658e	92	read	EXTMEM	1	EXTMEM:04aa	0x4aa	
decompiler	CODE:653b	CODE:6588	JNZ 0x658e	260	read	EXTMEM	1	EXTMEM:04aa	0x4aa	
decompiler	CODE:653b	CODE:659c	JNZ 0x65a2	109	read	EXTMEM	1	EXTMEM:04aa	0x4aa	
decompiler	CODE:653b	CODE:659c	JNZ 0x65a2	259	read	EXTMEM	1	EXTMEM:04aa	0x4aa	
decompiler	CODE:653b	CODE:65b0	JNZ 0x65b6	126	read	EXTMEM	1	EXTMEM:04aa	0x4aa	
decompiler	CODE:653b	CODE:65b0	JNZ 0x65b6	258	read	EXTMEM	1	EXTMEM:04aa	0x4aa	
decompiler	CODE:653b	CODE:65d0	LJMP 0x87aa	228	write	EXTMEM	1	EXTMEM:04aa	0x4aa	mem[EXTMEM:04aa]
decompiler	CODE:653b	CODE:65d0	LJMP 0x87aa	228	read	EXTMEM	1	EXTMEM:04aa	0x4aa	
decompiler	CODE:653b	CODE:65d0	LJMP 0x87aa	236	write	EXTMEM	1	EXTMEM:04ab	0x4ab	mem[EXTMEM:04ab]
decompiler	CODE:653b	CODE:65d0	LJMP 0x87aa	236	read	EXTMEM	1	EXTMEM:04ab	0x4ab	
decompiler	CODE:65d3	CODE:65e9	MOVX @DPTR,A	24	write	EXTMEM	1	EXTMEM:04b1	0x4b1	0x80
decompiler	CODE:65d3	CODE:6613	LCALL 0xadf3	186	write	INTMEM	1	INTMEM:03	0x3	mem[INTMEM:03]
decompiler	CODE:65d3	CODE:6613	LCALL 0xadf3	186	read	INTMEM	1	INTMEM:03	0x3	
decompiler	CODE:65d3	CODE:6613	LCALL 0xadf3	195	write	EXTMEM	1	EXTMEM:04ac	0x4ac	mem[EXTMEM:04ac]
decompiler	CODE:65d3	CODE:6613	LCALL 0xadf3	195	read	EXTMEM	1	EXTMEM:04ac	0x4ac	
decompiler	CODE:65d3	CODE:6613	LCALL 0xadf3	205	write	EXTMEM	1	EXTMEM:04ad	0x4ad	mem[EXTMEM:04ad]
decompiler	CODE:65d3	CODE:6613	LCALL 0xadf3	205	read	EXTMEM	1	EXTMEM:04ad	0x4ad	
decompiler	CODE:65d3	CODE:6613	LCALL 0xadf3	215	write	EXTMEM	1	EXTMEM:04b1	0x4b1	mem[EXTMEM:04b1]
decompiler	CODE:65d3	CODE:6613	LCALL 0xadf3	215	read	EXTMEM	1	EXTMEM:04b1	0x4b1	
decompiler	CODE:65d3	CODE:6613	LCALL 0xadf3	225	write	EXTMEM	1	EXTMEM:04b2	0x4b2	mem[EXTMEM:04b2]
decompiler	CODE:65d3	CODE:6613	LCALL 0xadf3	225	read	EXTMEM	1	EXTMEM:04b2	0x4b2	
decompiler	CODE:65d3	CODE:6624	LCALL 0x6221	248	read	EXTMEM	1	EXTMEM:04ac	0x4ac	
decompiler	CODE:65d3	CODE:6629	MOVX @DPTR,A	108	write	EXTMEM	1	PTRADD(INDIRECT(0x754,0x67),0x1,0x1)		INDIRECT(COPY(mem[EXTMEM:04ac]),0x67)
decompiler	CODE:65d3	CODE:662d	LCALL 0xadf3	187	write	INTMEM	1	INTMEM:03	0x3	mem[INTMEM:03]
decompiler	CODE:65d3	CODE:662d	LCALL 0xadf3	187	read	INTMEM	1	INTMEM:03	0x3	
decompiler	CODE:65d3	CODE:662d	LCALL 0xadf3	196	write	EXTMEM	1	EXTMEM:04ac	0x4ac	mem[EXTMEM:04ac]
decompiler	CODE:65d3	CODE:662d	LCALL 0xadf3	196	read	EXTMEM	1	EXTMEM:04ac	0x4ac	
decompiler	CODE:65d3	CODE:662d	LCALL 0xadf3	206	write	EXTMEM	1	EXTMEM:04ad	0x4ad	mem[EXTMEM:04ad]
decompiler	CODE:65d3	CODE:662d	LCALL 0xadf3	206	read	EXTMEM	1	EXTMEM:04ad	0x4ad	
decompiler	CODE:65d3	CODE:662d	LCALL 0xadf3	216	write	EXTMEM	1	EXTMEM:04b1	0x4b1	mem[EXTMEM:04b1]
decompiler	CODE:65d3	CODE:662d	LCALL 0xadf3	216	read	EXTMEM	1	EXTMEM:04b1	0x4b1	
decompiler	CODE:65d3	CODE:662d	LCALL 0xadf3	226	write	EXTMEM	1	EXTMEM:04b2	0x4b2	mem[EXTMEM:04b2]
decompiler	CODE:65d3	CODE:662d	LCALL 0xadf3	226	read	EXTMEM	1	EXTMEM:04b2	0x4b2	
decompiler	CODE:65d3	CODE:666a	RET	188	write	INTMEM	1	INTMEM:03	0x3	mem[INTMEM:03]
decompiler	CODE:65d3	CODE:666a	RET	188	read	INTMEM	1	INTMEM:03	0x3	
decompiler	CODE:65d3	CODE:666a	RET	197	write	EXTMEM	1	EXTMEM:04ac	0x4ac	mem[EXTMEM:04ac]
decompiler	CODE:65d3	CODE:666a	RET	197	read	EXTMEM	1	EXTMEM:04ac	0x4ac	
decompiler	CODE:65d3	CODE:666a	RET	207	write	EXTMEM	1	EXTMEM:04ad	0x4ad	mem[EXTMEM:04ad]
decompiler	CODE:65d3	CODE:666a	RET	207	read	EXTMEM	1	EXTMEM:04ad	0x4ad	
decompiler	CODE:65d3	CODE:666a	RET	217	write	EXTMEM	1	EXTMEM:04b1	0x4b1	mem[EXTMEM:04b1]
decompiler	CODE:65d3	CODE:666a	RET	217	read	EXTMEM	1	EXTMEM:04b1	0x4b1	
decompiler	CODE:65d3	CODE:666a	RET	227	write	EXTMEM	1	EXTMEM:04b2	0x4b2	mem[EXTMEM:04b2]
decompiler	CODE:65d3	CODE:666a	RET	227	read	EXTMEM	1	EXTMEM:04b2	0x4b2	
decompiler	CODE:666b	CODE:667d	MOVX @DPTR,A	27	write	EXTMEM	1	EXTMEM:04ca	0x4ca	0x0
decompiler	CODE:666b	CODE:6688	LCALL 0x8b2b	442	read	EXTMEM	1	EXTMEM:04ca	0x4ca	
decompiler	CODE:666b	CODE:668d	MOVX A,@DPTR	56	read	EXTMEM	1	CAST(PIECE(CALL(0xef75f008a42457f5,INT_SUB(mem[EXTMEM:04ca],0xc)),INDIRECT(0xca,0x35)))		
decompiler	CODE:666b	CODE:669c	MOVX A,@DPTR	100	read	EXTMEM	1	INDIRECT(CAST(PIECE(CALL(0xef75f008a42457f5,INT_SUB(mem[EXTMEM:04ca],0xc)),INT_ADD(INDIRECT(0xca,0x35),0x5))),0x62)		
decompiler	CODE:666b	CODE:66a4	MOVX A,@DPTR	108	read	EXTMEM	1	CAST(PIECE(MULTIEQUAL(INDIRECT(MULTIEQUAL(INDIRECT(INDIRECT((register, 0x6, 1),0xd),0x16),INDIRECT(INDIRECT((register, 0x6, 1),0x35),0x62)),0x35),INDIRECT(INDIRECT(MULTIEQUAL(INDIRECT((register, 0x6, 1),0x16),INDIRECT((register, 0x6, 1),0x62)),0x35),0x62)),MULTIEQUAL(INDIRECT(COPY(mem[EXTMEM:04ca]),0x35),INDIRECT(INDIRECT(COPY(mem[EXTMEM:04ca]),0x35),0x62))))		
decompiler	CODE:666b	CODE:66a9	INC @R0	114	read	INTMEM	1	INTMEM:0a	0xa	
decompiler	CODE:666b	CODE:66b3	MOVX @DPTR,A	125	write	EXTMEM	1	CAST(PIECE(MULTIEQUAL(INDIRECT(MULTIEQUAL(INDIRECT(INDIRECT((register, 0x6, 1),0xd),0x16),INDIRECT(INDIRECT((register, 0x6, 1),0x35),0x62)),0x35),INDIRECT(INDIRECT(MULTIEQUAL(INDIRECT((register, 0x6, 1),0x16),INDIRECT((register, 0x6, 1),0x62)),0x35),0x62)),MULTIEQUAL(INDIRECT(COPY(mem[EXTMEM:04ca]),0x35),INDIRECT(INDIRECT(COPY(mem[EXTMEM:04ca]),0x35),0x62))))		mem[EXTMEM:04c6]
decompiler	CODE:666b	CODE:66b3	MOVX @DPTR,A	125	read	EXTMEM	1	EXTMEM:04c6	0x4c6	
decompiler	CODE:666b	CODE:66b8	MOVX @DPTR,A	132	write	EXTMEM	1	PTRADD(CAST(PIECE(MULTIEQUAL(INDIRECT(MULTIEQUAL(INDIRECT((register, 0x6, 1),0x16),INDIRECT((register, 0x6, 1),0x62)),0x35),INDIRECT(INDIRECT(MULTIEQUAL((register, 0x6, 1),(register, 0x6, 1)),0x35),0x62)),MULTIEQUAL(INDIRECT(COPY(mem[EXTMEM:04ca]),0x35),INDIRECT(INDIRECT(COPY(mem[EXTMEM:04ca]),0x35),0x62)))),0x1,0x1)		mem[INTMEM:b3]
decompiler	CODE:666b	CODE:66b8	MOVX @DPTR,A	132	read	INTMEM	1	INTMEM:b3	0xb3	
decompiler	CODE:666b	CODE:66c6	MOVC A,@A+DPTR	181	read	CODE	1	CAST(PIECE(INT_SUB(0xb7,INT_SRIGHT(INT_LEFT(INT_LESS(0xea,CAST((unique, 0x10000003, 1))),0x7),0x7)),INT_ADD(INT_MULT(COPY(mem[EXTMEM:04c6]),0x2),0x15)))		
decompiler	CODE:666b	CODE:66ca	MOVC A,@A+DPTR	186	read	CODE	1	PTRADD(CAST(PIECE(INT_SUB(0xb7,INT_SRIGHT(INT_LEFT(INT_LESS(0xea,(unique, 0x10000012, 1)),0x7),0x7)),INT_ADD(INT_MULT(COPY(mem[EXTMEM:04c6]),0x2),0x15))),0x1,0x1)		
decompiler	CODE:666b	CODE:66d0	MOVX @DPTR,A	201	write	EXTMEM	1	PTRADD(INDIRECT(CAST(PIECE(INT_SUB(0xb7,INT_SRIGHT(INT_LEFT((unique, 0x0, 1),0x7),0x7)),INT_ADD(INT_MULT(COPY(mem[EXTMEM:04c6]),0x2),0x15))),0xc2),0x1,0x1)		INDIRECT(LOAD(0x211,CAST(PIECE(INT_SUB(0xb7,(unique, 0x10000004, 1)),INT_ADD((unique, 0x10000003, 1),0x15)))),0xc2)
decompiler	CODE:666b	CODE:66d3	MOVX @DPTR,A	206	write	EXTMEM	1	PTRADD(INDIRECT(CAST(PIECE(INT_SUB(0xb7,INT_SRIGHT(INT_LEFT((unique, 0x0, 1),0x7),0x7)),INT_ADD(INT_MULT(COPY(mem[EXTMEM:04c6]),0x2),0x15))),0xc2),0x2,0x1)		CALL(0x8f828e83a3a322ef,LOAD(0x211,PTRADD(CAST(PIECE((unique, 0x5200, 1),(register, 0xb, 1))),0x1,0x1)))
decompiler	CODE:666b	CODE:66d7	LCALL 0xadf3	378	write	INTMEM	1	INTMEM:0a	0xa	mem[INTMEM:0a]
decompiler	CODE:666b	CODE:66d7	LCALL 0xadf3	378	read	INTMEM	1	INTMEM:0a	0xa	
decompiler	CODE:666b	CODE:66d7	LCALL 0xadf3	389	write	INTMEM	1	INTMEM:b3	0xb3	mem[INTMEM:b3]
decompiler	CODE:666b	CODE:66d7	LCALL 0xadf3	389	read	INTMEM	1	INTMEM:b3	0xb3	
decompiler	CODE:666b	CODE:66d7	LCALL 0xadf3	399	write	EXTMEM	1	EXTMEM:04c6	0x4c6	mem[EXTMEM:04c6]
decompiler	CODE:666b	CODE:66d7	LCALL 0xadf3	399	read	EXTMEM	1	EXTMEM:04c6	0x4c6	
decompiler	CODE:666b	CODE:66d7	LCALL 0xadf3	413	write	EXTMEM	1	EXTMEM:04ca	0x4ca	mem[EXTMEM:04ca]
decompiler	CODE:666b	CODE:66d7	LCALL 0xadf3	413	read	EXTMEM	1	EXTMEM:04ca	0x4ca	
decompiler	CODE:666b	CODE:66fc	RET	379	write	INTMEM	1	INTMEM:0a	0xa	mem[INTMEM:0a]
decompiler	CODE:666b	CODE:66fc	RET	379	read	INTMEM	1	INTMEM:0a	0xa	
decompiler	CODE:666b	CODE:66fc	RET	390	write	INTMEM	1	INTMEM:b3	0xb3	mem[INTMEM:b3]
decompiler	CODE:666b	CODE:66fc	RET	390	read	INTMEM	1	INTMEM:b3	0xb3	
decompiler	CODE:666b	CODE:66fc	RET	400	write	EXTMEM	1	EXTMEM:04c6	0x4c6	mem[EXTMEM:04c6]
decompiler	CODE:666b	CODE:66fc	RET	400	read	EXTMEM	1	EXTMEM:04c6	0x4c6	
decompiler	CODE:666b	CODE:66fc	RET	414	write	EXTMEM	1	EXTMEM:04ca	0x4ca	mem[EXTMEM:04ca]
decompiler	CODE:666b	CODE:66fc	RET	414	read	EXTMEM	1	EXTMEM:04ca	0x4ca	
decompiler	CODE:66fd	CODE:6706	MOVX @DPTR,A	14	write	EXTMEM	1	EXTMEM:0553	0x553	INT_ADD(mem[EXTMEM:0553],0x1)
decompiler	CODE:66fd	CODE:670b	RET	357	write	INTMEM	1	INTMEM:07	0x7	mem[INTMEM:07]
decompiler	CODE:66fd	CODE:670b	RET	357	read	INTMEM	1	INTMEM:07	0x7	
decompiler	CODE:66fd	CODE:670b	RET	366	write	EXTMEM	1	EXTMEM:0553	0x553	mem[EXTMEM:0553]
decompiler	CODE:66fd	CODE:670b	RET	366	read	EXTMEM	1	EXTMEM:0553	0x553	
decompiler	CODE:66fd	CODE:670b	RET	377	write	EXTMEM	1	EXTMEM:0554	0x554	mem[EXTMEM:0554]
decompiler	CODE:66fd	CODE:670b	RET	377	read	EXTMEM	1	EXTMEM:0554	0x554	
decompiler	CODE:66fd	CODE:670b	RET	387	write	EXTMEM	1	EXTMEM:0555	0x555	mem[EXTMEM:0555]
decompiler	CODE:66fd	CODE:670b	RET	387	read	EXTMEM	1	EXTMEM:0555	0x555	
decompiler	CODE:66fd	CODE:670b	RET	397	write	EXTMEM	1	EXTMEM:0556	0x556	mem[EXTMEM:0556]
decompiler	CODE:66fd	CODE:670b	RET	397	read	EXTMEM	1	EXTMEM:0556	0x556	
decompiler	CODE:66fd	CODE:670b	RET	408	write	EXTMEM	1	EXTMEM:0557	0x557	mem[EXTMEM:0557]
decompiler	CODE:66fd	CODE:670b	RET	408	read	EXTMEM	1	EXTMEM:0557	0x557	
decompiler	CODE:66fd	CODE:670b	RET	418	write	EXTMEM	1	EXTMEM:0558	0x558	mem[EXTMEM:0558]
decompiler	CODE:66fd	CODE:670b	RET	418	read	EXTMEM	1	EXTMEM:0558	0x558	
decompiler	CODE:66fd	CODE:670b	RET	428	write	EXTMEM	1	EXTMEM:05de	0x5de	mem[EXTMEM:05de]
decompiler	CODE:66fd	CODE:670b	RET	428	read	EXTMEM	1	EXTMEM:05de	0x5de	
decompiler	CODE:66fd	CODE:6710	JNB 0xe0,0x671b	259	read	EXTMEM	1	EXTMEM:0553	0x553	
decompiler	CODE:66fd	CODE:671a	MOVX @DPTR,A	270	write	EXTMEM	1	EXTMEM:0556	0x556	0x1
decompiler	CODE:66fd	CODE:6721	JZ 0x6739	49	read	EXTMEM	1	EXTMEM:0556	0x556	
decompiler	CODE:66fd	CODE:6724	JZ 0x6761	52	read	EXTMEM	1	EXTMEM:0556	0x556	
decompiler	CODE:66fd	CODE:6727	JZ 0x677a	55	read	EXTMEM	1	EXTMEM:0556	0x556	
decompiler	CODE:66fd	CODE:672b	JNZ 0x678d	70	read	EXTMEM	1	EXTMEM:0556	0x556	
decompiler	CODE:66fd	CODE:6731	MOVX @DPTR,A	76	write	EXTMEM	1	EXTMEM:0554	0x554	(register, 0x7, 1)
decompiler	CODE:66fd	CODE:6737	MOVX @DPTR,A	81	write	EXTMEM	1	EXTMEM:0556	0x556	0x2
decompiler	CODE:66fd	CODE:6738	RET	358	write	INTMEM	1	INTMEM:07	0x7	mem[INTMEM:07]
decompiler	CODE:66fd	CODE:6738	RET	358	read	INTMEM	1	INTMEM:07	0x7	
decompiler	CODE:66fd	CODE:6738	RET	367	write	EXTMEM	1	EXTMEM:0553	0x553	mem[EXTMEM:0553]
decompiler	CODE:66fd	CODE:6738	RET	367	read	EXTMEM	1	EXTMEM:0553	0x553	
decompiler	CODE:66fd	CODE:6738	RET	378	write	EXTMEM	1	EXTMEM:0554	0x554	mem[EXTMEM:0554]
decompiler	CODE:66fd	CODE:6738	RET	378	read	EXTMEM	1	EXTMEM:0554	0x554	
decompiler	CODE:66fd	CODE:6738	RET	388	write	EXTMEM	1	EXTMEM:0555	0x555	mem[EXTMEM:0555]
decompiler	CODE:66fd	CODE:6738	RET	388	read	EXTMEM	1	EXTMEM:0555	0x555	
decompiler	CODE:66fd	CODE:6738	RET	398	write	EXTMEM	1	EXTMEM:0556	0x556	0x2
decompiler	CODE:66fd	CODE:6738	RET	398	read	EXTMEM	1	EXTMEM:0556	0x556	
decompiler	CODE:66fd	CODE:6738	RET	409	write	EXTMEM	1	EXTMEM:0557	0x557	mem[EXTMEM:0557]
decompiler	CODE:66fd	CODE:6738	RET	409	read	EXTMEM	1	EXTMEM:0557	0x557	
decompiler	CODE:66fd	CODE:6738	RET	419	write	EXTMEM	1	EXTMEM:0558	0x558	mem[EXTMEM:0558]
decompiler	CODE:66fd	CODE:6738	RET	419	read	EXTMEM	1	EXTMEM:0558	0x558	
decompiler	CODE:66fd	CODE:6738	RET	429	write	EXTMEM	1	EXTMEM:05de	0x5de	mem[EXTMEM:05de]
decompiler	CODE:66fd	CODE:6738	RET	429	read	EXTMEM	1	EXTMEM:05de	0x5de	
decompiler	CODE:66fd	CODE:6745	MOVX @DPTR,A	204	write	EXTMEM	1	EXTMEM:0555	0x555	(register, 0x7, 1)
decompiler	CODE:66fd	CODE:6749	MOVX @DPTR,A	208	write	EXTMEM	1	EXTMEM:05de	0x5de	(register, 0x7, 1)
decompiler	CODE:66fd	CODE:674f	MOVX @DPTR,A	213	write	EXTMEM	1	EXTMEM:0557	0x557	0x5
decompiler	CODE:66fd	CODE:6753	MOVX @DPTR,A	218	write	EXTMEM	1	EXTMEM:0558	0x558	0x5c
decompiler	CODE:66fd	CODE:6759	MOVX @DPTR,A	238	write	EXTMEM	1	EXTMEM:0554	0x554	INT_ADD(mem[EXTMEM:0554],(register, 0x7, 1))
decompiler	CODE:66fd	CODE:675f	MOVX @DPTR,A	243	write	EXTMEM	1	EXTMEM:0556	0x556	0x3
decompiler	CODE:66fd	CODE:6760	RET	361	write	INTMEM	1	INTMEM:07	0x7	mem[INTMEM:07]
decompiler	CODE:66fd	CODE:6760	RET	361	read	INTMEM	1	INTMEM:07	0x7	
decompiler	CODE:66fd	CODE:6760	RET	370	write	EXTMEM	1	EXTMEM:0553	0x553	mem[EXTMEM:0553]
decompiler	CODE:66fd	CODE:6760	RET	370	read	EXTMEM	1	EXTMEM:0553	0x553	
decompiler	CODE:66fd	CODE:6760	RET	381	write	EXTMEM	1	EXTMEM:0554	0x554	mem[EXTMEM:0554]
decompiler	CODE:66fd	CODE:6760	RET	381	read	EXTMEM	1	EXTMEM:0554	0x554	
decompiler	CODE:66fd	CODE:6760	RET	391	write	EXTMEM	1	EXTMEM:0555	0x555	mem[EXTMEM:0555]
decompiler	CODE:66fd	CODE:6760	RET	391	read	EXTMEM	1	EXTMEM:0555	0x555	
decompiler	CODE:66fd	CODE:6760	RET	401	write	EXTMEM	1	EXTMEM:0556	0x556	0x3
decompiler	CODE:66fd	CODE:6760	RET	401	read	EXTMEM	1	EXTMEM:0556	0x556	
decompiler	CODE:66fd	CODE:6760	RET	412	write	EXTMEM	1	EXTMEM:0557	0x557	0x5
decompiler	CODE:66fd	CODE:6760	RET	412	read	EXTMEM	1	EXTMEM:0557	0x557	
decompiler	CODE:66fd	CODE:6760	RET	422	write	EXTMEM	1	EXTMEM:0558	0x558	0x5c
decompiler	CODE:66fd	CODE:6760	RET	422	read	EXTMEM	1	EXTMEM:0558	0x558	
decompiler	CODE:66fd	CODE:6760	RET	432	write	EXTMEM	1	EXTMEM:05de	0x5de	mem[EXTMEM:05de]
decompiler	CODE:66fd	CODE:6760	RET	432	read	EXTMEM	1	EXTMEM:05de	0x5de	
decompiler	CODE:66fd	CODE:6768	MOVX @DPTR,A	139	write	EXTMEM	1	INDIRECT(0x557,0x87)		INDIRECT((register, 0x7, 1),0x87)
decompiler	CODE:66fd	CODE:676e	MOVX @DPTR,A	159	write	EXTMEM	1	EXTMEM:0554	0x554	INT_ADD(mem[EXTMEM:0554],INDIRECT((register, 0x7, 1),0x87))
decompiler	CODE:66fd	CODE:6772	MOVX @DPTR,A	167	write	EXTMEM	1	EXTMEM:0555	0x555	INT_ADD(mem[EXTMEM:0555],0xff)
decompiler	CODE:66fd	CODE:6778	MOVX @DPTR,A	174	write	EXTMEM	1	EXTMEM:0556	0x556	0x4
decompiler	CODE:66fd	CODE:6779	RET	360	write	INTMEM	1	INTMEM:07	0x7	mem[INTMEM:07]
decompiler	CODE:66fd	CODE:6779	RET	360	read	INTMEM	1	INTMEM:07	0x7	
decompiler	CODE:66fd	CODE:6779	RET	369	write	EXTMEM	1	EXTMEM:0553	0x553	mem[EXTMEM:0553]
decompiler	CODE:66fd	CODE:6779	RET	369	read	EXTMEM	1	EXTMEM:0553	0x553	
decompiler	CODE:66fd	CODE:6779	RET	380	write	EXTMEM	1	EXTMEM:0554	0x554	mem[EXTMEM:0554]
decompiler	CODE:66fd	CODE:6779	RET	380	read	EXTMEM	1	EXTMEM:0554	0x554	
decompiler	CODE:66fd	CODE:6779	RET	390	write	EXTMEM	1	EXTMEM:0555	0x555	mem[EXTMEM:0555]
decompiler	CODE:66fd	CODE:6779	RET	390	read	EXTMEM	1	EXTMEM:0555	0x555	
decompiler	CODE:66fd	CODE:6779	RET	400	write	EXTMEM	1	EXTMEM:0556	0x556	0x4
decompiler	CODE:66fd	CODE:6779	RET	400	read	EXTMEM	1	EXTMEM:0556	0x556	
decompiler	CODE:66fd	CODE:6779	RET	411	write	EXTMEM	1	EXTMEM:0557	0x557	mem[EXTMEM:0557]
decompiler	CODE:66fd	CODE:6779	RET	411	read	EXTMEM	1	EXTMEM:0557	0x557	
decompiler	CODE:66fd	CODE:6779	RET	421	write	EXTMEM	1	EXTMEM:0558	0x558	mem[EXTMEM:0558]
decompiler	CODE:66fd	CODE:6779	RET	421	read	EXTMEM	1	EXTMEM:0558	0x558	
decompiler	CODE:66fd	CODE:6779	RET	431	write	EXTMEM	1	EXTMEM:05de	0x5de	mem[EXTMEM:05de]
decompiler	CODE:66fd	CODE:6779	RET	431	read	EXTMEM	1	EXTMEM:05de	0x5de	
decompiler	CODE:66fd	CODE:677e	CJNE A,0x07,0x6788	110	read	EXTMEM	1	EXTMEM:0554	0x554	
decompiler	CODE:66fd	CODE:677e	CJNE A,0x07,0x6788	110	read	INTMEM	1	INTMEM:07	0x7	
decompiler	CODE:66fd	CODE:678d	RET	359	write	INTMEM	1	INTMEM:07	0x7	mem[INTMEM:07]
decompiler	CODE:66fd	CODE:678d	RET	359	read	INTMEM	1	INTMEM:07	0x7	
decompiler	CODE:66fd	CODE:678d	RET	363	write	INTMEM	1	INTMEM:07	0x7	mem[INTMEM:07]
decompiler	CODE:66fd	CODE:678d	RET	363	read	INTMEM	1	INTMEM:07	0x7	
decompiler	CODE:66fd	CODE:678d	RET	368	write	EXTMEM	1	EXTMEM:0553	0x553	mem[EXTMEM:0553]
decompiler	CODE:66fd	CODE:678d	RET	368	read	EXTMEM	1	EXTMEM:0553	0x553	
decompiler	CODE:66fd	CODE:678d	RET	373	write	EXTMEM	1	EXTMEM:0553	0x553	mem[EXTMEM:0553]
decompiler	CODE:66fd	CODE:678d	RET	373	read	EXTMEM	1	EXTMEM:0553	0x553	
decompiler	CODE:66fd	CODE:678d	RET	379	write	EXTMEM	1	EXTMEM:0554	0x554	mem[EXTMEM:0554]
decompiler	CODE:66fd	CODE:678d	RET	379	read	EXTMEM	1	EXTMEM:0554	0x554	
decompiler	CODE:66fd	CODE:678d	RET	384	write	EXTMEM	1	EXTMEM:0554	0x554	mem[EXTMEM:0554]
decompiler	CODE:66fd	CODE:678d	RET	384	read	EXTMEM	1	EXTMEM:0554	0x554	
decompiler	CODE:66fd	CODE:678d	RET	389	write	EXTMEM	1	EXTMEM:0555	0x555	mem[EXTMEM:0555]
decompiler	CODE:66fd	CODE:678d	RET	389	read	EXTMEM	1	EXTMEM:0555	0x555	
decompiler	CODE:66fd	CODE:678d	RET	394	write	EXTMEM	1	EXTMEM:0555	0x555	mem[EXTMEM:0555]
decompiler	CODE:66fd	CODE:678d	RET	394	read	EXTMEM	1	EXTMEM:0555	0x555	
decompiler	CODE:66fd	CODE:678d	RET	399	write	EXTMEM	1	EXTMEM:0556	0x556	0x0
decompiler	CODE:66fd	CODE:678d	RET	399	read	EXTMEM	1	EXTMEM:0556	0x556	
decompiler	CODE:66fd	CODE:678d	RET	404	write	EXTMEM	1	EXTMEM:0556	0x556	0x0
decompiler	CODE:66fd	CODE:678d	RET	410	write	EXTMEM	1	EXTMEM:0557	0x557	mem[EXTMEM:0557]
decompiler	CODE:66fd	CODE:678d	RET	410	read	EXTMEM	1	EXTMEM:0557	0x557	
decompiler	CODE:66fd	CODE:678d	RET	415	write	EXTMEM	1	EXTMEM:0557	0x557	mem[EXTMEM:0557]
decompiler	CODE:66fd	CODE:678d	RET	415	read	EXTMEM	1	EXTMEM:0557	0x557	
decompiler	CODE:66fd	CODE:678d	RET	420	write	EXTMEM	1	EXTMEM:0558	0x558	mem[EXTMEM:0558]
decompiler	CODE:66fd	CODE:678d	RET	420	read	EXTMEM	1	EXTMEM:0558	0x558	
decompiler	CODE:66fd	CODE:678d	RET	425	write	EXTMEM	1	EXTMEM:0558	0x558	mem[EXTMEM:0558]
decompiler	CODE:66fd	CODE:678d	RET	425	read	EXTMEM	1	EXTMEM:0558	0x558	
decompiler	CODE:66fd	CODE:678d	RET	430	write	EXTMEM	1	EXTMEM:05de	0x5de	mem[EXTMEM:05de]
decompiler	CODE:66fd	CODE:678d	RET	430	read	EXTMEM	1	EXTMEM:05de	0x5de	
decompiler	CODE:66fd	CODE:678d	RET	435	write	EXTMEM	1	EXTMEM:05de	0x5de	mem[EXTMEM:05de]
decompiler	CODE:66fd	CODE:678d	RET	435	read	EXTMEM	1	EXTMEM:05de	0x5de	
decompiler	CODE:66fd	CODE:678d	RET	458	write	INTMEM	1	INTMEM:07	0x7	mem[INTMEM:07]
decompiler	CODE:66fd	CODE:678d	RET	458	read	INTMEM	1	INTMEM:07	0x7	
decompiler	CODE:66fd	CODE:678d	RET	459	write	EXTMEM	1	EXTMEM:0553	0x553	mem[EXTMEM:0553]
decompiler	CODE:66fd	CODE:678d	RET	459	read	EXTMEM	1	EXTMEM:0553	0x553	
decompiler	CODE:66fd	CODE:678d	RET	460	write	EXTMEM	1	EXTMEM:0554	0x554	INT_ADD(mem[EXTMEM:0554],INDIRECT((register, 0x7, 1),0x87))
decompiler	CODE:66fd	CODE:678d	RET	461	write	EXTMEM	1	EXTMEM:0555	0x555	INT_ADD(mem[EXTMEM:0555],0xff)
decompiler	CODE:66fd	CODE:678d	RET	462	write	EXTMEM	1	EXTMEM:0556	0x556	mem[EXTMEM:0556]
decompiler	CODE:66fd	CODE:678d	RET	462	read	EXTMEM	1	EXTMEM:0556	0x556	
decompiler	CODE:66fd	CODE:678d	RET	463	write	EXTMEM	1	EXTMEM:0557	0x557	mem[EXTMEM:0557]
decompiler	CODE:66fd	CODE:678d	RET	463	read	EXTMEM	1	EXTMEM:0557	0x557	
decompiler	CODE:66fd	CODE:678d	RET	464	write	EXTMEM	1	EXTMEM:0558	0x558	mem[EXTMEM:0558]
decompiler	CODE:66fd	CODE:678d	RET	464	read	EXTMEM	1	EXTMEM:0558	0x558	
decompiler	CODE:66fd	CODE:678d	RET	465	write	EXTMEM	1	EXTMEM:05de	0x5de	mem[EXTMEM:05de]
decompiler	CODE:66fd	CODE:678d	RET	465	read	EXTMEM	1	EXTMEM:05de	0x5de	
decompiler	CODE:66fd	CODE:678d	RET	475	write	INTMEM	1	INTMEM:07	0x7	mem[INTMEM:07]
decompiler	CODE:66fd	CODE:678d	RET	475	read	INTMEM	1	INTMEM:07	0x7	
decompiler	CODE:66fd	CODE:678d	RET	476	write	EXTMEM	1	EXTMEM:0553	0x553	mem[EXTMEM:0553]
decompiler	CODE:66fd	CODE:678d	RET	476	read	EXTMEM	1	EXTMEM:0553	0x553	
decompiler	CODE:66fd	CODE:678d	RET	477	write	EXTMEM	1	EXTMEM:0554	0x554	mem[EXTMEM:0554]
decompiler	CODE:66fd	CODE:678d	RET	477	read	EXTMEM	1	EXTMEM:0554	0x554	
decompiler	CODE:66fd	CODE:678d	RET	478	write	EXTMEM	1	EXTMEM:0555	0x555	mem[EXTMEM:0555]
decompiler	CODE:66fd	CODE:678d	RET	478	read	EXTMEM	1	EXTMEM:0555	0x555	
decompiler	CODE:66fd	CODE:678d	RET	479	write	EXTMEM	1	EXTMEM:0556	0x556	mem[EXTMEM:0556]
decompiler	CODE:66fd	CODE:678d	RET	479	read	EXTMEM	1	EXTMEM:0556	0x556	
decompiler	CODE:66fd	CODE:678d	RET	480	write	EXTMEM	1	EXTMEM:0557	0x557	mem[EXTMEM:0557]
decompiler	CODE:66fd	CODE:678d	RET	480	read	EXTMEM	1	EXTMEM:0557	0x557	
decompiler	CODE:66fd	CODE:678d	RET	481	write	EXTMEM	1	EXTMEM:0558	0x558	mem[EXTMEM:0558]
decompiler	CODE:66fd	CODE:678d	RET	481	read	EXTMEM	1	EXTMEM:0558	0x558	
decompiler	CODE:66fd	CODE:678d	RET	482	write	EXTMEM	1	EXTMEM:05de	0x5de	mem[EXTMEM:05de]
decompiler	CODE:66fd	CODE:678d	RET	482	read	EXTMEM	1	EXTMEM:05de	0x5de	
decompiler	CODE:678e	CODE:679f	MOVX @DPTR,A	37	write	EXTMEM	1	INDIRECT(INDIRECT(INDIRECT(INDIRECT((register, 0x82, 2),0x7),0x10),0x18),0x21)		0x0
decompiler	CODE:678e	CODE:67a7	MOVX @DPTR,A	63	write	EXTMEM	1	INDIRECT(INDIRECT(INDIRECT(INDIRECT(INDIRECT((register, 0x82, 2),0x7),0x10),0x18),0x21),0x3b)		0x0
decompiler	CODE:678e	CODE:67af	MOVX @DPTR,A	83	write	EXTMEM	1	INDIRECT(INDIRECT(INDIRECT(INDIRECT(INDIRECT(INDIRECT(INDIRECT((register, 0x82, 2),0x7),0x10),0x18),0x21),0x3b),0x47),0x4f)		INDIRECT(INDIRECT(INDIRECT(INDIRECT(INDIRECT((register, 0x7, 1),0x18),0x21),0x3b),0x47),0x4f)
decompiler	CODE:678e	CODE:67f6	MOVC A,@A+DPTR	202	read	INTMEM	1	INTMEM:b3	0xb3	
decompiler	CODE:678e	CODE:67f6	MOVC A,@A+DPTR	204	read	CODE	1	PTRADD(0xb8f0,INT_ZEXT(mem[INTMEM:b3]),0x1)		
decompiler	CODE:678e	CODE:67f9	ANL 0xc3,A	249	read	SFR	1	SFR:c3	0xc3	
decompiler	CODE:678e	CODE:67f9	ANL 0xc3,A	250	read	SFR	1	SFR:c3	0xc3	
decompiler	CODE:678e	CODE:67fc	ORL 0xc1,A	247	read	SFR	1	SFR:c1	0xc1	
decompiler	CODE:678e	CODE:67fc	ORL 0xc1,A	248	read	SFR	1	SFR:c1	0xc1	
decompiler	CODE:678e	CODE:67fe	RET	377	write	INTMEM	1	INTMEM:b3	0xb3	mem[INTMEM:b3]
decompiler	CODE:678e	CODE:67fe	RET	377	read	INTMEM	1	INTMEM:b3	0xb3	
decompiler	CODE:6800	CODE:6811	MOVX @DPTR,A	23	write	EXTMEM	1	EXTMEM:04b4	0x4b4	0x2
decompiler	CODE:6800	CODE:6826	MOVX @DPTR,A	57	write	EXTMEM	1	EXTMEM:04b4	0x4b4	0x1
decompiler	CODE:6800	CODE:6875	LCALL 0xadf3	353	write	INTMEM	1	INTMEM:b3	0xb3	mem[INTMEM:b3]
decompiler	CODE:6800	CODE:6875	LCALL 0xadf3	353	read	INTMEM	1	INTMEM:b3	0xb3	
decompiler	CODE:6800	CODE:6875	LCALL 0xadf3	366	write	EXTMEM	1	EXTMEM:04b2	0x4b2	mem[EXTMEM:04b2]
decompiler	CODE:6800	CODE:6875	LCALL 0xadf3	366	read	EXTMEM	1	EXTMEM:04b2	0x4b2	
decompiler	CODE:6800	CODE:6875	LCALL 0xadf3	379	write	EXTMEM	1	EXTMEM:04b3	0x4b3	mem[EXTMEM:04b3]
decompiler	CODE:6800	CODE:6875	LCALL 0xadf3	379	read	EXTMEM	1	EXTMEM:04b3	0x4b3	
decompiler	CODE:6800	CODE:6875	LCALL 0xadf3	392	write	EXTMEM	1	EXTMEM:04b4	0x4b4	mem[EXTMEM:04b4]
decompiler	CODE:6800	CODE:6875	LCALL 0xadf3	392	read	EXTMEM	1	EXTMEM:04b4	0x4b4	
decompiler	CODE:6891	CODE:68a7	MOVX @DPTR,A	35	write	EXTMEM	1	EXTMEM:04ae	0x4ae	0x0
decompiler	CODE:6891	CODE:68ab	MOVX @DPTR,A	39	write	EXTMEM	1	EXTMEM:04a9	0x4a9	0x0
decompiler	CODE:6891	CODE:68c8	LCALL 0xad49	172	write	INTMEM	1	INTMEM:03	0x3	mem[INTMEM:03]
decompiler	CODE:6891	CODE:68c8	LCALL 0xad49	172	read	INTMEM	1	INTMEM:03	0x3	
decompiler	CODE:6891	CODE:68c8	LCALL 0xad49	181	write	INTMEM	1	INTMEM:07	0x7	mem[INTMEM:07]
decompiler	CODE:6891	CODE:68c8	LCALL 0xad49	181	read	INTMEM	1	INTMEM:07	0x7	
decompiler	CODE:6891	CODE:68c8	LCALL 0xad49	190	write	EXTMEM	1	EXTMEM:04a8	0x4a8	mem[EXTMEM:04a8]
decompiler	CODE:6891	CODE:68c8	LCALL 0xad49	190	read	EXTMEM	1	EXTMEM:04a8	0x4a8	
decompiler	CODE:6891	CODE:68c8	LCALL 0xad49	199	write	EXTMEM	1	EXTMEM:04a9	0x4a9	mem[EXTMEM:04a9]
decompiler	CODE:6891	CODE:68c8	LCALL 0xad49	199	read	EXTMEM	1	EXTMEM:04a9	0x4a9	
decompiler	CODE:6891	CODE:68c8	LCALL 0xad49	208	write	EXTMEM	1	EXTMEM:04ae	0x4ae	mem[EXTMEM:04ae]
decompiler	CODE:6891	CODE:68c8	LCALL 0xad49	208	read	EXTMEM	1	EXTMEM:04ae	0x4ae	
decompiler	CODE:6891	CODE:6919	LJMP 0x56a8	173	write	INTMEM	1	INTMEM:03	0x3	mem[INTMEM:03]
decompiler	CODE:6891	CODE:6919	LJMP 0x56a8	173	read	INTMEM	1	INTMEM:03	0x3	
decompiler	CODE:6891	CODE:6919	LJMP 0x56a8	182	write	INTMEM	1	INTMEM:07	0x7	mem[INTMEM:07]
decompiler	CODE:6891	CODE:6919	LJMP 0x56a8	182	read	INTMEM	1	INTMEM:07	0x7	
decompiler	CODE:6891	CODE:6919	LJMP 0x56a8	191	write	EXTMEM	1	EXTMEM:04a8	0x4a8	mem[EXTMEM:04a8]
decompiler	CODE:6891	CODE:6919	LJMP 0x56a8	191	read	EXTMEM	1	EXTMEM:04a8	0x4a8	
decompiler	CODE:6891	CODE:6919	LJMP 0x56a8	200	write	EXTMEM	1	EXTMEM:04a9	0x4a9	mem[EXTMEM:04a9]
decompiler	CODE:6891	CODE:6919	LJMP 0x56a8	200	read	EXTMEM	1	EXTMEM:04a9	0x4a9	
decompiler	CODE:6891	CODE:6919	LJMP 0x56a8	209	write	EXTMEM	1	EXTMEM:04ae	0x4ae	mem[EXTMEM:04ae]
decompiler	CODE:6891	CODE:6919	LJMP 0x56a8	209	read	EXTMEM	1	EXTMEM:04ae	0x4ae	
decompiler	CODE:691c	CODE:6937	RET	301	write	EXTMEM	1	EXTMEM:04ad	0x4ad	mem[EXTMEM:04ad]
decompiler	CODE:691c	CODE:6937	RET	301	read	EXTMEM	1	EXTMEM:04ad	0x4ad	
decompiler	CODE:691c	CODE:6937	RET	310	write	EXTMEM	1	EXTMEM:04ae	0x4ae	mem[EXTMEM:04ae]
decompiler	CODE:691c	CODE:6937	RET	310	read	EXTMEM	1	EXTMEM:04ae	0x4ae	
decompiler	CODE:691c	CODE:6937	RET	319	write	EXTMEM	1	EXTMEM:04af	0x4af	mem[EXTMEM:04af]
decompiler	CODE:691c	CODE:6937	RET	319	read	EXTMEM	1	EXTMEM:04af	0x4af	
decompiler	CODE:691c	CODE:6937	RET	328	write	EXTMEM	1	EXTMEM:04b0	0x4b0	mem[EXTMEM:04b0]
decompiler	CODE:691c	CODE:6937	RET	328	read	EXTMEM	1	EXTMEM:04b0	0x4b0	
decompiler	CODE:691c	CODE:693c	MOVX @DPTR,A	46	write	EXTMEM	1	EXTMEM:04b0	0x4b0	0x0
decompiler	CODE:691c	CODE:696f	MOVX @DPTR,A	94	write	EXTMEM	1	EXTMEM:04b0	0x4b0	0x3
decompiler	CODE:691c	CODE:698b	MOVX @DPTR,A	141	write	EXTMEM	1	EXTMEM:04b0	0x4b0	0x2
decompiler	CODE:691c	CODE:699c	MOVX @DPTR,A	160	write	EXTMEM	1	EXTMEM:04b0	0x4b0	0x1
decompiler	CODE:691c	CODE:69a0	MOVX A,@DPTR	99	read	EXTMEM	1	EXTMEM:04b0	0x4b0	
decompiler	CODE:691c	CODE:69a2	RET	302	write	EXTMEM	1	EXTMEM:04ad	0x4ad	mem[EXTMEM:04ad]
decompiler	CODE:691c	CODE:69a2	RET	302	read	EXTMEM	1	EXTMEM:04ad	0x4ad	
decompiler	CODE:691c	CODE:69a2	RET	311	write	EXTMEM	1	EXTMEM:04ae	0x4ae	mem[EXTMEM:04ae]
decompiler	CODE:691c	CODE:69a2	RET	311	read	EXTMEM	1	EXTMEM:04ae	0x4ae	
decompiler	CODE:691c	CODE:69a2	RET	320	write	EXTMEM	1	EXTMEM:04af	0x4af	mem[EXTMEM:04af]
decompiler	CODE:691c	CODE:69a2	RET	320	read	EXTMEM	1	EXTMEM:04af	0x4af	
decompiler	CODE:691c	CODE:69a2	RET	329	write	EXTMEM	1	EXTMEM:04b0	0x4b0	mem[EXTMEM:04b0]
decompiler	CODE:691c	CODE:69a2	RET	329	read	EXTMEM	1	EXTMEM:04b0	0x4b0	
decompiler	CODE:69a3	CODE:69f5	CJNE A,#0x3,0x69fc	153	read	INTMEM	1	INTMEM:cc	0xcc	
decompiler	CODE:69a3	CODE:6a16	MOVX @DPTR,A	125	write	EXTMEM	1	EXTMEM:04a8	0x4a8	0x7
decompiler	CODE:69a3	CODE:6a26	RET	401	write	INTMEM	1	INTMEM:cc	0xcc	mem[INTMEM:cc]
decompiler	CODE:69a3	CODE:6a26	RET	401	read	INTMEM	1	INTMEM:cc	0xcc	
decompiler	CODE:69a3	CODE:6a26	RET	404	write	INTMEM	1	INTMEM:cc	0xcc	mem[INTMEM:cc]
decompiler	CODE:69a3	CODE:6a26	RET	404	read	INTMEM	1	INTMEM:cc	0xcc	
decompiler	CODE:69a3	CODE:6a26	RET	417	write	INTMEM	1	INTMEM:cd	0xcd	mem[INTMEM:cd]
decompiler	CODE:69a3	CODE:6a26	RET	417	read	INTMEM	1	INTMEM:cd	0xcd	
decompiler	CODE:69a3	CODE:6a26	RET	420	write	INTMEM	1	INTMEM:cd	0xcd	mem[INTMEM:cd]
decompiler	CODE:69a3	CODE:6a26	RET	420	read	INTMEM	1	INTMEM:cd	0xcd	
decompiler	CODE:69a3	CODE:6a26	RET	433	write	EXTMEM	1	EXTMEM:04a8	0x4a8	mem[EXTMEM:04a8]
decompiler	CODE:69a3	CODE:6a26	RET	433	read	EXTMEM	1	EXTMEM:04a8	0x4a8	
decompiler	CODE:69a3	CODE:6a26	RET	436	write	EXTMEM	1	EXTMEM:04a8	0x4a8	mem[EXTMEM:04a8]
decompiler	CODE:69a3	CODE:6a26	RET	436	read	EXTMEM	1	EXTMEM:04a8	0x4a8	
decompiler	CODE:69a3	CODE:6a26	RET	471	write	INTMEM	1	INTMEM:cc	0xcc	mem[INTMEM:cc]
decompiler	CODE:69a3	CODE:6a26	RET	471	read	INTMEM	1	INTMEM:cc	0xcc	
decompiler	CODE:69a3	CODE:6a26	RET	472	write	INTMEM	1	INTMEM:cd	0xcd	mem[INTMEM:cd]
decompiler	CODE:69a3	CODE:6a26	RET	472	read	INTMEM	1	INTMEM:cd	0xcd	
decompiler	CODE:69a3	CODE:6a26	RET	473	write	EXTMEM	1	EXTMEM:04a8	0x4a8	(register, 0x5, 1)
decompiler	CODE:6a27	CODE:6a3f	MOVX @DPTR,A	34	write	EXTMEM	1	EXTMEM:04a9	0x4a9	0x0
decompiler	CODE:6a27	CODE:6a42	MOVX @DPTR,A	39	write	EXTMEM	1	EXTMEM:04aa	0x4aa	mem[EXTMEM:04a8]
decompiler	CODE:6a27	CODE:6a42	MOVX @DPTR,A	39	read	EXTMEM	1	EXTMEM:04a8	0x4a8	
decompiler	CODE:6a27	CODE:6a50	CJNE A,#0x3,0x6a5b	59	read	EXTMEM	1	EXTMEM:04a8	0x4a8	
decompiler	CODE:6a27	CODE:6a5f	CJNE A,#0x4,0x6a6a	130	read	EXTMEM	1	EXTMEM:04a8	0x4a8	
decompiler	CODE:6a27	CODE:6a70	CJNE A,#0x6,0x6a79	145	read	EXTMEM	1	EXTMEM:04a8	0x4a8	
decompiler	CODE:6a27	CODE:6a88	MOVX @DPTR,A	167	write	EXTMEM	1	EXTMEM:04d6	0x4d6	mem[EXTMEM:04a9]
decompiler	CODE:6a27	CODE:6a88	MOVX @DPTR,A	167	read	EXTMEM	1	EXTMEM:04a9	0x4a9	
decompiler	CODE:6a27	CODE:6a8b	MOVX @DPTR,A	172	write	EXTMEM	1	EXTMEM:04d7	0x4d7	mem[EXTMEM:04aa]
decompiler	CODE:6a27	CODE:6a8b	MOVX @DPTR,A	172	read	EXTMEM	1	EXTMEM:04aa	0x4aa	
decompiler	CODE:6a27	CODE:6a9b	CJNE A,#0x1,0x6aaa	91	read	INTMEM	1	INTMEM:b3	0xb3	
decompiler	CODE:6a27	CODE:6aa2	CJNE A,#0x6,0x6aaa	101	read	EXTMEM	1	EXTMEM:04a8	0x4a8	
decompiler	CODE:6a27	CODE:6aa5	CLR 0x0d	103	write	BITS	1	BITS:0d	0xd	0x0
decompiler	CODE:6a27	CODE:6aaa	RET	272	write	INTMEM	1	INTMEM:b3	0xb3	mem[INTMEM:b3]
decompiler	CODE:6a27	CODE:6aaa	RET	272	read	INTMEM	1	INTMEM:b3	0xb3	
decompiler	CODE:6a27	CODE:6aaa	RET	280	write	EXTMEM	1	EXTMEM:04a8	0x4a8	mem[EXTMEM:04a8]
decompiler	CODE:6a27	CODE:6aaa	RET	280	read	EXTMEM	1	EXTMEM:04a8	0x4a8	
decompiler	CODE:6a27	CODE:6aaa	RET	288	write	EXTMEM	1	EXTMEM:04a9	0x4a9	mem[EXTMEM:04a9]
decompiler	CODE:6a27	CODE:6aaa	RET	288	read	EXTMEM	1	EXTMEM:04a9	0x4a9	
decompiler	CODE:6a27	CODE:6aaa	RET	296	write	EXTMEM	1	EXTMEM:04aa	0x4aa	mem[EXTMEM:04aa]
decompiler	CODE:6a27	CODE:6aaa	RET	296	read	EXTMEM	1	EXTMEM:04aa	0x4aa	
decompiler	CODE:6a27	CODE:6aaa	RET	304	write	EXTMEM	1	EXTMEM:04d6	0x4d6	mem[EXTMEM:04d6]
decompiler	CODE:6a27	CODE:6aaa	RET	304	read	EXTMEM	1	EXTMEM:04d6	0x4d6	
decompiler	CODE:6a27	CODE:6aaa	RET	313	write	EXTMEM	1	EXTMEM:04d7	0x4d7	mem[EXTMEM:04d7]
decompiler	CODE:6a27	CODE:6aaa	RET	313	read	EXTMEM	1	EXTMEM:04d7	0x4d7	
decompiler	CODE:6a27	CODE:6aaa	RET	322	write	BITS	1	BITS:0d	0xd	mem[BITS:0d]
decompiler	CODE:6a27	CODE:6aaa	RET	322	read	BITS	1	BITS:0d	0xd	
decompiler	CODE:6aab	CODE:6ad6	MOV @R0,A	94	write	INTMEM	1	INTMEM:99	0x99	mem[EXTMEM:0af8]
decompiler	CODE:6aab	CODE:6ad6	MOV @R0,A	94	read	EXTMEM	1	EXTMEM:0af8	0xaf8	
decompiler	CODE:6aab	CODE:6ada	MOV @R0,A	99	write	INTMEM	1	INTMEM:9a	0x9a	mem[EXTMEM:0af9]
decompiler	CODE:6aab	CODE:6ada	MOV @R0,A	99	read	EXTMEM	1	EXTMEM:0af9	0xaf9	
decompiler	CODE:6aab	CODE:6aea	MOV @R0,0x07	143	write	INTMEM	1	INTMEM:9b	0x9b	mem[INTMEM:07]
decompiler	CODE:6aab	CODE:6aea	MOV @R0,0x07	143	read	INTMEM	1	INTMEM:07	0x7	
decompiler	CODE:6aab	CODE:6b03	LCALL 0x7d83	594	read	EXTMEM	1	EXTMEM:0af4	0xaf4	
decompiler	CODE:6aab	CODE:6b12	MOVX @DPTR,A	193	write	EXTMEM	1	CAST(INT_ADD(INDIRECT(0x4d6,0xbc),0x1))		INDIRECT(INDIRECT(0x0,0xb1),0xbc)
decompiler	CODE:6aab	CODE:6b15	MOVX @DPTR,A	198	write	EXTMEM	1	CAST(INT_ADD(INDIRECT(0x4d6,0xbc),0x2))		INDIRECT(INDIRECT(COPY(mem[EXTMEM:0af4]),0xb1),0xbc)
decompiler	CODE:6aab	CODE:6b1e	MOVX @DPTR,A	212	write	EXTMEM	1	CAST(INT_ADD(INDIRECT(0x4d6,0xbc),0x3))		mem[INTMEM:99]
decompiler	CODE:6aab	CODE:6b1e	MOVX @DPTR,A	212	read	INTMEM	1	INTMEM:99	0x99	
decompiler	CODE:6aab	CODE:6b21	MOVX @DPTR,A	217	write	EXTMEM	1	CAST(INT_ADD(INDIRECT(0x4d6,0xbc),0x4))		mem[INTMEM:9a]
decompiler	CODE:6aab	CODE:6b21	MOVX @DPTR,A	217	read	INTMEM	1	INTMEM:9a	0x9a	
decompiler	CODE:6aab	CODE:6b25	CLR 0x11	226	write	BITS	1	BITS:11	0x11	0x0
decompiler	CODE:6aab	CODE:6b27	RET	430	write	INTMEM	1	INTMEM:07	0x7	mem[INTMEM:07]
decompiler	CODE:6aab	CODE:6b27	RET	430	read	INTMEM	1	INTMEM:07	0x7	
decompiler	CODE:6aab	CODE:6b27	RET	447	write	INTMEM	1	INTMEM:99	0x99	mem[INTMEM:99]
decompiler	CODE:6aab	CODE:6b27	RET	447	read	INTMEM	1	INTMEM:99	0x99	
decompiler	CODE:6aab	CODE:6b27	RET	464	write	INTMEM	1	INTMEM:9a	0x9a	mem[INTMEM:9a]
decompiler	CODE:6aab	CODE:6b27	RET	464	read	INTMEM	1	INTMEM:9a	0x9a	
decompiler	CODE:6aab	CODE:6b27	RET	481	write	INTMEM	1	INTMEM:9b	0x9b	mem[INTMEM:9b]
decompiler	CODE:6aab	CODE:6b27	RET	481	read	INTMEM	1	INTMEM:9b	0x9b	
decompiler	CODE:6aab	CODE:6b27	RET	498	write	EXTMEM	1	EXTMEM:0af4	0xaf4	mem[EXTMEM:0af4]
decompiler	CODE:6aab	CODE:6b27	RET	498	read	EXTMEM	1	EXTMEM:0af4	0xaf4	
decompiler	CODE:6aab	CODE:6b27	RET	519	write	EXTMEM	1	EXTMEM:0af8	0xaf8	mem[EXTMEM:0af8]
decompiler	CODE:6aab	CODE:6b27	RET	519	read	EXTMEM	1	EXTMEM:0af8	0xaf8	
decompiler	CODE:6aab	CODE:6b27	RET	540	write	EXTMEM	1	EXTMEM:0af9	0xaf9	mem[EXTMEM:0af9]
decompiler	CODE:6aab	CODE:6b27	RET	540	read	EXTMEM	1	EXTMEM:0af9	0xaf9	
decompiler	CODE:6aab	CODE:6b27	RET	561	write	BITS	1	BITS:11	0x11	0x0
decompiler	CODE:6aab	CODE:6b27	RET	561	read	BITS	1	BITS:11	0x11	
decompiler	CODE:6ba4	CODE:6bbb	MOVC A,@A+DPTR	60	read	CODE	1	CAST(PIECE(INT_SUB(0xb8,INT_SRIGHT(INT_LEFT(INT_LESS(0xc8,CAST((unique, 0x10000000, 1))),0x7),0x7)),INT_ADD(INT_MULT(mem[INTMEM:cc],0x2),0x37)))		
decompiler	CODE:6ba4	CODE:6bbf	MOVC A,@A+DPTR	65	read	CODE	1	PTRADD(CAST(PIECE(INT_SUB(0xb8,INT_SRIGHT(INT_LEFT(INT_LESS(0xc8,(unique, 0x10000009, 1)),0x7),0x7)),INT_ADD(INT_MULT(mem[INTMEM:cc],0x2),0x37))),0x1,0x1)		
decompiler	CODE:6ba4	CODE:6c18	LJMP 0xab68	324	write	INTMEM	1	INTMEM:cc	0xcc	mem[INTMEM:cc]
decompiler	CODE:6ba4	CODE:6c18	LJMP 0xab68	324	read	INTMEM	1	INTMEM:cc	0xcc	
decompiler	CODE:6ba4	CODE:6c18	LJMP 0xab68	333	write	EXTMEM	1	EXTMEM:04a8	0x4a8	mem[EXTMEM:04a8]
decompiler	CODE:6ba4	CODE:6c18	LJMP 0xab68	333	read	EXTMEM	1	EXTMEM:04a8	0x4a8	
decompiler	CODE:6ba4	CODE:6c18	LJMP 0xab68	342	write	EXTMEM	1	EXTMEM:04a9	0x4a9	mem[EXTMEM:04a9]
decompiler	CODE:6ba4	CODE:6c18	LJMP 0xab68	342	read	EXTMEM	1	EXTMEM:04a9	0x4a9	
decompiler	CODE:6ba4	CODE:6c18	LJMP 0xab68	351	write	EXTMEM	1	EXTMEM:04aa	0x4aa	mem[EXTMEM:04aa]
decompiler	CODE:6ba4	CODE:6c18	LJMP 0xab68	351	read	EXTMEM	1	EXTMEM:04aa	0x4aa	
decompiler	CODE:6ba4	CODE:6c18	LJMP 0xab68	360	write	EXTMEM	1	EXTMEM:04ab	0x4ab	mem[EXTMEM:04ab]
decompiler	CODE:6ba4	CODE:6c18	LJMP 0xab68	360	read	EXTMEM	1	EXTMEM:04ab	0x4ab	
decompiler	CODE:6c1b	CODE:6c2c	MOVX @DPTR,A	47	write	EXTMEM	1	(register, 0x82, 2)		0x1
decompiler	CODE:6c1b	CODE:6c2f	MOVX @DPTR,A	52	write	EXTMEM	1	PTRADD((register, 0x82, 2),0x1,0x1)		INT_ADD(INT_SUB(SUBPIECE(INT_RIGHT(INT_MULT((unique, 0xc500, 2),0x19),0x8),0x0),INT_SRIGHT(INT_LEFT(INT_LESS(0x44,(register, 0xb, 1)),0x7),0x7)),0x6)
decompiler	CODE:6c1b	CODE:6c32	MOVX @DPTR,A	57	write	EXTMEM	1	PTRADD((register, 0x82, 2),0x2,0x1)		INT_ADD(SUBPIECE(INT_MULT(INT_ZEXT(mem[INTMEM:b3]),0x19),0x0),0xbb)
decompiler	CODE:6c1b	CODE:6c33	CLR 0x0d	58	write	BITS	1	BITS:0d	0xd	0x0
decompiler	CODE:6c1b	CODE:6c49	MOVX @DPTR,A	107	write	EXTMEM	1	EXTMEM:04b1	0x4b1	0x1
decompiler	CODE:6c1b	CODE:6c91	RET	386	write	INTMEM	1	INTMEM:b3	0xb3	mem[INTMEM:b3]
decompiler	CODE:6c1b	CODE:6c91	RET	386	read	INTMEM	1	INTMEM:b3	0xb3	
decompiler	CODE:6c1b	CODE:6c91	RET	395	write	EXTMEM	1	EXTMEM:04b1	0x4b1	mem[EXTMEM:04b1]
decompiler	CODE:6c1b	CODE:6c91	RET	395	read	EXTMEM	1	EXTMEM:04b1	0x4b1	
decompiler	CODE:6c1b	CODE:6c91	RET	407	write	EXTMEM	1	EXTMEM:04b2	0x4b2	mem[EXTMEM:04b2]
decompiler	CODE:6c1b	CODE:6c91	RET	407	read	EXTMEM	1	EXTMEM:04b2	0x4b2	
decompiler	CODE:6c1b	CODE:6c91	RET	419	write	EXTMEM	1	EXTMEM:04b3	0x4b3	mem[EXTMEM:04b3]
decompiler	CODE:6c1b	CODE:6c91	RET	419	read	EXTMEM	1	EXTMEM:04b3	0x4b3	
decompiler	CODE:6c1b	CODE:6c91	RET	431	write	BITS	1	BITS:0d	0xd	mem[BITS:0d]
decompiler	CODE:6c1b	CODE:6c91	RET	431	read	BITS	1	BITS:0d	0xd	
decompiler	CODE:6c35	CODE:6c49	MOVX @DPTR,A	48	write	EXTMEM	1	EXTMEM:04b1	0x4b1	0x1
decompiler	CODE:6c35	CODE:6c5e	JNB 0x0d,0x6c7e	75	read	BITS	1	BITS:0d	0xd	
decompiler	CODE:6c35	CODE:6c91	RET	326	write	INTMEM	1	INTMEM:b3	0xb3	mem[INTMEM:b3]
decompiler	CODE:6c35	CODE:6c91	RET	326	read	INTMEM	1	INTMEM:b3	0xb3	
decompiler	CODE:6c35	CODE:6c91	RET	335	write	EXTMEM	1	EXTMEM:04b1	0x4b1	mem[EXTMEM:04b1]
decompiler	CODE:6c35	CODE:6c91	RET	335	read	EXTMEM	1	EXTMEM:04b1	0x4b1	
decompiler	CODE:6c35	CODE:6c91	RET	344	write	EXTMEM	1	EXTMEM:04b2	0x4b2	mem[EXTMEM:04b2]
decompiler	CODE:6c35	CODE:6c91	RET	344	read	EXTMEM	1	EXTMEM:04b2	0x4b2	
decompiler	CODE:6c35	CODE:6c91	RET	353	write	EXTMEM	1	EXTMEM:04b3	0x4b3	mem[EXTMEM:04b3]
decompiler	CODE:6c35	CODE:6c91	RET	353	read	EXTMEM	1	EXTMEM:04b3	0x4b3	
decompiler	CODE:6c35	CODE:6c91	RET	362	write	BITS	1	BITS:0d	0xd	mem[BITS:0d]
decompiler	CODE:6c35	CODE:6c91	RET	362	read	BITS	1	BITS:0d	0xd	
decompiler	CODE:6c92	CODE:6c92	CLR 0x0c	0	write	BITS	1	BITS:0c	0xc	0x0
decompiler	CODE:6c92	CODE:6c97	MOVX A,@DPTR	10	read	EXTMEM	1	INDIRECT((register, 0x82, 2),0x8)		
decompiler	CODE:6c92	CODE:6cb7	MOVX @DPTR,A	77	write	EXTMEM	1	INDIRECT(INDIRECT(MULTIEQUAL(INDIRECT((register, 0x82, 2),0x8),INDIRECT((register, 0x82, 2),0x8),MULTIEQUAL(INDIRECT((register, 0x82, 2),0x8),INDIRECT(CAST(INT_ADD((register, 0x82, 2),0x1)),0xbe)),INDIRECT((register, 0x82, 2),0x8),INDIRECT(CAST(INT_ADD(PIECE((register, 0x4, 1),(register, 0x5, 1)),0x1)),0xbe)),0x41),0x49)		0x0
decompiler	CODE:6c92	CODE:6cb9	MOVX @DPTR,A	81	write	EXTMEM	1	PTRADD(INDIRECT(INDIRECT(MULTIEQUAL(INDIRECT((register, 0x82, 2),0x8),INDIRECT((register, 0x82, 2),0x8),MULTIEQUAL(INDIRECT((register, 0x82, 2),0x8),INDIRECT(CAST((unique, 0x1000000c, 2)),0xbe)),INDIRECT((register, 0x82, 2),0x8),INDIRECT(CAST(INT_ADD((register, 0x82, 2),0x1)),0xbe)),0x41),0x49),0x1,0x1)		0x0
decompiler	CODE:6c92	CODE:6cc1	MOVX @DPTR,A	89	write	EXTMEM	1	CAST(INT_ADD(PIECE(INDIRECT(INDIRECT(MULTIEQUAL(INDIRECT((register, 0x2, 1),0x8),INDIRECT((register, 0x2, 1),0x8),MULTIEQUAL((register, 0x2, 1),(register, 0x2, 1)),INDIRECT((register, 0x2, 1),0x8),INDIRECT((register, 0x2, 1),0xbe)),0x41),0x49),INDIRECT(INDIRECT(MULTIEQUAL(INDIRECT((register, 0x3, 1),0x8),INDIRECT((register, 0x3, 1),0x8),MULTIEQUAL((register, 0x3, 1),(register, 0x3, 1)),INDIRECT((register, 0x3, 1),0x8),INDIRECT((register, 0x3, 1),0xbe)),0x41),0x49)),0x3))		0x0
decompiler	CODE:6c92	CODE:6cc9	MOVX @DPTR,A	115	write	EXTMEM	1	INDIRECT(CAST(INT_ADD(PIECE(INDIRECT(INDIRECT(MULTIEQUAL((register, 0x2, 1),(register, 0x2, 1),(register, 0x2, 1),(register, 0x2, 1),(register, 0x2, 1)),0x41),0x49),INDIRECT(INDIRECT(MULTIEQUAL((register, 0x3, 1),(register, 0x3, 1),(register, 0x3, 1),(register, 0x3, 1),(register, 0x3, 1)),0x41),0x49)),0x3)),0x6f)		0x0
decompiler	CODE:6c92	CODE:6cd3	MOVX @DPTR,A	182	write	EXTMEM	1	CAST(INT_ADD(PIECE(INDIRECT((register, 0x4, 1),0x8),INDIRECT((register, 0x5, 1),0x8)),0x1))		0x1
decompiler	CODE:6c92	CODE:6ced	MOVX A,@DPTR	163	read	EXTMEM	1	PTRADD(INDIRECT(PTRADD(INDIRECT(MULTIEQUAL(INDIRECT((register, 0x82, 2),0x8),INDIRECT(CAST((unique, 0x1000000c, 2)),0xbe)),0x97),0x1,0x1),0xa0),0x1,0x1)		
decompiler	CODE:6c92	CODE:6cf6	SETB 0x0c	141	write	BITS	1	BITS:0c	0xc	0x1
decompiler	CODE:6c92	CODE:6d06	MOV CY,0x0c	485	write	BITS	1	BITS:0c	0xc	mem[BITS:0c]
decompiler	CODE:6c92	CODE:6d06	MOV CY,0x0c	485	read	BITS	1	BITS:0c	0xc	
decompiler	CODE:6c92	CODE:6d08	RET	479	write	BITS	1	BITS:0c	0xc	mem[BITS:0c]
decompiler	CODE:6c92	CODE:6d08	RET	479	read	BITS	1	BITS:0c	0xc	
decompiler	CODE:6c92	CODE:6d08	RET	522	write	BITS	1	BITS:0c	0xc	mem[BITS:0c]
decompiler	CODE:6c92	CODE:6d08	RET	522	read	BITS	1	BITS:0c	0xc	
decompiler	CODE:6d09	CODE:6d1c	JNB 0x02,0x6d75	44	read	BITS	1	BITS:02	0x2	
decompiler	CODE:6d09	CODE:6d37	JNZ 0x6d75	83	read	INTMEM	1	INTMEM:cc	0xcc	
decompiler	CODE:6d09	CODE:6d48	JNZ 0x6d75	112	read	EXTMEM	1	EXTMEM:0af4	0xaf4	
decompiler	CODE:6d09	CODE:6d4e	JNZ 0x6d75	118	read	EXTMEM	1	EXTMEM:0af2	0xaf2	
decompiler	CODE:6d09	CODE:6d63	JZ 0x6d6d	149	read	INTMEM	1	INTMEM:cd	0xcd	
decompiler	CODE:6d09	CODE:6d66	JNZ 0x6d75	152	read	INTMEM	1	INTMEM:cd	0xcd	
decompiler	CODE:6d09	CODE:6d74	RET	321	write	INTMEM	1	INTMEM:cc	0xcc	mem[INTMEM:cc]
decompiler	CODE:6d09	CODE:6d74	RET	321	read	INTMEM	1	INTMEM:cc	0xcc	
decompiler	CODE:6d09	CODE:6d74	RET	337	write	INTMEM	1	INTMEM:cd	0xcd	mem[INTMEM:cd]
decompiler	CODE:6d09	CODE:6d74	RET	337	read	INTMEM	1	INTMEM:cd	0xcd	
decompiler	CODE:6d09	CODE:6d74	RET	353	write	EXTMEM	1	EXTMEM:0af2	0xaf2	mem[EXTMEM:0af2]
decompiler	CODE:6d09	CODE:6d74	RET	353	read	EXTMEM	1	EXTMEM:0af2	0xaf2	
decompiler	CODE:6d09	CODE:6d74	RET	369	write	EXTMEM	1	EXTMEM:0af4	0xaf4	mem[EXTMEM:0af4]
decompiler	CODE:6d09	CODE:6d74	RET	369	read	EXTMEM	1	EXTMEM:0af4	0xaf4	
decompiler	CODE:6d09	CODE:6d74	RET	385	write	BITS	1	BITS:02	0x2	mem[BITS:02]
decompiler	CODE:6d09	CODE:6d74	RET	385	read	BITS	1	BITS:02	0x2	
decompiler	CODE:6d09	CODE:6d77	RET	320	write	INTMEM	1	INTMEM:cc	0xcc	mem[INTMEM:cc]
decompiler	CODE:6d09	CODE:6d77	RET	320	read	INTMEM	1	INTMEM:cc	0xcc	
decompiler	CODE:6d09	CODE:6d77	RET	336	write	INTMEM	1	INTMEM:cd	0xcd	mem[INTMEM:cd]
decompiler	CODE:6d09	CODE:6d77	RET	336	read	INTMEM	1	INTMEM:cd	0xcd	
decompiler	CODE:6d09	CODE:6d77	RET	352	write	EXTMEM	1	EXTMEM:0af2	0xaf2	mem[EXTMEM:0af2]
decompiler	CODE:6d09	CODE:6d77	RET	352	read	EXTMEM	1	EXTMEM:0af2	0xaf2	
decompiler	CODE:6d09	CODE:6d77	RET	368	write	EXTMEM	1	EXTMEM:0af4	0xaf4	mem[EXTMEM:0af4]
decompiler	CODE:6d09	CODE:6d77	RET	368	read	EXTMEM	1	EXTMEM:0af4	0xaf4	
decompiler	CODE:6d09	CODE:6d77	RET	384	write	BITS	1	BITS:02	0x2	mem[BITS:02]
decompiler	CODE:6d09	CODE:6d77	RET	384	read	BITS	1	BITS:02	0x2	
decompiler	CODE:6d09	CODE:6d77	RET	426	write	INTMEM	1	INTMEM:cc	0xcc	mem[INTMEM:cc]
decompiler	CODE:6d09	CODE:6d77	RET	426	read	INTMEM	1	INTMEM:cc	0xcc	
decompiler	CODE:6d09	CODE:6d77	RET	427	write	INTMEM	1	INTMEM:cd	0xcd	mem[INTMEM:cd]
decompiler	CODE:6d09	CODE:6d77	RET	427	read	INTMEM	1	INTMEM:cd	0xcd	
decompiler	CODE:6d09	CODE:6d77	RET	428	write	EXTMEM	1	EXTMEM:0af2	0xaf2	mem[EXTMEM:0af2]
decompiler	CODE:6d09	CODE:6d77	RET	428	read	EXTMEM	1	EXTMEM:0af2	0xaf2	
decompiler	CODE:6d09	CODE:6d77	RET	429	write	EXTMEM	1	EXTMEM:0af4	0xaf4	mem[EXTMEM:0af4]
decompiler	CODE:6d09	CODE:6d77	RET	429	read	EXTMEM	1	EXTMEM:0af4	0xaf4	
decompiler	CODE:6d09	CODE:6d77	RET	430	write	BITS	1	BITS:02	0x2	mem[BITS:02]
decompiler	CODE:6d09	CODE:6d77	RET	430	read	BITS	1	BITS:02	0x2	
decompiler	CODE:6d09	CODE:6d77	RET	437	write	INTMEM	1	INTMEM:cc	0xcc	mem[INTMEM:cc]
decompiler	CODE:6d09	CODE:6d77	RET	437	read	INTMEM	1	INTMEM:cc	0xcc	
decompiler	CODE:6d09	CODE:6d77	RET	438	write	INTMEM	1	INTMEM:cd	0xcd	mem[INTMEM:cd]
decompiler	CODE:6d09	CODE:6d77	RET	438	read	INTMEM	1	INTMEM:cd	0xcd	
decompiler	CODE:6d09	CODE:6d77	RET	439	write	EXTMEM	1	EXTMEM:0af2	0xaf2	mem[EXTMEM:0af2]
decompiler	CODE:6d09	CODE:6d77	RET	439	read	EXTMEM	1	EXTMEM:0af2	0xaf2	
decompiler	CODE:6d09	CODE:6d77	RET	440	write	EXTMEM	1	EXTMEM:0af4	0xaf4	mem[EXTMEM:0af4]
decompiler	CODE:6d09	CODE:6d77	RET	440	read	EXTMEM	1	EXTMEM:0af4	0xaf4	
decompiler	CODE:6d09	CODE:6d77	RET	441	write	BITS	1	BITS:02	0x2	mem[BITS:02]
decompiler	CODE:6d09	CODE:6d77	RET	441	read	BITS	1	BITS:02	0x2	
decompiler	CODE:6d09	CODE:6d77	RET	448	write	INTMEM	1	INTMEM:cc	0xcc	mem[INTMEM:cc]
decompiler	CODE:6d09	CODE:6d77	RET	448	read	INTMEM	1	INTMEM:cc	0xcc	
decompiler	CODE:6d09	CODE:6d77	RET	449	write	INTMEM	1	INTMEM:cd	0xcd	mem[INTMEM:cd]
decompiler	CODE:6d09	CODE:6d77	RET	449	read	INTMEM	1	INTMEM:cd	0xcd	
decompiler	CODE:6d09	CODE:6d77	RET	450	write	EXTMEM	1	EXTMEM:0af2	0xaf2	mem[EXTMEM:0af2]
decompiler	CODE:6d09	CODE:6d77	RET	450	read	EXTMEM	1	EXTMEM:0af2	0xaf2	
decompiler	CODE:6d09	CODE:6d77	RET	451	write	EXTMEM	1	EXTMEM:0af4	0xaf4	mem[EXTMEM:0af4]
decompiler	CODE:6d09	CODE:6d77	RET	451	read	EXTMEM	1	EXTMEM:0af4	0xaf4	
decompiler	CODE:6d09	CODE:6d77	RET	452	write	BITS	1	BITS:02	0x2	mem[BITS:02]
decompiler	CODE:6d09	CODE:6d77	RET	452	read	BITS	1	BITS:02	0x2	
decompiler	CODE:6d09	CODE:6d77	RET	459	write	INTMEM	1	INTMEM:cc	0xcc	mem[INTMEM:cc]
decompiler	CODE:6d09	CODE:6d77	RET	459	read	INTMEM	1	INTMEM:cc	0xcc	
decompiler	CODE:6d09	CODE:6d77	RET	460	write	INTMEM	1	INTMEM:cd	0xcd	mem[INTMEM:cd]
decompiler	CODE:6d09	CODE:6d77	RET	460	read	INTMEM	1	INTMEM:cd	0xcd	
decompiler	CODE:6d09	CODE:6d77	RET	461	write	EXTMEM	1	EXTMEM:0af2	0xaf2	mem[EXTMEM:0af2]
decompiler	CODE:6d09	CODE:6d77	RET	461	read	EXTMEM	1	EXTMEM:0af2	0xaf2	
decompiler	CODE:6d09	CODE:6d77	RET	462	write	EXTMEM	1	EXTMEM:0af4	0xaf4	mem[EXTMEM:0af4]
decompiler	CODE:6d09	CODE:6d77	RET	462	read	EXTMEM	1	EXTMEM:0af4	0xaf4	
decompiler	CODE:6d09	CODE:6d77	RET	463	write	BITS	1	BITS:02	0x2	mem[BITS:02]
decompiler	CODE:6d09	CODE:6d77	RET	463	read	BITS	1	BITS:02	0x2	
decompiler	CODE:6d09	CODE:6d77	RET	470	write	INTMEM	1	INTMEM:cc	0xcc	mem[INTMEM:cc]
decompiler	CODE:6d09	CODE:6d77	RET	470	read	INTMEM	1	INTMEM:cc	0xcc	
decompiler	CODE:6d09	CODE:6d77	RET	471	write	INTMEM	1	INTMEM:cd	0xcd	mem[INTMEM:cd]
decompiler	CODE:6d09	CODE:6d77	RET	471	read	INTMEM	1	INTMEM:cd	0xcd	
decompiler	CODE:6d09	CODE:6d77	RET	472	write	EXTMEM	1	EXTMEM:0af2	0xaf2	mem[EXTMEM:0af2]
decompiler	CODE:6d09	CODE:6d77	RET	472	read	EXTMEM	1	EXTMEM:0af2	0xaf2	
decompiler	CODE:6d09	CODE:6d77	RET	473	write	EXTMEM	1	EXTMEM:0af4	0xaf4	mem[EXTMEM:0af4]
decompiler	CODE:6d09	CODE:6d77	RET	473	read	EXTMEM	1	EXTMEM:0af4	0xaf4	
decompiler	CODE:6d09	CODE:6d77	RET	474	write	BITS	1	BITS:02	0x2	mem[BITS:02]
decompiler	CODE:6d09	CODE:6d77	RET	474	read	BITS	1	BITS:02	0x2	
decompiler	CODE:6d78	CODE:6dcd	CJNE A,0x04,0x6dda	122	read	INTMEM	1	INTMEM:04	0x4	
decompiler	CODE:6d78	CODE:6de4	RET	402	write	INTMEM	1	INTMEM:01	0x1	mem[INTMEM:01]
decompiler	CODE:6d78	CODE:6de4	RET	402	read	INTMEM	1	INTMEM:01	0x1	
decompiler	CODE:6d78	CODE:6de4	RET	403	write	INTMEM	1	INTMEM:01	0x1	mem[INTMEM:01]
decompiler	CODE:6d78	CODE:6de4	RET	403	read	INTMEM	1	INTMEM:01	0x1	
decompiler	CODE:6d78	CODE:6de4	RET	415	write	INTMEM	1	INTMEM:02	0x2	mem[INTMEM:02]
decompiler	CODE:6d78	CODE:6de4	RET	415	read	INTMEM	1	INTMEM:02	0x2	
decompiler	CODE:6d78	CODE:6de4	RET	416	write	INTMEM	1	INTMEM:02	0x2	mem[INTMEM:02]
decompiler	CODE:6d78	CODE:6de4	RET	416	read	INTMEM	1	INTMEM:02	0x2	
decompiler	CODE:6d78	CODE:6de4	RET	428	write	INTMEM	1	INTMEM:04	0x4	mem[INTMEM:04]
decompiler	CODE:6d78	CODE:6de4	RET	428	read	INTMEM	1	INTMEM:04	0x4	
decompiler	CODE:6d78	CODE:6de4	RET	429	write	INTMEM	1	INTMEM:04	0x4	mem[INTMEM:04]
decompiler	CODE:6d78	CODE:6de4	RET	429	read	INTMEM	1	INTMEM:04	0x4	
decompiler	CODE:6d78	CODE:6de4	RET	441	write	EXTMEM	1	EXTMEM:04af	0x4af	mem[EXTMEM:04af]
decompiler	CODE:6d78	CODE:6de4	RET	441	read	EXTMEM	1	EXTMEM:04af	0x4af	
decompiler	CODE:6d78	CODE:6de4	RET	442	write	EXTMEM	1	EXTMEM:04af	0x4af	mem[EXTMEM:04af]
decompiler	CODE:6d78	CODE:6de4	RET	442	read	EXTMEM	1	EXTMEM:04af	0x4af	
decompiler	CODE:6d78	CODE:6de4	RET	477	write	INTMEM	1	INTMEM:01	0x1	mem[INTMEM:01]
decompiler	CODE:6d78	CODE:6de4	RET	477	read	INTMEM	1	INTMEM:01	0x1	
decompiler	CODE:6d78	CODE:6de4	RET	478	write	INTMEM	1	INTMEM:02	0x2	mem[INTMEM:02]
decompiler	CODE:6d78	CODE:6de4	RET	478	read	INTMEM	1	INTMEM:02	0x2	
decompiler	CODE:6d78	CODE:6de4	RET	479	write	INTMEM	1	INTMEM:04	0x4	mem[INTMEM:04]
decompiler	CODE:6d78	CODE:6de4	RET	479	read	INTMEM	1	INTMEM:04	0x4	
decompiler	CODE:6d78	CODE:6de4	RET	480	write	EXTMEM	1	EXTMEM:04af	0x4af	mem[EXTMEM:04af]
decompiler	CODE:6d78	CODE:6de4	RET	480	read	EXTMEM	1	EXTMEM:04af	0x4af	
decompiler	CODE:6d78	CODE:6de4	RET	486	write	INTMEM	1	INTMEM:01	0x1	mem[INTMEM:01]
decompiler	CODE:6d78	CODE:6de4	RET	486	read	INTMEM	1	INTMEM:01	0x1	
decompiler	CODE:6d78	CODE:6de4	RET	487	write	INTMEM	1	INTMEM:02	0x2	mem[INTMEM:02]
decompiler	CODE:6d78	CODE:6de4	RET	487	read	INTMEM	1	INTMEM:02	0x2	
decompiler	CODE:6d78	CODE:6de4	RET	488	write	INTMEM	1	INTMEM:04	0x4	mem[INTMEM:04]
decompiler	CODE:6d78	CODE:6de4	RET	488	read	INTMEM	1	INTMEM:04	0x4	
decompiler	CODE:6d78	CODE:6de4	RET	489	write	EXTMEM	1	EXTMEM:04af	0x4af	mem[EXTMEM:04af]
decompiler	CODE:6d78	CODE:6de4	RET	489	read	EXTMEM	1	EXTMEM:04af	0x4af	
decompiler	CODE:6d78	CODE:6de4	RET	495	write	INTMEM	1	INTMEM:01	0x1	mem[INTMEM:01]
decompiler	CODE:6d78	CODE:6de4	RET	495	read	INTMEM	1	INTMEM:01	0x1	
decompiler	CODE:6d78	CODE:6de4	RET	496	write	INTMEM	1	INTMEM:02	0x2	mem[INTMEM:02]
decompiler	CODE:6d78	CODE:6de4	RET	496	read	INTMEM	1	INTMEM:02	0x2	
decompiler	CODE:6d78	CODE:6de4	RET	497	write	INTMEM	1	INTMEM:04	0x4	mem[INTMEM:04]
decompiler	CODE:6d78	CODE:6de4	RET	497	read	INTMEM	1	INTMEM:04	0x4	
decompiler	CODE:6d78	CODE:6de4	RET	498	write	EXTMEM	1	EXTMEM:04af	0x4af	mem[EXTMEM:04af]
decompiler	CODE:6d78	CODE:6de4	RET	498	read	EXTMEM	1	EXTMEM:04af	0x4af	
decompiler	CODE:6de5	CODE:6df6	MOV A,@R1	41	read	INTMEM	1	CAST(INT_ADD(INT_MULT(mem[INTMEM:b3],0x2),0x96))		
decompiler	CODE:6de5	CODE:6dfb	MOV A,@R1	47	read	INTMEM	1	CAST(INT_ADD(INT_MULT(mem[INTMEM:b3],0x2),0x95))		
decompiler	CODE:6de5	CODE:6e00	CJNE A,#0x1,0x6e26	57	read	INTMEM	1	INTMEM:b3	0xb3	
decompiler	CODE:6de5	CODE:6e21	SETB 0x0d	152	write	BITS	1	BITS:0d	0xd	0x1
decompiler	CODE:6de5	CODE:6e35	LCALL 0x1e41	468	read	EXTMEM	1	EXTMEM:04b2	0x4b2	
decompiler	CODE:6de5	CODE:6e50	RET	407	write	INTMEM	1	INTMEM:b3	0xb3	mem[INTMEM:b3]
decompiler	CODE:6de5	CODE:6e50	RET	407	read	INTMEM	1	INTMEM:b3	0xb3	
decompiler	CODE:6de5	CODE:6e50	RET	415	write	EXTMEM	1	EXTMEM:04b2	0x4b2	mem[EXTMEM:04b2]
decompiler	CODE:6de5	CODE:6e50	RET	415	read	EXTMEM	1	EXTMEM:04b2	0x4b2	
decompiler	CODE:6de5	CODE:6e50	RET	423	write	EXTMEM	1	EXTMEM:04b3	0x4b3	mem[EXTMEM:04b3]
decompiler	CODE:6de5	CODE:6e50	RET	423	read	EXTMEM	1	EXTMEM:04b3	0x4b3	
decompiler	CODE:6de5	CODE:6e50	RET	431	write	BITS	1	BITS:0d	0xd	mem[BITS:0d]
decompiler	CODE:6de5	CODE:6e50	RET	431	read	BITS	1	BITS:0d	0xd	
decompiler	CODE:6de5	CODE:6e50	RET	457	write	INTMEM	1	INTMEM:97	0x97	mem[INTMEM:97]
decompiler	CODE:6de5	CODE:6e50	RET	457	read	INTMEM	1	INTMEM:97	0x97	
decompiler	CODE:6de5	CODE:6e50	RET	465	write	INTMEM	1	INTMEM:98	0x98	mem[INTMEM:98]
decompiler	CODE:6de5	CODE:6e50	RET	465	read	INTMEM	1	INTMEM:98	0x98	
decompiler	CODE:6e51	CODE:6e59	LJMP 0x94cc	280	write	INTMEM	1	INTMEM:b4	0xb4	mem[INTMEM:b4]
decompiler	CODE:6e51	CODE:6e59	LJMP 0x94cc	280	read	INTMEM	1	INTMEM:b4	0xb4	
decompiler	CODE:6e51	CODE:6e64	LJMP 0x4920	281	write	INTMEM	1	INTMEM:b4	0xb4	mem[INTMEM:b4]
decompiler	CODE:6e51	CODE:6e64	LJMP 0x4920	281	read	INTMEM	1	INTMEM:b4	0xb4	
decompiler	CODE:6e51	CODE:6e6f	LJMP 0x8f3f	282	write	INTMEM	1	INTMEM:b4	0xb4	mem[INTMEM:b4]
decompiler	CODE:6e51	CODE:6e6f	LJMP 0x8f3f	282	read	INTMEM	1	INTMEM:b4	0xb4	
decompiler	CODE:6e51	CODE:6e7a	LJMP 0xa775	283	write	INTMEM	1	INTMEM:b4	0xb4	mem[INTMEM:b4]
decompiler	CODE:6e51	CODE:6e7a	LJMP 0xa775	283	read	INTMEM	1	INTMEM:b4	0xb4	
decompiler	CODE:6e51	CODE:6e85	LJMP 0xa313	284	write	INTMEM	1	INTMEM:b4	0xb4	mem[INTMEM:b4]
decompiler	CODE:6e51	CODE:6e85	LJMP 0xa313	284	read	INTMEM	1	INTMEM:b4	0xb4	
decompiler	CODE:6e51	CODE:6e90	LJMP 0x4b5e	285	write	INTMEM	1	INTMEM:b4	0xb4	mem[INTMEM:b4]
decompiler	CODE:6e51	CODE:6e90	LJMP 0x4b5e	285	read	INTMEM	1	INTMEM:b4	0xb4	
decompiler	CODE:6e51	CODE:6e9b	LJMP 0xa6bb	286	write	INTMEM	1	INTMEM:b4	0xb4	mem[INTMEM:b4]
decompiler	CODE:6e51	CODE:6e9b	LJMP 0xa6bb	286	read	INTMEM	1	INTMEM:b4	0xb4	
decompiler	CODE:6e51	CODE:6ea6	LJMP 0x8e33	287	write	INTMEM	1	INTMEM:b4	0xb4	mem[INTMEM:b4]
decompiler	CODE:6e51	CODE:6ea6	LJMP 0x8e33	287	read	INTMEM	1	INTMEM:b4	0xb4	
decompiler	CODE:6e51	CODE:6eaf	JZ 0x6ebb	149	read	INTMEM	1	INTMEM:b4	0xb4	
decompiler	CODE:6e51	CODE:6eb2	CJNE A,#0x51,0x6ebb	156	read	INTMEM	1	INTMEM:b4	0xb4	
decompiler	CODE:6e51	CODE:6ebb	RET	288	write	INTMEM	1	INTMEM:b4	0xb4	mem[INTMEM:b4]
decompiler	CODE:6e51	CODE:6ebb	RET	288	read	INTMEM	1	INTMEM:b4	0xb4	
decompiler	CODE:6ebc	CODE:6ec2	MOVX @DPTR,A	5	write	EXTMEM	1	EXTMEM:0448	0x448	0x0
decompiler	CODE:6ebc	CODE:6eed	MOVX @DPTR,A	170	write	EXTMEM	1	INDIRECT(INDIRECT(CAST(PIECE(INDIRECT(INDIRECT(SUBPIECE((unique, 0x10000008, 2),0x0),0x56),0x5e),INT_ADD(INT_MULT(CALL(0xf583edf0ad070f74),0x4),0xf4))),0x9e),0xa6)		INDIRECT(INDIRECT(INDIRECT(INDIRECT(INDIRECT((register, 0x5, 1),0x4e),0x56),0x5e),0x9e),0xa6)
decompiler	CODE:6ebc	CODE:6ef9	JNB 0x09,0x6f0a	186	read	BITS	1	BITS:09	0x9	
decompiler	CODE:6ebc	CODE:6efc	CLR 0x09	188	write	BITS	1	BITS:09	0x9	0x0
decompiler	CODE:6ebc	CODE:6f1f	MOVX @DPTR,A	235	write	EXTMEM	1	EXTMEM:059e	0x59e	0x1
decompiler	CODE:6ebc	CODE:6f23	MOVX @DPTR,A	240	write	EXTMEM	1	EXTMEM:059f	0x59f	0xbd
decompiler	CODE:6ebc	CODE:6f24	LJMP 0xa7c3	416	write	INTMEM	1	INTMEM:b3	0xb3	mem[INTMEM:b3]
decompiler	CODE:6ebc	CODE:6f24	LJMP 0xa7c3	416	read	INTMEM	1	INTMEM:b3	0xb3	
decompiler	CODE:6ebc	CODE:6f24	LJMP 0xa7c3	431	write	EXTMEM	1	EXTMEM:0448	0x448	mem[EXTMEM:0448]
decompiler	CODE:6ebc	CODE:6f24	LJMP 0xa7c3	431	read	EXTMEM	1	EXTMEM:0448	0x448	
decompiler	CODE:6ebc	CODE:6f24	LJMP 0xa7c3	447	write	EXTMEM	1	EXTMEM:059e	0x59e	mem[EXTMEM:059e]
decompiler	CODE:6ebc	CODE:6f24	LJMP 0xa7c3	447	read	EXTMEM	1	EXTMEM:059e	0x59e	
decompiler	CODE:6ebc	CODE:6f24	LJMP 0xa7c3	463	write	EXTMEM	1	EXTMEM:059f	0x59f	mem[EXTMEM:059f]
decompiler	CODE:6ebc	CODE:6f24	LJMP 0xa7c3	463	read	EXTMEM	1	EXTMEM:059f	0x59f	
decompiler	CODE:6ebc	CODE:6f24	LJMP 0xa7c3	479	write	BITS	1	BITS:09	0x9	mem[BITS:09]
decompiler	CODE:6ebc	CODE:6f24	LJMP 0xa7c3	479	read	BITS	1	BITS:09	0x9	
decompiler	CODE:6f27	CODE:6f83	MOV 0xa3,#0x5a	149	read	SFR	1	SFR:a3	0xa3	
decompiler	CODE:6f27	CODE:6f8f	LJMP 0xaeaa	221	write	INTMEM	1	INTMEM:04	0x4	mem[INTMEM:04]
decompiler	CODE:6f27	CODE:6f8f	LJMP 0xaeaa	221	read	INTMEM	1	INTMEM:04	0x4	
decompiler	CODE:6f27	CODE:6f8f	LJMP 0xaeaa	227	write	INTMEM	1	INTMEM:07	0x7	mem[INTMEM:07]
decompiler	CODE:6f27	CODE:6f8f	LJMP 0xaeaa	227	read	INTMEM	1	INTMEM:07	0x7	
decompiler	CODE:6f27	CODE:6f8f	LJMP 0xaeaa	233	write	EXTMEM	1	EXTMEM:04aa	0x4aa	mem[EXTMEM:04aa]
decompiler	CODE:6f27	CODE:6f8f	LJMP 0xaeaa	233	read	EXTMEM	1	EXTMEM:04aa	0x4aa	
decompiler	CODE:6f27	CODE:6f8f	LJMP 0xaeaa	239	write	EXTMEM	1	EXTMEM:04ab	0x4ab	mem[EXTMEM:04ab]
decompiler	CODE:6f27	CODE:6f8f	LJMP 0xaeaa	239	read	EXTMEM	1	EXTMEM:04ab	0x4ab	
decompiler	CODE:6f27	CODE:6f8f	LJMP 0xaeaa	245	write	EXTMEM	1	EXTMEM:04ac	0x4ac	mem[EXTMEM:04ac]
decompiler	CODE:6f27	CODE:6f8f	LJMP 0xaeaa	245	read	EXTMEM	1	EXTMEM:04ac	0x4ac	
decompiler	CODE:6f27	CODE:6f8f	LJMP 0xaeaa	251	write	EXTMEM	1	EXTMEM:04ad	0x4ad	mem[EXTMEM:04ad]
decompiler	CODE:6f27	CODE:6f8f	LJMP 0xaeaa	251	read	EXTMEM	1	EXTMEM:04ad	0x4ad	
decompiler	CODE:6f27	CODE:6f8f	LJMP 0xaeaa	257	write	EXTMEM	1	EXTMEM:04ae	0x4ae	mem[EXTMEM:04ae]
decompiler	CODE:6f27	CODE:6f8f	LJMP 0xaeaa	257	read	EXTMEM	1	EXTMEM:04ae	0x4ae	
decompiler	CODE:6ffc	CODE:6ffd	ORL 0xb9,A	12	read	SFR	1	SFR:b9	0xb9	
decompiler	CODE:6ffc	CODE:6ffd	ORL 0xb9,A	13	read	SFR	1	SFR:b9	0xb9	
decompiler	CODE:7000	CODE:7009	RET	338	write	INTMEM	1	INTMEM:cd	0xcd	mem[INTMEM:cd]
decompiler	CODE:7000	CODE:7009	RET	338	read	INTMEM	1	INTMEM:cd	0xcd	
decompiler	CODE:7000	CODE:7013	RET	339	write	INTMEM	1	INTMEM:cd	0xcd	mem[INTMEM:cd]
decompiler	CODE:7000	CODE:7013	RET	339	read	INTMEM	1	INTMEM:cd	0xcd	
decompiler	CODE:7000	CODE:7020	JZ 0x7066	62	read	INTMEM	1	INTMEM:cd	0xcd	
decompiler	CODE:7000	CODE:7035	RET	341	write	INTMEM	1	INTMEM:cd	0xcd	mem[INTMEM:cd]
decompiler	CODE:7000	CODE:7035	RET	341	read	INTMEM	1	INTMEM:cd	0xcd	
decompiler	CODE:7000	CODE:7045	JZ 0x7052	152	read	INTMEM	1	INTMEM:cd	0xcd	
decompiler	CODE:7000	CODE:7049	JNZ 0x7057	167	read	INTMEM	1	INTMEM:cd	0xcd	
decompiler	CODE:7000	CODE:7065	RET	342	write	INTMEM	1	INTMEM:cd	0xcd	mem[INTMEM:cd]
decompiler	CODE:7000	CODE:7065	RET	342	read	INTMEM	1	INTMEM:cd	0xcd	
decompiler	CODE:7000	CODE:7068	RET	340	write	INTMEM	1	INTMEM:cd	0xcd	mem[INTMEM:cd]
decompiler	CODE:7000	CODE:7068	RET	340	read	INTMEM	1	INTMEM:cd	0xcd	
decompiler	CODE:7000	CODE:7068	RET	380	write	INTMEM	1	INTMEM:cd	0xcd	mem[INTMEM:cd]
decompiler	CODE:7000	CODE:7068	RET	380	read	INTMEM	1	INTMEM:cd	0xcd	
decompiler	CODE:7069	CODE:706c	MOVX A,@DPTR	9	read	EXTMEM	1	INDIRECT((register, 0x82, 2),0x7)		
decompiler	CODE:7069	CODE:708a	LCALL 0xa9e2	552	read	INTMEM	1	INTMEM:06	0x6	
decompiler	CODE:7069	CODE:708a	LCALL 0xa9e2	553	read	INTMEM	1	INTMEM:07	0x7	
decompiler	CODE:7069	CODE:70a1	MOVX A,@DPTR	100	read	EXTMEM	1	CAST(PIECE(INT_SUB(0x4,INT_SRIGHT(INT_LEFT(INT_LESS(0xb8,mem[INTMEM:b3]),0x7),0x7)),INT_ADD(mem[INTMEM:b3],0x47)))		
decompiler	CODE:7069	CODE:70d0	RET	402	write	INTMEM	1	INTMEM:06	0x6	mem[INTMEM:06]
decompiler	CODE:7069	CODE:70d0	RET	402	read	INTMEM	1	INTMEM:06	0x6	
decompiler	CODE:7069	CODE:70d0	RET	403	write	INTMEM	1	INTMEM:06	0x6	mem[INTMEM:06]
decompiler	CODE:7069	CODE:70d0	RET	403	read	INTMEM	1	INTMEM:06	0x6	
decompiler	CODE:7069	CODE:70d0	RET	412	write	INTMEM	1	INTMEM:07	0x7	mem[INTMEM:07]
decompiler	CODE:7069	CODE:70d0	RET	412	read	INTMEM	1	INTMEM:07	0x7	
decompiler	CODE:7069	CODE:70d0	RET	413	write	INTMEM	1	INTMEM:07	0x7	mem[INTMEM:07]
decompiler	CODE:7069	CODE:70d0	RET	413	read	INTMEM	1	INTMEM:07	0x7	
decompiler	CODE:7069	CODE:70d0	RET	422	write	INTMEM	1	INTMEM:b3	0xb3	mem[INTMEM:b3]
decompiler	CODE:7069	CODE:70d0	RET	422	read	INTMEM	1	INTMEM:b3	0xb3	
decompiler	CODE:7069	CODE:70d0	RET	423	write	INTMEM	1	INTMEM:b3	0xb3	mem[INTMEM:b3]
decompiler	CODE:7069	CODE:70d0	RET	423	read	INTMEM	1	INTMEM:b3	0xb3	
decompiler	CODE:7069	CODE:70d0	RET	432	write	EXTMEM	1	EXTMEM:04a3	0x4a3	mem[EXTMEM:04a3]
decompiler	CODE:7069	CODE:70d0	RET	432	read	EXTMEM	1	EXTMEM:04a3	0x4a3	
decompiler	CODE:7069	CODE:70d0	RET	433	write	EXTMEM	1	EXTMEM:04a3	0x4a3	mem[EXTMEM:04a3]
decompiler	CODE:7069	CODE:70d0	RET	433	read	EXTMEM	1	EXTMEM:04a3	0x4a3	
decompiler	CODE:7069	CODE:70d0	RET	442	write	EXTMEM	1	EXTMEM:04a4	0x4a4	mem[EXTMEM:04a4]
decompiler	CODE:7069	CODE:70d0	RET	442	read	EXTMEM	1	EXTMEM:04a4	0x4a4	
decompiler	CODE:7069	CODE:70d0	RET	443	write	EXTMEM	1	EXTMEM:04a4	0x4a4	mem[EXTMEM:04a4]
decompiler	CODE:7069	CODE:70d0	RET	443	read	EXTMEM	1	EXTMEM:04a4	0x4a4	
decompiler	CODE:7069	CODE:70d0	RET	452	write	EXTMEM	1	EXTMEM:04a5	0x4a5	mem[EXTMEM:04a5]
decompiler	CODE:7069	CODE:70d0	RET	452	read	EXTMEM	1	EXTMEM:04a5	0x4a5	
decompiler	CODE:7069	CODE:70d0	RET	453	write	EXTMEM	1	EXTMEM:04a5	0x4a5	mem[EXTMEM:04a5]
decompiler	CODE:7069	CODE:70d0	RET	453	read	EXTMEM	1	EXTMEM:04a5	0x4a5	
decompiler	CODE:7069	CODE:70d0	RET	462	write	EXTMEM	1	EXTMEM:04a6	0x4a6	mem[EXTMEM:04a6]
decompiler	CODE:7069	CODE:70d0	RET	462	read	EXTMEM	1	EXTMEM:04a6	0x4a6	
decompiler	CODE:7069	CODE:70d0	RET	463	write	EXTMEM	1	EXTMEM:04a6	0x4a6	mem[EXTMEM:04a6]
decompiler	CODE:7069	CODE:70d0	RET	463	read	EXTMEM	1	EXTMEM:04a6	0x4a6	
decompiler	CODE:7069	CODE:70d0	RET	499	write	INTMEM	1	INTMEM:06	0x6	mem[INTMEM:06]
decompiler	CODE:7069	CODE:70d0	RET	499	read	INTMEM	1	INTMEM:06	0x6	
decompiler	CODE:7069	CODE:70d0	RET	500	write	INTMEM	1	INTMEM:07	0x7	mem[INTMEM:07]
decompiler	CODE:7069	CODE:70d0	RET	500	read	INTMEM	1	INTMEM:07	0x7	
decompiler	CODE:7069	CODE:70d0	RET	501	write	INTMEM	1	INTMEM:b3	0xb3	mem[INTMEM:b3]
decompiler	CODE:7069	CODE:70d0	RET	501	read	INTMEM	1	INTMEM:b3	0xb3	
decompiler	CODE:7069	CODE:70d0	RET	502	write	EXTMEM	1	EXTMEM:04a3	0x4a3	mem[EXTMEM:04a3]
decompiler	CODE:7069	CODE:70d0	RET	502	read	EXTMEM	1	EXTMEM:04a3	0x4a3	
decompiler	CODE:7069	CODE:70d0	RET	503	write	EXTMEM	1	EXTMEM:04a4	0x4a4	mem[EXTMEM:04a4]
decompiler	CODE:7069	CODE:70d0	RET	503	read	EXTMEM	1	EXTMEM:04a4	0x4a4	
decompiler	CODE:7069	CODE:70d0	RET	504	write	EXTMEM	1	EXTMEM:04a5	0x4a5	mem[EXTMEM:04a5]
decompiler	CODE:7069	CODE:70d0	RET	504	read	EXTMEM	1	EXTMEM:04a5	0x4a5	
decompiler	CODE:7069	CODE:70d0	RET	505	write	EXTMEM	1	EXTMEM:04a6	0x4a6	mem[EXTMEM:04a6]
decompiler	CODE:7069	CODE:70d0	RET	505	read	EXTMEM	1	EXTMEM:04a6	0x4a6	
decompiler	CODE:7069	CODE:70d0	RET	514	write	INTMEM	1	INTMEM:06	0x6	mem[INTMEM:06]
decompiler	CODE:7069	CODE:70d0	RET	514	read	INTMEM	1	INTMEM:06	0x6	
decompiler	CODE:7069	CODE:70d0	RET	515	write	INTMEM	1	INTMEM:07	0x7	mem[INTMEM:07]
decompiler	CODE:7069	CODE:70d0	RET	515	read	INTMEM	1	INTMEM:07	0x7	
decompiler	CODE:7069	CODE:70d0	RET	516	write	INTMEM	1	INTMEM:b3	0xb3	mem[INTMEM:b3]
decompiler	CODE:7069	CODE:70d0	RET	516	read	INTMEM	1	INTMEM:b3	0xb3	
decompiler	CODE:7069	CODE:70d0	RET	517	write	EXTMEM	1	EXTMEM:04a3	0x4a3	mem[EXTMEM:04a3]
decompiler	CODE:7069	CODE:70d0	RET	517	read	EXTMEM	1	EXTMEM:04a3	0x4a3	
decompiler	CODE:7069	CODE:70d0	RET	518	write	EXTMEM	1	EXTMEM:04a4	0x4a4	mem[EXTMEM:04a4]
decompiler	CODE:7069	CODE:70d0	RET	518	read	EXTMEM	1	EXTMEM:04a4	0x4a4	
decompiler	CODE:7069	CODE:70d0	RET	519	write	EXTMEM	1	EXTMEM:04a5	0x4a5	mem[EXTMEM:04a5]
decompiler	CODE:7069	CODE:70d0	RET	519	read	EXTMEM	1	EXTMEM:04a5	0x4a5	
decompiler	CODE:7069	CODE:70d0	RET	520	write	EXTMEM	1	EXTMEM:04a6	0x4a6	mem[EXTMEM:04a6]
decompiler	CODE:7069	CODE:70d0	RET	520	read	EXTMEM	1	EXTMEM:04a6	0x4a6	
decompiler	CODE:7069	CODE:70d0	RET	529	write	INTMEM	1	INTMEM:06	0x6	mem[INTMEM:06]
decompiler	CODE:7069	CODE:70d0	RET	529	read	INTMEM	1	INTMEM:06	0x6	
decompiler	CODE:7069	CODE:70d0	RET	530	write	INTMEM	1	INTMEM:07	0x7	mem[INTMEM:07]
decompiler	CODE:7069	CODE:70d0	RET	530	read	INTMEM	1	INTMEM:07	0x7	
decompiler	CODE:7069	CODE:70d0	RET	531	write	INTMEM	1	INTMEM:b3	0xb3	mem[INTMEM:b3]
decompiler	CODE:7069	CODE:70d0	RET	531	read	INTMEM	1	INTMEM:b3	0xb3	
decompiler	CODE:7069	CODE:70d0	RET	532	write	EXTMEM	1	EXTMEM:04a3	0x4a3	INDIRECT(INDIRECT((register, 0x6, 1),0x7),0x15)
decompiler	CODE:7069	CODE:70d0	RET	533	write	EXTMEM	1	EXTMEM:04a4	0x4a4	INDIRECT(INDIRECT((register, 0x7, 1),0x7),0x15)
decompiler	CODE:7069	CODE:70d0	RET	534	write	EXTMEM	1	EXTMEM:04a5	0x4a5	mem[EXTMEM:04a5]
decompiler	CODE:7069	CODE:70d0	RET	534	read	EXTMEM	1	EXTMEM:04a5	0x4a5	
decompiler	CODE:7069	CODE:70d0	RET	535	write	EXTMEM	1	EXTMEM:04a6	0x4a6	mem[EXTMEM:04a6]
decompiler	CODE:7069	CODE:70d0	RET	535	read	EXTMEM	1	EXTMEM:04a6	0x4a6	
decompiler	CODE:7069	CODE:70d0	RET	544	write	INTMEM	1	INTMEM:06	0x6	mem[INTMEM:06]
decompiler	CODE:7069	CODE:70d0	RET	544	read	INTMEM	1	INTMEM:06	0x6	
decompiler	CODE:7069	CODE:70d0	RET	545	write	INTMEM	1	INTMEM:07	0x7	mem[INTMEM:07]
decompiler	CODE:7069	CODE:70d0	RET	545	read	INTMEM	1	INTMEM:07	0x7	
decompiler	CODE:7069	CODE:70d0	RET	546	write	INTMEM	1	INTMEM:b3	0xb3	mem[INTMEM:b3]
decompiler	CODE:7069	CODE:70d0	RET	546	read	INTMEM	1	INTMEM:b3	0xb3	
decompiler	CODE:7069	CODE:70d0	RET	547	write	EXTMEM	1	EXTMEM:04a3	0x4a3	mem[EXTMEM:04a3]
decompiler	CODE:7069	CODE:70d0	RET	547	read	EXTMEM	1	EXTMEM:04a3	0x4a3	
decompiler	CODE:7069	CODE:70d0	RET	548	write	EXTMEM	1	EXTMEM:04a4	0x4a4	mem[EXTMEM:04a4]
decompiler	CODE:7069	CODE:70d0	RET	548	read	EXTMEM	1	EXTMEM:04a4	0x4a4	
decompiler	CODE:7069	CODE:70d0	RET	549	write	EXTMEM	1	EXTMEM:04a5	0x4a5	mem[EXTMEM:04a5]
decompiler	CODE:7069	CODE:70d0	RET	549	read	EXTMEM	1	EXTMEM:04a5	0x4a5	
decompiler	CODE:7069	CODE:70d0	RET	550	write	EXTMEM	1	EXTMEM:04a6	0x4a6	mem[EXTMEM:04a6]
decompiler	CODE:7069	CODE:70d0	RET	550	read	EXTMEM	1	EXTMEM:04a6	0x4a6	
decompiler	CODE:70d1	CODE:70e0	JNZ 0x711a	33	read	INTMEM	1	INTMEM:b2	0xb2	
decompiler	CODE:70d1	CODE:70e6	JNZ 0x7129	39	read	INTMEM	1	INTMEM:b4	0xb4	
decompiler	CODE:70d1	CODE:70ef	MOVX @DPTR,A	48	write	EXTMEM	1	EXTMEM:04a6	0x4a6	mem[INTMEM:b5]
decompiler	CODE:70d1	CODE:70ef	MOVX @DPTR,A	48	read	INTMEM	1	INTMEM:b5	0xb5	
decompiler	CODE:70d1	CODE:70f4	MOVX @DPTR,A	54	write	EXTMEM	1	EXTMEM:04a7	0x4a7	0x0
decompiler	CODE:70d1	CODE:70f7	MOVX @DPTR,A	59	write	EXTMEM	1	EXTMEM:04a8	0x4a8	mem[INTMEM:b5]
decompiler	CODE:70d1	CODE:70f7	MOVX @DPTR,A	59	read	INTMEM	1	INTMEM:b5	0xb5	
decompiler	CODE:70d1	CODE:7102	MOVX @DPTR,A	67	write	EXTMEM	1	EXTMEM:04d6	0x4d6	0x0
decompiler	CODE:70d1	CODE:7105	MOVX @DPTR,A	72	write	EXTMEM	1	EXTMEM:04d7	0x4d7	mem[INTMEM:b5]
decompiler	CODE:70d1	CODE:7105	MOVX @DPTR,A	72	read	INTMEM	1	INTMEM:b5	0xb5	
decompiler	CODE:70d1	CODE:7128	MOVX @DPTR,A	155	write	EXTMEM	1	EXTMEM:04a5	0x4a5	0x0
decompiler	CODE:70d1	CODE:7133	JZ 0x7138	111	read	EXTMEM	1	EXTMEM:04a4	0x4a4	
decompiler	CODE:70d1	CODE:7133	JZ 0x7138	111	read	EXTMEM	1	EXTMEM:04a5	0x4a5	
decompiler	CODE:70d1	CODE:7138	RET	257	write	INTMEM	1	INTMEM:06	0x6	mem[INTMEM:06]
decompiler	CODE:70d1	CODE:7138	RET	257	read	INTMEM	1	INTMEM:06	0x6	
decompiler	CODE:70d1	CODE:7138	RET	266	write	INTMEM	1	INTMEM:b2	0xb2	mem[INTMEM:b2]
decompiler	CODE:70d1	CODE:7138	RET	266	read	INTMEM	1	INTMEM:b2	0xb2	
decompiler	CODE:70d1	CODE:7138	RET	275	write	INTMEM	1	INTMEM:b4	0xb4	mem[INTMEM:b4]
decompiler	CODE:70d1	CODE:7138	RET	275	read	INTMEM	1	INTMEM:b4	0xb4	
decompiler	CODE:70d1	CODE:7138	RET	284	write	INTMEM	1	INTMEM:b5	0xb5	mem[INTMEM:b5]
decompiler	CODE:70d1	CODE:7138	RET	284	read	INTMEM	1	INTMEM:b5	0xb5	
decompiler	CODE:70d1	CODE:7138	RET	293	write	EXTMEM	1	EXTMEM:04a4	0x4a4	mem[EXTMEM:04a4]
decompiler	CODE:70d1	CODE:7138	RET	293	read	EXTMEM	1	EXTMEM:04a4	0x4a4	
decompiler	CODE:70d1	CODE:7138	RET	302	write	EXTMEM	1	EXTMEM:04a5	0x4a5	mem[EXTMEM:04a5]
decompiler	CODE:70d1	CODE:7138	RET	302	read	EXTMEM	1	EXTMEM:04a5	0x4a5	
decompiler	CODE:70d1	CODE:7138	RET	311	write	EXTMEM	1	EXTMEM:04a6	0x4a6	mem[EXTMEM:04a6]
decompiler	CODE:70d1	CODE:7138	RET	311	read	EXTMEM	1	EXTMEM:04a6	0x4a6	
decompiler	CODE:70d1	CODE:7138	RET	320	write	EXTMEM	1	EXTMEM:04a7	0x4a7	mem[EXTMEM:04a7]
decompiler	CODE:70d1	CODE:7138	RET	320	read	EXTMEM	1	EXTMEM:04a7	0x4a7	
decompiler	CODE:70d1	CODE:7138	RET	329	write	EXTMEM	1	EXTMEM:04a8	0x4a8	mem[EXTMEM:04a8]
decompiler	CODE:70d1	CODE:7138	RET	329	read	EXTMEM	1	EXTMEM:04a8	0x4a8	
decompiler	CODE:70d1	CODE:7138	RET	338	write	EXTMEM	1	EXTMEM:04d6	0x4d6	mem[EXTMEM:04d6]
decompiler	CODE:70d1	CODE:7138	RET	338	read	EXTMEM	1	EXTMEM:04d6	0x4d6	
decompiler	CODE:70d1	CODE:7138	RET	347	write	EXTMEM	1	EXTMEM:04d7	0x4d7	mem[EXTMEM:04d7]
decompiler	CODE:70d1	CODE:7138	RET	347	read	EXTMEM	1	EXTMEM:04d7	0x4d7	
decompiler	CODE:71a0	CODE:71b9	JZ 0x71c0	48	read	INTMEM	1	INTMEM:cc	0xcc	
decompiler	CODE:71a0	CODE:71f3	MOVX @DPTR,A	150	write	EXTMEM	1	EXTMEM:04a8	0x4a8	0xc
decompiler	CODE:71a0	CODE:7206	RET	395	write	INTMEM	1	INTMEM:cc	0xcc	mem[INTMEM:cc]
decompiler	CODE:71a0	CODE:7206	RET	395	read	INTMEM	1	INTMEM:cc	0xcc	
decompiler	CODE:71a0	CODE:7206	RET	399	write	INTMEM	1	INTMEM:cc	0xcc	mem[INTMEM:cc]
decompiler	CODE:71a0	CODE:7206	RET	399	read	INTMEM	1	INTMEM:cc	0xcc	
decompiler	CODE:71a0	CODE:7206	RET	414	write	EXTMEM	1	EXTMEM:04a8	0x4a8	mem[EXTMEM:04a8]
decompiler	CODE:71a0	CODE:7206	RET	414	read	EXTMEM	1	EXTMEM:04a8	0x4a8	
decompiler	CODE:71a0	CODE:7206	RET	418	write	EXTMEM	1	EXTMEM:04a8	0x4a8	mem[EXTMEM:04a8]
decompiler	CODE:71a0	CODE:7206	RET	418	read	EXTMEM	1	EXTMEM:04a8	0x4a8	
decompiler	CODE:71a0	CODE:7206	RET	460	write	INTMEM	1	INTMEM:cc	0xcc	mem[INTMEM:cc]
decompiler	CODE:71a0	CODE:7206	RET	460	read	INTMEM	1	INTMEM:cc	0xcc	
decompiler	CODE:71a0	CODE:7206	RET	461	write	EXTMEM	1	EXTMEM:04a8	0x4a8	(register, 0x5, 1)
decompiler	CODE:7207	CODE:720b	MOVX @DPTR,A	4	write	EXTMEM	1	EXTMEM:04c2	0x4c2	0x0
decompiler	CODE:7207	CODE:720e	MOVX @DPTR,A	9	write	EXTMEM	1	EXTMEM:04c3	0x4c3	0x1
decompiler	CODE:7207	CODE:7213	JZ 0x7265	14	read	EXTMEM	1	EXTMEM:05df	0x5df	
decompiler	CODE:7207	CODE:7219	JZ 0x722d	20	read	EXTMEM	1	EXTMEM:04c2	0x4c2	
decompiler	CODE:7207	CODE:722a	MOVX @DPTR,A	43	write	EXTMEM	1	EXTMEM:04c2	0x4c2	0x0
decompiler	CODE:7207	CODE:7231	JZ 0x720f	49	read	EXTMEM	1	EXTMEM:05df	0x5df	
decompiler	CODE:7207	CODE:7237	JNZ 0x724b	55	read	EXTMEM	1	EXTMEM:04c3	0x4c3	
decompiler	CODE:7207	CODE:7244	MOVX @DPTR,A	75	write	EXTMEM	1	EXTMEM:04c2	0x4c2	0x1
decompiler	CODE:7207	CODE:724f	MOVX @DPTR,A	88	write	EXTMEM	1	EXTMEM:04c3	0x4c3	0x0
decompiler	CODE:7207	CODE:726a	LJMP 0x8bc8	218	write	EXTMEM	1	EXTMEM:04c2	0x4c2	mem[EXTMEM:04c2]
decompiler	CODE:7207	CODE:726a	LJMP 0x8bc8	218	read	EXTMEM	1	EXTMEM:04c2	0x4c2	
decompiler	CODE:7207	CODE:726a	LJMP 0x8bc8	228	write	EXTMEM	1	EXTMEM:04c3	0x4c3	mem[EXTMEM:04c3]
decompiler	CODE:7207	CODE:726a	LJMP 0x8bc8	228	read	EXTMEM	1	EXTMEM:04c3	0x4c3	
decompiler	CODE:7207	CODE:726a	LJMP 0x8bc8	238	write	EXTMEM	1	EXTMEM:05df	0x5df	mem[EXTMEM:05df]
decompiler	CODE:7207	CODE:726a	LJMP 0x8bc8	238	read	EXTMEM	1	EXTMEM:05df	0x5df	
decompiler	CODE:726d	CODE:7284	JZ 0x7295	39	read	EXTMEM	1	EXTMEM:04ad	0x4ad	
decompiler	CODE:726d	CODE:7287	JZ 0x72a2	42	read	EXTMEM	1	EXTMEM:04ad	0x4ad	
decompiler	CODE:726d	CODE:728a	JZ 0x72b8	45	read	EXTMEM	1	EXTMEM:04ad	0x4ad	
decompiler	CODE:726d	CODE:728e	JNZ 0x72ca	60	read	EXTMEM	1	EXTMEM:04ad	0x4ad	
decompiler	CODE:726d	CODE:72bf	JNZ 0x72ca	106	read	EXTMEM	1	EXTMEM:0af4	0xaf4	
decompiler	CODE:726d	CODE:72c5	JNZ 0x72ca	112	read	EXTMEM	1	EXTMEM:0af2	0xaf2	
decompiler	CODE:726d	CODE:72d2	RET	396	write	INTMEM	1	INTMEM:b3	0xb3	mem[INTMEM:b3]
decompiler	CODE:726d	CODE:72d2	RET	396	read	INTMEM	1	INTMEM:b3	0xb3	
decompiler	CODE:726d	CODE:72d2	RET	409	write	EXTMEM	1	EXTMEM:04ad	0x4ad	mem[EXTMEM:04ad]
decompiler	CODE:726d	CODE:72d2	RET	409	read	EXTMEM	1	EXTMEM:04ad	0x4ad	
decompiler	CODE:726d	CODE:72d2	RET	422	write	EXTMEM	1	EXTMEM:0af2	0xaf2	mem[EXTMEM:0af2]
decompiler	CODE:726d	CODE:72d2	RET	422	read	EXTMEM	1	EXTMEM:0af2	0xaf2	
decompiler	CODE:726d	CODE:72d2	RET	435	write	EXTMEM	1	EXTMEM:0af4	0xaf4	mem[EXTMEM:0af4]
decompiler	CODE:726d	CODE:72d2	RET	435	read	EXTMEM	1	EXTMEM:0af4	0xaf4	
decompiler	CODE:72d3	CODE:72d8	MOV 0x0c,CY	9	write	BITS	1	BITS:0c	0xc	INDIRECT((register, 0x48, 1),0x8)
decompiler	CODE:72d3	CODE:72e0	JNB 0x0c,0x72ec	19	read	BITS	1	BITS:0c	0xc	
decompiler	CODE:72d3	CODE:72e9	SUBB A,@R1	33	read	INTMEM	1	PTRADD(INDIRECT(INDIRECT(INDIRECT((register, 0x1, 1),0x8),0x11),0x1c),0xff,0x1)		
decompiler	CODE:72d3	CODE:72f1	XRL A,@R0	180	read	INTMEM	1	INDIRECT(INDIRECT(INDIRECT((register, 0x0, 1),0x8),0x11),0xb1)		
decompiler	CODE:72d3	CODE:72f2	SUBB A,@R1	183	read	INTMEM	1	INDIRECT(INDIRECT(INDIRECT((register, 0x1, 1),0x8),0x11),0xb1)		
decompiler	CODE:72d3	CODE:72f6	LCALL 0xadc3	46	write	INTMEM	1	CAST(INT_ADD(BOOL_NEGATE(INT_EQUAL(mem[BITS:0c],0x0)),0x1))		0xf9
decompiler	CODE:72d3	CODE:72f6	LCALL 0xadc3	48	write	INTMEM	1	CAST(INT_ADD(BOOL_NEGATE(INT_EQUAL(mem[BITS:0c],0x0)),0x2))		0x72
decompiler	CODE:72d3	CODE:72fd	JNB 0x0c,0x7335	54	read	BITS	1	BITS:0c	0xc	
decompiler	CODE:72d3	CODE:7303	LCALL 0xadc3	61	write	INTMEM	1	CAST(INT_ADD(BOOL_NEGATE(INT_EQUAL(mem[BITS:0c],0x0)),0x1))		0x6
decompiler	CODE:72d3	CODE:7303	LCALL 0xadc3	63	write	INTMEM	1	CAST(INT_ADD(BOOL_NEGATE(INT_EQUAL(mem[BITS:0c],0x0)),0x2))		0x73
decompiler	CODE:72d3	CODE:7306	JB 0x80,0x7309	199	read	BITS	1	BITS:80	0x80	
decompiler	CODE:72d3	CODE:7311	PUSH 0x03	101	write	INTMEM	1	CAST(INT_ADD(BOOL_NEGATE(INT_EQUAL(mem[BITS:0c],0x0)),0x1))		mem[INTMEM:03]
decompiler	CODE:72d3	CODE:7311	PUSH 0x03	101	read	INTMEM	1	INTMEM:03	0x3	
decompiler	CODE:72d3	CODE:7313	PUSH 0x02	103	write	INTMEM	1	CAST(INT_ADD(BOOL_NEGATE(INT_EQUAL(mem[BITS:0c],0x0)),0x2))		mem[INTMEM:02]
decompiler	CODE:72d3	CODE:7313	PUSH 0x02	103	read	INTMEM	1	INTMEM:02	0x2	
decompiler	CODE:72d3	CODE:7315	PUSH 0x01	105	write	INTMEM	1	CAST(INT_ADD(BOOL_NEGATE(INT_EQUAL(mem[BITS:0c],0x0)),0x3))		mem[INTMEM:01]
decompiler	CODE:72d3	CODE:7315	PUSH 0x01	105	read	INTMEM	1	INTMEM:01	0x1	
decompiler	CODE:72d3	CODE:7317	LCALL 0xad03	110	write	INTMEM	1	CAST(INT_ADD(BOOL_NEGATE(INT_EQUAL(mem[BITS:0c],0x0)),0x4))		0x1a
decompiler	CODE:72d3	CODE:7317	LCALL 0xad03	112	write	INTMEM	1	CAST(INT_ADD(BOOL_NEGATE(INT_EQUAL(mem[BITS:0c],0x0)),0x5))		0x73
decompiler	CODE:72d3	CODE:731a	PUSH 0x07	115	write	INTMEM	1	CAST(INT_ADD(BOOL_NEGATE(INT_EQUAL(mem[BITS:0c],0x0)),0x4))		mem[INTMEM:07]
decompiler	CODE:72d3	CODE:731a	PUSH 0x07	115	read	INTMEM	1	INTMEM:07	0x7	
decompiler	CODE:72d3	CODE:731a	PUSH 0x07	496	read	INTMEM	1	INTMEM:b3	0xb3	
decompiler	CODE:72d3	CODE:7324	POP 0x07	124	read	INTMEM	1	CAST(INT_ADD(BOOL_NEGATE(INT_EQUAL(mem[BITS:0c],0x0)),0x4))		
decompiler	CODE:72d3	CODE:7324	POP 0x07	124	write	INTMEM	1	INTMEM:07	0x7	0x281
decompiler	CODE:72d3	CODE:7326	LCALL 0xacbf	130	write	INTMEM	1	CAST(INT_ADD(BOOL_NEGATE(INT_EQUAL(mem[BITS:0c],0x0)),0x4))		0x29
decompiler	CODE:72d3	CODE:7326	LCALL 0xacbf	132	write	INTMEM	1	CAST(INT_ADD(BOOL_NEGATE(INT_EQUAL(mem[BITS:0c],0x0)),0x5))		0x73
decompiler	CODE:72d3	CODE:7329	POP 0x01	134	read	INTMEM	1	CAST(INT_ADD(BOOL_NEGATE(INT_EQUAL(mem[BITS:0c],0x0)),0x3))		
decompiler	CODE:72d3	CODE:7329	POP 0x01	134	write	INTMEM	1	INTMEM:01	0x1	0x281
decompiler	CODE:72d3	CODE:732b	POP 0x02	136	read	INTMEM	1	CAST(INT_ADD(BOOL_NEGATE(INT_EQUAL(mem[BITS:0c],0x0)),0x2))		
decompiler	CODE:72d3	CODE:732b	POP 0x02	136	write	INTMEM	1	INTMEM:02	0x2	0x281
decompiler	CODE:72d3	CODE:732d	POP 0x03	138	read	INTMEM	1	CAST(INT_ADD(BOOL_NEGATE(INT_EQUAL(mem[BITS:0c],0x0)),0x1))		
decompiler	CODE:72d3	CODE:732d	POP 0x03	138	write	INTMEM	1	INTMEM:03	0x3	0x281
decompiler	CODE:72d3	CODE:732f	LCALL 0xad23	144	write	INTMEM	1	CAST(INT_ADD(BOOL_NEGATE(INT_EQUAL(mem[BITS:0c],0x0)),0x1))		0x32
decompiler	CODE:72d3	CODE:732f	LCALL 0xad23	146	write	INTMEM	1	CAST(INT_ADD(BOOL_NEGATE(INT_EQUAL(mem[BITS:0c],0x0)),0x2))		0x73
decompiler	CODE:72d3	CODE:7334	RET	310	write	INTMEM	1	INTMEM:01	0x1	mem[INTMEM:01]
decompiler	CODE:72d3	CODE:7334	RET	310	read	INTMEM	1	INTMEM:01	0x1	
decompiler	CODE:72d3	CODE:7334	RET	336	write	INTMEM	1	INTMEM:02	0x2	mem[INTMEM:02]
decompiler	CODE:72d3	CODE:7334	RET	336	read	INTMEM	1	INTMEM:02	0x2	
decompiler	CODE:72d3	CODE:7334	RET	362	write	INTMEM	1	INTMEM:03	0x3	mem[INTMEM:03]
decompiler	CODE:72d3	CODE:7334	RET	362	read	INTMEM	1	INTMEM:03	0x3	
decompiler	CODE:72d3	CODE:7334	RET	388	write	INTMEM	1	INTMEM:07	0x7	mem[INTMEM:07]
decompiler	CODE:72d3	CODE:7334	RET	388	read	INTMEM	1	INTMEM:07	0x7	
decompiler	CODE:72d3	CODE:7334	RET	414	write	INTMEM	1	INTMEM:66	0x66	mem[INTMEM:66]
decompiler	CODE:72d3	CODE:7334	RET	414	read	INTMEM	1	INTMEM:66	0x66	
decompiler	CODE:72d3	CODE:7334	RET	440	write	INTMEM	1	INTMEM:b3	0xb3	mem[INTMEM:b3]
decompiler	CODE:72d3	CODE:7334	RET	440	read	INTMEM	1	INTMEM:b3	0xb3	
decompiler	CODE:72d3	CODE:7334	RET	466	write	BITS	1	BITS:0c	0xc	mem[BITS:0c]
decompiler	CODE:72d3	CODE:7334	RET	466	read	BITS	1	BITS:0c	0xc	
decompiler	CODE:72d3	CODE:7337	RET	311	write	INTMEM	1	INTMEM:01	0x1	mem[INTMEM:01]
decompiler	CODE:72d3	CODE:7337	RET	311	read	INTMEM	1	INTMEM:01	0x1	
decompiler	CODE:72d3	CODE:7337	RET	337	write	INTMEM	1	INTMEM:02	0x2	mem[INTMEM:02]
decompiler	CODE:72d3	CODE:7337	RET	337	read	INTMEM	1	INTMEM:02	0x2	
decompiler	CODE:72d3	CODE:7337	RET	363	write	INTMEM	1	INTMEM:03	0x3	mem[INTMEM:03]
decompiler	CODE:72d3	CODE:7337	RET	363	read	INTMEM	1	INTMEM:03	0x3	
decompiler	CODE:72d3	CODE:7337	RET	389	write	INTMEM	1	INTMEM:07	0x7	mem[INTMEM:07]
decompiler	CODE:72d3	CODE:7337	RET	389	read	INTMEM	1	INTMEM:07	0x7	
decompiler	CODE:72d3	CODE:7337	RET	415	write	INTMEM	1	INTMEM:66	0x66	mem[INTMEM:66]
decompiler	CODE:72d3	CODE:7337	RET	415	read	INTMEM	1	INTMEM:66	0x66	
decompiler	CODE:72d3	CODE:7337	RET	441	write	INTMEM	1	INTMEM:b3	0xb3	mem[INTMEM:b3]
decompiler	CODE:72d3	CODE:7337	RET	441	read	INTMEM	1	INTMEM:b3	0xb3	
decompiler	CODE:72d3	CODE:7337	RET	467	write	BITS	1	BITS:0c	0xc	mem[BITS:0c]
decompiler	CODE:72d3	CODE:7337	RET	467	read	BITS	1	BITS:0c	0xc	
decompiler	CODE:7338	CODE:7376	MOV @R0,#0x1	137	write	INTMEM	1	CAST(INT_ADD(mem[INTMEM:b3],0x3d))		0x1
decompiler	CODE:7338	CODE:7381	MOV @R0,A	169	write	INTMEM	1	CAST(INT_ADD(mem[INTMEM:b3],0x3d))		0x0
decompiler	CODE:7338	CODE:7388	LCALL 0x4696	351	write	INTMEM	1	INTMEM:b3	0xb3	mem[INTMEM:b3]
decompiler	CODE:7338	CODE:7388	LCALL 0x4696	351	read	INTMEM	1	INTMEM:b3	0xb3	
decompiler	CODE:7338	CODE:7392	RET	352	write	INTMEM	1	INTMEM:b3	0xb3	mem[INTMEM:b3]
decompiler	CODE:7338	CODE:7392	RET	352	read	INTMEM	1	INTMEM:b3	0xb3	
decompiler	CODE:7338	CODE:7397	RET	353	write	INTMEM	1	INTMEM:b3	0xb3	mem[INTMEM:b3]
decompiler	CODE:7338	CODE:7397	RET	353	read	INTMEM	1	INTMEM:b3	0xb3	
decompiler	CODE:7398	CODE:73a6	JZ 0x73bf	30	read	EXTMEM	1	EXTMEM:04a4	0x4a4	
decompiler	CODE:7398	CODE:73a9	JZ 0x73dc	33	read	EXTMEM	1	EXTMEM:04a4	0x4a4	
decompiler	CODE:7398	CODE:73ad	JNZ 0x73f6	48	read	EXTMEM	1	EXTMEM:04a4	0x4a4	
decompiler	CODE:7398	CODE:73d3	CJNE A,#0x1,0x73f6	207	read	INTMEM	1	INTMEM:b3	0xb3	
decompiler	CODE:7398	CODE:73da	MOVX @DPTR,A	213	write	EXTMEM	1	EXTMEM:205a	0x205a	0x0
decompiler	CODE:7398	CODE:73db	RET	369	write	INTMEM	1	INTMEM:b3	0xb3	mem[INTMEM:b3]
decompiler	CODE:7398	CODE:73db	RET	369	read	INTMEM	1	INTMEM:b3	0xb3	
decompiler	CODE:7398	CODE:73db	RET	384	write	EXTMEM	1	EXTMEM:04a4	0x4a4	mem[EXTMEM:04a4]
decompiler	CODE:7398	CODE:73db	RET	384	read	EXTMEM	1	EXTMEM:04a4	0x4a4	
decompiler	CODE:7398	CODE:73db	RET	399	write	EXTMEM	1	EXTMEM:205a	0x205a	0x0
decompiler	CODE:7398	CODE:73db	RET	399	read	EXTMEM	1	EXTMEM:205a	0x205a	
decompiler	CODE:7398	CODE:73df	CJNE A,#0x1,0x73f6	115	read	INTMEM	1	INTMEM:b3	0xb3	
decompiler	CODE:7398	CODE:73e7	MOVX @DPTR,A	121	write	EXTMEM	1	EXTMEM:205a	0x205a	0x1
decompiler	CODE:7398	CODE:73f6	RET	368	write	INTMEM	1	INTMEM:b3	0xb3	mem[INTMEM:b3]
decompiler	CODE:7398	CODE:73f6	RET	368	read	INTMEM	1	INTMEM:b3	0xb3	
decompiler	CODE:7398	CODE:73f6	RET	383	write	EXTMEM	1	EXTMEM:04a4	0x4a4	mem[EXTMEM:04a4]
decompiler	CODE:7398	CODE:73f6	RET	383	read	EXTMEM	1	EXTMEM:04a4	0x4a4	
decompiler	CODE:7398	CODE:73f6	RET	398	write	EXTMEM	1	EXTMEM:205a	0x205a	mem[EXTMEM:205a]
decompiler	CODE:7398	CODE:73f6	RET	398	read	EXTMEM	1	EXTMEM:205a	0x205a	
decompiler	CODE:7398	CODE:73f6	RET	432	write	INTMEM	1	INTMEM:b3	0xb3	mem[INTMEM:b3]
decompiler	CODE:7398	CODE:73f6	RET	432	read	INTMEM	1	INTMEM:b3	0xb3	
decompiler	CODE:7398	CODE:73f6	RET	433	write	EXTMEM	1	EXTMEM:04a4	0x4a4	mem[EXTMEM:04a4]
decompiler	CODE:7398	CODE:73f6	RET	433	read	EXTMEM	1	EXTMEM:04a4	0x4a4	
decompiler	CODE:7398	CODE:73f6	RET	434	write	EXTMEM	1	EXTMEM:205a	0x205a	mem[EXTMEM:205a]
decompiler	CODE:7398	CODE:73f6	RET	434	read	EXTMEM	1	EXTMEM:205a	0x205a	
decompiler	CODE:7398	CODE:73f6	RET	439	write	INTMEM	1	INTMEM:b3	0xb3	mem[INTMEM:b3]
decompiler	CODE:7398	CODE:73f6	RET	439	read	INTMEM	1	INTMEM:b3	0xb3	
decompiler	CODE:7398	CODE:73f6	RET	440	write	EXTMEM	1	EXTMEM:04a4	0x4a4	mem[EXTMEM:04a4]
decompiler	CODE:7398	CODE:73f6	RET	440	read	EXTMEM	1	EXTMEM:04a4	0x4a4	
decompiler	CODE:7398	CODE:73f6	RET	441	write	EXTMEM	1	EXTMEM:205a	0x205a	mem[EXTMEM:205a]
decompiler	CODE:7398	CODE:73f6	RET	441	read	EXTMEM	1	EXTMEM:205a	0x205a	
decompiler	CODE:73f7	CODE:708a	LCALL 0xa9e2	543	read	INTMEM	1	INTMEM:06	0x6	
decompiler	CODE:73f7	CODE:708a	LCALL 0xa9e2	544	read	INTMEM	1	INTMEM:07	0x7	
decompiler	CODE:73f7	CODE:70a1	MOVX A,@DPTR	99	read	EXTMEM	1	CAST(PIECE(INT_SUB(0x4,INT_SRIGHT(INT_LEFT(INT_LESS(0xb8,mem[INTMEM:b3]),0x7),0x7)),INT_ADD(mem[INTMEM:b3],0x47)))		
decompiler	CODE:73f7	CODE:70d0	RET	400	write	INTMEM	1	INTMEM:06	0x6	mem[INTMEM:06]
decompiler	CODE:73f7	CODE:70d0	RET	400	read	INTMEM	1	INTMEM:06	0x6	
decompiler	CODE:73f7	CODE:70d0	RET	401	write	INTMEM	1	INTMEM:06	0x6	mem[INTMEM:06]
decompiler	CODE:73f7	CODE:70d0	RET	401	read	INTMEM	1	INTMEM:06	0x6	
decompiler	CODE:73f7	CODE:70d0	RET	410	write	INTMEM	1	INTMEM:07	0x7	mem[INTMEM:07]
decompiler	CODE:73f7	CODE:70d0	RET	410	read	INTMEM	1	INTMEM:07	0x7	
decompiler	CODE:73f7	CODE:70d0	RET	411	write	INTMEM	1	INTMEM:07	0x7	mem[INTMEM:07]
decompiler	CODE:73f7	CODE:70d0	RET	411	read	INTMEM	1	INTMEM:07	0x7	
decompiler	CODE:73f7	CODE:70d0	RET	420	write	INTMEM	1	INTMEM:b2	0xb2	mem[INTMEM:b2]
decompiler	CODE:73f7	CODE:70d0	RET	420	read	INTMEM	1	INTMEM:b2	0xb2	
decompiler	CODE:73f7	CODE:70d0	RET	421	write	INTMEM	1	INTMEM:b2	0xb2	mem[INTMEM:b2]
decompiler	CODE:73f7	CODE:70d0	RET	421	read	INTMEM	1	INTMEM:b2	0xb2	
decompiler	CODE:73f7	CODE:70d0	RET	430	write	INTMEM	1	INTMEM:b3	0xb3	mem[INTMEM:b3]
decompiler	CODE:73f7	CODE:70d0	RET	430	read	INTMEM	1	INTMEM:b3	0xb3	
decompiler	CODE:73f7	CODE:70d0	RET	431	write	INTMEM	1	INTMEM:b3	0xb3	mem[INTMEM:b3]
decompiler	CODE:73f7	CODE:70d0	RET	431	read	INTMEM	1	INTMEM:b3	0xb3	
decompiler	CODE:73f7	CODE:70d0	RET	440	write	EXTMEM	1	EXTMEM:04a3	0x4a3	mem[EXTMEM:04a3]
decompiler	CODE:73f7	CODE:70d0	RET	440	read	EXTMEM	1	EXTMEM:04a3	0x4a3	
decompiler	CODE:73f7	CODE:70d0	RET	441	write	EXTMEM	1	EXTMEM:04a3	0x4a3	mem[EXTMEM:04a3]
decompiler	CODE:73f7	CODE:70d0	RET	441	read	EXTMEM	1	EXTMEM:04a3	0x4a3	
decompiler	CODE:73f7	CODE:70d0	RET	450	write	EXTMEM	1	EXTMEM:04a4	0x4a4	mem[EXTMEM:04a4]
decompiler	CODE:73f7	CODE:70d0	RET	450	read	EXTMEM	1	EXTMEM:04a4	0x4a4	
decompiler	CODE:73f7	CODE:70d0	RET	451	write	EXTMEM	1	EXTMEM:04a4	0x4a4	mem[EXTMEM:04a4]
decompiler	CODE:73f7	CODE:70d0	RET	451	read	EXTMEM	1	EXTMEM:04a4	0x4a4	
decompiler	CODE:73f7	CODE:70d0	RET	460	write	EXTMEM	1	EXTMEM:04a5	0x4a5	mem[EXTMEM:04a5]
decompiler	CODE:73f7	CODE:70d0	RET	460	read	EXTMEM	1	EXTMEM:04a5	0x4a5	
decompiler	CODE:73f7	CODE:70d0	RET	461	write	EXTMEM	1	EXTMEM:04a5	0x4a5	mem[EXTMEM:04a5]
decompiler	CODE:73f7	CODE:70d0	RET	461	read	EXTMEM	1	EXTMEM:04a5	0x4a5	
decompiler	CODE:73f7	CODE:70d0	RET	470	write	EXTMEM	1	EXTMEM:04a6	0x4a6	mem[EXTMEM:04a6]
decompiler	CODE:73f7	CODE:70d0	RET	470	read	EXTMEM	1	EXTMEM:04a6	0x4a6	
decompiler	CODE:73f7	CODE:70d0	RET	471	write	EXTMEM	1	EXTMEM:04a6	0x4a6	mem[EXTMEM:04a6]
decompiler	CODE:73f7	CODE:70d0	RET	471	read	EXTMEM	1	EXTMEM:04a6	0x4a6	
decompiler	CODE:73f7	CODE:70d0	RET	500	write	INTMEM	1	INTMEM:06	0x6	mem[INTMEM:06]
decompiler	CODE:73f7	CODE:70d0	RET	500	read	INTMEM	1	INTMEM:06	0x6	
decompiler	CODE:73f7	CODE:70d0	RET	501	write	INTMEM	1	INTMEM:07	0x7	mem[INTMEM:07]
decompiler	CODE:73f7	CODE:70d0	RET	501	read	INTMEM	1	INTMEM:07	0x7	
decompiler	CODE:73f7	CODE:70d0	RET	502	write	INTMEM	1	INTMEM:b2	0xb2	mem[INTMEM:b2]
decompiler	CODE:73f7	CODE:70d0	RET	502	read	INTMEM	1	INTMEM:b2	0xb2	
decompiler	CODE:73f7	CODE:70d0	RET	503	write	INTMEM	1	INTMEM:b3	0xb3	mem[INTMEM:b3]
decompiler	CODE:73f7	CODE:70d0	RET	503	read	INTMEM	1	INTMEM:b3	0xb3	
decompiler	CODE:73f7	CODE:70d0	RET	504	write	EXTMEM	1	EXTMEM:04a3	0x4a3	mem[EXTMEM:04a3]
decompiler	CODE:73f7	CODE:70d0	RET	504	read	EXTMEM	1	EXTMEM:04a3	0x4a3	
decompiler	CODE:73f7	CODE:70d0	RET	505	write	EXTMEM	1	EXTMEM:04a4	0x4a4	mem[EXTMEM:04a4]
decompiler	CODE:73f7	CODE:70d0	RET	505	read	EXTMEM	1	EXTMEM:04a4	0x4a4	
decompiler	CODE:73f7	CODE:70d0	RET	506	write	EXTMEM	1	EXTMEM:04a5	0x4a5	mem[EXTMEM:04a5]
decompiler	CODE:73f7	CODE:70d0	RET	506	read	EXTMEM	1	EXTMEM:04a5	0x4a5	
decompiler	CODE:73f7	CODE:70d0	RET	507	write	EXTMEM	1	EXTMEM:04a6	0x4a6	mem[EXTMEM:04a6]
decompiler	CODE:73f7	CODE:70d0	RET	507	read	EXTMEM	1	EXTMEM:04a6	0x4a6	
decompiler	CODE:73f7	CODE:70d0	RET	517	write	INTMEM	1	INTMEM:06	0x6	mem[INTMEM:06]
decompiler	CODE:73f7	CODE:70d0	RET	517	read	INTMEM	1	INTMEM:06	0x6	
decompiler	CODE:73f7	CODE:70d0	RET	518	write	INTMEM	1	INTMEM:07	0x7	mem[INTMEM:07]
decompiler	CODE:73f7	CODE:70d0	RET	518	read	INTMEM	1	INTMEM:07	0x7	
decompiler	CODE:73f7	CODE:70d0	RET	519	write	INTMEM	1	INTMEM:b2	0xb2	mem[INTMEM:b2]
decompiler	CODE:73f7	CODE:70d0	RET	519	read	INTMEM	1	INTMEM:b2	0xb2	
decompiler	CODE:73f7	CODE:70d0	RET	520	write	INTMEM	1	INTMEM:b3	0xb3	mem[INTMEM:b3]
decompiler	CODE:73f7	CODE:70d0	RET	520	read	INTMEM	1	INTMEM:b3	0xb3	
decompiler	CODE:73f7	CODE:70d0	RET	521	write	EXTMEM	1	EXTMEM:04a3	0x4a3	mem[EXTMEM:04a3]
decompiler	CODE:73f7	CODE:70d0	RET	521	read	EXTMEM	1	EXTMEM:04a3	0x4a3	
decompiler	CODE:73f7	CODE:70d0	RET	522	write	EXTMEM	1	EXTMEM:04a4	0x4a4	mem[EXTMEM:04a4]
decompiler	CODE:73f7	CODE:70d0	RET	522	read	EXTMEM	1	EXTMEM:04a4	0x4a4	
decompiler	CODE:73f7	CODE:70d0	RET	523	write	EXTMEM	1	EXTMEM:04a5	0x4a5	mem[EXTMEM:04a5]
decompiler	CODE:73f7	CODE:70d0	RET	523	read	EXTMEM	1	EXTMEM:04a5	0x4a5	
decompiler	CODE:73f7	CODE:70d0	RET	524	write	EXTMEM	1	EXTMEM:04a6	0x4a6	mem[EXTMEM:04a6]
decompiler	CODE:73f7	CODE:70d0	RET	524	read	EXTMEM	1	EXTMEM:04a6	0x4a6	
decompiler	CODE:73f7	CODE:70d0	RET	534	write	INTMEM	1	INTMEM:06	0x6	mem[INTMEM:06]
decompiler	CODE:73f7	CODE:70d0	RET	534	read	INTMEM	1	INTMEM:06	0x6	
decompiler	CODE:73f7	CODE:70d0	RET	535	write	INTMEM	1	INTMEM:07	0x7	mem[INTMEM:07]
decompiler	CODE:73f7	CODE:70d0	RET	535	read	INTMEM	1	INTMEM:07	0x7	
decompiler	CODE:73f7	CODE:70d0	RET	536	write	INTMEM	1	INTMEM:b2	0xb2	mem[INTMEM:b2]
decompiler	CODE:73f7	CODE:70d0	RET	536	read	INTMEM	1	INTMEM:b2	0xb2	
decompiler	CODE:73f7	CODE:70d0	RET	537	write	INTMEM	1	INTMEM:b3	0xb3	mem[INTMEM:b3]
decompiler	CODE:73f7	CODE:70d0	RET	537	read	INTMEM	1	INTMEM:b3	0xb3	
decompiler	CODE:73f7	CODE:70d0	RET	538	write	EXTMEM	1	EXTMEM:04a3	0x4a3	INDIRECT(INDIRECT((register, 0x6, 1),0x7),0x12)
decompiler	CODE:73f7	CODE:70d0	RET	539	write	EXTMEM	1	EXTMEM:04a4	0x4a4	INDIRECT(INDIRECT((register, 0x7, 1),0x7),0x12)
decompiler	CODE:73f7	CODE:70d0	RET	540	write	EXTMEM	1	EXTMEM:04a5	0x4a5	mem[EXTMEM:04a5]
decompiler	CODE:73f7	CODE:70d0	RET	540	read	EXTMEM	1	EXTMEM:04a5	0x4a5	
decompiler	CODE:73f7	CODE:70d0	RET	541	write	EXTMEM	1	EXTMEM:04a6	0x4a6	mem[EXTMEM:04a6]
decompiler	CODE:73f7	CODE:70d0	RET	541	read	EXTMEM	1	EXTMEM:04a6	0x4a6	
decompiler	CODE:74b3	CODE:74b8	JZ 0x74f3	16	read	INTMEM	1	INTMEM:b2	0xb2	
decompiler	CODE:74b3	CODE:74bc	JNZ 0x750b	31	read	INTMEM	1	INTMEM:b2	0xb2	
decompiler	CODE:74b3	CODE:74c3	JZ 0x74e0	49	read	INTMEM	1	INTMEM:b4	0xb4	
decompiler	CODE:74b3	CODE:74c7	JZ 0x74e8	64	read	INTMEM	1	INTMEM:b4	0xb4	
decompiler	CODE:74b3	CODE:74cb	JNZ 0x74f0	79	read	INTMEM	1	INTMEM:b4	0xb4	
decompiler	CODE:74b3	CODE:74e7	RET	357	write	INTMEM	1	INTMEM:b2	0xb2	mem[INTMEM:b2]
decompiler	CODE:74b3	CODE:74e7	RET	357	read	INTMEM	1	INTMEM:b2	0xb2	
decompiler	CODE:74b3	CODE:74e7	RET	373	write	INTMEM	1	INTMEM:b4	0xb4	mem[INTMEM:b4]
decompiler	CODE:74b3	CODE:74e7	RET	373	read	INTMEM	1	INTMEM:b4	0xb4	
decompiler	CODE:74b3	CODE:74ef	RET	356	write	INTMEM	1	INTMEM:b2	0xb2	mem[INTMEM:b2]
decompiler	CODE:74b3	CODE:74ef	RET	356	read	INTMEM	1	INTMEM:b2	0xb2	
decompiler	CODE:74b3	CODE:74ef	RET	372	write	INTMEM	1	INTMEM:b4	0xb4	mem[INTMEM:b4]
decompiler	CODE:74b3	CODE:74ef	RET	372	read	INTMEM	1	INTMEM:b4	0xb4	
decompiler	CODE:74b3	CODE:74f2	RET	355	write	INTMEM	1	INTMEM:b2	0xb2	mem[INTMEM:b2]
decompiler	CODE:74b3	CODE:74f2	RET	355	read	INTMEM	1	INTMEM:b2	0xb2	
decompiler	CODE:74b3	CODE:74f2	RET	371	write	INTMEM	1	INTMEM:b4	0xb4	mem[INTMEM:b4]
decompiler	CODE:74b3	CODE:74f2	RET	371	read	INTMEM	1	INTMEM:b4	0xb4	
decompiler	CODE:74b3	CODE:74f8	JZ 0x7508	205	read	INTMEM	1	INTMEM:b4	0xb4	
decompiler	CODE:74b3	CODE:74fc	JNZ 0x750b	220	read	INTMEM	1	INTMEM:b4	0xb4	
decompiler	CODE:74b3	CODE:7507	RET	358	write	INTMEM	1	INTMEM:b2	0xb2	mem[INTMEM:b2]
decompiler	CODE:74b3	CODE:7507	RET	358	read	INTMEM	1	INTMEM:b2	0xb2	
decompiler	CODE:74b3	CODE:7507	RET	374	write	INTMEM	1	INTMEM:b4	0xb4	mem[INTMEM:b4]
decompiler	CODE:74b3	CODE:7507	RET	374	read	INTMEM	1	INTMEM:b4	0xb4	
decompiler	CODE:74b3	CODE:750a	RET	359	write	INTMEM	1	INTMEM:b2	0xb2	mem[INTMEM:b2]
decompiler	CODE:74b3	CODE:750a	RET	359	read	INTMEM	1	INTMEM:b2	0xb2	
decompiler	CODE:74b3	CODE:750a	RET	375	write	INTMEM	1	INTMEM:b4	0xb4	mem[INTMEM:b4]
decompiler	CODE:74b3	CODE:750a	RET	375	read	INTMEM	1	INTMEM:b4	0xb4	
decompiler	CODE:74b3	CODE:750d	RET	354	write	INTMEM	1	INTMEM:b2	0xb2	mem[INTMEM:b2]
decompiler	CODE:74b3	CODE:750d	RET	354	read	INTMEM	1	INTMEM:b2	0xb2	
decompiler	CODE:74b3	CODE:750d	RET	370	write	INTMEM	1	INTMEM:b4	0xb4	mem[INTMEM:b4]
decompiler	CODE:74b3	CODE:750d	RET	370	read	INTMEM	1	INTMEM:b4	0xb4	
decompiler	CODE:750e	CODE:751d	LCALL 0x82bd	323	read	EXTMEM	1	EXTMEM:04a5	0x4a5	
decompiler	CODE:750e	CODE:7521	MOVX @DPTR,A	32	write	EXTMEM	1	INDIRECT(0x4a5,0x1c)		INDIRECT(COPY(mem[EXTMEM:04a5]),0x1c)
decompiler	CODE:750e	CODE:7524	MOV @R0,0x07	35	write	INTMEM	1	INTMEM:a7	0xa7	mem[INTMEM:07]
decompiler	CODE:750e	CODE:7524	MOV @R0,0x07	35	read	INTMEM	1	INTMEM:07	0x7	
decompiler	CODE:750e	CODE:7532	LCALL 0xa0a1	324	read	EXTMEM	1	EXTMEM:04a5	0x4a5	
decompiler	CODE:750e	CODE:7554	JNB 0x0d,0x7567	102	read	BITS	1	BITS:0d	0xd	
decompiler	CODE:750e	CODE:7567	RET	238	write	INTMEM	1	INTMEM:06	0x6	mem[INTMEM:06]
decompiler	CODE:750e	CODE:7567	RET	238	read	INTMEM	1	INTMEM:06	0x6	
decompiler	CODE:750e	CODE:7567	RET	248	write	INTMEM	1	INTMEM:07	0x7	mem[INTMEM:07]
decompiler	CODE:750e	CODE:7567	RET	248	read	INTMEM	1	INTMEM:07	0x7	
decompiler	CODE:750e	CODE:7567	RET	258	write	INTMEM	1	INTMEM:a7	0xa7	mem[INTMEM:a7]
decompiler	CODE:750e	CODE:7567	RET	258	read	INTMEM	1	INTMEM:a7	0xa7	
decompiler	CODE:750e	CODE:7567	RET	268	write	EXTMEM	1	EXTMEM:04a5	0x4a5	mem[EXTMEM:04a5]
decompiler	CODE:750e	CODE:7567	RET	268	read	EXTMEM	1	EXTMEM:04a5	0x4a5	
decompiler	CODE:750e	CODE:7567	RET	279	write	EXTMEM	1	EXTMEM:04a6	0x4a6	mem[EXTMEM:04a6]
decompiler	CODE:750e	CODE:7567	RET	279	read	EXTMEM	1	EXTMEM:04a6	0x4a6	
decompiler	CODE:750e	CODE:7567	RET	290	write	EXTMEM	1	EXTMEM:04a7	0x4a7	mem[EXTMEM:04a7]
decompiler	CODE:750e	CODE:7567	RET	290	read	EXTMEM	1	EXTMEM:04a7	0x4a7	
decompiler	CODE:750e	CODE:7567	RET	301	write	BITS	1	BITS:0d	0xd	mem[BITS:0d]
decompiler	CODE:750e	CODE:7567	RET	301	read	BITS	1	BITS:0d	0xd	
decompiler	CODE:7568	CODE:756f	MOVX @DPTR,A	12	write	EXTMEM	1	INDIRECT(0xffff,0x8)		INDIRECT((register, 0x7, 1),0x8)
decompiler	CODE:7568	CODE:7585	MOV DPL,0x09	155	read	INTMEM	1	INTMEM:08	0x8	
decompiler	CODE:7568	CODE:7585	MOV DPL,0x09	155	read	INTMEM	1	INTMEM:09	0x9	
decompiler	CODE:7568	CODE:7588	MOVX A,@DPTR	50	read	EXTMEM	1	CAST(PIECE(mem[INTMEM:08],mem[INTMEM:09]))		
decompiler	CODE:7568	CODE:7590	MOV @R0,A	64	write	INTMEM	1	INTMEM:cf	0xcf	0x0
decompiler	CODE:7568	CODE:7592	MOV @R0,A	67	write	INTMEM	1	INTMEM:d0	0xd0	0x0
decompiler	CODE:7568	CODE:7593	MOV 0xc6,#0x6	117	read	SFR	1	SFR:c6	0xc6	
decompiler	CODE:7568	CODE:7596	MOV 0xce,#0xee	118	read	SFR	1	SFR:ce	0xce	
decompiler	CODE:7568	CODE:7599	MOV 0xd6,#0x3	120	read	SFR	1	SFR:d6	0xd6	
decompiler	CODE:7568	CODE:759f	MOV DPL,0x09	157	read	INTMEM	1	INTMEM:08	0x8	
decompiler	CODE:7568	CODE:759f	MOV DPL,0x09	157	read	INTMEM	1	INTMEM:09	0x9	
decompiler	CODE:7568	CODE:75a2	MOVX A,@DPTR	74	read	EXTMEM	1	CAST(PIECE(mem[INTMEM:08],mem[INTMEM:09]))		
decompiler	CODE:7568	CODE:75a7	MOVC A,@A+DPTR	80	read	CODE	1	PTRADD(0xb9ce,INT_ZEXT(LOAD(0x311,CAST(PIECE(mem[INTMEM:08],mem[INTMEM:09])))),0x1)		
decompiler	CODE:7568	CODE:75a8	MOV 0xe6,A	122	read	SFR	1	SFR:e6	0xe6	
decompiler	CODE:7568	CODE:75ae	MOVC A,@A+DPTR	86	read	CODE	1	PTRADD(0xb9d1,INT_ZEXT(LOAD(0x311,CAST(PIECE(mem[INTMEM:08],mem[INTMEM:09])))),0x1)		
decompiler	CODE:7568	CODE:75af	MOV 0xcf,A	119	read	SFR	1	SFR:cf	0xcf	
decompiler	CODE:7568	CODE:75b4	MOV 0xd7,#0x4	121	read	SFR	1	SFR:d7	0xd7	
decompiler	CODE:7568	CODE:75bd	LJMP 0xaeac	178	write	INTMEM	1	INTMEM:08	0x8	mem[INTMEM:08]
decompiler	CODE:7568	CODE:75bd	LJMP 0xaeac	178	read	INTMEM	1	INTMEM:08	0x8	
decompiler	CODE:7568	CODE:75bd	LJMP 0xaeac	188	write	INTMEM	1	INTMEM:09	0x9	mem[INTMEM:09]
decompiler	CODE:7568	CODE:75bd	LJMP 0xaeac	188	read	INTMEM	1	INTMEM:09	0x9	
decompiler	CODE:7568	CODE:75bd	LJMP 0xaeac	198	write	INTMEM	1	INTMEM:cf	0xcf	mem[INTMEM:cf]
decompiler	CODE:7568	CODE:75bd	LJMP 0xaeac	198	read	INTMEM	1	INTMEM:cf	0xcf	
decompiler	CODE:7568	CODE:75bd	LJMP 0xaeac	208	write	INTMEM	1	INTMEM:d0	0xd0	mem[INTMEM:d0]
decompiler	CODE:7568	CODE:75bd	LJMP 0xaeac	208	read	INTMEM	1	INTMEM:d0	0xd0	
decompiler	CODE:75c0	CODE:75c0	PUSH A	219	read	INTMEM	1	INTMEM:00	0x0	
decompiler	CODE:75c0	CODE:75c0	PUSH A	220	read	INTMEM	1	INTMEM:01	0x1	
decompiler	CODE:75c0	CODE:75c0	PUSH A	221	read	INTMEM	1	INTMEM:02	0x2	
decompiler	CODE:75c0	CODE:75c0	PUSH A	222	read	INTMEM	1	INTMEM:03	0x3	
decompiler	CODE:75c0	CODE:75c0	PUSH A	223	read	INTMEM	1	INTMEM:04	0x4	
decompiler	CODE:75c0	CODE:75c0	PUSH A	224	read	INTMEM	1	INTMEM:05	0x5	
decompiler	CODE:75c0	CODE:75c0	PUSH A	225	read	INTMEM	1	INTMEM:06	0x6	
decompiler	CODE:75c0	CODE:75c0	PUSH A	226	read	INTMEM	1	INTMEM:07	0x7	
decompiler	CODE:75c0	CODE:75df	MOV @R0,#0x1	29	write	INTMEM	1	INTMEM:b9	0xb9	0x1
decompiler	CODE:75c0	CODE:75e8	MOVX @DPTR,A	37	write	EXTMEM	1	EXTMEM:03ec	0x3ec	mem[EXTMEM:2265]
decompiler	CODE:75c0	CODE:75e8	MOVX @DPTR,A	37	read	EXTMEM	1	EXTMEM:2265	0x2265	
decompiler	CODE:75c0	CODE:75fb	POP 0x07	66	write	INTMEM	1	INTMEM:07	0x7	COPY(mem[INTMEM:07])
decompiler	CODE:75c0	CODE:75fd	POP 0x06	68	write	INTMEM	1	INTMEM:06	0x6	COPY(mem[INTMEM:06])
decompiler	CODE:75c0	CODE:75ff	POP 0x05	70	write	INTMEM	1	INTMEM:05	0x5	COPY(mem[INTMEM:05])
decompiler	CODE:75c0	CODE:7601	POP 0x04	72	write	INTMEM	1	INTMEM:04	0x4	COPY(mem[INTMEM:04])
decompiler	CODE:75c0	CODE:7603	POP 0x03	74	write	INTMEM	1	INTMEM:03	0x3	COPY(mem[INTMEM:03])
decompiler	CODE:75c0	CODE:7605	POP 0x02	76	write	INTMEM	1	INTMEM:02	0x2	COPY(mem[INTMEM:02])
decompiler	CODE:75c0	CODE:7607	POP 0x01	78	write	INTMEM	1	INTMEM:01	0x1	COPY(mem[INTMEM:01])
decompiler	CODE:75c0	CODE:7609	POP 0x00	80	write	INTMEM	1	INTMEM:00	0x0	COPY(mem[INTMEM:00])
decompiler	CODE:75c0	CODE:7615	RETI	144	write	INTMEM	1	INTMEM:00	0x0	mem[INTMEM:00]
decompiler	CODE:75c0	CODE:7615	RETI	144	read	INTMEM	1	INTMEM:00	0x0	
decompiler	CODE:75c0	CODE:7615	RETI	147	write	INTMEM	1	INTMEM:01	0x1	mem[INTMEM:01]
decompiler	CODE:75c0	CODE:7615	RETI	147	read	INTMEM	1	INTMEM:01	0x1	
decompiler	CODE:75c0	CODE:7615	RETI	150	write	INTMEM	1	INTMEM:02	0x2	mem[INTMEM:02]
decompiler	CODE:75c0	CODE:7615	RETI	150	read	INTMEM	1	INTMEM:02	0x2	
decompiler	CODE:75c0	CODE:7615	RETI	153	write	INTMEM	1	INTMEM:03	0x3	mem[INTMEM:03]
decompiler	CODE:75c0	CODE:7615	RETI	153	read	INTMEM	1	INTMEM:03	0x3	
decompiler	CODE:75c0	CODE:7615	RETI	156	write	INTMEM	1	INTMEM:04	0x4	mem[INTMEM:04]
decompiler	CODE:75c0	CODE:7615	RETI	156	read	INTMEM	1	INTMEM:04	0x4	
decompiler	CODE:75c0	CODE:7615	RETI	159	write	INTMEM	1	INTMEM:05	0x5	mem[INTMEM:05]
decompiler	CODE:75c0	CODE:7615	RETI	159	read	INTMEM	1	INTMEM:05	0x5	
decompiler	CODE:75c0	CODE:7615	RETI	162	write	INTMEM	1	INTMEM:06	0x6	mem[INTMEM:06]
decompiler	CODE:75c0	CODE:7615	RETI	162	read	INTMEM	1	INTMEM:06	0x6	
decompiler	CODE:75c0	CODE:7615	RETI	165	write	INTMEM	1	INTMEM:07	0x7	mem[INTMEM:07]
decompiler	CODE:75c0	CODE:7615	RETI	165	read	INTMEM	1	INTMEM:07	0x7	
decompiler	CODE:75c0	CODE:7615	RETI	168	write	INTMEM	1	INTMEM:b9	0xb9	mem[INTMEM:b9]
decompiler	CODE:75c0	CODE:7615	RETI	168	read	INTMEM	1	INTMEM:b9	0xb9	
decompiler	CODE:75c0	CODE:7615	RETI	171	write	EXTMEM	1	EXTMEM:03ec	0x3ec	mem[EXTMEM:03ec]
decompiler	CODE:75c0	CODE:7615	RETI	171	read	EXTMEM	1	EXTMEM:03ec	0x3ec	
decompiler	CODE:75c0	CODE:7615	RETI	175	write	EXTMEM	1	EXTMEM:2265	0x2265	mem[EXTMEM:2265]
decompiler	CODE:75c0	CODE:7615	RETI	175	read	EXTMEM	1	EXTMEM:2265	0x2265	
decompiler	CODE:7616	CODE:761d	MOVX @DPTR,A	7	write	EXTMEM	1	EXTMEM:04ac	0x4ac	mem[INTMEM:c9]
decompiler	CODE:7616	CODE:761d	MOVX @DPTR,A	7	read	INTMEM	1	INTMEM:c9	0xc9	
decompiler	CODE:7616	CODE:7624	MOVC A,@A+DPTR	12	read	INTMEM	1	INTMEM:b3	0xb3	
decompiler	CODE:7616	CODE:7624	MOVC A,@A+DPTR	14	read	CODE	1	PTRADD(0xb831,INT_ZEXT(mem[INTMEM:b3]),0x1)		
decompiler	CODE:7616	CODE:7629	JNB 0x0c,0x764b	27	read	BITS	1	BITS:0c	0xc	
decompiler	CODE:7616	CODE:762c	LCALL 0xa6fd	230	read	INTMEM	1	INTMEM:c9	0xc9	
decompiler	CODE:7616	CODE:7633	MOVC A,@A+DPTR	41	read	CODE	1	PTRADD(0xb835,INT_ZEXT(INDIRECT(COPY(mem[INTMEM:c9]),0x24)),0x1)		
decompiler	CODE:7616	CODE:7644	ORL A,@R0	56	read	INTMEM	1	INTMEM:c9	0xc9	
decompiler	CODE:7616	CODE:7649	SJMP 0x764d	232	read	INTMEM	1	INTMEM:c9	0xc9	
decompiler	CODE:7616	CODE:764b	CLR 0x09	120	write	BITS	1	BITS:09	0x9	0x0
decompiler	CODE:7616	CODE:764f	JNB 0x0c,0x7658	69	read	BITS	1	BITS:0c	0xc	
decompiler	CODE:7616	CODE:766a	RET	197	write	INTMEM	1	INTMEM:b3	0xb3	mem[INTMEM:b3]
decompiler	CODE:7616	CODE:766a	RET	197	read	INTMEM	1	INTMEM:b3	0xb3	
decompiler	CODE:7616	CODE:766a	RET	202	write	INTMEM	1	INTMEM:c9	0xc9	mem[INTMEM:c9]
decompiler	CODE:7616	CODE:766a	RET	202	read	INTMEM	1	INTMEM:c9	0xc9	
decompiler	CODE:7616	CODE:766a	RET	207	write	EXTMEM	1	EXTMEM:04ac	0x4ac	mem[EXTMEM:04ac]
decompiler	CODE:7616	CODE:766a	RET	207	read	EXTMEM	1	EXTMEM:04ac	0x4ac	
decompiler	CODE:7616	CODE:766a	RET	212	write	BITS	1	BITS:09	0x9	mem[BITS:09]
decompiler	CODE:7616	CODE:766a	RET	212	read	BITS	1	BITS:09	0x9	
decompiler	CODE:7616	CODE:766a	RET	217	write	BITS	1	BITS:0c	0xc	mem[BITS:0c]
decompiler	CODE:7616	CODE:766a	RET	217	read	BITS	1	BITS:0c	0xc	
decompiler	CODE:766b	CODE:769f	MOVX @DPTR,A	94	write	EXTMEM	1	EXTMEM:04b2	0x4b2	0xe
decompiler	CODE:766b	CODE:76a3	MOVX @DPTR,A	99	write	EXTMEM	1	EXTMEM:04b3	0x4b3	0x10
decompiler	CODE:766b	CODE:76b4	MOVX @DPTR,A	137	write	EXTMEM	1	EXTMEM:04b2	0x4b2	0x1
decompiler	CODE:766b	CODE:76b8	MOVX @DPTR,A	142	write	EXTMEM	1	EXTMEM:04b3	0x4b3	0x2c
decompiler	CODE:766b	CODE:76bc	LJMP 0x9261	241	write	EXTMEM	1	EXTMEM:04b2	0x4b2	mem[EXTMEM:04b2]
decompiler	CODE:766b	CODE:76bc	LJMP 0x9261	241	read	EXTMEM	1	EXTMEM:04b2	0x4b2	
decompiler	CODE:766b	CODE:76bc	LJMP 0x9261	251	write	EXTMEM	1	EXTMEM:04b3	0x4b3	mem[EXTMEM:04b3]
decompiler	CODE:766b	CODE:76bc	LJMP 0x9261	251	read	EXTMEM	1	EXTMEM:04b3	0x4b3	
decompiler	CODE:76bf	CODE:76c9	MOVX @DPTR,A	22	write	EXTMEM	1	EXTMEM:1011	0x1011	INT_OR(INT_AND(mem[EXTMEM:1011],0x3f),0x40)
decompiler	CODE:76bf	CODE:76d4	MOVX @DPTR,A	45	write	EXTMEM	1	EXTMEM:1010	0x1010	INT_OR(INT_AND(mem[EXTMEM:1010],0xfc),0x1)
decompiler	CODE:76bf	CODE:76d5	RET	56	write	EXTMEM	1	EXTMEM:1010	0x1010	mem[EXTMEM:1010]
decompiler	CODE:76bf	CODE:76d5	RET	56	read	EXTMEM	1	EXTMEM:1010	0x1010	
decompiler	CODE:76bf	CODE:76d5	RET	57	write	EXTMEM	1	EXTMEM:1011	0x1011	mem[EXTMEM:1011]
decompiler	CODE:76bf	CODE:76d5	RET	57	read	EXTMEM	1	EXTMEM:1011	0x1011	
decompiler	CODE:76d6	CODE:76d8	MOV @R0,#0x1	2	write	INTMEM	1	INTMEM:cf	0xcf	0x1
decompiler	CODE:76d6	CODE:76ea	MOVC A,@A+DPTR	54	read	CODE	1	CAST(PIECE(INT_SUB(0xb9,INT_SRIGHT(INT_LEFT(INT_LESS(0x2b,CAST((unique, 0x10000000, 1))),0x7),0x7)),INT_SUB(INT_MULT(mem[EXTMEM:0723],0x2),0x2c)))		
decompiler	CODE:76d6	CODE:76eb	RET	72	write	INTMEM	1	INTMEM:cf	0xcf	0x1
decompiler	CODE:76d6	CODE:76eb	RET	72	read	INTMEM	1	INTMEM:cf	0xcf	
decompiler	CODE:76d6	CODE:76eb	RET	73	write	EXTMEM	1	EXTMEM:0723	0x723	mem[EXTMEM:0723]
decompiler	CODE:76d6	CODE:76eb	RET	73	read	EXTMEM	1	EXTMEM:0723	0x723	
decompiler	CODE:76ec	CODE:76f4	MOV 0xc7,A	23	read	SFR	1	SFR:c7	0xc7	
decompiler	CODE:7712	CODE:7712	CLR 0x0c	0	write	BITS	1	BITS:0c	0xc	0x0
decompiler	CODE:7712	CODE:7737	MOVX @DPTR,A	59	write	EXTMEM	1	EXTMEM:04a5	0x4a5	mem[EXTMEM:04a3]
decompiler	CODE:7712	CODE:7737	MOVX @DPTR,A	59	read	EXTMEM	1	EXTMEM:04a3	0x4a3	
decompiler	CODE:7712	CODE:773a	MOVX @DPTR,A	64	write	EXTMEM	1	EXTMEM:04a6	0x4a6	mem[EXTMEM:04a4]
decompiler	CODE:7712	CODE:773a	MOVX @DPTR,A	64	read	EXTMEM	1	EXTMEM:04a4	0x4a4	
decompiler	CODE:7712	CODE:773e	MOVX @DPTR,A	72	write	EXTMEM	1	EXTMEM:04a8	0x4a8	mem[EXTMEM:04a7]
decompiler	CODE:7712	CODE:773e	MOVX @DPTR,A	72	read	EXTMEM	1	EXTMEM:04a7	0x4a7	
decompiler	CODE:7712	CODE:773f	SJMP 0x7758	250	read	EXTMEM	1	EXTMEM:04a8	0x4a8	
decompiler	CODE:7712	CODE:7741	CLR 0x0c	86	write	BITS	1	BITS:0c	0xc	0x0
decompiler	CODE:7712	CODE:7760	LJMP 0x870e	181	write	EXTMEM	1	EXTMEM:04a3	0x4a3	mem[EXTMEM:04a3]
decompiler	CODE:7712	CODE:7760	LJMP 0x870e	181	read	EXTMEM	1	EXTMEM:04a3	0x4a3	
decompiler	CODE:7712	CODE:7760	LJMP 0x870e	189	write	EXTMEM	1	EXTMEM:04a4	0x4a4	mem[EXTMEM:04a4]
decompiler	CODE:7712	CODE:7760	LJMP 0x870e	189	read	EXTMEM	1	EXTMEM:04a4	0x4a4	
decompiler	CODE:7712	CODE:7760	LJMP 0x870e	197	write	EXTMEM	1	EXTMEM:04a5	0x4a5	mem[EXTMEM:04a5]
decompiler	CODE:7712	CODE:7760	LJMP 0x870e	197	read	EXTMEM	1	EXTMEM:04a5	0x4a5	
decompiler	CODE:7712	CODE:7760	LJMP 0x870e	205	write	EXTMEM	1	EXTMEM:04a6	0x4a6	mem[EXTMEM:04a6]
decompiler	CODE:7712	CODE:7760	LJMP 0x870e	205	read	EXTMEM	1	EXTMEM:04a6	0x4a6	
decompiler	CODE:7712	CODE:7760	LJMP 0x870e	213	write	EXTMEM	1	EXTMEM:04a7	0x4a7	mem[EXTMEM:04a7]
decompiler	CODE:7712	CODE:7760	LJMP 0x870e	213	read	EXTMEM	1	EXTMEM:04a7	0x4a7	
decompiler	CODE:7712	CODE:7760	LJMP 0x870e	221	write	EXTMEM	1	EXTMEM:04a8	0x4a8	mem[EXTMEM:04a8]
decompiler	CODE:7712	CODE:7760	LJMP 0x870e	221	read	EXTMEM	1	EXTMEM:04a8	0x4a8	
decompiler	CODE:7712	CODE:7760	LJMP 0x870e	229	write	BITS	1	BITS:0c	0xc	mem[BITS:0c]
decompiler	CODE:7712	CODE:7760	LJMP 0x870e	229	read	BITS	1	BITS:0c	0xc	
decompiler	CODE:7763	CODE:776c	MOVX @DPTR,A	9	write	EXTMEM	1	EXTMEM:04ab	0x4ab	0x0
decompiler	CODE:7763	CODE:776e	MOVX @DPTR,A	13	write	EXTMEM	1	EXTMEM:04ac	0x4ac	0x0
decompiler	CODE:7763	CODE:777a	MOVC A,@A+DPTR	43	read	CODE	1	PTRADD(0xb9c2,INT_ZEXT(CAST(INT_ADD(SUBPIECE(INT_MULT(INT_ZEXT(mem[INTMEM:b3]),0x6),0x0),(register, 0x7, 1)))),0x1)		
decompiler	CODE:7763	CODE:777f	JNB 0x0c,0x7789	48	read	BITS	1	BITS:0c	0xc	
decompiler	CODE:7763	CODE:778e	SETB 0x0d	121	write	BITS	1	BITS:0d	0xd	0x1
decompiler	CODE:7763	CODE:77b1	MOVX A,@DPTR	104	read	EXTMEM	1	EXTMEM:04ac	0x4ac	
decompiler	CODE:7763	CODE:77b3	RET	178	write	INTMEM	1	INTMEM:b3	0xb3	mem[INTMEM:b3]
decompiler	CODE:7763	CODE:77b3	RET	178	read	INTMEM	1	INTMEM:b3	0xb3	
decompiler	CODE:7763	CODE:77b3	RET	183	write	EXTMEM	1	EXTMEM:04a9	0x4a9	mem[EXTMEM:04a9]
decompiler	CODE:7763	CODE:77b3	RET	183	read	EXTMEM	1	EXTMEM:04a9	0x4a9	
decompiler	CODE:7763	CODE:77b3	RET	188	write	EXTMEM	1	EXTMEM:04aa	0x4aa	mem[EXTMEM:04aa]
decompiler	CODE:7763	CODE:77b3	RET	188	read	EXTMEM	1	EXTMEM:04aa	0x4aa	
decompiler	CODE:7763	CODE:77b3	RET	193	write	EXTMEM	1	EXTMEM:04ab	0x4ab	mem[EXTMEM:04ab]
decompiler	CODE:7763	CODE:77b3	RET	193	read	EXTMEM	1	EXTMEM:04ab	0x4ab	
decompiler	CODE:7763	CODE:77b3	RET	198	write	EXTMEM	1	EXTMEM:04ac	0x4ac	mem[EXTMEM:04ac]
decompiler	CODE:7763	CODE:77b3	RET	198	read	EXTMEM	1	EXTMEM:04ac	0x4ac	
decompiler	CODE:7763	CODE:77b3	RET	203	write	BITS	1	BITS:0c	0xc	mem[BITS:0c]
decompiler	CODE:7763	CODE:77b3	RET	203	read	BITS	1	BITS:0c	0xc	
decompiler	CODE:7763	CODE:77b3	RET	208	write	BITS	1	BITS:0d	0xd	mem[BITS:0d]
decompiler	CODE:7763	CODE:77b3	RET	208	read	BITS	1	BITS:0d	0xd	
decompiler	CODE:77b4	CODE:77b4	PUSH A	147	read	INTMEM	1	INTMEM:00	0x0	
decompiler	CODE:77b4	CODE:77b4	PUSH A	148	read	INTMEM	1	INTMEM:01	0x1	
decompiler	CODE:77b4	CODE:77b4	PUSH A	149	read	INTMEM	1	INTMEM:02	0x2	
decompiler	CODE:77b4	CODE:77b4	PUSH A	150	read	INTMEM	1	INTMEM:03	0x3	
decompiler	CODE:77b4	CODE:77b4	PUSH A	151	read	INTMEM	1	INTMEM:04	0x4	
decompiler	CODE:77b4	CODE:77b4	PUSH A	152	read	INTMEM	1	INTMEM:05	0x5	
decompiler	CODE:77b4	CODE:77b4	PUSH A	153	read	INTMEM	1	INTMEM:06	0x6	
decompiler	CODE:77b4	CODE:77b4	PUSH A	154	read	INTMEM	1	INTMEM:07	0x7	
decompiler	CODE:77b4	CODE:77d1	MOV 0xb8,#0xf7	86	read	SFR	1	SFR:b8	0xb8	
decompiler	CODE:77b4	CODE:77d9	MOVX @DPTR,A	32	write	EXTMEM	1	EXTMEM:0701	0x701	0x6
decompiler	CODE:77b4	CODE:77dd	MOVX @DPTR,A	37	write	EXTMEM	1	EXTMEM:0702	0x702	0xf1
decompiler	CODE:77b4	CODE:77e0	MOV @R0,#0x0	40	write	INTMEM	1	INTMEM:b9	0xb9	0x0
decompiler	CODE:77b4	CODE:77e5	POP 0x07	49	write	INTMEM	1	INTMEM:07	0x7	COPY(mem[INTMEM:07])
decompiler	CODE:77b4	CODE:77e7	POP 0x06	51	write	INTMEM	1	INTMEM:06	0x6	COPY(mem[INTMEM:06])
decompiler	CODE:77b4	CODE:77e9	POP 0x05	53	write	INTMEM	1	INTMEM:05	0x5	COPY(mem[INTMEM:05])
decompiler	CODE:77b4	CODE:77eb	POP 0x04	55	write	INTMEM	1	INTMEM:04	0x4	COPY(mem[INTMEM:04])
decompiler	CODE:77b4	CODE:77ed	POP 0x03	57	write	INTMEM	1	INTMEM:03	0x3	COPY(mem[INTMEM:03])
decompiler	CODE:77b4	CODE:77ef	POP 0x02	59	write	INTMEM	1	INTMEM:02	0x2	COPY(mem[INTMEM:02])
decompiler	CODE:77b4	CODE:77f1	POP 0x01	61	write	INTMEM	1	INTMEM:01	0x1	COPY(mem[INTMEM:01])
decompiler	CODE:77b4	CODE:77f3	POP 0x00	63	write	INTMEM	1	INTMEM:00	0x0	COPY(mem[INTMEM:00])
decompiler	CODE:77b4	CODE:77ff	RETI	111	write	INTMEM	1	INTMEM:00	0x0	mem[INTMEM:00]
decompiler	CODE:77b4	CODE:77ff	RETI	111	read	INTMEM	1	INTMEM:00	0x0	
decompiler	CODE:77b4	CODE:77ff	RETI	113	write	INTMEM	1	INTMEM:01	0x1	mem[INTMEM:01]
decompiler	CODE:77b4	CODE:77ff	RETI	113	read	INTMEM	1	INTMEM:01	0x1	
decompiler	CODE:77b4	CODE:77ff	RETI	115	write	INTMEM	1	INTMEM:02	0x2	mem[INTMEM:02]
decompiler	CODE:77b4	CODE:77ff	RETI	115	read	INTMEM	1	INTMEM:02	0x2	
decompiler	CODE:77b4	CODE:77ff	RETI	117	write	INTMEM	1	INTMEM:03	0x3	mem[INTMEM:03]
decompiler	CODE:77b4	CODE:77ff	RETI	117	read	INTMEM	1	INTMEM:03	0x3	
decompiler	CODE:77b4	CODE:77ff	RETI	119	write	INTMEM	1	INTMEM:04	0x4	mem[INTMEM:04]
decompiler	CODE:77b4	CODE:77ff	RETI	119	read	INTMEM	1	INTMEM:04	0x4	
decompiler	CODE:77b4	CODE:77ff	RETI	121	write	INTMEM	1	INTMEM:05	0x5	mem[INTMEM:05]
decompiler	CODE:77b4	CODE:77ff	RETI	121	read	INTMEM	1	INTMEM:05	0x5	
decompiler	CODE:77b4	CODE:77ff	RETI	123	write	INTMEM	1	INTMEM:06	0x6	mem[INTMEM:06]
decompiler	CODE:77b4	CODE:77ff	RETI	123	read	INTMEM	1	INTMEM:06	0x6	
decompiler	CODE:77b4	CODE:77ff	RETI	125	write	INTMEM	1	INTMEM:07	0x7	mem[INTMEM:07]
decompiler	CODE:77b4	CODE:77ff	RETI	125	read	INTMEM	1	INTMEM:07	0x7	
decompiler	CODE:77b4	CODE:77ff	RETI	127	write	INTMEM	1	INTMEM:b9	0xb9	mem[INTMEM:b9]
decompiler	CODE:77b4	CODE:77ff	RETI	127	read	INTMEM	1	INTMEM:b9	0xb9	
decompiler	CODE:77b4	CODE:77ff	RETI	129	write	EXTMEM	1	EXTMEM:0701	0x701	mem[EXTMEM:0701]
decompiler	CODE:77b4	CODE:77ff	RETI	129	read	EXTMEM	1	EXTMEM:0701	0x701	
decompiler	CODE:77b4	CODE:77ff	RETI	131	write	EXTMEM	1	EXTMEM:0702	0x702	mem[EXTMEM:0702]
decompiler	CODE:77b4	CODE:77ff	RETI	131	read	EXTMEM	1	EXTMEM:0702	0x702	
decompiler	CODE:789f	CODE:78a2	MOV @R0,A	3	write	INTMEM	1	INTMEM:a4	0xa4	0x0
decompiler	CODE:789f	CODE:78a4	MOV @R0,A	6	write	INTMEM	1	INTMEM:a5	0xa5	0x0
decompiler	CODE:789f	CODE:78a6	MOV @R0,A	9	write	INTMEM	1	INTMEM:a6	0xa6	0x0
decompiler	CODE:789f	CODE:78b9	MOVX @DPTR,A	28	write	EXTMEM	1	EXTMEM:0af2	0xaf2	0x0
decompiler	CODE:789f	CODE:78bd	MOVX @DPTR,A	32	write	EXTMEM	1	EXTMEM:0af4	0xaf4	0x0
decompiler	CODE:789f	CODE:78c1	MOVX @DPTR,A	36	write	EXTMEM	1	EXTMEM:0af3	0xaf3	0x0
decompiler	CODE:789f	CODE:78c5	MOVX @DPTR,A	40	write	EXTMEM	1	EXTMEM:0af5	0xaf5	0x0
decompiler	CODE:789f	CODE:78c7	MOVX @DPTR,A	44	write	EXTMEM	1	EXTMEM:0af6	0xaf6	0x0
decompiler	CODE:789f	CODE:78c9	MOVX @DPTR,A	48	write	EXTMEM	1	EXTMEM:0af7	0xaf7	0x0
decompiler	CODE:789f	CODE:78cd	MOVX @DPTR,A	52	write	EXTMEM	1	EXTMEM:0afa	0xafa	0x0
decompiler	CODE:789f	CODE:78d7	MOVX @DPTR,A	65	write	EXTMEM	1	EXTMEM:0af8	0xaf8	0x3
decompiler	CODE:789f	CODE:78db	MOVX @DPTR,A	70	write	EXTMEM	1	EXTMEM:0af9	0xaf9	0xf2
decompiler	CODE:789f	CODE:78e0	MOVX @DPTR,A	75	write	EXTMEM	1	EXTMEM:0afb	0xafb	0x0
decompiler	CODE:789f	CODE:78e2	MOVX @DPTR,A	79	write	EXTMEM	1	EXTMEM:0afc	0xafc	0x0
decompiler	CODE:789f	CODE:78e8	MOVX @DPTR,A	84	write	EXTMEM	1	EXTMEM:0af0	0xaf0	0x66
decompiler	CODE:789f	CODE:78ec	MOVX @DPTR,A	89	write	EXTMEM	1	EXTMEM:0af1	0xaf1	0x97
decompiler	CODE:789f	CODE:78ed	RET	108	write	INTMEM	1	INTMEM:a4	0xa4	0x0
decompiler	CODE:789f	CODE:78ed	RET	108	read	INTMEM	1	INTMEM:a4	0xa4	
decompiler	CODE:789f	CODE:78ed	RET	109	write	INTMEM	1	INTMEM:a5	0xa5	0x0
decompiler	CODE:789f	CODE:78ed	RET	109	read	INTMEM	1	INTMEM:a5	0xa5	
decompiler	CODE:789f	CODE:78ed	RET	110	write	INTMEM	1	INTMEM:a6	0xa6	0x0
decompiler	CODE:789f	CODE:78ed	RET	110	read	INTMEM	1	INTMEM:a6	0xa6	
decompiler	CODE:789f	CODE:78ed	RET	111	write	EXTMEM	1	EXTMEM:0af0	0xaf0	mem[EXTMEM:0af0]
decompiler	CODE:789f	CODE:78ed	RET	111	read	EXTMEM	1	EXTMEM:0af0	0xaf0	
decompiler	CODE:789f	CODE:78ed	RET	113	write	EXTMEM	1	EXTMEM:0af1	0xaf1	mem[EXTMEM:0af1]
decompiler	CODE:789f	CODE:78ed	RET	113	read	EXTMEM	1	EXTMEM:0af1	0xaf1	
decompiler	CODE:789f	CODE:78ed	RET	115	write	EXTMEM	1	EXTMEM:0af2	0xaf2	mem[EXTMEM:0af2]
decompiler	CODE:789f	CODE:78ed	RET	115	read	EXTMEM	1	EXTMEM:0af2	0xaf2	
decompiler	CODE:789f	CODE:78ed	RET	117	write	EXTMEM	1	EXTMEM:0af3	0xaf3	mem[EXTMEM:0af3]
decompiler	CODE:789f	CODE:78ed	RET	117	read	EXTMEM	1	EXTMEM:0af3	0xaf3	
decompiler	CODE:789f	CODE:78ed	RET	119	write	EXTMEM	1	EXTMEM:0af4	0xaf4	mem[EXTMEM:0af4]
decompiler	CODE:789f	CODE:78ed	RET	119	read	EXTMEM	1	EXTMEM:0af4	0xaf4	
decompiler	CODE:789f	CODE:78ed	RET	121	write	EXTMEM	1	EXTMEM:0af5	0xaf5	mem[EXTMEM:0af5]
decompiler	CODE:789f	CODE:78ed	RET	121	read	EXTMEM	1	EXTMEM:0af5	0xaf5	
decompiler	CODE:789f	CODE:78ed	RET	123	write	EXTMEM	1	EXTMEM:0af6	0xaf6	mem[EXTMEM:0af6]
decompiler	CODE:789f	CODE:78ed	RET	123	read	EXTMEM	1	EXTMEM:0af6	0xaf6	
decompiler	CODE:789f	CODE:78ed	RET	125	write	EXTMEM	1	EXTMEM:0af7	0xaf7	mem[EXTMEM:0af7]
decompiler	CODE:789f	CODE:78ed	RET	125	read	EXTMEM	1	EXTMEM:0af7	0xaf7	
decompiler	CODE:789f	CODE:78ed	RET	127	write	EXTMEM	1	EXTMEM:0af8	0xaf8	mem[EXTMEM:0af8]
decompiler	CODE:789f	CODE:78ed	RET	127	read	EXTMEM	1	EXTMEM:0af8	0xaf8	
decompiler	CODE:789f	CODE:78ed	RET	129	write	EXTMEM	1	EXTMEM:0af9	0xaf9	mem[EXTMEM:0af9]
decompiler	CODE:789f	CODE:78ed	RET	129	read	EXTMEM	1	EXTMEM:0af9	0xaf9	
decompiler	CODE:789f	CODE:78ed	RET	131	write	EXTMEM	1	EXTMEM:0afa	0xafa	mem[EXTMEM:0afa]
decompiler	CODE:789f	CODE:78ed	RET	131	read	EXTMEM	1	EXTMEM:0afa	0xafa	
decompiler	CODE:789f	CODE:78ed	RET	133	write	EXTMEM	1	EXTMEM:0afb	0xafb	mem[EXTMEM:0afb]
decompiler	CODE:789f	CODE:78ed	RET	133	read	EXTMEM	1	EXTMEM:0afb	0xafb	
decompiler	CODE:789f	CODE:78ed	RET	135	write	EXTMEM	1	EXTMEM:0afc	0xafc	mem[EXTMEM:0afc]
decompiler	CODE:789f	CODE:78ed	RET	135	read	EXTMEM	1	EXTMEM:0afc	0xafc	
decompiler	CODE:78ee	CODE:78ee	PUSH A	147	read	INTMEM	1	INTMEM:00	0x0	
decompiler	CODE:78ee	CODE:78ee	PUSH A	148	read	INTMEM	1	INTMEM:01	0x1	
decompiler	CODE:78ee	CODE:78ee	PUSH A	149	read	INTMEM	1	INTMEM:02	0x2	
decompiler	CODE:78ee	CODE:78ee	PUSH A	150	read	INTMEM	1	INTMEM:03	0x3	
decompiler	CODE:78ee	CODE:78ee	PUSH A	151	read	INTMEM	1	INTMEM:04	0x4	
decompiler	CODE:78ee	CODE:78ee	PUSH A	152	read	INTMEM	1	INTMEM:05	0x5	
decompiler	CODE:78ee	CODE:78ee	PUSH A	153	read	INTMEM	1	INTMEM:06	0x6	
decompiler	CODE:78ee	CODE:78ee	PUSH A	154	read	INTMEM	1	INTMEM:07	0x7	
decompiler	CODE:78ee	CODE:790b	MOV 0xb8,#0xef	86	read	SFR	1	SFR:b8	0xb8	
decompiler	CODE:78ee	CODE:7913	MOVX @DPTR,A	32	write	EXTMEM	1	EXTMEM:0701	0x701	0x6
decompiler	CODE:78ee	CODE:7917	MOVX @DPTR,A	37	write	EXTMEM	1	EXTMEM:0702	0x702	0xf9
decompiler	CODE:78ee	CODE:791a	MOV @R0,#0x1	40	write	INTMEM	1	INTMEM:b9	0xb9	0x1
decompiler	CODE:78ee	CODE:791f	POP 0x07	49	write	INTMEM	1	INTMEM:07	0x7	COPY(mem[INTMEM:07])
decompiler	CODE:78ee	CODE:7921	POP 0x06	51	write	INTMEM	1	INTMEM:06	0x6	COPY(mem[INTMEM:06])
decompiler	CODE:78ee	CODE:7923	POP 0x05	53	write	INTMEM	1	INTMEM:05	0x5	COPY(mem[INTMEM:05])
decompiler	CODE:78ee	CODE:7925	POP 0x04	55	write	INTMEM	1	INTMEM:04	0x4	COPY(mem[INTMEM:04])
decompiler	CODE:78ee	CODE:7927	POP 0x03	57	write	INTMEM	1	INTMEM:03	0x3	COPY(mem[INTMEM:03])
decompiler	CODE:78ee	CODE:7929	POP 0x02	59	write	INTMEM	1	INTMEM:02	0x2	COPY(mem[INTMEM:02])
decompiler	CODE:78ee	CODE:792b	POP 0x01	61	write	INTMEM	1	INTMEM:01	0x1	COPY(mem[INTMEM:01])
decompiler	CODE:78ee	CODE:792d	POP 0x00	63	write	INTMEM	1	INTMEM:00	0x0	COPY(mem[INTMEM:00])
decompiler	CODE:78ee	CODE:7939	RETI	111	write	INTMEM	1	INTMEM:00	0x0	mem[INTMEM:00]
decompiler	CODE:78ee	CODE:7939	RETI	111	read	INTMEM	1	INTMEM:00	0x0	
decompiler	CODE:78ee	CODE:7939	RETI	113	write	INTMEM	1	INTMEM:01	0x1	mem[INTMEM:01]
decompiler	CODE:78ee	CODE:7939	RETI	113	read	INTMEM	1	INTMEM:01	0x1	
decompiler	CODE:78ee	CODE:7939	RETI	115	write	INTMEM	1	INTMEM:02	0x2	mem[INTMEM:02]
decompiler	CODE:78ee	CODE:7939	RETI	115	read	INTMEM	1	INTMEM:02	0x2	
decompiler	CODE:78ee	CODE:7939	RETI	117	write	INTMEM	1	INTMEM:03	0x3	mem[INTMEM:03]
decompiler	CODE:78ee	CODE:7939	RETI	117	read	INTMEM	1	INTMEM:03	0x3	
decompiler	CODE:78ee	CODE:7939	RETI	119	write	INTMEM	1	INTMEM:04	0x4	mem[INTMEM:04]
decompiler	CODE:78ee	CODE:7939	RETI	119	read	INTMEM	1	INTMEM:04	0x4	
decompiler	CODE:78ee	CODE:7939	RETI	121	write	INTMEM	1	INTMEM:05	0x5	mem[INTMEM:05]
decompiler	CODE:78ee	CODE:7939	RETI	121	read	INTMEM	1	INTMEM:05	0x5	
decompiler	CODE:78ee	CODE:7939	RETI	123	write	INTMEM	1	INTMEM:06	0x6	mem[INTMEM:06]
decompiler	CODE:78ee	CODE:7939	RETI	123	read	INTMEM	1	INTMEM:06	0x6	
decompiler	CODE:78ee	CODE:7939	RETI	125	write	INTMEM	1	INTMEM:07	0x7	mem[INTMEM:07]
decompiler	CODE:78ee	CODE:7939	RETI	125	read	INTMEM	1	INTMEM:07	0x7	
decompiler	CODE:78ee	CODE:7939	RETI	127	write	INTMEM	1	INTMEM:b9	0xb9	mem[INTMEM:b9]
decompiler	CODE:78ee	CODE:7939	RETI	127	read	INTMEM	1	INTMEM:b9	0xb9	
decompiler	CODE:78ee	CODE:7939	RETI	129	write	EXTMEM	1	EXTMEM:0701	0x701	mem[EXTMEM:0701]
decompiler	CODE:78ee	CODE:7939	RETI	129	read	EXTMEM	1	EXTMEM:0701	0x701	
decompiler	CODE:78ee	CODE:7939	RETI	131	write	EXTMEM	1	EXTMEM:0702	0x702	mem[EXTMEM:0702]
decompiler	CODE:78ee	CODE:7939	RETI	131	read	EXTMEM	1	EXTMEM:0702	0x702	
decompiler	CODE:793a	CODE:793a	CLR 0x10	0	write	BITS	1	BITS:10	0x10	0x0
decompiler	CODE:793a	CODE:793c	MOV 0xa3,#0x5a	115	read	SFR	1	SFR:a3	0xa3	
decompiler	CODE:793a	CODE:793f	MOV 0x85,#0x10	114	read	SFR	1	SFR:85	0x85	
decompiler	CODE:793a	CODE:7943	MOV 0xa3,A	116	read	SFR	1	SFR:a3	0xa3	
decompiler	CODE:793a	CODE:794c	MOVX @DPTR,A	12	write	EXTMEM	1	EXTMEM:04a1	0x4a1	mem[EXTMEM:0760]
decompiler	CODE:793a	CODE:794c	MOVX @DPTR,A	12	read	EXTMEM	1	EXTMEM:0760	0x760	
decompiler	CODE:793a	CODE:794e	JZ 0x795f	14	read	EXTMEM	1	EXTMEM:0760	0x760	
decompiler	CODE:793a	CODE:7951	JZ 0x7967	17	read	EXTMEM	1	EXTMEM:0760	0x760	
decompiler	CODE:793a	CODE:795c	MOVX @DPTR,A	38	write	EXTMEM	1	EXTMEM:04a2	0x4a2	0x1
decompiler	CODE:793a	CODE:7964	MOVX @DPTR,A	106	write	EXTMEM	1	EXTMEM:04a2	0x4a2	0x2
decompiler	CODE:7985	CODE:7991	JZ 0x79a9	28	read	INTMEM	1	INTMEM:cc	0xcc	
decompiler	CODE:7985	CODE:7994	JNZ 0x79ac	31	read	INTMEM	1	INTMEM:cc	0xcc	
decompiler	CODE:7985	CODE:799b	JZ 0x79a4	49	read	INTMEM	1	INTMEM:cd	0xcd	
decompiler	CODE:7985	CODE:799e	JZ 0x79a4	52	read	INTMEM	1	INTMEM:cd	0xcd	
decompiler	CODE:7985	CODE:79a2	JNZ 0x79ac	67	read	INTMEM	1	INTMEM:cd	0xcd	
decompiler	CODE:7985	CODE:79af	CJNE A,#0x22,0x79b9	93	read	INTMEM	1	INTMEM:cd	0xcd	
decompiler	CODE:7985	CODE:79cc	RET	282	write	INTMEM	1	INTMEM:cc	0xcc	mem[INTMEM:cc]
decompiler	CODE:7985	CODE:79cc	RET	282	read	INTMEM	1	INTMEM:cc	0xcc	
decompiler	CODE:7985	CODE:79cc	RET	294	write	INTMEM	1	INTMEM:cd	0xcd	mem[INTMEM:cd]
decompiler	CODE:7985	CODE:79cc	RET	294	read	INTMEM	1	INTMEM:cd	0xcd	
decompiler	CODE:7985	CODE:79cf	RET	281	write	INTMEM	1	INTMEM:cc	0xcc	mem[INTMEM:cc]
decompiler	CODE:7985	CODE:79cf	RET	281	read	INTMEM	1	INTMEM:cc	0xcc	
decompiler	CODE:7985	CODE:79cf	RET	293	write	INTMEM	1	INTMEM:cd	0xcd	mem[INTMEM:cd]
decompiler	CODE:7985	CODE:79cf	RET	293	read	INTMEM	1	INTMEM:cd	0xcd	
decompiler	CODE:7985	CODE:79cf	RET	323	write	INTMEM	1	INTMEM:cc	0xcc	mem[INTMEM:cc]
decompiler	CODE:7985	CODE:79cf	RET	323	read	INTMEM	1	INTMEM:cc	0xcc	
decompiler	CODE:7985	CODE:79cf	RET	324	write	INTMEM	1	INTMEM:cd	0xcd	mem[INTMEM:cd]
decompiler	CODE:7985	CODE:79cf	RET	324	read	INTMEM	1	INTMEM:cd	0xcd	
decompiler	CODE:79d0	CODE:79f9	LCALL 0xad49	129	write	EXTMEM	1	EXTMEM:04c6	0x4c6	mem[EXTMEM:04c6]
decompiler	CODE:79d0	CODE:79f9	LCALL 0xad49	129	read	EXTMEM	1	EXTMEM:04c6	0x4c6	
decompiler	CODE:79d0	CODE:79f9	LCALL 0xad49	135	write	EXTMEM	1	EXTMEM:04c7	0x4c7	mem[EXTMEM:04c7]
decompiler	CODE:79d0	CODE:79f9	LCALL 0xad49	135	read	EXTMEM	1	EXTMEM:04c7	0x4c7	
decompiler	CODE:79d0	CODE:79f9	LCALL 0xad49	141	write	EXTMEM	1	EXTMEM:04c8	0x4c8	mem[EXTMEM:04c8]
decompiler	CODE:79d0	CODE:79f9	LCALL 0xad49	141	read	EXTMEM	1	EXTMEM:04c8	0x4c8	
decompiler	CODE:79d0	CODE:79f9	LCALL 0xad49	147	write	EXTMEM	1	EXTMEM:04c9	0x4c9	mem[EXTMEM:04c9]
decompiler	CODE:79d0	CODE:79f9	LCALL 0xad49	147	read	EXTMEM	1	EXTMEM:04c9	0x4c9	
decompiler	CODE:7a1a	CODE:7a1a	CLR 0x0a	0	write	BITS	1	BITS:0a	0xa	0x0
decompiler	CODE:7a1a	CODE:7a1c	CLR 0x0b	1	write	BITS	1	BITS:0b	0xb	0x0
decompiler	CODE:7a1a	CODE:7a33	SETB 0x0a	51	write	BITS	1	BITS:0a	0xa	0x1
decompiler	CODE:7a1a	CODE:7a37	SETB 0x0b	103	write	BITS	1	BITS:0b	0xb	0x1
decompiler	CODE:7a1a	CODE:7a3b	MOV 0x0c,CY	56	write	BITS	1	BITS:0c	0xc	mem[BITS:0a]
decompiler	CODE:7a1a	CODE:7a3b	MOV 0x0c,CY	56	read	BITS	1	BITS:0a	0xa	
decompiler	CODE:7a1a	CODE:7a4c	MOV 0x0c,CY	79	write	BITS	1	BITS:0c	0xc	mem[BITS:0b]
decompiler	CODE:7a1a	CODE:7a4c	MOV 0x0c,CY	79	read	BITS	1	BITS:0b	0xb	
decompiler	CODE:7a1a	CODE:7a5f	LJMP 0x2800	184	write	INTMEM	1	INTMEM:06	0x6	mem[INTMEM:06]
decompiler	CODE:7a1a	CODE:7a5f	LJMP 0x2800	184	read	INTMEM	1	INTMEM:06	0x6	
decompiler	CODE:7a1a	CODE:7a5f	LJMP 0x2800	192	write	INTMEM	1	INTMEM:07	0x7	mem[INTMEM:07]
decompiler	CODE:7a1a	CODE:7a5f	LJMP 0x2800	192	read	INTMEM	1	INTMEM:07	0x7	
decompiler	CODE:7a1a	CODE:7a5f	LJMP 0x2800	200	write	EXTMEM	1	EXTMEM:04a3	0x4a3	mem[EXTMEM:04a3]
decompiler	CODE:7a1a	CODE:7a5f	LJMP 0x2800	200	read	EXTMEM	1	EXTMEM:04a3	0x4a3	
decompiler	CODE:7a1a	CODE:7a5f	LJMP 0x2800	208	write	EXTMEM	1	EXTMEM:04a4	0x4a4	mem[EXTMEM:04a4]
decompiler	CODE:7a1a	CODE:7a5f	LJMP 0x2800	208	read	EXTMEM	1	EXTMEM:04a4	0x4a4	
decompiler	CODE:7a1a	CODE:7a5f	LJMP 0x2800	216	write	BITS	1	BITS:0a	0xa	mem[BITS:0a]
decompiler	CODE:7a1a	CODE:7a5f	LJMP 0x2800	216	read	BITS	1	BITS:0a	0xa	
decompiler	CODE:7a1a	CODE:7a5f	LJMP 0x2800	224	write	BITS	1	BITS:0b	0xb	mem[BITS:0b]
decompiler	CODE:7a1a	CODE:7a5f	LJMP 0x2800	224	read	BITS	1	BITS:0b	0xb	
decompiler	CODE:7a1a	CODE:7a5f	LJMP 0x2800	232	write	BITS	1	BITS:0c	0xc	mem[BITS:0c]
decompiler	CODE:7a1a	CODE:7a5f	LJMP 0x2800	232	read	BITS	1	BITS:0c	0xc	
decompiler	CODE:7a62	CODE:7a6f	MOVX A,@DPTR	36	read	EXTMEM	1	CAST(PIECE(INT_SUB(0x4,INT_SRIGHT(INT_LEFT(INT_LESS(0x62,mem[INTMEM:b3]),0x7),0x7)),INT_ADD(mem[INTMEM:b3],0x9d)))		
decompiler	CODE:7a62	CODE:7a71	MOVX @DPTR,A	41	write	EXTMEM	1	CAST(PIECE(INT_SUB(0x4,INT_SRIGHT(INT_LEFT(INT_LESS(0x62,mem[INTMEM:b3]),0x7),0x7)),INT_ADD(mem[INTMEM:b3],0x9d)))		INT_ADD(LOAD(0x311,CAST(PIECE(INT_SUB(0x4,(unique, 0x10000000, 1)),INT_ADD(mem[INTMEM:b3],0x9d)))),0x1)
decompiler	CODE:7a62	CODE:7a82	MOVX @DPTR,A	90	write	EXTMEM	1	CAST(PIECE(INT_SUB(0x4,INT_SRIGHT(INT_LEFT(INT_LESS(0x62,mem[INTMEM:b3]),0x7),0x7)),INT_ADD(mem[INTMEM:b3],0x9d)))		0x0
decompiler	CODE:7a62	CODE:7a83	LCALL 0x959b	281	read	INTMEM	1	INTMEM:b3	0xb3	
decompiler	CODE:7a62	CODE:7aa2	MOVX @DPTR,A	194	write	EXTMEM	1	CAST(PIECE(INT_SUB(0x4,INT_SRIGHT(INT_LEFT(INT_LESS(0xbc,INT_MULT(mem[INTMEM:b3],0x2)),0x7),0x7)),INT_ADD(INT_MULT(mem[INTMEM:b3],0x2),0x43)))		INDIRECT(INDIRECT(INDIRECT((register, 0x6, 1),0x62),0x87),0x8f)
decompiler	CODE:7a62	CODE:7aa5	MOVX @DPTR,A	199	write	EXTMEM	1	PTRADD(CAST(PIECE(INT_SUB(0x4,INT_SRIGHT(INT_LEFT(INT_LESS(0xbc,(unique, 0x10000005, 1)),0x7),0x7)),INT_ADD(INT_MULT(mem[INTMEM:b3],0x2),0x43))),0x1,0x1)		INDIRECT(INDIRECT(INDIRECT(COPY(mem[INTMEM:b3]),0x62),0x87),0x8f)
decompiler	CODE:7a62	CODE:7aa7	RET	272	write	INTMEM	1	INTMEM:b3	0xb3	mem[INTMEM:b3]
decompiler	CODE:7a62	CODE:7aa7	RET	272	read	INTMEM	1	INTMEM:b3	0xb3	
decompiler	CODE:7a62	CODE:7aa9	RET	273	write	INTMEM	1	INTMEM:b3	0xb3	mem[INTMEM:b3]
decompiler	CODE:7a62	CODE:7aa9	RET	273	read	INTMEM	1	INTMEM:b3	0xb3	
decompiler	CODE:7aaa	CODE:7aaf	MOVX @DPTR,A	4	write	EXTMEM	1	EXTMEM:1000	0x1000	0x3
decompiler	CODE:7aaa	CODE:7ab3	MOVX @DPTR,A	9	write	EXTMEM	1	EXTMEM:1001	0x1001	0xf0
decompiler	CODE:7aaa	CODE:7ab7	MOVX @DPTR,A	14	write	EXTMEM	1	EXTMEM:1002	0x1002	0x23
decompiler	CODE:7aaa	CODE:7ab9	MOV 0x80,A	82	read	SFR	1	SFR:80	0x80	
decompiler	CODE:7aaa	CODE:7abc	MOVX @DPTR,A	20	write	EXTMEM	1	EXTMEM:1003	0x1003	0x0
decompiler	CODE:7aaa	CODE:7ac2	MOVX @DPTR,A	25	write	EXTMEM	1	EXTMEM:1008	0x1008	0x3f
decompiler	CODE:7aaa	CODE:7ac6	MOVX @DPTR,A	30	write	EXTMEM	1	EXTMEM:1009	0x1009	0xfc
decompiler	CODE:7aaa	CODE:7aca	MOVX @DPTR,A	35	write	EXTMEM	1	EXTMEM:100a	0x100a	0x81
decompiler	CODE:7aaa	CODE:7acb	MOV 0xc8,#0x80	83	read	SFR	1	SFR:c8	0xc8	
decompiler	CODE:7aaa	CODE:7ad0	MOVX @DPTR,A	41	write	EXTMEM	1	EXTMEM:100b	0x100b	0x0
decompiler	CODE:7aaa	CODE:7ad5	MOVX @DPTR,A	46	write	EXTMEM	1	EXTMEM:1010	0x1010	0x1
decompiler	CODE:7aaa	CODE:7ad9	MOVX @DPTR,A	51	write	EXTMEM	1	EXTMEM:1011	0x1011	0x40
decompiler	CODE:7aaa	CODE:7add	MOVX @DPTR,A	56	write	EXTMEM	1	EXTMEM:1012	0x1012	0x8
decompiler	CODE:7aaa	CODE:7adf	MOV 0xf8,A	84	read	SFR	1	SFR:f8	0xf8	
decompiler	CODE:7aaa	CODE:7ae2	MOVX @DPTR,A	62	write	EXTMEM	1	EXTMEM:1013	0x1013	0x0
decompiler	CODE:7aaa	CODE:7ae3	SETB 0xcf	88	read	BITS	1	BITS:cf	0xcf	
decompiler	CODE:7aaa	CODE:7ae5	SETB 0xcd	87	read	BITS	1	BITS:cd	0xcd	
decompiler	CODE:7aaa	CODE:7ae7	CLR 0x85	85	read	BITS	1	BITS:85	0x85	
decompiler	CODE:7aaa	CODE:7ae9	CLR 0xc8	86	read	BITS	1	BITS:c8	0xc8	
decompiler	CODE:7aaa	CODE:7af0	MOVX @DPTR,A	71	write	EXTMEM	1	EXTMEM:1016	0x1016	0xc
decompiler	CODE:7aaa	CODE:7af1	RET	89	write	EXTMEM	1	EXTMEM:1000	0x1000	0x3
decompiler	CODE:7aaa	CODE:7af1	RET	89	read	EXTMEM	1	EXTMEM:1000	0x1000	
decompiler	CODE:7aaa	CODE:7af1	RET	90	write	EXTMEM	1	EXTMEM:1001	0x1001	0xf0
decompiler	CODE:7aaa	CODE:7af1	RET	90	read	EXTMEM	1	EXTMEM:1001	0x1001	
decompiler	CODE:7aaa	CODE:7af1	RET	91	write	EXTMEM	1	EXTMEM:1002	0x1002	0x23
decompiler	CODE:7aaa	CODE:7af1	RET	91	read	EXTMEM	1	EXTMEM:1002	0x1002	
decompiler	CODE:7aaa	CODE:7af1	RET	92	write	EXTMEM	1	EXTMEM:1003	0x1003	0x0
decompiler	CODE:7aaa	CODE:7af1	RET	92	read	EXTMEM	1	EXTMEM:1003	0x1003	
decompiler	CODE:7aaa	CODE:7af1	RET	93	write	EXTMEM	1	EXTMEM:1008	0x1008	0x3f
decompiler	CODE:7aaa	CODE:7af1	RET	93	read	EXTMEM	1	EXTMEM:1008	0x1008	
decompiler	CODE:7aaa	CODE:7af1	RET	94	write	EXTMEM	1	EXTMEM:1009	0x1009	0xfc
decompiler	CODE:7aaa	CODE:7af1	RET	94	read	EXTMEM	1	EXTMEM:1009	0x1009	
decompiler	CODE:7aaa	CODE:7af1	RET	95	write	EXTMEM	1	EXTMEM:100a	0x100a	0x81
decompiler	CODE:7aaa	CODE:7af1	RET	95	read	EXTMEM	1	EXTMEM:100a	0x100a	
decompiler	CODE:7aaa	CODE:7af1	RET	96	write	EXTMEM	1	EXTMEM:100b	0x100b	0x0
decompiler	CODE:7aaa	CODE:7af1	RET	96	read	EXTMEM	1	EXTMEM:100b	0x100b	
decompiler	CODE:7aaa	CODE:7af1	RET	97	write	EXTMEM	1	EXTMEM:1010	0x1010	0x1
decompiler	CODE:7aaa	CODE:7af1	RET	97	read	EXTMEM	1	EXTMEM:1010	0x1010	
decompiler	CODE:7aaa	CODE:7af1	RET	98	write	EXTMEM	1	EXTMEM:1011	0x1011	0x40
decompiler	CODE:7aaa	CODE:7af1	RET	98	read	EXTMEM	1	EXTMEM:1011	0x1011	
decompiler	CODE:7aaa	CODE:7af1	RET	99	write	EXTMEM	1	EXTMEM:1012	0x1012	0x8
decompiler	CODE:7aaa	CODE:7af1	RET	99	read	EXTMEM	1	EXTMEM:1012	0x1012	
decompiler	CODE:7aaa	CODE:7af1	RET	100	write	EXTMEM	1	EXTMEM:1013	0x1013	0x0
decompiler	CODE:7aaa	CODE:7af1	RET	100	read	EXTMEM	1	EXTMEM:1013	0x1013	
decompiler	CODE:7aaa	CODE:7af1	RET	101	write	EXTMEM	1	EXTMEM:1016	0x1016	0xc
decompiler	CODE:7aaa	CODE:7af1	RET	101	read	EXTMEM	1	EXTMEM:1016	0x1016	
decompiler	CODE:7af2	CODE:7b37	LJMP 0xab68	205	write	INTMEM	1	INTMEM:b3	0xb3	mem[INTMEM:b3]
decompiler	CODE:7af2	CODE:7b37	LJMP 0xab68	205	read	INTMEM	1	INTMEM:b3	0xb3	
decompiler	CODE:7af2	CODE:7b37	LJMP 0xab68	210	write	EXTMEM	1	EXTMEM:04b4	0x4b4	mem[EXTMEM:04b4]
decompiler	CODE:7af2	CODE:7b37	LJMP 0xab68	210	read	EXTMEM	1	EXTMEM:04b4	0x4b4	
decompiler	CODE:7af2	CODE:7b37	LJMP 0xab68	215	write	EXTMEM	1	EXTMEM:04b5	0x4b5	mem[EXTMEM:04b5]
decompiler	CODE:7af2	CODE:7b37	LJMP 0xab68	215	read	EXTMEM	1	EXTMEM:04b5	0x4b5	
decompiler	CODE:7b3a	CODE:7b3f	JNZ 0x7b7f	16	read	INTMEM	1	INTMEM:b2	0xb2	
decompiler	CODE:7b3a	CODE:7b46	JZ 0x7b6d	34	read	INTMEM	1	INTMEM:b4	0xb4	
decompiler	CODE:7b3a	CODE:7b4a	JNZ 0x7b7f	49	read	INTMEM	1	INTMEM:b4	0xb4	
decompiler	CODE:7b3a	CODE:7b70	JZ 0x7b7c	125	read	INTMEM	1	INTMEM:cc	0xcc	
decompiler	CODE:7b3a	CODE:7b7e	RET	245	write	INTMEM	1	INTMEM:b2	0xb2	mem[INTMEM:b2]
decompiler	CODE:7b3a	CODE:7b7e	RET	245	read	INTMEM	1	INTMEM:b2	0xb2	
decompiler	CODE:7b3a	CODE:7b7e	RET	255	write	INTMEM	1	INTMEM:b4	0xb4	mem[INTMEM:b4]
decompiler	CODE:7b3a	CODE:7b7e	RET	255	read	INTMEM	1	INTMEM:b4	0xb4	
decompiler	CODE:7b3a	CODE:7b7e	RET	265	write	INTMEM	1	INTMEM:cc	0xcc	mem[INTMEM:cc]
decompiler	CODE:7b3a	CODE:7b7e	RET	265	read	INTMEM	1	INTMEM:cc	0xcc	
decompiler	CODE:7b3a	CODE:7b7e	RET	275	write	INTMEM	1	INTMEM:cd	0xcd	mem[INTMEM:cd]
decompiler	CODE:7b3a	CODE:7b7e	RET	275	read	INTMEM	1	INTMEM:cd	0xcd	
decompiler	CODE:7b3a	CODE:7b81	RET	244	write	INTMEM	1	INTMEM:b2	0xb2	mem[INTMEM:b2]
decompiler	CODE:7b3a	CODE:7b81	RET	244	read	INTMEM	1	INTMEM:b2	0xb2	
decompiler	CODE:7b3a	CODE:7b81	RET	254	write	INTMEM	1	INTMEM:b4	0xb4	mem[INTMEM:b4]
decompiler	CODE:7b3a	CODE:7b81	RET	254	read	INTMEM	1	INTMEM:b4	0xb4	
decompiler	CODE:7b3a	CODE:7b81	RET	264	write	INTMEM	1	INTMEM:cc	0xcc	mem[INTMEM:cc]
decompiler	CODE:7b3a	CODE:7b81	RET	264	read	INTMEM	1	INTMEM:cc	0xcc	
decompiler	CODE:7b3a	CODE:7b81	RET	274	write	INTMEM	1	INTMEM:cd	0xcd	mem[INTMEM:cd]
decompiler	CODE:7b3a	CODE:7b81	RET	274	read	INTMEM	1	INTMEM:cd	0xcd	
decompiler	CODE:7b82	CODE:7b99	JZ 0x7bab	38	read	EXTMEM	1	EXTMEM:04a4	0x4a4	
decompiler	CODE:7b82	CODE:7b9c	JZ 0x7bb0	41	read	EXTMEM	1	EXTMEM:04a4	0x4a4	
decompiler	CODE:7b82	CODE:7b9f	JZ 0x7bb5	44	read	EXTMEM	1	EXTMEM:04a4	0x4a4	
decompiler	CODE:7b82	CODE:7ba2	JZ 0x7bba	47	read	EXTMEM	1	EXTMEM:04a4	0x4a4	
decompiler	CODE:7b82	CODE:7ba6	JNZ 0x7bc2	62	read	EXTMEM	1	EXTMEM:04a4	0x4a4	
decompiler	CODE:7b82	CODE:7bc7	LJMP 0x6c92	236	write	EXTMEM	1	EXTMEM:04a4	0x4a4	mem[EXTMEM:04a4]
decompiler	CODE:7b82	CODE:7bc7	LJMP 0x6c92	236	read	EXTMEM	1	EXTMEM:04a4	0x4a4	
decompiler	CODE:7b82	CODE:7bc7	LJMP 0x6c92	249	write	EXTMEM	1	EXTMEM:04a5	0x4a5	mem[EXTMEM:04a5]
decompiler	CODE:7b82	CODE:7bc7	LJMP 0x6c92	249	read	EXTMEM	1	EXTMEM:04a5	0x4a5	
decompiler	CODE:7bca	CODE:7bf0	LCALL 0xa139	261	read	INTMEM	1	INTMEM:b3	0xb3	
decompiler	CODE:7bca	CODE:7c10	RET	222	write	INTMEM	1	INTMEM:b3	0xb3	mem[INTMEM:b3]
decompiler	CODE:7bca	CODE:7c10	RET	222	read	INTMEM	1	INTMEM:b3	0xb3	
decompiler	CODE:7bca	CODE:7c10	RET	231	write	EXTMEM	1	EXTMEM:04ae	0x4ae	mem[EXTMEM:04ae]
decompiler	CODE:7bca	CODE:7c10	RET	231	read	EXTMEM	1	EXTMEM:04ae	0x4ae	
decompiler	CODE:7bca	CODE:7c10	RET	240	write	BITS	1	BITS:0d	0xd	mem[BITS:0d]
decompiler	CODE:7bca	CODE:7c10	RET	240	read	BITS	1	BITS:0d	0xd	
decompiler	CODE:7c14	CODE:7c1a	MOVX @DPTR,A	7	write	EXTMEM	1	EXTMEM:1012	0x1012	INT_OR(mem[EXTMEM:1012],0x2)
decompiler	CODE:7c14	CODE:7c1b	CLR 0xf9	19	read	BITS	1	BITS:f9	0xf9	
decompiler	CODE:7c14	CODE:7c1d	RET	20	write	EXTMEM	1	EXTMEM:1012	0x1012	mem[EXTMEM:1012]
decompiler	CODE:7c14	CODE:7c1d	RET	20	read	EXTMEM	1	EXTMEM:1012	0x1012	
decompiler	CODE:7c57	CODE:7c7c	MOVX @DPTR,A	114	write	EXTMEM	1	EXTMEM:04ae	0x4ae	0x5
decompiler	CODE:7c57	CODE:7c80	MOVX @DPTR,A	119	write	EXTMEM	1	EXTMEM:04af	0x4af	0xdc
decompiler	CODE:7c57	CODE:7c88	MOVX @DPTR,A	24	write	EXTMEM	1	EXTMEM:04ae	0x4ae	0xb
decompiler	CODE:7c57	CODE:7c8c	MOVX @DPTR,A	29	write	EXTMEM	1	EXTMEM:04af	0x4af	0xb8
decompiler	CODE:7c57	CODE:7c99	LJMP 0xa7c6	202	write	INTMEM	1	INTMEM:cb	0xcb	mem[INTMEM:cb]
decompiler	CODE:7c57	CODE:7c99	LJMP 0xa7c6	202	read	INTMEM	1	INTMEM:cb	0xcb	
decompiler	CODE:7c57	CODE:7c99	LJMP 0xa7c6	208	write	EXTMEM	1	EXTMEM:04ae	0x4ae	mem[EXTMEM:04ae]
decompiler	CODE:7c57	CODE:7c99	LJMP 0xa7c6	208	read	EXTMEM	1	EXTMEM:04ae	0x4ae	
decompiler	CODE:7c57	CODE:7c99	LJMP 0xa7c6	214	write	EXTMEM	1	EXTMEM:04af	0x4af	mem[EXTMEM:04af]
decompiler	CODE:7c57	CODE:7c99	LJMP 0xa7c6	214	read	EXTMEM	1	EXTMEM:04af	0x4af	
decompiler	CODE:7ce1	CODE:7ceb	RET	295	write	INTMEM	1	INTMEM:b3	0xb3	mem[INTMEM:b3]
decompiler	CODE:7ce1	CODE:7ceb	RET	295	read	INTMEM	1	INTMEM:b3	0xb3	
decompiler	CODE:7ce1	CODE:7cf9	MOVX @DPTR,A	55	write	EXTMEM	1	INDIRECT(INDIRECT(INDIRECT(INDIRECT((register, 0x82, 2),0x7),0xf),0x2a),0x33)		0x0
decompiler	CODE:7ce1	CODE:7d07	MOVX @DPTR,A	92	write	EXTMEM	1	INDIRECT(INDIRECT(INDIRECT(INDIRECT(INDIRECT(INDIRECT((register, 0x82, 2),0x7),0xf),0x2a),0x33),0x3f),0x58)		0x0
decompiler	CODE:7ce1	CODE:7d24	RET	296	write	INTMEM	1	INTMEM:b3	0xb3	mem[INTMEM:b3]
decompiler	CODE:7ce1	CODE:7d24	RET	296	read	INTMEM	1	INTMEM:b3	0xb3	
decompiler	CODE:7d25	CODE:7d25	ANL 0xb9,#0xf9	113	read	SFR	1	SFR:b9	0xb9	
decompiler	CODE:7d25	CODE:7d25	ANL 0xb9,#0xf9	115	read	SFR	1	SFR:b9	0xb9	
decompiler	CODE:7d25	CODE:7d45	MOVX @DPTR,A	46	write	EXTMEM	1	EXTMEM:0763	0x763	0x0
decompiler	CODE:7d25	CODE:7d64	MOVX @DPTR,A	111	write	EXTMEM	1	EXTMEM:0764	0x764	0x0
decompiler	CODE:7d25	CODE:7d65	ORL 0xb9,#0x6	114	read	SFR	1	SFR:b9	0xb9	
decompiler	CODE:7d25	CODE:7d65	ORL 0xb9,#0x6	116	read	SFR	1	SFR:b9	0xb9	
decompiler	CODE:7d25	CODE:7d68	RET	140	write	EXTMEM	1	EXTMEM:0763	0x763	mem[EXTMEM:0763]
decompiler	CODE:7d25	CODE:7d68	RET	140	read	EXTMEM	1	EXTMEM:0763	0x763	
decompiler	CODE:7d25	CODE:7d68	RET	143	write	EXTMEM	1	EXTMEM:0764	0x764	mem[EXTMEM:0764]
decompiler	CODE:7d25	CODE:7d68	RET	143	read	EXTMEM	1	EXTMEM:0764	0x764	
decompiler	CODE:7d25	CODE:7d68	RET	146	write	EXTMEM	1	EXTMEM:2038	0x2038	mem[EXTMEM:2038]
decompiler	CODE:7d25	CODE:7d68	RET	146	read	EXTMEM	1	EXTMEM:2038	0x2038	
decompiler	CODE:7d25	CODE:7d68	RET	149	write	EXTMEM	1	EXTMEM:2039	0x2039	mem[EXTMEM:2039]
decompiler	CODE:7d25	CODE:7d68	RET	149	read	EXTMEM	1	EXTMEM:2039	0x2039	
decompiler	CODE:7d25	CODE:7d68	RET	152	write	EXTMEM	1	EXTMEM:203a	0x203a	mem[EXTMEM:203a]
decompiler	CODE:7d25	CODE:7d68	RET	152	read	EXTMEM	1	EXTMEM:203a	0x203a	
decompiler	CODE:7d25	CODE:7d68	RET	155	write	EXTMEM	1	EXTMEM:203b	0x203b	mem[EXTMEM:203b]
decompiler	CODE:7d25	CODE:7d68	RET	155	read	EXTMEM	1	EXTMEM:203b	0x203b	
decompiler	CODE:7d69	CODE:7d6d	MOVX A,@DPTR	3	read	EXTMEM	1	(register, 0x82, 2)		
decompiler	CODE:7d69	CODE:7d70	MOVX A,@DPTR	8	read	EXTMEM	1	PTRADD((register, 0x82, 2),0x1,0x1)		
decompiler	CODE:7d69	CODE:7d75	MOVX @DPTR,A	16	write	EXTMEM	1	EXTMEM:04d6	0x4d6	LOAD(0x311,(register, 0x82, 2))
decompiler	CODE:7d69	CODE:7d78	MOVX @DPTR,A	21	write	EXTMEM	1	EXTMEM:04d7	0x4d7	LOAD(0x311,PTRADD((register, 0x82, 2),0x1,0x1))
decompiler	CODE:7d69	CODE:7d79	RET	32	write	EXTMEM	1	EXTMEM:04d6	0x4d6	mem[EXTMEM:04d6]
decompiler	CODE:7d69	CODE:7d79	RET	32	read	EXTMEM	1	EXTMEM:04d6	0x4d6	
decompiler	CODE:7d69	CODE:7d79	RET	33	write	EXTMEM	1	EXTMEM:04d7	0x4d7	mem[EXTMEM:04d7]
decompiler	CODE:7d69	CODE:7d79	RET	33	read	EXTMEM	1	EXTMEM:04d7	0x4d7	
decompiler	CODE:7d6d	CODE:7d6d	MOVX A,@DPTR	1	read	EXTMEM	1	(register, 0x82, 2)		
decompiler	CODE:7d6d	CODE:7d70	MOVX A,@DPTR	6	read	EXTMEM	1	PTRADD((register, 0x82, 2),0x1,0x1)		
decompiler	CODE:7d6d	CODE:7d75	MOVX @DPTR,A	14	write	EXTMEM	1	EXTMEM:04d6	0x4d6	LOAD(0x311,(register, 0x82, 2))
decompiler	CODE:7d6d	CODE:7d78	MOVX @DPTR,A	19	write	EXTMEM	1	EXTMEM:04d7	0x4d7	LOAD(0x311,PTRADD((register, 0x82, 2),0x1,0x1))
decompiler	CODE:7d6d	CODE:7d79	RET	30	write	EXTMEM	1	EXTMEM:04d6	0x4d6	mem[EXTMEM:04d6]
decompiler	CODE:7d6d	CODE:7d79	RET	30	read	EXTMEM	1	EXTMEM:04d6	0x4d6	
decompiler	CODE:7d6d	CODE:7d79	RET	31	write	EXTMEM	1	EXTMEM:04d7	0x4d7	mem[EXTMEM:04d7]
decompiler	CODE:7d6d	CODE:7d79	RET	31	read	EXTMEM	1	EXTMEM:04d7	0x4d7	
decompiler	CODE:7d72	CODE:7d75	MOVX @DPTR,A	3	write	EXTMEM	1	EXTMEM:04d6	0x4d6	(register, 0xb, 1)
decompiler	CODE:7d72	CODE:7d78	MOVX @DPTR,A	8	write	EXTMEM	1	EXTMEM:04d7	0x4d7	(register, 0x7, 1)
decompiler	CODE:7d72	CODE:7d79	RET	19	write	EXTMEM	1	EXTMEM:04d6	0x4d6	mem[EXTMEM:04d6]
decompiler	CODE:7d72	CODE:7d79	RET	19	read	EXTMEM	1	EXTMEM:04d6	0x4d6	
decompiler	CODE:7d72	CODE:7d79	RET	20	write	EXTMEM	1	EXTMEM:04d7	0x4d7	mem[EXTMEM:04d7]
decompiler	CODE:7d72	CODE:7d79	RET	20	read	EXTMEM	1	EXTMEM:04d7	0x4d7	
decompiler	CODE:7d7a	CODE:7d80	MOVX A,@DPTR	8	read	EXTMEM	1	EXTMEM:04a7	0x4a7	
decompiler	CODE:7d7a	CODE:7d82	RET	20	write	EXTMEM	1	EXTMEM:04a6	0x4a6	mem[EXTMEM:04a6]
decompiler	CODE:7d7a	CODE:7d82	RET	20	read	EXTMEM	1	EXTMEM:04a6	0x4a6	
decompiler	CODE:7d7a	CODE:7d82	RET	21	write	EXTMEM	1	EXTMEM:04a7	0x4a7	mem[EXTMEM:04a7]
decompiler	CODE:7d7a	CODE:7d82	RET	21	read	EXTMEM	1	EXTMEM:04a7	0x4a7	
decompiler	CODE:7d83	CODE:7d84	MOVX @DPTR,A	3	write	EXTMEM	1	(register, 0x82, 2)		(register, 0x6, 1)
decompiler	CODE:7d83	CODE:7d87	MOVX @DPTR,A	8	write	EXTMEM	1	PTRADD((register, 0x82, 2),0x1,0x1)		(register, 0x7, 1)
decompiler	CODE:7d84	CODE:7d84	MOVX @DPTR,A	2	write	EXTMEM	1	(register, 0x82, 2)		(register, 0xb, 1)
decompiler	CODE:7d84	CODE:7d87	MOVX @DPTR,A	7	write	EXTMEM	1	PTRADD((register, 0x82, 2),0x1,0x1)		(register, 0x7, 1)
decompiler	CODE:7d8b	CODE:7d8c	MOVX @DPTR,A	3	write	EXTMEM	1	(register, 0x82, 2)		0x0
decompiler	CODE:7d8b	CODE:7d8f	MOVX @DPTR,A	8	write	EXTMEM	1	PTRADD((register, 0x82, 2),0x1,0x1)		0x1
decompiler	CODE:7d8b	CODE:7d92	MOVX @DPTR,A	13	write	EXTMEM	1	PTRADD((register, 0x82, 2),0x2,0x1)		0x0
decompiler	CODE:7d8b	CODE:7d96	MOVX @DPTR,A	18	write	EXTMEM	1	PTRADD((register, 0x82, 2),0x3,0x1)		0x28
decompiler	CODE:7d9f	CODE:7d9f	MOVX A,@DPTR	1	read	EXTMEM	1	(register, 0x82, 2)		
decompiler	CODE:7d9f	CODE:7da2	MOVX A,@DPTR	6	read	EXTMEM	1	PTRADD((register, 0x82, 2),0x1,0x1)		
decompiler	CODE:7d9f	CODE:7da7	MOVX @DPTR,A	14	write	EXTMEM	1	EXTMEM:04d8	0x4d8	LOAD(0x311,(register, 0x82, 2))
decompiler	CODE:7d9f	CODE:7daa	MOVX @DPTR,A	19	write	EXTMEM	1	EXTMEM:04d9	0x4d9	LOAD(0x311,PTRADD((register, 0x82, 2),0x1,0x1))
decompiler	CODE:7d9f	CODE:7dab	RET	30	write	EXTMEM	1	EXTMEM:04d8	0x4d8	mem[EXTMEM:04d8]
decompiler	CODE:7d9f	CODE:7dab	RET	30	read	EXTMEM	1	EXTMEM:04d8	0x4d8	
decompiler	CODE:7d9f	CODE:7dab	RET	31	write	EXTMEM	1	EXTMEM:04d9	0x4d9	mem[EXTMEM:04d9]
decompiler	CODE:7d9f	CODE:7dab	RET	31	read	EXTMEM	1	EXTMEM:04d9	0x4d9	
decompiler	CODE:7dac	CODE:7db1	JNZ 0x7dec	16	read	INTMEM	1	INTMEM:b2	0xb2	
decompiler	CODE:7dac	CODE:7db8	JZ 0x7de1	34	read	INTMEM	1	INTMEM:b4	0xb4	
decompiler	CODE:7dac	CODE:7dbb	JZ 0x7de4	37	read	INTMEM	1	INTMEM:b4	0xb4	
decompiler	CODE:7dac	CODE:7dbf	JNZ 0x7dec	52	read	INTMEM	1	INTMEM:b4	0xb4	
decompiler	CODE:7dac	CODE:7dd3	CJNE A,#0x3,0x7dda	88	read	EXTMEM	1	EXTMEM:04a8	0x4a8	
decompiler	CODE:7dac	CODE:7de3	RET	196	write	INTMEM	1	INTMEM:b2	0xb2	mem[INTMEM:b2]
decompiler	CODE:7dac	CODE:7de3	RET	196	read	INTMEM	1	INTMEM:b2	0xb2	
decompiler	CODE:7dac	CODE:7de3	RET	203	write	INTMEM	1	INTMEM:b4	0xb4	mem[INTMEM:b4]
decompiler	CODE:7dac	CODE:7de3	RET	203	read	INTMEM	1	INTMEM:b4	0xb4	
decompiler	CODE:7dac	CODE:7de3	RET	210	write	INTMEM	1	INTMEM:cd	0xcd	mem[INTMEM:cd]
decompiler	CODE:7dac	CODE:7de3	RET	210	read	INTMEM	1	INTMEM:cd	0xcd	
decompiler	CODE:7dac	CODE:7de3	RET	217	write	EXTMEM	1	EXTMEM:04a8	0x4a8	mem[EXTMEM:04a8]
decompiler	CODE:7dac	CODE:7de3	RET	217	read	EXTMEM	1	EXTMEM:04a8	0x4a8	
decompiler	CODE:7dac	CODE:7deb	RET	195	write	INTMEM	1	INTMEM:b2	0xb2	mem[INTMEM:b2]
decompiler	CODE:7dac	CODE:7deb	RET	195	read	INTMEM	1	INTMEM:b2	0xb2	
decompiler	CODE:7dac	CODE:7deb	RET	202	write	INTMEM	1	INTMEM:b4	0xb4	mem[INTMEM:b4]
decompiler	CODE:7dac	CODE:7deb	RET	202	read	INTMEM	1	INTMEM:b4	0xb4	
decompiler	CODE:7dac	CODE:7deb	RET	209	write	INTMEM	1	INTMEM:cd	0xcd	mem[INTMEM:cd]
decompiler	CODE:7dac	CODE:7deb	RET	209	read	INTMEM	1	INTMEM:cd	0xcd	
decompiler	CODE:7dac	CODE:7deb	RET	216	write	EXTMEM	1	EXTMEM:04a8	0x4a8	mem[EXTMEM:04a8]
decompiler	CODE:7dac	CODE:7deb	RET	216	read	EXTMEM	1	EXTMEM:04a8	0x4a8	
decompiler	CODE:7dac	CODE:7dee	RET	194	write	INTMEM	1	INTMEM:b2	0xb2	mem[INTMEM:b2]
decompiler	CODE:7dac	CODE:7dee	RET	194	read	INTMEM	1	INTMEM:b2	0xb2	
decompiler	CODE:7dac	CODE:7dee	RET	201	write	INTMEM	1	INTMEM:b4	0xb4	mem[INTMEM:b4]
decompiler	CODE:7dac	CODE:7dee	RET	201	read	INTMEM	1	INTMEM:b4	0xb4	
decompiler	CODE:7dac	CODE:7dee	RET	208	write	INTMEM	1	INTMEM:cd	0xcd	mem[INTMEM:cd]
decompiler	CODE:7dac	CODE:7dee	RET	208	read	INTMEM	1	INTMEM:cd	0xcd	
decompiler	CODE:7dac	CODE:7dee	RET	215	write	EXTMEM	1	EXTMEM:04a8	0x4a8	mem[EXTMEM:04a8]
decompiler	CODE:7dac	CODE:7dee	RET	215	read	EXTMEM	1	EXTMEM:04a8	0x4a8	
decompiler	CODE:7def	CODE:7e05	JZ 0x7e15	37	read	EXTMEM	1	EXTMEM:04a4	0x4a4	
decompiler	CODE:7def	CODE:7e09	JZ 0x7e1a	52	read	EXTMEM	1	EXTMEM:04a4	0x4a4	
decompiler	CODE:7def	CODE:7e0c	JZ 0x7e1f	55	read	EXTMEM	1	EXTMEM:04a4	0x4a4	
decompiler	CODE:7def	CODE:7e10	JNZ 0x7e27	70	read	EXTMEM	1	EXTMEM:04a4	0x4a4	
decompiler	CODE:7def	CODE:7e2f	LJMP 0x3800	243	write	EXTMEM	1	EXTMEM:04a4	0x4a4	mem[EXTMEM:04a4]
decompiler	CODE:7def	CODE:7e2f	LJMP 0x3800	243	read	EXTMEM	1	EXTMEM:04a4	0x4a4	
decompiler	CODE:7def	CODE:7e2f	LJMP 0x3800	255	write	EXTMEM	1	EXTMEM:04a5	0x4a5	mem[EXTMEM:04a5]
decompiler	CODE:7def	CODE:7e2f	LJMP 0x3800	255	read	EXTMEM	1	EXTMEM:04a5	0x4a5	
decompiler	CODE:7eb6	CODE:7eca	MOVX @DPTR,A	29	write	EXTMEM	1	EXTMEM:04c4	0x4c4	0x1
decompiler	CODE:7eb6	CODE:7ecb	SJMP 0x7eef	216	read	EXTMEM	1	EXTMEM:04c4	0x4c4	
decompiler	CODE:7eb6	CODE:7ed3	JZ 0x7ee2	55	read	EXTMEM	1	EXTMEM:04c4	0x4c4	
decompiler	CODE:7eb6	CODE:7ed7	JZ 0x7ee7	70	read	EXTMEM	1	EXTMEM:04c4	0x4c4	
decompiler	CODE:7eb6	CODE:7edb	JNZ 0x7eef	85	read	EXTMEM	1	EXTMEM:04c4	0x4c4	
decompiler	CODE:7eb6	CODE:7edb	JNZ 0x7eef	217	read	EXTMEM	1	EXTMEM:04c4	0x4c4	
decompiler	CODE:7eb6	CODE:7ef4	LJMP 0x5e73	195	write	EXTMEM	1	EXTMEM:04c4	0x4c4	mem[EXTMEM:04c4]
decompiler	CODE:7eb6	CODE:7ef4	LJMP 0x5e73	195	read	EXTMEM	1	EXTMEM:04c4	0x4c4	
decompiler	CODE:7ef7	CODE:7f0d	LCALL 0xaa99	126	read	EXTMEM	1	EXTMEM:04a8	0x4a8	
decompiler	CODE:7ef7	CODE:7f1f	LCALL 0x4752	109	write	EXTMEM	1	EXTMEM:04a8	0x4a8	mem[EXTMEM:04a8]
decompiler	CODE:7ef7	CODE:7f1f	LCALL 0x4752	109	read	EXTMEM	1	EXTMEM:04a8	0x4a8	
decompiler	CODE:7ef7	CODE:7f1f	LCALL 0x4752	115	write	EXTMEM	1	EXTMEM:04a9	0x4a9	mem[EXTMEM:04a9]
decompiler	CODE:7ef7	CODE:7f1f	LCALL 0x4752	115	read	EXTMEM	1	EXTMEM:04a9	0x4a9	
decompiler	CODE:7f77	CODE:7f7c	MOVX A,@DPTR	4	read	EXTMEM	1	CAST(INT_ADD(PIECE((register, 0x6, 1),(register, 0x7, 1)),0x1))		
decompiler	CODE:7f77	CODE:7f85	MOVX @DPTR,A	20	write	EXTMEM	1	INDIRECT(CAST(INT_ADD(PIECE((register, 0x6, 1),(register, 0x7, 1)),0x1)),0x10)		0x1
decompiler	CODE:7f77	CODE:7f8c	MOVX @DPTR,A	27	write	EXTMEM	1	CAST(INT_ADD(PIECE(MULTIEQUAL((register, 0x6, 1),INDIRECT((register, 0x6, 1),0x10)),MULTIEQUAL((register, 0x7, 1),INDIRECT((register, 0x7, 1),0x10))),0x1))		MULTIEQUAL((register, 0x5, 1),INDIRECT((register, 0x5, 1),0x10))
decompiler	CODE:7f77	CODE:7f90	MOVX A,@DPTR	37	read	EXTMEM	1	INDIRECT(CAST(INT_ADD(PIECE(MULTIEQUAL((register, 0x6, 1),INDIRECT((register, 0x6, 1),0x10)),MULTIEQUAL((register, 0x7, 1),INDIRECT((register, 0x7, 1),0x10))),0x1)),0x23)		
decompiler	CODE:7f77	CODE:7f99	MOVX A,@DPTR	55	read	EXTMEM	1	CAST(PIECE(INDIRECT(MULTIEQUAL((register, 0x6, 1),INDIRECT((register, 0x6, 1),0x10)),0x23),INDIRECT(MULTIEQUAL((register, 0x7, 1),INDIRECT((register, 0x7, 1),0x10)),0x23)))		
decompiler	CODE:7f77	CODE:7f9a	CJNE A,0x05,0x7fa6	61	read	INTMEM	1	INTMEM:05	0x5	
decompiler	CODE:7f77	CODE:7fab	MOVX @DPTR,A	85	write	EXTMEM	1	CAST(PIECE(MULTIEQUAL(INDIRECT(MULTIEQUAL((register, 0x6, 1),INDIRECT((register, 0x6, 1),0x10)),0x23),INDIRECT(INDIRECT(MULTIEQUAL((register, 0x6, 1),INDIRECT((register, 0x6, 1),0x10)),0x23),0x49)),MULTIEQUAL(INDIRECT(MULTIEQUAL((register, 0x7, 1),INDIRECT((register, 0x7, 1),0x10)),0x23),INDIRECT(INDIRECT(MULTIEQUAL((register, 0x7, 1),INDIRECT((register, 0x7, 1),0x10)),0x23),0x49))))		MULTIEQUAL(INDIRECT(MULTIEQUAL((register, 0x5, 1),INDIRECT((register, 0x5, 1),0x10)),0x23),INDIRECT(INDIRECT(MULTIEQUAL((register, 0x5, 1),INDIRECT((register, 0x5, 1),0x10)),0x23),0x49))
decompiler	CODE:7f77	CODE:7fad	RET	234	write	INTMEM	1	INTMEM:05	0x5	mem[INTMEM:05]
decompiler	CODE:7f77	CODE:7fad	RET	234	read	INTMEM	1	INTMEM:05	0x5	
decompiler	CODE:7f77	CODE:7fb1	MOVX A,@DPTR	121	read	EXTMEM	1	INDIRECT(INDIRECT(CAST(INT_ADD(PIECE(MULTIEQUAL((register, 0x6, 1),INDIRECT((register, 0x6, 1),0x10)),MULTIEQUAL((register, 0x7, 1),INDIRECT((register, 0x7, 1),0x10))),0x1)),0x23),0x77)		
decompiler	CODE:7f77	CODE:7fb3	MOVX @DPTR,A	126	write	EXTMEM	1	INDIRECT(INDIRECT(CAST(INT_ADD(PIECE(MULTIEQUAL((register, 0x6, 1),INDIRECT((register, 0x6, 1),0x10)),MULTIEQUAL((register, 0x7, 1),INDIRECT((register, 0x7, 1),0x10))),0x1)),0x23),0x77)		INT_ADD(LOAD(0x311,INDIRECT(INDIRECT(CAST((unique, 0x10000008, 2)),0x23),0x77)),0x1)
decompiler	CODE:7f77	CODE:7fb5	RET	235	write	INTMEM	1	INTMEM:05	0x5	mem[INTMEM:05]
decompiler	CODE:7f77	CODE:7fb5	RET	235	read	INTMEM	1	INTMEM:05	0x5	
decompiler	CODE:7fb6	CODE:7fbb	MOVX @DPTR,A	4	write	EXTMEM	1	EXTMEM:04a8	0x4a8	0xb2
decompiler	CODE:7fb6	CODE:7fbf	MOVX @DPTR,A	9	write	EXTMEM	1	EXTMEM:04a9	0x4a9	0x71
decompiler	CODE:7fb6	CODE:7fd5	MOVC A,@A+DPTR	32	read	CODE	1	PTRADD(CAST(PIECE(CALL(0xa3f8e0c5f025f0f0,0x0,0x4a8),INDIRECT(0x2,0x17))),0x1,0x1)		
decompiler	CODE:7fb6	CODE:7fd8	MOVC A,@A+DPTR	43	read	CODE	1	CAST(PIECE(CALL(0xa3f8e0c5f025f0f0,0x0,0x4a8),INDIRECT(0x2,0x17)))		
decompiler	CODE:7fb6	CODE:7fe4	RET	170	write	EXTMEM	1	EXTMEM:04a8	0x4a8	mem[EXTMEM:04a8]
decompiler	CODE:7fb6	CODE:7fe4	RET	170	read	EXTMEM	1	EXTMEM:04a8	0x4a8	
decompiler	CODE:7fb6	CODE:7fe4	RET	174	write	EXTMEM	1	EXTMEM:04a9	0x4a9	mem[EXTMEM:04a9]
decompiler	CODE:7fb6	CODE:7fe4	RET	174	read	EXTMEM	1	EXTMEM:04a9	0x4a9	
decompiler	CODE:7fb6	CODE:7ff4	RET	171	write	EXTMEM	1	EXTMEM:04a8	0x4a8	mem[EXTMEM:04a8]
decompiler	CODE:7fb6	CODE:7ff4	RET	171	read	EXTMEM	1	EXTMEM:04a8	0x4a8	
decompiler	CODE:7fb6	CODE:7ff4	RET	175	write	EXTMEM	1	EXTMEM:04a9	0x4a9	mem[EXTMEM:04a9]
decompiler	CODE:7fb6	CODE:7ff4	RET	175	read	EXTMEM	1	EXTMEM:04a9	0x4a9	
decompiler	CODE:7ff5	CODE:7ffd	LJMP 0x96cb	25	write	EXTMEM	1	EXTMEM:059e	0x59e	mem[EXTMEM:059e]
decompiler	CODE:7ff5	CODE:7ffd	LJMP 0x96cb	25	read	EXTMEM	1	EXTMEM:059e	0x59e	
decompiler	CODE:8000	CODE:8004	MOVX @DPTR,A	4	write	EXTMEM	1	EXTMEM:0390	0x390	0x0
decompiler	CODE:8000	CODE:803d	MOVX @DPTR,A	29	write	EXTMEM	1	EXTMEM:0390	0x390	0x1
decompiler	CODE:8000	CODE:803e	RET	52	write	EXTMEM	1	EXTMEM:0390	0x390	mem[EXTMEM:0390]
decompiler	CODE:8000	CODE:803e	RET	52	read	EXTMEM	1	EXTMEM:0390	0x390	
decompiler	CODE:803f	CODE:8044	MOVX A,@DPTR	10	read	EXTMEM	1	INDIRECT((register, 0x82, 2),0x8)		
decompiler	CODE:803f	CODE:804d	MOVX A,@DPTR	37	read	EXTMEM	1	INDIRECT(INDIRECT((register, 0x82, 2),0x8),0x23)		
decompiler	CODE:803f	CODE:8055	MOVX @DPTR,A	56	write	EXTMEM	1	INDIRECT(INDIRECT(INDIRECT((register, 0x82, 2),0x8),0x23),0x34)		0x0
decompiler	CODE:807e	CODE:8083	JZ 0x80ac	16	read	INTMEM	1	INTMEM:b2	0xb2	
decompiler	CODE:807e	CODE:8086	JNZ 0x80b9	19	read	INTMEM	1	INTMEM:b2	0xb2	
decompiler	CODE:807e	CODE:808d	JZ 0x809e	37	read	INTMEM	1	INTMEM:b4	0xb4	
decompiler	CODE:807e	CODE:8090	JNZ 0x80b9	40	read	INTMEM	1	INTMEM:b4	0xb4	
decompiler	CODE:807e	CODE:80ab	RET	181	write	INTMEM	1	INTMEM:b2	0xb2	mem[INTMEM:b2]
decompiler	CODE:807e	CODE:80ab	RET	181	read	INTMEM	1	INTMEM:b2	0xb2	
decompiler	CODE:807e	CODE:80ab	RET	188	write	INTMEM	1	INTMEM:b4	0xb4	mem[INTMEM:b4]
decompiler	CODE:807e	CODE:80ab	RET	188	read	INTMEM	1	INTMEM:b4	0xb4	
decompiler	CODE:807e	CODE:80b1	JZ 0x80b6	113	read	INTMEM	1	INTMEM:b4	0xb4	
decompiler	CODE:807e	CODE:80b4	JNZ 0x80b9	116	read	INTMEM	1	INTMEM:b4	0xb4	
decompiler	CODE:807e	CODE:80bb	RET	180	write	INTMEM	1	INTMEM:b2	0xb2	mem[INTMEM:b2]
decompiler	CODE:807e	CODE:80bb	RET	180	read	INTMEM	1	INTMEM:b2	0xb2	
decompiler	CODE:807e	CODE:80bb	RET	187	write	INTMEM	1	INTMEM:b4	0xb4	mem[INTMEM:b4]
decompiler	CODE:807e	CODE:80bb	RET	187	read	INTMEM	1	INTMEM:b4	0xb4	
decompiler	CODE:80bc	CODE:80cc	MOVX A,@DPTR	32	read	EXTMEM	1	INDIRECT(INDIRECT(INDIRECT((register, 0x82, 2),0x7),0xf),0x1e)		
decompiler	CODE:80bc	CODE:80d6	MOVX A,@DPTR	60	read	EXTMEM	1	INDIRECT(INDIRECT(INDIRECT(INDIRECT((register, 0x82, 2),0x7),0xf),0x1e),0x3a)		
decompiler	CODE:80bc	CODE:80d9	MOV @R0,A	64	write	INTMEM	1	INTMEM:cc	0xcc	LOAD(0x311,INDIRECT(INDIRECT(INDIRECT(INDIRECT((register, 0x82, 2),0x7),0xf),0x1e),0x3a))
decompiler	CODE:80bc	CODE:80eb	MOVX A,@DPTR	127	read	EXTMEM	1	CAST(PIECE(INT_SUB(0x5,INT_SRIGHT(INT_LEFT(INT_LESS(0x13,INT_MULT(mem[INTMEM:b3],0x4)),0x7),0x7)),INT_SUB(INT_MULT(mem[INTMEM:b3],0x4),0x14)))		
decompiler	CODE:80bc	CODE:80ee	MOV @R0,A	131	write	INTMEM	1	INTMEM:cd	0xcd	LOAD(0x311,CAST(PIECE(INT_SUB(0x5,INT_SRIGHT((unique, 0x200, 1),0x7)),INT_SUB(INT_MULT(mem[INTMEM:b3],0x4),0x14))))
decompiler	CODE:80bc	CODE:80f3	MOVC A,@A+DPTR	134	read	INTMEM	1	INTMEM:b3	0xb3	
decompiler	CODE:80bc	CODE:80f3	MOVC A,@A+DPTR	136	read	CODE	1	PTRADD(0xb84d,INT_ZEXT(mem[INTMEM:b3]),0x1)		
decompiler	CODE:80bc	CODE:80f6	MOV 0x02,CY	150	write	BITS	1	BITS:02	0x2	INT_NOTEQUAL(LOAD(0x211,PTRADD(0xb84d,INT_ZEXT(mem[INTMEM:b3]),0x1)),0x0)
decompiler	CODE:80bc	CODE:80f8	RET	197	write	INTMEM	1	INTMEM:b3	0xb3	mem[INTMEM:b3]
decompiler	CODE:80bc	CODE:80f8	RET	197	read	INTMEM	1	INTMEM:b3	0xb3	
decompiler	CODE:80bc	CODE:80f8	RET	202	write	INTMEM	1	INTMEM:ca	0xca	mem[INTMEM:ca]
decompiler	CODE:80bc	CODE:80f8	RET	202	read	INTMEM	1	INTMEM:ca	0xca	
decompiler	CODE:80bc	CODE:80f8	RET	207	write	INTMEM	1	INTMEM:cb	0xcb	mem[INTMEM:cb]
decompiler	CODE:80bc	CODE:80f8	RET	207	read	INTMEM	1	INTMEM:cb	0xcb	
decompiler	CODE:80bc	CODE:80f8	RET	212	write	INTMEM	1	INTMEM:cc	0xcc	mem[INTMEM:cc]
decompiler	CODE:80bc	CODE:80f8	RET	212	read	INTMEM	1	INTMEM:cc	0xcc	
decompiler	CODE:80bc	CODE:80f8	RET	217	write	INTMEM	1	INTMEM:cd	0xcd	mem[INTMEM:cd]
decompiler	CODE:80bc	CODE:80f8	RET	217	read	INTMEM	1	INTMEM:cd	0xcd	
decompiler	CODE:80bc	CODE:80f8	RET	222	write	BITS	1	BITS:02	0x2	mem[BITS:02]
decompiler	CODE:80bc	CODE:80f8	RET	222	read	BITS	1	BITS:02	0x2	
decompiler	CODE:80f9	CODE:8115	LCALL 0x1f43	87	write	INTMEM	1	INTMEM:b3	0xb3	mem[INTMEM:b3]
decompiler	CODE:80f9	CODE:8115	LCALL 0x1f43	87	read	INTMEM	1	INTMEM:b3	0xb3	
decompiler	CODE:8136	CODE:813b	JNZ 0x8157	16	read	INTMEM	1	INTMEM:b2	0xb2	
decompiler	CODE:8136	CODE:8142	JZ 0x814f	34	read	INTMEM	1	INTMEM:b4	0xb4	
decompiler	CODE:8136	CODE:8146	JNZ 0x8170	49	read	INTMEM	1	INTMEM:b4	0xb4	
decompiler	CODE:8136	CODE:8156	RET	192	write	INTMEM	1	INTMEM:b2	0xb2	mem[INTMEM:b2]
decompiler	CODE:8136	CODE:8156	RET	192	read	INTMEM	1	INTMEM:b2	0xb2	
decompiler	CODE:8136	CODE:8156	RET	199	write	INTMEM	1	INTMEM:b4	0xb4	mem[INTMEM:b4]
decompiler	CODE:8136	CODE:8156	RET	199	read	INTMEM	1	INTMEM:b4	0xb4	
decompiler	CODE:8136	CODE:8156	RET	206	write	INTMEM	1	INTMEM:b7	0xb7	mem[INTMEM:b7]
decompiler	CODE:8136	CODE:8156	RET	206	read	INTMEM	1	INTMEM:b7	0xb7	
decompiler	CODE:8136	CODE:8156	RET	213	write	INTMEM	1	INTMEM:cc	0xcc	mem[INTMEM:cc]
decompiler	CODE:8136	CODE:8156	RET	213	read	INTMEM	1	INTMEM:cc	0xcc	
decompiler	CODE:8136	CODE:8161	CJNE A,#0x3,0x8170	111	read	INTMEM	1	INTMEM:cc	0xcc	
decompiler	CODE:8136	CODE:8169	JNZ 0x8170	129	read	INTMEM	1	INTMEM:b7	0xb7	
decompiler	CODE:8136	CODE:8172	RET	191	write	INTMEM	1	INTMEM:b2	0xb2	mem[INTMEM:b2]
decompiler	CODE:8136	CODE:8172	RET	191	read	INTMEM	1	INTMEM:b2	0xb2	
decompiler	CODE:8136	CODE:8172	RET	198	write	INTMEM	1	INTMEM:b4	0xb4	mem[INTMEM:b4]
decompiler	CODE:8136	CODE:8172	RET	198	read	INTMEM	1	INTMEM:b4	0xb4	
decompiler	CODE:8136	CODE:8172	RET	205	write	INTMEM	1	INTMEM:b7	0xb7	mem[INTMEM:b7]
decompiler	CODE:8136	CODE:8172	RET	205	read	INTMEM	1	INTMEM:b7	0xb7	
decompiler	CODE:8136	CODE:8172	RET	212	write	INTMEM	1	INTMEM:cc	0xcc	mem[INTMEM:cc]
decompiler	CODE:8136	CODE:8172	RET	212	read	INTMEM	1	INTMEM:cc	0xcc	
decompiler	CODE:8173	CODE:8178	JNZ 0x81ad	16	read	INTMEM	1	INTMEM:ab	0xab	
decompiler	CODE:8173	CODE:8187	LCALL 0x6221	235	read	INTMEM	1	INTMEM:ad	0xad	
decompiler	CODE:8173	CODE:818b	MOVX A,@DPTR	45	read	EXTMEM	1	PTRADD(INDIRECT(0x754,0x2a),0x1,0x1)		
decompiler	CODE:8173	CODE:8195	MOVX A,@DPTR	73	read	EXTMEM	1	INDIRECT(PTRADD(INDIRECT(0x754,0x2a),0x1,0x1),0x47)		
decompiler	CODE:8173	CODE:81a1	CJNE A,0x07,0x81a7	118	read	INTMEM	1	INTMEM:07	0x7	
decompiler	CODE:8173	CODE:81a6	RET	200	write	INTMEM	1	INTMEM:07	0x7	mem[INTMEM:07]
decompiler	CODE:8173	CODE:81a6	RET	200	read	INTMEM	1	INTMEM:07	0x7	
decompiler	CODE:8173	CODE:81a6	RET	207	write	INTMEM	1	INTMEM:ab	0xab	mem[INTMEM:ab]
decompiler	CODE:8173	CODE:81a6	RET	207	read	INTMEM	1	INTMEM:ab	0xab	
decompiler	CODE:8173	CODE:81a6	RET	214	write	INTMEM	1	INTMEM:ad	0xad	mem[INTMEM:ad]
decompiler	CODE:8173	CODE:81a6	RET	214	read	INTMEM	1	INTMEM:ad	0xad	
decompiler	CODE:8173	CODE:81a6	RET	221	write	INTMEM	1	INTMEM:b0	0xb0	mem[INTMEM:b0]
decompiler	CODE:8173	CODE:81a6	RET	221	read	INTMEM	1	INTMEM:b0	0xb0	
decompiler	CODE:8173	CODE:81a9	RET	201	write	INTMEM	1	INTMEM:07	0x7	mem[INTMEM:07]
decompiler	CODE:8173	CODE:81a9	RET	201	read	INTMEM	1	INTMEM:07	0x7	
decompiler	CODE:8173	CODE:81a9	RET	208	write	INTMEM	1	INTMEM:ab	0xab	mem[INTMEM:ab]
decompiler	CODE:8173	CODE:81a9	RET	208	read	INTMEM	1	INTMEM:ab	0xab	
decompiler	CODE:8173	CODE:81a9	RET	215	write	INTMEM	1	INTMEM:ad	0xad	mem[INTMEM:ad]
decompiler	CODE:8173	CODE:81a9	RET	215	read	INTMEM	1	INTMEM:ad	0xad	
decompiler	CODE:8173	CODE:81a9	RET	222	write	INTMEM	1	INTMEM:b0	0xb0	mem[INTMEM:b0]
decompiler	CODE:8173	CODE:81a9	RET	222	read	INTMEM	1	INTMEM:b0	0xb0	
decompiler	CODE:8173	CODE:81ac	RET	203	write	INTMEM	1	INTMEM:07	0x7	mem[INTMEM:07]
decompiler	CODE:8173	CODE:81ac	RET	203	read	INTMEM	1	INTMEM:07	0x7	
decompiler	CODE:8173	CODE:81ac	RET	210	write	INTMEM	1	INTMEM:ab	0xab	mem[INTMEM:ab]
decompiler	CODE:8173	CODE:81ac	RET	210	read	INTMEM	1	INTMEM:ab	0xab	
decompiler	CODE:8173	CODE:81ac	RET	217	write	INTMEM	1	INTMEM:ad	0xad	mem[INTMEM:ad]
decompiler	CODE:8173	CODE:81ac	RET	217	read	INTMEM	1	INTMEM:ad	0xad	
decompiler	CODE:8173	CODE:81ac	RET	224	write	INTMEM	1	INTMEM:b0	0xb0	mem[INTMEM:b0]
decompiler	CODE:8173	CODE:81ac	RET	224	read	INTMEM	1	INTMEM:b0	0xb0	
decompiler	CODE:8173	CODE:81af	RET	202	write	INTMEM	1	INTMEM:07	0x7	mem[INTMEM:07]
decompiler	CODE:8173	CODE:81af	RET	202	read	INTMEM	1	INTMEM:07	0x7	
decompiler	CODE:8173	CODE:81af	RET	209	write	INTMEM	1	INTMEM:ab	0xab	mem[INTMEM:ab]
decompiler	CODE:8173	CODE:81af	RET	209	read	INTMEM	1	INTMEM:ab	0xab	
decompiler	CODE:8173	CODE:81af	RET	216	write	INTMEM	1	INTMEM:ad	0xad	mem[INTMEM:ad]
decompiler	CODE:8173	CODE:81af	RET	216	read	INTMEM	1	INTMEM:ad	0xad	
decompiler	CODE:8173	CODE:81af	RET	223	write	INTMEM	1	INTMEM:b0	0xb0	mem[INTMEM:b0]
decompiler	CODE:8173	CODE:81af	RET	223	read	INTMEM	1	INTMEM:b0	0xb0	
decompiler	CODE:81b0	CODE:81b5	JNZ 0x81e0	16	read	INTMEM	1	INTMEM:b2	0xb2	
decompiler	CODE:81b0	CODE:81bc	JZ 0x81dd	34	read	INTMEM	1	INTMEM:b4	0xb4	
decompiler	CODE:81b0	CODE:81c0	JNZ 0x81ea	49	read	INTMEM	1	INTMEM:b4	0xb4	
decompiler	CODE:81b0	CODE:81d2	RET	218	write	INTMEM	1	INTMEM:b2	0xb2	mem[INTMEM:b2]
decompiler	CODE:81b0	CODE:81d2	RET	218	read	INTMEM	1	INTMEM:b2	0xb2	
decompiler	CODE:81b0	CODE:81d2	RET	229	write	INTMEM	1	INTMEM:b4	0xb4	mem[INTMEM:b4]
decompiler	CODE:81b0	CODE:81d2	RET	229	read	INTMEM	1	INTMEM:b4	0xb4	
decompiler	CODE:81b0	CODE:81dc	RET	219	write	INTMEM	1	INTMEM:b2	0xb2	mem[INTMEM:b2]
decompiler	CODE:81b0	CODE:81dc	RET	219	read	INTMEM	1	INTMEM:b2	0xb2	
decompiler	CODE:81b0	CODE:81dc	RET	230	write	INTMEM	1	INTMEM:b4	0xb4	mem[INTMEM:b4]
decompiler	CODE:81b0	CODE:81dc	RET	230	read	INTMEM	1	INTMEM:b4	0xb4	
decompiler	CODE:81b0	CODE:81df	RET	221	write	INTMEM	1	INTMEM:b2	0xb2	mem[INTMEM:b2]
decompiler	CODE:81b0	CODE:81df	RET	221	read	INTMEM	1	INTMEM:b2	0xb2	
decompiler	CODE:81b0	CODE:81df	RET	232	write	INTMEM	1	INTMEM:b4	0xb4	mem[INTMEM:b4]
decompiler	CODE:81b0	CODE:81df	RET	232	read	INTMEM	1	INTMEM:b4	0xb4	
decompiler	CODE:81b0	CODE:81e9	RET	222	write	INTMEM	1	INTMEM:b2	0xb2	mem[INTMEM:b2]
decompiler	CODE:81b0	CODE:81e9	RET	222	read	INTMEM	1	INTMEM:b2	0xb2	
decompiler	CODE:81b0	CODE:81e9	RET	233	write	INTMEM	1	INTMEM:b4	0xb4	mem[INTMEM:b4]
decompiler	CODE:81b0	CODE:81e9	RET	233	read	INTMEM	1	INTMEM:b4	0xb4	
decompiler	CODE:81b0	CODE:81ec	RET	220	write	INTMEM	1	INTMEM:b2	0xb2	mem[INTMEM:b2]
decompiler	CODE:81b0	CODE:81ec	RET	220	read	INTMEM	1	INTMEM:b2	0xb2	
decompiler	CODE:81b0	CODE:81ec	RET	231	write	INTMEM	1	INTMEM:b4	0xb4	mem[INTMEM:b4]
decompiler	CODE:81b0	CODE:81ec	RET	231	read	INTMEM	1	INTMEM:b4	0xb4	
decompiler	CODE:81ed	CODE:81f2	MOVX @DPTR,A	4	write	EXTMEM	1	EXTMEM:04c2	0x4c2	0x5
decompiler	CODE:81ed	CODE:81f6	MOVX @DPTR,A	9	write	EXTMEM	1	EXTMEM:04c3	0x4c3	0x9e
decompiler	CODE:81ed	CODE:81fc	MOVX @DPTR,A	14	write	EXTMEM	1	EXTMEM:059c	0x59c	0xaa
decompiler	CODE:81ed	CODE:8200	MOVX @DPTR,A	19	write	EXTMEM	1	EXTMEM:059d	0x59d	0x21
decompiler	CODE:81ed	CODE:821d	MOVX A,@DPTR	85	read	EXTMEM	1	INDIRECT(0x59e,0x53)		
decompiler	CODE:81ed	CODE:8227	MOVX @DPTR,A	114	write	EXTMEM	1	INDIRECT(0x59e,0x6e)		INDIRECT(MULTIEQUAL(0x21,INT_ADD(LOAD(0x311,INDIRECT((register, 0x82, 2),0x53)),INDIRECT(MULTIEQUAL((register, 0x7, 1),(register, 0xb, 1)),0x53))),0x6e)
decompiler	CODE:81ed	CODE:8228	RET	193	write	EXTMEM	1	EXTMEM:04c2	0x4c2	mem[EXTMEM:04c2]
decompiler	CODE:81ed	CODE:8228	RET	193	read	EXTMEM	1	EXTMEM:04c2	0x4c2	
decompiler	CODE:81ed	CODE:8228	RET	198	write	EXTMEM	1	EXTMEM:04c3	0x4c3	mem[EXTMEM:04c3]
decompiler	CODE:81ed	CODE:8228	RET	198	read	EXTMEM	1	EXTMEM:04c3	0x4c3	
decompiler	CODE:81ed	CODE:8228	RET	203	write	EXTMEM	1	EXTMEM:059c	0x59c	mem[EXTMEM:059c]
decompiler	CODE:81ed	CODE:8228	RET	203	read	EXTMEM	1	EXTMEM:059c	0x59c	
decompiler	CODE:81ed	CODE:8228	RET	208	write	EXTMEM	1	EXTMEM:059d	0x59d	mem[EXTMEM:059d]
decompiler	CODE:81ed	CODE:8228	RET	208	read	EXTMEM	1	EXTMEM:059d	0x59d	
decompiler	CODE:81ed	CODE:8228	RET	213	write	EXTMEM	1	EXTMEM:059e	0x59e	mem[EXTMEM:059e]
decompiler	CODE:81ed	CODE:8228	RET	213	read	EXTMEM	1	EXTMEM:059e	0x59e	
decompiler	CODE:8229	CODE:8238	MOVC A,@A+DPTR	13	read	INTMEM	1	INTMEM:b3	0xb3	
decompiler	CODE:8229	CODE:8238	MOVC A,@A+DPTR	15	read	CODE	1	PTRADD(0xb900,INT_ZEXT(mem[INTMEM:b3]),0x1)		
decompiler	CODE:8229	CODE:825e	LJMP 0x9454	176	write	INTMEM	1	INTMEM:b3	0xb3	mem[INTMEM:b3]
decompiler	CODE:8229	CODE:825e	LJMP 0x9454	176	read	INTMEM	1	INTMEM:b3	0xb3	
decompiler	CODE:8229	CODE:825e	LJMP 0x9454	184	write	EXTMEM	1	EXTMEM:2038	0x2038	mem[EXTMEM:2038]
decompiler	CODE:8229	CODE:825e	LJMP 0x9454	184	read	EXTMEM	1	EXTMEM:2038	0x2038	
decompiler	CODE:8229	CODE:825e	LJMP 0x9454	193	write	EXTMEM	1	EXTMEM:203a	0x203a	mem[EXTMEM:203a]
decompiler	CODE:8229	CODE:825e	LJMP 0x9454	193	read	EXTMEM	1	EXTMEM:203a	0x203a	
decompiler	CODE:8229	CODE:8264	RET	177	write	INTMEM	1	INTMEM:b3	0xb3	mem[INTMEM:b3]
decompiler	CODE:8229	CODE:8264	RET	177	read	INTMEM	1	INTMEM:b3	0xb3	
decompiler	CODE:8229	CODE:8264	RET	185	write	EXTMEM	1	EXTMEM:2038	0x2038	mem[EXTMEM:2038]
decompiler	CODE:8229	CODE:8264	RET	185	read	EXTMEM	1	EXTMEM:2038	0x2038	
decompiler	CODE:8229	CODE:8264	RET	194	write	EXTMEM	1	EXTMEM:203a	0x203a	mem[EXTMEM:203a]
decompiler	CODE:8229	CODE:8264	RET	194	read	EXTMEM	1	EXTMEM:203a	0x203a	
decompiler	CODE:8265	CODE:826d	MOVX @DPTR,A	9	write	EXTMEM	1	EXTMEM:04a7	0x4a7	0x0
decompiler	CODE:8265	CODE:826f	MOVX @DPTR,A	13	write	EXTMEM	1	EXTMEM:04a8	0x4a8	0x0
decompiler	CODE:8265	CODE:8271	MOVX @DPTR,A	17	write	EXTMEM	1	EXTMEM:04a9	0x4a9	0x0
decompiler	CODE:8265	CODE:827b	MOVX @DPTR,A	29	write	EXTMEM	1	EXTMEM:04a6	0x4a6	0x84
decompiler	CODE:8265	CODE:829e	LJMP 0x908c	139	write	INTMEM	1	INTMEM:03	0x3	mem[INTMEM:03]
decompiler	CODE:8265	CODE:829e	LJMP 0x908c	139	read	INTMEM	1	INTMEM:03	0x3	
decompiler	CODE:8265	CODE:829e	LJMP 0x908c	143	write	INTMEM	1	INTMEM:07	0x7	mem[INTMEM:07]
decompiler	CODE:8265	CODE:829e	LJMP 0x908c	143	read	INTMEM	1	INTMEM:07	0x7	
decompiler	CODE:8265	CODE:829e	LJMP 0x908c	147	write	EXTMEM	1	EXTMEM:04a6	0x4a6	mem[EXTMEM:04a6]
decompiler	CODE:8265	CODE:829e	LJMP 0x908c	147	read	EXTMEM	1	EXTMEM:04a6	0x4a6	
decompiler	CODE:8265	CODE:829e	LJMP 0x908c	151	write	EXTMEM	1	EXTMEM:04a7	0x4a7	mem[EXTMEM:04a7]
decompiler	CODE:8265	CODE:829e	LJMP 0x908c	151	read	EXTMEM	1	EXTMEM:04a7	0x4a7	
decompiler	CODE:8265	CODE:829e	LJMP 0x908c	155	write	EXTMEM	1	EXTMEM:04a8	0x4a8	mem[EXTMEM:04a8]
decompiler	CODE:8265	CODE:829e	LJMP 0x908c	155	read	EXTMEM	1	EXTMEM:04a8	0x4a8	
decompiler	CODE:8265	CODE:829e	LJMP 0x908c	159	write	EXTMEM	1	EXTMEM:04a9	0x4a9	mem[EXTMEM:04a9]
decompiler	CODE:8265	CODE:829e	LJMP 0x908c	159	read	EXTMEM	1	EXTMEM:04a9	0x4a9	
decompiler	CODE:82b0	CODE:82bc	RET	45	write	INTMEM	1	INTMEM:b3	0xb3	mem[INTMEM:b3]
decompiler	CODE:82b0	CODE:82bc	RET	45	read	INTMEM	1	INTMEM:b3	0xb3	
decompiler	CODE:82bd	CODE:82c9	RET	45	write	INTMEM	1	INTMEM:b3	0xb3	mem[INTMEM:b3]
decompiler	CODE:82bd	CODE:82c9	RET	45	read	INTMEM	1	INTMEM:b3	0xb3	
decompiler	CODE:82ca	CODE:82d5	RET	36	write	EXTMEM	1	EXTMEM:04a3	0x4a3	mem[EXTMEM:04a3]
decompiler	CODE:82ca	CODE:82d5	RET	36	read	EXTMEM	1	EXTMEM:04a3	0x4a3	
decompiler	CODE:82ca	CODE:82d5	RET	37	write	EXTMEM	1	EXTMEM:04a4	0x4a4	mem[EXTMEM:04a4]
decompiler	CODE:82ca	CODE:82d5	RET	37	read	EXTMEM	1	EXTMEM:04a4	0x4a4	
decompiler	CODE:82dc	CODE:82dc	JNB 0x0c,0x82ed	0	read	BITS	1	BITS:0c	0xc	
decompiler	CODE:82dc	CODE:82e3	LCALL 0x507b	243	read	INTMEM	1	INTMEM:b3	0xb3	
decompiler	CODE:82dc	CODE:82e6	MOVX A,@DPTR	15	read	EXTMEM	1	INDIRECT((register, 0x82, 2),0xd)		
decompiler	CODE:82dc	CODE:82ed	JB 0x0c,0x8301	66	read	BITS	1	BITS:0c	0xc	
decompiler	CODE:82dc	CODE:82f4	LCALL 0x5088	244	read	INTMEM	1	INTMEM:b3	0xb3	
decompiler	CODE:82dc	CODE:82f7	MOVX A,@DPTR	81	read	EXTMEM	1	INDIRECT(MULTIEQUAL((register, 0x82, 2),INDIRECT((register, 0x82, 2),0xd)),0x4f)		
decompiler	CODE:82dc	CODE:8301	SETB 0x0d	86	write	BITS	1	BITS:0d	0xd	0x1
decompiler	CODE:82dc	CODE:8314	MOVX A,@DPTR	54	read	EXTMEM	1	EXTMEM:04ad	0x4ad	
decompiler	CODE:82dc	CODE:8316	RET	181	write	INTMEM	1	INTMEM:b3	0xb3	mem[INTMEM:b3]
decompiler	CODE:82dc	CODE:8316	RET	181	read	INTMEM	1	INTMEM:b3	0xb3	
decompiler	CODE:82dc	CODE:8316	RET	192	write	EXTMEM	1	EXTMEM:04ad	0x4ad	mem[EXTMEM:04ad]
decompiler	CODE:82dc	CODE:8316	RET	192	read	EXTMEM	1	EXTMEM:04ad	0x4ad	
decompiler	CODE:82dc	CODE:8316	RET	203	write	BITS	1	BITS:0c	0xc	mem[BITS:0c]
decompiler	CODE:82dc	CODE:8316	RET	203	read	BITS	1	BITS:0c	0xc	
decompiler	CODE:82dc	CODE:8316	RET	214	write	BITS	1	BITS:0d	0xd	mem[BITS:0d]
decompiler	CODE:82dc	CODE:8316	RET	214	read	BITS	1	BITS:0d	0xd	
decompiler	CODE:8317	CODE:832c	LCALL 0xa9ae	237	read	EXTMEM	1	EXTMEM:04b0	0x4b0	
decompiler	CODE:8317	CODE:832c	LCALL 0xa9ae	238	read	EXTMEM	1	EXTMEM:04af	0x4af	
decompiler	CODE:8317	CODE:834f	LJMP 0xa99c	202	write	EXTMEM	1	EXTMEM:04ae	0x4ae	mem[EXTMEM:04ae]
decompiler	CODE:8317	CODE:834f	LJMP 0xa99c	202	read	EXTMEM	1	EXTMEM:04ae	0x4ae	
decompiler	CODE:8317	CODE:834f	LJMP 0xa99c	211	write	EXTMEM	1	EXTMEM:04af	0x4af	mem[EXTMEM:04af]
decompiler	CODE:8317	CODE:834f	LJMP 0xa99c	211	read	EXTMEM	1	EXTMEM:04af	0x4af	
decompiler	CODE:8317	CODE:834f	LJMP 0xa99c	220	write	EXTMEM	1	EXTMEM:04b0	0x4b0	mem[EXTMEM:04b0]
decompiler	CODE:8317	CODE:834f	LJMP 0xa99c	220	read	EXTMEM	1	EXTMEM:04b0	0x4b0	
decompiler	CODE:8352	CODE:8357	JNZ 0x8380	16	read	INTMEM	1	INTMEM:b2	0xb2	
decompiler	CODE:8352	CODE:835d	JZ 0x8378	22	read	INTMEM	1	INTMEM:b4	0xb4	
decompiler	CODE:8352	CODE:8361	JZ 0x836e	37	read	INTMEM	1	INTMEM:b4	0xb4	
decompiler	CODE:8352	CODE:8365	JZ 0x836e	52	read	INTMEM	1	INTMEM:b4	0xb4	
decompiler	CODE:8352	CODE:836d	RET	224	write	INTMEM	1	INTMEM:b2	0xb2	mem[INTMEM:b2]
decompiler	CODE:8352	CODE:836d	RET	224	read	INTMEM	1	INTMEM:b2	0xb2	
decompiler	CODE:8352	CODE:836d	RET	234	write	INTMEM	1	INTMEM:b4	0xb4	mem[INTMEM:b4]
decompiler	CODE:8352	CODE:836d	RET	234	read	INTMEM	1	INTMEM:b4	0xb4	
decompiler	CODE:8352	CODE:8377	RET	226	write	INTMEM	1	INTMEM:b2	0xb2	mem[INTMEM:b2]
decompiler	CODE:8352	CODE:8377	RET	226	read	INTMEM	1	INTMEM:b2	0xb2	
decompiler	CODE:8352	CODE:8377	RET	236	write	INTMEM	1	INTMEM:b4	0xb4	mem[INTMEM:b4]
decompiler	CODE:8352	CODE:8377	RET	236	read	INTMEM	1	INTMEM:b4	0xb4	
decompiler	CODE:8352	CODE:837f	RET	225	write	INTMEM	1	INTMEM:b2	0xb2	mem[INTMEM:b2]
decompiler	CODE:8352	CODE:837f	RET	225	read	INTMEM	1	INTMEM:b2	0xb2	
decompiler	CODE:8352	CODE:837f	RET	235	write	INTMEM	1	INTMEM:b4	0xb4	mem[INTMEM:b4]
decompiler	CODE:8352	CODE:837f	RET	235	read	INTMEM	1	INTMEM:b4	0xb4	
decompiler	CODE:8352	CODE:8389	RET	228	write	INTMEM	1	INTMEM:b2	0xb2	mem[INTMEM:b2]
decompiler	CODE:8352	CODE:8389	RET	228	read	INTMEM	1	INTMEM:b2	0xb2	
decompiler	CODE:8352	CODE:8389	RET	238	write	INTMEM	1	INTMEM:b4	0xb4	mem[INTMEM:b4]
decompiler	CODE:8352	CODE:8389	RET	238	read	INTMEM	1	INTMEM:b4	0xb4	
decompiler	CODE:8352	CODE:838c	RET	227	write	INTMEM	1	INTMEM:b2	0xb2	mem[INTMEM:b2]
decompiler	CODE:8352	CODE:838c	RET	227	read	INTMEM	1	INTMEM:b2	0xb2	
decompiler	CODE:8352	CODE:838c	RET	237	write	INTMEM	1	INTMEM:b4	0xb4	mem[INTMEM:b4]
decompiler	CODE:8352	CODE:838c	RET	237	read	INTMEM	1	INTMEM:b4	0xb4	
decompiler	CODE:838d	CODE:8392	MOVX @DPTR,A	4	write	EXTMEM	1	EXTMEM:2013	0x2013	0xb9
decompiler	CODE:838d	CODE:8398	MOVX @DPTR,A	9	write	EXTMEM	1	EXTMEM:2012	0x2012	0x11
decompiler	CODE:838d	CODE:839d	MOVX @DPTR,A	14	write	EXTMEM	1	EXTMEM:203a	0x203a	0x0
decompiler	CODE:838d	CODE:839f	MOVX @DPTR,A	18	write	EXTMEM	1	EXTMEM:203b	0x203b	0x0
decompiler	CODE:838d	CODE:83a3	MOVX @DPTR,A	22	write	EXTMEM	1	EXTMEM:2038	0x2038	0x0
decompiler	CODE:838d	CODE:83a5	MOVX @DPTR,A	26	write	EXTMEM	1	EXTMEM:2039	0x2039	0x0
decompiler	CODE:838d	CODE:83ab	MOVX @DPTR,A	31	write	EXTMEM	1	EXTMEM:231e	0x231e	0x7a
decompiler	CODE:838d	CODE:83af	MOVX @DPTR,A	36	write	EXTMEM	1	EXTMEM:231f	0x231f	0x3d
decompiler	CODE:838d	CODE:83b5	MOVX @DPTR,A	41	write	EXTMEM	1	EXTMEM:2309	0x2309	0x10
decompiler	CODE:838d	CODE:83bb	MOVX @DPTR,A	46	write	EXTMEM	1	EXTMEM:241e	0x241e	0x7a
decompiler	CODE:838d	CODE:83bf	MOVX @DPTR,A	51	write	EXTMEM	1	EXTMEM:241f	0x241f	0x3d
decompiler	CODE:838d	CODE:83c5	MOVX @DPTR,A	56	write	EXTMEM	1	EXTMEM:2409	0x2409	0x10
decompiler	CODE:838d	CODE:83c6	RET	67	write	EXTMEM	1	EXTMEM:2012	0x2012	0x11
decompiler	CODE:838d	CODE:83c6	RET	67	read	EXTMEM	1	EXTMEM:2012	0x2012	
decompiler	CODE:838d	CODE:83c6	RET	68	write	EXTMEM	1	EXTMEM:2013	0x2013	0xb9
decompiler	CODE:838d	CODE:83c6	RET	68	read	EXTMEM	1	EXTMEM:2013	0x2013	
decompiler	CODE:838d	CODE:83c6	RET	69	write	EXTMEM	1	EXTMEM:2038	0x2038	0x0
decompiler	CODE:838d	CODE:83c6	RET	69	read	EXTMEM	1	EXTMEM:2038	0x2038	
decompiler	CODE:838d	CODE:83c6	RET	70	write	EXTMEM	1	EXTMEM:2039	0x2039	0x0
decompiler	CODE:838d	CODE:83c6	RET	70	read	EXTMEM	1	EXTMEM:2039	0x2039	
decompiler	CODE:838d	CODE:83c6	RET	71	write	EXTMEM	1	EXTMEM:203a	0x203a	0x0
decompiler	CODE:838d	CODE:83c6	RET	71	read	EXTMEM	1	EXTMEM:203a	0x203a	
decompiler	CODE:838d	CODE:83c6	RET	72	write	EXTMEM	1	EXTMEM:203b	0x203b	0x0
decompiler	CODE:838d	CODE:83c6	RET	72	read	EXTMEM	1	EXTMEM:203b	0x203b	
decompiler	CODE:838d	CODE:83c6	RET	73	write	EXTMEM	1	EXTMEM:2309	0x2309	0x10
decompiler	CODE:838d	CODE:83c6	RET	73	read	EXTMEM	1	EXTMEM:2309	0x2309	
decompiler	CODE:838d	CODE:83c6	RET	74	write	EXTMEM	1	EXTMEM:231e	0x231e	0x7a
decompiler	CODE:838d	CODE:83c6	RET	74	read	EXTMEM	1	EXTMEM:231e	0x231e	
decompiler	CODE:838d	CODE:83c6	RET	75	write	EXTMEM	1	EXTMEM:231f	0x231f	0x3d
decompiler	CODE:838d	CODE:83c6	RET	75	read	EXTMEM	1	EXTMEM:231f	0x231f	
decompiler	CODE:838d	CODE:83c6	RET	76	write	EXTMEM	1	EXTMEM:2409	0x2409	0x10
decompiler	CODE:838d	CODE:83c6	RET	76	read	EXTMEM	1	EXTMEM:2409	0x2409	
decompiler	CODE:838d	CODE:83c6	RET	77	write	EXTMEM	1	EXTMEM:241e	0x241e	0x7a
decompiler	CODE:838d	CODE:83c6	RET	77	read	EXTMEM	1	EXTMEM:241e	0x241e	
decompiler	CODE:838d	CODE:83c6	RET	78	write	EXTMEM	1	EXTMEM:241f	0x241f	0x3d
decompiler	CODE:838d	CODE:83c6	RET	78	read	EXTMEM	1	EXTMEM:241f	0x241f	
decompiler	CODE:83c7	CODE:83d3	RET	34	write	EXTMEM	1	EXTMEM:06ed	0x6ed	mem[EXTMEM:06ed]
decompiler	CODE:83c7	CODE:83d3	RET	34	read	EXTMEM	1	EXTMEM:06ed	0x6ed	
decompiler	CODE:83d4	CODE:83da	MOVX A,@DPTR	8	read	EXTMEM	1	EXTMEM:06ee	0x6ee	
decompiler	CODE:83d4	CODE:83db	RET	19	write	EXTMEM	1	EXTMEM:06ed	0x6ed	mem[EXTMEM:06ed]
decompiler	CODE:83d4	CODE:83db	RET	19	read	EXTMEM	1	EXTMEM:06ed	0x6ed	
decompiler	CODE:83d4	CODE:83db	RET	20	write	EXTMEM	1	EXTMEM:06ee	0x6ee	mem[EXTMEM:06ee]
decompiler	CODE:83d4	CODE:83db	RET	20	read	EXTMEM	1	EXTMEM:06ee	0x6ee	
decompiler	CODE:83dc	CODE:83dc	MOV A,@R0	0	read	INTMEM	1	(register, 0x0, 1)		
decompiler	CODE:83e7	CODE:83ed	MOVX A,@DPTR	19	read	EXTMEM	1	CAST(PIECE(INT_SUB((register, 0x6, 1),INT_SRIGHT((register, 0x48, 1),0x7)),(register, 0xb, 1)))		
decompiler	CODE:83ef	CODE:83ef	MOVC A,@A+DPTR	2	read	CODE	1	CAST(INT_ADD((register, 0x82, 2),INT_ZEXT((register, 0xb, 1))))		
decompiler	CODE:83f7	CODE:83fe	MOVC A,@A+DPTR	9	read	CODE	1	CAST(INT_ADD(PIECE((register, 0xb, 1),(register, 0x83, 1)),0x1))		
decompiler	CODE:8401	CODE:8406	JZ 0x8427	16	read	INTMEM	1	INTMEM:b2	0xb2	
decompiler	CODE:8401	CODE:840a	JNZ 0x8438	31	read	INTMEM	1	INTMEM:b2	0xb2	
decompiler	CODE:8401	CODE:8410	JZ 0x8438	37	read	INTMEM	1	INTMEM:b4	0xb4	
decompiler	CODE:8401	CODE:8414	JNZ 0x8424	52	read	INTMEM	1	INTMEM:b4	0xb4	
decompiler	CODE:8401	CODE:8423	RET	201	write	INTMEM	1	INTMEM:b2	0xb2	mem[INTMEM:b2]
decompiler	CODE:8401	CODE:8423	RET	201	read	INTMEM	1	INTMEM:b2	0xb2	
decompiler	CODE:8401	CODE:8423	RET	209	write	INTMEM	1	INTMEM:b4	0xb4	mem[INTMEM:b4]
decompiler	CODE:8401	CODE:8423	RET	209	read	INTMEM	1	INTMEM:b4	0xb4	
decompiler	CODE:8401	CODE:8426	RET	202	write	INTMEM	1	INTMEM:b2	0xb2	mem[INTMEM:b2]
decompiler	CODE:8401	CODE:8426	RET	202	read	INTMEM	1	INTMEM:b2	0xb2	
decompiler	CODE:8401	CODE:8426	RET	210	write	INTMEM	1	INTMEM:b4	0xb4	mem[INTMEM:b4]
decompiler	CODE:8401	CODE:8426	RET	210	read	INTMEM	1	INTMEM:b4	0xb4	
decompiler	CODE:8401	CODE:842c	JZ 0x8435	126	read	INTMEM	1	INTMEM:b4	0xb4	
decompiler	CODE:8401	CODE:8430	JNZ 0x8438	141	read	INTMEM	1	INTMEM:b4	0xb4	
decompiler	CODE:8401	CODE:8434	RET	204	write	INTMEM	1	INTMEM:b2	0xb2	mem[INTMEM:b2]
decompiler	CODE:8401	CODE:8434	RET	204	read	INTMEM	1	INTMEM:b2	0xb2	
decompiler	CODE:8401	CODE:8434	RET	212	write	INTMEM	1	INTMEM:b4	0xb4	mem[INTMEM:b4]
decompiler	CODE:8401	CODE:8434	RET	212	read	INTMEM	1	INTMEM:b4	0xb4	
decompiler	CODE:8401	CODE:8437	RET	205	write	INTMEM	1	INTMEM:b2	0xb2	mem[INTMEM:b2]
decompiler	CODE:8401	CODE:8437	RET	205	read	INTMEM	1	INTMEM:b2	0xb2	
decompiler	CODE:8401	CODE:8437	RET	213	write	INTMEM	1	INTMEM:b4	0xb4	mem[INTMEM:b4]
decompiler	CODE:8401	CODE:8437	RET	213	read	INTMEM	1	INTMEM:b4	0xb4	
decompiler	CODE:8401	CODE:843a	RET	203	write	INTMEM	1	INTMEM:b2	0xb2	mem[INTMEM:b2]
decompiler	CODE:8401	CODE:843a	RET	203	read	INTMEM	1	INTMEM:b2	0xb2	
decompiler	CODE:8401	CODE:843a	RET	211	write	INTMEM	1	INTMEM:b4	0xb4	mem[INTMEM:b4]
decompiler	CODE:8401	CODE:843a	RET	211	read	INTMEM	1	INTMEM:b4	0xb4	
decompiler	CODE:843b	CODE:8472	MOVX @DPTR,A	79	write	EXTMEM	1	EXTMEM:0760	0x760	mem[EXTMEM:04a3]
decompiler	CODE:843b	CODE:8472	MOVX @DPTR,A	79	read	EXTMEM	1	EXTMEM:04a3	0x4a3	
decompiler	CODE:843b	CODE:8473	RET	200	write	EXTMEM	1	EXTMEM:04a3	0x4a3	mem[EXTMEM:04a3]
decompiler	CODE:843b	CODE:8473	RET	200	read	EXTMEM	1	EXTMEM:04a3	0x4a3	
decompiler	CODE:843b	CODE:8473	RET	209	write	EXTMEM	1	EXTMEM:0760	0x760	mem[EXTMEM:0760]
decompiler	CODE:843b	CODE:8473	RET	209	read	EXTMEM	1	EXTMEM:0760	0x760	
decompiler	CODE:8474	CODE:8474	MOVX @DPTR,A	2	write	EXTMEM	1	(register, 0x82, 2)		(register, 0xb, 1)
decompiler	CODE:8474	CODE:8485	INC @R0	27	read	INTMEM	1	INTMEM:a6	0xa6	
decompiler	CODE:8474	CODE:8489	MOV @R0,A	41	write	INTMEM	1	INTMEM:a6	0xa6	INT_AND(INT_ADD(mem[INTMEM:a6],0x1),0x1f)
decompiler	CODE:8474	CODE:848c	INC @R0	44	read	INTMEM	1	INTMEM:a4	0xa4	
decompiler	CODE:8474	CODE:848c	INC @R0	45	write	INTMEM	1	INTMEM:a4	0xa4	INT_ADD(mem[INTMEM:a4],0x1)
decompiler	CODE:8474	CODE:848d	RET	77	write	INTMEM	1	INTMEM:a4	0xa4	mem[INTMEM:a4]
decompiler	CODE:8474	CODE:848d	RET	77	read	INTMEM	1	INTMEM:a4	0xa4	
decompiler	CODE:8474	CODE:848d	RET	80	write	INTMEM	1	INTMEM:a6	0xa6	mem[INTMEM:a6]
decompiler	CODE:8474	CODE:848d	RET	80	read	INTMEM	1	INTMEM:a6	0xa6	
decompiler	CODE:848e	CODE:849f	MOVX @DPTR,A	18	write	EXTMEM	1	INDIRECT(0x4,0xc)		INDIRECT((register, 0x7, 1),0xc)
decompiler	CODE:848e	CODE:84a0	RET	40	write	INTMEM	1	INTMEM:a6	0xa6	mem[INTMEM:a6]
decompiler	CODE:848e	CODE:84a0	RET	40	read	INTMEM	1	INTMEM:a6	0xa6	
decompiler	CODE:84ad	CODE:84ad	LCALL 0xa335	199	read	INTMEM	1	INTMEM:b3	0xb3	
decompiler	CODE:84ad	CODE:84b8	MOV @R0,#0x2	29	write	INTMEM	1	CAST(INT_ADD(mem[INTMEM:b3],0x23))		0x2
decompiler	CODE:84ad	CODE:84c5	MOV @R0,#0x1	90	write	INTMEM	1	CAST(INT_ADD(mem[INTMEM:b3],0x23))		0x1
decompiler	CODE:84ad	CODE:84e1	SETB 0x0d	72	write	BITS	1	BITS:0d	0xd	0x1
decompiler	CODE:84ad	CODE:84e3	LJMP 0x6c35	171	write	INTMEM	1	INTMEM:b3	0xb3	mem[INTMEM:b3]
decompiler	CODE:84ad	CODE:84e3	LJMP 0x6c35	171	read	INTMEM	1	INTMEM:b3	0xb3	
decompiler	CODE:84ad	CODE:84e3	LJMP 0x6c35	182	write	BITS	1	BITS:0d	0xd	mem[BITS:0d]
decompiler	CODE:84ad	CODE:84e3	LJMP 0x6c35	182	read	BITS	1	BITS:0d	0xd	
decompiler	CODE:84e6	CODE:84e8	LCALL 0x8000	264	read	INTMEM	1	INTMEM:07	0x7	
decompiler	CODE:84e6	CODE:84f2	MOVX @DPTR,A	34	write	EXTMEM	1	INDIRECT(INDIRECT((register, 0x82, 2),0x8),0x1e)		0x0
decompiler	CODE:84e6	CODE:84f7	JZ 0x8512	39	read	EXTMEM	1	EXTMEM:0390	0x390	
decompiler	CODE:84e6	CODE:84fc	MOVX A,@DPTR	50	read	EXTMEM	1	INDIRECT(0x390,0x30)		
decompiler	CODE:84e6	CODE:8511	MOVX @DPTR,A	155	write	EXTMEM	1	INDIRECT(INDIRECT(0x390,0x30),0x97)		INDIRECT(LOAD(0x311,INDIRECT(0x390,0x30)),0x97)
decompiler	CODE:84e6	CODE:8516	CJNE A,#0x1,0x851e	106	read	EXTMEM	1	EXTMEM:0390	0x390	
decompiler	CODE:84e6	CODE:851d	MOVX @DPTR,A	119	write	EXTMEM	1	INDIRECT(0x390,0x73)		INDIRECT(MULTIEQUAL(INDIRECT(INDIRECT(COPY(mem[INTMEM:07]),0x8),0x1e),INDIRECT(INDIRECT(INDIRECT((unique, 0x10000004, 1),0x8),0x1e),0x30),INDIRECT(INDIRECT(INDIRECT((register, 0x4, 1),0x1e),0x30),0x97),INDIRECT(INDIRECT(INDIRECT((unique, 0x10000004, 1),0x8),0x1e),0x30)),0x73)
decompiler	CODE:84e6	CODE:851e	RET	233	write	INTMEM	1	INTMEM:07	0x7	mem[INTMEM:07]
decompiler	CODE:84e6	CODE:851e	RET	233	read	INTMEM	1	INTMEM:07	0x7	
decompiler	CODE:84e6	CODE:851e	RET	241	write	EXTMEM	1	EXTMEM:0390	0x390	mem[EXTMEM:0390]
decompiler	CODE:84e6	CODE:851e	RET	241	read	EXTMEM	1	EXTMEM:0390	0x390	
decompiler	CODE:8558	CODE:855d	JNZ 0x8569	16	read	INTMEM	1	INTMEM:b2	0xb2	
decompiler	CODE:8558	CODE:8564	JNZ 0x858e	34	read	INTMEM	1	INTMEM:b4	0xb4	
decompiler	CODE:8558	CODE:8568	RET	184	write	INTMEM	1	INTMEM:b2	0xb2	mem[INTMEM:b2]
decompiler	CODE:8558	CODE:8568	RET	184	read	INTMEM	1	INTMEM:b2	0xb2	
decompiler	CODE:8558	CODE:8568	RET	193	write	INTMEM	1	INTMEM:b4	0xb4	mem[INTMEM:b4]
decompiler	CODE:8558	CODE:8568	RET	193	read	INTMEM	1	INTMEM:b4	0xb4	
decompiler	CODE:8558	CODE:8568	RET	202	write	INTMEM	1	INTMEM:cb	0xcb	mem[INTMEM:cb]
decompiler	CODE:8558	CODE:8568	RET	202	read	INTMEM	1	INTMEM:cb	0xcb	
decompiler	CODE:8558	CODE:8572	RET	186	write	INTMEM	1	INTMEM:b2	0xb2	mem[INTMEM:b2]
decompiler	CODE:8558	CODE:8572	RET	186	read	INTMEM	1	INTMEM:b2	0xb2	
decompiler	CODE:8558	CODE:8572	RET	195	write	INTMEM	1	INTMEM:b4	0xb4	mem[INTMEM:b4]
decompiler	CODE:8558	CODE:8572	RET	195	read	INTMEM	1	INTMEM:b4	0xb4	
decompiler	CODE:8558	CODE:8572	RET	204	write	INTMEM	1	INTMEM:cb	0xcb	mem[INTMEM:cb]
decompiler	CODE:8558	CODE:8572	RET	204	read	INTMEM	1	INTMEM:cb	0xcb	
decompiler	CODE:8558	CODE:858d	RET	187	write	INTMEM	1	INTMEM:b2	0xb2	mem[INTMEM:b2]
decompiler	CODE:8558	CODE:858d	RET	187	read	INTMEM	1	INTMEM:b2	0xb2	
decompiler	CODE:8558	CODE:858d	RET	196	write	INTMEM	1	INTMEM:b4	0xb4	mem[INTMEM:b4]
decompiler	CODE:8558	CODE:858d	RET	196	read	INTMEM	1	INTMEM:b4	0xb4	
decompiler	CODE:8558	CODE:858d	RET	205	write	INTMEM	1	INTMEM:cb	0xcb	mem[INTMEM:cb]
decompiler	CODE:8558	CODE:858d	RET	205	read	INTMEM	1	INTMEM:cb	0xcb	
decompiler	CODE:8558	CODE:8590	RET	185	write	INTMEM	1	INTMEM:b2	0xb2	mem[INTMEM:b2]
decompiler	CODE:8558	CODE:8590	RET	185	read	INTMEM	1	INTMEM:b2	0xb2	
decompiler	CODE:8558	CODE:8590	RET	194	write	INTMEM	1	INTMEM:b4	0xb4	mem[INTMEM:b4]
decompiler	CODE:8558	CODE:8590	RET	194	read	INTMEM	1	INTMEM:b4	0xb4	
decompiler	CODE:8558	CODE:8590	RET	203	write	INTMEM	1	INTMEM:cb	0xcb	mem[INTMEM:cb]
decompiler	CODE:8558	CODE:8590	RET	203	read	INTMEM	1	INTMEM:cb	0xcb	
decompiler	CODE:8591	CODE:8596	MOVX @DPTR,A	4	write	EXTMEM	1	EXTMEM:04ac	0x4ac	0x1
decompiler	CODE:8591	CODE:85c1	LCALL 0xadf3	125	write	EXTMEM	1	EXTMEM:04a8	0x4a8	mem[EXTMEM:04a8]
decompiler	CODE:8591	CODE:85c1	LCALL 0xadf3	125	read	EXTMEM	1	EXTMEM:04a8	0x4a8	
decompiler	CODE:8591	CODE:85c1	LCALL 0xadf3	134	write	EXTMEM	1	EXTMEM:04ac	0x4ac	mem[EXTMEM:04ac]
decompiler	CODE:8591	CODE:85c1	LCALL 0xadf3	134	read	EXTMEM	1	EXTMEM:04ac	0x4ac	
decompiler	CODE:85c9	CODE:85ce	JNZ 0x85ef	16	read	INTMEM	1	INTMEM:b2	0xb2	
decompiler	CODE:85c9	CODE:85d5	JZ 0x85ea	34	read	INTMEM	1	INTMEM:b4	0xb4	
decompiler	CODE:85c9	CODE:85d9	JNZ 0x85fe	49	read	INTMEM	1	INTMEM:b4	0xb4	
decompiler	CODE:85c9	CODE:85e9	RET	214	write	INTMEM	1	INTMEM:b2	0xb2	mem[INTMEM:b2]
decompiler	CODE:85c9	CODE:85e9	RET	214	read	INTMEM	1	INTMEM:b2	0xb2	
decompiler	CODE:85c9	CODE:85e9	RET	224	write	INTMEM	1	INTMEM:b4	0xb4	mem[INTMEM:b4]
decompiler	CODE:85c9	CODE:85e9	RET	224	read	INTMEM	1	INTMEM:b4	0xb4	
decompiler	CODE:85c9	CODE:8600	RET	215	write	INTMEM	1	INTMEM:b2	0xb2	mem[INTMEM:b2]
decompiler	CODE:85c9	CODE:8600	RET	215	read	INTMEM	1	INTMEM:b2	0xb2	
decompiler	CODE:85c9	CODE:8600	RET	225	write	INTMEM	1	INTMEM:b4	0xb4	mem[INTMEM:b4]
decompiler	CODE:85c9	CODE:8600	RET	225	read	INTMEM	1	INTMEM:b4	0xb4	
decompiler	CODE:8601	CODE:8605	LCALL 0x342d	274	read	INTMEM	1	INTMEM:b3	0xb3	
decompiler	CODE:8601	CODE:8608	MOVX A,@DPTR	13	read	EXTMEM	1	INDIRECT((register, 0x82, 2),0xb)		
decompiler	CODE:8601	CODE:8613	MOVX @DPTR,A	43	write	EXTMEM	1	INDIRECT(INDIRECT((register, 0x82, 2),0xb),0x27)		INDIRECT(INDIRECT((register, 0x7, 1),0xb),0x27)
decompiler	CODE:8601	CODE:862d	LJMP 0xa99c	248	write	INTMEM	1	INTMEM:b3	0xb3	mem[INTMEM:b3]
decompiler	CODE:8601	CODE:862d	LJMP 0xa99c	248	read	INTMEM	1	INTMEM:b3	0xb3	
decompiler	CODE:8601	CODE:8637	RET	249	write	INTMEM	1	INTMEM:b3	0xb3	mem[INTMEM:b3]
decompiler	CODE:8601	CODE:8637	RET	249	read	INTMEM	1	INTMEM:b3	0xb3	
decompiler	CODE:8638	CODE:863d	JNZ 0x8662	16	read	INTMEM	1	INTMEM:b2	0xb2	
decompiler	CODE:8638	CODE:8644	JZ 0x865c	34	read	INTMEM	1	INTMEM:b4	0xb4	
decompiler	CODE:8638	CODE:8648	JZ 0x865c	49	read	INTMEM	1	INTMEM:b4	0xb4	
decompiler	CODE:8638	CODE:864c	JZ 0x865f	64	read	INTMEM	1	INTMEM:b4	0xb4	
decompiler	CODE:8638	CODE:8650	JNZ 0x866c	79	read	INTMEM	1	INTMEM:b4	0xb4	
decompiler	CODE:8638	CODE:865b	RET	230	write	INTMEM	1	INTMEM:b2	0xb2	mem[INTMEM:b2]
decompiler	CODE:8638	CODE:865b	RET	230	read	INTMEM	1	INTMEM:b2	0xb2	
decompiler	CODE:8638	CODE:865b	RET	239	write	INTMEM	1	INTMEM:b4	0xb4	mem[INTMEM:b4]
decompiler	CODE:8638	CODE:865b	RET	239	read	INTMEM	1	INTMEM:b4	0xb4	
decompiler	CODE:8638	CODE:865e	RET	233	write	INTMEM	1	INTMEM:b2	0xb2	mem[INTMEM:b2]
decompiler	CODE:8638	CODE:865e	RET	233	read	INTMEM	1	INTMEM:b2	0xb2	
decompiler	CODE:8638	CODE:865e	RET	242	write	INTMEM	1	INTMEM:b4	0xb4	mem[INTMEM:b4]
decompiler	CODE:8638	CODE:865e	RET	242	read	INTMEM	1	INTMEM:b4	0xb4	
decompiler	CODE:8638	CODE:8661	RET	232	write	INTMEM	1	INTMEM:b2	0xb2	mem[INTMEM:b2]
decompiler	CODE:8638	CODE:8661	RET	232	read	INTMEM	1	INTMEM:b2	0xb2	
decompiler	CODE:8638	CODE:8661	RET	241	write	INTMEM	1	INTMEM:b4	0xb4	mem[INTMEM:b4]
decompiler	CODE:8638	CODE:8661	RET	241	read	INTMEM	1	INTMEM:b4	0xb4	
decompiler	CODE:8638	CODE:866b	RET	234	write	INTMEM	1	INTMEM:b2	0xb2	mem[INTMEM:b2]
decompiler	CODE:8638	CODE:866b	RET	234	read	INTMEM	1	INTMEM:b2	0xb2	
decompiler	CODE:8638	CODE:866b	RET	243	write	INTMEM	1	INTMEM:b4	0xb4	mem[INTMEM:b4]
decompiler	CODE:8638	CODE:866b	RET	243	read	INTMEM	1	INTMEM:b4	0xb4	
decompiler	CODE:8638	CODE:866e	RET	231	write	INTMEM	1	INTMEM:b2	0xb2	mem[INTMEM:b2]
decompiler	CODE:8638	CODE:866e	RET	231	read	INTMEM	1	INTMEM:b2	0xb2	
decompiler	CODE:8638	CODE:866e	RET	240	write	INTMEM	1	INTMEM:b4	0xb4	mem[INTMEM:b4]
decompiler	CODE:8638	CODE:866e	RET	240	read	INTMEM	1	INTMEM:b4	0xb4	
decompiler	CODE:866f	CODE:867d	JNZ 0x8681	22	read	EXTMEM	1	EXTMEM:04a4	0x4a4	
decompiler	CODE:866f	CODE:867d	JNZ 0x8681	227	read	EXTMEM	1	EXTMEM:04a4	0x4a4	
decompiler	CODE:866f	CODE:8680	MOVX A,@DPTR	226	read	EXTMEM	1	EXTMEM:04a5	0x4a5	
decompiler	CODE:866f	CODE:86a4	RET	182	write	EXTMEM	1	EXTMEM:04a4	0x4a4	mem[EXTMEM:04a4]
decompiler	CODE:866f	CODE:86a4	RET	182	read	EXTMEM	1	EXTMEM:04a4	0x4a4	
decompiler	CODE:866f	CODE:86a4	RET	190	write	EXTMEM	1	EXTMEM:04a5	0x4a5	mem[EXTMEM:04a5]
decompiler	CODE:866f	CODE:86a4	RET	190	read	EXTMEM	1	EXTMEM:04a5	0x4a5	
decompiler	CODE:866f	CODE:86a4	RET	198	write	EXTMEM	1	EXTMEM:04a6	0x4a6	mem[EXTMEM:04a6]
decompiler	CODE:866f	CODE:86a4	RET	198	read	EXTMEM	1	EXTMEM:04a6	0x4a6	
decompiler	CODE:866f	CODE:86a4	RET	206	write	EXTMEM	1	EXTMEM:04a7	0x4a7	mem[EXTMEM:04a7]
decompiler	CODE:866f	CODE:86a4	RET	206	read	EXTMEM	1	EXTMEM:04a7	0x4a7	
decompiler	CODE:86da	CODE:86dd	MOVX A,@DPTR	9	read	EXTMEM	1	INDIRECT((register, 0x82, 2),0x7)		
decompiler	CODE:86da	CODE:86e2	JNB 0x0b,0x86ec	15	read	BITS	1	BITS:0b	0xb	
decompiler	CODE:86da	CODE:8705	MOV 0x0d,CY	50	write	BITS	1	BITS:0d	0xd	mem[BITS:0c]
decompiler	CODE:86da	CODE:8705	MOV 0x0d,CY	50	read	BITS	1	BITS:0c	0xc	
decompiler	CODE:86da	CODE:8707	LJMP 0x750e	110	write	EXTMEM	1	EXTMEM:04a4	0x4a4	mem[EXTMEM:04a4]
decompiler	CODE:86da	CODE:8707	LJMP 0x750e	110	read	EXTMEM	1	EXTMEM:04a4	0x4a4	
decompiler	CODE:86da	CODE:8707	LJMP 0x750e	117	write	BITS	1	BITS:0b	0xb	mem[BITS:0b]
decompiler	CODE:86da	CODE:8707	LJMP 0x750e	117	read	BITS	1	BITS:0b	0xb	
decompiler	CODE:86da	CODE:8707	LJMP 0x750e	123	write	BITS	1	BITS:0c	0xc	mem[BITS:0c]
decompiler	CODE:86da	CODE:8707	LJMP 0x750e	123	read	BITS	1	BITS:0c	0xc	
decompiler	CODE:86da	CODE:8707	LJMP 0x750e	130	write	BITS	1	BITS:0d	0xd	mem[BITS:0d]
decompiler	CODE:86da	CODE:8707	LJMP 0x750e	130	read	BITS	1	BITS:0d	0xd	
decompiler	CODE:86da	CODE:870d	RET	111	write	EXTMEM	1	EXTMEM:04a4	0x4a4	mem[EXTMEM:04a4]
decompiler	CODE:86da	CODE:870d	RET	111	read	EXTMEM	1	EXTMEM:04a4	0x4a4	
decompiler	CODE:86da	CODE:870d	RET	118	write	BITS	1	BITS:0b	0xb	mem[BITS:0b]
decompiler	CODE:86da	CODE:870d	RET	118	read	BITS	1	BITS:0b	0xb	
decompiler	CODE:86da	CODE:870d	RET	124	write	BITS	1	BITS:0c	0xc	mem[BITS:0c]
decompiler	CODE:86da	CODE:870d	RET	124	read	BITS	1	BITS:0c	0xc	
decompiler	CODE:86da	CODE:870d	RET	131	write	BITS	1	BITS:0d	0xd	mem[BITS:0d]
decompiler	CODE:86da	CODE:870d	RET	131	read	BITS	1	BITS:0d	0xd	
decompiler	CODE:870e	CODE:8724	MOVX A,@DPTR	41	read	EXTMEM	1	INDIRECT(0x4a9,0x25)		
decompiler	CODE:870e	CODE:8733	MOV @R0,A	62	write	INTMEM	1	INTMEM:a7	0xa7	mem[EXTMEM:04a9]
decompiler	CODE:870e	CODE:8733	MOV @R0,A	62	read	EXTMEM	1	EXTMEM:04a9	0x4a9	
decompiler	CODE:870e	CODE:8738	MOV @R0,0x07	66	write	INTMEM	1	INTMEM:a9	0xa9	mem[INTMEM:07]
decompiler	CODE:870e	CODE:8738	MOV @R0,0x07	66	read	INTMEM	1	INTMEM:07	0x7	
decompiler	CODE:870e	CODE:8741	RET	137	write	INTMEM	1	INTMEM:01	0x1	mem[INTMEM:01]
decompiler	CODE:870e	CODE:8741	RET	137	read	INTMEM	1	INTMEM:01	0x1	
decompiler	CODE:870e	CODE:8741	RET	142	write	INTMEM	1	INTMEM:02	0x2	mem[INTMEM:02]
decompiler	CODE:870e	CODE:8741	RET	142	read	INTMEM	1	INTMEM:02	0x2	
decompiler	CODE:870e	CODE:8741	RET	147	write	INTMEM	1	INTMEM:05	0x5	mem[INTMEM:05]
decompiler	CODE:870e	CODE:8741	RET	147	read	INTMEM	1	INTMEM:05	0x5	
decompiler	CODE:870e	CODE:8741	RET	152	write	INTMEM	1	INTMEM:07	0x7	mem[INTMEM:07]
decompiler	CODE:870e	CODE:8741	RET	152	read	INTMEM	1	INTMEM:07	0x7	
decompiler	CODE:870e	CODE:8741	RET	157	write	INTMEM	1	INTMEM:a7	0xa7	mem[INTMEM:a7]
decompiler	CODE:870e	CODE:8741	RET	157	read	INTMEM	1	INTMEM:a7	0xa7	
decompiler	CODE:870e	CODE:8741	RET	162	write	INTMEM	1	INTMEM:a9	0xa9	mem[INTMEM:a9]
decompiler	CODE:870e	CODE:8741	RET	162	read	INTMEM	1	INTMEM:a9	0xa9	
decompiler	CODE:870e	CODE:8741	RET	167	write	EXTMEM	1	EXTMEM:04a9	0x4a9	mem[EXTMEM:04a9]
decompiler	CODE:870e	CODE:8741	RET	167	read	EXTMEM	1	EXTMEM:04a9	0x4a9	
decompiler	CODE:8742	CODE:8745	JZ 0x8774	3	read	INTMEM	1	INTMEM:a4	0xa4	
decompiler	CODE:8742	CODE:8745	JZ 0x8774	163	read	INTMEM	1	INTMEM:a4	0xa4	
decompiler	CODE:8742	CODE:876b	INC @R0	78	read	INTMEM	1	INTMEM:a5	0xa5	
decompiler	CODE:8742	CODE:876f	MOV @R0,A	92	write	INTMEM	1	INTMEM:a5	0xa5	INT_AND(INT_ADD(mem[INTMEM:a5],0x1),0x1f)
decompiler	CODE:8742	CODE:8771	DEC @R0	95	read	INTMEM	1	INTMEM:a4	0xa4	
decompiler	CODE:8742	CODE:8771	DEC @R0	96	write	INTMEM	1	INTMEM:a4	0xa4	INT_SUB(mem[INTMEM:a4],0x1)
decompiler	CODE:8742	CODE:8773	RET	153	write	INTMEM	1	INTMEM:a4	0xa4	mem[INTMEM:a4]
decompiler	CODE:8742	CODE:8773	RET	153	read	INTMEM	1	INTMEM:a4	0xa4	
decompiler	CODE:8742	CODE:8773	RET	156	write	INTMEM	1	INTMEM:a5	0xa5	mem[INTMEM:a5]
decompiler	CODE:8742	CODE:8773	RET	156	read	INTMEM	1	INTMEM:a5	0xa5	
decompiler	CODE:8742	CODE:8775	RET	154	write	INTMEM	1	INTMEM:a4	0xa4	mem[INTMEM:a4]
decompiler	CODE:8742	CODE:8775	RET	154	read	INTMEM	1	INTMEM:a4	0xa4	
decompiler	CODE:8742	CODE:8775	RET	157	write	INTMEM	1	INTMEM:a5	0xa5	mem[INTMEM:a5]
decompiler	CODE:8742	CODE:8775	RET	157	read	INTMEM	1	INTMEM:a5	0xa5	
decompiler	CODE:879f	CODE:879f	MOVX A,@DPTR	1	read	EXTMEM	1	(register, 0x82, 2)		
decompiler	CODE:879f	CODE:87a2	MOVX A,@DPTR	6	read	EXTMEM	1	PTRADD((register, 0x82, 2),0x1,0x1)		
decompiler	CODE:87dd	CODE:87e6	CLR 0x0c	11	write	BITS	1	BITS:0c	0xc	0x0
decompiler	CODE:87dd	CODE:87f6	CJNE A,#0xa,0x87ff	45	read	INTMEM	1	INTMEM:b4	0xb4	
decompiler	CODE:87dd	CODE:87f9	JNB 0x02,0x87ff	47	read	BITS	1	BITS:02	0x2	
decompiler	CODE:87dd	CODE:87ff	RET	124	write	INTMEM	1	INTMEM:b4	0xb4	mem[INTMEM:b4]
decompiler	CODE:87dd	CODE:87ff	RET	124	read	INTMEM	1	INTMEM:b4	0xb4	
decompiler	CODE:87dd	CODE:87ff	RET	131	write	BITS	1	BITS:02	0x2	mem[BITS:02]
decompiler	CODE:87dd	CODE:87ff	RET	131	read	BITS	1	BITS:02	0x2	
decompiler	CODE:87dd	CODE:87ff	RET	138	write	BITS	1	BITS:0c	0xc	mem[BITS:0c]
decompiler	CODE:87dd	CODE:87ff	RET	138	read	BITS	1	BITS:0c	0xc	
decompiler	CODE:8800	CODE:8807	MOV A,0xb9	94	read	SFR	1	SFR:b9	0xb9	
decompiler	CODE:8800	CODE:880d	ANL 0xb9,#0x7f	92	read	SFR	1	SFR:b9	0xb9	
decompiler	CODE:8800	CODE:880d	ANL 0xb9,#0x7f	95	read	SFR	1	SFR:b9	0xb9	
decompiler	CODE:8800	CODE:8818	LCALL 0x848e	160	read	INTMEM	1	INTMEM:03	0x3	
decompiler	CODE:8800	CODE:881d	MOVX @DPTR,A	58	write	EXTMEM	1	PTRADD(INDIRECT(0x4c8,0x35),0x1,0x1)		INDIRECT(COPY(mem[INTMEM:03]),0x35)
decompiler	CODE:8800	CODE:882e	MOVX A,@DPTR	78	read	EXTMEM	1	EXTMEM:04c8	0x4c8	
decompiler	CODE:8800	CODE:882f	ORL 0xb9,A	79	read	EXTMEM	1	EXTMEM:04c8	0x4c8	
decompiler	CODE:8800	CODE:882f	ORL 0xb9,A	93	read	SFR	1	SFR:b9	0xb9	
decompiler	CODE:8800	CODE:882f	ORL 0xb9,A	96	read	SFR	1	SFR:b9	0xb9	
decompiler	CODE:8800	CODE:8831	RET	137	write	INTMEM	1	INTMEM:03	0x3	mem[INTMEM:03]
decompiler	CODE:8800	CODE:8831	RET	137	read	INTMEM	1	INTMEM:03	0x3	
decompiler	CODE:8800	CODE:8831	RET	141	write	INTMEM	1	INTMEM:a4	0xa4	mem[INTMEM:a4]
decompiler	CODE:8800	CODE:8831	RET	141	read	INTMEM	1	INTMEM:a4	0xa4	
decompiler	CODE:8800	CODE:8831	RET	145	write	EXTMEM	1	EXTMEM:04c7	0x4c7	mem[EXTMEM:04c7]
decompiler	CODE:8800	CODE:8831	RET	145	read	EXTMEM	1	EXTMEM:04c7	0x4c7	
decompiler	CODE:8800	CODE:8831	RET	150	write	EXTMEM	1	EXTMEM:04c8	0x4c8	mem[EXTMEM:04c8]
decompiler	CODE:8800	CODE:8831	RET	150	read	EXTMEM	1	EXTMEM:04c8	0x4c8	
decompiler	CODE:8832	CODE:8863	RET	150	write	INTMEM	1	INTMEM:04	0x4	mem[INTMEM:04]
decompiler	CODE:8832	CODE:8863	RET	150	read	INTMEM	1	INTMEM:04	0x4	
decompiler	CODE:8832	CODE:8863	RET	157	write	INTMEM	1	INTMEM:05	0x5	mem[INTMEM:05]
decompiler	CODE:8832	CODE:8863	RET	157	read	INTMEM	1	INTMEM:05	0x5	
decompiler	CODE:8832	CODE:8863	RET	164	write	INTMEM	1	INTMEM:06	0x6	mem[INTMEM:06]
decompiler	CODE:8832	CODE:8863	RET	164	read	INTMEM	1	INTMEM:06	0x6	
decompiler	CODE:8832	CODE:8863	RET	171	write	INTMEM	1	INTMEM:07	0x7	mem[INTMEM:07]
decompiler	CODE:8832	CODE:8863	RET	171	read	INTMEM	1	INTMEM:07	0x7	
decompiler	CODE:8832	CODE:8863	RET	178	write	EXTMEM	1	EXTMEM:04b0	0x4b0	mem[EXTMEM:04b0]
decompiler	CODE:8832	CODE:8863	RET	178	read	EXTMEM	1	EXTMEM:04b0	0x4b0	
decompiler	CODE:8832	CODE:8863	RET	185	write	EXTMEM	1	EXTMEM:04b1	0x4b1	mem[EXTMEM:04b1]
decompiler	CODE:8832	CODE:8863	RET	185	read	EXTMEM	1	EXTMEM:04b1	0x4b1	
decompiler	CODE:8864	CODE:8868	LCALL 0x109e	249	read	INTMEM	1	INTMEM:b3	0xb3	
decompiler	CODE:8864	CODE:886e	MOVX A,@DPTR	21	read	EXTMEM	1	INDIRECT(INDIRECT((register, 0x82, 2),0xb),0x13)		
decompiler	CODE:8864	CODE:8877	LCALL 0x507b	248	read	INTMEM	1	INTMEM:b3	0xb3	
decompiler	CODE:8864	CODE:887a	MOVX A,@DPTR	45	read	EXTMEM	1	INDIRECT(INDIRECT(INDIRECT(INDIRECT((register, 0x82, 2),0xb),0x13),0x1f),0x2b)		
decompiler	CODE:8864	CODE:8885	MOVX @DPTR,A	75	write	EXTMEM	1	INDIRECT(INDIRECT(INDIRECT(INDIRECT(INDIRECT((register, 0x82, 2),0xb),0x13),0x1f),0x2b),0x47)		INDIRECT(INDIRECT(INDIRECT(INDIRECT(INDIRECT((unique, 0x10000002, 1),0xb),0x13),0x1f),0x2b),0x47)
decompiler	CODE:8864	CODE:8893	MOVX @DPTR,A	111	write	EXTMEM	1	INDIRECT(INDIRECT(INDIRECT(INDIRECT(MULTIEQUAL(INDIRECT(INDIRECT((register, 0x82, 2),0x1f),0x2b),INDIRECT(INDIRECT((register, 0x82, 2),0x2b),0x47)),0x53),0x5b),0x63),0x6b)		INDIRECT(INDIRECT(INDIRECT(INDIRECT(MULTIEQUAL((register, 0x7, 1),(register, 0x7, 1)),0x53),0x5b),0x63),0x6b)
decompiler	CODE:8864	CODE:8894	RET	225	write	INTMEM	1	INTMEM:b3	0xb3	mem[INTMEM:b3]
decompiler	CODE:8864	CODE:8894	RET	225	read	INTMEM	1	INTMEM:b3	0xb3	
decompiler	CODE:8895	CODE:88a9	JNZ 0x88c4	30	read	INTMEM	1	INTMEM:b4	0xb4	
decompiler	CODE:8895	CODE:88c3	MOVX @DPTR,A	79	write	EXTMEM	1	INDIRECT(INDIRECT(INDIRECT(INDIRECT(INDIRECT(INDIRECT((register, 0x82, 2),0xd),0x28),0x31),0x3b),0x43),0x4b)		0x0
decompiler	CODE:8895	CODE:88c4	RET	178	write	INTMEM	1	INTMEM:b4	0xb4	mem[INTMEM:b4]
decompiler	CODE:8895	CODE:88c4	RET	178	read	INTMEM	1	INTMEM:b4	0xb4	
decompiler	CODE:88c5	CODE:88c5	JNB 0x09,0x88f4	0	read	BITS	1	BITS:09	0x9	
decompiler	CODE:88c5	CODE:88cc	LCALL 0x4444	219	read	INTMEM	1	INTMEM:b3	0xb3	
decompiler	CODE:88c5	CODE:88cf	MOVX A,@DPTR	15	read	EXTMEM	1	INDIRECT((register, 0x82, 2),0xd)		
decompiler	CODE:88c5	CODE:88df	CLR 0x09	53	write	BITS	1	BITS:09	0x9	0x0
decompiler	CODE:88c5	CODE:88e8	JB 0x09,0x88f4	64	read	BITS	1	BITS:09	0x9	
decompiler	CODE:88c5	CODE:88f4	RET	193	write	INTMEM	1	INTMEM:b3	0xb3	mem[INTMEM:b3]
decompiler	CODE:88c5	CODE:88f4	RET	193	read	INTMEM	1	INTMEM:b3	0xb3	
decompiler	CODE:88c5	CODE:88f4	RET	200	write	BITS	1	BITS:09	0x9	mem[BITS:09]
decompiler	CODE:88c5	CODE:88f4	RET	200	read	BITS	1	BITS:09	0x9	
decompiler	CODE:88f5	CODE:88fb	MOVX A,@DPTR	19	read	EXTMEM	1	CAST(PIECE(INT_SUB((register, 0x4, 1),INT_SRIGHT((register, 0x48, 1),0x7)),(register, 0xb, 1)))		
decompiler	CODE:88fd	CODE:88ff	MOVX @DPTR,A	3	write	EXTMEM	1	(register, 0x82, 2)		0x7
decompiler	CODE:88fd	CODE:8906	MOVX A,@DPTR	12	read	EXTMEM	1	EXTMEM:0736	0x736	
decompiler	CODE:88fd	CODE:8908	RET	24	write	EXTMEM	1	EXTMEM:0735	0x735	mem[EXTMEM:0735]
decompiler	CODE:88fd	CODE:8908	RET	24	read	EXTMEM	1	EXTMEM:0735	0x735	
decompiler	CODE:88fd	CODE:8908	RET	26	write	EXTMEM	1	EXTMEM:0736	0x736	mem[EXTMEM:0736]
decompiler	CODE:88fd	CODE:8908	RET	26	read	EXTMEM	1	EXTMEM:0736	0x736	
decompiler	CODE:8900	CODE:8906	MOVX A,@DPTR	8	read	EXTMEM	1	EXTMEM:0736	0x736	
decompiler	CODE:8900	CODE:8908	RET	20	write	EXTMEM	1	EXTMEM:0735	0x735	mem[EXTMEM:0735]
decompiler	CODE:8900	CODE:8908	RET	20	read	EXTMEM	1	EXTMEM:0735	0x735	
decompiler	CODE:8900	CODE:8908	RET	21	write	EXTMEM	1	EXTMEM:0736	0x736	mem[EXTMEM:0736]
decompiler	CODE:8900	CODE:8908	RET	21	read	EXTMEM	1	EXTMEM:0736	0x736	
decompiler	CODE:8909	CODE:890f	MOVX A,@DPTR	19	read	EXTMEM	1	CAST(PIECE(INT_SUB((register, 0x6, 1),INT_SRIGHT((register, 0x48, 1),0x7)),(register, 0xb, 1)))		
decompiler	CODE:8911	CODE:8911	MOVX @DPTR,A	2	write	EXTMEM	1	(register, 0x82, 2)		(register, 0xb, 1)
decompiler	CODE:8911	CODE:8918	MOVX A,@DPTR	11	read	EXTMEM	1	EXTMEM:0736	0x736	
decompiler	CODE:8911	CODE:891a	RET	23	write	EXTMEM	1	EXTMEM:0735	0x735	mem[EXTMEM:0735]
decompiler	CODE:8911	CODE:891a	RET	23	read	EXTMEM	1	EXTMEM:0735	0x735	
decompiler	CODE:8911	CODE:891a	RET	25	write	EXTMEM	1	EXTMEM:0736	0x736	mem[EXTMEM:0736]
decompiler	CODE:8911	CODE:891a	RET	25	read	EXTMEM	1	EXTMEM:0736	0x736	
decompiler	CODE:8925	CODE:894b	LCALL 0xade7	136	read	INTMEM	1	INTMEM:05	0x5	
decompiler	CODE:8925	CODE:894f	MOVX @DPTR,A	74	write	EXTMEM	1	INDIRECT(CAST(PIECE(INT_SUB(0x6,INT_SRIGHT(INT_LEFT(INT_LESS(0xfa,(unique, 0x1000000b, 1)),0x7),0x7)),INT_ADD(INT_MULT(mem[INTMEM:b3],0xc),0x5))),0x46)		INDIRECT((register, 0x4, 1),0x46)
decompiler	CODE:8925	CODE:8952	MOVX @DPTR,A	79	write	EXTMEM	1	PTRADD(INDIRECT(CAST(PIECE(INT_SUB(0x6,INT_SRIGHT(INT_LEFT((unique, 0x0, 1),0x7),0x7)),INT_ADD(INT_MULT(mem[INTMEM:b3],0xc),0x5))),0x46),0x1,0x1)		INDIRECT(COPY(mem[INTMEM:05]),0x46)
decompiler	CODE:8925	CODE:8953	RET	118	write	INTMEM	1	INTMEM:05	0x5	mem[INTMEM:05]
decompiler	CODE:8925	CODE:8953	RET	118	read	INTMEM	1	INTMEM:05	0x5	
decompiler	CODE:8925	CODE:8953	RET	120	write	INTMEM	1	INTMEM:b3	0xb3	mem[INTMEM:b3]
decompiler	CODE:8925	CODE:8953	RET	120	read	INTMEM	1	INTMEM:b3	0xb3	
decompiler	CODE:8925	CODE:8953	RET	122	write	EXTMEM	1	EXTMEM:04ad	0x4ad	mem[EXTMEM:04ad]
decompiler	CODE:8925	CODE:8953	RET	122	read	EXTMEM	1	EXTMEM:04ad	0x4ad	
decompiler	CODE:8954	CODE:8956	MOV 0x0d,CY	3	write	BITS	1	BITS:0d	0xd	mem[BITS:0c]
decompiler	CODE:8954	CODE:8956	MOV 0x0d,CY	3	read	BITS	1	BITS:0c	0xc	
decompiler	CODE:8954	CODE:895f	JNB 0x0c,0x8967	14	read	BITS	1	BITS:0c	0xc	
decompiler	CODE:8954	CODE:8972	JZ 0x897b	38	read	EXTMEM	1	EXTMEM:04c7	0x4c7	
decompiler	CODE:8954	CODE:8980	LJMP 0xa812	125	write	EXTMEM	1	EXTMEM:04c7	0x4c7	mem[EXTMEM:04c7]
decompiler	CODE:8954	CODE:8980	LJMP 0xa812	125	read	EXTMEM	1	EXTMEM:04c7	0x4c7	
decompiler	CODE:8954	CODE:8980	LJMP 0xa812	134	write	BITS	1	BITS:0c	0xc	mem[BITS:0c]
decompiler	CODE:8954	CODE:8980	LJMP 0xa812	134	read	BITS	1	BITS:0c	0xc	
decompiler	CODE:8954	CODE:8980	LJMP 0xa812	143	write	BITS	1	BITS:0d	0xd	mem[BITS:0d]
decompiler	CODE:8954	CODE:8980	LJMP 0xa812	143	read	BITS	1	BITS:0d	0xd	
decompiler	CODE:8983	CODE:89a2	LCALL 0xadf3	93	write	EXTMEM	1	EXTMEM:04a8	0x4a8	mem[EXTMEM:04a8]
decompiler	CODE:8983	CODE:89a2	LCALL 0xadf3	93	read	EXTMEM	1	EXTMEM:04a8	0x4a8	
decompiler	CODE:89b2	CODE:89be	JZ 0x89df	17	read	EXTMEM	1	EXTMEM:04a3	0x4a3	
decompiler	CODE:89b2	CODE:89c0	ANL 0xb9,#0x7f	89	read	SFR	1	SFR:b9	0xb9	
decompiler	CODE:89b2	CODE:89c0	ANL 0xb9,#0x7f	91	read	SFR	1	SFR:b9	0xb9	
decompiler	CODE:89b2	CODE:89c6	MOV 0x0a,CY	37	write	BITS	1	BITS:0a	0xa	INT_SRIGHT(CAST(INDIRECT(INT_AND(MULTIEQUAL((register, 0x48, 1),(register, 0x48, 1)),0xdd),0x24)),0x7)
decompiler	CODE:89b2	CODE:89c8	ORL 0xb9,#0x80	90	read	SFR	1	SFR:b9	0xb9	
decompiler	CODE:89b2	CODE:89c8	ORL 0xb9,#0x80	92	read	SFR	1	SFR:b9	0xb9	
decompiler	CODE:89b2	CODE:89cb	JNB 0x0a,0x89df	39	read	BITS	1	BITS:0a	0xa	
decompiler	CODE:89b2	CODE:89df	RET	154	write	EXTMEM	1	EXTMEM:04a3	0x4a3	mem[EXTMEM:04a3]
decompiler	CODE:89b2	CODE:89df	RET	154	read	EXTMEM	1	EXTMEM:04a3	0x4a3	
decompiler	CODE:89b2	CODE:89df	RET	156	write	EXTMEM	1	EXTMEM:04a3	0x4a3	mem[EXTMEM:04a3]
decompiler	CODE:89b2	CODE:89df	RET	156	read	EXTMEM	1	EXTMEM:04a3	0x4a3	
decompiler	CODE:89b2	CODE:89df	RET	162	write	BITS	1	BITS:0a	0xa	mem[BITS:0a]
decompiler	CODE:89b2	CODE:89df	RET	162	read	BITS	1	BITS:0a	0xa	
decompiler	CODE:89b2	CODE:89df	RET	164	write	BITS	1	BITS:0a	0xa	mem[BITS:0a]
decompiler	CODE:89b2	CODE:89df	RET	164	read	BITS	1	BITS:0a	0xa	
decompiler	CODE:89b2	CODE:89df	RET	183	write	EXTMEM	1	EXTMEM:04a3	0x4a3	mem[EXTMEM:04a3]
decompiler	CODE:89b2	CODE:89df	RET	183	read	EXTMEM	1	EXTMEM:04a3	0x4a3	
decompiler	CODE:89b2	CODE:89df	RET	184	write	BITS	1	BITS:0a	0xa	mem[BITS:0a]
decompiler	CODE:89b2	CODE:89df	RET	184	read	BITS	1	BITS:0a	0xa	
decompiler	CODE:8a0e	CODE:8a13	JNZ 0x8a37	16	read	INTMEM	1	INTMEM:be	0xbe	
decompiler	CODE:8a0e	CODE:8a1a	JZ 0x8a32	34	read	INTMEM	1	INTMEM:c0	0xc0	
decompiler	CODE:8a0e	CODE:8a1e	JZ 0x8a2e	49	read	INTMEM	1	INTMEM:c0	0xc0	
decompiler	CODE:8a0e	CODE:8a21	JZ 0x8a2b	52	read	INTMEM	1	INTMEM:c0	0xc0	
decompiler	CODE:8a0e	CODE:8a25	JZ 0x8a2e	67	read	INTMEM	1	INTMEM:c0	0xc0	
decompiler	CODE:8a0e	CODE:8a29	JNZ 0x8a37	82	read	INTMEM	1	INTMEM:c0	0xc0	
decompiler	CODE:8a0e	CODE:8a2b	LJMP 0x9e89	177	write	INTMEM	1	INTMEM:be	0xbe	mem[INTMEM:be]
decompiler	CODE:8a0e	CODE:8a2b	LJMP 0x9e89	177	read	INTMEM	1	INTMEM:be	0xbe	
decompiler	CODE:8a0e	CODE:8a2b	LJMP 0x9e89	183	write	INTMEM	1	INTMEM:c0	0xc0	mem[INTMEM:c0]
decompiler	CODE:8a0e	CODE:8a2b	LJMP 0x9e89	183	read	INTMEM	1	INTMEM:c0	0xc0	
decompiler	CODE:8a0e	CODE:8a2b	LJMP 0x9e89	189	write	BITS	1	BITS:0c	0xc	mem[BITS:0c]
decompiler	CODE:8a0e	CODE:8a2b	LJMP 0x9e89	189	read	BITS	1	BITS:0c	0xc	
decompiler	CODE:8a0e	CODE:8a2e	CLR 0x0c	104	write	BITS	1	BITS:0c	0xc	0x0
decompiler	CODE:8a0e	CODE:8a32	SETB 0x0c	108	write	BITS	1	BITS:0c	0xc	0x1
decompiler	CODE:8a0e	CODE:8a34	LJMP 0x82dc	179	write	INTMEM	1	INTMEM:be	0xbe	mem[INTMEM:be]
decompiler	CODE:8a0e	CODE:8a34	LJMP 0x82dc	179	read	INTMEM	1	INTMEM:be	0xbe	
decompiler	CODE:8a0e	CODE:8a34	LJMP 0x82dc	185	write	INTMEM	1	INTMEM:c0	0xc0	mem[INTMEM:c0]
decompiler	CODE:8a0e	CODE:8a34	LJMP 0x82dc	185	read	INTMEM	1	INTMEM:c0	0xc0	
decompiler	CODE:8a0e	CODE:8a34	LJMP 0x82dc	191	write	BITS	1	BITS:0c	0xc	mem[BITS:0c]
decompiler	CODE:8a0e	CODE:8a34	LJMP 0x82dc	191	read	BITS	1	BITS:0c	0xc	
decompiler	CODE:8a0e	CODE:8a3a	RET	178	write	INTMEM	1	INTMEM:be	0xbe	mem[INTMEM:be]
decompiler	CODE:8a0e	CODE:8a3a	RET	178	read	INTMEM	1	INTMEM:be	0xbe	
decompiler	CODE:8a0e	CODE:8a3a	RET	184	write	INTMEM	1	INTMEM:c0	0xc0	mem[INTMEM:c0]
decompiler	CODE:8a0e	CODE:8a3a	RET	184	read	INTMEM	1	INTMEM:c0	0xc0	
decompiler	CODE:8a0e	CODE:8a3a	RET	190	write	BITS	1	BITS:0c	0xc	mem[BITS:0c]
decompiler	CODE:8a0e	CODE:8a3a	RET	190	read	BITS	1	BITS:0c	0xc	
decompiler	CODE:8a3b	CODE:8a3b	CLR 0x0c	0	write	BITS	1	BITS:0c	0xc	0x0
decompiler	CODE:8a3b	CODE:8a63	SETB 0x0c	99	write	BITS	1	BITS:0c	0xc	0x1
decompiler	CODE:8a3b	CODE:8a67	RET	173	write	BITS	1	BITS:0c	0xc	mem[BITS:0c]
decompiler	CODE:8a3b	CODE:8a67	RET	173	read	BITS	1	BITS:0c	0xc	
decompiler	CODE:8a68	CODE:8a68	CLR 0x0c	0	write	BITS	1	BITS:0c	0xc	0x0
decompiler	CODE:8a68	CODE:8a8e	LJMP 0x7069	167	write	BITS	1	BITS:0c	0xc	mem[BITS:0c]
decompiler	CODE:8a68	CODE:8a8e	LJMP 0x7069	167	read	BITS	1	BITS:0c	0xc	
decompiler	CODE:8a68	CODE:8a94	RET	168	write	BITS	1	BITS:0c	0xc	mem[BITS:0c]
decompiler	CODE:8a68	CODE:8a94	RET	168	read	BITS	1	BITS:0c	0xc	
decompiler	CODE:8a95	CODE:8abf	LJMP 0xa99c	149	write	EXTMEM	1	EXTMEM:04ae	0x4ae	mem[EXTMEM:04ae]
decompiler	CODE:8a95	CODE:8abf	LJMP 0xa99c	149	read	EXTMEM	1	EXTMEM:04ae	0x4ae	
decompiler	CODE:8a95	CODE:8abf	LJMP 0xa99c	156	write	EXTMEM	1	EXTMEM:04af	0x4af	mem[EXTMEM:04af]
decompiler	CODE:8a95	CODE:8abf	LJMP 0xa99c	156	read	EXTMEM	1	EXTMEM:04af	0x4af	
decompiler	CODE:8a95	CODE:8abf	LJMP 0xa99c	163	write	EXTMEM	1	EXTMEM:04b0	0x4b0	mem[EXTMEM:04b0]
decompiler	CODE:8a95	CODE:8abf	LJMP 0xa99c	163	read	EXTMEM	1	EXTMEM:04b0	0x4b0	
decompiler	CODE:8b3b	CODE:8b41	MOVX A,@DPTR	8	read	EXTMEM	1	EXTMEM:04a4	0x4a4	
decompiler	CODE:8b3b	CODE:8b46	RET	25	write	EXTMEM	1	EXTMEM:04a3	0x4a3	mem[EXTMEM:04a3]
decompiler	CODE:8b3b	CODE:8b46	RET	25	read	EXTMEM	1	EXTMEM:04a3	0x4a3	
decompiler	CODE:8b3b	CODE:8b46	RET	26	write	EXTMEM	1	EXTMEM:04a4	0x4a4	mem[EXTMEM:04a4]
decompiler	CODE:8b3b	CODE:8b46	RET	26	read	EXTMEM	1	EXTMEM:04a4	0x4a4	
decompiler	CODE:8b40	CODE:8b41	MOVX A,@DPTR	2	read	EXTMEM	1	CAST(INT_ADD((register, 0x82, 2),0x1))		
decompiler	CODE:8b47	CODE:8b57	LCALL 0x54ca	178	read	INTMEM	1	INTMEM:05	0x5	
decompiler	CODE:8b47	CODE:8b6b	LJMP 0xaafc	155	write	INTMEM	1	INTMEM:05	0x5	mem[INTMEM:05]
decompiler	CODE:8b47	CODE:8b6b	LJMP 0xaafc	155	read	INTMEM	1	INTMEM:05	0x5	
decompiler	CODE:8b47	CODE:8b71	RET	156	write	INTMEM	1	INTMEM:05	0x5	mem[INTMEM:05]
decompiler	CODE:8b47	CODE:8b71	RET	156	read	INTMEM	1	INTMEM:05	0x5	
decompiler	CODE:8b72	CODE:8b8d	MOVX @DPTR,A	41	write	EXTMEM	1	EXTMEM:0afa	0xafa	0x1
decompiler	CODE:8b72	CODE:8b92	MOVX @DPTR,A	53	write	EXTMEM	1	INDIRECT(0xafa,0x31)		0x0
decompiler	CODE:8b72	CODE:8b9c	RET	123	write	EXTMEM	1	EXTMEM:0afa	0xafa	mem[EXTMEM:0afa]
decompiler	CODE:8b72	CODE:8b9c	RET	123	read	EXTMEM	1	EXTMEM:0afa	0xafa	
decompiler	CODE:8b9d	CODE:8b9d	MOV 0xa3,#0x5a	74	read	SFR	1	SFR:a3	0xa3	
decompiler	CODE:8b9d	CODE:8baf	MOV 0xa3,#0xce	75	read	SFR	1	SFR:a3	0xa3	
decompiler	CODE:8b9d	CODE:8bb5	MOV 0xbd,#0xff	78	read	SFR	1	SFR:bd	0xbd	
decompiler	CODE:8b9d	CODE:8bb8	MOV 0xbe,#0xff	79	read	SFR	1	SFR:be	0xbe	
decompiler	CODE:8b9d	CODE:8bbb	MOV 0xbf,#0xff	80	read	SFR	1	SFR:bf	0xbf	
decompiler	CODE:8b9d	CODE:8bbf	MOV 0xa3,A	76	read	SFR	1	SFR:a3	0xa3	
decompiler	CODE:8b9d	CODE:8bc1	MOV 0xb8,A	77	read	SFR	1	SFR:b8	0xb8	
decompiler	CODE:8b9d	CODE:8bc3	MOV 0xc3,A	81	read	SFR	1	SFR:c3	0xc3	
decompiler	CODE:8b9d	CODE:8bc5	MOV 0xcb,A	82	read	SFR	1	SFR:cb	0xcb	
decompiler	CODE:8bc8	CODE:8bcd	JZ 0x8bf1	4	read	INTMEM	1	INTMEM:d0	0xd0	
decompiler	CODE:8bc8	CODE:8bd4	JZ 0x8bf1	12	read	INTMEM	1	INTMEM:ce	0xce	
decompiler	CODE:8bc8	CODE:8bd4	JZ 0x8bf1	12	read	INTMEM	1	INTMEM:d1	0xd1	
decompiler	CODE:8bc8	CODE:8bd6	LCALL 0x770c	146	read	INTMEM	1	INTMEM:ce	0xce	
decompiler	CODE:8bc8	CODE:8bdc	INC @R0	26	read	INTMEM	1	INTMEM:ce	0xce	
decompiler	CODE:8bc8	CODE:8be0	MOV A,@R0	36	read	INTMEM	1	INDIRECT(0xce,0x23)		
decompiler	CODE:8bc8	CODE:8be7	MOV @R0,A	53	write	INTMEM	1	INDIRECT(0xce,0x23)		0x0
decompiler	CODE:8bc8	CODE:8bea	MOV @R0,#0x4	56	write	INTMEM	1	INTMEM:d0	0xd0	0x4
decompiler	CODE:8bc8	CODE:8bf0	RET	119	write	INTMEM	1	INTMEM:ce	0xce	mem[INTMEM:ce]
decompiler	CODE:8bc8	CODE:8bf0	RET	119	read	INTMEM	1	INTMEM:ce	0xce	
decompiler	CODE:8bc8	CODE:8bf0	RET	126	write	INTMEM	1	INTMEM:d0	0xd0	mem[INTMEM:d0]
decompiler	CODE:8bc8	CODE:8bf0	RET	126	read	INTMEM	1	INTMEM:d0	0xd0	
decompiler	CODE:8bc8	CODE:8bf0	RET	133	write	INTMEM	1	INTMEM:d1	0xd1	mem[INTMEM:d1]
decompiler	CODE:8bc8	CODE:8bf0	RET	133	read	INTMEM	1	INTMEM:d1	0xd1	
decompiler	CODE:8bc8	CODE:8bf2	RET	120	write	INTMEM	1	INTMEM:ce	0xce	mem[INTMEM:ce]
decompiler	CODE:8bc8	CODE:8bf2	RET	120	read	INTMEM	1	INTMEM:ce	0xce	
decompiler	CODE:8bc8	CODE:8bf2	RET	127	write	INTMEM	1	INTMEM:d0	0xd0	mem[INTMEM:d0]
decompiler	CODE:8bc8	CODE:8bf2	RET	127	read	INTMEM	1	INTMEM:d0	0xd0	
decompiler	CODE:8bc8	CODE:8bf2	RET	134	write	INTMEM	1	INTMEM:d1	0xd1	mem[INTMEM:d1]
decompiler	CODE:8bc8	CODE:8bf2	RET	134	read	INTMEM	1	INTMEM:d1	0xd1	
decompiler	CODE:8bf3	CODE:8bf8	LCALL 0x6221	100	read	INTMEM	1	INTMEM:05	0x5	
decompiler	CODE:8bf3	CODE:8bfc	MOVX @DPTR,A	13	write	EXTMEM	1	INDIRECT(0x750,0x9)		INDIRECT((register, 0x7, 1),0x9)
decompiler	CODE:8bf3	CODE:8c03	MOVX @DPTR,A	20	write	EXTMEM	1	CAST(INT_ADD(PIECE(INDIRECT((register, 0x4, 1),0x9),INDIRECT((register, 0x5, 1),0x9)),0x1))		INDIRECT(COPY(mem[INTMEM:05]),0x9)
decompiler	CODE:8bf3	CODE:8c0b	MOVX @DPTR,A	46	write	EXTMEM	1	INDIRECT(CAST(INT_ADD(PIECE(INDIRECT((register, 0x4, 1),0x9),INDIRECT((register, 0x5, 1),0x9)),0x1)),0x2a)		INDIRECT(INDIRECT((register, 0x3, 1),0x9),0x2a)
decompiler	CODE:8bf3	CODE:8c0f	LCALL 0xadf3	93	write	INTMEM	1	INTMEM:05	0x5	mem[INTMEM:05]
decompiler	CODE:8bf3	CODE:8c0f	LCALL 0xadf3	93	read	INTMEM	1	INTMEM:05	0x5	
decompiler	CODE:8c9d	CODE:8ca2	JNZ 0x8cb2	16	read	INTMEM	1	INTMEM:b2	0xb2	
decompiler	CODE:8c9d	CODE:8ca9	JZ 0x8caf	34	read	INTMEM	1	INTMEM:b4	0xb4	
decompiler	CODE:8c9d	CODE:8cad	JNZ 0x8cc4	49	read	INTMEM	1	INTMEM:b4	0xb4	
decompiler	CODE:8c9d	CODE:8cb1	RET	157	write	INTMEM	1	INTMEM:b2	0xb2	mem[INTMEM:b2]
decompiler	CODE:8c9d	CODE:8cb1	RET	157	read	INTMEM	1	INTMEM:b2	0xb2	
decompiler	CODE:8c9d	CODE:8cb1	RET	162	write	INTMEM	1	INTMEM:b4	0xb4	mem[INTMEM:b4]
decompiler	CODE:8c9d	CODE:8cb1	RET	162	read	INTMEM	1	INTMEM:b4	0xb4	
decompiler	CODE:8c9d	CODE:8cb1	RET	167	write	INTMEM	1	INTMEM:cc	0xcc	mem[INTMEM:cc]
decompiler	CODE:8c9d	CODE:8cb1	RET	167	read	INTMEM	1	INTMEM:cc	0xcc	
decompiler	CODE:8c9d	CODE:8cbc	JZ 0x8cc1	88	read	INTMEM	1	INTMEM:cc	0xcc	
decompiler	CODE:8c9d	CODE:8cbe	CJNE A,#0x9,0x8cc4	94	read	INTMEM	1	INTMEM:cc	0xcc	
decompiler	CODE:8c9d	CODE:8cc3	RET	159	write	INTMEM	1	INTMEM:b2	0xb2	mem[INTMEM:b2]
decompiler	CODE:8c9d	CODE:8cc3	RET	159	read	INTMEM	1	INTMEM:b2	0xb2	
decompiler	CODE:8c9d	CODE:8cc3	RET	164	write	INTMEM	1	INTMEM:b4	0xb4	mem[INTMEM:b4]
decompiler	CODE:8c9d	CODE:8cc3	RET	164	read	INTMEM	1	INTMEM:b4	0xb4	
decompiler	CODE:8c9d	CODE:8cc3	RET	169	write	INTMEM	1	INTMEM:cc	0xcc	mem[INTMEM:cc]
decompiler	CODE:8c9d	CODE:8cc3	RET	169	read	INTMEM	1	INTMEM:cc	0xcc	
decompiler	CODE:8c9d	CODE:8cc6	RET	158	write	INTMEM	1	INTMEM:b2	0xb2	mem[INTMEM:b2]
decompiler	CODE:8c9d	CODE:8cc6	RET	158	read	INTMEM	1	INTMEM:b2	0xb2	
decompiler	CODE:8c9d	CODE:8cc6	RET	163	write	INTMEM	1	INTMEM:b4	0xb4	mem[INTMEM:b4]
decompiler	CODE:8c9d	CODE:8cc6	RET	163	read	INTMEM	1	INTMEM:b4	0xb4	
decompiler	CODE:8c9d	CODE:8cc6	RET	168	write	INTMEM	1	INTMEM:cc	0xcc	mem[INTMEM:cc]
decompiler	CODE:8c9d	CODE:8cc6	RET	168	read	INTMEM	1	INTMEM:cc	0xcc	
decompiler	CODE:8cc7	CODE:8cda	LJMP 0x4d85	121	write	INTMEM	1	INTMEM:b3	0xb3	mem[INTMEM:b3]
decompiler	CODE:8cc7	CODE:8cda	LJMP 0x4d85	121	read	INTMEM	1	INTMEM:b3	0xb3	
decompiler	CODE:8cc7	CODE:8cef	RET	122	write	INTMEM	1	INTMEM:b3	0xb3	mem[INTMEM:b3]
decompiler	CODE:8cc7	CODE:8cef	RET	122	read	INTMEM	1	INTMEM:b3	0xb3	
decompiler	CODE:8d19	CODE:8d26	CJNE A,#0x22,0x8d3f	27	read	INTMEM	1	INTMEM:cd	0xcd	
decompiler	CODE:8d19	CODE:8d3e	RET	130	write	INTMEM	1	INTMEM:cd	0xcd	mem[INTMEM:cd]
decompiler	CODE:8d19	CODE:8d3e	RET	130	read	INTMEM	1	INTMEM:cd	0xcd	
decompiler	CODE:8d19	CODE:8d41	RET	129	write	INTMEM	1	INTMEM:cd	0xcd	mem[INTMEM:cd]
decompiler	CODE:8d19	CODE:8d41	RET	129	read	INTMEM	1	INTMEM:cd	0xcd	
decompiler	CODE:8d42	CODE:8d47	JNZ 0x8d5e	16	read	INTMEM	1	INTMEM:b2	0xb2	
decompiler	CODE:8d42	CODE:8d4e	JZ 0x8d57	34	read	INTMEM	1	INTMEM:b4	0xb4	
decompiler	CODE:8d42	CODE:8d52	JNZ 0x8d68	49	read	INTMEM	1	INTMEM:b4	0xb4	
decompiler	CODE:8d42	CODE:8d56	RET	141	write	INTMEM	1	INTMEM:b2	0xb2	mem[INTMEM:b2]
decompiler	CODE:8d42	CODE:8d56	RET	141	read	INTMEM	1	INTMEM:b2	0xb2	
decompiler	CODE:8d42	CODE:8d56	RET	147	write	INTMEM	1	INTMEM:b4	0xb4	mem[INTMEM:b4]
decompiler	CODE:8d42	CODE:8d56	RET	147	read	INTMEM	1	INTMEM:b4	0xb4	
decompiler	CODE:8d42	CODE:8d67	RET	143	write	INTMEM	1	INTMEM:b2	0xb2	mem[INTMEM:b2]
decompiler	CODE:8d42	CODE:8d67	RET	143	read	INTMEM	1	INTMEM:b2	0xb2	
decompiler	CODE:8d42	CODE:8d67	RET	149	write	INTMEM	1	INTMEM:b4	0xb4	mem[INTMEM:b4]
decompiler	CODE:8d42	CODE:8d67	RET	149	read	INTMEM	1	INTMEM:b4	0xb4	
decompiler	CODE:8d42	CODE:8d6a	RET	142	write	INTMEM	1	INTMEM:b2	0xb2	mem[INTMEM:b2]
decompiler	CODE:8d42	CODE:8d6a	RET	142	read	INTMEM	1	INTMEM:b2	0xb2	
decompiler	CODE:8d42	CODE:8d6a	RET	148	write	INTMEM	1	INTMEM:b4	0xb4	mem[INTMEM:b4]
decompiler	CODE:8d42	CODE:8d6a	RET	148	read	INTMEM	1	INTMEM:b4	0xb4	
decompiler	CODE:8d6b	CODE:8d75	JZ 0x8d92	15	read	INTMEM	1	INTMEM:cc	0xcc	
decompiler	CODE:8d6b	CODE:8d7a	LJMP 0xa50f	122	write	INTMEM	1	INTMEM:cc	0xcc	mem[INTMEM:cc]
decompiler	CODE:8d6b	CODE:8d7a	LJMP 0xa50f	122	read	INTMEM	1	INTMEM:cc	0xcc	
decompiler	CODE:8d6b	CODE:8d82	JZ 0x8d92	41	read	INTMEM	1	INTMEM:cc	0xcc	
decompiler	CODE:8d6b	CODE:8d92	RET	123	write	INTMEM	1	INTMEM:cc	0xcc	mem[INTMEM:cc]
decompiler	CODE:8d6b	CODE:8d92	RET	123	read	INTMEM	1	INTMEM:cc	0xcc	
decompiler	CODE:8d93	CODE:8d93	SETB 0x0c	0	write	BITS	1	BITS:0c	0xc	0x1
decompiler	CODE:8d93	CODE:8d98	MOV 0x0b,CY	9	write	BITS	1	BITS:0b	0xb	INDIRECT((register, 0x48, 1),0x8)
decompiler	CODE:8d93	CODE:8d9f	JZ 0x8da5	26	read	INTMEM	1	INTMEM:b4	0xb4	
decompiler	CODE:8d93	CODE:8da3	JNZ 0x8db4	41	read	INTMEM	1	INTMEM:b4	0xb4	
decompiler	CODE:8d93	CODE:8da9	JNZ 0x8db4	47	read	EXTMEM	1	EXTMEM:0af4	0xaf4	
decompiler	CODE:8d93	CODE:8daf	JNZ 0x8db4	53	read	EXTMEM	1	EXTMEM:0af2	0xaf2	
decompiler	CODE:8d93	CODE:8db9	MOVX @DPTR,A	70	write	EXTMEM	1	EXTMEM:074a	0x74a	INT_ADD(mem[EXTMEM:074a],0x1)
decompiler	CODE:8d93	CODE:8dba	RET	125	write	INTMEM	1	INTMEM:b4	0xb4	mem[INTMEM:b4]
decompiler	CODE:8d93	CODE:8dba	RET	125	read	INTMEM	1	INTMEM:b4	0xb4	
decompiler	CODE:8d93	CODE:8dba	RET	129	write	EXTMEM	1	EXTMEM:074a	0x74a	mem[EXTMEM:074a]
decompiler	CODE:8d93	CODE:8dba	RET	129	read	EXTMEM	1	EXTMEM:074a	0x74a	
decompiler	CODE:8d93	CODE:8dba	RET	133	write	EXTMEM	1	EXTMEM:0af2	0xaf2	mem[EXTMEM:0af2]
decompiler	CODE:8d93	CODE:8dba	RET	133	read	EXTMEM	1	EXTMEM:0af2	0xaf2	
decompiler	CODE:8d93	CODE:8dba	RET	137	write	EXTMEM	1	EXTMEM:0af4	0xaf4	mem[EXTMEM:0af4]
decompiler	CODE:8d93	CODE:8dba	RET	137	read	EXTMEM	1	EXTMEM:0af4	0xaf4	
decompiler	CODE:8d93	CODE:8dba	RET	141	write	BITS	1	BITS:0b	0xb	mem[BITS:0b]
decompiler	CODE:8d93	CODE:8dba	RET	141	read	BITS	1	BITS:0b	0xb	
decompiler	CODE:8d93	CODE:8dba	RET	145	write	BITS	1	BITS:0c	0xc	mem[BITS:0c]
decompiler	CODE:8d93	CODE:8dba	RET	145	read	BITS	1	BITS:0c	0xc	
decompiler	CODE:8dbb	CODE:8dbf	MOVX @DPTR,A	4	write	EXTMEM	1	EXTMEM:0448	0x448	0x0
decompiler	CODE:8dbb	CODE:8dc4	MOV A,@R0	20	read	INTMEM	1	CAST(INT_ADD((register, 0x7, 1),0x23))		
decompiler	CODE:8dbb	CODE:8de2	RET	110	write	INTMEM	1	INTMEM:b3	0xb3	mem[INTMEM:b3]
decompiler	CODE:8dbb	CODE:8de2	RET	110	read	INTMEM	1	INTMEM:b3	0xb3	
decompiler	CODE:8dbb	CODE:8de2	RET	115	write	EXTMEM	1	EXTMEM:0448	0x448	mem[EXTMEM:0448]
decompiler	CODE:8dbb	CODE:8de2	RET	115	read	EXTMEM	1	EXTMEM:0448	0x448	
decompiler	CODE:8de3	CODE:8df3	MOVX A,@DPTR	31	read	EXTMEM	1	INDIRECT(INDIRECT(INDIRECT((register, 0x82, 2),0x9),0x14),0x1d)		
decompiler	CODE:8de3	CODE:8dfb	MOVX A,@DPTR	57	read	EXTMEM	1	INDIRECT(INDIRECT(INDIRECT(INDIRECT((register, 0x82, 2),0x9),0x14),0x1d),0x37)		
decompiler	CODE:8de3	CODE:8dfc	CJNE A,0x05,0x8e05	63	read	INTMEM	1	INTMEM:05	0x5	
decompiler	CODE:8de3	CODE:8e04	RET	132	write	INTMEM	1	INTMEM:05	0x5	mem[INTMEM:05]
decompiler	CODE:8de3	CODE:8e04	RET	132	read	INTMEM	1	INTMEM:05	0x5	
decompiler	CODE:8de3	CODE:8e07	RET	133	write	INTMEM	1	INTMEM:05	0x5	mem[INTMEM:05]
decompiler	CODE:8de3	CODE:8e07	RET	133	read	INTMEM	1	INTMEM:05	0x5	
decompiler	CODE:8de3	CODE:8e0a	RET	134	write	INTMEM	1	INTMEM:05	0x5	mem[INTMEM:05]
decompiler	CODE:8de3	CODE:8e0a	RET	134	read	INTMEM	1	INTMEM:05	0x5	
decompiler	CODE:8e33	CODE:17fe	RET	150	write	INTMEM	1	INTMEM:b2	0xb2	mem[INTMEM:b2]
decompiler	CODE:8e33	CODE:17fe	RET	150	read	INTMEM	1	INTMEM:b2	0xb2	
decompiler	CODE:8e33	CODE:17fe	RET	155	write	INTMEM	1	INTMEM:b4	0xb4	mem[INTMEM:b4]
decompiler	CODE:8e33	CODE:17fe	RET	155	read	INTMEM	1	INTMEM:b4	0xb4	
decompiler	CODE:8e33	CODE:17fe	RET	166	write	INTMEM	1	INTMEM:b2	0xb2	mem[INTMEM:b2]
decompiler	CODE:8e33	CODE:17fe	RET	166	read	INTMEM	1	INTMEM:b2	0xb2	
decompiler	CODE:8e33	CODE:17fe	RET	167	write	INTMEM	1	INTMEM:b4	0xb4	mem[INTMEM:b4]
decompiler	CODE:8e33	CODE:17fe	RET	167	read	INTMEM	1	INTMEM:b4	0xb4	
decompiler	CODE:8e33	CODE:8e38	JNZ 0x8e59	16	read	INTMEM	1	INTMEM:b2	0xb2	
decompiler	CODE:8e33	CODE:8e3f	JZ 0x8e48	34	read	INTMEM	1	INTMEM:b4	0xb4	
decompiler	CODE:8e33	CODE:8e42	JZ 0x8e4b	37	read	INTMEM	1	INTMEM:b4	0xb4	
decompiler	CODE:8e33	CODE:8e46	JNZ 0x8e59	52	read	INTMEM	1	INTMEM:b4	0xb4	
decompiler	CODE:8e33	CODE:8e59	RET	151	write	INTMEM	1	INTMEM:b2	0xb2	mem[INTMEM:b2]
decompiler	CODE:8e33	CODE:8e59	RET	151	read	INTMEM	1	INTMEM:b2	0xb2	
decompiler	CODE:8e33	CODE:8e59	RET	156	write	INTMEM	1	INTMEM:b4	0xb4	mem[INTMEM:b4]
decompiler	CODE:8e33	CODE:8e59	RET	156	read	INTMEM	1	INTMEM:b4	0xb4	
decompiler	CODE:8e5a	CODE:8e61	MOVX A,@DPTR	13	read	EXTMEM	1	INDIRECT((register, 0x82, 2),0xb)		
decompiler	CODE:8e5a	CODE:8e6e	MOVX A,@DPTR	52	read	EXTMEM	1	INDIRECT(INDIRECT((register, 0x82, 2),0xb),0x32)		
decompiler	CODE:8e5a	CODE:8e70	MOVX @DPTR,A	57	write	EXTMEM	1	INDIRECT(INDIRECT((register, 0x82, 2),0xb),0x32)		INT_ADD(LOAD(0x311,INDIRECT(INDIRECT((register, 0x82, 2),0xb),0x32)),0x1)
decompiler	CODE:8e5a	CODE:8e7b	MOVC A,@A+DPTR	76	read	CODE	1	CODE:b830	0xb830	
decompiler	CODE:8e5a	CODE:8e7d	RET	160	write	CODE	1	CODE:b830	0xb830	0x4
decompiler	CODE:8e5a	CODE:8e7d	RET	160	read	CODE	1	CODE:b830	0xb830	
decompiler	CODE:8e5a	CODE:8e80	RET	161	write	CODE	1	CODE:b830	0xb830	0x4
decompiler	CODE:8e5a	CODE:8e80	RET	161	read	CODE	1	CODE:b830	0xb830	
decompiler	CODE:8e81	CODE:8e84	MOVX A,@DPTR	9	read	EXTMEM	1	INDIRECT((register, 0x82, 2),0x7)		
decompiler	CODE:8e81	CODE:8e91	MOVX A,@DPTR	37	read	EXTMEM	1	INDIRECT(INDIRECT(INDIRECT((register, 0x82, 2),0x7),0x14),0x23)		
decompiler	CODE:8e81	CODE:8e96	RET	162	write	BITS	1	BITS:0d	0xd	mem[BITS:0d]
decompiler	CODE:8e81	CODE:8e96	RET	162	read	BITS	1	BITS:0d	0xd	
decompiler	CODE:8e81	CODE:8e9a	MOVX A,@DPTR	88	read	EXTMEM	1	INDIRECT(INDIRECT(INDIRECT((register, 0x82, 2),0x7),0x14),0x56)		
decompiler	CODE:8e81	CODE:8e9e	SETB 0x0d	52	write	BITS	1	BITS:0d	0xd	0x1
decompiler	CODE:8e81	CODE:8ea6	RET	163	write	BITS	1	BITS:0d	0xd	mem[BITS:0d]
decompiler	CODE:8e81	CODE:8ea6	RET	163	read	BITS	1	BITS:0d	0xd	
decompiler	CODE:8e81	CODE:8ea6	RET	185	write	BITS	1	BITS:0d	0xd	mem[BITS:0d]
decompiler	CODE:8e81	CODE:8ea6	RET	185	read	BITS	1	BITS:0d	0xd	
decompiler	CODE:8ecd	CODE:8ed7	MOVX @DPTR,A	12	write	EXTMEM	1	EXTMEM:04ac	0x4ac	0x2
decompiler	CODE:8ecd	CODE:8ee7	MOVC A,@A+DPTR	31	read	EXTMEM	1	EXTMEM:04ac	0x4ac	
decompiler	CODE:8ecd	CODE:8ee7	MOVC A,@A+DPTR	33	read	CODE	1	PTRADD(0xb902,INT_ZEXT(mem[EXTMEM:04ac]),0x1)		
decompiler	CODE:8ecd	CODE:8ef0	LJMP 0xa9ae	65	write	EXTMEM	1	EXTMEM:04ac	0x4ac	mem[EXTMEM:04ac]
decompiler	CODE:8ecd	CODE:8ef0	LJMP 0xa9ae	65	read	EXTMEM	1	EXTMEM:04ac	0x4ac	
decompiler	CODE:8ef3	CODE:8efc	MOVX @DPTR,A	14	write	EXTMEM	1	CAST(INT_ADD(PIECE(INDIRECT((register, 0x6, 1),0x7),INDIRECT((register, 0x7, 1),0x7)),0x1))		0x0
decompiler	CODE:8ef3	CODE:8f02	MOVX @DPTR,A	27	write	EXTMEM	1	INDIRECT(CAST(INT_ADD(PIECE(INDIRECT((register, 0x6, 1),0x7),INDIRECT((register, 0x7, 1),0x7)),0x1)),0x17)		0x0
decompiler	CODE:8ef3	CODE:8f04	MOVX @DPTR,A	31	write	EXTMEM	1	PTRADD(INDIRECT(CAST(INT_ADD(PIECE(INDIRECT((register, 0x6, 1),0x7),INDIRECT((register, 0x7, 1),0x7)),0x1)),0x17),0x1,0x1)		0x0
decompiler	CODE:8ef3	CODE:8f09	MOVX @DPTR,A	43	write	EXTMEM	1	PTRADD(INDIRECT(PTRADD(INDIRECT(CAST(INT_ADD(PIECE((register, 0x6, 1),(register, 0x7, 1)),0x1)),0x17),0x1,0x1),0x27),0x1,0x1)		CALL(0x8f828e83a3a32212)
decompiler	CODE:8ef3	CODE:8f11	MOVX @DPTR,A	69	write	EXTMEM	1	INDIRECT(PTRADD(INDIRECT(PTRADD(INDIRECT(CAST(INT_ADD((register, 0x82, 2),0x1)),0x17),0x1,0x1),0x27),0x1,0x1),0x41)		0x0
decompiler	CODE:8ef3	CODE:8f17	MOVX @DPTR,A	75	write	EXTMEM	1	CAST(PIECE(INDIRECT(INDIRECT(INDIRECT(INDIRECT((register, 0x6, 1),0x7),0x17),0x27),0x41),INDIRECT(INDIRECT(INDIRECT(INDIRECT((register, 0x7, 1),0x7),0x17),0x27),0x41)))		0x1
decompiler	CODE:8f19	CODE:8f23	MOVX @DPTR,A	33	write	EXTMEM	1	INDIRECT(INDIRECT((register, 0x82, 2),0x7),0x1d)		0x0
decompiler	CODE:8f19	CODE:8f2b	MOVX @DPTR,A	59	write	EXTMEM	1	INDIRECT(INDIRECT(INDIRECT((register, 0x82, 2),0x7),0x1d),0x37)		0x0
decompiler	CODE:8f19	CODE:8f2d	MOVX @DPTR,A	63	write	EXTMEM	1	PTRADD(INDIRECT(INDIRECT(INDIRECT((register, 0x82, 2),0x7),0x1d),0x37),0x1,0x1)		0x0
decompiler	CODE:8f19	CODE:8f35	MOVX @DPTR,A	89	write	EXTMEM	1	INDIRECT(PTRADD(INDIRECT(INDIRECT(INDIRECT((register, 0x82, 2),0x7),0x1d),0x37),0x1,0x1),0x55)		0x0
decompiler	CODE:8f19	CODE:8f37	MOVX @DPTR,A	93	write	EXTMEM	1	PTRADD(INDIRECT(PTRADD(INDIRECT(INDIRECT(INDIRECT((register, 0x82, 2),0x7),0x1d),0x37),0x1,0x1),0x55),0x1,0x1)		0x0
decompiler	CODE:8f19	CODE:8f3d	MOVX @DPTR,A	99	write	EXTMEM	1	CAST(PIECE(INDIRECT(INDIRECT(INDIRECT(INDIRECT((register, 0x6, 1),0x7),0x1d),0x37),0x55),INDIRECT(INDIRECT(INDIRECT(INDIRECT((register, 0x7, 1),0x7),0x1d),0x37),0x55)))		0x1
decompiler	CODE:8f3f	CODE:8f42	CLR 0x0b	8	write	BITS	1	BITS:0b	0xb	0x0
decompiler	CODE:8f3f	CODE:8f4f	SETB 0x0b	54	write	BITS	1	BITS:0b	0xb	0x1
decompiler	CODE:8f3f	CODE:8f58	SETB 0x0b	89	write	BITS	1	BITS:0b	0xb	0x1
decompiler	CODE:8f3f	CODE:8f5a	JNB 0x0b,0x8f60	56	read	BITS	1	BITS:0b	0xb	
decompiler	CODE:8f3f	CODE:8f5d	LJMP 0x399f	131	write	BITS	1	BITS:0b	0xb	mem[BITS:0b]
decompiler	CODE:8f3f	CODE:8f5d	LJMP 0x399f	131	read	BITS	1	BITS:0b	0xb	
decompiler	CODE:8f3f	CODE:8f63	RET	132	write	BITS	1	BITS:0b	0xb	mem[BITS:0b]
decompiler	CODE:8f3f	CODE:8f63	RET	132	read	BITS	1	BITS:0b	0xb	
decompiler	CODE:8f64	CODE:8f68	CJNE A,#0xac,0x8f86	8	read	EXTMEM	1	EXTMEM:055d	0x55d	
decompiler	CODE:8f64	CODE:8f70	MOVX @DPTR,A	14	write	EXTMEM	1	EXTMEM:059e	0x59e	0x2
decompiler	CODE:8f64	CODE:8f74	MOVX @DPTR,A	19	write	EXTMEM	1	EXTMEM:059f	0x59f	0xf1
decompiler	CODE:8f64	CODE:8f77	MOVX @DPTR,A	24	write	EXTMEM	1	EXTMEM:05a0	0x5a0	0x0
decompiler	CODE:8f64	CODE:8f86	RET	86	write	EXTMEM	1	EXTMEM:055d	0x55d	mem[EXTMEM:055d]
decompiler	CODE:8f64	CODE:8f86	RET	86	read	EXTMEM	1	EXTMEM:055d	0x55d	
decompiler	CODE:8f64	CODE:8f86	RET	90	write	EXTMEM	1	EXTMEM:059e	0x59e	mem[EXTMEM:059e]
decompiler	CODE:8f64	CODE:8f86	RET	90	read	EXTMEM	1	EXTMEM:059e	0x59e	
decompiler	CODE:8f64	CODE:8f86	RET	94	write	EXTMEM	1	EXTMEM:059f	0x59f	mem[EXTMEM:059f]
decompiler	CODE:8f64	CODE:8f86	RET	94	read	EXTMEM	1	EXTMEM:059f	0x59f	
decompiler	CODE:8f64	CODE:8f86	RET	98	write	EXTMEM	1	EXTMEM:05a0	0x5a0	mem[EXTMEM:05a0]
decompiler	CODE:8f64	CODE:8f86	RET	98	read	EXTMEM	1	EXTMEM:05a0	0x5a0	
decompiler	CODE:8f87	CODE:8f8a	MOVX A,@DPTR	9	read	EXTMEM	1	INDIRECT((register, 0x82, 2),0x7)		
decompiler	CODE:8f87	CODE:8f8d	MOV A,@R0	13	read	INTMEM	1	INDIRECT((register, 0x0, 1),0x7)		
decompiler	CODE:8f87	CODE:8f93	MOVX @DPTR,A	27	write	EXTMEM	1	INDIRECT(INDIRECT((register, 0x82, 2),0x7),0x17)		0x0
decompiler	CODE:8f87	CODE:8f9d	CJNE A,#0x1,0x8fa9	60	read	INTMEM	1	INTMEM:b3	0xb3	
decompiler	CODE:8f87	CODE:8fa9	RET	118	write	INTMEM	1	INTMEM:b3	0xb3	mem[INTMEM:b3]
decompiler	CODE:8f87	CODE:8fa9	RET	118	read	INTMEM	1	INTMEM:b3	0xb3	
decompiler	CODE:8f87	CODE:8fa9	RET	131	write	INTMEM	1	INTMEM:b3	0xb3	mem[INTMEM:b3]
decompiler	CODE:8f87	CODE:8fa9	RET	131	read	INTMEM	1	INTMEM:b3	0xb3	
decompiler	CODE:8faa	CODE:8fca	LJMP 0x87aa	98	write	INTMEM	1	INTMEM:01	0x1	mem[INTMEM:01]
decompiler	CODE:8faa	CODE:8fca	LJMP 0x87aa	98	read	INTMEM	1	INTMEM:01	0x1	
decompiler	CODE:8fcd	CODE:8fcd	CLR 0x04	0	write	BITS	1	BITS:04	0x4	0x0
decompiler	CODE:8fcd	CODE:8fcf	CLR 0x07	1	write	BITS	1	BITS:07	0x7	0x0
decompiler	CODE:8fcd	CODE:8fd6	MOVX @DPTR,A	6	write	EXTMEM	1	EXTMEM:05e8	0x5e8	0x2
decompiler	CODE:8fcd	CODE:8fdb	MOVX @DPTR,A	11	write	EXTMEM	1	EXTMEM:0603	0x603	0x0
decompiler	CODE:8fcd	CODE:8fdc	CLR 0x09	12	write	BITS	1	BITS:09	0x9	0x0
decompiler	CODE:8fcd	CODE:8fde	CLR 0x06	13	write	BITS	1	BITS:06	0x6	0x0
decompiler	CODE:8fcd	CODE:8fe0	CLR 0x05	14	write	BITS	1	BITS:05	0x5	0x0
decompiler	CODE:8fcd	CODE:8fe2	CLR 0x08	15	write	BITS	1	BITS:08	0x8	0x0
decompiler	CODE:8fcd	CODE:8fe9	MOVX @DPTR,A	20	write	EXTMEM	1	EXTMEM:05e9	0x5e9	0x3
decompiler	CODE:8fcd	CODE:8fee	MOVX @DPTR,A	25	write	EXTMEM	1	EXTMEM:0604	0x604	0x0
decompiler	CODE:8fcd	CODE:8fef	RET	36	write	EXTMEM	1	EXTMEM:05e8	0x5e8	0x2
decompiler	CODE:8fcd	CODE:8fef	RET	36	read	EXTMEM	1	EXTMEM:05e8	0x5e8	
decompiler	CODE:8fcd	CODE:8fef	RET	37	write	EXTMEM	1	EXTMEM:05e9	0x5e9	0x3
decompiler	CODE:8fcd	CODE:8fef	RET	37	read	EXTMEM	1	EXTMEM:05e9	0x5e9	
decompiler	CODE:8fcd	CODE:8fef	RET	38	write	EXTMEM	1	EXTMEM:0603	0x603	0x0
decompiler	CODE:8fcd	CODE:8fef	RET	38	read	EXTMEM	1	EXTMEM:0603	0x603	
decompiler	CODE:8fcd	CODE:8fef	RET	39	write	EXTMEM	1	EXTMEM:0604	0x604	0x0
decompiler	CODE:8fcd	CODE:8fef	RET	39	read	EXTMEM	1	EXTMEM:0604	0x604	
decompiler	CODE:8fcd	CODE:8fef	RET	40	write	BITS	1	BITS:04	0x4	0x0
decompiler	CODE:8fcd	CODE:8fef	RET	40	read	BITS	1	BITS:04	0x4	
decompiler	CODE:8fcd	CODE:8fef	RET	41	write	BITS	1	BITS:05	0x5	0x0
decompiler	CODE:8fcd	CODE:8fef	RET	41	read	BITS	1	BITS:05	0x5	
decompiler	CODE:8fcd	CODE:8fef	RET	42	write	BITS	1	BITS:06	0x6	0x0
decompiler	CODE:8fcd	CODE:8fef	RET	42	read	BITS	1	BITS:06	0x6	
decompiler	CODE:8fcd	CODE:8fef	RET	43	write	BITS	1	BITS:07	0x7	0x0
decompiler	CODE:8fcd	CODE:8fef	RET	43	read	BITS	1	BITS:07	0x7	
decompiler	CODE:8fcd	CODE:8fef	RET	44	write	BITS	1	BITS:08	0x8	0x0
decompiler	CODE:8fcd	CODE:8fef	RET	44	read	BITS	1	BITS:08	0x8	
decompiler	CODE:8fcd	CODE:8fef	RET	45	write	BITS	1	BITS:09	0x9	0x0
decompiler	CODE:8fcd	CODE:8fef	RET	45	read	BITS	1	BITS:09	0x9	
decompiler	CODE:9000	CODE:9002	MOV @R0,0x07	2	write	INTMEM	1	INTMEM:b3	0xb3	mem[INTMEM:07]
decompiler	CODE:9000	CODE:9002	MOV @R0,0x07	2	read	INTMEM	1	INTMEM:07	0x7	
decompiler	CODE:9000	CODE:900d	MOV @R0,#0x2	26	write	INTMEM	1	INDIRECT(INDIRECT(0xb3,0xa),0x18)		0x2
decompiler	CODE:9000	CODE:900f	RET	122	write	INTMEM	1	INTMEM:07	0x7	mem[INTMEM:07]
decompiler	CODE:9000	CODE:900f	RET	122	read	INTMEM	1	INTMEM:07	0x7	
decompiler	CODE:9000	CODE:900f	RET	131	write	INTMEM	1	INTMEM:b3	0xb3	mem[INTMEM:b3]
decompiler	CODE:9000	CODE:900f	RET	131	read	INTMEM	1	INTMEM:b3	0xb3	
decompiler	CODE:9000	CODE:901c	MOV @R0,#0x1	69	write	INTMEM	1	CAST(INT_ADD(mem[INTMEM:b3],0x23))		0x1
decompiler	CODE:9000	CODE:901e	RET	123	write	INTMEM	1	INTMEM:07	0x7	mem[INTMEM:07]
decompiler	CODE:9000	CODE:901e	RET	123	read	INTMEM	1	INTMEM:07	0x7	
decompiler	CODE:9000	CODE:901e	RET	132	write	INTMEM	1	INTMEM:b3	0xb3	mem[INTMEM:b3]
decompiler	CODE:9000	CODE:901e	RET	132	read	INTMEM	1	INTMEM:b3	0xb3	
decompiler	CODE:9000	CODE:9022	RET	124	write	INTMEM	1	INTMEM:07	0x7	mem[INTMEM:07]
decompiler	CODE:9000	CODE:9022	RET	124	read	INTMEM	1	INTMEM:07	0x7	
decompiler	CODE:9000	CODE:9022	RET	133	write	INTMEM	1	INTMEM:b3	0xb3	mem[INTMEM:b3]
decompiler	CODE:9000	CODE:9022	RET	133	read	INTMEM	1	INTMEM:b3	0xb3	
decompiler	CODE:9023	CODE:9027	MOVC A,@A+DPTR	4	read	CODE	1	PTRADD(0xb930,INT_ZEXT((register, 0x7, 1)),0x1)		
decompiler	CODE:9023	CODE:9034	MOVX @DPTR,A	25	write	EXTMEM	1	INDIRECT(0xb930,0x15)		0x1
decompiler	CODE:9023	CODE:903b	MOVX @DPTR,A	50	write	EXTMEM	1	INDIRECT(0xb930,0x2e)		0x0
decompiler	CODE:9046	CODE:904d	JZ 0x905b	12	read	INTMEM	1	INTMEM:b3	0xb3	
decompiler	CODE:9046	CODE:9050	JNZ 0x9068	15	read	INTMEM	1	INTMEM:b3	0xb3	
decompiler	CODE:9046	CODE:9068	RET	100	write	INTMEM	1	INTMEM:b3	0xb3	mem[INTMEM:b3]
decompiler	CODE:9046	CODE:9068	RET	100	read	INTMEM	1	INTMEM:b3	0xb3	
decompiler	CODE:9046	CODE:9068	RET	102	write	INTMEM	1	INTMEM:b3	0xb3	mem[INTMEM:b3]
decompiler	CODE:9046	CODE:9068	RET	102	read	INTMEM	1	INTMEM:b3	0xb3	
decompiler	CODE:9046	CODE:9068	RET	116	write	INTMEM	1	INTMEM:b3	0xb3	mem[INTMEM:b3]
decompiler	CODE:9046	CODE:9068	RET	116	read	INTMEM	1	INTMEM:b3	0xb3	
decompiler	CODE:908c	CODE:909a	MOVX @DPTR,A	16	write	EXTMEM	1	CAST(INT_ADD(PIECE(mem[EXTMEM:0750],mem[EXTMEM:0751]),0x2))		(register, 0x4, 1)
decompiler	CODE:908c	CODE:909d	MOVX @DPTR,A	21	write	EXTMEM	1	CAST(INT_ADD(PIECE(mem[EXTMEM:0750],mem[EXTMEM:0751]),0x3))		(register, 0x5, 1)
decompiler	CODE:908c	CODE:90a5	LCALL 0x62a5	48	write	INTMEM	1	INTMEM:03	0x3	mem[INTMEM:03]
decompiler	CODE:908c	CODE:90a5	LCALL 0x62a5	48	read	INTMEM	1	INTMEM:03	0x3	
decompiler	CODE:908c	CODE:90a5	LCALL 0x62a5	50	write	INTMEM	1	INTMEM:07	0x7	mem[INTMEM:07]
decompiler	CODE:908c	CODE:90a5	LCALL 0x62a5	50	read	INTMEM	1	INTMEM:07	0x7	
decompiler	CODE:908c	CODE:90a5	LCALL 0x62a5	52	write	EXTMEM	1	EXTMEM:0750	0x750	mem[EXTMEM:0750]
decompiler	CODE:908c	CODE:90a5	LCALL 0x62a5	52	read	EXTMEM	1	EXTMEM:0750	0x750	
decompiler	CODE:908c	CODE:90a5	LCALL 0x62a5	56	write	EXTMEM	1	EXTMEM:0751	0x751	mem[EXTMEM:0751]
decompiler	CODE:908c	CODE:90a5	LCALL 0x62a5	56	read	EXTMEM	1	EXTMEM:0751	0x751	
decompiler	CODE:90d1	CODE:90d4	CJNE A,#0x1,0x90e2	7	read	INTMEM	1	INTMEM:b3	0xb3	
decompiler	CODE:90d1	CODE:90eb	MOVX A,@DPTR	18	read	EXTMEM	1	MULTIEQUAL(0x633,0x631)		
decompiler	CODE:90d1	CODE:90ed	MOVX @DPTR,A	31	write	EXTMEM	1	MULTIEQUAL(0x633,0x631)		INT_AND(LOAD(0x311,MULTIEQUAL(0x633,0x631)),INT_NEGATE((register, 0x6, 1)))
decompiler	CODE:90d1	CODE:90ef	MOVX A,@DPTR	34	read	EXTMEM	1	PTRADD(MULTIEQUAL(0x633,0x631),0x1,0x1)		
decompiler	CODE:90d1	CODE:90f1	MOVX @DPTR,A	47	write	EXTMEM	1	PTRADD(MULTIEQUAL(0x633,0x631),0x1,0x1)		INT_AND(LOAD(0x311,PTRADD(MULTIEQUAL(0x633,0x631),0x1,0x1)),INT_NEGATE((register, 0x7, 1)))
decompiler	CODE:90d1	CODE:90f2	RET	69	write	INTMEM	1	INTMEM:b3	0xb3	mem[INTMEM:b3]
decompiler	CODE:90d1	CODE:90f2	RET	69	read	INTMEM	1	INTMEM:b3	0xb3	
decompiler	CODE:90f3	CODE:90f7	MOVX @DPTR,A	4	write	EXTMEM	1	EXTMEM:04c8	0x4c8	(register, 0x7, 1)
decompiler	CODE:90f3	CODE:9114	RET	106	write	INTMEM	1	INTMEM:b3	0xb3	mem[INTMEM:b3]
decompiler	CODE:90f3	CODE:9114	RET	106	read	INTMEM	1	INTMEM:b3	0xb3	
decompiler	CODE:90f3	CODE:9114	RET	107	write	EXTMEM	1	EXTMEM:04c8	0x4c8	mem[EXTMEM:04c8]
decompiler	CODE:90f3	CODE:9114	RET	107	read	EXTMEM	1	EXTMEM:04c8	0x4c8	
decompiler	CODE:9115	CODE:9122	LCALL 0x95b8	88	read	EXTMEM	1	EXTMEM:04ac	0x4ac	
decompiler	CODE:9115	CODE:9134	LJMP 0xa9ae	69	write	EXTMEM	1	EXTMEM:04ac	0x4ac	mem[EXTMEM:04ac]
decompiler	CODE:9115	CODE:9134	LJMP 0xa9ae	69	read	EXTMEM	1	EXTMEM:04ac	0x4ac	
decompiler	CODE:9115	CODE:9134	LJMP 0xa9ae	73	write	EXTMEM	1	EXTMEM:071d	0x71d	mem[EXTMEM:071d]
decompiler	CODE:9115	CODE:9134	LJMP 0xa9ae	73	read	EXTMEM	1	EXTMEM:071d	0x71d	
decompiler	CODE:9115	CODE:9134	LJMP 0xa9ae	77	write	EXTMEM	1	EXTMEM:071e	0x71e	mem[EXTMEM:071e]
decompiler	CODE:9115	CODE:9134	LJMP 0xa9ae	77	read	EXTMEM	1	EXTMEM:071e	0x71e	
decompiler	CODE:9115	CODE:9134	LJMP 0xa9ae	81	write	EXTMEM	1	EXTMEM:071f	0x71f	mem[EXTMEM:071f]
decompiler	CODE:9115	CODE:9134	LJMP 0xa9ae	81	read	EXTMEM	1	EXTMEM:071f	0x71f	
decompiler	CODE:9137	CODE:913b	LCALL 0x770c	89	read	INTMEM	1	INTMEM:d1	0xd1	
decompiler	CODE:9137	CODE:9154	MOV @R0,0x06	43	write	INTMEM	1	INTMEM:d1	0xd1	mem[INTMEM:06]
decompiler	CODE:9137	CODE:9154	MOV @R0,0x06	43	read	INTMEM	1	INTMEM:06	0x6	
decompiler	CODE:9137	CODE:9158	RET	80	write	INTMEM	1	INTMEM:06	0x6	mem[INTMEM:06]
decompiler	CODE:9137	CODE:9158	RET	80	read	INTMEM	1	INTMEM:06	0x6	
decompiler	CODE:9137	CODE:9158	RET	83	write	INTMEM	1	INTMEM:d1	0xd1	mem[INTMEM:d1]
decompiler	CODE:9137	CODE:9158	RET	83	read	INTMEM	1	INTMEM:d1	0xd1	
decompiler	CODE:919d	CODE:91a1	LCALL 0xa139	136	read	INTMEM	1	INTMEM:b3	0xb3	
decompiler	CODE:919d	CODE:91b1	RET	119	write	INTMEM	1	INTMEM:b3	0xb3	mem[INTMEM:b3]
decompiler	CODE:919d	CODE:91b1	RET	119	read	INTMEM	1	INTMEM:b3	0xb3	
decompiler	CODE:919d	CODE:91ba	RET	120	write	INTMEM	1	INTMEM:b3	0xb3	mem[INTMEM:b3]
decompiler	CODE:919d	CODE:91ba	RET	120	read	INTMEM	1	INTMEM:b3	0xb3	
decompiler	CODE:919d	CODE:91bd	RET	121	write	INTMEM	1	INTMEM:b3	0xb3	mem[INTMEM:b3]
decompiler	CODE:919d	CODE:91bd	RET	121	read	INTMEM	1	INTMEM:b3	0xb3	
decompiler	CODE:91be	CODE:91c8	SETB 0x0d	7	write	BITS	1	BITS:0d	0xd	0x1
decompiler	CODE:91be	CODE:91ca	LCALL 0x94ae	114	read	INTMEM	1	INTMEM:05	0x5	
decompiler	CODE:91be	CODE:91d6	MOV R3,0x07	111	read	INTMEM	1	INTMEM:06	0x6	
decompiler	CODE:91be	CODE:91d6	MOV R3,0x07	113	read	INTMEM	1	INTMEM:07	0x7	
decompiler	CODE:91be	CODE:91de	RET	94	write	INTMEM	1	INTMEM:05	0x5	mem[INTMEM:05]
decompiler	CODE:91be	CODE:91de	RET	94	read	INTMEM	1	INTMEM:05	0x5	
decompiler	CODE:91be	CODE:91de	RET	97	write	INTMEM	1	INTMEM:06	0x6	mem[INTMEM:06]
decompiler	CODE:91be	CODE:91de	RET	97	read	INTMEM	1	INTMEM:06	0x6	
decompiler	CODE:91be	CODE:91de	RET	100	write	INTMEM	1	INTMEM:07	0x7	mem[INTMEM:07]
decompiler	CODE:91be	CODE:91de	RET	100	read	INTMEM	1	INTMEM:07	0x7	
decompiler	CODE:91be	CODE:91de	RET	103	write	BITS	1	BITS:0d	0xd	mem[BITS:0d]
decompiler	CODE:91be	CODE:91de	RET	103	read	BITS	1	BITS:0d	0xd	
decompiler	CODE:91df	CODE:91fd	LJMP 0x87aa	86	write	EXTMEM	1	EXTMEM:04a8	0x4a8	mem[EXTMEM:04a8]
decompiler	CODE:91df	CODE:91fd	LJMP 0x87aa	86	read	EXTMEM	1	EXTMEM:04a8	0x4a8	
decompiler	CODE:9200	CODE:920b	LCALL 0xad49	36	write	INTMEM	1	INTMEM:01	0x1	mem[INTMEM:01]
decompiler	CODE:9200	CODE:920b	LCALL 0xad49	36	read	INTMEM	1	INTMEM:01	0x1	
decompiler	CODE:9200	CODE:920b	LCALL 0xad49	39	write	INTMEM	1	INTMEM:07	0x7	mem[INTMEM:07]
decompiler	CODE:9200	CODE:920b	LCALL 0xad49	39	read	INTMEM	1	INTMEM:07	0x7	
decompiler	CODE:9221	CODE:9224	MOV @R0,#0x1	9	write	INTMEM	1	INDIRECT((register, 0x0, 1),0x7)		0x1
decompiler	CODE:9221	CODE:922d	CLR 0x0d	20	write	BITS	1	BITS:0d	0xd	0x0
decompiler	CODE:9221	CODE:923e	LJMP 0x666b	98	write	BITS	1	BITS:0d	0xd	mem[BITS:0d]
decompiler	CODE:9221	CODE:923e	LJMP 0x666b	98	read	BITS	1	BITS:0d	0xd	
decompiler	CODE:9241	CODE:924a	MOV A,@R0	31	read	INTMEM	1	CAST(INT_ADD(INT_MULT(mem[INTMEM:b3],0x2),0x2d))		
decompiler	CODE:9241	CODE:924d	MOV A,@R0	35	read	INTMEM	1	CAST(INT_ADD(INT_MULT(mem[INTMEM:b3],0x2),0x2e))		
decompiler	CODE:9241	CODE:9260	RET	138	write	INTMEM	1	INTMEM:b3	0xb3	mem[INTMEM:b3]
decompiler	CODE:9241	CODE:9260	RET	138	read	INTMEM	1	INTMEM:b3	0xb3	
decompiler	CODE:9261	CODE:927e	LJMP 0xab68	67	write	INTMEM	1	INTMEM:05	0x5	mem[INTMEM:05]
decompiler	CODE:9261	CODE:927e	LJMP 0xab68	67	read	INTMEM	1	INTMEM:05	0x5	
decompiler	CODE:9261	CODE:927e	LJMP 0xab68	69	write	INTMEM	1	INTMEM:06	0x6	mem[INTMEM:06]
decompiler	CODE:9261	CODE:927e	LJMP 0xab68	69	read	INTMEM	1	INTMEM:06	0x6	
decompiler	CODE:9261	CODE:927e	LJMP 0xab68	71	write	INTMEM	1	INTMEM:07	0x7	mem[INTMEM:07]
decompiler	CODE:9261	CODE:927e	LJMP 0xab68	71	read	INTMEM	1	INTMEM:07	0x7	
decompiler	CODE:9261	CODE:927e	LJMP 0xab68	73	write	INTMEM	1	INTMEM:b3	0xb3	mem[INTMEM:b3]
decompiler	CODE:9261	CODE:927e	LJMP 0xab68	73	read	INTMEM	1	INTMEM:b3	0xb3	
decompiler	CODE:9281	CODE:9285	JZ 0x9293	4	read	INTMEM	1	INTMEM:b9	0xb9	
decompiler	CODE:9281	CODE:9288	JNZ 0x92a0	7	read	INTMEM	1	INTMEM:b9	0xb9	
decompiler	CODE:9281	CODE:92a0	RET	86	write	INTMEM	1	INTMEM:b9	0xb9	mem[INTMEM:b9]
decompiler	CODE:9281	CODE:92a0	RET	86	read	INTMEM	1	INTMEM:b9	0xb9	
decompiler	CODE:9281	CODE:92a0	RET	88	write	INTMEM	1	INTMEM:b9	0xb9	mem[INTMEM:b9]
decompiler	CODE:9281	CODE:92a0	RET	88	read	INTMEM	1	INTMEM:b9	0xb9	
decompiler	CODE:9281	CODE:92a0	RET	100	write	INTMEM	1	INTMEM:b9	0xb9	mem[INTMEM:b9]
decompiler	CODE:9281	CODE:92a0	RET	100	read	INTMEM	1	INTMEM:b9	0xb9	
decompiler	CODE:9321	CODE:9326	JZ 0x9331	16	read	INTMEM	1	INTMEM:cc	0xcc	
decompiler	CODE:9321	CODE:9329	JNZ 0x933f	19	read	INTMEM	1	INTMEM:cc	0xcc	
decompiler	CODE:9321	CODE:933f	RET	88	write	INTMEM	1	INTMEM:cc	0xcc	mem[INTMEM:cc]
decompiler	CODE:9321	CODE:933f	RET	88	read	INTMEM	1	INTMEM:cc	0xcc	
decompiler	CODE:9321	CODE:933f	RET	89	write	INTMEM	1	INTMEM:cc	0xcc	mem[INTMEM:cc]
decompiler	CODE:9321	CODE:933f	RET	89	read	INTMEM	1	INTMEM:cc	0xcc	
decompiler	CODE:9321	CODE:933f	RET	97	write	INTMEM	1	INTMEM:cc	0xcc	mem[INTMEM:cc]
decompiler	CODE:9321	CODE:933f	RET	97	read	INTMEM	1	INTMEM:cc	0xcc	
decompiler	CODE:9340	CODE:9344	CJNE A,#0x1,0x934b	8	read	INTMEM	1	INTMEM:b3	0xb3	
decompiler	CODE:9340	CODE:9349	MOV 0x08,CY	13	write	BITS	1	BITS:08	0x8	mem[BITS:0c]
decompiler	CODE:9340	CODE:9349	MOV 0x08,CY	13	read	BITS	1	BITS:0c	0xc	
decompiler	CODE:9340	CODE:934c	JNZ 0x9352	15	read	INTMEM	1	INTMEM:b3	0xb3	
decompiler	CODE:9340	CODE:9350	MOV 0x07,CY	20	write	BITS	1	BITS:07	0x7	mem[BITS:0c]
decompiler	CODE:9340	CODE:9350	MOV 0x07,CY	20	read	BITS	1	BITS:0c	0xc	
decompiler	CODE:9340	CODE:9352	JNB 0x0c,0x935e	21	read	BITS	1	BITS:0c	0xc	
decompiler	CODE:9340	CODE:935e	RET	70	write	INTMEM	1	INTMEM:b3	0xb3	mem[INTMEM:b3]
decompiler	CODE:9340	CODE:935e	RET	70	read	INTMEM	1	INTMEM:b3	0xb3	
decompiler	CODE:9340	CODE:935e	RET	73	write	BITS	1	BITS:07	0x7	mem[BITS:07]
decompiler	CODE:9340	CODE:935e	RET	73	read	BITS	1	BITS:07	0x7	
decompiler	CODE:9340	CODE:935e	RET	77	write	BITS	1	BITS:08	0x8	mem[BITS:08]
decompiler	CODE:9340	CODE:935e	RET	77	read	BITS	1	BITS:08	0x8	
decompiler	CODE:9340	CODE:935e	RET	81	write	BITS	1	BITS:0c	0xc	mem[BITS:0c]
decompiler	CODE:9340	CODE:935e	RET	81	read	BITS	1	BITS:0c	0xc	
decompiler	CODE:939d	CODE:93a3	LCALL 0x3401	133	read	INTMEM	1	INTMEM:b3	0xb3	
decompiler	CODE:939d	CODE:93a6	MOVX A,@DPTR	26	read	EXTMEM	1	INDIRECT((register, 0x82, 2),0x18)		
decompiler	CODE:939d	CODE:93a7	CJNE A,0x07,0x93b5	32	read	INTMEM	1	INTMEM:07	0x7	
decompiler	CODE:939d	CODE:93b2	MOVX @DPTR,A	59	write	EXTMEM	1	INDIRECT(INDIRECT((register, 0x82, 2),0x18),0x37)		0x1
decompiler	CODE:939d	CODE:93b4	RET	119	write	INTMEM	1	INTMEM:07	0x7	mem[INTMEM:07]
decompiler	CODE:939d	CODE:93b4	RET	119	read	INTMEM	1	INTMEM:07	0x7	
decompiler	CODE:939d	CODE:93b4	RET	124	write	INTMEM	1	INTMEM:b3	0xb3	mem[INTMEM:b3]
decompiler	CODE:939d	CODE:93b4	RET	124	read	INTMEM	1	INTMEM:b3	0xb3	
decompiler	CODE:939d	CODE:93b9	MOVX @DPTR,A	84	write	EXTMEM	1	INDIRECT(INDIRECT((register, 0x82, 2),0x18),0x50)		0x0
decompiler	CODE:939d	CODE:93bb	RET	120	write	INTMEM	1	INTMEM:07	0x7	mem[INTMEM:07]
decompiler	CODE:939d	CODE:93bb	RET	120	read	INTMEM	1	INTMEM:07	0x7	
decompiler	CODE:939d	CODE:93bb	RET	125	write	INTMEM	1	INTMEM:b3	0xb3	mem[INTMEM:b3]
decompiler	CODE:939d	CODE:93bb	RET	125	read	INTMEM	1	INTMEM:b3	0xb3	
decompiler	CODE:93bc	CODE:93c0	JZ 0x93d0	4	read	INTMEM	1	INTMEM:b3	0xb3	
decompiler	CODE:93bc	CODE:93c3	JNZ 0x93da	7	read	INTMEM	1	INTMEM:b3	0xb3	
decompiler	CODE:93bc	CODE:93ca	MOVX @DPTR,A	13	write	EXTMEM	1	EXTMEM:06ed	0x6ed	0x6
decompiler	CODE:93bc	CODE:93ce	MOVX @DPTR,A	18	write	EXTMEM	1	EXTMEM:06ee	0x6ee	0xf1
decompiler	CODE:93bc	CODE:93cf	RET	55	write	INTMEM	1	INTMEM:b3	0xb3	mem[INTMEM:b3]
decompiler	CODE:93bc	CODE:93cf	RET	55	read	INTMEM	1	INTMEM:b3	0xb3	
decompiler	CODE:93bc	CODE:93cf	RET	57	write	EXTMEM	1	EXTMEM:06ed	0x6ed	0x6
decompiler	CODE:93bc	CODE:93cf	RET	57	read	EXTMEM	1	EXTMEM:06ed	0x6ed	
decompiler	CODE:93bc	CODE:93cf	RET	60	write	EXTMEM	1	EXTMEM:06ee	0x6ee	0xf1
decompiler	CODE:93bc	CODE:93cf	RET	60	read	EXTMEM	1	EXTMEM:06ee	0x6ee	
decompiler	CODE:93bc	CODE:93d5	MOVX @DPTR,A	43	write	EXTMEM	1	EXTMEM:06ed	0x6ed	0x6
decompiler	CODE:93bc	CODE:93d9	MOVX @DPTR,A	48	write	EXTMEM	1	EXTMEM:06ee	0x6ee	0xf9
decompiler	CODE:93bc	CODE:93da	RET	56	write	INTMEM	1	INTMEM:b3	0xb3	mem[INTMEM:b3]
decompiler	CODE:93bc	CODE:93da	RET	56	read	INTMEM	1	INTMEM:b3	0xb3	
decompiler	CODE:93bc	CODE:93da	RET	58	write	EXTMEM	1	EXTMEM:06ed	0x6ed	mem[EXTMEM:06ed]
decompiler	CODE:93bc	CODE:93da	RET	58	read	EXTMEM	1	EXTMEM:06ed	0x6ed	
decompiler	CODE:93bc	CODE:93da	RET	61	write	EXTMEM	1	EXTMEM:06ee	0x6ee	mem[EXTMEM:06ee]
decompiler	CODE:93bc	CODE:93da	RET	61	read	EXTMEM	1	EXTMEM:06ee	0x6ee	
decompiler	CODE:93db	CODE:93e0	JNZ 0x93ec	16	read	INTMEM	1	INTMEM:ab	0xab	
decompiler	CODE:93db	CODE:93eb	RET	93	write	INTMEM	1	INTMEM:ab	0xab	mem[INTMEM:ab]
decompiler	CODE:93db	CODE:93eb	RET	93	read	INTMEM	1	INTMEM:ab	0xab	
decompiler	CODE:93db	CODE:93f9	RET	94	write	INTMEM	1	INTMEM:ab	0xab	mem[INTMEM:ab]
decompiler	CODE:93db	CODE:93f9	RET	94	read	INTMEM	1	INTMEM:ab	0xab	
decompiler	CODE:93fa	CODE:9409	MOVX @DPTR,A	20	write	EXTMEM	1	EXTMEM:04ab	0x4ab	mem[INTMEM:05]
decompiler	CODE:93fa	CODE:9409	MOVX @DPTR,A	20	read	INTMEM	1	INTMEM:05	0x5	
decompiler	CODE:93fa	CODE:9415	LJMP 0x8faa	55	write	INTMEM	1	INTMEM:05	0x5	mem[INTMEM:05]
decompiler	CODE:93fa	CODE:9415	LJMP 0x8faa	55	read	INTMEM	1	INTMEM:05	0x5	
decompiler	CODE:93fa	CODE:9415	LJMP 0x8faa	58	write	EXTMEM	1	EXTMEM:04a8	0x4a8	mem[EXTMEM:04a8]
decompiler	CODE:93fa	CODE:9415	LJMP 0x8faa	58	read	EXTMEM	1	EXTMEM:04a8	0x4a8	
decompiler	CODE:93fa	CODE:9415	LJMP 0x8faa	61	write	EXTMEM	1	EXTMEM:04a9	0x4a9	mem[EXTMEM:04a9]
decompiler	CODE:93fa	CODE:9415	LJMP 0x8faa	61	read	EXTMEM	1	EXTMEM:04a9	0x4a9	
decompiler	CODE:93fa	CODE:9415	LJMP 0x8faa	64	write	EXTMEM	1	EXTMEM:04aa	0x4aa	mem[EXTMEM:04aa]
decompiler	CODE:93fa	CODE:9415	LJMP 0x8faa	64	read	EXTMEM	1	EXTMEM:04aa	0x4aa	
decompiler	CODE:93fa	CODE:9415	LJMP 0x8faa	67	write	EXTMEM	1	EXTMEM:04ab	0x4ab	mem[EXTMEM:04ab]
decompiler	CODE:93fa	CODE:9415	LJMP 0x8faa	67	read	EXTMEM	1	EXTMEM:04ab	0x4ab	
decompiler	CODE:9436	CODE:9439	JNZ 0x9447	3	read	INTMEM	1	INTMEM:b3	0xb3	
decompiler	CODE:9436	CODE:943d	MOV 0x85,CY	8	read	BITS	1	BITS:0d	0xd	
decompiler	CODE:9436	CODE:943d	MOV 0x85,CY	64	read	BITS	1	BITS:85	0x85	
decompiler	CODE:9436	CODE:9445	MOVX @DPTR,A	23	write	EXTMEM	1	EXTMEM:06b7	0x6b7	INT_AND(mem[BITS:0d],0x1)
decompiler	CODE:9436	CODE:9446	RET	66	write	INTMEM	1	INTMEM:b3	0xb3	mem[INTMEM:b3]
decompiler	CODE:9436	CODE:9446	RET	66	read	INTMEM	1	INTMEM:b3	0xb3	
decompiler	CODE:9436	CODE:9446	RET	68	write	EXTMEM	1	EXTMEM:06b7	0x6b7	mem[EXTMEM:06b7]
decompiler	CODE:9436	CODE:9446	RET	68	read	EXTMEM	1	EXTMEM:06b7	0x6b7	
decompiler	CODE:9436	CODE:9446	RET	70	write	EXTMEM	1	EXTMEM:06b8	0x6b8	mem[EXTMEM:06b8]
decompiler	CODE:9436	CODE:9446	RET	70	read	EXTMEM	1	EXTMEM:06b8	0x6b8	
decompiler	CODE:9436	CODE:9446	RET	72	write	BITS	1	BITS:0d	0xd	mem[BITS:0d]
decompiler	CODE:9436	CODE:9446	RET	72	read	BITS	1	BITS:0d	0xd	
decompiler	CODE:9436	CODE:9449	MOV 0xc8,CY	37	read	BITS	1	BITS:0d	0xd	
decompiler	CODE:9436	CODE:9449	MOV 0xc8,CY	65	read	BITS	1	BITS:c8	0xc8	
decompiler	CODE:9436	CODE:9452	MOVX @DPTR,A	53	write	EXTMEM	1	EXTMEM:06b8	0x6b8	INT_AND(mem[BITS:0d],0x1)
decompiler	CODE:9436	CODE:9453	RET	67	write	INTMEM	1	INTMEM:b3	0xb3	mem[INTMEM:b3]
decompiler	CODE:9436	CODE:9453	RET	67	read	INTMEM	1	INTMEM:b3	0xb3	
decompiler	CODE:9436	CODE:9453	RET	69	write	EXTMEM	1	EXTMEM:06b7	0x6b7	mem[EXTMEM:06b7]
decompiler	CODE:9436	CODE:9453	RET	69	read	EXTMEM	1	EXTMEM:06b7	0x6b7	
decompiler	CODE:9436	CODE:9453	RET	71	write	EXTMEM	1	EXTMEM:06b8	0x6b8	mem[EXTMEM:06b8]
decompiler	CODE:9436	CODE:9453	RET	71	read	EXTMEM	1	EXTMEM:06b8	0x6b8	
decompiler	CODE:9436	CODE:9453	RET	73	write	BITS	1	BITS:0d	0xd	mem[BITS:0d]
decompiler	CODE:9436	CODE:9453	RET	73	read	BITS	1	BITS:0d	0xd	
decompiler	CODE:94ae	CODE:94ae	MOV 0xb1,R7	53	read	SFR	1	SFR:b1	0xb1	
decompiler	CODE:94ae	CODE:94b2	MOV 0xb5,CY	4	read	BITS	1	BITS:0d	0xd	
decompiler	CODE:94ae	CODE:94b2	MOV 0xb5,CY	57	read	BITS	1	BITS:b5	0xb5	
decompiler	CODE:94ae	CODE:94b4	SETB 0xb6	58	read	BITS	1	BITS:b6	0xb6	
decompiler	CODE:94ae	CODE:94b6	JNB 0xb4,0x94b6	56	read	BITS	1	BITS:b4	0xb4	
decompiler	CODE:94ae	CODE:94b9	MOV A,0xb3	55	read	SFR	1	SFR:b3	0xb3	
decompiler	CODE:94ae	CODE:94c2	MOV A,0xb2	54	read	SFR	1	SFR:b2	0xb2	
decompiler	CODE:94ae	CODE:94c9	CLR 0xb6	59	read	BITS	1	BITS:b6	0xb6	
decompiler	CODE:94ae	CODE:94cb	RET	61	write	BITS	1	BITS:0d	0xd	mem[BITS:0d]
decompiler	CODE:94ae	CODE:94cb	RET	61	read	BITS	1	BITS:0d	0xd	
decompiler	CODE:94cc	CODE:94e8	MOVX @DPTR,A	45	write	EXTMEM	1	EXTMEM:04a5	0x4a5	INDIRECT(MULTIEQUAL(INDIRECT(INDIRECT(INDIRECT((register, 0x7, 1),0x7),0x14),0x1f),INDIRECT(INDIRECT(INDIRECT((register, 0x7, 1),0x7),0x14),0x3f)),0x28)
decompiler	CODE:94cc	CODE:94e9	RET	103	write	EXTMEM	1	EXTMEM:04a4	0x4a4	mem[EXTMEM:04a4]
decompiler	CODE:94cc	CODE:94e9	RET	103	read	EXTMEM	1	EXTMEM:04a4	0x4a4	
decompiler	CODE:94cc	CODE:94e9	RET	110	write	EXTMEM	1	EXTMEM:04a5	0x4a5	mem[EXTMEM:04a5]
decompiler	CODE:94cc	CODE:94e9	RET	110	read	EXTMEM	1	EXTMEM:04a5	0x4a5	
decompiler	CODE:957e	CODE:9588	LCALL 0x848e	112	read	INTMEM	1	INTMEM:05	0x5	
decompiler	CODE:957e	CODE:958f	MOVX @DPTR,A	31	write	EXTMEM	1	CAST(INT_ADD(INDIRECT((register, 0x82, 2),0x18),0x1))		mem[INTMEM:b9]
decompiler	CODE:957e	CODE:958f	MOVX @DPTR,A	31	read	INTMEM	1	INTMEM:b9	0xb9	
decompiler	CODE:957e	CODE:959a	RET	95	write	INTMEM	1	INTMEM:05	0x5	mem[INTMEM:05]
decompiler	CODE:957e	CODE:959a	RET	95	read	INTMEM	1	INTMEM:05	0x5	
decompiler	CODE:957e	CODE:959a	RET	99	write	INTMEM	1	INTMEM:a4	0xa4	mem[INTMEM:a4]
decompiler	CODE:957e	CODE:959a	RET	99	read	INTMEM	1	INTMEM:a4	0xa4	
decompiler	CODE:957e	CODE:959a	RET	103	write	INTMEM	1	INTMEM:b9	0xb9	mem[INTMEM:b9]
decompiler	CODE:957e	CODE:959a	RET	103	read	INTMEM	1	INTMEM:b9	0xb9	
decompiler	CODE:959b	CODE:959e	JNZ 0x95a5	3	read	INTMEM	1	INTMEM:b3	0xb3	
decompiler	CODE:959b	CODE:95a8	MOVX A,@DPTR	8	read	EXTMEM	1	MULTIEQUAL(0x72d,0x72f)		
decompiler	CODE:959b	CODE:95ab	MOVX A,@DPTR	13	read	EXTMEM	1	PTRADD(MULTIEQUAL(0x72d,0x72f),0x1,0x1)		
decompiler	CODE:959b	CODE:95b5	LJMP 0x79d0	35	write	INTMEM	1	INTMEM:b3	0xb3	mem[INTMEM:b3]
decompiler	CODE:959b	CODE:95b5	LJMP 0x79d0	35	read	INTMEM	1	INTMEM:b3	0xb3	
decompiler	CODE:95b8	CODE:95bb	CJNE A,#0x1,0x95c8	7	read	INTMEM	1	INTMEM:b3	0xb3	
decompiler	CODE:95b8	CODE:95d2	MOVX A,@DPTR	43	read	EXTMEM	1	CAST(PIECE(INT_SUB(0x7,INT_SRIGHT(INT_LEFT(MULTIEQUAL(INT_LESS(0xc3,(register, 0x7, 1)),INT_LESS(0xc6,(register, 0x7, 1))),0x7),0x7)),MULTIEQUAL(INT_ADD((register, 0x7, 1),0x3c),INT_ADD((register, 0x7, 1),0x39))))		
decompiler	CODE:95b8	CODE:95d4	RET	117	write	INTMEM	1	INTMEM:b3	0xb3	mem[INTMEM:b3]
decompiler	CODE:95b8	CODE:95d4	RET	117	read	INTMEM	1	INTMEM:b3	0xb3	
decompiler	CODE:95d5	CODE:95e8	LCALL 0x62a5	40	write	INTMEM	1	INTMEM:03	0x3	mem[INTMEM:03]
decompiler	CODE:95d5	CODE:95e8	LCALL 0x62a5	40	read	INTMEM	1	INTMEM:03	0x3	
decompiler	CODE:95d5	CODE:95e8	LCALL 0x62a5	43	write	INTMEM	1	INTMEM:05	0x5	mem[INTMEM:05]
decompiler	CODE:95d5	CODE:95e8	LCALL 0x62a5	43	read	INTMEM	1	INTMEM:05	0x5	
decompiler	CODE:95d5	CODE:95e8	LCALL 0x62a5	46	write	INTMEM	1	INTMEM:06	0x6	mem[INTMEM:06]
decompiler	CODE:95d5	CODE:95e8	LCALL 0x62a5	46	read	INTMEM	1	INTMEM:06	0x6	
decompiler	CODE:95d5	CODE:95e8	LCALL 0x62a5	49	write	INTMEM	1	INTMEM:07	0x7	mem[INTMEM:07]
decompiler	CODE:95d5	CODE:95e8	LCALL 0x62a5	49	read	INTMEM	1	INTMEM:07	0x7	
decompiler	CODE:95f2	CODE:95f2	CLR 0xa0	46	read	BITS	1	BITS:a0	0xa0	
decompiler	CODE:95f2	CODE:95f4	MOV 0xa3,#0x5a	45	read	SFR	1	SFR:a3	0xa3	
decompiler	CODE:960e	CODE:9611	MOVX A,@DPTR	9	read	EXTMEM	1	INDIRECT((register, 0x82, 2),0x7)		
decompiler	CODE:960e	CODE:9612	CJNE A,0x07,0x961e	15	read	INTMEM	1	INTMEM:07	0x7	
decompiler	CODE:960e	CODE:9618	MOVX A,@DPTR	26	read	EXTMEM	1	INDIRECT(INDIRECT((register, 0x82, 2),0x7),0x18)		
decompiler	CODE:960e	CODE:9619	CJNE A,0x05,0x961e	32	read	INTMEM	1	INTMEM:05	0x5	
decompiler	CODE:960e	CODE:961d	RET	127	write	INTMEM	1	INTMEM:05	0x5	mem[INTMEM:05]
decompiler	CODE:960e	CODE:961d	RET	127	read	INTMEM	1	INTMEM:05	0x5	
decompiler	CODE:960e	CODE:961d	RET	134	write	INTMEM	1	INTMEM:07	0x7	mem[INTMEM:07]
decompiler	CODE:960e	CODE:961d	RET	134	read	INTMEM	1	INTMEM:07	0x7	
decompiler	CODE:960e	CODE:9622	MOVX @DPTR,A	58	write	EXTMEM	1	INDIRECT(MULTIEQUAL(INDIRECT((register, 0x82, 2),0x7),INDIRECT(INDIRECT((register, 0x82, 2),0x7),0x18)),0x36)		INDIRECT(MULTIEQUAL(INDIRECT((register, 0x7, 1),0x7),INDIRECT(INDIRECT((register, 0x7, 1),0x7),0x18)),0x36)
decompiler	CODE:960e	CODE:9627	MOVX @DPTR,A	70	write	EXTMEM	1	INDIRECT(INDIRECT(MULTIEQUAL(INDIRECT((register, 0x82, 2),0x7),INDIRECT(INDIRECT((register, 0x82, 2),0x7),0x18)),0x36),0x42)		INDIRECT(INDIRECT(MULTIEQUAL(INDIRECT((register, 0x5, 1),0x7),INDIRECT(INDIRECT((register, 0x5, 1),0x7),0x18)),0x36),0x42)
decompiler	CODE:960e	CODE:9629	RET	128	write	INTMEM	1	INTMEM:05	0x5	mem[INTMEM:05]
decompiler	CODE:960e	CODE:9629	RET	128	read	INTMEM	1	INTMEM:05	0x5	
decompiler	CODE:960e	CODE:9629	RET	135	write	INTMEM	1	INTMEM:07	0x7	mem[INTMEM:07]
decompiler	CODE:960e	CODE:9629	RET	135	read	INTMEM	1	INTMEM:07	0x7	
decompiler	CODE:962a	CODE:962d	MOV @R0,#0x1	9	write	INTMEM	1	INDIRECT((register, 0x0, 1),0x7)		0x1
decompiler	CODE:9645	CODE:9649	MOV @R0,A	10	write	INTMEM	1	INDIRECT((register, 0x0, 1),0x7)		0x0
decompiler	CODE:9645	CODE:965b	CLR 0x0d	41	write	BITS	1	BITS:0d	0xd	0x0
decompiler	CODE:9645	CODE:965d	LJMP 0x6c35	95	write	BITS	1	BITS:0d	0xd	mem[BITS:0d]
decompiler	CODE:9645	CODE:965d	LJMP 0x6c35	95	read	BITS	1	BITS:0d	0xd	
decompiler	CODE:9696	CODE:96ae	MOVX A,@DPTR	42	read	EXTMEM	1	EXTMEM:04a8	0x4a8	
decompiler	CODE:9696	CODE:96b0	RET	74	write	EXTMEM	1	EXTMEM:04a8	0x4a8	mem[EXTMEM:04a8]
decompiler	CODE:9696	CODE:96b0	RET	74	read	EXTMEM	1	EXTMEM:04a8	0x4a8	
decompiler	CODE:96b1	CODE:96b6	CLR 0x0d	9	write	BITS	1	BITS:0d	0xd	0x0
decompiler	CODE:96b1	CODE:96c8	LJMP 0x87aa	57	write	BITS	1	BITS:0d	0xd	mem[BITS:0d]
decompiler	CODE:96b1	CODE:96c8	LJMP 0x87aa	57	read	BITS	1	BITS:0d	0xd	
decompiler	CODE:96cb	CODE:96dd	MOVX @DPTR,A	33	write	EXTMEM	1	EXTMEM:0559	0x559	0x5
decompiler	CODE:96cb	CODE:96e1	MOVX @DPTR,A	38	write	EXTMEM	1	EXTMEM:055a	0x55a	0x9c
decompiler	CODE:96cb	CODE:96e2	LJMP 0x7207	51	write	EXTMEM	1	EXTMEM:0559	0x559	mem[EXTMEM:0559]
decompiler	CODE:96cb	CODE:96e2	LJMP 0x7207	51	read	EXTMEM	1	EXTMEM:0559	0x559	
decompiler	CODE:96cb	CODE:96e2	LJMP 0x7207	54	write	EXTMEM	1	EXTMEM:055a	0x55a	mem[EXTMEM:055a]
decompiler	CODE:96cb	CODE:96e2	LJMP 0x7207	54	read	EXTMEM	1	EXTMEM:055a	0x55a	
decompiler	CODE:96cb	CODE:96e2	LJMP 0x7207	57	write	EXTMEM	1	EXTMEM:059e	0x59e	mem[EXTMEM:059e]
decompiler	CODE:96cb	CODE:96e2	LJMP 0x7207	57	read	EXTMEM	1	EXTMEM:059e	0x59e	
decompiler	CODE:96cb	CODE:96e2	LJMP 0x7207	60	write	EXTMEM	1	EXTMEM:05df	0x5df	mem[EXTMEM:05df]
decompiler	CODE:96cb	CODE:96e2	LJMP 0x7207	60	read	EXTMEM	1	EXTMEM:05df	0x5df	
decompiler	CODE:96e5	CODE:96ea	JNZ 0x96fe	16	read	INTMEM	1	INTMEM:b2	0xb2	
decompiler	CODE:96e5	CODE:96f1	JZ 0x96f9	34	read	INTMEM	1	INTMEM:b4	0xb4	
decompiler	CODE:96e5	CODE:96f4	JNZ 0x96fe	37	read	INTMEM	1	INTMEM:b4	0xb4	
decompiler	CODE:96e5	CODE:96f6	LJMP 0x59c0	86	write	INTMEM	1	INTMEM:b2	0xb2	mem[INTMEM:b2]
decompiler	CODE:96e5	CODE:96f6	LJMP 0x59c0	86	read	INTMEM	1	INTMEM:b2	0xb2	
decompiler	CODE:96e5	CODE:96f6	LJMP 0x59c0	90	write	INTMEM	1	INTMEM:b4	0xb4	mem[INTMEM:b4]
decompiler	CODE:96e5	CODE:96f6	LJMP 0x59c0	90	read	INTMEM	1	INTMEM:b4	0xb4	
decompiler	CODE:96e5	CODE:96fe	RET	87	write	INTMEM	1	INTMEM:b2	0xb2	mem[INTMEM:b2]
decompiler	CODE:96e5	CODE:96fe	RET	87	read	INTMEM	1	INTMEM:b2	0xb2	
decompiler	CODE:96e5	CODE:96fe	RET	91	write	INTMEM	1	INTMEM:b4	0xb4	mem[INTMEM:b4]
decompiler	CODE:96e5	CODE:96fe	RET	91	read	INTMEM	1	INTMEM:b4	0xb4	
decompiler	CODE:96ff	CODE:9706	JZ 0x9710	7	read	INTMEM	1	INTMEM:b3	0xb3	
decompiler	CODE:96ff	CODE:9709	JNZ 0x9718	10	read	INTMEM	1	INTMEM:b3	0xb3	
decompiler	CODE:96ff	CODE:9716	MOVX A,@DPTR	20	read	EXTMEM	1	PTRADD(MULTIEQUAL(0x72d,0x72f),0x1,0x1)		
decompiler	CODE:96ff	CODE:9718	RET	45	write	INTMEM	1	INTMEM:b3	0xb3	mem[INTMEM:b3]
decompiler	CODE:96ff	CODE:9718	RET	45	read	INTMEM	1	INTMEM:b3	0xb3	
decompiler	CODE:96ff	CODE:9718	RET	46	read	INTMEM	1	INTMEM:b3	0xb3	
decompiler	CODE:96ff	CODE:9718	RET	47	write	INTMEM	1	INTMEM:b3	0xb3	mem[INTMEM:b3]
decompiler	CODE:96ff	CODE:9718	RET	47	read	INTMEM	1	INTMEM:b3	0xb3	
decompiler	CODE:9733	CODE:974a	LJMP 0x8800	47	write	EXTMEM	1	EXTMEM:04b1	0x4b1	mem[EXTMEM:04b1]
decompiler	CODE:9733	CODE:974a	LJMP 0x8800	47	read	EXTMEM	1	EXTMEM:04b1	0x4b1	
decompiler	CODE:9733	CODE:974a	LJMP 0x8800	50	write	EXTMEM	1	EXTMEM:04b2	0x4b2	mem[EXTMEM:04b2]
decompiler	CODE:9733	CODE:974a	LJMP 0x8800	50	read	EXTMEM	1	EXTMEM:04b2	0x4b2	
decompiler	CODE:9767	CODE:976c	JNZ 0x977e	16	read	INTMEM	1	INTMEM:b2	0xb2	
decompiler	CODE:9767	CODE:9773	JZ 0x977b	34	read	INTMEM	1	INTMEM:b4	0xb4	
decompiler	CODE:9767	CODE:9776	JNZ 0x977e	37	read	INTMEM	1	INTMEM:b4	0xb4	
decompiler	CODE:9767	CODE:977a	RET	87	write	INTMEM	1	INTMEM:b2	0xb2	mem[INTMEM:b2]
decompiler	CODE:9767	CODE:977a	RET	87	read	INTMEM	1	INTMEM:b2	0xb2	
decompiler	CODE:9767	CODE:977a	RET	90	write	INTMEM	1	INTMEM:b4	0xb4	mem[INTMEM:b4]
decompiler	CODE:9767	CODE:977a	RET	90	read	INTMEM	1	INTMEM:b4	0xb4	
decompiler	CODE:9767	CODE:977d	RET	89	write	INTMEM	1	INTMEM:b2	0xb2	mem[INTMEM:b2]
decompiler	CODE:9767	CODE:977d	RET	89	read	INTMEM	1	INTMEM:b2	0xb2	
decompiler	CODE:9767	CODE:977d	RET	92	write	INTMEM	1	INTMEM:b4	0xb4	mem[INTMEM:b4]
decompiler	CODE:9767	CODE:977d	RET	92	read	INTMEM	1	INTMEM:b4	0xb4	
decompiler	CODE:9767	CODE:9780	RET	88	write	INTMEM	1	INTMEM:b2	0xb2	mem[INTMEM:b2]
decompiler	CODE:9767	CODE:9780	RET	88	read	INTMEM	1	INTMEM:b2	0xb2	
decompiler	CODE:9767	CODE:9780	RET	91	write	INTMEM	1	INTMEM:b4	0xb4	mem[INTMEM:b4]
decompiler	CODE:9767	CODE:9780	RET	91	read	INTMEM	1	INTMEM:b4	0xb4	
decompiler	CODE:9781	CODE:9784	LCALL 0xa6cd	107	read	INTMEM	1	INTMEM:07	0x7	
decompiler	CODE:9781	CODE:9791	CJNE A,0x07,0x9799	34	read	INTMEM	1	INTMEM:07	0x7	
decompiler	CODE:9781	CODE:9799	RET	89	write	INTMEM	1	INTMEM:07	0x7	mem[INTMEM:07]
decompiler	CODE:9781	CODE:9799	RET	89	read	INTMEM	1	INTMEM:07	0x7	
decompiler	CODE:979a	CODE:979d	JNB 0xe2,0x97a4	3	read	INTMEM	1	INTMEM:cb	0xcb	
decompiler	CODE:979a	CODE:97a7	JNB 0xe3,0x97b1	33	read	INTMEM	1	INTMEM:cb	0xcb	
decompiler	CODE:979a	CODE:97b0	RET	64	write	INTMEM	1	INTMEM:cb	0xcb	mem[INTMEM:cb]
decompiler	CODE:979a	CODE:97b0	RET	64	read	INTMEM	1	INTMEM:cb	0xcb	
decompiler	CODE:979a	CODE:97b2	RET	65	write	INTMEM	1	INTMEM:cb	0xcb	mem[INTMEM:cb]
decompiler	CODE:979a	CODE:97b2	RET	65	read	INTMEM	1	INTMEM:cb	0xcb	
decompiler	CODE:97b3	CODE:97c8	MOVX @DPTR,A	23	write	EXTMEM	1	EXTMEM:04d9	0x4d9	mem[INTMEM:05]
decompiler	CODE:97b3	CODE:97c8	MOVX @DPTR,A	23	read	INTMEM	1	INTMEM:05	0x5	
decompiler	CODE:97b3	CODE:97c9	LJMP 0x87aa	36	write	INTMEM	1	INTMEM:05	0x5	mem[INTMEM:05]
decompiler	CODE:97b3	CODE:97c9	LJMP 0x87aa	36	read	INTMEM	1	INTMEM:05	0x5	
decompiler	CODE:97b3	CODE:97c9	LJMP 0x87aa	38	write	EXTMEM	1	EXTMEM:04d6	0x4d6	mem[EXTMEM:04d6]
decompiler	CODE:97b3	CODE:97c9	LJMP 0x87aa	38	read	EXTMEM	1	EXTMEM:04d6	0x4d6	
decompiler	CODE:97b3	CODE:97c9	LJMP 0x87aa	40	write	EXTMEM	1	EXTMEM:04d7	0x4d7	mem[EXTMEM:04d7]
decompiler	CODE:97b3	CODE:97c9	LJMP 0x87aa	40	read	EXTMEM	1	EXTMEM:04d7	0x4d7	
decompiler	CODE:97b3	CODE:97c9	LJMP 0x87aa	42	write	EXTMEM	1	EXTMEM:04d8	0x4d8	mem[EXTMEM:04d8]
decompiler	CODE:97b3	CODE:97c9	LJMP 0x87aa	42	read	EXTMEM	1	EXTMEM:04d8	0x4d8	
decompiler	CODE:97b3	CODE:97c9	LJMP 0x87aa	44	write	EXTMEM	1	EXTMEM:04d9	0x4d9	mem[EXTMEM:04d9]
decompiler	CODE:97b3	CODE:97c9	LJMP 0x87aa	44	read	EXTMEM	1	EXTMEM:04d9	0x4d9	
decompiler	CODE:97cc	CODE:97da	RET	59	write	INTMEM	1	INTMEM:b3	0xb3	mem[INTMEM:b3]
decompiler	CODE:97cc	CODE:97da	RET	59	read	INTMEM	1	INTMEM:b3	0xb3	
decompiler	CODE:97e5	CODE:97fb	LJMP 0x6800	62	write	EXTMEM	1	EXTMEM:04ad	0x4ad	mem[EXTMEM:04ad]
decompiler	CODE:97e5	CODE:97fb	LJMP 0x6800	62	read	EXTMEM	1	EXTMEM:04ad	0x4ad	
decompiler	CODE:97e5	CODE:97fb	LJMP 0x6800	66	write	EXTMEM	1	EXTMEM:04ae	0x4ae	mem[EXTMEM:04ae]
decompiler	CODE:97e5	CODE:97fb	LJMP 0x6800	66	read	EXTMEM	1	EXTMEM:04ae	0x4ae	
decompiler	CODE:9800	CODE:980f	MOVC A,@A+DPTR	13	read	INTMEM	1	INTMEM:b3	0xb3	
decompiler	CODE:9800	CODE:980f	MOVC A,@A+DPTR	15	read	CODE	1	PTRADD(0xb8fa,INT_ZEXT(mem[INTMEM:b3]),0x1)		
decompiler	CODE:9800	CODE:9817	MOVX @DPTR,A	55	write	EXTMEM	1	EXTMEM:2013	0x2013	INT_AND(mem[EXTMEM:2013],LOAD(0x211,PTRADD(0xb8fa,INT_ZEXT(mem[INTMEM:b3]),0x1)))
decompiler	CODE:9800	CODE:9818	RET	53	write	INTMEM	1	INTMEM:b3	0xb3	mem[INTMEM:b3]
decompiler	CODE:9800	CODE:9818	RET	53	read	INTMEM	1	INTMEM:b3	0xb3	
decompiler	CODE:9800	CODE:9818	RET	54	write	EXTMEM	1	EXTMEM:2013	0x2013	mem[EXTMEM:2013]
decompiler	CODE:9800	CODE:9818	RET	54	read	EXTMEM	1	EXTMEM:2013	0x2013	
decompiler	CODE:9819	CODE:982f	LJMP 0x65d3	61	write	EXTMEM	1	EXTMEM:04a8	0x4a8	mem[EXTMEM:04a8]
decompiler	CODE:9819	CODE:982f	LJMP 0x65d3	61	read	EXTMEM	1	EXTMEM:04a8	0x4a8	
decompiler	CODE:9832	CODE:984a	RET	82	write	INTMEM	1	INTMEM:cb	0xcb	mem[INTMEM:cb]
decompiler	CODE:9832	CODE:984a	RET	82	read	INTMEM	1	INTMEM:cb	0xcb	
decompiler	CODE:9864	CODE:9877	SETB 0x0c	30	write	BITS	1	BITS:0c	0xc	0x1
decompiler	CODE:9864	CODE:9879	LJMP 0xa417	61	write	BITS	1	BITS:0c	0xc	mem[BITS:0c]
decompiler	CODE:9864	CODE:9879	LJMP 0xa417	61	read	BITS	1	BITS:0c	0xc	
decompiler	CODE:987c	CODE:9882	MOV 0x05,CY	10	write	BITS	1	BITS:05	0x5	mem[BITS:0d]
decompiler	CODE:987c	CODE:9882	MOV 0x05,CY	10	read	BITS	1	BITS:0d	0xd	
decompiler	CODE:987c	CODE:9889	MOV 0x04,CY	17	write	BITS	1	BITS:04	0x4	mem[BITS:0d]
decompiler	CODE:987c	CODE:9889	MOV 0x04,CY	17	read	BITS	1	BITS:0d	0xd	
decompiler	CODE:987c	CODE:9892	MOVX @DPTR,A	43	write	EXTMEM	1	INDIRECT((register, 0x82, 2),0x27)		0x0
decompiler	CODE:987c	CODE:9893	RET	66	write	BITS	1	BITS:04	0x4	mem[BITS:04]
decompiler	CODE:987c	CODE:9893	RET	66	read	BITS	1	BITS:04	0x4	
decompiler	CODE:987c	CODE:9893	RET	69	write	BITS	1	BITS:05	0x5	mem[BITS:05]
decompiler	CODE:987c	CODE:9893	RET	69	read	BITS	1	BITS:05	0x5	
decompiler	CODE:987c	CODE:9893	RET	72	write	BITS	1	BITS:0d	0xd	mem[BITS:0d]
decompiler	CODE:987c	CODE:9893	RET	72	read	BITS	1	BITS:0d	0xd	
decompiler	CODE:990c	CODE:9921	MOVX A,@DPTR	75	read	EXTMEM	1	CAST(PIECE(INT_SUB(INT_SUB(INDIRECT((register, 0x2, 1),0x7),INT_SRIGHT(INT_LEFT(INT_LESS(0xcb,(register, 0x1, 1)),0x7),0x7)),INT_SRIGHT(INT_LEFT(INT_CARRY(INT_ADD((register, 0x1, 1),0x34),INDIRECT((register, 0x7, 1),0x7)),0x7),0x7)),INT_ADD(INT_ADD(INDIRECT((register, 0x1, 1),0x7),0x34),INDIRECT((register, 0x7, 1),0x7))))		
decompiler	CODE:9924	CODE:9924	ANL 0xc1,#0xfb	37	read	SFR	1	SFR:c1	0xc1	
decompiler	CODE:9924	CODE:9924	ANL 0xc1,#0xfb	38	read	SFR	1	SFR:c1	0xc1	
decompiler	CODE:9924	CODE:992a	MOV @R0,A	13	write	INTMEM	1	INTMEM:cf	0xcf	0x0
decompiler	CODE:9924	CODE:992c	MOV @R0,A	16	write	INTMEM	1	INTMEM:d0	0xd0	0x0
decompiler	CODE:9924	CODE:992f	MOV @R0,A	19	write	INTMEM	1	INTMEM:ce	0xce	0x0
decompiler	CODE:9924	CODE:9932	MOV @R0,A	22	write	INTMEM	1	INTMEM:d1	0xd1	0x0
decompiler	CODE:9924	CODE:9933	MOV 0xc6,A	39	read	SFR	1	SFR:c6	0xc6	
decompiler	CODE:9924	CODE:9935	MOV 0xce,A	40	read	SFR	1	SFR:ce	0xce	
decompiler	CODE:9924	CODE:9937	MOV 0xd6,A	41	read	SFR	1	SFR:d6	0xd6	
decompiler	CODE:9924	CODE:9939	MOV 0xd7,A	42	read	SFR	1	SFR:d7	0xd7	
decompiler	CODE:9924	CODE:993b	RET	43	write	INTMEM	1	INTMEM:ce	0xce	0x0
decompiler	CODE:9924	CODE:993b	RET	43	read	INTMEM	1	INTMEM:ce	0xce	
decompiler	CODE:9924	CODE:993b	RET	44	write	INTMEM	1	INTMEM:cf	0xcf	0x0
decompiler	CODE:9924	CODE:993b	RET	44	read	INTMEM	1	INTMEM:cf	0xcf	
decompiler	CODE:9924	CODE:993b	RET	45	write	INTMEM	1	INTMEM:d0	0xd0	0x0
decompiler	CODE:9924	CODE:993b	RET	45	read	INTMEM	1	INTMEM:d0	0xd0	
decompiler	CODE:9924	CODE:993b	RET	46	write	INTMEM	1	INTMEM:d1	0xd1	0x0
decompiler	CODE:9924	CODE:993b	RET	46	read	INTMEM	1	INTMEM:d1	0xd1	
decompiler	CODE:9954	CODE:9960	RET	78	write	BITS	1	BITS:0c	0xc	mem[BITS:0c]
decompiler	CODE:9954	CODE:9960	RET	78	read	BITS	1	BITS:0c	0xc	
decompiler	CODE:9954	CODE:9961	CLR 0x0c	33	write	BITS	1	BITS:0c	0xc	0x0
decompiler	CODE:9954	CODE:9968	RET	79	write	BITS	1	BITS:0c	0xc	mem[BITS:0c]
decompiler	CODE:9954	CODE:9968	RET	79	read	BITS	1	BITS:0c	0xc	
decompiler	CODE:9954	CODE:996b	RET	80	write	BITS	1	BITS:0c	0xc	mem[BITS:0c]
decompiler	CODE:9954	CODE:996b	RET	80	read	BITS	1	BITS:0c	0xc	
decompiler	CODE:9983	CODE:9987	JZ 0x9991	4	read	INTMEM	1	INTMEM:b3	0xb3	
decompiler	CODE:9983	CODE:998a	JNZ 0x9999	7	read	INTMEM	1	INTMEM:b3	0xb3	
decompiler	CODE:9983	CODE:9995	MOVX @DPTR,A	14	write	EXTMEM	1	MULTIEQUAL(0x72d,0x72f)		(register, 0x6, 1)
decompiler	CODE:9983	CODE:9998	MOVX @DPTR,A	19	write	EXTMEM	1	PTRADD(MULTIEQUAL(0x72d,0x72f),0x1,0x1)		(register, 0x7, 1)
decompiler	CODE:9983	CODE:9999	RET	40	write	INTMEM	1	INTMEM:b3	0xb3	mem[INTMEM:b3]
decompiler	CODE:9983	CODE:9999	RET	40	read	INTMEM	1	INTMEM:b3	0xb3	
decompiler	CODE:9983	CODE:9999	RET	41	write	INTMEM	1	INTMEM:b3	0xb3	mem[INTMEM:b3]
decompiler	CODE:9983	CODE:9999	RET	41	read	INTMEM	1	INTMEM:b3	0xb3	
decompiler	CODE:99c8	CODE:99d2	JNB 0x11,0x99de	18	read	BITS	1	BITS:11	0x11	
decompiler	CODE:99c8	CODE:99da	CLR 0x11	31	write	BITS	1	BITS:11	0x11	0x0
decompiler	CODE:99c8	CODE:99dc	SETB 0x10	32	write	BITS	1	BITS:10	0x10	0x1
decompiler	CODE:99c8	CODE:99de	RET	68	write	BITS	1	BITS:10	0x10	mem[BITS:10]
decompiler	CODE:99c8	CODE:99de	RET	68	read	BITS	1	BITS:10	0x10	
decompiler	CODE:99c8	CODE:99de	RET	73	write	BITS	1	BITS:11	0x11	mem[BITS:11]
decompiler	CODE:99c8	CODE:99de	RET	73	read	BITS	1	BITS:11	0x11	
decompiler	CODE:99df	CODE:99e6	CLR 0x0c	12	write	BITS	1	BITS:0c	0xc	0x0
decompiler	CODE:99df	CODE:99ec	MOVX @DPTR,A	17	write	EXTMEM	1	EXTMEM:04c7	0x4c7	0x0
decompiler	CODE:99df	CODE:99f2	RET	61	write	EXTMEM	1	EXTMEM:04c7	0x4c7	mem[EXTMEM:04c7]
decompiler	CODE:99df	CODE:99f2	RET	61	read	EXTMEM	1	EXTMEM:04c7	0x4c7	
decompiler	CODE:99df	CODE:99f2	RET	65	write	BITS	1	BITS:0c	0xc	mem[BITS:0c]
decompiler	CODE:99df	CODE:99f2	RET	65	read	BITS	1	BITS:0c	0xc	
decompiler	CODE:99df	CODE:99f5	RET	62	write	EXTMEM	1	EXTMEM:04c7	0x4c7	mem[EXTMEM:04c7]
decompiler	CODE:99df	CODE:99f5	RET	62	read	EXTMEM	1	EXTMEM:04c7	0x4c7	
decompiler	CODE:99df	CODE:99f5	RET	66	write	BITS	1	BITS:0c	0xc	mem[BITS:0c]
decompiler	CODE:99df	CODE:99f5	RET	66	read	BITS	1	BITS:0c	0xc	
decompiler	CODE:9a0d	CODE:9a10	CJNE A,#0x1,0x9a18	7	read	INTMEM	1	INTMEM:b3	0xb3	
decompiler	CODE:9a0d	CODE:9a1f	MOVX A,@DPTR	26	read	EXTMEM	1	PTRADD(MULTIEQUAL(0x633,0x631),0x1,0x1)		
decompiler	CODE:9a0d	CODE:9a22	RET	50	write	INTMEM	1	INTMEM:b3	0xb3	mem[INTMEM:b3]
decompiler	CODE:9a0d	CODE:9a22	RET	50	read	INTMEM	1	INTMEM:b3	0xb3	
decompiler	CODE:9a23	CODE:9a26	CJNE A,#0x1,0x9a2e	7	read	INTMEM	1	INTMEM:b3	0xb3	
decompiler	CODE:9a23	CODE:9a31	MOVX A,@DPTR	12	read	EXTMEM	1	MULTIEQUAL(0x633,0x631)		
decompiler	CODE:9a23	CODE:9a33	MOVX @DPTR,A	17	write	EXTMEM	1	MULTIEQUAL(0x633,0x631)		INT_OR(LOAD(0x311,MULTIEQUAL(0x633,0x631)),(register, 0x6, 1))
decompiler	CODE:9a23	CODE:9a35	MOVX A,@DPTR	20	read	EXTMEM	1	PTRADD(MULTIEQUAL(0x633,0x631),0x1,0x1)		
decompiler	CODE:9a23	CODE:9a37	MOVX @DPTR,A	25	write	EXTMEM	1	PTRADD(MULTIEQUAL(0x633,0x631),0x1,0x1)		INT_OR(LOAD(0x311,PTRADD(MULTIEQUAL(0x633,0x631),0x1,0x1)),(register, 0x7, 1))
decompiler	CODE:9a23	CODE:9a38	RET	38	write	INTMEM	1	INTMEM:b3	0xb3	mem[INTMEM:b3]
decompiler	CODE:9a23	CODE:9a38	RET	38	read	INTMEM	1	INTMEM:b3	0xb3	
decompiler	CODE:9a39	CODE:9a3c	JB 0xe2,0x9a43	3	read	INTMEM	1	INTMEM:cb	0xcb	
decompiler	CODE:9a39	CODE:9a46	JB 0xe3,0x9a4e	30	read	INTMEM	1	INTMEM:cb	0xcb	
decompiler	CODE:9a39	CODE:9a4e	RET	58	write	INTMEM	1	INTMEM:cb	0xcb	mem[INTMEM:cb]
decompiler	CODE:9a39	CODE:9a4e	RET	58	read	INTMEM	1	INTMEM:cb	0xcb	
decompiler	CODE:9a39	CODE:9a4e	RET	59	write	INTMEM	1	INTMEM:cb	0xcb	mem[INTMEM:cb]
decompiler	CODE:9a39	CODE:9a4e	RET	59	read	INTMEM	1	INTMEM:cb	0xcb	
decompiler	CODE:9a39	CODE:9a4e	RET	65	write	INTMEM	1	INTMEM:cb	0xcb	mem[INTMEM:cb]
decompiler	CODE:9a39	CODE:9a4e	RET	65	read	INTMEM	1	INTMEM:cb	0xcb	
decompiler	CODE:9a4f	CODE:9a54	MOVX @DPTR,A	4	write	EXTMEM	1	EXTMEM:10b8	0x10b8	0xaa
decompiler	CODE:9a4f	CODE:9a5a	MOVX @DPTR,A	9	write	EXTMEM	1	EXTMEM:10ba	0x10ba	0x55
decompiler	CODE:9a4f	CODE:9a60	MOVX @DPTR,A	14	write	EXTMEM	1	EXTMEM:10bd	0x10bd	0xa5
decompiler	CODE:9a4f	CODE:9a61	MOV 0xf4,#0xff	26	read	SFR	1	SFR:f4	0xf4	
decompiler	CODE:9a4f	CODE:9a64	RET	27	write	EXTMEM	1	EXTMEM:10b8	0x10b8	0xaa
decompiler	CODE:9a4f	CODE:9a64	RET	27	read	EXTMEM	1	EXTMEM:10b8	0x10b8	
decompiler	CODE:9a4f	CODE:9a64	RET	28	write	EXTMEM	1	EXTMEM:10ba	0x10ba	0x55
decompiler	CODE:9a4f	CODE:9a64	RET	28	read	EXTMEM	1	EXTMEM:10ba	0x10ba	
decompiler	CODE:9a4f	CODE:9a64	RET	29	write	EXTMEM	1	EXTMEM:10bd	0x10bd	0xa5
decompiler	CODE:9a4f	CODE:9a64	RET	29	read	EXTMEM	1	EXTMEM:10bd	0x10bd	
decompiler	CODE:9ae8	CODE:9aed	JNZ 0x9afc	16	read	INTMEM	1	INTMEM:cc	0xcc	
decompiler	CODE:9ae8	CODE:9afc	RET	93	write	INTMEM	1	INTMEM:cc	0xcc	mem[INTMEM:cc]
decompiler	CODE:9ae8	CODE:9afc	RET	93	read	INTMEM	1	INTMEM:cc	0xcc	
decompiler	CODE:9afd	CODE:9b0c	MOV A,@R0	19	read	INTMEM	1	CAST(INT_ADD((register, 0x7, 1),0xc7))		
decompiler	CODE:9b3c	CODE:9b4e	LJMP 0x7fb6	57	write	INTMEM	1	INTMEM:05	0x5	mem[INTMEM:05]
decompiler	CODE:9b3c	CODE:9b4e	LJMP 0x7fb6	57	read	INTMEM	1	INTMEM:05	0x5	
decompiler	CODE:9b51	CODE:9b55	LCALL 0x345a	85	read	INTMEM	1	INTMEM:b3	0xb3	
decompiler	CODE:9b51	CODE:9b58	MOVX A,@DPTR	13	read	EXTMEM	1	INDIRECT((register, 0x82, 2),0xb)		
decompiler	CODE:9b51	CODE:9b5a	MOVX @DPTR,A	18	write	EXTMEM	1	INDIRECT((register, 0x82, 2),0xb)		INT_ADD(LOAD(0x311,INDIRECT((register, 0x82, 2),0xb)),0x1)
decompiler	CODE:9b51	CODE:9b61	MOVX A,@DPTR	42	read	EXTMEM	1	INDIRECT(INDIRECT((register, 0x82, 2),0xb),0x28)		
decompiler	CODE:9b51	CODE:9b64	MOVX @DPTR,A	55	write	EXTMEM	1	INDIRECT(INDIRECT((register, 0x82, 2),0xb),0x28)		INT_AND(LOAD(0x311,INDIRECT(INDIRECT((register, 0x82, 2),0xb),0x28)),0x7)
decompiler	CODE:9b51	CODE:9b65	RET	80	write	INTMEM	1	INTMEM:b3	0xb3	mem[INTMEM:b3]
decompiler	CODE:9b51	CODE:9b65	RET	80	read	INTMEM	1	INTMEM:b3	0xb3	
decompiler	CODE:9b66	CODE:9b68	MOV @R0,#0x5	2	write	INTMEM	1	INTMEM:cf	0xcf	0x5
decompiler	CODE:9b66	CODE:9b6b	MOV 0xce,A	20	read	SFR	1	SFR:ce	0xce	
decompiler	CODE:9b66	CODE:9b6d	SETB 0xc3	21	read	BITS	1	BITS:c3	0xc3	
decompiler	CODE:9b66	CODE:9b72	MOV A,0xc7	19	read	SFR	1	SFR:c7	0xc7	
decompiler	CODE:9b66	CODE:9b78	LJMP 0x7568	27	write	INTMEM	1	INTMEM:cf	0xcf	mem[INTMEM:cf]
decompiler	CODE:9b66	CODE:9b78	LJMP 0x7568	27	read	INTMEM	1	INTMEM:cf	0xcf	
decompiler	CODE:9b66	CODE:9b78	LJMP 0x7568	29	write	EXTMEM	1	EXTMEM:0722	0x722	mem[EXTMEM:0722]
decompiler	CODE:9b66	CODE:9b78	LJMP 0x7568	29	read	EXTMEM	1	EXTMEM:0722	0x722	
decompiler	CODE:9b66	CODE:9b78	LJMP 0x7568	31	write	EXTMEM	1	EXTMEM:0723	0x723	mem[EXTMEM:0723]
decompiler	CODE:9b66	CODE:9b78	LJMP 0x7568	31	read	EXTMEM	1	EXTMEM:0723	0x723	
decompiler	CODE:9b7b	CODE:9b7f	CJNE A,#0xac,0x9b8e	8	read	EXTMEM	1	EXTMEM:055d	0x55d	
decompiler	CODE:9b7b	CODE:9b8e	RET	43	write	EXTMEM	1	EXTMEM:055d	0x55d	mem[EXTMEM:055d]
decompiler	CODE:9b7b	CODE:9b8e	RET	43	read	EXTMEM	1	EXTMEM:055d	0x55d	
decompiler	CODE:9b7b	CODE:9b8e	RET	45	write	EXTMEM	1	EXTMEM:0afe	0xafe	mem[EXTMEM:0afe]
decompiler	CODE:9b7b	CODE:9b8e	RET	45	read	EXTMEM	1	EXTMEM:0afe	0xafe	
decompiler	CODE:9b7b	CODE:9b8e	RET	47	write	EXTMEM	1	EXTMEM:0aff	0xaff	mem[EXTMEM:0aff]
decompiler	CODE:9b7b	CODE:9b8e	RET	47	read	EXTMEM	1	EXTMEM:0aff	0xaff	
decompiler	CODE:9b8f	CODE:9b95	LCALL 0x8925	82	read	INTMEM	1	INTMEM:07	0x7	
decompiler	CODE:9b8f	CODE:9ba2	RET	57	write	INTMEM	1	INTMEM:02	0x2	mem[INTMEM:02]
decompiler	CODE:9b8f	CODE:9ba2	RET	57	read	INTMEM	1	INTMEM:02	0x2	
decompiler	CODE:9b8f	CODE:9ba2	RET	61	write	INTMEM	1	INTMEM:03	0x3	mem[INTMEM:03]
decompiler	CODE:9b8f	CODE:9ba2	RET	61	read	INTMEM	1	INTMEM:03	0x3	
decompiler	CODE:9b8f	CODE:9ba2	RET	65	write	INTMEM	1	INTMEM:04	0x4	mem[INTMEM:04]
decompiler	CODE:9b8f	CODE:9ba2	RET	65	read	INTMEM	1	INTMEM:04	0x4	
decompiler	CODE:9b8f	CODE:9ba2	RET	69	write	INTMEM	1	INTMEM:05	0x5	mem[INTMEM:05]
decompiler	CODE:9b8f	CODE:9ba2	RET	69	read	INTMEM	1	INTMEM:05	0x5	
decompiler	CODE:9b8f	CODE:9ba2	RET	73	write	INTMEM	1	INTMEM:07	0x7	mem[INTMEM:07]
decompiler	CODE:9b8f	CODE:9ba2	RET	73	read	INTMEM	1	INTMEM:07	0x7	
decompiler	CODE:9ba3	CODE:9bad	MOVX @DPTR,A	17	write	EXTMEM	1	INDIRECT((register, 0x82, 2),0xd)		0x0
decompiler	CODE:9ba3	CODE:9bb2	MOVX @DPTR,A	29	write	EXTMEM	1	INDIRECT(MULTIEQUAL((register, 0x82, 2),INDIRECT((register, 0x82, 2),0xd)),0x19)		INDIRECT(MULTIEQUAL((register, 0x7, 1),INDIRECT((register, 0x7, 1),0xd)),0x19)
decompiler	CODE:9ba3	CODE:9bb5	MOV @R0,A	32	write	INTMEM	1	INTMEM:cc	0xcc	INDIRECT(MULTIEQUAL((register, 0x7, 1),INDIRECT((register, 0x7, 1),0xd)),0x19)
decompiler	CODE:9ba3	CODE:9bb6	RET	66	write	INTMEM	1	INTMEM:b3	0xb3	mem[INTMEM:b3]
decompiler	CODE:9ba3	CODE:9bb6	RET	66	read	INTMEM	1	INTMEM:b3	0xb3	
decompiler	CODE:9ba3	CODE:9bb6	RET	70	write	INTMEM	1	INTMEM:cc	0xcc	mem[INTMEM:cc]
decompiler	CODE:9ba3	CODE:9bb6	RET	70	read	INTMEM	1	INTMEM:cc	0xcc	
decompiler	CODE:9bb7	CODE:9bbe	MOV 0x0f,CY	8	write	BITS	1	BITS:0f	0xf	mem[BITS:0e]
decompiler	CODE:9bb7	CODE:9bbe	MOV 0x0f,CY	8	read	BITS	1	BITS:0e	0xe	
decompiler	CODE:9bb7	CODE:9bc8	LJMP 0x90f3	36	write	EXTMEM	1	EXTMEM:04c7	0x4c7	mem[EXTMEM:04c7]
decompiler	CODE:9bb7	CODE:9bc8	LJMP 0x90f3	36	read	EXTMEM	1	EXTMEM:04c7	0x4c7	
decompiler	CODE:9bb7	CODE:9bc8	LJMP 0x90f3	39	write	BITS	1	BITS:0e	0xe	mem[BITS:0e]
decompiler	CODE:9bb7	CODE:9bc8	LJMP 0x90f3	39	read	BITS	1	BITS:0e	0xe	
decompiler	CODE:9bb7	CODE:9bc8	LJMP 0x90f3	42	write	BITS	1	BITS:0f	0xf	mem[BITS:0f]
decompiler	CODE:9bb7	CODE:9bc8	LJMP 0x90f3	42	read	BITS	1	BITS:0f	0xf	
decompiler	CODE:9bcb	CODE:9bd5	MOVX A,@DPTR	21	read	EXTMEM	1	INDIRECT(INDIRECT((register, 0x82, 2),0x8),0x13)		
decompiler	CODE:9bdf	CODE:9be0	MOV 0x86,A	24	read	SFR	1	SFR:86	0x86	
decompiler	CODE:9bdf	CODE:9be5	MOVX @DPTR,A	5	write	EXTMEM	1	EXTMEM:2039	0x2039	0x0
decompiler	CODE:9bdf	CODE:9be6	MOV 0xa4,#0x1	25	read	SFR	1	SFR:a4	0xa4	
decompiler	CODE:9bdf	CODE:9bec	MOV A,0xbc	27	read	SFR	1	SFR:bc	0xbc	
decompiler	CODE:9bdf	CODE:9bee	MOVX @DPTR,A	11	write	EXTMEM	1	EXTMEM:04aa	0x4aa	CALLOTHER(0x10000001,mem[SFR:bc])
decompiler	CODE:9bdf	CODE:9bf0	MOV 0xbc,A	26	read	SFR	1	SFR:bc	0xbc	
decompiler	CODE:9bdf	CODE:9bf2	RET	28	write	EXTMEM	1	EXTMEM:04aa	0x4aa	mem[EXTMEM:04aa]
decompiler	CODE:9bdf	CODE:9bf2	RET	28	read	EXTMEM	1	EXTMEM:04aa	0x4aa	
decompiler	CODE:9bdf	CODE:9bf2	RET	29	write	EXTMEM	1	EXTMEM:2039	0x2039	0x0
decompiler	CODE:9bdf	CODE:9bf2	RET	29	read	EXTMEM	1	EXTMEM:2039	0x2039	
decompiler	CODE:9bf3	CODE:9c03	MOVX A,@DPTR	45	read	EXTMEM	1	CAST(PIECE(INT_SUB(0x6,INT_SRIGHT(INT_LEFT(INT_LESS(0x30,CAST((unique, 0xc801, 1))),0x7),0x7)),INT_SUB(INT_MULT(mem[INTMEM:b3],0x19),0x31)))		
decompiler	CODE:9bf3	CODE:9c06	RET	79	write	INTMEM	1	INTMEM:b3	0xb3	mem[INTMEM:b3]
decompiler	CODE:9bf3	CODE:9c06	RET	79	read	INTMEM	1	INTMEM:b3	0xb3	
decompiler	CODE:9c07	CODE:9c19	MOV @R0,A	17	write	INTMEM	1	INTMEM:0a	0xa	0x0
decompiler	CODE:9c07	CODE:9c1a	RET	38	write	INTMEM	1	INTMEM:0a	0xa	0x0
decompiler	CODE:9c07	CODE:9c1a	RET	38	read	INTMEM	1	INTMEM:0a	0xa	
decompiler	CODE:9c1b	CODE:9c1f	LCALL 0x34ca	71	read	INTMEM	1	INTMEM:b3	0xb3	
decompiler	CODE:9c1b	CODE:9c24	MOVX @DPTR,A	15	write	EXTMEM	1	INDIRECT((register, 0x82, 2),0xb)		0xff
decompiler	CODE:9c1b	CODE:9c2d	MOVX @DPTR,A	41	write	EXTMEM	1	INDIRECT(INDIRECT((register, 0x82, 2),0xb),0x25)		0xff
decompiler	CODE:9c1b	CODE:9c2e	RET	66	write	INTMEM	1	INTMEM:b3	0xb3	mem[INTMEM:b3]
decompiler	CODE:9c1b	CODE:9c2e	RET	66	read	INTMEM	1	INTMEM:b3	0xb3	
decompiler	CODE:9c43	CODE:9c48	JNZ 0x9c54	16	read	INTMEM	1	INTMEM:b2	0xb2	
decompiler	CODE:9c43	CODE:9c4f	JNZ 0x9c54	34	read	INTMEM	1	INTMEM:b4	0xb4	
decompiler	CODE:9c43	CODE:9c53	RET	72	write	INTMEM	1	INTMEM:b2	0xb2	mem[INTMEM:b2]
decompiler	CODE:9c43	CODE:9c53	RET	72	read	INTMEM	1	INTMEM:b2	0xb2	
decompiler	CODE:9c43	CODE:9c53	RET	74	write	INTMEM	1	INTMEM:b4	0xb4	mem[INTMEM:b4]
decompiler	CODE:9c43	CODE:9c53	RET	74	read	INTMEM	1	INTMEM:b4	0xb4	
decompiler	CODE:9c43	CODE:9c56	RET	73	write	INTMEM	1	INTMEM:b2	0xb2	mem[INTMEM:b2]
decompiler	CODE:9c43	CODE:9c56	RET	73	read	INTMEM	1	INTMEM:b2	0xb2	
decompiler	CODE:9c43	CODE:9c56	RET	75	write	INTMEM	1	INTMEM:b4	0xb4	mem[INTMEM:b4]
decompiler	CODE:9c43	CODE:9c56	RET	75	read	INTMEM	1	INTMEM:b4	0xb4	
decompiler	CODE:9c57	CODE:9c5c	JNZ 0x9c68	16	read	INTMEM	1	INTMEM:ab	0xab	
decompiler	CODE:9c57	CODE:9c67	RET	69	write	INTMEM	1	INTMEM:ab	0xab	mem[INTMEM:ab]
decompiler	CODE:9c57	CODE:9c67	RET	69	read	INTMEM	1	INTMEM:ab	0xab	
decompiler	CODE:9c57	CODE:9c6a	RET	70	write	INTMEM	1	INTMEM:ab	0xab	mem[INTMEM:ab]
decompiler	CODE:9c57	CODE:9c6a	RET	70	read	INTMEM	1	INTMEM:ab	0xab	
decompiler	CODE:9c6b	CODE:9c70	MOVX @DPTR,A	4	write	EXTMEM	1	EXTMEM:059e	0x59e	0x3
decompiler	CODE:9c6b	CODE:9c74	MOVX @DPTR,A	9	write	EXTMEM	1	EXTMEM:059f	0x59f	0x1
decompiler	CODE:9c6b	CODE:9c76	MOVX @DPTR,A	13	write	EXTMEM	1	EXTMEM:05a0	0x5a0	0x1
decompiler	CODE:9c6b	CODE:9c7a	MOVX @DPTR,A	18	write	EXTMEM	1	EXTMEM:05a1	0x5a1	0x28
decompiler	CODE:9c6b	CODE:9c7b	LJMP 0x96cb	25	write	EXTMEM	1	EXTMEM:059e	0x59e	mem[EXTMEM:059e]
decompiler	CODE:9c6b	CODE:9c7b	LJMP 0x96cb	25	read	EXTMEM	1	EXTMEM:059e	0x59e	
decompiler	CODE:9c6b	CODE:9c7b	LJMP 0x96cb	27	write	EXTMEM	1	EXTMEM:059f	0x59f	mem[EXTMEM:059f]
decompiler	CODE:9c6b	CODE:9c7b	LJMP 0x96cb	27	read	EXTMEM	1	EXTMEM:059f	0x59f	
decompiler	CODE:9c6b	CODE:9c7b	LJMP 0x96cb	29	write	EXTMEM	1	EXTMEM:05a0	0x5a0	mem[EXTMEM:05a0]
decompiler	CODE:9c6b	CODE:9c7b	LJMP 0x96cb	29	read	EXTMEM	1	EXTMEM:05a0	0x5a0	
decompiler	CODE:9c6b	CODE:9c7b	LJMP 0x96cb	31	write	EXTMEM	1	EXTMEM:05a1	0x5a1	mem[EXTMEM:05a1]
decompiler	CODE:9c6b	CODE:9c7b	LJMP 0x96cb	31	read	EXTMEM	1	EXTMEM:05a1	0x5a1	
decompiler	CODE:9c91	CODE:9ca2	MOVX @DPTR,A	52	write	EXTMEM	1	CAST(PIECE(INT_ADD(INT_SUB(INT_SRIGHT(CAST((register, 0x7, 1)),0x7),INT_SRIGHT(INT_LEFT(INT_LESS(0xf1,(register, 0x7, 1)),0x7),0x7)),0x7),INT_ADD((register, 0x7, 1),0xe)))		0x1
decompiler	CODE:9cca	CODE:9ccc	JNB 0x0d,0x9cd5	1	read	BITS	1	BITS:0d	0xd	
decompiler	CODE:9cca	CODE:9cdc	RET	33	write	BITS	1	BITS:0d	0xd	mem[BITS:0d]
decompiler	CODE:9cca	CODE:9cdc	RET	33	read	BITS	1	BITS:0d	0xd	
decompiler	CODE:9cdd	CODE:9cee	MOVX @DPTR,A	21	write	EXTMEM	1	EXTMEM:2013	0x2013	INT_OR(CALL(0xe0ffe690b8f893fe,0xb9),INDIRECT((register, 0x6, 1),0xd))
decompiler	CODE:9cdd	CODE:9cef	RET	55	write	EXTMEM	1	EXTMEM:2013	0x2013	mem[EXTMEM:2013]
decompiler	CODE:9cdd	CODE:9cef	RET	55	read	EXTMEM	1	EXTMEM:2013	0x2013	
decompiler	CODE:9cf0	CODE:9d01	MOVX @DPTR,A	21	write	EXTMEM	1	EXTMEM:2013	0x2013	INT_OR(CALL(0xe0ffe690b8f893fe,0xb3),INDIRECT((register, 0x6, 1),0xd))
decompiler	CODE:9cf0	CODE:9d02	RET	55	write	EXTMEM	1	EXTMEM:2013	0x2013	mem[EXTMEM:2013]
decompiler	CODE:9cf0	CODE:9d02	RET	55	read	EXTMEM	1	EXTMEM:2013	0x2013	
decompiler	CODE:9d03	CODE:9d03	PUSH 0x01	42	read	INTMEM	1	INTMEM:01	0x1	
decompiler	CODE:9d03	CODE:9d05	LCALL 0x34fc	43	read	INTMEM	1	INTMEM:01	0x1	
decompiler	CODE:9d03	CODE:9d13	LJMP 0xa90e	35	write	INTMEM	1	INTMEM:01	0x1	mem[INTMEM:01]
decompiler	CODE:9d03	CODE:9d13	LJMP 0xa90e	35	read	INTMEM	1	INTMEM:01	0x1	
decompiler	CODE:9d16	CODE:9d1e	MOVX A,@DPTR	12	read	EXTMEM	1	CAST(INT_ADD(PIECE(INDIRECT((register, 0x6, 1),0x7),INDIRECT((register, 0x7, 1),0x7)),0x1))		
decompiler	CODE:9d3c	CODE:9d46	CJNE A,#0x3,0x9d4c	19	read	INTMEM	1	INTMEM:cc	0xcc	
decompiler	CODE:9d3c	CODE:9d4b	RET	58	write	INTMEM	1	INTMEM:cc	0xcc	mem[INTMEM:cc]
decompiler	CODE:9d3c	CODE:9d4b	RET	58	read	INTMEM	1	INTMEM:cc	0xcc	
decompiler	CODE:9d3c	CODE:9d4e	RET	59	write	INTMEM	1	INTMEM:cc	0xcc	mem[INTMEM:cc]
decompiler	CODE:9d3c	CODE:9d4e	RET	59	read	INTMEM	1	INTMEM:cc	0xcc	
decompiler	CODE:9d4f	CODE:9d52	CJNE A,#0x1,0x9d5a	7	read	INTMEM	1	INTMEM:b9	0xb9	
decompiler	CODE:9d4f	CODE:9d5f	MOVX @DPTR,A	14	write	EXTMEM	1	MULTIEQUAL(0x5e6,0x5e2)		0x1
decompiler	CODE:9d4f	CODE:9d60	RET	27	write	INTMEM	1	INTMEM:b9	0xb9	mem[INTMEM:b9]
decompiler	CODE:9d4f	CODE:9d60	RET	27	read	INTMEM	1	INTMEM:b9	0xb9	
decompiler	CODE:9d61	CODE:9d66	CJNE A,#0x1,0x9d6e	8	read	INTMEM	1	INTMEM:b3	0xb3	
decompiler	CODE:9d61	CODE:9d6d	RET	34	write	INTMEM	1	INTMEM:b3	0xb3	mem[INTMEM:b3]
decompiler	CODE:9d61	CODE:9d6d	RET	34	read	INTMEM	1	INTMEM:b3	0xb3	
decompiler	CODE:9d61	CODE:9d72	RET	35	write	INTMEM	1	INTMEM:b3	0xb3	mem[INTMEM:b3]
decompiler	CODE:9d61	CODE:9d72	RET	35	read	INTMEM	1	INTMEM:b3	0xb3	
decompiler	CODE:9d73	CODE:9d84	RET	56	write	INTMEM	1	INTMEM:b3	0xb3	mem[INTMEM:b3]
decompiler	CODE:9d73	CODE:9d84	RET	56	read	INTMEM	1	INTMEM:b3	0xb3	
decompiler	CODE:9d85	CODE:9d96	RET	56	write	INTMEM	1	INTMEM:b3	0xb3	mem[INTMEM:b3]
decompiler	CODE:9d85	CODE:9d96	RET	56	read	INTMEM	1	INTMEM:b3	0xb3	
decompiler	CODE:9d97	CODE:9d99	MOV @R0,0x06	2	write	INTMEM	1	INTMEM:a7	0xa7	mem[INTMEM:06]
decompiler	CODE:9d97	CODE:9d99	MOV @R0,0x06	2	read	INTMEM	1	INTMEM:06	0x6	
decompiler	CODE:9d97	CODE:9d9c	MOV @R0,0x07	5	write	INTMEM	1	INTMEM:a8	0xa8	mem[INTMEM:07]
decompiler	CODE:9d97	CODE:9d9c	MOV @R0,0x07	5	read	INTMEM	1	INTMEM:07	0x7	
decompiler	CODE:9d97	CODE:9da3	MOV @R0,0x06	10	write	INTMEM	1	INTMEM:a9	0xa9	mem[INTMEM:06]
decompiler	CODE:9d97	CODE:9da3	MOV @R0,0x06	10	read	INTMEM	1	INTMEM:06	0x6	
decompiler	CODE:9d97	CODE:9da6	MOV @R0,0x07	13	write	INTMEM	1	INTMEM:aa	0xaa	mem[INTMEM:07]
decompiler	CODE:9d97	CODE:9da6	MOV @R0,0x07	13	read	INTMEM	1	INTMEM:07	0x7	
decompiler	CODE:9d97	CODE:9da8	RET	24	write	INTMEM	1	INTMEM:06	0x6	mem[INTMEM:06]
decompiler	CODE:9d97	CODE:9da8	RET	24	read	INTMEM	1	INTMEM:06	0x6	
decompiler	CODE:9d97	CODE:9da8	RET	25	write	INTMEM	1	INTMEM:07	0x7	mem[INTMEM:07]
decompiler	CODE:9d97	CODE:9da8	RET	25	read	INTMEM	1	INTMEM:07	0x7	
decompiler	CODE:9d97	CODE:9da8	RET	26	write	INTMEM	1	INTMEM:a7	0xa7	mem[INTMEM:a7]
decompiler	CODE:9d97	CODE:9da8	RET	26	read	INTMEM	1	INTMEM:a7	0xa7	
decompiler	CODE:9d97	CODE:9da8	RET	27	write	INTMEM	1	INTMEM:a8	0xa8	mem[INTMEM:a8]
decompiler	CODE:9d97	CODE:9da8	RET	27	read	INTMEM	1	INTMEM:a8	0xa8	
decompiler	CODE:9d97	CODE:9da8	RET	28	write	INTMEM	1	INTMEM:a9	0xa9	mem[INTMEM:a9]
decompiler	CODE:9d97	CODE:9da8	RET	28	read	INTMEM	1	INTMEM:a9	0xa9	
decompiler	CODE:9d97	CODE:9da8	RET	29	write	INTMEM	1	INTMEM:aa	0xaa	mem[INTMEM:aa]
decompiler	CODE:9d97	CODE:9da8	RET	29	read	INTMEM	1	INTMEM:aa	0xaa	
decompiler	CODE:9dbb	CODE:9dcc	RET	56	write	INTMEM	1	INTMEM:b3	0xb3	mem[INTMEM:b3]
decompiler	CODE:9dbb	CODE:9dcc	RET	56	read	INTMEM	1	INTMEM:b3	0xb3	
decompiler	CODE:9dcd	CODE:9ddd	MOVX @DPTR,A	43	write	EXTMEM	1	CAST(PIECE(INT_SUB(mem[EXTMEM:06ed],INT_SRIGHT(INT_LEFT(INT_LESS(0xf9,mem[EXTMEM:06ee]),0x7),0x7)),INT_ADD(mem[EXTMEM:06ee],0x6)))		(register, 0x7, 1)
decompiler	CODE:9dcd	CODE:9dde	RET	60	write	EXTMEM	1	EXTMEM:06ed	0x6ed	mem[EXTMEM:06ed]
decompiler	CODE:9dcd	CODE:9dde	RET	60	read	EXTMEM	1	EXTMEM:06ed	0x6ed	
decompiler	CODE:9dcd	CODE:9dde	RET	62	write	EXTMEM	1	EXTMEM:06ee	0x6ee	mem[EXTMEM:06ee]
decompiler	CODE:9dcd	CODE:9dde	RET	62	read	EXTMEM	1	EXTMEM:06ee	0x6ee	
decompiler	CODE:9ddf	CODE:9df0	RET	64	write	INTMEM	1	INTMEM:b3	0xb3	mem[INTMEM:b3]
decompiler	CODE:9ddf	CODE:9df0	RET	64	read	INTMEM	1	INTMEM:b3	0xb3	
decompiler	CODE:9df1	CODE:9e00	RET	65	write	INTMEM	1	INTMEM:b4	0xb4	mem[INTMEM:b4]
decompiler	CODE:9df1	CODE:9e00	RET	65	read	INTMEM	1	INTMEM:b4	0xb4	
decompiler	CODE:9df1	CODE:9e02	RET	66	write	INTMEM	1	INTMEM:b4	0xb4	mem[INTMEM:b4]
decompiler	CODE:9df1	CODE:9e02	RET	66	read	INTMEM	1	INTMEM:b4	0xb4	
decompiler	CODE:9e27	CODE:9e2b	JNZ 0x9e2f	4	read	INTMEM	1	INTMEM:b3	0xb3	
decompiler	CODE:9e27	CODE:9e36	MOVX @DPTR,A	32	write	EXTMEM	1	INDIRECT((register, 0x82, 2),0x1c)		INDIRECT(MULTIEQUAL((register, 0x7, 1),0x2),0x1c)
decompiler	CODE:9e27	CODE:9e37	RET	52	write	INTMEM	1	INTMEM:b3	0xb3	mem[INTMEM:b3]
decompiler	CODE:9e27	CODE:9e37	RET	52	read	INTMEM	1	INTMEM:b3	0xb3	
decompiler	CODE:9e49	CODE:9e55	MOVX A,@DPTR	35	read	EXTMEM	1	CAST(PIECE(INT_SUB(0x7,INT_SRIGHT(INT_LEFT(INT_LESS(0xb4,mem[INTMEM:b3]),0x7),0x7)),INT_ADD(mem[INTMEM:b3],0x4b)))		
decompiler	CODE:9e49	CODE:9e57	MOVX @DPTR,A	40	write	EXTMEM	1	CAST(PIECE(INT_SUB(0x7,INT_SRIGHT(INT_LEFT(INT_LESS(0xb4,mem[INTMEM:b3]),0x7),0x7)),INT_ADD(mem[INTMEM:b3],0x4b)))		INT_ADD(LOAD(0x311,CAST(PIECE(INT_SUB(0x7,(unique, 0x10000000, 1)),INT_ADD(mem[INTMEM:b3],0x4b)))),0x1)
decompiler	CODE:9e49	CODE:9e58	RET	57	write	INTMEM	1	INTMEM:b3	0xb3	mem[INTMEM:b3]
decompiler	CODE:9e49	CODE:9e58	RET	57	read	INTMEM	1	INTMEM:b3	0xb3	
decompiler	CODE:9e59	CODE:9e66	LJMP 0x7568	32	write	EXTMEM	1	EXTMEM:04aa	0x4aa	mem[EXTMEM:04aa]
decompiler	CODE:9e59	CODE:9e66	LJMP 0x7568	32	read	EXTMEM	1	EXTMEM:04aa	0x4aa	
decompiler	CODE:9e69	CODE:9e6c	CJNE A,#0x9,0x9e77	7	read	INTMEM	1	INTMEM:be	0xbe	
decompiler	CODE:9e69	CODE:9e72	CJNE A,0x07,0x9e77	16	read	INTMEM	1	INTMEM:c0	0xc0	
decompiler	CODE:9e69	CODE:9e72	CJNE A,0x07,0x9e77	16	read	INTMEM	1	INTMEM:07	0x7	
decompiler	CODE:9e69	CODE:9e76	RET	52	write	INTMEM	1	INTMEM:07	0x7	mem[INTMEM:07]
decompiler	CODE:9e69	CODE:9e76	RET	52	read	INTMEM	1	INTMEM:07	0x7	
decompiler	CODE:9e69	CODE:9e76	RET	54	write	INTMEM	1	INTMEM:be	0xbe	mem[INTMEM:be]
decompiler	CODE:9e69	CODE:9e76	RET	54	read	INTMEM	1	INTMEM:be	0xbe	
decompiler	CODE:9e69	CODE:9e76	RET	56	write	INTMEM	1	INTMEM:c0	0xc0	mem[INTMEM:c0]
decompiler	CODE:9e69	CODE:9e76	RET	56	read	INTMEM	1	INTMEM:c0	0xc0	
decompiler	CODE:9e69	CODE:9e78	RET	53	write	INTMEM	1	INTMEM:07	0x7	mem[INTMEM:07]
decompiler	CODE:9e69	CODE:9e78	RET	53	read	INTMEM	1	INTMEM:07	0x7	
decompiler	CODE:9e69	CODE:9e78	RET	55	write	INTMEM	1	INTMEM:be	0xbe	mem[INTMEM:be]
decompiler	CODE:9e69	CODE:9e78	RET	55	read	INTMEM	1	INTMEM:be	0xbe	
decompiler	CODE:9e69	CODE:9e78	RET	57	write	INTMEM	1	INTMEM:c0	0xc0	mem[INTMEM:c0]
decompiler	CODE:9e69	CODE:9e78	RET	57	read	INTMEM	1	INTMEM:c0	0xc0	
decompiler	CODE:9e79	CODE:9e7c	CJNE A,#0x14,0x9e87	7	read	INTMEM	1	INTMEM:be	0xbe	
decompiler	CODE:9e79	CODE:9e82	CJNE A,0x07,0x9e87	16	read	INTMEM	1	INTMEM:c0	0xc0	
decompiler	CODE:9e79	CODE:9e82	CJNE A,0x07,0x9e87	16	read	INTMEM	1	INTMEM:07	0x7	
decompiler	CODE:9e79	CODE:9e86	RET	52	write	INTMEM	1	INTMEM:07	0x7	mem[INTMEM:07]
decompiler	CODE:9e79	CODE:9e86	RET	52	read	INTMEM	1	INTMEM:07	0x7	
decompiler	CODE:9e79	CODE:9e86	RET	54	write	INTMEM	1	INTMEM:be	0xbe	mem[INTMEM:be]
decompiler	CODE:9e79	CODE:9e86	RET	54	read	INTMEM	1	INTMEM:be	0xbe	
decompiler	CODE:9e79	CODE:9e86	RET	56	write	INTMEM	1	INTMEM:c0	0xc0	mem[INTMEM:c0]
decompiler	CODE:9e79	CODE:9e86	RET	56	read	INTMEM	1	INTMEM:c0	0xc0	
decompiler	CODE:9e79	CODE:9e88	RET	53	write	INTMEM	1	INTMEM:07	0x7	mem[INTMEM:07]
decompiler	CODE:9e79	CODE:9e88	RET	53	read	INTMEM	1	INTMEM:07	0x7	
decompiler	CODE:9e79	CODE:9e88	RET	55	write	INTMEM	1	INTMEM:be	0xbe	mem[INTMEM:be]
decompiler	CODE:9e79	CODE:9e88	RET	55	read	INTMEM	1	INTMEM:be	0xbe	
decompiler	CODE:9e79	CODE:9e88	RET	57	write	INTMEM	1	INTMEM:c0	0xc0	mem[INTMEM:c0]
decompiler	CODE:9e79	CODE:9e88	RET	57	read	INTMEM	1	INTMEM:c0	0xc0	
decompiler	CODE:9e89	CODE:9e89	CLR 0x0d	0	write	BITS	1	BITS:0d	0xd	0x0
decompiler	CODE:9e89	CODE:9e92	MOV @R0,A	19	write	INTMEM	1	INDIRECT(INDIRECT((register, 0x0, 1),0x8),0x10)		0x0
decompiler	CODE:9e89	CODE:9e98	RET	54	write	BITS	1	BITS:0d	0xd	mem[BITS:0d]
decompiler	CODE:9e89	CODE:9e98	RET	54	read	BITS	1	BITS:0d	0xd	
decompiler	CODE:9ea9	CODE:9eac	CJNE A,0x07,0x9eb7	7	read	INTMEM	1	INTMEM:b2	0xb2	
decompiler	CODE:9ea9	CODE:9eac	CJNE A,0x07,0x9eb7	7	read	INTMEM	1	INTMEM:07	0x7	
decompiler	CODE:9ea9	CODE:9eb2	CJNE A,0x05,0x9eb7	16	read	INTMEM	1	INTMEM:b4	0xb4	
decompiler	CODE:9ea9	CODE:9eb2	CJNE A,0x05,0x9eb7	16	read	INTMEM	1	INTMEM:05	0x5	
decompiler	CODE:9ea9	CODE:9eb6	RET	52	write	INTMEM	1	INTMEM:05	0x5	mem[INTMEM:05]
decompiler	CODE:9ea9	CODE:9eb6	RET	52	read	INTMEM	1	INTMEM:05	0x5	
decompiler	CODE:9ea9	CODE:9eb6	RET	54	write	INTMEM	1	INTMEM:07	0x7	mem[INTMEM:07]
decompiler	CODE:9ea9	CODE:9eb6	RET	54	read	INTMEM	1	INTMEM:07	0x7	
decompiler	CODE:9ea9	CODE:9eb6	RET	56	write	INTMEM	1	INTMEM:b2	0xb2	mem[INTMEM:b2]
decompiler	CODE:9ea9	CODE:9eb6	RET	56	read	INTMEM	1	INTMEM:b2	0xb2	
decompiler	CODE:9ea9	CODE:9eb6	RET	58	write	INTMEM	1	INTMEM:b4	0xb4	mem[INTMEM:b4]
decompiler	CODE:9ea9	CODE:9eb6	RET	58	read	INTMEM	1	INTMEM:b4	0xb4	
decompiler	CODE:9ea9	CODE:9eb8	RET	53	write	INTMEM	1	INTMEM:05	0x5	mem[INTMEM:05]
decompiler	CODE:9ea9	CODE:9eb8	RET	53	read	INTMEM	1	INTMEM:05	0x5	
decompiler	CODE:9ea9	CODE:9eb8	RET	55	write	INTMEM	1	INTMEM:07	0x7	mem[INTMEM:07]
decompiler	CODE:9ea9	CODE:9eb8	RET	55	read	INTMEM	1	INTMEM:07	0x7	
decompiler	CODE:9ea9	CODE:9eb8	RET	57	write	INTMEM	1	INTMEM:b2	0xb2	mem[INTMEM:b2]
decompiler	CODE:9ea9	CODE:9eb8	RET	57	read	INTMEM	1	INTMEM:b2	0xb2	
decompiler	CODE:9ea9	CODE:9eb8	RET	59	write	INTMEM	1	INTMEM:b4	0xb4	mem[INTMEM:b4]
decompiler	CODE:9ea9	CODE:9eb8	RET	59	read	INTMEM	1	INTMEM:b4	0xb4	
decompiler	CODE:9eb9	CODE:9ebc	CJNE A,0x07,0x9ec7	7	read	INTMEM	1	INTMEM:ab	0xab	
decompiler	CODE:9eb9	CODE:9ebc	CJNE A,0x07,0x9ec7	7	read	INTMEM	1	INTMEM:07	0x7	
decompiler	CODE:9eb9	CODE:9ec2	CJNE A,0x05,0x9ec7	16	read	INTMEM	1	INTMEM:ad	0xad	
decompiler	CODE:9eb9	CODE:9ec2	CJNE A,0x05,0x9ec7	16	read	INTMEM	1	INTMEM:05	0x5	
decompiler	CODE:9eb9	CODE:9ec6	RET	52	write	INTMEM	1	INTMEM:05	0x5	mem[INTMEM:05]
decompiler	CODE:9eb9	CODE:9ec6	RET	52	read	INTMEM	1	INTMEM:05	0x5	
decompiler	CODE:9eb9	CODE:9ec6	RET	54	write	INTMEM	1	INTMEM:07	0x7	mem[INTMEM:07]
decompiler	CODE:9eb9	CODE:9ec6	RET	54	read	INTMEM	1	INTMEM:07	0x7	
decompiler	CODE:9eb9	CODE:9ec6	RET	56	write	INTMEM	1	INTMEM:ab	0xab	mem[INTMEM:ab]
decompiler	CODE:9eb9	CODE:9ec6	RET	56	read	INTMEM	1	INTMEM:ab	0xab	
decompiler	CODE:9eb9	CODE:9ec6	RET	58	write	INTMEM	1	INTMEM:ad	0xad	mem[INTMEM:ad]
decompiler	CODE:9eb9	CODE:9ec6	RET	58	read	INTMEM	1	INTMEM:ad	0xad	
decompiler	CODE:9eb9	CODE:9ec8	RET	53	write	INTMEM	1	INTMEM:05	0x5	mem[INTMEM:05]
decompiler	CODE:9eb9	CODE:9ec8	RET	53	read	INTMEM	1	INTMEM:05	0x5	
decompiler	CODE:9eb9	CODE:9ec8	RET	55	write	INTMEM	1	INTMEM:07	0x7	mem[INTMEM:07]
decompiler	CODE:9eb9	CODE:9ec8	RET	55	read	INTMEM	1	INTMEM:07	0x7	
decompiler	CODE:9eb9	CODE:9ec8	RET	57	write	INTMEM	1	INTMEM:ab	0xab	mem[INTMEM:ab]
decompiler	CODE:9eb9	CODE:9ec8	RET	57	read	INTMEM	1	INTMEM:ab	0xab	
decompiler	CODE:9eb9	CODE:9ec8	RET	59	write	INTMEM	1	INTMEM:ad	0xad	mem[INTMEM:ad]
decompiler	CODE:9eb9	CODE:9ec8	RET	59	read	INTMEM	1	INTMEM:ad	0xad	
decompiler	CODE:9ec9	CODE:9ecc	CJNE A,#0x1,0x9ed4	7	read	INTMEM	1	INTMEM:b3	0xb3	
decompiler	CODE:9ec9	CODE:9ed1	MOV 0x01,CY	12	write	BITS	1	BITS:01	0x1	mem[BITS:0d]
decompiler	CODE:9ec9	CODE:9ed1	MOV 0x01,CY	12	read	BITS	1	BITS:0d	0xd	
decompiler	CODE:9ec9	CODE:9ed3	RET	37	write	INTMEM	1	INTMEM:b3	0xb3	mem[INTMEM:b3]
decompiler	CODE:9ec9	CODE:9ed3	RET	37	read	INTMEM	1	INTMEM:b3	0xb3	
decompiler	CODE:9ec9	CODE:9ed3	RET	39	write	BITS	1	BITS:00	0x0	mem[BITS:00]
decompiler	CODE:9ec9	CODE:9ed3	RET	39	read	BITS	1	BITS:00	0x0	
decompiler	CODE:9ec9	CODE:9ed3	RET	41	write	BITS	1	BITS:01	0x1	mem[BITS:01]
decompiler	CODE:9ec9	CODE:9ed3	RET	41	read	BITS	1	BITS:01	0x1	
decompiler	CODE:9ec9	CODE:9ed3	RET	43	write	BITS	1	BITS:0d	0xd	mem[BITS:0d]
decompiler	CODE:9ec9	CODE:9ed3	RET	43	read	BITS	1	BITS:0d	0xd	
decompiler	CODE:9ec9	CODE:9ed6	MOV 0x00,CY	26	write	BITS	1	BITS:00	0x0	mem[BITS:0d]
decompiler	CODE:9ec9	CODE:9ed6	MOV 0x00,CY	26	read	BITS	1	BITS:0d	0xd	
decompiler	CODE:9ec9	CODE:9ed8	RET	38	write	INTMEM	1	INTMEM:b3	0xb3	mem[INTMEM:b3]
decompiler	CODE:9ec9	CODE:9ed8	RET	38	read	INTMEM	1	INTMEM:b3	0xb3	
decompiler	CODE:9ec9	CODE:9ed8	RET	40	write	BITS	1	BITS:00	0x0	mem[BITS:00]
decompiler	CODE:9ec9	CODE:9ed8	RET	40	read	BITS	1	BITS:00	0x0	
decompiler	CODE:9ec9	CODE:9ed8	RET	42	write	BITS	1	BITS:01	0x1	mem[BITS:01]
decompiler	CODE:9ec9	CODE:9ed8	RET	42	read	BITS	1	BITS:01	0x1	
decompiler	CODE:9ec9	CODE:9ed8	RET	44	write	BITS	1	BITS:0d	0xd	mem[BITS:0d]
decompiler	CODE:9ec9	CODE:9ed8	RET	44	read	BITS	1	BITS:0d	0xd	
decompiler	CODE:9ef9	CODE:9efc	CJNE A,#0x1,0x9f04	7	read	INTMEM	1	INTMEM:b3	0xb3	
decompiler	CODE:9ef9	CODE:9f03	RET	33	write	INTMEM	1	INTMEM:b3	0xb3	mem[INTMEM:b3]
decompiler	CODE:9ef9	CODE:9f03	RET	33	read	INTMEM	1	INTMEM:b3	0xb3	
decompiler	CODE:9ef9	CODE:9f08	RET	34	write	INTMEM	1	INTMEM:b3	0xb3	mem[INTMEM:b3]
decompiler	CODE:9ef9	CODE:9f08	RET	34	read	INTMEM	1	INTMEM:b3	0xb3	
decompiler	CODE:9f09	CODE:9f0e	MOV 0x0c,CY	9	write	BITS	1	BITS:0c	0xc	INDIRECT((register, 0x48, 1),0x8)
decompiler	CODE:9f09	CODE:9f14	MOV 0x0d,CY	14	write	BITS	1	BITS:0d	0xd	mem[BITS:0c]
decompiler	CODE:9f09	CODE:9f14	MOV 0x0d,CY	14	read	BITS	1	BITS:0c	0xc	
decompiler	CODE:9f09	CODE:9f16	LJMP 0xa5f9	27	write	INTMEM	1	INTMEM:06	0x6	mem[INTMEM:06]
decompiler	CODE:9f09	CODE:9f16	LJMP 0xa5f9	27	read	INTMEM	1	INTMEM:06	0x6	
decompiler	CODE:9f09	CODE:9f16	LJMP 0xa5f9	30	write	INTMEM	1	INTMEM:07	0x7	mem[INTMEM:07]
decompiler	CODE:9f09	CODE:9f16	LJMP 0xa5f9	30	read	INTMEM	1	INTMEM:07	0x7	
decompiler	CODE:9f09	CODE:9f16	LJMP 0xa5f9	33	write	BITS	1	BITS:0c	0xc	mem[BITS:0c]
decompiler	CODE:9f09	CODE:9f16	LJMP 0xa5f9	33	read	BITS	1	BITS:0c	0xc	
decompiler	CODE:9f09	CODE:9f16	LJMP 0xa5f9	36	write	BITS	1	BITS:0d	0xd	mem[BITS:0d]
decompiler	CODE:9f09	CODE:9f16	LJMP 0xa5f9	36	read	BITS	1	BITS:0d	0xd	
decompiler	CODE:9f19	CODE:9f25	MOVX A,@DPTR	35	read	EXTMEM	1	CAST(PIECE(INT_SUB(0x3,INT_SRIGHT(INT_LEFT(INT_LESS(0xbf,mem[INTMEM:b3]),0x7),0x7)),INT_ADD(mem[INTMEM:b3],0x40)))		
decompiler	CODE:9f19	CODE:9f27	MOVX @DPTR,A	40	write	EXTMEM	1	CAST(PIECE(INT_SUB(0x3,INT_SRIGHT(INT_LEFT(INT_LESS(0xbf,mem[INTMEM:b3]),0x7),0x7)),INT_ADD(mem[INTMEM:b3],0x40)))		INT_ADD(LOAD(0x311,CAST(PIECE(INT_SUB(0x3,(unique, 0x10000000, 1)),INT_ADD(mem[INTMEM:b3],0x40)))),0x1)
decompiler	CODE:9f19	CODE:9f28	RET	57	write	INTMEM	1	INTMEM:b3	0xb3	mem[INTMEM:b3]
decompiler	CODE:9f19	CODE:9f28	RET	57	read	INTMEM	1	INTMEM:b3	0xb3	
decompiler	CODE:9f29	CODE:9f2c	CJNE A,#0x1,0x9f34	7	read	INTMEM	1	INTMEM:b3	0xb3	
decompiler	CODE:9f29	CODE:9f33	RET	33	write	INTMEM	1	INTMEM:b3	0xb3	mem[INTMEM:b3]
decompiler	CODE:9f29	CODE:9f33	RET	33	read	INTMEM	1	INTMEM:b3	0xb3	
decompiler	CODE:9f29	CODE:9f38	RET	34	write	INTMEM	1	INTMEM:b3	0xb3	mem[INTMEM:b3]
decompiler	CODE:9f29	CODE:9f38	RET	34	read	INTMEM	1	INTMEM:b3	0xb3	
decompiler	CODE:9f39	CODE:9f3c	CJNE A,#0x1,0x9f44	7	read	INTMEM	1	INTMEM:b3	0xb3	
decompiler	CODE:9f39	CODE:9f43	RET	33	write	INTMEM	1	INTMEM:b3	0xb3	mem[INTMEM:b3]
decompiler	CODE:9f39	CODE:9f43	RET	33	read	INTMEM	1	INTMEM:b3	0xb3	
decompiler	CODE:9f39	CODE:9f48	RET	34	write	INTMEM	1	INTMEM:b3	0xb3	mem[INTMEM:b3]
decompiler	CODE:9f39	CODE:9f48	RET	34	read	INTMEM	1	INTMEM:b3	0xb3	
decompiler	CODE:9f49	CODE:9f55	MOVX A,@DPTR	35	read	EXTMEM	1	CAST(PIECE(INT_SUB(0x3,INT_SRIGHT(INT_LEFT(INT_LESS(0x5e,mem[INTMEM:b3]),0x7),0x7)),INT_ADD(mem[INTMEM:b3],0xa1)))		
decompiler	CODE:9f49	CODE:9f57	MOVX @DPTR,A	40	write	EXTMEM	1	CAST(PIECE(INT_SUB(0x3,INT_SRIGHT(INT_LEFT(INT_LESS(0x5e,mem[INTMEM:b3]),0x7),0x7)),INT_ADD(mem[INTMEM:b3],0xa1)))		INT_ADD(LOAD(0x311,CAST(PIECE(INT_SUB(0x3,(unique, 0x10000000, 1)),INT_ADD(mem[INTMEM:b3],0xa1)))),0x1)
decompiler	CODE:9f49	CODE:9f58	RET	57	write	INTMEM	1	INTMEM:b3	0xb3	mem[INTMEM:b3]
decompiler	CODE:9f49	CODE:9f58	RET	57	read	INTMEM	1	INTMEM:b3	0xb3	
decompiler	CODE:9f59	CODE:9f65	MOVX A,@DPTR	35	read	EXTMEM	1	CAST(PIECE(INT_SUB(0x3,INT_SRIGHT(INT_LEFT(INT_LESS(0xc9,mem[INTMEM:b3]),0x7),0x7)),INT_ADD(mem[INTMEM:b3],0x36)))		
decompiler	CODE:9f59	CODE:9f67	MOVX @DPTR,A	40	write	EXTMEM	1	CAST(PIECE(INT_SUB(0x3,INT_SRIGHT(INT_LEFT(INT_LESS(0xc9,mem[INTMEM:b3]),0x7),0x7)),INT_ADD(mem[INTMEM:b3],0x36)))		INT_ADD(LOAD(0x311,CAST(PIECE(INT_SUB(0x3,(unique, 0x10000000, 1)),INT_ADD(mem[INTMEM:b3],0x36)))),0x1)
decompiler	CODE:9f59	CODE:9f68	RET	57	write	INTMEM	1	INTMEM:b3	0xb3	mem[INTMEM:b3]
decompiler	CODE:9f59	CODE:9f68	RET	57	read	INTMEM	1	INTMEM:b3	0xb3	
decompiler	CODE:9f69	CODE:9f6d	MOVX @DPTR,A	4	write	EXTMEM	1	EXTMEM:10b8	0x10b8	0x0
decompiler	CODE:9f69	CODE:9f71	MOVX @DPTR,A	8	write	EXTMEM	1	EXTMEM:10ba	0x10ba	0x0
decompiler	CODE:9f69	CODE:9f75	MOVX @DPTR,A	12	write	EXTMEM	1	EXTMEM:10bd	0x10bd	0x0
decompiler	CODE:9f69	CODE:9f76	MOV 0xf4,A	24	read	SFR	1	SFR:f4	0xf4	
decompiler	CODE:9f69	CODE:9f78	RET	25	write	EXTMEM	1	EXTMEM:10b8	0x10b8	0x0
decompiler	CODE:9f69	CODE:9f78	RET	25	read	EXTMEM	1	EXTMEM:10b8	0x10b8	
decompiler	CODE:9f69	CODE:9f78	RET	26	write	EXTMEM	1	EXTMEM:10ba	0x10ba	0x0
decompiler	CODE:9f69	CODE:9f78	RET	26	read	EXTMEM	1	EXTMEM:10ba	0x10ba	
decompiler	CODE:9f69	CODE:9f78	RET	27	write	EXTMEM	1	EXTMEM:10bd	0x10bd	0x0
decompiler	CODE:9f69	CODE:9f78	RET	27	read	EXTMEM	1	EXTMEM:10bd	0x10bd	
decompiler	CODE:9fe9	CODE:9ff5	LJMP 0x666b	46	write	INTMEM	1	INTMEM:b3	0xb3	mem[INTMEM:b3]
decompiler	CODE:9fe9	CODE:9ff5	LJMP 0x666b	46	read	INTMEM	1	INTMEM:b3	0xb3	
decompiler	CODE:9ff8	CODE:9ffd	MOVX @DPTR,A	11	write	EXTMEM	1	INDIRECT((register, 0x82, 2),0x7)		0x1
decompiler	CODE:a00f	CODE:a01b	MOVX A,@DPTR	35	read	EXTMEM	1	CAST(PIECE(INT_SUB(0x3,INT_SRIGHT(INT_LEFT(INT_LESS(0x12,mem[INTMEM:b3]),0x7),0x7)),INT_SUB(mem[INTMEM:b3],0x13)))		
decompiler	CODE:a00f	CODE:a01d	RET	54	write	INTMEM	1	INTMEM:b3	0xb3	mem[INTMEM:b3]
decompiler	CODE:a00f	CODE:a01d	RET	54	read	INTMEM	1	INTMEM:b3	0xb3	
decompiler	CODE:a01e	CODE:a02a	LJMP 0x666b	46	write	INTMEM	1	INTMEM:b3	0xb3	mem[INTMEM:b3]
decompiler	CODE:a01e	CODE:a02a	LJMP 0x666b	46	read	INTMEM	1	INTMEM:b3	0xb3	
decompiler	CODE:a02d	CODE:a039	LJMP 0x666b	46	write	INTMEM	1	INTMEM:b3	0xb3	mem[INTMEM:b3]
decompiler	CODE:a02d	CODE:a039	LJMP 0x666b	46	read	INTMEM	1	INTMEM:b3	0xb3	
decompiler	CODE:a03c	CODE:a048	LJMP 0x666b	46	write	INTMEM	1	INTMEM:b3	0xb3	mem[INTMEM:b3]
decompiler	CODE:a03c	CODE:a048	LJMP 0x666b	46	read	INTMEM	1	INTMEM:b3	0xb3	
decompiler	CODE:a04b	CODE:a057	LJMP 0x666b	46	write	INTMEM	1	INTMEM:b3	0xb3	mem[INTMEM:b3]
decompiler	CODE:a04b	CODE:a057	LJMP 0x666b	46	read	INTMEM	1	INTMEM:b3	0xb3	
decompiler	CODE:a05a	CODE:a066	LJMP 0x666b	46	write	INTMEM	1	INTMEM:b3	0xb3	mem[INTMEM:b3]
decompiler	CODE:a05a	CODE:a066	LJMP 0x666b	46	read	INTMEM	1	INTMEM:b3	0xb3	
decompiler	CODE:a069	CODE:a06d	MOVC A,@A+DPTR	4	read	CODE	1	PTRADD(0xb9ad,INT_ZEXT((register, 0x7, 1)),0x1)		
decompiler	CODE:a0bd	CODE:a0c9	MOVX @DPTR,A	14	write	EXTMEM	1	CAST(PIECE(mem[EXTMEM:06ed],mem[EXTMEM:06ee]))		(register, 0x7, 1)
decompiler	CODE:a0bd	CODE:a0ca	RET	30	write	EXTMEM	1	EXTMEM:06ed	0x6ed	mem[EXTMEM:06ed]
decompiler	CODE:a0bd	CODE:a0ca	RET	30	read	EXTMEM	1	EXTMEM:06ed	0x6ed	
decompiler	CODE:a0bd	CODE:a0ca	RET	32	write	EXTMEM	1	EXTMEM:06ee	0x6ee	mem[EXTMEM:06ee]
decompiler	CODE:a0bd	CODE:a0ca	RET	32	read	EXTMEM	1	EXTMEM:06ee	0x6ee	
decompiler	CODE:a0d9	CODE:a0e4	LJMP 0xa99c	36	write	BITS	1	BITS:0a	0xa	mem[BITS:0a]
decompiler	CODE:a0d9	CODE:a0e4	LJMP 0xa99c	36	read	BITS	1	BITS:0a	0xa	
decompiler	CODE:a0f5	CODE:a0f7	MOV @R0,#0x4	2	write	INTMEM	1	INTMEM:ab	0xab	0x4
decompiler	CODE:a0f5	CODE:a0fb	MOV @R0,#0x1	5	write	INTMEM	1	INTMEM:ad	0xad	0x1
decompiler	CODE:a0f5	CODE:a100	LJMP 0xa77b	22	write	INTMEM	1	INTMEM:ab	0xab	mem[INTMEM:ab]
decompiler	CODE:a0f5	CODE:a100	LJMP 0xa77b	22	read	INTMEM	1	INTMEM:ab	0xab	
decompiler	CODE:a0f5	CODE:a100	LJMP 0xa77b	25	write	INTMEM	1	INTMEM:ad	0xad	mem[INTMEM:ad]
decompiler	CODE:a0f5	CODE:a100	LJMP 0xa77b	25	read	INTMEM	1	INTMEM:ad	0xad	
decompiler	CODE:a139	CODE:a145	RET	37	write	INTMEM	1	INTMEM:c9	0xc9	mem[INTMEM:c9]
decompiler	CODE:a139	CODE:a145	RET	37	read	INTMEM	1	INTMEM:c9	0xc9	
decompiler	CODE:a16d	CODE:a176	MOVX A,@DPTR	13	read	EXTMEM	1	CAST(INT_ADD(PIECE(INDIRECT((register, 0x6, 1),0x7),CALL(0x9006ede0fea3e022)),0x2))		
decompiler	CODE:a16d	CODE:a178	MOVX @DPTR,A	18	write	EXTMEM	1	CAST(INT_ADD(PIECE(INDIRECT((register, 0x6, 1),0x7),CALL(0x9006ede0fea3e022)),0x2))		INT_ADD(LOAD(0x311,CAST(INT_ADD(PIECE((register, 0x6, 1),(register, 0xb, 1)),0x2))),0x1)
decompiler	CODE:a17a	CODE:a17d	JB 0xe2,0xa183	3	read	INTMEM	1	INTMEM:b7	0xb7	
decompiler	CODE:a17a	CODE:a180	LJMP 0x7b82	35	write	INTMEM	1	INTMEM:b7	0xb7	mem[INTMEM:b7]
decompiler	CODE:a17a	CODE:a180	LJMP 0x7b82	35	read	INTMEM	1	INTMEM:b7	0xb7	
decompiler	CODE:a17a	CODE:a186	RET	36	write	INTMEM	1	INTMEM:b7	0xb7	mem[INTMEM:b7]
decompiler	CODE:a17a	CODE:a186	RET	36	read	INTMEM	1	INTMEM:b7	0xb7	
decompiler	CODE:a193	CODE:a195	MOV @R0,0x07	2	write	INTMEM	1	INTMEM:b3	0xb3	mem[INTMEM:07]
decompiler	CODE:a193	CODE:a195	MOV @R0,0x07	2	read	INTMEM	1	INTMEM:07	0x7	
decompiler	CODE:a193	CODE:a19a	CLR 0x0d	11	write	BITS	1	BITS:0d	0xd	0x0
decompiler	CODE:a193	CODE:a19c	LJMP 0x9cca	20	write	INTMEM	1	INTMEM:07	0x7	mem[INTMEM:07]
decompiler	CODE:a193	CODE:a19c	LJMP 0x9cca	20	read	INTMEM	1	INTMEM:07	0x7	
decompiler	CODE:a193	CODE:a19c	LJMP 0x9cca	23	write	INTMEM	1	INTMEM:b3	0xb3	mem[INTMEM:b3]
decompiler	CODE:a193	CODE:a19c	LJMP 0x9cca	23	read	INTMEM	1	INTMEM:b3	0xb3	
decompiler	CODE:a193	CODE:a19c	LJMP 0x9cca	26	write	BITS	1	BITS:0d	0xd	mem[BITS:0d]
decompiler	CODE:a193	CODE:a19c	LJMP 0x9cca	26	read	BITS	1	BITS:0d	0xd	
decompiler	CODE:a19f	CODE:a1a8	LJMP 0xa32a	25	write	INTMEM	1	INTMEM:b3	0xb3	mem[INTMEM:b3]
decompiler	CODE:a19f	CODE:a1a8	LJMP 0xa32a	25	read	INTMEM	1	INTMEM:b3	0xb3	
decompiler	CODE:a1ab	CODE:a1ae	CJNE A,#0x1,0xa1b4	7	read	INTMEM	1	INTMEM:b3	0xb3	
decompiler	CODE:a1ab	CODE:a1b3	RET	35	write	INTMEM	1	INTMEM:b3	0xb3	mem[INTMEM:b3]
decompiler	CODE:a1ab	CODE:a1b3	RET	35	read	INTMEM	1	INTMEM:b3	0xb3	
decompiler	CODE:a1ab	CODE:a1b6	RET	36	write	INTMEM	1	INTMEM:b3	0xb3	mem[INTMEM:b3]
decompiler	CODE:a1ab	CODE:a1b6	RET	36	read	INTMEM	1	INTMEM:b3	0xb3	
decompiler	CODE:a1b7	CODE:a1ba	CJNE A,#0x1,0xa1c0	7	read	INTMEM	1	INTMEM:b3	0xb3	
decompiler	CODE:a1b7	CODE:a1bf	RET	35	write	INTMEM	1	INTMEM:b3	0xb3	mem[INTMEM:b3]
decompiler	CODE:a1b7	CODE:a1bf	RET	35	read	INTMEM	1	INTMEM:b3	0xb3	
decompiler	CODE:a1b7	CODE:a1c2	RET	36	write	INTMEM	1	INTMEM:b3	0xb3	mem[INTMEM:b3]
decompiler	CODE:a1b7	CODE:a1c2	RET	36	read	INTMEM	1	INTMEM:b3	0xb3	
decompiler	CODE:a1c3	CODE:a1cc	MOV @R0,0x07	25	write	INTMEM	1	CAST(INT_ADD(INDIRECT((register, 0x6, 1),0x7),0x89))		mem[INTMEM:07]
decompiler	CODE:a1c3	CODE:a1cc	MOV @R0,0x07	25	read	INTMEM	1	INTMEM:07	0x7	
decompiler	CODE:a1c3	CODE:a1ce	RET	43	write	INTMEM	1	INTMEM:07	0x7	mem[INTMEM:07]
decompiler	CODE:a1c3	CODE:a1ce	RET	43	read	INTMEM	1	INTMEM:07	0x7	
decompiler	CODE:a1cf	CODE:a1cf	CLR 0x0d	0	write	BITS	1	BITS:0d	0xd	0x0
decompiler	CODE:a1cf	CODE:a1d8	LJMP 0x7af2	21	write	BITS	1	BITS:0d	0xd	mem[BITS:0d]
decompiler	CODE:a1cf	CODE:a1d8	LJMP 0x7af2	21	read	BITS	1	BITS:0d	0xd	
decompiler	CODE:a1db	CODE:a1dc	MOV 0xa8,A	15	read	SFR	1	SFR:a8	0xa8	
decompiler	CODE:a1db	CODE:a1de	MOV 0xaa,#0x3e	17	read	SFR	1	SFR:aa	0xaa	
decompiler	CODE:a1db	CODE:a1e1	MOV 0xa9,#0x80	16	read	SFR	1	SFR:a9	0xa9	
decompiler	CODE:a1db	CODE:a1e4	SETB 0xa8	18	read	BITS	1	BITS:a8	0xa8	
decompiler	CODE:a1e7	CODE:a1f1	MOVX @DPTR,A	27	write	EXTMEM	1	INDIRECT(INDIRECT(INDIRECT((register, 0x82, 2),0x7),0xf),0x17)		0x0
decompiler	CODE:a1f3	CODE:a1fe	RET	41	write	INTMEM	1	INTMEM:b3	0xb3	mem[INTMEM:b3]
decompiler	CODE:a1f3	CODE:a1fe	RET	41	read	INTMEM	1	INTMEM:b3	0xb3	
decompiler	CODE:a20b	CODE:a211	MOVC A,@A+DPTR	12	read	CODE	1	CAST(INT_ADD(INDIRECT((register, 0x82, 2),0x7),0x1))		
decompiler	CODE:a20b	CODE:a212	MOV 0xdf,R6	27	read	SFR	1	SFR:df	0xdf	
decompiler	CODE:a20b	CODE:a214	MOV 0xde,A	26	read	SFR	1	SFR:de	0xde	
decompiler	CODE:a217	CODE:a220	LJMP 0x666b	37	write	EXTMEM	1	EXTMEM:06ee	0x6ee	mem[EXTMEM:06ee]
decompiler	CODE:a217	CODE:a220	LJMP 0x666b	37	read	EXTMEM	1	EXTMEM:06ee	0x6ee	
decompiler	CODE:a223	CODE:a22c	LJMP 0x666b	37	write	EXTMEM	1	EXTMEM:06ee	0x6ee	mem[EXTMEM:06ee]
decompiler	CODE:a223	CODE:a22c	LJMP 0x666b	37	read	EXTMEM	1	EXTMEM:06ee	0x6ee	
decompiler	CODE:a22f	CODE:a237	MOVX A,@DPTR	12	read	EXTMEM	1	CAST(INT_ADD(PIECE(INDIRECT((register, 0x6, 1),0x7),CALL(0x9006ede0fea3e022)),0x1))		
decompiler	CODE:a22f	CODE:a239	MOVX @DPTR,A	17	write	EXTMEM	1	CAST(INT_ADD(PIECE(INDIRECT((register, 0x6, 1),0x7),CALL(0x9006ede0fea3e022)),0x1))		INT_ADD(LOAD(0x311,CAST(INT_ADD(PIECE((register, 0x6, 1),(register, 0xb, 1)),0x1))),0x1)
decompiler	CODE:a23b	CODE:a244	LJMP 0x666b	37	write	EXTMEM	1	EXTMEM:06ee	0x6ee	mem[EXTMEM:06ee]
decompiler	CODE:a23b	CODE:a244	LJMP 0x666b	37	read	EXTMEM	1	EXTMEM:06ee	0x6ee	
decompiler	CODE:a247	CODE:a250	LJMP 0x666b	37	write	EXTMEM	1	EXTMEM:06ee	0x6ee	mem[EXTMEM:06ee]
decompiler	CODE:a247	CODE:a250	LJMP 0x666b	37	read	EXTMEM	1	EXTMEM:06ee	0x6ee	
decompiler	CODE:a253	CODE:a25a	MOVX @DPTR,A	12	write	EXTMEM	1	EXTMEM:0735	0x735	INDIRECT((register, 0x6, 1),0x7)
decompiler	CODE:a253	CODE:a25d	MOVX @DPTR,A	17	write	EXTMEM	1	EXTMEM:0736	0x736	INDIRECT((register, 0x7, 1),0x7)
decompiler	CODE:a253	CODE:a25e	RET	34	write	EXTMEM	1	EXTMEM:0735	0x735	mem[EXTMEM:0735]
decompiler	CODE:a253	CODE:a25e	RET	34	read	EXTMEM	1	EXTMEM:0735	0x735	
decompiler	CODE:a253	CODE:a25e	RET	36	write	EXTMEM	1	EXTMEM:0736	0x736	mem[EXTMEM:0736]
decompiler	CODE:a253	CODE:a25e	RET	36	read	EXTMEM	1	EXTMEM:0736	0x736	
decompiler	CODE:a26b	CODE:a272	MOVX @DPTR,A	12	write	EXTMEM	1	EXTMEM:0750	0x750	INDIRECT((register, 0x6, 1),0x7)
decompiler	CODE:a26b	CODE:a275	MOVX @DPTR,A	17	write	EXTMEM	1	EXTMEM:0751	0x751	INDIRECT((register, 0x7, 1),0x7)
decompiler	CODE:a26b	CODE:a276	RET	34	write	EXTMEM	1	EXTMEM:0750	0x750	mem[EXTMEM:0750]
decompiler	CODE:a26b	CODE:a276	RET	34	read	EXTMEM	1	EXTMEM:0750	0x750	
decompiler	CODE:a26b	CODE:a276	RET	36	write	EXTMEM	1	EXTMEM:0751	0x751	mem[EXTMEM:0751]
decompiler	CODE:a26b	CODE:a276	RET	36	read	EXTMEM	1	EXTMEM:0751	0x751	
decompiler	CODE:a29b	CODE:a2a4	LJMP 0x8ecd	40	write	INTMEM	1	INTMEM:b6	0xb6	mem[INTMEM:b6]
decompiler	CODE:a29b	CODE:a2a4	LJMP 0x8ecd	40	read	INTMEM	1	INTMEM:b6	0xb6	
decompiler	CODE:a32a	CODE:a32c	MOV @R0,#0x9	2	write	INTMEM	1	INTMEM:be	0xbe	0x9
decompiler	CODE:a32a	CODE:a330	MOV @R0,0x07	5	write	INTMEM	1	INTMEM:c0	0xc0	mem[INTMEM:07]
decompiler	CODE:a32a	CODE:a330	MOV @R0,0x07	5	read	INTMEM	1	INTMEM:07	0x7	
decompiler	CODE:a32a	CODE:a332	LJMP 0x6361	11	write	INTMEM	1	INTMEM:07	0x7	mem[INTMEM:07]
decompiler	CODE:a32a	CODE:a332	LJMP 0x6361	11	read	INTMEM	1	INTMEM:07	0x7	
decompiler	CODE:a32a	CODE:a332	LJMP 0x6361	13	write	INTMEM	1	INTMEM:be	0xbe	mem[INTMEM:be]
decompiler	CODE:a32a	CODE:a332	LJMP 0x6361	13	read	INTMEM	1	INTMEM:be	0xbe	
decompiler	CODE:a32a	CODE:a332	LJMP 0x6361	15	write	INTMEM	1	INTMEM:c0	0xc0	mem[INTMEM:c0]
decompiler	CODE:a32a	CODE:a332	LJMP 0x6361	15	read	INTMEM	1	INTMEM:c0	0xc0	
decompiler	CODE:a335	CODE:a338	MOVX A,@DPTR	9	read	EXTMEM	1	INDIRECT((register, 0x82, 2),0x7)		
decompiler	CODE:a340	CODE:a343	MOVX A,@DPTR	9	read	EXTMEM	1	INDIRECT((register, 0x82, 2),0x7)		
decompiler	CODE:a340	CODE:a344	CJNE A,0x07,0xa349	15	read	INTMEM	1	INTMEM:07	0x7	
decompiler	CODE:a340	CODE:a348	RET	48	write	INTMEM	1	INTMEM:07	0x7	mem[INTMEM:07]
decompiler	CODE:a340	CODE:a348	RET	48	read	INTMEM	1	INTMEM:07	0x7	
decompiler	CODE:a340	CODE:a34a	RET	49	write	INTMEM	1	INTMEM:07	0x7	mem[INTMEM:07]
decompiler	CODE:a340	CODE:a34a	RET	49	read	INTMEM	1	INTMEM:07	0x7	
decompiler	CODE:a34b	CODE:a354	MOVX @DPTR,A	15	write	EXTMEM	1	INDIRECT((register, 0x82, 2),0xb)		INDIRECT((register, 0x7, 1),0xb)
decompiler	CODE:a356	CODE:a35e	MOVX A,@DPTR	25	read	EXTMEM	1	INDIRECT((register, 0x82, 2),0x17)		
decompiler	CODE:a356	CODE:a360	RET	45	write	INTMEM	1	INTMEM:b3	0xb3	mem[INTMEM:b3]
decompiler	CODE:a356	CODE:a360	RET	45	read	INTMEM	1	INTMEM:b3	0xb3	
decompiler	CODE:a361	CODE:a367	MOV 0x0d,CY	7	write	BITS	1	BITS:0d	0xd	mem[BITS:0c]
decompiler	CODE:a361	CODE:a367	MOV 0x0d,CY	7	read	BITS	1	BITS:0c	0xc	
decompiler	CODE:a361	CODE:a369	LJMP 0x987c	16	write	INTMEM	1	INTMEM:b3	0xb3	mem[INTMEM:b3]
decompiler	CODE:a361	CODE:a369	LJMP 0x987c	16	read	INTMEM	1	INTMEM:b3	0xb3	
decompiler	CODE:a361	CODE:a369	LJMP 0x987c	18	write	BITS	1	BITS:0c	0xc	mem[BITS:0c]
decompiler	CODE:a361	CODE:a369	LJMP 0x987c	18	read	BITS	1	BITS:0c	0xc	
decompiler	CODE:a361	CODE:a369	LJMP 0x987c	20	write	BITS	1	BITS:0d	0xd	mem[BITS:0d]
decompiler	CODE:a361	CODE:a369	LJMP 0x987c	20	read	BITS	1	BITS:0d	0xd	
decompiler	CODE:a36c	CODE:a375	MOVX @DPTR,A	24	write	EXTMEM	1	INDIRECT((register, 0x82, 2),0x7)		INT_AND(CALL(0x78b3e624a8f582e4),INT_NEGATE(INDIRECT((register, 0x7, 1),0x7)))
decompiler	CODE:a377	CODE:a37d	MOVC A,@A+DPTR	4	read	INTMEM	1	INTMEM:b3	0xb3	
decompiler	CODE:a377	CODE:a37d	MOVC A,@A+DPTR	6	read	CODE	1	PTRADD(0xb8f0,INT_ZEXT(mem[INTMEM:b3]),0x1)		
decompiler	CODE:a377	CODE:a37f	ANL 0xc1,A	28	read	SFR	1	SFR:c1	0xc1	
decompiler	CODE:a377	CODE:a37f	ANL 0xc1,A	29	read	SFR	1	SFR:c1	0xc1	
decompiler	CODE:a377	CODE:a381	RET	30	write	INTMEM	1	INTMEM:b3	0xb3	mem[INTMEM:b3]
decompiler	CODE:a377	CODE:a381	RET	30	read	INTMEM	1	INTMEM:b3	0xb3	
decompiler	CODE:a38d	CODE:a395	MOVX A,@DPTR	25	read	EXTMEM	1	INDIRECT((register, 0x82, 2),0x17)		
decompiler	CODE:a38d	CODE:a397	RET	45	write	INTMEM	1	INTMEM:b3	0xb3	mem[INTMEM:b3]
decompiler	CODE:a38d	CODE:a397	RET	45	read	INTMEM	1	INTMEM:b3	0xb3	
decompiler	CODE:a398	CODE:a3a1	MOVX @DPTR,A	24	write	EXTMEM	1	INDIRECT((register, 0x82, 2),0x14)		INDIRECT(INT_AND(mem[BITS:0c],0x1),0x14)
decompiler	CODE:a398	CODE:a3a2	RET	41	write	BITS	1	BITS:0c	0xc	mem[BITS:0c]
decompiler	CODE:a398	CODE:a3a2	RET	41	read	BITS	1	BITS:0c	0xc	
decompiler	CODE:a3c4	CODE:a3cd	MOVX @DPTR,A	32	write	EXTMEM	1	INDIRECT(INDIRECT((register, 0x82, 2),0x7),0x1c)		INT_ADD(CALL(0xf582e43ef583e022,INT_ADD(CALL(0x9006ede0fea3e022),0x7)),0x1)
decompiler	CODE:a3cf	CODE:a3d8	MOVX @DPTR,A	32	write	EXTMEM	1	INDIRECT(INDIRECT((register, 0x82, 2),0x7),0x1c)		INT_ADD(CALL(0xf582e43ef583e022,INT_ADD(CALL(0x9006ede0fea3e022),0x4)),0x1)
decompiler	CODE:a3da	CODE:a3e4	RET	20	write	EXTMEM	1	EXTMEM:04a8	0x4a8	mem[EXTMEM:04a8]
decompiler	CODE:a3da	CODE:a3e4	RET	20	read	EXTMEM	1	EXTMEM:04a8	0x4a8	
decompiler	CODE:a3da	CODE:a3e4	RET	21	write	EXTMEM	1	EXTMEM:04a9	0x4a9	mem[EXTMEM:04a9]
decompiler	CODE:a3da	CODE:a3e4	RET	21	read	EXTMEM	1	EXTMEM:04a9	0x4a9	
decompiler	CODE:a3f9	CODE:a401	MOVX @DPTR,A	14	write	EXTMEM	1	INDIRECT((register, 0x82, 2),0xa)		0xa
decompiler	CODE:a3f9	CODE:a402	RET	30	write	INTMEM	1	INTMEM:b3	0xb3	mem[INTMEM:b3]
decompiler	CODE:a3f9	CODE:a402	RET	30	read	INTMEM	1	INTMEM:b3	0xb3	
decompiler	CODE:a40d	CODE:a412	MOVX @DPTR,A	11	write	EXTMEM	1	INDIRECT((register, 0x82, 2),0x7)		0x1
decompiler	CODE:a40d	CODE:a415	MOV @R0,A	14	write	INTMEM	1	INTMEM:ca	0xca	0x1
decompiler	CODE:a40d	CODE:a416	RET	30	write	INTMEM	1	INTMEM:ca	0xca	0x1
decompiler	CODE:a40d	CODE:a416	RET	30	read	INTMEM	1	INTMEM:ca	0xca	
decompiler	CODE:a417	CODE:a417	JNB 0x0c,0xa41d	0	read	BITS	1	BITS:0c	0xc	
decompiler	CODE:a417	CODE:a41a	LJMP 0x8a95	26	write	BITS	1	BITS:0c	0xc	mem[BITS:0c]
decompiler	CODE:a417	CODE:a41a	LJMP 0x8a95	26	read	BITS	1	BITS:0c	0xc	
decompiler	CODE:a417	CODE:a420	RET	27	write	BITS	1	BITS:0c	0xc	mem[BITS:0c]
decompiler	CODE:a417	CODE:a420	RET	27	read	BITS	1	BITS:0c	0xc	
decompiler	CODE:a42b	CODE:a434	RET	33	write	INTMEM	1	INTMEM:cb	0xcb	mem[INTMEM:cb]
decompiler	CODE:a42b	CODE:a434	RET	33	read	INTMEM	1	INTMEM:cb	0xcb	
decompiler	CODE:a435	CODE:a43e	RET	33	write	INTMEM	1	INTMEM:cb	0xcb	mem[INTMEM:cb]
decompiler	CODE:a435	CODE:a43e	RET	33	read	INTMEM	1	INTMEM:cb	0xcb	
decompiler	CODE:a449	CODE:a449	MOV 0xce,#0xee	17	read	SFR	1	SFR:ce	0xce	
decompiler	CODE:a449	CODE:a44c	ORL 0xc2,#0x4	15	read	SFR	1	SFR:c2	0xc2	
decompiler	CODE:a449	CODE:a44c	ORL 0xc2,#0x4	16	read	SFR	1	SFR:c2	0xc2	
decompiler	CODE:a449	CODE:a44f	ORL 0xc1,#0x4	13	read	SFR	1	SFR:c1	0xc1	
decompiler	CODE:a449	CODE:a44f	ORL 0xc1,#0x4	14	read	SFR	1	SFR:c1	0xc1	
decompiler	CODE:a471	CODE:a478	MOVX A,@DPTR	11	read	EXTMEM	1	CAST(PIECE(INDIRECT((register, 0x6, 1),0x7),CALL(0x9006ede0fea3e022)))		
decompiler	CODE:a47b	CODE:a47b	MOVX A,@DPTR	1	read	EXTMEM	1	(register, 0x82, 2)		
decompiler	CODE:a47b	CODE:a47e	MOVX @DPTR,A	14	write	EXTMEM	1	(register, 0x82, 2)		INT_AND(LOAD(0x311,(register, 0x82, 2)),0xfc)
decompiler	CODE:a47b	CODE:a480	MOVX A,@DPTR	17	read	EXTMEM	1	PTRADD((register, 0x82, 2),0x1,0x1)		
decompiler	CODE:a47b	CODE:a483	MOVX @DPTR,A	30	write	EXTMEM	1	PTRADD((register, 0x82, 2),0x1,0x1)		INT_AND(LOAD(0x311,PTRADD((register, 0x82, 2),0x1,0x1)),0xfc)
decompiler	CODE:a506	CODE:a50b	MOVX @DPTR,A	11	write	EXTMEM	1	INDIRECT((register, 0x82, 2),0x7)		0x1
decompiler	CODE:a521	CODE:a527	MOV A,@R0	17	read	INTMEM	1	CAST(INT_ADD(mem[INTMEM:b3],0xc7))		
decompiler	CODE:a521	CODE:a529	RET	30	write	INTMEM	1	INTMEM:b3	0xb3	mem[INTMEM:b3]
decompiler	CODE:a521	CODE:a529	RET	30	read	INTMEM	1	INTMEM:b3	0xb3	
decompiler	CODE:a52a	CODE:a530	MOV @R0,0x07	18	write	INTMEM	1	CAST(INT_ADD(mem[INTMEM:b3],0xc7))		mem[INTMEM:07]
decompiler	CODE:a52a	CODE:a530	MOV @R0,0x07	18	read	INTMEM	1	INTMEM:07	0x7	
decompiler	CODE:a52a	CODE:a532	RET	29	write	INTMEM	1	INTMEM:07	0x7	mem[INTMEM:07]
decompiler	CODE:a52a	CODE:a532	RET	29	read	INTMEM	1	INTMEM:07	0x7	
decompiler	CODE:a52a	CODE:a532	RET	31	write	INTMEM	1	INTMEM:b3	0xb3	mem[INTMEM:b3]
decompiler	CODE:a52a	CODE:a532	RET	31	read	INTMEM	1	INTMEM:b3	0xb3	
decompiler	CODE:a533	CODE:a53a	MOVX @DPTR,A	19	write	EXTMEM	1	INDIRECT(INDIRECT((register, 0x82, 2),0x7),0xf)		INDIRECT(INDIRECT((register, 0x7, 1),0x7),0xf)
decompiler	CODE:a545	CODE:a549	MOVX @DPTR,A	11	write	EXTMEM	1	INDIRECT((register, 0x82, 2),0x7)		0x0
decompiler	CODE:a545	CODE:a54c	MOV @R0,A	14	write	INTMEM	1	INTMEM:ca	0xca	0x0
decompiler	CODE:a545	CODE:a54d	RET	30	write	INTMEM	1	INTMEM:ca	0xca	0x0
decompiler	CODE:a545	CODE:a54d	RET	30	read	INTMEM	1	INTMEM:ca	0xca	
decompiler	CODE:a557	CODE:a55d	MOV A,@R0	17	read	INTMEM	1	CAST(INT_ADD(mem[INTMEM:b3],0x8d))		
decompiler	CODE:a557	CODE:a55f	RET	30	write	INTMEM	1	INTMEM:b3	0xb3	mem[INTMEM:b3]
decompiler	CODE:a557	CODE:a55f	RET	30	read	INTMEM	1	INTMEM:b3	0xb3	
decompiler	CODE:a560	CODE:a566	MOV A,@R0	17	read	INTMEM	1	CAST(INT_ADD(mem[INTMEM:b3],0x89))		
decompiler	CODE:a560	CODE:a568	RET	30	write	INTMEM	1	INTMEM:b3	0xb3	mem[INTMEM:b3]
decompiler	CODE:a560	CODE:a568	RET	30	read	INTMEM	1	INTMEM:b3	0xb3	
decompiler	CODE:a569	CODE:a56a	MOV 0xa8,A	14	read	SFR	1	SFR:a8	0xa8	
decompiler	CODE:a569	CODE:a56c	SETB 0xa8	17	read	BITS	1	BITS:a8	0xa8	
decompiler	CODE:a569	CODE:a56e	ORL 0xc9,#0x4	15	read	SFR	1	SFR:c9	0xc9	
decompiler	CODE:a569	CODE:a56e	ORL 0xc9,#0x4	16	read	SFR	1	SFR:c9	0xc9	
decompiler	CODE:a57b	CODE:a583	RET	28	write	EXTMEM	1	EXTMEM:072a	0x72a	mem[EXTMEM:072a]
decompiler	CODE:a57b	CODE:a583	RET	28	read	EXTMEM	1	EXTMEM:072a	0x72a	
decompiler	CODE:a584	CODE:a589	MOVX A,@DPTR	10	read	EXTMEM	1	INDIRECT((register, 0x82, 2),0x8)		
decompiler	CODE:a59d	CODE:a5a2	MOVX A,@DPTR	10	read	EXTMEM	1	INDIRECT((register, 0x82, 2),0x8)		
decompiler	CODE:a5a5	CODE:a5aa	MOVX A,@DPTR	10	read	EXTMEM	1	INDIRECT((register, 0x82, 2),0x8)		
decompiler	CODE:a5b5	CODE:a5bb	MOVX @DPTR,A	7	write	EXTMEM	1	EXTMEM:2013	0x2013	INT_OR(mem[EXTMEM:2013],0x76)
decompiler	CODE:a5b5	CODE:a5bc	RET	18	write	EXTMEM	1	EXTMEM:2013	0x2013	mem[EXTMEM:2013]
decompiler	CODE:a5b5	CODE:a5bc	RET	18	read	EXTMEM	1	EXTMEM:2013	0x2013	
decompiler	CODE:a5bd	CODE:a5c2	MOVX A,@DPTR	10	read	EXTMEM	1	INDIRECT((register, 0x82, 2),0x8)		
decompiler	CODE:a5c5	CODE:a5cb	MOVX @DPTR,A	12	write	EXTMEM	1	INDIRECT((register, 0x82, 2),0x8)		INDIRECT((register, 0x7, 1),0x8)
decompiler	CODE:a5cd	CODE:a5d0	SETB 0x0a	8	write	BITS	1	BITS:0a	0xa	0x1
decompiler	CODE:a5cd	CODE:a5d2	LJMP 0xa0d9	15	write	BITS	1	BITS:0a	0xa	mem[BITS:0a]
decompiler	CODE:a5cd	CODE:a5d2	LJMP 0xa0d9	15	read	BITS	1	BITS:0a	0xa	
decompiler	CODE:a5dd	CODE:a5e1	LJMP 0x9ea9	8	write	INTMEM	1	INTMEM:07	0x7	mem[INTMEM:07]
decompiler	CODE:a5dd	CODE:a5e1	LJMP 0x9ea9	8	read	INTMEM	1	INTMEM:07	0x7	
decompiler	CODE:a5e4	CODE:a5e6	MOV @R0,0x07	2	write	INTMEM	1	INTMEM:b3	0xb3	mem[INTMEM:07]
decompiler	CODE:a5e4	CODE:a5e6	MOV @R0,0x07	2	read	INTMEM	1	INTMEM:07	0x7	
decompiler	CODE:a5e4	CODE:a5e8	LJMP 0x9046	8	write	INTMEM	1	INTMEM:07	0x7	mem[INTMEM:07]
decompiler	CODE:a5e4	CODE:a5e8	LJMP 0x9046	8	read	INTMEM	1	INTMEM:07	0x7	
decompiler	CODE:a5e4	CODE:a5e8	LJMP 0x9046	10	write	INTMEM	1	INTMEM:b3	0xb3	mem[INTMEM:b3]
decompiler	CODE:a5e4	CODE:a5e8	LJMP 0x9046	10	read	INTMEM	1	INTMEM:b3	0xb3	
decompiler	CODE:a5eb	CODE:a5ee	MOV @R0,A	3	write	INTMEM	1	INTMEM:c7	0xc7	0x0
decompiler	CODE:a5eb	CODE:a5f0	MOV @R0,A	6	write	INTMEM	1	INTMEM:c8	0xc8	0x0
decompiler	CODE:a5eb	CODE:a5f1	RET	17	write	INTMEM	1	INTMEM:c7	0xc7	0x0
decompiler	CODE:a5eb	CODE:a5f1	RET	17	read	INTMEM	1	INTMEM:c7	0xc7	
decompiler	CODE:a5eb	CODE:a5f1	RET	18	write	INTMEM	1	INTMEM:c8	0xc8	0x0
decompiler	CODE:a5eb	CODE:a5f1	RET	18	read	INTMEM	1	INTMEM:c8	0xc8	
decompiler	CODE:a5f2	CODE:a5f6	LJMP 0x109e	11	write	INTMEM	1	INTMEM:b3	0xb3	mem[INTMEM:b3]
decompiler	CODE:a5f2	CODE:a5f6	LJMP 0x109e	11	read	INTMEM	1	INTMEM:b3	0xb3	
decompiler	CODE:a5f9	CODE:a5fb	MOV 0x0e,CY	3	write	BITS	1	BITS:0e	0xe	mem[BITS:0d]
decompiler	CODE:a5f9	CODE:a5fb	MOV 0x0e,CY	3	read	BITS	1	BITS:0d	0xd	
decompiler	CODE:a5f9	CODE:a5fd	LJMP 0x9bb7	9	write	BITS	1	BITS:0d	0xd	mem[BITS:0d]
decompiler	CODE:a5f9	CODE:a5fd	LJMP 0x9bb7	9	read	BITS	1	BITS:0d	0xd	
decompiler	CODE:a5f9	CODE:a5fd	LJMP 0x9bb7	11	write	BITS	1	BITS:0e	0xe	mem[BITS:0e]
decompiler	CODE:a5f9	CODE:a5fd	LJMP 0x9bb7	11	read	BITS	1	BITS:0e	0xe	
decompiler	CODE:a600	CODE:a602	MOV @R0,0x07	2	write	INTMEM	1	INTMEM:b3	0xb3	mem[INTMEM:07]
decompiler	CODE:a600	CODE:a602	MOV @R0,0x07	2	read	INTMEM	1	INTMEM:07	0x7	
decompiler	CODE:a600	CODE:a604	LJMP 0x9046	8	write	INTMEM	1	INTMEM:07	0x7	mem[INTMEM:07]
decompiler	CODE:a600	CODE:a604	LJMP 0x9046	8	read	INTMEM	1	INTMEM:07	0x7	
decompiler	CODE:a600	CODE:a604	LJMP 0x9046	10	write	INTMEM	1	INTMEM:b3	0xb3	mem[INTMEM:b3]
decompiler	CODE:a600	CODE:a604	LJMP 0x9046	10	read	INTMEM	1	INTMEM:b3	0xb3	
decompiler	CODE:a607	CODE:a60b	LJMP 0x9ea9	8	write	INTMEM	1	INTMEM:07	0x7	mem[INTMEM:07]
decompiler	CODE:a607	CODE:a60b	LJMP 0x9ea9	8	read	INTMEM	1	INTMEM:07	0x7	
decompiler	CODE:a60e	CODE:a612	LJMP 0x9ea9	8	write	INTMEM	1	INTMEM:07	0x7	mem[INTMEM:07]
decompiler	CODE:a60e	CODE:a612	LJMP 0x9ea9	8	read	INTMEM	1	INTMEM:07	0x7	
decompiler	CODE:a615	CODE:a61a	MOVX @DPTR,A	11	write	EXTMEM	1	INDIRECT((register, 0x82, 2),0x7)		0x1
decompiler	CODE:a638	CODE:a63c	LJMP 0x8800	11	write	INTMEM	1	INTMEM:b3	0xb3	mem[INTMEM:b3]
decompiler	CODE:a638	CODE:a63c	LJMP 0x8800	11	read	INTMEM	1	INTMEM:b3	0xb3	
decompiler	CODE:a63f	CODE:a643	LJMP 0xa638	8	write	INTMEM	1	INTMEM:07	0x7	mem[INTMEM:07]
decompiler	CODE:a63f	CODE:a643	LJMP 0xa638	8	read	INTMEM	1	INTMEM:07	0x7	
decompiler	CODE:a646	CODE:a64a	LJMP 0xa638	8	write	INTMEM	1	INTMEM:07	0x7	mem[INTMEM:07]
decompiler	CODE:a646	CODE:a64a	LJMP 0xa638	8	read	INTMEM	1	INTMEM:07	0x7	
decompiler	CODE:a64d	CODE:a651	LJMP 0xa638	8	write	INTMEM	1	INTMEM:07	0x7	mem[INTMEM:07]
decompiler	CODE:a64d	CODE:a651	LJMP 0xa638	8	read	INTMEM	1	INTMEM:07	0x7	
decompiler	CODE:a654	CODE:a659	MOVX @DPTR,A	4	write	EXTMEM	1	EXTMEM:2011	0x2011	0x12
decompiler	CODE:a654	CODE:a65a	RET	15	write	EXTMEM	1	EXTMEM:2011	0x2011	0x12
decompiler	CODE:a654	CODE:a65a	RET	15	read	EXTMEM	1	EXTMEM:2011	0x2011	
decompiler	CODE:a65b	CODE:a65e	MOVX A,@DPTR	9	read	EXTMEM	1	INDIRECT((register, 0x82, 2),0x7)		
decompiler	CODE:a662	CODE:a665	MOVX A,@DPTR	9	read	EXTMEM	1	INDIRECT((register, 0x82, 2),0x7)		
decompiler	CODE:a670	CODE:a673	MOVX A,@DPTR	9	read	EXTMEM	1	INDIRECT((register, 0x82, 2),0x7)		
decompiler	CODE:a670	CODE:a675	MOVX @DPTR,A	14	write	EXTMEM	1	INDIRECT((register, 0x82, 2),0x7)		INT_ADD(LOAD(0x311,INDIRECT((register, 0x82, 2),0x7)),0x1)
decompiler	CODE:a677	CODE:a67a	MOVX A,@DPTR	9	read	EXTMEM	1	INDIRECT((register, 0x82, 2),0x7)		
decompiler	CODE:a677	CODE:a67c	MOVX @DPTR,A	14	write	EXTMEM	1	INDIRECT((register, 0x82, 2),0x7)		INT_ADD(LOAD(0x311,INDIRECT((register, 0x82, 2),0x7)),0x1)
decompiler	CODE:a67e	CODE:a67e	CLR 0xb7	15	read	BITS	1	BITS:b7	0xb7	
decompiler	CODE:a67e	CODE:a680	SETB 0xb2	13	read	BITS	1	BITS:b2	0xb2	
decompiler	CODE:a67e	CODE:a682	CLR 0xb5	14	read	BITS	1	BITS:b5	0xb5	
decompiler	CODE:a685	CODE:a685	MOV 0xa1,#0xff	13	read	SFR	1	SFR:a1	0xa1	
decompiler	CODE:a685	CODE:a688	MOV 0xa0,#0xf2	12	read	SFR	1	SFR:a0	0xa0	
decompiler	CODE:a68c	CODE:a690	LJMP 0x9ea9	8	write	INTMEM	1	INTMEM:07	0x7	mem[INTMEM:07]
decompiler	CODE:a68c	CODE:a690	LJMP 0x9ea9	8	read	INTMEM	1	INTMEM:07	0x7	
decompiler	CODE:a69a	CODE:a69e	LJMP 0x9eb9	8	write	INTMEM	1	INTMEM:07	0x7	mem[INTMEM:07]
decompiler	CODE:a69a	CODE:a69e	LJMP 0x9eb9	8	read	INTMEM	1	INTMEM:07	0x7	
decompiler	CODE:a6a1	CODE:a6a5	LJMP 0x9ea9	8	write	INTMEM	1	INTMEM:07	0x7	mem[INTMEM:07]
decompiler	CODE:a6a1	CODE:a6a5	LJMP 0x9ea9	8	read	INTMEM	1	INTMEM:07	0x7	
decompiler	CODE:a6a8	CODE:a6ac	LJMP 0x9ea9	8	write	INTMEM	1	INTMEM:07	0x7	mem[INTMEM:07]
decompiler	CODE:a6a8	CODE:a6ac	LJMP 0x9ea9	8	read	INTMEM	1	INTMEM:07	0x7	
decompiler	CODE:a6b5	CODE:a6b9	MOVX @DPTR,A	11	write	EXTMEM	1	INDIRECT((register, 0x82, 2),0x7)		0x0
decompiler	CODE:a6c1	CODE:a6c5	MOVX @DPTR,A	11	write	EXTMEM	1	INDIRECT((register, 0x82, 2),0x7)		INDIRECT((register, 0x7, 1),0x7)
decompiler	CODE:a6c7	CODE:a6ca	MOVX A,@DPTR	9	read	EXTMEM	1	INDIRECT((register, 0x82, 2),0x7)		
decompiler	CODE:a6cd	CODE:a6d0	MOVX A,@DPTR	9	read	EXTMEM	1	INDIRECT((register, 0x82, 2),0x7)		
decompiler	CODE:a6d3	CODE:a6d7	MOVX @DPTR,A	11	write	EXTMEM	1	INDIRECT((register, 0x82, 2),0x7)		INDIRECT((register, 0x7, 1),0x7)
decompiler	CODE:a6d9	CODE:a6dc	MOVX A,@DPTR	9	read	EXTMEM	1	INDIRECT((register, 0x82, 2),0x7)		
decompiler	CODE:a6df	CODE:a6e3	MOVX @DPTR,A	11	write	EXTMEM	1	INDIRECT((register, 0x82, 2),0x7)		INDIRECT((register, 0x7, 1),0x7)
decompiler	CODE:a6e5	CODE:a6e9	MOVX @DPTR,A	11	write	EXTMEM	1	INDIRECT((register, 0x82, 2),0x7)		INDIRECT((register, 0x7, 1),0x7)
decompiler	CODE:a6eb	CODE:a6ee	MOVX A,@DPTR	9	read	EXTMEM	1	INDIRECT((register, 0x82, 2),0x7)		
decompiler	CODE:a6f1	CODE:a6f5	MOVX @DPTR,A	11	write	EXTMEM	1	INDIRECT((register, 0x82, 2),0x7)		INDIRECT((register, 0x7, 1),0x7)
decompiler	CODE:a6f7	CODE:a6fa	MOVX A,@DPTR	9	read	EXTMEM	1	INDIRECT((register, 0x82, 2),0x7)		
decompiler	CODE:a6fd	CODE:a700	MOVX A,@DPTR	9	read	EXTMEM	1	INDIRECT((register, 0x82, 2),0x7)		
decompiler	CODE:a703	CODE:a706	MOVX A,@DPTR	9	read	EXTMEM	1	INDIRECT((register, 0x82, 2),0x7)		
decompiler	CODE:a709	CODE:a70d	MOVX @DPTR,A	11	write	EXTMEM	1	INDIRECT((register, 0x82, 2),0x7)		0x0
decompiler	CODE:a70f	CODE:a713	MOVX @DPTR,A	11	write	EXTMEM	1	INDIRECT((register, 0x82, 2),0x7)		INDIRECT((register, 0x7, 1),0x7)
decompiler	CODE:a715	CODE:a718	MOVX A,@DPTR	9	read	EXTMEM	1	INDIRECT((register, 0x82, 2),0x7)		
decompiler	CODE:a71b	CODE:a71f	MOVX @DPTR,A	11	write	EXTMEM	1	INDIRECT((register, 0x82, 2),0x7)		INT_OR(CALL(0x78b3e624a8f582e4),INDIRECT((register, 0x7, 1),0x7))
decompiler	CODE:a721	CODE:a725	MOVX @DPTR,A	11	write	EXTMEM	1	INDIRECT((register, 0x82, 2),0x7)		0x0
decompiler	CODE:a727	CODE:a72a	MOVX A,@DPTR	9	read	EXTMEM	1	INDIRECT((register, 0x82, 2),0x7)		
decompiler	CODE:a72d	CODE:a731	MOVX @DPTR,A	11	write	EXTMEM	1	INDIRECT((register, 0x82, 2),0x7)		INDIRECT((register, 0x7, 1),0x7)
decompiler	CODE:a739	CODE:a73c	MOVX A,@DPTR	9	read	EXTMEM	1	INDIRECT((register, 0x82, 2),0x7)		
decompiler	CODE:a73f	CODE:a743	MOVX @DPTR,A	11	write	EXTMEM	1	INDIRECT((register, 0x82, 2),0x7)		INDIRECT((register, 0x7, 1),0x7)
decompiler	CODE:a745	CODE:a749	MOVX @DPTR,A	11	write	EXTMEM	1	INDIRECT((register, 0x82, 2),0x7)		INDIRECT((register, 0x7, 1),0x7)
decompiler	CODE:a74b	CODE:a74e	MOVX A,@DPTR	9	read	EXTMEM	1	INDIRECT((register, 0x82, 2),0x7)		
decompiler	CODE:a751	CODE:a754	MOVX A,@DPTR	9	read	EXTMEM	1	INDIRECT((register, 0x82, 2),0x7)		
decompiler	CODE:a757	CODE:a75b	MOVX @DPTR,A	11	write	EXTMEM	1	INDIRECT((register, 0x82, 2),0x7)		0x0
decompiler	CODE:a75d	CODE:a760	MOVX A,@DPTR	9	read	EXTMEM	1	INDIRECT((register, 0x82, 2),0x7)		
decompiler	CODE:a763	CODE:a767	MOVX @DPTR,A	11	write	EXTMEM	1	INDIRECT((register, 0x82, 2),0x7)		0x0
decompiler	CODE:a769	CODE:a76d	MOVX @DPTR,A	4	write	EXTMEM	1	EXTMEM:0723	0x723	(register, 0x7, 1)
decompiler	CODE:a769	CODE:a76e	RET	15	write	EXTMEM	1	EXTMEM:0723	0x723	mem[EXTMEM:0723]
decompiler	CODE:a769	CODE:a76e	RET	15	read	EXTMEM	1	EXTMEM:0723	0x723	
decompiler	CODE:a7a4	CODE:a7a6	MOV A,@R0	2	read	INTMEM	1	INTMEM:d1	0xd1	
decompiler	CODE:a7a4	CODE:a7a8	RET	14	write	INTMEM	1	INTMEM:d1	0xd1	mem[INTMEM:d1]
decompiler	CODE:a7a4	CODE:a7a8	RET	14	read	INTMEM	1	INTMEM:d1	0xd1	
decompiler	CODE:a7b8	CODE:a7b8	ORL 0xa0,#0x4	11	read	SFR	1	SFR:a0	0xa0	
decompiler	CODE:a7b8	CODE:a7b8	ORL 0xa0,#0x4	12	read	SFR	1	SFR:a0	0xa0	
decompiler	CODE:a7bc	CODE:a7bc	ORL 0xa0,#0x1	11	read	SFR	1	SFR:a0	0xa0	
decompiler	CODE:a7bc	CODE:a7bc	ORL 0xa0,#0x1	12	read	SFR	1	SFR:a0	0xa0	
decompiler	CODE:a7c0	CODE:793a	CLR 0x10	1	write	BITS	1	BITS:10	0x10	0x0
decompiler	CODE:a7c0	CODE:793c	MOV 0xa3,#0x5a	116	read	SFR	1	SFR:a3	0xa3	
decompiler	CODE:a7c0	CODE:793f	MOV 0x85,#0x10	115	read	SFR	1	SFR:85	0x85	
decompiler	CODE:a7c0	CODE:7943	MOV 0xa3,A	117	read	SFR	1	SFR:a3	0xa3	
decompiler	CODE:a7c0	CODE:794c	MOVX @DPTR,A	13	write	EXTMEM	1	EXTMEM:04a1	0x4a1	mem[EXTMEM:0760]
decompiler	CODE:a7c0	CODE:794c	MOVX @DPTR,A	13	read	EXTMEM	1	EXTMEM:0760	0x760	
decompiler	CODE:a7c0	CODE:794e	JZ 0x795f	15	read	EXTMEM	1	EXTMEM:0760	0x760	
decompiler	CODE:a7c0	CODE:7951	JZ 0x7967	18	read	EXTMEM	1	EXTMEM:0760	0x760	
decompiler	CODE:a7c0	CODE:795c	MOVX @DPTR,A	39	write	EXTMEM	1	EXTMEM:04a2	0x4a2	0x1
decompiler	CODE:a7c0	CODE:7964	MOVX @DPTR,A	107	write	EXTMEM	1	EXTMEM:04a2	0x4a2	0x2
decompiler	CODE:a7c3	CODE:96dd	MOVX @DPTR,A	34	write	EXTMEM	1	EXTMEM:0559	0x559	0x5
decompiler	CODE:a7c3	CODE:96e1	MOVX @DPTR,A	39	write	EXTMEM	1	EXTMEM:055a	0x55a	0x9c
decompiler	CODE:a7c3	CODE:96e2	LJMP 0x7207	52	write	EXTMEM	1	EXTMEM:0559	0x559	mem[EXTMEM:0559]
decompiler	CODE:a7c3	CODE:96e2	LJMP 0x7207	52	read	EXTMEM	1	EXTMEM:0559	0x559	
decompiler	CODE:a7c3	CODE:96e2	LJMP 0x7207	55	write	EXTMEM	1	EXTMEM:055a	0x55a	mem[EXTMEM:055a]
decompiler	CODE:a7c3	CODE:96e2	LJMP 0x7207	55	read	EXTMEM	1	EXTMEM:055a	0x55a	
decompiler	CODE:a7c3	CODE:96e2	LJMP 0x7207	58	write	EXTMEM	1	EXTMEM:059e	0x59e	mem[EXTMEM:059e]
decompiler	CODE:a7c3	CODE:96e2	LJMP 0x7207	58	read	EXTMEM	1	EXTMEM:059e	0x59e	
decompiler	CODE:a7c3	CODE:96e2	LJMP 0x7207	61	write	EXTMEM	1	EXTMEM:05df	0x5df	mem[EXTMEM:05df]
decompiler	CODE:a7c3	CODE:96e2	LJMP 0x7207	61	read	EXTMEM	1	EXTMEM:05df	0x5df	
decompiler	CODE:a7c6	CODE:8863	RET	151	write	INTMEM	1	INTMEM:04	0x4	mem[INTMEM:04]
decompiler	CODE:a7c6	CODE:8863	RET	151	read	INTMEM	1	INTMEM:04	0x4	
decompiler	CODE:a7c6	CODE:8863	RET	158	write	INTMEM	1	INTMEM:05	0x5	mem[INTMEM:05]
decompiler	CODE:a7c6	CODE:8863	RET	158	read	INTMEM	1	INTMEM:05	0x5	
decompiler	CODE:a7c6	CODE:8863	RET	165	write	INTMEM	1	INTMEM:06	0x6	mem[INTMEM:06]
decompiler	CODE:a7c6	CODE:8863	RET	165	read	INTMEM	1	INTMEM:06	0x6	
decompiler	CODE:a7c6	CODE:8863	RET	172	write	INTMEM	1	INTMEM:07	0x7	mem[INTMEM:07]
decompiler	CODE:a7c6	CODE:8863	RET	172	read	INTMEM	1	INTMEM:07	0x7	
decompiler	CODE:a7c6	CODE:8863	RET	179	write	EXTMEM	1	EXTMEM:04b0	0x4b0	mem[EXTMEM:04b0]
decompiler	CODE:a7c6	CODE:8863	RET	179	read	EXTMEM	1	EXTMEM:04b0	0x4b0	
decompiler	CODE:a7c6	CODE:8863	RET	186	write	EXTMEM	1	EXTMEM:04b1	0x4b1	mem[EXTMEM:04b1]
decompiler	CODE:a7c6	CODE:8863	RET	186	read	EXTMEM	1	EXTMEM:04b1	0x4b1	
decompiler	CODE:a7c9	CODE:9bd5	MOVX A,@DPTR	22	read	EXTMEM	1	INDIRECT(INDIRECT((register, 0x82, 2),0x9),0x14)		
decompiler	CODE:a7d5	CODE:8115	LCALL 0x1f43	88	write	INTMEM	1	INTMEM:b3	0xb3	mem[INTMEM:b3]
decompiler	CODE:a7d5	CODE:8115	LCALL 0x1f43	88	read	INTMEM	1	INTMEM:b3	0xb3	
decompiler	CODE:a7d8	CODE:a01b	MOVX A,@DPTR	36	read	EXTMEM	1	CAST(PIECE(INT_SUB(0x3,INT_SRIGHT(INT_LEFT(INT_LESS(0x12,mem[INTMEM:b3]),0x7),0x7)),INT_SUB(mem[INTMEM:b3],0x13)))		
decompiler	CODE:a7d8	CODE:a01d	RET	55	write	INTMEM	1	INTMEM:b3	0xb3	mem[INTMEM:b3]
decompiler	CODE:a7d8	CODE:a01d	RET	55	read	INTMEM	1	INTMEM:b3	0xb3	
decompiler	CODE:a7db	CODE:1715	MOVX @DPTR,A	10	write	EXTMEM	1	EXTMEM:04aa	0x4aa	0x0
decompiler	CODE:a7db	CODE:1728	LCALL 0xad49	74	write	EXTMEM	1	EXTMEM:04a9	0x4a9	mem[EXTMEM:04a9]
decompiler	CODE:a7db	CODE:1728	LCALL 0xad49	74	read	EXTMEM	1	EXTMEM:04a9	0x4a9	
decompiler	CODE:a7db	CODE:1728	LCALL 0xad49	78	write	EXTMEM	1	EXTMEM:04aa	0x4aa	mem[EXTMEM:04aa]
decompiler	CODE:a7db	CODE:1728	LCALL 0xad49	78	read	EXTMEM	1	EXTMEM:04aa	0x4aa	
decompiler	CODE:a7de	CODE:7bf0	LCALL 0xa139	262	read	INTMEM	1	INTMEM:b3	0xb3	
decompiler	CODE:a7de	CODE:7c10	RET	223	write	INTMEM	1	INTMEM:b3	0xb3	mem[INTMEM:b3]
decompiler	CODE:a7de	CODE:7c10	RET	223	read	INTMEM	1	INTMEM:b3	0xb3	
decompiler	CODE:a7de	CODE:7c10	RET	232	write	EXTMEM	1	EXTMEM:04ae	0x4ae	mem[EXTMEM:04ae]
decompiler	CODE:a7de	CODE:7c10	RET	232	read	EXTMEM	1	EXTMEM:04ae	0x4ae	
decompiler	CODE:a7de	CODE:7c10	RET	241	write	BITS	1	BITS:0d	0xd	mem[BITS:0d]
decompiler	CODE:a7de	CODE:7c10	RET	241	read	BITS	1	BITS:0d	0xd	
decompiler	CODE:a7e1	CODE:90f7	MOVX @DPTR,A	5	write	EXTMEM	1	EXTMEM:04c8	0x4c8	(register, 0x7, 1)
decompiler	CODE:a7e1	CODE:9114	RET	107	write	INTMEM	1	INTMEM:b3	0xb3	mem[INTMEM:b3]
decompiler	CODE:a7e1	CODE:9114	RET	107	read	INTMEM	1	INTMEM:b3	0xb3	
decompiler	CODE:a7e1	CODE:9114	RET	108	write	EXTMEM	1	EXTMEM:04c8	0x4c8	mem[EXTMEM:04c8]
decompiler	CODE:a7e1	CODE:9114	RET	108	read	EXTMEM	1	EXTMEM:04c8	0x4c8	
decompiler	CODE:a7e4	CODE:a55d	MOV A,@R0	18	read	INTMEM	1	CAST(INT_ADD(mem[INTMEM:b3],0x8d))		
decompiler	CODE:a7e4	CODE:a55f	RET	31	write	INTMEM	1	INTMEM:b3	0xb3	mem[INTMEM:b3]
decompiler	CODE:a7e4	CODE:a55f	RET	31	read	INTMEM	1	INTMEM:b3	0xb3	
decompiler	CODE:a7e7	CODE:a566	MOV A,@R0	18	read	INTMEM	1	CAST(INT_ADD(mem[INTMEM:b3],0x89))		
decompiler	CODE:a7e7	CODE:a568	RET	31	write	INTMEM	1	INTMEM:b3	0xb3	mem[INTMEM:b3]
decompiler	CODE:a7e7	CODE:a568	RET	31	read	INTMEM	1	INTMEM:b3	0xb3	
decompiler	CODE:a800	CODE:a1a8	LJMP 0xa32a	26	write	INTMEM	1	INTMEM:b3	0xb3	mem[INTMEM:b3]
decompiler	CODE:a800	CODE:a1a8	LJMP 0xa32a	26	read	INTMEM	1	INTMEM:b3	0xb3	
decompiler	CODE:a80c	CODE:7bf0	LCALL 0xa139	263	read	INTMEM	1	INTMEM:b3	0xb3	
decompiler	CODE:a80c	CODE:7c10	RET	224	write	INTMEM	1	INTMEM:b3	0xb3	mem[INTMEM:b3]
decompiler	CODE:a80c	CODE:7c10	RET	224	read	INTMEM	1	INTMEM:b3	0xb3	
decompiler	CODE:a80c	CODE:7c10	RET	233	write	EXTMEM	1	EXTMEM:04ae	0x4ae	mem[EXTMEM:04ae]
decompiler	CODE:a80c	CODE:7c10	RET	233	read	EXTMEM	1	EXTMEM:04ae	0x4ae	
decompiler	CODE:a80c	CODE:7c10	RET	242	write	BITS	1	BITS:0d	0xd	mem[BITS:0d]
decompiler	CODE:a80c	CODE:7c10	RET	242	read	BITS	1	BITS:0d	0xd	
decompiler	CODE:a812	CODE:a6c5	MOVX @DPTR,A	12	write	EXTMEM	1	INDIRECT((register, 0x82, 2),0x8)		INDIRECT((register, 0x7, 1),0x8)
decompiler	CODE:a815	CODE:90f7	MOVX @DPTR,A	6	write	EXTMEM	1	EXTMEM:04c8	0x4c8	(register, 0x7, 1)
decompiler	CODE:a815	CODE:9114	RET	108	write	INTMEM	1	INTMEM:b3	0xb3	mem[INTMEM:b3]
decompiler	CODE:a815	CODE:9114	RET	108	read	INTMEM	1	INTMEM:b3	0xb3	
decompiler	CODE:a815	CODE:9114	RET	109	write	EXTMEM	1	EXTMEM:04c8	0x4c8	mem[EXTMEM:04c8]
decompiler	CODE:a815	CODE:9114	RET	109	read	EXTMEM	1	EXTMEM:04c8	0x4c8	
decompiler	CODE:a827	CODE:8115	LCALL 0x1f43	89	write	INTMEM	1	INTMEM:b3	0xb3	mem[INTMEM:b3]
decompiler	CODE:a827	CODE:8115	LCALL 0x1f43	89	read	INTMEM	1	INTMEM:b3	0xb3	
decompiler	CODE:a82a	CODE:9bd5	MOVX A,@DPTR	23	read	EXTMEM	1	INDIRECT(INDIRECT((register, 0x82, 2),0xa),0x15)		
decompiler	CODE:a82d	CODE:a01b	MOVX A,@DPTR	37	read	EXTMEM	1	CAST(PIECE(INT_SUB(0x3,INT_SRIGHT(INT_LEFT(INT_LESS(0x12,mem[INTMEM:b3]),0x7),0x7)),INT_SUB(mem[INTMEM:b3],0x13)))		
decompiler	CODE:a82d	CODE:a01d	RET	56	write	INTMEM	1	INTMEM:b3	0xb3	mem[INTMEM:b3]
decompiler	CODE:a82d	CODE:a01d	RET	56	read	INTMEM	1	INTMEM:b3	0xb3	
decompiler	CODE:a830	CODE:1715	MOVX @DPTR,A	11	write	EXTMEM	1	EXTMEM:04aa	0x4aa	0x0
decompiler	CODE:a830	CODE:1728	LCALL 0xad49	75	write	EXTMEM	1	EXTMEM:04a9	0x4a9	mem[EXTMEM:04a9]
decompiler	CODE:a830	CODE:1728	LCALL 0xad49	75	read	EXTMEM	1	EXTMEM:04a9	0x4a9	
decompiler	CODE:a830	CODE:1728	LCALL 0xad49	79	write	EXTMEM	1	EXTMEM:04aa	0x4aa	mem[EXTMEM:04aa]
decompiler	CODE:a830	CODE:1728	LCALL 0xad49	79	read	EXTMEM	1	EXTMEM:04aa	0x4aa	
decompiler	CODE:a833	CODE:9285	JZ 0x9293	5	read	INTMEM	1	INTMEM:b9	0xb9	
decompiler	CODE:a833	CODE:9288	JNZ 0x92a0	8	read	INTMEM	1	INTMEM:b9	0xb9	
decompiler	CODE:a833	CODE:92a0	RET	87	write	INTMEM	1	INTMEM:b9	0xb9	mem[INTMEM:b9]
decompiler	CODE:a833	CODE:92a0	RET	87	read	INTMEM	1	INTMEM:b9	0xb9	
decompiler	CODE:a833	CODE:92a0	RET	89	write	INTMEM	1	INTMEM:b9	0xb9	mem[INTMEM:b9]
decompiler	CODE:a833	CODE:92a0	RET	89	read	INTMEM	1	INTMEM:b9	0xb9	
decompiler	CODE:a833	CODE:92a0	RET	101	write	INTMEM	1	INTMEM:b9	0xb9	mem[INTMEM:b9]
decompiler	CODE:a833	CODE:92a0	RET	101	read	INTMEM	1	INTMEM:b9	0xb9	
decompiler	CODE:a839	CODE:a0f7	MOV @R0,#0x4	3	write	INTMEM	1	INTMEM:ab	0xab	0x4
decompiler	CODE:a839	CODE:a0fb	MOV @R0,#0x1	6	write	INTMEM	1	INTMEM:ad	0xad	0x1
decompiler	CODE:a839	CODE:a100	LJMP 0xa77b	23	write	INTMEM	1	INTMEM:ab	0xab	mem[INTMEM:ab]
decompiler	CODE:a839	CODE:a100	LJMP 0xa77b	23	read	INTMEM	1	INTMEM:ab	0xab	
decompiler	CODE:a839	CODE:a100	LJMP 0xa77b	26	write	INTMEM	1	INTMEM:ad	0xad	mem[INTMEM:ad]
decompiler	CODE:a839	CODE:a100	LJMP 0xa77b	26	read	INTMEM	1	INTMEM:ad	0xad	
decompiler	CODE:a83e	CODE:a83e	MOV A,@R1	0	read	INTMEM	1	MULTIEQUAL(PTRADD(MULTIEQUAL(PTRADD(MULTIEQUAL(PTRADD(MULTIEQUAL((register, 0x1, 1),(register, 0x1, 1)),0x1,0x1),(register, 0x1, 1)),0x1,0x1),(register, 0x1, 1)),0x1,0x1),(register, 0x1, 1))		
decompiler	CODE:a83e	CODE:a840	MOV @R0,A	4	write	INTMEM	1	MULTIEQUAL(PTRADD(MULTIEQUAL(PTRADD(MULTIEQUAL(PTRADD(MULTIEQUAL((register, 0x0, 1),(register, 0x0, 1)),0x1,0x1),(register, 0x0, 1)),0x1,0x1),(register, 0x0, 1)),0x1,0x1),(register, 0x0, 1))		LOAD(0x281,MULTIEQUAL(PTRADD(MULTIEQUAL(PTRADD((register, 0x1, 1),0x1,0x1),(register, 0x1, 1)),0x1,0x1),(register, 0x1, 1)))
decompiler	CODE:a846	CODE:a846	MOV A,@R1	0	read	INTMEM	1	MULTIEQUAL(PTRADD(MULTIEQUAL(PTRADD(MULTIEQUAL(PTRADD(MULTIEQUAL((register, 0x1, 1),(register, 0x1, 1)),0x1,0x1),(register, 0x1, 1)),0x1,0x1),(register, 0x1, 1)),0x1,0x1),(register, 0x1, 1))		
decompiler	CODE:a846	CODE:a848	MOVX @R0,A	5	write	EXTMEM	1	CAST(INT_ZEXT(MULTIEQUAL(INT_ADD(MULTIEQUAL(INT_ADD(MULTIEQUAL((register, 0x0, 1),(register, 0x0, 1)),0x1),(register, 0x0, 1)),0x1),(register, 0x0, 1))))		LOAD(0x281,MULTIEQUAL(PTRADD(MULTIEQUAL(PTRADD((register, 0x1, 1),0x1,0x1),(register, 0x1, 1)),0x1,0x1),(register, 0x1, 1)))
decompiler	CODE:a84e	CODE:a852	MOV A,@R1	2	read	INTMEM	1	MULTIEQUAL((register, 0x1, 1),PTRADD(MULTIEQUAL((register, 0x1, 1),PTRADD(MULTIEQUAL((register, 0x1, 1),PTRADD(MULTIEQUAL((register, 0x1, 1),(register, 0x1, 1)),0x1,0x1)),0x1,0x1)),0x1,0x1))		
decompiler	CODE:a84e	CODE:a854	MOVX @DPTR,A	7	write	EXTMEM	1	MULTIEQUAL(CAST(PIECE((register, 0x4, 1),(register, 0x0, 1))),PTRADD(MULTIEQUAL(CAST(PIECE((register, 0x4, 1),(register, 0x0, 1))),PTRADD(MULTIEQUAL(CAST(PIECE((register, 0x4, 1),(register, 0x0, 1))),PTRADD(MULTIEQUAL((register, 0x82, 2),(register, 0x82, 2)),0x1,0x1)),0x1,0x1)),0x1,0x1))		LOAD(0x281,MULTIEQUAL((register, 0x1, 1),PTRADD(MULTIEQUAL((register, 0x1, 1),PTRADD((register, 0x1, 1),0x1,0x1)),0x1,0x1)))
decompiler	CODE:a85a	CODE:a85a	MOVX A,@R1	1	read	EXTMEM	1	CAST(INT_ZEXT(MULTIEQUAL(INT_ADD(MULTIEQUAL(INT_ADD(MULTIEQUAL((register, 0x1, 1),(register, 0x1, 1)),0x1),(register, 0x1, 1)),0x1),(register, 0x1, 1))))		
decompiler	CODE:a85a	CODE:a85c	MOV @R0,A	5	write	INTMEM	1	MULTIEQUAL(PTRADD(MULTIEQUAL(PTRADD(MULTIEQUAL(PTRADD(MULTIEQUAL((register, 0x0, 1),(register, 0x0, 1)),0x1,0x1),(register, 0x0, 1)),0x1,0x1),(register, 0x0, 1)),0x1,0x1),(register, 0x0, 1))		LOAD(0x311,CAST(INT_ZEXT(MULTIEQUAL(INT_ADD((register, 0x1, 1),0x1),(register, 0x1, 1)))))
decompiler	CODE:a862	CODE:a862	MOVX A,@R1	1	read	EXTMEM	1	CAST(INT_ZEXT(MULTIEQUAL(INT_ADD(MULTIEQUAL(INT_ADD(MULTIEQUAL((register, 0x1, 1),(register, 0x1, 1)),0x1),(register, 0x1, 1)),0x1),(register, 0x1, 1))))		
decompiler	CODE:a862	CODE:a864	MOVX @R0,A	6	write	EXTMEM	1	CAST(INT_ZEXT(MULTIEQUAL(INT_ADD(MULTIEQUAL(INT_ADD(MULTIEQUAL((register, 0x0, 1),(register, 0x0, 1)),0x1),(register, 0x0, 1)),0x1),(register, 0x0, 1))))		LOAD(0x311,CAST(INT_ZEXT(MULTIEQUAL(INT_ADD((register, 0x1, 1),0x1),(register, 0x1, 1)))))
decompiler	CODE:a86a	CODE:a86e	MOVX A,@R1	3	read	EXTMEM	1	CAST(INT_ZEXT(MULTIEQUAL((register, 0x1, 1),INT_ADD(MULTIEQUAL((register, 0x1, 1),INT_ADD(MULTIEQUAL((register, 0x1, 1),(register, 0x1, 1)),0x1)),0x1))))		
decompiler	CODE:a86a	CODE:a870	MOVX @DPTR,A	8	write	EXTMEM	1	MULTIEQUAL(CAST(PIECE((register, 0x4, 1),(register, 0x0, 1))),PTRADD(MULTIEQUAL(CAST(PIECE((register, 0x4, 1),(register, 0x0, 1))),PTRADD(MULTIEQUAL(CAST(PIECE((register, 0x4, 1),(register, 0x0, 1))),PTRADD(MULTIEQUAL((register, 0x82, 2),(register, 0x82, 2)),0x1,0x1)),0x1,0x1)),0x1,0x1))		LOAD(0x311,CAST(INT_ZEXT(MULTIEQUAL((register, 0x1, 1),INT_ADD((register, 0x1, 1),0x1)))))
decompiler	CODE:a876	CODE:a87a	MOVX A,@DPTR	3	read	EXTMEM	1	MULTIEQUAL(CAST(PIECE((register, 0x2, 1),(register, 0x1, 1))),PTRADD(MULTIEQUAL(CAST(PIECE((register, 0x2, 1),(register, 0x1, 1))),PTRADD(MULTIEQUAL(CAST(PIECE((register, 0x2, 1),(register, 0x1, 1))),PTRADD(MULTIEQUAL((register, 0x82, 2),(register, 0x82, 2)),0x1,0x1)),0x1,0x1)),0x1,0x1))		
decompiler	CODE:a876	CODE:a87c	MOV @R0,A	7	write	INTMEM	1	MULTIEQUAL((register, 0x0, 1),PTRADD(MULTIEQUAL((register, 0x0, 1),PTRADD(MULTIEQUAL((register, 0x0, 1),PTRADD(MULTIEQUAL((register, 0x0, 1),(register, 0x0, 1)),0x1,0x1)),0x1,0x1)),0x1,0x1))		LOAD(0x311,MULTIEQUAL(CAST(PIECE((register, 0x2, 1),(register, 0x1, 1))),PTRADD(MULTIEQUAL(CAST((unique, 0x10000001, 2)),PTRADD((register, 0x82, 2),0x1,0x1)),0x1,0x1)))
decompiler	CODE:a882	CODE:a886	MOVX A,@DPTR	3	read	EXTMEM	1	MULTIEQUAL(CAST(PIECE((register, 0x2, 1),(register, 0x1, 1))),PTRADD(MULTIEQUAL(CAST(PIECE((register, 0x2, 1),(register, 0x1, 1))),PTRADD(MULTIEQUAL(CAST(PIECE((register, 0x2, 1),(register, 0x1, 1))),PTRADD(MULTIEQUAL((register, 0x82, 2),(register, 0x82, 2)),0x1,0x1)),0x1,0x1)),0x1,0x1))		
decompiler	CODE:a882	CODE:a888	MOVX @R0,A	8	write	EXTMEM	1	CAST(INT_ZEXT(MULTIEQUAL((register, 0x0, 1),INT_ADD(MULTIEQUAL((register, 0x0, 1),INT_ADD(MULTIEQUAL((register, 0x0, 1),(register, 0x0, 1)),0x1)),0x1))))		LOAD(0x311,MULTIEQUAL(CAST(PIECE((register, 0x2, 1),(register, 0x1, 1))),PTRADD(MULTIEQUAL(CAST((unique, 0x10000001, 2)),PTRADD((register, 0x82, 2),0x1,0x1)),0x1,0x1)))
decompiler	CODE:a88e	CODE:a862	MOVX A,@R1	2	read	EXTMEM	1	CAST(INT_ZEXT(MULTIEQUAL((register, 0x1, 1),INT_ADD(MULTIEQUAL((register, 0x1, 1),INT_ADD(MULTIEQUAL((register, 0x1, 1),(register, 0x1, 1)),0x1)),0x1))))		
decompiler	CODE:a88e	CODE:a864	MOVX @R0,A	7	write	EXTMEM	1	CAST(INT_ZEXT(MULTIEQUAL((register, 0x0, 1),INT_ADD(MULTIEQUAL((register, 0x0, 1),INT_ADD(MULTIEQUAL((register, 0x0, 1),(register, 0x0, 1)),0x1)),0x1))))		LOAD(0x311,CAST(INT_ZEXT(MULTIEQUAL((register, 0x1, 1),INT_ADD((register, 0x1, 1),0x1)))))
decompiler	CODE:a934	CODE:a93b	MOVX A,@DPTR	9	read	EXTMEM	1	CAST(PIECE((register, 0x2, 1),(register, 0x1, 1)))		
decompiler	CODE:a934	CODE:a93f	MOV A,@R1	24	read	INTMEM	1	(register, 0x1, 1)		
decompiler	CODE:a934	CODE:a944	MOVX A,@R1	43	read	EXTMEM	1	CAST(INT_ZEXT((register, 0x1, 1)))		
decompiler	CODE:a934	CODE:a94b	MOVC A,@A+DPTR	60	read	CODE	1	CAST(PIECE((register, 0x2, 1),(register, 0x1, 1)))		
decompiler	CODE:a94d	CODE:a95a	MOVX A,@DPTR	39	read	EXTMEM	1	CAST(PIECE(INT_ADD(SUBPIECE(INT_RIGHT(CAST((register, 0x82, 2)),0x8),0x0),INT_SUB((register, 0x2, 1),INT_SRIGHT(INT_LEFT(INT_CARRY((register, 0x83, 1),(register, 0x1, 1)),0x7),0x7))),INT_ADD(SUBPIECE((register, 0x82, 2),0x0),(register, 0x1, 1))))		
decompiler	CODE:a94d	CODE:a962	MOV A,@R0	69	read	INTMEM	1	CAST(INT_ADD((register, 0x1, 1),SUBPIECE((register, 0x82, 2),0x0)))		
decompiler	CODE:a94d	CODE:a96b	MOVX A,@R0	103	read	EXTMEM	1	CAST(INT_ZEXT(INT_ADD((register, 0x1, 1),SUBPIECE((register, 0x82, 2),0x0))))		
decompiler	CODE:a94d	CODE:a978	MOVC A,@A+DPTR	150	read	CODE	1	CAST(PIECE(INT_ADD(SUBPIECE(INT_RIGHT(CAST((register, 0x82, 2)),0x8),0x0),INT_SUB((register, 0x2, 1),INT_SRIGHT(INT_LEFT(INT_CARRY((register, 0x83, 1),(register, 0x1, 1)),0x7),0x7))),INT_ADD(SUBPIECE((register, 0x82, 2),0x0),(register, 0x1, 1))))		
decompiler	CODE:a97a	CODE:a982	MOVX A,@DPTR	10	read	EXTMEM	1	CAST(PIECE((register, 0x2, 1),(register, 0x1, 1)))		
decompiler	CODE:a97a	CODE:a984	MOVX @DPTR,A	27	write	EXTMEM	1	CAST(PIECE((register, 0x2, 1),(register, 0x1, 1)))		INT_ADD(LOAD(0x311,CAST(PIECE((register, 0x2, 1),(register, 0x1, 1)))),(register, 0xb, 1))
decompiler	CODE:a97a	CODE:a988	ADD A,@R1	46	read	INTMEM	1	(register, 0x1, 1)		
decompiler	CODE:a97a	CODE:a989	MOV @R1,A	57	write	INTMEM	1	(register, 0x1, 1)		INT_ADD((register, 0xb, 1),LOAD(0x281,(register, 0x1, 1)))
decompiler	CODE:a97a	CODE:a98f	MOVX A,@R1	76	read	EXTMEM	1	CAST(INT_ZEXT((register, 0x1, 1)))		
decompiler	CODE:a97a	CODE:a991	MOVX @R1,A	93	write	EXTMEM	1	CAST(INT_ZEXT((register, 0x1, 1)))		INT_ADD(LOAD(0x311,CAST(INT_ZEXT((register, 0x1, 1)))),(register, 0xb, 1))
decompiler	CODE:a97a	CODE:a999	MOVC A,@A+DPTR	110	read	CODE	1	CAST(PIECE((register, 0x2, 1),(register, 0x1, 1)))		
decompiler	CODE:a99c	CODE:a9a3	MOVX @DPTR,A	10	write	EXTMEM	1	CAST(PIECE((register, 0x2, 1),(register, 0x1, 1)))		(register, 0xb, 1)
decompiler	CODE:a99c	CODE:a9a7	MOV @R1,A	25	write	INTMEM	1	(register, 0x1, 1)		(register, 0xb, 1)
decompiler	CODE:a99c	CODE:a9ac	MOVX @R1,A	44	write	EXTMEM	1	CAST(INT_ZEXT((register, 0x1, 1)))		(register, 0xb, 1)
decompiler	CODE:a9ae	CODE:a9bd	MOVX @DPTR,A	42	write	EXTMEM	1	CAST(PIECE(INT_ADD(SUBPIECE(INT_RIGHT(CAST((register, 0x82, 2)),0x8),0x0),INT_SUB((register, 0x2, 1),INT_SRIGHT(INT_LEFT(INT_CARRY((register, 0x83, 1),(register, 0x1, 1)),0x7),0x7))),INT_ADD(SUBPIECE((register, 0x82, 2),0x0),(register, 0x1, 1))))		(register, 0xb, 1)
decompiler	CODE:a9ae	CODE:a9c5	MOV @R0,A	74	write	INTMEM	1	CAST(INT_ADD((register, 0x1, 1),SUBPIECE((register, 0x82, 2),0x0)))		(register, 0xb, 1)
decompiler	CODE:a9ae	CODE:a9ce	MOVX @R0,A	110	write	EXTMEM	1	CAST(INT_ZEXT(INT_ADD((register, 0x1, 1),SUBPIECE((register, 0x82, 2),0x0))))		(register, 0xb, 1)
decompiler	CODE:a9e2	CODE:aa17	JB 0xd2,0xaa36	218	read	BITS	1	BITS:d2	0xd2	
decompiler	CODE:aa37	CODE:aa37	CLR 0xd5	128	read	BITS	1	BITS:d5	0xd5	
decompiler	CODE:aa37	CODE:aa3d	CPL 0xd5	129	read	BITS	1	BITS:d5	0xd5	
decompiler	CODE:aa37	CODE:aa3d	CPL 0xd5	131	read	BITS	1	BITS:d5	0xd5	
decompiler	CODE:aa37	CODE:aa4a	CPL 0xd5	130	read	BITS	1	BITS:d5	0xd5	
decompiler	CODE:aa37	CODE:aa4a	CPL 0xd5	132	read	BITS	1	BITS:d5	0xd5	
decompiler	CODE:aa37	CODE:aa62	JNB 0xd5,0xaa6c	133	read	BITS	1	BITS:d5	0xd5	
decompiler	CODE:aa6d	CODE:aa71	MOVX A,@DPTR	6	read	EXTMEM	1	CAST(INT_ADD((register, 0x82, 2),0x1))		
decompiler	CODE:aa6d	CODE:aa73	MOVX @DPTR,A	23	write	EXTMEM	1	CAST(INT_ADD((register, 0x82, 2),0x1))		INT_ADD(LOAD(0x311,CAST(INT_ADD((register, 0x82, 2),0x1))),(register, 0xa, 1))
decompiler	CODE:aa6d	CODE:aa7f	MOVX A,@DPTR	34	read	EXTMEM	1	CAST(PIECE(MULTIEQUAL(SUBPIECE(INT_RIGHT(CAST(CAST((unique, 0x10000006, 2))),0x8),0x0),INT_ADD(SUBPIECE(INT_RIGHT(CAST((register, 0x82, 2)),0x8),0x0),0xff)),INT_ADD(SUBPIECE(CAST(INT_ADD((register, 0x82, 2),0x1)),0x0),0xff)))		
decompiler	CODE:aa6d	CODE:aa81	MOVX @DPTR,A	53	write	EXTMEM	1	CAST(PIECE(MULTIEQUAL(SUBPIECE(INT_RIGHT(CAST(CAST((unique, 0x10000006, 2))),0x8),0x0),INT_ADD(SUBPIECE(INT_RIGHT(CAST((register, 0x82, 2)),0x8),0x0),0xff)),INT_ADD(SUBPIECE(CAST(INT_ADD((register, 0x82, 2),0x1)),0x0),0xff)))		INT_ADD(LOAD(0x311,CAST(PIECE(MULTIEQUAL((register, 0x82, 1),(register, 0x82, 1)),INT_ADD((register, 0x83, 1),0xff)))),INT_SUB((register, 0xb, 1),INT_SRIGHT(INT_LEFT(INT_CARRY((unique, 0x2900, 1),(register, 0xa, 1)),0x7),0x7)))
decompiler	CODE:aa83	CODE:aa85	MOVX A,@DPTR	3	read	EXTMEM	1	CAST(INT_ADD((register, 0x82, 2),0x1))		
decompiler	CODE:aa83	CODE:aa8a	MOVX @DPTR,A	23	write	EXTMEM	1	CAST(INT_ADD((register, 0x82, 2),0x1))		INT_ADD((register, 0xa, 1),LOAD(0x311,CAST(INT_ADD((register, 0x82, 2),0x1))))
decompiler	CODE:aa83	CODE:aa93	MOVX A,@DPTR	30	read	EXTMEM	1	CAST(PIECE(MULTIEQUAL(SUBPIECE(INT_RIGHT(CAST(CAST((unique, 0x10000006, 2))),0x8),0x0),INT_ADD(SUBPIECE(INT_RIGHT(CAST((register, 0x82, 2)),0x8),0x0),0xff)),INT_ADD(SUBPIECE(CAST(INT_ADD((register, 0x82, 2),0x1)),0x0),0xff)))		
decompiler	CODE:aa83	CODE:aa96	MOVX @DPTR,A	52	write	EXTMEM	1	CAST(PIECE(MULTIEQUAL(SUBPIECE(INT_RIGHT(CAST(CAST((unique, 0x10000006, 2))),0x8),0x0),INT_ADD(SUBPIECE(INT_RIGHT(CAST((register, 0x82, 2)),0x8),0x0),0xff)),INT_ADD(SUBPIECE(CAST(INT_ADD((register, 0x82, 2),0x1)),0x0),0xff)))		INT_ADD((register, 0xb, 1),INT_SUB(LOAD(0x311,CAST(PIECE((register, 0x82, 1),(register, 0x83, 1)))),INT_SRIGHT(INT_LEFT(INT_CARRY((register, 0xa, 1),(unique, 0x2900, 1)),0x7),0x7)))
decompiler	CODE:aa99	CODE:aaa4	MOVX A,@DPTR	14	read	EXTMEM	1	CAST(INT_ADD(PIECE((register, 0x2, 1),(register, 0x1, 1)),0x1))		
decompiler	CODE:aa99	CODE:aaab	MOV A,@R1	32	read	INTMEM	1	CAST(INT_ADD((register, 0x1, 1),0x1))		
decompiler	CODE:aa99	CODE:aab5	MOVX A,@R1	57	read	EXTMEM	1	CAST(INT_ZEXT(INT_ADD((register, 0x1, 1),0x1)))		
decompiler	CODE:aa99	CODE:aac2	MOVC A,@A+DPTR	80	read	CODE	1	CAST(INT_ADD(PIECE((register, 0x2, 1),(register, 0x1, 1)),0x1))		
decompiler	CODE:aac4	CODE:aad5	MOVX A,@DPTR	44	read	EXTMEM	1	CAST(INT_ADD(PIECE(INT_ADD(SUBPIECE(INT_RIGHT(CAST((register, 0x82, 2)),0x8),0x0),INT_SUB((register, 0x2, 1),INT_SRIGHT(INT_LEFT((unique, 0x0, 1),0x7),0x7))),INT_ADD(SUBPIECE((register, 0x82, 2),0x0),(register, 0x1, 1))),0x1))		
decompiler	CODE:aac4	CODE:aae0	MOV A,@R0	77	read	INTMEM	1	CAST(INT_ADD(INT_ADD((register, 0x1, 1),SUBPIECE((register, 0x82, 2),0x0)),0x1))		
decompiler	CODE:aac4	CODE:aaed	MOVX A,@R0	116	read	EXTMEM	1	CAST(INT_ZEXT(INT_ADD(INT_ADD((register, 0x1, 1),SUBPIECE((register, 0x82, 2),0x0)),0x1)))		
decompiler	CODE:aac4	CODE:aafa	MOVC A,@A+DPTR	152	read	CODE	1	CAST(INT_ADD(INT_ADD(PIECE(INT_ADD(SUBPIECE(INT_RIGHT((unique, 0x10000007, 2),0x8),0x0),(register, 0x2, 1)),SUBPIECE((register, 0x82, 2),0x0)),0x1),INT_ZEXT((register, 0x1, 1))))		
decompiler	CODE:aafc	CODE:ab15	ADD A,@R0	71	read	INTMEM	1	CAST(PTRADD(CAST(INT_ADD(SUBPIECE((register, 0x82, 2),0x0),(register, 0x1, 1))),0x1,0x1))		
decompiler	CODE:aafc	CODE:ab15	ADD A,@R0	75	read	INTMEM	1	CAST(PTRADD(CAST(INT_ADD(SUBPIECE((register, 0x82, 2),0x0),(register, 0x1, 1))),0x1,0x1))		
decompiler	CODE:aafc	CODE:ab16	MOV @R0,A	86	write	INTMEM	1	CAST(PTRADD(CAST(INT_ADD(SUBPIECE((register, 0x82, 2),0x0),(register, 0x1, 1))),0x1,0x1))		INT_ADD((register, 0xa, 1),LOAD(0x281,CAST(PTRADD(CAST((unique, 0x10000019, 1)),0x1,0x1))))
decompiler	CODE:aafc	CODE:ab1c	ADDC A,@R0	91	read	INTMEM	1	CAST(INT_ADD(SUBPIECE((register, 0x82, 2),0x0),(register, 0x1, 1)))		
decompiler	CODE:aafc	CODE:ab1d	MOV @R0,A	107	write	INTMEM	1	CAST(INT_ADD(SUBPIECE((register, 0x82, 2),0x0),(register, 0x1, 1)))		INT_ADD((register, 0xb, 1),INT_SUB(LOAD(0x281,CAST(INT_ADD((register, 0x83, 1),(register, 0x1, 1)))),INT_SRIGHT(INT_LEFT(INT_CARRY((register, 0xa, 1),(unique, 0x2a00, 1)),0x7),0x7)))
decompiler	CODE:aafc	CODE:ab27	MOVX A,@R0	143	read	EXTMEM	1	CAST(INT_ZEXT(INT_ADD(INT_ADD(SUBPIECE((register, 0x82, 2),0x0),(register, 0x1, 1)),0x1)))		
decompiler	CODE:aafc	CODE:ab2c	MOVX @R0,A	161	write	EXTMEM	1	CAST(INT_ZEXT(INT_ADD(INT_ADD(SUBPIECE((register, 0x82, 2),0x0),(register, 0x1, 1)),0x1)))		INT_ADD(LOAD(0x311,CAST(INT_ZEXT(INT_ADD((register, 0xb, 1),0x1)))),(register, 0xa, 1))
decompiler	CODE:aafc	CODE:ab2e	MOVX A,@R0	164	read	EXTMEM	1	CAST(INT_ZEXT(INT_ADD(SUBPIECE((register, 0x82, 2),0x0),(register, 0x1, 1))))		
decompiler	CODE:aafc	CODE:ab31	MOVX @R0,A	183	write	EXTMEM	1	CAST(INT_ZEXT(INT_ADD(SUBPIECE((register, 0x82, 2),0x0),(register, 0x1, 1))))		INT_ADD(LOAD(0x311,CAST(INT_ZEXT(INT_ADD((register, 0x83, 1),(register, 0x1, 1))))),INT_SUB((register, 0xb, 1),INT_SRIGHT(INT_LEFT(INT_CARRY((unique, 0x2d00, 1),(register, 0xa, 1)),0x7),0x7)))
decompiler	CODE:aafc	CODE:ab40	MOVC A,@A+DPTR	228	read	CODE	1	PTRADD(CAST(PIECE(INT_ADD(SUBPIECE(INT_RIGHT(CAST((register, 0x82, 2)),0x8),0x0),(register, 0x2, 1)),INT_ADD(SUBPIECE((register, 0x82, 2),0x0),(register, 0x1, 1)))),0x1,0x1)		
decompiler	CODE:aafc	CODE:ab46	MOVC A,@A+DPTR	246	read	CODE	1	CAST(PIECE(INT_ADD(SUBPIECE(INT_RIGHT(CAST((register, 0x82, 2)),0x8),0x0),(register, 0x2, 1)),INT_ADD(SUBPIECE((register, 0x82, 2),0x0),(register, 0x1, 1))))		
decompiler	CODE:ab49	CODE:ab50	MOVX @DPTR,A	10	write	EXTMEM	1	CAST(PIECE((register, 0x2, 1),(register, 0x1, 1)))		(register, 0xb, 1)
decompiler	CODE:ab49	CODE:ab54	MOVX @DPTR,A	15	write	EXTMEM	1	PTRADD(CAST(PIECE((register, 0x2, 1),(register, 0x1, 1))),0x1,0x1)		(register, 0xa, 1)
decompiler	CODE:ab49	CODE:ab58	MOV @R1,A	30	write	INTMEM	1	(register, 0x1, 1)		(register, 0xb, 1)
decompiler	CODE:ab49	CODE:ab5a	MOV @R1,B	33	write	INTMEM	1	PTRADD((register, 0x1, 1),0x1,0x1)		(register, 0xa, 1)
decompiler	CODE:ab49	CODE:ab61	MOVX @R1,A	53	write	EXTMEM	1	CAST(INT_ZEXT((register, 0x1, 1)))		(register, 0xb, 1)
decompiler	CODE:ab49	CODE:ab65	MOVX @R1,A	58	write	EXTMEM	1	CAST(INT_ZEXT(PTRADD((register, 0x1, 1),0x1,0x1)))		(register, 0xa, 1)
decompiler	CODE:ab68	CODE:ab77	MOVX @DPTR,A	42	write	EXTMEM	1	CAST(PIECE(INT_ADD(SUBPIECE(INT_RIGHT(CAST((register, 0x82, 2)),0x8),0x0),INT_SUB((register, 0x2, 1),INT_SRIGHT(INT_LEFT(INT_CARRY((register, 0x83, 1),(register, 0x1, 1)),0x7),0x7))),INT_ADD(SUBPIECE((register, 0x82, 2),0x0),(register, 0x1, 1))))		(register, 0xb, 1)
decompiler	CODE:ab68	CODE:ab7b	MOVX @DPTR,A	47	write	EXTMEM	1	PTRADD(CAST(PIECE(INT_ADD(SUBPIECE(INT_RIGHT(CAST((register, 0x82, 2)),0x8),0x0),INT_SUB((register, 0x2, 1),INT_SRIGHT(INT_LEFT((unique, 0x0, 1),0x7),0x7))),INT_ADD(SUBPIECE((register, 0x82, 2),0x0),(register, 0x1, 1)))),0x1,0x1)		(register, 0xa, 1)
decompiler	CODE:ab68	CODE:ab83	MOV @R0,A	79	write	INTMEM	1	CAST(INT_ADD((register, 0x1, 1),SUBPIECE((register, 0x82, 2),0x0)))		(register, 0xb, 1)
decompiler	CODE:ab68	CODE:ab85	MOV @R0,B	82	write	INTMEM	1	PTRADD(CAST(INT_ADD((register, 0x1, 1),SUBPIECE((register, 0x82, 2),0x0))),0x1,0x1)		(register, 0xa, 1)
decompiler	CODE:ab68	CODE:ab8f	MOVX @R0,A	118	write	EXTMEM	1	CAST(INT_ZEXT(INT_ADD((register, 0x1, 1),SUBPIECE((register, 0x82, 2),0x0))))		(register, 0xb, 1)
decompiler	CODE:ab68	CODE:ab93	MOVX @R0,A	123	write	EXTMEM	1	CAST(INT_ZEXT(INT_ADD(INT_ADD((register, 0x1, 1),SUBPIECE((register, 0x82, 2),0x0)),0x1)))		(register, 0xa, 1)
decompiler	CODE:ac2d	CODE:ac53	JBC 0xd7,0xac59	575	read	BITS	1	BITS:d7	0xd7	
decompiler	CODE:ac2d	CODE:ac53	JBC 0xd7,0xac59	578	read	BITS	1	BITS:d7	0xd7	
decompiler	CODE:ac2d	CODE:ac74	JBC 0xd7,0xac7c	576	read	BITS	1	BITS:d7	0xd7	
decompiler	CODE:ac2d	CODE:ac74	JBC 0xd7,0xac7c	579	read	BITS	1	BITS:d7	0xd7	
decompiler	CODE:ac2d	CODE:ac9e	JBC 0xd7,0xaca8	577	read	BITS	1	BITS:d7	0xd7	
decompiler	CODE:ac2d	CODE:ac9e	JBC 0xd7,0xaca8	580	read	BITS	1	BITS:d7	0xd7	
decompiler	CODE:ad3d	CODE:ad46	MOV A,@R0	12	read	INTMEM	1	CAST(INT_ADD((register, 0x0, 1),0x3))		
decompiler	CODE:ad49	CODE:ad52	MOVX A,@DPTR	16	read	EXTMEM	1	CAST(INT_ADD((register, 0x82, 2),0x3))		
decompiler	CODE:ad55	CODE:ad5e	MOVX A,@DPTR	16	read	EXTMEM	1	CAST(INT_ADD((register, 0x82, 2),0x3))		
decompiler	CODE:ad61	CODE:ad62	MOV @R0,A	2	write	INTMEM	1	(register, 0x0, 1)		(register, 0x4, 1)
decompiler	CODE:ad61	CODE:ad65	MOV @R0,A	6	write	INTMEM	1	PTRADD((register, 0x0, 1),0x1,0x1)		(register, 0x5, 1)
decompiler	CODE:ad61	CODE:ad68	MOV @R0,A	10	write	INTMEM	1	PTRADD((register, 0x0, 1),0x2,0x1)		(register, 0x6, 1)
decompiler	CODE:ad61	CODE:ad6b	MOV @R0,A	14	write	INTMEM	1	PTRADD((register, 0x0, 1),0x3,0x1)		(register, 0x7, 1)
decompiler	CODE:ad6d	CODE:ad6e	MOVX @DPTR,A	3	write	EXTMEM	1	(register, 0x82, 2)		(register, 0x4, 1)
decompiler	CODE:ad6d	CODE:ad71	MOVX @DPTR,A	8	write	EXTMEM	1	PTRADD((register, 0x82, 2),0x1,0x1)		(register, 0x5, 1)
decompiler	CODE:ad6d	CODE:ad74	MOVX @DPTR,A	13	write	EXTMEM	1	PTRADD((register, 0x82, 2),0x2,0x1)		(register, 0x6, 1)
decompiler	CODE:ad6d	CODE:ad77	MOVX @DPTR,A	18	write	EXTMEM	1	PTRADD((register, 0x82, 2),0x3,0x1)		(register, 0x7, 1)
decompiler	CODE:ad79	CODE:ad7e	MOVC A,@A+DPTR	7	read	CODE	1	CAST(PIECE((stack, 0x0, 1),(stack, 0xffffffffffffffff, 1)))		
decompiler	CODE:ad79	CODE:ad7f	MOV @R0,A	9	write	INTMEM	1	(register, 0x0, 1)		LOAD(0x211,CAST(PIECE((stack, 0x0, 1),(stack, 0xffffffffffffffff, 1))))
decompiler	CODE:ad79	CODE:ad83	MOVC A,@A+DPTR	14	read	CODE	1	PTRADD(CAST(PIECE((stack, 0x0, 1),(stack, 0xffffffffffffffff, 1))),0x1,0x1)		
decompiler	CODE:ad79	CODE:ad84	MOV @R0,A	16	write	INTMEM	1	PTRADD((register, 0x0, 1),0x1,0x1)		LOAD(0x211,PTRADD(CAST(PIECE((stack, 0x0, 1),(stack, 0xffffffffffffffff, 1))),0x1,0x1))
decompiler	CODE:ad79	CODE:ad88	MOVC A,@A+DPTR	21	read	CODE	1	PTRADD(CAST(PIECE((stack, 0x0, 1),(stack, 0xffffffffffffffff, 1))),0x2,0x1)		
decompiler	CODE:ad79	CODE:ad89	MOV @R0,A	23	write	INTMEM	1	PTRADD((register, 0x0, 1),0x2,0x1)		LOAD(0x211,PTRADD(CAST(PIECE((stack, 0x0, 1),(stack, 0xffffffffffffffff, 1))),0x2,0x1))
decompiler	CODE:ad79	CODE:ad8d	MOVC A,@A+DPTR	28	read	CODE	1	PTRADD(CAST(PIECE((stack, 0x0, 1),(stack, 0xffffffffffffffff, 1))),0x3,0x1)		
decompiler	CODE:ad79	CODE:ad8e	MOV @R0,A	30	write	INTMEM	1	PTRADD((register, 0x0, 1),0x3,0x1)		LOAD(0x211,PTRADD(CAST(PIECE((stack, 0x0, 1),(stack, 0xffffffffffffffff, 1))),0x3,0x1))
decompiler	CODE:ada9	CODE:adaa	MOVC A,@A+DPTR	3	read	CODE	1	(register, 0x82, 2)		
decompiler	CODE:ada9	CODE:adb6	MOVX @DPTR,A	25	write	EXTMEM	1	CAST(PIECE((register, 0xa, 1),(register, 0x0, 1)))		LOAD(0x211,(register, 0x82, 2))
decompiler	CODE:adf3	CODE:adf9	MOVX A,@DPTR	11	read	EXTMEM	1	CAST(INT_ADD((register, 0x82, 2),0x2))		
decompiler	CODE:adfc	CODE:ae01	MOVX A,@DPTR	8	read	EXTMEM	1	CAST(INT_ADD((register, 0x82, 2),0x2))		
decompiler	CODE:adfc	CODE:ae05	MOVX @DPTR,A	26	write	EXTMEM	1	CAST(INT_ADD((register, 0x82, 2),0x2))		INT_ADD(LOAD(0x311,CAST(INT_ADD((register, 0x82, 2),0x2))),(register, 0xa, 1))
decompiler	CODE:adfc	CODE:ae0e	MOVX A,@DPTR	33	read	EXTMEM	1	CAST(PIECE(MULTIEQUAL(SUBPIECE(INT_RIGHT(CAST(CAST((unique, 0x10000006, 2))),0x8),0x0),INT_ADD(SUBPIECE(INT_RIGHT(CAST((register, 0x82, 2)),0x8),0x0),0xff)),INT_ADD(SUBPIECE(CAST(INT_ADD((register, 0x82, 2),0x2)),0x0),0xff)))		
decompiler	CODE:adfc	CODE:ae11	MOVX @DPTR,A	53	write	EXTMEM	1	CAST(PIECE(MULTIEQUAL(SUBPIECE(INT_RIGHT(CAST(CAST((unique, 0x10000006, 2))),0x8),0x0),INT_ADD(SUBPIECE(INT_RIGHT(CAST((register, 0x82, 2)),0x8),0x0),0xff)),INT_ADD(SUBPIECE(CAST(INT_ADD((register, 0x82, 2),0x2)),0x0),0xff)))		INT_ADD(LOAD(0x311,CAST(PIECE(MULTIEQUAL((register, 0x82, 1),(register, 0x82, 1)),INT_ADD((register, 0x83, 1),0xff)))),INT_SUB((register, 0xb, 1),INT_SRIGHT(INT_LEFT(INT_CARRY((unique, 0x2900, 1),(register, 0xa, 1)),0x7),0x7)))
decompiler	CODE:ae13	CODE:ae18	MOVX A,@DPTR	8	read	EXTMEM	1	CAST(INT_ADD((register, 0x82, 2),0x2))		
decompiler	CODE:ae13	CODE:ae1c	MOVX @DPTR,A	26	write	EXTMEM	1	CAST(INT_ADD((register, 0x82, 2),0x2))		INT_ADD(LOAD(0x311,CAST(INT_ADD((register, 0x82, 2),0x2))),(register, 0xa, 1))
decompiler	CODE:ae13	CODE:ae25	MOVX A,@DPTR	33	read	EXTMEM	1	CAST(PIECE(MULTIEQUAL(SUBPIECE(INT_RIGHT(CAST(CAST((unique, 0x10000006, 2))),0x8),0x0),INT_ADD(SUBPIECE(INT_RIGHT(CAST((register, 0x82, 2)),0x8),0x0),0xff)),INT_ADD(SUBPIECE(CAST(INT_ADD((register, 0x82, 2),0x2)),0x0),0xff)))		
decompiler	CODE:ae13	CODE:ae28	MOVX @DPTR,A	53	write	EXTMEM	1	CAST(PIECE(MULTIEQUAL(SUBPIECE(INT_RIGHT(CAST(CAST((unique, 0x10000006, 2))),0x8),0x0),INT_ADD(SUBPIECE(INT_RIGHT(CAST((register, 0x82, 2)),0x8),0x0),0xff)),INT_ADD(SUBPIECE(CAST(INT_ADD((register, 0x82, 2),0x2)),0x0),0xff)))		INT_ADD(LOAD(0x311,CAST(PIECE(MULTIEQUAL((register, 0x82, 1),(register, 0x82, 1)),INT_ADD((register, 0x83, 1),0xff)))),INT_SUB((register, 0xb, 1),INT_SRIGHT(INT_LEFT(INT_CARRY((unique, 0x2900, 1),(register, 0xa, 1)),0x7),0x7)))
decompiler	CODE:ae2a	CODE:ae2b	MOVX @DPTR,A	3	write	EXTMEM	1	(register, 0x82, 2)		(register, 0x3, 1)
decompiler	CODE:ae2a	CODE:ae2e	MOVX @DPTR,A	8	write	EXTMEM	1	PTRADD((register, 0x82, 2),0x1,0x1)		(register, 0x2, 1)
decompiler	CODE:ae2a	CODE:ae31	MOVX @DPTR,A	13	write	EXTMEM	1	PTRADD((register, 0x82, 2),0x2,0x1)		(register, 0x1, 1)
decompiler	CODE:ae53	CODE:ae59	MOVC A,@A+DPTR	8	read	CODE	1	MULTIEQUAL(CAST(PIECE((stack, 0x0, 1),(stack, 0xffffffffffffffff, 1))),PTRADD(MULTIEQUAL(CAST(PIECE((stack, 0x0, 1),(stack, 0xffffffffffffffff, 1))),PTRADD(MULTIEQUAL(CAST(PIECE((stack, 0x0, 1),(stack, 0xffffffffffffffff, 1))),PTRADD(MULTIEQUAL((register, 0x82, 2),(register, 0x82, 2)),0x3,0x1)),0x3,0x1)),0x3,0x1))		
decompiler	CODE:ae53	CODE:ae5e	MOVC A,@A+DPTR	14	read	CODE	1	PTRADD(MULTIEQUAL(CAST(PIECE((stack, 0x0, 1),(stack, 0xffffffffffffffff, 1))),PTRADD(MULTIEQUAL(CAST(PIECE((stack, 0x0, 1),(stack, 0xffffffffffffffff, 1))),PTRADD(MULTIEQUAL(CAST((unique, 0x10000007, 2)),PTRADD((register, 0x82, 2),0x3,0x1)),0x3,0x1)),0x3,0x1)),0x1,0x1)		
decompiler	CODE:ae53	CODE:ae67	MOVC A,@A+DPTR	80	read	CODE	2	CAST(MULTIEQUAL(PTRADD(MULTIEQUAL(CAST(PIECE((stack, 0x0, 1),(stack, 0xffffffffffffffff, 1))),PTRADD(MULTIEQUAL(CAST((unique, 0x10000007, 2)),PTRADD((register, 0x82, 2),0x3,0x1)),0x3,0x1)),0x2,0x1),MULTIEQUAL(CAST(PIECE((stack, 0x0, 1),(stack, 0xffffffffffffffff, 1))),PTRADD(MULTIEQUAL(CAST(PIECE((stack, 0x0, 1),(stack, 0xffffffffffffffff, 1))),PTRADD(MULTIEQUAL((register, 0x82, 2),(register, 0x82, 2)),0x3,0x1)),0x3,0x1))))		
decompiler	CODE:ae53	CODE:ae70	MOVC A,@A+DPTR	36	read	CODE	1	PTRADD(MULTIEQUAL(CAST(PIECE((stack, 0x0, 1),(stack, 0xffffffffffffffff, 1))),PTRADD(MULTIEQUAL(CAST(PIECE((stack, 0x0, 1),(stack, 0xffffffffffffffff, 1))),PTRADD(MULTIEQUAL(CAST((unique, 0x10000007, 2)),PTRADD((register, 0x82, 2),0x3,0x1)),0x3,0x1)),0x3,0x1)),0x2,0x1)		
decompiler	CODE:aeac	CODE:aeb8	CJNE A,0x08,0xaebf	36	read	INTMEM	1	INTMEM:08	0x8	
decompiler	CODE:aeac	CODE:aebb	MOV 0x09,DPL	38	write	INTMEM	1	INTMEM:09	0x9	INT_ADD(mem[INTMEM:09],SUBPIECE((register, 0x82, 2),0x0))
decompiler	CODE:aeac	CODE:aebe	RET	82	write	INTMEM	1	INTMEM:08	0x8	mem[INTMEM:08]
decompiler	CODE:aeac	CODE:aebe	RET	82	read	INTMEM	1	INTMEM:08	0x8	
decompiler	CODE:aeac	CODE:aebe	RET	85	write	INTMEM	1	INTMEM:09	0x9	mem[INTMEM:09]
decompiler	CODE:aeac	CODE:aebe	RET	85	read	INTMEM	1	INTMEM:09	0x9	
decompiler	CODE:aeac	CODE:aebf	JBC 0xaf,0xaec8	78	read	BITS	1	BITS:af	0xaf	
decompiler	CODE:aeac	CODE:aebf	JBC 0xaf,0xaec8	80	read	BITS	1	BITS:af	0xaf	
decompiler	CODE:aeac	CODE:aec2	MOV 0x09,DPL	66	write	INTMEM	1	INTMEM:09	0x9	INT_ADD(mem[INTMEM:09],SUBPIECE((register, 0x82, 2),0x0))
decompiler	CODE:aeac	CODE:aec5	MOV 0x08,A	67	write	INTMEM	1	INTMEM:08	0x8	INT_ADD(mem[INTMEM:08],INT_SUB(SUBPIECE(INT_RIGHT(CAST((register, 0x82, 2)),0x8),0x0),INT_SRIGHT(INT_LEFT(INT_CARRY(mem[INTMEM:09],(register, 0x83, 1)),0x7),0x7)))
decompiler	CODE:aeac	CODE:aec7	RET	84	write	INTMEM	1	INTMEM:08	0x8	mem[INTMEM:08]
decompiler	CODE:aeac	CODE:aec7	RET	84	read	INTMEM	1	INTMEM:08	0x8	
decompiler	CODE:aeac	CODE:aec7	RET	87	write	INTMEM	1	INTMEM:09	0x9	mem[INTMEM:09]
decompiler	CODE:aeac	CODE:aec7	RET	87	read	INTMEM	1	INTMEM:09	0x9	
decompiler	CODE:aeac	CODE:aec8	MOV 0x09,DPL	53	write	INTMEM	1	INTMEM:09	0x9	INT_ADD(mem[INTMEM:09],SUBPIECE((register, 0x82, 2),0x0))
decompiler	CODE:aeac	CODE:aecb	MOV 0x08,A	54	write	INTMEM	1	INTMEM:08	0x8	INT_ADD(mem[INTMEM:08],INT_SUB(SUBPIECE(INT_RIGHT(CAST((register, 0x82, 2)),0x8),0x0),INT_SRIGHT(INT_LEFT(INT_CARRY(mem[INTMEM:09],(register, 0x83, 1)),0x7),0x7)))
decompiler	CODE:aeac	CODE:aecd	SETB 0xaf	79	read	BITS	1	BITS:af	0xaf	
decompiler	CODE:aeac	CODE:aecf	RET	83	write	INTMEM	1	INTMEM:08	0x8	mem[INTMEM:08]
decompiler	CODE:aeac	CODE:aecf	RET	83	read	INTMEM	1	INTMEM:08	0x8	
decompiler	CODE:aeac	CODE:aecf	RET	86	write	INTMEM	1	INTMEM:09	0x9	mem[INTMEM:09]
decompiler	CODE:aeac	CODE:aecf	RET	86	read	INTMEM	1	INTMEM:09	0x9	
decompiler	CODE:aefd	CODE:af0d	MOVX @DPTR,A	19	write	EXTMEM	1	MULTIEQUAL(CAST(PIECE((register, 0x2, 1),(register, 0x1, 1))),PTRADD(MULTIEQUAL(CAST(PIECE((register, 0x2, 1),(register, 0x1, 1))),PTRADD(MULTIEQUAL(CAST(PIECE((register, 0x2, 1),(register, 0x1, 1))),PTRADD(MULTIEQUAL((register, 0x82, 2),(register, 0x82, 2),(register, 0x82, 2)),0x1,0x1),PTRADD(MULTIEQUAL((register, 0x82, 2),(register, 0x82, 2),(register, 0x82, 2)),0x1,0x1)),0x1,0x1),PTRADD(MULTIEQUAL(CAST(PIECE((register, 0x2, 1),(register, 0x1, 1))),PTRADD(MULTIEQUAL((register, 0x82, 2),(register, 0x82, 2)...[truncated])		(register, 0x5, 1)
decompiler	CODE:aefd	CODE:af18	MOV @R1,A	42	write	INTMEM	1	MULTIEQUAL((register, 0x1, 1),PTRADD(MULTIEQUAL((register, 0x1, 1),PTRADD(MULTIEQUAL((register, 0x1, 1),PTRADD(MULTIEQUAL((register, 0x1, 1),(register, 0x1, 1)),0x1,0x1)),0x1,0x1)),0x1,0x1))		(register, 0x5, 1)
decompiler	CODE:aefd	CODE:af22	MOVX @R1,A	66	write	EXTMEM	1	CAST(INT_ZEXT(MULTIEQUAL((register, 0x1, 1),PTRADD(MULTIEQUAL((register, 0x1, 1),PTRADD(MULTIEQUAL((register, 0x1, 1),(register, 0x1, 1)),0x1,0x1)),0x1,0x1))))		(register, 0x5, 1)
decompiler	CODE:af29	CODE:af32	MOVX A,@R0	16	read	EXTMEM	1	CAST(INT_ZEXT(INT_ADD((register, 0x0, 1),0x3)))		
decompiler	CODE:af35	CODE:af42	MOVC A,@A+DPTR	18	read	CODE	1	CAST(INT_ADD((register, 0x82, 2),0x3))		
decompiler	CODE:af45	CODE:af46	MOVX @R0,A	3	write	EXTMEM	1	CAST(INT_ZEXT((register, 0x0, 1)))		(register, 0x4, 1)
decompiler	CODE:af45	CODE:af49	MOVX @R0,A	8	write	EXTMEM	1	CAST(INT_ZEXT(INT_ADD((register, 0x0, 1),0x1)))		(register, 0x5, 1)
decompiler	CODE:af45	CODE:af4c	MOVX @R0,A	13	write	EXTMEM	1	CAST(INT_ZEXT(INT_ADD((register, 0x0, 1),0x2)))		(register, 0x6, 1)
decompiler	CODE:af45	CODE:af4f	MOVX @R0,A	18	write	EXTMEM	1	CAST(INT_ZEXT(INT_ADD((register, 0x0, 1),0x3)))		(register, 0x7, 1)
decompiler	CODE:af51	CODE:af56	MOVC A,@A+DPTR	7	read	CODE	1	CAST(PIECE((stack, 0x0, 1),(stack, 0xffffffffffffffff, 1)))		
decompiler	CODE:af51	CODE:af57	MOVX @R0,A	10	write	EXTMEM	1	CAST(INT_ZEXT((register, 0x0, 1)))		LOAD(0x211,CAST(PIECE((stack, 0x0, 1),(stack, 0xffffffffffffffff, 1))))
decompiler	CODE:af51	CODE:af5b	MOVC A,@A+DPTR	15	read	CODE	1	PTRADD(CAST(PIECE((stack, 0x0, 1),(stack, 0xffffffffffffffff, 1))),0x1,0x1)		
decompiler	CODE:af51	CODE:af5c	MOVX @R0,A	18	write	EXTMEM	1	CAST(INT_ZEXT(INT_ADD((register, 0x0, 1),0x1)))		LOAD(0x211,PTRADD(CAST(PIECE((stack, 0x0, 1),(stack, 0xffffffffffffffff, 1))),0x1,0x1))
decompiler	CODE:af51	CODE:af60	MOVC A,@A+DPTR	23	read	CODE	1	PTRADD(CAST(PIECE((stack, 0x0, 1),(stack, 0xffffffffffffffff, 1))),0x2,0x1)		
decompiler	CODE:af51	CODE:af61	MOVX @R0,A	26	write	EXTMEM	1	CAST(INT_ZEXT(INT_ADD((register, 0x0, 1),0x2)))		LOAD(0x211,PTRADD(CAST(PIECE((stack, 0x0, 1),(stack, 0xffffffffffffffff, 1))),0x2,0x1))
decompiler	CODE:af51	CODE:af65	MOVC A,@A+DPTR	31	read	CODE	1	PTRADD(CAST(PIECE((stack, 0x0, 1),(stack, 0xffffffffffffffff, 1))),0x3,0x1)		
decompiler	CODE:af51	CODE:af66	MOVX @R0,A	34	write	EXTMEM	1	CAST(INT_ZEXT(INT_ADD((register, 0x0, 1),0x3)))		LOAD(0x211,PTRADD(CAST(PIECE((stack, 0x0, 1),(stack, 0xffffffffffffffff, 1))),0x3,0x1))
decompiler	CODE:af6a	CODE:af70	MOV A,@R0	8	read	INTMEM	1	CAST(INT_ADD((register, 0x0, 1),0x2))		
decompiler	CODE:af73	CODE:af79	MOVX A,@R0	11	read	EXTMEM	1	CAST(INT_ZEXT(INT_ADD((register, 0x0, 1),0x2)))		
decompiler	CODE:af7c	CODE:af85	MOVC A,@A+DPTR	13	read	CODE	1	CAST(INT_ADD((register, 0x82, 2),0x2))		
decompiler	CODE:af88	CODE:af8b	MOV @R0,A	3	write	INTMEM	1	MULTIEQUAL(0xff,PTRADD(MULTIEQUAL(0xff,PTRADD(MULTIEQUAL(0xff,PTRADD(MULTIEQUAL((register, 0x0, 1),(register, 0x0, 1)),0xff,0x1)),0xff,0x1)),0xff,0x1))		0x0
decompiler	CODE:af88	CODE:af96	MOVX @DPTR,A	13	write	EXTMEM	1	MULTIEQUAL(0x0,PTRADD(MULTIEQUAL(0x0,PTRADD(MULTIEQUAL(0x0,PTRADD(MULTIEQUAL((register, 0x82, 2),(register, 0x82, 2),(register, 0x82, 2)),0x1,0x1),PTRADD(MULTIEQUAL((register, 0x82, 2),(register, 0x82, 2),(register, 0x82, 2)),0x1,0x1)),0x1,0x1),PTRADD(MULTIEQUAL(0x0,PTRADD(MULTIEQUAL((register, 0x82, 2),(register, 0x82, 2),(register, 0x82, 2)),0x1,0x1),PTRADD(MULTIEQUAL((register, 0x82, 2),(register, 0x82, 2),(register, 0x82, 2)),0x1,0x1)),0x1,0x1)),0x1,0x1),PTRADD(MULTIEQUAL(0x0,PTRADD(MULTIEQUAL(0x0,PTRAD...[truncated])		0x0
decompiler	CODE:af88	CODE:af9c	MOV 0x81,#0xd2	270	read	SFR	1	SFR:81	0x81	
decompiler	CODE:af88	CODE:afa6	MOVC A,@A+DPTR	245	read	CODE	1	COPY(MULTIEQUAL(COPY(PTRADD(MULTIEQUAL(0xb022,PTRADD(MULTIEQUAL((register, 0x82, 2),(register, 0x82, 2)),0x1,0x1),PTRADD(MULTIEQUAL((register, 0x82, 2),(register, 0x82, 2)),0x1,0x1),PTRADD(MULTIEQUAL((register, 0x82, 2),(register, 0x82, 2),(register, 0x82, 2)),0x1,0x1)),0x1,0x1)),COPY(PTRADD(MULTIEQUAL(0xb022,PTRADD(MULTIEQUAL((register, 0x82, 2),(register, 0x82, 2)),0x1,0x1),PTRADD(MULTIEQUAL((register, 0x82, 2),(register, 0x82, 2)),0x1,0x1),PTRADD(MULTIEQUAL((register, 0x82, 2),(register, 0x82, 2),(regist...[truncated])		
decompiler	CODE:af88	CODE:afaa	MOVC A,@A+DPTR	251	read	CODE	1	MULTIEQUAL(PTRADD(COPY(MULTIEQUAL(COPY(PTRADD(MULTIEQUAL((register, 0x82, 2),(register, 0x82, 2),(register, 0x82, 2),(register, 0x82, 2)),0x1,0x1)),COPY(PTRADD(MULTIEQUAL((register, 0x82, 2),(register, 0x82, 2),(register, 0x82, 2),(register, 0x82, 2)),0x2,0x1)),COPY(PTRADD(MULTIEQUAL((register, 0x82, 2),(register, 0x82, 2),(register, 0x82, 2),(register, 0x82, 2)),0x2,0x1)))),0x1,0x1),PTRADD(MULTIEQUAL(PTRADD(COPY(MULTIEQUAL(COPY((register, 0x82, 2)),COPY((register, 0x82, 2)),COPY((register, 0x82, 2)))),0x1,...[truncated])		
decompiler	CODE:af88	CODE:afae	MOV @R0,A	257	write	INTMEM	1	MULTIEQUAL(CAST(LOAD(0x211,COPY(MULTIEQUAL(COPY(PTRADD((register, 0x82, 2),0x1,0x1)),COPY(PTRADD((register, 0x82, 2),0x2,0x1)),COPY(PTRADD((register, 0x82, 2),0x2,0x1)))))),PTRADD(MULTIEQUAL(CAST(LOAD(0x211,COPY(MULTIEQUAL((unique, 0x10000016, 2),(unique, 0x10000018, 2),(unique, 0x10000018, 2))))),PTRADD(MULTIEQUAL(CAST(LOAD(0x211,(register, 0x82, 2))),PTRADD(MULTIEQUAL((register, 0xb, 1),(register, 0x0, 1)),0x1,0x1)),0x1,0x1)),0x1,0x1))		LOAD(0x211,MULTIEQUAL(PTRADD(COPY(MULTIEQUAL((unique, 0x10000016, 2),(unique, 0x10000018, 2),(unique, 0x10000018, 2))),0x1,0x1),PTRADD(MULTIEQUAL(PTRADD((register, 0x82, 2),0x1,0x1),PTRADD((register, 0x82, 2),0x1,0x1)),0x1,0x1)))
decompiler	CODE:af88	CODE:afb1	MOVX @R0,A	266	write	EXTMEM	1	CAST(INT_ZEXT(MULTIEQUAL(CAST(LOAD(0x211,COPY(MULTIEQUAL((unique, 0x10000016, 2),(unique, 0x10000018, 2),(unique, 0x10000018, 2))))),PTRADD(MULTIEQUAL(CAST(LOAD(0x211,(register, 0x82, 2))),PTRADD(MULTIEQUAL((register, 0xb, 1),(register, 0x0, 1)),0x1,0x1)),0x1,0x1))))		LOAD(0x211,MULTIEQUAL(PTRADD(COPY(MULTIEQUAL((unique, 0x10000016, 2),(unique, 0x10000018, 2),(unique, 0x10000018, 2))),0x1,0x1),PTRADD(MULTIEQUAL(PTRADD((register, 0x82, 2),0x1,0x1),PTRADD((register, 0x82, 2),0x1,0x1)),0x1,0x1)))
decompiler	CODE:af88	CODE:afb8	MOVC A,@A+DPTR	161	read	CODE	1	MULTIEQUAL(COPY(MULTIEQUAL(COPY(PTRADD(MULTIEQUAL(0xb022,PTRADD((register, 0x82, 2),0x1,0x1),PTRADD((register, 0x82, 2),0x1,0x1),PTRADD((register, 0x82, 2),0x1,0x1)),0x1,0x1)),COPY(PTRADD(MULTIEQUAL(0xb022,PTRADD((register, 0x82, 2),0x1,0x1),PTRADD((register, 0x82, 2),0x1,0x1),PTRADD((register, 0x82, 2),0x1,0x1)),0x2,0x1)),COPY(PTRADD(MULTIEQUAL(0xb022,PTRADD((register, 0x82, 2),0x1,0x1),PTRADD((register, 0x82, 2),0x1,0x1),PTRADD((register, 0x82, 2),0x1,0x1)),0x2,0x1)))),PTRADD(MULTIEQUAL(COPY(MULTIEQUAL(CO...[truncated])		
decompiler	CODE:af88	CODE:afc8	MOVC A,@A+PC	218	read	CODE	1	CAST(INT_ADD(INT_ZEXT(INT_ADD(INT_AND(LOAD(0x211,MULTIEQUAL((register, 0x82, 2),(register, 0x82, 2))),0x7),0xc)),0xafc9))		
decompiler	CODE:af88	CODE:afcc	ANL A,@R0	223	read	INTMEM	1	CAST(INT_OR(INT_RIGHT(INT_AND(LOAD(0x211,MULTIEQUAL(COPY((unique, 0x1000001c, 2)),PTRADD((register, 0x82, 2),0x1,0x1))),0x7f),0x3),0x20))		
decompiler	CODE:af88	CODE:afcf	ORL A,@R0	240	read	INTMEM	1	CAST(INT_OR(INT_RIGHT(INT_AND(LOAD(0x211,MULTIEQUAL(COPY((unique, 0x1000001c, 2)),PTRADD((register, 0x82, 2),0x1,0x1))),0x7f),0x3),0x20))		
decompiler	CODE:af88	CODE:afd0	MOV @R0,A	235	write	INTMEM	1	CAST(INT_OR(INT_RIGHT(INT_AND(LOAD(0x211,MULTIEQUAL(COPY((unique, 0x1000001c, 2)),PTRADD((register, 0x82, 2),0x1,0x1))),0x7f),0x3),0x20))		MULTIEQUAL(INT_AND(INT_NEGATE(LOAD(0x211,CAST((unique, 0x10000022, 2)))),LOAD(0x281,CAST(INT_OR((unique, 0x11600, 1),0x20)))),INT_OR(LOAD(0x211,CAST(INT_ADD((unique, 0x2500, 2),0xafc9))),LOAD(0x281,CAST(INT_OR((unique, 0x11600, 1),0x20)))))
decompiler	CODE:af88	CODE:afe3	MOVC A,@A+DPTR	28	read	CODE	1	MULTIEQUAL(0xb022,PTRADD(MULTIEQUAL(PTRADD(COPY(MULTIEQUAL(COPY((register, 0x82, 2)),COPY((register, 0x82, 2)),COPY((register, 0x82, 2)))),0x1,0x1),PTRADD(MULTIEQUAL(PTRADD(COPY((unique, 0x1000001c, 2)),0x1,0x1),PTRADD(MULTIEQUAL((register, 0x82, 2),(register, 0x82, 2)),0x1,0x1)),0x1,0x1)),0x1,0x1),PTRADD(MULTIEQUAL(COPY(MULTIEQUAL(COPY(PTRADD((register, 0x82, 2),0x1,0x1)),COPY(PTRADD((register, 0x82, 2),0x2,0x1)),COPY(PTRADD((register, 0x82, 2),0x2,0x1)))),PTRADD(MULTIEQUAL(COPY(MULTIEQUAL((unique, 0x10000...[truncated])		
decompiler	CODE:af88	CODE:aff1	MOVC A,@A+DPTR	59	read	CODE	1	PTRADD(MULTIEQUAL(0xb022,PTRADD(MULTIEQUAL(PTRADD(COPY(MULTIEQUAL((unique, 0x10000016, 2),(unique, 0x10000018, 2),(unique, 0x10000018, 2))),0x1,0x1),PTRADD(MULTIEQUAL(PTRADD((register, 0x82, 2),0x1,0x1),PTRADD((register, 0x82, 2),0x1,0x1)),0x1,0x1)),0x1,0x1),PTRADD(MULTIEQUAL(COPY(MULTIEQUAL(COPY((register, 0x82, 2)),COPY((register, 0x82, 2)),COPY((register, 0x82, 2)))),PTRADD(MULTIEQUAL(COPY((unique, 0x1000001c, 2)),PTRADD((register, 0x82, 2),0x1,0x1)),0x1,0x1)),0x1,0x1),PTRADD(MULTIEQUAL(PTRADD(COPY(MULTI...[truncated])		
decompiler	CODE:af88	CODE:b004	MOVC A,@A+DPTR	441	read	CODE	2	CAST(COPY(MULTIEQUAL(COPY(PTRADD(MULTIEQUAL(0xb022,PTRADD((register, 0x82, 2),0x1,0x1),PTRADD((register, 0x82, 2),0x1,0x1),PTRADD((register, 0x82, 2),0x1,0x1)),0x1,0x1)),COPY(PTRADD(MULTIEQUAL(0xb022,PTRADD((register, 0x82, 2),0x1,0x1),PTRADD((register, 0x82, 2),0x1,0x1),PTRADD((register, 0x82, 2),0x1,0x1)),0x2,0x1)),COPY(PTRADD(MULTIEQUAL(0xb022,PTRADD((register, 0x82, 2),0x1,0x1),PTRADD((register, 0x82, 2),0x1,0x1),PTRADD((register, 0x82, 2),0x1,0x1)),0x2,0x1)))))		
decompiler	CODE:af88	CODE:b008	MOVC A,@A+DPTR	109	read	CODE	1	MULTIEQUAL(PTRADD(COPY(MULTIEQUAL(COPY(PTRADD(MULTIEQUAL((register, 0x82, 2),(register, 0x82, 2),(register, 0x82, 2),(register, 0x82, 2)),0x1,0x1)),COPY(PTRADD(MULTIEQUAL((register, 0x82, 2),(register, 0x82, 2),(register, 0x82, 2),(register, 0x82, 2)),0x2,0x1)),COPY(PTRADD(MULTIEQUAL((register, 0x82, 2),(register, 0x82, 2),(register, 0x82, 2),(register, 0x82, 2)),0x2,0x1)))),0x2,0x1),PTRADD(MULTIEQUAL(PTRADD(COPY(MULTIEQUAL(COPY((register, 0x82, 2)),COPY((register, 0x82, 2)),COPY((register, 0x82, 2)))),0x2,...[truncated])		
decompiler	CODE:af88	CODE:b012	MOVX @DPTR,A	131	write	EXTMEM	1	MULTIEQUAL(LOAD(0x211,CAST(COPY(MULTIEQUAL(COPY(PTRADD((register, 0x82, 2),0x1,0x1)),COPY(PTRADD((register, 0x82, 2),0x2,0x1)),COPY(PTRADD((register, 0x82, 2),0x2,0x1)))))),PTRADD(MULTIEQUAL(LOAD(0x211,CAST(COPY(MULTIEQUAL((unique, 0x10000016, 2),(unique, 0x10000018, 2),(unique, 0x10000018, 2))))),PTRADD(MULTIEQUAL(LOAD(0x211,CAST((register, 0x82, 2))),PTRADD(MULTIEQUAL((unique, 0x10000012, 2),(register, 0x82, 2),(register, 0x82, 2)),0x1,0x1),PTRADD(MULTIEQUAL((unique, 0x10000012, 2),(register, 0x82, 2),(re...[truncated])		LOAD(0x211,MULTIEQUAL(PTRADD(COPY(MULTIEQUAL((unique, 0x10000016, 2),(unique, 0x10000018, 2),(unique, 0x10000018, 2))),0x2,0x1),PTRADD(MULTIEQUAL(PTRADD((register, 0x82, 2),0x2,0x1),PTRADD((register, 0x82, 2),0x1,0x1),PTRADD((register, 0x82, 2),0x1,0x1)),0x1,0x1),PTRADD(MULTIEQUAL(PTRADD((register, 0x82, 2),0x2,0x1),PTRADD((register, 0x82, 2),0x1,0x1),PTRADD((register, 0x82, 2),0x1,0x1)),0x1,0x1)))
