phase	function	instruction	disassembly	op_index	direction	space	bytes	address_expression	resolved_address	value_expression
decompiler	CODE:1000	CODE:af8b	MOV @R0,A	4	write	INTMEM	1	MULTIEQUAL(0xff,PTRADD(MULTIEQUAL(0xff,PTRADD(MULTIEQUAL(0xff,PTRADD(MULTIEQUAL((register, 0x0, 1),(register, 0x0, 1)),0xff,0x1)),0xff,0x1)),0xff,0x1))		0x0
decompiler	CODE:1000	CODE:af96	MOVX @DPTR,A	14	write	EXTMEM	1	MULTIEQUAL(0x0,PTRADD(MULTIEQUAL(0x0,PTRADD(MULTIEQUAL(0x0,PTRADD(MULTIEQUAL((register, 0x82, 2),(register, 0x82, 2),(register, 0x82, 2)),0x1,0x1),PTRADD(MULTIEQUAL((register, 0x82, 2),(register, 0x82, 2),(register, 0x82, 2)),0x1,0x1)),0x1,0x1),PTRADD(MULTIEQUAL(0x0,PTRADD(MULTIEQUAL((register, 0x82, 2),(register, 0x82, 2),(register, 0x82, 2)),0x1,0x1),PTRADD(MULTIEQUAL((register, 0x82, 2),(register, 0x82, 2),(register, 0x82, 2)),0x1,0x1)),0x1,0x1)),0x1,0x1),PTRADD(MULTIEQUAL(0x0,PTRADD(MULTIEQUAL(0x0,PTRAD...[truncated])		0x0
decompiler	CODE:1000	CODE:afa6	MOVC A,@A+DPTR	246	read	CODE	1	COPY(MULTIEQUAL(COPY(PTRADD(MULTIEQUAL(0xb022,PTRADD(MULTIEQUAL((register, 0x82, 2),(register, 0x82, 2)),0x1,0x1),PTRADD(MULTIEQUAL((register, 0x82, 2),(register, 0x82, 2)),0x1,0x1),PTRADD(MULTIEQUAL((register, 0x82, 2),(register, 0x82, 2),(register, 0x82, 2)),0x1,0x1)),0x1,0x1)),COPY(PTRADD(MULTIEQUAL(0xb022,PTRADD(MULTIEQUAL((register, 0x82, 2),(register, 0x82, 2)),0x1,0x1),PTRADD(MULTIEQUAL((register, 0x82, 2),(register, 0x82, 2)),0x1,0x1),PTRADD(MULTIEQUAL((register, 0x82, 2),(register, 0x82, 2),(regist...[truncated])		
decompiler	CODE:1000	CODE:afaa	MOVC A,@A+DPTR	252	read	CODE	1	MULTIEQUAL(PTRADD(COPY(MULTIEQUAL(COPY(PTRADD(MULTIEQUAL((register, 0x82, 2),(register, 0x82, 2),(register, 0x82, 2),(register, 0x82, 2)),0x1,0x1)),COPY(PTRADD(MULTIEQUAL((register, 0x82, 2),(register, 0x82, 2),(register, 0x82, 2),(register, 0x82, 2)),0x2,0x1)),COPY(PTRADD(MULTIEQUAL((register, 0x82, 2),(register, 0x82, 2),(register, 0x82, 2),(register, 0x82, 2)),0x2,0x1)))),0x1,0x1),PTRADD(MULTIEQUAL(PTRADD(COPY(MULTIEQUAL(COPY((register, 0x82, 2)),COPY((register, 0x82, 2)),COPY((register, 0x82, 2)))),0x1,...[truncated])		
decompiler	CODE:1000	CODE:afae	MOV @R0,A	258	write	INTMEM	1	MULTIEQUAL(CAST(LOAD(0x211,COPY(MULTIEQUAL(COPY(PTRADD((register, 0x82, 2),0x1,0x1)),COPY(PTRADD((register, 0x82, 2),0x2,0x1)),COPY(PTRADD((register, 0x82, 2),0x2,0x1)))))),PTRADD(MULTIEQUAL(CAST(LOAD(0x211,COPY(MULTIEQUAL((unique, 0x10000016, 2),(unique, 0x10000018, 2),(unique, 0x10000018, 2))))),PTRADD(MULTIEQUAL(CAST(LOAD(0x211,(register, 0x82, 2))),PTRADD(MULTIEQUAL((register, 0xb, 1),(register, 0x0, 1)),0x1,0x1)),0x1,0x1)),0x1,0x1))		LOAD(0x211,MULTIEQUAL(PTRADD(COPY(MULTIEQUAL((unique, 0x10000016, 2),(unique, 0x10000018, 2),(unique, 0x10000018, 2))),0x1,0x1),PTRADD(MULTIEQUAL(PTRADD((register, 0x82, 2),0x1,0x1),PTRADD((register, 0x82, 2),0x1,0x1)),0x1,0x1)))
decompiler	CODE:1000	CODE:afb1	MOVX @R0,A	267	write	EXTMEM	1	CAST(INT_ZEXT(MULTIEQUAL(CAST(LOAD(0x211,COPY(MULTIEQUAL((unique, 0x10000016, 2),(unique, 0x10000018, 2),(unique, 0x10000018, 2))))),PTRADD(MULTIEQUAL(CAST(LOAD(0x211,(register, 0x82, 2))),PTRADD(MULTIEQUAL((register, 0xb, 1),(register, 0x0, 1)),0x1,0x1)),0x1,0x1))))		LOAD(0x211,MULTIEQUAL(PTRADD(COPY(MULTIEQUAL((unique, 0x10000016, 2),(unique, 0x10000018, 2),(unique, 0x10000018, 2))),0x1,0x1),PTRADD(MULTIEQUAL(PTRADD((register, 0x82, 2),0x1,0x1),PTRADD((register, 0x82, 2),0x1,0x1)),0x1,0x1)))
decompiler	CODE:1000	CODE:afb8	MOVC A,@A+DPTR	162	read	CODE	1	MULTIEQUAL(COPY(MULTIEQUAL(COPY(PTRADD(MULTIEQUAL(0xb022,PTRADD((register, 0x82, 2),0x1,0x1),PTRADD((register, 0x82, 2),0x1,0x1),PTRADD((register, 0x82, 2),0x1,0x1)),0x1,0x1)),COPY(PTRADD(MULTIEQUAL(0xb022,PTRADD((register, 0x82, 2),0x1,0x1),PTRADD((register, 0x82, 2),0x1,0x1),PTRADD((register, 0x82, 2),0x1,0x1)),0x2,0x1)),COPY(PTRADD(MULTIEQUAL(0xb022,PTRADD((register, 0x82, 2),0x1,0x1),PTRADD((register, 0x82, 2),0x1,0x1),PTRADD((register, 0x82, 2),0x1,0x1)),0x2,0x1)))),PTRADD(MULTIEQUAL(COPY(MULTIEQUAL(CO...[truncated])		
decompiler	CODE:1000	CODE:afc8	MOVC A,@A+PC	219	read	CODE	1	CAST(INT_ADD(INT_ZEXT(INT_ADD(INT_AND(LOAD(0x211,MULTIEQUAL((register, 0x82, 2),(register, 0x82, 2))),0x7),0xc)),0xafc9))		
decompiler	CODE:1000	CODE:afcc	ANL A,@R0	224	read	INTMEM	1	CAST(INT_OR(INT_RIGHT(INT_AND(LOAD(0x211,MULTIEQUAL(COPY((unique, 0x1000001c, 2)),PTRADD((register, 0x82, 2),0x1,0x1))),0x7f),0x3),0x20))		
decompiler	CODE:1000	CODE:afcf	ORL A,@R0	241	read	INTMEM	1	CAST(INT_OR(INT_RIGHT(INT_AND(LOAD(0x211,MULTIEQUAL(COPY((unique, 0x1000001c, 2)),PTRADD((register, 0x82, 2),0x1,0x1))),0x7f),0x3),0x20))		
decompiler	CODE:1000	CODE:afd0	MOV @R0,A	236	write	INTMEM	1	CAST(INT_OR(INT_RIGHT(INT_AND(LOAD(0x211,MULTIEQUAL(COPY((unique, 0x1000001c, 2)),PTRADD((register, 0x82, 2),0x1,0x1))),0x7f),0x3),0x20))		MULTIEQUAL(INT_AND(INT_NEGATE(LOAD(0x211,CAST((unique, 0x10000022, 2)))),LOAD(0x281,CAST(INT_OR((unique, 0x11600, 1),0x20)))),INT_OR(LOAD(0x211,CAST(INT_ADD((unique, 0x2500, 2),0xafc9))),LOAD(0x281,CAST(INT_OR((unique, 0x11600, 1),0x20)))))
decompiler	CODE:1000	CODE:afe3	MOVC A,@A+DPTR	29	read	CODE	1	MULTIEQUAL(0xb022,PTRADD(MULTIEQUAL(PTRADD(COPY(MULTIEQUAL(COPY((register, 0x82, 2)),COPY((register, 0x82, 2)),COPY((register, 0x82, 2)))),0x1,0x1),PTRADD(MULTIEQUAL(PTRADD(COPY((unique, 0x1000001c, 2)),0x1,0x1),PTRADD(MULTIEQUAL((register, 0x82, 2),(register, 0x82, 2)),0x1,0x1)),0x1,0x1)),0x1,0x1),PTRADD(MULTIEQUAL(COPY(MULTIEQUAL(COPY(PTRADD((register, 0x82, 2),0x1,0x1)),COPY(PTRADD((register, 0x82, 2),0x2,0x1)),COPY(PTRADD((register, 0x82, 2),0x2,0x1)))),PTRADD(MULTIEQUAL(COPY(MULTIEQUAL((unique, 0x10000...[truncated])		
decompiler	CODE:1000	CODE:aff1	MOVC A,@A+DPTR	60	read	CODE	1	PTRADD(MULTIEQUAL(0xb022,PTRADD(MULTIEQUAL(PTRADD(COPY(MULTIEQUAL((unique, 0x10000016, 2),(unique, 0x10000018, 2),(unique, 0x10000018, 2))),0x1,0x1),PTRADD(MULTIEQUAL(PTRADD((register, 0x82, 2),0x1,0x1),PTRADD((register, 0x82, 2),0x1,0x1)),0x1,0x1)),0x1,0x1),PTRADD(MULTIEQUAL(COPY(MULTIEQUAL(COPY((register, 0x82, 2)),COPY((register, 0x82, 2)),COPY((register, 0x82, 2)))),PTRADD(MULTIEQUAL(COPY((unique, 0x1000001c, 2)),PTRADD((register, 0x82, 2),0x1,0x1)),0x1,0x1)),0x1,0x1),PTRADD(MULTIEQUAL(PTRADD(COPY(MULTI...[truncated])		
decompiler	CODE:1000	CODE:b004	MOVC A,@A+DPTR	442	read	CODE	2	CAST(COPY(MULTIEQUAL(COPY(PTRADD(MULTIEQUAL(0xb022,PTRADD((register, 0x82, 2),0x1,0x1),PTRADD((register, 0x82, 2),0x1,0x1),PTRADD((register, 0x82, 2),0x1,0x1)),0x1,0x1)),COPY(PTRADD(MULTIEQUAL(0xb022,PTRADD((register, 0x82, 2),0x1,0x1),PTRADD((register, 0x82, 2),0x1,0x1),PTRADD((register, 0x82, 2),0x1,0x1)),0x2,0x1)),COPY(PTRADD(MULTIEQUAL(0xb022,PTRADD((register, 0x82, 2),0x1,0x1),PTRADD((register, 0x82, 2),0x1,0x1),PTRADD((register, 0x82, 2),0x1,0x1)),0x2,0x1)))))		
decompiler	CODE:1000	CODE:b008	MOVC A,@A+DPTR	110	read	CODE	1	MULTIEQUAL(PTRADD(COPY(MULTIEQUAL(COPY(PTRADD(MULTIEQUAL((register, 0x82, 2),(register, 0x82, 2),(register, 0x82, 2),(register, 0x82, 2)),0x1,0x1)),COPY(PTRADD(MULTIEQUAL((register, 0x82, 2),(register, 0x82, 2),(register, 0x82, 2),(register, 0x82, 2)),0x2,0x1)),COPY(PTRADD(MULTIEQUAL((register, 0x82, 2),(register, 0x82, 2),(register, 0x82, 2),(register, 0x82, 2)),0x2,0x1)))),0x2,0x1),PTRADD(MULTIEQUAL(PTRADD(COPY(MULTIEQUAL(COPY((register, 0x82, 2)),COPY((register, 0x82, 2)),COPY((register, 0x82, 2)))),0x2,...[truncated])		
decompiler	CODE:1000	CODE:b012	MOVX @DPTR,A	132	write	EXTMEM	1	MULTIEQUAL(LOAD(0x211,CAST(COPY(MULTIEQUAL(COPY(PTRADD((register, 0x82, 2),0x1,0x1)),COPY(PTRADD((register, 0x82, 2),0x2,0x1)),COPY(PTRADD((register, 0x82, 2),0x2,0x1)))))),PTRADD(MULTIEQUAL(LOAD(0x211,CAST(COPY(MULTIEQUAL((unique, 0x10000016, 2),(unique, 0x10000018, 2),(unique, 0x10000018, 2))))),PTRADD(MULTIEQUAL(LOAD(0x211,CAST((register, 0x82, 2))),PTRADD(MULTIEQUAL((unique, 0x10000012, 2),(register, 0x82, 2),(register, 0x82, 2)),0x1,0x1),PTRADD(MULTIEQUAL((unique, 0x10000012, 2),(register, 0x82, 2),(re...[truncated])		LOAD(0x211,MULTIEQUAL(PTRADD(COPY(MULTIEQUAL((unique, 0x10000016, 2),(unique, 0x10000018, 2),(unique, 0x10000018, 2))),0x2,0x1),PTRADD(MULTIEQUAL(PTRADD((register, 0x82, 2),0x2,0x1),PTRADD((register, 0x82, 2),0x1,0x1),PTRADD((register, 0x82, 2),0x1,0x1)),0x1,0x1),PTRADD(MULTIEQUAL(PTRADD((register, 0x82, 2),0x2,0x1),PTRADD((register, 0x82, 2),0x1,0x1),PTRADD((register, 0x82, 2),0x1,0x1)),0x1,0x1)))
decompiler	CODE:104b	CODE:5c7a	INC @R0	70	read	INTMEM	1	INDIRECT(0xce,0x45)		
decompiler	CODE:104b	CODE:5c7a	INC @R0	72	write	INTMEM	1	INDIRECT(0xce,0x45)		INT_ADD(LOAD(0x281,INDIRECT(0xce,0x45)),0x1)
decompiler	CODE:104b	CODE:5c7b	MOV A,@R0	73	read	INTMEM	1	INDIRECT(0xce,0x45)		
decompiler	CODE:104b	CODE:5c81	MOV @R0,#0x0	89	write	INTMEM	1	INDIRECT(0xce,0x45)		0x0
decompiler	CODE:10b6	CODE:1691	MOVX @DPTR,A	127	write	EXTMEM	1	INDIRECT(INDIRECT(INDIRECT(INDIRECT(0x4a5,0x37),0x56),0x5e),0x7b)		0x73
decompiler	CODE:1800	CODE:1913	MOV @R0,0x07	1671	write	INTMEM	1	CAST(INT_ADD(INDIRECT(MULTIEQUAL(INDIRECT(INDIRECT(INDIRECT((register, 0x6, 1),0x647),0x653),0x65b),INDIRECT(INDIRECT(INDIRECT((register, 0x6, 1),0x769),0x775),0x77d)),0x671),0x89))		mem[INTMEM:07]
decompiler	CODE:1800	CODE:19ff	MOVX A,@DPTR	379	read	EXTMEM	1	CAST(INT_ADD(PIECE(CALL(0x25e025e024f1f582,mem[EXTMEM:04d2]),INDIRECT(0xd2,0x177)),0x1))		
decompiler	CODE:1800	CODE:1a20	MOVX A,@DPTR	773	read	EXTMEM	1	INDIRECT(0x4cb,0x303)		
decompiler	CODE:1800	CODE:1a23	MOVX A,@DPTR	778	read	EXTMEM	1	PTRADD(INDIRECT(0x4cb,0x303),0x1,0x1)		
decompiler	CODE:1800	CODE:1a52	MOVX A,@DPTR	874	read	EXTMEM	1	CAST(PIECE(CALL(0x9004d2e025e025e0),INDIRECT(SUBPIECE(INDIRECT(0x4cb,0x35d),0x0),0x367)))		
decompiler	CODE:1800	CODE:1a71	MOVX A,@DPTR	1078	read	EXTMEM	1	CAST(PIECE(CALL(0x9004d2e025e025e0,MULTIEQUAL(CALL(0x4fff9004caeef0a3,INT_AND(mem[EXTMEM:04cb],0x1),INT_OR(INT_AND(mem[EXTMEM:04ca],0xfe),INT_CARRY((register, 0x3, 1),(register, 0x3, 1))),INT_MULT(INDIRECT((unique, 0x2900, 1),0x31c),0x2)),INT_SRIGHT(INT_LEFT(INT_LESS((unique, 0xfc00, 1),0x3d),0x7),0x7))),INDIRECT(SUBPIECE(MULTIEQUAL(INDIRECT(0x4cb,0x35d),CAST(PIECE((register, 0xb, 1),(register, 0x83, 1)))),0x0),0x433)))		
decompiler	CODE:1800	CODE:1aa8	MOVX A,@DPTR	994	read	EXTMEM	1	INDIRECT(0x4d2,0x3e0)		
decompiler	CODE:1800	CODE:1ab7	MOVX @DPTR,A	1018	write	EXTMEM	1	PTRADD(INDIRECT(PTRADD(INDIRECT(0x4d2,0x3e0),0x1,0x1),0x3f4),0x1,0x1)		0x0
decompiler	CODE:1800	CODE:1aba	MOVX @DPTR,A	1023	write	EXTMEM	1	PTRADD(INDIRECT(PTRADD(INDIRECT(0x4d2,0x3e0),0x1,0x1),0x3f4),0x2,0x1)		mem[INTMEM:05]
decompiler	CODE:1800	CODE:1ac0	MOVX A,@DPTR	1034	read	EXTMEM	1	CAST(PIECE(CALL(0x9004d2e025e025e0),SUBPIECE(INDIRECT(PTRADD(INDIRECT(PTRADD((register, 0x82, 2),0x1,0x1),0x3f4),0x2,0x1),0x407),0x0)))		
decompiler	CODE:1800	CODE:1aca	MOVX @DPTR,A	1061	write	EXTMEM	1	MULTIEQUAL(0x4da,INDIRECT(INDIRECT(INDIRECT(INDIRECT(0x4d2,0x56b),0x573),0x597),0x5bb))		MULTIEQUAL(0x0,CALL(0xffee54039004d822))
decompiler	CODE:1800	CODE:1acd	MOVX @DPTR,A	1066	write	EXTMEM	1	PTRADD(MULTIEQUAL(0x4da,INDIRECT(INDIRECT(INDIRECT(INDIRECT(0x4d2,0x56b),0x573),0x597),0x5bb)),0x1,0x1)		MULTIEQUAL(INT_RIGHT(LOAD(0x311,CAST(PIECE((register, 0xb, 1),(register, 0x83, 1)))),0x1),INDIRECT(INDIRECT(INDIRECT(INDIRECT((register, 0x7, 1),0x56b),0x573),0x597),0x5bb))
decompiler	CODE:1800	CODE:1b59	MOVX @DPTR,A	707	write	EXTMEM	1	INDIRECT(INDIRECT(INDIRECT(INDIRECT(0x4d2,0x270),0x278),0x29c),0x2c0)		CALL(0xffee54039004d822)
decompiler	CODE:1800	CODE:1b5c	MOVX @DPTR,A	712	write	EXTMEM	1	PTRADD(INDIRECT(INDIRECT(INDIRECT(INDIRECT(0x4d2,0x270),0x278),0x29c),0x2c0),0x1,0x1)		INDIRECT(INDIRECT(INDIRECT(INDIRECT(INDIRECT((register, 0x7, 1),0x261),0x270),0x278),0x29c),0x2c0)
decompiler	CODE:1800	CODE:1ce5	MOV @R0,0x07	168	write	INTMEM	1	CAST(INT_ADD(mem[INTMEM:b3],0x89))		mem[INTMEM:07]
decompiler	CODE:1800	CODE:1cf0	MOV @R0,0x07	190	write	INTMEM	1	CAST(INT_ADD(COPY(mem[INTMEM:b3]),0x8d))		mem[INTMEM:07]
decompiler	CODE:1800	CODE:1d04	MOVX @DPTR,A	244	write	EXTMEM	1	CAST(PIECE(INT_SUB(0x3,INT_SRIGHT(INT_LEFT(INT_LESS(0x12,COPY(mem[INTMEM:b3])),0x7),0x7)),INT_SUB(COPY(mem[INTMEM:b3]),0x13)))		INT_ADD(mem[EXTMEM:04d1],0x7)
decompiler	CODE:1d06	CODE:1d09	MOV A,@R0	4	read	INTMEM	1	CAST(INT_ADD((register, 0x0, 1),0x1))		
decompiler	CODE:1d06	CODE:1d1d	MOVX @DPTR,A	51	write	EXTMEM	1	CAST(PIECE(INT_SUB(0x5,INT_SRIGHT(INT_LEFT(INT_LESS(0x63,mem[EXTMEM:04a8]),0x7),0x7)),INT_ADD(mem[EXTMEM:04a8],0x9c)))		LOAD(0x281,CAST(INT_ADD((register, 0x0, 1),0x1)))
decompiler	CODE:1d0a	CODE:1d1d	MOVX @DPTR,A	45	write	EXTMEM	1	CAST(PIECE(INT_SUB(0x5,INT_SRIGHT(INT_LEFT(INT_LESS(0x63,mem[EXTMEM:04a8]),0x7),0x7)),INT_ADD(mem[EXTMEM:04a8],0x9c)))		(register, 0xb, 1)
decompiler	CODE:1d22	CODE:1d23	MOVX A,@DPTR	2	read	EXTMEM	1	(register, 0x82, 2)		
decompiler	CODE:1d22	CODE:1d26	MOVX @DPTR,A	8	write	EXTMEM	1	(register, 0x82, 2)		INT_ADD(LOAD(0x311,(register, 0x82, 2)),0x1)
decompiler	CODE:1d23	CODE:1d23	MOVX A,@DPTR	1	read	EXTMEM	1	(register, 0x82, 2)		
decompiler	CODE:1d23	CODE:1d26	MOVX @DPTR,A	7	write	EXTMEM	1	(register, 0x82, 2)		INT_ADD(LOAD(0x311,(register, 0x82, 2)),0x1)
decompiler	CODE:1d32	CODE:1d4e	MOVX A,@DPTR	84	read	EXTMEM	1	CAST(INT_ADD(PIECE(INT_SUB(0x3,INT_SRIGHT(INT_LEFT(INT_LESS(0xc,(unique, 0x10000003, 1)),0x7),0x7)),INT_SUB(INT_MULT((register, 0x5, 1),0x4),0xd)),0x1))		
decompiler	CODE:1d3e	CODE:1d4e	MOVX A,@DPTR	63	read	EXTMEM	1	CAST(INT_ADD(PIECE(INT_SUB(0x3,INT_SRIGHT(INT_LEFT(INT_LESS(0xc,(unique, 0x10000003, 1)),0x7),0x7)),INT_SUB(INT_MULT((register, 0xb, 1),0x4),0xd)),0x1))		
decompiler	CODE:1d49	CODE:1d4e	MOVX A,@DPTR	7	read	EXTMEM	1	CAST(INT_ADD(PIECE((register, 0xb, 1),(register, 0x83, 1)),0x1))		
decompiler	CODE:1d55	CODE:1d55	MOVX A,@DPTR	1	read	EXTMEM	1	(register, 0x82, 2)		
decompiler	CODE:1d8d	CODE:1d8d	MOV A,@R0	0	read	INTMEM	1	(register, 0x0, 1)		
decompiler	CODE:1d8d	CODE:1d90	MOV A,@R0	4	read	INTMEM	1	PTRADD((register, 0x0, 1),0x1,0x1)		
decompiler	CODE:1d8d	CODE:1d93	MOVX @DPTR,A	12	write	EXTMEM	1	CAST(INT_ADD((register, 0x82, 2),0x1))		LOAD(0x281,(register, 0x0, 1))
decompiler	CODE:1d8d	CODE:1d96	MOVX @DPTR,A	17	write	EXTMEM	1	CAST(INT_ADD((register, 0x82, 2),0x2))		LOAD(0x281,PTRADD((register, 0x0, 1),0x1,0x1))
decompiler	CODE:1da9	CODE:1dac	MOVX @DPTR,A	4	write	EXTMEM	1	CAST(PIECE((register, 0xb, 1),(register, 0x83, 1)))		(register, 0x5, 1)
decompiler	CODE:1dd3	CODE:1dd3	MOV A,@R0	0	read	INTMEM	1	(register, 0x0, 1)		
decompiler	CODE:1dd3	CODE:1dd6	MOV A,@R0	4	read	INTMEM	1	PTRADD((register, 0x0, 1),0x1,0x1)		
decompiler	CODE:1dfa	CODE:1dff	MOVX A,@DPTR	7	read	EXTMEM	1	CAST(INT_ADD(PIECE((register, 0xb, 1),(register, 0x83, 1)),0x1))		
decompiler	CODE:1e39	CODE:1e42	MOV @R0,0x06	32	write	INTMEM	1	CAST(INT_ADD(INT_MULT(mem[INTMEM:b3],0x2),0x5d))		mem[INTMEM:06]
decompiler	CODE:1e39	CODE:1e45	MOV @R0,0x07	35	write	INTMEM	1	CAST(INT_ADD(INT_MULT(mem[INTMEM:b3],0x2),0x5e))		mem[INTMEM:07]
decompiler	CODE:1e41	CODE:1e42	MOV @R0,0x06	2	write	INTMEM	1	(register, 0xb, 1)		mem[INTMEM:06]
decompiler	CODE:1e41	CODE:1e45	MOV @R0,0x07	5	write	INTMEM	1	PTRADD((register, 0xb, 1),0x1,0x1)		mem[INTMEM:07]
decompiler	CODE:1e4f	CODE:1e54	MOV @R0,A	17	write	INTMEM	1	CAST(INT_ADD((register, 0xb, 1),0x23))		0x0
decompiler	CODE:1e4f	CODE:1e5a	MOV @R0,A	35	write	INTMEM	1	CAST(INT_ADD((register, 0xb, 1),0x87))		0x0
decompiler	CODE:1e8d	CODE:1e95	MOV A,@R0	31	read	INTMEM	1	CAST(INT_ADD(INT_MULT((register, 0xb, 1),0x2),0x74))		
decompiler	CODE:1e98	CODE:1ea1	MOVX A,@DPTR	34	read	EXTMEM	1	CAST(INT_ADD((register, 0x82, 2),0x1))		
decompiler	CODE:1ea7	CODE:1eaa	MOVX A,@DPTR	6	read	EXTMEM	1	CAST(INT_ADD((register, 0x82, 2),0x1))		
decompiler	CODE:1ec9	CODE:1ed0	MOV A,@R0	18	read	INTMEM	1	CAST(INT_ADD(mem[INTMEM:b3],0x23))		
decompiler	CODE:1ef6	CODE:1ef8	MOVX @DPTR,A	4	write	EXTMEM	1	(register, 0x82, 2)		0x0
decompiler	CODE:1ef6	CODE:1efb	MOVX @DPTR,A	9	write	EXTMEM	1	PTRADD((register, 0x82, 2),0x1,0x1)		(register, 0xb, 1)
decompiler	CODE:1f10	CODE:1f10	MOVX A,@DPTR	1	read	EXTMEM	1	(register, 0x82, 2)		
decompiler	CODE:1f10	CODE:1f13	MOVX @DPTR,A	7	write	EXTMEM	1	(register, 0x82, 2)		INT_ADD(LOAD(0x311,(register, 0x82, 2)),0x1)
decompiler	CODE:1f28	CODE:1f28	MOV @R0,0x06	1	write	INTMEM	1	(register, 0x0, 1)		mem[INTMEM:06]
decompiler	CODE:1f28	CODE:1f2b	MOV @R0,0x07	4	write	INTMEM	1	PTRADD((register, 0x0, 1),0x1,0x1)		mem[INTMEM:07]
decompiler	CODE:1f30	CODE:1f30	MOVX A,@DPTR	1	read	EXTMEM	1	(register, 0x82, 2)		
decompiler	CODE:1f4c	CODE:1f53	MOV @R0,0x07	19	write	INTMEM	1	CAST(INT_ADD(mem[INTMEM:b3],0x8d))		mem[INTMEM:07]
decompiler	CODE:1f56	CODE:1f58	MOVX A,@DPTR	4	read	EXTMEM	1	(register, 0x82, 2)		
decompiler	CODE:1f56	CODE:1f5b	MOVX @DPTR,A	10	write	EXTMEM	1	(register, 0x82, 2)		INT_ADD(LOAD(0x311,(register, 0x82, 2)),0x1)
decompiler	CODE:27b2	CODE:27fc	MOVC A,@A+DPTR	120	read	CODE	1	PTRADD(0xb8f6,INT_ZEXT(mem[INTMEM:b3]),0x1)		
decompiler	CODE:2800	CODE:2829	MOVX A,@DPTR	74	read	EXTMEM	1	INDIRECT(INDIRECT(0x4aa,0x3d),0x48)		
decompiler	CODE:2800	CODE:2875	MOVX A,@DPTR	204	read	EXTMEM	1	PTRADD(INDIRECT(0x4a7,0xb7),0x1,0x1)		
decompiler	CODE:2800	CODE:2878	MOVX @DPTR,A	209	write	EXTMEM	1	PTRADD(INDIRECT(0x4a7,0xb7),0x1,0x1)		INT_OR(LOAD(0x311,PTRADD(INDIRECT(0x4a7,0xb7),0x1,0x1)),0x2)
decompiler	CODE:2800	CODE:2898	MOVX A,@DPTR	295	read	EXTMEM	1	PTRADD(INDIRECT(INDIRECT(0x4aa,0x3d),0x10e),0x1,0x1)		
decompiler	CODE:2800	CODE:289b	MOVX A,@DPTR	300	read	EXTMEM	1	PTRADD(INDIRECT(INDIRECT(0x4aa,0x3d),0x10e),0x2,0x1)		
decompiler	CODE:2800	CODE:28a6	MOVX @DPTR,A	324	write	EXTMEM	1	PTRADD(INDIRECT(INDIRECT(0x4aa,0x3d),0x10e),0x3,0x1)		0x4
decompiler	CODE:2800	CODE:28ad	MOVX @DPTR,A	337	write	EXTMEM	1	INDIRECT(PTRADD(INDIRECT(INDIRECT(0x4aa,0x3d),0x10e),0x3,0x1),0x14c)		INT_OR(INDIRECT(CALL(0x9004a5e0fea3e022),0x14c),0x4)
decompiler	CODE:2800	CODE:28bc	MOVX A,@DPTR	370	read	EXTMEM	1	PTRADD(INDIRECT(MULTIEQUAL(COPY(INDIRECT(INDIRECT(0x4aa,0x3d),0x10e)),PTRADD(INDIRECT(INDIRECT(0x4aa,0x3d),0x10e),0x2,0x1)),0x15a),0x1,0x1)		
decompiler	CODE:2800	CODE:28bf	MOVX A,@DPTR	375	read	EXTMEM	1	PTRADD(INDIRECT(MULTIEQUAL(COPY(INDIRECT(INDIRECT(0x4aa,0x3d),0x10e)),PTRADD(INDIRECT(INDIRECT(0x4aa,0x3d),0x10e),0x2,0x1)),0x15a),0x2,0x1)		
decompiler	CODE:2800	CODE:28cb	MOVX @DPTR,A	400	write	EXTMEM	1	PTRADD(INDIRECT(MULTIEQUAL(COPY(INDIRECT(INDIRECT(0x4aa,0x3d),0x10e)),PTRADD(INDIRECT(INDIRECT(0x4aa,0x3d),0x10e),0x2,0x1)),0x15a),0x3,0x1)		0x8
decompiler	CODE:2800	CODE:28d2	MOVX @DPTR,A	413	write	EXTMEM	1	INDIRECT(PTRADD(INDIRECT(MULTIEQUAL(COPY(INDIRECT(INDIRECT((register, 0x82, 2),0x3d),0x10e)),PTRADD(INDIRECT(INDIRECT((register, 0x82, 2),0x3d),0x10e),0x2,0x1)),0x15a),0x3,0x1),0x198)		INT_OR(INDIRECT(LOAD(0x311,PTRADD(INDIRECT((register, 0x82, 2),0x15a),0x2,0x1)),0x198),0x8)
decompiler	CODE:2800	CODE:28e7	MOVX A,@DPTR	456	read	EXTMEM	1	PTRADD(INDIRECT(INDIRECT(MULTIEQUAL(COPY(INDIRECT(MULTIEQUAL((unique, 0x10000039, 2),(register, 0x82, 2)),0x15a)),PTRADD(INDIRECT(MULTIEQUAL((unique, 0x10000039, 2),(register, 0x82, 2)),0x15a),0x2,0x1)),0x1a6),0x1af),0x1,0x1)		
decompiler	CODE:2800	CODE:28ea	MOVX A,@DPTR	461	read	EXTMEM	1	PTRADD(INDIRECT(INDIRECT(MULTIEQUAL(COPY(INDIRECT(MULTIEQUAL((unique, 0x10000039, 2),(register, 0x82, 2)),0x15a)),PTRADD(INDIRECT(MULTIEQUAL((unique, 0x10000039, 2),(register, 0x82, 2)),0x15a),0x2,0x1)),0x1a6),0x1af),0x2,0x1)		
decompiler	CODE:2800	CODE:28fe	MOVX @DPTR,A	505	write	EXTMEM	1	PTRADD(INDIRECT(INDIRECT(MULTIEQUAL(COPY(INDIRECT(MULTIEQUAL((unique, 0x10000039, 2),(register, 0x82, 2)),0x15a)),PTRADD(INDIRECT(MULTIEQUAL((unique, 0x10000039, 2),(register, 0x82, 2)),0x15a),0x2,0x1)),0x1a6),0x1af),0x3,0x1)		0xc
decompiler	CODE:2a5b	CODE:2a67	MOVX @DPTR,A	27	write	EXTMEM	1	INDIRECT((register, 0x82, 2),0x17)		0xe5
decompiler	CODE:2a5b	CODE:2a7d	MOVX @DPTR,A	106	write	EXTMEM	1	INDIRECT(INDIRECT((register, 0x82, 2),0x17),0x66)		INDIRECT(COPY(mem[INTMEM:5c]),0x66)
decompiler	CODE:2a5b	CODE:2a8b	MOVX @DPTR,A	137	write	EXTMEM	1	INDIRECT(INDIRECT(INDIRECT((register, 0x82, 2),0x17),0x66),0x85)		INDIRECT(COPY(mem[INTMEM:3e]),0x85)
decompiler	CODE:2a5b	CODE:2a9e	MOVX @DPTR,A	201	write	EXTMEM	1	INDIRECT(INDIRECT(INDIRECT(INDIRECT((register, 0x82, 2),0x17),0x66),0x85),0xc5)		INDIRECT(INT_AND(INT_RIGHT(mem[INTMEM:43],0x3),0x7),0xc5)
decompiler	CODE:2a5b	CODE:2aa8	MOVX @DPTR,A	228	write	EXTMEM	1	INDIRECT(INDIRECT(INDIRECT(INDIRECT(INDIRECT((register, 0x82, 2),0x17),0x66),0x85),0xc5),0xe0)		0x0
decompiler	CODE:2a5b	CODE:2ab9	MOVX @DPTR,A	263	write	EXTMEM	1	INDIRECT(INDIRECT(INDIRECT(INDIRECT(INDIRECT(INDIRECT((register, 0x82, 2),0x17),0x66),0x85),0xc5),0xe0),0x103)		INDIRECT(COPY(mem[INTMEM:46]),0x103)
decompiler	CODE:2a5b	CODE:2ac5	MOVX @DPTR,A	292	write	EXTMEM	1	INDIRECT(INDIRECT(INDIRECT(INDIRECT(INDIRECT(INDIRECT(INDIRECT((register, 0x82, 2),0x17),0x66),0x85),0xc5),0xe0),0x103),0x120)		INDIRECT(INDIRECT(COPY(mem[INTMEM:45]),0x103),0x120)
decompiler	CODE:2a5b	CODE:2adc	MOVX @DPTR,A	348	write	EXTMEM	1	INDIRECT(INDIRECT(INDIRECT(INDIRECT(INDIRECT(INDIRECT(INDIRECT((register, 0x82, 2),0x85),0xc5),0xe0),0x103),0x120),0x150),0x158)		INDIRECT(INDIRECT(INDIRECT(INDIRECT(COPY(mem[INTMEM:46]),0x103),0x120),0x150),0x158)
decompiler	CODE:2a5b	CODE:2ae4	MOVX @DPTR,A	362	write	EXTMEM	1	INDIRECT(INDIRECT(INDIRECT(INDIRECT(INDIRECT(INDIRECT(INDIRECT((register, 0x82, 2),0xc5),0xe0),0x103),0x120),0x150),0x158),0x166)		0x0
decompiler	CODE:2a5b	CODE:2af1	MOVX @DPTR,A	396	write	EXTMEM	1	INDIRECT(INDIRECT(INDIRECT(INDIRECT(INDIRECT(INDIRECT(INDIRECT((register, 0x82, 2),0x103),0x120),0x150),0x158),0x166),0x180),0x188)		INDIRECT(INDIRECT(INDIRECT(INDIRECT(INDIRECT((register, 0x5, 1),0x150),0x158),0x166),0x180),0x188)
decompiler	CODE:2a5b	CODE:2af9	MOVX @DPTR,A	410	write	EXTMEM	1	INDIRECT(INDIRECT(INDIRECT(INDIRECT(INDIRECT(INDIRECT(INDIRECT((register, 0x82, 2),0x120),0x150),0x158),0x166),0x180),0x188),0x196)		0x0
decompiler	CODE:2a5b	CODE:2b0b	MOVX @DPTR,A	464	write	EXTMEM	1	INDIRECT(INDIRECT(INDIRECT(INDIRECT(INDIRECT(INDIRECT(INDIRECT((register, 0x82, 2),0x158),0x166),0x180),0x188),0x196),0x1c4),0x1cc)		INDIRECT(INDIRECT(INDIRECT(INDIRECT(INDIRECT((register, 0x5, 1),0x180),0x188),0x196),0x1c4),0x1cc)
decompiler	CODE:2a5b	CODE:2b13	MOVX @DPTR,A	478	write	EXTMEM	1	INDIRECT(INDIRECT(INDIRECT(INDIRECT(INDIRECT(INDIRECT(INDIRECT((register, 0x82, 2),0x166),0x180),0x188),0x196),0x1c4),0x1cc),0x1da)		0x0
decompiler	CODE:2a5b	CODE:2b22	MOVX @DPTR,A	519	write	EXTMEM	1	INDIRECT(INDIRECT(INDIRECT(INDIRECT(INDIRECT(INDIRECT(INDIRECT((register, 0x82, 2),0x188),0x196),0x1c4),0x1cc),0x1da),0x1fb),0x203)		INDIRECT(INDIRECT(INDIRECT(INDIRECT(INDIRECT((register, 0x5, 1),0x1c4),0x1cc),0x1da),0x1fb),0x203)
decompiler	CODE:2a5b	CODE:2b2a	MOVX @DPTR,A	533	write	EXTMEM	1	INDIRECT(INDIRECT(INDIRECT(INDIRECT(INDIRECT(INDIRECT(INDIRECT((register, 0x82, 2),0x196),0x1c4),0x1cc),0x1da),0x1fb),0x203),0x211)		0x0
decompiler	CODE:2a5b	CODE:2b2c	MOV A,@R0	535	read	INTMEM	1	CAST(INT_ADD(INDIRECT(INDIRECT(INDIRECT(0xa3,0x1fb),0x203),0x211),0xff))		
decompiler	CODE:2a5b	CODE:2b38	MOVX @DPTR,A	576	write	EXTMEM	1	INDIRECT(INDIRECT(INDIRECT(INDIRECT(INDIRECT(INDIRECT(INDIRECT((register, 0x82, 2),0x1cc),0x1da),0x1fb),0x203),0x211),0x234),0x23c)		INDIRECT(INDIRECT(INDIRECT(INDIRECT(INDIRECT((register, 0x5, 1),0x1fb),0x203),0x211),0x234),0x23c)
decompiler	CODE:2a5b	CODE:2b40	MOVX @DPTR,A	590	write	EXTMEM	1	INDIRECT(INDIRECT(INDIRECT(INDIRECT(INDIRECT(INDIRECT(INDIRECT((register, 0x82, 2),0x1da),0x1fb),0x203),0x211),0x234),0x23c),0x24a)		0x0
decompiler	CODE:2a5b	CODE:2b42	MOV A,@R0	592	read	INTMEM	1	PTRADD(INDIRECT(INDIRECT(INDIRECT(CAST(INT_ADD(INDIRECT((register, 0x0, 1),0x211),0xff)),0x234),0x23c),0x24a),0xff,0x1)		
decompiler	CODE:2a5b	CODE:2b4c	MOVX @DPTR,A	622	write	EXTMEM	1	INDIRECT(INDIRECT(INDIRECT(INDIRECT(INDIRECT(INDIRECT(INDIRECT((register, 0x82, 2),0x203),0x211),0x234),0x23c),0x24a),0x262),0x26a)		INDIRECT(INDIRECT(INDIRECT(INDIRECT(INDIRECT((register, 0x5, 1),0x234),0x23c),0x24a),0x262),0x26a)
decompiler	CODE:2a5b	CODE:2b54	MOVX @DPTR,A	636	write	EXTMEM	1	INDIRECT(INDIRECT(INDIRECT(INDIRECT(INDIRECT(INDIRECT(INDIRECT((register, 0x82, 2),0x211),0x234),0x23c),0x24a),0x262),0x26a),0x278)		0x0
decompiler	CODE:2a5b	CODE:2b60	MOVX @DPTR,A	654	write	EXTMEM	1	INDIRECT(INDIRECT(INDIRECT(INDIRECT(INDIRECT(INDIRECT(INDIRECT((register, 0x82, 2),0x234),0x23c),0x24a),0x262),0x26a),0x278),0x28a)		INDIRECT(COPY(mem[INTMEM:94]),0x28a)
decompiler	CODE:2a5b	CODE:2b6a	MOVX @DPTR,A	675	write	EXTMEM	1	INDIRECT(INDIRECT(INDIRECT(INDIRECT(INDIRECT(INDIRECT(INDIRECT((register, 0x82, 2),0x24a),0x262),0x26a),0x278),0x28a),0x297),0x29f)		INDIRECT(INDIRECT(INDIRECT(COPY(mem[INTMEM:94]),0x28a),0x297),0x29f)
decompiler	CODE:2a5b	CODE:2b74	MOVX @DPTR,A	696	write	EXTMEM	1	INDIRECT(INDIRECT(INDIRECT(INDIRECT(INDIRECT(INDIRECT(INDIRECT((register, 0x82, 2),0x26a),0x278),0x28a),0x297),0x29f),0x2ac),0x2b4)		INDIRECT(INDIRECT(INDIRECT(INDIRECT(INDIRECT((unique, 0x1000000c, 1),0x28a),0x297),0x29f),0x2ac),0x2b4)
decompiler	CODE:2a5b	CODE:2b83	MOVX @DPTR,A	726	write	EXTMEM	1	INDIRECT(INDIRECT(INDIRECT(INDIRECT(INDIRECT(INDIRECT(INDIRECT((register, 0x82, 2),0x297),0x29f),0x2ac),0x2b4),0x2c1),0x2ca),0x2d2)		INDIRECT(INDIRECT(INDIRECT(INDIRECT(INDIRECT((register, 0x7, 1),0x2ac),0x2b4),0x2c1),0x2ca),0x2d2)
decompiler	CODE:2a5b	CODE:2b92	MOVX @DPTR,A	756	write	EXTMEM	1	INDIRECT(INDIRECT(INDIRECT(INDIRECT(INDIRECT(INDIRECT(INDIRECT((register, 0x82, 2),0x2b4),0x2c1),0x2ca),0x2d2),0x2df),0x2e8),0x2f0)		INDIRECT(INDIRECT(INDIRECT(INDIRECT(INDIRECT((register, 0x7, 1),0x2ca),0x2d2),0x2df),0x2e8),0x2f0)
decompiler	CODE:2a5b	CODE:2b9c	MOVX @DPTR,A	777	write	EXTMEM	1	INDIRECT(INDIRECT(INDIRECT(INDIRECT(INDIRECT(INDIRECT(INDIRECT((register, 0x82, 2),0x2ca),0x2d2),0x2df),0x2e8),0x2f0),0x2fd),0x305)		INDIRECT(INDIRECT(INDIRECT(INDIRECT(INDIRECT((register, 0x7, 1),0x2df),0x2e8),0x2f0),0x2fd),0x305)
decompiler	CODE:2a5b	CODE:2ba6	MOVX @DPTR,A	798	write	EXTMEM	1	INDIRECT(INDIRECT(INDIRECT(INDIRECT(INDIRECT(INDIRECT(INDIRECT((register, 0x82, 2),0x2df),0x2e8),0x2f0),0x2fd),0x305),0x312),0x31a)		INDIRECT(INDIRECT(INDIRECT(INDIRECT(INDIRECT((register, 0x7, 1),0x2f0),0x2fd),0x305),0x312),0x31a)
decompiler	CODE:2a5b	CODE:2bb5	MOVX @DPTR,A	828	write	EXTMEM	1	INDIRECT(INDIRECT(INDIRECT(INDIRECT(INDIRECT(INDIRECT(INDIRECT((register, 0x82, 2),0x2fd),0x305),0x312),0x31a),0x327),0x330),0x338)		INDIRECT(INDIRECT(INDIRECT(INDIRECT(INDIRECT((register, 0x7, 1),0x312),0x31a),0x327),0x330),0x338)
decompiler	CODE:2a5b	CODE:2bc4	MOVX @DPTR,A	858	write	EXTMEM	1	INDIRECT(INDIRECT(INDIRECT(INDIRECT(INDIRECT(INDIRECT(INDIRECT((register, 0x82, 2),0x31a),0x327),0x330),0x338),0x345),0x34e),0x356)		INDIRECT(INDIRECT(INDIRECT(INDIRECT(INDIRECT((register, 0x7, 1),0x330),0x338),0x345),0x34e),0x356)
decompiler	CODE:2a5b	CODE:2bce	MOVX @DPTR,A	879	write	EXTMEM	1	INDIRECT(INDIRECT(INDIRECT(INDIRECT(INDIRECT(INDIRECT(INDIRECT((register, 0x82, 2),0x330),0x338),0x345),0x34e),0x356),0x363),0x36b)		INDIRECT(INDIRECT(INDIRECT(INDIRECT(INDIRECT((register, 0x7, 1),0x345),0x34e),0x356),0x363),0x36b)
decompiler	CODE:2a5b	CODE:2bd8	MOVX @DPTR,A	900	write	EXTMEM	1	INDIRECT(INDIRECT(INDIRECT(INDIRECT(INDIRECT(INDIRECT(INDIRECT((register, 0x82, 2),0x345),0x34e),0x356),0x363),0x36b),0x378),0x380)		INDIRECT(INDIRECT(INDIRECT(INDIRECT(INDIRECT((register, 0x7, 1),0x356),0x363),0x36b),0x378),0x380)
decompiler	CODE:2a5b	CODE:2be7	MOVX @DPTR,A	930	write	EXTMEM	1	INDIRECT(INDIRECT(INDIRECT(INDIRECT(INDIRECT(INDIRECT(INDIRECT((register, 0x82, 2),0x363),0x36b),0x378),0x380),0x38d),0x396),0x39e)		INDIRECT(INDIRECT(INDIRECT(INDIRECT(INDIRECT((register, 0x7, 1),0x378),0x380),0x38d),0x396),0x39e)
decompiler	CODE:2a5b	CODE:2bf6	MOVX @DPTR,A	960	write	EXTMEM	1	INDIRECT(INDIRECT(INDIRECT(INDIRECT(INDIRECT(INDIRECT(INDIRECT((register, 0x82, 2),0x380),0x38d),0x396),0x39e),0x3ab),0x3b4),0x3bc)		INDIRECT(INDIRECT(INDIRECT(INDIRECT(INDIRECT((register, 0x7, 1),0x396),0x39e),0x3ab),0x3b4),0x3bc)
decompiler	CODE:2a5b	CODE:2c00	MOVX @DPTR,A	981	write	EXTMEM	1	INDIRECT(INDIRECT(INDIRECT(INDIRECT(INDIRECT(INDIRECT(INDIRECT((register, 0x82, 2),0x396),0x39e),0x3ab),0x3b4),0x3bc),0x3c9),0x3d1)		INDIRECT(INDIRECT(INDIRECT(INDIRECT(INDIRECT((register, 0x7, 1),0x3ab),0x3b4),0x3bc),0x3c9),0x3d1)
decompiler	CODE:2a5b	CODE:2c0a	MOVX @DPTR,A	1002	write	EXTMEM	1	INDIRECT(INDIRECT(INDIRECT(INDIRECT(INDIRECT(INDIRECT(INDIRECT((register, 0x82, 2),0x3ab),0x3b4),0x3bc),0x3c9),0x3d1),0x3de),0x3e6)		INDIRECT(INDIRECT(INDIRECT(INDIRECT(INDIRECT((register, 0x7, 1),0x3bc),0x3c9),0x3d1),0x3de),0x3e6)
decompiler	CODE:2a5b	CODE:2c19	MOVX @DPTR,A	1032	write	EXTMEM	1	INDIRECT(INDIRECT(INDIRECT(INDIRECT(INDIRECT(INDIRECT(INDIRECT((register, 0x82, 2),0x3c9),0x3d1),0x3de),0x3e6),0x3f3),0x3fc),0x404)		INDIRECT(INDIRECT(INDIRECT(INDIRECT(INDIRECT((register, 0x7, 1),0x3de),0x3e6),0x3f3),0x3fc),0x404)
decompiler	CODE:2a5b	CODE:2c28	MOVX @DPTR,A	1062	write	EXTMEM	1	INDIRECT(INDIRECT(INDIRECT(INDIRECT(INDIRECT(INDIRECT(INDIRECT((register, 0x82, 2),0x3e6),0x3f3),0x3fc),0x404),0x411),0x41a),0x422)		INDIRECT(INDIRECT(INDIRECT(INDIRECT(INDIRECT((register, 0x7, 1),0x3fc),0x404),0x411),0x41a),0x422)
decompiler	CODE:2a5b	CODE:2c32	MOVX @DPTR,A	1083	write	EXTMEM	1	INDIRECT(INDIRECT(INDIRECT(INDIRECT(INDIRECT(INDIRECT(INDIRECT((register, 0x82, 2),0x3fc),0x404),0x411),0x41a),0x422),0x42f),0x437)		INDIRECT(INDIRECT(INDIRECT(INDIRECT(INDIRECT((register, 0x7, 1),0x411),0x41a),0x422),0x42f),0x437)
decompiler	CODE:2a5b	CODE:2c3c	MOVX @DPTR,A	1104	write	EXTMEM	1	INDIRECT(INDIRECT(INDIRECT(INDIRECT(INDIRECT(INDIRECT(INDIRECT((register, 0x82, 2),0x411),0x41a),0x422),0x42f),0x437),0x444),0x44c)		INDIRECT(INDIRECT(INDIRECT(INDIRECT(INDIRECT((register, 0x7, 1),0x422),0x42f),0x437),0x444),0x44c)
decompiler	CODE:2a5b	CODE:2c4b	MOVX @DPTR,A	1134	write	EXTMEM	1	INDIRECT(INDIRECT(INDIRECT(INDIRECT(INDIRECT(INDIRECT(INDIRECT((register, 0x82, 2),0x42f),0x437),0x444),0x44c),0x459),0x462),0x46a)		INDIRECT(INDIRECT(INDIRECT(INDIRECT(INDIRECT((register, 0x7, 1),0x444),0x44c),0x459),0x462),0x46a)
decompiler	CODE:2a5b	CODE:2c5a	MOVX @DPTR,A	1164	write	EXTMEM	1	INDIRECT(INDIRECT(INDIRECT(INDIRECT(INDIRECT(INDIRECT(INDIRECT((register, 0x82, 2),0x44c),0x459),0x462),0x46a),0x477),0x480),0x488)		INDIRECT(INDIRECT(INDIRECT(INDIRECT(INDIRECT((register, 0x7, 1),0x462),0x46a),0x477),0x480),0x488)
decompiler	CODE:2a5b	CODE:2c64	MOVX @DPTR,A	1185	write	EXTMEM	1	INDIRECT(INDIRECT(INDIRECT(INDIRECT(INDIRECT(INDIRECT(INDIRECT((register, 0x82, 2),0x462),0x46a),0x477),0x480),0x488),0x495),0x49d)		INDIRECT(INDIRECT(INDIRECT(INDIRECT(INDIRECT((register, 0x7, 1),0x477),0x480),0x488),0x495),0x49d)
decompiler	CODE:2a5b	CODE:2c6e	MOVX @DPTR,A	1206	write	EXTMEM	1	INDIRECT(INDIRECT(INDIRECT(INDIRECT(INDIRECT(INDIRECT(INDIRECT((register, 0x82, 2),0x477),0x480),0x488),0x495),0x49d),0x4aa),0x4b2)		INDIRECT(INDIRECT(INDIRECT(INDIRECT(INDIRECT((register, 0x7, 1),0x488),0x495),0x49d),0x4aa),0x4b2)
decompiler	CODE:2a5b	CODE:2c7d	MOVX @DPTR,A	1236	write	EXTMEM	1	INDIRECT(INDIRECT(INDIRECT(INDIRECT(INDIRECT(INDIRECT(INDIRECT((register, 0x82, 2),0x495),0x49d),0x4aa),0x4b2),0x4bf),0x4c8),0x4d0)		INDIRECT(INDIRECT(INDIRECT(INDIRECT(INDIRECT((register, 0x7, 1),0x4aa),0x4b2),0x4bf),0x4c8),0x4d0)
decompiler	CODE:2a5b	CODE:2c8c	MOVX @DPTR,A	1266	write	EXTMEM	1	INDIRECT(INDIRECT(INDIRECT(INDIRECT(INDIRECT(INDIRECT(INDIRECT((register, 0x82, 2),0x4b2),0x4bf),0x4c8),0x4d0),0x4dd),0x4e6),0x4ee)		INDIRECT(INDIRECT(INDIRECT(INDIRECT(INDIRECT((register, 0x7, 1),0x4c8),0x4d0),0x4dd),0x4e6),0x4ee)
decompiler	CODE:2a5b	CODE:2c99	MOVX @DPTR,A	64	write	EXTMEM	1	INDIRECT(INDIRECT((register, 0x82, 2),0x17),0x3c)		0x0
decompiler	CODE:2ca1	CODE:2cb6	MOVX A,@DPTR	27	read	EXTMEM	1	CAST(INT_ADD(PIECE(INDIRECT((register, 0x6, 1),0xc),INDIRECT((register, 0x7, 1),0xc)),0x1))		
decompiler	CODE:2ca1	CODE:2ce6	MOVX A,@DPTR	176	read	EXTMEM	1	CAST(PIECE(INT_SUB(INDIRECT(MULTIEQUAL(INDIRECT(INDIRECT((register, 0x6, 1),0xc),0x28),INDIRECT(INDIRECT((register, 0x6, 1),0x32),0x3a)),0x8f),INT_SRIGHT(INT_LEFT(INT_LESS(0xfb,CALL(0x9004cce0fea3e022)),0x7),0x7)),INT_ADD(CALL(0x9004cce0fea3e022),0x4)))		
decompiler	CODE:2ca1	CODE:2d25	MOVX A,@DPTR	799	read	EXTMEM	1	CAST(INT_ADD(PIECE(INDIRECT(INDIRECT(INT_AND(mem[EXTMEM:04c8],0xe0),0x310),0x318),CALL(0x9004cce0fea3e022)),0x2))		
decompiler	CODE:2ca1	CODE:2d28	MOVX A,@DPTR	804	read	EXTMEM	1	CAST(INT_ADD(PIECE(INDIRECT(INDIRECT(INT_AND(mem[EXTMEM:04c8],0xe0),0x310),0x318),CALL(0x9004cce0fea3e022)),0x3))		
decompiler	CODE:2ca1	CODE:2d34	MOVX @DPTR,A	840	write	EXTMEM	1	INDIRECT(INDIRECT(CAST(INT_ADD(PIECE(INDIRECT(INDIRECT((register, 0xb, 1),0x310),0x318),CALL(0x9004cce0fea3e022)),0x3)),0x32e),0x344)		INDIRECT(INDIRECT(LOAD(0x311,CAST(INT_ADD((register, 0x82, 2),0x2))),0x32e),0x344)
decompiler	CODE:2ca1	CODE:2d37	MOVX @DPTR,A	845	write	EXTMEM	1	PTRADD(INDIRECT(INDIRECT(CAST(INT_ADD(PIECE(INDIRECT((register, 0x6, 1),0x318),CALL(0x9004cce0fea3e022)),0x3)),0x32e),0x344),0x1,0x1)		INDIRECT(INDIRECT(LOAD(0x311,CAST(INT_ADD((register, 0x82, 2),0x3))),0x32e),0x344)
decompiler	CODE:2ca1	CODE:2d3e	MOVX A,@DPTR	851	read	EXTMEM	1	CAST(INT_ADD(PIECE(INDIRECT(INDIRECT(INDIRECT(INDIRECT((register, 0xb, 1),0x310),0x318),0x32e),0x344),INDIRECT(INDIRECT(CALL(0x9004cce0fea3e022),0x32e),0x344)),0x2))		
decompiler	CODE:2ca1	CODE:2dfd	MOVX A,@DPTR	371	read	EXTMEM	1	INDIRECT(0x4c9,0x171)		
decompiler	CODE:2ca1	CODE:2e31	MOVX A,@DPTR	502	read	EXTMEM	1	CAST(PIECE(INDIRECT(INDIRECT(INDIRECT(INDIRECT(INT_LEFT((register, 0x7, 1),0x6),0x1c3),0x1d9),0x1ea),0x1f2),CALL(0x9004cce0fea3e022)))		
decompiler	CODE:2ca1	CODE:2e8e	MOVX A,@DPTR	624	read	EXTMEM	1	CAST(PIECE(INDIRECT(INDIRECT(INDIRECT(INDIRECT(MULTIEQUAL((register, 0x6, 1),(register, 0xb, 1),(register, 0x6, 1)),0x24d),0x257),0x264),0x26c),CALL(0x9004cce0fea3e022)))		
decompiler	CODE:2ca1	CODE:2ec7	MOVX @DPTR,A	107	write	EXTMEM	1	INDIRECT(MULTIEQUAL(INDIRECT(0x4c8,0x295),INDIRECT(INDIRECT(INDIRECT(MULTIEQUAL(INDIRECT((register, 0x82, 2),0x2a0),INDIRECT((register, 0x82, 2),0x2b2)),0x2cb),0x2d3),0x2dc),INDIRECT(0x4c8,0x4b)),0x67)		0x0
decompiler	CODE:2ed4	CODE:2ee7	MOVX @DPTR,A	47	write	EXTMEM	1	CAST(INT_ADD(INDIRECT((register, 0x82, 2),0x29),0x2))		INDIRECT(COPY(mem[INTMEM:ad]),0x29)
decompiler	CODE:2ed4	CODE:2f00	MOVX @DPTR,A	118	write	EXTMEM	1	INDIRECT(PTRADD(INDIRECT(CAST(INT_ADD(INDIRECT((register, 0x82, 2),0x29),0x2)),0x68),0x2,0x1),0x72)		0x0
decompiler	CODE:2ed4	CODE:2f02	MOVX @DPTR,A	122	write	EXTMEM	1	PTRADD(INDIRECT(PTRADD(INDIRECT(CAST(INT_ADD(INDIRECT((register, 0x82, 2),0x29),0x2)),0x68),0x2,0x1),0x72),0x1,0x1)		0x0
decompiler	CODE:2ed4	CODE:2f09	MOVX A,@DPTR	495	read	EXTMEM	1	PTRADD(INDIRECT(CAST(INT_ADD(INDIRECT((register, 0x82, 2),0x29),0x2)),0x1ec),0x1,0x1)		
decompiler	CODE:2ed4	CODE:2f3e	MOVX A,@DPTR	352	read	EXTMEM	1	INDIRECT(INDIRECT(0x4a7,0x156),0x15e)		
decompiler	CODE:2ed4	CODE:2f41	MOVX A,@DPTR	357	read	EXTMEM	1	PTRADD(INDIRECT(INDIRECT(0x4a7,0x156),0x15e),0x1,0x1)		
decompiler	CODE:2ed4	CODE:2fc4	MOVX A,@DPTR	226	read	EXTMEM	1	CAST(INT_ADD(PIECE(mem[EXTMEM:0752],mem[EXTMEM:0753]),0x3))		
decompiler	CODE:2ed4	CODE:2fc6	MOVX @DPTR,A	231	write	EXTMEM	1	CAST(INT_ADD(PIECE(mem[EXTMEM:0752],mem[EXTMEM:0753]),0x3))		INT_ADD(LOAD(0x311,CAST(INT_ADD(PIECE(mem[EXTMEM:0752],mem[EXTMEM:0753]),0x3))),0x1)
decompiler	CODE:2ed4	CODE:2fd9	MOVX A,@DPTR	265	read	EXTMEM	1	INDIRECT(INDIRECT(INDIRECT(0x4a6,0xf5),0xff),0x107)		
decompiler	CODE:2ed4	CODE:2fdc	MOVX A,@DPTR	270	read	EXTMEM	1	PTRADD(INDIRECT(INDIRECT(INDIRECT(0x4a6,0xf5),0xff),0x107),0x1,0x1)		
decompiler	CODE:3000	CODE:3037	MOV A,@R0	72	read	INTMEM	1	INDIRECT(INDIRECT(INDIRECT(INDIRECT((register, 0x0, 1),0x11),0x1e),0x3f),0x47)		
decompiler	CODE:3000	CODE:309a	XRL A,@R1	716	read	INTMEM	1	INDIRECT(INDIRECT(INDIRECT(INDIRECT(INDIRECT(INDIRECT((register, 0x1, 1),0x11),0x1e),0x3f),0x47),0x2bf),0x2cb)		
decompiler	CODE:3000	CODE:309f	XRL A,@R1	722	read	INTMEM	1	PTRADD(INDIRECT(INDIRECT(INDIRECT(INDIRECT(INDIRECT(INDIRECT((register, 0x1, 1),0x11),0x1e),0x3f),0x47),0x2bf),0x2cb),0xff,0x1)		
decompiler	CODE:3000	CODE:30db	XRL A,@R1	224	read	INTMEM	1	INDIRECT(INDIRECT(MULTIEQUAL(INDIRECT(INDIRECT(MULTIEQUAL(INDIRECT((register, 0x1, 1),0x97),INDIRECT((register, 0x1, 1),0x292),INDIRECT((register, 0x1, 1),0x29f),INDIRECT((register, 0x1, 1),0x2b6),INDIRECT((register, 0x1, 1),0x2bf),MULTIEQUAL((register, 0x1, 1),(register, 0x1, 1)),INDIRECT((register, 0x1, 1),0x2e7)),0xa1),0xa9),INDIRECT(0x25,0xcb)),0xd3),0xdf)		
decompiler	CODE:3000	CODE:30e0	XRL A,@R1	230	read	INTMEM	1	PTRADD(INDIRECT(INDIRECT(MULTIEQUAL(INDIRECT(INDIRECT(MULTIEQUAL((register, 0x1, 1),(register, 0x1, 1),(register, 0x1, 1),(register, 0x1, 1),(register, 0x1, 1),(register, 0x1, 1),(register, 0x1, 1)),0xa1),0xa9),INDIRECT(0x25,0xcb)),0xd3),0xdf),0xff,0x1)		
decompiler	CODE:3000	CODE:314b	MOVX @DPTR,A	342	write	EXTMEM	1	INDIRECT(INDIRECT(0x4a8,0x14a),0x152)		0xb1
decompiler	CODE:3000	CODE:3153	MOVX @DPTR,A	357	write	EXTMEM	1	INDIRECT(INDIRECT(INDIRECT(0x4a8,0x14a),0x152),0x161)		INDIRECT(INDIRECT(INDIRECT(COPY(mem[EXTMEM:04ae]),0x14a),0x152),0x161)
decompiler	CODE:3000	CODE:315b	MOVX @DPTR,A	372	write	EXTMEM	1	INDIRECT(INDIRECT(INDIRECT(INDIRECT(0x4a8,0x14a),0x152),0x161),0x170)		INDIRECT(INDIRECT(INDIRECT(INDIRECT(COPY(mem[EXTMEM:04ae]),0x14a),0x152),0x161),0x170)
decompiler	CODE:3000	CODE:3163	MOVX @DPTR,A	387	write	EXTMEM	1	INDIRECT(INDIRECT(INDIRECT(INDIRECT(INDIRECT(0x4a8,0x14a),0x152),0x161),0x170),0x17f)		INDIRECT(INDIRECT(INDIRECT(INDIRECT(INDIRECT((unique, 0x10000018, 1),0x14a),0x152),0x161),0x170),0x17f)
decompiler	CODE:3000	CODE:316b	MOVX @DPTR,A	402	write	EXTMEM	1	INDIRECT(INDIRECT(INDIRECT(INDIRECT(INDIRECT(INDIRECT(0x4a8,0x14a),0x152),0x161),0x170),0x17f),0x18e)		INDIRECT(INDIRECT(INDIRECT(INDIRECT(INDIRECT((register, 0x7, 1),0x152),0x161),0x170),0x17f),0x18e)
decompiler	CODE:3000	CODE:316d	MOV A,@R0	404	read	INTMEM	1	CAST(INT_ADD(INDIRECT(0x23,0x18e),0x1))		
decompiler	CODE:3000	CODE:3172	MOVX @DPTR,A	417	write	EXTMEM	1	INDIRECT(INDIRECT(INDIRECT(INDIRECT(INDIRECT(INDIRECT(INDIRECT((register, 0x82, 2),0x14a),0x152),0x161),0x170),0x17f),0x18e),0x19d)		INDIRECT(INDIRECT(INDIRECT(INDIRECT(INDIRECT((register, 0x7, 1),0x161),0x170),0x17f),0x18e),0x19d)
decompiler	CODE:3000	CODE:317a	MOVX @DPTR,A	432	write	EXTMEM	1	INDIRECT(INDIRECT(INDIRECT(INDIRECT(INDIRECT(INDIRECT(INDIRECT((register, 0x82, 2),0x152),0x161),0x170),0x17f),0x18e),0x19d),0x1ac)		INDIRECT(INDIRECT(INDIRECT(INDIRECT(INDIRECT((register, 0x7, 1),0x170),0x17f),0x18e),0x19d),0x1ac)
decompiler	CODE:3000	CODE:3183	MOVX @DPTR,A	448	write	EXTMEM	1	INDIRECT(0x70c,0x1bc)		INDIRECT(INDIRECT(INDIRECT(INDIRECT(INDIRECT((register, 0x7, 1),0x17f),0x18e),0x19d),0x1ac),0x1bc)
decompiler	CODE:3000	CODE:318a	MOVX @DPTR,A	461	write	EXTMEM	1	INDIRECT(INDIRECT(0x70c,0x1bc),0x1c9)		INDIRECT(INDIRECT(INDIRECT(INDIRECT(INDIRECT((register, 0x7, 1),0x18e),0x19d),0x1ac),0x1bc),0x1c9)
decompiler	CODE:3000	CODE:3190	MOVX @DPTR,A	474	write	EXTMEM	1	INDIRECT(INDIRECT(INDIRECT(0x70c,0x1bc),0x1c9),0x1d6)		INDIRECT(INDIRECT(INDIRECT(INDIRECT(INDIRECT((register, 0x7, 1),0x19d),0x1ac),0x1bc),0x1c9),0x1d6)
decompiler	CODE:3000	CODE:3197	MOVX @DPTR,A	487	write	EXTMEM	1	INDIRECT(INDIRECT(INDIRECT(INDIRECT(0x70c,0x1bc),0x1c9),0x1d6),0x1e3)		INDIRECT(INDIRECT(INDIRECT(INDIRECT(INDIRECT((register, 0x7, 1),0x1ac),0x1bc),0x1c9),0x1d6),0x1e3)
decompiler	CODE:3000	CODE:319e	MOVX @DPTR,A	500	write	EXTMEM	1	INDIRECT(INDIRECT(INDIRECT(INDIRECT(INDIRECT(0x70c,0x1bc),0x1c9),0x1d6),0x1e3),0x1f0)		INDIRECT(INDIRECT(INDIRECT(INDIRECT(INDIRECT((register, 0x7, 1),0x1bc),0x1c9),0x1d6),0x1e3),0x1f0)
decompiler	CODE:3000	CODE:31a5	MOVX @DPTR,A	513	write	EXTMEM	1	INDIRECT(INDIRECT(INDIRECT(INDIRECT(INDIRECT(INDIRECT(0x70c,0x1bc),0x1c9),0x1d6),0x1e3),0x1f0),0x1fd)		INDIRECT(INDIRECT(INDIRECT(INDIRECT(INDIRECT((register, 0x7, 1),0x1c9),0x1d6),0x1e3),0x1f0),0x1fd)
decompiler	CODE:3000	CODE:31ac	MOVX @DPTR,A	526	write	EXTMEM	1	INDIRECT(INDIRECT(INDIRECT(INDIRECT(INDIRECT(INDIRECT(INDIRECT((register, 0x82, 2),0x1bc),0x1c9),0x1d6),0x1e3),0x1f0),0x1fd),0x20a)		INDIRECT(INDIRECT(INDIRECT(INDIRECT(INDIRECT((register, 0x7, 1),0x1d6),0x1e3),0x1f0),0x1fd),0x20a)
decompiler	CODE:3000	CODE:31b4	MOVX @DPTR,A	541	write	EXTMEM	1	INDIRECT(INDIRECT(INDIRECT(INDIRECT(INDIRECT(INDIRECT(INDIRECT((register, 0x82, 2),0x1c9),0x1d6),0x1e3),0x1f0),0x1fd),0x20a),0x219)		INDIRECT(INDIRECT(INDIRECT(INDIRECT(INDIRECT((register, 0x7, 1),0x1e3),0x1f0),0x1fd),0x20a),0x219)
decompiler	CODE:3000	CODE:31bd	MOVX @DPTR,A	557	write	EXTMEM	1	INDIRECT(0x707,0x229)		INDIRECT(INDIRECT(INDIRECT(INDIRECT(INDIRECT((register, 0x7, 1),0x1f0),0x1fd),0x20a),0x219),0x229)
decompiler	CODE:3000	CODE:31c7	MOVX @DPTR,A	574	write	EXTMEM	1	INDIRECT(0x3f0,0x23a)		INDIRECT(INDIRECT(INDIRECT(INDIRECT(INDIRECT((register, 0x7, 1),0x1fd),0x20a),0x219),0x229),0x23a)
decompiler	CODE:3000	CODE:31d3	MOVX @DPTR,A	595	write	EXTMEM	1	INDIRECT(0x442,0x24f)		INDIRECT(INDIRECT(INDIRECT(INDIRECT(INDIRECT((register, 0x7, 1),0x20a),0x219),0x229),0x23a),0x24f)
decompiler	CODE:31dd	CODE:33b4	MOVX @DPTR,A	424	write	EXTMEM	1	PTRADD(INDIRECT(0x4ac,0x1a3),0x1,0x1)		INDIRECT((register, 0x7, 1),0x1a3)
decompiler	CODE:33f5	CODE:33fd	MOVX @DPTR,A	21	write	EXTMEM	1	CAST(PIECE(INT_SUB(0x3,INT_SRIGHT((register, 0x48, 1),0x7)),(register, 0xb, 1)))		0x0
decompiler	CODE:3409	CODE:341c	MOVC A,@A+DPTR	99	read	CODE	2	CAST(PIECE(INT_SUB(0xb8,INT_SRIGHT(INT_LEFT(INT_LESS(0xd,CAST((unique, 0x10000000, 1))),0x7),0x7)),INT_SUB(INT_MULT(mem[INTMEM:b3],0x2),0xe)))		
decompiler	CODE:342b	CODE:342b	MOV A,@R0	0	read	INTMEM	1	(register, 0x0, 1)		
decompiler	CODE:343f	CODE:343f	MOV A,@R0	0	read	INTMEM	1	(register, 0x0, 1)		
decompiler	CODE:344c	CODE:344c	MOV A,@R0	0	read	INTMEM	1	(register, 0x0, 1)		
decompiler	CODE:3471	CODE:3471	MOVX @DPTR,A	2	write	EXTMEM	1	(register, 0x82, 2)		(register, 0xb, 1)
decompiler	CODE:3491	CODE:349d	MOVX A,@DPTR	35	read	EXTMEM	1	CAST(PIECE(INT_SUB(0x3,INT_SRIGHT(INT_LEFT(INT_LESS(0x57,mem[INTMEM:b3]),0x7),0x7)),INT_ADD(mem[INTMEM:b3],0xa8)))		
decompiler	CODE:34d4	CODE:34d4	MOVX A,@DPTR	1	read	EXTMEM	1	(register, 0x82, 2)		
decompiler	CODE:350b	CODE:350d	MOVX A,@DPTR	2	read	EXTMEM	1	(register, 0x82, 2)		
decompiler	CODE:350b	CODE:3510	MOVX A,@DPTR	7	read	EXTMEM	1	PTRADD((register, 0x82, 2),0x1,0x1)		
decompiler	CODE:3541	CODE:3541	MOVX A,@DPTR	1	read	EXTMEM	1	(register, 0x82, 2)		
decompiler	CODE:3541	CODE:3544	MOVX A,@DPTR	6	read	EXTMEM	1	PTRADD((register, 0x82, 2),0x1,0x1)		
decompiler	CODE:355d	CODE:355d	MOVX A,@DPTR	1	read	EXTMEM	1	(register, 0x82, 2)		
decompiler	CODE:3e15	CODE:394f	MOVX A,@DPTR	563	read	EXTMEM	1	CAST(PIECE(INT_SUB(mem[EXTMEM:0754],INT_SRIGHT(INT_LEFT(INT_LESS(0xf9,mem[EXTMEM:0755]),0x7),0x7)),INT_ADD(mem[EXTMEM:0755],0x6)))		
decompiler	CODE:3e15	CODE:3952	MOVX A,@DPTR	568	read	EXTMEM	1	PTRADD(CAST(PIECE(INT_SUB(mem[EXTMEM:0754],INT_SRIGHT(INT_LEFT(INT_LESS(0xf9,mem[EXTMEM:0755]),0x7),0x7)),INT_ADD(mem[EXTMEM:0755],0x6))),0x1,0x1)		
decompiler	CODE:4000	CODE:402a	MOVX A,@DPTR	73	read	EXTMEM	1	CAST(PIECE(mem[INTMEM:02],mem[INTMEM:01]))		
decompiler	CODE:42a5	CODE:42fb	MOVX A,@DPTR	179	read	EXTMEM	1	CAST(INT_ADD(INDIRECT(INDIRECT(0x73f,0x96),0xac),0x1))		
decompiler	CODE:42a5	CODE:4354	MOVX @DPTR,A	436	write	EXTMEM	1	INDIRECT(0x73f,0x1b0)		0x0
decompiler	CODE:42a5	CODE:435b	MOVX A,@DPTR	460	read	EXTMEM	1	INDIRECT(INDIRECT(0x73f,0x1b0),0x1ca)		
decompiler	CODE:42a5	CODE:4373	MOVC A,@A+DPTR	490	read	CODE	1	PTRADD(0xb902,INT_ZEXT(mem[EXTMEM:0740]),0x1)		
decompiler	CODE:42a5	CODE:439e	MOVX A,@DPTR	216	read	EXTMEM	1	INDIRECT(INDIRECT(0x73f,0xca),0xd6)		
decompiler	CODE:42a5	CODE:43cf	MOV @R0,0x06	297	write	INTMEM	1	CAST(INT_ADD(mem[INTMEM:b9],0x93))		mem[INTMEM:06]
decompiler	CODE:43f0	CODE:43f0	MOV A,@R0	0	read	INTMEM	1	(register, 0x0, 1)		
decompiler	CODE:4436	CODE:4436	MOV A,@R0	0	read	INTMEM	1	(register, 0x0, 1)		
decompiler	CODE:4470	CODE:4470	MOVX A,@DPTR	1	read	EXTMEM	1	(register, 0x82, 2)		
decompiler	CODE:4470	CODE:4473	MOVX A,@DPTR	6	read	EXTMEM	1	PTRADD((register, 0x82, 2),0x1,0x1)		
decompiler	CODE:4495	CODE:4497	MOVX A,@DPTR	2	read	EXTMEM	1	(register, 0x82, 2)		
decompiler	CODE:4495	CODE:449a	MOVX A,@DPTR	7	read	EXTMEM	1	PTRADD((register, 0x82, 2),0x1,0x1)		
decompiler	CODE:44d1	CODE:44dd	MOVX A,@DPTR	35	read	EXTMEM	1	CAST(PIECE(INT_SUB(0x6,INT_SRIGHT(INT_LEFT(INT_LESS(0x48,mem[INTMEM:b3]),0x7),0x7)),INT_ADD(mem[INTMEM:b3],0xb7)))		
decompiler	CODE:4503	CODE:4506	MOVX A,@DPTR	6	read	EXTMEM	1	CAST(INT_ADD((register, 0x82, 2),0x1))		
decompiler	CODE:46cf	CODE:46cf	MOV A,@R0	0	read	INTMEM	1	(register, 0x0, 1)		
decompiler	CODE:46cf	CODE:46d2	MOV A,@R0	4	read	INTMEM	1	PTRADD((register, 0x0, 1),0x1,0x1)		
decompiler	CODE:4758	CODE:4758	MOVX A,@DPTR	1	read	EXTMEM	1	(register, 0x82, 2)		
decompiler	CODE:476c	CODE:476d	MOVX @DPTR,A	3	write	EXTMEM	1	(register, 0x82, 2)		(register, 0x6, 1)
decompiler	CODE:476c	CODE:4770	MOVX @DPTR,A	8	write	EXTMEM	1	PTRADD((register, 0x82, 2),0x1,0x1)		(register, 0x7, 1)
decompiler	CODE:476c	CODE:4773	MOVX @DPTR,A	13	write	EXTMEM	1	PTRADD((register, 0x82, 2),0x2,0x1)		(register, 0x4, 1)
decompiler	CODE:476c	CODE:4776	MOVX @DPTR,A	18	write	EXTMEM	1	PTRADD((register, 0x82, 2),0x3,0x1)		(register, 0x5, 1)
decompiler	CODE:4790	CODE:4790	MOVX A,@DPTR	1	read	EXTMEM	1	(register, 0x82, 2)		
decompiler	CODE:4a3f	CODE:4a82	MOVX @DPTR,A	139	write	EXTMEM	1	INDIRECT(0x3ef,0x87)		INDIRECT(INDIRECT(INDIRECT(INDIRECT(INDIRECT((register, 0x6, 1),0x3f),0x48),0x51),0x5a),0x87)
decompiler	CODE:4a3f	CODE:4a85	MOVX @DPTR,A	144	write	EXTMEM	1	PTRADD(INDIRECT(0x3ef,0x87),0x1,0x1)		INDIRECT(INT_ADD(mem[EXTMEM:03f0],INDIRECT(0x6,0x5a)),0x87)
decompiler	CODE:4d85	CODE:4d96	MOV A,@R0	29	read	INTMEM	1	CAST(INT_ADD((register, 0x7, 1),0x8d))		
decompiler	CODE:4d85	CODE:4db7	MOVX @DPTR,A	85	write	EXTMEM	1	INDIRECT(INDIRECT(0x4b7,0x49),0x51)		0xb7
decompiler	CODE:4d85	CODE:4dc1	MOVX @DPTR,A	102	write	EXTMEM	1	INDIRECT(0x4b7,0x62)		INDIRECT(INDIRECT(INDIRECT(INDIRECT((register, 0x7, 1),0x40),0x49),0x51),0x62)
decompiler	CODE:4d85	CODE:4dc6	MOV A,@R0	118	read	INTMEM	1	CAST(INT_ADD(INDIRECT(INDIRECT(INDIRECT(INDIRECT((register, 0x7, 1),0x40),0x49),0x51),0x62),0x23))		
decompiler	CODE:4d85	CODE:4dcf	MOVX @DPTR,A	133	write	EXTMEM	1	INDIRECT(0x4b7,0x81)		INDIRECT(LOAD(0x281,CAST(INT_ADD(INDIRECT((register, 0x7, 1),0x62),0x23))),0x81)
decompiler	CODE:4d85	CODE:4de0	MOVX @DPTR,A	173	write	EXTMEM	1	INDIRECT(INDIRECT(0x4b7,0xa1),0xa9)		INDIRECT(INDIRECT(INDIRECT(INDIRECT(INDIRECT((register, 0x6, 1),0x51),0x62),0x81),0xa1),0xa9)
decompiler	CODE:4d85	CODE:4deb	MOVX A,@DPTR	207	read	EXTMEM	1	CAST(PIECE(INT_SUB(0x7,INT_SRIGHT(INT_LEFT(INT_LESS(0xf3,INDIRECT((register, 0x7, 1),0xa9)),0x7),0x7)),INT_ADD(INDIRECT(INDIRECT(COPY(mem[EXTMEM:04b6]),0xa1),0xa9),0xc)))		
decompiler	CODE:4d85	CODE:4df4	MOVX @DPTR,A	222	write	EXTMEM	1	INDIRECT(0x4b7,0xda)		INDIRECT(LOAD(0x311,CAST(PIECE(INT_SUB(0x7,(unique, 0x10000000, 1)),INT_ADD((register, 0x7, 1),0xc)))),0xda)
decompiler	CODE:4f9c	CODE:4fae	MOVX A,@DPTR	40	read	EXTMEM	1	INDIRECT(MULTIEQUAL(INDIRECT((register, 0x82, 2),0x7),INDIRECT(INDIRECT(INDIRECT((register, 0x82, 2),0x7),0x12),0x1a)),0x26)		
decompiler	CODE:4f9c	CODE:4fba	MOVX A,@DPTR	78	read	EXTMEM	1	INDIRECT(INDIRECT(MULTIEQUAL(INDIRECT((register, 0x82, 2),0x7),INDIRECT(INDIRECT(INDIRECT((register, 0x82, 2),0x7),0x12),0x1a)),0x26),0x4c)		
decompiler	CODE:4f9c	CODE:4fbc	MOVX @DPTR,A	83	write	EXTMEM	1	INDIRECT(INDIRECT(MULTIEQUAL(INDIRECT((register, 0x82, 2),0x7),INDIRECT(INDIRECT(INDIRECT((register, 0x82, 2),0x7),0x12),0x1a)),0x26),0x4c)		INT_SUB(LOAD(0x311,INDIRECT(INDIRECT(MULTIEQUAL((register, 0x82, 2),(register, 0x82, 2)),0x26),0x4c)),0x1)
decompiler	CODE:4f9c	CODE:4fdb	MOVX A,@DPTR	120	read	EXTMEM	1	INDIRECT(INDIRECT(MULTIEQUAL(INDIRECT(INDIRECT(MULTIEQUAL(INDIRECT((register, 0x82, 2),0x7),INDIRECT((register, 0x82, 2),0x1a)),0x26),0x4c),INDIRECT(INDIRECT(MULTIEQUAL(INDIRECT((register, 0x82, 2),0x7),INDIRECT((register, 0x82, 2),0x1a)),0x26),0xc4)),0x6b),0x76)		
decompiler	CODE:4f9c	CODE:4fde	MOVX A,@DPTR	125	read	EXTMEM	1	PTRADD(INDIRECT(INDIRECT(MULTIEQUAL(INDIRECT(INDIRECT(MULTIEQUAL((register, 0x82, 2),(register, 0x82, 2)),0x26),0x4c),INDIRECT(INDIRECT(MULTIEQUAL((register, 0x82, 2),(register, 0x82, 2)),0x26),0xc4)),0x6b),0x76),0x1,0x1)		
decompiler	CODE:4f9c	CODE:4ffa	MOVX @DPTR,A	174	write	EXTMEM	1	INDIRECT(MULTIEQUAL(MULTIEQUAL(INDIRECT(INDIRECT(MULTIEQUAL(INDIRECT((register, 0x82, 2),0x7),INDIRECT((register, 0x82, 2),0x1a)),0x26),0x4c),INDIRECT(INDIRECT(MULTIEQUAL(INDIRECT((register, 0x82, 2),0x7),INDIRECT((register, 0x82, 2),0x1a)),0x26),0xc4)),MULTIEQUAL(INDIRECT(INDIRECT(MULTIEQUAL(INDIRECT((register, 0x82, 2),0x7),INDIRECT((register, 0x82, 2),0x1a)),0x26),0x4c),INDIRECT(INDIRECT(MULTIEQUAL(INDIRECT((register, 0x82, 2),0x7),INDIRECT((register, 0x82, 2),0x1a)),0x26),0xc4)),INDIRECT(MULTIEQUAL(INDI...[truncated])		0x0
decompiler	CODE:4f9c	CODE:4ffc	MOVX @DPTR,A	178	write	EXTMEM	1	PTRADD(INDIRECT(MULTIEQUAL(MULTIEQUAL(INDIRECT(INDIRECT(MULTIEQUAL((register, 0x82, 2),(register, 0x82, 2)),0x26),0x4c),INDIRECT(INDIRECT(MULTIEQUAL((register, 0x82, 2),(register, 0x82, 2)),0x26),0xc4)),MULTIEQUAL(INDIRECT(INDIRECT(MULTIEQUAL((register, 0x82, 2),(register, 0x82, 2)),0x26),0x4c),INDIRECT(INDIRECT(MULTIEQUAL((register, 0x82, 2),(register, 0x82, 2)),0x26),0xc4)),INDIRECT(MULTIEQUAL(INDIRECT(INDIRECT((register, 0x82, 2),0x26),0x4c),INDIRECT(INDIRECT((register, 0x82, 2),0x26),0xc4)),0x6b)),0xaa)...[truncated])		0x0
decompiler	CODE:5000	CODE:5009	MOVX A,@DPTR	7	read	EXTMEM	1	CAST(INT_ADD(PIECE((register, 0x4, 1),(register, 0x5, 1)),0x2))		
decompiler	CODE:5000	CODE:5030	MOVX A,@DPTR	74	read	EXTMEM	1	CAST(INT_ADD(PIECE(mem[EXTMEM:04b4],mem[EXTMEM:04b5]),0x2))		
decompiler	CODE:5000	CODE:5035	MOVX A,@DPTR	88	read	EXTMEM	1	CAST(INT_ADD(PIECE(mem[EXTMEM:04b4],mem[EXTMEM:04b5]),0x3))		
decompiler	CODE:5049	CODE:5058	MOVX A,@DPTR	15	read	EXTMEM	1	CAST(INT_ADD(PIECE(mem[EXTMEM:04b4],mem[EXTMEM:04b5]),0x1))		
decompiler	CODE:51f5	CODE:5058	MOVX A,@DPTR	209	read	EXTMEM	1	CAST(INT_ADD(INDIRECT((register, 0x82, 2),0xba),0x1))		
decompiler	CODE:5428	CODE:5428	MOVX A,@DPTR	1	read	EXTMEM	1	(register, 0x82, 2)		
decompiler	CODE:5428	CODE:542b	MOVX A,@DPTR	6	read	EXTMEM	1	PTRADD((register, 0x82, 2),0x1,0x1)		
decompiler	CODE:5435	CODE:5435	MOVX @DPTR,A	2	write	EXTMEM	1	(register, 0x82, 2)		(register, 0xb, 1)
decompiler	CODE:549d	CODE:54a8	MOVX A,@DPTR	12	read	EXTMEM	1	CAST(PIECE(mem[EXTMEM:0559],mem[EXTMEM:055a]))		
decompiler	CODE:54d6	CODE:5541	MOVX A,@DPTR	208	read	EXTMEM	1	INDIRECT(MULTIEQUAL(INDIRECT(MULTIEQUAL(INDIRECT(INDIRECT(INDIRECT((register, 0x82, 2),0x26),0x2e),0x4d),INDIRECT(INDIRECT(INDIRECT((register, 0x82, 2),0x57),0x7b),0x85)),0x8e),INDIRECT(INDIRECT(INDIRECT(INDIRECT(MULTIEQUAL((register, 0x82, 2),(register, 0x82, 2)),0x8e),0x98),0xbc),0xc6)),0xce)		
decompiler	CODE:5590	CODE:55a3	MOVX A,@DPTR	23	read	EXTMEM	1	CAST(PIECE(mem[INTMEM:02],mem[INTMEM:01]))		
decompiler	CODE:55aa	CODE:55aa	MOVX A,@DPTR	1	read	EXTMEM	1	(register, 0x82, 2)		
decompiler	CODE:55aa	CODE:55ad	MOVX A,@DPTR	6	read	EXTMEM	1	PTRADD((register, 0x82, 2),0x1,0x1)		
decompiler	CODE:56a8	CODE:56b4	MOVX @DPTR,A	21	write	EXTMEM	1	INDIRECT(0x4b0,0x11)		0x0
decompiler	CODE:56a8	CODE:5761	MOVX @DPTR,A	394	write	EXTMEM	1	INDIRECT(0x4b5,0x186)		INDIRECT(COPY(mem[EXTMEM:04b5]),0x186)
decompiler	CODE:58e1	CODE:59a1	MOVC A,@A+DPTR	266	read	CODE	1	CAST(PIECE(INT_SUB(0xb9,INT_SRIGHT(INT_LEFT(INT_LESS(0x59,CAST((unique, 0x10000009, 1))),0x7),0x7)),INT_ADD(INT_MULT(INDIRECT(INDIRECT(0x41,0x89),0xd7),0x2),0xa6)))		
decompiler	CODE:58e1	CODE:59a5	MOVC A,@A+DPTR	271	read	CODE	1	PTRADD(CAST(PIECE(INT_SUB(0xb9,INT_SRIGHT(INT_LEFT(INT_LESS(0x59,(unique, 0x10000021, 1)),0x7),0x7)),INT_ADD(INT_MULT(INDIRECT(INDIRECT((register, 0x7, 1),0x89),0xd7),0x2),0xa6))),0x1,0x1)		
decompiler	CODE:5c3c	CODE:5c7a	INC @R0	69	read	INTMEM	1	INDIRECT(0xce,0x44)		
decompiler	CODE:5c3c	CODE:5c7a	INC @R0	71	write	INTMEM	1	INDIRECT(0xce,0x44)		INT_ADD(LOAD(0x281,INDIRECT(0xce,0x44)),0x1)
decompiler	CODE:5c3c	CODE:5c7b	MOV A,@R0	72	read	INTMEM	1	INDIRECT(0xce,0x44)		
decompiler	CODE:5c3c	CODE:5c81	MOV @R0,#0x0	88	write	INTMEM	1	INDIRECT(0xce,0x44)		0x0
decompiler	CODE:5cfa	CODE:5d0b	MOVX A,@DPTR	37	read	EXTMEM	1	INDIRECT(0x75d,0x23)		
decompiler	CODE:5db7	CODE:5df9	MOVX A,@DPTR	108	read	EXTMEM	1	CAST(PIECE(INDIRECT(MULTIEQUAL((register, 0x6, 1),MULTIEQUAL(COPY(INDIRECT((register, 0x6, 1),0x5f)),COPY(INDIRECT((register, 0x6, 1),0xe2)),INDIRECT(MULTIEQUAL((unique, 0x10000035, 1),(unique, 0x10000036, 1)),0x137))),0x5f),INDIRECT(COPY(mem[INTMEM:16]),0x5f)))		
decompiler	CODE:5db7	CODE:5e0d	MOVX A,@DPTR	161	read	EXTMEM	1	INDIRECT(CAST(PIECE(0x4,INT_ADD(INDIRECT(COPY(mem[INTMEM:16]),0x5f),0x5))),0x9f)		
decompiler	CODE:5db7	CODE:5e1a	MOVX A,@DPTR	179	read	EXTMEM	1	CAST(INT_ADD(INDIRECT(0x4a3,0xae),0x3))		
decompiler	CODE:5db7	CODE:5e1d	MOVX A,@DPTR	184	read	EXTMEM	1	CAST(INT_ADD(INDIRECT(0x4a3,0xae),0x4))		
decompiler	CODE:5db7	CODE:5e37	MOVX A,@DPTR	234	read	EXTMEM	1	PTRADD(INDIRECT(0x4a6,0xe2),0x2,0x1)		
decompiler	CODE:5db7	CODE:5e43	MOVX A,@DPTR	251	read	EXTMEM	1	CAST(PIECE(MULTIEQUAL(SUBPIECE(INT_RIGHT(CAST(PTRADD((register, 0x82, 2),0x2,0x1)),0x8),0x0),INT_ADD(SUBPIECE(INT_RIGHT(CAST((register, 0x82, 2)),0x8),0x0),0xff)),INT_ADD(SUBPIECE(PTRADD(INDIRECT(0x4a6,0xe2),0x2,0x1),0x0),0xff)))		
decompiler	CODE:5db7	CODE:5e49	MOVX @DPTR,A	266	write	EXTMEM	1	PTRADD(INDIRECT(0x4a6,0xe2),0x1,0x1)		INT_SUB(LOAD(0x311,CAST(PIECE(MULTIEQUAL((register, 0x82, 1),(register, 0x82, 1)),INT_ADD((register, 0x83, 1),0xff)))),INT_SUB(INDIRECT(COPY(mem[EXTMEM:04a5]),0xe2),INT_SRIGHT(INT_LEFT(INT_LESS((unique, 0x2900, 1),(unique, 0x10800, 1)),0x7),0x7)))
decompiler	CODE:5db7	CODE:5e4c	MOVX @DPTR,A	271	write	EXTMEM	1	PTRADD(INDIRECT(0x4a6,0xe2),0x2,0x1)		INT_SUB(LOAD(0x311,PTRADD(INDIRECT(0x4a6,0xe2),0x2,0x1)),INT_SUB(INDIRECT(COPY(mem[EXTMEM:04a6]),0xe2),INT_SRIGHT(INDIRECT(INT_LEFT((unique, 0x300, 1),0x7),0xe2),0x7)))
decompiler	CODE:5db7	CODE:5e52	MOVX A,@DPTR	287	read	EXTMEM	1	INDIRECT(0x4a6,0x11d)		
decompiler	CODE:5db7	CODE:5e55	MOVX A,@DPTR	292	read	EXTMEM	1	PTRADD(INDIRECT(0x4a6,0x11d),0x1,0x1)		
decompiler	CODE:5db7	CODE:5e60	MOVX @DPTR,A	315	write	EXTMEM	1	INDIRECT(MULTIEQUAL(INDIRECT(CAST(PIECE(0x4,INT_ADD(INDIRECT((unique, 0x10000037, 1),0x5f),0x5))),0x9f),INDIRECT(PTRADD(INDIRECT(0x4a6,0x11d),0x1,0x1),0x12f)),0x137)		0x0
decompiler	CODE:5f2c	CODE:5f3d	MOV A,@R0	41	read	INTMEM	1	CAST(INT_SUB(mem[INTMEM:b3],0x3b))		
decompiler	CODE:5f2c	CODE:5fd7	MOV @R0,#0x1	270	write	INTMEM	1	INDIRECT(INDIRECT(INDIRECT(INDIRECT(INDIRECT(0xb2,0xe9),0xf1),0xfa),0x104),0x10c)		0x1
decompiler	CODE:6221	CODE:6224	MOVX A,@DPTR	6	read	EXTMEM	1	CAST(INT_ADD((register, 0x82, 2),0x1))		
decompiler	CODE:6248	CODE:624a	MOVX @DPTR,A	4	write	EXTMEM	1	CAST(INT_ADD((register, 0x82, 2),0x1))		0x0
decompiler	CODE:6255	CODE:6261	MOVX A,@DPTR	13	read	EXTMEM	1	CAST(PIECE((register, 0x6, 1),(register, 0x7, 1)))		
decompiler	CODE:6258	CODE:6259	MOVX @DPTR,A	3	write	EXTMEM	1	(register, 0x82, 2)		(register, 0x6, 1)
decompiler	CODE:6258	CODE:625c	MOVX @DPTR,A	8	write	EXTMEM	1	PTRADD((register, 0x82, 2),0x1,0x1)		(register, 0x7, 1)
decompiler	CODE:6258	CODE:6261	MOVX A,@DPTR	12	read	EXTMEM	1	CAST(PIECE((register, 0x6, 1),(register, 0x7, 1)))		
decompiler	CODE:6263	CODE:6264	MOVX A,@DPTR	2	read	EXTMEM	1	CAST(INT_ADD((register, 0x82, 2),0x1))		
decompiler	CODE:628b	CODE:628b	MOV A,@R0	0	read	INTMEM	1	(register, 0x0, 1)		
decompiler	CODE:6293	CODE:6296	MOVX A,@DPTR	29	read	EXTMEM	2	(register, 0x82, 2)		
decompiler	CODE:6293	CODE:629c	MOVX @DPTR,A	13	write	EXTMEM	1	CAST(LOAD(0x311,(register, 0x82, 2)))		(register, 0x7, 1)
decompiler	CODE:62ae	CODE:62ae	MOVX A,@DPTR	1	read	EXTMEM	1	(register, 0x82, 2)		
decompiler	CODE:6361	CODE:639f	MOV @R0,A	247	write	INTMEM	1	INDIRECT(INDIRECT(0xc0,0xec),0xf4)		0x0
decompiler	CODE:6406	CODE:6414	MOV A,@R0	26	read	INTMEM	1	CAST(INT_ADD(mem[INTMEM:b3],0x23))		
decompiler	CODE:6406	CODE:6432	MOVX @DPTR,A	66	write	EXTMEM	1	INDIRECT(INDIRECT(0x4b2,0x36),0x3e)		0xb5
decompiler	CODE:6406	CODE:643f	MOVX @DPTR,A	84	write	EXTMEM	1	INDIRECT(0x4b2,0x50)		INDIRECT(COPY(mem[EXTMEM:04b3]),0x50)
decompiler	CODE:6406	CODE:644d	MOVX @DPTR,A	113	write	EXTMEM	1	INDIRECT(INDIRECT(0x4b2,0x65),0x6d)		INDIRECT(INDIRECT(INDIRECT(INDIRECT(INDIRECT((register, 0x6, 1),0x3e),0x50),0x5c),0x65),0x6d)
decompiler	CODE:6406	CODE:645a	MOVX @DPTR,A	160	write	EXTMEM	1	INDIRECT(INDIRECT(INDIRECT(INDIRECT(0x4b2,0x65),0x6d),0x94),0x9c)		INDIRECT(INDIRECT(INDIRECT(INDIRECT(INDIRECT((register, 0x5, 1),0x5c),0x65),0x6d),0x94),0x9c)
decompiler	CODE:6406	CODE:6464	MOVX @DPTR,A	175	write	EXTMEM	1	INDIRECT(0x4b2,0xab)		INDIRECT(COPY(INDIRECT(INDIRECT(INDIRECT((register, 0x6, 1),0x6d),0x94),0x9c)),0xab)
decompiler	CODE:6406	CODE:6474	MOVX @DPTR,A	225	write	EXTMEM	1	INDIRECT(INDIRECT(0x4b3,0xd5),0xdd)		INDIRECT(INDIRECT(INDIRECT(INDIRECT(INDIRECT((register, 0x5, 1),0x94),0x9c),0xab),0xd5),0xdd)
decompiler	CODE:6406	CODE:647e	MOVX @DPTR,A	240	write	EXTMEM	1	INDIRECT(0x4b2,0xec)		INDIRECT(INDIRECT(INDIRECT(INDIRECT(INDIRECT((register, 0x6, 1),0x9c),0xab),0xd5),0xdd),0xec)
decompiler	CODE:6406	CODE:648a	MOVX @DPTR,A	257	write	EXTMEM	1	INDIRECT(0x4b2,0xfd)		INDIRECT(COPY(mem[INTMEM:6c]),0xfd)
decompiler	CODE:6406	CODE:6497	MOVX @DPTR,A	275	write	EXTMEM	1	INDIRECT(0x4b2,0x10f)		INDIRECT(COPY(mem[EXTMEM:0707]),0x10f)
decompiler	CODE:64a1	CODE:6534	MOVX A,@DPTR	305	read	EXTMEM	1	INDIRECT(MULTIEQUAL(INDIRECT(0x5a,0x10b),0x3ec),0x12f)		
decompiler	CODE:65d3	CODE:6629	MOVX @DPTR,A	108	write	EXTMEM	1	PTRADD(INDIRECT(0x754,0x67),0x1,0x1)		INDIRECT(COPY(mem[EXTMEM:04ac]),0x67)
decompiler	CODE:666b	CODE:668d	MOVX A,@DPTR	56	read	EXTMEM	1	CAST(PIECE(CALL(0xef75f008a42457f5,INT_SUB(mem[EXTMEM:04ca],0xc)),INDIRECT(0xca,0x35)))		
decompiler	CODE:666b	CODE:669c	MOVX A,@DPTR	100	read	EXTMEM	1	INDIRECT(CAST(PIECE(CALL(0xef75f008a42457f5,INT_SUB(mem[EXTMEM:04ca],0xc)),INT_ADD(INDIRECT(0xca,0x35),0x5))),0x62)		
decompiler	CODE:666b	CODE:66a4	MOVX A,@DPTR	108	read	EXTMEM	1	CAST(PIECE(MULTIEQUAL(INDIRECT(MULTIEQUAL(INDIRECT(INDIRECT((register, 0x6, 1),0xd),0x16),INDIRECT(INDIRECT((register, 0x6, 1),0x35),0x62)),0x35),INDIRECT(INDIRECT(MULTIEQUAL(INDIRECT((register, 0x6, 1),0x16),INDIRECT((register, 0x6, 1),0x62)),0x35),0x62)),MULTIEQUAL(INDIRECT(COPY(mem[EXTMEM:04ca]),0x35),INDIRECT(INDIRECT(COPY(mem[EXTMEM:04ca]),0x35),0x62))))		
decompiler	CODE:666b	CODE:66b3	MOVX @DPTR,A	125	write	EXTMEM	1	CAST(PIECE(MULTIEQUAL(INDIRECT(MULTIEQUAL(INDIRECT(INDIRECT((register, 0x6, 1),0xd),0x16),INDIRECT(INDIRECT((register, 0x6, 1),0x35),0x62)),0x35),INDIRECT(INDIRECT(MULTIEQUAL(INDIRECT((register, 0x6, 1),0x16),INDIRECT((register, 0x6, 1),0x62)),0x35),0x62)),MULTIEQUAL(INDIRECT(COPY(mem[EXTMEM:04ca]),0x35),INDIRECT(INDIRECT(COPY(mem[EXTMEM:04ca]),0x35),0x62))))		mem[EXTMEM:04c6]
decompiler	CODE:666b	CODE:66b8	MOVX @DPTR,A	132	write	EXTMEM	1	PTRADD(CAST(PIECE(MULTIEQUAL(INDIRECT(MULTIEQUAL(INDIRECT((register, 0x6, 1),0x16),INDIRECT((register, 0x6, 1),0x62)),0x35),INDIRECT(INDIRECT(MULTIEQUAL((register, 0x6, 1),(register, 0x6, 1)),0x35),0x62)),MULTIEQUAL(INDIRECT(COPY(mem[EXTMEM:04ca]),0x35),INDIRECT(INDIRECT(COPY(mem[EXTMEM:04ca]),0x35),0x62)))),0x1,0x1)		mem[INTMEM:b3]
decompiler	CODE:666b	CODE:66c6	MOVC A,@A+DPTR	181	read	CODE	1	CAST(PIECE(INT_SUB(0xb7,INT_SRIGHT(INT_LEFT(INT_LESS(0xea,CAST((unique, 0x10000003, 1))),0x7),0x7)),INT_ADD(INT_MULT(COPY(mem[EXTMEM:04c6]),0x2),0x15)))		
decompiler	CODE:666b	CODE:66ca	MOVC A,@A+DPTR	186	read	CODE	1	PTRADD(CAST(PIECE(INT_SUB(0xb7,INT_SRIGHT(INT_LEFT(INT_LESS(0xea,(unique, 0x10000012, 1)),0x7),0x7)),INT_ADD(INT_MULT(COPY(mem[EXTMEM:04c6]),0x2),0x15))),0x1,0x1)		
decompiler	CODE:666b	CODE:66d0	MOVX @DPTR,A	201	write	EXTMEM	1	PTRADD(INDIRECT(CAST(PIECE(INT_SUB(0xb7,INT_SRIGHT(INT_LEFT((unique, 0x0, 1),0x7),0x7)),INT_ADD(INT_MULT(COPY(mem[EXTMEM:04c6]),0x2),0x15))),0xc2),0x1,0x1)		INDIRECT(LOAD(0x211,CAST(PIECE(INT_SUB(0xb7,(unique, 0x10000004, 1)),INT_ADD((unique, 0x10000003, 1),0x15)))),0xc2)
decompiler	CODE:666b	CODE:66d3	MOVX @DPTR,A	206	write	EXTMEM	1	PTRADD(INDIRECT(CAST(PIECE(INT_SUB(0xb7,INT_SRIGHT(INT_LEFT((unique, 0x0, 1),0x7),0x7)),INT_ADD(INT_MULT(COPY(mem[EXTMEM:04c6]),0x2),0x15))),0xc2),0x2,0x1)		CALL(0x8f828e83a3a322ef,LOAD(0x211,PTRADD(CAST(PIECE((unique, 0x5200, 1),(register, 0xb, 1))),0x1,0x1)))
decompiler	CODE:66fd	CODE:6768	MOVX @DPTR,A	139	write	EXTMEM	1	INDIRECT(0x557,0x87)		INDIRECT((register, 0x7, 1),0x87)
decompiler	CODE:678e	CODE:679f	MOVX @DPTR,A	37	write	EXTMEM	1	INDIRECT(INDIRECT(INDIRECT(INDIRECT((register, 0x82, 2),0x7),0x10),0x18),0x21)		0x0
decompiler	CODE:678e	CODE:67a7	MOVX @DPTR,A	63	write	EXTMEM	1	INDIRECT(INDIRECT(INDIRECT(INDIRECT(INDIRECT((register, 0x82, 2),0x7),0x10),0x18),0x21),0x3b)		0x0
decompiler	CODE:678e	CODE:67af	MOVX @DPTR,A	83	write	EXTMEM	1	INDIRECT(INDIRECT(INDIRECT(INDIRECT(INDIRECT(INDIRECT(INDIRECT((register, 0x82, 2),0x7),0x10),0x18),0x21),0x3b),0x47),0x4f)		INDIRECT(INDIRECT(INDIRECT(INDIRECT(INDIRECT((register, 0x7, 1),0x18),0x21),0x3b),0x47),0x4f)
decompiler	CODE:678e	CODE:67f6	MOVC A,@A+DPTR	204	read	CODE	1	PTRADD(0xb8f0,INT_ZEXT(mem[INTMEM:b3]),0x1)		
decompiler	CODE:6aab	CODE:6b12	MOVX @DPTR,A	193	write	EXTMEM	1	CAST(INT_ADD(INDIRECT(0x4d6,0xbc),0x1))		INDIRECT(INDIRECT(0x0,0xb1),0xbc)
decompiler	CODE:6aab	CODE:6b15	MOVX @DPTR,A	198	write	EXTMEM	1	CAST(INT_ADD(INDIRECT(0x4d6,0xbc),0x2))		INDIRECT(INDIRECT(COPY(mem[EXTMEM:0af4]),0xb1),0xbc)
decompiler	CODE:6aab	CODE:6b1e	MOVX @DPTR,A	212	write	EXTMEM	1	CAST(INT_ADD(INDIRECT(0x4d6,0xbc),0x3))		mem[INTMEM:99]
decompiler	CODE:6aab	CODE:6b21	MOVX @DPTR,A	217	write	EXTMEM	1	CAST(INT_ADD(INDIRECT(0x4d6,0xbc),0x4))		mem[INTMEM:9a]
decompiler	CODE:6ba4	CODE:6bbb	MOVC A,@A+DPTR	60	read	CODE	1	CAST(PIECE(INT_SUB(0xb8,INT_SRIGHT(INT_LEFT(INT_LESS(0xc8,CAST((unique, 0x10000000, 1))),0x7),0x7)),INT_ADD(INT_MULT(mem[INTMEM:cc],0x2),0x37)))		
decompiler	CODE:6ba4	CODE:6bbf	MOVC A,@A+DPTR	65	read	CODE	1	PTRADD(CAST(PIECE(INT_SUB(0xb8,INT_SRIGHT(INT_LEFT(INT_LESS(0xc8,(unique, 0x10000009, 1)),0x7),0x7)),INT_ADD(INT_MULT(mem[INTMEM:cc],0x2),0x37))),0x1,0x1)		
decompiler	CODE:6c1b	CODE:6c2c	MOVX @DPTR,A	47	write	EXTMEM	1	(register, 0x82, 2)		0x1
decompiler	CODE:6c1b	CODE:6c2f	MOVX @DPTR,A	52	write	EXTMEM	1	PTRADD((register, 0x82, 2),0x1,0x1)		INT_ADD(INT_SUB(SUBPIECE(INT_RIGHT(INT_MULT((unique, 0xc500, 2),0x19),0x8),0x0),INT_SRIGHT(INT_LEFT(INT_LESS(0x44,(register, 0xb, 1)),0x7),0x7)),0x6)
decompiler	CODE:6c1b	CODE:6c32	MOVX @DPTR,A	57	write	EXTMEM	1	PTRADD((register, 0x82, 2),0x2,0x1)		INT_ADD(SUBPIECE(INT_MULT(INT_ZEXT(mem[INTMEM:b3]),0x19),0x0),0xbb)
decompiler	CODE:6c92	CODE:6c97	MOVX A,@DPTR	10	read	EXTMEM	1	INDIRECT((register, 0x82, 2),0x8)		
decompiler	CODE:6c92	CODE:6cb7	MOVX @DPTR,A	77	write	EXTMEM	1	INDIRECT(INDIRECT(MULTIEQUAL(INDIRECT((register, 0x82, 2),0x8),INDIRECT((register, 0x82, 2),0x8),MULTIEQUAL(INDIRECT((register, 0x82, 2),0x8),INDIRECT(CAST(INT_ADD((register, 0x82, 2),0x1)),0xbe)),INDIRECT((register, 0x82, 2),0x8),INDIRECT(CAST(INT_ADD(PIECE((register, 0x4, 1),(register, 0x5, 1)),0x1)),0xbe)),0x41),0x49)		0x0
decompiler	CODE:6c92	CODE:6cb9	MOVX @DPTR,A	81	write	EXTMEM	1	PTRADD(INDIRECT(INDIRECT(MULTIEQUAL(INDIRECT((register, 0x82, 2),0x8),INDIRECT((register, 0x82, 2),0x8),MULTIEQUAL(INDIRECT((register, 0x82, 2),0x8),INDIRECT(CAST((unique, 0x1000000c, 2)),0xbe)),INDIRECT((register, 0x82, 2),0x8),INDIRECT(CAST(INT_ADD((register, 0x82, 2),0x1)),0xbe)),0x41),0x49),0x1,0x1)		0x0
decompiler	CODE:6c92	CODE:6cc1	MOVX @DPTR,A	89	write	EXTMEM	1	CAST(INT_ADD(PIECE(INDIRECT(INDIRECT(MULTIEQUAL(INDIRECT((register, 0x2, 1),0x8),INDIRECT((register, 0x2, 1),0x8),MULTIEQUAL((register, 0x2, 1),(register, 0x2, 1)),INDIRECT((register, 0x2, 1),0x8),INDIRECT((register, 0x2, 1),0xbe)),0x41),0x49),INDIRECT(INDIRECT(MULTIEQUAL(INDIRECT((register, 0x3, 1),0x8),INDIRECT((register, 0x3, 1),0x8),MULTIEQUAL((register, 0x3, 1),(register, 0x3, 1)),INDIRECT((register, 0x3, 1),0x8),INDIRECT((register, 0x3, 1),0xbe)),0x41),0x49)),0x3))		0x0
decompiler	CODE:6c92	CODE:6cc9	MOVX @DPTR,A	115	write	EXTMEM	1	INDIRECT(CAST(INT_ADD(PIECE(INDIRECT(INDIRECT(MULTIEQUAL((register, 0x2, 1),(register, 0x2, 1),(register, 0x2, 1),(register, 0x2, 1),(register, 0x2, 1)),0x41),0x49),INDIRECT(INDIRECT(MULTIEQUAL((register, 0x3, 1),(register, 0x3, 1),(register, 0x3, 1),(register, 0x3, 1),(register, 0x3, 1)),0x41),0x49)),0x3)),0x6f)		0x0
decompiler	CODE:6c92	CODE:6cd3	MOVX @DPTR,A	182	write	EXTMEM	1	CAST(INT_ADD(PIECE(INDIRECT((register, 0x4, 1),0x8),INDIRECT((register, 0x5, 1),0x8)),0x1))		0x1
decompiler	CODE:6c92	CODE:6ced	MOVX A,@DPTR	163	read	EXTMEM	1	PTRADD(INDIRECT(PTRADD(INDIRECT(MULTIEQUAL(INDIRECT((register, 0x82, 2),0x8),INDIRECT(CAST((unique, 0x1000000c, 2)),0xbe)),0x97),0x1,0x1),0xa0),0x1,0x1)		
decompiler	CODE:6de5	CODE:6df6	MOV A,@R1	41	read	INTMEM	1	CAST(INT_ADD(INT_MULT(mem[INTMEM:b3],0x2),0x96))		
decompiler	CODE:6de5	CODE:6dfb	MOV A,@R1	47	read	INTMEM	1	CAST(INT_ADD(INT_MULT(mem[INTMEM:b3],0x2),0x95))		
decompiler	CODE:6ebc	CODE:6eed	MOVX @DPTR,A	170	write	EXTMEM	1	INDIRECT(INDIRECT(CAST(PIECE(INDIRECT(INDIRECT(SUBPIECE((unique, 0x10000008, 2),0x0),0x56),0x5e),INT_ADD(INT_MULT(CALL(0xf583edf0ad070f74),0x4),0xf4))),0x9e),0xa6)		INDIRECT(INDIRECT(INDIRECT(INDIRECT(INDIRECT((register, 0x5, 1),0x4e),0x56),0x5e),0x9e),0xa6)
decompiler	CODE:7069	CODE:706c	MOVX A,@DPTR	9	read	EXTMEM	1	INDIRECT((register, 0x82, 2),0x7)		
decompiler	CODE:7069	CODE:70a1	MOVX A,@DPTR	100	read	EXTMEM	1	CAST(PIECE(INT_SUB(0x4,INT_SRIGHT(INT_LEFT(INT_LESS(0xb8,mem[INTMEM:b3]),0x7),0x7)),INT_ADD(mem[INTMEM:b3],0x47)))		
decompiler	CODE:72d3	CODE:72e9	SUBB A,@R1	33	read	INTMEM	1	PTRADD(INDIRECT(INDIRECT(INDIRECT((register, 0x1, 1),0x8),0x11),0x1c),0xff,0x1)		
decompiler	CODE:72d3	CODE:72f1	XRL A,@R0	180	read	INTMEM	1	INDIRECT(INDIRECT(INDIRECT((register, 0x0, 1),0x8),0x11),0xb1)		
decompiler	CODE:72d3	CODE:72f2	SUBB A,@R1	183	read	INTMEM	1	INDIRECT(INDIRECT(INDIRECT((register, 0x1, 1),0x8),0x11),0xb1)		
decompiler	CODE:72d3	CODE:72f6	LCALL 0xadc3	46	write	INTMEM	1	CAST(INT_ADD(BOOL_NEGATE(INT_EQUAL(mem[BITS:0c],0x0)),0x1))		0xf9
decompiler	CODE:72d3	CODE:72f6	LCALL 0xadc3	48	write	INTMEM	1	CAST(INT_ADD(BOOL_NEGATE(INT_EQUAL(mem[BITS:0c],0x0)),0x2))		0x72
decompiler	CODE:72d3	CODE:7303	LCALL 0xadc3	61	write	INTMEM	1	CAST(INT_ADD(BOOL_NEGATE(INT_EQUAL(mem[BITS:0c],0x0)),0x1))		0x6
decompiler	CODE:72d3	CODE:7303	LCALL 0xadc3	63	write	INTMEM	1	CAST(INT_ADD(BOOL_NEGATE(INT_EQUAL(mem[BITS:0c],0x0)),0x2))		0x73
decompiler	CODE:72d3	CODE:7311	PUSH 0x03	101	write	INTMEM	1	CAST(INT_ADD(BOOL_NEGATE(INT_EQUAL(mem[BITS:0c],0x0)),0x1))		mem[INTMEM:03]
decompiler	CODE:72d3	CODE:7313	PUSH 0x02	103	write	INTMEM	1	CAST(INT_ADD(BOOL_NEGATE(INT_EQUAL(mem[BITS:0c],0x0)),0x2))		mem[INTMEM:02]
decompiler	CODE:72d3	CODE:7315	PUSH 0x01	105	write	INTMEM	1	CAST(INT_ADD(BOOL_NEGATE(INT_EQUAL(mem[BITS:0c],0x0)),0x3))		mem[INTMEM:01]
decompiler	CODE:72d3	CODE:7317	LCALL 0xad03	110	write	INTMEM	1	CAST(INT_ADD(BOOL_NEGATE(INT_EQUAL(mem[BITS:0c],0x0)),0x4))		0x1a
decompiler	CODE:72d3	CODE:7317	LCALL 0xad03	112	write	INTMEM	1	CAST(INT_ADD(BOOL_NEGATE(INT_EQUAL(mem[BITS:0c],0x0)),0x5))		0x73
decompiler	CODE:72d3	CODE:731a	PUSH 0x07	115	write	INTMEM	1	CAST(INT_ADD(BOOL_NEGATE(INT_EQUAL(mem[BITS:0c],0x0)),0x4))		mem[INTMEM:07]
decompiler	CODE:72d3	CODE:7324	POP 0x07	124	read	INTMEM	1	CAST(INT_ADD(BOOL_NEGATE(INT_EQUAL(mem[BITS:0c],0x0)),0x4))		
decompiler	CODE:72d3	CODE:7326	LCALL 0xacbf	130	write	INTMEM	1	CAST(INT_ADD(BOOL_NEGATE(INT_EQUAL(mem[BITS:0c],0x0)),0x4))		0x29
decompiler	CODE:72d3	CODE:7326	LCALL 0xacbf	132	write	INTMEM	1	CAST(INT_ADD(BOOL_NEGATE(INT_EQUAL(mem[BITS:0c],0x0)),0x5))		0x73
decompiler	CODE:72d3	CODE:7329	POP 0x01	134	read	INTMEM	1	CAST(INT_ADD(BOOL_NEGATE(INT_EQUAL(mem[BITS:0c],0x0)),0x3))		
decompiler	CODE:72d3	CODE:732b	POP 0x02	136	read	INTMEM	1	CAST(INT_ADD(BOOL_NEGATE(INT_EQUAL(mem[BITS:0c],0x0)),0x2))		
decompiler	CODE:72d3	CODE:732d	POP 0x03	138	read	INTMEM	1	CAST(INT_ADD(BOOL_NEGATE(INT_EQUAL(mem[BITS:0c],0x0)),0x1))		
decompiler	CODE:72d3	CODE:732f	LCALL 0xad23	144	write	INTMEM	1	CAST(INT_ADD(BOOL_NEGATE(INT_EQUAL(mem[BITS:0c],0x0)),0x1))		0x32
decompiler	CODE:72d3	CODE:732f	LCALL 0xad23	146	write	INTMEM	1	CAST(INT_ADD(BOOL_NEGATE(INT_EQUAL(mem[BITS:0c],0x0)),0x2))		0x73
decompiler	CODE:7338	CODE:7376	MOV @R0,#0x1	137	write	INTMEM	1	CAST(INT_ADD(mem[INTMEM:b3],0x3d))		0x1
decompiler	CODE:7338	CODE:7381	MOV @R0,A	169	write	INTMEM	1	CAST(INT_ADD(mem[INTMEM:b3],0x3d))		0x0
decompiler	CODE:73f7	CODE:70a1	MOVX A,@DPTR	99	read	EXTMEM	1	CAST(PIECE(INT_SUB(0x4,INT_SRIGHT(INT_LEFT(INT_LESS(0xb8,mem[INTMEM:b3]),0x7),0x7)),INT_ADD(mem[INTMEM:b3],0x47)))		
decompiler	CODE:750e	CODE:7521	MOVX @DPTR,A	32	write	EXTMEM	1	INDIRECT(0x4a5,0x1c)		INDIRECT(COPY(mem[EXTMEM:04a5]),0x1c)
decompiler	CODE:7568	CODE:756f	MOVX @DPTR,A	12	write	EXTMEM	1	INDIRECT(0xffff,0x8)		INDIRECT((register, 0x7, 1),0x8)
decompiler	CODE:7568	CODE:7588	MOVX A,@DPTR	50	read	EXTMEM	1	CAST(PIECE(mem[INTMEM:08],mem[INTMEM:09]))		
decompiler	CODE:7568	CODE:75a2	MOVX A,@DPTR	74	read	EXTMEM	1	CAST(PIECE(mem[INTMEM:08],mem[INTMEM:09]))		
decompiler	CODE:7568	CODE:75a7	MOVC A,@A+DPTR	80	read	CODE	1	PTRADD(0xb9ce,INT_ZEXT(LOAD(0x311,CAST(PIECE(mem[INTMEM:08],mem[INTMEM:09])))),0x1)		
decompiler	CODE:7568	CODE:75ae	MOVC A,@A+DPTR	86	read	CODE	1	PTRADD(0xb9d1,INT_ZEXT(LOAD(0x311,CAST(PIECE(mem[INTMEM:08],mem[INTMEM:09])))),0x1)		
decompiler	CODE:7616	CODE:7624	MOVC A,@A+DPTR	14	read	CODE	1	PTRADD(0xb831,INT_ZEXT(mem[INTMEM:b3]),0x1)		
decompiler	CODE:7616	CODE:7633	MOVC A,@A+DPTR	41	read	CODE	1	PTRADD(0xb835,INT_ZEXT(INDIRECT(COPY(mem[INTMEM:c9]),0x24)),0x1)		
decompiler	CODE:76d6	CODE:76ea	MOVC A,@A+DPTR	54	read	CODE	1	CAST(PIECE(INT_SUB(0xb9,INT_SRIGHT(INT_LEFT(INT_LESS(0x2b,CAST((unique, 0x10000000, 1))),0x7),0x7)),INT_SUB(INT_MULT(mem[EXTMEM:0723],0x2),0x2c)))		
decompiler	CODE:7763	CODE:777a	MOVC A,@A+DPTR	43	read	CODE	1	PTRADD(0xb9c2,INT_ZEXT(CAST(INT_ADD(SUBPIECE(INT_MULT(INT_ZEXT(mem[INTMEM:b3]),0x6),0x0),(register, 0x7, 1)))),0x1)		
decompiler	CODE:7a62	CODE:7a6f	MOVX A,@DPTR	36	read	EXTMEM	1	CAST(PIECE(INT_SUB(0x4,INT_SRIGHT(INT_LEFT(INT_LESS(0x62,mem[INTMEM:b3]),0x7),0x7)),INT_ADD(mem[INTMEM:b3],0x9d)))		
decompiler	CODE:7a62	CODE:7a71	MOVX @DPTR,A	41	write	EXTMEM	1	CAST(PIECE(INT_SUB(0x4,INT_SRIGHT(INT_LEFT(INT_LESS(0x62,mem[INTMEM:b3]),0x7),0x7)),INT_ADD(mem[INTMEM:b3],0x9d)))		INT_ADD(LOAD(0x311,CAST(PIECE(INT_SUB(0x4,(unique, 0x10000000, 1)),INT_ADD(mem[INTMEM:b3],0x9d)))),0x1)
decompiler	CODE:7a62	CODE:7a82	MOVX @DPTR,A	90	write	EXTMEM	1	CAST(PIECE(INT_SUB(0x4,INT_SRIGHT(INT_LEFT(INT_LESS(0x62,mem[INTMEM:b3]),0x7),0x7)),INT_ADD(mem[INTMEM:b3],0x9d)))		0x0
decompiler	CODE:7a62	CODE:7aa2	MOVX @DPTR,A	194	write	EXTMEM	1	CAST(PIECE(INT_SUB(0x4,INT_SRIGHT(INT_LEFT(INT_LESS(0xbc,INT_MULT(mem[INTMEM:b3],0x2)),0x7),0x7)),INT_ADD(INT_MULT(mem[INTMEM:b3],0x2),0x43)))		INDIRECT(INDIRECT(INDIRECT((register, 0x6, 1),0x62),0x87),0x8f)
decompiler	CODE:7a62	CODE:7aa5	MOVX @DPTR,A	199	write	EXTMEM	1	PTRADD(CAST(PIECE(INT_SUB(0x4,INT_SRIGHT(INT_LEFT(INT_LESS(0xbc,(unique, 0x10000005, 1)),0x7),0x7)),INT_ADD(INT_MULT(mem[INTMEM:b3],0x2),0x43))),0x1,0x1)		INDIRECT(INDIRECT(INDIRECT(COPY(mem[INTMEM:b3]),0x62),0x87),0x8f)
decompiler	CODE:7ce1	CODE:7cf9	MOVX @DPTR,A	55	write	EXTMEM	1	INDIRECT(INDIRECT(INDIRECT(INDIRECT((register, 0x82, 2),0x7),0xf),0x2a),0x33)		0x0
decompiler	CODE:7ce1	CODE:7d07	MOVX @DPTR,A	92	write	EXTMEM	1	INDIRECT(INDIRECT(INDIRECT(INDIRECT(INDIRECT(INDIRECT((register, 0x82, 2),0x7),0xf),0x2a),0x33),0x3f),0x58)		0x0
decompiler	CODE:7d69	CODE:7d6d	MOVX A,@DPTR	3	read	EXTMEM	1	(register, 0x82, 2)		
decompiler	CODE:7d69	CODE:7d70	MOVX A,@DPTR	8	read	EXTMEM	1	PTRADD((register, 0x82, 2),0x1,0x1)		
decompiler	CODE:7d6d	CODE:7d6d	MOVX A,@DPTR	1	read	EXTMEM	1	(register, 0x82, 2)		
decompiler	CODE:7d6d	CODE:7d70	MOVX A,@DPTR	6	read	EXTMEM	1	PTRADD((register, 0x82, 2),0x1,0x1)		
decompiler	CODE:7d83	CODE:7d84	MOVX @DPTR,A	3	write	EXTMEM	1	(register, 0x82, 2)		(register, 0x6, 1)
decompiler	CODE:7d83	CODE:7d87	MOVX @DPTR,A	8	write	EXTMEM	1	PTRADD((register, 0x82, 2),0x1,0x1)		(register, 0x7, 1)
decompiler	CODE:7d84	CODE:7d84	MOVX @DPTR,A	2	write	EXTMEM	1	(register, 0x82, 2)		(register, 0xb, 1)
decompiler	CODE:7d84	CODE:7d87	MOVX @DPTR,A	7	write	EXTMEM	1	PTRADD((register, 0x82, 2),0x1,0x1)		(register, 0x7, 1)
decompiler	CODE:7d8b	CODE:7d8c	MOVX @DPTR,A	3	write	EXTMEM	1	(register, 0x82, 2)		0x0
decompiler	CODE:7d8b	CODE:7d8f	MOVX @DPTR,A	8	write	EXTMEM	1	PTRADD((register, 0x82, 2),0x1,0x1)		0x1
decompiler	CODE:7d8b	CODE:7d92	MOVX @DPTR,A	13	write	EXTMEM	1	PTRADD((register, 0x82, 2),0x2,0x1)		0x0
decompiler	CODE:7d8b	CODE:7d96	MOVX @DPTR,A	18	write	EXTMEM	1	PTRADD((register, 0x82, 2),0x3,0x1)		0x28
decompiler	CODE:7d9f	CODE:7d9f	MOVX A,@DPTR	1	read	EXTMEM	1	(register, 0x82, 2)		
decompiler	CODE:7d9f	CODE:7da2	MOVX A,@DPTR	6	read	EXTMEM	1	PTRADD((register, 0x82, 2),0x1,0x1)		
decompiler	CODE:7f77	CODE:7f7c	MOVX A,@DPTR	4	read	EXTMEM	1	CAST(INT_ADD(PIECE((register, 0x6, 1),(register, 0x7, 1)),0x1))		
decompiler	CODE:7f77	CODE:7f85	MOVX @DPTR,A	20	write	EXTMEM	1	INDIRECT(CAST(INT_ADD(PIECE((register, 0x6, 1),(register, 0x7, 1)),0x1)),0x10)		0x1
decompiler	CODE:7f77	CODE:7f8c	MOVX @DPTR,A	27	write	EXTMEM	1	CAST(INT_ADD(PIECE(MULTIEQUAL((register, 0x6, 1),INDIRECT((register, 0x6, 1),0x10)),MULTIEQUAL((register, 0x7, 1),INDIRECT((register, 0x7, 1),0x10))),0x1))		MULTIEQUAL((register, 0x5, 1),INDIRECT((register, 0x5, 1),0x10))
decompiler	CODE:7f77	CODE:7f90	MOVX A,@DPTR	37	read	EXTMEM	1	INDIRECT(CAST(INT_ADD(PIECE(MULTIEQUAL((register, 0x6, 1),INDIRECT((register, 0x6, 1),0x10)),MULTIEQUAL((register, 0x7, 1),INDIRECT((register, 0x7, 1),0x10))),0x1)),0x23)		
decompiler	CODE:7f77	CODE:7f99	MOVX A,@DPTR	55	read	EXTMEM	1	CAST(PIECE(INDIRECT(MULTIEQUAL((register, 0x6, 1),INDIRECT((register, 0x6, 1),0x10)),0x23),INDIRECT(MULTIEQUAL((register, 0x7, 1),INDIRECT((register, 0x7, 1),0x10)),0x23)))		
decompiler	CODE:7f77	CODE:7fab	MOVX @DPTR,A	85	write	EXTMEM	1	CAST(PIECE(MULTIEQUAL(INDIRECT(MULTIEQUAL((register, 0x6, 1),INDIRECT((register, 0x6, 1),0x10)),0x23),INDIRECT(INDIRECT(MULTIEQUAL((register, 0x6, 1),INDIRECT((register, 0x6, 1),0x10)),0x23),0x49)),MULTIEQUAL(INDIRECT(MULTIEQUAL((register, 0x7, 1),INDIRECT((register, 0x7, 1),0x10)),0x23),INDIRECT(INDIRECT(MULTIEQUAL((register, 0x7, 1),INDIRECT((register, 0x7, 1),0x10)),0x23),0x49))))		MULTIEQUAL(INDIRECT(MULTIEQUAL((register, 0x5, 1),INDIRECT((register, 0x5, 1),0x10)),0x23),INDIRECT(INDIRECT(MULTIEQUAL((register, 0x5, 1),INDIRECT((register, 0x5, 1),0x10)),0x23),0x49))
decompiler	CODE:7f77	CODE:7fb1	MOVX A,@DPTR	121	read	EXTMEM	1	INDIRECT(INDIRECT(CAST(INT_ADD(PIECE(MULTIEQUAL((register, 0x6, 1),INDIRECT((register, 0x6, 1),0x10)),MULTIEQUAL((register, 0x7, 1),INDIRECT((register, 0x7, 1),0x10))),0x1)),0x23),0x77)		
decompiler	CODE:7f77	CODE:7fb3	MOVX @DPTR,A	126	write	EXTMEM	1	INDIRECT(INDIRECT(CAST(INT_ADD(PIECE(MULTIEQUAL((register, 0x6, 1),INDIRECT((register, 0x6, 1),0x10)),MULTIEQUAL((register, 0x7, 1),INDIRECT((register, 0x7, 1),0x10))),0x1)),0x23),0x77)		INT_ADD(LOAD(0x311,INDIRECT(INDIRECT(CAST((unique, 0x10000008, 2)),0x23),0x77)),0x1)
decompiler	CODE:7fb6	CODE:7fd5	MOVC A,@A+DPTR	32	read	CODE	1	PTRADD(CAST(PIECE(CALL(0xa3f8e0c5f025f0f0,0x0,0x4a8),INDIRECT(0x2,0x17))),0x1,0x1)		
decompiler	CODE:7fb6	CODE:7fd8	MOVC A,@A+DPTR	43	read	CODE	1	CAST(PIECE(CALL(0xa3f8e0c5f025f0f0,0x0,0x4a8),INDIRECT(0x2,0x17)))		
decompiler	CODE:803f	CODE:8044	MOVX A,@DPTR	10	read	EXTMEM	1	INDIRECT((register, 0x82, 2),0x8)		
decompiler	CODE:803f	CODE:804d	MOVX A,@DPTR	37	read	EXTMEM	1	INDIRECT(INDIRECT((register, 0x82, 2),0x8),0x23)		
decompiler	CODE:803f	CODE:8055	MOVX @DPTR,A	56	write	EXTMEM	1	INDIRECT(INDIRECT(INDIRECT((register, 0x82, 2),0x8),0x23),0x34)		0x0
decompiler	CODE:80bc	CODE:80cc	MOVX A,@DPTR	32	read	EXTMEM	1	INDIRECT(INDIRECT(INDIRECT((register, 0x82, 2),0x7),0xf),0x1e)		
decompiler	CODE:80bc	CODE:80d6	MOVX A,@DPTR	60	read	EXTMEM	1	INDIRECT(INDIRECT(INDIRECT(INDIRECT((register, 0x82, 2),0x7),0xf),0x1e),0x3a)		
decompiler	CODE:80bc	CODE:80eb	MOVX A,@DPTR	127	read	EXTMEM	1	CAST(PIECE(INT_SUB(0x5,INT_SRIGHT(INT_LEFT(INT_LESS(0x13,INT_MULT(mem[INTMEM:b3],0x4)),0x7),0x7)),INT_SUB(INT_MULT(mem[INTMEM:b3],0x4),0x14)))		
decompiler	CODE:80bc	CODE:80f3	MOVC A,@A+DPTR	136	read	CODE	1	PTRADD(0xb84d,INT_ZEXT(mem[INTMEM:b3]),0x1)		
decompiler	CODE:8173	CODE:818b	MOVX A,@DPTR	45	read	EXTMEM	1	PTRADD(INDIRECT(0x754,0x2a),0x1,0x1)		
decompiler	CODE:8173	CODE:8195	MOVX A,@DPTR	73	read	EXTMEM	1	INDIRECT(PTRADD(INDIRECT(0x754,0x2a),0x1,0x1),0x47)		
decompiler	CODE:81ed	CODE:821d	MOVX A,@DPTR	85	read	EXTMEM	1	INDIRECT(0x59e,0x53)		
decompiler	CODE:81ed	CODE:8227	MOVX @DPTR,A	114	write	EXTMEM	1	INDIRECT(0x59e,0x6e)		INDIRECT(MULTIEQUAL(0x21,INT_ADD(LOAD(0x311,INDIRECT((register, 0x82, 2),0x53)),INDIRECT(MULTIEQUAL((register, 0x7, 1),(register, 0xb, 1)),0x53))),0x6e)
decompiler	CODE:8229	CODE:8238	MOVC A,@A+DPTR	15	read	CODE	1	PTRADD(0xb900,INT_ZEXT(mem[INTMEM:b3]),0x1)		
decompiler	CODE:82dc	CODE:82e6	MOVX A,@DPTR	15	read	EXTMEM	1	INDIRECT((register, 0x82, 2),0xd)		
decompiler	CODE:82dc	CODE:82f7	MOVX A,@DPTR	81	read	EXTMEM	1	INDIRECT(MULTIEQUAL((register, 0x82, 2),INDIRECT((register, 0x82, 2),0xd)),0x4f)		
decompiler	CODE:83dc	CODE:83dc	MOV A,@R0	0	read	INTMEM	1	(register, 0x0, 1)		
decompiler	CODE:83e7	CODE:83ed	MOVX A,@DPTR	19	read	EXTMEM	1	CAST(PIECE(INT_SUB((register, 0x6, 1),INT_SRIGHT((register, 0x48, 1),0x7)),(register, 0xb, 1)))		
decompiler	CODE:83ef	CODE:83ef	MOVC A,@A+DPTR	2	read	CODE	1	CAST(INT_ADD((register, 0x82, 2),INT_ZEXT((register, 0xb, 1))))		
decompiler	CODE:83f7	CODE:83fe	MOVC A,@A+DPTR	9	read	CODE	1	CAST(INT_ADD(PIECE((register, 0xb, 1),(register, 0x83, 1)),0x1))		
decompiler	CODE:8474	CODE:8474	MOVX @DPTR,A	2	write	EXTMEM	1	(register, 0x82, 2)		(register, 0xb, 1)
decompiler	CODE:848e	CODE:849f	MOVX @DPTR,A	18	write	EXTMEM	1	INDIRECT(0x4,0xc)		INDIRECT((register, 0x7, 1),0xc)
decompiler	CODE:84ad	CODE:84b8	MOV @R0,#0x2	29	write	INTMEM	1	CAST(INT_ADD(mem[INTMEM:b3],0x23))		0x2
decompiler	CODE:84ad	CODE:84c5	MOV @R0,#0x1	90	write	INTMEM	1	CAST(INT_ADD(mem[INTMEM:b3],0x23))		0x1
decompiler	CODE:84e6	CODE:84f2	MOVX @DPTR,A	34	write	EXTMEM	1	INDIRECT(INDIRECT((register, 0x82, 2),0x8),0x1e)		0x0
decompiler	CODE:84e6	CODE:84fc	MOVX A,@DPTR	50	read	EXTMEM	1	INDIRECT(0x390,0x30)		
decompiler	CODE:84e6	CODE:8511	MOVX @DPTR,A	155	write	EXTMEM	1	INDIRECT(INDIRECT(0x390,0x30),0x97)		INDIRECT(LOAD(0x311,INDIRECT(0x390,0x30)),0x97)
decompiler	CODE:84e6	CODE:851d	MOVX @DPTR,A	119	write	EXTMEM	1	INDIRECT(0x390,0x73)		INDIRECT(MULTIEQUAL(INDIRECT(INDIRECT(COPY(mem[INTMEM:07]),0x8),0x1e),INDIRECT(INDIRECT(INDIRECT((unique, 0x10000004, 1),0x8),0x1e),0x30),INDIRECT(INDIRECT(INDIRECT((register, 0x4, 1),0x1e),0x30),0x97),INDIRECT(INDIRECT(INDIRECT((unique, 0x10000004, 1),0x8),0x1e),0x30)),0x73)
decompiler	CODE:8601	CODE:8608	MOVX A,@DPTR	13	read	EXTMEM	1	INDIRECT((register, 0x82, 2),0xb)		
decompiler	CODE:8601	CODE:8613	MOVX @DPTR,A	43	write	EXTMEM	1	INDIRECT(INDIRECT((register, 0x82, 2),0xb),0x27)		INDIRECT(INDIRECT((register, 0x7, 1),0xb),0x27)
decompiler	CODE:86da	CODE:86dd	MOVX A,@DPTR	9	read	EXTMEM	1	INDIRECT((register, 0x82, 2),0x7)		
decompiler	CODE:870e	CODE:8724	MOVX A,@DPTR	41	read	EXTMEM	1	INDIRECT(0x4a9,0x25)		
decompiler	CODE:879f	CODE:879f	MOVX A,@DPTR	1	read	EXTMEM	1	(register, 0x82, 2)		
decompiler	CODE:879f	CODE:87a2	MOVX A,@DPTR	6	read	EXTMEM	1	PTRADD((register, 0x82, 2),0x1,0x1)		
decompiler	CODE:8800	CODE:881d	MOVX @DPTR,A	58	write	EXTMEM	1	PTRADD(INDIRECT(0x4c8,0x35),0x1,0x1)		INDIRECT(COPY(mem[INTMEM:03]),0x35)
decompiler	CODE:8864	CODE:886e	MOVX A,@DPTR	21	read	EXTMEM	1	INDIRECT(INDIRECT((register, 0x82, 2),0xb),0x13)		
decompiler	CODE:8864	CODE:887a	MOVX A,@DPTR	45	read	EXTMEM	1	INDIRECT(INDIRECT(INDIRECT(INDIRECT((register, 0x82, 2),0xb),0x13),0x1f),0x2b)		
decompiler	CODE:8864	CODE:8885	MOVX @DPTR,A	75	write	EXTMEM	1	INDIRECT(INDIRECT(INDIRECT(INDIRECT(INDIRECT((register, 0x82, 2),0xb),0x13),0x1f),0x2b),0x47)		INDIRECT(INDIRECT(INDIRECT(INDIRECT(INDIRECT((unique, 0x10000002, 1),0xb),0x13),0x1f),0x2b),0x47)
decompiler	CODE:8864	CODE:8893	MOVX @DPTR,A	111	write	EXTMEM	1	INDIRECT(INDIRECT(INDIRECT(INDIRECT(MULTIEQUAL(INDIRECT(INDIRECT((register, 0x82, 2),0x1f),0x2b),INDIRECT(INDIRECT((register, 0x82, 2),0x2b),0x47)),0x53),0x5b),0x63),0x6b)		INDIRECT(INDIRECT(INDIRECT(INDIRECT(MULTIEQUAL((register, 0x7, 1),(register, 0x7, 1)),0x53),0x5b),0x63),0x6b)
decompiler	CODE:8895	CODE:88c3	MOVX @DPTR,A	79	write	EXTMEM	1	INDIRECT(INDIRECT(INDIRECT(INDIRECT(INDIRECT(INDIRECT((register, 0x82, 2),0xd),0x28),0x31),0x3b),0x43),0x4b)		0x0
decompiler	CODE:88c5	CODE:88cf	MOVX A,@DPTR	15	read	EXTMEM	1	INDIRECT((register, 0x82, 2),0xd)		
decompiler	CODE:88f5	CODE:88fb	MOVX A,@DPTR	19	read	EXTMEM	1	CAST(PIECE(INT_SUB((register, 0x4, 1),INT_SRIGHT((register, 0x48, 1),0x7)),(register, 0xb, 1)))		
decompiler	CODE:88fd	CODE:88ff	MOVX @DPTR,A	3	write	EXTMEM	1	(register, 0x82, 2)		0x7
decompiler	CODE:8909	CODE:890f	MOVX A,@DPTR	19	read	EXTMEM	1	CAST(PIECE(INT_SUB((register, 0x6, 1),INT_SRIGHT((register, 0x48, 1),0x7)),(register, 0xb, 1)))		
decompiler	CODE:8911	CODE:8911	MOVX @DPTR,A	2	write	EXTMEM	1	(register, 0x82, 2)		(register, 0xb, 1)
decompiler	CODE:8925	CODE:894f	MOVX @DPTR,A	74	write	EXTMEM	1	INDIRECT(CAST(PIECE(INT_SUB(0x6,INT_SRIGHT(INT_LEFT(INT_LESS(0xfa,(unique, 0x1000000b, 1)),0x7),0x7)),INT_ADD(INT_MULT(mem[INTMEM:b3],0xc),0x5))),0x46)		INDIRECT((register, 0x4, 1),0x46)
decompiler	CODE:8925	CODE:8952	MOVX @DPTR,A	79	write	EXTMEM	1	PTRADD(INDIRECT(CAST(PIECE(INT_SUB(0x6,INT_SRIGHT(INT_LEFT((unique, 0x0, 1),0x7),0x7)),INT_ADD(INT_MULT(mem[INTMEM:b3],0xc),0x5))),0x46),0x1,0x1)		INDIRECT(COPY(mem[INTMEM:05]),0x46)
decompiler	CODE:8b40	CODE:8b41	MOVX A,@DPTR	2	read	EXTMEM	1	CAST(INT_ADD((register, 0x82, 2),0x1))		
decompiler	CODE:8b72	CODE:8b92	MOVX @DPTR,A	53	write	EXTMEM	1	INDIRECT(0xafa,0x31)		0x0
decompiler	CODE:8bc8	CODE:8be0	MOV A,@R0	36	read	INTMEM	1	INDIRECT(0xce,0x23)		
decompiler	CODE:8bc8	CODE:8be7	MOV @R0,A	53	write	INTMEM	1	INDIRECT(0xce,0x23)		0x0
decompiler	CODE:8bf3	CODE:8bfc	MOVX @DPTR,A	13	write	EXTMEM	1	INDIRECT(0x750,0x9)		INDIRECT((register, 0x7, 1),0x9)
decompiler	CODE:8bf3	CODE:8c03	MOVX @DPTR,A	20	write	EXTMEM	1	CAST(INT_ADD(PIECE(INDIRECT((register, 0x4, 1),0x9),INDIRECT((register, 0x5, 1),0x9)),0x1))		INDIRECT(COPY(mem[INTMEM:05]),0x9)
decompiler	CODE:8bf3	CODE:8c0b	MOVX @DPTR,A	46	write	EXTMEM	1	INDIRECT(CAST(INT_ADD(PIECE(INDIRECT((register, 0x4, 1),0x9),INDIRECT((register, 0x5, 1),0x9)),0x1)),0x2a)		INDIRECT(INDIRECT((register, 0x3, 1),0x9),0x2a)
decompiler	CODE:8dbb	CODE:8dc4	MOV A,@R0	20	read	INTMEM	1	CAST(INT_ADD((register, 0x7, 1),0x23))		
decompiler	CODE:8de3	CODE:8df3	MOVX A,@DPTR	31	read	EXTMEM	1	INDIRECT(INDIRECT(INDIRECT((register, 0x82, 2),0x9),0x14),0x1d)		
decompiler	CODE:8de3	CODE:8dfb	MOVX A,@DPTR	57	read	EXTMEM	1	INDIRECT(INDIRECT(INDIRECT(INDIRECT((register, 0x82, 2),0x9),0x14),0x1d),0x37)		
decompiler	CODE:8e5a	CODE:8e61	MOVX A,@DPTR	13	read	EXTMEM	1	INDIRECT((register, 0x82, 2),0xb)		
decompiler	CODE:8e5a	CODE:8e6e	MOVX A,@DPTR	52	read	EXTMEM	1	INDIRECT(INDIRECT((register, 0x82, 2),0xb),0x32)		
decompiler	CODE:8e5a	CODE:8e70	MOVX @DPTR,A	57	write	EXTMEM	1	INDIRECT(INDIRECT((register, 0x82, 2),0xb),0x32)		INT_ADD(LOAD(0x311,INDIRECT(INDIRECT((register, 0x82, 2),0xb),0x32)),0x1)
decompiler	CODE:8e81	CODE:8e84	MOVX A,@DPTR	9	read	EXTMEM	1	INDIRECT((register, 0x82, 2),0x7)		
decompiler	CODE:8e81	CODE:8e91	MOVX A,@DPTR	37	read	EXTMEM	1	INDIRECT(INDIRECT(INDIRECT((register, 0x82, 2),0x7),0x14),0x23)		
decompiler	CODE:8e81	CODE:8e9a	MOVX A,@DPTR	88	read	EXTMEM	1	INDIRECT(INDIRECT(INDIRECT((register, 0x82, 2),0x7),0x14),0x56)		
decompiler	CODE:8ecd	CODE:8ee7	MOVC A,@A+DPTR	33	read	CODE	1	PTRADD(0xb902,INT_ZEXT(mem[EXTMEM:04ac]),0x1)		
decompiler	CODE:8ef3	CODE:8efc	MOVX @DPTR,A	14	write	EXTMEM	1	CAST(INT_ADD(PIECE(INDIRECT((register, 0x6, 1),0x7),INDIRECT((register, 0x7, 1),0x7)),0x1))		0x0
decompiler	CODE:8ef3	CODE:8f02	MOVX @DPTR,A	27	write	EXTMEM	1	INDIRECT(CAST(INT_ADD(PIECE(INDIRECT((register, 0x6, 1),0x7),INDIRECT((register, 0x7, 1),0x7)),0x1)),0x17)		0x0
decompiler	CODE:8ef3	CODE:8f04	MOVX @DPTR,A	31	write	EXTMEM	1	PTRADD(INDIRECT(CAST(INT_ADD(PIECE(INDIRECT((register, 0x6, 1),0x7),INDIRECT((register, 0x7, 1),0x7)),0x1)),0x17),0x1,0x1)		0x0
decompiler	CODE:8ef3	CODE:8f09	MOVX @DPTR,A	43	write	EXTMEM	1	PTRADD(INDIRECT(PTRADD(INDIRECT(CAST(INT_ADD(PIECE((register, 0x6, 1),(register, 0x7, 1)),0x1)),0x17),0x1,0x1),0x27),0x1,0x1)		CALL(0x8f828e83a3a32212)
decompiler	CODE:8ef3	CODE:8f11	MOVX @DPTR,A	69	write	EXTMEM	1	INDIRECT(PTRADD(INDIRECT(PTRADD(INDIRECT(CAST(INT_ADD((register, 0x82, 2),0x1)),0x17),0x1,0x1),0x27),0x1,0x1),0x41)		0x0
decompiler	CODE:8ef3	CODE:8f17	MOVX @DPTR,A	75	write	EXTMEM	1	CAST(PIECE(INDIRECT(INDIRECT(INDIRECT(INDIRECT((register, 0x6, 1),0x7),0x17),0x27),0x41),INDIRECT(INDIRECT(INDIRECT(INDIRECT((register, 0x7, 1),0x7),0x17),0x27),0x41)))		0x1
decompiler	CODE:8f19	CODE:8f23	MOVX @DPTR,A	33	write	EXTMEM	1	INDIRECT(INDIRECT((register, 0x82, 2),0x7),0x1d)		0x0
decompiler	CODE:8f19	CODE:8f2b	MOVX @DPTR,A	59	write	EXTMEM	1	INDIRECT(INDIRECT(INDIRECT((register, 0x82, 2),0x7),0x1d),0x37)		0x0
decompiler	CODE:8f19	CODE:8f2d	MOVX @DPTR,A	63	write	EXTMEM	1	PTRADD(INDIRECT(INDIRECT(INDIRECT((register, 0x82, 2),0x7),0x1d),0x37),0x1,0x1)		0x0
decompiler	CODE:8f19	CODE:8f35	MOVX @DPTR,A	89	write	EXTMEM	1	INDIRECT(PTRADD(INDIRECT(INDIRECT(INDIRECT((register, 0x82, 2),0x7),0x1d),0x37),0x1,0x1),0x55)		0x0
decompiler	CODE:8f19	CODE:8f37	MOVX @DPTR,A	93	write	EXTMEM	1	PTRADD(INDIRECT(PTRADD(INDIRECT(INDIRECT(INDIRECT((register, 0x82, 2),0x7),0x1d),0x37),0x1,0x1),0x55),0x1,0x1)		0x0
decompiler	CODE:8f19	CODE:8f3d	MOVX @DPTR,A	99	write	EXTMEM	1	CAST(PIECE(INDIRECT(INDIRECT(INDIRECT(INDIRECT((register, 0x6, 1),0x7),0x1d),0x37),0x55),INDIRECT(INDIRECT(INDIRECT(INDIRECT((register, 0x7, 1),0x7),0x1d),0x37),0x55)))		0x1
decompiler	CODE:8f87	CODE:8f8a	MOVX A,@DPTR	9	read	EXTMEM	1	INDIRECT((register, 0x82, 2),0x7)		
decompiler	CODE:8f87	CODE:8f8d	MOV A,@R0	13	read	INTMEM	1	INDIRECT((register, 0x0, 1),0x7)		
decompiler	CODE:8f87	CODE:8f93	MOVX @DPTR,A	27	write	EXTMEM	1	INDIRECT(INDIRECT((register, 0x82, 2),0x7),0x17)		0x0
decompiler	CODE:9000	CODE:900d	MOV @R0,#0x2	26	write	INTMEM	1	INDIRECT(INDIRECT(0xb3,0xa),0x18)		0x2
decompiler	CODE:9000	CODE:901c	MOV @R0,#0x1	69	write	INTMEM	1	CAST(INT_ADD(mem[INTMEM:b3],0x23))		0x1
decompiler	CODE:9023	CODE:9027	MOVC A,@A+DPTR	4	read	CODE	1	PTRADD(0xb930,INT_ZEXT((register, 0x7, 1)),0x1)		
decompiler	CODE:9023	CODE:9034	MOVX @DPTR,A	25	write	EXTMEM	1	INDIRECT(0xb930,0x15)		0x1
decompiler	CODE:9023	CODE:903b	MOVX @DPTR,A	50	write	EXTMEM	1	INDIRECT(0xb930,0x2e)		0x0
decompiler	CODE:908c	CODE:909a	MOVX @DPTR,A	16	write	EXTMEM	1	CAST(INT_ADD(PIECE(mem[EXTMEM:0750],mem[EXTMEM:0751]),0x2))		(register, 0x4, 1)
decompiler	CODE:908c	CODE:909d	MOVX @DPTR,A	21	write	EXTMEM	1	CAST(INT_ADD(PIECE(mem[EXTMEM:0750],mem[EXTMEM:0751]),0x3))		(register, 0x5, 1)
decompiler	CODE:90d1	CODE:90eb	MOVX A,@DPTR	18	read	EXTMEM	1	MULTIEQUAL(0x633,0x631)		
decompiler	CODE:90d1	CODE:90ed	MOVX @DPTR,A	31	write	EXTMEM	1	MULTIEQUAL(0x633,0x631)		INT_AND(LOAD(0x311,MULTIEQUAL(0x633,0x631)),INT_NEGATE((register, 0x6, 1)))
decompiler	CODE:90d1	CODE:90ef	MOVX A,@DPTR	34	read	EXTMEM	1	PTRADD(MULTIEQUAL(0x633,0x631),0x1,0x1)		
decompiler	CODE:90d1	CODE:90f1	MOVX @DPTR,A	47	write	EXTMEM	1	PTRADD(MULTIEQUAL(0x633,0x631),0x1,0x1)		INT_AND(LOAD(0x311,PTRADD(MULTIEQUAL(0x633,0x631),0x1,0x1)),INT_NEGATE((register, 0x7, 1)))
decompiler	CODE:9221	CODE:9224	MOV @R0,#0x1	9	write	INTMEM	1	INDIRECT((register, 0x0, 1),0x7)		0x1
decompiler	CODE:9241	CODE:924a	MOV A,@R0	31	read	INTMEM	1	CAST(INT_ADD(INT_MULT(mem[INTMEM:b3],0x2),0x2d))		
decompiler	CODE:9241	CODE:924d	MOV A,@R0	35	read	INTMEM	1	CAST(INT_ADD(INT_MULT(mem[INTMEM:b3],0x2),0x2e))		
decompiler	CODE:939d	CODE:93a6	MOVX A,@DPTR	26	read	EXTMEM	1	INDIRECT((register, 0x82, 2),0x18)		
decompiler	CODE:939d	CODE:93b2	MOVX @DPTR,A	59	write	EXTMEM	1	INDIRECT(INDIRECT((register, 0x82, 2),0x18),0x37)		0x1
decompiler	CODE:939d	CODE:93b9	MOVX @DPTR,A	84	write	EXTMEM	1	INDIRECT(INDIRECT((register, 0x82, 2),0x18),0x50)		0x0
decompiler	CODE:957e	CODE:958f	MOVX @DPTR,A	31	write	EXTMEM	1	CAST(INT_ADD(INDIRECT((register, 0x82, 2),0x18),0x1))		mem[INTMEM:b9]
decompiler	CODE:959b	CODE:95a8	MOVX A,@DPTR	8	read	EXTMEM	1	MULTIEQUAL(0x72d,0x72f)		
decompiler	CODE:959b	CODE:95ab	MOVX A,@DPTR	13	read	EXTMEM	1	PTRADD(MULTIEQUAL(0x72d,0x72f),0x1,0x1)		
decompiler	CODE:95b8	CODE:95d2	MOVX A,@DPTR	43	read	EXTMEM	1	CAST(PIECE(INT_SUB(0x7,INT_SRIGHT(INT_LEFT(MULTIEQUAL(INT_LESS(0xc3,(register, 0x7, 1)),INT_LESS(0xc6,(register, 0x7, 1))),0x7),0x7)),MULTIEQUAL(INT_ADD((register, 0x7, 1),0x3c),INT_ADD((register, 0x7, 1),0x39))))		
decompiler	CODE:960e	CODE:9611	MOVX A,@DPTR	9	read	EXTMEM	1	INDIRECT((register, 0x82, 2),0x7)		
decompiler	CODE:960e	CODE:9618	MOVX A,@DPTR	26	read	EXTMEM	1	INDIRECT(INDIRECT((register, 0x82, 2),0x7),0x18)		
decompiler	CODE:960e	CODE:9622	MOVX @DPTR,A	58	write	EXTMEM	1	INDIRECT(MULTIEQUAL(INDIRECT((register, 0x82, 2),0x7),INDIRECT(INDIRECT((register, 0x82, 2),0x7),0x18)),0x36)		INDIRECT(MULTIEQUAL(INDIRECT((register, 0x7, 1),0x7),INDIRECT(INDIRECT((register, 0x7, 1),0x7),0x18)),0x36)
decompiler	CODE:960e	CODE:9627	MOVX @DPTR,A	70	write	EXTMEM	1	INDIRECT(INDIRECT(MULTIEQUAL(INDIRECT((register, 0x82, 2),0x7),INDIRECT(INDIRECT((register, 0x82, 2),0x7),0x18)),0x36),0x42)		INDIRECT(INDIRECT(MULTIEQUAL(INDIRECT((register, 0x5, 1),0x7),INDIRECT(INDIRECT((register, 0x5, 1),0x7),0x18)),0x36),0x42)
decompiler	CODE:962a	CODE:962d	MOV @R0,#0x1	9	write	INTMEM	1	INDIRECT((register, 0x0, 1),0x7)		0x1
decompiler	CODE:9645	CODE:9649	MOV @R0,A	10	write	INTMEM	1	INDIRECT((register, 0x0, 1),0x7)		0x0
decompiler	CODE:96ff	CODE:9716	MOVX A,@DPTR	20	read	EXTMEM	1	PTRADD(MULTIEQUAL(0x72d,0x72f),0x1,0x1)		
decompiler	CODE:9800	CODE:980f	MOVC A,@A+DPTR	15	read	CODE	1	PTRADD(0xb8fa,INT_ZEXT(mem[INTMEM:b3]),0x1)		
decompiler	CODE:987c	CODE:9892	MOVX @DPTR,A	43	write	EXTMEM	1	INDIRECT((register, 0x82, 2),0x27)		0x0
decompiler	CODE:990c	CODE:9921	MOVX A,@DPTR	75	read	EXTMEM	1	CAST(PIECE(INT_SUB(INT_SUB(INDIRECT((register, 0x2, 1),0x7),INT_SRIGHT(INT_LEFT(INT_LESS(0xcb,(register, 0x1, 1)),0x7),0x7)),INT_SRIGHT(INT_LEFT(INT_CARRY(INT_ADD((register, 0x1, 1),0x34),INDIRECT((register, 0x7, 1),0x7)),0x7),0x7)),INT_ADD(INT_ADD(INDIRECT((register, 0x1, 1),0x7),0x34),INDIRECT((register, 0x7, 1),0x7))))		
decompiler	CODE:9983	CODE:9995	MOVX @DPTR,A	14	write	EXTMEM	1	MULTIEQUAL(0x72d,0x72f)		(register, 0x6, 1)
decompiler	CODE:9983	CODE:9998	MOVX @DPTR,A	19	write	EXTMEM	1	PTRADD(MULTIEQUAL(0x72d,0x72f),0x1,0x1)		(register, 0x7, 1)
decompiler	CODE:9a0d	CODE:9a1f	MOVX A,@DPTR	26	read	EXTMEM	1	PTRADD(MULTIEQUAL(0x633,0x631),0x1,0x1)		
decompiler	CODE:9a23	CODE:9a31	MOVX A,@DPTR	12	read	EXTMEM	1	MULTIEQUAL(0x633,0x631)		
decompiler	CODE:9a23	CODE:9a33	MOVX @DPTR,A	17	write	EXTMEM	1	MULTIEQUAL(0x633,0x631)		INT_OR(LOAD(0x311,MULTIEQUAL(0x633,0x631)),(register, 0x6, 1))
decompiler	CODE:9a23	CODE:9a35	MOVX A,@DPTR	20	read	EXTMEM	1	PTRADD(MULTIEQUAL(0x633,0x631),0x1,0x1)		
decompiler	CODE:9a23	CODE:9a37	MOVX @DPTR,A	25	write	EXTMEM	1	PTRADD(MULTIEQUAL(0x633,0x631),0x1,0x1)		INT_OR(LOAD(0x311,PTRADD(MULTIEQUAL(0x633,0x631),0x1,0x1)),(register, 0x7, 1))
decompiler	CODE:9afd	CODE:9b0c	MOV A,@R0	19	read	INTMEM	1	CAST(INT_ADD((register, 0x7, 1),0xc7))		
decompiler	CODE:9b51	CODE:9b58	MOVX A,@DPTR	13	read	EXTMEM	1	INDIRECT((register, 0x82, 2),0xb)		
decompiler	CODE:9b51	CODE:9b5a	MOVX @DPTR,A	18	write	EXTMEM	1	INDIRECT((register, 0x82, 2),0xb)		INT_ADD(LOAD(0x311,INDIRECT((register, 0x82, 2),0xb)),0x1)
decompiler	CODE:9b51	CODE:9b61	MOVX A,@DPTR	42	read	EXTMEM	1	INDIRECT(INDIRECT((register, 0x82, 2),0xb),0x28)		
decompiler	CODE:9b51	CODE:9b64	MOVX @DPTR,A	55	write	EXTMEM	1	INDIRECT(INDIRECT((register, 0x82, 2),0xb),0x28)		INT_AND(LOAD(0x311,INDIRECT(INDIRECT((register, 0x82, 2),0xb),0x28)),0x7)
decompiler	CODE:9ba3	CODE:9bad	MOVX @DPTR,A	17	write	EXTMEM	1	INDIRECT((register, 0x82, 2),0xd)		0x0
decompiler	CODE:9ba3	CODE:9bb2	MOVX @DPTR,A	29	write	EXTMEM	1	INDIRECT(MULTIEQUAL((register, 0x82, 2),INDIRECT((register, 0x82, 2),0xd)),0x19)		INDIRECT(MULTIEQUAL((register, 0x7, 1),INDIRECT((register, 0x7, 1),0xd)),0x19)
decompiler	CODE:9bcb	CODE:9bd5	MOVX A,@DPTR	21	read	EXTMEM	1	INDIRECT(INDIRECT((register, 0x82, 2),0x8),0x13)		
decompiler	CODE:9bf3	CODE:9c03	MOVX A,@DPTR	45	read	EXTMEM	1	CAST(PIECE(INT_SUB(0x6,INT_SRIGHT(INT_LEFT(INT_LESS(0x30,CAST((unique, 0xc801, 1))),0x7),0x7)),INT_SUB(INT_MULT(mem[INTMEM:b3],0x19),0x31)))		
decompiler	CODE:9c1b	CODE:9c24	MOVX @DPTR,A	15	write	EXTMEM	1	INDIRECT((register, 0x82, 2),0xb)		0xff
decompiler	CODE:9c1b	CODE:9c2d	MOVX @DPTR,A	41	write	EXTMEM	1	INDIRECT(INDIRECT((register, 0x82, 2),0xb),0x25)		0xff
decompiler	CODE:9c91	CODE:9ca2	MOVX @DPTR,A	52	write	EXTMEM	1	CAST(PIECE(INT_ADD(INT_SUB(INT_SRIGHT(CAST((register, 0x7, 1)),0x7),INT_SRIGHT(INT_LEFT(INT_LESS(0xf1,(register, 0x7, 1)),0x7),0x7)),0x7),INT_ADD((register, 0x7, 1),0xe)))		0x1
decompiler	CODE:9d16	CODE:9d1e	MOVX A,@DPTR	12	read	EXTMEM	1	CAST(INT_ADD(PIECE(INDIRECT((register, 0x6, 1),0x7),INDIRECT((register, 0x7, 1),0x7)),0x1))		
decompiler	CODE:9d4f	CODE:9d5f	MOVX @DPTR,A	14	write	EXTMEM	1	MULTIEQUAL(0x5e6,0x5e2)		0x1
decompiler	CODE:9dcd	CODE:9ddd	MOVX @DPTR,A	43	write	EXTMEM	1	CAST(PIECE(INT_SUB(mem[EXTMEM:06ed],INT_SRIGHT(INT_LEFT(INT_LESS(0xf9,mem[EXTMEM:06ee]),0x7),0x7)),INT_ADD(mem[EXTMEM:06ee],0x6)))		(register, 0x7, 1)
decompiler	CODE:9e27	CODE:9e36	MOVX @DPTR,A	32	write	EXTMEM	1	INDIRECT((register, 0x82, 2),0x1c)		INDIRECT(MULTIEQUAL((register, 0x7, 1),0x2),0x1c)
decompiler	CODE:9e49	CODE:9e55	MOVX A,@DPTR	35	read	EXTMEM	1	CAST(PIECE(INT_SUB(0x7,INT_SRIGHT(INT_LEFT(INT_LESS(0xb4,mem[INTMEM:b3]),0x7),0x7)),INT_ADD(mem[INTMEM:b3],0x4b)))		
decompiler	CODE:9e49	CODE:9e57	MOVX @DPTR,A	40	write	EXTMEM	1	CAST(PIECE(INT_SUB(0x7,INT_SRIGHT(INT_LEFT(INT_LESS(0xb4,mem[INTMEM:b3]),0x7),0x7)),INT_ADD(mem[INTMEM:b3],0x4b)))		INT_ADD(LOAD(0x311,CAST(PIECE(INT_SUB(0x7,(unique, 0x10000000, 1)),INT_ADD(mem[INTMEM:b3],0x4b)))),0x1)
decompiler	CODE:9e89	CODE:9e92	MOV @R0,A	19	write	INTMEM	1	INDIRECT(INDIRECT((register, 0x0, 1),0x8),0x10)		0x0
decompiler	CODE:9f19	CODE:9f25	MOVX A,@DPTR	35	read	EXTMEM	1	CAST(PIECE(INT_SUB(0x3,INT_SRIGHT(INT_LEFT(INT_LESS(0xbf,mem[INTMEM:b3]),0x7),0x7)),INT_ADD(mem[INTMEM:b3],0x40)))		
decompiler	CODE:9f19	CODE:9f27	MOVX @DPTR,A	40	write	EXTMEM	1	CAST(PIECE(INT_SUB(0x3,INT_SRIGHT(INT_LEFT(INT_LESS(0xbf,mem[INTMEM:b3]),0x7),0x7)),INT_ADD(mem[INTMEM:b3],0x40)))		INT_ADD(LOAD(0x311,CAST(PIECE(INT_SUB(0x3,(unique, 0x10000000, 1)),INT_ADD(mem[INTMEM:b3],0x40)))),0x1)
decompiler	CODE:9f49	CODE:9f55	MOVX A,@DPTR	35	read	EXTMEM	1	CAST(PIECE(INT_SUB(0x3,INT_SRIGHT(INT_LEFT(INT_LESS(0x5e,mem[INTMEM:b3]),0x7),0x7)),INT_ADD(mem[INTMEM:b3],0xa1)))		
decompiler	CODE:9f49	CODE:9f57	MOVX @DPTR,A	40	write	EXTMEM	1	CAST(PIECE(INT_SUB(0x3,INT_SRIGHT(INT_LEFT(INT_LESS(0x5e,mem[INTMEM:b3]),0x7),0x7)),INT_ADD(mem[INTMEM:b3],0xa1)))		INT_ADD(LOAD(0x311,CAST(PIECE(INT_SUB(0x3,(unique, 0x10000000, 1)),INT_ADD(mem[INTMEM:b3],0xa1)))),0x1)
decompiler	CODE:9f59	CODE:9f65	MOVX A,@DPTR	35	read	EXTMEM	1	CAST(PIECE(INT_SUB(0x3,INT_SRIGHT(INT_LEFT(INT_LESS(0xc9,mem[INTMEM:b3]),0x7),0x7)),INT_ADD(mem[INTMEM:b3],0x36)))		
decompiler	CODE:9f59	CODE:9f67	MOVX @DPTR,A	40	write	EXTMEM	1	CAST(PIECE(INT_SUB(0x3,INT_SRIGHT(INT_LEFT(INT_LESS(0xc9,mem[INTMEM:b3]),0x7),0x7)),INT_ADD(mem[INTMEM:b3],0x36)))		INT_ADD(LOAD(0x311,CAST(PIECE(INT_SUB(0x3,(unique, 0x10000000, 1)),INT_ADD(mem[INTMEM:b3],0x36)))),0x1)
decompiler	CODE:9ff8	CODE:9ffd	MOVX @DPTR,A	11	write	EXTMEM	1	INDIRECT((register, 0x82, 2),0x7)		0x1
decompiler	CODE:a00f	CODE:a01b	MOVX A,@DPTR	35	read	EXTMEM	1	CAST(PIECE(INT_SUB(0x3,INT_SRIGHT(INT_LEFT(INT_LESS(0x12,mem[INTMEM:b3]),0x7),0x7)),INT_SUB(mem[INTMEM:b3],0x13)))		
decompiler	CODE:a069	CODE:a06d	MOVC A,@A+DPTR	4	read	CODE	1	PTRADD(0xb9ad,INT_ZEXT((register, 0x7, 1)),0x1)		
decompiler	CODE:a0bd	CODE:a0c9	MOVX @DPTR,A	14	write	EXTMEM	1	CAST(PIECE(mem[EXTMEM:06ed],mem[EXTMEM:06ee]))		(register, 0x7, 1)
decompiler	CODE:a16d	CODE:a176	MOVX A,@DPTR	13	read	EXTMEM	1	CAST(INT_ADD(PIECE(INDIRECT((register, 0x6, 1),0x7),CALL(0x9006ede0fea3e022)),0x2))		
decompiler	CODE:a16d	CODE:a178	MOVX @DPTR,A	18	write	EXTMEM	1	CAST(INT_ADD(PIECE(INDIRECT((register, 0x6, 1),0x7),CALL(0x9006ede0fea3e022)),0x2))		INT_ADD(LOAD(0x311,CAST(INT_ADD(PIECE((register, 0x6, 1),(register, 0xb, 1)),0x2))),0x1)
decompiler	CODE:a1c3	CODE:a1cc	MOV @R0,0x07	25	write	INTMEM	1	CAST(INT_ADD(INDIRECT((register, 0x6, 1),0x7),0x89))		mem[INTMEM:07]
decompiler	CODE:a1e7	CODE:a1f1	MOVX @DPTR,A	27	write	EXTMEM	1	INDIRECT(INDIRECT(INDIRECT((register, 0x82, 2),0x7),0xf),0x17)		0x0
decompiler	CODE:a20b	CODE:a211	MOVC A,@A+DPTR	12	read	CODE	1	CAST(INT_ADD(INDIRECT((register, 0x82, 2),0x7),0x1))		
decompiler	CODE:a22f	CODE:a237	MOVX A,@DPTR	12	read	EXTMEM	1	CAST(INT_ADD(PIECE(INDIRECT((register, 0x6, 1),0x7),CALL(0x9006ede0fea3e022)),0x1))		
decompiler	CODE:a22f	CODE:a239	MOVX @DPTR,A	17	write	EXTMEM	1	CAST(INT_ADD(PIECE(INDIRECT((register, 0x6, 1),0x7),CALL(0x9006ede0fea3e022)),0x1))		INT_ADD(LOAD(0x311,CAST(INT_ADD(PIECE((register, 0x6, 1),(register, 0xb, 1)),0x1))),0x1)
decompiler	CODE:a335	CODE:a338	MOVX A,@DPTR	9	read	EXTMEM	1	INDIRECT((register, 0x82, 2),0x7)		
decompiler	CODE:a340	CODE:a343	MOVX A,@DPTR	9	read	EXTMEM	1	INDIRECT((register, 0x82, 2),0x7)		
decompiler	CODE:a34b	CODE:a354	MOVX @DPTR,A	15	write	EXTMEM	1	INDIRECT((register, 0x82, 2),0xb)		INDIRECT((register, 0x7, 1),0xb)
decompiler	CODE:a356	CODE:a35e	MOVX A,@DPTR	25	read	EXTMEM	1	INDIRECT((register, 0x82, 2),0x17)		
decompiler	CODE:a36c	CODE:a375	MOVX @DPTR,A	24	write	EXTMEM	1	INDIRECT((register, 0x82, 2),0x7)		INT_AND(CALL(0x78b3e624a8f582e4),INT_NEGATE(INDIRECT((register, 0x7, 1),0x7)))
decompiler	CODE:a377	CODE:a37d	MOVC A,@A+DPTR	6	read	CODE	1	PTRADD(0xb8f0,INT_ZEXT(mem[INTMEM:b3]),0x1)		
decompiler	CODE:a38d	CODE:a395	MOVX A,@DPTR	25	read	EXTMEM	1	INDIRECT((register, 0x82, 2),0x17)		
decompiler	CODE:a398	CODE:a3a1	MOVX @DPTR,A	24	write	EXTMEM	1	INDIRECT((register, 0x82, 2),0x14)		INDIRECT(INT_AND(mem[BITS:0c],0x1),0x14)
decompiler	CODE:a3c4	CODE:a3cd	MOVX @DPTR,A	32	write	EXTMEM	1	INDIRECT(INDIRECT((register, 0x82, 2),0x7),0x1c)		INT_ADD(CALL(0xf582e43ef583e022,INT_ADD(CALL(0x9006ede0fea3e022),0x7)),0x1)
decompiler	CODE:a3cf	CODE:a3d8	MOVX @DPTR,A	32	write	EXTMEM	1	INDIRECT(INDIRECT((register, 0x82, 2),0x7),0x1c)		INT_ADD(CALL(0xf582e43ef583e022,INT_ADD(CALL(0x9006ede0fea3e022),0x4)),0x1)
decompiler	CODE:a3f9	CODE:a401	MOVX @DPTR,A	14	write	EXTMEM	1	INDIRECT((register, 0x82, 2),0xa)		0xa
decompiler	CODE:a40d	CODE:a412	MOVX @DPTR,A	11	write	EXTMEM	1	INDIRECT((register, 0x82, 2),0x7)		0x1
decompiler	CODE:a471	CODE:a478	MOVX A,@DPTR	11	read	EXTMEM	1	CAST(PIECE(INDIRECT((register, 0x6, 1),0x7),CALL(0x9006ede0fea3e022)))		
decompiler	CODE:a47b	CODE:a47b	MOVX A,@DPTR	1	read	EXTMEM	1	(register, 0x82, 2)		
decompiler	CODE:a47b	CODE:a47e	MOVX @DPTR,A	14	write	EXTMEM	1	(register, 0x82, 2)		INT_AND(LOAD(0x311,(register, 0x82, 2)),0xfc)
decompiler	CODE:a47b	CODE:a480	MOVX A,@DPTR	17	read	EXTMEM	1	PTRADD((register, 0x82, 2),0x1,0x1)		
decompiler	CODE:a47b	CODE:a483	MOVX @DPTR,A	30	write	EXTMEM	1	PTRADD((register, 0x82, 2),0x1,0x1)		INT_AND(LOAD(0x311,PTRADD((register, 0x82, 2),0x1,0x1)),0xfc)
decompiler	CODE:a506	CODE:a50b	MOVX @DPTR,A	11	write	EXTMEM	1	INDIRECT((register, 0x82, 2),0x7)		0x1
decompiler	CODE:a521	CODE:a527	MOV A,@R0	17	read	INTMEM	1	CAST(INT_ADD(mem[INTMEM:b3],0xc7))		
decompiler	CODE:a52a	CODE:a530	MOV @R0,0x07	18	write	INTMEM	1	CAST(INT_ADD(mem[INTMEM:b3],0xc7))		mem[INTMEM:07]
decompiler	CODE:a533	CODE:a53a	MOVX @DPTR,A	19	write	EXTMEM	1	INDIRECT(INDIRECT((register, 0x82, 2),0x7),0xf)		INDIRECT(INDIRECT((register, 0x7, 1),0x7),0xf)
decompiler	CODE:a545	CODE:a549	MOVX @DPTR,A	11	write	EXTMEM	1	INDIRECT((register, 0x82, 2),0x7)		0x0
decompiler	CODE:a557	CODE:a55d	MOV A,@R0	17	read	INTMEM	1	CAST(INT_ADD(mem[INTMEM:b3],0x8d))		
decompiler	CODE:a560	CODE:a566	MOV A,@R0	17	read	INTMEM	1	CAST(INT_ADD(mem[INTMEM:b3],0x89))		
decompiler	CODE:a584	CODE:a589	MOVX A,@DPTR	10	read	EXTMEM	1	INDIRECT((register, 0x82, 2),0x8)		
decompiler	CODE:a59d	CODE:a5a2	MOVX A,@DPTR	10	read	EXTMEM	1	INDIRECT((register, 0x82, 2),0x8)		
decompiler	CODE:a5a5	CODE:a5aa	MOVX A,@DPTR	10	read	EXTMEM	1	INDIRECT((register, 0x82, 2),0x8)		
decompiler	CODE:a5bd	CODE:a5c2	MOVX A,@DPTR	10	read	EXTMEM	1	INDIRECT((register, 0x82, 2),0x8)		
decompiler	CODE:a5c5	CODE:a5cb	MOVX @DPTR,A	12	write	EXTMEM	1	INDIRECT((register, 0x82, 2),0x8)		INDIRECT((register, 0x7, 1),0x8)
decompiler	CODE:a615	CODE:a61a	MOVX @DPTR,A	11	write	EXTMEM	1	INDIRECT((register, 0x82, 2),0x7)		0x1
decompiler	CODE:a65b	CODE:a65e	MOVX A,@DPTR	9	read	EXTMEM	1	INDIRECT((register, 0x82, 2),0x7)		
decompiler	CODE:a662	CODE:a665	MOVX A,@DPTR	9	read	EXTMEM	1	INDIRECT((register, 0x82, 2),0x7)		
decompiler	CODE:a670	CODE:a673	MOVX A,@DPTR	9	read	EXTMEM	1	INDIRECT((register, 0x82, 2),0x7)		
decompiler	CODE:a670	CODE:a675	MOVX @DPTR,A	14	write	EXTMEM	1	INDIRECT((register, 0x82, 2),0x7)		INT_ADD(LOAD(0x311,INDIRECT((register, 0x82, 2),0x7)),0x1)
decompiler	CODE:a677	CODE:a67a	MOVX A,@DPTR	9	read	EXTMEM	1	INDIRECT((register, 0x82, 2),0x7)		
decompiler	CODE:a677	CODE:a67c	MOVX @DPTR,A	14	write	EXTMEM	1	INDIRECT((register, 0x82, 2),0x7)		INT_ADD(LOAD(0x311,INDIRECT((register, 0x82, 2),0x7)),0x1)
decompiler	CODE:a6b5	CODE:a6b9	MOVX @DPTR,A	11	write	EXTMEM	1	INDIRECT((register, 0x82, 2),0x7)		0x0
decompiler	CODE:a6c1	CODE:a6c5	MOVX @DPTR,A	11	write	EXTMEM	1	INDIRECT((register, 0x82, 2),0x7)		INDIRECT((register, 0x7, 1),0x7)
decompiler	CODE:a6c7	CODE:a6ca	MOVX A,@DPTR	9	read	EXTMEM	1	INDIRECT((register, 0x82, 2),0x7)		
decompiler	CODE:a6cd	CODE:a6d0	MOVX A,@DPTR	9	read	EXTMEM	1	INDIRECT((register, 0x82, 2),0x7)		
decompiler	CODE:a6d3	CODE:a6d7	MOVX @DPTR,A	11	write	EXTMEM	1	INDIRECT((register, 0x82, 2),0x7)		INDIRECT((register, 0x7, 1),0x7)
decompiler	CODE:a6d9	CODE:a6dc	MOVX A,@DPTR	9	read	EXTMEM	1	INDIRECT((register, 0x82, 2),0x7)		
decompiler	CODE:a6df	CODE:a6e3	MOVX @DPTR,A	11	write	EXTMEM	1	INDIRECT((register, 0x82, 2),0x7)		INDIRECT((register, 0x7, 1),0x7)
decompiler	CODE:a6e5	CODE:a6e9	MOVX @DPTR,A	11	write	EXTMEM	1	INDIRECT((register, 0x82, 2),0x7)		INDIRECT((register, 0x7, 1),0x7)
decompiler	CODE:a6eb	CODE:a6ee	MOVX A,@DPTR	9	read	EXTMEM	1	INDIRECT((register, 0x82, 2),0x7)		
decompiler	CODE:a6f1	CODE:a6f5	MOVX @DPTR,A	11	write	EXTMEM	1	INDIRECT((register, 0x82, 2),0x7)		INDIRECT((register, 0x7, 1),0x7)
decompiler	CODE:a6f7	CODE:a6fa	MOVX A,@DPTR	9	read	EXTMEM	1	INDIRECT((register, 0x82, 2),0x7)		
decompiler	CODE:a6fd	CODE:a700	MOVX A,@DPTR	9	read	EXTMEM	1	INDIRECT((register, 0x82, 2),0x7)		
decompiler	CODE:a703	CODE:a706	MOVX A,@DPTR	9	read	EXTMEM	1	INDIRECT((register, 0x82, 2),0x7)		
decompiler	CODE:a709	CODE:a70d	MOVX @DPTR,A	11	write	EXTMEM	1	INDIRECT((register, 0x82, 2),0x7)		0x0
decompiler	CODE:a70f	CODE:a713	MOVX @DPTR,A	11	write	EXTMEM	1	INDIRECT((register, 0x82, 2),0x7)		INDIRECT((register, 0x7, 1),0x7)
decompiler	CODE:a715	CODE:a718	MOVX A,@DPTR	9	read	EXTMEM	1	INDIRECT((register, 0x82, 2),0x7)		
decompiler	CODE:a71b	CODE:a71f	MOVX @DPTR,A	11	write	EXTMEM	1	INDIRECT((register, 0x82, 2),0x7)		INT_OR(CALL(0x78b3e624a8f582e4),INDIRECT((register, 0x7, 1),0x7))
decompiler	CODE:a721	CODE:a725	MOVX @DPTR,A	11	write	EXTMEM	1	INDIRECT((register, 0x82, 2),0x7)		0x0
decompiler	CODE:a727	CODE:a72a	MOVX A,@DPTR	9	read	EXTMEM	1	INDIRECT((register, 0x82, 2),0x7)		
decompiler	CODE:a72d	CODE:a731	MOVX @DPTR,A	11	write	EXTMEM	1	INDIRECT((register, 0x82, 2),0x7)		INDIRECT((register, 0x7, 1),0x7)
decompiler	CODE:a739	CODE:a73c	MOVX A,@DPTR	9	read	EXTMEM	1	INDIRECT((register, 0x82, 2),0x7)		
decompiler	CODE:a73f	CODE:a743	MOVX @DPTR,A	11	write	EXTMEM	1	INDIRECT((register, 0x82, 2),0x7)		INDIRECT((register, 0x7, 1),0x7)
decompiler	CODE:a745	CODE:a749	MOVX @DPTR,A	11	write	EXTMEM	1	INDIRECT((register, 0x82, 2),0x7)		INDIRECT((register, 0x7, 1),0x7)
decompiler	CODE:a74b	CODE:a74e	MOVX A,@DPTR	9	read	EXTMEM	1	INDIRECT((register, 0x82, 2),0x7)		
decompiler	CODE:a751	CODE:a754	MOVX A,@DPTR	9	read	EXTMEM	1	INDIRECT((register, 0x82, 2),0x7)		
decompiler	CODE:a757	CODE:a75b	MOVX @DPTR,A	11	write	EXTMEM	1	INDIRECT((register, 0x82, 2),0x7)		0x0
decompiler	CODE:a75d	CODE:a760	MOVX A,@DPTR	9	read	EXTMEM	1	INDIRECT((register, 0x82, 2),0x7)		
decompiler	CODE:a763	CODE:a767	MOVX @DPTR,A	11	write	EXTMEM	1	INDIRECT((register, 0x82, 2),0x7)		0x0
decompiler	CODE:a7c9	CODE:9bd5	MOVX A,@DPTR	22	read	EXTMEM	1	INDIRECT(INDIRECT((register, 0x82, 2),0x9),0x14)		
decompiler	CODE:a7d8	CODE:a01b	MOVX A,@DPTR	36	read	EXTMEM	1	CAST(PIECE(INT_SUB(0x3,INT_SRIGHT(INT_LEFT(INT_LESS(0x12,mem[INTMEM:b3]),0x7),0x7)),INT_SUB(mem[INTMEM:b3],0x13)))		
decompiler	CODE:a7e4	CODE:a55d	MOV A,@R0	18	read	INTMEM	1	CAST(INT_ADD(mem[INTMEM:b3],0x8d))		
decompiler	CODE:a7e7	CODE:a566	MOV A,@R0	18	read	INTMEM	1	CAST(INT_ADD(mem[INTMEM:b3],0x89))		
decompiler	CODE:a812	CODE:a6c5	MOVX @DPTR,A	12	write	EXTMEM	1	INDIRECT((register, 0x82, 2),0x8)		INDIRECT((register, 0x7, 1),0x8)
decompiler	CODE:a82a	CODE:9bd5	MOVX A,@DPTR	23	read	EXTMEM	1	INDIRECT(INDIRECT((register, 0x82, 2),0xa),0x15)		
decompiler	CODE:a82d	CODE:a01b	MOVX A,@DPTR	37	read	EXTMEM	1	CAST(PIECE(INT_SUB(0x3,INT_SRIGHT(INT_LEFT(INT_LESS(0x12,mem[INTMEM:b3]),0x7),0x7)),INT_SUB(mem[INTMEM:b3],0x13)))		
decompiler	CODE:a83e	CODE:a83e	MOV A,@R1	0	read	INTMEM	1	MULTIEQUAL(PTRADD(MULTIEQUAL(PTRADD(MULTIEQUAL(PTRADD(MULTIEQUAL((register, 0x1, 1),(register, 0x1, 1)),0x1,0x1),(register, 0x1, 1)),0x1,0x1),(register, 0x1, 1)),0x1,0x1),(register, 0x1, 1))		
decompiler	CODE:a83e	CODE:a840	MOV @R0,A	4	write	INTMEM	1	MULTIEQUAL(PTRADD(MULTIEQUAL(PTRADD(MULTIEQUAL(PTRADD(MULTIEQUAL((register, 0x0, 1),(register, 0x0, 1)),0x1,0x1),(register, 0x0, 1)),0x1,0x1),(register, 0x0, 1)),0x1,0x1),(register, 0x0, 1))		LOAD(0x281,MULTIEQUAL(PTRADD(MULTIEQUAL(PTRADD((register, 0x1, 1),0x1,0x1),(register, 0x1, 1)),0x1,0x1),(register, 0x1, 1)))
decompiler	CODE:a846	CODE:a846	MOV A,@R1	0	read	INTMEM	1	MULTIEQUAL(PTRADD(MULTIEQUAL(PTRADD(MULTIEQUAL(PTRADD(MULTIEQUAL((register, 0x1, 1),(register, 0x1, 1)),0x1,0x1),(register, 0x1, 1)),0x1,0x1),(register, 0x1, 1)),0x1,0x1),(register, 0x1, 1))		
decompiler	CODE:a846	CODE:a848	MOVX @R0,A	5	write	EXTMEM	1	CAST(INT_ZEXT(MULTIEQUAL(INT_ADD(MULTIEQUAL(INT_ADD(MULTIEQUAL((register, 0x0, 1),(register, 0x0, 1)),0x1),(register, 0x0, 1)),0x1),(register, 0x0, 1))))		LOAD(0x281,MULTIEQUAL(PTRADD(MULTIEQUAL(PTRADD((register, 0x1, 1),0x1,0x1),(register, 0x1, 1)),0x1,0x1),(register, 0x1, 1)))
decompiler	CODE:a84e	CODE:a852	MOV A,@R1	2	read	INTMEM	1	MULTIEQUAL((register, 0x1, 1),PTRADD(MULTIEQUAL((register, 0x1, 1),PTRADD(MULTIEQUAL((register, 0x1, 1),PTRADD(MULTIEQUAL((register, 0x1, 1),(register, 0x1, 1)),0x1,0x1)),0x1,0x1)),0x1,0x1))		
decompiler	CODE:a84e	CODE:a854	MOVX @DPTR,A	7	write	EXTMEM	1	MULTIEQUAL(CAST(PIECE((register, 0x4, 1),(register, 0x0, 1))),PTRADD(MULTIEQUAL(CAST(PIECE((register, 0x4, 1),(register, 0x0, 1))),PTRADD(MULTIEQUAL(CAST(PIECE((register, 0x4, 1),(register, 0x0, 1))),PTRADD(MULTIEQUAL((register, 0x82, 2),(register, 0x82, 2)),0x1,0x1)),0x1,0x1)),0x1,0x1))		LOAD(0x281,MULTIEQUAL((register, 0x1, 1),PTRADD(MULTIEQUAL((register, 0x1, 1),PTRADD((register, 0x1, 1),0x1,0x1)),0x1,0x1)))
decompiler	CODE:a85a	CODE:a85a	MOVX A,@R1	1	read	EXTMEM	1	CAST(INT_ZEXT(MULTIEQUAL(INT_ADD(MULTIEQUAL(INT_ADD(MULTIEQUAL((register, 0x1, 1),(register, 0x1, 1)),0x1),(register, 0x1, 1)),0x1),(register, 0x1, 1))))		
decompiler	CODE:a85a	CODE:a85c	MOV @R0,A	5	write	INTMEM	1	MULTIEQUAL(PTRADD(MULTIEQUAL(PTRADD(MULTIEQUAL(PTRADD(MULTIEQUAL((register, 0x0, 1),(register, 0x0, 1)),0x1,0x1),(register, 0x0, 1)),0x1,0x1),(register, 0x0, 1)),0x1,0x1),(register, 0x0, 1))		LOAD(0x311,CAST(INT_ZEXT(MULTIEQUAL(INT_ADD((register, 0x1, 1),0x1),(register, 0x1, 1)))))
decompiler	CODE:a862	CODE:a862	MOVX A,@R1	1	read	EXTMEM	1	CAST(INT_ZEXT(MULTIEQUAL(INT_ADD(MULTIEQUAL(INT_ADD(MULTIEQUAL((register, 0x1, 1),(register, 0x1, 1)),0x1),(register, 0x1, 1)),0x1),(register, 0x1, 1))))		
decompiler	CODE:a862	CODE:a864	MOVX @R0,A	6	write	EXTMEM	1	CAST(INT_ZEXT(MULTIEQUAL(INT_ADD(MULTIEQUAL(INT_ADD(MULTIEQUAL((register, 0x0, 1),(register, 0x0, 1)),0x1),(register, 0x0, 1)),0x1),(register, 0x0, 1))))		LOAD(0x311,CAST(INT_ZEXT(MULTIEQUAL(INT_ADD((register, 0x1, 1),0x1),(register, 0x1, 1)))))
decompiler	CODE:a86a	CODE:a86e	MOVX A,@R1	3	read	EXTMEM	1	CAST(INT_ZEXT(MULTIEQUAL((register, 0x1, 1),INT_ADD(MULTIEQUAL((register, 0x1, 1),INT_ADD(MULTIEQUAL((register, 0x1, 1),(register, 0x1, 1)),0x1)),0x1))))		
decompiler	CODE:a86a	CODE:a870	MOVX @DPTR,A	8	write	EXTMEM	1	MULTIEQUAL(CAST(PIECE((register, 0x4, 1),(register, 0x0, 1))),PTRADD(MULTIEQUAL(CAST(PIECE((register, 0x4, 1),(register, 0x0, 1))),PTRADD(MULTIEQUAL(CAST(PIECE((register, 0x4, 1),(register, 0x0, 1))),PTRADD(MULTIEQUAL((register, 0x82, 2),(register, 0x82, 2)),0x1,0x1)),0x1,0x1)),0x1,0x1))		LOAD(0x311,CAST(INT_ZEXT(MULTIEQUAL((register, 0x1, 1),INT_ADD((register, 0x1, 1),0x1)))))
decompiler	CODE:a876	CODE:a87a	MOVX A,@DPTR	3	read	EXTMEM	1	MULTIEQUAL(CAST(PIECE((register, 0x2, 1),(register, 0x1, 1))),PTRADD(MULTIEQUAL(CAST(PIECE((register, 0x2, 1),(register, 0x1, 1))),PTRADD(MULTIEQUAL(CAST(PIECE((register, 0x2, 1),(register, 0x1, 1))),PTRADD(MULTIEQUAL((register, 0x82, 2),(register, 0x82, 2)),0x1,0x1)),0x1,0x1)),0x1,0x1))		
decompiler	CODE:a876	CODE:a87c	MOV @R0,A	7	write	INTMEM	1	MULTIEQUAL((register, 0x0, 1),PTRADD(MULTIEQUAL((register, 0x0, 1),PTRADD(MULTIEQUAL((register, 0x0, 1),PTRADD(MULTIEQUAL((register, 0x0, 1),(register, 0x0, 1)),0x1,0x1)),0x1,0x1)),0x1,0x1))		LOAD(0x311,MULTIEQUAL(CAST(PIECE((register, 0x2, 1),(register, 0x1, 1))),PTRADD(MULTIEQUAL(CAST((unique, 0x10000001, 2)),PTRADD((register, 0x82, 2),0x1,0x1)),0x1,0x1)))
decompiler	CODE:a882	CODE:a886	MOVX A,@DPTR	3	read	EXTMEM	1	MULTIEQUAL(CAST(PIECE((register, 0x2, 1),(register, 0x1, 1))),PTRADD(MULTIEQUAL(CAST(PIECE((register, 0x2, 1),(register, 0x1, 1))),PTRADD(MULTIEQUAL(CAST(PIECE((register, 0x2, 1),(register, 0x1, 1))),PTRADD(MULTIEQUAL((register, 0x82, 2),(register, 0x82, 2)),0x1,0x1)),0x1,0x1)),0x1,0x1))		
decompiler	CODE:a882	CODE:a888	MOVX @R0,A	8	write	EXTMEM	1	CAST(INT_ZEXT(MULTIEQUAL((register, 0x0, 1),INT_ADD(MULTIEQUAL((register, 0x0, 1),INT_ADD(MULTIEQUAL((register, 0x0, 1),(register, 0x0, 1)),0x1)),0x1))))		LOAD(0x311,MULTIEQUAL(CAST(PIECE((register, 0x2, 1),(register, 0x1, 1))),PTRADD(MULTIEQUAL(CAST((unique, 0x10000001, 2)),PTRADD((register, 0x82, 2),0x1,0x1)),0x1,0x1)))
decompiler	CODE:a88e	CODE:a862	MOVX A,@R1	2	read	EXTMEM	1	CAST(INT_ZEXT(MULTIEQUAL((register, 0x1, 1),INT_ADD(MULTIEQUAL((register, 0x1, 1),INT_ADD(MULTIEQUAL((register, 0x1, 1),(register, 0x1, 1)),0x1)),0x1))))		
decompiler	CODE:a88e	CODE:a864	MOVX @R0,A	7	write	EXTMEM	1	CAST(INT_ZEXT(MULTIEQUAL((register, 0x0, 1),INT_ADD(MULTIEQUAL((register, 0x0, 1),INT_ADD(MULTIEQUAL((register, 0x0, 1),(register, 0x0, 1)),0x1)),0x1))))		LOAD(0x311,CAST(INT_ZEXT(MULTIEQUAL((register, 0x1, 1),INT_ADD((register, 0x1, 1),0x1)))))
decompiler	CODE:a934	CODE:a93b	MOVX A,@DPTR	9	read	EXTMEM	1	CAST(PIECE((register, 0x2, 1),(register, 0x1, 1)))		
decompiler	CODE:a934	CODE:a93f	MOV A,@R1	24	read	INTMEM	1	(register, 0x1, 1)		
decompiler	CODE:a934	CODE:a944	MOVX A,@R1	43	read	EXTMEM	1	CAST(INT_ZEXT((register, 0x1, 1)))		
decompiler	CODE:a934	CODE:a94b	MOVC A,@A+DPTR	60	read	CODE	1	CAST(PIECE((register, 0x2, 1),(register, 0x1, 1)))		
decompiler	CODE:a94d	CODE:a95a	MOVX A,@DPTR	39	read	EXTMEM	1	CAST(PIECE(INT_ADD(SUBPIECE(INT_RIGHT(CAST((register, 0x82, 2)),0x8),0x0),INT_SUB((register, 0x2, 1),INT_SRIGHT(INT_LEFT(INT_CARRY((register, 0x83, 1),(register, 0x1, 1)),0x7),0x7))),INT_ADD(SUBPIECE((register, 0x82, 2),0x0),(register, 0x1, 1))))		
decompiler	CODE:a94d	CODE:a962	MOV A,@R0	69	read	INTMEM	1	CAST(INT_ADD((register, 0x1, 1),SUBPIECE((register, 0x82, 2),0x0)))		
decompiler	CODE:a94d	CODE:a96b	MOVX A,@R0	103	read	EXTMEM	1	CAST(INT_ZEXT(INT_ADD((register, 0x1, 1),SUBPIECE((register, 0x82, 2),0x0))))		
decompiler	CODE:a94d	CODE:a978	MOVC A,@A+DPTR	150	read	CODE	1	CAST(PIECE(INT_ADD(SUBPIECE(INT_RIGHT(CAST((register, 0x82, 2)),0x8),0x0),INT_SUB((register, 0x2, 1),INT_SRIGHT(INT_LEFT(INT_CARRY((register, 0x83, 1),(register, 0x1, 1)),0x7),0x7))),INT_ADD(SUBPIECE((register, 0x82, 2),0x0),(register, 0x1, 1))))		
decompiler	CODE:a97a	CODE:a982	MOVX A,@DPTR	10	read	EXTMEM	1	CAST(PIECE((register, 0x2, 1),(register, 0x1, 1)))		
decompiler	CODE:a97a	CODE:a984	MOVX @DPTR,A	27	write	EXTMEM	1	CAST(PIECE((register, 0x2, 1),(register, 0x1, 1)))		INT_ADD(LOAD(0x311,CAST(PIECE((register, 0x2, 1),(register, 0x1, 1)))),(register, 0xb, 1))
decompiler	CODE:a97a	CODE:a988	ADD A,@R1	46	read	INTMEM	1	(register, 0x1, 1)		
decompiler	CODE:a97a	CODE:a989	MOV @R1,A	57	write	INTMEM	1	(register, 0x1, 1)		INT_ADD((register, 0xb, 1),LOAD(0x281,(register, 0x1, 1)))
decompiler	CODE:a97a	CODE:a98f	MOVX A,@R1	76	read	EXTMEM	1	CAST(INT_ZEXT((register, 0x1, 1)))		
decompiler	CODE:a97a	CODE:a991	MOVX @R1,A	93	write	EXTMEM	1	CAST(INT_ZEXT((register, 0x1, 1)))		INT_ADD(LOAD(0x311,CAST(INT_ZEXT((register, 0x1, 1)))),(register, 0xb, 1))
decompiler	CODE:a97a	CODE:a999	MOVC A,@A+DPTR	110	read	CODE	1	CAST(PIECE((register, 0x2, 1),(register, 0x1, 1)))		
decompiler	CODE:a99c	CODE:a9a3	MOVX @DPTR,A	10	write	EXTMEM	1	CAST(PIECE((register, 0x2, 1),(register, 0x1, 1)))		(register, 0xb, 1)
decompiler	CODE:a99c	CODE:a9a7	MOV @R1,A	25	write	INTMEM	1	(register, 0x1, 1)		(register, 0xb, 1)
decompiler	CODE:a99c	CODE:a9ac	MOVX @R1,A	44	write	EXTMEM	1	CAST(INT_ZEXT((register, 0x1, 1)))		(register, 0xb, 1)
decompiler	CODE:a9ae	CODE:a9bd	MOVX @DPTR,A	42	write	EXTMEM	1	CAST(PIECE(INT_ADD(SUBPIECE(INT_RIGHT(CAST((register, 0x82, 2)),0x8),0x0),INT_SUB((register, 0x2, 1),INT_SRIGHT(INT_LEFT(INT_CARRY((register, 0x83, 1),(register, 0x1, 1)),0x7),0x7))),INT_ADD(SUBPIECE((register, 0x82, 2),0x0),(register, 0x1, 1))))		(register, 0xb, 1)
decompiler	CODE:a9ae	CODE:a9c5	MOV @R0,A	74	write	INTMEM	1	CAST(INT_ADD((register, 0x1, 1),SUBPIECE((register, 0x82, 2),0x0)))		(register, 0xb, 1)
decompiler	CODE:a9ae	CODE:a9ce	MOVX @R0,A	110	write	EXTMEM	1	CAST(INT_ZEXT(INT_ADD((register, 0x1, 1),SUBPIECE((register, 0x82, 2),0x0))))		(register, 0xb, 1)
decompiler	CODE:aa6d	CODE:aa71	MOVX A,@DPTR	6	read	EXTMEM	1	CAST(INT_ADD((register, 0x82, 2),0x1))		
decompiler	CODE:aa6d	CODE:aa73	MOVX @DPTR,A	23	write	EXTMEM	1	CAST(INT_ADD((register, 0x82, 2),0x1))		INT_ADD(LOAD(0x311,CAST(INT_ADD((register, 0x82, 2),0x1))),(register, 0xa, 1))
decompiler	CODE:aa6d	CODE:aa7f	MOVX A,@DPTR	34	read	EXTMEM	1	CAST(PIECE(MULTIEQUAL(SUBPIECE(INT_RIGHT(CAST(CAST((unique, 0x10000006, 2))),0x8),0x0),INT_ADD(SUBPIECE(INT_RIGHT(CAST((register, 0x82, 2)),0x8),0x0),0xff)),INT_ADD(SUBPIECE(CAST(INT_ADD((register, 0x82, 2),0x1)),0x0),0xff)))		
decompiler	CODE:aa6d	CODE:aa81	MOVX @DPTR,A	53	write	EXTMEM	1	CAST(PIECE(MULTIEQUAL(SUBPIECE(INT_RIGHT(CAST(CAST((unique, 0x10000006, 2))),0x8),0x0),INT_ADD(SUBPIECE(INT_RIGHT(CAST((register, 0x82, 2)),0x8),0x0),0xff)),INT_ADD(SUBPIECE(CAST(INT_ADD((register, 0x82, 2),0x1)),0x0),0xff)))		INT_ADD(LOAD(0x311,CAST(PIECE(MULTIEQUAL((register, 0x82, 1),(register, 0x82, 1)),INT_ADD((register, 0x83, 1),0xff)))),INT_SUB((register, 0xb, 1),INT_SRIGHT(INT_LEFT(INT_CARRY((unique, 0x2900, 1),(register, 0xa, 1)),0x7),0x7)))
decompiler	CODE:aa83	CODE:aa85	MOVX A,@DPTR	3	read	EXTMEM	1	CAST(INT_ADD((register, 0x82, 2),0x1))		
decompiler	CODE:aa83	CODE:aa8a	MOVX @DPTR,A	23	write	EXTMEM	1	CAST(INT_ADD((register, 0x82, 2),0x1))		INT_ADD((register, 0xa, 1),LOAD(0x311,CAST(INT_ADD((register, 0x82, 2),0x1))))
decompiler	CODE:aa83	CODE:aa93	MOVX A,@DPTR	30	read	EXTMEM	1	CAST(PIECE(MULTIEQUAL(SUBPIECE(INT_RIGHT(CAST(CAST((unique, 0x10000006, 2))),0x8),0x0),INT_ADD(SUBPIECE(INT_RIGHT(CAST((register, 0x82, 2)),0x8),0x0),0xff)),INT_ADD(SUBPIECE(CAST(INT_ADD((register, 0x82, 2),0x1)),0x0),0xff)))		
decompiler	CODE:aa83	CODE:aa96	MOVX @DPTR,A	52	write	EXTMEM	1	CAST(PIECE(MULTIEQUAL(SUBPIECE(INT_RIGHT(CAST(CAST((unique, 0x10000006, 2))),0x8),0x0),INT_ADD(SUBPIECE(INT_RIGHT(CAST((register, 0x82, 2)),0x8),0x0),0xff)),INT_ADD(SUBPIECE(CAST(INT_ADD((register, 0x82, 2),0x1)),0x0),0xff)))		INT_ADD((register, 0xb, 1),INT_SUB(LOAD(0x311,CAST(PIECE((register, 0x82, 1),(register, 0x83, 1)))),INT_SRIGHT(INT_LEFT(INT_CARRY((register, 0xa, 1),(unique, 0x2900, 1)),0x7),0x7)))
decompiler	CODE:aa99	CODE:aaa4	MOVX A,@DPTR	14	read	EXTMEM	1	CAST(INT_ADD(PIECE((register, 0x2, 1),(register, 0x1, 1)),0x1))		
decompiler	CODE:aa99	CODE:aaab	MOV A,@R1	32	read	INTMEM	1	CAST(INT_ADD((register, 0x1, 1),0x1))		
decompiler	CODE:aa99	CODE:aab5	MOVX A,@R1	57	read	EXTMEM	1	CAST(INT_ZEXT(INT_ADD((register, 0x1, 1),0x1)))		
decompiler	CODE:aa99	CODE:aac2	MOVC A,@A+DPTR	80	read	CODE	1	CAST(INT_ADD(PIECE((register, 0x2, 1),(register, 0x1, 1)),0x1))		
decompiler	CODE:aac4	CODE:aad5	MOVX A,@DPTR	44	read	EXTMEM	1	CAST(INT_ADD(PIECE(INT_ADD(SUBPIECE(INT_RIGHT(CAST((register, 0x82, 2)),0x8),0x0),INT_SUB((register, 0x2, 1),INT_SRIGHT(INT_LEFT((unique, 0x0, 1),0x7),0x7))),INT_ADD(SUBPIECE((register, 0x82, 2),0x0),(register, 0x1, 1))),0x1))		
decompiler	CODE:aac4	CODE:aae0	MOV A,@R0	77	read	INTMEM	1	CAST(INT_ADD(INT_ADD((register, 0x1, 1),SUBPIECE((register, 0x82, 2),0x0)),0x1))		
decompiler	CODE:aac4	CODE:aaed	MOVX A,@R0	116	read	EXTMEM	1	CAST(INT_ZEXT(INT_ADD(INT_ADD((register, 0x1, 1),SUBPIECE((register, 0x82, 2),0x0)),0x1)))		
decompiler	CODE:aac4	CODE:aafa	MOVC A,@A+DPTR	152	read	CODE	1	CAST(INT_ADD(INT_ADD(PIECE(INT_ADD(SUBPIECE(INT_RIGHT((unique, 0x10000007, 2),0x8),0x0),(register, 0x2, 1)),SUBPIECE((register, 0x82, 2),0x0)),0x1),INT_ZEXT((register, 0x1, 1))))		
decompiler	CODE:aafc	CODE:ab15	ADD A,@R0	71	read	INTMEM	1	CAST(PTRADD(CAST(INT_ADD(SUBPIECE((register, 0x82, 2),0x0),(register, 0x1, 1))),0x1,0x1))		
decompiler	CODE:aafc	CODE:ab15	ADD A,@R0	75	read	INTMEM	1	CAST(PTRADD(CAST(INT_ADD(SUBPIECE((register, 0x82, 2),0x0),(register, 0x1, 1))),0x1,0x1))		
decompiler	CODE:aafc	CODE:ab16	MOV @R0,A	86	write	INTMEM	1	CAST(PTRADD(CAST(INT_ADD(SUBPIECE((register, 0x82, 2),0x0),(register, 0x1, 1))),0x1,0x1))		INT_ADD((register, 0xa, 1),LOAD(0x281,CAST(PTRADD(CAST((unique, 0x10000019, 1)),0x1,0x1))))
decompiler	CODE:aafc	CODE:ab1c	ADDC A,@R0	91	read	INTMEM	1	CAST(INT_ADD(SUBPIECE((register, 0x82, 2),0x0),(register, 0x1, 1)))		
decompiler	CODE:aafc	CODE:ab1d	MOV @R0,A	107	write	INTMEM	1	CAST(INT_ADD(SUBPIECE((register, 0x82, 2),0x0),(register, 0x1, 1)))		INT_ADD((register, 0xb, 1),INT_SUB(LOAD(0x281,CAST(INT_ADD((register, 0x83, 1),(register, 0x1, 1)))),INT_SRIGHT(INT_LEFT(INT_CARRY((register, 0xa, 1),(unique, 0x2a00, 1)),0x7),0x7)))
decompiler	CODE:aafc	CODE:ab27	MOVX A,@R0	143	read	EXTMEM	1	CAST(INT_ZEXT(INT_ADD(INT_ADD(SUBPIECE((register, 0x82, 2),0x0),(register, 0x1, 1)),0x1)))		
decompiler	CODE:aafc	CODE:ab2c	MOVX @R0,A	161	write	EXTMEM	1	CAST(INT_ZEXT(INT_ADD(INT_ADD(SUBPIECE((register, 0x82, 2),0x0),(register, 0x1, 1)),0x1)))		INT_ADD(LOAD(0x311,CAST(INT_ZEXT(INT_ADD((register, 0xb, 1),0x1)))),(register, 0xa, 1))
decompiler	CODE:aafc	CODE:ab2e	MOVX A,@R0	164	read	EXTMEM	1	CAST(INT_ZEXT(INT_ADD(SUBPIECE((register, 0x82, 2),0x0),(register, 0x1, 1))))		
decompiler	CODE:aafc	CODE:ab31	MOVX @R0,A	183	write	EXTMEM	1	CAST(INT_ZEXT(INT_ADD(SUBPIECE((register, 0x82, 2),0x0),(register, 0x1, 1))))		INT_ADD(LOAD(0x311,CAST(INT_ZEXT(INT_ADD((register, 0x83, 1),(register, 0x1, 1))))),INT_SUB((register, 0xb, 1),INT_SRIGHT(INT_LEFT(INT_CARRY((unique, 0x2d00, 1),(register, 0xa, 1)),0x7),0x7)))
decompiler	CODE:aafc	CODE:ab40	MOVC A,@A+DPTR	228	read	CODE	1	PTRADD(CAST(PIECE(INT_ADD(SUBPIECE(INT_RIGHT(CAST((register, 0x82, 2)),0x8),0x0),(register, 0x2, 1)),INT_ADD(SUBPIECE((register, 0x82, 2),0x0),(register, 0x1, 1)))),0x1,0x1)		
decompiler	CODE:aafc	CODE:ab46	MOVC A,@A+DPTR	246	read	CODE	1	CAST(PIECE(INT_ADD(SUBPIECE(INT_RIGHT(CAST((register, 0x82, 2)),0x8),0x0),(register, 0x2, 1)),INT_ADD(SUBPIECE((register, 0x82, 2),0x0),(register, 0x1, 1))))		
decompiler	CODE:ab49	CODE:ab50	MOVX @DPTR,A	10	write	EXTMEM	1	CAST(PIECE((register, 0x2, 1),(register, 0x1, 1)))		(register, 0xb, 1)
decompiler	CODE:ab49	CODE:ab54	MOVX @DPTR,A	15	write	EXTMEM	1	PTRADD(CAST(PIECE((register, 0x2, 1),(register, 0x1, 1))),0x1,0x1)		(register, 0xa, 1)
decompiler	CODE:ab49	CODE:ab58	MOV @R1,A	30	write	INTMEM	1	(register, 0x1, 1)		(register, 0xb, 1)
decompiler	CODE:ab49	CODE:ab5a	MOV @R1,B	33	write	INTMEM	1	PTRADD((register, 0x1, 1),0x1,0x1)		(register, 0xa, 1)
decompiler	CODE:ab49	CODE:ab61	MOVX @R1,A	53	write	EXTMEM	1	CAST(INT_ZEXT((register, 0x1, 1)))		(register, 0xb, 1)
decompiler	CODE:ab49	CODE:ab65	MOVX @R1,A	58	write	EXTMEM	1	CAST(INT_ZEXT(PTRADD((register, 0x1, 1),0x1,0x1)))		(register, 0xa, 1)
decompiler	CODE:ab68	CODE:ab77	MOVX @DPTR,A	42	write	EXTMEM	1	CAST(PIECE(INT_ADD(SUBPIECE(INT_RIGHT(CAST((register, 0x82, 2)),0x8),0x0),INT_SUB((register, 0x2, 1),INT_SRIGHT(INT_LEFT(INT_CARRY((register, 0x83, 1),(register, 0x1, 1)),0x7),0x7))),INT_ADD(SUBPIECE((register, 0x82, 2),0x0),(register, 0x1, 1))))		(register, 0xb, 1)
decompiler	CODE:ab68	CODE:ab7b	MOVX @DPTR,A	47	write	EXTMEM	1	PTRADD(CAST(PIECE(INT_ADD(SUBPIECE(INT_RIGHT(CAST((register, 0x82, 2)),0x8),0x0),INT_SUB((register, 0x2, 1),INT_SRIGHT(INT_LEFT((unique, 0x0, 1),0x7),0x7))),INT_ADD(SUBPIECE((register, 0x82, 2),0x0),(register, 0x1, 1)))),0x1,0x1)		(register, 0xa, 1)
decompiler	CODE:ab68	CODE:ab83	MOV @R0,A	79	write	INTMEM	1	CAST(INT_ADD((register, 0x1, 1),SUBPIECE((register, 0x82, 2),0x0)))		(register, 0xb, 1)
decompiler	CODE:ab68	CODE:ab85	MOV @R0,B	82	write	INTMEM	1	PTRADD(CAST(INT_ADD((register, 0x1, 1),SUBPIECE((register, 0x82, 2),0x0))),0x1,0x1)		(register, 0xa, 1)
decompiler	CODE:ab68	CODE:ab8f	MOVX @R0,A	118	write	EXTMEM	1	CAST(INT_ZEXT(INT_ADD((register, 0x1, 1),SUBPIECE((register, 0x82, 2),0x0))))		(register, 0xb, 1)
decompiler	CODE:ab68	CODE:ab93	MOVX @R0,A	123	write	EXTMEM	1	CAST(INT_ZEXT(INT_ADD(INT_ADD((register, 0x1, 1),SUBPIECE((register, 0x82, 2),0x0)),0x1)))		(register, 0xa, 1)
decompiler	CODE:ad3d	CODE:ad46	MOV A,@R0	12	read	INTMEM	1	CAST(INT_ADD((register, 0x0, 1),0x3))		
decompiler	CODE:ad49	CODE:ad52	MOVX A,@DPTR	16	read	EXTMEM	1	CAST(INT_ADD((register, 0x82, 2),0x3))		
decompiler	CODE:ad55	CODE:ad5e	MOVX A,@DPTR	16	read	EXTMEM	1	CAST(INT_ADD((register, 0x82, 2),0x3))		
decompiler	CODE:ad61	CODE:ad62	MOV @R0,A	2	write	INTMEM	1	(register, 0x0, 1)		(register, 0x4, 1)
decompiler	CODE:ad61	CODE:ad65	MOV @R0,A	6	write	INTMEM	1	PTRADD((register, 0x0, 1),0x1,0x1)		(register, 0x5, 1)
decompiler	CODE:ad61	CODE:ad68	MOV @R0,A	10	write	INTMEM	1	PTRADD((register, 0x0, 1),0x2,0x1)		(register, 0x6, 1)
decompiler	CODE:ad61	CODE:ad6b	MOV @R0,A	14	write	INTMEM	1	PTRADD((register, 0x0, 1),0x3,0x1)		(register, 0x7, 1)
decompiler	CODE:ad6d	CODE:ad6e	MOVX @DPTR,A	3	write	EXTMEM	1	(register, 0x82, 2)		(register, 0x4, 1)
decompiler	CODE:ad6d	CODE:ad71	MOVX @DPTR,A	8	write	EXTMEM	1	PTRADD((register, 0x82, 2),0x1,0x1)		(register, 0x5, 1)
decompiler	CODE:ad6d	CODE:ad74	MOVX @DPTR,A	13	write	EXTMEM	1	PTRADD((register, 0x82, 2),0x2,0x1)		(register, 0x6, 1)
decompiler	CODE:ad6d	CODE:ad77	MOVX @DPTR,A	18	write	EXTMEM	1	PTRADD((register, 0x82, 2),0x3,0x1)		(register, 0x7, 1)
decompiler	CODE:ad79	CODE:ad7e	MOVC A,@A+DPTR	7	read	CODE	1	CAST(PIECE((stack, 0x0, 1),(stack, 0xffffffffffffffff, 1)))		
decompiler	CODE:ad79	CODE:ad7f	MOV @R0,A	9	write	INTMEM	1	(register, 0x0, 1)		LOAD(0x211,CAST(PIECE((stack, 0x0, 1),(stack, 0xffffffffffffffff, 1))))
decompiler	CODE:ad79	CODE:ad83	MOVC A,@A+DPTR	14	read	CODE	1	PTRADD(CAST(PIECE((stack, 0x0, 1),(stack, 0xffffffffffffffff, 1))),0x1,0x1)		
decompiler	CODE:ad79	CODE:ad84	MOV @R0,A	16	write	INTMEM	1	PTRADD((register, 0x0, 1),0x1,0x1)		LOAD(0x211,PTRADD(CAST(PIECE((stack, 0x0, 1),(stack, 0xffffffffffffffff, 1))),0x1,0x1))
decompiler	CODE:ad79	CODE:ad88	MOVC A,@A+DPTR	21	read	CODE	1	PTRADD(CAST(PIECE((stack, 0x0, 1),(stack, 0xffffffffffffffff, 1))),0x2,0x1)		
decompiler	CODE:ad79	CODE:ad89	MOV @R0,A	23	write	INTMEM	1	PTRADD((register, 0x0, 1),0x2,0x1)		LOAD(0x211,PTRADD(CAST(PIECE((stack, 0x0, 1),(stack, 0xffffffffffffffff, 1))),0x2,0x1))
decompiler	CODE:ad79	CODE:ad8d	MOVC A,@A+DPTR	28	read	CODE	1	PTRADD(CAST(PIECE((stack, 0x0, 1),(stack, 0xffffffffffffffff, 1))),0x3,0x1)		
decompiler	CODE:ad79	CODE:ad8e	MOV @R0,A	30	write	INTMEM	1	PTRADD((register, 0x0, 1),0x3,0x1)		LOAD(0x211,PTRADD(CAST(PIECE((stack, 0x0, 1),(stack, 0xffffffffffffffff, 1))),0x3,0x1))
decompiler	CODE:ada9	CODE:adaa	MOVC A,@A+DPTR	3	read	CODE	1	(register, 0x82, 2)		
decompiler	CODE:ada9	CODE:adb6	MOVX @DPTR,A	25	write	EXTMEM	1	CAST(PIECE((register, 0xa, 1),(register, 0x0, 1)))		LOAD(0x211,(register, 0x82, 2))
decompiler	CODE:adf3	CODE:adf9	MOVX A,@DPTR	11	read	EXTMEM	1	CAST(INT_ADD((register, 0x82, 2),0x2))		
decompiler	CODE:adfc	CODE:ae01	MOVX A,@DPTR	8	read	EXTMEM	1	CAST(INT_ADD((register, 0x82, 2),0x2))		
decompiler	CODE:adfc	CODE:ae05	MOVX @DPTR,A	26	write	EXTMEM	1	CAST(INT_ADD((register, 0x82, 2),0x2))		INT_ADD(LOAD(0x311,CAST(INT_ADD((register, 0x82, 2),0x2))),(register, 0xa, 1))
decompiler	CODE:adfc	CODE:ae0e	MOVX A,@DPTR	33	read	EXTMEM	1	CAST(PIECE(MULTIEQUAL(SUBPIECE(INT_RIGHT(CAST(CAST((unique, 0x10000006, 2))),0x8),0x0),INT_ADD(SUBPIECE(INT_RIGHT(CAST((register, 0x82, 2)),0x8),0x0),0xff)),INT_ADD(SUBPIECE(CAST(INT_ADD((register, 0x82, 2),0x2)),0x0),0xff)))		
decompiler	CODE:adfc	CODE:ae11	MOVX @DPTR,A	53	write	EXTMEM	1	CAST(PIECE(MULTIEQUAL(SUBPIECE(INT_RIGHT(CAST(CAST((unique, 0x10000006, 2))),0x8),0x0),INT_ADD(SUBPIECE(INT_RIGHT(CAST((register, 0x82, 2)),0x8),0x0),0xff)),INT_ADD(SUBPIECE(CAST(INT_ADD((register, 0x82, 2),0x2)),0x0),0xff)))		INT_ADD(LOAD(0x311,CAST(PIECE(MULTIEQUAL((register, 0x82, 1),(register, 0x82, 1)),INT_ADD((register, 0x83, 1),0xff)))),INT_SUB((register, 0xb, 1),INT_SRIGHT(INT_LEFT(INT_CARRY((unique, 0x2900, 1),(register, 0xa, 1)),0x7),0x7)))
decompiler	CODE:ae13	CODE:ae18	MOVX A,@DPTR	8	read	EXTMEM	1	CAST(INT_ADD((register, 0x82, 2),0x2))		
decompiler	CODE:ae13	CODE:ae1c	MOVX @DPTR,A	26	write	EXTMEM	1	CAST(INT_ADD((register, 0x82, 2),0x2))		INT_ADD(LOAD(0x311,CAST(INT_ADD((register, 0x82, 2),0x2))),(register, 0xa, 1))
decompiler	CODE:ae13	CODE:ae25	MOVX A,@DPTR	33	read	EXTMEM	1	CAST(PIECE(MULTIEQUAL(SUBPIECE(INT_RIGHT(CAST(CAST((unique, 0x10000006, 2))),0x8),0x0),INT_ADD(SUBPIECE(INT_RIGHT(CAST((register, 0x82, 2)),0x8),0x0),0xff)),INT_ADD(SUBPIECE(CAST(INT_ADD((register, 0x82, 2),0x2)),0x0),0xff)))		
decompiler	CODE:ae13	CODE:ae28	MOVX @DPTR,A	53	write	EXTMEM	1	CAST(PIECE(MULTIEQUAL(SUBPIECE(INT_RIGHT(CAST(CAST((unique, 0x10000006, 2))),0x8),0x0),INT_ADD(SUBPIECE(INT_RIGHT(CAST((register, 0x82, 2)),0x8),0x0),0xff)),INT_ADD(SUBPIECE(CAST(INT_ADD((register, 0x82, 2),0x2)),0x0),0xff)))		INT_ADD(LOAD(0x311,CAST(PIECE(MULTIEQUAL((register, 0x82, 1),(register, 0x82, 1)),INT_ADD((register, 0x83, 1),0xff)))),INT_SUB((register, 0xb, 1),INT_SRIGHT(INT_LEFT(INT_CARRY((unique, 0x2900, 1),(register, 0xa, 1)),0x7),0x7)))
decompiler	CODE:ae2a	CODE:ae2b	MOVX @DPTR,A	3	write	EXTMEM	1	(register, 0x82, 2)		(register, 0x3, 1)
decompiler	CODE:ae2a	CODE:ae2e	MOVX @DPTR,A	8	write	EXTMEM	1	PTRADD((register, 0x82, 2),0x1,0x1)		(register, 0x2, 1)
decompiler	CODE:ae2a	CODE:ae31	MOVX @DPTR,A	13	write	EXTMEM	1	PTRADD((register, 0x82, 2),0x2,0x1)		(register, 0x1, 1)
decompiler	CODE:ae53	CODE:ae59	MOVC A,@A+DPTR	8	read	CODE	1	MULTIEQUAL(CAST(PIECE((stack, 0x0, 1),(stack, 0xffffffffffffffff, 1))),PTRADD(MULTIEQUAL(CAST(PIECE((stack, 0x0, 1),(stack, 0xffffffffffffffff, 1))),PTRADD(MULTIEQUAL(CAST(PIECE((stack, 0x0, 1),(stack, 0xffffffffffffffff, 1))),PTRADD(MULTIEQUAL((register, 0x82, 2),(register, 0x82, 2)),0x3,0x1)),0x3,0x1)),0x3,0x1))		
decompiler	CODE:ae53	CODE:ae5e	MOVC A,@A+DPTR	14	read	CODE	1	PTRADD(MULTIEQUAL(CAST(PIECE((stack, 0x0, 1),(stack, 0xffffffffffffffff, 1))),PTRADD(MULTIEQUAL(CAST(PIECE((stack, 0x0, 1),(stack, 0xffffffffffffffff, 1))),PTRADD(MULTIEQUAL(CAST((unique, 0x10000007, 2)),PTRADD((register, 0x82, 2),0x3,0x1)),0x3,0x1)),0x3,0x1)),0x1,0x1)		
decompiler	CODE:ae53	CODE:ae67	MOVC A,@A+DPTR	80	read	CODE	2	CAST(MULTIEQUAL(PTRADD(MULTIEQUAL(CAST(PIECE((stack, 0x0, 1),(stack, 0xffffffffffffffff, 1))),PTRADD(MULTIEQUAL(CAST((unique, 0x10000007, 2)),PTRADD((register, 0x82, 2),0x3,0x1)),0x3,0x1)),0x2,0x1),MULTIEQUAL(CAST(PIECE((stack, 0x0, 1),(stack, 0xffffffffffffffff, 1))),PTRADD(MULTIEQUAL(CAST(PIECE((stack, 0x0, 1),(stack, 0xffffffffffffffff, 1))),PTRADD(MULTIEQUAL((register, 0x82, 2),(register, 0x82, 2)),0x3,0x1)),0x3,0x1))))		
decompiler	CODE:ae53	CODE:ae70	MOVC A,@A+DPTR	36	read	CODE	1	PTRADD(MULTIEQUAL(CAST(PIECE((stack, 0x0, 1),(stack, 0xffffffffffffffff, 1))),PTRADD(MULTIEQUAL(CAST(PIECE((stack, 0x0, 1),(stack, 0xffffffffffffffff, 1))),PTRADD(MULTIEQUAL(CAST((unique, 0x10000007, 2)),PTRADD((register, 0x82, 2),0x3,0x1)),0x3,0x1)),0x3,0x1)),0x2,0x1)		
decompiler	CODE:aefd	CODE:af0d	MOVX @DPTR,A	19	write	EXTMEM	1	MULTIEQUAL(CAST(PIECE((register, 0x2, 1),(register, 0x1, 1))),PTRADD(MULTIEQUAL(CAST(PIECE((register, 0x2, 1),(register, 0x1, 1))),PTRADD(MULTIEQUAL(CAST(PIECE((register, 0x2, 1),(register, 0x1, 1))),PTRADD(MULTIEQUAL((register, 0x82, 2),(register, 0x82, 2),(register, 0x82, 2)),0x1,0x1),PTRADD(MULTIEQUAL((register, 0x82, 2),(register, 0x82, 2),(register, 0x82, 2)),0x1,0x1)),0x1,0x1),PTRADD(MULTIEQUAL(CAST(PIECE((register, 0x2, 1),(register, 0x1, 1))),PTRADD(MULTIEQUAL((register, 0x82, 2),(register, 0x82, 2)...[truncated])		(register, 0x5, 1)
decompiler	CODE:aefd	CODE:af18	MOV @R1,A	42	write	INTMEM	1	MULTIEQUAL((register, 0x1, 1),PTRADD(MULTIEQUAL((register, 0x1, 1),PTRADD(MULTIEQUAL((register, 0x1, 1),PTRADD(MULTIEQUAL((register, 0x1, 1),(register, 0x1, 1)),0x1,0x1)),0x1,0x1)),0x1,0x1))		(register, 0x5, 1)
decompiler	CODE:aefd	CODE:af22	MOVX @R1,A	66	write	EXTMEM	1	CAST(INT_ZEXT(MULTIEQUAL((register, 0x1, 1),PTRADD(MULTIEQUAL((register, 0x1, 1),PTRADD(MULTIEQUAL((register, 0x1, 1),(register, 0x1, 1)),0x1,0x1)),0x1,0x1))))		(register, 0x5, 1)
decompiler	CODE:af29	CODE:af32	MOVX A,@R0	16	read	EXTMEM	1	CAST(INT_ZEXT(INT_ADD((register, 0x0, 1),0x3)))		
decompiler	CODE:af35	CODE:af42	MOVC A,@A+DPTR	18	read	CODE	1	CAST(INT_ADD((register, 0x82, 2),0x3))		
decompiler	CODE:af45	CODE:af46	MOVX @R0,A	3	write	EXTMEM	1	CAST(INT_ZEXT((register, 0x0, 1)))		(register, 0x4, 1)
decompiler	CODE:af45	CODE:af49	MOVX @R0,A	8	write	EXTMEM	1	CAST(INT_ZEXT(INT_ADD((register, 0x0, 1),0x1)))		(register, 0x5, 1)
decompiler	CODE:af45	CODE:af4c	MOVX @R0,A	13	write	EXTMEM	1	CAST(INT_ZEXT(INT_ADD((register, 0x0, 1),0x2)))		(register, 0x6, 1)
decompiler	CODE:af45	CODE:af4f	MOVX @R0,A	18	write	EXTMEM	1	CAST(INT_ZEXT(INT_ADD((register, 0x0, 1),0x3)))		(register, 0x7, 1)
decompiler	CODE:af51	CODE:af56	MOVC A,@A+DPTR	7	read	CODE	1	CAST(PIECE((stack, 0x0, 1),(stack, 0xffffffffffffffff, 1)))		
decompiler	CODE:af51	CODE:af57	MOVX @R0,A	10	write	EXTMEM	1	CAST(INT_ZEXT((register, 0x0, 1)))		LOAD(0x211,CAST(PIECE((stack, 0x0, 1),(stack, 0xffffffffffffffff, 1))))
decompiler	CODE:af51	CODE:af5b	MOVC A,@A+DPTR	15	read	CODE	1	PTRADD(CAST(PIECE((stack, 0x0, 1),(stack, 0xffffffffffffffff, 1))),0x1,0x1)		
decompiler	CODE:af51	CODE:af5c	MOVX @R0,A	18	write	EXTMEM	1	CAST(INT_ZEXT(INT_ADD((register, 0x0, 1),0x1)))		LOAD(0x211,PTRADD(CAST(PIECE((stack, 0x0, 1),(stack, 0xffffffffffffffff, 1))),0x1,0x1))
decompiler	CODE:af51	CODE:af60	MOVC A,@A+DPTR	23	read	CODE	1	PTRADD(CAST(PIECE((stack, 0x0, 1),(stack, 0xffffffffffffffff, 1))),0x2,0x1)		
decompiler	CODE:af51	CODE:af61	MOVX @R0,A	26	write	EXTMEM	1	CAST(INT_ZEXT(INT_ADD((register, 0x0, 1),0x2)))		LOAD(0x211,PTRADD(CAST(PIECE((stack, 0x0, 1),(stack, 0xffffffffffffffff, 1))),0x2,0x1))
decompiler	CODE:af51	CODE:af65	MOVC A,@A+DPTR	31	read	CODE	1	PTRADD(CAST(PIECE((stack, 0x0, 1),(stack, 0xffffffffffffffff, 1))),0x3,0x1)		
decompiler	CODE:af51	CODE:af66	MOVX @R0,A	34	write	EXTMEM	1	CAST(INT_ZEXT(INT_ADD((register, 0x0, 1),0x3)))		LOAD(0x211,PTRADD(CAST(PIECE((stack, 0x0, 1),(stack, 0xffffffffffffffff, 1))),0x3,0x1))
decompiler	CODE:af6a	CODE:af70	MOV A,@R0	8	read	INTMEM	1	CAST(INT_ADD((register, 0x0, 1),0x2))		
decompiler	CODE:af73	CODE:af79	MOVX A,@R0	11	read	EXTMEM	1	CAST(INT_ZEXT(INT_ADD((register, 0x0, 1),0x2)))		
decompiler	CODE:af7c	CODE:af85	MOVC A,@A+DPTR	13	read	CODE	1	CAST(INT_ADD((register, 0x82, 2),0x2))		
decompiler	CODE:af88	CODE:af8b	MOV @R0,A	3	write	INTMEM	1	MULTIEQUAL(0xff,PTRADD(MULTIEQUAL(0xff,PTRADD(MULTIEQUAL(0xff,PTRADD(MULTIEQUAL((register, 0x0, 1),(register, 0x0, 1)),0xff,0x1)),0xff,0x1)),0xff,0x1))		0x0
decompiler	CODE:af88	CODE:af96	MOVX @DPTR,A	13	write	EXTMEM	1	MULTIEQUAL(0x0,PTRADD(MULTIEQUAL(0x0,PTRADD(MULTIEQUAL(0x0,PTRADD(MULTIEQUAL((register, 0x82, 2),(register, 0x82, 2),(register, 0x82, 2)),0x1,0x1),PTRADD(MULTIEQUAL((register, 0x82, 2),(register, 0x82, 2),(register, 0x82, 2)),0x1,0x1)),0x1,0x1),PTRADD(MULTIEQUAL(0x0,PTRADD(MULTIEQUAL((register, 0x82, 2),(register, 0x82, 2),(register, 0x82, 2)),0x1,0x1),PTRADD(MULTIEQUAL((register, 0x82, 2),(register, 0x82, 2),(register, 0x82, 2)),0x1,0x1)),0x1,0x1)),0x1,0x1),PTRADD(MULTIEQUAL(0x0,PTRADD(MULTIEQUAL(0x0,PTRAD...[truncated])		0x0
decompiler	CODE:af88	CODE:afa6	MOVC A,@A+DPTR	245	read	CODE	1	COPY(MULTIEQUAL(COPY(PTRADD(MULTIEQUAL(0xb022,PTRADD(MULTIEQUAL((register, 0x82, 2),(register, 0x82, 2)),0x1,0x1),PTRADD(MULTIEQUAL((register, 0x82, 2),(register, 0x82, 2)),0x1,0x1),PTRADD(MULTIEQUAL((register, 0x82, 2),(register, 0x82, 2),(register, 0x82, 2)),0x1,0x1)),0x1,0x1)),COPY(PTRADD(MULTIEQUAL(0xb022,PTRADD(MULTIEQUAL((register, 0x82, 2),(register, 0x82, 2)),0x1,0x1),PTRADD(MULTIEQUAL((register, 0x82, 2),(register, 0x82, 2)),0x1,0x1),PTRADD(MULTIEQUAL((register, 0x82, 2),(register, 0x82, 2),(regist...[truncated])		
decompiler	CODE:af88	CODE:afaa	MOVC A,@A+DPTR	251	read	CODE	1	MULTIEQUAL(PTRADD(COPY(MULTIEQUAL(COPY(PTRADD(MULTIEQUAL((register, 0x82, 2),(register, 0x82, 2),(register, 0x82, 2),(register, 0x82, 2)),0x1,0x1)),COPY(PTRADD(MULTIEQUAL((register, 0x82, 2),(register, 0x82, 2),(register, 0x82, 2),(register, 0x82, 2)),0x2,0x1)),COPY(PTRADD(MULTIEQUAL((register, 0x82, 2),(register, 0x82, 2),(register, 0x82, 2),(register, 0x82, 2)),0x2,0x1)))),0x1,0x1),PTRADD(MULTIEQUAL(PTRADD(COPY(MULTIEQUAL(COPY((register, 0x82, 2)),COPY((register, 0x82, 2)),COPY((register, 0x82, 2)))),0x1,...[truncated])		
decompiler	CODE:af88	CODE:afae	MOV @R0,A	257	write	INTMEM	1	MULTIEQUAL(CAST(LOAD(0x211,COPY(MULTIEQUAL(COPY(PTRADD((register, 0x82, 2),0x1,0x1)),COPY(PTRADD((register, 0x82, 2),0x2,0x1)),COPY(PTRADD((register, 0x82, 2),0x2,0x1)))))),PTRADD(MULTIEQUAL(CAST(LOAD(0x211,COPY(MULTIEQUAL((unique, 0x10000016, 2),(unique, 0x10000018, 2),(unique, 0x10000018, 2))))),PTRADD(MULTIEQUAL(CAST(LOAD(0x211,(register, 0x82, 2))),PTRADD(MULTIEQUAL((register, 0xb, 1),(register, 0x0, 1)),0x1,0x1)),0x1,0x1)),0x1,0x1))		LOAD(0x211,MULTIEQUAL(PTRADD(COPY(MULTIEQUAL((unique, 0x10000016, 2),(unique, 0x10000018, 2),(unique, 0x10000018, 2))),0x1,0x1),PTRADD(MULTIEQUAL(PTRADD((register, 0x82, 2),0x1,0x1),PTRADD((register, 0x82, 2),0x1,0x1)),0x1,0x1)))
decompiler	CODE:af88	CODE:afb1	MOVX @R0,A	266	write	EXTMEM	1	CAST(INT_ZEXT(MULTIEQUAL(CAST(LOAD(0x211,COPY(MULTIEQUAL((unique, 0x10000016, 2),(unique, 0x10000018, 2),(unique, 0x10000018, 2))))),PTRADD(MULTIEQUAL(CAST(LOAD(0x211,(register, 0x82, 2))),PTRADD(MULTIEQUAL((register, 0xb, 1),(register, 0x0, 1)),0x1,0x1)),0x1,0x1))))		LOAD(0x211,MULTIEQUAL(PTRADD(COPY(MULTIEQUAL((unique, 0x10000016, 2),(unique, 0x10000018, 2),(unique, 0x10000018, 2))),0x1,0x1),PTRADD(MULTIEQUAL(PTRADD((register, 0x82, 2),0x1,0x1),PTRADD((register, 0x82, 2),0x1,0x1)),0x1,0x1)))
decompiler	CODE:af88	CODE:afb8	MOVC A,@A+DPTR	161	read	CODE	1	MULTIEQUAL(COPY(MULTIEQUAL(COPY(PTRADD(MULTIEQUAL(0xb022,PTRADD((register, 0x82, 2),0x1,0x1),PTRADD((register, 0x82, 2),0x1,0x1),PTRADD((register, 0x82, 2),0x1,0x1)),0x1,0x1)),COPY(PTRADD(MULTIEQUAL(0xb022,PTRADD((register, 0x82, 2),0x1,0x1),PTRADD((register, 0x82, 2),0x1,0x1),PTRADD((register, 0x82, 2),0x1,0x1)),0x2,0x1)),COPY(PTRADD(MULTIEQUAL(0xb022,PTRADD((register, 0x82, 2),0x1,0x1),PTRADD((register, 0x82, 2),0x1,0x1),PTRADD((register, 0x82, 2),0x1,0x1)),0x2,0x1)))),PTRADD(MULTIEQUAL(COPY(MULTIEQUAL(CO...[truncated])		
decompiler	CODE:af88	CODE:afc8	MOVC A,@A+PC	218	read	CODE	1	CAST(INT_ADD(INT_ZEXT(INT_ADD(INT_AND(LOAD(0x211,MULTIEQUAL((register, 0x82, 2),(register, 0x82, 2))),0x7),0xc)),0xafc9))		
decompiler	CODE:af88	CODE:afcc	ANL A,@R0	223	read	INTMEM	1	CAST(INT_OR(INT_RIGHT(INT_AND(LOAD(0x211,MULTIEQUAL(COPY((unique, 0x1000001c, 2)),PTRADD((register, 0x82, 2),0x1,0x1))),0x7f),0x3),0x20))		
decompiler	CODE:af88	CODE:afcf	ORL A,@R0	240	read	INTMEM	1	CAST(INT_OR(INT_RIGHT(INT_AND(LOAD(0x211,MULTIEQUAL(COPY((unique, 0x1000001c, 2)),PTRADD((register, 0x82, 2),0x1,0x1))),0x7f),0x3),0x20))		
decompiler	CODE:af88	CODE:afd0	MOV @R0,A	235	write	INTMEM	1	CAST(INT_OR(INT_RIGHT(INT_AND(LOAD(0x211,MULTIEQUAL(COPY((unique, 0x1000001c, 2)),PTRADD((register, 0x82, 2),0x1,0x1))),0x7f),0x3),0x20))		MULTIEQUAL(INT_AND(INT_NEGATE(LOAD(0x211,CAST((unique, 0x10000022, 2)))),LOAD(0x281,CAST(INT_OR((unique, 0x11600, 1),0x20)))),INT_OR(LOAD(0x211,CAST(INT_ADD((unique, 0x2500, 2),0xafc9))),LOAD(0x281,CAST(INT_OR((unique, 0x11600, 1),0x20)))))
decompiler	CODE:af88	CODE:afe3	MOVC A,@A+DPTR	28	read	CODE	1	MULTIEQUAL(0xb022,PTRADD(MULTIEQUAL(PTRADD(COPY(MULTIEQUAL(COPY((register, 0x82, 2)),COPY((register, 0x82, 2)),COPY((register, 0x82, 2)))),0x1,0x1),PTRADD(MULTIEQUAL(PTRADD(COPY((unique, 0x1000001c, 2)),0x1,0x1),PTRADD(MULTIEQUAL((register, 0x82, 2),(register, 0x82, 2)),0x1,0x1)),0x1,0x1)),0x1,0x1),PTRADD(MULTIEQUAL(COPY(MULTIEQUAL(COPY(PTRADD((register, 0x82, 2),0x1,0x1)),COPY(PTRADD((register, 0x82, 2),0x2,0x1)),COPY(PTRADD((register, 0x82, 2),0x2,0x1)))),PTRADD(MULTIEQUAL(COPY(MULTIEQUAL((unique, 0x10000...[truncated])		
decompiler	CODE:af88	CODE:aff1	MOVC A,@A+DPTR	59	read	CODE	1	PTRADD(MULTIEQUAL(0xb022,PTRADD(MULTIEQUAL(PTRADD(COPY(MULTIEQUAL((unique, 0x10000016, 2),(unique, 0x10000018, 2),(unique, 0x10000018, 2))),0x1,0x1),PTRADD(MULTIEQUAL(PTRADD((register, 0x82, 2),0x1,0x1),PTRADD((register, 0x82, 2),0x1,0x1)),0x1,0x1)),0x1,0x1),PTRADD(MULTIEQUAL(COPY(MULTIEQUAL(COPY((register, 0x82, 2)),COPY((register, 0x82, 2)),COPY((register, 0x82, 2)))),PTRADD(MULTIEQUAL(COPY((unique, 0x1000001c, 2)),PTRADD((register, 0x82, 2),0x1,0x1)),0x1,0x1)),0x1,0x1),PTRADD(MULTIEQUAL(PTRADD(COPY(MULTI...[truncated])		
decompiler	CODE:af88	CODE:b004	MOVC A,@A+DPTR	441	read	CODE	2	CAST(COPY(MULTIEQUAL(COPY(PTRADD(MULTIEQUAL(0xb022,PTRADD((register, 0x82, 2),0x1,0x1),PTRADD((register, 0x82, 2),0x1,0x1),PTRADD((register, 0x82, 2),0x1,0x1)),0x1,0x1)),COPY(PTRADD(MULTIEQUAL(0xb022,PTRADD((register, 0x82, 2),0x1,0x1),PTRADD((register, 0x82, 2),0x1,0x1),PTRADD((register, 0x82, 2),0x1,0x1)),0x2,0x1)),COPY(PTRADD(MULTIEQUAL(0xb022,PTRADD((register, 0x82, 2),0x1,0x1),PTRADD((register, 0x82, 2),0x1,0x1),PTRADD((register, 0x82, 2),0x1,0x1)),0x2,0x1)))))		
decompiler	CODE:af88	CODE:b008	MOVC A,@A+DPTR	109	read	CODE	1	MULTIEQUAL(PTRADD(COPY(MULTIEQUAL(COPY(PTRADD(MULTIEQUAL((register, 0x82, 2),(register, 0x82, 2),(register, 0x82, 2),(register, 0x82, 2)),0x1,0x1)),COPY(PTRADD(MULTIEQUAL((register, 0x82, 2),(register, 0x82, 2),(register, 0x82, 2),(register, 0x82, 2)),0x2,0x1)),COPY(PTRADD(MULTIEQUAL((register, 0x82, 2),(register, 0x82, 2),(register, 0x82, 2),(register, 0x82, 2)),0x2,0x1)))),0x2,0x1),PTRADD(MULTIEQUAL(PTRADD(COPY(MULTIEQUAL(COPY((register, 0x82, 2)),COPY((register, 0x82, 2)),COPY((register, 0x82, 2)))),0x2,...[truncated])		
decompiler	CODE:af88	CODE:b012	MOVX @DPTR,A	131	write	EXTMEM	1	MULTIEQUAL(LOAD(0x211,CAST(COPY(MULTIEQUAL(COPY(PTRADD((register, 0x82, 2),0x1,0x1)),COPY(PTRADD((register, 0x82, 2),0x2,0x1)),COPY(PTRADD((register, 0x82, 2),0x2,0x1)))))),PTRADD(MULTIEQUAL(LOAD(0x211,CAST(COPY(MULTIEQUAL((unique, 0x10000016, 2),(unique, 0x10000018, 2),(unique, 0x10000018, 2))))),PTRADD(MULTIEQUAL(LOAD(0x211,CAST((register, 0x82, 2))),PTRADD(MULTIEQUAL((unique, 0x10000012, 2),(register, 0x82, 2),(register, 0x82, 2)),0x1,0x1),PTRADD(MULTIEQUAL((unique, 0x10000012, 2),(register, 0x82, 2),(re...[truncated])		LOAD(0x211,MULTIEQUAL(PTRADD(COPY(MULTIEQUAL((unique, 0x10000016, 2),(unique, 0x10000018, 2),(unique, 0x10000018, 2))),0x2,0x1),PTRADD(MULTIEQUAL(PTRADD((register, 0x82, 2),0x2,0x1),PTRADD((register, 0x82, 2),0x1,0x1),PTRADD((register, 0x82, 2),0x1,0x1)),0x1,0x1),PTRADD(MULTIEQUAL(PTRADD((register, 0x82, 2),0x2,0x1),PTRADD((register, 0x82, 2),0x1,0x1),PTRADD((register, 0x82, 2),0x1,0x1)),0x1,0x1)))
