phase	function	instruction	disassembly	op_index	direction	space	bytes	address_expression	resolved_address	value_expression
instruction	CODE:1006	CODE:100a	RET	1	read	INTMEM	1	(register, 0x40, 1)		
instruction	CODE:1006	CODE:100a	RET	3	read	INTMEM	1	(register, 0x40, 1)		
instruction	CODE:101e	CODE:101e	LCALL 0x54bf	4	write	INTMEM	1	(register, 0x40, 1)		(unique, 0xb400, 1)
instruction	CODE:101e	CODE:101e	LCALL 0x54bf	6	write	INTMEM	1	(register, 0x40, 1)		(unique, 0x1200, 1)
instruction	CODE:102e	CODE:1030	LCALL 0xa32a	4	write	INTMEM	1	(register, 0x40, 1)		(unique, 0xb400, 1)
instruction	CODE:102e	CODE:1030	LCALL 0xa32a	6	write	INTMEM	1	(register, 0x40, 1)		(unique, 0x1200, 1)
instruction	CODE:1033	CODE:1033	LCALL 0x9645	4	write	INTMEM	1	(register, 0x40, 1)		(unique, 0xb400, 1)
instruction	CODE:1033	CODE:1033	LCALL 0x9645	6	write	INTMEM	1	(register, 0x40, 1)		(unique, 0x1200, 1)
instruction	CODE:104e	CODE:1052	MOVX A,@DPTR	1	read	EXTMEM	1	(unique, 0x2800, 2)		
instruction	CODE:104e	CODE:1058	MOVX A,@DPTR	1	read	EXTMEM	1	(unique, 0x2800, 2)		
instruction	CODE:104e	CODE:105e	MOVX @DPTR,A	2	write	EXTMEM	1	(unique, 0x2800, 2)		(unique, 0x2900, 1)
instruction	CODE:104e	CODE:1060	MOVX @DPTR,A	2	write	EXTMEM	1	(unique, 0x2800, 2)		(unique, 0x2900, 1)
instruction	CODE:104e	CODE:1061	LCALL 0x9924	4	write	INTMEM	1	(register, 0x40, 1)		(unique, 0xb400, 1)
instruction	CODE:104e	CODE:1061	LCALL 0x9924	6	write	INTMEM	1	(register, 0x40, 1)		(unique, 0x1200, 1)
instruction	CODE:104e	CODE:1068	LCALL 0x9e59	4	write	INTMEM	1	(register, 0x40, 1)		(unique, 0xb400, 1)
instruction	CODE:104e	CODE:1068	LCALL 0x9e59	6	write	INTMEM	1	(register, 0x40, 1)		(unique, 0x1200, 1)
instruction	CODE:104e	CODE:106b	LCALL 0xa7a4	4	write	INTMEM	1	(register, 0x40, 1)		(unique, 0xb400, 1)
instruction	CODE:104e	CODE:106b	LCALL 0xa7a4	6	write	INTMEM	1	(register, 0x40, 1)		(unique, 0x1200, 1)
instruction	CODE:1076	CODE:1078	MOV A,@R0	0	read	INTMEM	1	(register, 0x0, 1)		
instruction	CODE:1076	CODE:107a	RET	1	read	INTMEM	1	(register, 0x40, 1)		
instruction	CODE:1076	CODE:107a	RET	3	read	INTMEM	1	(register, 0x40, 1)		
instruction	CODE:107e	CODE:1082	RET	1	read	INTMEM	1	(register, 0x40, 1)		
instruction	CODE:107e	CODE:1082	RET	3	read	INTMEM	1	(register, 0x40, 1)		
instruction	CODE:1086	CODE:108a	RET	1	read	INTMEM	1	(register, 0x40, 1)		
instruction	CODE:1086	CODE:108a	RET	3	read	INTMEM	1	(register, 0x40, 1)		
instruction	CODE:108e	CODE:1092	RET	1	read	INTMEM	1	(register, 0x40, 1)		
instruction	CODE:108e	CODE:1092	RET	3	read	INTMEM	1	(register, 0x40, 1)		
instruction	CODE:1096	CODE:1098	MOV A,@R0	0	read	INTMEM	1	(register, 0x0, 1)		
instruction	CODE:1096	CODE:109a	RET	1	read	INTMEM	1	(register, 0x40, 1)		
instruction	CODE:1096	CODE:109a	RET	3	read	INTMEM	1	(register, 0x40, 1)		
instruction	CODE:109e	CODE:109f	LCALL 0x1e8d	4	write	INTMEM	1	(register, 0x40, 1)		(unique, 0xb400, 1)
instruction	CODE:109e	CODE:109f	LCALL 0x1e8d	6	write	INTMEM	1	(register, 0x40, 1)		(unique, 0x1200, 1)
instruction	CODE:109e	CODE:10a2	RET	1	read	INTMEM	1	(register, 0x40, 1)		
instruction	CODE:109e	CODE:10a2	RET	3	read	INTMEM	1	(register, 0x40, 1)		
instruction	CODE:10a6	CODE:10aa	RET	1	read	INTMEM	1	(register, 0x40, 1)		
instruction	CODE:10a6	CODE:10aa	RET	3	read	INTMEM	1	(register, 0x40, 1)		
instruction	CODE:10ae	CODE:10b2	RET	1	read	INTMEM	1	(register, 0x40, 1)		
instruction	CODE:10ae	CODE:10b2	RET	3	read	INTMEM	1	(register, 0x40, 1)		
instruction	CODE:10b6	CODE:10ba	MOVX @DPTR,A	2	write	EXTMEM	1	(unique, 0x2800, 2)		(unique, 0x2900, 1)
instruction	CODE:10b6	CODE:10bd	MOVX @DPTR,A	2	write	EXTMEM	1	(unique, 0x2800, 2)		(unique, 0x2900, 1)
instruction	CODE:10b6	CODE:10c6	MOVX A,@DPTR	1	read	EXTMEM	1	(unique, 0x2800, 2)		
instruction	CODE:10b6	CODE:10cb	MOVX A,@DPTR	1	read	EXTMEM	1	(unique, 0x2800, 2)		
instruction	CODE:10b6	CODE:10cf	LCALL 0x8776	4	write	INTMEM	1	(register, 0x40, 1)		(unique, 0xb400, 1)
instruction	CODE:10b6	CODE:10cf	LCALL 0x8776	6	write	INTMEM	1	(register, 0x40, 1)		(unique, 0x1200, 1)
instruction	CODE:10b6	CODE:10d5	MOVX A,@DPTR	1	read	EXTMEM	1	(unique, 0x2800, 2)		
instruction	CODE:10b6	CODE:10d6	LCALL 0xae53	4	write	INTMEM	1	(register, 0x40, 1)		(unique, 0xb400, 1)
instruction	CODE:10b6	CODE:10d6	LCALL 0xae53	6	write	INTMEM	1	(register, 0x40, 1)		(unique, 0x1200, 1)
instruction	CODE:10b6	CODE:11d5	LCALL 0xa73f	4	write	INTMEM	1	(register, 0x40, 1)		(unique, 0xb400, 1)
instruction	CODE:10b6	CODE:11d5	LCALL 0xa73f	6	write	INTMEM	1	(register, 0x40, 1)		(unique, 0x1200, 1)
instruction	CODE:11dc	CODE:11dc	LCALL 0xa670	4	write	INTMEM	1	(register, 0x40, 1)		(unique, 0xb400, 1)
instruction	CODE:11dc	CODE:11dc	LCALL 0xa670	6	write	INTMEM	1	(register, 0x40, 1)		(unique, 0x1200, 1)
instruction	CODE:11dc	CODE:11df	LCALL 0xa751	4	write	INTMEM	1	(register, 0x40, 1)		(unique, 0xb400, 1)
instruction	CODE:11dc	CODE:11df	LCALL 0xa751	6	write	INTMEM	1	(register, 0x40, 1)		(unique, 0x1200, 1)
instruction	CODE:11dc	CODE:11ef	MOVX @DPTR,A	2	write	EXTMEM	1	(unique, 0x2800, 2)		(unique, 0x2900, 1)
instruction	CODE:11dc	CODE:11f4	LCALL 0x9a23	4	write	INTMEM	1	(register, 0x40, 1)		(unique, 0xb400, 1)
instruction	CODE:11dc	CODE:11f4	LCALL 0x9a23	6	write	INTMEM	1	(register, 0x40, 1)		(unique, 0x1200, 1)
instruction	CODE:11dc	CODE:11f9	LCALL 0x6a27	4	write	INTMEM	1	(register, 0x40, 1)		(unique, 0xb400, 1)
instruction	CODE:11dc	CODE:11f9	LCALL 0x6a27	6	write	INTMEM	1	(register, 0x40, 1)		(unique, 0x1200, 1)
instruction	CODE:11dc	CODE:11fc	LCALL 0xa709	4	write	INTMEM	1	(register, 0x40, 1)		(unique, 0xb400, 1)
instruction	CODE:11dc	CODE:11fc	LCALL 0xa709	6	write	INTMEM	1	(register, 0x40, 1)		(unique, 0x1200, 1)
instruction	CODE:10b6	CODE:1201	LCALL 0xa809	4	write	INTMEM	1	(register, 0x40, 1)		(unique, 0xb400, 1)
instruction	CODE:10b6	CODE:1201	LCALL 0xa809	6	write	INTMEM	1	(register, 0x40, 1)		(unique, 0x1200, 1)
instruction	CODE:10b6	CODE:1204	LCALL 0xa595	4	write	INTMEM	1	(register, 0x40, 1)		(unique, 0xb400, 1)
instruction	CODE:10b6	CODE:1204	LCALL 0xa595	6	write	INTMEM	1	(register, 0x40, 1)		(unique, 0x1200, 1)
instruction	CODE:10b6	CODE:1211	MOVX @DPTR,A	2	write	EXTMEM	1	(unique, 0x2800, 2)		(unique, 0x2900, 1)
instruction	CODE:10b6	CODE:1216	LCALL 0x90d1	4	write	INTMEM	1	(register, 0x40, 1)		(unique, 0xb400, 1)
instruction	CODE:10b6	CODE:1216	LCALL 0x90d1	6	write	INTMEM	1	(register, 0x40, 1)		(unique, 0x1200, 1)
instruction	CODE:10b6	CODE:121c	MOVX A,@DPTR	1	read	EXTMEM	1	(unique, 0x2800, 2)		
instruction	CODE:10b6	CODE:1221	LCALL 0xa382	4	write	INTMEM	1	(register, 0x40, 1)		(unique, 0xb400, 1)
instruction	CODE:10b6	CODE:1221	LCALL 0xa382	6	write	INTMEM	1	(register, 0x40, 1)		(unique, 0x1200, 1)
instruction	CODE:10b6	CODE:1224	LCALL 0xa0f5	4	write	INTMEM	1	(register, 0x40, 1)		(unique, 0xb400, 1)
instruction	CODE:10b6	CODE:1224	LCALL 0xa0f5	6	write	INTMEM	1	(register, 0x40, 1)		(unique, 0x1200, 1)
instruction	CODE:10b6	CODE:1229	LCALL 0xa73f	4	write	INTMEM	1	(register, 0x40, 1)		(unique, 0xb400, 1)
instruction	CODE:10b6	CODE:1229	LCALL 0xa73f	6	write	INTMEM	1	(register, 0x40, 1)		(unique, 0x1200, 1)
instruction	CODE:10b6	CODE:1231	MOVX @DPTR,A	2	write	EXTMEM	1	(unique, 0x2800, 2)		(unique, 0x2900, 1)
instruction	CODE:10b6	CODE:1232	LCALL 0xa11f	4	write	INTMEM	1	(register, 0x40, 1)		(unique, 0xb400, 1)
instruction	CODE:10b6	CODE:1232	LCALL 0xa11f	6	write	INTMEM	1	(register, 0x40, 1)		(unique, 0x1200, 1)
instruction	CODE:10b6	CODE:1239	LCALL 0xa435	4	write	INTMEM	1	(register, 0x40, 1)		(unique, 0xb400, 1)
instruction	CODE:10b6	CODE:1239	LCALL 0xa435	6	write	INTMEM	1	(register, 0x40, 1)		(unique, 0x1200, 1)
instruction	CODE:10b6	CODE:1240	LCALL 0xa6f7	4	write	INTMEM	1	(register, 0x40, 1)		(unique, 0xb400, 1)
instruction	CODE:10b6	CODE:1240	LCALL 0xa6f7	6	write	INTMEM	1	(register, 0x40, 1)		(unique, 0x1200, 1)
instruction	CODE:124a	CODE:124f	MOVX @DPTR,A	2	write	EXTMEM	1	(unique, 0x2800, 2)		(unique, 0x2900, 1)
instruction	CODE:124a	CODE:1253	MOVX A,@DPTR	1	read	EXTMEM	1	(unique, 0x2800, 2)		
instruction	CODE:10b6	CODE:1261	MOVX A,@DPTR	1	read	EXTMEM	1	(unique, 0x2800, 2)		
instruction	CODE:10b6	CODE:126b	LCALL 0xa638	4	write	INTMEM	1	(register, 0x40, 1)		(unique, 0xb400, 1)
instruction	CODE:10b6	CODE:126b	LCALL 0xa638	6	write	INTMEM	1	(register, 0x40, 1)		(unique, 0x1200, 1)
instruction	CODE:10b6	CODE:126e	LCALL 0x9f19	4	write	INTMEM	1	(register, 0x40, 1)		(unique, 0xb400, 1)
instruction	CODE:10b6	CODE:126e	LCALL 0x9f19	6	write	INTMEM	1	(register, 0x40, 1)		(unique, 0x1200, 1)
instruction	CODE:10b6	CODE:1273	MOV A,@R0	0	read	INTMEM	1	(register, 0x0, 1)		
instruction	CODE:10b6	CODE:1278	LCALL 0x6891	4	write	INTMEM	1	(register, 0x40, 1)		(unique, 0xb400, 1)
instruction	CODE:10b6	CODE:1278	LCALL 0x6891	6	write	INTMEM	1	(register, 0x40, 1)		(unique, 0x1200, 1)
instruction	CODE:10b6	CODE:127b	LCALL 0xa29b	4	write	INTMEM	1	(register, 0x40, 1)		(unique, 0xb400, 1)
instruction	CODE:10b6	CODE:127b	LCALL 0xa29b	6	write	INTMEM	1	(register, 0x40, 1)		(unique, 0x1200, 1)
instruction	CODE:10b6	CODE:127e	LCALL 0xa356	4	write	INTMEM	1	(register, 0x40, 1)		(unique, 0xb400, 1)
instruction	CODE:10b6	CODE:127e	LCALL 0xa356	6	write	INTMEM	1	(register, 0x40, 1)		(unique, 0x1200, 1)
instruction	CODE:10b6	CODE:1284	LCALL 0xa1b7	4	write	INTMEM	1	(register, 0x40, 1)		(unique, 0xb400, 1)
instruction	CODE:10b6	CODE:1284	LCALL 0xa1b7	6	write	INTMEM	1	(register, 0x40, 1)		(unique, 0x1200, 1)
instruction	CODE:10b6	CODE:1289	LCALL 0xa715	4	write	INTMEM	1	(register, 0x40, 1)		(unique, 0xb400, 1)
instruction	CODE:10b6	CODE:1289	LCALL 0xa715	6	write	INTMEM	1	(register, 0x40, 1)		(unique, 0x1200, 1)
instruction	CODE:10b6	CODE:129a	LCALL 0xa111	4	write	INTMEM	1	(register, 0x40, 1)		(unique, 0xb400, 1)
instruction	CODE:10b6	CODE:129a	LCALL 0xa111	6	write	INTMEM	1	(register, 0x40, 1)		(unique, 0x1200, 1)
instruction	CODE:10b6	CODE:12a8	MOVX @DPTR,A	2	write	EXTMEM	1	(unique, 0x2800, 2)		(unique, 0x2900, 1)
instruction	CODE:10b6	CODE:12a9	LCALL 0x9f19	4	write	INTMEM	1	(register, 0x40, 1)		(unique, 0xb400, 1)
instruction	CODE:10b6	CODE:12a9	LCALL 0x9f19	6	write	INTMEM	1	(register, 0x40, 1)		(unique, 0x1200, 1)
instruction	CODE:10b6	CODE:12af	MOVX A,@DPTR	1	read	EXTMEM	1	(unique, 0x2800, 2)		
instruction	CODE:10b6	CODE:12b3	LCALL 0xa3a3	4	write	INTMEM	1	(register, 0x40, 1)		(unique, 0xb400, 1)
instruction	CODE:10b6	CODE:12b3	LCALL 0xa3a3	6	write	INTMEM	1	(register, 0x40, 1)		(unique, 0x1200, 1)
instruction	CODE:10b6	CODE:12ba	LCALL 0xa739	4	write	INTMEM	1	(register, 0x40, 1)		(unique, 0xb400, 1)
instruction	CODE:10b6	CODE:12ba	LCALL 0xa739	6	write	INTMEM	1	(register, 0x40, 1)		(unique, 0x1200, 1)
instruction	CODE:10b6	CODE:12c1	MOVX @DPTR,A	2	write	EXTMEM	1	(unique, 0x2800, 2)		(unique, 0x2900, 1)
instruction	CODE:10b6	CODE:12c2	LCALL 0xae53	4	write	INTMEM	1	(register, 0x40, 1)		(unique, 0xb400, 1)
instruction	CODE:10b6	CODE:12c2	LCALL 0xae53	6	write	INTMEM	1	(register, 0x40, 1)		(unique, 0x1200, 1)
instruction	CODE:10b6	CODE:12ea	LCALL 0xa73f	4	write	INTMEM	1	(register, 0x40, 1)		(unique, 0xb400, 1)
instruction	CODE:10b6	CODE:12ea	LCALL 0xa73f	6	write	INTMEM	1	(register, 0x40, 1)		(unique, 0x1200, 1)
instruction	CODE:10b6	CODE:12ef	LCALL 0xa03c	4	write	INTMEM	1	(register, 0x40, 1)		(unique, 0xb400, 1)
instruction	CODE:10b6	CODE:12ef	LCALL 0xa03c	6	write	INTMEM	1	(register, 0x40, 1)		(unique, 0x1200, 1)
instruction	CODE:10b6	CODE:12fa	LCALL 0xa73f	4	write	INTMEM	1	(register, 0x40, 1)		(unique, 0xb400, 1)
instruction	CODE:10b6	CODE:12fa	LCALL 0xa73f	6	write	INTMEM	1	(register, 0x40, 1)		(unique, 0x1200, 1)
instruction	CODE:10b6	CODE:12fd	LCALL 0xa153	4	write	INTMEM	1	(register, 0x40, 1)		(unique, 0xb400, 1)
instruction	CODE:10b6	CODE:12fd	LCALL 0xa153	6	write	INTMEM	1	(register, 0x40, 1)		(unique, 0x1200, 1)
instruction	CODE:10b6	CODE:1304	LCALL 0xa03c	4	write	INTMEM	1	(register, 0x40, 1)		(unique, 0xb400, 1)
instruction	CODE:10b6	CODE:1304	LCALL 0xa03c	6	write	INTMEM	1	(register, 0x40, 1)		(unique, 0x1200, 1)
instruction	CODE:10b6	CODE:130a	MOVX A,@DPTR	1	read	EXTMEM	1	(unique, 0x2800, 2)		
instruction	CODE:10b6	CODE:1318	LCALL 0x9f79	4	write	INTMEM	1	(register, 0x40, 1)		(unique, 0xb400, 1)
instruction	CODE:10b6	CODE:1318	LCALL 0x9f79	6	write	INTMEM	1	(register, 0x40, 1)		(unique, 0x1200, 1)
instruction	CODE:10b6	CODE:1321	LCALL 0x9e38	4	write	INTMEM	1	(register, 0x40, 1)		(unique, 0xb400, 1)
instruction	CODE:10b6	CODE:1321	LCALL 0x9e38	6	write	INTMEM	1	(register, 0x40, 1)		(unique, 0x1200, 1)
instruction	CODE:10b6	CODE:1329	MOVX @DPTR,A	2	write	EXTMEM	1	(unique, 0x2800, 2)		(unique, 0x2900, 1)
instruction	CODE:10b6	CODE:1330	LCALL 0xa73f	4	write	INTMEM	1	(register, 0x40, 1)		(unique, 0xb400, 1)
instruction	CODE:10b6	CODE:1330	LCALL 0xa73f	6	write	INTMEM	1	(register, 0x40, 1)		(unique, 0x1200, 1)
instruction	CODE:10b6	CODE:1337	LCALL 0x7ef7	4	write	INTMEM	1	(register, 0x40, 1)		(unique, 0xb400, 1)
instruction	CODE:10b6	CODE:1337	LCALL 0x7ef7	6	write	INTMEM	1	(register, 0x40, 1)		(unique, 0x1200, 1)
instruction	CODE:10b6	CODE:133a	LCALL 0xa7ae	4	write	INTMEM	1	(register, 0x40, 1)		(unique, 0xb400, 1)
instruction	CODE:10b6	CODE:133a	LCALL 0xa7ae	6	write	INTMEM	1	(register, 0x40, 1)		(unique, 0x1200, 1)
instruction	CODE:10b6	CODE:133f	LCALL 0xa05a	4	write	INTMEM	1	(register, 0x40, 1)		(unique, 0xb400, 1)
instruction	CODE:10b6	CODE:133f	LCALL 0xa05a	6	write	INTMEM	1	(register, 0x40, 1)		(unique, 0x1200, 1)
instruction	CODE:10b6	CODE:1348	LCALL 0xa73f	4	write	INTMEM	1	(register, 0x40, 1)		(unique, 0xb400, 1)
instruction	CODE:10b6	CODE:1348	LCALL 0xa73f	6	write	INTMEM	1	(register, 0x40, 1)		(unique, 0x1200, 1)
instruction	CODE:10b6	CODE:134f	LCALL 0x9819	4	write	INTMEM	1	(register, 0x40, 1)		(unique, 0xb400, 1)
instruction	CODE:10b6	CODE:134f	LCALL 0x9819	6	write	INTMEM	1	(register, 0x40, 1)		(unique, 0x1200, 1)
instruction	CODE:10b6	CODE:135a	LCALL 0x4ffe	4	write	INTMEM	1	(register, 0x40, 1)		(unique, 0xb400, 1)
instruction	CODE:10b6	CODE:135a	LCALL 0x4ffe	6	write	INTMEM	1	(register, 0x40, 1)		(unique, 0x1200, 1)
instruction	CODE:10b6	CODE:135d	LCALL 0xa0f5	4	write	INTMEM	1	(register, 0x40, 1)		(unique, 0xb400, 1)
instruction	CODE:10b6	CODE:135d	LCALL 0xa0f5	6	write	INTMEM	1	(register, 0x40, 1)		(unique, 0x1200, 1)
instruction	CODE:10b6	CODE:1366	MOVX @DPTR,A	2	write	EXTMEM	1	(unique, 0x2800, 2)		(unique, 0x2900, 1)
instruction	CODE:10b6	CODE:1367	LCALL 0x8954	4	write	INTMEM	1	(register, 0x40, 1)		(unique, 0xb400, 1)
instruction	CODE:10b6	CODE:1367	LCALL 0x8954	6	write	INTMEM	1	(register, 0x40, 1)		(unique, 0x1200, 1)
instruction	CODE:10b6	CODE:1373	MOVX @DPTR,A	2	write	EXTMEM	1	(unique, 0x2800, 2)		(unique, 0x2900, 1)
instruction	CODE:10b6	CODE:1377	MOVX A,@DPTR	1	read	EXTMEM	1	(unique, 0x2800, 2)		
instruction	CODE:10b6	CODE:137b	LCALL 0xa40d	4	write	INTMEM	1	(register, 0x40, 1)		(unique, 0xb400, 1)
instruction	CODE:10b6	CODE:137b	LCALL 0xa40d	6	write	INTMEM	1	(register, 0x40, 1)		(unique, 0x1200, 1)
instruction	CODE:10b6	CODE:1382	LCALL 0x90d1	4	write	INTMEM	1	(register, 0x40, 1)		(unique, 0xb400, 1)
instruction	CODE:10b6	CODE:1382	LCALL 0x90d1	6	write	INTMEM	1	(register, 0x40, 1)		(unique, 0x1200, 1)
instruction	CODE:10b6	CODE:1385	LCALL 0xa721	4	write	INTMEM	1	(register, 0x40, 1)		(unique, 0xb400, 1)
instruction	CODE:10b6	CODE:1385	LCALL 0xa721	6	write	INTMEM	1	(register, 0x40, 1)		(unique, 0x1200, 1)
instruction	CODE:10b6	CODE:138a	LCALL 0xa03c	4	write	INTMEM	1	(register, 0x40, 1)		(unique, 0xb400, 1)
instruction	CODE:10b6	CODE:138a	LCALL 0xa03c	6	write	INTMEM	1	(register, 0x40, 1)		(unique, 0x1200, 1)
instruction	CODE:10b6	CODE:138f	LCALL 0x9115	4	write	INTMEM	1	(register, 0x40, 1)		(unique, 0xb400, 1)
instruction	CODE:10b6	CODE:138f	LCALL 0x9115	6	write	INTMEM	1	(register, 0x40, 1)		(unique, 0x1200, 1)
instruction	CODE:10b6	CODE:1394	LCALL 0xa382	4	write	INTMEM	1	(register, 0x40, 1)		(unique, 0xb400, 1)
instruction	CODE:10b6	CODE:1394	LCALL 0xa382	6	write	INTMEM	1	(register, 0x40, 1)		(unique, 0x1200, 1)
instruction	CODE:10b6	CODE:1399	LCALL 0x8ecd	4	write	INTMEM	1	(register, 0x40, 1)		(unique, 0xb400, 1)
instruction	CODE:10b6	CODE:1399	LCALL 0x8ecd	6	write	INTMEM	1	(register, 0x40, 1)		(unique, 0x1200, 1)
instruction	CODE:10b6	CODE:139c	LCALL 0xa781	4	write	INTMEM	1	(register, 0x40, 1)		(unique, 0xb400, 1)
instruction	CODE:10b6	CODE:139c	LCALL 0xa781	6	write	INTMEM	1	(register, 0x40, 1)		(unique, 0x1200, 1)
instruction	CODE:10b6	CODE:139f	LCALL 0xa77b	4	write	INTMEM	1	(register, 0x40, 1)		(unique, 0xb400, 1)
instruction	CODE:10b6	CODE:139f	LCALL 0xa77b	6	write	INTMEM	1	(register, 0x40, 1)		(unique, 0x1200, 1)
instruction	CODE:10b6	CODE:13a4	LCALL 0xa73f	4	write	INTMEM	1	(register, 0x40, 1)		(unique, 0xb400, 1)
instruction	CODE:10b6	CODE:13a4	LCALL 0xa73f	6	write	INTMEM	1	(register, 0x40, 1)		(unique, 0x1200, 1)
instruction	CODE:10b6	CODE:13aa	MOVX A,@DPTR	1	read	EXTMEM	1	(unique, 0x2800, 2)		
instruction	CODE:10b6	CODE:13b5	LCALL 0x9f19	4	write	INTMEM	1	(register, 0x40, 1)		(unique, 0xb400, 1)
instruction	CODE:10b6	CODE:13b5	LCALL 0x9f19	6	write	INTMEM	1	(register, 0x40, 1)		(unique, 0x1200, 1)
instruction	CODE:10b6	CODE:13b8	LCALL 0x7338	4	write	INTMEM	1	(register, 0x40, 1)		(unique, 0xb400, 1)
instruction	CODE:10b6	CODE:13b8	LCALL 0x7338	6	write	INTMEM	1	(register, 0x40, 1)		(unique, 0x1200, 1)
instruction	CODE:10b6	CODE:13bd	MOV A,@R0	0	read	INTMEM	1	(register, 0x0, 1)		
instruction	CODE:10b6	CODE:13c3	MOV A,@R0	0	read	INTMEM	1	(register, 0x0, 1)		
instruction	CODE:10b6	CODE:13cc	LCALL 0x9f19	4	write	INTMEM	1	(register, 0x40, 1)		(unique, 0xb400, 1)
instruction	CODE:10b6	CODE:13cc	LCALL 0x9f19	6	write	INTMEM	1	(register, 0x40, 1)		(unique, 0x1200, 1)
instruction	CODE:10b6	CODE:13cf	LCALL 0x7800	4	write	INTMEM	1	(register, 0x40, 1)		(unique, 0xb400, 1)
instruction	CODE:10b6	CODE:13cf	LCALL 0x7800	6	write	INTMEM	1	(register, 0x40, 1)		(unique, 0x1200, 1)
instruction	CODE:10b6	CODE:13d4	LCALL 0x9f19	4	write	INTMEM	1	(register, 0x40, 1)		(unique, 0xb400, 1)
instruction	CODE:10b6	CODE:13d4	LCALL 0x9f19	6	write	INTMEM	1	(register, 0x40, 1)		(unique, 0x1200, 1)
instruction	CODE:10b6	CODE:13d7	LCALL 0x4153	4	write	INTMEM	1	(register, 0x40, 1)		(unique, 0xb400, 1)
instruction	CODE:10b6	CODE:13d7	LCALL 0x4153	6	write	INTMEM	1	(register, 0x40, 1)		(unique, 0x1200, 1)
instruction	CODE:10b6	CODE:13de	MOV A,@R0	0	read	INTMEM	1	(register, 0x0, 1)		
instruction	CODE:10b6	CODE:13e4	MOV A,@R0	0	read	INTMEM	1	(register, 0x0, 1)		
instruction	CODE:10b6	CODE:13ea	LCALL 0x8229	4	write	INTMEM	1	(register, 0x40, 1)		(unique, 0xb400, 1)
instruction	CODE:10b6	CODE:13ea	LCALL 0x8229	6	write	INTMEM	1	(register, 0x40, 1)		(unique, 0x1200, 1)
instruction	CODE:10b6	CODE:13ef	LCALL 0x8229	4	write	INTMEM	1	(register, 0x40, 1)		(unique, 0xb400, 1)
instruction	CODE:10b6	CODE:13ef	LCALL 0x8229	6	write	INTMEM	1	(register, 0x40, 1)		(unique, 0x1200, 1)
instruction	CODE:10b6	CODE:13f7	MOVX @DPTR,A	2	write	EXTMEM	1	(unique, 0x2800, 2)		(unique, 0x2900, 1)
instruction	CODE:10b6	CODE:13f8	LCALL 0x8229	4	write	INTMEM	1	(register, 0x40, 1)		(unique, 0xb400, 1)
instruction	CODE:10b6	CODE:13f8	LCALL 0x8229	6	write	INTMEM	1	(register, 0x40, 1)		(unique, 0x1200, 1)
instruction	CODE:10b6	CODE:13fb	LCALL 0xa721	4	write	INTMEM	1	(register, 0x40, 1)		(unique, 0xb400, 1)
instruction	CODE:10b6	CODE:13fb	LCALL 0xa721	6	write	INTMEM	1	(register, 0x40, 1)		(unique, 0x1200, 1)
instruction	CODE:10b6	CODE:13fe	LCALL 0x47a3	4	write	INTMEM	1	(register, 0x40, 1)		(unique, 0xb400, 1)
instruction	CODE:10b6	CODE:13fe	LCALL 0x47a3	6	write	INTMEM	1	(register, 0x40, 1)		(unique, 0x1200, 1)
instruction	CODE:10b6	CODE:1401	LCALL 0xa763	4	write	INTMEM	1	(register, 0x40, 1)		(unique, 0xb400, 1)
instruction	CODE:10b6	CODE:1401	LCALL 0xa763	6	write	INTMEM	1	(register, 0x40, 1)		(unique, 0x1200, 1)
instruction	CODE:10b6	CODE:1404	LCALL 0xa153	4	write	INTMEM	1	(register, 0x40, 1)		(unique, 0xb400, 1)
instruction	CODE:10b6	CODE:1404	LCALL 0xa153	6	write	INTMEM	1	(register, 0x40, 1)		(unique, 0x1200, 1)
instruction	CODE:10b6	CODE:140b	LCALL 0xa6a1	4	write	INTMEM	1	(register, 0x40, 1)		(unique, 0xb400, 1)
instruction	CODE:10b6	CODE:140b	LCALL 0xa6a1	6	write	INTMEM	1	(register, 0x40, 1)		(unique, 0x1200, 1)
instruction	CODE:10b6	CODE:1410	LCALL 0x9696	4	write	INTMEM	1	(register, 0x40, 1)		(unique, 0xb400, 1)
instruction	CODE:10b6	CODE:1410	LCALL 0x9696	6	write	INTMEM	1	(register, 0x40, 1)		(unique, 0x1200, 1)
instruction	CODE:10b6	CODE:1416	LCALL 0x47a3	4	write	INTMEM	1	(register, 0x40, 1)		(unique, 0xb400, 1)
instruction	CODE:10b6	CODE:1416	LCALL 0x47a3	6	write	INTMEM	1	(register, 0x40, 1)		(unique, 0x1200, 1)
instruction	CODE:10b6	CODE:1419	LCALL 0x984b	4	write	INTMEM	1	(register, 0x40, 1)		(unique, 0xb400, 1)
instruction	CODE:10b6	CODE:1419	LCALL 0x984b	6	write	INTMEM	1	(register, 0x40, 1)		(unique, 0x1200, 1)
instruction	CODE:10b6	CODE:1420	LCALL 0xa677	4	write	INTMEM	1	(register, 0x40, 1)		(unique, 0xb400, 1)
instruction	CODE:10b6	CODE:1420	LCALL 0xa677	6	write	INTMEM	1	(register, 0x40, 1)		(unique, 0x1200, 1)
instruction	CODE:10b6	CODE:1423	LCALL 0xa75d	4	write	INTMEM	1	(register, 0x40, 1)		(unique, 0xb400, 1)
instruction	CODE:10b6	CODE:1423	LCALL 0xa75d	6	write	INTMEM	1	(register, 0x40, 1)		(unique, 0x1200, 1)
instruction	CODE:10b6	CODE:142e	LCALL 0x47a3	4	write	INTMEM	1	(register, 0x40, 1)		(unique, 0xb400, 1)
instruction	CODE:10b6	CODE:142e	LCALL 0x47a3	6	write	INTMEM	1	(register, 0x40, 1)		(unique, 0x1200, 1)
instruction	CODE:10b6	CODE:1431	LCALL 0x984b	4	write	INTMEM	1	(register, 0x40, 1)		(unique, 0xb400, 1)
instruction	CODE:10b6	CODE:1431	LCALL 0x984b	6	write	INTMEM	1	(register, 0x40, 1)		(unique, 0x1200, 1)
instruction	CODE:10b6	CODE:1438	LCALL 0xa29b	4	write	INTMEM	1	(register, 0x40, 1)		(unique, 0xb400, 1)
instruction	CODE:10b6	CODE:1438	LCALL 0xa29b	6	write	INTMEM	1	(register, 0x40, 1)		(unique, 0x1200, 1)
instruction	CODE:10b6	CODE:143b	LCALL 0x9f19	4	write	INTMEM	1	(register, 0x40, 1)		(unique, 0xb400, 1)
instruction	CODE:10b6	CODE:143b	LCALL 0x9f19	6	write	INTMEM	1	(register, 0x40, 1)		(unique, 0x1200, 1)
instruction	CODE:10b6	CODE:143e	LCALL 0x2000	4	write	INTMEM	1	(register, 0x40, 1)		(unique, 0xb400, 1)
instruction	CODE:10b6	CODE:143e	LCALL 0x2000	6	write	INTMEM	1	(register, 0x40, 1)		(unique, 0x1200, 1)
instruction	CODE:10b6	CODE:1445	LCALL 0x4ffe	4	write	INTMEM	1	(register, 0x40, 1)		(unique, 0xb400, 1)
instruction	CODE:10b6	CODE:1445	LCALL 0x4ffe	6	write	INTMEM	1	(register, 0x40, 1)		(unique, 0x1200, 1)
instruction	CODE:10b6	CODE:144d	MOVX @DPTR,A	2	write	EXTMEM	1	(unique, 0x2800, 2)		(unique, 0x2900, 1)
instruction	CODE:10b6	CODE:1450	LCALL 0x6a27	4	write	INTMEM	1	(register, 0x40, 1)		(unique, 0xb400, 1)
instruction	CODE:10b6	CODE:1450	LCALL 0x6a27	6	write	INTMEM	1	(register, 0x40, 1)		(unique, 0x1200, 1)
instruction	CODE:10b6	CODE:1453	LCALL 0xa3a3	4	write	INTMEM	1	(register, 0x40, 1)		(unique, 0xb400, 1)
instruction	CODE:10b6	CODE:1453	LCALL 0xa3a3	6	write	INTMEM	1	(register, 0x40, 1)		(unique, 0x1200, 1)
instruction	CODE:10b6	CODE:145d	MOVX @DPTR,A	2	write	EXTMEM	1	(unique, 0x2800, 2)		(unique, 0x2900, 1)
instruction	CODE:10b6	CODE:146b	MOVX @DPTR,A	2	write	EXTMEM	1	(unique, 0x2800, 2)		(unique, 0x2900, 1)
instruction	CODE:10b6	CODE:146c	LCALL 0xa739	4	write	INTMEM	1	(register, 0x40, 1)		(unique, 0xb400, 1)
instruction	CODE:10b6	CODE:146c	LCALL 0xa739	6	write	INTMEM	1	(register, 0x40, 1)		(unique, 0x1200, 1)
instruction	CODE:10b6	CODE:1477	LCALL 0xa05a	4	write	INTMEM	1	(register, 0x40, 1)		(unique, 0xb400, 1)
instruction	CODE:10b6	CODE:1477	LCALL 0xa05a	6	write	INTMEM	1	(register, 0x40, 1)		(unique, 0x1200, 1)
instruction	CODE:10b6	CODE:147d	MOVX A,@DPTR	1	read	EXTMEM	1	(unique, 0x2800, 2)		
instruction	CODE:10b6	CODE:1482	LCALL 0x9f19	4	write	INTMEM	1	(register, 0x40, 1)		(unique, 0xb400, 1)
instruction	CODE:10b6	CODE:1482	LCALL 0x9f19	6	write	INTMEM	1	(register, 0x40, 1)		(unique, 0x1200, 1)
instruction	CODE:10b6	CODE:1485	LCALL 0xa739	4	write	INTMEM	1	(register, 0x40, 1)		(unique, 0xb400, 1)
instruction	CODE:10b6	CODE:1485	LCALL 0xa739	6	write	INTMEM	1	(register, 0x40, 1)		(unique, 0x1200, 1)
instruction	CODE:10b6	CODE:148c	MOVX @DPTR,A	2	write	EXTMEM	1	(unique, 0x2800, 2)		(unique, 0x2900, 1)
instruction	CODE:10b6	CODE:148d	LCALL 0xae53	4	write	INTMEM	1	(register, 0x40, 1)		(unique, 0xb400, 1)
instruction	CODE:10b6	CODE:148d	LCALL 0xae53	6	write	INTMEM	1	(register, 0x40, 1)		(unique, 0x1200, 1)
instruction	CODE:10b6	CODE:14ab	LCALL 0xa73f	4	write	INTMEM	1	(register, 0x40, 1)		(unique, 0xb400, 1)
instruction	CODE:10b6	CODE:14ab	LCALL 0xa73f	6	write	INTMEM	1	(register, 0x40, 1)		(unique, 0x1200, 1)
instruction	CODE:10b6	CODE:14bf	LCALL 0xa73f	4	write	INTMEM	1	(register, 0x40, 1)		(unique, 0xb400, 1)
instruction	CODE:10b6	CODE:14bf	LCALL 0xa73f	6	write	INTMEM	1	(register, 0x40, 1)		(unique, 0x1200, 1)
instruction	CODE:10b6	CODE:14c4	LCALL 0x6a27	4	write	INTMEM	1	(register, 0x40, 1)		(unique, 0xb400, 1)
instruction	CODE:10b6	CODE:14c4	LCALL 0x6a27	6	write	INTMEM	1	(register, 0x40, 1)		(unique, 0x1200, 1)
instruction	CODE:10b6	CODE:14c7	LCALL 0xa1ab	4	write	INTMEM	1	(register, 0x40, 1)		(unique, 0xb400, 1)
instruction	CODE:10b6	CODE:14c7	LCALL 0xa1ab	6	write	INTMEM	1	(register, 0x40, 1)		(unique, 0x1200, 1)
instruction	CODE:10b6	CODE:14d0	MOV A,@R0	0	read	INTMEM	1	(register, 0x0, 1)		
instruction	CODE:10b6	CODE:14dc	LCALL 0x666b	4	write	INTMEM	1	(register, 0x40, 1)		(unique, 0xb400, 1)
instruction	CODE:10b6	CODE:14dc	LCALL 0x666b	6	write	INTMEM	1	(register, 0x40, 1)		(unique, 0x1200, 1)
instruction	CODE:10b6	CODE:14e1	LCALL 0xa361	4	write	INTMEM	1	(register, 0x40, 1)		(unique, 0xb400, 1)
instruction	CODE:10b6	CODE:14e1	LCALL 0xa361	6	write	INTMEM	1	(register, 0x40, 1)		(unique, 0x1200, 1)
instruction	CODE:10b6	CODE:14e9	MOVX A,@DPTR	1	read	EXTMEM	1	(unique, 0x2800, 2)		
instruction	CODE:10b6	CODE:14fb	MOVX @DPTR,A	2	write	EXTMEM	1	(unique, 0x2800, 2)		(unique, 0x2900, 1)
instruction	CODE:10b6	CODE:14fc	LCALL 0x9e38	4	write	INTMEM	1	(register, 0x40, 1)		(unique, 0xb400, 1)
instruction	CODE:10b6	CODE:14fc	LCALL 0x9e38	6	write	INTMEM	1	(register, 0x40, 1)		(unique, 0x1200, 1)
instruction	CODE:10b6	CODE:1501	LCALL 0x984b	4	write	INTMEM	1	(register, 0x40, 1)		(unique, 0xb400, 1)
instruction	CODE:10b6	CODE:1501	LCALL 0x984b	6	write	INTMEM	1	(register, 0x40, 1)		(unique, 0x1200, 1)
instruction	CODE:10b6	CODE:1506	LCALL 0x9f99	4	write	INTMEM	1	(register, 0x40, 1)		(unique, 0xb400, 1)
instruction	CODE:10b6	CODE:1506	LCALL 0x9f99	6	write	INTMEM	1	(register, 0x40, 1)		(unique, 0x1200, 1)
instruction	CODE:10b6	CODE:150b	LCALL 0x8983	4	write	INTMEM	1	(register, 0x40, 1)		(unique, 0xb400, 1)
instruction	CODE:10b6	CODE:150b	LCALL 0x8983	6	write	INTMEM	1	(register, 0x40, 1)		(unique, 0x1200, 1)
instruction	CODE:10b6	CODE:1510	LCALL 0x8591	4	write	INTMEM	1	(register, 0x40, 1)		(unique, 0xb400, 1)
instruction	CODE:10b6	CODE:1510	LCALL 0x8591	6	write	INTMEM	1	(register, 0x40, 1)		(unique, 0x1200, 1)
instruction	CODE:10b6	CODE:1515	LCALL 0xa790	4	write	INTMEM	1	(register, 0x40, 1)		(unique, 0xb400, 1)
instruction	CODE:10b6	CODE:1515	LCALL 0xa790	6	write	INTMEM	1	(register, 0x40, 1)		(unique, 0x1200, 1)
instruction	CODE:10b6	CODE:151e	LCALL 0x9159	4	write	INTMEM	1	(register, 0x40, 1)		(unique, 0xb400, 1)
instruction	CODE:10b6	CODE:151e	LCALL 0x9159	6	write	INTMEM	1	(register, 0x40, 1)		(unique, 0x1200, 1)
instruction	CODE:10b6	CODE:1523	LCALL 0xa28f	4	write	INTMEM	1	(register, 0x40, 1)		(unique, 0xb400, 1)
instruction	CODE:10b6	CODE:1523	LCALL 0xa28f	6	write	INTMEM	1	(register, 0x40, 1)		(unique, 0x1200, 1)
instruction	CODE:10b6	CODE:1528	LCALL 0xa53c	4	write	INTMEM	1	(register, 0x40, 1)		(unique, 0xb400, 1)
instruction	CODE:10b6	CODE:1528	LCALL 0xa53c	6	write	INTMEM	1	(register, 0x40, 1)		(unique, 0x1200, 1)
instruction	CODE:10b6	CODE:1533	LCALL 0x6a27	4	write	INTMEM	1	(register, 0x40, 1)		(unique, 0xb400, 1)
instruction	CODE:10b6	CODE:1533	LCALL 0x6a27	6	write	INTMEM	1	(register, 0x40, 1)		(unique, 0x1200, 1)
instruction	CODE:10b6	CODE:1536	LCALL 0xa670	4	write	INTMEM	1	(register, 0x40, 1)		(unique, 0xb400, 1)
instruction	CODE:10b6	CODE:1536	LCALL 0xa670	6	write	INTMEM	1	(register, 0x40, 1)		(unique, 0x1200, 1)
instruction	CODE:10b6	CODE:153b	LCALL 0xa03c	4	write	INTMEM	1	(register, 0x40, 1)		(unique, 0xb400, 1)
instruction	CODE:10b6	CODE:153b	LCALL 0xa03c	6	write	INTMEM	1	(register, 0x40, 1)		(unique, 0x1200, 1)
instruction	CODE:10b6	CODE:153e	LCALL 0x4ffe	4	write	INTMEM	1	(register, 0x40, 1)		(unique, 0xb400, 1)
instruction	CODE:10b6	CODE:153e	LCALL 0x4ffe	6	write	INTMEM	1	(register, 0x40, 1)		(unique, 0x1200, 1)
instruction	CODE:10b6	CODE:1543	LCALL 0xa0f5	4	write	INTMEM	1	(register, 0x40, 1)		(unique, 0xb400, 1)
instruction	CODE:10b6	CODE:1543	LCALL 0xa0f5	6	write	INTMEM	1	(register, 0x40, 1)		(unique, 0x1200, 1)
instruction	CODE:10b6	CODE:1546	LCALL 0xa595	4	write	INTMEM	1	(register, 0x40, 1)		(unique, 0xb400, 1)
instruction	CODE:10b6	CODE:1546	LCALL 0xa595	6	write	INTMEM	1	(register, 0x40, 1)		(unique, 0x1200, 1)
instruction	CODE:10b6	CODE:154c	LCALL 0x9832	4	write	INTMEM	1	(register, 0x40, 1)		(unique, 0xb400, 1)
instruction	CODE:10b6	CODE:154c	LCALL 0x9832	6	write	INTMEM	1	(register, 0x40, 1)		(unique, 0x1200, 1)
instruction	CODE:10b6	CODE:1555	LCALL 0x9a23	4	write	INTMEM	1	(register, 0x40, 1)		(unique, 0xb400, 1)
instruction	CODE:10b6	CODE:1555	LCALL 0x9a23	6	write	INTMEM	1	(register, 0x40, 1)		(unique, 0x1200, 1)
instruction	CODE:10b6	CODE:155e	LCALL 0x8601	4	write	INTMEM	1	(register, 0x40, 1)		(unique, 0xb400, 1)
instruction	CODE:10b6	CODE:155e	LCALL 0x8601	6	write	INTMEM	1	(register, 0x40, 1)		(unique, 0x1200, 1)
instruction	CODE:10b6	CODE:1569	LCALL 0xa73f	4	write	INTMEM	1	(register, 0x40, 1)		(unique, 0xb400, 1)
instruction	CODE:10b6	CODE:1569	LCALL 0xa73f	6	write	INTMEM	1	(register, 0x40, 1)		(unique, 0x1200, 1)
instruction	CODE:10b6	CODE:1574	MOV A,@R0	0	read	INTMEM	1	(register, 0x0, 1)		
instruction	CODE:10b6	CODE:1578	MOVX @DPTR,A	2	write	EXTMEM	1	(unique, 0x2800, 2)		(unique, 0x2900, 1)
instruction	CODE:10b6	CODE:157e	MOVX @DPTR,A	2	write	EXTMEM	1	(unique, 0x2800, 2)		(unique, 0x2900, 1)
instruction	CODE:10b6	CODE:1582	MOVX A,@DPTR	1	read	EXTMEM	1	(unique, 0x2800, 2)		
instruction	CODE:10b6	CODE:1586	LCALL 0x7ef7	4	write	INTMEM	1	(register, 0x40, 1)		(unique, 0xb400, 1)
instruction	CODE:10b6	CODE:1586	LCALL 0x7ef7	6	write	INTMEM	1	(register, 0x40, 1)		(unique, 0x1200, 1)
instruction	CODE:10b6	CODE:1592	MOVX @DPTR,A	2	write	EXTMEM	1	(unique, 0x2800, 2)		(unique, 0x2900, 1)
instruction	CODE:10b6	CODE:1593	LCALL 0xa65b	4	write	INTMEM	1	(register, 0x40, 1)		(unique, 0xb400, 1)
instruction	CODE:10b6	CODE:1593	LCALL 0xa65b	6	write	INTMEM	1	(register, 0x40, 1)		(unique, 0x1200, 1)
instruction	CODE:10b6	CODE:1598	LCALL 0xa42b	4	write	INTMEM	1	(register, 0x40, 1)		(unique, 0xb400, 1)
instruction	CODE:10b6	CODE:1598	LCALL 0xa42b	6	write	INTMEM	1	(register, 0x40, 1)		(unique, 0x1200, 1)
instruction	CODE:10b6	CODE:15a2	MOVX @DPTR,A	2	write	EXTMEM	1	(unique, 0x2800, 2)		(unique, 0x2900, 1)
instruction	CODE:10b6	CODE:15a5	LCALL 0x9a39	4	write	INTMEM	1	(register, 0x40, 1)		(unique, 0xb400, 1)
instruction	CODE:10b6	CODE:15a5	LCALL 0x9a39	6	write	INTMEM	1	(register, 0x40, 1)		(unique, 0x1200, 1)
instruction	CODE:10b6	CODE:15b1	MOVX @DPTR,A	2	write	EXTMEM	1	(unique, 0x2800, 2)		(unique, 0x2900, 1)
instruction	CODE:10b6	CODE:15b6	LCALL 0x7ef7	4	write	INTMEM	1	(register, 0x40, 1)		(unique, 0xb400, 1)
instruction	CODE:10b6	CODE:15b6	LCALL 0x7ef7	6	write	INTMEM	1	(register, 0x40, 1)		(unique, 0x1200, 1)
instruction	CODE:10b6	CODE:15bb	LCALL 0xa73f	4	write	INTMEM	1	(register, 0x40, 1)		(unique, 0xb400, 1)
instruction	CODE:10b6	CODE:15bb	LCALL 0xa73f	6	write	INTMEM	1	(register, 0x40, 1)		(unique, 0x1200, 1)
instruction	CODE:10b6	CODE:15c2	LCALL 0x9819	4	write	INTMEM	1	(register, 0x40, 1)		(unique, 0xb400, 1)
instruction	CODE:10b6	CODE:15c2	LCALL 0x9819	6	write	INTMEM	1	(register, 0x40, 1)		(unique, 0x1200, 1)
instruction	CODE:10b6	CODE:15cb	LCALL 0x7ef7	4	write	INTMEM	1	(register, 0x40, 1)		(unique, 0xb400, 1)
instruction	CODE:10b6	CODE:15cb	LCALL 0x7ef7	6	write	INTMEM	1	(register, 0x40, 1)		(unique, 0x1200, 1)
instruction	CODE:10b6	CODE:15d2	LCALL 0xa73f	4	write	INTMEM	1	(register, 0x40, 1)		(unique, 0xb400, 1)
instruction	CODE:10b6	CODE:15d2	LCALL 0xa73f	6	write	INTMEM	1	(register, 0x40, 1)		(unique, 0x1200, 1)
instruction	CODE:10b6	CODE:15dc	MOVX @DPTR,A	2	write	EXTMEM	1	(unique, 0x2800, 2)		(unique, 0x2900, 1)
instruction	CODE:10b6	CODE:15df	LCALL 0x6a27	4	write	INTMEM	1	(register, 0x40, 1)		(unique, 0xb400, 1)
instruction	CODE:10b6	CODE:15df	LCALL 0x6a27	6	write	INTMEM	1	(register, 0x40, 1)		(unique, 0x1200, 1)
instruction	CODE:10b6	CODE:15e2	LCALL 0xa7ae	4	write	INTMEM	1	(register, 0x40, 1)		(unique, 0xb400, 1)
instruction	CODE:10b6	CODE:15e2	LCALL 0xa7ae	6	write	INTMEM	1	(register, 0x40, 1)		(unique, 0x1200, 1)
instruction	CODE:10b6	CODE:15ef	LCALL 0xa53c	4	write	INTMEM	1	(register, 0x40, 1)		(unique, 0xb400, 1)
instruction	CODE:10b6	CODE:15ef	LCALL 0xa53c	6	write	INTMEM	1	(register, 0x40, 1)		(unique, 0x1200, 1)
instruction	CODE:10b6	CODE:15f6	LCALL 0xa153	4	write	INTMEM	1	(register, 0x40, 1)		(unique, 0xb400, 1)
instruction	CODE:10b6	CODE:15f6	LCALL 0xa153	6	write	INTMEM	1	(register, 0x40, 1)		(unique, 0x1200, 1)
instruction	CODE:10b6	CODE:1601	LCALL 0xa398	4	write	INTMEM	1	(register, 0x40, 1)		(unique, 0xb400, 1)
instruction	CODE:10b6	CODE:1601	LCALL 0xa398	6	write	INTMEM	1	(register, 0x40, 1)		(unique, 0x1200, 1)
instruction	CODE:10b6	CODE:1606	LCALL 0xa63f	4	write	INTMEM	1	(register, 0x40, 1)		(unique, 0xb400, 1)
instruction	CODE:10b6	CODE:1606	LCALL 0xa63f	6	write	INTMEM	1	(register, 0x40, 1)		(unique, 0x1200, 1)
instruction	CODE:10b6	CODE:160d	LCALL 0xa63f	4	write	INTMEM	1	(register, 0x40, 1)		(unique, 0xb400, 1)
instruction	CODE:10b6	CODE:160d	LCALL 0xa63f	6	write	INTMEM	1	(register, 0x40, 1)		(unique, 0x1200, 1)
instruction	CODE:10b6	CODE:1610	LCALL 0xa53c	4	write	INTMEM	1	(register, 0x40, 1)		(unique, 0xb400, 1)
instruction	CODE:10b6	CODE:1610	LCALL 0xa53c	6	write	INTMEM	1	(register, 0x40, 1)		(unique, 0x1200, 1)
instruction	CODE:10b6	CODE:1617	LCALL 0xa739	4	write	INTMEM	1	(register, 0x40, 1)		(unique, 0xb400, 1)
instruction	CODE:10b6	CODE:1617	LCALL 0xa739	6	write	INTMEM	1	(register, 0x40, 1)		(unique, 0x1200, 1)
instruction	CODE:10b6	CODE:1626	MOVX @DPTR,A	2	write	EXTMEM	1	(unique, 0x2800, 2)		(unique, 0x2900, 1)
instruction	CODE:129e	CODE:162b	LCALL 0xa03c	4	write	INTMEM	1	(register, 0x40, 1)		(unique, 0xb400, 1)
instruction	CODE:129e	CODE:162b	LCALL 0xa03c	6	write	INTMEM	1	(register, 0x40, 1)		(unique, 0x1200, 1)
instruction	CODE:10b6	CODE:1630	LCALL 0x9f19	4	write	INTMEM	1	(register, 0x40, 1)		(unique, 0xb400, 1)
instruction	CODE:10b6	CODE:1630	LCALL 0x9f19	6	write	INTMEM	1	(register, 0x40, 1)		(unique, 0x1200, 1)
instruction	CODE:10b6	CODE:1633	LCALL 0xa0f5	4	write	INTMEM	1	(register, 0x40, 1)		(unique, 0xb400, 1)
instruction	CODE:10b6	CODE:1633	LCALL 0xa0f5	6	write	INTMEM	1	(register, 0x40, 1)		(unique, 0x1200, 1)
instruction	CODE:10b6	CODE:163c	LCALL 0x6a27	4	write	INTMEM	1	(register, 0x40, 1)		(unique, 0xb400, 1)
instruction	CODE:10b6	CODE:163c	LCALL 0x6a27	6	write	INTMEM	1	(register, 0x40, 1)		(unique, 0x1200, 1)
instruction	CODE:10b6	CODE:1641	LCALL 0x917b	4	write	INTMEM	1	(register, 0x40, 1)		(unique, 0xb400, 1)
instruction	CODE:10b6	CODE:1641	LCALL 0x917b	6	write	INTMEM	1	(register, 0x40, 1)		(unique, 0x1200, 1)
instruction	CODE:10b6	CODE:164c	LCALL 0x5a9d	4	write	INTMEM	1	(register, 0x40, 1)		(unique, 0xb400, 1)
instruction	CODE:10b6	CODE:164c	LCALL 0x5a9d	6	write	INTMEM	1	(register, 0x40, 1)		(unique, 0x1200, 1)
instruction	CODE:10b6	CODE:1651	LCALL 0x4153	4	write	INTMEM	1	(register, 0x40, 1)		(unique, 0xb400, 1)
instruction	CODE:10b6	CODE:1651	LCALL 0x4153	6	write	INTMEM	1	(register, 0x40, 1)		(unique, 0x1200, 1)
instruction	CODE:10b6	CODE:165b	MOVX @DPTR,A	2	write	EXTMEM	1	(unique, 0x2800, 2)		(unique, 0x2900, 1)
instruction	CODE:10b6	CODE:165c	LCALL 0xa53c	4	write	INTMEM	1	(register, 0x40, 1)		(unique, 0xb400, 1)
instruction	CODE:10b6	CODE:165c	LCALL 0xa53c	6	write	INTMEM	1	(register, 0x40, 1)		(unique, 0x1200, 1)
instruction	CODE:10b6	CODE:1663	LCALL 0xa3ae	4	write	INTMEM	1	(register, 0x40, 1)		(unique, 0xb400, 1)
instruction	CODE:10b6	CODE:1663	LCALL 0xa3ae	6	write	INTMEM	1	(register, 0x40, 1)		(unique, 0x1200, 1)
instruction	CODE:10b6	CODE:166a	LCALL 0xa786	4	write	INTMEM	1	(register, 0x40, 1)		(unique, 0xb400, 1)
instruction	CODE:10b6	CODE:166a	LCALL 0xa786	6	write	INTMEM	1	(register, 0x40, 1)		(unique, 0x1200, 1)
instruction	CODE:10b6	CODE:1676	MOVX @DPTR,A	2	write	EXTMEM	1	(unique, 0x2800, 2)		(unique, 0x2900, 1)
instruction	CODE:10b6	CODE:167f	LCALL 0x5a9d	4	write	INTMEM	1	(register, 0x40, 1)		(unique, 0xb400, 1)
instruction	CODE:10b6	CODE:167f	LCALL 0x5a9d	6	write	INTMEM	1	(register, 0x40, 1)		(unique, 0x1200, 1)
instruction	CODE:10b6	CODE:1687	MOVX @DPTR,A	2	write	EXTMEM	1	(unique, 0x2800, 2)		(unique, 0x2900, 1)
instruction	CODE:10b6	CODE:168c	LCALL 0x1703	4	write	INTMEM	1	(register, 0x40, 1)		(unique, 0xb400, 1)
instruction	CODE:10b6	CODE:168c	LCALL 0x1703	6	write	INTMEM	1	(register, 0x40, 1)		(unique, 0x1200, 1)
instruction	CODE:10b6	CODE:1691	MOVX @DPTR,A	2	write	EXTMEM	1	(unique, 0x2800, 2)		(unique, 0x2900, 1)
instruction	CODE:10b6	CODE:1696	LCALL 0x1703	4	write	INTMEM	1	(register, 0x40, 1)		(unique, 0xb400, 1)
instruction	CODE:10b6	CODE:1696	LCALL 0x1703	6	write	INTMEM	1	(register, 0x40, 1)		(unique, 0x1200, 1)
instruction	CODE:10b6	CODE:169b	MOVX @DPTR,A	2	write	EXTMEM	1	(unique, 0x2800, 2)		(unique, 0x2900, 1)
instruction	CODE:10b6	CODE:169e	LCALL 0xa7f3	4	write	INTMEM	1	(register, 0x40, 1)		(unique, 0xb400, 1)
instruction	CODE:10b6	CODE:169e	LCALL 0xa7f3	6	write	INTMEM	1	(register, 0x40, 1)		(unique, 0x1200, 1)
instruction	CODE:10b6	CODE:16a6	LCALL 0x16ed	4	write	INTMEM	1	(register, 0x40, 1)		(unique, 0xb400, 1)
instruction	CODE:10b6	CODE:16a6	LCALL 0x16ed	6	write	INTMEM	1	(register, 0x40, 1)		(unique, 0x1200, 1)
instruction	CODE:10b6	CODE:16ab	MOVX @DPTR,A	2	write	EXTMEM	1	(unique, 0x2800, 2)		(unique, 0x2900, 1)
instruction	CODE:10b6	CODE:16b0	LCALL 0x16ed	4	write	INTMEM	1	(register, 0x40, 1)		(unique, 0xb400, 1)
instruction	CODE:10b6	CODE:16b0	LCALL 0x16ed	6	write	INTMEM	1	(register, 0x40, 1)		(unique, 0x1200, 1)
instruction	CODE:10b6	CODE:16b5	MOVX @DPTR,A	2	write	EXTMEM	1	(unique, 0x2800, 2)		(unique, 0x2900, 1)
instruction	CODE:10b6	CODE:16ba	LCALL 0x16f8	4	write	INTMEM	1	(register, 0x40, 1)		(unique, 0xb400, 1)
instruction	CODE:10b6	CODE:16ba	LCALL 0x16f8	6	write	INTMEM	1	(register, 0x40, 1)		(unique, 0x1200, 1)
instruction	CODE:10b6	CODE:16bf	MOVX @DPTR,A	2	write	EXTMEM	1	(unique, 0x2800, 2)		(unique, 0x2900, 1)
instruction	CODE:10b6	CODE:16c4	LCALL 0x16f8	4	write	INTMEM	1	(register, 0x40, 1)		(unique, 0xb400, 1)
instruction	CODE:10b6	CODE:16c4	LCALL 0x16f8	6	write	INTMEM	1	(register, 0x40, 1)		(unique, 0x1200, 1)
instruction	CODE:10b6	CODE:16c9	MOVX @DPTR,A	2	write	EXTMEM	1	(unique, 0x2800, 2)		(unique, 0x2900, 1)
instruction	CODE:10b6	CODE:16d2	LCALL 0x5a9d	4	write	INTMEM	1	(register, 0x40, 1)		(unique, 0xb400, 1)
instruction	CODE:10b6	CODE:16d2	LCALL 0x5a9d	6	write	INTMEM	1	(register, 0x40, 1)		(unique, 0x1200, 1)
instruction	CODE:10b6	CODE:16da	MOVX @DPTR,A	2	write	EXTMEM	1	(unique, 0x2800, 2)		(unique, 0x2900, 1)
instruction	CODE:10b6	CODE:16e1	LCALL 0xa638	4	write	INTMEM	1	(register, 0x40, 1)		(unique, 0xb400, 1)
instruction	CODE:10b6	CODE:16e1	LCALL 0xa638	6	write	INTMEM	1	(register, 0x40, 1)		(unique, 0x1200, 1)
instruction	CODE:129e	CODE:16e7	MOVX A,@DPTR	1	read	EXTMEM	1	(unique, 0x2800, 2)		
instruction	CODE:129e	CODE:16e9	LCALL 0xa5c5	4	write	INTMEM	1	(register, 0x40, 1)		(unique, 0xb400, 1)
instruction	CODE:129e	CODE:16e9	LCALL 0xa5c5	6	write	INTMEM	1	(register, 0x40, 1)		(unique, 0x1200, 1)
instruction	CODE:129e	CODE:16ec	RET	1	read	INTMEM	1	(register, 0x40, 1)		
instruction	CODE:129e	CODE:16ec	RET	3	read	INTMEM	1	(register, 0x40, 1)		
instruction	CODE:16ed	CODE:16f1	LCALL 0x5a9d	4	write	INTMEM	1	(register, 0x40, 1)		(unique, 0xb400, 1)
instruction	CODE:16ed	CODE:16f1	LCALL 0x5a9d	6	write	INTMEM	1	(register, 0x40, 1)		(unique, 0x1200, 1)
instruction	CODE:16ed	CODE:16f7	RET	1	read	INTMEM	1	(register, 0x40, 1)		
instruction	CODE:16ed	CODE:16f7	RET	3	read	INTMEM	1	(register, 0x40, 1)		
instruction	CODE:16f8	CODE:16fc	LCALL 0x5a9d	4	write	INTMEM	1	(register, 0x40, 1)		(unique, 0xb400, 1)
instruction	CODE:16f8	CODE:16fc	LCALL 0x5a9d	6	write	INTMEM	1	(register, 0x40, 1)		(unique, 0x1200, 1)
instruction	CODE:16f8	CODE:1702	RET	1	read	INTMEM	1	(register, 0x40, 1)		
instruction	CODE:16f8	CODE:1702	RET	3	read	INTMEM	1	(register, 0x40, 1)		
instruction	CODE:1703	CODE:1707	LCALL 0x5a9d	4	write	INTMEM	1	(register, 0x40, 1)		(unique, 0xb400, 1)
instruction	CODE:1703	CODE:1707	LCALL 0x5a9d	6	write	INTMEM	1	(register, 0x40, 1)		(unique, 0x1200, 1)
instruction	CODE:1703	CODE:170d	RET	1	read	INTMEM	1	(register, 0x40, 1)		
instruction	CODE:1703	CODE:170d	RET	3	read	INTMEM	1	(register, 0x40, 1)		
instruction	CODE:170e	CODE:1712	MOVX @DPTR,A	2	write	EXTMEM	1	(unique, 0x2800, 2)		(unique, 0x2900, 1)
instruction	CODE:170e	CODE:1715	MOVX @DPTR,A	2	write	EXTMEM	1	(unique, 0x2800, 2)		(unique, 0x2900, 1)
instruction	CODE:170e	CODE:1716	LCALL 0x1d98	4	write	INTMEM	1	(register, 0x40, 1)		(unique, 0xb400, 1)
instruction	CODE:170e	CODE:1716	LCALL 0x1d98	6	write	INTMEM	1	(register, 0x40, 1)		(unique, 0x1200, 1)
instruction	CODE:170e	CODE:1719	PUSH DPH	1	write	INTMEM	1	(register, 0x40, 1)		(register, 0x82, 1)
instruction	CODE:170e	CODE:171b	PUSH DPL	1	write	INTMEM	1	(register, 0x40, 1)		(register, 0x83, 1)
instruction	CODE:170e	CODE:1720	MOVX A,@DPTR	1	read	EXTMEM	1	(unique, 0x2800, 2)		
instruction	CODE:170e	CODE:1721	POP DPL	0	read	INTMEM	1	(register, 0x40, 1)		
instruction	CODE:170e	CODE:1723	POP DPH	0	read	INTMEM	1	(register, 0x40, 1)		
instruction	CODE:170e	CODE:1725	LCALL 0x1dbf	4	write	INTMEM	1	(register, 0x40, 1)		(unique, 0xb400, 1)
instruction	CODE:170e	CODE:1725	LCALL 0x1dbf	6	write	INTMEM	1	(register, 0x40, 1)		(unique, 0x1200, 1)
instruction	CODE:170e	CODE:1728	LCALL 0xad49	4	write	INTMEM	1	(register, 0x40, 1)		(unique, 0xb400, 1)
instruction	CODE:170e	CODE:1728	LCALL 0xad49	6	write	INTMEM	1	(register, 0x40, 1)		(unique, 0x1200, 1)
instruction	CODE:8e33	CODE:17fe	RET	1	read	INTMEM	1	(register, 0x40, 1)		
instruction	CODE:8e33	CODE:17fe	RET	3	read	INTMEM	1	(register, 0x40, 1)		
instruction	CODE:4b5e	CODE:17ff	RET	1	read	INTMEM	1	(register, 0x40, 1)		
instruction	CODE:4b5e	CODE:17ff	RET	3	read	INTMEM	1	(register, 0x40, 1)		
instruction	CODE:1800	CODE:1804	MOVX @DPTR,A	2	write	EXTMEM	1	(unique, 0x2800, 2)		(unique, 0x2900, 1)
instruction	CODE:1800	CODE:1806	MOVX @DPTR,A	2	write	EXTMEM	1	(unique, 0x2800, 2)		(unique, 0x2900, 1)
instruction	CODE:1800	CODE:1808	MOVX @DPTR,A	2	write	EXTMEM	1	(unique, 0x2800, 2)		(unique, 0x2900, 1)
instruction	CODE:1800	CODE:180a	MOVX @DPTR,A	2	write	EXTMEM	1	(unique, 0x2800, 2)		(unique, 0x2900, 1)
instruction	CODE:1800	CODE:180d	MOV A,@R0	0	read	INTMEM	1	(register, 0x0, 1)		
instruction	CODE:1800	CODE:181f	MOVX @DPTR,A	2	write	EXTMEM	1	(unique, 0x2800, 2)		(unique, 0x2900, 1)
instruction	CODE:1800	CODE:1822	MOVX @DPTR,A	2	write	EXTMEM	1	(unique, 0x2800, 2)		(unique, 0x2900, 1)
instruction	CODE:1800	CODE:1828	MOV A,@R0	0	read	INTMEM	1	(register, 0x0, 1)		
instruction	CODE:1800	CODE:182e	MOV A,@R1	0	read	INTMEM	1	(register, 0x1, 1)		
instruction	CODE:1800	CODE:1832	ORL A,@R1	0	read	INTMEM	1	(register, 0x1, 1)		
instruction	CODE:1800	CODE:183a	MOVX A,@DPTR	1	read	EXTMEM	1	(unique, 0x2800, 2)		
instruction	CODE:1800	CODE:183d	MOVX A,@DPTR	1	read	EXTMEM	1	(unique, 0x2800, 2)		
instruction	CODE:1800	CODE:1843	PUSH DPH	1	write	INTMEM	1	(register, 0x40, 1)		(register, 0x82, 1)
instruction	CODE:1800	CODE:1845	PUSH DPL	1	write	INTMEM	1	(register, 0x40, 1)		(register, 0x83, 1)
instruction	CODE:1800	CODE:1847	LCALL 0x1e02	4	write	INTMEM	1	(register, 0x40, 1)		(unique, 0xb400, 1)
instruction	CODE:1800	CODE:1847	LCALL 0x1e02	6	write	INTMEM	1	(register, 0x40, 1)		(unique, 0x1200, 1)
instruction	CODE:1800	CODE:184a	POP DPL	0	read	INTMEM	1	(register, 0x40, 1)		
instruction	CODE:1800	CODE:184c	POP DPH	0	read	INTMEM	1	(register, 0x40, 1)		
instruction	CODE:1800	CODE:184e	LCALL 0x1dbe	4	write	INTMEM	1	(register, 0x40, 1)		(unique, 0xb400, 1)
instruction	CODE:1800	CODE:184e	LCALL 0x1dbe	6	write	INTMEM	1	(register, 0x40, 1)		(unique, 0x1200, 1)
instruction	CODE:1800	CODE:1851	LCALL 0xad92	4	write	INTMEM	1	(register, 0x40, 1)		(unique, 0xb400, 1)
instruction	CODE:1800	CODE:1851	LCALL 0xad92	6	write	INTMEM	1	(register, 0x40, 1)		(unique, 0x1200, 1)
instruction	CODE:1800	CODE:185c	PUSH DPH	1	write	INTMEM	1	(register, 0x40, 1)		(register, 0x82, 1)
instruction	CODE:1800	CODE:185e	PUSH DPL	1	write	INTMEM	1	(register, 0x40, 1)		(register, 0x83, 1)
instruction	CODE:1800	CODE:1860	LCALL 0x1e02	4	write	INTMEM	1	(register, 0x40, 1)		(unique, 0xb400, 1)
instruction	CODE:1800	CODE:1860	LCALL 0x1e02	6	write	INTMEM	1	(register, 0x40, 1)		(unique, 0x1200, 1)
instruction	CODE:1800	CODE:1863	POP DPL	0	read	INTMEM	1	(register, 0x40, 1)		
instruction	CODE:1800	CODE:1865	POP DPH	0	read	INTMEM	1	(register, 0x40, 1)		
instruction	CODE:1800	CODE:1867	LCALL 0x1dbe	4	write	INTMEM	1	(register, 0x40, 1)		(unique, 0xb400, 1)
instruction	CODE:1800	CODE:1867	LCALL 0x1dbe	6	write	INTMEM	1	(register, 0x40, 1)		(unique, 0x1200, 1)
instruction	CODE:1800	CODE:186a	LCALL 0xad92	4	write	INTMEM	1	(register, 0x40, 1)		(unique, 0xb400, 1)
instruction	CODE:1800	CODE:186a	LCALL 0xad92	6	write	INTMEM	1	(register, 0x40, 1)		(unique, 0x1200, 1)
instruction	CODE:1800	CODE:1871	LCALL 0x1dcb	4	write	INTMEM	1	(register, 0x40, 1)		(unique, 0xb400, 1)
instruction	CODE:1800	CODE:1871	LCALL 0x1dcb	6	write	INTMEM	1	(register, 0x40, 1)		(unique, 0x1200, 1)
instruction	CODE:1800	CODE:1879	PUSH DPH	1	write	INTMEM	1	(register, 0x40, 1)		(register, 0x82, 1)
instruction	CODE:1800	CODE:187b	PUSH DPL	1	write	INTMEM	1	(register, 0x40, 1)		(register, 0x83, 1)
instruction	CODE:1800	CODE:187d	LCALL 0x1e02	4	write	INTMEM	1	(register, 0x40, 1)		(unique, 0xb400, 1)
instruction	CODE:1800	CODE:187d	LCALL 0x1e02	6	write	INTMEM	1	(register, 0x40, 1)		(unique, 0x1200, 1)
instruction	CODE:1800	CODE:1880	POP DPL	0	read	INTMEM	1	(register, 0x40, 1)		
instruction	CODE:1800	CODE:1882	POP DPH	0	read	INTMEM	1	(register, 0x40, 1)		
instruction	CODE:1800	CODE:1884	LCALL 0x1dbe	4	write	INTMEM	1	(register, 0x40, 1)		(unique, 0xb400, 1)
instruction	CODE:1800	CODE:1884	LCALL 0x1dbe	6	write	INTMEM	1	(register, 0x40, 1)		(unique, 0x1200, 1)
instruction	CODE:1800	CODE:1887	LCALL 0xad92	4	write	INTMEM	1	(register, 0x40, 1)		(unique, 0xb400, 1)
instruction	CODE:1800	CODE:1887	LCALL 0xad92	6	write	INTMEM	1	(register, 0x40, 1)		(unique, 0x1200, 1)
instruction	unassigned	CODE:1891	MOVC A,@A+PC	2	read	CODE	1	(unique, 0x2700, 2)		
instruction	unassigned	CODE:1892	PUSH DPH	1	write	INTMEM	1	(register, 0x40, 1)		(register, 0x82, 1)
instruction	unassigned	CODE:1894	PUSH DPL	1	write	INTMEM	1	(register, 0x40, 1)		(register, 0x83, 1)
instruction	unassigned	CODE:1896	LCALL 0x1e02	4	write	INTMEM	1	(register, 0x40, 1)		(unique, 0xb400, 1)
instruction	unassigned	CODE:1896	LCALL 0x1e02	6	write	INTMEM	1	(register, 0x40, 1)		(unique, 0x1200, 1)
instruction	unassigned	CODE:1899	POP DPL	0	read	INTMEM	1	(register, 0x40, 1)		
instruction	unassigned	CODE:189b	POP DPH	0	read	INTMEM	1	(register, 0x40, 1)		
instruction	unassigned	CODE:189d	LCALL 0x1dbe	4	write	INTMEM	1	(register, 0x40, 1)		(unique, 0xb400, 1)
instruction	unassigned	CODE:189d	LCALL 0x1dbe	6	write	INTMEM	1	(register, 0x40, 1)		(unique, 0x1200, 1)
instruction	unassigned	CODE:18a0	LCALL 0xad92	4	write	INTMEM	1	(register, 0x40, 1)		(unique, 0xb400, 1)
instruction	unassigned	CODE:18a0	LCALL 0xad92	6	write	INTMEM	1	(register, 0x40, 1)		(unique, 0x1200, 1)
instruction	unassigned	CODE:18a7	LCALL 0x1dcb	4	write	INTMEM	1	(register, 0x40, 1)		(unique, 0xb400, 1)
instruction	unassigned	CODE:18a7	LCALL 0x1dcb	6	write	INTMEM	1	(register, 0x40, 1)		(unique, 0x1200, 1)
instruction	unassigned	CODE:18af	PUSH DPH	1	write	INTMEM	1	(register, 0x40, 1)		(register, 0x82, 1)
instruction	unassigned	CODE:18b1	PUSH DPL	1	write	INTMEM	1	(register, 0x40, 1)		(register, 0x83, 1)
instruction	unassigned	CODE:18b3	LCALL 0x1e02	4	write	INTMEM	1	(register, 0x40, 1)		(unique, 0xb400, 1)
instruction	unassigned	CODE:18b3	LCALL 0x1e02	6	write	INTMEM	1	(register, 0x40, 1)		(unique, 0x1200, 1)
instruction	unassigned	CODE:18b6	POP DPL	0	read	INTMEM	1	(register, 0x40, 1)		
instruction	unassigned	CODE:18b8	POP DPH	0	read	INTMEM	1	(register, 0x40, 1)		
instruction	unassigned	CODE:18ba	LCALL 0x1dbe	4	write	INTMEM	1	(register, 0x40, 1)		(unique, 0xb400, 1)
instruction	unassigned	CODE:18ba	LCALL 0x1dbe	6	write	INTMEM	1	(register, 0x40, 1)		(unique, 0x1200, 1)
instruction	unassigned	CODE:18bd	LCALL 0xad92	4	write	INTMEM	1	(register, 0x40, 1)		(unique, 0xb400, 1)
instruction	unassigned	CODE:18bd	LCALL 0xad92	6	write	INTMEM	1	(register, 0x40, 1)		(unique, 0x1200, 1)
instruction	unassigned	CODE:18c8	PUSH DPH	1	write	INTMEM	1	(register, 0x40, 1)		(register, 0x82, 1)
instruction	unassigned	CODE:18ca	PUSH DPL	1	write	INTMEM	1	(register, 0x40, 1)		(register, 0x83, 1)
instruction	unassigned	CODE:18cc	LCALL 0x1e02	4	write	INTMEM	1	(register, 0x40, 1)		(unique, 0xb400, 1)
instruction	unassigned	CODE:18cc	LCALL 0x1e02	6	write	INTMEM	1	(register, 0x40, 1)		(unique, 0x1200, 1)
instruction	unassigned	CODE:18cf	POP DPL	0	read	INTMEM	1	(register, 0x40, 1)		
instruction	unassigned	CODE:18d1	POP DPH	0	read	INTMEM	1	(register, 0x40, 1)		
instruction	unassigned	CODE:18d3	LCALL 0x1dbe	4	write	INTMEM	1	(register, 0x40, 1)		(unique, 0xb400, 1)
instruction	unassigned	CODE:18d3	LCALL 0x1dbe	6	write	INTMEM	1	(register, 0x40, 1)		(unique, 0x1200, 1)
instruction	unassigned	CODE:18d6	LCALL 0xad92	4	write	INTMEM	1	(register, 0x40, 1)		(unique, 0xb400, 1)
instruction	unassigned	CODE:18d6	LCALL 0xad92	6	write	INTMEM	1	(register, 0x40, 1)		(unique, 0x1200, 1)
instruction	unassigned	CODE:18e0	MOVX A,@DPTR	1	read	EXTMEM	1	(unique, 0x2800, 2)		
instruction	unassigned	CODE:18e3	MOVX @DPTR,A	2	write	EXTMEM	1	(unique, 0x2800, 2)		(unique, 0x2900, 1)
instruction	CODE:1800	CODE:18e6	LCALL 0x1ea7	4	write	INTMEM	1	(register, 0x40, 1)		(unique, 0xb400, 1)
instruction	CODE:1800	CODE:18e6	LCALL 0x1ea7	6	write	INTMEM	1	(register, 0x40, 1)		(unique, 0x1200, 1)
instruction	CODE:1800	CODE:18e9	PUSH DPH	1	write	INTMEM	1	(register, 0x40, 1)		(register, 0x82, 1)
instruction	CODE:1800	CODE:18eb	PUSH DPL	1	write	INTMEM	1	(register, 0x40, 1)		(register, 0x83, 1)
instruction	CODE:1800	CODE:18ed	LCALL 0x1e02	4	write	INTMEM	1	(register, 0x40, 1)		(unique, 0xb400, 1)
instruction	CODE:1800	CODE:18ed	LCALL 0x1e02	6	write	INTMEM	1	(register, 0x40, 1)		(unique, 0x1200, 1)
instruction	CODE:1800	CODE:18f0	POP DPL	0	read	INTMEM	1	(register, 0x40, 1)		
instruction	CODE:1800	CODE:18f2	POP DPH	0	read	INTMEM	1	(register, 0x40, 1)		
instruction	CODE:1800	CODE:18f4	LCALL 0x1dbe	4	write	INTMEM	1	(register, 0x40, 1)		(unique, 0xb400, 1)
instruction	CODE:1800	CODE:18f4	LCALL 0x1dbe	6	write	INTMEM	1	(register, 0x40, 1)		(unique, 0x1200, 1)
instruction	CODE:1800	CODE:18f7	LCALL 0xad92	4	write	INTMEM	1	(register, 0x40, 1)		(unique, 0xb400, 1)
instruction	CODE:1800	CODE:18f7	LCALL 0xad92	6	write	INTMEM	1	(register, 0x40, 1)		(unique, 0x1200, 1)
instruction	CODE:1800	CODE:1901	MOVX A,@DPTR	1	read	EXTMEM	1	(unique, 0x2800, 2)		
instruction	CODE:1800	CODE:1903	MOVX @DPTR,A	2	write	EXTMEM	1	(unique, 0x2800, 2)		(unique, 0x2900, 1)
instruction	CODE:1800	CODE:1907	MOVX A,@DPTR	1	read	EXTMEM	1	(unique, 0x2800, 2)		
instruction	CODE:1800	CODE:1909	LCALL 0x1f4c	4	write	INTMEM	1	(register, 0x40, 1)		(unique, 0xb400, 1)
instruction	CODE:1800	CODE:1909	LCALL 0x1f4c	6	write	INTMEM	1	(register, 0x40, 1)		(unique, 0x1200, 1)
instruction	CODE:1800	CODE:190d	MOVX A,@DPTR	1	read	EXTMEM	1	(unique, 0x2800, 2)		
instruction	CODE:1800	CODE:1913	MOV @R0,0x07	1	write	INTMEM	1	(register, 0x0, 1)		(unique, 0x2a00, 1)
instruction	CODE:1800	CODE:1915	RET	1	read	INTMEM	1	(register, 0x40, 1)		
instruction	CODE:1800	CODE:1915	RET	3	read	INTMEM	1	(register, 0x40, 1)		
instruction	CODE:1800	CODE:191c	LCALL 0x1dcb	4	write	INTMEM	1	(register, 0x40, 1)		(unique, 0xb400, 1)
instruction	CODE:1800	CODE:191c	LCALL 0x1dcb	6	write	INTMEM	1	(register, 0x40, 1)		(unique, 0x1200, 1)
instruction	CODE:1800	CODE:1922	LCALL 0xaefd	4	write	INTMEM	1	(register, 0x40, 1)		(unique, 0xb400, 1)
instruction	CODE:1800	CODE:1922	LCALL 0xaefd	6	write	INTMEM	1	(register, 0x40, 1)		(unique, 0x1200, 1)
instruction	CODE:1800	CODE:1929	MOVX @DPTR,A	2	write	EXTMEM	1	(unique, 0x2800, 2)		(unique, 0x2900, 1)
instruction	CODE:1800	CODE:192d	MOVX A,@DPTR	1	read	EXTMEM	1	(unique, 0x2800, 2)		
instruction	CODE:1800	CODE:1937	LCALL 0x1d56	4	write	INTMEM	1	(register, 0x40, 1)		(unique, 0xb400, 1)
instruction	CODE:1800	CODE:1937	LCALL 0x1d56	6	write	INTMEM	1	(register, 0x40, 1)		(unique, 0x1200, 1)
instruction	CODE:1800	CODE:193a	LCALL 0x1dfa	4	write	INTMEM	1	(register, 0x40, 1)		(unique, 0xb400, 1)
instruction	CODE:1800	CODE:193a	LCALL 0x1dfa	6	write	INTMEM	1	(register, 0x40, 1)		(unique, 0x1200, 1)
instruction	CODE:1800	CODE:194f	LCALL 0x1d6e	4	write	INTMEM	1	(register, 0x40, 1)		(unique, 0xb400, 1)
instruction	CODE:1800	CODE:194f	LCALL 0x1d6e	6	write	INTMEM	1	(register, 0x40, 1)		(unique, 0x1200, 1)
instruction	CODE:1800	CODE:1958	MOVX A,@DPTR	1	read	EXTMEM	1	(unique, 0x2800, 2)		
instruction	CODE:1800	CODE:1959	LCALL 0x1d3e	4	write	INTMEM	1	(register, 0x40, 1)		(unique, 0xb400, 1)
instruction	CODE:1800	CODE:1959	LCALL 0x1d3e	6	write	INTMEM	1	(register, 0x40, 1)		(unique, 0x1200, 1)
instruction	CODE:1800	CODE:1971	LCALL 0x1efd	4	write	INTMEM	1	(register, 0x40, 1)		(unique, 0xb400, 1)
instruction	CODE:1800	CODE:1971	LCALL 0x1efd	6	write	INTMEM	1	(register, 0x40, 1)		(unique, 0x1200, 1)
instruction	CODE:1800	CODE:1984	LCALL 0x1f60	4	write	INTMEM	1	(register, 0x40, 1)		(unique, 0xb400, 1)
instruction	CODE:1800	CODE:1984	LCALL 0x1f60	6	write	INTMEM	1	(register, 0x40, 1)		(unique, 0x1200, 1)
instruction	CODE:1800	CODE:1987	PUSH 0x00	1	write	INTMEM	1	(register, 0x40, 1)		mem[INTMEM:00]
instruction	CODE:1800	CODE:1989	PUSH 0x01	1	write	INTMEM	1	(register, 0x40, 1)		mem[INTMEM:01]
instruction	CODE:1800	CODE:198b	PUSH 0x02	1	write	INTMEM	1	(register, 0x40, 1)		mem[INTMEM:02]
instruction	CODE:1800	CODE:198d	PUSH 0x03	1	write	INTMEM	1	(register, 0x40, 1)		mem[INTMEM:03]
instruction	CODE:1800	CODE:1992	MOVX A,@DPTR	1	read	EXTMEM	1	(unique, 0x2800, 2)		
instruction	CODE:1800	CODE:1993	LCALL 0x1d3e	4	write	INTMEM	1	(register, 0x40, 1)		(unique, 0xb400, 1)
instruction	CODE:1800	CODE:1993	LCALL 0x1d3e	6	write	INTMEM	1	(register, 0x40, 1)		(unique, 0x1200, 1)
instruction	CODE:1800	CODE:199d	LCALL 0x1ed2	4	write	INTMEM	1	(register, 0x40, 1)		(unique, 0xb400, 1)
instruction	CODE:1800	CODE:199d	LCALL 0x1ed2	6	write	INTMEM	1	(register, 0x40, 1)		(unique, 0x1200, 1)
instruction	CODE:1800	CODE:19a0	POP 0x03	0	read	INTMEM	1	(register, 0x40, 1)		
instruction	CODE:1800	CODE:19a2	POP 0x02	0	read	INTMEM	1	(register, 0x40, 1)		
instruction	CODE:1800	CODE:19a4	POP 0x01	0	read	INTMEM	1	(register, 0x40, 1)		
instruction	CODE:1800	CODE:19a6	POP 0x00	0	read	INTMEM	1	(register, 0x40, 1)		
instruction	CODE:1800	CODE:19a8	LCALL 0xab95	4	write	INTMEM	1	(register, 0x40, 1)		(unique, 0xb400, 1)
instruction	CODE:1800	CODE:19a8	LCALL 0xab95	6	write	INTMEM	1	(register, 0x40, 1)		(unique, 0x1200, 1)
instruction	CODE:1800	CODE:19ab	LCALL 0x1d87	4	write	INTMEM	1	(register, 0x40, 1)		(unique, 0xb400, 1)
instruction	CODE:1800	CODE:19ab	LCALL 0x1d87	6	write	INTMEM	1	(register, 0x40, 1)		(unique, 0x1200, 1)
instruction	CODE:1800	CODE:19ae	LCALL 0x1dc5	4	write	INTMEM	1	(register, 0x40, 1)		(unique, 0xb400, 1)
instruction	CODE:1800	CODE:19ae	LCALL 0x1dc5	6	write	INTMEM	1	(register, 0x40, 1)		(unique, 0x1200, 1)
instruction	CODE:1800	CODE:19b5	PUSH DPH	1	write	INTMEM	1	(register, 0x40, 1)		(register, 0x82, 1)
instruction	CODE:1800	CODE:19b7	PUSH DPL	1	write	INTMEM	1	(register, 0x40, 1)		(register, 0x83, 1)
instruction	CODE:1800	CODE:19b9	LCALL 0x1f18	4	write	INTMEM	1	(register, 0x40, 1)		(unique, 0xb400, 1)
instruction	CODE:1800	CODE:19b9	LCALL 0x1f18	6	write	INTMEM	1	(register, 0x40, 1)		(unique, 0x1200, 1)
instruction	CODE:1800	CODE:19bc	POP DPL	0	read	INTMEM	1	(register, 0x40, 1)		
instruction	CODE:1800	CODE:19be	POP DPH	0	read	INTMEM	1	(register, 0x40, 1)		
instruction	CODE:1800	CODE:19c1	LCALL 0x1dbf	4	write	INTMEM	1	(register, 0x40, 1)		(unique, 0xb400, 1)
instruction	CODE:1800	CODE:19c1	LCALL 0x1dbf	6	write	INTMEM	1	(register, 0x40, 1)		(unique, 0x1200, 1)
instruction	CODE:1800	CODE:19c4	LCALL 0xad6d	4	write	INTMEM	1	(register, 0x40, 1)		(unique, 0xb400, 1)
instruction	CODE:1800	CODE:19c4	LCALL 0xad6d	6	write	INTMEM	1	(register, 0x40, 1)		(unique, 0x1200, 1)
instruction	CODE:1800	CODE:19ca	MOVX A,@DPTR	1	read	EXTMEM	1	(unique, 0x2800, 2)		
instruction	CODE:1800	CODE:19cc	MOVX @DPTR,A	2	write	EXTMEM	1	(unique, 0x2800, 2)		(unique, 0x2900, 1)
instruction	CODE:1800	CODE:19d6	MOVX A,@DPTR	1	read	EXTMEM	1	(unique, 0x2800, 2)		
instruction	CODE:1800	CODE:19d8	LCALL 0x1d56	4	write	INTMEM	1	(register, 0x40, 1)		(unique, 0xb400, 1)
instruction	CODE:1800	CODE:19d8	LCALL 0x1d56	6	write	INTMEM	1	(register, 0x40, 1)		(unique, 0x1200, 1)
instruction	CODE:1800	CODE:19db	LCALL 0x1d49	4	write	INTMEM	1	(register, 0x40, 1)		(unique, 0xb400, 1)
instruction	CODE:1800	CODE:19db	LCALL 0x1d49	6	write	INTMEM	1	(register, 0x40, 1)		(unique, 0x1200, 1)
instruction	CODE:1800	CODE:19e5	LCALL 0x1d32	4	write	INTMEM	1	(register, 0x40, 1)		(unique, 0xb400, 1)
instruction	CODE:1800	CODE:19e5	LCALL 0x1d32	6	write	INTMEM	1	(register, 0x40, 1)		(unique, 0x1200, 1)
instruction	CODE:1800	CODE:19ef	LCALL 0x1f20	4	write	INTMEM	1	(register, 0x40, 1)		(unique, 0xb400, 1)
instruction	CODE:1800	CODE:19ef	LCALL 0x1f20	6	write	INTMEM	1	(register, 0x40, 1)		(unique, 0x1200, 1)
instruction	CODE:1800	CODE:19f7	MOVX A,@DPTR	1	read	EXTMEM	1	(unique, 0x2800, 2)		
instruction	CODE:1800	CODE:19f9	LCALL 0x1d56	4	write	INTMEM	1	(register, 0x40, 1)		(unique, 0xb400, 1)
instruction	CODE:1800	CODE:19f9	LCALL 0x1d56	6	write	INTMEM	1	(register, 0x40, 1)		(unique, 0x1200, 1)
instruction	CODE:1800	CODE:19ff	MOVX A,@DPTR	1	read	EXTMEM	1	(unique, 0x2800, 2)		
instruction	CODE:1800	CODE:1a0b	LCALL 0xad92	4	write	INTMEM	1	(register, 0x40, 1)		(unique, 0xb400, 1)
instruction	CODE:1800	CODE:1a0b	LCALL 0xad92	6	write	INTMEM	1	(register, 0x40, 1)		(unique, 0x1200, 1)
instruction	CODE:1800	CODE:1a15	MOVX A,@DPTR	1	read	EXTMEM	1	(unique, 0x2800, 2)		
instruction	CODE:1800	CODE:1a18	MOVX @DPTR,A	2	write	EXTMEM	1	(unique, 0x2800, 2)		(unique, 0x2900, 1)
instruction	CODE:1800	CODE:1a1a	MOVX A,@DPTR	1	read	EXTMEM	1	(unique, 0x2800, 2)		
instruction	CODE:1800	CODE:1a1b	MOVX @DPTR,A	2	write	EXTMEM	1	(unique, 0x2800, 2)		(unique, 0x2900, 1)
instruction	CODE:1800	CODE:1a1d	LCALL 0x1de3	4	write	INTMEM	1	(register, 0x40, 1)		(unique, 0xb400, 1)
instruction	CODE:1800	CODE:1a1d	LCALL 0x1de3	6	write	INTMEM	1	(register, 0x40, 1)		(unique, 0x1200, 1)
instruction	CODE:1800	CODE:1a20	MOVX A,@DPTR	1	read	EXTMEM	1	(unique, 0x2800, 2)		
instruction	CODE:1800	CODE:1a23	MOVX A,@DPTR	1	read	EXTMEM	1	(unique, 0x2800, 2)		
instruction	CODE:1800	CODE:1a28	MOVX A,@DPTR	1	read	EXTMEM	1	(unique, 0x2800, 2)		
instruction	CODE:1800	CODE:1a2d	LCALL 0x1e31	4	write	INTMEM	1	(register, 0x40, 1)		(unique, 0xb400, 1)
instruction	CODE:1800	CODE:1a2d	LCALL 0x1e31	6	write	INTMEM	1	(register, 0x40, 1)		(unique, 0x1200, 1)
instruction	CODE:1800	CODE:1a3a	MOVX A,@DPTR	1	read	EXTMEM	1	(unique, 0x2800, 2)		
instruction	CODE:1800	CODE:1a3f	MOVX A,@DPTR	1	read	EXTMEM	1	(unique, 0x2800, 2)		
instruction	CODE:1800	CODE:1a47	LCALL 0x1f38	4	write	INTMEM	1	(register, 0x40, 1)		(unique, 0xb400, 1)
instruction	CODE:1800	CODE:1a47	LCALL 0x1f38	6	write	INTMEM	1	(register, 0x40, 1)		(unique, 0x1200, 1)
instruction	CODE:1800	CODE:1a4d	LCALL 0x1d52	4	write	INTMEM	1	(register, 0x40, 1)		(unique, 0xb400, 1)
instruction	CODE:1800	CODE:1a4d	LCALL 0x1d52	6	write	INTMEM	1	(register, 0x40, 1)		(unique, 0x1200, 1)
instruction	CODE:1800	CODE:1a52	MOVX A,@DPTR	1	read	EXTMEM	1	(unique, 0x2800, 2)		
instruction	CODE:1800	CODE:1a62	MOVX A,@DPTR	1	read	EXTMEM	1	(unique, 0x2800, 2)		
instruction	CODE:1800	CODE:1a65	MOVX A,@DPTR	1	read	EXTMEM	1	(unique, 0x2800, 2)		
instruction	CODE:1800	CODE:1a6c	LCALL 0x1d52	4	write	INTMEM	1	(register, 0x40, 1)		(unique, 0xb400, 1)
instruction	CODE:1800	CODE:1a6c	LCALL 0x1d52	6	write	INTMEM	1	(register, 0x40, 1)		(unique, 0x1200, 1)
instruction	CODE:1800	CODE:1a71	MOVX A,@DPTR	1	read	EXTMEM	1	(unique, 0x2800, 2)		
instruction	CODE:1800	CODE:1a7a	MOVX A,@DPTR	1	read	EXTMEM	1	(unique, 0x2800, 2)		
instruction	CODE:1800	CODE:1a7d	MOVX A,@DPTR	1	read	EXTMEM	1	(unique, 0x2800, 2)		
instruction	CODE:1800	CODE:1a85	LCALL 0x1e2f	4	write	INTMEM	1	(register, 0x40, 1)		(unique, 0xb400, 1)
instruction	CODE:1800	CODE:1a85	LCALL 0x1e2f	6	write	INTMEM	1	(register, 0x40, 1)		(unique, 0x1200, 1)
instruction	CODE:1800	CODE:1a88	LCALL 0x1dc5	4	write	INTMEM	1	(register, 0x40, 1)		(unique, 0xb400, 1)
instruction	CODE:1800	CODE:1a88	LCALL 0x1dc5	6	write	INTMEM	1	(register, 0x40, 1)		(unique, 0x1200, 1)
instruction	CODE:1800	CODE:1a8f	PUSH DPH	1	write	INTMEM	1	(register, 0x40, 1)		(register, 0x82, 1)
instruction	CODE:1800	CODE:1a91	PUSH DPL	1	write	INTMEM	1	(register, 0x40, 1)		(register, 0x83, 1)
instruction	CODE:1800	CODE:1a93	LCALL 0x1f18	4	write	INTMEM	1	(register, 0x40, 1)		(unique, 0xb400, 1)
instruction	CODE:1800	CODE:1a93	LCALL 0x1f18	6	write	INTMEM	1	(register, 0x40, 1)		(unique, 0x1200, 1)
instruction	CODE:1800	CODE:1a96	POP DPL	0	read	INTMEM	1	(register, 0x40, 1)		
instruction	CODE:1800	CODE:1a98	POP DPH	0	read	INTMEM	1	(register, 0x40, 1)		
instruction	CODE:1800	CODE:1a9a	LCALL 0x1f03	4	write	INTMEM	1	(register, 0x40, 1)		(unique, 0xb400, 1)
instruction	CODE:1800	CODE:1a9a	LCALL 0x1f03	6	write	INTMEM	1	(register, 0x40, 1)		(unique, 0x1200, 1)
instruction	CODE:1800	CODE:1aa4	MOVX A,@DPTR	1	read	EXTMEM	1	(unique, 0x2800, 2)		
instruction	CODE:1800	CODE:1aa5	LCALL 0x1de3	4	write	INTMEM	1	(register, 0x40, 1)		(unique, 0xb400, 1)
instruction	CODE:1800	CODE:1aa5	LCALL 0x1de3	6	write	INTMEM	1	(register, 0x40, 1)		(unique, 0x1200, 1)
instruction	CODE:1800	CODE:1aa8	MOVX A,@DPTR	1	read	EXTMEM	1	(unique, 0x2800, 2)		
instruction	CODE:1800	CODE:1aab	MOVX A,@DPTR	1	read	EXTMEM	1	(unique, 0x2800, 2)		
instruction	CODE:1800	CODE:1ab0	LCALL 0x1e7e	4	write	INTMEM	1	(register, 0x40, 1)		(unique, 0xb400, 1)
instruction	CODE:1800	CODE:1ab0	LCALL 0x1e7e	6	write	INTMEM	1	(register, 0x40, 1)		(unique, 0x1200, 1)
instruction	CODE:1800	CODE:1ab7	MOVX @DPTR,A	2	write	EXTMEM	1	(unique, 0x2800, 2)		(unique, 0x2900, 1)
instruction	CODE:1800	CODE:1aba	MOVX @DPTR,A	2	write	EXTMEM	1	(unique, 0x2800, 2)		(unique, 0x2900, 1)
instruction	CODE:1800	CODE:1abb	LCALL 0x1d52	4	write	INTMEM	1	(register, 0x40, 1)		(unique, 0xb400, 1)
instruction	CODE:1800	CODE:1abb	LCALL 0x1d52	6	write	INTMEM	1	(register, 0x40, 1)		(unique, 0x1200, 1)
instruction	CODE:1800	CODE:1ac0	MOVX A,@DPTR	1	read	EXTMEM	1	(unique, 0x2800, 2)		
instruction	CODE:1800	CODE:1aca	MOVX @DPTR,A	2	write	EXTMEM	1	(unique, 0x2800, 2)		(unique, 0x2900, 1)
instruction	CODE:1800	CODE:1acd	MOVX @DPTR,A	2	write	EXTMEM	1	(unique, 0x2800, 2)		(unique, 0x2900, 1)
instruction	CODE:1800	CODE:1ad0	LCALL 0x1d52	4	write	INTMEM	1	(register, 0x40, 1)		(unique, 0xb400, 1)
instruction	CODE:1800	CODE:1ad0	LCALL 0x1d52	6	write	INTMEM	1	(register, 0x40, 1)		(unique, 0x1200, 1)
instruction	CODE:1800	CODE:1ad3	LCALL 0x1dfa	4	write	INTMEM	1	(register, 0x40, 1)		(unique, 0xb400, 1)
instruction	CODE:1800	CODE:1ad3	LCALL 0x1dfa	6	write	INTMEM	1	(register, 0x40, 1)		(unique, 0x1200, 1)
instruction	CODE:1800	CODE:1ae8	LCALL 0x1d6e	4	write	INTMEM	1	(register, 0x40, 1)		(unique, 0xb400, 1)
instruction	CODE:1800	CODE:1ae8	LCALL 0x1d6e	6	write	INTMEM	1	(register, 0x40, 1)		(unique, 0x1200, 1)
instruction	CODE:1800	CODE:1aeb	LCALL 0x1f60	4	write	INTMEM	1	(register, 0x40, 1)		(unique, 0xb400, 1)
instruction	CODE:1800	CODE:1aeb	LCALL 0x1f60	6	write	INTMEM	1	(register, 0x40, 1)		(unique, 0x1200, 1)
instruction	CODE:1800	CODE:1aee	PUSH 0x00	1	write	INTMEM	1	(register, 0x40, 1)		mem[INTMEM:00]
instruction	CODE:1800	CODE:1af0	PUSH 0x01	1	write	INTMEM	1	(register, 0x40, 1)		mem[INTMEM:01]
instruction	CODE:1800	CODE:1af2	PUSH 0x02	1	write	INTMEM	1	(register, 0x40, 1)		mem[INTMEM:02]
instruction	CODE:1800	CODE:1af4	PUSH 0x03	1	write	INTMEM	1	(register, 0x40, 1)		mem[INTMEM:03]
instruction	CODE:1800	CODE:1af9	MOVX A,@DPTR	1	read	EXTMEM	1	(unique, 0x2800, 2)		
instruction	CODE:1800	CODE:1afa	LCALL 0x1d3e	4	write	INTMEM	1	(register, 0x40, 1)		(unique, 0xb400, 1)
instruction	CODE:1800	CODE:1afa	LCALL 0x1d3e	6	write	INTMEM	1	(register, 0x40, 1)		(unique, 0x1200, 1)
instruction	CODE:1800	CODE:1b04	LCALL 0x1ed2	4	write	INTMEM	1	(register, 0x40, 1)		(unique, 0xb400, 1)
instruction	CODE:1800	CODE:1b04	LCALL 0x1ed2	6	write	INTMEM	1	(register, 0x40, 1)		(unique, 0x1200, 1)
instruction	CODE:1800	CODE:1b07	POP 0x03	0	read	INTMEM	1	(register, 0x40, 1)		
instruction	CODE:1800	CODE:1b09	POP 0x02	0	read	INTMEM	1	(register, 0x40, 1)		
instruction	CODE:1800	CODE:1b0b	POP 0x01	0	read	INTMEM	1	(register, 0x40, 1)		
instruction	CODE:1800	CODE:1b0d	POP 0x00	0	read	INTMEM	1	(register, 0x40, 1)		
instruction	CODE:1800	CODE:1b0f	LCALL 0xab95	4	write	INTMEM	1	(register, 0x40, 1)		(unique, 0xb400, 1)
instruction	CODE:1800	CODE:1b0f	LCALL 0xab95	6	write	INTMEM	1	(register, 0x40, 1)		(unique, 0x1200, 1)
instruction	CODE:1800	CODE:1b12	LCALL 0x1d87	4	write	INTMEM	1	(register, 0x40, 1)		(unique, 0xb400, 1)
instruction	CODE:1800	CODE:1b12	LCALL 0x1d87	6	write	INTMEM	1	(register, 0x40, 1)		(unique, 0x1200, 1)
instruction	CODE:1800	CODE:1b15	LCALL 0x1e5c	4	write	INTMEM	1	(register, 0x40, 1)		(unique, 0xb400, 1)
instruction	CODE:1800	CODE:1b15	LCALL 0x1e5c	6	write	INTMEM	1	(register, 0x40, 1)		(unique, 0x1200, 1)
instruction	CODE:1800	CODE:1b1d	MOVX @DPTR,A	2	write	EXTMEM	1	(unique, 0x2800, 2)		(unique, 0x2900, 1)
instruction	CODE:1800	CODE:1b20	MOVX @DPTR,A	2	write	EXTMEM	1	(unique, 0x2800, 2)		(unique, 0x2900, 1)
instruction	CODE:1800	CODE:1b21	LCALL 0x1dc5	4	write	INTMEM	1	(register, 0x40, 1)		(unique, 0xb400, 1)
instruction	CODE:1800	CODE:1b21	LCALL 0x1dc5	6	write	INTMEM	1	(register, 0x40, 1)		(unique, 0x1200, 1)
instruction	CODE:1800	CODE:1b28	PUSH DPH	1	write	INTMEM	1	(register, 0x40, 1)		(register, 0x82, 1)
instruction	CODE:1800	CODE:1b2a	PUSH DPL	1	write	INTMEM	1	(register, 0x40, 1)		(register, 0x83, 1)
instruction	CODE:1800	CODE:1b2c	LCALL 0x1f18	4	write	INTMEM	1	(register, 0x40, 1)		(unique, 0xb400, 1)
instruction	CODE:1800	CODE:1b2c	LCALL 0x1f18	6	write	INTMEM	1	(register, 0x40, 1)		(unique, 0x1200, 1)
instruction	CODE:1800	CODE:1b2f	POP DPL	0	read	INTMEM	1	(register, 0x40, 1)		
instruction	CODE:1800	CODE:1b31	POP DPH	0	read	INTMEM	1	(register, 0x40, 1)		
instruction	CODE:1800	CODE:1b33	LCALL 0x1f03	4	write	INTMEM	1	(register, 0x40, 1)		(unique, 0xb400, 1)
instruction	CODE:1800	CODE:1b33	LCALL 0x1f03	6	write	INTMEM	1	(register, 0x40, 1)		(unique, 0x1200, 1)
instruction	CODE:1800	CODE:1b3d	MOVX A,@DPTR	1	read	EXTMEM	1	(unique, 0x2800, 2)		
instruction	CODE:1800	CODE:1b3f	LCALL 0x1d56	4	write	INTMEM	1	(register, 0x40, 1)		(unique, 0xb400, 1)
instruction	CODE:1800	CODE:1b3f	LCALL 0x1d56	6	write	INTMEM	1	(register, 0x40, 1)		(unique, 0x1200, 1)
instruction	CODE:1800	CODE:1b42	LCALL 0x1d49	4	write	INTMEM	1	(register, 0x40, 1)		(unique, 0xb400, 1)
instruction	CODE:1800	CODE:1b42	LCALL 0x1d49	6	write	INTMEM	1	(register, 0x40, 1)		(unique, 0x1200, 1)
instruction	CODE:1800	CODE:1b4c	LCALL 0x1d32	4	write	INTMEM	1	(register, 0x40, 1)		(unique, 0xb400, 1)
instruction	CODE:1800	CODE:1b4c	LCALL 0x1d32	6	write	INTMEM	1	(register, 0x40, 1)		(unique, 0x1200, 1)
instruction	CODE:1800	CODE:1b56	LCALL 0x1f20	4	write	INTMEM	1	(register, 0x40, 1)		(unique, 0xb400, 1)
instruction	CODE:1800	CODE:1b56	LCALL 0x1f20	6	write	INTMEM	1	(register, 0x40, 1)		(unique, 0x1200, 1)
instruction	CODE:1800	CODE:1b59	MOVX @DPTR,A	2	write	EXTMEM	1	(unique, 0x2800, 2)		(unique, 0x2900, 1)
instruction	CODE:1800	CODE:1b5c	MOVX @DPTR,A	2	write	EXTMEM	1	(unique, 0x2800, 2)		(unique, 0x2900, 1)
instruction	CODE:1800	CODE:1b5d	LCALL 0x1efd	4	write	INTMEM	1	(register, 0x40, 1)		(unique, 0xb400, 1)
instruction	CODE:1800	CODE:1b5d	LCALL 0x1efd	6	write	INTMEM	1	(register, 0x40, 1)		(unique, 0x1200, 1)
instruction	CODE:1800	CODE:1b63	LCALL 0xad6d	4	write	INTMEM	1	(register, 0x40, 1)		(unique, 0xb400, 1)
instruction	CODE:1800	CODE:1b63	LCALL 0xad6d	6	write	INTMEM	1	(register, 0x40, 1)		(unique, 0x1200, 1)
instruction	CODE:1800	CODE:1b66	LCALL 0x87aa	4	write	INTMEM	1	(register, 0x40, 1)		(unique, 0xb400, 1)
instruction	CODE:1800	CODE:1b66	LCALL 0x87aa	6	write	INTMEM	1	(register, 0x40, 1)		(unique, 0x1200, 1)
instruction	CODE:1800	CODE:1b6c	MOVX A,@DPTR	1	read	EXTMEM	1	(unique, 0x2800, 2)		
instruction	CODE:1800	CODE:1b6e	MOVX @DPTR,A	2	write	EXTMEM	1	(unique, 0x2800, 2)		(unique, 0x2900, 1)
instruction	CODE:1800	CODE:1b71	LCALL 0xa786	4	write	INTMEM	1	(register, 0x40, 1)		(unique, 0xb400, 1)
instruction	CODE:1800	CODE:1b71	LCALL 0xa786	6	write	INTMEM	1	(register, 0x40, 1)		(unique, 0x1200, 1)
instruction	CODE:1800	CODE:1b7b	MOVX A,@DPTR	1	read	EXTMEM	1	(unique, 0x2800, 2)		
instruction	CODE:1800	CODE:1b84	LCALL 0x1ea4	4	write	INTMEM	1	(register, 0x40, 1)		(unique, 0xb400, 1)
instruction	CODE:1800	CODE:1b84	LCALL 0x1ea4	6	write	INTMEM	1	(register, 0x40, 1)		(unique, 0x1200, 1)
instruction	CODE:1800	CODE:1b87	PUSH DPH	1	write	INTMEM	1	(register, 0x40, 1)		(register, 0x82, 1)
instruction	CODE:1800	CODE:1b89	PUSH DPL	1	write	INTMEM	1	(register, 0x40, 1)		(register, 0x83, 1)
instruction	CODE:1800	CODE:1b8b	LCALL 0xad49	4	write	INTMEM	1	(register, 0x40, 1)		(unique, 0xb400, 1)
instruction	CODE:1800	CODE:1b8b	LCALL 0xad49	6	write	INTMEM	1	(register, 0x40, 1)		(unique, 0x1200, 1)
instruction	CODE:1800	CODE:1c27	LCALL 0xa786	4	write	INTMEM	1	(register, 0x40, 1)		(unique, 0xb400, 1)
instruction	CODE:1800	CODE:1c27	LCALL 0xa786	6	write	INTMEM	1	(register, 0x40, 1)		(unique, 0x1200, 1)
instruction	CODE:1800	CODE:1c31	MOVX A,@DPTR	1	read	EXTMEM	1	(unique, 0x2800, 2)		
instruction	CODE:1800	CODE:1c3a	LCALL 0x1ea4	4	write	INTMEM	1	(register, 0x40, 1)		(unique, 0xb400, 1)
instruction	CODE:1800	CODE:1c3a	LCALL 0x1ea4	6	write	INTMEM	1	(register, 0x40, 1)		(unique, 0x1200, 1)
instruction	CODE:1800	CODE:1c3d	PUSH DPH	1	write	INTMEM	1	(register, 0x40, 1)		(register, 0x82, 1)
instruction	CODE:1800	CODE:1c3f	PUSH DPL	1	write	INTMEM	1	(register, 0x40, 1)		(register, 0x83, 1)
instruction	CODE:1800	CODE:1c41	LCALL 0xad49	4	write	INTMEM	1	(register, 0x40, 1)		(unique, 0xb400, 1)
instruction	CODE:1800	CODE:1c41	LCALL 0xad49	6	write	INTMEM	1	(register, 0x40, 1)		(unique, 0x1200, 1)
instruction	CODE:1800	CODE:1cdc	MOVX A,@DPTR	1	read	EXTMEM	1	(unique, 0x2800, 2)		
instruction	CODE:1800	CODE:1ce0	MOV A,@R0	0	read	INTMEM	1	(register, 0x0, 1)		
instruction	CODE:1800	CODE:1ce5	MOV @R0,0x07	1	write	INTMEM	1	(register, 0x0, 1)		(unique, 0x2a00, 1)
instruction	CODE:1800	CODE:1cea	MOVX A,@DPTR	1	read	EXTMEM	1	(unique, 0x2800, 2)		
instruction	CODE:1800	CODE:1cf0	MOV @R0,0x07	1	write	INTMEM	1	(register, 0x0, 1)		(unique, 0x2a00, 1)
instruction	CODE:1800	CODE:1cf5	MOVX A,@DPTR	1	read	EXTMEM	1	(unique, 0x2800, 2)		
instruction	CODE:1800	CODE:1d04	MOVX @DPTR,A	2	write	EXTMEM	1	(unique, 0x2800, 2)		(unique, 0x2900, 1)
instruction	CODE:1800	CODE:1d05	RET	1	read	INTMEM	1	(register, 0x40, 1)		
instruction	CODE:1800	CODE:1d05	RET	3	read	INTMEM	1	(register, 0x40, 1)		
instruction	CODE:1d06	CODE:1d06	MOV A,@R0	0	read	INTMEM	1	(register, 0x0, 1)		
instruction	CODE:1d06	CODE:1d09	MOV A,@R0	0	read	INTMEM	1	(register, 0x0, 1)		
instruction	CODE:1d0a	CODE:1d0e	MOVX A,@DPTR	1	read	EXTMEM	1	(unique, 0x2800, 2)		
instruction	CODE:1d0a	CODE:1d11	MOVX @DPTR,A	2	write	EXTMEM	1	(unique, 0x2800, 2)		(unique, 0x2900, 1)
instruction	CODE:1d0a	CODE:1d1d	MOVX @DPTR,A	2	write	EXTMEM	1	(unique, 0x2800, 2)		(unique, 0x2900, 1)
instruction	CODE:1d23	CODE:1d23	MOVX A,@DPTR	1	read	EXTMEM	1	(unique, 0x2800, 2)		
instruction	CODE:1d23	CODE:1d26	MOVX @DPTR,A	2	write	EXTMEM	1	(unique, 0x2800, 2)		(unique, 0x2900, 1)
instruction	CODE:1d2c	CODE:1d31	RET	1	read	INTMEM	1	(register, 0x40, 1)		
instruction	CODE:1d2c	CODE:1d31	RET	3	read	INTMEM	1	(register, 0x40, 1)		
instruction	CODE:1d32	CODE:1d39	MOVX @DPTR,A	2	write	EXTMEM	1	(unique, 0x2800, 2)		(unique, 0x2900, 1)
instruction	CODE:1d32	CODE:1d3c	MOVX @DPTR,A	2	write	EXTMEM	1	(unique, 0x2800, 2)		(unique, 0x2900, 1)
instruction	CODE:1d49	CODE:1d4b	MOVX A,@DPTR	1	read	EXTMEM	1	(unique, 0x2800, 2)		
instruction	CODE:1d49	CODE:1d4e	MOVX A,@DPTR	1	read	EXTMEM	1	(unique, 0x2800, 2)		
instruction	CODE:1d49	CODE:1d51	RET	1	read	INTMEM	1	(register, 0x40, 1)		
instruction	CODE:1d49	CODE:1d51	RET	3	read	INTMEM	1	(register, 0x40, 1)		
instruction	CODE:1d55	CODE:1d55	MOVX A,@DPTR	1	read	EXTMEM	1	(unique, 0x2800, 2)		
instruction	CODE:1d56	CODE:1d61	RET	1	read	INTMEM	1	(register, 0x40, 1)		
instruction	CODE:1d56	CODE:1d61	RET	3	read	INTMEM	1	(register, 0x40, 1)		
instruction	CODE:1d62	CODE:1d62	LCALL 0xad3d	4	write	INTMEM	1	(register, 0x40, 1)		(unique, 0xb400, 1)
instruction	CODE:1d62	CODE:1d62	LCALL 0xad3d	6	write	INTMEM	1	(register, 0x40, 1)		(unique, 0x1200, 1)
instruction	CODE:1d67	CODE:1d67	LCALL 0xacdd	4	write	INTMEM	1	(register, 0x40, 1)		(unique, 0xb400, 1)
instruction	CODE:1d67	CODE:1d67	LCALL 0xacdd	6	write	INTMEM	1	(register, 0x40, 1)		(unique, 0x1200, 1)
instruction	CODE:1d67	CODE:1d6d	RET	1	read	INTMEM	1	(register, 0x40, 1)		
instruction	CODE:1d67	CODE:1d6d	RET	3	read	INTMEM	1	(register, 0x40, 1)		
instruction	CODE:1d6e	CODE:1d79	LCALL 0xad6d	4	write	INTMEM	1	(register, 0x40, 1)		(unique, 0xb400, 1)
instruction	CODE:1d6e	CODE:1d79	LCALL 0xad6d	6	write	INTMEM	1	(register, 0x40, 1)		(unique, 0x1200, 1)
instruction	CODE:1d6e	CODE:1d7f	LCALL 0xad49	4	write	INTMEM	1	(register, 0x40, 1)		(unique, 0xb400, 1)
instruction	CODE:1d6e	CODE:1d7f	LCALL 0xad49	6	write	INTMEM	1	(register, 0x40, 1)		(unique, 0x1200, 1)
instruction	CODE:1d8d	CODE:1d8d	MOV A,@R0	0	read	INTMEM	1	(register, 0x0, 1)		
instruction	CODE:1d8d	CODE:1d90	MOV A,@R0	0	read	INTMEM	1	(register, 0x0, 1)		
instruction	CODE:1d8d	CODE:1d93	MOVX @DPTR,A	2	write	EXTMEM	1	(unique, 0x2800, 2)		(unique, 0x2900, 1)
instruction	CODE:1d8d	CODE:1d96	MOVX @DPTR,A	2	write	EXTMEM	1	(unique, 0x2800, 2)		(unique, 0x2900, 1)
instruction	CODE:1d8d	CODE:1d97	RET	1	read	INTMEM	1	(register, 0x40, 1)		
instruction	CODE:1d8d	CODE:1d97	RET	3	read	INTMEM	1	(register, 0x40, 1)		
instruction	CODE:1d98	CODE:1d9a	MOV A,@R0	0	read	INTMEM	1	(register, 0x0, 1)		
instruction	CODE:1d9b	CODE:1da8	RET	1	read	INTMEM	1	(register, 0x40, 1)		
instruction	CODE:1d9b	CODE:1da8	RET	3	read	INTMEM	1	(register, 0x40, 1)		
instruction	CODE:1da9	CODE:1dac	MOVX @DPTR,A	2	write	EXTMEM	1	(unique, 0x2800, 2)		(unique, 0x2900, 1)
instruction	CODE:1dad	CODE:1dba	MOVX A,@DPTR	1	read	EXTMEM	1	(unique, 0x2800, 2)		
instruction	CODE:1dad	CODE:1dbd	RET	1	read	INTMEM	1	(register, 0x40, 1)		
instruction	CODE:1dad	CODE:1dbd	RET	3	read	INTMEM	1	(register, 0x40, 1)		
instruction	CODE:1dc5	CODE:1dc8	LCALL 0xad49	4	write	INTMEM	1	(register, 0x40, 1)		(unique, 0xb400, 1)
instruction	CODE:1dc5	CODE:1dc8	LCALL 0xad49	6	write	INTMEM	1	(register, 0x40, 1)		(unique, 0x1200, 1)
instruction	CODE:1dcb	CODE:1dce	MOVX A,@DPTR	1	read	EXTMEM	1	(unique, 0x2800, 2)		
instruction	CODE:1dcb	CODE:1dd1	MOVX A,@DPTR	1	read	EXTMEM	1	(unique, 0x2800, 2)		
instruction	CODE:1dcb	CODE:1dd2	RET	1	read	INTMEM	1	(register, 0x40, 1)		
instruction	CODE:1dcb	CODE:1dd2	RET	3	read	INTMEM	1	(register, 0x40, 1)		
instruction	CODE:1dd3	CODE:1dd3	MOV A,@R0	0	read	INTMEM	1	(register, 0x0, 1)		
instruction	CODE:1dd3	CODE:1dd6	MOV A,@R0	0	read	INTMEM	1	(register, 0x0, 1)		
instruction	CODE:1de3	CODE:1df0	RET	1	read	INTMEM	1	(register, 0x40, 1)		
instruction	CODE:1de3	CODE:1df0	RET	3	read	INTMEM	1	(register, 0x40, 1)		
instruction	CODE:1dfa	CODE:1dfc	MOVX A,@DPTR	1	read	EXTMEM	1	(unique, 0x2800, 2)		
instruction	CODE:1dfa	CODE:1dff	MOVX A,@DPTR	1	read	EXTMEM	1	(unique, 0x2800, 2)		
instruction	CODE:1dfa	CODE:1e01	RET	1	read	INTMEM	1	(register, 0x40, 1)		
instruction	CODE:1dfa	CODE:1e01	RET	3	read	INTMEM	1	(register, 0x40, 1)		
instruction	CODE:1e02	CODE:1e05	MOVX A,@DPTR	1	read	EXTMEM	1	(unique, 0x2800, 2)		
instruction	CODE:1e02	CODE:1e08	MOVX @DPTR,A	2	write	EXTMEM	1	(unique, 0x2800, 2)		(unique, 0x2900, 1)
instruction	CODE:1e02	CODE:1e09	RET	1	read	INTMEM	1	(register, 0x40, 1)		
instruction	CODE:1e02	CODE:1e09	RET	3	read	INTMEM	1	(register, 0x40, 1)		
instruction	CODE:1e0a	CODE:1e0b	MOV A,@R0	0	read	INTMEM	1	(register, 0x0, 1)		
instruction	CODE:1e0a	CODE:1e0e	MOV A,@R0	0	read	INTMEM	1	(register, 0x0, 1)		
instruction	CODE:1e0a	CODE:1e13	MOVX A,@DPTR	1	read	EXTMEM	1	(unique, 0x2800, 2)		
instruction	CODE:1e0a	CODE:1e16	MOVX @DPTR,A	2	write	EXTMEM	1	(unique, 0x2800, 2)		(unique, 0x2900, 1)
instruction	CODE:1e0a	CODE:1e1a	RET	1	read	INTMEM	1	(register, 0x40, 1)		
instruction	CODE:1e0a	CODE:1e1a	RET	3	read	INTMEM	1	(register, 0x40, 1)		
instruction	CODE:1e1d	CODE:1e24	RET	1	read	INTMEM	1	(register, 0x40, 1)		
instruction	CODE:1e1d	CODE:1e24	RET	3	read	INTMEM	1	(register, 0x40, 1)		
instruction	CODE:1e28	CODE:1e28	LCALL 0xadf3	4	write	INTMEM	1	(register, 0x40, 1)		(unique, 0xb400, 1)
instruction	CODE:1e28	CODE:1e28	LCALL 0xadf3	6	write	INTMEM	1	(register, 0x40, 1)		(unique, 0x1200, 1)
instruction	CODE:1e31	CODE:1e34	MOVX @DPTR,A	2	write	EXTMEM	1	(unique, 0x2800, 2)		(unique, 0x2900, 1)
instruction	CODE:1e31	CODE:1e37	MOVX @DPTR,A	2	write	EXTMEM	1	(unique, 0x2800, 2)		(unique, 0x2900, 1)
instruction	CODE:1e31	CODE:1e38	RET	1	read	INTMEM	1	(register, 0x40, 1)		
instruction	CODE:1e31	CODE:1e38	RET	3	read	INTMEM	1	(register, 0x40, 1)		
instruction	CODE:1e39	CODE:1e3b	MOV A,@R0	0	read	INTMEM	1	(register, 0x0, 1)		
instruction	CODE:1e41	CODE:1e42	MOV @R0,0x06	1	write	INTMEM	1	(register, 0x0, 1)		(unique, 0x2a00, 1)
instruction	CODE:1e41	CODE:1e45	MOV @R0,0x07	1	write	INTMEM	1	(register, 0x0, 1)		(unique, 0x2a00, 1)
instruction	CODE:1e41	CODE:1e47	RET	1	read	INTMEM	1	(register, 0x40, 1)		
instruction	CODE:1e41	CODE:1e47	RET	3	read	INTMEM	1	(register, 0x40, 1)		
instruction	CODE:1e48	CODE:1e4a	MOV A,@R0	0	read	INTMEM	1	(register, 0x0, 1)		
instruction	CODE:1e48	CODE:1e4e	RET	1	read	INTMEM	1	(register, 0x40, 1)		
instruction	CODE:1e48	CODE:1e4e	RET	3	read	INTMEM	1	(register, 0x40, 1)		
instruction	CODE:1e4f	CODE:1e54	MOV @R0,A	1	write	INTMEM	1	(register, 0x0, 1)		(unique, 0x2a00, 1)
instruction	CODE:1e4f	CODE:1e5a	MOV @R0,A	1	write	INTMEM	1	(register, 0x0, 1)		(unique, 0x2a00, 1)
instruction	CODE:1e4f	CODE:1e5b	RET	1	read	INTMEM	1	(register, 0x40, 1)		
instruction	CODE:1e4f	CODE:1e5b	RET	3	read	INTMEM	1	(register, 0x40, 1)		
instruction	CODE:1e5c	CODE:1e5f	MOVX A,@DPTR	1	read	EXTMEM	1	(unique, 0x2800, 2)		
instruction	CODE:1e5c	CODE:1e62	MOVX @DPTR,A	2	write	EXTMEM	1	(unique, 0x2800, 2)		(unique, 0x2900, 1)
instruction	CODE:1e5c	CODE:1e64	MOVX A,@DPTR	1	read	EXTMEM	1	(unique, 0x2800, 2)		
instruction	CODE:1e5c	CODE:1e65	MOVX @DPTR,A	2	write	EXTMEM	1	(unique, 0x2800, 2)		(unique, 0x2900, 1)
instruction	CODE:1e5c	CODE:1e69	MOVX A,@DPTR	1	read	EXTMEM	1	(unique, 0x2800, 2)		
instruction	CODE:1e5c	CODE:1e6e	MOVX A,@DPTR	1	read	EXTMEM	1	(unique, 0x2800, 2)		
instruction	CODE:1e5c	CODE:1e71	RET	1	read	INTMEM	1	(register, 0x40, 1)		
instruction	CODE:1e5c	CODE:1e71	RET	3	read	INTMEM	1	(register, 0x40, 1)		
instruction	CODE:1e72	CODE:1e72	LCALL 0xadf3	4	write	INTMEM	1	(register, 0x40, 1)		(unique, 0xb400, 1)
instruction	CODE:1e72	CODE:1e72	LCALL 0xadf3	6	write	INTMEM	1	(register, 0x40, 1)		(unique, 0x1200, 1)
instruction	CODE:1e7e	CODE:1e81	MOVX @DPTR,A	2	write	EXTMEM	1	(unique, 0x2800, 2)		(unique, 0x2900, 1)
instruction	CODE:1e7e	CODE:1e84	MOVX @DPTR,A	2	write	EXTMEM	1	(unique, 0x2800, 2)		(unique, 0x2900, 1)
instruction	CODE:1e7e	CODE:1e85	RET	1	read	INTMEM	1	(register, 0x40, 1)		
instruction	CODE:1e7e	CODE:1e85	RET	3	read	INTMEM	1	(register, 0x40, 1)		
instruction	CODE:1e86	CODE:1e86	LCALL 0xad3d	4	write	INTMEM	1	(register, 0x40, 1)		(unique, 0xb400, 1)
instruction	CODE:1e86	CODE:1e86	LCALL 0xad3d	6	write	INTMEM	1	(register, 0x40, 1)		(unique, 0x1200, 1)
instruction	CODE:1e86	CODE:1e8c	RET	1	read	INTMEM	1	(register, 0x40, 1)		
instruction	CODE:1e86	CODE:1e8c	RET	3	read	INTMEM	1	(register, 0x40, 1)		
instruction	CODE:1e8d	CODE:1e92	MOV A,@R0	0	read	INTMEM	1	(register, 0x0, 1)		
instruction	CODE:1e8d	CODE:1e95	MOV A,@R0	0	read	INTMEM	1	(register, 0x0, 1)		
instruction	CODE:1e8d	CODE:1e97	RET	1	read	INTMEM	1	(register, 0x40, 1)		
instruction	CODE:1e8d	CODE:1e97	RET	3	read	INTMEM	1	(register, 0x40, 1)		
instruction	CODE:1e98	CODE:1e9e	MOVX A,@DPTR	1	read	EXTMEM	1	(unique, 0x2800, 2)		
instruction	CODE:1e98	CODE:1ea1	MOVX A,@DPTR	1	read	EXTMEM	1	(unique, 0x2800, 2)		
instruction	CODE:1e98	CODE:1ea3	RET	1	read	INTMEM	1	(register, 0x40, 1)		
instruction	CODE:1e98	CODE:1ea3	RET	3	read	INTMEM	1	(register, 0x40, 1)		
instruction	CODE:1ea7	CODE:1ea7	MOVX A,@DPTR	1	read	EXTMEM	1	(unique, 0x2800, 2)		
instruction	CODE:1ea7	CODE:1eaa	MOVX A,@DPTR	1	read	EXTMEM	1	(unique, 0x2800, 2)		
instruction	CODE:1ea7	CODE:1eaf	RET	1	read	INTMEM	1	(register, 0x40, 1)		
instruction	CODE:1ea7	CODE:1eaf	RET	3	read	INTMEM	1	(register, 0x40, 1)		
instruction	CODE:1ec0	CODE:1ec3	MOVX A,@DPTR	1	read	EXTMEM	1	(unique, 0x2800, 2)		
instruction	CODE:1ec0	CODE:1ec6	MOVX A,@DPTR	1	read	EXTMEM	1	(unique, 0x2800, 2)		
instruction	CODE:1ec0	CODE:1ec8	RET	1	read	INTMEM	1	(register, 0x40, 1)		
instruction	CODE:1ec0	CODE:1ec8	RET	3	read	INTMEM	1	(register, 0x40, 1)		
instruction	CODE:1ec9	CODE:1ecb	MOV A,@R0	0	read	INTMEM	1	(register, 0x0, 1)		
instruction	CODE:1ec9	CODE:1ed0	MOV A,@R0	0	read	INTMEM	1	(register, 0x0, 1)		
instruction	CODE:1ec9	CODE:1ed1	RET	1	read	INTMEM	1	(register, 0x40, 1)		
instruction	CODE:1ec9	CODE:1ed1	RET	3	read	INTMEM	1	(register, 0x40, 1)		
instruction	CODE:1ed2	CODE:1eda	RET	1	read	INTMEM	1	(register, 0x40, 1)		
instruction	CODE:1ed2	CODE:1eda	RET	3	read	INTMEM	1	(register, 0x40, 1)		
instruction	CODE:1ee9	CODE:1eeb	MOV A,@R0	0	read	INTMEM	1	(register, 0x0, 1)		
instruction	CODE:1ee9	CODE:1ef5	RET	1	read	INTMEM	1	(register, 0x40, 1)		
instruction	CODE:1ee9	CODE:1ef5	RET	3	read	INTMEM	1	(register, 0x40, 1)		
instruction	CODE:1ef6	CODE:1ef8	MOVX @DPTR,A	2	write	EXTMEM	1	(unique, 0x2800, 2)		(unique, 0x2900, 1)
instruction	CODE:1ef6	CODE:1efb	MOVX @DPTR,A	2	write	EXTMEM	1	(unique, 0x2800, 2)		(unique, 0x2900, 1)
instruction	CODE:1ef6	CODE:1efc	RET	1	read	INTMEM	1	(register, 0x40, 1)		
instruction	CODE:1ef6	CODE:1efc	RET	3	read	INTMEM	1	(register, 0x40, 1)		
instruction	CODE:1f03	CODE:1f07	LCALL 0xade7	4	write	INTMEM	1	(register, 0x40, 1)		(unique, 0xb400, 1)
instruction	CODE:1f03	CODE:1f07	LCALL 0xade7	6	write	INTMEM	1	(register, 0x40, 1)		(unique, 0x1200, 1)
instruction	CODE:1f03	CODE:1f0a	LCALL 0xad6d	4	write	INTMEM	1	(register, 0x40, 1)		(unique, 0xb400, 1)
instruction	CODE:1f03	CODE:1f0a	LCALL 0xad6d	6	write	INTMEM	1	(register, 0x40, 1)		(unique, 0x1200, 1)
instruction	CODE:1f03	CODE:1f0f	RET	1	read	INTMEM	1	(register, 0x40, 1)		
instruction	CODE:1f03	CODE:1f0f	RET	3	read	INTMEM	1	(register, 0x40, 1)		
instruction	CODE:1f10	CODE:1f10	MOVX A,@DPTR	1	read	EXTMEM	1	(unique, 0x2800, 2)		
instruction	CODE:1f10	CODE:1f13	MOVX @DPTR,A	2	write	EXTMEM	1	(unique, 0x2800, 2)		(unique, 0x2900, 1)
instruction	CODE:1f10	CODE:1f17	RET	1	read	INTMEM	1	(register, 0x40, 1)		
instruction	CODE:1f10	CODE:1f17	RET	3	read	INTMEM	1	(register, 0x40, 1)		
instruction	CODE:1f18	CODE:1f1b	MOVX A,@DPTR	1	read	EXTMEM	1	(unique, 0x2800, 2)		
instruction	CODE:1f18	CODE:1f1e	MOVX @DPTR,A	2	write	EXTMEM	1	(unique, 0x2800, 2)		(unique, 0x2900, 1)
instruction	CODE:1f18	CODE:1f1f	RET	1	read	INTMEM	1	(register, 0x40, 1)		
instruction	CODE:1f18	CODE:1f1f	RET	3	read	INTMEM	1	(register, 0x40, 1)		
instruction	CODE:1f20	CODE:1f27	RET	1	read	INTMEM	1	(register, 0x40, 1)		
instruction	CODE:1f20	CODE:1f27	RET	3	read	INTMEM	1	(register, 0x40, 1)		
instruction	CODE:1f28	CODE:1f28	MOV @R0,0x06	1	write	INTMEM	1	(register, 0x0, 1)		(unique, 0x2a00, 1)
instruction	CODE:1f28	CODE:1f2b	MOV @R0,0x07	1	write	INTMEM	1	(register, 0x0, 1)		(unique, 0x2a00, 1)
instruction	CODE:1f28	CODE:1f2f	RET	1	read	INTMEM	1	(register, 0x40, 1)		
instruction	CODE:1f28	CODE:1f2f	RET	3	read	INTMEM	1	(register, 0x40, 1)		
instruction	CODE:1f30	CODE:1f30	MOVX A,@DPTR	1	read	EXTMEM	1	(unique, 0x2800, 2)		
instruction	CODE:1f31	CODE:1f36	MOVX @DPTR,A	2	write	EXTMEM	1	(unique, 0x2800, 2)		(unique, 0x2900, 1)
instruction	CODE:1f31	CODE:1f37	RET	1	read	INTMEM	1	(register, 0x40, 1)		
instruction	CODE:1f31	CODE:1f37	RET	3	read	INTMEM	1	(register, 0x40, 1)		
instruction	CODE:1f38	CODE:1f3e	MOVX @DPTR,A	2	write	EXTMEM	1	(unique, 0x2800, 2)		(unique, 0x2900, 1)
instruction	CODE:1f38	CODE:1f41	MOVX @DPTR,A	2	write	EXTMEM	1	(unique, 0x2800, 2)		(unique, 0x2900, 1)
instruction	CODE:1f38	CODE:1f42	RET	1	read	INTMEM	1	(register, 0x40, 1)		
instruction	CODE:1f38	CODE:1f42	RET	3	read	INTMEM	1	(register, 0x40, 1)		
instruction	CODE:1f43	CODE:1f43	LCALL 0xadf3	4	write	INTMEM	1	(register, 0x40, 1)		(unique, 0xb400, 1)
instruction	CODE:1f43	CODE:1f43	LCALL 0xadf3	6	write	INTMEM	1	(register, 0x40, 1)		(unique, 0x1200, 1)
instruction	CODE:1f4c	CODE:1f4e	MOV A,@R0	0	read	INTMEM	1	(register, 0x0, 1)		
instruction	CODE:1f4c	CODE:1f53	MOV @R0,0x07	1	write	INTMEM	1	(register, 0x0, 1)		(unique, 0x2a00, 1)
instruction	CODE:1f4c	CODE:1f55	RET	1	read	INTMEM	1	(register, 0x40, 1)		
instruction	CODE:1f4c	CODE:1f55	RET	3	read	INTMEM	1	(register, 0x40, 1)		
instruction	CODE:1f56	CODE:1f56	MOV A,@R0	0	read	INTMEM	1	(register, 0x0, 1)		
instruction	CODE:1f56	CODE:1f58	MOVX A,@DPTR	1	read	EXTMEM	1	(unique, 0x2800, 2)		
instruction	CODE:1f56	CODE:1f5b	MOVX @DPTR,A	2	write	EXTMEM	1	(unique, 0x2800, 2)		(unique, 0x2900, 1)
instruction	CODE:1f56	CODE:1f5f	RET	1	read	INTMEM	1	(register, 0x40, 1)		
instruction	CODE:1f56	CODE:1f5f	RET	3	read	INTMEM	1	(register, 0x40, 1)		
instruction	CODE:2000	CODE:2000	LCALL 0xa3ae	4	write	INTMEM	1	(register, 0x40, 1)		(unique, 0xb400, 1)
instruction	CODE:2000	CODE:2000	LCALL 0xa3ae	6	write	INTMEM	1	(register, 0x40, 1)		(unique, 0x1200, 1)
instruction	CODE:2000	CODE:2005	LCALL 0xa82d	4	write	INTMEM	1	(register, 0x40, 1)		(unique, 0xb400, 1)
instruction	CODE:2000	CODE:2005	LCALL 0xa82d	6	write	INTMEM	1	(register, 0x40, 1)		(unique, 0x1200, 1)
instruction	CODE:2000	CODE:200a	LCALL 0xa82a	4	write	INTMEM	1	(register, 0x40, 1)		(unique, 0xb400, 1)
instruction	CODE:2000	CODE:200a	LCALL 0xa82a	6	write	INTMEM	1	(register, 0x40, 1)		(unique, 0x1200, 1)
instruction	CODE:2000	CODE:2011	MOVX @DPTR,A	2	write	EXTMEM	1	(unique, 0x2800, 2)		(unique, 0x2900, 1)
instruction	CODE:2000	CODE:2014	LCALL 0x974d	4	write	INTMEM	1	(register, 0x40, 1)		(unique, 0xb400, 1)
instruction	CODE:2000	CODE:2014	LCALL 0x974d	6	write	INTMEM	1	(register, 0x40, 1)		(unique, 0x1200, 1)
instruction	CODE:2000	CODE:201a	LCALL 0xae2a	4	write	INTMEM	1	(register, 0x40, 1)		(unique, 0xb400, 1)
instruction	CODE:2000	CODE:201a	LCALL 0xae2a	6	write	INTMEM	1	(register, 0x40, 1)		(unique, 0x1200, 1)
instruction	CODE:2000	CODE:201d	LCALL 0x471f	4	write	INTMEM	1	(register, 0x40, 1)		(unique, 0xb400, 1)
instruction	CODE:2000	CODE:201d	LCALL 0x471f	6	write	INTMEM	1	(register, 0x40, 1)		(unique, 0x1200, 1)
instruction	CODE:2000	CODE:2023	MOVX @DPTR,A	2	write	EXTMEM	1	(unique, 0x2800, 2)		(unique, 0x2900, 1)
instruction	CODE:2000	CODE:2024	LCALL 0xad03	4	write	INTMEM	1	(register, 0x40, 1)		(unique, 0xb400, 1)
instruction	CODE:2000	CODE:2024	LCALL 0xad03	6	write	INTMEM	1	(register, 0x40, 1)		(unique, 0x1200, 1)
instruction	CODE:2000	CODE:2035	LCALL 0xaccc	4	write	INTMEM	1	(register, 0x40, 1)		(unique, 0xb400, 1)
instruction	CODE:2000	CODE:2035	LCALL 0xaccc	6	write	INTMEM	1	(register, 0x40, 1)		(unique, 0x1200, 1)
instruction	CODE:2000	CODE:203e	LCALL 0x9a23	4	write	INTMEM	1	(register, 0x40, 1)		(unique, 0xb400, 1)
instruction	CODE:2000	CODE:203e	LCALL 0x9a23	6	write	INTMEM	1	(register, 0x40, 1)		(unique, 0x1200, 1)
instruction	CODE:2000	CODE:2044	MOVX A,@DPTR	1	read	EXTMEM	1	(unique, 0x2800, 2)		
instruction	CODE:2000	CODE:204c	MOVX @DPTR,A	2	write	EXTMEM	1	(unique, 0x2800, 2)		(unique, 0x2900, 1)
instruction	CODE:2000	CODE:204f	MOVX @DPTR,A	2	write	EXTMEM	1	(unique, 0x2800, 2)		(unique, 0x2900, 1)
instruction	CODE:2000	CODE:2053	MOVX A,@DPTR	1	read	EXTMEM	1	(unique, 0x2800, 2)		
instruction	CODE:2000	CODE:205b	MOVX @DPTR,A	2	write	EXTMEM	1	(unique, 0x2800, 2)		(unique, 0x2900, 1)
instruction	CODE:2000	CODE:205e	MOVX @DPTR,A	2	write	EXTMEM	1	(unique, 0x2800, 2)		(unique, 0x2900, 1)
instruction	CODE:2000	CODE:2068	LCALL 0x476c	4	write	INTMEM	1	(register, 0x40, 1)		(unique, 0xb400, 1)
instruction	CODE:2000	CODE:2068	LCALL 0x476c	6	write	INTMEM	1	(register, 0x40, 1)		(unique, 0x1200, 1)
instruction	CODE:2000	CODE:206b	LCALL 0x87aa	4	write	INTMEM	1	(register, 0x40, 1)		(unique, 0xb400, 1)
instruction	CODE:2000	CODE:206b	LCALL 0x87aa	6	write	INTMEM	1	(register, 0x40, 1)		(unique, 0x1200, 1)
instruction	CODE:2000	CODE:2071	MOVX A,@DPTR	1	read	EXTMEM	1	(unique, 0x2800, 2)		
instruction	CODE:2000	CODE:2078	MOVX A,@DPTR	1	read	EXTMEM	1	(unique, 0x2800, 2)		
instruction	CODE:2000	CODE:2084	MOVX A,@DPTR	1	read	EXTMEM	1	(unique, 0x2800, 2)		
instruction	CODE:2000	CODE:2087	LCALL 0x9f09	4	write	INTMEM	1	(register, 0x40, 1)		(unique, 0xb400, 1)
instruction	CODE:2000	CODE:2087	LCALL 0x9f09	6	write	INTMEM	1	(register, 0x40, 1)		(unique, 0x1200, 1)
instruction	CODE:2000	CODE:208d	LCALL 0xae2a	4	write	INTMEM	1	(register, 0x40, 1)		(unique, 0xb400, 1)
instruction	CODE:2000	CODE:208d	LCALL 0xae2a	6	write	INTMEM	1	(register, 0x40, 1)		(unique, 0x1200, 1)
instruction	CODE:2000	CODE:2093	LCALL 0xadf3	4	write	INTMEM	1	(register, 0x40, 1)		(unique, 0xb400, 1)
instruction	CODE:2000	CODE:2093	LCALL 0xadf3	6	write	INTMEM	1	(register, 0x40, 1)		(unique, 0x1200, 1)
instruction	CODE:2000	CODE:2353	RET	1	read	INTMEM	1	(register, 0x40, 1)		
instruction	CODE:2000	CODE:2353	RET	3	read	INTMEM	1	(register, 0x40, 1)		
instruction	CODE:236b	CODE:236b	LCALL 0xa5bd	4	write	INTMEM	1	(register, 0x40, 1)		(unique, 0xb400, 1)
instruction	CODE:236b	CODE:236b	LCALL 0xa5bd	6	write	INTMEM	1	(register, 0x40, 1)		(unique, 0x1200, 1)
instruction	CODE:236b	CODE:2371	MOV @R0,A	1	write	INTMEM	1	(register, 0x0, 1)		(unique, 0x2a00, 1)
instruction	CODE:236b	CODE:2373	MOV @R0,A	1	write	INTMEM	1	(register, 0x0, 1)		(unique, 0x2a00, 1)
instruction	CODE:236b	CODE:2379	MOV A,@R0	0	read	INTMEM	1	(register, 0x0, 1)		
instruction	CODE:236b	CODE:2380	MOV @R0,A	1	write	INTMEM	1	(register, 0x0, 1)		(unique, 0x2a00, 1)
instruction	CODE:236b	CODE:2383	MOV A,@R0	0	read	INTMEM	1	(register, 0x0, 1)		
instruction	CODE:236b	CODE:238e	LCALL 0xa739	4	write	INTMEM	1	(register, 0x40, 1)		(unique, 0xb400, 1)
instruction	CODE:236b	CODE:238e	LCALL 0xa739	6	write	INTMEM	1	(register, 0x40, 1)		(unique, 0x1200, 1)
instruction	CODE:236b	CODE:2399	LCALL 0xa05a	4	write	INTMEM	1	(register, 0x40, 1)		(unique, 0xb400, 1)
instruction	CODE:236b	CODE:2399	LCALL 0xa05a	6	write	INTMEM	1	(register, 0x40, 1)		(unique, 0x1200, 1)
instruction	CODE:236b	CODE:239e	MOV A,@R0	0	read	INTMEM	1	(register, 0x0, 1)		
instruction	CODE:236b	CODE:23ab	LCALL 0xa775	4	write	INTMEM	1	(register, 0x40, 1)		(unique, 0xb400, 1)
instruction	CODE:236b	CODE:23ab	LCALL 0xa775	6	write	INTMEM	1	(register, 0x40, 1)		(unique, 0x1200, 1)
instruction	CODE:236b	CODE:23ae	LCALL 0xa727	4	write	INTMEM	1	(register, 0x40, 1)		(unique, 0xb400, 1)
instruction	CODE:236b	CODE:23ae	LCALL 0xa727	6	write	INTMEM	1	(register, 0x40, 1)		(unique, 0x1200, 1)
instruction	CODE:236b	CODE:23b8	LCALL 0x7def	4	write	INTMEM	1	(register, 0x40, 1)		(unique, 0xb400, 1)
instruction	CODE:236b	CODE:23b8	LCALL 0x7def	6	write	INTMEM	1	(register, 0x40, 1)		(unique, 0x1200, 1)
instruction	CODE:236b	CODE:23c4	MOV @R0,A	1	write	INTMEM	1	(register, 0x0, 1)		(unique, 0x2a00, 1)
instruction	CODE:236b	CODE:23c6	MOV @R0,#0x18	1	write	INTMEM	1	(register, 0x0, 1)		(unique, 0x2a00, 1)
instruction	CODE:236b	CODE:23cc	MOV A,@R0	0	read	INTMEM	1	(register, 0x0, 1)		
instruction	CODE:236b	CODE:23d4	MOV @R0,#0x11	1	write	INTMEM	1	(register, 0x0, 1)		(unique, 0x2a00, 1)
instruction	CODE:236b	CODE:23d8	LCALL 0x9df1	4	write	INTMEM	1	(register, 0x40, 1)		(unique, 0xb400, 1)
instruction	CODE:236b	CODE:23d8	LCALL 0x9df1	6	write	INTMEM	1	(register, 0x40, 1)		(unique, 0x1200, 1)
instruction	CODE:236b	CODE:23dd	LCALL 0xa17a	4	write	INTMEM	1	(register, 0x40, 1)		(unique, 0xb400, 1)
instruction	CODE:236b	CODE:23dd	LCALL 0xa17a	6	write	INTMEM	1	(register, 0x40, 1)		(unique, 0x1200, 1)
instruction	CODE:236b	CODE:23e6	MOV A,@R0	0	read	INTMEM	1	(register, 0x0, 1)		
instruction	CODE:236b	CODE:23f5	MOV A,@R0	0	read	INTMEM	1	(register, 0x0, 1)		
instruction	CODE:236b	CODE:2409	MOV @R0,A	1	write	INTMEM	1	(register, 0x0, 1)		(unique, 0x2a00, 1)
instruction	CODE:236b	CODE:240b	MOV @R0,#0x10	1	write	INTMEM	1	(register, 0x0, 1)		(unique, 0x2a00, 1)
instruction	CODE:236b	CODE:2412	MOV @R0,A	1	write	INTMEM	1	(register, 0x0, 1)		(unique, 0x2a00, 1)
instruction	CODE:236b	CODE:2414	MOV @R0,#0x12	1	write	INTMEM	1	(register, 0x0, 1)		(unique, 0x2a00, 1)
instruction	CODE:236b	CODE:241a	MOV @R0,#0x10	1	write	INTMEM	1	(register, 0x0, 1)		(unique, 0x2a00, 1)
instruction	CODE:236b	CODE:2422	LCALL 0xa60e	4	write	INTMEM	1	(register, 0x40, 1)		(unique, 0xb400, 1)
instruction	CODE:236b	CODE:2422	LCALL 0xa60e	6	write	INTMEM	1	(register, 0x40, 1)		(unique, 0x1200, 1)
instruction	CODE:236b	CODE:2429	MOV A,@R0	0	read	INTMEM	1	(register, 0x0, 1)		
instruction	CODE:236b	CODE:243c	MOV @R0,#0x1	1	write	INTMEM	1	(register, 0x0, 1)		(unique, 0x2a00, 1)
instruction	CODE:236b	CODE:2442	LCALL 0x90d1	4	write	INTMEM	1	(register, 0x40, 1)		(unique, 0xb400, 1)
instruction	CODE:236b	CODE:2442	LCALL 0x90d1	6	write	INTMEM	1	(register, 0x40, 1)		(unique, 0x1200, 1)
instruction	CODE:236b	CODE:2449	MOV A,@R0	0	read	INTMEM	1	(register, 0x0, 1)		
instruction	CODE:236b	CODE:244a	LCALL 0xae53	4	write	INTMEM	1	(register, 0x40, 1)		(unique, 0xb400, 1)
instruction	CODE:236b	CODE:244a	LCALL 0xae53	6	write	INTMEM	1	(register, 0x40, 1)		(unique, 0x1200, 1)
instruction	CODE:236b	CODE:24ed	LCALL 0xa4f3	4	write	INTMEM	1	(register, 0x40, 1)		(unique, 0xb400, 1)
instruction	CODE:236b	CODE:24ed	LCALL 0xa4f3	6	write	INTMEM	1	(register, 0x40, 1)		(unique, 0x1200, 1)
instruction	CODE:236b	CODE:24f2	LCALL 0x8d42	4	write	INTMEM	1	(register, 0x40, 1)		(unique, 0xb400, 1)
instruction	CODE:236b	CODE:24f2	LCALL 0x8d42	6	write	INTMEM	1	(register, 0x40, 1)		(unique, 0x1200, 1)
instruction	CODE:236b	CODE:24f7	LCALL 0xa2ef	4	write	INTMEM	1	(register, 0x40, 1)		(unique, 0xb400, 1)
instruction	CODE:236b	CODE:24f7	LCALL 0xa2ef	6	write	INTMEM	1	(register, 0x40, 1)		(unique, 0x1200, 1)
instruction	CODE:236b	CODE:24fc	LCALL 0xa0f5	4	write	INTMEM	1	(register, 0x40, 1)		(unique, 0xb400, 1)
instruction	CODE:236b	CODE:24fc	LCALL 0xa0f5	6	write	INTMEM	1	(register, 0x40, 1)		(unique, 0x1200, 1)
instruction	CODE:236b	CODE:2501	MOV @R0,#0x1	1	write	INTMEM	1	(register, 0x0, 1)		(unique, 0x2a00, 1)
instruction	CODE:236b	CODE:2503	LCALL 0x8558	4	write	INTMEM	1	(register, 0x40, 1)		(unique, 0xb400, 1)
instruction	CODE:236b	CODE:2503	LCALL 0x8558	6	write	INTMEM	1	(register, 0x40, 1)		(unique, 0x1200, 1)
instruction	CODE:236b	CODE:2508	LCALL 0x92c1	4	write	INTMEM	1	(register, 0x40, 1)		(unique, 0xb400, 1)
instruction	CODE:236b	CODE:2508	LCALL 0x92c1	6	write	INTMEM	1	(register, 0x40, 1)		(unique, 0x1200, 1)
instruction	CODE:236b	CODE:250d	LCALL 0x92e1	4	write	INTMEM	1	(register, 0x40, 1)		(unique, 0xb400, 1)
instruction	CODE:236b	CODE:250d	LCALL 0x92e1	6	write	INTMEM	1	(register, 0x40, 1)		(unique, 0x1200, 1)
instruction	CODE:236b	CODE:2512	LCALL 0x9301	4	write	INTMEM	1	(register, 0x40, 1)		(unique, 0xb400, 1)
instruction	CODE:236b	CODE:2512	LCALL 0x9301	6	write	INTMEM	1	(register, 0x40, 1)		(unique, 0x1200, 1)
instruction	CODE:236b	CODE:2517	LCALL 0x74b3	4	write	INTMEM	1	(register, 0x40, 1)		(unique, 0xb400, 1)
instruction	CODE:236b	CODE:2517	LCALL 0x74b3	6	write	INTMEM	1	(register, 0x40, 1)		(unique, 0x1200, 1)
instruction	CODE:236b	CODE:251c	LCALL 0x9526	4	write	INTMEM	1	(register, 0x40, 1)		(unique, 0xb400, 1)
instruction	CODE:236b	CODE:251c	LCALL 0x9526	6	write	INTMEM	1	(register, 0x40, 1)		(unique, 0x1200, 1)
instruction	CODE:236b	CODE:2521	LCALL 0x5b77	4	write	INTMEM	1	(register, 0x40, 1)		(unique, 0xb400, 1)
instruction	CODE:236b	CODE:2521	LCALL 0x5b77	6	write	INTMEM	1	(register, 0x40, 1)		(unique, 0x1200, 1)
instruction	CODE:236b	CODE:2526	LCALL 0xa4e9	4	write	INTMEM	1	(register, 0x40, 1)		(unique, 0xb400, 1)
instruction	CODE:236b	CODE:2526	LCALL 0xa4e9	6	write	INTMEM	1	(register, 0x40, 1)		(unique, 0x1200, 1)
instruction	CODE:236b	CODE:252b	LCALL 0xa2d7	4	write	INTMEM	1	(register, 0x40, 1)		(unique, 0xb400, 1)
instruction	CODE:236b	CODE:252b	LCALL 0xa2d7	6	write	INTMEM	1	(register, 0x40, 1)		(unique, 0x1200, 1)
instruction	CODE:236b	CODE:2530	LCALL 0x3e15	4	write	INTMEM	1	(register, 0x40, 1)		(unique, 0xb400, 1)
instruction	CODE:236b	CODE:2530	LCALL 0x3e15	6	write	INTMEM	1	(register, 0x40, 1)		(unique, 0x1200, 1)
instruction	CODE:236b	CODE:2535	LCALL 0x99df	4	write	INTMEM	1	(register, 0x40, 1)		(unique, 0xb400, 1)
instruction	CODE:236b	CODE:2535	LCALL 0x99df	6	write	INTMEM	1	(register, 0x40, 1)		(unique, 0x1200, 1)
instruction	CODE:236b	CODE:253a	LCALL 0x807e	4	write	INTMEM	1	(register, 0x40, 1)		(unique, 0xb400, 1)
instruction	CODE:236b	CODE:253a	LCALL 0x807e	6	write	INTMEM	1	(register, 0x40, 1)		(unique, 0x1200, 1)
instruction	CODE:236b	CODE:253f	LCALL 0x85c9	4	write	INTMEM	1	(register, 0x40, 1)		(unique, 0xb400, 1)
instruction	CODE:236b	CODE:253f	LCALL 0x85c9	6	write	INTMEM	1	(register, 0x40, 1)		(unique, 0x1200, 1)
instruction	CODE:236b	CODE:2544	LCALL 0xa5d5	4	write	INTMEM	1	(register, 0x40, 1)		(unique, 0xb400, 1)
instruction	CODE:236b	CODE:2544	LCALL 0xa5d5	6	write	INTMEM	1	(register, 0x40, 1)		(unique, 0x1200, 1)
instruction	CODE:236b	CODE:2549	LCALL 0xa2e3	4	write	INTMEM	1	(register, 0x40, 1)		(unique, 0xb400, 1)
instruction	CODE:236b	CODE:2549	LCALL 0xa2e3	6	write	INTMEM	1	(register, 0x40, 1)		(unique, 0x1200, 1)
instruction	CODE:236b	CODE:254e	LCALL 0xa4a3	4	write	INTMEM	1	(register, 0x40, 1)		(unique, 0xb400, 1)
instruction	CODE:236b	CODE:254e	LCALL 0xa4a3	6	write	INTMEM	1	(register, 0x40, 1)		(unique, 0x1200, 1)
instruction	CODE:236b	CODE:2553	LCALL 0xa4ad	4	write	INTMEM	1	(register, 0x40, 1)		(unique, 0xb400, 1)
instruction	CODE:236b	CODE:2553	LCALL 0xa4ad	6	write	INTMEM	1	(register, 0x40, 1)		(unique, 0x1200, 1)
instruction	CODE:236b	CODE:2558	LCALL 0x99f6	4	write	INTMEM	1	(register, 0x40, 1)		(unique, 0xb400, 1)
instruction	CODE:236b	CODE:2558	LCALL 0x99f6	6	write	INTMEM	1	(register, 0x40, 1)		(unique, 0x1200, 1)
instruction	CODE:236b	CODE:255d	LCALL 0xa307	4	write	INTMEM	1	(register, 0x40, 1)		(unique, 0xb400, 1)
instruction	CODE:236b	CODE:255d	LCALL 0xa307	6	write	INTMEM	1	(register, 0x40, 1)		(unique, 0x1200, 1)
instruction	CODE:236b	CODE:2562	LCALL 0xa2fb	4	write	INTMEM	1	(register, 0x40, 1)		(unique, 0xb400, 1)
instruction	CODE:236b	CODE:2562	LCALL 0xa2fb	6	write	INTMEM	1	(register, 0x40, 1)		(unique, 0x1200, 1)
instruction	CODE:236b	CODE:2567	LCALL 0x9767	4	write	INTMEM	1	(register, 0x40, 1)		(unique, 0xb400, 1)
instruction	CODE:236b	CODE:2567	LCALL 0x9767	6	write	INTMEM	1	(register, 0x40, 1)		(unique, 0x1200, 1)
instruction	CODE:236b	CODE:256c	LCALL 0x9e15	4	write	INTMEM	1	(register, 0x40, 1)		(unique, 0xb400, 1)
instruction	CODE:236b	CODE:256c	LCALL 0x9e15	6	write	INTMEM	1	(register, 0x40, 1)		(unique, 0x1200, 1)
instruction	CODE:236b	CODE:2571	LCALL 0xa4d5	4	write	INTMEM	1	(register, 0x40, 1)		(unique, 0xb400, 1)
instruction	CODE:236b	CODE:2571	LCALL 0xa4d5	6	write	INTMEM	1	(register, 0x40, 1)		(unique, 0x1200, 1)
instruction	CODE:236b	CODE:2576	LCALL 0xa4df	4	write	INTMEM	1	(register, 0x40, 1)		(unique, 0xb400, 1)
instruction	CODE:236b	CODE:2576	LCALL 0xa4df	6	write	INTMEM	1	(register, 0x40, 1)		(unique, 0x1200, 1)
instruction	CODE:236b	CODE:257b	LCALL 0xa2cb	4	write	INTMEM	1	(register, 0x40, 1)		(unique, 0xb400, 1)
instruction	CODE:236b	CODE:257b	LCALL 0xa2cb	6	write	INTMEM	1	(register, 0x40, 1)		(unique, 0x1200, 1)
instruction	CODE:236b	CODE:2580	LCALL 0x9fd9	4	write	INTMEM	1	(register, 0x40, 1)		(unique, 0xb400, 1)
instruction	CODE:236b	CODE:2580	LCALL 0x9fd9	6	write	INTMEM	1	(register, 0x40, 1)		(unique, 0x1200, 1)
instruction	CODE:236b	CODE:2585	LCALL 0x8638	4	write	INTMEM	1	(register, 0x40, 1)		(unique, 0xb400, 1)
instruction	CODE:236b	CODE:2585	LCALL 0x8638	6	write	INTMEM	1	(register, 0x40, 1)		(unique, 0x1200, 1)
instruction	CODE:236b	CODE:258a	LCALL 0x9aa7	4	write	INTMEM	1	(register, 0x40, 1)		(unique, 0xb400, 1)
instruction	CODE:236b	CODE:258a	LCALL 0x9aa7	6	write	INTMEM	1	(register, 0x40, 1)		(unique, 0x1200, 1)
instruction	CODE:236b	CODE:258f	LCALL 0x9954	4	write	INTMEM	1	(register, 0x40, 1)		(unique, 0xb400, 1)
instruction	CODE:236b	CODE:258f	LCALL 0x9954	6	write	INTMEM	1	(register, 0x40, 1)		(unique, 0x1200, 1)
instruction	CODE:236b	CODE:2594	LCALL 0xa4b7	4	write	INTMEM	1	(register, 0x40, 1)		(unique, 0xb400, 1)
instruction	CODE:236b	CODE:2594	LCALL 0xa4b7	6	write	INTMEM	1	(register, 0x40, 1)		(unique, 0x1200, 1)
instruction	CODE:236b	CODE:2599	LCALL 0x94ea	4	write	INTMEM	1	(register, 0x40, 1)		(unique, 0xb400, 1)
instruction	CODE:236b	CODE:2599	LCALL 0x94ea	6	write	INTMEM	1	(register, 0x40, 1)		(unique, 0x1200, 1)
instruction	CODE:236b	CODE:259e	LCALL 0x9fa9	4	write	INTMEM	1	(register, 0x40, 1)		(unique, 0xb400, 1)
instruction	CODE:236b	CODE:259e	LCALL 0x9fa9	6	write	INTMEM	1	(register, 0x40, 1)		(unique, 0x1200, 1)
instruction	CODE:236b	CODE:25a3	LCALL 0x9fb9	4	write	INTMEM	1	(register, 0x40, 1)		(unique, 0xb400, 1)
instruction	CODE:236b	CODE:25a3	LCALL 0x9fb9	6	write	INTMEM	1	(register, 0x40, 1)		(unique, 0x1200, 1)
instruction	CODE:236b	CODE:25a8	LCALL 0xa4c1	4	write	INTMEM	1	(register, 0x40, 1)		(unique, 0xb400, 1)
instruction	CODE:236b	CODE:25a8	LCALL 0xa4c1	6	write	INTMEM	1	(register, 0x40, 1)		(unique, 0x1200, 1)
instruction	CODE:236b	CODE:25ad	LCALL 0x9a91	4	write	INTMEM	1	(register, 0x40, 1)		(unique, 0xb400, 1)
instruction	CODE:236b	CODE:25ad	LCALL 0x9a91	6	write	INTMEM	1	(register, 0x40, 1)		(unique, 0x1200, 1)
instruction	CODE:236b	CODE:25b2	MOV @R0,0x07	1	write	INTMEM	1	(register, 0x0, 1)		(unique, 0x2a00, 1)
instruction	CODE:236b	CODE:25b6	LCALL 0xa38d	4	write	INTMEM	1	(register, 0x40, 1)		(unique, 0xb400, 1)
instruction	CODE:236b	CODE:25b6	LCALL 0xa38d	6	write	INTMEM	1	(register, 0x40, 1)		(unique, 0x1200, 1)
instruction	CODE:236b	CODE:25be	LCALL 0xa7b3	4	write	INTMEM	1	(register, 0x40, 1)		(unique, 0xb400, 1)
instruction	CODE:236b	CODE:25be	LCALL 0xa7b3	6	write	INTMEM	1	(register, 0x40, 1)		(unique, 0x1200, 1)
instruction	CODE:236b	CODE:25c3	LCALL 0x9cf0	4	write	INTMEM	1	(register, 0x40, 1)		(unique, 0xb400, 1)
instruction	CODE:236b	CODE:25c3	LCALL 0x9cf0	6	write	INTMEM	1	(register, 0x40, 1)		(unique, 0x1200, 1)
instruction	CODE:236b	CODE:25c8	MOV @R0,#0xe	1	write	INTMEM	1	(register, 0x0, 1)		(unique, 0x2a00, 1)
instruction	CODE:236b	CODE:25cc	MOV A,@R0	0	read	INTMEM	1	(register, 0x0, 1)		
instruction	CODE:236b	CODE:25cf	MOV A,@R0	0	read	INTMEM	1	(register, 0x0, 1)		
instruction	CODE:25d4	CODE:25d8	MOVX @DPTR,A	2	write	EXTMEM	1	(unique, 0x2800, 2)		(unique, 0x2900, 1)
instruction	CODE:25d4	CODE:25db	MOVX @DPTR,A	2	write	EXTMEM	1	(unique, 0x2800, 2)		(unique, 0x2900, 1)
instruction	CODE:25d4	CODE:25e1	MOVX A,@DPTR	1	read	EXTMEM	1	(unique, 0x2800, 2)		
instruction	unassigned	CODE:2602	LCALL 0xa356	4	write	INTMEM	1	(register, 0x40, 1)		(unique, 0xb400, 1)
instruction	unassigned	CODE:2602	LCALL 0xa356	6	write	INTMEM	1	(register, 0x40, 1)		(unique, 0x1200, 1)
instruction	unassigned	CODE:260a	LCALL 0x9340	4	write	INTMEM	1	(register, 0x40, 1)		(unique, 0xb400, 1)
instruction	unassigned	CODE:260a	LCALL 0x9340	6	write	INTMEM	1	(register, 0x40, 1)		(unique, 0x1200, 1)
instruction	unassigned	CODE:260d	LCALL 0xa709	4	write	INTMEM	1	(register, 0x40, 1)		(unique, 0xb400, 1)
instruction	unassigned	CODE:260d	LCALL 0xa709	6	write	INTMEM	1	(register, 0x40, 1)		(unique, 0x1200, 1)
instruction	unassigned	CODE:2610	LCALL 0xa545	4	write	INTMEM	1	(register, 0x40, 1)		(unique, 0xb400, 1)
instruction	unassigned	CODE:2610	LCALL 0xa545	6	write	INTMEM	1	(register, 0x40, 1)		(unique, 0x1200, 1)
instruction	unassigned	CODE:2613	LCALL 0x2796	4	write	INTMEM	1	(register, 0x40, 1)		(unique, 0xb400, 1)
instruction	unassigned	CODE:2613	LCALL 0x2796	6	write	INTMEM	1	(register, 0x40, 1)		(unique, 0x1200, 1)
instruction	unassigned	CODE:2618	LCALL 0x27a9	4	write	INTMEM	1	(register, 0x40, 1)		(unique, 0xb400, 1)
instruction	unassigned	CODE:2618	LCALL 0x27a9	6	write	INTMEM	1	(register, 0x40, 1)		(unique, 0x1200, 1)
instruction	unassigned	CODE:2620	MOVX A,@DPTR	1	read	EXTMEM	1	(unique, 0x2800, 2)		
instruction	unassigned	CODE:262c	LCALL 0x7616	4	write	INTMEM	1	(register, 0x40, 1)		(unique, 0xb400, 1)
instruction	unassigned	CODE:262c	LCALL 0x7616	6	write	INTMEM	1	(register, 0x40, 1)		(unique, 0x1200, 1)
instruction	unassigned	CODE:262f	LCALL 0xa809	4	write	INTMEM	1	(register, 0x40, 1)		(unique, 0xb400, 1)
instruction	unassigned	CODE:262f	LCALL 0xa809	6	write	INTMEM	1	(register, 0x40, 1)		(unique, 0x1200, 1)
instruction	unassigned	CODE:2632	LCALL 0xa356	4	write	INTMEM	1	(register, 0x40, 1)		(unique, 0xb400, 1)
instruction	unassigned	CODE:2632	LCALL 0xa356	6	write	INTMEM	1	(register, 0x40, 1)		(unique, 0x1200, 1)
instruction	unassigned	CODE:263a	LCALL 0xa01e	4	write	INTMEM	1	(register, 0x40, 1)		(unique, 0xb400, 1)
instruction	unassigned	CODE:263a	LCALL 0xa01e	6	write	INTMEM	1	(register, 0x40, 1)		(unique, 0x1200, 1)
instruction	unassigned	CODE:2640	MOVX A,@DPTR	1	read	EXTMEM	1	(unique, 0x2800, 2)		
instruction	unassigned	CODE:2651	LCALL 0xa80c	4	write	INTMEM	1	(register, 0x40, 1)		(unique, 0xb400, 1)
instruction	unassigned	CODE:2651	LCALL 0xa80c	6	write	INTMEM	1	(register, 0x40, 1)		(unique, 0x1200, 1)
instruction	unassigned	CODE:2656	LCALL 0x9ba3	4	write	INTMEM	1	(register, 0x40, 1)		(unique, 0xb400, 1)
instruction	unassigned	CODE:2656	LCALL 0x9ba3	6	write	INTMEM	1	(register, 0x40, 1)		(unique, 0x1200, 1)
instruction	unassigned	CODE:265b	MOV A,@R0	0	read	INTMEM	1	(register, 0x0, 1)		
instruction	unassigned	CODE:2662	LCALL 0xa01e	4	write	INTMEM	1	(register, 0x40, 1)		(unique, 0xb400, 1)
instruction	unassigned	CODE:2662	LCALL 0xa01e	6	write	INTMEM	1	(register, 0x40, 1)		(unique, 0x1200, 1)
instruction	unassigned	CODE:2665	LCALL 0xa595	4	write	INTMEM	1	(register, 0x40, 1)		(unique, 0xb400, 1)
instruction	unassigned	CODE:2665	LCALL 0xa595	6	write	INTMEM	1	(register, 0x40, 1)		(unique, 0x1200, 1)
instruction	unassigned	CODE:2670	LCALL 0xa71b	4	write	INTMEM	1	(register, 0x40, 1)		(unique, 0xb400, 1)
instruction	unassigned	CODE:2670	LCALL 0xa71b	6	write	INTMEM	1	(register, 0x40, 1)		(unique, 0x1200, 1)
instruction	unassigned	CODE:2677	LCALL 0xa545	4	write	INTMEM	1	(register, 0x40, 1)		(unique, 0xb400, 1)
instruction	unassigned	CODE:2677	LCALL 0xa545	6	write	INTMEM	1	(register, 0x40, 1)		(unique, 0x1200, 1)
instruction	unassigned	CODE:267a	LCALL 0x678e	4	write	INTMEM	1	(register, 0x40, 1)		(unique, 0xb400, 1)
instruction	unassigned	CODE:267a	LCALL 0x678e	6	write	INTMEM	1	(register, 0x40, 1)		(unique, 0x1200, 1)
instruction	unassigned	CODE:267f	LCALL 0x7616	4	write	INTMEM	1	(register, 0x40, 1)		(unique, 0xb400, 1)
instruction	unassigned	CODE:267f	LCALL 0x7616	6	write	INTMEM	1	(register, 0x40, 1)		(unique, 0x1200, 1)
instruction	unassigned	CODE:2682	LCALL 0xa595	4	write	INTMEM	1	(register, 0x40, 1)		(unique, 0xb400, 1)
instruction	unassigned	CODE:2682	LCALL 0xa595	6	write	INTMEM	1	(register, 0x40, 1)		(unique, 0x1200, 1)
instruction	unassigned	CODE:268b	LCALL 0xa806	4	write	INTMEM	1	(register, 0x40, 1)		(unique, 0xb400, 1)
instruction	unassigned	CODE:268b	LCALL 0xa806	6	write	INTMEM	1	(register, 0x40, 1)		(unique, 0x1200, 1)
instruction	unassigned	CODE:2691	MOVX A,@DPTR	1	read	EXTMEM	1	(unique, 0x2800, 2)		
instruction	unassigned	CODE:2695	LCALL 0x9472	4	write	INTMEM	1	(register, 0x40, 1)		(unique, 0xb400, 1)
instruction	unassigned	CODE:2695	LCALL 0x9472	6	write	INTMEM	1	(register, 0x40, 1)		(unique, 0x1200, 1)
instruction	unassigned	CODE:269a	LCALL 0xa646	4	write	INTMEM	1	(register, 0x40, 1)		(unique, 0xb400, 1)
instruction	unassigned	CODE:269a	LCALL 0xa646	6	write	INTMEM	1	(register, 0x40, 1)		(unique, 0x1200, 1)
instruction	unassigned	CODE:26a1	LCALL 0xa36c	4	write	INTMEM	1	(register, 0x40, 1)		(unique, 0xb400, 1)
instruction	unassigned	CODE:26a1	LCALL 0xa36c	6	write	INTMEM	1	(register, 0x40, 1)		(unique, 0x1200, 1)
instruction	unassigned	CODE:26a6	LCALL 0xa64d	4	write	INTMEM	1	(register, 0x40, 1)		(unique, 0xb400, 1)
instruction	unassigned	CODE:26a6	LCALL 0xa64d	6	write	INTMEM	1	(register, 0x40, 1)		(unique, 0x1200, 1)
instruction	unassigned	CODE:26ab	LCALL 0xa572	4	write	INTMEM	1	(register, 0x40, 1)		(unique, 0xb400, 1)
instruction	unassigned	CODE:26ab	LCALL 0xa572	6	write	INTMEM	1	(register, 0x40, 1)		(unique, 0x1200, 1)
instruction	unassigned	CODE:26b4	LCALL 0xa36c	4	write	INTMEM	1	(register, 0x40, 1)		(unique, 0xb400, 1)
instruction	unassigned	CODE:26b4	LCALL 0xa36c	6	write	INTMEM	1	(register, 0x40, 1)		(unique, 0x1200, 1)
instruction	unassigned	CODE:26b9	LCALL 0x9340	4	write	INTMEM	1	(register, 0x40, 1)		(unique, 0xb400, 1)
instruction	unassigned	CODE:26b9	LCALL 0x9340	6	write	INTMEM	1	(register, 0x40, 1)		(unique, 0x1200, 1)
instruction	unassigned	CODE:26be	LCALL 0xa356	4	write	INTMEM	1	(register, 0x40, 1)		(unique, 0xb400, 1)
instruction	unassigned	CODE:26be	LCALL 0xa356	6	write	INTMEM	1	(register, 0x40, 1)		(unique, 0x1200, 1)
instruction	unassigned	CODE:26c6	LCALL 0x9340	4	write	INTMEM	1	(register, 0x40, 1)		(unique, 0xb400, 1)
instruction	unassigned	CODE:26c6	LCALL 0x9340	6	write	INTMEM	1	(register, 0x40, 1)		(unique, 0x1200, 1)
instruction	unassigned	CODE:26c9	LCALL 0xa615	4	write	INTMEM	1	(register, 0x40, 1)		(unique, 0xb400, 1)
instruction	unassigned	CODE:26c9	LCALL 0xa615	6	write	INTMEM	1	(register, 0x40, 1)		(unique, 0x1200, 1)
instruction	unassigned	CODE:26cc	LCALL 0xa40d	4	write	INTMEM	1	(register, 0x40, 1)		(unique, 0xb400, 1)
instruction	unassigned	CODE:26cc	LCALL 0xa40d	6	write	INTMEM	1	(register, 0x40, 1)		(unique, 0x1200, 1)
instruction	unassigned	CODE:26cf	LCALL 0xa781	4	write	INTMEM	1	(register, 0x40, 1)		(unique, 0xb400, 1)
instruction	unassigned	CODE:26cf	LCALL 0xa781	6	write	INTMEM	1	(register, 0x40, 1)		(unique, 0x1200, 1)
instruction	unassigned	CODE:26d2	LCALL 0x2796	4	write	INTMEM	1	(register, 0x40, 1)		(unique, 0xb400, 1)
instruction	unassigned	CODE:26d2	LCALL 0x2796	6	write	INTMEM	1	(register, 0x40, 1)		(unique, 0x1200, 1)
instruction	unassigned	CODE:26d7	LCALL 0x27a9	4	write	INTMEM	1	(register, 0x40, 1)		(unique, 0xb400, 1)
instruction	unassigned	CODE:26d7	LCALL 0x27a9	6	write	INTMEM	1	(register, 0x40, 1)		(unique, 0x1200, 1)
instruction	unassigned	CODE:26dc	LCALL 0xa01e	4	write	INTMEM	1	(register, 0x40, 1)		(unique, 0xb400, 1)
instruction	unassigned	CODE:26dc	LCALL 0xa01e	6	write	INTMEM	1	(register, 0x40, 1)		(unique, 0x1200, 1)
instruction	unassigned	CODE:26e2	MOVX A,@DPTR	1	read	EXTMEM	1	(unique, 0x2800, 2)		
instruction	unassigned	CODE:26f5	LCALL 0x9ba3	4	write	INTMEM	1	(register, 0x40, 1)		(unique, 0xb400, 1)
instruction	unassigned	CODE:26f5	LCALL 0x9ba3	6	write	INTMEM	1	(register, 0x40, 1)		(unique, 0x1200, 1)
instruction	unassigned	CODE:26fc	LCALL 0xa638	4	write	INTMEM	1	(register, 0x40, 1)		(unique, 0xb400, 1)
instruction	unassigned	CODE:26fc	LCALL 0xa638	6	write	INTMEM	1	(register, 0x40, 1)		(unique, 0x1200, 1)
instruction	unassigned	CODE:2701	MOV A,@R0	0	read	INTMEM	1	(register, 0x0, 1)		
instruction	unassigned	CODE:2708	LCALL 0xa01e	4	write	INTMEM	1	(register, 0x40, 1)		(unique, 0xb400, 1)
instruction	unassigned	CODE:2708	LCALL 0xa01e	6	write	INTMEM	1	(register, 0x40, 1)		(unique, 0x1200, 1)
instruction	unassigned	CODE:270d	LCALL 0xa64d	4	write	INTMEM	1	(register, 0x40, 1)		(unique, 0xb400, 1)
instruction	unassigned	CODE:270d	LCALL 0xa64d	6	write	INTMEM	1	(register, 0x40, 1)		(unique, 0x1200, 1)
instruction	unassigned	CODE:2712	LCALL 0xa40d	4	write	INTMEM	1	(register, 0x40, 1)		(unique, 0xb400, 1)
instruction	unassigned	CODE:2712	LCALL 0xa40d	6	write	INTMEM	1	(register, 0x40, 1)		(unique, 0x1200, 1)
instruction	unassigned	CODE:2718	MOVX A,@DPTR	1	read	EXTMEM	1	(unique, 0x2800, 2)		
instruction	unassigned	CODE:271e	LCALL 0x9115	4	write	INTMEM	1	(register, 0x40, 1)		(unique, 0xb400, 1)
instruction	unassigned	CODE:271e	LCALL 0x9115	6	write	INTMEM	1	(register, 0x40, 1)		(unique, 0x1200, 1)
instruction	unassigned	CODE:2723	LCALL 0x7616	4	write	INTMEM	1	(register, 0x40, 1)		(unique, 0xb400, 1)
instruction	unassigned	CODE:2723	LCALL 0x7616	6	write	INTMEM	1	(register, 0x40, 1)		(unique, 0x1200, 1)
instruction	unassigned	CODE:2728	LCALL 0xa63f	4	write	INTMEM	1	(register, 0x40, 1)		(unique, 0xb400, 1)
instruction	unassigned	CODE:2728	LCALL 0xa63f	6	write	INTMEM	1	(register, 0x40, 1)		(unique, 0x1200, 1)
instruction	unassigned	CODE:272d	LCALL 0x678e	4	write	INTMEM	1	(register, 0x40, 1)		(unique, 0xb400, 1)
instruction	unassigned	CODE:272d	LCALL 0x678e	6	write	INTMEM	1	(register, 0x40, 1)		(unique, 0x1200, 1)
instruction	unassigned	CODE:2732	LCALL 0x7616	4	write	INTMEM	1	(register, 0x40, 1)		(unique, 0xb400, 1)
instruction	unassigned	CODE:2732	LCALL 0x7616	6	write	INTMEM	1	(register, 0x40, 1)		(unique, 0x1200, 1)
instruction	unassigned	CODE:2738	MOVX A,@DPTR	1	read	EXTMEM	1	(unique, 0x2800, 2)		
instruction	unassigned	CODE:2741	MOVX @DPTR,A	2	write	EXTMEM	1	(unique, 0x2800, 2)		(unique, 0x2900, 1)
instruction	unassigned	CODE:2744	LCALL 0xa800	4	write	INTMEM	1	(register, 0x40, 1)		(unique, 0xb400, 1)
instruction	unassigned	CODE:2744	LCALL 0xa800	6	write	INTMEM	1	(register, 0x40, 1)		(unique, 0x1200, 1)
instruction	unassigned	CODE:2749	MOV A,@R0	0	read	INTMEM	1	(register, 0x0, 1)		
instruction	unassigned	CODE:2750	LCALL 0xa71b	4	write	INTMEM	1	(register, 0x40, 1)		(unique, 0xb400, 1)
instruction	unassigned	CODE:2750	LCALL 0xa71b	6	write	INTMEM	1	(register, 0x40, 1)		(unique, 0x1200, 1)
instruction	unassigned	CODE:2759	LCALL 0x87aa	4	write	INTMEM	1	(register, 0x40, 1)		(unique, 0xb400, 1)
instruction	unassigned	CODE:2759	LCALL 0x87aa	6	write	INTMEM	1	(register, 0x40, 1)		(unique, 0x1200, 1)
instruction	unassigned	CODE:2762	LCALL 0x90d1	4	write	INTMEM	1	(register, 0x40, 1)		(unique, 0xb400, 1)
instruction	unassigned	CODE:2762	LCALL 0x90d1	6	write	INTMEM	1	(register, 0x40, 1)		(unique, 0x1200, 1)
instruction	unassigned	CODE:2767	LCALL 0x9ec9	4	write	INTMEM	1	(register, 0x40, 1)		(unique, 0xb400, 1)
instruction	unassigned	CODE:2767	LCALL 0x9ec9	6	write	INTMEM	1	(register, 0x40, 1)		(unique, 0x1200, 1)
instruction	unassigned	CODE:276a	LCALL 0xa335	4	write	INTMEM	1	(register, 0x40, 1)		(unique, 0xb400, 1)
instruction	unassigned	CODE:276a	LCALL 0xa335	6	write	INTMEM	1	(register, 0x40, 1)		(unique, 0x1200, 1)
instruction	unassigned	CODE:2771	LCALL 0x7616	4	write	INTMEM	1	(register, 0x40, 1)		(unique, 0xb400, 1)
instruction	unassigned	CODE:2771	LCALL 0x7616	6	write	INTMEM	1	(register, 0x40, 1)		(unique, 0x1200, 1)
instruction	unassigned	CODE:2774	LCALL 0xa803	4	write	INTMEM	1	(register, 0x40, 1)		(unique, 0xb400, 1)
instruction	unassigned	CODE:2774	LCALL 0xa803	6	write	INTMEM	1	(register, 0x40, 1)		(unique, 0x1200, 1)
instruction	unassigned	CODE:2779	LCALL 0xa809	4	write	INTMEM	1	(register, 0x40, 1)		(unique, 0xb400, 1)
instruction	unassigned	CODE:2779	LCALL 0xa809	6	write	INTMEM	1	(register, 0x40, 1)		(unique, 0x1200, 1)
instruction	unassigned	CODE:277c	LCALL 0x9ee9	4	write	INTMEM	1	(register, 0x40, 1)		(unique, 0xb400, 1)
instruction	unassigned	CODE:277c	LCALL 0x9ee9	6	write	INTMEM	1	(register, 0x40, 1)		(unique, 0x1200, 1)
instruction	unassigned	CODE:2787	LCALL 0xa01e	4	write	INTMEM	1	(register, 0x40, 1)		(unique, 0xb400, 1)
instruction	unassigned	CODE:2787	LCALL 0xa01e	6	write	INTMEM	1	(register, 0x40, 1)		(unique, 0x1200, 1)
instruction	unassigned	CODE:278a	LCALL 0xa421	4	write	INTMEM	1	(register, 0x40, 1)		(unique, 0xb400, 1)
instruction	unassigned	CODE:278a	LCALL 0xa421	6	write	INTMEM	1	(register, 0x40, 1)		(unique, 0x1200, 1)
instruction	CODE:25d4	CODE:2790	MOVX A,@DPTR	1	read	EXTMEM	1	(unique, 0x2800, 2)		
instruction	CODE:25d4	CODE:2792	LCALL 0xa6f1	4	write	INTMEM	1	(register, 0x40, 1)		(unique, 0xb400, 1)
instruction	CODE:25d4	CODE:2792	LCALL 0xa6f1	6	write	INTMEM	1	(register, 0x40, 1)		(unique, 0x1200, 1)
instruction	CODE:25d4	CODE:2795	RET	1	read	INTMEM	1	(register, 0x40, 1)		
instruction	CODE:25d4	CODE:2795	RET	3	read	INTMEM	1	(register, 0x40, 1)		
instruction	CODE:2796	CODE:2798	LCALL 0xa36c	4	write	INTMEM	1	(register, 0x40, 1)		(unique, 0xb400, 1)
instruction	CODE:2796	CODE:2798	LCALL 0xa36c	6	write	INTMEM	1	(register, 0x40, 1)		(unique, 0x1200, 1)
instruction	CODE:2796	CODE:279b	LCALL 0x8229	4	write	INTMEM	1	(register, 0x40, 1)		(unique, 0xb400, 1)
instruction	CODE:2796	CODE:279b	LCALL 0x8229	6	write	INTMEM	1	(register, 0x40, 1)		(unique, 0x1200, 1)
instruction	CODE:2796	CODE:279e	LCALL 0x98dc	4	write	INTMEM	1	(register, 0x40, 1)		(unique, 0xb400, 1)
instruction	CODE:2796	CODE:279e	LCALL 0x98dc	6	write	INTMEM	1	(register, 0x40, 1)		(unique, 0x1200, 1)
instruction	CODE:2796	CODE:27a4	MOVX A,@DPTR	1	read	EXTMEM	1	(unique, 0x2800, 2)		
instruction	CODE:2796	CODE:27a8	RET	1	read	INTMEM	1	(register, 0x40, 1)		
instruction	CODE:2796	CODE:27a8	RET	3	read	INTMEM	1	(register, 0x40, 1)		
instruction	CODE:27a9	CODE:27ab	LCALL 0x7616	4	write	INTMEM	1	(register, 0x40, 1)		(unique, 0xb400, 1)
instruction	CODE:27a9	CODE:27ab	LCALL 0x7616	6	write	INTMEM	1	(register, 0x40, 1)		(unique, 0x1200, 1)
instruction	CODE:27a9	CODE:27ae	LCALL 0xa803	4	write	INTMEM	1	(register, 0x40, 1)		(unique, 0xb400, 1)
instruction	CODE:27a9	CODE:27ae	LCALL 0xa803	6	write	INTMEM	1	(register, 0x40, 1)		(unique, 0x1200, 1)
instruction	CODE:27a9	CODE:27b1	RET	1	read	INTMEM	1	(register, 0x40, 1)		
instruction	CODE:27a9	CODE:27b1	RET	3	read	INTMEM	1	(register, 0x40, 1)		
instruction	CODE:27b2	CODE:27b2	LCALL 0xa377	4	write	INTMEM	1	(register, 0x40, 1)		(unique, 0xb400, 1)
instruction	CODE:27b2	CODE:27b2	LCALL 0xa377	6	write	INTMEM	1	(register, 0x40, 1)		(unique, 0x1200, 1)
instruction	CODE:27b2	CODE:27b5	LCALL 0x33b9	4	write	INTMEM	1	(register, 0x40, 1)		(unique, 0xb400, 1)
instruction	CODE:27b2	CODE:27b5	LCALL 0x33b9	6	write	INTMEM	1	(register, 0x40, 1)		(unique, 0x1200, 1)
instruction	CODE:27b2	CODE:27bc	LCALL 0xa9ae	4	write	INTMEM	1	(register, 0x40, 1)		(unique, 0xb400, 1)
instruction	CODE:27b2	CODE:27bc	LCALL 0xa9ae	6	write	INTMEM	1	(register, 0x40, 1)		(unique, 0x1200, 1)
instruction	CODE:27b2	CODE:27c3	LCALL 0xa9ae	4	write	INTMEM	1	(register, 0x40, 1)		(unique, 0xb400, 1)
instruction	CODE:27b2	CODE:27c3	LCALL 0xa9ae	6	write	INTMEM	1	(register, 0x40, 1)		(unique, 0x1200, 1)
instruction	CODE:27b2	CODE:27ca	LCALL 0xa9ae	4	write	INTMEM	1	(register, 0x40, 1)		(unique, 0xb400, 1)
instruction	CODE:27b2	CODE:27ca	LCALL 0xa9ae	6	write	INTMEM	1	(register, 0x40, 1)		(unique, 0x1200, 1)
instruction	CODE:27b2	CODE:27d1	LCALL 0xa9ae	4	write	INTMEM	1	(register, 0x40, 1)		(unique, 0xb400, 1)
instruction	CODE:27b2	CODE:27d1	LCALL 0xa9ae	6	write	INTMEM	1	(register, 0x40, 1)		(unique, 0x1200, 1)
instruction	CODE:27b2	CODE:27d6	LCALL 0xa623	4	write	INTMEM	1	(register, 0x40, 1)		(unique, 0xb400, 1)
instruction	CODE:27b2	CODE:27d6	LCALL 0xa623	6	write	INTMEM	1	(register, 0x40, 1)		(unique, 0x1200, 1)
instruction	CODE:27b2	CODE:27d9	LCALL 0x33d6	4	write	INTMEM	1	(register, 0x40, 1)		(unique, 0xb400, 1)
instruction	CODE:27b2	CODE:27d9	LCALL 0x33d6	6	write	INTMEM	1	(register, 0x40, 1)		(unique, 0x1200, 1)
instruction	CODE:27b2	CODE:27e2	LCALL 0xab68	4	write	INTMEM	1	(register, 0x40, 1)		(unique, 0xb400, 1)
instruction	CODE:27b2	CODE:27e2	LCALL 0xab68	6	write	INTMEM	1	(register, 0x40, 1)		(unique, 0x1200, 1)
instruction	CODE:27b2	CODE:27e7	LCALL 0xa61c	4	write	INTMEM	1	(register, 0x40, 1)		(unique, 0xb400, 1)
instruction	CODE:27b2	CODE:27e7	LCALL 0xa61c	6	write	INTMEM	1	(register, 0x40, 1)		(unique, 0x1200, 1)
instruction	CODE:27b2	CODE:27ea	LCALL 0x33d6	4	write	INTMEM	1	(register, 0x40, 1)		(unique, 0xb400, 1)
instruction	CODE:27b2	CODE:27ea	LCALL 0x33d6	6	write	INTMEM	1	(register, 0x40, 1)		(unique, 0x1200, 1)
instruction	CODE:27b2	CODE:27f3	LCALL 0xab68	4	write	INTMEM	1	(register, 0x40, 1)		(unique, 0xb400, 1)
instruction	CODE:27b2	CODE:27f3	LCALL 0xab68	6	write	INTMEM	1	(register, 0x40, 1)		(unique, 0x1200, 1)
instruction	CODE:27b2	CODE:27f8	MOV A,@R0	0	read	INTMEM	1	(register, 0x0, 1)		
instruction	CODE:27b2	CODE:27fc	MOVC A,@A+DPTR	2	read	CODE	1	(unique, 0x2400, 2)		
instruction	CODE:27b2	CODE:27ff	RET	1	read	INTMEM	1	(register, 0x40, 1)		
instruction	CODE:27b2	CODE:27ff	RET	3	read	INTMEM	1	(register, 0x40, 1)		
instruction	CODE:2800	CODE:2804	MOVX @DPTR,A	2	write	EXTMEM	1	(unique, 0x2800, 2)		(unique, 0x2900, 1)
instruction	CODE:2800	CODE:2807	MOVX @DPTR,A	2	write	EXTMEM	1	(unique, 0x2800, 2)		(unique, 0x2900, 1)
instruction	CODE:2800	CODE:280a	MOVX @DPTR,A	2	write	EXTMEM	1	(unique, 0x2800, 2)		(unique, 0x2900, 1)
instruction	CODE:2800	CODE:280d	MOVX @DPTR,A	2	write	EXTMEM	1	(unique, 0x2800, 2)		(unique, 0x2900, 1)
instruction	CODE:2800	CODE:2810	MOVX @DPTR,A	2	write	EXTMEM	1	(unique, 0x2800, 2)		(unique, 0x2900, 1)
instruction	CODE:2800	CODE:2811	LCALL 0x9d61	4	write	INTMEM	1	(register, 0x40, 1)		(unique, 0xb400, 1)
instruction	CODE:2800	CODE:2811	LCALL 0x9d61	6	write	INTMEM	1	(register, 0x40, 1)		(unique, 0x1200, 1)
instruction	CODE:2800	CODE:2817	LCALL 0xae2a	4	write	INTMEM	1	(register, 0x40, 1)		(unique, 0xb400, 1)
instruction	CODE:2800	CODE:2817	LCALL 0xae2a	6	write	INTMEM	1	(register, 0x40, 1)		(unique, 0x1200, 1)
instruction	CODE:2800	CODE:281a	LCALL 0xa934	4	write	INTMEM	1	(register, 0x40, 1)		(unique, 0xb400, 1)
instruction	CODE:2800	CODE:281a	LCALL 0xa934	6	write	INTMEM	1	(register, 0x40, 1)		(unique, 0x1200, 1)
instruction	CODE:2800	CODE:2820	MOVX @DPTR,A	2	write	EXTMEM	1	(unique, 0x2800, 2)		(unique, 0x2900, 1)
instruction	CODE:2800	CODE:2821	LCALL 0xa335	4	write	INTMEM	1	(register, 0x40, 1)		(unique, 0xb400, 1)
instruction	CODE:2800	CODE:2821	LCALL 0xa335	6	write	INTMEM	1	(register, 0x40, 1)		(unique, 0x1200, 1)
instruction	CODE:2800	CODE:2826	LCALL 0x44e9	4	write	INTMEM	1	(register, 0x40, 1)		(unique, 0xb400, 1)
instruction	CODE:2800	CODE:2826	LCALL 0x44e9	6	write	INTMEM	1	(register, 0x40, 1)		(unique, 0x1200, 1)
instruction	CODE:2800	CODE:2829	MOVX A,@DPTR	1	read	EXTMEM	1	(unique, 0x2800, 2)		
instruction	CODE:2800	CODE:283e	LCALL 0x448e	4	write	INTMEM	1	(register, 0x40, 1)		(unique, 0xb400, 1)
instruction	CODE:2800	CODE:283e	LCALL 0x448e	6	write	INTMEM	1	(register, 0x40, 1)		(unique, 0x1200, 1)
instruction	CODE:2800	CODE:2844	MOVX A,@DPTR	1	read	EXTMEM	1	(unique, 0x2800, 2)		
instruction	CODE:2800	CODE:2847	MOVX A,@DPTR	1	read	EXTMEM	1	(unique, 0x2800, 2)		
instruction	CODE:2800	CODE:284c	LCALL 0x4503	4	write	INTMEM	1	(register, 0x40, 1)		(unique, 0xb400, 1)
instruction	CODE:2800	CODE:284c	LCALL 0x4503	6	write	INTMEM	1	(register, 0x40, 1)		(unique, 0x1200, 1)
instruction	CODE:2800	CODE:2857	MOVX A,@DPTR	1	read	EXTMEM	1	(unique, 0x2800, 2)		
instruction	CODE:2800	CODE:285a	MOVX @DPTR,A	2	write	EXTMEM	1	(unique, 0x2800, 2)		(unique, 0x2900, 1)
instruction	CODE:2800	CODE:285d	LCALL 0x44b1	4	write	INTMEM	1	(register, 0x40, 1)		(unique, 0xb400, 1)
instruction	CODE:2800	CODE:285d	LCALL 0x44b1	6	write	INTMEM	1	(register, 0x40, 1)		(unique, 0x1200, 1)
instruction	CODE:2800	CODE:2865	MOVX A,@DPTR	1	read	EXTMEM	1	(unique, 0x2800, 2)		
instruction	CODE:2800	CODE:2868	MOVX @DPTR,A	2	write	EXTMEM	1	(unique, 0x2800, 2)		(unique, 0x2900, 1)
instruction	CODE:2800	CODE:286c	LCALL 0x4503	4	write	INTMEM	1	(register, 0x40, 1)		(unique, 0xb400, 1)
instruction	CODE:2800	CODE:286c	LCALL 0x4503	6	write	INTMEM	1	(register, 0x40, 1)		(unique, 0x1200, 1)
instruction	CODE:2800	CODE:2875	MOVX A,@DPTR	1	read	EXTMEM	1	(unique, 0x2800, 2)		
instruction	CODE:2800	CODE:2878	MOVX @DPTR,A	2	write	EXTMEM	1	(unique, 0x2800, 2)		(unique, 0x2900, 1)
instruction	CODE:2800	CODE:287b	LCALL 0x44b1	4	write	INTMEM	1	(register, 0x40, 1)		(unique, 0xb400, 1)
instruction	CODE:2800	CODE:287b	LCALL 0x44b1	6	write	INTMEM	1	(register, 0x40, 1)		(unique, 0x1200, 1)
instruction	CODE:2800	CODE:2885	MOVX A,@DPTR	1	read	EXTMEM	1	(unique, 0x2800, 2)		
instruction	CODE:2800	CODE:2888	MOVX @DPTR,A	2	write	EXTMEM	1	(unique, 0x2800, 2)		(unique, 0x2900, 1)
instruction	CODE:2800	CODE:288b	LCALL 0x4468	4	write	INTMEM	1	(register, 0x40, 1)		(unique, 0xb400, 1)
instruction	CODE:2800	CODE:288b	LCALL 0x4468	6	write	INTMEM	1	(register, 0x40, 1)		(unique, 0x1200, 1)
instruction	CODE:2800	CODE:2898	MOVX A,@DPTR	1	read	EXTMEM	1	(unique, 0x2800, 2)		
instruction	CODE:2800	CODE:289b	MOVX A,@DPTR	1	read	EXTMEM	1	(unique, 0x2800, 2)		
instruction	CODE:2800	CODE:28a6	MOVX @DPTR,A	2	write	EXTMEM	1	(unique, 0x2800, 2)		(unique, 0x2900, 1)
instruction	CODE:2800	CODE:28a7	LCALL 0x9719	4	write	INTMEM	1	(register, 0x40, 1)		(unique, 0xb400, 1)
instruction	CODE:2800	CODE:28a7	LCALL 0x9719	6	write	INTMEM	1	(register, 0x40, 1)		(unique, 0x1200, 1)
instruction	CODE:2800	CODE:28ad	MOVX @DPTR,A	2	write	EXTMEM	1	(unique, 0x2800, 2)		(unique, 0x2900, 1)
instruction	CODE:2800	CODE:28b0	LCALL 0x4468	4	write	INTMEM	1	(register, 0x40, 1)		(unique, 0xb400, 1)
instruction	CODE:2800	CODE:28b0	LCALL 0x4468	6	write	INTMEM	1	(register, 0x40, 1)		(unique, 0x1200, 1)
instruction	CODE:2800	CODE:28bc	MOVX A,@DPTR	1	read	EXTMEM	1	(unique, 0x2800, 2)		
instruction	CODE:2800	CODE:28bf	MOVX A,@DPTR	1	read	EXTMEM	1	(unique, 0x2800, 2)		
instruction	CODE:2800	CODE:28cb	MOVX @DPTR,A	2	write	EXTMEM	1	(unique, 0x2800, 2)		(unique, 0x2900, 1)
instruction	CODE:2800	CODE:28cc	LCALL 0x9719	4	write	INTMEM	1	(register, 0x40, 1)		(unique, 0xb400, 1)
instruction	CODE:2800	CODE:28cc	LCALL 0x9719	6	write	INTMEM	1	(register, 0x40, 1)		(unique, 0x1200, 1)
instruction	CODE:2800	CODE:28d2	MOVX @DPTR,A	2	write	EXTMEM	1	(unique, 0x2800, 2)		(unique, 0x2900, 1)
instruction	CODE:2800	CODE:28d5	LCALL 0x4468	4	write	INTMEM	1	(register, 0x40, 1)		(unique, 0xb400, 1)
instruction	CODE:2800	CODE:28d5	LCALL 0x4468	6	write	INTMEM	1	(register, 0x40, 1)		(unique, 0x1200, 1)
instruction	CODE:2800	CODE:28d9	LCALL 0x451a	4	write	INTMEM	1	(register, 0x40, 1)		(unique, 0xb400, 1)
instruction	CODE:2800	CODE:28d9	LCALL 0x451a	6	write	INTMEM	1	(register, 0x40, 1)		(unique, 0x1200, 1)
instruction	CODE:2800	CODE:28e7	MOVX A,@DPTR	1	read	EXTMEM	1	(unique, 0x2800, 2)		
instruction	CODE:2800	CODE:28ea	MOVX A,@DPTR	1	read	EXTMEM	1	(unique, 0x2800, 2)		
instruction	CODE:2800	CODE:28fe	MOVX @DPTR,A	2	write	EXTMEM	1	(unique, 0x2800, 2)		(unique, 0x2900, 1)
instruction	CODE:2800	CODE:28ff	LCALL 0x4468	4	write	INTMEM	1	(register, 0x40, 1)		(unique, 0xb400, 1)
instruction	CODE:2800	CODE:28ff	LCALL 0x4468	6	write	INTMEM	1	(register, 0x40, 1)		(unique, 0x1200, 1)
instruction	CODE:2800	CODE:2903	LCALL 0x9719	4	write	INTMEM	1	(register, 0x40, 1)		(unique, 0xb400, 1)
instruction	CODE:2800	CODE:2903	LCALL 0x9719	6	write	INTMEM	1	(register, 0x40, 1)		(unique, 0x1200, 1)
instruction	CODE:2800	CODE:290c	MOVX @DPTR,A	2	write	EXTMEM	1	(unique, 0x2800, 2)		(unique, 0x2900, 1)
instruction	CODE:2800	CODE:2912	LCALL 0xadf3	4	write	INTMEM	1	(register, 0x40, 1)		(unique, 0xb400, 1)
instruction	CODE:2800	CODE:2912	LCALL 0xadf3	6	write	INTMEM	1	(register, 0x40, 1)		(unique, 0x1200, 1)
instruction	CODE:2a5b	CODE:2a62	LCALL 0x1d2a	4	write	INTMEM	1	(register, 0x40, 1)		(unique, 0xb400, 1)
instruction	CODE:2a5b	CODE:2a62	LCALL 0x1d2a	6	write	INTMEM	1	(register, 0x40, 1)		(unique, 0x1200, 1)
instruction	CODE:2a5b	CODE:2a67	MOVX @DPTR,A	2	write	EXTMEM	1	(unique, 0x2800, 2)		(unique, 0x2900, 1)
instruction	CODE:2a5b	CODE:2a6a	MOV A,@R0	0	read	INTMEM	1	(register, 0x0, 1)		
instruction	CODE:2a5b	CODE:2a6c	ORL A,@R0	0	read	INTMEM	1	(register, 0x0, 1)		
instruction	CODE:2a5b	CODE:2a72	MOV A,@R0	0	read	INTMEM	1	(register, 0x0, 1)		
instruction	CODE:2a5b	CODE:2a79	LCALL 0x1d2a	4	write	INTMEM	1	(register, 0x40, 1)		(unique, 0xb400, 1)
instruction	CODE:2a5b	CODE:2a79	LCALL 0x1d2a	6	write	INTMEM	1	(register, 0x40, 1)		(unique, 0x1200, 1)
instruction	CODE:2a5b	CODE:2a7d	MOVX @DPTR,A	2	write	EXTMEM	1	(unique, 0x2800, 2)		(unique, 0x2900, 1)
instruction	CODE:2a5b	CODE:2a80	MOV A,@R0	0	read	INTMEM	1	(register, 0x0, 1)		
instruction	CODE:2a5b	CODE:2a87	LCALL 0x1d2a	4	write	INTMEM	1	(register, 0x40, 1)		(unique, 0xb400, 1)
instruction	CODE:2a5b	CODE:2a87	LCALL 0x1d2a	6	write	INTMEM	1	(register, 0x40, 1)		(unique, 0x1200, 1)
instruction	CODE:2a5b	CODE:2a8b	MOVX @DPTR,A	2	write	EXTMEM	1	(unique, 0x2800, 2)		(unique, 0x2900, 1)
instruction	CODE:2a5b	CODE:2a8e	MOV A,@R0	0	read	INTMEM	1	(register, 0x0, 1)		
instruction	CODE:2a5b	CODE:2a9a	LCALL 0x1d2a	4	write	INTMEM	1	(register, 0x40, 1)		(unique, 0xb400, 1)
instruction	CODE:2a5b	CODE:2a9a	LCALL 0x1d2a	6	write	INTMEM	1	(register, 0x40, 1)		(unique, 0x1200, 1)
instruction	CODE:2a5b	CODE:2a9e	MOVX @DPTR,A	2	write	EXTMEM	1	(unique, 0x2800, 2)		(unique, 0x2900, 1)
instruction	CODE:2a5b	CODE:2aa4	LCALL 0x1d2a	4	write	INTMEM	1	(register, 0x40, 1)		(unique, 0xb400, 1)
instruction	CODE:2a5b	CODE:2aa4	LCALL 0x1d2a	6	write	INTMEM	1	(register, 0x40, 1)		(unique, 0x1200, 1)
instruction	CODE:2a5b	CODE:2aa8	MOVX @DPTR,A	2	write	EXTMEM	1	(unique, 0x2800, 2)		(unique, 0x2900, 1)
instruction	CODE:2a5b	CODE:2aab	MOV A,@R0	0	read	INTMEM	1	(register, 0x0, 1)		
instruction	CODE:2a5b	CODE:2aae	MOV A,@R0	0	read	INTMEM	1	(register, 0x0, 1)		
instruction	CODE:2a5b	CODE:2ab5	LCALL 0x1d2a	4	write	INTMEM	1	(register, 0x40, 1)		(unique, 0xb400, 1)
instruction	CODE:2a5b	CODE:2ab5	LCALL 0x1d2a	6	write	INTMEM	1	(register, 0x40, 1)		(unique, 0x1200, 1)
instruction	CODE:2a5b	CODE:2ab9	MOVX @DPTR,A	2	write	EXTMEM	1	(unique, 0x2800, 2)		(unique, 0x2900, 1)
instruction	CODE:2a5b	CODE:2ac1	LCALL 0x1d2a	4	write	INTMEM	1	(register, 0x40, 1)		(unique, 0xb400, 1)
instruction	CODE:2a5b	CODE:2ac1	LCALL 0x1d2a	6	write	INTMEM	1	(register, 0x40, 1)		(unique, 0x1200, 1)
instruction	CODE:2a5b	CODE:2ac5	MOVX @DPTR,A	2	write	EXTMEM	1	(unique, 0x2800, 2)		(unique, 0x2900, 1)
instruction	CODE:2a5b	CODE:2ac8	MOV A,@R0	0	read	INTMEM	1	(register, 0x0, 1)		
instruction	CODE:2a5b	CODE:2acb	MOV A,@R0	0	read	INTMEM	1	(register, 0x0, 1)		
instruction	CODE:2a5b	CODE:2ad5	LCALL 0x1e1b	4	write	INTMEM	1	(register, 0x40, 1)		(unique, 0xb400, 1)
instruction	CODE:2a5b	CODE:2ad5	LCALL 0x1e1b	6	write	INTMEM	1	(register, 0x40, 1)		(unique, 0x1200, 1)
instruction	CODE:2a5b	CODE:2ad8	LCALL 0x1d2a	4	write	INTMEM	1	(register, 0x40, 1)		(unique, 0xb400, 1)
instruction	CODE:2a5b	CODE:2ad8	LCALL 0x1d2a	6	write	INTMEM	1	(register, 0x40, 1)		(unique, 0x1200, 1)
instruction	CODE:2a5b	CODE:2adc	MOVX @DPTR,A	2	write	EXTMEM	1	(unique, 0x2800, 2)		(unique, 0x2900, 1)
instruction	CODE:2a5b	CODE:2ae0	LCALL 0x1d27	4	write	INTMEM	1	(register, 0x40, 1)		(unique, 0xb400, 1)
instruction	CODE:2a5b	CODE:2ae0	LCALL 0x1d27	6	write	INTMEM	1	(register, 0x40, 1)		(unique, 0x1200, 1)
instruction	CODE:2a5b	CODE:2ae4	MOVX @DPTR,A	2	write	EXTMEM	1	(unique, 0x2800, 2)		(unique, 0x2900, 1)
instruction	CODE:2a5b	CODE:2ae7	MOV A,@R0	0	read	INTMEM	1	(register, 0x0, 1)		
instruction	CODE:2a5b	CODE:2aea	LCALL 0x1e1b	4	write	INTMEM	1	(register, 0x40, 1)		(unique, 0xb400, 1)
instruction	CODE:2a5b	CODE:2aea	LCALL 0x1e1b	6	write	INTMEM	1	(register, 0x40, 1)		(unique, 0x1200, 1)
instruction	CODE:2a5b	CODE:2aed	LCALL 0x1d2a	4	write	INTMEM	1	(register, 0x40, 1)		(unique, 0xb400, 1)
instruction	CODE:2a5b	CODE:2aed	LCALL 0x1d2a	6	write	INTMEM	1	(register, 0x40, 1)		(unique, 0x1200, 1)
instruction	CODE:2a5b	CODE:2af1	MOVX @DPTR,A	2	write	EXTMEM	1	(unique, 0x2800, 2)		(unique, 0x2900, 1)
instruction	CODE:2a5b	CODE:2af5	LCALL 0x1d27	4	write	INTMEM	1	(register, 0x40, 1)		(unique, 0xb400, 1)
instruction	CODE:2a5b	CODE:2af5	LCALL 0x1d27	6	write	INTMEM	1	(register, 0x40, 1)		(unique, 0x1200, 1)
instruction	CODE:2a5b	CODE:2af9	MOVX @DPTR,A	2	write	EXTMEM	1	(unique, 0x2800, 2)		(unique, 0x2900, 1)
instruction	CODE:2a5b	CODE:2afc	MOV A,@R0	0	read	INTMEM	1	(register, 0x0, 1)		
instruction	CODE:2a5b	CODE:2b00	MOV A,@R0	0	read	INTMEM	1	(register, 0x0, 1)		
instruction	CODE:2a5b	CODE:2b04	LCALL 0x1e1d	4	write	INTMEM	1	(register, 0x40, 1)		(unique, 0xb400, 1)
instruction	CODE:2a5b	CODE:2b04	LCALL 0x1e1d	6	write	INTMEM	1	(register, 0x40, 1)		(unique, 0x1200, 1)
instruction	CODE:2a5b	CODE:2b07	LCALL 0x1d2a	4	write	INTMEM	1	(register, 0x40, 1)		(unique, 0xb400, 1)
instruction	CODE:2a5b	CODE:2b07	LCALL 0x1d2a	6	write	INTMEM	1	(register, 0x40, 1)		(unique, 0x1200, 1)
instruction	CODE:2a5b	CODE:2b0b	MOVX @DPTR,A	2	write	EXTMEM	1	(unique, 0x2800, 2)		(unique, 0x2900, 1)
instruction	CODE:2a5b	CODE:2b0f	LCALL 0x1d27	4	write	INTMEM	1	(register, 0x40, 1)		(unique, 0xb400, 1)
instruction	CODE:2a5b	CODE:2b0f	LCALL 0x1d27	6	write	INTMEM	1	(register, 0x40, 1)		(unique, 0x1200, 1)
instruction	CODE:2a5b	CODE:2b13	MOVX @DPTR,A	2	write	EXTMEM	1	(unique, 0x2800, 2)		(unique, 0x2900, 1)
instruction	CODE:2a5b	CODE:2b16	MOV A,@R0	0	read	INTMEM	1	(register, 0x0, 1)		
instruction	CODE:2a5b	CODE:2b1b	LCALL 0x1e1d	4	write	INTMEM	1	(register, 0x40, 1)		(unique, 0xb400, 1)
instruction	CODE:2a5b	CODE:2b1b	LCALL 0x1e1d	6	write	INTMEM	1	(register, 0x40, 1)		(unique, 0x1200, 1)
instruction	CODE:2a5b	CODE:2b1e	LCALL 0x1d2a	4	write	INTMEM	1	(register, 0x40, 1)		(unique, 0xb400, 1)
instruction	CODE:2a5b	CODE:2b1e	LCALL 0x1d2a	6	write	INTMEM	1	(register, 0x40, 1)		(unique, 0x1200, 1)
instruction	CODE:2a5b	CODE:2b22	MOVX @DPTR,A	2	write	EXTMEM	1	(unique, 0x2800, 2)		(unique, 0x2900, 1)
instruction	CODE:2a5b	CODE:2b26	LCALL 0x1d27	4	write	INTMEM	1	(register, 0x40, 1)		(unique, 0xb400, 1)
instruction	CODE:2a5b	CODE:2b26	LCALL 0x1d27	6	write	INTMEM	1	(register, 0x40, 1)		(unique, 0x1200, 1)
instruction	CODE:2a5b	CODE:2b2a	MOVX @DPTR,A	2	write	EXTMEM	1	(unique, 0x2800, 2)		(unique, 0x2900, 1)
instruction	CODE:2a5b	CODE:2b2c	MOV A,@R0	0	read	INTMEM	1	(register, 0x0, 1)		
instruction	CODE:2a5b	CODE:2b31	LCALL 0x1e1d	4	write	INTMEM	1	(register, 0x40, 1)		(unique, 0xb400, 1)
instruction	CODE:2a5b	CODE:2b31	LCALL 0x1e1d	6	write	INTMEM	1	(register, 0x40, 1)		(unique, 0x1200, 1)
instruction	CODE:2a5b	CODE:2b34	LCALL 0x1d2a	4	write	INTMEM	1	(register, 0x40, 1)		(unique, 0xb400, 1)
instruction	CODE:2a5b	CODE:2b34	LCALL 0x1d2a	6	write	INTMEM	1	(register, 0x40, 1)		(unique, 0x1200, 1)
instruction	CODE:2a5b	CODE:2b38	MOVX @DPTR,A	2	write	EXTMEM	1	(unique, 0x2800, 2)		(unique, 0x2900, 1)
instruction	CODE:2a5b	CODE:2b3c	LCALL 0x1d27	4	write	INTMEM	1	(register, 0x40, 1)		(unique, 0xb400, 1)
instruction	CODE:2a5b	CODE:2b3c	LCALL 0x1d27	6	write	INTMEM	1	(register, 0x40, 1)		(unique, 0x1200, 1)
instruction	CODE:2a5b	CODE:2b40	MOVX @DPTR,A	2	write	EXTMEM	1	(unique, 0x2800, 2)		(unique, 0x2900, 1)
instruction	CODE:2a5b	CODE:2b42	MOV A,@R0	0	read	INTMEM	1	(register, 0x0, 1)		
instruction	CODE:2a5b	CODE:2b45	LCALL 0x1e1d	4	write	INTMEM	1	(register, 0x40, 1)		(unique, 0xb400, 1)
instruction	CODE:2a5b	CODE:2b45	LCALL 0x1e1d	6	write	INTMEM	1	(register, 0x40, 1)		(unique, 0x1200, 1)
instruction	CODE:2a5b	CODE:2b48	LCALL 0x1d2a	4	write	INTMEM	1	(register, 0x40, 1)		(unique, 0xb400, 1)
instruction	CODE:2a5b	CODE:2b48	LCALL 0x1d2a	6	write	INTMEM	1	(register, 0x40, 1)		(unique, 0x1200, 1)
instruction	CODE:2a5b	CODE:2b4c	MOVX @DPTR,A	2	write	EXTMEM	1	(unique, 0x2800, 2)		(unique, 0x2900, 1)
instruction	CODE:2a5b	CODE:2b50	LCALL 0x1d27	4	write	INTMEM	1	(register, 0x40, 1)		(unique, 0xb400, 1)
instruction	CODE:2a5b	CODE:2b50	LCALL 0x1d27	6	write	INTMEM	1	(register, 0x40, 1)		(unique, 0x1200, 1)
instruction	CODE:2a5b	CODE:2b54	MOVX @DPTR,A	2	write	EXTMEM	1	(unique, 0x2800, 2)		(unique, 0x2900, 1)
instruction	CODE:2a5b	CODE:2b57	MOV A,@R0	0	read	INTMEM	1	(register, 0x0, 1)		
instruction	CODE:2a5b	CODE:2b5c	LCALL 0x1d27	4	write	INTMEM	1	(register, 0x40, 1)		(unique, 0xb400, 1)
instruction	CODE:2a5b	CODE:2b5c	LCALL 0x1d27	6	write	INTMEM	1	(register, 0x40, 1)		(unique, 0x1200, 1)
instruction	CODE:2a5b	CODE:2b60	MOVX @DPTR,A	2	write	EXTMEM	1	(unique, 0x2800, 2)		(unique, 0x2900, 1)
instruction	CODE:2a5b	CODE:2b63	LCALL 0x1e86	4	write	INTMEM	1	(register, 0x40, 1)		(unique, 0xb400, 1)
instruction	CODE:2a5b	CODE:2b63	LCALL 0x1e86	6	write	INTMEM	1	(register, 0x40, 1)		(unique, 0x1200, 1)
instruction	CODE:2a5b	CODE:2b66	LCALL 0x1d27	4	write	INTMEM	1	(register, 0x40, 1)		(unique, 0xb400, 1)
instruction	CODE:2a5b	CODE:2b66	LCALL 0x1d27	6	write	INTMEM	1	(register, 0x40, 1)		(unique, 0x1200, 1)
instruction	CODE:2a5b	CODE:2b6a	MOVX @DPTR,A	2	write	EXTMEM	1	(unique, 0x2800, 2)		(unique, 0x2900, 1)
instruction	CODE:2a5b	CODE:2b6d	LCALL 0x1d62	4	write	INTMEM	1	(register, 0x40, 1)		(unique, 0xb400, 1)
instruction	CODE:2a5b	CODE:2b6d	LCALL 0x1d62	6	write	INTMEM	1	(register, 0x40, 1)		(unique, 0x1200, 1)
instruction	CODE:2a5b	CODE:2b70	LCALL 0x1d27	4	write	INTMEM	1	(register, 0x40, 1)		(unique, 0xb400, 1)
instruction	CODE:2a5b	CODE:2b70	LCALL 0x1d27	6	write	INTMEM	1	(register, 0x40, 1)		(unique, 0x1200, 1)
instruction	CODE:2a5b	CODE:2b74	MOVX @DPTR,A	2	write	EXTMEM	1	(unique, 0x2800, 2)		(unique, 0x2900, 1)
instruction	CODE:2a5b	CODE:2b77	LCALL 0xad3d	4	write	INTMEM	1	(register, 0x40, 1)		(unique, 0xb400, 1)
instruction	CODE:2a5b	CODE:2b77	LCALL 0xad3d	6	write	INTMEM	1	(register, 0x40, 1)		(unique, 0x1200, 1)
instruction	CODE:2a5b	CODE:2b7c	LCALL 0x1d67	4	write	INTMEM	1	(register, 0x40, 1)		(unique, 0xb400, 1)
instruction	CODE:2a5b	CODE:2b7c	LCALL 0x1d67	6	write	INTMEM	1	(register, 0x40, 1)		(unique, 0x1200, 1)
instruction	CODE:2a5b	CODE:2b7f	LCALL 0x1d27	4	write	INTMEM	1	(register, 0x40, 1)		(unique, 0xb400, 1)
instruction	CODE:2a5b	CODE:2b7f	LCALL 0x1d27	6	write	INTMEM	1	(register, 0x40, 1)		(unique, 0x1200, 1)
instruction	CODE:2a5b	CODE:2b83	MOVX @DPTR,A	2	write	EXTMEM	1	(unique, 0x2800, 2)		(unique, 0x2900, 1)
instruction	CODE:2a5b	CODE:2b86	LCALL 0xad3d	4	write	INTMEM	1	(register, 0x40, 1)		(unique, 0xb400, 1)
instruction	CODE:2a5b	CODE:2b86	LCALL 0xad3d	6	write	INTMEM	1	(register, 0x40, 1)		(unique, 0x1200, 1)
instruction	CODE:2a5b	CODE:2b8b	LCALL 0x1d67	4	write	INTMEM	1	(register, 0x40, 1)		(unique, 0xb400, 1)
instruction	CODE:2a5b	CODE:2b8b	LCALL 0x1d67	6	write	INTMEM	1	(register, 0x40, 1)		(unique, 0x1200, 1)
instruction	CODE:2a5b	CODE:2b8e	LCALL 0x1d27	4	write	INTMEM	1	(register, 0x40, 1)		(unique, 0xb400, 1)
instruction	CODE:2a5b	CODE:2b8e	LCALL 0x1d27	6	write	INTMEM	1	(register, 0x40, 1)		(unique, 0x1200, 1)
instruction	CODE:2a5b	CODE:2b92	MOVX @DPTR,A	2	write	EXTMEM	1	(unique, 0x2800, 2)		(unique, 0x2900, 1)
instruction	CODE:2a5b	CODE:2b95	LCALL 0x1e86	4	write	INTMEM	1	(register, 0x40, 1)		(unique, 0xb400, 1)
instruction	CODE:2a5b	CODE:2b95	LCALL 0x1e86	6	write	INTMEM	1	(register, 0x40, 1)		(unique, 0x1200, 1)
instruction	CODE:2a5b	CODE:2b98	LCALL 0x1d27	4	write	INTMEM	1	(register, 0x40, 1)		(unique, 0xb400, 1)
instruction	CODE:2a5b	CODE:2b98	LCALL 0x1d27	6	write	INTMEM	1	(register, 0x40, 1)		(unique, 0x1200, 1)
instruction	CODE:2a5b	CODE:2b9c	MOVX @DPTR,A	2	write	EXTMEM	1	(unique, 0x2800, 2)		(unique, 0x2900, 1)
instruction	CODE:2a5b	CODE:2b9f	LCALL 0x1d62	4	write	INTMEM	1	(register, 0x40, 1)		(unique, 0xb400, 1)
instruction	CODE:2a5b	CODE:2b9f	LCALL 0x1d62	6	write	INTMEM	1	(register, 0x40, 1)		(unique, 0x1200, 1)
instruction	CODE:2a5b	CODE:2ba2	LCALL 0x1d27	4	write	INTMEM	1	(register, 0x40, 1)		(unique, 0xb400, 1)
instruction	CODE:2a5b	CODE:2ba2	LCALL 0x1d27	6	write	INTMEM	1	(register, 0x40, 1)		(unique, 0x1200, 1)
instruction	CODE:2a5b	CODE:2ba6	MOVX @DPTR,A	2	write	EXTMEM	1	(unique, 0x2800, 2)		(unique, 0x2900, 1)
instruction	CODE:2a5b	CODE:2ba9	LCALL 0xad3d	4	write	INTMEM	1	(register, 0x40, 1)		(unique, 0xb400, 1)
instruction	CODE:2a5b	CODE:2ba9	LCALL 0xad3d	6	write	INTMEM	1	(register, 0x40, 1)		(unique, 0x1200, 1)
instruction	CODE:2a5b	CODE:2bae	LCALL 0x1d67	4	write	INTMEM	1	(register, 0x40, 1)		(unique, 0xb400, 1)
instruction	CODE:2a5b	CODE:2bae	LCALL 0x1d67	6	write	INTMEM	1	(register, 0x40, 1)		(unique, 0x1200, 1)
instruction	CODE:2a5b	CODE:2bb1	LCALL 0x1d27	4	write	INTMEM	1	(register, 0x40, 1)		(unique, 0xb400, 1)
instruction	CODE:2a5b	CODE:2bb1	LCALL 0x1d27	6	write	INTMEM	1	(register, 0x40, 1)		(unique, 0x1200, 1)
instruction	CODE:2a5b	CODE:2bb5	MOVX @DPTR,A	2	write	EXTMEM	1	(unique, 0x2800, 2)		(unique, 0x2900, 1)
instruction	CODE:2a5b	CODE:2bb8	LCALL 0xad3d	4	write	INTMEM	1	(register, 0x40, 1)		(unique, 0xb400, 1)
instruction	CODE:2a5b	CODE:2bb8	LCALL 0xad3d	6	write	INTMEM	1	(register, 0x40, 1)		(unique, 0x1200, 1)
instruction	CODE:2a5b	CODE:2bbd	LCALL 0x1d67	4	write	INTMEM	1	(register, 0x40, 1)		(unique, 0xb400, 1)
instruction	CODE:2a5b	CODE:2bbd	LCALL 0x1d67	6	write	INTMEM	1	(register, 0x40, 1)		(unique, 0x1200, 1)
instruction	CODE:2a5b	CODE:2bc0	LCALL 0x1d27	4	write	INTMEM	1	(register, 0x40, 1)		(unique, 0xb400, 1)
instruction	CODE:2a5b	CODE:2bc0	LCALL 0x1d27	6	write	INTMEM	1	(register, 0x40, 1)		(unique, 0x1200, 1)
instruction	CODE:2a5b	CODE:2bc4	MOVX @DPTR,A	2	write	EXTMEM	1	(unique, 0x2800, 2)		(unique, 0x2900, 1)
instruction	CODE:2a5b	CODE:2bc7	LCALL 0x1e86	4	write	INTMEM	1	(register, 0x40, 1)		(unique, 0xb400, 1)
instruction	CODE:2a5b	CODE:2bc7	LCALL 0x1e86	6	write	INTMEM	1	(register, 0x40, 1)		(unique, 0x1200, 1)
instruction	CODE:2a5b	CODE:2bca	LCALL 0x1d27	4	write	INTMEM	1	(register, 0x40, 1)		(unique, 0xb400, 1)
instruction	CODE:2a5b	CODE:2bca	LCALL 0x1d27	6	write	INTMEM	1	(register, 0x40, 1)		(unique, 0x1200, 1)
instruction	CODE:2a5b	CODE:2bce	MOVX @DPTR,A	2	write	EXTMEM	1	(unique, 0x2800, 2)		(unique, 0x2900, 1)
instruction	CODE:2a5b	CODE:2bd1	LCALL 0x1d62	4	write	INTMEM	1	(register, 0x40, 1)		(unique, 0xb400, 1)
instruction	CODE:2a5b	CODE:2bd1	LCALL 0x1d62	6	write	INTMEM	1	(register, 0x40, 1)		(unique, 0x1200, 1)
instruction	CODE:2a5b	CODE:2bd4	LCALL 0x1d27	4	write	INTMEM	1	(register, 0x40, 1)		(unique, 0xb400, 1)
instruction	CODE:2a5b	CODE:2bd4	LCALL 0x1d27	6	write	INTMEM	1	(register, 0x40, 1)		(unique, 0x1200, 1)
instruction	CODE:2a5b	CODE:2bd8	MOVX @DPTR,A	2	write	EXTMEM	1	(unique, 0x2800, 2)		(unique, 0x2900, 1)
instruction	CODE:2a5b	CODE:2bdb	LCALL 0xad3d	4	write	INTMEM	1	(register, 0x40, 1)		(unique, 0xb400, 1)
instruction	CODE:2a5b	CODE:2bdb	LCALL 0xad3d	6	write	INTMEM	1	(register, 0x40, 1)		(unique, 0x1200, 1)
instruction	CODE:2a5b	CODE:2be0	LCALL 0x1d67	4	write	INTMEM	1	(register, 0x40, 1)		(unique, 0xb400, 1)
instruction	CODE:2a5b	CODE:2be0	LCALL 0x1d67	6	write	INTMEM	1	(register, 0x40, 1)		(unique, 0x1200, 1)
instruction	CODE:2a5b	CODE:2be3	LCALL 0x1d27	4	write	INTMEM	1	(register, 0x40, 1)		(unique, 0xb400, 1)
instruction	CODE:2a5b	CODE:2be3	LCALL 0x1d27	6	write	INTMEM	1	(register, 0x40, 1)		(unique, 0x1200, 1)
instruction	CODE:2a5b	CODE:2be7	MOVX @DPTR,A	2	write	EXTMEM	1	(unique, 0x2800, 2)		(unique, 0x2900, 1)
instruction	CODE:2a5b	CODE:2bea	LCALL 0xad3d	4	write	INTMEM	1	(register, 0x40, 1)		(unique, 0xb400, 1)
instruction	CODE:2a5b	CODE:2bea	LCALL 0xad3d	6	write	INTMEM	1	(register, 0x40, 1)		(unique, 0x1200, 1)
instruction	CODE:2a5b	CODE:2bef	LCALL 0x1d67	4	write	INTMEM	1	(register, 0x40, 1)		(unique, 0xb400, 1)
instruction	CODE:2a5b	CODE:2bef	LCALL 0x1d67	6	write	INTMEM	1	(register, 0x40, 1)		(unique, 0x1200, 1)
instruction	CODE:2a5b	CODE:2bf2	LCALL 0x1d27	4	write	INTMEM	1	(register, 0x40, 1)		(unique, 0xb400, 1)
instruction	CODE:2a5b	CODE:2bf2	LCALL 0x1d27	6	write	INTMEM	1	(register, 0x40, 1)		(unique, 0x1200, 1)
instruction	CODE:2a5b	CODE:2bf6	MOVX @DPTR,A	2	write	EXTMEM	1	(unique, 0x2800, 2)		(unique, 0x2900, 1)
instruction	CODE:2a5b	CODE:2bf9	LCALL 0x1e86	4	write	INTMEM	1	(register, 0x40, 1)		(unique, 0xb400, 1)
instruction	CODE:2a5b	CODE:2bf9	LCALL 0x1e86	6	write	INTMEM	1	(register, 0x40, 1)		(unique, 0x1200, 1)
instruction	CODE:2a5b	CODE:2bfc	LCALL 0x1d27	4	write	INTMEM	1	(register, 0x40, 1)		(unique, 0xb400, 1)
instruction	CODE:2a5b	CODE:2bfc	LCALL 0x1d27	6	write	INTMEM	1	(register, 0x40, 1)		(unique, 0x1200, 1)
instruction	CODE:2a5b	CODE:2c00	MOVX @DPTR,A	2	write	EXTMEM	1	(unique, 0x2800, 2)		(unique, 0x2900, 1)
instruction	CODE:2a5b	CODE:2c03	LCALL 0x1d62	4	write	INTMEM	1	(register, 0x40, 1)		(unique, 0xb400, 1)
instruction	CODE:2a5b	CODE:2c03	LCALL 0x1d62	6	write	INTMEM	1	(register, 0x40, 1)		(unique, 0x1200, 1)
instruction	CODE:2a5b	CODE:2c06	LCALL 0x1d27	4	write	INTMEM	1	(register, 0x40, 1)		(unique, 0xb400, 1)
instruction	CODE:2a5b	CODE:2c06	LCALL 0x1d27	6	write	INTMEM	1	(register, 0x40, 1)		(unique, 0x1200, 1)
instruction	CODE:2a5b	CODE:2c0a	MOVX @DPTR,A	2	write	EXTMEM	1	(unique, 0x2800, 2)		(unique, 0x2900, 1)
instruction	CODE:2a5b	CODE:2c0d	LCALL 0xad3d	4	write	INTMEM	1	(register, 0x40, 1)		(unique, 0xb400, 1)
instruction	CODE:2a5b	CODE:2c0d	LCALL 0xad3d	6	write	INTMEM	1	(register, 0x40, 1)		(unique, 0x1200, 1)
instruction	CODE:2a5b	CODE:2c12	LCALL 0x1d67	4	write	INTMEM	1	(register, 0x40, 1)		(unique, 0xb400, 1)
instruction	CODE:2a5b	CODE:2c12	LCALL 0x1d67	6	write	INTMEM	1	(register, 0x40, 1)		(unique, 0x1200, 1)
instruction	CODE:2a5b	CODE:2c15	LCALL 0x1d27	4	write	INTMEM	1	(register, 0x40, 1)		(unique, 0xb400, 1)
instruction	CODE:2a5b	CODE:2c15	LCALL 0x1d27	6	write	INTMEM	1	(register, 0x40, 1)		(unique, 0x1200, 1)
instruction	CODE:2a5b	CODE:2c19	MOVX @DPTR,A	2	write	EXTMEM	1	(unique, 0x2800, 2)		(unique, 0x2900, 1)
instruction	CODE:2a5b	CODE:2c1c	LCALL 0xad3d	4	write	INTMEM	1	(register, 0x40, 1)		(unique, 0xb400, 1)
instruction	CODE:2a5b	CODE:2c1c	LCALL 0xad3d	6	write	INTMEM	1	(register, 0x40, 1)		(unique, 0x1200, 1)
instruction	CODE:2a5b	CODE:2c21	LCALL 0x1d67	4	write	INTMEM	1	(register, 0x40, 1)		(unique, 0xb400, 1)
instruction	CODE:2a5b	CODE:2c21	LCALL 0x1d67	6	write	INTMEM	1	(register, 0x40, 1)		(unique, 0x1200, 1)
instruction	CODE:2a5b	CODE:2c24	LCALL 0x1d27	4	write	INTMEM	1	(register, 0x40, 1)		(unique, 0xb400, 1)
instruction	CODE:2a5b	CODE:2c24	LCALL 0x1d27	6	write	INTMEM	1	(register, 0x40, 1)		(unique, 0x1200, 1)
instruction	CODE:2a5b	CODE:2c28	MOVX @DPTR,A	2	write	EXTMEM	1	(unique, 0x2800, 2)		(unique, 0x2900, 1)
instruction	CODE:2a5b	CODE:2c2b	LCALL 0x1e86	4	write	INTMEM	1	(register, 0x40, 1)		(unique, 0xb400, 1)
instruction	CODE:2a5b	CODE:2c2b	LCALL 0x1e86	6	write	INTMEM	1	(register, 0x40, 1)		(unique, 0x1200, 1)
instruction	CODE:2a5b	CODE:2c2e	LCALL 0x1d27	4	write	INTMEM	1	(register, 0x40, 1)		(unique, 0xb400, 1)
instruction	CODE:2a5b	CODE:2c2e	LCALL 0x1d27	6	write	INTMEM	1	(register, 0x40, 1)		(unique, 0x1200, 1)
instruction	CODE:2a5b	CODE:2c32	MOVX @DPTR,A	2	write	EXTMEM	1	(unique, 0x2800, 2)		(unique, 0x2900, 1)
instruction	CODE:2a5b	CODE:2c35	LCALL 0x1d62	4	write	INTMEM	1	(register, 0x40, 1)		(unique, 0xb400, 1)
instruction	CODE:2a5b	CODE:2c35	LCALL 0x1d62	6	write	INTMEM	1	(register, 0x40, 1)		(unique, 0x1200, 1)
instruction	CODE:2a5b	CODE:2c38	LCALL 0x1d27	4	write	INTMEM	1	(register, 0x40, 1)		(unique, 0xb400, 1)
instruction	CODE:2a5b	CODE:2c38	LCALL 0x1d27	6	write	INTMEM	1	(register, 0x40, 1)		(unique, 0x1200, 1)
instruction	CODE:2a5b	CODE:2c3c	MOVX @DPTR,A	2	write	EXTMEM	1	(unique, 0x2800, 2)		(unique, 0x2900, 1)
instruction	CODE:2a5b	CODE:2c3f	LCALL 0xad3d	4	write	INTMEM	1	(register, 0x40, 1)		(unique, 0xb400, 1)
instruction	CODE:2a5b	CODE:2c3f	LCALL 0xad3d	6	write	INTMEM	1	(register, 0x40, 1)		(unique, 0x1200, 1)
instruction	CODE:2a5b	CODE:2c44	LCALL 0x1d67	4	write	INTMEM	1	(register, 0x40, 1)		(unique, 0xb400, 1)
instruction	CODE:2a5b	CODE:2c44	LCALL 0x1d67	6	write	INTMEM	1	(register, 0x40, 1)		(unique, 0x1200, 1)
instruction	CODE:2a5b	CODE:2c47	LCALL 0x1d27	4	write	INTMEM	1	(register, 0x40, 1)		(unique, 0xb400, 1)
instruction	CODE:2a5b	CODE:2c47	LCALL 0x1d27	6	write	INTMEM	1	(register, 0x40, 1)		(unique, 0x1200, 1)
instruction	CODE:2a5b	CODE:2c4b	MOVX @DPTR,A	2	write	EXTMEM	1	(unique, 0x2800, 2)		(unique, 0x2900, 1)
instruction	CODE:2a5b	CODE:2c4e	LCALL 0xad3d	4	write	INTMEM	1	(register, 0x40, 1)		(unique, 0xb400, 1)
instruction	CODE:2a5b	CODE:2c4e	LCALL 0xad3d	6	write	INTMEM	1	(register, 0x40, 1)		(unique, 0x1200, 1)
instruction	CODE:2a5b	CODE:2c53	LCALL 0x1d67	4	write	INTMEM	1	(register, 0x40, 1)		(unique, 0xb400, 1)
instruction	CODE:2a5b	CODE:2c53	LCALL 0x1d67	6	write	INTMEM	1	(register, 0x40, 1)		(unique, 0x1200, 1)
instruction	CODE:2a5b	CODE:2c56	LCALL 0x1d27	4	write	INTMEM	1	(register, 0x40, 1)		(unique, 0xb400, 1)
instruction	CODE:2a5b	CODE:2c56	LCALL 0x1d27	6	write	INTMEM	1	(register, 0x40, 1)		(unique, 0x1200, 1)
instruction	CODE:2a5b	CODE:2c5a	MOVX @DPTR,A	2	write	EXTMEM	1	(unique, 0x2800, 2)		(unique, 0x2900, 1)
instruction	CODE:2a5b	CODE:2c5d	LCALL 0x1e86	4	write	INTMEM	1	(register, 0x40, 1)		(unique, 0xb400, 1)
instruction	CODE:2a5b	CODE:2c5d	LCALL 0x1e86	6	write	INTMEM	1	(register, 0x40, 1)		(unique, 0x1200, 1)
instruction	CODE:2a5b	CODE:2c60	LCALL 0x1d27	4	write	INTMEM	1	(register, 0x40, 1)		(unique, 0xb400, 1)
instruction	CODE:2a5b	CODE:2c60	LCALL 0x1d27	6	write	INTMEM	1	(register, 0x40, 1)		(unique, 0x1200, 1)
instruction	CODE:2a5b	CODE:2c64	MOVX @DPTR,A	2	write	EXTMEM	1	(unique, 0x2800, 2)		(unique, 0x2900, 1)
instruction	CODE:2a5b	CODE:2c67	LCALL 0x1d62	4	write	INTMEM	1	(register, 0x40, 1)		(unique, 0xb400, 1)
instruction	CODE:2a5b	CODE:2c67	LCALL 0x1d62	6	write	INTMEM	1	(register, 0x40, 1)		(unique, 0x1200, 1)
instruction	CODE:2a5b	CODE:2c6a	LCALL 0x1d27	4	write	INTMEM	1	(register, 0x40, 1)		(unique, 0xb400, 1)
instruction	CODE:2a5b	CODE:2c6a	LCALL 0x1d27	6	write	INTMEM	1	(register, 0x40, 1)		(unique, 0x1200, 1)
instruction	CODE:2a5b	CODE:2c6e	MOVX @DPTR,A	2	write	EXTMEM	1	(unique, 0x2800, 2)		(unique, 0x2900, 1)
instruction	CODE:2a5b	CODE:2c71	LCALL 0xad3d	4	write	INTMEM	1	(register, 0x40, 1)		(unique, 0xb400, 1)
instruction	CODE:2a5b	CODE:2c71	LCALL 0xad3d	6	write	INTMEM	1	(register, 0x40, 1)		(unique, 0x1200, 1)
instruction	CODE:2a5b	CODE:2c76	LCALL 0x1d67	4	write	INTMEM	1	(register, 0x40, 1)		(unique, 0xb400, 1)
instruction	CODE:2a5b	CODE:2c76	LCALL 0x1d67	6	write	INTMEM	1	(register, 0x40, 1)		(unique, 0x1200, 1)
instruction	CODE:2a5b	CODE:2c79	LCALL 0x1d27	4	write	INTMEM	1	(register, 0x40, 1)		(unique, 0xb400, 1)
instruction	CODE:2a5b	CODE:2c79	LCALL 0x1d27	6	write	INTMEM	1	(register, 0x40, 1)		(unique, 0x1200, 1)
instruction	CODE:2a5b	CODE:2c7d	MOVX @DPTR,A	2	write	EXTMEM	1	(unique, 0x2800, 2)		(unique, 0x2900, 1)
instruction	CODE:2a5b	CODE:2c80	LCALL 0xad3d	4	write	INTMEM	1	(register, 0x40, 1)		(unique, 0xb400, 1)
instruction	CODE:2a5b	CODE:2c80	LCALL 0xad3d	6	write	INTMEM	1	(register, 0x40, 1)		(unique, 0x1200, 1)
instruction	CODE:2a5b	CODE:2c85	LCALL 0x1d67	4	write	INTMEM	1	(register, 0x40, 1)		(unique, 0xb400, 1)
instruction	CODE:2a5b	CODE:2c85	LCALL 0x1d67	6	write	INTMEM	1	(register, 0x40, 1)		(unique, 0x1200, 1)
instruction	CODE:2a5b	CODE:2c88	LCALL 0x1d27	4	write	INTMEM	1	(register, 0x40, 1)		(unique, 0xb400, 1)
instruction	CODE:2a5b	CODE:2c88	LCALL 0x1d27	6	write	INTMEM	1	(register, 0x40, 1)		(unique, 0x1200, 1)
instruction	CODE:2a5b	CODE:2c8c	MOVX @DPTR,A	2	write	EXTMEM	1	(unique, 0x2800, 2)		(unique, 0x2900, 1)
instruction	CODE:2a5b	CODE:2c95	LCALL 0x1d2a	4	write	INTMEM	1	(register, 0x40, 1)		(unique, 0xb400, 1)
instruction	CODE:2a5b	CODE:2c95	LCALL 0x1d2a	6	write	INTMEM	1	(register, 0x40, 1)		(unique, 0x1200, 1)
instruction	CODE:2a5b	CODE:2c99	MOVX @DPTR,A	2	write	EXTMEM	1	(unique, 0x2800, 2)		(unique, 0x2900, 1)
instruction	CODE:2a5b	CODE:2c9b	LCALL 0x1f31	4	write	INTMEM	1	(register, 0x40, 1)		(unique, 0xb400, 1)
instruction	CODE:2a5b	CODE:2c9b	LCALL 0x1f31	6	write	INTMEM	1	(register, 0x40, 1)		(unique, 0x1200, 1)
instruction	CODE:2ca1	CODE:2ca5	MOVX @DPTR,A	2	write	EXTMEM	1	(unique, 0x2800, 2)		(unique, 0x2900, 1)
instruction	CODE:2ca1	CODE:2ca6	LCALL 0x9ef9	4	write	INTMEM	1	(register, 0x40, 1)		(unique, 0xb400, 1)
instruction	CODE:2ca1	CODE:2ca6	LCALL 0x9ef9	6	write	INTMEM	1	(register, 0x40, 1)		(unique, 0x1200, 1)
instruction	CODE:2ca1	CODE:2cad	MOVX @DPTR,A	2	write	EXTMEM	1	(unique, 0x2800, 2)		(unique, 0x2900, 1)
instruction	CODE:2ca1	CODE:2cb0	MOVX @DPTR,A	2	write	EXTMEM	1	(unique, 0x2800, 2)		(unique, 0x2900, 1)
instruction	CODE:2ca1	CODE:2cb6	MOVX A,@DPTR	1	read	EXTMEM	1	(unique, 0x2800, 2)		
instruction	CODE:2ca1	CODE:2cba	MOVX @DPTR,A	2	write	EXTMEM	1	(unique, 0x2800, 2)		(unique, 0x2900, 1)
instruction	CODE:2ca1	CODE:2cbb	LCALL 0x2eca	4	write	INTMEM	1	(register, 0x40, 1)		(unique, 0xb400, 1)
instruction	CODE:2ca1	CODE:2cbb	LCALL 0x2eca	6	write	INTMEM	1	(register, 0x40, 1)		(unique, 0x1200, 1)
instruction	CODE:2ca1	CODE:2cc0	LCALL 0x33d6	4	write	INTMEM	1	(register, 0x40, 1)		(unique, 0xb400, 1)
instruction	CODE:2ca1	CODE:2cc0	LCALL 0x33d6	6	write	INTMEM	1	(register, 0x40, 1)		(unique, 0x1200, 1)
instruction	CODE:2ca1	CODE:2cc3	LCALL 0x33ef	4	write	INTMEM	1	(register, 0x40, 1)		(unique, 0xb400, 1)
instruction	CODE:2ca1	CODE:2cc3	LCALL 0x33ef	6	write	INTMEM	1	(register, 0x40, 1)		(unique, 0x1200, 1)
instruction	CODE:2ca1	CODE:2ccc	MOVX A,@DPTR	1	read	EXTMEM	1	(unique, 0x2800, 2)		
instruction	CODE:2ca1	CODE:2cce	LCALL 0x939d	4	write	INTMEM	1	(register, 0x40, 1)		(unique, 0xb400, 1)
instruction	CODE:2ca1	CODE:2cce	LCALL 0x939d	6	write	INTMEM	1	(register, 0x40, 1)		(unique, 0x1200, 1)
instruction	CODE:2ca1	CODE:2cd5	RET	1	read	INTMEM	1	(register, 0x40, 1)		
instruction	CODE:2ca1	CODE:2cd5	RET	3	read	INTMEM	1	(register, 0x40, 1)		
instruction	CODE:2ca1	CODE:2cda	MOVX @DPTR,A	2	write	EXTMEM	1	(unique, 0x2800, 2)		(unique, 0x2900, 1)
instruction	CODE:2ca1	CODE:2cdb	LCALL 0x34de	4	write	INTMEM	1	(register, 0x40, 1)		(unique, 0xb400, 1)
instruction	CODE:2ca1	CODE:2cdb	LCALL 0x34de	6	write	INTMEM	1	(register, 0x40, 1)		(unique, 0x1200, 1)
instruction	CODE:2ca1	CODE:2ce6	MOVX A,@DPTR	1	read	EXTMEM	1	(unique, 0x2800, 2)		
instruction	CODE:2ca1	CODE:2cea	MOVX @DPTR,A	2	write	EXTMEM	1	(unique, 0x2800, 2)		(unique, 0x2900, 1)
instruction	CODE:2ca1	CODE:2cf0	MOVX @DPTR,A	2	write	EXTMEM	1	(unique, 0x2800, 2)		(unique, 0x2900, 1)
instruction	CODE:2ca1	CODE:2cf4	MOVX A,@DPTR	1	read	EXTMEM	1	(unique, 0x2800, 2)		
instruction	CODE:2ca1	CODE:2d01	MOVX @DPTR,A	2	write	EXTMEM	1	(unique, 0x2800, 2)		(unique, 0x2900, 1)
instruction	CODE:2ca1	CODE:2d0a	MOVX @DPTR,A	2	write	EXTMEM	1	(unique, 0x2800, 2)		(unique, 0x2900, 1)
instruction	CODE:2ca1	CODE:2d17	MOVX @DPTR,A	2	write	EXTMEM	1	(unique, 0x2800, 2)		(unique, 0x2900, 1)
instruction	CODE:2ca1	CODE:2d18	LCALL 0x9800	4	write	INTMEM	1	(register, 0x40, 1)		(unique, 0xb400, 1)
instruction	CODE:2ca1	CODE:2d18	LCALL 0x9800	6	write	INTMEM	1	(register, 0x40, 1)		(unique, 0x1200, 1)
instruction	CODE:2ca1	CODE:2d1b	LCALL 0x34de	4	write	INTMEM	1	(register, 0x40, 1)		(unique, 0xb400, 1)
instruction	CODE:2ca1	CODE:2d1b	LCALL 0x34de	6	write	INTMEM	1	(register, 0x40, 1)		(unique, 0x1200, 1)
instruction	CODE:2ca1	CODE:2d25	MOVX A,@DPTR	1	read	EXTMEM	1	(unique, 0x2800, 2)		
instruction	CODE:2ca1	CODE:2d28	MOVX A,@DPTR	1	read	EXTMEM	1	(unique, 0x2800, 2)		
instruction	CODE:2ca1	CODE:2d2a	LCALL 0x33d6	4	write	INTMEM	1	(register, 0x40, 1)		(unique, 0xb400, 1)
instruction	CODE:2ca1	CODE:2d2a	LCALL 0x33d6	6	write	INTMEM	1	(register, 0x40, 1)		(unique, 0x1200, 1)
instruction	CODE:2ca1	CODE:2d30	LCALL 0x3555	4	write	INTMEM	1	(register, 0x40, 1)		(unique, 0xb400, 1)
instruction	CODE:2ca1	CODE:2d30	LCALL 0x3555	6	write	INTMEM	1	(register, 0x40, 1)		(unique, 0x1200, 1)
instruction	CODE:2ca1	CODE:2d34	MOVX @DPTR,A	2	write	EXTMEM	1	(unique, 0x2800, 2)		(unique, 0x2900, 1)
instruction	CODE:2ca1	CODE:2d37	MOVX @DPTR,A	2	write	EXTMEM	1	(unique, 0x2800, 2)		(unique, 0x2900, 1)
instruction	CODE:2ca1	CODE:2d3e	MOVX A,@DPTR	1	read	EXTMEM	1	(unique, 0x2800, 2)		
instruction	CODE:2ca1	CODE:2d48	LCALL 0x33d6	4	write	INTMEM	1	(register, 0x40, 1)		(unique, 0xb400, 1)
instruction	CODE:2ca1	CODE:2d48	LCALL 0x33d6	6	write	INTMEM	1	(register, 0x40, 1)		(unique, 0x1200, 1)
instruction	CODE:2ca1	CODE:2d4f	LCALL 0xa9ae	4	write	INTMEM	1	(register, 0x40, 1)		(unique, 0xb400, 1)
instruction	CODE:2ca1	CODE:2d4f	LCALL 0xa9ae	6	write	INTMEM	1	(register, 0x40, 1)		(unique, 0x1200, 1)
instruction	CODE:2ca1	CODE:2d56	LCALL 0xa9ae	4	write	INTMEM	1	(register, 0x40, 1)		(unique, 0xb400, 1)
instruction	CODE:2ca1	CODE:2d56	LCALL 0xa9ae	6	write	INTMEM	1	(register, 0x40, 1)		(unique, 0x1200, 1)
instruction	CODE:2ca1	CODE:2d59	LCALL 0x3478	4	write	INTMEM	1	(register, 0x40, 1)		(unique, 0xb400, 1)
instruction	CODE:2ca1	CODE:2d59	LCALL 0x3478	6	write	INTMEM	1	(register, 0x40, 1)		(unique, 0x1200, 1)
instruction	CODE:2ca1	CODE:2d5c	PUSH 0x03	1	write	INTMEM	1	(register, 0x40, 1)		mem[INTMEM:03]
instruction	CODE:2ca1	CODE:2d5e	PUSH 0x02	1	write	INTMEM	1	(register, 0x40, 1)		mem[INTMEM:02]
instruction	CODE:2ca1	CODE:2d60	PUSH 0x01	1	write	INTMEM	1	(register, 0x40, 1)		mem[INTMEM:01]
instruction	CODE:2ca1	CODE:2d62	LCALL 0x33d6	4	write	INTMEM	1	(register, 0x40, 1)		(unique, 0xb400, 1)
instruction	CODE:2ca1	CODE:2d62	LCALL 0x33d6	6	write	INTMEM	1	(register, 0x40, 1)		(unique, 0x1200, 1)
instruction	CODE:2ca1	CODE:2d70	POP 0x01	0	read	INTMEM	1	(register, 0x40, 1)		
instruction	CODE:2ca1	CODE:2d72	POP 0x02	0	read	INTMEM	1	(register, 0x40, 1)		
instruction	CODE:2ca1	CODE:2d74	POP 0x03	0	read	INTMEM	1	(register, 0x40, 1)		
instruction	CODE:2ca1	CODE:2d76	LCALL 0xa90e	4	write	INTMEM	1	(register, 0x40, 1)		(unique, 0xb400, 1)
instruction	CODE:2ca1	CODE:2d76	LCALL 0xa90e	6	write	INTMEM	1	(register, 0x40, 1)		(unique, 0x1200, 1)
instruction	CODE:2ca1	CODE:2d7c	MOVX A,@DPTR	1	read	EXTMEM	1	(unique, 0x2800, 2)		
instruction	CODE:2ca1	CODE:2d7f	MOVX @DPTR,A	2	write	EXTMEM	1	(unique, 0x2800, 2)		(unique, 0x2900, 1)
instruction	CODE:2ca1	CODE:2d80	MOVX A,@DPTR	1	read	EXTMEM	1	(unique, 0x2800, 2)		
instruction	CODE:2ca1	CODE:2d86	MOVX A,@DPTR	1	read	EXTMEM	1	(unique, 0x2800, 2)		
instruction	CODE:2ca1	CODE:2d93	PUSH 0x04	1	write	INTMEM	1	(register, 0x40, 1)		mem[INTMEM:04]
instruction	CODE:2ca1	CODE:2d95	PUSH 0x05	1	write	INTMEM	1	(register, 0x40, 1)		mem[INTMEM:05]
instruction	CODE:2ca1	CODE:2d97	LCALL 0x33d6	4	write	INTMEM	1	(register, 0x40, 1)		(unique, 0xb400, 1)
instruction	CODE:2ca1	CODE:2d97	LCALL 0x33d6	6	write	INTMEM	1	(register, 0x40, 1)		(unique, 0x1200, 1)
instruction	CODE:2ca1	CODE:2dad	POP 0x07	0	read	INTMEM	1	(register, 0x40, 1)		
instruction	CODE:2ca1	CODE:2daf	POP 0x06	0	read	INTMEM	1	(register, 0x40, 1)		
instruction	CODE:2ca1	CODE:2db1	LCALL 0xaefd	4	write	INTMEM	1	(register, 0x40, 1)		(unique, 0xb400, 1)
instruction	CODE:2ca1	CODE:2db1	LCALL 0xaefd	6	write	INTMEM	1	(register, 0x40, 1)		(unique, 0x1200, 1)
instruction	CODE:2ca1	CODE:2db7	MOVX A,@DPTR	1	read	EXTMEM	1	(unique, 0x2800, 2)		
instruction	CODE:2ca1	CODE:2dba	MOVX @DPTR,A	2	write	EXTMEM	1	(unique, 0x2800, 2)		(unique, 0x2900, 1)
instruction	CODE:2ca1	CODE:2dbd	LCALL 0x3478	4	write	INTMEM	1	(register, 0x40, 1)		(unique, 0xb400, 1)
instruction	CODE:2ca1	CODE:2dbd	LCALL 0x3478	6	write	INTMEM	1	(register, 0x40, 1)		(unique, 0x1200, 1)
instruction	CODE:2ca1	CODE:2dc0	PUSH 0x03	1	write	INTMEM	1	(register, 0x40, 1)		mem[INTMEM:03]
instruction	CODE:2ca1	CODE:2dc2	PUSH 0x02	1	write	INTMEM	1	(register, 0x40, 1)		mem[INTMEM:02]
instruction	CODE:2ca1	CODE:2dc4	PUSH 0x01	1	write	INTMEM	1	(register, 0x40, 1)		mem[INTMEM:01]
instruction	CODE:2ca1	CODE:2dc6	LCALL 0x33d6	4	write	INTMEM	1	(register, 0x40, 1)		(unique, 0xb400, 1)
instruction	CODE:2ca1	CODE:2dc6	LCALL 0x33d6	6	write	INTMEM	1	(register, 0x40, 1)		(unique, 0x1200, 1)
instruction	CODE:2ca1	CODE:2dd4	POP 0x01	0	read	INTMEM	1	(register, 0x40, 1)		
instruction	CODE:2ca1	CODE:2dd6	POP 0x02	0	read	INTMEM	1	(register, 0x40, 1)		
instruction	CODE:2ca1	CODE:2dd8	POP 0x03	0	read	INTMEM	1	(register, 0x40, 1)		
instruction	CODE:2ca1	CODE:2dda	LCALL 0xa90e	4	write	INTMEM	1	(register, 0x40, 1)		(unique, 0xb400, 1)
instruction	CODE:2ca1	CODE:2dda	LCALL 0xa90e	6	write	INTMEM	1	(register, 0x40, 1)		(unique, 0x1200, 1)
instruction	CODE:2ca1	CODE:2de0	MOVX A,@DPTR	1	read	EXTMEM	1	(unique, 0x2800, 2)		
instruction	CODE:2ca1	CODE:2de5	MOVX @DPTR,A	2	write	EXTMEM	1	(unique, 0x2800, 2)		(unique, 0x2900, 1)
instruction	CODE:2ca1	CODE:2de9	MOVX A,@DPTR	1	read	EXTMEM	1	(unique, 0x2800, 2)		
instruction	CODE:2ca1	CODE:2dee	MOVX A,@DPTR	1	read	EXTMEM	1	(unique, 0x2800, 2)		
instruction	CODE:2ca1	CODE:2df9	MOVX @DPTR,A	2	write	EXTMEM	1	(unique, 0x2800, 2)		(unique, 0x2900, 1)
instruction	CODE:2ca1	CODE:2dfa	LCALL 0x3457	4	write	INTMEM	1	(register, 0x40, 1)		(unique, 0xb400, 1)
instruction	CODE:2ca1	CODE:2dfa	LCALL 0x3457	6	write	INTMEM	1	(register, 0x40, 1)		(unique, 0x1200, 1)
instruction	CODE:2ca1	CODE:2dfd	MOVX A,@DPTR	1	read	EXTMEM	1	(unique, 0x2800, 2)		
instruction	CODE:2ca1	CODE:2e05	MOVX @DPTR,A	2	write	EXTMEM	1	(unique, 0x2800, 2)		(unique, 0x2900, 1)
instruction	CODE:2ca1	CODE:2e07	MOVX A,@DPTR	1	read	EXTMEM	1	(unique, 0x2800, 2)		
instruction	CODE:2ca1	CODE:2e09	PUSH 0x07	1	write	INTMEM	1	(register, 0x40, 1)		mem[INTMEM:07]
instruction	CODE:2ca1	CODE:2e0b	LCALL 0xa6d9	4	write	INTMEM	1	(register, 0x40, 1)		(unique, 0xb400, 1)
instruction	CODE:2ca1	CODE:2e0b	LCALL 0xa6d9	6	write	INTMEM	1	(register, 0x40, 1)		(unique, 0x1200, 1)
instruction	CODE:2ca1	CODE:2e15	POP A	0	read	INTMEM	1	(register, 0x40, 1)		
instruction	CODE:2ca1	CODE:2e1b	MOVX @DPTR,A	2	write	EXTMEM	1	(unique, 0x2800, 2)		(unique, 0x2900, 1)
instruction	CODE:2ca1	CODE:2e1c	LCALL 0x33d6	4	write	INTMEM	1	(register, 0x40, 1)		(unique, 0xb400, 1)
instruction	CODE:2ca1	CODE:2e1c	LCALL 0x33d6	6	write	INTMEM	1	(register, 0x40, 1)		(unique, 0x1200, 1)
instruction	CODE:2ca1	CODE:2e22	LCALL 0x33e2	4	write	INTMEM	1	(register, 0x40, 1)		(unique, 0xb400, 1)
instruction	CODE:2ca1	CODE:2e22	LCALL 0x33e2	6	write	INTMEM	1	(register, 0x40, 1)		(unique, 0x1200, 1)
instruction	CODE:2ca1	CODE:2e27	LCALL 0xa99c	4	write	INTMEM	1	(register, 0x40, 1)		(unique, 0xb400, 1)
instruction	CODE:2ca1	CODE:2e27	LCALL 0xa99c	6	write	INTMEM	1	(register, 0x40, 1)		(unique, 0x1200, 1)
instruction	CODE:2ca1	CODE:2e2a	LCALL 0x34de	4	write	INTMEM	1	(register, 0x40, 1)		(unique, 0xb400, 1)
instruction	CODE:2ca1	CODE:2e2a	LCALL 0x34de	6	write	INTMEM	1	(register, 0x40, 1)		(unique, 0x1200, 1)
instruction	CODE:2ca1	CODE:2e31	MOVX A,@DPTR	1	read	EXTMEM	1	(unique, 0x2800, 2)		
instruction	CODE:2ca1	CODE:2e3b	MOVX A,@DPTR	1	read	EXTMEM	1	(unique, 0x2800, 2)		
instruction	CODE:2ca1	CODE:2e3d	PUSH 0x06	1	write	INTMEM	1	(register, 0x40, 1)		mem[INTMEM:06]
instruction	CODE:2ca1	CODE:2e3f	LCALL 0xa6fd	4	write	INTMEM	1	(register, 0x40, 1)		(unique, 0xb400, 1)
instruction	CODE:2ca1	CODE:2e3f	LCALL 0xa6fd	6	write	INTMEM	1	(register, 0x40, 1)		(unique, 0x1200, 1)
instruction	CODE:2ca1	CODE:2e42	POP A	0	read	INTMEM	1	(register, 0x40, 1)		
instruction	CODE:2ca1	CODE:2e48	MOVX @DPTR,A	2	write	EXTMEM	1	(unique, 0x2800, 2)		(unique, 0x2900, 1)
instruction	CODE:2ca1	CODE:2e4a	MOVX A,@DPTR	1	read	EXTMEM	1	(unique, 0x2800, 2)		
instruction	CODE:2ca1	CODE:2e4c	PUSH 0x07	1	write	INTMEM	1	(register, 0x40, 1)		mem[INTMEM:07]
instruction	CODE:2ca1	CODE:2e4e	LCALL 0xa703	4	write	INTMEM	1	(register, 0x40, 1)		(unique, 0xb400, 1)
instruction	CODE:2ca1	CODE:2e4e	LCALL 0xa703	6	write	INTMEM	1	(register, 0x40, 1)		(unique, 0x1200, 1)
instruction	CODE:2ca1	CODE:2e57	POP A	0	read	INTMEM	1	(register, 0x40, 1)		
instruction	CODE:2ca1	CODE:2e5d	MOVX @DPTR,A	2	write	EXTMEM	1	(unique, 0x2800, 2)		(unique, 0x2900, 1)
instruction	CODE:2ca1	CODE:2e60	LCALL 0x33d6	4	write	INTMEM	1	(register, 0x40, 1)		(unique, 0xb400, 1)
instruction	CODE:2ca1	CODE:2e60	LCALL 0x33d6	6	write	INTMEM	1	(register, 0x40, 1)		(unique, 0x1200, 1)
instruction	CODE:2ca1	CODE:2e66	LCALL 0x33e2	4	write	INTMEM	1	(register, 0x40, 1)		(unique, 0xb400, 1)
instruction	CODE:2ca1	CODE:2e66	LCALL 0x33e2	6	write	INTMEM	1	(register, 0x40, 1)		(unique, 0x1200, 1)
instruction	CODE:2ca1	CODE:2e6b	LCALL 0xa99c	4	write	INTMEM	1	(register, 0x40, 1)		(unique, 0xb400, 1)
instruction	CODE:2ca1	CODE:2e6b	LCALL 0xa99c	6	write	INTMEM	1	(register, 0x40, 1)		(unique, 0x1200, 1)
instruction	CODE:2ca1	CODE:2e71	MOVX A,@DPTR	1	read	EXTMEM	1	(unique, 0x2800, 2)		
instruction	CODE:2ca1	CODE:2e73	LCALL 0x33d6	4	write	INTMEM	1	(register, 0x40, 1)		(unique, 0xb400, 1)
instruction	CODE:2ca1	CODE:2e73	LCALL 0x33d6	6	write	INTMEM	1	(register, 0x40, 1)		(unique, 0x1200, 1)
instruction	CODE:2ca1	CODE:2e7a	LCALL 0xa9ae	4	write	INTMEM	1	(register, 0x40, 1)		(unique, 0xb400, 1)
instruction	CODE:2ca1	CODE:2e7a	LCALL 0xa9ae	6	write	INTMEM	1	(register, 0x40, 1)		(unique, 0x1200, 1)
instruction	CODE:2ca1	CODE:2e80	MOVX A,@DPTR	1	read	EXTMEM	1	(unique, 0x2800, 2)		
instruction	CODE:2ca1	CODE:2e84	LCALL 0xa9ae	4	write	INTMEM	1	(register, 0x40, 1)		(unique, 0xb400, 1)
instruction	CODE:2ca1	CODE:2e84	LCALL 0xa9ae	6	write	INTMEM	1	(register, 0x40, 1)		(unique, 0x1200, 1)
instruction	CODE:2ca1	CODE:2e87	LCALL 0x34de	4	write	INTMEM	1	(register, 0x40, 1)		(unique, 0xb400, 1)
instruction	CODE:2ca1	CODE:2e87	LCALL 0x34de	6	write	INTMEM	1	(register, 0x40, 1)		(unique, 0x1200, 1)
instruction	CODE:2ca1	CODE:2e8e	MOVX A,@DPTR	1	read	EXTMEM	1	(unique, 0x2800, 2)		
instruction	CODE:2ca1	CODE:2e96	LCALL 0xa9ae	4	write	INTMEM	1	(register, 0x40, 1)		(unique, 0xb400, 1)
instruction	CODE:2ca1	CODE:2e96	LCALL 0xa9ae	6	write	INTMEM	1	(register, 0x40, 1)		(unique, 0x1200, 1)
instruction	CODE:2ca1	CODE:2e9c	MOVX A,@DPTR	1	read	EXTMEM	1	(unique, 0x2800, 2)		
instruction	CODE:2ca1	CODE:2e9e	LCALL 0x939d	4	write	INTMEM	1	(register, 0x40, 1)		(unique, 0xb400, 1)
instruction	CODE:2ca1	CODE:2e9e	LCALL 0x939d	6	write	INTMEM	1	(register, 0x40, 1)		(unique, 0x1200, 1)
instruction	CODE:2ca1	CODE:2ea3	LCALL 0x2eca	4	write	INTMEM	1	(register, 0x40, 1)		(unique, 0xb400, 1)
instruction	CODE:2ca1	CODE:2ea3	LCALL 0x2eca	6	write	INTMEM	1	(register, 0x40, 1)		(unique, 0x1200, 1)
instruction	CODE:2ca1	CODE:2ea8	LCALL 0x33d6	4	write	INTMEM	1	(register, 0x40, 1)		(unique, 0xb400, 1)
instruction	CODE:2ca1	CODE:2ea8	LCALL 0x33d6	6	write	INTMEM	1	(register, 0x40, 1)		(unique, 0x1200, 1)
instruction	CODE:2ca1	CODE:2eab	LCALL 0x33ef	4	write	INTMEM	1	(register, 0x40, 1)		(unique, 0xb400, 1)
instruction	CODE:2ca1	CODE:2eab	LCALL 0x33ef	6	write	INTMEM	1	(register, 0x40, 1)		(unique, 0x1200, 1)
instruction	CODE:2ca1	CODE:2eb2	RET	1	read	INTMEM	1	(register, 0x40, 1)		
instruction	CODE:2ca1	CODE:2eb2	RET	3	read	INTMEM	1	(register, 0x40, 1)		
instruction	CODE:2ca1	CODE:2eb3	LCALL 0x33d6	4	write	INTMEM	1	(register, 0x40, 1)		(unique, 0xb400, 1)
instruction	CODE:2ca1	CODE:2eb3	LCALL 0x33d6	6	write	INTMEM	1	(register, 0x40, 1)		(unique, 0x1200, 1)
instruction	CODE:2ca1	CODE:2eb6	LCALL 0x33df	4	write	INTMEM	1	(register, 0x40, 1)		(unique, 0xb400, 1)
instruction	CODE:2ca1	CODE:2eb6	LCALL 0x33df	6	write	INTMEM	1	(register, 0x40, 1)		(unique, 0x1200, 1)
instruction	CODE:2ca1	CODE:2ebb	LCALL 0xa99c	4	write	INTMEM	1	(register, 0x40, 1)		(unique, 0xb400, 1)
instruction	CODE:2ca1	CODE:2ebb	LCALL 0xa99c	6	write	INTMEM	1	(register, 0x40, 1)		(unique, 0x1200, 1)
instruction	CODE:2ca1	CODE:2ec0	MOV A,@R0	0	read	INTMEM	1	(register, 0x0, 1)		
instruction	CODE:2ca1	CODE:2ec3	LCALL 0x34e9	4	write	INTMEM	1	(register, 0x40, 1)		(unique, 0xb400, 1)
instruction	CODE:2ca1	CODE:2ec3	LCALL 0x34e9	6	write	INTMEM	1	(register, 0x40, 1)		(unique, 0x1200, 1)
instruction	CODE:2ca1	CODE:2ec7	MOVX @DPTR,A	2	write	EXTMEM	1	(unique, 0x2800, 2)		(unique, 0x2900, 1)
instruction	CODE:2ca1	CODE:2ec9	RET	1	read	INTMEM	1	(register, 0x40, 1)		
instruction	CODE:2ca1	CODE:2ec9	RET	3	read	INTMEM	1	(register, 0x40, 1)		
instruction	CODE:2eca	CODE:2ece	LCALL 0x9a0d	4	write	INTMEM	1	(register, 0x40, 1)		(unique, 0xb400, 1)
instruction	CODE:2eca	CODE:2ece	LCALL 0x9a0d	6	write	INTMEM	1	(register, 0x40, 1)		(unique, 0x1200, 1)
instruction	CODE:2eca	CODE:2ed3	RET	1	read	INTMEM	1	(register, 0x40, 1)		
instruction	CODE:2eca	CODE:2ed3	RET	3	read	INTMEM	1	(register, 0x40, 1)		
instruction	CODE:2ed4	CODE:2ed6	MOV A,@R0	0	read	INTMEM	1	(register, 0x0, 1)		
instruction	CODE:2ed4	CODE:2edf	MOV A,@R0	0	read	INTMEM	1	(register, 0x0, 1)		
instruction	CODE:2ed4	CODE:2ee1	LCALL 0x621e	4	write	INTMEM	1	(register, 0x40, 1)		(unique, 0xb400, 1)
instruction	CODE:2ed4	CODE:2ee1	LCALL 0x621e	6	write	INTMEM	1	(register, 0x40, 1)		(unique, 0x1200, 1)
instruction	CODE:2ed4	CODE:2ee7	MOVX @DPTR,A	2	write	EXTMEM	1	(unique, 0x2800, 2)		(unique, 0x2900, 1)
instruction	CODE:2ed4	CODE:2eea	MOV A,@R0	0	read	INTMEM	1	(register, 0x0, 1)		
instruction	CODE:2ed4	CODE:2ef7	LCALL 0x6276	4	write	INTMEM	1	(register, 0x40, 1)		(unique, 0xb400, 1)
instruction	CODE:2ed4	CODE:2ef7	LCALL 0x6276	6	write	INTMEM	1	(register, 0x40, 1)		(unique, 0x1200, 1)
instruction	CODE:2ed4	CODE:2efc	LCALL 0x6248	4	write	INTMEM	1	(register, 0x40, 1)		(unique, 0xb400, 1)
instruction	CODE:2ed4	CODE:2efc	LCALL 0x6248	6	write	INTMEM	1	(register, 0x40, 1)		(unique, 0x1200, 1)
instruction	CODE:2ed4	CODE:2f00	MOVX @DPTR,A	2	write	EXTMEM	1	(unique, 0x2800, 2)		(unique, 0x2900, 1)
instruction	CODE:2ed4	CODE:2f02	MOVX @DPTR,A	2	write	EXTMEM	1	(unique, 0x2800, 2)		(unique, 0x2900, 1)
instruction	CODE:2ed4	CODE:2f05	LCALL 0x6266	4	write	INTMEM	1	(register, 0x40, 1)		(unique, 0xb400, 1)
instruction	CODE:2ed4	CODE:2f05	LCALL 0x6266	6	write	INTMEM	1	(register, 0x40, 1)		(unique, 0x1200, 1)
instruction	CODE:2ed4	CODE:2f09	MOVX A,@DPTR	1	read	EXTMEM	1	(unique, 0x2800, 2)		
instruction	CODE:2ed4	CODE:2f12	RET	1	read	INTMEM	1	(register, 0x40, 1)		
instruction	CODE:2ed4	CODE:2f12	RET	3	read	INTMEM	1	(register, 0x40, 1)		
instruction	CODE:2ed4	CODE:2f15	MOV A,@R0	0	read	INTMEM	1	(register, 0x0, 1)		
instruction	CODE:2ed4	CODE:2f23	MOVX @DPTR,A	2	write	EXTMEM	1	(unique, 0x2800, 2)		(unique, 0x2900, 1)
instruction	CODE:2ed4	CODE:2f24	LCALL 0x9800	4	write	INTMEM	1	(register, 0x40, 1)		(unique, 0xb400, 1)
instruction	CODE:2ed4	CODE:2f24	LCALL 0x9800	6	write	INTMEM	1	(register, 0x40, 1)		(unique, 0x1200, 1)
instruction	CODE:2ed4	CODE:2f29	MOV A,@R0	0	read	INTMEM	1	(register, 0x0, 1)		
instruction	CODE:2ed4	CODE:2f32	LCALL 0xa815	4	write	INTMEM	1	(register, 0x40, 1)		(unique, 0xb400, 1)
instruction	CODE:2ed4	CODE:2f32	LCALL 0xa815	6	write	INTMEM	1	(register, 0x40, 1)		(unique, 0x1200, 1)
instruction	CODE:2ed4	CODE:2f38	LCALL 0xae2a	4	write	INTMEM	1	(register, 0x40, 1)		(unique, 0xb400, 1)
instruction	CODE:2ed4	CODE:2f38	LCALL 0xae2a	6	write	INTMEM	1	(register, 0x40, 1)		(unique, 0x1200, 1)
instruction	CODE:2ed4	CODE:2f3b	LCALL 0x620e	4	write	INTMEM	1	(register, 0x40, 1)		(unique, 0xb400, 1)
instruction	CODE:2ed4	CODE:2f3b	LCALL 0x620e	6	write	INTMEM	1	(register, 0x40, 1)		(unique, 0x1200, 1)
instruction	CODE:2ed4	CODE:2f3e	MOVX A,@DPTR	1	read	EXTMEM	1	(unique, 0x2800, 2)		
instruction	CODE:2ed4	CODE:2f41	MOVX A,@DPTR	1	read	EXTMEM	1	(unique, 0x2800, 2)		
instruction	CODE:2ed4	CODE:2f46	MOVX @DPTR,A	2	write	EXTMEM	1	(unique, 0x2800, 2)		(unique, 0x2900, 1)
instruction	CODE:2ed4	CODE:2f49	MOVX @DPTR,A	2	write	EXTMEM	1	(unique, 0x2800, 2)		(unique, 0x2900, 1)
instruction	CODE:2ed4	CODE:2f4e	MOVX @DPTR,A	2	write	EXTMEM	1	(unique, 0x2800, 2)		(unique, 0x2900, 1)
instruction	CODE:2ed4	CODE:2f52	MOVX A,@DPTR	1	read	EXTMEM	1	(unique, 0x2800, 2)		
instruction	CODE:2ed4	CODE:2f57	MOVX A,@DPTR	1	read	EXTMEM	1	(unique, 0x2800, 2)		
instruction	CODE:2ed4	CODE:2f5c	MOVX A,@DPTR	1	read	EXTMEM	1	(unique, 0x2800, 2)		
instruction	CODE:2ed4	CODE:2f62	MOVX A,@DPTR	1	read	EXTMEM	1	(unique, 0x2800, 2)		
instruction	CODE:2ed4	CODE:2f68	MOVX A,@DPTR	1	read	EXTMEM	1	(unique, 0x2800, 2)		
instruction	CODE:2ed4	CODE:2f6e	MOVX @DPTR,A	2	write	EXTMEM	1	(unique, 0x2800, 2)		(unique, 0x2900, 1)
instruction	CODE:2ed4	CODE:2f71	MOVX @DPTR,A	2	write	EXTMEM	1	(unique, 0x2800, 2)		(unique, 0x2900, 1)
instruction	CODE:2ed4	CODE:2f76	LCALL 0x990c	4	write	INTMEM	1	(register, 0x40, 1)		(unique, 0xb400, 1)
instruction	CODE:2ed4	CODE:2f76	LCALL 0x990c	6	write	INTMEM	1	(register, 0x40, 1)		(unique, 0x1200, 1)
instruction	CODE:2ed4	CODE:2f7c	LCALL 0xadf3	4	write	INTMEM	1	(register, 0x40, 1)		(unique, 0xb400, 1)
instruction	CODE:2ed4	CODE:2f7c	LCALL 0xadf3	6	write	INTMEM	1	(register, 0x40, 1)		(unique, 0x1200, 1)
instruction	unassigned	CODE:2fb0	MOVX A,@DPTR	1	read	EXTMEM	1	(unique, 0x2800, 2)		
instruction	unassigned	CODE:2fb2	MOVX @DPTR,A	2	write	EXTMEM	1	(unique, 0x2800, 2)		(unique, 0x2900, 1)
instruction	CODE:2ed4	CODE:2fb8	MOVX A,@DPTR	1	read	EXTMEM	1	(unique, 0x2800, 2)		
instruction	CODE:2ed4	CODE:2fbb	MOVX A,@DPTR	1	read	EXTMEM	1	(unique, 0x2800, 2)		
instruction	CODE:2ed4	CODE:2fc4	MOVX A,@DPTR	1	read	EXTMEM	1	(unique, 0x2800, 2)		
instruction	CODE:2ed4	CODE:2fc6	MOVX @DPTR,A	2	write	EXTMEM	1	(unique, 0x2800, 2)		(unique, 0x2900, 1)
instruction	CODE:2ed4	CODE:2fca	MOVX A,@DPTR	1	read	EXTMEM	1	(unique, 0x2800, 2)		
instruction	CODE:2ed4	CODE:2fcd	LCALL 0x6215	4	write	INTMEM	1	(register, 0x40, 1)		(unique, 0xb400, 1)
instruction	CODE:2ed4	CODE:2fcd	LCALL 0x6215	6	write	INTMEM	1	(register, 0x40, 1)		(unique, 0x1200, 1)
instruction	CODE:2ed4	CODE:2fd3	LCALL 0xaa6d	4	write	INTMEM	1	(register, 0x40, 1)		(unique, 0xb400, 1)
instruction	CODE:2ed4	CODE:2fd3	LCALL 0xaa6d	6	write	INTMEM	1	(register, 0x40, 1)		(unique, 0x1200, 1)
instruction	CODE:2ed4	CODE:2fd6	LCALL 0x620e	4	write	INTMEM	1	(register, 0x40, 1)		(unique, 0xb400, 1)
instruction	CODE:2ed4	CODE:2fd6	LCALL 0x620e	6	write	INTMEM	1	(register, 0x40, 1)		(unique, 0x1200, 1)
instruction	CODE:2ed4	CODE:2fd9	MOVX A,@DPTR	1	read	EXTMEM	1	(unique, 0x2800, 2)		
instruction	CODE:2ed4	CODE:2fdc	MOVX A,@DPTR	1	read	EXTMEM	1	(unique, 0x2800, 2)		
instruction	CODE:2ed4	CODE:2fe0	MOV A,@R0	0	read	INTMEM	1	(register, 0x0, 1)		
instruction	CODE:2ed4	CODE:2fe5	MOV A,@R0	0	read	INTMEM	1	(register, 0x0, 1)		
instruction	CODE:2ed4	CODE:2ff2	RET	1	read	INTMEM	1	(register, 0x40, 1)		
instruction	CODE:2ed4	CODE:2ff2	RET	3	read	INTMEM	1	(register, 0x40, 1)		
instruction	CODE:2ed4	CODE:2ff5	RET	1	read	INTMEM	1	(register, 0x40, 1)		
instruction	CODE:2ed4	CODE:2ff5	RET	3	read	INTMEM	1	(register, 0x40, 1)		
instruction	CODE:2ff6	CODE:2ff9	MOVX A,@DPTR	1	read	EXTMEM	1	(unique, 0x2800, 2)		
instruction	CODE:2ff6	CODE:2fff	RET	1	read	INTMEM	1	(register, 0x40, 1)		
instruction	CODE:2ff6	CODE:2fff	RET	3	read	INTMEM	1	(register, 0x40, 1)		
instruction	CODE:3000	CODE:3005	MOVX @DPTR,A	2	write	EXTMEM	1	(unique, 0x2800, 2)		(unique, 0x2900, 1)
instruction	CODE:3000	CODE:3009	MOVX A,@DPTR	1	read	EXTMEM	1	(unique, 0x2800, 2)		
instruction	CODE:3000	CODE:300d	LCALL 0x1ef6	4	write	INTMEM	1	(register, 0x40, 1)		(unique, 0xb400, 1)
instruction	CODE:3000	CODE:300d	LCALL 0x1ef6	6	write	INTMEM	1	(register, 0x40, 1)		(unique, 0x1200, 1)
instruction	CODE:3000	CODE:3013	MOVX A,@DPTR	1	read	EXTMEM	1	(unique, 0x2800, 2)		
instruction	CODE:3000	CODE:3017	LCALL 0x1ef6	4	write	INTMEM	1	(register, 0x40, 1)		(unique, 0xb400, 1)
instruction	CODE:3000	CODE:3017	LCALL 0x1ef6	6	write	INTMEM	1	(register, 0x40, 1)		(unique, 0x1200, 1)
instruction	CODE:3000	CODE:301d	MOVX A,@DPTR	1	read	EXTMEM	1	(unique, 0x2800, 2)		
instruction	CODE:3000	CODE:3023	MOVX @DPTR,A	2	write	EXTMEM	1	(unique, 0x2800, 2)		(unique, 0x2900, 1)
instruction	CODE:3000	CODE:3026	MOVX @DPTR,A	2	write	EXTMEM	1	(unique, 0x2800, 2)		(unique, 0x2900, 1)
instruction	CODE:3000	CODE:302a	MOVX A,@DPTR	1	read	EXTMEM	1	(unique, 0x2800, 2)		
instruction	CODE:3000	CODE:302e	MOVX @DPTR,A	2	write	EXTMEM	1	(unique, 0x2800, 2)		(unique, 0x2900, 1)
instruction	CODE:3000	CODE:3031	LCALL 0x9000	4	write	INTMEM	1	(register, 0x40, 1)		(unique, 0xb400, 1)
instruction	CODE:3000	CODE:3031	LCALL 0x9000	6	write	INTMEM	1	(register, 0x40, 1)		(unique, 0x1200, 1)
instruction	CODE:3000	CODE:3034	LCALL 0x1e48	4	write	INTMEM	1	(register, 0x40, 1)		(unique, 0xb400, 1)
instruction	CODE:3000	CODE:3034	LCALL 0x1e48	6	write	INTMEM	1	(register, 0x40, 1)		(unique, 0x1200, 1)
instruction	CODE:3000	CODE:3037	MOV A,@R0	0	read	INTMEM	1	(register, 0x0, 1)		
instruction	CODE:3000	CODE:303c	LCALL 0xa6cd	4	write	INTMEM	1	(register, 0x40, 1)		(unique, 0xb400, 1)
instruction	CODE:3000	CODE:303c	LCALL 0xa6cd	6	write	INTMEM	1	(register, 0x40, 1)		(unique, 0x1200, 1)
instruction	CODE:3000	CODE:3043	MOVX @DPTR,A	2	write	EXTMEM	1	(unique, 0x2800, 2)		(unique, 0x2900, 1)
instruction	CODE:3000	CODE:3048	MOVX A,@DPTR	1	read	EXTMEM	1	(unique, 0x2800, 2)		
instruction	CODE:3000	CODE:304d	MOVX A,@DPTR	1	read	EXTMEM	1	(unique, 0x2800, 2)		
instruction	CODE:3000	CODE:3055	MOVX A,@DPTR	1	read	EXTMEM	1	(unique, 0x2800, 2)		
instruction	CODE:3000	CODE:3058	LCALL 0xa6d3	4	write	INTMEM	1	(register, 0x40, 1)		(unique, 0xb400, 1)
instruction	CODE:3000	CODE:3058	LCALL 0xa6d3	6	write	INTMEM	1	(register, 0x40, 1)		(unique, 0x1200, 1)
instruction	CODE:3000	CODE:305d	LCALL 0xa63f	4	write	INTMEM	1	(register, 0x40, 1)		(unique, 0xb400, 1)
instruction	CODE:3000	CODE:305d	LCALL 0xa63f	6	write	INTMEM	1	(register, 0x40, 1)		(unique, 0x1200, 1)
instruction	CODE:3000	CODE:3066	LCALL 0x87aa	4	write	INTMEM	1	(register, 0x40, 1)		(unique, 0xb400, 1)
instruction	CODE:3000	CODE:3066	LCALL 0x87aa	6	write	INTMEM	1	(register, 0x40, 1)		(unique, 0x1200, 1)
instruction	CODE:3000	CODE:306f	LCALL 0x9a0d	4	write	INTMEM	1	(register, 0x40, 1)		(unique, 0xb400, 1)
instruction	CODE:3000	CODE:306f	LCALL 0x9a0d	6	write	INTMEM	1	(register, 0x40, 1)		(unique, 0x1200, 1)
instruction	CODE:3000	CODE:3078	LCALL 0xa153	4	write	INTMEM	1	(register, 0x40, 1)		(unique, 0xb400, 1)
instruction	CODE:3000	CODE:3078	LCALL 0xa153	6	write	INTMEM	1	(register, 0x40, 1)		(unique, 0x1200, 1)
instruction	CODE:3000	CODE:3083	LCALL 0x87aa	4	write	INTMEM	1	(register, 0x40, 1)		(unique, 0xb400, 1)
instruction	CODE:3000	CODE:3083	LCALL 0x87aa	6	write	INTMEM	1	(register, 0x40, 1)		(unique, 0x1200, 1)
instruction	CODE:3000	CODE:3088	LCALL 0xa646	4	write	INTMEM	1	(register, 0x40, 1)		(unique, 0xb400, 1)
instruction	CODE:3000	CODE:3088	LCALL 0xa646	6	write	INTMEM	1	(register, 0x40, 1)		(unique, 0x1200, 1)
instruction	CODE:3000	CODE:308d	LCALL 0x1ec9	4	write	INTMEM	1	(register, 0x40, 1)		(unique, 0xb400, 1)
instruction	CODE:3000	CODE:308d	LCALL 0x1ec9	6	write	INTMEM	1	(register, 0x40, 1)		(unique, 0x1200, 1)
instruction	CODE:3000	CODE:3097	LCALL 0x1e98	4	write	INTMEM	1	(register, 0x40, 1)		(unique, 0xb400, 1)
instruction	CODE:3000	CODE:3097	LCALL 0x1e98	6	write	INTMEM	1	(register, 0x40, 1)		(unique, 0x1200, 1)
instruction	CODE:3000	CODE:309a	XRL A,@R1	0	read	INTMEM	1	(register, 0x1, 1)		
instruction	CODE:3000	CODE:309f	XRL A,@R1	0	read	INTMEM	1	(register, 0x1, 1)		
instruction	CODE:3000	CODE:30a2	LCALL 0x1e39	4	write	INTMEM	1	(register, 0x40, 1)		(unique, 0xb400, 1)
instruction	CODE:3000	CODE:30a2	LCALL 0x1e39	6	write	INTMEM	1	(register, 0x40, 1)		(unique, 0x1200, 1)
instruction	CODE:3000	CODE:30a9	LCALL 0x8800	4	write	INTMEM	1	(register, 0x40, 1)		(unique, 0xb400, 1)
instruction	CODE:3000	CODE:30a9	LCALL 0x8800	6	write	INTMEM	1	(register, 0x40, 1)		(unique, 0x1200, 1)
instruction	CODE:3000	CODE:30ae	LCALL 0x9000	4	write	INTMEM	1	(register, 0x40, 1)		(unique, 0xb400, 1)
instruction	CODE:3000	CODE:30ae	LCALL 0x9000	6	write	INTMEM	1	(register, 0x40, 1)		(unique, 0x1200, 1)
instruction	CODE:3000	CODE:30b1	LCALL 0xa356	4	write	INTMEM	1	(register, 0x40, 1)		(unique, 0xb400, 1)
instruction	CODE:3000	CODE:30b1	LCALL 0xa356	6	write	INTMEM	1	(register, 0x40, 1)		(unique, 0x1200, 1)
instruction	CODE:3000	CODE:30bb	LCALL 0x9e27	4	write	INTMEM	1	(register, 0x40, 1)		(unique, 0xb400, 1)
instruction	CODE:3000	CODE:30bb	LCALL 0x9e27	6	write	INTMEM	1	(register, 0x40, 1)		(unique, 0x1200, 1)
instruction	CODE:3000	CODE:30c2	LCALL 0xa638	4	write	INTMEM	1	(register, 0x40, 1)		(unique, 0xb400, 1)
instruction	CODE:3000	CODE:30c2	LCALL 0xa638	6	write	INTMEM	1	(register, 0x40, 1)		(unique, 0x1200, 1)
instruction	CODE:3000	CODE:30cb	LCALL 0x87aa	4	write	INTMEM	1	(register, 0x40, 1)		(unique, 0xb400, 1)
instruction	CODE:3000	CODE:30cb	LCALL 0x87aa	6	write	INTMEM	1	(register, 0x40, 1)		(unique, 0x1200, 1)
instruction	CODE:3000	CODE:30ce	LCALL 0x1ec9	4	write	INTMEM	1	(register, 0x40, 1)		(unique, 0xb400, 1)
instruction	CODE:3000	CODE:30ce	LCALL 0x1ec9	6	write	INTMEM	1	(register, 0x40, 1)		(unique, 0x1200, 1)
instruction	CODE:3000	CODE:30d8	LCALL 0x1e98	4	write	INTMEM	1	(register, 0x40, 1)		(unique, 0xb400, 1)
instruction	CODE:3000	CODE:30d8	LCALL 0x1e98	6	write	INTMEM	1	(register, 0x40, 1)		(unique, 0x1200, 1)
instruction	CODE:3000	CODE:30db	XRL A,@R1	0	read	INTMEM	1	(register, 0x1, 1)		
instruction	CODE:3000	CODE:30e0	XRL A,@R1	0	read	INTMEM	1	(register, 0x1, 1)		
instruction	CODE:3000	CODE:30e3	LCALL 0x1e39	4	write	INTMEM	1	(register, 0x40, 1)		(unique, 0xb400, 1)
instruction	CODE:3000	CODE:30e3	LCALL 0x1e39	6	write	INTMEM	1	(register, 0x40, 1)		(unique, 0x1200, 1)
instruction	CODE:3000	CODE:30ea	LCALL 0x8800	4	write	INTMEM	1	(register, 0x40, 1)		(unique, 0xb400, 1)
instruction	CODE:3000	CODE:30ea	LCALL 0x8800	6	write	INTMEM	1	(register, 0x40, 1)		(unique, 0x1200, 1)
instruction	CODE:3000	CODE:30f0	MOVX A,@DPTR	1	read	EXTMEM	1	(unique, 0x2800, 2)		
instruction	CODE:3000	CODE:30f6	MOVX A,@DPTR	1	read	EXTMEM	1	(unique, 0x2800, 2)		
instruction	CODE:3000	CODE:30fa	MOVX @DPTR,A	2	write	EXTMEM	1	(unique, 0x2800, 2)		(unique, 0x2900, 1)
instruction	CODE:3000	CODE:3102	MOVX A,@DPTR	1	read	EXTMEM	1	(unique, 0x2800, 2)		
instruction	CODE:3000	CODE:310b	MOVX A,@DPTR	1	read	EXTMEM	1	(unique, 0x2800, 2)		
instruction	CODE:3000	CODE:310f	MOVX @DPTR,A	2	write	EXTMEM	1	(unique, 0x2800, 2)		(unique, 0x2900, 1)
instruction	CODE:3000	CODE:3114	LCALL 0x9733	4	write	INTMEM	1	(register, 0x40, 1)		(unique, 0xb400, 1)
instruction	CODE:3000	CODE:3114	LCALL 0x9733	6	write	INTMEM	1	(register, 0x40, 1)		(unique, 0x1200, 1)
instruction	CODE:3000	CODE:311a	MOVX A,@DPTR	1	read	EXTMEM	1	(unique, 0x2800, 2)		
instruction	CODE:3000	CODE:311e	MOV @R0,#0x0	1	write	INTMEM	1	(register, 0x0, 1)		(unique, 0x2a00, 1)
instruction	CODE:3000	CODE:3121	MOV @R0,0x07	1	write	INTMEM	1	(register, 0x0, 1)		(unique, 0x2a00, 1)
instruction	CODE:3000	CODE:3126	MOVX A,@DPTR	1	read	EXTMEM	1	(unique, 0x2800, 2)		
instruction	CODE:3000	CODE:3129	MOVX A,@DPTR	1	read	EXTMEM	1	(unique, 0x2800, 2)		
instruction	CODE:3000	CODE:312d	MOV @R0,0x06	1	write	INTMEM	1	(register, 0x0, 1)		(unique, 0x2a00, 1)
instruction	CODE:3000	CODE:3130	MOV @R0,0x07	1	write	INTMEM	1	(register, 0x0, 1)		(unique, 0x2a00, 1)
instruction	CODE:3000	CODE:3135	MOVX A,@DPTR	1	read	EXTMEM	1	(unique, 0x2800, 2)		
instruction	CODE:3000	CODE:3138	MOVX A,@DPTR	1	read	EXTMEM	1	(unique, 0x2800, 2)		
instruction	CODE:3000	CODE:313b	MOV @R0,0x06	1	write	INTMEM	1	(register, 0x0, 1)		(unique, 0x2a00, 1)
instruction	CODE:3000	CODE:313e	MOV @R0,0x07	1	write	INTMEM	1	(register, 0x0, 1)		(unique, 0x2a00, 1)
instruction	CODE:3000	CODE:3143	LCALL 0x1f10	4	write	INTMEM	1	(register, 0x40, 1)		(unique, 0xb400, 1)
instruction	CODE:3000	CODE:3143	LCALL 0x1f10	6	write	INTMEM	1	(register, 0x40, 1)		(unique, 0x1200, 1)
instruction	CODE:3000	CODE:3146	LCALL 0x1d2a	4	write	INTMEM	1	(register, 0x40, 1)		(unique, 0xb400, 1)
instruction	CODE:3000	CODE:3146	LCALL 0x1d2a	6	write	INTMEM	1	(register, 0x40, 1)		(unique, 0x1200, 1)
instruction	CODE:3000	CODE:314b	MOVX @DPTR,A	2	write	EXTMEM	1	(unique, 0x2800, 2)		(unique, 0x2900, 1)
instruction	CODE:3000	CODE:314e	MOV A,@R0	0	read	INTMEM	1	(register, 0x0, 1)		
instruction	CODE:3000	CODE:314f	LCALL 0x1d1f	4	write	INTMEM	1	(register, 0x40, 1)		(unique, 0xb400, 1)
instruction	CODE:3000	CODE:314f	LCALL 0x1d1f	6	write	INTMEM	1	(register, 0x40, 1)		(unique, 0x1200, 1)
instruction	CODE:3000	CODE:3153	MOVX @DPTR,A	2	write	EXTMEM	1	(unique, 0x2800, 2)		(unique, 0x2900, 1)
instruction	CODE:3000	CODE:3156	MOV A,@R0	0	read	INTMEM	1	(register, 0x0, 1)		
instruction	CODE:3000	CODE:3157	LCALL 0x1d1f	4	write	INTMEM	1	(register, 0x40, 1)		(unique, 0xb400, 1)
instruction	CODE:3000	CODE:3157	LCALL 0x1d1f	6	write	INTMEM	1	(register, 0x40, 1)		(unique, 0x1200, 1)
instruction	CODE:3000	CODE:315b	MOVX @DPTR,A	2	write	EXTMEM	1	(unique, 0x2800, 2)		(unique, 0x2900, 1)
instruction	CODE:3000	CODE:315e	MOV A,@R0	0	read	INTMEM	1	(register, 0x0, 1)		
instruction	CODE:3000	CODE:315f	LCALL 0x1d1f	4	write	INTMEM	1	(register, 0x40, 1)		(unique, 0xb400, 1)
instruction	CODE:3000	CODE:315f	LCALL 0x1d1f	6	write	INTMEM	1	(register, 0x40, 1)		(unique, 0x1200, 1)
instruction	CODE:3000	CODE:3163	MOVX @DPTR,A	2	write	EXTMEM	1	(unique, 0x2800, 2)		(unique, 0x2900, 1)
instruction	CODE:3000	CODE:3166	MOV A,@R0	0	read	INTMEM	1	(register, 0x0, 1)		
instruction	CODE:3000	CODE:3167	LCALL 0x1d1f	4	write	INTMEM	1	(register, 0x40, 1)		(unique, 0xb400, 1)
instruction	CODE:3000	CODE:3167	LCALL 0x1d1f	6	write	INTMEM	1	(register, 0x40, 1)		(unique, 0x1200, 1)
instruction	CODE:3000	CODE:316b	MOVX @DPTR,A	2	write	EXTMEM	1	(unique, 0x2800, 2)		(unique, 0x2900, 1)
instruction	CODE:3000	CODE:316d	MOV A,@R0	0	read	INTMEM	1	(register, 0x0, 1)		
instruction	CODE:3000	CODE:316e	LCALL 0x1d1f	4	write	INTMEM	1	(register, 0x40, 1)		(unique, 0xb400, 1)
instruction	CODE:3000	CODE:316e	LCALL 0x1d1f	6	write	INTMEM	1	(register, 0x40, 1)		(unique, 0x1200, 1)
instruction	CODE:3000	CODE:3172	MOVX @DPTR,A	2	write	EXTMEM	1	(unique, 0x2800, 2)		(unique, 0x2900, 1)
instruction	CODE:3000	CODE:3175	MOV A,@R0	0	read	INTMEM	1	(register, 0x0, 1)		
instruction	CODE:3000	CODE:3176	LCALL 0x1d1f	4	write	INTMEM	1	(register, 0x40, 1)		(unique, 0xb400, 1)
instruction	CODE:3000	CODE:3176	LCALL 0x1d1f	6	write	INTMEM	1	(register, 0x40, 1)		(unique, 0x1200, 1)
instruction	CODE:3000	CODE:317a	MOVX @DPTR,A	2	write	EXTMEM	1	(unique, 0x2800, 2)		(unique, 0x2900, 1)
instruction	CODE:3000	CODE:317e	MOVX A,@DPTR	1	read	EXTMEM	1	(unique, 0x2800, 2)		
instruction	CODE:3000	CODE:317f	LCALL 0x1d1f	4	write	INTMEM	1	(register, 0x40, 1)		(unique, 0xb400, 1)
instruction	CODE:3000	CODE:317f	LCALL 0x1d1f	6	write	INTMEM	1	(register, 0x40, 1)		(unique, 0x1200, 1)
instruction	CODE:3000	CODE:3183	MOVX @DPTR,A	2	write	EXTMEM	1	(unique, 0x2800, 2)		(unique, 0x2900, 1)
instruction	CODE:3000	CODE:3186	LCALL 0x1d06	4	write	INTMEM	1	(register, 0x40, 1)		(unique, 0xb400, 1)
instruction	CODE:3000	CODE:3186	LCALL 0x1d06	6	write	INTMEM	1	(register, 0x40, 1)		(unique, 0x1200, 1)
instruction	CODE:3000	CODE:318a	MOVX @DPTR,A	2	write	EXTMEM	1	(unique, 0x2800, 2)		(unique, 0x2900, 1)
instruction	CODE:3000	CODE:318c	LCALL 0x1d06	4	write	INTMEM	1	(register, 0x40, 1)		(unique, 0xb400, 1)
instruction	CODE:3000	CODE:318c	LCALL 0x1d06	6	write	INTMEM	1	(register, 0x40, 1)		(unique, 0x1200, 1)
instruction	CODE:3000	CODE:3190	MOVX @DPTR,A	2	write	EXTMEM	1	(unique, 0x2800, 2)		(unique, 0x2900, 1)
instruction	CODE:3000	CODE:3193	LCALL 0x1d06	4	write	INTMEM	1	(register, 0x40, 1)		(unique, 0xb400, 1)
instruction	CODE:3000	CODE:3193	LCALL 0x1d06	6	write	INTMEM	1	(register, 0x40, 1)		(unique, 0x1200, 1)
instruction	CODE:3000	CODE:3197	MOVX @DPTR,A	2	write	EXTMEM	1	(unique, 0x2800, 2)		(unique, 0x2900, 1)
instruction	CODE:3000	CODE:319a	LCALL 0x1d06	4	write	INTMEM	1	(register, 0x40, 1)		(unique, 0xb400, 1)
instruction	CODE:3000	CODE:319a	LCALL 0x1d06	6	write	INTMEM	1	(register, 0x40, 1)		(unique, 0x1200, 1)
instruction	CODE:3000	CODE:319e	MOVX @DPTR,A	2	write	EXTMEM	1	(unique, 0x2800, 2)		(unique, 0x2900, 1)
instruction	CODE:3000	CODE:31a1	LCALL 0x1d06	4	write	INTMEM	1	(register, 0x40, 1)		(unique, 0xb400, 1)
instruction	CODE:3000	CODE:31a1	LCALL 0x1d06	6	write	INTMEM	1	(register, 0x40, 1)		(unique, 0x1200, 1)
instruction	CODE:3000	CODE:31a5	MOVX @DPTR,A	2	write	EXTMEM	1	(unique, 0x2800, 2)		(unique, 0x2900, 1)
instruction	CODE:3000	CODE:31a8	LCALL 0x1d06	4	write	INTMEM	1	(register, 0x40, 1)		(unique, 0xb400, 1)
instruction	CODE:3000	CODE:31a8	LCALL 0x1d06	6	write	INTMEM	1	(register, 0x40, 1)		(unique, 0x1200, 1)
instruction	CODE:3000	CODE:31ac	MOVX @DPTR,A	2	write	EXTMEM	1	(unique, 0x2800, 2)		(unique, 0x2900, 1)
instruction	CODE:3000	CODE:31af	MOV A,@R0	0	read	INTMEM	1	(register, 0x0, 1)		
instruction	CODE:3000	CODE:31b0	LCALL 0x1d1f	4	write	INTMEM	1	(register, 0x40, 1)		(unique, 0xb400, 1)
instruction	CODE:3000	CODE:31b0	LCALL 0x1d1f	6	write	INTMEM	1	(register, 0x40, 1)		(unique, 0x1200, 1)
instruction	CODE:3000	CODE:31b4	MOVX @DPTR,A	2	write	EXTMEM	1	(unique, 0x2800, 2)		(unique, 0x2900, 1)
instruction	CODE:3000	CODE:31b8	MOVX A,@DPTR	1	read	EXTMEM	1	(unique, 0x2800, 2)		
instruction	CODE:3000	CODE:31b9	LCALL 0x1d1f	4	write	INTMEM	1	(register, 0x40, 1)		(unique, 0xb400, 1)
instruction	CODE:3000	CODE:31b9	LCALL 0x1d1f	6	write	INTMEM	1	(register, 0x40, 1)		(unique, 0x1200, 1)
instruction	CODE:3000	CODE:31bd	MOVX @DPTR,A	2	write	EXTMEM	1	(unique, 0x2800, 2)		(unique, 0x2900, 1)
instruction	CODE:3000	CODE:31c2	MOVX A,@DPTR	1	read	EXTMEM	1	(unique, 0x2800, 2)		
instruction	CODE:3000	CODE:31c3	LCALL 0x1d1f	4	write	INTMEM	1	(register, 0x40, 1)		(unique, 0xb400, 1)
instruction	CODE:3000	CODE:31c3	LCALL 0x1d1f	6	write	INTMEM	1	(register, 0x40, 1)		(unique, 0x1200, 1)
instruction	CODE:3000	CODE:31c7	MOVX @DPTR,A	2	write	EXTMEM	1	(unique, 0x2800, 2)		(unique, 0x2900, 1)
instruction	CODE:3000	CODE:31cb	MOVX A,@DPTR	1	read	EXTMEM	1	(unique, 0x2800, 2)		
instruction	CODE:3000	CODE:31ce	MOVX A,@DPTR	1	read	EXTMEM	1	(unique, 0x2800, 2)		
instruction	CODE:3000	CODE:31cf	LCALL 0x1d0a	4	write	INTMEM	1	(register, 0x40, 1)		(unique, 0xb400, 1)
instruction	CODE:3000	CODE:31cf	LCALL 0x1d0a	6	write	INTMEM	1	(register, 0x40, 1)		(unique, 0x1200, 1)
instruction	CODE:3000	CODE:31d3	MOVX @DPTR,A	2	write	EXTMEM	1	(unique, 0x2800, 2)		(unique, 0x2900, 1)
instruction	CODE:3000	CODE:31d7	MOVX A,@DPTR	1	read	EXTMEM	1	(unique, 0x2800, 2)		
instruction	CODE:3000	CODE:31dc	RET	1	read	INTMEM	1	(register, 0x40, 1)		
instruction	CODE:3000	CODE:31dc	RET	3	read	INTMEM	1	(register, 0x40, 1)		
instruction	CODE:31dd	CODE:31e1	MOVX @DPTR,A	2	write	EXTMEM	1	(unique, 0x2800, 2)		(unique, 0x2900, 1)
instruction	CODE:31dd	CODE:31e4	MOVX @DPTR,A	2	write	EXTMEM	1	(unique, 0x2800, 2)		(unique, 0x2900, 1)
instruction	CODE:31dd	CODE:31f3	MOVX A,@DPTR	1	read	EXTMEM	1	(unique, 0x2800, 2)		
instruction	CODE:31dd	CODE:31f7	MOVX A,@DPTR	1	read	EXTMEM	1	(unique, 0x2800, 2)		
instruction	CODE:31dd	CODE:3207	MOVX A,@DPTR	1	read	EXTMEM	1	(unique, 0x2800, 2)		
instruction	CODE:31dd	CODE:320b	MOVX A,@DPTR	1	read	EXTMEM	1	(unique, 0x2800, 2)		
instruction	CODE:31dd	CODE:321b	MOVX A,@DPTR	1	read	EXTMEM	1	(unique, 0x2800, 2)		
instruction	CODE:31dd	CODE:321f	MOVX A,@DPTR	1	read	EXTMEM	1	(unique, 0x2800, 2)		
instruction	CODE:31dd	CODE:322f	MOVX A,@DPTR	1	read	EXTMEM	1	(unique, 0x2800, 2)		
instruction	CODE:31dd	CODE:3233	MOVX A,@DPTR	1	read	EXTMEM	1	(unique, 0x2800, 2)		
instruction	CODE:31dd	CODE:3243	MOVX A,@DPTR	1	read	EXTMEM	1	(unique, 0x2800, 2)		
instruction	CODE:31dd	CODE:3247	MOVX A,@DPTR	1	read	EXTMEM	1	(unique, 0x2800, 2)		
instruction	CODE:31dd	CODE:3257	MOVX A,@DPTR	1	read	EXTMEM	1	(unique, 0x2800, 2)		
instruction	CODE:31dd	CODE:325b	MOVX A,@DPTR	1	read	EXTMEM	1	(unique, 0x2800, 2)		
instruction	CODE:31dd	CODE:326b	MOVX A,@DPTR	1	read	EXTMEM	1	(unique, 0x2800, 2)		
instruction	CODE:31dd	CODE:326f	MOVX A,@DPTR	1	read	EXTMEM	1	(unique, 0x2800, 2)		
instruction	CODE:31dd	CODE:327f	MOVX A,@DPTR	1	read	EXTMEM	1	(unique, 0x2800, 2)		
instruction	CODE:31dd	CODE:3283	MOVX A,@DPTR	1	read	EXTMEM	1	(unique, 0x2800, 2)		
instruction	CODE:31dd	CODE:3293	MOVX A,@DPTR	1	read	EXTMEM	1	(unique, 0x2800, 2)		
instruction	CODE:31dd	CODE:3297	MOVX A,@DPTR	1	read	EXTMEM	1	(unique, 0x2800, 2)		
instruction	CODE:31dd	CODE:32a7	MOVX A,@DPTR	1	read	EXTMEM	1	(unique, 0x2800, 2)		
instruction	CODE:31dd	CODE:32ab	MOVX A,@DPTR	1	read	EXTMEM	1	(unique, 0x2800, 2)		
instruction	CODE:31dd	CODE:32bb	MOVX A,@DPTR	1	read	EXTMEM	1	(unique, 0x2800, 2)		
instruction	CODE:31dd	CODE:32bf	MOVX A,@DPTR	1	read	EXTMEM	1	(unique, 0x2800, 2)		
instruction	CODE:31dd	CODE:32cf	MOVX A,@DPTR	1	read	EXTMEM	1	(unique, 0x2800, 2)		
instruction	CODE:31dd	CODE:32d3	MOVX A,@DPTR	1	read	EXTMEM	1	(unique, 0x2800, 2)		
instruction	CODE:31dd	CODE:32e3	MOVX A,@DPTR	1	read	EXTMEM	1	(unique, 0x2800, 2)		
instruction	CODE:31dd	CODE:32e7	MOVX A,@DPTR	1	read	EXTMEM	1	(unique, 0x2800, 2)		
instruction	CODE:31dd	CODE:32f7	MOVX A,@DPTR	1	read	EXTMEM	1	(unique, 0x2800, 2)		
instruction	CODE:31dd	CODE:32fb	MOVX A,@DPTR	1	read	EXTMEM	1	(unique, 0x2800, 2)		
instruction	CODE:31dd	CODE:330b	MOVX A,@DPTR	1	read	EXTMEM	1	(unique, 0x2800, 2)		
instruction	CODE:31dd	CODE:330f	MOVX A,@DPTR	1	read	EXTMEM	1	(unique, 0x2800, 2)		
instruction	CODE:31dd	CODE:331f	MOVX A,@DPTR	1	read	EXTMEM	1	(unique, 0x2800, 2)		
instruction	CODE:31dd	CODE:3323	MOVX A,@DPTR	1	read	EXTMEM	1	(unique, 0x2800, 2)		
instruction	CODE:31dd	CODE:3333	MOVX A,@DPTR	1	read	EXTMEM	1	(unique, 0x2800, 2)		
instruction	CODE:31dd	CODE:3337	MOVX A,@DPTR	1	read	EXTMEM	1	(unique, 0x2800, 2)		
instruction	CODE:31dd	CODE:3347	MOVX A,@DPTR	1	read	EXTMEM	1	(unique, 0x2800, 2)		
instruction	CODE:31dd	CODE:334b	MOVX A,@DPTR	1	read	EXTMEM	1	(unique, 0x2800, 2)		
instruction	CODE:31dd	CODE:335b	MOVX A,@DPTR	1	read	EXTMEM	1	(unique, 0x2800, 2)		
instruction	CODE:31dd	CODE:335f	MOVX A,@DPTR	1	read	EXTMEM	1	(unique, 0x2800, 2)		
instruction	CODE:31dd	CODE:336f	MOVX A,@DPTR	1	read	EXTMEM	1	(unique, 0x2800, 2)		
instruction	CODE:31dd	CODE:3373	MOVX A,@DPTR	1	read	EXTMEM	1	(unique, 0x2800, 2)		
instruction	CODE:31dd	CODE:3383	MOVX A,@DPTR	1	read	EXTMEM	1	(unique, 0x2800, 2)		
instruction	CODE:31dd	CODE:3387	MOVX A,@DPTR	1	read	EXTMEM	1	(unique, 0x2800, 2)		
instruction	CODE:31dd	CODE:3397	MOVX A,@DPTR	1	read	EXTMEM	1	(unique, 0x2800, 2)		
instruction	CODE:31dd	CODE:339b	MOVX A,@DPTR	1	read	EXTMEM	1	(unique, 0x2800, 2)		
instruction	CODE:31dd	CODE:33af	LCALL 0x4790	4	write	INTMEM	1	(register, 0x40, 1)		(unique, 0xb400, 1)
instruction	CODE:31dd	CODE:33af	LCALL 0x4790	6	write	INTMEM	1	(register, 0x40, 1)		(unique, 0x1200, 1)
instruction	CODE:31dd	CODE:33b4	MOVX @DPTR,A	2	write	EXTMEM	1	(unique, 0x2800, 2)		(unique, 0x2900, 1)
instruction	CODE:31dd	CODE:33b5	LCALL 0x87aa	4	write	INTMEM	1	(register, 0x40, 1)		(unique, 0xb400, 1)
instruction	CODE:31dd	CODE:33b5	LCALL 0x87aa	6	write	INTMEM	1	(register, 0x40, 1)		(unique, 0x1200, 1)
instruction	CODE:31dd	CODE:33b8	RET	1	read	INTMEM	1	(register, 0x40, 1)		
instruction	CODE:31dd	CODE:33b8	RET	3	read	INTMEM	1	(register, 0x40, 1)		
instruction	CODE:33b9	CODE:33bc	LCALL 0xadf3	4	write	INTMEM	1	(register, 0x40, 1)		(unique, 0xb400, 1)
instruction	CODE:33b9	CODE:33bc	LCALL 0xadf3	6	write	INTMEM	1	(register, 0x40, 1)		(unique, 0x1200, 1)
instruction	CODE:33d3	CODE:33d3	LCALL 0xa99c	4	write	INTMEM	1	(register, 0x40, 1)		(unique, 0xb400, 1)
instruction	CODE:33d3	CODE:33d3	LCALL 0xa99c	6	write	INTMEM	1	(register, 0x40, 1)		(unique, 0x1200, 1)
instruction	CODE:33dc	CODE:33dc	LCALL 0xa9ae	4	write	INTMEM	1	(register, 0x40, 1)		(unique, 0xb400, 1)
instruction	CODE:33dc	CODE:33dc	LCALL 0xa9ae	6	write	INTMEM	1	(register, 0x40, 1)		(unique, 0x1200, 1)
instruction	CODE:33e9	CODE:33ec	LCALL 0xadf3	4	write	INTMEM	1	(register, 0x40, 1)		(unique, 0xb400, 1)
instruction	CODE:33e9	CODE:33ec	LCALL 0xadf3	6	write	INTMEM	1	(register, 0x40, 1)		(unique, 0x1200, 1)
instruction	CODE:33f5	CODE:33fd	MOVX @DPTR,A	2	write	EXTMEM	1	(unique, 0x2800, 2)		(unique, 0x2900, 1)
instruction	CODE:3401	CODE:3408	RET	1	read	INTMEM	1	(register, 0x40, 1)		
instruction	CODE:3401	CODE:3408	RET	3	read	INTMEM	1	(register, 0x40, 1)		
instruction	CODE:3409	CODE:340b	MOV A,@R0	0	read	INTMEM	1	(register, 0x0, 1)		
instruction	CODE:3409	CODE:3418	MOVC A,@A+DPTR	2	read	CODE	1	(unique, 0x2400, 2)		
instruction	CODE:3409	CODE:341c	MOVC A,@A+DPTR	2	read	CODE	1	(unique, 0x2400, 2)		
instruction	CODE:3409	CODE:3425	LCALL 0xade7	4	write	INTMEM	1	(register, 0x40, 1)		(unique, 0xb400, 1)
instruction	CODE:3409	CODE:3425	LCALL 0xade7	6	write	INTMEM	1	(register, 0x40, 1)		(unique, 0x1200, 1)
instruction	CODE:342b	CODE:342b	MOV A,@R0	0	read	INTMEM	1	(register, 0x0, 1)		
instruction	CODE:342f	CODE:3436	RET	1	read	INTMEM	1	(register, 0x40, 1)		
instruction	CODE:342f	CODE:3436	RET	3	read	INTMEM	1	(register, 0x40, 1)		
instruction	CODE:3439	CODE:3439	LCALL 0xa99c	4	write	INTMEM	1	(register, 0x40, 1)		(unique, 0xb400, 1)
instruction	CODE:3439	CODE:3439	LCALL 0xa99c	6	write	INTMEM	1	(register, 0x40, 1)		(unique, 0x1200, 1)
instruction	CODE:343f	CODE:343f	MOV A,@R0	0	read	INTMEM	1	(register, 0x0, 1)		
instruction	CODE:3442	CODE:3449	RET	1	read	INTMEM	1	(register, 0x40, 1)		
instruction	CODE:3442	CODE:3449	RET	3	read	INTMEM	1	(register, 0x40, 1)		
instruction	CODE:344c	CODE:344c	MOV A,@R0	0	read	INTMEM	1	(register, 0x0, 1)		
instruction	CODE:344c	CODE:3456	RET	1	read	INTMEM	1	(register, 0x40, 1)		
instruction	CODE:344c	CODE:3456	RET	3	read	INTMEM	1	(register, 0x40, 1)		
instruction	CODE:3457	CODE:3459	MOV A,@R0	0	read	INTMEM	1	(register, 0x0, 1)		
instruction	CODE:345c	CODE:3463	RET	1	read	INTMEM	1	(register, 0x40, 1)		
instruction	CODE:345c	CODE:3463	RET	3	read	INTMEM	1	(register, 0x40, 1)		
instruction	CODE:3464	CODE:3466	MOV A,@R0	0	read	INTMEM	1	(register, 0x0, 1)		
instruction	CODE:3469	CODE:3470	RET	1	read	INTMEM	1	(register, 0x40, 1)		
instruction	CODE:3469	CODE:3470	RET	3	read	INTMEM	1	(register, 0x40, 1)		
instruction	CODE:3471	CODE:3471	MOVX @DPTR,A	2	write	EXTMEM	1	(unique, 0x2800, 2)		(unique, 0x2900, 1)
instruction	CODE:3478	CODE:347b	MOVX A,@DPTR	1	read	EXTMEM	1	(unique, 0x2800, 2)		
instruction	CODE:3478	CODE:3482	MOVX A,@DPTR	1	read	EXTMEM	1	(unique, 0x2800, 2)		
instruction	CODE:3478	CODE:3485	MOVX A,@DPTR	1	read	EXTMEM	1	(unique, 0x2800, 2)		
instruction	CODE:3491	CODE:3493	MOV A,@R0	0	read	INTMEM	1	(register, 0x0, 1)		
instruction	CODE:3491	CODE:349d	MOVX A,@DPTR	1	read	EXTMEM	1	(unique, 0x2800, 2)		
instruction	CODE:3491	CODE:349e	RET	1	read	INTMEM	1	(register, 0x40, 1)		
instruction	CODE:3491	CODE:349e	RET	3	read	INTMEM	1	(register, 0x40, 1)		
instruction	CODE:349f	CODE:34a1	MOV A,@R0	0	read	INTMEM	1	(register, 0x0, 1)		
instruction	CODE:349f	CODE:34ab	RET	1	read	INTMEM	1	(register, 0x40, 1)		
instruction	CODE:349f	CODE:34ab	RET	3	read	INTMEM	1	(register, 0x40, 1)		
instruction	CODE:34ac	CODE:34ae	MOV A,@R0	0	read	INTMEM	1	(register, 0x0, 1)		
instruction	CODE:34ac	CODE:34b8	RET	1	read	INTMEM	1	(register, 0x40, 1)		
instruction	CODE:34ac	CODE:34b8	RET	3	read	INTMEM	1	(register, 0x40, 1)		
instruction	CODE:34b9	CODE:34bb	MOV A,@R0	0	read	INTMEM	1	(register, 0x0, 1)		
instruction	CODE:34b9	CODE:34c5	RET	1	read	INTMEM	1	(register, 0x40, 1)		
instruction	CODE:34b9	CODE:34c5	RET	3	read	INTMEM	1	(register, 0x40, 1)		
instruction	CODE:34c6	CODE:34c8	MOV A,@R0	0	read	INTMEM	1	(register, 0x0, 1)		
instruction	CODE:34ca	CODE:34d3	RET	1	read	INTMEM	1	(register, 0x40, 1)		
instruction	CODE:34ca	CODE:34d3	RET	3	read	INTMEM	1	(register, 0x40, 1)		
instruction	CODE:34d4	CODE:34d4	MOVX A,@DPTR	1	read	EXTMEM	1	(unique, 0x2800, 2)		
instruction	CODE:34d4	CODE:34d6	MOV A,@R0	0	read	INTMEM	1	(register, 0x0, 1)		
instruction	CODE:34d4	CODE:34da	MOVC A,@A+DPTR	2	read	CODE	1	(unique, 0x2400, 2)		
instruction	CODE:34d4	CODE:34dd	RET	1	read	INTMEM	1	(register, 0x40, 1)		
instruction	CODE:34d4	CODE:34dd	RET	3	read	INTMEM	1	(register, 0x40, 1)		
instruction	CODE:34de	CODE:34e1	MOVX A,@DPTR	1	read	EXTMEM	1	(unique, 0x2800, 2)		
instruction	CODE:34de	CODE:34e4	MOVX A,@DPTR	1	read	EXTMEM	1	(unique, 0x2800, 2)		
instruction	CODE:34de	CODE:34e5	RET	1	read	INTMEM	1	(register, 0x40, 1)		
instruction	CODE:34de	CODE:34e5	RET	3	read	INTMEM	1	(register, 0x40, 1)		
instruction	CODE:34e9	CODE:34f0	RET	1	read	INTMEM	1	(register, 0x40, 1)		
instruction	CODE:34e9	CODE:34f0	RET	3	read	INTMEM	1	(register, 0x40, 1)		
instruction	CODE:34f4	CODE:34fb	RET	1	read	INTMEM	1	(register, 0x40, 1)		
instruction	CODE:34f4	CODE:34fb	RET	3	read	INTMEM	1	(register, 0x40, 1)		
instruction	CODE:34fc	CODE:34fe	MOV A,@R0	0	read	INTMEM	1	(register, 0x0, 1)		
instruction	CODE:34fc	CODE:350a	RET	1	read	INTMEM	1	(register, 0x40, 1)		
instruction	CODE:34fc	CODE:350a	RET	3	read	INTMEM	1	(register, 0x40, 1)		
instruction	CODE:350b	CODE:350d	MOVX A,@DPTR	1	read	EXTMEM	1	(unique, 0x2800, 2)		
instruction	CODE:350b	CODE:3510	MOVX A,@DPTR	1	read	EXTMEM	1	(unique, 0x2800, 2)		
instruction	CODE:350b	CODE:3515	MOVX @DPTR,A	2	write	EXTMEM	1	(unique, 0x2800, 2)		(unique, 0x2900, 1)
instruction	CODE:350b	CODE:3518	MOVX @DPTR,A	2	write	EXTMEM	1	(unique, 0x2800, 2)		(unique, 0x2900, 1)
instruction	CODE:350b	CODE:3519	RET	1	read	INTMEM	1	(register, 0x40, 1)		
instruction	CODE:350b	CODE:3519	RET	3	read	INTMEM	1	(register, 0x40, 1)		
instruction	CODE:351a	CODE:351c	MOV A,@R0	0	read	INTMEM	1	(register, 0x0, 1)		
instruction	CODE:351a	CODE:3526	RET	1	read	INTMEM	1	(register, 0x40, 1)		
instruction	CODE:351a	CODE:3526	RET	3	read	INTMEM	1	(register, 0x40, 1)		
instruction	CODE:3527	CODE:3529	MOV A,@R0	0	read	INTMEM	1	(register, 0x0, 1)		
instruction	CODE:3527	CODE:3533	RET	1	read	INTMEM	1	(register, 0x40, 1)		
instruction	CODE:3527	CODE:3533	RET	3	read	INTMEM	1	(register, 0x40, 1)		
instruction	CODE:3534	CODE:3536	MOV A,@R0	0	read	INTMEM	1	(register, 0x0, 1)		
instruction	CODE:3534	CODE:3540	RET	1	read	INTMEM	1	(register, 0x40, 1)		
instruction	CODE:3534	CODE:3540	RET	3	read	INTMEM	1	(register, 0x40, 1)		
instruction	CODE:3541	CODE:3541	MOVX A,@DPTR	1	read	EXTMEM	1	(unique, 0x2800, 2)		
instruction	CODE:3541	CODE:3544	MOVX A,@DPTR	1	read	EXTMEM	1	(unique, 0x2800, 2)		
instruction	CODE:3541	CODE:3549	MOVX @DPTR,A	2	write	EXTMEM	1	(unique, 0x2800, 2)		(unique, 0x2900, 1)
instruction	CODE:3541	CODE:354c	MOVX @DPTR,A	2	write	EXTMEM	1	(unique, 0x2800, 2)		(unique, 0x2900, 1)
instruction	CODE:3541	CODE:354d	RET	1	read	INTMEM	1	(register, 0x40, 1)		
instruction	CODE:3541	CODE:354d	RET	3	read	INTMEM	1	(register, 0x40, 1)		
instruction	CODE:3555	CODE:355c	RET	1	read	INTMEM	1	(register, 0x40, 1)		
instruction	CODE:3555	CODE:355c	RET	3	read	INTMEM	1	(register, 0x40, 1)		
instruction	CODE:355d	CODE:355d	MOVX A,@DPTR	1	read	EXTMEM	1	(unique, 0x2800, 2)		
instruction	CODE:355d	CODE:3562	MOVX A,@DPTR	1	read	EXTMEM	1	(unique, 0x2800, 2)		
instruction	CODE:355d	CODE:3567	RET	1	read	INTMEM	1	(register, 0x40, 1)		
instruction	CODE:355d	CODE:3567	RET	3	read	INTMEM	1	(register, 0x40, 1)		
instruction	unassigned	CODE:357f	LCALL 0x53e7	4	write	INTMEM	1	(register, 0x40, 1)		(unique, 0xb400, 1)
instruction	unassigned	CODE:357f	LCALL 0x53e7	6	write	INTMEM	1	(register, 0x40, 1)		(unique, 0x1200, 1)
instruction	unassigned	CODE:3590	LCALL 0x53f4	4	write	INTMEM	1	(register, 0x40, 1)		(unique, 0xb400, 1)
instruction	unassigned	CODE:3590	LCALL 0x53f4	6	write	INTMEM	1	(register, 0x40, 1)		(unique, 0x1200, 1)
instruction	unassigned	CODE:3597	MOVX @DPTR,A	2	write	EXTMEM	1	(unique, 0x2800, 2)		(unique, 0x2900, 1)
instruction	unassigned	CODE:3599	MOVX @DPTR,A	2	write	EXTMEM	1	(unique, 0x2800, 2)		(unique, 0x2900, 1)
instruction	unassigned	CODE:359d	MOVX @DPTR,A	2	write	EXTMEM	1	(unique, 0x2800, 2)		(unique, 0x2900, 1)
instruction	unassigned	CODE:359f	MOVX @DPTR,A	2	write	EXTMEM	1	(unique, 0x2800, 2)		(unique, 0x2900, 1)
instruction	unassigned	CODE:35a0	LCALL 0x53e7	4	write	INTMEM	1	(register, 0x40, 1)		(unique, 0xb400, 1)
instruction	unassigned	CODE:35a0	LCALL 0x53e7	6	write	INTMEM	1	(register, 0x40, 1)		(unique, 0x1200, 1)
instruction	unassigned	CODE:35b2	LCALL 0x53f0	4	write	INTMEM	1	(register, 0x40, 1)		(unique, 0xb400, 1)
instruction	unassigned	CODE:35b2	LCALL 0x53f0	6	write	INTMEM	1	(register, 0x40, 1)		(unique, 0x1200, 1)
instruction	unassigned	CODE:35b9	MOVX @DPTR,A	2	write	EXTMEM	1	(unique, 0x2800, 2)		(unique, 0x2900, 1)
instruction	unassigned	CODE:35bc	MOVX @DPTR,A	2	write	EXTMEM	1	(unique, 0x2800, 2)		(unique, 0x2900, 1)
instruction	unassigned	CODE:35bd	LCALL 0x53e7	4	write	INTMEM	1	(register, 0x40, 1)		(unique, 0xb400, 1)
instruction	unassigned	CODE:35bd	LCALL 0x53e7	6	write	INTMEM	1	(register, 0x40, 1)		(unique, 0x1200, 1)
instruction	unassigned	CODE:35c3	LCALL 0x53f0	4	write	INTMEM	1	(register, 0x40, 1)		(unique, 0xb400, 1)
instruction	unassigned	CODE:35c3	LCALL 0x53f0	6	write	INTMEM	1	(register, 0x40, 1)		(unique, 0x1200, 1)
instruction	unassigned	CODE:35c9	MOVX A,@DPTR	1	read	EXTMEM	1	(unique, 0x2800, 2)		
instruction	unassigned	CODE:35ca	MOVX @DPTR,A	2	write	EXTMEM	1	(unique, 0x2800, 2)		(unique, 0x2900, 1)
instruction	unassigned	CODE:35cc	MOVX A,@DPTR	1	read	EXTMEM	1	(unique, 0x2800, 2)		
instruction	unassigned	CODE:35cf	MOVX @DPTR,A	2	write	EXTMEM	1	(unique, 0x2800, 2)		(unique, 0x2900, 1)
instruction	unassigned	CODE:35d2	LCALL 0x53e7	4	write	INTMEM	1	(register, 0x40, 1)		(unique, 0xb400, 1)
instruction	unassigned	CODE:35d2	LCALL 0x53e7	6	write	INTMEM	1	(register, 0x40, 1)		(unique, 0x1200, 1)
instruction	unassigned	CODE:35e4	MOVX A,@DPTR	1	read	EXTMEM	1	(unique, 0x2800, 2)		
instruction	unassigned	CODE:35e7	MOVX A,@DPTR	1	read	EXTMEM	1	(unique, 0x2800, 2)		
instruction	unassigned	CODE:35ed	LCALL 0xa9d0	4	write	INTMEM	1	(register, 0x40, 1)		(unique, 0xb400, 1)
instruction	unassigned	CODE:35ed	LCALL 0xa9d0	6	write	INTMEM	1	(register, 0x40, 1)		(unique, 0x1200, 1)
instruction	unassigned	CODE:35f4	MOVX @DPTR,A	2	write	EXTMEM	1	(unique, 0x2800, 2)		(unique, 0x2900, 1)
instruction	unassigned	CODE:35f7	MOVX @DPTR,A	2	write	EXTMEM	1	(unique, 0x2800, 2)		(unique, 0x2900, 1)
instruction	unassigned	CODE:35f8	LCALL 0xa934	4	write	INTMEM	1	(register, 0x40, 1)		(unique, 0xb400, 1)
instruction	unassigned	CODE:35f8	LCALL 0xa934	6	write	INTMEM	1	(register, 0x40, 1)		(unique, 0x1200, 1)
instruction	unassigned	CODE:360c	LCALL 0xaa6d	4	write	INTMEM	1	(register, 0x40, 1)		(unique, 0xb400, 1)
instruction	unassigned	CODE:360c	LCALL 0xaa6d	6	write	INTMEM	1	(register, 0x40, 1)		(unique, 0x1200, 1)
instruction	unassigned	CODE:360f	LCALL 0x53f0	4	write	INTMEM	1	(register, 0x40, 1)		(unique, 0xb400, 1)
instruction	unassigned	CODE:360f	LCALL 0x53f0	6	write	INTMEM	1	(register, 0x40, 1)		(unique, 0x1200, 1)
instruction	unassigned	CODE:3614	LCALL 0xa934	4	write	INTMEM	1	(register, 0x40, 1)		(unique, 0xb400, 1)
instruction	unassigned	CODE:3614	LCALL 0xa934	6	write	INTMEM	1	(register, 0x40, 1)		(unique, 0x1200, 1)
instruction	unassigned	CODE:361b	LCALL 0x548b	4	write	INTMEM	1	(register, 0x40, 1)		(unique, 0xb400, 1)
instruction	unassigned	CODE:361b	LCALL 0x548b	6	write	INTMEM	1	(register, 0x40, 1)		(unique, 0x1200, 1)
instruction	unassigned	CODE:3626	LCALL 0xae2a	4	write	INTMEM	1	(register, 0x40, 1)		(unique, 0xb400, 1)
instruction	unassigned	CODE:3626	LCALL 0xae2a	6	write	INTMEM	1	(register, 0x40, 1)		(unique, 0x1200, 1)
instruction	unassigned	CODE:362c	LCALL 0xadf3	4	write	INTMEM	1	(register, 0x40, 1)		(unique, 0xb400, 1)
instruction	unassigned	CODE:362c	LCALL 0xadf3	6	write	INTMEM	1	(register, 0x40, 1)		(unique, 0x1200, 1)
instruction	unassigned	CODE:3644	LCALL 0x53e7	4	write	INTMEM	1	(register, 0x40, 1)		(unique, 0xb400, 1)
instruction	unassigned	CODE:3644	LCALL 0x53e7	6	write	INTMEM	1	(register, 0x40, 1)		(unique, 0x1200, 1)
instruction	unassigned	CODE:364b	LCALL 0x53fa	4	write	INTMEM	1	(register, 0x40, 1)		(unique, 0xb400, 1)
instruction	unassigned	CODE:364b	LCALL 0x53fa	6	write	INTMEM	1	(register, 0x40, 1)		(unique, 0x1200, 1)
instruction	unassigned	CODE:3650	MOVX @DPTR,A	2	write	EXTMEM	1	(unique, 0x2800, 2)		(unique, 0x2900, 1)
instruction	unassigned	CODE:3653	MOVX @DPTR,A	2	write	EXTMEM	1	(unique, 0x2800, 2)		(unique, 0x2900, 1)
instruction	unassigned	CODE:3658	LCALL 0x53e7	4	write	INTMEM	1	(register, 0x40, 1)		(unique, 0xb400, 1)
instruction	unassigned	CODE:3658	LCALL 0x53e7	6	write	INTMEM	1	(register, 0x40, 1)		(unique, 0x1200, 1)
instruction	unassigned	CODE:365f	LCALL 0x53fa	4	write	INTMEM	1	(register, 0x40, 1)		(unique, 0xb400, 1)
instruction	unassigned	CODE:365f	LCALL 0x53fa	6	write	INTMEM	1	(register, 0x40, 1)		(unique, 0x1200, 1)
instruction	unassigned	CODE:3664	MOVX @DPTR,A	2	write	EXTMEM	1	(unique, 0x2800, 2)		(unique, 0x2900, 1)
instruction	unassigned	CODE:3667	MOVX @DPTR,A	2	write	EXTMEM	1	(unique, 0x2800, 2)		(unique, 0x2900, 1)
instruction	unassigned	CODE:366b	LCALL 0x53e7	4	write	INTMEM	1	(register, 0x40, 1)		(unique, 0xb400, 1)
instruction	unassigned	CODE:366b	LCALL 0x53e7	6	write	INTMEM	1	(register, 0x40, 1)		(unique, 0x1200, 1)
instruction	unassigned	CODE:3672	LCALL 0x53fa	4	write	INTMEM	1	(register, 0x40, 1)		(unique, 0xb400, 1)
instruction	unassigned	CODE:3672	LCALL 0x53fa	6	write	INTMEM	1	(register, 0x40, 1)		(unique, 0x1200, 1)
instruction	unassigned	CODE:3677	MOVX @DPTR,A	2	write	EXTMEM	1	(unique, 0x2800, 2)		(unique, 0x2900, 1)
instruction	unassigned	CODE:367a	MOVX @DPTR,A	2	write	EXTMEM	1	(unique, 0x2800, 2)		(unique, 0x2900, 1)
instruction	unassigned	CODE:367c	LCALL 0x5435	4	write	INTMEM	1	(register, 0x40, 1)		(unique, 0xb400, 1)
instruction	unassigned	CODE:367c	LCALL 0x5435	6	write	INTMEM	1	(register, 0x40, 1)		(unique, 0x1200, 1)
instruction	unassigned	CODE:3683	LCALL 0x53e7	4	write	INTMEM	1	(register, 0x40, 1)		(unique, 0xb400, 1)
instruction	unassigned	CODE:3683	LCALL 0x53e7	6	write	INTMEM	1	(register, 0x40, 1)		(unique, 0x1200, 1)
instruction	unassigned	CODE:368a	LCALL 0x53fa	4	write	INTMEM	1	(register, 0x40, 1)		(unique, 0xb400, 1)
instruction	unassigned	CODE:368a	LCALL 0x53fa	6	write	INTMEM	1	(register, 0x40, 1)		(unique, 0x1200, 1)
instruction	unassigned	CODE:368f	MOVX @DPTR,A	2	write	EXTMEM	1	(unique, 0x2800, 2)		(unique, 0x2900, 1)
instruction	unassigned	CODE:3692	MOVX @DPTR,A	2	write	EXTMEM	1	(unique, 0x2800, 2)		(unique, 0x2900, 1)
instruction	unassigned	CODE:3694	LCALL 0x5435	4	write	INTMEM	1	(register, 0x40, 1)		(unique, 0xb400, 1)
instruction	unassigned	CODE:3694	LCALL 0x5435	6	write	INTMEM	1	(register, 0x40, 1)		(unique, 0x1200, 1)
instruction	unassigned	CODE:3699	MOVX @DPTR,A	2	write	EXTMEM	1	(unique, 0x2800, 2)		(unique, 0x2900, 1)
instruction	unassigned	CODE:369a	LCALL 0x5497	4	write	INTMEM	1	(register, 0x40, 1)		(unique, 0xb400, 1)
instruction	unassigned	CODE:369a	LCALL 0x5497	6	write	INTMEM	1	(register, 0x40, 1)		(unique, 0x1200, 1)
instruction	unassigned	CODE:369d	LCALL 0x4532	4	write	INTMEM	1	(register, 0x40, 1)		(unique, 0xb400, 1)
instruction	unassigned	CODE:369d	LCALL 0x4532	6	write	INTMEM	1	(register, 0x40, 1)		(unique, 0x1200, 1)
instruction	unassigned	CODE:36a2	LCALL 0x53e7	4	write	INTMEM	1	(register, 0x40, 1)		(unique, 0xb400, 1)
instruction	unassigned	CODE:36a2	LCALL 0x53e7	6	write	INTMEM	1	(register, 0x40, 1)		(unique, 0x1200, 1)
instruction	unassigned	CODE:36a9	LCALL 0x548b	4	write	INTMEM	1	(register, 0x40, 1)		(unique, 0xb400, 1)
instruction	unassigned	CODE:36a9	LCALL 0x548b	6	write	INTMEM	1	(register, 0x40, 1)		(unique, 0x1200, 1)
instruction	unassigned	CODE:36af	MOVX @DPTR,A	2	write	EXTMEM	1	(unique, 0x2800, 2)		(unique, 0x2900, 1)
instruction	unassigned	CODE:36b2	MOVX @DPTR,A	2	write	EXTMEM	1	(unique, 0x2800, 2)		(unique, 0x2900, 1)
instruction	unassigned	CODE:36bc	LCALL 0xae2a	4	write	INTMEM	1	(register, 0x40, 1)		(unique, 0xb400, 1)
instruction	unassigned	CODE:36bc	LCALL 0xae2a	6	write	INTMEM	1	(register, 0x40, 1)		(unique, 0x1200, 1)
instruction	unassigned	CODE:36c2	MOVX A,@DPTR	1	read	EXTMEM	1	(unique, 0x2800, 2)		
instruction	unassigned	CODE:36c5	MOVX A,@DPTR	1	read	EXTMEM	1	(unique, 0x2800, 2)		
instruction	unassigned	CODE:36ca	MOVX @DPTR,A	2	write	EXTMEM	1	(unique, 0x2800, 2)		(unique, 0x2900, 1)
instruction	unassigned	CODE:36cd	MOVX @DPTR,A	2	write	EXTMEM	1	(unique, 0x2800, 2)		(unique, 0x2900, 1)
instruction	unassigned	CODE:36d1	LCALL 0x5428	4	write	INTMEM	1	(register, 0x40, 1)		(unique, 0xb400, 1)
instruction	unassigned	CODE:36d1	LCALL 0x5428	6	write	INTMEM	1	(register, 0x40, 1)		(unique, 0x1200, 1)
instruction	unassigned	CODE:36d4	LCALL 0x5497	4	write	INTMEM	1	(register, 0x40, 1)		(unique, 0xb400, 1)
instruction	unassigned	CODE:36d4	LCALL 0x5497	6	write	INTMEM	1	(register, 0x40, 1)		(unique, 0x1200, 1)
instruction	unassigned	CODE:36d7	LCALL 0x55c0	4	write	INTMEM	1	(register, 0x40, 1)		(unique, 0xb400, 1)
instruction	unassigned	CODE:36d7	LCALL 0x55c0	6	write	INTMEM	1	(register, 0x40, 1)		(unique, 0x1200, 1)
instruction	unassigned	CODE:36e2	LCALL 0x53e7	4	write	INTMEM	1	(register, 0x40, 1)		(unique, 0xb400, 1)
instruction	unassigned	CODE:36e2	LCALL 0x53e7	6	write	INTMEM	1	(register, 0x40, 1)		(unique, 0x1200, 1)
instruction	unassigned	CODE:36e8	LCALL 0x5479	4	write	INTMEM	1	(register, 0x40, 1)		(unique, 0xb400, 1)
instruction	unassigned	CODE:36e8	LCALL 0x5479	6	write	INTMEM	1	(register, 0x40, 1)		(unique, 0x1200, 1)
instruction	unassigned	CODE:36eb	LCALL 0x8b47	4	write	INTMEM	1	(register, 0x40, 1)		(unique, 0xb400, 1)
instruction	unassigned	CODE:36eb	LCALL 0x8b47	6	write	INTMEM	1	(register, 0x40, 1)		(unique, 0x1200, 1)
instruction	unassigned	CODE:36f5	LCALL 0xaa6d	4	write	INTMEM	1	(register, 0x40, 1)		(unique, 0xb400, 1)
instruction	unassigned	CODE:36f5	LCALL 0xaa6d	6	write	INTMEM	1	(register, 0x40, 1)		(unique, 0x1200, 1)
instruction	unassigned	CODE:36f8	LCALL 0x53f0	4	write	INTMEM	1	(register, 0x40, 1)		(unique, 0xb400, 1)
instruction	unassigned	CODE:36f8	LCALL 0x53f0	6	write	INTMEM	1	(register, 0x40, 1)		(unique, 0x1200, 1)
instruction	unassigned	CODE:36fd	LCALL 0x5497	4	write	INTMEM	1	(register, 0x40, 1)		(unique, 0xb400, 1)
instruction	unassigned	CODE:36fd	LCALL 0x5497	6	write	INTMEM	1	(register, 0x40, 1)		(unique, 0x1200, 1)
instruction	unassigned	CODE:3705	LCALL 0x5497	4	write	INTMEM	1	(register, 0x40, 1)		(unique, 0xb400, 1)
instruction	unassigned	CODE:3705	LCALL 0x5497	6	write	INTMEM	1	(register, 0x40, 1)		(unique, 0x1200, 1)
instruction	unassigned	CODE:3708	LCALL 0xae33	4	write	INTMEM	1	(register, 0x40, 1)		(unique, 0xb400, 1)
instruction	unassigned	CODE:3708	LCALL 0xae33	6	write	INTMEM	1	(register, 0x40, 1)		(unique, 0x1200, 1)
instruction	unassigned	CODE:370c	LCALL 0xa99c	4	write	INTMEM	1	(register, 0x40, 1)		(unique, 0xb400, 1)
instruction	unassigned	CODE:370c	LCALL 0xa99c	6	write	INTMEM	1	(register, 0x40, 1)		(unique, 0x1200, 1)
instruction	unassigned	CODE:3718	LCALL 0xae2a	4	write	INTMEM	1	(register, 0x40, 1)		(unique, 0xb400, 1)
instruction	unassigned	CODE:3718	LCALL 0xae2a	6	write	INTMEM	1	(register, 0x40, 1)		(unique, 0x1200, 1)
instruction	unassigned	CODE:371e	MOVX A,@DPTR	1	read	EXTMEM	1	(unique, 0x2800, 2)		
instruction	unassigned	CODE:3721	MOVX A,@DPTR	1	read	EXTMEM	1	(unique, 0x2800, 2)		
instruction	unassigned	CODE:3723	RET	1	read	INTMEM	1	(register, 0x40, 1)		
instruction	unassigned	CODE:3723	RET	3	read	INTMEM	1	(register, 0x40, 1)		
instruction	CODE:3724	CODE:3727	LCALL 0x88fd	4	write	INTMEM	1	(register, 0x40, 1)		(unique, 0xb400, 1)
instruction	CODE:3724	CODE:3727	LCALL 0x88fd	6	write	INTMEM	1	(register, 0x40, 1)		(unique, 0x1200, 1)
instruction	CODE:3724	CODE:372c	LCALL 0x88f5	4	write	INTMEM	1	(register, 0x40, 1)		(unique, 0xb400, 1)
instruction	CODE:3724	CODE:372c	LCALL 0x88f5	6	write	INTMEM	1	(register, 0x40, 1)		(unique, 0x1200, 1)
instruction	CODE:3724	CODE:3734	MOVX @DPTR,A	2	write	EXTMEM	1	(unique, 0x2800, 2)		(unique, 0x2900, 1)
instruction	CODE:3724	CODE:3738	LCALL 0x88f5	4	write	INTMEM	1	(register, 0x40, 1)		(unique, 0xb400, 1)
instruction	CODE:3724	CODE:3738	LCALL 0x88f5	6	write	INTMEM	1	(register, 0x40, 1)		(unique, 0x1200, 1)
instruction	CODE:3724	CODE:3740	MOVX @DPTR,A	2	write	EXTMEM	1	(unique, 0x2800, 2)		(unique, 0x2900, 1)
instruction	CODE:3724	CODE:3746	MOVX @DPTR,A	2	write	EXTMEM	1	(unique, 0x2800, 2)		(unique, 0x2900, 1)
instruction	CODE:3724	CODE:374c	MOVX @DPTR,A	2	write	EXTMEM	1	(unique, 0x2800, 2)		(unique, 0x2900, 1)
instruction	CODE:3724	CODE:3750	LCALL 0x88fd	4	write	INTMEM	1	(register, 0x40, 1)		(unique, 0xb400, 1)
instruction	CODE:3724	CODE:3750	LCALL 0x88fd	6	write	INTMEM	1	(register, 0x40, 1)		(unique, 0x1200, 1)
instruction	CODE:3724	CODE:3755	LCALL 0x88f5	4	write	INTMEM	1	(register, 0x40, 1)		(unique, 0xb400, 1)
instruction	CODE:3724	CODE:3755	LCALL 0x88f5	6	write	INTMEM	1	(register, 0x40, 1)		(unique, 0x1200, 1)
instruction	CODE:3724	CODE:375d	MOVX @DPTR,A	2	write	EXTMEM	1	(unique, 0x2800, 2)		(unique, 0x2900, 1)
instruction	CODE:3724	CODE:3761	LCALL 0x88f5	4	write	INTMEM	1	(register, 0x40, 1)		(unique, 0xb400, 1)
instruction	CODE:3724	CODE:3761	LCALL 0x88f5	6	write	INTMEM	1	(register, 0x40, 1)		(unique, 0x1200, 1)
instruction	CODE:3724	CODE:3769	MOVX @DPTR,A	2	write	EXTMEM	1	(unique, 0x2800, 2)		(unique, 0x2900, 1)
instruction	CODE:3724	CODE:376f	MOVX @DPTR,A	2	write	EXTMEM	1	(unique, 0x2800, 2)		(unique, 0x2900, 1)
instruction	CODE:3724	CODE:3775	LCALL 0x8911	4	write	INTMEM	1	(register, 0x40, 1)		(unique, 0xb400, 1)
instruction	CODE:3724	CODE:3775	LCALL 0x8911	6	write	INTMEM	1	(register, 0x40, 1)		(unique, 0x1200, 1)
instruction	CODE:3724	CODE:377a	LCALL 0x8909	4	write	INTMEM	1	(register, 0x40, 1)		(unique, 0xb400, 1)
instruction	CODE:3724	CODE:377a	LCALL 0x8909	6	write	INTMEM	1	(register, 0x40, 1)		(unique, 0x1200, 1)
instruction	CODE:3724	CODE:3786	MOVX @DPTR,A	2	write	EXTMEM	1	(unique, 0x2800, 2)		(unique, 0x2900, 1)
instruction	CODE:3724	CODE:378a	LCALL 0x8909	4	write	INTMEM	1	(register, 0x40, 1)		(unique, 0xb400, 1)
instruction	CODE:3724	CODE:378a	LCALL 0x8909	6	write	INTMEM	1	(register, 0x40, 1)		(unique, 0x1200, 1)
instruction	CODE:3724	CODE:3796	LCALL 0x8911	4	write	INTMEM	1	(register, 0x40, 1)		(unique, 0xb400, 1)
instruction	CODE:3724	CODE:3796	LCALL 0x8911	6	write	INTMEM	1	(register, 0x40, 1)		(unique, 0x1200, 1)
instruction	CODE:3724	CODE:379b	LCALL 0x8909	4	write	INTMEM	1	(register, 0x40, 1)		(unique, 0xb400, 1)
instruction	CODE:3724	CODE:379b	LCALL 0x8909	6	write	INTMEM	1	(register, 0x40, 1)		(unique, 0x1200, 1)
instruction	CODE:3724	CODE:37a9	MOVX @DPTR,A	2	write	EXTMEM	1	(unique, 0x2800, 2)		(unique, 0x2900, 1)
instruction	CODE:3724	CODE:37aa	LCALL 0x8900	4	write	INTMEM	1	(register, 0x40, 1)		(unique, 0xb400, 1)
instruction	CODE:3724	CODE:37aa	LCALL 0x8900	6	write	INTMEM	1	(register, 0x40, 1)		(unique, 0x1200, 1)
instruction	CODE:3724	CODE:37af	LCALL 0x88f5	4	write	INTMEM	1	(register, 0x40, 1)		(unique, 0xb400, 1)
instruction	CODE:3724	CODE:37af	LCALL 0x88f5	6	write	INTMEM	1	(register, 0x40, 1)		(unique, 0x1200, 1)
instruction	CODE:3724	CODE:37b7	MOVX @DPTR,A	2	write	EXTMEM	1	(unique, 0x2800, 2)		(unique, 0x2900, 1)
instruction	CODE:3724	CODE:37bb	LCALL 0x88f5	4	write	INTMEM	1	(register, 0x40, 1)		(unique, 0xb400, 1)
instruction	CODE:3724	CODE:37bb	LCALL 0x88f5	6	write	INTMEM	1	(register, 0x40, 1)		(unique, 0x1200, 1)
instruction	CODE:3724	CODE:37c1	MOVX @DPTR,A	2	write	EXTMEM	1	(unique, 0x2800, 2)		(unique, 0x2900, 1)
instruction	CODE:3724	CODE:37c2	LCALL 0x8900	4	write	INTMEM	1	(register, 0x40, 1)		(unique, 0xb400, 1)
instruction	CODE:3724	CODE:37c2	LCALL 0x8900	6	write	INTMEM	1	(register, 0x40, 1)		(unique, 0x1200, 1)
instruction	CODE:3724	CODE:37c7	LCALL 0x88f5	4	write	INTMEM	1	(register, 0x40, 1)		(unique, 0xb400, 1)
instruction	CODE:3724	CODE:37c7	LCALL 0x88f5	6	write	INTMEM	1	(register, 0x40, 1)		(unique, 0x1200, 1)
instruction	CODE:3724	CODE:37cf	MOVX @DPTR,A	2	write	EXTMEM	1	(unique, 0x2800, 2)		(unique, 0x2900, 1)
instruction	CODE:3724	CODE:37d5	MOVX @DPTR,A	2	write	EXTMEM	1	(unique, 0x2800, 2)		(unique, 0x2900, 1)
instruction	CODE:3724	CODE:37d9	LCALL 0x88f5	4	write	INTMEM	1	(register, 0x40, 1)		(unique, 0xb400, 1)
instruction	CODE:3724	CODE:37d9	LCALL 0x88f5	6	write	INTMEM	1	(register, 0x40, 1)		(unique, 0x1200, 1)
instruction	CODE:3724	CODE:37e1	MOVX @DPTR,A	2	write	EXTMEM	1	(unique, 0x2800, 2)		(unique, 0x2900, 1)
instruction	CODE:3724	CODE:37e7	MOVX @DPTR,A	2	write	EXTMEM	1	(unique, 0x2800, 2)		(unique, 0x2900, 1)
instruction	CODE:3724	CODE:37ee	LCALL 0x8909	4	write	INTMEM	1	(register, 0x40, 1)		(unique, 0xb400, 1)
instruction	CODE:3724	CODE:37ee	LCALL 0x8909	6	write	INTMEM	1	(register, 0x40, 1)		(unique, 0x1200, 1)
instruction	CODE:3724	CODE:37f9	MOVX @DPTR,A	2	write	EXTMEM	1	(unique, 0x2800, 2)		(unique, 0x2900, 1)
instruction	CODE:3724	CODE:37fd	RET	1	read	INTMEM	1	(register, 0x40, 1)		
instruction	CODE:3724	CODE:37fd	RET	3	read	INTMEM	1	(register, 0x40, 1)		
instruction	CODE:37fe	CODE:37fe	RET	1	read	INTMEM	1	(register, 0x40, 1)		
instruction	CODE:37fe	CODE:37fe	RET	3	read	INTMEM	1	(register, 0x40, 1)		
instruction	CODE:37ff	CODE:37ff	RET	1	read	INTMEM	1	(register, 0x40, 1)		
instruction	CODE:37ff	CODE:37ff	RET	3	read	INTMEM	1	(register, 0x40, 1)		
instruction	CODE:3800	CODE:3804	MOVX @DPTR,A	2	write	EXTMEM	1	(unique, 0x2800, 2)		(unique, 0x2900, 1)
instruction	CODE:3800	CODE:3807	MOVX @DPTR,A	2	write	EXTMEM	1	(unique, 0x2800, 2)		(unique, 0x2900, 1)
instruction	CODE:3800	CODE:380f	MOVX A,@DPTR	1	read	EXTMEM	1	(unique, 0x2800, 2)		
instruction	unassigned	CODE:383e	LCALL 0x6217	4	write	INTMEM	1	(register, 0x40, 1)		(unique, 0xb400, 1)
instruction	unassigned	CODE:383e	LCALL 0x6217	6	write	INTMEM	1	(register, 0x40, 1)		(unique, 0x1200, 1)
instruction	unassigned	CODE:3842	MOVX @DPTR,A	2	write	EXTMEM	1	(unique, 0x2800, 2)		(unique, 0x2900, 1)
instruction	unassigned	CODE:3844	MOVX @DPTR,A	2	write	EXTMEM	1	(unique, 0x2800, 2)		(unique, 0x2900, 1)
instruction	unassigned	CODE:3846	LCALL 0x6215	4	write	INTMEM	1	(register, 0x40, 1)		(unique, 0xb400, 1)
instruction	unassigned	CODE:3846	LCALL 0x6215	6	write	INTMEM	1	(register, 0x40, 1)		(unique, 0x1200, 1)
instruction	unassigned	CODE:384a	MOVX @DPTR,A	2	write	EXTMEM	1	(unique, 0x2800, 2)		(unique, 0x2900, 1)
instruction	unassigned	CODE:3943	MOVX A,@DPTR	1	read	EXTMEM	1	(unique, 0x2800, 2)		
instruction	unassigned	CODE:3946	MOVX A,@DPTR	1	read	EXTMEM	1	(unique, 0x2800, 2)		
instruction	unassigned	CODE:394f	MOVX A,@DPTR	1	read	EXTMEM	1	(unique, 0x2800, 2)		
instruction	unassigned	CODE:3952	MOVX A,@DPTR	1	read	EXTMEM	1	(unique, 0x2800, 2)		
instruction	unassigned	CODE:3960	LCALL 0xae2a	4	write	INTMEM	1	(register, 0x40, 1)		(unique, 0xb400, 1)
instruction	unassigned	CODE:3960	LCALL 0xae2a	6	write	INTMEM	1	(register, 0x40, 1)		(unique, 0x1200, 1)
instruction	unassigned	CODE:3966	MOVX A,@DPTR	1	read	EXTMEM	1	(unique, 0x2800, 2)		
instruction	unassigned	CODE:3968	LCALL 0x908c	4	write	INTMEM	1	(register, 0x40, 1)		(unique, 0xb400, 1)
instruction	unassigned	CODE:3968	LCALL 0x908c	6	write	INTMEM	1	(register, 0x40, 1)		(unique, 0x1200, 1)
instruction	unassigned	CODE:396e	MOVX A,@DPTR	1	read	EXTMEM	1	(unique, 0x2800, 2)		
instruction	unassigned	CODE:3970	LCALL 0x622b	4	write	INTMEM	1	(register, 0x40, 1)		(unique, 0xb400, 1)
instruction	unassigned	CODE:3970	LCALL 0x622b	6	write	INTMEM	1	(register, 0x40, 1)		(unique, 0x1200, 1)
instruction	unassigned	CODE:3976	LCALL 0xaa6d	4	write	INTMEM	1	(register, 0x40, 1)		(unique, 0xb400, 1)
instruction	unassigned	CODE:3976	LCALL 0xaa6d	6	write	INTMEM	1	(register, 0x40, 1)		(unique, 0x1200, 1)
instruction	CODE:3800	CODE:3989	MOVX A,@DPTR	1	read	EXTMEM	1	(unique, 0x2800, 2)		
instruction	CODE:3800	CODE:398e	LCALL 0x6293	4	write	INTMEM	1	(register, 0x40, 1)		(unique, 0xb400, 1)
instruction	CODE:3800	CODE:398e	LCALL 0x6293	6	write	INTMEM	1	(register, 0x40, 1)		(unique, 0x1200, 1)
instruction	CODE:3800	CODE:3996	MOVX A,@DPTR	1	read	EXTMEM	1	(unique, 0x2800, 2)		
instruction	CODE:3800	CODE:399e	RET	1	read	INTMEM	1	(register, 0x40, 1)		
instruction	CODE:3800	CODE:399e	RET	3	read	INTMEM	1	(register, 0x40, 1)		
instruction	CODE:399f	CODE:399f	LCALL 0xa5bd	4	write	INTMEM	1	(register, 0x40, 1)		(unique, 0xb400, 1)
instruction	CODE:399f	CODE:399f	LCALL 0xa5bd	6	write	INTMEM	1	(register, 0x40, 1)		(unique, 0x1200, 1)
instruction	CODE:399f	CODE:39a5	MOV @R0,A	1	write	INTMEM	1	(register, 0x0, 1)		(unique, 0x2a00, 1)
instruction	CODE:399f	CODE:39a7	MOV @R0,A	1	write	INTMEM	1	(register, 0x0, 1)		(unique, 0x2a00, 1)
instruction	CODE:399f	CODE:39ae	MOV @R0,A	1	write	INTMEM	1	(register, 0x0, 1)		(unique, 0x2a00, 1)
instruction	CODE:399f	CODE:39b1	MOV A,@R0	0	read	INTMEM	1	(register, 0x0, 1)		
instruction	CODE:399f	CODE:39bc	MOV A,@R0	0	read	INTMEM	1	(register, 0x0, 1)		
instruction	CODE:399f	CODE:39c9	LCALL 0xa775	4	write	INTMEM	1	(register, 0x40, 1)		(unique, 0xb400, 1)
instruction	CODE:399f	CODE:39c9	LCALL 0xa775	6	write	INTMEM	1	(register, 0x40, 1)		(unique, 0x1200, 1)
instruction	CODE:399f	CODE:39cc	LCALL 0xa727	4	write	INTMEM	1	(register, 0x40, 1)		(unique, 0xb400, 1)
instruction	CODE:399f	CODE:39cc	LCALL 0xa727	6	write	INTMEM	1	(register, 0x40, 1)		(unique, 0x1200, 1)
instruction	CODE:399f	CODE:39d8	MOV @R0,#0x3d	1	write	INTMEM	1	(register, 0x0, 1)		(unique, 0x2a00, 1)
instruction	CODE:399f	CODE:39e0	LCALL 0x9a23	4	write	INTMEM	1	(register, 0x40, 1)		(unique, 0xb400, 1)
instruction	CODE:399f	CODE:39e0	LCALL 0x9a23	6	write	INTMEM	1	(register, 0x40, 1)		(unique, 0x1200, 1)
instruction	CODE:399f	CODE:39e5	MOV @R0,#0x39	1	write	INTMEM	1	(register, 0x0, 1)		(unique, 0x2a00, 1)
instruction	CODE:399f	CODE:39e9	LCALL 0x9df1	4	write	INTMEM	1	(register, 0x40, 1)		(unique, 0xb400, 1)
instruction	CODE:399f	CODE:39e9	LCALL 0x9df1	6	write	INTMEM	1	(register, 0x40, 1)		(unique, 0x1200, 1)
instruction	CODE:399f	CODE:39ee	LCALL 0xa17a	4	write	INTMEM	1	(register, 0x40, 1)		(unique, 0xb400, 1)
instruction	CODE:399f	CODE:39ee	LCALL 0xa17a	6	write	INTMEM	1	(register, 0x40, 1)		(unique, 0x1200, 1)
instruction	CODE:399f	CODE:39f7	MOV A,@R0	0	read	INTMEM	1	(register, 0x0, 1)		
instruction	CODE:399f	CODE:3a02	MOV A,@R0	0	read	INTMEM	1	(register, 0x0, 1)		
instruction	CODE:399f	CODE:3a09	LCALL 0xa03c	4	write	INTMEM	1	(register, 0x40, 1)		(unique, 0xb400, 1)
instruction	CODE:399f	CODE:3a09	LCALL 0xa03c	6	write	INTMEM	1	(register, 0x40, 1)		(unique, 0x1200, 1)
instruction	CODE:399f	CODE:3a10	MOV @R0,#0x3c	1	write	INTMEM	1	(register, 0x0, 1)		(unique, 0x2a00, 1)
instruction	CODE:399f	CODE:3a16	MOV @R0,#0x38	1	write	INTMEM	1	(register, 0x0, 1)		(unique, 0x2a00, 1)
instruction	CODE:399f	CODE:3a1c	LCALL 0xa60e	4	write	INTMEM	1	(register, 0x40, 1)		(unique, 0xb400, 1)
instruction	CODE:399f	CODE:3a1c	LCALL 0xa60e	6	write	INTMEM	1	(register, 0x40, 1)		(unique, 0x1200, 1)
instruction	CODE:399f	CODE:3a23	MOV @R0,#0x31	1	write	INTMEM	1	(register, 0x0, 1)		(unique, 0x2a00, 1)
instruction	CODE:399f	CODE:3a29	LCALL 0x90d1	4	write	INTMEM	1	(register, 0x40, 1)		(unique, 0xb400, 1)
instruction	CODE:399f	CODE:3a29	LCALL 0x90d1	6	write	INTMEM	1	(register, 0x40, 1)		(unique, 0x1200, 1)
instruction	CODE:399f	CODE:3a30	LCALL 0xa607	4	write	INTMEM	1	(register, 0x40, 1)		(unique, 0xb400, 1)
instruction	CODE:399f	CODE:3a30	LCALL 0xa607	6	write	INTMEM	1	(register, 0x40, 1)		(unique, 0x1200, 1)
instruction	CODE:399f	CODE:3a35	LCALL 0xa17a	4	write	INTMEM	1	(register, 0x40, 1)		(unique, 0xb400, 1)
instruction	CODE:399f	CODE:3a35	LCALL 0xa17a	6	write	INTMEM	1	(register, 0x40, 1)		(unique, 0x1200, 1)
instruction	CODE:399f	CODE:3a3a	MOV A,@R0	0	read	INTMEM	1	(register, 0x0, 1)		
instruction	CODE:399f	CODE:3a3b	LCALL 0xae53	4	write	INTMEM	1	(register, 0x40, 1)		(unique, 0xb400, 1)
instruction	CODE:399f	CODE:3a3b	LCALL 0xae53	6	write	INTMEM	1	(register, 0x40, 1)		(unique, 0x1200, 1)
instruction	CODE:399f	CODE:3aa2	LCALL 0xa4cb	4	write	INTMEM	1	(register, 0x40, 1)		(unique, 0xb400, 1)
instruction	CODE:399f	CODE:3aa2	LCALL 0xa4cb	6	write	INTMEM	1	(register, 0x40, 1)		(unique, 0x1200, 1)
instruction	CODE:399f	CODE:3aa7	LCALL 0x9abd	4	write	INTMEM	1	(register, 0x40, 1)		(unique, 0xb400, 1)
instruction	CODE:399f	CODE:3aa7	LCALL 0x9abd	6	write	INTMEM	1	(register, 0x40, 1)		(unique, 0x1200, 1)
instruction	CODE:399f	CODE:3aac	LCALL 0xa2a7	4	write	INTMEM	1	(register, 0x40, 1)		(unique, 0xb400, 1)
instruction	CODE:399f	CODE:3aac	LCALL 0xa2a7	6	write	INTMEM	1	(register, 0x40, 1)		(unique, 0x1200, 1)
instruction	CODE:399f	CODE:3ab1	LCALL 0xa2bf	4	write	INTMEM	1	(register, 0x40, 1)		(unique, 0xb400, 1)
instruction	CODE:399f	CODE:3ab1	LCALL 0xa2bf	6	write	INTMEM	1	(register, 0x40, 1)		(unique, 0x1200, 1)
instruction	CODE:399f	CODE:3ab6	LCALL 0xa0f5	4	write	INTMEM	1	(register, 0x40, 1)		(unique, 0xb400, 1)
instruction	CODE:399f	CODE:3ab6	LCALL 0xa0f5	6	write	INTMEM	1	(register, 0x40, 1)		(unique, 0x1200, 1)
instruction	CODE:399f	CODE:3abb	MOV @R0,#0x31	1	write	INTMEM	1	(register, 0x0, 1)		(unique, 0x2a00, 1)
instruction	CODE:399f	CODE:3abd	LCALL 0x9e03	4	write	INTMEM	1	(register, 0x40, 1)		(unique, 0xb400, 1)
instruction	CODE:399f	CODE:3abd	LCALL 0x9e03	6	write	INTMEM	1	(register, 0x40, 1)		(unique, 0x1200, 1)
instruction	CODE:399f	CODE:3ac2	LCALL 0x851f	4	write	INTMEM	1	(register, 0x40, 1)		(unique, 0xb400, 1)
instruction	CODE:399f	CODE:3ac2	LCALL 0x851f	6	write	INTMEM	1	(register, 0x40, 1)		(unique, 0x1200, 1)
instruction	CODE:399f	CODE:3ac7	LCALL 0x8c9d	4	write	INTMEM	1	(register, 0x40, 1)		(unique, 0xb400, 1)
instruction	CODE:399f	CODE:3ac7	LCALL 0x8c9d	6	write	INTMEM	1	(register, 0x40, 1)		(unique, 0x1200, 1)
instruction	CODE:399f	CODE:3acc	LCALL 0x92a1	4	write	INTMEM	1	(register, 0x40, 1)		(unique, 0xb400, 1)
instruction	CODE:399f	CODE:3acc	LCALL 0x92a1	6	write	INTMEM	1	(register, 0x40, 1)		(unique, 0x1200, 1)
instruction	CODE:399f	CODE:3ad1	LCALL 0x8352	4	write	INTMEM	1	(register, 0x40, 1)		(unique, 0xb400, 1)
instruction	CODE:399f	CODE:3ad1	LCALL 0x8352	6	write	INTMEM	1	(register, 0x40, 1)		(unique, 0x1200, 1)
instruction	CODE:399f	CODE:3ad6	LCALL 0x8401	4	write	INTMEM	1	(register, 0x40, 1)		(unique, 0xb400, 1)
instruction	CODE:399f	CODE:3ad6	LCALL 0x8401	6	write	INTMEM	1	(register, 0x40, 1)		(unique, 0x1200, 1)
instruction	CODE:399f	CODE:3add	MOV @R0,#0x37	1	write	INTMEM	1	(register, 0x0, 1)		(unique, 0x2a00, 1)
instruction	CODE:399f	CODE:3adf	LCALL 0x51f5	4	write	INTMEM	1	(register, 0x40, 1)		(unique, 0xb400, 1)
instruction	CODE:399f	CODE:3adf	LCALL 0x51f5	6	write	INTMEM	1	(register, 0x40, 1)		(unique, 0x1200, 1)
instruction	CODE:399f	CODE:3ae4	LCALL 0xa2b3	4	write	INTMEM	1	(register, 0x40, 1)		(unique, 0xb400, 1)
instruction	CODE:399f	CODE:3ae4	LCALL 0xa2b3	6	write	INTMEM	1	(register, 0x40, 1)		(unique, 0x1200, 1)
instruction	CODE:399f	CODE:3ae9	LCALL 0x85c9	4	write	INTMEM	1	(register, 0x40, 1)		(unique, 0xb400, 1)
instruction	CODE:399f	CODE:3ae9	LCALL 0x85c9	6	write	INTMEM	1	(register, 0x40, 1)		(unique, 0x1200, 1)
instruction	CODE:399f	CODE:3aee	LCALL 0xa5d5	4	write	INTMEM	1	(register, 0x40, 1)		(unique, 0xb400, 1)
instruction	CODE:399f	CODE:3aee	LCALL 0xa5d5	6	write	INTMEM	1	(register, 0x40, 1)		(unique, 0x1200, 1)
instruction	CODE:399f	CODE:3af3	LCALL 0xa4a3	4	write	INTMEM	1	(register, 0x40, 1)		(unique, 0xb400, 1)
instruction	CODE:399f	CODE:3af3	LCALL 0xa4a3	6	write	INTMEM	1	(register, 0x40, 1)		(unique, 0x1200, 1)
instruction	CODE:399f	CODE:3af8	LCALL 0xa4ad	4	write	INTMEM	1	(register, 0x40, 1)		(unique, 0xb400, 1)
instruction	CODE:399f	CODE:3af8	LCALL 0xa4ad	6	write	INTMEM	1	(register, 0x40, 1)		(unique, 0x1200, 1)
instruction	CODE:399f	CODE:3afd	LCALL 0x8c1e	4	write	INTMEM	1	(register, 0x40, 1)		(unique, 0xb400, 1)
instruction	CODE:399f	CODE:3afd	LCALL 0x8c1e	6	write	INTMEM	1	(register, 0x40, 1)		(unique, 0x1200, 1)
instruction	CODE:399f	CODE:3b02	LCALL 0x81b0	4	write	INTMEM	1	(register, 0x40, 1)		(unique, 0xb400, 1)
instruction	CODE:399f	CODE:3b02	LCALL 0x81b0	6	write	INTMEM	1	(register, 0x40, 1)		(unique, 0x1200, 1)
instruction	CODE:399f	CODE:3b07	LCALL 0x9fc9	4	write	INTMEM	1	(register, 0x40, 1)		(unique, 0xb400, 1)
instruction	CODE:399f	CODE:3b07	LCALL 0x9fc9	6	write	INTMEM	1	(register, 0x40, 1)		(unique, 0x1200, 1)
instruction	CODE:399f	CODE:3b0c	LCALL 0x9508	4	write	INTMEM	1	(register, 0x40, 1)		(unique, 0xb400, 1)
instruction	CODE:399f	CODE:3b0c	LCALL 0x9508	6	write	INTMEM	1	(register, 0x40, 1)		(unique, 0x1200, 1)
instruction	CODE:399f	CODE:3b11	MOV @R0,0x07	1	write	INTMEM	1	(register, 0x0, 1)		(unique, 0x2a00, 1)
instruction	CODE:399f	CODE:3b17	MOV A,@R0	0	read	INTMEM	1	(register, 0x0, 1)		
instruction	CODE:399f	CODE:3b1e	MOV A,@R0	0	read	INTMEM	1	(register, 0x0, 1)		
instruction	CODE:399f	CODE:3b24	LCALL 0xa7a9	4	write	INTMEM	1	(register, 0x40, 1)		(unique, 0xb400, 1)
instruction	CODE:399f	CODE:3b24	LCALL 0xa7a9	6	write	INTMEM	1	(register, 0x40, 1)		(unique, 0x1200, 1)
instruction	CODE:399f	CODE:3b29	LCALL 0xa7b3	4	write	INTMEM	1	(register, 0x40, 1)		(unique, 0xb400, 1)
instruction	CODE:399f	CODE:3b29	LCALL 0xa7b3	6	write	INTMEM	1	(register, 0x40, 1)		(unique, 0x1200, 1)
instruction	CODE:399f	CODE:3b30	MOV @R0,#0x37	1	write	INTMEM	1	(register, 0x0, 1)		(unique, 0x2a00, 1)
instruction	CODE:399f	CODE:3b34	MOV A,@R0	0	read	INTMEM	1	(register, 0x0, 1)		
instruction	CODE:399f	CODE:3b37	MOV A,@R0	0	read	INTMEM	1	(register, 0x0, 1)		
instruction	CODE:3b3c	CODE:3b40	MOVX @DPTR,A	2	write	EXTMEM	1	(unique, 0x2800, 2)		(unique, 0x2900, 1)
instruction	CODE:3b3c	CODE:3b41	LCALL 0xa815	4	write	INTMEM	1	(register, 0x40, 1)		(unique, 0xb400, 1)
instruction	CODE:3b3c	CODE:3b41	LCALL 0xa815	6	write	INTMEM	1	(register, 0x40, 1)		(unique, 0x1200, 1)
instruction	CODE:3b3c	CODE:3b47	LCALL 0xae2a	4	write	INTMEM	1	(register, 0x40, 1)		(unique, 0xb400, 1)
instruction	CODE:3b3c	CODE:3b47	LCALL 0xae2a	6	write	INTMEM	1	(register, 0x40, 1)		(unique, 0x1200, 1)
instruction	CODE:3b3c	CODE:3b4d	MOVX A,@DPTR	1	read	EXTMEM	1	(unique, 0x2800, 2)		
instruction	CODE:3b3c	CODE:3b4f	LCALL 0xa745	4	write	INTMEM	1	(register, 0x40, 1)		(unique, 0xb400, 1)
instruction	CODE:3b3c	CODE:3b4f	LCALL 0xa745	6	write	INTMEM	1	(register, 0x40, 1)		(unique, 0x1200, 1)
instruction	CODE:3b3c	CODE:3b52	LCALL 0x82d6	4	write	INTMEM	1	(register, 0x40, 1)		(unique, 0xb400, 1)
instruction	CODE:3b3c	CODE:3b52	LCALL 0x82d6	6	write	INTMEM	1	(register, 0x40, 1)		(unique, 0x1200, 1)
instruction	CODE:3b3c	CODE:3b55	LCALL 0xaa99	4	write	INTMEM	1	(register, 0x40, 1)		(unique, 0xb400, 1)
instruction	CODE:3b3c	CODE:3b55	LCALL 0xaa99	6	write	INTMEM	1	(register, 0x40, 1)		(unique, 0x1200, 1)
instruction	CODE:3b3c	CODE:3b64	LCALL 0xaac4	4	write	INTMEM	1	(register, 0x40, 1)		(unique, 0xb400, 1)
instruction	CODE:3b3c	CODE:3b64	LCALL 0xaac4	6	write	INTMEM	1	(register, 0x40, 1)		(unique, 0x1200, 1)
instruction	CODE:3b3c	CODE:3b72	LCALL 0xaa99	4	write	INTMEM	1	(register, 0x40, 1)		(unique, 0xb400, 1)
instruction	CODE:3b3c	CODE:3b72	LCALL 0xaa99	6	write	INTMEM	1	(register, 0x40, 1)		(unique, 0x1200, 1)
instruction	CODE:3b3c	CODE:3b8d	LCALL 0xaed0	4	write	INTMEM	1	(register, 0x40, 1)		(unique, 0xb400, 1)
instruction	CODE:3b3c	CODE:3b8d	LCALL 0xaed0	6	write	INTMEM	1	(register, 0x40, 1)		(unique, 0x1200, 1)
instruction	CODE:3b3c	CODE:3b94	MOVX @DPTR,A	2	write	EXTMEM	1	(unique, 0x2800, 2)		(unique, 0x2900, 1)
instruction	CODE:3b3c	CODE:3b97	MOVX @DPTR,A	2	write	EXTMEM	1	(unique, 0x2800, 2)		(unique, 0x2900, 1)
instruction	CODE:3b3c	CODE:3b98	LCALL 0x82d6	4	write	INTMEM	1	(register, 0x40, 1)		(unique, 0xb400, 1)
instruction	CODE:3b3c	CODE:3b98	LCALL 0x82d6	6	write	INTMEM	1	(register, 0x40, 1)		(unique, 0x1200, 1)
instruction	CODE:3b3c	CODE:3b9e	LCALL 0xaac4	4	write	INTMEM	1	(register, 0x40, 1)		(unique, 0xb400, 1)
instruction	CODE:3b3c	CODE:3b9e	LCALL 0xaac4	6	write	INTMEM	1	(register, 0x40, 1)		(unique, 0x1200, 1)
instruction	CODE:3b3c	CODE:3bab	LCALL 0xaed0	4	write	INTMEM	1	(register, 0x40, 1)		(unique, 0xb400, 1)
instruction	CODE:3b3c	CODE:3bab	LCALL 0xaed0	6	write	INTMEM	1	(register, 0x40, 1)		(unique, 0x1200, 1)
instruction	CODE:3b3c	CODE:3bb2	MOVX @DPTR,A	2	write	EXTMEM	1	(unique, 0x2800, 2)		(unique, 0x2900, 1)
instruction	CODE:3b3c	CODE:3bb5	MOVX @DPTR,A	2	write	EXTMEM	1	(unique, 0x2800, 2)		(unique, 0x2900, 1)
instruction	CODE:3b3c	CODE:3bb9	MOVX A,@DPTR	1	read	EXTMEM	1	(unique, 0x2800, 2)		
instruction	CODE:3b3c	CODE:3bbe	LCALL 0xa7e7	4	write	INTMEM	1	(register, 0x40, 1)		(unique, 0xb400, 1)
instruction	CODE:3b3c	CODE:3bbe	LCALL 0xa7e7	6	write	INTMEM	1	(register, 0x40, 1)		(unique, 0x1200, 1)
instruction	CODE:3b3c	CODE:3bcc	MOVX A,@DPTR	1	read	EXTMEM	1	(unique, 0x2800, 2)		
instruction	CODE:3b3c	CODE:3bce	MOVX @DPTR,A	2	write	EXTMEM	1	(unique, 0x2800, 2)		(unique, 0x2900, 1)
instruction	CODE:3b3c	CODE:3bd0	MOVX A,@DPTR	1	read	EXTMEM	1	(unique, 0x2800, 2)		
instruction	CODE:3b3c	CODE:3bd2	MOVX @DPTR,A	2	write	EXTMEM	1	(unique, 0x2800, 2)		(unique, 0x2900, 1)
instruction	CODE:3b3c	CODE:3bd5	LCALL 0x82d6	4	write	INTMEM	1	(register, 0x40, 1)		(unique, 0xb400, 1)
instruction	CODE:3b3c	CODE:3bd5	LCALL 0x82d6	6	write	INTMEM	1	(register, 0x40, 1)		(unique, 0x1200, 1)
instruction	CODE:3b3c	CODE:3bd8	LCALL 0xad03	4	write	INTMEM	1	(register, 0x40, 1)		(unique, 0xb400, 1)
instruction	CODE:3b3c	CODE:3bd8	LCALL 0xad03	6	write	INTMEM	1	(register, 0x40, 1)		(unique, 0x1200, 1)
instruction	CODE:3b3c	CODE:3be8	LCALL 0xacdd	4	write	INTMEM	1	(register, 0x40, 1)		(unique, 0xb400, 1)
instruction	CODE:3b3c	CODE:3be8	LCALL 0xacdd	6	write	INTMEM	1	(register, 0x40, 1)		(unique, 0x1200, 1)
instruction	CODE:3b3c	CODE:3bf1	LCALL 0xaba2	4	write	INTMEM	1	(register, 0x40, 1)		(unique, 0xb400, 1)
instruction	CODE:3b3c	CODE:3bf1	LCALL 0xaba2	6	write	INTMEM	1	(register, 0x40, 1)		(unique, 0x1200, 1)
instruction	CODE:3b3c	CODE:3bf8	MOVX @DPTR,A	2	write	EXTMEM	1	(unique, 0x2800, 2)		(unique, 0x2900, 1)
instruction	CODE:3b3c	CODE:3bfb	MOVX @DPTR,A	2	write	EXTMEM	1	(unique, 0x2800, 2)		(unique, 0x2900, 1)
instruction	CODE:3b3c	CODE:3bfc	LCALL 0xa153	4	write	INTMEM	1	(register, 0x40, 1)		(unique, 0xb400, 1)
instruction	CODE:3b3c	CODE:3bfc	LCALL 0xa153	6	write	INTMEM	1	(register, 0x40, 1)		(unique, 0x1200, 1)
instruction	CODE:3b3c	CODE:3c04	LCALL 0xadf3	4	write	INTMEM	1	(register, 0x40, 1)		(unique, 0xb400, 1)
instruction	CODE:3b3c	CODE:3c04	LCALL 0xadf3	6	write	INTMEM	1	(register, 0x40, 1)		(unique, 0x1200, 1)
instruction	CODE:3b3c	CODE:3c4e	LCALL 0xadf3	4	write	INTMEM	1	(register, 0x40, 1)		(unique, 0xb400, 1)
instruction	CODE:3b3c	CODE:3c4e	LCALL 0xadf3	6	write	INTMEM	1	(register, 0x40, 1)		(unique, 0x1200, 1)
instruction	CODE:3b3c	CODE:3c8a	MOVX A,@DPTR	1	read	EXTMEM	1	(unique, 0x2800, 2)		
instruction	CODE:3b3c	CODE:3c8d	MOVX A,@DPTR	1	read	EXTMEM	1	(unique, 0x2800, 2)		
instruction	CODE:3b3c	CODE:3c90	MOVX A,@DPTR	1	read	EXTMEM	1	(unique, 0x2800, 2)		
instruction	CODE:3b3c	CODE:3c93	MOVX A,@DPTR	1	read	EXTMEM	1	(unique, 0x2800, 2)		
instruction	CODE:3b3c	CODE:3c95	LCALL 0x9d97	4	write	INTMEM	1	(register, 0x40, 1)		(unique, 0xb400, 1)
instruction	CODE:3b3c	CODE:3c95	LCALL 0x9d97	6	write	INTMEM	1	(register, 0x40, 1)		(unique, 0x1200, 1)
instruction	CODE:3b3c	CODE:3c9a	LCALL 0xa646	4	write	INTMEM	1	(register, 0x40, 1)		(unique, 0xb400, 1)
instruction	CODE:3b3c	CODE:3c9a	LCALL 0xa646	6	write	INTMEM	1	(register, 0x40, 1)		(unique, 0x1200, 1)
instruction	CODE:3b3c	CODE:3c9d	LCALL 0x54d6	4	write	INTMEM	1	(register, 0x40, 1)		(unique, 0xb400, 1)
instruction	CODE:3b3c	CODE:3c9d	LCALL 0x54d6	6	write	INTMEM	1	(register, 0x40, 1)		(unique, 0x1200, 1)
instruction	CODE:3b3c	CODE:3ca4	LCALL 0x82a1	4	write	INTMEM	1	(register, 0x40, 1)		(unique, 0xb400, 1)
instruction	CODE:3b3c	CODE:3ca4	LCALL 0x82a1	6	write	INTMEM	1	(register, 0x40, 1)		(unique, 0x1200, 1)
instruction	CODE:3caa	CODE:3cac	MOV A,@R0	0	read	INTMEM	1	(register, 0x0, 1)		
instruction	CODE:3caa	CODE:3cb2	MOVX @DPTR,A	2	write	EXTMEM	1	(unique, 0x2800, 2)		(unique, 0x2900, 1)
instruction	CODE:3caa	CODE:3cb5	MOVX @DPTR,A	2	write	EXTMEM	1	(unique, 0x2800, 2)		(unique, 0x2900, 1)
instruction	CODE:3caa	CODE:3cb8	MOV A,@R0	0	read	INTMEM	1	(register, 0x0, 1)		
instruction	CODE:3caa	CODE:3cbc	MOVX @DPTR,A	2	write	EXTMEM	1	(unique, 0x2800, 2)		(unique, 0x2900, 1)
instruction	CODE:3caa	CODE:3cbf	MOVX @DPTR,A	2	write	EXTMEM	1	(unique, 0x2800, 2)		(unique, 0x2900, 1)
instruction	CODE:3caa	CODE:3cc1	MOV A,@R0	0	read	INTMEM	1	(register, 0x0, 1)		
instruction	CODE:3caa	CODE:3cc3	LCALL 0xa139	4	write	INTMEM	1	(register, 0x40, 1)		(unique, 0xb400, 1)
instruction	CODE:3caa	CODE:3cc3	LCALL 0xa139	6	write	INTMEM	1	(register, 0x40, 1)		(unique, 0x1200, 1)
instruction	CODE:3caa	CODE:3ccd	MOVX @DPTR,A	2	write	EXTMEM	1	(unique, 0x2800, 2)		(unique, 0x2900, 1)
instruction	CODE:3caa	CODE:3cd0	MOVX @DPTR,A	2	write	EXTMEM	1	(unique, 0x2800, 2)		(unique, 0x2900, 1)
instruction	CODE:3caa	CODE:3cd1	LCALL 0xa6f7	4	write	INTMEM	1	(register, 0x40, 1)		(unique, 0xb400, 1)
instruction	CODE:3caa	CODE:3cd1	LCALL 0xa6f7	6	write	INTMEM	1	(register, 0x40, 1)		(unique, 0x1200, 1)
instruction	CODE:3caa	CODE:3cd9	MOVX A,@DPTR	1	read	EXTMEM	1	(unique, 0x2800, 2)		
instruction	CODE:3caa	CODE:3cdd	MOVX A,@DPTR	1	read	EXTMEM	1	(unique, 0x2800, 2)		
instruction	CODE:3caa	CODE:3ce5	MOVX A,@DPTR	1	read	EXTMEM	1	(unique, 0x2800, 2)		
instruction	CODE:3caa	CODE:3ce8	MOVX A,@DPTR	1	read	EXTMEM	1	(unique, 0x2800, 2)		
instruction	CODE:3caa	CODE:3d18	LCALL 0x7d72	4	write	INTMEM	1	(register, 0x40, 1)		(unique, 0xb400, 1)
instruction	CODE:3caa	CODE:3d18	LCALL 0x7d72	6	write	INTMEM	1	(register, 0x40, 1)		(unique, 0x1200, 1)
instruction	CODE:3caa	CODE:3d1b	LCALL 0x87aa	4	write	INTMEM	1	(register, 0x40, 1)		(unique, 0xb400, 1)
instruction	CODE:3caa	CODE:3d1b	LCALL 0x87aa	6	write	INTMEM	1	(register, 0x40, 1)		(unique, 0x1200, 1)
instruction	CODE:3caa	CODE:3d21	MOVX A,@DPTR	1	read	EXTMEM	1	(unique, 0x2800, 2)		
instruction	CODE:3caa	CODE:3d25	MOVX A,@DPTR	1	read	EXTMEM	1	(unique, 0x2800, 2)		
instruction	CODE:3caa	CODE:3d2a	LCALL 0x7d7a	4	write	INTMEM	1	(register, 0x40, 1)		(unique, 0xb400, 1)
instruction	CODE:3caa	CODE:3d2a	LCALL 0x7d7a	6	write	INTMEM	1	(register, 0x40, 1)		(unique, 0x1200, 1)
instruction	CODE:3caa	CODE:3d33	MOVX A,@DPTR	1	read	EXTMEM	1	(unique, 0x2800, 2)		
instruction	CODE:3caa	CODE:3d37	MOVX A,@DPTR	1	read	EXTMEM	1	(unique, 0x2800, 2)		
instruction	CODE:3caa	CODE:3d3c	LCALL 0x7d7a	4	write	INTMEM	1	(register, 0x40, 1)		(unique, 0xb400, 1)
instruction	CODE:3caa	CODE:3d3c	LCALL 0x7d7a	6	write	INTMEM	1	(register, 0x40, 1)		(unique, 0x1200, 1)
instruction	CODE:3caa	CODE:3d45	MOVX A,@DPTR	1	read	EXTMEM	1	(unique, 0x2800, 2)		
instruction	CODE:3caa	CODE:3d49	MOVX A,@DPTR	1	read	EXTMEM	1	(unique, 0x2800, 2)		
instruction	CODE:3caa	CODE:3d4e	LCALL 0x7d7a	4	write	INTMEM	1	(register, 0x40, 1)		(unique, 0xb400, 1)
instruction	CODE:3caa	CODE:3d4e	LCALL 0x7d7a	6	write	INTMEM	1	(register, 0x40, 1)		(unique, 0x1200, 1)
instruction	CODE:3caa	CODE:3d57	MOVX A,@DPTR	1	read	EXTMEM	1	(unique, 0x2800, 2)		
instruction	CODE:3caa	CODE:3d5b	MOVX A,@DPTR	1	read	EXTMEM	1	(unique, 0x2800, 2)		
instruction	CODE:3caa	CODE:3d60	LCALL 0x7d7a	4	write	INTMEM	1	(register, 0x40, 1)		(unique, 0xb400, 1)
instruction	CODE:3caa	CODE:3d60	LCALL 0x7d7a	6	write	INTMEM	1	(register, 0x40, 1)		(unique, 0x1200, 1)
instruction	CODE:3caa	CODE:3d69	MOVX A,@DPTR	1	read	EXTMEM	1	(unique, 0x2800, 2)		
instruction	CODE:3caa	CODE:3d6d	MOVX A,@DPTR	1	read	EXTMEM	1	(unique, 0x2800, 2)		
instruction	CODE:3caa	CODE:3d75	MOVX A,@DPTR	1	read	EXTMEM	1	(unique, 0x2800, 2)		
instruction	CODE:3caa	CODE:3d79	MOVX A,@DPTR	1	read	EXTMEM	1	(unique, 0x2800, 2)		
instruction	CODE:3caa	CODE:3d8d	LCALL 0x7d6d	4	write	INTMEM	1	(register, 0x40, 1)		(unique, 0xb400, 1)
instruction	CODE:3caa	CODE:3d8d	LCALL 0x7d6d	6	write	INTMEM	1	(register, 0x40, 1)		(unique, 0x1200, 1)
instruction	CODE:3caa	CODE:3d95	MOVX A,@DPTR	1	read	EXTMEM	1	(unique, 0x2800, 2)		
instruction	CODE:3caa	CODE:3d99	MOVX A,@DPTR	1	read	EXTMEM	1	(unique, 0x2800, 2)		
instruction	CODE:3caa	CODE:3d9e	LCALL 0x7d7a	4	write	INTMEM	1	(register, 0x40, 1)		(unique, 0xb400, 1)
instruction	CODE:3caa	CODE:3d9e	LCALL 0x7d7a	6	write	INTMEM	1	(register, 0x40, 1)		(unique, 0x1200, 1)
instruction	CODE:3caa	CODE:3da7	MOVX A,@DPTR	1	read	EXTMEM	1	(unique, 0x2800, 2)		
instruction	CODE:3caa	CODE:3dab	MOVX A,@DPTR	1	read	EXTMEM	1	(unique, 0x2800, 2)		
instruction	CODE:3caa	CODE:3db9	LCALL 0x7d6d	4	write	INTMEM	1	(register, 0x40, 1)		(unique, 0xb400, 1)
instruction	CODE:3caa	CODE:3db9	LCALL 0x7d6d	6	write	INTMEM	1	(register, 0x40, 1)		(unique, 0x1200, 1)
instruction	CODE:3caa	CODE:3dbf	LCALL 0x7d9f	4	write	INTMEM	1	(register, 0x40, 1)		(unique, 0xb400, 1)
instruction	CODE:3caa	CODE:3dbf	LCALL 0x7d9f	6	write	INTMEM	1	(register, 0x40, 1)		(unique, 0x1200, 1)
instruction	CODE:3caa	CODE:3dc7	MOVX A,@DPTR	1	read	EXTMEM	1	(unique, 0x2800, 2)		
instruction	CODE:3caa	CODE:3dcb	MOVX A,@DPTR	1	read	EXTMEM	1	(unique, 0x2800, 2)		
instruction	CODE:3caa	CODE:3dd3	MOVX A,@DPTR	1	read	EXTMEM	1	(unique, 0x2800, 2)		
instruction	CODE:3caa	CODE:3dd7	MOVX A,@DPTR	1	read	EXTMEM	1	(unique, 0x2800, 2)		
instruction	CODE:3caa	CODE:3deb	LCALL 0x7d6d	4	write	INTMEM	1	(register, 0x40, 1)		(unique, 0xb400, 1)
instruction	CODE:3caa	CODE:3deb	LCALL 0x7d6d	6	write	INTMEM	1	(register, 0x40, 1)		(unique, 0x1200, 1)
instruction	CODE:3caa	CODE:3df3	MOVX A,@DPTR	1	read	EXTMEM	1	(unique, 0x2800, 2)		
instruction	CODE:3caa	CODE:3df6	MOVX A,@DPTR	1	read	EXTMEM	1	(unique, 0x2800, 2)		
instruction	CODE:3caa	CODE:3e07	MOVX @DPTR,A	2	write	EXTMEM	1	(unique, 0x2800, 2)		(unique, 0x2900, 1)
instruction	CODE:3caa	CODE:3e0a	MOVX @DPTR,A	2	write	EXTMEM	1	(unique, 0x2800, 2)		(unique, 0x2900, 1)
instruction	CODE:3caa	CODE:3e0e	LCALL 0x7d9f	4	write	INTMEM	1	(register, 0x40, 1)		(unique, 0xb400, 1)
instruction	CODE:3caa	CODE:3e0e	LCALL 0x7d9f	6	write	INTMEM	1	(register, 0x40, 1)		(unique, 0x1200, 1)
instruction	CODE:3caa	CODE:3e11	LCALL 0x87aa	4	write	INTMEM	1	(register, 0x40, 1)		(unique, 0xb400, 1)
instruction	CODE:3caa	CODE:3e11	LCALL 0x87aa	6	write	INTMEM	1	(register, 0x40, 1)		(unique, 0x1200, 1)
instruction	CODE:3caa	CODE:3e14	RET	1	read	INTMEM	1	(register, 0x40, 1)		
instruction	CODE:3caa	CODE:3e14	RET	3	read	INTMEM	1	(register, 0x40, 1)		
instruction	CODE:3e15	CODE:3e17	MOV A,@R0	0	read	INTMEM	1	(register, 0x0, 1)		
instruction	CODE:3e15	CODE:3e2c	MOV A,@R0	0	read	INTMEM	1	(register, 0x0, 1)		
instruction	CODE:3e15	CODE:3e2d	LCALL 0xae53	4	write	INTMEM	1	(register, 0x40, 1)		(unique, 0xb400, 1)
instruction	CODE:3e15	CODE:3e2d	LCALL 0xae53	6	write	INTMEM	1	(register, 0x40, 1)		(unique, 0x1200, 1)
instruction	CODE:3e15	CODE:3e7e	LCALL 0x9115	4	write	INTMEM	1	(register, 0x40, 1)		(unique, 0xb400, 1)
instruction	CODE:3e15	CODE:3e7e	LCALL 0x9115	6	write	INTMEM	1	(register, 0x40, 1)		(unique, 0x1200, 1)
instruction	CODE:3e15	CODE:3e85	RET	1	read	INTMEM	1	(register, 0x40, 1)		
instruction	CODE:3e15	CODE:3e85	RET	3	read	INTMEM	1	(register, 0x40, 1)		
instruction	CODE:3e15	CODE:3e88	RET	1	read	INTMEM	1	(register, 0x40, 1)		
instruction	CODE:3e15	CODE:3e88	RET	3	read	INTMEM	1	(register, 0x40, 1)		
instruction	CODE:3e15	CODE:3e8f	RET	1	read	INTMEM	1	(register, 0x40, 1)		
instruction	CODE:3e15	CODE:3e8f	RET	3	read	INTMEM	1	(register, 0x40, 1)		
instruction	CODE:3e15	CODE:3e92	RET	1	read	INTMEM	1	(register, 0x40, 1)		
instruction	CODE:3e15	CODE:3e92	RET	3	read	INTMEM	1	(register, 0x40, 1)		
instruction	CODE:3e15	CODE:3e95	RET	1	read	INTMEM	1	(register, 0x40, 1)		
instruction	CODE:3e15	CODE:3e95	RET	3	read	INTMEM	1	(register, 0x40, 1)		
instruction	CODE:3e15	CODE:3e98	RET	1	read	INTMEM	1	(register, 0x40, 1)		
instruction	CODE:3e15	CODE:3e98	RET	3	read	INTMEM	1	(register, 0x40, 1)		
instruction	CODE:3e15	CODE:3e9b	RET	1	read	INTMEM	1	(register, 0x40, 1)		
instruction	CODE:3e15	CODE:3e9b	RET	3	read	INTMEM	1	(register, 0x40, 1)		
instruction	CODE:3e15	CODE:3e9c	LCALL 0xa65b	4	write	INTMEM	1	(register, 0x40, 1)		(unique, 0xb400, 1)
instruction	CODE:3e15	CODE:3e9c	LCALL 0xa65b	6	write	INTMEM	1	(register, 0x40, 1)		(unique, 0x1200, 1)
instruction	CODE:3e15	CODE:3ea7	RET	1	read	INTMEM	1	(register, 0x40, 1)		
instruction	CODE:3e15	CODE:3ea7	RET	3	read	INTMEM	1	(register, 0x40, 1)		
instruction	CODE:3e15	CODE:3eaa	RET	1	read	INTMEM	1	(register, 0x40, 1)		
instruction	CODE:3e15	CODE:3eaa	RET	3	read	INTMEM	1	(register, 0x40, 1)		
instruction	CODE:3e15	CODE:3eab	LCALL 0xa283	4	write	INTMEM	1	(register, 0x40, 1)		(unique, 0xb400, 1)
instruction	CODE:3e15	CODE:3eab	LCALL 0xa283	6	write	INTMEM	1	(register, 0x40, 1)		(unique, 0x1200, 1)
instruction	CODE:3e15	CODE:3eb9	LCALL 0xa786	4	write	INTMEM	1	(register, 0x40, 1)		(unique, 0xb400, 1)
instruction	CODE:3e15	CODE:3eb9	LCALL 0xa786	6	write	INTMEM	1	(register, 0x40, 1)		(unique, 0x1200, 1)
instruction	CODE:3e15	CODE:3ebe	RET	1	read	INTMEM	1	(register, 0x40, 1)		
instruction	CODE:3e15	CODE:3ebe	RET	3	read	INTMEM	1	(register, 0x40, 1)		
instruction	CODE:3e15	CODE:3ec1	RET	1	read	INTMEM	1	(register, 0x40, 1)		
instruction	CODE:3e15	CODE:3ec1	RET	3	read	INTMEM	1	(register, 0x40, 1)		
instruction	CODE:3e15	CODE:3ec4	LCALL 0xa340	4	write	INTMEM	1	(register, 0x40, 1)		(unique, 0xb400, 1)
instruction	CODE:3e15	CODE:3ec4	LCALL 0xa340	6	write	INTMEM	1	(register, 0x40, 1)		(unique, 0x1200, 1)
instruction	CODE:3e15	CODE:3ecd	RET	1	read	INTMEM	1	(register, 0x40, 1)		
instruction	CODE:3e15	CODE:3ecd	RET	3	read	INTMEM	1	(register, 0x40, 1)		
instruction	CODE:3e15	CODE:3ece	LCALL 0xa48f	4	write	INTMEM	1	(register, 0x40, 1)		(unique, 0xb400, 1)
instruction	CODE:3e15	CODE:3ece	LCALL 0xa48f	6	write	INTMEM	1	(register, 0x40, 1)		(unique, 0x1200, 1)
instruction	CODE:3e15	CODE:3ede	RET	1	read	INTMEM	1	(register, 0x40, 1)		
instruction	CODE:3e15	CODE:3ede	RET	3	read	INTMEM	1	(register, 0x40, 1)		
instruction	CODE:3e15	CODE:3ee1	RET	1	read	INTMEM	1	(register, 0x40, 1)		
instruction	CODE:3e15	CODE:3ee1	RET	3	read	INTMEM	1	(register, 0x40, 1)		
instruction	CODE:3e15	CODE:3ee4	RET	1	read	INTMEM	1	(register, 0x40, 1)		
instruction	CODE:3e15	CODE:3ee4	RET	3	read	INTMEM	1	(register, 0x40, 1)		
instruction	CODE:3e15	CODE:3ee7	RET	1	read	INTMEM	1	(register, 0x40, 1)		
instruction	CODE:3e15	CODE:3ee7	RET	3	read	INTMEM	1	(register, 0x40, 1)		
instruction	CODE:3e15	CODE:3ee8	LCALL 0x9696	4	write	INTMEM	1	(register, 0x40, 1)		(unique, 0xb400, 1)
instruction	CODE:3e15	CODE:3ee8	LCALL 0x9696	6	write	INTMEM	1	(register, 0x40, 1)		(unique, 0x1200, 1)
instruction	CODE:3e15	CODE:3ef7	RET	1	read	INTMEM	1	(register, 0x40, 1)		
instruction	CODE:3e15	CODE:3ef7	RET	3	read	INTMEM	1	(register, 0x40, 1)		
instruction	CODE:3e15	CODE:3efa	RET	1	read	INTMEM	1	(register, 0x40, 1)		
instruction	CODE:3e15	CODE:3efa	RET	3	read	INTMEM	1	(register, 0x40, 1)		
instruction	CODE:3e15	CODE:3efd	RET	1	read	INTMEM	1	(register, 0x40, 1)		
instruction	CODE:3e15	CODE:3efd	RET	3	read	INTMEM	1	(register, 0x40, 1)		
instruction	CODE:3e15	CODE:3f00	RET	1	read	INTMEM	1	(register, 0x40, 1)		
instruction	CODE:3e15	CODE:3f00	RET	3	read	INTMEM	1	(register, 0x40, 1)		
instruction	CODE:3e15	CODE:3f03	RET	1	read	INTMEM	1	(register, 0x40, 1)		
instruction	CODE:3e15	CODE:3f03	RET	3	read	INTMEM	1	(register, 0x40, 1)		
instruction	CODE:3e15	CODE:3f06	RET	1	read	INTMEM	1	(register, 0x40, 1)		
instruction	CODE:3e15	CODE:3f06	RET	3	read	INTMEM	1	(register, 0x40, 1)		
instruction	CODE:3e15	CODE:3f07	LCALL 0x60b4	4	write	INTMEM	1	(register, 0x40, 1)		(unique, 0xb400, 1)
instruction	CODE:3e15	CODE:3f07	LCALL 0x60b4	6	write	INTMEM	1	(register, 0x40, 1)		(unique, 0x1200, 1)
instruction	CODE:3e15	CODE:3f10	LCALL 0xa356	4	write	INTMEM	1	(register, 0x40, 1)		(unique, 0xb400, 1)
instruction	CODE:3e15	CODE:3f10	LCALL 0xa356	6	write	INTMEM	1	(register, 0x40, 1)		(unique, 0x1200, 1)
instruction	CODE:3e15	CODE:3f1a	LCALL 0x9340	4	write	INTMEM	1	(register, 0x40, 1)		(unique, 0xb400, 1)
instruction	CODE:3e15	CODE:3f1a	LCALL 0x9340	6	write	INTMEM	1	(register, 0x40, 1)		(unique, 0x1200, 1)
instruction	CODE:3e15	CODE:3f21	LCALL 0xa638	4	write	INTMEM	1	(register, 0x40, 1)		(unique, 0xb400, 1)
instruction	CODE:3e15	CODE:3f21	LCALL 0xa638	6	write	INTMEM	1	(register, 0x40, 1)		(unique, 0x1200, 1)
instruction	CODE:3e15	CODE:3f28	MOV A,@R0	0	read	INTMEM	1	(register, 0x0, 1)		
instruction	CODE:3e15	CODE:3f31	RET	1	read	INTMEM	1	(register, 0x40, 1)		
instruction	CODE:3e15	CODE:3f31	RET	3	read	INTMEM	1	(register, 0x40, 1)		
instruction	CODE:3e15	CODE:3f34	MOV A,@R0	0	read	INTMEM	1	(register, 0x0, 1)		
instruction	CODE:3e15	CODE:3f43	RET	1	read	INTMEM	1	(register, 0x40, 1)		
instruction	CODE:3e15	CODE:3f43	RET	3	read	INTMEM	1	(register, 0x40, 1)		
instruction	CODE:3e15	CODE:3f46	RET	1	read	INTMEM	1	(register, 0x40, 1)		
instruction	CODE:3e15	CODE:3f46	RET	3	read	INTMEM	1	(register, 0x40, 1)		
instruction	CODE:3e15	CODE:3f47	LCALL 0x984b	4	write	INTMEM	1	(register, 0x40, 1)		(unique, 0xb400, 1)
instruction	CODE:3e15	CODE:3f47	LCALL 0x984b	6	write	INTMEM	1	(register, 0x40, 1)		(unique, 0x1200, 1)
instruction	CODE:3e15	CODE:3f4e	MOV A,@R0	0	read	INTMEM	1	(register, 0x0, 1)		
instruction	CODE:3e15	CODE:3f61	LCALL 0x6a27	4	write	INTMEM	1	(register, 0x40, 1)		(unique, 0xb400, 1)
instruction	CODE:3e15	CODE:3f61	LCALL 0x6a27	6	write	INTMEM	1	(register, 0x40, 1)		(unique, 0x1200, 1)
instruction	CODE:3e15	CODE:3f68	RET	1	read	INTMEM	1	(register, 0x40, 1)		
instruction	CODE:3e15	CODE:3f68	RET	3	read	INTMEM	1	(register, 0x40, 1)		
instruction	CODE:3e15	CODE:3f6b	RET	1	read	INTMEM	1	(register, 0x40, 1)		
instruction	CODE:3e15	CODE:3f6b	RET	3	read	INTMEM	1	(register, 0x40, 1)		
instruction	CODE:3e15	CODE:3f6e	RET	1	read	INTMEM	1	(register, 0x40, 1)		
instruction	CODE:3e15	CODE:3f6e	RET	3	read	INTMEM	1	(register, 0x40, 1)		
instruction	CODE:3e15	CODE:3f71	RET	1	read	INTMEM	1	(register, 0x40, 1)		
instruction	CODE:3e15	CODE:3f71	RET	3	read	INTMEM	1	(register, 0x40, 1)		
instruction	CODE:3f72	CODE:3f72	LCALL 0xa471	4	write	INTMEM	1	(register, 0x40, 1)		(unique, 0xb400, 1)
instruction	CODE:3f72	CODE:3f72	LCALL 0xa471	6	write	INTMEM	1	(register, 0x40, 1)		(unique, 0x1200, 1)
instruction	CODE:3f72	CODE:3f79	MOVX @DPTR,A	2	write	EXTMEM	1	(unique, 0x2800, 2)		(unique, 0x2900, 1)
instruction	CODE:3f72	CODE:3f7b	MOVX @DPTR,A	2	write	EXTMEM	1	(unique, 0x2800, 2)		(unique, 0x2900, 1)
instruction	CODE:3f72	CODE:3f7e	LCALL 0xa60e	4	write	INTMEM	1	(register, 0x40, 1)		(unique, 0xb400, 1)
instruction	CODE:3f72	CODE:3f7e	LCALL 0xa60e	6	write	INTMEM	1	(register, 0x40, 1)		(unique, 0x1200, 1)
instruction	CODE:3f72	CODE:3f85	MOV A,@R0	0	read	INTMEM	1	(register, 0x0, 1)		
instruction	CODE:3f72	CODE:3f8c	LCALL 0xa60e	4	write	INTMEM	1	(register, 0x40, 1)		(unique, 0xb400, 1)
instruction	CODE:3f72	CODE:3f8c	LCALL 0xa60e	6	write	INTMEM	1	(register, 0x40, 1)		(unique, 0x1200, 1)
instruction	CODE:3f72	CODE:3f96	MOVX @DPTR,A	2	write	EXTMEM	1	(unique, 0x2800, 2)		(unique, 0x2900, 1)
instruction	CODE:3f72	CODE:3f9c	MOVX A,@DPTR	1	read	EXTMEM	1	(unique, 0x2800, 2)		
instruction	CODE:3f72	CODE:3fa2	LCALL 0xa836	4	write	INTMEM	1	(register, 0x40, 1)		(unique, 0xb400, 1)
instruction	CODE:3f72	CODE:3fa2	LCALL 0xa836	6	write	INTMEM	1	(register, 0x40, 1)		(unique, 0x1200, 1)
instruction	CODE:3f72	CODE:3fa5	LCALL 0xa11f	4	write	INTMEM	1	(register, 0x40, 1)		(unique, 0xb400, 1)
instruction	CODE:3f72	CODE:3fa5	LCALL 0xa11f	6	write	INTMEM	1	(register, 0x40, 1)		(unique, 0x1200, 1)
instruction	CODE:3f72	CODE:3faf	MOVX @DPTR,A	2	write	EXTMEM	1	(unique, 0x2800, 2)		(unique, 0x2900, 1)
instruction	CODE:3f72	CODE:3fb4	MOVX @DPTR,A	2	write	EXTMEM	1	(unique, 0x2800, 2)		(unique, 0x2900, 1)
instruction	CODE:3f72	CODE:3fb8	MOVX A,@DPTR	1	read	EXTMEM	1	(unique, 0x2800, 2)		
instruction	CODE:3f72	CODE:3fd2	LCALL 0xa25f	4	write	INTMEM	1	(register, 0x40, 1)		(unique, 0xb400, 1)
instruction	CODE:3f72	CODE:3fd2	LCALL 0xa25f	6	write	INTMEM	1	(register, 0x40, 1)		(unique, 0x1200, 1)
instruction	CODE:3f72	CODE:3fd7	LCALL 0x9c43	4	write	INTMEM	1	(register, 0x40, 1)		(unique, 0xb400, 1)
instruction	CODE:3f72	CODE:3fd7	LCALL 0x9c43	6	write	INTMEM	1	(register, 0x40, 1)		(unique, 0x1200, 1)
instruction	CODE:3f72	CODE:3fdc	LCALL 0x7dac	4	write	INTMEM	1	(register, 0x40, 1)		(unique, 0xb400, 1)
instruction	CODE:3f72	CODE:3fdc	LCALL 0x7dac	6	write	INTMEM	1	(register, 0x40, 1)		(unique, 0x1200, 1)
instruction	CODE:3f72	CODE:3fe1	LCALL 0x7b3a	4	write	INTMEM	1	(register, 0x40, 1)		(unique, 0xb400, 1)
instruction	CODE:3f72	CODE:3fe1	LCALL 0x7b3a	6	write	INTMEM	1	(register, 0x40, 1)		(unique, 0x1200, 1)
instruction	CODE:3f72	CODE:3fe6	LCALL 0x9d3c	4	write	INTMEM	1	(register, 0x40, 1)		(unique, 0xb400, 1)
instruction	CODE:3f72	CODE:3fe6	LCALL 0x9d3c	6	write	INTMEM	1	(register, 0x40, 1)		(unique, 0x1200, 1)
instruction	CODE:3f72	CODE:3feb	LCALL 0x8136	4	write	INTMEM	1	(register, 0x40, 1)		(unique, 0xb400, 1)
instruction	CODE:3f72	CODE:3feb	LCALL 0x8136	6	write	INTMEM	1	(register, 0x40, 1)		(unique, 0x1200, 1)
instruction	CODE:3f72	CODE:3ff2	MOVX @DPTR,A	2	write	EXTMEM	1	(unique, 0x2800, 2)		(unique, 0x2900, 1)
instruction	CODE:3f72	CODE:3ff6	MOVX A,@DPTR	1	read	EXTMEM	1	(unique, 0x2800, 2)		
instruction	CODE:3f72	CODE:3ff9	MOVX A,@DPTR	1	read	EXTMEM	1	(unique, 0x2800, 2)		
instruction	CODE:3ffe	CODE:3ffe	RET	1	read	INTMEM	1	(register, 0x40, 1)		
instruction	CODE:3ffe	CODE:3ffe	RET	3	read	INTMEM	1	(register, 0x40, 1)		
instruction	CODE:3fff	CODE:3fff	RET	1	read	INTMEM	1	(register, 0x40, 1)		
instruction	CODE:3fff	CODE:3fff	RET	3	read	INTMEM	1	(register, 0x40, 1)		
instruction	CODE:4000	CODE:4000	LCALL 0xa74b	4	write	INTMEM	1	(register, 0x40, 1)		(unique, 0xb400, 1)
instruction	CODE:4000	CODE:4000	LCALL 0xa74b	6	write	INTMEM	1	(register, 0x40, 1)		(unique, 0x1200, 1)
instruction	CODE:4000	CODE:4007	MOVX @DPTR,A	2	write	EXTMEM	1	(unique, 0x2800, 2)		(unique, 0x2900, 1)
instruction	CODE:4000	CODE:4011	MOVX A,@DPTR	1	read	EXTMEM	1	(unique, 0x2800, 2)		
instruction	CODE:4000	CODE:4013	LCALL 0xa815	4	write	INTMEM	1	(register, 0x40, 1)		(unique, 0xb400, 1)
instruction	CODE:4000	CODE:4013	LCALL 0xa815	6	write	INTMEM	1	(register, 0x40, 1)		(unique, 0x1200, 1)
instruction	CODE:4000	CODE:401e	MOVX @DPTR,A	2	write	EXTMEM	1	(unique, 0x2800, 2)		(unique, 0x2900, 1)
instruction	CODE:4000	CODE:4021	MOVX @DPTR,A	2	write	EXTMEM	1	(unique, 0x2800, 2)		(unique, 0x2900, 1)
instruction	CODE:4000	CODE:4023	MOVX A,@DPTR	1	read	EXTMEM	1	(unique, 0x2800, 2)		
instruction	CODE:4000	CODE:4025	MOVX @DPTR,A	2	write	EXTMEM	1	(unique, 0x2800, 2)		(unique, 0x2900, 1)
instruction	CODE:4000	CODE:402a	MOVX A,@DPTR	1	read	EXTMEM	1	(unique, 0x2800, 2)		
instruction	CODE:4000	CODE:4033	MOVX @DPTR,A	2	write	EXTMEM	1	(unique, 0x2800, 2)		(unique, 0x2900, 1)
instruction	CODE:4000	CODE:4036	LCALL 0x46b2	4	write	INTMEM	1	(register, 0x40, 1)		(unique, 0xb400, 1)
instruction	CODE:4000	CODE:4036	LCALL 0x46b2	6	write	INTMEM	1	(register, 0x40, 1)		(unique, 0x1200, 1)
instruction	CODE:4000	CODE:4039	PUSH 0x04	1	write	INTMEM	1	(register, 0x40, 1)		mem[INTMEM:04]
instruction	CODE:4000	CODE:403b	PUSH 0x05	1	write	INTMEM	1	(register, 0x40, 1)		mem[INTMEM:05]
instruction	CODE:4000	CODE:403d	PUSH 0x06	1	write	INTMEM	1	(register, 0x40, 1)		mem[INTMEM:06]
instruction	CODE:4000	CODE:403f	PUSH 0x07	1	write	INTMEM	1	(register, 0x40, 1)		mem[INTMEM:07]
instruction	CODE:4000	CODE:4041	LCALL 0x46e6	4	write	INTMEM	1	(register, 0x40, 1)		(unique, 0xb400, 1)
instruction	CODE:4000	CODE:4041	LCALL 0x46e6	6	write	INTMEM	1	(register, 0x40, 1)		(unique, 0x1200, 1)
instruction	CODE:4000	CODE:4044	LCALL 0x475f	4	write	INTMEM	1	(register, 0x40, 1)		(unique, 0xb400, 1)
instruction	CODE:4000	CODE:4044	LCALL 0x475f	6	write	INTMEM	1	(register, 0x40, 1)		(unique, 0x1200, 1)
instruction	CODE:4000	CODE:4049	LCALL 0xacf0	4	write	INTMEM	1	(register, 0x40, 1)		(unique, 0xb400, 1)
instruction	CODE:4000	CODE:4049	LCALL 0xacf0	6	write	INTMEM	1	(register, 0x40, 1)		(unique, 0x1200, 1)
instruction	CODE:4000	CODE:404c	POP 0x03	0	read	INTMEM	1	(register, 0x40, 1)		
instruction	CODE:4000	CODE:404e	POP 0x02	0	read	INTMEM	1	(register, 0x40, 1)		
instruction	CODE:4000	CODE:4050	POP 0x01	0	read	INTMEM	1	(register, 0x40, 1)		
instruction	CODE:4000	CODE:4052	POP 0x00	0	read	INTMEM	1	(register, 0x40, 1)		
instruction	CODE:4000	CODE:4054	LCALL 0xacbf	4	write	INTMEM	1	(register, 0x40, 1)		(unique, 0xb400, 1)
instruction	CODE:4000	CODE:4054	LCALL 0xacbf	6	write	INTMEM	1	(register, 0x40, 1)		(unique, 0x1200, 1)
instruction	CODE:4000	CODE:405f	LCALL 0x46e6	4	write	INTMEM	1	(register, 0x40, 1)		(unique, 0xb400, 1)
instruction	CODE:4000	CODE:405f	LCALL 0x46e6	6	write	INTMEM	1	(register, 0x40, 1)		(unique, 0x1200, 1)
instruction	CODE:4000	CODE:4062	LCALL 0x475f	4	write	INTMEM	1	(register, 0x40, 1)		(unique, 0xb400, 1)
instruction	CODE:4000	CODE:4062	LCALL 0x475f	6	write	INTMEM	1	(register, 0x40, 1)		(unique, 0x1200, 1)
instruction	CODE:4000	CODE:4065	LCALL 0x46dd	4	write	INTMEM	1	(register, 0x40, 1)		(unique, 0xb400, 1)
instruction	CODE:4000	CODE:4065	LCALL 0x46dd	6	write	INTMEM	1	(register, 0x40, 1)		(unique, 0x1200, 1)
instruction	CODE:4000	CODE:4068	LCALL 0x4780	4	write	INTMEM	1	(register, 0x40, 1)		(unique, 0xb400, 1)
instruction	CODE:4000	CODE:4068	LCALL 0x4780	6	write	INTMEM	1	(register, 0x40, 1)		(unique, 0x1200, 1)
instruction	CODE:4000	CODE:4084	MOVX A,@DPTR	1	read	EXTMEM	1	(unique, 0x2800, 2)		
instruction	CODE:4000	CODE:408b	LCALL 0xa153	4	write	INTMEM	1	(register, 0x40, 1)		(unique, 0xb400, 1)
instruction	CODE:4000	CODE:408b	LCALL 0xa153	6	write	INTMEM	1	(register, 0x40, 1)		(unique, 0x1200, 1)
instruction	CODE:4000	CODE:4094	LCALL 0x46cf	4	write	INTMEM	1	(register, 0x40, 1)		(unique, 0xb400, 1)
instruction	CODE:4000	CODE:4094	LCALL 0x46cf	6	write	INTMEM	1	(register, 0x40, 1)		(unique, 0x1200, 1)
instruction	CODE:4000	CODE:409e	LCALL 0xacf0	4	write	INTMEM	1	(register, 0x40, 1)		(unique, 0xb400, 1)
instruction	CODE:4000	CODE:409e	LCALL 0xacf0	6	write	INTMEM	1	(register, 0x40, 1)		(unique, 0x1200, 1)
instruction	CODE:4000	CODE:40a1	PUSH 0x04	1	write	INTMEM	1	(register, 0x40, 1)		mem[INTMEM:04]
instruction	CODE:4000	CODE:40a3	PUSH 0x05	1	write	INTMEM	1	(register, 0x40, 1)		mem[INTMEM:05]
instruction	CODE:4000	CODE:40a5	PUSH 0x06	1	write	INTMEM	1	(register, 0x40, 1)		mem[INTMEM:06]
instruction	CODE:4000	CODE:40a7	PUSH 0x07	1	write	INTMEM	1	(register, 0x40, 1)		mem[INTMEM:07]
instruction	CODE:4000	CODE:40a9	LCALL 0x46b2	4	write	INTMEM	1	(register, 0x40, 1)		(unique, 0xb400, 1)
instruction	CODE:4000	CODE:40a9	LCALL 0x46b2	6	write	INTMEM	1	(register, 0x40, 1)		(unique, 0x1200, 1)
instruction	CODE:4000	CODE:40ac	POP 0x03	0	read	INTMEM	1	(register, 0x40, 1)		
instruction	CODE:4000	CODE:40ae	POP 0x02	0	read	INTMEM	1	(register, 0x40, 1)		
instruction	CODE:4000	CODE:40b0	POP 0x01	0	read	INTMEM	1	(register, 0x40, 1)		
instruction	CODE:4000	CODE:40b2	POP 0x00	0	read	INTMEM	1	(register, 0x40, 1)		
instruction	CODE:4000	CODE:40b4	LCALL 0xacbf	4	write	INTMEM	1	(register, 0x40, 1)		(unique, 0xb400, 1)
instruction	CODE:4000	CODE:40b4	LCALL 0xacbf	6	write	INTMEM	1	(register, 0x40, 1)		(unique, 0x1200, 1)
instruction	CODE:4000	CODE:40b7	PUSH 0x04	1	write	INTMEM	1	(register, 0x40, 1)		mem[INTMEM:04]
instruction	CODE:4000	CODE:40b9	PUSH 0x05	1	write	INTMEM	1	(register, 0x40, 1)		mem[INTMEM:05]
instruction	CODE:4000	CODE:40bb	PUSH 0x06	1	write	INTMEM	1	(register, 0x40, 1)		mem[INTMEM:06]
instruction	CODE:4000	CODE:40bd	PUSH 0x07	1	write	INTMEM	1	(register, 0x40, 1)		mem[INTMEM:07]
instruction	CODE:4000	CODE:40bf	LCALL 0x46cb	4	write	INTMEM	1	(register, 0x40, 1)		(unique, 0xb400, 1)
instruction	CODE:4000	CODE:40bf	LCALL 0x46cb	6	write	INTMEM	1	(register, 0x40, 1)		(unique, 0x1200, 1)
instruction	CODE:4000	CODE:40c2	POP 0x03	0	read	INTMEM	1	(register, 0x40, 1)		
instruction	CODE:4000	CODE:40c4	POP 0x02	0	read	INTMEM	1	(register, 0x40, 1)		
instruction	CODE:4000	CODE:40c6	POP 0x01	0	read	INTMEM	1	(register, 0x40, 1)		
instruction	CODE:4000	CODE:40c8	POP 0x00	0	read	INTMEM	1	(register, 0x40, 1)		
instruction	CODE:4000	CODE:40ca	LCALL 0x46dd	4	write	INTMEM	1	(register, 0x40, 1)		(unique, 0xb400, 1)
instruction	CODE:4000	CODE:40ca	LCALL 0x46dd	6	write	INTMEM	1	(register, 0x40, 1)		(unique, 0x1200, 1)
instruction	CODE:4000	CODE:40cd	LCALL 0x4780	4	write	INTMEM	1	(register, 0x40, 1)		(unique, 0xb400, 1)
instruction	CODE:4000	CODE:40cd	LCALL 0x4780	6	write	INTMEM	1	(register, 0x40, 1)		(unique, 0x1200, 1)
instruction	CODE:4000	CODE:40d6	MOV A,@R0	0	read	INTMEM	1	(register, 0x0, 1)		
instruction	CODE:4000	CODE:40d9	MOV A,@R0	0	read	INTMEM	1	(register, 0x0, 1)		
instruction	CODE:4000	CODE:40e0	LCALL 0x46d7	4	write	INTMEM	1	(register, 0x40, 1)		(unique, 0xb400, 1)
instruction	CODE:4000	CODE:40e0	LCALL 0x46d7	6	write	INTMEM	1	(register, 0x40, 1)		(unique, 0x1200, 1)
instruction	CODE:4000	CODE:40e5	LCALL 0xacf0	4	write	INTMEM	1	(register, 0x40, 1)		(unique, 0xb400, 1)
instruction	CODE:4000	CODE:40e5	LCALL 0xacf0	6	write	INTMEM	1	(register, 0x40, 1)		(unique, 0x1200, 1)
instruction	CODE:4000	CODE:40e8	PUSH 0x04	1	write	INTMEM	1	(register, 0x40, 1)		mem[INTMEM:04]
instruction	CODE:4000	CODE:40ea	PUSH 0x05	1	write	INTMEM	1	(register, 0x40, 1)		mem[INTMEM:05]
instruction	CODE:4000	CODE:40ec	PUSH 0x06	1	write	INTMEM	1	(register, 0x40, 1)		mem[INTMEM:06]
instruction	CODE:4000	CODE:40ee	PUSH 0x07	1	write	INTMEM	1	(register, 0x40, 1)		mem[INTMEM:07]
instruction	CODE:4000	CODE:40f0	LCALL 0x46b2	4	write	INTMEM	1	(register, 0x40, 1)		(unique, 0xb400, 1)
instruction	CODE:4000	CODE:40f0	LCALL 0x46b2	6	write	INTMEM	1	(register, 0x40, 1)		(unique, 0x1200, 1)
instruction	CODE:4000	CODE:40f3	POP 0x03	0	read	INTMEM	1	(register, 0x40, 1)		
instruction	CODE:4000	CODE:40f5	POP 0x02	0	read	INTMEM	1	(register, 0x40, 1)		
instruction	CODE:4000	CODE:40f7	POP 0x01	0	read	INTMEM	1	(register, 0x40, 1)		
instruction	CODE:4000	CODE:40f9	POP 0x00	0	read	INTMEM	1	(register, 0x40, 1)		
instruction	CODE:4000	CODE:40fb	LCALL 0xacbf	4	write	INTMEM	1	(register, 0x40, 1)		(unique, 0xb400, 1)
instruction	CODE:4000	CODE:40fb	LCALL 0xacbf	6	write	INTMEM	1	(register, 0x40, 1)		(unique, 0x1200, 1)
instruction	CODE:4000	CODE:40fe	PUSH 0x04	1	write	INTMEM	1	(register, 0x40, 1)		mem[INTMEM:04]
instruction	CODE:4000	CODE:4100	PUSH 0x05	1	write	INTMEM	1	(register, 0x40, 1)		mem[INTMEM:05]
instruction	CODE:4000	CODE:4102	PUSH 0x06	1	write	INTMEM	1	(register, 0x40, 1)		mem[INTMEM:06]
instruction	CODE:4000	CODE:4104	PUSH 0x07	1	write	INTMEM	1	(register, 0x40, 1)		mem[INTMEM:07]
instruction	CODE:4000	CODE:4106	LCALL 0x46cb	4	write	INTMEM	1	(register, 0x40, 1)		(unique, 0xb400, 1)
instruction	CODE:4000	CODE:4106	LCALL 0x46cb	6	write	INTMEM	1	(register, 0x40, 1)		(unique, 0x1200, 1)
instruction	CODE:4000	CODE:4109	POP 0x03	0	read	INTMEM	1	(register, 0x40, 1)		
instruction	CODE:4000	CODE:410b	POP 0x02	0	read	INTMEM	1	(register, 0x40, 1)		
instruction	CODE:4000	CODE:410d	POP 0x01	0	read	INTMEM	1	(register, 0x40, 1)		
instruction	CODE:4000	CODE:410f	POP 0x00	0	read	INTMEM	1	(register, 0x40, 1)		
instruction	CODE:4000	CODE:4111	LCALL 0xacbf	4	write	INTMEM	1	(register, 0x40, 1)		(unique, 0xb400, 1)
instruction	CODE:4000	CODE:4111	LCALL 0xacbf	6	write	INTMEM	1	(register, 0x40, 1)		(unique, 0x1200, 1)
instruction	CODE:4000	CODE:4117	LCALL 0xad6d	4	write	INTMEM	1	(register, 0x40, 1)		(unique, 0xb400, 1)
instruction	CODE:4000	CODE:4117	LCALL 0xad6d	6	write	INTMEM	1	(register, 0x40, 1)		(unique, 0x1200, 1)
instruction	CODE:4000	CODE:411a	LCALL 0xa3a3	4	write	INTMEM	1	(register, 0x40, 1)		(unique, 0xb400, 1)
instruction	CODE:4000	CODE:411a	LCALL 0xa3a3	6	write	INTMEM	1	(register, 0x40, 1)		(unique, 0x1200, 1)
instruction	CODE:4000	CODE:4125	LCALL 0xa73f	4	write	INTMEM	1	(register, 0x40, 1)		(unique, 0xb400, 1)
instruction	CODE:4000	CODE:4125	LCALL 0xa73f	6	write	INTMEM	1	(register, 0x40, 1)		(unique, 0x1200, 1)
instruction	CODE:4000	CODE:4128	LCALL 0x4789	4	write	INTMEM	1	(register, 0x40, 1)		(unique, 0xb400, 1)
instruction	CODE:4000	CODE:4128	LCALL 0x4789	6	write	INTMEM	1	(register, 0x40, 1)		(unique, 0x1200, 1)
instruction	CODE:4000	CODE:412b	LCALL 0x9d03	4	write	INTMEM	1	(register, 0x40, 1)		(unique, 0xb400, 1)
instruction	CODE:4000	CODE:412b	LCALL 0x9d03	6	write	INTMEM	1	(register, 0x40, 1)		(unique, 0x1200, 1)
instruction	CODE:4000	CODE:412e	LCALL 0xa153	4	write	INTMEM	1	(register, 0x40, 1)		(unique, 0xb400, 1)
instruction	CODE:4000	CODE:412e	LCALL 0xa153	6	write	INTMEM	1	(register, 0x40, 1)		(unique, 0x1200, 1)
instruction	CODE:4000	CODE:4131	LCALL 0x4789	4	write	INTMEM	1	(register, 0x40, 1)		(unique, 0xb400, 1)
instruction	CODE:4000	CODE:4131	LCALL 0x4789	6	write	INTMEM	1	(register, 0x40, 1)		(unique, 0x1200, 1)
instruction	CODE:4000	CODE:4136	LCALL 0x89e0	4	write	INTMEM	1	(register, 0x40, 1)		(unique, 0xb400, 1)
instruction	CODE:4000	CODE:4136	LCALL 0x89e0	6	write	INTMEM	1	(register, 0x40, 1)		(unique, 0x1200, 1)
instruction	CODE:4000	CODE:413f	LCALL 0x89e0	4	write	INTMEM	1	(register, 0x40, 1)		(unique, 0xb400, 1)
instruction	CODE:4000	CODE:413f	LCALL 0x89e0	6	write	INTMEM	1	(register, 0x40, 1)		(unique, 0x1200, 1)
instruction	CODE:4000	CODE:4142	LCALL 0x4789	4	write	INTMEM	1	(register, 0x40, 1)		(unique, 0xb400, 1)
instruction	CODE:4000	CODE:4142	LCALL 0x4789	6	write	INTMEM	1	(register, 0x40, 1)		(unique, 0x1200, 1)
instruction	CODE:4000	CODE:414f	LCALL 0x95d5	4	write	INTMEM	1	(register, 0x40, 1)		(unique, 0xb400, 1)
instruction	CODE:4000	CODE:414f	LCALL 0x95d5	6	write	INTMEM	1	(register, 0x40, 1)		(unique, 0x1200, 1)
instruction	CODE:4000	CODE:4152	RET	1	read	INTMEM	1	(register, 0x40, 1)		
instruction	CODE:4000	CODE:4152	RET	3	read	INTMEM	1	(register, 0x40, 1)		
instruction	CODE:4153	CODE:4155	LCALL 0x974d	4	write	INTMEM	1	(register, 0x40, 1)		(unique, 0xb400, 1)
instruction	CODE:4153	CODE:4155	LCALL 0x974d	6	write	INTMEM	1	(register, 0x40, 1)		(unique, 0x1200, 1)
instruction	CODE:4153	CODE:415b	LCALL 0xae2a	4	write	INTMEM	1	(register, 0x40, 1)		(unique, 0xb400, 1)
instruction	CODE:4153	CODE:415b	LCALL 0xae2a	6	write	INTMEM	1	(register, 0x40, 1)		(unique, 0x1200, 1)
instruction	CODE:4153	CODE:4160	LCALL 0x974d	4	write	INTMEM	1	(register, 0x40, 1)		(unique, 0xb400, 1)
instruction	CODE:4153	CODE:4160	LCALL 0x974d	6	write	INTMEM	1	(register, 0x40, 1)		(unique, 0x1200, 1)
instruction	CODE:4153	CODE:4166	LCALL 0xae2a	4	write	INTMEM	1	(register, 0x40, 1)		(unique, 0xb400, 1)
instruction	CODE:4153	CODE:4166	LCALL 0xae2a	6	write	INTMEM	1	(register, 0x40, 1)		(unique, 0x1200, 1)
instruction	CODE:4153	CODE:416c	LCALL 0x4736	4	write	INTMEM	1	(register, 0x40, 1)		(unique, 0xb400, 1)
instruction	CODE:4153	CODE:416c	LCALL 0x4736	6	write	INTMEM	1	(register, 0x40, 1)		(unique, 0x1200, 1)
instruction	CODE:4153	CODE:4181	LCALL 0xa146	4	write	INTMEM	1	(register, 0x40, 1)		(unique, 0xb400, 1)
instruction	CODE:4153	CODE:4181	LCALL 0xa146	6	write	INTMEM	1	(register, 0x40, 1)		(unique, 0x1200, 1)
instruction	CODE:4153	CODE:418d	LCALL 0x4752	4	write	INTMEM	1	(register, 0x40, 1)		(unique, 0xb400, 1)
instruction	CODE:4153	CODE:418d	LCALL 0x4752	6	write	INTMEM	1	(register, 0x40, 1)		(unique, 0x1200, 1)
instruction	unassigned	CODE:4204	LCALL 0x4696	4	write	INTMEM	1	(register, 0x40, 1)		(unique, 0xb400, 1)
instruction	unassigned	CODE:4204	LCALL 0x4696	6	write	INTMEM	1	(register, 0x40, 1)		(unique, 0x1200, 1)
instruction	unassigned	CODE:4210	LCALL 0x4696	4	write	INTMEM	1	(register, 0x40, 1)		(unique, 0xb400, 1)
instruction	unassigned	CODE:4210	LCALL 0x4696	6	write	INTMEM	1	(register, 0x40, 1)		(unique, 0x1200, 1)
instruction	unassigned	CODE:421c	LCALL 0x4696	4	write	INTMEM	1	(register, 0x40, 1)		(unique, 0xb400, 1)
instruction	unassigned	CODE:421c	LCALL 0x4696	6	write	INTMEM	1	(register, 0x40, 1)		(unique, 0x1200, 1)
instruction	unassigned	CODE:4228	LCALL 0x4696	4	write	INTMEM	1	(register, 0x40, 1)		(unique, 0xb400, 1)
instruction	unassigned	CODE:4228	LCALL 0x4696	6	write	INTMEM	1	(register, 0x40, 1)		(unique, 0x1200, 1)
instruction	unassigned	CODE:4288	LCALL 0x4752	4	write	INTMEM	1	(register, 0x40, 1)		(unique, 0xb400, 1)
instruction	unassigned	CODE:4288	LCALL 0x4752	6	write	INTMEM	1	(register, 0x40, 1)		(unique, 0x1200, 1)
instruction	CODE:4153	CODE:429f	RET	1	read	INTMEM	1	(register, 0x40, 1)		
instruction	CODE:4153	CODE:429f	RET	3	read	INTMEM	1	(register, 0x40, 1)		
instruction	CODE:4153	CODE:42a0	LCALL 0x8229	4	write	INTMEM	1	(register, 0x40, 1)		(unique, 0xb400, 1)
instruction	CODE:4153	CODE:42a0	LCALL 0x8229	6	write	INTMEM	1	(register, 0x40, 1)		(unique, 0x1200, 1)
instruction	CODE:4153	CODE:42a4	RET	1	read	INTMEM	1	(register, 0x40, 1)		
instruction	CODE:4153	CODE:42a4	RET	3	read	INTMEM	1	(register, 0x40, 1)		
instruction	CODE:42a5	CODE:42a7	LCALL 0x343f	4	write	INTMEM	1	(register, 0x40, 1)		(unique, 0xb400, 1)
instruction	CODE:42a5	CODE:42a7	LCALL 0x343f	6	write	INTMEM	1	(register, 0x40, 1)		(unique, 0x1200, 1)
instruction	CODE:42a5	CODE:42ac	LCALL 0x3471	4	write	INTMEM	1	(register, 0x40, 1)		(unique, 0xb400, 1)
instruction	CODE:42a5	CODE:42ac	LCALL 0x3471	6	write	INTMEM	1	(register, 0x40, 1)		(unique, 0x1200, 1)
instruction	CODE:42a5	CODE:42b2	LCALL 0xa94d	4	write	INTMEM	1	(register, 0x40, 1)		(unique, 0xb400, 1)
instruction	CODE:42a5	CODE:42b2	LCALL 0xa94d	6	write	INTMEM	1	(register, 0x40, 1)		(unique, 0x1200, 1)
instruction	CODE:42a5	CODE:42b8	MOVX @DPTR,A	2	write	EXTMEM	1	(unique, 0x2800, 2)		(unique, 0x2900, 1)
instruction	CODE:42a5	CODE:42bc	LCALL 0xa94d	4	write	INTMEM	1	(register, 0x40, 1)		(unique, 0xb400, 1)
instruction	CODE:42a5	CODE:42bc	LCALL 0xa94d	6	write	INTMEM	1	(register, 0x40, 1)		(unique, 0x1200, 1)
instruction	CODE:42a5	CODE:42c2	MOVX @DPTR,A	2	write	EXTMEM	1	(unique, 0x2800, 2)		(unique, 0x2900, 1)
instruction	CODE:42a5	CODE:42c3	MOVX A,@DPTR	1	read	EXTMEM	1	(unique, 0x2800, 2)		
instruction	CODE:42a5	CODE:42cf	MOVX @DPTR,A	2	write	EXTMEM	1	(unique, 0x2800, 2)		(unique, 0x2900, 1)
instruction	CODE:42a5	CODE:42d6	MOVX @DPTR,A	2	write	EXTMEM	1	(unique, 0x2800, 2)		(unique, 0x2900, 1)
instruction	CODE:42a5	CODE:42da	MOVX A,@DPTR	1	read	EXTMEM	1	(unique, 0x2800, 2)		
instruction	CODE:42a5	CODE:42e4	MOVX @DPTR,A	2	write	EXTMEM	1	(unique, 0x2800, 2)		(unique, 0x2900, 1)
instruction	CODE:42a5	CODE:42ec	MOVX A,@DPTR	1	read	EXTMEM	1	(unique, 0x2800, 2)		
instruction	CODE:42a5	CODE:42ef	LCALL 0x3471	4	write	INTMEM	1	(register, 0x40, 1)		(unique, 0xb400, 1)
instruction	CODE:42a5	CODE:42ef	LCALL 0x3471	6	write	INTMEM	1	(register, 0x40, 1)		(unique, 0x1200, 1)
instruction	CODE:42a5	CODE:42f5	LCALL 0x3555	4	write	INTMEM	1	(register, 0x40, 1)		(unique, 0xb400, 1)
instruction	CODE:42a5	CODE:42f5	LCALL 0x3555	6	write	INTMEM	1	(register, 0x40, 1)		(unique, 0x1200, 1)
instruction	CODE:42a5	CODE:42f8	MOVX A,@DPTR	1	read	EXTMEM	1	(unique, 0x2800, 2)		
instruction	CODE:42a5	CODE:42fb	MOVX A,@DPTR	1	read	EXTMEM	1	(unique, 0x2800, 2)		
instruction	CODE:42a5	CODE:42fe	MOV @R0,0x06	1	write	INTMEM	1	(register, 0x0, 1)		(unique, 0x2a00, 1)
instruction	CODE:42a5	CODE:4301	MOV @R0,A	1	write	INTMEM	1	(register, 0x0, 1)		(unique, 0x2a00, 1)
instruction	CODE:42a5	CODE:4307	MOVX A,@DPTR	1	read	EXTMEM	1	(unique, 0x2800, 2)		
instruction	CODE:42a5	CODE:430f	MOVX A,@DPTR	1	read	EXTMEM	1	(unique, 0x2800, 2)		
instruction	CODE:42a5	CODE:4312	MOVX @DPTR,A	2	write	EXTMEM	1	(unique, 0x2800, 2)		(unique, 0x2900, 1)
instruction	CODE:42a5	CODE:4317	LCALL 0x3472	4	write	INTMEM	1	(register, 0x40, 1)		(unique, 0xb400, 1)
instruction	CODE:42a5	CODE:4317	LCALL 0x3472	6	write	INTMEM	1	(register, 0x40, 1)		(unique, 0x1200, 1)
instruction	CODE:42a5	CODE:431d	LCALL 0x3555	4	write	INTMEM	1	(register, 0x40, 1)		(unique, 0xb400, 1)
instruction	CODE:42a5	CODE:431d	LCALL 0x3555	6	write	INTMEM	1	(register, 0x40, 1)		(unique, 0x1200, 1)
instruction	CODE:42a5	CODE:4320	LCALL 0xad49	4	write	INTMEM	1	(register, 0x40, 1)		(unique, 0xb400, 1)
instruction	CODE:42a5	CODE:4320	LCALL 0xad49	6	write	INTMEM	1	(register, 0x40, 1)		(unique, 0x1200, 1)
instruction	CODE:42a5	CODE:4347	MOVX A,@DPTR	1	read	EXTMEM	1	(unique, 0x2800, 2)		
instruction	CODE:42a5	CODE:434e	MOV A,@R0	0	read	INTMEM	1	(register, 0x0, 1)		
instruction	CODE:42a5	CODE:4350	LCALL 0x3440	4	write	INTMEM	1	(register, 0x40, 1)		(unique, 0xb400, 1)
instruction	CODE:42a5	CODE:4350	LCALL 0x3440	6	write	INTMEM	1	(register, 0x40, 1)		(unique, 0x1200, 1)
instruction	CODE:42a5	CODE:4354	MOVX @DPTR,A	2	write	EXTMEM	1	(unique, 0x2800, 2)		(unique, 0x2900, 1)
instruction	CODE:42a5	CODE:4358	LCALL 0x345c	4	write	INTMEM	1	(register, 0x40, 1)		(unique, 0xb400, 1)
instruction	CODE:42a5	CODE:4358	LCALL 0x345c	6	write	INTMEM	1	(register, 0x40, 1)		(unique, 0x1200, 1)
instruction	CODE:42a5	CODE:435b	MOVX A,@DPTR	1	read	EXTMEM	1	(unique, 0x2800, 2)		
instruction	CODE:42a5	CODE:4360	MOVX A,@DPTR	1	read	EXTMEM	1	(unique, 0x2800, 2)		
instruction	CODE:42a5	CODE:4366	LCALL 0x33e9	4	write	INTMEM	1	(register, 0x40, 1)		(unique, 0xb400, 1)
instruction	CODE:42a5	CODE:4366	LCALL 0x33e9	6	write	INTMEM	1	(register, 0x40, 1)		(unique, 0x1200, 1)
instruction	CODE:42a5	CODE:436f	MOVX A,@DPTR	1	read	EXTMEM	1	(unique, 0x2800, 2)		
instruction	CODE:42a5	CODE:4373	MOVC A,@A+DPTR	2	read	CODE	1	(unique, 0x2400, 2)		
instruction	CODE:42a5	CODE:4377	LCALL 0x33dc	4	write	INTMEM	1	(register, 0x40, 1)		(unique, 0xb400, 1)
instruction	CODE:42a5	CODE:4377	LCALL 0x33dc	6	write	INTMEM	1	(register, 0x40, 1)		(unique, 0x1200, 1)
instruction	CODE:42a5	CODE:437c	LCALL 0xa99c	4	write	INTMEM	1	(register, 0x40, 1)		(unique, 0xb400, 1)
instruction	CODE:42a5	CODE:437c	LCALL 0xa99c	6	write	INTMEM	1	(register, 0x40, 1)		(unique, 0x1200, 1)
instruction	CODE:42a5	CODE:437f	LCALL 0x3472	4	write	INTMEM	1	(register, 0x40, 1)		(unique, 0xb400, 1)
instruction	CODE:42a5	CODE:437f	LCALL 0x3472	6	write	INTMEM	1	(register, 0x40, 1)		(unique, 0x1200, 1)
instruction	CODE:42a5	CODE:4385	LCALL 0x33e2	4	write	INTMEM	1	(register, 0x40, 1)		(unique, 0xb400, 1)
instruction	CODE:42a5	CODE:4385	LCALL 0x33e2	6	write	INTMEM	1	(register, 0x40, 1)		(unique, 0x1200, 1)
instruction	CODE:42a5	CODE:438a	LCALL 0xa99c	4	write	INTMEM	1	(register, 0x40, 1)		(unique, 0xb400, 1)
instruction	CODE:42a5	CODE:438a	LCALL 0xa99c	6	write	INTMEM	1	(register, 0x40, 1)		(unique, 0x1200, 1)
instruction	CODE:42a5	CODE:4390	MOVX A,@DPTR	1	read	EXTMEM	1	(unique, 0x2800, 2)		
instruction	CODE:42a5	CODE:4395	LCALL 0x33e9	4	write	INTMEM	1	(register, 0x40, 1)		(unique, 0xb400, 1)
instruction	CODE:42a5	CODE:4395	LCALL 0x33e9	6	write	INTMEM	1	(register, 0x40, 1)		(unique, 0x1200, 1)
instruction	CODE:42a5	CODE:439b	LCALL 0x344a	4	write	INTMEM	1	(register, 0x40, 1)		(unique, 0xb400, 1)
instruction	CODE:42a5	CODE:439b	LCALL 0x344a	6	write	INTMEM	1	(register, 0x40, 1)		(unique, 0x1200, 1)
instruction	CODE:42a5	CODE:439e	MOVX A,@DPTR	1	read	EXTMEM	1	(unique, 0x2800, 2)		
instruction	CODE:42a5	CODE:43a5	MOVX A,@DPTR	1	read	EXTMEM	1	(unique, 0x2800, 2)		
instruction	CODE:42a5	CODE:43aa	MOVX A,@DPTR	1	read	EXTMEM	1	(unique, 0x2800, 2)		
instruction	CODE:42a5	CODE:43ac	LCALL 0x5cfa	4	write	INTMEM	1	(register, 0x40, 1)		(unique, 0xb400, 1)
instruction	CODE:42a5	CODE:43ac	LCALL 0x5cfa	6	write	INTMEM	1	(register, 0x40, 1)		(unique, 0x1200, 1)
instruction	CODE:42a5	CODE:43b2	MOVX A,@DPTR	1	read	EXTMEM	1	(unique, 0x2800, 2)		
instruction	CODE:42a5	CODE:43b7	MOVX A,@DPTR	1	read	EXTMEM	1	(unique, 0x2800, 2)		
instruction	CODE:42a5	CODE:43b9	LCALL 0x960e	4	write	INTMEM	1	(register, 0x40, 1)		(unique, 0xb400, 1)
instruction	CODE:42a5	CODE:43b9	LCALL 0x960e	6	write	INTMEM	1	(register, 0x40, 1)		(unique, 0x1200, 1)
instruction	CODE:42a5	CODE:43c1	MOVX A,@DPTR	1	read	EXTMEM	1	(unique, 0x2800, 2)		
instruction	CODE:42a5	CODE:43c7	MOVX A,@DPTR	1	read	EXTMEM	1	(unique, 0x2800, 2)		
instruction	CODE:42a5	CODE:43cb	MOV A,@R0	0	read	INTMEM	1	(register, 0x0, 1)		
instruction	CODE:42a5	CODE:43cf	MOV @R0,0x06	1	write	INTMEM	1	(register, 0x0, 1)		(unique, 0x2a00, 1)
instruction	CODE:42a5	CODE:43d3	MOV A,@R0	0	read	INTMEM	1	(register, 0x0, 1)		
instruction	CODE:42a5	CODE:43d5	LCALL 0x84e6	4	write	INTMEM	1	(register, 0x40, 1)		(unique, 0xb400, 1)
instruction	CODE:42a5	CODE:43d5	LCALL 0x84e6	6	write	INTMEM	1	(register, 0x40, 1)		(unique, 0x1200, 1)
instruction	CODE:42a5	CODE:43db	MOVX A,@DPTR	1	read	EXTMEM	1	(unique, 0x2800, 2)		
instruction	CODE:42a5	CODE:43de	MOV @R0,A	1	write	INTMEM	1	(register, 0x0, 1)		(unique, 0x2a00, 1)
instruction	CODE:42a5	CODE:43e0	MOVX A,@DPTR	1	read	EXTMEM	1	(unique, 0x2800, 2)		
instruction	CODE:42a5	CODE:43e2	MOV @R0,A	1	write	INTMEM	1	(register, 0x0, 1)		(unique, 0x2a00, 1)
instruction	CODE:42a5	CODE:43e6	MOVX A,@DPTR	1	read	EXTMEM	1	(unique, 0x2800, 2)		
instruction	CODE:42a5	CODE:43ea	LCALL 0x957e	4	write	INTMEM	1	(register, 0x40, 1)		(unique, 0xb400, 1)
instruction	CODE:42a5	CODE:43ea	LCALL 0x957e	6	write	INTMEM	1	(register, 0x40, 1)		(unique, 0x1200, 1)
instruction	CODE:42a5	CODE:43ed	RET	1	read	INTMEM	1	(register, 0x40, 1)		
instruction	CODE:42a5	CODE:43ed	RET	3	read	INTMEM	1	(register, 0x40, 1)		
instruction	CODE:43f0	CODE:43f0	MOV A,@R0	0	read	INTMEM	1	(register, 0x0, 1)		
instruction	CODE:43f1	CODE:43fa	RET	1	read	INTMEM	1	(register, 0x40, 1)		
instruction	CODE:43f1	CODE:43fa	RET	3	read	INTMEM	1	(register, 0x40, 1)		
instruction	CODE:440b	CODE:440d	MOV A,@R0	0	read	INTMEM	1	(register, 0x0, 1)		
instruction	CODE:440b	CODE:4412	RET	1	read	INTMEM	1	(register, 0x40, 1)		
instruction	CODE:440b	CODE:4412	RET	3	read	INTMEM	1	(register, 0x40, 1)		
instruction	CODE:4413	CODE:4416	MOVX A,@DPTR	1	read	EXTMEM	1	(unique, 0x2800, 2)		
instruction	CODE:4413	CODE:4419	MOVX A,@DPTR	1	read	EXTMEM	1	(unique, 0x2800, 2)		
instruction	CODE:4427	CODE:4427	LCALL 0xadf3	4	write	INTMEM	1	(register, 0x40, 1)		(unique, 0xb400, 1)
instruction	CODE:4427	CODE:4427	LCALL 0xadf3	6	write	INTMEM	1	(register, 0x40, 1)		(unique, 0x1200, 1)
instruction	CODE:4436	CODE:4436	MOV A,@R0	0	read	INTMEM	1	(register, 0x0, 1)		
instruction	CODE:4436	CODE:4440	RET	1	read	INTMEM	1	(register, 0x40, 1)		
instruction	CODE:4436	CODE:4440	RET	3	read	INTMEM	1	(register, 0x40, 1)		
instruction	CODE:4441	CODE:4443	MOV A,@R0	0	read	INTMEM	1	(register, 0x0, 1)		
instruction	CODE:4444	CODE:444d	RET	1	read	INTMEM	1	(register, 0x40, 1)		
instruction	CODE:4444	CODE:444d	RET	3	read	INTMEM	1	(register, 0x40, 1)		
instruction	CODE:444e	CODE:4450	MOV A,@R0	0	read	INTMEM	1	(register, 0x0, 1)		
instruction	CODE:444e	CODE:445a	RET	1	read	INTMEM	1	(register, 0x40, 1)		
instruction	CODE:444e	CODE:445a	RET	3	read	INTMEM	1	(register, 0x40, 1)		
instruction	CODE:445b	CODE:445d	MOV A,@R0	0	read	INTMEM	1	(register, 0x0, 1)		
instruction	CODE:4460	CODE:4467	RET	1	read	INTMEM	1	(register, 0x40, 1)		
instruction	CODE:4460	CODE:4467	RET	3	read	INTMEM	1	(register, 0x40, 1)		
instruction	CODE:4468	CODE:446b	MOVX A,@DPTR	1	read	EXTMEM	1	(unique, 0x2800, 2)		
instruction	CODE:4468	CODE:446e	MOVX A,@DPTR	1	read	EXTMEM	1	(unique, 0x2800, 2)		
instruction	CODE:4468	CODE:446f	RET	1	read	INTMEM	1	(register, 0x40, 1)		
instruction	CODE:4468	CODE:446f	RET	3	read	INTMEM	1	(register, 0x40, 1)		
instruction	CODE:4470	CODE:4470	MOVX A,@DPTR	1	read	EXTMEM	1	(unique, 0x2800, 2)		
instruction	CODE:4470	CODE:4473	MOVX A,@DPTR	1	read	EXTMEM	1	(unique, 0x2800, 2)		
instruction	CODE:4470	CODE:4478	MOVX @DPTR,A	2	write	EXTMEM	1	(unique, 0x2800, 2)		(unique, 0x2900, 1)
instruction	CODE:4470	CODE:447b	MOVX @DPTR,A	2	write	EXTMEM	1	(unique, 0x2800, 2)		(unique, 0x2900, 1)
instruction	CODE:4470	CODE:447c	RET	1	read	INTMEM	1	(register, 0x40, 1)		
instruction	CODE:4470	CODE:447c	RET	3	read	INTMEM	1	(register, 0x40, 1)		
instruction	CODE:447d	CODE:447f	MOV A,@R0	0	read	INTMEM	1	(register, 0x0, 1)		
instruction	CODE:4482	CODE:4489	RET	1	read	INTMEM	1	(register, 0x40, 1)		
instruction	CODE:4482	CODE:4489	RET	3	read	INTMEM	1	(register, 0x40, 1)		
instruction	CODE:4495	CODE:4497	MOVX A,@DPTR	1	read	EXTMEM	1	(unique, 0x2800, 2)		
instruction	CODE:4495	CODE:449a	MOVX A,@DPTR	1	read	EXTMEM	1	(unique, 0x2800, 2)		
instruction	CODE:4495	CODE:449f	MOVX @DPTR,A	2	write	EXTMEM	1	(unique, 0x2800, 2)		(unique, 0x2900, 1)
instruction	CODE:4495	CODE:44a2	MOVX @DPTR,A	2	write	EXTMEM	1	(unique, 0x2800, 2)		(unique, 0x2900, 1)
instruction	CODE:4495	CODE:44a3	RET	1	read	INTMEM	1	(register, 0x40, 1)		
instruction	CODE:4495	CODE:44a3	RET	3	read	INTMEM	1	(register, 0x40, 1)		
instruction	CODE:44b1	CODE:44b4	MOVX A,@DPTR	1	read	EXTMEM	1	(unique, 0x2800, 2)		
instruction	CODE:44b1	CODE:44b7	MOVX A,@DPTR	1	read	EXTMEM	1	(unique, 0x2800, 2)		
instruction	CODE:44b1	CODE:44be	RET	1	read	INTMEM	1	(register, 0x40, 1)		
instruction	CODE:44b1	CODE:44be	RET	3	read	INTMEM	1	(register, 0x40, 1)		
instruction	CODE:44d1	CODE:44d3	MOV A,@R0	0	read	INTMEM	1	(register, 0x0, 1)		
instruction	CODE:44d1	CODE:44dd	MOVX A,@DPTR	1	read	EXTMEM	1	(unique, 0x2800, 2)		
instruction	CODE:44d1	CODE:44de	RET	1	read	INTMEM	1	(register, 0x40, 1)		
instruction	CODE:44d1	CODE:44de	RET	3	read	INTMEM	1	(register, 0x40, 1)		
instruction	CODE:44e1	CODE:44e8	RET	1	read	INTMEM	1	(register, 0x40, 1)		
instruction	CODE:44e1	CODE:44e8	RET	3	read	INTMEM	1	(register, 0x40, 1)		
instruction	CODE:44e9	CODE:44eb	MOV A,@R0	0	read	INTMEM	1	(register, 0x0, 1)		
instruction	CODE:44e9	CODE:44f5	RET	1	read	INTMEM	1	(register, 0x40, 1)		
instruction	CODE:44e9	CODE:44f5	RET	3	read	INTMEM	1	(register, 0x40, 1)		
instruction	CODE:44f6	CODE:44f8	MOV A,@R0	0	read	INTMEM	1	(register, 0x0, 1)		
instruction	CODE:44f6	CODE:4502	RET	1	read	INTMEM	1	(register, 0x40, 1)		
instruction	CODE:44f6	CODE:4502	RET	3	read	INTMEM	1	(register, 0x40, 1)		
instruction	CODE:4503	CODE:4503	MOVX A,@DPTR	1	read	EXTMEM	1	(unique, 0x2800, 2)		
instruction	CODE:4503	CODE:4506	MOVX A,@DPTR	1	read	EXTMEM	1	(unique, 0x2800, 2)		
instruction	CODE:4503	CODE:4509	RET	1	read	INTMEM	1	(register, 0x40, 1)		
instruction	CODE:4503	CODE:4509	RET	3	read	INTMEM	1	(register, 0x40, 1)		
instruction	CODE:450a	CODE:4511	RET	1	read	INTMEM	1	(register, 0x40, 1)		
instruction	CODE:450a	CODE:4511	RET	3	read	INTMEM	1	(register, 0x40, 1)		
instruction	CODE:4512	CODE:4519	RET	1	read	INTMEM	1	(register, 0x40, 1)		
instruction	CODE:4512	CODE:4519	RET	3	read	INTMEM	1	(register, 0x40, 1)		
instruction	CODE:451a	CODE:4520	RET	1	read	INTMEM	1	(register, 0x40, 1)		
instruction	CODE:451a	CODE:4520	RET	3	read	INTMEM	1	(register, 0x40, 1)		
instruction	CODE:4521	CODE:4527	RET	1	read	INTMEM	1	(register, 0x40, 1)		
instruction	CODE:4521	CODE:4527	RET	3	read	INTMEM	1	(register, 0x40, 1)		
instruction	CODE:4528	CODE:452b	LCALL 0xadf3	4	write	INTMEM	1	(register, 0x40, 1)		(unique, 0xb400, 1)
instruction	CODE:4528	CODE:452b	LCALL 0xadf3	6	write	INTMEM	1	(register, 0x40, 1)		(unique, 0x1200, 1)
instruction	CODE:4532	CODE:4535	LCALL 0xae2a	4	write	INTMEM	1	(register, 0x40, 1)		(unique, 0xb400, 1)
instruction	CODE:4532	CODE:4535	LCALL 0xae2a	6	write	INTMEM	1	(register, 0x40, 1)		(unique, 0x1200, 1)
instruction	CODE:4532	CODE:453c	MOVX @DPTR,A	2	write	EXTMEM	1	(unique, 0x2800, 2)		(unique, 0x2900, 1)
instruction	CODE:4532	CODE:453f	MOVX @DPTR,A	2	write	EXTMEM	1	(unique, 0x2800, 2)		(unique, 0x2900, 1)
instruction	CODE:4532	CODE:4544	MOVX @DPTR,A	2	write	EXTMEM	1	(unique, 0x2800, 2)		(unique, 0x2900, 1)
instruction	CODE:4532	CODE:4546	MOVX @DPTR,A	2	write	EXTMEM	1	(unique, 0x2800, 2)		(unique, 0x2900, 1)
instruction	CODE:4532	CODE:4548	MOVX @DPTR,A	2	write	EXTMEM	1	(unique, 0x2800, 2)		(unique, 0x2900, 1)
instruction	CODE:4532	CODE:454a	MOVX @DPTR,A	2	write	EXTMEM	1	(unique, 0x2800, 2)		(unique, 0x2900, 1)
instruction	CODE:4532	CODE:454e	MOVX A,@DPTR	1	read	EXTMEM	1	(unique, 0x2800, 2)		
instruction	CODE:4532	CODE:4551	MOVX A,@DPTR	1	read	EXTMEM	1	(unique, 0x2800, 2)		
instruction	CODE:4532	CODE:4557	MOVX @DPTR,A	2	write	EXTMEM	1	(unique, 0x2800, 2)		(unique, 0x2900, 1)
instruction	CODE:4532	CODE:455a	MOVX @DPTR,A	2	write	EXTMEM	1	(unique, 0x2800, 2)		(unique, 0x2900, 1)
instruction	CODE:4532	CODE:4563	MOVX @DPTR,A	2	write	EXTMEM	1	(unique, 0x2800, 2)		(unique, 0x2900, 1)
instruction	CODE:4532	CODE:4566	MOVX @DPTR,A	2	write	EXTMEM	1	(unique, 0x2800, 2)		(unique, 0x2900, 1)
instruction	CODE:4532	CODE:456d	LCALL 0x5410	4	write	INTMEM	1	(register, 0x40, 1)		(unique, 0xb400, 1)
instruction	CODE:4532	CODE:456d	LCALL 0x5410	6	write	INTMEM	1	(register, 0x40, 1)		(unique, 0x1200, 1)
instruction	CODE:4532	CODE:4570	LCALL 0x54d0	4	write	INTMEM	1	(register, 0x40, 1)		(unique, 0xb400, 1)
instruction	CODE:4532	CODE:4570	LCALL 0x54d0	6	write	INTMEM	1	(register, 0x40, 1)		(unique, 0x1200, 1)
instruction	CODE:4532	CODE:4579	MOVX A,@DPTR	1	read	EXTMEM	1	(unique, 0x2800, 2)		
instruction	CODE:4532	CODE:457d	MOVX A,@DPTR	1	read	EXTMEM	1	(unique, 0x2800, 2)		
instruction	CODE:4532	CODE:4583	MOVX A,@DPTR	1	read	EXTMEM	1	(unique, 0x2800, 2)		
instruction	CODE:4532	CODE:4587	MOVX A,@DPTR	1	read	EXTMEM	1	(unique, 0x2800, 2)		
instruction	CODE:4532	CODE:458f	MOVX A,@DPTR	1	read	EXTMEM	1	(unique, 0x2800, 2)		
instruction	CODE:4532	CODE:4592	MOVX A,@DPTR	1	read	EXTMEM	1	(unique, 0x2800, 2)		
instruction	CODE:4532	CODE:45a0	MOVX @DPTR,A	2	write	EXTMEM	1	(unique, 0x2800, 2)		(unique, 0x2900, 1)
instruction	CODE:4532	CODE:45a3	MOVX @DPTR,A	2	write	EXTMEM	1	(unique, 0x2800, 2)		(unique, 0x2900, 1)
instruction	CODE:4532	CODE:45ad	MOVX @DPTR,A	2	write	EXTMEM	1	(unique, 0x2800, 2)		(unique, 0x2900, 1)
instruction	CODE:4532	CODE:45b0	MOVX @DPTR,A	2	write	EXTMEM	1	(unique, 0x2800, 2)		(unique, 0x2900, 1)
instruction	CODE:4532	CODE:45ba	LCALL 0xae2a	4	write	INTMEM	1	(register, 0x40, 1)		(unique, 0xb400, 1)
instruction	CODE:4532	CODE:45ba	LCALL 0xae2a	6	write	INTMEM	1	(register, 0x40, 1)		(unique, 0x1200, 1)
instruction	CODE:4532	CODE:45be	LCALL 0xa99c	4	write	INTMEM	1	(register, 0x40, 1)		(unique, 0xb400, 1)
instruction	CODE:4532	CODE:45be	LCALL 0xa99c	6	write	INTMEM	1	(register, 0x40, 1)		(unique, 0x1200, 1)
instruction	CODE:4532	CODE:45c4	MOVX A,@DPTR	1	read	EXTMEM	1	(unique, 0x2800, 2)		
instruction	CODE:4532	CODE:45c7	MOVX A,@DPTR	1	read	EXTMEM	1	(unique, 0x2800, 2)		
instruction	CODE:4532	CODE:45cc	LCALL 0x54aa	4	write	INTMEM	1	(register, 0x40, 1)		(unique, 0xb400, 1)
instruction	CODE:4532	CODE:45cc	LCALL 0x54aa	6	write	INTMEM	1	(register, 0x40, 1)		(unique, 0x1200, 1)
instruction	CODE:4532	CODE:45d3	MOVX @DPTR,A	2	write	EXTMEM	1	(unique, 0x2800, 2)		(unique, 0x2900, 1)
instruction	CODE:4532	CODE:45d6	MOVX @DPTR,A	2	write	EXTMEM	1	(unique, 0x2800, 2)		(unique, 0x2900, 1)
instruction	CODE:4532	CODE:45e4	MOVX A,@DPTR	1	read	EXTMEM	1	(unique, 0x2800, 2)		
instruction	CODE:4532	CODE:45eb	MOVX A,@DPTR	1	read	EXTMEM	1	(unique, 0x2800, 2)		
instruction	CODE:4532	CODE:45f3	LCALL 0xaa6d	4	write	INTMEM	1	(register, 0x40, 1)		(unique, 0xb400, 1)
instruction	CODE:4532	CODE:45f3	LCALL 0xaa6d	6	write	INTMEM	1	(register, 0x40, 1)		(unique, 0x1200, 1)
instruction	CODE:4532	CODE:45fa	MOVX A,@DPTR	1	read	EXTMEM	1	(unique, 0x2800, 2)		
instruction	CODE:4532	CODE:45fe	LCALL 0x54b5	4	write	INTMEM	1	(register, 0x40, 1)		(unique, 0xb400, 1)
instruction	CODE:4532	CODE:45fe	LCALL 0x54b5	6	write	INTMEM	1	(register, 0x40, 1)		(unique, 0x1200, 1)
instruction	CODE:4532	CODE:4602	LCALL 0xa99c	4	write	INTMEM	1	(register, 0x40, 1)		(unique, 0xb400, 1)
instruction	CODE:4532	CODE:4602	LCALL 0xa99c	6	write	INTMEM	1	(register, 0x40, 1)		(unique, 0x1200, 1)
instruction	CODE:4532	CODE:4608	MOVX A,@DPTR	1	read	EXTMEM	1	(unique, 0x2800, 2)		
instruction	CODE:4532	CODE:460b	MOVX A,@DPTR	1	read	EXTMEM	1	(unique, 0x2800, 2)		
instruction	CODE:4532	CODE:460d	LCALL 0x54aa	4	write	INTMEM	1	(register, 0x40, 1)		(unique, 0xb400, 1)
instruction	CODE:4532	CODE:460d	LCALL 0x54aa	6	write	INTMEM	1	(register, 0x40, 1)		(unique, 0x1200, 1)
instruction	CODE:4532	CODE:4614	MOVX @DPTR,A	2	write	EXTMEM	1	(unique, 0x2800, 2)		(unique, 0x2900, 1)
instruction	CODE:4532	CODE:4617	MOVX @DPTR,A	2	write	EXTMEM	1	(unique, 0x2800, 2)		(unique, 0x2900, 1)
instruction	CODE:4532	CODE:461d	MOVX A,@DPTR	1	read	EXTMEM	1	(unique, 0x2800, 2)		
instruction	CODE:4532	CODE:4621	MOVX A,@DPTR	1	read	EXTMEM	1	(unique, 0x2800, 2)		
instruction	CODE:4532	CODE:4627	MOVX A,@DPTR	1	read	EXTMEM	1	(unique, 0x2800, 2)		
instruction	CODE:4532	CODE:462b	MOVX A,@DPTR	1	read	EXTMEM	1	(unique, 0x2800, 2)		
instruction	CODE:4532	CODE:4631	MOVX A,@DPTR	1	read	EXTMEM	1	(unique, 0x2800, 2)		
instruction	CODE:4532	CODE:4635	LCALL 0x54d0	4	write	INTMEM	1	(register, 0x40, 1)		(unique, 0xb400, 1)
instruction	CODE:4532	CODE:4635	LCALL 0x54d0	6	write	INTMEM	1	(register, 0x40, 1)		(unique, 0x1200, 1)
instruction	CODE:4532	CODE:463c	LCALL 0x8b47	4	write	INTMEM	1	(register, 0x40, 1)		(unique, 0xb400, 1)
instruction	CODE:4532	CODE:463c	LCALL 0x8b47	6	write	INTMEM	1	(register, 0x40, 1)		(unique, 0x1200, 1)
instruction	CODE:4532	CODE:4642	LCALL 0x53f3	4	write	INTMEM	1	(register, 0x40, 1)		(unique, 0xb400, 1)
instruction	CODE:4532	CODE:4642	LCALL 0x53f3	6	write	INTMEM	1	(register, 0x40, 1)		(unique, 0x1200, 1)
instruction	CODE:4532	CODE:4648	LCALL 0x5484	4	write	INTMEM	1	(register, 0x40, 1)		(unique, 0xb400, 1)
instruction	CODE:4532	CODE:4648	LCALL 0x5484	6	write	INTMEM	1	(register, 0x40, 1)		(unique, 0x1200, 1)
instruction	CODE:4532	CODE:464d	LCALL 0x54b5	4	write	INTMEM	1	(register, 0x40, 1)		(unique, 0xb400, 1)
instruction	CODE:4532	CODE:464d	LCALL 0x54b5	6	write	INTMEM	1	(register, 0x40, 1)		(unique, 0x1200, 1)
instruction	CODE:4532	CODE:4652	LCALL 0xa99c	4	write	INTMEM	1	(register, 0x40, 1)		(unique, 0xb400, 1)
instruction	CODE:4532	CODE:4652	LCALL 0xa99c	6	write	INTMEM	1	(register, 0x40, 1)		(unique, 0x1200, 1)
instruction	CODE:4532	CODE:4658	LCALL 0xadf3	4	write	INTMEM	1	(register, 0x40, 1)		(unique, 0xb400, 1)
instruction	CODE:4532	CODE:4658	LCALL 0xadf3	6	write	INTMEM	1	(register, 0x40, 1)		(unique, 0x1200, 1)
instruction	CODE:4696	CODE:4696	LCALL 0xadf3	4	write	INTMEM	1	(register, 0x40, 1)		(unique, 0xb400, 1)
instruction	CODE:4696	CODE:4696	LCALL 0xadf3	6	write	INTMEM	1	(register, 0x40, 1)		(unique, 0x1200, 1)
instruction	CODE:4699	CODE:4699	LCALL 0xad03	4	write	INTMEM	1	(register, 0x40, 1)		(unique, 0xb400, 1)
instruction	CODE:4699	CODE:4699	LCALL 0xad03	6	write	INTMEM	1	(register, 0x40, 1)		(unique, 0x1200, 1)
instruction	CODE:4699	CODE:469e	MOV A,@R0	0	read	INTMEM	1	(register, 0x0, 1)		
instruction	CODE:4699	CODE:46a3	RET	1	read	INTMEM	1	(register, 0x40, 1)		
instruction	CODE:4699	CODE:46a3	RET	3	read	INTMEM	1	(register, 0x40, 1)		
instruction	CODE:46b2	CODE:46b5	MOVX A,@DPTR	1	read	EXTMEM	1	(unique, 0x2800, 2)		
instruction	CODE:46b2	CODE:46bf	LCALL 0xacf0	4	write	INTMEM	1	(register, 0x40, 1)		(unique, 0xb400, 1)
instruction	CODE:46b2	CODE:46bf	LCALL 0xacf0	6	write	INTMEM	1	(register, 0x40, 1)		(unique, 0x1200, 1)
instruction	CODE:46b2	CODE:46ca	RET	1	read	INTMEM	1	(register, 0x40, 1)		
instruction	CODE:46b2	CODE:46ca	RET	3	read	INTMEM	1	(register, 0x40, 1)		
instruction	CODE:46cf	CODE:46cf	MOV A,@R0	0	read	INTMEM	1	(register, 0x0, 1)		
instruction	CODE:46cf	CODE:46d2	MOV A,@R0	0	read	INTMEM	1	(register, 0x0, 1)		
instruction	CODE:46dd	CODE:46dd	LCALL 0xacbf	4	write	INTMEM	1	(register, 0x40, 1)		(unique, 0xb400, 1)
instruction	CODE:46dd	CODE:46dd	LCALL 0xacbf	6	write	INTMEM	1	(register, 0x40, 1)		(unique, 0x1200, 1)
instruction	CODE:46dd	CODE:46e3	LCALL 0xad6d	4	write	INTMEM	1	(register, 0x40, 1)		(unique, 0xb400, 1)
instruction	CODE:46dd	CODE:46e3	LCALL 0xad6d	6	write	INTMEM	1	(register, 0x40, 1)		(unique, 0x1200, 1)
instruction	CODE:46e6	CODE:46e9	MOVX A,@DPTR	1	read	EXTMEM	1	(unique, 0x2800, 2)		
instruction	CODE:46e6	CODE:46ec	MOVX A,@DPTR	1	read	EXTMEM	1	(unique, 0x2800, 2)		
instruction	CODE:46e6	CODE:46f1	RET	1	read	INTMEM	1	(register, 0x40, 1)		
instruction	CODE:46e6	CODE:46f1	RET	3	read	INTMEM	1	(register, 0x40, 1)		
instruction	CODE:471f	CODE:471f	LCALL 0xaa99	4	write	INTMEM	1	(register, 0x40, 1)		(unique, 0xb400, 1)
instruction	CODE:471f	CODE:471f	LCALL 0xaa99	6	write	INTMEM	1	(register, 0x40, 1)		(unique, 0x1200, 1)
instruction	CODE:471f	CODE:4727	RET	1	read	INTMEM	1	(register, 0x40, 1)		
instruction	CODE:471f	CODE:4727	RET	3	read	INTMEM	1	(register, 0x40, 1)		
instruction	CODE:4736	CODE:4736	LCALL 0xadf3	4	write	INTMEM	1	(register, 0x40, 1)		(unique, 0xb400, 1)
instruction	CODE:4736	CODE:4736	LCALL 0xadf3	6	write	INTMEM	1	(register, 0x40, 1)		(unique, 0x1200, 1)
instruction	CODE:4752	CODE:4752	LCALL 0xadf3	4	write	INTMEM	1	(register, 0x40, 1)		(unique, 0xb400, 1)
instruction	CODE:4752	CODE:4752	LCALL 0xadf3	6	write	INTMEM	1	(register, 0x40, 1)		(unique, 0x1200, 1)
instruction	CODE:4758	CODE:4758	MOVX A,@DPTR	1	read	EXTMEM	1	(unique, 0x2800, 2)		
instruction	CODE:4758	CODE:475e	RET	1	read	INTMEM	1	(register, 0x40, 1)		
instruction	CODE:4758	CODE:475e	RET	3	read	INTMEM	1	(register, 0x40, 1)		
instruction	CODE:475f	CODE:4761	MOVX A,@DPTR	1	read	EXTMEM	1	(unique, 0x2800, 2)		
instruction	CODE:475f	CODE:4766	MOVX A,@DPTR	1	read	EXTMEM	1	(unique, 0x2800, 2)		
instruction	CODE:475f	CODE:476b	RET	1	read	INTMEM	1	(register, 0x40, 1)		
instruction	CODE:475f	CODE:476b	RET	3	read	INTMEM	1	(register, 0x40, 1)		
instruction	CODE:476c	CODE:476d	MOVX @DPTR,A	2	write	EXTMEM	1	(unique, 0x2800, 2)		(unique, 0x2900, 1)
instruction	CODE:476c	CODE:4770	MOVX @DPTR,A	2	write	EXTMEM	1	(unique, 0x2800, 2)		(unique, 0x2900, 1)
instruction	CODE:476c	CODE:4773	MOVX @DPTR,A	2	write	EXTMEM	1	(unique, 0x2800, 2)		(unique, 0x2900, 1)
instruction	CODE:476c	CODE:4776	MOVX @DPTR,A	2	write	EXTMEM	1	(unique, 0x2800, 2)		(unique, 0x2900, 1)
instruction	CODE:476c	CODE:4777	RET	1	read	INTMEM	1	(register, 0x40, 1)		
instruction	CODE:476c	CODE:4777	RET	3	read	INTMEM	1	(register, 0x40, 1)		
instruction	CODE:4780	CODE:4780	LCALL 0xad49	4	write	INTMEM	1	(register, 0x40, 1)		(unique, 0xb400, 1)
instruction	CODE:4780	CODE:4780	LCALL 0xad49	6	write	INTMEM	1	(register, 0x40, 1)		(unique, 0x1200, 1)
instruction	CODE:4789	CODE:478f	RET	1	read	INTMEM	1	(register, 0x40, 1)		
instruction	CODE:4789	CODE:478f	RET	3	read	INTMEM	1	(register, 0x40, 1)		
instruction	CODE:4790	CODE:4790	MOVX A,@DPTR	1	read	EXTMEM	1	(unique, 0x2800, 2)		
instruction	CODE:4790	CODE:4793	MOVX A,@DPTR	1	read	EXTMEM	1	(unique, 0x2800, 2)		
instruction	CODE:4790	CODE:4798	MOVX @DPTR,A	2	write	EXTMEM	1	(unique, 0x2800, 2)		(unique, 0x2900, 1)
instruction	CODE:4790	CODE:4799	RET	1	read	INTMEM	1	(register, 0x40, 1)		
instruction	CODE:4790	CODE:4799	RET	3	read	INTMEM	1	(register, 0x40, 1)		
instruction	CODE:47a3	CODE:47a8	MOVX @DPTR,A	2	write	EXTMEM	1	(unique, 0x2800, 2)		(unique, 0x2900, 1)
instruction	CODE:47a3	CODE:47a9	RET	1	read	INTMEM	1	(register, 0x40, 1)		
instruction	CODE:47a3	CODE:47a9	RET	3	read	INTMEM	1	(register, 0x40, 1)		
instruction	CODE:47aa	CODE:47aa	PUSH A	1	write	INTMEM	1	(register, 0x40, 1)		(register, 0xb, 1)
instruction	CODE:47aa	CODE:47ac	PUSH B	1	write	INTMEM	1	(register, 0x40, 1)		(register, 0xa, 1)
instruction	CODE:47aa	CODE:47ae	PUSH DPH	1	write	INTMEM	1	(register, 0x40, 1)		(register, 0x82, 1)
instruction	CODE:47aa	CODE:47b0	PUSH DPL	1	write	INTMEM	1	(register, 0x40, 1)		(register, 0x83, 1)
instruction	CODE:47aa	CODE:47b2	PUSH PSW	1	write	INTMEM	1	(register, 0x40, 1)		(register, 0x48, 1)
instruction	CODE:47aa	CODE:47b7	PUSH 0x00	1	write	INTMEM	1	(register, 0x40, 1)		mem[INTMEM:00]
instruction	CODE:47aa	CODE:47b9	PUSH 0x01	1	write	INTMEM	1	(register, 0x40, 1)		mem[INTMEM:01]
instruction	CODE:47aa	CODE:47bb	PUSH 0x02	1	write	INTMEM	1	(register, 0x40, 1)		mem[INTMEM:02]
instruction	CODE:47aa	CODE:47bd	PUSH 0x03	1	write	INTMEM	1	(register, 0x40, 1)		mem[INTMEM:03]
instruction	CODE:47aa	CODE:47bf	PUSH 0x04	1	write	INTMEM	1	(register, 0x40, 1)		mem[INTMEM:04]
instruction	CODE:47aa	CODE:47c1	PUSH 0x05	1	write	INTMEM	1	(register, 0x40, 1)		mem[INTMEM:05]
instruction	CODE:47aa	CODE:47c3	PUSH 0x06	1	write	INTMEM	1	(register, 0x40, 1)		mem[INTMEM:06]
instruction	CODE:47aa	CODE:47c5	PUSH 0x07	1	write	INTMEM	1	(register, 0x40, 1)		mem[INTMEM:07]
instruction	CODE:47aa	CODE:47c9	MOV @R0,#0x0	1	write	INTMEM	1	(register, 0x0, 1)		(unique, 0x2a00, 1)
instruction	CODE:47aa	CODE:47ce	MOVX A,@DPTR	1	read	EXTMEM	1	(unique, 0x2800, 2)		
instruction	CODE:47aa	CODE:47d2	MOVX @DPTR,A	2	write	EXTMEM	1	(unique, 0x2800, 2)		(unique, 0x2900, 1)
instruction	CODE:47aa	CODE:47d6	PUSH DPH	1	write	INTMEM	1	(register, 0x40, 1)		(register, 0x82, 1)
instruction	CODE:47aa	CODE:47d8	PUSH DPL	1	write	INTMEM	1	(register, 0x40, 1)		(register, 0x83, 1)
instruction	CODE:47aa	CODE:47da	LCALL 0x355d	4	write	INTMEM	1	(register, 0x40, 1)		(unique, 0xb400, 1)
instruction	CODE:47aa	CODE:47da	LCALL 0x355d	6	write	INTMEM	1	(register, 0x40, 1)		(unique, 0x1200, 1)
instruction	CODE:47aa	CODE:47dd	POP DPL	0	read	INTMEM	1	(register, 0x40, 1)		
instruction	CODE:47aa	CODE:47df	POP DPH	0	read	INTMEM	1	(register, 0x40, 1)		
instruction	CODE:47aa	CODE:47e1	MOVX @DPTR,A	2	write	EXTMEM	1	(unique, 0x2800, 2)		(unique, 0x2900, 1)
instruction	CODE:47aa	CODE:47e2	LCALL 0x64a1	4	write	INTMEM	1	(register, 0x40, 1)		(unique, 0xb400, 1)
instruction	CODE:47aa	CODE:47e2	LCALL 0x64a1	6	write	INTMEM	1	(register, 0x40, 1)		(unique, 0x1200, 1)
instruction	CODE:47aa	CODE:47e5	POP 0x07	0	read	INTMEM	1	(register, 0x40, 1)		
instruction	CODE:47aa	CODE:47e7	POP 0x06	0	read	INTMEM	1	(register, 0x40, 1)		
instruction	CODE:47aa	CODE:47e9	POP 0x05	0	read	INTMEM	1	(register, 0x40, 1)		
instruction	CODE:47aa	CODE:47eb	POP 0x04	0	read	INTMEM	1	(register, 0x40, 1)		
instruction	CODE:47aa	CODE:47ed	POP 0x03	0	read	INTMEM	1	(register, 0x40, 1)		
instruction	CODE:47aa	CODE:47ef	POP 0x02	0	read	INTMEM	1	(register, 0x40, 1)		
instruction	CODE:47aa	CODE:47f1	POP 0x01	0	read	INTMEM	1	(register, 0x40, 1)		
instruction	CODE:47aa	CODE:47f3	POP 0x00	0	read	INTMEM	1	(register, 0x40, 1)		
instruction	CODE:47aa	CODE:47f5	POP PSW	0	read	INTMEM	1	(register, 0x40, 1)		
instruction	CODE:47aa	CODE:47f7	POP DPL	0	read	INTMEM	1	(register, 0x40, 1)		
instruction	CODE:47aa	CODE:47f9	POP DPH	0	read	INTMEM	1	(register, 0x40, 1)		
instruction	CODE:47aa	CODE:47fb	POP B	0	read	INTMEM	1	(register, 0x40, 1)		
instruction	CODE:47aa	CODE:47fd	POP A	0	read	INTMEM	1	(register, 0x40, 1)		
instruction	CODE:47aa	CODE:47ff	RETI	1	read	INTMEM	1	(register, 0x40, 1)		
instruction	CODE:47aa	CODE:47ff	RETI	3	read	INTMEM	1	(register, 0x40, 1)		
instruction	CODE:4800	CODE:4804	MOVX @DPTR,A	2	write	EXTMEM	1	(unique, 0x2800, 2)		(unique, 0x2900, 1)
instruction	CODE:4800	CODE:4807	MOVX @DPTR,A	2	write	EXTMEM	1	(unique, 0x2800, 2)		(unique, 0x2900, 1)
instruction	CODE:4800	CODE:4808	LCALL 0x96ff	4	write	INTMEM	1	(register, 0x40, 1)		(unique, 0xb400, 1)
instruction	CODE:4800	CODE:4808	LCALL 0x96ff	6	write	INTMEM	1	(register, 0x40, 1)		(unique, 0x1200, 1)
instruction	CODE:4800	CODE:480e	LCALL 0x7d83	4	write	INTMEM	1	(register, 0x40, 1)		(unique, 0xb400, 1)
instruction	CODE:4800	CODE:480e	LCALL 0x7d83	6	write	INTMEM	1	(register, 0x40, 1)		(unique, 0x1200, 1)
instruction	CODE:4800	CODE:4815	LCALL 0x87aa	4	write	INTMEM	1	(register, 0x40, 1)		(unique, 0xb400, 1)
instruction	CODE:4800	CODE:4815	LCALL 0x87aa	6	write	INTMEM	1	(register, 0x40, 1)		(unique, 0x1200, 1)
instruction	CODE:4800	CODE:481b	MOVX A,@DPTR	1	read	EXTMEM	1	(unique, 0x2800, 2)		
instruction	CODE:4800	CODE:481f	MOVX A,@DPTR	1	read	EXTMEM	1	(unique, 0x2800, 2)		
instruction	CODE:4800	CODE:482f	MOVX A,@DPTR	1	read	EXTMEM	1	(unique, 0x2800, 2)		
instruction	CODE:4800	CODE:4833	MOVX A,@DPTR	1	read	EXTMEM	1	(unique, 0x2800, 2)		
instruction	CODE:4800	CODE:4843	MOVX A,@DPTR	1	read	EXTMEM	1	(unique, 0x2800, 2)		
instruction	CODE:4800	CODE:4847	MOVX A,@DPTR	1	read	EXTMEM	1	(unique, 0x2800, 2)		
instruction	CODE:4800	CODE:4857	MOVX A,@DPTR	1	read	EXTMEM	1	(unique, 0x2800, 2)		
instruction	CODE:4800	CODE:485b	MOVX A,@DPTR	1	read	EXTMEM	1	(unique, 0x2800, 2)		
instruction	CODE:4800	CODE:486b	MOVX A,@DPTR	1	read	EXTMEM	1	(unique, 0x2800, 2)		
instruction	CODE:4800	CODE:486f	MOVX A,@DPTR	1	read	EXTMEM	1	(unique, 0x2800, 2)		
instruction	CODE:4800	CODE:487f	MOVX A,@DPTR	1	read	EXTMEM	1	(unique, 0x2800, 2)		
instruction	CODE:4800	CODE:4883	MOVX A,@DPTR	1	read	EXTMEM	1	(unique, 0x2800, 2)		
instruction	CODE:4800	CODE:4893	MOVX A,@DPTR	1	read	EXTMEM	1	(unique, 0x2800, 2)		
instruction	CODE:4800	CODE:4897	MOVX A,@DPTR	1	read	EXTMEM	1	(unique, 0x2800, 2)		
instruction	CODE:4800	CODE:48a7	MOVX A,@DPTR	1	read	EXTMEM	1	(unique, 0x2800, 2)		
instruction	CODE:4800	CODE:48ab	MOVX A,@DPTR	1	read	EXTMEM	1	(unique, 0x2800, 2)		
instruction	CODE:4800	CODE:48bb	MOVX A,@DPTR	1	read	EXTMEM	1	(unique, 0x2800, 2)		
instruction	CODE:4800	CODE:48bf	MOVX A,@DPTR	1	read	EXTMEM	1	(unique, 0x2800, 2)		
instruction	CODE:4800	CODE:48cf	MOVX A,@DPTR	1	read	EXTMEM	1	(unique, 0x2800, 2)		
instruction	CODE:4800	CODE:48d3	MOVX A,@DPTR	1	read	EXTMEM	1	(unique, 0x2800, 2)		
instruction	CODE:4800	CODE:48e3	MOVX A,@DPTR	1	read	EXTMEM	1	(unique, 0x2800, 2)		
instruction	CODE:4800	CODE:48e7	MOVX A,@DPTR	1	read	EXTMEM	1	(unique, 0x2800, 2)		
instruction	CODE:4800	CODE:48f7	MOVX A,@DPTR	1	read	EXTMEM	1	(unique, 0x2800, 2)		
instruction	CODE:4800	CODE:48fb	MOVX A,@DPTR	1	read	EXTMEM	1	(unique, 0x2800, 2)		
instruction	CODE:4800	CODE:490b	LCALL 0x7d69	4	write	INTMEM	1	(register, 0x40, 1)		(unique, 0xb400, 1)
instruction	CODE:4800	CODE:490b	LCALL 0x7d69	6	write	INTMEM	1	(register, 0x40, 1)		(unique, 0x1200, 1)
instruction	CODE:4800	CODE:490e	LCALL 0x87aa	4	write	INTMEM	1	(register, 0x40, 1)		(unique, 0xb400, 1)
instruction	CODE:4800	CODE:490e	LCALL 0x87aa	6	write	INTMEM	1	(register, 0x40, 1)		(unique, 0x1200, 1)
instruction	CODE:4800	CODE:491a	LCALL 0x7d6d	4	write	INTMEM	1	(register, 0x40, 1)		(unique, 0xb400, 1)
instruction	CODE:4800	CODE:491a	LCALL 0x7d6d	6	write	INTMEM	1	(register, 0x40, 1)		(unique, 0x1200, 1)
instruction	CODE:4920	CODE:4920	LCALL 0xa6f7	4	write	INTMEM	1	(register, 0x40, 1)		(unique, 0xb400, 1)
instruction	CODE:4920	CODE:4920	LCALL 0xa6f7	6	write	INTMEM	1	(register, 0x40, 1)		(unique, 0x1200, 1)
instruction	CODE:4920	CODE:4925	MOV @R0,0x07	1	write	INTMEM	1	(register, 0x0, 1)		(unique, 0x2a00, 1)
instruction	CODE:4920	CODE:4929	LCALL 0xa5dd	4	write	INTMEM	1	(register, 0x40, 1)		(unique, 0xb400, 1)
instruction	CODE:4920	CODE:4929	LCALL 0xa5dd	6	write	INTMEM	1	(register, 0x40, 1)		(unique, 0x1200, 1)
instruction	CODE:4920	CODE:4932	LCALL 0xa60e	4	write	INTMEM	1	(register, 0x40, 1)		(unique, 0xb400, 1)
instruction	CODE:4920	CODE:4932	LCALL 0xa60e	6	write	INTMEM	1	(register, 0x40, 1)		(unique, 0x1200, 1)
instruction	CODE:4920	CODE:4939	LCALL 0xa80c	4	write	INTMEM	1	(register, 0x40, 1)		(unique, 0xb400, 1)
instruction	CODE:4920	CODE:4939	LCALL 0xa80c	6	write	INTMEM	1	(register, 0x40, 1)		(unique, 0x1200, 1)
instruction	CODE:4920	CODE:4940	LCALL 0xa60e	4	write	INTMEM	1	(register, 0x40, 1)		(unique, 0xb400, 1)
instruction	CODE:4920	CODE:4940	LCALL 0xa60e	6	write	INTMEM	1	(register, 0x40, 1)		(unique, 0x1200, 1)
instruction	CODE:4920	CODE:4947	MOV A,@R0	0	read	INTMEM	1	(register, 0x0, 1)		
instruction	CODE:4920	CODE:4954	MOV @R0,#0x1	1	write	INTMEM	1	(register, 0x0, 1)		(unique, 0x2a00, 1)
instruction	CODE:4920	CODE:495c	LCALL 0xa5dd	4	write	INTMEM	1	(register, 0x40, 1)		(unique, 0xb400, 1)
instruction	CODE:4920	CODE:495c	LCALL 0xa5dd	6	write	INTMEM	1	(register, 0x40, 1)		(unique, 0x1200, 1)
instruction	CODE:4920	CODE:4963	LCALL 0x4a33	4	write	INTMEM	1	(register, 0x40, 1)		(unique, 0xb400, 1)
instruction	CODE:4920	CODE:4963	LCALL 0x4a33	6	write	INTMEM	1	(register, 0x40, 1)		(unique, 0x1200, 1)
instruction	CODE:4920	CODE:496c	LCALL 0xa5dd	4	write	INTMEM	1	(register, 0x40, 1)		(unique, 0xb400, 1)
instruction	CODE:4920	CODE:496c	LCALL 0xa5dd	6	write	INTMEM	1	(register, 0x40, 1)		(unique, 0x1200, 1)
instruction	CODE:4920	CODE:4973	LCALL 0x4a22	4	write	INTMEM	1	(register, 0x40, 1)		(unique, 0xb400, 1)
instruction	CODE:4920	CODE:4973	LCALL 0x4a22	6	write	INTMEM	1	(register, 0x40, 1)		(unique, 0x1200, 1)
instruction	CODE:4920	CODE:497c	LCALL 0xa5dd	4	write	INTMEM	1	(register, 0x40, 1)		(unique, 0xb400, 1)
instruction	CODE:4920	CODE:497c	LCALL 0xa5dd	6	write	INTMEM	1	(register, 0x40, 1)		(unique, 0x1200, 1)
instruction	CODE:4920	CODE:4983	LCALL 0x4a33	4	write	INTMEM	1	(register, 0x40, 1)		(unique, 0xb400, 1)
instruction	CODE:4920	CODE:4983	LCALL 0x4a33	6	write	INTMEM	1	(register, 0x40, 1)		(unique, 0x1200, 1)
instruction	CODE:4920	CODE:498c	LCALL 0xa5dd	4	write	INTMEM	1	(register, 0x40, 1)		(unique, 0xb400, 1)
instruction	CODE:4920	CODE:498c	LCALL 0xa5dd	6	write	INTMEM	1	(register, 0x40, 1)		(unique, 0x1200, 1)
instruction	CODE:4920	CODE:4993	LCALL 0x4a22	4	write	INTMEM	1	(register, 0x40, 1)		(unique, 0xb400, 1)
instruction	CODE:4920	CODE:4993	LCALL 0x4a22	6	write	INTMEM	1	(register, 0x40, 1)		(unique, 0x1200, 1)
instruction	CODE:4920	CODE:499c	LCALL 0xa607	4	write	INTMEM	1	(register, 0x40, 1)		(unique, 0xb400, 1)
instruction	CODE:4920	CODE:499c	LCALL 0xa607	6	write	INTMEM	1	(register, 0x40, 1)		(unique, 0x1200, 1)
instruction	CODE:4920	CODE:49a3	MOV A,@R0	0	read	INTMEM	1	(register, 0x0, 1)		
instruction	CODE:4920	CODE:49a7	LCALL 0xa356	4	write	INTMEM	1	(register, 0x40, 1)		(unique, 0xb400, 1)
instruction	CODE:4920	CODE:49a7	LCALL 0xa356	6	write	INTMEM	1	(register, 0x40, 1)		(unique, 0x1200, 1)
instruction	CODE:4920	CODE:49af	LCALL 0xa02d	4	write	INTMEM	1	(register, 0x40, 1)		(unique, 0xb400, 1)
instruction	CODE:4920	CODE:49af	LCALL 0xa02d	6	write	INTMEM	1	(register, 0x40, 1)		(unique, 0x1200, 1)
instruction	CODE:4920	CODE:49b4	MOV @R0,#0x7	1	write	INTMEM	1	(register, 0x0, 1)		(unique, 0x2a00, 1)
instruction	CODE:4920	CODE:49ba	LCALL 0x9e27	4	write	INTMEM	1	(register, 0x40, 1)		(unique, 0xb400, 1)
instruction	CODE:4920	CODE:49ba	LCALL 0x9e27	6	write	INTMEM	1	(register, 0x40, 1)		(unique, 0x1200, 1)
instruction	CODE:4920	CODE:49bf	MOV A,@R0	0	read	INTMEM	1	(register, 0x0, 1)		
instruction	CODE:4920	CODE:49cb	MOV @R0,#0x7	1	write	INTMEM	1	(register, 0x0, 1)		(unique, 0x2a00, 1)
instruction	CODE:4920	CODE:49d4	MOV A,@R0	0	read	INTMEM	1	(register, 0x0, 1)		
instruction	CODE:4920	CODE:4a1a	MOV A,@R0	0	read	INTMEM	1	(register, 0x0, 1)		
instruction	CODE:4920	CODE:4a1d	MOV A,@R0	0	read	INTMEM	1	(register, 0x0, 1)		
instruction	CODE:4a22	CODE:4a22	LCALL 0x9e27	4	write	INTMEM	1	(register, 0x40, 1)		(unique, 0xb400, 1)
instruction	CODE:4a22	CODE:4a22	LCALL 0x9e27	6	write	INTMEM	1	(register, 0x40, 1)		(unique, 0x1200, 1)
instruction	CODE:4a22	CODE:4a27	LCALL 0xa02d	4	write	INTMEM	1	(register, 0x40, 1)		(unique, 0xb400, 1)
instruction	CODE:4a22	CODE:4a27	LCALL 0xa02d	6	write	INTMEM	1	(register, 0x40, 1)		(unique, 0x1200, 1)
instruction	CODE:4a22	CODE:4a2c	MOV @R0,#0x7	1	write	INTMEM	1	(register, 0x0, 1)		(unique, 0x2a00, 1)
instruction	CODE:4a22	CODE:4a31	XRL A,@R0	0	read	INTMEM	1	(register, 0x0, 1)		
instruction	CODE:4a22	CODE:4a32	RET	1	read	INTMEM	1	(register, 0x40, 1)		
instruction	CODE:4a22	CODE:4a32	RET	3	read	INTMEM	1	(register, 0x40, 1)		
instruction	CODE:4a33	CODE:4a33	LCALL 0x9e27	4	write	INTMEM	1	(register, 0x40, 1)		(unique, 0xb400, 1)
instruction	CODE:4a33	CODE:4a33	LCALL 0x9e27	6	write	INTMEM	1	(register, 0x40, 1)		(unique, 0x1200, 1)
instruction	CODE:4a33	CODE:4a38	MOV @R0,#0x7	1	write	INTMEM	1	(register, 0x0, 1)		(unique, 0x2a00, 1)
instruction	CODE:4a33	CODE:4a3d	XRL A,@R0	0	read	INTMEM	1	(register, 0x0, 1)		
instruction	CODE:4a33	CODE:4a3e	RET	1	read	INTMEM	1	(register, 0x40, 1)		
instruction	CODE:4a33	CODE:4a3e	RET	3	read	INTMEM	1	(register, 0x40, 1)		
instruction	CODE:4a3f	CODE:4a43	LCALL 0x4b3a	4	write	INTMEM	1	(register, 0x40, 1)		(unique, 0xb400, 1)
instruction	CODE:4a3f	CODE:4a43	LCALL 0x4b3a	6	write	INTMEM	1	(register, 0x40, 1)		(unique, 0x1200, 1)
instruction	CODE:4a3f	CODE:4a48	LCALL 0x1dd3	4	write	INTMEM	1	(register, 0x40, 1)		(unique, 0xb400, 1)
instruction	CODE:4a3f	CODE:4a48	LCALL 0x1dd3	6	write	INTMEM	1	(register, 0x40, 1)		(unique, 0x1200, 1)
instruction	CODE:4a3f	CODE:4a4d	LCALL 0x1f28	4	write	INTMEM	1	(register, 0x40, 1)		(unique, 0xb400, 1)
instruction	CODE:4a3f	CODE:4a4d	LCALL 0x1f28	6	write	INTMEM	1	(register, 0x40, 1)		(unique, 0x1200, 1)
instruction	CODE:4a3f	CODE:4a52	LCALL 0x4b3a	4	write	INTMEM	1	(register, 0x40, 1)		(unique, 0xb400, 1)
instruction	CODE:4a3f	CODE:4a52	LCALL 0x4b3a	6	write	INTMEM	1	(register, 0x40, 1)		(unique, 0x1200, 1)
instruction	CODE:4a3f	CODE:4a57	LCALL 0x1dd3	4	write	INTMEM	1	(register, 0x40, 1)		(unique, 0xb400, 1)
instruction	CODE:4a3f	CODE:4a57	LCALL 0x1dd3	6	write	INTMEM	1	(register, 0x40, 1)		(unique, 0x1200, 1)
instruction	CODE:4a3f	CODE:4a5c	LCALL 0x1f28	4	write	INTMEM	1	(register, 0x40, 1)		(unique, 0xb400, 1)
instruction	CODE:4a3f	CODE:4a5c	LCALL 0x1f28	6	write	INTMEM	1	(register, 0x40, 1)		(unique, 0x1200, 1)
instruction	CODE:4a3f	CODE:4a61	LCALL 0x4b4c	4	write	INTMEM	1	(register, 0x40, 1)		(unique, 0xb400, 1)
instruction	CODE:4a3f	CODE:4a61	LCALL 0x4b4c	6	write	INTMEM	1	(register, 0x40, 1)		(unique, 0x1200, 1)
instruction	CODE:4a3f	CODE:4a66	LCALL 0x1dd3	4	write	INTMEM	1	(register, 0x40, 1)		(unique, 0xb400, 1)
instruction	CODE:4a3f	CODE:4a66	LCALL 0x1dd3	6	write	INTMEM	1	(register, 0x40, 1)		(unique, 0x1200, 1)
instruction	CODE:4a3f	CODE:4a6b	LCALL 0x1f28	4	write	INTMEM	1	(register, 0x40, 1)		(unique, 0xb400, 1)
instruction	CODE:4a3f	CODE:4a6b	LCALL 0x1f28	6	write	INTMEM	1	(register, 0x40, 1)		(unique, 0x1200, 1)
instruction	CODE:4a3f	CODE:4a70	LCALL 0x4b4c	4	write	INTMEM	1	(register, 0x40, 1)		(unique, 0xb400, 1)
instruction	CODE:4a3f	CODE:4a70	LCALL 0x4b4c	6	write	INTMEM	1	(register, 0x40, 1)		(unique, 0x1200, 1)
instruction	CODE:4a3f	CODE:4a76	MOVX A,@DPTR	1	read	EXTMEM	1	(unique, 0x2800, 2)		
instruction	CODE:4a3f	CODE:4a7c	MOVX A,@DPTR	1	read	EXTMEM	1	(unique, 0x2800, 2)		
instruction	CODE:4a3f	CODE:4a7e	LCALL 0x1ddb	4	write	INTMEM	1	(register, 0x40, 1)		(unique, 0xb400, 1)
instruction	CODE:4a3f	CODE:4a7e	LCALL 0x1ddb	6	write	INTMEM	1	(register, 0x40, 1)		(unique, 0x1200, 1)
instruction	CODE:4a3f	CODE:4a82	MOVX @DPTR,A	2	write	EXTMEM	1	(unique, 0x2800, 2)		(unique, 0x2900, 1)
instruction	CODE:4a3f	CODE:4a85	MOVX @DPTR,A	2	write	EXTMEM	1	(unique, 0x2800, 2)		(unique, 0x2900, 1)
instruction	CODE:4a3f	CODE:4a8a	LCALL 0x94ae	4	write	INTMEM	1	(register, 0x40, 1)		(unique, 0xb400, 1)
instruction	CODE:4a3f	CODE:4a8a	LCALL 0x94ae	6	write	INTMEM	1	(register, 0x40, 1)		(unique, 0x1200, 1)
instruction	CODE:4a3f	CODE:4a95	LCALL 0x79d0	4	write	INTMEM	1	(register, 0x40, 1)		(unique, 0xb400, 1)
instruction	CODE:4a3f	CODE:4a95	LCALL 0x79d0	6	write	INTMEM	1	(register, 0x40, 1)		(unique, 0x1200, 1)
instruction	CODE:4a3f	CODE:4a9c	MOVX @DPTR,A	2	write	EXTMEM	1	(unique, 0x2800, 2)		(unique, 0x2900, 1)
instruction	CODE:4a3f	CODE:4a9f	MOVX @DPTR,A	2	write	EXTMEM	1	(unique, 0x2800, 2)		(unique, 0x2900, 1)
instruction	CODE:4a3f	CODE:4aa2	MOV A,@R0	0	read	INTMEM	1	(register, 0x0, 1)		
instruction	CODE:4a3f	CODE:4aa5	MOV A,@R0	0	read	INTMEM	1	(register, 0x0, 1)		
instruction	CODE:4a3f	CODE:4aab	MOVX @DPTR,A	2	write	EXTMEM	1	(unique, 0x2800, 2)		(unique, 0x2900, 1)
instruction	CODE:4a3f	CODE:4aae	MOVX @DPTR,A	2	write	EXTMEM	1	(unique, 0x2800, 2)		(unique, 0x2900, 1)
instruction	CODE:4a3f	CODE:4ab9	LCALL 0xa9e2	4	write	INTMEM	1	(register, 0x40, 1)		(unique, 0xb400, 1)
instruction	CODE:4a3f	CODE:4ab9	LCALL 0xa9e2	6	write	INTMEM	1	(register, 0x40, 1)		(unique, 0x1200, 1)
instruction	CODE:4a3f	CODE:4abe	MOV @R0,0x07	1	write	INTMEM	1	(register, 0x0, 1)		(unique, 0x2a00, 1)
instruction	CODE:4a3f	CODE:4ac2	MOV A,@R0	0	read	INTMEM	1	(register, 0x0, 1)		
instruction	CODE:4a3f	CODE:4ac8	MOVX @DPTR,A	2	write	EXTMEM	1	(unique, 0x2800, 2)		(unique, 0x2900, 1)
instruction	CODE:4a3f	CODE:4acb	MOVX @DPTR,A	2	write	EXTMEM	1	(unique, 0x2800, 2)		(unique, 0x2900, 1)
instruction	CODE:4a3f	CODE:4ace	LCALL 0x9afd	4	write	INTMEM	1	(register, 0x40, 1)		(unique, 0xb400, 1)
instruction	CODE:4a3f	CODE:4ace	LCALL 0x9afd	6	write	INTMEM	1	(register, 0x40, 1)		(unique, 0x1200, 1)
instruction	CODE:4a3f	CODE:4ad7	MOVX @DPTR,A	2	write	EXTMEM	1	(unique, 0x2800, 2)		(unique, 0x2900, 1)
instruction	CODE:4a3f	CODE:4ada	MOVX @DPTR,A	2	write	EXTMEM	1	(unique, 0x2800, 2)		(unique, 0x2900, 1)
instruction	CODE:4a3f	CODE:4ae4	MOVX A,@DPTR	1	read	EXTMEM	1	(unique, 0x2800, 2)		
instruction	CODE:4a3f	CODE:4ae7	MOVX A,@DPTR	1	read	EXTMEM	1	(unique, 0x2800, 2)		
instruction	CODE:4a3f	CODE:4aec	MOVX @DPTR,A	2	write	EXTMEM	1	(unique, 0x2800, 2)		(unique, 0x2900, 1)
instruction	CODE:4a3f	CODE:4aef	MOVX @DPTR,A	2	write	EXTMEM	1	(unique, 0x2800, 2)		(unique, 0x2900, 1)
instruction	CODE:4a3f	CODE:4af2	MOVX @DPTR,A	2	write	EXTMEM	1	(unique, 0x2800, 2)		(unique, 0x2900, 1)
instruction	CODE:4a3f	CODE:4af5	MOVX @DPTR,A	2	write	EXTMEM	1	(unique, 0x2800, 2)		(unique, 0x2900, 1)
instruction	CODE:4a3f	CODE:4af8	LCALL 0x1d8d	4	write	INTMEM	1	(register, 0x40, 1)		(unique, 0xb400, 1)
instruction	CODE:4a3f	CODE:4af8	LCALL 0x1d8d	6	write	INTMEM	1	(register, 0x40, 1)		(unique, 0x1200, 1)
instruction	CODE:4a3f	CODE:4afe	MOVX A,@DPTR	1	read	EXTMEM	1	(unique, 0x2800, 2)		
instruction	CODE:4a3f	CODE:4b01	MOVX A,@DPTR	1	read	EXTMEM	1	(unique, 0x2800, 2)		
instruction	CODE:4a3f	CODE:4b06	MOVX @DPTR,A	2	write	EXTMEM	1	(unique, 0x2800, 2)		(unique, 0x2900, 1)
instruction	CODE:4a3f	CODE:4b09	MOVX @DPTR,A	2	write	EXTMEM	1	(unique, 0x2800, 2)		(unique, 0x2900, 1)
instruction	CODE:4a3f	CODE:4b0c	LCALL 0x1d8d	4	write	INTMEM	1	(register, 0x40, 1)		(unique, 0xb400, 1)
instruction	CODE:4a3f	CODE:4b0c	LCALL 0x1d8d	6	write	INTMEM	1	(register, 0x40, 1)		(unique, 0x1200, 1)
instruction	CODE:4a3f	CODE:4b11	LCALL 0x1d8d	4	write	INTMEM	1	(register, 0x40, 1)		(unique, 0xb400, 1)
instruction	CODE:4a3f	CODE:4b11	LCALL 0x1d8d	6	write	INTMEM	1	(register, 0x40, 1)		(unique, 0x1200, 1)
instruction	CODE:4a3f	CODE:4b16	LCALL 0x1d8d	4	write	INTMEM	1	(register, 0x40, 1)		(unique, 0xb400, 1)
instruction	CODE:4a3f	CODE:4b16	LCALL 0x1d8d	6	write	INTMEM	1	(register, 0x40, 1)		(unique, 0x1200, 1)
instruction	CODE:4a3f	CODE:4b1b	LCALL 0x1d8d	4	write	INTMEM	1	(register, 0x40, 1)		(unique, 0xb400, 1)
instruction	CODE:4a3f	CODE:4b1b	LCALL 0x1d8d	6	write	INTMEM	1	(register, 0x40, 1)		(unique, 0x1200, 1)
instruction	CODE:4a3f	CODE:4b20	LCALL 0x1d8d	4	write	INTMEM	1	(register, 0x40, 1)		(unique, 0xb400, 1)
instruction	CODE:4a3f	CODE:4b20	LCALL 0x1d8d	6	write	INTMEM	1	(register, 0x40, 1)		(unique, 0x1200, 1)
instruction	CODE:4a3f	CODE:4b25	LCALL 0x1d8d	4	write	INTMEM	1	(register, 0x40, 1)		(unique, 0xb400, 1)
instruction	CODE:4a3f	CODE:4b25	LCALL 0x1d8d	6	write	INTMEM	1	(register, 0x40, 1)		(unique, 0x1200, 1)
instruction	CODE:4a3f	CODE:4b2a	LCALL 0x1d8d	4	write	INTMEM	1	(register, 0x40, 1)		(unique, 0xb400, 1)
instruction	CODE:4a3f	CODE:4b2a	LCALL 0x1d8d	6	write	INTMEM	1	(register, 0x40, 1)		(unique, 0x1200, 1)
instruction	CODE:4a3f	CODE:4b2f	LCALL 0x1d8d	4	write	INTMEM	1	(register, 0x40, 1)		(unique, 0xb400, 1)
instruction	CODE:4a3f	CODE:4b2f	LCALL 0x1d8d	6	write	INTMEM	1	(register, 0x40, 1)		(unique, 0x1200, 1)
instruction	CODE:4a3f	CODE:4b34	LCALL 0x1d8d	4	write	INTMEM	1	(register, 0x40, 1)		(unique, 0xb400, 1)
instruction	CODE:4a3f	CODE:4b34	LCALL 0x1d8d	6	write	INTMEM	1	(register, 0x40, 1)		(unique, 0x1200, 1)
instruction	CODE:4b3a	CODE:4b3a	LCALL 0x94ae	4	write	INTMEM	1	(register, 0x40, 1)		(unique, 0xb400, 1)
instruction	CODE:4b3a	CODE:4b3a	LCALL 0x94ae	6	write	INTMEM	1	(register, 0x40, 1)		(unique, 0x1200, 1)
instruction	CODE:4b3a	CODE:4b45	LCALL 0x79d0	4	write	INTMEM	1	(register, 0x40, 1)		(unique, 0xb400, 1)
instruction	CODE:4b3a	CODE:4b45	LCALL 0x79d0	6	write	INTMEM	1	(register, 0x40, 1)		(unique, 0x1200, 1)
instruction	CODE:4b3a	CODE:4b48	LCALL 0x9b3c	4	write	INTMEM	1	(register, 0x40, 1)		(unique, 0xb400, 1)
instruction	CODE:4b3a	CODE:4b48	LCALL 0x9b3c	6	write	INTMEM	1	(register, 0x40, 1)		(unique, 0x1200, 1)
instruction	CODE:4b3a	CODE:4b4b	RET	1	read	INTMEM	1	(register, 0x40, 1)		
instruction	CODE:4b3a	CODE:4b4b	RET	3	read	INTMEM	1	(register, 0x40, 1)		
instruction	CODE:4b4c	CODE:4b4c	LCALL 0x94ae	4	write	INTMEM	1	(register, 0x40, 1)		(unique, 0xb400, 1)
instruction	CODE:4b4c	CODE:4b4c	LCALL 0x94ae	6	write	INTMEM	1	(register, 0x40, 1)		(unique, 0x1200, 1)
instruction	CODE:4b4c	CODE:4b57	LCALL 0x79d0	4	write	INTMEM	1	(register, 0x40, 1)		(unique, 0xb400, 1)
instruction	CODE:4b4c	CODE:4b57	LCALL 0x79d0	6	write	INTMEM	1	(register, 0x40, 1)		(unique, 0x1200, 1)
instruction	CODE:4b4c	CODE:4b5a	LCALL 0x9b3c	4	write	INTMEM	1	(register, 0x40, 1)		(unique, 0xb400, 1)
instruction	CODE:4b4c	CODE:4b5a	LCALL 0x9b3c	6	write	INTMEM	1	(register, 0x40, 1)		(unique, 0x1200, 1)
instruction	CODE:4b4c	CODE:4b5d	RET	1	read	INTMEM	1	(register, 0x40, 1)		
instruction	CODE:4b4c	CODE:4b5d	RET	3	read	INTMEM	1	(register, 0x40, 1)		
instruction	CODE:4b5e	CODE:4b60	MOV A,@R0	0	read	INTMEM	1	(register, 0x0, 1)		
instruction	CODE:4b5e	CODE:4b72	MOV A,@R0	0	read	INTMEM	1	(register, 0x0, 1)		
instruction	CODE:4b5e	CODE:4b73	LCALL 0xae53	4	write	INTMEM	1	(register, 0x40, 1)		(unique, 0xb400, 1)
instruction	CODE:4b5e	CODE:4b73	LCALL 0xae53	6	write	INTMEM	1	(register, 0x40, 1)		(unique, 0x1200, 1)
instruction	CODE:4b5e	CODE:4ba1	MOVX A,@DPTR	1	read	EXTMEM	1	(unique, 0x2800, 2)		
instruction	CODE:4b5e	CODE:4ba3	MOVX @DPTR,A	2	write	EXTMEM	1	(unique, 0x2800, 2)		(unique, 0x2900, 1)
instruction	CODE:4b5e	CODE:4ba4	RET	1	read	INTMEM	1	(register, 0x40, 1)		
instruction	CODE:4b5e	CODE:4ba4	RET	3	read	INTMEM	1	(register, 0x40, 1)		
instruction	CODE:4b5e	CODE:4bb2	MOV A,@R0	0	read	INTMEM	1	(register, 0x0, 1)		
instruction	CODE:4b5e	CODE:4bb3	LCALL 0xae53	4	write	INTMEM	1	(register, 0x40, 1)		(unique, 0xb400, 1)
instruction	CODE:4b5e	CODE:4bb3	LCALL 0xae53	6	write	INTMEM	1	(register, 0x40, 1)		(unique, 0x1200, 1)
instruction	CODE:4b5e	CODE:4c02	LCALL 0x87aa	4	write	INTMEM	1	(register, 0x40, 1)		(unique, 0xb400, 1)
instruction	CODE:4b5e	CODE:4c02	LCALL 0x87aa	6	write	INTMEM	1	(register, 0x40, 1)		(unique, 0x1200, 1)
instruction	CODE:4b5e	CODE:4c08	LCALL 0xa335	4	write	INTMEM	1	(register, 0x40, 1)		(unique, 0xb400, 1)
instruction	CODE:4b5e	CODE:4c08	LCALL 0xa335	6	write	INTMEM	1	(register, 0x40, 1)		(unique, 0x1200, 1)
instruction	CODE:4b5e	CODE:4c0f	LCALL 0x9ba3	4	write	INTMEM	1	(register, 0x40, 1)		(unique, 0xb400, 1)
instruction	CODE:4b5e	CODE:4c0f	LCALL 0x9ba3	6	write	INTMEM	1	(register, 0x40, 1)		(unique, 0x1200, 1)
instruction	CODE:4b5e	CODE:4c15	LCALL 0x8cc7	4	write	INTMEM	1	(register, 0x40, 1)		(unique, 0xb400, 1)
instruction	CODE:4b5e	CODE:4c15	LCALL 0x8cc7	6	write	INTMEM	1	(register, 0x40, 1)		(unique, 0x1200, 1)
instruction	CODE:4b5e	CODE:4c1c	LCALL 0xa6cd	4	write	INTMEM	1	(register, 0x40, 1)		(unique, 0xb400, 1)
instruction	CODE:4b5e	CODE:4c1c	LCALL 0xa6cd	6	write	INTMEM	1	(register, 0x40, 1)		(unique, 0x1200, 1)
instruction	CODE:4b5e	CODE:4c4e	MOV A,@R0	0	read	INTMEM	1	(register, 0x0, 1)		
instruction	CODE:4b5e	CODE:4c68	MOV A,@R0	0	read	INTMEM	1	(register, 0x0, 1)		
instruction	CODE:4b5e	CODE:4c73	LCALL 0xa32a	4	write	INTMEM	1	(register, 0x40, 1)		(unique, 0xb400, 1)
instruction	CODE:4b5e	CODE:4c73	LCALL 0xa32a	6	write	INTMEM	1	(register, 0x40, 1)		(unique, 0x1200, 1)
instruction	CODE:4b5e	CODE:4c76	RET	1	read	INTMEM	1	(register, 0x40, 1)		
instruction	CODE:4b5e	CODE:4c76	RET	3	read	INTMEM	1	(register, 0x40, 1)		
instruction	CODE:4c77	CODE:4c7b	MOVX @DPTR,A	2	write	EXTMEM	1	(unique, 0x2800, 2)		(unique, 0x2900, 1)
instruction	CODE:4c77	CODE:4c7e	MOVX @DPTR,A	2	write	EXTMEM	1	(unique, 0x2800, 2)		(unique, 0x2900, 1)
instruction	CODE:4c77	CODE:4c82	LCALL 0xae2a	4	write	INTMEM	1	(register, 0x40, 1)		(unique, 0xb400, 1)
instruction	CODE:4c77	CODE:4c82	LCALL 0xae2a	6	write	INTMEM	1	(register, 0x40, 1)		(unique, 0x1200, 1)
instruction	CODE:4c77	CODE:4c88	LCALL 0xaac4	4	write	INTMEM	1	(register, 0x40, 1)		(unique, 0xb400, 1)
instruction	CODE:4c77	CODE:4c88	LCALL 0xaac4	6	write	INTMEM	1	(register, 0x40, 1)		(unique, 0x1200, 1)
instruction	CODE:4c77	CODE:4c96	LCALL 0xaa99	4	write	INTMEM	1	(register, 0x40, 1)		(unique, 0xb400, 1)
instruction	CODE:4c77	CODE:4c96	LCALL 0xaa99	6	write	INTMEM	1	(register, 0x40, 1)		(unique, 0x1200, 1)
instruction	CODE:4c77	CODE:4cb1	LCALL 0xaed0	4	write	INTMEM	1	(register, 0x40, 1)		(unique, 0xb400, 1)
instruction	CODE:4c77	CODE:4cb1	LCALL 0xaed0	6	write	INTMEM	1	(register, 0x40, 1)		(unique, 0x1200, 1)
instruction	CODE:4c77	CODE:4cb8	MOVX @DPTR,A	2	write	EXTMEM	1	(unique, 0x2800, 2)		(unique, 0x2900, 1)
instruction	CODE:4c77	CODE:4cbb	MOVX @DPTR,A	2	write	EXTMEM	1	(unique, 0x2800, 2)		(unique, 0x2900, 1)
instruction	CODE:4c77	CODE:4cbf	LCALL 0xadf3	4	write	INTMEM	1	(register, 0x40, 1)		(unique, 0xb400, 1)
instruction	CODE:4c77	CODE:4cbf	LCALL 0xadf3	6	write	INTMEM	1	(register, 0x40, 1)		(unique, 0x1200, 1)
instruction	CODE:4d85	CODE:4d89	MOVX @DPTR,A	2	write	EXTMEM	1	(unique, 0x2800, 2)		(unique, 0x2900, 1)
instruction	CODE:4d85	CODE:4d8d	MOVX @DPTR,A	2	write	EXTMEM	1	(unique, 0x2800, 2)		(unique, 0x2900, 1)
instruction	CODE:4d85	CODE:4d91	MOVX A,@DPTR	1	read	EXTMEM	1	(unique, 0x2800, 2)		
instruction	CODE:4d85	CODE:4d96	MOV A,@R0	0	read	INTMEM	1	(register, 0x0, 1)		
instruction	CODE:4d85	CODE:4d9a	MOVX @DPTR,A	2	write	EXTMEM	1	(unique, 0x2800, 2)		(unique, 0x2900, 1)
instruction	CODE:4d85	CODE:4da7	MOVX A,@DPTR	1	read	EXTMEM	1	(unique, 0x2800, 2)		
instruction	CODE:4d85	CODE:4da9	LCALL 0x9000	4	write	INTMEM	1	(register, 0x40, 1)		(unique, 0xb400, 1)
instruction	CODE:4d85	CODE:4da9	LCALL 0x9000	6	write	INTMEM	1	(register, 0x40, 1)		(unique, 0x1200, 1)
instruction	CODE:4d85	CODE:4daf	LCALL 0x1f10	4	write	INTMEM	1	(register, 0x40, 1)		(unique, 0xb400, 1)
instruction	CODE:4d85	CODE:4daf	LCALL 0x1f10	6	write	INTMEM	1	(register, 0x40, 1)		(unique, 0x1200, 1)
instruction	CODE:4d85	CODE:4db2	LCALL 0x1d2a	4	write	INTMEM	1	(register, 0x40, 1)		(unique, 0xb400, 1)
instruction	CODE:4d85	CODE:4db2	LCALL 0x1d2a	6	write	INTMEM	1	(register, 0x40, 1)		(unique, 0x1200, 1)
instruction	CODE:4d85	CODE:4db7	MOVX @DPTR,A	2	write	EXTMEM	1	(unique, 0x2800, 2)		(unique, 0x2900, 1)
instruction	CODE:4d85	CODE:4dbb	MOVX A,@DPTR	1	read	EXTMEM	1	(unique, 0x2800, 2)		
instruction	CODE:4d85	CODE:4dbd	LCALL 0x1d22	4	write	INTMEM	1	(register, 0x40, 1)		(unique, 0xb400, 1)
instruction	CODE:4d85	CODE:4dbd	LCALL 0x1d22	6	write	INTMEM	1	(register, 0x40, 1)		(unique, 0x1200, 1)
instruction	CODE:4d85	CODE:4dc1	MOVX @DPTR,A	2	write	EXTMEM	1	(unique, 0x2800, 2)		(unique, 0x2900, 1)
instruction	CODE:4d85	CODE:4dc6	MOV A,@R0	0	read	INTMEM	1	(register, 0x0, 1)		
instruction	CODE:4d85	CODE:4dcb	LCALL 0x1d23	4	write	INTMEM	1	(register, 0x40, 1)		(unique, 0xb400, 1)
instruction	CODE:4d85	CODE:4dcb	LCALL 0x1d23	6	write	INTMEM	1	(register, 0x40, 1)		(unique, 0x1200, 1)
instruction	CODE:4d85	CODE:4dcf	MOVX @DPTR,A	2	write	EXTMEM	1	(unique, 0x2800, 2)		(unique, 0x2900, 1)
instruction	CODE:4d85	CODE:4dd3	MOVX A,@DPTR	1	read	EXTMEM	1	(unique, 0x2800, 2)		
instruction	CODE:4d85	CODE:4dd9	LCALL 0x1f56	4	write	INTMEM	1	(register, 0x40, 1)		(unique, 0xb400, 1)
instruction	CODE:4d85	CODE:4dd9	LCALL 0x1f56	6	write	INTMEM	1	(register, 0x40, 1)		(unique, 0x1200, 1)
instruction	CODE:4d85	CODE:4ddc	LCALL 0x1d2a	4	write	INTMEM	1	(register, 0x40, 1)		(unique, 0xb400, 1)
instruction	CODE:4d85	CODE:4ddc	LCALL 0x1d2a	6	write	INTMEM	1	(register, 0x40, 1)		(unique, 0x1200, 1)
instruction	CODE:4d85	CODE:4de0	MOVX @DPTR,A	2	write	EXTMEM	1	(unique, 0x2800, 2)		(unique, 0x2900, 1)
instruction	CODE:4d85	CODE:4deb	MOVX A,@DPTR	1	read	EXTMEM	1	(unique, 0x2800, 2)		
instruction	CODE:4d85	CODE:4df0	LCALL 0x1d23	4	write	INTMEM	1	(register, 0x40, 1)		(unique, 0xb400, 1)
instruction	CODE:4d85	CODE:4df0	LCALL 0x1d23	6	write	INTMEM	1	(register, 0x40, 1)		(unique, 0x1200, 1)
instruction	CODE:4d85	CODE:4df4	MOVX @DPTR,A	2	write	EXTMEM	1	(unique, 0x2800, 2)		(unique, 0x2900, 1)
instruction	CODE:4d85	CODE:4df9	MOVX @DPTR,A	2	write	EXTMEM	1	(unique, 0x2800, 2)		(unique, 0x2900, 1)
instruction	CODE:4d85	CODE:4dfd	MOVX A,@DPTR	1	read	EXTMEM	1	(unique, 0x2800, 2)		
instruction	CODE:4d85	CODE:4e02	MOVX A,@DPTR	1	read	EXTMEM	1	(unique, 0x2800, 2)		
instruction	CODE:4d85	CODE:4e0c	MOVX A,@DPTR	1	read	EXTMEM	1	(unique, 0x2800, 2)		
instruction	CODE:4d85	CODE:4e0d	LCALL 0x1d9b	4	write	INTMEM	1	(register, 0x40, 1)		(unique, 0xb400, 1)
instruction	CODE:4d85	CODE:4e0d	LCALL 0x1d9b	6	write	INTMEM	1	(register, 0x40, 1)		(unique, 0x1200, 1)
instruction	CODE:4d85	CODE:4e10	PUSH DPH	1	write	INTMEM	1	(register, 0x40, 1)		(register, 0x82, 1)
instruction	CODE:4d85	CODE:4e12	PUSH DPL	1	write	INTMEM	1	(register, 0x40, 1)		(register, 0x83, 1)
instruction	CODE:4d85	CODE:4e17	MOVX A,@DPTR	1	read	EXTMEM	1	(unique, 0x2800, 2)		
instruction	CODE:4d85	CODE:4e18	POP DPL	0	read	INTMEM	1	(register, 0x40, 1)		
instruction	CODE:4d85	CODE:4e1a	POP DPH	0	read	INTMEM	1	(register, 0x40, 1)		
instruction	CODE:4d85	CODE:4e1c	LCALL 0x1dbf	4	write	INTMEM	1	(register, 0x40, 1)		(unique, 0xb400, 1)
instruction	CODE:4d85	CODE:4e1c	LCALL 0x1dbf	6	write	INTMEM	1	(register, 0x40, 1)		(unique, 0x1200, 1)
instruction	CODE:4d85	CODE:4e1f	LCALL 0xad49	4	write	INTMEM	1	(register, 0x40, 1)		(unique, 0xb400, 1)
instruction	CODE:4d85	CODE:4e1f	LCALL 0xad49	6	write	INTMEM	1	(register, 0x40, 1)		(unique, 0x1200, 1)
instruction	CODE:4d85	CODE:4e8a	LCALL 0x1f30	4	write	INTMEM	1	(register, 0x40, 1)		(unique, 0xb400, 1)
instruction	CODE:4d85	CODE:4e8a	LCALL 0x1f30	6	write	INTMEM	1	(register, 0x40, 1)		(unique, 0x1200, 1)
instruction	CODE:4d85	CODE:4e8d	LCALL 0xa7c3	4	write	INTMEM	1	(register, 0x40, 1)		(unique, 0xb400, 1)
instruction	CODE:4d85	CODE:4e8d	LCALL 0xa7c3	6	write	INTMEM	1	(register, 0x40, 1)		(unique, 0x1200, 1)
instruction	CODE:4d85	CODE:4e90	RET	1	read	INTMEM	1	(register, 0x40, 1)		
instruction	CODE:4d85	CODE:4e90	RET	3	read	INTMEM	1	(register, 0x40, 1)		
instruction	CODE:4e91	CODE:4e95	MOVX @DPTR,A	2	write	EXTMEM	1	(unique, 0x2800, 2)		(unique, 0x2900, 1)
instruction	CODE:4e91	CODE:4e98	MOVX @DPTR,A	2	write	EXTMEM	1	(unique, 0x2800, 2)		(unique, 0x2900, 1)
instruction	CODE:4e91	CODE:4e99	LCALL 0xa595	4	write	INTMEM	1	(register, 0x40, 1)		(unique, 0xb400, 1)
instruction	CODE:4e91	CODE:4e99	LCALL 0xa595	6	write	INTMEM	1	(register, 0x40, 1)		(unique, 0x1200, 1)
instruction	CODE:4e91	CODE:4ea0	LCALL 0x7d84	4	write	INTMEM	1	(register, 0x40, 1)		(unique, 0xb400, 1)
instruction	CODE:4e91	CODE:4ea0	LCALL 0x7d84	6	write	INTMEM	1	(register, 0x40, 1)		(unique, 0x1200, 1)
instruction	CODE:4e91	CODE:4ea7	LCALL 0x87aa	4	write	INTMEM	1	(register, 0x40, 1)		(unique, 0xb400, 1)
instruction	CODE:4e91	CODE:4ea7	LCALL 0x87aa	6	write	INTMEM	1	(register, 0x40, 1)		(unique, 0x1200, 1)
instruction	CODE:4e91	CODE:4ead	MOVX A,@DPTR	1	read	EXTMEM	1	(unique, 0x2800, 2)		
instruction	CODE:4e91	CODE:4eb1	MOVX A,@DPTR	1	read	EXTMEM	1	(unique, 0x2800, 2)		
instruction	CODE:4e91	CODE:4ec4	MOVX A,@DPTR	1	read	EXTMEM	1	(unique, 0x2800, 2)		
instruction	CODE:4e91	CODE:4ec8	MOVX A,@DPTR	1	read	EXTMEM	1	(unique, 0x2800, 2)		
instruction	CODE:4e91	CODE:4ed8	MOVX A,@DPTR	1	read	EXTMEM	1	(unique, 0x2800, 2)		
instruction	CODE:4e91	CODE:4edc	MOVX A,@DPTR	1	read	EXTMEM	1	(unique, 0x2800, 2)		
instruction	CODE:4e91	CODE:4eec	MOVX A,@DPTR	1	read	EXTMEM	1	(unique, 0x2800, 2)		
instruction	CODE:4e91	CODE:4ef0	MOVX A,@DPTR	1	read	EXTMEM	1	(unique, 0x2800, 2)		
instruction	CODE:4e91	CODE:4f00	MOVX A,@DPTR	1	read	EXTMEM	1	(unique, 0x2800, 2)		
instruction	CODE:4e91	CODE:4f04	MOVX A,@DPTR	1	read	EXTMEM	1	(unique, 0x2800, 2)		
instruction	CODE:4e91	CODE:4f14	MOVX A,@DPTR	1	read	EXTMEM	1	(unique, 0x2800, 2)		
instruction	CODE:4e91	CODE:4f18	MOVX A,@DPTR	1	read	EXTMEM	1	(unique, 0x2800, 2)		
instruction	CODE:4e91	CODE:4f28	MOVX A,@DPTR	1	read	EXTMEM	1	(unique, 0x2800, 2)		
instruction	CODE:4e91	CODE:4f2c	MOVX A,@DPTR	1	read	EXTMEM	1	(unique, 0x2800, 2)		
instruction	CODE:4e91	CODE:4f3c	MOVX A,@DPTR	1	read	EXTMEM	1	(unique, 0x2800, 2)		
instruction	CODE:4e91	CODE:4f40	MOVX A,@DPTR	1	read	EXTMEM	1	(unique, 0x2800, 2)		
instruction	CODE:4e91	CODE:4f50	MOVX A,@DPTR	1	read	EXTMEM	1	(unique, 0x2800, 2)		
instruction	CODE:4e91	CODE:4f54	MOVX A,@DPTR	1	read	EXTMEM	1	(unique, 0x2800, 2)		
instruction	CODE:4e91	CODE:4f64	MOVX A,@DPTR	1	read	EXTMEM	1	(unique, 0x2800, 2)		
instruction	CODE:4e91	CODE:4f68	MOVX A,@DPTR	1	read	EXTMEM	1	(unique, 0x2800, 2)		
instruction	CODE:4e91	CODE:4f78	MOVX A,@DPTR	1	read	EXTMEM	1	(unique, 0x2800, 2)		
instruction	CODE:4e91	CODE:4f7c	MOVX A,@DPTR	1	read	EXTMEM	1	(unique, 0x2800, 2)		
instruction	CODE:4e91	CODE:4f90	LCALL 0x7d6d	4	write	INTMEM	1	(register, 0x40, 1)		(unique, 0xb400, 1)
instruction	CODE:4e91	CODE:4f90	LCALL 0x7d6d	6	write	INTMEM	1	(register, 0x40, 1)		(unique, 0x1200, 1)
instruction	CODE:4e91	CODE:4f93	LCALL 0x87aa	4	write	INTMEM	1	(register, 0x40, 1)		(unique, 0xb400, 1)
instruction	CODE:4e91	CODE:4f93	LCALL 0x87aa	6	write	INTMEM	1	(register, 0x40, 1)		(unique, 0x1200, 1)
instruction	CODE:4e91	CODE:4f96	LCALL 0x7d98	4	write	INTMEM	1	(register, 0x40, 1)		(unique, 0xb400, 1)
instruction	CODE:4e91	CODE:4f96	LCALL 0x7d98	6	write	INTMEM	1	(register, 0x40, 1)		(unique, 0x1200, 1)
instruction	CODE:4f9c	CODE:4f9c	LCALL 0x9b12	4	write	INTMEM	1	(register, 0x40, 1)		(unique, 0xb400, 1)
instruction	CODE:4f9c	CODE:4f9c	LCALL 0x9b12	6	write	INTMEM	1	(register, 0x40, 1)		(unique, 0x1200, 1)
instruction	CODE:4f9c	CODE:4fa1	LCALL 0x8a68	4	write	INTMEM	1	(register, 0x40, 1)		(unique, 0xb400, 1)
instruction	CODE:4f9c	CODE:4fa1	LCALL 0x8a68	6	write	INTMEM	1	(register, 0x40, 1)		(unique, 0x1200, 1)
instruction	CODE:4f9c	CODE:4fa4	LCALL 0x88c5	4	write	INTMEM	1	(register, 0x40, 1)		(unique, 0xb400, 1)
instruction	CODE:4f9c	CODE:4fa4	LCALL 0x88c5	6	write	INTMEM	1	(register, 0x40, 1)		(unique, 0x1200, 1)
instruction	CODE:4f9c	CODE:4fa9	MOV A,@R0	0	read	INTMEM	1	(register, 0x0, 1)		
instruction	CODE:4f9c	CODE:4fab	LCALL 0x97db	4	write	INTMEM	1	(register, 0x40, 1)		(unique, 0xb400, 1)
instruction	CODE:4f9c	CODE:4fab	LCALL 0x97db	6	write	INTMEM	1	(register, 0x40, 1)		(unique, 0x1200, 1)
instruction	CODE:4f9c	CODE:4fae	MOVX A,@DPTR	1	read	EXTMEM	1	(unique, 0x2800, 2)		
instruction	CODE:4f9c	CODE:4fb7	LCALL 0x97dd	4	write	INTMEM	1	(register, 0x40, 1)		(unique, 0xb400, 1)
instruction	CODE:4f9c	CODE:4fb7	LCALL 0x97dd	6	write	INTMEM	1	(register, 0x40, 1)		(unique, 0x1200, 1)
instruction	CODE:4f9c	CODE:4fba	MOVX A,@DPTR	1	read	EXTMEM	1	(unique, 0x2800, 2)		
instruction	CODE:4f9c	CODE:4fbc	MOVX @DPTR,A	2	write	EXTMEM	1	(unique, 0x2800, 2)		(unique, 0x2900, 1)
instruction	CODE:4f9c	CODE:4fbf	LCALL 0x7a1a	4	write	INTMEM	1	(register, 0x40, 1)		(unique, 0xb400, 1)
instruction	CODE:4f9c	CODE:4fbf	LCALL 0x7a1a	6	write	INTMEM	1	(register, 0x40, 1)		(unique, 0x1200, 1)
instruction	CODE:4f9c	CODE:4fc4	MOV A,@R0	0	read	INTMEM	1	(register, 0x0, 1)		
instruction	CODE:4f9c	CODE:4fd1	MOV A,@R0	0	read	INTMEM	1	(register, 0x0, 1)		
instruction	CODE:4f9c	CODE:4fd3	LCALL 0xa139	4	write	INTMEM	1	(register, 0x40, 1)		(unique, 0xb400, 1)
instruction	CODE:4f9c	CODE:4fd3	LCALL 0xa139	6	write	INTMEM	1	(register, 0x40, 1)		(unique, 0x1200, 1)
instruction	CODE:4f9c	CODE:4fd8	LCALL 0x97cc	4	write	INTMEM	1	(register, 0x40, 1)		(unique, 0xb400, 1)
instruction	CODE:4f9c	CODE:4fd8	LCALL 0x97cc	6	write	INTMEM	1	(register, 0x40, 1)		(unique, 0x1200, 1)
instruction	CODE:4f9c	CODE:4fdb	MOVX A,@DPTR	1	read	EXTMEM	1	(unique, 0x2800, 2)		
instruction	CODE:4f9c	CODE:4fde	MOVX A,@DPTR	1	read	EXTMEM	1	(unique, 0x2800, 2)		
instruction	CODE:4f9c	CODE:4fec	LCALL 0x97cc	4	write	INTMEM	1	(register, 0x40, 1)		(unique, 0xb400, 1)
instruction	CODE:4f9c	CODE:4fec	LCALL 0x97cc	6	write	INTMEM	1	(register, 0x40, 1)		(unique, 0x1200, 1)
instruction	CODE:4f9c	CODE:4ff6	LCALL 0x97cc	4	write	INTMEM	1	(register, 0x40, 1)		(unique, 0xb400, 1)
instruction	CODE:4f9c	CODE:4ff6	LCALL 0x97cc	6	write	INTMEM	1	(register, 0x40, 1)		(unique, 0x1200, 1)
instruction	CODE:4f9c	CODE:4ffa	MOVX @DPTR,A	2	write	EXTMEM	1	(unique, 0x2800, 2)		(unique, 0x2900, 1)
instruction	CODE:4f9c	CODE:4ffc	MOVX @DPTR,A	2	write	EXTMEM	1	(unique, 0x2800, 2)		(unique, 0x2900, 1)
instruction	CODE:4f9c	CODE:4ffd	RET	1	read	INTMEM	1	(register, 0x40, 1)		
instruction	CODE:4f9c	CODE:4ffd	RET	3	read	INTMEM	1	(register, 0x40, 1)		
instruction	CODE:4ffe	CODE:4ffe	RET	1	read	INTMEM	1	(register, 0x40, 1)		
instruction	CODE:4ffe	CODE:4ffe	RET	3	read	INTMEM	1	(register, 0x40, 1)		
instruction	CODE:4fff	CODE:4fff	RETI	1	read	INTMEM	1	(register, 0x40, 1)		
instruction	CODE:4fff	CODE:4fff	RETI	3	read	INTMEM	1	(register, 0x40, 1)		
instruction	CODE:5000	CODE:5009	MOVX A,@DPTR	1	read	EXTMEM	1	(unique, 0x2800, 2)		
instruction	CODE:5000	CODE:5018	LCALL 0xaed0	4	write	INTMEM	1	(register, 0x40, 1)		(unique, 0xb400, 1)
instruction	CODE:5000	CODE:5018	LCALL 0xaed0	6	write	INTMEM	1	(register, 0x40, 1)		(unique, 0x1200, 1)
instruction	CODE:5000	CODE:501f	MOVX @DPTR,A	2	write	EXTMEM	1	(unique, 0x2800, 2)		(unique, 0x2900, 1)
instruction	CODE:5000	CODE:5022	MOVX @DPTR,A	2	write	EXTMEM	1	(unique, 0x2800, 2)		(unique, 0x2900, 1)
instruction	CODE:5000	CODE:5026	MOVX A,@DPTR	1	read	EXTMEM	1	(unique, 0x2800, 2)		
instruction	CODE:5000	CODE:5029	MOVX A,@DPTR	1	read	EXTMEM	1	(unique, 0x2800, 2)		
instruction	CODE:5000	CODE:5030	MOVX A,@DPTR	1	read	EXTMEM	1	(unique, 0x2800, 2)		
instruction	CODE:5000	CODE:5035	MOVX A,@DPTR	1	read	EXTMEM	1	(unique, 0x2800, 2)		
instruction	CODE:5000	CODE:503b	LCALL 0xaed0	4	write	INTMEM	1	(register, 0x40, 1)		(unique, 0xb400, 1)
instruction	CODE:5000	CODE:503b	LCALL 0xaed0	6	write	INTMEM	1	(register, 0x40, 1)		(unique, 0x1200, 1)
instruction	CODE:5000	CODE:5042	MOVX @DPTR,A	2	write	EXTMEM	1	(unique, 0x2800, 2)		(unique, 0x2900, 1)
instruction	CODE:5000	CODE:5045	MOVX @DPTR,A	2	write	EXTMEM	1	(unique, 0x2800, 2)		(unique, 0x2900, 1)
instruction	CODE:5000	CODE:5048	RET	1	read	INTMEM	1	(register, 0x40, 1)		
instruction	CODE:5000	CODE:5048	RET	3	read	INTMEM	1	(register, 0x40, 1)		
instruction	CODE:5049	CODE:504c	MOVX A,@DPTR	1	read	EXTMEM	1	(unique, 0x2800, 2)		
instruction	CODE:5049	CODE:504f	MOVX A,@DPTR	1	read	EXTMEM	1	(unique, 0x2800, 2)		
instruction	CODE:5049	CODE:5058	MOVX A,@DPTR	1	read	EXTMEM	1	(unique, 0x2800, 2)		
instruction	CODE:5049	CODE:505d	RET	1	read	INTMEM	1	(register, 0x40, 1)		
instruction	CODE:5049	CODE:505d	RET	3	read	INTMEM	1	(register, 0x40, 1)		
instruction	CODE:506b	CODE:506d	MOV A,@R0	0	read	INTMEM	1	(register, 0x0, 1)		
instruction	CODE:506b	CODE:5077	RET	1	read	INTMEM	1	(register, 0x40, 1)		
instruction	CODE:506b	CODE:5077	RET	3	read	INTMEM	1	(register, 0x40, 1)		
instruction	CODE:5078	CODE:507a	MOV A,@R0	0	read	INTMEM	1	(register, 0x0, 1)		
instruction	CODE:507d	CODE:5084	RET	1	read	INTMEM	1	(register, 0x40, 1)		
instruction	CODE:507d	CODE:5084	RET	3	read	INTMEM	1	(register, 0x40, 1)		
instruction	CODE:5085	CODE:5087	MOV A,@R0	0	read	INTMEM	1	(register, 0x0, 1)		
instruction	CODE:5088	CODE:5091	RET	1	read	INTMEM	1	(register, 0x40, 1)		
instruction	CODE:5088	CODE:5091	RET	3	read	INTMEM	1	(register, 0x40, 1)		
instruction	CODE:5092	CODE:5094	MOV A,@R0	0	read	INTMEM	1	(register, 0x0, 1)		
instruction	CODE:5092	CODE:50a0	RET	1	read	INTMEM	1	(register, 0x40, 1)		
instruction	CODE:5092	CODE:50a0	RET	3	read	INTMEM	1	(register, 0x40, 1)		
instruction	CODE:50a1	CODE:50a3	MOV A,@R0	0	read	INTMEM	1	(register, 0x0, 1)		
instruction	CODE:50a1	CODE:50a7	RET	1	read	INTMEM	1	(register, 0x40, 1)		
instruction	CODE:50a1	CODE:50a7	RET	3	read	INTMEM	1	(register, 0x40, 1)		
instruction	CODE:50a8	CODE:50aa	MOV A,@R0	0	read	INTMEM	1	(register, 0x0, 1)		
instruction	CODE:50ab	CODE:50b4	RET	1	read	INTMEM	1	(register, 0x40, 1)		
instruction	CODE:50ab	CODE:50b4	RET	3	read	INTMEM	1	(register, 0x40, 1)		
instruction	CODE:50c8	CODE:50cd	MOVX @DPTR,A	2	write	EXTMEM	1	(unique, 0x2800, 2)		(unique, 0x2900, 1)
instruction	CODE:50c8	CODE:50d1	MOVX @DPTR,A	2	write	EXTMEM	1	(unique, 0x2800, 2)		(unique, 0x2900, 1)
instruction	CODE:50c8	CODE:50d2	RET	1	read	INTMEM	1	(register, 0x40, 1)		
instruction	CODE:50c8	CODE:50d2	RET	3	read	INTMEM	1	(register, 0x40, 1)		
instruction	CODE:50e1	CODE:50e3	MOV A,@R0	0	read	INTMEM	1	(register, 0x0, 1)		
instruction	CODE:50e1	CODE:50ed	RET	1	read	INTMEM	1	(register, 0x40, 1)		
instruction	CODE:50e1	CODE:50ed	RET	3	read	INTMEM	1	(register, 0x40, 1)		
instruction	CODE:50ee	CODE:50f0	MOV A,@R0	0	read	INTMEM	1	(register, 0x0, 1)		
instruction	CODE:50ee	CODE:50fa	RET	1	read	INTMEM	1	(register, 0x40, 1)		
instruction	CODE:50ee	CODE:50fa	RET	3	read	INTMEM	1	(register, 0x40, 1)		
instruction	CODE:50fb	CODE:50fb	PUSH A	1	write	INTMEM	1	(register, 0x40, 1)		(register, 0xb, 1)
instruction	CODE:50fb	CODE:50fd	PUSH B	1	write	INTMEM	1	(register, 0x40, 1)		(register, 0xa, 1)
instruction	CODE:50fb	CODE:50ff	PUSH DPH	1	write	INTMEM	1	(register, 0x40, 1)		(register, 0x82, 1)
instruction	CODE:50fb	CODE:5101	PUSH DPL	1	write	INTMEM	1	(register, 0x40, 1)		(register, 0x83, 1)
instruction	CODE:50fb	CODE:5103	PUSH PSW	1	write	INTMEM	1	(register, 0x40, 1)		(register, 0x48, 1)
instruction	CODE:50fb	CODE:5108	PUSH 0x00	1	write	INTMEM	1	(register, 0x40, 1)		mem[INTMEM:00]
instruction	CODE:50fb	CODE:510a	PUSH 0x01	1	write	INTMEM	1	(register, 0x40, 1)		mem[INTMEM:01]
instruction	CODE:50fb	CODE:510c	PUSH 0x02	1	write	INTMEM	1	(register, 0x40, 1)		mem[INTMEM:02]
instruction	CODE:50fb	CODE:510e	PUSH 0x03	1	write	INTMEM	1	(register, 0x40, 1)		mem[INTMEM:03]
instruction	CODE:50fb	CODE:5110	PUSH 0x04	1	write	INTMEM	1	(register, 0x40, 1)		mem[INTMEM:04]
instruction	CODE:50fb	CODE:5112	PUSH 0x05	1	write	INTMEM	1	(register, 0x40, 1)		mem[INTMEM:05]
instruction	CODE:50fb	CODE:5114	PUSH 0x06	1	write	INTMEM	1	(register, 0x40, 1)		mem[INTMEM:06]
instruction	CODE:50fb	CODE:5116	PUSH 0x07	1	write	INTMEM	1	(register, 0x40, 1)		mem[INTMEM:07]
instruction	CODE:50fb	CODE:511b	MOVX A,@DPTR	1	read	EXTMEM	1	(unique, 0x2800, 2)		
instruction	CODE:50fb	CODE:511f	MOVX @DPTR,A	2	write	EXTMEM	1	(unique, 0x2800, 2)		(unique, 0x2900, 1)
instruction	CODE:50fb	CODE:5123	MOVX A,@DPTR	1	read	EXTMEM	1	(unique, 0x2800, 2)		
instruction	CODE:50fb	CODE:5127	MOVX @DPTR,A	2	write	EXTMEM	1	(unique, 0x2800, 2)		(unique, 0x2900, 1)
instruction	CODE:50fb	CODE:512b	MOVX A,@DPTR	1	read	EXTMEM	1	(unique, 0x2800, 2)		
instruction	CODE:50fb	CODE:5131	MOVX A,@DPTR	1	read	EXTMEM	1	(unique, 0x2800, 2)		
instruction	CODE:50fb	CODE:5139	LCALL 0xa47b	4	write	INTMEM	1	(register, 0x40, 1)		(unique, 0xb400, 1)
instruction	CODE:50fb	CODE:5139	LCALL 0xa47b	6	write	INTMEM	1	(register, 0x40, 1)		(unique, 0x1200, 1)
instruction	CODE:50fb	CODE:5141	MOVX @DPTR,A	2	write	EXTMEM	1	(unique, 0x2800, 2)		(unique, 0x2900, 1)
instruction	CODE:50fb	CODE:5144	MOV @R0,#0x0	1	write	INTMEM	1	(register, 0x0, 1)		(unique, 0x2a00, 1)
instruction	CODE:50fb	CODE:514a	LCALL 0x957e	4	write	INTMEM	1	(register, 0x40, 1)		(unique, 0xb400, 1)
instruction	CODE:50fb	CODE:514a	LCALL 0x957e	6	write	INTMEM	1	(register, 0x40, 1)		(unique, 0x1200, 1)
instruction	CODE:50fb	CODE:5150	MOVX A,@DPTR	1	read	EXTMEM	1	(unique, 0x2800, 2)		
instruction	CODE:50fb	CODE:5158	MOVX A,@DPTR	1	read	EXTMEM	1	(unique, 0x2800, 2)		
instruction	CODE:50fb	CODE:515b	MOVX @DPTR,A	2	write	EXTMEM	1	(unique, 0x2800, 2)		(unique, 0x2900, 1)
instruction	CODE:50fb	CODE:515e	MOV @R0,#0x0	1	write	INTMEM	1	(register, 0x0, 1)		(unique, 0x2a00, 1)
instruction	CODE:50fb	CODE:5164	LCALL 0x957e	4	write	INTMEM	1	(register, 0x40, 1)		(unique, 0xb400, 1)
instruction	CODE:50fb	CODE:5164	LCALL 0x957e	6	write	INTMEM	1	(register, 0x40, 1)		(unique, 0x1200, 1)
instruction	CODE:50fb	CODE:516a	MOVX A,@DPTR	1	read	EXTMEM	1	(unique, 0x2800, 2)		
instruction	CODE:50fb	CODE:5170	MOVX A,@DPTR	1	read	EXTMEM	1	(unique, 0x2800, 2)		
instruction	CODE:50fb	CODE:5178	MOVX A,@DPTR	1	read	EXTMEM	1	(unique, 0x2800, 2)		
instruction	CODE:50fb	CODE:517b	MOVX @DPTR,A	2	write	EXTMEM	1	(unique, 0x2800, 2)		(unique, 0x2900, 1)
instruction	CODE:50fb	CODE:517d	MOVX A,@DPTR	1	read	EXTMEM	1	(unique, 0x2800, 2)		
instruction	CODE:50fb	CODE:5180	MOVX @DPTR,A	2	write	EXTMEM	1	(unique, 0x2800, 2)		(unique, 0x2900, 1)
instruction	CODE:50fb	CODE:5186	MOVX @DPTR,A	2	write	EXTMEM	1	(unique, 0x2800, 2)		(unique, 0x2900, 1)
instruction	CODE:50fb	CODE:5189	MOV @R0,#0x1	1	write	INTMEM	1	(register, 0x0, 1)		(unique, 0x2a00, 1)
instruction	CODE:50fb	CODE:518f	LCALL 0x957e	4	write	INTMEM	1	(register, 0x40, 1)		(unique, 0xb400, 1)
instruction	CODE:50fb	CODE:518f	LCALL 0x957e	6	write	INTMEM	1	(register, 0x40, 1)		(unique, 0x1200, 1)
instruction	CODE:50fb	CODE:5195	MOVX A,@DPTR	1	read	EXTMEM	1	(unique, 0x2800, 2)		
instruction	CODE:50fb	CODE:519d	MOVX A,@DPTR	1	read	EXTMEM	1	(unique, 0x2800, 2)		
instruction	CODE:50fb	CODE:51a0	MOVX @DPTR,A	2	write	EXTMEM	1	(unique, 0x2800, 2)		(unique, 0x2900, 1)
instruction	CODE:50fb	CODE:51a3	MOV @R0,#0x1	1	write	INTMEM	1	(register, 0x0, 1)		(unique, 0x2a00, 1)
instruction	CODE:50fb	CODE:51a9	LCALL 0x957e	4	write	INTMEM	1	(register, 0x40, 1)		(unique, 0xb400, 1)
instruction	CODE:50fb	CODE:51a9	LCALL 0x957e	6	write	INTMEM	1	(register, 0x40, 1)		(unique, 0x1200, 1)
instruction	CODE:50fb	CODE:51af	PUSH DPH	1	write	INTMEM	1	(register, 0x40, 1)		(register, 0x82, 1)
instruction	CODE:50fb	CODE:51b1	PUSH DPL	1	write	INTMEM	1	(register, 0x40, 1)		(register, 0x83, 1)
instruction	CODE:50fb	CODE:51b3	MOVX A,@DPTR	1	read	EXTMEM	1	(unique, 0x2800, 2)		
instruction	CODE:50fb	CODE:51b8	MOVX A,@DPTR	1	read	EXTMEM	1	(unique, 0x2800, 2)		
instruction	CODE:50fb	CODE:51bd	POP DPL	0	read	INTMEM	1	(register, 0x40, 1)		
instruction	CODE:50fb	CODE:51bf	POP DPH	0	read	INTMEM	1	(register, 0x40, 1)		
instruction	CODE:50fb	CODE:51c1	MOVX @DPTR,A	2	write	EXTMEM	1	(unique, 0x2800, 2)		(unique, 0x2900, 1)
instruction	CODE:50fb	CODE:51c5	PUSH DPH	1	write	INTMEM	1	(register, 0x40, 1)		(register, 0x82, 1)
instruction	CODE:50fb	CODE:51c7	PUSH DPL	1	write	INTMEM	1	(register, 0x40, 1)		(register, 0x83, 1)
instruction	CODE:50fb	CODE:51c9	MOVX A,@DPTR	1	read	EXTMEM	1	(unique, 0x2800, 2)		
instruction	CODE:50fb	CODE:51ce	MOVX A,@DPTR	1	read	EXTMEM	1	(unique, 0x2800, 2)		
instruction	CODE:50fb	CODE:51d3	POP DPL	0	read	INTMEM	1	(register, 0x40, 1)		
instruction	CODE:50fb	CODE:51d5	POP DPH	0	read	INTMEM	1	(register, 0x40, 1)		
instruction	CODE:50fb	CODE:51d7	MOVX @DPTR,A	2	write	EXTMEM	1	(unique, 0x2800, 2)		(unique, 0x2900, 1)
instruction	CODE:50fb	CODE:51da	POP 0x07	0	read	INTMEM	1	(register, 0x40, 1)		
instruction	CODE:50fb	CODE:51dc	POP 0x06	0	read	INTMEM	1	(register, 0x40, 1)		
instruction	CODE:50fb	CODE:51de	POP 0x05	0	read	INTMEM	1	(register, 0x40, 1)		
instruction	CODE:50fb	CODE:51e0	POP 0x04	0	read	INTMEM	1	(register, 0x40, 1)		
instruction	CODE:50fb	CODE:51e2	POP 0x03	0	read	INTMEM	1	(register, 0x40, 1)		
instruction	CODE:50fb	CODE:51e4	POP 0x02	0	read	INTMEM	1	(register, 0x40, 1)		
instruction	CODE:50fb	CODE:51e6	POP 0x01	0	read	INTMEM	1	(register, 0x40, 1)		
instruction	CODE:50fb	CODE:51e8	POP 0x00	0	read	INTMEM	1	(register, 0x40, 1)		
instruction	CODE:50fb	CODE:51ea	POP PSW	0	read	INTMEM	1	(register, 0x40, 1)		
instruction	CODE:50fb	CODE:51ec	POP DPL	0	read	INTMEM	1	(register, 0x40, 1)		
instruction	CODE:50fb	CODE:51ee	POP DPH	0	read	INTMEM	1	(register, 0x40, 1)		
instruction	CODE:50fb	CODE:51f0	POP B	0	read	INTMEM	1	(register, 0x40, 1)		
instruction	CODE:50fb	CODE:51f2	POP A	0	read	INTMEM	1	(register, 0x40, 1)		
instruction	CODE:50fb	CODE:51f4	RETI	1	read	INTMEM	1	(register, 0x40, 1)		
instruction	CODE:50fb	CODE:51f4	RETI	3	read	INTMEM	1	(register, 0x40, 1)		
instruction	CODE:51f5	CODE:51f7	MOV A,@R0	0	read	INTMEM	1	(register, 0x0, 1)		
instruction	CODE:51f5	CODE:5206	MOV A,@R0	0	read	INTMEM	1	(register, 0x0, 1)		
instruction	CODE:51f5	CODE:5207	LCALL 0xae53	4	write	INTMEM	1	(register, 0x40, 1)		(unique, 0xb400, 1)
instruction	CODE:51f5	CODE:5207	LCALL 0xae53	6	write	INTMEM	1	(register, 0x40, 1)		(unique, 0x1200, 1)
instruction	CODE:51f5	CODE:5249	RET	1	read	INTMEM	1	(register, 0x40, 1)		
instruction	CODE:51f5	CODE:5249	RET	3	read	INTMEM	1	(register, 0x40, 1)		
instruction	CODE:51f5	CODE:524c	RET	1	read	INTMEM	1	(register, 0x40, 1)		
instruction	CODE:51f5	CODE:524c	RET	3	read	INTMEM	1	(register, 0x40, 1)		
instruction	CODE:51f5	CODE:524f	RET	1	read	INTMEM	1	(register, 0x40, 1)		
instruction	CODE:51f5	CODE:524f	RET	3	read	INTMEM	1	(register, 0x40, 1)		
instruction	CODE:51f5	CODE:5252	RET	1	read	INTMEM	1	(register, 0x40, 1)		
instruction	CODE:51f5	CODE:5252	RET	3	read	INTMEM	1	(register, 0x40, 1)		
instruction	CODE:51f5	CODE:5255	RET	1	read	INTMEM	1	(register, 0x40, 1)		
instruction	CODE:51f5	CODE:5255	RET	3	read	INTMEM	1	(register, 0x40, 1)		
instruction	CODE:51f5	CODE:5258	RET	1	read	INTMEM	1	(register, 0x40, 1)		
instruction	CODE:51f5	CODE:5258	RET	3	read	INTMEM	1	(register, 0x40, 1)		
instruction	CODE:51f5	CODE:525b	RET	1	read	INTMEM	1	(register, 0x40, 1)		
instruction	CODE:51f5	CODE:525b	RET	3	read	INTMEM	1	(register, 0x40, 1)		
instruction	CODE:51f5	CODE:525e	LCALL 0xa340	4	write	INTMEM	1	(register, 0x40, 1)		(unique, 0xb400, 1)
instruction	CODE:51f5	CODE:525e	LCALL 0xa340	6	write	INTMEM	1	(register, 0x40, 1)		(unique, 0x1200, 1)
instruction	CODE:51f5	CODE:5267	RET	1	read	INTMEM	1	(register, 0x40, 1)		
instruction	CODE:51f5	CODE:5267	RET	3	read	INTMEM	1	(register, 0x40, 1)		
instruction	CODE:51f5	CODE:5268	LCALL 0xa48f	4	write	INTMEM	1	(register, 0x40, 1)		(unique, 0xb400, 1)
instruction	CODE:51f5	CODE:5268	LCALL 0xa48f	6	write	INTMEM	1	(register, 0x40, 1)		(unique, 0x1200, 1)
instruction	CODE:51f5	CODE:5276	RET	1	read	INTMEM	1	(register, 0x40, 1)		
instruction	CODE:51f5	CODE:5276	RET	3	read	INTMEM	1	(register, 0x40, 1)		
instruction	CODE:51f5	CODE:5279	RET	1	read	INTMEM	1	(register, 0x40, 1)		
instruction	CODE:51f5	CODE:5279	RET	3	read	INTMEM	1	(register, 0x40, 1)		
instruction	CODE:51f5	CODE:527a	LCALL 0xa283	4	write	INTMEM	1	(register, 0x40, 1)		(unique, 0xb400, 1)
instruction	CODE:51f5	CODE:527a	LCALL 0xa283	6	write	INTMEM	1	(register, 0x40, 1)		(unique, 0x1200, 1)
instruction	CODE:51f5	CODE:5284	RET	1	read	INTMEM	1	(register, 0x40, 1)		
instruction	CODE:51f5	CODE:5284	RET	3	read	INTMEM	1	(register, 0x40, 1)		
instruction	CODE:51f5	CODE:5287	RET	1	read	INTMEM	1	(register, 0x40, 1)		
instruction	CODE:51f5	CODE:5287	RET	3	read	INTMEM	1	(register, 0x40, 1)		
instruction	CODE:51f5	CODE:528a	RET	1	read	INTMEM	1	(register, 0x40, 1)		
instruction	CODE:51f5	CODE:528a	RET	3	read	INTMEM	1	(register, 0x40, 1)		
instruction	CODE:51f5	CODE:528d	RET	1	read	INTMEM	1	(register, 0x40, 1)		
instruction	CODE:51f5	CODE:528d	RET	3	read	INTMEM	1	(register, 0x40, 1)		
instruction	CODE:51f5	CODE:5290	RET	1	read	INTMEM	1	(register, 0x40, 1)		
instruction	CODE:51f5	CODE:5290	RET	3	read	INTMEM	1	(register, 0x40, 1)		
instruction	CODE:51f5	CODE:5293	RET	1	read	INTMEM	1	(register, 0x40, 1)		
instruction	CODE:51f5	CODE:5293	RET	3	read	INTMEM	1	(register, 0x40, 1)		
instruction	CODE:51f5	CODE:5296	RET	1	read	INTMEM	1	(register, 0x40, 1)		
instruction	CODE:51f5	CODE:5296	RET	3	read	INTMEM	1	(register, 0x40, 1)		
instruction	CODE:51f5	CODE:5299	RET	1	read	INTMEM	1	(register, 0x40, 1)		
instruction	CODE:51f5	CODE:5299	RET	3	read	INTMEM	1	(register, 0x40, 1)		
instruction	CODE:51f5	CODE:529c	RET	1	read	INTMEM	1	(register, 0x40, 1)		
instruction	CODE:51f5	CODE:529c	RET	3	read	INTMEM	1	(register, 0x40, 1)		
instruction	CODE:51f5	CODE:529f	RET	1	read	INTMEM	1	(register, 0x40, 1)		
instruction	CODE:51f5	CODE:529f	RET	3	read	INTMEM	1	(register, 0x40, 1)		
instruction	CODE:51f5	CODE:52a2	MOV A,@R0	0	read	INTMEM	1	(register, 0x0, 1)		
instruction	CODE:51f5	CODE:52af	RET	1	read	INTMEM	1	(register, 0x40, 1)		
instruction	CODE:51f5	CODE:52af	RET	3	read	INTMEM	1	(register, 0x40, 1)		
instruction	CODE:51f5	CODE:52b2	LCALL 0xa340	4	write	INTMEM	1	(register, 0x40, 1)		(unique, 0xb400, 1)
instruction	CODE:51f5	CODE:52b2	LCALL 0xa340	6	write	INTMEM	1	(register, 0x40, 1)		(unique, 0x1200, 1)
instruction	CODE:51f5	CODE:52b9	RET	1	read	INTMEM	1	(register, 0x40, 1)		
instruction	CODE:51f5	CODE:52b9	RET	3	read	INTMEM	1	(register, 0x40, 1)		
instruction	CODE:51f5	CODE:52bc	RET	1	read	INTMEM	1	(register, 0x40, 1)		
instruction	CODE:51f5	CODE:52bc	RET	3	read	INTMEM	1	(register, 0x40, 1)		
instruction	CODE:51f5	CODE:52bf	MOV A,@R0	0	read	INTMEM	1	(register, 0x0, 1)		
instruction	CODE:51f5	CODE:52d1	RET	1	read	INTMEM	1	(register, 0x40, 1)		
instruction	CODE:51f5	CODE:52d1	RET	3	read	INTMEM	1	(register, 0x40, 1)		
instruction	CODE:51f5	CODE:52d4	RET	1	read	INTMEM	1	(register, 0x40, 1)		
instruction	CODE:51f5	CODE:52d4	RET	3	read	INTMEM	1	(register, 0x40, 1)		
instruction	CODE:51f5	CODE:52d7	RET	1	read	INTMEM	1	(register, 0x40, 1)		
instruction	CODE:51f5	CODE:52d7	RET	3	read	INTMEM	1	(register, 0x40, 1)		
instruction	CODE:51f5	CODE:52da	LCALL 0xa607	4	write	INTMEM	1	(register, 0x40, 1)		(unique, 0xb400, 1)
instruction	CODE:51f5	CODE:52da	LCALL 0xa607	6	write	INTMEM	1	(register, 0x40, 1)		(unique, 0x1200, 1)
instruction	CODE:51f5	CODE:52e1	RET	1	read	INTMEM	1	(register, 0x40, 1)		
instruction	CODE:51f5	CODE:52e1	RET	3	read	INTMEM	1	(register, 0x40, 1)		
instruction	CODE:51f5	CODE:52e4	LCALL 0xa607	4	write	INTMEM	1	(register, 0x40, 1)		(unique, 0xb400, 1)
instruction	CODE:51f5	CODE:52e4	LCALL 0xa607	6	write	INTMEM	1	(register, 0x40, 1)		(unique, 0x1200, 1)
instruction	CODE:51f5	CODE:52eb	RET	1	read	INTMEM	1	(register, 0x40, 1)		
instruction	CODE:51f5	CODE:52eb	RET	3	read	INTMEM	1	(register, 0x40, 1)		
instruction	CODE:51f5	CODE:52ee	RET	1	read	INTMEM	1	(register, 0x40, 1)		
instruction	CODE:51f5	CODE:52ee	RET	3	read	INTMEM	1	(register, 0x40, 1)		
instruction	CODE:52ef	CODE:52f2	LCALL 0x7d83	4	write	INTMEM	1	(register, 0x40, 1)		(unique, 0xb400, 1)
instruction	CODE:52ef	CODE:52f2	LCALL 0x7d83	6	write	INTMEM	1	(register, 0x40, 1)		(unique, 0x1200, 1)
instruction	CODE:52ef	CODE:52f9	LCALL 0x87aa	4	write	INTMEM	1	(register, 0x40, 1)		(unique, 0xb400, 1)
instruction	CODE:52ef	CODE:52f9	LCALL 0x87aa	6	write	INTMEM	1	(register, 0x40, 1)		(unique, 0x1200, 1)
instruction	CODE:52ef	CODE:52ff	MOVX A,@DPTR	1	read	EXTMEM	1	(unique, 0x2800, 2)		
instruction	CODE:52ef	CODE:5303	MOVX A,@DPTR	1	read	EXTMEM	1	(unique, 0x2800, 2)		
instruction	CODE:52ef	CODE:5313	MOVX A,@DPTR	1	read	EXTMEM	1	(unique, 0x2800, 2)		
instruction	CODE:52ef	CODE:5317	MOVX A,@DPTR	1	read	EXTMEM	1	(unique, 0x2800, 2)		
instruction	CODE:52ef	CODE:5327	MOVX A,@DPTR	1	read	EXTMEM	1	(unique, 0x2800, 2)		
instruction	CODE:52ef	CODE:532b	MOVX A,@DPTR	1	read	EXTMEM	1	(unique, 0x2800, 2)		
instruction	CODE:52ef	CODE:533b	MOVX A,@DPTR	1	read	EXTMEM	1	(unique, 0x2800, 2)		
instruction	CODE:52ef	CODE:533f	MOVX A,@DPTR	1	read	EXTMEM	1	(unique, 0x2800, 2)		
instruction	CODE:52ef	CODE:534f	MOVX A,@DPTR	1	read	EXTMEM	1	(unique, 0x2800, 2)		
instruction	CODE:52ef	CODE:5353	MOVX A,@DPTR	1	read	EXTMEM	1	(unique, 0x2800, 2)		
instruction	CODE:52ef	CODE:5363	MOVX A,@DPTR	1	read	EXTMEM	1	(unique, 0x2800, 2)		
instruction	CODE:52ef	CODE:5367	MOVX A,@DPTR	1	read	EXTMEM	1	(unique, 0x2800, 2)		
instruction	CODE:52ef	CODE:5377	MOVX A,@DPTR	1	read	EXTMEM	1	(unique, 0x2800, 2)		
instruction	CODE:52ef	CODE:537b	MOVX A,@DPTR	1	read	EXTMEM	1	(unique, 0x2800, 2)		
instruction	CODE:52ef	CODE:538b	MOVX A,@DPTR	1	read	EXTMEM	1	(unique, 0x2800, 2)		
instruction	CODE:52ef	CODE:538f	MOVX A,@DPTR	1	read	EXTMEM	1	(unique, 0x2800, 2)		
instruction	CODE:52ef	CODE:539f	MOVX A,@DPTR	1	read	EXTMEM	1	(unique, 0x2800, 2)		
instruction	CODE:52ef	CODE:53a3	MOVX A,@DPTR	1	read	EXTMEM	1	(unique, 0x2800, 2)		
instruction	CODE:52ef	CODE:53b3	MOVX A,@DPTR	1	read	EXTMEM	1	(unique, 0x2800, 2)		
instruction	CODE:52ef	CODE:53b7	MOVX A,@DPTR	1	read	EXTMEM	1	(unique, 0x2800, 2)		
instruction	CODE:52ef	CODE:53c7	MOVX A,@DPTR	1	read	EXTMEM	1	(unique, 0x2800, 2)		
instruction	CODE:52ef	CODE:53cb	MOVX A,@DPTR	1	read	EXTMEM	1	(unique, 0x2800, 2)		
instruction	CODE:52ef	CODE:53db	LCALL 0x7d69	4	write	INTMEM	1	(register, 0x40, 1)		(unique, 0xb400, 1)
instruction	CODE:52ef	CODE:53db	LCALL 0x7d69	6	write	INTMEM	1	(register, 0x40, 1)		(unique, 0x1200, 1)
instruction	CODE:52ef	CODE:53de	LCALL 0x87aa	4	write	INTMEM	1	(register, 0x40, 1)		(unique, 0xb400, 1)
instruction	CODE:52ef	CODE:53de	LCALL 0x87aa	6	write	INTMEM	1	(register, 0x40, 1)		(unique, 0x1200, 1)
instruction	CODE:52ef	CODE:53e1	LCALL 0x7d98	4	write	INTMEM	1	(register, 0x40, 1)		(unique, 0xb400, 1)
instruction	CODE:52ef	CODE:53e1	LCALL 0x7d98	6	write	INTMEM	1	(register, 0x40, 1)		(unique, 0x1200, 1)
instruction	CODE:53ea	CODE:53ea	LCALL 0xadf3	4	write	INTMEM	1	(register, 0x40, 1)		(unique, 0xb400, 1)
instruction	CODE:53ea	CODE:53ea	LCALL 0xadf3	6	write	INTMEM	1	(register, 0x40, 1)		(unique, 0x1200, 1)
instruction	CODE:53fa	CODE:5400	LCALL 0xadfc	4	write	INTMEM	1	(register, 0x40, 1)		(unique, 0xb400, 1)
instruction	CODE:53fa	CODE:5400	LCALL 0xadfc	6	write	INTMEM	1	(register, 0x40, 1)		(unique, 0x1200, 1)
instruction	CODE:53fa	CODE:5403	LCALL 0xaa99	4	write	INTMEM	1	(register, 0x40, 1)		(unique, 0xb400, 1)
instruction	CODE:53fa	CODE:5403	LCALL 0xaa99	6	write	INTMEM	1	(register, 0x40, 1)		(unique, 0x1200, 1)
instruction	CODE:53fa	CODE:540d	MOVX @DPTR,A	2	write	EXTMEM	1	(unique, 0x2800, 2)		(unique, 0x2900, 1)
instruction	CODE:53fa	CODE:540f	RET	1	read	INTMEM	1	(register, 0x40, 1)		
instruction	CODE:53fa	CODE:540f	RET	3	read	INTMEM	1	(register, 0x40, 1)		
instruction	CODE:5410	CODE:5413	LCALL 0xae2a	4	write	INTMEM	1	(register, 0x40, 1)		(unique, 0xb400, 1)
instruction	CODE:5410	CODE:5413	LCALL 0xae2a	6	write	INTMEM	1	(register, 0x40, 1)		(unique, 0x1200, 1)
instruction	CODE:5410	CODE:5419	MOVX A,@DPTR	1	read	EXTMEM	1	(unique, 0x2800, 2)		
instruction	CODE:5410	CODE:541c	MOVX A,@DPTR	1	read	EXTMEM	1	(unique, 0x2800, 2)		
instruction	CODE:5410	CODE:5421	MOVX @DPTR,A	2	write	EXTMEM	1	(unique, 0x2800, 2)		(unique, 0x2900, 1)
instruction	CODE:5410	CODE:5424	MOVX @DPTR,A	2	write	EXTMEM	1	(unique, 0x2800, 2)		(unique, 0x2900, 1)
instruction	CODE:5428	CODE:5428	MOVX A,@DPTR	1	read	EXTMEM	1	(unique, 0x2800, 2)		
instruction	CODE:5428	CODE:542b	MOVX A,@DPTR	1	read	EXTMEM	1	(unique, 0x2800, 2)		
instruction	CODE:5428	CODE:5430	MOVX @DPTR,A	2	write	EXTMEM	1	(unique, 0x2800, 2)		(unique, 0x2900, 1)
instruction	CODE:5428	CODE:5433	MOVX @DPTR,A	2	write	EXTMEM	1	(unique, 0x2800, 2)		(unique, 0x2900, 1)
instruction	CODE:5428	CODE:5434	RET	1	read	INTMEM	1	(register, 0x40, 1)		
instruction	CODE:5428	CODE:5434	RET	3	read	INTMEM	1	(register, 0x40, 1)		
instruction	CODE:5435	CODE:5435	MOVX @DPTR,A	2	write	EXTMEM	1	(unique, 0x2800, 2)		(unique, 0x2900, 1)
instruction	CODE:5435	CODE:5439	MOVX A,@DPTR	1	read	EXTMEM	1	(unique, 0x2800, 2)		
instruction	CODE:5435	CODE:543c	MOVX A,@DPTR	1	read	EXTMEM	1	(unique, 0x2800, 2)		
instruction	CODE:5435	CODE:5441	MOVX @DPTR,A	2	write	EXTMEM	1	(unique, 0x2800, 2)		(unique, 0x2900, 1)
instruction	CODE:5435	CODE:5444	MOVX @DPTR,A	2	write	EXTMEM	1	(unique, 0x2800, 2)		(unique, 0x2900, 1)
instruction	CODE:5435	CODE:5448	MOVX A,@DPTR	1	read	EXTMEM	1	(unique, 0x2800, 2)		
instruction	CODE:5435	CODE:544b	MOVX A,@DPTR	1	read	EXTMEM	1	(unique, 0x2800, 2)		
instruction	CODE:5435	CODE:5450	MOVX @DPTR,A	2	write	EXTMEM	1	(unique, 0x2800, 2)		(unique, 0x2900, 1)
instruction	CODE:5435	CODE:5453	MOVX @DPTR,A	2	write	EXTMEM	1	(unique, 0x2800, 2)		(unique, 0x2900, 1)
instruction	CODE:5435	CODE:5456	MOVX @DPTR,A	2	write	EXTMEM	1	(unique, 0x2800, 2)		(unique, 0x2900, 1)
instruction	CODE:5435	CODE:5458	RET	1	read	INTMEM	1	(register, 0x40, 1)		
instruction	CODE:5435	CODE:5458	RET	3	read	INTMEM	1	(register, 0x40, 1)		
instruction	CODE:5459	CODE:545d	MOVX A,@DPTR	1	read	EXTMEM	1	(unique, 0x2800, 2)		
instruction	CODE:5459	CODE:5463	MOVX A,@DPTR	1	read	EXTMEM	1	(unique, 0x2800, 2)		
instruction	CODE:5459	CODE:5468	RET	1	read	INTMEM	1	(register, 0x40, 1)		
instruction	CODE:5459	CODE:5468	RET	3	read	INTMEM	1	(register, 0x40, 1)		
instruction	CODE:546c	CODE:5470	LCALL 0xaa83	4	write	INTMEM	1	(register, 0x40, 1)		(unique, 0xb400, 1)
instruction	CODE:546c	CODE:5470	LCALL 0xaa83	6	write	INTMEM	1	(register, 0x40, 1)		(unique, 0x1200, 1)
instruction	CODE:546c	CODE:5478	RET	1	read	INTMEM	1	(register, 0x40, 1)		
instruction	CODE:546c	CODE:5478	RET	3	read	INTMEM	1	(register, 0x40, 1)		
instruction	CODE:548b	CODE:5491	LCALL 0xadfc	4	write	INTMEM	1	(register, 0x40, 1)		(unique, 0xb400, 1)
instruction	CODE:548b	CODE:5491	LCALL 0xadfc	6	write	INTMEM	1	(register, 0x40, 1)		(unique, 0x1200, 1)
instruction	CODE:549d	CODE:54a0	MOVX A,@DPTR	1	read	EXTMEM	1	(unique, 0x2800, 2)		
instruction	CODE:549d	CODE:54a3	MOVX A,@DPTR	1	read	EXTMEM	1	(unique, 0x2800, 2)		
instruction	CODE:549d	CODE:54a8	MOVX A,@DPTR	1	read	EXTMEM	1	(unique, 0x2800, 2)		
instruction	CODE:549d	CODE:54a9	RET	1	read	INTMEM	1	(register, 0x40, 1)		
instruction	CODE:549d	CODE:54a9	RET	3	read	INTMEM	1	(register, 0x40, 1)		
instruction	CODE:54aa	CODE:54ad	MOVX A,@DPTR	1	read	EXTMEM	1	(unique, 0x2800, 2)		
instruction	CODE:54aa	CODE:54b0	MOVX A,@DPTR	1	read	EXTMEM	1	(unique, 0x2800, 2)		
instruction	CODE:54bf	CODE:54c4	MOVX @DPTR,A	2	write	EXTMEM	1	(unique, 0x2800, 2)		(unique, 0x2900, 1)
instruction	CODE:54bf	CODE:54c8	MOVX @DPTR,A	2	write	EXTMEM	1	(unique, 0x2800, 2)		(unique, 0x2900, 1)
instruction	CODE:54bf	CODE:54c9	RET	1	read	INTMEM	1	(register, 0x40, 1)		
instruction	CODE:54bf	CODE:54c9	RET	3	read	INTMEM	1	(register, 0x40, 1)		
instruction	CODE:54d6	CODE:54d6	LCALL 0xa7e4	4	write	INTMEM	1	(register, 0x40, 1)		(unique, 0xb400, 1)
instruction	CODE:54d6	CODE:54d6	LCALL 0xa7e4	6	write	INTMEM	1	(register, 0x40, 1)		(unique, 0x1200, 1)
instruction	CODE:54d6	CODE:54dd	MOVX @DPTR,A	2	write	EXTMEM	1	(unique, 0x2800, 2)		(unique, 0x2900, 1)
instruction	CODE:54d6	CODE:54e0	MOVX @DPTR,A	2	write	EXTMEM	1	(unique, 0x2800, 2)		(unique, 0x2900, 1)
instruction	CODE:54d6	CODE:54e1	LCALL 0xa7e7	4	write	INTMEM	1	(register, 0x40, 1)		(unique, 0xb400, 1)
instruction	CODE:54d6	CODE:54e1	LCALL 0xa7e7	6	write	INTMEM	1	(register, 0x40, 1)		(unique, 0x1200, 1)
instruction	CODE:54d6	CODE:54ef	LCALL 0x55aa	4	write	INTMEM	1	(register, 0x40, 1)		(unique, 0xb400, 1)
instruction	CODE:54d6	CODE:54ef	LCALL 0x55aa	6	write	INTMEM	1	(register, 0x40, 1)		(unique, 0x1200, 1)
instruction	CODE:54d6	CODE:54f2	LCALL 0xa153	4	write	INTMEM	1	(register, 0x40, 1)		(unique, 0xb400, 1)
instruction	CODE:54d6	CODE:54f2	LCALL 0xa153	6	write	INTMEM	1	(register, 0x40, 1)		(unique, 0x1200, 1)
instruction	CODE:54d6	CODE:54f7	LCALL 0x557a	4	write	INTMEM	1	(register, 0x40, 1)		(unique, 0xb400, 1)
instruction	CODE:54d6	CODE:54f7	LCALL 0x557a	6	write	INTMEM	1	(register, 0x40, 1)		(unique, 0x1200, 1)
instruction	CODE:54d6	CODE:54fa	LCALL 0xad49	4	write	INTMEM	1	(register, 0x40, 1)		(unique, 0xb400, 1)
instruction	CODE:54d6	CODE:54fa	LCALL 0xad49	6	write	INTMEM	1	(register, 0x40, 1)		(unique, 0x1200, 1)
instruction	CODE:54d6	CODE:550a	LCALL 0x5590	4	write	INTMEM	1	(register, 0x40, 1)		(unique, 0xb400, 1)
instruction	CODE:54d6	CODE:550a	LCALL 0x5590	6	write	INTMEM	1	(register, 0x40, 1)		(unique, 0x1200, 1)
instruction	CODE:54d6	CODE:550f	LCALL 0x5049	4	write	INTMEM	1	(register, 0x40, 1)		(unique, 0xb400, 1)
instruction	CODE:54d6	CODE:550f	LCALL 0x5049	6	write	INTMEM	1	(register, 0x40, 1)		(unique, 0x1200, 1)
instruction	CODE:54d6	CODE:5519	LCALL 0x5000	4	write	INTMEM	1	(register, 0x40, 1)		(unique, 0xb400, 1)
instruction	CODE:54d6	CODE:5519	LCALL 0x5000	6	write	INTMEM	1	(register, 0x40, 1)		(unique, 0x1200, 1)
instruction	CODE:54d6	CODE:5520	LCALL 0x5561	4	write	INTMEM	1	(register, 0x40, 1)		(unique, 0xb400, 1)
instruction	CODE:54d6	CODE:5520	LCALL 0x5561	6	write	INTMEM	1	(register, 0x40, 1)		(unique, 0x1200, 1)
instruction	CODE:54d6	CODE:5525	LCALL 0x5590	4	write	INTMEM	1	(register, 0x40, 1)		(unique, 0xb400, 1)
instruction	CODE:54d6	CODE:5525	LCALL 0x5590	6	write	INTMEM	1	(register, 0x40, 1)		(unique, 0x1200, 1)
instruction	CODE:54d6	CODE:552a	LCALL 0x5049	4	write	INTMEM	1	(register, 0x40, 1)		(unique, 0xb400, 1)
instruction	CODE:54d6	CODE:552a	LCALL 0x5049	6	write	INTMEM	1	(register, 0x40, 1)		(unique, 0x1200, 1)
instruction	CODE:54d6	CODE:5534	LCALL 0x5000	4	write	INTMEM	1	(register, 0x40, 1)		(unique, 0xb400, 1)
instruction	CODE:54d6	CODE:5534	LCALL 0x5000	6	write	INTMEM	1	(register, 0x40, 1)		(unique, 0x1200, 1)
instruction	CODE:54d6	CODE:553b	LCALL 0x5561	4	write	INTMEM	1	(register, 0x40, 1)		(unique, 0xb400, 1)
instruction	CODE:54d6	CODE:553b	LCALL 0x5561	6	write	INTMEM	1	(register, 0x40, 1)		(unique, 0x1200, 1)
instruction	CODE:54d6	CODE:553e	LCALL 0x557a	4	write	INTMEM	1	(register, 0x40, 1)		(unique, 0xb400, 1)
instruction	CODE:54d6	CODE:553e	LCALL 0x557a	6	write	INTMEM	1	(register, 0x40, 1)		(unique, 0x1200, 1)
instruction	CODE:54d6	CODE:5541	MOVX A,@DPTR	1	read	EXTMEM	1	(unique, 0x2800, 2)		
instruction	CODE:54d6	CODE:5549	LCALL 0x5049	4	write	INTMEM	1	(register, 0x40, 1)		(unique, 0xb400, 1)
instruction	CODE:54d6	CODE:5549	LCALL 0x5049	6	write	INTMEM	1	(register, 0x40, 1)		(unique, 0x1200, 1)
instruction	CODE:54d6	CODE:5553	LCALL 0x5000	4	write	INTMEM	1	(register, 0x40, 1)		(unique, 0xb400, 1)
instruction	CODE:54d6	CODE:5553	LCALL 0x5000	6	write	INTMEM	1	(register, 0x40, 1)		(unique, 0x1200, 1)
instruction	CODE:54d6	CODE:555d	LCALL 0x55aa	4	write	INTMEM	1	(register, 0x40, 1)		(unique, 0xb400, 1)
instruction	CODE:54d6	CODE:555d	LCALL 0x55aa	6	write	INTMEM	1	(register, 0x40, 1)		(unique, 0x1200, 1)
instruction	CODE:54d6	CODE:5560	RET	1	read	INTMEM	1	(register, 0x40, 1)		
instruction	CODE:54d6	CODE:5560	RET	3	read	INTMEM	1	(register, 0x40, 1)		
instruction	CODE:5561	CODE:5564	MOVX A,@DPTR	1	read	EXTMEM	1	(unique, 0x2800, 2)		
instruction	CODE:5561	CODE:5567	MOVX A,@DPTR	1	read	EXTMEM	1	(unique, 0x2800, 2)		
instruction	CODE:5561	CODE:556c	MOVX @DPTR,A	2	write	EXTMEM	1	(unique, 0x2800, 2)		(unique, 0x2900, 1)
instruction	CODE:5561	CODE:556f	MOVX @DPTR,A	2	write	EXTMEM	1	(unique, 0x2800, 2)		(unique, 0x2900, 1)
instruction	CODE:5561	CODE:5572	MOVX @DPTR,A	2	write	EXTMEM	1	(unique, 0x2800, 2)		(unique, 0x2900, 1)
instruction	CODE:5561	CODE:5575	MOVX @DPTR,A	2	write	EXTMEM	1	(unique, 0x2800, 2)		(unique, 0x2900, 1)
instruction	CODE:5561	CODE:5576	LCALL 0x87aa	4	write	INTMEM	1	(register, 0x40, 1)		(unique, 0xb400, 1)
instruction	CODE:5561	CODE:5576	LCALL 0x87aa	6	write	INTMEM	1	(register, 0x40, 1)		(unique, 0x1200, 1)
instruction	CODE:5561	CODE:5579	RET	1	read	INTMEM	1	(register, 0x40, 1)		
instruction	CODE:5561	CODE:5579	RET	3	read	INTMEM	1	(register, 0x40, 1)		
instruction	CODE:557a	CODE:557c	LCALL 0xa815	4	write	INTMEM	1	(register, 0x40, 1)		(unique, 0xb400, 1)
instruction	CODE:557a	CODE:557c	LCALL 0xa815	6	write	INTMEM	1	(register, 0x40, 1)		(unique, 0x1200, 1)
instruction	CODE:557a	CODE:5587	MOVX @DPTR,A	2	write	EXTMEM	1	(unique, 0x2800, 2)		(unique, 0x2900, 1)
instruction	CODE:557a	CODE:558a	MOVX @DPTR,A	2	write	EXTMEM	1	(unique, 0x2800, 2)		(unique, 0x2900, 1)
instruction	CODE:557a	CODE:558f	RET	1	read	INTMEM	1	(register, 0x40, 1)		
instruction	CODE:557a	CODE:558f	RET	3	read	INTMEM	1	(register, 0x40, 1)		
instruction	CODE:5590	CODE:5590	LCALL 0xa815	4	write	INTMEM	1	(register, 0x40, 1)		(unique, 0xb400, 1)
instruction	CODE:5590	CODE:5590	LCALL 0xa815	6	write	INTMEM	1	(register, 0x40, 1)		(unique, 0x1200, 1)
instruction	CODE:5590	CODE:559b	MOVX @DPTR,A	2	write	EXTMEM	1	(unique, 0x2800, 2)		(unique, 0x2900, 1)
instruction	CODE:5590	CODE:559e	MOVX @DPTR,A	2	write	EXTMEM	1	(unique, 0x2800, 2)		(unique, 0x2900, 1)
instruction	CODE:5590	CODE:55a3	MOVX A,@DPTR	1	read	EXTMEM	1	(unique, 0x2800, 2)		
instruction	CODE:5590	CODE:55a9	RET	1	read	INTMEM	1	(register, 0x40, 1)		
instruction	CODE:5590	CODE:55a9	RET	3	read	INTMEM	1	(register, 0x40, 1)		
instruction	CODE:55aa	CODE:55aa	MOVX A,@DPTR	1	read	EXTMEM	1	(unique, 0x2800, 2)		
instruction	CODE:55aa	CODE:55ad	MOVX A,@DPTR	1	read	EXTMEM	1	(unique, 0x2800, 2)		
instruction	CODE:55aa	CODE:55b2	MOVX @DPTR,A	2	write	EXTMEM	1	(unique, 0x2800, 2)		(unique, 0x2900, 1)
instruction	CODE:55aa	CODE:55b5	MOVX @DPTR,A	2	write	EXTMEM	1	(unique, 0x2800, 2)		(unique, 0x2900, 1)
instruction	CODE:55aa	CODE:55b8	MOVX @DPTR,A	2	write	EXTMEM	1	(unique, 0x2800, 2)		(unique, 0x2900, 1)
instruction	CODE:55aa	CODE:55bb	MOVX @DPTR,A	2	write	EXTMEM	1	(unique, 0x2800, 2)		(unique, 0x2900, 1)
instruction	CODE:55aa	CODE:55bc	LCALL 0x87aa	4	write	INTMEM	1	(register, 0x40, 1)		(unique, 0xb400, 1)
instruction	CODE:55aa	CODE:55bc	LCALL 0x87aa	6	write	INTMEM	1	(register, 0x40, 1)		(unique, 0x1200, 1)
instruction	CODE:55aa	CODE:55bf	RET	1	read	INTMEM	1	(register, 0x40, 1)		
instruction	CODE:55aa	CODE:55bf	RET	3	read	INTMEM	1	(register, 0x40, 1)		
instruction	CODE:55c0	CODE:55c3	LCALL 0xae2a	4	write	INTMEM	1	(register, 0x40, 1)		(unique, 0xb400, 1)
instruction	CODE:55c0	CODE:55c3	LCALL 0xae2a	6	write	INTMEM	1	(register, 0x40, 1)		(unique, 0x1200, 1)
instruction	CODE:55c0	CODE:55ca	MOVX @DPTR,A	2	write	EXTMEM	1	(unique, 0x2800, 2)		(unique, 0x2900, 1)
instruction	CODE:55c0	CODE:55cc	MOVX @DPTR,A	2	write	EXTMEM	1	(unique, 0x2800, 2)		(unique, 0x2900, 1)
instruction	CODE:55c0	CODE:55ce	MOVX @DPTR,A	2	write	EXTMEM	1	(unique, 0x2800, 2)		(unique, 0x2900, 1)
instruction	CODE:55c0	CODE:55d2	MOVX @DPTR,A	2	write	EXTMEM	1	(unique, 0x2800, 2)		(unique, 0x2900, 1)
instruction	CODE:55c0	CODE:55d3	LCALL 0x5459	4	write	INTMEM	1	(register, 0x40, 1)		(unique, 0xb400, 1)
instruction	CODE:55c0	CODE:55d3	LCALL 0x5459	6	write	INTMEM	1	(register, 0x40, 1)		(unique, 0x1200, 1)
instruction	CODE:55c0	CODE:55dc	MOVX @DPTR,A	2	write	EXTMEM	1	(unique, 0x2800, 2)		(unique, 0x2900, 1)
instruction	CODE:55c0	CODE:55de	MOVX @DPTR,A	2	write	EXTMEM	1	(unique, 0x2800, 2)		(unique, 0x2900, 1)
instruction	CODE:55c0	CODE:55e2	LCALL 0xadf3	4	write	INTMEM	1	(register, 0x40, 1)		(unique, 0xb400, 1)
instruction	CODE:55c0	CODE:55e2	LCALL 0xadf3	6	write	INTMEM	1	(register, 0x40, 1)		(unique, 0x1200, 1)
instruction	CODE:55c0	CODE:5646	MOVX A,@DPTR	1	read	EXTMEM	1	(unique, 0x2800, 2)		
instruction	CODE:55c0	CODE:564a	LCALL 0x5459	4	write	INTMEM	1	(register, 0x40, 1)		(unique, 0xb400, 1)
instruction	CODE:55c0	CODE:564a	LCALL 0x5459	6	write	INTMEM	1	(register, 0x40, 1)		(unique, 0x1200, 1)
instruction	CODE:55c0	CODE:564f	LCALL 0x5693	4	write	INTMEM	1	(register, 0x40, 1)		(unique, 0xb400, 1)
instruction	CODE:55c0	CODE:564f	LCALL 0x5693	6	write	INTMEM	1	(register, 0x40, 1)		(unique, 0x1200, 1)
instruction	CODE:55c0	CODE:5652	LCALL 0x53f3	4	write	INTMEM	1	(register, 0x40, 1)		(unique, 0xb400, 1)
instruction	CODE:55c0	CODE:5652	LCALL 0x53f3	6	write	INTMEM	1	(register, 0x40, 1)		(unique, 0x1200, 1)
instruction	CODE:55c0	CODE:5655	LCALL 0x5481	4	write	INTMEM	1	(register, 0x40, 1)		(unique, 0xb400, 1)
instruction	CODE:55c0	CODE:5655	LCALL 0x5481	6	write	INTMEM	1	(register, 0x40, 1)		(unique, 0x1200, 1)
instruction	CODE:55c0	CODE:565d	LCALL 0x53ea	4	write	INTMEM	1	(register, 0x40, 1)		(unique, 0xb400, 1)
instruction	CODE:55c0	CODE:565d	LCALL 0x53ea	6	write	INTMEM	1	(register, 0x40, 1)		(unique, 0x1200, 1)
instruction	CODE:5693	CODE:5696	LCALL 0xadf3	4	write	INTMEM	1	(register, 0x40, 1)		(unique, 0xb400, 1)
instruction	CODE:5693	CODE:5696	LCALL 0xadf3	6	write	INTMEM	1	(register, 0x40, 1)		(unique, 0x1200, 1)
instruction	CODE:56a8	CODE:56ac	MOVX @DPTR,A	2	write	EXTMEM	1	(unique, 0x2800, 2)		(unique, 0x2900, 1)
instruction	CODE:56a8	CODE:56af	MOVX @DPTR,A	2	write	EXTMEM	1	(unique, 0x2800, 2)		(unique, 0x2900, 1)
instruction	CODE:56a8	CODE:56b0	LCALL 0x506b	4	write	INTMEM	1	(register, 0x40, 1)		(unique, 0xb400, 1)
instruction	CODE:56a8	CODE:56b0	LCALL 0x506b	6	write	INTMEM	1	(register, 0x40, 1)		(unique, 0x1200, 1)
instruction	CODE:56a8	CODE:56b4	MOVX @DPTR,A	2	write	EXTMEM	1	(unique, 0x2800, 2)		(unique, 0x2900, 1)
instruction	CODE:56a8	CODE:56b8	MOVX @DPTR,A	2	write	EXTMEM	1	(unique, 0x2800, 2)		(unique, 0x2900, 1)
instruction	CODE:56a8	CODE:56ba	MOVX @DPTR,A	2	write	EXTMEM	1	(unique, 0x2800, 2)		(unique, 0x2900, 1)
instruction	CODE:56a8	CODE:56c5	MOVX @DPTR,A	2	write	EXTMEM	1	(unique, 0x2800, 2)		(unique, 0x2900, 1)
instruction	CODE:56a8	CODE:56c9	MOVX A,@DPTR	1	read	EXTMEM	1	(unique, 0x2800, 2)		
instruction	CODE:56a8	CODE:56ce	MOVX A,@DPTR	1	read	EXTMEM	1	(unique, 0x2800, 2)		
instruction	CODE:56a8	CODE:56d6	LCALL 0x5782	4	write	INTMEM	1	(register, 0x40, 1)		(unique, 0xb400, 1)
instruction	CODE:56a8	CODE:56d6	LCALL 0x5782	6	write	INTMEM	1	(register, 0x40, 1)		(unique, 0x1200, 1)
instruction	CODE:56a8	CODE:56e4	PUSH 0x07	1	write	INTMEM	1	(register, 0x40, 1)		mem[INTMEM:07]
instruction	CODE:56a8	CODE:56e6	PUSH 0x06	1	write	INTMEM	1	(register, 0x40, 1)		mem[INTMEM:06]
instruction	CODE:56a8	CODE:56eb	MOVX A,@DPTR	1	read	EXTMEM	1	(unique, 0x2800, 2)		
instruction	CODE:56a8	CODE:56ed	LCALL 0xa815	4	write	INTMEM	1	(register, 0x40, 1)		(unique, 0xb400, 1)
instruction	CODE:56a8	CODE:56ed	LCALL 0xa815	6	write	INTMEM	1	(register, 0x40, 1)		(unique, 0x1200, 1)
instruction	CODE:56a8	CODE:56f0	LCALL 0xaa99	4	write	INTMEM	1	(register, 0x40, 1)		(unique, 0xb400, 1)
instruction	CODE:56a8	CODE:56f0	LCALL 0xaa99	6	write	INTMEM	1	(register, 0x40, 1)		(unique, 0x1200, 1)
instruction	CODE:56a8	CODE:5701	POP A	0	read	INTMEM	1	(register, 0x40, 1)		
instruction	CODE:56a8	CODE:5705	POP A	0	read	INTMEM	1	(register, 0x40, 1)		
instruction	CODE:56a8	CODE:570d	LCALL 0xaed0	4	write	INTMEM	1	(register, 0x40, 1)		(unique, 0xb400, 1)
instruction	CODE:56a8	CODE:570d	LCALL 0xaed0	6	write	INTMEM	1	(register, 0x40, 1)		(unique, 0x1200, 1)
instruction	CODE:56a8	CODE:5714	MOVX @DPTR,A	2	write	EXTMEM	1	(unique, 0x2800, 2)		(unique, 0x2900, 1)
instruction	CODE:56a8	CODE:5717	MOVX @DPTR,A	2	write	EXTMEM	1	(unique, 0x2800, 2)		(unique, 0x2900, 1)
instruction	CODE:56a8	CODE:5723	MOVX A,@DPTR	1	read	EXTMEM	1	(unique, 0x2800, 2)		
instruction	CODE:56a8	CODE:5725	LCALL 0x5782	4	write	INTMEM	1	(register, 0x40, 1)		(unique, 0xb400, 1)
instruction	CODE:56a8	CODE:5725	LCALL 0x5782	6	write	INTMEM	1	(register, 0x40, 1)		(unique, 0x1200, 1)
instruction	CODE:56a8	CODE:5732	LCALL 0xaed0	4	write	INTMEM	1	(register, 0x40, 1)		(unique, 0xb400, 1)
instruction	CODE:56a8	CODE:5732	LCALL 0xaed0	6	write	INTMEM	1	(register, 0x40, 1)		(unique, 0x1200, 1)
instruction	CODE:56a8	CODE:573c	MOVX A,@DPTR	1	read	EXTMEM	1	(unique, 0x2800, 2)		
instruction	CODE:56a8	CODE:573f	MOVX A,@DPTR	1	read	EXTMEM	1	(unique, 0x2800, 2)		
instruction	CODE:56a8	CODE:5745	LCALL 0x79d0	4	write	INTMEM	1	(register, 0x40, 1)		(unique, 0xb400, 1)
instruction	CODE:56a8	CODE:5745	LCALL 0x79d0	6	write	INTMEM	1	(register, 0x40, 1)		(unique, 0x1200, 1)
instruction	CODE:56a8	CODE:574c	MOVX A,@DPTR	1	read	EXTMEM	1	(unique, 0x2800, 2)		
instruction	CODE:56a8	CODE:5751	MOVX A,@DPTR	1	read	EXTMEM	1	(unique, 0x2800, 2)		
instruction	CODE:56a8	CODE:5756	MOVX @DPTR,A	2	write	EXTMEM	1	(unique, 0x2800, 2)		(unique, 0x2900, 1)
instruction	CODE:56a8	CODE:5759	MOVX @DPTR,A	2	write	EXTMEM	1	(unique, 0x2800, 2)		(unique, 0x2900, 1)
instruction	CODE:56a8	CODE:575b	MOVX A,@DPTR	1	read	EXTMEM	1	(unique, 0x2800, 2)		
instruction	CODE:56a8	CODE:575d	LCALL 0x506b	4	write	INTMEM	1	(register, 0x40, 1)		(unique, 0xb400, 1)
instruction	CODE:56a8	CODE:575d	LCALL 0x506b	6	write	INTMEM	1	(register, 0x40, 1)		(unique, 0x1200, 1)
instruction	CODE:56a8	CODE:5761	MOVX @DPTR,A	2	write	EXTMEM	1	(unique, 0x2800, 2)		(unique, 0x2900, 1)
instruction	CODE:56a8	CODE:5765	MOVX A,@DPTR	1	read	EXTMEM	1	(unique, 0x2800, 2)		
instruction	CODE:56a8	CODE:5767	MOVX @DPTR,A	2	write	EXTMEM	1	(unique, 0x2800, 2)		(unique, 0x2900, 1)
instruction	CODE:56a8	CODE:576d	MOVX A,@DPTR	1	read	EXTMEM	1	(unique, 0x2800, 2)		
instruction	CODE:56a8	CODE:5770	MOVX A,@DPTR	1	read	EXTMEM	1	(unique, 0x2800, 2)		
instruction	CODE:56a8	CODE:5772	LCALL 0xa1c3	4	write	INTMEM	1	(register, 0x40, 1)		(unique, 0xb400, 1)
instruction	CODE:56a8	CODE:5772	LCALL 0xa1c3	6	write	INTMEM	1	(register, 0x40, 1)		(unique, 0x1200, 1)
instruction	CODE:56a8	CODE:5775	LCALL 0xa153	4	write	INTMEM	1	(register, 0x40, 1)		(unique, 0xb400, 1)
instruction	CODE:56a8	CODE:5775	LCALL 0xa153	6	write	INTMEM	1	(register, 0x40, 1)		(unique, 0x1200, 1)
instruction	CODE:56a8	CODE:577c	MOV A,@R0	0	read	INTMEM	1	(register, 0x0, 1)		
instruction	CODE:56a8	CODE:577e	LCALL 0x4d85	4	write	INTMEM	1	(register, 0x40, 1)		(unique, 0xb400, 1)
instruction	CODE:56a8	CODE:577e	LCALL 0x4d85	6	write	INTMEM	1	(register, 0x40, 1)		(unique, 0x1200, 1)
instruction	CODE:56a8	CODE:5781	RET	1	read	INTMEM	1	(register, 0x40, 1)		
instruction	CODE:56a8	CODE:5781	RET	3	read	INTMEM	1	(register, 0x40, 1)		
instruction	CODE:5782	CODE:5782	LCALL 0xa815	4	write	INTMEM	1	(register, 0x40, 1)		(unique, 0xb400, 1)
instruction	CODE:5782	CODE:5782	LCALL 0xa815	6	write	INTMEM	1	(register, 0x40, 1)		(unique, 0x1200, 1)
instruction	CODE:5782	CODE:5788	LCALL 0xaac4	4	write	INTMEM	1	(register, 0x40, 1)		(unique, 0xb400, 1)
instruction	CODE:5782	CODE:5788	LCALL 0xaac4	6	write	INTMEM	1	(register, 0x40, 1)		(unique, 0x1200, 1)
instruction	CODE:5782	CODE:578b	RET	1	read	INTMEM	1	(register, 0x40, 1)		
instruction	CODE:5782	CODE:578b	RET	3	read	INTMEM	1	(register, 0x40, 1)		
instruction	CODE:578c	CODE:5790	MOVX @DPTR,A	2	write	EXTMEM	1	(unique, 0x2800, 2)		(unique, 0x2900, 1)
instruction	CODE:578c	CODE:5793	LCALL 0x10a6	4	write	INTMEM	1	(register, 0x40, 1)		(unique, 0xb400, 1)
instruction	CODE:578c	CODE:5793	LCALL 0x10a6	6	write	INTMEM	1	(register, 0x40, 1)		(unique, 0x1200, 1)
instruction	CODE:578c	CODE:5799	MOVX A,@DPTR	1	read	EXTMEM	1	(unique, 0x2800, 2)		
instruction	CODE:578c	CODE:57a1	LCALL 0xadf3	4	write	INTMEM	1	(register, 0x40, 1)		(unique, 0xb400, 1)
instruction	CODE:578c	CODE:57a1	LCALL 0xadf3	6	write	INTMEM	1	(register, 0x40, 1)		(unique, 0x1200, 1)
instruction	CODE:578c	CODE:57c5	LCALL 0xadf3	4	write	INTMEM	1	(register, 0x40, 1)		(unique, 0xb400, 1)
instruction	CODE:578c	CODE:57c5	LCALL 0xadf3	6	write	INTMEM	1	(register, 0x40, 1)		(unique, 0x1200, 1)
instruction	unassigned	CODE:57e7	MOVC A,@A+DPTR	2	read	CODE	1	(unique, 0x2400, 2)		
instruction	unassigned	CODE:57eb	POP DPL	0	read	INTMEM	1	(register, 0x40, 1)		
instruction	unassigned	CODE:57ed	POP DPH	0	read	INTMEM	1	(register, 0x40, 1)		
instruction	unassigned	CODE:57ef	MOVX @DPTR,A	2	write	EXTMEM	1	(unique, 0x2800, 2)		(unique, 0x2900, 1)
instruction	unassigned	CODE:57f3	MOVX A,@DPTR	1	read	EXTMEM	1	(unique, 0x2800, 2)		
instruction	unassigned	CODE:57fa	MOVX @DPTR,A	2	write	EXTMEM	1	(unique, 0x2800, 2)		(unique, 0x2900, 1)
instruction	CODE:58e1	CODE:58e1	LCALL 0xa467	4	write	INTMEM	1	(register, 0x40, 1)		(unique, 0xb400, 1)
instruction	CODE:58e1	CODE:58e1	LCALL 0xa467	6	write	INTMEM	1	(register, 0x40, 1)		(unique, 0x1200, 1)
instruction	CODE:58e1	CODE:58e8	MOVX @DPTR,A	2	write	EXTMEM	1	(unique, 0x2800, 2)		(unique, 0x2900, 1)
instruction	CODE:58e1	CODE:58ea	MOVX @DPTR,A	2	write	EXTMEM	1	(unique, 0x2800, 2)		(unique, 0x2900, 1)
instruction	CODE:58e1	CODE:58ed	MOV A,@R0	0	read	INTMEM	1	(register, 0x0, 1)		
instruction	CODE:58e1	CODE:58f3	LCALL 0xa3c4	4	write	INTMEM	1	(register, 0x40, 1)		(unique, 0xb400, 1)
instruction	CODE:58e1	CODE:58f3	LCALL 0xa3c4	6	write	INTMEM	1	(register, 0x40, 1)		(unique, 0x1200, 1)
instruction	CODE:58e1	CODE:58fc	MOV A,@R0	0	read	INTMEM	1	(register, 0x0, 1)		
instruction	CODE:58e1	CODE:5906	MOV A,@R0	0	read	INTMEM	1	(register, 0x0, 1)		
instruction	CODE:58e1	CODE:5910	LCALL 0xa3c4	4	write	INTMEM	1	(register, 0x40, 1)		(unique, 0xb400, 1)
instruction	CODE:58e1	CODE:5910	LCALL 0xa3c4	6	write	INTMEM	1	(register, 0x40, 1)		(unique, 0x1200, 1)
instruction	CODE:58e1	CODE:5918	MOVX @DPTR,A	2	write	EXTMEM	1	(unique, 0x2800, 2)		(unique, 0x2900, 1)
instruction	CODE:58e1	CODE:591d	MOV A,@R0	0	read	INTMEM	1	(register, 0x0, 1)		
instruction	CODE:58e1	CODE:5925	MOV A,@R0	0	read	INTMEM	1	(register, 0x0, 1)		
instruction	CODE:58e1	CODE:5939	LCALL 0xa217	4	write	INTMEM	1	(register, 0x40, 1)		(unique, 0xb400, 1)
instruction	CODE:58e1	CODE:5939	LCALL 0xa217	6	write	INTMEM	1	(register, 0x40, 1)		(unique, 0x1200, 1)
instruction	CODE:58e1	CODE:5940	LCALL 0xa607	4	write	INTMEM	1	(register, 0x40, 1)		(unique, 0xb400, 1)
instruction	CODE:58e1	CODE:5940	LCALL 0xa607	6	write	INTMEM	1	(register, 0x40, 1)		(unique, 0x1200, 1)
instruction	CODE:58e1	CODE:594a	MOVX @DPTR,A	2	write	EXTMEM	1	(unique, 0x2800, 2)		(unique, 0x2900, 1)
instruction	CODE:58e1	CODE:594e	MOVX @DPTR,A	2	write	EXTMEM	1	(unique, 0x2800, 2)		(unique, 0x2900, 1)
instruction	CODE:58e1	CODE:5951	MOV A,@R0	0	read	INTMEM	1	(register, 0x0, 1)		
instruction	CODE:58e1	CODE:5966	MOVX @DPTR,A	2	write	EXTMEM	1	(unique, 0x2800, 2)		(unique, 0x2900, 1)
instruction	CODE:58e1	CODE:596e	MOVX @DPTR,A	2	write	EXTMEM	1	(unique, 0x2800, 2)		(unique, 0x2900, 1)
instruction	CODE:58e1	CODE:5976	MOVX @DPTR,A	2	write	EXTMEM	1	(unique, 0x2800, 2)		(unique, 0x2900, 1)
instruction	CODE:58e1	CODE:597a	MOVX @DPTR,A	2	write	EXTMEM	1	(unique, 0x2800, 2)		(unique, 0x2900, 1)
instruction	CODE:58e1	CODE:597e	MOVX @DPTR,A	2	write	EXTMEM	1	(unique, 0x2800, 2)		(unique, 0x2900, 1)
instruction	CODE:58e1	CODE:5986	MOVX @DPTR,A	2	write	EXTMEM	1	(unique, 0x2800, 2)		(unique, 0x2900, 1)
instruction	CODE:58e1	CODE:598a	MOVX @DPTR,A	2	write	EXTMEM	1	(unique, 0x2800, 2)		(unique, 0x2900, 1)
instruction	CODE:58e1	CODE:598e	MOVX @DPTR,A	2	write	EXTMEM	1	(unique, 0x2800, 2)		(unique, 0x2900, 1)
instruction	CODE:58e1	CODE:598f	LCALL 0xa3da	4	write	INTMEM	1	(register, 0x40, 1)		(unique, 0xb400, 1)
instruction	CODE:58e1	CODE:598f	LCALL 0xa3da	6	write	INTMEM	1	(register, 0x40, 1)		(unique, 0x1200, 1)
instruction	CODE:58e1	CODE:59a1	MOVC A,@A+DPTR	2	read	CODE	1	(unique, 0x2400, 2)		
instruction	CODE:58e1	CODE:59a5	MOVC A,@A+DPTR	2	read	CODE	1	(unique, 0x2400, 2)		
instruction	CODE:58e1	CODE:59aa	MOVX A,@DPTR	1	read	EXTMEM	1	(unique, 0x2800, 2)		
instruction	CODE:58e1	CODE:59ad	MOVX A,@DPTR	1	read	EXTMEM	1	(unique, 0x2800, 2)		
instruction	CODE:58e1	CODE:59af	LCALL 0x9d97	4	write	INTMEM	1	(register, 0x40, 1)		(unique, 0xb400, 1)
instruction	CODE:58e1	CODE:59af	LCALL 0x9d97	6	write	INTMEM	1	(register, 0x40, 1)		(unique, 0x1200, 1)
instruction	CODE:58e1	CODE:59b4	LCALL 0xa63f	4	write	INTMEM	1	(register, 0x40, 1)		(unique, 0xb400, 1)
instruction	CODE:58e1	CODE:59b4	LCALL 0xa63f	6	write	INTMEM	1	(register, 0x40, 1)		(unique, 0x1200, 1)
instruction	CODE:58e1	CODE:59b7	LCALL 0xa3da	4	write	INTMEM	1	(register, 0x40, 1)		(unique, 0xb400, 1)
instruction	CODE:58e1	CODE:59b7	LCALL 0xa3da	6	write	INTMEM	1	(register, 0x40, 1)		(unique, 0x1200, 1)
instruction	CODE:58e1	CODE:59bc	LCALL 0x9dcd	4	write	INTMEM	1	(register, 0x40, 1)		(unique, 0xb400, 1)
instruction	CODE:58e1	CODE:59bc	LCALL 0x9dcd	6	write	INTMEM	1	(register, 0x40, 1)		(unique, 0x1200, 1)
instruction	CODE:58e1	CODE:59bf	RET	1	read	INTMEM	1	(register, 0x40, 1)		
instruction	CODE:58e1	CODE:59bf	RET	3	read	INTMEM	1	(register, 0x40, 1)		
instruction	CODE:59c0	CODE:59c3	MOVX A,@DPTR	1	read	EXTMEM	1	(unique, 0x2800, 2)		
instruction	CODE:59c0	CODE:59c9	MOVX @DPTR,A	2	write	EXTMEM	1	(unique, 0x2800, 2)		(unique, 0x2900, 1)
instruction	CODE:59c0	CODE:59cc	MOVX @DPTR,A	2	write	EXTMEM	1	(unique, 0x2800, 2)		(unique, 0x2900, 1)
instruction	CODE:59c0	CODE:59d0	MOVX A,@DPTR	1	read	EXTMEM	1	(unique, 0x2800, 2)		
instruction	CODE:59c0	CODE:59d6	MOVX @DPTR,A	2	write	EXTMEM	1	(unique, 0x2800, 2)		(unique, 0x2900, 1)
instruction	CODE:59c0	CODE:59d9	MOVX @DPTR,A	2	write	EXTMEM	1	(unique, 0x2800, 2)		(unique, 0x2900, 1)
instruction	CODE:59c0	CODE:59dd	MOVX A,@DPTR	1	read	EXTMEM	1	(unique, 0x2800, 2)		
instruction	CODE:59c0	CODE:59e5	MOVX @DPTR,A	2	write	EXTMEM	1	(unique, 0x2800, 2)		(unique, 0x2900, 1)
instruction	CODE:59c0	CODE:59e7	MOVX @DPTR,A	2	write	EXTMEM	1	(unique, 0x2800, 2)		(unique, 0x2900, 1)
instruction	CODE:59c0	CODE:59f1	MOVX A,@DPTR	1	read	EXTMEM	1	(unique, 0x2800, 2)		
instruction	CODE:59c0	CODE:59f4	MOVX A,@DPTR	1	read	EXTMEM	1	(unique, 0x2800, 2)		
instruction	CODE:59c0	CODE:59f9	MOVX @DPTR,A	2	write	EXTMEM	1	(unique, 0x2800, 2)		(unique, 0x2900, 1)
instruction	CODE:59c0	CODE:59fc	MOVX @DPTR,A	2	write	EXTMEM	1	(unique, 0x2800, 2)		(unique, 0x2900, 1)
instruction	CODE:59c0	CODE:5a00	MOVX A,@DPTR	1	read	EXTMEM	1	(unique, 0x2800, 2)		
instruction	CODE:59c0	CODE:5a03	MOVX A,@DPTR	1	read	EXTMEM	1	(unique, 0x2800, 2)		
instruction	CODE:59c0	CODE:5a08	MOVX @DPTR,A	2	write	EXTMEM	1	(unique, 0x2800, 2)		(unique, 0x2900, 1)
instruction	CODE:59c0	CODE:5a0b	MOVX @DPTR,A	2	write	EXTMEM	1	(unique, 0x2800, 2)		(unique, 0x2900, 1)
instruction	CODE:59c0	CODE:5a0e	MOVX @DPTR,A	2	write	EXTMEM	1	(unique, 0x2800, 2)		(unique, 0x2900, 1)
instruction	CODE:59c0	CODE:5a11	MOVX @DPTR,A	2	write	EXTMEM	1	(unique, 0x2800, 2)		(unique, 0x2900, 1)
instruction	CODE:59c0	CODE:5a12	LCALL 0x87aa	4	write	INTMEM	1	(register, 0x40, 1)		(unique, 0xb400, 1)
instruction	CODE:59c0	CODE:5a12	LCALL 0x87aa	6	write	INTMEM	1	(register, 0x40, 1)		(unique, 0x1200, 1)
instruction	CODE:59c0	CODE:5a18	MOVX A,@DPTR	1	read	EXTMEM	1	(unique, 0x2800, 2)		
instruction	CODE:59c0	CODE:5a1b	MOVX A,@DPTR	1	read	EXTMEM	1	(unique, 0x2800, 2)		
instruction	CODE:59c0	CODE:5a21	LCALL 0xae53	4	write	INTMEM	1	(register, 0x40, 1)		(unique, 0xb400, 1)
instruction	CODE:59c0	CODE:5a21	LCALL 0xae53	6	write	INTMEM	1	(register, 0x40, 1)		(unique, 0x1200, 1)
instruction	CODE:59c0	CODE:5a49	LCALL 0x9c6b	4	write	INTMEM	1	(register, 0x40, 1)		(unique, 0xb400, 1)
instruction	CODE:59c0	CODE:5a49	LCALL 0x9c6b	6	write	INTMEM	1	(register, 0x40, 1)		(unique, 0x1200, 1)
instruction	CODE:59c0	CODE:5a4e	LCALL 0x8f64	4	write	INTMEM	1	(register, 0x40, 1)		(unique, 0xb400, 1)
instruction	CODE:59c0	CODE:5a4e	LCALL 0x8f64	6	write	INTMEM	1	(register, 0x40, 1)		(unique, 0x1200, 1)
instruction	CODE:59c0	CODE:5a53	LCALL 0x9b7b	4	write	INTMEM	1	(register, 0x40, 1)		(unique, 0xb400, 1)
instruction	CODE:59c0	CODE:5a53	LCALL 0x9b7b	6	write	INTMEM	1	(register, 0x40, 1)		(unique, 0x1200, 1)
instruction	CODE:59c0	CODE:5a58	LCALL 0x2a5b	4	write	INTMEM	1	(register, 0x40, 1)		(unique, 0xb400, 1)
instruction	CODE:59c0	CODE:5a58	LCALL 0x2a5b	6	write	INTMEM	1	(register, 0x40, 1)		(unique, 0x1200, 1)
instruction	CODE:59c0	CODE:5a62	MOVX @DPTR,A	2	write	EXTMEM	1	(unique, 0x2800, 2)		(unique, 0x2900, 1)
instruction	CODE:59c0	CODE:5a66	MOVX @DPTR,A	2	write	EXTMEM	1	(unique, 0x2800, 2)		(unique, 0x2900, 1)
instruction	CODE:59c0	CODE:5a6c	MOVX A,@DPTR	1	read	EXTMEM	1	(unique, 0x2800, 2)		
instruction	CODE:59c0	CODE:5a70	MOVX @DPTR,A	2	write	EXTMEM	1	(unique, 0x2800, 2)		(unique, 0x2900, 1)
instruction	CODE:59c0	CODE:5a76	MOVX A,@DPTR	1	read	EXTMEM	1	(unique, 0x2800, 2)		
instruction	CODE:59c0	CODE:5a78	LCALL 0x4d85	4	write	INTMEM	1	(register, 0x40, 1)		(unique, 0xb400, 1)
instruction	CODE:59c0	CODE:5a78	LCALL 0x4d85	6	write	INTMEM	1	(register, 0x40, 1)		(unique, 0x1200, 1)
instruction	CODE:59c0	CODE:5a7d	LCALL 0x2ff6	4	write	INTMEM	1	(register, 0x40, 1)		(unique, 0xb400, 1)
instruction	CODE:59c0	CODE:5a7d	LCALL 0x2ff6	6	write	INTMEM	1	(register, 0x40, 1)		(unique, 0x1200, 1)
instruction	CODE:59c0	CODE:5a82	LCALL 0x6ebc	4	write	INTMEM	1	(register, 0x40, 1)		(unique, 0xb400, 1)
instruction	CODE:59c0	CODE:5a82	LCALL 0x6ebc	6	write	INTMEM	1	(register, 0x40, 1)		(unique, 0x1200, 1)
instruction	CODE:59c0	CODE:5a8a	MOVX A,@DPTR	1	read	EXTMEM	1	(unique, 0x2800, 2)		
instruction	CODE:59c0	CODE:5a8c	LCALL 0x8dbb	4	write	INTMEM	1	(register, 0x40, 1)		(unique, 0xb400, 1)
instruction	CODE:59c0	CODE:5a8c	LCALL 0x8dbb	6	write	INTMEM	1	(register, 0x40, 1)		(unique, 0x1200, 1)
instruction	CODE:59c0	CODE:5a91	LCALL 0x7ff5	4	write	INTMEM	1	(register, 0x40, 1)		(unique, 0xb400, 1)
instruction	CODE:59c0	CODE:5a91	LCALL 0x7ff5	6	write	INTMEM	1	(register, 0x40, 1)		(unique, 0x1200, 1)
instruction	CODE:5a9d	CODE:5aa1	MOVX @DPTR,A	2	write	EXTMEM	1	(unique, 0x2800, 2)		(unique, 0x2900, 1)
instruction	CODE:5a9d	CODE:5aa4	MOVX @DPTR,A	2	write	EXTMEM	1	(unique, 0x2800, 2)		(unique, 0x2900, 1)
instruction	CODE:5a9d	CODE:5aa7	MOVX @DPTR,A	2	write	EXTMEM	1	(unique, 0x2800, 2)		(unique, 0x2900, 1)
instruction	CODE:5a9d	CODE:5aac	MOVX @DPTR,A	2	write	EXTMEM	1	(unique, 0x2800, 2)		(unique, 0x2900, 1)
instruction	CODE:5a9d	CODE:5aae	MOVX @DPTR,A	2	write	EXTMEM	1	(unique, 0x2800, 2)		(unique, 0x2900, 1)
instruction	CODE:5a9d	CODE:5ab0	MOVX @DPTR,A	2	write	EXTMEM	1	(unique, 0x2800, 2)		(unique, 0x2900, 1)
instruction	CODE:5a9d	CODE:5ab6	LCALL 0x974d	4	write	INTMEM	1	(register, 0x40, 1)		(unique, 0xb400, 1)
instruction	CODE:5a9d	CODE:5ab6	LCALL 0x974d	6	write	INTMEM	1	(register, 0x40, 1)		(unique, 0x1200, 1)
instruction	CODE:5a9d	CODE:5ab9	LCALL 0x4739	4	write	INTMEM	1	(register, 0x40, 1)		(unique, 0xb400, 1)
instruction	CODE:5a9d	CODE:5ab9	LCALL 0x4739	6	write	INTMEM	1	(register, 0x40, 1)		(unique, 0x1200, 1)
instruction	CODE:5a9d	CODE:5ac3	MOVX @DPTR,A	2	write	EXTMEM	1	(unique, 0x2800, 2)		(unique, 0x2900, 1)
instruction	CODE:5a9d	CODE:5ac4	LCALL 0xaa99	4	write	INTMEM	1	(register, 0x40, 1)		(unique, 0xb400, 1)
instruction	CODE:5a9d	CODE:5ac4	LCALL 0xaa99	6	write	INTMEM	1	(register, 0x40, 1)		(unique, 0x1200, 1)
instruction	CODE:5a9d	CODE:5ace	MOVX @DPTR,A	2	write	EXTMEM	1	(unique, 0x2800, 2)		(unique, 0x2900, 1)
instruction	CODE:5a9d	CODE:5ad1	MOVX @DPTR,A	2	write	EXTMEM	1	(unique, 0x2800, 2)		(unique, 0x2900, 1)
instruction	CODE:5a9d	CODE:5adc	LCALL 0xa340	4	write	INTMEM	1	(register, 0x40, 1)		(unique, 0xb400, 1)
instruction	CODE:5a9d	CODE:5adc	LCALL 0xa340	6	write	INTMEM	1	(register, 0x40, 1)		(unique, 0x1200, 1)
instruction	CODE:5a9d	CODE:5ae1	LCALL 0xa335	4	write	INTMEM	1	(register, 0x40, 1)		(unique, 0xb400, 1)
instruction	CODE:5a9d	CODE:5ae1	LCALL 0xa335	6	write	INTMEM	1	(register, 0x40, 1)		(unique, 0x1200, 1)
instruction	CODE:5a9d	CODE:5aeb	MOVX @DPTR,A	2	write	EXTMEM	1	(unique, 0x2800, 2)		(unique, 0x2900, 1)
instruction	CODE:5a9d	CODE:5af1	MOVX A,@DPTR	1	read	EXTMEM	1	(unique, 0x2800, 2)		
instruction	CODE:5a9d	CODE:5afa	MOVX @DPTR,A	2	write	EXTMEM	1	(unique, 0x2800, 2)		(unique, 0x2900, 1)
instruction	CODE:5a9d	CODE:5afe	MOVX @DPTR,A	2	write	EXTMEM	1	(unique, 0x2800, 2)		(unique, 0x2900, 1)
instruction	CODE:5a9d	CODE:5b02	MOVX A,@DPTR	1	read	EXTMEM	1	(unique, 0x2800, 2)		
instruction	CODE:5a9d	CODE:5b05	MOVX A,@DPTR	1	read	EXTMEM	1	(unique, 0x2800, 2)		
instruction	CODE:5a9d	CODE:5b0a	MOVX A,@DPTR	1	read	EXTMEM	1	(unique, 0x2800, 2)		
instruction	CODE:5a9d	CODE:5b0d	MOVX A,@DPTR	1	read	EXTMEM	1	(unique, 0x2800, 2)		
instruction	CODE:5a9d	CODE:5b10	MOVX A,@DPTR	1	read	EXTMEM	1	(unique, 0x2800, 2)		
instruction	CODE:5a9d	CODE:5b14	MOVX @DPTR,A	2	write	EXTMEM	1	(unique, 0x2800, 2)		(unique, 0x2900, 1)
instruction	CODE:5a9d	CODE:5b15	LCALL 0x6000	4	write	INTMEM	1	(register, 0x40, 1)		(unique, 0xb400, 1)
instruction	CODE:5a9d	CODE:5b15	LCALL 0x6000	6	write	INTMEM	1	(register, 0x40, 1)		(unique, 0x1200, 1)
instruction	CODE:5a9d	CODE:5b1c	MOVX @DPTR,A	2	write	EXTMEM	1	(unique, 0x2800, 2)		(unique, 0x2900, 1)
instruction	CODE:5a9d	CODE:5b1d	LCALL 0x9d85	4	write	INTMEM	1	(register, 0x40, 1)		(unique, 0xb400, 1)
instruction	CODE:5a9d	CODE:5b1d	LCALL 0x9d85	6	write	INTMEM	1	(register, 0x40, 1)		(unique, 0x1200, 1)
instruction	CODE:5a9d	CODE:5b23	LCALL 0xae2a	4	write	INTMEM	1	(register, 0x40, 1)		(unique, 0xb400, 1)
instruction	CODE:5a9d	CODE:5b23	LCALL 0xae2a	6	write	INTMEM	1	(register, 0x40, 1)		(unique, 0x1200, 1)
instruction	CODE:5a9d	CODE:5b29	MOVX A,@DPTR	1	read	EXTMEM	1	(unique, 0x2800, 2)		
instruction	CODE:5a9d	CODE:5b34	MOVX A,@DPTR	1	read	EXTMEM	1	(unique, 0x2800, 2)		
instruction	CODE:5a9d	CODE:5b38	LCALL 0x72d3	4	write	INTMEM	1	(register, 0x40, 1)		(unique, 0xb400, 1)
instruction	CODE:5a9d	CODE:5b38	LCALL 0x72d3	6	write	INTMEM	1	(register, 0x40, 1)		(unique, 0x1200, 1)
instruction	CODE:5a9d	CODE:5b40	MOVX A,@DPTR	1	read	EXTMEM	1	(unique, 0x2800, 2)		
instruction	CODE:5a9d	CODE:5b44	LCALL 0xa7f6	4	write	INTMEM	1	(register, 0x40, 1)		(unique, 0xb400, 1)
instruction	CODE:5a9d	CODE:5b44	LCALL 0xa7f6	6	write	INTMEM	1	(register, 0x40, 1)		(unique, 0x1200, 1)
instruction	CODE:5a9d	CODE:5b4a	MOVX A,@DPTR	1	read	EXTMEM	1	(unique, 0x2800, 2)		
instruction	CODE:5a9d	CODE:5b4c	MOVX @DPTR,A	2	write	EXTMEM	1	(unique, 0x2800, 2)		(unique, 0x2900, 1)
instruction	CODE:5a9d	CODE:5b50	MOVX A,@DPTR	1	read	EXTMEM	1	(unique, 0x2800, 2)		
instruction	CODE:5a9d	CODE:5b53	MOVX A,@DPTR	1	read	EXTMEM	1	(unique, 0x2800, 2)		
instruction	CODE:5a9d	CODE:5b58	MOVX A,@DPTR	1	read	EXTMEM	1	(unique, 0x2800, 2)		
instruction	CODE:5a9d	CODE:5b5f	PUSH 0x03	1	write	INTMEM	1	(register, 0x40, 1)		mem[INTMEM:03]
instruction	CODE:5a9d	CODE:5b64	LCALL 0xadf3	4	write	INTMEM	1	(register, 0x40, 1)		(unique, 0xb400, 1)
instruction	CODE:5a9d	CODE:5b64	LCALL 0xadf3	6	write	INTMEM	1	(register, 0x40, 1)		(unique, 0x1200, 1)
instruction	CODE:5b77	CODE:5b79	MOV A,@R0	0	read	INTMEM	1	(register, 0x0, 1)		
instruction	CODE:5b77	CODE:5b80	MOV A,@R0	0	read	INTMEM	1	(register, 0x0, 1)		
instruction	CODE:5b77	CODE:5b98	LCALL 0xa63f	4	write	INTMEM	1	(register, 0x40, 1)		(unique, 0xb400, 1)
instruction	CODE:5b77	CODE:5b98	LCALL 0xa63f	6	write	INTMEM	1	(register, 0x40, 1)		(unique, 0x1200, 1)
instruction	CODE:5b77	CODE:5ba1	LCALL 0x9a0d	4	write	INTMEM	1	(register, 0x40, 1)		(unique, 0xb400, 1)
instruction	CODE:5b77	CODE:5ba1	LCALL 0x9a0d	6	write	INTMEM	1	(register, 0x40, 1)		(unique, 0x1200, 1)
instruction	CODE:5b77	CODE:5bb0	LCALL 0x9a23	4	write	INTMEM	1	(register, 0x40, 1)		(unique, 0xb400, 1)
instruction	CODE:5b77	CODE:5bb0	LCALL 0x9a23	6	write	INTMEM	1	(register, 0x40, 1)		(unique, 0x1200, 1)
instruction	CODE:5b77	CODE:5bb7	LCALL 0x9a0d	4	write	INTMEM	1	(register, 0x40, 1)		(unique, 0xb400, 1)
instruction	CODE:5b77	CODE:5bb7	LCALL 0x9a0d	6	write	INTMEM	1	(register, 0x40, 1)		(unique, 0x1200, 1)
instruction	CODE:5b77	CODE:5bc4	LCALL 0xa6a8	4	write	INTMEM	1	(register, 0x40, 1)		(unique, 0xb400, 1)
instruction	CODE:5b77	CODE:5bc4	LCALL 0xa6a8	6	write	INTMEM	1	(register, 0x40, 1)		(unique, 0x1200, 1)
instruction	CODE:5b77	CODE:5bcd	LCALL 0x9a23	4	write	INTMEM	1	(register, 0x40, 1)		(unique, 0xb400, 1)
instruction	CODE:5b77	CODE:5bcd	LCALL 0x9a23	6	write	INTMEM	1	(register, 0x40, 1)		(unique, 0x1200, 1)
instruction	CODE:5b77	CODE:5bd0	LCALL 0x5c33	4	write	INTMEM	1	(register, 0x40, 1)		(unique, 0xb400, 1)
instruction	CODE:5b77	CODE:5bd0	LCALL 0x5c33	6	write	INTMEM	1	(register, 0x40, 1)		(unique, 0x1200, 1)
instruction	CODE:5b77	CODE:5bdd	LCALL 0x9a0d	4	write	INTMEM	1	(register, 0x40, 1)		(unique, 0xb400, 1)
instruction	CODE:5b77	CODE:5bdd	LCALL 0x9a0d	6	write	INTMEM	1	(register, 0x40, 1)		(unique, 0x1200, 1)
instruction	CODE:5b77	CODE:5be8	LCALL 0xa7b3	4	write	INTMEM	1	(register, 0x40, 1)		(unique, 0xb400, 1)
instruction	CODE:5b77	CODE:5be8	LCALL 0xa7b3	6	write	INTMEM	1	(register, 0x40, 1)		(unique, 0x1200, 1)
instruction	CODE:5b77	CODE:5bed	LCALL 0x5c33	4	write	INTMEM	1	(register, 0x40, 1)		(unique, 0xb400, 1)
instruction	CODE:5b77	CODE:5bed	LCALL 0x5c33	6	write	INTMEM	1	(register, 0x40, 1)		(unique, 0x1200, 1)
instruction	CODE:5b77	CODE:5bf9	LCALL 0xa63f	4	write	INTMEM	1	(register, 0x40, 1)		(unique, 0xb400, 1)
instruction	CODE:5b77	CODE:5bf9	LCALL 0xa63f	6	write	INTMEM	1	(register, 0x40, 1)		(unique, 0x1200, 1)
instruction	CODE:5b77	CODE:5c00	LCALL 0x9a0d	4	write	INTMEM	1	(register, 0x40, 1)		(unique, 0xb400, 1)
instruction	CODE:5b77	CODE:5c00	LCALL 0x9a0d	6	write	INTMEM	1	(register, 0x40, 1)		(unique, 0x1200, 1)
instruction	CODE:5b77	CODE:5c07	LCALL 0xa153	4	write	INTMEM	1	(register, 0x40, 1)		(unique, 0xb400, 1)
instruction	CODE:5b77	CODE:5c07	LCALL 0xa153	6	write	INTMEM	1	(register, 0x40, 1)		(unique, 0x1200, 1)
instruction	CODE:5b77	CODE:5c14	LCALL 0xa153	4	write	INTMEM	1	(register, 0x40, 1)		(unique, 0xb400, 1)
instruction	CODE:5b77	CODE:5c14	LCALL 0xa153	6	write	INTMEM	1	(register, 0x40, 1)		(unique, 0x1200, 1)
instruction	CODE:5b77	CODE:5c23	LCALL 0xa03c	4	write	INTMEM	1	(register, 0x40, 1)		(unique, 0xb400, 1)
instruction	CODE:5b77	CODE:5c23	LCALL 0xa03c	6	write	INTMEM	1	(register, 0x40, 1)		(unique, 0x1200, 1)
instruction	CODE:5b77	CODE:5c28	RET	1	read	INTMEM	1	(register, 0x40, 1)		
instruction	CODE:5b77	CODE:5c28	RET	3	read	INTMEM	1	(register, 0x40, 1)		
instruction	CODE:5b77	CODE:5c2d	LCALL 0x90d1	4	write	INTMEM	1	(register, 0x40, 1)		(unique, 0xb400, 1)
instruction	CODE:5b77	CODE:5c2d	LCALL 0x90d1	6	write	INTMEM	1	(register, 0x40, 1)		(unique, 0x1200, 1)
instruction	CODE:5b77	CODE:5c32	RET	1	read	INTMEM	1	(register, 0x40, 1)		
instruction	CODE:5b77	CODE:5c32	RET	3	read	INTMEM	1	(register, 0x40, 1)		
instruction	CODE:5c33	CODE:5c37	LCALL 0x9a0d	4	write	INTMEM	1	(register, 0x40, 1)		(unique, 0xb400, 1)
instruction	CODE:5c33	CODE:5c37	LCALL 0x9a0d	6	write	INTMEM	1	(register, 0x40, 1)		(unique, 0x1200, 1)
instruction	CODE:5c33	CODE:5c3b	RET	1	read	INTMEM	1	(register, 0x40, 1)		
instruction	CODE:5c33	CODE:5c3b	RET	3	read	INTMEM	1	(register, 0x40, 1)		
instruction	CODE:5c3c	CODE:5c3c	PUSH A	1	write	INTMEM	1	(register, 0x40, 1)		(register, 0xb, 1)
instruction	CODE:5c3c	CODE:5c3e	PUSH B	1	write	INTMEM	1	(register, 0x40, 1)		(register, 0xa, 1)
instruction	CODE:5c3c	CODE:5c40	PUSH DPH	1	write	INTMEM	1	(register, 0x40, 1)		(register, 0x82, 1)
instruction	CODE:5c3c	CODE:5c42	PUSH DPL	1	write	INTMEM	1	(register, 0x40, 1)		(register, 0x83, 1)
instruction	CODE:5c3c	CODE:5c44	PUSH PSW	1	write	INTMEM	1	(register, 0x40, 1)		(register, 0x48, 1)
instruction	CODE:5c3c	CODE:5c49	PUSH 0x00	1	write	INTMEM	1	(register, 0x40, 1)		mem[INTMEM:00]
instruction	CODE:5c3c	CODE:5c4b	PUSH 0x01	1	write	INTMEM	1	(register, 0x40, 1)		mem[INTMEM:01]
instruction	CODE:5c3c	CODE:5c4d	PUSH 0x02	1	write	INTMEM	1	(register, 0x40, 1)		mem[INTMEM:02]
instruction	CODE:5c3c	CODE:5c4f	PUSH 0x03	1	write	INTMEM	1	(register, 0x40, 1)		mem[INTMEM:03]
instruction	CODE:5c3c	CODE:5c51	PUSH 0x04	1	write	INTMEM	1	(register, 0x40, 1)		mem[INTMEM:04]
instruction	CODE:5c3c	CODE:5c53	PUSH 0x05	1	write	INTMEM	1	(register, 0x40, 1)		mem[INTMEM:05]
instruction	CODE:5c3c	CODE:5c55	PUSH 0x06	1	write	INTMEM	1	(register, 0x40, 1)		mem[INTMEM:06]
instruction	CODE:5c3c	CODE:5c57	PUSH 0x07	1	write	INTMEM	1	(register, 0x40, 1)		mem[INTMEM:07]
instruction	CODE:5c3c	CODE:5c5c	MOVX A,@DPTR	1	read	EXTMEM	1	(unique, 0x2800, 2)		
instruction	CODE:5c3c	CODE:5c5f	MOV @R0,A	1	write	INTMEM	1	(register, 0x0, 1)		(unique, 0x2a00, 1)
instruction	CODE:5c3c	CODE:5c65	MOV A,@R0	0	read	INTMEM	1	(register, 0x0, 1)		
instruction	CODE:5c3c	CODE:5c6c	MOV A,@R1	0	read	INTMEM	1	(register, 0x1, 1)		
instruction	CODE:5c3c	CODE:5c6e	XRL A,@R0	0	read	INTMEM	1	(register, 0x0, 1)		
instruction	CODE:5c3c	CODE:5c71	LCALL 0x770c	4	write	INTMEM	1	(register, 0x40, 1)		(unique, 0xb400, 1)
instruction	CODE:5c3c	CODE:5c71	LCALL 0x770c	6	write	INTMEM	1	(register, 0x40, 1)		(unique, 0x1200, 1)
instruction	CODE:5c3c	CODE:5c76	MOV A,@R0	0	read	INTMEM	1	(register, 0x0, 1)		
instruction	CODE:5c3c	CODE:5c77	LCALL 0x76ec	4	write	INTMEM	1	(register, 0x40, 1)		(unique, 0xb400, 1)
instruction	CODE:5c3c	CODE:5c77	LCALL 0x76ec	6	write	INTMEM	1	(register, 0x40, 1)		(unique, 0x1200, 1)
instruction	CODE:5c3c	CODE:5c7a	INC @R0	0	read	INTMEM	1	(register, 0x0, 1)		
instruction	CODE:5c3c	CODE:5c7a	INC @R0	2	write	INTMEM	1	(register, 0x0, 1)		(unique, 0x2a00, 1)
instruction	CODE:5c3c	CODE:5c7b	MOV A,@R0	0	read	INTMEM	1	(register, 0x0, 1)		
instruction	CODE:5c3c	CODE:5c81	MOV @R0,#0x0	1	write	INTMEM	1	(register, 0x0, 1)		(unique, 0x2a00, 1)
instruction	CODE:5c3c	CODE:5c87	MOV @R0,#0x0	1	write	INTMEM	1	(register, 0x0, 1)		(unique, 0x2a00, 1)
instruction	CODE:5c3c	CODE:5c95	MOV A,@R0	0	read	INTMEM	1	(register, 0x0, 1)		
instruction	CODE:5c3c	CODE:5c9b	MOV @R0,#0x0	1	write	INTMEM	1	(register, 0x0, 1)		(unique, 0x2a00, 1)
instruction	CODE:5c3c	CODE:5c9f	MOV @R0,#0x2	1	write	INTMEM	1	(register, 0x0, 1)		(unique, 0x2a00, 1)
instruction	CODE:5c3c	CODE:5ca3	MOV A,@R0	0	read	INTMEM	1	(register, 0x0, 1)		
instruction	CODE:5c3c	CODE:5cac	LCALL 0x66fd	4	write	INTMEM	1	(register, 0x40, 1)		(unique, 0xb400, 1)
instruction	CODE:5c3c	CODE:5cac	LCALL 0x66fd	6	write	INTMEM	1	(register, 0x40, 1)		(unique, 0x1200, 1)
instruction	CODE:5c3c	CODE:5cb3	MOV @R0,0xc7	1	write	INTMEM	1	(register, 0x0, 1)		(unique, 0x2a00, 1)
instruction	CODE:5c3c	CODE:5cbc	MOV A,@R0	0	read	INTMEM	1	(register, 0x0, 1)		
instruction	CODE:5c3c	CODE:5cc2	MOV A,@R0	0	read	INTMEM	1	(register, 0x0, 1)		
instruction	CODE:5c3c	CODE:5cc6	MOV @R0,#0x1	1	write	INTMEM	1	(register, 0x0, 1)		(unique, 0x2a00, 1)
instruction	CODE:5c3c	CODE:5cca	MOV @R0,#0x0	1	write	INTMEM	1	(register, 0x0, 1)		(unique, 0x2a00, 1)
instruction	CODE:5c3c	CODE:5cce	MOV @R0,#0x1	1	write	INTMEM	1	(register, 0x0, 1)		(unique, 0x2a00, 1)
instruction	CODE:5c3c	CODE:5cd9	LCALL 0x9b66	4	write	INTMEM	1	(register, 0x40, 1)		(unique, 0xb400, 1)
instruction	CODE:5c3c	CODE:5cd9	LCALL 0x9b66	6	write	INTMEM	1	(register, 0x40, 1)		(unique, 0x1200, 1)
instruction	CODE:5c3c	CODE:5cdf	POP 0x07	0	read	INTMEM	1	(register, 0x40, 1)		
instruction	CODE:5c3c	CODE:5ce1	POP 0x06	0	read	INTMEM	1	(register, 0x40, 1)		
instruction	CODE:5c3c	CODE:5ce3	POP 0x05	0	read	INTMEM	1	(register, 0x40, 1)		
instruction	CODE:5c3c	CODE:5ce5	POP 0x04	0	read	INTMEM	1	(register, 0x40, 1)		
instruction	CODE:5c3c	CODE:5ce7	POP 0x03	0	read	INTMEM	1	(register, 0x40, 1)		
instruction	CODE:5c3c	CODE:5ce9	POP 0x02	0	read	INTMEM	1	(register, 0x40, 1)		
instruction	CODE:5c3c	CODE:5ceb	POP 0x01	0	read	INTMEM	1	(register, 0x40, 1)		
instruction	CODE:5c3c	CODE:5ced	POP 0x00	0	read	INTMEM	1	(register, 0x40, 1)		
instruction	CODE:5c3c	CODE:5cef	POP PSW	0	read	INTMEM	1	(register, 0x40, 1)		
instruction	CODE:5c3c	CODE:5cf1	POP DPL	0	read	INTMEM	1	(register, 0x40, 1)		
instruction	CODE:5c3c	CODE:5cf3	POP DPH	0	read	INTMEM	1	(register, 0x40, 1)		
instruction	CODE:5c3c	CODE:5cf5	POP B	0	read	INTMEM	1	(register, 0x40, 1)		
instruction	CODE:5c3c	CODE:5cf7	POP A	0	read	INTMEM	1	(register, 0x40, 1)		
instruction	CODE:5c3c	CODE:5cf9	RETI	1	read	INTMEM	1	(register, 0x40, 1)		
instruction	CODE:5c3c	CODE:5cf9	RETI	3	read	INTMEM	1	(register, 0x40, 1)		
instruction	CODE:5cfa	CODE:5cfe	MOVX @DPTR,A	2	write	EXTMEM	1	(unique, 0x2800, 2)		(unique, 0x2900, 1)
instruction	CODE:5cfa	CODE:5d03	MOVX @DPTR,A	2	write	EXTMEM	1	(unique, 0x2800, 2)		(unique, 0x2900, 1)
instruction	CODE:5cfa	CODE:5d07	MOVX @DPTR,A	2	write	EXTMEM	1	(unique, 0x2800, 2)		(unique, 0x2900, 1)
instruction	CODE:5cfa	CODE:5d08	LCALL 0x344a	4	write	INTMEM	1	(register, 0x40, 1)		(unique, 0xb400, 1)
instruction	CODE:5cfa	CODE:5d08	LCALL 0x344a	6	write	INTMEM	1	(register, 0x40, 1)		(unique, 0x1200, 1)
instruction	CODE:5cfa	CODE:5d0b	MOVX A,@DPTR	1	read	EXTMEM	1	(unique, 0x2800, 2)		
instruction	CODE:5cfa	CODE:5d10	LCALL 0xa59d	4	write	INTMEM	1	(register, 0x40, 1)		(unique, 0xb400, 1)
instruction	CODE:5cfa	CODE:5d10	LCALL 0xa59d	6	write	INTMEM	1	(register, 0x40, 1)		(unique, 0x1200, 1)
instruction	CODE:5cfa	CODE:5d21	MOVX A,@DPTR	1	read	EXTMEM	1	(unique, 0x2800, 2)		
instruction	CODE:5cfa	CODE:5d25	MOVX @DPTR,A	2	write	EXTMEM	1	(unique, 0x2800, 2)		(unique, 0x2900, 1)
instruction	CODE:5cfa	CODE:5d2b	MOVX @DPTR,A	2	write	EXTMEM	1	(unique, 0x2800, 2)		(unique, 0x2900, 1)
instruction	CODE:5cfa	CODE:5d2f	MOVX A,@DPTR	1	read	EXTMEM	1	(unique, 0x2800, 2)		
instruction	CODE:5cfa	CODE:5d31	MOVX @DPTR,A	2	write	EXTMEM	1	(unique, 0x2800, 2)		(unique, 0x2900, 1)
instruction	CODE:5cfa	CODE:5d32	MOVX A,@DPTR	1	read	EXTMEM	1	(unique, 0x2800, 2)		
instruction	CODE:5cfa	CODE:5d3b	MOVX @DPTR,A	2	write	EXTMEM	1	(unique, 0x2800, 2)		(unique, 0x2900, 1)
instruction	CODE:5cfa	CODE:5d3c	LCALL 0x33e9	4	write	INTMEM	1	(register, 0x40, 1)		(unique, 0xb400, 1)
instruction	CODE:5cfa	CODE:5d3c	LCALL 0x33e9	6	write	INTMEM	1	(register, 0x40, 1)		(unique, 0x1200, 1)
instruction	CODE:5cfa	CODE:5d45	MOVX A,@DPTR	1	read	EXTMEM	1	(unique, 0x2800, 2)		
instruction	CODE:5cfa	CODE:5d47	MOVX @DPTR,A	2	write	EXTMEM	1	(unique, 0x2800, 2)		(unique, 0x2900, 1)
instruction	CODE:5cfa	CODE:5d48	MOVX A,@DPTR	1	read	EXTMEM	1	(unique, 0x2800, 2)		
instruction	CODE:5cfa	CODE:5d4e	RET	1	read	INTMEM	1	(register, 0x40, 1)		
instruction	CODE:5cfa	CODE:5d4e	RET	3	read	INTMEM	1	(register, 0x40, 1)		
instruction	CODE:5cfa	CODE:5d4f	LCALL 0xa59d	4	write	INTMEM	1	(register, 0x40, 1)		(unique, 0xb400, 1)
instruction	CODE:5cfa	CODE:5d4f	LCALL 0xa59d	6	write	INTMEM	1	(register, 0x40, 1)		(unique, 0x1200, 1)
instruction	CODE:5cfa	CODE:5d59	MOVX A,@DPTR	1	read	EXTMEM	1	(unique, 0x2800, 2)		
instruction	CODE:5cfa	CODE:5d5d	MOVX @DPTR,A	2	write	EXTMEM	1	(unique, 0x2800, 2)		(unique, 0x2900, 1)
instruction	CODE:5cfa	CODE:5d5e	LCALL 0xa5a5	4	write	INTMEM	1	(register, 0x40, 1)		(unique, 0xb400, 1)
instruction	CODE:5cfa	CODE:5d5e	LCALL 0xa5a5	6	write	INTMEM	1	(register, 0x40, 1)		(unique, 0x1200, 1)
instruction	CODE:5cfa	CODE:5d6c	MOVX A,@DPTR	1	read	EXTMEM	1	(unique, 0x2800, 2)		
instruction	CODE:5cfa	CODE:5d70	MOVX @DPTR,A	2	write	EXTMEM	1	(unique, 0x2800, 2)		(unique, 0x2900, 1)
instruction	CODE:5cfa	CODE:5d74	MOVX A,@DPTR	1	read	EXTMEM	1	(unique, 0x2800, 2)		
instruction	CODE:5cfa	CODE:5d79	LCALL 0xa7f0	4	write	INTMEM	1	(register, 0x40, 1)		(unique, 0xb400, 1)
instruction	CODE:5cfa	CODE:5d79	LCALL 0xa7f0	6	write	INTMEM	1	(register, 0x40, 1)		(unique, 0x1200, 1)
instruction	CODE:5cfa	CODE:5d80	MOVX @DPTR,A	2	write	EXTMEM	1	(unique, 0x2800, 2)		(unique, 0x2900, 1)
instruction	CODE:5cfa	CODE:5d84	MOVX A,@DPTR	1	read	EXTMEM	1	(unique, 0x2800, 2)		
instruction	CODE:5cfa	CODE:5d90	MOVX A,@DPTR	1	read	EXTMEM	1	(unique, 0x2800, 2)		
instruction	CODE:5cfa	CODE:5d94	MOVX @DPTR,A	2	write	EXTMEM	1	(unique, 0x2800, 2)		(unique, 0x2900, 1)
instruction	CODE:5cfa	CODE:5d98	MOVX A,@DPTR	1	read	EXTMEM	1	(unique, 0x2800, 2)		
instruction	CODE:5cfa	CODE:5d9a	LCALL 0x3472	4	write	INTMEM	1	(register, 0x40, 1)		(unique, 0xb400, 1)
instruction	CODE:5cfa	CODE:5d9a	LCALL 0x3472	6	write	INTMEM	1	(register, 0x40, 1)		(unique, 0x1200, 1)
instruction	CODE:5cfa	CODE:5da1	LCALL 0xa9ae	4	write	INTMEM	1	(register, 0x40, 1)		(unique, 0xb400, 1)
instruction	CODE:5cfa	CODE:5da1	LCALL 0xa9ae	6	write	INTMEM	1	(register, 0x40, 1)		(unique, 0x1200, 1)
instruction	CODE:5cfa	CODE:5da7	MOVX A,@DPTR	1	read	EXTMEM	1	(unique, 0x2800, 2)		
instruction	CODE:5cfa	CODE:5dab	LCALL 0xa9ae	4	write	INTMEM	1	(register, 0x40, 1)		(unique, 0xb400, 1)
instruction	CODE:5cfa	CODE:5dab	LCALL 0xa9ae	6	write	INTMEM	1	(register, 0x40, 1)		(unique, 0x1200, 1)
instruction	CODE:5cfa	CODE:5db3	LCALL 0xa9ae	4	write	INTMEM	1	(register, 0x40, 1)		(unique, 0xb400, 1)
instruction	CODE:5cfa	CODE:5db3	LCALL 0xa9ae	6	write	INTMEM	1	(register, 0x40, 1)		(unique, 0x1200, 1)
instruction	CODE:5cfa	CODE:5db6	RET	1	read	INTMEM	1	(register, 0x40, 1)		
instruction	CODE:5cfa	CODE:5db6	RET	3	read	INTMEM	1	(register, 0x40, 1)		
instruction	CODE:5db7	CODE:5dbc	MOV A,@R0	0	read	INTMEM	1	(register, 0x0, 1)		
instruction	CODE:5db7	CODE:5dc3	RET	1	read	INTMEM	1	(register, 0x40, 1)		
instruction	CODE:5db7	CODE:5dc3	RET	3	read	INTMEM	1	(register, 0x40, 1)		
instruction	CODE:5db7	CODE:5dc6	MOV A,@R0	0	read	INTMEM	1	(register, 0x0, 1)		
instruction	CODE:5db7	CODE:5dcc	MOVX @DPTR,A	2	write	EXTMEM	1	(unique, 0x2800, 2)		(unique, 0x2900, 1)
instruction	CODE:5db7	CODE:5dcf	MOVX @DPTR,A	2	write	EXTMEM	1	(unique, 0x2800, 2)		(unique, 0x2900, 1)
instruction	CODE:5db7	CODE:5dd1	MOV @R0,A	1	write	INTMEM	1	(register, 0x0, 1)		(unique, 0x2a00, 1)
instruction	CODE:5db7	CODE:5dd7	MOV A,@R0	0	read	INTMEM	1	(register, 0x0, 1)		
instruction	CODE:5db7	CODE:5ddf	MOV @R0,A	1	write	INTMEM	1	(register, 0x0, 1)		(unique, 0x2a00, 1)
instruction	CODE:5db7	CODE:5de2	MOV A,@R0	0	read	INTMEM	1	(register, 0x0, 1)		
instruction	CODE:5db7	CODE:5deb	LCALL 0x8b2b	4	write	INTMEM	1	(register, 0x40, 1)		(unique, 0xb400, 1)
instruction	CODE:5db7	CODE:5deb	LCALL 0x8b2b	6	write	INTMEM	1	(register, 0x40, 1)		(unique, 0x1200, 1)
instruction	CODE:5db7	CODE:5df1	MOVX @DPTR,A	2	write	EXTMEM	1	(unique, 0x2800, 2)		(unique, 0x2900, 1)
instruction	CODE:5db7	CODE:5df4	MOVX @DPTR,A	2	write	EXTMEM	1	(unique, 0x2800, 2)		(unique, 0x2900, 1)
instruction	CODE:5db7	CODE:5df9	MOVX A,@DPTR	1	read	EXTMEM	1	(unique, 0x2800, 2)		
instruction	CODE:5db7	CODE:5dff	MOVX A,@DPTR	1	read	EXTMEM	1	(unique, 0x2800, 2)		
instruction	CODE:5db7	CODE:5e02	MOVX A,@DPTR	1	read	EXTMEM	1	(unique, 0x2800, 2)		
instruction	CODE:5db7	CODE:5e0a	LCALL 0x8b1b	4	write	INTMEM	1	(register, 0x40, 1)		(unique, 0xb400, 1)
instruction	CODE:5db7	CODE:5e0a	LCALL 0x8b1b	6	write	INTMEM	1	(register, 0x40, 1)		(unique, 0x1200, 1)
instruction	CODE:5db7	CODE:5e0d	MOVX A,@DPTR	1	read	EXTMEM	1	(unique, 0x2800, 2)		
instruction	CODE:5db7	CODE:5e14	LCALL 0x8b40	4	write	INTMEM	1	(register, 0x40, 1)		(unique, 0xb400, 1)
instruction	CODE:5db7	CODE:5e14	LCALL 0x8b40	6	write	INTMEM	1	(register, 0x40, 1)		(unique, 0x1200, 1)
instruction	CODE:5db7	CODE:5e1a	MOVX A,@DPTR	1	read	EXTMEM	1	(unique, 0x2800, 2)		
instruction	CODE:5db7	CODE:5e1d	MOVX A,@DPTR	1	read	EXTMEM	1	(unique, 0x2800, 2)		
instruction	CODE:5db7	CODE:5e22	MOVX A,@DPTR	1	read	EXTMEM	1	(unique, 0x2800, 2)		
instruction	CODE:5db7	CODE:5e25	MOVX A,@DPTR	1	read	EXTMEM	1	(unique, 0x2800, 2)		
instruction	CODE:5db7	CODE:5e2e	LCALL 0x8b24	4	write	INTMEM	1	(register, 0x40, 1)		(unique, 0xb400, 1)
instruction	CODE:5db7	CODE:5e2e	LCALL 0x8b24	6	write	INTMEM	1	(register, 0x40, 1)		(unique, 0x1200, 1)
instruction	CODE:5db7	CODE:5e32	PUSH DPH	1	write	INTMEM	1	(register, 0x40, 1)		(register, 0x82, 1)
instruction	CODE:5db7	CODE:5e34	PUSH DPL	1	write	INTMEM	1	(register, 0x40, 1)		(register, 0x83, 1)
instruction	CODE:5db7	CODE:5e37	MOVX A,@DPTR	1	read	EXTMEM	1	(unique, 0x2800, 2)		
instruction	CODE:5db7	CODE:5e43	MOVX A,@DPTR	1	read	EXTMEM	1	(unique, 0x2800, 2)		
instruction	CODE:5db7	CODE:5e45	POP DPL	0	read	INTMEM	1	(register, 0x40, 1)		
instruction	CODE:5db7	CODE:5e47	POP DPH	0	read	INTMEM	1	(register, 0x40, 1)		
instruction	CODE:5db7	CODE:5e49	MOVX @DPTR,A	2	write	EXTMEM	1	(unique, 0x2800, 2)		(unique, 0x2900, 1)
instruction	CODE:5db7	CODE:5e4c	MOVX @DPTR,A	2	write	EXTMEM	1	(unique, 0x2800, 2)		(unique, 0x2900, 1)
instruction	CODE:5db7	CODE:5e4f	LCALL 0x8b3b	4	write	INTMEM	1	(register, 0x40, 1)		(unique, 0xb400, 1)
instruction	CODE:5db7	CODE:5e4f	LCALL 0x8b3b	6	write	INTMEM	1	(register, 0x40, 1)		(unique, 0x1200, 1)
instruction	CODE:5db7	CODE:5e52	MOVX A,@DPTR	1	read	EXTMEM	1	(unique, 0x2800, 2)		
instruction	CODE:5db7	CODE:5e55	MOVX A,@DPTR	1	read	EXTMEM	1	(unique, 0x2800, 2)		
instruction	CODE:5db7	CODE:5e59	LCALL 0x8800	4	write	INTMEM	1	(register, 0x40, 1)		(unique, 0xb400, 1)
instruction	CODE:5db7	CODE:5e59	LCALL 0x8800	6	write	INTMEM	1	(register, 0x40, 1)		(unique, 0x1200, 1)
instruction	CODE:5db7	CODE:5e5c	LCALL 0x8b3b	4	write	INTMEM	1	(register, 0x40, 1)		(unique, 0xb400, 1)
instruction	CODE:5db7	CODE:5e5c	LCALL 0x8b3b	6	write	INTMEM	1	(register, 0x40, 1)		(unique, 0x1200, 1)
instruction	CODE:5db7	CODE:5e60	MOVX @DPTR,A	2	write	EXTMEM	1	(unique, 0x2800, 2)		(unique, 0x2900, 1)
instruction	CODE:5db7	CODE:5e63	MOV A,@R0	0	read	INTMEM	1	(register, 0x0, 1)		
instruction	CODE:5db7	CODE:5e66	DEC @R0	0	read	INTMEM	1	(register, 0x0, 1)		
instruction	CODE:5db7	CODE:5e66	DEC @R0	2	write	INTMEM	1	(register, 0x0, 1)		(unique, 0x2a00, 1)
instruction	CODE:5db7	CODE:5e69	MOV A,@R0	0	read	INTMEM	1	(register, 0x0, 1)		
instruction	CODE:5db7	CODE:5e6e	INC @R0	0	read	INTMEM	1	(register, 0x0, 1)		
instruction	CODE:5db7	CODE:5e6e	INC @R0	2	write	INTMEM	1	(register, 0x0, 1)		(unique, 0x2a00, 1)
instruction	CODE:5db7	CODE:5e72	RET	1	read	INTMEM	1	(register, 0x40, 1)		
instruction	CODE:5db7	CODE:5e72	RET	3	read	INTMEM	1	(register, 0x40, 1)		
instruction	CODE:5e73	CODE:5e77	MOVX @DPTR,A	2	write	EXTMEM	1	(unique, 0x2800, 2)		(unique, 0x2900, 1)
instruction	CODE:5e73	CODE:5e7a	LCALL 0xa727	4	write	INTMEM	1	(register, 0x40, 1)		(unique, 0xb400, 1)
instruction	CODE:5e73	CODE:5e7a	LCALL 0xa727	6	write	INTMEM	1	(register, 0x40, 1)		(unique, 0x1200, 1)
instruction	CODE:5e73	CODE:5e80	MOVX A,@DPTR	1	read	EXTMEM	1	(unique, 0x2800, 2)		
instruction	CODE:5e73	CODE:5eac	LCALL 0xa1e7	4	write	INTMEM	1	(register, 0x40, 1)		(unique, 0xb400, 1)
instruction	CODE:5e73	CODE:5eac	LCALL 0xa1e7	6	write	INTMEM	1	(register, 0x40, 1)		(unique, 0x1200, 1)
instruction	CODE:5e73	CODE:5eb4	MOVX @DPTR,A	2	write	EXTMEM	1	(unique, 0x2800, 2)		(unique, 0x2900, 1)
instruction	CODE:5e73	CODE:5eb5	LCALL 0xa160	4	write	INTMEM	1	(register, 0x40, 1)		(unique, 0xb400, 1)
instruction	CODE:5e73	CODE:5eb5	LCALL 0xa160	6	write	INTMEM	1	(register, 0x40, 1)		(unique, 0x1200, 1)
instruction	unassigned	CODE:5eba	LCALL 0xa733	4	write	INTMEM	1	(register, 0x40, 1)		(unique, 0xb400, 1)
instruction	unassigned	CODE:5eba	LCALL 0xa733	6	write	INTMEM	1	(register, 0x40, 1)		(unique, 0x1200, 1)
instruction	unassigned	CODE:5ec2	MOVX @DPTR,A	2	write	EXTMEM	1	(unique, 0x2800, 2)		(unique, 0x2900, 1)
instruction	unassigned	CODE:5ec3	LCALL 0x9d16	4	write	INTMEM	1	(register, 0x40, 1)		(unique, 0xb400, 1)
instruction	unassigned	CODE:5ec3	LCALL 0x9d16	6	write	INTMEM	1	(register, 0x40, 1)		(unique, 0x1200, 1)
instruction	unassigned	CODE:5ecf	LCALL 0xa662	4	write	INTMEM	1	(register, 0x40, 1)		(unique, 0xb400, 1)
instruction	unassigned	CODE:5ecf	LCALL 0xa662	6	write	INTMEM	1	(register, 0x40, 1)		(unique, 0x1200, 1)
instruction	unassigned	CODE:5ed9	MOVX @DPTR,A	2	write	EXTMEM	1	(unique, 0x2800, 2)		(unique, 0x2900, 1)
instruction	unassigned	CODE:5eda	LCALL 0xa3f9	4	write	INTMEM	1	(register, 0x40, 1)		(unique, 0xb400, 1)
instruction	unassigned	CODE:5eda	LCALL 0xa3f9	6	write	INTMEM	1	(register, 0x40, 1)		(unique, 0x1200, 1)
instruction	unassigned	CODE:5ee4	MOVX @DPTR,A	2	write	EXTMEM	1	(unique, 0x2800, 2)		(unique, 0x2900, 1)
instruction	unassigned	CODE:5ee5	LCALL 0xa3b9	4	write	INTMEM	1	(register, 0x40, 1)		(unique, 0xb400, 1)
instruction	unassigned	CODE:5ee5	LCALL 0xa3b9	6	write	INTMEM	1	(register, 0x40, 1)		(unique, 0x1200, 1)
instruction	unassigned	CODE:5eeb	LCALL 0x6283	4	write	INTMEM	1	(register, 0x40, 1)		(unique, 0xb400, 1)
instruction	unassigned	CODE:5eeb	LCALL 0x6283	6	write	INTMEM	1	(register, 0x40, 1)		(unique, 0x1200, 1)
instruction	unassigned	CODE:5ef1	LCALL 0x6217	4	write	INTMEM	1	(register, 0x40, 1)		(unique, 0xb400, 1)
instruction	unassigned	CODE:5ef1	LCALL 0x6217	6	write	INTMEM	1	(register, 0x40, 1)		(unique, 0x1200, 1)
instruction	unassigned	CODE:5ef4	MOVX A,@DPTR	1	read	EXTMEM	1	(unique, 0x2800, 2)		
instruction	unassigned	CODE:5efa	LCALL 0x629e	4	write	INTMEM	1	(register, 0x40, 1)		(unique, 0xb400, 1)
instruction	unassigned	CODE:5efa	LCALL 0x629e	6	write	INTMEM	1	(register, 0x40, 1)		(unique, 0x1200, 1)
instruction	unassigned	CODE:5efd	MOVX A,@DPTR	1	read	EXTMEM	1	(unique, 0x2800, 2)		
instruction	unassigned	CODE:5efe	LCALL 0x628c	4	write	INTMEM	1	(register, 0x40, 1)		(unique, 0xb400, 1)
instruction	unassigned	CODE:5efe	LCALL 0x628c	6	write	INTMEM	1	(register, 0x40, 1)		(unique, 0x1200, 1)
instruction	unassigned	CODE:5f09	LCALL 0xa04b	4	write	INTMEM	1	(register, 0x40, 1)		(unique, 0xb400, 1)
instruction	unassigned	CODE:5f09	LCALL 0xa04b	6	write	INTMEM	1	(register, 0x40, 1)		(unique, 0x1200, 1)
instruction	unassigned	CODE:5f0e	LCALL 0x9b51	4	write	INTMEM	1	(register, 0x40, 1)		(unique, 0xb400, 1)
instruction	unassigned	CODE:5f0e	LCALL 0x9b51	6	write	INTMEM	1	(register, 0x40, 1)		(unique, 0x1200, 1)
instruction	unassigned	CODE:5f18	MOVX @DPTR,A	2	write	EXTMEM	1	(unique, 0x2800, 2)		(unique, 0x2900, 1)
instruction	unassigned	CODE:5f19	LCALL 0x9b51	4	write	INTMEM	1	(register, 0x40, 1)		(unique, 0xb400, 1)
instruction	unassigned	CODE:5f19	LCALL 0x9b51	6	write	INTMEM	1	(register, 0x40, 1)		(unique, 0x1200, 1)
instruction	unassigned	CODE:5f1e	LCALL 0xa646	4	write	INTMEM	1	(register, 0x40, 1)		(unique, 0xb400, 1)
instruction	unassigned	CODE:5f1e	LCALL 0xa646	6	write	INTMEM	1	(register, 0x40, 1)		(unique, 0x1200, 1)
instruction	CODE:5e73	CODE:5f26	MOVX A,@DPTR	1	read	EXTMEM	1	(unique, 0x2800, 2)		
instruction	CODE:5e73	CODE:5f28	LCALL 0xa72d	4	write	INTMEM	1	(register, 0x40, 1)		(unique, 0xb400, 1)
instruction	CODE:5e73	CODE:5f28	LCALL 0xa72d	6	write	INTMEM	1	(register, 0x40, 1)		(unique, 0x1200, 1)
instruction	CODE:5e73	CODE:5f2b	RET	1	read	INTMEM	1	(register, 0x40, 1)		
instruction	CODE:5e73	CODE:5f2b	RET	3	read	INTMEM	1	(register, 0x40, 1)		
instruction	CODE:5f2c	CODE:5f2c	LCALL 0xa521	4	write	INTMEM	1	(register, 0x40, 1)		(unique, 0xb400, 1)
instruction	CODE:5f2c	CODE:5f2c	LCALL 0xa521	6	write	INTMEM	1	(register, 0x40, 1)		(unique, 0x1200, 1)
instruction	CODE:5f2c	CODE:5f38	MOV A,@R0	0	read	INTMEM	1	(register, 0x0, 1)		
instruction	CODE:5f2c	CODE:5f3d	MOV A,@R0	0	read	INTMEM	1	(register, 0x0, 1)		
instruction	CODE:5f2c	CODE:5f42	LCALL 0x109e	4	write	INTMEM	1	(register, 0x40, 1)		(unique, 0xb400, 1)
instruction	CODE:5f2c	CODE:5f42	LCALL 0x109e	6	write	INTMEM	1	(register, 0x40, 1)		(unique, 0x1200, 1)
instruction	CODE:5f2c	CODE:5f50	LCALL 0xa403	4	write	INTMEM	1	(register, 0x40, 1)		(unique, 0xb400, 1)
instruction	CODE:5f2c	CODE:5f50	LCALL 0xa403	6	write	INTMEM	1	(register, 0x40, 1)		(unique, 0x1200, 1)
instruction	CODE:5f2c	CODE:5f57	LCALL 0x5062	4	write	INTMEM	1	(register, 0x40, 1)		(unique, 0xb400, 1)
instruction	CODE:5f2c	CODE:5f57	LCALL 0x5062	6	write	INTMEM	1	(register, 0x40, 1)		(unique, 0x1200, 1)
instruction	CODE:5f2c	CODE:5f5a	LCALL 0x8a3b	4	write	INTMEM	1	(register, 0x40, 1)		(unique, 0xb400, 1)
instruction	CODE:5f2c	CODE:5f5a	LCALL 0x8a3b	6	write	INTMEM	1	(register, 0x40, 1)		(unique, 0x1200, 1)
instruction	CODE:5f2c	CODE:5f68	MOVX A,@DPTR	1	read	EXTMEM	1	(unique, 0x2800, 2)		
instruction	CODE:5f2c	CODE:5f6b	MOVX A,@DPTR	1	read	EXTMEM	1	(unique, 0x2800, 2)		
instruction	CODE:5f2c	CODE:5f70	MOVX @DPTR,A	2	write	EXTMEM	1	(unique, 0x2800, 2)		(unique, 0x2900, 1)
instruction	CODE:5f2c	CODE:5f73	MOVX @DPTR,A	2	write	EXTMEM	1	(unique, 0x2800, 2)		(unique, 0x2900, 1)
instruction	CODE:5f2c	CODE:5f77	MOVX A,@DPTR	1	read	EXTMEM	1	(unique, 0x2800, 2)		
instruction	CODE:5f2c	CODE:5f7a	MOVX A,@DPTR	1	read	EXTMEM	1	(unique, 0x2800, 2)		
instruction	CODE:5f2c	CODE:5f7f	MOVX @DPTR,A	2	write	EXTMEM	1	(unique, 0x2800, 2)		(unique, 0x2900, 1)
instruction	CODE:5f2c	CODE:5f82	MOVX @DPTR,A	2	write	EXTMEM	1	(unique, 0x2800, 2)		(unique, 0x2900, 1)
instruction	CODE:5f2c	CODE:5f83	LCALL 0x87aa	4	write	INTMEM	1	(register, 0x40, 1)		(unique, 0xb400, 1)
instruction	CODE:5f2c	CODE:5f83	LCALL 0x87aa	6	write	INTMEM	1	(register, 0x40, 1)		(unique, 0x1200, 1)
instruction	CODE:5f2c	CODE:5f89	MOVX A,@DPTR	1	read	EXTMEM	1	(unique, 0x2800, 2)		
instruction	CODE:5f2c	CODE:5f97	LCALL 0x87aa	4	write	INTMEM	1	(register, 0x40, 1)		(unique, 0xb400, 1)
instruction	CODE:5f2c	CODE:5f97	LCALL 0x87aa	6	write	INTMEM	1	(register, 0x40, 1)		(unique, 0x1200, 1)
instruction	CODE:5f2c	CODE:5f9c	LCALL 0x9ba3	4	write	INTMEM	1	(register, 0x40, 1)		(unique, 0xb400, 1)
instruction	CODE:5f2c	CODE:5f9c	LCALL 0x9ba3	6	write	INTMEM	1	(register, 0x40, 1)		(unique, 0x1200, 1)
instruction	CODE:5f2c	CODE:5fa1	MOV A,@R0	0	read	INTMEM	1	(register, 0x0, 1)		
instruction	CODE:5f2c	CODE:5fa3	LCALL 0x109e	4	write	INTMEM	1	(register, 0x40, 1)		(unique, 0xb400, 1)
instruction	CODE:5f2c	CODE:5fa3	LCALL 0x109e	6	write	INTMEM	1	(register, 0x40, 1)		(unique, 0x1200, 1)
instruction	CODE:5f2c	CODE:5faa	MOVX @DPTR,A	2	write	EXTMEM	1	(unique, 0x2800, 2)		(unique, 0x2900, 1)
instruction	CODE:5f2c	CODE:5fad	MOVX @DPTR,A	2	write	EXTMEM	1	(unique, 0x2800, 2)		(unique, 0x2900, 1)
instruction	CODE:5f2c	CODE:5fb1	MOVX @DPTR,A	2	write	EXTMEM	1	(unique, 0x2800, 2)		(unique, 0x2900, 1)
instruction	CODE:5f2c	CODE:5fb5	MOVX @DPTR,A	2	write	EXTMEM	1	(unique, 0x2800, 2)		(unique, 0x2900, 1)
instruction	CODE:5f2c	CODE:5fc2	LCALL 0x5064	4	write	INTMEM	1	(register, 0x40, 1)		(unique, 0xb400, 1)
instruction	CODE:5f2c	CODE:5fc2	LCALL 0x5064	6	write	INTMEM	1	(register, 0x40, 1)		(unique, 0x1200, 1)
instruction	CODE:5f2c	CODE:5fc5	LCALL 0x8faa	4	write	INTMEM	1	(register, 0x40, 1)		(unique, 0xb400, 1)
instruction	CODE:5f2c	CODE:5fc5	LCALL 0x8faa	6	write	INTMEM	1	(register, 0x40, 1)		(unique, 0x1200, 1)
instruction	CODE:5f2c	CODE:5fca	LCALL 0x9cca	4	write	INTMEM	1	(register, 0x40, 1)		(unique, 0xb400, 1)
instruction	CODE:5f2c	CODE:5fca	LCALL 0x9cca	6	write	INTMEM	1	(register, 0x40, 1)		(unique, 0x1200, 1)
instruction	CODE:5f2c	CODE:5fd1	LCALL 0x9241	4	write	INTMEM	1	(register, 0x40, 1)		(unique, 0xb400, 1)
instruction	CODE:5f2c	CODE:5fd1	LCALL 0x9241	6	write	INTMEM	1	(register, 0x40, 1)		(unique, 0x1200, 1)
instruction	CODE:5f2c	CODE:5fd4	LCALL 0x50a1	4	write	INTMEM	1	(register, 0x40, 1)		(unique, 0xb400, 1)
instruction	CODE:5f2c	CODE:5fd4	LCALL 0x50a1	6	write	INTMEM	1	(register, 0x40, 1)		(unique, 0x1200, 1)
instruction	CODE:5f2c	CODE:5fd7	MOV @R0,#0x1	1	write	INTMEM	1	(register, 0x0, 1)		(unique, 0x2a00, 1)
instruction	CODE:5f2c	CODE:5fd9	LCALL 0x84ad	4	write	INTMEM	1	(register, 0x40, 1)		(unique, 0xb400, 1)
instruction	CODE:5f2c	CODE:5fd9	LCALL 0x84ad	6	write	INTMEM	1	(register, 0x40, 1)		(unique, 0x1200, 1)
instruction	CODE:5f2c	CODE:5fdc	LCALL 0x5092	4	write	INTMEM	1	(register, 0x40, 1)		(unique, 0xb400, 1)
instruction	CODE:5f2c	CODE:5fdc	LCALL 0x5092	6	write	INTMEM	1	(register, 0x40, 1)		(unique, 0x1200, 1)
instruction	CODE:5f2c	CODE:5fdf	LCALL 0x666b	4	write	INTMEM	1	(register, 0x40, 1)		(unique, 0xb400, 1)
instruction	CODE:5f2c	CODE:5fdf	LCALL 0x666b	6	write	INTMEM	1	(register, 0x40, 1)		(unique, 0x1200, 1)
instruction	CODE:5f2c	CODE:5fe2	RET	1	read	INTMEM	1	(register, 0x40, 1)		
instruction	CODE:5f2c	CODE:5fe2	RET	3	read	INTMEM	1	(register, 0x40, 1)		
instruction	CODE:5fe3	CODE:5fe5	MOV @R0,0x07	1	write	INTMEM	1	(register, 0x0, 1)		(unique, 0x2a00, 1)
instruction	CODE:5fe3	CODE:5fe7	LCALL 0xa4fd	4	write	INTMEM	1	(register, 0x40, 1)		(unique, 0xb400, 1)
instruction	CODE:5fe3	CODE:5fe7	LCALL 0xa4fd	6	write	INTMEM	1	(register, 0x40, 1)		(unique, 0x1200, 1)
instruction	CODE:5fe3	CODE:5fea	LCALL 0xa76f	4	write	INTMEM	1	(register, 0x40, 1)		(unique, 0xb400, 1)
instruction	CODE:5fe3	CODE:5fea	LCALL 0xa76f	6	write	INTMEM	1	(register, 0x40, 1)		(unique, 0x1200, 1)
instruction	CODE:5fe3	CODE:5ff0	LCALL 0xa839	4	write	INTMEM	1	(register, 0x40, 1)		(unique, 0xb400, 1)
instruction	CODE:5fe3	CODE:5ff0	LCALL 0xa839	6	write	INTMEM	1	(register, 0x40, 1)		(unique, 0x1200, 1)
instruction	CODE:5fe3	CODE:5ff3	LCALL 0xa356	4	write	INTMEM	1	(register, 0x40, 1)		(unique, 0xb400, 1)
instruction	CODE:5fe3	CODE:5ff3	LCALL 0xa356	6	write	INTMEM	1	(register, 0x40, 1)		(unique, 0x1200, 1)
instruction	CODE:5fe3	CODE:5ff9	LCALL 0xa40d	4	write	INTMEM	1	(register, 0x40, 1)		(unique, 0xb400, 1)
instruction	CODE:5fe3	CODE:5ff9	LCALL 0xa40d	6	write	INTMEM	1	(register, 0x40, 1)		(unique, 0x1200, 1)
instruction	CODE:5fe3	CODE:5ffc	LCALL 0xa615	4	write	INTMEM	1	(register, 0x40, 1)		(unique, 0xb400, 1)
instruction	CODE:5fe3	CODE:5ffc	LCALL 0xa615	6	write	INTMEM	1	(register, 0x40, 1)		(unique, 0x1200, 1)
instruction	CODE:5fe3	CODE:5fff	RET	1	read	INTMEM	1	(register, 0x40, 1)		
instruction	CODE:5fe3	CODE:5fff	RET	3	read	INTMEM	1	(register, 0x40, 1)		
instruction	CODE:6000	CODE:6004	MOVX @DPTR,A	2	write	EXTMEM	1	(unique, 0x2800, 2)		(unique, 0x2900, 1)
instruction	CODE:6000	CODE:6007	MOVX @DPTR,A	2	write	EXTMEM	1	(unique, 0x2800, 2)		(unique, 0x2900, 1)
instruction	CODE:6000	CODE:600a	MOVX @DPTR,A	2	write	EXTMEM	1	(unique, 0x2800, 2)		(unique, 0x2900, 1)
instruction	CODE:6000	CODE:600d	MOVX @DPTR,A	2	write	EXTMEM	1	(unique, 0x2800, 2)		(unique, 0x2900, 1)
instruction	CODE:6000	CODE:600e	LCALL 0x9894	4	write	INTMEM	1	(register, 0x40, 1)		(unique, 0xb400, 1)
instruction	CODE:6000	CODE:600e	LCALL 0x9894	6	write	INTMEM	1	(register, 0x40, 1)		(unique, 0x1200, 1)
instruction	CODE:6000	CODE:6014	LCALL 0xae2a	4	write	INTMEM	1	(register, 0x40, 1)		(unique, 0xb400, 1)
instruction	CODE:6000	CODE:6014	LCALL 0xae2a	6	write	INTMEM	1	(register, 0x40, 1)		(unique, 0x1200, 1)
instruction	CODE:6000	CODE:601a	MOVX A,@DPTR	1	read	EXTMEM	1	(unique, 0x2800, 2)		
instruction	CODE:6000	CODE:601d	MOVX A,@DPTR	1	read	EXTMEM	1	(unique, 0x2800, 2)		
instruction	CODE:6000	CODE:6025	LCALL 0xadf3	4	write	INTMEM	1	(register, 0x40, 1)		(unique, 0xb400, 1)
instruction	CODE:6000	CODE:6025	LCALL 0xadf3	6	write	INTMEM	1	(register, 0x40, 1)		(unique, 0x1200, 1)
instruction	CODE:6000	CODE:602f	LCALL 0xadf3	4	write	INTMEM	1	(register, 0x40, 1)		(unique, 0xb400, 1)
instruction	CODE:6000	CODE:602f	LCALL 0xadf3	6	write	INTMEM	1	(register, 0x40, 1)		(unique, 0x1200, 1)
instruction	unassigned	CODE:6035	LCALL 0xab49	4	write	INTMEM	1	(register, 0x40, 1)		(unique, 0xb400, 1)
instruction	unassigned	CODE:6035	LCALL 0xab49	6	write	INTMEM	1	(register, 0x40, 1)		(unique, 0x1200, 1)
instruction	unassigned	CODE:603b	MOVX A,@DPTR	1	read	EXTMEM	1	(unique, 0x2800, 2)		
instruction	unassigned	CODE:603f	LCALL 0x4424	4	write	INTMEM	1	(register, 0x40, 1)		(unique, 0xb400, 1)
instruction	unassigned	CODE:603f	LCALL 0x4424	6	write	INTMEM	1	(register, 0x40, 1)		(unique, 0x1200, 1)
instruction	unassigned	CODE:6047	LCALL 0x44a4	4	write	INTMEM	1	(register, 0x40, 1)		(unique, 0xb400, 1)
instruction	unassigned	CODE:6047	LCALL 0x44a4	6	write	INTMEM	1	(register, 0x40, 1)		(unique, 0x1200, 1)
instruction	unassigned	CODE:604d	MOVX A,@DPTR	1	read	EXTMEM	1	(unique, 0x2800, 2)		
instruction	unassigned	CODE:6062	LCALL 0x44a4	4	write	INTMEM	1	(register, 0x40, 1)		(unique, 0xb400, 1)
instruction	unassigned	CODE:6062	LCALL 0x44a4	6	write	INTMEM	1	(register, 0x40, 1)		(unique, 0x1200, 1)
instruction	unassigned	CODE:6068	MOVX A,@DPTR	1	read	EXTMEM	1	(unique, 0x2800, 2)		
instruction	unassigned	CODE:6076	LCALL 0xab49	4	write	INTMEM	1	(register, 0x40, 1)		(unique, 0xb400, 1)
instruction	unassigned	CODE:6076	LCALL 0xab49	6	write	INTMEM	1	(register, 0x40, 1)		(unique, 0x1200, 1)
instruction	unassigned	CODE:607e	LCALL 0xab49	4	write	INTMEM	1	(register, 0x40, 1)		(unique, 0xb400, 1)
instruction	unassigned	CODE:607e	LCALL 0xab49	6	write	INTMEM	1	(register, 0x40, 1)		(unique, 0x1200, 1)
instruction	unassigned	CODE:6083	LCALL 0xa340	4	write	INTMEM	1	(register, 0x40, 1)		(unique, 0xb400, 1)
instruction	unassigned	CODE:6083	LCALL 0xa340	6	write	INTMEM	1	(register, 0x40, 1)		(unique, 0x1200, 1)
instruction	unassigned	CODE:608b	LCALL 0x4427	4	write	INTMEM	1	(register, 0x40, 1)		(unique, 0xb400, 1)
instruction	unassigned	CODE:608b	LCALL 0x4427	6	write	INTMEM	1	(register, 0x40, 1)		(unique, 0x1200, 1)
instruction	unassigned	CODE:6097	LCALL 0x4427	4	write	INTMEM	1	(register, 0x40, 1)		(unique, 0xb400, 1)
instruction	unassigned	CODE:6097	LCALL 0x4427	6	write	INTMEM	1	(register, 0x40, 1)		(unique, 0x1200, 1)
instruction	unassigned	CODE:60a1	LCALL 0xab49	4	write	INTMEM	1	(register, 0x40, 1)		(unique, 0xb400, 1)
instruction	unassigned	CODE:60a1	LCALL 0xab49	6	write	INTMEM	1	(register, 0x40, 1)		(unique, 0x1200, 1)
instruction	unassigned	CODE:60a4	LCALL 0x4424	4	write	INTMEM	1	(register, 0x40, 1)		(unique, 0xb400, 1)
instruction	unassigned	CODE:60a4	LCALL 0x4424	6	write	INTMEM	1	(register, 0x40, 1)		(unique, 0x1200, 1)
instruction	unassigned	CODE:60ae	LCALL 0xab49	4	write	INTMEM	1	(register, 0x40, 1)		(unique, 0xb400, 1)
instruction	unassigned	CODE:60ae	LCALL 0xab49	6	write	INTMEM	1	(register, 0x40, 1)		(unique, 0x1200, 1)
instruction	unassigned	CODE:60b3	RET	1	read	INTMEM	1	(register, 0x40, 1)		
instruction	unassigned	CODE:60b3	RET	3	read	INTMEM	1	(register, 0x40, 1)		
instruction	CODE:60b4	CODE:60b8	MOVX @DPTR,A	2	write	EXTMEM	1	(unique, 0x2800, 2)		(unique, 0x2900, 1)
instruction	CODE:60b4	CODE:60ba	MOVX @DPTR,A	2	write	EXTMEM	1	(unique, 0x2800, 2)		(unique, 0x2900, 1)
instruction	CODE:60b4	CODE:60bc	MOVX @DPTR,A	2	write	EXTMEM	1	(unique, 0x2800, 2)		(unique, 0x2900, 1)
instruction	CODE:60b4	CODE:60be	MOVX @DPTR,A	2	write	EXTMEM	1	(unique, 0x2800, 2)		(unique, 0x2900, 1)
instruction	CODE:60b4	CODE:60c1	MOV A,@R0	0	read	INTMEM	1	(register, 0x0, 1)		
instruction	CODE:60b4	CODE:60c8	MOVX @DPTR,A	2	write	EXTMEM	1	(unique, 0x2800, 2)		(unique, 0x2900, 1)
instruction	CODE:60b4	CODE:60cb	MOVX @DPTR,A	2	write	EXTMEM	1	(unique, 0x2800, 2)		(unique, 0x2900, 1)
instruction	CODE:60b4	CODE:60cf	MOVX A,@DPTR	1	read	EXTMEM	1	(unique, 0x2800, 2)		
instruction	CODE:60b4	CODE:60d2	MOVX A,@DPTR	1	read	EXTMEM	1	(unique, 0x2800, 2)		
instruction	CODE:60b4	CODE:60d8	LCALL 0x3409	4	write	INTMEM	1	(register, 0x40, 1)		(unique, 0xb400, 1)
instruction	CODE:60b4	CODE:60d8	LCALL 0x3409	6	write	INTMEM	1	(register, 0x40, 1)		(unique, 0x1200, 1)
instruction	CODE:60b4	CODE:60de	LCALL 0xad6d	4	write	INTMEM	1	(register, 0x40, 1)		(unique, 0xb400, 1)
instruction	CODE:60b4	CODE:60de	LCALL 0xad6d	6	write	INTMEM	1	(register, 0x40, 1)		(unique, 0x1200, 1)
instruction	CODE:60b4	CODE:60e7	MOVX A,@DPTR	1	read	EXTMEM	1	(unique, 0x2800, 2)		
instruction	CODE:60b4	CODE:60ef	MOVX @DPTR,A	2	write	EXTMEM	1	(unique, 0x2800, 2)		(unique, 0x2900, 1)
instruction	CODE:60b4	CODE:60f2	MOVX @DPTR,A	2	write	EXTMEM	1	(unique, 0x2800, 2)		(unique, 0x2900, 1)
instruction	CODE:60b4	CODE:60f6	MOVX A,@DPTR	1	read	EXTMEM	1	(unique, 0x2800, 2)		
instruction	CODE:60b4	CODE:6107	MOVX A,@DPTR	1	read	EXTMEM	1	(unique, 0x2800, 2)		
instruction	CODE:60b4	CODE:6111	MOVX A,@DPTR	1	read	EXTMEM	1	(unique, 0x2800, 2)		
instruction	CODE:60b4	CODE:6114	MOVX A,@DPTR	1	read	EXTMEM	1	(unique, 0x2800, 2)		
instruction	CODE:60b4	CODE:6119	MOVX @DPTR,A	2	write	EXTMEM	1	(unique, 0x2800, 2)		(unique, 0x2900, 1)
instruction	CODE:60b4	CODE:611c	MOVX @DPTR,A	2	write	EXTMEM	1	(unique, 0x2800, 2)		(unique, 0x2900, 1)
instruction	CODE:60b4	CODE:611d	LCALL 0x4c77	4	write	INTMEM	1	(register, 0x40, 1)		(unique, 0xb400, 1)
instruction	CODE:60b4	CODE:611d	LCALL 0x4c77	6	write	INTMEM	1	(register, 0x40, 1)		(unique, 0x1200, 1)
instruction	CODE:60b4	CODE:6124	MOVX @DPTR,A	2	write	EXTMEM	1	(unique, 0x2800, 2)		(unique, 0x2900, 1)
instruction	CODE:60b4	CODE:6127	MOVX @DPTR,A	2	write	EXTMEM	1	(unique, 0x2800, 2)		(unique, 0x2900, 1)
instruction	CODE:60b4	CODE:612b	MOVX A,@DPTR	1	read	EXTMEM	1	(unique, 0x2800, 2)		
instruction	CODE:60b4	CODE:612d	MOVX @DPTR,A	2	write	EXTMEM	1	(unique, 0x2800, 2)		(unique, 0x2900, 1)
instruction	CODE:60b4	CODE:6137	LCALL 0x350b	4	write	INTMEM	1	(register, 0x40, 1)		(unique, 0xb400, 1)
instruction	CODE:60b4	CODE:6137	LCALL 0x350b	6	write	INTMEM	1	(register, 0x40, 1)		(unique, 0x1200, 1)
instruction	CODE:60b4	CODE:613d	LCALL 0x3541	4	write	INTMEM	1	(register, 0x40, 1)		(unique, 0xb400, 1)
instruction	CODE:60b4	CODE:613d	LCALL 0x3541	6	write	INTMEM	1	(register, 0x40, 1)		(unique, 0x1200, 1)
instruction	CODE:60b4	CODE:6140	LCALL 0x87aa	4	write	INTMEM	1	(register, 0x40, 1)		(unique, 0xb400, 1)
instruction	CODE:60b4	CODE:6140	LCALL 0x87aa	6	write	INTMEM	1	(register, 0x40, 1)		(unique, 0x1200, 1)
instruction	CODE:60b4	CODE:6146	MOVX A,@DPTR	1	read	EXTMEM	1	(unique, 0x2800, 2)		
instruction	CODE:60b4	CODE:614a	MOVX A,@DPTR	1	read	EXTMEM	1	(unique, 0x2800, 2)		
instruction	CODE:60b4	CODE:614f	LCALL 0x9340	4	write	INTMEM	1	(register, 0x40, 1)		(unique, 0xb400, 1)
instruction	CODE:60b4	CODE:614f	LCALL 0x9340	6	write	INTMEM	1	(register, 0x40, 1)		(unique, 0x1200, 1)
instruction	CODE:60b4	CODE:6156	MOVX A,@DPTR	1	read	EXTMEM	1	(unique, 0x2800, 2)		
instruction	CODE:60b4	CODE:6158	LCALL 0xa70f	4	write	INTMEM	1	(register, 0x40, 1)		(unique, 0xb400, 1)
instruction	CODE:60b4	CODE:6158	LCALL 0xa70f	6	write	INTMEM	1	(register, 0x40, 1)		(unique, 0x1200, 1)
instruction	CODE:60b4	CODE:615f	MOVX A,@DPTR	1	read	EXTMEM	1	(unique, 0x2800, 2)		
instruction	CODE:60b4	CODE:6161	RET	1	read	INTMEM	1	(register, 0x40, 1)		
instruction	CODE:60b4	CODE:6161	RET	3	read	INTMEM	1	(register, 0x40, 1)		
instruction	CODE:6162	CODE:6165	LCALL 0x7d83	4	write	INTMEM	1	(register, 0x40, 1)		(unique, 0xb400, 1)
instruction	CODE:6162	CODE:6165	LCALL 0x7d83	6	write	INTMEM	1	(register, 0x40, 1)		(unique, 0x1200, 1)
instruction	CODE:6162	CODE:616c	LCALL 0x87aa	4	write	INTMEM	1	(register, 0x40, 1)		(unique, 0xb400, 1)
instruction	CODE:6162	CODE:616c	LCALL 0x87aa	6	write	INTMEM	1	(register, 0x40, 1)		(unique, 0x1200, 1)
instruction	CODE:6162	CODE:6172	MOVX A,@DPTR	1	read	EXTMEM	1	(unique, 0x2800, 2)		
instruction	CODE:6162	CODE:6176	MOVX A,@DPTR	1	read	EXTMEM	1	(unique, 0x2800, 2)		
instruction	CODE:6162	CODE:6186	MOVX A,@DPTR	1	read	EXTMEM	1	(unique, 0x2800, 2)		
instruction	CODE:6162	CODE:618a	MOVX A,@DPTR	1	read	EXTMEM	1	(unique, 0x2800, 2)		
instruction	CODE:6162	CODE:619a	MOVX A,@DPTR	1	read	EXTMEM	1	(unique, 0x2800, 2)		
instruction	CODE:6162	CODE:619e	MOVX A,@DPTR	1	read	EXTMEM	1	(unique, 0x2800, 2)		
instruction	CODE:6162	CODE:61ae	MOVX A,@DPTR	1	read	EXTMEM	1	(unique, 0x2800, 2)		
instruction	CODE:6162	CODE:61b2	MOVX A,@DPTR	1	read	EXTMEM	1	(unique, 0x2800, 2)		
instruction	CODE:6162	CODE:61c2	MOVX A,@DPTR	1	read	EXTMEM	1	(unique, 0x2800, 2)		
instruction	CODE:6162	CODE:61c6	MOVX A,@DPTR	1	read	EXTMEM	1	(unique, 0x2800, 2)		
instruction	CODE:6162	CODE:61d6	MOVX A,@DPTR	1	read	EXTMEM	1	(unique, 0x2800, 2)		
instruction	CODE:6162	CODE:61da	MOVX A,@DPTR	1	read	EXTMEM	1	(unique, 0x2800, 2)		
instruction	CODE:6162	CODE:61ea	MOVX A,@DPTR	1	read	EXTMEM	1	(unique, 0x2800, 2)		
instruction	CODE:6162	CODE:61ee	MOVX A,@DPTR	1	read	EXTMEM	1	(unique, 0x2800, 2)		
instruction	CODE:6162	CODE:6202	LCALL 0x7d6d	4	write	INTMEM	1	(register, 0x40, 1)		(unique, 0xb400, 1)
instruction	CODE:6162	CODE:6202	LCALL 0x7d6d	6	write	INTMEM	1	(register, 0x40, 1)		(unique, 0x1200, 1)
instruction	CODE:6162	CODE:6205	LCALL 0x87aa	4	write	INTMEM	1	(register, 0x40, 1)		(unique, 0xb400, 1)
instruction	CODE:6162	CODE:6205	LCALL 0x87aa	6	write	INTMEM	1	(register, 0x40, 1)		(unique, 0x1200, 1)
instruction	CODE:6162	CODE:6208	LCALL 0x7d98	4	write	INTMEM	1	(register, 0x40, 1)		(unique, 0xb400, 1)
instruction	CODE:6162	CODE:6208	LCALL 0x7d98	6	write	INTMEM	1	(register, 0x40, 1)		(unique, 0x1200, 1)
instruction	CODE:620e	CODE:6211	MOVX A,@DPTR	1	read	EXTMEM	1	(unique, 0x2800, 2)		
instruction	CODE:620e	CODE:6214	MOVX A,@DPTR	1	read	EXTMEM	1	(unique, 0x2800, 2)		
instruction	CODE:6217	CODE:621d	RET	1	read	INTMEM	1	(register, 0x40, 1)		
instruction	CODE:6217	CODE:621d	RET	3	read	INTMEM	1	(register, 0x40, 1)		
instruction	CODE:6221	CODE:6221	MOVX A,@DPTR	1	read	EXTMEM	1	(unique, 0x2800, 2)		
instruction	CODE:6221	CODE:6224	MOVX A,@DPTR	1	read	EXTMEM	1	(unique, 0x2800, 2)		
instruction	CODE:6221	CODE:622a	RET	1	read	INTMEM	1	(register, 0x40, 1)		
instruction	CODE:6221	CODE:622a	RET	3	read	INTMEM	1	(register, 0x40, 1)		
instruction	CODE:622b	CODE:622e	MOVX A,@DPTR	1	read	EXTMEM	1	(unique, 0x2800, 2)		
instruction	CODE:622b	CODE:6231	MOVX A,@DPTR	1	read	EXTMEM	1	(unique, 0x2800, 2)		
instruction	CODE:6234	CODE:623a	RET	1	read	INTMEM	1	(register, 0x40, 1)		
instruction	CODE:6234	CODE:623a	RET	3	read	INTMEM	1	(register, 0x40, 1)		
instruction	CODE:6240	CODE:6243	MOVX A,@DPTR	1	read	EXTMEM	1	(unique, 0x2800, 2)		
instruction	CODE:6240	CODE:6246	MOVX A,@DPTR	1	read	EXTMEM	1	(unique, 0x2800, 2)		
instruction	CODE:6240	CODE:6247	RET	1	read	INTMEM	1	(register, 0x40, 1)		
instruction	CODE:6240	CODE:6247	RET	3	read	INTMEM	1	(register, 0x40, 1)		
instruction	CODE:6248	CODE:624a	MOVX @DPTR,A	2	write	EXTMEM	1	(unique, 0x2800, 2)		(unique, 0x2900, 1)
instruction	CODE:624e	CODE:6254	RET	1	read	INTMEM	1	(register, 0x40, 1)		
instruction	CODE:624e	CODE:6254	RET	3	read	INTMEM	1	(register, 0x40, 1)		
instruction	CODE:6258	CODE:6259	MOVX @DPTR,A	2	write	EXTMEM	1	(unique, 0x2800, 2)		(unique, 0x2900, 1)
instruction	CODE:6258	CODE:625c	MOVX @DPTR,A	2	write	EXTMEM	1	(unique, 0x2800, 2)		(unique, 0x2900, 1)
instruction	CODE:6258	CODE:6261	MOVX A,@DPTR	1	read	EXTMEM	1	(unique, 0x2800, 2)		
instruction	CODE:6258	CODE:6262	RET	1	read	INTMEM	1	(register, 0x40, 1)		
instruction	CODE:6258	CODE:6262	RET	3	read	INTMEM	1	(register, 0x40, 1)		
instruction	CODE:6263	CODE:6264	MOVX A,@DPTR	1	read	EXTMEM	1	(unique, 0x2800, 2)		
instruction	CODE:6266	CODE:626c	RET	1	read	INTMEM	1	(register, 0x40, 1)		
instruction	CODE:6266	CODE:626c	RET	3	read	INTMEM	1	(register, 0x40, 1)		
instruction	CODE:6276	CODE:6279	MOVX A,@DPTR	1	read	EXTMEM	1	(unique, 0x2800, 2)		
instruction	CODE:6276	CODE:627c	MOVX A,@DPTR	1	read	EXTMEM	1	(unique, 0x2800, 2)		
instruction	CODE:6276	CODE:6282	RET	1	read	INTMEM	1	(register, 0x40, 1)		
instruction	CODE:6276	CODE:6282	RET	3	read	INTMEM	1	(register, 0x40, 1)		
instruction	CODE:6283	CODE:6286	MOVX A,@DPTR	1	read	EXTMEM	1	(unique, 0x2800, 2)		
instruction	CODE:6283	CODE:6289	MOVX A,@DPTR	1	read	EXTMEM	1	(unique, 0x2800, 2)		
instruction	CODE:6283	CODE:628a	RET	1	read	INTMEM	1	(register, 0x40, 1)		
instruction	CODE:6283	CODE:628a	RET	3	read	INTMEM	1	(register, 0x40, 1)		
instruction	CODE:628b	CODE:628b	MOV A,@R0	0	read	INTMEM	1	(register, 0x0, 1)		
instruction	CODE:628c	CODE:6292	RET	1	read	INTMEM	1	(register, 0x40, 1)		
instruction	CODE:628c	CODE:6292	RET	3	read	INTMEM	1	(register, 0x40, 1)		
instruction	CODE:6293	CODE:6293	MOVX A,@DPTR	1	read	EXTMEM	1	(unique, 0x2800, 2)		
instruction	CODE:6293	CODE:6296	MOVX A,@DPTR	1	read	EXTMEM	1	(unique, 0x2800, 2)		
instruction	CODE:6293	CODE:629c	MOVX @DPTR,A	2	write	EXTMEM	1	(unique, 0x2800, 2)		(unique, 0x2900, 1)
instruction	CODE:6293	CODE:629d	RET	1	read	INTMEM	1	(register, 0x40, 1)		
instruction	CODE:6293	CODE:629d	RET	3	read	INTMEM	1	(register, 0x40, 1)		
instruction	CODE:629e	CODE:62a4	RET	1	read	INTMEM	1	(register, 0x40, 1)		
instruction	CODE:629e	CODE:62a4	RET	3	read	INTMEM	1	(register, 0x40, 1)		
instruction	CODE:62a5	CODE:62a5	LCALL 0xadf3	4	write	INTMEM	1	(register, 0x40, 1)		(unique, 0xb400, 1)
instruction	CODE:62a5	CODE:62a5	LCALL 0xadf3	6	write	INTMEM	1	(register, 0x40, 1)		(unique, 0x1200, 1)
instruction	CODE:62ae	CODE:62ae	MOVX A,@DPTR	1	read	EXTMEM	1	(unique, 0x2800, 2)		
instruction	CODE:62ae	CODE:62b3	MOVX A,@DPTR	1	read	EXTMEM	1	(unique, 0x2800, 2)		
instruction	CODE:62ae	CODE:62b7	RET	1	read	INTMEM	1	(register, 0x40, 1)		
instruction	CODE:62ae	CODE:62b7	RET	3	read	INTMEM	1	(register, 0x40, 1)		
instruction	CODE:62b8	CODE:62b8	LCALL 0xa471	4	write	INTMEM	1	(register, 0x40, 1)		(unique, 0xb400, 1)
instruction	CODE:62b8	CODE:62b8	LCALL 0xa471	6	write	INTMEM	1	(register, 0x40, 1)		(unique, 0x1200, 1)
instruction	CODE:62b8	CODE:62bf	MOVX @DPTR,A	2	write	EXTMEM	1	(unique, 0x2800, 2)		(unique, 0x2900, 1)
instruction	CODE:62b8	CODE:62c1	MOVX @DPTR,A	2	write	EXTMEM	1	(unique, 0x2800, 2)		(unique, 0x2900, 1)
instruction	CODE:62b8	CODE:62c4	LCALL 0xa68c	4	write	INTMEM	1	(register, 0x40, 1)		(unique, 0xb400, 1)
instruction	CODE:62b8	CODE:62c4	LCALL 0xa68c	6	write	INTMEM	1	(register, 0x40, 1)		(unique, 0x1200, 1)
instruction	CODE:62b8	CODE:62cb	MOV A,@R0	0	read	INTMEM	1	(register, 0x0, 1)		
instruction	CODE:62b8	CODE:62d2	LCALL 0xa60e	4	write	INTMEM	1	(register, 0x40, 1)		(unique, 0xb400, 1)
instruction	CODE:62b8	CODE:62d2	LCALL 0xa60e	6	write	INTMEM	1	(register, 0x40, 1)		(unique, 0x1200, 1)
instruction	CODE:62b8	CODE:62db	LCALL 0xa60e	4	write	INTMEM	1	(register, 0x40, 1)		(unique, 0xb400, 1)
instruction	CODE:62b8	CODE:62db	LCALL 0xa60e	6	write	INTMEM	1	(register, 0x40, 1)		(unique, 0x1200, 1)
instruction	CODE:62b8	CODE:62e5	LCALL 0xa64d	4	write	INTMEM	1	(register, 0x40, 1)		(unique, 0xb400, 1)
instruction	CODE:62b8	CODE:62e5	LCALL 0xa64d	6	write	INTMEM	1	(register, 0x40, 1)		(unique, 0x1200, 1)
instruction	CODE:62b8	CODE:62ec	LCALL 0xa60e	4	write	INTMEM	1	(register, 0x40, 1)		(unique, 0xb400, 1)
instruction	CODE:62b8	CODE:62ec	LCALL 0xa60e	6	write	INTMEM	1	(register, 0x40, 1)		(unique, 0x1200, 1)
instruction	CODE:62b8	CODE:62f8	LCALL 0xa60e	4	write	INTMEM	1	(register, 0x40, 1)		(unique, 0xb400, 1)
instruction	CODE:62b8	CODE:62f8	LCALL 0xa60e	6	write	INTMEM	1	(register, 0x40, 1)		(unique, 0x1200, 1)
instruction	CODE:62b8	CODE:62fd	LCALL 0x9ddf	4	write	INTMEM	1	(register, 0x40, 1)		(unique, 0xb400, 1)
instruction	CODE:62b8	CODE:62fd	LCALL 0x9ddf	6	write	INTMEM	1	(register, 0x40, 1)		(unique, 0x1200, 1)
instruction	CODE:62b8	CODE:6304	MOV A,@R0	0	read	INTMEM	1	(register, 0x0, 1)		
instruction	CODE:62b8	CODE:6306	LCALL 0xa139	4	write	INTMEM	1	(register, 0x40, 1)		(unique, 0xb400, 1)
instruction	CODE:62b8	CODE:6306	LCALL 0xa139	6	write	INTMEM	1	(register, 0x40, 1)		(unique, 0x1200, 1)
instruction	CODE:62b8	CODE:630d	LCALL 0xa223	4	write	INTMEM	1	(register, 0x40, 1)		(unique, 0xb400, 1)
instruction	CODE:62b8	CODE:630d	LCALL 0xa223	6	write	INTMEM	1	(register, 0x40, 1)		(unique, 0x1200, 1)
instruction	CODE:62b8	CODE:6315	MOVX A,@DPTR	1	read	EXTMEM	1	(unique, 0x2800, 2)		
instruction	CODE:62b8	CODE:631c	MOVX @DPTR,A	2	write	EXTMEM	1	(unique, 0x2800, 2)		(unique, 0x2900, 1)
instruction	CODE:62b8	CODE:6320	MOVX A,@DPTR	1	read	EXTMEM	1	(unique, 0x2800, 2)		
instruction	CODE:62b8	CODE:6332	LCALL 0xa485	4	write	INTMEM	1	(register, 0x40, 1)		(unique, 0xb400, 1)
instruction	CODE:62b8	CODE:6332	LCALL 0xa485	6	write	INTMEM	1	(register, 0x40, 1)		(unique, 0x1200, 1)
instruction	CODE:62b8	CODE:6335	LCALL 0x6d09	4	write	INTMEM	1	(register, 0x40, 1)		(unique, 0xb400, 1)
instruction	CODE:62b8	CODE:6335	LCALL 0x6d09	6	write	INTMEM	1	(register, 0x40, 1)		(unique, 0x1200, 1)
instruction	CODE:62b8	CODE:633a	LCALL 0x7000	4	write	INTMEM	1	(register, 0x40, 1)		(unique, 0xb400, 1)
instruction	CODE:62b8	CODE:633a	LCALL 0x7000	6	write	INTMEM	1	(register, 0x40, 1)		(unique, 0x1200, 1)
instruction	CODE:62b8	CODE:633f	LCALL 0x8d19	4	write	INTMEM	1	(register, 0x40, 1)		(unique, 0xb400, 1)
instruction	CODE:62b8	CODE:633f	LCALL 0x8d19	6	write	INTMEM	1	(register, 0x40, 1)		(unique, 0x1200, 1)
instruction	CODE:62b8	CODE:6344	LCALL 0x7985	4	write	INTMEM	1	(register, 0x40, 1)		(unique, 0xb400, 1)
instruction	CODE:62b8	CODE:6344	LCALL 0x7985	6	write	INTMEM	1	(register, 0x40, 1)		(unique, 0x1200, 1)
instruction	CODE:62b8	CODE:634b	MOVX @DPTR,A	2	write	EXTMEM	1	(unique, 0x2800, 2)		(unique, 0x2900, 1)
instruction	CODE:62b8	CODE:6353	MOVX @DPTR,A	2	write	EXTMEM	1	(unique, 0x2800, 2)		(unique, 0x2900, 1)
instruction	CODE:62b8	CODE:6357	MOVX A,@DPTR	1	read	EXTMEM	1	(unique, 0x2800, 2)		
instruction	CODE:62b8	CODE:635c	MOVX A,@DPTR	1	read	EXTMEM	1	(unique, 0x2800, 2)		
instruction	CODE:6361	CODE:6361	LCALL 0xa521	4	write	INTMEM	1	(register, 0x40, 1)		(unique, 0xb400, 1)
instruction	CODE:6361	CODE:6361	LCALL 0xa521	6	write	INTMEM	1	(register, 0x40, 1)		(unique, 0x1200, 1)
instruction	CODE:6361	CODE:6368	MOVX @DPTR,A	2	write	EXTMEM	1	(unique, 0x2800, 2)		(unique, 0x2900, 1)
instruction	CODE:6361	CODE:636b	MOV A,@R0	0	read	INTMEM	1	(register, 0x0, 1)		
instruction	CODE:6361	CODE:637a	MOV A,@R0	0	read	INTMEM	1	(register, 0x0, 1)		
instruction	CODE:6361	CODE:638e	LCALL 0x9221	4	write	INTMEM	1	(register, 0x40, 1)		(unique, 0xb400, 1)
instruction	CODE:6361	CODE:638e	LCALL 0x9221	6	write	INTMEM	1	(register, 0x40, 1)		(unique, 0x1200, 1)
instruction	CODE:6361	CODE:6393	LCALL 0x962a	4	write	INTMEM	1	(register, 0x40, 1)		(unique, 0xb400, 1)
instruction	CODE:6361	CODE:6393	LCALL 0x962a	6	write	INTMEM	1	(register, 0x40, 1)		(unique, 0x1200, 1)
instruction	CODE:6361	CODE:6398	LCALL 0x9645	4	write	INTMEM	1	(register, 0x40, 1)		(unique, 0xb400, 1)
instruction	CODE:6361	CODE:6398	LCALL 0x9645	6	write	INTMEM	1	(register, 0x40, 1)		(unique, 0x1200, 1)
instruction	CODE:6361	CODE:639b	LCALL 0x50a1	4	write	INTMEM	1	(register, 0x40, 1)		(unique, 0xb400, 1)
instruction	CODE:6361	CODE:639b	LCALL 0x50a1	6	write	INTMEM	1	(register, 0x40, 1)		(unique, 0x1200, 1)
instruction	CODE:6361	CODE:639f	MOV @R0,A	1	write	INTMEM	1	(register, 0x0, 1)		(unique, 0x2a00, 1)
instruction	CODE:6361	CODE:63a6	LCALL 0x87aa	4	write	INTMEM	1	(register, 0x40, 1)		(unique, 0xb400, 1)
instruction	CODE:6361	CODE:63a6	LCALL 0x87aa	6	write	INTMEM	1	(register, 0x40, 1)		(unique, 0x1200, 1)
instruction	CODE:6361	CODE:63ab	LCALL 0xa54e	4	write	INTMEM	1	(register, 0x40, 1)		(unique, 0xb400, 1)
instruction	CODE:6361	CODE:63ab	LCALL 0xa54e	6	write	INTMEM	1	(register, 0x40, 1)		(unique, 0x1200, 1)
instruction	CODE:6361	CODE:63b2	MOV A,@R0	0	read	INTMEM	1	(register, 0x0, 1)		
instruction	CODE:6361	CODE:63ba	LCALL 0x8864	4	write	INTMEM	1	(register, 0x40, 1)		(unique, 0xb400, 1)
instruction	CODE:6361	CODE:63ba	LCALL 0x8864	6	write	INTMEM	1	(register, 0x40, 1)		(unique, 0x1200, 1)
instruction	CODE:6361	CODE:63c2	MOVX A,@DPTR	1	read	EXTMEM	1	(unique, 0x2800, 2)		
instruction	CODE:6361	CODE:63ca	MOV A,@R0	0	read	INTMEM	1	(register, 0x0, 1)		
instruction	CODE:6361	CODE:63d2	LCALL 0x37fe	4	write	INTMEM	1	(register, 0x40, 1)		(unique, 0xb400, 1)
instruction	CODE:6361	CODE:63d2	LCALL 0x37fe	6	write	INTMEM	1	(register, 0x40, 1)		(unique, 0x1200, 1)
instruction	CODE:6361	CODE:63d7	LCALL 0x5f2c	4	write	INTMEM	1	(register, 0x40, 1)		(unique, 0xb400, 1)
instruction	CODE:6361	CODE:63d7	LCALL 0x5f2c	6	write	INTMEM	1	(register, 0x40, 1)		(unique, 0x1200, 1)
instruction	CODE:6361	CODE:63dd	MOVX A,@DPTR	1	read	EXTMEM	1	(unique, 0x2800, 2)		
instruction	CODE:6361	CODE:63e9	LCALL 0xa31f	4	write	INTMEM	1	(register, 0x40, 1)		(unique, 0xb400, 1)
instruction	CODE:6361	CODE:63e9	LCALL 0xa31f	6	write	INTMEM	1	(register, 0x40, 1)		(unique, 0x1200, 1)
instruction	CODE:6361	CODE:63ee	LCALL 0xa187	4	write	INTMEM	1	(register, 0x40, 1)		(unique, 0xb400, 1)
instruction	CODE:6361	CODE:63ee	LCALL 0xa187	6	write	INTMEM	1	(register, 0x40, 1)		(unique, 0x1200, 1)
instruction	CODE:6361	CODE:63f3	LCALL 0x8a0e	4	write	INTMEM	1	(register, 0x40, 1)		(unique, 0xb400, 1)
instruction	CODE:6361	CODE:63f3	LCALL 0x8a0e	6	write	INTMEM	1	(register, 0x40, 1)		(unique, 0x1200, 1)
instruction	CODE:6361	CODE:63fa	MOVX @DPTR,A	2	write	EXTMEM	1	(unique, 0x2800, 2)		(unique, 0x2900, 1)
instruction	CODE:6361	CODE:63fb	LCALL 0xa521	4	write	INTMEM	1	(register, 0x40, 1)		(unique, 0xb400, 1)
instruction	CODE:6361	CODE:63fb	LCALL 0xa521	6	write	INTMEM	1	(register, 0x40, 1)		(unique, 0x1200, 1)
instruction	CODE:6361	CODE:6401	MOVX A,@DPTR	1	read	EXTMEM	1	(unique, 0x2800, 2)		
instruction	CODE:6406	CODE:640b	MOVX @DPTR,A	2	write	EXTMEM	1	(unique, 0x2800, 2)		(unique, 0x2900, 1)
instruction	CODE:6406	CODE:640e	MOV A,@R0	0	read	INTMEM	1	(register, 0x0, 1)		
instruction	CODE:6406	CODE:6410	MOVX @DPTR,A	2	write	EXTMEM	1	(unique, 0x2800, 2)		(unique, 0x2900, 1)
instruction	CODE:6406	CODE:6414	MOV A,@R0	0	read	INTMEM	1	(register, 0x0, 1)		
instruction	CODE:6406	CODE:6424	LCALL 0x87aa	4	write	INTMEM	1	(register, 0x40, 1)		(unique, 0xb400, 1)
instruction	CODE:6406	CODE:6424	LCALL 0x87aa	6	write	INTMEM	1	(register, 0x40, 1)		(unique, 0x1200, 1)
instruction	CODE:6406	CODE:642a	LCALL 0x1f10	4	write	INTMEM	1	(register, 0x40, 1)		(unique, 0xb400, 1)
instruction	CODE:6406	CODE:642a	LCALL 0x1f10	6	write	INTMEM	1	(register, 0x40, 1)		(unique, 0x1200, 1)
instruction	CODE:6406	CODE:642d	LCALL 0x1d2a	4	write	INTMEM	1	(register, 0x40, 1)		(unique, 0xb400, 1)
instruction	CODE:6406	CODE:642d	LCALL 0x1d2a	6	write	INTMEM	1	(register, 0x40, 1)		(unique, 0x1200, 1)
instruction	CODE:6406	CODE:6432	MOVX @DPTR,A	2	write	EXTMEM	1	(unique, 0x2800, 2)		(unique, 0x2900, 1)
instruction	CODE:6406	CODE:6436	MOVX A,@DPTR	1	read	EXTMEM	1	(unique, 0x2800, 2)		
instruction	CODE:6406	CODE:643b	LCALL 0x1d23	4	write	INTMEM	1	(register, 0x40, 1)		(unique, 0xb400, 1)
instruction	CODE:6406	CODE:643b	LCALL 0x1d23	6	write	INTMEM	1	(register, 0x40, 1)		(unique, 0x1200, 1)
instruction	CODE:6406	CODE:643f	MOVX @DPTR,A	2	write	EXTMEM	1	(unique, 0x2800, 2)		(unique, 0x2900, 1)
instruction	CODE:6406	CODE:6440	LCALL 0x1e48	4	write	INTMEM	1	(register, 0x40, 1)		(unique, 0xb400, 1)
instruction	CODE:6406	CODE:6440	LCALL 0x1e48	6	write	INTMEM	1	(register, 0x40, 1)		(unique, 0x1200, 1)
instruction	CODE:6406	CODE:6446	LCALL 0x1f56	4	write	INTMEM	1	(register, 0x40, 1)		(unique, 0xb400, 1)
instruction	CODE:6406	CODE:6446	LCALL 0x1f56	6	write	INTMEM	1	(register, 0x40, 1)		(unique, 0x1200, 1)
instruction	CODE:6406	CODE:6449	LCALL 0x1d2a	4	write	INTMEM	1	(register, 0x40, 1)		(unique, 0xb400, 1)
instruction	CODE:6406	CODE:6449	LCALL 0x1d2a	6	write	INTMEM	1	(register, 0x40, 1)		(unique, 0x1200, 1)
instruction	CODE:6406	CODE:644d	MOVX @DPTR,A	2	write	EXTMEM	1	(unique, 0x2800, 2)		(unique, 0x2900, 1)
instruction	CODE:6406	CODE:6453	LCALL 0x1e0a	4	write	INTMEM	1	(register, 0x40, 1)		(unique, 0xb400, 1)
instruction	CODE:6406	CODE:6453	LCALL 0x1e0a	6	write	INTMEM	1	(register, 0x40, 1)		(unique, 0x1200, 1)
instruction	CODE:6406	CODE:6456	LCALL 0x1d2a	4	write	INTMEM	1	(register, 0x40, 1)		(unique, 0xb400, 1)
instruction	CODE:6406	CODE:6456	LCALL 0x1d2a	6	write	INTMEM	1	(register, 0x40, 1)		(unique, 0x1200, 1)
instruction	CODE:6406	CODE:645a	MOVX @DPTR,A	2	write	EXTMEM	1	(unique, 0x2800, 2)		(unique, 0x2900, 1)
instruction	CODE:6406	CODE:6460	LCALL 0x1d23	4	write	INTMEM	1	(register, 0x40, 1)		(unique, 0xb400, 1)
instruction	CODE:6406	CODE:6460	LCALL 0x1d23	6	write	INTMEM	1	(register, 0x40, 1)		(unique, 0x1200, 1)
instruction	CODE:6406	CODE:6464	MOVX @DPTR,A	2	write	EXTMEM	1	(unique, 0x2800, 2)		(unique, 0x2900, 1)
instruction	CODE:6406	CODE:6468	MOVX A,@DPTR	1	read	EXTMEM	1	(unique, 0x2800, 2)		
instruction	CODE:6406	CODE:646d	LCALL 0x1e0a	4	write	INTMEM	1	(register, 0x40, 1)		(unique, 0xb400, 1)
instruction	CODE:6406	CODE:646d	LCALL 0x1e0a	6	write	INTMEM	1	(register, 0x40, 1)		(unique, 0x1200, 1)
instruction	CODE:6406	CODE:6470	LCALL 0x1d2a	4	write	INTMEM	1	(register, 0x40, 1)		(unique, 0xb400, 1)
instruction	CODE:6406	CODE:6470	LCALL 0x1d2a	6	write	INTMEM	1	(register, 0x40, 1)		(unique, 0x1200, 1)
instruction	CODE:6406	CODE:6474	MOVX @DPTR,A	2	write	EXTMEM	1	(unique, 0x2800, 2)		(unique, 0x2900, 1)
instruction	CODE:6406	CODE:647a	LCALL 0x1d23	4	write	INTMEM	1	(register, 0x40, 1)		(unique, 0xb400, 1)
instruction	CODE:6406	CODE:647a	LCALL 0x1d23	6	write	INTMEM	1	(register, 0x40, 1)		(unique, 0x1200, 1)
instruction	CODE:6406	CODE:647e	MOVX @DPTR,A	2	write	EXTMEM	1	(unique, 0x2800, 2)		(unique, 0x2900, 1)
instruction	CODE:6406	CODE:6481	MOV A,@R0	0	read	INTMEM	1	(register, 0x0, 1)		
instruction	CODE:6406	CODE:6486	LCALL 0x1d23	4	write	INTMEM	1	(register, 0x40, 1)		(unique, 0xb400, 1)
instruction	CODE:6406	CODE:6486	LCALL 0x1d23	6	write	INTMEM	1	(register, 0x40, 1)		(unique, 0x1200, 1)
instruction	CODE:6406	CODE:648a	MOVX @DPTR,A	2	write	EXTMEM	1	(unique, 0x2800, 2)		(unique, 0x2900, 1)
instruction	CODE:6406	CODE:648e	MOVX A,@DPTR	1	read	EXTMEM	1	(unique, 0x2800, 2)		
instruction	CODE:6406	CODE:6493	LCALL 0x1d23	4	write	INTMEM	1	(register, 0x40, 1)		(unique, 0xb400, 1)
instruction	CODE:6406	CODE:6493	LCALL 0x1d23	6	write	INTMEM	1	(register, 0x40, 1)		(unique, 0x1200, 1)
instruction	CODE:6406	CODE:6497	MOVX @DPTR,A	2	write	EXTMEM	1	(unique, 0x2800, 2)		(unique, 0x2900, 1)
instruction	CODE:6406	CODE:649b	LCALL 0x1f30	4	write	INTMEM	1	(register, 0x40, 1)		(unique, 0xb400, 1)
instruction	CODE:6406	CODE:649b	LCALL 0x1f30	6	write	INTMEM	1	(register, 0x40, 1)		(unique, 0x1200, 1)
instruction	CODE:64a1	CODE:64a1	LCALL 0x9281	4	write	INTMEM	1	(register, 0x40, 1)		(unique, 0xb400, 1)
instruction	CODE:64a1	CODE:64a1	LCALL 0x9281	6	write	INTMEM	1	(register, 0x40, 1)		(unique, 0x1200, 1)
instruction	CODE:64a1	CODE:64a7	MOVX A,@DPTR	1	read	EXTMEM	1	(unique, 0x2800, 2)		
instruction	CODE:64a1	CODE:64ae	MOVX A,@DPTR	1	read	EXTMEM	1	(unique, 0x2800, 2)		
instruction	CODE:64a1	CODE:64b0	MOVX @DPTR,A	2	write	EXTMEM	1	(unique, 0x2800, 2)		(unique, 0x2900, 1)
instruction	CODE:64a1	CODE:64b5	LCALL 0x960e	4	write	INTMEM	1	(register, 0x40, 1)		(unique, 0xb400, 1)
instruction	CODE:64a1	CODE:64b5	LCALL 0x960e	6	write	INTMEM	1	(register, 0x40, 1)		(unique, 0x1200, 1)
instruction	CODE:64a1	CODE:64bc	LCALL 0x957e	4	write	INTMEM	1	(register, 0x40, 1)		(unique, 0xb400, 1)
instruction	CODE:64a1	CODE:64bc	LCALL 0x957e	6	write	INTMEM	1	(register, 0x40, 1)		(unique, 0x1200, 1)
instruction	CODE:64a1	CODE:64c2	MOVX A,@DPTR	1	read	EXTMEM	1	(unique, 0x2800, 2)		
instruction	CODE:64a1	CODE:64c6	LCALL 0x9d4f	4	write	INTMEM	1	(register, 0x40, 1)		(unique, 0xb400, 1)
instruction	CODE:64a1	CODE:64c6	LCALL 0x9d4f	6	write	INTMEM	1	(register, 0x40, 1)		(unique, 0x1200, 1)
instruction	CODE:64a1	CODE:64c9	LCALL 0x803f	4	write	INTMEM	1	(register, 0x40, 1)		(unique, 0xb400, 1)
instruction	CODE:64a1	CODE:64c9	LCALL 0x803f	6	write	INTMEM	1	(register, 0x40, 1)		(unique, 0x1200, 1)
instruction	CODE:64a1	CODE:64cf	MOVX A,@DPTR	1	read	EXTMEM	1	(unique, 0x2800, 2)		
instruction	CODE:64a1	CODE:64d7	LCALL 0x957e	4	write	INTMEM	1	(register, 0x40, 1)		(unique, 0xb400, 1)
instruction	CODE:64a1	CODE:64d7	LCALL 0x957e	6	write	INTMEM	1	(register, 0x40, 1)		(unique, 0x1200, 1)
instruction	CODE:64a1	CODE:64da	LCALL 0x3472	4	write	INTMEM	1	(register, 0x40, 1)		(unique, 0xb400, 1)
instruction	CODE:64a1	CODE:64da	LCALL 0x3472	6	write	INTMEM	1	(register, 0x40, 1)		(unique, 0x1200, 1)
instruction	CODE:64a1	CODE:64e0	LCALL 0x33e2	4	write	INTMEM	1	(register, 0x40, 1)		(unique, 0xb400, 1)
instruction	CODE:64a1	CODE:64e0	LCALL 0x33e2	6	write	INTMEM	1	(register, 0x40, 1)		(unique, 0x1200, 1)
instruction	CODE:64a1	CODE:64e5	LCALL 0x3439	4	write	INTMEM	1	(register, 0x40, 1)		(unique, 0xb400, 1)
instruction	CODE:64a1	CODE:64e5	LCALL 0x3439	6	write	INTMEM	1	(register, 0x40, 1)		(unique, 0x1200, 1)
instruction	CODE:64a1	CODE:64ea	LCALL 0xa99c	4	write	INTMEM	1	(register, 0x40, 1)		(unique, 0xb400, 1)
instruction	CODE:64a1	CODE:64ea	LCALL 0xa99c	6	write	INTMEM	1	(register, 0x40, 1)		(unique, 0x1200, 1)
instruction	CODE:64a1	CODE:64ed	LCALL 0x9cdd	4	write	INTMEM	1	(register, 0x40, 1)		(unique, 0xb400, 1)
instruction	CODE:64a1	CODE:64ed	LCALL 0x9cdd	6	write	INTMEM	1	(register, 0x40, 1)		(unique, 0x1200, 1)
instruction	CODE:64a1	CODE:64f3	MOVX A,@DPTR	1	read	EXTMEM	1	(unique, 0x2800, 2)		
instruction	CODE:64a1	CODE:64f8	LCALL 0x9d4f	4	write	INTMEM	1	(register, 0x40, 1)		(unique, 0xb400, 1)
instruction	CODE:64a1	CODE:64f8	LCALL 0x9d4f	6	write	INTMEM	1	(register, 0x40, 1)		(unique, 0x1200, 1)
instruction	CODE:64a1	CODE:64fb	LCALL 0x3472	4	write	INTMEM	1	(register, 0x40, 1)		(unique, 0xb400, 1)
instruction	CODE:64a1	CODE:64fb	LCALL 0x3472	6	write	INTMEM	1	(register, 0x40, 1)		(unique, 0x1200, 1)
instruction	CODE:64a1	CODE:6501	LCALL 0xa94d	4	write	INTMEM	1	(register, 0x40, 1)		(unique, 0xb400, 1)
instruction	CODE:64a1	CODE:6501	LCALL 0xa94d	6	write	INTMEM	1	(register, 0x40, 1)		(unique, 0x1200, 1)
instruction	CODE:64a1	CODE:6508	LCALL 0x33e2	4	write	INTMEM	1	(register, 0x40, 1)		(unique, 0xb400, 1)
instruction	CODE:64a1	CODE:6508	LCALL 0x33e2	6	write	INTMEM	1	(register, 0x40, 1)		(unique, 0x1200, 1)
instruction	CODE:64a1	CODE:650d	LCALL 0xa99c	4	write	INTMEM	1	(register, 0x40, 1)		(unique, 0xb400, 1)
instruction	CODE:64a1	CODE:650d	LCALL 0xa99c	6	write	INTMEM	1	(register, 0x40, 1)		(unique, 0x1200, 1)
instruction	CODE:64a1	CODE:6510	LCALL 0x33e9	4	write	INTMEM	1	(register, 0x40, 1)		(unique, 0xb400, 1)
instruction	CODE:64a1	CODE:6510	LCALL 0x33e9	6	write	INTMEM	1	(register, 0x40, 1)		(unique, 0x1200, 1)
instruction	CODE:64a1	CODE:651b	LCALL 0xa94d	4	write	INTMEM	1	(register, 0x40, 1)		(unique, 0xb400, 1)
instruction	CODE:64a1	CODE:651b	LCALL 0xa94d	6	write	INTMEM	1	(register, 0x40, 1)		(unique, 0x1200, 1)
instruction	CODE:64a1	CODE:652a	MOVX A,@DPTR	1	read	EXTMEM	1	(unique, 0x2800, 2)		
instruction	CODE:64a1	CODE:6530	MOV A,@R0	0	read	INTMEM	1	(register, 0x0, 1)		
instruction	CODE:64a1	CODE:6531	LCALL 0x342d	4	write	INTMEM	1	(register, 0x40, 1)		(unique, 0xb400, 1)
instruction	CODE:64a1	CODE:6531	LCALL 0x342d	6	write	INTMEM	1	(register, 0x40, 1)		(unique, 0x1200, 1)
instruction	CODE:64a1	CODE:6534	MOVX A,@DPTR	1	read	EXTMEM	1	(unique, 0x2800, 2)		
instruction	CODE:64a1	CODE:6537	LCALL 0x42a5	4	write	INTMEM	1	(register, 0x40, 1)		(unique, 0xb400, 1)
instruction	CODE:64a1	CODE:6537	LCALL 0x42a5	6	write	INTMEM	1	(register, 0x40, 1)		(unique, 0x1200, 1)
instruction	CODE:64a1	CODE:653a	RET	1	read	INTMEM	1	(register, 0x40, 1)		
instruction	CODE:64a1	CODE:653a	RET	3	read	INTMEM	1	(register, 0x40, 1)		
instruction	CODE:653b	CODE:653e	LCALL 0x7d83	4	write	INTMEM	1	(register, 0x40, 1)		(unique, 0xb400, 1)
instruction	CODE:653b	CODE:653e	LCALL 0x7d83	6	write	INTMEM	1	(register, 0x40, 1)		(unique, 0x1200, 1)
instruction	CODE:653b	CODE:6545	LCALL 0x87aa	4	write	INTMEM	1	(register, 0x40, 1)		(unique, 0xb400, 1)
instruction	CODE:653b	CODE:6545	LCALL 0x87aa	6	write	INTMEM	1	(register, 0x40, 1)		(unique, 0x1200, 1)
instruction	CODE:653b	CODE:654b	MOVX A,@DPTR	1	read	EXTMEM	1	(unique, 0x2800, 2)		
instruction	CODE:653b	CODE:654f	MOVX A,@DPTR	1	read	EXTMEM	1	(unique, 0x2800, 2)		
instruction	CODE:653b	CODE:655f	MOVX A,@DPTR	1	read	EXTMEM	1	(unique, 0x2800, 2)		
instruction	CODE:653b	CODE:6563	MOVX A,@DPTR	1	read	EXTMEM	1	(unique, 0x2800, 2)		
instruction	CODE:653b	CODE:6573	MOVX A,@DPTR	1	read	EXTMEM	1	(unique, 0x2800, 2)		
instruction	CODE:653b	CODE:6577	MOVX A,@DPTR	1	read	EXTMEM	1	(unique, 0x2800, 2)		
instruction	CODE:653b	CODE:6587	MOVX A,@DPTR	1	read	EXTMEM	1	(unique, 0x2800, 2)		
instruction	CODE:653b	CODE:658b	MOVX A,@DPTR	1	read	EXTMEM	1	(unique, 0x2800, 2)		
instruction	CODE:653b	CODE:659b	MOVX A,@DPTR	1	read	EXTMEM	1	(unique, 0x2800, 2)		
instruction	CODE:653b	CODE:659f	MOVX A,@DPTR	1	read	EXTMEM	1	(unique, 0x2800, 2)		
instruction	CODE:653b	CODE:65af	MOVX A,@DPTR	1	read	EXTMEM	1	(unique, 0x2800, 2)		
instruction	CODE:653b	CODE:65b3	MOVX A,@DPTR	1	read	EXTMEM	1	(unique, 0x2800, 2)		
instruction	CODE:653b	CODE:65c7	LCALL 0x7d6d	4	write	INTMEM	1	(register, 0x40, 1)		(unique, 0xb400, 1)
instruction	CODE:653b	CODE:65c7	LCALL 0x7d6d	6	write	INTMEM	1	(register, 0x40, 1)		(unique, 0x1200, 1)
instruction	CODE:653b	CODE:65ca	LCALL 0x87aa	4	write	INTMEM	1	(register, 0x40, 1)		(unique, 0xb400, 1)
instruction	CODE:653b	CODE:65ca	LCALL 0x87aa	6	write	INTMEM	1	(register, 0x40, 1)		(unique, 0x1200, 1)
instruction	CODE:653b	CODE:65cd	LCALL 0x7d98	4	write	INTMEM	1	(register, 0x40, 1)		(unique, 0xb400, 1)
instruction	CODE:653b	CODE:65cd	LCALL 0x7d98	6	write	INTMEM	1	(register, 0x40, 1)		(unique, 0x1200, 1)
instruction	CODE:65d3	CODE:65d7	MOVX @DPTR,A	2	write	EXTMEM	1	(unique, 0x2800, 2)		(unique, 0x2900, 1)
instruction	CODE:65d3	CODE:65db	LCALL 0xae2a	4	write	INTMEM	1	(register, 0x40, 1)		(unique, 0xb400, 1)
instruction	CODE:65d3	CODE:65db	LCALL 0xae2a	6	write	INTMEM	1	(register, 0x40, 1)		(unique, 0x1200, 1)
instruction	CODE:65d3	CODE:65e2	MOVX @DPTR,A	2	write	EXTMEM	1	(unique, 0x2800, 2)		(unique, 0x2900, 1)
instruction	CODE:65d3	CODE:65e9	MOVX @DPTR,A	2	write	EXTMEM	1	(unique, 0x2800, 2)		(unique, 0x2900, 1)
instruction	CODE:65d3	CODE:65ec	MOVX @DPTR,A	2	write	EXTMEM	1	(unique, 0x2800, 2)		(unique, 0x2900, 1)
instruction	CODE:65d3	CODE:65ed	LCALL 0x9f39	4	write	INTMEM	1	(register, 0x40, 1)		(unique, 0xb400, 1)
instruction	CODE:65d3	CODE:65ed	LCALL 0x9f39	6	write	INTMEM	1	(register, 0x40, 1)		(unique, 0x1200, 1)
instruction	CODE:65d3	CODE:65f0	LCALL 0x6255	4	write	INTMEM	1	(register, 0x40, 1)		(unique, 0xb400, 1)
instruction	CODE:65d3	CODE:65f0	LCALL 0x6255	6	write	INTMEM	1	(register, 0x40, 1)		(unique, 0x1200, 1)
instruction	CODE:65d3	CODE:65fa	MOVX A,@DPTR	1	read	EXTMEM	1	(unique, 0x2800, 2)		
instruction	CODE:65d3	CODE:6602	MOVX A,@DPTR	1	read	EXTMEM	1	(unique, 0x2800, 2)		
instruction	CODE:65d3	CODE:6609	MOVX A,@DPTR	1	read	EXTMEM	1	(unique, 0x2800, 2)		
instruction	CODE:65d3	CODE:660c	MOVX A,@DPTR	1	read	EXTMEM	1	(unique, 0x2800, 2)		
instruction	CODE:65d3	CODE:660e	PUSH 0x03	1	write	INTMEM	1	(register, 0x40, 1)		mem[INTMEM:03]
instruction	CODE:65d3	CODE:6613	LCALL 0xadf3	4	write	INTMEM	1	(register, 0x40, 1)		(unique, 0xb400, 1)
instruction	CODE:65d3	CODE:6613	LCALL 0xadf3	6	write	INTMEM	1	(register, 0x40, 1)		(unique, 0x1200, 1)
instruction	CODE:65d3	CODE:6624	LCALL 0x6221	4	write	INTMEM	1	(register, 0x40, 1)		(unique, 0xb400, 1)
instruction	CODE:65d3	CODE:6624	LCALL 0x6221	6	write	INTMEM	1	(register, 0x40, 1)		(unique, 0x1200, 1)
instruction	CODE:65d3	CODE:6629	MOVX @DPTR,A	2	write	EXTMEM	1	(unique, 0x2800, 2)		(unique, 0x2900, 1)
instruction	CODE:65d3	CODE:662d	LCALL 0xadf3	4	write	INTMEM	1	(register, 0x40, 1)		(unique, 0xb400, 1)
instruction	CODE:65d3	CODE:662d	LCALL 0xadf3	6	write	INTMEM	1	(register, 0x40, 1)		(unique, 0x1200, 1)
instruction	CODE:65d3	CODE:666a	RET	1	read	INTMEM	1	(register, 0x40, 1)		
instruction	CODE:65d3	CODE:666a	RET	3	read	INTMEM	1	(register, 0x40, 1)		
instruction	CODE:666b	CODE:666f	MOVX @DPTR,A	2	write	EXTMEM	1	(unique, 0x2800, 2)		(unique, 0x2900, 1)
instruction	CODE:666b	CODE:6671	LCALL 0xae2a	4	write	INTMEM	1	(register, 0x40, 1)		(unique, 0xb400, 1)
instruction	CODE:666b	CODE:6671	LCALL 0xae2a	6	write	INTMEM	1	(register, 0x40, 1)		(unique, 0x1200, 1)
instruction	CODE:666b	CODE:6676	LCALL 0xa97a	4	write	INTMEM	1	(register, 0x40, 1)		(unique, 0xb400, 1)
instruction	CODE:666b	CODE:6676	LCALL 0xa97a	6	write	INTMEM	1	(register, 0x40, 1)		(unique, 0x1200, 1)
instruction	CODE:666b	CODE:667d	MOVX @DPTR,A	2	write	EXTMEM	1	(unique, 0x2800, 2)		(unique, 0x2900, 1)
instruction	CODE:666b	CODE:6681	MOVX A,@DPTR	1	read	EXTMEM	1	(unique, 0x2800, 2)		
instruction	CODE:666b	CODE:6688	LCALL 0x8b2b	4	write	INTMEM	1	(register, 0x40, 1)		(unique, 0xb400, 1)
instruction	CODE:666b	CODE:6688	LCALL 0x8b2b	6	write	INTMEM	1	(register, 0x40, 1)		(unique, 0x1200, 1)
instruction	CODE:666b	CODE:668d	MOVX A,@DPTR	1	read	EXTMEM	1	(unique, 0x2800, 2)		
instruction	CODE:666b	CODE:6699	LCALL 0x8b1b	4	write	INTMEM	1	(register, 0x40, 1)		(unique, 0xb400, 1)
instruction	CODE:666b	CODE:6699	LCALL 0x8b1b	6	write	INTMEM	1	(register, 0x40, 1)		(unique, 0x1200, 1)
instruction	CODE:666b	CODE:669c	MOVX A,@DPTR	1	read	EXTMEM	1	(unique, 0x2800, 2)		
instruction	CODE:666b	CODE:66a4	MOVX A,@DPTR	1	read	EXTMEM	1	(unique, 0x2800, 2)		
instruction	CODE:666b	CODE:66a9	INC @R0	0	read	INTMEM	1	(register, 0x0, 1)		
instruction	CODE:666b	CODE:66a9	INC @R0	2	write	INTMEM	1	(register, 0x0, 1)		(unique, 0x2a00, 1)
instruction	CODE:666b	CODE:66ad	MOVX A,@DPTR	1	read	EXTMEM	1	(unique, 0x2800, 2)		
instruction	CODE:666b	CODE:66b3	MOVX @DPTR,A	2	write	EXTMEM	1	(unique, 0x2800, 2)		(unique, 0x2900, 1)
instruction	CODE:666b	CODE:66b6	MOV A,@R0	0	read	INTMEM	1	(register, 0x0, 1)		
instruction	CODE:666b	CODE:66b8	MOVX @DPTR,A	2	write	EXTMEM	1	(unique, 0x2800, 2)		(unique, 0x2900, 1)
instruction	CODE:666b	CODE:66c6	MOVC A,@A+DPTR	2	read	CODE	1	(unique, 0x2400, 2)		
instruction	CODE:666b	CODE:66ca	MOVC A,@A+DPTR	2	read	CODE	1	(unique, 0x2400, 2)		
instruction	CODE:666b	CODE:66cb	LCALL 0x8b24	4	write	INTMEM	1	(register, 0x40, 1)		(unique, 0xb400, 1)
instruction	CODE:666b	CODE:66cb	LCALL 0x8b24	6	write	INTMEM	1	(register, 0x40, 1)		(unique, 0x1200, 1)
instruction	CODE:666b	CODE:66d0	MOVX @DPTR,A	2	write	EXTMEM	1	(unique, 0x2800, 2)		(unique, 0x2900, 1)
instruction	CODE:666b	CODE:66d3	MOVX @DPTR,A	2	write	EXTMEM	1	(unique, 0x2800, 2)		(unique, 0x2900, 1)
instruction	CODE:666b	CODE:66d7	LCALL 0xadf3	4	write	INTMEM	1	(register, 0x40, 1)		(unique, 0xb400, 1)
instruction	CODE:666b	CODE:66d7	LCALL 0xadf3	6	write	INTMEM	1	(register, 0x40, 1)		(unique, 0x1200, 1)
instruction	CODE:666b	CODE:66f7	MOVX A,@DPTR	1	read	EXTMEM	1	(unique, 0x2800, 2)		
instruction	CODE:666b	CODE:66f9	MOVX @DPTR,A	2	write	EXTMEM	1	(unique, 0x2800, 2)		(unique, 0x2900, 1)
instruction	CODE:666b	CODE:66fc	RET	1	read	INTMEM	1	(register, 0x40, 1)		
instruction	CODE:666b	CODE:66fc	RET	3	read	INTMEM	1	(register, 0x40, 1)		
instruction	CODE:66fd	CODE:6704	MOVX A,@DPTR	1	read	EXTMEM	1	(unique, 0x2800, 2)		
instruction	CODE:66fd	CODE:6706	MOVX @DPTR,A	2	write	EXTMEM	1	(unique, 0x2800, 2)		(unique, 0x2900, 1)
instruction	CODE:66fd	CODE:6707	MOVX A,@DPTR	1	read	EXTMEM	1	(unique, 0x2800, 2)		
instruction	CODE:66fd	CODE:670b	RET	1	read	INTMEM	1	(register, 0x40, 1)		
instruction	CODE:66fd	CODE:670b	RET	3	read	INTMEM	1	(register, 0x40, 1)		
instruction	CODE:66fd	CODE:670f	MOVX A,@DPTR	1	read	EXTMEM	1	(unique, 0x2800, 2)		
instruction	CODE:66fd	CODE:6714	MOVX @DPTR,A	2	write	EXTMEM	1	(unique, 0x2800, 2)		(unique, 0x2900, 1)
instruction	CODE:66fd	CODE:671a	MOVX @DPTR,A	2	write	EXTMEM	1	(unique, 0x2800, 2)		(unique, 0x2900, 1)
instruction	CODE:66fd	CODE:671e	MOVX A,@DPTR	1	read	EXTMEM	1	(unique, 0x2800, 2)		
instruction	CODE:66fd	CODE:6731	MOVX @DPTR,A	2	write	EXTMEM	1	(unique, 0x2800, 2)		(unique, 0x2900, 1)
instruction	CODE:66fd	CODE:6737	MOVX @DPTR,A	2	write	EXTMEM	1	(unique, 0x2800, 2)		(unique, 0x2900, 1)
instruction	CODE:66fd	CODE:6738	RET	1	read	INTMEM	1	(register, 0x40, 1)		
instruction	CODE:66fd	CODE:6738	RET	3	read	INTMEM	1	(register, 0x40, 1)		
instruction	CODE:66fd	CODE:6745	MOVX @DPTR,A	2	write	EXTMEM	1	(unique, 0x2800, 2)		(unique, 0x2900, 1)
instruction	CODE:66fd	CODE:6749	MOVX @DPTR,A	2	write	EXTMEM	1	(unique, 0x2800, 2)		(unique, 0x2900, 1)
instruction	CODE:66fd	CODE:674f	MOVX @DPTR,A	2	write	EXTMEM	1	(unique, 0x2800, 2)		(unique, 0x2900, 1)
instruction	CODE:66fd	CODE:6753	MOVX @DPTR,A	2	write	EXTMEM	1	(unique, 0x2800, 2)		(unique, 0x2900, 1)
instruction	CODE:66fd	CODE:6757	MOVX A,@DPTR	1	read	EXTMEM	1	(unique, 0x2800, 2)		
instruction	CODE:66fd	CODE:6759	MOVX @DPTR,A	2	write	EXTMEM	1	(unique, 0x2800, 2)		(unique, 0x2900, 1)
instruction	CODE:66fd	CODE:675f	MOVX @DPTR,A	2	write	EXTMEM	1	(unique, 0x2800, 2)		(unique, 0x2900, 1)
instruction	CODE:66fd	CODE:6760	RET	1	read	INTMEM	1	(register, 0x40, 1)		
instruction	CODE:66fd	CODE:6760	RET	3	read	INTMEM	1	(register, 0x40, 1)		
instruction	CODE:66fd	CODE:6764	LCALL 0x546c	4	write	INTMEM	1	(register, 0x40, 1)		(unique, 0xb400, 1)
instruction	CODE:66fd	CODE:6764	LCALL 0x546c	6	write	INTMEM	1	(register, 0x40, 1)		(unique, 0x1200, 1)
instruction	CODE:66fd	CODE:6768	MOVX @DPTR,A	2	write	EXTMEM	1	(unique, 0x2800, 2)		(unique, 0x2900, 1)
instruction	CODE:66fd	CODE:676c	MOVX A,@DPTR	1	read	EXTMEM	1	(unique, 0x2800, 2)		
instruction	CODE:66fd	CODE:676e	MOVX @DPTR,A	2	write	EXTMEM	1	(unique, 0x2800, 2)		(unique, 0x2900, 1)
instruction	CODE:66fd	CODE:6770	MOVX A,@DPTR	1	read	EXTMEM	1	(unique, 0x2800, 2)		
instruction	CODE:66fd	CODE:6772	MOVX @DPTR,A	2	write	EXTMEM	1	(unique, 0x2800, 2)		(unique, 0x2900, 1)
instruction	CODE:66fd	CODE:6778	MOVX @DPTR,A	2	write	EXTMEM	1	(unique, 0x2800, 2)		(unique, 0x2900, 1)
instruction	CODE:66fd	CODE:6779	RET	1	read	INTMEM	1	(register, 0x40, 1)		
instruction	CODE:66fd	CODE:6779	RET	3	read	INTMEM	1	(register, 0x40, 1)		
instruction	CODE:66fd	CODE:677d	MOVX A,@DPTR	1	read	EXTMEM	1	(unique, 0x2800, 2)		
instruction	CODE:66fd	CODE:6785	LCALL 0x957e	4	write	INTMEM	1	(register, 0x40, 1)		(unique, 0xb400, 1)
instruction	CODE:66fd	CODE:6785	LCALL 0x957e	6	write	INTMEM	1	(register, 0x40, 1)		(unique, 0x1200, 1)
instruction	CODE:66fd	CODE:678c	MOVX @DPTR,A	2	write	EXTMEM	1	(unique, 0x2800, 2)		(unique, 0x2900, 1)
instruction	CODE:66fd	CODE:678d	RET	1	read	INTMEM	1	(register, 0x40, 1)		
instruction	CODE:66fd	CODE:678d	RET	3	read	INTMEM	1	(register, 0x40, 1)		
instruction	CODE:678e	CODE:678e	LCALL 0x9cf0	4	write	INTMEM	1	(register, 0x40, 1)		(unique, 0xb400, 1)
instruction	CODE:678e	CODE:678e	LCALL 0x9cf0	6	write	INTMEM	1	(register, 0x40, 1)		(unique, 0x1200, 1)
instruction	CODE:678e	CODE:6793	LCALL 0x8ecd	4	write	INTMEM	1	(register, 0x40, 1)		(unique, 0xb400, 1)
instruction	CODE:678e	CODE:6793	LCALL 0x8ecd	6	write	INTMEM	1	(register, 0x40, 1)		(unique, 0x1200, 1)
instruction	CODE:678e	CODE:6796	LCALL 0xa733	4	write	INTMEM	1	(register, 0x40, 1)		(unique, 0xb400, 1)
instruction	CODE:678e	CODE:6796	LCALL 0xa733	6	write	INTMEM	1	(register, 0x40, 1)		(unique, 0x1200, 1)
instruction	CODE:678e	CODE:679b	LCALL 0x342b	4	write	INTMEM	1	(register, 0x40, 1)		(unique, 0xb400, 1)
instruction	CODE:678e	CODE:679b	LCALL 0x342b	6	write	INTMEM	1	(register, 0x40, 1)		(unique, 0x1200, 1)
instruction	CODE:678e	CODE:679f	MOVX @DPTR,A	2	write	EXTMEM	1	(unique, 0x2800, 2)		(unique, 0x2900, 1)
instruction	CODE:678e	CODE:67a3	LCALL 0x33f5	4	write	INTMEM	1	(register, 0x40, 1)		(unique, 0xb400, 1)
instruction	CODE:678e	CODE:67a3	LCALL 0x33f5	6	write	INTMEM	1	(register, 0x40, 1)		(unique, 0x1200, 1)
instruction	CODE:678e	CODE:67a7	MOVX @DPTR,A	2	write	EXTMEM	1	(unique, 0x2800, 2)		(unique, 0x2900, 1)
instruction	CODE:678e	CODE:67a8	LCALL 0xa6fd	4	write	INTMEM	1	(register, 0x40, 1)		(unique, 0xb400, 1)
instruction	CODE:678e	CODE:67a8	LCALL 0xa6fd	6	write	INTMEM	1	(register, 0x40, 1)		(unique, 0x1200, 1)
instruction	CODE:678e	CODE:67ab	LCALL 0x349f	4	write	INTMEM	1	(register, 0x40, 1)		(unique, 0xb400, 1)
instruction	CODE:678e	CODE:67ab	LCALL 0x349f	6	write	INTMEM	1	(register, 0x40, 1)		(unique, 0x1200, 1)
instruction	CODE:678e	CODE:67af	MOVX @DPTR,A	2	write	EXTMEM	1	(unique, 0x2800, 2)		(unique, 0x2900, 1)
instruction	CODE:678e	CODE:67b0	LCALL 0x8ac2	4	write	INTMEM	1	(register, 0x40, 1)		(unique, 0xb400, 1)
instruction	CODE:678e	CODE:67b0	LCALL 0x8ac2	6	write	INTMEM	1	(register, 0x40, 1)		(unique, 0x1200, 1)
instruction	CODE:678e	CODE:67b3	LCALL 0x33d6	4	write	INTMEM	1	(register, 0x40, 1)		(unique, 0xb400, 1)
instruction	CODE:678e	CODE:67b3	LCALL 0x33d6	6	write	INTMEM	1	(register, 0x40, 1)		(unique, 0x1200, 1)
instruction	CODE:678e	CODE:67bb	LCALL 0xa9ae	4	write	INTMEM	1	(register, 0x40, 1)		(unique, 0xb400, 1)
instruction	CODE:678e	CODE:67bb	LCALL 0xa9ae	6	write	INTMEM	1	(register, 0x40, 1)		(unique, 0x1200, 1)
instruction	CODE:678e	CODE:67c1	LCALL 0x33e2	4	write	INTMEM	1	(register, 0x40, 1)		(unique, 0xb400, 1)
instruction	CODE:678e	CODE:67c1	LCALL 0x33e2	6	write	INTMEM	1	(register, 0x40, 1)		(unique, 0x1200, 1)
instruction	CODE:678e	CODE:67c6	LCALL 0xa99c	4	write	INTMEM	1	(register, 0x40, 1)		(unique, 0xb400, 1)
instruction	CODE:678e	CODE:67c6	LCALL 0xa99c	6	write	INTMEM	1	(register, 0x40, 1)		(unique, 0x1200, 1)
instruction	CODE:678e	CODE:67c9	LCALL 0x33b9	4	write	INTMEM	1	(register, 0x40, 1)		(unique, 0xb400, 1)
instruction	CODE:678e	CODE:67c9	LCALL 0x33b9	6	write	INTMEM	1	(register, 0x40, 1)		(unique, 0x1200, 1)
instruction	CODE:678e	CODE:67d1	LCALL 0xa9ae	4	write	INTMEM	1	(register, 0x40, 1)		(unique, 0xb400, 1)
instruction	CODE:678e	CODE:67d1	LCALL 0xa9ae	6	write	INTMEM	1	(register, 0x40, 1)		(unique, 0x1200, 1)
instruction	CODE:678e	CODE:67d9	LCALL 0xa9ae	4	write	INTMEM	1	(register, 0x40, 1)		(unique, 0xb400, 1)
instruction	CODE:678e	CODE:67d9	LCALL 0xa9ae	6	write	INTMEM	1	(register, 0x40, 1)		(unique, 0x1200, 1)
instruction	CODE:678e	CODE:67e1	LCALL 0x33dc	4	write	INTMEM	1	(register, 0x40, 1)		(unique, 0xb400, 1)
instruction	CODE:678e	CODE:67e1	LCALL 0x33dc	6	write	INTMEM	1	(register, 0x40, 1)		(unique, 0x1200, 1)
instruction	CODE:678e	CODE:67e6	LCALL 0x33d3	4	write	INTMEM	1	(register, 0x40, 1)		(unique, 0xb400, 1)
instruction	CODE:678e	CODE:67e6	LCALL 0x33d3	6	write	INTMEM	1	(register, 0x40, 1)		(unique, 0x1200, 1)
instruction	CODE:678e	CODE:67ed	LCALL 0xa9ae	4	write	INTMEM	1	(register, 0x40, 1)		(unique, 0xb400, 1)
instruction	CODE:678e	CODE:67ed	LCALL 0xa9ae	6	write	INTMEM	1	(register, 0x40, 1)		(unique, 0x1200, 1)
instruction	CODE:678e	CODE:67f2	MOV A,@R0	0	read	INTMEM	1	(register, 0x0, 1)		
instruction	CODE:678e	CODE:67f6	MOVC A,@A+DPTR	2	read	CODE	1	(unique, 0x2400, 2)		
instruction	CODE:678e	CODE:67fe	RET	1	read	INTMEM	1	(register, 0x40, 1)		
instruction	CODE:678e	CODE:67fe	RET	3	read	INTMEM	1	(register, 0x40, 1)		
instruction	CODE:67ff	CODE:67ff	RETI	1	read	INTMEM	1	(register, 0x40, 1)		
instruction	CODE:67ff	CODE:67ff	RETI	3	read	INTMEM	1	(register, 0x40, 1)		
instruction	CODE:6800	CODE:6803	LCALL 0xae2a	4	write	INTMEM	1	(register, 0x40, 1)		(unique, 0xb400, 1)
instruction	CODE:6800	CODE:6803	LCALL 0xae2a	6	write	INTMEM	1	(register, 0x40, 1)		(unique, 0x1200, 1)
instruction	CODE:6800	CODE:680a	MOVX @DPTR,A	2	write	EXTMEM	1	(unique, 0x2800, 2)		(unique, 0x2900, 1)
instruction	CODE:6800	CODE:680d	MOVX @DPTR,A	2	write	EXTMEM	1	(unique, 0x2800, 2)		(unique, 0x2900, 1)
instruction	CODE:6800	CODE:6811	MOVX @DPTR,A	2	write	EXTMEM	1	(unique, 0x2800, 2)		(unique, 0x2900, 1)
instruction	CODE:6800	CODE:681a	MOV A,@R0	0	read	INTMEM	1	(register, 0x0, 1)		
instruction	CODE:6800	CODE:681c	LCALL 0xa139	4	write	INTMEM	1	(register, 0x40, 1)		(unique, 0xb400, 1)
instruction	CODE:6800	CODE:681c	LCALL 0xa139	6	write	INTMEM	1	(register, 0x40, 1)		(unique, 0x1200, 1)
instruction	CODE:6800	CODE:6826	MOVX @DPTR,A	2	write	EXTMEM	1	(unique, 0x2800, 2)		(unique, 0x2900, 1)
instruction	CODE:6800	CODE:6827	LCALL 0x9d73	4	write	INTMEM	1	(register, 0x40, 1)		(unique, 0xb400, 1)
instruction	CODE:6800	CODE:6827	LCALL 0x9d73	6	write	INTMEM	1	(register, 0x40, 1)		(unique, 0x1200, 1)
instruction	CODE:6800	CODE:682a	LCALL 0xaa99	4	write	INTMEM	1	(register, 0x40, 1)		(unique, 0xb400, 1)
instruction	CODE:6800	CODE:682a	LCALL 0xaa99	6	write	INTMEM	1	(register, 0x40, 1)		(unique, 0x1200, 1)
instruction	CODE:6800	CODE:6834	LCALL 0xaac4	4	write	INTMEM	1	(register, 0x40, 1)		(unique, 0xb400, 1)
instruction	CODE:6800	CODE:6834	LCALL 0xaac4	6	write	INTMEM	1	(register, 0x40, 1)		(unique, 0x1200, 1)
instruction	CODE:6800	CODE:683e	LCALL 0xaac4	4	write	INTMEM	1	(register, 0x40, 1)		(unique, 0xb400, 1)
instruction	CODE:6800	CODE:683e	LCALL 0xaac4	6	write	INTMEM	1	(register, 0x40, 1)		(unique, 0x1200, 1)
instruction	CODE:6800	CODE:6845	LCALL 0x4503	4	write	INTMEM	1	(register, 0x40, 1)		(unique, 0xb400, 1)
instruction	CODE:6800	CODE:6845	LCALL 0x4503	6	write	INTMEM	1	(register, 0x40, 1)		(unique, 0x1200, 1)
instruction	CODE:6800	CODE:6851	LCALL 0xaac4	4	write	INTMEM	1	(register, 0x40, 1)		(unique, 0xb400, 1)
instruction	CODE:6800	CODE:6851	LCALL 0xaac4	6	write	INTMEM	1	(register, 0x40, 1)		(unique, 0x1200, 1)
instruction	CODE:6800	CODE:6860	MOVX A,@DPTR	1	read	EXTMEM	1	(unique, 0x2800, 2)		
instruction	CODE:6800	CODE:6863	MOVX A,@DPTR	1	read	EXTMEM	1	(unique, 0x2800, 2)		
instruction	CODE:6800	CODE:686a	LCALL 0xab68	4	write	INTMEM	1	(register, 0x40, 1)		(unique, 0xb400, 1)
instruction	CODE:6800	CODE:686a	LCALL 0xab68	6	write	INTMEM	1	(register, 0x40, 1)		(unique, 0x1200, 1)
instruction	CODE:6800	CODE:686f	LCALL 0xa63f	4	write	INTMEM	1	(register, 0x40, 1)		(unique, 0xb400, 1)
instruction	CODE:6800	CODE:686f	LCALL 0xa63f	6	write	INTMEM	1	(register, 0x40, 1)		(unique, 0x1200, 1)
instruction	CODE:6800	CODE:6875	LCALL 0xadf3	4	write	INTMEM	1	(register, 0x40, 1)		(unique, 0xb400, 1)
instruction	CODE:6800	CODE:6875	LCALL 0xadf3	6	write	INTMEM	1	(register, 0x40, 1)		(unique, 0x1200, 1)
instruction	CODE:6891	CODE:6895	MOVX @DPTR,A	2	write	EXTMEM	1	(unique, 0x2800, 2)		(unique, 0x2900, 1)
instruction	CODE:6891	CODE:6896	LCALL 0xa757	4	write	INTMEM	1	(register, 0x40, 1)		(unique, 0xb400, 1)
instruction	CODE:6891	CODE:6896	LCALL 0xa757	6	write	INTMEM	1	(register, 0x40, 1)		(unique, 0x1200, 1)
instruction	CODE:6891	CODE:689d	LCALL 0x90d1	4	write	INTMEM	1	(register, 0x40, 1)		(unique, 0xb400, 1)
instruction	CODE:6891	CODE:689d	LCALL 0x90d1	6	write	INTMEM	1	(register, 0x40, 1)		(unique, 0x1200, 1)
instruction	CODE:6891	CODE:68a0	LCALL 0x60b4	4	write	INTMEM	1	(register, 0x40, 1)		(unique, 0xb400, 1)
instruction	CODE:6891	CODE:68a0	LCALL 0x60b4	6	write	INTMEM	1	(register, 0x40, 1)		(unique, 0x1200, 1)
instruction	CODE:6891	CODE:68a7	MOVX @DPTR,A	2	write	EXTMEM	1	(unique, 0x2800, 2)		(unique, 0x2900, 1)
instruction	CODE:6891	CODE:68ab	MOVX @DPTR,A	2	write	EXTMEM	1	(unique, 0x2800, 2)		(unique, 0x2900, 1)
instruction	CODE:6891	CODE:68af	MOVX A,@DPTR	1	read	EXTMEM	1	(unique, 0x2800, 2)		
instruction	CODE:6891	CODE:68b2	MOVX A,@DPTR	1	read	EXTMEM	1	(unique, 0x2800, 2)		
instruction	CODE:6891	CODE:68b8	LCALL 0x3409	4	write	INTMEM	1	(register, 0x40, 1)		(unique, 0xb400, 1)
instruction	CODE:6891	CODE:68b8	LCALL 0x3409	6	write	INTMEM	1	(register, 0x40, 1)		(unique, 0x1200, 1)
instruction	CODE:6891	CODE:68be	LCALL 0xad6d	4	write	INTMEM	1	(register, 0x40, 1)		(unique, 0xb400, 1)
instruction	CODE:6891	CODE:68be	LCALL 0xad6d	6	write	INTMEM	1	(register, 0x40, 1)		(unique, 0x1200, 1)
instruction	CODE:6891	CODE:68c3	PUSH 0x07	1	write	INTMEM	1	(register, 0x40, 1)		mem[INTMEM:07]
instruction	CODE:6891	CODE:68c8	LCALL 0xad49	4	write	INTMEM	1	(register, 0x40, 1)		(unique, 0xb400, 1)
instruction	CODE:6891	CODE:68c8	LCALL 0xad49	6	write	INTMEM	1	(register, 0x40, 1)		(unique, 0x1200, 1)
instruction	CODE:6891	CODE:6912	MOVX A,@DPTR	1	read	EXTMEM	1	(unique, 0x2800, 2)		
instruction	CODE:6891	CODE:6917	MOVX A,@DPTR	1	read	EXTMEM	1	(unique, 0x2800, 2)		
instruction	CODE:691c	CODE:6920	MOVX @DPTR,A	2	write	EXTMEM	1	(unique, 0x2800, 2)		(unique, 0x2900, 1)
instruction	CODE:691c	CODE:6925	MOVX @DPTR,A	2	write	EXTMEM	1	(unique, 0x2800, 2)		(unique, 0x2900, 1)
instruction	CODE:691c	CODE:6928	MOVX @DPTR,A	2	write	EXTMEM	1	(unique, 0x2800, 2)		(unique, 0x2900, 1)
instruction	CODE:691c	CODE:6930	LCALL 0x441e	4	write	INTMEM	1	(register, 0x40, 1)		(unique, 0xb400, 1)
instruction	CODE:691c	CODE:6930	LCALL 0x441e	6	write	INTMEM	1	(register, 0x40, 1)		(unique, 0x1200, 1)
instruction	CODE:691c	CODE:6937	RET	1	read	INTMEM	1	(register, 0x40, 1)		
instruction	CODE:691c	CODE:6937	RET	3	read	INTMEM	1	(register, 0x40, 1)		
instruction	CODE:691c	CODE:693c	MOVX @DPTR,A	2	write	EXTMEM	1	(unique, 0x2800, 2)		(unique, 0x2900, 1)
instruction	CODE:691c	CODE:6940	MOVX A,@DPTR	1	read	EXTMEM	1	(unique, 0x2800, 2)		
instruction	CODE:691c	CODE:695e	LCALL 0xaa6d	4	write	INTMEM	1	(register, 0x40, 1)		(unique, 0xb400, 1)
instruction	CODE:691c	CODE:695e	LCALL 0xaa6d	6	write	INTMEM	1	(register, 0x40, 1)		(unique, 0x1200, 1)
instruction	CODE:691c	CODE:6965	LCALL 0x4413	4	write	INTMEM	1	(register, 0x40, 1)		(unique, 0xb400, 1)
instruction	CODE:691c	CODE:6965	LCALL 0x4413	6	write	INTMEM	1	(register, 0x40, 1)		(unique, 0x1200, 1)
instruction	CODE:691c	CODE:696f	MOVX @DPTR,A	2	write	EXTMEM	1	(unique, 0x2800, 2)		(unique, 0x2900, 1)
instruction	CODE:691c	CODE:6975	MOVX A,@DPTR	1	read	EXTMEM	1	(unique, 0x2800, 2)		
instruction	CODE:691c	CODE:6978	MOVX A,@DPTR	1	read	EXTMEM	1	(unique, 0x2800, 2)		
instruction	CODE:691c	CODE:6981	LCALL 0x441e	4	write	INTMEM	1	(register, 0x40, 1)		(unique, 0xb400, 1)
instruction	CODE:691c	CODE:6981	LCALL 0x441e	6	write	INTMEM	1	(register, 0x40, 1)		(unique, 0x1200, 1)
instruction	CODE:691c	CODE:698b	MOVX @DPTR,A	2	write	EXTMEM	1	(unique, 0x2800, 2)		(unique, 0x2900, 1)
instruction	CODE:691c	CODE:6992	LCALL 0x4413	4	write	INTMEM	1	(register, 0x40, 1)		(unique, 0xb400, 1)
instruction	CODE:691c	CODE:6992	LCALL 0x4413	6	write	INTMEM	1	(register, 0x40, 1)		(unique, 0x1200, 1)
instruction	CODE:691c	CODE:699c	MOVX @DPTR,A	2	write	EXTMEM	1	(unique, 0x2800, 2)		(unique, 0x2900, 1)
instruction	CODE:691c	CODE:69a0	MOVX A,@DPTR	1	read	EXTMEM	1	(unique, 0x2800, 2)		
instruction	CODE:691c	CODE:69a2	RET	1	read	INTMEM	1	(register, 0x40, 1)		
instruction	CODE:691c	CODE:69a2	RET	3	read	INTMEM	1	(register, 0x40, 1)		
instruction	CODE:69a3	CODE:69a7	MOVX @DPTR,A	2	write	EXTMEM	1	(unique, 0x2800, 2)		(unique, 0x2900, 1)
instruction	CODE:69a3	CODE:69ab	MOVX A,@DPTR	1	read	EXTMEM	1	(unique, 0x2800, 2)		
instruction	CODE:69a3	CODE:69c0	LCALL 0xa836	4	write	INTMEM	1	(register, 0x40, 1)		(unique, 0xb400, 1)
instruction	CODE:69a3	CODE:69c0	LCALL 0xa836	6	write	INTMEM	1	(register, 0x40, 1)		(unique, 0x1200, 1)
instruction	CODE:69a3	CODE:69c3	LCALL 0xa22f	4	write	INTMEM	1	(register, 0x40, 1)		(unique, 0xb400, 1)
instruction	CODE:69a3	CODE:69c3	LCALL 0xa22f	6	write	INTMEM	1	(register, 0x40, 1)		(unique, 0x1200, 1)
instruction	CODE:69a3	CODE:69ca	LCALL 0xa247	4	write	INTMEM	1	(register, 0x40, 1)		(unique, 0xb400, 1)
instruction	CODE:69a3	CODE:69ca	LCALL 0xa247	6	write	INTMEM	1	(register, 0x40, 1)		(unique, 0x1200, 1)
instruction	CODE:69a3	CODE:69d3	LCALL 0x9023	4	write	INTMEM	1	(register, 0x40, 1)		(unique, 0xb400, 1)
instruction	CODE:69a3	CODE:69d3	LCALL 0x9023	6	write	INTMEM	1	(register, 0x40, 1)		(unique, 0x1200, 1)
instruction	CODE:69a3	CODE:69d8	LCALL 0xa0cb	4	write	INTMEM	1	(register, 0x40, 1)		(unique, 0xb400, 1)
instruction	CODE:69a3	CODE:69d8	LCALL 0xa0cb	6	write	INTMEM	1	(register, 0x40, 1)		(unique, 0x1200, 1)
instruction	CODE:69a3	CODE:69e1	LCALL 0x9023	4	write	INTMEM	1	(register, 0x40, 1)		(unique, 0xb400, 1)
instruction	CODE:69a3	CODE:69e1	LCALL 0x9023	6	write	INTMEM	1	(register, 0x40, 1)		(unique, 0x1200, 1)
instruction	CODE:69a3	CODE:69e6	LCALL 0xa0cb	4	write	INTMEM	1	(register, 0x40, 1)		(unique, 0xb400, 1)
instruction	CODE:69a3	CODE:69e6	LCALL 0xa0cb	6	write	INTMEM	1	(register, 0x40, 1)		(unique, 0x1200, 1)
instruction	CODE:69a3	CODE:69ef	LCALL 0x9023	4	write	INTMEM	1	(register, 0x40, 1)		(unique, 0xb400, 1)
instruction	CODE:69a3	CODE:69ef	LCALL 0x9023	6	write	INTMEM	1	(register, 0x40, 1)		(unique, 0x1200, 1)
instruction	CODE:69a3	CODE:69f4	MOV A,@R0	0	read	INTMEM	1	(register, 0x0, 1)		
instruction	CODE:69a3	CODE:69fe	LCALL 0xa0cb	4	write	INTMEM	1	(register, 0x40, 1)		(unique, 0xb400, 1)
instruction	CODE:69a3	CODE:69fe	LCALL 0xa0cb	6	write	INTMEM	1	(register, 0x40, 1)		(unique, 0x1200, 1)
instruction	CODE:69a3	CODE:6a05	MOV A,@R0	0	read	INTMEM	1	(register, 0x0, 1)		
instruction	CODE:69a3	CODE:6a0e	LCALL 0xa63f	4	write	INTMEM	1	(register, 0x40, 1)		(unique, 0xb400, 1)
instruction	CODE:69a3	CODE:6a0e	LCALL 0xa63f	6	write	INTMEM	1	(register, 0x40, 1)		(unique, 0x1200, 1)
instruction	CODE:69a3	CODE:6a16	MOVX @DPTR,A	2	write	EXTMEM	1	(unique, 0x2800, 2)		(unique, 0x2900, 1)
instruction	CODE:69a3	CODE:6a1b	LCALL 0xa223	4	write	INTMEM	1	(register, 0x40, 1)		(unique, 0xb400, 1)
instruction	CODE:69a3	CODE:6a1b	LCALL 0xa223	6	write	INTMEM	1	(register, 0x40, 1)		(unique, 0x1200, 1)
instruction	CODE:69a3	CODE:6a21	MOVX A,@DPTR	1	read	EXTMEM	1	(unique, 0x2800, 2)		
instruction	CODE:69a3	CODE:6a23	LCALL 0xa0bd	4	write	INTMEM	1	(register, 0x40, 1)		(unique, 0xb400, 1)
instruction	CODE:69a3	CODE:6a23	LCALL 0xa0bd	6	write	INTMEM	1	(register, 0x40, 1)		(unique, 0x1200, 1)
instruction	CODE:69a3	CODE:6a26	RET	1	read	INTMEM	1	(register, 0x40, 1)		
instruction	CODE:69a3	CODE:6a26	RET	3	read	INTMEM	1	(register, 0x40, 1)		
instruction	CODE:6a27	CODE:6a2b	MOVX @DPTR,A	2	write	EXTMEM	1	(unique, 0x2800, 2)		(unique, 0x2900, 1)
instruction	CODE:6a27	CODE:6a30	LCALL 0x626d	4	write	INTMEM	1	(register, 0x40, 1)		(unique, 0xb400, 1)
instruction	CODE:6a27	CODE:6a30	LCALL 0x626d	6	write	INTMEM	1	(register, 0x40, 1)		(unique, 0x1200, 1)
instruction	CODE:6a27	CODE:6a35	LCALL 0x8bf3	4	write	INTMEM	1	(register, 0x40, 1)		(unique, 0xb400, 1)
instruction	CODE:6a27	CODE:6a35	LCALL 0x8bf3	6	write	INTMEM	1	(register, 0x40, 1)		(unique, 0x1200, 1)
instruction	CODE:6a27	CODE:6a3b	MOVX A,@DPTR	1	read	EXTMEM	1	(unique, 0x2800, 2)		
instruction	CODE:6a27	CODE:6a3f	MOVX @DPTR,A	2	write	EXTMEM	1	(unique, 0x2800, 2)		(unique, 0x2900, 1)
instruction	CODE:6a27	CODE:6a42	MOVX @DPTR,A	2	write	EXTMEM	1	(unique, 0x2800, 2)		(unique, 0x2900, 1)
instruction	CODE:6a27	CODE:6a49	LCALL 0x87aa	4	write	INTMEM	1	(register, 0x40, 1)		(unique, 0xb400, 1)
instruction	CODE:6a27	CODE:6a49	LCALL 0x87aa	6	write	INTMEM	1	(register, 0x40, 1)		(unique, 0x1200, 1)
instruction	CODE:6a27	CODE:6a4f	MOVX A,@DPTR	1	read	EXTMEM	1	(unique, 0x2800, 2)		
instruction	CODE:6a27	CODE:6a5e	MOVX A,@DPTR	1	read	EXTMEM	1	(unique, 0x2800, 2)		
instruction	CODE:6a27	CODE:6a6d	MOVX A,@DPTR	1	read	EXTMEM	1	(unique, 0x2800, 2)		
instruction	CODE:6a27	CODE:6a80	MOVX A,@DPTR	1	read	EXTMEM	1	(unique, 0x2800, 2)		
instruction	CODE:6a27	CODE:6a83	MOVX A,@DPTR	1	read	EXTMEM	1	(unique, 0x2800, 2)		
instruction	CODE:6a27	CODE:6a88	MOVX @DPTR,A	2	write	EXTMEM	1	(unique, 0x2800, 2)		(unique, 0x2900, 1)
instruction	CODE:6a27	CODE:6a8b	MOVX @DPTR,A	2	write	EXTMEM	1	(unique, 0x2800, 2)		(unique, 0x2900, 1)
instruction	CODE:6a27	CODE:6a8c	LCALL 0x87aa	4	write	INTMEM	1	(register, 0x40, 1)		(unique, 0xb400, 1)
instruction	CODE:6a27	CODE:6a8c	LCALL 0x87aa	6	write	INTMEM	1	(register, 0x40, 1)		(unique, 0x1200, 1)
instruction	CODE:6a27	CODE:6a95	LCALL 0x87aa	4	write	INTMEM	1	(register, 0x40, 1)		(unique, 0xb400, 1)
instruction	CODE:6a27	CODE:6a95	LCALL 0x87aa	6	write	INTMEM	1	(register, 0x40, 1)		(unique, 0x1200, 1)
instruction	CODE:6a27	CODE:6a9a	MOV A,@R0	0	read	INTMEM	1	(register, 0x0, 1)		
instruction	CODE:6a27	CODE:6aa1	MOVX A,@DPTR	1	read	EXTMEM	1	(unique, 0x2800, 2)		
instruction	CODE:6a27	CODE:6aa7	LCALL 0x9436	4	write	INTMEM	1	(register, 0x40, 1)		(unique, 0xb400, 1)
instruction	CODE:6a27	CODE:6aa7	LCALL 0x9436	6	write	INTMEM	1	(register, 0x40, 1)		(unique, 0x1200, 1)
instruction	CODE:6a27	CODE:6aaa	RET	1	read	INTMEM	1	(register, 0x40, 1)		
instruction	CODE:6a27	CODE:6aaa	RET	3	read	INTMEM	1	(register, 0x40, 1)		
instruction	CODE:6aab	CODE:6aab	LCALL 0x95f2	4	write	INTMEM	1	(register, 0x40, 1)		(unique, 0xb400, 1)
instruction	CODE:6aab	CODE:6aab	LCALL 0x95f2	6	write	INTMEM	1	(register, 0x40, 1)		(unique, 0x1200, 1)
instruction	CODE:6aab	CODE:6aae	LCALL 0x789f	4	write	INTMEM	1	(register, 0x40, 1)		(unique, 0xb400, 1)
instruction	CODE:6aab	CODE:6aae	LCALL 0x789f	6	write	INTMEM	1	(register, 0x40, 1)		(unique, 0x1200, 1)
instruction	CODE:6aab	CODE:6ab1	LCALL 0x8fcd	4	write	INTMEM	1	(register, 0x40, 1)		(unique, 0xb400, 1)
instruction	CODE:6aab	CODE:6ab1	LCALL 0x8fcd	6	write	INTMEM	1	(register, 0x40, 1)		(unique, 0x1200, 1)
instruction	CODE:6aab	CODE:6ab4	LCALL 0x9c07	4	write	INTMEM	1	(register, 0x40, 1)		(unique, 0xb400, 1)
instruction	CODE:6aab	CODE:6ab4	LCALL 0x9c07	6	write	INTMEM	1	(register, 0x40, 1)		(unique, 0x1200, 1)
instruction	CODE:6aab	CODE:6ab7	LCALL 0x8b9d	4	write	INTMEM	1	(register, 0x40, 1)		(unique, 0xb400, 1)
instruction	CODE:6aab	CODE:6ab7	LCALL 0x8b9d	6	write	INTMEM	1	(register, 0x40, 1)		(unique, 0x1200, 1)
instruction	CODE:6aab	CODE:6aba	LCALL 0x8ff0	4	write	INTMEM	1	(register, 0x40, 1)		(unique, 0xb400, 1)
instruction	CODE:6aab	CODE:6aba	LCALL 0x8ff0	6	write	INTMEM	1	(register, 0x40, 1)		(unique, 0x1200, 1)
instruction	CODE:6aab	CODE:6abd	LCALL 0x1ffd	4	write	INTMEM	1	(register, 0x40, 1)		(unique, 0xb400, 1)
instruction	CODE:6aab	CODE:6abd	LCALL 0x1ffd	6	write	INTMEM	1	(register, 0x40, 1)		(unique, 0x1200, 1)
instruction	CODE:6aab	CODE:6ac0	LCALL 0xa569	4	write	INTMEM	1	(register, 0x40, 1)		(unique, 0xb400, 1)
instruction	CODE:6aab	CODE:6ac0	LCALL 0xa569	6	write	INTMEM	1	(register, 0x40, 1)		(unique, 0x1200, 1)
instruction	CODE:6aab	CODE:6ac3	LCALL 0xa7bc	4	write	INTMEM	1	(register, 0x40, 1)		(unique, 0xb400, 1)
instruction	CODE:6aab	CODE:6ac3	LCALL 0xa7bc	6	write	INTMEM	1	(register, 0x40, 1)		(unique, 0x1200, 1)
instruction	CODE:6aab	CODE:6ac8	LCALL 0x6ffc	4	write	INTMEM	1	(register, 0x40, 1)		(unique, 0xb400, 1)
instruction	CODE:6aab	CODE:6ac8	LCALL 0x6ffc	6	write	INTMEM	1	(register, 0x40, 1)		(unique, 0x1200, 1)
instruction	CODE:6aab	CODE:6ace	MOVX A,@DPTR	1	read	EXTMEM	1	(unique, 0x2800, 2)		
instruction	CODE:6aab	CODE:6ad1	MOVX A,@DPTR	1	read	EXTMEM	1	(unique, 0x2800, 2)		
instruction	CODE:6aab	CODE:6ad6	MOV @R0,A	1	write	INTMEM	1	(register, 0x0, 1)		(unique, 0x2a00, 1)
instruction	CODE:6aab	CODE:6ada	MOV @R0,A	1	write	INTMEM	1	(register, 0x0, 1)		(unique, 0x2a00, 1)
instruction	CODE:6aab	CODE:6ae5	LCALL 0xa9e2	4	write	INTMEM	1	(register, 0x40, 1)		(unique, 0xb400, 1)
instruction	CODE:6aab	CODE:6ae5	LCALL 0xa9e2	6	write	INTMEM	1	(register, 0x40, 1)		(unique, 0x1200, 1)
instruction	CODE:6aab	CODE:6aea	MOV @R0,0x07	1	write	INTMEM	1	(register, 0x0, 1)		(unique, 0x2a00, 1)
instruction	CODE:6aab	CODE:6af0	LCALL 0x9e59	4	write	INTMEM	1	(register, 0x40, 1)		(unique, 0xb400, 1)
instruction	CODE:6aab	CODE:6af0	LCALL 0x9e59	6	write	INTMEM	1	(register, 0x40, 1)		(unique, 0x1200, 1)
instruction	CODE:6aab	CODE:6af6	LCALL 0x7d8b	4	write	INTMEM	1	(register, 0x40, 1)		(unique, 0xb400, 1)
instruction	CODE:6aab	CODE:6af6	LCALL 0x7d8b	6	write	INTMEM	1	(register, 0x40, 1)		(unique, 0x1200, 1)
instruction	CODE:6aab	CODE:6afc	MOVX A,@DPTR	1	read	EXTMEM	1	(unique, 0x2800, 2)		
instruction	CODE:6aab	CODE:6b03	LCALL 0x7d83	4	write	INTMEM	1	(register, 0x40, 1)		(unique, 0xb400, 1)
instruction	CODE:6aab	CODE:6b03	LCALL 0x7d83	6	write	INTMEM	1	(register, 0x40, 1)		(unique, 0x1200, 1)
instruction	CODE:6aab	CODE:6b0d	LCALL 0x7d8b	4	write	INTMEM	1	(register, 0x40, 1)		(unique, 0xb400, 1)
instruction	CODE:6aab	CODE:6b0d	LCALL 0x7d8b	6	write	INTMEM	1	(register, 0x40, 1)		(unique, 0x1200, 1)
instruction	CODE:6aab	CODE:6b12	MOVX @DPTR,A	2	write	EXTMEM	1	(unique, 0x2800, 2)		(unique, 0x2900, 1)
instruction	CODE:6aab	CODE:6b15	MOVX @DPTR,A	2	write	EXTMEM	1	(unique, 0x2800, 2)		(unique, 0x2900, 1)
instruction	CODE:6aab	CODE:6b18	MOV A,@R0	0	read	INTMEM	1	(register, 0x0, 1)		
instruction	CODE:6aab	CODE:6b1b	MOV A,@R0	0	read	INTMEM	1	(register, 0x0, 1)		
instruction	CODE:6aab	CODE:6b1e	MOVX @DPTR,A	2	write	EXTMEM	1	(unique, 0x2800, 2)		(unique, 0x2900, 1)
instruction	CODE:6aab	CODE:6b21	MOVX @DPTR,A	2	write	EXTMEM	1	(unique, 0x2800, 2)		(unique, 0x2900, 1)
instruction	CODE:6aab	CODE:6b22	LCALL 0x87aa	4	write	INTMEM	1	(register, 0x40, 1)		(unique, 0xb400, 1)
instruction	CODE:6aab	CODE:6b22	LCALL 0x87aa	6	write	INTMEM	1	(register, 0x40, 1)		(unique, 0x1200, 1)
instruction	CODE:6aab	CODE:6b27	RET	1	read	INTMEM	1	(register, 0x40, 1)		
instruction	CODE:6aab	CODE:6b27	RET	3	read	INTMEM	1	(register, 0x40, 1)		
instruction	CODE:6ba4	CODE:6ba8	MOVX @DPTR,A	2	write	EXTMEM	1	(unique, 0x2800, 2)		(unique, 0x2900, 1)
instruction	CODE:6ba4	CODE:6bab	MOVX @DPTR,A	2	write	EXTMEM	1	(unique, 0x2800, 2)		(unique, 0x2900, 1)
instruction	CODE:6ba4	CODE:6bae	MOV A,@R0	0	read	INTMEM	1	(register, 0x0, 1)		
instruction	CODE:6ba4	CODE:6bbb	MOVC A,@A+DPTR	2	read	CODE	1	(unique, 0x2400, 2)		
instruction	CODE:6ba4	CODE:6bbf	MOVC A,@A+DPTR	2	read	CODE	1	(unique, 0x2400, 2)		
instruction	CODE:6ba4	CODE:6bc4	MOVX @DPTR,A	2	write	EXTMEM	1	(unique, 0x2800, 2)		(unique, 0x2900, 1)
instruction	CODE:6ba4	CODE:6bc7	MOVX @DPTR,A	2	write	EXTMEM	1	(unique, 0x2800, 2)		(unique, 0x2900, 1)
instruction	CODE:6ba4	CODE:6bcb	MOVX A,@DPTR	1	read	EXTMEM	1	(unique, 0x2800, 2)		
instruction	CODE:6ba4	CODE:6bce	MOVX A,@DPTR	1	read	EXTMEM	1	(unique, 0x2800, 2)		
instruction	CODE:6ba4	CODE:6bd0	LCALL 0x9561	4	write	INTMEM	1	(register, 0x40, 1)		(unique, 0xb400, 1)
instruction	CODE:6ba4	CODE:6bd0	LCALL 0x9561	6	write	INTMEM	1	(register, 0x40, 1)		(unique, 0x1200, 1)
instruction	CODE:6ba4	CODE:6bd3	LCALL 0x9d73	4	write	INTMEM	1	(register, 0x40, 1)		(unique, 0xb400, 1)
instruction	CODE:6ba4	CODE:6bd3	LCALL 0x9d73	6	write	INTMEM	1	(register, 0x40, 1)		(unique, 0x1200, 1)
instruction	CODE:6ba4	CODE:6bd9	LCALL 0xab49	4	write	INTMEM	1	(register, 0x40, 1)		(unique, 0xb400, 1)
instruction	CODE:6ba4	CODE:6bd9	LCALL 0xab49	6	write	INTMEM	1	(register, 0x40, 1)		(unique, 0x1200, 1)
instruction	CODE:6ba4	CODE:6bdf	MOVX A,@DPTR	1	read	EXTMEM	1	(unique, 0x2800, 2)		
instruction	CODE:6ba4	CODE:6be5	MOVX A,@DPTR	1	read	EXTMEM	1	(unique, 0x2800, 2)		
instruction	CODE:6ba4	CODE:6bec	LCALL 0xab68	4	write	INTMEM	1	(register, 0x40, 1)		(unique, 0xb400, 1)
instruction	CODE:6ba4	CODE:6bec	LCALL 0xab68	6	write	INTMEM	1	(register, 0x40, 1)		(unique, 0x1200, 1)
instruction	CODE:6ba4	CODE:6bf2	LCALL 0x4503	4	write	INTMEM	1	(register, 0x40, 1)		(unique, 0xb400, 1)
instruction	CODE:6ba4	CODE:6bf2	LCALL 0x4503	6	write	INTMEM	1	(register, 0x40, 1)		(unique, 0x1200, 1)
instruction	CODE:6ba4	CODE:6bff	LCALL 0xab68	4	write	INTMEM	1	(register, 0x40, 1)		(unique, 0xb400, 1)
instruction	CODE:6ba4	CODE:6bff	LCALL 0xab68	6	write	INTMEM	1	(register, 0x40, 1)		(unique, 0x1200, 1)
instruction	CODE:6ba4	CODE:6c08	LCALL 0xab68	4	write	INTMEM	1	(register, 0x40, 1)		(unique, 0xb400, 1)
instruction	CODE:6ba4	CODE:6c08	LCALL 0xab68	6	write	INTMEM	1	(register, 0x40, 1)		(unique, 0x1200, 1)
instruction	CODE:6ba4	CODE:6c0e	MOVX A,@DPTR	1	read	EXTMEM	1	(unique, 0x2800, 2)		
instruction	CODE:6ba4	CODE:6c11	MOVX A,@DPTR	1	read	EXTMEM	1	(unique, 0x2800, 2)		
instruction	CODE:6c1b	CODE:6c1d	MOV A,@R0	0	read	INTMEM	1	(register, 0x0, 1)		
instruction	CODE:6c1b	CODE:6c2c	MOVX @DPTR,A	2	write	EXTMEM	1	(unique, 0x2800, 2)		(unique, 0x2900, 1)
instruction	CODE:6c1b	CODE:6c2f	MOVX @DPTR,A	2	write	EXTMEM	1	(unique, 0x2800, 2)		(unique, 0x2900, 1)
instruction	CODE:6c1b	CODE:6c32	MOVX @DPTR,A	2	write	EXTMEM	1	(unique, 0x2800, 2)		(unique, 0x2900, 1)
instruction	CODE:6c35	CODE:6c37	MOV A,@R0	0	read	INTMEM	1	(register, 0x0, 1)		
instruction	CODE:6c35	CODE:6c49	MOVX @DPTR,A	2	write	EXTMEM	1	(unique, 0x2800, 2)		(unique, 0x2900, 1)
instruction	CODE:6c35	CODE:6c4c	MOVX @DPTR,A	2	write	EXTMEM	1	(unique, 0x2800, 2)		(unique, 0x2900, 1)
instruction	CODE:6c35	CODE:6c4f	MOVX @DPTR,A	2	write	EXTMEM	1	(unique, 0x2800, 2)		(unique, 0x2900, 1)
instruction	CODE:6c35	CODE:6c53	MOVX A,@DPTR	1	read	EXTMEM	1	(unique, 0x2800, 2)		
instruction	CODE:6c35	CODE:6c56	MOVX A,@DPTR	1	read	EXTMEM	1	(unique, 0x2800, 2)		
instruction	CODE:6c35	CODE:6c59	MOVX A,@DPTR	1	read	EXTMEM	1	(unique, 0x2800, 2)		
instruction	CODE:6c35	CODE:6c63	LCALL 0xa9ae	4	write	INTMEM	1	(register, 0x40, 1)		(unique, 0xb400, 1)
instruction	CODE:6c35	CODE:6c63	LCALL 0xa9ae	6	write	INTMEM	1	(register, 0x40, 1)		(unique, 0x1200, 1)
instruction	CODE:6c35	CODE:6c6d	LCALL 0xa934	4	write	INTMEM	1	(register, 0x40, 1)		(unique, 0xb400, 1)
instruction	CODE:6c35	CODE:6c6d	LCALL 0xa934	6	write	INTMEM	1	(register, 0x40, 1)		(unique, 0x1200, 1)
instruction	CODE:6c35	CODE:6c72	LCALL 0xa99c	4	write	INTMEM	1	(register, 0x40, 1)		(unique, 0xb400, 1)
instruction	CODE:6c35	CODE:6c72	LCALL 0xa99c	6	write	INTMEM	1	(register, 0x40, 1)		(unique, 0x1200, 1)
instruction	CODE:6c35	CODE:6c77	LCALL 0xa99c	4	write	INTMEM	1	(register, 0x40, 1)		(unique, 0xb400, 1)
instruction	CODE:6c35	CODE:6c77	LCALL 0xa99c	6	write	INTMEM	1	(register, 0x40, 1)		(unique, 0x1200, 1)
instruction	CODE:6c35	CODE:6c7f	LCALL 0xa9ae	4	write	INTMEM	1	(register, 0x40, 1)		(unique, 0xb400, 1)
instruction	CODE:6c35	CODE:6c7f	LCALL 0xa9ae	6	write	INTMEM	1	(register, 0x40, 1)		(unique, 0x1200, 1)
instruction	CODE:6c35	CODE:6c89	LCALL 0xa934	4	write	INTMEM	1	(register, 0x40, 1)		(unique, 0xb400, 1)
instruction	CODE:6c35	CODE:6c89	LCALL 0xa934	6	write	INTMEM	1	(register, 0x40, 1)		(unique, 0x1200, 1)
instruction	CODE:6c35	CODE:6c8e	LCALL 0xa99c	4	write	INTMEM	1	(register, 0x40, 1)		(unique, 0xb400, 1)
instruction	CODE:6c35	CODE:6c8e	LCALL 0xa99c	6	write	INTMEM	1	(register, 0x40, 1)		(unique, 0x1200, 1)
instruction	CODE:6c35	CODE:6c91	RET	1	read	INTMEM	1	(register, 0x40, 1)		
instruction	CODE:6c35	CODE:6c91	RET	3	read	INTMEM	1	(register, 0x40, 1)		
instruction	CODE:6c92	CODE:6c94	LCALL 0x621e	4	write	INTMEM	1	(register, 0x40, 1)		(unique, 0xb400, 1)
instruction	CODE:6c92	CODE:6c94	LCALL 0x621e	6	write	INTMEM	1	(register, 0x40, 1)		(unique, 0x1200, 1)
instruction	CODE:6c92	CODE:6c97	MOVX A,@DPTR	1	read	EXTMEM	1	(unique, 0x2800, 2)		
instruction	CODE:6c92	CODE:6cb0	LCALL 0x6276	4	write	INTMEM	1	(register, 0x40, 1)		(unique, 0xb400, 1)
instruction	CODE:6c92	CODE:6cb0	LCALL 0x6276	6	write	INTMEM	1	(register, 0x40, 1)		(unique, 0x1200, 1)
instruction	CODE:6c92	CODE:6cb3	LCALL 0x6248	4	write	INTMEM	1	(register, 0x40, 1)		(unique, 0xb400, 1)
instruction	CODE:6c92	CODE:6cb3	LCALL 0x6248	6	write	INTMEM	1	(register, 0x40, 1)		(unique, 0x1200, 1)
instruction	CODE:6c92	CODE:6cb7	MOVX @DPTR,A	2	write	EXTMEM	1	(unique, 0x2800, 2)		(unique, 0x2900, 1)
instruction	CODE:6c92	CODE:6cb9	MOVX @DPTR,A	2	write	EXTMEM	1	(unique, 0x2800, 2)		(unique, 0x2900, 1)
instruction	CODE:6c92	CODE:6cc1	MOVX @DPTR,A	2	write	EXTMEM	1	(unique, 0x2800, 2)		(unique, 0x2900, 1)
instruction	CODE:6c92	CODE:6cc5	LCALL 0x624e	4	write	INTMEM	1	(register, 0x40, 1)		(unique, 0xb400, 1)
instruction	CODE:6c92	CODE:6cc5	LCALL 0x624e	6	write	INTMEM	1	(register, 0x40, 1)		(unique, 0x1200, 1)
instruction	CODE:6c92	CODE:6cc9	MOVX @DPTR,A	2	write	EXTMEM	1	(unique, 0x2800, 2)		(unique, 0x2900, 1)
instruction	CODE:6c92	CODE:6cd3	MOVX @DPTR,A	2	write	EXTMEM	1	(unique, 0x2800, 2)		(unique, 0x2900, 1)
instruction	CODE:6c92	CODE:6cd4	LCALL 0x2ed4	4	write	INTMEM	1	(register, 0x40, 1)		(unique, 0xb400, 1)
instruction	CODE:6c92	CODE:6cd4	LCALL 0x2ed4	6	write	INTMEM	1	(register, 0x40, 1)		(unique, 0x1200, 1)
instruction	CODE:6c92	CODE:6ce5	LCALL 0x621e	4	write	INTMEM	1	(register, 0x40, 1)		(unique, 0xb400, 1)
instruction	CODE:6c92	CODE:6ce5	LCALL 0x621e	6	write	INTMEM	1	(register, 0x40, 1)		(unique, 0x1200, 1)
instruction	CODE:6c92	CODE:6ce9	LCALL 0x6263	4	write	INTMEM	1	(register, 0x40, 1)		(unique, 0xb400, 1)
instruction	CODE:6c92	CODE:6ce9	LCALL 0x6263	6	write	INTMEM	1	(register, 0x40, 1)		(unique, 0x1200, 1)
instruction	CODE:6c92	CODE:6ced	MOVX A,@DPTR	1	read	EXTMEM	1	(unique, 0x2800, 2)		
instruction	CODE:6c92	CODE:6cef	LCALL 0x8265	4	write	INTMEM	1	(register, 0x40, 1)		(unique, 0xb400, 1)
instruction	CODE:6c92	CODE:6cef	LCALL 0x8265	6	write	INTMEM	1	(register, 0x40, 1)		(unique, 0x1200, 1)
instruction	CODE:6c92	CODE:6d03	LCALL 0x6293	4	write	INTMEM	1	(register, 0x40, 1)		(unique, 0xb400, 1)
instruction	CODE:6c92	CODE:6d03	LCALL 0x6293	6	write	INTMEM	1	(register, 0x40, 1)		(unique, 0x1200, 1)
instruction	CODE:6c92	CODE:6d08	RET	1	read	INTMEM	1	(register, 0x40, 1)		
instruction	CODE:6c92	CODE:6d08	RET	3	read	INTMEM	1	(register, 0x40, 1)		
instruction	CODE:6d09	CODE:6d0b	LCALL 0xa60e	4	write	INTMEM	1	(register, 0x40, 1)		(unique, 0xb400, 1)
instruction	CODE:6d09	CODE:6d0b	LCALL 0xa60e	6	write	INTMEM	1	(register, 0x40, 1)		(unique, 0x1200, 1)
instruction	CODE:6d09	CODE:6d10	LCALL 0xa485	4	write	INTMEM	1	(register, 0x40, 1)		(unique, 0xb400, 1)
instruction	CODE:6d09	CODE:6d10	LCALL 0xa485	6	write	INTMEM	1	(register, 0x40, 1)		(unique, 0x1200, 1)
instruction	CODE:6d09	CODE:6d17	LCALL 0xa60e	4	write	INTMEM	1	(register, 0x40, 1)		(unique, 0xb400, 1)
instruction	CODE:6d09	CODE:6d17	LCALL 0xa60e	6	write	INTMEM	1	(register, 0x40, 1)		(unique, 0x1200, 1)
instruction	CODE:6d09	CODE:6d21	LCALL 0xa223	4	write	INTMEM	1	(register, 0x40, 1)		(unique, 0xb400, 1)
instruction	CODE:6d09	CODE:6d21	LCALL 0xa223	6	write	INTMEM	1	(register, 0x40, 1)		(unique, 0x1200, 1)
instruction	CODE:6d09	CODE:6d28	LCALL 0xa60e	4	write	INTMEM	1	(register, 0x40, 1)		(unique, 0xb400, 1)
instruction	CODE:6d09	CODE:6d28	LCALL 0xa60e	6	write	INTMEM	1	(register, 0x40, 1)		(unique, 0x1200, 1)
instruction	CODE:6d09	CODE:6d2f	LCALL 0xa607	4	write	INTMEM	1	(register, 0x40, 1)		(unique, 0xb400, 1)
instruction	CODE:6d09	CODE:6d2f	LCALL 0xa607	6	write	INTMEM	1	(register, 0x40, 1)		(unique, 0x1200, 1)
instruction	CODE:6d09	CODE:6d36	MOV A,@R0	0	read	INTMEM	1	(register, 0x0, 1)		
instruction	CODE:6d09	CODE:6d3f	LCALL 0xa607	4	write	INTMEM	1	(register, 0x40, 1)		(unique, 0xb400, 1)
instruction	CODE:6d09	CODE:6d3f	LCALL 0xa607	6	write	INTMEM	1	(register, 0x40, 1)		(unique, 0x1200, 1)
instruction	CODE:6d09	CODE:6d47	MOVX A,@DPTR	1	read	EXTMEM	1	(unique, 0x2800, 2)		
instruction	CODE:6d09	CODE:6d4d	MOVX A,@DPTR	1	read	EXTMEM	1	(unique, 0x2800, 2)		
instruction	CODE:6d09	CODE:6d52	LCALL 0xa64d	4	write	INTMEM	1	(register, 0x40, 1)		(unique, 0xb400, 1)
instruction	CODE:6d09	CODE:6d52	LCALL 0xa64d	6	write	INTMEM	1	(register, 0x40, 1)		(unique, 0x1200, 1)
instruction	CODE:6d09	CODE:6d59	LCALL 0xa68c	4	write	INTMEM	1	(register, 0x40, 1)		(unique, 0xb400, 1)
instruction	CODE:6d09	CODE:6d59	LCALL 0xa68c	6	write	INTMEM	1	(register, 0x40, 1)		(unique, 0x1200, 1)
instruction	CODE:6d09	CODE:6d60	MOV A,@R0	0	read	INTMEM	1	(register, 0x0, 1)		
instruction	CODE:6d09	CODE:6d6a	LCALL 0xa23b	4	write	INTMEM	1	(register, 0x40, 1)		(unique, 0xb400, 1)
instruction	CODE:6d09	CODE:6d6a	LCALL 0xa23b	6	write	INTMEM	1	(register, 0x40, 1)		(unique, 0x1200, 1)
instruction	CODE:6d09	CODE:6d6f	LCALL 0xa247	4	write	INTMEM	1	(register, 0x40, 1)		(unique, 0xb400, 1)
instruction	CODE:6d09	CODE:6d6f	LCALL 0xa247	6	write	INTMEM	1	(register, 0x40, 1)		(unique, 0x1200, 1)
instruction	CODE:6d09	CODE:6d74	RET	1	read	INTMEM	1	(register, 0x40, 1)		
instruction	CODE:6d09	CODE:6d74	RET	3	read	INTMEM	1	(register, 0x40, 1)		
instruction	CODE:6d09	CODE:6d77	RET	1	read	INTMEM	1	(register, 0x40, 1)		
instruction	CODE:6d09	CODE:6d77	RET	3	read	INTMEM	1	(register, 0x40, 1)		
instruction	CODE:6d78	CODE:6d9f	LCALL 0xa093	4	write	INTMEM	1	(register, 0x40, 1)		(unique, 0xb400, 1)
instruction	CODE:6d78	CODE:6d9f	LCALL 0xa093	6	write	INTMEM	1	(register, 0x40, 1)		(unique, 0x1200, 1)
instruction	CODE:6d78	CODE:6da5	LCALL 0xae2a	4	write	INTMEM	1	(register, 0x40, 1)		(unique, 0xb400, 1)
instruction	CODE:6d78	CODE:6da5	LCALL 0xae2a	6	write	INTMEM	1	(register, 0x40, 1)		(unique, 0x1200, 1)
instruction	CODE:6d78	CODE:6da8	LCALL 0xa934	4	write	INTMEM	1	(register, 0x40, 1)		(unique, 0xb400, 1)
instruction	CODE:6d78	CODE:6da8	LCALL 0xa934	6	write	INTMEM	1	(register, 0x40, 1)		(unique, 0x1200, 1)
instruction	CODE:6d78	CODE:6dae	MOVX @DPTR,A	2	write	EXTMEM	1	(unique, 0x2800, 2)		(unique, 0x2900, 1)
instruction	CODE:6d78	CODE:6db7	LCALL 0x7f77	4	write	INTMEM	1	(register, 0x40, 1)		(unique, 0xb400, 1)
instruction	CODE:6d78	CODE:6db7	LCALL 0x7f77	6	write	INTMEM	1	(register, 0x40, 1)		(unique, 0x1200, 1)
instruction	CODE:6d78	CODE:6dc7	LCALL 0x4528	4	write	INTMEM	1	(register, 0x40, 1)		(unique, 0xb400, 1)
instruction	CODE:6d78	CODE:6dc7	LCALL 0x4528	6	write	INTMEM	1	(register, 0x40, 1)		(unique, 0x1200, 1)
instruction	CODE:6d78	CODE:6dca	LCALL 0xa94d	4	write	INTMEM	1	(register, 0x40, 1)		(unique, 0xb400, 1)
instruction	CODE:6d78	CODE:6dca	LCALL 0xa94d	6	write	INTMEM	1	(register, 0x40, 1)		(unique, 0x1200, 1)
instruction	CODE:6d78	CODE:6dd0	LCALL 0x44d1	4	write	INTMEM	1	(register, 0x40, 1)		(unique, 0xb400, 1)
instruction	CODE:6d78	CODE:6dd0	LCALL 0x44d1	6	write	INTMEM	1	(register, 0x40, 1)		(unique, 0x1200, 1)
instruction	CODE:6d78	CODE:6dda	LCALL 0x4528	4	write	INTMEM	1	(register, 0x40, 1)		(unique, 0xb400, 1)
instruction	CODE:6d78	CODE:6dda	LCALL 0x4528	6	write	INTMEM	1	(register, 0x40, 1)		(unique, 0x1200, 1)
instruction	CODE:6d78	CODE:6dde	LCALL 0xa9ae	4	write	INTMEM	1	(register, 0x40, 1)		(unique, 0xb400, 1)
instruction	CODE:6d78	CODE:6dde	LCALL 0xa9ae	6	write	INTMEM	1	(register, 0x40, 1)		(unique, 0x1200, 1)
instruction	CODE:6d78	CODE:6de1	LCALL 0xa64d	4	write	INTMEM	1	(register, 0x40, 1)		(unique, 0xb400, 1)
instruction	CODE:6d78	CODE:6de1	LCALL 0xa64d	6	write	INTMEM	1	(register, 0x40, 1)		(unique, 0x1200, 1)
instruction	CODE:6d78	CODE:6de4	RET	1	read	INTMEM	1	(register, 0x40, 1)		
instruction	CODE:6d78	CODE:6de4	RET	3	read	INTMEM	1	(register, 0x40, 1)		
instruction	CODE:6de5	CODE:6de9	MOVX @DPTR,A	2	write	EXTMEM	1	(unique, 0x2800, 2)		(unique, 0x2900, 1)
instruction	CODE:6de5	CODE:6dec	MOVX @DPTR,A	2	write	EXTMEM	1	(unique, 0x2800, 2)		(unique, 0x2900, 1)
instruction	CODE:6de5	CODE:6def	MOV A,@R0	0	read	INTMEM	1	(register, 0x0, 1)		
instruction	CODE:6de5	CODE:6df6	MOV A,@R1	0	read	INTMEM	1	(register, 0x1, 1)		
instruction	CODE:6de5	CODE:6dfb	MOV A,@R1	0	read	INTMEM	1	(register, 0x1, 1)		
instruction	CODE:6de5	CODE:6e06	MOVX A,@DPTR	1	read	EXTMEM	1	(unique, 0x2800, 2)		
instruction	CODE:6de5	CODE:6e0d	MOVX A,@DPTR	1	read	EXTMEM	1	(unique, 0x2800, 2)		
instruction	CODE:6de5	CODE:6e13	MOV A,@R0	0	read	INTMEM	1	(register, 0x0, 1)		
instruction	CODE:6de5	CODE:6e1a	MOV A,@R1	0	read	INTMEM	1	(register, 0x1, 1)		
instruction	CODE:6de5	CODE:6e1d	MOV A,@R1	0	read	INTMEM	1	(register, 0x1, 1)		
instruction	CODE:6de5	CODE:6e23	LCALL 0x9436	4	write	INTMEM	1	(register, 0x40, 1)		(unique, 0xb400, 1)
instruction	CODE:6de5	CODE:6e23	LCALL 0x9436	6	write	INTMEM	1	(register, 0x40, 1)		(unique, 0x1200, 1)
instruction	CODE:6de5	CODE:6e29	MOVX A,@DPTR	1	read	EXTMEM	1	(unique, 0x2800, 2)		
instruction	CODE:6de5	CODE:6e2c	MOVX A,@DPTR	1	read	EXTMEM	1	(unique, 0x2800, 2)		
instruction	CODE:6de5	CODE:6e30	MOV A,@R0	0	read	INTMEM	1	(register, 0x0, 1)		
instruction	CODE:6de5	CODE:6e35	LCALL 0x1e41	4	write	INTMEM	1	(register, 0x40, 1)		(unique, 0xb400, 1)
instruction	CODE:6de5	CODE:6e35	LCALL 0x1e41	6	write	INTMEM	1	(register, 0x40, 1)		(unique, 0x1200, 1)
instruction	CODE:6de5	CODE:6e3f	LCALL 0x1e7e	4	write	INTMEM	1	(register, 0x40, 1)		(unique, 0xb400, 1)
instruction	CODE:6de5	CODE:6e3f	LCALL 0x1e7e	6	write	INTMEM	1	(register, 0x40, 1)		(unique, 0x1200, 1)
instruction	CODE:6de5	CODE:6e42	LCALL 0x87aa	4	write	INTMEM	1	(register, 0x40, 1)		(unique, 0xb400, 1)
instruction	CODE:6de5	CODE:6e42	LCALL 0x87aa	6	write	INTMEM	1	(register, 0x40, 1)		(unique, 0x1200, 1)
instruction	CODE:6de5	CODE:6e48	MOVX A,@DPTR	1	read	EXTMEM	1	(unique, 0x2800, 2)		
instruction	CODE:6de5	CODE:6e4b	MOVX A,@DPTR	1	read	EXTMEM	1	(unique, 0x2800, 2)		
instruction	CODE:6de5	CODE:6e4d	LCALL 0x937e	4	write	INTMEM	1	(register, 0x40, 1)		(unique, 0xb400, 1)
instruction	CODE:6de5	CODE:6e4d	LCALL 0x937e	6	write	INTMEM	1	(register, 0x40, 1)		(unique, 0x1200, 1)
instruction	CODE:6de5	CODE:6e50	RET	1	read	INTMEM	1	(register, 0x40, 1)		
instruction	CODE:6de5	CODE:6e50	RET	3	read	INTMEM	1	(register, 0x40, 1)		
instruction	CODE:6e51	CODE:6e53	MOV A,@R0	0	read	INTMEM	1	(register, 0x0, 1)		
instruction	CODE:6e51	CODE:6e5e	MOV A,@R0	0	read	INTMEM	1	(register, 0x0, 1)		
instruction	CODE:6e51	CODE:6e69	MOV A,@R0	0	read	INTMEM	1	(register, 0x0, 1)		
instruction	CODE:6e51	CODE:6e74	MOV A,@R0	0	read	INTMEM	1	(register, 0x0, 1)		
instruction	CODE:6e51	CODE:6e7f	MOV A,@R0	0	read	INTMEM	1	(register, 0x0, 1)		
instruction	CODE:6e51	CODE:6e8a	MOV A,@R0	0	read	INTMEM	1	(register, 0x0, 1)		
instruction	CODE:6e51	CODE:6e95	MOV A,@R0	0	read	INTMEM	1	(register, 0x0, 1)		
instruction	CODE:6e51	CODE:6ea0	MOV A,@R0	0	read	INTMEM	1	(register, 0x0, 1)		
instruction	CODE:6e51	CODE:6eab	MOV A,@R0	0	read	INTMEM	1	(register, 0x0, 1)		
instruction	CODE:6e51	CODE:6eb5	LCALL 0xa3ef	4	write	INTMEM	1	(register, 0x40, 1)		(unique, 0xb400, 1)
instruction	CODE:6e51	CODE:6eb5	LCALL 0xa3ef	6	write	INTMEM	1	(register, 0x40, 1)		(unique, 0x1200, 1)
instruction	CODE:6e51	CODE:6eb8	LCALL 0x101e	4	write	INTMEM	1	(register, 0x40, 1)		(unique, 0xb400, 1)
instruction	CODE:6e51	CODE:6eb8	LCALL 0x101e	6	write	INTMEM	1	(register, 0x40, 1)		(unique, 0x1200, 1)
instruction	CODE:6e51	CODE:6ebb	RET	1	read	INTMEM	1	(register, 0x40, 1)		
instruction	CODE:6e51	CODE:6ebb	RET	3	read	INTMEM	1	(register, 0x40, 1)		
instruction	CODE:6ebc	CODE:6ec2	MOVX @DPTR,A	2	write	EXTMEM	1	(unique, 0x2800, 2)		(unique, 0x2900, 1)
instruction	CODE:6ebc	CODE:6ec4	LCALL 0x1dad	4	write	INTMEM	1	(register, 0x40, 1)		(unique, 0xb400, 1)
instruction	CODE:6ebc	CODE:6ec4	LCALL 0x1dad	6	write	INTMEM	1	(register, 0x40, 1)		(unique, 0x1200, 1)
instruction	CODE:6ebc	CODE:6ed2	LCALL 0x1da9	4	write	INTMEM	1	(register, 0x40, 1)		(unique, 0xb400, 1)
instruction	CODE:6ebc	CODE:6ed2	LCALL 0x1da9	6	write	INTMEM	1	(register, 0x40, 1)		(unique, 0x1200, 1)
instruction	CODE:6ebc	CODE:6ed5	LCALL 0x1d56	4	write	INTMEM	1	(register, 0x40, 1)		(unique, 0xb400, 1)
instruction	CODE:6ebc	CODE:6ed5	LCALL 0x1d56	6	write	INTMEM	1	(register, 0x40, 1)		(unique, 0x1200, 1)
instruction	CODE:6ebc	CODE:6ed8	LCALL 0x1da9	4	write	INTMEM	1	(register, 0x40, 1)		(unique, 0xb400, 1)
instruction	CODE:6ebc	CODE:6ed8	LCALL 0x1da9	6	write	INTMEM	1	(register, 0x40, 1)		(unique, 0x1200, 1)
instruction	CODE:6ebc	CODE:6ee6	LCALL 0x1da9	4	write	INTMEM	1	(register, 0x40, 1)		(unique, 0xb400, 1)
instruction	CODE:6ebc	CODE:6ee6	LCALL 0x1da9	6	write	INTMEM	1	(register, 0x40, 1)		(unique, 0x1200, 1)
instruction	CODE:6ebc	CODE:6ee9	LCALL 0x1de3	4	write	INTMEM	1	(register, 0x40, 1)		(unique, 0xb400, 1)
instruction	CODE:6ebc	CODE:6ee9	LCALL 0x1de3	6	write	INTMEM	1	(register, 0x40, 1)		(unique, 0x1200, 1)
instruction	CODE:6ebc	CODE:6eed	MOVX @DPTR,A	2	write	EXTMEM	1	(unique, 0x2800, 2)		(unique, 0x2900, 1)
instruction	CODE:6ebc	CODE:6ef6	LCALL 0x9000	4	write	INTMEM	1	(register, 0x40, 1)		(unique, 0xb400, 1)
instruction	CODE:6ebc	CODE:6ef6	LCALL 0x9000	6	write	INTMEM	1	(register, 0x40, 1)		(unique, 0x1200, 1)
instruction	CODE:6ebc	CODE:6f00	LCALL 0xa6f1	4	write	INTMEM	1	(register, 0x40, 1)		(unique, 0xb400, 1)
instruction	CODE:6ebc	CODE:6f00	LCALL 0xa6f1	6	write	INTMEM	1	(register, 0x40, 1)		(unique, 0x1200, 1)
instruction	CODE:6ebc	CODE:6f07	LCALL 0xa638	4	write	INTMEM	1	(register, 0x40, 1)		(unique, 0xb400, 1)
instruction	CODE:6ebc	CODE:6f07	LCALL 0xa638	6	write	INTMEM	1	(register, 0x40, 1)		(unique, 0x1200, 1)
instruction	CODE:6ebc	CODE:6f0c	LCALL 0x9000	4	write	INTMEM	1	(register, 0x40, 1)		(unique, 0xb400, 1)
instruction	CODE:6ebc	CODE:6f0c	LCALL 0x9000	6	write	INTMEM	1	(register, 0x40, 1)		(unique, 0x1200, 1)
instruction	CODE:6ebc	CODE:6f11	MOV A,@R0	0	read	INTMEM	1	(register, 0x0, 1)		
instruction	CODE:6ebc	CODE:6f17	LCALL 0x8800	4	write	INTMEM	1	(register, 0x40, 1)		(unique, 0xb400, 1)
instruction	CODE:6ebc	CODE:6f17	LCALL 0x8800	6	write	INTMEM	1	(register, 0x40, 1)		(unique, 0x1200, 1)
instruction	CODE:6ebc	CODE:6f1f	MOVX @DPTR,A	2	write	EXTMEM	1	(unique, 0x2800, 2)		(unique, 0x2900, 1)
instruction	CODE:6ebc	CODE:6f23	MOVX @DPTR,A	2	write	EXTMEM	1	(unique, 0x2800, 2)		(unique, 0x2900, 1)
instruction	CODE:6f27	CODE:6f2b	MOVX @DPTR,A	2	write	EXTMEM	1	(unique, 0x2800, 2)		(unique, 0x2900, 1)
instruction	CODE:6f27	CODE:6f2e	MOVX @DPTR,A	2	write	EXTMEM	1	(unique, 0x2800, 2)		(unique, 0x2900, 1)
instruction	CODE:6f27	CODE:6f31	MOVX @DPTR,A	2	write	EXTMEM	1	(unique, 0x2800, 2)		(unique, 0x2900, 1)
instruction	CODE:6f27	CODE:6f38	LCALL 0x1086	4	write	INTMEM	1	(register, 0x40, 1)		(unique, 0xb400, 1)
instruction	CODE:6f27	CODE:6f38	LCALL 0x1086	6	write	INTMEM	1	(register, 0x40, 1)		(unique, 0x1200, 1)
instruction	CODE:6f27	CODE:6f3f	MOVX @DPTR,A	2	write	EXTMEM	1	(unique, 0x2800, 2)		(unique, 0x2900, 1)
instruction	CODE:6f27	CODE:6f42	MOVX @DPTR,A	2	write	EXTMEM	1	(unique, 0x2800, 2)		(unique, 0x2900, 1)
instruction	CODE:6f27	CODE:6f49	LCALL 0x108e	4	write	INTMEM	1	(register, 0x40, 1)		(unique, 0xb400, 1)
instruction	CODE:6f27	CODE:6f49	LCALL 0x108e	6	write	INTMEM	1	(register, 0x40, 1)		(unique, 0x1200, 1)
instruction	CODE:6f27	CODE:6f50	MOVX @DPTR,A	2	write	EXTMEM	1	(unique, 0x2800, 2)		(unique, 0x2900, 1)
instruction	CODE:6f27	CODE:6f53	MOVX @DPTR,A	2	write	EXTMEM	1	(unique, 0x2800, 2)		(unique, 0x2900, 1)
instruction	CODE:6f27	CODE:6f5b	MOVX A,@DPTR	1	read	EXTMEM	1	(unique, 0x2800, 2)		
instruction	CODE:6f27	CODE:6f5e	MOVX A,@DPTR	1	read	EXTMEM	1	(unique, 0x2800, 2)		
instruction	CODE:6f27	CODE:6f67	MOVX A,@DPTR	1	read	EXTMEM	1	(unique, 0x2800, 2)		
instruction	CODE:6f27	CODE:6f6a	MOVX A,@DPTR	1	read	EXTMEM	1	(unique, 0x2800, 2)		
instruction	CODE:6f27	CODE:6f6e	LCALL 0xa90e	4	write	INTMEM	1	(register, 0x40, 1)		(unique, 0xb400, 1)
instruction	CODE:6f27	CODE:6f6e	LCALL 0xa90e	6	write	INTMEM	1	(register, 0x40, 1)		(unique, 0x1200, 1)
instruction	CODE:6f27	CODE:6f74	MOVX A,@DPTR	1	read	EXTMEM	1	(unique, 0x2800, 2)		
instruction	CODE:6f27	CODE:6f77	MOVX A,@DPTR	1	read	EXTMEM	1	(unique, 0x2800, 2)		
instruction	CODE:6f27	CODE:6f89	MOVX A,@DPTR	1	read	EXTMEM	1	(unique, 0x2800, 2)		
instruction	CODE:6ffc	CODE:6fff	RET	1	read	INTMEM	1	(register, 0x40, 1)		
instruction	CODE:6ffc	CODE:6fff	RET	3	read	INTMEM	1	(register, 0x40, 1)		
instruction	CODE:7000	CODE:7002	LCALL 0xa607	4	write	INTMEM	1	(register, 0x40, 1)		(unique, 0xb400, 1)
instruction	CODE:7000	CODE:7002	LCALL 0xa607	6	write	INTMEM	1	(register, 0x40, 1)		(unique, 0x1200, 1)
instruction	CODE:7000	CODE:7009	RET	1	read	INTMEM	1	(register, 0x40, 1)		
instruction	CODE:7000	CODE:7009	RET	3	read	INTMEM	1	(register, 0x40, 1)		
instruction	CODE:7000	CODE:700c	LCALL 0xa607	4	write	INTMEM	1	(register, 0x40, 1)		(unique, 0xb400, 1)
instruction	CODE:7000	CODE:700c	LCALL 0xa607	6	write	INTMEM	1	(register, 0x40, 1)		(unique, 0x1200, 1)
instruction	CODE:7000	CODE:7013	RET	1	read	INTMEM	1	(register, 0x40, 1)		
instruction	CODE:7000	CODE:7013	RET	3	read	INTMEM	1	(register, 0x40, 1)		
instruction	CODE:7000	CODE:7016	LCALL 0xa60e	4	write	INTMEM	1	(register, 0x40, 1)		(unique, 0xb400, 1)
instruction	CODE:7000	CODE:7016	LCALL 0xa60e	6	write	INTMEM	1	(register, 0x40, 1)		(unique, 0x1200, 1)
instruction	CODE:7000	CODE:701d	MOV A,@R0	0	read	INTMEM	1	(register, 0x0, 1)		
instruction	CODE:7000	CODE:7022	LCALL 0xa22f	4	write	INTMEM	1	(register, 0x40, 1)		(unique, 0xb400, 1)
instruction	CODE:7000	CODE:7022	LCALL 0xa22f	6	write	INTMEM	1	(register, 0x40, 1)		(unique, 0x1200, 1)
instruction	CODE:7000	CODE:7029	LCALL 0xa607	4	write	INTMEM	1	(register, 0x40, 1)		(unique, 0xb400, 1)
instruction	CODE:7000	CODE:7029	LCALL 0xa607	6	write	INTMEM	1	(register, 0x40, 1)		(unique, 0x1200, 1)
instruction	CODE:7000	CODE:7030	LCALL 0xa64d	4	write	INTMEM	1	(register, 0x40, 1)		(unique, 0xb400, 1)
instruction	CODE:7000	CODE:7030	LCALL 0xa64d	6	write	INTMEM	1	(register, 0x40, 1)		(unique, 0x1200, 1)
instruction	CODE:7000	CODE:7035	RET	1	read	INTMEM	1	(register, 0x40, 1)		
instruction	CODE:7000	CODE:7035	RET	3	read	INTMEM	1	(register, 0x40, 1)		
instruction	CODE:7000	CODE:7038	LCALL 0xa68c	4	write	INTMEM	1	(register, 0x40, 1)		(unique, 0xb400, 1)
instruction	CODE:7000	CODE:7038	LCALL 0xa68c	6	write	INTMEM	1	(register, 0x40, 1)		(unique, 0x1200, 1)
instruction	CODE:7000	CODE:703d	LCALL 0xa22f	4	write	INTMEM	1	(register, 0x40, 1)		(unique, 0xb400, 1)
instruction	CODE:7000	CODE:703d	LCALL 0xa22f	6	write	INTMEM	1	(register, 0x40, 1)		(unique, 0x1200, 1)
instruction	CODE:7000	CODE:7042	MOV A,@R0	0	read	INTMEM	1	(register, 0x0, 1)		
instruction	CODE:7000	CODE:704d	LCALL 0xa23b	4	write	INTMEM	1	(register, 0x40, 1)		(unique, 0xb400, 1)
instruction	CODE:7000	CODE:704d	LCALL 0xa23b	6	write	INTMEM	1	(register, 0x40, 1)		(unique, 0x1200, 1)
instruction	CODE:7000	CODE:7054	LCALL 0xa223	4	write	INTMEM	1	(register, 0x40, 1)		(unique, 0xb400, 1)
instruction	CODE:7000	CODE:7054	LCALL 0xa223	6	write	INTMEM	1	(register, 0x40, 1)		(unique, 0x1200, 1)
instruction	CODE:7000	CODE:7057	LCALL 0xa3cf	4	write	INTMEM	1	(register, 0x40, 1)		(unique, 0xb400, 1)
instruction	CODE:7000	CODE:7057	LCALL 0xa3cf	6	write	INTMEM	1	(register, 0x40, 1)		(unique, 0x1200, 1)
instruction	CODE:7000	CODE:705e	LCALL 0xa607	4	write	INTMEM	1	(register, 0x40, 1)		(unique, 0xb400, 1)
instruction	CODE:7000	CODE:705e	LCALL 0xa607	6	write	INTMEM	1	(register, 0x40, 1)		(unique, 0x1200, 1)
instruction	CODE:7000	CODE:7065	RET	1	read	INTMEM	1	(register, 0x40, 1)		
instruction	CODE:7000	CODE:7065	RET	3	read	INTMEM	1	(register, 0x40, 1)		
instruction	CODE:7000	CODE:7068	RET	1	read	INTMEM	1	(register, 0x40, 1)		
instruction	CODE:7000	CODE:7068	RET	3	read	INTMEM	1	(register, 0x40, 1)		
instruction	CODE:7069	CODE:7069	LCALL 0x82b0	4	write	INTMEM	1	(register, 0x40, 1)		(unique, 0xb400, 1)
instruction	CODE:7069	CODE:7069	LCALL 0x82b0	6	write	INTMEM	1	(register, 0x40, 1)		(unique, 0x1200, 1)
instruction	CODE:7069	CODE:706c	MOVX A,@DPTR	1	read	EXTMEM	1	(unique, 0x2800, 2)		
instruction	CODE:7069	CODE:7071	LCALL 0xa5f2	4	write	INTMEM	1	(register, 0x40, 1)		(unique, 0xb400, 1)
instruction	CODE:7069	CODE:7071	LCALL 0xa5f2	6	write	INTMEM	1	(register, 0x40, 1)		(unique, 0x1200, 1)
instruction	CODE:7069	CODE:7078	MOVX @DPTR,A	2	write	EXTMEM	1	(unique, 0x2800, 2)		(unique, 0x2900, 1)
instruction	CODE:7069	CODE:707b	MOVX @DPTR,A	2	write	EXTMEM	1	(unique, 0x2800, 2)		(unique, 0x2900, 1)
instruction	CODE:7069	CODE:707f	LCALL 0xa12c	4	write	INTMEM	1	(register, 0x40, 1)		(unique, 0xb400, 1)
instruction	CODE:7069	CODE:707f	LCALL 0xa12c	6	write	INTMEM	1	(register, 0x40, 1)		(unique, 0x1200, 1)
instruction	CODE:7069	CODE:708a	LCALL 0xa9e2	4	write	INTMEM	1	(register, 0x40, 1)		(unique, 0xb400, 1)
instruction	CODE:7069	CODE:708a	LCALL 0xa9e2	6	write	INTMEM	1	(register, 0x40, 1)		(unique, 0x1200, 1)
instruction	CODE:7069	CODE:7091	MOVX @DPTR,A	2	write	EXTMEM	1	(unique, 0x2800, 2)		(unique, 0x2900, 1)
instruction	CODE:7069	CODE:7094	MOVX @DPTR,A	2	write	EXTMEM	1	(unique, 0x2800, 2)		(unique, 0x2900, 1)
instruction	CODE:7069	CODE:7097	MOV A,@R0	0	read	INTMEM	1	(register, 0x0, 1)		
instruction	CODE:7069	CODE:70a1	MOVX A,@DPTR	1	read	EXTMEM	1	(unique, 0x2800, 2)		
instruction	CODE:7069	CODE:70a7	MOVX A,@DPTR	1	read	EXTMEM	1	(unique, 0x2800, 2)		
instruction	CODE:7069	CODE:70aa	MOVX A,@DPTR	1	read	EXTMEM	1	(unique, 0x2800, 2)		
instruction	CODE:7069	CODE:70b3	LCALL 0x82ca	4	write	INTMEM	1	(register, 0x40, 1)		(unique, 0xb400, 1)
instruction	CODE:7069	CODE:70b3	LCALL 0x82ca	6	write	INTMEM	1	(register, 0x40, 1)		(unique, 0x1200, 1)
instruction	CODE:7069	CODE:70bb	MOVX A,@DPTR	1	read	EXTMEM	1	(unique, 0x2800, 2)		
instruction	CODE:7069	CODE:70c1	MOVX A,@DPTR	1	read	EXTMEM	1	(unique, 0x2800, 2)		
instruction	CODE:7069	CODE:70c4	LCALL 0x82ca	4	write	INTMEM	1	(register, 0x40, 1)		(unique, 0xb400, 1)
instruction	CODE:7069	CODE:70c4	LCALL 0x82ca	6	write	INTMEM	1	(register, 0x40, 1)		(unique, 0x1200, 1)
instruction	CODE:7069	CODE:70cd	LCALL 0xa646	4	write	INTMEM	1	(register, 0x40, 1)		(unique, 0xb400, 1)
instruction	CODE:7069	CODE:70cd	LCALL 0xa646	6	write	INTMEM	1	(register, 0x40, 1)		(unique, 0x1200, 1)
instruction	CODE:7069	CODE:70d0	RET	1	read	INTMEM	1	(register, 0x40, 1)		
instruction	CODE:7069	CODE:70d0	RET	3	read	INTMEM	1	(register, 0x40, 1)		
instruction	CODE:70d1	CODE:70d1	LCALL 0xa467	4	write	INTMEM	1	(register, 0x40, 1)		(unique, 0xb400, 1)
instruction	CODE:70d1	CODE:70d1	LCALL 0xa467	6	write	INTMEM	1	(register, 0x40, 1)		(unique, 0x1200, 1)
instruction	CODE:70d1	CODE:70d8	MOVX @DPTR,A	2	write	EXTMEM	1	(unique, 0x2800, 2)		(unique, 0x2900, 1)
instruction	CODE:70d1	CODE:70da	MOVX @DPTR,A	2	write	EXTMEM	1	(unique, 0x2800, 2)		(unique, 0x2900, 1)
instruction	CODE:70d1	CODE:70dd	MOV A,@R0	0	read	INTMEM	1	(register, 0x0, 1)		
instruction	CODE:70d1	CODE:70e4	MOV A,@R0	0	read	INTMEM	1	(register, 0x0, 1)		
instruction	CODE:70d1	CODE:70ea	MOV A,@R0	0	read	INTMEM	1	(register, 0x0, 1)		
instruction	CODE:70d1	CODE:70ef	MOVX @DPTR,A	2	write	EXTMEM	1	(unique, 0x2800, 2)		(unique, 0x2900, 1)
instruction	CODE:70d1	CODE:70f4	MOVX @DPTR,A	2	write	EXTMEM	1	(unique, 0x2800, 2)		(unique, 0x2900, 1)
instruction	CODE:70d1	CODE:70f7	MOVX @DPTR,A	2	write	EXTMEM	1	(unique, 0x2800, 2)		(unique, 0x2900, 1)
instruction	CODE:70d1	CODE:7102	MOVX @DPTR,A	2	write	EXTMEM	1	(unique, 0x2800, 2)		(unique, 0x2900, 1)
instruction	CODE:70d1	CODE:7105	MOVX @DPTR,A	2	write	EXTMEM	1	(unique, 0x2800, 2)		(unique, 0x2900, 1)
instruction	CODE:70d1	CODE:7106	LCALL 0x87aa	4	write	INTMEM	1	(register, 0x40, 1)		(unique, 0xb400, 1)
instruction	CODE:70d1	CODE:7106	LCALL 0x87aa	6	write	INTMEM	1	(register, 0x40, 1)		(unique, 0x1200, 1)
instruction	CODE:70d1	CODE:710c	MOVX A,@DPTR	1	read	EXTMEM	1	(unique, 0x2800, 2)		
instruction	CODE:70d1	CODE:7112	MOVX @DPTR,A	2	write	EXTMEM	1	(unique, 0x2800, 2)		(unique, 0x2900, 1)
instruction	CODE:70d1	CODE:7115	LCALL 0xa0cb	4	write	INTMEM	1	(register, 0x40, 1)		(unique, 0xb400, 1)
instruction	CODE:70d1	CODE:7115	LCALL 0xa0cb	6	write	INTMEM	1	(register, 0x40, 1)		(unique, 0x1200, 1)
instruction	CODE:70d1	CODE:711c	LCALL 0xa60e	4	write	INTMEM	1	(register, 0x40, 1)		(unique, 0xb400, 1)
instruction	CODE:70d1	CODE:711c	LCALL 0xa60e	6	write	INTMEM	1	(register, 0x40, 1)		(unique, 0x1200, 1)
instruction	CODE:70d1	CODE:7121	LCALL 0xa3c4	4	write	INTMEM	1	(register, 0x40, 1)		(unique, 0xb400, 1)
instruction	CODE:70d1	CODE:7121	LCALL 0xa3c4	6	write	INTMEM	1	(register, 0x40, 1)		(unique, 0x1200, 1)
instruction	CODE:70d1	CODE:7128	MOVX @DPTR,A	2	write	EXTMEM	1	(unique, 0x2800, 2)		(unique, 0x2900, 1)
instruction	CODE:70d1	CODE:712c	MOVX A,@DPTR	1	read	EXTMEM	1	(unique, 0x2800, 2)		
instruction	CODE:70d1	CODE:7131	MOVX A,@DPTR	1	read	EXTMEM	1	(unique, 0x2800, 2)		
instruction	CODE:70d1	CODE:7135	LCALL 0x9dcd	4	write	INTMEM	1	(register, 0x40, 1)		(unique, 0xb400, 1)
instruction	CODE:70d1	CODE:7135	LCALL 0x9dcd	6	write	INTMEM	1	(register, 0x40, 1)		(unique, 0x1200, 1)
instruction	CODE:70d1	CODE:7138	RET	1	read	INTMEM	1	(register, 0x40, 1)		
instruction	CODE:70d1	CODE:7138	RET	3	read	INTMEM	1	(register, 0x40, 1)		
instruction	CODE:71a0	CODE:71a4	MOVX @DPTR,A	2	write	EXTMEM	1	(unique, 0x2800, 2)		(unique, 0x2900, 1)
instruction	CODE:71a0	CODE:71a8	MOVX A,@DPTR	1	read	EXTMEM	1	(unique, 0x2800, 2)		
instruction	CODE:71a0	CODE:71b6	MOV A,@R0	0	read	INTMEM	1	(register, 0x0, 1)		
instruction	CODE:71a0	CODE:71bd	LCALL 0x9ba3	4	write	INTMEM	1	(register, 0x40, 1)		(unique, 0xb400, 1)
instruction	CODE:71a0	CODE:71bd	LCALL 0x9ba3	6	write	INTMEM	1	(register, 0x40, 1)		(unique, 0x1200, 1)
instruction	CODE:71a0	CODE:71c0	LCALL 0xa485	4	write	INTMEM	1	(register, 0x40, 1)		(unique, 0xb400, 1)
instruction	CODE:71a0	CODE:71c0	LCALL 0xa485	6	write	INTMEM	1	(register, 0x40, 1)		(unique, 0x1200, 1)
instruction	CODE:71a0	CODE:71c3	LCALL 0xa22f	4	write	INTMEM	1	(register, 0x40, 1)		(unique, 0xb400, 1)
instruction	CODE:71a0	CODE:71c3	LCALL 0xa22f	6	write	INTMEM	1	(register, 0x40, 1)		(unique, 0x1200, 1)
instruction	CODE:71a0	CODE:71c6	LCALL 0xa3cf	4	write	INTMEM	1	(register, 0x40, 1)		(unique, 0xb400, 1)
instruction	CODE:71a0	CODE:71c6	LCALL 0xa3cf	6	write	INTMEM	1	(register, 0x40, 1)		(unique, 0x1200, 1)
instruction	CODE:71a0	CODE:71cd	LCALL 0x9023	4	write	INTMEM	1	(register, 0x40, 1)		(unique, 0xb400, 1)
instruction	CODE:71a0	CODE:71cd	LCALL 0x9023	6	write	INTMEM	1	(register, 0x40, 1)		(unique, 0x1200, 1)
instruction	CODE:71a0	CODE:71d2	LCALL 0xa0cb	4	write	INTMEM	1	(register, 0x40, 1)		(unique, 0xb400, 1)
instruction	CODE:71a0	CODE:71d2	LCALL 0xa0cb	6	write	INTMEM	1	(register, 0x40, 1)		(unique, 0x1200, 1)
instruction	CODE:71a0	CODE:71d7	LCALL 0xa247	4	write	INTMEM	1	(register, 0x40, 1)		(unique, 0xb400, 1)
instruction	CODE:71a0	CODE:71d7	LCALL 0xa247	6	write	INTMEM	1	(register, 0x40, 1)		(unique, 0x1200, 1)
instruction	CODE:71a0	CODE:71da	LCALL 0xa16d	4	write	INTMEM	1	(register, 0x40, 1)		(unique, 0xb400, 1)
instruction	CODE:71a0	CODE:71da	LCALL 0xa16d	6	write	INTMEM	1	(register, 0x40, 1)		(unique, 0x1200, 1)
instruction	CODE:71a0	CODE:71df	LCALL 0xa22f	4	write	INTMEM	1	(register, 0x40, 1)		(unique, 0xb400, 1)
instruction	CODE:71a0	CODE:71df	LCALL 0xa22f	6	write	INTMEM	1	(register, 0x40, 1)		(unique, 0x1200, 1)
instruction	CODE:71a0	CODE:71e4	LCALL 0x9ba3	4	write	INTMEM	1	(register, 0x40, 1)		(unique, 0xb400, 1)
instruction	CODE:71a0	CODE:71e4	LCALL 0x9ba3	6	write	INTMEM	1	(register, 0x40, 1)		(unique, 0x1200, 1)
instruction	CODE:71a0	CODE:71e9	LCALL 0xa607	4	write	INTMEM	1	(register, 0x40, 1)		(unique, 0xb400, 1)
instruction	CODE:71a0	CODE:71e9	LCALL 0xa607	6	write	INTMEM	1	(register, 0x40, 1)		(unique, 0x1200, 1)
instruction	CODE:71a0	CODE:71f3	MOVX @DPTR,A	2	write	EXTMEM	1	(unique, 0x2800, 2)		(unique, 0x2900, 1)
instruction	CODE:71a0	CODE:71f6	LCALL 0xa63f	4	write	INTMEM	1	(register, 0x40, 1)		(unique, 0xb400, 1)
instruction	CODE:71a0	CODE:71f6	LCALL 0xa63f	6	write	INTMEM	1	(register, 0x40, 1)		(unique, 0x1200, 1)
instruction	CODE:71a0	CODE:71fb	LCALL 0x9023	4	write	INTMEM	1	(register, 0x40, 1)		(unique, 0xb400, 1)
instruction	CODE:71a0	CODE:71fb	LCALL 0x9023	6	write	INTMEM	1	(register, 0x40, 1)		(unique, 0x1200, 1)
instruction	CODE:71a0	CODE:7201	MOVX A,@DPTR	1	read	EXTMEM	1	(unique, 0x2800, 2)		
instruction	CODE:71a0	CODE:7203	LCALL 0xa0bd	4	write	INTMEM	1	(register, 0x40, 1)		(unique, 0xb400, 1)
instruction	CODE:71a0	CODE:7203	LCALL 0xa0bd	6	write	INTMEM	1	(register, 0x40, 1)		(unique, 0x1200, 1)
instruction	CODE:71a0	CODE:7206	RET	1	read	INTMEM	1	(register, 0x40, 1)		
instruction	CODE:71a0	CODE:7206	RET	3	read	INTMEM	1	(register, 0x40, 1)		
instruction	CODE:7207	CODE:720b	MOVX @DPTR,A	2	write	EXTMEM	1	(unique, 0x2800, 2)		(unique, 0x2900, 1)
instruction	CODE:7207	CODE:720e	MOVX @DPTR,A	2	write	EXTMEM	1	(unique, 0x2800, 2)		(unique, 0x2900, 1)
instruction	CODE:7207	CODE:7212	MOVX A,@DPTR	1	read	EXTMEM	1	(unique, 0x2800, 2)		
instruction	CODE:7207	CODE:7218	MOVX A,@DPTR	1	read	EXTMEM	1	(unique, 0x2800, 2)		
instruction	CODE:7207	CODE:721d	LCALL 0x9137	4	write	INTMEM	1	(register, 0x40, 1)		(unique, 0xb400, 1)
instruction	CODE:7207	CODE:721d	LCALL 0x9137	6	write	INTMEM	1	(register, 0x40, 1)		(unique, 0x1200, 1)
instruction	CODE:7207	CODE:7223	MOVX A,@DPTR	1	read	EXTMEM	1	(unique, 0x2800, 2)		
instruction	CODE:7207	CODE:7225	MOVX @DPTR,A	2	write	EXTMEM	1	(unique, 0x2800, 2)		(unique, 0x2900, 1)
instruction	CODE:7207	CODE:722a	MOVX @DPTR,A	2	write	EXTMEM	1	(unique, 0x2800, 2)		(unique, 0x2900, 1)
instruction	CODE:7207	CODE:7230	MOVX A,@DPTR	1	read	EXTMEM	1	(unique, 0x2800, 2)		
instruction	CODE:7207	CODE:7236	MOVX A,@DPTR	1	read	EXTMEM	1	(unique, 0x2800, 2)		
instruction	CODE:7207	CODE:7239	LCALL 0x549d	4	write	INTMEM	1	(register, 0x40, 1)		(unique, 0xb400, 1)
instruction	CODE:7207	CODE:7239	LCALL 0x549d	6	write	INTMEM	1	(register, 0x40, 1)		(unique, 0x1200, 1)
instruction	CODE:7207	CODE:7244	MOVX @DPTR,A	2	write	EXTMEM	1	(unique, 0x2800, 2)		(unique, 0x2900, 1)
instruction	CODE:7207	CODE:7248	MOVX A,@DPTR	1	read	EXTMEM	1	(unique, 0x2800, 2)		
instruction	CODE:7207	CODE:724a	MOVX @DPTR,A	2	write	EXTMEM	1	(unique, 0x2800, 2)		(unique, 0x2900, 1)
instruction	CODE:7207	CODE:724f	MOVX @DPTR,A	2	write	EXTMEM	1	(unique, 0x2800, 2)		(unique, 0x2900, 1)
instruction	CODE:7207	CODE:7250	LCALL 0x549d	4	write	INTMEM	1	(register, 0x40, 1)		(unique, 0xb400, 1)
instruction	CODE:7207	CODE:7250	LCALL 0x549d	6	write	INTMEM	1	(register, 0x40, 1)		(unique, 0x1200, 1)
instruction	CODE:7207	CODE:7254	LCALL 0x9137	4	write	INTMEM	1	(register, 0x40, 1)		(unique, 0xb400, 1)
instruction	CODE:7207	CODE:7254	LCALL 0x9137	6	write	INTMEM	1	(register, 0x40, 1)		(unique, 0x1200, 1)
instruction	CODE:7207	CODE:725a	LCALL 0x53f3	4	write	INTMEM	1	(register, 0x40, 1)		(unique, 0xb400, 1)
instruction	CODE:7207	CODE:725a	LCALL 0x53f3	6	write	INTMEM	1	(register, 0x40, 1)		(unique, 0x1200, 1)
instruction	CODE:7207	CODE:7260	MOVX A,@DPTR	1	read	EXTMEM	1	(unique, 0x2800, 2)		
instruction	CODE:7207	CODE:7262	MOVX @DPTR,A	2	write	EXTMEM	1	(unique, 0x2800, 2)		(unique, 0x2900, 1)
instruction	CODE:7207	CODE:7265	LCALL 0xa7a4	4	write	INTMEM	1	(register, 0x40, 1)		(unique, 0xb400, 1)
instruction	CODE:7207	CODE:7265	LCALL 0xa7a4	6	write	INTMEM	1	(register, 0x40, 1)		(unique, 0x1200, 1)
instruction	CODE:726d	CODE:7271	MOVX @DPTR,A	2	write	EXTMEM	1	(unique, 0x2800, 2)		(unique, 0x2900, 1)
instruction	CODE:726d	CODE:7277	MOVX A,@DPTR	1	read	EXTMEM	1	(unique, 0x2800, 2)		
instruction	CODE:726d	CODE:727b	LCALL 0x97b3	4	write	INTMEM	1	(register, 0x40, 1)		(unique, 0xb400, 1)
instruction	CODE:726d	CODE:727b	LCALL 0x97b3	6	write	INTMEM	1	(register, 0x40, 1)		(unique, 0x1200, 1)
instruction	CODE:726d	CODE:7281	MOVX A,@DPTR	1	read	EXTMEM	1	(unique, 0x2800, 2)		
instruction	CODE:726d	CODE:7290	LCALL 0x8b72	4	write	INTMEM	1	(register, 0x40, 1)		(unique, 0xb400, 1)
instruction	CODE:726d	CODE:7290	LCALL 0x8b72	6	write	INTMEM	1	(register, 0x40, 1)		(unique, 0x1200, 1)
instruction	CODE:726d	CODE:7295	LCALL 0xa6b5	4	write	INTMEM	1	(register, 0x40, 1)		(unique, 0xb400, 1)
instruction	CODE:726d	CODE:7295	LCALL 0xa6b5	6	write	INTMEM	1	(register, 0x40, 1)		(unique, 0x1200, 1)
instruction	CODE:726d	CODE:7298	LCALL 0x9645	4	write	INTMEM	1	(register, 0x40, 1)		(unique, 0xb400, 1)
instruction	CODE:726d	CODE:7298	LCALL 0x9645	6	write	INTMEM	1	(register, 0x40, 1)		(unique, 0x1200, 1)
instruction	CODE:726d	CODE:729d	LCALL 0xa7de	4	write	INTMEM	1	(register, 0x40, 1)		(unique, 0xb400, 1)
instruction	CODE:726d	CODE:729d	LCALL 0xa7de	6	write	INTMEM	1	(register, 0x40, 1)		(unique, 0x1200, 1)
instruction	CODE:726d	CODE:72a2	LCALL 0x1026	4	write	INTMEM	1	(register, 0x40, 1)		(unique, 0xb400, 1)
instruction	CODE:726d	CODE:72a2	LCALL 0x1026	6	write	INTMEM	1	(register, 0x40, 1)		(unique, 0x1200, 1)
instruction	CODE:726d	CODE:72a7	MOV A,@R0	0	read	INTMEM	1	(register, 0x0, 1)		
instruction	CODE:726d	CODE:72b3	LCALL 0x666b	4	write	INTMEM	1	(register, 0x40, 1)		(unique, 0xb400, 1)
instruction	CODE:726d	CODE:72b3	LCALL 0x666b	6	write	INTMEM	1	(register, 0x40, 1)		(unique, 0x1200, 1)
instruction	CODE:726d	CODE:72b8	LCALL 0x9864	4	write	INTMEM	1	(register, 0x40, 1)		(unique, 0xb400, 1)
instruction	CODE:726d	CODE:72b8	LCALL 0x9864	6	write	INTMEM	1	(register, 0x40, 1)		(unique, 0x1200, 1)
instruction	CODE:726d	CODE:72be	MOVX A,@DPTR	1	read	EXTMEM	1	(unique, 0x2800, 2)		
instruction	CODE:726d	CODE:72c4	MOVX A,@DPTR	1	read	EXTMEM	1	(unique, 0x2800, 2)		
instruction	CODE:726d	CODE:72c7	LCALL 0x84ad	4	write	INTMEM	1	(register, 0x40, 1)		(unique, 0xb400, 1)
instruction	CODE:726d	CODE:72c7	LCALL 0x84ad	6	write	INTMEM	1	(register, 0x40, 1)		(unique, 0x1200, 1)
instruction	CODE:726d	CODE:72cd	MOVX A,@DPTR	1	read	EXTMEM	1	(unique, 0x2800, 2)		
instruction	CODE:726d	CODE:72cf	LCALL 0xa52a	4	write	INTMEM	1	(register, 0x40, 1)		(unique, 0xb400, 1)
instruction	CODE:726d	CODE:72cf	LCALL 0xa52a	6	write	INTMEM	1	(register, 0x40, 1)		(unique, 0x1200, 1)
instruction	CODE:726d	CODE:72d2	RET	1	read	INTMEM	1	(register, 0x40, 1)		
instruction	CODE:726d	CODE:72d2	RET	3	read	INTMEM	1	(register, 0x40, 1)		
instruction	CODE:72d3	CODE:72d5	LCALL 0xa340	4	write	INTMEM	1	(register, 0x40, 1)		(unique, 0xb400, 1)
instruction	CODE:72d3	CODE:72d5	LCALL 0xa340	6	write	INTMEM	1	(register, 0x40, 1)		(unique, 0x1200, 1)
instruction	CODE:72d3	CODE:72da	LCALL 0x9d85	4	write	INTMEM	1	(register, 0x40, 1)		(unique, 0xb400, 1)
instruction	CODE:72d3	CODE:72da	LCALL 0x9d85	6	write	INTMEM	1	(register, 0x40, 1)		(unique, 0x1200, 1)
instruction	CODE:72d3	CODE:72e3	LCALL 0xadc3	4	write	INTMEM	1	(register, 0x40, 1)		(unique, 0xb400, 1)
instruction	CODE:72d3	CODE:72e3	LCALL 0xadc3	6	write	INTMEM	1	(register, 0x40, 1)		(unique, 0x1200, 1)
instruction	CODE:72d3	CODE:72e7	PUSH 0x66	1	write	INTMEM	1	(register, 0x40, 1)		mem[INTMEM:66]
instruction	CODE:72d3	CODE:72e9	SUBB A,@R1	1	read	INTMEM	1	(register, 0x1, 1)		
instruction	CODE:72d3	CODE:72ec	LCALL 0xadc3	4	write	INTMEM	1	(register, 0x40, 1)		(unique, 0xb400, 1)
instruction	CODE:72d3	CODE:72ec	LCALL 0xadc3	6	write	INTMEM	1	(register, 0x40, 1)		(unique, 0x1200, 1)
instruction	CODE:72d3	CODE:72f1	XRL A,@R0	0	read	INTMEM	1	(register, 0x0, 1)		
instruction	CODE:72d3	CODE:72f2	SUBB A,@R1	1	read	INTMEM	1	(register, 0x1, 1)		
instruction	CODE:72d3	CODE:72f6	LCALL 0xadc3	4	write	INTMEM	1	(register, 0x40, 1)		(unique, 0xb400, 1)
instruction	CODE:72d3	CODE:72f6	LCALL 0xadc3	6	write	INTMEM	1	(register, 0x40, 1)		(unique, 0x1200, 1)
instruction	CODE:72d3	CODE:7303	LCALL 0xadc3	4	write	INTMEM	1	(register, 0x40, 1)		(unique, 0xb400, 1)
instruction	CODE:72d3	CODE:7303	LCALL 0xadc3	6	write	INTMEM	1	(register, 0x40, 1)		(unique, 0x1200, 1)
instruction	CODE:72d3	CODE:7311	PUSH 0x03	1	write	INTMEM	1	(register, 0x40, 1)		mem[INTMEM:03]
instruction	CODE:72d3	CODE:7313	PUSH 0x02	1	write	INTMEM	1	(register, 0x40, 1)		mem[INTMEM:02]
instruction	CODE:72d3	CODE:7315	PUSH 0x01	1	write	INTMEM	1	(register, 0x40, 1)		mem[INTMEM:01]
instruction	CODE:72d3	CODE:7317	LCALL 0xad03	4	write	INTMEM	1	(register, 0x40, 1)		(unique, 0xb400, 1)
instruction	CODE:72d3	CODE:7317	LCALL 0xad03	6	write	INTMEM	1	(register, 0x40, 1)		(unique, 0x1200, 1)
instruction	CODE:72d3	CODE:731a	PUSH 0x07	1	write	INTMEM	1	(register, 0x40, 1)		mem[INTMEM:07]
instruction	CODE:72d3	CODE:731e	MOV A,@R0	0	read	INTMEM	1	(register, 0x0, 1)		
instruction	CODE:72d3	CODE:7324	POP 0x07	0	read	INTMEM	1	(register, 0x40, 1)		
instruction	CODE:72d3	CODE:7326	LCALL 0xacbf	4	write	INTMEM	1	(register, 0x40, 1)		(unique, 0xb400, 1)
instruction	CODE:72d3	CODE:7326	LCALL 0xacbf	6	write	INTMEM	1	(register, 0x40, 1)		(unique, 0x1200, 1)
instruction	CODE:72d3	CODE:7329	POP 0x01	0	read	INTMEM	1	(register, 0x40, 1)		
instruction	CODE:72d3	CODE:732b	POP 0x02	0	read	INTMEM	1	(register, 0x40, 1)		
instruction	CODE:72d3	CODE:732d	POP 0x03	0	read	INTMEM	1	(register, 0x40, 1)		
instruction	CODE:72d3	CODE:732f	LCALL 0xad23	4	write	INTMEM	1	(register, 0x40, 1)		(unique, 0xb400, 1)
instruction	CODE:72d3	CODE:732f	LCALL 0xad23	6	write	INTMEM	1	(register, 0x40, 1)		(unique, 0x1200, 1)
instruction	CODE:72d3	CODE:7334	RET	1	read	INTMEM	1	(register, 0x40, 1)		
instruction	CODE:72d3	CODE:7334	RET	3	read	INTMEM	1	(register, 0x40, 1)		
instruction	CODE:72d3	CODE:7337	RET	1	read	INTMEM	1	(register, 0x40, 1)		
instruction	CODE:72d3	CODE:7337	RET	3	read	INTMEM	1	(register, 0x40, 1)		
instruction	CODE:7338	CODE:733a	LCALL 0x974d	4	write	INTMEM	1	(register, 0x40, 1)		(unique, 0xb400, 1)
instruction	CODE:7338	CODE:733a	LCALL 0x974d	6	write	INTMEM	1	(register, 0x40, 1)		(unique, 0x1200, 1)
instruction	CODE:7338	CODE:733d	LCALL 0x4739	4	write	INTMEM	1	(register, 0x40, 1)		(unique, 0xb400, 1)
instruction	CODE:7338	CODE:733d	LCALL 0x4739	6	write	INTMEM	1	(register, 0x40, 1)		(unique, 0x1200, 1)
instruction	CODE:7338	CODE:7350	LCALL 0xa146	4	write	INTMEM	1	(register, 0x40, 1)		(unique, 0xb400, 1)
instruction	CODE:7338	CODE:7350	LCALL 0xa146	6	write	INTMEM	1	(register, 0x40, 1)		(unique, 0x1200, 1)
instruction	CODE:7338	CODE:7359	LCALL 0x974d	4	write	INTMEM	1	(register, 0x40, 1)		(unique, 0xb400, 1)
instruction	CODE:7338	CODE:7359	LCALL 0x974d	6	write	INTMEM	1	(register, 0x40, 1)		(unique, 0x1200, 1)
instruction	CODE:7338	CODE:735f	LCALL 0xae2a	4	write	INTMEM	1	(register, 0x40, 1)		(unique, 0xb400, 1)
instruction	CODE:7338	CODE:735f	LCALL 0xae2a	6	write	INTMEM	1	(register, 0x40, 1)		(unique, 0x1200, 1)
instruction	CODE:7338	CODE:7362	LCALL 0xad03	4	write	INTMEM	1	(register, 0x40, 1)		(unique, 0xb400, 1)
instruction	CODE:7338	CODE:7362	LCALL 0xad03	6	write	INTMEM	1	(register, 0x40, 1)		(unique, 0x1200, 1)
instruction	CODE:7338	CODE:7367	LCALL 0xacdd	4	write	INTMEM	1	(register, 0x40, 1)		(unique, 0xb400, 1)
instruction	CODE:7338	CODE:7367	LCALL 0xacdd	6	write	INTMEM	1	(register, 0x40, 1)		(unique, 0x1200, 1)
instruction	CODE:7338	CODE:7372	MOV A,@R0	0	read	INTMEM	1	(register, 0x0, 1)		
instruction	CODE:7338	CODE:7376	MOV @R0,#0x1	1	write	INTMEM	1	(register, 0x0, 1)		(unique, 0x2a00, 1)
instruction	CODE:7338	CODE:737c	MOV A,@R0	0	read	INTMEM	1	(register, 0x0, 1)		
instruction	CODE:7338	CODE:7381	MOV @R0,A	1	write	INTMEM	1	(register, 0x0, 1)		(unique, 0x2a00, 1)
instruction	CODE:7338	CODE:7382	LCALL 0x8229	4	write	INTMEM	1	(register, 0x40, 1)		(unique, 0xb400, 1)
instruction	CODE:7338	CODE:7382	LCALL 0x8229	6	write	INTMEM	1	(register, 0x40, 1)		(unique, 0x1200, 1)
instruction	CODE:7338	CODE:7388	LCALL 0x4696	4	write	INTMEM	1	(register, 0x40, 1)		(unique, 0xb400, 1)
instruction	CODE:7338	CODE:7388	LCALL 0x4696	6	write	INTMEM	1	(register, 0x40, 1)		(unique, 0x1200, 1)
instruction	CODE:7338	CODE:7392	RET	1	read	INTMEM	1	(register, 0x40, 1)		
instruction	CODE:7338	CODE:7392	RET	3	read	INTMEM	1	(register, 0x40, 1)		
instruction	CODE:7338	CODE:7393	LCALL 0x8229	4	write	INTMEM	1	(register, 0x40, 1)		(unique, 0xb400, 1)
instruction	CODE:7338	CODE:7393	LCALL 0x8229	6	write	INTMEM	1	(register, 0x40, 1)		(unique, 0x1200, 1)
instruction	CODE:7338	CODE:7397	RET	1	read	INTMEM	1	(register, 0x40, 1)		
instruction	CODE:7338	CODE:7397	RET	3	read	INTMEM	1	(register, 0x40, 1)		
instruction	CODE:7398	CODE:739c	MOVX @DPTR,A	2	write	EXTMEM	1	(unique, 0x2800, 2)		(unique, 0x2900, 1)
instruction	CODE:7398	CODE:739d	LCALL 0xa34b	4	write	INTMEM	1	(register, 0x40, 1)		(unique, 0xb400, 1)
instruction	CODE:7398	CODE:739d	LCALL 0xa34b	6	write	INTMEM	1	(register, 0x40, 1)		(unique, 0x1200, 1)
instruction	CODE:7398	CODE:73a3	MOVX A,@DPTR	1	read	EXTMEM	1	(unique, 0x2800, 2)		
instruction	CODE:7398	CODE:73af	LCALL 0x33d6	4	write	INTMEM	1	(register, 0x40, 1)		(unique, 0xb400, 1)
instruction	CODE:7398	CODE:73af	LCALL 0x33d6	6	write	INTMEM	1	(register, 0x40, 1)		(unique, 0x1200, 1)
instruction	CODE:7398	CODE:73b5	LCALL 0x33e2	4	write	INTMEM	1	(register, 0x40, 1)		(unique, 0xb400, 1)
instruction	CODE:7398	CODE:73b5	LCALL 0x33e2	6	write	INTMEM	1	(register, 0x40, 1)		(unique, 0x1200, 1)
instruction	CODE:7398	CODE:73b8	LCALL 0x3437	4	write	INTMEM	1	(register, 0x40, 1)		(unique, 0xb400, 1)
instruction	CODE:7398	CODE:73b8	LCALL 0x3437	6	write	INTMEM	1	(register, 0x40, 1)		(unique, 0x1200, 1)
instruction	CODE:7398	CODE:73bf	LCALL 0x33d6	4	write	INTMEM	1	(register, 0x40, 1)		(unique, 0xb400, 1)
instruction	CODE:7398	CODE:73bf	LCALL 0x33d6	6	write	INTMEM	1	(register, 0x40, 1)		(unique, 0x1200, 1)
instruction	CODE:7398	CODE:73c5	LCALL 0x33e2	4	write	INTMEM	1	(register, 0x40, 1)		(unique, 0xb400, 1)
instruction	CODE:7398	CODE:73c5	LCALL 0x33e2	6	write	INTMEM	1	(register, 0x40, 1)		(unique, 0x1200, 1)
instruction	CODE:7398	CODE:73c8	LCALL 0x3437	4	write	INTMEM	1	(register, 0x40, 1)		(unique, 0xb400, 1)
instruction	CODE:7398	CODE:73c8	LCALL 0x3437	6	write	INTMEM	1	(register, 0x40, 1)		(unique, 0x1200, 1)
instruction	CODE:7398	CODE:73cd	LCALL 0xa99c	4	write	INTMEM	1	(register, 0x40, 1)		(unique, 0xb400, 1)
instruction	CODE:7398	CODE:73cd	LCALL 0xa99c	6	write	INTMEM	1	(register, 0x40, 1)		(unique, 0x1200, 1)
instruction	CODE:7398	CODE:73d2	MOV A,@R0	0	read	INTMEM	1	(register, 0x0, 1)		
instruction	CODE:7398	CODE:73da	MOVX @DPTR,A	2	write	EXTMEM	1	(unique, 0x2800, 2)		(unique, 0x2900, 1)
instruction	CODE:7398	CODE:73db	RET	1	read	INTMEM	1	(register, 0x40, 1)		
instruction	CODE:7398	CODE:73db	RET	3	read	INTMEM	1	(register, 0x40, 1)		
instruction	CODE:7398	CODE:73de	MOV A,@R0	0	read	INTMEM	1	(register, 0x0, 1)		
instruction	CODE:7398	CODE:73e7	MOVX @DPTR,A	2	write	EXTMEM	1	(unique, 0x2800, 2)		(unique, 0x2900, 1)
instruction	CODE:7398	CODE:73e8	LCALL 0x33d6	4	write	INTMEM	1	(register, 0x40, 1)		(unique, 0xb400, 1)
instruction	CODE:7398	CODE:73e8	LCALL 0x33d6	6	write	INTMEM	1	(register, 0x40, 1)		(unique, 0x1200, 1)
instruction	CODE:7398	CODE:73ee	LCALL 0x33e2	4	write	INTMEM	1	(register, 0x40, 1)		(unique, 0xb400, 1)
instruction	CODE:7398	CODE:73ee	LCALL 0x33e2	6	write	INTMEM	1	(register, 0x40, 1)		(unique, 0x1200, 1)
instruction	CODE:7398	CODE:73f3	LCALL 0xa99c	4	write	INTMEM	1	(register, 0x40, 1)		(unique, 0xb400, 1)
instruction	CODE:7398	CODE:73f3	LCALL 0xa99c	6	write	INTMEM	1	(register, 0x40, 1)		(unique, 0x1200, 1)
instruction	CODE:7398	CODE:73f6	RET	1	read	INTMEM	1	(register, 0x40, 1)		
instruction	CODE:7398	CODE:73f6	RET	3	read	INTMEM	1	(register, 0x40, 1)		
instruction	CODE:73f7	CODE:73f7	LCALL 0x3caa	4	write	INTMEM	1	(register, 0x40, 1)		(unique, 0xb400, 1)
instruction	CODE:73f7	CODE:73f7	LCALL 0x3caa	6	write	INTMEM	1	(register, 0x40, 1)		(unique, 0x1200, 1)
instruction	CODE:73f7	CODE:73fc	MOV A,@R0	0	read	INTMEM	1	(register, 0x0, 1)		
instruction	CODE:73f7	CODE:73fd	LCALL 0xae53	4	write	INTMEM	1	(register, 0x40, 1)		(unique, 0xb400, 1)
instruction	CODE:73f7	CODE:73fd	LCALL 0xae53	6	write	INTMEM	1	(register, 0x40, 1)		(unique, 0x1200, 1)
instruction	unassigned	CODE:7442	LCALL 0x4920	4	write	INTMEM	1	(register, 0x40, 1)		(unique, 0xb400, 1)
instruction	unassigned	CODE:7442	LCALL 0x4920	6	write	INTMEM	1	(register, 0x40, 1)		(unique, 0x1200, 1)
instruction	unassigned	CODE:7445	LCALL 0x8f3f	4	write	INTMEM	1	(register, 0x40, 1)		(unique, 0xb400, 1)
instruction	unassigned	CODE:7445	LCALL 0x8f3f	6	write	INTMEM	1	(register, 0x40, 1)		(unique, 0x1200, 1)
instruction	unassigned	CODE:7448	LCALL 0x94cc	4	write	INTMEM	1	(register, 0x40, 1)		(unique, 0xb400, 1)
instruction	unassigned	CODE:7448	LCALL 0x94cc	6	write	INTMEM	1	(register, 0x40, 1)		(unique, 0x1200, 1)
instruction	unassigned	CODE:744b	LCALL 0xa313	4	write	INTMEM	1	(register, 0x40, 1)		(unique, 0xb400, 1)
instruction	unassigned	CODE:744b	LCALL 0xa313	6	write	INTMEM	1	(register, 0x40, 1)		(unique, 0x1200, 1)
instruction	unassigned	CODE:7451	LCALL 0xa6bb	4	write	INTMEM	1	(register, 0x40, 1)		(unique, 0xb400, 1)
instruction	unassigned	CODE:7451	LCALL 0xa6bb	6	write	INTMEM	1	(register, 0x40, 1)		(unique, 0x1200, 1)
instruction	unassigned	CODE:7454	RET	1	read	INTMEM	1	(register, 0x40, 1)		
instruction	unassigned	CODE:7454	RET	3	read	INTMEM	1	(register, 0x40, 1)		
instruction	CODE:74b3	CODE:74b5	MOV A,@R0	0	read	INTMEM	1	(register, 0x0, 1)		
instruction	CODE:74b3	CODE:74c0	MOV A,@R0	0	read	INTMEM	1	(register, 0x0, 1)		
instruction	CODE:74b3	CODE:74cf	LCALL 0x9ba3	4	write	INTMEM	1	(register, 0x40, 1)		(unique, 0xb400, 1)
instruction	CODE:74b3	CODE:74cf	LCALL 0x9ba3	6	write	INTMEM	1	(register, 0x40, 1)		(unique, 0x1200, 1)
instruction	CODE:74b3	CODE:74d2	LCALL 0xa757	4	write	INTMEM	1	(register, 0x40, 1)		(unique, 0xb400, 1)
instruction	CODE:74b3	CODE:74d2	LCALL 0xa757	6	write	INTMEM	1	(register, 0x40, 1)		(unique, 0x1200, 1)
instruction	CODE:74b3	CODE:74d5	LCALL 0xa763	4	write	INTMEM	1	(register, 0x40, 1)		(unique, 0xb400, 1)
instruction	CODE:74b3	CODE:74d5	LCALL 0xa763	6	write	INTMEM	1	(register, 0x40, 1)		(unique, 0x1200, 1)
instruction	CODE:74b3	CODE:74d8	LCALL 0xa7ae	4	write	INTMEM	1	(register, 0x40, 1)		(unique, 0xb400, 1)
instruction	CODE:74b3	CODE:74d8	LCALL 0xa7ae	6	write	INTMEM	1	(register, 0x40, 1)		(unique, 0x1200, 1)
instruction	CODE:74b3	CODE:74db	LCALL 0xa29b	4	write	INTMEM	1	(register, 0x40, 1)		(unique, 0xb400, 1)
instruction	CODE:74b3	CODE:74db	LCALL 0xa29b	6	write	INTMEM	1	(register, 0x40, 1)		(unique, 0x1200, 1)
instruction	CODE:74b3	CODE:74e0	LCALL 0xa153	4	write	INTMEM	1	(register, 0x40, 1)		(unique, 0xb400, 1)
instruction	CODE:74b3	CODE:74e0	LCALL 0xa153	6	write	INTMEM	1	(register, 0x40, 1)		(unique, 0x1200, 1)
instruction	CODE:74b3	CODE:74e7	RET	1	read	INTMEM	1	(register, 0x40, 1)		
instruction	CODE:74b3	CODE:74e7	RET	3	read	INTMEM	1	(register, 0x40, 1)		
instruction	CODE:74b3	CODE:74e8	LCALL 0xa153	4	write	INTMEM	1	(register, 0x40, 1)		(unique, 0xb400, 1)
instruction	CODE:74b3	CODE:74e8	LCALL 0xa153	6	write	INTMEM	1	(register, 0x40, 1)		(unique, 0x1200, 1)
instruction	CODE:74b3	CODE:74ef	RET	1	read	INTMEM	1	(register, 0x40, 1)		
instruction	CODE:74b3	CODE:74ef	RET	3	read	INTMEM	1	(register, 0x40, 1)		
instruction	CODE:74b3	CODE:74f2	RET	1	read	INTMEM	1	(register, 0x40, 1)		
instruction	CODE:74b3	CODE:74f2	RET	3	read	INTMEM	1	(register, 0x40, 1)		
instruction	CODE:74b3	CODE:74f5	MOV A,@R0	0	read	INTMEM	1	(register, 0x0, 1)		
instruction	CODE:74b3	CODE:74fe	LCALL 0xa595	4	write	INTMEM	1	(register, 0x40, 1)		(unique, 0xb400, 1)
instruction	CODE:74b3	CODE:74fe	LCALL 0xa595	6	write	INTMEM	1	(register, 0x40, 1)		(unique, 0x1200, 1)
instruction	CODE:74b3	CODE:7507	RET	1	read	INTMEM	1	(register, 0x40, 1)		
instruction	CODE:74b3	CODE:7507	RET	3	read	INTMEM	1	(register, 0x40, 1)		
instruction	CODE:74b3	CODE:750a	RET	1	read	INTMEM	1	(register, 0x40, 1)		
instruction	CODE:74b3	CODE:750a	RET	3	read	INTMEM	1	(register, 0x40, 1)		
instruction	CODE:74b3	CODE:750d	RET	1	read	INTMEM	1	(register, 0x40, 1)		
instruction	CODE:74b3	CODE:750d	RET	3	read	INTMEM	1	(register, 0x40, 1)		
instruction	CODE:750e	CODE:7512	MOVX @DPTR,A	2	write	EXTMEM	1	(unique, 0x2800, 2)		(unique, 0x2900, 1)
instruction	CODE:750e	CODE:7513	LCALL 0xa000	4	write	INTMEM	1	(register, 0x40, 1)		(unique, 0xb400, 1)
instruction	CODE:750e	CODE:7513	LCALL 0xa000	6	write	INTMEM	1	(register, 0x40, 1)		(unique, 0x1200, 1)
instruction	CODE:750e	CODE:751b	MOVX A,@DPTR	1	read	EXTMEM	1	(unique, 0x2800, 2)		
instruction	CODE:750e	CODE:751d	LCALL 0x82bd	4	write	INTMEM	1	(register, 0x40, 1)		(unique, 0xb400, 1)
instruction	CODE:750e	CODE:751d	LCALL 0x82bd	6	write	INTMEM	1	(register, 0x40, 1)		(unique, 0x1200, 1)
instruction	CODE:750e	CODE:7521	MOVX @DPTR,A	2	write	EXTMEM	1	(unique, 0x2800, 2)		(unique, 0x2900, 1)
instruction	CODE:750e	CODE:7524	MOV @R0,0x07	1	write	INTMEM	1	(register, 0x0, 1)		(unique, 0x2a00, 1)
instruction	CODE:750e	CODE:752a	LCALL 0xa638	4	write	INTMEM	1	(register, 0x40, 1)		(unique, 0xb400, 1)
instruction	CODE:750e	CODE:752a	LCALL 0xa638	6	write	INTMEM	1	(register, 0x40, 1)		(unique, 0x1200, 1)
instruction	CODE:750e	CODE:7530	MOVX A,@DPTR	1	read	EXTMEM	1	(unique, 0x2800, 2)		
instruction	CODE:750e	CODE:7532	LCALL 0xa0a1	4	write	INTMEM	1	(register, 0x40, 1)		(unique, 0xb400, 1)
instruction	CODE:750e	CODE:7532	LCALL 0xa0a1	6	write	INTMEM	1	(register, 0x40, 1)		(unique, 0x1200, 1)
instruction	CODE:750e	CODE:7539	MOVX @DPTR,A	2	write	EXTMEM	1	(unique, 0x2800, 2)		(unique, 0x2900, 1)
instruction	CODE:750e	CODE:753c	MOVX @DPTR,A	2	write	EXTMEM	1	(unique, 0x2800, 2)		(unique, 0x2900, 1)
instruction	CODE:750e	CODE:7540	MOVX A,@DPTR	1	read	EXTMEM	1	(unique, 0x2800, 2)		
instruction	CODE:750e	CODE:7542	LCALL 0xa0af	4	write	INTMEM	1	(register, 0x40, 1)		(unique, 0xb400, 1)
instruction	CODE:750e	CODE:7542	LCALL 0xa0af	6	write	INTMEM	1	(register, 0x40, 1)		(unique, 0x1200, 1)
instruction	CODE:750e	CODE:754c	MOVX A,@DPTR	1	read	EXTMEM	1	(unique, 0x2800, 2)		
instruction	CODE:750e	CODE:754f	MOVX A,@DPTR	1	read	EXTMEM	1	(unique, 0x2800, 2)		
instruction	CODE:750e	CODE:7551	LCALL 0x93fa	4	write	INTMEM	1	(register, 0x40, 1)		(unique, 0xb400, 1)
instruction	CODE:750e	CODE:7551	LCALL 0x93fa	6	write	INTMEM	1	(register, 0x40, 1)		(unique, 0x1200, 1)
instruction	CODE:750e	CODE:755a	MOVX A,@DPTR	1	read	EXTMEM	1	(unique, 0x2800, 2)		
instruction	CODE:750e	CODE:755d	MOVX A,@DPTR	1	read	EXTMEM	1	(unique, 0x2800, 2)		
instruction	CODE:750e	CODE:755f	LCALL 0x6ba4	4	write	INTMEM	1	(register, 0x40, 1)		(unique, 0xb400, 1)
instruction	CODE:750e	CODE:755f	LCALL 0x6ba4	6	write	INTMEM	1	(register, 0x40, 1)		(unique, 0x1200, 1)
instruction	CODE:750e	CODE:7564	LCALL 0x9fe9	4	write	INTMEM	1	(register, 0x40, 1)		(unique, 0xb400, 1)
instruction	CODE:750e	CODE:7564	LCALL 0x9fe9	6	write	INTMEM	1	(register, 0x40, 1)		(unique, 0x1200, 1)
instruction	CODE:750e	CODE:7567	RET	1	read	INTMEM	1	(register, 0x40, 1)		
instruction	CODE:750e	CODE:7567	RET	3	read	INTMEM	1	(register, 0x40, 1)		
instruction	CODE:7568	CODE:756b	LCALL 0xaeac	4	write	INTMEM	1	(register, 0x40, 1)		(unique, 0xb400, 1)
instruction	CODE:7568	CODE:756b	LCALL 0xaeac	6	write	INTMEM	1	(register, 0x40, 1)		(unique, 0x1200, 1)
instruction	CODE:7568	CODE:756f	MOVX @DPTR,A	2	write	EXTMEM	1	(unique, 0x2800, 2)		(unique, 0x2900, 1)
instruction	CODE:7568	CODE:7570	LCALL 0xa62a	4	write	INTMEM	1	(register, 0x40, 1)		(unique, 0xb400, 1)
instruction	CODE:7568	CODE:7570	LCALL 0xa62a	6	write	INTMEM	1	(register, 0x40, 1)		(unique, 0x1200, 1)
instruction	CODE:7568	CODE:7576	LCALL 0xae2a	4	write	INTMEM	1	(register, 0x40, 1)		(unique, 0xb400, 1)
instruction	CODE:7568	CODE:7576	LCALL 0xae2a	6	write	INTMEM	1	(register, 0x40, 1)		(unique, 0x1200, 1)
instruction	CODE:7568	CODE:7579	LCALL 0xa631	4	write	INTMEM	1	(register, 0x40, 1)		(unique, 0xb400, 1)
instruction	CODE:7568	CODE:7579	LCALL 0xa631	6	write	INTMEM	1	(register, 0x40, 1)		(unique, 0x1200, 1)
instruction	CODE:7568	CODE:757f	LCALL 0xae2a	4	write	INTMEM	1	(register, 0x40, 1)		(unique, 0xb400, 1)
instruction	CODE:7568	CODE:757f	LCALL 0xae2a	6	write	INTMEM	1	(register, 0x40, 1)		(unique, 0x1200, 1)
instruction	CODE:7568	CODE:7588	MOVX A,@DPTR	1	read	EXTMEM	1	(unique, 0x2800, 2)		
instruction	CODE:7568	CODE:758a	LCALL 0xa769	4	write	INTMEM	1	(register, 0x40, 1)		(unique, 0xb400, 1)
instruction	CODE:7568	CODE:758a	LCALL 0xa769	6	write	INTMEM	1	(register, 0x40, 1)		(unique, 0x1200, 1)
instruction	CODE:7568	CODE:7590	MOV @R0,A	1	write	INTMEM	1	(register, 0x0, 1)		(unique, 0x2a00, 1)
instruction	CODE:7568	CODE:7592	MOV @R0,A	1	write	INTMEM	1	(register, 0x0, 1)		(unique, 0x2a00, 1)
instruction	CODE:7568	CODE:75a2	MOVX A,@DPTR	1	read	EXTMEM	1	(unique, 0x2800, 2)		
instruction	CODE:7568	CODE:75a7	MOVC A,@A+DPTR	2	read	CODE	1	(unique, 0x2400, 2)		
instruction	CODE:7568	CODE:75ae	MOVC A,@A+DPTR	2	read	CODE	1	(unique, 0x2400, 2)		
instruction	CODE:7568	CODE:75b1	LCALL 0xa20b	4	write	INTMEM	1	(register, 0x40, 1)		(unique, 0xb400, 1)
instruction	CODE:7568	CODE:75b1	LCALL 0xa20b	6	write	INTMEM	1	(register, 0x40, 1)		(unique, 0x1200, 1)
instruction	CODE:7568	CODE:75b7	LCALL 0xa449	4	write	INTMEM	1	(register, 0x40, 1)		(unique, 0xb400, 1)
instruction	CODE:7568	CODE:75b7	LCALL 0xa449	6	write	INTMEM	1	(register, 0x40, 1)		(unique, 0x1200, 1)
instruction	CODE:75c0	CODE:75c0	PUSH A	1	write	INTMEM	1	(register, 0x40, 1)		(register, 0xb, 1)
instruction	CODE:75c0	CODE:75c2	PUSH B	1	write	INTMEM	1	(register, 0x40, 1)		(register, 0xa, 1)
instruction	CODE:75c0	CODE:75c4	PUSH DPH	1	write	INTMEM	1	(register, 0x40, 1)		(register, 0x82, 1)
instruction	CODE:75c0	CODE:75c6	PUSH DPL	1	write	INTMEM	1	(register, 0x40, 1)		(register, 0x83, 1)
instruction	CODE:75c0	CODE:75c8	PUSH PSW	1	write	INTMEM	1	(register, 0x40, 1)		(register, 0x48, 1)
instruction	CODE:75c0	CODE:75cd	PUSH 0x00	1	write	INTMEM	1	(register, 0x40, 1)		mem[INTMEM:00]
instruction	CODE:75c0	CODE:75cf	PUSH 0x01	1	write	INTMEM	1	(register, 0x40, 1)		mem[INTMEM:01]
instruction	CODE:75c0	CODE:75d1	PUSH 0x02	1	write	INTMEM	1	(register, 0x40, 1)		mem[INTMEM:02]
instruction	CODE:75c0	CODE:75d3	PUSH 0x03	1	write	INTMEM	1	(register, 0x40, 1)		mem[INTMEM:03]
instruction	CODE:75c0	CODE:75d5	PUSH 0x04	1	write	INTMEM	1	(register, 0x40, 1)		mem[INTMEM:04]
instruction	CODE:75c0	CODE:75d7	PUSH 0x05	1	write	INTMEM	1	(register, 0x40, 1)		mem[INTMEM:05]
instruction	CODE:75c0	CODE:75d9	PUSH 0x06	1	write	INTMEM	1	(register, 0x40, 1)		mem[INTMEM:06]
instruction	CODE:75c0	CODE:75db	PUSH 0x07	1	write	INTMEM	1	(register, 0x40, 1)		mem[INTMEM:07]
instruction	CODE:75c0	CODE:75df	MOV @R0,#0x1	1	write	INTMEM	1	(register, 0x0, 1)		(unique, 0x2a00, 1)
instruction	CODE:75c0	CODE:75e4	MOVX A,@DPTR	1	read	EXTMEM	1	(unique, 0x2800, 2)		
instruction	CODE:75c0	CODE:75e8	MOVX @DPTR,A	2	write	EXTMEM	1	(unique, 0x2800, 2)		(unique, 0x2900, 1)
instruction	CODE:75c0	CODE:75ec	PUSH DPH	1	write	INTMEM	1	(register, 0x40, 1)		(register, 0x82, 1)
instruction	CODE:75c0	CODE:75ee	PUSH DPL	1	write	INTMEM	1	(register, 0x40, 1)		(register, 0x83, 1)
instruction	CODE:75c0	CODE:75f0	LCALL 0x355d	4	write	INTMEM	1	(register, 0x40, 1)		(unique, 0xb400, 1)
instruction	CODE:75c0	CODE:75f0	LCALL 0x355d	6	write	INTMEM	1	(register, 0x40, 1)		(unique, 0x1200, 1)
instruction	CODE:75c0	CODE:75f3	POP DPL	0	read	INTMEM	1	(register, 0x40, 1)		
instruction	CODE:75c0	CODE:75f5	POP DPH	0	read	INTMEM	1	(register, 0x40, 1)		
instruction	CODE:75c0	CODE:75f7	MOVX @DPTR,A	2	write	EXTMEM	1	(unique, 0x2800, 2)		(unique, 0x2900, 1)
instruction	CODE:75c0	CODE:75f8	LCALL 0x64a1	4	write	INTMEM	1	(register, 0x40, 1)		(unique, 0xb400, 1)
instruction	CODE:75c0	CODE:75f8	LCALL 0x64a1	6	write	INTMEM	1	(register, 0x40, 1)		(unique, 0x1200, 1)
instruction	CODE:75c0	CODE:75fb	POP 0x07	0	read	INTMEM	1	(register, 0x40, 1)		
instruction	CODE:75c0	CODE:75fd	POP 0x06	0	read	INTMEM	1	(register, 0x40, 1)		
instruction	CODE:75c0	CODE:75ff	POP 0x05	0	read	INTMEM	1	(register, 0x40, 1)		
instruction	CODE:75c0	CODE:7601	POP 0x04	0	read	INTMEM	1	(register, 0x40, 1)		
instruction	CODE:75c0	CODE:7603	POP 0x03	0	read	INTMEM	1	(register, 0x40, 1)		
instruction	CODE:75c0	CODE:7605	POP 0x02	0	read	INTMEM	1	(register, 0x40, 1)		
instruction	CODE:75c0	CODE:7607	POP 0x01	0	read	INTMEM	1	(register, 0x40, 1)		
instruction	CODE:75c0	CODE:7609	POP 0x00	0	read	INTMEM	1	(register, 0x40, 1)		
instruction	CODE:75c0	CODE:760b	POP PSW	0	read	INTMEM	1	(register, 0x40, 1)		
instruction	CODE:75c0	CODE:760d	POP DPL	0	read	INTMEM	1	(register, 0x40, 1)		
instruction	CODE:75c0	CODE:760f	POP DPH	0	read	INTMEM	1	(register, 0x40, 1)		
instruction	CODE:75c0	CODE:7611	POP B	0	read	INTMEM	1	(register, 0x40, 1)		
instruction	CODE:75c0	CODE:7613	POP A	0	read	INTMEM	1	(register, 0x40, 1)		
instruction	CODE:75c0	CODE:7615	RETI	1	read	INTMEM	1	(register, 0x40, 1)		
instruction	CODE:75c0	CODE:7615	RETI	3	read	INTMEM	1	(register, 0x40, 1)		
instruction	CODE:7616	CODE:7618	MOV A,@R0	0	read	INTMEM	1	(register, 0x0, 1)		
instruction	CODE:7616	CODE:761d	MOVX @DPTR,A	2	write	EXTMEM	1	(unique, 0x2800, 2)		(unique, 0x2900, 1)
instruction	CODE:7616	CODE:7620	MOV A,@R0	0	read	INTMEM	1	(register, 0x0, 1)		
instruction	CODE:7616	CODE:7624	MOVC A,@A+DPTR	2	read	CODE	1	(unique, 0x2400, 2)		
instruction	CODE:7616	CODE:7628	MOV @R0,A	1	write	INTMEM	1	(register, 0x0, 1)		(unique, 0x2a00, 1)
instruction	CODE:7616	CODE:762c	LCALL 0xa6fd	4	write	INTMEM	1	(register, 0x40, 1)		(unique, 0xb400, 1)
instruction	CODE:7616	CODE:762c	LCALL 0xa6fd	6	write	INTMEM	1	(register, 0x40, 1)		(unique, 0x1200, 1)
instruction	CODE:7616	CODE:7633	MOVC A,@A+DPTR	2	read	CODE	1	(unique, 0x2400, 2)		
instruction	CODE:7616	CODE:7637	MOV A,@R0	0	read	INTMEM	1	(register, 0x0, 1)		
instruction	CODE:7616	CODE:7644	ORL A,@R0	0	read	INTMEM	1	(register, 0x0, 1)		
instruction	CODE:7616	CODE:7645	MOV @R0,A	1	write	INTMEM	1	(register, 0x0, 1)		(unique, 0x2a00, 1)
instruction	CODE:7616	CODE:7646	LCALL 0x1006	4	write	INTMEM	1	(register, 0x40, 1)		(unique, 0xb400, 1)
instruction	CODE:7616	CODE:7646	LCALL 0x1006	6	write	INTMEM	1	(register, 0x40, 1)		(unique, 0x1200, 1)
instruction	CODE:7616	CODE:765c	LCALL 0x87aa	4	write	INTMEM	1	(register, 0x40, 1)		(unique, 0xb400, 1)
instruction	CODE:7616	CODE:765c	LCALL 0x87aa	6	write	INTMEM	1	(register, 0x40, 1)		(unique, 0x1200, 1)
instruction	CODE:7616	CODE:7662	MOVX A,@DPTR	1	read	EXTMEM	1	(unique, 0x2800, 2)		
instruction	CODE:7616	CODE:7665	XRL A,@R0	0	read	INTMEM	1	(register, 0x0, 1)		
instruction	CODE:7616	CODE:766a	RET	1	read	INTMEM	1	(register, 0x40, 1)		
instruction	CODE:7616	CODE:766a	RET	3	read	INTMEM	1	(register, 0x40, 1)		
instruction	CODE:766b	CODE:766f	MOVX @DPTR,A	2	write	EXTMEM	1	(unique, 0x2800, 2)		(unique, 0x2900, 1)
instruction	CODE:766b	CODE:7672	MOVX @DPTR,A	2	write	EXTMEM	1	(unique, 0x2800, 2)		(unique, 0x2900, 1)
instruction	CODE:766b	CODE:7673	LCALL 0xa521	4	write	INTMEM	1	(register, 0x40, 1)		(unique, 0xb400, 1)
instruction	CODE:766b	CODE:7673	LCALL 0xa521	6	write	INTMEM	1	(register, 0x40, 1)		(unique, 0x1200, 1)
instruction	CODE:766b	CODE:7679	LCALL 0x1ec0	4	write	INTMEM	1	(register, 0x40, 1)		(unique, 0xb400, 1)
instruction	CODE:766b	CODE:7679	LCALL 0x1ec0	6	write	INTMEM	1	(register, 0x40, 1)		(unique, 0x1200, 1)
instruction	CODE:766b	CODE:7680	LCALL 0xa9d0	4	write	INTMEM	1	(register, 0x40, 1)		(unique, 0xb400, 1)
instruction	CODE:766b	CODE:7680	LCALL 0xa9d0	6	write	INTMEM	1	(register, 0x40, 1)		(unique, 0x1200, 1)
instruction	CODE:766b	CODE:7684	LCALL 0xa9e2	4	write	INTMEM	1	(register, 0x40, 1)		(unique, 0xb400, 1)
instruction	CODE:766b	CODE:7684	LCALL 0xa9e2	6	write	INTMEM	1	(register, 0x40, 1)		(unique, 0x1200, 1)
instruction	CODE:766b	CODE:768b	MOVX @DPTR,A	2	write	EXTMEM	1	(unique, 0x2800, 2)		(unique, 0x2900, 1)
instruction	CODE:766b	CODE:768e	MOVX @DPTR,A	2	write	EXTMEM	1	(unique, 0x2800, 2)		(unique, 0x2900, 1)
instruction	CODE:766b	CODE:768f	LCALL 0x1ec0	4	write	INTMEM	1	(register, 0x40, 1)		(unique, 0xb400, 1)
instruction	CODE:766b	CODE:768f	LCALL 0x1ec0	6	write	INTMEM	1	(register, 0x40, 1)		(unique, 0x1200, 1)
instruction	CODE:766b	CODE:769f	MOVX @DPTR,A	2	write	EXTMEM	1	(unique, 0x2800, 2)		(unique, 0x2900, 1)
instruction	CODE:766b	CODE:76a3	MOVX @DPTR,A	2	write	EXTMEM	1	(unique, 0x2800, 2)		(unique, 0x2900, 1)
instruction	CODE:766b	CODE:76b4	MOVX @DPTR,A	2	write	EXTMEM	1	(unique, 0x2800, 2)		(unique, 0x2900, 1)
instruction	CODE:766b	CODE:76b8	MOVX @DPTR,A	2	write	EXTMEM	1	(unique, 0x2800, 2)		(unique, 0x2900, 1)
instruction	CODE:766b	CODE:76b9	LCALL 0x1ec0	4	write	INTMEM	1	(register, 0x40, 1)		(unique, 0xb400, 1)
instruction	CODE:766b	CODE:76b9	LCALL 0x1ec0	6	write	INTMEM	1	(register, 0x40, 1)		(unique, 0x1200, 1)
instruction	CODE:76bf	CODE:76c2	MOVX A,@DPTR	1	read	EXTMEM	1	(unique, 0x2800, 2)		
instruction	CODE:76bf	CODE:76c5	MOVX @DPTR,A	2	write	EXTMEM	1	(unique, 0x2800, 2)		(unique, 0x2900, 1)
instruction	CODE:76bf	CODE:76c6	MOVX A,@DPTR	1	read	EXTMEM	1	(unique, 0x2800, 2)		
instruction	CODE:76bf	CODE:76c9	MOVX @DPTR,A	2	write	EXTMEM	1	(unique, 0x2800, 2)		(unique, 0x2900, 1)
instruction	CODE:76bf	CODE:76cd	MOVX A,@DPTR	1	read	EXTMEM	1	(unique, 0x2800, 2)		
instruction	CODE:76bf	CODE:76d0	MOVX @DPTR,A	2	write	EXTMEM	1	(unique, 0x2800, 2)		(unique, 0x2900, 1)
instruction	CODE:76bf	CODE:76d1	MOVX A,@DPTR	1	read	EXTMEM	1	(unique, 0x2800, 2)		
instruction	CODE:76bf	CODE:76d4	MOVX @DPTR,A	2	write	EXTMEM	1	(unique, 0x2800, 2)		(unique, 0x2900, 1)
instruction	CODE:76bf	CODE:76d5	RET	1	read	INTMEM	1	(register, 0x40, 1)		
instruction	CODE:76bf	CODE:76d5	RET	3	read	INTMEM	1	(register, 0x40, 1)		
instruction	CODE:76d6	CODE:76d8	MOV @R0,#0x1	1	write	INTMEM	1	(register, 0x0, 1)		(unique, 0x2a00, 1)
instruction	CODE:76d6	CODE:76dd	MOVX A,@DPTR	1	read	EXTMEM	1	(unique, 0x2800, 2)		
instruction	CODE:76d6	CODE:76ea	MOVC A,@A+DPTR	2	read	CODE	1	(unique, 0x2400, 2)		
instruction	CODE:76d6	CODE:76eb	RET	1	read	INTMEM	1	(register, 0x40, 1)		
instruction	CODE:76d6	CODE:76eb	RET	3	read	INTMEM	1	(register, 0x40, 1)		
instruction	CODE:76ec	CODE:76f1	LCALL 0xa94d	4	write	INTMEM	1	(register, 0x40, 1)		(unique, 0xb400, 1)
instruction	CODE:76ec	CODE:76f1	LCALL 0xa94d	6	write	INTMEM	1	(register, 0x40, 1)		(unique, 0x1200, 1)
instruction	CODE:76ec	CODE:76f8	RET	1	read	INTMEM	1	(register, 0x40, 1)		
instruction	CODE:76ec	CODE:76f8	RET	3	read	INTMEM	1	(register, 0x40, 1)		
instruction	CODE:7712	CODE:7716	LCALL 0x7763	4	write	INTMEM	1	(register, 0x40, 1)		(unique, 0xb400, 1)
instruction	CODE:7712	CODE:7716	LCALL 0x7763	6	write	INTMEM	1	(register, 0x40, 1)		(unique, 0x1200, 1)
instruction	CODE:7712	CODE:771d	MOVX @DPTR,A	2	write	EXTMEM	1	(unique, 0x2800, 2)		(unique, 0x2900, 1)
instruction	CODE:7712	CODE:7720	MOVX @DPTR,A	2	write	EXTMEM	1	(unique, 0x2800, 2)		(unique, 0x2900, 1)
instruction	CODE:7712	CODE:7721	LCALL 0x8ea7	4	write	INTMEM	1	(register, 0x40, 1)		(unique, 0xb400, 1)
instruction	CODE:7712	CODE:7721	LCALL 0x8ea7	6	write	INTMEM	1	(register, 0x40, 1)		(unique, 0x1200, 1)
instruction	CODE:7712	CODE:7728	MOVX @DPTR,A	2	write	EXTMEM	1	(unique, 0x2800, 2)		(unique, 0x2900, 1)
instruction	CODE:7712	CODE:7729	LCALL 0xa584	4	write	INTMEM	1	(register, 0x40, 1)		(unique, 0xb400, 1)
instruction	CODE:7712	CODE:7729	LCALL 0xa584	6	write	INTMEM	1	(register, 0x40, 1)		(unique, 0x1200, 1)
instruction	CODE:7712	CODE:7731	MOVX A,@DPTR	1	read	EXTMEM	1	(unique, 0x2800, 2)		
instruction	CODE:7712	CODE:7734	MOVX A,@DPTR	1	read	EXTMEM	1	(unique, 0x2800, 2)		
instruction	CODE:7712	CODE:7737	MOVX @DPTR,A	2	write	EXTMEM	1	(unique, 0x2800, 2)		(unique, 0x2900, 1)
instruction	CODE:7712	CODE:773a	MOVX @DPTR,A	2	write	EXTMEM	1	(unique, 0x2800, 2)		(unique, 0x2900, 1)
instruction	CODE:7712	CODE:773c	MOVX A,@DPTR	1	read	EXTMEM	1	(unique, 0x2800, 2)		
instruction	CODE:7712	CODE:773e	MOVX @DPTR,A	2	write	EXTMEM	1	(unique, 0x2800, 2)		(unique, 0x2900, 1)
instruction	CODE:7712	CODE:7745	LCALL 0x7763	4	write	INTMEM	1	(register, 0x40, 1)		(unique, 0xb400, 1)
instruction	CODE:7712	CODE:7745	LCALL 0x7763	6	write	INTMEM	1	(register, 0x40, 1)		(unique, 0x1200, 1)
instruction	CODE:7712	CODE:774c	MOVX @DPTR,A	2	write	EXTMEM	1	(unique, 0x2800, 2)		(unique, 0x2900, 1)
instruction	CODE:7712	CODE:774f	MOVX @DPTR,A	2	write	EXTMEM	1	(unique, 0x2800, 2)		(unique, 0x2900, 1)
instruction	CODE:7712	CODE:7750	LCALL 0x8ea7	4	write	INTMEM	1	(register, 0x40, 1)		(unique, 0xb400, 1)
instruction	CODE:7712	CODE:7750	LCALL 0x8ea7	6	write	INTMEM	1	(register, 0x40, 1)		(unique, 0x1200, 1)
instruction	CODE:7712	CODE:7757	MOVX @DPTR,A	2	write	EXTMEM	1	(unique, 0x2800, 2)		(unique, 0x2900, 1)
instruction	CODE:7712	CODE:775b	MOVX A,@DPTR	1	read	EXTMEM	1	(unique, 0x2800, 2)		
instruction	CODE:7712	CODE:775e	MOVX A,@DPTR	1	read	EXTMEM	1	(unique, 0x2800, 2)		
instruction	CODE:7763	CODE:7767	MOVX @DPTR,A	2	write	EXTMEM	1	(unique, 0x2800, 2)		(unique, 0x2900, 1)
instruction	CODE:7763	CODE:776c	MOVX @DPTR,A	2	write	EXTMEM	1	(unique, 0x2800, 2)		(unique, 0x2900, 1)
instruction	CODE:7763	CODE:776e	MOVX @DPTR,A	2	write	EXTMEM	1	(unique, 0x2800, 2)		(unique, 0x2900, 1)
instruction	CODE:7763	CODE:7771	MOV A,@R0	0	read	INTMEM	1	(register, 0x0, 1)		
instruction	CODE:7763	CODE:777a	MOVC A,@A+DPTR	2	read	CODE	1	(unique, 0x2400, 2)		
instruction	CODE:7763	CODE:777e	MOVX @DPTR,A	2	write	EXTMEM	1	(unique, 0x2800, 2)		(unique, 0x2900, 1)
instruction	CODE:7763	CODE:7782	MOVX A,@DPTR	1	read	EXTMEM	1	(unique, 0x2800, 2)		
instruction	CODE:7763	CODE:7784	LCALL 0x91be	4	write	INTMEM	1	(register, 0x40, 1)		(unique, 0xb400, 1)
instruction	CODE:7763	CODE:7784	LCALL 0x91be	6	write	INTMEM	1	(register, 0x40, 1)		(unique, 0x1200, 1)
instruction	CODE:7763	CODE:778c	MOVX A,@DPTR	1	read	EXTMEM	1	(unique, 0x2800, 2)		
instruction	CODE:7763	CODE:7790	LCALL 0x94ae	4	write	INTMEM	1	(register, 0x40, 1)		(unique, 0xb400, 1)
instruction	CODE:7763	CODE:7790	LCALL 0x94ae	6	write	INTMEM	1	(register, 0x40, 1)		(unique, 0x1200, 1)
instruction	CODE:7763	CODE:7797	MOVX @DPTR,A	2	write	EXTMEM	1	(unique, 0x2800, 2)		(unique, 0x2900, 1)
instruction	CODE:7763	CODE:779a	MOVX @DPTR,A	2	write	EXTMEM	1	(unique, 0x2800, 2)		(unique, 0x2900, 1)
instruction	CODE:7763	CODE:779e	MOVX A,@DPTR	1	read	EXTMEM	1	(unique, 0x2800, 2)		
instruction	CODE:7763	CODE:77a3	MOVX A,@DPTR	1	read	EXTMEM	1	(unique, 0x2800, 2)		
instruction	CODE:7763	CODE:77a6	MOVX A,@DPTR	1	read	EXTMEM	1	(unique, 0x2800, 2)		
instruction	CODE:7763	CODE:77a8	LCALL 0x9b8f	4	write	INTMEM	1	(register, 0x40, 1)		(unique, 0xb400, 1)
instruction	CODE:7763	CODE:77a8	LCALL 0x9b8f	6	write	INTMEM	1	(register, 0x40, 1)		(unique, 0x1200, 1)
instruction	CODE:7763	CODE:77ae	MOVX A,@DPTR	1	read	EXTMEM	1	(unique, 0x2800, 2)		
instruction	CODE:7763	CODE:77b1	MOVX A,@DPTR	1	read	EXTMEM	1	(unique, 0x2800, 2)		
instruction	CODE:7763	CODE:77b3	RET	1	read	INTMEM	1	(register, 0x40, 1)		
instruction	CODE:7763	CODE:77b3	RET	3	read	INTMEM	1	(register, 0x40, 1)		
instruction	CODE:77b4	CODE:77b4	PUSH A	1	write	INTMEM	1	(register, 0x40, 1)		(register, 0xb, 1)
instruction	CODE:77b4	CODE:77b6	PUSH B	1	write	INTMEM	1	(register, 0x40, 1)		(register, 0xa, 1)
instruction	CODE:77b4	CODE:77b8	PUSH DPH	1	write	INTMEM	1	(register, 0x40, 1)		(register, 0x82, 1)
instruction	CODE:77b4	CODE:77ba	PUSH DPL	1	write	INTMEM	1	(register, 0x40, 1)		(register, 0x83, 1)
instruction	CODE:77b4	CODE:77bc	PUSH PSW	1	write	INTMEM	1	(register, 0x40, 1)		(register, 0x48, 1)
instruction	CODE:77b4	CODE:77c1	PUSH 0x00	1	write	INTMEM	1	(register, 0x40, 1)		mem[INTMEM:00]
instruction	CODE:77b4	CODE:77c3	PUSH 0x01	1	write	INTMEM	1	(register, 0x40, 1)		mem[INTMEM:01]
instruction	CODE:77b4	CODE:77c5	PUSH 0x02	1	write	INTMEM	1	(register, 0x40, 1)		mem[INTMEM:02]
instruction	CODE:77b4	CODE:77c7	PUSH 0x03	1	write	INTMEM	1	(register, 0x40, 1)		mem[INTMEM:03]
instruction	CODE:77b4	CODE:77c9	PUSH 0x04	1	write	INTMEM	1	(register, 0x40, 1)		mem[INTMEM:04]
instruction	CODE:77b4	CODE:77cb	PUSH 0x05	1	write	INTMEM	1	(register, 0x40, 1)		mem[INTMEM:05]
instruction	CODE:77b4	CODE:77cd	PUSH 0x06	1	write	INTMEM	1	(register, 0x40, 1)		mem[INTMEM:06]
instruction	CODE:77b4	CODE:77cf	PUSH 0x07	1	write	INTMEM	1	(register, 0x40, 1)		mem[INTMEM:07]
instruction	CODE:77b4	CODE:77d9	MOVX @DPTR,A	2	write	EXTMEM	1	(unique, 0x2800, 2)		(unique, 0x2900, 1)
instruction	CODE:77b4	CODE:77dd	MOVX @DPTR,A	2	write	EXTMEM	1	(unique, 0x2800, 2)		(unique, 0x2900, 1)
instruction	CODE:77b4	CODE:77e0	MOV @R0,#0x0	1	write	INTMEM	1	(register, 0x0, 1)		(unique, 0x2a00, 1)
instruction	CODE:77b4	CODE:77e2	LCALL 0xa833	4	write	INTMEM	1	(register, 0x40, 1)		(unique, 0xb400, 1)
instruction	CODE:77b4	CODE:77e2	LCALL 0xa833	6	write	INTMEM	1	(register, 0x40, 1)		(unique, 0x1200, 1)
instruction	CODE:77b4	CODE:77e5	POP 0x07	0	read	INTMEM	1	(register, 0x40, 1)		
instruction	CODE:77b4	CODE:77e7	POP 0x06	0	read	INTMEM	1	(register, 0x40, 1)		
instruction	CODE:77b4	CODE:77e9	POP 0x05	0	read	INTMEM	1	(register, 0x40, 1)		
instruction	CODE:77b4	CODE:77eb	POP 0x04	0	read	INTMEM	1	(register, 0x40, 1)		
instruction	CODE:77b4	CODE:77ed	POP 0x03	0	read	INTMEM	1	(register, 0x40, 1)		
instruction	CODE:77b4	CODE:77ef	POP 0x02	0	read	INTMEM	1	(register, 0x40, 1)		
instruction	CODE:77b4	CODE:77f1	POP 0x01	0	read	INTMEM	1	(register, 0x40, 1)		
instruction	CODE:77b4	CODE:77f3	POP 0x00	0	read	INTMEM	1	(register, 0x40, 1)		
instruction	CODE:77b4	CODE:77f5	POP PSW	0	read	INTMEM	1	(register, 0x40, 1)		
instruction	CODE:77b4	CODE:77f7	POP DPL	0	read	INTMEM	1	(register, 0x40, 1)		
instruction	CODE:77b4	CODE:77f9	POP DPH	0	read	INTMEM	1	(register, 0x40, 1)		
instruction	CODE:77b4	CODE:77fb	POP B	0	read	INTMEM	1	(register, 0x40, 1)		
instruction	CODE:77b4	CODE:77fd	POP A	0	read	INTMEM	1	(register, 0x40, 1)		
instruction	CODE:77b4	CODE:77ff	RETI	1	read	INTMEM	1	(register, 0x40, 1)		
instruction	CODE:77b4	CODE:77ff	RETI	3	read	INTMEM	1	(register, 0x40, 1)		
instruction	CODE:7800	CODE:7802	LCALL 0x974d	4	write	INTMEM	1	(register, 0x40, 1)		(unique, 0xb400, 1)
instruction	CODE:7800	CODE:7802	LCALL 0x974d	6	write	INTMEM	1	(register, 0x40, 1)		(unique, 0x1200, 1)
instruction	CODE:7800	CODE:7808	LCALL 0xae2a	4	write	INTMEM	1	(register, 0x40, 1)		(unique, 0xb400, 1)
instruction	CODE:7800	CODE:7808	LCALL 0xae2a	6	write	INTMEM	1	(register, 0x40, 1)		(unique, 0x1200, 1)
instruction	CODE:7800	CODE:780b	LCALL 0x8229	4	write	INTMEM	1	(register, 0x40, 1)		(unique, 0xb400, 1)
instruction	CODE:7800	CODE:780b	LCALL 0x8229	6	write	INTMEM	1	(register, 0x40, 1)		(unique, 0x1200, 1)
instruction	CODE:7800	CODE:7811	LCALL 0x4736	4	write	INTMEM	1	(register, 0x40, 1)		(unique, 0xb400, 1)
instruction	CODE:7800	CODE:7811	LCALL 0x4736	6	write	INTMEM	1	(register, 0x40, 1)		(unique, 0x1200, 1)
instruction	CODE:7800	CODE:7824	LCALL 0xa146	4	write	INTMEM	1	(register, 0x40, 1)		(unique, 0xb400, 1)
instruction	CODE:7800	CODE:7824	LCALL 0xa146	6	write	INTMEM	1	(register, 0x40, 1)		(unique, 0x1200, 1)
instruction	CODE:7800	CODE:782d	LCALL 0x974d	4	write	INTMEM	1	(register, 0x40, 1)		(unique, 0xb400, 1)
instruction	CODE:7800	CODE:782d	LCALL 0x974d	6	write	INTMEM	1	(register, 0x40, 1)		(unique, 0x1200, 1)
instruction	CODE:7800	CODE:7830	LCALL 0xad03	4	write	INTMEM	1	(register, 0x40, 1)		(unique, 0xb400, 1)
instruction	CODE:7800	CODE:7830	LCALL 0xad03	6	write	INTMEM	1	(register, 0x40, 1)		(unique, 0x1200, 1)
instruction	CODE:7800	CODE:7835	LCALL 0xacdd	4	write	INTMEM	1	(register, 0x40, 1)		(unique, 0xb400, 1)
instruction	CODE:7800	CODE:7835	LCALL 0xacdd	6	write	INTMEM	1	(register, 0x40, 1)		(unique, 0x1200, 1)
instruction	CODE:7800	CODE:7840	LCALL 0x974d	4	write	INTMEM	1	(register, 0x40, 1)		(unique, 0xb400, 1)
instruction	CODE:7800	CODE:7840	LCALL 0x974d	6	write	INTMEM	1	(register, 0x40, 1)		(unique, 0x1200, 1)
instruction	CODE:7800	CODE:7843	LCALL 0x4699	4	write	INTMEM	1	(register, 0x40, 1)		(unique, 0xb400, 1)
instruction	CODE:7800	CODE:7843	LCALL 0x4699	6	write	INTMEM	1	(register, 0x40, 1)		(unique, 0x1200, 1)
instruction	CODE:7800	CODE:7849	LCALL 0xad61	4	write	INTMEM	1	(register, 0x40, 1)		(unique, 0xb400, 1)
instruction	CODE:7800	CODE:7849	LCALL 0xad61	6	write	INTMEM	1	(register, 0x40, 1)		(unique, 0x1200, 1)
instruction	CODE:7800	CODE:784d	RET	1	read	INTMEM	1	(register, 0x40, 1)		
instruction	CODE:7800	CODE:784d	RET	3	read	INTMEM	1	(register, 0x40, 1)		
instruction	CODE:7800	CODE:784f	RET	1	read	INTMEM	1	(register, 0x40, 1)		
instruction	CODE:7800	CODE:784f	RET	3	read	INTMEM	1	(register, 0x40, 1)		
instruction	CODE:789f	CODE:78a2	MOV @R0,A	1	write	INTMEM	1	(register, 0x0, 1)		(unique, 0x2a00, 1)
instruction	CODE:789f	CODE:78a4	MOV @R0,A	1	write	INTMEM	1	(register, 0x0, 1)		(unique, 0x2a00, 1)
instruction	CODE:789f	CODE:78a6	MOV @R0,A	1	write	INTMEM	1	(register, 0x0, 1)		(unique, 0x2a00, 1)
instruction	CODE:789f	CODE:78aa	MOVX A,@DPTR	1	read	EXTMEM	1	(unique, 0x2800, 2)		
instruction	CODE:789f	CODE:78b0	MOVX A,@DPTR	1	read	EXTMEM	1	(unique, 0x2800, 2)		
instruction	CODE:789f	CODE:78b9	MOVX @DPTR,A	2	write	EXTMEM	1	(unique, 0x2800, 2)		(unique, 0x2900, 1)
instruction	CODE:789f	CODE:78bd	MOVX @DPTR,A	2	write	EXTMEM	1	(unique, 0x2800, 2)		(unique, 0x2900, 1)
instruction	CODE:789f	CODE:78c1	MOVX @DPTR,A	2	write	EXTMEM	1	(unique, 0x2800, 2)		(unique, 0x2900, 1)
instruction	CODE:789f	CODE:78c5	MOVX @DPTR,A	2	write	EXTMEM	1	(unique, 0x2800, 2)		(unique, 0x2900, 1)
instruction	CODE:789f	CODE:78c7	MOVX @DPTR,A	2	write	EXTMEM	1	(unique, 0x2800, 2)		(unique, 0x2900, 1)
instruction	CODE:789f	CODE:78c9	MOVX @DPTR,A	2	write	EXTMEM	1	(unique, 0x2800, 2)		(unique, 0x2900, 1)
instruction	CODE:789f	CODE:78cd	MOVX @DPTR,A	2	write	EXTMEM	1	(unique, 0x2800, 2)		(unique, 0x2900, 1)
instruction	CODE:789f	CODE:78cf	MOVX @DPTR,A	2	write	EXTMEM	1	(unique, 0x2800, 2)		(unique, 0x2900, 1)
instruction	CODE:789f	CODE:78d1	MOVX @DPTR,A	2	write	EXTMEM	1	(unique, 0x2800, 2)		(unique, 0x2900, 1)
instruction	CODE:789f	CODE:78d7	MOVX @DPTR,A	2	write	EXTMEM	1	(unique, 0x2800, 2)		(unique, 0x2900, 1)
instruction	CODE:789f	CODE:78db	MOVX @DPTR,A	2	write	EXTMEM	1	(unique, 0x2800, 2)		(unique, 0x2900, 1)
instruction	CODE:789f	CODE:78e0	MOVX @DPTR,A	2	write	EXTMEM	1	(unique, 0x2800, 2)		(unique, 0x2900, 1)
instruction	CODE:789f	CODE:78e2	MOVX @DPTR,A	2	write	EXTMEM	1	(unique, 0x2800, 2)		(unique, 0x2900, 1)
instruction	CODE:789f	CODE:78e8	MOVX @DPTR,A	2	write	EXTMEM	1	(unique, 0x2800, 2)		(unique, 0x2900, 1)
instruction	CODE:789f	CODE:78ec	MOVX @DPTR,A	2	write	EXTMEM	1	(unique, 0x2800, 2)		(unique, 0x2900, 1)
instruction	CODE:789f	CODE:78ed	RET	1	read	INTMEM	1	(register, 0x40, 1)		
instruction	CODE:789f	CODE:78ed	RET	3	read	INTMEM	1	(register, 0x40, 1)		
instruction	CODE:78ee	CODE:78ee	PUSH A	1	write	INTMEM	1	(register, 0x40, 1)		(register, 0xb, 1)
instruction	CODE:78ee	CODE:78f0	PUSH B	1	write	INTMEM	1	(register, 0x40, 1)		(register, 0xa, 1)
instruction	CODE:78ee	CODE:78f2	PUSH DPH	1	write	INTMEM	1	(register, 0x40, 1)		(register, 0x82, 1)
instruction	CODE:78ee	CODE:78f4	PUSH DPL	1	write	INTMEM	1	(register, 0x40, 1)		(register, 0x83, 1)
instruction	CODE:78ee	CODE:78f6	PUSH PSW	1	write	INTMEM	1	(register, 0x40, 1)		(register, 0x48, 1)
instruction	CODE:78ee	CODE:78fb	PUSH 0x00	1	write	INTMEM	1	(register, 0x40, 1)		mem[INTMEM:00]
instruction	CODE:78ee	CODE:78fd	PUSH 0x01	1	write	INTMEM	1	(register, 0x40, 1)		mem[INTMEM:01]
instruction	CODE:78ee	CODE:78ff	PUSH 0x02	1	write	INTMEM	1	(register, 0x40, 1)		mem[INTMEM:02]
instruction	CODE:78ee	CODE:7901	PUSH 0x03	1	write	INTMEM	1	(register, 0x40, 1)		mem[INTMEM:03]
instruction	CODE:78ee	CODE:7903	PUSH 0x04	1	write	INTMEM	1	(register, 0x40, 1)		mem[INTMEM:04]
instruction	CODE:78ee	CODE:7905	PUSH 0x05	1	write	INTMEM	1	(register, 0x40, 1)		mem[INTMEM:05]
instruction	CODE:78ee	CODE:7907	PUSH 0x06	1	write	INTMEM	1	(register, 0x40, 1)		mem[INTMEM:06]
instruction	CODE:78ee	CODE:7909	PUSH 0x07	1	write	INTMEM	1	(register, 0x40, 1)		mem[INTMEM:07]
instruction	CODE:78ee	CODE:7913	MOVX @DPTR,A	2	write	EXTMEM	1	(unique, 0x2800, 2)		(unique, 0x2900, 1)
instruction	CODE:78ee	CODE:7917	MOVX @DPTR,A	2	write	EXTMEM	1	(unique, 0x2800, 2)		(unique, 0x2900, 1)
instruction	CODE:78ee	CODE:791a	MOV @R0,#0x1	1	write	INTMEM	1	(register, 0x0, 1)		(unique, 0x2a00, 1)
instruction	CODE:78ee	CODE:791c	LCALL 0xa833	4	write	INTMEM	1	(register, 0x40, 1)		(unique, 0xb400, 1)
instruction	CODE:78ee	CODE:791c	LCALL 0xa833	6	write	INTMEM	1	(register, 0x40, 1)		(unique, 0x1200, 1)
instruction	CODE:78ee	CODE:791f	POP 0x07	0	read	INTMEM	1	(register, 0x40, 1)		
instruction	CODE:78ee	CODE:7921	POP 0x06	0	read	INTMEM	1	(register, 0x40, 1)		
instruction	CODE:78ee	CODE:7923	POP 0x05	0	read	INTMEM	1	(register, 0x40, 1)		
instruction	CODE:78ee	CODE:7925	POP 0x04	0	read	INTMEM	1	(register, 0x40, 1)		
instruction	CODE:78ee	CODE:7927	POP 0x03	0	read	INTMEM	1	(register, 0x40, 1)		
instruction	CODE:78ee	CODE:7929	POP 0x02	0	read	INTMEM	1	(register, 0x40, 1)		
instruction	CODE:78ee	CODE:792b	POP 0x01	0	read	INTMEM	1	(register, 0x40, 1)		
instruction	CODE:78ee	CODE:792d	POP 0x00	0	read	INTMEM	1	(register, 0x40, 1)		
instruction	CODE:78ee	CODE:792f	POP PSW	0	read	INTMEM	1	(register, 0x40, 1)		
instruction	CODE:78ee	CODE:7931	POP DPL	0	read	INTMEM	1	(register, 0x40, 1)		
instruction	CODE:78ee	CODE:7933	POP DPH	0	read	INTMEM	1	(register, 0x40, 1)		
instruction	CODE:78ee	CODE:7935	POP B	0	read	INTMEM	1	(register, 0x40, 1)		
instruction	CODE:78ee	CODE:7937	POP A	0	read	INTMEM	1	(register, 0x40, 1)		
instruction	CODE:78ee	CODE:7939	RETI	1	read	INTMEM	1	(register, 0x40, 1)		
instruction	CODE:78ee	CODE:7939	RETI	3	read	INTMEM	1	(register, 0x40, 1)		
instruction	CODE:793a	CODE:7948	MOVX A,@DPTR	1	read	EXTMEM	1	(unique, 0x2800, 2)		
instruction	CODE:793a	CODE:794c	MOVX @DPTR,A	2	write	EXTMEM	1	(unique, 0x2800, 2)		(unique, 0x2900, 1)
instruction	CODE:793a	CODE:795c	MOVX @DPTR,A	2	write	EXTMEM	1	(unique, 0x2800, 2)		(unique, 0x2900, 1)
instruction	CODE:793a	CODE:7964	MOVX @DPTR,A	2	write	EXTMEM	1	(unique, 0x2800, 2)		(unique, 0x2900, 1)
instruction	CODE:793a	CODE:7967	LCALL 0xa7b8	4	write	INTMEM	1	(register, 0x40, 1)		(unique, 0xb400, 1)
instruction	CODE:793a	CODE:7967	LCALL 0xa7b8	6	write	INTMEM	1	(register, 0x40, 1)		(unique, 0x1200, 1)
instruction	CODE:793a	CODE:796a	LCALL 0x5db7	4	write	INTMEM	1	(register, 0x40, 1)		(unique, 0xb400, 1)
instruction	CODE:793a	CODE:796a	LCALL 0x5db7	6	write	INTMEM	1	(register, 0x40, 1)		(unique, 0x1200, 1)
instruction	CODE:793a	CODE:796f	LCALL 0x9e99	4	write	INTMEM	1	(register, 0x40, 1)		(unique, 0xb400, 1)
instruction	CODE:793a	CODE:796f	LCALL 0x9e99	6	write	INTMEM	1	(register, 0x40, 1)		(unique, 0x1200, 1)
instruction	CODE:793a	CODE:7972	LCALL 0x89b2	4	write	INTMEM	1	(register, 0x40, 1)		(unique, 0xb400, 1)
instruction	CODE:793a	CODE:7972	LCALL 0x89b2	6	write	INTMEM	1	(register, 0x40, 1)		(unique, 0x1200, 1)
instruction	CODE:793a	CODE:7978	MOVX A,@DPTR	1	read	EXTMEM	1	(unique, 0x2800, 2)		
instruction	CODE:793a	CODE:797b	MOVX A,@DPTR	1	read	EXTMEM	1	(unique, 0x2800, 2)		
instruction	CODE:793a	CODE:797d	LCALL 0x843b	4	write	INTMEM	1	(register, 0x40, 1)		(unique, 0xb400, 1)
instruction	CODE:793a	CODE:797d	LCALL 0x843b	6	write	INTMEM	1	(register, 0x40, 1)		(unique, 0x1200, 1)
instruction	CODE:793a	CODE:7980	LCALL 0x104e	4	write	INTMEM	1	(register, 0x40, 1)		(unique, 0xb400, 1)
instruction	CODE:793a	CODE:7980	LCALL 0x104e	6	write	INTMEM	1	(register, 0x40, 1)		(unique, 0x1200, 1)
instruction	CODE:7985	CODE:7987	LCALL 0xa68c	4	write	INTMEM	1	(register, 0x40, 1)		(unique, 0xb400, 1)
instruction	CODE:7985	CODE:7987	LCALL 0xa68c	6	write	INTMEM	1	(register, 0x40, 1)		(unique, 0x1200, 1)
instruction	CODE:7985	CODE:798e	MOV A,@R0	0	read	INTMEM	1	(register, 0x0, 1)		
instruction	CODE:7985	CODE:7998	MOV A,@R0	0	read	INTMEM	1	(register, 0x0, 1)		
instruction	CODE:7985	CODE:79a6	LCALL 0x9ba3	4	write	INTMEM	1	(register, 0x40, 1)		(unique, 0xb400, 1)
instruction	CODE:7985	CODE:79a6	LCALL 0x9ba3	6	write	INTMEM	1	(register, 0x40, 1)		(unique, 0x1200, 1)
instruction	CODE:7985	CODE:79a9	LCALL 0x58e1	4	write	INTMEM	1	(register, 0x40, 1)		(unique, 0xb400, 1)
instruction	CODE:7985	CODE:79a9	LCALL 0x58e1	6	write	INTMEM	1	(register, 0x40, 1)		(unique, 0x1200, 1)
instruction	CODE:7985	CODE:79ae	MOV A,@R0	0	read	INTMEM	1	(register, 0x0, 1)		
instruction	CODE:7985	CODE:79b4	LCALL 0xa223	4	write	INTMEM	1	(register, 0x40, 1)		(unique, 0xb400, 1)
instruction	CODE:7985	CODE:79b4	LCALL 0xa223	6	write	INTMEM	1	(register, 0x40, 1)		(unique, 0x1200, 1)
instruction	CODE:7985	CODE:79b9	LCALL 0xa22f	4	write	INTMEM	1	(register, 0x40, 1)		(unique, 0xb400, 1)
instruction	CODE:7985	CODE:79b9	LCALL 0xa22f	6	write	INTMEM	1	(register, 0x40, 1)		(unique, 0x1200, 1)
instruction	CODE:7985	CODE:79c0	LCALL 0xa607	4	write	INTMEM	1	(register, 0x40, 1)		(unique, 0xb400, 1)
instruction	CODE:7985	CODE:79c0	LCALL 0xa607	6	write	INTMEM	1	(register, 0x40, 1)		(unique, 0x1200, 1)
instruction	CODE:7985	CODE:79c7	LCALL 0xa64d	4	write	INTMEM	1	(register, 0x40, 1)		(unique, 0xb400, 1)
instruction	CODE:7985	CODE:79c7	LCALL 0xa64d	6	write	INTMEM	1	(register, 0x40, 1)		(unique, 0x1200, 1)
instruction	CODE:7985	CODE:79cc	RET	1	read	INTMEM	1	(register, 0x40, 1)		
instruction	CODE:7985	CODE:79cc	RET	3	read	INTMEM	1	(register, 0x40, 1)		
instruction	CODE:7985	CODE:79cf	RET	1	read	INTMEM	1	(register, 0x40, 1)		
instruction	CODE:7985	CODE:79cf	RET	3	read	INTMEM	1	(register, 0x40, 1)		
instruction	CODE:79d0	CODE:79d4	MOVX @DPTR,A	2	write	EXTMEM	1	(unique, 0x2800, 2)		(unique, 0x2900, 1)
instruction	CODE:79d0	CODE:79d7	MOVX @DPTR,A	2	write	EXTMEM	1	(unique, 0x2800, 2)		(unique, 0x2900, 1)
instruction	CODE:79d0	CODE:79da	MOVX @DPTR,A	2	write	EXTMEM	1	(unique, 0x2800, 2)		(unique, 0x2900, 1)
instruction	CODE:79d0	CODE:79dd	MOVX @DPTR,A	2	write	EXTMEM	1	(unique, 0x2800, 2)		(unique, 0x2900, 1)
instruction	CODE:79d0	CODE:79e2	LCALL 0xa3e8	4	write	INTMEM	1	(register, 0x40, 1)		(unique, 0xb400, 1)
instruction	CODE:79d0	CODE:79e2	LCALL 0xa3e8	6	write	INTMEM	1	(register, 0x40, 1)		(unique, 0x1200, 1)
instruction	CODE:79d0	CODE:79e5	LCALL 0xad55	4	write	INTMEM	1	(register, 0x40, 1)		(unique, 0xb400, 1)
instruction	CODE:79d0	CODE:79e5	LCALL 0xad55	6	write	INTMEM	1	(register, 0x40, 1)		(unique, 0x1200, 1)
instruction	CODE:79d0	CODE:79eb	MOVX A,@DPTR	1	read	EXTMEM	1	(unique, 0x2800, 2)		
instruction	CODE:79d0	CODE:79ee	MOVX A,@DPTR	1	read	EXTMEM	1	(unique, 0x2800, 2)		
instruction	CODE:79d0	CODE:79f3	LCALL 0xaba2	4	write	INTMEM	1	(register, 0x40, 1)		(unique, 0xb400, 1)
instruction	CODE:79d0	CODE:79f3	LCALL 0xaba2	6	write	INTMEM	1	(register, 0x40, 1)		(unique, 0x1200, 1)
instruction	CODE:79d0	CODE:79f6	LCALL 0xa3e5	4	write	INTMEM	1	(register, 0x40, 1)		(unique, 0xb400, 1)
instruction	CODE:79d0	CODE:79f6	LCALL 0xa3e5	6	write	INTMEM	1	(register, 0x40, 1)		(unique, 0x1200, 1)
instruction	CODE:79d0	CODE:79f9	LCALL 0xad49	4	write	INTMEM	1	(register, 0x40, 1)		(unique, 0xb400, 1)
instruction	CODE:79d0	CODE:79f9	LCALL 0xad49	6	write	INTMEM	1	(register, 0x40, 1)		(unique, 0x1200, 1)
instruction	CODE:7a1a	CODE:7a1e	LCALL 0xa1f3	4	write	INTMEM	1	(register, 0x40, 1)		(unique, 0xb400, 1)
instruction	CODE:7a1a	CODE:7a1e	LCALL 0xa1f3	6	write	INTMEM	1	(register, 0x40, 1)		(unique, 0x1200, 1)
instruction	CODE:7a1a	CODE:7a23	LCALL 0xa335	4	write	INTMEM	1	(register, 0x40, 1)		(unique, 0xb400, 1)
instruction	CODE:7a1a	CODE:7a23	LCALL 0xa335	6	write	INTMEM	1	(register, 0x40, 1)		(unique, 0x1200, 1)
instruction	CODE:7a1a	CODE:7a28	LCALL 0xa6eb	4	write	INTMEM	1	(register, 0x40, 1)		(unique, 0xb400, 1)
instruction	CODE:7a1a	CODE:7a28	LCALL 0xa6eb	6	write	INTMEM	1	(register, 0x40, 1)		(unique, 0x1200, 1)
instruction	CODE:7a1a	CODE:7a3f	LCALL 0x7763	4	write	INTMEM	1	(register, 0x40, 1)		(unique, 0xb400, 1)
instruction	CODE:7a1a	CODE:7a3f	LCALL 0x7763	6	write	INTMEM	1	(register, 0x40, 1)		(unique, 0x1200, 1)
instruction	CODE:7a1a	CODE:7a46	MOVX @DPTR,A	2	write	EXTMEM	1	(unique, 0x2800, 2)		(unique, 0x2900, 1)
instruction	CODE:7a1a	CODE:7a49	MOVX @DPTR,A	2	write	EXTMEM	1	(unique, 0x2800, 2)		(unique, 0x2900, 1)
instruction	CODE:7a1a	CODE:7a50	LCALL 0x7763	4	write	INTMEM	1	(register, 0x40, 1)		(unique, 0xb400, 1)
instruction	CODE:7a1a	CODE:7a50	LCALL 0x7763	6	write	INTMEM	1	(register, 0x40, 1)		(unique, 0x1200, 1)
instruction	CODE:7a1a	CODE:7a5a	MOVX A,@DPTR	1	read	EXTMEM	1	(unique, 0x2800, 2)		
instruction	CODE:7a1a	CODE:7a5d	MOVX A,@DPTR	1	read	EXTMEM	1	(unique, 0x2800, 2)		
instruction	CODE:7a62	CODE:7a64	MOV A,@R0	0	read	INTMEM	1	(register, 0x0, 1)		
instruction	CODE:7a62	CODE:7a6f	MOVX A,@DPTR	1	read	EXTMEM	1	(unique, 0x2800, 2)		
instruction	CODE:7a62	CODE:7a71	MOVX @DPTR,A	2	write	EXTMEM	1	(unique, 0x2800, 2)		(unique, 0x2900, 1)
instruction	CODE:7a62	CODE:7a82	MOVX @DPTR,A	2	write	EXTMEM	1	(unique, 0x2800, 2)		(unique, 0x2900, 1)
instruction	CODE:7a62	CODE:7a83	LCALL 0x959b	4	write	INTMEM	1	(register, 0x40, 1)		(unique, 0xb400, 1)
instruction	CODE:7a62	CODE:7a83	LCALL 0x959b	6	write	INTMEM	1	(register, 0x40, 1)		(unique, 0x1200, 1)
instruction	CODE:7a62	CODE:7a88	MOV A,@R0	0	read	INTMEM	1	(register, 0x0, 1)		
instruction	CODE:7a62	CODE:7a8d	LCALL 0x1e41	4	write	INTMEM	1	(register, 0x40, 1)		(unique, 0xb400, 1)
instruction	CODE:7a62	CODE:7a8d	LCALL 0x1e41	6	write	INTMEM	1	(register, 0x40, 1)		(unique, 0x1200, 1)
instruction	CODE:7a62	CODE:7a90	LCALL 0x10ae	4	write	INTMEM	1	(register, 0x40, 1)		(unique, 0xb400, 1)
instruction	CODE:7a62	CODE:7a90	LCALL 0x10ae	6	write	INTMEM	1	(register, 0x40, 1)		(unique, 0x1200, 1)
instruction	CODE:7a62	CODE:7a95	MOV A,@R0	0	read	INTMEM	1	(register, 0x0, 1)		
instruction	CODE:7a62	CODE:7aa2	MOVX @DPTR,A	2	write	EXTMEM	1	(unique, 0x2800, 2)		(unique, 0x2900, 1)
instruction	CODE:7a62	CODE:7aa5	MOVX @DPTR,A	2	write	EXTMEM	1	(unique, 0x2800, 2)		(unique, 0x2900, 1)
instruction	CODE:7a62	CODE:7aa7	RET	1	read	INTMEM	1	(register, 0x40, 1)		
instruction	CODE:7a62	CODE:7aa7	RET	3	read	INTMEM	1	(register, 0x40, 1)		
instruction	CODE:7a62	CODE:7aa9	RET	1	read	INTMEM	1	(register, 0x40, 1)		
instruction	CODE:7a62	CODE:7aa9	RET	3	read	INTMEM	1	(register, 0x40, 1)		
instruction	CODE:7aaa	CODE:7aaf	MOVX @DPTR,A	2	write	EXTMEM	1	(unique, 0x2800, 2)		(unique, 0x2900, 1)
instruction	CODE:7aaa	CODE:7ab3	MOVX @DPTR,A	2	write	EXTMEM	1	(unique, 0x2800, 2)		(unique, 0x2900, 1)
instruction	CODE:7aaa	CODE:7ab7	MOVX @DPTR,A	2	write	EXTMEM	1	(unique, 0x2800, 2)		(unique, 0x2900, 1)
instruction	CODE:7aaa	CODE:7abc	MOVX @DPTR,A	2	write	EXTMEM	1	(unique, 0x2800, 2)		(unique, 0x2900, 1)
instruction	CODE:7aaa	CODE:7ac2	MOVX @DPTR,A	2	write	EXTMEM	1	(unique, 0x2800, 2)		(unique, 0x2900, 1)
instruction	CODE:7aaa	CODE:7ac6	MOVX @DPTR,A	2	write	EXTMEM	1	(unique, 0x2800, 2)		(unique, 0x2900, 1)
instruction	CODE:7aaa	CODE:7aca	MOVX @DPTR,A	2	write	EXTMEM	1	(unique, 0x2800, 2)		(unique, 0x2900, 1)
instruction	CODE:7aaa	CODE:7ad0	MOVX @DPTR,A	2	write	EXTMEM	1	(unique, 0x2800, 2)		(unique, 0x2900, 1)
instruction	CODE:7aaa	CODE:7ad5	MOVX @DPTR,A	2	write	EXTMEM	1	(unique, 0x2800, 2)		(unique, 0x2900, 1)
instruction	CODE:7aaa	CODE:7ad9	MOVX @DPTR,A	2	write	EXTMEM	1	(unique, 0x2800, 2)		(unique, 0x2900, 1)
instruction	CODE:7aaa	CODE:7add	MOVX @DPTR,A	2	write	EXTMEM	1	(unique, 0x2800, 2)		(unique, 0x2900, 1)
instruction	CODE:7aaa	CODE:7ae2	MOVX @DPTR,A	2	write	EXTMEM	1	(unique, 0x2800, 2)		(unique, 0x2900, 1)
instruction	CODE:7aaa	CODE:7af0	MOVX @DPTR,A	2	write	EXTMEM	1	(unique, 0x2800, 2)		(unique, 0x2900, 1)
instruction	CODE:7aaa	CODE:7af1	RET	1	read	INTMEM	1	(register, 0x40, 1)		
instruction	CODE:7aaa	CODE:7af1	RET	3	read	INTMEM	1	(register, 0x40, 1)		
instruction	CODE:7af2	CODE:7af6	MOVX @DPTR,A	2	write	EXTMEM	1	(unique, 0x2800, 2)		(unique, 0x2900, 1)
instruction	CODE:7af2	CODE:7af9	MOVX @DPTR,A	2	write	EXTMEM	1	(unique, 0x2800, 2)		(unique, 0x2900, 1)
instruction	CODE:7af2	CODE:7afc	MOV A,@R0	0	read	INTMEM	1	(register, 0x0, 1)		
instruction	CODE:7af2	CODE:7b0e	LCALL 0xa94d	4	write	INTMEM	1	(register, 0x40, 1)		(unique, 0xb400, 1)
instruction	CODE:7af2	CODE:7b0e	LCALL 0xa94d	6	write	INTMEM	1	(register, 0x40, 1)		(unique, 0x1200, 1)
instruction	CODE:7af2	CODE:7b16	LCALL 0xa94d	4	write	INTMEM	1	(register, 0x40, 1)		(unique, 0xb400, 1)
instruction	CODE:7af2	CODE:7b16	LCALL 0xa94d	6	write	INTMEM	1	(register, 0x40, 1)		(unique, 0x1200, 1)
instruction	CODE:7af2	CODE:7b1f	MOVX A,@DPTR	1	read	EXTMEM	1	(unique, 0x2800, 2)		
instruction	CODE:7af2	CODE:7b22	MOVX @DPTR,A	2	write	EXTMEM	1	(unique, 0x2800, 2)		(unique, 0x2900, 1)
instruction	CODE:7af2	CODE:7b26	MOVX A,@DPTR	1	read	EXTMEM	1	(unique, 0x2800, 2)		
instruction	CODE:7af2	CODE:7b29	MOVX @DPTR,A	2	write	EXTMEM	1	(unique, 0x2800, 2)		(unique, 0x2900, 1)
instruction	CODE:7af2	CODE:7b2d	MOVX A,@DPTR	1	read	EXTMEM	1	(unique, 0x2800, 2)		
instruction	CODE:7af2	CODE:7b30	MOVX A,@DPTR	1	read	EXTMEM	1	(unique, 0x2800, 2)		
instruction	CODE:7b3a	CODE:7b3c	MOV A,@R0	0	read	INTMEM	1	(register, 0x0, 1)		
instruction	CODE:7b3a	CODE:7b43	MOV A,@R0	0	read	INTMEM	1	(register, 0x0, 1)		
instruction	CODE:7b3a	CODE:7b4e	MOV A,@R0	0	read	INTMEM	1	(register, 0x0, 1)		
instruction	CODE:7b3a	CODE:7b57	LCALL 0x9ba3	4	write	INTMEM	1	(register, 0x40, 1)		(unique, 0xb400, 1)
instruction	CODE:7b3a	CODE:7b57	LCALL 0x9ba3	6	write	INTMEM	1	(register, 0x40, 1)		(unique, 0x1200, 1)
instruction	CODE:7b3a	CODE:7b5c	LCALL 0xa223	4	write	INTMEM	1	(register, 0x40, 1)		(unique, 0xb400, 1)
instruction	CODE:7b3a	CODE:7b5c	LCALL 0xa223	6	write	INTMEM	1	(register, 0x40, 1)		(unique, 0x1200, 1)
instruction	CODE:7b3a	CODE:7b63	LCALL 0x9ba3	4	write	INTMEM	1	(register, 0x40, 1)		(unique, 0xb400, 1)
instruction	CODE:7b3a	CODE:7b63	LCALL 0x9ba3	6	write	INTMEM	1	(register, 0x40, 1)		(unique, 0x1200, 1)
instruction	CODE:7b3a	CODE:7b68	LCALL 0xa0cb	4	write	INTMEM	1	(register, 0x40, 1)		(unique, 0xb400, 1)
instruction	CODE:7b3a	CODE:7b68	LCALL 0xa0cb	6	write	INTMEM	1	(register, 0x40, 1)		(unique, 0x1200, 1)
instruction	CODE:7b3a	CODE:7b6f	MOV A,@R0	0	read	INTMEM	1	(register, 0x0, 1)		
instruction	CODE:7b3a	CODE:7b79	LCALL 0xa63f	4	write	INTMEM	1	(register, 0x40, 1)		(unique, 0xb400, 1)
instruction	CODE:7b3a	CODE:7b79	LCALL 0xa63f	6	write	INTMEM	1	(register, 0x40, 1)		(unique, 0x1200, 1)
instruction	CODE:7b3a	CODE:7b7e	RET	1	read	INTMEM	1	(register, 0x40, 1)		
instruction	CODE:7b3a	CODE:7b7e	RET	3	read	INTMEM	1	(register, 0x40, 1)		
instruction	CODE:7b3a	CODE:7b81	RET	1	read	INTMEM	1	(register, 0x40, 1)		
instruction	CODE:7b3a	CODE:7b81	RET	3	read	INTMEM	1	(register, 0x40, 1)		
instruction	CODE:7b82	CODE:7b82	LCALL 0x9f29	4	write	INTMEM	1	(register, 0x40, 1)		(unique, 0xb400, 1)
instruction	CODE:7b82	CODE:7b82	LCALL 0x9f29	6	write	INTMEM	1	(register, 0x40, 1)		(unique, 0x1200, 1)
instruction	CODE:7b82	CODE:7b88	LCALL 0x6258	4	write	INTMEM	1	(register, 0x40, 1)		(unique, 0xb400, 1)
instruction	CODE:7b82	CODE:7b88	LCALL 0x6258	6	write	INTMEM	1	(register, 0x40, 1)		(unique, 0x1200, 1)
instruction	CODE:7b82	CODE:7b8e	MOVX @DPTR,A	2	write	EXTMEM	1	(unique, 0x2800, 2)		(unique, 0x2900, 1)
instruction	CODE:7b82	CODE:7b90	MOVX @DPTR,A	2	write	EXTMEM	1	(unique, 0x2800, 2)		(unique, 0x2900, 1)
instruction	CODE:7b82	CODE:7b91	LCALL 0x9cb7	4	write	INTMEM	1	(register, 0x40, 1)		(unique, 0xb400, 1)
instruction	CODE:7b82	CODE:7b91	LCALL 0x9cb7	6	write	INTMEM	1	(register, 0x40, 1)		(unique, 0x1200, 1)
instruction	CODE:7b82	CODE:7b97	MOVX A,@DPTR	1	read	EXTMEM	1	(unique, 0x2800, 2)		
instruction	CODE:7b82	CODE:7ba8	LCALL 0x8ef3	4	write	INTMEM	1	(register, 0x40, 1)		(unique, 0xb400, 1)
instruction	CODE:7b82	CODE:7ba8	LCALL 0x8ef3	6	write	INTMEM	1	(register, 0x40, 1)		(unique, 0x1200, 1)
instruction	CODE:7b82	CODE:7bab	LCALL 0x9c57	4	write	INTMEM	1	(register, 0x40, 1)		(unique, 0xb400, 1)
instruction	CODE:7b82	CODE:7bab	LCALL 0x9c57	6	write	INTMEM	1	(register, 0x40, 1)		(unique, 0x1200, 1)
instruction	CODE:7b82	CODE:7bb0	LCALL 0x2ed4	4	write	INTMEM	1	(register, 0x40, 1)		(unique, 0xb400, 1)
instruction	CODE:7b82	CODE:7bb0	LCALL 0x2ed4	6	write	INTMEM	1	(register, 0x40, 1)		(unique, 0x1200, 1)
instruction	CODE:7b82	CODE:7bb5	LCALL 0xa103	4	write	INTMEM	1	(register, 0x40, 1)		(unique, 0xb400, 1)
instruction	CODE:7b82	CODE:7bb5	LCALL 0xa103	6	write	INTMEM	1	(register, 0x40, 1)		(unique, 0x1200, 1)
instruction	CODE:7b82	CODE:7bba	LCALL 0x93db	4	write	INTMEM	1	(register, 0x40, 1)		(unique, 0xb400, 1)
instruction	CODE:7b82	CODE:7bba	LCALL 0x93db	6	write	INTMEM	1	(register, 0x40, 1)		(unique, 0x1200, 1)
instruction	CODE:7b82	CODE:7bc1	MOVX @DPTR,A	2	write	EXTMEM	1	(unique, 0x2800, 2)		(unique, 0x2900, 1)
instruction	CODE:7b82	CODE:7bc5	MOVX A,@DPTR	1	read	EXTMEM	1	(unique, 0x2800, 2)		
instruction	CODE:7bca	CODE:7bce	MOVX @DPTR,A	2	write	EXTMEM	1	(unique, 0x2800, 2)		(unique, 0x2900, 1)
instruction	CODE:7bca	CODE:7bde	LCALL 0x87aa	4	write	INTMEM	1	(register, 0x40, 1)		(unique, 0xb400, 1)
instruction	CODE:7bca	CODE:7bde	LCALL 0x87aa	6	write	INTMEM	1	(register, 0x40, 1)		(unique, 0x1200, 1)
instruction	CODE:7bca	CODE:7be4	MOVX A,@DPTR	1	read	EXTMEM	1	(unique, 0x2800, 2)		
instruction	CODE:7bca	CODE:7be9	LCALL 0x9436	4	write	INTMEM	1	(register, 0x40, 1)		(unique, 0xb400, 1)
instruction	CODE:7bca	CODE:7be9	LCALL 0x9436	6	write	INTMEM	1	(register, 0x40, 1)		(unique, 0x1200, 1)
instruction	CODE:7bca	CODE:7bee	MOV A,@R0	0	read	INTMEM	1	(register, 0x0, 1)		
instruction	CODE:7bca	CODE:7bf0	LCALL 0xa139	4	write	INTMEM	1	(register, 0x40, 1)		(unique, 0xb400, 1)
instruction	CODE:7bca	CODE:7bf0	LCALL 0xa139	6	write	INTMEM	1	(register, 0x40, 1)		(unique, 0x1200, 1)
instruction	CODE:7bca	CODE:7bf5	LCALL 0xa521	4	write	INTMEM	1	(register, 0x40, 1)		(unique, 0xb400, 1)
instruction	CODE:7bca	CODE:7bf5	LCALL 0xa521	6	write	INTMEM	1	(register, 0x40, 1)		(unique, 0x1200, 1)
instruction	CODE:7bca	CODE:7bfb	LCALL 0x9bf3	4	write	INTMEM	1	(register, 0x40, 1)		(unique, 0xb400, 1)
instruction	CODE:7bca	CODE:7bfb	LCALL 0x9bf3	6	write	INTMEM	1	(register, 0x40, 1)		(unique, 0x1200, 1)
instruction	CODE:7bca	CODE:7c06	LCALL 0x87aa	4	write	INTMEM	1	(register, 0x40, 1)		(unique, 0xb400, 1)
instruction	CODE:7bca	CODE:7c06	LCALL 0x87aa	6	write	INTMEM	1	(register, 0x40, 1)		(unique, 0x1200, 1)
instruction	CODE:7bca	CODE:7c0d	LCALL 0xa638	4	write	INTMEM	1	(register, 0x40, 1)		(unique, 0xb400, 1)
instruction	CODE:7bca	CODE:7c0d	LCALL 0xa638	6	write	INTMEM	1	(register, 0x40, 1)		(unique, 0x1200, 1)
instruction	CODE:7bca	CODE:7c10	RET	1	read	INTMEM	1	(register, 0x40, 1)		
instruction	CODE:7bca	CODE:7c10	RET	3	read	INTMEM	1	(register, 0x40, 1)		
instruction	CODE:7c14	CODE:7c17	MOVX A,@DPTR	1	read	EXTMEM	1	(unique, 0x2800, 2)		
instruction	CODE:7c14	CODE:7c1a	MOVX @DPTR,A	2	write	EXTMEM	1	(unique, 0x2800, 2)		(unique, 0x2900, 1)
instruction	CODE:7c14	CODE:7c1d	RET	1	read	INTMEM	1	(register, 0x40, 1)		
instruction	CODE:7c14	CODE:7c1d	RET	3	read	INTMEM	1	(register, 0x40, 1)		
instruction	CODE:7c57	CODE:7c57	LCALL 0x50c8	4	write	INTMEM	1	(register, 0x40, 1)		(unique, 0xb400, 1)
instruction	CODE:7c57	CODE:7c57	LCALL 0x50c8	6	write	INTMEM	1	(register, 0x40, 1)		(unique, 0x1200, 1)
instruction	CODE:7c57	CODE:7c5a	LCALL 0xa335	4	write	INTMEM	1	(register, 0x40, 1)		(unique, 0xb400, 1)
instruction	CODE:7c57	CODE:7c5a	LCALL 0xa335	6	write	INTMEM	1	(register, 0x40, 1)		(unique, 0x1200, 1)
instruction	CODE:7c57	CODE:7c63	MOV A,@R0	0	read	INTMEM	1	(register, 0x0, 1)		
instruction	CODE:7c57	CODE:7c72	LCALL 0x50c8	4	write	INTMEM	1	(register, 0x40, 1)		(unique, 0xb400, 1)
instruction	CODE:7c57	CODE:7c72	LCALL 0x50c8	6	write	INTMEM	1	(register, 0x40, 1)		(unique, 0x1200, 1)
instruction	CODE:7c57	CODE:7c7c	MOVX @DPTR,A	2	write	EXTMEM	1	(unique, 0x2800, 2)		(unique, 0x2900, 1)
instruction	CODE:7c57	CODE:7c80	MOVX @DPTR,A	2	write	EXTMEM	1	(unique, 0x2800, 2)		(unique, 0x2900, 1)
instruction	CODE:7c57	CODE:7c88	MOVX @DPTR,A	2	write	EXTMEM	1	(unique, 0x2800, 2)		(unique, 0x2900, 1)
instruction	CODE:7c57	CODE:7c8c	MOVX @DPTR,A	2	write	EXTMEM	1	(unique, 0x2800, 2)		(unique, 0x2900, 1)
instruction	CODE:7c57	CODE:7c90	MOVX A,@DPTR	1	read	EXTMEM	1	(unique, 0x2800, 2)		
instruction	CODE:7c57	CODE:7c93	MOVX A,@DPTR	1	read	EXTMEM	1	(unique, 0x2800, 2)		
instruction	unassigned	CODE:7ccf	LCALL 0xab49	4	write	INTMEM	1	(register, 0x40, 1)		(unique, 0xb400, 1)
instruction	unassigned	CODE:7ccf	LCALL 0xab49	6	write	INTMEM	1	(register, 0x40, 1)		(unique, 0x1200, 1)
instruction	unassigned	CODE:7cd5	LCALL 0xadf3	4	write	INTMEM	1	(register, 0x40, 1)		(unique, 0xb400, 1)
instruction	unassigned	CODE:7cd5	LCALL 0xadf3	6	write	INTMEM	1	(register, 0x40, 1)		(unique, 0x1200, 1)
instruction	CODE:7ce1	CODE:7ce1	LCALL 0x33d6	4	write	INTMEM	1	(register, 0x40, 1)		(unique, 0xb400, 1)
instruction	CODE:7ce1	CODE:7ce1	LCALL 0x33d6	6	write	INTMEM	1	(register, 0x40, 1)		(unique, 0x1200, 1)
instruction	CODE:7ce1	CODE:7ce4	LCALL 0x33ef	4	write	INTMEM	1	(register, 0x40, 1)		(unique, 0xb400, 1)
instruction	CODE:7ce1	CODE:7ce4	LCALL 0x33ef	6	write	INTMEM	1	(register, 0x40, 1)		(unique, 0x1200, 1)
instruction	CODE:7ce1	CODE:7ceb	RET	1	read	INTMEM	1	(register, 0x40, 1)		
instruction	CODE:7ce1	CODE:7ceb	RET	3	read	INTMEM	1	(register, 0x40, 1)		
instruction	CODE:7ce1	CODE:7cf0	LCALL 0x9a23	4	write	INTMEM	1	(register, 0x40, 1)		(unique, 0xb400, 1)
instruction	CODE:7ce1	CODE:7cf0	LCALL 0x9a23	6	write	INTMEM	1	(register, 0x40, 1)		(unique, 0x1200, 1)
instruction	CODE:7ce1	CODE:7cf5	LCALL 0x343f	4	write	INTMEM	1	(register, 0x40, 1)		(unique, 0xb400, 1)
instruction	CODE:7ce1	CODE:7cf5	LCALL 0x343f	6	write	INTMEM	1	(register, 0x40, 1)		(unique, 0x1200, 1)
instruction	CODE:7ce1	CODE:7cf9	MOVX @DPTR,A	2	write	EXTMEM	1	(unique, 0x2800, 2)		(unique, 0x2900, 1)
instruction	CODE:7ce1	CODE:7cfa	LCALL 0x9c1b	4	write	INTMEM	1	(register, 0x40, 1)		(unique, 0xb400, 1)
instruction	CODE:7ce1	CODE:7cfa	LCALL 0x9c1b	6	write	INTMEM	1	(register, 0x40, 1)		(unique, 0x1200, 1)
instruction	CODE:7ce1	CODE:7cff	MOV A,@R0	0	read	INTMEM	1	(register, 0x0, 1)		
instruction	CODE:7ce1	CODE:7d03	LCALL 0x33f5	4	write	INTMEM	1	(register, 0x40, 1)		(unique, 0xb400, 1)
instruction	CODE:7ce1	CODE:7d03	LCALL 0x33f5	6	write	INTMEM	1	(register, 0x40, 1)		(unique, 0x1200, 1)
instruction	CODE:7ce1	CODE:7d07	MOVX @DPTR,A	2	write	EXTMEM	1	(unique, 0x2800, 2)		(unique, 0x2900, 1)
instruction	CODE:7ce1	CODE:7d08	LCALL 0x33d6	4	write	INTMEM	1	(register, 0x40, 1)		(unique, 0xb400, 1)
instruction	CODE:7ce1	CODE:7d08	LCALL 0x33d6	6	write	INTMEM	1	(register, 0x40, 1)		(unique, 0x1200, 1)
instruction	CODE:7ce1	CODE:7d0e	LCALL 0x33e2	4	write	INTMEM	1	(register, 0x40, 1)		(unique, 0xb400, 1)
instruction	CODE:7ce1	CODE:7d0e	LCALL 0x33e2	6	write	INTMEM	1	(register, 0x40, 1)		(unique, 0x1200, 1)
instruction	CODE:7ce1	CODE:7d13	LCALL 0x33d3	4	write	INTMEM	1	(register, 0x40, 1)		(unique, 0xb400, 1)
instruction	CODE:7ce1	CODE:7d13	LCALL 0x33d3	6	write	INTMEM	1	(register, 0x40, 1)		(unique, 0x1200, 1)
instruction	CODE:7ce1	CODE:7d16	LCALL 0x33df	4	write	INTMEM	1	(register, 0x40, 1)		(unique, 0xb400, 1)
instruction	CODE:7ce1	CODE:7d16	LCALL 0x33df	6	write	INTMEM	1	(register, 0x40, 1)		(unique, 0x1200, 1)
instruction	CODE:7ce1	CODE:7d1b	LCALL 0x3439	4	write	INTMEM	1	(register, 0x40, 1)		(unique, 0xb400, 1)
instruction	CODE:7ce1	CODE:7d1b	LCALL 0x3439	6	write	INTMEM	1	(register, 0x40, 1)		(unique, 0x1200, 1)
instruction	CODE:7ce1	CODE:7d20	LCALL 0xa99c	4	write	INTMEM	1	(register, 0x40, 1)		(unique, 0xb400, 1)
instruction	CODE:7ce1	CODE:7d20	LCALL 0xa99c	6	write	INTMEM	1	(register, 0x40, 1)		(unique, 0x1200, 1)
instruction	CODE:7ce1	CODE:7d24	RET	1	read	INTMEM	1	(register, 0x40, 1)		
instruction	CODE:7ce1	CODE:7d24	RET	3	read	INTMEM	1	(register, 0x40, 1)		
instruction	CODE:7d25	CODE:7d32	MOVX A,@DPTR	1	read	EXTMEM	1	(unique, 0x2800, 2)		
instruction	CODE:7d25	CODE:7d35	MOVX @DPTR,A	2	write	EXTMEM	1	(unique, 0x2800, 2)		(unique, 0x2900, 1)
instruction	CODE:7d25	CODE:7d37	MOVX A,@DPTR	1	read	EXTMEM	1	(unique, 0x2800, 2)		
instruction	CODE:7d25	CODE:7d3a	MOVX @DPTR,A	2	write	EXTMEM	1	(unique, 0x2800, 2)		(unique, 0x2900, 1)
instruction	CODE:7d25	CODE:7d3e	LCALL 0xa47b	4	write	INTMEM	1	(register, 0x40, 1)		(unique, 0xb400, 1)
instruction	CODE:7d25	CODE:7d3e	LCALL 0xa47b	6	write	INTMEM	1	(register, 0x40, 1)		(unique, 0x1200, 1)
instruction	CODE:7d25	CODE:7d45	MOVX @DPTR,A	2	write	EXTMEM	1	(unique, 0x2800, 2)		(unique, 0x2900, 1)
instruction	CODE:7d25	CODE:7d4b	MOVX A,@DPTR	1	read	EXTMEM	1	(unique, 0x2800, 2)		
instruction	CODE:7d25	CODE:7d4e	MOVX @DPTR,A	2	write	EXTMEM	1	(unique, 0x2800, 2)		(unique, 0x2900, 1)
instruction	CODE:7d25	CODE:7d50	MOVX A,@DPTR	1	read	EXTMEM	1	(unique, 0x2800, 2)		
instruction	CODE:7d25	CODE:7d53	MOVX @DPTR,A	2	write	EXTMEM	1	(unique, 0x2800, 2)		(unique, 0x2900, 1)
instruction	CODE:7d25	CODE:7d57	MOVX A,@DPTR	1	read	EXTMEM	1	(unique, 0x2800, 2)		
instruction	CODE:7d25	CODE:7d5a	MOVX @DPTR,A	2	write	EXTMEM	1	(unique, 0x2800, 2)		(unique, 0x2900, 1)
instruction	CODE:7d25	CODE:7d5c	MOVX A,@DPTR	1	read	EXTMEM	1	(unique, 0x2800, 2)		
instruction	CODE:7d25	CODE:7d5f	MOVX @DPTR,A	2	write	EXTMEM	1	(unique, 0x2800, 2)		(unique, 0x2900, 1)
instruction	CODE:7d25	CODE:7d64	MOVX @DPTR,A	2	write	EXTMEM	1	(unique, 0x2800, 2)		(unique, 0x2900, 1)
instruction	CODE:7d25	CODE:7d68	RET	1	read	INTMEM	1	(register, 0x40, 1)		
instruction	CODE:7d25	CODE:7d68	RET	3	read	INTMEM	1	(register, 0x40, 1)		
instruction	CODE:7d6d	CODE:7d6d	MOVX A,@DPTR	1	read	EXTMEM	1	(unique, 0x2800, 2)		
instruction	CODE:7d6d	CODE:7d70	MOVX A,@DPTR	1	read	EXTMEM	1	(unique, 0x2800, 2)		
instruction	CODE:7d72	CODE:7d75	MOVX @DPTR,A	2	write	EXTMEM	1	(unique, 0x2800, 2)		(unique, 0x2900, 1)
instruction	CODE:7d72	CODE:7d78	MOVX @DPTR,A	2	write	EXTMEM	1	(unique, 0x2800, 2)		(unique, 0x2900, 1)
instruction	CODE:7d72	CODE:7d79	RET	1	read	INTMEM	1	(register, 0x40, 1)		
instruction	CODE:7d72	CODE:7d79	RET	3	read	INTMEM	1	(register, 0x40, 1)		
instruction	CODE:7d7a	CODE:7d7d	MOVX A,@DPTR	1	read	EXTMEM	1	(unique, 0x2800, 2)		
instruction	CODE:7d7a	CODE:7d80	MOVX A,@DPTR	1	read	EXTMEM	1	(unique, 0x2800, 2)		
instruction	CODE:7d7a	CODE:7d82	RET	1	read	INTMEM	1	(register, 0x40, 1)		
instruction	CODE:7d7a	CODE:7d82	RET	3	read	INTMEM	1	(register, 0x40, 1)		
instruction	CODE:7d84	CODE:7d84	MOVX @DPTR,A	2	write	EXTMEM	1	(unique, 0x2800, 2)		(unique, 0x2900, 1)
instruction	CODE:7d84	CODE:7d87	MOVX @DPTR,A	2	write	EXTMEM	1	(unique, 0x2800, 2)		(unique, 0x2900, 1)
instruction	CODE:7d84	CODE:7d8a	RET	1	read	INTMEM	1	(register, 0x40, 1)		
instruction	CODE:7d84	CODE:7d8a	RET	3	read	INTMEM	1	(register, 0x40, 1)		
instruction	CODE:7d8b	CODE:7d8c	MOVX @DPTR,A	2	write	EXTMEM	1	(unique, 0x2800, 2)		(unique, 0x2900, 1)
instruction	CODE:7d8b	CODE:7d8f	MOVX @DPTR,A	2	write	EXTMEM	1	(unique, 0x2800, 2)		(unique, 0x2900, 1)
instruction	CODE:7d8b	CODE:7d92	MOVX @DPTR,A	2	write	EXTMEM	1	(unique, 0x2800, 2)		(unique, 0x2900, 1)
instruction	CODE:7d8b	CODE:7d96	MOVX @DPTR,A	2	write	EXTMEM	1	(unique, 0x2800, 2)		(unique, 0x2900, 1)
instruction	CODE:7d8b	CODE:7d97	RET	1	read	INTMEM	1	(register, 0x40, 1)		
instruction	CODE:7d8b	CODE:7d97	RET	3	read	INTMEM	1	(register, 0x40, 1)		
instruction	CODE:7d98	CODE:7d9e	RET	1	read	INTMEM	1	(register, 0x40, 1)		
instruction	CODE:7d98	CODE:7d9e	RET	3	read	INTMEM	1	(register, 0x40, 1)		
instruction	CODE:7d9f	CODE:7d9f	MOVX A,@DPTR	1	read	EXTMEM	1	(unique, 0x2800, 2)		
instruction	CODE:7d9f	CODE:7da2	MOVX A,@DPTR	1	read	EXTMEM	1	(unique, 0x2800, 2)		
instruction	CODE:7d9f	CODE:7da7	MOVX @DPTR,A	2	write	EXTMEM	1	(unique, 0x2800, 2)		(unique, 0x2900, 1)
instruction	CODE:7d9f	CODE:7daa	MOVX @DPTR,A	2	write	EXTMEM	1	(unique, 0x2800, 2)		(unique, 0x2900, 1)
instruction	CODE:7d9f	CODE:7dab	RET	1	read	INTMEM	1	(register, 0x40, 1)		
instruction	CODE:7d9f	CODE:7dab	RET	3	read	INTMEM	1	(register, 0x40, 1)		
instruction	CODE:7dac	CODE:7dae	MOV A,@R0	0	read	INTMEM	1	(register, 0x0, 1)		
instruction	CODE:7dac	CODE:7db5	MOV A,@R0	0	read	INTMEM	1	(register, 0x0, 1)		
instruction	CODE:7dac	CODE:7dc3	MOV A,@R0	0	read	INTMEM	1	(register, 0x0, 1)		
instruction	CODE:7dac	CODE:7dc9	MOVX @DPTR,A	2	write	EXTMEM	1	(unique, 0x2800, 2)		(unique, 0x2900, 1)
instruction	CODE:7dac	CODE:7dcc	LCALL 0xa0cb	4	write	INTMEM	1	(register, 0x40, 1)		(unique, 0xb400, 1)
instruction	CODE:7dac	CODE:7dcc	LCALL 0xa0cb	6	write	INTMEM	1	(register, 0x40, 1)		(unique, 0x1200, 1)
instruction	CODE:7dac	CODE:7dd2	MOVX A,@DPTR	1	read	EXTMEM	1	(unique, 0x2800, 2)		
instruction	CODE:7dac	CODE:7ddc	LCALL 0xa223	4	write	INTMEM	1	(register, 0x40, 1)		(unique, 0xb400, 1)
instruction	CODE:7dac	CODE:7ddc	LCALL 0xa223	6	write	INTMEM	1	(register, 0x40, 1)		(unique, 0x1200, 1)
instruction	CODE:7dac	CODE:7de3	RET	1	read	INTMEM	1	(register, 0x40, 1)		
instruction	CODE:7dac	CODE:7de3	RET	3	read	INTMEM	1	(register, 0x40, 1)		
instruction	CODE:7dac	CODE:7de6	LCALL 0x9ba3	4	write	INTMEM	1	(register, 0x40, 1)		(unique, 0xb400, 1)
instruction	CODE:7dac	CODE:7de6	LCALL 0x9ba3	6	write	INTMEM	1	(register, 0x40, 1)		(unique, 0x1200, 1)
instruction	CODE:7dac	CODE:7deb	RET	1	read	INTMEM	1	(register, 0x40, 1)		
instruction	CODE:7dac	CODE:7deb	RET	3	read	INTMEM	1	(register, 0x40, 1)		
instruction	CODE:7dac	CODE:7dee	RET	1	read	INTMEM	1	(register, 0x40, 1)		
instruction	CODE:7dac	CODE:7dee	RET	3	read	INTMEM	1	(register, 0x40, 1)		
instruction	CODE:7def	CODE:7def	LCALL 0x9f39	4	write	INTMEM	1	(register, 0x40, 1)		(unique, 0xb400, 1)
instruction	CODE:7def	CODE:7def	LCALL 0x9f39	6	write	INTMEM	1	(register, 0x40, 1)		(unique, 0x1200, 1)
instruction	CODE:7def	CODE:7df2	LCALL 0x6255	4	write	INTMEM	1	(register, 0x40, 1)		(unique, 0xb400, 1)
instruction	CODE:7def	CODE:7df2	LCALL 0x6255	6	write	INTMEM	1	(register, 0x40, 1)		(unique, 0x1200, 1)
instruction	CODE:7def	CODE:7df8	MOVX @DPTR,A	2	write	EXTMEM	1	(unique, 0x2800, 2)		(unique, 0x2900, 1)
instruction	CODE:7def	CODE:7dfc	MOVX @DPTR,A	2	write	EXTMEM	1	(unique, 0x2800, 2)		(unique, 0x2900, 1)
instruction	CODE:7def	CODE:7dfd	LCALL 0x9cb7	4	write	INTMEM	1	(register, 0x40, 1)		(unique, 0xb400, 1)
instruction	CODE:7def	CODE:7dfd	LCALL 0x9cb7	6	write	INTMEM	1	(register, 0x40, 1)		(unique, 0x1200, 1)
instruction	CODE:7def	CODE:7e03	MOVX A,@DPTR	1	read	EXTMEM	1	(unique, 0x2800, 2)		
instruction	CODE:7def	CODE:7e12	LCALL 0x8f19	4	write	INTMEM	1	(register, 0x40, 1)		(unique, 0xb400, 1)
instruction	CODE:7def	CODE:7e12	LCALL 0x8f19	6	write	INTMEM	1	(register, 0x40, 1)		(unique, 0x1200, 1)
instruction	CODE:7def	CODE:7e15	LCALL 0xa277	4	write	INTMEM	1	(register, 0x40, 1)		(unique, 0xb400, 1)
instruction	CODE:7def	CODE:7e15	LCALL 0xa277	6	write	INTMEM	1	(register, 0x40, 1)		(unique, 0x1200, 1)
instruction	CODE:7def	CODE:7e1a	LCALL 0x8de3	4	write	INTMEM	1	(register, 0x40, 1)		(unique, 0xb400, 1)
instruction	CODE:7def	CODE:7e1a	LCALL 0x8de3	6	write	INTMEM	1	(register, 0x40, 1)		(unique, 0x1200, 1)
instruction	CODE:7def	CODE:7e1f	LCALL 0x8173	4	write	INTMEM	1	(register, 0x40, 1)		(unique, 0xb400, 1)
instruction	CODE:7def	CODE:7e1f	LCALL 0x8173	6	write	INTMEM	1	(register, 0x40, 1)		(unique, 0x1200, 1)
instruction	CODE:7def	CODE:7e26	MOVX @DPTR,A	2	write	EXTMEM	1	(unique, 0x2800, 2)		(unique, 0x2900, 1)
instruction	CODE:7def	CODE:7e2a	MOVX A,@DPTR	1	read	EXTMEM	1	(unique, 0x2800, 2)		
instruction	CODE:7def	CODE:7e2d	MOVX A,@DPTR	1	read	EXTMEM	1	(unique, 0x2800, 2)		
instruction	CODE:7eb6	CODE:7eb6	LCALL 0xa727	4	write	INTMEM	1	(register, 0x40, 1)		(unique, 0xb400, 1)
instruction	CODE:7eb6	CODE:7eb6	LCALL 0xa727	6	write	INTMEM	1	(register, 0x40, 1)		(unique, 0x1200, 1)
instruction	CODE:7eb6	CODE:7ebd	MOVX @DPTR,A	2	write	EXTMEM	1	(unique, 0x2800, 2)		(unique, 0x2900, 1)
instruction	CODE:7eb6	CODE:7ec0	LCALL 0xa69a	4	write	INTMEM	1	(register, 0x40, 1)		(unique, 0xb400, 1)
instruction	CODE:7eb6	CODE:7ec0	LCALL 0xa69a	6	write	INTMEM	1	(register, 0x40, 1)		(unique, 0x1200, 1)
instruction	CODE:7eb6	CODE:7eca	MOVX @DPTR,A	2	write	EXTMEM	1	(unique, 0x2800, 2)		(unique, 0x2900, 1)
instruction	CODE:7eb6	CODE:7ed0	MOVX A,@DPTR	1	read	EXTMEM	1	(unique, 0x2800, 2)		
instruction	CODE:7eb6	CODE:7edd	LCALL 0x967b	4	write	INTMEM	1	(register, 0x40, 1)		(unique, 0xb400, 1)
instruction	CODE:7eb6	CODE:7edd	LCALL 0x967b	6	write	INTMEM	1	(register, 0x40, 1)		(unique, 0x1200, 1)
instruction	CODE:7eb6	CODE:7ee2	LCALL 0x993c	4	write	INTMEM	1	(register, 0x40, 1)		(unique, 0xb400, 1)
instruction	CODE:7eb6	CODE:7ee2	LCALL 0x993c	6	write	INTMEM	1	(register, 0x40, 1)		(unique, 0x1200, 1)
instruction	CODE:7eb6	CODE:7ee7	LCALL 0xa0e7	4	write	INTMEM	1	(register, 0x40, 1)		(unique, 0xb400, 1)
instruction	CODE:7eb6	CODE:7ee7	LCALL 0xa0e7	6	write	INTMEM	1	(register, 0x40, 1)		(unique, 0x1200, 1)
instruction	CODE:7eb6	CODE:7eee	MOVX @DPTR,A	2	write	EXTMEM	1	(unique, 0x2800, 2)		(unique, 0x2900, 1)
instruction	CODE:7eb6	CODE:7ef2	MOVX A,@DPTR	1	read	EXTMEM	1	(unique, 0x2800, 2)		
instruction	CODE:7ef7	CODE:7efb	MOVX @DPTR,A	2	write	EXTMEM	1	(unique, 0x2800, 2)		(unique, 0x2900, 1)
instruction	CODE:7ef7	CODE:7efe	MOVX @DPTR,A	2	write	EXTMEM	1	(unique, 0x2800, 2)		(unique, 0x2900, 1)
instruction	CODE:7ef7	CODE:7eff	LCALL 0x9894	4	write	INTMEM	1	(register, 0x40, 1)		(unique, 0xb400, 1)
instruction	CODE:7ef7	CODE:7eff	LCALL 0x9894	6	write	INTMEM	1	(register, 0x40, 1)		(unique, 0x1200, 1)
instruction	CODE:7ef7	CODE:7f05	LCALL 0xae2a	4	write	INTMEM	1	(register, 0x40, 1)		(unique, 0xb400, 1)
instruction	CODE:7ef7	CODE:7f05	LCALL 0xae2a	6	write	INTMEM	1	(register, 0x40, 1)		(unique, 0x1200, 1)
instruction	CODE:7ef7	CODE:7f0b	MOVX A,@DPTR	1	read	EXTMEM	1	(unique, 0x2800, 2)		
instruction	CODE:7ef7	CODE:7f0d	LCALL 0xaa99	4	write	INTMEM	1	(register, 0x40, 1)		(unique, 0xb400, 1)
instruction	CODE:7ef7	CODE:7f0d	LCALL 0xaa99	6	write	INTMEM	1	(register, 0x40, 1)		(unique, 0x1200, 1)
instruction	CODE:7ef7	CODE:7f16	LCALL 0xab49	4	write	INTMEM	1	(register, 0x40, 1)		(unique, 0xb400, 1)
instruction	CODE:7ef7	CODE:7f16	LCALL 0xab49	6	write	INTMEM	1	(register, 0x40, 1)		(unique, 0x1200, 1)
instruction	CODE:7ef7	CODE:7f1c	MOVX A,@DPTR	1	read	EXTMEM	1	(unique, 0x2800, 2)		
instruction	CODE:7ef7	CODE:7f1f	LCALL 0x4752	4	write	INTMEM	1	(register, 0x40, 1)		(unique, 0xb400, 1)
instruction	CODE:7ef7	CODE:7f1f	LCALL 0x4752	6	write	INTMEM	1	(register, 0x40, 1)		(unique, 0x1200, 1)
instruction	CODE:7f77	CODE:7f7c	MOVX A,@DPTR	1	read	EXTMEM	1	(unique, 0x2800, 2)		
instruction	CODE:7f77	CODE:7f80	LCALL 0x4521	4	write	INTMEM	1	(register, 0x40, 1)		(unique, 0xb400, 1)
instruction	CODE:7f77	CODE:7f80	LCALL 0x4521	6	write	INTMEM	1	(register, 0x40, 1)		(unique, 0x1200, 1)
instruction	CODE:7f77	CODE:7f85	MOVX @DPTR,A	2	write	EXTMEM	1	(unique, 0x2800, 2)		(unique, 0x2900, 1)
instruction	CODE:7f77	CODE:7f8c	MOVX @DPTR,A	2	write	EXTMEM	1	(unique, 0x2800, 2)		(unique, 0x2900, 1)
instruction	CODE:7f77	CODE:7f8d	LCALL 0x4521	4	write	INTMEM	1	(register, 0x40, 1)		(unique, 0xb400, 1)
instruction	CODE:7f77	CODE:7f8d	LCALL 0x4521	6	write	INTMEM	1	(register, 0x40, 1)		(unique, 0x1200, 1)
instruction	CODE:7f77	CODE:7f90	MOVX A,@DPTR	1	read	EXTMEM	1	(unique, 0x2800, 2)		
instruction	CODE:7f77	CODE:7f99	MOVX A,@DPTR	1	read	EXTMEM	1	(unique, 0x2800, 2)		
instruction	CODE:7f77	CODE:7fa0	LCALL 0x44d1	4	write	INTMEM	1	(register, 0x40, 1)		(unique, 0xb400, 1)
instruction	CODE:7f77	CODE:7fa0	LCALL 0x44d1	6	write	INTMEM	1	(register, 0x40, 1)		(unique, 0x1200, 1)
instruction	CODE:7f77	CODE:7fab	MOVX @DPTR,A	2	write	EXTMEM	1	(unique, 0x2800, 2)		(unique, 0x2900, 1)
instruction	CODE:7f77	CODE:7fad	RET	1	read	INTMEM	1	(register, 0x40, 1)		
instruction	CODE:7f77	CODE:7fad	RET	3	read	INTMEM	1	(register, 0x40, 1)		
instruction	CODE:7f77	CODE:7fae	LCALL 0x4521	4	write	INTMEM	1	(register, 0x40, 1)		(unique, 0xb400, 1)
instruction	CODE:7f77	CODE:7fae	LCALL 0x4521	6	write	INTMEM	1	(register, 0x40, 1)		(unique, 0x1200, 1)
instruction	CODE:7f77	CODE:7fb1	MOVX A,@DPTR	1	read	EXTMEM	1	(unique, 0x2800, 2)		
instruction	CODE:7f77	CODE:7fb3	MOVX @DPTR,A	2	write	EXTMEM	1	(unique, 0x2800, 2)		(unique, 0x2900, 1)
instruction	CODE:7f77	CODE:7fb5	RET	1	read	INTMEM	1	(register, 0x40, 1)		
instruction	CODE:7f77	CODE:7fb5	RET	3	read	INTMEM	1	(register, 0x40, 1)		
instruction	CODE:7fb6	CODE:7fbb	MOVX @DPTR,A	2	write	EXTMEM	1	(unique, 0x2800, 2)		(unique, 0x2900, 1)
instruction	CODE:7fb6	CODE:7fbf	MOVX @DPTR,A	2	write	EXTMEM	1	(unique, 0x2800, 2)		(unique, 0x2900, 1)
instruction	CODE:7fb6	CODE:7fca	LCALL 0xaa83	4	write	INTMEM	1	(register, 0x40, 1)		(unique, 0xb400, 1)
instruction	CODE:7fb6	CODE:7fca	LCALL 0xaa83	6	write	INTMEM	1	(register, 0x40, 1)		(unique, 0x1200, 1)
instruction	CODE:7fb6	CODE:7fd5	MOVC A,@A+DPTR	2	read	CODE	1	(unique, 0x2400, 2)		
instruction	CODE:7fb6	CODE:7fd8	MOVC A,@A+DPTR	2	read	CODE	1	(unique, 0x2400, 2)		
instruction	CODE:7fb6	CODE:7fe4	RET	1	read	INTMEM	1	(register, 0x40, 1)		
instruction	CODE:7fb6	CODE:7fe4	RET	3	read	INTMEM	1	(register, 0x40, 1)		
instruction	CODE:7fb6	CODE:7ff4	RET	1	read	INTMEM	1	(register, 0x40, 1)		
instruction	CODE:7fb6	CODE:7ff4	RET	3	read	INTMEM	1	(register, 0x40, 1)		
instruction	CODE:7ff5	CODE:7ff5	LCALL 0x3000	4	write	INTMEM	1	(register, 0x40, 1)		(unique, 0xb400, 1)
instruction	CODE:7ff5	CODE:7ff5	LCALL 0x3000	6	write	INTMEM	1	(register, 0x40, 1)		(unique, 0x1200, 1)
instruction	CODE:7ff5	CODE:7ffc	MOVX @DPTR,A	2	write	EXTMEM	1	(unique, 0x2800, 2)		(unique, 0x2900, 1)
instruction	CODE:8000	CODE:8004	MOVX @DPTR,A	2	write	EXTMEM	1	(unique, 0x2800, 2)		(unique, 0x2900, 1)
instruction	CODE:8000	CODE:8006	LCALL 0xae53	4	write	INTMEM	1	(register, 0x40, 1)		(unique, 0xb400, 1)
instruction	CODE:8000	CODE:8006	LCALL 0xae53	6	write	INTMEM	1	(register, 0x40, 1)		(unique, 0x1200, 1)
instruction	unassigned	CODE:802a	MOVX @DPTR,A	2	write	EXTMEM	1	(unique, 0x2800, 2)		(unique, 0x2900, 1)
instruction	unassigned	CODE:802b	RET	1	read	INTMEM	1	(register, 0x40, 1)		
instruction	unassigned	CODE:802b	RET	3	read	INTMEM	1	(register, 0x40, 1)		
instruction	CODE:8000	CODE:803d	MOVX @DPTR,A	2	write	EXTMEM	1	(unique, 0x2800, 2)		(unique, 0x2900, 1)
instruction	CODE:8000	CODE:803e	RET	1	read	INTMEM	1	(register, 0x40, 1)		
instruction	CODE:8000	CODE:803e	RET	3	read	INTMEM	1	(register, 0x40, 1)		
instruction	CODE:803f	CODE:8041	LCALL 0x342b	4	write	INTMEM	1	(register, 0x40, 1)		(unique, 0xb400, 1)
instruction	CODE:803f	CODE:8041	LCALL 0x342b	6	write	INTMEM	1	(register, 0x40, 1)		(unique, 0x1200, 1)
instruction	CODE:803f	CODE:8044	MOVX A,@DPTR	1	read	EXTMEM	1	(unique, 0x2800, 2)		
instruction	CODE:803f	CODE:804a	LCALL 0x3442	4	write	INTMEM	1	(register, 0x40, 1)		(unique, 0xb400, 1)
instruction	CODE:803f	CODE:804a	LCALL 0x3442	6	write	INTMEM	1	(register, 0x40, 1)		(unique, 0x1200, 1)
instruction	CODE:803f	CODE:804d	MOVX A,@DPTR	1	read	EXTMEM	1	(unique, 0x2800, 2)		
instruction	CODE:803f	CODE:8051	LCALL 0x343f	4	write	INTMEM	1	(register, 0x40, 1)		(unique, 0xb400, 1)
instruction	CODE:803f	CODE:8051	LCALL 0x343f	6	write	INTMEM	1	(register, 0x40, 1)		(unique, 0x1200, 1)
instruction	CODE:803f	CODE:8055	MOVX @DPTR,A	2	write	EXTMEM	1	(unique, 0x2800, 2)		(unique, 0x2900, 1)
instruction	CODE:803f	CODE:805d	LCALL 0x33e9	4	write	INTMEM	1	(register, 0x40, 1)		(unique, 0xb400, 1)
instruction	CODE:803f	CODE:805d	LCALL 0x33e9	6	write	INTMEM	1	(register, 0x40, 1)		(unique, 0x1200, 1)
instruction	CODE:803f	CODE:8063	LCALL 0x3472	4	write	INTMEM	1	(register, 0x40, 1)		(unique, 0xb400, 1)
instruction	CODE:803f	CODE:8063	LCALL 0x3472	6	write	INTMEM	1	(register, 0x40, 1)		(unique, 0x1200, 1)
instruction	CODE:803f	CODE:8066	LCALL 0x33df	4	write	INTMEM	1	(register, 0x40, 1)		(unique, 0xb400, 1)
instruction	CODE:803f	CODE:8066	LCALL 0x33df	6	write	INTMEM	1	(register, 0x40, 1)		(unique, 0x1200, 1)
instruction	CODE:803f	CODE:806b	LCALL 0x3439	4	write	INTMEM	1	(register, 0x40, 1)		(unique, 0xb400, 1)
instruction	CODE:803f	CODE:806b	LCALL 0x3439	6	write	INTMEM	1	(register, 0x40, 1)		(unique, 0x1200, 1)
instruction	CODE:803f	CODE:8070	LCALL 0xa99c	4	write	INTMEM	1	(register, 0x40, 1)		(unique, 0xb400, 1)
instruction	CODE:803f	CODE:8070	LCALL 0xa99c	6	write	INTMEM	1	(register, 0x40, 1)		(unique, 0x1200, 1)
instruction	CODE:803f	CODE:8077	LCALL 0x957e	4	write	INTMEM	1	(register, 0x40, 1)		(unique, 0xb400, 1)
instruction	CODE:803f	CODE:8077	LCALL 0x957e	6	write	INTMEM	1	(register, 0x40, 1)		(unique, 0x1200, 1)
instruction	CODE:803f	CODE:807a	LCALL 0x9cdd	4	write	INTMEM	1	(register, 0x40, 1)		(unique, 0xb400, 1)
instruction	CODE:803f	CODE:807a	LCALL 0x9cdd	6	write	INTMEM	1	(register, 0x40, 1)		(unique, 0x1200, 1)
instruction	CODE:803f	CODE:807d	RET	1	read	INTMEM	1	(register, 0x40, 1)		
instruction	CODE:803f	CODE:807d	RET	3	read	INTMEM	1	(register, 0x40, 1)		
instruction	CODE:807e	CODE:8080	MOV A,@R0	0	read	INTMEM	1	(register, 0x0, 1)		
instruction	CODE:807e	CODE:808a	MOV A,@R0	0	read	INTMEM	1	(register, 0x0, 1)		
instruction	CODE:807e	CODE:8096	LCALL 0x90d1	4	write	INTMEM	1	(register, 0x40, 1)		(unique, 0xb400, 1)
instruction	CODE:807e	CODE:8096	LCALL 0x90d1	6	write	INTMEM	1	(register, 0x40, 1)		(unique, 0x1200, 1)
instruction	CODE:807e	CODE:8099	LCALL 0x9832	4	write	INTMEM	1	(register, 0x40, 1)		(unique, 0xb400, 1)
instruction	CODE:807e	CODE:8099	LCALL 0x9832	6	write	INTMEM	1	(register, 0x40, 1)		(unique, 0x1200, 1)
instruction	CODE:807e	CODE:80a2	LCALL 0x9a0d	4	write	INTMEM	1	(register, 0x40, 1)		(unique, 0xb400, 1)
instruction	CODE:807e	CODE:80a2	LCALL 0x9a0d	6	write	INTMEM	1	(register, 0x40, 1)		(unique, 0x1200, 1)
instruction	CODE:807e	CODE:80ab	RET	1	read	INTMEM	1	(register, 0x40, 1)		
instruction	CODE:807e	CODE:80ab	RET	3	read	INTMEM	1	(register, 0x40, 1)		
instruction	CODE:807e	CODE:80ae	MOV A,@R0	0	read	INTMEM	1	(register, 0x0, 1)		
instruction	CODE:807e	CODE:80b6	LCALL 0xa800	4	write	INTMEM	1	(register, 0x40, 1)		(unique, 0xb400, 1)
instruction	CODE:807e	CODE:80b6	LCALL 0xa800	6	write	INTMEM	1	(register, 0x40, 1)		(unique, 0x1200, 1)
instruction	CODE:807e	CODE:80bb	RET	1	read	INTMEM	1	(register, 0x40, 1)		
instruction	CODE:807e	CODE:80bb	RET	3	read	INTMEM	1	(register, 0x40, 1)		
instruction	CODE:80bc	CODE:80bc	LCALL 0x9d61	4	write	INTMEM	1	(register, 0x40, 1)		(unique, 0xb400, 1)
instruction	CODE:80bc	CODE:80bc	LCALL 0x9d61	6	write	INTMEM	1	(register, 0x40, 1)		(unique, 0x1200, 1)
instruction	CODE:80bc	CODE:80bf	LCALL 0xa934	4	write	INTMEM	1	(register, 0x40, 1)		(unique, 0xb400, 1)
instruction	CODE:80bc	CODE:80bf	LCALL 0xa934	6	write	INTMEM	1	(register, 0x40, 1)		(unique, 0x1200, 1)
instruction	CODE:80bc	CODE:80c4	MOV @R0,A	1	write	INTMEM	1	(register, 0x0, 1)		(unique, 0x2a00, 1)
instruction	CODE:80bc	CODE:80c7	MOV A,@R0	0	read	INTMEM	1	(register, 0x0, 1)		
instruction	CODE:80bc	CODE:80c9	LCALL 0x43f1	4	write	INTMEM	1	(register, 0x40, 1)		(unique, 0xb400, 1)
instruction	CODE:80bc	CODE:80c9	LCALL 0x43f1	6	write	INTMEM	1	(register, 0x40, 1)		(unique, 0x1200, 1)
instruction	CODE:80bc	CODE:80cc	MOVX A,@DPTR	1	read	EXTMEM	1	(unique, 0x2800, 2)		
instruction	CODE:80bc	CODE:80cf	MOV @R0,A	1	write	INTMEM	1	(register, 0x0, 1)		(unique, 0x2a00, 1)
instruction	CODE:80bc	CODE:80d3	LCALL 0x4482	4	write	INTMEM	1	(register, 0x40, 1)		(unique, 0xb400, 1)
instruction	CODE:80bc	CODE:80d3	LCALL 0x4482	6	write	INTMEM	1	(register, 0x40, 1)		(unique, 0x1200, 1)
instruction	CODE:80bc	CODE:80d6	MOVX A,@DPTR	1	read	EXTMEM	1	(unique, 0x2800, 2)		
instruction	CODE:80bc	CODE:80d9	MOV @R0,A	1	write	INTMEM	1	(register, 0x0, 1)		(unique, 0x2a00, 1)
instruction	CODE:80bc	CODE:80dc	MOV A,@R0	0	read	INTMEM	1	(register, 0x0, 1)		
instruction	CODE:80bc	CODE:80eb	MOVX A,@DPTR	1	read	EXTMEM	1	(unique, 0x2800, 2)		
instruction	CODE:80bc	CODE:80ee	MOV @R0,A	1	write	INTMEM	1	(register, 0x0, 1)		(unique, 0x2a00, 1)
instruction	CODE:80bc	CODE:80f3	MOVC A,@A+DPTR	2	read	CODE	1	(unique, 0x2400, 2)		
instruction	CODE:80bc	CODE:80f8	RET	1	read	INTMEM	1	(register, 0x40, 1)		
instruction	CODE:80bc	CODE:80f8	RET	3	read	INTMEM	1	(register, 0x40, 1)		
instruction	CODE:80f9	CODE:80fc	LCALL 0xae2a	4	write	INTMEM	1	(register, 0x40, 1)		(unique, 0xb400, 1)
instruction	CODE:80f9	CODE:80fc	LCALL 0xae2a	6	write	INTMEM	1	(register, 0x40, 1)		(unique, 0x1200, 1)
instruction	CODE:80f9	CODE:8101	MOV A,@R0	0	read	INTMEM	1	(register, 0x0, 1)		
instruction	CODE:80f9	CODE:8102	LCALL 0x1e8d	4	write	INTMEM	1	(register, 0x40, 1)		(unique, 0xb400, 1)
instruction	CODE:80f9	CODE:8102	LCALL 0x1e8d	6	write	INTMEM	1	(register, 0x40, 1)		(unique, 0x1200, 1)
instruction	CODE:80f9	CODE:8109	LCALL 0xa9e2	4	write	INTMEM	1	(register, 0x40, 1)		(unique, 0xb400, 1)
instruction	CODE:80f9	CODE:8109	LCALL 0xa9e2	6	write	INTMEM	1	(register, 0x40, 1)		(unique, 0x1200, 1)
instruction	CODE:80f9	CODE:8115	LCALL 0x1f43	4	write	INTMEM	1	(register, 0x40, 1)		(unique, 0xb400, 1)
instruction	CODE:80f9	CODE:8115	LCALL 0x1f43	6	write	INTMEM	1	(register, 0x40, 1)		(unique, 0x1200, 1)
instruction	CODE:8136	CODE:8138	MOV A,@R0	0	read	INTMEM	1	(register, 0x0, 1)		
instruction	CODE:8136	CODE:813f	MOV A,@R0	0	read	INTMEM	1	(register, 0x0, 1)		
instruction	CODE:8136	CODE:814a	LCALL 0xa63f	4	write	INTMEM	1	(register, 0x40, 1)		(unique, 0xb400, 1)
instruction	CODE:8136	CODE:814a	LCALL 0xa63f	6	write	INTMEM	1	(register, 0x40, 1)		(unique, 0x1200, 1)
instruction	CODE:8136	CODE:8151	LCALL 0xa63f	4	write	INTMEM	1	(register, 0x40, 1)		(unique, 0xb400, 1)
instruction	CODE:8136	CODE:8151	LCALL 0xa63f	6	write	INTMEM	1	(register, 0x40, 1)		(unique, 0x1200, 1)
instruction	CODE:8136	CODE:8156	RET	1	read	INTMEM	1	(register, 0x40, 1)		
instruction	CODE:8136	CODE:8156	RET	3	read	INTMEM	1	(register, 0x40, 1)		
instruction	CODE:8136	CODE:8159	LCALL 0xa68c	4	write	INTMEM	1	(register, 0x40, 1)		(unique, 0xb400, 1)
instruction	CODE:8136	CODE:8159	LCALL 0xa68c	6	write	INTMEM	1	(register, 0x40, 1)		(unique, 0x1200, 1)
instruction	CODE:8136	CODE:8160	MOV A,@R0	0	read	INTMEM	1	(register, 0x0, 1)		
instruction	CODE:8136	CODE:8166	MOV A,@R0	0	read	INTMEM	1	(register, 0x0, 1)		
instruction	CODE:8136	CODE:816d	LCALL 0xa223	4	write	INTMEM	1	(register, 0x40, 1)		(unique, 0xb400, 1)
instruction	CODE:8136	CODE:816d	LCALL 0xa223	6	write	INTMEM	1	(register, 0x40, 1)		(unique, 0x1200, 1)
instruction	CODE:8136	CODE:8172	RET	1	read	INTMEM	1	(register, 0x40, 1)		
instruction	CODE:8136	CODE:8172	RET	3	read	INTMEM	1	(register, 0x40, 1)		
instruction	CODE:8173	CODE:8175	MOV A,@R0	0	read	INTMEM	1	(register, 0x0, 1)		
instruction	CODE:8173	CODE:817c	MOV A,@R0	0	read	INTMEM	1	(register, 0x0, 1)		
instruction	CODE:8173	CODE:8187	LCALL 0x6221	4	write	INTMEM	1	(register, 0x40, 1)		(unique, 0xb400, 1)
instruction	CODE:8173	CODE:8187	LCALL 0x6221	6	write	INTMEM	1	(register, 0x40, 1)		(unique, 0x1200, 1)
instruction	CODE:8173	CODE:818b	MOVX A,@DPTR	1	read	EXTMEM	1	(unique, 0x2800, 2)		
instruction	CODE:8173	CODE:8192	LCALL 0x6234	4	write	INTMEM	1	(register, 0x40, 1)		(unique, 0xb400, 1)
instruction	CODE:8173	CODE:8192	LCALL 0x6234	6	write	INTMEM	1	(register, 0x40, 1)		(unique, 0x1200, 1)
instruction	CODE:8173	CODE:8195	MOVX A,@DPTR	1	read	EXTMEM	1	(unique, 0x2800, 2)		
instruction	CODE:8173	CODE:8199	MOV A,@R0	0	read	INTMEM	1	(register, 0x0, 1)		
instruction	CODE:8173	CODE:81a6	RET	1	read	INTMEM	1	(register, 0x40, 1)		
instruction	CODE:8173	CODE:81a6	RET	3	read	INTMEM	1	(register, 0x40, 1)		
instruction	CODE:8173	CODE:81a9	RET	1	read	INTMEM	1	(register, 0x40, 1)		
instruction	CODE:8173	CODE:81a9	RET	3	read	INTMEM	1	(register, 0x40, 1)		
instruction	CODE:8173	CODE:81ac	RET	1	read	INTMEM	1	(register, 0x40, 1)		
instruction	CODE:8173	CODE:81ac	RET	3	read	INTMEM	1	(register, 0x40, 1)		
instruction	CODE:8173	CODE:81af	RET	1	read	INTMEM	1	(register, 0x40, 1)		
instruction	CODE:8173	CODE:81af	RET	3	read	INTMEM	1	(register, 0x40, 1)		
instruction	CODE:81b0	CODE:81b2	MOV A,@R0	0	read	INTMEM	1	(register, 0x0, 1)		
instruction	CODE:81b0	CODE:81b9	MOV A,@R0	0	read	INTMEM	1	(register, 0x0, 1)		
instruction	CODE:81b0	CODE:81c2	LCALL 0xa283	4	write	INTMEM	1	(register, 0x40, 1)		(unique, 0xb400, 1)
instruction	CODE:81b0	CODE:81c2	LCALL 0xa283	6	write	INTMEM	1	(register, 0x40, 1)		(unique, 0x1200, 1)
instruction	CODE:81b0	CODE:81c8	LCALL 0x9f59	4	write	INTMEM	1	(register, 0x40, 1)		(unique, 0xb400, 1)
instruction	CODE:81b0	CODE:81c8	LCALL 0x9f59	6	write	INTMEM	1	(register, 0x40, 1)		(unique, 0x1200, 1)
instruction	CODE:81b0	CODE:81cd	LCALL 0xa73f	4	write	INTMEM	1	(register, 0x40, 1)		(unique, 0xb400, 1)
instruction	CODE:81b0	CODE:81cd	LCALL 0xa73f	6	write	INTMEM	1	(register, 0x40, 1)		(unique, 0x1200, 1)
instruction	CODE:81b0	CODE:81d2	RET	1	read	INTMEM	1	(register, 0x40, 1)		
instruction	CODE:81b0	CODE:81d2	RET	3	read	INTMEM	1	(register, 0x40, 1)		
instruction	CODE:81b0	CODE:81d7	LCALL 0x9a23	4	write	INTMEM	1	(register, 0x40, 1)		(unique, 0xb400, 1)
instruction	CODE:81b0	CODE:81d7	LCALL 0x9a23	6	write	INTMEM	1	(register, 0x40, 1)		(unique, 0x1200, 1)
instruction	CODE:81b0	CODE:81dc	RET	1	read	INTMEM	1	(register, 0x40, 1)		
instruction	CODE:81b0	CODE:81dc	RET	3	read	INTMEM	1	(register, 0x40, 1)		
instruction	CODE:81b0	CODE:81df	RET	1	read	INTMEM	1	(register, 0x40, 1)		
instruction	CODE:81b0	CODE:81df	RET	3	read	INTMEM	1	(register, 0x40, 1)		
instruction	CODE:81b0	CODE:81e2	LCALL 0xa607	4	write	INTMEM	1	(register, 0x40, 1)		(unique, 0xb400, 1)
instruction	CODE:81b0	CODE:81e2	LCALL 0xa607	6	write	INTMEM	1	(register, 0x40, 1)		(unique, 0x1200, 1)
instruction	CODE:81b0	CODE:81e9	RET	1	read	INTMEM	1	(register, 0x40, 1)		
instruction	CODE:81b0	CODE:81e9	RET	3	read	INTMEM	1	(register, 0x40, 1)		
instruction	CODE:81b0	CODE:81ec	RET	1	read	INTMEM	1	(register, 0x40, 1)		
instruction	CODE:81b0	CODE:81ec	RET	3	read	INTMEM	1	(register, 0x40, 1)		
instruction	CODE:81ed	CODE:81f2	MOVX @DPTR,A	2	write	EXTMEM	1	(unique, 0x2800, 2)		(unique, 0x2900, 1)
instruction	CODE:81ed	CODE:81f6	MOVX @DPTR,A	2	write	EXTMEM	1	(unique, 0x2800, 2)		(unique, 0x2900, 1)
instruction	CODE:81ed	CODE:81fc	MOVX @DPTR,A	2	write	EXTMEM	1	(unique, 0x2800, 2)		(unique, 0x2900, 1)
instruction	CODE:81ed	CODE:8200	MOVX @DPTR,A	2	write	EXTMEM	1	(unique, 0x2800, 2)		(unique, 0x2900, 1)
instruction	CODE:81ed	CODE:8207	MOVX A,@DPTR	1	read	EXTMEM	1	(unique, 0x2800, 2)		
instruction	CODE:81ed	CODE:821a	LCALL 0x5469	4	write	INTMEM	1	(register, 0x40, 1)		(unique, 0xb400, 1)
instruction	CODE:81ed	CODE:821a	LCALL 0x5469	6	write	INTMEM	1	(register, 0x40, 1)		(unique, 0x1200, 1)
instruction	CODE:81ed	CODE:821d	MOVX A,@DPTR	1	read	EXTMEM	1	(unique, 0x2800, 2)		
instruction	CODE:81ed	CODE:8223	LCALL 0x5469	4	write	INTMEM	1	(register, 0x40, 1)		(unique, 0xb400, 1)
instruction	CODE:81ed	CODE:8223	LCALL 0x5469	6	write	INTMEM	1	(register, 0x40, 1)		(unique, 0x1200, 1)
instruction	CODE:81ed	CODE:8227	MOVX @DPTR,A	2	write	EXTMEM	1	(unique, 0x2800, 2)		(unique, 0x2900, 1)
instruction	CODE:81ed	CODE:8228	RET	1	read	INTMEM	1	(register, 0x40, 1)		
instruction	CODE:81ed	CODE:8228	RET	3	read	INTMEM	1	(register, 0x40, 1)		
instruction	CODE:8229	CODE:822c	PUSH DPH	1	write	INTMEM	1	(register, 0x40, 1)		(register, 0x82, 1)
instruction	CODE:8229	CODE:822e	PUSH DPL	1	write	INTMEM	1	(register, 0x40, 1)		(register, 0x83, 1)
instruction	CODE:8229	CODE:8230	MOVX A,@DPTR	1	read	EXTMEM	1	(unique, 0x2800, 2)		
instruction	CODE:8229	CODE:8234	MOV A,@R0	0	read	INTMEM	1	(register, 0x0, 1)		
instruction	CODE:8229	CODE:8238	MOVC A,@A+DPTR	2	read	CODE	1	(unique, 0x2400, 2)		
instruction	CODE:8229	CODE:823c	POP DPL	0	read	INTMEM	1	(register, 0x40, 1)		
instruction	CODE:8229	CODE:823e	POP DPH	0	read	INTMEM	1	(register, 0x40, 1)		
instruction	CODE:8229	CODE:8240	MOVX @DPTR,A	2	write	EXTMEM	1	(unique, 0x2800, 2)		(unique, 0x2900, 1)
instruction	CODE:8229	CODE:8244	MOVX A,@DPTR	1	read	EXTMEM	1	(unique, 0x2800, 2)		
instruction	CODE:8229	CODE:8246	MOVX @DPTR,A	2	write	EXTMEM	1	(unique, 0x2800, 2)		(unique, 0x2900, 1)
instruction	CODE:8229	CODE:8247	LCALL 0x33d6	4	write	INTMEM	1	(register, 0x40, 1)		(unique, 0xb400, 1)
instruction	CODE:8229	CODE:8247	LCALL 0x33d6	6	write	INTMEM	1	(register, 0x40, 1)		(unique, 0x1200, 1)
instruction	CODE:8229	CODE:824d	LCALL 0xa94d	4	write	INTMEM	1	(register, 0x40, 1)		(unique, 0xb400, 1)
instruction	CODE:8229	CODE:824d	LCALL 0xa94d	6	write	INTMEM	1	(register, 0x40, 1)		(unique, 0x1200, 1)
instruction	CODE:8229	CODE:8256	LCALL 0xa9ae	4	write	INTMEM	1	(register, 0x40, 1)		(unique, 0xb400, 1)
instruction	CODE:8229	CODE:8256	LCALL 0xa9ae	6	write	INTMEM	1	(register, 0x40, 1)		(unique, 0x1200, 1)
instruction	CODE:8229	CODE:8259	LCALL 0xa335	4	write	INTMEM	1	(register, 0x40, 1)		(unique, 0xb400, 1)
instruction	CODE:8229	CODE:8259	LCALL 0xa335	6	write	INTMEM	1	(register, 0x40, 1)		(unique, 0x1200, 1)
instruction	CODE:8229	CODE:8261	LCALL 0x9472	4	write	INTMEM	1	(register, 0x40, 1)		(unique, 0xb400, 1)
instruction	CODE:8229	CODE:8261	LCALL 0x9472	6	write	INTMEM	1	(register, 0x40, 1)		(unique, 0x1200, 1)
instruction	CODE:8229	CODE:8264	RET	1	read	INTMEM	1	(register, 0x40, 1)		
instruction	CODE:8229	CODE:8264	RET	3	read	INTMEM	1	(register, 0x40, 1)		
instruction	CODE:8265	CODE:826b	MOVX @DPTR,A	2	write	EXTMEM	1	(unique, 0x2800, 2)		(unique, 0x2900, 1)
instruction	CODE:8265	CODE:826d	MOVX @DPTR,A	2	write	EXTMEM	1	(unique, 0x2800, 2)		(unique, 0x2900, 1)
instruction	CODE:8265	CODE:826f	MOVX @DPTR,A	2	write	EXTMEM	1	(unique, 0x2800, 2)		(unique, 0x2900, 1)
instruction	CODE:8265	CODE:8271	MOVX @DPTR,A	2	write	EXTMEM	1	(unique, 0x2800, 2)		(unique, 0x2900, 1)
instruction	CODE:8265	CODE:8275	MOVX A,@DPTR	1	read	EXTMEM	1	(unique, 0x2800, 2)		
instruction	CODE:8265	CODE:8278	MOVX @DPTR,A	2	write	EXTMEM	1	(unique, 0x2800, 2)		(unique, 0x2900, 1)
instruction	CODE:8265	CODE:827b	MOVX @DPTR,A	2	write	EXTMEM	1	(unique, 0x2800, 2)		(unique, 0x2900, 1)
instruction	CODE:8265	CODE:8285	LCALL 0x62ae	4	write	INTMEM	1	(register, 0x40, 1)		(unique, 0xb400, 1)
instruction	CODE:8265	CODE:8285	LCALL 0x62ae	6	write	INTMEM	1	(register, 0x40, 1)		(unique, 0x1200, 1)
instruction	CODE:8265	CODE:828f	MOVX @DPTR,A	2	write	EXTMEM	1	(unique, 0x2800, 2)		(unique, 0x2900, 1)
instruction	CODE:8265	CODE:8293	MOVX @DPTR,A	2	write	EXTMEM	1	(unique, 0x2800, 2)		(unique, 0x2900, 1)
instruction	CODE:8265	CODE:829b	LCALL 0x626d	4	write	INTMEM	1	(register, 0x40, 1)		(unique, 0xb400, 1)
instruction	CODE:8265	CODE:829b	LCALL 0x626d	6	write	INTMEM	1	(register, 0x40, 1)		(unique, 0x1200, 1)
instruction	CODE:82b0	CODE:82b2	MOV A,@R0	0	read	INTMEM	1	(register, 0x0, 1)		
instruction	CODE:82b0	CODE:82bc	RET	1	read	INTMEM	1	(register, 0x40, 1)		
instruction	CODE:82b0	CODE:82bc	RET	3	read	INTMEM	1	(register, 0x40, 1)		
instruction	CODE:82bd	CODE:82bf	MOV A,@R0	0	read	INTMEM	1	(register, 0x0, 1)		
instruction	CODE:82bd	CODE:82c9	RET	1	read	INTMEM	1	(register, 0x40, 1)		
instruction	CODE:82bd	CODE:82c9	RET	3	read	INTMEM	1	(register, 0x40, 1)		
instruction	CODE:82ca	CODE:82ce	MOVX A,@DPTR	1	read	EXTMEM	1	(unique, 0x2800, 2)		
instruction	CODE:82ca	CODE:82d3	MOVX A,@DPTR	1	read	EXTMEM	1	(unique, 0x2800, 2)		
instruction	CODE:82ca	CODE:82d5	RET	1	read	INTMEM	1	(register, 0x40, 1)		
instruction	CODE:82ca	CODE:82d5	RET	3	read	INTMEM	1	(register, 0x40, 1)		
instruction	CODE:82dc	CODE:82e1	MOV A,@R0	0	read	INTMEM	1	(register, 0x0, 1)		
instruction	CODE:82dc	CODE:82e3	LCALL 0x507b	4	write	INTMEM	1	(register, 0x40, 1)		(unique, 0xb400, 1)
instruction	CODE:82dc	CODE:82e3	LCALL 0x507b	6	write	INTMEM	1	(register, 0x40, 1)		(unique, 0x1200, 1)
instruction	CODE:82dc	CODE:82e6	MOVX A,@DPTR	1	read	EXTMEM	1	(unique, 0x2800, 2)		
instruction	CODE:82dc	CODE:82f2	MOV A,@R0	0	read	INTMEM	1	(register, 0x0, 1)		
instruction	CODE:82dc	CODE:82f4	LCALL 0x5088	4	write	INTMEM	1	(register, 0x40, 1)		(unique, 0xb400, 1)
instruction	CODE:82dc	CODE:82f4	LCALL 0x5088	6	write	INTMEM	1	(register, 0x40, 1)		(unique, 0x1200, 1)
instruction	CODE:82dc	CODE:82f7	MOVX A,@DPTR	1	read	EXTMEM	1	(unique, 0x2800, 2)		
instruction	CODE:82dc	CODE:82fc	LCALL 0x9c91	4	write	INTMEM	1	(register, 0x40, 1)		(unique, 0xb400, 1)
instruction	CODE:82dc	CODE:82fc	LCALL 0x9c91	6	write	INTMEM	1	(register, 0x40, 1)		(unique, 0x1200, 1)
instruction	CODE:82dc	CODE:8303	LCALL 0x9cca	4	write	INTMEM	1	(register, 0x40, 1)		(unique, 0xb400, 1)
instruction	CODE:82dc	CODE:8303	LCALL 0x9cca	6	write	INTMEM	1	(register, 0x40, 1)		(unique, 0x1200, 1)
instruction	CODE:82dc	CODE:8306	LCALL 0x919d	4	write	INTMEM	1	(register, 0x40, 1)		(unique, 0xb400, 1)
instruction	CODE:82dc	CODE:8306	LCALL 0x919d	6	write	INTMEM	1	(register, 0x40, 1)		(unique, 0x1200, 1)
instruction	CODE:82dc	CODE:830d	MOVX @DPTR,A	2	write	EXTMEM	1	(unique, 0x2800, 2)		(unique, 0x2900, 1)
instruction	CODE:82dc	CODE:830e	LCALL 0x7c57	4	write	INTMEM	1	(register, 0x40, 1)		(unique, 0xb400, 1)
instruction	CODE:82dc	CODE:830e	LCALL 0x7c57	6	write	INTMEM	1	(register, 0x40, 1)		(unique, 0x1200, 1)
instruction	CODE:82dc	CODE:8314	MOVX A,@DPTR	1	read	EXTMEM	1	(unique, 0x2800, 2)		
instruction	CODE:82dc	CODE:8316	RET	1	read	INTMEM	1	(register, 0x40, 1)		
instruction	CODE:82dc	CODE:8316	RET	3	read	INTMEM	1	(register, 0x40, 1)		
instruction	CODE:8317	CODE:831a	LCALL 0x6c1b	4	write	INTMEM	1	(register, 0x40, 1)		(unique, 0xb400, 1)
instruction	CODE:8317	CODE:831a	LCALL 0x6c1b	6	write	INTMEM	1	(register, 0x40, 1)		(unique, 0x1200, 1)
instruction	CODE:8317	CODE:8320	MOVX A,@DPTR	1	read	EXTMEM	1	(unique, 0x2800, 2)		
instruction	CODE:8317	CODE:8323	MOVX A,@DPTR	1	read	EXTMEM	1	(unique, 0x2800, 2)		
instruction	CODE:8317	CODE:8326	MOVX A,@DPTR	1	read	EXTMEM	1	(unique, 0x2800, 2)		
instruction	CODE:8317	CODE:832c	LCALL 0xa9ae	4	write	INTMEM	1	(register, 0x40, 1)		(unique, 0xb400, 1)
instruction	CODE:8317	CODE:832c	LCALL 0xa9ae	6	write	INTMEM	1	(register, 0x40, 1)		(unique, 0x1200, 1)
instruction	CODE:8317	CODE:8336	LCALL 0xa934	4	write	INTMEM	1	(register, 0x40, 1)		(unique, 0xb400, 1)
instruction	CODE:8317	CODE:8336	LCALL 0xa934	6	write	INTMEM	1	(register, 0x40, 1)		(unique, 0x1200, 1)
instruction	CODE:8317	CODE:833b	LCALL 0xa99c	4	write	INTMEM	1	(register, 0x40, 1)		(unique, 0xb400, 1)
instruction	CODE:8317	CODE:833b	LCALL 0xa99c	6	write	INTMEM	1	(register, 0x40, 1)		(unique, 0x1200, 1)
instruction	CODE:8317	CODE:8340	LCALL 0xa99c	4	write	INTMEM	1	(register, 0x40, 1)		(unique, 0xb400, 1)
instruction	CODE:8317	CODE:8340	LCALL 0xa99c	6	write	INTMEM	1	(register, 0x40, 1)		(unique, 0x1200, 1)
instruction	CODE:8317	CODE:8345	LCALL 0xa99c	4	write	INTMEM	1	(register, 0x40, 1)		(unique, 0xb400, 1)
instruction	CODE:8317	CODE:8345	LCALL 0xa99c	6	write	INTMEM	1	(register, 0x40, 1)		(unique, 0x1200, 1)
instruction	CODE:8317	CODE:834a	LCALL 0xa99c	4	write	INTMEM	1	(register, 0x40, 1)		(unique, 0xb400, 1)
instruction	CODE:8317	CODE:834a	LCALL 0xa99c	6	write	INTMEM	1	(register, 0x40, 1)		(unique, 0x1200, 1)
instruction	CODE:8352	CODE:8354	MOV A,@R0	0	read	INTMEM	1	(register, 0x0, 1)		
instruction	CODE:8352	CODE:835b	MOV A,@R0	0	read	INTMEM	1	(register, 0x0, 1)		
instruction	CODE:8352	CODE:836d	RET	1	read	INTMEM	1	(register, 0x40, 1)		
instruction	CODE:8352	CODE:836d	RET	3	read	INTMEM	1	(register, 0x40, 1)		
instruction	CODE:8352	CODE:836e	LCALL 0xa3a3	4	write	INTMEM	1	(register, 0x40, 1)		(unique, 0xb400, 1)
instruction	CODE:8352	CODE:836e	LCALL 0xa3a3	6	write	INTMEM	1	(register, 0x40, 1)		(unique, 0x1200, 1)
instruction	CODE:8352	CODE:8377	RET	1	read	INTMEM	1	(register, 0x40, 1)		
instruction	CODE:8352	CODE:8377	RET	3	read	INTMEM	1	(register, 0x40, 1)		
instruction	CODE:8352	CODE:8378	LCALL 0xa7ae	4	write	INTMEM	1	(register, 0x40, 1)		(unique, 0xb400, 1)
instruction	CODE:8352	CODE:8378	LCALL 0xa7ae	6	write	INTMEM	1	(register, 0x40, 1)		(unique, 0x1200, 1)
instruction	CODE:8352	CODE:837f	RET	1	read	INTMEM	1	(register, 0x40, 1)		
instruction	CODE:8352	CODE:837f	RET	3	read	INTMEM	1	(register, 0x40, 1)		
instruction	CODE:8352	CODE:8382	LCALL 0xa607	4	write	INTMEM	1	(register, 0x40, 1)		(unique, 0xb400, 1)
instruction	CODE:8352	CODE:8382	LCALL 0xa607	6	write	INTMEM	1	(register, 0x40, 1)		(unique, 0x1200, 1)
instruction	CODE:8352	CODE:8389	RET	1	read	INTMEM	1	(register, 0x40, 1)		
instruction	CODE:8352	CODE:8389	RET	3	read	INTMEM	1	(register, 0x40, 1)		
instruction	CODE:8352	CODE:838c	RET	1	read	INTMEM	1	(register, 0x40, 1)		
instruction	CODE:8352	CODE:838c	RET	3	read	INTMEM	1	(register, 0x40, 1)		
instruction	CODE:838d	CODE:8392	MOVX @DPTR,A	2	write	EXTMEM	1	(unique, 0x2800, 2)		(unique, 0x2900, 1)
instruction	CODE:838d	CODE:8398	MOVX @DPTR,A	2	write	EXTMEM	1	(unique, 0x2800, 2)		(unique, 0x2900, 1)
instruction	CODE:838d	CODE:839d	MOVX @DPTR,A	2	write	EXTMEM	1	(unique, 0x2800, 2)		(unique, 0x2900, 1)
instruction	CODE:838d	CODE:839f	MOVX @DPTR,A	2	write	EXTMEM	1	(unique, 0x2800, 2)		(unique, 0x2900, 1)
instruction	CODE:838d	CODE:83a3	MOVX @DPTR,A	2	write	EXTMEM	1	(unique, 0x2800, 2)		(unique, 0x2900, 1)
instruction	CODE:838d	CODE:83a5	MOVX @DPTR,A	2	write	EXTMEM	1	(unique, 0x2800, 2)		(unique, 0x2900, 1)
instruction	CODE:838d	CODE:83ab	MOVX @DPTR,A	2	write	EXTMEM	1	(unique, 0x2800, 2)		(unique, 0x2900, 1)
instruction	CODE:838d	CODE:83af	MOVX @DPTR,A	2	write	EXTMEM	1	(unique, 0x2800, 2)		(unique, 0x2900, 1)
instruction	CODE:838d	CODE:83b5	MOVX @DPTR,A	2	write	EXTMEM	1	(unique, 0x2800, 2)		(unique, 0x2900, 1)
instruction	CODE:838d	CODE:83bb	MOVX @DPTR,A	2	write	EXTMEM	1	(unique, 0x2800, 2)		(unique, 0x2900, 1)
instruction	CODE:838d	CODE:83bf	MOVX @DPTR,A	2	write	EXTMEM	1	(unique, 0x2800, 2)		(unique, 0x2900, 1)
instruction	CODE:838d	CODE:83c5	MOVX @DPTR,A	2	write	EXTMEM	1	(unique, 0x2800, 2)		(unique, 0x2900, 1)
instruction	CODE:838d	CODE:83c6	RET	1	read	INTMEM	1	(register, 0x40, 1)		
instruction	CODE:838d	CODE:83c6	RET	3	read	INTMEM	1	(register, 0x40, 1)		
instruction	CODE:83c7	CODE:83cb	MOVX A,@DPTR	1	read	EXTMEM	1	(unique, 0x2800, 2)		
instruction	CODE:83c7	CODE:83d3	RET	1	read	INTMEM	1	(register, 0x40, 1)		
instruction	CODE:83c7	CODE:83d3	RET	3	read	INTMEM	1	(register, 0x40, 1)		
instruction	CODE:83d4	CODE:83d7	MOVX A,@DPTR	1	read	EXTMEM	1	(unique, 0x2800, 2)		
instruction	CODE:83d4	CODE:83da	MOVX A,@DPTR	1	read	EXTMEM	1	(unique, 0x2800, 2)		
instruction	CODE:83d4	CODE:83db	RET	1	read	INTMEM	1	(register, 0x40, 1)		
instruction	CODE:83d4	CODE:83db	RET	3	read	INTMEM	1	(register, 0x40, 1)		
instruction	CODE:83dc	CODE:83dc	MOV A,@R0	0	read	INTMEM	1	(register, 0x0, 1)		
instruction	CODE:83dc	CODE:83e6	RET	1	read	INTMEM	1	(register, 0x40, 1)		
instruction	CODE:83dc	CODE:83e6	RET	3	read	INTMEM	1	(register, 0x40, 1)		
instruction	CODE:83e7	CODE:83ed	MOVX A,@DPTR	1	read	EXTMEM	1	(unique, 0x2800, 2)		
instruction	CODE:83e7	CODE:83ee	RET	1	read	INTMEM	1	(register, 0x40, 1)		
instruction	CODE:83e7	CODE:83ee	RET	3	read	INTMEM	1	(register, 0x40, 1)		
instruction	CODE:83ef	CODE:83ef	MOVC A,@A+DPTR	2	read	CODE	1	(unique, 0x2400, 2)		
instruction	CODE:83f7	CODE:83fa	MOVC A,@A+DPTR	2	read	CODE	1	(unique, 0x2400, 2)		
instruction	CODE:83f7	CODE:83fe	MOVC A,@A+DPTR	2	read	CODE	1	(unique, 0x2400, 2)		
instruction	CODE:83f7	CODE:8400	RET	1	read	INTMEM	1	(register, 0x40, 1)		
instruction	CODE:83f7	CODE:8400	RET	3	read	INTMEM	1	(register, 0x40, 1)		
instruction	CODE:8401	CODE:8403	MOV A,@R0	0	read	INTMEM	1	(register, 0x0, 1)		
instruction	CODE:8401	CODE:840e	MOV A,@R0	0	read	INTMEM	1	(register, 0x0, 1)		
instruction	CODE:8401	CODE:8416	LCALL 0xa739	4	write	INTMEM	1	(register, 0x40, 1)		(unique, 0xb400, 1)
instruction	CODE:8401	CODE:8416	LCALL 0xa739	6	write	INTMEM	1	(register, 0x40, 1)		(unique, 0x1200, 1)
instruction	CODE:8401	CODE:841e	LCALL 0xa03c	4	write	INTMEM	1	(register, 0x40, 1)		(unique, 0xb400, 1)
instruction	CODE:8401	CODE:841e	LCALL 0xa03c	6	write	INTMEM	1	(register, 0x40, 1)		(unique, 0x1200, 1)
instruction	CODE:8401	CODE:8423	RET	1	read	INTMEM	1	(register, 0x40, 1)		
instruction	CODE:8401	CODE:8423	RET	3	read	INTMEM	1	(register, 0x40, 1)		
instruction	CODE:8401	CODE:8426	RET	1	read	INTMEM	1	(register, 0x40, 1)		
instruction	CODE:8401	CODE:8426	RET	3	read	INTMEM	1	(register, 0x40, 1)		
instruction	CODE:8401	CODE:8429	MOV A,@R0	0	read	INTMEM	1	(register, 0x0, 1)		
instruction	CODE:8401	CODE:8434	RET	1	read	INTMEM	1	(register, 0x40, 1)		
instruction	CODE:8401	CODE:8434	RET	3	read	INTMEM	1	(register, 0x40, 1)		
instruction	CODE:8401	CODE:8437	RET	1	read	INTMEM	1	(register, 0x40, 1)		
instruction	CODE:8401	CODE:8437	RET	3	read	INTMEM	1	(register, 0x40, 1)		
instruction	CODE:8401	CODE:843a	RET	1	read	INTMEM	1	(register, 0x40, 1)		
instruction	CODE:8401	CODE:843a	RET	3	read	INTMEM	1	(register, 0x40, 1)		
instruction	CODE:843b	CODE:843f	MOVX @DPTR,A	2	write	EXTMEM	1	(unique, 0x2800, 2)		(unique, 0x2900, 1)
instruction	CODE:843b	CODE:8443	MOVX A,@DPTR	1	read	EXTMEM	1	(unique, 0x2800, 2)		
instruction	CODE:843b	CODE:844d	LCALL 0x10a6	4	write	INTMEM	1	(register, 0x40, 1)		(unique, 0xb400, 1)
instruction	CODE:843b	CODE:844d	LCALL 0x10a6	6	write	INTMEM	1	(register, 0x40, 1)		(unique, 0x1200, 1)
instruction	CODE:843b	CODE:8450	LCALL 0xa5eb	4	write	INTMEM	1	(register, 0x40, 1)		(unique, 0xb400, 1)
instruction	CODE:843b	CODE:8450	LCALL 0xa5eb	6	write	INTMEM	1	(register, 0x40, 1)		(unique, 0x1200, 1)
instruction	CODE:843b	CODE:8453	LCALL 0x6aab	4	write	INTMEM	1	(register, 0x40, 1)		(unique, 0xb400, 1)
instruction	CODE:843b	CODE:8453	LCALL 0x6aab	6	write	INTMEM	1	(register, 0x40, 1)		(unique, 0x1200, 1)
instruction	CODE:843b	CODE:8456	LCALL 0x9544	4	write	INTMEM	1	(register, 0x40, 1)		(unique, 0xb400, 1)
instruction	CODE:843b	CODE:8456	LCALL 0x9544	6	write	INTMEM	1	(register, 0x40, 1)		(unique, 0x1200, 1)
instruction	CODE:843b	CODE:845b	LCALL 0x6ffc	4	write	INTMEM	1	(register, 0x40, 1)		(unique, 0xb400, 1)
instruction	CODE:843b	CODE:845b	LCALL 0x6ffc	6	write	INTMEM	1	(register, 0x40, 1)		(unique, 0x1200, 1)
instruction	CODE:843b	CODE:8468	LCALL 0x666b	4	write	INTMEM	1	(register, 0x40, 1)		(unique, 0xb400, 1)
instruction	CODE:843b	CODE:8468	LCALL 0x666b	6	write	INTMEM	1	(register, 0x40, 1)		(unique, 0x1200, 1)
instruction	CODE:843b	CODE:846e	MOVX A,@DPTR	1	read	EXTMEM	1	(unique, 0x2800, 2)		
instruction	CODE:843b	CODE:8472	MOVX @DPTR,A	2	write	EXTMEM	1	(unique, 0x2800, 2)		(unique, 0x2900, 1)
instruction	CODE:843b	CODE:8473	RET	1	read	INTMEM	1	(register, 0x40, 1)		
instruction	CODE:843b	CODE:8473	RET	3	read	INTMEM	1	(register, 0x40, 1)		
instruction	CODE:8474	CODE:8474	MOVX @DPTR,A	2	write	EXTMEM	1	(unique, 0x2800, 2)		(unique, 0x2900, 1)
instruction	CODE:8474	CODE:8476	LCALL 0xad3d	4	write	INTMEM	1	(register, 0x40, 1)		(unique, 0xb400, 1)
instruction	CODE:8474	CODE:8476	LCALL 0xad3d	6	write	INTMEM	1	(register, 0x40, 1)		(unique, 0x1200, 1)
instruction	CODE:8474	CODE:8480	LCALL 0xad6d	4	write	INTMEM	1	(register, 0x40, 1)		(unique, 0xb400, 1)
instruction	CODE:8474	CODE:8480	LCALL 0xad6d	6	write	INTMEM	1	(register, 0x40, 1)		(unique, 0x1200, 1)
instruction	CODE:8474	CODE:8485	INC @R0	0	read	INTMEM	1	(register, 0x0, 1)		
instruction	CODE:8474	CODE:8485	INC @R0	2	write	INTMEM	1	(register, 0x0, 1)		(unique, 0x2a00, 1)
instruction	CODE:8474	CODE:8486	MOV A,@R0	0	read	INTMEM	1	(register, 0x0, 1)		
instruction	CODE:8474	CODE:8489	MOV @R0,A	1	write	INTMEM	1	(register, 0x0, 1)		(unique, 0x2a00, 1)
instruction	CODE:8474	CODE:848c	INC @R0	0	read	INTMEM	1	(register, 0x0, 1)		
instruction	CODE:8474	CODE:848c	INC @R0	2	write	INTMEM	1	(register, 0x0, 1)		(unique, 0x2a00, 1)
instruction	CODE:8474	CODE:848d	RET	1	read	INTMEM	1	(register, 0x40, 1)		
instruction	CODE:8474	CODE:848d	RET	3	read	INTMEM	1	(register, 0x40, 1)		
instruction	CODE:848e	CODE:8490	MOV A,@R0	0	read	INTMEM	1	(register, 0x0, 1)		
instruction	CODE:848e	CODE:8497	LCALL 0xade7	4	write	INTMEM	1	(register, 0x40, 1)		(unique, 0xb400, 1)
instruction	CODE:848e	CODE:8497	LCALL 0xade7	6	write	INTMEM	1	(register, 0x40, 1)		(unique, 0x1200, 1)
instruction	CODE:848e	CODE:849f	MOVX @DPTR,A	2	write	EXTMEM	1	(unique, 0x2800, 2)		(unique, 0x2900, 1)
instruction	CODE:848e	CODE:84a0	RET	1	read	INTMEM	1	(register, 0x40, 1)		
instruction	CODE:848e	CODE:84a0	RET	3	read	INTMEM	1	(register, 0x40, 1)		
instruction	CODE:84a1	CODE:84a5	LCALL 0xade7	4	write	INTMEM	1	(register, 0x40, 1)		(unique, 0xb400, 1)
instruction	CODE:84a1	CODE:84a5	LCALL 0xade7	6	write	INTMEM	1	(register, 0x40, 1)		(unique, 0x1200, 1)
instruction	CODE:84a1	CODE:84ac	RET	1	read	INTMEM	1	(register, 0x40, 1)		
instruction	CODE:84a1	CODE:84ac	RET	3	read	INTMEM	1	(register, 0x40, 1)		
instruction	CODE:84ad	CODE:84ad	LCALL 0xa335	4	write	INTMEM	1	(register, 0x40, 1)		(unique, 0xb400, 1)
instruction	CODE:84ad	CODE:84ad	LCALL 0xa335	6	write	INTMEM	1	(register, 0x40, 1)		(unique, 0x1200, 1)
instruction	CODE:84ad	CODE:84b2	MOV A,@R0	0	read	INTMEM	1	(register, 0x0, 1)		
instruction	CODE:84ad	CODE:84b8	MOV @R0,#0x2	1	write	INTMEM	1	(register, 0x0, 1)		(unique, 0x2a00, 1)
instruction	CODE:84ad	CODE:84c5	MOV @R0,#0x1	1	write	INTMEM	1	(register, 0x0, 1)		(unique, 0x2a00, 1)
instruction	CODE:84ad	CODE:84cd	LCALL 0x87aa	4	write	INTMEM	1	(register, 0x40, 1)		(unique, 0xb400, 1)
instruction	CODE:84ad	CODE:84cd	LCALL 0x87aa	6	write	INTMEM	1	(register, 0x40, 1)		(unique, 0x1200, 1)
instruction	CODE:84ad	CODE:84d0	LCALL 0x9bf3	4	write	INTMEM	1	(register, 0x40, 1)		(unique, 0xb400, 1)
instruction	CODE:84ad	CODE:84d0	LCALL 0x9bf3	6	write	INTMEM	1	(register, 0x40, 1)		(unique, 0x1200, 1)
instruction	CODE:84ad	CODE:84db	LCALL 0x87aa	4	write	INTMEM	1	(register, 0x40, 1)		(unique, 0xb400, 1)
instruction	CODE:84ad	CODE:84db	LCALL 0x87aa	6	write	INTMEM	1	(register, 0x40, 1)		(unique, 0x1200, 1)
instruction	CODE:84ad	CODE:84de	LCALL 0x6406	4	write	INTMEM	1	(register, 0x40, 1)		(unique, 0xb400, 1)
instruction	CODE:84ad	CODE:84de	LCALL 0x6406	6	write	INTMEM	1	(register, 0x40, 1)		(unique, 0x1200, 1)
instruction	CODE:84e6	CODE:84e8	LCALL 0x8000	4	write	INTMEM	1	(register, 0x40, 1)		(unique, 0xb400, 1)
instruction	CODE:84e6	CODE:84e8	LCALL 0x8000	6	write	INTMEM	1	(register, 0x40, 1)		(unique, 0x1200, 1)
instruction	CODE:84e6	CODE:84ee	LCALL 0x3401	4	write	INTMEM	1	(register, 0x40, 1)		(unique, 0xb400, 1)
instruction	CODE:84e6	CODE:84ee	LCALL 0x3401	6	write	INTMEM	1	(register, 0x40, 1)		(unique, 0x1200, 1)
instruction	CODE:84e6	CODE:84f2	MOVX @DPTR,A	2	write	EXTMEM	1	(unique, 0x2800, 2)		(unique, 0x2900, 1)
instruction	CODE:84e6	CODE:84f6	MOVX A,@DPTR	1	read	EXTMEM	1	(unique, 0x2800, 2)		
instruction	CODE:84e6	CODE:84f9	LCALL 0x34e6	4	write	INTMEM	1	(register, 0x40, 1)		(unique, 0xb400, 1)
instruction	CODE:84e6	CODE:84f9	LCALL 0x34e6	6	write	INTMEM	1	(register, 0x40, 1)		(unique, 0x1200, 1)
instruction	CODE:84e6	CODE:84fc	MOVX A,@DPTR	1	read	EXTMEM	1	(unique, 0x2800, 2)		
instruction	CODE:84e6	CODE:850d	LCALL 0x3401	4	write	INTMEM	1	(register, 0x40, 1)		(unique, 0xb400, 1)
instruction	CODE:84e6	CODE:850d	LCALL 0x3401	6	write	INTMEM	1	(register, 0x40, 1)		(unique, 0x1200, 1)
instruction	CODE:84e6	CODE:8511	MOVX @DPTR,A	2	write	EXTMEM	1	(unique, 0x2800, 2)		(unique, 0x2900, 1)
instruction	CODE:84e6	CODE:8515	MOVX A,@DPTR	1	read	EXTMEM	1	(unique, 0x2800, 2)		
instruction	CODE:84e6	CODE:8519	LCALL 0x34e6	4	write	INTMEM	1	(register, 0x40, 1)		(unique, 0xb400, 1)
instruction	CODE:84e6	CODE:8519	LCALL 0x34e6	6	write	INTMEM	1	(register, 0x40, 1)		(unique, 0x1200, 1)
instruction	CODE:84e6	CODE:851d	MOVX @DPTR,A	2	write	EXTMEM	1	(unique, 0x2800, 2)		(unique, 0x2900, 1)
instruction	CODE:84e6	CODE:851e	RET	1	read	INTMEM	1	(register, 0x40, 1)		
instruction	CODE:84e6	CODE:851e	RET	3	read	INTMEM	1	(register, 0x40, 1)		
instruction	CODE:851f	CODE:8521	LCALL 0xa60e	4	write	INTMEM	1	(register, 0x40, 1)		(unique, 0xb400, 1)
instruction	CODE:851f	CODE:8521	LCALL 0xa60e	6	write	INTMEM	1	(register, 0x40, 1)		(unique, 0x1200, 1)
instruction	CODE:851f	CODE:8526	LCALL 0xa6f7	4	write	INTMEM	1	(register, 0x40, 1)		(unique, 0xb400, 1)
instruction	CODE:851f	CODE:8526	LCALL 0xa6f7	6	write	INTMEM	1	(register, 0x40, 1)		(unique, 0x1200, 1)
instruction	CODE:851f	CODE:8532	LCALL 0xa60e	4	write	INTMEM	1	(register, 0x40, 1)		(unique, 0xb400, 1)
instruction	CODE:851f	CODE:8532	LCALL 0xa60e	6	write	INTMEM	1	(register, 0x40, 1)		(unique, 0x1200, 1)
instruction	CODE:851f	CODE:8537	LCALL 0xa11f	4	write	INTMEM	1	(register, 0x40, 1)		(unique, 0xb400, 1)
instruction	CODE:851f	CODE:8537	LCALL 0xa11f	6	write	INTMEM	1	(register, 0x40, 1)		(unique, 0x1200, 1)
instruction	CODE:851f	CODE:8540	LCALL 0xa6a1	4	write	INTMEM	1	(register, 0x40, 1)		(unique, 0xb400, 1)
instruction	CODE:851f	CODE:8540	LCALL 0xa6a1	6	write	INTMEM	1	(register, 0x40, 1)		(unique, 0x1200, 1)
instruction	CODE:851f	CODE:8545	LCALL 0xa6f7	4	write	INTMEM	1	(register, 0x40, 1)		(unique, 0xb400, 1)
instruction	CODE:851f	CODE:8545	LCALL 0xa6f7	6	write	INTMEM	1	(register, 0x40, 1)		(unique, 0x1200, 1)
instruction	CODE:851f	CODE:854e	RET	1	read	INTMEM	1	(register, 0x40, 1)		
instruction	CODE:851f	CODE:854e	RET	3	read	INTMEM	1	(register, 0x40, 1)		
instruction	CODE:851f	CODE:8551	RET	1	read	INTMEM	1	(register, 0x40, 1)		
instruction	CODE:851f	CODE:8551	RET	3	read	INTMEM	1	(register, 0x40, 1)		
instruction	CODE:851f	CODE:8552	LCALL 0xa806	4	write	INTMEM	1	(register, 0x40, 1)		(unique, 0xb400, 1)
instruction	CODE:851f	CODE:8552	LCALL 0xa806	6	write	INTMEM	1	(register, 0x40, 1)		(unique, 0x1200, 1)
instruction	CODE:851f	CODE:8557	RET	1	read	INTMEM	1	(register, 0x40, 1)		
instruction	CODE:851f	CODE:8557	RET	3	read	INTMEM	1	(register, 0x40, 1)		
instruction	CODE:8558	CODE:855a	MOV A,@R0	0	read	INTMEM	1	(register, 0x0, 1)		
instruction	CODE:8558	CODE:8561	MOV A,@R0	0	read	INTMEM	1	(register, 0x0, 1)		
instruction	CODE:8558	CODE:8568	RET	1	read	INTMEM	1	(register, 0x40, 1)		
instruction	CODE:8558	CODE:8568	RET	3	read	INTMEM	1	(register, 0x40, 1)		
instruction	CODE:8558	CODE:856b	LCALL 0xa6a1	4	write	INTMEM	1	(register, 0x40, 1)		(unique, 0xb400, 1)
instruction	CODE:8558	CODE:856b	LCALL 0xa6a1	6	write	INTMEM	1	(register, 0x40, 1)		(unique, 0x1200, 1)
instruction	CODE:8558	CODE:8572	RET	1	read	INTMEM	1	(register, 0x40, 1)		
instruction	CODE:8558	CODE:8572	RET	3	read	INTMEM	1	(register, 0x40, 1)		
instruction	CODE:8558	CODE:8575	LCALL 0xa60e	4	write	INTMEM	1	(register, 0x40, 1)		(unique, 0xb400, 1)
instruction	CODE:8558	CODE:8575	LCALL 0xa60e	6	write	INTMEM	1	(register, 0x40, 1)		(unique, 0x1200, 1)
instruction	CODE:8558	CODE:857c	MOV A,@R0	0	read	INTMEM	1	(register, 0x0, 1)		
instruction	CODE:8558	CODE:8581	LCALL 0x9a39	4	write	INTMEM	1	(register, 0x40, 1)		(unique, 0xb400, 1)
instruction	CODE:8558	CODE:8581	LCALL 0x9a39	6	write	INTMEM	1	(register, 0x40, 1)		(unique, 0x1200, 1)
instruction	CODE:8558	CODE:8586	LCALL 0xa03c	4	write	INTMEM	1	(register, 0x40, 1)		(unique, 0xb400, 1)
instruction	CODE:8558	CODE:8586	LCALL 0xa03c	6	write	INTMEM	1	(register, 0x40, 1)		(unique, 0x1200, 1)
instruction	CODE:8558	CODE:858d	RET	1	read	INTMEM	1	(register, 0x40, 1)		
instruction	CODE:8558	CODE:858d	RET	3	read	INTMEM	1	(register, 0x40, 1)		
instruction	CODE:8558	CODE:8590	RET	1	read	INTMEM	1	(register, 0x40, 1)		
instruction	CODE:8558	CODE:8590	RET	3	read	INTMEM	1	(register, 0x40, 1)		
instruction	CODE:8591	CODE:8596	MOVX @DPTR,A	2	write	EXTMEM	1	(unique, 0x2800, 2)		(unique, 0x2900, 1)
instruction	CODE:8591	CODE:8597	LCALL 0x9800	4	write	INTMEM	1	(register, 0x40, 1)		(unique, 0xb400, 1)
instruction	CODE:8591	CODE:8597	LCALL 0x9800	6	write	INTMEM	1	(register, 0x40, 1)		(unique, 0x1200, 1)
instruction	CODE:8591	CODE:859c	LCALL 0x990c	4	write	INTMEM	1	(register, 0x40, 1)		(unique, 0xb400, 1)
instruction	CODE:8591	CODE:859c	LCALL 0x990c	6	write	INTMEM	1	(register, 0x40, 1)		(unique, 0x1200, 1)
instruction	CODE:8591	CODE:85a3	MOVX @DPTR,A	2	write	EXTMEM	1	(unique, 0x2800, 2)		(unique, 0x2900, 1)
instruction	CODE:8591	CODE:85a4	LCALL 0x9cf0	4	write	INTMEM	1	(register, 0x40, 1)		(unique, 0xb400, 1)
instruction	CODE:8591	CODE:85a4	LCALL 0x9cf0	6	write	INTMEM	1	(register, 0x40, 1)		(unique, 0x1200, 1)
instruction	CODE:8591	CODE:85a7	LCALL 0x9894	4	write	INTMEM	1	(register, 0x40, 1)		(unique, 0xb400, 1)
instruction	CODE:8591	CODE:85a7	LCALL 0x9894	6	write	INTMEM	1	(register, 0x40, 1)		(unique, 0x1200, 1)
instruction	CODE:8591	CODE:85ad	LCALL 0xae2a	4	write	INTMEM	1	(register, 0x40, 1)		(unique, 0xb400, 1)
instruction	CODE:8591	CODE:85ad	LCALL 0xae2a	6	write	INTMEM	1	(register, 0x40, 1)		(unique, 0x1200, 1)
instruction	CODE:8591	CODE:85b3	MOVX A,@DPTR	1	read	EXTMEM	1	(unique, 0x2800, 2)		
instruction	CODE:8591	CODE:85b5	LCALL 0xa824	4	write	INTMEM	1	(register, 0x40, 1)		(unique, 0xb400, 1)
instruction	CODE:8591	CODE:85b5	LCALL 0xa824	6	write	INTMEM	1	(register, 0x40, 1)		(unique, 0x1200, 1)
instruction	CODE:8591	CODE:85bb	LCALL 0x4758	4	write	INTMEM	1	(register, 0x40, 1)		(unique, 0xb400, 1)
instruction	CODE:8591	CODE:85bb	LCALL 0x4758	6	write	INTMEM	1	(register, 0x40, 1)		(unique, 0x1200, 1)
instruction	CODE:8591	CODE:85c1	LCALL 0xadf3	4	write	INTMEM	1	(register, 0x40, 1)		(unique, 0xb400, 1)
instruction	CODE:8591	CODE:85c1	LCALL 0xadf3	6	write	INTMEM	1	(register, 0x40, 1)		(unique, 0x1200, 1)
instruction	CODE:85c9	CODE:85cb	MOV A,@R0	0	read	INTMEM	1	(register, 0x0, 1)		
instruction	CODE:85c9	CODE:85d2	MOV A,@R0	0	read	INTMEM	1	(register, 0x0, 1)		
instruction	CODE:85c9	CODE:85dd	LCALL 0x9490	4	write	INTMEM	1	(register, 0x40, 1)		(unique, 0xb400, 1)
instruction	CODE:85c9	CODE:85dd	LCALL 0x9490	6	write	INTMEM	1	(register, 0x40, 1)		(unique, 0x1200, 1)
instruction	CODE:85c9	CODE:85e0	LCALL 0xa53c	4	write	INTMEM	1	(register, 0x40, 1)		(unique, 0xb400, 1)
instruction	CODE:85c9	CODE:85e0	LCALL 0xa53c	6	write	INTMEM	1	(register, 0x40, 1)		(unique, 0x1200, 1)
instruction	CODE:85c9	CODE:85e9	RET	1	read	INTMEM	1	(register, 0x40, 1)		
instruction	CODE:85c9	CODE:85e9	RET	3	read	INTMEM	1	(register, 0x40, 1)		
instruction	CODE:85c9	CODE:85ea	LCALL 0xa499	4	write	INTMEM	1	(register, 0x40, 1)		(unique, 0xb400, 1)
instruction	CODE:85c9	CODE:85ea	LCALL 0xa499	6	write	INTMEM	1	(register, 0x40, 1)		(unique, 0x1200, 1)
instruction	CODE:85c9	CODE:85f1	LCALL 0xa6a8	4	write	INTMEM	1	(register, 0x40, 1)		(unique, 0xb400, 1)
instruction	CODE:85c9	CODE:85f1	LCALL 0xa6a8	6	write	INTMEM	1	(register, 0x40, 1)		(unique, 0x1200, 1)
instruction	CODE:85c9	CODE:85f6	LCALL 0xa809	4	write	INTMEM	1	(register, 0x40, 1)		(unique, 0xb400, 1)
instruction	CODE:85c9	CODE:85f6	LCALL 0xa809	6	write	INTMEM	1	(register, 0x40, 1)		(unique, 0x1200, 1)
instruction	CODE:85c9	CODE:85fb	LCALL 0xa03c	4	write	INTMEM	1	(register, 0x40, 1)		(unique, 0xb400, 1)
instruction	CODE:85c9	CODE:85fb	LCALL 0xa03c	6	write	INTMEM	1	(register, 0x40, 1)		(unique, 0x1200, 1)
instruction	CODE:85c9	CODE:8600	RET	1	read	INTMEM	1	(register, 0x40, 1)		
instruction	CODE:85c9	CODE:8600	RET	3	read	INTMEM	1	(register, 0x40, 1)		
instruction	CODE:8601	CODE:8603	MOV A,@R0	0	read	INTMEM	1	(register, 0x0, 1)		
instruction	CODE:8601	CODE:8605	LCALL 0x342d	4	write	INTMEM	1	(register, 0x40, 1)		(unique, 0xb400, 1)
instruction	CODE:8601	CODE:8605	LCALL 0x342d	6	write	INTMEM	1	(register, 0x40, 1)		(unique, 0x1200, 1)
instruction	CODE:8601	CODE:8608	MOVX A,@DPTR	1	read	EXTMEM	1	(unique, 0x2800, 2)		
instruction	CODE:8601	CODE:860f	LCALL 0x342f	4	write	INTMEM	1	(register, 0x40, 1)		(unique, 0xb400, 1)
instruction	CODE:8601	CODE:860f	LCALL 0x342f	6	write	INTMEM	1	(register, 0x40, 1)		(unique, 0x1200, 1)
instruction	CODE:8601	CODE:8613	MOVX @DPTR,A	2	write	EXTMEM	1	(unique, 0x2800, 2)		(unique, 0x2900, 1)
instruction	CODE:8601	CODE:8617	LCALL 0xa377	4	write	INTMEM	1	(register, 0x40, 1)		(unique, 0xb400, 1)
instruction	CODE:8601	CODE:8617	LCALL 0xa377	6	write	INTMEM	1	(register, 0x40, 1)		(unique, 0x1200, 1)
instruction	CODE:8601	CODE:861a	LCALL 0x33d6	4	write	INTMEM	1	(register, 0x40, 1)		(unique, 0xb400, 1)
instruction	CODE:8601	CODE:861a	LCALL 0x33d6	6	write	INTMEM	1	(register, 0x40, 1)		(unique, 0x1200, 1)
instruction	CODE:8601	CODE:861d	LCALL 0x33df	4	write	INTMEM	1	(register, 0x40, 1)		(unique, 0xb400, 1)
instruction	CODE:8601	CODE:861d	LCALL 0x33df	6	write	INTMEM	1	(register, 0x40, 1)		(unique, 0x1200, 1)
instruction	CODE:8601	CODE:8622	LCALL 0x33d3	4	write	INTMEM	1	(register, 0x40, 1)		(unique, 0xb400, 1)
instruction	CODE:8601	CODE:8622	LCALL 0x33d3	6	write	INTMEM	1	(register, 0x40, 1)		(unique, 0x1200, 1)
instruction	CODE:8601	CODE:8628	LCALL 0x33e2	4	write	INTMEM	1	(register, 0x40, 1)		(unique, 0xb400, 1)
instruction	CODE:8601	CODE:8628	LCALL 0x33e2	6	write	INTMEM	1	(register, 0x40, 1)		(unique, 0x1200, 1)
instruction	CODE:8601	CODE:8634	LCALL 0xa53c	4	write	INTMEM	1	(register, 0x40, 1)		(unique, 0xb400, 1)
instruction	CODE:8601	CODE:8634	LCALL 0xa53c	6	write	INTMEM	1	(register, 0x40, 1)		(unique, 0x1200, 1)
instruction	CODE:8601	CODE:8637	RET	1	read	INTMEM	1	(register, 0x40, 1)		
instruction	CODE:8601	CODE:8637	RET	3	read	INTMEM	1	(register, 0x40, 1)		
instruction	CODE:8638	CODE:863a	MOV A,@R0	0	read	INTMEM	1	(register, 0x0, 1)		
instruction	CODE:8638	CODE:8641	MOV A,@R0	0	read	INTMEM	1	(register, 0x0, 1)		
instruction	CODE:8638	CODE:8652	LCALL 0xa65b	4	write	INTMEM	1	(register, 0x40, 1)		(unique, 0xb400, 1)
instruction	CODE:8638	CODE:8652	LCALL 0xa65b	6	write	INTMEM	1	(register, 0x40, 1)		(unique, 0x1200, 1)
instruction	CODE:8638	CODE:865b	RET	1	read	INTMEM	1	(register, 0x40, 1)		
instruction	CODE:8638	CODE:865b	RET	3	read	INTMEM	1	(register, 0x40, 1)		
instruction	CODE:8638	CODE:865e	RET	1	read	INTMEM	1	(register, 0x40, 1)		
instruction	CODE:8638	CODE:865e	RET	3	read	INTMEM	1	(register, 0x40, 1)		
instruction	CODE:8638	CODE:8661	RET	1	read	INTMEM	1	(register, 0x40, 1)		
instruction	CODE:8638	CODE:8661	RET	3	read	INTMEM	1	(register, 0x40, 1)		
instruction	CODE:8638	CODE:8664	LCALL 0xa607	4	write	INTMEM	1	(register, 0x40, 1)		(unique, 0xb400, 1)
instruction	CODE:8638	CODE:8664	LCALL 0xa607	6	write	INTMEM	1	(register, 0x40, 1)		(unique, 0x1200, 1)
instruction	CODE:8638	CODE:866b	RET	1	read	INTMEM	1	(register, 0x40, 1)		
instruction	CODE:8638	CODE:866b	RET	3	read	INTMEM	1	(register, 0x40, 1)		
instruction	CODE:8638	CODE:866e	RET	1	read	INTMEM	1	(register, 0x40, 1)		
instruction	CODE:8638	CODE:866e	RET	3	read	INTMEM	1	(register, 0x40, 1)		
instruction	CODE:866f	CODE:866f	LCALL 0xa403	4	write	INTMEM	1	(register, 0x40, 1)		(unique, 0xb400, 1)
instruction	CODE:866f	CODE:866f	LCALL 0xa403	6	write	INTMEM	1	(register, 0x40, 1)		(unique, 0x1200, 1)
instruction	CODE:866f	CODE:8676	LCALL 0x5062	4	write	INTMEM	1	(register, 0x40, 1)		(unique, 0xb400, 1)
instruction	CODE:866f	CODE:8676	LCALL 0x5062	6	write	INTMEM	1	(register, 0x40, 1)		(unique, 0x1200, 1)
instruction	CODE:866f	CODE:867c	MOVX A,@DPTR	1	read	EXTMEM	1	(unique, 0x2800, 2)		
instruction	CODE:866f	CODE:8680	MOVX A,@DPTR	1	read	EXTMEM	1	(unique, 0x2800, 2)		
instruction	CODE:866f	CODE:8683	LCALL 0xa335	4	write	INTMEM	1	(register, 0x40, 1)		(unique, 0xb400, 1)
instruction	CODE:866f	CODE:8683	LCALL 0xa335	6	write	INTMEM	1	(register, 0x40, 1)		(unique, 0x1200, 1)
instruction	CODE:866f	CODE:868b	MOVX A,@DPTR	1	read	EXTMEM	1	(unique, 0x2800, 2)		
instruction	CODE:866f	CODE:868e	MOVX A,@DPTR	1	read	EXTMEM	1	(unique, 0x2800, 2)		
instruction	CODE:866f	CODE:8690	LCALL 0x6ba4	4	write	INTMEM	1	(register, 0x40, 1)		(unique, 0xb400, 1)
instruction	CODE:866f	CODE:8690	LCALL 0x6ba4	6	write	INTMEM	1	(register, 0x40, 1)		(unique, 0x1200, 1)
instruction	CODE:866f	CODE:8696	MOVX A,@DPTR	1	read	EXTMEM	1	(unique, 0x2800, 2)		
instruction	CODE:866f	CODE:8699	MOVX A,@DPTR	1	read	EXTMEM	1	(unique, 0x2800, 2)		
instruction	CODE:866f	CODE:869c	MOVX A,@DPTR	1	read	EXTMEM	1	(unique, 0x2800, 2)		
instruction	CODE:866f	CODE:869f	MOVX A,@DPTR	1	read	EXTMEM	1	(unique, 0x2800, 2)		
instruction	CODE:866f	CODE:86a1	LCALL 0xa7c6	4	write	INTMEM	1	(register, 0x40, 1)		(unique, 0xb400, 1)
instruction	CODE:866f	CODE:86a1	LCALL 0xa7c6	6	write	INTMEM	1	(register, 0x40, 1)		(unique, 0x1200, 1)
instruction	CODE:866f	CODE:86a4	RET	1	read	INTMEM	1	(register, 0x40, 1)		
instruction	CODE:866f	CODE:86a4	RET	3	read	INTMEM	1	(register, 0x40, 1)		
instruction	CODE:86a5	CODE:86a8	LCALL 0xae2a	4	write	INTMEM	1	(register, 0x40, 1)		(unique, 0xb400, 1)
instruction	CODE:86a5	CODE:86a8	LCALL 0xae2a	6	write	INTMEM	1	(register, 0x40, 1)		(unique, 0x1200, 1)
instruction	CODE:86a5	CODE:86af	LCALL 0xab49	4	write	INTMEM	1	(register, 0x40, 1)		(unique, 0xb400, 1)
instruction	CODE:86a5	CODE:86af	LCALL 0xab49	6	write	INTMEM	1	(register, 0x40, 1)		(unique, 0x1200, 1)
instruction	CODE:86a5	CODE:86b8	LCALL 0xa335	4	write	INTMEM	1	(register, 0x40, 1)		(unique, 0xb400, 1)
instruction	CODE:86a5	CODE:86b8	LCALL 0xa335	6	write	INTMEM	1	(register, 0x40, 1)		(unique, 0x1200, 1)
instruction	CODE:86a5	CODE:86c0	LCALL 0x1e28	4	write	INTMEM	1	(register, 0x40, 1)		(unique, 0xb400, 1)
instruction	CODE:86a5	CODE:86c0	LCALL 0x1e28	6	write	INTMEM	1	(register, 0x40, 1)		(unique, 0x1200, 1)
instruction	CODE:86a5	CODE:86c7	LCALL 0x1e28	4	write	INTMEM	1	(register, 0x40, 1)		(unique, 0xb400, 1)
instruction	CODE:86a5	CODE:86c7	LCALL 0x1e28	6	write	INTMEM	1	(register, 0x40, 1)		(unique, 0x1200, 1)
instruction	CODE:86a5	CODE:86d1	LCALL 0x1e28	4	write	INTMEM	1	(register, 0x40, 1)		(unique, 0xb400, 1)
instruction	CODE:86a5	CODE:86d1	LCALL 0x1e28	6	write	INTMEM	1	(register, 0x40, 1)		(unique, 0x1200, 1)
instruction	unassigned	CODE:86d6	LCALL 0xa9ae	4	write	INTMEM	1	(register, 0x40, 1)		(unique, 0xb400, 1)
instruction	unassigned	CODE:86d6	LCALL 0xa9ae	6	write	INTMEM	1	(register, 0x40, 1)		(unique, 0x1200, 1)
instruction	unassigned	CODE:86d9	RET	1	read	INTMEM	1	(register, 0x40, 1)		
instruction	unassigned	CODE:86d9	RET	3	read	INTMEM	1	(register, 0x40, 1)		
instruction	CODE:86da	CODE:86da	LCALL 0x82bd	4	write	INTMEM	1	(register, 0x40, 1)		(unique, 0xb400, 1)
instruction	CODE:86da	CODE:86da	LCALL 0x82bd	6	write	INTMEM	1	(register, 0x40, 1)		(unique, 0x1200, 1)
instruction	CODE:86da	CODE:86dd	MOVX A,@DPTR	1	read	EXTMEM	1	(unique, 0x2800, 2)		
instruction	CODE:86da	CODE:86e1	MOVX @DPTR,A	2	write	EXTMEM	1	(unique, 0x2800, 2)		(unique, 0x2900, 1)
instruction	CODE:86da	CODE:86e5	MOVX A,@DPTR	1	read	EXTMEM	1	(unique, 0x2800, 2)		
instruction	CODE:86da	CODE:86e7	MOVX @DPTR,A	2	write	EXTMEM	1	(unique, 0x2800, 2)		(unique, 0x2900, 1)
instruction	CODE:86da	CODE:86ef	MOVX A,@DPTR	1	read	EXTMEM	1	(unique, 0x2800, 2)		
instruction	CODE:86da	CODE:86f1	MOVX @DPTR,A	2	write	EXTMEM	1	(unique, 0x2800, 2)		(unique, 0x2900, 1)
instruction	CODE:86da	CODE:86f7	MOVX A,@DPTR	1	read	EXTMEM	1	(unique, 0x2800, 2)		
instruction	CODE:86da	CODE:86f9	LCALL 0xa000	4	write	INTMEM	1	(register, 0x40, 1)		(unique, 0xb400, 1)
instruction	CODE:86da	CODE:86f9	LCALL 0xa000	6	write	INTMEM	1	(register, 0x40, 1)		(unique, 0x1200, 1)
instruction	CODE:86da	CODE:8701	MOVX A,@DPTR	1	read	EXTMEM	1	(unique, 0x2800, 2)		
instruction	CODE:86da	CODE:870a	LCALL 0x9e49	4	write	INTMEM	1	(register, 0x40, 1)		(unique, 0xb400, 1)
instruction	CODE:86da	CODE:870a	LCALL 0x9e49	6	write	INTMEM	1	(register, 0x40, 1)		(unique, 0x1200, 1)
instruction	CODE:86da	CODE:870d	RET	1	read	INTMEM	1	(register, 0x40, 1)		
instruction	CODE:86da	CODE:870d	RET	3	read	INTMEM	1	(register, 0x40, 1)		
instruction	CODE:870e	CODE:871c	MOVX @DPTR,A	2	write	EXTMEM	1	(unique, 0x2800, 2)		(unique, 0x2900, 1)
instruction	CODE:870e	CODE:871d	LCALL 0xa085	4	write	INTMEM	1	(register, 0x40, 1)		(unique, 0xb400, 1)
instruction	CODE:870e	CODE:871d	LCALL 0xa085	6	write	INTMEM	1	(register, 0x40, 1)		(unique, 0x1200, 1)
instruction	CODE:870e	CODE:8724	MOVX A,@DPTR	1	read	EXTMEM	1	(unique, 0x2800, 2)		
instruction	CODE:870e	CODE:8728	LCALL 0x7f77	4	write	INTMEM	1	(register, 0x40, 1)		(unique, 0xb400, 1)
instruction	CODE:870e	CODE:8728	LCALL 0x7f77	6	write	INTMEM	1	(register, 0x40, 1)		(unique, 0x1200, 1)
instruction	CODE:870e	CODE:8730	MOVX A,@DPTR	1	read	EXTMEM	1	(unique, 0x2800, 2)		
instruction	CODE:870e	CODE:8733	MOV @R0,A	1	write	INTMEM	1	(register, 0x0, 1)		(unique, 0x2a00, 1)
instruction	CODE:870e	CODE:8738	MOV @R0,0x07	1	write	INTMEM	1	(register, 0x0, 1)		(unique, 0x2a00, 1)
instruction	CODE:870e	CODE:873e	LCALL 0xa638	4	write	INTMEM	1	(register, 0x40, 1)		(unique, 0xb400, 1)
instruction	CODE:870e	CODE:873e	LCALL 0xa638	6	write	INTMEM	1	(register, 0x40, 1)		(unique, 0x1200, 1)
instruction	CODE:870e	CODE:8741	RET	1	read	INTMEM	1	(register, 0x40, 1)		
instruction	CODE:870e	CODE:8741	RET	3	read	INTMEM	1	(register, 0x40, 1)		
instruction	CODE:8742	CODE:8744	MOV A,@R0	0	read	INTMEM	1	(register, 0x0, 1)		
instruction	CODE:8742	CODE:874d	MOV A,@R0	0	read	INTMEM	1	(register, 0x0, 1)		
instruction	CODE:8742	CODE:8766	LCALL 0xa90e	4	write	INTMEM	1	(register, 0x40, 1)		(unique, 0xb400, 1)
instruction	CODE:8742	CODE:8766	LCALL 0xa90e	6	write	INTMEM	1	(register, 0x40, 1)		(unique, 0x1200, 1)
instruction	CODE:8742	CODE:876b	INC @R0	0	read	INTMEM	1	(register, 0x0, 1)		
instruction	CODE:8742	CODE:876b	INC @R0	2	write	INTMEM	1	(register, 0x0, 1)		(unique, 0x2a00, 1)
instruction	CODE:8742	CODE:876c	MOV A,@R0	0	read	INTMEM	1	(register, 0x0, 1)		
instruction	CODE:8742	CODE:876f	MOV @R0,A	1	write	INTMEM	1	(register, 0x0, 1)		(unique, 0x2a00, 1)
instruction	CODE:8742	CODE:8771	DEC @R0	0	read	INTMEM	1	(register, 0x0, 1)		
instruction	CODE:8742	CODE:8771	DEC @R0	2	write	INTMEM	1	(register, 0x0, 1)		(unique, 0x2a00, 1)
instruction	CODE:8742	CODE:8773	RET	1	read	INTMEM	1	(register, 0x40, 1)		
instruction	CODE:8742	CODE:8773	RET	3	read	INTMEM	1	(register, 0x40, 1)		
instruction	CODE:8742	CODE:8775	RET	1	read	INTMEM	1	(register, 0x40, 1)		
instruction	CODE:8742	CODE:8775	RET	3	read	INTMEM	1	(register, 0x40, 1)		
instruction	CODE:8776	CODE:8779	LCALL 0x476c	4	write	INTMEM	1	(register, 0x40, 1)		(unique, 0xb400, 1)
instruction	CODE:8776	CODE:8779	LCALL 0x476c	6	write	INTMEM	1	(register, 0x40, 1)		(unique, 0x1200, 1)
instruction	CODE:8776	CODE:8782	LCALL 0x87aa	4	write	INTMEM	1	(register, 0x40, 1)		(unique, 0xb400, 1)
instruction	CODE:8776	CODE:8782	LCALL 0x87aa	6	write	INTMEM	1	(register, 0x40, 1)		(unique, 0x1200, 1)
instruction	CODE:8776	CODE:8788	LCALL 0x879f	4	write	INTMEM	1	(register, 0x40, 1)		(unique, 0xb400, 1)
instruction	CODE:8776	CODE:8788	LCALL 0x879f	6	write	INTMEM	1	(register, 0x40, 1)		(unique, 0x1200, 1)
instruction	CODE:8776	CODE:878f	LCALL 0x87aa	4	write	INTMEM	1	(register, 0x40, 1)		(unique, 0xb400, 1)
instruction	CODE:8776	CODE:878f	LCALL 0x87aa	6	write	INTMEM	1	(register, 0x40, 1)		(unique, 0x1200, 1)
instruction	CODE:8776	CODE:8795	LCALL 0x879f	4	write	INTMEM	1	(register, 0x40, 1)		(unique, 0xb400, 1)
instruction	CODE:8776	CODE:8795	LCALL 0x879f	6	write	INTMEM	1	(register, 0x40, 1)		(unique, 0x1200, 1)
instruction	CODE:879f	CODE:879f	MOVX A,@DPTR	1	read	EXTMEM	1	(unique, 0x2800, 2)		
instruction	CODE:879f	CODE:87a2	MOVX A,@DPTR	1	read	EXTMEM	1	(unique, 0x2800, 2)		
instruction	CODE:879f	CODE:87a4	LCALL 0x31dd	4	write	INTMEM	1	(register, 0x40, 1)		(unique, 0xb400, 1)
instruction	CODE:879f	CODE:87a4	LCALL 0x31dd	6	write	INTMEM	1	(register, 0x40, 1)		(unique, 0x1200, 1)
instruction	CODE:879f	CODE:87a9	RET	1	read	INTMEM	1	(register, 0x40, 1)		
instruction	CODE:879f	CODE:87a9	RET	3	read	INTMEM	1	(register, 0x40, 1)		
instruction	CODE:87aa	CODE:87ad	LCALL 0xae2a	4	write	INTMEM	1	(register, 0x40, 1)		(unique, 0xb400, 1)
instruction	CODE:87aa	CODE:87ad	LCALL 0xae2a	6	write	INTMEM	1	(register, 0x40, 1)		(unique, 0x1200, 1)
instruction	CODE:87aa	CODE:87b9	LCALL 0xae2a	4	write	INTMEM	1	(register, 0x40, 1)		(unique, 0xb400, 1)
instruction	CODE:87aa	CODE:87b9	LCALL 0xae2a	6	write	INTMEM	1	(register, 0x40, 1)		(unique, 0x1200, 1)
instruction	CODE:87aa	CODE:87bf	LCALL 0xadf3	4	write	INTMEM	1	(register, 0x40, 1)		(unique, 0xb400, 1)
instruction	CODE:87aa	CODE:87bf	LCALL 0xadf3	6	write	INTMEM	1	(register, 0x40, 1)		(unique, 0x1200, 1)
instruction	CODE:87dd	CODE:87e3	LCALL 0x87aa	4	write	INTMEM	1	(register, 0x40, 1)		(unique, 0xb400, 1)
instruction	CODE:87dd	CODE:87e3	LCALL 0x87aa	6	write	INTMEM	1	(register, 0x40, 1)		(unique, 0x1200, 1)
instruction	CODE:87dd	CODE:87e8	LCALL 0x7616	4	write	INTMEM	1	(register, 0x40, 1)		(unique, 0xb400, 1)
instruction	CODE:87dd	CODE:87e8	LCALL 0x7616	6	write	INTMEM	1	(register, 0x40, 1)		(unique, 0x1200, 1)
instruction	CODE:87dd	CODE:87ed	LCALL 0x9ba3	4	write	INTMEM	1	(register, 0x40, 1)		(unique, 0xb400, 1)
instruction	CODE:87dd	CODE:87ed	LCALL 0x9ba3	6	write	INTMEM	1	(register, 0x40, 1)		(unique, 0x1200, 1)
instruction	CODE:87dd	CODE:87f0	LCALL 0x996c	4	write	INTMEM	1	(register, 0x40, 1)		(unique, 0xb400, 1)
instruction	CODE:87dd	CODE:87f0	LCALL 0x996c	6	write	INTMEM	1	(register, 0x40, 1)		(unique, 0x1200, 1)
instruction	CODE:87dd	CODE:87f5	MOV A,@R0	0	read	INTMEM	1	(register, 0x0, 1)		
instruction	CODE:87dd	CODE:87fc	LCALL 0x102e	4	write	INTMEM	1	(register, 0x40, 1)		(unique, 0xb400, 1)
instruction	CODE:87dd	CODE:87fc	LCALL 0x102e	6	write	INTMEM	1	(register, 0x40, 1)		(unique, 0x1200, 1)
instruction	CODE:87dd	CODE:87ff	RET	1	read	INTMEM	1	(register, 0x40, 1)		
instruction	CODE:87dd	CODE:87ff	RET	3	read	INTMEM	1	(register, 0x40, 1)		
instruction	CODE:8800	CODE:8804	MOVX @DPTR,A	2	write	EXTMEM	1	(unique, 0x2800, 2)		(unique, 0x2900, 1)
instruction	CODE:8800	CODE:880c	MOVX @DPTR,A	2	write	EXTMEM	1	(unique, 0x2800, 2)		(unique, 0x2900, 1)
instruction	CODE:8800	CODE:8812	MOV A,@R0	0	read	INTMEM	1	(register, 0x0, 1)		
instruction	CODE:8800	CODE:8818	LCALL 0x848e	4	write	INTMEM	1	(register, 0x40, 1)		(unique, 0xb400, 1)
instruction	CODE:8800	CODE:8818	LCALL 0x848e	6	write	INTMEM	1	(register, 0x40, 1)		(unique, 0x1200, 1)
instruction	CODE:8800	CODE:881d	MOVX @DPTR,A	2	write	EXTMEM	1	(unique, 0x2800, 2)		(unique, 0x2900, 1)
instruction	CODE:8800	CODE:8821	MOVX A,@DPTR	1	read	EXTMEM	1	(unique, 0x2800, 2)		
instruction	CODE:8800	CODE:8828	LCALL 0x8474	4	write	INTMEM	1	(register, 0x40, 1)		(unique, 0xb400, 1)
instruction	CODE:8800	CODE:8828	LCALL 0x8474	6	write	INTMEM	1	(register, 0x40, 1)		(unique, 0x1200, 1)
instruction	CODE:8800	CODE:882e	MOVX A,@DPTR	1	read	EXTMEM	1	(unique, 0x2800, 2)		
instruction	CODE:8800	CODE:8831	RET	1	read	INTMEM	1	(register, 0x40, 1)		
instruction	CODE:8800	CODE:8831	RET	3	read	INTMEM	1	(register, 0x40, 1)		
instruction	CODE:8832	CODE:8836	MOVX @DPTR,A	2	write	EXTMEM	1	(unique, 0x2800, 2)		(unique, 0x2900, 1)
instruction	CODE:8832	CODE:8839	MOVX @DPTR,A	2	write	EXTMEM	1	(unique, 0x2800, 2)		(unique, 0x2900, 1)
instruction	CODE:8832	CODE:8846	LCALL 0x79d0	4	write	INTMEM	1	(register, 0x40, 1)		(unique, 0xb400, 1)
instruction	CODE:8832	CODE:8846	LCALL 0x79d0	6	write	INTMEM	1	(register, 0x40, 1)		(unique, 0x1200, 1)
instruction	CODE:8832	CODE:884d	LCALL 0x9241	4	write	INTMEM	1	(register, 0x40, 1)		(unique, 0xb400, 1)
instruction	CODE:8832	CODE:884d	LCALL 0x9241	6	write	INTMEM	1	(register, 0x40, 1)		(unique, 0x1200, 1)
instruction	CODE:8832	CODE:8853	MOVX A,@DPTR	1	read	EXTMEM	1	(unique, 0x2800, 2)		
instruction	CODE:8832	CODE:8856	MOVX A,@DPTR	1	read	EXTMEM	1	(unique, 0x2800, 2)		
instruction	CODE:8832	CODE:8858	LCALL 0x6de5	4	write	INTMEM	1	(register, 0x40, 1)		(unique, 0xb400, 1)
instruction	CODE:8832	CODE:8858	LCALL 0x6de5	6	write	INTMEM	1	(register, 0x40, 1)		(unique, 0x1200, 1)
instruction	CODE:8832	CODE:885b	LCALL 0xa335	4	write	INTMEM	1	(register, 0x40, 1)		(unique, 0xb400, 1)
instruction	CODE:8832	CODE:885b	LCALL 0xa335	6	write	INTMEM	1	(register, 0x40, 1)		(unique, 0x1200, 1)
instruction	CODE:8832	CODE:8860	LCALL 0x6406	4	write	INTMEM	1	(register, 0x40, 1)		(unique, 0xb400, 1)
instruction	CODE:8832	CODE:8860	LCALL 0x6406	6	write	INTMEM	1	(register, 0x40, 1)		(unique, 0x1200, 1)
instruction	CODE:8832	CODE:8863	RET	1	read	INTMEM	1	(register, 0x40, 1)		
instruction	CODE:8832	CODE:8863	RET	3	read	INTMEM	1	(register, 0x40, 1)		
instruction	CODE:8864	CODE:8866	MOV A,@R0	0	read	INTMEM	1	(register, 0x0, 1)		
instruction	CODE:8864	CODE:8868	LCALL 0x109e	4	write	INTMEM	1	(register, 0x40, 1)		(unique, 0xb400, 1)
instruction	CODE:8864	CODE:8868	LCALL 0x109e	6	write	INTMEM	1	(register, 0x40, 1)		(unique, 0x1200, 1)
instruction	CODE:8864	CODE:886b	LCALL 0x5078	4	write	INTMEM	1	(register, 0x40, 1)		(unique, 0xb400, 1)
instruction	CODE:8864	CODE:886b	LCALL 0x5078	6	write	INTMEM	1	(register, 0x40, 1)		(unique, 0x1200, 1)
instruction	CODE:8864	CODE:886e	MOVX A,@DPTR	1	read	EXTMEM	1	(unique, 0x2800, 2)		
instruction	CODE:8864	CODE:8870	LCALL 0x691c	4	write	INTMEM	1	(register, 0x40, 1)		(unique, 0xb400, 1)
instruction	CODE:8864	CODE:8870	LCALL 0x691c	6	write	INTMEM	1	(register, 0x40, 1)		(unique, 0x1200, 1)
instruction	CODE:8864	CODE:8875	MOV A,@R0	0	read	INTMEM	1	(register, 0x0, 1)		
instruction	CODE:8864	CODE:8877	LCALL 0x507b	4	write	INTMEM	1	(register, 0x40, 1)		(unique, 0xb400, 1)
instruction	CODE:8864	CODE:8877	LCALL 0x507b	6	write	INTMEM	1	(register, 0x40, 1)		(unique, 0x1200, 1)
instruction	CODE:8864	CODE:887a	MOVX A,@DPTR	1	read	EXTMEM	1	(unique, 0x2800, 2)		
instruction	CODE:8864	CODE:8881	LCALL 0x507d	4	write	INTMEM	1	(register, 0x40, 1)		(unique, 0xb400, 1)
instruction	CODE:8864	CODE:8881	LCALL 0x507d	6	write	INTMEM	1	(register, 0x40, 1)		(unique, 0x1200, 1)
instruction	CODE:8864	CODE:8885	MOVX @DPTR,A	2	write	EXTMEM	1	(unique, 0x2800, 2)		(unique, 0x2900, 1)
instruction	CODE:8864	CODE:8886	LCALL 0x8e81	4	write	INTMEM	1	(register, 0x40, 1)		(unique, 0xb400, 1)
instruction	CODE:8864	CODE:8886	LCALL 0x8e81	6	write	INTMEM	1	(register, 0x40, 1)		(unique, 0x1200, 1)
instruction	CODE:8864	CODE:8889	LCALL 0x8f87	4	write	INTMEM	1	(register, 0x40, 1)		(unique, 0xb400, 1)
instruction	CODE:8864	CODE:8889	LCALL 0x8f87	6	write	INTMEM	1	(register, 0x40, 1)		(unique, 0x1200, 1)
instruction	CODE:8864	CODE:888c	LCALL 0xa595	4	write	INTMEM	1	(register, 0x40, 1)		(unique, 0xb400, 1)
instruction	CODE:8864	CODE:888c	LCALL 0xa595	6	write	INTMEM	1	(register, 0x40, 1)		(unique, 0x1200, 1)
instruction	CODE:8864	CODE:888f	LCALL 0x5085	4	write	INTMEM	1	(register, 0x40, 1)		(unique, 0xb400, 1)
instruction	CODE:8864	CODE:888f	LCALL 0x5085	6	write	INTMEM	1	(register, 0x40, 1)		(unique, 0x1200, 1)
instruction	CODE:8864	CODE:8893	MOVX @DPTR,A	2	write	EXTMEM	1	(unique, 0x2800, 2)		(unique, 0x2900, 1)
instruction	CODE:8864	CODE:8894	RET	1	read	INTMEM	1	(register, 0x40, 1)		
instruction	CODE:8864	CODE:8894	RET	3	read	INTMEM	1	(register, 0x40, 1)		
instruction	CODE:8895	CODE:88a1	LCALL 0x82a9	4	write	INTMEM	1	(register, 0x40, 1)		(unique, 0xb400, 1)
instruction	CODE:8895	CODE:88a1	LCALL 0x82a9	6	write	INTMEM	1	(register, 0x40, 1)		(unique, 0x1200, 1)
instruction	CODE:8895	CODE:88a6	MOV A,@R0	0	read	INTMEM	1	(register, 0x0, 1)		
instruction	CODE:8895	CODE:88ad	LCALL 0x9ba3	4	write	INTMEM	1	(register, 0x40, 1)		(unique, 0xb400, 1)
instruction	CODE:8895	CODE:88ad	LCALL 0x9ba3	6	write	INTMEM	1	(register, 0x40, 1)		(unique, 0x1200, 1)
instruction	CODE:8895	CODE:88b2	LCALL 0xa646	4	write	INTMEM	1	(register, 0x40, 1)		(unique, 0xb400, 1)
instruction	CODE:8895	CODE:88b2	LCALL 0xa646	6	write	INTMEM	1	(register, 0x40, 1)		(unique, 0x1200, 1)
instruction	CODE:8895	CODE:88b9	LCALL 0x82a1	4	write	INTMEM	1	(register, 0x40, 1)		(unique, 0xb400, 1)
instruction	CODE:8895	CODE:88b9	LCALL 0x82a1	6	write	INTMEM	1	(register, 0x40, 1)		(unique, 0x1200, 1)
instruction	CODE:8895	CODE:88bc	LCALL 0x8faa	4	write	INTMEM	1	(register, 0x40, 1)		(unique, 0xb400, 1)
instruction	CODE:8895	CODE:88bc	LCALL 0x8faa	6	write	INTMEM	1	(register, 0x40, 1)		(unique, 0x1200, 1)
instruction	CODE:8895	CODE:88bf	LCALL 0x82b0	4	write	INTMEM	1	(register, 0x40, 1)		(unique, 0xb400, 1)
instruction	CODE:8895	CODE:88bf	LCALL 0x82b0	6	write	INTMEM	1	(register, 0x40, 1)		(unique, 0x1200, 1)
instruction	CODE:8895	CODE:88c3	MOVX @DPTR,A	2	write	EXTMEM	1	(unique, 0x2800, 2)		(unique, 0x2900, 1)
instruction	CODE:8895	CODE:88c4	RET	1	read	INTMEM	1	(register, 0x40, 1)		
instruction	CODE:8895	CODE:88c4	RET	3	read	INTMEM	1	(register, 0x40, 1)		
instruction	CODE:88c5	CODE:88ca	MOV A,@R0	0	read	INTMEM	1	(register, 0x0, 1)		
instruction	CODE:88c5	CODE:88cc	LCALL 0x4444	4	write	INTMEM	1	(register, 0x40, 1)		(unique, 0xb400, 1)
instruction	CODE:88c5	CODE:88cc	LCALL 0x4444	6	write	INTMEM	1	(register, 0x40, 1)		(unique, 0x1200, 1)
instruction	CODE:88c5	CODE:88cf	MOVX A,@DPTR	1	read	EXTMEM	1	(unique, 0x2800, 2)		
instruction	CODE:88c5	CODE:88d3	LCALL 0x109e	4	write	INTMEM	1	(register, 0x40, 1)		(unique, 0xb400, 1)
instruction	CODE:88c5	CODE:88d3	LCALL 0x109e	6	write	INTMEM	1	(register, 0x40, 1)		(unique, 0x1200, 1)
instruction	CODE:88c5	CODE:88e5	LCALL 0xa638	4	write	INTMEM	1	(register, 0x40, 1)		(unique, 0xb400, 1)
instruction	CODE:88c5	CODE:88e5	LCALL 0xa638	6	write	INTMEM	1	(register, 0x40, 1)		(unique, 0x1200, 1)
instruction	CODE:88c5	CODE:88f1	LCALL 0x87aa	4	write	INTMEM	1	(register, 0x40, 1)		(unique, 0xb400, 1)
instruction	CODE:88c5	CODE:88f1	LCALL 0x87aa	6	write	INTMEM	1	(register, 0x40, 1)		(unique, 0x1200, 1)
instruction	CODE:88c5	CODE:88f4	RET	1	read	INTMEM	1	(register, 0x40, 1)		
instruction	CODE:88c5	CODE:88f4	RET	3	read	INTMEM	1	(register, 0x40, 1)		
instruction	CODE:88f5	CODE:88fb	MOVX A,@DPTR	1	read	EXTMEM	1	(unique, 0x2800, 2)		
instruction	CODE:88f5	CODE:88fc	RET	1	read	INTMEM	1	(register, 0x40, 1)		
instruction	CODE:88f5	CODE:88fc	RET	3	read	INTMEM	1	(register, 0x40, 1)		
instruction	CODE:88fd	CODE:88ff	MOVX @DPTR,A	2	write	EXTMEM	1	(unique, 0x2800, 2)		(unique, 0x2900, 1)
instruction	CODE:8900	CODE:8903	MOVX A,@DPTR	1	read	EXTMEM	1	(unique, 0x2800, 2)		
instruction	CODE:8900	CODE:8906	MOVX A,@DPTR	1	read	EXTMEM	1	(unique, 0x2800, 2)		
instruction	CODE:8900	CODE:8908	RET	1	read	INTMEM	1	(register, 0x40, 1)		
instruction	CODE:8900	CODE:8908	RET	3	read	INTMEM	1	(register, 0x40, 1)		
instruction	CODE:8909	CODE:890f	MOVX A,@DPTR	1	read	EXTMEM	1	(unique, 0x2800, 2)		
instruction	CODE:8909	CODE:8910	RET	1	read	INTMEM	1	(register, 0x40, 1)		
instruction	CODE:8909	CODE:8910	RET	3	read	INTMEM	1	(register, 0x40, 1)		
instruction	CODE:8911	CODE:8911	MOVX @DPTR,A	2	write	EXTMEM	1	(unique, 0x2800, 2)		(unique, 0x2900, 1)
instruction	CODE:8911	CODE:8915	MOVX A,@DPTR	1	read	EXTMEM	1	(unique, 0x2800, 2)		
instruction	CODE:8911	CODE:8918	MOVX A,@DPTR	1	read	EXTMEM	1	(unique, 0x2800, 2)		
instruction	CODE:8911	CODE:891a	RET	1	read	INTMEM	1	(register, 0x40, 1)		
instruction	CODE:8911	CODE:891a	RET	3	read	INTMEM	1	(register, 0x40, 1)		
instruction	CODE:8925	CODE:8929	MOVX @DPTR,A	2	write	EXTMEM	1	(unique, 0x2800, 2)		(unique, 0x2900, 1)
instruction	CODE:8925	CODE:892e	MOV A,@R0	0	read	INTMEM	1	(register, 0x0, 1)		
instruction	CODE:8925	CODE:893c	PUSH DPH	1	write	INTMEM	1	(register, 0x40, 1)		(register, 0x82, 1)
instruction	CODE:8925	CODE:893e	PUSH DPL	1	write	INTMEM	1	(register, 0x40, 1)		(register, 0x83, 1)
instruction	CODE:8925	CODE:8943	MOVX A,@DPTR	1	read	EXTMEM	1	(unique, 0x2800, 2)		
instruction	CODE:8925	CODE:8944	POP DPL	0	read	INTMEM	1	(register, 0x40, 1)		
instruction	CODE:8925	CODE:8946	POP DPH	0	read	INTMEM	1	(register, 0x40, 1)		
instruction	CODE:8925	CODE:894b	LCALL 0xade7	4	write	INTMEM	1	(register, 0x40, 1)		(unique, 0xb400, 1)
instruction	CODE:8925	CODE:894b	LCALL 0xade7	6	write	INTMEM	1	(register, 0x40, 1)		(unique, 0x1200, 1)
instruction	CODE:8925	CODE:894f	MOVX @DPTR,A	2	write	EXTMEM	1	(unique, 0x2800, 2)		(unique, 0x2900, 1)
instruction	CODE:8925	CODE:8952	MOVX @DPTR,A	2	write	EXTMEM	1	(unique, 0x2800, 2)		(unique, 0x2900, 1)
instruction	CODE:8925	CODE:8953	RET	1	read	INTMEM	1	(register, 0x40, 1)		
instruction	CODE:8925	CODE:8953	RET	3	read	INTMEM	1	(register, 0x40, 1)		
instruction	CODE:8954	CODE:8958	LCALL 0x9ec9	4	write	INTMEM	1	(register, 0x40, 1)		(unique, 0xb400, 1)
instruction	CODE:8954	CODE:8958	LCALL 0x9ec9	6	write	INTMEM	1	(register, 0x40, 1)		(unique, 0x1200, 1)
instruction	CODE:8954	CODE:8962	LCALL 0x9a23	4	write	INTMEM	1	(register, 0x40, 1)		(unique, 0xb400, 1)
instruction	CODE:8954	CODE:8962	LCALL 0x9a23	6	write	INTMEM	1	(register, 0x40, 1)		(unique, 0x1200, 1)
instruction	CODE:8954	CODE:8967	LCALL 0x90d1	4	write	INTMEM	1	(register, 0x40, 1)		(unique, 0xb400, 1)
instruction	CODE:8954	CODE:8967	LCALL 0x90d1	6	write	INTMEM	1	(register, 0x40, 1)		(unique, 0x1200, 1)
instruction	CODE:8954	CODE:896a	LCALL 0xa6c7	4	write	INTMEM	1	(register, 0x40, 1)		(unique, 0xb400, 1)
instruction	CODE:8954	CODE:896a	LCALL 0xa6c7	6	write	INTMEM	1	(register, 0x40, 1)		(unique, 0x1200, 1)
instruction	CODE:8954	CODE:8970	MOVX A,@DPTR	1	read	EXTMEM	1	(unique, 0x2800, 2)		
instruction	CODE:8954	CODE:8978	LCALL 0x9a23	4	write	INTMEM	1	(register, 0x40, 1)		(unique, 0xb400, 1)
instruction	CODE:8954	CODE:8978	LCALL 0x9a23	6	write	INTMEM	1	(register, 0x40, 1)		(unique, 0x1200, 1)
instruction	CODE:8954	CODE:897e	MOVX A,@DPTR	1	read	EXTMEM	1	(unique, 0x2800, 2)		
instruction	CODE:8983	CODE:8983	LCALL 0x98f4	4	write	INTMEM	1	(register, 0x40, 1)		(unique, 0xb400, 1)
instruction	CODE:8983	CODE:8983	LCALL 0x98f4	6	write	INTMEM	1	(register, 0x40, 1)		(unique, 0x1200, 1)
instruction	CODE:8983	CODE:8989	LCALL 0xae2a	4	write	INTMEM	1	(register, 0x40, 1)		(unique, 0xb400, 1)
instruction	CODE:8983	CODE:8989	LCALL 0xae2a	6	write	INTMEM	1	(register, 0x40, 1)		(unique, 0x1200, 1)
instruction	CODE:8983	CODE:898c	LCALL 0x9800	4	write	INTMEM	1	(register, 0x40, 1)		(unique, 0xb400, 1)
instruction	CODE:8983	CODE:898c	LCALL 0x9800	6	write	INTMEM	1	(register, 0x40, 1)		(unique, 0x1200, 1)
instruction	CODE:8983	CODE:8991	LCALL 0x990c	4	write	INTMEM	1	(register, 0x40, 1)		(unique, 0xb400, 1)
instruction	CODE:8983	CODE:8991	LCALL 0x990c	6	write	INTMEM	1	(register, 0x40, 1)		(unique, 0x1200, 1)
instruction	CODE:8983	CODE:8998	MOVX @DPTR,A	2	write	EXTMEM	1	(unique, 0x2800, 2)		(unique, 0x2900, 1)
instruction	CODE:8983	CODE:8999	LCALL 0x9cf0	4	write	INTMEM	1	(register, 0x40, 1)		(unique, 0xb400, 1)
instruction	CODE:8983	CODE:8999	LCALL 0x9cf0	6	write	INTMEM	1	(register, 0x40, 1)		(unique, 0x1200, 1)
instruction	CODE:8983	CODE:899f	MOVX A,@DPTR	1	read	EXTMEM	1	(unique, 0x2800, 2)		
instruction	CODE:8983	CODE:89a2	LCALL 0xadf3	4	write	INTMEM	1	(register, 0x40, 1)		(unique, 0xb400, 1)
instruction	CODE:8983	CODE:89a2	LCALL 0xadf3	6	write	INTMEM	1	(register, 0x40, 1)		(unique, 0x1200, 1)
instruction	CODE:89b2	CODE:89b2	LCALL 0x1096	4	write	INTMEM	1	(register, 0x40, 1)		(unique, 0xb400, 1)
instruction	CODE:89b2	CODE:89b2	LCALL 0x1096	6	write	INTMEM	1	(register, 0x40, 1)		(unique, 0x1200, 1)
instruction	CODE:89b2	CODE:89b9	MOVX @DPTR,A	2	write	EXTMEM	1	(unique, 0x2800, 2)		(unique, 0x2900, 1)
instruction	CODE:89b2	CODE:89bd	MOVX A,@DPTR	1	read	EXTMEM	1	(unique, 0x2800, 2)		
instruction	CODE:89b2	CODE:89c3	LCALL 0x8742	4	write	INTMEM	1	(register, 0x40, 1)		(unique, 0xb400, 1)
instruction	CODE:89b2	CODE:89c3	LCALL 0x8742	6	write	INTMEM	1	(register, 0x40, 1)		(unique, 0x1200, 1)
instruction	CODE:89b2	CODE:89ce	LCALL 0xa7b8	4	write	INTMEM	1	(register, 0x40, 1)		(unique, 0xb400, 1)
instruction	CODE:89b2	CODE:89ce	LCALL 0xa7b8	6	write	INTMEM	1	(register, 0x40, 1)		(unique, 0x1200, 1)
instruction	CODE:89b2	CODE:89d1	LCALL 0xa4fd	4	write	INTMEM	1	(register, 0x40, 1)		(unique, 0xb400, 1)
instruction	CODE:89b2	CODE:89d1	LCALL 0xa4fd	6	write	INTMEM	1	(register, 0x40, 1)		(unique, 0x1200, 1)
instruction	CODE:89b2	CODE:89d4	LCALL 0x73f7	4	write	INTMEM	1	(register, 0x40, 1)		(unique, 0xb400, 1)
instruction	CODE:89b2	CODE:89d4	LCALL 0x73f7	6	write	INTMEM	1	(register, 0x40, 1)		(unique, 0x1200, 1)
instruction	CODE:89b2	CODE:89da	MOVX A,@DPTR	1	read	EXTMEM	1	(unique, 0x2800, 2)		
instruction	CODE:89b2	CODE:89dc	MOVX @DPTR,A	2	write	EXTMEM	1	(unique, 0x2800, 2)		(unique, 0x2900, 1)
instruction	CODE:89b2	CODE:89df	RET	1	read	INTMEM	1	(register, 0x40, 1)		
instruction	CODE:89b2	CODE:89df	RET	3	read	INTMEM	1	(register, 0x40, 1)		
instruction	CODE:89e0	CODE:89e0	LCALL 0xa934	4	write	INTMEM	1	(register, 0x40, 1)		(unique, 0xb400, 1)
instruction	CODE:89e0	CODE:89e0	LCALL 0xa934	6	write	INTMEM	1	(register, 0x40, 1)		(unique, 0x1200, 1)
instruction	CODE:89e0	CODE:89e7	LCALL 0xa94d	4	write	INTMEM	1	(register, 0x40, 1)		(unique, 0xb400, 1)
instruction	CODE:89e0	CODE:89e7	LCALL 0xa94d	6	write	INTMEM	1	(register, 0x40, 1)		(unique, 0x1200, 1)
instruction	CODE:89e0	CODE:89ea	LCALL 0xa99c	4	write	INTMEM	1	(register, 0x40, 1)		(unique, 0xb400, 1)
instruction	CODE:89e0	CODE:89ea	LCALL 0xa99c	6	write	INTMEM	1	(register, 0x40, 1)		(unique, 0x1200, 1)
instruction	CODE:89e0	CODE:89f1	LCALL 0xa9ae	4	write	INTMEM	1	(register, 0x40, 1)		(unique, 0xb400, 1)
instruction	CODE:89e0	CODE:89f1	LCALL 0xa9ae	6	write	INTMEM	1	(register, 0x40, 1)		(unique, 0x1200, 1)
instruction	CODE:89e0	CODE:89f7	LCALL 0xa94d	4	write	INTMEM	1	(register, 0x40, 1)		(unique, 0xb400, 1)
instruction	CODE:89e0	CODE:89f7	LCALL 0xa94d	6	write	INTMEM	1	(register, 0x40, 1)		(unique, 0x1200, 1)
instruction	CODE:89e0	CODE:89fe	LCALL 0xa94d	4	write	INTMEM	1	(register, 0x40, 1)		(unique, 0xb400, 1)
instruction	CODE:89e0	CODE:89fe	LCALL 0xa94d	6	write	INTMEM	1	(register, 0x40, 1)		(unique, 0x1200, 1)
instruction	CODE:89e0	CODE:8a04	LCALL 0xa9ae	4	write	INTMEM	1	(register, 0x40, 1)		(unique, 0xb400, 1)
instruction	CODE:89e0	CODE:8a04	LCALL 0xa9ae	6	write	INTMEM	1	(register, 0x40, 1)		(unique, 0x1200, 1)
instruction	CODE:8a0e	CODE:8a10	MOV A,@R0	0	read	INTMEM	1	(register, 0x0, 1)		
instruction	CODE:8a0e	CODE:8a17	MOV A,@R0	0	read	INTMEM	1	(register, 0x0, 1)		
instruction	CODE:8a0e	CODE:8a37	LCALL 0xa521	4	write	INTMEM	1	(register, 0x40, 1)		(unique, 0xb400, 1)
instruction	CODE:8a0e	CODE:8a37	LCALL 0xa521	6	write	INTMEM	1	(register, 0x40, 1)		(unique, 0x1200, 1)
instruction	CODE:8a0e	CODE:8a3a	RET	1	read	INTMEM	1	(register, 0x40, 1)		
instruction	CODE:8a0e	CODE:8a3a	RET	3	read	INTMEM	1	(register, 0x40, 1)		
instruction	CODE:8a3b	CODE:8a3d	LCALL 0xa7e7	4	write	INTMEM	1	(register, 0x40, 1)		(unique, 0xb400, 1)
instruction	CODE:8a3b	CODE:8a3d	LCALL 0xa7e7	6	write	INTMEM	1	(register, 0x40, 1)		(unique, 0x1200, 1)
instruction	CODE:8a3b	CODE:8a45	LCALL 0xa815	4	write	INTMEM	1	(register, 0x40, 1)		(unique, 0xb400, 1)
instruction	CODE:8a3b	CODE:8a45	LCALL 0xa815	6	write	INTMEM	1	(register, 0x40, 1)		(unique, 0x1200, 1)
instruction	CODE:8a3b	CODE:8a4b	LCALL 0xae2a	4	write	INTMEM	1	(register, 0x40, 1)		(unique, 0xb400, 1)
instruction	CODE:8a3b	CODE:8a4b	LCALL 0xae2a	6	write	INTMEM	1	(register, 0x40, 1)		(unique, 0x1200, 1)
instruction	CODE:8a3b	CODE:8a4e	LCALL 0xaa99	4	write	INTMEM	1	(register, 0x40, 1)		(unique, 0xb400, 1)
instruction	CODE:8a3b	CODE:8a4e	LCALL 0xaa99	6	write	INTMEM	1	(register, 0x40, 1)		(unique, 0x1200, 1)
instruction	CODE:8a3b	CODE:8a67	RET	1	read	INTMEM	1	(register, 0x40, 1)		
instruction	CODE:8a3b	CODE:8a67	RET	3	read	INTMEM	1	(register, 0x40, 1)		
instruction	CODE:8a68	CODE:8a6c	LCALL 0x7763	4	write	INTMEM	1	(register, 0x40, 1)		(unique, 0xb400, 1)
instruction	CODE:8a68	CODE:8a6c	LCALL 0x7763	6	write	INTMEM	1	(register, 0x40, 1)		(unique, 0x1200, 1)
instruction	CODE:8a68	CODE:8a6f	LCALL 0x9983	4	write	INTMEM	1	(register, 0x40, 1)		(unique, 0xb400, 1)
instruction	CODE:8a68	CODE:8a6f	LCALL 0x9983	6	write	INTMEM	1	(register, 0x40, 1)		(unique, 0x1200, 1)
instruction	CODE:8a68	CODE:8a72	LCALL 0xa335	4	write	INTMEM	1	(register, 0x40, 1)		(unique, 0xb400, 1)
instruction	CODE:8a68	CODE:8a72	LCALL 0xa335	6	write	INTMEM	1	(register, 0x40, 1)		(unique, 0x1200, 1)
instruction	CODE:8a68	CODE:8a77	LCALL 0xa5bd	4	write	INTMEM	1	(register, 0x40, 1)		(unique, 0xb400, 1)
instruction	CODE:8a68	CODE:8a77	LCALL 0xa5bd	6	write	INTMEM	1	(register, 0x40, 1)		(unique, 0x1200, 1)
instruction	CODE:8a68	CODE:8a87	LCALL 0x9a0d	4	write	INTMEM	1	(register, 0x40, 1)		(unique, 0xb400, 1)
instruction	CODE:8a68	CODE:8a87	LCALL 0x9a0d	6	write	INTMEM	1	(register, 0x40, 1)		(unique, 0x1200, 1)
instruction	CODE:8a68	CODE:8a91	LCALL 0x37ff	4	write	INTMEM	1	(register, 0x40, 1)		(unique, 0xb400, 1)
instruction	CODE:8a68	CODE:8a91	LCALL 0x37ff	6	write	INTMEM	1	(register, 0x40, 1)		(unique, 0x1200, 1)
instruction	CODE:8a68	CODE:8a94	RET	1	read	INTMEM	1	(register, 0x40, 1)		
instruction	CODE:8a68	CODE:8a94	RET	3	read	INTMEM	1	(register, 0x40, 1)		
instruction	CODE:8a95	CODE:8a98	LCALL 0x6c1b	4	write	INTMEM	1	(register, 0x40, 1)		(unique, 0xb400, 1)
instruction	CODE:8a95	CODE:8a98	LCALL 0x6c1b	6	write	INTMEM	1	(register, 0x40, 1)		(unique, 0x1200, 1)
instruction	CODE:8a95	CODE:8a9e	MOVX A,@DPTR	1	read	EXTMEM	1	(unique, 0x2800, 2)		
instruction	CODE:8a95	CODE:8aa1	MOVX A,@DPTR	1	read	EXTMEM	1	(unique, 0x2800, 2)		
instruction	CODE:8a95	CODE:8aa4	MOVX A,@DPTR	1	read	EXTMEM	1	(unique, 0x2800, 2)		
instruction	CODE:8a95	CODE:8aab	LCALL 0xa934	4	write	INTMEM	1	(register, 0x40, 1)		(unique, 0xb400, 1)
instruction	CODE:8a95	CODE:8aab	LCALL 0xa934	6	write	INTMEM	1	(register, 0x40, 1)		(unique, 0x1200, 1)
instruction	CODE:8a95	CODE:8ab0	LCALL 0xa99c	4	write	INTMEM	1	(register, 0x40, 1)		(unique, 0xb400, 1)
instruction	CODE:8a95	CODE:8ab0	LCALL 0xa99c	6	write	INTMEM	1	(register, 0x40, 1)		(unique, 0x1200, 1)
instruction	CODE:8a95	CODE:8ab5	LCALL 0xa99c	4	write	INTMEM	1	(register, 0x40, 1)		(unique, 0xb400, 1)
instruction	CODE:8a95	CODE:8ab5	LCALL 0xa99c	6	write	INTMEM	1	(register, 0x40, 1)		(unique, 0x1200, 1)
instruction	CODE:8a95	CODE:8aba	LCALL 0xa99c	4	write	INTMEM	1	(register, 0x40, 1)		(unique, 0xb400, 1)
instruction	CODE:8a95	CODE:8aba	LCALL 0xa99c	6	write	INTMEM	1	(register, 0x40, 1)		(unique, 0x1200, 1)
instruction	CODE:8ac2	CODE:8ac2	LCALL 0x33d6	4	write	INTMEM	1	(register, 0x40, 1)		(unique, 0xb400, 1)
instruction	CODE:8ac2	CODE:8ac2	LCALL 0x33d6	6	write	INTMEM	1	(register, 0x40, 1)		(unique, 0x1200, 1)
instruction	CODE:8ac2	CODE:8aca	LCALL 0xa9ae	4	write	INTMEM	1	(register, 0x40, 1)		(unique, 0xb400, 1)
instruction	CODE:8ac2	CODE:8aca	LCALL 0xa9ae	6	write	INTMEM	1	(register, 0x40, 1)		(unique, 0x1200, 1)
instruction	CODE:8ac2	CODE:8acd	LCALL 0xa53c	4	write	INTMEM	1	(register, 0x40, 1)		(unique, 0xb400, 1)
instruction	CODE:8ac2	CODE:8acd	LCALL 0xa53c	6	write	INTMEM	1	(register, 0x40, 1)		(unique, 0x1200, 1)
instruction	CODE:8ac2	CODE:8ad5	LCALL 0xadf3	4	write	INTMEM	1	(register, 0x40, 1)		(unique, 0xb400, 1)
instruction	CODE:8ac2	CODE:8ad5	LCALL 0xadf3	6	write	INTMEM	1	(register, 0x40, 1)		(unique, 0x1200, 1)
instruction	CODE:8ac2	CODE:8ae1	LCALL 0xadf3	4	write	INTMEM	1	(register, 0x40, 1)		(unique, 0xb400, 1)
instruction	CODE:8ac2	CODE:8ae1	LCALL 0xadf3	6	write	INTMEM	1	(register, 0x40, 1)		(unique, 0x1200, 1)
instruction	unassigned	CODE:8aeb	LCALL 0xa9ae	4	write	INTMEM	1	(register, 0x40, 1)		(unique, 0xb400, 1)
instruction	unassigned	CODE:8aeb	LCALL 0xa9ae	6	write	INTMEM	1	(register, 0x40, 1)		(unique, 0x1200, 1)
instruction	unassigned	CODE:8aee	RET	1	read	INTMEM	1	(register, 0x40, 1)		
instruction	unassigned	CODE:8aee	RET	3	read	INTMEM	1	(register, 0x40, 1)		
instruction	CODE:8b1b	CODE:8b1d	LCALL 0xadf3	4	write	INTMEM	1	(register, 0x40, 1)		(unique, 0xb400, 1)
instruction	CODE:8b1b	CODE:8b1d	LCALL 0xadf3	6	write	INTMEM	1	(register, 0x40, 1)		(unique, 0x1200, 1)
instruction	CODE:8b24	CODE:8b2a	RET	1	read	INTMEM	1	(register, 0x40, 1)		
instruction	CODE:8b24	CODE:8b2a	RET	3	read	INTMEM	1	(register, 0x40, 1)		
instruction	CODE:8b2b	CODE:8b3a	RET	1	read	INTMEM	1	(register, 0x40, 1)		
instruction	CODE:8b2b	CODE:8b3a	RET	3	read	INTMEM	1	(register, 0x40, 1)		
instruction	CODE:8b3b	CODE:8b3e	MOVX A,@DPTR	1	read	EXTMEM	1	(unique, 0x2800, 2)		
instruction	CODE:8b40	CODE:8b41	MOVX A,@DPTR	1	read	EXTMEM	1	(unique, 0x2800, 2)		
instruction	CODE:8b40	CODE:8b46	RET	1	read	INTMEM	1	(register, 0x40, 1)		
instruction	CODE:8b40	CODE:8b46	RET	3	read	INTMEM	1	(register, 0x40, 1)		
instruction	CODE:8b47	CODE:8b4a	LCALL 0xae2a	4	write	INTMEM	1	(register, 0x40, 1)		(unique, 0xb400, 1)
instruction	CODE:8b47	CODE:8b4a	LCALL 0xae2a	6	write	INTMEM	1	(register, 0x40, 1)		(unique, 0x1200, 1)
instruction	CODE:8b47	CODE:8b4d	LCALL 0x54ca	4	write	INTMEM	1	(register, 0x40, 1)		(unique, 0xb400, 1)
instruction	CODE:8b47	CODE:8b4d	LCALL 0x54ca	6	write	INTMEM	1	(register, 0x40, 1)		(unique, 0x1200, 1)
instruction	CODE:8b47	CODE:8b57	LCALL 0x54ca	4	write	INTMEM	1	(register, 0x40, 1)		(unique, 0xb400, 1)
instruction	CODE:8b47	CODE:8b57	LCALL 0x54ca	6	write	INTMEM	1	(register, 0x40, 1)		(unique, 0x1200, 1)
instruction	CODE:8b47	CODE:8b5a	LCALL 0xae33	4	write	INTMEM	1	(register, 0x40, 1)		(unique, 0xb400, 1)
instruction	CODE:8b47	CODE:8b5a	LCALL 0xae33	6	write	INTMEM	1	(register, 0x40, 1)		(unique, 0x1200, 1)
instruction	CODE:8b47	CODE:8b5e	LCALL 0xa99c	4	write	INTMEM	1	(register, 0x40, 1)		(unique, 0xb400, 1)
instruction	CODE:8b47	CODE:8b5e	LCALL 0xa99c	6	write	INTMEM	1	(register, 0x40, 1)		(unique, 0x1200, 1)
instruction	CODE:8b47	CODE:8b61	LCALL 0x54ca	4	write	INTMEM	1	(register, 0x40, 1)		(unique, 0xb400, 1)
instruction	CODE:8b47	CODE:8b61	LCALL 0x54ca	6	write	INTMEM	1	(register, 0x40, 1)		(unique, 0x1200, 1)
instruction	CODE:8b47	CODE:8b6e	LCALL 0x9137	4	write	INTMEM	1	(register, 0x40, 1)		(unique, 0xb400, 1)
instruction	CODE:8b47	CODE:8b6e	LCALL 0x9137	6	write	INTMEM	1	(register, 0x40, 1)		(unique, 0x1200, 1)
instruction	CODE:8b47	CODE:8b71	RET	1	read	INTMEM	1	(register, 0x40, 1)		
instruction	CODE:8b47	CODE:8b71	RET	3	read	INTMEM	1	(register, 0x40, 1)		
instruction	CODE:8b72	CODE:8b72	LCALL 0x3fff	4	write	INTMEM	1	(register, 0x40, 1)		(unique, 0xb400, 1)
instruction	CODE:8b72	CODE:8b72	LCALL 0x3fff	6	write	INTMEM	1	(register, 0x40, 1)		(unique, 0x1200, 1)
instruction	CODE:8b72	CODE:8b75	LCALL 0xa1cf	4	write	INTMEM	1	(register, 0x40, 1)		(unique, 0xb400, 1)
instruction	CODE:8b72	CODE:8b75	LCALL 0xa1cf	6	write	INTMEM	1	(register, 0x40, 1)		(unique, 0x1200, 1)
instruction	CODE:8b72	CODE:8b7a	LCALL 0x9e27	4	write	INTMEM	1	(register, 0x40, 1)		(unique, 0xb400, 1)
instruction	CODE:8b72	CODE:8b7a	LCALL 0x9e27	6	write	INTMEM	1	(register, 0x40, 1)		(unique, 0x1200, 1)
instruction	CODE:8b72	CODE:8b85	LCALL 0x8832	4	write	INTMEM	1	(register, 0x40, 1)		(unique, 0xb400, 1)
instruction	CODE:8b72	CODE:8b85	LCALL 0x8832	6	write	INTMEM	1	(register, 0x40, 1)		(unique, 0x1200, 1)
instruction	CODE:8b72	CODE:8b8d	MOVX @DPTR,A	2	write	EXTMEM	1	(unique, 0x2800, 2)		(unique, 0x2900, 1)
instruction	CODE:8b72	CODE:8b8e	LCALL 0x1ee9	4	write	INTMEM	1	(register, 0x40, 1)		(unique, 0xb400, 1)
instruction	CODE:8b72	CODE:8b8e	LCALL 0x1ee9	6	write	INTMEM	1	(register, 0x40, 1)		(unique, 0x1200, 1)
instruction	CODE:8b72	CODE:8b92	MOVX @DPTR,A	2	write	EXTMEM	1	(unique, 0x2800, 2)		(unique, 0x2900, 1)
instruction	CODE:8b72	CODE:8b97	LCALL 0xa638	4	write	INTMEM	1	(register, 0x40, 1)		(unique, 0xb400, 1)
instruction	CODE:8b72	CODE:8b97	LCALL 0xa638	6	write	INTMEM	1	(register, 0x40, 1)		(unique, 0x1200, 1)
instruction	CODE:8b72	CODE:8b9c	RET	1	read	INTMEM	1	(register, 0x40, 1)		
instruction	CODE:8b72	CODE:8b9c	RET	3	read	INTMEM	1	(register, 0x40, 1)		
instruction	CODE:8b9d	CODE:8ba0	LCALL 0xa685	4	write	INTMEM	1	(register, 0x40, 1)		(unique, 0xb400, 1)
instruction	CODE:8b9d	CODE:8ba0	LCALL 0xa685	6	write	INTMEM	1	(register, 0x40, 1)		(unique, 0x1200, 1)
instruction	CODE:8b9d	CODE:8ba3	LCALL 0x9bdf	4	write	INTMEM	1	(register, 0x40, 1)		(unique, 0xb400, 1)
instruction	CODE:8b9d	CODE:8ba3	LCALL 0x9bdf	6	write	INTMEM	1	(register, 0x40, 1)		(unique, 0x1200, 1)
instruction	CODE:8b9d	CODE:8ba6	LCALL 0x7aaa	4	write	INTMEM	1	(register, 0x40, 1)		(unique, 0xb400, 1)
instruction	CODE:8b9d	CODE:8ba6	LCALL 0x7aaa	6	write	INTMEM	1	(register, 0x40, 1)		(unique, 0x1200, 1)
instruction	CODE:8b9d	CODE:8ba9	LCALL 0xa654	4	write	INTMEM	1	(register, 0x40, 1)		(unique, 0xb400, 1)
instruction	CODE:8b9d	CODE:8ba9	LCALL 0xa654	6	write	INTMEM	1	(register, 0x40, 1)		(unique, 0x1200, 1)
instruction	CODE:8b9d	CODE:8bac	LCALL 0xa67e	4	write	INTMEM	1	(register, 0x40, 1)		(unique, 0xb400, 1)
instruction	CODE:8b9d	CODE:8bac	LCALL 0xa67e	6	write	INTMEM	1	(register, 0x40, 1)		(unique, 0x1200, 1)
instruction	CODE:8b9d	CODE:8bb2	LCALL 0xa1db	4	write	INTMEM	1	(register, 0x40, 1)		(unique, 0xb400, 1)
instruction	CODE:8b9d	CODE:8bb2	LCALL 0xa1db	6	write	INTMEM	1	(register, 0x40, 1)		(unique, 0x1200, 1)
instruction	CODE:8b9d	CODE:8bc7	RET	1	read	INTMEM	1	(register, 0x40, 1)		
instruction	CODE:8b9d	CODE:8bc7	RET	3	read	INTMEM	1	(register, 0x40, 1)		
instruction	CODE:8bc8	CODE:8bca	MOV A,@R0	0	read	INTMEM	1	(register, 0x0, 1)		
instruction	CODE:8bc8	CODE:8bd1	MOV A,@R1	0	read	INTMEM	1	(register, 0x1, 1)		
instruction	CODE:8bc8	CODE:8bd3	XRL A,@R0	0	read	INTMEM	1	(register, 0x0, 1)		
instruction	CODE:8bc8	CODE:8bd6	LCALL 0x770c	4	write	INTMEM	1	(register, 0x40, 1)		(unique, 0xb400, 1)
instruction	CODE:8bc8	CODE:8bd6	LCALL 0x770c	6	write	INTMEM	1	(register, 0x40, 1)		(unique, 0x1200, 1)
instruction	CODE:8bc8	CODE:8bdb	MOV A,@R0	0	read	INTMEM	1	(register, 0x0, 1)		
instruction	CODE:8bc8	CODE:8bdc	INC @R0	0	read	INTMEM	1	(register, 0x0, 1)		
instruction	CODE:8bc8	CODE:8bdc	INC @R0	2	write	INTMEM	1	(register, 0x0, 1)		(unique, 0x2a00, 1)
instruction	CODE:8bc8	CODE:8bdd	LCALL 0x76ec	4	write	INTMEM	1	(register, 0x40, 1)		(unique, 0xb400, 1)
instruction	CODE:8bc8	CODE:8bdd	LCALL 0x76ec	6	write	INTMEM	1	(register, 0x40, 1)		(unique, 0x1200, 1)
instruction	CODE:8bc8	CODE:8be0	MOV A,@R0	0	read	INTMEM	1	(register, 0x0, 1)		
instruction	CODE:8bc8	CODE:8be7	MOV @R0,A	1	write	INTMEM	1	(register, 0x0, 1)		(unique, 0x2a00, 1)
instruction	CODE:8bc8	CODE:8bea	MOV @R0,#0x4	1	write	INTMEM	1	(register, 0x0, 1)		(unique, 0x2a00, 1)
instruction	CODE:8bc8	CODE:8bec	LCALL 0xa449	4	write	INTMEM	1	(register, 0x40, 1)		(unique, 0xb400, 1)
instruction	CODE:8bc8	CODE:8bec	LCALL 0xa449	6	write	INTMEM	1	(register, 0x40, 1)		(unique, 0x1200, 1)
instruction	CODE:8bc8	CODE:8bf0	RET	1	read	INTMEM	1	(register, 0x40, 1)		
instruction	CODE:8bc8	CODE:8bf0	RET	3	read	INTMEM	1	(register, 0x40, 1)		
instruction	CODE:8bc8	CODE:8bf2	RET	1	read	INTMEM	1	(register, 0x40, 1)		
instruction	CODE:8bc8	CODE:8bf2	RET	3	read	INTMEM	1	(register, 0x40, 1)		
instruction	CODE:8bf3	CODE:8bf8	LCALL 0x6221	4	write	INTMEM	1	(register, 0x40, 1)		(unique, 0xb400, 1)
instruction	CODE:8bf3	CODE:8bf8	LCALL 0x6221	6	write	INTMEM	1	(register, 0x40, 1)		(unique, 0x1200, 1)
instruction	CODE:8bf3	CODE:8bfc	MOVX @DPTR,A	2	write	EXTMEM	1	(unique, 0x2800, 2)		(unique, 0x2900, 1)
instruction	CODE:8bf3	CODE:8c03	MOVX @DPTR,A	2	write	EXTMEM	1	(unique, 0x2800, 2)		(unique, 0x2900, 1)
instruction	CODE:8bf3	CODE:8c07	LCALL 0x6234	4	write	INTMEM	1	(register, 0x40, 1)		(unique, 0xb400, 1)
instruction	CODE:8bf3	CODE:8c07	LCALL 0x6234	6	write	INTMEM	1	(register, 0x40, 1)		(unique, 0x1200, 1)
instruction	CODE:8bf3	CODE:8c0b	MOVX @DPTR,A	2	write	EXTMEM	1	(unique, 0x2800, 2)		(unique, 0x2900, 1)
instruction	CODE:8bf3	CODE:8c0f	LCALL 0xadf3	4	write	INTMEM	1	(register, 0x40, 1)		(unique, 0xb400, 1)
instruction	CODE:8bf3	CODE:8c0f	LCALL 0xadf3	6	write	INTMEM	1	(register, 0x40, 1)		(unique, 0x1200, 1)
instruction	CODE:8c1e	CODE:8c20	LCALL 0xa6a1	4	write	INTMEM	1	(register, 0x40, 1)		(unique, 0xb400, 1)
instruction	CODE:8c1e	CODE:8c20	LCALL 0xa6a1	6	write	INTMEM	1	(register, 0x40, 1)		(unique, 0x1200, 1)
instruction	CODE:8c1e	CODE:8c25	LCALL 0xa283	4	write	INTMEM	1	(register, 0x40, 1)		(unique, 0xb400, 1)
instruction	CODE:8c1e	CODE:8c25	LCALL 0xa283	6	write	INTMEM	1	(register, 0x40, 1)		(unique, 0x1200, 1)
instruction	CODE:8c1e	CODE:8c2d	RET	1	read	INTMEM	1	(register, 0x40, 1)		
instruction	CODE:8c1e	CODE:8c2d	RET	3	read	INTMEM	1	(register, 0x40, 1)		
instruction	CODE:8c1e	CODE:8c32	LCALL 0xa607	4	write	INTMEM	1	(register, 0x40, 1)		(unique, 0xb400, 1)
instruction	CODE:8c1e	CODE:8c32	LCALL 0xa607	6	write	INTMEM	1	(register, 0x40, 1)		(unique, 0x1200, 1)
instruction	CODE:8c1e	CODE:8c39	LCALL 0xa607	4	write	INTMEM	1	(register, 0x40, 1)		(unique, 0xb400, 1)
instruction	CODE:8c1e	CODE:8c39	LCALL 0xa607	6	write	INTMEM	1	(register, 0x40, 1)		(unique, 0x1200, 1)
instruction	CODE:8c1e	CODE:8c40	LCALL 0xa73f	4	write	INTMEM	1	(register, 0x40, 1)		(unique, 0xb400, 1)
instruction	CODE:8c1e	CODE:8c40	LCALL 0xa73f	6	write	INTMEM	1	(register, 0x40, 1)		(unique, 0x1200, 1)
instruction	CODE:8c1e	CODE:8c45	RET	1	read	INTMEM	1	(register, 0x40, 1)		
instruction	CODE:8c1e	CODE:8c45	RET	3	read	INTMEM	1	(register, 0x40, 1)		
instruction	CODE:8c1e	CODE:8c48	RET	1	read	INTMEM	1	(register, 0x40, 1)		
instruction	CODE:8c1e	CODE:8c48	RET	3	read	INTMEM	1	(register, 0x40, 1)		
instruction	CODE:8c9d	CODE:8c9f	MOV A,@R0	0	read	INTMEM	1	(register, 0x0, 1)		
instruction	CODE:8c9d	CODE:8ca6	MOV A,@R0	0	read	INTMEM	1	(register, 0x0, 1)		
instruction	CODE:8c9d	CODE:8cb1	RET	1	read	INTMEM	1	(register, 0x40, 1)		
instruction	CODE:8c9d	CODE:8cb1	RET	3	read	INTMEM	1	(register, 0x40, 1)		
instruction	CODE:8c9d	CODE:8cb4	LCALL 0xa607	4	write	INTMEM	1	(register, 0x40, 1)		(unique, 0xb400, 1)
instruction	CODE:8c9d	CODE:8cb4	LCALL 0xa607	6	write	INTMEM	1	(register, 0x40, 1)		(unique, 0x1200, 1)
instruction	CODE:8c9d	CODE:8cbb	MOV A,@R0	0	read	INTMEM	1	(register, 0x0, 1)		
instruction	CODE:8c9d	CODE:8cc3	RET	1	read	INTMEM	1	(register, 0x40, 1)		
instruction	CODE:8c9d	CODE:8cc3	RET	3	read	INTMEM	1	(register, 0x40, 1)		
instruction	CODE:8c9d	CODE:8cc6	RET	1	read	INTMEM	1	(register, 0x40, 1)		
instruction	CODE:8c9d	CODE:8cc6	RET	3	read	INTMEM	1	(register, 0x40, 1)		
instruction	CODE:8cc7	CODE:8cc9	LCALL 0x9ba3	4	write	INTMEM	1	(register, 0x40, 1)		(unique, 0xb400, 1)
instruction	CODE:8cc7	CODE:8cc9	LCALL 0x9ba3	6	write	INTMEM	1	(register, 0x40, 1)		(unique, 0x1200, 1)
instruction	CODE:8cc7	CODE:8ccc	LCALL 0xa153	4	write	INTMEM	1	(register, 0x40, 1)		(unique, 0xb400, 1)
instruction	CODE:8cc7	CODE:8ccc	LCALL 0xa153	6	write	INTMEM	1	(register, 0x40, 1)		(unique, 0x1200, 1)
instruction	CODE:8cc7	CODE:8cd3	LCALL 0x3b3c	4	write	INTMEM	1	(register, 0x40, 1)		(unique, 0xb400, 1)
instruction	CODE:8cc7	CODE:8cd3	LCALL 0x3b3c	6	write	INTMEM	1	(register, 0x40, 1)		(unique, 0x1200, 1)
instruction	CODE:8cc7	CODE:8cd8	MOV A,@R0	0	read	INTMEM	1	(register, 0x0, 1)		
instruction	CODE:8cc7	CODE:8cdd	LCALL 0xa7e7	4	write	INTMEM	1	(register, 0x40, 1)		(unique, 0xb400, 1)
instruction	CODE:8cc7	CODE:8cdd	LCALL 0xa7e7	6	write	INTMEM	1	(register, 0x40, 1)		(unique, 0x1200, 1)
instruction	CODE:8cc7	CODE:8cec	LCALL 0x3b3c	4	write	INTMEM	1	(register, 0x40, 1)		(unique, 0xb400, 1)
instruction	CODE:8cc7	CODE:8cec	LCALL 0x3b3c	6	write	INTMEM	1	(register, 0x40, 1)		(unique, 0x1200, 1)
instruction	CODE:8cc7	CODE:8cef	RET	1	read	INTMEM	1	(register, 0x40, 1)		
instruction	CODE:8cc7	CODE:8cef	RET	3	read	INTMEM	1	(register, 0x40, 1)		
instruction	CODE:8d19	CODE:8d1b	LCALL 0xa68c	4	write	INTMEM	1	(register, 0x40, 1)		(unique, 0xb400, 1)
instruction	CODE:8d19	CODE:8d1b	LCALL 0xa68c	6	write	INTMEM	1	(register, 0x40, 1)		(unique, 0x1200, 1)
instruction	CODE:8d19	CODE:8d20	LCALL 0xa22f	4	write	INTMEM	1	(register, 0x40, 1)		(unique, 0xb400, 1)
instruction	CODE:8d19	CODE:8d20	LCALL 0xa22f	6	write	INTMEM	1	(register, 0x40, 1)		(unique, 0x1200, 1)
instruction	CODE:8d19	CODE:8d25	MOV A,@R0	0	read	INTMEM	1	(register, 0x0, 1)		
instruction	CODE:8d19	CODE:8d2b	LCALL 0xa223	4	write	INTMEM	1	(register, 0x40, 1)		(unique, 0xb400, 1)
instruction	CODE:8d19	CODE:8d2b	LCALL 0xa223	6	write	INTMEM	1	(register, 0x40, 1)		(unique, 0x1200, 1)
instruction	CODE:8d19	CODE:8d32	LCALL 0xa607	4	write	INTMEM	1	(register, 0x40, 1)		(unique, 0xb400, 1)
instruction	CODE:8d19	CODE:8d32	LCALL 0xa607	6	write	INTMEM	1	(register, 0x40, 1)		(unique, 0x1200, 1)
instruction	CODE:8d19	CODE:8d39	LCALL 0xa64d	4	write	INTMEM	1	(register, 0x40, 1)		(unique, 0xb400, 1)
instruction	CODE:8d19	CODE:8d39	LCALL 0xa64d	6	write	INTMEM	1	(register, 0x40, 1)		(unique, 0x1200, 1)
instruction	CODE:8d19	CODE:8d3e	RET	1	read	INTMEM	1	(register, 0x40, 1)		
instruction	CODE:8d19	CODE:8d3e	RET	3	read	INTMEM	1	(register, 0x40, 1)		
instruction	CODE:8d19	CODE:8d41	RET	1	read	INTMEM	1	(register, 0x40, 1)		
instruction	CODE:8d19	CODE:8d41	RET	3	read	INTMEM	1	(register, 0x40, 1)		
instruction	CODE:8d42	CODE:8d44	MOV A,@R0	0	read	INTMEM	1	(register, 0x0, 1)		
instruction	CODE:8d42	CODE:8d4b	MOV A,@R0	0	read	INTMEM	1	(register, 0x0, 1)		
instruction	CODE:8d42	CODE:8d56	RET	1	read	INTMEM	1	(register, 0x40, 1)		
instruction	CODE:8d42	CODE:8d56	RET	3	read	INTMEM	1	(register, 0x40, 1)		
instruction	CODE:8d42	CODE:8d59	LCALL 0x6a27	4	write	INTMEM	1	(register, 0x40, 1)		(unique, 0xb400, 1)
instruction	CODE:8d42	CODE:8d59	LCALL 0x6a27	6	write	INTMEM	1	(register, 0x40, 1)		(unique, 0x1200, 1)
instruction	CODE:8d42	CODE:8d60	LCALL 0xa6a1	4	write	INTMEM	1	(register, 0x40, 1)		(unique, 0xb400, 1)
instruction	CODE:8d42	CODE:8d60	LCALL 0xa6a1	6	write	INTMEM	1	(register, 0x40, 1)		(unique, 0x1200, 1)
instruction	CODE:8d42	CODE:8d67	RET	1	read	INTMEM	1	(register, 0x40, 1)		
instruction	CODE:8d42	CODE:8d67	RET	3	read	INTMEM	1	(register, 0x40, 1)		
instruction	CODE:8d42	CODE:8d6a	RET	1	read	INTMEM	1	(register, 0x40, 1)		
instruction	CODE:8d42	CODE:8d6a	RET	3	read	INTMEM	1	(register, 0x40, 1)		
instruction	CODE:8d6b	CODE:8d6b	LCALL 0xa53c	4	write	INTMEM	1	(register, 0x40, 1)		(unique, 0xb400, 1)
instruction	CODE:8d6b	CODE:8d6b	LCALL 0xa53c	6	write	INTMEM	1	(register, 0x40, 1)		(unique, 0x1200, 1)
instruction	CODE:8d6b	CODE:8d72	MOV A,@R0	0	read	INTMEM	1	(register, 0x0, 1)		
instruction	CODE:8d6b	CODE:8d77	LCALL 0x8e5a	4	write	INTMEM	1	(register, 0x40, 1)		(unique, 0xb400, 1)
instruction	CODE:8d6b	CODE:8d77	LCALL 0x8e5a	6	write	INTMEM	1	(register, 0x40, 1)		(unique, 0x1200, 1)
instruction	CODE:8d6b	CODE:8d7f	MOV A,@R0	0	read	INTMEM	1	(register, 0x0, 1)		
instruction	CODE:8d6b	CODE:8d8c	LCALL 0x93fa	4	write	INTMEM	1	(register, 0x40, 1)		(unique, 0xb400, 1)
instruction	CODE:8d6b	CODE:8d8c	LCALL 0x93fa	6	write	INTMEM	1	(register, 0x40, 1)		(unique, 0x1200, 1)
instruction	CODE:8d6b	CODE:8d8f	LCALL 0x866f	4	write	INTMEM	1	(register, 0x40, 1)		(unique, 0xb400, 1)
instruction	CODE:8d6b	CODE:8d8f	LCALL 0x866f	6	write	INTMEM	1	(register, 0x40, 1)		(unique, 0x1200, 1)
instruction	CODE:8d6b	CODE:8d92	RET	1	read	INTMEM	1	(register, 0x40, 1)		
instruction	CODE:8d6b	CODE:8d92	RET	3	read	INTMEM	1	(register, 0x40, 1)		
instruction	CODE:8d93	CODE:8d95	LCALL 0x7616	4	write	INTMEM	1	(register, 0x40, 1)		(unique, 0xb400, 1)
instruction	CODE:8d93	CODE:8d95	LCALL 0x7616	6	write	INTMEM	1	(register, 0x40, 1)		(unique, 0x1200, 1)
instruction	CODE:8d93	CODE:8d9c	MOV A,@R0	0	read	INTMEM	1	(register, 0x0, 1)		
instruction	CODE:8d93	CODE:8da8	MOVX A,@DPTR	1	read	EXTMEM	1	(unique, 0x2800, 2)		
instruction	CODE:8d93	CODE:8dae	MOVX A,@DPTR	1	read	EXTMEM	1	(unique, 0x2800, 2)		
instruction	CODE:8d93	CODE:8db1	LCALL 0xa19f	4	write	INTMEM	1	(register, 0x40, 1)		(unique, 0xb400, 1)
instruction	CODE:8d93	CODE:8db1	LCALL 0xa19f	6	write	INTMEM	1	(register, 0x40, 1)		(unique, 0x1200, 1)
instruction	CODE:8d93	CODE:8db7	MOVX A,@DPTR	1	read	EXTMEM	1	(unique, 0x2800, 2)		
instruction	CODE:8d93	CODE:8db9	MOVX @DPTR,A	2	write	EXTMEM	1	(unique, 0x2800, 2)		(unique, 0x2900, 1)
instruction	CODE:8d93	CODE:8dba	RET	1	read	INTMEM	1	(register, 0x40, 1)		
instruction	CODE:8d93	CODE:8dba	RET	3	read	INTMEM	1	(register, 0x40, 1)		
instruction	CODE:8dbb	CODE:8dbf	MOVX @DPTR,A	2	write	EXTMEM	1	(unique, 0x2800, 2)		(unique, 0x2900, 1)
instruction	CODE:8dbb	CODE:8dc4	MOV A,@R0	0	read	INTMEM	1	(register, 0x0, 1)		
instruction	CODE:8dbb	CODE:8dcc	MOV @R0,A	1	write	INTMEM	1	(register, 0x0, 1)		(unique, 0x2a00, 1)
instruction	CODE:8dbb	CODE:8dd2	LCALL 0x8800	4	write	INTMEM	1	(register, 0x40, 1)		(unique, 0xb400, 1)
instruction	CODE:8dbb	CODE:8dd2	LCALL 0x8800	6	write	INTMEM	1	(register, 0x40, 1)		(unique, 0x1200, 1)
instruction	CODE:8dbb	CODE:8dd7	MOV A,@R0	0	read	INTMEM	1	(register, 0x0, 1)		
instruction	CODE:8dbb	CODE:8dd8	LCALL 0x1e4f	4	write	INTMEM	1	(register, 0x40, 1)		(unique, 0xb400, 1)
instruction	CODE:8dbb	CODE:8dd8	LCALL 0x1e4f	6	write	INTMEM	1	(register, 0x40, 1)		(unique, 0x1200, 1)
instruction	CODE:8dbb	CODE:8ddf	LCALL 0xa638	4	write	INTMEM	1	(register, 0x40, 1)		(unique, 0xb400, 1)
instruction	CODE:8dbb	CODE:8ddf	LCALL 0xa638	6	write	INTMEM	1	(register, 0x40, 1)		(unique, 0x1200, 1)
instruction	CODE:8dbb	CODE:8de2	RET	1	read	INTMEM	1	(register, 0x40, 1)		
instruction	CODE:8dbb	CODE:8de2	RET	3	read	INTMEM	1	(register, 0x40, 1)		
instruction	CODE:8de3	CODE:8de7	LCALL 0x9eb9	4	write	INTMEM	1	(register, 0x40, 1)		(unique, 0xb400, 1)
instruction	CODE:8de3	CODE:8de7	LCALL 0x9eb9	6	write	INTMEM	1	(register, 0x40, 1)		(unique, 0x1200, 1)
instruction	CODE:8de3	CODE:8dec	LCALL 0x6240	4	write	INTMEM	1	(register, 0x40, 1)		(unique, 0xb400, 1)
instruction	CODE:8de3	CODE:8dec	LCALL 0x6240	6	write	INTMEM	1	(register, 0x40, 1)		(unique, 0x1200, 1)
instruction	CODE:8de3	CODE:8df0	LCALL 0x6215	4	write	INTMEM	1	(register, 0x40, 1)		(unique, 0xb400, 1)
instruction	CODE:8de3	CODE:8df0	LCALL 0x6215	6	write	INTMEM	1	(register, 0x40, 1)		(unique, 0x1200, 1)
instruction	CODE:8de3	CODE:8df3	MOVX A,@DPTR	1	read	EXTMEM	1	(unique, 0x2800, 2)		
instruction	CODE:8de3	CODE:8df8	LCALL 0x6217	4	write	INTMEM	1	(register, 0x40, 1)		(unique, 0xb400, 1)
instruction	CODE:8de3	CODE:8df8	LCALL 0x6217	6	write	INTMEM	1	(register, 0x40, 1)		(unique, 0x1200, 1)
instruction	CODE:8de3	CODE:8dfb	MOVX A,@DPTR	1	read	EXTMEM	1	(unique, 0x2800, 2)		
instruction	CODE:8de3	CODE:8e04	RET	1	read	INTMEM	1	(register, 0x40, 1)		
instruction	CODE:8de3	CODE:8e04	RET	3	read	INTMEM	1	(register, 0x40, 1)		
instruction	CODE:8de3	CODE:8e07	RET	1	read	INTMEM	1	(register, 0x40, 1)		
instruction	CODE:8de3	CODE:8e07	RET	3	read	INTMEM	1	(register, 0x40, 1)		
instruction	CODE:8de3	CODE:8e0a	RET	1	read	INTMEM	1	(register, 0x40, 1)		
instruction	CODE:8de3	CODE:8e0a	RET	3	read	INTMEM	1	(register, 0x40, 1)		
instruction	CODE:8e0b	CODE:8e0d	LCALL 0x9f09	4	write	INTMEM	1	(register, 0x40, 1)		(unique, 0xb400, 1)
instruction	CODE:8e0b	CODE:8e0d	LCALL 0x9f09	6	write	INTMEM	1	(register, 0x40, 1)		(unique, 0x1200, 1)
instruction	CODE:8e0b	CODE:8e13	LCALL 0xae2a	4	write	INTMEM	1	(register, 0x40, 1)		(unique, 0xb400, 1)
instruction	CODE:8e0b	CODE:8e13	LCALL 0xae2a	6	write	INTMEM	1	(register, 0x40, 1)		(unique, 0x1200, 1)
instruction	CODE:8e0b	CODE:8e16	LCALL 0xa82a	4	write	INTMEM	1	(register, 0x40, 1)		(unique, 0xb400, 1)
instruction	CODE:8e0b	CODE:8e16	LCALL 0xa82a	6	write	INTMEM	1	(register, 0x40, 1)		(unique, 0x1200, 1)
instruction	CODE:8e0b	CODE:8e22	LCALL 0xadf3	4	write	INTMEM	1	(register, 0x40, 1)		(unique, 0xb400, 1)
instruction	CODE:8e0b	CODE:8e22	LCALL 0xadf3	6	write	INTMEM	1	(register, 0x40, 1)		(unique, 0x1200, 1)
instruction	CODE:8e33	CODE:8e35	MOV A,@R0	0	read	INTMEM	1	(register, 0x0, 1)		
instruction	CODE:8e33	CODE:8e3c	MOV A,@R0	0	read	INTMEM	1	(register, 0x0, 1)		
instruction	CODE:8e33	CODE:8e4b	LCALL 0x99c8	4	write	INTMEM	1	(register, 0x40, 1)		(unique, 0xb400, 1)
instruction	CODE:8e33	CODE:8e4b	LCALL 0x99c8	6	write	INTMEM	1	(register, 0x40, 1)		(unique, 0x1200, 1)
instruction	CODE:8e33	CODE:8e56	LCALL 0x666b	4	write	INTMEM	1	(register, 0x40, 1)		(unique, 0xb400, 1)
instruction	CODE:8e33	CODE:8e56	LCALL 0x666b	6	write	INTMEM	1	(register, 0x40, 1)		(unique, 0x1200, 1)
instruction	CODE:8e33	CODE:8e59	RET	1	read	INTMEM	1	(register, 0x40, 1)		
instruction	CODE:8e33	CODE:8e59	RET	3	read	INTMEM	1	(register, 0x40, 1)		
instruction	CODE:8e5a	CODE:8e5c	MOV A,@R0	0	read	INTMEM	1	(register, 0x0, 1)		
instruction	CODE:8e5a	CODE:8e5e	LCALL 0x44df	4	write	INTMEM	1	(register, 0x40, 1)		(unique, 0xb400, 1)
instruction	CODE:8e5a	CODE:8e5e	LCALL 0x44df	6	write	INTMEM	1	(register, 0x40, 1)		(unique, 0x1200, 1)
instruction	CODE:8e5a	CODE:8e61	MOVX A,@DPTR	1	read	EXTMEM	1	(unique, 0x2800, 2)		
instruction	CODE:8e5a	CODE:8e6b	LCALL 0x44e1	4	write	INTMEM	1	(register, 0x40, 1)		(unique, 0xb400, 1)
instruction	CODE:8e5a	CODE:8e6b	LCALL 0x44e1	6	write	INTMEM	1	(register, 0x40, 1)		(unique, 0x1200, 1)
instruction	CODE:8e5a	CODE:8e6e	MOVX A,@DPTR	1	read	EXTMEM	1	(unique, 0x2800, 2)		
instruction	CODE:8e5a	CODE:8e70	MOVX @DPTR,A	2	write	EXTMEM	1	(unique, 0x2800, 2)		(unique, 0x2900, 1)
instruction	CODE:8e5a	CODE:8e7b	MOVC A,@A+DPTR	2	read	CODE	1	(unique, 0x2400, 2)		
instruction	CODE:8e5a	CODE:8e7d	RET	1	read	INTMEM	1	(register, 0x40, 1)		
instruction	CODE:8e5a	CODE:8e7d	RET	3	read	INTMEM	1	(register, 0x40, 1)		
instruction	CODE:8e5a	CODE:8e80	RET	1	read	INTMEM	1	(register, 0x40, 1)		
instruction	CODE:8e5a	CODE:8e80	RET	3	read	INTMEM	1	(register, 0x40, 1)		
instruction	CODE:8e81	CODE:8e81	LCALL 0x50e1	4	write	INTMEM	1	(register, 0x40, 1)		(unique, 0xb400, 1)
instruction	CODE:8e81	CODE:8e81	LCALL 0x50e1	6	write	INTMEM	1	(register, 0x40, 1)		(unique, 0x1200, 1)
instruction	CODE:8e81	CODE:8e84	MOVX A,@DPTR	1	read	EXTMEM	1	(unique, 0x2800, 2)		
instruction	CODE:8e81	CODE:8e87	LCALL 0xa6fd	4	write	INTMEM	1	(register, 0x40, 1)		(unique, 0xb400, 1)
instruction	CODE:8e81	CODE:8e87	LCALL 0xa6fd	6	write	INTMEM	1	(register, 0x40, 1)		(unique, 0x1200, 1)
instruction	CODE:8e81	CODE:8e8e	LCALL 0x5078	4	write	INTMEM	1	(register, 0x40, 1)		(unique, 0xb400, 1)
instruction	CODE:8e81	CODE:8e8e	LCALL 0x5078	6	write	INTMEM	1	(register, 0x40, 1)		(unique, 0x1200, 1)
instruction	CODE:8e81	CODE:8e91	MOVX A,@DPTR	1	read	EXTMEM	1	(unique, 0x2800, 2)		
instruction	CODE:8e81	CODE:8e96	RET	1	read	INTMEM	1	(register, 0x40, 1)		
instruction	CODE:8e81	CODE:8e96	RET	3	read	INTMEM	1	(register, 0x40, 1)		
instruction	CODE:8e81	CODE:8e97	LCALL 0x5085	4	write	INTMEM	1	(register, 0x40, 1)		(unique, 0xb400, 1)
instruction	CODE:8e81	CODE:8e97	LCALL 0x5085	6	write	INTMEM	1	(register, 0x40, 1)		(unique, 0x1200, 1)
instruction	CODE:8e81	CODE:8e9a	MOVX A,@DPTR	1	read	EXTMEM	1	(unique, 0x2800, 2)		
instruction	CODE:8e81	CODE:8ea0	LCALL 0x9cca	4	write	INTMEM	1	(register, 0x40, 1)		(unique, 0xb400, 1)
instruction	CODE:8e81	CODE:8ea0	LCALL 0x9cca	6	write	INTMEM	1	(register, 0x40, 1)		(unique, 0x1200, 1)
instruction	CODE:8e81	CODE:8ea3	LCALL 0xa6b5	4	write	INTMEM	1	(register, 0x40, 1)		(unique, 0xb400, 1)
instruction	CODE:8e81	CODE:8ea3	LCALL 0xa6b5	6	write	INTMEM	1	(register, 0x40, 1)		(unique, 0x1200, 1)
instruction	CODE:8e81	CODE:8ea6	RET	1	read	INTMEM	1	(register, 0x40, 1)		
instruction	CODE:8e81	CODE:8ea6	RET	3	read	INTMEM	1	(register, 0x40, 1)		
instruction	CODE:8ea7	CODE:8eb2	RET	1	read	INTMEM	1	(register, 0x40, 1)		
instruction	CODE:8ea7	CODE:8eb2	RET	3	read	INTMEM	1	(register, 0x40, 1)		
instruction	CODE:8ea7	CODE:8ebe	RET	1	read	INTMEM	1	(register, 0x40, 1)		
instruction	CODE:8ea7	CODE:8ebe	RET	3	read	INTMEM	1	(register, 0x40, 1)		
instruction	CODE:8ea7	CODE:8ecc	RET	1	read	INTMEM	1	(register, 0x40, 1)		
instruction	CODE:8ea7	CODE:8ecc	RET	3	read	INTMEM	1	(register, 0x40, 1)		
instruction	CODE:8ecd	CODE:8ed1	MOVX @DPTR,A	2	write	EXTMEM	1	(unique, 0x2800, 2)		(unique, 0x2900, 1)
instruction	CODE:8ecd	CODE:8ed7	MOVX @DPTR,A	2	write	EXTMEM	1	(unique, 0x2800, 2)		(unique, 0x2900, 1)
instruction	CODE:8ecd	CODE:8edb	MOVX A,@DPTR	1	read	EXTMEM	1	(unique, 0x2800, 2)		
instruction	CODE:8ecd	CODE:8edd	LCALL 0xa6df	4	write	INTMEM	1	(register, 0x40, 1)		(unique, 0xb400, 1)
instruction	CODE:8ecd	CODE:8edd	LCALL 0xa6df	6	write	INTMEM	1	(register, 0x40, 1)		(unique, 0x1200, 1)
instruction	CODE:8ecd	CODE:8ee3	MOVX A,@DPTR	1	read	EXTMEM	1	(unique, 0x2800, 2)		
instruction	CODE:8ecd	CODE:8ee7	MOVC A,@A+DPTR	2	read	CODE	1	(unique, 0x2400, 2)		
instruction	CODE:8ecd	CODE:8ee9	LCALL 0x33d6	4	write	INTMEM	1	(register, 0x40, 1)		(unique, 0xb400, 1)
instruction	CODE:8ecd	CODE:8ee9	LCALL 0x33d6	6	write	INTMEM	1	(register, 0x40, 1)		(unique, 0x1200, 1)
instruction	CODE:8ef3	CODE:8ef3	LCALL 0x9f29	4	write	INTMEM	1	(register, 0x40, 1)		(unique, 0xb400, 1)
instruction	CODE:8ef3	CODE:8ef3	LCALL 0x9f29	6	write	INTMEM	1	(register, 0x40, 1)		(unique, 0x1200, 1)
instruction	CODE:8ef3	CODE:8efc	MOVX @DPTR,A	2	write	EXTMEM	1	(unique, 0x2800, 2)		(unique, 0x2900, 1)
instruction	CODE:8ef3	CODE:8efe	LCALL 0x6215	4	write	INTMEM	1	(register, 0x40, 1)		(unique, 0xb400, 1)
instruction	CODE:8ef3	CODE:8efe	LCALL 0x6215	6	write	INTMEM	1	(register, 0x40, 1)		(unique, 0x1200, 1)
instruction	CODE:8ef3	CODE:8f02	MOVX @DPTR,A	2	write	EXTMEM	1	(unique, 0x2800, 2)		(unique, 0x2900, 1)
instruction	CODE:8ef3	CODE:8f04	MOVX @DPTR,A	2	write	EXTMEM	1	(unique, 0x2800, 2)		(unique, 0x2900, 1)
instruction	CODE:8ef3	CODE:8f05	LCALL 0x629e	4	write	INTMEM	1	(register, 0x40, 1)		(unique, 0xb400, 1)
instruction	CODE:8ef3	CODE:8f05	LCALL 0x629e	6	write	INTMEM	1	(register, 0x40, 1)		(unique, 0x1200, 1)
instruction	CODE:8ef3	CODE:8f09	MOVX @DPTR,A	2	write	EXTMEM	1	(unique, 0x2800, 2)		(unique, 0x2900, 1)
instruction	CODE:8ef3	CODE:8f0d	LCALL 0x6217	4	write	INTMEM	1	(register, 0x40, 1)		(unique, 0xb400, 1)
instruction	CODE:8ef3	CODE:8f0d	LCALL 0x6217	6	write	INTMEM	1	(register, 0x40, 1)		(unique, 0x1200, 1)
instruction	CODE:8ef3	CODE:8f11	MOVX @DPTR,A	2	write	EXTMEM	1	(unique, 0x2800, 2)		(unique, 0x2900, 1)
instruction	CODE:8ef3	CODE:8f17	MOVX @DPTR,A	2	write	EXTMEM	1	(unique, 0x2800, 2)		(unique, 0x2900, 1)
instruction	CODE:8ef3	CODE:8f18	RET	1	read	INTMEM	1	(register, 0x40, 1)		
instruction	CODE:8ef3	CODE:8f18	RET	3	read	INTMEM	1	(register, 0x40, 1)		
instruction	CODE:8f19	CODE:8f19	LCALL 0x9f39	4	write	INTMEM	1	(register, 0x40, 1)		(unique, 0xb400, 1)
instruction	CODE:8f19	CODE:8f19	LCALL 0x9f39	6	write	INTMEM	1	(register, 0x40, 1)		(unique, 0x1200, 1)
instruction	CODE:8f19	CODE:8f1f	LCALL 0x6217	4	write	INTMEM	1	(register, 0x40, 1)		(unique, 0xb400, 1)
instruction	CODE:8f19	CODE:8f1f	LCALL 0x6217	6	write	INTMEM	1	(register, 0x40, 1)		(unique, 0x1200, 1)
instruction	CODE:8f19	CODE:8f23	MOVX @DPTR,A	2	write	EXTMEM	1	(unique, 0x2800, 2)		(unique, 0x2900, 1)
instruction	CODE:8f19	CODE:8f27	LCALL 0x6217	4	write	INTMEM	1	(register, 0x40, 1)		(unique, 0xb400, 1)
instruction	CODE:8f19	CODE:8f27	LCALL 0x6217	6	write	INTMEM	1	(register, 0x40, 1)		(unique, 0x1200, 1)
instruction	CODE:8f19	CODE:8f2b	MOVX @DPTR,A	2	write	EXTMEM	1	(unique, 0x2800, 2)		(unique, 0x2900, 1)
instruction	CODE:8f19	CODE:8f2d	MOVX @DPTR,A	2	write	EXTMEM	1	(unique, 0x2800, 2)		(unique, 0x2900, 1)
instruction	CODE:8f19	CODE:8f31	LCALL 0x6217	4	write	INTMEM	1	(register, 0x40, 1)		(unique, 0xb400, 1)
instruction	CODE:8f19	CODE:8f31	LCALL 0x6217	6	write	INTMEM	1	(register, 0x40, 1)		(unique, 0x1200, 1)
instruction	CODE:8f19	CODE:8f35	MOVX @DPTR,A	2	write	EXTMEM	1	(unique, 0x2800, 2)		(unique, 0x2900, 1)
instruction	CODE:8f19	CODE:8f37	MOVX @DPTR,A	2	write	EXTMEM	1	(unique, 0x2800, 2)		(unique, 0x2900, 1)
instruction	CODE:8f19	CODE:8f3d	MOVX @DPTR,A	2	write	EXTMEM	1	(unique, 0x2800, 2)		(unique, 0x2900, 1)
instruction	CODE:8f19	CODE:8f3e	RET	1	read	INTMEM	1	(register, 0x40, 1)		
instruction	CODE:8f19	CODE:8f3e	RET	3	read	INTMEM	1	(register, 0x40, 1)		
instruction	CODE:8f3f	CODE:8f3f	LCALL 0xa5bd	4	write	INTMEM	1	(register, 0x40, 1)		(unique, 0xb400, 1)
instruction	CODE:8f3f	CODE:8f3f	LCALL 0xa5bd	6	write	INTMEM	1	(register, 0x40, 1)		(unique, 0x1200, 1)
instruction	CODE:8f3f	CODE:8f53	LCALL 0xa53c	4	write	INTMEM	1	(register, 0x40, 1)		(unique, 0xb400, 1)
instruction	CODE:8f3f	CODE:8f53	LCALL 0xa53c	6	write	INTMEM	1	(register, 0x40, 1)		(unique, 0x1200, 1)
instruction	CODE:8f3f	CODE:8f60	LCALL 0x236b	4	write	INTMEM	1	(register, 0x40, 1)		(unique, 0xb400, 1)
instruction	CODE:8f3f	CODE:8f60	LCALL 0x236b	6	write	INTMEM	1	(register, 0x40, 1)		(unique, 0x1200, 1)
instruction	CODE:8f3f	CODE:8f63	RET	1	read	INTMEM	1	(register, 0x40, 1)		
instruction	CODE:8f3f	CODE:8f63	RET	3	read	INTMEM	1	(register, 0x40, 1)		
instruction	CODE:8f64	CODE:8f67	MOVX A,@DPTR	1	read	EXTMEM	1	(unique, 0x2800, 2)		
instruction	CODE:8f64	CODE:8f70	MOVX @DPTR,A	2	write	EXTMEM	1	(unique, 0x2800, 2)		(unique, 0x2900, 1)
instruction	CODE:8f64	CODE:8f74	MOVX @DPTR,A	2	write	EXTMEM	1	(unique, 0x2800, 2)		(unique, 0x2900, 1)
instruction	CODE:8f64	CODE:8f77	MOVX @DPTR,A	2	write	EXTMEM	1	(unique, 0x2800, 2)		(unique, 0x2900, 1)
instruction	CODE:8f64	CODE:8f78	LCALL 0x96cb	4	write	INTMEM	1	(register, 0x40, 1)		(unique, 0xb400, 1)
instruction	CODE:8f64	CODE:8f78	LCALL 0x96cb	6	write	INTMEM	1	(register, 0x40, 1)		(unique, 0x1200, 1)
instruction	CODE:8f64	CODE:8f83	LCALL 0x666b	4	write	INTMEM	1	(register, 0x40, 1)		(unique, 0xb400, 1)
instruction	CODE:8f64	CODE:8f83	LCALL 0x666b	6	write	INTMEM	1	(register, 0x40, 1)		(unique, 0x1200, 1)
instruction	CODE:8f64	CODE:8f86	RET	1	read	INTMEM	1	(register, 0x40, 1)		
instruction	CODE:8f64	CODE:8f86	RET	3	read	INTMEM	1	(register, 0x40, 1)		
instruction	CODE:8f87	CODE:8f87	LCALL 0x50a8	4	write	INTMEM	1	(register, 0x40, 1)		(unique, 0xb400, 1)
instruction	CODE:8f87	CODE:8f87	LCALL 0x50a8	6	write	INTMEM	1	(register, 0x40, 1)		(unique, 0x1200, 1)
instruction	CODE:8f87	CODE:8f8a	MOVX A,@DPTR	1	read	EXTMEM	1	(unique, 0x2800, 2)		
instruction	CODE:8f87	CODE:8f8d	MOV A,@R0	0	read	INTMEM	1	(register, 0x0, 1)		
instruction	CODE:8f87	CODE:8f8f	LCALL 0x50ab	4	write	INTMEM	1	(register, 0x40, 1)		(unique, 0xb400, 1)
instruction	CODE:8f87	CODE:8f8f	LCALL 0x50ab	6	write	INTMEM	1	(register, 0x40, 1)		(unique, 0x1200, 1)
instruction	CODE:8f87	CODE:8f93	MOVX @DPTR,A	2	write	EXTMEM	1	(unique, 0x2800, 2)		(unique, 0x2900, 1)
instruction	CODE:8f87	CODE:8f9c	MOV A,@R0	0	read	INTMEM	1	(register, 0x0, 1)		
instruction	CODE:8f87	CODE:8fa6	LCALL 0x8800	4	write	INTMEM	1	(register, 0x40, 1)		(unique, 0xb400, 1)
instruction	CODE:8f87	CODE:8fa6	LCALL 0x8800	6	write	INTMEM	1	(register, 0x40, 1)		(unique, 0x1200, 1)
instruction	CODE:8f87	CODE:8fa9	RET	1	read	INTMEM	1	(register, 0x40, 1)		
instruction	CODE:8f87	CODE:8fa9	RET	3	read	INTMEM	1	(register, 0x40, 1)		
instruction	CODE:8faa	CODE:8faa	LCALL 0x440b	4	write	INTMEM	1	(register, 0x40, 1)		(unique, 0xb400, 1)
instruction	CODE:8faa	CODE:8faa	LCALL 0x440b	6	write	INTMEM	1	(register, 0x40, 1)		(unique, 0x1200, 1)
instruction	CODE:8faa	CODE:8fad	LCALL 0x450a	4	write	INTMEM	1	(register, 0x40, 1)		(unique, 0xb400, 1)
instruction	CODE:8faa	CODE:8fad	LCALL 0x450a	6	write	INTMEM	1	(register, 0x40, 1)		(unique, 0x1200, 1)
instruction	CODE:8faa	CODE:8fb7	LCALL 0x448a	4	write	INTMEM	1	(register, 0x40, 1)		(unique, 0xb400, 1)
instruction	CODE:8faa	CODE:8fb7	LCALL 0x448a	6	write	INTMEM	1	(register, 0x40, 1)		(unique, 0x1200, 1)
instruction	CODE:8faa	CODE:8fc1	LCALL 0x4495	4	write	INTMEM	1	(register, 0x40, 1)		(unique, 0xb400, 1)
instruction	CODE:8faa	CODE:8fc1	LCALL 0x4495	6	write	INTMEM	1	(register, 0x40, 1)		(unique, 0x1200, 1)
instruction	CODE:8faa	CODE:8fc7	LCALL 0x4470	4	write	INTMEM	1	(register, 0x40, 1)		(unique, 0xb400, 1)
instruction	CODE:8faa	CODE:8fc7	LCALL 0x4470	6	write	INTMEM	1	(register, 0x40, 1)		(unique, 0x1200, 1)
instruction	CODE:8fcd	CODE:8fd6	MOVX @DPTR,A	2	write	EXTMEM	1	(unique, 0x2800, 2)		(unique, 0x2900, 1)
instruction	CODE:8fcd	CODE:8fdb	MOVX @DPTR,A	2	write	EXTMEM	1	(unique, 0x2800, 2)		(unique, 0x2900, 1)
instruction	CODE:8fcd	CODE:8fe9	MOVX @DPTR,A	2	write	EXTMEM	1	(unique, 0x2800, 2)		(unique, 0x2900, 1)
instruction	CODE:8fcd	CODE:8fee	MOVX @DPTR,A	2	write	EXTMEM	1	(unique, 0x2800, 2)		(unique, 0x2900, 1)
instruction	CODE:8fcd	CODE:8fef	RET	1	read	INTMEM	1	(register, 0x40, 1)		
instruction	CODE:8fcd	CODE:8fef	RET	3	read	INTMEM	1	(register, 0x40, 1)		
instruction	CODE:8ff0	CODE:8ff0	LCALL 0x838d	4	write	INTMEM	1	(register, 0x40, 1)		(unique, 0xb400, 1)
instruction	CODE:8ff0	CODE:8ff0	LCALL 0x838d	6	write	INTMEM	1	(register, 0x40, 1)		(unique, 0x1200, 1)
instruction	CODE:8ff0	CODE:8ff3	LCALL 0xa5b5	4	write	INTMEM	1	(register, 0x40, 1)		(unique, 0xb400, 1)
instruction	CODE:8ff0	CODE:8ff3	LCALL 0xa5b5	6	write	INTMEM	1	(register, 0x40, 1)		(unique, 0x1200, 1)
instruction	CODE:8ff0	CODE:8ff8	LCALL 0x5fe3	4	write	INTMEM	1	(register, 0x40, 1)		(unique, 0xb400, 1)
instruction	CODE:8ff0	CODE:8ff8	LCALL 0x5fe3	6	write	INTMEM	1	(register, 0x40, 1)		(unique, 0x1200, 1)
instruction	CODE:9000	CODE:9002	MOV @R0,0x07	1	write	INTMEM	1	(register, 0x0, 1)		(unique, 0x2a00, 1)
instruction	CODE:9000	CODE:9004	LCALL 0xa521	4	write	INTMEM	1	(register, 0x40, 1)		(unique, 0xb400, 1)
instruction	CODE:9000	CODE:9004	LCALL 0xa521	6	write	INTMEM	1	(register, 0x40, 1)		(unique, 0x1200, 1)
instruction	CODE:9000	CODE:900a	LCALL 0x1e48	4	write	INTMEM	1	(register, 0x40, 1)		(unique, 0xb400, 1)
instruction	CODE:9000	CODE:900a	LCALL 0x1e48	6	write	INTMEM	1	(register, 0x40, 1)		(unique, 0x1200, 1)
instruction	CODE:9000	CODE:900d	MOV @R0,#0x2	1	write	INTMEM	1	(register, 0x0, 1)		(unique, 0x2a00, 1)
instruction	CODE:9000	CODE:900f	RET	1	read	INTMEM	1	(register, 0x40, 1)		
instruction	CODE:9000	CODE:900f	RET	3	read	INTMEM	1	(register, 0x40, 1)		
instruction	CODE:9000	CODE:9010	LCALL 0xa521	4	write	INTMEM	1	(register, 0x40, 1)		(unique, 0xb400, 1)
instruction	CODE:9000	CODE:9010	LCALL 0xa521	6	write	INTMEM	1	(register, 0x40, 1)		(unique, 0x1200, 1)
instruction	CODE:9000	CODE:9015	MOV A,@R0	0	read	INTMEM	1	(register, 0x0, 1)		
instruction	CODE:9000	CODE:901c	MOV @R0,#0x1	1	write	INTMEM	1	(register, 0x0, 1)		(unique, 0x2a00, 1)
instruction	CODE:9000	CODE:901e	RET	1	read	INTMEM	1	(register, 0x40, 1)		
instruction	CODE:9000	CODE:901e	RET	3	read	INTMEM	1	(register, 0x40, 1)		
instruction	CODE:9000	CODE:901f	LCALL 0x1e4f	4	write	INTMEM	1	(register, 0x40, 1)		(unique, 0xb400, 1)
instruction	CODE:9000	CODE:901f	LCALL 0x1e4f	6	write	INTMEM	1	(register, 0x40, 1)		(unique, 0x1200, 1)
instruction	CODE:9000	CODE:9022	RET	1	read	INTMEM	1	(register, 0x40, 1)		
instruction	CODE:9000	CODE:9022	RET	3	read	INTMEM	1	(register, 0x40, 1)		
instruction	CODE:9023	CODE:9027	MOVC A,@A+DPTR	2	read	CODE	1	(unique, 0x2400, 2)		
instruction	CODE:9023	CODE:902f	LCALL 0x83dc	4	write	INTMEM	1	(register, 0x40, 1)		(unique, 0xb400, 1)
instruction	CODE:9023	CODE:902f	LCALL 0x83dc	6	write	INTMEM	1	(register, 0x40, 1)		(unique, 0x1200, 1)
instruction	CODE:9023	CODE:9034	MOVX @DPTR,A	2	write	EXTMEM	1	(unique, 0x2800, 2)		(unique, 0x2900, 1)
instruction	CODE:9023	CODE:9037	LCALL 0x83dc	4	write	INTMEM	1	(register, 0x40, 1)		(unique, 0xb400, 1)
instruction	CODE:9023	CODE:9037	LCALL 0x83dc	6	write	INTMEM	1	(register, 0x40, 1)		(unique, 0x1200, 1)
instruction	CODE:9023	CODE:903b	MOVX @DPTR,A	2	write	EXTMEM	1	(unique, 0x2800, 2)		(unique, 0x2900, 1)
instruction	CODE:9023	CODE:903c	LCALL 0x83f1	4	write	INTMEM	1	(register, 0x40, 1)		(unique, 0xb400, 1)
instruction	CODE:9023	CODE:903c	LCALL 0x83f1	6	write	INTMEM	1	(register, 0x40, 1)		(unique, 0x1200, 1)
instruction	CODE:9046	CODE:9046	LCALL 0x80bc	4	write	INTMEM	1	(register, 0x40, 1)		(unique, 0xb400, 1)
instruction	CODE:9046	CODE:9046	LCALL 0x80bc	6	write	INTMEM	1	(register, 0x40, 1)		(unique, 0x1200, 1)
instruction	CODE:9046	CODE:904b	MOV A,@R0	0	read	INTMEM	1	(register, 0x0, 1)		
instruction	CODE:9046	CODE:9054	LCALL 0x9c2f	4	write	INTMEM	1	(register, 0x40, 1)		(unique, 0xb400, 1)
instruction	CODE:9046	CODE:9054	LCALL 0x9c2f	6	write	INTMEM	1	(register, 0x40, 1)		(unique, 0x1200, 1)
instruction	CODE:9046	CODE:905d	LCALL 0x9c2f	4	write	INTMEM	1	(register, 0x40, 1)		(unique, 0xb400, 1)
instruction	CODE:9046	CODE:905d	LCALL 0x9c2f	6	write	INTMEM	1	(register, 0x40, 1)		(unique, 0x1200, 1)
instruction	CODE:9046	CODE:9065	LCALL 0xae2a	4	write	INTMEM	1	(register, 0x40, 1)		(unique, 0xb400, 1)
instruction	CODE:9046	CODE:9065	LCALL 0xae2a	6	write	INTMEM	1	(register, 0x40, 1)		(unique, 0x1200, 1)
instruction	CODE:9046	CODE:9068	RET	1	read	INTMEM	1	(register, 0x40, 1)		
instruction	CODE:9046	CODE:9068	RET	3	read	INTMEM	1	(register, 0x40, 1)		
instruction	CODE:908c	CODE:908f	MOVX A,@DPTR	1	read	EXTMEM	1	(unique, 0x2800, 2)		
instruction	CODE:908c	CODE:9092	MOVX A,@DPTR	1	read	EXTMEM	1	(unique, 0x2800, 2)		
instruction	CODE:908c	CODE:909a	MOVX @DPTR,A	2	write	EXTMEM	1	(unique, 0x2800, 2)		(unique, 0x2900, 1)
instruction	CODE:908c	CODE:909d	MOVX @DPTR,A	2	write	EXTMEM	1	(unique, 0x2800, 2)		(unique, 0x2900, 1)
instruction	CODE:908c	CODE:90a0	PUSH 0x03	1	write	INTMEM	1	(register, 0x40, 1)		mem[INTMEM:03]
instruction	CODE:908c	CODE:90a5	LCALL 0x62a5	4	write	INTMEM	1	(register, 0x40, 1)		(unique, 0xb400, 1)
instruction	CODE:908c	CODE:90a5	LCALL 0x62a5	6	write	INTMEM	1	(register, 0x40, 1)		(unique, 0x1200, 1)
instruction	CODE:90d1	CODE:90d3	MOV A,@R0	0	read	INTMEM	1	(register, 0x0, 1)		
instruction	CODE:90d1	CODE:90eb	MOVX A,@DPTR	1	read	EXTMEM	1	(unique, 0x2800, 2)		
instruction	CODE:90d1	CODE:90ed	MOVX @DPTR,A	2	write	EXTMEM	1	(unique, 0x2800, 2)		(unique, 0x2900, 1)
instruction	CODE:90d1	CODE:90ef	MOVX A,@DPTR	1	read	EXTMEM	1	(unique, 0x2800, 2)		
instruction	CODE:90d1	CODE:90f1	MOVX @DPTR,A	2	write	EXTMEM	1	(unique, 0x2800, 2)		(unique, 0x2900, 1)
instruction	CODE:90d1	CODE:90f2	RET	1	read	INTMEM	1	(register, 0x40, 1)		
instruction	CODE:90d1	CODE:90f2	RET	3	read	INTMEM	1	(register, 0x40, 1)		
instruction	CODE:90f3	CODE:90f7	MOVX @DPTR,A	2	write	EXTMEM	1	(unique, 0x2800, 2)		(unique, 0x2900, 1)
instruction	CODE:90f3	CODE:90fa	MOV A,@R0	0	read	INTMEM	1	(register, 0x0, 1)		
instruction	CODE:90f3	CODE:9109	MOVX A,@DPTR	1	read	EXTMEM	1	(unique, 0x2800, 2)		
instruction	CODE:90f3	CODE:9114	RET	1	read	INTMEM	1	(register, 0x40, 1)		
instruction	CODE:90f3	CODE:9114	RET	3	read	INTMEM	1	(register, 0x40, 1)		
instruction	CODE:9115	CODE:9119	MOVX @DPTR,A	2	write	EXTMEM	1	(unique, 0x2800, 2)		(unique, 0x2900, 1)
instruction	CODE:9115	CODE:911a	LCALL 0xa6e5	4	write	INTMEM	1	(register, 0x40, 1)		(unique, 0xb400, 1)
instruction	CODE:9115	CODE:911a	LCALL 0xa6e5	6	write	INTMEM	1	(register, 0x40, 1)		(unique, 0x1200, 1)
instruction	CODE:9115	CODE:9120	MOVX A,@DPTR	1	read	EXTMEM	1	(unique, 0x2800, 2)		
instruction	CODE:9115	CODE:9122	LCALL 0x95b8	4	write	INTMEM	1	(register, 0x40, 1)		(unique, 0xb400, 1)
instruction	CODE:9115	CODE:9122	LCALL 0x95b8	6	write	INTMEM	1	(register, 0x40, 1)		(unique, 0x1200, 1)
instruction	CODE:9115	CODE:9128	MOVX A,@DPTR	1	read	EXTMEM	1	(unique, 0x2800, 2)		
instruction	CODE:9115	CODE:912b	MOVX A,@DPTR	1	read	EXTMEM	1	(unique, 0x2800, 2)		
instruction	CODE:9115	CODE:912e	MOVX A,@DPTR	1	read	EXTMEM	1	(unique, 0x2800, 2)		
instruction	CODE:9137	CODE:9139	MOV A,@R0	0	read	INTMEM	1	(register, 0x0, 1)		
instruction	CODE:9137	CODE:913b	LCALL 0x770c	4	write	INTMEM	1	(register, 0x40, 1)		(unique, 0xb400, 1)
instruction	CODE:9137	CODE:913b	LCALL 0x770c	6	write	INTMEM	1	(register, 0x40, 1)		(unique, 0x1200, 1)
instruction	CODE:9137	CODE:9147	LCALL 0xa9ae	4	write	INTMEM	1	(register, 0x40, 1)		(unique, 0xb400, 1)
instruction	CODE:9137	CODE:9147	LCALL 0xa9ae	6	write	INTMEM	1	(register, 0x40, 1)		(unique, 0x1200, 1)
instruction	CODE:9137	CODE:9154	MOV @R0,0x06	1	write	INTMEM	1	(register, 0x0, 1)		(unique, 0x2a00, 1)
instruction	CODE:9137	CODE:9158	RET	1	read	INTMEM	1	(register, 0x40, 1)		
instruction	CODE:9137	CODE:9158	RET	3	read	INTMEM	1	(register, 0x40, 1)		
instruction	CODE:9159	CODE:9159	LCALL 0x9894	4	write	INTMEM	1	(register, 0x40, 1)		(unique, 0xb400, 1)
instruction	CODE:9159	CODE:9159	LCALL 0x9894	6	write	INTMEM	1	(register, 0x40, 1)		(unique, 0x1200, 1)
instruction	CODE:9159	CODE:9161	LCALL 0xa9ae	4	write	INTMEM	1	(register, 0x40, 1)		(unique, 0xb400, 1)
instruction	CODE:9159	CODE:9161	LCALL 0xa9ae	6	write	INTMEM	1	(register, 0x40, 1)		(unique, 0x1200, 1)
instruction	CODE:9159	CODE:9169	LCALL 0xa9ae	4	write	INTMEM	1	(register, 0x40, 1)		(unique, 0xb400, 1)
instruction	CODE:9159	CODE:9169	LCALL 0xa9ae	6	write	INTMEM	1	(register, 0x40, 1)		(unique, 0x1200, 1)
instruction	CODE:9159	CODE:9171	LCALL 0xa9ae	4	write	INTMEM	1	(register, 0x40, 1)		(unique, 0xb400, 1)
instruction	CODE:9159	CODE:9171	LCALL 0xa9ae	6	write	INTMEM	1	(register, 0x40, 1)		(unique, 0x1200, 1)
instruction	CODE:917b	CODE:917b	LCALL 0x9894	4	write	INTMEM	1	(register, 0x40, 1)		(unique, 0xb400, 1)
instruction	CODE:917b	CODE:917b	LCALL 0x9894	6	write	INTMEM	1	(register, 0x40, 1)		(unique, 0x1200, 1)
instruction	CODE:917b	CODE:9181	LCALL 0xae2a	4	write	INTMEM	1	(register, 0x40, 1)		(unique, 0xb400, 1)
instruction	CODE:917b	CODE:9181	LCALL 0xae2a	6	write	INTMEM	1	(register, 0x40, 1)		(unique, 0x1200, 1)
instruction	CODE:917b	CODE:9184	LCALL 0xa58d	4	write	INTMEM	1	(register, 0x40, 1)		(unique, 0xb400, 1)
instruction	CODE:917b	CODE:9184	LCALL 0xa58d	6	write	INTMEM	1	(register, 0x40, 1)		(unique, 0x1200, 1)
instruction	CODE:917b	CODE:918a	LCALL 0xadf3	4	write	INTMEM	1	(register, 0x40, 1)		(unique, 0xb400, 1)
instruction	CODE:917b	CODE:918a	LCALL 0xadf3	6	write	INTMEM	1	(register, 0x40, 1)		(unique, 0x1200, 1)
instruction	CODE:919d	CODE:919f	MOV A,@R0	0	read	INTMEM	1	(register, 0x0, 1)		
instruction	CODE:919d	CODE:91a1	LCALL 0xa139	4	write	INTMEM	1	(register, 0x40, 1)		(unique, 0xb400, 1)
instruction	CODE:919d	CODE:91a1	LCALL 0xa139	6	write	INTMEM	1	(register, 0x40, 1)		(unique, 0x1200, 1)
instruction	CODE:919d	CODE:91a6	LCALL 0xa6fd	4	write	INTMEM	1	(register, 0x40, 1)		(unique, 0xb400, 1)
instruction	CODE:919d	CODE:91a6	LCALL 0xa6fd	6	write	INTMEM	1	(register, 0x40, 1)		(unique, 0x1200, 1)
instruction	CODE:919d	CODE:91ac	LCALL 0xa533	4	write	INTMEM	1	(register, 0x40, 1)		(unique, 0xb400, 1)
instruction	CODE:919d	CODE:91ac	LCALL 0xa533	6	write	INTMEM	1	(register, 0x40, 1)		(unique, 0x1200, 1)
instruction	CODE:919d	CODE:91b1	RET	1	read	INTMEM	1	(register, 0x40, 1)		
instruction	CODE:919d	CODE:91b1	RET	3	read	INTMEM	1	(register, 0x40, 1)		
instruction	CODE:919d	CODE:91b2	LCALL 0xa6fd	4	write	INTMEM	1	(register, 0x40, 1)		(unique, 0xb400, 1)
instruction	CODE:919d	CODE:91b2	LCALL 0xa6fd	6	write	INTMEM	1	(register, 0x40, 1)		(unique, 0x1200, 1)
instruction	CODE:919d	CODE:91ba	RET	1	read	INTMEM	1	(register, 0x40, 1)		
instruction	CODE:919d	CODE:91ba	RET	3	read	INTMEM	1	(register, 0x40, 1)		
instruction	CODE:919d	CODE:91bd	RET	1	read	INTMEM	1	(register, 0x40, 1)		
instruction	CODE:919d	CODE:91bd	RET	3	read	INTMEM	1	(register, 0x40, 1)		
instruction	CODE:91be	CODE:91ca	LCALL 0x94ae	4	write	INTMEM	1	(register, 0x40, 1)		(unique, 0xb400, 1)
instruction	CODE:91be	CODE:91ca	LCALL 0x94ae	6	write	INTMEM	1	(register, 0x40, 1)		(unique, 0x1200, 1)
instruction	CODE:91be	CODE:91de	RET	1	read	INTMEM	1	(register, 0x40, 1)		
instruction	CODE:91be	CODE:91de	RET	3	read	INTMEM	1	(register, 0x40, 1)		
instruction	CODE:91df	CODE:91df	LCALL 0xa82d	4	write	INTMEM	1	(register, 0x40, 1)		(unique, 0xb400, 1)
instruction	CODE:91df	CODE:91df	LCALL 0xa82d	6	write	INTMEM	1	(register, 0x40, 1)		(unique, 0x1200, 1)
instruction	CODE:91df	CODE:91e6	MOVX @DPTR,A	2	write	EXTMEM	1	(unique, 0x2800, 2)		(unique, 0x2900, 1)
instruction	CODE:91df	CODE:91e9	LCALL 0xa830	4	write	INTMEM	1	(register, 0x40, 1)		(unique, 0xb400, 1)
instruction	CODE:91df	CODE:91e9	LCALL 0xa830	6	write	INTMEM	1	(register, 0x40, 1)		(unique, 0x1200, 1)
instruction	CODE:91df	CODE:91ef	LCALL 0x4758	4	write	INTMEM	1	(register, 0x40, 1)		(unique, 0xb400, 1)
instruction	CODE:91df	CODE:91ef	LCALL 0x4758	6	write	INTMEM	1	(register, 0x40, 1)		(unique, 0x1200, 1)
instruction	CODE:91df	CODE:91f4	LCALL 0x65d3	4	write	INTMEM	1	(register, 0x40, 1)		(unique, 0xb400, 1)
instruction	CODE:91df	CODE:91f4	LCALL 0x65d3	6	write	INTMEM	1	(register, 0x40, 1)		(unique, 0x1200, 1)
instruction	CODE:9200	CODE:9200	LCALL 0xa669	4	write	INTMEM	1	(register, 0x40, 1)		(unique, 0xb400, 1)
instruction	CODE:9200	CODE:9200	LCALL 0xa669	6	write	INTMEM	1	(register, 0x40, 1)		(unique, 0x1200, 1)
instruction	CODE:9200	CODE:920b	LCALL 0xad49	4	write	INTMEM	1	(register, 0x40, 1)		(unique, 0xb400, 1)
instruction	CODE:9200	CODE:920b	LCALL 0xad49	6	write	INTMEM	1	(register, 0x40, 1)		(unique, 0x1200, 1)
instruction	CODE:9221	CODE:9221	LCALL 0x50a1	4	write	INTMEM	1	(register, 0x40, 1)		(unique, 0xb400, 1)
instruction	CODE:9221	CODE:9221	LCALL 0x50a1	6	write	INTMEM	1	(register, 0x40, 1)		(unique, 0x1200, 1)
instruction	CODE:9221	CODE:9224	MOV @R0,#0x1	1	write	INTMEM	1	(register, 0x0, 1)		(unique, 0x2a00, 1)
instruction	CODE:9221	CODE:922a	LCALL 0x9241	4	write	INTMEM	1	(register, 0x40, 1)		(unique, 0xb400, 1)
instruction	CODE:9221	CODE:922a	LCALL 0x9241	6	write	INTMEM	1	(register, 0x40, 1)		(unique, 0x1200, 1)
instruction	CODE:9221	CODE:922f	LCALL 0x9436	4	write	INTMEM	1	(register, 0x40, 1)		(unique, 0xb400, 1)
instruction	CODE:9221	CODE:922f	LCALL 0x9436	6	write	INTMEM	1	(register, 0x40, 1)		(unique, 0x1200, 1)
instruction	CODE:9221	CODE:9238	LCALL 0x87aa	4	write	INTMEM	1	(register, 0x40, 1)		(unique, 0xb400, 1)
instruction	CODE:9221	CODE:9238	LCALL 0x87aa	6	write	INTMEM	1	(register, 0x40, 1)		(unique, 0x1200, 1)
instruction	CODE:9221	CODE:923b	LCALL 0x5092	4	write	INTMEM	1	(register, 0x40, 1)		(unique, 0xb400, 1)
instruction	CODE:9221	CODE:923b	LCALL 0x5092	6	write	INTMEM	1	(register, 0x40, 1)		(unique, 0x1200, 1)
instruction	CODE:9241	CODE:9243	MOV A,@R0	0	read	INTMEM	1	(register, 0x0, 1)		
instruction	CODE:9241	CODE:924a	MOV A,@R0	0	read	INTMEM	1	(register, 0x0, 1)		
instruction	CODE:9241	CODE:924d	MOV A,@R0	0	read	INTMEM	1	(register, 0x0, 1)		
instruction	CODE:9241	CODE:925a	LCALL 0x1e41	4	write	INTMEM	1	(register, 0x40, 1)		(unique, 0xb400, 1)
instruction	CODE:9241	CODE:925a	LCALL 0x1e41	6	write	INTMEM	1	(register, 0x40, 1)		(unique, 0x1200, 1)
instruction	CODE:9241	CODE:925d	LCALL 0x766b	4	write	INTMEM	1	(register, 0x40, 1)		(unique, 0xb400, 1)
instruction	CODE:9241	CODE:925d	LCALL 0x766b	6	write	INTMEM	1	(register, 0x40, 1)		(unique, 0x1200, 1)
instruction	CODE:9241	CODE:9260	RET	1	read	INTMEM	1	(register, 0x40, 1)		
instruction	CODE:9241	CODE:9260	RET	3	read	INTMEM	1	(register, 0x40, 1)		
instruction	CODE:9261	CODE:9267	MOV A,@R0	0	read	INTMEM	1	(register, 0x0, 1)		
instruction	CODE:9281	CODE:9283	MOV A,@R0	0	read	INTMEM	1	(register, 0x0, 1)		
instruction	CODE:9281	CODE:928c	LCALL 0x9c39	4	write	INTMEM	1	(register, 0x40, 1)		(unique, 0xb400, 1)
instruction	CODE:9281	CODE:928c	LCALL 0x9c39	6	write	INTMEM	1	(register, 0x40, 1)		(unique, 0x1200, 1)
instruction	CODE:9281	CODE:9295	LCALL 0x9c39	4	write	INTMEM	1	(register, 0x40, 1)		(unique, 0xb400, 1)
instruction	CODE:9281	CODE:9295	LCALL 0x9c39	6	write	INTMEM	1	(register, 0x40, 1)		(unique, 0x1200, 1)
instruction	CODE:9281	CODE:929d	LCALL 0xae2a	4	write	INTMEM	1	(register, 0x40, 1)		(unique, 0xb400, 1)
instruction	CODE:9281	CODE:929d	LCALL 0xae2a	6	write	INTMEM	1	(register, 0x40, 1)		(unique, 0x1200, 1)
instruction	CODE:9281	CODE:92a0	RET	1	read	INTMEM	1	(register, 0x40, 1)		
instruction	CODE:9281	CODE:92a0	RET	3	read	INTMEM	1	(register, 0x40, 1)		
instruction	CODE:92a1	CODE:92a3	LCALL 0xa6a8	4	write	INTMEM	1	(register, 0x40, 1)		(unique, 0xb400, 1)
instruction	CODE:92a1	CODE:92a3	LCALL 0xa6a8	6	write	INTMEM	1	(register, 0x40, 1)		(unique, 0x1200, 1)
instruction	CODE:92a1	CODE:92aa	RET	1	read	INTMEM	1	(register, 0x40, 1)		
instruction	CODE:92a1	CODE:92aa	RET	3	read	INTMEM	1	(register, 0x40, 1)		
instruction	CODE:92a1	CODE:92ad	LCALL 0xa6a1	4	write	INTMEM	1	(register, 0x40, 1)		(unique, 0xb400, 1)
instruction	CODE:92a1	CODE:92ad	LCALL 0xa6a1	6	write	INTMEM	1	(register, 0x40, 1)		(unique, 0x1200, 1)
instruction	CODE:92a1	CODE:92b4	RET	1	read	INTMEM	1	(register, 0x40, 1)		
instruction	CODE:92a1	CODE:92b4	RET	3	read	INTMEM	1	(register, 0x40, 1)		
instruction	CODE:92a1	CODE:92b7	LCALL 0xa6a1	4	write	INTMEM	1	(register, 0x40, 1)		(unique, 0xb400, 1)
instruction	CODE:92a1	CODE:92b7	LCALL 0xa6a1	6	write	INTMEM	1	(register, 0x40, 1)		(unique, 0x1200, 1)
instruction	CODE:92a1	CODE:92c0	RET	1	read	INTMEM	1	(register, 0x40, 1)		
instruction	CODE:92a1	CODE:92c0	RET	3	read	INTMEM	1	(register, 0x40, 1)		
instruction	CODE:92c1	CODE:92c3	LCALL 0xa6a1	4	write	INTMEM	1	(register, 0x40, 1)		(unique, 0xb400, 1)
instruction	CODE:92c1	CODE:92c3	LCALL 0xa6a1	6	write	INTMEM	1	(register, 0x40, 1)		(unique, 0x1200, 1)
instruction	CODE:92c1	CODE:92ca	RET	1	read	INTMEM	1	(register, 0x40, 1)		
instruction	CODE:92c1	CODE:92ca	RET	3	read	INTMEM	1	(register, 0x40, 1)		
instruction	CODE:92c1	CODE:92cd	LCALL 0xa607	4	write	INTMEM	1	(register, 0x40, 1)		(unique, 0xb400, 1)
instruction	CODE:92c1	CODE:92cd	LCALL 0xa607	6	write	INTMEM	1	(register, 0x40, 1)		(unique, 0x1200, 1)
instruction	CODE:92c1	CODE:92d4	RET	1	read	INTMEM	1	(register, 0x40, 1)		
instruction	CODE:92c1	CODE:92d4	RET	3	read	INTMEM	1	(register, 0x40, 1)		
instruction	CODE:92c1	CODE:92d7	LCALL 0xa6a8	4	write	INTMEM	1	(register, 0x40, 1)		(unique, 0xb400, 1)
instruction	CODE:92c1	CODE:92d7	LCALL 0xa6a8	6	write	INTMEM	1	(register, 0x40, 1)		(unique, 0x1200, 1)
instruction	CODE:92c1	CODE:92e0	RET	1	read	INTMEM	1	(register, 0x40, 1)		
instruction	CODE:92c1	CODE:92e0	RET	3	read	INTMEM	1	(register, 0x40, 1)		
instruction	CODE:92e1	CODE:92e3	LCALL 0xa6a1	4	write	INTMEM	1	(register, 0x40, 1)		(unique, 0xb400, 1)
instruction	CODE:92e1	CODE:92e3	LCALL 0xa6a1	6	write	INTMEM	1	(register, 0x40, 1)		(unique, 0x1200, 1)
instruction	CODE:92e1	CODE:92ea	RET	1	read	INTMEM	1	(register, 0x40, 1)		
instruction	CODE:92e1	CODE:92ea	RET	3	read	INTMEM	1	(register, 0x40, 1)		
instruction	CODE:92e1	CODE:92ed	LCALL 0xa607	4	write	INTMEM	1	(register, 0x40, 1)		(unique, 0xb400, 1)
instruction	CODE:92e1	CODE:92ed	LCALL 0xa607	6	write	INTMEM	1	(register, 0x40, 1)		(unique, 0x1200, 1)
instruction	CODE:92e1	CODE:92f4	RET	1	read	INTMEM	1	(register, 0x40, 1)		
instruction	CODE:92e1	CODE:92f4	RET	3	read	INTMEM	1	(register, 0x40, 1)		
instruction	CODE:92e1	CODE:92f7	LCALL 0xa6a8	4	write	INTMEM	1	(register, 0x40, 1)		(unique, 0xb400, 1)
instruction	CODE:92e1	CODE:92f7	LCALL 0xa6a8	6	write	INTMEM	1	(register, 0x40, 1)		(unique, 0x1200, 1)
instruction	CODE:92e1	CODE:9300	RET	1	read	INTMEM	1	(register, 0x40, 1)		
instruction	CODE:92e1	CODE:9300	RET	3	read	INTMEM	1	(register, 0x40, 1)		
instruction	CODE:9301	CODE:9303	LCALL 0xa6a1	4	write	INTMEM	1	(register, 0x40, 1)		(unique, 0xb400, 1)
instruction	CODE:9301	CODE:9303	LCALL 0xa6a1	6	write	INTMEM	1	(register, 0x40, 1)		(unique, 0x1200, 1)
instruction	CODE:9301	CODE:930a	RET	1	read	INTMEM	1	(register, 0x40, 1)		
instruction	CODE:9301	CODE:930a	RET	3	read	INTMEM	1	(register, 0x40, 1)		
instruction	CODE:9301	CODE:930d	LCALL 0xa607	4	write	INTMEM	1	(register, 0x40, 1)		(unique, 0xb400, 1)
instruction	CODE:9301	CODE:930d	LCALL 0xa607	6	write	INTMEM	1	(register, 0x40, 1)		(unique, 0x1200, 1)
instruction	CODE:9301	CODE:9314	RET	1	read	INTMEM	1	(register, 0x40, 1)		
instruction	CODE:9301	CODE:9314	RET	3	read	INTMEM	1	(register, 0x40, 1)		
instruction	CODE:9301	CODE:9317	LCALL 0xa6a8	4	write	INTMEM	1	(register, 0x40, 1)		(unique, 0xb400, 1)
instruction	CODE:9301	CODE:9317	LCALL 0xa6a8	6	write	INTMEM	1	(register, 0x40, 1)		(unique, 0x1200, 1)
instruction	CODE:9301	CODE:9320	RET	1	read	INTMEM	1	(register, 0x40, 1)		
instruction	CODE:9301	CODE:9320	RET	3	read	INTMEM	1	(register, 0x40, 1)		
instruction	CODE:9321	CODE:9323	MOV A,@R0	0	read	INTMEM	1	(register, 0x0, 1)		
instruction	CODE:9321	CODE:9339	LCALL 0x93fa	4	write	INTMEM	1	(register, 0x40, 1)		(unique, 0xb400, 1)
instruction	CODE:9321	CODE:9339	LCALL 0x93fa	6	write	INTMEM	1	(register, 0x40, 1)		(unique, 0x1200, 1)
instruction	CODE:9321	CODE:933c	LCALL 0x866f	4	write	INTMEM	1	(register, 0x40, 1)		(unique, 0xb400, 1)
instruction	CODE:9321	CODE:933c	LCALL 0x866f	6	write	INTMEM	1	(register, 0x40, 1)		(unique, 0x1200, 1)
instruction	CODE:9321	CODE:933f	RET	1	read	INTMEM	1	(register, 0x40, 1)		
instruction	CODE:9321	CODE:933f	RET	3	read	INTMEM	1	(register, 0x40, 1)		
instruction	CODE:9340	CODE:9342	MOV A,@R0	0	read	INTMEM	1	(register, 0x0, 1)		
instruction	CODE:9340	CODE:935b	LCALL 0x87aa	4	write	INTMEM	1	(register, 0x40, 1)		(unique, 0xb400, 1)
instruction	CODE:9340	CODE:935b	LCALL 0x87aa	6	write	INTMEM	1	(register, 0x40, 1)		(unique, 0x1200, 1)
instruction	CODE:9340	CODE:935e	RET	1	read	INTMEM	1	(register, 0x40, 1)		
instruction	CODE:9340	CODE:935e	RET	3	read	INTMEM	1	(register, 0x40, 1)		
instruction	CODE:9379	CODE:937d	RET	1	read	INTMEM	1	(register, 0x40, 1)		
instruction	CODE:9379	CODE:937d	RET	3	read	INTMEM	1	(register, 0x40, 1)		
instruction	CODE:939d	CODE:939f	MOV A,@R0	0	read	INTMEM	1	(register, 0x0, 1)		
instruction	CODE:939d	CODE:93a3	LCALL 0x3401	4	write	INTMEM	1	(register, 0x40, 1)		(unique, 0xb400, 1)
instruction	CODE:939d	CODE:93a3	LCALL 0x3401	6	write	INTMEM	1	(register, 0x40, 1)		(unique, 0x1200, 1)
instruction	CODE:939d	CODE:93a6	MOVX A,@DPTR	1	read	EXTMEM	1	(unique, 0x2800, 2)		
instruction	CODE:939d	CODE:93ad	LCALL 0x3469	4	write	INTMEM	1	(register, 0x40, 1)		(unique, 0xb400, 1)
instruction	CODE:939d	CODE:93ad	LCALL 0x3469	6	write	INTMEM	1	(register, 0x40, 1)		(unique, 0x1200, 1)
instruction	CODE:939d	CODE:93b2	MOVX @DPTR,A	2	write	EXTMEM	1	(unique, 0x2800, 2)		(unique, 0x2900, 1)
instruction	CODE:939d	CODE:93b4	RET	1	read	INTMEM	1	(register, 0x40, 1)		
instruction	CODE:939d	CODE:93b4	RET	3	read	INTMEM	1	(register, 0x40, 1)		
instruction	CODE:939d	CODE:93b5	LCALL 0x3464	4	write	INTMEM	1	(register, 0x40, 1)		(unique, 0xb400, 1)
instruction	CODE:939d	CODE:93b5	LCALL 0x3464	6	write	INTMEM	1	(register, 0x40, 1)		(unique, 0x1200, 1)
instruction	CODE:939d	CODE:93b9	MOVX @DPTR,A	2	write	EXTMEM	1	(unique, 0x2800, 2)		(unique, 0x2900, 1)
instruction	CODE:939d	CODE:93bb	RET	1	read	INTMEM	1	(register, 0x40, 1)		
instruction	CODE:939d	CODE:93bb	RET	3	read	INTMEM	1	(register, 0x40, 1)		
instruction	CODE:93bc	CODE:93be	MOV A,@R0	0	read	INTMEM	1	(register, 0x0, 1)		
instruction	CODE:93bc	CODE:93ca	MOVX @DPTR,A	2	write	EXTMEM	1	(unique, 0x2800, 2)		(unique, 0x2900, 1)
instruction	CODE:93bc	CODE:93ce	MOVX @DPTR,A	2	write	EXTMEM	1	(unique, 0x2800, 2)		(unique, 0x2900, 1)
instruction	CODE:93bc	CODE:93cf	RET	1	read	INTMEM	1	(register, 0x40, 1)		
instruction	CODE:93bc	CODE:93cf	RET	3	read	INTMEM	1	(register, 0x40, 1)		
instruction	CODE:93bc	CODE:93d5	MOVX @DPTR,A	2	write	EXTMEM	1	(unique, 0x2800, 2)		(unique, 0x2900, 1)
instruction	CODE:93bc	CODE:93d9	MOVX @DPTR,A	2	write	EXTMEM	1	(unique, 0x2800, 2)		(unique, 0x2900, 1)
instruction	CODE:93bc	CODE:93da	RET	1	read	INTMEM	1	(register, 0x40, 1)		
instruction	CODE:93bc	CODE:93da	RET	3	read	INTMEM	1	(register, 0x40, 1)		
instruction	CODE:93db	CODE:93dd	MOV A,@R0	0	read	INTMEM	1	(register, 0x0, 1)		
instruction	CODE:93db	CODE:93e2	LCALL 0xa693	4	write	INTMEM	1	(register, 0x40, 1)		(unique, 0xb400, 1)
instruction	CODE:93db	CODE:93e2	LCALL 0xa693	6	write	INTMEM	1	(register, 0x40, 1)		(unique, 0x1200, 1)
instruction	CODE:93db	CODE:93eb	RET	1	read	INTMEM	1	(register, 0x40, 1)		
instruction	CODE:93db	CODE:93eb	RET	3	read	INTMEM	1	(register, 0x40, 1)		
instruction	CODE:93db	CODE:93f0	LCALL 0x9eb9	4	write	INTMEM	1	(register, 0x40, 1)		(unique, 0xb400, 1)
instruction	CODE:93db	CODE:93f0	LCALL 0x9eb9	6	write	INTMEM	1	(register, 0x40, 1)		(unique, 0x1200, 1)
instruction	CODE:93db	CODE:93f9	RET	1	read	INTMEM	1	(register, 0x40, 1)		
instruction	CODE:93db	CODE:93f9	RET	3	read	INTMEM	1	(register, 0x40, 1)		
instruction	CODE:93fa	CODE:93fe	MOVX @DPTR,A	2	write	EXTMEM	1	(unique, 0x2800, 2)		(unique, 0x2900, 1)
instruction	CODE:93fa	CODE:9401	MOVX @DPTR,A	2	write	EXTMEM	1	(unique, 0x2800, 2)		(unique, 0x2900, 1)
instruction	CODE:93fa	CODE:9406	MOVX @DPTR,A	2	write	EXTMEM	1	(unique, 0x2800, 2)		(unique, 0x2900, 1)
instruction	CODE:93fa	CODE:9409	MOVX @DPTR,A	2	write	EXTMEM	1	(unique, 0x2800, 2)		(unique, 0x2900, 1)
instruction	CODE:93fa	CODE:9412	LCALL 0x448a	4	write	INTMEM	1	(register, 0x40, 1)		(unique, 0xb400, 1)
instruction	CODE:93fa	CODE:9412	LCALL 0x448a	6	write	INTMEM	1	(register, 0x40, 1)		(unique, 0x1200, 1)
instruction	CODE:9436	CODE:9438	MOV A,@R0	0	read	INTMEM	1	(register, 0x0, 1)		
instruction	CODE:9436	CODE:9445	MOVX @DPTR,A	2	write	EXTMEM	1	(unique, 0x2800, 2)		(unique, 0x2900, 1)
instruction	CODE:9436	CODE:9446	RET	1	read	INTMEM	1	(register, 0x40, 1)		
instruction	CODE:9436	CODE:9446	RET	3	read	INTMEM	1	(register, 0x40, 1)		
instruction	CODE:9436	CODE:9452	MOVX @DPTR,A	2	write	EXTMEM	1	(unique, 0x2800, 2)		(unique, 0x2900, 1)
instruction	CODE:9436	CODE:9453	RET	1	read	INTMEM	1	(register, 0x40, 1)		
instruction	CODE:9436	CODE:9453	RET	3	read	INTMEM	1	(register, 0x40, 1)		
instruction	CODE:9454	CODE:9454	LCALL 0x33d6	4	write	INTMEM	1	(register, 0x40, 1)		(unique, 0xb400, 1)
instruction	CODE:9454	CODE:9454	LCALL 0x33d6	6	write	INTMEM	1	(register, 0x40, 1)		(unique, 0x1200, 1)
instruction	CODE:9454	CODE:945a	LCALL 0x33e2	4	write	INTMEM	1	(register, 0x40, 1)		(unique, 0xb400, 1)
instruction	CODE:9454	CODE:945a	LCALL 0x33e2	6	write	INTMEM	1	(register, 0x40, 1)		(unique, 0x1200, 1)
instruction	CODE:9454	CODE:945f	LCALL 0x3439	4	write	INTMEM	1	(register, 0x40, 1)		(unique, 0xb400, 1)
instruction	CODE:9454	CODE:945f	LCALL 0x3439	6	write	INTMEM	1	(register, 0x40, 1)		(unique, 0x1200, 1)
instruction	CODE:9454	CODE:9464	LCALL 0x33d3	4	write	INTMEM	1	(register, 0x40, 1)		(unique, 0xb400, 1)
instruction	CODE:9454	CODE:9464	LCALL 0x33d3	6	write	INTMEM	1	(register, 0x40, 1)		(unique, 0x1200, 1)
instruction	CODE:9454	CODE:946a	LCALL 0x33e2	4	write	INTMEM	1	(register, 0x40, 1)		(unique, 0xb400, 1)
instruction	CODE:9454	CODE:946a	LCALL 0x33e2	6	write	INTMEM	1	(register, 0x40, 1)		(unique, 0x1200, 1)
instruction	CODE:9472	CODE:9472	LCALL 0x33d6	4	write	INTMEM	1	(register, 0x40, 1)		(unique, 0xb400, 1)
instruction	CODE:9472	CODE:9472	LCALL 0x33d6	6	write	INTMEM	1	(register, 0x40, 1)		(unique, 0x1200, 1)
instruction	CODE:9472	CODE:9478	LCALL 0x33e2	4	write	INTMEM	1	(register, 0x40, 1)		(unique, 0xb400, 1)
instruction	CODE:9472	CODE:9478	LCALL 0x33e2	6	write	INTMEM	1	(register, 0x40, 1)		(unique, 0x1200, 1)
instruction	CODE:9472	CODE:947d	LCALL 0x33d3	4	write	INTMEM	1	(register, 0x40, 1)		(unique, 0xb400, 1)
instruction	CODE:9472	CODE:947d	LCALL 0x33d3	6	write	INTMEM	1	(register, 0x40, 1)		(unique, 0x1200, 1)
instruction	CODE:9472	CODE:9483	LCALL 0x33e2	4	write	INTMEM	1	(register, 0x40, 1)		(unique, 0xb400, 1)
instruction	CODE:9472	CODE:9483	LCALL 0x33e2	6	write	INTMEM	1	(register, 0x40, 1)		(unique, 0x1200, 1)
instruction	CODE:9472	CODE:9488	LCALL 0x3439	4	write	INTMEM	1	(register, 0x40, 1)		(unique, 0xb400, 1)
instruction	CODE:9472	CODE:9488	LCALL 0x3439	6	write	INTMEM	1	(register, 0x40, 1)		(unique, 0x1200, 1)
instruction	CODE:9490	CODE:9494	LCALL 0x33d6	4	write	INTMEM	1	(register, 0x40, 1)		(unique, 0xb400, 1)
instruction	CODE:9490	CODE:9494	LCALL 0x33d6	6	write	INTMEM	1	(register, 0x40, 1)		(unique, 0x1200, 1)
instruction	CODE:9490	CODE:9497	LCALL 0x33df	4	write	INTMEM	1	(register, 0x40, 1)		(unique, 0xb400, 1)
instruction	CODE:9490	CODE:9497	LCALL 0x33df	6	write	INTMEM	1	(register, 0x40, 1)		(unique, 0x1200, 1)
instruction	CODE:9490	CODE:949c	LCALL 0x33d3	4	write	INTMEM	1	(register, 0x40, 1)		(unique, 0xb400, 1)
instruction	CODE:9490	CODE:949c	LCALL 0x33d3	6	write	INTMEM	1	(register, 0x40, 1)		(unique, 0x1200, 1)
instruction	CODE:9490	CODE:94a2	LCALL 0x33e2	4	write	INTMEM	1	(register, 0x40, 1)		(unique, 0xb400, 1)
instruction	CODE:9490	CODE:94a2	LCALL 0x33e2	6	write	INTMEM	1	(register, 0x40, 1)		(unique, 0x1200, 1)
instruction	CODE:9490	CODE:94a7	LCALL 0xa99c	4	write	INTMEM	1	(register, 0x40, 1)		(unique, 0xb400, 1)
instruction	CODE:9490	CODE:94a7	LCALL 0xa99c	6	write	INTMEM	1	(register, 0x40, 1)		(unique, 0x1200, 1)
instruction	CODE:9490	CODE:94aa	LCALL 0xa377	4	write	INTMEM	1	(register, 0x40, 1)		(unique, 0xb400, 1)
instruction	CODE:9490	CODE:94aa	LCALL 0xa377	6	write	INTMEM	1	(register, 0x40, 1)		(unique, 0x1200, 1)
instruction	CODE:9490	CODE:94ad	RET	1	read	INTMEM	1	(register, 0x40, 1)		
instruction	CODE:9490	CODE:94ad	RET	3	read	INTMEM	1	(register, 0x40, 1)		
instruction	CODE:94ae	CODE:94cb	RET	1	read	INTMEM	1	(register, 0x40, 1)		
instruction	CODE:94ae	CODE:94cb	RET	3	read	INTMEM	1	(register, 0x40, 1)		
instruction	CODE:94cc	CODE:94cc	LCALL 0xa471	4	write	INTMEM	1	(register, 0x40, 1)		(unique, 0xb400, 1)
instruction	CODE:94cc	CODE:94cc	LCALL 0xa471	6	write	INTMEM	1	(register, 0x40, 1)		(unique, 0x1200, 1)
instruction	CODE:94cc	CODE:94d3	MOVX @DPTR,A	2	write	EXTMEM	1	(unique, 0x2800, 2)		(unique, 0x2900, 1)
instruction	CODE:94cc	CODE:94d4	LCALL 0xa53c	4	write	INTMEM	1	(register, 0x40, 1)		(unique, 0xb400, 1)
instruction	CODE:94cc	CODE:94d4	LCALL 0xa53c	6	write	INTMEM	1	(register, 0x40, 1)		(unique, 0x1200, 1)
instruction	CODE:94cc	CODE:94d9	LCALL 0x3f72	4	write	INTMEM	1	(register, 0x40, 1)		(unique, 0xb400, 1)
instruction	CODE:94cc	CODE:94d9	LCALL 0x3f72	6	write	INTMEM	1	(register, 0x40, 1)		(unique, 0x1200, 1)
instruction	CODE:94cc	CODE:94de	LCALL 0x62b8	4	write	INTMEM	1	(register, 0x40, 1)		(unique, 0xb400, 1)
instruction	CODE:94cc	CODE:94de	LCALL 0x62b8	6	write	INTMEM	1	(register, 0x40, 1)		(unique, 0x1200, 1)
instruction	CODE:94cc	CODE:94e1	LCALL 0xa471	4	write	INTMEM	1	(register, 0x40, 1)		(unique, 0xb400, 1)
instruction	CODE:94cc	CODE:94e1	LCALL 0xa471	6	write	INTMEM	1	(register, 0x40, 1)		(unique, 0x1200, 1)
instruction	CODE:94cc	CODE:94e8	MOVX @DPTR,A	2	write	EXTMEM	1	(unique, 0x2800, 2)		(unique, 0x2900, 1)
instruction	CODE:94cc	CODE:94e9	RET	1	read	INTMEM	1	(register, 0x40, 1)		
instruction	CODE:94cc	CODE:94e9	RET	3	read	INTMEM	1	(register, 0x40, 1)		
instruction	CODE:94ea	CODE:94ec	LCALL 0xa6a1	4	write	INTMEM	1	(register, 0x40, 1)		(unique, 0xb400, 1)
instruction	CODE:94ea	CODE:94ec	LCALL 0xa6a1	6	write	INTMEM	1	(register, 0x40, 1)		(unique, 0x1200, 1)
instruction	CODE:94ea	CODE:94f3	RET	1	read	INTMEM	1	(register, 0x40, 1)		
instruction	CODE:94ea	CODE:94f3	RET	3	read	INTMEM	1	(register, 0x40, 1)		
instruction	CODE:94ea	CODE:94f6	LCALL 0xa607	4	write	INTMEM	1	(register, 0x40, 1)		(unique, 0xb400, 1)
instruction	CODE:94ea	CODE:94f6	LCALL 0xa607	6	write	INTMEM	1	(register, 0x40, 1)		(unique, 0x1200, 1)
instruction	CODE:94ea	CODE:94fb	LCALL 0xa53c	4	write	INTMEM	1	(register, 0x40, 1)		(unique, 0xb400, 1)
instruction	CODE:94ea	CODE:94fb	LCALL 0xa53c	6	write	INTMEM	1	(register, 0x40, 1)		(unique, 0x1200, 1)
instruction	CODE:94ea	CODE:9504	RET	1	read	INTMEM	1	(register, 0x40, 1)		
instruction	CODE:94ea	CODE:9504	RET	3	read	INTMEM	1	(register, 0x40, 1)		
instruction	CODE:94ea	CODE:9507	RET	1	read	INTMEM	1	(register, 0x40, 1)		
instruction	CODE:94ea	CODE:9507	RET	3	read	INTMEM	1	(register, 0x40, 1)		
instruction	CODE:9508	CODE:950a	LCALL 0xa6a1	4	write	INTMEM	1	(register, 0x40, 1)		(unique, 0xb400, 1)
instruction	CODE:9508	CODE:950a	LCALL 0xa6a1	6	write	INTMEM	1	(register, 0x40, 1)		(unique, 0x1200, 1)
instruction	CODE:9508	CODE:950f	LCALL 0x9696	4	write	INTMEM	1	(register, 0x40, 1)		(unique, 0xb400, 1)
instruction	CODE:9508	CODE:950f	LCALL 0x9696	6	write	INTMEM	1	(register, 0x40, 1)		(unique, 0x1200, 1)
instruction	CODE:9508	CODE:9518	RET	1	read	INTMEM	1	(register, 0x40, 1)		
instruction	CODE:9508	CODE:9518	RET	3	read	INTMEM	1	(register, 0x40, 1)		
instruction	CODE:9508	CODE:951b	LCALL 0xa607	4	write	INTMEM	1	(register, 0x40, 1)		(unique, 0xb400, 1)
instruction	CODE:9508	CODE:951b	LCALL 0xa607	6	write	INTMEM	1	(register, 0x40, 1)		(unique, 0x1200, 1)
instruction	CODE:9508	CODE:9522	RET	1	read	INTMEM	1	(register, 0x40, 1)		
instruction	CODE:9508	CODE:9522	RET	3	read	INTMEM	1	(register, 0x40, 1)		
instruction	CODE:9508	CODE:9525	RET	1	read	INTMEM	1	(register, 0x40, 1)		
instruction	CODE:9508	CODE:9525	RET	3	read	INTMEM	1	(register, 0x40, 1)		
instruction	CODE:9526	CODE:9528	LCALL 0xa6a8	4	write	INTMEM	1	(register, 0x40, 1)		(unique, 0xb400, 1)
instruction	CODE:9526	CODE:9528	LCALL 0xa6a8	6	write	INTMEM	1	(register, 0x40, 1)		(unique, 0x1200, 1)
instruction	CODE:9526	CODE:952f	RET	1	read	INTMEM	1	(register, 0x40, 1)		
instruction	CODE:9526	CODE:952f	RET	3	read	INTMEM	1	(register, 0x40, 1)		
instruction	CODE:9526	CODE:9532	LCALL 0xa6a8	4	write	INTMEM	1	(register, 0x40, 1)		(unique, 0xb400, 1)
instruction	CODE:9526	CODE:9532	LCALL 0xa6a8	6	write	INTMEM	1	(register, 0x40, 1)		(unique, 0x1200, 1)
instruction	CODE:9526	CODE:953b	LCALL 0x90d1	4	write	INTMEM	1	(register, 0x40, 1)		(unique, 0xb400, 1)
instruction	CODE:9526	CODE:953b	LCALL 0x90d1	6	write	INTMEM	1	(register, 0x40, 1)		(unique, 0x1200, 1)
instruction	CODE:9526	CODE:9540	RET	1	read	INTMEM	1	(register, 0x40, 1)		
instruction	CODE:9526	CODE:9540	RET	3	read	INTMEM	1	(register, 0x40, 1)		
instruction	CODE:9526	CODE:9543	RET	1	read	INTMEM	1	(register, 0x40, 1)		
instruction	CODE:9526	CODE:9543	RET	3	read	INTMEM	1	(register, 0x40, 1)		
instruction	CODE:9544	CODE:9546	LCALL 0x9554	4	write	INTMEM	1	(register, 0x40, 1)		(unique, 0xb400, 1)
instruction	CODE:9544	CODE:9546	LCALL 0x9554	6	write	INTMEM	1	(register, 0x40, 1)		(unique, 0x1200, 1)
instruction	CODE:9544	CODE:9549	LCALL 0xa638	4	write	INTMEM	1	(register, 0x40, 1)		(unique, 0xb400, 1)
instruction	CODE:9544	CODE:9549	LCALL 0xa638	6	write	INTMEM	1	(register, 0x40, 1)		(unique, 0x1200, 1)
instruction	CODE:9544	CODE:954e	LCALL 0x9554	4	write	INTMEM	1	(register, 0x40, 1)		(unique, 0xb400, 1)
instruction	CODE:9544	CODE:954e	LCALL 0x9554	6	write	INTMEM	1	(register, 0x40, 1)		(unique, 0x1200, 1)
instruction	CODE:9554	CODE:9554	LCALL 0xa5e4	4	write	INTMEM	1	(register, 0x40, 1)		(unique, 0xb400, 1)
instruction	CODE:9554	CODE:9554	LCALL 0xa5e4	6	write	INTMEM	1	(register, 0x40, 1)		(unique, 0x1200, 1)
instruction	CODE:9554	CODE:9559	LCALL 0xa52a	4	write	INTMEM	1	(register, 0x40, 1)		(unique, 0xb400, 1)
instruction	CODE:9554	CODE:9559	LCALL 0xa52a	6	write	INTMEM	1	(register, 0x40, 1)		(unique, 0x1200, 1)
instruction	CODE:9554	CODE:9560	RET	1	read	INTMEM	1	(register, 0x40, 1)		
instruction	CODE:9554	CODE:9560	RET	3	read	INTMEM	1	(register, 0x40, 1)		
instruction	CODE:9561	CODE:9569	LCALL 0x79d0	4	write	INTMEM	1	(register, 0x40, 1)		(unique, 0xb400, 1)
instruction	CODE:9561	CODE:9569	LCALL 0x79d0	6	write	INTMEM	1	(register, 0x40, 1)		(unique, 0x1200, 1)
instruction	CODE:957e	CODE:9582	MOV A,@R0	0	read	INTMEM	1	(register, 0x0, 1)		
instruction	CODE:957e	CODE:9588	LCALL 0x848e	4	write	INTMEM	1	(register, 0x40, 1)		(unique, 0xb400, 1)
instruction	CODE:957e	CODE:9588	LCALL 0x848e	6	write	INTMEM	1	(register, 0x40, 1)		(unique, 0x1200, 1)
instruction	CODE:957e	CODE:958d	MOV A,@R0	0	read	INTMEM	1	(register, 0x0, 1)		
instruction	CODE:957e	CODE:958f	MOVX @DPTR,A	2	write	EXTMEM	1	(unique, 0x2800, 2)		(unique, 0x2900, 1)
instruction	CODE:957e	CODE:9597	LCALL 0x8474	4	write	INTMEM	1	(register, 0x40, 1)		(unique, 0xb400, 1)
instruction	CODE:957e	CODE:9597	LCALL 0x8474	6	write	INTMEM	1	(register, 0x40, 1)		(unique, 0x1200, 1)
instruction	CODE:957e	CODE:959a	RET	1	read	INTMEM	1	(register, 0x40, 1)		
instruction	CODE:957e	CODE:959a	RET	3	read	INTMEM	1	(register, 0x40, 1)		
instruction	CODE:959b	CODE:959d	MOV A,@R0	0	read	INTMEM	1	(register, 0x0, 1)		
instruction	CODE:959b	CODE:95a8	MOVX A,@DPTR	1	read	EXTMEM	1	(unique, 0x2800, 2)		
instruction	CODE:959b	CODE:95ab	MOVX A,@DPTR	1	read	EXTMEM	1	(unique, 0x2800, 2)		
instruction	CODE:95b8	CODE:95ba	MOV A,@R0	0	read	INTMEM	1	(register, 0x0, 1)		
instruction	CODE:95b8	CODE:95d2	MOVX A,@DPTR	1	read	EXTMEM	1	(unique, 0x2800, 2)		
instruction	CODE:95b8	CODE:95d4	RET	1	read	INTMEM	1	(register, 0x40, 1)		
instruction	CODE:95b8	CODE:95d4	RET	3	read	INTMEM	1	(register, 0x40, 1)		
instruction	CODE:95d5	CODE:95d8	LCALL 0xae2a	4	write	INTMEM	1	(register, 0x40, 1)		(unique, 0xb400, 1)
instruction	CODE:95d5	CODE:95d8	LCALL 0xae2a	6	write	INTMEM	1	(register, 0x40, 1)		(unique, 0x1200, 1)
instruction	CODE:95d5	CODE:95e3	PUSH 0x03	1	write	INTMEM	1	(register, 0x40, 1)		mem[INTMEM:03]
instruction	CODE:95d5	CODE:95e8	LCALL 0x62a5	4	write	INTMEM	1	(register, 0x40, 1)		(unique, 0xb400, 1)
instruction	CODE:95d5	CODE:95e8	LCALL 0x62a5	6	write	INTMEM	1	(register, 0x40, 1)		(unique, 0x1200, 1)
instruction	CODE:95f2	CODE:95f7	LCALL 0xa253	4	write	INTMEM	1	(register, 0x40, 1)		(unique, 0xb400, 1)
instruction	CODE:95f2	CODE:95f7	LCALL 0xa253	6	write	INTMEM	1	(register, 0x40, 1)		(unique, 0x1200, 1)
instruction	CODE:95f2	CODE:95fa	LCALL 0x9a4f	4	write	INTMEM	1	(register, 0x40, 1)		(unique, 0xb400, 1)
instruction	CODE:95f2	CODE:95fa	LCALL 0x9a4f	6	write	INTMEM	1	(register, 0x40, 1)		(unique, 0x1200, 1)
instruction	CODE:95f2	CODE:9605	LCALL 0x6f27	4	write	INTMEM	1	(register, 0x40, 1)		(unique, 0xb400, 1)
instruction	CODE:95f2	CODE:9605	LCALL 0x6f27	6	write	INTMEM	1	(register, 0x40, 1)		(unique, 0x1200, 1)
instruction	CODE:95f2	CODE:9608	LCALL 0x9f69	4	write	INTMEM	1	(register, 0x40, 1)		(unique, 0xb400, 1)
instruction	CODE:95f2	CODE:9608	LCALL 0x9f69	6	write	INTMEM	1	(register, 0x40, 1)		(unique, 0x1200, 1)
instruction	CODE:960e	CODE:960e	LCALL 0x34c6	4	write	INTMEM	1	(register, 0x40, 1)		(unique, 0xb400, 1)
instruction	CODE:960e	CODE:960e	LCALL 0x34c6	6	write	INTMEM	1	(register, 0x40, 1)		(unique, 0x1200, 1)
instruction	CODE:960e	CODE:9611	MOVX A,@DPTR	1	read	EXTMEM	1	(unique, 0x2800, 2)		
instruction	CODE:960e	CODE:9615	LCALL 0x34f1	4	write	INTMEM	1	(register, 0x40, 1)		(unique, 0xb400, 1)
instruction	CODE:960e	CODE:9615	LCALL 0x34f1	6	write	INTMEM	1	(register, 0x40, 1)		(unique, 0x1200, 1)
instruction	CODE:960e	CODE:9618	MOVX A,@DPTR	1	read	EXTMEM	1	(unique, 0x2800, 2)		
instruction	CODE:960e	CODE:961d	RET	1	read	INTMEM	1	(register, 0x40, 1)		
instruction	CODE:960e	CODE:961d	RET	3	read	INTMEM	1	(register, 0x40, 1)		
instruction	CODE:960e	CODE:961e	LCALL 0x34c6	4	write	INTMEM	1	(register, 0x40, 1)		(unique, 0xb400, 1)
instruction	CODE:960e	CODE:961e	LCALL 0x34c6	6	write	INTMEM	1	(register, 0x40, 1)		(unique, 0x1200, 1)
instruction	CODE:960e	CODE:9622	MOVX @DPTR,A	2	write	EXTMEM	1	(unique, 0x2800, 2)		(unique, 0x2900, 1)
instruction	CODE:960e	CODE:9623	LCALL 0x34f1	4	write	INTMEM	1	(register, 0x40, 1)		(unique, 0xb400, 1)
instruction	CODE:960e	CODE:9623	LCALL 0x34f1	6	write	INTMEM	1	(register, 0x40, 1)		(unique, 0x1200, 1)
instruction	CODE:960e	CODE:9627	MOVX @DPTR,A	2	write	EXTMEM	1	(unique, 0x2800, 2)		(unique, 0x2900, 1)
instruction	CODE:960e	CODE:9629	RET	1	read	INTMEM	1	(register, 0x40, 1)		
instruction	CODE:960e	CODE:9629	RET	3	read	INTMEM	1	(register, 0x40, 1)		
instruction	CODE:962a	CODE:962a	LCALL 0x50a1	4	write	INTMEM	1	(register, 0x40, 1)		(unique, 0xb400, 1)
instruction	CODE:962a	CODE:962a	LCALL 0x50a1	6	write	INTMEM	1	(register, 0x40, 1)		(unique, 0x1200, 1)
instruction	CODE:962a	CODE:962d	MOV @R0,#0x1	1	write	INTMEM	1	(register, 0x0, 1)		(unique, 0x2a00, 1)
instruction	CODE:962a	CODE:9633	LCALL 0x9241	4	write	INTMEM	1	(register, 0x40, 1)		(unique, 0xb400, 1)
instruction	CODE:962a	CODE:9633	LCALL 0x9241	6	write	INTMEM	1	(register, 0x40, 1)		(unique, 0x1200, 1)
instruction	CODE:962a	CODE:963c	LCALL 0x87aa	4	write	INTMEM	1	(register, 0x40, 1)		(unique, 0xb400, 1)
instruction	CODE:962a	CODE:963c	LCALL 0x87aa	6	write	INTMEM	1	(register, 0x40, 1)		(unique, 0x1200, 1)
instruction	CODE:962a	CODE:963f	LCALL 0x5092	4	write	INTMEM	1	(register, 0x40, 1)		(unique, 0xb400, 1)
instruction	CODE:962a	CODE:963f	LCALL 0x5092	6	write	INTMEM	1	(register, 0x40, 1)		(unique, 0x1200, 1)
instruction	CODE:9645	CODE:9645	LCALL 0x1e48	4	write	INTMEM	1	(register, 0x40, 1)		(unique, 0xb400, 1)
instruction	CODE:9645	CODE:9645	LCALL 0x1e48	6	write	INTMEM	1	(register, 0x40, 1)		(unique, 0x1200, 1)
instruction	CODE:9645	CODE:9649	MOV @R0,A	1	write	INTMEM	1	(register, 0x0, 1)		(unique, 0x2a00, 1)
instruction	CODE:9645	CODE:964a	LCALL 0x9bf3	4	write	INTMEM	1	(register, 0x40, 1)		(unique, 0xb400, 1)
instruction	CODE:9645	CODE:964a	LCALL 0x9bf3	6	write	INTMEM	1	(register, 0x40, 1)		(unique, 0x1200, 1)
instruction	CODE:9645	CODE:9655	LCALL 0x87aa	4	write	INTMEM	1	(register, 0x40, 1)		(unique, 0xb400, 1)
instruction	CODE:9645	CODE:9655	LCALL 0x87aa	6	write	INTMEM	1	(register, 0x40, 1)		(unique, 0x1200, 1)
instruction	CODE:9645	CODE:9658	LCALL 0x6406	4	write	INTMEM	1	(register, 0x40, 1)		(unique, 0xb400, 1)
instruction	CODE:9645	CODE:9658	LCALL 0x6406	6	write	INTMEM	1	(register, 0x40, 1)		(unique, 0x1200, 1)
instruction	CODE:967b	CODE:967d	LCALL 0xa69a	4	write	INTMEM	1	(register, 0x40, 1)		(unique, 0xb400, 1)
instruction	CODE:967b	CODE:967d	LCALL 0xa69a	6	write	INTMEM	1	(register, 0x40, 1)		(unique, 0x1200, 1)
instruction	CODE:967b	CODE:9682	LCALL 0x6283	4	write	INTMEM	1	(register, 0x40, 1)		(unique, 0xb400, 1)
instruction	CODE:967b	CODE:9682	LCALL 0x6283	6	write	INTMEM	1	(register, 0x40, 1)		(unique, 0x1200, 1)
instruction	CODE:967b	CODE:968a	MOVX A,@DPTR	1	read	EXTMEM	1	(unique, 0x2800, 2)		
instruction	CODE:967b	CODE:9692	RET	1	read	INTMEM	1	(register, 0x40, 1)		
instruction	CODE:967b	CODE:9692	RET	3	read	INTMEM	1	(register, 0x40, 1)		
instruction	CODE:967b	CODE:9695	RET	1	read	INTMEM	1	(register, 0x40, 1)		
instruction	CODE:967b	CODE:9695	RET	3	read	INTMEM	1	(register, 0x40, 1)		
instruction	CODE:9696	CODE:9696	LCALL 0x9800	4	write	INTMEM	1	(register, 0x40, 1)		(unique, 0xb400, 1)
instruction	CODE:9696	CODE:9696	LCALL 0x9800	6	write	INTMEM	1	(register, 0x40, 1)		(unique, 0x1200, 1)
instruction	CODE:9696	CODE:969b	LCALL 0x974d	4	write	INTMEM	1	(register, 0x40, 1)		(unique, 0xb400, 1)
instruction	CODE:9696	CODE:969b	LCALL 0x974d	6	write	INTMEM	1	(register, 0x40, 1)		(unique, 0x1200, 1)
instruction	CODE:9696	CODE:96a1	LCALL 0xa94d	4	write	INTMEM	1	(register, 0x40, 1)		(unique, 0xb400, 1)
instruction	CODE:9696	CODE:96a1	LCALL 0xa94d	6	write	INTMEM	1	(register, 0x40, 1)		(unique, 0x1200, 1)
instruction	CODE:9696	CODE:96a7	MOVX @DPTR,A	2	write	EXTMEM	1	(unique, 0x2800, 2)		(unique, 0x2900, 1)
instruction	CODE:9696	CODE:96a8	LCALL 0x9cf0	4	write	INTMEM	1	(register, 0x40, 1)		(unique, 0xb400, 1)
instruction	CODE:9696	CODE:96a8	LCALL 0x9cf0	6	write	INTMEM	1	(register, 0x40, 1)		(unique, 0x1200, 1)
instruction	CODE:9696	CODE:96ae	MOVX A,@DPTR	1	read	EXTMEM	1	(unique, 0x2800, 2)		
instruction	CODE:9696	CODE:96b0	RET	1	read	INTMEM	1	(register, 0x40, 1)		
instruction	CODE:9696	CODE:96b0	RET	3	read	INTMEM	1	(register, 0x40, 1)		
instruction	CODE:96b1	CODE:96b3	LCALL 0x9ba3	4	write	INTMEM	1	(register, 0x40, 1)		(unique, 0xb400, 1)
instruction	CODE:96b1	CODE:96b3	LCALL 0x9ba3	6	write	INTMEM	1	(register, 0x40, 1)		(unique, 0x1200, 1)
instruction	CODE:96b1	CODE:96ba	LCALL 0x750e	4	write	INTMEM	1	(register, 0x40, 1)		(unique, 0xb400, 1)
instruction	CODE:96b1	CODE:96ba	LCALL 0x750e	6	write	INTMEM	1	(register, 0x40, 1)		(unique, 0x1200, 1)
instruction	CODE:96b1	CODE:96bf	LCALL 0x9fe9	4	write	INTMEM	1	(register, 0x40, 1)		(unique, 0xb400, 1)
instruction	CODE:96b1	CODE:96bf	LCALL 0x9fe9	6	write	INTMEM	1	(register, 0x40, 1)		(unique, 0x1200, 1)
instruction	CODE:96cb	CODE:96cb	LCALL 0x81ed	4	write	INTMEM	1	(register, 0x40, 1)		(unique, 0xb400, 1)
instruction	CODE:96cb	CODE:96cb	LCALL 0x81ed	6	write	INTMEM	1	(register, 0x40, 1)		(unique, 0x1200, 1)
instruction	CODE:96cb	CODE:96d1	MOVX A,@DPTR	1	read	EXTMEM	1	(unique, 0x2800, 2)		
instruction	CODE:96cb	CODE:96d7	MOVX @DPTR,A	2	write	EXTMEM	1	(unique, 0x2800, 2)		(unique, 0x2900, 1)
instruction	CODE:96cb	CODE:96dd	MOVX @DPTR,A	2	write	EXTMEM	1	(unique, 0x2800, 2)		(unique, 0x2900, 1)
instruction	CODE:96cb	CODE:96e1	MOVX @DPTR,A	2	write	EXTMEM	1	(unique, 0x2800, 2)		(unique, 0x2900, 1)
instruction	CODE:96e5	CODE:96e7	MOV A,@R0	0	read	INTMEM	1	(register, 0x0, 1)		
instruction	CODE:96e5	CODE:96ee	MOV A,@R0	0	read	INTMEM	1	(register, 0x0, 1)		
instruction	CODE:96e5	CODE:96f9	LCALL 0x54bf	4	write	INTMEM	1	(register, 0x40, 1)		(unique, 0xb400, 1)
instruction	CODE:96e5	CODE:96f9	LCALL 0x54bf	6	write	INTMEM	1	(register, 0x40, 1)		(unique, 0x1200, 1)
instruction	CODE:96e5	CODE:96fe	RET	1	read	INTMEM	1	(register, 0x40, 1)		
instruction	CODE:96e5	CODE:96fe	RET	3	read	INTMEM	1	(register, 0x40, 1)		
instruction	CODE:96ff	CODE:9704	MOV A,@R0	0	read	INTMEM	1	(register, 0x0, 1)		
instruction	CODE:96ff	CODE:9713	MOVX A,@DPTR	1	read	EXTMEM	1	(unique, 0x2800, 2)		
instruction	CODE:96ff	CODE:9716	MOVX A,@DPTR	1	read	EXTMEM	1	(unique, 0x2800, 2)		
instruction	CODE:96ff	CODE:9718	RET	1	read	INTMEM	1	(register, 0x40, 1)		
instruction	CODE:96ff	CODE:9718	RET	3	read	INTMEM	1	(register, 0x40, 1)		
instruction	CODE:9719	CODE:9724	RET	1	read	INTMEM	1	(register, 0x40, 1)		
instruction	CODE:9719	CODE:9724	RET	3	read	INTMEM	1	(register, 0x40, 1)		
instruction	CODE:9719	CODE:9732	RET	1	read	INTMEM	1	(register, 0x40, 1)		
instruction	CODE:9719	CODE:9732	RET	3	read	INTMEM	1	(register, 0x40, 1)		
instruction	CODE:9733	CODE:9737	MOVX @DPTR,A	2	write	EXTMEM	1	(unique, 0x2800, 2)		(unique, 0x2900, 1)
instruction	CODE:9733	CODE:973a	MOVX @DPTR,A	2	write	EXTMEM	1	(unique, 0x2800, 2)		(unique, 0x2900, 1)
instruction	CODE:9733	CODE:973d	LCALL 0x8800	4	write	INTMEM	1	(register, 0x40, 1)		(unique, 0xb400, 1)
instruction	CODE:9733	CODE:973d	LCALL 0x8800	6	write	INTMEM	1	(register, 0x40, 1)		(unique, 0x1200, 1)
instruction	CODE:9733	CODE:9743	MOVX A,@DPTR	1	read	EXTMEM	1	(unique, 0x2800, 2)		
instruction	CODE:9733	CODE:9746	MOVX A,@DPTR	1	read	EXTMEM	1	(unique, 0x2800, 2)		
instruction	CODE:974d	CODE:974d	LCALL 0x33d6	4	write	INTMEM	1	(register, 0x40, 1)		(unique, 0xb400, 1)
instruction	CODE:974d	CODE:974d	LCALL 0x33d6	6	write	INTMEM	1	(register, 0x40, 1)		(unique, 0x1200, 1)
instruction	CODE:974d	CODE:9766	RET	1	read	INTMEM	1	(register, 0x40, 1)		
instruction	CODE:974d	CODE:9766	RET	3	read	INTMEM	1	(register, 0x40, 1)		
instruction	CODE:9767	CODE:9769	MOV A,@R0	0	read	INTMEM	1	(register, 0x0, 1)		
instruction	CODE:9767	CODE:9770	MOV A,@R0	0	read	INTMEM	1	(register, 0x0, 1)		
instruction	CODE:9767	CODE:977a	RET	1	read	INTMEM	1	(register, 0x40, 1)		
instruction	CODE:9767	CODE:977a	RET	3	read	INTMEM	1	(register, 0x40, 1)		
instruction	CODE:9767	CODE:977d	RET	1	read	INTMEM	1	(register, 0x40, 1)		
instruction	CODE:9767	CODE:977d	RET	3	read	INTMEM	1	(register, 0x40, 1)		
instruction	CODE:9767	CODE:9780	RET	1	read	INTMEM	1	(register, 0x40, 1)		
instruction	CODE:9767	CODE:9780	RET	3	read	INTMEM	1	(register, 0x40, 1)		
instruction	CODE:9781	CODE:9781	LCALL 0x866f	4	write	INTMEM	1	(register, 0x40, 1)		(unique, 0xb400, 1)
instruction	CODE:9781	CODE:9781	LCALL 0x866f	6	write	INTMEM	1	(register, 0x40, 1)		(unique, 0x1200, 1)
instruction	CODE:9781	CODE:9784	LCALL 0xa6cd	4	write	INTMEM	1	(register, 0x40, 1)		(unique, 0xb400, 1)
instruction	CODE:9781	CODE:9784	LCALL 0xa6cd	6	write	INTMEM	1	(register, 0x40, 1)		(unique, 0x1200, 1)
instruction	CODE:9781	CODE:9787	PUSH 0x07	1	write	INTMEM	1	(register, 0x40, 1)		mem[INTMEM:07]
instruction	CODE:9781	CODE:9789	LCALL 0xa74b	4	write	INTMEM	1	(register, 0x40, 1)		(unique, 0xb400, 1)
instruction	CODE:9781	CODE:9789	LCALL 0xa74b	6	write	INTMEM	1	(register, 0x40, 1)		(unique, 0x1200, 1)
instruction	CODE:9781	CODE:978e	POP 0x07	0	read	INTMEM	1	(register, 0x40, 1)		
instruction	CODE:9781	CODE:9796	LCALL 0xa32a	4	write	INTMEM	1	(register, 0x40, 1)		(unique, 0xb400, 1)
instruction	CODE:9781	CODE:9796	LCALL 0xa32a	6	write	INTMEM	1	(register, 0x40, 1)		(unique, 0x1200, 1)
instruction	CODE:9781	CODE:9799	RET	1	read	INTMEM	1	(register, 0x40, 1)		
instruction	CODE:9781	CODE:9799	RET	3	read	INTMEM	1	(register, 0x40, 1)		
instruction	CODE:979a	CODE:979c	MOV A,@R0	0	read	INTMEM	1	(register, 0x0, 1)		
instruction	CODE:979a	CODE:97a6	MOV A,@R0	0	read	INTMEM	1	(register, 0x0, 1)		
instruction	CODE:979a	CODE:97ac	LCALL 0x7398	4	write	INTMEM	1	(register, 0x40, 1)		(unique, 0xb400, 1)
instruction	CODE:979a	CODE:97ac	LCALL 0x7398	6	write	INTMEM	1	(register, 0x40, 1)		(unique, 0x1200, 1)
instruction	CODE:979a	CODE:97b0	RET	1	read	INTMEM	1	(register, 0x40, 1)		
instruction	CODE:979a	CODE:97b0	RET	3	read	INTMEM	1	(register, 0x40, 1)		
instruction	CODE:979a	CODE:97b2	RET	1	read	INTMEM	1	(register, 0x40, 1)		
instruction	CODE:979a	CODE:97b2	RET	3	read	INTMEM	1	(register, 0x40, 1)		
instruction	CODE:97b3	CODE:97bd	MOVX @DPTR,A	2	write	EXTMEM	1	(unique, 0x2800, 2)		(unique, 0x2900, 1)
instruction	CODE:97b3	CODE:97c0	MOVX @DPTR,A	2	write	EXTMEM	1	(unique, 0x2800, 2)		(unique, 0x2900, 1)
instruction	CODE:97b3	CODE:97c5	MOVX @DPTR,A	2	write	EXTMEM	1	(unique, 0x2800, 2)		(unique, 0x2900, 1)
instruction	CODE:97b3	CODE:97c8	MOVX @DPTR,A	2	write	EXTMEM	1	(unique, 0x2800, 2)		(unique, 0x2900, 1)
instruction	CODE:97cc	CODE:97ce	MOV A,@R0	0	read	INTMEM	1	(register, 0x0, 1)		
instruction	CODE:97cc	CODE:97da	RET	1	read	INTMEM	1	(register, 0x40, 1)		
instruction	CODE:97cc	CODE:97da	RET	3	read	INTMEM	1	(register, 0x40, 1)		
instruction	CODE:97dd	CODE:97e4	RET	1	read	INTMEM	1	(register, 0x40, 1)		
instruction	CODE:97dd	CODE:97e4	RET	3	read	INTMEM	1	(register, 0x40, 1)		
instruction	CODE:97e5	CODE:97e9	MOVX @DPTR,A	2	write	EXTMEM	1	(unique, 0x2800, 2)		(unique, 0x2900, 1)
instruction	CODE:97e5	CODE:97ec	MOVX @DPTR,A	2	write	EXTMEM	1	(unique, 0x2800, 2)		(unique, 0x2900, 1)
instruction	CODE:97e5	CODE:97ed	LCALL 0x6d78	4	write	INTMEM	1	(register, 0x40, 1)		(unique, 0xb400, 1)
instruction	CODE:97e5	CODE:97ed	LCALL 0x6d78	6	write	INTMEM	1	(register, 0x40, 1)		(unique, 0x1200, 1)
instruction	CODE:97e5	CODE:97f0	LCALL 0xa077	4	write	INTMEM	1	(register, 0x40, 1)		(unique, 0xb400, 1)
instruction	CODE:97e5	CODE:97f0	LCALL 0xa077	6	write	INTMEM	1	(register, 0x40, 1)		(unique, 0x1200, 1)
instruction	CODE:97e5	CODE:97f6	MOVX A,@DPTR	1	read	EXTMEM	1	(unique, 0x2800, 2)		
instruction	CODE:97e5	CODE:97f9	MOVX A,@DPTR	1	read	EXTMEM	1	(unique, 0x2800, 2)		
instruction	CODE:97ff	CODE:97ff	RETI	1	read	INTMEM	1	(register, 0x40, 1)		
instruction	CODE:97ff	CODE:97ff	RETI	3	read	INTMEM	1	(register, 0x40, 1)		
instruction	CODE:9800	CODE:9803	PUSH DPH	1	write	INTMEM	1	(register, 0x40, 1)		(register, 0x82, 1)
instruction	CODE:9800	CODE:9805	PUSH DPL	1	write	INTMEM	1	(register, 0x40, 1)		(register, 0x83, 1)
instruction	CODE:9800	CODE:9807	MOVX A,@DPTR	1	read	EXTMEM	1	(unique, 0x2800, 2)		
instruction	CODE:9800	CODE:980b	MOV A,@R0	0	read	INTMEM	1	(register, 0x0, 1)		
instruction	CODE:9800	CODE:980f	MOVC A,@A+DPTR	2	read	CODE	1	(unique, 0x2400, 2)		
instruction	CODE:9800	CODE:9813	POP DPL	0	read	INTMEM	1	(register, 0x40, 1)		
instruction	CODE:9800	CODE:9815	POP DPH	0	read	INTMEM	1	(register, 0x40, 1)		
instruction	CODE:9800	CODE:9817	MOVX @DPTR,A	2	write	EXTMEM	1	(unique, 0x2800, 2)		(unique, 0x2900, 1)
instruction	CODE:9800	CODE:9818	RET	1	read	INTMEM	1	(register, 0x40, 1)		
instruction	CODE:9800	CODE:9818	RET	3	read	INTMEM	1	(register, 0x40, 1)		
instruction	CODE:9819	CODE:981d	MOVX @DPTR,A	2	write	EXTMEM	1	(unique, 0x2800, 2)		(unique, 0x2900, 1)
instruction	CODE:9819	CODE:981e	LCALL 0x98f4	4	write	INTMEM	1	(register, 0x40, 1)		(unique, 0xb400, 1)
instruction	CODE:9819	CODE:981e	LCALL 0x98f4	6	write	INTMEM	1	(register, 0x40, 1)		(unique, 0x1200, 1)
instruction	CODE:9819	CODE:9824	MOVX A,@DPTR	1	read	EXTMEM	1	(unique, 0x2800, 2)		
instruction	CODE:9819	CODE:9825	LCALL 0xa99c	4	write	INTMEM	1	(register, 0x40, 1)		(unique, 0xb400, 1)
instruction	CODE:9819	CODE:9825	LCALL 0xa99c	6	write	INTMEM	1	(register, 0x40, 1)		(unique, 0x1200, 1)
instruction	CODE:9819	CODE:9828	LCALL 0x9dbb	4	write	INTMEM	1	(register, 0x40, 1)		(unique, 0xb400, 1)
instruction	CODE:9819	CODE:9828	LCALL 0x9dbb	6	write	INTMEM	1	(register, 0x40, 1)		(unique, 0x1200, 1)
instruction	CODE:9832	CODE:9834	MOV A,@R0	0	read	INTMEM	1	(register, 0x0, 1)		
instruction	CODE:9832	CODE:9839	LCALL 0x9a39	4	write	INTMEM	1	(register, 0x40, 1)		(unique, 0xb400, 1)
instruction	CODE:9832	CODE:9839	LCALL 0x9a39	6	write	INTMEM	1	(register, 0x40, 1)		(unique, 0x1200, 1)
instruction	CODE:9832	CODE:983c	LCALL 0xa153	4	write	INTMEM	1	(register, 0x40, 1)		(unique, 0xb400, 1)
instruction	CODE:9832	CODE:983c	LCALL 0xa153	6	write	INTMEM	1	(register, 0x40, 1)		(unique, 0x1200, 1)
instruction	CODE:9832	CODE:9847	LCALL 0xa03c	4	write	INTMEM	1	(register, 0x40, 1)		(unique, 0xb400, 1)
instruction	CODE:9832	CODE:9847	LCALL 0xa03c	6	write	INTMEM	1	(register, 0x40, 1)		(unique, 0x1200, 1)
instruction	CODE:9832	CODE:984a	RET	1	read	INTMEM	1	(register, 0x40, 1)		
instruction	CODE:9832	CODE:984a	RET	3	read	INTMEM	1	(register, 0x40, 1)		
instruction	CODE:984b	CODE:984b	LCALL 0xa153	4	write	INTMEM	1	(register, 0x40, 1)		(unique, 0xb400, 1)
instruction	CODE:984b	CODE:984b	LCALL 0xa153	6	write	INTMEM	1	(register, 0x40, 1)		(unique, 0x1200, 1)
instruction	CODE:984b	CODE:9852	LCALL 0xa6a1	4	write	INTMEM	1	(register, 0x40, 1)		(unique, 0xb400, 1)
instruction	CODE:984b	CODE:9852	LCALL 0xa6a1	6	write	INTMEM	1	(register, 0x40, 1)		(unique, 0x1200, 1)
instruction	CODE:984b	CODE:9857	LCALL 0x9696	4	write	INTMEM	1	(register, 0x40, 1)		(unique, 0xb400, 1)
instruction	CODE:984b	CODE:9857	LCALL 0x9696	6	write	INTMEM	1	(register, 0x40, 1)		(unique, 0x1200, 1)
instruction	CODE:984b	CODE:9860	LCALL 0x8e0b	4	write	INTMEM	1	(register, 0x40, 1)		(unique, 0xb400, 1)
instruction	CODE:984b	CODE:9860	LCALL 0x8e0b	6	write	INTMEM	1	(register, 0x40, 1)		(unique, 0x1200, 1)
instruction	CODE:984b	CODE:9863	RET	1	read	INTMEM	1	(register, 0x40, 1)		
instruction	CODE:984b	CODE:9863	RET	3	read	INTMEM	1	(register, 0x40, 1)		
instruction	CODE:9864	CODE:9864	LCALL 0x3ffe	4	write	INTMEM	1	(register, 0x40, 1)		(unique, 0xb400, 1)
instruction	CODE:9864	CODE:9864	LCALL 0x3ffe	6	write	INTMEM	1	(register, 0x40, 1)		(unique, 0x1200, 1)
instruction	CODE:9864	CODE:9869	LCALL 0x7bca	4	write	INTMEM	1	(register, 0x40, 1)		(unique, 0xb400, 1)
instruction	CODE:9864	CODE:9869	LCALL 0x7bca	6	write	INTMEM	1	(register, 0x40, 1)		(unique, 0x1200, 1)
instruction	CODE:9864	CODE:9874	LCALL 0xa7c6	4	write	INTMEM	1	(register, 0x40, 1)		(unique, 0xb400, 1)
instruction	CODE:9864	CODE:9874	LCALL 0xa7c6	6	write	INTMEM	1	(register, 0x40, 1)		(unique, 0x1200, 1)
instruction	CODE:987c	CODE:988e	LCALL 0x4460	4	write	INTMEM	1	(register, 0x40, 1)		(unique, 0xb400, 1)
instruction	CODE:987c	CODE:988e	LCALL 0x4460	6	write	INTMEM	1	(register, 0x40, 1)		(unique, 0x1200, 1)
instruction	CODE:987c	CODE:9892	MOVX @DPTR,A	2	write	EXTMEM	1	(unique, 0x2800, 2)		(unique, 0x2900, 1)
instruction	CODE:987c	CODE:9893	RET	1	read	INTMEM	1	(register, 0x40, 1)		
instruction	CODE:987c	CODE:9893	RET	3	read	INTMEM	1	(register, 0x40, 1)		
instruction	CODE:9894	CODE:9894	LCALL 0x9d85	4	write	INTMEM	1	(register, 0x40, 1)		(unique, 0xb400, 1)
instruction	CODE:9894	CODE:9894	LCALL 0x9d85	6	write	INTMEM	1	(register, 0x40, 1)		(unique, 0x1200, 1)
instruction	CODE:9894	CODE:989a	LCALL 0xae2a	4	write	INTMEM	1	(register, 0x40, 1)		(unique, 0xb400, 1)
instruction	CODE:9894	CODE:989a	LCALL 0xae2a	6	write	INTMEM	1	(register, 0x40, 1)		(unique, 0x1200, 1)
instruction	CODE:9894	CODE:98a3	LCALL 0xaefd	4	write	INTMEM	1	(register, 0x40, 1)		(unique, 0xb400, 1)
instruction	CODE:9894	CODE:98a3	LCALL 0xaefd	6	write	INTMEM	1	(register, 0x40, 1)		(unique, 0x1200, 1)
instruction	CODE:98dc	CODE:98de	LCALL 0xa34b	4	write	INTMEM	1	(register, 0x40, 1)		(unique, 0xb400, 1)
instruction	CODE:98dc	CODE:98de	LCALL 0xa34b	6	write	INTMEM	1	(register, 0x40, 1)		(unique, 0x1200, 1)
instruction	CODE:98dc	CODE:98e3	LCALL 0xa812	4	write	INTMEM	1	(register, 0x40, 1)		(unique, 0xb400, 1)
instruction	CODE:98dc	CODE:98e3	LCALL 0xa812	6	write	INTMEM	1	(register, 0x40, 1)		(unique, 0x1200, 1)
instruction	CODE:98dc	CODE:98e6	LCALL 0x33d6	4	write	INTMEM	1	(register, 0x40, 1)		(unique, 0xb400, 1)
instruction	CODE:98dc	CODE:98e6	LCALL 0x33d6	6	write	INTMEM	1	(register, 0x40, 1)		(unique, 0x1200, 1)
instruction	CODE:98dc	CODE:98ec	LCALL 0x33e2	4	write	INTMEM	1	(register, 0x40, 1)		(unique, 0xb400, 1)
instruction	CODE:98dc	CODE:98ec	LCALL 0x33e2	6	write	INTMEM	1	(register, 0x40, 1)		(unique, 0x1200, 1)
instruction	CODE:98f4	CODE:98f4	LCALL 0x9dbb	4	write	INTMEM	1	(register, 0x40, 1)		(unique, 0xb400, 1)
instruction	CODE:98f4	CODE:98f4	LCALL 0x9dbb	6	write	INTMEM	1	(register, 0x40, 1)		(unique, 0x1200, 1)
instruction	CODE:98f4	CODE:98fa	LCALL 0xae2a	4	write	INTMEM	1	(register, 0x40, 1)		(unique, 0xb400, 1)
instruction	CODE:98f4	CODE:98fa	LCALL 0xae2a	6	write	INTMEM	1	(register, 0x40, 1)		(unique, 0x1200, 1)
instruction	CODE:98f4	CODE:9903	LCALL 0xaefd	4	write	INTMEM	1	(register, 0x40, 1)		(unique, 0xb400, 1)
instruction	CODE:98f4	CODE:9903	LCALL 0xaefd	6	write	INTMEM	1	(register, 0x40, 1)		(unique, 0x1200, 1)
instruction	CODE:990c	CODE:990c	LCALL 0x33d6	4	write	INTMEM	1	(register, 0x40, 1)		(unique, 0xb400, 1)
instruction	CODE:990c	CODE:990c	LCALL 0x33d6	6	write	INTMEM	1	(register, 0x40, 1)		(unique, 0x1200, 1)
instruction	CODE:990c	CODE:9921	MOVX A,@DPTR	1	read	EXTMEM	1	(unique, 0x2800, 2)		
instruction	CODE:990c	CODE:9923	RET	1	read	INTMEM	1	(register, 0x40, 1)		
instruction	CODE:990c	CODE:9923	RET	3	read	INTMEM	1	(register, 0x40, 1)		
instruction	CODE:9924	CODE:992a	MOV @R0,A	1	write	INTMEM	1	(register, 0x0, 1)		(unique, 0x2a00, 1)
instruction	CODE:9924	CODE:992c	MOV @R0,A	1	write	INTMEM	1	(register, 0x0, 1)		(unique, 0x2a00, 1)
instruction	CODE:9924	CODE:992f	MOV @R0,A	1	write	INTMEM	1	(register, 0x0, 1)		(unique, 0x2a00, 1)
instruction	CODE:9924	CODE:9932	MOV @R0,A	1	write	INTMEM	1	(register, 0x0, 1)		(unique, 0x2a00, 1)
instruction	CODE:9924	CODE:993b	RET	1	read	INTMEM	1	(register, 0x40, 1)		
instruction	CODE:9924	CODE:993b	RET	3	read	INTMEM	1	(register, 0x40, 1)		
instruction	CODE:993c	CODE:9940	LCALL 0x9eb9	4	write	INTMEM	1	(register, 0x40, 1)		(unique, 0xb400, 1)
instruction	CODE:993c	CODE:9940	LCALL 0x9eb9	6	write	INTMEM	1	(register, 0x40, 1)		(unique, 0x1200, 1)
instruction	CODE:993c	CODE:9947	RET	1	read	INTMEM	1	(register, 0x40, 1)		
instruction	CODE:993c	CODE:9947	RET	3	read	INTMEM	1	(register, 0x40, 1)		
instruction	CODE:993c	CODE:994a	LCALL 0xa69a	4	write	INTMEM	1	(register, 0x40, 1)		(unique, 0xb400, 1)
instruction	CODE:993c	CODE:994a	LCALL 0xa69a	6	write	INTMEM	1	(register, 0x40, 1)		(unique, 0x1200, 1)
instruction	CODE:993c	CODE:9953	RET	1	read	INTMEM	1	(register, 0x40, 1)		
instruction	CODE:993c	CODE:9953	RET	3	read	INTMEM	1	(register, 0x40, 1)		
instruction	CODE:9954	CODE:9954	LCALL 0xa7b3	4	write	INTMEM	1	(register, 0x40, 1)		(unique, 0xb400, 1)
instruction	CODE:9954	CODE:9954	LCALL 0xa7b3	6	write	INTMEM	1	(register, 0x40, 1)		(unique, 0x1200, 1)
instruction	CODE:9954	CODE:9959	LCALL 0xa65b	4	write	INTMEM	1	(register, 0x40, 1)		(unique, 0xb400, 1)
instruction	CODE:9954	CODE:9959	LCALL 0xa65b	6	write	INTMEM	1	(register, 0x40, 1)		(unique, 0x1200, 1)
instruction	CODE:9954	CODE:9960	RET	1	read	INTMEM	1	(register, 0x40, 1)		
instruction	CODE:9954	CODE:9960	RET	3	read	INTMEM	1	(register, 0x40, 1)		
instruction	CODE:9954	CODE:9963	LCALL 0xa398	4	write	INTMEM	1	(register, 0x40, 1)		(unique, 0xb400, 1)
instruction	CODE:9954	CODE:9963	LCALL 0xa398	6	write	INTMEM	1	(register, 0x40, 1)		(unique, 0x1200, 1)
instruction	CODE:9954	CODE:9968	RET	1	read	INTMEM	1	(register, 0x40, 1)		
instruction	CODE:9954	CODE:9968	RET	3	read	INTMEM	1	(register, 0x40, 1)		
instruction	CODE:9954	CODE:996b	RET	1	read	INTMEM	1	(register, 0x40, 1)		
instruction	CODE:9954	CODE:996b	RET	3	read	INTMEM	1	(register, 0x40, 1)		
instruction	CODE:996c	CODE:996c	LCALL 0x1076	4	write	INTMEM	1	(register, 0x40, 1)		(unique, 0xb400, 1)
instruction	CODE:996c	CODE:996c	LCALL 0x1076	6	write	INTMEM	1	(register, 0x40, 1)		(unique, 0x1200, 1)
instruction	CODE:996c	CODE:9972	LCALL 0xa7f9	4	write	INTMEM	1	(register, 0x40, 1)		(unique, 0xb400, 1)
instruction	CODE:996c	CODE:9972	LCALL 0xa7f9	6	write	INTMEM	1	(register, 0x40, 1)		(unique, 0x1200, 1)
instruction	CODE:996c	CODE:997f	LCALL 0x666b	4	write	INTMEM	1	(register, 0x40, 1)		(unique, 0xb400, 1)
instruction	CODE:996c	CODE:997f	LCALL 0x666b	6	write	INTMEM	1	(register, 0x40, 1)		(unique, 0x1200, 1)
instruction	CODE:996c	CODE:9982	RET	1	read	INTMEM	1	(register, 0x40, 1)		
instruction	CODE:996c	CODE:9982	RET	3	read	INTMEM	1	(register, 0x40, 1)		
instruction	CODE:9983	CODE:9985	MOV A,@R0	0	read	INTMEM	1	(register, 0x0, 1)		
instruction	CODE:9983	CODE:9995	MOVX @DPTR,A	2	write	EXTMEM	1	(unique, 0x2800, 2)		(unique, 0x2900, 1)
instruction	CODE:9983	CODE:9998	MOVX @DPTR,A	2	write	EXTMEM	1	(unique, 0x2800, 2)		(unique, 0x2900, 1)
instruction	CODE:9983	CODE:9999	RET	1	read	INTMEM	1	(register, 0x40, 1)		
instruction	CODE:9983	CODE:9999	RET	3	read	INTMEM	1	(register, 0x40, 1)		
instruction	CODE:999a	CODE:999d	LCALL 0xae2a	4	write	INTMEM	1	(register, 0x40, 1)		(unique, 0xb400, 1)
instruction	CODE:999a	CODE:999d	LCALL 0xae2a	6	write	INTMEM	1	(register, 0x40, 1)		(unique, 0x1200, 1)
instruction	CODE:999a	CODE:99a3	LCALL 0x1e72	4	write	INTMEM	1	(register, 0x40, 1)		(unique, 0xb400, 1)
instruction	CODE:999a	CODE:99a3	LCALL 0x1e72	6	write	INTMEM	1	(register, 0x40, 1)		(unique, 0x1200, 1)
instruction	CODE:99b1	CODE:99b4	LCALL 0xae2a	4	write	INTMEM	1	(register, 0x40, 1)		(unique, 0xb400, 1)
instruction	CODE:99b1	CODE:99b4	LCALL 0xae2a	6	write	INTMEM	1	(register, 0x40, 1)		(unique, 0x1200, 1)
instruction	CODE:99b1	CODE:99ba	LCALL 0x1e72	4	write	INTMEM	1	(register, 0x40, 1)		(unique, 0xb400, 1)
instruction	CODE:99b1	CODE:99ba	LCALL 0x1e72	6	write	INTMEM	1	(register, 0x40, 1)		(unique, 0x1200, 1)
instruction	CODE:99c8	CODE:99c8	LCALL 0x4a3f	4	write	INTMEM	1	(register, 0x40, 1)		(unique, 0xb400, 1)
instruction	CODE:99c8	CODE:99c8	LCALL 0x4a3f	6	write	INTMEM	1	(register, 0x40, 1)		(unique, 0x1200, 1)
instruction	CODE:99c8	CODE:99cf	LCALL 0xa518	4	write	INTMEM	1	(register, 0x40, 1)		(unique, 0xb400, 1)
instruction	CODE:99c8	CODE:99cf	LCALL 0xa518	6	write	INTMEM	1	(register, 0x40, 1)		(unique, 0x1200, 1)
instruction	CODE:99c8	CODE:99d5	LCALL 0xa7fc	4	write	INTMEM	1	(register, 0x40, 1)		(unique, 0xb400, 1)
instruction	CODE:99c8	CODE:99d5	LCALL 0xa7fc	6	write	INTMEM	1	(register, 0x40, 1)		(unique, 0x1200, 1)
instruction	CODE:99c8	CODE:99de	RET	1	read	INTMEM	1	(register, 0x40, 1)		
instruction	CODE:99c8	CODE:99de	RET	3	read	INTMEM	1	(register, 0x40, 1)		
instruction	CODE:99df	CODE:99e1	LCALL 0xa607	4	write	INTMEM	1	(register, 0x40, 1)		(unique, 0xb400, 1)
instruction	CODE:99df	CODE:99e1	LCALL 0xa607	6	write	INTMEM	1	(register, 0x40, 1)		(unique, 0x1200, 1)
instruction	CODE:99df	CODE:99ec	MOVX @DPTR,A	2	write	EXTMEM	1	(unique, 0x2800, 2)		(unique, 0x2900, 1)
instruction	CODE:99df	CODE:99ed	LCALL 0x8954	4	write	INTMEM	1	(register, 0x40, 1)		(unique, 0xb400, 1)
instruction	CODE:99df	CODE:99ed	LCALL 0x8954	6	write	INTMEM	1	(register, 0x40, 1)		(unique, 0x1200, 1)
instruction	CODE:99df	CODE:99f2	RET	1	read	INTMEM	1	(register, 0x40, 1)		
instruction	CODE:99df	CODE:99f2	RET	3	read	INTMEM	1	(register, 0x40, 1)		
instruction	CODE:99df	CODE:99f5	RET	1	read	INTMEM	1	(register, 0x40, 1)		
instruction	CODE:99df	CODE:99f5	RET	3	read	INTMEM	1	(register, 0x40, 1)		
instruction	CODE:99f6	CODE:99f8	LCALL 0xa6a8	4	write	INTMEM	1	(register, 0x40, 1)		(unique, 0xb400, 1)
instruction	CODE:99f6	CODE:99f8	LCALL 0xa6a8	6	write	INTMEM	1	(register, 0x40, 1)		(unique, 0x1200, 1)
instruction	CODE:99f6	CODE:99fd	LCALL 0x9f89	4	write	INTMEM	1	(register, 0x40, 1)		(unique, 0xb400, 1)
instruction	CODE:99f6	CODE:99fd	LCALL 0x9f89	6	write	INTMEM	1	(register, 0x40, 1)		(unique, 0x1200, 1)
instruction	CODE:99f6	CODE:9a02	LCALL 0xa7b3	4	write	INTMEM	1	(register, 0x40, 1)		(unique, 0xb400, 1)
instruction	CODE:99f6	CODE:9a02	LCALL 0xa7b3	6	write	INTMEM	1	(register, 0x40, 1)		(unique, 0x1200, 1)
instruction	CODE:99f6	CODE:9a09	RET	1	read	INTMEM	1	(register, 0x40, 1)		
instruction	CODE:99f6	CODE:9a09	RET	3	read	INTMEM	1	(register, 0x40, 1)		
instruction	CODE:99f6	CODE:9a0c	RET	1	read	INTMEM	1	(register, 0x40, 1)		
instruction	CODE:99f6	CODE:9a0c	RET	3	read	INTMEM	1	(register, 0x40, 1)		
instruction	CODE:9a0d	CODE:9a0f	MOV A,@R0	0	read	INTMEM	1	(register, 0x0, 1)		
instruction	CODE:9a0d	CODE:9a1b	MOVX A,@DPTR	1	read	EXTMEM	1	(unique, 0x2800, 2)		
instruction	CODE:9a0d	CODE:9a1f	MOVX A,@DPTR	1	read	EXTMEM	1	(unique, 0x2800, 2)		
instruction	CODE:9a0d	CODE:9a22	RET	1	read	INTMEM	1	(register, 0x40, 1)		
instruction	CODE:9a0d	CODE:9a22	RET	3	read	INTMEM	1	(register, 0x40, 1)		
instruction	CODE:9a23	CODE:9a25	MOV A,@R0	0	read	INTMEM	1	(register, 0x0, 1)		
instruction	CODE:9a23	CODE:9a31	MOVX A,@DPTR	1	read	EXTMEM	1	(unique, 0x2800, 2)		
instruction	CODE:9a23	CODE:9a33	MOVX @DPTR,A	2	write	EXTMEM	1	(unique, 0x2800, 2)		(unique, 0x2900, 1)
instruction	CODE:9a23	CODE:9a35	MOVX A,@DPTR	1	read	EXTMEM	1	(unique, 0x2800, 2)		
instruction	CODE:9a23	CODE:9a37	MOVX @DPTR,A	2	write	EXTMEM	1	(unique, 0x2800, 2)		(unique, 0x2900, 1)
instruction	CODE:9a23	CODE:9a38	RET	1	read	INTMEM	1	(register, 0x40, 1)		
instruction	CODE:9a23	CODE:9a38	RET	3	read	INTMEM	1	(register, 0x40, 1)		
instruction	CODE:9a39	CODE:9a3b	MOV A,@R0	0	read	INTMEM	1	(register, 0x0, 1)		
instruction	CODE:9a39	CODE:9a45	MOV A,@R0	0	read	INTMEM	1	(register, 0x0, 1)		
instruction	CODE:9a39	CODE:9a4b	LCALL 0x578c	4	write	INTMEM	1	(register, 0x40, 1)		(unique, 0xb400, 1)
instruction	CODE:9a39	CODE:9a4b	LCALL 0x578c	6	write	INTMEM	1	(register, 0x40, 1)		(unique, 0x1200, 1)
instruction	CODE:9a39	CODE:9a4e	RET	1	read	INTMEM	1	(register, 0x40, 1)		
instruction	CODE:9a39	CODE:9a4e	RET	3	read	INTMEM	1	(register, 0x40, 1)		
instruction	CODE:9a4f	CODE:9a54	MOVX @DPTR,A	2	write	EXTMEM	1	(unique, 0x2800, 2)		(unique, 0x2900, 1)
instruction	CODE:9a4f	CODE:9a5a	MOVX @DPTR,A	2	write	EXTMEM	1	(unique, 0x2800, 2)		(unique, 0x2900, 1)
instruction	CODE:9a4f	CODE:9a60	MOVX @DPTR,A	2	write	EXTMEM	1	(unique, 0x2800, 2)		(unique, 0x2900, 1)
instruction	CODE:9a4f	CODE:9a64	RET	1	read	INTMEM	1	(register, 0x40, 1)		
instruction	CODE:9a4f	CODE:9a64	RET	3	read	INTMEM	1	(register, 0x40, 1)		
instruction	CODE:9a65	CODE:9a6d	LCALL 0xa818	4	write	INTMEM	1	(register, 0x40, 1)		(unique, 0xb400, 1)
instruction	CODE:9a65	CODE:9a6d	LCALL 0xa818	6	write	INTMEM	1	(register, 0x40, 1)		(unique, 0x1200, 1)
instruction	CODE:9a65	CODE:9a73	LCALL 0x4758	4	write	INTMEM	1	(register, 0x40, 1)		(unique, 0xb400, 1)
instruction	CODE:9a65	CODE:9a73	LCALL 0x4758	6	write	INTMEM	1	(register, 0x40, 1)		(unique, 0x1200, 1)
instruction	CODE:9a7b	CODE:9a83	LCALL 0xa818	4	write	INTMEM	1	(register, 0x40, 1)		(unique, 0xb400, 1)
instruction	CODE:9a7b	CODE:9a83	LCALL 0xa818	6	write	INTMEM	1	(register, 0x40, 1)		(unique, 0x1200, 1)
instruction	CODE:9a7b	CODE:9a89	LCALL 0x4758	4	write	INTMEM	1	(register, 0x40, 1)		(unique, 0xb400, 1)
instruction	CODE:9a7b	CODE:9a89	LCALL 0x4758	6	write	INTMEM	1	(register, 0x40, 1)		(unique, 0x1200, 1)
instruction	CODE:9a91	CODE:9a93	LCALL 0xa6a1	4	write	INTMEM	1	(register, 0x40, 1)		(unique, 0xb400, 1)
instruction	CODE:9a91	CODE:9a93	LCALL 0xa6a1	6	write	INTMEM	1	(register, 0x40, 1)		(unique, 0x1200, 1)
instruction	CODE:9a91	CODE:9a9a	RET	1	read	INTMEM	1	(register, 0x40, 1)		
instruction	CODE:9a91	CODE:9a9a	RET	3	read	INTMEM	1	(register, 0x40, 1)		
instruction	CODE:9a91	CODE:9a9d	LCALL 0xa607	4	write	INTMEM	1	(register, 0x40, 1)		(unique, 0xb400, 1)
instruction	CODE:9a91	CODE:9a9d	LCALL 0xa607	6	write	INTMEM	1	(register, 0x40, 1)		(unique, 0x1200, 1)
instruction	CODE:9a91	CODE:9aa6	RET	1	read	INTMEM	1	(register, 0x40, 1)		
instruction	CODE:9a91	CODE:9aa6	RET	3	read	INTMEM	1	(register, 0x40, 1)		
instruction	CODE:9aa7	CODE:9aa9	LCALL 0xa6a8	4	write	INTMEM	1	(register, 0x40, 1)		(unique, 0xb400, 1)
instruction	CODE:9aa7	CODE:9aa9	LCALL 0xa6a8	6	write	INTMEM	1	(register, 0x40, 1)		(unique, 0x1200, 1)
instruction	CODE:9aa7	CODE:9ab0	RET	1	read	INTMEM	1	(register, 0x40, 1)		
instruction	CODE:9aa7	CODE:9ab0	RET	3	read	INTMEM	1	(register, 0x40, 1)		
instruction	CODE:9aa7	CODE:9ab3	LCALL 0xa6a8	4	write	INTMEM	1	(register, 0x40, 1)		(unique, 0xb400, 1)
instruction	CODE:9aa7	CODE:9ab3	LCALL 0xa6a8	6	write	INTMEM	1	(register, 0x40, 1)		(unique, 0x1200, 1)
instruction	CODE:9aa7	CODE:9abc	RET	1	read	INTMEM	1	(register, 0x40, 1)		
instruction	CODE:9aa7	CODE:9abc	RET	3	read	INTMEM	1	(register, 0x40, 1)		
instruction	CODE:9abd	CODE:9abf	LCALL 0xa6a1	4	write	INTMEM	1	(register, 0x40, 1)		(unique, 0xb400, 1)
instruction	CODE:9abd	CODE:9abf	LCALL 0xa6a1	6	write	INTMEM	1	(register, 0x40, 1)		(unique, 0x1200, 1)
instruction	CODE:9abd	CODE:9ac6	RET	1	read	INTMEM	1	(register, 0x40, 1)		
instruction	CODE:9abd	CODE:9ac6	RET	3	read	INTMEM	1	(register, 0x40, 1)		
instruction	CODE:9abd	CODE:9ac9	LCALL 0xa607	4	write	INTMEM	1	(register, 0x40, 1)		(unique, 0xb400, 1)
instruction	CODE:9abd	CODE:9ac9	LCALL 0xa607	6	write	INTMEM	1	(register, 0x40, 1)		(unique, 0x1200, 1)
instruction	CODE:9abd	CODE:9ad2	RET	1	read	INTMEM	1	(register, 0x40, 1)		
instruction	CODE:9abd	CODE:9ad2	RET	3	read	INTMEM	1	(register, 0x40, 1)		
instruction	CODE:9ad3	CODE:9adb	LCALL 0x93fa	4	write	INTMEM	1	(register, 0x40, 1)		(unique, 0xb400, 1)
instruction	CODE:9ad3	CODE:9adb	LCALL 0x93fa	6	write	INTMEM	1	(register, 0x40, 1)		(unique, 0x1200, 1)
instruction	CODE:9ad3	CODE:9ae2	LCALL 0x6ba4	4	write	INTMEM	1	(register, 0x40, 1)		(unique, 0xb400, 1)
instruction	CODE:9ad3	CODE:9ae2	LCALL 0x6ba4	6	write	INTMEM	1	(register, 0x40, 1)		(unique, 0x1200, 1)
instruction	CODE:9ae8	CODE:9aea	MOV A,@R0	0	read	INTMEM	1	(register, 0x0, 1)		
instruction	CODE:9ae8	CODE:9aef	LCALL 0xa53c	4	write	INTMEM	1	(register, 0x40, 1)		(unique, 0xb400, 1)
instruction	CODE:9ae8	CODE:9aef	LCALL 0xa53c	6	write	INTMEM	1	(register, 0x40, 1)		(unique, 0x1200, 1)
instruction	CODE:9ae8	CODE:9af4	LCALL 0x866f	4	write	INTMEM	1	(register, 0x40, 1)		(unique, 0xb400, 1)
instruction	CODE:9ae8	CODE:9af4	LCALL 0x866f	6	write	INTMEM	1	(register, 0x40, 1)		(unique, 0x1200, 1)
instruction	CODE:9ae8	CODE:9af9	LCALL 0x9fe9	4	write	INTMEM	1	(register, 0x40, 1)		(unique, 0xb400, 1)
instruction	CODE:9ae8	CODE:9af9	LCALL 0x9fe9	6	write	INTMEM	1	(register, 0x40, 1)		(unique, 0x1200, 1)
instruction	CODE:9ae8	CODE:9afc	RET	1	read	INTMEM	1	(register, 0x40, 1)		
instruction	CODE:9ae8	CODE:9afc	RET	3	read	INTMEM	1	(register, 0x40, 1)		
instruction	CODE:9afd	CODE:9b0c	MOV A,@R0	0	read	INTMEM	1	(register, 0x0, 1)		
instruction	CODE:9afd	CODE:9b0e	RET	1	read	INTMEM	1	(register, 0x40, 1)		
instruction	CODE:9afd	CODE:9b0e	RET	3	read	INTMEM	1	(register, 0x40, 1)		
instruction	CODE:9afd	CODE:9b11	RET	1	read	INTMEM	1	(register, 0x40, 1)		
instruction	CODE:9afd	CODE:9b11	RET	3	read	INTMEM	1	(register, 0x40, 1)		
instruction	CODE:9b12	CODE:9b12	LCALL 0xa521	4	write	INTMEM	1	(register, 0x40, 1)		(unique, 0xb400, 1)
instruction	CODE:9b12	CODE:9b12	LCALL 0xa521	6	write	INTMEM	1	(register, 0x40, 1)		(unique, 0x1200, 1)
instruction	CODE:9b12	CODE:9b1b	LCALL 0x7a62	4	write	INTMEM	1	(register, 0x40, 1)		(unique, 0xb400, 1)
instruction	CODE:9b12	CODE:9b1b	LCALL 0x7a62	6	write	INTMEM	1	(register, 0x40, 1)		(unique, 0x1200, 1)
instruction	CODE:9b12	CODE:9b20	LCALL 0x8864	4	write	INTMEM	1	(register, 0x40, 1)		(unique, 0xb400, 1)
instruction	CODE:9b12	CODE:9b20	LCALL 0x8864	6	write	INTMEM	1	(register, 0x40, 1)		(unique, 0x1200, 1)
instruction	CODE:9b12	CODE:9b24	RET	1	read	INTMEM	1	(register, 0x40, 1)		
instruction	CODE:9b12	CODE:9b24	RET	3	read	INTMEM	1	(register, 0x40, 1)		
instruction	CODE:9b12	CODE:9b26	RET	1	read	INTMEM	1	(register, 0x40, 1)		
instruction	CODE:9b12	CODE:9b26	RET	3	read	INTMEM	1	(register, 0x40, 1)		
instruction	CODE:9b27	CODE:9b29	LCALL 0xa99c	4	write	INTMEM	1	(register, 0x40, 1)		(unique, 0xb400, 1)
instruction	CODE:9b27	CODE:9b29	LCALL 0xa99c	6	write	INTMEM	1	(register, 0x40, 1)		(unique, 0x1200, 1)
instruction	CODE:9b27	CODE:9b3b	RET	1	read	INTMEM	1	(register, 0x40, 1)		
instruction	CODE:9b27	CODE:9b3b	RET	3	read	INTMEM	1	(register, 0x40, 1)		
instruction	CODE:9b3c	CODE:9b4b	LCALL 0x79d0	4	write	INTMEM	1	(register, 0x40, 1)		(unique, 0xb400, 1)
instruction	CODE:9b3c	CODE:9b4b	LCALL 0x79d0	6	write	INTMEM	1	(register, 0x40, 1)		(unique, 0x1200, 1)
instruction	CODE:9b51	CODE:9b53	MOV A,@R0	0	read	INTMEM	1	(register, 0x0, 1)		
instruction	CODE:9b51	CODE:9b55	LCALL 0x345a	4	write	INTMEM	1	(register, 0x40, 1)		(unique, 0xb400, 1)
instruction	CODE:9b51	CODE:9b55	LCALL 0x345a	6	write	INTMEM	1	(register, 0x40, 1)		(unique, 0x1200, 1)
instruction	CODE:9b51	CODE:9b58	MOVX A,@DPTR	1	read	EXTMEM	1	(unique, 0x2800, 2)		
instruction	CODE:9b51	CODE:9b5a	MOVX @DPTR,A	2	write	EXTMEM	1	(unique, 0x2800, 2)		(unique, 0x2900, 1)
instruction	CODE:9b51	CODE:9b5e	LCALL 0x345c	4	write	INTMEM	1	(register, 0x40, 1)		(unique, 0xb400, 1)
instruction	CODE:9b51	CODE:9b5e	LCALL 0x345c	6	write	INTMEM	1	(register, 0x40, 1)		(unique, 0x1200, 1)
instruction	CODE:9b51	CODE:9b61	MOVX A,@DPTR	1	read	EXTMEM	1	(unique, 0x2800, 2)		
instruction	CODE:9b51	CODE:9b64	MOVX @DPTR,A	2	write	EXTMEM	1	(unique, 0x2800, 2)		(unique, 0x2900, 1)
instruction	CODE:9b51	CODE:9b65	RET	1	read	INTMEM	1	(register, 0x40, 1)		
instruction	CODE:9b51	CODE:9b65	RET	3	read	INTMEM	1	(register, 0x40, 1)		
instruction	CODE:9b66	CODE:9b68	MOV @R0,#0x5	1	write	INTMEM	1	(register, 0x0, 1)		(unique, 0x2a00, 1)
instruction	CODE:9b66	CODE:9b74	MOVX @DPTR,A	2	write	EXTMEM	1	(unique, 0x2800, 2)		(unique, 0x2900, 1)
instruction	CODE:9b66	CODE:9b76	MOVX A,@DPTR	1	read	EXTMEM	1	(unique, 0x2800, 2)		
instruction	CODE:9b7b	CODE:9b7e	MOVX A,@DPTR	1	read	EXTMEM	1	(unique, 0x2800, 2)		
instruction	CODE:9b7b	CODE:9b82	LCALL 0xa3ef	4	write	INTMEM	1	(register, 0x40, 1)		(unique, 0xb400, 1)
instruction	CODE:9b7b	CODE:9b82	LCALL 0xa3ef	6	write	INTMEM	1	(register, 0x40, 1)		(unique, 0x1200, 1)
instruction	CODE:9b7b	CODE:9b89	MOVX @DPTR,A	2	write	EXTMEM	1	(unique, 0x2800, 2)		(unique, 0x2900, 1)
instruction	CODE:9b7b	CODE:9b8b	MOVX @DPTR,A	2	write	EXTMEM	1	(unique, 0x2800, 2)		(unique, 0x2900, 1)
instruction	CODE:9b7b	CODE:9b8e	RET	1	read	INTMEM	1	(register, 0x40, 1)		
instruction	CODE:9b7b	CODE:9b8e	RET	3	read	INTMEM	1	(register, 0x40, 1)		
instruction	CODE:9b8f	CODE:9b95	LCALL 0x8925	4	write	INTMEM	1	(register, 0x40, 1)		(unique, 0xb400, 1)
instruction	CODE:9b8f	CODE:9b95	LCALL 0x8925	6	write	INTMEM	1	(register, 0x40, 1)		(unique, 0x1200, 1)
instruction	CODE:9b8f	CODE:9b9f	LCALL 0x97e5	4	write	INTMEM	1	(register, 0x40, 1)		(unique, 0xb400, 1)
instruction	CODE:9b8f	CODE:9b9f	LCALL 0x97e5	6	write	INTMEM	1	(register, 0x40, 1)		(unique, 0x1200, 1)
instruction	CODE:9b8f	CODE:9ba2	RET	1	read	INTMEM	1	(register, 0x40, 1)		
instruction	CODE:9b8f	CODE:9ba2	RET	3	read	INTMEM	1	(register, 0x40, 1)		
instruction	CODE:9ba3	CODE:9ba8	MOV A,@R0	0	read	INTMEM	1	(register, 0x0, 1)		
instruction	CODE:9ba3	CODE:9ba9	LCALL 0x44df	4	write	INTMEM	1	(register, 0x40, 1)		(unique, 0xb400, 1)
instruction	CODE:9ba3	CODE:9ba9	LCALL 0x44df	6	write	INTMEM	1	(register, 0x40, 1)		(unique, 0x1200, 1)
instruction	CODE:9ba3	CODE:9bad	MOVX @DPTR,A	2	write	EXTMEM	1	(unique, 0x2800, 2)		(unique, 0x2900, 1)
instruction	CODE:9ba3	CODE:9bae	LCALL 0x447d	4	write	INTMEM	1	(register, 0x40, 1)		(unique, 0xb400, 1)
instruction	CODE:9ba3	CODE:9bae	LCALL 0x447d	6	write	INTMEM	1	(register, 0x40, 1)		(unique, 0x1200, 1)
instruction	CODE:9ba3	CODE:9bb2	MOVX @DPTR,A	2	write	EXTMEM	1	(unique, 0x2800, 2)		(unique, 0x2900, 1)
instruction	CODE:9ba3	CODE:9bb5	MOV @R0,A	1	write	INTMEM	1	(register, 0x0, 1)		(unique, 0x2a00, 1)
instruction	CODE:9ba3	CODE:9bb6	RET	1	read	INTMEM	1	(register, 0x40, 1)		
instruction	CODE:9ba3	CODE:9bb6	RET	3	read	INTMEM	1	(register, 0x40, 1)		
instruction	CODE:9bb7	CODE:9bbb	MOVX @DPTR,A	2	write	EXTMEM	1	(unique, 0x2800, 2)		(unique, 0x2900, 1)
instruction	CODE:9bb7	CODE:9bc0	LCALL 0x1800	4	write	INTMEM	1	(register, 0x40, 1)		(unique, 0xb400, 1)
instruction	CODE:9bb7	CODE:9bc0	LCALL 0x1800	6	write	INTMEM	1	(register, 0x40, 1)		(unique, 0x1200, 1)
instruction	CODE:9bb7	CODE:9bc6	MOVX A,@DPTR	1	read	EXTMEM	1	(unique, 0x2800, 2)		
instruction	CODE:9bcb	CODE:9bcd	LCALL 0xa340	4	write	INTMEM	1	(register, 0x40, 1)		(unique, 0xb400, 1)
instruction	CODE:9bcb	CODE:9bcd	LCALL 0xa340	6	write	INTMEM	1	(register, 0x40, 1)		(unique, 0x1200, 1)
instruction	CODE:9bcb	CODE:9bd2	LCALL 0x1ee9	4	write	INTMEM	1	(register, 0x40, 1)		(unique, 0xb400, 1)
instruction	CODE:9bcb	CODE:9bd2	LCALL 0x1ee9	6	write	INTMEM	1	(register, 0x40, 1)		(unique, 0x1200, 1)
instruction	CODE:9bcb	CODE:9bd5	MOVX A,@DPTR	1	read	EXTMEM	1	(unique, 0x2800, 2)		
instruction	CODE:9bcb	CODE:9bdb	LCALL 0xa557	4	write	INTMEM	1	(register, 0x40, 1)		(unique, 0xb400, 1)
instruction	CODE:9bcb	CODE:9bdb	LCALL 0xa557	6	write	INTMEM	1	(register, 0x40, 1)		(unique, 0x1200, 1)
instruction	CODE:9bcb	CODE:9bde	RET	1	read	INTMEM	1	(register, 0x40, 1)		
instruction	CODE:9bcb	CODE:9bde	RET	3	read	INTMEM	1	(register, 0x40, 1)		
instruction	CODE:9bdf	CODE:9be5	MOVX @DPTR,A	2	write	EXTMEM	1	(unique, 0x2800, 2)		(unique, 0x2900, 1)
instruction	CODE:9bdf	CODE:9bee	MOVX @DPTR,A	2	write	EXTMEM	1	(unique, 0x2800, 2)		(unique, 0x2900, 1)
instruction	CODE:9bdf	CODE:9bf2	RET	1	read	INTMEM	1	(register, 0x40, 1)		
instruction	CODE:9bdf	CODE:9bf2	RET	3	read	INTMEM	1	(register, 0x40, 1)		
instruction	CODE:9bf3	CODE:9bf5	MOV A,@R0	0	read	INTMEM	1	(register, 0x0, 1)		
instruction	CODE:9bf3	CODE:9c03	MOVX A,@DPTR	1	read	EXTMEM	1	(unique, 0x2800, 2)		
instruction	CODE:9bf3	CODE:9c06	RET	1	read	INTMEM	1	(register, 0x40, 1)		
instruction	CODE:9bf3	CODE:9c06	RET	3	read	INTMEM	1	(register, 0x40, 1)		
instruction	CODE:9c07	CODE:9c13	LCALL 0xaefd	4	write	INTMEM	1	(register, 0x40, 1)		(unique, 0xb400, 1)
instruction	CODE:9c07	CODE:9c13	LCALL 0xaefd	6	write	INTMEM	1	(register, 0x40, 1)		(unique, 0x1200, 1)
instruction	CODE:9c07	CODE:9c19	MOV @R0,A	1	write	INTMEM	1	(register, 0x0, 1)		(unique, 0x2a00, 1)
instruction	CODE:9c07	CODE:9c1a	RET	1	read	INTMEM	1	(register, 0x40, 1)		
instruction	CODE:9c07	CODE:9c1a	RET	3	read	INTMEM	1	(register, 0x40, 1)		
instruction	CODE:9c1b	CODE:9c1d	MOV A,@R0	0	read	INTMEM	1	(register, 0x0, 1)		
instruction	CODE:9c1b	CODE:9c1f	LCALL 0x34ca	4	write	INTMEM	1	(register, 0x40, 1)		(unique, 0xb400, 1)
instruction	CODE:9c1b	CODE:9c1f	LCALL 0x34ca	6	write	INTMEM	1	(register, 0x40, 1)		(unique, 0x1200, 1)
instruction	CODE:9c1b	CODE:9c24	MOVX @DPTR,A	2	write	EXTMEM	1	(unique, 0x2800, 2)		(unique, 0x2900, 1)
instruction	CODE:9c1b	CODE:9c28	LCALL 0x34f4	4	write	INTMEM	1	(register, 0x40, 1)		(unique, 0xb400, 1)
instruction	CODE:9c1b	CODE:9c28	LCALL 0x34f4	6	write	INTMEM	1	(register, 0x40, 1)		(unique, 0x1200, 1)
instruction	CODE:9c1b	CODE:9c2d	MOVX @DPTR,A	2	write	EXTMEM	1	(unique, 0x2800, 2)		(unique, 0x2900, 1)
instruction	CODE:9c1b	CODE:9c2e	RET	1	read	INTMEM	1	(register, 0x40, 1)		
instruction	CODE:9c1b	CODE:9c2e	RET	3	read	INTMEM	1	(register, 0x40, 1)		
instruction	CODE:9c43	CODE:9c45	MOV A,@R0	0	read	INTMEM	1	(register, 0x0, 1)		
instruction	CODE:9c43	CODE:9c4c	MOV A,@R0	0	read	INTMEM	1	(register, 0x0, 1)		
instruction	CODE:9c43	CODE:9c53	RET	1	read	INTMEM	1	(register, 0x40, 1)		
instruction	CODE:9c43	CODE:9c53	RET	3	read	INTMEM	1	(register, 0x40, 1)		
instruction	CODE:9c43	CODE:9c56	RET	1	read	INTMEM	1	(register, 0x40, 1)		
instruction	CODE:9c43	CODE:9c56	RET	3	read	INTMEM	1	(register, 0x40, 1)		
instruction	CODE:9c57	CODE:9c59	MOV A,@R0	0	read	INTMEM	1	(register, 0x0, 1)		
instruction	CODE:9c57	CODE:9c5e	LCALL 0xa693	4	write	INTMEM	1	(register, 0x40, 1)		(unique, 0xb400, 1)
instruction	CODE:9c57	CODE:9c5e	LCALL 0xa693	6	write	INTMEM	1	(register, 0x40, 1)		(unique, 0x1200, 1)
instruction	CODE:9c57	CODE:9c67	RET	1	read	INTMEM	1	(register, 0x40, 1)		
instruction	CODE:9c57	CODE:9c67	RET	3	read	INTMEM	1	(register, 0x40, 1)		
instruction	CODE:9c57	CODE:9c6a	RET	1	read	INTMEM	1	(register, 0x40, 1)		
instruction	CODE:9c57	CODE:9c6a	RET	3	read	INTMEM	1	(register, 0x40, 1)		
instruction	CODE:9c6b	CODE:9c70	MOVX @DPTR,A	2	write	EXTMEM	1	(unique, 0x2800, 2)		(unique, 0x2900, 1)
instruction	CODE:9c6b	CODE:9c74	MOVX @DPTR,A	2	write	EXTMEM	1	(unique, 0x2800, 2)		(unique, 0x2900, 1)
instruction	CODE:9c6b	CODE:9c76	MOVX @DPTR,A	2	write	EXTMEM	1	(unique, 0x2800, 2)		(unique, 0x2900, 1)
instruction	CODE:9c6b	CODE:9c7a	MOVX @DPTR,A	2	write	EXTMEM	1	(unique, 0x2800, 2)		(unique, 0x2900, 1)
instruction	CODE:9c91	CODE:9ca2	MOVX @DPTR,A	2	write	EXTMEM	1	(unique, 0x2800, 2)		(unique, 0x2900, 1)
instruction	CODE:9c91	CODE:9ca3	RET	1	read	INTMEM	1	(register, 0x40, 1)		
instruction	CODE:9c91	CODE:9ca3	RET	3	read	INTMEM	1	(register, 0x40, 1)		
instruction	CODE:9cca	CODE:9cd9	LCALL 0x87aa	4	write	INTMEM	1	(register, 0x40, 1)		(unique, 0xb400, 1)
instruction	CODE:9cca	CODE:9cd9	LCALL 0x87aa	6	write	INTMEM	1	(register, 0x40, 1)		(unique, 0x1200, 1)
instruction	CODE:9cca	CODE:9cdc	RET	1	read	INTMEM	1	(register, 0x40, 1)		
instruction	CODE:9cca	CODE:9cdc	RET	3	read	INTMEM	1	(register, 0x40, 1)		
instruction	CODE:9cdd	CODE:9ce0	PUSH DPH	1	write	INTMEM	1	(register, 0x40, 1)		(register, 0x82, 1)
instruction	CODE:9cdd	CODE:9ce2	PUSH DPL	1	write	INTMEM	1	(register, 0x40, 1)		(register, 0x83, 1)
instruction	CODE:9cdd	CODE:9ce6	LCALL 0x34d4	4	write	INTMEM	1	(register, 0x40, 1)		(unique, 0xb400, 1)
instruction	CODE:9cdd	CODE:9ce6	LCALL 0x34d4	6	write	INTMEM	1	(register, 0x40, 1)		(unique, 0x1200, 1)
instruction	CODE:9cdd	CODE:9cea	POP DPL	0	read	INTMEM	1	(register, 0x40, 1)		
instruction	CODE:9cdd	CODE:9cec	POP DPH	0	read	INTMEM	1	(register, 0x40, 1)		
instruction	CODE:9cdd	CODE:9cee	MOVX @DPTR,A	2	write	EXTMEM	1	(unique, 0x2800, 2)		(unique, 0x2900, 1)
instruction	CODE:9cdd	CODE:9cef	RET	1	read	INTMEM	1	(register, 0x40, 1)		
instruction	CODE:9cdd	CODE:9cef	RET	3	read	INTMEM	1	(register, 0x40, 1)		
instruction	CODE:9cf0	CODE:9cf3	PUSH DPH	1	write	INTMEM	1	(register, 0x40, 1)		(register, 0x82, 1)
instruction	CODE:9cf0	CODE:9cf5	PUSH DPL	1	write	INTMEM	1	(register, 0x40, 1)		(register, 0x83, 1)
instruction	CODE:9cf0	CODE:9cf9	LCALL 0x34d4	4	write	INTMEM	1	(register, 0x40, 1)		(unique, 0xb400, 1)
instruction	CODE:9cf0	CODE:9cf9	LCALL 0x34d4	6	write	INTMEM	1	(register, 0x40, 1)		(unique, 0x1200, 1)
instruction	CODE:9cf0	CODE:9cfd	POP DPL	0	read	INTMEM	1	(register, 0x40, 1)		
instruction	CODE:9cf0	CODE:9cff	POP DPH	0	read	INTMEM	1	(register, 0x40, 1)		
instruction	CODE:9cf0	CODE:9d01	MOVX @DPTR,A	2	write	EXTMEM	1	(unique, 0x2800, 2)		(unique, 0x2900, 1)
instruction	CODE:9cf0	CODE:9d02	RET	1	read	INTMEM	1	(register, 0x40, 1)		
instruction	CODE:9cf0	CODE:9d02	RET	3	read	INTMEM	1	(register, 0x40, 1)		
instruction	CODE:9d03	CODE:9d03	PUSH 0x01	1	write	INTMEM	1	(register, 0x40, 1)		mem[INTMEM:01]
instruction	CODE:9d03	CODE:9d05	LCALL 0x34fc	4	write	INTMEM	1	(register, 0x40, 1)		(unique, 0xb400, 1)
instruction	CODE:9d03	CODE:9d05	LCALL 0x34fc	6	write	INTMEM	1	(register, 0x40, 1)		(unique, 0x1200, 1)
instruction	CODE:9d03	CODE:9d0d	POP 0x01	0	read	INTMEM	1	(register, 0x40, 1)		
instruction	CODE:9d16	CODE:9d16	LCALL 0x9ef9	4	write	INTMEM	1	(register, 0x40, 1)		(unique, 0xb400, 1)
instruction	CODE:9d16	CODE:9d16	LCALL 0x9ef9	6	write	INTMEM	1	(register, 0x40, 1)		(unique, 0x1200, 1)
instruction	CODE:9d16	CODE:9d1e	MOVX A,@DPTR	1	read	EXTMEM	1	(unique, 0x2800, 2)		
instruction	CODE:9d16	CODE:9d25	LCALL 0x2ca1	4	write	INTMEM	1	(register, 0x40, 1)		(unique, 0xb400, 1)
instruction	CODE:9d16	CODE:9d25	LCALL 0x2ca1	6	write	INTMEM	1	(register, 0x40, 1)		(unique, 0x1200, 1)
instruction	CODE:9d16	CODE:9d28	RET	1	read	INTMEM	1	(register, 0x40, 1)		
instruction	CODE:9d16	CODE:9d28	RET	3	read	INTMEM	1	(register, 0x40, 1)		
instruction	CODE:9d3c	CODE:9d3e	LCALL 0xa607	4	write	INTMEM	1	(register, 0x40, 1)		(unique, 0xb400, 1)
instruction	CODE:9d3c	CODE:9d3e	LCALL 0xa607	6	write	INTMEM	1	(register, 0x40, 1)		(unique, 0x1200, 1)
instruction	CODE:9d3c	CODE:9d45	MOV A,@R0	0	read	INTMEM	1	(register, 0x0, 1)		
instruction	CODE:9d3c	CODE:9d4b	RET	1	read	INTMEM	1	(register, 0x40, 1)		
instruction	CODE:9d3c	CODE:9d4b	RET	3	read	INTMEM	1	(register, 0x40, 1)		
instruction	CODE:9d3c	CODE:9d4e	RET	1	read	INTMEM	1	(register, 0x40, 1)		
instruction	CODE:9d3c	CODE:9d4e	RET	3	read	INTMEM	1	(register, 0x40, 1)		
instruction	CODE:9d4f	CODE:9d51	MOV A,@R0	0	read	INTMEM	1	(register, 0x0, 1)		
instruction	CODE:9d4f	CODE:9d5f	MOVX @DPTR,A	2	write	EXTMEM	1	(unique, 0x2800, 2)		(unique, 0x2900, 1)
instruction	CODE:9d4f	CODE:9d60	RET	1	read	INTMEM	1	(register, 0x40, 1)		
instruction	CODE:9d4f	CODE:9d60	RET	3	read	INTMEM	1	(register, 0x40, 1)		
instruction	CODE:9d61	CODE:9d63	MOV A,@R0	0	read	INTMEM	1	(register, 0x0, 1)		
instruction	CODE:9d61	CODE:9d6d	RET	1	read	INTMEM	1	(register, 0x40, 1)		
instruction	CODE:9d61	CODE:9d6d	RET	3	read	INTMEM	1	(register, 0x40, 1)		
instruction	CODE:9d61	CODE:9d72	RET	1	read	INTMEM	1	(register, 0x40, 1)		
instruction	CODE:9d61	CODE:9d72	RET	3	read	INTMEM	1	(register, 0x40, 1)		
instruction	CODE:9d73	CODE:9d75	MOV A,@R0	0	read	INTMEM	1	(register, 0x0, 1)		
instruction	CODE:9d73	CODE:9d84	RET	1	read	INTMEM	1	(register, 0x40, 1)		
instruction	CODE:9d73	CODE:9d84	RET	3	read	INTMEM	1	(register, 0x40, 1)		
instruction	CODE:9d85	CODE:9d87	MOV A,@R0	0	read	INTMEM	1	(register, 0x0, 1)		
instruction	CODE:9d85	CODE:9d96	RET	1	read	INTMEM	1	(register, 0x40, 1)		
instruction	CODE:9d85	CODE:9d96	RET	3	read	INTMEM	1	(register, 0x40, 1)		
instruction	CODE:9d97	CODE:9d99	MOV @R0,0x06	1	write	INTMEM	1	(register, 0x0, 1)		(unique, 0x2a00, 1)
instruction	CODE:9d97	CODE:9d9c	MOV @R0,0x07	1	write	INTMEM	1	(register, 0x0, 1)		(unique, 0x2a00, 1)
instruction	CODE:9d97	CODE:9da3	MOV @R0,0x06	1	write	INTMEM	1	(register, 0x0, 1)		(unique, 0x2a00, 1)
instruction	CODE:9d97	CODE:9da6	MOV @R0,0x07	1	write	INTMEM	1	(register, 0x0, 1)		(unique, 0x2a00, 1)
instruction	CODE:9d97	CODE:9da8	RET	1	read	INTMEM	1	(register, 0x40, 1)		
instruction	CODE:9d97	CODE:9da8	RET	3	read	INTMEM	1	(register, 0x40, 1)		
instruction	CODE:9dbb	CODE:9dbd	MOV A,@R0	0	read	INTMEM	1	(register, 0x0, 1)		
instruction	CODE:9dbb	CODE:9dcc	RET	1	read	INTMEM	1	(register, 0x40, 1)		
instruction	CODE:9dbb	CODE:9dcc	RET	3	read	INTMEM	1	(register, 0x40, 1)		
instruction	CODE:9dcd	CODE:9dd0	MOVX A,@DPTR	1	read	EXTMEM	1	(unique, 0x2800, 2)		
instruction	CODE:9dcd	CODE:9dd3	MOVX A,@DPTR	1	read	EXTMEM	1	(unique, 0x2800, 2)		
instruction	CODE:9dcd	CODE:9ddd	MOVX @DPTR,A	2	write	EXTMEM	1	(unique, 0x2800, 2)		(unique, 0x2900, 1)
instruction	CODE:9dcd	CODE:9dde	RET	1	read	INTMEM	1	(register, 0x40, 1)		
instruction	CODE:9dcd	CODE:9dde	RET	3	read	INTMEM	1	(register, 0x40, 1)		
instruction	CODE:9ddf	CODE:9de1	MOV A,@R0	0	read	INTMEM	1	(register, 0x0, 1)		
instruction	CODE:9ddf	CODE:9deb	MOVX A,@DPTR	1	read	EXTMEM	1	(unique, 0x2800, 2)		
instruction	CODE:9ddf	CODE:9df0	RET	1	read	INTMEM	1	(register, 0x40, 1)		
instruction	CODE:9ddf	CODE:9df0	RET	3	read	INTMEM	1	(register, 0x40, 1)		
instruction	CODE:9df1	CODE:9df3	MOV A,@R0	0	read	INTMEM	1	(register, 0x0, 1)		
instruction	CODE:9df1	CODE:9dfc	LCALL 0x628b	4	write	INTMEM	1	(register, 0x40, 1)		(unique, 0xb400, 1)
instruction	CODE:9df1	CODE:9dfc	LCALL 0x628b	6	write	INTMEM	1	(register, 0x40, 1)		(unique, 0x1200, 1)
instruction	CODE:9df1	CODE:9e00	RET	1	read	INTMEM	1	(register, 0x40, 1)		
instruction	CODE:9df1	CODE:9e00	RET	3	read	INTMEM	1	(register, 0x40, 1)		
instruction	CODE:9df1	CODE:9e02	RET	1	read	INTMEM	1	(register, 0x40, 1)		
instruction	CODE:9df1	CODE:9e02	RET	3	read	INTMEM	1	(register, 0x40, 1)		
instruction	CODE:9e03	CODE:9e05	LCALL 0xa60e	4	write	INTMEM	1	(register, 0x40, 1)		(unique, 0xb400, 1)
instruction	CODE:9e03	CODE:9e05	LCALL 0xa60e	6	write	INTMEM	1	(register, 0x40, 1)		(unique, 0x1200, 1)
instruction	CODE:9e03	CODE:9e0a	LCALL 0xa435	4	write	INTMEM	1	(register, 0x40, 1)		(unique, 0xb400, 1)
instruction	CODE:9e03	CODE:9e0a	LCALL 0xa435	6	write	INTMEM	1	(register, 0x40, 1)		(unique, 0x1200, 1)
instruction	CODE:9e03	CODE:9e11	RET	1	read	INTMEM	1	(register, 0x40, 1)		
instruction	CODE:9e03	CODE:9e11	RET	3	read	INTMEM	1	(register, 0x40, 1)		
instruction	CODE:9e03	CODE:9e14	RET	1	read	INTMEM	1	(register, 0x40, 1)		
instruction	CODE:9e03	CODE:9e14	RET	3	read	INTMEM	1	(register, 0x40, 1)		
instruction	CODE:9e15	CODE:9e15	LCALL 0xa7b3	4	write	INTMEM	1	(register, 0x40, 1)		(unique, 0xb400, 1)
instruction	CODE:9e15	CODE:9e15	LCALL 0xa7b3	6	write	INTMEM	1	(register, 0x40, 1)		(unique, 0x1200, 1)
instruction	CODE:9e15	CODE:9e1a	LCALL 0xa65b	4	write	INTMEM	1	(register, 0x40, 1)		(unique, 0xb400, 1)
instruction	CODE:9e15	CODE:9e1a	LCALL 0xa65b	6	write	INTMEM	1	(register, 0x40, 1)		(unique, 0x1200, 1)
instruction	CODE:9e15	CODE:9e23	RET	1	read	INTMEM	1	(register, 0x40, 1)		
instruction	CODE:9e15	CODE:9e23	RET	3	read	INTMEM	1	(register, 0x40, 1)		
instruction	CODE:9e15	CODE:9e26	RET	1	read	INTMEM	1	(register, 0x40, 1)		
instruction	CODE:9e15	CODE:9e26	RET	3	read	INTMEM	1	(register, 0x40, 1)		
instruction	CODE:9e27	CODE:9e29	MOV A,@R0	0	read	INTMEM	1	(register, 0x0, 1)		
instruction	CODE:9e27	CODE:9e32	LCALL 0x4512	4	write	INTMEM	1	(register, 0x40, 1)		(unique, 0xb400, 1)
instruction	CODE:9e27	CODE:9e32	LCALL 0x4512	6	write	INTMEM	1	(register, 0x40, 1)		(unique, 0x1200, 1)
instruction	CODE:9e27	CODE:9e36	MOVX @DPTR,A	2	write	EXTMEM	1	(unique, 0x2800, 2)		(unique, 0x2900, 1)
instruction	CODE:9e27	CODE:9e37	RET	1	read	INTMEM	1	(register, 0x40, 1)		
instruction	CODE:9e27	CODE:9e37	RET	3	read	INTMEM	1	(register, 0x40, 1)		
instruction	CODE:9e38	CODE:9e3a	LCALL 0xa340	4	write	INTMEM	1	(register, 0x40, 1)		(unique, 0xb400, 1)
instruction	CODE:9e38	CODE:9e3a	LCALL 0xa340	6	write	INTMEM	1	(register, 0x40, 1)		(unique, 0x1200, 1)
instruction	CODE:9e38	CODE:9e45	LCALL 0x6a27	4	write	INTMEM	1	(register, 0x40, 1)		(unique, 0xb400, 1)
instruction	CODE:9e38	CODE:9e45	LCALL 0x6a27	6	write	INTMEM	1	(register, 0x40, 1)		(unique, 0x1200, 1)
instruction	CODE:9e38	CODE:9e48	RET	1	read	INTMEM	1	(register, 0x40, 1)		
instruction	CODE:9e38	CODE:9e48	RET	3	read	INTMEM	1	(register, 0x40, 1)		
instruction	CODE:9e49	CODE:9e4b	MOV A,@R0	0	read	INTMEM	1	(register, 0x0, 1)		
instruction	CODE:9e49	CODE:9e55	MOVX A,@DPTR	1	read	EXTMEM	1	(unique, 0x2800, 2)		
instruction	CODE:9e49	CODE:9e57	MOVX @DPTR,A	2	write	EXTMEM	1	(unique, 0x2800, 2)		(unique, 0x2900, 1)
instruction	CODE:9e49	CODE:9e58	RET	1	read	INTMEM	1	(register, 0x40, 1)		
instruction	CODE:9e49	CODE:9e58	RET	3	read	INTMEM	1	(register, 0x40, 1)		
instruction	CODE:9e59	CODE:9e5d	MOVX @DPTR,A	2	write	EXTMEM	1	(unique, 0x2800, 2)		(unique, 0x2900, 1)
instruction	CODE:9e59	CODE:9e5e	LCALL 0xa57b	4	write	INTMEM	1	(register, 0x40, 1)		(unique, 0xb400, 1)
instruction	CODE:9e59	CODE:9e5e	LCALL 0xa57b	6	write	INTMEM	1	(register, 0x40, 1)		(unique, 0x1200, 1)
instruction	CODE:9e59	CODE:9e64	MOVX A,@DPTR	1	read	EXTMEM	1	(unique, 0x2800, 2)		
instruction	CODE:9e69	CODE:9e6b	MOV A,@R0	0	read	INTMEM	1	(register, 0x0, 1)		
instruction	CODE:9e69	CODE:9e71	MOV A,@R0	0	read	INTMEM	1	(register, 0x0, 1)		
instruction	CODE:9e69	CODE:9e76	RET	1	read	INTMEM	1	(register, 0x40, 1)		
instruction	CODE:9e69	CODE:9e76	RET	3	read	INTMEM	1	(register, 0x40, 1)		
instruction	CODE:9e69	CODE:9e78	RET	1	read	INTMEM	1	(register, 0x40, 1)		
instruction	CODE:9e69	CODE:9e78	RET	3	read	INTMEM	1	(register, 0x40, 1)		
instruction	CODE:9e79	CODE:9e7b	MOV A,@R0	0	read	INTMEM	1	(register, 0x0, 1)		
instruction	CODE:9e79	CODE:9e81	MOV A,@R0	0	read	INTMEM	1	(register, 0x0, 1)		
instruction	CODE:9e79	CODE:9e86	RET	1	read	INTMEM	1	(register, 0x40, 1)		
instruction	CODE:9e79	CODE:9e86	RET	3	read	INTMEM	1	(register, 0x40, 1)		
instruction	CODE:9e79	CODE:9e88	RET	1	read	INTMEM	1	(register, 0x40, 1)		
instruction	CODE:9e79	CODE:9e88	RET	3	read	INTMEM	1	(register, 0x40, 1)		
instruction	CODE:9e89	CODE:9e8b	LCALL 0x9cca	4	write	INTMEM	1	(register, 0x40, 1)		(unique, 0xb400, 1)
instruction	CODE:9e89	CODE:9e8b	LCALL 0x9cca	6	write	INTMEM	1	(register, 0x40, 1)		(unique, 0x1200, 1)
instruction	CODE:9e89	CODE:9e8e	LCALL 0x50a1	4	write	INTMEM	1	(register, 0x40, 1)		(unique, 0xb400, 1)
instruction	CODE:9e89	CODE:9e8e	LCALL 0x50a1	6	write	INTMEM	1	(register, 0x40, 1)		(unique, 0x1200, 1)
instruction	CODE:9e89	CODE:9e92	MOV @R0,A	1	write	INTMEM	1	(register, 0x0, 1)		(unique, 0x2a00, 1)
instruction	CODE:9e89	CODE:9e93	LCALL 0xa6b5	4	write	INTMEM	1	(register, 0x40, 1)		(unique, 0xb400, 1)
instruction	CODE:9e89	CODE:9e93	LCALL 0xa6b5	6	write	INTMEM	1	(register, 0x40, 1)		(unique, 0x1200, 1)
instruction	CODE:9e89	CODE:9e98	RET	1	read	INTMEM	1	(register, 0x40, 1)		
instruction	CODE:9e89	CODE:9e98	RET	3	read	INTMEM	1	(register, 0x40, 1)		
instruction	CODE:9e99	CODE:9e9b	LCALL 0xa600	4	write	INTMEM	1	(register, 0x40, 1)		(unique, 0xb400, 1)
instruction	CODE:9e99	CODE:9e9b	LCALL 0xa600	6	write	INTMEM	1	(register, 0x40, 1)		(unique, 0x1200, 1)
instruction	CODE:9e99	CODE:9e9e	LCALL 0x4f9c	4	write	INTMEM	1	(register, 0x40, 1)		(unique, 0xb400, 1)
instruction	CODE:9e99	CODE:9e9e	LCALL 0x4f9c	6	write	INTMEM	1	(register, 0x40, 1)		(unique, 0x1200, 1)
instruction	CODE:9e99	CODE:9ea3	LCALL 0xa600	4	write	INTMEM	1	(register, 0x40, 1)		(unique, 0xb400, 1)
instruction	CODE:9e99	CODE:9ea3	LCALL 0xa600	6	write	INTMEM	1	(register, 0x40, 1)		(unique, 0x1200, 1)
instruction	CODE:9ea9	CODE:9eab	MOV A,@R0	0	read	INTMEM	1	(register, 0x0, 1)		
instruction	CODE:9ea9	CODE:9eb1	MOV A,@R0	0	read	INTMEM	1	(register, 0x0, 1)		
instruction	CODE:9ea9	CODE:9eb6	RET	1	read	INTMEM	1	(register, 0x40, 1)		
instruction	CODE:9ea9	CODE:9eb6	RET	3	read	INTMEM	1	(register, 0x40, 1)		
instruction	CODE:9ea9	CODE:9eb8	RET	1	read	INTMEM	1	(register, 0x40, 1)		
instruction	CODE:9ea9	CODE:9eb8	RET	3	read	INTMEM	1	(register, 0x40, 1)		
instruction	CODE:9eb9	CODE:9ebb	MOV A,@R0	0	read	INTMEM	1	(register, 0x0, 1)		
instruction	CODE:9eb9	CODE:9ec1	MOV A,@R0	0	read	INTMEM	1	(register, 0x0, 1)		
instruction	CODE:9eb9	CODE:9ec6	RET	1	read	INTMEM	1	(register, 0x40, 1)		
instruction	CODE:9eb9	CODE:9ec6	RET	3	read	INTMEM	1	(register, 0x40, 1)		
instruction	CODE:9eb9	CODE:9ec8	RET	1	read	INTMEM	1	(register, 0x40, 1)		
instruction	CODE:9eb9	CODE:9ec8	RET	3	read	INTMEM	1	(register, 0x40, 1)		
instruction	CODE:9ec9	CODE:9ecb	MOV A,@R0	0	read	INTMEM	1	(register, 0x0, 1)		
instruction	CODE:9ec9	CODE:9ed3	RET	1	read	INTMEM	1	(register, 0x40, 1)		
instruction	CODE:9ec9	CODE:9ed3	RET	3	read	INTMEM	1	(register, 0x40, 1)		
instruction	CODE:9ec9	CODE:9ed8	RET	1	read	INTMEM	1	(register, 0x40, 1)		
instruction	CODE:9ec9	CODE:9ed8	RET	3	read	INTMEM	1	(register, 0x40, 1)		
instruction	CODE:9ee9	CODE:9ee9	LCALL 0x33d6	4	write	INTMEM	1	(register, 0x40, 1)		(unique, 0xb400, 1)
instruction	CODE:9ee9	CODE:9ee9	LCALL 0x33d6	6	write	INTMEM	1	(register, 0x40, 1)		(unique, 0x1200, 1)
instruction	CODE:9ee9	CODE:9eef	LCALL 0xa94d	4	write	INTMEM	1	(register, 0x40, 1)		(unique, 0xb400, 1)
instruction	CODE:9ee9	CODE:9eef	LCALL 0xa94d	6	write	INTMEM	1	(register, 0x40, 1)		(unique, 0x1200, 1)
instruction	CODE:9ee9	CODE:9ef8	RET	1	read	INTMEM	1	(register, 0x40, 1)		
instruction	CODE:9ee9	CODE:9ef8	RET	3	read	INTMEM	1	(register, 0x40, 1)		
instruction	CODE:9ef9	CODE:9efb	MOV A,@R0	0	read	INTMEM	1	(register, 0x0, 1)		
instruction	CODE:9ef9	CODE:9f03	RET	1	read	INTMEM	1	(register, 0x40, 1)		
instruction	CODE:9ef9	CODE:9f03	RET	3	read	INTMEM	1	(register, 0x40, 1)		
instruction	CODE:9ef9	CODE:9f08	RET	1	read	INTMEM	1	(register, 0x40, 1)		
instruction	CODE:9ef9	CODE:9f08	RET	3	read	INTMEM	1	(register, 0x40, 1)		
instruction	CODE:9f09	CODE:9f0b	LCALL 0xa78b	4	write	INTMEM	1	(register, 0x40, 1)		(unique, 0xb400, 1)
instruction	CODE:9f09	CODE:9f0b	LCALL 0xa78b	6	write	INTMEM	1	(register, 0x40, 1)		(unique, 0x1200, 1)
instruction	CODE:9f19	CODE:9f1b	MOV A,@R0	0	read	INTMEM	1	(register, 0x0, 1)		
instruction	CODE:9f19	CODE:9f25	MOVX A,@DPTR	1	read	EXTMEM	1	(unique, 0x2800, 2)		
instruction	CODE:9f19	CODE:9f27	MOVX @DPTR,A	2	write	EXTMEM	1	(unique, 0x2800, 2)		(unique, 0x2900, 1)
instruction	CODE:9f19	CODE:9f28	RET	1	read	INTMEM	1	(register, 0x40, 1)		
instruction	CODE:9f19	CODE:9f28	RET	3	read	INTMEM	1	(register, 0x40, 1)		
instruction	CODE:9f29	CODE:9f2b	MOV A,@R0	0	read	INTMEM	1	(register, 0x0, 1)		
instruction	CODE:9f29	CODE:9f33	RET	1	read	INTMEM	1	(register, 0x40, 1)		
instruction	CODE:9f29	CODE:9f33	RET	3	read	INTMEM	1	(register, 0x40, 1)		
instruction	CODE:9f29	CODE:9f38	RET	1	read	INTMEM	1	(register, 0x40, 1)		
instruction	CODE:9f29	CODE:9f38	RET	3	read	INTMEM	1	(register, 0x40, 1)		
instruction	CODE:9f39	CODE:9f3b	MOV A,@R0	0	read	INTMEM	1	(register, 0x0, 1)		
instruction	CODE:9f39	CODE:9f43	RET	1	read	INTMEM	1	(register, 0x40, 1)		
instruction	CODE:9f39	CODE:9f43	RET	3	read	INTMEM	1	(register, 0x40, 1)		
instruction	CODE:9f39	CODE:9f48	RET	1	read	INTMEM	1	(register, 0x40, 1)		
instruction	CODE:9f39	CODE:9f48	RET	3	read	INTMEM	1	(register, 0x40, 1)		
instruction	CODE:9f49	CODE:9f4b	MOV A,@R0	0	read	INTMEM	1	(register, 0x0, 1)		
instruction	CODE:9f49	CODE:9f55	MOVX A,@DPTR	1	read	EXTMEM	1	(unique, 0x2800, 2)		
instruction	CODE:9f49	CODE:9f57	MOVX @DPTR,A	2	write	EXTMEM	1	(unique, 0x2800, 2)		(unique, 0x2900, 1)
instruction	CODE:9f49	CODE:9f58	RET	1	read	INTMEM	1	(register, 0x40, 1)		
instruction	CODE:9f49	CODE:9f58	RET	3	read	INTMEM	1	(register, 0x40, 1)		
instruction	CODE:9f59	CODE:9f5b	MOV A,@R0	0	read	INTMEM	1	(register, 0x0, 1)		
instruction	CODE:9f59	CODE:9f65	MOVX A,@DPTR	1	read	EXTMEM	1	(unique, 0x2800, 2)		
instruction	CODE:9f59	CODE:9f67	MOVX @DPTR,A	2	write	EXTMEM	1	(unique, 0x2800, 2)		(unique, 0x2900, 1)
instruction	CODE:9f59	CODE:9f68	RET	1	read	INTMEM	1	(register, 0x40, 1)		
instruction	CODE:9f59	CODE:9f68	RET	3	read	INTMEM	1	(register, 0x40, 1)		
instruction	CODE:9f69	CODE:9f6d	MOVX @DPTR,A	2	write	EXTMEM	1	(unique, 0x2800, 2)		(unique, 0x2900, 1)
instruction	CODE:9f69	CODE:9f71	MOVX @DPTR,A	2	write	EXTMEM	1	(unique, 0x2800, 2)		(unique, 0x2900, 1)
instruction	CODE:9f69	CODE:9f75	MOVX @DPTR,A	2	write	EXTMEM	1	(unique, 0x2800, 2)		(unique, 0x2900, 1)
instruction	CODE:9f69	CODE:9f78	RET	1	read	INTMEM	1	(register, 0x40, 1)		
instruction	CODE:9f69	CODE:9f78	RET	3	read	INTMEM	1	(register, 0x40, 1)		
instruction	CODE:9f79	CODE:9f79	LCALL 0x98f4	4	write	INTMEM	1	(register, 0x40, 1)		(unique, 0xb400, 1)
instruction	CODE:9f79	CODE:9f79	LCALL 0x98f4	6	write	INTMEM	1	(register, 0x40, 1)		(unique, 0x1200, 1)
instruction	CODE:9f79	CODE:9f7c	LCALL 0xa81b	4	write	INTMEM	1	(register, 0x40, 1)		(unique, 0xb400, 1)
instruction	CODE:9f79	CODE:9f7c	LCALL 0xa81b	6	write	INTMEM	1	(register, 0x40, 1)		(unique, 0x1200, 1)
instruction	CODE:9f79	CODE:9f7f	LCALL 0x9dbb	4	write	INTMEM	1	(register, 0x40, 1)		(unique, 0xb400, 1)
instruction	CODE:9f79	CODE:9f7f	LCALL 0x9dbb	6	write	INTMEM	1	(register, 0x40, 1)		(unique, 0x1200, 1)
instruction	CODE:9f89	CODE:9f89	LCALL 0x98f4	4	write	INTMEM	1	(register, 0x40, 1)		(unique, 0xb400, 1)
instruction	CODE:9f89	CODE:9f89	LCALL 0x98f4	6	write	INTMEM	1	(register, 0x40, 1)		(unique, 0x1200, 1)
instruction	CODE:9f89	CODE:9f8c	LCALL 0xa827	4	write	INTMEM	1	(register, 0x40, 1)		(unique, 0xb400, 1)
instruction	CODE:9f89	CODE:9f8c	LCALL 0xa827	6	write	INTMEM	1	(register, 0x40, 1)		(unique, 0x1200, 1)
instruction	CODE:9f89	CODE:9f8f	LCALL 0x9dbb	4	write	INTMEM	1	(register, 0x40, 1)		(unique, 0xb400, 1)
instruction	CODE:9f89	CODE:9f8f	LCALL 0x9dbb	6	write	INTMEM	1	(register, 0x40, 1)		(unique, 0x1200, 1)
instruction	CODE:9f99	CODE:9f99	LCALL 0x98f4	4	write	INTMEM	1	(register, 0x40, 1)		(unique, 0xb400, 1)
instruction	CODE:9f99	CODE:9f99	LCALL 0x98f4	6	write	INTMEM	1	(register, 0x40, 1)		(unique, 0x1200, 1)
instruction	CODE:9f99	CODE:9f9c	LCALL 0xa81e	4	write	INTMEM	1	(register, 0x40, 1)		(unique, 0xb400, 1)
instruction	CODE:9f99	CODE:9f9c	LCALL 0xa81e	6	write	INTMEM	1	(register, 0x40, 1)		(unique, 0x1200, 1)
instruction	CODE:9f99	CODE:9f9f	LCALL 0x9dbb	4	write	INTMEM	1	(register, 0x40, 1)		(unique, 0xb400, 1)
instruction	CODE:9f99	CODE:9f9f	LCALL 0x9dbb	6	write	INTMEM	1	(register, 0x40, 1)		(unique, 0x1200, 1)
instruction	CODE:9fa9	CODE:9fab	LCALL 0xa6a8	4	write	INTMEM	1	(register, 0x40, 1)		(unique, 0xb400, 1)
instruction	CODE:9fa9	CODE:9fab	LCALL 0xa6a8	6	write	INTMEM	1	(register, 0x40, 1)		(unique, 0x1200, 1)
instruction	CODE:9fa9	CODE:9fb0	LCALL 0x9a39	4	write	INTMEM	1	(register, 0x40, 1)		(unique, 0xb400, 1)
instruction	CODE:9fa9	CODE:9fb0	LCALL 0x9a39	6	write	INTMEM	1	(register, 0x40, 1)		(unique, 0x1200, 1)
instruction	CODE:9fa9	CODE:9fb5	RET	1	read	INTMEM	1	(register, 0x40, 1)		
instruction	CODE:9fa9	CODE:9fb5	RET	3	read	INTMEM	1	(register, 0x40, 1)		
instruction	CODE:9fa9	CODE:9fb8	RET	1	read	INTMEM	1	(register, 0x40, 1)		
instruction	CODE:9fa9	CODE:9fb8	RET	3	read	INTMEM	1	(register, 0x40, 1)		
instruction	CODE:9fb9	CODE:9fbb	LCALL 0xa6a8	4	write	INTMEM	1	(register, 0x40, 1)		(unique, 0xb400, 1)
instruction	CODE:9fb9	CODE:9fbb	LCALL 0xa6a8	6	write	INTMEM	1	(register, 0x40, 1)		(unique, 0x1200, 1)
instruction	CODE:9fb9	CODE:9fc0	LCALL 0x9a39	4	write	INTMEM	1	(register, 0x40, 1)		(unique, 0xb400, 1)
instruction	CODE:9fb9	CODE:9fc0	LCALL 0x9a39	6	write	INTMEM	1	(register, 0x40, 1)		(unique, 0x1200, 1)
instruction	CODE:9fb9	CODE:9fc5	RET	1	read	INTMEM	1	(register, 0x40, 1)		
instruction	CODE:9fb9	CODE:9fc5	RET	3	read	INTMEM	1	(register, 0x40, 1)		
instruction	CODE:9fb9	CODE:9fc8	RET	1	read	INTMEM	1	(register, 0x40, 1)		
instruction	CODE:9fb9	CODE:9fc8	RET	3	read	INTMEM	1	(register, 0x40, 1)		
instruction	CODE:9fc9	CODE:9fc9	LCALL 0xa7b3	4	write	INTMEM	1	(register, 0x40, 1)		(unique, 0xb400, 1)
instruction	CODE:9fc9	CODE:9fc9	LCALL 0xa7b3	6	write	INTMEM	1	(register, 0x40, 1)		(unique, 0x1200, 1)
instruction	CODE:9fc9	CODE:9fd0	LCALL 0xa73f	4	write	INTMEM	1	(register, 0x40, 1)		(unique, 0xb400, 1)
instruction	CODE:9fc9	CODE:9fd0	LCALL 0xa73f	6	write	INTMEM	1	(register, 0x40, 1)		(unique, 0x1200, 1)
instruction	CODE:9fc9	CODE:9fd5	RET	1	read	INTMEM	1	(register, 0x40, 1)		
instruction	CODE:9fc9	CODE:9fd5	RET	3	read	INTMEM	1	(register, 0x40, 1)		
instruction	CODE:9fc9	CODE:9fd8	RET	1	read	INTMEM	1	(register, 0x40, 1)		
instruction	CODE:9fc9	CODE:9fd8	RET	3	read	INTMEM	1	(register, 0x40, 1)		
instruction	CODE:9fd9	CODE:9fd9	LCALL 0xa7b3	4	write	INTMEM	1	(register, 0x40, 1)		(unique, 0xb400, 1)
instruction	CODE:9fd9	CODE:9fd9	LCALL 0xa7b3	6	write	INTMEM	1	(register, 0x40, 1)		(unique, 0x1200, 1)
instruction	CODE:9fd9	CODE:9fe0	LCALL 0xa73f	4	write	INTMEM	1	(register, 0x40, 1)		(unique, 0xb400, 1)
instruction	CODE:9fd9	CODE:9fe0	LCALL 0xa73f	6	write	INTMEM	1	(register, 0x40, 1)		(unique, 0x1200, 1)
instruction	CODE:9fd9	CODE:9fe5	RET	1	read	INTMEM	1	(register, 0x40, 1)		
instruction	CODE:9fd9	CODE:9fe5	RET	3	read	INTMEM	1	(register, 0x40, 1)		
instruction	CODE:9fd9	CODE:9fe8	RET	1	read	INTMEM	1	(register, 0x40, 1)		
instruction	CODE:9fd9	CODE:9fe8	RET	3	read	INTMEM	1	(register, 0x40, 1)		
instruction	CODE:9fe9	CODE:9feb	MOV A,@R0	0	read	INTMEM	1	(register, 0x0, 1)		
instruction	CODE:9ff8	CODE:9ff8	LCALL 0x50a8	4	write	INTMEM	1	(register, 0x40, 1)		(unique, 0xb400, 1)
instruction	CODE:9ff8	CODE:9ff8	LCALL 0x50a8	6	write	INTMEM	1	(register, 0x40, 1)		(unique, 0x1200, 1)
instruction	CODE:9ff8	CODE:9ffd	MOVX @DPTR,A	2	write	EXTMEM	1	(unique, 0x2800, 2)		(unique, 0x2900, 1)
instruction	CODE:9ff8	CODE:9fff	RET	1	read	INTMEM	1	(register, 0x40, 1)		
instruction	CODE:9ff8	CODE:9fff	RET	3	read	INTMEM	1	(register, 0x40, 1)		
instruction	CODE:a000	CODE:a00c	RET	1	read	INTMEM	1	(register, 0x40, 1)		
instruction	CODE:a000	CODE:a00c	RET	3	read	INTMEM	1	(register, 0x40, 1)		
instruction	CODE:a000	CODE:a00e	RET	1	read	INTMEM	1	(register, 0x40, 1)		
instruction	CODE:a000	CODE:a00e	RET	3	read	INTMEM	1	(register, 0x40, 1)		
instruction	CODE:a00f	CODE:a011	MOV A,@R0	0	read	INTMEM	1	(register, 0x0, 1)		
instruction	CODE:a00f	CODE:a01b	MOVX A,@DPTR	1	read	EXTMEM	1	(unique, 0x2800, 2)		
instruction	CODE:a00f	CODE:a01d	RET	1	read	INTMEM	1	(register, 0x40, 1)		
instruction	CODE:a00f	CODE:a01d	RET	3	read	INTMEM	1	(register, 0x40, 1)		
instruction	CODE:a01e	CODE:a020	MOV A,@R0	0	read	INTMEM	1	(register, 0x0, 1)		
instruction	CODE:a02d	CODE:a02f	MOV A,@R0	0	read	INTMEM	1	(register, 0x0, 1)		
instruction	CODE:a03c	CODE:a03e	MOV A,@R0	0	read	INTMEM	1	(register, 0x0, 1)		
instruction	CODE:a04b	CODE:a04d	MOV A,@R0	0	read	INTMEM	1	(register, 0x0, 1)		
instruction	CODE:a05a	CODE:a05c	MOV A,@R0	0	read	INTMEM	1	(register, 0x0, 1)		
instruction	CODE:a069	CODE:a06d	MOVC A,@A+DPTR	2	read	CODE	1	(unique, 0x2400, 2)		
instruction	CODE:a069	CODE:a071	LCALL 0x25d4	4	write	INTMEM	1	(register, 0x40, 1)		(unique, 0xb400, 1)
instruction	CODE:a069	CODE:a071	LCALL 0x25d4	6	write	INTMEM	1	(register, 0x40, 1)		(unique, 0x1200, 1)
instruction	CODE:a077	CODE:a077	LCALL 0x440b	4	write	INTMEM	1	(register, 0x40, 1)		(unique, 0xb400, 1)
instruction	CODE:a077	CODE:a077	LCALL 0x440b	6	write	INTMEM	1	(register, 0x40, 1)		(unique, 0x1200, 1)
instruction	CODE:a077	CODE:a084	RET	1	read	INTMEM	1	(register, 0x40, 1)		
instruction	CODE:a077	CODE:a084	RET	3	read	INTMEM	1	(register, 0x40, 1)		
instruction	CODE:a085	CODE:a085	LCALL 0x440b	4	write	INTMEM	1	(register, 0x40, 1)		(unique, 0xb400, 1)
instruction	CODE:a085	CODE:a085	LCALL 0x440b	6	write	INTMEM	1	(register, 0x40, 1)		(unique, 0x1200, 1)
instruction	CODE:a085	CODE:a092	RET	1	read	INTMEM	1	(register, 0x40, 1)		
instruction	CODE:a085	CODE:a092	RET	3	read	INTMEM	1	(register, 0x40, 1)		
instruction	CODE:a093	CODE:a093	LCALL 0x440b	4	write	INTMEM	1	(register, 0x40, 1)		(unique, 0xb400, 1)
instruction	CODE:a093	CODE:a093	LCALL 0x440b	6	write	INTMEM	1	(register, 0x40, 1)		(unique, 0x1200, 1)
instruction	CODE:a093	CODE:a0a0	RET	1	read	INTMEM	1	(register, 0x40, 1)		
instruction	CODE:a093	CODE:a0a0	RET	3	read	INTMEM	1	(register, 0x40, 1)		
instruction	CODE:a0a1	CODE:a0ab	LCALL 0x83f7	4	write	INTMEM	1	(register, 0x40, 1)		(unique, 0xb400, 1)
instruction	CODE:a0a1	CODE:a0ab	LCALL 0x83f7	6	write	INTMEM	1	(register, 0x40, 1)		(unique, 0x1200, 1)
instruction	CODE:a0a1	CODE:a0ae	RET	1	read	INTMEM	1	(register, 0x40, 1)		
instruction	CODE:a0a1	CODE:a0ae	RET	3	read	INTMEM	1	(register, 0x40, 1)		
instruction	CODE:a0af	CODE:a0b9	LCALL 0x83f7	4	write	INTMEM	1	(register, 0x40, 1)		(unique, 0xb400, 1)
instruction	CODE:a0af	CODE:a0b9	LCALL 0x83f7	6	write	INTMEM	1	(register, 0x40, 1)		(unique, 0x1200, 1)
instruction	CODE:a0af	CODE:a0bc	RET	1	read	INTMEM	1	(register, 0x40, 1)		
instruction	CODE:a0af	CODE:a0bc	RET	3	read	INTMEM	1	(register, 0x40, 1)		
instruction	CODE:a0bd	CODE:a0c0	MOVX A,@DPTR	1	read	EXTMEM	1	(unique, 0x2800, 2)		
instruction	CODE:a0bd	CODE:a0c3	MOVX A,@DPTR	1	read	EXTMEM	1	(unique, 0x2800, 2)		
instruction	CODE:a0bd	CODE:a0c9	MOVX @DPTR,A	2	write	EXTMEM	1	(unique, 0x2800, 2)		(unique, 0x2900, 1)
instruction	CODE:a0bd	CODE:a0ca	RET	1	read	INTMEM	1	(register, 0x40, 1)		
instruction	CODE:a0bd	CODE:a0ca	RET	3	read	INTMEM	1	(register, 0x40, 1)		
instruction	CODE:a0cb	CODE:a0cf	LCALL 0x83ef	4	write	INTMEM	1	(register, 0x40, 1)		(unique, 0xb400, 1)
instruction	CODE:a0cb	CODE:a0cf	LCALL 0x83ef	6	write	INTMEM	1	(register, 0x40, 1)		(unique, 0x1200, 1)
instruction	CODE:a0d9	CODE:a0e0	LCALL 0x83ef	4	write	INTMEM	1	(register, 0x40, 1)		(unique, 0xb400, 1)
instruction	CODE:a0d9	CODE:a0e0	LCALL 0x83ef	6	write	INTMEM	1	(register, 0x40, 1)		(unique, 0x1200, 1)
instruction	CODE:a0e7	CODE:a0eb	LCALL 0x9eb9	4	write	INTMEM	1	(register, 0x40, 1)		(unique, 0xb400, 1)
instruction	CODE:a0e7	CODE:a0eb	LCALL 0x9eb9	6	write	INTMEM	1	(register, 0x40, 1)		(unique, 0x1200, 1)
instruction	CODE:a0e7	CODE:a0f4	RET	1	read	INTMEM	1	(register, 0x40, 1)		
instruction	CODE:a0e7	CODE:a0f4	RET	3	read	INTMEM	1	(register, 0x40, 1)		
instruction	CODE:a0f5	CODE:a0f7	MOV @R0,#0x4	1	write	INTMEM	1	(register, 0x0, 1)		(unique, 0x2a00, 1)
instruction	CODE:a0f5	CODE:a0fb	MOV @R0,#0x1	1	write	INTMEM	1	(register, 0x0, 1)		(unique, 0x2a00, 1)
instruction	CODE:a0f5	CODE:a0fd	LCALL 0x7eb6	4	write	INTMEM	1	(register, 0x40, 1)		(unique, 0xb400, 1)
instruction	CODE:a0f5	CODE:a0fd	LCALL 0x7eb6	6	write	INTMEM	1	(register, 0x40, 1)		(unique, 0x1200, 1)
instruction	CODE:a103	CODE:a107	LCALL 0x9eb9	4	write	INTMEM	1	(register, 0x40, 1)		(unique, 0xb400, 1)
instruction	CODE:a103	CODE:a107	LCALL 0x9eb9	6	write	INTMEM	1	(register, 0x40, 1)		(unique, 0x1200, 1)
instruction	CODE:a103	CODE:a110	RET	1	read	INTMEM	1	(register, 0x40, 1)		
instruction	CODE:a103	CODE:a110	RET	3	read	INTMEM	1	(register, 0x40, 1)		
instruction	CODE:a111	CODE:a113	LCALL 0xa607	4	write	INTMEM	1	(register, 0x40, 1)		(unique, 0xb400, 1)
instruction	CODE:a111	CODE:a113	LCALL 0xa607	6	write	INTMEM	1	(register, 0x40, 1)		(unique, 0x1200, 1)
instruction	CODE:a111	CODE:a11b	LCALL 0x4000	4	write	INTMEM	1	(register, 0x40, 1)		(unique, 0xb400, 1)
instruction	CODE:a111	CODE:a11b	LCALL 0x4000	6	write	INTMEM	1	(register, 0x40, 1)		(unique, 0x1200, 1)
instruction	CODE:a111	CODE:a11e	RET	1	read	INTMEM	1	(register, 0x40, 1)		
instruction	CODE:a111	CODE:a11e	RET	3	read	INTMEM	1	(register, 0x40, 1)		
instruction	CODE:a11f	CODE:a11f	LCALL 0xa077	4	write	INTMEM	1	(register, 0x40, 1)		(unique, 0xb400, 1)
instruction	CODE:a11f	CODE:a11f	LCALL 0xa077	6	write	INTMEM	1	(register, 0x40, 1)		(unique, 0x1200, 1)
instruction	CODE:a11f	CODE:a122	LCALL 0xa934	4	write	INTMEM	1	(register, 0x40, 1)		(unique, 0xb400, 1)
instruction	CODE:a11f	CODE:a122	LCALL 0xa934	6	write	INTMEM	1	(register, 0x40, 1)		(unique, 0x1200, 1)
instruction	CODE:a11f	CODE:a129	RET	1	read	INTMEM	1	(register, 0x40, 1)		
instruction	CODE:a11f	CODE:a129	RET	3	read	INTMEM	1	(register, 0x40, 1)		
instruction	CODE:a11f	CODE:a12b	RET	1	read	INTMEM	1	(register, 0x40, 1)		
instruction	CODE:a11f	CODE:a12b	RET	3	read	INTMEM	1	(register, 0x40, 1)		
instruction	CODE:a12c	CODE:a12c	LCALL 0x9d73	4	write	INTMEM	1	(register, 0x40, 1)		(unique, 0xb400, 1)
instruction	CODE:a12c	CODE:a12c	LCALL 0x9d73	6	write	INTMEM	1	(register, 0x40, 1)		(unique, 0x1200, 1)
instruction	CODE:a12c	CODE:a132	LCALL 0xaac4	4	write	INTMEM	1	(register, 0x40, 1)		(unique, 0xb400, 1)
instruction	CODE:a12c	CODE:a132	LCALL 0xaac4	6	write	INTMEM	1	(register, 0x40, 1)		(unique, 0x1200, 1)
instruction	CODE:a12c	CODE:a138	RET	1	read	INTMEM	1	(register, 0x40, 1)		
instruction	CODE:a12c	CODE:a138	RET	3	read	INTMEM	1	(register, 0x40, 1)		
instruction	CODE:a139	CODE:a13d	MOVC A,@A+DPTR	2	read	CODE	1	(unique, 0x2400, 2)		
instruction	CODE:a139	CODE:a140	ANL A,@R0	0	read	INTMEM	1	(register, 0x0, 1)		
instruction	CODE:a139	CODE:a145	RET	1	read	INTMEM	1	(register, 0x40, 1)		
instruction	CODE:a139	CODE:a145	RET	3	read	INTMEM	1	(register, 0x40, 1)		
instruction	CODE:a146	CODE:a146	LCALL 0x33d6	4	write	INTMEM	1	(register, 0x40, 1)		(unique, 0xb400, 1)
instruction	CODE:a146	CODE:a146	LCALL 0x33d6	6	write	INTMEM	1	(register, 0x40, 1)		(unique, 0x1200, 1)
instruction	CODE:a146	CODE:a14c	LCALL 0xa94d	4	write	INTMEM	1	(register, 0x40, 1)		(unique, 0xb400, 1)
instruction	CODE:a146	CODE:a14c	LCALL 0xa94d	6	write	INTMEM	1	(register, 0x40, 1)		(unique, 0x1200, 1)
instruction	CODE:a146	CODE:a152	RET	1	read	INTMEM	1	(register, 0x40, 1)		
instruction	CODE:a146	CODE:a152	RET	3	read	INTMEM	1	(register, 0x40, 1)		
instruction	CODE:a153	CODE:a153	LCALL 0xa739	4	write	INTMEM	1	(register, 0x40, 1)		(unique, 0xb400, 1)
instruction	CODE:a153	CODE:a153	LCALL 0xa739	6	write	INTMEM	1	(register, 0x40, 1)		(unique, 0x1200, 1)
instruction	CODE:a153	CODE:a15d	RET	1	read	INTMEM	1	(register, 0x40, 1)		
instruction	CODE:a153	CODE:a15d	RET	3	read	INTMEM	1	(register, 0x40, 1)		
instruction	CODE:a153	CODE:a15f	RET	1	read	INTMEM	1	(register, 0x40, 1)		
instruction	CODE:a153	CODE:a15f	RET	3	read	INTMEM	1	(register, 0x40, 1)		
instruction	CODE:a160	CODE:a160	LCALL 0xa1ff	4	write	INTMEM	1	(register, 0x40, 1)		(unique, 0xb400, 1)
instruction	CODE:a160	CODE:a160	LCALL 0xa1ff	6	write	INTMEM	1	(register, 0x40, 1)		(unique, 0x1200, 1)
instruction	CODE:a160	CODE:a163	LCALL 0x33d6	4	write	INTMEM	1	(register, 0x40, 1)		(unique, 0xb400, 1)
instruction	CODE:a160	CODE:a163	LCALL 0x33d6	6	write	INTMEM	1	(register, 0x40, 1)		(unique, 0x1200, 1)
instruction	CODE:a16d	CODE:a16d	LCALL 0x83d4	4	write	INTMEM	1	(register, 0x40, 1)		(unique, 0xb400, 1)
instruction	CODE:a16d	CODE:a16d	LCALL 0x83d4	6	write	INTMEM	1	(register, 0x40, 1)		(unique, 0x1200, 1)
instruction	CODE:a16d	CODE:a176	MOVX A,@DPTR	1	read	EXTMEM	1	(unique, 0x2800, 2)		
instruction	CODE:a16d	CODE:a178	MOVX @DPTR,A	2	write	EXTMEM	1	(unique, 0x2800, 2)		(unique, 0x2900, 1)
instruction	CODE:a16d	CODE:a179	RET	1	read	INTMEM	1	(register, 0x40, 1)		
instruction	CODE:a16d	CODE:a179	RET	3	read	INTMEM	1	(register, 0x40, 1)		
instruction	CODE:a17a	CODE:a17c	MOV A,@R0	0	read	INTMEM	1	(register, 0x0, 1)		
instruction	CODE:a17a	CODE:a183	LCALL 0x7def	4	write	INTMEM	1	(register, 0x40, 1)		(unique, 0xb400, 1)
instruction	CODE:a17a	CODE:a183	LCALL 0x7def	6	write	INTMEM	1	(register, 0x40, 1)		(unique, 0x1200, 1)
instruction	CODE:a17a	CODE:a186	RET	1	read	INTMEM	1	(register, 0x40, 1)		
instruction	CODE:a17a	CODE:a186	RET	3	read	INTMEM	1	(register, 0x40, 1)		
instruction	CODE:a187	CODE:a189	LCALL 0x9e79	4	write	INTMEM	1	(register, 0x40, 1)		(unique, 0xb400, 1)
instruction	CODE:a187	CODE:a189	LCALL 0x9e79	6	write	INTMEM	1	(register, 0x40, 1)		(unique, 0x1200, 1)
instruction	CODE:a187	CODE:a192	RET	1	read	INTMEM	1	(register, 0x40, 1)		
instruction	CODE:a187	CODE:a192	RET	3	read	INTMEM	1	(register, 0x40, 1)		
instruction	CODE:a193	CODE:a195	MOV @R0,0x07	1	write	INTMEM	1	(register, 0x0, 1)		(unique, 0x2a00, 1)
instruction	CODE:a193	CODE:a197	LCALL 0x9645	4	write	INTMEM	1	(register, 0x40, 1)		(unique, 0xb400, 1)
instruction	CODE:a193	CODE:a197	LCALL 0x9645	6	write	INTMEM	1	(register, 0x40, 1)		(unique, 0x1200, 1)
instruction	CODE:a19f	CODE:a1a1	MOV A,@R0	0	read	INTMEM	1	(register, 0x0, 1)		
instruction	CODE:a19f	CODE:a1a3	LCALL 0x7d25	4	write	INTMEM	1	(register, 0x40, 1)		(unique, 0xb400, 1)
instruction	CODE:a19f	CODE:a1a3	LCALL 0x7d25	6	write	INTMEM	1	(register, 0x40, 1)		(unique, 0x1200, 1)
instruction	CODE:a1ab	CODE:a1ad	MOV A,@R0	0	read	INTMEM	1	(register, 0x0, 1)		
instruction	CODE:a1ab	CODE:a1b3	RET	1	read	INTMEM	1	(register, 0x40, 1)		
instruction	CODE:a1ab	CODE:a1b3	RET	3	read	INTMEM	1	(register, 0x40, 1)		
instruction	CODE:a1ab	CODE:a1b6	RET	1	read	INTMEM	1	(register, 0x40, 1)		
instruction	CODE:a1ab	CODE:a1b6	RET	3	read	INTMEM	1	(register, 0x40, 1)		
instruction	CODE:a1b7	CODE:a1b9	MOV A,@R0	0	read	INTMEM	1	(register, 0x0, 1)		
instruction	CODE:a1b7	CODE:a1bf	RET	1	read	INTMEM	1	(register, 0x40, 1)		
instruction	CODE:a1b7	CODE:a1bf	RET	3	read	INTMEM	1	(register, 0x40, 1)		
instruction	CODE:a1b7	CODE:a1c2	RET	1	read	INTMEM	1	(register, 0x40, 1)		
instruction	CODE:a1b7	CODE:a1c2	RET	3	read	INTMEM	1	(register, 0x40, 1)		
instruction	CODE:a1c3	CODE:a1c3	LCALL 0x1f4c	4	write	INTMEM	1	(register, 0x40, 1)		(unique, 0xb400, 1)
instruction	CODE:a1c3	CODE:a1c3	LCALL 0x1f4c	6	write	INTMEM	1	(register, 0x40, 1)		(unique, 0x1200, 1)
instruction	CODE:a1c3	CODE:a1cc	MOV @R0,0x07	1	write	INTMEM	1	(register, 0x0, 1)		(unique, 0x2a00, 1)
instruction	CODE:a1c3	CODE:a1ce	RET	1	read	INTMEM	1	(register, 0x40, 1)		
instruction	CODE:a1c3	CODE:a1ce	RET	3	read	INTMEM	1	(register, 0x40, 1)		
instruction	CODE:a1cf	CODE:a1d1	LCALL 0x6c35	4	write	INTMEM	1	(register, 0x40, 1)		(unique, 0xb400, 1)
instruction	CODE:a1cf	CODE:a1d1	LCALL 0x6c35	6	write	INTMEM	1	(register, 0x40, 1)		(unique, 0x1200, 1)
instruction	CODE:a1db	CODE:a1e6	RET	1	read	INTMEM	1	(register, 0x40, 1)		
instruction	CODE:a1db	CODE:a1e6	RET	3	read	INTMEM	1	(register, 0x40, 1)		
instruction	CODE:a1e7	CODE:a1e7	LCALL 0x9f49	4	write	INTMEM	1	(register, 0x40, 1)		(unique, 0xb400, 1)
instruction	CODE:a1e7	CODE:a1e7	LCALL 0x9f49	6	write	INTMEM	1	(register, 0x40, 1)		(unique, 0x1200, 1)
instruction	CODE:a1e7	CODE:a1ea	LCALL 0xa721	4	write	INTMEM	1	(register, 0x40, 1)		(unique, 0xb400, 1)
instruction	CODE:a1e7	CODE:a1ea	LCALL 0xa721	6	write	INTMEM	1	(register, 0x40, 1)		(unique, 0x1200, 1)
instruction	CODE:a1e7	CODE:a1ed	LCALL 0x3464	4	write	INTMEM	1	(register, 0x40, 1)		(unique, 0xb400, 1)
instruction	CODE:a1e7	CODE:a1ed	LCALL 0x3464	6	write	INTMEM	1	(register, 0x40, 1)		(unique, 0x1200, 1)
instruction	CODE:a1e7	CODE:a1f1	MOVX @DPTR,A	2	write	EXTMEM	1	(unique, 0x2800, 2)		(unique, 0x2900, 1)
instruction	CODE:a1e7	CODE:a1f2	RET	1	read	INTMEM	1	(register, 0x40, 1)		
instruction	CODE:a1e7	CODE:a1f2	RET	3	read	INTMEM	1	(register, 0x40, 1)		
instruction	CODE:a1f3	CODE:a1f5	MOV A,@R0	0	read	INTMEM	1	(register, 0x0, 1)		
instruction	CODE:a1f3	CODE:a1f6	LCALL 0x342d	4	write	INTMEM	1	(register, 0x40, 1)		(unique, 0xb400, 1)
instruction	CODE:a1f3	CODE:a1f6	LCALL 0x342d	6	write	INTMEM	1	(register, 0x40, 1)		(unique, 0x1200, 1)
instruction	CODE:a1f3	CODE:a1f9	MOVX A,@DPTR	1	read	EXTMEM	1	(unique, 0x2800, 2)		
instruction	CODE:a1f3	CODE:a1fe	RET	1	read	INTMEM	1	(register, 0x40, 1)		
instruction	CODE:a1f3	CODE:a1fe	RET	3	read	INTMEM	1	(register, 0x40, 1)		
instruction	CODE:a1ff	CODE:a201	LCALL 0xa340	4	write	INTMEM	1	(register, 0x40, 1)		(unique, 0xb400, 1)
instruction	CODE:a1ff	CODE:a201	LCALL 0xa340	6	write	INTMEM	1	(register, 0x40, 1)		(unique, 0x1200, 1)
instruction	CODE:a1ff	CODE:a20a	RET	1	read	INTMEM	1	(register, 0x40, 1)		
instruction	CODE:a1ff	CODE:a20a	RET	3	read	INTMEM	1	(register, 0x40, 1)		
instruction	CODE:a20b	CODE:a20b	LCALL 0x76d6	4	write	INTMEM	1	(register, 0x40, 1)		(unique, 0xb400, 1)
instruction	CODE:a20b	CODE:a20b	LCALL 0x76d6	6	write	INTMEM	1	(register, 0x40, 1)		(unique, 0x1200, 1)
instruction	CODE:a20b	CODE:a211	MOVC A,@A+DPTR	2	read	CODE	1	(unique, 0x2400, 2)		
instruction	CODE:a20b	CODE:a216	RET	1	read	INTMEM	1	(register, 0x40, 1)		
instruction	CODE:a20b	CODE:a216	RET	3	read	INTMEM	1	(register, 0x40, 1)		
instruction	CODE:a217	CODE:a21a	MOVX A,@DPTR	1	read	EXTMEM	1	(unique, 0x2800, 2)		
instruction	CODE:a217	CODE:a21d	LCALL 0x83c7	4	write	INTMEM	1	(register, 0x40, 1)		(unique, 0xb400, 1)
instruction	CODE:a217	CODE:a21d	LCALL 0x83c7	6	write	INTMEM	1	(register, 0x40, 1)		(unique, 0x1200, 1)
instruction	CODE:a223	CODE:a226	MOVX A,@DPTR	1	read	EXTMEM	1	(unique, 0x2800, 2)		
instruction	CODE:a223	CODE:a229	LCALL 0x83c7	4	write	INTMEM	1	(register, 0x40, 1)		(unique, 0xb400, 1)
instruction	CODE:a223	CODE:a229	LCALL 0x83c7	6	write	INTMEM	1	(register, 0x40, 1)		(unique, 0x1200, 1)
instruction	CODE:a22f	CODE:a22f	LCALL 0x83d4	4	write	INTMEM	1	(register, 0x40, 1)		(unique, 0xb400, 1)
instruction	CODE:a22f	CODE:a22f	LCALL 0x83d4	6	write	INTMEM	1	(register, 0x40, 1)		(unique, 0x1200, 1)
instruction	CODE:a22f	CODE:a237	MOVX A,@DPTR	1	read	EXTMEM	1	(unique, 0x2800, 2)		
instruction	CODE:a22f	CODE:a239	MOVX @DPTR,A	2	write	EXTMEM	1	(unique, 0x2800, 2)		(unique, 0x2900, 1)
instruction	CODE:a22f	CODE:a23a	RET	1	read	INTMEM	1	(register, 0x40, 1)		
instruction	CODE:a22f	CODE:a23a	RET	3	read	INTMEM	1	(register, 0x40, 1)		
instruction	CODE:a23b	CODE:a23e	MOVX A,@DPTR	1	read	EXTMEM	1	(unique, 0x2800, 2)		
instruction	CODE:a23b	CODE:a241	LCALL 0x83c7	4	write	INTMEM	1	(register, 0x40, 1)		(unique, 0xb400, 1)
instruction	CODE:a23b	CODE:a241	LCALL 0x83c7	6	write	INTMEM	1	(register, 0x40, 1)		(unique, 0x1200, 1)
instruction	CODE:a247	CODE:a24a	MOVX A,@DPTR	1	read	EXTMEM	1	(unique, 0x2800, 2)		
instruction	CODE:a247	CODE:a24d	LCALL 0x83c7	4	write	INTMEM	1	(register, 0x40, 1)		(unique, 0xb400, 1)
instruction	CODE:a247	CODE:a24d	LCALL 0x83c7	6	write	INTMEM	1	(register, 0x40, 1)		(unique, 0x1200, 1)
instruction	CODE:a253	CODE:a253	LCALL 0x107e	4	write	INTMEM	1	(register, 0x40, 1)		(unique, 0xb400, 1)
instruction	CODE:a253	CODE:a253	LCALL 0x107e	6	write	INTMEM	1	(register, 0x40, 1)		(unique, 0x1200, 1)
instruction	CODE:a253	CODE:a25a	MOVX @DPTR,A	2	write	EXTMEM	1	(unique, 0x2800, 2)		(unique, 0x2900, 1)
instruction	CODE:a253	CODE:a25d	MOVX @DPTR,A	2	write	EXTMEM	1	(unique, 0x2800, 2)		(unique, 0x2900, 1)
instruction	CODE:a253	CODE:a25e	RET	1	read	INTMEM	1	(register, 0x40, 1)		
instruction	CODE:a253	CODE:a25e	RET	3	read	INTMEM	1	(register, 0x40, 1)		
instruction	CODE:a25f	CODE:a261	LCALL 0xa60e	4	write	INTMEM	1	(register, 0x40, 1)		(unique, 0xb400, 1)
instruction	CODE:a25f	CODE:a261	LCALL 0xa60e	6	write	INTMEM	1	(register, 0x40, 1)		(unique, 0x1200, 1)
instruction	CODE:a25f	CODE:a26a	RET	1	read	INTMEM	1	(register, 0x40, 1)		
instruction	CODE:a25f	CODE:a26a	RET	3	read	INTMEM	1	(register, 0x40, 1)		
instruction	CODE:a26b	CODE:a26b	LCALL 0x9ef9	4	write	INTMEM	1	(register, 0x40, 1)		(unique, 0xb400, 1)
instruction	CODE:a26b	CODE:a26b	LCALL 0x9ef9	6	write	INTMEM	1	(register, 0x40, 1)		(unique, 0x1200, 1)
instruction	CODE:a26b	CODE:a272	MOVX @DPTR,A	2	write	EXTMEM	1	(unique, 0x2800, 2)		(unique, 0x2900, 1)
instruction	CODE:a26b	CODE:a275	MOVX @DPTR,A	2	write	EXTMEM	1	(unique, 0x2800, 2)		(unique, 0x2900, 1)
instruction	CODE:a26b	CODE:a276	RET	1	read	INTMEM	1	(register, 0x40, 1)		
instruction	CODE:a26b	CODE:a276	RET	3	read	INTMEM	1	(register, 0x40, 1)		
instruction	CODE:a277	CODE:a279	LCALL 0xa69a	4	write	INTMEM	1	(register, 0x40, 1)		(unique, 0xb400, 1)
instruction	CODE:a277	CODE:a279	LCALL 0xa69a	6	write	INTMEM	1	(register, 0x40, 1)		(unique, 0x1200, 1)
instruction	CODE:a277	CODE:a282	RET	1	read	INTMEM	1	(register, 0x40, 1)		
instruction	CODE:a277	CODE:a282	RET	3	read	INTMEM	1	(register, 0x40, 1)		
instruction	CODE:a283	CODE:a285	LCALL 0x974d	4	write	INTMEM	1	(register, 0x40, 1)		(unique, 0xb400, 1)
instruction	CODE:a283	CODE:a285	LCALL 0x974d	6	write	INTMEM	1	(register, 0x40, 1)		(unique, 0x1200, 1)
instruction	CODE:a283	CODE:a288	LCALL 0xaa99	4	write	INTMEM	1	(register, 0x40, 1)		(unique, 0xb400, 1)
instruction	CODE:a283	CODE:a288	LCALL 0xaa99	6	write	INTMEM	1	(register, 0x40, 1)		(unique, 0x1200, 1)
instruction	CODE:a283	CODE:a28e	RET	1	read	INTMEM	1	(register, 0x40, 1)		
instruction	CODE:a283	CODE:a28e	RET	3	read	INTMEM	1	(register, 0x40, 1)		
instruction	CODE:a28f	CODE:a28f	LCALL 0xa153	4	write	INTMEM	1	(register, 0x40, 1)		(unique, 0xb400, 1)
instruction	CODE:a28f	CODE:a28f	LCALL 0xa153	6	write	INTMEM	1	(register, 0x40, 1)		(unique, 0x1200, 1)
instruction	CODE:a28f	CODE:a297	LCALL 0x9a7b	4	write	INTMEM	1	(register, 0x40, 1)		(unique, 0xb400, 1)
instruction	CODE:a28f	CODE:a297	LCALL 0x9a7b	6	write	INTMEM	1	(register, 0x40, 1)		(unique, 0x1200, 1)
instruction	CODE:a28f	CODE:a29a	RET	1	read	INTMEM	1	(register, 0x40, 1)		
instruction	CODE:a28f	CODE:a29a	RET	3	read	INTMEM	1	(register, 0x40, 1)		
instruction	CODE:a29b	CODE:a29d	MOV A,@R0	0	read	INTMEM	1	(register, 0x0, 1)		
instruction	CODE:a2a7	CODE:a2a9	LCALL 0xa6a8	4	write	INTMEM	1	(register, 0x40, 1)		(unique, 0xb400, 1)
instruction	CODE:a2a7	CODE:a2a9	LCALL 0xa6a8	6	write	INTMEM	1	(register, 0x40, 1)		(unique, 0x1200, 1)
instruction	CODE:a2a7	CODE:a2b2	RET	1	read	INTMEM	1	(register, 0x40, 1)		
instruction	CODE:a2a7	CODE:a2b2	RET	3	read	INTMEM	1	(register, 0x40, 1)		
instruction	CODE:a2b3	CODE:a2b5	LCALL 0xa607	4	write	INTMEM	1	(register, 0x40, 1)		(unique, 0xb400, 1)
instruction	CODE:a2b3	CODE:a2b5	LCALL 0xa607	6	write	INTMEM	1	(register, 0x40, 1)		(unique, 0x1200, 1)
instruction	CODE:a2b3	CODE:a2be	RET	1	read	INTMEM	1	(register, 0x40, 1)		
instruction	CODE:a2b3	CODE:a2be	RET	3	read	INTMEM	1	(register, 0x40, 1)		
instruction	CODE:a2bf	CODE:a2c1	LCALL 0xa60e	4	write	INTMEM	1	(register, 0x40, 1)		(unique, 0xb400, 1)
instruction	CODE:a2bf	CODE:a2c1	LCALL 0xa60e	6	write	INTMEM	1	(register, 0x40, 1)		(unique, 0x1200, 1)
instruction	CODE:a2bf	CODE:a2ca	RET	1	read	INTMEM	1	(register, 0x40, 1)		
instruction	CODE:a2bf	CODE:a2ca	RET	3	read	INTMEM	1	(register, 0x40, 1)		
instruction	CODE:a2cb	CODE:a2cd	LCALL 0xa607	4	write	INTMEM	1	(register, 0x40, 1)		(unique, 0xb400, 1)
instruction	CODE:a2cb	CODE:a2cd	LCALL 0xa607	6	write	INTMEM	1	(register, 0x40, 1)		(unique, 0x1200, 1)
instruction	CODE:a2cb	CODE:a2d6	RET	1	read	INTMEM	1	(register, 0x40, 1)		
instruction	CODE:a2cb	CODE:a2d6	RET	3	read	INTMEM	1	(register, 0x40, 1)		
instruction	CODE:a2d7	CODE:a2d9	LCALL 0xa6a8	4	write	INTMEM	1	(register, 0x40, 1)		(unique, 0xb400, 1)
instruction	CODE:a2d7	CODE:a2d9	LCALL 0xa6a8	6	write	INTMEM	1	(register, 0x40, 1)		(unique, 0x1200, 1)
instruction	CODE:a2d7	CODE:a2e2	RET	1	read	INTMEM	1	(register, 0x40, 1)		
instruction	CODE:a2d7	CODE:a2e2	RET	3	read	INTMEM	1	(register, 0x40, 1)		
instruction	CODE:a2e3	CODE:a2e5	LCALL 0xa607	4	write	INTMEM	1	(register, 0x40, 1)		(unique, 0xb400, 1)
instruction	CODE:a2e3	CODE:a2e5	LCALL 0xa607	6	write	INTMEM	1	(register, 0x40, 1)		(unique, 0x1200, 1)
instruction	CODE:a2e3	CODE:a2ee	RET	1	read	INTMEM	1	(register, 0x40, 1)		
instruction	CODE:a2e3	CODE:a2ee	RET	3	read	INTMEM	1	(register, 0x40, 1)		
instruction	CODE:a2ef	CODE:a2f1	LCALL 0xa607	4	write	INTMEM	1	(register, 0x40, 1)		(unique, 0xb400, 1)
instruction	CODE:a2ef	CODE:a2f1	LCALL 0xa607	6	write	INTMEM	1	(register, 0x40, 1)		(unique, 0x1200, 1)
instruction	CODE:a2ef	CODE:a2fa	RET	1	read	INTMEM	1	(register, 0x40, 1)		
instruction	CODE:a2ef	CODE:a2fa	RET	3	read	INTMEM	1	(register, 0x40, 1)		
instruction	CODE:a2fb	CODE:a2fd	LCALL 0xa6a8	4	write	INTMEM	1	(register, 0x40, 1)		(unique, 0xb400, 1)
instruction	CODE:a2fb	CODE:a2fd	LCALL 0xa6a8	6	write	INTMEM	1	(register, 0x40, 1)		(unique, 0x1200, 1)
instruction	CODE:a2fb	CODE:a306	RET	1	read	INTMEM	1	(register, 0x40, 1)		
instruction	CODE:a2fb	CODE:a306	RET	3	read	INTMEM	1	(register, 0x40, 1)		
instruction	CODE:a307	CODE:a309	LCALL 0xa6a8	4	write	INTMEM	1	(register, 0x40, 1)		(unique, 0xb400, 1)
instruction	CODE:a307	CODE:a309	LCALL 0xa6a8	6	write	INTMEM	1	(register, 0x40, 1)		(unique, 0x1200, 1)
instruction	CODE:a307	CODE:a312	RET	1	read	INTMEM	1	(register, 0x40, 1)		
instruction	CODE:a307	CODE:a312	RET	3	read	INTMEM	1	(register, 0x40, 1)		
instruction	CODE:a313	CODE:a313	LCALL 0xa53c	4	write	INTMEM	1	(register, 0x40, 1)		(unique, 0xb400, 1)
instruction	CODE:a313	CODE:a313	LCALL 0xa53c	6	write	INTMEM	1	(register, 0x40, 1)		(unique, 0x1200, 1)
instruction	CODE:a313	CODE:a31b	LCALL 0x58e1	4	write	INTMEM	1	(register, 0x40, 1)		(unique, 0xb400, 1)
instruction	CODE:a313	CODE:a31b	LCALL 0x58e1	6	write	INTMEM	1	(register, 0x40, 1)		(unique, 0x1200, 1)
instruction	CODE:a313	CODE:a31e	RET	1	read	INTMEM	1	(register, 0x40, 1)		
instruction	CODE:a313	CODE:a31e	RET	3	read	INTMEM	1	(register, 0x40, 1)		
instruction	CODE:a31f	CODE:a321	LCALL 0x9e69	4	write	INTMEM	1	(register, 0x40, 1)		(unique, 0xb400, 1)
instruction	CODE:a31f	CODE:a321	LCALL 0x9e69	6	write	INTMEM	1	(register, 0x40, 1)		(unique, 0x1200, 1)
instruction	CODE:a31f	CODE:a326	RET	1	read	INTMEM	1	(register, 0x40, 1)		
instruction	CODE:a31f	CODE:a326	RET	3	read	INTMEM	1	(register, 0x40, 1)		
instruction	CODE:a31f	CODE:a329	RET	1	read	INTMEM	1	(register, 0x40, 1)		
instruction	CODE:a31f	CODE:a329	RET	3	read	INTMEM	1	(register, 0x40, 1)		
instruction	CODE:a32a	CODE:a32c	MOV @R0,#0x9	1	write	INTMEM	1	(register, 0x0, 1)		(unique, 0x2a00, 1)
instruction	CODE:a32a	CODE:a330	MOV @R0,0x07	1	write	INTMEM	1	(register, 0x0, 1)		(unique, 0x2a00, 1)
instruction	CODE:a335	CODE:a335	LCALL 0x43ee	4	write	INTMEM	1	(register, 0x40, 1)		(unique, 0xb400, 1)
instruction	CODE:a335	CODE:a335	LCALL 0x43ee	6	write	INTMEM	1	(register, 0x40, 1)		(unique, 0x1200, 1)
instruction	CODE:a335	CODE:a338	MOVX A,@DPTR	1	read	EXTMEM	1	(unique, 0x2800, 2)		
instruction	CODE:a335	CODE:a33d	RET	1	read	INTMEM	1	(register, 0x40, 1)		
instruction	CODE:a335	CODE:a33d	RET	3	read	INTMEM	1	(register, 0x40, 1)		
instruction	CODE:a335	CODE:a33f	RET	1	read	INTMEM	1	(register, 0x40, 1)		
instruction	CODE:a335	CODE:a33f	RET	3	read	INTMEM	1	(register, 0x40, 1)		
instruction	CODE:a340	CODE:a340	LCALL 0x444e	4	write	INTMEM	1	(register, 0x40, 1)		(unique, 0xb400, 1)
instruction	CODE:a340	CODE:a340	LCALL 0x444e	6	write	INTMEM	1	(register, 0x40, 1)		(unique, 0x1200, 1)
instruction	CODE:a340	CODE:a343	MOVX A,@DPTR	1	read	EXTMEM	1	(unique, 0x2800, 2)		
instruction	CODE:a340	CODE:a348	RET	1	read	INTMEM	1	(register, 0x40, 1)		
instruction	CODE:a340	CODE:a348	RET	3	read	INTMEM	1	(register, 0x40, 1)		
instruction	CODE:a340	CODE:a34a	RET	1	read	INTMEM	1	(register, 0x40, 1)		
instruction	CODE:a340	CODE:a34a	RET	3	read	INTMEM	1	(register, 0x40, 1)		
instruction	CODE:a34b	CODE:a350	LCALL 0x44f6	4	write	INTMEM	1	(register, 0x40, 1)		(unique, 0xb400, 1)
instruction	CODE:a34b	CODE:a350	LCALL 0x44f6	6	write	INTMEM	1	(register, 0x40, 1)		(unique, 0x1200, 1)
instruction	CODE:a34b	CODE:a354	MOVX @DPTR,A	2	write	EXTMEM	1	(unique, 0x2800, 2)		(unique, 0x2900, 1)
instruction	CODE:a34b	CODE:a355	RET	1	read	INTMEM	1	(register, 0x40, 1)		
instruction	CODE:a34b	CODE:a355	RET	3	read	INTMEM	1	(register, 0x40, 1)		
instruction	CODE:a356	CODE:a358	MOV A,@R0	0	read	INTMEM	1	(register, 0x0, 1)		
instruction	CODE:a356	CODE:a35b	LCALL 0x4512	4	write	INTMEM	1	(register, 0x40, 1)		(unique, 0xb400, 1)
instruction	CODE:a356	CODE:a35b	LCALL 0x4512	6	write	INTMEM	1	(register, 0x40, 1)		(unique, 0x1200, 1)
instruction	CODE:a356	CODE:a35e	MOVX A,@DPTR	1	read	EXTMEM	1	(unique, 0x2800, 2)		
instruction	CODE:a356	CODE:a360	RET	1	read	INTMEM	1	(register, 0x40, 1)		
instruction	CODE:a356	CODE:a360	RET	3	read	INTMEM	1	(register, 0x40, 1)		
instruction	CODE:a361	CODE:a363	MOV A,@R0	0	read	INTMEM	1	(register, 0x0, 1)		
instruction	CODE:a36c	CODE:a36c	LCALL 0x3491	4	write	INTMEM	1	(register, 0x40, 1)		(unique, 0xb400, 1)
instruction	CODE:a36c	CODE:a36c	LCALL 0x3491	6	write	INTMEM	1	(register, 0x40, 1)		(unique, 0x1200, 1)
instruction	CODE:a36c	CODE:a375	MOVX @DPTR,A	2	write	EXTMEM	1	(unique, 0x2800, 2)		(unique, 0x2900, 1)
instruction	CODE:a36c	CODE:a376	RET	1	read	INTMEM	1	(register, 0x40, 1)		
instruction	CODE:a36c	CODE:a376	RET	3	read	INTMEM	1	(register, 0x40, 1)		
instruction	CODE:a377	CODE:a379	MOV A,@R0	0	read	INTMEM	1	(register, 0x0, 1)		
instruction	CODE:a377	CODE:a37d	MOVC A,@A+DPTR	2	read	CODE	1	(unique, 0x2400, 2)		
instruction	CODE:a377	CODE:a381	RET	1	read	INTMEM	1	(register, 0x40, 1)		
instruction	CODE:a377	CODE:a381	RET	3	read	INTMEM	1	(register, 0x40, 1)		
instruction	CODE:a382	CODE:a382	LCALL 0x33d6	4	write	INTMEM	1	(register, 0x40, 1)		(unique, 0xb400, 1)
instruction	CODE:a382	CODE:a382	LCALL 0x33d6	6	write	INTMEM	1	(register, 0x40, 1)		(unique, 0x1200, 1)
instruction	CODE:a382	CODE:a385	LCALL 0x33df	4	write	INTMEM	1	(register, 0x40, 1)		(unique, 0xb400, 1)
instruction	CODE:a382	CODE:a385	LCALL 0x33df	6	write	INTMEM	1	(register, 0x40, 1)		(unique, 0x1200, 1)
instruction	CODE:a38d	CODE:a38f	MOV A,@R0	0	read	INTMEM	1	(register, 0x0, 1)		
instruction	CODE:a38d	CODE:a392	LCALL 0x3401	4	write	INTMEM	1	(register, 0x40, 1)		(unique, 0xb400, 1)
instruction	CODE:a38d	CODE:a392	LCALL 0x3401	6	write	INTMEM	1	(register, 0x40, 1)		(unique, 0x1200, 1)
instruction	CODE:a38d	CODE:a395	MOVX A,@DPTR	1	read	EXTMEM	1	(unique, 0x2800, 2)		
instruction	CODE:a38d	CODE:a397	RET	1	read	INTMEM	1	(register, 0x40, 1)		
instruction	CODE:a38d	CODE:a397	RET	3	read	INTMEM	1	(register, 0x40, 1)		
instruction	CODE:a398	CODE:a39d	LCALL 0x349f	4	write	INTMEM	1	(register, 0x40, 1)		(unique, 0xb400, 1)
instruction	CODE:a398	CODE:a39d	LCALL 0x349f	6	write	INTMEM	1	(register, 0x40, 1)		(unique, 0x1200, 1)
instruction	CODE:a398	CODE:a3a1	MOVX @DPTR,A	2	write	EXTMEM	1	(unique, 0x2800, 2)		(unique, 0x2900, 1)
instruction	CODE:a398	CODE:a3a2	RET	1	read	INTMEM	1	(register, 0x40, 1)		
instruction	CODE:a398	CODE:a3a2	RET	3	read	INTMEM	1	(register, 0x40, 1)		
instruction	CODE:a3a3	CODE:a3a3	LCALL 0xa739	4	write	INTMEM	1	(register, 0x40, 1)		(unique, 0xb400, 1)
instruction	CODE:a3a3	CODE:a3a3	LCALL 0xa739	6	write	INTMEM	1	(register, 0x40, 1)		(unique, 0x1200, 1)
instruction	CODE:a3a3	CODE:a3ad	RET	1	read	INTMEM	1	(register, 0x40, 1)		
instruction	CODE:a3a3	CODE:a3ad	RET	3	read	INTMEM	1	(register, 0x40, 1)		
instruction	CODE:a3ae	CODE:a3ae	LCALL 0xa739	4	write	INTMEM	1	(register, 0x40, 1)		(unique, 0xb400, 1)
instruction	CODE:a3ae	CODE:a3ae	LCALL 0xa739	6	write	INTMEM	1	(register, 0x40, 1)		(unique, 0x1200, 1)
instruction	CODE:a3ae	CODE:a3b8	RET	1	read	INTMEM	1	(register, 0x40, 1)		
instruction	CODE:a3ae	CODE:a3b8	RET	3	read	INTMEM	1	(register, 0x40, 1)		
instruction	CODE:a3b9	CODE:a3b9	LCALL 0x33d6	4	write	INTMEM	1	(register, 0x40, 1)		(unique, 0xb400, 1)
instruction	CODE:a3b9	CODE:a3b9	LCALL 0x33d6	6	write	INTMEM	1	(register, 0x40, 1)		(unique, 0x1200, 1)
instruction	CODE:a3b9	CODE:a3bf	LCALL 0xa94d	4	write	INTMEM	1	(register, 0x40, 1)		(unique, 0xb400, 1)
instruction	CODE:a3b9	CODE:a3bf	LCALL 0xa94d	6	write	INTMEM	1	(register, 0x40, 1)		(unique, 0x1200, 1)
instruction	CODE:a3b9	CODE:a3c3	RET	1	read	INTMEM	1	(register, 0x40, 1)		
instruction	CODE:a3b9	CODE:a3c3	RET	3	read	INTMEM	1	(register, 0x40, 1)		
instruction	CODE:a3c4	CODE:a3c4	LCALL 0x83d4	4	write	INTMEM	1	(register, 0x40, 1)		(unique, 0xb400, 1)
instruction	CODE:a3c4	CODE:a3c4	LCALL 0x83d4	6	write	INTMEM	1	(register, 0x40, 1)		(unique, 0x1200, 1)
instruction	CODE:a3c4	CODE:a3c9	LCALL 0x83e7	4	write	INTMEM	1	(register, 0x40, 1)		(unique, 0xb400, 1)
instruction	CODE:a3c4	CODE:a3c9	LCALL 0x83e7	6	write	INTMEM	1	(register, 0x40, 1)		(unique, 0x1200, 1)
instruction	CODE:a3c4	CODE:a3cd	MOVX @DPTR,A	2	write	EXTMEM	1	(unique, 0x2800, 2)		(unique, 0x2900, 1)
instruction	CODE:a3c4	CODE:a3ce	RET	1	read	INTMEM	1	(register, 0x40, 1)		
instruction	CODE:a3c4	CODE:a3ce	RET	3	read	INTMEM	1	(register, 0x40, 1)		
instruction	CODE:a3cf	CODE:a3cf	LCALL 0x83d4	4	write	INTMEM	1	(register, 0x40, 1)		(unique, 0xb400, 1)
instruction	CODE:a3cf	CODE:a3cf	LCALL 0x83d4	6	write	INTMEM	1	(register, 0x40, 1)		(unique, 0x1200, 1)
instruction	CODE:a3cf	CODE:a3d4	LCALL 0x83e7	4	write	INTMEM	1	(register, 0x40, 1)		(unique, 0xb400, 1)
instruction	CODE:a3cf	CODE:a3d4	LCALL 0x83e7	6	write	INTMEM	1	(register, 0x40, 1)		(unique, 0x1200, 1)
instruction	CODE:a3cf	CODE:a3d8	MOVX @DPTR,A	2	write	EXTMEM	1	(unique, 0x2800, 2)		(unique, 0x2900, 1)
instruction	CODE:a3cf	CODE:a3d9	RET	1	read	INTMEM	1	(register, 0x40, 1)		
instruction	CODE:a3cf	CODE:a3d9	RET	3	read	INTMEM	1	(register, 0x40, 1)		
instruction	CODE:a3da	CODE:a3dd	MOVX A,@DPTR	1	read	EXTMEM	1	(unique, 0x2800, 2)		
instruction	CODE:a3da	CODE:a3e2	MOVX A,@DPTR	1	read	EXTMEM	1	(unique, 0x2800, 2)		
instruction	CODE:a3da	CODE:a3e4	RET	1	read	INTMEM	1	(register, 0x40, 1)		
instruction	CODE:a3da	CODE:a3e4	RET	3	read	INTMEM	1	(register, 0x40, 1)		
instruction	CODE:a3e8	CODE:a3e8	LCALL 0xad6d	4	write	INTMEM	1	(register, 0x40, 1)		(unique, 0xb400, 1)
instruction	CODE:a3e8	CODE:a3e8	LCALL 0xad6d	6	write	INTMEM	1	(register, 0x40, 1)		(unique, 0x1200, 1)
instruction	CODE:a3e8	CODE:a3ee	RET	1	read	INTMEM	1	(register, 0x40, 1)		
instruction	CODE:a3e8	CODE:a3ee	RET	3	read	INTMEM	1	(register, 0x40, 1)		
instruction	CODE:a3ef	CODE:a3f1	LCALL 0xa193	4	write	INTMEM	1	(register, 0x40, 1)		(unique, 0xb400, 1)
instruction	CODE:a3ef	CODE:a3f1	LCALL 0xa193	6	write	INTMEM	1	(register, 0x40, 1)		(unique, 0x1200, 1)
instruction	CODE:a3f9	CODE:a3fb	MOV A,@R0	0	read	INTMEM	1	(register, 0x0, 1)		
instruction	CODE:a3f9	CODE:a3fc	LCALL 0x97db	4	write	INTMEM	1	(register, 0x40, 1)		(unique, 0xb400, 1)
instruction	CODE:a3f9	CODE:a3fc	LCALL 0x97db	6	write	INTMEM	1	(register, 0x40, 1)		(unique, 0x1200, 1)
instruction	CODE:a3f9	CODE:a401	MOVX @DPTR,A	2	write	EXTMEM	1	(unique, 0x2800, 2)		(unique, 0x2900, 1)
instruction	CODE:a3f9	CODE:a402	RET	1	read	INTMEM	1	(register, 0x40, 1)		
instruction	CODE:a3f9	CODE:a402	RET	3	read	INTMEM	1	(register, 0x40, 1)		
instruction	CODE:a403	CODE:a403	LCALL 0x440b	4	write	INTMEM	1	(register, 0x40, 1)		(unique, 0xb400, 1)
instruction	CODE:a403	CODE:a403	LCALL 0x440b	6	write	INTMEM	1	(register, 0x40, 1)		(unique, 0x1200, 1)
instruction	CODE:a403	CODE:a406	LCALL 0x450a	4	write	INTMEM	1	(register, 0x40, 1)		(unique, 0xb400, 1)
instruction	CODE:a403	CODE:a406	LCALL 0x450a	6	write	INTMEM	1	(register, 0x40, 1)		(unique, 0x1200, 1)
instruction	CODE:a403	CODE:a40c	RET	1	read	INTMEM	1	(register, 0x40, 1)		
instruction	CODE:a403	CODE:a40c	RET	3	read	INTMEM	1	(register, 0x40, 1)		
instruction	CODE:a40d	CODE:a40d	LCALL 0x43ee	4	write	INTMEM	1	(register, 0x40, 1)		(unique, 0xb400, 1)
instruction	CODE:a40d	CODE:a40d	LCALL 0x43ee	6	write	INTMEM	1	(register, 0x40, 1)		(unique, 0x1200, 1)
instruction	CODE:a40d	CODE:a412	MOVX @DPTR,A	2	write	EXTMEM	1	(unique, 0x2800, 2)		(unique, 0x2900, 1)
instruction	CODE:a40d	CODE:a415	MOV @R0,A	1	write	INTMEM	1	(register, 0x0, 1)		(unique, 0x2a00, 1)
instruction	CODE:a40d	CODE:a416	RET	1	read	INTMEM	1	(register, 0x40, 1)		
instruction	CODE:a40d	CODE:a416	RET	3	read	INTMEM	1	(register, 0x40, 1)		
instruction	CODE:a417	CODE:a41d	LCALL 0x8317	4	write	INTMEM	1	(register, 0x40, 1)		(unique, 0xb400, 1)
instruction	CODE:a417	CODE:a41d	LCALL 0x8317	6	write	INTMEM	1	(register, 0x40, 1)		(unique, 0x1200, 1)
instruction	CODE:a417	CODE:a420	RET	1	read	INTMEM	1	(register, 0x40, 1)		
instruction	CODE:a417	CODE:a420	RET	3	read	INTMEM	1	(register, 0x40, 1)		
instruction	CODE:a421	CODE:a421	LCALL 0x33d6	4	write	INTMEM	1	(register, 0x40, 1)		(unique, 0xb400, 1)
instruction	CODE:a421	CODE:a421	LCALL 0x33d6	6	write	INTMEM	1	(register, 0x40, 1)		(unique, 0x1200, 1)
instruction	CODE:a42b	CODE:a42d	MOV A,@R0	0	read	INTMEM	1	(register, 0x0, 1)		
instruction	CODE:a42b	CODE:a434	RET	1	read	INTMEM	1	(register, 0x40, 1)		
instruction	CODE:a42b	CODE:a434	RET	3	read	INTMEM	1	(register, 0x40, 1)		
instruction	CODE:a435	CODE:a437	MOV A,@R0	0	read	INTMEM	1	(register, 0x0, 1)		
instruction	CODE:a435	CODE:a43e	RET	1	read	INTMEM	1	(register, 0x40, 1)		
instruction	CODE:a435	CODE:a43e	RET	3	read	INTMEM	1	(register, 0x40, 1)		
instruction	CODE:a449	CODE:a452	RET	1	read	INTMEM	1	(register, 0x40, 1)		
instruction	CODE:a449	CODE:a452	RET	3	read	INTMEM	1	(register, 0x40, 1)		
instruction	CODE:a453	CODE:a455	LCALL 0xa0bd	4	write	INTMEM	1	(register, 0x40, 1)		(unique, 0xb400, 1)
instruction	CODE:a453	CODE:a455	LCALL 0xa0bd	6	write	INTMEM	1	(register, 0x40, 1)		(unique, 0x1200, 1)
instruction	CODE:a45d	CODE:a45f	LCALL 0x9023	4	write	INTMEM	1	(register, 0x40, 1)		(unique, 0xb400, 1)
instruction	CODE:a45d	CODE:a45f	LCALL 0x9023	6	write	INTMEM	1	(register, 0x40, 1)		(unique, 0x1200, 1)
instruction	CODE:a467	CODE:a467	LCALL 0x83d4	4	write	INTMEM	1	(register, 0x40, 1)		(unique, 0xb400, 1)
instruction	CODE:a467	CODE:a467	LCALL 0x83d4	6	write	INTMEM	1	(register, 0x40, 1)		(unique, 0x1200, 1)
instruction	CODE:a467	CODE:a46c	LCALL 0x83e7	4	write	INTMEM	1	(register, 0x40, 1)		(unique, 0xb400, 1)
instruction	CODE:a467	CODE:a46c	LCALL 0x83e7	6	write	INTMEM	1	(register, 0x40, 1)		(unique, 0x1200, 1)
instruction	CODE:a467	CODE:a470	RET	1	read	INTMEM	1	(register, 0x40, 1)		
instruction	CODE:a467	CODE:a470	RET	3	read	INTMEM	1	(register, 0x40, 1)		
instruction	CODE:a471	CODE:a471	LCALL 0x83d4	4	write	INTMEM	1	(register, 0x40, 1)		(unique, 0xb400, 1)
instruction	CODE:a471	CODE:a471	LCALL 0x83d4	6	write	INTMEM	1	(register, 0x40, 1)		(unique, 0x1200, 1)
instruction	CODE:a471	CODE:a478	MOVX A,@DPTR	1	read	EXTMEM	1	(unique, 0x2800, 2)		
instruction	CODE:a471	CODE:a47a	RET	1	read	INTMEM	1	(register, 0x40, 1)		
instruction	CODE:a471	CODE:a47a	RET	3	read	INTMEM	1	(register, 0x40, 1)		
instruction	CODE:a47b	CODE:a47b	MOVX A,@DPTR	1	read	EXTMEM	1	(unique, 0x2800, 2)		
instruction	CODE:a47b	CODE:a47e	MOVX @DPTR,A	2	write	EXTMEM	1	(unique, 0x2800, 2)		(unique, 0x2900, 1)
instruction	CODE:a47b	CODE:a480	MOVX A,@DPTR	1	read	EXTMEM	1	(unique, 0x2800, 2)		
instruction	CODE:a47b	CODE:a483	MOVX @DPTR,A	2	write	EXTMEM	1	(unique, 0x2800, 2)		(unique, 0x2900, 1)
instruction	CODE:a47b	CODE:a484	RET	1	read	INTMEM	1	(register, 0x40, 1)		
instruction	CODE:a47b	CODE:a484	RET	3	read	INTMEM	1	(register, 0x40, 1)		
instruction	CODE:a485	CODE:a487	LCALL 0x9023	4	write	INTMEM	1	(register, 0x40, 1)		(unique, 0xb400, 1)
instruction	CODE:a485	CODE:a487	LCALL 0x9023	6	write	INTMEM	1	(register, 0x40, 1)		(unique, 0x1200, 1)
instruction	CODE:a48f	CODE:a491	LCALL 0x974d	4	write	INTMEM	1	(register, 0x40, 1)		(unique, 0xb400, 1)
instruction	CODE:a48f	CODE:a491	LCALL 0x974d	6	write	INTMEM	1	(register, 0x40, 1)		(unique, 0x1200, 1)
instruction	CODE:a48f	CODE:a494	LCALL 0x471f	4	write	INTMEM	1	(register, 0x40, 1)		(unique, 0xb400, 1)
instruction	CODE:a48f	CODE:a494	LCALL 0x471f	6	write	INTMEM	1	(register, 0x40, 1)		(unique, 0x1200, 1)
instruction	CODE:a48f	CODE:a498	RET	1	read	INTMEM	1	(register, 0x40, 1)		
instruction	CODE:a48f	CODE:a498	RET	3	read	INTMEM	1	(register, 0x40, 1)		
instruction	CODE:a499	CODE:a49b	LCALL 0x8601	4	write	INTMEM	1	(register, 0x40, 1)		(unique, 0xb400, 1)
instruction	CODE:a499	CODE:a49b	LCALL 0x8601	6	write	INTMEM	1	(register, 0x40, 1)		(unique, 0x1200, 1)
instruction	CODE:a4a3	CODE:a4a3	LCALL 0xa7b3	4	write	INTMEM	1	(register, 0x40, 1)		(unique, 0xb400, 1)
instruction	CODE:a4a3	CODE:a4a3	LCALL 0xa7b3	6	write	INTMEM	1	(register, 0x40, 1)		(unique, 0x1200, 1)
instruction	CODE:a4a3	CODE:a4ac	RET	1	read	INTMEM	1	(register, 0x40, 1)		
instruction	CODE:a4a3	CODE:a4ac	RET	3	read	INTMEM	1	(register, 0x40, 1)		
instruction	CODE:a4ad	CODE:a4ad	LCALL 0xa7b3	4	write	INTMEM	1	(register, 0x40, 1)		(unique, 0xb400, 1)
instruction	CODE:a4ad	CODE:a4ad	LCALL 0xa7b3	6	write	INTMEM	1	(register, 0x40, 1)		(unique, 0x1200, 1)
instruction	CODE:a4ad	CODE:a4b6	RET	1	read	INTMEM	1	(register, 0x40, 1)		
instruction	CODE:a4ad	CODE:a4b6	RET	3	read	INTMEM	1	(register, 0x40, 1)		
instruction	CODE:a4b7	CODE:a4b7	LCALL 0xa7b3	4	write	INTMEM	1	(register, 0x40, 1)		(unique, 0xb400, 1)
instruction	CODE:a4b7	CODE:a4b7	LCALL 0xa7b3	6	write	INTMEM	1	(register, 0x40, 1)		(unique, 0x1200, 1)
instruction	CODE:a4b7	CODE:a4c0	RET	1	read	INTMEM	1	(register, 0x40, 1)		
instruction	CODE:a4b7	CODE:a4c0	RET	3	read	INTMEM	1	(register, 0x40, 1)		
instruction	CODE:a4c1	CODE:a4c1	LCALL 0xa7b3	4	write	INTMEM	1	(register, 0x40, 1)		(unique, 0xb400, 1)
instruction	CODE:a4c1	CODE:a4c1	LCALL 0xa7b3	6	write	INTMEM	1	(register, 0x40, 1)		(unique, 0x1200, 1)
instruction	CODE:a4c1	CODE:a4ca	RET	1	read	INTMEM	1	(register, 0x40, 1)		
instruction	CODE:a4c1	CODE:a4ca	RET	3	read	INTMEM	1	(register, 0x40, 1)		
instruction	CODE:a4cb	CODE:a4cb	LCALL 0xa7b3	4	write	INTMEM	1	(register, 0x40, 1)		(unique, 0xb400, 1)
instruction	CODE:a4cb	CODE:a4cb	LCALL 0xa7b3	6	write	INTMEM	1	(register, 0x40, 1)		(unique, 0x1200, 1)
instruction	CODE:a4cb	CODE:a4d4	RET	1	read	INTMEM	1	(register, 0x40, 1)		
instruction	CODE:a4cb	CODE:a4d4	RET	3	read	INTMEM	1	(register, 0x40, 1)		
instruction	CODE:a4d5	CODE:a4d5	LCALL 0xa7b3	4	write	INTMEM	1	(register, 0x40, 1)		(unique, 0xb400, 1)
instruction	CODE:a4d5	CODE:a4d5	LCALL 0xa7b3	6	write	INTMEM	1	(register, 0x40, 1)		(unique, 0x1200, 1)
instruction	CODE:a4d5	CODE:a4de	RET	1	read	INTMEM	1	(register, 0x40, 1)		
instruction	CODE:a4d5	CODE:a4de	RET	3	read	INTMEM	1	(register, 0x40, 1)		
instruction	CODE:a4df	CODE:a4df	LCALL 0xa7b3	4	write	INTMEM	1	(register, 0x40, 1)		(unique, 0xb400, 1)
instruction	CODE:a4df	CODE:a4df	LCALL 0xa7b3	6	write	INTMEM	1	(register, 0x40, 1)		(unique, 0x1200, 1)
instruction	CODE:a4df	CODE:a4e8	RET	1	read	INTMEM	1	(register, 0x40, 1)		
instruction	CODE:a4df	CODE:a4e8	RET	3	read	INTMEM	1	(register, 0x40, 1)		
instruction	CODE:a4e9	CODE:a4e9	LCALL 0xa7b3	4	write	INTMEM	1	(register, 0x40, 1)		(unique, 0xb400, 1)
instruction	CODE:a4e9	CODE:a4e9	LCALL 0xa7b3	6	write	INTMEM	1	(register, 0x40, 1)		(unique, 0x1200, 1)
instruction	CODE:a4e9	CODE:a4f2	RET	1	read	INTMEM	1	(register, 0x40, 1)		
instruction	CODE:a4e9	CODE:a4f2	RET	3	read	INTMEM	1	(register, 0x40, 1)		
instruction	CODE:a4f3	CODE:a4f3	LCALL 0xa7b3	4	write	INTMEM	1	(register, 0x40, 1)		(unique, 0xb400, 1)
instruction	CODE:a4f3	CODE:a4f3	LCALL 0xa7b3	6	write	INTMEM	1	(register, 0x40, 1)		(unique, 0x1200, 1)
instruction	CODE:a4f3	CODE:a4fc	RET	1	read	INTMEM	1	(register, 0x40, 1)		
instruction	CODE:a4f3	CODE:a4fc	RET	3	read	INTMEM	1	(register, 0x40, 1)		
instruction	CODE:a4fd	CODE:a4fd	LCALL 0x9046	4	write	INTMEM	1	(register, 0x40, 1)		(unique, 0xb400, 1)
instruction	CODE:a4fd	CODE:a4fd	LCALL 0x9046	6	write	INTMEM	1	(register, 0x40, 1)		(unique, 0x1200, 1)
instruction	CODE:a4fd	CODE:a500	LCALL 0xa26b	4	write	INTMEM	1	(register, 0x40, 1)		(unique, 0xb400, 1)
instruction	CODE:a4fd	CODE:a500	LCALL 0xa26b	6	write	INTMEM	1	(register, 0x40, 1)		(unique, 0x1200, 1)
instruction	CODE:a506	CODE:a506	LCALL 0x82b0	4	write	INTMEM	1	(register, 0x40, 1)		(unique, 0xb400, 1)
instruction	CODE:a506	CODE:a506	LCALL 0x82b0	6	write	INTMEM	1	(register, 0x40, 1)		(unique, 0x1200, 1)
instruction	CODE:a506	CODE:a50b	MOVX @DPTR,A	2	write	EXTMEM	1	(unique, 0x2800, 2)		(unique, 0x2900, 1)
instruction	CODE:a50f	CODE:a514	LCALL 0x96b1	4	write	INTMEM	1	(register, 0x40, 1)		(unique, 0xb400, 1)
instruction	CODE:a50f	CODE:a514	LCALL 0x96b1	6	write	INTMEM	1	(register, 0x40, 1)		(unique, 0x1200, 1)
instruction	CODE:a50f	CODE:a517	RET	1	read	INTMEM	1	(register, 0x40, 1)		
instruction	CODE:a50f	CODE:a517	RET	3	read	INTMEM	1	(register, 0x40, 1)		
instruction	CODE:a521	CODE:a523	MOV A,@R0	0	read	INTMEM	1	(register, 0x0, 1)		
instruction	CODE:a521	CODE:a527	MOV A,@R0	0	read	INTMEM	1	(register, 0x0, 1)		
instruction	CODE:a521	CODE:a529	RET	1	read	INTMEM	1	(register, 0x40, 1)		
instruction	CODE:a521	CODE:a529	RET	3	read	INTMEM	1	(register, 0x40, 1)		
instruction	CODE:a52a	CODE:a52c	MOV A,@R0	0	read	INTMEM	1	(register, 0x0, 1)		
instruction	CODE:a52a	CODE:a530	MOV @R0,0x07	1	write	INTMEM	1	(register, 0x0, 1)		(unique, 0x2a00, 1)
instruction	CODE:a52a	CODE:a532	RET	1	read	INTMEM	1	(register, 0x40, 1)		
instruction	CODE:a52a	CODE:a532	RET	3	read	INTMEM	1	(register, 0x40, 1)		
instruction	CODE:a533	CODE:a533	LCALL 0xa595	4	write	INTMEM	1	(register, 0x40, 1)		(unique, 0xb400, 1)
instruction	CODE:a533	CODE:a533	LCALL 0xa595	6	write	INTMEM	1	(register, 0x40, 1)		(unique, 0x1200, 1)
instruction	CODE:a533	CODE:a536	LCALL 0x5085	4	write	INTMEM	1	(register, 0x40, 1)		(unique, 0xb400, 1)
instruction	CODE:a533	CODE:a536	LCALL 0x5085	6	write	INTMEM	1	(register, 0x40, 1)		(unique, 0x1200, 1)
instruction	CODE:a533	CODE:a53a	MOVX @DPTR,A	2	write	EXTMEM	1	(unique, 0x2800, 2)		(unique, 0x2900, 1)
instruction	CODE:a533	CODE:a53b	RET	1	read	INTMEM	1	(register, 0x40, 1)		
instruction	CODE:a533	CODE:a53b	RET	3	read	INTMEM	1	(register, 0x40, 1)		
instruction	CODE:a53c	CODE:a53c	LCALL 0x43ee	4	write	INTMEM	1	(register, 0x40, 1)		(unique, 0xb400, 1)
instruction	CODE:a53c	CODE:a53c	LCALL 0x43ee	6	write	INTMEM	1	(register, 0x40, 1)		(unique, 0x1200, 1)
instruction	CODE:a53c	CODE:a53f	MOVX A,@DPTR	1	read	EXTMEM	1	(unique, 0x2800, 2)		
instruction	CODE:a53c	CODE:a544	RET	1	read	INTMEM	1	(register, 0x40, 1)		
instruction	CODE:a53c	CODE:a544	RET	3	read	INTMEM	1	(register, 0x40, 1)		
instruction	CODE:a545	CODE:a545	LCALL 0x43ee	4	write	INTMEM	1	(register, 0x40, 1)		(unique, 0xb400, 1)
instruction	CODE:a545	CODE:a545	LCALL 0x43ee	6	write	INTMEM	1	(register, 0x40, 1)		(unique, 0x1200, 1)
instruction	CODE:a545	CODE:a549	MOVX @DPTR,A	2	write	EXTMEM	1	(unique, 0x2800, 2)		(unique, 0x2900, 1)
instruction	CODE:a545	CODE:a54c	MOV @R0,A	1	write	INTMEM	1	(register, 0x0, 1)		(unique, 0x2a00, 1)
instruction	CODE:a545	CODE:a54d	RET	1	read	INTMEM	1	(register, 0x40, 1)		
instruction	CODE:a545	CODE:a54d	RET	3	read	INTMEM	1	(register, 0x40, 1)		
instruction	CODE:a54e	CODE:a552	LCALL 0xa638	4	write	INTMEM	1	(register, 0x40, 1)		(unique, 0xb400, 1)
instruction	CODE:a54e	CODE:a552	LCALL 0xa638	6	write	INTMEM	1	(register, 0x40, 1)		(unique, 0x1200, 1)
instruction	CODE:a54e	CODE:a556	RET	1	read	INTMEM	1	(register, 0x40, 1)		
instruction	CODE:a54e	CODE:a556	RET	3	read	INTMEM	1	(register, 0x40, 1)		
instruction	CODE:a557	CODE:a559	MOV A,@R0	0	read	INTMEM	1	(register, 0x0, 1)		
instruction	CODE:a557	CODE:a55d	MOV A,@R0	0	read	INTMEM	1	(register, 0x0, 1)		
instruction	CODE:a557	CODE:a55f	RET	1	read	INTMEM	1	(register, 0x40, 1)		
instruction	CODE:a557	CODE:a55f	RET	3	read	INTMEM	1	(register, 0x40, 1)		
instruction	CODE:a560	CODE:a562	MOV A,@R0	0	read	INTMEM	1	(register, 0x0, 1)		
instruction	CODE:a560	CODE:a566	MOV A,@R0	0	read	INTMEM	1	(register, 0x0, 1)		
instruction	CODE:a560	CODE:a568	RET	1	read	INTMEM	1	(register, 0x40, 1)		
instruction	CODE:a560	CODE:a568	RET	3	read	INTMEM	1	(register, 0x40, 1)		
instruction	CODE:a569	CODE:a571	RET	1	read	INTMEM	1	(register, 0x40, 1)		
instruction	CODE:a569	CODE:a571	RET	3	read	INTMEM	1	(register, 0x40, 1)		
instruction	CODE:a572	CODE:a572	LCALL 0x3491	4	write	INTMEM	1	(register, 0x40, 1)		(unique, 0xb400, 1)
instruction	CODE:a572	CODE:a572	LCALL 0x3491	6	write	INTMEM	1	(register, 0x40, 1)		(unique, 0x1200, 1)
instruction	CODE:a572	CODE:a57a	RET	1	read	INTMEM	1	(register, 0x40, 1)		
instruction	CODE:a572	CODE:a57a	RET	3	read	INTMEM	1	(register, 0x40, 1)		
instruction	CODE:a57b	CODE:a57f	MOVX @DPTR,A	2	write	EXTMEM	1	(unique, 0x2800, 2)		(unique, 0x2900, 1)
instruction	CODE:a57b	CODE:a580	LCALL 0x76bf	4	write	INTMEM	1	(register, 0x40, 1)		(unique, 0xb400, 1)
instruction	CODE:a57b	CODE:a580	LCALL 0x76bf	6	write	INTMEM	1	(register, 0x40, 1)		(unique, 0x1200, 1)
instruction	CODE:a57b	CODE:a583	RET	1	read	INTMEM	1	(register, 0x40, 1)		
instruction	CODE:a57b	CODE:a583	RET	3	read	INTMEM	1	(register, 0x40, 1)		
instruction	CODE:a584	CODE:a586	LCALL 0x83dc	4	write	INTMEM	1	(register, 0x40, 1)		(unique, 0xb400, 1)
instruction	CODE:a584	CODE:a586	LCALL 0x83dc	6	write	INTMEM	1	(register, 0x40, 1)		(unique, 0x1200, 1)
instruction	CODE:a584	CODE:a589	MOVX A,@DPTR	1	read	EXTMEM	1	(unique, 0x2800, 2)		
instruction	CODE:a584	CODE:a58c	RET	1	read	INTMEM	1	(register, 0x40, 1)		
instruction	CODE:a584	CODE:a58c	RET	3	read	INTMEM	1	(register, 0x40, 1)		
instruction	CODE:a58d	CODE:a594	RET	1	read	INTMEM	1	(register, 0x40, 1)		
instruction	CODE:a58d	CODE:a594	RET	3	read	INTMEM	1	(register, 0x40, 1)		
instruction	CODE:a595	CODE:a595	LCALL 0xa093	4	write	INTMEM	1	(register, 0x40, 1)		(unique, 0xb400, 1)
instruction	CODE:a595	CODE:a595	LCALL 0xa093	6	write	INTMEM	1	(register, 0x40, 1)		(unique, 0x1200, 1)
instruction	CODE:a595	CODE:a598	LCALL 0xa934	4	write	INTMEM	1	(register, 0x40, 1)		(unique, 0xb400, 1)
instruction	CODE:a595	CODE:a598	LCALL 0xa934	6	write	INTMEM	1	(register, 0x40, 1)		(unique, 0x1200, 1)
instruction	CODE:a595	CODE:a59c	RET	1	read	INTMEM	1	(register, 0x40, 1)		
instruction	CODE:a595	CODE:a59c	RET	3	read	INTMEM	1	(register, 0x40, 1)		
instruction	CODE:a59d	CODE:a59f	LCALL 0x43f0	4	write	INTMEM	1	(register, 0x40, 1)		(unique, 0xb400, 1)
instruction	CODE:a59d	CODE:a59f	LCALL 0x43f0	6	write	INTMEM	1	(register, 0x40, 1)		(unique, 0x1200, 1)
instruction	CODE:a59d	CODE:a5a2	MOVX A,@DPTR	1	read	EXTMEM	1	(unique, 0x2800, 2)		
instruction	CODE:a59d	CODE:a5a4	RET	1	read	INTMEM	1	(register, 0x40, 1)		
instruction	CODE:a59d	CODE:a5a4	RET	3	read	INTMEM	1	(register, 0x40, 1)		
instruction	CODE:a5a5	CODE:a5a7	LCALL 0x4436	4	write	INTMEM	1	(register, 0x40, 1)		(unique, 0xb400, 1)
instruction	CODE:a5a5	CODE:a5a7	LCALL 0x4436	6	write	INTMEM	1	(register, 0x40, 1)		(unique, 0x1200, 1)
instruction	CODE:a5a5	CODE:a5aa	MOVX A,@DPTR	1	read	EXTMEM	1	(unique, 0x2800, 2)		
instruction	CODE:a5a5	CODE:a5ac	RET	1	read	INTMEM	1	(register, 0x40, 1)		
instruction	CODE:a5a5	CODE:a5ac	RET	3	read	INTMEM	1	(register, 0x40, 1)		
instruction	CODE:a5b5	CODE:a5b8	MOVX A,@DPTR	1	read	EXTMEM	1	(unique, 0x2800, 2)		
instruction	CODE:a5b5	CODE:a5bb	MOVX @DPTR,A	2	write	EXTMEM	1	(unique, 0x2800, 2)		(unique, 0x2900, 1)
instruction	CODE:a5b5	CODE:a5bc	RET	1	read	INTMEM	1	(register, 0x40, 1)		
instruction	CODE:a5b5	CODE:a5bc	RET	3	read	INTMEM	1	(register, 0x40, 1)		
instruction	CODE:a5bd	CODE:a5bf	LCALL 0x344c	4	write	INTMEM	1	(register, 0x40, 1)		(unique, 0xb400, 1)
instruction	CODE:a5bd	CODE:a5bf	LCALL 0x344c	6	write	INTMEM	1	(register, 0x40, 1)		(unique, 0x1200, 1)
instruction	CODE:a5bd	CODE:a5c2	MOVX A,@DPTR	1	read	EXTMEM	1	(unique, 0x2800, 2)		
instruction	CODE:a5bd	CODE:a5c4	RET	1	read	INTMEM	1	(register, 0x40, 1)		
instruction	CODE:a5bd	CODE:a5c4	RET	3	read	INTMEM	1	(register, 0x40, 1)		
instruction	CODE:a5c5	CODE:a5c7	LCALL 0x344c	4	write	INTMEM	1	(register, 0x40, 1)		(unique, 0xb400, 1)
instruction	CODE:a5c5	CODE:a5c7	LCALL 0x344c	6	write	INTMEM	1	(register, 0x40, 1)		(unique, 0x1200, 1)
instruction	CODE:a5c5	CODE:a5cb	MOVX @DPTR,A	2	write	EXTMEM	1	(unique, 0x2800, 2)		(unique, 0x2900, 1)
instruction	CODE:a5c5	CODE:a5cc	RET	1	read	INTMEM	1	(register, 0x40, 1)		
instruction	CODE:a5c5	CODE:a5cc	RET	3	read	INTMEM	1	(register, 0x40, 1)		
instruction	CODE:a5cd	CODE:a5cd	LCALL 0xa45d	4	write	INTMEM	1	(register, 0x40, 1)		(unique, 0xb400, 1)
instruction	CODE:a5cd	CODE:a5cd	LCALL 0xa45d	6	write	INTMEM	1	(register, 0x40, 1)		(unique, 0x1200, 1)
instruction	CODE:a5d5	CODE:a5d7	LCALL 0xa6a8	4	write	INTMEM	1	(register, 0x40, 1)		(unique, 0xb400, 1)
instruction	CODE:a5d5	CODE:a5d7	LCALL 0xa6a8	6	write	INTMEM	1	(register, 0x40, 1)		(unique, 0x1200, 1)
instruction	CODE:a5d5	CODE:a5dc	RET	1	read	INTMEM	1	(register, 0x40, 1)		
instruction	CODE:a5d5	CODE:a5dc	RET	3	read	INTMEM	1	(register, 0x40, 1)		
instruction	CODE:a5e4	CODE:a5e6	MOV @R0,0x07	1	write	INTMEM	1	(register, 0x0, 1)		(unique, 0x2a00, 1)
instruction	CODE:a5eb	CODE:a5ee	MOV @R0,A	1	write	INTMEM	1	(register, 0x0, 1)		(unique, 0x2a00, 1)
instruction	CODE:a5eb	CODE:a5f0	MOV @R0,A	1	write	INTMEM	1	(register, 0x0, 1)		(unique, 0x2a00, 1)
instruction	CODE:a5eb	CODE:a5f1	RET	1	read	INTMEM	1	(register, 0x40, 1)		
instruction	CODE:a5eb	CODE:a5f1	RET	3	read	INTMEM	1	(register, 0x40, 1)		
instruction	CODE:a5f2	CODE:a5f4	MOV A,@R0	0	read	INTMEM	1	(register, 0x0, 1)		
instruction	CODE:a600	CODE:a602	MOV @R0,0x07	1	write	INTMEM	1	(register, 0x0, 1)		(unique, 0x2a00, 1)
instruction	CODE:a615	CODE:a615	LCALL 0x4434	4	write	INTMEM	1	(register, 0x40, 1)		(unique, 0xb400, 1)
instruction	CODE:a615	CODE:a615	LCALL 0x4434	6	write	INTMEM	1	(register, 0x40, 1)		(unique, 0x1200, 1)
instruction	CODE:a615	CODE:a61a	MOVX @DPTR,A	2	write	EXTMEM	1	(unique, 0x2800, 2)		(unique, 0x2900, 1)
instruction	CODE:a615	CODE:a61b	RET	1	read	INTMEM	1	(register, 0x40, 1)		
instruction	CODE:a615	CODE:a61b	RET	3	read	INTMEM	1	(register, 0x40, 1)		
instruction	CODE:a61c	CODE:a61f	LCALL 0x84a1	4	write	INTMEM	1	(register, 0x40, 1)		(unique, 0xb400, 1)
instruction	CODE:a61c	CODE:a61f	LCALL 0x84a1	6	write	INTMEM	1	(register, 0x40, 1)		(unique, 0x1200, 1)
instruction	CODE:a61c	CODE:a622	RET	1	read	INTMEM	1	(register, 0x40, 1)		
instruction	CODE:a61c	CODE:a622	RET	3	read	INTMEM	1	(register, 0x40, 1)		
instruction	CODE:a623	CODE:a626	LCALL 0x84a1	4	write	INTMEM	1	(register, 0x40, 1)		(unique, 0xb400, 1)
instruction	CODE:a623	CODE:a626	LCALL 0x84a1	6	write	INTMEM	1	(register, 0x40, 1)		(unique, 0x1200, 1)
instruction	CODE:a623	CODE:a629	RET	1	read	INTMEM	1	(register, 0x40, 1)		
instruction	CODE:a623	CODE:a629	RET	3	read	INTMEM	1	(register, 0x40, 1)		
instruction	CODE:a62a	CODE:a630	RET	1	read	INTMEM	1	(register, 0x40, 1)		
instruction	CODE:a62a	CODE:a630	RET	3	read	INTMEM	1	(register, 0x40, 1)		
instruction	CODE:a631	CODE:a637	RET	1	read	INTMEM	1	(register, 0x40, 1)		
instruction	CODE:a631	CODE:a637	RET	3	read	INTMEM	1	(register, 0x40, 1)		
instruction	CODE:a638	CODE:a63a	MOV A,@R0	0	read	INTMEM	1	(register, 0x0, 1)		
instruction	CODE:a654	CODE:a659	MOVX @DPTR,A	2	write	EXTMEM	1	(unique, 0x2800, 2)		(unique, 0x2900, 1)
instruction	CODE:a654	CODE:a65a	RET	1	read	INTMEM	1	(register, 0x40, 1)		
instruction	CODE:a654	CODE:a65a	RET	3	read	INTMEM	1	(register, 0x40, 1)		
instruction	CODE:a65b	CODE:a65b	LCALL 0x349f	4	write	INTMEM	1	(register, 0x40, 1)		(unique, 0xb400, 1)
instruction	CODE:a65b	CODE:a65b	LCALL 0x349f	6	write	INTMEM	1	(register, 0x40, 1)		(unique, 0x1200, 1)
instruction	CODE:a65b	CODE:a65e	MOVX A,@DPTR	1	read	EXTMEM	1	(unique, 0x2800, 2)		
instruction	CODE:a65b	CODE:a661	RET	1	read	INTMEM	1	(register, 0x40, 1)		
instruction	CODE:a65b	CODE:a661	RET	3	read	INTMEM	1	(register, 0x40, 1)		
instruction	CODE:a662	CODE:a662	LCALL 0x3464	4	write	INTMEM	1	(register, 0x40, 1)		(unique, 0xb400, 1)
instruction	CODE:a662	CODE:a662	LCALL 0x3464	6	write	INTMEM	1	(register, 0x40, 1)		(unique, 0x1200, 1)
instruction	CODE:a662	CODE:a665	MOVX A,@DPTR	1	read	EXTMEM	1	(unique, 0x2800, 2)		
instruction	CODE:a662	CODE:a668	RET	1	read	INTMEM	1	(register, 0x40, 1)		
instruction	CODE:a662	CODE:a668	RET	3	read	INTMEM	1	(register, 0x40, 1)		
instruction	CODE:a669	CODE:a669	LCALL 0x34fc	4	write	INTMEM	1	(register, 0x40, 1)		(unique, 0xb400, 1)
instruction	CODE:a669	CODE:a669	LCALL 0x34fc	6	write	INTMEM	1	(register, 0x40, 1)		(unique, 0x1200, 1)
instruction	CODE:a669	CODE:a66f	RET	1	read	INTMEM	1	(register, 0x40, 1)		
instruction	CODE:a669	CODE:a66f	RET	3	read	INTMEM	1	(register, 0x40, 1)		
instruction	CODE:a670	CODE:a670	LCALL 0x34ac	4	write	INTMEM	1	(register, 0x40, 1)		(unique, 0xb400, 1)
instruction	CODE:a670	CODE:a670	LCALL 0x34ac	6	write	INTMEM	1	(register, 0x40, 1)		(unique, 0x1200, 1)
instruction	CODE:a670	CODE:a673	MOVX A,@DPTR	1	read	EXTMEM	1	(unique, 0x2800, 2)		
instruction	CODE:a670	CODE:a675	MOVX @DPTR,A	2	write	EXTMEM	1	(unique, 0x2800, 2)		(unique, 0x2900, 1)
instruction	CODE:a670	CODE:a676	RET	1	read	INTMEM	1	(register, 0x40, 1)		
instruction	CODE:a670	CODE:a676	RET	3	read	INTMEM	1	(register, 0x40, 1)		
instruction	CODE:a677	CODE:a677	LCALL 0x34b9	4	write	INTMEM	1	(register, 0x40, 1)		(unique, 0xb400, 1)
instruction	CODE:a677	CODE:a677	LCALL 0x34b9	6	write	INTMEM	1	(register, 0x40, 1)		(unique, 0x1200, 1)
instruction	CODE:a677	CODE:a67a	MOVX A,@DPTR	1	read	EXTMEM	1	(unique, 0x2800, 2)		
instruction	CODE:a677	CODE:a67c	MOVX @DPTR,A	2	write	EXTMEM	1	(unique, 0x2800, 2)		(unique, 0x2900, 1)
instruction	CODE:a677	CODE:a67d	RET	1	read	INTMEM	1	(register, 0x40, 1)		
instruction	CODE:a677	CODE:a67d	RET	3	read	INTMEM	1	(register, 0x40, 1)		
instruction	CODE:a67e	CODE:a684	RET	1	read	INTMEM	1	(register, 0x40, 1)		
instruction	CODE:a67e	CODE:a684	RET	3	read	INTMEM	1	(register, 0x40, 1)		
instruction	CODE:a685	CODE:a68b	RET	1	read	INTMEM	1	(register, 0x40, 1)		
instruction	CODE:a685	CODE:a68b	RET	3	read	INTMEM	1	(register, 0x40, 1)		
instruction	CODE:a693	CODE:a695	LCALL 0x628b	4	write	INTMEM	1	(register, 0x40, 1)		(unique, 0xb400, 1)
instruction	CODE:a693	CODE:a695	LCALL 0x628b	6	write	INTMEM	1	(register, 0x40, 1)		(unique, 0x1200, 1)
instruction	CODE:a693	CODE:a699	RET	1	read	INTMEM	1	(register, 0x40, 1)		
instruction	CODE:a693	CODE:a699	RET	3	read	INTMEM	1	(register, 0x40, 1)		
instruction	CODE:a6af	CODE:a6af	LCALL 0x9ad3	4	write	INTMEM	1	(register, 0x40, 1)		(unique, 0xb400, 1)
instruction	CODE:a6af	CODE:a6af	LCALL 0x9ad3	6	write	INTMEM	1	(register, 0x40, 1)		(unique, 0x1200, 1)
instruction	CODE:a6b5	CODE:a6b5	LCALL 0x50e1	4	write	INTMEM	1	(register, 0x40, 1)		(unique, 0xb400, 1)
instruction	CODE:a6b5	CODE:a6b5	LCALL 0x50e1	6	write	INTMEM	1	(register, 0x40, 1)		(unique, 0x1200, 1)
instruction	CODE:a6b5	CODE:a6b9	MOVX @DPTR,A	2	write	EXTMEM	1	(unique, 0x2800, 2)		(unique, 0x2900, 1)
instruction	CODE:a6b5	CODE:a6ba	RET	1	read	INTMEM	1	(register, 0x40, 1)		
instruction	CODE:a6b5	CODE:a6ba	RET	3	read	INTMEM	1	(register, 0x40, 1)		
instruction	CODE:a6bb	CODE:a6bb	LCALL 0x9c7e	4	write	INTMEM	1	(register, 0x40, 1)		(unique, 0xb400, 1)
instruction	CODE:a6bb	CODE:a6bb	LCALL 0x9c7e	6	write	INTMEM	1	(register, 0x40, 1)		(unique, 0x1200, 1)
instruction	CODE:a6c1	CODE:a6c1	LCALL 0x50ee	4	write	INTMEM	1	(register, 0x40, 1)		(unique, 0xb400, 1)
instruction	CODE:a6c1	CODE:a6c1	LCALL 0x50ee	6	write	INTMEM	1	(register, 0x40, 1)		(unique, 0x1200, 1)
instruction	CODE:a6c1	CODE:a6c5	MOVX @DPTR,A	2	write	EXTMEM	1	(unique, 0x2800, 2)		(unique, 0x2900, 1)
instruction	CODE:a6c1	CODE:a6c6	RET	1	read	INTMEM	1	(register, 0x40, 1)		
instruction	CODE:a6c1	CODE:a6c6	RET	3	read	INTMEM	1	(register, 0x40, 1)		
instruction	CODE:a6c7	CODE:a6c7	LCALL 0x50ee	4	write	INTMEM	1	(register, 0x40, 1)		(unique, 0xb400, 1)
instruction	CODE:a6c7	CODE:a6c7	LCALL 0x50ee	6	write	INTMEM	1	(register, 0x40, 1)		(unique, 0x1200, 1)
instruction	CODE:a6c7	CODE:a6ca	MOVX A,@DPTR	1	read	EXTMEM	1	(unique, 0x2800, 2)		
instruction	CODE:a6c7	CODE:a6cc	RET	1	read	INTMEM	1	(register, 0x40, 1)		
instruction	CODE:a6c7	CODE:a6cc	RET	3	read	INTMEM	1	(register, 0x40, 1)		
instruction	CODE:a6cd	CODE:a6cd	LCALL 0x506b	4	write	INTMEM	1	(register, 0x40, 1)		(unique, 0xb400, 1)
instruction	CODE:a6cd	CODE:a6cd	LCALL 0x506b	6	write	INTMEM	1	(register, 0x40, 1)		(unique, 0x1200, 1)
instruction	CODE:a6cd	CODE:a6d0	MOVX A,@DPTR	1	read	EXTMEM	1	(unique, 0x2800, 2)		
instruction	CODE:a6cd	CODE:a6d2	RET	1	read	INTMEM	1	(register, 0x40, 1)		
instruction	CODE:a6cd	CODE:a6d2	RET	3	read	INTMEM	1	(register, 0x40, 1)		
instruction	CODE:a6d3	CODE:a6d3	LCALL 0x506b	4	write	INTMEM	1	(register, 0x40, 1)		(unique, 0xb400, 1)
instruction	CODE:a6d3	CODE:a6d3	LCALL 0x506b	6	write	INTMEM	1	(register, 0x40, 1)		(unique, 0x1200, 1)
instruction	CODE:a6d3	CODE:a6d7	MOVX @DPTR,A	2	write	EXTMEM	1	(unique, 0x2800, 2)		(unique, 0x2900, 1)
instruction	CODE:a6d3	CODE:a6d8	RET	1	read	INTMEM	1	(register, 0x40, 1)		
instruction	CODE:a6d3	CODE:a6d8	RET	3	read	INTMEM	1	(register, 0x40, 1)		
instruction	CODE:a6d9	CODE:a6d9	LCALL 0x444e	4	write	INTMEM	1	(register, 0x40, 1)		(unique, 0xb400, 1)
instruction	CODE:a6d9	CODE:a6d9	LCALL 0x444e	6	write	INTMEM	1	(register, 0x40, 1)		(unique, 0x1200, 1)
instruction	CODE:a6d9	CODE:a6dc	MOVX A,@DPTR	1	read	EXTMEM	1	(unique, 0x2800, 2)		
instruction	CODE:a6d9	CODE:a6de	RET	1	read	INTMEM	1	(register, 0x40, 1)		
instruction	CODE:a6d9	CODE:a6de	RET	3	read	INTMEM	1	(register, 0x40, 1)		
instruction	CODE:a6df	CODE:a6df	LCALL 0x444e	4	write	INTMEM	1	(register, 0x40, 1)		(unique, 0xb400, 1)
instruction	CODE:a6df	CODE:a6df	LCALL 0x444e	6	write	INTMEM	1	(register, 0x40, 1)		(unique, 0x1200, 1)
instruction	CODE:a6df	CODE:a6e3	MOVX @DPTR,A	2	write	EXTMEM	1	(unique, 0x2800, 2)		(unique, 0x2900, 1)
instruction	CODE:a6df	CODE:a6e4	RET	1	read	INTMEM	1	(register, 0x40, 1)		
instruction	CODE:a6df	CODE:a6e4	RET	3	read	INTMEM	1	(register, 0x40, 1)		
instruction	CODE:a6e5	CODE:a6e5	LCALL 0x44e9	4	write	INTMEM	1	(register, 0x40, 1)		(unique, 0xb400, 1)
instruction	CODE:a6e5	CODE:a6e5	LCALL 0x44e9	6	write	INTMEM	1	(register, 0x40, 1)		(unique, 0x1200, 1)
instruction	CODE:a6e5	CODE:a6e9	MOVX @DPTR,A	2	write	EXTMEM	1	(unique, 0x2800, 2)		(unique, 0x2900, 1)
instruction	CODE:a6e5	CODE:a6ea	RET	1	read	INTMEM	1	(register, 0x40, 1)		
instruction	CODE:a6e5	CODE:a6ea	RET	3	read	INTMEM	1	(register, 0x40, 1)		
instruction	CODE:a6eb	CODE:a6eb	LCALL 0x44f6	4	write	INTMEM	1	(register, 0x40, 1)		(unique, 0xb400, 1)
instruction	CODE:a6eb	CODE:a6eb	LCALL 0x44f6	6	write	INTMEM	1	(register, 0x40, 1)		(unique, 0x1200, 1)
instruction	CODE:a6eb	CODE:a6ee	MOVX A,@DPTR	1	read	EXTMEM	1	(unique, 0x2800, 2)		
instruction	CODE:a6eb	CODE:a6f0	RET	1	read	INTMEM	1	(register, 0x40, 1)		
instruction	CODE:a6eb	CODE:a6f0	RET	3	read	INTMEM	1	(register, 0x40, 1)		
instruction	CODE:a6f1	CODE:a6f1	LCALL 0x4441	4	write	INTMEM	1	(register, 0x40, 1)		(unique, 0xb400, 1)
instruction	CODE:a6f1	CODE:a6f1	LCALL 0x4441	6	write	INTMEM	1	(register, 0x40, 1)		(unique, 0x1200, 1)
instruction	CODE:a6f1	CODE:a6f5	MOVX @DPTR,A	2	write	EXTMEM	1	(unique, 0x2800, 2)		(unique, 0x2900, 1)
instruction	CODE:a6f1	CODE:a6f6	RET	1	read	INTMEM	1	(register, 0x40, 1)		
instruction	CODE:a6f1	CODE:a6f6	RET	3	read	INTMEM	1	(register, 0x40, 1)		
instruction	CODE:a6f7	CODE:a6f7	LCALL 0x4441	4	write	INTMEM	1	(register, 0x40, 1)		(unique, 0xb400, 1)
instruction	CODE:a6f7	CODE:a6f7	LCALL 0x4441	6	write	INTMEM	1	(register, 0x40, 1)		(unique, 0x1200, 1)
instruction	CODE:a6f7	CODE:a6fa	MOVX A,@DPTR	1	read	EXTMEM	1	(unique, 0x2800, 2)		
instruction	CODE:a6f7	CODE:a6fc	RET	1	read	INTMEM	1	(register, 0x40, 1)		
instruction	CODE:a6f7	CODE:a6fc	RET	3	read	INTMEM	1	(register, 0x40, 1)		
instruction	CODE:a6fd	CODE:a6fd	LCALL 0x43ee	4	write	INTMEM	1	(register, 0x40, 1)		(unique, 0xb400, 1)
instruction	CODE:a6fd	CODE:a6fd	LCALL 0x43ee	6	write	INTMEM	1	(register, 0x40, 1)		(unique, 0x1200, 1)
instruction	CODE:a6fd	CODE:a700	MOVX A,@DPTR	1	read	EXTMEM	1	(unique, 0x2800, 2)		
instruction	CODE:a6fd	CODE:a702	RET	1	read	INTMEM	1	(register, 0x40, 1)		
instruction	CODE:a6fd	CODE:a702	RET	3	read	INTMEM	1	(register, 0x40, 1)		
instruction	CODE:a703	CODE:a703	LCALL 0x4434	4	write	INTMEM	1	(register, 0x40, 1)		(unique, 0xb400, 1)
instruction	CODE:a703	CODE:a703	LCALL 0x4434	6	write	INTMEM	1	(register, 0x40, 1)		(unique, 0x1200, 1)
instruction	CODE:a703	CODE:a706	MOVX A,@DPTR	1	read	EXTMEM	1	(unique, 0x2800, 2)		
instruction	CODE:a703	CODE:a708	RET	1	read	INTMEM	1	(register, 0x40, 1)		
instruction	CODE:a703	CODE:a708	RET	3	read	INTMEM	1	(register, 0x40, 1)		
instruction	CODE:a709	CODE:a709	LCALL 0x4434	4	write	INTMEM	1	(register, 0x40, 1)		(unique, 0xb400, 1)
instruction	CODE:a709	CODE:a709	LCALL 0x4434	6	write	INTMEM	1	(register, 0x40, 1)		(unique, 0x1200, 1)
instruction	CODE:a709	CODE:a70d	MOVX @DPTR,A	2	write	EXTMEM	1	(unique, 0x2800, 2)		(unique, 0x2900, 1)
instruction	CODE:a709	CODE:a70e	RET	1	read	INTMEM	1	(register, 0x40, 1)		
instruction	CODE:a709	CODE:a70e	RET	3	read	INTMEM	1	(register, 0x40, 1)		
instruction	CODE:a70f	CODE:a70f	LCALL 0x445b	4	write	INTMEM	1	(register, 0x40, 1)		(unique, 0xb400, 1)
instruction	CODE:a70f	CODE:a70f	LCALL 0x445b	6	write	INTMEM	1	(register, 0x40, 1)		(unique, 0x1200, 1)
instruction	CODE:a70f	CODE:a713	MOVX @DPTR,A	2	write	EXTMEM	1	(unique, 0x2800, 2)		(unique, 0x2900, 1)
instruction	CODE:a70f	CODE:a714	RET	1	read	INTMEM	1	(register, 0x40, 1)		
instruction	CODE:a70f	CODE:a714	RET	3	read	INTMEM	1	(register, 0x40, 1)		
instruction	CODE:a715	CODE:a715	LCALL 0x445b	4	write	INTMEM	1	(register, 0x40, 1)		(unique, 0xb400, 1)
instruction	CODE:a715	CODE:a715	LCALL 0x445b	6	write	INTMEM	1	(register, 0x40, 1)		(unique, 0x1200, 1)
instruction	CODE:a715	CODE:a718	MOVX A,@DPTR	1	read	EXTMEM	1	(unique, 0x2800, 2)		
instruction	CODE:a715	CODE:a71a	RET	1	read	INTMEM	1	(register, 0x40, 1)		
instruction	CODE:a715	CODE:a71a	RET	3	read	INTMEM	1	(register, 0x40, 1)		
instruction	CODE:a71b	CODE:a71b	LCALL 0x3491	4	write	INTMEM	1	(register, 0x40, 1)		(unique, 0xb400, 1)
instruction	CODE:a71b	CODE:a71b	LCALL 0x3491	6	write	INTMEM	1	(register, 0x40, 1)		(unique, 0x1200, 1)
instruction	CODE:a71b	CODE:a71f	MOVX @DPTR,A	2	write	EXTMEM	1	(unique, 0x2800, 2)		(unique, 0x2900, 1)
instruction	CODE:a71b	CODE:a720	RET	1	read	INTMEM	1	(register, 0x40, 1)		
instruction	CODE:a71b	CODE:a720	RET	3	read	INTMEM	1	(register, 0x40, 1)		
instruction	CODE:a721	CODE:a721	LCALL 0x3457	4	write	INTMEM	1	(register, 0x40, 1)		(unique, 0xb400, 1)
instruction	CODE:a721	CODE:a721	LCALL 0x3457	6	write	INTMEM	1	(register, 0x40, 1)		(unique, 0x1200, 1)
instruction	CODE:a721	CODE:a725	MOVX @DPTR,A	2	write	EXTMEM	1	(unique, 0x2800, 2)		(unique, 0x2900, 1)
instruction	CODE:a721	CODE:a726	RET	1	read	INTMEM	1	(register, 0x40, 1)		
instruction	CODE:a721	CODE:a726	RET	3	read	INTMEM	1	(register, 0x40, 1)		
instruction	CODE:a727	CODE:a727	LCALL 0x351a	4	write	INTMEM	1	(register, 0x40, 1)		(unique, 0xb400, 1)
instruction	CODE:a727	CODE:a727	LCALL 0x351a	6	write	INTMEM	1	(register, 0x40, 1)		(unique, 0x1200, 1)
instruction	CODE:a727	CODE:a72a	MOVX A,@DPTR	1	read	EXTMEM	1	(unique, 0x2800, 2)		
instruction	CODE:a727	CODE:a72c	RET	1	read	INTMEM	1	(register, 0x40, 1)		
instruction	CODE:a727	CODE:a72c	RET	3	read	INTMEM	1	(register, 0x40, 1)		
instruction	CODE:a72d	CODE:a72d	LCALL 0x351a	4	write	INTMEM	1	(register, 0x40, 1)		(unique, 0xb400, 1)
instruction	CODE:a72d	CODE:a72d	LCALL 0x351a	6	write	INTMEM	1	(register, 0x40, 1)		(unique, 0x1200, 1)
instruction	CODE:a72d	CODE:a731	MOVX @DPTR,A	2	write	EXTMEM	1	(unique, 0x2800, 2)		(unique, 0x2900, 1)
instruction	CODE:a72d	CODE:a732	RET	1	read	INTMEM	1	(register, 0x40, 1)		
instruction	CODE:a72d	CODE:a732	RET	3	read	INTMEM	1	(register, 0x40, 1)		
instruction	CODE:a733	CODE:a733	LCALL 0xa721	4	write	INTMEM	1	(register, 0x40, 1)		(unique, 0xb400, 1)
instruction	CODE:a733	CODE:a733	LCALL 0xa721	6	write	INTMEM	1	(register, 0x40, 1)		(unique, 0x1200, 1)
instruction	CODE:a739	CODE:a739	LCALL 0x3527	4	write	INTMEM	1	(register, 0x40, 1)		(unique, 0xb400, 1)
instruction	CODE:a739	CODE:a739	LCALL 0x3527	6	write	INTMEM	1	(register, 0x40, 1)		(unique, 0x1200, 1)
instruction	CODE:a739	CODE:a73c	MOVX A,@DPTR	1	read	EXTMEM	1	(unique, 0x2800, 2)		
instruction	CODE:a739	CODE:a73e	RET	1	read	INTMEM	1	(register, 0x40, 1)		
instruction	CODE:a739	CODE:a73e	RET	3	read	INTMEM	1	(register, 0x40, 1)		
instruction	CODE:a73f	CODE:a73f	LCALL 0x3527	4	write	INTMEM	1	(register, 0x40, 1)		(unique, 0xb400, 1)
instruction	CODE:a73f	CODE:a73f	LCALL 0x3527	6	write	INTMEM	1	(register, 0x40, 1)		(unique, 0x1200, 1)
instruction	CODE:a73f	CODE:a743	MOVX @DPTR,A	2	write	EXTMEM	1	(unique, 0x2800, 2)		(unique, 0x2900, 1)
instruction	CODE:a73f	CODE:a744	RET	1	read	INTMEM	1	(register, 0x40, 1)		
instruction	CODE:a73f	CODE:a744	RET	3	read	INTMEM	1	(register, 0x40, 1)		
instruction	CODE:a745	CODE:a745	LCALL 0x3534	4	write	INTMEM	1	(register, 0x40, 1)		(unique, 0xb400, 1)
instruction	CODE:a745	CODE:a745	LCALL 0x3534	6	write	INTMEM	1	(register, 0x40, 1)		(unique, 0x1200, 1)
instruction	CODE:a745	CODE:a749	MOVX @DPTR,A	2	write	EXTMEM	1	(unique, 0x2800, 2)		(unique, 0x2900, 1)
instruction	CODE:a745	CODE:a74a	RET	1	read	INTMEM	1	(register, 0x40, 1)		
instruction	CODE:a745	CODE:a74a	RET	3	read	INTMEM	1	(register, 0x40, 1)		
instruction	CODE:a74b	CODE:a74b	LCALL 0x3534	4	write	INTMEM	1	(register, 0x40, 1)		(unique, 0xb400, 1)
instruction	CODE:a74b	CODE:a74b	LCALL 0x3534	6	write	INTMEM	1	(register, 0x40, 1)		(unique, 0x1200, 1)
instruction	CODE:a74b	CODE:a74e	MOVX A,@DPTR	1	read	EXTMEM	1	(unique, 0x2800, 2)		
instruction	CODE:a74b	CODE:a750	RET	1	read	INTMEM	1	(register, 0x40, 1)		
instruction	CODE:a74b	CODE:a750	RET	3	read	INTMEM	1	(register, 0x40, 1)		
instruction	CODE:a751	CODE:a751	LCALL 0x34ac	4	write	INTMEM	1	(register, 0x40, 1)		(unique, 0xb400, 1)
instruction	CODE:a751	CODE:a751	LCALL 0x34ac	6	write	INTMEM	1	(register, 0x40, 1)		(unique, 0x1200, 1)
instruction	CODE:a751	CODE:a754	MOVX A,@DPTR	1	read	EXTMEM	1	(unique, 0x2800, 2)		
instruction	CODE:a751	CODE:a756	RET	1	read	INTMEM	1	(register, 0x40, 1)		
instruction	CODE:a751	CODE:a756	RET	3	read	INTMEM	1	(register, 0x40, 1)		
instruction	CODE:a757	CODE:a757	LCALL 0x34ac	4	write	INTMEM	1	(register, 0x40, 1)		(unique, 0xb400, 1)
instruction	CODE:a757	CODE:a757	LCALL 0x34ac	6	write	INTMEM	1	(register, 0x40, 1)		(unique, 0x1200, 1)
instruction	CODE:a757	CODE:a75b	MOVX @DPTR,A	2	write	EXTMEM	1	(unique, 0x2800, 2)		(unique, 0x2900, 1)
instruction	CODE:a757	CODE:a75c	RET	1	read	INTMEM	1	(register, 0x40, 1)		
instruction	CODE:a757	CODE:a75c	RET	3	read	INTMEM	1	(register, 0x40, 1)		
instruction	CODE:a75d	CODE:a75d	LCALL 0x34b9	4	write	INTMEM	1	(register, 0x40, 1)		(unique, 0xb400, 1)
instruction	CODE:a75d	CODE:a75d	LCALL 0x34b9	6	write	INTMEM	1	(register, 0x40, 1)		(unique, 0x1200, 1)
instruction	CODE:a75d	CODE:a760	MOVX A,@DPTR	1	read	EXTMEM	1	(unique, 0x2800, 2)		
instruction	CODE:a75d	CODE:a762	RET	1	read	INTMEM	1	(register, 0x40, 1)		
instruction	CODE:a75d	CODE:a762	RET	3	read	INTMEM	1	(register, 0x40, 1)		
instruction	CODE:a763	CODE:a763	LCALL 0x34b9	4	write	INTMEM	1	(register, 0x40, 1)		(unique, 0xb400, 1)
instruction	CODE:a763	CODE:a763	LCALL 0x34b9	6	write	INTMEM	1	(register, 0x40, 1)		(unique, 0x1200, 1)
instruction	CODE:a763	CODE:a767	MOVX @DPTR,A	2	write	EXTMEM	1	(unique, 0x2800, 2)		(unique, 0x2900, 1)
instruction	CODE:a763	CODE:a768	RET	1	read	INTMEM	1	(register, 0x40, 1)		
instruction	CODE:a763	CODE:a768	RET	3	read	INTMEM	1	(register, 0x40, 1)		
instruction	CODE:a769	CODE:a76d	MOVX @DPTR,A	2	write	EXTMEM	1	(unique, 0x2800, 2)		(unique, 0x2900, 1)
instruction	CODE:a769	CODE:a76e	RET	1	read	INTMEM	1	(register, 0x40, 1)		
instruction	CODE:a769	CODE:a76e	RET	3	read	INTMEM	1	(register, 0x40, 1)		
instruction	CODE:a76f	CODE:a76f	LCALL 0xa453	4	write	INTMEM	1	(register, 0x40, 1)		(unique, 0xb400, 1)
instruction	CODE:a76f	CODE:a76f	LCALL 0xa453	6	write	INTMEM	1	(register, 0x40, 1)		(unique, 0x1200, 1)
instruction	CODE:a775	CODE:a775	LCALL 0x9cb7	4	write	INTMEM	1	(register, 0x40, 1)		(unique, 0xb400, 1)
instruction	CODE:a775	CODE:a775	LCALL 0x9cb7	6	write	INTMEM	1	(register, 0x40, 1)		(unique, 0x1200, 1)
instruction	CODE:a77b	CODE:a77b	LCALL 0x8ef3	4	write	INTMEM	1	(register, 0x40, 1)		(unique, 0xb400, 1)
instruction	CODE:a77b	CODE:a77b	LCALL 0x8ef3	6	write	INTMEM	1	(register, 0x40, 1)		(unique, 0x1200, 1)
instruction	CODE:a790	CODE:a790	LCALL 0x9ff8	4	write	INTMEM	1	(register, 0x40, 1)		(unique, 0xb400, 1)
instruction	CODE:a790	CODE:a790	LCALL 0x9ff8	6	write	INTMEM	1	(register, 0x40, 1)		(unique, 0x1200, 1)
instruction	CODE:a790	CODE:a794	RET	1	read	INTMEM	1	(register, 0x40, 1)		
instruction	CODE:a790	CODE:a794	RET	3	read	INTMEM	1	(register, 0x40, 1)		
instruction	CODE:a7a4	CODE:a7a6	MOV A,@R0	0	read	INTMEM	1	(register, 0x0, 1)		
instruction	CODE:a7a4	CODE:a7a8	RET	1	read	INTMEM	1	(register, 0x40, 1)		
instruction	CODE:a7a4	CODE:a7a8	RET	3	read	INTMEM	1	(register, 0x40, 1)		
instruction	CODE:a7b8	CODE:a7bb	RET	1	read	INTMEM	1	(register, 0x40, 1)		
instruction	CODE:a7b8	CODE:a7bb	RET	3	read	INTMEM	1	(register, 0x40, 1)		
instruction	CODE:a7bc	CODE:a7bf	RET	1	read	INTMEM	1	(register, 0x40, 1)		
instruction	CODE:a7bc	CODE:a7bf	RET	3	read	INTMEM	1	(register, 0x40, 1)		
instruction	CODE:a7f0	CODE:a7f2	RET	1	read	INTMEM	1	(register, 0x40, 1)		
instruction	CODE:a7f0	CODE:a7f2	RET	3	read	INTMEM	1	(register, 0x40, 1)		
instruction	CODE:a7f3	CODE:a7f5	RET	1	read	INTMEM	1	(register, 0x40, 1)		
instruction	CODE:a7f3	CODE:a7f5	RET	3	read	INTMEM	1	(register, 0x40, 1)		
instruction	CODE:a7f6	CODE:a7f8	RET	1	read	INTMEM	1	(register, 0x40, 1)		
instruction	CODE:a7f6	CODE:a7f8	RET	3	read	INTMEM	1	(register, 0x40, 1)		
instruction	CODE:a7f9	CODE:a7fb	RET	1	read	INTMEM	1	(register, 0x40, 1)		
instruction	CODE:a7f9	CODE:a7fb	RET	3	read	INTMEM	1	(register, 0x40, 1)		
instruction	CODE:a7fc	CODE:a7fe	RET	1	read	INTMEM	1	(register, 0x40, 1)		
instruction	CODE:a7fc	CODE:a7fe	RET	3	read	INTMEM	1	(register, 0x40, 1)		
instruction	CODE:a83e	CODE:a83e	MOV A,@R1	0	read	INTMEM	1	(register, 0x1, 1)		
instruction	CODE:a83e	CODE:a840	MOV @R0,A	1	write	INTMEM	1	(register, 0x0, 1)		(unique, 0x2a00, 1)
instruction	CODE:a846	CODE:a846	MOV A,@R1	0	read	INTMEM	1	(register, 0x1, 1)		
instruction	CODE:a846	CODE:a848	MOVX @R0,A	2	write	EXTMEM	1	(unique, 0x2c00, 2)		(unique, 0x2d00, 1)
instruction	CODE:a84e	CODE:a852	MOV A,@R1	0	read	INTMEM	1	(register, 0x1, 1)		
instruction	CODE:a84e	CODE:a854	MOVX @DPTR,A	2	write	EXTMEM	1	(unique, 0x2800, 2)		(unique, 0x2900, 1)
instruction	CODE:a85a	CODE:a85a	MOVX A,@R1	1	read	EXTMEM	1	(unique, 0x2c00, 2)		
instruction	CODE:a85a	CODE:a85c	MOV @R0,A	1	write	INTMEM	1	(register, 0x0, 1)		(unique, 0x2a00, 1)
instruction	CODE:a862	CODE:a862	MOVX A,@R1	1	read	EXTMEM	1	(unique, 0x2c00, 2)		
instruction	CODE:a862	CODE:a864	MOVX @R0,A	2	write	EXTMEM	1	(unique, 0x2c00, 2)		(unique, 0x2d00, 1)
instruction	CODE:a86a	CODE:a86e	MOVX A,@R1	1	read	EXTMEM	1	(unique, 0x2c00, 2)		
instruction	CODE:a86a	CODE:a870	MOVX @DPTR,A	2	write	EXTMEM	1	(unique, 0x2800, 2)		(unique, 0x2900, 1)
instruction	CODE:a876	CODE:a87a	MOVX A,@DPTR	1	read	EXTMEM	1	(unique, 0x2800, 2)		
instruction	CODE:a876	CODE:a87c	MOV @R0,A	1	write	INTMEM	1	(register, 0x0, 1)		(unique, 0x2a00, 1)
instruction	CODE:a882	CODE:a886	MOVX A,@DPTR	1	read	EXTMEM	1	(unique, 0x2800, 2)		
instruction	CODE:a882	CODE:a888	MOVX @R0,A	2	write	EXTMEM	1	(unique, 0x2c00, 2)		(unique, 0x2d00, 1)
instruction	unassigned	CODE:a8b5	MOVC A,@A+DPTR	2	read	CODE	1	(unique, 0x2400, 2)		
instruction	unassigned	CODE:a8bf	MOVX @DPTR,A	2	write	EXTMEM	1	(unique, 0x2800, 2)		(unique, 0x2900, 1)
instruction	unassigned	CODE:a8d4	MOVC A,@A+DPTR	2	read	CODE	1	(unique, 0x2400, 2)		
instruction	unassigned	CODE:a8d6	MOV @R0,A	1	write	INTMEM	1	(register, 0x0, 1)		(unique, 0x2a00, 1)
instruction	CODE:a882	CODE:a8e0	RET	1	read	INTMEM	1	(register, 0x40, 1)		
instruction	CODE:a882	CODE:a8e0	RET	3	read	INTMEM	1	(register, 0x40, 1)		
instruction	unassigned	CODE:a8e7	MOVX A,@DPTR	1	read	EXTMEM	1	(unique, 0x2800, 2)		
instruction	unassigned	CODE:a8f1	MOVX @DPTR,A	2	write	EXTMEM	1	(unique, 0x2800, 2)		(unique, 0x2900, 1)
instruction	unassigned	CODE:a906	MOVC A,@A+DPTR	2	read	CODE	1	(unique, 0x2400, 2)		
instruction	unassigned	CODE:a908	MOVX @R0,A	2	write	EXTMEM	1	(unique, 0x2c00, 2)		(unique, 0x2d00, 1)
instruction	CODE:a934	CODE:a93b	MOVX A,@DPTR	1	read	EXTMEM	1	(unique, 0x2800, 2)		
instruction	CODE:a934	CODE:a93c	RET	1	read	INTMEM	1	(register, 0x40, 1)		
instruction	CODE:a934	CODE:a93c	RET	3	read	INTMEM	1	(register, 0x40, 1)		
instruction	CODE:a934	CODE:a93f	MOV A,@R1	0	read	INTMEM	1	(register, 0x1, 1)		
instruction	CODE:a934	CODE:a940	RET	1	read	INTMEM	1	(register, 0x40, 1)		
instruction	CODE:a934	CODE:a940	RET	3	read	INTMEM	1	(register, 0x40, 1)		
instruction	CODE:a934	CODE:a944	MOVX A,@R1	1	read	EXTMEM	1	(unique, 0x2c00, 2)		
instruction	CODE:a934	CODE:a945	RET	1	read	INTMEM	1	(register, 0x40, 1)		
instruction	CODE:a934	CODE:a945	RET	3	read	INTMEM	1	(register, 0x40, 1)		
instruction	CODE:a934	CODE:a94b	MOVC A,@A+DPTR	2	read	CODE	1	(unique, 0x2400, 2)		
instruction	CODE:a934	CODE:a94c	RET	1	read	INTMEM	1	(register, 0x40, 1)		
instruction	CODE:a934	CODE:a94c	RET	3	read	INTMEM	1	(register, 0x40, 1)		
instruction	CODE:a94d	CODE:a95a	MOVX A,@DPTR	1	read	EXTMEM	1	(unique, 0x2800, 2)		
instruction	CODE:a94d	CODE:a95b	RET	1	read	INTMEM	1	(register, 0x40, 1)		
instruction	CODE:a94d	CODE:a95b	RET	3	read	INTMEM	1	(register, 0x40, 1)		
instruction	CODE:a94d	CODE:a962	MOV A,@R0	0	read	INTMEM	1	(register, 0x0, 1)		
instruction	CODE:a94d	CODE:a963	RET	1	read	INTMEM	1	(register, 0x40, 1)		
instruction	CODE:a94d	CODE:a963	RET	3	read	INTMEM	1	(register, 0x40, 1)		
instruction	CODE:a94d	CODE:a96b	MOVX A,@R0	1	read	EXTMEM	1	(unique, 0x2c00, 2)		
instruction	CODE:a94d	CODE:a96c	RET	1	read	INTMEM	1	(register, 0x40, 1)		
instruction	CODE:a94d	CODE:a96c	RET	3	read	INTMEM	1	(register, 0x40, 1)		
instruction	CODE:a94d	CODE:a978	MOVC A,@A+DPTR	2	read	CODE	1	(unique, 0x2400, 2)		
instruction	CODE:a94d	CODE:a979	RET	1	read	INTMEM	1	(register, 0x40, 1)		
instruction	CODE:a94d	CODE:a979	RET	3	read	INTMEM	1	(register, 0x40, 1)		
instruction	CODE:a97a	CODE:a982	MOVX A,@DPTR	1	read	EXTMEM	1	(unique, 0x2800, 2)		
instruction	CODE:a97a	CODE:a984	MOVX @DPTR,A	2	write	EXTMEM	1	(unique, 0x2800, 2)		(unique, 0x2900, 1)
instruction	CODE:a97a	CODE:a985	RET	1	read	INTMEM	1	(register, 0x40, 1)		
instruction	CODE:a97a	CODE:a985	RET	3	read	INTMEM	1	(register, 0x40, 1)		
instruction	CODE:a97a	CODE:a988	ADD A,@R1	1	read	INTMEM	1	(register, 0x1, 1)		
instruction	CODE:a97a	CODE:a988	ADD A,@R1	5	read	INTMEM	1	(register, 0x1, 1)		
instruction	CODE:a97a	CODE:a989	MOV @R1,A	1	write	INTMEM	1	(register, 0x1, 1)		(unique, 0x2a00, 1)
instruction	CODE:a97a	CODE:a98a	RET	1	read	INTMEM	1	(register, 0x40, 1)		
instruction	CODE:a97a	CODE:a98a	RET	3	read	INTMEM	1	(register, 0x40, 1)		
instruction	CODE:a97a	CODE:a98f	MOVX A,@R1	1	read	EXTMEM	1	(unique, 0x2c00, 2)		
instruction	CODE:a97a	CODE:a991	MOVX @R1,A	2	write	EXTMEM	1	(unique, 0x2c00, 2)		(unique, 0x2d00, 1)
instruction	CODE:a97a	CODE:a992	RET	1	read	INTMEM	1	(register, 0x40, 1)		
instruction	CODE:a97a	CODE:a992	RET	3	read	INTMEM	1	(register, 0x40, 1)		
instruction	CODE:a97a	CODE:a999	MOVC A,@A+DPTR	2	read	CODE	1	(unique, 0x2400, 2)		
instruction	CODE:a97a	CODE:a99b	RET	1	read	INTMEM	1	(register, 0x40, 1)		
instruction	CODE:a97a	CODE:a99b	RET	3	read	INTMEM	1	(register, 0x40, 1)		
instruction	CODE:a99c	CODE:a9a3	MOVX @DPTR,A	2	write	EXTMEM	1	(unique, 0x2800, 2)		(unique, 0x2900, 1)
instruction	CODE:a99c	CODE:a9a4	RET	1	read	INTMEM	1	(register, 0x40, 1)		
instruction	CODE:a99c	CODE:a9a4	RET	3	read	INTMEM	1	(register, 0x40, 1)		
instruction	CODE:a99c	CODE:a9a7	MOV @R1,A	1	write	INTMEM	1	(register, 0x1, 1)		(unique, 0x2a00, 1)
instruction	CODE:a99c	CODE:a9a8	RET	1	read	INTMEM	1	(register, 0x40, 1)		
instruction	CODE:a99c	CODE:a9a8	RET	3	read	INTMEM	1	(register, 0x40, 1)		
instruction	CODE:a99c	CODE:a9ac	MOVX @R1,A	2	write	EXTMEM	1	(unique, 0x2c00, 2)		(unique, 0x2d00, 1)
instruction	CODE:a99c	CODE:a9ad	RET	1	read	INTMEM	1	(register, 0x40, 1)		
instruction	CODE:a99c	CODE:a9ad	RET	3	read	INTMEM	1	(register, 0x40, 1)		
instruction	CODE:a9ae	CODE:a9bd	MOVX @DPTR,A	2	write	EXTMEM	1	(unique, 0x2800, 2)		(unique, 0x2900, 1)
instruction	CODE:a9ae	CODE:a9be	RET	1	read	INTMEM	1	(register, 0x40, 1)		
instruction	CODE:a9ae	CODE:a9be	RET	3	read	INTMEM	1	(register, 0x40, 1)		
instruction	CODE:a9ae	CODE:a9c5	MOV @R0,A	1	write	INTMEM	1	(register, 0x0, 1)		(unique, 0x2a00, 1)
instruction	CODE:a9ae	CODE:a9c6	RET	1	read	INTMEM	1	(register, 0x40, 1)		
instruction	CODE:a9ae	CODE:a9c6	RET	3	read	INTMEM	1	(register, 0x40, 1)		
instruction	CODE:a9ae	CODE:a9ce	MOVX @R0,A	2	write	EXTMEM	1	(unique, 0x2c00, 2)		(unique, 0x2d00, 1)
instruction	CODE:a9ae	CODE:a9cf	RET	1	read	INTMEM	1	(register, 0x40, 1)		
instruction	CODE:a9ae	CODE:a9cf	RET	3	read	INTMEM	1	(register, 0x40, 1)		
instruction	CODE:a9d0	CODE:a9e1	RET	1	read	INTMEM	1	(register, 0x40, 1)		
instruction	CODE:a9d0	CODE:a9e1	RET	3	read	INTMEM	1	(register, 0x40, 1)		
instruction	CODE:a9e2	CODE:a9ef	RET	1	read	INTMEM	1	(register, 0x40, 1)		
instruction	CODE:a9e2	CODE:a9ef	RET	3	read	INTMEM	1	(register, 0x40, 1)		
instruction	CODE:a9e2	CODE:aa10	RET	1	read	INTMEM	1	(register, 0x40, 1)		
instruction	CODE:a9e2	CODE:aa10	RET	3	read	INTMEM	1	(register, 0x40, 1)		
instruction	CODE:a9e2	CODE:aa2e	RET	1	read	INTMEM	1	(register, 0x40, 1)		
instruction	CODE:a9e2	CODE:aa2e	RET	3	read	INTMEM	1	(register, 0x40, 1)		
instruction	CODE:a9e2	CODE:aa36	RET	1	read	INTMEM	1	(register, 0x40, 1)		
instruction	CODE:a9e2	CODE:aa36	RET	3	read	INTMEM	1	(register, 0x40, 1)		
instruction	CODE:aa37	CODE:aa53	LCALL 0xa9e2	4	write	INTMEM	1	(register, 0x40, 1)		(unique, 0xb400, 1)
instruction	CODE:aa37	CODE:aa53	LCALL 0xa9e2	6	write	INTMEM	1	(register, 0x40, 1)		(unique, 0x1200, 1)
instruction	CODE:aa37	CODE:aa5f	LCALL 0xa9e2	4	write	INTMEM	1	(register, 0x40, 1)		(unique, 0xb400, 1)
instruction	CODE:aa37	CODE:aa5f	LCALL 0xa9e2	6	write	INTMEM	1	(register, 0x40, 1)		(unique, 0x1200, 1)
instruction	CODE:aa37	CODE:aa6c	RET	1	read	INTMEM	1	(register, 0x40, 1)		
instruction	CODE:aa37	CODE:aa6c	RET	3	read	INTMEM	1	(register, 0x40, 1)		
instruction	CODE:aa6d	CODE:aa71	MOVX A,@DPTR	1	read	EXTMEM	1	(unique, 0x2800, 2)		
instruction	CODE:aa6d	CODE:aa73	MOVX @DPTR,A	2	write	EXTMEM	1	(unique, 0x2800, 2)		(unique, 0x2900, 1)
instruction	CODE:aa6d	CODE:aa7f	MOVX A,@DPTR	1	read	EXTMEM	1	(unique, 0x2800, 2)		
instruction	CODE:aa6d	CODE:aa81	MOVX @DPTR,A	2	write	EXTMEM	1	(unique, 0x2800, 2)		(unique, 0x2900, 1)
instruction	CODE:aa6d	CODE:aa82	RET	1	read	INTMEM	1	(register, 0x40, 1)		
instruction	CODE:aa6d	CODE:aa82	RET	3	read	INTMEM	1	(register, 0x40, 1)		
instruction	CODE:aa83	CODE:aa85	MOVX A,@DPTR	1	read	EXTMEM	1	(unique, 0x2800, 2)		
instruction	CODE:aa83	CODE:aa8a	MOVX @DPTR,A	2	write	EXTMEM	1	(unique, 0x2800, 2)		(unique, 0x2900, 1)
instruction	CODE:aa83	CODE:aa93	MOVX A,@DPTR	1	read	EXTMEM	1	(unique, 0x2800, 2)		
instruction	CODE:aa83	CODE:aa96	MOVX @DPTR,A	2	write	EXTMEM	1	(unique, 0x2800, 2)		(unique, 0x2900, 1)
instruction	CODE:aa83	CODE:aa98	RET	1	read	INTMEM	1	(register, 0x40, 1)		
instruction	CODE:aa83	CODE:aa98	RET	3	read	INTMEM	1	(register, 0x40, 1)		
instruction	CODE:aa99	CODE:aaa0	MOVX A,@DPTR	1	read	EXTMEM	1	(unique, 0x2800, 2)		
instruction	CODE:aa99	CODE:aaa4	MOVX A,@DPTR	1	read	EXTMEM	1	(unique, 0x2800, 2)		
instruction	CODE:aa99	CODE:aaa5	RET	1	read	INTMEM	1	(register, 0x40, 1)		
instruction	CODE:aa99	CODE:aaa5	RET	3	read	INTMEM	1	(register, 0x40, 1)		
instruction	CODE:aa99	CODE:aaa8	MOV B,@R1	0	read	INTMEM	1	(register, 0x1, 1)		
instruction	CODE:aa99	CODE:aaab	MOV A,@R1	0	read	INTMEM	1	(register, 0x1, 1)		
instruction	CODE:aa99	CODE:aaad	RET	1	read	INTMEM	1	(register, 0x40, 1)		
instruction	CODE:aa99	CODE:aaad	RET	3	read	INTMEM	1	(register, 0x40, 1)		
instruction	CODE:aa99	CODE:aab1	MOVX A,@R1	1	read	EXTMEM	1	(unique, 0x2c00, 2)		
instruction	CODE:aa99	CODE:aab5	MOVX A,@R1	1	read	EXTMEM	1	(unique, 0x2c00, 2)		
instruction	CODE:aa99	CODE:aab7	RET	1	read	INTMEM	1	(register, 0x40, 1)		
instruction	CODE:aa99	CODE:aab7	RET	3	read	INTMEM	1	(register, 0x40, 1)		
instruction	CODE:aa99	CODE:aabd	MOVC A,@A+DPTR	2	read	CODE	1	(unique, 0x2400, 2)		
instruction	CODE:aa99	CODE:aac2	MOVC A,@A+DPTR	2	read	CODE	1	(unique, 0x2400, 2)		
instruction	CODE:aa99	CODE:aac3	RET	1	read	INTMEM	1	(register, 0x40, 1)		
instruction	CODE:aa99	CODE:aac3	RET	3	read	INTMEM	1	(register, 0x40, 1)		
instruction	CODE:aac4	CODE:aad1	MOVX A,@DPTR	1	read	EXTMEM	1	(unique, 0x2800, 2)		
instruction	CODE:aac4	CODE:aad5	MOVX A,@DPTR	1	read	EXTMEM	1	(unique, 0x2800, 2)		
instruction	CODE:aac4	CODE:aad6	RET	1	read	INTMEM	1	(register, 0x40, 1)		
instruction	CODE:aac4	CODE:aad6	RET	3	read	INTMEM	1	(register, 0x40, 1)		
instruction	CODE:aac4	CODE:aadd	MOV B,@R0	0	read	INTMEM	1	(register, 0x0, 1)		
instruction	CODE:aac4	CODE:aae0	MOV A,@R0	0	read	INTMEM	1	(register, 0x0, 1)		
instruction	CODE:aac4	CODE:aae1	RET	1	read	INTMEM	1	(register, 0x40, 1)		
instruction	CODE:aac4	CODE:aae1	RET	3	read	INTMEM	1	(register, 0x40, 1)		
instruction	CODE:aac4	CODE:aae9	MOVX A,@R0	1	read	EXTMEM	1	(unique, 0x2c00, 2)		
instruction	CODE:aac4	CODE:aaed	MOVX A,@R0	1	read	EXTMEM	1	(unique, 0x2c00, 2)		
instruction	CODE:aac4	CODE:aaee	RET	1	read	INTMEM	1	(register, 0x40, 1)		
instruction	CODE:aac4	CODE:aaee	RET	3	read	INTMEM	1	(register, 0x40, 1)		
instruction	CODE:aac4	CODE:aaf5	MOVC A,@A+DPTR	2	read	CODE	1	(unique, 0x2400, 2)		
instruction	CODE:aac4	CODE:aafa	MOVC A,@A+DPTR	2	read	CODE	1	(unique, 0x2400, 2)		
instruction	CODE:aac4	CODE:aafb	RET	1	read	INTMEM	1	(register, 0x40, 1)		
instruction	CODE:aac4	CODE:aafb	RET	3	read	INTMEM	1	(register, 0x40, 1)		
instruction	CODE:aafc	CODE:ab15	ADD A,@R0	1	read	INTMEM	1	(register, 0x0, 1)		
instruction	CODE:aafc	CODE:ab15	ADD A,@R0	5	read	INTMEM	1	(register, 0x0, 1)		
instruction	CODE:aafc	CODE:ab16	MOV @R0,A	1	write	INTMEM	1	(register, 0x0, 1)		(unique, 0x2a00, 1)
instruction	CODE:aafc	CODE:ab1c	ADDC A,@R0	1	read	INTMEM	1	(register, 0x0, 1)		
instruction	CODE:aafc	CODE:ab1d	MOV @R0,A	1	write	INTMEM	1	(register, 0x0, 1)		(unique, 0x2a00, 1)
instruction	CODE:aafc	CODE:ab1e	RET	1	read	INTMEM	1	(register, 0x40, 1)		
instruction	CODE:aafc	CODE:ab1e	RET	3	read	INTMEM	1	(register, 0x40, 1)		
instruction	CODE:aafc	CODE:ab27	MOVX A,@R0	1	read	EXTMEM	1	(unique, 0x2c00, 2)		
instruction	CODE:aafc	CODE:ab2c	MOVX @R0,A	2	write	EXTMEM	1	(unique, 0x2c00, 2)		(unique, 0x2d00, 1)
instruction	CODE:aafc	CODE:ab2e	MOVX A,@R0	1	read	EXTMEM	1	(unique, 0x2c00, 2)		
instruction	CODE:aafc	CODE:ab31	MOVX @R0,A	2	write	EXTMEM	1	(unique, 0x2c00, 2)		(unique, 0x2d00, 1)
instruction	CODE:aafc	CODE:ab32	RET	1	read	INTMEM	1	(register, 0x40, 1)		
instruction	CODE:aafc	CODE:ab32	RET	3	read	INTMEM	1	(register, 0x40, 1)		
instruction	CODE:aafc	CODE:ab40	MOVC A,@A+DPTR	2	read	CODE	1	(unique, 0x2400, 2)		
instruction	CODE:aafc	CODE:ab46	MOVC A,@A+DPTR	2	read	CODE	1	(unique, 0x2400, 2)		
instruction	CODE:aafc	CODE:ab48	RET	1	read	INTMEM	1	(register, 0x40, 1)		
instruction	CODE:aafc	CODE:ab48	RET	3	read	INTMEM	1	(register, 0x40, 1)		
instruction	CODE:ab49	CODE:ab50	MOVX @DPTR,A	2	write	EXTMEM	1	(unique, 0x2800, 2)		(unique, 0x2900, 1)
instruction	CODE:ab49	CODE:ab54	MOVX @DPTR,A	2	write	EXTMEM	1	(unique, 0x2800, 2)		(unique, 0x2900, 1)
instruction	CODE:ab49	CODE:ab55	RET	1	read	INTMEM	1	(register, 0x40, 1)		
instruction	CODE:ab49	CODE:ab55	RET	3	read	INTMEM	1	(register, 0x40, 1)		
instruction	CODE:ab49	CODE:ab58	MOV @R1,A	1	write	INTMEM	1	(register, 0x1, 1)		(unique, 0x2a00, 1)
instruction	CODE:ab49	CODE:ab5a	MOV @R1,B	1	write	INTMEM	1	(register, 0x1, 1)		(unique, 0x2a00, 1)
instruction	CODE:ab49	CODE:ab5d	RET	1	read	INTMEM	1	(register, 0x40, 1)		
instruction	CODE:ab49	CODE:ab5d	RET	3	read	INTMEM	1	(register, 0x40, 1)		
instruction	CODE:ab49	CODE:ab61	MOVX @R1,A	2	write	EXTMEM	1	(unique, 0x2c00, 2)		(unique, 0x2d00, 1)
instruction	CODE:ab49	CODE:ab65	MOVX @R1,A	2	write	EXTMEM	1	(unique, 0x2c00, 2)		(unique, 0x2d00, 1)
instruction	CODE:ab49	CODE:ab67	RET	1	read	INTMEM	1	(register, 0x40, 1)		
instruction	CODE:ab49	CODE:ab67	RET	3	read	INTMEM	1	(register, 0x40, 1)		
instruction	CODE:ab68	CODE:ab77	MOVX @DPTR,A	2	write	EXTMEM	1	(unique, 0x2800, 2)		(unique, 0x2900, 1)
instruction	CODE:ab68	CODE:ab7b	MOVX @DPTR,A	2	write	EXTMEM	1	(unique, 0x2800, 2)		(unique, 0x2900, 1)
instruction	CODE:ab68	CODE:ab7c	RET	1	read	INTMEM	1	(register, 0x40, 1)		
instruction	CODE:ab68	CODE:ab7c	RET	3	read	INTMEM	1	(register, 0x40, 1)		
instruction	CODE:ab68	CODE:ab83	MOV @R0,A	1	write	INTMEM	1	(register, 0x0, 1)		(unique, 0x2a00, 1)
instruction	CODE:ab68	CODE:ab85	MOV @R0,B	1	write	INTMEM	1	(register, 0x0, 1)		(unique, 0x2a00, 1)
instruction	CODE:ab68	CODE:ab87	RET	1	read	INTMEM	1	(register, 0x40, 1)		
instruction	CODE:ab68	CODE:ab87	RET	3	read	INTMEM	1	(register, 0x40, 1)		
instruction	CODE:ab68	CODE:ab8f	MOVX @R0,A	2	write	EXTMEM	1	(unique, 0x2c00, 2)		(unique, 0x2d00, 1)
instruction	CODE:ab68	CODE:ab93	MOVX @R0,A	2	write	EXTMEM	1	(unique, 0x2c00, 2)		(unique, 0x2d00, 1)
instruction	CODE:ab68	CODE:ab94	RET	1	read	INTMEM	1	(register, 0x40, 1)		
instruction	CODE:ab68	CODE:ab94	RET	3	read	INTMEM	1	(register, 0x40, 1)		
instruction	CODE:ab95	CODE:aba1	RET	1	read	INTMEM	1	(register, 0x40, 1)		
instruction	CODE:ab95	CODE:aba1	RET	3	read	INTMEM	1	(register, 0x40, 1)		
instruction	CODE:aba2	CODE:abf0	RET	1	read	INTMEM	1	(register, 0x40, 1)		
instruction	CODE:aba2	CODE:abf0	RET	3	read	INTMEM	1	(register, 0x40, 1)		
instruction	CODE:ac2d	CODE:ac2c	RET	1	read	INTMEM	1	(register, 0x40, 1)		
instruction	CODE:ac2d	CODE:ac2c	RET	3	read	INTMEM	1	(register, 0x40, 1)		
instruction	CODE:ac2d	CODE:ac62	RET	1	read	INTMEM	1	(register, 0x40, 1)		
instruction	CODE:ac2d	CODE:ac62	RET	3	read	INTMEM	1	(register, 0x40, 1)		
instruction	CODE:ac2d	CODE:ac8b	RET	1	read	INTMEM	1	(register, 0x40, 1)		
instruction	CODE:ac2d	CODE:ac8b	RET	3	read	INTMEM	1	(register, 0x40, 1)		
instruction	CODE:ac2d	CODE:acbe	RET	1	read	INTMEM	1	(register, 0x40, 1)		
instruction	CODE:ac2d	CODE:acbe	RET	3	read	INTMEM	1	(register, 0x40, 1)		
instruction	CODE:acbf	CODE:accb	RET	1	read	INTMEM	1	(register, 0x40, 1)		
instruction	CODE:acbf	CODE:accb	RET	3	read	INTMEM	1	(register, 0x40, 1)		
instruction	CODE:accc	CODE:acdc	RET	1	read	INTMEM	1	(register, 0x40, 1)		
instruction	CODE:accc	CODE:acdc	RET	3	read	INTMEM	1	(register, 0x40, 1)		
instruction	CODE:acdd	CODE:acef	RET	1	read	INTMEM	1	(register, 0x40, 1)		
instruction	CODE:acdd	CODE:acef	RET	3	read	INTMEM	1	(register, 0x40, 1)		
instruction	CODE:acf0	CODE:ad02	RET	1	read	INTMEM	1	(register, 0x40, 1)		
instruction	CODE:acf0	CODE:ad02	RET	3	read	INTMEM	1	(register, 0x40, 1)		
instruction	CODE:ad23	CODE:ad3c	RET	1	read	INTMEM	1	(register, 0x40, 1)		
instruction	CODE:ad23	CODE:ad3c	RET	3	read	INTMEM	1	(register, 0x40, 1)		
instruction	CODE:ad3d	CODE:ad3d	MOV A,@R0	0	read	INTMEM	1	(register, 0x0, 1)		
instruction	CODE:ad3d	CODE:ad40	MOV A,@R0	0	read	INTMEM	1	(register, 0x0, 1)		
instruction	CODE:ad3d	CODE:ad43	MOV A,@R0	0	read	INTMEM	1	(register, 0x0, 1)		
instruction	CODE:ad3d	CODE:ad46	MOV A,@R0	0	read	INTMEM	1	(register, 0x0, 1)		
instruction	CODE:ad3d	CODE:ad48	RET	1	read	INTMEM	1	(register, 0x40, 1)		
instruction	CODE:ad3d	CODE:ad48	RET	3	read	INTMEM	1	(register, 0x40, 1)		
instruction	CODE:ad49	CODE:ad49	MOVX A,@DPTR	1	read	EXTMEM	1	(unique, 0x2800, 2)		
instruction	CODE:ad49	CODE:ad4c	MOVX A,@DPTR	1	read	EXTMEM	1	(unique, 0x2800, 2)		
instruction	CODE:ad49	CODE:ad4f	MOVX A,@DPTR	1	read	EXTMEM	1	(unique, 0x2800, 2)		
instruction	CODE:ad49	CODE:ad52	MOVX A,@DPTR	1	read	EXTMEM	1	(unique, 0x2800, 2)		
instruction	CODE:ad49	CODE:ad54	RET	1	read	INTMEM	1	(register, 0x40, 1)		
instruction	CODE:ad49	CODE:ad54	RET	3	read	INTMEM	1	(register, 0x40, 1)		
instruction	CODE:ad55	CODE:ad55	MOVX A,@DPTR	1	read	EXTMEM	1	(unique, 0x2800, 2)		
instruction	CODE:ad55	CODE:ad58	MOVX A,@DPTR	1	read	EXTMEM	1	(unique, 0x2800, 2)		
instruction	CODE:ad55	CODE:ad5b	MOVX A,@DPTR	1	read	EXTMEM	1	(unique, 0x2800, 2)		
instruction	CODE:ad55	CODE:ad5e	MOVX A,@DPTR	1	read	EXTMEM	1	(unique, 0x2800, 2)		
instruction	CODE:ad55	CODE:ad60	RET	1	read	INTMEM	1	(register, 0x40, 1)		
instruction	CODE:ad55	CODE:ad60	RET	3	read	INTMEM	1	(register, 0x40, 1)		
instruction	CODE:ad61	CODE:ad62	MOV @R0,A	1	write	INTMEM	1	(register, 0x0, 1)		(unique, 0x2a00, 1)
instruction	CODE:ad61	CODE:ad65	MOV @R0,A	1	write	INTMEM	1	(register, 0x0, 1)		(unique, 0x2a00, 1)
instruction	CODE:ad61	CODE:ad68	MOV @R0,A	1	write	INTMEM	1	(register, 0x0, 1)		(unique, 0x2a00, 1)
instruction	CODE:ad61	CODE:ad6b	MOV @R0,A	1	write	INTMEM	1	(register, 0x0, 1)		(unique, 0x2a00, 1)
instruction	CODE:ad61	CODE:ad6c	RET	1	read	INTMEM	1	(register, 0x40, 1)		
instruction	CODE:ad61	CODE:ad6c	RET	3	read	INTMEM	1	(register, 0x40, 1)		
instruction	CODE:ad6d	CODE:ad6e	MOVX @DPTR,A	2	write	EXTMEM	1	(unique, 0x2800, 2)		(unique, 0x2900, 1)
instruction	CODE:ad6d	CODE:ad71	MOVX @DPTR,A	2	write	EXTMEM	1	(unique, 0x2800, 2)		(unique, 0x2900, 1)
instruction	CODE:ad6d	CODE:ad74	MOVX @DPTR,A	2	write	EXTMEM	1	(unique, 0x2800, 2)		(unique, 0x2900, 1)
instruction	CODE:ad6d	CODE:ad77	MOVX @DPTR,A	2	write	EXTMEM	1	(unique, 0x2800, 2)		(unique, 0x2900, 1)
instruction	CODE:ad6d	CODE:ad78	RET	1	read	INTMEM	1	(register, 0x40, 1)		
instruction	CODE:ad6d	CODE:ad78	RET	3	read	INTMEM	1	(register, 0x40, 1)		
instruction	CODE:ad79	CODE:ad79	POP DPH	0	read	INTMEM	1	(register, 0x40, 1)		
instruction	CODE:ad79	CODE:ad7b	POP DPL	0	read	INTMEM	1	(register, 0x40, 1)		
instruction	CODE:ad79	CODE:ad7e	MOVC A,@A+DPTR	2	read	CODE	1	(unique, 0x2400, 2)		
instruction	CODE:ad79	CODE:ad7f	MOV @R0,A	1	write	INTMEM	1	(register, 0x0, 1)		(unique, 0x2a00, 1)
instruction	CODE:ad79	CODE:ad83	MOVC A,@A+DPTR	2	read	CODE	1	(unique, 0x2400, 2)		
instruction	CODE:ad79	CODE:ad84	MOV @R0,A	1	write	INTMEM	1	(register, 0x0, 1)		(unique, 0x2a00, 1)
instruction	CODE:ad79	CODE:ad88	MOVC A,@A+DPTR	2	read	CODE	1	(unique, 0x2400, 2)		
instruction	CODE:ad79	CODE:ad89	MOV @R0,A	1	write	INTMEM	1	(register, 0x0, 1)		(unique, 0x2a00, 1)
instruction	CODE:ad79	CODE:ad8d	MOVC A,@A+DPTR	2	read	CODE	1	(unique, 0x2400, 2)		
instruction	CODE:ad79	CODE:ad8e	MOV @R0,A	1	write	INTMEM	1	(register, 0x0, 1)		(unique, 0x2a00, 1)
instruction	CODE:ad92	CODE:ad97	POP DPH	0	read	INTMEM	1	(register, 0x40, 1)		
instruction	CODE:ad92	CODE:ad99	POP DPL	0	read	INTMEM	1	(register, 0x40, 1)		
instruction	CODE:ad92	CODE:ad9b	LCALL 0xada9	4	write	INTMEM	1	(register, 0x40, 1)		(unique, 0xb400, 1)
instruction	CODE:ad92	CODE:ad9b	LCALL 0xada9	6	write	INTMEM	1	(register, 0x40, 1)		(unique, 0x1200, 1)
instruction	CODE:ad92	CODE:ad9e	LCALL 0xada9	4	write	INTMEM	1	(register, 0x40, 1)		(unique, 0xb400, 1)
instruction	CODE:ad92	CODE:ad9e	LCALL 0xada9	6	write	INTMEM	1	(register, 0x40, 1)		(unique, 0x1200, 1)
instruction	CODE:ad92	CODE:ada1	LCALL 0xada9	4	write	INTMEM	1	(register, 0x40, 1)		(unique, 0xb400, 1)
instruction	CODE:ad92	CODE:ada1	LCALL 0xada9	6	write	INTMEM	1	(register, 0x40, 1)		(unique, 0x1200, 1)
instruction	CODE:ad92	CODE:ada4	LCALL 0xada9	4	write	INTMEM	1	(register, 0x40, 1)		(unique, 0xb400, 1)
instruction	CODE:ad92	CODE:ada4	LCALL 0xada9	6	write	INTMEM	1	(register, 0x40, 1)		(unique, 0x1200, 1)
instruction	CODE:ada9	CODE:adaa	MOVC A,@A+DPTR	2	read	CODE	1	(unique, 0x2400, 2)		
instruction	CODE:ada9	CODE:adb6	MOVX @DPTR,A	2	write	EXTMEM	1	(unique, 0x2800, 2)		(unique, 0x2900, 1)
instruction	CODE:ada9	CODE:adc2	RET	1	read	INTMEM	1	(register, 0x40, 1)		
instruction	CODE:ada9	CODE:adc2	RET	3	read	INTMEM	1	(register, 0x40, 1)		
instruction	CODE:adc3	CODE:ade6	RET	1	read	INTMEM	1	(register, 0x40, 1)		
instruction	CODE:adc3	CODE:ade6	RET	3	read	INTMEM	1	(register, 0x40, 1)		
instruction	CODE:ade7	CODE:adf2	RET	1	read	INTMEM	1	(register, 0x40, 1)		
instruction	CODE:ade7	CODE:adf2	RET	3	read	INTMEM	1	(register, 0x40, 1)		
instruction	CODE:adf3	CODE:adf3	MOVX A,@DPTR	1	read	EXTMEM	1	(unique, 0x2800, 2)		
instruction	CODE:adf3	CODE:adf6	MOVX A,@DPTR	1	read	EXTMEM	1	(unique, 0x2800, 2)		
instruction	CODE:adf3	CODE:adf9	MOVX A,@DPTR	1	read	EXTMEM	1	(unique, 0x2800, 2)		
instruction	CODE:adf3	CODE:adfb	RET	1	read	INTMEM	1	(register, 0x40, 1)		
instruction	CODE:adf3	CODE:adfb	RET	3	read	INTMEM	1	(register, 0x40, 1)		
instruction	CODE:adfc	CODE:adfd	MOVX A,@DPTR	1	read	EXTMEM	1	(unique, 0x2800, 2)		
instruction	CODE:adfc	CODE:ae01	MOVX A,@DPTR	1	read	EXTMEM	1	(unique, 0x2800, 2)		
instruction	CODE:adfc	CODE:ae05	MOVX @DPTR,A	2	write	EXTMEM	1	(unique, 0x2800, 2)		(unique, 0x2900, 1)
instruction	CODE:adfc	CODE:ae0e	MOVX A,@DPTR	1	read	EXTMEM	1	(unique, 0x2800, 2)		
instruction	CODE:adfc	CODE:ae11	MOVX @DPTR,A	2	write	EXTMEM	1	(unique, 0x2800, 2)		(unique, 0x2900, 1)
instruction	CODE:adfc	CODE:ae12	RET	1	read	INTMEM	1	(register, 0x40, 1)		
instruction	CODE:adfc	CODE:ae12	RET	3	read	INTMEM	1	(register, 0x40, 1)		
instruction	CODE:ae13	CODE:ae14	MOVX A,@DPTR	1	read	EXTMEM	1	(unique, 0x2800, 2)		
instruction	CODE:ae13	CODE:ae18	MOVX A,@DPTR	1	read	EXTMEM	1	(unique, 0x2800, 2)		
instruction	CODE:ae13	CODE:ae1c	MOVX @DPTR,A	2	write	EXTMEM	1	(unique, 0x2800, 2)		(unique, 0x2900, 1)
instruction	CODE:ae13	CODE:ae25	MOVX A,@DPTR	1	read	EXTMEM	1	(unique, 0x2800, 2)		
instruction	CODE:ae13	CODE:ae28	MOVX @DPTR,A	2	write	EXTMEM	1	(unique, 0x2800, 2)		(unique, 0x2900, 1)
instruction	CODE:ae13	CODE:ae29	RET	1	read	INTMEM	1	(register, 0x40, 1)		
instruction	CODE:ae13	CODE:ae29	RET	3	read	INTMEM	1	(register, 0x40, 1)		
instruction	CODE:ae2a	CODE:ae2b	MOVX @DPTR,A	2	write	EXTMEM	1	(unique, 0x2800, 2)		(unique, 0x2900, 1)
instruction	CODE:ae2a	CODE:ae2e	MOVX @DPTR,A	2	write	EXTMEM	1	(unique, 0x2800, 2)		(unique, 0x2900, 1)
instruction	CODE:ae2a	CODE:ae31	MOVX @DPTR,A	2	write	EXTMEM	1	(unique, 0x2800, 2)		(unique, 0x2900, 1)
instruction	CODE:ae2a	CODE:ae32	RET	1	read	INTMEM	1	(register, 0x40, 1)		
instruction	CODE:ae2a	CODE:ae32	RET	3	read	INTMEM	1	(register, 0x40, 1)		
instruction	CODE:ae53	CODE:ae53	POP DPH	0	read	INTMEM	1	(register, 0x40, 1)		
instruction	CODE:ae53	CODE:ae55	POP DPL	0	read	INTMEM	1	(register, 0x40, 1)		
instruction	CODE:ae53	CODE:ae59	MOVC A,@A+DPTR	2	read	CODE	1	(unique, 0x2400, 2)		
instruction	CODE:ae53	CODE:ae5e	MOVC A,@A+DPTR	2	read	CODE	1	(unique, 0x2400, 2)		
instruction	CODE:ae53	CODE:ae63	MOVC A,@A+DPTR	2	read	CODE	1	(unique, 0x2400, 2)		
instruction	CODE:ae53	CODE:ae67	MOVC A,@A+DPTR	2	read	CODE	1	(unique, 0x2400, 2)		
instruction	CODE:ae53	CODE:ae70	MOVC A,@A+DPTR	2	read	CODE	1	(unique, 0x2400, 2)		
instruction	CODE:aeac	CODE:aebe	RET	1	read	INTMEM	1	(register, 0x40, 1)		
instruction	CODE:aeac	CODE:aebe	RET	3	read	INTMEM	1	(register, 0x40, 1)		
instruction	CODE:aeac	CODE:aec7	RET	1	read	INTMEM	1	(register, 0x40, 1)		
instruction	CODE:aeac	CODE:aec7	RET	3	read	INTMEM	1	(register, 0x40, 1)		
instruction	CODE:aeac	CODE:aecf	RET	1	read	INTMEM	1	(register, 0x40, 1)		
instruction	CODE:aeac	CODE:aecf	RET	3	read	INTMEM	1	(register, 0x40, 1)		
instruction	CODE:aed0	CODE:aefc	RET	1	read	INTMEM	1	(register, 0x40, 1)		
instruction	CODE:aed0	CODE:aefc	RET	3	read	INTMEM	1	(register, 0x40, 1)		
instruction	CODE:aefd	CODE:af0d	MOVX @DPTR,A	2	write	EXTMEM	1	(unique, 0x2800, 2)		(unique, 0x2900, 1)
instruction	CODE:aefd	CODE:af13	RET	1	read	INTMEM	1	(register, 0x40, 1)		
instruction	CODE:aefd	CODE:af13	RET	3	read	INTMEM	1	(register, 0x40, 1)		
instruction	CODE:aefd	CODE:af18	MOV @R1,A	1	write	INTMEM	1	(register, 0x1, 1)		(unique, 0x2a00, 1)
instruction	CODE:aefd	CODE:af1e	RET	1	read	INTMEM	1	(register, 0x40, 1)		
instruction	CODE:aefd	CODE:af1e	RET	3	read	INTMEM	1	(register, 0x40, 1)		
instruction	CODE:aefd	CODE:af22	MOVX @R1,A	2	write	EXTMEM	1	(unique, 0x2c00, 2)		(unique, 0x2d00, 1)
instruction	CODE:aefd	CODE:af28	RET	1	read	INTMEM	1	(register, 0x40, 1)		
instruction	CODE:aefd	CODE:af28	RET	3	read	INTMEM	1	(register, 0x40, 1)		
instruction	CODE:af29	CODE:af29	MOVX A,@R0	1	read	EXTMEM	1	(unique, 0x2c00, 2)		
instruction	CODE:af29	CODE:af2c	MOVX A,@R0	1	read	EXTMEM	1	(unique, 0x2c00, 2)		
instruction	CODE:af29	CODE:af2f	MOVX A,@R0	1	read	EXTMEM	1	(unique, 0x2c00, 2)		
instruction	CODE:af29	CODE:af32	MOVX A,@R0	1	read	EXTMEM	1	(unique, 0x2c00, 2)		
instruction	CODE:af29	CODE:af34	RET	1	read	INTMEM	1	(register, 0x40, 1)		
instruction	CODE:af29	CODE:af34	RET	3	read	INTMEM	1	(register, 0x40, 1)		
instruction	CODE:af35	CODE:af36	MOVC A,@A+DPTR	2	read	CODE	1	(unique, 0x2400, 2)		
instruction	CODE:af35	CODE:af3a	MOVC A,@A+DPTR	2	read	CODE	1	(unique, 0x2400, 2)		
instruction	CODE:af35	CODE:af3e	MOVC A,@A+DPTR	2	read	CODE	1	(unique, 0x2400, 2)		
instruction	CODE:af35	CODE:af42	MOVC A,@A+DPTR	2	read	CODE	1	(unique, 0x2400, 2)		
instruction	CODE:af35	CODE:af44	RET	1	read	INTMEM	1	(register, 0x40, 1)		
instruction	CODE:af35	CODE:af44	RET	3	read	INTMEM	1	(register, 0x40, 1)		
instruction	CODE:af45	CODE:af46	MOVX @R0,A	2	write	EXTMEM	1	(unique, 0x2c00, 2)		(unique, 0x2d00, 1)
instruction	CODE:af45	CODE:af49	MOVX @R0,A	2	write	EXTMEM	1	(unique, 0x2c00, 2)		(unique, 0x2d00, 1)
instruction	CODE:af45	CODE:af4c	MOVX @R0,A	2	write	EXTMEM	1	(unique, 0x2c00, 2)		(unique, 0x2d00, 1)
instruction	CODE:af45	CODE:af4f	MOVX @R0,A	2	write	EXTMEM	1	(unique, 0x2c00, 2)		(unique, 0x2d00, 1)
instruction	CODE:af45	CODE:af50	RET	1	read	INTMEM	1	(register, 0x40, 1)		
instruction	CODE:af45	CODE:af50	RET	3	read	INTMEM	1	(register, 0x40, 1)		
instruction	CODE:af51	CODE:af51	POP DPH	0	read	INTMEM	1	(register, 0x40, 1)		
instruction	CODE:af51	CODE:af53	POP DPL	0	read	INTMEM	1	(register, 0x40, 1)		
instruction	CODE:af51	CODE:af56	MOVC A,@A+DPTR	2	read	CODE	1	(unique, 0x2400, 2)		
instruction	CODE:af51	CODE:af57	MOVX @R0,A	2	write	EXTMEM	1	(unique, 0x2c00, 2)		(unique, 0x2d00, 1)
instruction	CODE:af51	CODE:af5b	MOVC A,@A+DPTR	2	read	CODE	1	(unique, 0x2400, 2)		
instruction	CODE:af51	CODE:af5c	MOVX @R0,A	2	write	EXTMEM	1	(unique, 0x2c00, 2)		(unique, 0x2d00, 1)
instruction	CODE:af51	CODE:af60	MOVC A,@A+DPTR	2	read	CODE	1	(unique, 0x2400, 2)		
instruction	CODE:af51	CODE:af61	MOVX @R0,A	2	write	EXTMEM	1	(unique, 0x2c00, 2)		(unique, 0x2d00, 1)
instruction	CODE:af51	CODE:af65	MOVC A,@A+DPTR	2	read	CODE	1	(unique, 0x2400, 2)		
instruction	CODE:af51	CODE:af66	MOVX @R0,A	2	write	EXTMEM	1	(unique, 0x2c00, 2)		(unique, 0x2d00, 1)
instruction	CODE:af6a	CODE:af6a	MOV A,@R0	0	read	INTMEM	1	(register, 0x0, 1)		
instruction	CODE:af6a	CODE:af6d	MOV A,@R0	0	read	INTMEM	1	(register, 0x0, 1)		
instruction	CODE:af6a	CODE:af70	MOV A,@R0	0	read	INTMEM	1	(register, 0x0, 1)		
instruction	CODE:af6a	CODE:af72	RET	1	read	INTMEM	1	(register, 0x40, 1)		
instruction	CODE:af6a	CODE:af72	RET	3	read	INTMEM	1	(register, 0x40, 1)		
instruction	CODE:af73	CODE:af73	MOVX A,@R0	1	read	EXTMEM	1	(unique, 0x2c00, 2)		
instruction	CODE:af73	CODE:af76	MOVX A,@R0	1	read	EXTMEM	1	(unique, 0x2c00, 2)		
instruction	CODE:af73	CODE:af79	MOVX A,@R0	1	read	EXTMEM	1	(unique, 0x2c00, 2)		
instruction	CODE:af73	CODE:af7b	RET	1	read	INTMEM	1	(register, 0x40, 1)		
instruction	CODE:af73	CODE:af7b	RET	3	read	INTMEM	1	(register, 0x40, 1)		
instruction	CODE:af7c	CODE:af7d	MOVC A,@A+DPTR	2	read	CODE	1	(unique, 0x2400, 2)		
instruction	CODE:af7c	CODE:af81	MOVC A,@A+DPTR	2	read	CODE	1	(unique, 0x2400, 2)		
instruction	CODE:af7c	CODE:af85	MOVC A,@A+DPTR	2	read	CODE	1	(unique, 0x2400, 2)		
instruction	CODE:af7c	CODE:af87	RET	1	read	INTMEM	1	(register, 0x40, 1)		
instruction	CODE:af7c	CODE:af87	RET	3	read	INTMEM	1	(register, 0x40, 1)		
instruction	CODE:af88	CODE:af8b	MOV @R0,A	1	write	INTMEM	1	(register, 0x0, 1)		(unique, 0x2a00, 1)
instruction	CODE:af88	CODE:af96	MOVX @DPTR,A	2	write	EXTMEM	1	(unique, 0x2800, 2)		(unique, 0x2900, 1)
instruction	CODE:af88	CODE:afa6	MOVC A,@A+DPTR	2	read	CODE	1	(unique, 0x2400, 2)		
instruction	CODE:af88	CODE:afaa	MOVC A,@A+DPTR	2	read	CODE	1	(unique, 0x2400, 2)		
instruction	CODE:af88	CODE:afae	MOV @R0,A	1	write	INTMEM	1	(register, 0x0, 1)		(unique, 0x2a00, 1)
instruction	CODE:af88	CODE:afb1	MOVX @R0,A	2	write	EXTMEM	1	(unique, 0x2c00, 2)		(unique, 0x2d00, 1)
instruction	CODE:af88	CODE:afb8	MOVC A,@A+DPTR	2	read	CODE	1	(unique, 0x2400, 2)		
instruction	CODE:af88	CODE:afc8	MOVC A,@A+PC	2	read	CODE	1	(unique, 0x2700, 2)		
instruction	CODE:af88	CODE:afcc	ANL A,@R0	0	read	INTMEM	1	(register, 0x0, 1)		
instruction	CODE:af88	CODE:afcf	ORL A,@R0	0	read	INTMEM	1	(register, 0x0, 1)		
instruction	CODE:af88	CODE:afd0	MOV @R0,A	1	write	INTMEM	1	(register, 0x0, 1)		(unique, 0x2a00, 1)
instruction	CODE:af88	CODE:afe3	MOVC A,@A+DPTR	2	read	CODE	1	(unique, 0x2400, 2)		
instruction	CODE:af88	CODE:aff1	MOVC A,@A+DPTR	2	read	CODE	1	(unique, 0x2400, 2)		
instruction	CODE:af88	CODE:b000	MOVC A,@A+DPTR	2	read	CODE	1	(unique, 0x2400, 2)		
instruction	CODE:af88	CODE:b004	MOVC A,@A+DPTR	2	read	CODE	1	(unique, 0x2400, 2)		
instruction	CODE:af88	CODE:b008	MOVC A,@A+DPTR	2	read	CODE	1	(unique, 0x2400, 2)		
instruction	CODE:af88	CODE:b012	MOVX @DPTR,A	2	write	EXTMEM	1	(unique, 0x2800, 2)		(unique, 0x2900, 1)
