from	to	type
CODE:1000	CODE:af88	UNCONDITIONAL_JUMP
CODE:1003	CODE:67ff	UNCONDITIONAL_JUMP
CODE:1006	BITS:10	WRITE
CODE:1008	BITS:11	WRITE
CODE:100b	CODE:50fb	UNCONDITIONAL_JUMP
CODE:1010	CODE:a646	UNCONDITIONAL_CALL
CODE:1013	CODE:4fff	UNCONDITIONAL_JUMP
CODE:1018	CODE:a646	UNCONDITIONAL_CALL
CODE:101b	CODE:77b4	UNCONDITIONAL_JUMP
CODE:101e	CODE:54bf	UNCONDITIONAL_CALL
CODE:1021	CODE:1021	UNCONDITIONAL_JUMP
CODE:1023	CODE:78ee	UNCONDITIONAL_JUMP
CODE:1026	BITS:0c	WRITE
CODE:1028	CODE:a417	UNCONDITIONAL_CALL
CODE:102b	CODE:97ff	UNCONDITIONAL_JUMP
CODE:1030	CODE:a32a	UNCONDITIONAL_CALL
CODE:1033	CODE:9645	UNCONDITIONAL_CALL
CODE:1038	CODE:7bca	UNCONDITIONAL_CALL
CODE:103b	CODE:47aa	UNCONDITIONAL_JUMP
CODE:1040	CODE:a32a	UNCONDITIONAL_CALL
CODE:1043	CODE:75c0	UNCONDITIONAL_JUMP
CODE:1048	CODE:a32a	UNCONDITIONAL_CALL
CODE:104b	CODE:5c3c	UNCONDITIONAL_JUMP
CODE:1052	EXTMEM:05dd	READ
CODE:1058	EXTMEM:05dc	READ
CODE:105b	CODE:106b	CONDITIONAL_JUMP
CODE:105e	EXTMEM:05dc	WRITE
CODE:1060	EXTMEM:05dd	WRITE
CODE:1061	CODE:9924	UNCONDITIONAL_CALL
CODE:1068	CODE:9e59	UNCONDITIONAL_CALL
CODE:106b	CODE:a7a4	UNCONDITIONAL_CALL
CODE:1070	CODE:8bc8	UNCONDITIONAL_CALL
CODE:1078	INTMEM:c9	READ
CODE:1098	INTMEM:a4	READ
CODE:109f	CODE:1e8d	UNCONDITIONAL_CALL
CODE:10a8	SFR:b9	READ_WRITE
CODE:10ba	EXTMEM:04a4	WRITE
CODE:10bd	EXTMEM:04a5	WRITE
CODE:10bf	CODE:10c3	CONDITIONAL_JUMP
CODE:10c1	CODE:16ec	UNCONDITIONAL_JUMP
CODE:10c6	EXTMEM:04a4	READ
CODE:10cb	EXTMEM:04a5	READ
CODE:10cf	CODE:8776	UNCONDITIONAL_CALL
CODE:10d5	EXTMEM:04a5	READ
CODE:10d6	CODE:ae53	UNCONDITIONAL_CALL
CODE:10d6	CODE:1374	COMPUTED_JUMP
CODE:10d6	CODE:13b3	COMPUTED_JUMP
CODE:10d6	CODE:13d4	COMPUTED_JUMP
CODE:10d6	CODE:13f8	COMPUTED_JUMP
CODE:10d6	CODE:1401	COMPUTED_JUMP
CODE:10d6	CODE:1420	COMPUTED_JUMP
CODE:10d6	CODE:14f2	COMPUTED_JUMP
CODE:10d6	CODE:1438	COMPUTED_JUMP
CODE:10d6	CODE:1636	COMPUTED_JUMP
CODE:10d6	CODE:144e	COMPUTED_JUMP
CODE:10d6	CODE:1462	COMPUTED_JUMP
CODE:10d6	CODE:146c	COMPUTED_JUMP
CODE:10d6	CODE:15c0	COMPUTED_JUMP
CODE:10d6	CODE:1531	COMPUTED_JUMP
CODE:10d6	CODE:135a	COMPUTED_JUMP
CODE:10d6	CODE:1356	COMPUTED_JUMP
CODE:10d6	CODE:1543	COMPUTED_JUMP
CODE:10d6	CODE:1501	COMPUTED_JUMP
CODE:10d6	CODE:1523	COMPUTED_JUMP
CODE:10d6	CODE:14fc	COMPUTED_JUMP
CODE:10d6	CODE:1630	COMPUTED_JUMP
CODE:10d6	CODE:1506	COMPUTED_JUMP
CODE:10d6	CODE:1515	COMPUTED_JUMP
CODE:10d6	CODE:151e	COMPUTED_JUMP
CODE:10d6	CODE:1563	COMPUTED_JUMP
CODE:10d6	CODE:1572	COMPUTED_JUMP
CODE:10d6	CODE:1567	COMPUTED_JUMP
CODE:10d6	CODE:1593	COMPUTED_JUMP
CODE:10d6	CODE:15b2	COMPUTED_JUMP
CODE:10d6	CODE:15c7	COMPUTED_JUMP
CODE:10d6	CODE:15d0	COMPUTED_JUMP
CODE:10d6	CODE:1212	COMPUTED_JUMP
CODE:10d6	CODE:1232	COMPUTED_JUMP
CODE:10d6	CODE:124a	COMPUTED_JUMP
CODE:10d6	CODE:125e	COMPUTED_JUMP
CODE:10d6	CODE:129a	COMPUTED_JUMP
CODE:10d6	CODE:129f	COMPUTED_JUMP
CODE:10d6	CODE:12a9	COMPUTED_JUMP
CODE:10d6	CODE:11dc	COMPUTED_JUMP
CODE:10d6	CODE:1201	COMPUTED_JUMP
CODE:10d6	CODE:1316	COMPUTED_JUMP
CODE:10d6	CODE:11d3	COMPUTED_JUMP
CODE:10d6	CODE:132e	COMPUTED_JUMP
CODE:10d6	CODE:1344	COMPUTED_JUMP
CODE:10d6	CODE:1346	COMPUTED_JUMP
CODE:10d6	CODE:134d	COMPUTED_JUMP
CODE:10d6	CODE:131d	COMPUTED_JUMP
CODE:10d6	CODE:1318	COMPUTED_JUMP
CODE:10d6	CODE:1321	COMPUTED_JUMP
CODE:10d6	CODE:132c	COMPUTED_JUMP
CODE:10d6	CODE:1641	COMPUTED_JUMP
CODE:10d6	CODE:150b	COMPUTED_JUMP
CODE:10d6	CODE:1528	COMPUTED_JUMP
CODE:10d6	CODE:1510	COMPUTED_JUMP
CODE:10d6	CODE:15d7	COMPUTED_JUMP
CODE:10d6	CODE:15e7	COMPUTED_JUMP
CODE:10d6	CODE:163a	COMPUTED_JUMP
CODE:10d6	CODE:1629	COMPUTED_JUMP
CODE:10d6	CODE:160b	COMPUTED_JUMP
CODE:10d6	CODE:15ff	COMPUTED_JUMP
CODE:10d6	CODE:15eb	COMPUTED_JUMP
CODE:10d6	CODE:15ef	COMPUTED_JUMP
CODE:10d6	CODE:155c	COMPUTED_JUMP
CODE:10d6	CODE:16dd	COMPUTED_JUMP
CODE:10d6	CODE:1646	COMPUTED_JUMP
CODE:10d6	CODE:1651	COMPUTED_JUMP
CODE:10d6	CODE:165c	COMPUTED_JUMP
CODE:10d6	CODE:13b5	COMPUTED_JUMP
CODE:10d6	CODE:13cc	COMPUTED_JUMP
CODE:10d6	CODE:1679	COMPUTED_JUMP
CODE:10d6	CODE:169e	COMPUTED_JUMP
CODE:10d6	CODE:16b8	COMPUTED_JUMP
CODE:10d6	CODE:16c2	COMPUTED_JUMP
CODE:10d6	CODE:16cc	COMPUTED_JUMP
CODE:10d6	CODE:168a	COMPUTED_JUMP
CODE:10d6	CODE:1694	COMPUTED_JUMP
CODE:10d6	CODE:16e4	COMPUTED_JUMP
CODE:11d5	CODE:a73f	UNCONDITIONAL_CALL
CODE:11da	CODE:163c	UNCONDITIONAL_JUMP
CODE:11dc	CODE:a670	UNCONDITIONAL_CALL
CODE:11df	CODE:a751	UNCONDITIONAL_CALL
CODE:11e6	CODE:11ea	CONDITIONAL_JUMP
CODE:11e8	CODE:16e4	UNCONDITIONAL_JUMP
CODE:11ef	EXTMEM:04a5	WRITE
CODE:11f4	CODE:9a23	UNCONDITIONAL_CALL
CODE:11f9	CODE:6a27	UNCONDITIONAL_CALL
CODE:11fc	CODE:a709	UNCONDITIONAL_CALL
CODE:11ff	CODE:16e4	UNCONDITIONAL_JUMP
CODE:1201	CODE:a809	UNCONDITIONAL_CALL
CODE:1204	CODE:a595	UNCONDITIONAL_CALL
CODE:1208	CODE:120c	CONDITIONAL_JUMP
CODE:120a	CODE:16e4	UNCONDITIONAL_JUMP
CODE:1216	CODE:90d1	UNCONDITIONAL_CALL
CODE:121f	CODE:1224	CONDITIONAL_JUMP
CODE:1221	CODE:a382	UNCONDITIONAL_CALL
CODE:1224	CODE:a0f5	UNCONDITIONAL_CALL
CODE:1229	CODE:a73f	UNCONDITIONAL_CALL
CODE:1232	CODE:a11f	UNCONDITIONAL_CALL
CODE:1235	CODE:1239	CONDITIONAL_JUMP
CODE:1237	CODE:16e4	UNCONDITIONAL_JUMP
CODE:1239	CODE:a435	UNCONDITIONAL_CALL
CODE:123c	CODE:1240	CONDITIONAL_JUMP
CODE:123e	CODE:16e4	UNCONDITIONAL_JUMP
CODE:1240	CODE:a6f7	UNCONDITIONAL_CALL
CODE:1246	CODE:124a	CONDITIONAL_JUMP
CODE:1248	CODE:16e4	UNCONDITIONAL_JUMP
CODE:124f	EXTMEM:04a5	WRITE
CODE:1253	EXTMEM:04a4	READ
CODE:1256	CODE:125a	CONDITIONAL_JUMP
CODE:1258	CODE:16e4	UNCONDITIONAL_JUMP
CODE:125c	CODE:162b	UNCONDITIONAL_JUMP
CODE:1265	CODE:126e	CONDITIONAL_JUMP
CODE:126b	CODE:a638	UNCONDITIONAL_CALL
CODE:126e	CODE:9f19	UNCONDITIONAL_CALL
CODE:1278	CODE:6891	UNCONDITIONAL_CALL
CODE:127b	CODE:a29b	UNCONDITIONAL_CALL
CODE:127e	CODE:a356	UNCONDITIONAL_CALL
CODE:1281	CODE:1296	CONDITIONAL_JUMP
CODE:1284	CODE:a1b7	UNCONDITIONAL_CALL
CODE:1287	CODE:1296	CONDITIONAL_JUMP
CODE:1289	CODE:a715	UNCONDITIONAL_CALL
CODE:1290	CODE:1296	CONDITIONAL_JUMP
CODE:1294	CODE:16df	UNCONDITIONAL_JUMP
CODE:1298	CODE:1606	UNCONDITIONAL_JUMP
CODE:129a	CODE:a111	UNCONDITIONAL_CALL
CODE:12a1	CODE:162b	UNCONDITIONAL_JUMP
CODE:12a9	CODE:9f19	UNCONDITIONAL_CALL
CODE:12b0	CODE:12ba	CONDITIONAL_JUMP
CODE:12b3	CODE:a3a3	UNCONDITIONAL_CALL
CODE:12b6	CODE:12ba	CONDITIONAL_JUMP
CODE:12b8	CODE:11dc	UNCONDITIONAL_CALL
CODE:12ba	CODE:a739	UNCONDITIONAL_CALL
CODE:12c2	CODE:ae53	UNCONDITIONAL_CALL
CODE:12c2	CODE:12e4	COMPUTED_JUMP
CODE:12c2	CODE:12e8	COMPUTED_JUMP
CODE:12c2	CODE:12f4	COMPUTED_JUMP
CODE:12c2	CODE:12f8	COMPUTED_JUMP
CODE:12c2	CODE:12fd	COMPUTED_JUMP
CODE:12e6	CODE:12fa	UNCONDITIONAL_JUMP
CODE:12ea	CODE:a73f	UNCONDITIONAL_CALL
CODE:12ef	CODE:a03c	UNCONDITIONAL_CALL
CODE:12f2	CODE:12fd	UNCONDITIONAL_JUMP
CODE:12f6	CODE:12fa	UNCONDITIONAL_JUMP
CODE:12fa	CODE:a73f	UNCONDITIONAL_CALL
CODE:12fd	CODE:a153	UNCONDITIONAL_CALL
CODE:1300	CODE:1307	CONDITIONAL_JUMP
CODE:1304	CODE:a03c	UNCONDITIONAL_CALL
CODE:130e	CODE:1312	CONDITIONAL_JUMP
CODE:1310	CODE:16e4	UNCONDITIONAL_JUMP
CODE:1314	CODE:1606	UNCONDITIONAL_JUMP
CODE:1316	CODE:1523	UNCONDITIONAL_JUMP
CODE:1318	CODE:9f79	UNCONDITIONAL_CALL
CODE:131b	CODE:16e4	UNCONDITIONAL_JUMP
CODE:131f	CODE:162b	UNCONDITIONAL_JUMP
CODE:1321	CODE:9e38	UNCONDITIONAL_CALL
CODE:132a	CODE:16e4	UNCONDITIONAL_JUMP
CODE:132c	CODE:1501	UNCONDITIONAL_JUMP
CODE:1330	CODE:a73f	UNCONDITIONAL_CALL
CODE:1337	CODE:7ef7	UNCONDITIONAL_CALL
CODE:133a	CODE:a7ae	UNCONDITIONAL_CALL
CODE:133f	CODE:a05a	UNCONDITIONAL_CALL
CODE:1342	CODE:16e4	UNCONDITIONAL_JUMP
CODE:1344	CODE:15c7	UNCONDITIONAL_JUMP
CODE:1348	CODE:a73f	UNCONDITIONAL_CALL
CODE:134b	CODE:124a	UNCONDITIONAL_CALL
CODE:134f	CODE:9819	UNCONDITIONAL_CALL
CODE:1354	CODE:162b	UNCONDITIONAL_JUMP
CODE:1358	CODE:153b	UNCONDITIONAL_JUMP
CODE:135a	CODE:4ffe	UNCONDITIONAL_CALL
CODE:135d	CODE:a0f5	UNCONDITIONAL_CALL
CODE:1360	BITS:0c	WRITE
CODE:1367	CODE:8954	UNCONDITIONAL_CALL
CODE:136c	CODE:162b	UNCONDITIONAL_JUMP
CODE:1378	CODE:1394	CONDITIONAL_JUMP
CODE:137b	CODE:a40d	UNCONDITIONAL_CALL
CODE:1382	CODE:90d1	UNCONDITIONAL_CALL
CODE:1385	CODE:a721	UNCONDITIONAL_CALL
CODE:138a	CODE:a03c	UNCONDITIONAL_CALL
CODE:138f	CODE:9115	UNCONDITIONAL_CALL
CODE:1392	CODE:139f	UNCONDITIONAL_JUMP
CODE:1394	CODE:a382	UNCONDITIONAL_CALL
CODE:1399	CODE:8ecd	UNCONDITIONAL_CALL
CODE:139c	CODE:a781	UNCONDITIONAL_CALL
CODE:139f	CODE:a77b	UNCONDITIONAL_CALL
CODE:13a4	CODE:a73f	UNCONDITIONAL_CALL
CODE:13ad	CODE:13b1	CONDITIONAL_JUMP
CODE:13af	CODE:16e4	UNCONDITIONAL_JUMP
CODE:13b1	CODE:13fe	UNCONDITIONAL_JUMP
CODE:13b3	CODE:1646	UNCONDITIONAL_JUMP
CODE:13b5	CODE:9f19	UNCONDITIONAL_CALL
CODE:13b8	CODE:7338	UNCONDITIONAL_CALL
CODE:13be	CODE:13ca	CONDITIONAL_JUMP
CODE:13c6	CODE:13ca	CONDITIONAL_JUMP
CODE:13c8	CODE:1694	UNCONDITIONAL_JUMP
CODE:13ca	CODE:13fb	UNCONDITIONAL_JUMP
CODE:13cc	CODE:9f19	UNCONDITIONAL_CALL
CODE:13cf	CODE:7800	UNCONDITIONAL_CALL
CODE:13d2	CODE:13fb	UNCONDITIONAL_JUMP
CODE:13d4	CODE:9f19	UNCONDITIONAL_CALL
CODE:13d7	CODE:4153	UNCONDITIONAL_CALL
CODE:13da	CODE:13ef	CONDITIONAL_JUMP
CODE:13df	CODE:13ea	CONDITIONAL_JUMP
CODE:13e5	BITS:e2	DATA
CODE:13e5	CODE:13ea	CONDITIONAL_JUMP
CODE:13e8	CODE:168a	UNCONDITIONAL_JUMP
CODE:13ea	CODE:8229	UNCONDITIONAL_CALL
CODE:13ed	CODE:13fb	UNCONDITIONAL_JUMP
CODE:13ef	CODE:8229	UNCONDITIONAL_CALL
CODE:13f8	CODE:8229	UNCONDITIONAL_CALL
CODE:13fb	CODE:a721	UNCONDITIONAL_CALL
CODE:13fe	CODE:47a3	UNCONDITIONAL_CALL
CODE:1401	CODE:a763	UNCONDITIONAL_CALL
CODE:1404	CODE:a153	UNCONDITIONAL_CALL
CODE:1407	CODE:1416	CONDITIONAL_JUMP
CODE:140b	CODE:a6a1	UNCONDITIONAL_CALL
CODE:140e	CODE:141c	CONDITIONAL_JUMP
CODE:1410	CODE:9696	UNCONDITIONAL_CALL
CODE:1413	CODE:141c	CONDITIONAL_JUMP
CODE:1416	CODE:47a3	UNCONDITIONAL_CALL
CODE:1419	CODE:984b	UNCONDITIONAL_CALL
CODE:141e	CODE:162b	UNCONDITIONAL_JUMP
CODE:1420	CODE:a677	UNCONDITIONAL_CALL
CODE:1423	CODE:a75d	UNCONDITIONAL_CALL
CODE:142a	CODE:142e	CONDITIONAL_JUMP
CODE:142c	CODE:136e	UNCONDITIONAL_JUMP
CODE:142e	CODE:47a3	UNCONDITIONAL_CALL
CODE:1431	CODE:984b	UNCONDITIONAL_CALL
CODE:1436	CODE:162b	UNCONDITIONAL_JUMP
CODE:1438	CODE:a29b	UNCONDITIONAL_CALL
CODE:143b	CODE:9f19	UNCONDITIONAL_CALL
CODE:143e	CODE:2000	UNCONDITIONAL_CALL
CODE:1441	CODE:1445	CONDITIONAL_JUMP
CODE:1443	CODE:16e4	UNCONDITIONAL_JUMP
CODE:1445	CODE:4ffe	UNCONDITIONAL_CALL
CODE:1450	CODE:6a27	UNCONDITIONAL_CALL
CODE:1453	CODE:a3a3	UNCONDITIONAL_CALL
CODE:1456	CODE:145e	CONDITIONAL_JUMP
CODE:1460	CODE:16df	UNCONDITIONAL_JUMP
CODE:1464	CODE:1606	UNCONDITIONAL_JUMP
CODE:146c	CODE:a739	UNCONDITIONAL_CALL
CODE:1473	CODE:147a	CONDITIONAL_JUMP
CODE:1477	CODE:a05a	UNCONDITIONAL_CALL
CODE:1480	CODE:14e6	CONDITIONAL_JUMP
CODE:1482	CODE:9f19	UNCONDITIONAL_CALL
CODE:1485	CODE:a739	UNCONDITIONAL_CALL
CODE:148d	CODE:ae53	UNCONDITIONAL_CALL
CODE:148d	CODE:14a9	COMPUTED_JUMP
CODE:148d	CODE:14ae	COMPUTED_JUMP
CODE:148d	CODE:14c2	COMPUTED_JUMP
CODE:148d	CODE:14b5	COMPUTED_JUMP
CODE:148d	CODE:14b9	COMPUTED_JUMP
CODE:148d	CODE:14bd	COMPUTED_JUMP
CODE:14ab	CODE:a73f	UNCONDITIONAL_CALL
CODE:14b3	CODE:14c2	UNCONDITIONAL_JUMP
CODE:14b7	CODE:14bf	UNCONDITIONAL_JUMP
CODE:14bb	CODE:14bf	UNCONDITIONAL_JUMP
CODE:14bf	CODE:a73f	UNCONDITIONAL_CALL
CODE:14c4	CODE:6a27	UNCONDITIONAL_CALL
CODE:14c7	CODE:a1ab	UNCONDITIONAL_CALL
CODE:14ca	CODE:14ce	CONDITIONAL_JUMP
CODE:14cc	CODE:16e4	UNCONDITIONAL_JUMP
CODE:14dc	CODE:666b	UNCONDITIONAL_CALL
CODE:14df	BITS:0c	WRITE
CODE:14e1	CODE:a361	UNCONDITIONAL_CALL
CODE:14e4	CODE:16e4	UNCONDITIONAL_JUMP
CODE:14ec	CODE:14f0	CONDITIONAL_JUMP
CODE:14ee	CODE:16e4	UNCONDITIONAL_JUMP
CODE:14f0	CODE:15e2	UNCONDITIONAL_JUMP
CODE:14f4	CODE:162b	UNCONDITIONAL_JUMP
CODE:14fc	CODE:9e38	UNCONDITIONAL_CALL
CODE:14ff	CODE:1466	UNCONDITIONAL_JUMP
CODE:1501	CODE:984b	UNCONDITIONAL_CALL
CODE:1504	CODE:16e4	UNCONDITIONAL_JUMP
CODE:1506	CODE:9f99	UNCONDITIONAL_CALL
CODE:1509	CODE:16e4	UNCONDITIONAL_JUMP
CODE:150b	CODE:8983	UNCONDITIONAL_CALL
CODE:150e	CODE:16e4	UNCONDITIONAL_JUMP
CODE:1510	CODE:8591	UNCONDITIONAL_CALL
CODE:1513	CODE:16e4	UNCONDITIONAL_JUMP
CODE:1515	CODE:a790	UNCONDITIONAL_CALL
CODE:1518	CODE:151c	CONDITIONAL_JUMP
CODE:151a	CODE:16e4	UNCONDITIONAL_JUMP
CODE:151c	CODE:14f6	UNCONDITIONAL_JUMP
CODE:151e	CODE:9159	UNCONDITIONAL_CALL
CODE:1521	CODE:16e4	UNCONDITIONAL_JUMP
CODE:1523	CODE:a28f	UNCONDITIONAL_CALL
CODE:1526	CODE:16e4	UNCONDITIONAL_JUMP
CODE:1528	CODE:a53c	UNCONDITIONAL_CALL
CODE:152b	CODE:152f	CONDITIONAL_JUMP
CODE:152d	CODE:1466	UNCONDITIONAL_JUMP
CODE:152f	CODE:12a3	UNCONDITIONAL_JUMP
CODE:1533	CODE:6a27	UNCONDITIONAL_CALL
CODE:1536	CODE:a670	UNCONDITIONAL_CALL
CODE:153b	CODE:a03c	UNCONDITIONAL_CALL
CODE:153e	CODE:4ffe	UNCONDITIONAL_CALL
CODE:1541	CODE:16e4	UNCONDITIONAL_JUMP
CODE:1543	CODE:a0f5	UNCONDITIONAL_CALL
CODE:1546	CODE:a595	UNCONDITIONAL_CALL
CODE:154a	CODE:1551	CONDITIONAL_JUMP
CODE:154c	CODE:9832	UNCONDITIONAL_CALL
CODE:154f	CODE:16e4	UNCONDITIONAL_JUMP
CODE:1555	CODE:9a23	UNCONDITIONAL_CALL
CODE:155a	CODE:1606	UNCONDITIONAL_JUMP
CODE:155e	CODE:8601	UNCONDITIONAL_CALL
CODE:1561	CODE:16e4	UNCONDITIONAL_JUMP
CODE:1565	CODE:1606	UNCONDITIONAL_JUMP
CODE:1569	CODE:a73f	UNCONDITIONAL_CALL
CODE:1570	CODE:15cb	UNCONDITIONAL_JUMP
CODE:1586	CODE:7ef7	UNCONDITIONAL_CALL
CODE:158b	CODE:1606	UNCONDITIONAL_JUMP
CODE:1593	CODE:a65b	UNCONDITIONAL_CALL
CODE:1596	CODE:159d	CONDITIONAL_JUMP
CODE:1598	CODE:a42b	UNCONDITIONAL_CALL
CODE:159b	CODE:15a5	CONDITIONAL_JUMP
CODE:15a3	CODE:1579	UNCONDITIONAL_JUMP
CODE:15a5	CODE:9a39	UNCONDITIONAL_CALL
CODE:15aa	CODE:162b	UNCONDITIONAL_JUMP
CODE:15b6	CODE:7ef7	UNCONDITIONAL_CALL
CODE:15bb	CODE:a73f	UNCONDITIONAL_CALL
CODE:15be	CODE:16e4	UNCONDITIONAL_JUMP
CODE:15c2	CODE:9819	UNCONDITIONAL_CALL
CODE:15c5	CODE:16e4	UNCONDITIONAL_JUMP
CODE:15cb	CODE:7ef7	UNCONDITIONAL_CALL
CODE:15ce	CODE:16e4	UNCONDITIONAL_JUMP
CODE:15d2	CODE:a73f	UNCONDITIONAL_CALL
CODE:15d5	CODE:13fe	UNCONDITIONAL_JUMP
CODE:15df	CODE:6a27	UNCONDITIONAL_CALL
CODE:15e2	CODE:a7ae	UNCONDITIONAL_CALL
CODE:15e5	CODE:16e4	UNCONDITIONAL_JUMP
CODE:15e9	CODE:1606	UNCONDITIONAL_JUMP
CODE:15ed	CODE:163c	UNCONDITIONAL_JUMP
CODE:15ef	CODE:a53c	UNCONDITIONAL_CALL
CODE:15f2	CODE:15f6	CONDITIONAL_JUMP
CODE:15f4	CODE:12a3	UNCONDITIONAL_JUMP
CODE:15f6	CODE:a153	UNCONDITIONAL_CALL
CODE:15f9	CODE:15fd	CONDITIONAL_JUMP
CODE:15fb	CODE:1466	UNCONDITIONAL_JUMP
CODE:15fd	CODE:158d	UNCONDITIONAL_JUMP
CODE:15ff	BITS:0c	WRITE
CODE:1601	CODE:a398	UNCONDITIONAL_CALL
CODE:1606	CODE:a63f	UNCONDITIONAL_CALL
CODE:1609	CODE:16e4	UNCONDITIONAL_JUMP
CODE:160d	CODE:a63f	UNCONDITIONAL_CALL
CODE:1610	CODE:a53c	UNCONDITIONAL_CALL
CODE:1613	CODE:1617	CONDITIONAL_JUMP
CODE:1615	CODE:1466	UNCONDITIONAL_JUMP
CODE:1617	CODE:a739	UNCONDITIONAL_CALL
CODE:161d	CODE:1621	CONDITIONAL_JUMP
CODE:161f	CODE:12a3	UNCONDITIONAL_JUMP
CODE:1627	CODE:16e4	UNCONDITIONAL_JUMP
CODE:162b	CODE:a03c	UNCONDITIONAL_CALL
CODE:162e	CODE:16e4	UNCONDITIONAL_JUMP
CODE:1630	CODE:9f19	UNCONDITIONAL_CALL
CODE:1633	CODE:a0f5	UNCONDITIONAL_CALL
CODE:1638	CODE:163c	UNCONDITIONAL_JUMP
CODE:163c	CODE:6a27	UNCONDITIONAL_CALL
CODE:163f	CODE:16e4	UNCONDITIONAL_JUMP
CODE:1641	CODE:917b	UNCONDITIONAL_CALL
CODE:1644	CODE:16e4	UNCONDITIONAL_JUMP
CODE:164c	CODE:5a9d	UNCONDITIONAL_CALL
CODE:164f	CODE:16e4	UNCONDITIONAL_JUMP
CODE:1651	CODE:4153	UNCONDITIONAL_CALL
CODE:1654	CODE:165c	CONDITIONAL_JUMP
CODE:165c	CODE:a53c	UNCONDITIONAL_CALL
CODE:165f	CODE:1663	CONDITIONAL_JUMP
CODE:1661	CODE:12a3	UNCONDITIONAL_JUMP
CODE:1663	CODE:a3ae	UNCONDITIONAL_CALL
CODE:1666	CODE:166a	CONDITIONAL_JUMP
CODE:1668	CODE:1466	UNCONDITIONAL_JUMP
CODE:166a	CODE:a786	UNCONDITIONAL_CALL
CODE:166d	CODE:1671	CONDITIONAL_JUMP
CODE:166f	CODE:15ac	UNCONDITIONAL_JUMP
CODE:1677	CODE:1579	UNCONDITIONAL_JUMP
CODE:167f	CODE:5a9d	UNCONDITIONAL_CALL
CODE:1688	CODE:16e4	UNCONDITIONAL_JUMP
CODE:168c	CODE:1703	UNCONDITIONAL_CALL
CODE:1692	CODE:16e4	UNCONDITIONAL_JUMP
CODE:1696	CODE:1703	UNCONDITIONAL_CALL
CODE:169c	CODE:16e4	UNCONDITIONAL_JUMP
CODE:169e	CODE:a7f3	UNCONDITIONAL_CALL
CODE:16a2	CODE:16ae	CONDITIONAL_JUMP
CODE:16a6	CODE:16ed	UNCONDITIONAL_CALL
CODE:16ac	CODE:16e4	UNCONDITIONAL_JUMP
CODE:16b0	CODE:16ed	UNCONDITIONAL_CALL
CODE:16b6	CODE:16e4	UNCONDITIONAL_JUMP
CODE:16ba	CODE:16f8	UNCONDITIONAL_CALL
CODE:16c0	CODE:16e4	UNCONDITIONAL_JUMP
CODE:16c4	CODE:16f8	UNCONDITIONAL_CALL
CODE:16ca	CODE:16e4	UNCONDITIONAL_JUMP
CODE:16d2	CODE:5a9d	UNCONDITIONAL_CALL
CODE:16db	CODE:16e4	UNCONDITIONAL_JUMP
CODE:16e1	CODE:a638	UNCONDITIONAL_CALL
CODE:16e7	EXTMEM:04a5	READ
CODE:16e9	CODE:a5c5	UNCONDITIONAL_CALL
CODE:16f1	CODE:5a9d	UNCONDITIONAL_CALL
CODE:16fc	CODE:5a9d	UNCONDITIONAL_CALL
CODE:1707	CODE:5a9d	UNCONDITIONAL_CALL
CODE:1712	EXTMEM:04a9	WRITE
CODE:1715	EXTMEM:04aa	WRITE
CODE:1716	CODE:1d98	UNCONDITIONAL_CALL
CODE:1720	EXTMEM:04aa	READ
CODE:1725	CODE:1dbf	UNCONDITIONAL_CALL
CODE:1728	CODE:ad49	UNCONDITIONAL_CALL
CODE:1804	EXTMEM:04ce	WRITE
CODE:1806	EXTMEM:04cf	WRITE
CODE:1808	EXTMEM:04d0	WRITE
CODE:180a	EXTMEM:04d1	WRITE
CODE:180d	INTMEM:b3	READ
CODE:181f	EXTMEM:04c8	WRITE
CODE:1822	EXTMEM:04c9	WRITE
CODE:1824	CODE:1828	CONDITIONAL_JUMP
CODE:1826	CODE:1916	UNCONDITIONAL_JUMP
CODE:1828	INTMEM:b3	READ
CODE:1836	CODE:183a	CONDITIONAL_JUMP
CODE:1838	CODE:18e6	UNCONDITIONAL_JUMP
CODE:183a	EXTMEM:04c8	READ
CODE:183d	EXTMEM:04c9	READ
CODE:1847	CODE:1e02	UNCONDITIONAL_CALL
CODE:184e	CODE:1dbe	UNCONDITIONAL_CALL
CODE:1851	CODE:ad92	UNCONDITIONAL_CALL
CODE:1851	CODE:1858	FALL_THROUGH
CODE:1860	CODE:1e02	UNCONDITIONAL_CALL
CODE:1867	CODE:1dbe	UNCONDITIONAL_CALL
CODE:186a	CODE:ad92	UNCONDITIONAL_CALL
CODE:186a	CODE:1871	FALL_THROUGH
CODE:1871	CODE:1dcb	UNCONDITIONAL_CALL
CODE:187d	CODE:1e02	UNCONDITIONAL_CALL
CODE:1884	CODE:1dbe	UNCONDITIONAL_CALL
CODE:1887	CODE:ad92	UNCONDITIONAL_CALL
CODE:1887	CODE:188e	FALL_THROUGH
CODE:1896	CODE:1e02	UNCONDITIONAL_CALL
CODE:189d	CODE:1dbe	UNCONDITIONAL_CALL
CODE:18a0	CODE:ad92	UNCONDITIONAL_CALL
CODE:18a0	CODE:18a7	FALL_THROUGH
CODE:18a7	CODE:1dcb	UNCONDITIONAL_CALL
CODE:18b3	CODE:1e02	UNCONDITIONAL_CALL
CODE:18ba	CODE:1dbe	UNCONDITIONAL_CALL
CODE:18bd	CODE:ad92	UNCONDITIONAL_CALL
CODE:18bd	CODE:18c4	FALL_THROUGH
CODE:18cc	CODE:1e02	UNCONDITIONAL_CALL
CODE:18d3	CODE:1dbe	UNCONDITIONAL_CALL
CODE:18d6	CODE:ad92	UNCONDITIONAL_CALL
CODE:18d6	CODE:18dd	FALL_THROUGH
CODE:18e0	EXTMEM:04ce	READ
CODE:18e3	EXTMEM:04cf	WRITE
CODE:18e4	CODE:1904	UNCONDITIONAL_JUMP
CODE:18e6	CODE:1ea7	UNCONDITIONAL_CALL
CODE:18ed	CODE:1e02	UNCONDITIONAL_CALL
CODE:18f4	CODE:1dbe	UNCONDITIONAL_CALL
CODE:18f7	CODE:ad92	UNCONDITIONAL_CALL
CODE:18f7	CODE:18fe	FALL_THROUGH
CODE:1901	EXTMEM:04ce	READ
CODE:1903	EXTMEM:04cf	WRITE
CODE:1907	EXTMEM:04ce	READ
CODE:1909	CODE:1f4c	UNCONDITIONAL_CALL
CODE:190d	EXTMEM:04cf	READ
CODE:1913	INTMEM:07	READ
CODE:191c	CODE:1dcb	UNCONDITIONAL_CALL
CODE:1922	CODE:aefd	UNCONDITIONAL_CALL
CODE:1929	EXTMEM:04d2	WRITE
CODE:192d	EXTMEM:04d2	READ
CODE:1932	CODE:1936	CONDITIONAL_JUMP
CODE:1934	CODE:1b71	UNCONDITIONAL_JUMP
CODE:1937	CODE:1d56	UNCONDITIONAL_CALL
CODE:193a	CODE:1dfa	UNCONDITIONAL_CALL
CODE:1941	CODE:1945	CONDITIONAL_JUMP
CODE:1943	CODE:19f4	UNCONDITIONAL_JUMP
CODE:194d	CODE:1948	CONDITIONAL_JUMP
CODE:194f	CODE:1d6e	UNCONDITIONAL_CALL
CODE:1952	BITS:0f	READ
CODE:1952	CODE:1984	CONDITIONAL_JUMP
CODE:1958	EXTMEM:04d2	READ
CODE:1959	CODE:1d3e	UNCONDITIONAL_CALL
CODE:1961	CODE:195c	CONDITIONAL_JUMP
CODE:196f	CODE:1984	CONDITIONAL_JUMP
CODE:1971	CODE:1efd	UNCONDITIONAL_CALL
CODE:1982	CODE:19ab	UNCONDITIONAL_JUMP
CODE:1984	CODE:1f60	UNCONDITIONAL_CALL
CODE:1987	INTMEM:00	READ
CODE:1989	INTMEM:01	READ
CODE:198b	INTMEM:02	READ
CODE:198d	INTMEM:03	READ
CODE:1992	EXTMEM:04d2	READ
CODE:1993	CODE:1d3e	UNCONDITIONAL_CALL
CODE:199b	CODE:1996	CONDITIONAL_JUMP
CODE:199d	CODE:1ed2	UNCONDITIONAL_CALL
CODE:19a0	INTMEM:03	WRITE
CODE:19a2	INTMEM:02	WRITE
CODE:19a4	INTMEM:01	WRITE
CODE:19a6	INTMEM:00	WRITE
CODE:19a8	CODE:ab95	UNCONDITIONAL_CALL
CODE:19ab	CODE:1d87	UNCONDITIONAL_CALL
CODE:19ae	CODE:1dc5	UNCONDITIONAL_CALL
CODE:19b9	CODE:1f18	UNCONDITIONAL_CALL
CODE:19c1	CODE:1dbf	UNCONDITIONAL_CALL
CODE:19c4	CODE:ad6d	UNCONDITIONAL_CALL
CODE:19ca	EXTMEM:04cf	READ
CODE:19cc	EXTMEM:04cf	WRITE
CODE:19d6	EXTMEM:04d2	READ
CODE:19d8	CODE:1d56	UNCONDITIONAL_CALL
CODE:19db	CODE:1d49	UNCONDITIONAL_CALL
CODE:19e3	CODE:19de	CONDITIONAL_JUMP
CODE:19e5	CODE:1d32	UNCONDITIONAL_CALL
CODE:19ed	CODE:19e8	CONDITIONAL_JUMP
CODE:19ef	CODE:1f20	UNCONDITIONAL_CALL
CODE:19f2	CODE:1aca	UNCONDITIONAL_JUMP
CODE:19f7	EXTMEM:04d2	READ
CODE:19f9	CODE:1d56	UNCONDITIONAL_CALL
CODE:1a04	CODE:1a08	CONDITIONAL_JUMP
CODE:1a06	CODE:1ad0	UNCONDITIONAL_JUMP
CODE:1a0b	CODE:ad92	UNCONDITIONAL_CALL
CODE:1a0b	CODE:1a12	FALL_THROUGH
CODE:1a15	EXTMEM:04ca	READ
CODE:1a18	EXTMEM:04ca	WRITE
CODE:1a1a	EXTMEM:04cb	READ
CODE:1a1b	EXTMEM:04cb	WRITE
CODE:1a1d	CODE:1de3	UNCONDITIONAL_CALL
CODE:1a20	EXTMEM:04cb	READ
CODE:1a23	EXTMEM:04cc	READ
CODE:1a28	EXTMEM:04cd	READ
CODE:1a2d	CODE:1e31	UNCONDITIONAL_CALL
CODE:1a3a	EXTMEM:04ca	READ
CODE:1a3f	EXTMEM:04cb	READ
CODE:1a47	CODE:1f38	UNCONDITIONAL_CALL
CODE:1a4a	BITS:0f	READ
CODE:1a4a	CODE:1a6c	CONDITIONAL_JUMP
CODE:1a4d	CODE:1d52	UNCONDITIONAL_CALL
CODE:1a5d	CODE:1a6c	CONDITIONAL_JUMP
CODE:1a62	EXTMEM:04cc	READ
CODE:1a65	EXTMEM:04cd	READ
CODE:1a6a	CODE:1a85	UNCONDITIONAL_JUMP
CODE:1a6c	CODE:1d52	UNCONDITIONAL_CALL
CODE:1a7a	EXTMEM:04cc	READ
CODE:1a7d	EXTMEM:04cd	READ
CODE:1a85	CODE:1e2f	UNCONDITIONAL_CALL
CODE:1a88	CODE:1dc5	UNCONDITIONAL_CALL
CODE:1a93	CODE:1f18	UNCONDITIONAL_CALL
CODE:1a9a	CODE:1f03	UNCONDITIONAL_CALL
CODE:1aa4	EXTMEM:04d2	READ
CODE:1aa5	CODE:1de3	UNCONDITIONAL_CALL
CODE:1aa8	EXTMEM:04d2	READ
CODE:1aab	EXTMEM:04d3	READ
CODE:1ab0	CODE:1e7e	UNCONDITIONAL_CALL
CODE:1ab3	INTMEM:05	READ
CODE:1ab7	EXTMEM:04d4	WRITE
CODE:1aba	EXTMEM:04d5	WRITE
CODE:1abb	CODE:1d52	UNCONDITIONAL_CALL
CODE:1aca	EXTMEM:04da	WRITE
CODE:1aca	EXTMEM:04d2	WRITE
CODE:1acd	EXTMEM:04db	WRITE
CODE:1acd	EXTMEM:04d3	WRITE
CODE:1ace	CODE:1b66	UNCONDITIONAL_JUMP
CODE:1ad0	CODE:1d52	UNCONDITIONAL_CALL
CODE:1ad3	CODE:1dfa	UNCONDITIONAL_CALL
CODE:1ada	CODE:1ade	CONDITIONAL_JUMP
CODE:1adc	CODE:1b69	UNCONDITIONAL_JUMP
CODE:1ae6	CODE:1ae1	CONDITIONAL_JUMP
CODE:1ae8	CODE:1d6e	UNCONDITIONAL_CALL
CODE:1aeb	CODE:1f60	UNCONDITIONAL_CALL
CODE:1aee	INTMEM:00	READ
CODE:1af0	INTMEM:01	READ
CODE:1af2	INTMEM:02	READ
CODE:1af4	INTMEM:03	READ
CODE:1af9	EXTMEM:04d2	READ
CODE:1afa	CODE:1d3e	UNCONDITIONAL_CALL
CODE:1b02	CODE:1afd	CONDITIONAL_JUMP
CODE:1b04	CODE:1ed2	UNCONDITIONAL_CALL
CODE:1b07	INTMEM:03	WRITE
CODE:1b09	INTMEM:02	WRITE
CODE:1b0b	INTMEM:01	WRITE
CODE:1b0d	INTMEM:00	WRITE
CODE:1b0f	CODE:ab95	UNCONDITIONAL_CALL
CODE:1b12	CODE:1d87	UNCONDITIONAL_CALL
CODE:1b15	CODE:1e5c	UNCONDITIONAL_CALL
CODE:1b1d	EXTMEM:04ca	WRITE
CODE:1b20	EXTMEM:04cb	WRITE
CODE:1b21	CODE:1dc5	UNCONDITIONAL_CALL
CODE:1b2c	CODE:1f18	UNCONDITIONAL_CALL
CODE:1b33	CODE:1f03	UNCONDITIONAL_CALL
CODE:1b3d	EXTMEM:04d2	READ
CODE:1b3f	CODE:1d56	UNCONDITIONAL_CALL
CODE:1b42	CODE:1d49	UNCONDITIONAL_CALL
CODE:1b4a	CODE:1b45	CONDITIONAL_JUMP
CODE:1b4c	CODE:1d32	UNCONDITIONAL_CALL
CODE:1b54	CODE:1b4f	CONDITIONAL_JUMP
CODE:1b56	CODE:1f20	UNCONDITIONAL_CALL
CODE:1b59	EXTMEM:04d2	WRITE
CODE:1b5c	EXTMEM:04d3	WRITE
CODE:1b5d	CODE:1efd	UNCONDITIONAL_CALL
CODE:1b63	CODE:ad6d	UNCONDITIONAL_CALL
CODE:1b66	CODE:87aa	UNCONDITIONAL_CALL
CODE:1b6c	EXTMEM:04d2	READ
CODE:1b6e	EXTMEM:04d2	WRITE
CODE:1b6f	CODE:192a	UNCONDITIONAL_JUMP
CODE:1b71	CODE:a786	UNCONDITIONAL_CALL
CODE:1b74	CODE:1b78	CONDITIONAL_JUMP
CODE:1b76	CODE:1c27	UNCONDITIONAL_JUMP
CODE:1b7b	EXTMEM:040e	READ
CODE:1b80	CODE:1b84	CONDITIONAL_JUMP
CODE:1b82	CODE:1c27	UNCONDITIONAL_JUMP
CODE:1b84	CODE:1ea4	UNCONDITIONAL_CALL
CODE:1b8b	CODE:ad49	UNCONDITIONAL_CALL
CODE:1c27	CODE:a786	UNCONDITIONAL_CALL
CODE:1c2a	CODE:1c2e	CONDITIONAL_JUMP
CODE:1c2c	CODE:1cd9	UNCONDITIONAL_JUMP
CODE:1c31	EXTMEM:0412	READ
CODE:1c36	CODE:1c3a	CONDITIONAL_JUMP
CODE:1c38	CODE:1cd9	UNCONDITIONAL_JUMP
CODE:1c3a	CODE:1ea4	UNCONDITIONAL_CALL
CODE:1c41	CODE:ad49	UNCONDITIONAL_CALL
CODE:1cdc	EXTMEM:04cf	READ
CODE:1ce0	INTMEM:b3	READ
CODE:1ce5	INTMEM:07	READ
CODE:1cea	EXTMEM:04ce	READ
CODE:1cf0	INTMEM:07	READ
CODE:1cf5	EXTMEM:04d1	READ
CODE:1d0e	EXTMEM:04a8	READ
CODE:1d11	EXTMEM:04a8	WRITE
CODE:1d39	EXTMEM:04d6	WRITE
CODE:1d3c	EXTMEM:04d7	WRITE
CODE:1d62	CODE:ad3d	UNCONDITIONAL_CALL
CODE:1d67	CODE:acdd	UNCONDITIONAL_CALL
CODE:1d6a	INTMEM:03	READ
CODE:1d79	CODE:ad6d	UNCONDITIONAL_CALL
CODE:1d7f	CODE:ad49	UNCONDITIONAL_CALL
CODE:1d8a	CODE:ad6d	UNCONDITIONAL_CALL
CODE:1d9a	INTMEM:b3	READ
CODE:1dad	INTMEM:07	READ
CODE:1dc2	CODE:ade7	UNCONDITIONAL_CALL
CODE:1dc8	CODE:ad49	UNCONDITIONAL_CALL
CODE:1dce	EXTMEM:04c8	READ
CODE:1dd1	EXTMEM:04c9	READ
CODE:1de0	CODE:aa37	UNCONDITIONAL_CALL
CODE:1e05	EXTMEM:04ce	READ
CODE:1e08	EXTMEM:04ce	WRITE
CODE:1e13	EXTMEM:04b2	READ
CODE:1e16	EXTMEM:04b2	WRITE
CODE:1e1e	INTMEM:03	READ
CODE:1e28	CODE:adf3	UNCONDITIONAL_CALL
CODE:1e34	EXTMEM:04cc	WRITE
CODE:1e37	EXTMEM:04cd	WRITE
CODE:1e3b	INTMEM:b3	READ
CODE:1e42	INTMEM:06	READ
CODE:1e45	INTMEM:07	READ
CODE:1e4a	INTMEM:b3	READ
CODE:1e5f	EXTMEM:04ca	READ
CODE:1e62	EXTMEM:04ca	WRITE
CODE:1e64	EXTMEM:04cb	READ
CODE:1e65	EXTMEM:04cb	WRITE
CODE:1e69	EXTMEM:04ca	READ
CODE:1e6e	EXTMEM:04cb	READ
CODE:1e72	CODE:adf3	UNCONDITIONAL_CALL
CODE:1e81	EXTMEM:04d6	WRITE
CODE:1e84	EXTMEM:04d7	WRITE
CODE:1e86	CODE:ad3d	UNCONDITIONAL_CALL
CODE:1e89	INTMEM:03	READ
CODE:1ec3	EXTMEM:04b2	READ
CODE:1ec6	EXTMEM:04b3	READ
CODE:1ecb	INTMEM:b3	READ
CODE:1eeb	INTMEM:b3	READ
CODE:1f00	CODE:ad49	UNCONDITIONAL_CALL
CODE:1f07	CODE:ade7	UNCONDITIONAL_CALL
CODE:1f0a	CODE:ad6d	UNCONDITIONAL_CALL
CODE:1f1b	EXTMEM:04ce	READ
CODE:1f1e	EXTMEM:04ce	WRITE
CODE:1f28	INTMEM:06	READ
CODE:1f2b	INTMEM:07	READ
CODE:1f2d	BITS:0d	WRITE
CODE:1f36	EXTMEM:059e	WRITE
CODE:1f3e	EXTMEM:04ca	WRITE
CODE:1f41	EXTMEM:04cb	WRITE
CODE:1f43	CODE:adf3	UNCONDITIONAL_CALL
CODE:1f4e	INTMEM:b3	READ
CODE:1f53	INTMEM:07	READ
CODE:1f63	CODE:ad55	UNCONDITIONAL_CALL
CODE:1ffd	CODE:996c	UNCONDITIONAL_JUMP
CODE:2000	CODE:a3ae	UNCONDITIONAL_CALL
CODE:2003	CODE:200a	CONDITIONAL_JUMP
CODE:2005	CODE:a82d	UNCONDITIONAL_CALL
CODE:2008	CODE:200d	UNCONDITIONAL_JUMP
CODE:200a	CODE:a82a	UNCONDITIONAL_CALL
CODE:2011	EXTMEM:04c1	WRITE
CODE:2014	CODE:974d	UNCONDITIONAL_CALL
CODE:201a	CODE:ae2a	UNCONDITIONAL_CALL
CODE:201d	CODE:471f	UNCONDITIONAL_CALL
CODE:2023	EXTMEM:04c0	WRITE
CODE:2024	CODE:ad03	UNCONDITIONAL_CALL
CODE:2035	CODE:accc	UNCONDITIONAL_CALL
CODE:2038	CODE:2041	CONDITIONAL_JUMP
CODE:203e	CODE:9a23	UNCONDITIONAL_CALL
CODE:2044	EXTMEM:04c1	READ
CODE:204c	EXTMEM:04c3	WRITE
CODE:204f	EXTMEM:04c4	WRITE
CODE:2053	EXTMEM:04c0	READ
CODE:205b	EXTMEM:04c5	WRITE
CODE:205e	EXTMEM:04c6	WRITE
CODE:2068	CODE:476c	UNCONDITIONAL_CALL
CODE:206b	CODE:87aa	UNCONDITIONAL_CALL
CODE:2071	EXTMEM:04c0	READ
CODE:2073	CODE:2077	CONDITIONAL_JUMP
CODE:2075	CODE:2352	UNCONDITIONAL_JUMP
CODE:2078	EXTMEM:04c1	READ
CODE:207d	CODE:2081	CONDITIONAL_JUMP
CODE:207f	CODE:2352	UNCONDITIONAL_JUMP
CODE:2084	EXTMEM:04c0	READ
CODE:2087	CODE:9f09	UNCONDITIONAL_CALL
CODE:208d	CODE:ae2a	UNCONDITIONAL_CALL
CODE:2093	CODE:adf3	UNCONDITIONAL_CALL
CODE:236b	CODE:a5bd	UNCONDITIONAL_CALL
CODE:2371	INTMEM:17	WRITE
CODE:2373	INTMEM:16	WRITE
CODE:2377	CODE:2381	CONDITIONAL_JUMP
CODE:2379	INTMEM:16	READ
CODE:237d	CODE:2381	CONDITIONAL_JUMP
CODE:2380	INTMEM:16	WRITE
CODE:2383	INTMEM:b2	READ
CODE:2386	CODE:23e4	CONDITIONAL_JUMP
CODE:238a	CODE:238e	CONDITIONAL_JUMP
CODE:238c	CODE:2420	UNCONDITIONAL_JUMP
CODE:238e	CODE:a739	UNCONDITIONAL_CALL
CODE:2395	CODE:239c	CONDITIONAL_JUMP
CODE:2399	CODE:a05a	UNCONDITIONAL_CALL
CODE:239e	INTMEM:b4	READ
CODE:23a1	CODE:23c1	CONDITIONAL_JUMP
CODE:23a5	CODE:23ca	CONDITIONAL_JUMP
CODE:23a9	CODE:23d8	CONDITIONAL_JUMP
CODE:23ab	CODE:a775	UNCONDITIONAL_CALL
CODE:23ae	CODE:a727	UNCONDITIONAL_CALL
CODE:23b4	CODE:23b8	CONDITIONAL_JUMP
CODE:23b6	CODE:25ca	UNCONDITIONAL_JUMP
CODE:23b8	CODE:7def	UNCONDITIONAL_CALL
CODE:23bb	CODE:23bf	CONDITIONAL_JUMP
CODE:23bd	CODE:2447	UNCONDITIONAL_JUMP
CODE:23bf	CODE:25ca	UNCONDITIONAL_JUMP
CODE:23c4	INTMEM:16	WRITE
CODE:23c6	INTMEM:17	WRITE
CODE:23c8	CODE:25ca	UNCONDITIONAL_JUMP
CODE:23cc	INTMEM:16	READ
CODE:23cf	CODE:23d3	CONDITIONAL_JUMP
CODE:23d1	CODE:25ca	UNCONDITIONAL_JUMP
CODE:23d4	INTMEM:17	WRITE
CODE:23d6	CODE:25ca	UNCONDITIONAL_JUMP
CODE:23d8	CODE:9df1	UNCONDITIONAL_CALL
CODE:23db	CODE:2447	CONDITIONAL_JUMP
CODE:23dd	CODE:a17a	UNCONDITIONAL_CALL
CODE:23e0	CODE:2447	CONDITIONAL_JUMP
CODE:23e2	CODE:25ca	UNCONDITIONAL_JUMP
CODE:23e6	INTMEM:b4	READ
CODE:23e9	CODE:2418	CONDITIONAL_JUMP
CODE:23ed	CODE:241e	CONDITIONAL_JUMP
CODE:23f1	CODE:2447	CONDITIONAL_JUMP
CODE:23f5	INTMEM:16	READ
CODE:23f8	CODE:23fc	CONDITIONAL_JUMP
CODE:23fa	CODE:25ca	UNCONDITIONAL_JUMP
CODE:23fe	CODE:2402	CONDITIONAL_JUMP
CODE:2400	CODE:25ca	UNCONDITIONAL_JUMP
CODE:2404	CODE:240f	CONDITIONAL_JUMP
CODE:2409	INTMEM:16	WRITE
CODE:240b	INTMEM:17	WRITE
CODE:240d	CODE:25ca	UNCONDITIONAL_JUMP
CODE:2412	INTMEM:16	WRITE
CODE:2414	INTMEM:17	WRITE
CODE:2416	CODE:25ca	UNCONDITIONAL_JUMP
CODE:241a	INTMEM:17	WRITE
CODE:241c	CODE:25ca	UNCONDITIONAL_JUMP
CODE:241e	CODE:25c6	UNCONDITIONAL_JUMP
CODE:2422	CODE:a60e	UNCONDITIONAL_CALL
CODE:2425	CODE:2447	CONDITIONAL_JUMP
CODE:2429	INTMEM:16	READ
CODE:242d	CODE:2447	CONDITIONAL_JUMP
CODE:2432	CODE:2447	CONDITIONAL_JUMP
CODE:2437	CODE:243b	CONDITIONAL_JUMP
CODE:2439	CODE:25ca	UNCONDITIONAL_JUMP
CODE:243c	INTMEM:17	WRITE
CODE:2442	CODE:90d1	UNCONDITIONAL_CALL
CODE:2445	CODE:25ca	UNCONDITIONAL_JUMP
CODE:2449	INTMEM:16	READ
CODE:244a	CODE:ae53	UNCONDITIONAL_CALL
CODE:244a	CODE:24fc	COMPUTED_JUMP
CODE:244a	CODE:2503	COMPUTED_JUMP
CODE:244a	CODE:2508	COMPUTED_JUMP
CODE:244a	CODE:2517	COMPUTED_JUMP
CODE:244a	CODE:2549	COMPUTED_JUMP
CODE:244a	CODE:251c	COMPUTED_JUMP
CODE:244a	CODE:2521	COMPUTED_JUMP
CODE:244a	CODE:2526	COMPUTED_JUMP
CODE:244a	CODE:25be	COMPUTED_JUMP
CODE:244a	CODE:252b	COMPUTED_JUMP
CODE:244a	CODE:2530	COMPUTED_JUMP
CODE:244a	CODE:2535	COMPUTED_JUMP
CODE:244a	CODE:24f7	COMPUTED_JUMP
CODE:244a	CODE:24f2	COMPUTED_JUMP
CODE:244a	CODE:253a	COMPUTED_JUMP
CODE:244a	CODE:2562	COMPUTED_JUMP
CODE:244a	CODE:24ed	COMPUTED_JUMP
CODE:244a	CODE:2558	COMPUTED_JUMP
CODE:244a	CODE:255d	COMPUTED_JUMP
CODE:244a	CODE:2567	COMPUTED_JUMP
CODE:244a	CODE:2571	COMPUTED_JUMP
CODE:244a	CODE:256c	COMPUTED_JUMP
CODE:244a	CODE:257b	COMPUTED_JUMP
CODE:244a	CODE:2576	COMPUTED_JUMP
CODE:244a	CODE:2580	COMPUTED_JUMP
CODE:244a	CODE:254e	COMPUTED_JUMP
CODE:244a	CODE:2553	COMPUTED_JUMP
CODE:244a	CODE:2585	COMPUTED_JUMP
CODE:244a	CODE:258a	COMPUTED_JUMP
CODE:244a	CODE:258f	COMPUTED_JUMP
CODE:244a	CODE:2594	COMPUTED_JUMP
CODE:244a	CODE:2599	COMPUTED_JUMP
CODE:244a	CODE:259e	COMPUTED_JUMP
CODE:244a	CODE:25a8	COMPUTED_JUMP
CODE:244a	CODE:25a3	COMPUTED_JUMP
CODE:244a	CODE:253f	COMPUTED_JUMP
CODE:244a	CODE:2544	COMPUTED_JUMP
CODE:244a	CODE:25ad	COMPUTED_JUMP
CODE:244a	CODE:250d	COMPUTED_JUMP
CODE:244a	CODE:2512	COMPUTED_JUMP
CODE:244a	CODE:25b6	COMPUTED_JUMP
CODE:244a	CODE:25ca	COMPUTED_JUMP
CODE:24ed	CODE:a4f3	UNCONDITIONAL_CALL
CODE:24f0	CODE:25b0	UNCONDITIONAL_JUMP
CODE:24f2	CODE:8d42	UNCONDITIONAL_CALL
CODE:24f5	CODE:25b0	UNCONDITIONAL_JUMP
CODE:24f7	CODE:a2ef	UNCONDITIONAL_CALL
CODE:24fa	CODE:25b0	UNCONDITIONAL_JUMP
CODE:24fc	CODE:a0f5	UNCONDITIONAL_CALL
CODE:2503	CODE:8558	UNCONDITIONAL_CALL
CODE:2506	CODE:25b0	UNCONDITIONAL_JUMP
CODE:2508	CODE:92c1	UNCONDITIONAL_CALL
CODE:250b	CODE:25b0	UNCONDITIONAL_JUMP
CODE:250d	CODE:92e1	UNCONDITIONAL_CALL
CODE:2510	CODE:25b0	UNCONDITIONAL_JUMP
CODE:2512	CODE:9301	UNCONDITIONAL_CALL
CODE:2515	CODE:25b0	UNCONDITIONAL_JUMP
CODE:2517	CODE:74b3	UNCONDITIONAL_CALL
CODE:251a	CODE:25b0	UNCONDITIONAL_JUMP
CODE:251c	CODE:9526	UNCONDITIONAL_CALL
CODE:251f	CODE:25b0	UNCONDITIONAL_JUMP
CODE:2521	CODE:5b77	UNCONDITIONAL_CALL
CODE:2524	CODE:25b0	UNCONDITIONAL_JUMP
CODE:2526	CODE:a4e9	UNCONDITIONAL_CALL
CODE:2529	CODE:25b0	UNCONDITIONAL_JUMP
CODE:252b	CODE:a2d7	UNCONDITIONAL_CALL
CODE:252e	CODE:25b0	UNCONDITIONAL_JUMP
CODE:2530	CODE:3e15	UNCONDITIONAL_CALL
CODE:2533	CODE:25b0	UNCONDITIONAL_JUMP
CODE:2535	CODE:99df	UNCONDITIONAL_CALL
CODE:2538	CODE:25b0	UNCONDITIONAL_JUMP
CODE:253a	CODE:807e	UNCONDITIONAL_CALL
CODE:253d	CODE:25b0	UNCONDITIONAL_JUMP
CODE:253f	CODE:85c9	UNCONDITIONAL_CALL
CODE:2542	CODE:25b0	UNCONDITIONAL_JUMP
CODE:2544	CODE:a5d5	UNCONDITIONAL_CALL
CODE:2547	CODE:25b0	UNCONDITIONAL_JUMP
CODE:2549	CODE:a2e3	UNCONDITIONAL_CALL
CODE:254c	CODE:25b0	UNCONDITIONAL_JUMP
CODE:254e	CODE:a4a3	UNCONDITIONAL_CALL
CODE:2551	CODE:25b0	UNCONDITIONAL_JUMP
CODE:2553	CODE:a4ad	UNCONDITIONAL_CALL
CODE:2556	CODE:25b0	UNCONDITIONAL_JUMP
CODE:2558	CODE:99f6	UNCONDITIONAL_CALL
CODE:255b	CODE:25b0	UNCONDITIONAL_JUMP
CODE:255d	CODE:a307	UNCONDITIONAL_CALL
CODE:2560	CODE:25b0	UNCONDITIONAL_JUMP
CODE:2562	CODE:a2fb	UNCONDITIONAL_CALL
CODE:2565	CODE:25b0	UNCONDITIONAL_JUMP
CODE:2567	CODE:9767	UNCONDITIONAL_CALL
CODE:256a	CODE:25b0	UNCONDITIONAL_JUMP
CODE:256c	CODE:9e15	UNCONDITIONAL_CALL
CODE:256f	CODE:25b0	UNCONDITIONAL_JUMP
CODE:2571	CODE:a4d5	UNCONDITIONAL_CALL
CODE:2574	CODE:25b0	UNCONDITIONAL_JUMP
CODE:2576	CODE:a4df	UNCONDITIONAL_CALL
CODE:2579	CODE:25b0	UNCONDITIONAL_JUMP
CODE:257b	CODE:a2cb	UNCONDITIONAL_CALL
CODE:257e	CODE:25b0	UNCONDITIONAL_JUMP
CODE:2580	CODE:9fd9	UNCONDITIONAL_CALL
CODE:2583	CODE:25b0	UNCONDITIONAL_JUMP
CODE:2585	CODE:8638	UNCONDITIONAL_CALL
CODE:2588	CODE:25b0	UNCONDITIONAL_JUMP
CODE:258a	CODE:9aa7	UNCONDITIONAL_CALL
CODE:258d	CODE:25b0	UNCONDITIONAL_JUMP
CODE:258f	CODE:9954	UNCONDITIONAL_CALL
CODE:2592	CODE:25b0	UNCONDITIONAL_JUMP
CODE:2594	CODE:a4b7	UNCONDITIONAL_CALL
CODE:2597	CODE:25b0	UNCONDITIONAL_JUMP
CODE:2599	CODE:94ea	UNCONDITIONAL_CALL
CODE:259c	CODE:25b0	UNCONDITIONAL_JUMP
CODE:259e	CODE:9fa9	UNCONDITIONAL_CALL
CODE:25a1	CODE:25b0	UNCONDITIONAL_JUMP
CODE:25a3	CODE:9fb9	UNCONDITIONAL_CALL
CODE:25a6	CODE:25b0	UNCONDITIONAL_JUMP
CODE:25a8	CODE:a4c1	UNCONDITIONAL_CALL
CODE:25ab	CODE:25b0	UNCONDITIONAL_JUMP
CODE:25ad	CODE:9a91	UNCONDITIONAL_CALL
CODE:25b2	INTMEM:07	READ
CODE:25b4	CODE:25ca	UNCONDITIONAL_JUMP
CODE:25b6	CODE:a38d	UNCONDITIONAL_CALL
CODE:25ba	CODE:25be	CONDITIONAL_JUMP
CODE:25bc	CODE:2530	UNCONDITIONAL_JUMP
CODE:25be	CODE:a7b3	UNCONDITIONAL_CALL
CODE:25c1	CODE:25ca	CONDITIONAL_JUMP
CODE:25c3	CODE:9cf0	UNCONDITIONAL_CALL
CODE:25c8	INTMEM:17	WRITE
CODE:25cc	INTMEM:16	READ
CODE:25cf	INTMEM:17	READ
CODE:25d1	CODE:10b6	UNCONDITIONAL_CALL
CODE:25d8	EXTMEM:04aa	WRITE
CODE:25db	EXTMEM:04ab	WRITE
CODE:25dd	CODE:25e1	CONDITIONAL_JUMP
CODE:25df	CODE:2795	UNCONDITIONAL_JUMP
CODE:25e1	EXTMEM:04ab	READ
CODE:25e3	CODE:25e6	CONDITIONAL_JUMP
CODE:25e6	CODE:25ea	CONDITIONAL_JUMP
CODE:25e8	CODE:278d	UNCONDITIONAL_JUMP
CODE:25ef	CODE:25f3	CONDITIONAL_JUMP
CODE:25f3	CODE:25f4	COMPUTED_JUMP
CODE:25f3	CODE:25f6	COMPUTED_JUMP
CODE:25f3	CODE:25f8	COMPUTED_JUMP
CODE:25f3	CODE:25fa	COMPUTED_JUMP
CODE:25f3	CODE:25fc	COMPUTED_JUMP
CODE:25f3	CODE:25fe	COMPUTED_JUMP
CODE:25f3	CODE:2600	COMPUTED_JUMP
CODE:25f4	CODE:2602	UNCONDITIONAL_JUMP
CODE:25f6	CODE:264f	UNCONDITIONAL_JUMP
CODE:25f8	CODE:2677	UNCONDITIONAL_JUMP
CODE:25fa	CODE:26be	UNCONDITIONAL_JUMP
CODE:25fc	CODE:26f3	UNCONDITIONAL_JUMP
CODE:25fe	CODE:2712	UNCONDITIONAL_JUMP
CODE:2600	CODE:275e	UNCONDITIONAL_JUMP
CODE:2602	CODE:a356	UNCONDITIONAL_CALL
CODE:2605	CODE:260d	CONDITIONAL_JUMP
CODE:2608	BITS:0c	WRITE
CODE:260a	CODE:9340	UNCONDITIONAL_CALL
CODE:260d	CODE:a709	UNCONDITIONAL_CALL
CODE:2610	CODE:a545	UNCONDITIONAL_CALL
CODE:2613	CODE:2796	UNCONDITIONAL_CALL
CODE:2616	CODE:261d	CONDITIONAL_JUMP
CODE:2618	CODE:27a9	UNCONDITIONAL_CALL
CODE:261b	CODE:2632	UNCONDITIONAL_JUMP
CODE:2620	EXTMEM:04aa	READ
CODE:2625	CODE:2632	CONDITIONAL_JUMP
CODE:2628	CODE:2632	CONDITIONAL_JUMP
CODE:262a	BITS:0c	WRITE
CODE:262c	CODE:7616	UNCONDITIONAL_CALL
CODE:262f	CODE:a809	UNCONDITIONAL_CALL
CODE:2632	CODE:a356	UNCONDITIONAL_CALL
CODE:2635	CODE:263d	CONDITIONAL_JUMP
CODE:263a	CODE:a01e	UNCONDITIONAL_CALL
CODE:2640	EXTMEM:04aa	READ
CODE:2644	CODE:2648	CONDITIONAL_JUMP
CODE:2646	CODE:278d	UNCONDITIONAL_JUMP
CODE:2649	CODE:264d	CONDITIONAL_JUMP
CODE:264b	CODE:278d	UNCONDITIONAL_JUMP
CODE:264d	CODE:26ef	UNCONDITIONAL_JUMP
CODE:2651	CODE:a80c	UNCONDITIONAL_CALL
CODE:2656	CODE:9ba3	UNCONDITIONAL_CALL
CODE:265b	INTMEM:cb	READ
CODE:265e	CODE:2665	CONDITIONAL_JUMP
CODE:2662	CODE:a01e	UNCONDITIONAL_CALL
CODE:2665	CODE:a595	UNCONDITIONAL_CALL
CODE:266c	CODE:2673	CONDITIONAL_JUMP
CODE:2670	CODE:a71b	UNCONDITIONAL_CALL
CODE:2675	CODE:270d	UNCONDITIONAL_JUMP
CODE:2677	CODE:a545	UNCONDITIONAL_CALL
CODE:267a	CODE:678e	UNCONDITIONAL_CALL
CODE:267d	BITS:0c	WRITE
CODE:267f	CODE:7616	UNCONDITIONAL_CALL
CODE:2682	CODE:a595	UNCONDITIONAL_CALL
CODE:2689	CODE:268e	CONDITIONAL_JUMP
CODE:268b	CODE:a806	UNCONDITIONAL_CALL
CODE:2691	EXTMEM:04aa	READ
CODE:2692	CODE:269f	CONDITIONAL_JUMP
CODE:2695	CODE:9472	UNCONDITIONAL_CALL
CODE:269a	CODE:a646	UNCONDITIONAL_CALL
CODE:269d	CODE:26a9	UNCONDITIONAL_JUMP
CODE:26a1	CODE:a36c	UNCONDITIONAL_CALL
CODE:26a6	CODE:a64d	UNCONDITIONAL_CALL
CODE:26ab	CODE:a572	UNCONDITIONAL_CALL
CODE:26ae	CODE:26b2	CONDITIONAL_JUMP
CODE:26b0	CODE:278d	UNCONDITIONAL_JUMP
CODE:26b4	CODE:a36c	UNCONDITIONAL_CALL
CODE:26b7	BITS:0c	WRITE
CODE:26b9	CODE:9340	UNCONDITIONAL_CALL
CODE:26bc	CODE:278d	UNCONDITIONAL_JUMP
CODE:26be	CODE:a356	UNCONDITIONAL_CALL
CODE:26c1	CODE:26c9	CONDITIONAL_JUMP
CODE:26c4	BITS:0c	WRITE
CODE:26c6	CODE:9340	UNCONDITIONAL_CALL
CODE:26c9	CODE:a615	UNCONDITIONAL_CALL
CODE:26cc	CODE:a40d	UNCONDITIONAL_CALL
CODE:26cf	CODE:a781	UNCONDITIONAL_CALL
CODE:26d2	CODE:2796	UNCONDITIONAL_CALL
CODE:26d5	CODE:26da	CONDITIONAL_JUMP
CODE:26d7	CODE:27a9	UNCONDITIONAL_CALL
CODE:26dc	CODE:a01e	UNCONDITIONAL_CALL
CODE:26e2	EXTMEM:04aa	READ
CODE:26e6	CODE:26ea	CONDITIONAL_JUMP
CODE:26e8	CODE:278d	UNCONDITIONAL_JUMP
CODE:26eb	CODE:26ef	CONDITIONAL_JUMP
CODE:26ed	CODE:278d	UNCONDITIONAL_JUMP
CODE:26f1	CODE:270d	UNCONDITIONAL_JUMP
CODE:26f5	CODE:9ba3	UNCONDITIONAL_CALL
CODE:26fc	CODE:a638	UNCONDITIONAL_CALL
CODE:2701	INTMEM:cb	READ
CODE:2704	CODE:270b	CONDITIONAL_JUMP
CODE:2708	CODE:a01e	UNCONDITIONAL_CALL
CODE:270d	CODE:a64d	UNCONDITIONAL_CALL
CODE:2710	CODE:278d	UNCONDITIONAL_JUMP
CODE:2712	CODE:a40d	UNCONDITIONAL_CALL
CODE:2718	EXTMEM:0af4	READ
CODE:2719	CODE:272d	CONDITIONAL_JUMP
CODE:271e	CODE:9115	UNCONDITIONAL_CALL
CODE:2721	BITS:0c	WRITE
CODE:2723	CODE:7616	UNCONDITIONAL_CALL
CODE:2728	CODE:a63f	UNCONDITIONAL_CALL
CODE:272b	CODE:273c	UNCONDITIONAL_JUMP
CODE:272d	CODE:678e	UNCONDITIONAL_CALL
CODE:2730	BITS:0c	WRITE
CODE:2732	CODE:7616	UNCONDITIONAL_CALL
CODE:2738	EXTMEM:0af2	READ
CODE:2739	CODE:2744	CONDITIONAL_JUMP
CODE:2741	EXTMEM:04ab	WRITE
CODE:2742	CODE:278d	UNCONDITIONAL_JUMP
CODE:2744	CODE:a800	UNCONDITIONAL_CALL
CODE:2749	INTMEM:cb	READ
CODE:274c	CODE:2753	CONDITIONAL_JUMP
CODE:2750	CODE:a71b	UNCONDITIONAL_CALL
CODE:2759	CODE:87aa	UNCONDITIONAL_CALL
CODE:275c	CODE:278d	UNCONDITIONAL_JUMP
CODE:2762	CODE:90d1	UNCONDITIONAL_CALL
CODE:2765	BITS:0d	WRITE
CODE:2767	CODE:9ec9	UNCONDITIONAL_CALL
CODE:276a	CODE:a335	UNCONDITIONAL_CALL
CODE:276d	CODE:2779	CONDITIONAL_JUMP
CODE:276f	BITS:0c	WRITE
CODE:2771	CODE:7616	UNCONDITIONAL_CALL
CODE:2774	CODE:a803	UNCONDITIONAL_CALL
CODE:2777	CODE:277c	UNCONDITIONAL_JUMP
CODE:2779	CODE:a809	UNCONDITIONAL_CALL
CODE:277c	CODE:9ee9	UNCONDITIONAL_CALL
CODE:277f	CODE:2785	CONDITIONAL_JUMP
CODE:2783	CODE:2787	UNCONDITIONAL_JUMP
CODE:2787	CODE:a01e	UNCONDITIONAL_CALL
CODE:278a	CODE:a421	UNCONDITIONAL_CALL
CODE:2790	EXTMEM:04ab	READ
CODE:2792	CODE:a6f1	UNCONDITIONAL_CALL
CODE:2798	CODE:a36c	UNCONDITIONAL_CALL
CODE:279b	CODE:8229	UNCONDITIONAL_CALL
CODE:279e	CODE:98dc	UNCONDITIONAL_CALL
CODE:27a4	EXTMEM:04aa	READ
CODE:27a9	BITS:0c	WRITE
CODE:27ab	CODE:7616	UNCONDITIONAL_CALL
CODE:27ae	CODE:a803	UNCONDITIONAL_CALL
CODE:27b2	CODE:a377	UNCONDITIONAL_CALL
CODE:27b5	CODE:33b9	UNCONDITIONAL_CALL
CODE:27bc	CODE:a9ae	UNCONDITIONAL_CALL
CODE:27c3	CODE:a9ae	UNCONDITIONAL_CALL
CODE:27ca	CODE:a9ae	UNCONDITIONAL_CALL
CODE:27d1	CODE:a9ae	UNCONDITIONAL_CALL
CODE:27d6	CODE:a623	UNCONDITIONAL_CALL
CODE:27d9	CODE:33d6	UNCONDITIONAL_CALL
CODE:27e2	CODE:ab68	UNCONDITIONAL_CALL
CODE:27e7	CODE:a61c	UNCONDITIONAL_CALL
CODE:27ea	CODE:33d6	UNCONDITIONAL_CALL
CODE:27f3	CODE:ab68	UNCONDITIONAL_CALL
CODE:27f8	INTMEM:b3	READ
CODE:27fc	CODE:b8f6	DATA
CODE:27fd	SFR:c2	READ_WRITE
CODE:2804	EXTMEM:04a5	WRITE
CODE:2807	EXTMEM:04a6	WRITE
CODE:280a	EXTMEM:04a7	WRITE
CODE:280d	EXTMEM:04a8	WRITE
CODE:2810	EXTMEM:04a9	WRITE
CODE:2811	CODE:9d61	UNCONDITIONAL_CALL
CODE:2817	CODE:ae2a	UNCONDITIONAL_CALL
CODE:281a	CODE:a934	UNCONDITIONAL_CALL
CODE:2820	EXTMEM:04aa	WRITE
CODE:2821	CODE:a335	UNCONDITIONAL_CALL
CODE:2824	CODE:288b	CONDITIONAL_JUMP
CODE:2826	CODE:44e9	UNCONDITIONAL_CALL
CODE:2829	EXTMEM:04aa	READ
CODE:283e	CODE:448e	UNCONDITIONAL_CALL
CODE:2844	EXTMEM:04ae	READ
CODE:2847	EXTMEM:04af	READ
CODE:284c	CODE:4503	UNCONDITIONAL_CALL
CODE:2852	CODE:285d	CONDITIONAL_JUMP
CODE:2857	EXTMEM:04a9	READ
CODE:285a	EXTMEM:04a9	WRITE
CODE:285b	CODE:2869	UNCONDITIONAL_JUMP
CODE:285d	CODE:44b1	UNCONDITIONAL_CALL
CODE:2860	CODE:2869	CONDITIONAL_JUMP
CODE:2865	EXTMEM:04a9	READ
CODE:2868	EXTMEM:04a9	WRITE
CODE:286c	CODE:4503	UNCONDITIONAL_CALL
CODE:2872	CODE:287b	CONDITIONAL_JUMP
CODE:2875	EXTMEM:04a8	READ
CODE:2878	EXTMEM:04a8	WRITE
CODE:2879	CODE:290d	UNCONDITIONAL_JUMP
CODE:287b	CODE:44b1	UNCONDITIONAL_CALL
CODE:287e	CODE:2882	CONDITIONAL_JUMP
CODE:2880	CODE:290d	UNCONDITIONAL_JUMP
CODE:2885	EXTMEM:04a9	READ
CODE:2888	EXTMEM:04a9	WRITE
CODE:2889	CODE:290d	UNCONDITIONAL_JUMP
CODE:288b	CODE:4468	UNCONDITIONAL_CALL
CODE:2895	CODE:28b0	CONDITIONAL_JUMP
CODE:2898	EXTMEM:04ab	READ
CODE:289b	EXTMEM:04ac	READ
CODE:28a1	CODE:28b0	CONDITIONAL_JUMP
CODE:28a6	EXTMEM:04ad	WRITE
CODE:28a7	CODE:9719	UNCONDITIONAL_CALL
CODE:28ad	EXTMEM:04ad	WRITE
CODE:28ae	CODE:290d	UNCONDITIONAL_JUMP
CODE:28b0	CODE:4468	UNCONDITIONAL_CALL
CODE:28b9	CODE:28d5	CONDITIONAL_JUMP
CODE:28bc	EXTMEM:04ad	READ
CODE:28bc	EXTMEM:04ab	READ
CODE:28bf	EXTMEM:04ae	READ
CODE:28bf	EXTMEM:04ac	READ
CODE:28c6	CODE:28d5	CONDITIONAL_JUMP
CODE:28cb	EXTMEM:04af	WRITE
CODE:28cc	CODE:9719	UNCONDITIONAL_CALL
CODE:28d2	EXTMEM:04af	WRITE
CODE:28d3	CODE:290d	UNCONDITIONAL_JUMP
CODE:28d5	CODE:4468	UNCONDITIONAL_CALL
CODE:28d9	CODE:451a	UNCONDITIONAL_CALL
CODE:28dc	CODE:290d	CONDITIONAL_JUMP
CODE:28e4	CODE:290d	CONDITIONAL_JUMP
CODE:28e7	EXTMEM:04af	READ
CODE:28ea	EXTMEM:04b0	READ
CODE:28f1	CODE:290d	CONDITIONAL_JUMP
CODE:28f9	CODE:290d	CONDITIONAL_JUMP
CODE:28fe	EXTMEM:04b1	WRITE
CODE:28ff	CODE:4468	UNCONDITIONAL_CALL
CODE:2903	CODE:9719	UNCONDITIONAL_CALL
CODE:290c	EXTMEM:04a9	WRITE
CODE:2912	CODE:adf3	UNCONDITIONAL_CALL
CODE:2a62	CODE:1d2a	UNCONDITIONAL_CALL
CODE:2a6a	INTMEM:5c	READ
CODE:2a6c	INTMEM:5b	READ
CODE:2a6d	CODE:2a71	CONDITIONAL_JUMP
CODE:2a6f	CODE:2c8f	UNCONDITIONAL_JUMP
CODE:2a72	INTMEM:5c	READ
CODE:2a79	CODE:1d2a	UNCONDITIONAL_CALL
CODE:2a80	INTMEM:3e	READ
CODE:2a87	CODE:1d2a	UNCONDITIONAL_CALL
CODE:2a8e	INTMEM:43	READ
CODE:2a9a	CODE:1d2a	UNCONDITIONAL_CALL
CODE:2aa4	CODE:1d2a	UNCONDITIONAL_CALL
CODE:2aab	INTMEM:45	READ
CODE:2aae	INTMEM:46	READ
CODE:2ab5	CODE:1d2a	UNCONDITIONAL_CALL
CODE:2ac1	CODE:1d2a	UNCONDITIONAL_CALL
CODE:2ac8	INTMEM:a2	READ
CODE:2acb	INTMEM:a3	READ
CODE:2ad3	CODE:2ace	CONDITIONAL_JUMP
CODE:2ad5	CODE:1e1b	UNCONDITIONAL_CALL
CODE:2ad8	CODE:1d2a	UNCONDITIONAL_CALL
CODE:2add	INTMEM:03	READ
CODE:2ae0	CODE:1d27	UNCONDITIONAL_CALL
CODE:2ae7	INTMEM:a2	READ
CODE:2aea	CODE:1e1b	UNCONDITIONAL_CALL
CODE:2aed	CODE:1d2a	UNCONDITIONAL_CALL
CODE:2af2	INTMEM:03	READ
CODE:2af5	CODE:1d27	UNCONDITIONAL_CALL
CODE:2afc	INTMEM:a0	READ
CODE:2b00	INTMEM:a1	READ
CODE:2b04	CODE:1e1d	UNCONDITIONAL_CALL
CODE:2b07	CODE:1d2a	UNCONDITIONAL_CALL
CODE:2b0c	INTMEM:03	READ
CODE:2b0f	CODE:1d27	UNCONDITIONAL_CALL
CODE:2b16	INTMEM:a3	READ
CODE:2b1b	CODE:1e1d	UNCONDITIONAL_CALL
CODE:2b1e	CODE:1d2a	UNCONDITIONAL_CALL
CODE:2b23	INTMEM:03	READ
CODE:2b26	CODE:1d27	UNCONDITIONAL_CALL
CODE:2b2c	INTMEM:a2	READ
CODE:2b31	CODE:1e1d	UNCONDITIONAL_CALL
CODE:2b34	CODE:1d2a	UNCONDITIONAL_CALL
CODE:2b39	INTMEM:03	READ
CODE:2b3c	CODE:1d27	UNCONDITIONAL_CALL
CODE:2b42	INTMEM:a1	READ
CODE:2b45	CODE:1e1d	UNCONDITIONAL_CALL
CODE:2b48	CODE:1d2a	UNCONDITIONAL_CALL
CODE:2b4d	INTMEM:03	READ
CODE:2b50	CODE:1d27	UNCONDITIONAL_CALL
CODE:2b57	INTMEM:94	READ
CODE:2b59	INTMEM:03	READ
CODE:2b5c	CODE:1d27	UNCONDITIONAL_CALL
CODE:2b63	CODE:1e86	UNCONDITIONAL_CALL
CODE:2b66	CODE:1d27	UNCONDITIONAL_CALL
CODE:2b6d	CODE:1d62	UNCONDITIONAL_CALL
CODE:2b70	CODE:1d27	UNCONDITIONAL_CALL
CODE:2b77	CODE:ad3d	UNCONDITIONAL_CALL
CODE:2b7c	CODE:1d67	UNCONDITIONAL_CALL
CODE:2b7f	CODE:1d27	UNCONDITIONAL_CALL
CODE:2b86	CODE:ad3d	UNCONDITIONAL_CALL
CODE:2b8b	CODE:1d67	UNCONDITIONAL_CALL
CODE:2b8e	CODE:1d27	UNCONDITIONAL_CALL
CODE:2b95	CODE:1e86	UNCONDITIONAL_CALL
CODE:2b98	CODE:1d27	UNCONDITIONAL_CALL
CODE:2b9f	CODE:1d62	UNCONDITIONAL_CALL
CODE:2ba2	CODE:1d27	UNCONDITIONAL_CALL
CODE:2ba9	CODE:ad3d	UNCONDITIONAL_CALL
CODE:2bae	CODE:1d67	UNCONDITIONAL_CALL
CODE:2bb1	CODE:1d27	UNCONDITIONAL_CALL
CODE:2bb8	CODE:ad3d	UNCONDITIONAL_CALL
CODE:2bbd	CODE:1d67	UNCONDITIONAL_CALL
CODE:2bc0	CODE:1d27	UNCONDITIONAL_CALL
CODE:2bc7	CODE:1e86	UNCONDITIONAL_CALL
CODE:2bca	CODE:1d27	UNCONDITIONAL_CALL
CODE:2bd1	CODE:1d62	UNCONDITIONAL_CALL
CODE:2bd4	CODE:1d27	UNCONDITIONAL_CALL
CODE:2bdb	CODE:ad3d	UNCONDITIONAL_CALL
CODE:2be0	CODE:1d67	UNCONDITIONAL_CALL
CODE:2be3	CODE:1d27	UNCONDITIONAL_CALL
CODE:2bea	CODE:ad3d	UNCONDITIONAL_CALL
CODE:2bef	CODE:1d67	UNCONDITIONAL_CALL
CODE:2bf2	CODE:1d27	UNCONDITIONAL_CALL
CODE:2bf9	CODE:1e86	UNCONDITIONAL_CALL
CODE:2bfc	CODE:1d27	UNCONDITIONAL_CALL
CODE:2c03	CODE:1d62	UNCONDITIONAL_CALL
CODE:2c06	CODE:1d27	UNCONDITIONAL_CALL
CODE:2c0d	CODE:ad3d	UNCONDITIONAL_CALL
CODE:2c12	CODE:1d67	UNCONDITIONAL_CALL
CODE:2c15	CODE:1d27	UNCONDITIONAL_CALL
CODE:2c1c	CODE:ad3d	UNCONDITIONAL_CALL
CODE:2c21	CODE:1d67	UNCONDITIONAL_CALL
CODE:2c24	CODE:1d27	UNCONDITIONAL_CALL
CODE:2c2b	CODE:1e86	UNCONDITIONAL_CALL
CODE:2c2e	CODE:1d27	UNCONDITIONAL_CALL
CODE:2c35	CODE:1d62	UNCONDITIONAL_CALL
CODE:2c38	CODE:1d27	UNCONDITIONAL_CALL
CODE:2c3f	CODE:ad3d	UNCONDITIONAL_CALL
CODE:2c44	CODE:1d67	UNCONDITIONAL_CALL
CODE:2c47	CODE:1d27	UNCONDITIONAL_CALL
CODE:2c4e	CODE:ad3d	UNCONDITIONAL_CALL
CODE:2c53	CODE:1d67	UNCONDITIONAL_CALL
CODE:2c56	CODE:1d27	UNCONDITIONAL_CALL
CODE:2c5d	CODE:1e86	UNCONDITIONAL_CALL
CODE:2c60	CODE:1d27	UNCONDITIONAL_CALL
CODE:2c67	CODE:1d62	UNCONDITIONAL_CALL
CODE:2c6a	CODE:1d27	UNCONDITIONAL_CALL
CODE:2c71	CODE:ad3d	UNCONDITIONAL_CALL
CODE:2c76	CODE:1d67	UNCONDITIONAL_CALL
CODE:2c79	CODE:1d27	UNCONDITIONAL_CALL
CODE:2c80	CODE:ad3d	UNCONDITIONAL_CALL
CODE:2c85	CODE:1d67	UNCONDITIONAL_CALL
CODE:2c88	CODE:1d27	UNCONDITIONAL_CALL
CODE:2c8d	CODE:2c9a	UNCONDITIONAL_JUMP
CODE:2c8f	INTMEM:03	READ
CODE:2c95	CODE:1d2a	UNCONDITIONAL_CALL
CODE:2c9b	CODE:1f31	UNCONDITIONAL_CALL
CODE:2c9e	CODE:a7c3	UNCONDITIONAL_CALL
CODE:2ca5	EXTMEM:04c6	WRITE
CODE:2ca6	CODE:9ef9	UNCONDITIONAL_CALL
CODE:2cad	EXTMEM:04cc	WRITE
CODE:2cb0	EXTMEM:04cd	WRITE
CODE:2cba	EXTMEM:04c8	WRITE
CODE:2cbb	CODE:2eca	UNCONDITIONAL_CALL
CODE:2cbe	CODE:2cd6	CONDITIONAL_JUMP
CODE:2cc0	CODE:33d6	UNCONDITIONAL_CALL
CODE:2cc3	CODE:33ef	UNCONDITIONAL_CALL
CODE:2cc6	BITS:e6	DATA
CODE:2cc6	CODE:2cd6	CONDITIONAL_JUMP
CODE:2ccc	EXTMEM:04c8	READ
CODE:2cce	CODE:939d	UNCONDITIONAL_CALL
CODE:2cd1	CODE:2cd5	CONDITIONAL_JUMP
CODE:2cd3	CODE:2ebe	UNCONDITIONAL_JUMP
CODE:2cda	EXTMEM:04c9	WRITE
CODE:2cdb	CODE:34de	UNCONDITIONAL_CALL
CODE:2cea	EXTMEM:04c7	WRITE
CODE:2cf0	EXTMEM:04cb	WRITE
CODE:2cf4	EXTMEM:04c8	READ
CODE:2cf9	CODE:2d04	CONDITIONAL_JUMP
CODE:2d01	EXTMEM:04ca	WRITE
CODE:2d02	CODE:2d0b	UNCONDITIONAL_JUMP
CODE:2d0a	EXTMEM:04ca	WRITE
CODE:2d0e	CODE:2d12	CONDITIONAL_JUMP
CODE:2d10	CODE:2dbd	UNCONDITIONAL_JUMP
CODE:2d17	EXTMEM:04c9	WRITE
CODE:2d18	CODE:9800	UNCONDITIONAL_CALL
CODE:2d1b	CODE:34de	UNCONDITIONAL_CALL
CODE:2d2a	CODE:33d6	UNCONDITIONAL_CALL
CODE:2d30	CODE:3555	UNCONDITIONAL_CALL
CODE:2d45	BITS:e0	DATA
CODE:2d45	CODE:2db4	CONDITIONAL_JUMP
CODE:2d48	CODE:33d6	UNCONDITIONAL_CALL
CODE:2d4f	CODE:a9ae	UNCONDITIONAL_CALL
CODE:2d56	CODE:a9ae	UNCONDITIONAL_CALL
CODE:2d59	CODE:3478	UNCONDITIONAL_CALL
CODE:2d5c	INTMEM:03	READ
CODE:2d5e	INTMEM:02	READ
CODE:2d60	INTMEM:01	READ
CODE:2d62	CODE:33d6	UNCONDITIONAL_CALL
CODE:2d6b	INTMEM:01	READ
CODE:2d70	INTMEM:01	WRITE
CODE:2d72	INTMEM:02	WRITE
CODE:2d74	INTMEM:03	WRITE
CODE:2d76	CODE:a90e	UNCONDITIONAL_CALL
CODE:2d7c	EXTMEM:04c7	READ
CODE:2d7f	EXTMEM:04c7	WRITE
CODE:2d80	EXTMEM:04c7	READ
CODE:2d84	CODE:2db4	CONDITIONAL_JUMP
CODE:2d86	EXTMEM:04c7	READ
CODE:2d93	INTMEM:04	READ
CODE:2d95	INTMEM:05	READ
CODE:2d97	CODE:33d6	UNCONDITIONAL_CALL
CODE:2dad	INTMEM:07	WRITE
CODE:2daf	INTMEM:06	WRITE
CODE:2db1	CODE:aefd	UNCONDITIONAL_CALL
CODE:2db7	EXTMEM:04cb	READ
CODE:2dba	EXTMEM:04cb	WRITE
CODE:2dbb	CODE:2ddd	UNCONDITIONAL_JUMP
CODE:2dbd	CODE:3478	UNCONDITIONAL_CALL
CODE:2dc0	INTMEM:03	READ
CODE:2dc2	INTMEM:02	READ
CODE:2dc4	INTMEM:01	READ
CODE:2dc6	CODE:33d6	UNCONDITIONAL_CALL
CODE:2dcf	INTMEM:01	READ
CODE:2dd2	INTMEM:03	READ
CODE:2dd4	INTMEM:01	WRITE
CODE:2dd6	INTMEM:02	WRITE
CODE:2dd8	INTMEM:03	WRITE
CODE:2dda	CODE:a90e	UNCONDITIONAL_CALL
CODE:2de0	EXTMEM:04cb	READ
CODE:2de5	EXTMEM:04cb	WRITE
CODE:2de9	EXTMEM:04c9	READ
CODE:2dee	EXTMEM:04cb	READ
CODE:2df9	EXTMEM:04c9	WRITE
CODE:2dfa	CODE:3457	UNCONDITIONAL_CALL
CODE:2dfd	EXTMEM:04c9	READ
CODE:2e05	EXTMEM:04c9	WRITE
CODE:2e07	EXTMEM:04ca	READ
CODE:2e09	INTMEM:07	READ
CODE:2e0b	CODE:a6d9	UNCONDITIONAL_CALL
CODE:2e1b	EXTMEM:04ca	WRITE
CODE:2e1c	CODE:33d6	UNCONDITIONAL_CALL
CODE:2e22	CODE:33e2	UNCONDITIONAL_CALL
CODE:2e27	CODE:a99c	UNCONDITIONAL_CALL
CODE:2e2a	CODE:34de	UNCONDITIONAL_CALL
CODE:2e33	CODE:2e60	CONDITIONAL_JUMP
CODE:2e36	CODE:2e6e	CONDITIONAL_JUMP
CODE:2e3b	EXTMEM:04c9	READ
CODE:2e3d	INTMEM:06	READ
CODE:2e3f	CODE:a6fd	UNCONDITIONAL_CALL
CODE:2e48	EXTMEM:04c9	WRITE
CODE:2e4a	EXTMEM:04ca	READ
CODE:2e4c	INTMEM:07	READ
CODE:2e4e	CODE:a703	UNCONDITIONAL_CALL
CODE:2e5d	EXTMEM:04ca	WRITE
CODE:2e5e	CODE:2e6e	UNCONDITIONAL_JUMP
CODE:2e60	CODE:33d6	UNCONDITIONAL_CALL
CODE:2e66	CODE:33e2	UNCONDITIONAL_CALL
CODE:2e6b	CODE:a99c	UNCONDITIONAL_CALL
CODE:2e71	EXTMEM:04c9	READ
CODE:2e73	CODE:33d6	UNCONDITIONAL_CALL
CODE:2e7a	CODE:a9ae	UNCONDITIONAL_CALL
CODE:2e80	EXTMEM:04ca	READ
CODE:2e84	CODE:a9ae	UNCONDITIONAL_CALL
CODE:2e87	CODE:34de	UNCONDITIONAL_CALL
CODE:2e96	CODE:a9ae	UNCONDITIONAL_CALL
CODE:2e9c	EXTMEM:04c8	READ
CODE:2e9e	CODE:939d	UNCONDITIONAL_CALL
CODE:2ea1	CODE:2ebe	CONDITIONAL_JUMP
CODE:2ea3	CODE:2eca	UNCONDITIONAL_CALL
CODE:2ea6	CODE:2eb3	CONDITIONAL_JUMP
CODE:2ea8	CODE:33d6	UNCONDITIONAL_CALL
CODE:2eab	CODE:33ef	UNCONDITIONAL_CALL
CODE:2eae	BITS:e6	DATA
CODE:2eae	CODE:2eb3	CONDITIONAL_JUMP
CODE:2eb3	CODE:33d6	UNCONDITIONAL_CALL
CODE:2eb6	CODE:33df	UNCONDITIONAL_CALL
CODE:2ebb	CODE:a99c	UNCONDITIONAL_CALL
CODE:2ec0	INTMEM:b3	READ
CODE:2ec3	CODE:34e9	UNCONDITIONAL_CALL
CODE:2ec7	EXTMEM:04c8	WRITE
CODE:2ece	CODE:9a0d	UNCONDITIONAL_CALL
CODE:2ed6	INTMEM:ab	READ
CODE:2ed9	CODE:2edd	CONDITIONAL_JUMP
CODE:2edb	CODE:2ff3	UNCONDITIONAL_JUMP
CODE:2edf	INTMEM:ad	READ
CODE:2ee1	CODE:621e	UNCONDITIONAL_CALL
CODE:2eea	INTMEM:b0	READ
CODE:2ef5	CODE:2f05	CONDITIONAL_JUMP
CODE:2ef7	CODE:6276	UNCONDITIONAL_CALL
CODE:2efc	CODE:6248	UNCONDITIONAL_CALL
CODE:2f03	CODE:2f13	UNCONDITIONAL_JUMP
CODE:2f05	CODE:6266	UNCONDITIONAL_CALL
CODE:2f0b	CODE:2f0e	CONDITIONAL_JUMP
CODE:2f0e	CODE:2f13	CONDITIONAL_JUMP
CODE:2f15	INTMEM:ae	READ
CODE:2f23	EXTMEM:04a6	WRITE
CODE:2f24	CODE:9800	UNCONDITIONAL_CALL
CODE:2f29	INTMEM:ad	READ
CODE:2f2c	CODE:2f30	CONDITIONAL_JUMP
CODE:2f2e	CODE:2fb5	UNCONDITIONAL_JUMP
CODE:2f32	CODE:a815	UNCONDITIONAL_CALL
CODE:2f38	CODE:ae2a	UNCONDITIONAL_CALL
CODE:2f3b	CODE:620e	UNCONDITIONAL_CALL
CODE:2f3e	EXTMEM:04a7	READ
CODE:2f41	EXTMEM:04a8	READ
CODE:2f46	EXTMEM:04aa	WRITE
CODE:2f49	EXTMEM:04ab	WRITE
CODE:2f4e	EXTMEM:04ae	WRITE
CODE:2f52	EXTMEM:04a6	READ
CODE:2f57	EXTMEM:04ae	READ
CODE:2f5a	CODE:2fb5	CONDITIONAL_JUMP
CODE:2f5c	EXTMEM:04ae	READ
CODE:2f62	EXTMEM:04ab	READ
CODE:2f68	EXTMEM:04aa	READ
CODE:2f6e	EXTMEM:04ac	WRITE
CODE:2f71	EXTMEM:04ad	WRITE
CODE:2f76	CODE:990c	UNCONDITIONAL_CALL
CODE:2f7c	CODE:adf3	UNCONDITIONAL_CALL
CODE:2fb0	EXTMEM:04ae	READ
CODE:2fb2	EXTMEM:04ae	WRITE
CODE:2fb3	CODE:2f4f	UNCONDITIONAL_JUMP
CODE:2fb8	EXTMEM:0752	READ
CODE:2fbb	EXTMEM:0753	READ
CODE:2fca	EXTMEM:04a6	READ
CODE:2fcd	CODE:6215	UNCONDITIONAL_CALL
CODE:2fd3	CODE:aa6d	UNCONDITIONAL_CALL
CODE:2fd6	CODE:620e	UNCONDITIONAL_CALL
CODE:2fd9	EXTMEM:04a6	READ
CODE:2fdc	EXTMEM:04a7	READ
CODE:2fe0	INTMEM:b0	READ
CODE:2fe5	INTMEM:b1	READ
CODE:2fee	CODE:2ff5	CONDITIONAL_JUMP
CODE:2ff9	EXTMEM:055d	READ
CODE:2ffa	CODE:2fff	CONDITIONAL_JUMP
CODE:2ffd	BITS:06	WRITE
CODE:3005	EXTMEM:04a8	WRITE
CODE:3009	EXTMEM:055d	READ
CODE:300d	CODE:1ef6	UNCONDITIONAL_CALL
CODE:3013	EXTMEM:055e	READ
CODE:3017	CODE:1ef6	UNCONDITIONAL_CALL
CODE:301d	EXTMEM:055f	READ
CODE:3023	EXTMEM:04ad	WRITE
CODE:3026	EXTMEM:04ae	WRITE
CODE:302a	EXTMEM:0560	READ
CODE:302e	EXTMEM:04af	WRITE
CODE:3031	CODE:9000	UNCONDITIONAL_CALL
CODE:3034	CODE:1e48	UNCONDITIONAL_CALL
CODE:303a	CODE:308d	CONDITIONAL_JUMP
CODE:303c	CODE:a6cd	UNCONDITIONAL_CALL
CODE:3043	EXTMEM:04b0	WRITE
CODE:3048	EXTMEM:04ac	READ
CODE:304d	EXTMEM:04ab	READ
CODE:3050	CODE:306b	CONDITIONAL_JUMP
CODE:3055	EXTMEM:04b0	READ
CODE:3058	CODE:a6d3	UNCONDITIONAL_CALL
CODE:305d	CODE:a63f	UNCONDITIONAL_CALL
CODE:3066	CODE:87aa	UNCONDITIONAL_CALL
CODE:3069	CODE:30ac	UNCONDITIONAL_JUMP
CODE:306f	CODE:9a0d	UNCONDITIONAL_CALL
CODE:3076	CODE:30ac	CONDITIONAL_JUMP
CODE:3078	CODE:a153	UNCONDITIONAL_CALL
CODE:307b	CODE:30ac	CONDITIONAL_JUMP
CODE:3083	CODE:87aa	UNCONDITIONAL_CALL
CODE:3088	CODE:a646	UNCONDITIONAL_CALL
CODE:308b	CODE:30ac	UNCONDITIONAL_JUMP
CODE:308d	CODE:1ec9	UNCONDITIONAL_CALL
CODE:3092	CODE:30ac	CONDITIONAL_JUMP
CODE:3097	CODE:1e98	UNCONDITIONAL_CALL
CODE:309b	CODE:30a0	CONDITIONAL_JUMP
CODE:30a0	CODE:30ac	CONDITIONAL_JUMP
CODE:30a2	CODE:1e39	UNCONDITIONAL_CALL
CODE:30a9	CODE:8800	UNCONDITIONAL_CALL
CODE:30ae	CODE:9000	UNCONDITIONAL_CALL
CODE:30b1	CODE:a356	UNCONDITIONAL_CALL
CODE:30b7	CODE:30ce	CONDITIONAL_JUMP
CODE:30bb	CODE:9e27	UNCONDITIONAL_CALL
CODE:30c2	CODE:a638	UNCONDITIONAL_CALL
CODE:30cb	CODE:87aa	UNCONDITIONAL_CALL
CODE:30ce	CODE:1ec9	UNCONDITIONAL_CALL
CODE:30d3	CODE:30ed	CONDITIONAL_JUMP
CODE:30d8	CODE:1e98	UNCONDITIONAL_CALL
CODE:30db	INTMEM:c9	READ
CODE:30dc	CODE:30e1	CONDITIONAL_JUMP
CODE:30e0	INTMEM:c8	READ
CODE:30e1	CODE:30ed	CONDITIONAL_JUMP
CODE:30e3	CODE:1e39	UNCONDITIONAL_CALL
CODE:30ea	CODE:8800	UNCONDITIONAL_CALL
CODE:30f0	EXTMEM:04af	READ
CODE:30f1	CODE:30ff	CONDITIONAL_JUMP
CODE:30f6	EXTMEM:0af4	READ
CODE:30f7	CODE:30ff	CONDITIONAL_JUMP
CODE:30fa	EXTMEM:0af4	WRITE
CODE:30fd	CODE:3112	UNCONDITIONAL_JUMP
CODE:3102	EXTMEM:04af	READ
CODE:3106	CODE:3117	CONDITIONAL_JUMP
CODE:310b	EXTMEM:0af4	READ
CODE:310c	CODE:3117	CONDITIONAL_JUMP
CODE:310f	EXTMEM:0af4	WRITE
CODE:3114	CODE:9733	UNCONDITIONAL_CALL
CODE:311a	EXTMEM:04af	READ
CODE:311e	INTMEM:99	WRITE
CODE:3121	INTMEM:07	READ
CODE:3121	INTMEM:9a	WRITE
CODE:3126	EXTMEM:04a9	READ
CODE:3129	EXTMEM:04aa	READ
CODE:312d	INTMEM:06	READ
CODE:312d	INTMEM:5d	WRITE
CODE:3130	INTMEM:07	READ
CODE:3130	INTMEM:5e	WRITE
CODE:3135	EXTMEM:04ad	READ
CODE:3138	EXTMEM:04ae	READ
CODE:313b	INTMEM:06	READ
CODE:313b	INTMEM:5f	WRITE
CODE:313e	INTMEM:07	READ
CODE:313e	INTMEM:60	WRITE
CODE:3143	CODE:1f10	UNCONDITIONAL_CALL
CODE:3146	CODE:1d2a	UNCONDITIONAL_CALL
CODE:314b	EXTMEM:04a8	WRITE
CODE:314e	INTMEM:6e	READ
CODE:314f	CODE:1d1f	UNCONDITIONAL_CALL
CODE:3153	EXTMEM:04a8	WRITE
CODE:3156	INTMEM:92	READ
CODE:3157	CODE:1d1f	UNCONDITIONAL_CALL
CODE:315b	EXTMEM:04a8	WRITE
CODE:315e	INTMEM:8c	READ
CODE:315f	CODE:1d1f	UNCONDITIONAL_CALL
CODE:3163	EXTMEM:04a8	WRITE
CODE:3166	INTMEM:23	READ
CODE:3167	CODE:1d1f	UNCONDITIONAL_CALL
CODE:316b	EXTMEM:04a8	WRITE
CODE:316d	INTMEM:24	READ
CODE:316e	CODE:1d1f	UNCONDITIONAL_CALL
CODE:3172	EXTMEM:04a8	WRITE
CODE:3175	INTMEM:89	READ
CODE:3176	CODE:1d1f	UNCONDITIONAL_CALL
CODE:317a	EXTMEM:04a8	WRITE
CODE:317e	EXTMEM:070c	READ
CODE:317f	CODE:1d1f	UNCONDITIONAL_CALL
CODE:3183	EXTMEM:070c	WRITE
CODE:3186	CODE:1d06	UNCONDITIONAL_CALL
CODE:318a	EXTMEM:070c	WRITE
CODE:318c	CODE:1d06	UNCONDITIONAL_CALL
CODE:3190	EXTMEM:070c	WRITE
CODE:3193	CODE:1d06	UNCONDITIONAL_CALL
CODE:3197	EXTMEM:070c	WRITE
CODE:319a	CODE:1d06	UNCONDITIONAL_CALL
CODE:319e	EXTMEM:070c	WRITE
CODE:31a1	CODE:1d06	UNCONDITIONAL_CALL
CODE:31a5	EXTMEM:070c	WRITE
CODE:31a8	CODE:1d06	UNCONDITIONAL_CALL
CODE:31ac	EXTMEM:070c	WRITE
CODE:31af	INTMEM:6c	READ
CODE:31b0	CODE:1d1f	UNCONDITIONAL_CALL
CODE:31b4	EXTMEM:070c	WRITE
CODE:31b8	EXTMEM:0707	READ
CODE:31b9	CODE:1d1f	UNCONDITIONAL_CALL
CODE:31bd	EXTMEM:0707	WRITE
CODE:31c2	EXTMEM:03f0	READ
CODE:31c3	CODE:1d1f	UNCONDITIONAL_CALL
CODE:31c7	EXTMEM:03f0	WRITE
CODE:31cb	EXTMEM:0441	READ
CODE:31ce	EXTMEM:0442	READ
CODE:31cf	CODE:1d0a	UNCONDITIONAL_CALL
CODE:31d3	EXTMEM:0442	WRITE
CODE:31d7	EXTMEM:04a8	READ
CODE:31e1	EXTMEM:04ac	WRITE
CODE:31e4	EXTMEM:04ad	WRITE
CODE:31e6	CODE:31f0	CONDITIONAL_JUMP
CODE:31ee	CODE:33b5	UNCONDITIONAL_JUMP
CODE:31f3	EXTMEM:04ac	READ
CODE:31f4	CODE:31fa	CONDITIONAL_JUMP
CODE:31f7	EXTMEM:04ad	READ
CODE:31fa	CODE:3204	CONDITIONAL_JUMP
CODE:3202	CODE:33b5	UNCONDITIONAL_JUMP
CODE:3207	EXTMEM:04ac	READ
CODE:3208	CODE:320e	CONDITIONAL_JUMP
CODE:320b	EXTMEM:04ad	READ
CODE:320e	CODE:3218	CONDITIONAL_JUMP
CODE:3216	CODE:33b5	UNCONDITIONAL_JUMP
CODE:321b	EXTMEM:04ac	READ
CODE:321c	CODE:3222	CONDITIONAL_JUMP
CODE:321f	EXTMEM:04ad	READ
CODE:3222	CODE:322c	CONDITIONAL_JUMP
CODE:322a	CODE:33b5	UNCONDITIONAL_JUMP
CODE:322f	EXTMEM:04ac	READ
CODE:3230	CODE:3236	CONDITIONAL_JUMP
CODE:3233	EXTMEM:04ad	READ
CODE:3236	CODE:3240	CONDITIONAL_JUMP
CODE:323e	CODE:33b5	UNCONDITIONAL_JUMP
CODE:3243	EXTMEM:04ac	READ
CODE:3244	CODE:324a	CONDITIONAL_JUMP
CODE:3247	EXTMEM:04ad	READ
CODE:324a	CODE:3254	CONDITIONAL_JUMP
CODE:3252	CODE:33b5	UNCONDITIONAL_JUMP
CODE:3257	EXTMEM:04ac	READ
CODE:3258	CODE:325e	CONDITIONAL_JUMP
CODE:325b	EXTMEM:04ad	READ
CODE:325e	CODE:3268	CONDITIONAL_JUMP
CODE:3266	CODE:33b5	UNCONDITIONAL_JUMP
CODE:326b	EXTMEM:04ac	READ
CODE:326c	CODE:3272	CONDITIONAL_JUMP
CODE:326f	EXTMEM:04ad	READ
CODE:3272	CODE:327c	CONDITIONAL_JUMP
CODE:327a	CODE:33b5	UNCONDITIONAL_JUMP
CODE:327f	EXTMEM:04ac	READ
CODE:3280	CODE:3286	CONDITIONAL_JUMP
CODE:3283	EXTMEM:04ad	READ
CODE:3286	CODE:3290	CONDITIONAL_JUMP
CODE:328e	CODE:33b5	UNCONDITIONAL_JUMP
CODE:3293	EXTMEM:04ac	READ
CODE:3294	CODE:329a	CONDITIONAL_JUMP
CODE:3297	EXTMEM:04ad	READ
CODE:329a	CODE:32a4	CONDITIONAL_JUMP
CODE:32a2	CODE:33b5	UNCONDITIONAL_JUMP
CODE:32a7	EXTMEM:04ac	READ
CODE:32a8	CODE:32ae	CONDITIONAL_JUMP
CODE:32ab	EXTMEM:04ad	READ
CODE:32ae	CODE:32b8	CONDITIONAL_JUMP
CODE:32b6	CODE:33b5	UNCONDITIONAL_JUMP
CODE:32bb	EXTMEM:04ac	READ
CODE:32bc	CODE:32c2	CONDITIONAL_JUMP
CODE:32bf	EXTMEM:04ad	READ
CODE:32c2	CODE:32cc	CONDITIONAL_JUMP
CODE:32ca	CODE:33b5	UNCONDITIONAL_JUMP
CODE:32cf	EXTMEM:04ac	READ
CODE:32d0	CODE:32d6	CONDITIONAL_JUMP
CODE:32d3	EXTMEM:04ad	READ
CODE:32d6	CODE:32e0	CONDITIONAL_JUMP
CODE:32de	CODE:33b5	UNCONDITIONAL_JUMP
CODE:32e3	EXTMEM:04ac	READ
CODE:32e4	CODE:32ea	CONDITIONAL_JUMP
CODE:32e7	EXTMEM:04ad	READ
CODE:32ea	CODE:32f4	CONDITIONAL_JUMP
CODE:32f2	CODE:33b5	UNCONDITIONAL_JUMP
CODE:32f7	EXTMEM:04ac	READ
CODE:32f8	CODE:32fe	CONDITIONAL_JUMP
CODE:32fb	EXTMEM:04ad	READ
CODE:32fe	CODE:3308	CONDITIONAL_JUMP
CODE:3306	CODE:33b5	UNCONDITIONAL_JUMP
CODE:330b	EXTMEM:04ac	READ
CODE:330c	CODE:3312	CONDITIONAL_JUMP
CODE:330f	EXTMEM:04ad	READ
CODE:3312	CODE:331c	CONDITIONAL_JUMP
CODE:331a	CODE:33b5	UNCONDITIONAL_JUMP
CODE:331f	EXTMEM:04ac	READ
CODE:3320	CODE:3326	CONDITIONAL_JUMP
CODE:3323	EXTMEM:04ad	READ
CODE:3326	CODE:3330	CONDITIONAL_JUMP
CODE:332e	CODE:33b5	UNCONDITIONAL_JUMP
CODE:3333	EXTMEM:04ac	READ
CODE:3334	CODE:333a	CONDITIONAL_JUMP
CODE:3337	EXTMEM:04ad	READ
CODE:333a	CODE:3344	CONDITIONAL_JUMP
CODE:3342	CODE:33b5	UNCONDITIONAL_JUMP
CODE:3347	EXTMEM:04ac	READ
CODE:3348	CODE:334e	CONDITIONAL_JUMP
CODE:334b	EXTMEM:04ad	READ
CODE:334e	CODE:3358	CONDITIONAL_JUMP
CODE:3356	CODE:33b5	UNCONDITIONAL_JUMP
CODE:335b	EXTMEM:04ac	READ
CODE:335c	CODE:3362	CONDITIONAL_JUMP
CODE:335f	EXTMEM:04ad	READ
CODE:3362	CODE:336c	CONDITIONAL_JUMP
CODE:336a	CODE:33b5	UNCONDITIONAL_JUMP
CODE:336f	EXTMEM:04ac	READ
CODE:3370	CODE:3376	CONDITIONAL_JUMP
CODE:3373	EXTMEM:04ad	READ
CODE:3376	CODE:3380	CONDITIONAL_JUMP
CODE:337e	CODE:33b5	UNCONDITIONAL_JUMP
CODE:3383	EXTMEM:04ac	READ
CODE:3384	CODE:338a	CONDITIONAL_JUMP
CODE:3387	EXTMEM:04ad	READ
CODE:338a	CODE:3394	CONDITIONAL_JUMP
CODE:3392	CODE:33b5	UNCONDITIONAL_JUMP
CODE:3397	EXTMEM:04ac	READ
CODE:3398	CODE:339e	CONDITIONAL_JUMP
CODE:339b	EXTMEM:04ad	READ
CODE:33a0	CODE:33a8	CONDITIONAL_JUMP
CODE:33a6	CODE:33b5	UNCONDITIONAL_JUMP
CODE:33af	CODE:4790	UNCONDITIONAL_CALL
CODE:33b4	EXTMEM:04ad	WRITE
CODE:33b5	CODE:87aa	UNCONDITIONAL_CALL
CODE:33bc	CODE:adf3	UNCONDITIONAL_CALL
CODE:33d3	CODE:a99c	UNCONDITIONAL_CALL
CODE:33d9	CODE:adf3	UNCONDITIONAL_CALL
CODE:33dc	CODE:a9ae	UNCONDITIONAL_CALL
CODE:33e6	CODE:a934	UNCONDITIONAL_CALL
CODE:33ec	CODE:adf3	UNCONDITIONAL_CALL
CODE:33f2	CODE:a94d	UNCONDITIONAL_CALL
CODE:340b	INTMEM:b3	READ
CODE:3425	CODE:ade7	UNCONDITIONAL_CALL
CODE:3428	CODE:ad49	UNCONDITIONAL_CALL
CODE:3439	CODE:a99c	UNCONDITIONAL_CALL
CODE:343c	CODE:a934	UNCONDITIONAL_CALL
CODE:3459	INTMEM:b3	READ
CODE:3466	INTMEM:b3	READ
CODE:3475	CODE:adf3	UNCONDITIONAL_CALL
CODE:347b	EXTMEM:04c7	READ
CODE:3482	EXTMEM:04cc	READ
CODE:3485	EXTMEM:04cd	READ
CODE:348e	CODE:adf3	UNCONDITIONAL_CALL
CODE:3493	INTMEM:b3	READ
CODE:34a1	INTMEM:b3	READ
CODE:34ae	INTMEM:b3	READ
CODE:34bb	INTMEM:b3	READ
CODE:34c8	INTMEM:b9	READ
CODE:34da	CODE:b8f8	DATA
CODE:34e1	EXTMEM:04cc	READ
CODE:34e4	EXTMEM:04cd	READ
CODE:34fe	INTMEM:b3	READ
CODE:3515	EXTMEM:04d6	WRITE
CODE:3518	EXTMEM:04d7	WRITE
CODE:351c	INTMEM:b3	READ
CODE:3529	INTMEM:b3	READ
CODE:3536	INTMEM:b3	READ
CODE:3549	EXTMEM:04d8	WRITE
CODE:354c	EXTMEM:04d9	WRITE
CODE:3562	EXTMEM:03ec	READ
CODE:357f	CODE:53e7	UNCONDITIONAL_CALL
CODE:3583	CODE:3587	CONDITIONAL_JUMP
CODE:3585	CODE:36fd	UNCONDITIONAL_JUMP
CODE:3589	CODE:358d	CONDITIONAL_JUMP
CODE:358b	CODE:36e2	UNCONDITIONAL_JUMP
CODE:3590	CODE:53f4	UNCONDITIONAL_CALL
CODE:3597	EXTMEM:050c	WRITE
CODE:3599	EXTMEM:050d	WRITE
CODE:359d	EXTMEM:050a	WRITE
CODE:359f	EXTMEM:050b	WRITE
CODE:35a0	CODE:53e7	UNCONDITIONAL_CALL
CODE:35a4	CODE:35a8	CONDITIONAL_JUMP
CODE:35a6	CODE:36fd	UNCONDITIONAL_JUMP
CODE:35aa	CODE:35ae	CONDITIONAL_JUMP
CODE:35ac	CODE:36e2	UNCONDITIONAL_JUMP
CODE:35af	CODE:35bd	CONDITIONAL_JUMP
CODE:35b2	CODE:53f0	UNCONDITIONAL_CALL
CODE:35b9	EXTMEM:050c	WRITE
CODE:35bc	EXTMEM:050d	WRITE
CODE:35bd	CODE:53e7	UNCONDITIONAL_CALL
CODE:35c0	CODE:35d2	CONDITIONAL_JUMP
CODE:35c3	CODE:53f0	UNCONDITIONAL_CALL
CODE:35c9	EXTMEM:050c	READ
CODE:35ca	EXTMEM:050c	WRITE
CODE:35cc	EXTMEM:050d	READ
CODE:35cf	EXTMEM:050d	WRITE
CODE:35d0	CODE:35bd	UNCONDITIONAL_JUMP
CODE:35d2	CODE:53e7	UNCONDITIONAL_CALL
CODE:35d9	CODE:3614	CONDITIONAL_JUMP
CODE:35df	CODE:3614	CONDITIONAL_JUMP
CODE:35e4	EXTMEM:050a	READ
CODE:35e7	EXTMEM:050b	READ
CODE:35ed	CODE:a9d0	UNCONDITIONAL_CALL
CODE:35f4	EXTMEM:050a	WRITE
CODE:35f7	EXTMEM:050b	WRITE
CODE:35f8	CODE:a934	UNCONDITIONAL_CALL
CODE:360c	CODE:aa6d	UNCONDITIONAL_CALL
CODE:360f	CODE:53f0	UNCONDITIONAL_CALL
CODE:3612	CODE:35d2	UNCONDITIONAL_JUMP
CODE:3614	CODE:a934	UNCONDITIONAL_CALL
CODE:3619	CODE:3644	CONDITIONAL_JUMP
CODE:361b	CODE:548b	UNCONDITIONAL_CALL
CODE:3626	CODE:ae2a	UNCONDITIONAL_CALL
CODE:362c	CODE:adf3	UNCONDITIONAL_CALL
CODE:3644	CODE:53e7	UNCONDITIONAL_CALL
CODE:3649	CODE:3658	CONDITIONAL_JUMP
CODE:364b	CODE:53fa	UNCONDITIONAL_CALL
CODE:3650	EXTMEM:050a	WRITE
CODE:3653	EXTMEM:050b	WRITE
CODE:3656	CODE:3694	UNCONDITIONAL_JUMP
CODE:3658	CODE:53e7	UNCONDITIONAL_CALL
CODE:365d	CODE:366b	CONDITIONAL_JUMP
CODE:365f	CODE:53fa	UNCONDITIONAL_CALL
CODE:3664	EXTMEM:050a	WRITE
CODE:3667	EXTMEM:050b	WRITE
CODE:3669	CODE:3694	UNCONDITIONAL_JUMP
CODE:366b	CODE:53e7	UNCONDITIONAL_CALL
CODE:3670	CODE:3683	CONDITIONAL_JUMP
CODE:3672	CODE:53fa	UNCONDITIONAL_CALL
CODE:3677	EXTMEM:050a	WRITE
CODE:367a	EXTMEM:050b	WRITE
CODE:367c	CODE:5435	UNCONDITIONAL_CALL
CODE:3681	CODE:3699	UNCONDITIONAL_JUMP
CODE:3683	CODE:53e7	UNCONDITIONAL_CALL
CODE:3688	CODE:36a2	CONDITIONAL_JUMP
CODE:368a	CODE:53fa	UNCONDITIONAL_CALL
CODE:368f	EXTMEM:050a	WRITE
CODE:3692	EXTMEM:050b	WRITE
CODE:3694	CODE:5435	UNCONDITIONAL_CALL
CODE:3699	EXTMEM:050c	WRITE
CODE:369a	CODE:5497	UNCONDITIONAL_CALL
CODE:369d	CODE:4532	UNCONDITIONAL_CALL
CODE:36a0	CODE:36da	UNCONDITIONAL_JUMP
CODE:36a2	CODE:53e7	UNCONDITIONAL_CALL
CODE:36a7	CODE:36f8	CONDITIONAL_JUMP
CODE:36a9	CODE:548b	UNCONDITIONAL_CALL
CODE:36af	EXTMEM:0510	WRITE
CODE:36b2	EXTMEM:0511	WRITE
CODE:36bc	CODE:ae2a	UNCONDITIONAL_CALL
CODE:36c2	EXTMEM:050a	READ
CODE:36c5	EXTMEM:050b	READ
CODE:36ca	EXTMEM:0541	WRITE
CODE:36cd	EXTMEM:0542	WRITE
CODE:36d1	CODE:5428	UNCONDITIONAL_CALL
CODE:36d4	CODE:5497	UNCONDITIONAL_CALL
CODE:36d7	CODE:55c0	UNCONDITIONAL_CALL
CODE:36e0	CODE:36f5	UNCONDITIONAL_JUMP
CODE:36e2	CODE:53e7	UNCONDITIONAL_CALL
CODE:36e8	CODE:5479	UNCONDITIONAL_CALL
CODE:36eb	CODE:8b47	UNCONDITIONAL_CALL
CODE:36f5	CODE:aa6d	UNCONDITIONAL_CALL
CODE:36f8	CODE:53f0	UNCONDITIONAL_CALL
CODE:36fb	CODE:357f	UNCONDITIONAL_JUMP
CODE:36fd	CODE:5497	UNCONDITIONAL_CALL
CODE:3703	CODE:370f	CONDITIONAL_JUMP
CODE:3705	CODE:5497	UNCONDITIONAL_CALL
CODE:3708	CODE:ae33	UNCONDITIONAL_CALL
CODE:370c	CODE:a99c	UNCONDITIONAL_CALL
CODE:3718	CODE:ae2a	UNCONDITIONAL_CALL
CODE:371e	EXTMEM:050e	READ
CODE:3721	EXTMEM:050f	READ
CODE:3727	CODE:88fd	UNCONDITIONAL_CALL
CODE:372c	CODE:88f5	UNCONDITIONAL_CALL
CODE:3734	EXTMEM:073a	WRITE
CODE:3738	CODE:88f5	UNCONDITIONAL_CALL
CODE:3740	EXTMEM:073b	WRITE
CODE:3746	EXTMEM:2155	WRITE
CODE:374c	EXTMEM:2154	WRITE
CODE:3750	CODE:88fd	UNCONDITIONAL_CALL
CODE:3755	CODE:88f5	UNCONDITIONAL_CALL
CODE:375d	EXTMEM:073d	WRITE
CODE:3761	CODE:88f5	UNCONDITIONAL_CALL
CODE:3769	EXTMEM:073e	WRITE
CODE:376f	EXTMEM:2255	WRITE
CODE:3775	CODE:8911	UNCONDITIONAL_CALL
CODE:377a	CODE:8909	UNCONDITIONAL_CALL
CODE:377f	CODE:3782	CONDITIONAL_JUMP
CODE:3786	EXTMEM:203c	WRITE
CODE:378a	CODE:8909	UNCONDITIONAL_CALL
CODE:378f	CODE:3792	CONDITIONAL_JUMP
CODE:3796	CODE:8911	UNCONDITIONAL_CALL
CODE:379b	CODE:8909	UNCONDITIONAL_CALL
CODE:379f	CODE:37a3	CONDITIONAL_JUMP
CODE:37a1	CODE:37a5	UNCONDITIONAL_JUMP
CODE:37a9	EXTMEM:203e	WRITE
CODE:37aa	CODE:8900	UNCONDITIONAL_CALL
CODE:37af	CODE:88f5	UNCONDITIONAL_CALL
CODE:37b7	EXTMEM:2020	WRITE
CODE:37bb	CODE:88f5	UNCONDITIONAL_CALL
CODE:37c1	EXTMEM:2021	WRITE
CODE:37c2	CODE:8900	UNCONDITIONAL_CALL
CODE:37c7	CODE:88f5	UNCONDITIONAL_CALL
CODE:37cf	EXTMEM:0737	WRITE
CODE:37d5	EXTMEM:2304	WRITE
CODE:37d9	CODE:88f5	UNCONDITIONAL_CALL
CODE:37e1	EXTMEM:0738	WRITE
CODE:37e7	EXTMEM:2404	WRITE
CODE:37e9	SFR:a3	WRITE
CODE:37ee	CODE:8909	UNCONDITIONAL_CALL
CODE:37f1	CODE:37fd	CONDITIONAL_JUMP
CODE:37f3	SFR:a3	WRITE
CODE:37f9	EXTMEM:1053	WRITE
CODE:37fb	SFR:a3	WRITE
CODE:3804	EXTMEM:04b3	WRITE
CODE:3807	EXTMEM:04b4	WRITE
CODE:3808	BITS:0c	WRITE
CODE:380b	CODE:380f	CONDITIONAL_JUMP
CODE:380d	CODE:3993	UNCONDITIONAL_JUMP
CODE:380f	EXTMEM:04b4	READ
CODE:3811	CODE:3814	CONDITIONAL_JUMP
CODE:3814	CODE:3818	CONDITIONAL_JUMP
CODE:3816	CODE:3986	UNCONDITIONAL_JUMP
CODE:381d	CODE:3821	CONDITIONAL_JUMP
CODE:383e	CODE:6217	UNCONDITIONAL_CALL
CODE:3846	CODE:6215	UNCONDITIONAL_CALL
CODE:384b	BITS:0c	WRITE
CODE:384d	CODE:3986	UNCONDITIONAL_JUMP
CODE:393e	SFR:f3	READ
CODE:3943	EXTMEM:0754	READ
CODE:3946	EXTMEM:0755	READ
CODE:3960	CODE:ae2a	UNCONDITIONAL_CALL
CODE:3966	EXTMEM:04b5	READ
CODE:3968	CODE:908c	UNCONDITIONAL_CALL
CODE:396e	EXTMEM:04b5	READ
CODE:3970	CODE:622b	UNCONDITIONAL_CALL
CODE:3976	CODE:aa6d	UNCONDITIONAL_CALL
CODE:3979	CODE:3986	UNCONDITIONAL_JUMP
CODE:3989	EXTMEM:04b4	READ
CODE:398e	CODE:6293	UNCONDITIONAL_CALL
CODE:3991	CODE:399c	UNCONDITIONAL_JUMP
CODE:3996	EXTMEM:04b3	READ
CODE:3997	CODE:399c	CONDITIONAL_JUMP
CODE:399a	BITS:0c	WRITE
CODE:399c	BITS:0c	READ
CODE:399f	CODE:a5bd	UNCONDITIONAL_CALL
CODE:39a5	INTMEM:17	WRITE
CODE:39a7	INTMEM:16	WRITE
CODE:39ab	CODE:39af	CONDITIONAL_JUMP
CODE:39ae	INTMEM:16	WRITE
CODE:39b1	INTMEM:b2	READ
CODE:39b4	CODE:39f5	CONDITIONAL_JUMP
CODE:39b8	CODE:3a1a	CONDITIONAL_JUMP
CODE:39bc	INTMEM:b4	READ
CODE:39bf	CODE:39d6	CONDITIONAL_JUMP
CODE:39c3	CODE:39dc	CONDITIONAL_JUMP
CODE:39c7	CODE:39e9	CONDITIONAL_JUMP
CODE:39c9	CODE:a775	UNCONDITIONAL_CALL
CODE:39cc	CODE:a727	UNCONDITIONAL_CALL
CODE:39d2	CODE:3a38	CONDITIONAL_JUMP
CODE:39d4	CODE:3b32	UNCONDITIONAL_JUMP
CODE:39d8	INTMEM:17	WRITE
CODE:39da	CODE:3b32	UNCONDITIONAL_JUMP
CODE:39e0	CODE:9a23	UNCONDITIONAL_CALL
CODE:39e5	INTMEM:17	WRITE
CODE:39e7	CODE:3b32	UNCONDITIONAL_JUMP
CODE:39e9	CODE:9df1	UNCONDITIONAL_CALL
CODE:39ec	CODE:3a38	CONDITIONAL_JUMP
CODE:39ee	CODE:a17a	UNCONDITIONAL_CALL
CODE:39f1	CODE:3a38	CONDITIONAL_JUMP
CODE:39f3	CODE:3b32	UNCONDITIONAL_JUMP
CODE:39f7	INTMEM:b4	READ
CODE:39fa	CODE:3a14	CONDITIONAL_JUMP
CODE:39fe	CODE:3a38	CONDITIONAL_JUMP
CODE:3a02	INTMEM:16	READ
CODE:3a05	CODE:3a0e	CONDITIONAL_JUMP
CODE:3a09	CODE:a03c	UNCONDITIONAL_CALL
CODE:3a0c	CODE:3b32	UNCONDITIONAL_JUMP
CODE:3a10	INTMEM:17	WRITE
CODE:3a12	CODE:3b32	UNCONDITIONAL_JUMP
CODE:3a16	INTMEM:17	WRITE
CODE:3a18	CODE:3b32	UNCONDITIONAL_JUMP
CODE:3a1c	CODE:a60e	UNCONDITIONAL_CALL
CODE:3a1f	CODE:3a2e	CONDITIONAL_JUMP
CODE:3a23	INTMEM:17	WRITE
CODE:3a29	CODE:90d1	UNCONDITIONAL_CALL
CODE:3a2c	CODE:3b32	UNCONDITIONAL_JUMP
CODE:3a30	CODE:a607	UNCONDITIONAL_CALL
CODE:3a33	CODE:3a38	CONDITIONAL_JUMP
CODE:3a35	CODE:a17a	UNCONDITIONAL_CALL
CODE:3a3a	INTMEM:16	READ
CODE:3a3b	CODE:ae53	UNCONDITIONAL_CALL
CODE:3a3b	CODE:3ab6	COMPUTED_JUMP
CODE:3a3b	CODE:3abd	COMPUTED_JUMP
CODE:3a3b	CODE:3ac2	COMPUTED_JUMP
CODE:3a3b	CODE:3ac7	COMPUTED_JUMP
CODE:3a3b	CODE:3acc	COMPUTED_JUMP
CODE:3a3b	CODE:3ad1	COMPUTED_JUMP
CODE:3a3b	CODE:3ad6	COMPUTED_JUMP
CODE:3a3b	CODE:3adf	COMPUTED_JUMP
CODE:3a3b	CODE:3aac	COMPUTED_JUMP
CODE:3a3b	CODE:3ab1	COMPUTED_JUMP
CODE:3a3b	CODE:3b29	COMPUTED_JUMP
CODE:3a3b	CODE:3aa7	COMPUTED_JUMP
CODE:3a3b	CODE:3aa2	COMPUTED_JUMP
CODE:3a3b	CODE:3afd	COMPUTED_JUMP
CODE:3a3b	CODE:3b02	COMPUTED_JUMP
CODE:3a3b	CODE:3b07	COMPUTED_JUMP
CODE:3a3b	CODE:3b0c	COMPUTED_JUMP
CODE:3a3b	CODE:3ae4	COMPUTED_JUMP
CODE:3a3b	CODE:3af3	COMPUTED_JUMP
CODE:3a3b	CODE:3af8	COMPUTED_JUMP
CODE:3a3b	CODE:3ae9	COMPUTED_JUMP
CODE:3a3b	CODE:3aee	COMPUTED_JUMP
CODE:3a3b	CODE:3b15	COMPUTED_JUMP
CODE:3a3b	CODE:3b32	COMPUTED_JUMP
CODE:3aa2	CODE:a4cb	UNCONDITIONAL_CALL
CODE:3aa5	CODE:3b0f	UNCONDITIONAL_JUMP
CODE:3aa7	CODE:9abd	UNCONDITIONAL_CALL
CODE:3aaa	CODE:3b0f	UNCONDITIONAL_JUMP
CODE:3aac	CODE:a2a7	UNCONDITIONAL_CALL
CODE:3aaf	CODE:3b0f	UNCONDITIONAL_JUMP
CODE:3ab1	CODE:a2bf	UNCONDITIONAL_CALL
CODE:3ab4	CODE:3b0f	UNCONDITIONAL_JUMP
CODE:3ab6	CODE:a0f5	UNCONDITIONAL_CALL
CODE:3abd	CODE:9e03	UNCONDITIONAL_CALL
CODE:3ac0	CODE:3b0f	UNCONDITIONAL_JUMP
CODE:3ac2	CODE:851f	UNCONDITIONAL_CALL
CODE:3ac5	CODE:3b0f	UNCONDITIONAL_JUMP
CODE:3ac7	CODE:8c9d	UNCONDITIONAL_CALL
CODE:3aca	CODE:3b0f	UNCONDITIONAL_JUMP
CODE:3acc	CODE:92a1	UNCONDITIONAL_CALL
CODE:3acf	CODE:3b0f	UNCONDITIONAL_JUMP
CODE:3ad1	CODE:8352	UNCONDITIONAL_CALL
CODE:3ad4	CODE:3b0f	UNCONDITIONAL_JUMP
CODE:3ad6	CODE:8401	UNCONDITIONAL_CALL
CODE:3ad9	CODE:3b0f	UNCONDITIONAL_JUMP
CODE:3adf	CODE:51f5	UNCONDITIONAL_CALL
CODE:3ae2	CODE:3b0f	UNCONDITIONAL_JUMP
CODE:3ae4	CODE:a2b3	UNCONDITIONAL_CALL
CODE:3ae7	CODE:3b0f	UNCONDITIONAL_JUMP
CODE:3ae9	CODE:85c9	UNCONDITIONAL_CALL
CODE:3aec	CODE:3b0f	UNCONDITIONAL_JUMP
CODE:3aee	CODE:a5d5	UNCONDITIONAL_CALL
CODE:3af1	CODE:3b0f	UNCONDITIONAL_JUMP
CODE:3af3	CODE:a4a3	UNCONDITIONAL_CALL
CODE:3af6	CODE:3b0f	UNCONDITIONAL_JUMP
CODE:3af8	CODE:a4ad	UNCONDITIONAL_CALL
CODE:3afb	CODE:3b0f	UNCONDITIONAL_JUMP
CODE:3afd	CODE:8c1e	UNCONDITIONAL_CALL
CODE:3b00	CODE:3b0f	UNCONDITIONAL_JUMP
CODE:3b02	CODE:81b0	UNCONDITIONAL_CALL
CODE:3b05	CODE:3b0f	UNCONDITIONAL_JUMP
CODE:3b07	CODE:9fc9	UNCONDITIONAL_CALL
CODE:3b0a	CODE:3b0f	UNCONDITIONAL_JUMP
CODE:3b0c	CODE:9508	UNCONDITIONAL_CALL
CODE:3b11	INTMEM:07	READ
CODE:3b13	CODE:3b32	UNCONDITIONAL_JUMP
CODE:3b1a	CODE:3b32	CONDITIONAL_JUMP
CODE:3b20	CODE:3b24	CONDITIONAL_JUMP
CODE:3b22	CODE:3b2e	UNCONDITIONAL_JUMP
CODE:3b24	CODE:a7a9	UNCONDITIONAL_CALL
CODE:3b27	CODE:3adb	UNCONDITIONAL_JUMP
CODE:3b29	CODE:a7b3	UNCONDITIONAL_CALL
CODE:3b2c	CODE:3b32	CONDITIONAL_JUMP
CODE:3b34	INTMEM:16	READ
CODE:3b37	INTMEM:17	READ
CODE:3b39	CODE:10b6	UNCONDITIONAL_CALL
CODE:3b40	EXTMEM:04a4	WRITE
CODE:3b41	CODE:a815	UNCONDITIONAL_CALL
CODE:3b47	CODE:ae2a	UNCONDITIONAL_CALL
CODE:3b4d	EXTMEM:04a4	READ
CODE:3b4f	CODE:a745	UNCONDITIONAL_CALL
CODE:3b52	CODE:82d6	UNCONDITIONAL_CALL
CODE:3b55	CODE:aa99	UNCONDITIONAL_CALL
CODE:3b5f	CODE:3bd5	CONDITIONAL_JUMP
CODE:3b64	CODE:aac4	UNCONDITIONAL_CALL
CODE:3b72	CODE:aa99	UNCONDITIONAL_CALL
CODE:3b80	CODE:3b7b	CONDITIONAL_JUMP
CODE:3b8d	CODE:aed0	UNCONDITIONAL_CALL
CODE:3b94	EXTMEM:04a8	WRITE
CODE:3b97	EXTMEM:04a9	WRITE
CODE:3b98	CODE:82d6	UNCONDITIONAL_CALL
CODE:3b9e	CODE:aac4	UNCONDITIONAL_CALL
CODE:3bab	CODE:aed0	UNCONDITIONAL_CALL
CODE:3bb2	EXTMEM:04aa	WRITE
CODE:3bb5	EXTMEM:04ab	WRITE
CODE:3bb9	EXTMEM:04a4	READ
CODE:3bba	CODE:3bbe	CONDITIONAL_JUMP
CODE:3bbc	CODE:3c87	UNCONDITIONAL_JUMP
CODE:3bbe	CODE:a7e7	UNCONDITIONAL_CALL
CODE:3bc5	CODE:3bc9	CONDITIONAL_JUMP
CODE:3bc7	CODE:3c87	UNCONDITIONAL_JUMP
CODE:3bcc	EXTMEM:04aa	READ
CODE:3bce	EXTMEM:04aa	WRITE
CODE:3bd0	EXTMEM:04ab	READ
CODE:3bd2	EXTMEM:04ab	WRITE
CODE:3bd3	CODE:3c87	UNCONDITIONAL_JUMP
CODE:3bd5	CODE:82d6	UNCONDITIONAL_CALL
CODE:3bd8	CODE:ad03	UNCONDITIONAL_CALL
CODE:3be8	CODE:acdd	UNCONDITIONAL_CALL
CODE:3bf1	CODE:aba2	UNCONDITIONAL_CALL
CODE:3bf8	EXTMEM:04ac	WRITE
CODE:3bfb	EXTMEM:04ad	WRITE
CODE:3bfc	CODE:a153	UNCONDITIONAL_CALL
CODE:3c02	CODE:3c4e	CONDITIONAL_JUMP
CODE:3c04	CODE:adf3	UNCONDITIONAL_CALL
CODE:3c4e	CODE:adf3	UNCONDITIONAL_CALL
CODE:3c8a	EXTMEM:04a8	READ
CODE:3c8d	EXTMEM:04a9	READ
CODE:3c90	EXTMEM:04aa	READ
CODE:3c93	EXTMEM:04ab	READ
CODE:3c95	CODE:9d97	UNCONDITIONAL_CALL
CODE:3c9a	CODE:a646	UNCONDITIONAL_CALL
CODE:3c9d	CODE:54d6	UNCONDITIONAL_CALL
CODE:3ca4	CODE:82a1	UNCONDITIONAL_CALL
CODE:3ca7	CODE:8faa	UNCONDITIONAL_CALL
CODE:3cac	INTMEM:b2	READ
CODE:3cb2	EXTMEM:04a4	WRITE
CODE:3cb5	EXTMEM:04a5	WRITE
CODE:3cb8	INTMEM:b4	READ
CODE:3cbc	EXTMEM:04a6	WRITE
CODE:3cbf	EXTMEM:04a7	WRITE
CODE:3cc1	INTMEM:b3	READ
CODE:3cc3	CODE:a139	UNCONDITIONAL_CALL
CODE:3ccd	EXTMEM:04a8	WRITE
CODE:3cd0	EXTMEM:04a9	WRITE
CODE:3cd1	CODE:a6f7	UNCONDITIONAL_CALL
CODE:3cd9	EXTMEM:04a4	READ
CODE:3cda	CODE:3ce0	CONDITIONAL_JUMP
CODE:3cdd	EXTMEM:04a5	READ
CODE:3ce0	CODE:3d11	CONDITIONAL_JUMP
CODE:3ce5	EXTMEM:04a6	READ
CODE:3ce8	EXTMEM:04a7	READ
CODE:3ced	CODE:3cf1	CONDITIONAL_JUMP
CODE:3cef	CODE:3e14	UNCONDITIONAL_JUMP
CODE:3cf5	CODE:3cf9	CONDITIONAL_JUMP
CODE:3cf7	CODE:3e14	UNCONDITIONAL_JUMP
CODE:3cfd	CODE:3d01	CONDITIONAL_JUMP
CODE:3cff	CODE:3e14	UNCONDITIONAL_JUMP
CODE:3d05	CODE:3d09	CONDITIONAL_JUMP
CODE:3d07	CODE:3e14	UNCONDITIONAL_JUMP
CODE:3d0d	CODE:3d11	CONDITIONAL_JUMP
CODE:3d0f	CODE:3e14	UNCONDITIONAL_JUMP
CODE:3d18	CODE:7d72	UNCONDITIONAL_CALL
CODE:3d1b	CODE:87aa	UNCONDITIONAL_CALL
CODE:3d21	EXTMEM:04a4	READ
CODE:3d22	CODE:3d28	CONDITIONAL_JUMP
CODE:3d25	EXTMEM:04a5	READ
CODE:3d28	CODE:3d30	CONDITIONAL_JUMP
CODE:3d2a	CODE:7d7a	UNCONDITIONAL_CALL
CODE:3d2d	CODE:52ef	UNCONDITIONAL_CALL
CODE:3d33	EXTMEM:04a4	READ
CODE:3d34	CODE:3d3a	CONDITIONAL_JUMP
CODE:3d37	EXTMEM:04a5	READ
CODE:3d3a	CODE:3d42	CONDITIONAL_JUMP
CODE:3d3c	CODE:7d7a	UNCONDITIONAL_CALL
CODE:3d3f	CODE:4800	UNCONDITIONAL_CALL
CODE:3d45	EXTMEM:04a4	READ
CODE:3d46	CODE:3d4c	CONDITIONAL_JUMP
CODE:3d49	EXTMEM:04a5	READ
CODE:3d4c	CODE:3d54	CONDITIONAL_JUMP
CODE:3d4e	CODE:7d7a	UNCONDITIONAL_CALL
CODE:3d51	CODE:653b	UNCONDITIONAL_CALL
CODE:3d57	EXTMEM:04a4	READ
CODE:3d58	CODE:3d5e	CONDITIONAL_JUMP
CODE:3d5b	EXTMEM:04a5	READ
CODE:3d5e	CODE:3d66	CONDITIONAL_JUMP
CODE:3d60	CODE:7d7a	UNCONDITIONAL_CALL
CODE:3d63	CODE:6162	UNCONDITIONAL_CALL
CODE:3d69	EXTMEM:04a4	READ
CODE:3d6a	CODE:3d70	CONDITIONAL_JUMP
CODE:3d6d	EXTMEM:04a5	READ
CODE:3d70	CODE:3d92	CONDITIONAL_JUMP
CODE:3d75	EXTMEM:04a6	READ
CODE:3d76	CODE:3d7c	CONDITIONAL_JUMP
CODE:3d79	EXTMEM:04a7	READ
CODE:3d7e	CODE:3d86	CONDITIONAL_JUMP
CODE:3d84	CODE:3e11	UNCONDITIONAL_JUMP
CODE:3d8d	CODE:7d6d	UNCONDITIONAL_CALL
CODE:3d90	CODE:3e11	UNCONDITIONAL_JUMP
CODE:3d95	EXTMEM:04a4	READ
CODE:3d96	CODE:3d9c	CONDITIONAL_JUMP
CODE:3d99	EXTMEM:04a5	READ
CODE:3d9c	CODE:3da4	CONDITIONAL_JUMP
CODE:3d9e	CODE:7d7a	UNCONDITIONAL_CALL
CODE:3da1	CODE:4e91	UNCONDITIONAL_CALL
CODE:3da7	EXTMEM:04a4	READ
CODE:3da8	CODE:3dae	CONDITIONAL_JUMP
CODE:3dab	EXTMEM:04a5	READ
CODE:3dae	CODE:3dc4	CONDITIONAL_JUMP
CODE:3db9	CODE:7d6d	UNCONDITIONAL_CALL
CODE:3dbf	CODE:7d9f	UNCONDITIONAL_CALL
CODE:3dc2	CODE:3e11	UNCONDITIONAL_JUMP
CODE:3dc7	EXTMEM:04a4	READ
CODE:3dc8	CODE:3dce	CONDITIONAL_JUMP
CODE:3dcb	EXTMEM:04a5	READ
CODE:3dce	CODE:3df0	CONDITIONAL_JUMP
CODE:3dd3	EXTMEM:04a6	READ
CODE:3dd4	CODE:3dda	CONDITIONAL_JUMP
CODE:3dd7	EXTMEM:04a7	READ
CODE:3ddc	CODE:3de4	CONDITIONAL_JUMP
CODE:3de2	CODE:3e11	UNCONDITIONAL_JUMP
CODE:3deb	CODE:7d6d	UNCONDITIONAL_CALL
CODE:3dee	CODE:3e11	UNCONDITIONAL_JUMP
CODE:3df3	EXTMEM:04a4	READ
CODE:3df6	EXTMEM:04a5	READ
CODE:3dfb	CODE:3e14	CONDITIONAL_JUMP
CODE:3e07	EXTMEM:04d6	WRITE
CODE:3e0a	EXTMEM:04d7	WRITE
CODE:3e0e	CODE:7d9f	UNCONDITIONAL_CALL
CODE:3e11	CODE:87aa	UNCONDITIONAL_CALL
CODE:3e17	INTMEM:b2	READ
CODE:3e1a	CODE:3e1e	CONDITIONAL_JUMP
CODE:3e1c	CODE:3f32	UNCONDITIONAL_JUMP
CODE:3e20	CODE:3e24	CONDITIONAL_JUMP
CODE:3e22	CODE:3f4c	UNCONDITIONAL_JUMP
CODE:3e26	CODE:3e2a	CONDITIONAL_JUMP
CODE:3e28	CODE:3f6f	UNCONDITIONAL_JUMP
CODE:3e2c	INTMEM:b4	READ
CODE:3e2d	CODE:ae53	UNCONDITIONAL_CALL
CODE:3e2d	CODE:3e7c	COMPUTED_JUMP
CODE:3e2d	CODE:3e90	COMPUTED_JUMP
CODE:3e2d	CODE:3f6f	COMPUTED_JUMP
CODE:3e2d	CODE:3e83	COMPUTED_JUMP
CODE:3e2d	CODE:3e86	COMPUTED_JUMP
CODE:3e2d	CODE:3e89	COMPUTED_JUMP
CODE:3e2d	CODE:3e9c	COMPUTED_JUMP
CODE:3e2d	CODE:3e8d	COMPUTED_JUMP
CODE:3e2d	CODE:3e93	COMPUTED_JUMP
CODE:3e2d	CODE:3e96	COMPUTED_JUMP
CODE:3e2d	CODE:3e99	COMPUTED_JUMP
CODE:3e2d	CODE:3f07	COMPUTED_JUMP
CODE:3e2d	CODE:3ea8	COMPUTED_JUMP
CODE:3e2d	CODE:3ece	COMPUTED_JUMP
CODE:3e2d	CODE:3eab	COMPUTED_JUMP
CODE:3e2d	CODE:3ec2	COMPUTED_JUMP
CODE:3e2d	CODE:3ee2	COMPUTED_JUMP
CODE:3e2d	CODE:3ee5	COMPUTED_JUMP
CODE:3e2d	CODE:3ee8	COMPUTED_JUMP
CODE:3e2d	CODE:3f01	COMPUTED_JUMP
CODE:3e2d	CODE:3f04	COMPUTED_JUMP
CODE:3e2d	CODE:3f26	COMPUTED_JUMP
CODE:3e7e	CODE:9115	UNCONDITIONAL_CALL
CODE:3e81	CODE:3f6f	UNCONDITIONAL_JUMP
CODE:3e8b	CODE:3f61	UNCONDITIONAL_JUMP
CODE:3e9c	CODE:a65b	UNCONDITIONAL_CALL
CODE:3ea1	CODE:3ea5	CONDITIONAL_JUMP
CODE:3ea3	CODE:3f71	UNCONDITIONAL_JUMP
CODE:3eab	CODE:a283	UNCONDITIONAL_CALL
CODE:3eb1	CODE:3ebf	CONDITIONAL_JUMP
CODE:3eb5	CODE:3eb9	CONDITIONAL_JUMP
CODE:3eb7	CODE:3f6f	UNCONDITIONAL_JUMP
CODE:3eb9	CODE:a786	UNCONDITIONAL_CALL
CODE:3ec4	CODE:a340	UNCONDITIONAL_CALL
CODE:3ec7	CODE:3ecb	CONDITIONAL_JUMP
CODE:3ec9	CODE:3f6f	UNCONDITIONAL_JUMP
CODE:3ece	CODE:a48f	UNCONDITIONAL_CALL
CODE:3ed4	CODE:3edf	CONDITIONAL_JUMP
CODE:3ed8	CODE:3edc	CONDITIONAL_JUMP
CODE:3eda	CODE:3f6f	UNCONDITIONAL_JUMP
CODE:3ee8	CODE:9696	UNCONDITIONAL_CALL
CODE:3eed	CODE:3ef8	CONDITIONAL_JUMP
CODE:3ef0	CODE:3efb	CONDITIONAL_JUMP
CODE:3ef3	CODE:3efe	CONDITIONAL_JUMP
CODE:3f07	CODE:60b4	UNCONDITIONAL_CALL
CODE:3f0e	CODE:3f6f	CONDITIONAL_JUMP
CODE:3f10	CODE:a356	UNCONDITIONAL_CALL
CODE:3f16	CODE:3f6f	CONDITIONAL_JUMP
CODE:3f18	BITS:0c	WRITE
CODE:3f1a	CODE:9340	UNCONDITIONAL_CALL
CODE:3f21	CODE:a638	UNCONDITIONAL_CALL
CODE:3f24	CODE:3f6f	UNCONDITIONAL_JUMP
CODE:3f2d	CODE:3f6f	CONDITIONAL_JUMP
CODE:3f34	INTMEM:b4	READ
CODE:3f37	CODE:3f44	CONDITIONAL_JUMP
CODE:3f3b	CODE:3f47	CONDITIONAL_JUMP
CODE:3f3f	CODE:3f6f	CONDITIONAL_JUMP
CODE:3f47	CODE:984b	UNCONDITIONAL_CALL
CODE:3f4a	CODE:3f6f	UNCONDITIONAL_JUMP
CODE:3f4e	INTMEM:b4	READ
CODE:3f51	CODE:3f69	CONDITIONAL_JUMP
CODE:3f55	CODE:3f66	CONDITIONAL_JUMP
CODE:3f59	CODE:3f6c	CONDITIONAL_JUMP
CODE:3f5d	CODE:3f6f	CONDITIONAL_JUMP
CODE:3f61	CODE:6a27	UNCONDITIONAL_CALL
CODE:3f64	CODE:3f6f	UNCONDITIONAL_JUMP
CODE:3f72	CODE:a471	UNCONDITIONAL_CALL
CODE:3f79	EXTMEM:04a6	WRITE
CODE:3f7b	EXTMEM:04a7	WRITE
CODE:3f7e	CODE:a60e	UNCONDITIONAL_CALL
CODE:3f81	CODE:3f91	CONDITIONAL_JUMP
CODE:3f85	INTMEM:cc	READ
CODE:3f88	CODE:3f91	CONDITIONAL_JUMP
CODE:3f8c	CODE:a60e	UNCONDITIONAL_CALL
CODE:3f8f	CODE:3f99	CONDITIONAL_JUMP
CODE:3f96	EXTMEM:04a7	WRITE
CODE:3f97	CODE:3ff3	UNCONDITIONAL_JUMP
CODE:3f9c	EXTMEM:04a7	READ
CODE:3fa0	CODE:3fb5	CONDITIONAL_JUMP
CODE:3fa2	CODE:a836	UNCONDITIONAL_CALL
CODE:3fa5	CODE:a11f	UNCONDITIONAL_CALL
CODE:3fab	CODE:3fb2	CONDITIONAL_JUMP
CODE:3faf	EXTMEM:04a7	WRITE
CODE:3fb0	CODE:3fb5	UNCONDITIONAL_JUMP
CODE:3fb4	EXTMEM:04a7	WRITE
CODE:3fb8	EXTMEM:04a7	READ
CODE:3fb9	CODE:3fbc	CONDITIONAL_JUMP
CODE:3fbc	CODE:3ff3	CONDITIONAL_JUMP
CODE:3fc3	CODE:3fc4	COMPUTED_JUMP
CODE:3fc3	CODE:3fc6	COMPUTED_JUMP
CODE:3fc3	CODE:3fc8	COMPUTED_JUMP
CODE:3fc3	CODE:3fca	COMPUTED_JUMP
CODE:3fc3	CODE:3fcc	COMPUTED_JUMP
CODE:3fc3	CODE:3fce	COMPUTED_JUMP
CODE:3fc3	CODE:3fd0	COMPUTED_JUMP
CODE:3fc4	CODE:3fd2	UNCONDITIONAL_JUMP
CODE:3fc6	CODE:3fd2	UNCONDITIONAL_JUMP
CODE:3fc8	CODE:3fd7	UNCONDITIONAL_JUMP
CODE:3fca	CODE:3fdc	UNCONDITIONAL_JUMP
CODE:3fcc	CODE:3fe1	UNCONDITIONAL_JUMP
CODE:3fce	CODE:3fe6	UNCONDITIONAL_JUMP
CODE:3fd0	CODE:3feb	UNCONDITIONAL_JUMP
CODE:3fd2	CODE:a25f	UNCONDITIONAL_CALL
CODE:3fd5	CODE:3fee	UNCONDITIONAL_JUMP
CODE:3fd7	CODE:9c43	UNCONDITIONAL_CALL
CODE:3fda	CODE:3fee	UNCONDITIONAL_JUMP
CODE:3fdc	CODE:7dac	UNCONDITIONAL_CALL
CODE:3fdf	CODE:3fee	UNCONDITIONAL_JUMP
CODE:3fe1	CODE:7b3a	UNCONDITIONAL_CALL
CODE:3fe4	CODE:3fee	UNCONDITIONAL_JUMP
CODE:3fe6	CODE:9d3c	UNCONDITIONAL_CALL
CODE:3fe9	CODE:3fee	UNCONDITIONAL_JUMP
CODE:3feb	CODE:8136	UNCONDITIONAL_CALL
CODE:3ff2	EXTMEM:04a7	WRITE
CODE:3ff6	EXTMEM:04a6	READ
CODE:3ff9	EXTMEM:04a7	READ
CODE:3ffb	CODE:69a3	UNCONDITIONAL_CALL
CODE:4000	CODE:a74b	UNCONDITIONAL_CALL
CODE:4007	EXTMEM:04aa	WRITE
CODE:400d	CODE:4011	CONDITIONAL_JUMP
CODE:400f	CODE:4152	UNCONDITIONAL_JUMP
CODE:4011	EXTMEM:04aa	READ
CODE:4013	CODE:a815	UNCONDITIONAL_CALL
CODE:4016	INTMEM:02	READ
CODE:4018	INTMEM:01	READ
CODE:401e	EXTMEM:04a8	WRITE
CODE:4021	EXTMEM:04a9	WRITE
CODE:4023	EXTMEM:04aa	READ
CODE:4025	EXTMEM:04aa	WRITE
CODE:4033	EXTMEM:04ab	WRITE
CODE:4034	CODE:4081	CONDITIONAL_JUMP
CODE:4036	CODE:46b2	UNCONDITIONAL_CALL
CODE:4039	INTMEM:04	READ
CODE:403b	INTMEM:05	READ
CODE:403d	INTMEM:06	READ
CODE:403f	INTMEM:07	READ
CODE:4041	CODE:46e6	UNCONDITIONAL_CALL
CODE:4044	CODE:475f	UNCONDITIONAL_CALL
CODE:4049	CODE:acf0	UNCONDITIONAL_CALL
CODE:404c	INTMEM:03	WRITE
CODE:404e	INTMEM:02	WRITE
CODE:4050	INTMEM:01	WRITE
CODE:4052	INTMEM:00	WRITE
CODE:4054	CODE:acbf	UNCONDITIONAL_CALL
CODE:4057	INTMEM:04	READ
CODE:4059	INTMEM:05	READ
CODE:405b	INTMEM:06	READ
CODE:405d	INTMEM:07	READ
CODE:405f	CODE:46e6	UNCONDITIONAL_CALL
CODE:4062	CODE:475f	UNCONDITIONAL_CALL
CODE:4065	CODE:46dd	UNCONDITIONAL_CALL
CODE:4068	CODE:4780	UNCONDITIONAL_CALL
CODE:4084	EXTMEM:04ab	READ
CODE:4087	CODE:408b	CONDITIONAL_JUMP
CODE:4089	CODE:4128	UNCONDITIONAL_JUMP
CODE:408b	CODE:a153	UNCONDITIONAL_CALL
CODE:408e	CODE:40d4	CONDITIONAL_JUMP
CODE:4094	CODE:46cf	UNCONDITIONAL_CALL
CODE:409e	CODE:acf0	UNCONDITIONAL_CALL
CODE:40a1	INTMEM:04	READ
CODE:40a3	INTMEM:05	READ
CODE:40a5	INTMEM:06	READ
CODE:40a7	INTMEM:07	READ
CODE:40a9	CODE:46b2	UNCONDITIONAL_CALL
CODE:40ac	INTMEM:03	WRITE
CODE:40ae	INTMEM:02	WRITE
CODE:40b0	INTMEM:01	WRITE
CODE:40b2	INTMEM:00	WRITE
CODE:40b4	CODE:acbf	UNCONDITIONAL_CALL
CODE:40b7	INTMEM:04	READ
CODE:40b9	INTMEM:05	READ
CODE:40bb	INTMEM:06	READ
CODE:40bd	INTMEM:07	READ
CODE:40bf	CODE:46cb	UNCONDITIONAL_CALL
CODE:40c2	INTMEM:03	WRITE
CODE:40c4	INTMEM:02	WRITE
CODE:40c6	INTMEM:01	WRITE
CODE:40c8	INTMEM:00	WRITE
CODE:40ca	CODE:46dd	UNCONDITIONAL_CALL
CODE:40cd	CODE:4780	UNCONDITIONAL_CALL
CODE:40d6	INTMEM:b5	READ
CODE:40d9	INTMEM:b6	READ
CODE:40e0	CODE:46d7	UNCONDITIONAL_CALL
CODE:40e5	CODE:acf0	UNCONDITIONAL_CALL
CODE:40e8	INTMEM:04	READ
CODE:40ea	INTMEM:05	READ
CODE:40ec	INTMEM:06	READ
CODE:40ee	INTMEM:07	READ
CODE:40f0	CODE:46b2	UNCONDITIONAL_CALL
CODE:40f3	INTMEM:03	WRITE
CODE:40f5	INTMEM:02	WRITE
CODE:40f7	INTMEM:01	WRITE
CODE:40f9	INTMEM:00	WRITE
CODE:40fb	CODE:acbf	UNCONDITIONAL_CALL
CODE:40fe	INTMEM:04	READ
CODE:4100	INTMEM:05	READ
CODE:4102	INTMEM:06	READ
CODE:4104	INTMEM:07	READ
CODE:4106	CODE:46cb	UNCONDITIONAL_CALL
CODE:4109	INTMEM:03	WRITE
CODE:410b	INTMEM:02	WRITE
CODE:410d	INTMEM:01	WRITE
CODE:410f	INTMEM:00	WRITE
CODE:4111	CODE:acbf	UNCONDITIONAL_CALL
CODE:4117	CODE:ad6d	UNCONDITIONAL_CALL
CODE:411a	CODE:a3a3	UNCONDITIONAL_CALL
CODE:411d	CODE:4123	CONDITIONAL_JUMP
CODE:4121	CODE:4125	UNCONDITIONAL_JUMP
CODE:4125	CODE:a73f	UNCONDITIONAL_CALL
CODE:4128	CODE:4789	UNCONDITIONAL_CALL
CODE:412b	CODE:9d03	UNCONDITIONAL_CALL
CODE:412e	CODE:a153	UNCONDITIONAL_CALL
CODE:4131	CODE:4789	UNCONDITIONAL_CALL
CODE:4134	CODE:414b	CONDITIONAL_JUMP
CODE:4136	CODE:89e0	UNCONDITIONAL_CALL
CODE:413f	CODE:89e0	UNCONDITIONAL_CALL
CODE:4142	CODE:4789	UNCONDITIONAL_CALL
CODE:4149	CODE:414f	UNCONDITIONAL_JUMP
CODE:414f	CODE:95d5	UNCONDITIONAL_CALL
CODE:4155	CODE:974d	UNCONDITIONAL_CALL
CODE:415b	CODE:ae2a	UNCONDITIONAL_CALL
CODE:4160	CODE:974d	UNCONDITIONAL_CALL
CODE:4166	CODE:ae2a	UNCONDITIONAL_CALL
CODE:416c	CODE:4736	UNCONDITIONAL_CALL
CODE:4178	CODE:4173	CONDITIONAL_JUMP
CODE:417d	CODE:4181	CONDITIONAL_JUMP
CODE:417f	CODE:42a0	UNCONDITIONAL_JUMP
CODE:4181	CODE:a146	UNCONDITIONAL_CALL
CODE:4186	CODE:418a	CONDITIONAL_JUMP
CODE:4188	CODE:429e	UNCONDITIONAL_JUMP
CODE:418d	CODE:4752	UNCONDITIONAL_CALL
CODE:4204	CODE:4696	UNCONDITIONAL_CALL
CODE:4210	CODE:4696	UNCONDITIONAL_CALL
CODE:421c	CODE:4696	UNCONDITIONAL_CALL
CODE:4228	CODE:4696	UNCONDITIONAL_CALL
CODE:4288	CODE:4752	UNCONDITIONAL_CALL
CODE:42a0	CODE:8229	UNCONDITIONAL_CALL
CODE:42a7	CODE:343f	UNCONDITIONAL_CALL
CODE:42ac	CODE:3471	UNCONDITIONAL_CALL
CODE:42b2	CODE:a94d	UNCONDITIONAL_CALL
CODE:42b8	EXTMEM:0745	WRITE
CODE:42bc	CODE:a94d	UNCONDITIONAL_CALL
CODE:42c2	EXTMEM:0746	WRITE
CODE:42c3	EXTMEM:0746	READ
CODE:42cf	EXTMEM:0740	WRITE
CODE:42d6	EXTMEM:073f	WRITE
CODE:42da	EXTMEM:0745	READ
CODE:42e4	EXTMEM:0747	WRITE
CODE:42e6	BITS:e7	DATA
CODE:42e6	CODE:4304	CONDITIONAL_JUMP
CODE:42ec	EXTMEM:073f	READ
CODE:42ef	CODE:3471	UNCONDITIONAL_CALL
CODE:42f5	CODE:3555	UNCONDITIONAL_CALL
CODE:42f8	EXTMEM:073f	READ
CODE:42fb	EXTMEM:0740	READ
CODE:42fe	INTMEM:06	READ
CODE:42fe	INTMEM:bc	WRITE
CODE:4301	INTMEM:bd	WRITE
CODE:4302	CODE:438d	UNCONDITIONAL_JUMP
CODE:4307	EXTMEM:0745	READ
CODE:430a	CODE:4344	CONDITIONAL_JUMP
CODE:430f	EXTMEM:073f	READ
CODE:4312	EXTMEM:073f	WRITE
CODE:4315	CODE:438d	CONDITIONAL_JUMP
CODE:4317	CODE:3472	UNCONDITIONAL_CALL
CODE:431d	CODE:3555	UNCONDITIONAL_CALL
CODE:4320	CODE:ad49	UNCONDITIONAL_CALL
CODE:4347	EXTMEM:073f	READ
CODE:434a	CODE:438d	CONDITIONAL_JUMP
CODE:434e	INTMEM:b9	READ
CODE:4350	CODE:3440	UNCONDITIONAL_CALL
CODE:4354	EXTMEM:073f	WRITE
CODE:4358	CODE:345c	UNCONDITIONAL_CALL
CODE:435b	EXTMEM:073f	READ
CODE:4360	EXTMEM:0747	READ
CODE:4362	CODE:4366	CONDITIONAL_JUMP
CODE:4364	CODE:43ed	UNCONDITIONAL_JUMP
CODE:4366	CODE:33e9	UNCONDITIONAL_CALL
CODE:4369	BITS:e4	DATA
CODE:4369	CODE:437f	CONDITIONAL_JUMP
CODE:436f	EXTMEM:0740	READ
CODE:4373	CODE:b902	DATA
CODE:4377	CODE:33dc	UNCONDITIONAL_CALL
CODE:437c	CODE:a99c	UNCONDITIONAL_CALL
CODE:437f	CODE:3472	UNCONDITIONAL_CALL
CODE:4385	CODE:33e2	UNCONDITIONAL_CALL
CODE:438a	CODE:a99c	UNCONDITIONAL_CALL
CODE:4390	EXTMEM:073f	READ
CODE:4393	CODE:43d8	CONDITIONAL_JUMP
CODE:4395	CODE:33e9	UNCONDITIONAL_CALL
CODE:4398	BITS:e4	DATA
CODE:4398	CODE:43a2	CONDITIONAL_JUMP
CODE:439b	CODE:344a	UNCONDITIONAL_CALL
CODE:439e	EXTMEM:073f	READ
CODE:439f	CODE:43af	CONDITIONAL_JUMP
CODE:43a5	EXTMEM:0747	READ
CODE:43aa	EXTMEM:0740	READ
CODE:43ac	CODE:5cfa	UNCONDITIONAL_CALL
CODE:43b2	EXTMEM:0746	READ
CODE:43b7	EXTMEM:0745	READ
CODE:43b9	CODE:960e	UNCONDITIONAL_CALL
CODE:43bc	CODE:43ed	CONDITIONAL_JUMP
CODE:43c1	EXTMEM:073f	READ
CODE:43c3	CODE:43d1	CONDITIONAL_JUMP
CODE:43c7	EXTMEM:0740	READ
CODE:43cb	INTMEM:b9	READ
CODE:43cf	INTMEM:06	READ
CODE:43d3	INTMEM:b9	READ
CODE:43d5	CODE:84e6	UNCONDITIONAL_CALL
CODE:43db	EXTMEM:0745	READ
CODE:43de	INTMEM:ba	WRITE
CODE:43e0	EXTMEM:0746	READ
CODE:43e2	INTMEM:bb	WRITE
CODE:43e6	EXTMEM:073f	READ
CODE:43ea	CODE:957e	UNCONDITIONAL_CALL
CODE:43f0	INTMEM:b3	READ
CODE:440d	INTMEM:b3	READ
CODE:4416	EXTMEM:04ad	READ
CODE:4419	EXTMEM:04ae	READ
CODE:4421	CODE:accc	UNCONDITIONAL_CALL
CODE:4427	CODE:adf3	UNCONDITIONAL_CALL
CODE:4436	INTMEM:b3	READ
CODE:4443	INTMEM:b3	READ
CODE:4450	INTMEM:b3	READ
CODE:445d	INTMEM:b3	READ
CODE:446b	EXTMEM:04a5	READ
CODE:446e	EXTMEM:04a6	READ
CODE:4478	EXTMEM:04d8	WRITE
CODE:447b	EXTMEM:04d9	WRITE
CODE:447f	INTMEM:b3	READ
CODE:4492	CODE:a90e	UNCONDITIONAL_CALL
CODE:449f	EXTMEM:04d6	WRITE
CODE:44a2	EXTMEM:04d7	WRITE
CODE:44ae	CODE:ab49	UNCONDITIONAL_CALL
CODE:44b4	EXTMEM:04b0	READ
CODE:44b7	EXTMEM:04b1	READ
CODE:44d3	INTMEM:b3	READ
CODE:44eb	INTMEM:b3	READ
CODE:44f8	INTMEM:b3	READ
CODE:452b	CODE:adf3	UNCONDITIONAL_CALL
CODE:4535	CODE:ae2a	UNCONDITIONAL_CALL
CODE:453c	EXTMEM:0518	WRITE
CODE:453f	EXTMEM:0519	WRITE
CODE:4544	EXTMEM:0535	WRITE
CODE:4546	EXTMEM:0536	WRITE
CODE:4548	EXTMEM:0537	WRITE
CODE:454a	EXTMEM:0538	WRITE
CODE:454e	EXTMEM:0518	READ
CODE:4551	EXTMEM:0519	READ
CODE:4557	EXTMEM:0539	WRITE
CODE:455a	EXTMEM:053a	WRITE
CODE:455c	CODE:4576	CONDITIONAL_JUMP
CODE:4563	EXTMEM:0524	WRITE
CODE:4566	EXTMEM:0525	WRITE
CODE:456d	CODE:5410	UNCONDITIONAL_CALL
CODE:4570	CODE:54d0	UNCONDITIONAL_CALL
CODE:4573	CODE:55c0	UNCONDITIONAL_CALL
CODE:4579	EXTMEM:051c	READ
CODE:457a	CODE:457e	CONDITIONAL_JUMP
CODE:457d	EXTMEM:051d	READ
CODE:457e	CODE:45b1	CONDITIONAL_JUMP
CODE:4583	EXTMEM:051a	READ
CODE:4584	CODE:458a	CONDITIONAL_JUMP
CODE:4587	EXTMEM:051b	READ
CODE:458a	CODE:45b1	CONDITIONAL_JUMP
CODE:458f	EXTMEM:0518	READ
CODE:4592	EXTMEM:0519	READ
CODE:459a	CODE:45b1	CONDITIONAL_JUMP
CODE:45a0	EXTMEM:0535	WRITE
CODE:45a3	EXTMEM:0536	WRITE
CODE:45ad	EXTMEM:0539	WRITE
CODE:45b0	EXTMEM:053a	WRITE
CODE:45ba	CODE:ae2a	UNCONDITIONAL_CALL
CODE:45be	CODE:a99c	UNCONDITIONAL_CALL
CODE:45c4	EXTMEM:0539	READ
CODE:45c7	EXTMEM:053a	READ
CODE:45ca	CODE:461a	CONDITIONAL_JUMP
CODE:45cc	CODE:54aa	UNCONDITIONAL_CALL
CODE:45d3	EXTMEM:0533	WRITE
CODE:45d6	EXTMEM:0534	WRITE
CODE:45df	CODE:45f6	CONDITIONAL_JUMP
CODE:45e4	EXTMEM:0523	READ
CODE:45eb	EXTMEM:0522	READ
CODE:45f3	CODE:aa6d	UNCONDITIONAL_CALL
CODE:45fa	EXTMEM:0534	READ
CODE:45fe	CODE:54b5	UNCONDITIONAL_CALL
CODE:4602	CODE:a99c	UNCONDITIONAL_CALL
CODE:4608	EXTMEM:0539	READ
CODE:460b	EXTMEM:053a	READ
CODE:460d	CODE:54aa	UNCONDITIONAL_CALL
CODE:4614	EXTMEM:0539	WRITE
CODE:4617	EXTMEM:053a	WRITE
CODE:4618	CODE:45c1	UNCONDITIONAL_JUMP
CODE:461d	EXTMEM:0535	READ
CODE:461e	CODE:4622	CONDITIONAL_JUMP
CODE:4621	EXTMEM:0536	READ
CODE:4622	CODE:4655	CONDITIONAL_JUMP
CODE:4627	EXTMEM:051e	READ
CODE:4628	CODE:462c	CONDITIONAL_JUMP
CODE:462b	EXTMEM:051f	READ
CODE:462c	CODE:464d	CONDITIONAL_JUMP
CODE:4631	EXTMEM:0521	READ
CODE:4632	BITS:e1	DATA
CODE:4632	CODE:464d	CONDITIONAL_JUMP
CODE:4635	CODE:54d0	UNCONDITIONAL_CALL
CODE:463c	CODE:8b47	UNCONDITIONAL_CALL
CODE:4642	CODE:53f3	UNCONDITIONAL_CALL
CODE:4648	CODE:5484	UNCONDITIONAL_CALL
CODE:464b	CODE:4655	UNCONDITIONAL_JUMP
CODE:464d	CODE:54b5	UNCONDITIONAL_CALL
CODE:4652	CODE:a99c	UNCONDITIONAL_CALL
CODE:4658	CODE:adf3	UNCONDITIONAL_CALL
CODE:4696	CODE:adf3	UNCONDITIONAL_CALL
CODE:4699	CODE:ad03	UNCONDITIONAL_CALL
CODE:469e	INTMEM:b3	READ
CODE:46b5	EXTMEM:04aa	READ
CODE:46bf	CODE:acf0	UNCONDITIONAL_CALL
CODE:46da	CODE:ac2d	UNCONDITIONAL_CALL
CODE:46dd	CODE:acbf	UNCONDITIONAL_CALL
CODE:46e3	CODE:ad6d	UNCONDITIONAL_CALL
CODE:46e9	EXTMEM:04a8	READ
CODE:46ec	EXTMEM:04a9	READ
CODE:4706	CODE:acdd	UNCONDITIONAL_CALL
CODE:4716	CODE:a90e	UNCONDITIONAL_CALL
CODE:471f	CODE:aa99	UNCONDITIONAL_CALL
CODE:4736	CODE:adf3	UNCONDITIONAL_CALL
CODE:473c	CODE:aac4	UNCONDITIONAL_CALL
CODE:4752	CODE:adf3	UNCONDITIONAL_CALL
CODE:4780	CODE:ad49	UNCONDITIONAL_CALL
CODE:4798	EXTMEM:04d6	WRITE
CODE:47a8	EXTMEM:04a5	WRITE
CODE:47b7	INTMEM:00	READ
CODE:47b9	INTMEM:01	READ
CODE:47bb	INTMEM:02	READ
CODE:47bd	INTMEM:03	READ
CODE:47bf	INTMEM:04	READ
CODE:47c1	INTMEM:05	READ
CODE:47c3	INTMEM:06	READ
CODE:47c5	INTMEM:07	READ
CODE:47c9	INTMEM:b9	WRITE
CODE:47ce	EXTMEM:2165	READ
CODE:47d2	EXTMEM:03ec	WRITE
CODE:47da	CODE:355d	UNCONDITIONAL_CALL
CODE:47e1	EXTMEM:2165	WRITE
CODE:47e2	CODE:64a1	UNCONDITIONAL_CALL
CODE:47e5	INTMEM:07	WRITE
CODE:47e7	INTMEM:06	WRITE
CODE:47e9	INTMEM:05	WRITE
CODE:47eb	INTMEM:04	WRITE
CODE:47ed	INTMEM:03	WRITE
CODE:47ef	INTMEM:02	WRITE
CODE:47f1	INTMEM:01	WRITE
CODE:47f3	INTMEM:00	WRITE
CODE:4804	EXTMEM:04aa	WRITE
CODE:4807	EXTMEM:04ab	WRITE
CODE:4808	CODE:96ff	UNCONDITIONAL_CALL
CODE:480e	CODE:7d83	UNCONDITIONAL_CALL
CODE:4815	CODE:87aa	UNCONDITIONAL_CALL
CODE:481b	EXTMEM:04aa	READ
CODE:481c	CODE:4822	CONDITIONAL_JUMP
CODE:481f	EXTMEM:04ab	READ
CODE:4822	CODE:482c	CONDITIONAL_JUMP
CODE:482a	CODE:490e	UNCONDITIONAL_JUMP
CODE:482f	EXTMEM:04aa	READ
CODE:4830	CODE:4836	CONDITIONAL_JUMP
CODE:4833	EXTMEM:04ab	READ
CODE:4836	CODE:4840	CONDITIONAL_JUMP
CODE:483e	CODE:490e	UNCONDITIONAL_JUMP
CODE:4843	EXTMEM:04aa	READ
CODE:4844	CODE:484a	CONDITIONAL_JUMP
CODE:4847	EXTMEM:04ab	READ
CODE:484a	CODE:4854	CONDITIONAL_JUMP
CODE:4852	CODE:490e	UNCONDITIONAL_JUMP
CODE:4857	EXTMEM:04aa	READ
CODE:4858	CODE:485e	CONDITIONAL_JUMP
CODE:485b	EXTMEM:04ab	READ
CODE:485e	CODE:4868	CONDITIONAL_JUMP
CODE:4866	CODE:490e	UNCONDITIONAL_JUMP
CODE:486b	EXTMEM:04aa	READ
CODE:486c	CODE:4872	CONDITIONAL_JUMP
CODE:486f	EXTMEM:04ab	READ
CODE:4872	CODE:487c	CONDITIONAL_JUMP
CODE:487a	CODE:490e	UNCONDITIONAL_JUMP
CODE:487f	EXTMEM:04aa	READ
CODE:4880	CODE:4886	CONDITIONAL_JUMP
CODE:4883	EXTMEM:04ab	READ
CODE:4886	CODE:4890	CONDITIONAL_JUMP
CODE:488e	CODE:490e	UNCONDITIONAL_JUMP
CODE:4893	EXTMEM:04aa	READ
CODE:4894	CODE:489a	CONDITIONAL_JUMP
CODE:4897	EXTMEM:04ab	READ
CODE:489a	CODE:48a4	CONDITIONAL_JUMP
CODE:48a2	CODE:490e	UNCONDITIONAL_JUMP
CODE:48a7	EXTMEM:04aa	READ
CODE:48a8	CODE:48ae	CONDITIONAL_JUMP
CODE:48ab	EXTMEM:04ab	READ
CODE:48ae	CODE:48b8	CONDITIONAL_JUMP
CODE:48b6	CODE:490e	UNCONDITIONAL_JUMP
CODE:48bb	EXTMEM:04aa	READ
CODE:48bc	CODE:48c2	CONDITIONAL_JUMP
CODE:48bf	EXTMEM:04ab	READ
CODE:48c2	CODE:48cc	CONDITIONAL_JUMP
CODE:48ca	CODE:490e	UNCONDITIONAL_JUMP
CODE:48cf	EXTMEM:04aa	READ
CODE:48d0	CODE:48d6	CONDITIONAL_JUMP
CODE:48d3	EXTMEM:04ab	READ
CODE:48d6	CODE:48e0	CONDITIONAL_JUMP
CODE:48de	CODE:490e	UNCONDITIONAL_JUMP
CODE:48e3	EXTMEM:04aa	READ
CODE:48e4	CODE:48ea	CONDITIONAL_JUMP
CODE:48e7	EXTMEM:04ab	READ
CODE:48ea	CODE:48f4	CONDITIONAL_JUMP
CODE:48f2	CODE:490e	UNCONDITIONAL_JUMP
CODE:48f7	EXTMEM:04aa	READ
CODE:48f8	CODE:48fe	CONDITIONAL_JUMP
CODE:48fb	EXTMEM:04ab	READ
CODE:4900	CODE:4908	CONDITIONAL_JUMP
CODE:4906	CODE:490e	UNCONDITIONAL_JUMP
CODE:490b	CODE:7d69	UNCONDITIONAL_CALL
CODE:490e	CODE:87aa	UNCONDITIONAL_CALL
CODE:491a	CODE:7d6d	UNCONDITIONAL_CALL
CODE:491d	CODE:87aa	UNCONDITIONAL_CALL
CODE:4920	CODE:a6f7	UNCONDITIONAL_CALL
CODE:4925	INTMEM:07	READ
CODE:4925	INTMEM:17	WRITE
CODE:4929	CODE:a5dd	UNCONDITIONAL_CALL
CODE:492c	CODE:4930	CONDITIONAL_JUMP
CODE:492e	CODE:49b2	UNCONDITIONAL_JUMP
CODE:4932	CODE:a60e	UNCONDITIONAL_CALL
CODE:4935	CODE:493e	CONDITIONAL_JUMP
CODE:4939	CODE:a80c	UNCONDITIONAL_CALL
CODE:493c	CODE:49d2	UNCONDITIONAL_JUMP
CODE:4940	CODE:a60e	UNCONDITIONAL_CALL
CODE:4943	CODE:495a	CONDITIONAL_JUMP
CODE:4947	INTMEM:17	READ
CODE:494a	CODE:4958	CONDITIONAL_JUMP
CODE:494e	CODE:4952	CONDITIONAL_JUMP
CODE:4950	CODE:49d2	UNCONDITIONAL_JUMP
CODE:4954	INTMEM:16	WRITE
CODE:4956	CODE:4a18	UNCONDITIONAL_JUMP
CODE:4958	CODE:49b2	UNCONDITIONAL_JUMP
CODE:495c	CODE:a5dd	UNCONDITIONAL_CALL
CODE:495f	CODE:496a	CONDITIONAL_JUMP
CODE:4963	CODE:4a33	UNCONDITIONAL_CALL
CODE:4966	CODE:49d2	CONDITIONAL_JUMP
CODE:4968	CODE:4a18	UNCONDITIONAL_JUMP
CODE:496c	CODE:a5dd	UNCONDITIONAL_CALL
CODE:496f	CODE:497a	CONDITIONAL_JUMP
CODE:4973	CODE:4a22	UNCONDITIONAL_CALL
CODE:4976	CODE:49d2	CONDITIONAL_JUMP
CODE:4978	CODE:4a18	UNCONDITIONAL_JUMP
CODE:497c	CODE:a5dd	UNCONDITIONAL_CALL
CODE:497f	CODE:498a	CONDITIONAL_JUMP
CODE:4983	CODE:4a33	UNCONDITIONAL_CALL
CODE:4986	CODE:49d2	CONDITIONAL_JUMP
CODE:4988	CODE:4a18	UNCONDITIONAL_JUMP
CODE:498c	CODE:a5dd	UNCONDITIONAL_CALL
CODE:498f	CODE:499a	CONDITIONAL_JUMP
CODE:4993	CODE:4a22	UNCONDITIONAL_CALL
CODE:4996	CODE:49d2	CONDITIONAL_JUMP
CODE:4998	CODE:4a18	UNCONDITIONAL_JUMP
CODE:499c	CODE:a607	UNCONDITIONAL_CALL
CODE:499f	CODE:49d2	CONDITIONAL_JUMP
CODE:49a3	INTMEM:17	READ
CODE:49a4	CODE:49b8	CONDITIONAL_JUMP
CODE:49a7	CODE:a356	UNCONDITIONAL_CALL
CODE:49aa	CODE:49b8	CONDITIONAL_JUMP
CODE:49af	CODE:a02d	UNCONDITIONAL_CALL
CODE:49b4	INTMEM:16	WRITE
CODE:49b6	CODE:4a18	UNCONDITIONAL_JUMP
CODE:49ba	CODE:9e27	UNCONDITIONAL_CALL
CODE:49bf	INTMEM:17	READ
CODE:49c3	CODE:49d2	CONDITIONAL_JUMP
CODE:49c8	CODE:49d2	CONDITIONAL_JUMP
CODE:49cb	INTMEM:16	WRITE
CODE:49d0	CODE:4a18	CONDITIONAL_JUMP
CODE:49d4	INTMEM:17	READ
CODE:49d6	CODE:49d9	CONDITIONAL_JUMP
CODE:49d9	CODE:4a18	CONDITIONAL_JUMP
CODE:49e0	CODE:49e4	CONDITIONAL_JUMP
CODE:4a1a	INTMEM:17	READ
CODE:4a1d	INTMEM:16	READ
CODE:4a1f	CODE:25d4	UNCONDITIONAL_CALL
CODE:4a22	CODE:9e27	UNCONDITIONAL_CALL
CODE:4a27	CODE:a02d	UNCONDITIONAL_CALL
CODE:4a2c	INTMEM:16	WRITE
CODE:4a31	INTMEM:17	READ
CODE:4a33	CODE:9e27	UNCONDITIONAL_CALL
CODE:4a38	INTMEM:16	WRITE
CODE:4a3d	INTMEM:17	READ
CODE:4a3f	BITS:0d	WRITE
CODE:4a43	CODE:4b3a	UNCONDITIONAL_CALL
CODE:4a48	CODE:1dd3	UNCONDITIONAL_CALL
CODE:4a4d	CODE:1f28	UNCONDITIONAL_CALL
CODE:4a52	CODE:4b3a	UNCONDITIONAL_CALL
CODE:4a57	CODE:1dd3	UNCONDITIONAL_CALL
CODE:4a5c	CODE:1f28	UNCONDITIONAL_CALL
CODE:4a61	CODE:4b4c	UNCONDITIONAL_CALL
CODE:4a66	CODE:1dd3	UNCONDITIONAL_CALL
CODE:4a6b	CODE:1f28	UNCONDITIONAL_CALL
CODE:4a70	CODE:4b4c	UNCONDITIONAL_CALL
CODE:4a76	EXTMEM:03f0	READ
CODE:4a7c	EXTMEM:03ef	READ
CODE:4a7e	CODE:1ddb	UNCONDITIONAL_CALL
CODE:4a82	EXTMEM:03ef	WRITE
CODE:4a85	EXTMEM:03f0	WRITE
CODE:4a86	BITS:0d	WRITE
CODE:4a8a	CODE:94ae	UNCONDITIONAL_CALL
CODE:4a95	CODE:79d0	UNCONDITIONAL_CALL
CODE:4a9c	EXTMEM:0441	WRITE
CODE:4a9f	EXTMEM:0442	WRITE
CODE:4aa2	INTMEM:99	READ
CODE:4aa5	INTMEM:9a	READ
CODE:4aab	EXTMEM:0af8	WRITE
CODE:4aae	EXTMEM:0af9	WRITE
CODE:4ab9	CODE:a9e2	UNCONDITIONAL_CALL
CODE:4abe	INTMEM:07	READ
CODE:4abe	INTMEM:9b	WRITE
CODE:4ac2	INTMEM:23	READ
CODE:4ac8	EXTMEM:04a4	WRITE
CODE:4acb	EXTMEM:04a5	WRITE
CODE:4ace	CODE:9afd	UNCONDITIONAL_CALL
CODE:4ad7	EXTMEM:04a6	WRITE
CODE:4ada	EXTMEM:04a7	WRITE
CODE:4ae4	EXTMEM:04a4	READ
CODE:4ae7	EXTMEM:04a5	READ
CODE:4aec	EXTMEM:04d6	WRITE
CODE:4aef	EXTMEM:04d7	WRITE
CODE:4af2	EXTMEM:04d8	WRITE
CODE:4af5	EXTMEM:04d9	WRITE
CODE:4af8	CODE:1d8d	UNCONDITIONAL_CALL
CODE:4afe	EXTMEM:0443	READ
CODE:4b01	EXTMEM:0444	READ
CODE:4b06	EXTMEM:04dc	WRITE
CODE:4b09	EXTMEM:04dd	WRITE
CODE:4b0c	CODE:1d8d	UNCONDITIONAL_CALL
CODE:4b11	CODE:1d8d	UNCONDITIONAL_CALL
CODE:4b16	CODE:1d8d	UNCONDITIONAL_CALL
CODE:4b1b	CODE:1d8d	UNCONDITIONAL_CALL
CODE:4b20	CODE:1d8d	UNCONDITIONAL_CALL
CODE:4b25	CODE:1d8d	UNCONDITIONAL_CALL
CODE:4b2a	CODE:1d8d	UNCONDITIONAL_CALL
CODE:4b2f	CODE:1d8d	UNCONDITIONAL_CALL
CODE:4b34	CODE:1d8d	UNCONDITIONAL_CALL
CODE:4b37	CODE:87aa	UNCONDITIONAL_CALL
CODE:4b3a	CODE:94ae	UNCONDITIONAL_CALL
CODE:4b45	CODE:79d0	UNCONDITIONAL_CALL
CODE:4b48	CODE:9b3c	UNCONDITIONAL_CALL
CODE:4b4c	CODE:94ae	UNCONDITIONAL_CALL
CODE:4b57	CODE:79d0	UNCONDITIONAL_CALL
CODE:4b5a	CODE:9b3c	UNCONDITIONAL_CALL
CODE:4b60	INTMEM:b2	READ
CODE:4b63	CODE:4bb0	CONDITIONAL_JUMP
CODE:4b67	CODE:4b6b	CONDITIONAL_JUMP
CODE:4b69	CODE:4c4c	UNCONDITIONAL_JUMP
CODE:4b6c	CODE:4b70	CONDITIONAL_JUMP
CODE:4b6e	CODE:4c76	UNCONDITIONAL_JUMP
CODE:4b72	INTMEM:b4	READ
CODE:4b73	CODE:ae53	UNCONDITIONAL_CALL
CODE:4b73	CODE:4b9b	COMPUTED_JUMP
CODE:4b73	CODE:4b98	COMPUTED_JUMP
CODE:4b73	CODE:4b9e	COMPUTED_JUMP
CODE:4b73	CODE:4ba5	COMPUTED_JUMP
CODE:4b73	CODE:4c76	COMPUTED_JUMP
CODE:4b98	CODE:87dd	UNCONDITIONAL_CALL
CODE:4b9b	CODE:8d93	UNCONDITIONAL_CALL
CODE:4bad	CODE:666b	UNCONDITIONAL_CALL
CODE:4bb2	INTMEM:b4	READ
CODE:4bb3	CODE:ae53	UNCONDITIONAL_CALL
CODE:4bb3	CODE:4c2b	COMPUTED_JUMP
CODE:4bb3	CODE:4c15	COMPUTED_JUMP
CODE:4bb3	CODE:4c2e	COMPUTED_JUMP
CODE:4bb3	CODE:4c25	COMPUTED_JUMP
CODE:4bb3	CODE:4c22	COMPUTED_JUMP
CODE:4bb3	CODE:4c3b	COMPUTED_JUMP
CODE:4bb3	CODE:4c37	COMPUTED_JUMP
CODE:4bb3	CODE:4c34	COMPUTED_JUMP
CODE:4bb3	CODE:4c28	COMPUTED_JUMP
CODE:4bb3	CODE:4c31	COMPUTED_JUMP
CODE:4bb3	CODE:4c41	COMPUTED_JUMP
CODE:4bb3	CODE:4c49	COMPUTED_JUMP
CODE:4bb3	CODE:4c44	COMPUTED_JUMP
CODE:4bb3	CODE:4c3e	COMPUTED_JUMP
CODE:4bb3	CODE:4c08	COMPUTED_JUMP
CODE:4bb3	CODE:4bfc	COMPUTED_JUMP
CODE:4bb3	CODE:4c1c	COMPUTED_JUMP
CODE:4bb3	CODE:4c76	COMPUTED_JUMP
CODE:4c02	CODE:87aa	UNCONDITIONAL_CALL
CODE:4c05	CODE:996c	UNCONDITIONAL_CALL
CODE:4c08	CODE:a335	UNCONDITIONAL_CALL
CODE:4c0b	CODE:4c76	CONDITIONAL_JUMP
CODE:4c0f	CODE:9ba3	UNCONDITIONAL_CALL
CODE:4c12	CODE:102e	UNCONDITIONAL_CALL
CODE:4c15	CODE:8cc7	UNCONDITIONAL_CALL
CODE:4c1a	CODE:4c73	UNCONDITIONAL_JUMP
CODE:4c1c	CODE:a6cd	UNCONDITIONAL_CALL
CODE:4c1f	CODE:3b3c	UNCONDITIONAL_CALL
CODE:4c22	CODE:9781	UNCONDITIONAL_CALL
CODE:4c25	CODE:8895	UNCONDITIONAL_CALL
CODE:4c28	CODE:a506	UNCONDITIONAL_CALL
CODE:4c2b	CODE:17ff	UNCONDITIONAL_JUMP
CODE:4c2e	CODE:8d6b	UNCONDITIONAL_CALL
CODE:4c31	CODE:9321	UNCONDITIONAL_CALL
CODE:4c34	CODE:9ae8	UNCONDITIONAL_CALL
CODE:4c39	CODE:4c46	UNCONDITIONAL_JUMP
CODE:4c3b	CODE:a6af	UNCONDITIONAL_CALL
CODE:4c3e	CODE:1016	UNCONDITIONAL_CALL
CODE:4c41	CODE:100e	UNCONDITIONAL_CALL
CODE:4c46	CODE:a646	UNCONDITIONAL_CALL
CODE:4c49	CODE:8229	UNCONDITIONAL_CALL
CODE:4c4e	INTMEM:b4	READ
CODE:4c51	CODE:4c62	CONDITIONAL_JUMP
CODE:4c54	CODE:4c66	CONDITIONAL_JUMP
CODE:4c58	CODE:4c71	CONDITIONAL_JUMP
CODE:4c5b	CODE:4c76	CONDITIONAL_JUMP
CODE:4c5f	CODE:a64d	UNCONDITIONAL_CALL
CODE:4c62	BITS:0b	WRITE
CODE:4c64	CODE:4c6e	UNCONDITIONAL_JUMP
CODE:4c68	INTMEM:cc	READ
CODE:4c69	CODE:4c76	CONDITIONAL_JUMP
CODE:4c6c	BITS:0b	WRITE
CODE:4c6e	CODE:86da	UNCONDITIONAL_CALL
CODE:4c73	CODE:a32a	UNCONDITIONAL_CALL
CODE:4c7b	EXTMEM:04bc	WRITE
CODE:4c7e	EXTMEM:04bd	WRITE
CODE:4c82	CODE:ae2a	UNCONDITIONAL_CALL
CODE:4c88	CODE:aac4	UNCONDITIONAL_CALL
CODE:4c96	CODE:aa99	UNCONDITIONAL_CALL
CODE:4ca4	CODE:4c9f	CONDITIONAL_JUMP
CODE:4cb1	CODE:aed0	UNCONDITIONAL_CALL
CODE:4cb8	EXTMEM:04c0	WRITE
CODE:4cbb	EXTMEM:04c1	WRITE
CODE:4cbf	CODE:adf3	UNCONDITIONAL_CALL
CODE:4d89	EXTMEM:04b6	WRITE
CODE:4d8d	EXTMEM:04b7	WRITE
CODE:4d91	EXTMEM:04b6	READ
CODE:4d9a	EXTMEM:04b9	WRITE
CODE:4d9c	CODE:4da4	CONDITIONAL_JUMP
CODE:4da0	CODE:4da4	CONDITIONAL_JUMP
CODE:4da2	CODE:4e90	UNCONDITIONAL_JUMP
CODE:4da7	EXTMEM:04b6	READ
CODE:4da9	CODE:9000	UNCONDITIONAL_CALL
CODE:4daf	CODE:1f10	UNCONDITIONAL_CALL
CODE:4db2	CODE:1d2a	UNCONDITIONAL_CALL
CODE:4db7	EXTMEM:04b7	WRITE
CODE:4dbb	EXTMEM:04b6	READ
CODE:4dbd	CODE:1d22	UNCONDITIONAL_CALL
CODE:4dc1	EXTMEM:04b7	WRITE
CODE:4dcb	CODE:1d23	UNCONDITIONAL_CALL
CODE:4dcf	EXTMEM:04b7	WRITE
CODE:4dd3	EXTMEM:04b6	READ
CODE:4dd9	CODE:1f56	UNCONDITIONAL_CALL
CODE:4ddc	CODE:1d2a	UNCONDITIONAL_CALL
CODE:4de0	EXTMEM:04b7	WRITE
CODE:4df0	CODE:1d23	UNCONDITIONAL_CALL
CODE:4df4	EXTMEM:04b7	WRITE
CODE:4df9	EXTMEM:04b8	WRITE
CODE:4dfd	EXTMEM:04b9	READ
CODE:4e02	EXTMEM:04b8	READ
CODE:4e05	CODE:4e09	CONDITIONAL_JUMP
CODE:4e07	CODE:4e87	UNCONDITIONAL_JUMP
CODE:4e0c	EXTMEM:04b6	READ
CODE:4e0d	CODE:1d9b	UNCONDITIONAL_CALL
CODE:4e17	EXTMEM:04b8	READ
CODE:4e1c	CODE:1dbf	UNCONDITIONAL_CALL
CODE:4e1f	CODE:ad49	UNCONDITIONAL_CALL
CODE:4e8a	CODE:1f30	UNCONDITIONAL_CALL
CODE:4e8d	CODE:a7c3	UNCONDITIONAL_CALL
CODE:4e95	EXTMEM:04aa	WRITE
CODE:4e98	EXTMEM:04ab	WRITE
CODE:4e99	CODE:a595	UNCONDITIONAL_CALL
CODE:4ea0	CODE:7d84	UNCONDITIONAL_CALL
CODE:4ea7	CODE:87aa	UNCONDITIONAL_CALL
CODE:4ead	EXTMEM:04aa	READ
CODE:4eae	CODE:4eb4	CONDITIONAL_JUMP
CODE:4eb1	EXTMEM:04ab	READ
CODE:4eb4	CODE:4ec1	CONDITIONAL_JUMP
CODE:4ebf	CODE:4f90	UNCONDITIONAL_JUMP
CODE:4ec4	EXTMEM:04aa	READ
CODE:4ec5	CODE:4ecb	CONDITIONAL_JUMP
CODE:4ec8	EXTMEM:04ab	READ
CODE:4ecb	CODE:4ed5	CONDITIONAL_JUMP
CODE:4ed3	CODE:4f93	UNCONDITIONAL_JUMP
CODE:4ed8	EXTMEM:04aa	READ
CODE:4ed9	CODE:4edf	CONDITIONAL_JUMP
CODE:4edc	EXTMEM:04ab	READ
CODE:4edf	CODE:4ee9	CONDITIONAL_JUMP
CODE:4ee7	CODE:4f93	UNCONDITIONAL_JUMP
CODE:4eec	EXTMEM:04aa	READ
CODE:4eed	CODE:4ef3	CONDITIONAL_JUMP
CODE:4ef0	EXTMEM:04ab	READ
CODE:4ef3	CODE:4efd	CONDITIONAL_JUMP
CODE:4efb	CODE:4f93	UNCONDITIONAL_JUMP
CODE:4f00	EXTMEM:04aa	READ
CODE:4f01	CODE:4f07	CONDITIONAL_JUMP
CODE:4f04	EXTMEM:04ab	READ
CODE:4f07	CODE:4f11	CONDITIONAL_JUMP
CODE:4f0f	CODE:4f93	UNCONDITIONAL_JUMP
CODE:4f14	EXTMEM:04aa	READ
CODE:4f15	CODE:4f1b	CONDITIONAL_JUMP
CODE:4f18	EXTMEM:04ab	READ
CODE:4f1b	CODE:4f25	CONDITIONAL_JUMP
CODE:4f23	CODE:4f93	UNCONDITIONAL_JUMP
CODE:4f28	EXTMEM:04aa	READ
CODE:4f29	CODE:4f2f	CONDITIONAL_JUMP
CODE:4f2c	EXTMEM:04ab	READ
CODE:4f2f	CODE:4f39	CONDITIONAL_JUMP
CODE:4f37	CODE:4f93	UNCONDITIONAL_JUMP
CODE:4f3c	EXTMEM:04aa	READ
CODE:4f3d	CODE:4f43	CONDITIONAL_JUMP
CODE:4f40	EXTMEM:04ab	READ
CODE:4f43	CODE:4f4d	CONDITIONAL_JUMP
CODE:4f4b	CODE:4f93	UNCONDITIONAL_JUMP
CODE:4f50	EXTMEM:04aa	READ
CODE:4f51	CODE:4f57	CONDITIONAL_JUMP
CODE:4f54	EXTMEM:04ab	READ
CODE:4f57	CODE:4f61	CONDITIONAL_JUMP
CODE:4f5f	CODE:4f93	UNCONDITIONAL_JUMP
CODE:4f64	EXTMEM:04aa	READ
CODE:4f65	CODE:4f6b	CONDITIONAL_JUMP
CODE:4f68	EXTMEM:04ab	READ
CODE:4f6b	CODE:4f75	CONDITIONAL_JUMP
CODE:4f73	CODE:4f93	UNCONDITIONAL_JUMP
CODE:4f78	EXTMEM:04aa	READ
CODE:4f79	CODE:4f7f	CONDITIONAL_JUMP
CODE:4f7c	EXTMEM:04ab	READ
CODE:4f81	CODE:4f89	CONDITIONAL_JUMP
CODE:4f87	CODE:4f93	UNCONDITIONAL_JUMP
CODE:4f90	CODE:7d6d	UNCONDITIONAL_CALL
CODE:4f93	CODE:87aa	UNCONDITIONAL_CALL
CODE:4f96	CODE:7d98	UNCONDITIONAL_CALL
CODE:4f99	CODE:87aa	UNCONDITIONAL_CALL
CODE:4f9c	CODE:9b12	UNCONDITIONAL_CALL
CODE:4f9f	CODE:4fa7	CONDITIONAL_JUMP
CODE:4fa1	CODE:8a68	UNCONDITIONAL_CALL
CODE:4fa4	CODE:88c5	UNCONDITIONAL_CALL
CODE:4fa9	INTMEM:b3	READ
CODE:4fab	CODE:97db	UNCONDITIONAL_CALL
CODE:4fb2	CODE:4fbf	CONDITIONAL_JUMP
CODE:4fb7	CODE:97dd	UNCONDITIONAL_CALL
CODE:4fbd	CODE:4fc2	UNCONDITIONAL_JUMP
CODE:4fbf	CODE:7a1a	UNCONDITIONAL_CALL
CODE:4fc4	INTMEM:cc	READ
CODE:4fc8	CODE:4ff6	CONDITIONAL_JUMP
CODE:4fcd	CODE:4ff6	CONDITIONAL_JUMP
CODE:4fd1	INTMEM:b3	READ
CODE:4fd3	CODE:a139	UNCONDITIONAL_CALL
CODE:4fd6	CODE:4ff6	CONDITIONAL_JUMP
CODE:4fd8	CODE:97cc	UNCONDITIONAL_CALL
CODE:4fe7	CODE:4fec	CONDITIONAL_JUMP
CODE:4fe9	CODE:7712	UNCONDITIONAL_CALL
CODE:4fec	CODE:97cc	UNCONDITIONAL_CALL
CODE:4ff3	CODE:aa6d	UNCONDITIONAL_CALL
CODE:4ff6	CODE:97cc	UNCONDITIONAL_CALL
CODE:5001	INTMEM:06	READ
CODE:5018	CODE:aed0	UNCONDITIONAL_CALL
CODE:501f	EXTMEM:04b6	WRITE
CODE:5022	EXTMEM:04b7	WRITE
CODE:5026	EXTMEM:04b4	READ
CODE:5029	EXTMEM:04b5	READ
CODE:503b	CODE:aed0	UNCONDITIONAL_CALL
CODE:5042	EXTMEM:04b8	WRITE
CODE:5045	EXTMEM:04b9	WRITE
CODE:504c	EXTMEM:04b4	READ
CODE:504f	EXTMEM:04b5	READ
CODE:5068	CODE:a90e	UNCONDITIONAL_CALL
CODE:506d	INTMEM:b3	READ
CODE:507a	INTMEM:b3	READ
CODE:5087	INTMEM:b3	READ
CODE:5094	INTMEM:b3	READ
CODE:50a3	INTMEM:b3	READ
CODE:50aa	INTMEM:b3	READ
CODE:50cd	EXTMEM:04ae	WRITE
CODE:50d1	EXTMEM:04af	WRITE
CODE:50e3	INTMEM:b3	READ
CODE:50f0	INTMEM:b3	READ
CODE:5108	INTMEM:00	READ
CODE:510a	INTMEM:01	READ
CODE:510c	INTMEM:02	READ
CODE:510e	INTMEM:03	READ
CODE:5110	INTMEM:04	READ
CODE:5112	INTMEM:05	READ
CODE:5114	INTMEM:06	READ
CODE:5116	INTMEM:07	READ
CODE:511b	EXTMEM:2038	READ
CODE:511f	EXTMEM:0551	WRITE
CODE:5123	EXTMEM:2039	READ
CODE:5127	EXTMEM:0552	WRITE
CODE:512b	EXTMEM:0551	READ
CODE:512e	CODE:5136	CONDITIONAL_JUMP
CODE:5131	EXTMEM:0552	READ
CODE:5134	CODE:514d	CONDITIONAL_JUMP
CODE:5139	CODE:a47b	UNCONDITIONAL_CALL
CODE:5141	EXTMEM:0763	WRITE
CODE:5144	INTMEM:b9	WRITE
CODE:514a	CODE:957e	UNCONDITIONAL_CALL
CODE:5150	EXTMEM:0551	READ
CODE:5153	CODE:5167	CONDITIONAL_JUMP
CODE:5158	EXTMEM:203a	READ
CODE:515b	EXTMEM:203a	WRITE
CODE:515e	INTMEM:b9	WRITE
CODE:5164	CODE:957e	UNCONDITIONAL_CALL
CODE:516a	EXTMEM:0551	READ
CODE:516d	CODE:5175	CONDITIONAL_JUMP
CODE:5170	EXTMEM:0552	READ
CODE:5173	CODE:5192	CONDITIONAL_JUMP
CODE:5178	EXTMEM:203a	READ
CODE:517b	EXTMEM:203a	WRITE
CODE:517d	EXTMEM:203b	READ
CODE:5180	EXTMEM:203b	WRITE
CODE:5186	EXTMEM:0764	WRITE
CODE:5189	INTMEM:b9	WRITE
CODE:518f	CODE:957e	UNCONDITIONAL_CALL
CODE:5195	EXTMEM:0551	READ
CODE:5198	CODE:51ac	CONDITIONAL_JUMP
CODE:519d	EXTMEM:203a	READ
CODE:51a0	EXTMEM:203a	WRITE
CODE:51a3	INTMEM:b9	WRITE
CODE:51a9	CODE:957e	UNCONDITIONAL_CALL
CODE:51b3	EXTMEM:2038	READ
CODE:51b8	EXTMEM:0551	READ
CODE:51c1	EXTMEM:2038	WRITE
CODE:51c9	EXTMEM:2039	READ
CODE:51ce	EXTMEM:0552	READ
CODE:51d7	EXTMEM:2039	WRITE
CODE:51d8	BITS:b9	WRITE
CODE:51da	INTMEM:07	WRITE
CODE:51dc	INTMEM:06	WRITE
CODE:51de	INTMEM:05	WRITE
CODE:51e0	INTMEM:04	WRITE
CODE:51e2	INTMEM:03	WRITE
CODE:51e4	INTMEM:02	WRITE
CODE:51e6	INTMEM:01	WRITE
CODE:51e8	INTMEM:00	WRITE
CODE:51f7	INTMEM:b2	READ
CODE:51fa	CODE:51fe	CONDITIONAL_JUMP
CODE:51fc	CODE:52bd	UNCONDITIONAL_JUMP
CODE:5200	CODE:5204	CONDITIONAL_JUMP
CODE:5202	CODE:52d8	UNCONDITIONAL_JUMP
CODE:5206	INTMEM:b4	READ
CODE:5207	CODE:ae53	UNCONDITIONAL_CALL
CODE:5207	CODE:5247	COMPUTED_JUMP
CODE:5207	CODE:5250	COMPUTED_JUMP
CODE:5207	CODE:524a	COMPUTED_JUMP
CODE:5207	CODE:524d	COMPUTED_JUMP
CODE:5207	CODE:5253	COMPUTED_JUMP
CODE:5207	CODE:5256	COMPUTED_JUMP
CODE:5207	CODE:5259	COMPUTED_JUMP
CODE:5207	CODE:5268	COMPUTED_JUMP
CODE:5207	CODE:527a	COMPUTED_JUMP
CODE:5207	CODE:525c	COMPUTED_JUMP
CODE:5207	CODE:528b	COMPUTED_JUMP
CODE:5207	CODE:528e	COMPUTED_JUMP
CODE:5207	CODE:5288	COMPUTED_JUMP
CODE:5207	CODE:5285	COMPUTED_JUMP
CODE:5207	CODE:5291	COMPUTED_JUMP
CODE:5207	CODE:5294	COMPUTED_JUMP
CODE:5207	CODE:5297	COMPUTED_JUMP
CODE:5207	CODE:529a	COMPUTED_JUMP
CODE:5207	CODE:529d	COMPUTED_JUMP
CODE:5207	CODE:52a0	COMPUTED_JUMP
CODE:525e	CODE:a340	UNCONDITIONAL_CALL
CODE:5261	CODE:5265	CONDITIONAL_JUMP
CODE:5263	CODE:52ec	UNCONDITIONAL_JUMP
CODE:5268	CODE:a48f	UNCONDITIONAL_CALL
CODE:526e	CODE:5277	CONDITIONAL_JUMP
CODE:5272	CODE:52ec	CONDITIONAL_JUMP
CODE:527a	CODE:a283	UNCONDITIONAL_CALL
CODE:5280	CODE:52ec	CONDITIONAL_JUMP
CODE:52a7	CODE:52b0	CONDITIONAL_JUMP
CODE:52ab	CODE:52ba	CONDITIONAL_JUMP
CODE:52b2	CODE:a340	UNCONDITIONAL_CALL
CODE:52b5	CODE:52ec	CONDITIONAL_JUMP
CODE:52bf	INTMEM:b4	READ
CODE:52c2	CODE:52cf	CONDITIONAL_JUMP
CODE:52c6	CODE:52d2	CONDITIONAL_JUMP
CODE:52c9	CODE:52d5	CONDITIONAL_JUMP
CODE:52cd	CODE:52ec	CONDITIONAL_JUMP
CODE:52da	CODE:a607	UNCONDITIONAL_CALL
CODE:52dd	CODE:52e2	CONDITIONAL_JUMP
CODE:52e4	CODE:a607	UNCONDITIONAL_CALL
CODE:52e7	CODE:52ec	CONDITIONAL_JUMP
CODE:52f2	CODE:7d83	UNCONDITIONAL_CALL
CODE:52f9	CODE:87aa	UNCONDITIONAL_CALL
CODE:52ff	EXTMEM:04aa	READ
CODE:5300	CODE:5306	CONDITIONAL_JUMP
CODE:5303	EXTMEM:04ab	READ
CODE:5306	CODE:5310	CONDITIONAL_JUMP
CODE:530e	CODE:53de	UNCONDITIONAL_JUMP
CODE:5313	EXTMEM:04aa	READ
CODE:5314	CODE:531a	CONDITIONAL_JUMP
CODE:5317	EXTMEM:04ab	READ
CODE:531a	CODE:5324	CONDITIONAL_JUMP
CODE:5322	CODE:53de	UNCONDITIONAL_JUMP
CODE:5327	EXTMEM:04aa	READ
CODE:5328	CODE:532e	CONDITIONAL_JUMP
CODE:532b	EXTMEM:04ab	READ
CODE:532e	CODE:5338	CONDITIONAL_JUMP
CODE:5336	CODE:53de	UNCONDITIONAL_JUMP
CODE:533b	EXTMEM:04aa	READ
CODE:533c	CODE:5342	CONDITIONAL_JUMP
CODE:533f	EXTMEM:04ab	READ
CODE:5342	CODE:534c	CONDITIONAL_JUMP
CODE:534a	CODE:53de	UNCONDITIONAL_JUMP
CODE:534f	EXTMEM:04aa	READ
CODE:5350	CODE:5356	CONDITIONAL_JUMP
CODE:5353	EXTMEM:04ab	READ
CODE:5356	CODE:5360	CONDITIONAL_JUMP
CODE:535e	CODE:53de	UNCONDITIONAL_JUMP
CODE:5363	EXTMEM:04aa	READ
CODE:5364	CODE:536a	CONDITIONAL_JUMP
CODE:5367	EXTMEM:04ab	READ
CODE:536a	CODE:5374	CONDITIONAL_JUMP
CODE:5372	CODE:53de	UNCONDITIONAL_JUMP
CODE:5377	EXTMEM:04aa	READ
CODE:5378	CODE:537e	CONDITIONAL_JUMP
CODE:537b	EXTMEM:04ab	READ
CODE:537e	CODE:5388	CONDITIONAL_JUMP
CODE:5386	CODE:53de	UNCONDITIONAL_JUMP
CODE:538b	EXTMEM:04aa	READ
CODE:538c	CODE:5392	CONDITIONAL_JUMP
CODE:538f	EXTMEM:04ab	READ
CODE:5392	CODE:539c	CONDITIONAL_JUMP
CODE:539a	CODE:53de	UNCONDITIONAL_JUMP
CODE:539f	EXTMEM:04aa	READ
CODE:53a0	CODE:53a6	CONDITIONAL_JUMP
CODE:53a3	EXTMEM:04ab	READ
CODE:53a6	CODE:53b0	CONDITIONAL_JUMP
CODE:53ae	CODE:53de	UNCONDITIONAL_JUMP
CODE:53b3	EXTMEM:04aa	READ
CODE:53b4	CODE:53ba	CONDITIONAL_JUMP
CODE:53b7	EXTMEM:04ab	READ
CODE:53ba	CODE:53c4	CONDITIONAL_JUMP
CODE:53c2	CODE:53de	UNCONDITIONAL_JUMP
CODE:53c7	EXTMEM:04aa	READ
CODE:53c8	CODE:53ce	CONDITIONAL_JUMP
CODE:53cb	EXTMEM:04ab	READ
CODE:53d0	CODE:53d8	CONDITIONAL_JUMP
CODE:53d6	CODE:53de	UNCONDITIONAL_JUMP
CODE:53db	CODE:7d69	UNCONDITIONAL_CALL
CODE:53de	CODE:87aa	UNCONDITIONAL_CALL
CODE:53e1	CODE:7d98	UNCONDITIONAL_CALL
CODE:53e4	CODE:87aa	UNCONDITIONAL_CALL
CODE:53ea	CODE:adf3	UNCONDITIONAL_CALL
CODE:53f7	CODE:aa6d	UNCONDITIONAL_CALL
CODE:5400	CODE:adfc	UNCONDITIONAL_CALL
CODE:5403	CODE:aa99	UNCONDITIONAL_CALL
CODE:540d	EXTMEM:051a	WRITE
CODE:5413	CODE:ae2a	UNCONDITIONAL_CALL
CODE:5419	EXTMEM:051e	READ
CODE:541c	EXTMEM:051f	READ
CODE:5421	EXTMEM:0541	WRITE
CODE:5424	EXTMEM:0542	WRITE
CODE:5430	EXTMEM:0543	WRITE
CODE:5433	EXTMEM:0544	WRITE
CODE:5439	EXTMEM:050a	READ
CODE:543c	EXTMEM:050b	READ
CODE:5441	EXTMEM:051e	WRITE
CODE:5444	EXTMEM:051f	WRITE
CODE:5448	EXTMEM:050c	READ
CODE:544b	EXTMEM:050d	READ
CODE:5450	EXTMEM:0520	WRITE
CODE:5453	EXTMEM:0521	WRITE
CODE:5456	EXTMEM:0522	WRITE
CODE:545d	EXTMEM:0542	READ
CODE:5463	EXTMEM:0541	READ
CODE:5470	CODE:aa83	UNCONDITIONAL_CALL
CODE:547e	CODE:adf3	UNCONDITIONAL_CALL
CODE:5488	CODE:aa6d	UNCONDITIONAL_CALL
CODE:5491	CODE:adfc	UNCONDITIONAL_CALL
CODE:5494	CODE:aa99	UNCONDITIONAL_CALL
CODE:549a	CODE:adf3	UNCONDITIONAL_CALL
CODE:54a0	EXTMEM:0559	READ
CODE:54a3	EXTMEM:055a	READ
CODE:54ad	EXTMEM:051a	READ
CODE:54b0	EXTMEM:051b	READ
CODE:54b2	CODE:a9e2	UNCONDITIONAL_CALL
CODE:54bc	CODE:ae13	UNCONDITIONAL_CALL
CODE:54c4	EXTMEM:0afe	WRITE
CODE:54c8	EXTMEM:0aff	WRITE
CODE:54cd	CODE:adf3	UNCONDITIONAL_CALL
CODE:54d3	CODE:adf3	UNCONDITIONAL_CALL
CODE:54d6	CODE:a7e4	UNCONDITIONAL_CALL
CODE:54dd	EXTMEM:04b2	WRITE
CODE:54e0	EXTMEM:04b3	WRITE
CODE:54e1	CODE:a7e7	UNCONDITIONAL_CALL
CODE:54ef	CODE:55aa	UNCONDITIONAL_CALL
CODE:54f2	CODE:a153	UNCONDITIONAL_CALL
CODE:54f5	CODE:5508	CONDITIONAL_JUMP
CODE:54f7	CODE:557a	UNCONDITIONAL_CALL
CODE:54fa	CODE:ad49	UNCONDITIONAL_CALL
CODE:550a	CODE:5590	UNCONDITIONAL_CALL
CODE:550d	CODE:5523	CONDITIONAL_JUMP
CODE:550f	CODE:5049	UNCONDITIONAL_CALL
CODE:5517	CODE:5512	CONDITIONAL_JUMP
CODE:5519	CODE:5000	UNCONDITIONAL_CALL
CODE:5520	CODE:5561	UNCONDITIONAL_CALL
CODE:5525	CODE:5590	UNCONDITIONAL_CALL
CODE:5528	CODE:553e	CONDITIONAL_JUMP
CODE:552a	CODE:5049	UNCONDITIONAL_CALL
CODE:5532	CODE:552d	CONDITIONAL_JUMP
CODE:5534	CODE:5000	UNCONDITIONAL_CALL
CODE:553b	CODE:5561	UNCONDITIONAL_CALL
CODE:553e	CODE:557a	UNCONDITIONAL_CALL
CODE:5541	EXTMEM:04b2	READ
CODE:5547	CODE:5560	CONDITIONAL_JUMP
CODE:5549	CODE:5049	UNCONDITIONAL_CALL
CODE:5551	CODE:554c	CONDITIONAL_JUMP
CODE:5553	CODE:5000	UNCONDITIONAL_CALL
CODE:555d	CODE:55aa	UNCONDITIONAL_CALL
CODE:5564	EXTMEM:04b6	READ
CODE:5567	EXTMEM:04b7	READ
CODE:556c	EXTMEM:04d6	WRITE
CODE:556f	EXTMEM:04d7	WRITE
CODE:5572	EXTMEM:04d8	WRITE
CODE:5575	EXTMEM:04d9	WRITE
CODE:5576	CODE:87aa	UNCONDITIONAL_CALL
CODE:557c	CODE:a815	UNCONDITIONAL_CALL
CODE:557f	INTMEM:02	READ
CODE:5581	INTMEM:01	READ
CODE:5587	EXTMEM:04b4	WRITE
CODE:558a	EXTMEM:04b5	WRITE
CODE:5590	CODE:a815	UNCONDITIONAL_CALL
CODE:5593	INTMEM:02	READ
CODE:5595	INTMEM:01	READ
CODE:559b	EXTMEM:04b4	WRITE
CODE:559e	EXTMEM:04b5	WRITE
CODE:55b2	EXTMEM:04d6	WRITE
CODE:55b5	EXTMEM:04d7	WRITE
CODE:55b8	EXTMEM:04d8	WRITE
CODE:55bb	EXTMEM:04d9	WRITE
CODE:55bc	CODE:87aa	UNCONDITIONAL_CALL
CODE:55c3	CODE:ae2a	UNCONDITIONAL_CALL
CODE:55ca	EXTMEM:0545	WRITE
CODE:55cc	EXTMEM:0546	WRITE
CODE:55ce	EXTMEM:0547	WRITE
CODE:55d2	EXTMEM:0548	WRITE
CODE:55d3	CODE:5459	UNCONDITIONAL_CALL
CODE:55d6	CODE:5643	CONDITIONAL_JUMP
CODE:55dc	EXTMEM:0549	WRITE
CODE:55de	EXTMEM:054a	WRITE
CODE:55e2	CODE:adf3	UNCONDITIONAL_CALL
CODE:5646	EXTMEM:0544	READ
CODE:5647	BITS:e0	DATA
CODE:5647	CODE:565a	CONDITIONAL_JUMP
CODE:564a	CODE:5459	UNCONDITIONAL_CALL
CODE:564d	CODE:565a	CONDITIONAL_JUMP
CODE:564f	CODE:5693	UNCONDITIONAL_CALL
CODE:5652	CODE:53f3	UNCONDITIONAL_CALL
CODE:5655	CODE:5481	UNCONDITIONAL_CALL
CODE:5658	CODE:564a	UNCONDITIONAL_JUMP
CODE:565d	CODE:53ea	UNCONDITIONAL_CALL
CODE:5696	CODE:adf3	UNCONDITIONAL_CALL
CODE:56ac	EXTMEM:04af	WRITE
CODE:56af	EXTMEM:04b0	WRITE
CODE:56b0	CODE:506b	UNCONDITIONAL_CALL
CODE:56b4	EXTMEM:04b0	WRITE
CODE:56b8	EXTMEM:04b3	WRITE
CODE:56ba	EXTMEM:04b4	WRITE
CODE:56bf	CODE:56c3	CONDITIONAL_JUMP
CODE:56c1	CODE:576a	UNCONDITIONAL_JUMP
CODE:56c5	EXTMEM:04b5	WRITE
CODE:56c9	EXTMEM:04b0	READ
CODE:56ce	EXTMEM:04b5	READ
CODE:56d2	CODE:56d6	CONDITIONAL_JUMP
CODE:56d4	CODE:576a	UNCONDITIONAL_JUMP
CODE:56d6	CODE:5782	UNCONDITIONAL_CALL
CODE:56e4	INTMEM:07	READ
CODE:56e6	INTMEM:06	READ
CODE:56eb	EXTMEM:04b5	READ
CODE:56ed	CODE:a815	UNCONDITIONAL_CALL
CODE:56f0	CODE:aa99	UNCONDITIONAL_CALL
CODE:56fe	CODE:56f9	CONDITIONAL_JUMP
CODE:570d	CODE:aed0	UNCONDITIONAL_CALL
CODE:5714	EXTMEM:04b1	WRITE
CODE:5717	EXTMEM:04b2	WRITE
CODE:571e	CODE:576a	CONDITIONAL_JUMP
CODE:5723	EXTMEM:04b5	READ
CODE:5725	CODE:5782	UNCONDITIONAL_CALL
CODE:5732	CODE:aed0	UNCONDITIONAL_CALL
CODE:5735	INTMEM:07	READ
CODE:5737	INTMEM:06	READ
CODE:573c	EXTMEM:04b1	READ
CODE:573f	EXTMEM:04b2	READ
CODE:5745	CODE:79d0	UNCONDITIONAL_CALL
CODE:574c	EXTMEM:04b4	READ
CODE:5751	EXTMEM:04b3	READ
CODE:5753	CODE:5762	CONDITIONAL_JUMP
CODE:5756	EXTMEM:04b3	WRITE
CODE:5759	EXTMEM:04b4	WRITE
CODE:575b	EXTMEM:04b5	READ
CODE:575d	CODE:506b	UNCONDITIONAL_CALL
CODE:5761	EXTMEM:04b5	WRITE
CODE:5765	EXTMEM:04b5	READ
CODE:5767	EXTMEM:04b5	WRITE
CODE:5768	CODE:56c6	UNCONDITIONAL_JUMP
CODE:576d	EXTMEM:04af	READ
CODE:5770	EXTMEM:04b0	READ
CODE:5772	CODE:a1c3	UNCONDITIONAL_CALL
CODE:5775	CODE:a153	UNCONDITIONAL_CALL
CODE:5778	CODE:5781	CONDITIONAL_JUMP
CODE:577c	INTMEM:b3	READ
CODE:577e	CODE:4d85	UNCONDITIONAL_CALL
CODE:5782	CODE:a815	UNCONDITIONAL_CALL
CODE:5788	CODE:aac4	UNCONDITIONAL_CALL
CODE:5790	EXTMEM:04a8	WRITE
CODE:5793	CODE:10a6	UNCONDITIONAL_CALL
CODE:5799	EXTMEM:04a8	READ
CODE:579f	CODE:57c5	CONDITIONAL_JUMP
CODE:57a1	CODE:adf3	UNCONDITIONAL_CALL
CODE:57c5	CODE:adf3	UNCONDITIONAL_CALL
CODE:57e7	CODE:b8fc	DATA
CODE:57e7	CODE:b8fe	DATA
CODE:57ef	EXTMEM:203a	WRITE
CODE:57f3	EXTMEM:2038	READ
CODE:57fa	EXTMEM:2038	WRITE
CODE:57fd	CODE:6ffc	UNCONDITIONAL_CALL
CODE:58e1	CODE:a467	UNCONDITIONAL_CALL
CODE:58e8	EXTMEM:04a8	WRITE
CODE:58ea	EXTMEM:04a9	WRITE
CODE:58ed	INTMEM:cc	READ
CODE:58f1	CODE:58fa	CONDITIONAL_JUMP
CODE:58f3	CODE:a3c4	UNCONDITIONAL_CALL
CODE:58f8	CODE:59bc	UNCONDITIONAL_JUMP
CODE:58fc	INTMEM:b2	READ
CODE:58fe	CODE:591b	CONDITIONAL_JUMP
CODE:5902	CODE:593e	CONDITIONAL_JUMP
CODE:5906	INTMEM:b4	READ
CODE:5909	CODE:5913	CONDITIONAL_JUMP
CODE:590c	CODE:5910	CONDITIONAL_JUMP
CODE:590e	CODE:59b7	UNCONDITIONAL_JUMP
CODE:5910	CODE:a3c4	UNCONDITIONAL_CALL
CODE:5918	EXTMEM:04a9	WRITE
CODE:5919	CODE:59b7	UNCONDITIONAL_JUMP
CODE:591d	INTMEM:b4	READ
CODE:591f	CODE:5923	CONDITIONAL_JUMP
CODE:5921	CODE:59b7	UNCONDITIONAL_JUMP
CODE:5925	INTMEM:b5	READ
CODE:5928	CODE:5937	CONDITIONAL_JUMP
CODE:592c	CODE:5937	CONDITIONAL_JUMP
CODE:592f	CODE:5937	CONDITIONAL_JUMP
CODE:5933	CODE:5937	CONDITIONAL_JUMP
CODE:5935	CODE:59b7	UNCONDITIONAL_JUMP
CODE:5939	CODE:a217	UNCONDITIONAL_CALL
CODE:593c	CODE:59b7	UNCONDITIONAL_JUMP
CODE:5940	CODE:a607	UNCONDITIONAL_CALL
CODE:5943	CODE:59b7	CONDITIONAL_JUMP
CODE:594a	EXTMEM:04aa	WRITE
CODE:594e	EXTMEM:04ab	WRITE
CODE:5951	INTMEM:cd	READ
CODE:5954	CODE:5971	CONDITIONAL_JUMP
CODE:5958	CODE:5969	CONDITIONAL_JUMP
CODE:595b	CODE:5981	CONDITIONAL_JUMP
CODE:595f	CODE:59b7	CONDITIONAL_JUMP
CODE:5966	EXTMEM:04a9	WRITE
CODE:5967	CODE:598f	UNCONDITIONAL_JUMP
CODE:596e	EXTMEM:04a9	WRITE
CODE:596f	CODE:598f	UNCONDITIONAL_JUMP
CODE:5976	EXTMEM:04a9	WRITE
CODE:597a	EXTMEM:04aa	WRITE
CODE:597e	EXTMEM:04ab	WRITE
CODE:597f	CODE:598f	UNCONDITIONAL_JUMP
CODE:5986	EXTMEM:04a9	WRITE
CODE:598a	EXTMEM:04aa	WRITE
CODE:598e	EXTMEM:04ab	WRITE
CODE:598f	CODE:a3da	UNCONDITIONAL_CALL
CODE:5992	CODE:59b7	CONDITIONAL_JUMP
CODE:59aa	EXTMEM:04aa	READ
CODE:59ad	EXTMEM:04ab	READ
CODE:59af	CODE:9d97	UNCONDITIONAL_CALL
CODE:59b4	CODE:a63f	UNCONDITIONAL_CALL
CODE:59b7	CODE:a3da	UNCONDITIONAL_CALL
CODE:59ba	CODE:59bf	CONDITIONAL_JUMP
CODE:59bc	CODE:9dcd	UNCONDITIONAL_CALL
CODE:59c3	EXTMEM:055c	READ
CODE:59c9	EXTMEM:04a4	WRITE
CODE:59cc	EXTMEM:04a5	WRITE
CODE:59d0	EXTMEM:055d	READ
CODE:59d6	EXTMEM:04a6	WRITE
CODE:59d9	EXTMEM:04a7	WRITE
CODE:59dd	EXTMEM:055e	READ
CODE:59e5	EXTMEM:05dc	WRITE
CODE:59e7	EXTMEM:05dd	WRITE
CODE:59f1	EXTMEM:04a4	READ
CODE:59f4	EXTMEM:04a5	READ
CODE:59f9	EXTMEM:04d6	WRITE
CODE:59fc	EXTMEM:04d7	WRITE
CODE:5a00	EXTMEM:04a6	READ
CODE:5a03	EXTMEM:04a7	READ
CODE:5a08	EXTMEM:04d8	WRITE
CODE:5a0b	EXTMEM:04d9	WRITE
CODE:5a0e	EXTMEM:04da	WRITE
CODE:5a11	EXTMEM:04db	WRITE
CODE:5a12	CODE:87aa	UNCONDITIONAL_CALL
CODE:5a18	EXTMEM:04a4	READ
CODE:5a1b	EXTMEM:04a5	READ
CODE:5a1e	CODE:5a94	CONDITIONAL_JUMP
CODE:5a21	CODE:ae53	UNCONDITIONAL_CALL
CODE:5a21	CODE:5a49	COMPUTED_JUMP
CODE:5a21	CODE:5a91	COMPUTED_JUMP
CODE:5a21	CODE:5a53	COMPUTED_JUMP
CODE:5a21	CODE:5a73	COMPUTED_JUMP
CODE:5a21	CODE:5a7d	COMPUTED_JUMP
CODE:5a21	CODE:5a82	COMPUTED_JUMP
CODE:5a21	CODE:5a87	COMPUTED_JUMP
CODE:5a21	CODE:5a58	COMPUTED_JUMP
CODE:5a21	CODE:5a5d	COMPUTED_JUMP
CODE:5a21	CODE:5a69	COMPUTED_JUMP
CODE:5a21	CODE:5a4e	COMPUTED_JUMP
CODE:5a21	CODE:5a94	COMPUTED_JUMP
CODE:5a49	CODE:9c6b	UNCONDITIONAL_CALL
CODE:5a4c	CODE:5a94	UNCONDITIONAL_JUMP
CODE:5a4e	CODE:8f64	UNCONDITIONAL_CALL
CODE:5a51	CODE:5a94	UNCONDITIONAL_JUMP
CODE:5a53	CODE:9b7b	UNCONDITIONAL_CALL
CODE:5a56	CODE:5a94	UNCONDITIONAL_JUMP
CODE:5a58	CODE:2a5b	UNCONDITIONAL_CALL
CODE:5a5b	CODE:5a94	UNCONDITIONAL_JUMP
CODE:5a67	CODE:5a94	UNCONDITIONAL_JUMP
CODE:5a71	CODE:5a94	UNCONDITIONAL_JUMP
CODE:5a78	CODE:4d85	UNCONDITIONAL_CALL
CODE:5a7b	CODE:5a94	UNCONDITIONAL_JUMP
CODE:5a7d	CODE:2ff6	UNCONDITIONAL_CALL
CODE:5a80	CODE:5a94	UNCONDITIONAL_JUMP
CODE:5a82	CODE:6ebc	UNCONDITIONAL_CALL
CODE:5a85	CODE:5a94	UNCONDITIONAL_JUMP
CODE:5a8c	CODE:8dbb	UNCONDITIONAL_CALL
CODE:5a8f	CODE:5a94	UNCONDITIONAL_JUMP
CODE:5a91	CODE:7ff5	UNCONDITIONAL_CALL
CODE:5a9a	CODE:87aa	UNCONDITIONAL_CALL
CODE:5aa1	EXTMEM:04a8	WRITE
CODE:5aa4	EXTMEM:04a9	WRITE
CODE:5aa7	EXTMEM:04aa	WRITE
CODE:5aac	EXTMEM:04af	WRITE
CODE:5aae	EXTMEM:04b0	WRITE
CODE:5ab0	EXTMEM:04b1	WRITE
CODE:5ab2	CODE:5aee	CONDITIONAL_JUMP
CODE:5ab6	CODE:974d	UNCONDITIONAL_CALL
CODE:5ab9	CODE:4739	UNCONDITIONAL_CALL
CODE:5ac3	EXTMEM:04b1	WRITE
CODE:5ac4	CODE:aa99	UNCONDITIONAL_CALL
CODE:5ace	EXTMEM:04af	WRITE
CODE:5ad1	EXTMEM:04b0	WRITE
CODE:5ad2	CODE:5ad6	CONDITIONAL_JUMP
CODE:5ad6	CODE:5ada	CONDITIONAL_JUMP
CODE:5ad8	CODE:5ae6	UNCONDITIONAL_JUMP
CODE:5adc	CODE:a340	UNCONDITIONAL_CALL
CODE:5adf	CODE:5aff	CONDITIONAL_JUMP
CODE:5ae1	CODE:a335	UNCONDITIONAL_CALL
CODE:5ae4	CODE:5aff	CONDITIONAL_JUMP
CODE:5aeb	EXTMEM:04aa	WRITE
CODE:5aec	CODE:5aff	UNCONDITIONAL_JUMP
CODE:5af1	EXTMEM:04a9	READ
CODE:5af2	CODE:5aff	CONDITIONAL_JUMP
CODE:5afa	EXTMEM:04af	WRITE
CODE:5afe	EXTMEM:04b0	WRITE
CODE:5b02	EXTMEM:04a9	READ
CODE:5b05	EXTMEM:04aa	READ
CODE:5b0a	EXTMEM:04af	READ
CODE:5b0d	EXTMEM:04b0	READ
CODE:5b10	EXTMEM:04b1	READ
CODE:5b14	EXTMEM:04b6	WRITE
CODE:5b15	CODE:6000	UNCONDITIONAL_CALL
CODE:5b1c	EXTMEM:04ae	WRITE
CODE:5b1d	CODE:9d85	UNCONDITIONAL_CALL
CODE:5b23	CODE:ae2a	UNCONDITIONAL_CALL
CODE:5b29	EXTMEM:04a9	READ
CODE:5b2c	CODE:5b3d	CONDITIONAL_JUMP
CODE:5b2f	CODE:5b4d	CONDITIONAL_JUMP
CODE:5b34	EXTMEM:04aa	READ
CODE:5b36	CODE:5b4d	CONDITIONAL_JUMP
CODE:5b38	CODE:72d3	UNCONDITIONAL_CALL
CODE:5b3b	CODE:5b47	UNCONDITIONAL_JUMP
CODE:5b40	EXTMEM:04aa	READ
CODE:5b42	CODE:5b4d	CONDITIONAL_JUMP
CODE:5b44	CODE:a7f6	UNCONDITIONAL_CALL
CODE:5b4a	EXTMEM:04ae	READ
CODE:5b4c	EXTMEM:04ae	WRITE
CODE:5b50	EXTMEM:04a8	READ
CODE:5b53	EXTMEM:04a9	READ
CODE:5b58	EXTMEM:04ae	READ
CODE:5b5f	INTMEM:03	READ
CODE:5b64	CODE:adf3	UNCONDITIONAL_CALL
CODE:5b79	INTMEM:b2	READ
CODE:5b7c	CODE:5bc2	CONDITIONAL_JUMP
CODE:5b80	INTMEM:b4	READ
CODE:5b83	CODE:5b9d	CONDITIONAL_JUMP
CODE:5b87	CODE:5bac	CONDITIONAL_JUMP
CODE:5b8b	CODE:5b9d	CONDITIONAL_JUMP
CODE:5b8e	CODE:5bac	CONDITIONAL_JUMP
CODE:5b92	CODE:5b96	CONDITIONAL_JUMP
CODE:5b94	CODE:5c26	UNCONDITIONAL_JUMP
CODE:5b98	CODE:a63f	UNCONDITIONAL_CALL
CODE:5b9b	CODE:5c26	UNCONDITIONAL_JUMP
CODE:5ba1	CODE:9a0d	UNCONDITIONAL_CALL
CODE:5ba5	CODE:5baa	CONDITIONAL_JUMP
CODE:5baa	CODE:5c29	CONDITIONAL_JUMP
CODE:5bb0	CODE:9a23	UNCONDITIONAL_CALL
CODE:5bb7	CODE:9a0d	UNCONDITIONAL_CALL
CODE:5bbe	CODE:5c26	CONDITIONAL_JUMP
CODE:5bc0	CODE:5c29	UNCONDITIONAL_JUMP
CODE:5bc4	CODE:a6a8	UNCONDITIONAL_CALL
CODE:5bc7	CODE:5be8	CONDITIONAL_JUMP
CODE:5bcd	CODE:9a23	UNCONDITIONAL_CALL
CODE:5bd0	CODE:5c33	UNCONDITIONAL_CALL
CODE:5bd3	CODE:5bd8	CONDITIONAL_JUMP
CODE:5bd8	CODE:5c29	CONDITIONAL_JUMP
CODE:5bdd	CODE:9a0d	UNCONDITIONAL_CALL
CODE:5be4	CODE:5c26	CONDITIONAL_JUMP
CODE:5be6	CODE:5c29	UNCONDITIONAL_JUMP
CODE:5be8	CODE:a7b3	UNCONDITIONAL_CALL
CODE:5beb	CODE:5c26	CONDITIONAL_JUMP
CODE:5bed	CODE:5c33	UNCONDITIONAL_CALL
CODE:5bf0	CODE:5bf5	CONDITIONAL_JUMP
CODE:5bf5	CODE:5c21	CONDITIONAL_JUMP
CODE:5bf9	CODE:a63f	UNCONDITIONAL_CALL
CODE:5c00	CODE:9a0d	UNCONDITIONAL_CALL
CODE:5c05	CODE:5c14	CONDITIONAL_JUMP
CODE:5c07	CODE:a153	UNCONDITIONAL_CALL
CODE:5c0a	CODE:5c10	CONDITIONAL_JUMP
CODE:5c0e	CODE:5c23	UNCONDITIONAL_JUMP
CODE:5c12	CODE:5c23	UNCONDITIONAL_JUMP
CODE:5c14	CODE:a153	UNCONDITIONAL_CALL
CODE:5c17	CODE:5c1d	CONDITIONAL_JUMP
CODE:5c1b	CODE:5c23	UNCONDITIONAL_JUMP
CODE:5c1f	CODE:5c23	UNCONDITIONAL_JUMP
CODE:5c23	CODE:a03c	UNCONDITIONAL_CALL
CODE:5c2d	CODE:90d1	UNCONDITIONAL_CALL
CODE:5c37	CODE:9a0d	UNCONDITIONAL_CALL
CODE:5c49	INTMEM:00	READ
CODE:5c4b	INTMEM:01	READ
CODE:5c4d	INTMEM:02	READ
CODE:5c4f	INTMEM:03	READ
CODE:5c51	INTMEM:04	READ
CODE:5c53	INTMEM:05	READ
CODE:5c55	INTMEM:06	READ
CODE:5c57	INTMEM:07	READ
CODE:5c5c	EXTMEM:0721	READ
CODE:5c5f	INTMEM:b9	WRITE
CODE:5c60	BITS:c7	READ
CODE:5c60	CODE:5c8b	CONDITIONAL_JUMP
CODE:5c65	INTMEM:d0	READ
CODE:5c68	CODE:5c89	CONDITIONAL_JUMP
CODE:5c6c	INTMEM:ce	READ
CODE:5c6e	INTMEM:d1	READ
CODE:5c6f	CODE:5c85	CONDITIONAL_JUMP
CODE:5c71	CODE:770c	UNCONDITIONAL_CALL
CODE:5c76	INTMEM:ce	READ
CODE:5c77	CODE:76ec	UNCONDITIONAL_CALL
CODE:5c7a	INTMEM:ce	READ_WRITE
CODE:5c7b	INTMEM:ce	READ
CODE:5c7f	CODE:5c89	CONDITIONAL_JUMP
CODE:5c81	INTMEM:ce	WRITE
CODE:5c83	CODE:5c89	UNCONDITIONAL_JUMP
CODE:5c87	INTMEM:d0	WRITE
CODE:5c89	BITS:c7	WRITE
CODE:5c8b	BITS:c6	READ
CODE:5c8b	CODE:5c90	CONDITIONAL_JUMP
CODE:5c8e	BITS:c6	WRITE
CODE:5c90	BITS:c5	READ
CODE:5c90	CODE:5cb5	CONDITIONAL_JUMP
CODE:5c95	INTMEM:cf	READ
CODE:5c96	CODE:5ca1	CONDITIONAL_JUMP
CODE:5c9b	INTMEM:d2	WRITE
CODE:5c9f	INTMEM:cf	WRITE
CODE:5ca3	INTMEM:cf	READ
CODE:5ca4	CODE:5cb1	CONDITIONAL_JUMP
CODE:5ca7	SFR:d7	READ_WRITE
CODE:5caa	SFR:c7	READ
CODE:5cac	CODE:66fd	UNCONDITIONAL_CALL
CODE:5caf	CODE:5cb5	UNCONDITIONAL_JUMP
CODE:5cb3	SFR:c7	READ
CODE:5cb3	INTMEM:ba	WRITE
CODE:5cb5	SFR:d7	READ
CODE:5cb7	BITS:e3	DATA
CODE:5cb7	CODE:5cd3	CONDITIONAL_JUMP
CODE:5cbc	INTMEM:cf	READ
CODE:5cbd	CODE:5cc8	CONDITIONAL_JUMP
CODE:5cc2	INTMEM:d2	READ
CODE:5cc6	INTMEM:cf	WRITE
CODE:5cca	INTMEM:d2	WRITE
CODE:5cce	INTMEM:cf	WRITE
CODE:5cd0	SFR:d7	READ_WRITE
CODE:5cd3	SFR:c0	READ
CODE:5cd7	CODE:5cdc	CONDITIONAL_JUMP
CODE:5cd9	CODE:9b66	UNCONDITIONAL_CALL
CODE:5cdc	SFR:c3	WRITE
CODE:5cdf	INTMEM:07	WRITE
CODE:5ce1	INTMEM:06	WRITE
CODE:5ce3	INTMEM:05	WRITE
CODE:5ce5	INTMEM:04	WRITE
CODE:5ce7	INTMEM:03	WRITE
CODE:5ce9	INTMEM:02	WRITE
CODE:5ceb	INTMEM:01	WRITE
CODE:5ced	INTMEM:00	WRITE
CODE:5cfe	EXTMEM:075b	WRITE
CODE:5d03	EXTMEM:075c	WRITE
CODE:5d07	EXTMEM:075d	WRITE
CODE:5d08	CODE:344a	UNCONDITIONAL_CALL
CODE:5d0b	EXTMEM:075d	READ
CODE:5d0e	CODE:5d37	CONDITIONAL_JUMP
CODE:5d10	CODE:a59d	UNCONDITIONAL_CALL
CODE:5d16	CODE:5d1a	CONDITIONAL_JUMP
CODE:5d21	EXTMEM:075c	READ
CODE:5d25	EXTMEM:075c	WRITE
CODE:5d2b	EXTMEM:075e	WRITE
CODE:5d2f	EXTMEM:075e	READ
CODE:5d31	EXTMEM:075e	WRITE
CODE:5d32	EXTMEM:075e	READ
CODE:5d33	CODE:5d2c	CONDITIONAL_JUMP
CODE:5d35	CODE:5d5e	UNCONDITIONAL_JUMP
CODE:5d3b	EXTMEM:075e	WRITE
CODE:5d3c	CODE:33e9	UNCONDITIONAL_CALL
CODE:5d3f	BITS:e6	DATA
CODE:5d3f	CODE:5d4f	CONDITIONAL_JUMP
CODE:5d45	EXTMEM:075e	READ
CODE:5d47	EXTMEM:075e	WRITE
CODE:5d48	EXTMEM:075e	READ
CODE:5d4c	CODE:5d3c	CONDITIONAL_JUMP
CODE:5d4f	CODE:a59d	UNCONDITIONAL_CALL
CODE:5d59	EXTMEM:075c	READ
CODE:5d5d	EXTMEM:075c	WRITE
CODE:5d5e	CODE:a5a5	UNCONDITIONAL_CALL
CODE:5d6c	EXTMEM:075d	READ
CODE:5d70	EXTMEM:075d	WRITE
CODE:5d74	EXTMEM:075b	READ
CODE:5d77	CODE:5d81	CONDITIONAL_JUMP
CODE:5d79	CODE:a7f0	UNCONDITIONAL_CALL
CODE:5d80	EXTMEM:075b	WRITE
CODE:5d84	EXTMEM:075b	READ
CODE:5d90	EXTMEM:075d	READ
CODE:5d94	EXTMEM:075d	WRITE
CODE:5d98	EXTMEM:075c	READ
CODE:5d9a	CODE:3472	UNCONDITIONAL_CALL
CODE:5da1	CODE:a9ae	UNCONDITIONAL_CALL
CODE:5da7	EXTMEM:075d	READ
CODE:5dab	CODE:a9ae	UNCONDITIONAL_CALL
CODE:5db3	CODE:a9ae	UNCONDITIONAL_CALL
CODE:5db7	SFR:c9	READ_WRITE
CODE:5dbc	INTMEM:15	READ
CODE:5dbd	CODE:5dc4	CONDITIONAL_JUMP
CODE:5dbf	SFR:c9	READ_WRITE
CODE:5dc6	INTMEM:15	READ
CODE:5dcc	EXTMEM:04a5	WRITE
CODE:5dcf	EXTMEM:04a6	WRITE
CODE:5dd1	INTMEM:15	WRITE
CODE:5dd2	SFR:c9	READ_WRITE
CODE:5dd7	INTMEM:0a	READ
CODE:5dd8	CODE:5ddc	CONDITIONAL_JUMP
CODE:5dda	CODE:5e71	UNCONDITIONAL_JUMP
CODE:5ddf	INTMEM:16	WRITE
CODE:5de2	INTMEM:16	READ
CODE:5de7	CODE:5deb	CONDITIONAL_JUMP
CODE:5de9	CODE:5e71	UNCONDITIONAL_JUMP
CODE:5deb	CODE:8b2b	UNCONDITIONAL_CALL
CODE:5df1	EXTMEM:04a3	WRITE
CODE:5df4	EXTMEM:04a4	WRITE
CODE:5dfa	CODE:5e6c	CONDITIONAL_JUMP
CODE:5dff	EXTMEM:04a3	READ
CODE:5e02	EXTMEM:04a4	READ
CODE:5e0a	CODE:8b1b	UNCONDITIONAL_CALL
CODE:5e0f	CODE:5e5c	CONDITIONAL_JUMP
CODE:5e14	CODE:8b40	UNCONDITIONAL_CALL
CODE:5e1a	EXTMEM:04a6	READ
CODE:5e1d	EXTMEM:04a7	READ
CODE:5e22	EXTMEM:04a5	READ
CODE:5e25	EXTMEM:04a6	READ
CODE:5e2c	CODE:5e4f	CONDITIONAL_JUMP
CODE:5e2e	CODE:8b24	UNCONDITIONAL_CALL
CODE:5e37	EXTMEM:04a8	READ
CODE:5e3c	CODE:5e41	CONDITIONAL_JUMP
CODE:5e43	EXTMEM:04a7	READ
CODE:5e43	EXTMEM:03a7	READ
CODE:5e49	EXTMEM:04a7	WRITE
CODE:5e4c	EXTMEM:04a8	WRITE
CODE:5e4d	CODE:5e6c	UNCONDITIONAL_JUMP
CODE:5e4f	CODE:8b3b	UNCONDITIONAL_CALL
CODE:5e52	EXTMEM:04a6	READ
CODE:5e55	EXTMEM:04a7	READ
CODE:5e59	CODE:8800	UNCONDITIONAL_CALL
CODE:5e5c	CODE:8b3b	UNCONDITIONAL_CALL
CODE:5e60	EXTMEM:04a7	WRITE
CODE:5e63	INTMEM:0a	READ
CODE:5e64	CODE:5e67	CONDITIONAL_JUMP
CODE:5e66	INTMEM:0a	READ_WRITE
CODE:5e69	INTMEM:0a	READ
CODE:5e6a	CODE:5e71	CONDITIONAL_JUMP
CODE:5e6e	INTMEM:16	READ_WRITE
CODE:5e6f	CODE:5de0	UNCONDITIONAL_JUMP
CODE:5e77	EXTMEM:04c5	WRITE
CODE:5e78	BITS:0e	WRITE
CODE:5e7a	CODE:a727	UNCONDITIONAL_CALL
CODE:5e80	EXTMEM:04c5	READ
CODE:5e83	CODE:5e87	CONDITIONAL_JUMP
CODE:5e85	CODE:5f2b	UNCONDITIONAL_JUMP
CODE:5e89	CODE:5e8c	CONDITIONAL_JUMP
CODE:5e8c	CODE:5e90	CONDITIONAL_JUMP
CODE:5e8e	CODE:5f23	UNCONDITIONAL_JUMP
CODE:5e95	CODE:5e99	CONDITIONAL_JUMP
CODE:5e99	CODE:5f9a	COMPUTED_JUMP
CODE:5e99	CODE:5e9a	COMPUTED_JUMP
CODE:5e99	CODE:5e9a	COMPUTED_JUMP
CODE:5e99	CODE:5e9c	COMPUTED_JUMP
CODE:5e99	CODE:5e9e	COMPUTED_JUMP
CODE:5e99	CODE:5ea0	COMPUTED_JUMP
CODE:5e99	CODE:5ea2	COMPUTED_JUMP
CODE:5e99	CODE:5ea4	COMPUTED_JUMP
CODE:5e99	CODE:5ea6	COMPUTED_JUMP
CODE:5e99	CODE:5ea8	COMPUTED_JUMP
CODE:5e99	CODE:5eaa	COMPUTED_JUMP
CODE:5e9a	CODE:5eac	UNCONDITIONAL_JUMP
CODE:5e9c	CODE:5eb5	UNCONDITIONAL_JUMP
CODE:5e9e	CODE:5eba	UNCONDITIONAL_JUMP
CODE:5ea0	CODE:5ec3	UNCONDITIONAL_JUMP
CODE:5ea2	CODE:5f23	UNCONDITIONAL_JUMP
CODE:5ea4	CODE:5f23	UNCONDITIONAL_JUMP
CODE:5ea6	CODE:5ee5	UNCONDITIONAL_JUMP
CODE:5ea8	CODE:5f0e	UNCONDITIONAL_JUMP
CODE:5eaa	CODE:5f19	UNCONDITIONAL_JUMP
CODE:5eac	CODE:a1e7	UNCONDITIONAL_CALL
CODE:5eb4	EXTMEM:04c5	WRITE
CODE:5eb5	CODE:a160	UNCONDITIONAL_CALL
CODE:5eb8	CODE:5f23	UNCONDITIONAL_JUMP
CODE:5eba	CODE:a733	UNCONDITIONAL_CALL
CODE:5ec2	EXTMEM:04c5	WRITE
CODE:5ec3	CODE:9d16	UNCONDITIONAL_CALL
CODE:5ec6	BITS:0d	WRITE
CODE:5ec8	BITS:0d	READ
CODE:5ec8	CODE:5ecf	CONDITIONAL_JUMP
CODE:5ecb	BITS:0e	WRITE
CODE:5ecd	CODE:5edf	UNCONDITIONAL_JUMP
CODE:5ecf	CODE:a662	UNCONDITIONAL_CALL
CODE:5ed2	CODE:5eaf	CONDITIONAL_JUMP
CODE:5ed9	EXTMEM:04c5	WRITE
CODE:5eda	CODE:a3f9	UNCONDITIONAL_CALL
CODE:5edd	CODE:5f23	UNCONDITIONAL_JUMP
CODE:5ee4	EXTMEM:04c5	WRITE
CODE:5ee5	CODE:a3b9	UNCONDITIONAL_CALL
CODE:5ee9	CODE:5f13	CONDITIONAL_JUMP
CODE:5eeb	CODE:6283	UNCONDITIONAL_CALL
CODE:5ef1	CODE:6217	UNCONDITIONAL_CALL
CODE:5ef4	EXTMEM:04c5	READ
CODE:5ef8	CODE:5f04	CONDITIONAL_JUMP
CODE:5efa	CODE:629e	UNCONDITIONAL_CALL
CODE:5efd	EXTMEM:04c5	READ
CODE:5efe	CODE:628c	UNCONDITIONAL_CALL
CODE:5f01	BITS:e0	DATA
CODE:5f01	CODE:5f13	CONDITIONAL_JUMP
CODE:5f04	BITS:0e	READ
CODE:5f04	CODE:5ebd	CONDITIONAL_JUMP
CODE:5f09	CODE:a04b	UNCONDITIONAL_CALL
CODE:5f0c	CODE:5f23	UNCONDITIONAL_JUMP
CODE:5f0e	CODE:9b51	UNCONDITIONAL_CALL
CODE:5f11	CODE:5eaf	UNCONDITIONAL_JUMP
CODE:5f18	EXTMEM:04c5	WRITE
CODE:5f19	CODE:9b51	UNCONDITIONAL_CALL
CODE:5f1e	CODE:a646	UNCONDITIONAL_CALL
CODE:5f21	CODE:5eaf	UNCONDITIONAL_JUMP
CODE:5f26	EXTMEM:04c5	READ
CODE:5f28	CODE:a72d	UNCONDITIONAL_CALL
CODE:5f2c	CODE:a521	UNCONDITIONAL_CALL
CODE:5f32	CODE:5f36	CONDITIONAL_JUMP
CODE:5f34	CODE:5fe2	UNCONDITIONAL_JUMP
CODE:5f38	INTMEM:b3	READ
CODE:5f3e	CODE:5f42	CONDITIONAL_JUMP
CODE:5f40	CODE:5fe2	UNCONDITIONAL_JUMP
CODE:5f42	CODE:109e	UNCONDITIONAL_CALL
CODE:5f4c	CODE:5f50	CONDITIONAL_JUMP
CODE:5f4e	CODE:5fe2	UNCONDITIONAL_JUMP
CODE:5f50	CODE:a403	UNCONDITIONAL_CALL
CODE:5f57	CODE:5062	UNCONDITIONAL_CALL
CODE:5f5a	CODE:8a3b	UNCONDITIONAL_CALL
CODE:5f5d	CODE:5f91	CONDITIONAL_JUMP
CODE:5f68	EXTMEM:04ad	READ
CODE:5f6b	EXTMEM:04ae	READ
CODE:5f70	EXTMEM:04d6	WRITE
CODE:5f73	EXTMEM:04d7	WRITE
CODE:5f77	EXTMEM:04af	READ
CODE:5f7a	EXTMEM:04b0	READ
CODE:5f7f	EXTMEM:04d8	WRITE
CODE:5f82	EXTMEM:04d9	WRITE
CODE:5f83	CODE:87aa	UNCONDITIONAL_CALL
CODE:5f89	EXTMEM:0af4	READ
CODE:5f8a	CODE:5fe2	CONDITIONAL_JUMP
CODE:5f8e	CODE:a64d	UNCONDITIONAL_CALL
CODE:5f97	CODE:87aa	UNCONDITIONAL_CALL
CODE:5f9c	CODE:9ba3	UNCONDITIONAL_CALL
CODE:5fa1	INTMEM:b3	READ
CODE:5fa3	CODE:109e	UNCONDITIONAL_CALL
CODE:5faa	EXTMEM:04ad	WRITE
CODE:5fad	EXTMEM:04ae	WRITE
CODE:5fb1	EXTMEM:04af	WRITE
CODE:5fb5	EXTMEM:04b0	WRITE
CODE:5fc2	CODE:5064	UNCONDITIONAL_CALL
CODE:5fc5	CODE:8faa	UNCONDITIONAL_CALL
CODE:5fc8	BITS:0d	WRITE
CODE:5fca	CODE:9cca	UNCONDITIONAL_CALL
CODE:5fd1	CODE:9241	UNCONDITIONAL_CALL
CODE:5fd4	CODE:50a1	UNCONDITIONAL_CALL
CODE:5fd7	INTMEM:b2	WRITE
CODE:5fd9	CODE:84ad	UNCONDITIONAL_CALL
CODE:5fdc	CODE:5092	UNCONDITIONAL_CALL
CODE:5fdf	CODE:666b	UNCONDITIONAL_CALL
CODE:5fe5	INTMEM:07	READ
CODE:5fe5	INTMEM:b3	WRITE
CODE:5fe7	CODE:a4fd	UNCONDITIONAL_CALL
CODE:5fea	CODE:a76f	UNCONDITIONAL_CALL
CODE:5fed	BITS:02	READ
CODE:5fed	CODE:5ff9	CONDITIONAL_JUMP
CODE:5ff0	CODE:a839	UNCONDITIONAL_CALL
CODE:5ff3	CODE:a356	UNCONDITIONAL_CALL
CODE:5ff6	CODE:a069	UNCONDITIONAL_CALL
CODE:5ff9	CODE:a40d	UNCONDITIONAL_CALL
CODE:5ffc	CODE:a615	UNCONDITIONAL_CALL
CODE:6004	EXTMEM:04b2	WRITE
CODE:6007	EXTMEM:04b3	WRITE
CODE:600a	EXTMEM:04b4	WRITE
CODE:600d	EXTMEM:04b5	WRITE
CODE:600e	CODE:9894	UNCONDITIONAL_CALL
CODE:6014	CODE:ae2a	UNCONDITIONAL_CALL
CODE:601a	EXTMEM:04b4	READ
CODE:601d	EXTMEM:04b5	READ
CODE:6023	CODE:602f	CONDITIONAL_JUMP
CODE:6025	CODE:adf3	UNCONDITIONAL_CALL
CODE:602f	CODE:adf3	UNCONDITIONAL_CALL
CODE:6035	CODE:ab49	UNCONDITIONAL_CALL
CODE:603b	EXTMEM:04b2	READ
CODE:603f	CODE:4424	UNCONDITIONAL_CALL
CODE:6047	CODE:44a4	UNCONDITIONAL_CALL
CODE:604d	EXTMEM:04b3	READ
CODE:6059	CODE:6054	CONDITIONAL_JUMP
CODE:6062	CODE:44a4	UNCONDITIONAL_CALL
CODE:6068	EXTMEM:04b6	READ
CODE:6076	CODE:ab49	UNCONDITIONAL_CALL
CODE:607e	CODE:ab49	UNCONDITIONAL_CALL
CODE:6083	CODE:a340	UNCONDITIONAL_CALL
CODE:6089	CODE:6097	CONDITIONAL_JUMP
CODE:608b	CODE:4427	UNCONDITIONAL_CALL
CODE:6097	CODE:4427	UNCONDITIONAL_CALL
CODE:60a1	CODE:ab49	UNCONDITIONAL_CALL
CODE:60a4	CODE:4424	UNCONDITIONAL_CALL
CODE:60ae	CODE:ab49	UNCONDITIONAL_CALL
CODE:60b8	EXTMEM:04b5	WRITE
CODE:60ba	EXTMEM:04b6	WRITE
CODE:60bc	EXTMEM:04b7	WRITE
CODE:60be	EXTMEM:04b8	WRITE
CODE:60c1	INTMEM:b5	READ
CODE:60c8	EXTMEM:04b3	WRITE
CODE:60cb	EXTMEM:04b4	WRITE
CODE:60cf	EXTMEM:04b3	READ
CODE:60d2	EXTMEM:04b4	READ
CODE:60d6	CODE:6130	CONDITIONAL_JUMP
CODE:60d8	CODE:3409	UNCONDITIONAL_CALL
CODE:60de	CODE:ad6d	UNCONDITIONAL_CALL
CODE:60e2	CODE:60f3	CONDITIONAL_JUMP
CODE:60e7	EXTMEM:04af	READ
CODE:60e8	BITS:e5	DATA
CODE:60e8	CODE:60f3	CONDITIONAL_JUMP
CODE:60ef	EXTMEM:04b5	WRITE
CODE:60f2	EXTMEM:04b6	WRITE
CODE:60f6	EXTMEM:04af	READ
CODE:60fc	CODE:6128	CONDITIONAL_JUMP
CODE:6107	EXTMEM:04b4	READ
CODE:6111	EXTMEM:04b7	READ
CODE:6114	EXTMEM:04b8	READ
CODE:6119	EXTMEM:04be	WRITE
CODE:611c	EXTMEM:04bf	WRITE
CODE:611d	CODE:4c77	UNCONDITIONAL_CALL
CODE:6124	EXTMEM:04b7	WRITE
CODE:6127	EXTMEM:04b8	WRITE
CODE:612b	EXTMEM:04b4	READ
CODE:612d	EXTMEM:04b4	WRITE
CODE:612e	CODE:60cc	UNCONDITIONAL_JUMP
CODE:6137	CODE:350b	UNCONDITIONAL_CALL
CODE:613d	CODE:3541	UNCONDITIONAL_CALL
CODE:6140	CODE:87aa	UNCONDITIONAL_CALL
CODE:6146	EXTMEM:04b5	READ
CODE:6147	CODE:614b	CONDITIONAL_JUMP
CODE:614a	EXTMEM:04b6	READ
CODE:614b	CODE:6152	CONDITIONAL_JUMP
CODE:614d	BITS:0c	WRITE
CODE:614f	CODE:9340	UNCONDITIONAL_CALL
CODE:6156	EXTMEM:04b8	READ
CODE:6158	CODE:a70f	UNCONDITIONAL_CALL
CODE:615f	EXTMEM:04b8	READ
CODE:6165	CODE:7d83	UNCONDITIONAL_CALL
CODE:616c	CODE:87aa	UNCONDITIONAL_CALL
CODE:6172	EXTMEM:04aa	READ
CODE:6173	CODE:6179	CONDITIONAL_JUMP
CODE:6176	EXTMEM:04ab	READ
CODE:6179	CODE:6183	CONDITIONAL_JUMP
CODE:6181	CODE:6205	UNCONDITIONAL_JUMP
CODE:6186	EXTMEM:04aa	READ
CODE:6187	CODE:618d	CONDITIONAL_JUMP
CODE:618a	EXTMEM:04ab	READ
CODE:618d	CODE:6197	CONDITIONAL_JUMP
CODE:6195	CODE:6205	UNCONDITIONAL_JUMP
CODE:619a	EXTMEM:04aa	READ
CODE:619b	CODE:61a1	CONDITIONAL_JUMP
CODE:619e	EXTMEM:04ab	READ
CODE:61a1	CODE:61ab	CONDITIONAL_JUMP
CODE:61a9	CODE:6205	UNCONDITIONAL_JUMP
CODE:61ae	EXTMEM:04aa	READ
CODE:61af	CODE:61b5	CONDITIONAL_JUMP
CODE:61b2	EXTMEM:04ab	READ
CODE:61b5	CODE:61bf	CONDITIONAL_JUMP
CODE:61bd	CODE:6205	UNCONDITIONAL_JUMP
CODE:61c2	EXTMEM:04aa	READ
CODE:61c3	CODE:61c9	CONDITIONAL_JUMP
CODE:61c6	EXTMEM:04ab	READ
CODE:61c9	CODE:61d3	CONDITIONAL_JUMP
CODE:61d1	CODE:6205	UNCONDITIONAL_JUMP
CODE:61d6	EXTMEM:04aa	READ
CODE:61d7	CODE:61dd	CONDITIONAL_JUMP
CODE:61da	EXTMEM:04ab	READ
CODE:61dd	CODE:61e7	CONDITIONAL_JUMP
CODE:61e5	CODE:6205	UNCONDITIONAL_JUMP
CODE:61ea	EXTMEM:04aa	READ
CODE:61eb	CODE:61f1	CONDITIONAL_JUMP
CODE:61ee	EXTMEM:04ab	READ
CODE:61f3	CODE:61fb	CONDITIONAL_JUMP
CODE:61f9	CODE:6205	UNCONDITIONAL_JUMP
CODE:6202	CODE:7d6d	UNCONDITIONAL_CALL
CODE:6205	CODE:87aa	UNCONDITIONAL_CALL
CODE:6208	CODE:7d98	UNCONDITIONAL_CALL
CODE:620b	CODE:87aa	UNCONDITIONAL_CALL
CODE:6211	EXTMEM:0752	READ
CODE:6214	EXTMEM:0753	READ
CODE:622e	EXTMEM:0754	READ
CODE:6231	EXTMEM:0755	READ
CODE:6243	EXTMEM:0754	READ
CODE:6246	EXTMEM:0755	READ
CODE:6273	CODE:ae2a	UNCONDITIONAL_CALL
CODE:6279	EXTMEM:0752	READ
CODE:627c	EXTMEM:0753	READ
CODE:6286	EXTMEM:0750	READ
CODE:6289	EXTMEM:0751	READ
CODE:62a5	CODE:adf3	UNCONDITIONAL_CALL
CODE:62b8	CODE:a471	UNCONDITIONAL_CALL
CODE:62bf	EXTMEM:04a6	WRITE
CODE:62c1	EXTMEM:04a7	WRITE
CODE:62c4	CODE:a68c	UNCONDITIONAL_CALL
CODE:62c7	CODE:6310	CONDITIONAL_JUMP
CODE:62cb	INTMEM:cc	READ
CODE:62ce	CODE:6310	CONDITIONAL_JUMP
CODE:62d2	CODE:a60e	UNCONDITIONAL_CALL
CODE:62d5	CODE:62d9	CONDITIONAL_JUMP
CODE:62d7	CODE:634e	UNCONDITIONAL_JUMP
CODE:62db	CODE:a60e	UNCONDITIONAL_CALL
CODE:62de	CODE:62ea	CONDITIONAL_JUMP
CODE:62e0	BITS:02	READ
CODE:62e0	CODE:62e8	CONDITIONAL_JUMP
CODE:62e5	CODE:a64d	UNCONDITIONAL_CALL
CODE:62e8	CODE:634e	UNCONDITIONAL_JUMP
CODE:62ec	CODE:a60e	UNCONDITIONAL_CALL
CODE:62ef	CODE:62f6	CONDITIONAL_JUMP
CODE:62f1	BITS:02	READ
CODE:62f1	CODE:6312	CONDITIONAL_JUMP
CODE:62f4	CODE:634e	UNCONDITIONAL_JUMP
CODE:62f8	CODE:a60e	UNCONDITIONAL_CALL
CODE:62fb	CODE:6312	CONDITIONAL_JUMP
CODE:62fd	CODE:9ddf	UNCONDITIONAL_CALL
CODE:6300	CODE:6312	CONDITIONAL_JUMP
CODE:6304	INTMEM:b3	READ
CODE:6306	CODE:a139	UNCONDITIONAL_CALL
CODE:6309	CODE:6310	CONDITIONAL_JUMP
CODE:630d	CODE:a223	UNCONDITIONAL_CALL
CODE:6310	CODE:634e	UNCONDITIONAL_JUMP
CODE:6315	EXTMEM:04a6	READ
CODE:6319	CODE:631d	CONDITIONAL_JUMP
CODE:631c	EXTMEM:04a6	WRITE
CODE:6320	EXTMEM:04a6	READ
CODE:6323	CODE:6335	CONDITIONAL_JUMP
CODE:6326	CODE:633a	CONDITIONAL_JUMP
CODE:6329	CODE:633f	CONDITIONAL_JUMP
CODE:632c	CODE:6344	CONDITIONAL_JUMP
CODE:6330	CODE:634e	CONDITIONAL_JUMP
CODE:6332	CODE:a485	UNCONDITIONAL_CALL
CODE:6335	CODE:6d09	UNCONDITIONAL_CALL
CODE:6338	CODE:6347	UNCONDITIONAL_JUMP
CODE:633a	CODE:7000	UNCONDITIONAL_CALL
CODE:633d	CODE:6347	UNCONDITIONAL_JUMP
CODE:633f	CODE:8d19	UNCONDITIONAL_CALL
CODE:6342	CODE:6347	UNCONDITIONAL_JUMP
CODE:6344	CODE:7985	UNCONDITIONAL_CALL
CODE:634b	EXTMEM:04a6	WRITE
CODE:634c	CODE:6354	UNCONDITIONAL_JUMP
CODE:6353	EXTMEM:04a6	WRITE
CODE:6357	EXTMEM:04a7	READ
CODE:635c	EXTMEM:04a6	READ
CODE:635e	CODE:71a0	UNCONDITIONAL_CALL
CODE:6361	CODE:a521	UNCONDITIONAL_CALL
CODE:6368	EXTMEM:04ac	WRITE
CODE:636b	INTMEM:be	READ
CODE:636e	CODE:63c8	CONDITIONAL_JUMP
CODE:6372	CODE:63b0	CONDITIONAL_JUMP
CODE:6376	CODE:63da	CONDITIONAL_JUMP
CODE:637a	INTMEM:c0	READ
CODE:637d	CODE:63ab	CONDITIONAL_JUMP
CODE:6381	CODE:63ab	CONDITIONAL_JUMP
CODE:6385	CODE:6398	CONDITIONAL_JUMP
CODE:6388	CODE:6393	CONDITIONAL_JUMP
CODE:638c	CODE:63da	CONDITIONAL_JUMP
CODE:638e	CODE:9221	UNCONDITIONAL_CALL
CODE:6391	CODE:63da	UNCONDITIONAL_JUMP
CODE:6393	CODE:962a	UNCONDITIONAL_CALL
CODE:6396	CODE:63da	UNCONDITIONAL_JUMP
CODE:6398	CODE:9645	UNCONDITIONAL_CALL
CODE:639b	CODE:50a1	UNCONDITIONAL_CALL
CODE:639f	INTMEM:c0	WRITE
CODE:63a6	CODE:87aa	UNCONDITIONAL_CALL
CODE:63a9	CODE:63da	UNCONDITIONAL_JUMP
CODE:63ab	CODE:a54e	UNCONDITIONAL_CALL
CODE:63ae	CODE:63da	UNCONDITIONAL_JUMP
CODE:63b2	INTMEM:c0	READ
CODE:63b4	CODE:63bf	CONDITIONAL_JUMP
CODE:63b8	CODE:63da	CONDITIONAL_JUMP
CODE:63ba	CODE:8864	UNCONDITIONAL_CALL
CODE:63bd	CODE:63da	UNCONDITIONAL_JUMP
CODE:63c2	EXTMEM:04ac	READ
CODE:63c6	CODE:63da	UNCONDITIONAL_JUMP
CODE:63ca	INTMEM:c0	READ
CODE:63cd	CODE:63d7	CONDITIONAL_JUMP
CODE:63d0	CODE:63da	CONDITIONAL_JUMP
CODE:63d2	CODE:37fe	UNCONDITIONAL_CALL
CODE:63d5	CODE:63da	UNCONDITIONAL_JUMP
CODE:63d7	CODE:5f2c	UNCONDITIONAL_CALL
CODE:63dd	EXTMEM:04ac	READ
CODE:63df	CODE:63ee	CONDITIONAL_JUMP
CODE:63e3	CODE:63f3	CONDITIONAL_JUMP
CODE:63e7	CODE:63fb	CONDITIONAL_JUMP
CODE:63e9	CODE:a31f	UNCONDITIONAL_CALL
CODE:63ec	CODE:63f6	UNCONDITIONAL_JUMP
CODE:63ee	CODE:a187	UNCONDITIONAL_CALL
CODE:63f1	CODE:63f6	UNCONDITIONAL_JUMP
CODE:63f3	CODE:8a0e	UNCONDITIONAL_CALL
CODE:63fa	EXTMEM:04ac	WRITE
CODE:63fb	CODE:a521	UNCONDITIONAL_CALL
CODE:6401	EXTMEM:04ac	READ
CODE:6403	CODE:726d	UNCONDITIONAL_CALL
CODE:640b	EXTMEM:04b2	WRITE
CODE:640e	INTMEM:b3	READ
CODE:6410	EXTMEM:04b3	WRITE
CODE:6417	CODE:6420	CONDITIONAL_JUMP
CODE:641e	CODE:6424	UNCONDITIONAL_JUMP
CODE:6424	CODE:87aa	UNCONDITIONAL_CALL
CODE:642a	CODE:1f10	UNCONDITIONAL_CALL
CODE:642d	CODE:1d2a	UNCONDITIONAL_CALL
CODE:6432	EXTMEM:04b2	WRITE
CODE:6436	EXTMEM:04b3	READ
CODE:643b	CODE:1d23	UNCONDITIONAL_CALL
CODE:643f	EXTMEM:04b2	WRITE
CODE:6440	CODE:1e48	UNCONDITIONAL_CALL
CODE:6446	CODE:1f56	UNCONDITIONAL_CALL
CODE:6449	CODE:1d2a	UNCONDITIONAL_CALL
CODE:644d	EXTMEM:04b2	WRITE
CODE:6453	CODE:1e0a	UNCONDITIONAL_CALL
CODE:6456	CODE:1d2a	UNCONDITIONAL_CALL
CODE:645a	EXTMEM:04b2	WRITE
CODE:6460	CODE:1d23	UNCONDITIONAL_CALL
CODE:6464	EXTMEM:04b2	WRITE
CODE:6468	EXTMEM:04b3	READ
CODE:646d	CODE:1e0a	UNCONDITIONAL_CALL
CODE:6470	CODE:1d2a	UNCONDITIONAL_CALL
CODE:6474	EXTMEM:04b3	WRITE
CODE:647a	CODE:1d23	UNCONDITIONAL_CALL
CODE:647e	EXTMEM:04b2	WRITE
CODE:6481	INTMEM:6c	READ
CODE:6486	CODE:1d23	UNCONDITIONAL_CALL
CODE:648a	EXTMEM:04b2	WRITE
CODE:648e	EXTMEM:0707	READ
CODE:6493	CODE:1d23	UNCONDITIONAL_CALL
CODE:6497	EXTMEM:04b2	WRITE
CODE:649b	CODE:1f30	UNCONDITIONAL_CALL
CODE:649e	CODE:a7c3	UNCONDITIONAL_CALL
CODE:64a1	CODE:9281	UNCONDITIONAL_CALL
CODE:64a7	EXTMEM:03ec	READ
CODE:64a8	BITS:e6	DATA
CODE:64a8	CODE:64bf	CONDITIONAL_JUMP
CODE:64ae	EXTMEM:03a3	READ
CODE:64b0	EXTMEM:03a3	WRITE
CODE:64b5	CODE:960e	UNCONDITIONAL_CALL
CODE:64bc	CODE:957e	UNCONDITIONAL_CALL
CODE:64c2	EXTMEM:03ec	READ
CODE:64c3	BITS:e3	DATA
CODE:64c3	CODE:64cc	CONDITIONAL_JUMP
CODE:64c6	CODE:9d4f	UNCONDITIONAL_CALL
CODE:64c9	CODE:803f	UNCONDITIONAL_CALL
CODE:64cf	EXTMEM:03ec	READ
CODE:64d0	BITS:e7	DATA
CODE:64d0	CODE:64f0	CONDITIONAL_JUMP
CODE:64d7	CODE:957e	UNCONDITIONAL_CALL
CODE:64da	CODE:3472	UNCONDITIONAL_CALL
CODE:64e0	CODE:33e2	UNCONDITIONAL_CALL
CODE:64e5	CODE:3439	UNCONDITIONAL_CALL
CODE:64ea	CODE:a99c	UNCONDITIONAL_CALL
CODE:64ed	CODE:9cdd	UNCONDITIONAL_CALL
CODE:64f3	EXTMEM:03ec	READ
CODE:64f6	CODE:653a	CONDITIONAL_JUMP
CODE:64f8	CODE:9d4f	UNCONDITIONAL_CALL
CODE:64fb	CODE:3472	UNCONDITIONAL_CALL
CODE:6501	CODE:a94d	UNCONDITIONAL_CALL
CODE:6508	CODE:33e2	UNCONDITIONAL_CALL
CODE:650d	CODE:a99c	UNCONDITIONAL_CALL
CODE:6510	CODE:33e9	UNCONDITIONAL_CALL
CODE:651b	CODE:a94d	UNCONDITIONAL_CALL
CODE:6521	CODE:653a	CONDITIONAL_JUMP
CODE:6524	BITS:e6	DATA
CODE:6524	CODE:652e	CONDITIONAL_JUMP
CODE:652a	EXTMEM:03ec	READ
CODE:652b	BITS:e0	DATA
CODE:652b	CODE:653a	CONDITIONAL_JUMP
CODE:6530	INTMEM:b9	READ
CODE:6531	CODE:342d	UNCONDITIONAL_CALL
CODE:6534	EXTMEM:03ec	READ
CODE:6535	CODE:653a	CONDITIONAL_JUMP
CODE:6537	CODE:42a5	UNCONDITIONAL_CALL
CODE:653e	CODE:7d83	UNCONDITIONAL_CALL
CODE:6545	CODE:87aa	UNCONDITIONAL_CALL
CODE:654b	EXTMEM:04aa	READ
CODE:654c	CODE:6552	CONDITIONAL_JUMP
CODE:654f	EXTMEM:04ab	READ
CODE:6552	CODE:655c	CONDITIONAL_JUMP
CODE:655a	CODE:65ca	UNCONDITIONAL_JUMP
CODE:655f	EXTMEM:04aa	READ
CODE:6560	CODE:6566	CONDITIONAL_JUMP
CODE:6563	EXTMEM:04ab	READ
CODE:6566	CODE:6570	CONDITIONAL_JUMP
CODE:656e	CODE:65ca	UNCONDITIONAL_JUMP
CODE:6573	EXTMEM:04aa	READ
CODE:6574	CODE:657a	CONDITIONAL_JUMP
CODE:6577	EXTMEM:04ab	READ
CODE:657a	CODE:6584	CONDITIONAL_JUMP
CODE:6582	CODE:65ca	UNCONDITIONAL_JUMP
CODE:6587	EXTMEM:04aa	READ
CODE:6588	CODE:658e	CONDITIONAL_JUMP
CODE:658b	EXTMEM:04ab	READ
CODE:658e	CODE:6598	CONDITIONAL_JUMP
CODE:6596	CODE:65ca	UNCONDITIONAL_JUMP
CODE:659b	EXTMEM:04aa	READ
CODE:659c	CODE:65a2	CONDITIONAL_JUMP
CODE:659f	EXTMEM:04ab	READ
CODE:65a2	CODE:65ac	CONDITIONAL_JUMP
CODE:65aa	CODE:65ca	UNCONDITIONAL_JUMP
CODE:65af	EXTMEM:04aa	READ
CODE:65b0	CODE:65b6	CONDITIONAL_JUMP
CODE:65b3	EXTMEM:04ab	READ
CODE:65b8	CODE:65c0	CONDITIONAL_JUMP
CODE:65be	CODE:65ca	UNCONDITIONAL_JUMP
CODE:65c7	CODE:7d6d	UNCONDITIONAL_CALL
CODE:65ca	CODE:87aa	UNCONDITIONAL_CALL
CODE:65cd	CODE:7d98	UNCONDITIONAL_CALL
CODE:65d0	CODE:87aa	UNCONDITIONAL_CALL
CODE:65d7	EXTMEM:04ac	WRITE
CODE:65db	CODE:ae2a	UNCONDITIONAL_CALL
CODE:65e2	EXTMEM:04ad	WRITE
CODE:65e9	EXTMEM:04b1	WRITE
CODE:65ec	EXTMEM:04b2	WRITE
CODE:65ed	CODE:9f39	UNCONDITIONAL_CALL
CODE:65f0	CODE:6255	UNCONDITIONAL_CALL
CODE:65f5	CODE:666a	CONDITIONAL_JUMP
CODE:65fa	EXTMEM:04ad	READ
CODE:6602	EXTMEM:04ac	READ
CODE:6604	CODE:6621	CONDITIONAL_JUMP
CODE:6609	EXTMEM:04b1	READ
CODE:660c	EXTMEM:04b2	READ
CODE:660e	INTMEM:03	READ
CODE:6613	CODE:adf3	UNCONDITIONAL_CALL
CODE:6624	CODE:6221	UNCONDITIONAL_CALL
CODE:6629	EXTMEM:0755	WRITE
CODE:662d	CODE:adf3	UNCONDITIONAL_CALL
CODE:666f	EXTMEM:04c6	WRITE
CODE:6671	CODE:ae2a	UNCONDITIONAL_CALL
CODE:6676	CODE:a97a	UNCONDITIONAL_CALL
CODE:667d	EXTMEM:04ca	WRITE
CODE:6681	EXTMEM:04ca	READ
CODE:6686	CODE:66fc	CONDITIONAL_JUMP
CODE:6688	CODE:8b2b	UNCONDITIONAL_CALL
CODE:668e	CODE:66a0	CONDITIONAL_JUMP
CODE:6699	CODE:8b1b	UNCONDITIONAL_CALL
CODE:669e	CODE:66f4	CONDITIONAL_JUMP
CODE:66a5	CODE:66aa	CONDITIONAL_JUMP
CODE:66a9	INTMEM:0a	READ_WRITE
CODE:66ad	EXTMEM:04c6	READ
CODE:66b6	INTMEM:b3	READ
CODE:66cb	CODE:8b24	UNCONDITIONAL_CALL
CODE:66d7	CODE:adf3	UNCONDITIONAL_CALL
CODE:66f7	EXTMEM:04ca	READ
CODE:66f9	EXTMEM:04ca	WRITE
CODE:66fa	CODE:667e	UNCONDITIONAL_JUMP
CODE:66fe	CODE:670c	CONDITIONAL_JUMP
CODE:6704	EXTMEM:0553	READ
CODE:6706	EXTMEM:0553	WRITE
CODE:6707	EXTMEM:0553	READ
CODE:6708	BITS:e0	DATA
CODE:6708	CODE:671b	CONDITIONAL_JUMP
CODE:670f	EXTMEM:0553	READ
CODE:6710	BITS:e0	DATA
CODE:6710	CODE:671b	CONDITIONAL_JUMP
CODE:6714	EXTMEM:0553	WRITE
CODE:671a	EXTMEM:0556	WRITE
CODE:671e	EXTMEM:0556	READ
CODE:6721	CODE:6739	CONDITIONAL_JUMP
CODE:6724	CODE:6761	CONDITIONAL_JUMP
CODE:6727	CODE:677a	CONDITIONAL_JUMP
CODE:672b	CODE:678d	CONDITIONAL_JUMP
CODE:6731	EXTMEM:0554	WRITE
CODE:6737	EXTMEM:0556	WRITE
CODE:673d	CODE:6741	CONDITIONAL_JUMP
CODE:673f	CODE:6788	UNCONDITIONAL_JUMP
CODE:6745	EXTMEM:0555	WRITE
CODE:6749	EXTMEM:05de	WRITE
CODE:674f	EXTMEM:0557	WRITE
CODE:6753	EXTMEM:0558	WRITE
CODE:6757	EXTMEM:0554	READ
CODE:6759	EXTMEM:0554	WRITE
CODE:675f	EXTMEM:0556	WRITE
CODE:6764	CODE:546c	UNCONDITIONAL_CALL
CODE:6768	EXTMEM:0557	WRITE
CODE:676c	EXTMEM:0554	READ
CODE:676e	EXTMEM:0554	WRITE
CODE:6770	EXTMEM:0555	READ
CODE:6772	EXTMEM:0555	WRITE
CODE:6773	CODE:678d	CONDITIONAL_JUMP
CODE:6778	EXTMEM:0556	WRITE
CODE:677d	EXTMEM:0554	READ
CODE:677e	INTMEM:07	READ
CODE:677e	CODE:6788	CONDITIONAL_JUMP
CODE:6785	CODE:957e	UNCONDITIONAL_CALL
CODE:678c	EXTMEM:0556	WRITE
CODE:678e	CODE:9cf0	UNCONDITIONAL_CALL
CODE:6793	CODE:8ecd	UNCONDITIONAL_CALL
CODE:6796	CODE:a733	UNCONDITIONAL_CALL
CODE:679b	CODE:342b	UNCONDITIONAL_CALL
CODE:67a3	CODE:33f5	UNCONDITIONAL_CALL
CODE:67a8	CODE:a6fd	UNCONDITIONAL_CALL
CODE:67ab	CODE:349f	UNCONDITIONAL_CALL
CODE:67b0	CODE:8ac2	UNCONDITIONAL_CALL
CODE:67b3	CODE:33d6	UNCONDITIONAL_CALL
CODE:67bb	CODE:a9ae	UNCONDITIONAL_CALL
CODE:67c1	CODE:33e2	UNCONDITIONAL_CALL
CODE:67c6	CODE:a99c	UNCONDITIONAL_CALL
CODE:67c9	CODE:33b9	UNCONDITIONAL_CALL
CODE:67d1	CODE:a9ae	UNCONDITIONAL_CALL
CODE:67d9	CODE:a9ae	UNCONDITIONAL_CALL
CODE:67e1	CODE:33dc	UNCONDITIONAL_CALL
CODE:67e6	CODE:33d3	UNCONDITIONAL_CALL
CODE:67ed	CODE:a9ae	UNCONDITIONAL_CALL
CODE:67f2	INTMEM:b3	READ
CODE:67f6	CODE:b8f0	DATA
CODE:67f9	SFR:c3	READ_WRITE
CODE:67fc	SFR:c1	READ_WRITE
CODE:6803	CODE:ae2a	UNCONDITIONAL_CALL
CODE:680a	EXTMEM:04b2	WRITE
CODE:680d	EXTMEM:04b3	WRITE
CODE:6811	EXTMEM:04b4	WRITE
CODE:6816	CODE:6872	CONDITIONAL_JUMP
CODE:681a	INTMEM:b3	READ
CODE:681c	CODE:a139	UNCONDITIONAL_CALL
CODE:681f	CODE:6872	CONDITIONAL_JUMP
CODE:6826	EXTMEM:04b4	WRITE
CODE:6827	CODE:9d73	UNCONDITIONAL_CALL
CODE:682a	CODE:aa99	UNCONDITIONAL_CALL
CODE:682f	CODE:6872	CONDITIONAL_JUMP
CODE:6834	CODE:aac4	UNCONDITIONAL_CALL
CODE:6839	CODE:6872	CONDITIONAL_JUMP
CODE:683e	CODE:aac4	UNCONDITIONAL_CALL
CODE:6845	CODE:4503	UNCONDITIONAL_CALL
CODE:684c	CODE:6872	CONDITIONAL_JUMP
CODE:6851	CODE:aac4	UNCONDITIONAL_CALL
CODE:685b	CODE:6872	CONDITIONAL_JUMP
CODE:6860	EXTMEM:04b2	READ
CODE:6863	EXTMEM:04b3	READ
CODE:686a	CODE:ab68	UNCONDITIONAL_CALL
CODE:686f	CODE:a63f	UNCONDITIONAL_CALL
CODE:6875	CODE:adf3	UNCONDITIONAL_CALL
CODE:6895	EXTMEM:04a8	WRITE
CODE:6896	CODE:a757	UNCONDITIONAL_CALL
CODE:689d	CODE:90d1	UNCONDITIONAL_CALL
CODE:68a0	CODE:60b4	UNCONDITIONAL_CALL
CODE:68a7	EXTMEM:04ae	WRITE
CODE:68ab	EXTMEM:04a9	WRITE
CODE:68af	EXTMEM:04a8	READ
CODE:68b2	EXTMEM:04a9	READ
CODE:68b6	CODE:690f	CONDITIONAL_JUMP
CODE:68b8	CODE:3409	UNCONDITIONAL_CALL
CODE:68be	CODE:ad6d	UNCONDITIONAL_CALL
CODE:68c1	INTMEM:03	READ
CODE:68c3	INTMEM:07	READ
CODE:68c8	CODE:ad49	UNCONDITIONAL_CALL
CODE:6912	EXTMEM:04a8	READ
CODE:6917	EXTMEM:04ae	READ
CODE:6919	CODE:56a8	UNCONDITIONAL_CALL
CODE:6920	EXTMEM:04af	WRITE
CODE:6925	EXTMEM:04ad	WRITE
CODE:6928	EXTMEM:04ae	WRITE
CODE:6930	CODE:441e	UNCONDITIONAL_CALL
CODE:6933	CODE:6938	CONDITIONAL_JUMP
CODE:693c	EXTMEM:04b0	WRITE
CODE:6940	EXTMEM:04af	READ
CODE:6945	CODE:6950	CONDITIONAL_JUMP
CODE:694e	CODE:695e	UNCONDITIONAL_JUMP
CODE:6954	CODE:6961	CONDITIONAL_JUMP
CODE:695e	CODE:aa6d	UNCONDITIONAL_CALL
CODE:6965	CODE:4413	UNCONDITIONAL_CALL
CODE:6968	CODE:6972	CONDITIONAL_JUMP
CODE:696f	EXTMEM:04b0	WRITE
CODE:6970	CODE:699d	UNCONDITIONAL_JUMP
CODE:6975	EXTMEM:04ad	READ
CODE:6978	EXTMEM:04ae	READ
CODE:6981	CODE:441e	UNCONDITIONAL_CALL
CODE:6984	CODE:698e	CONDITIONAL_JUMP
CODE:698b	EXTMEM:04b0	WRITE
CODE:698c	CODE:699d	UNCONDITIONAL_JUMP
CODE:6992	CODE:4413	UNCONDITIONAL_CALL
CODE:6995	CODE:699d	CONDITIONAL_JUMP
CODE:699c	EXTMEM:04b0	WRITE
CODE:69a0	EXTMEM:04b0	READ
CODE:69a7	EXTMEM:04a8	WRITE
CODE:69a9	CODE:6a26	CONDITIONAL_JUMP
CODE:69ab	EXTMEM:04a8	READ
CODE:69ae	CODE:69c8	CONDITIONAL_JUMP
CODE:69b1	CODE:69d1	CONDITIONAL_JUMP
CODE:69b4	CODE:69df	CONDITIONAL_JUMP
CODE:69b7	CODE:69ed	CONDITIONAL_JUMP
CODE:69ba	CODE:6a03	CONDITIONAL_JUMP
CODE:69be	CODE:6a1e	CONDITIONAL_JUMP
CODE:69c0	CODE:a836	UNCONDITIONAL_CALL
CODE:69c3	CODE:a22f	UNCONDITIONAL_CALL
CODE:69c6	CODE:6a1e	UNCONDITIONAL_JUMP
CODE:69ca	CODE:a247	UNCONDITIONAL_CALL
CODE:69cf	CODE:6a1b	UNCONDITIONAL_JUMP
CODE:69d3	CODE:9023	UNCONDITIONAL_CALL
CODE:69d8	CODE:a0cb	UNCONDITIONAL_CALL
CODE:69dd	CODE:6a1b	UNCONDITIONAL_JUMP
CODE:69e1	CODE:9023	UNCONDITIONAL_CALL
CODE:69e6	CODE:a0cb	UNCONDITIONAL_CALL
CODE:69eb	CODE:6a1b	UNCONDITIONAL_JUMP
CODE:69ef	CODE:9023	UNCONDITIONAL_CALL
CODE:69f4	INTMEM:cc	READ
CODE:69f5	CODE:69fc	CONDITIONAL_JUMP
CODE:69fa	CODE:69fe	UNCONDITIONAL_JUMP
CODE:69fe	CODE:a0cb	UNCONDITIONAL_CALL
CODE:6a01	CODE:6a1e	UNCONDITIONAL_JUMP
CODE:6a05	INTMEM:cd	READ
CODE:6a09	CODE:6a19	CONDITIONAL_JUMP
CODE:6a0e	CODE:a63f	UNCONDITIONAL_CALL
CODE:6a16	EXTMEM:04a8	WRITE
CODE:6a17	CODE:6a1e	UNCONDITIONAL_JUMP
CODE:6a1b	CODE:a223	UNCONDITIONAL_CALL
CODE:6a21	EXTMEM:04a8	READ
CODE:6a23	CODE:a0bd	UNCONDITIONAL_CALL
CODE:6a2b	EXTMEM:04a8	WRITE
CODE:6a30	CODE:626d	UNCONDITIONAL_CALL
CODE:6a35	CODE:8bf3	UNCONDITIONAL_CALL
CODE:6a3b	EXTMEM:04a8	READ
CODE:6a3f	EXTMEM:04a9	WRITE
CODE:6a42	EXTMEM:04aa	WRITE
CODE:6a49	CODE:87aa	UNCONDITIONAL_CALL
CODE:6a4f	EXTMEM:04a8	READ
CODE:6a50	CODE:6a5b	CONDITIONAL_JUMP
CODE:6a59	CODE:6a8c	UNCONDITIONAL_JUMP
CODE:6a5e	EXTMEM:04a8	READ
CODE:6a5f	CODE:6a6a	CONDITIONAL_JUMP
CODE:6a68	CODE:6a8c	UNCONDITIONAL_JUMP
CODE:6a6d	EXTMEM:04a8	READ
CODE:6a70	CODE:6a79	CONDITIONAL_JUMP
CODE:6a77	CODE:6a8c	UNCONDITIONAL_JUMP
CODE:6a80	EXTMEM:04a9	READ
CODE:6a83	EXTMEM:04aa	READ
CODE:6a88	EXTMEM:04d6	WRITE
CODE:6a8b	EXTMEM:04d7	WRITE
CODE:6a8c	CODE:87aa	UNCONDITIONAL_CALL
CODE:6a95	CODE:87aa	UNCONDITIONAL_CALL
CODE:6a9a	INTMEM:b3	READ
CODE:6a9b	CODE:6aaa	CONDITIONAL_JUMP
CODE:6aa1	EXTMEM:04a8	READ
CODE:6aa2	CODE:6aaa	CONDITIONAL_JUMP
CODE:6aa5	BITS:0d	WRITE
CODE:6aa7	CODE:9436	UNCONDITIONAL_CALL
CODE:6aab	CODE:95f2	UNCONDITIONAL_CALL
CODE:6aae	CODE:789f	UNCONDITIONAL_CALL
CODE:6ab1	CODE:8fcd	UNCONDITIONAL_CALL
CODE:6ab4	CODE:9c07	UNCONDITIONAL_CALL
CODE:6ab7	CODE:8b9d	UNCONDITIONAL_CALL
CODE:6aba	CODE:8ff0	UNCONDITIONAL_CALL
CODE:6abd	CODE:1ffd	UNCONDITIONAL_CALL
CODE:6ac0	CODE:a569	UNCONDITIONAL_CALL
CODE:6ac3	CODE:a7bc	UNCONDITIONAL_CALL
CODE:6ac8	CODE:6ffc	UNCONDITIONAL_CALL
CODE:6ace	EXTMEM:0af8	READ
CODE:6ad1	EXTMEM:0af9	READ
CODE:6ad6	INTMEM:99	WRITE
CODE:6ada	INTMEM:9a	WRITE
CODE:6ae5	CODE:a9e2	UNCONDITIONAL_CALL
CODE:6aea	INTMEM:07	READ
CODE:6aea	INTMEM:9b	WRITE
CODE:6af0	CODE:9e59	UNCONDITIONAL_CALL
CODE:6af6	CODE:7d8b	UNCONDITIONAL_CALL
CODE:6afc	EXTMEM:0af4	READ
CODE:6b03	CODE:7d83	UNCONDITIONAL_CALL
CODE:6b0d	CODE:7d8b	UNCONDITIONAL_CALL
CODE:6b12	EXTMEM:04d7	WRITE
CODE:6b15	EXTMEM:04d8	WRITE
CODE:6b18	INTMEM:99	READ
CODE:6b1b	INTMEM:9a	READ
CODE:6b1e	EXTMEM:04d9	WRITE
CODE:6b21	EXTMEM:04da	WRITE
CODE:6b22	CODE:87aa	UNCONDITIONAL_CALL
CODE:6b25	BITS:11	WRITE
CODE:6ba8	EXTMEM:04a8	WRITE
CODE:6bab	EXTMEM:04a9	WRITE
CODE:6bae	INTMEM:cc	READ
CODE:6bc4	EXTMEM:04aa	WRITE
CODE:6bc7	EXTMEM:04ab	WRITE
CODE:6bcb	EXTMEM:04a8	READ
CODE:6bce	EXTMEM:04a9	READ
CODE:6bd0	CODE:9561	UNCONDITIONAL_CALL
CODE:6bd3	CODE:9d73	UNCONDITIONAL_CALL
CODE:6bd9	CODE:ab49	UNCONDITIONAL_CALL
CODE:6bdf	EXTMEM:04ab	READ
CODE:6be5	EXTMEM:04aa	READ
CODE:6bec	CODE:ab68	UNCONDITIONAL_CALL
CODE:6bf2	CODE:4503	UNCONDITIONAL_CALL
CODE:6bff	CODE:ab68	UNCONDITIONAL_CALL
CODE:6c08	CODE:ab68	UNCONDITIONAL_CALL
CODE:6c0e	EXTMEM:04a8	READ
CODE:6c11	EXTMEM:04a9	READ
CODE:6c18	CODE:ab68	UNCONDITIONAL_CALL
CODE:6c1d	INTMEM:b3	READ
CODE:6c33	BITS:0d	WRITE
CODE:6c37	INTMEM:b3	READ
CODE:6c49	EXTMEM:04b1	WRITE
CODE:6c4c	EXTMEM:04b2	WRITE
CODE:6c4f	EXTMEM:04b3	WRITE
CODE:6c53	EXTMEM:04b1	READ
CODE:6c56	EXTMEM:04b2	READ
CODE:6c59	EXTMEM:04b3	READ
CODE:6c5e	BITS:0d	READ
CODE:6c5e	CODE:6c7e	CONDITIONAL_JUMP
CODE:6c63	CODE:a9ae	UNCONDITIONAL_CALL
CODE:6c6d	CODE:a934	UNCONDITIONAL_CALL
CODE:6c72	CODE:a99c	UNCONDITIONAL_CALL
CODE:6c77	CODE:a99c	UNCONDITIONAL_CALL
CODE:6c7c	CODE:6c8e	UNCONDITIONAL_JUMP
CODE:6c7f	CODE:a9ae	UNCONDITIONAL_CALL
CODE:6c89	CODE:a934	UNCONDITIONAL_CALL
CODE:6c8e	CODE:a99c	UNCONDITIONAL_CALL
CODE:6c92	BITS:0c	WRITE
CODE:6c94	CODE:621e	UNCONDITIONAL_CALL
CODE:6c99	CODE:6d06	CONDITIONAL_JUMP
CODE:6c9d	CODE:6cb0	CONDITIONAL_JUMP
CODE:6ca0	CODE:6ccc	CONDITIONAL_JUMP
CODE:6ca3	CODE:6ce5	CONDITIONAL_JUMP
CODE:6ca7	CODE:6cf6	CONDITIONAL_JUMP
CODE:6caa	CODE:6cfc	CONDITIONAL_JUMP
CODE:6cae	CODE:6d00	CONDITIONAL_JUMP
CODE:6cb0	CODE:6276	UNCONDITIONAL_CALL
CODE:6cb3	CODE:6248	UNCONDITIONAL_CALL
CODE:6cc5	CODE:624e	UNCONDITIONAL_CALL
CODE:6cca	CODE:6d00	UNCONDITIONAL_JUMP
CODE:6cd4	CODE:2ed4	UNCONDITIONAL_CALL
CODE:6cda	CODE:6ce5	CONDITIONAL_JUMP
CODE:6cde	CODE:6cf6	CONDITIONAL_JUMP
CODE:6ce1	CODE:6d00	CONDITIONAL_JUMP
CODE:6ce3	CODE:6cfc	UNCONDITIONAL_JUMP
CODE:6ce5	CODE:621e	UNCONDITIONAL_CALL
CODE:6ce9	CODE:6263	UNCONDITIONAL_CALL
CODE:6cef	CODE:8265	UNCONDITIONAL_CALL
CODE:6cf4	CODE:6d00	UNCONDITIONAL_JUMP
CODE:6cf6	BITS:0c	WRITE
CODE:6cfa	CODE:6cb0	UNCONDITIONAL_JUMP
CODE:6cfe	CODE:6cb0	UNCONDITIONAL_JUMP
CODE:6d03	CODE:6293	UNCONDITIONAL_CALL
CODE:6d06	BITS:0c	READ
CODE:6d0b	CODE:a60e	UNCONDITIONAL_CALL
CODE:6d0e	CODE:6d15	CONDITIONAL_JUMP
CODE:6d10	CODE:a485	UNCONDITIONAL_CALL
CODE:6d13	CODE:6d75	UNCONDITIONAL_JUMP
CODE:6d17	CODE:a60e	UNCONDITIONAL_CALL
CODE:6d1a	CODE:6d26	CONDITIONAL_JUMP
CODE:6d1c	BITS:02	READ
CODE:6d1c	CODE:6d75	CONDITIONAL_JUMP
CODE:6d21	CODE:a223	UNCONDITIONAL_CALL
CODE:6d24	CODE:6d75	UNCONDITIONAL_JUMP
CODE:6d28	CODE:a60e	UNCONDITIONAL_CALL
CODE:6d2b	CODE:6d75	CONDITIONAL_JUMP
CODE:6d2f	CODE:a607	UNCONDITIONAL_CALL
CODE:6d32	CODE:6d3d	CONDITIONAL_JUMP
CODE:6d36	INTMEM:cc	READ
CODE:6d37	CODE:6d75	CONDITIONAL_JUMP
CODE:6d3b	CODE:6d52	UNCONDITIONAL_JUMP
CODE:6d3f	CODE:a607	UNCONDITIONAL_CALL
CODE:6d42	CODE:6d57	CONDITIONAL_JUMP
CODE:6d47	EXTMEM:0af4	READ
CODE:6d48	CODE:6d75	CONDITIONAL_JUMP
CODE:6d4d	EXTMEM:0af2	READ
CODE:6d4e	CODE:6d75	CONDITIONAL_JUMP
CODE:6d52	CODE:a64d	UNCONDITIONAL_CALL
CODE:6d55	CODE:6d75	UNCONDITIONAL_JUMP
CODE:6d59	CODE:a68c	UNCONDITIONAL_CALL
CODE:6d5c	CODE:6d75	CONDITIONAL_JUMP
CODE:6d60	INTMEM:cd	READ
CODE:6d63	CODE:6d6d	CONDITIONAL_JUMP
CODE:6d66	CODE:6d75	CONDITIONAL_JUMP
CODE:6d6a	CODE:a23b	UNCONDITIONAL_CALL
CODE:6d6f	CODE:a247	UNCONDITIONAL_CALL
CODE:6d81	CODE:6d87	CONDITIONAL_JUMP
CODE:6d85	CODE:6d9f	UNCONDITIONAL_JUMP
CODE:6d8e	CODE:6d94	CONDITIONAL_JUMP
CODE:6d92	CODE:6d9f	UNCONDITIONAL_JUMP
CODE:6d9b	CODE:6d9f	CONDITIONAL_JUMP
CODE:6d9f	CODE:a093	UNCONDITIONAL_CALL
CODE:6da5	CODE:ae2a	UNCONDITIONAL_CALL
CODE:6da8	CODE:a934	UNCONDITIONAL_CALL
CODE:6dae	EXTMEM:04af	WRITE
CODE:6daf	INTMEM:02	READ
CODE:6db1	INTMEM:01	READ
CODE:6db3	INTMEM:04	READ
CODE:6db7	CODE:7f77	UNCONDITIONAL_CALL
CODE:6dba	CODE:6de4	CONDITIONAL_JUMP
CODE:6dbf	CODE:6dd8	CONDITIONAL_JUMP
CODE:6dc3	CODE:6de4	CONDITIONAL_JUMP
CODE:6dc7	CODE:4528	UNCONDITIONAL_CALL
CODE:6dca	CODE:a94d	UNCONDITIONAL_CALL
CODE:6dcd	INTMEM:04	READ
CODE:6dcd	CODE:6dda	CONDITIONAL_JUMP
CODE:6dd0	CODE:44d1	UNCONDITIONAL_CALL
CODE:6dd3	CODE:6de4	CONDITIONAL_JUMP
CODE:6dd6	CODE:6dda	UNCONDITIONAL_JUMP
CODE:6dda	CODE:4528	UNCONDITIONAL_CALL
CODE:6dde	CODE:a9ae	UNCONDITIONAL_CALL
CODE:6de1	CODE:a64d	UNCONDITIONAL_CALL
CODE:6de9	EXTMEM:04b2	WRITE
CODE:6dec	EXTMEM:04b3	WRITE
CODE:6def	INTMEM:b3	READ
CODE:6df8	CODE:6dfd	CONDITIONAL_JUMP
CODE:6dfd	CODE:6e50	CONDITIONAL_JUMP
CODE:6e00	CODE:6e26	CONDITIONAL_JUMP
CODE:6e06	EXTMEM:04b3	READ
CODE:6e0d	EXTMEM:04b2	READ
CODE:6e13	INTMEM:b3	READ
CODE:6e1f	CODE:6e26	CONDITIONAL_JUMP
CODE:6e21	BITS:0d	WRITE
CODE:6e23	CODE:9436	UNCONDITIONAL_CALL
CODE:6e29	EXTMEM:04b2	READ
CODE:6e2c	EXTMEM:04b3	READ
CODE:6e30	INTMEM:b3	READ
CODE:6e35	CODE:1e41	UNCONDITIONAL_CALL
CODE:6e3f	CODE:1e7e	UNCONDITIONAL_CALL
CODE:6e42	CODE:87aa	UNCONDITIONAL_CALL
CODE:6e48	EXTMEM:04b2	READ
CODE:6e4b	EXTMEM:04b3	READ
CODE:6e4d	CODE:937e	UNCONDITIONAL_CALL
CODE:6e53	INTMEM:b4	READ
CODE:6e57	CODE:6e5c	CONDITIONAL_JUMP
CODE:6e59	CODE:94cc	UNCONDITIONAL_CALL
CODE:6e5e	INTMEM:b4	READ
CODE:6e62	CODE:6e67	CONDITIONAL_JUMP
CODE:6e64	CODE:4920	UNCONDITIONAL_CALL
CODE:6e69	INTMEM:b4	READ
CODE:6e6d	CODE:6e72	CONDITIONAL_JUMP
CODE:6e6f	CODE:8f3f	UNCONDITIONAL_CALL
CODE:6e74	INTMEM:b4	READ
CODE:6e78	CODE:6e7d	CONDITIONAL_JUMP
CODE:6e7a	CODE:a775	UNCONDITIONAL_CALL
CODE:6e7f	INTMEM:b4	READ
CODE:6e83	CODE:6e88	CONDITIONAL_JUMP
CODE:6e85	CODE:a313	UNCONDITIONAL_CALL
CODE:6e8a	INTMEM:b4	READ
CODE:6e8e	CODE:6e93	CONDITIONAL_JUMP
CODE:6e90	CODE:4b5e	UNCONDITIONAL_CALL
CODE:6e95	INTMEM:b4	READ
CODE:6e99	CODE:6e9e	CONDITIONAL_JUMP
CODE:6e9b	CODE:a6bb	UNCONDITIONAL_CALL
CODE:6ea0	INTMEM:b4	READ
CODE:6ea4	CODE:6ea9	CONDITIONAL_JUMP
CODE:6ea6	CODE:8e33	UNCONDITIONAL_CALL
CODE:6eab	INTMEM:b4	READ
CODE:6eaf	CODE:6ebb	CONDITIONAL_JUMP
CODE:6eb2	CODE:6ebb	CONDITIONAL_JUMP
CODE:6eb5	CODE:a3ef	UNCONDITIONAL_CALL
CODE:6eb8	CODE:101e	UNCONDITIONAL_CALL
CODE:6ec2	EXTMEM:0448	WRITE
CODE:6ec4	CODE:1dad	UNCONDITIONAL_CALL
CODE:6ed2	CODE:1da9	UNCONDITIONAL_CALL
CODE:6ed5	CODE:1d56	UNCONDITIONAL_CALL
CODE:6ed8	CODE:1da9	UNCONDITIONAL_CALL
CODE:6ee6	CODE:1da9	UNCONDITIONAL_CALL
CODE:6ee9	CODE:1de3	UNCONDITIONAL_CALL
CODE:6ef2	CODE:6ec4	CONDITIONAL_JUMP
CODE:6ef6	CODE:9000	UNCONDITIONAL_CALL
CODE:6ef9	BITS:09	READ
CODE:6ef9	CODE:6f0a	CONDITIONAL_JUMP
CODE:6efc	BITS:09	WRITE
CODE:6f00	CODE:a6f1	UNCONDITIONAL_CALL
CODE:6f07	CODE:a638	UNCONDITIONAL_CALL
CODE:6f0c	CODE:9000	UNCONDITIONAL_CALL
CODE:6f11	INTMEM:b3	READ
CODE:6f17	CODE:8800	UNCONDITIONAL_CALL
CODE:6f1f	EXTMEM:059e	WRITE
CODE:6f23	EXTMEM:059f	WRITE
CODE:6f24	CODE:a7c3	UNCONDITIONAL_CALL
CODE:6f2b	EXTMEM:04aa	WRITE
CODE:6f2e	EXTMEM:04ab	WRITE
CODE:6f31	EXTMEM:04ac	WRITE
CODE:6f36	CODE:6f49	CONDITIONAL_JUMP
CODE:6f38	CODE:1086	UNCONDITIONAL_CALL
CODE:6f3f	EXTMEM:04ad	WRITE
CODE:6f42	EXTMEM:04ae	WRITE
CODE:6f47	CODE:6f58	UNCONDITIONAL_JUMP
CODE:6f49	CODE:108e	UNCONDITIONAL_CALL
CODE:6f50	EXTMEM:04ad	WRITE
CODE:6f53	EXTMEM:04ae	WRITE
CODE:6f5b	EXTMEM:04aa	READ
CODE:6f5e	EXTMEM:04ab	READ
CODE:6f5f	INTMEM:04	READ
CODE:6f67	EXTMEM:04ad	READ
CODE:6f6a	EXTMEM:04ae	READ
CODE:6f6e	CODE:a90e	UNCONDITIONAL_CALL
CODE:6f74	EXTMEM:04ad	READ
CODE:6f77	EXTMEM:04ae	READ
CODE:6f7f	INTMEM:07	READ
CODE:6f83	SFR:a3	WRITE
CODE:6f89	EXTMEM:04ac	READ
CODE:6f8f	CODE:aeaa	UNCONDITIONAL_CALL
CODE:6ffd	SFR:b9	READ_WRITE
CODE:7002	CODE:a607	UNCONDITIONAL_CALL
CODE:7005	CODE:700a	CONDITIONAL_JUMP
CODE:700c	CODE:a607	UNCONDITIONAL_CALL
CODE:700f	CODE:7014	CONDITIONAL_JUMP
CODE:7016	CODE:a60e	UNCONDITIONAL_CALL
CODE:7019	CODE:7027	CONDITIONAL_JUMP
CODE:701d	INTMEM:cd	READ
CODE:7020	CODE:7066	CONDITIONAL_JUMP
CODE:7022	CODE:a22f	UNCONDITIONAL_CALL
CODE:7025	CODE:7066	UNCONDITIONAL_JUMP
CODE:7029	CODE:a607	UNCONDITIONAL_CALL
CODE:702c	CODE:7036	CONDITIONAL_JUMP
CODE:7030	CODE:a64d	UNCONDITIONAL_CALL
CODE:7038	CODE:a68c	UNCONDITIONAL_CALL
CODE:703b	CODE:705c	CONDITIONAL_JUMP
CODE:703d	CODE:a22f	UNCONDITIONAL_CALL
CODE:7042	INTMEM:cd	READ
CODE:7045	CODE:7052	CONDITIONAL_JUMP
CODE:7049	CODE:7057	CONDITIONAL_JUMP
CODE:704d	CODE:a23b	UNCONDITIONAL_CALL
CODE:7050	CODE:7066	UNCONDITIONAL_JUMP
CODE:7054	CODE:a223	UNCONDITIONAL_CALL
CODE:7057	CODE:a3cf	UNCONDITIONAL_CALL
CODE:705a	CODE:7066	UNCONDITIONAL_JUMP
CODE:705e	CODE:a607	UNCONDITIONAL_CALL
CODE:7061	CODE:7066	CONDITIONAL_JUMP
CODE:7069	CODE:82b0	UNCONDITIONAL_CALL
CODE:706f	CODE:70d0	CONDITIONAL_JUMP
CODE:7071	CODE:a5f2	UNCONDITIONAL_CALL
CODE:7078	EXTMEM:04a3	WRITE
CODE:707b	EXTMEM:04a4	WRITE
CODE:707d	CODE:70d0	CONDITIONAL_JUMP
CODE:707f	CODE:a12c	UNCONDITIONAL_CALL
CODE:7082	INTMEM:07	READ
CODE:7084	INTMEM:06	READ
CODE:708a	CODE:a9e2	UNCONDITIONAL_CALL
CODE:7091	EXTMEM:04a5	WRITE
CODE:7094	EXTMEM:04a6	WRITE
CODE:7097	INTMEM:b3	READ
CODE:70a2	CODE:70cb	CONDITIONAL_JUMP
CODE:70a7	EXTMEM:04a5	READ
CODE:70aa	EXTMEM:04a6	READ
CODE:70b3	CODE:82ca	UNCONDITIONAL_CALL
CODE:70b6	CODE:70d0	CONDITIONAL_JUMP
CODE:70bb	EXTMEM:04a6	READ
CODE:70c1	EXTMEM:04a5	READ
CODE:70c4	CODE:82ca	UNCONDITIONAL_CALL
CODE:70c7	CODE:70d0	CONDITIONAL_JUMP
CODE:70c9	CODE:70cb	UNCONDITIONAL_JUMP
CODE:70cd	CODE:a646	UNCONDITIONAL_CALL
CODE:70d1	CODE:a467	UNCONDITIONAL_CALL
CODE:70d8	EXTMEM:04a4	WRITE
CODE:70da	EXTMEM:04a5	WRITE
CODE:70dd	INTMEM:b2	READ
CODE:70e0	CODE:711a	CONDITIONAL_JUMP
CODE:70e4	INTMEM:b4	READ
CODE:70e6	CODE:7129	CONDITIONAL_JUMP
CODE:70ea	INTMEM:b5	READ
CODE:70ef	EXTMEM:04a6	WRITE
CODE:70f4	EXTMEM:04a7	WRITE
CODE:70f7	EXTMEM:04a8	WRITE
CODE:7102	EXTMEM:04d6	WRITE
CODE:7105	EXTMEM:04d7	WRITE
CODE:7106	CODE:87aa	UNCONDITIONAL_CALL
CODE:710c	EXTMEM:04a6	READ
CODE:7112	EXTMEM:04a5	WRITE
CODE:7113	INTMEM:06	READ
CODE:7115	CODE:a0cb	UNCONDITIONAL_CALL
CODE:7118	CODE:7129	UNCONDITIONAL_JUMP
CODE:711c	CODE:a60e	UNCONDITIONAL_CALL
CODE:711f	CODE:7129	CONDITIONAL_JUMP
CODE:7121	CODE:a3c4	UNCONDITIONAL_CALL
CODE:7128	EXTMEM:04a5	WRITE
CODE:712c	EXTMEM:04a5	READ
CODE:7131	EXTMEM:04a4	READ
CODE:7133	CODE:7138	CONDITIONAL_JUMP
CODE:7135	CODE:9dcd	UNCONDITIONAL_CALL
CODE:71a4	EXTMEM:04a8	WRITE
CODE:71a6	CODE:7206	CONDITIONAL_JUMP
CODE:71a8	EXTMEM:04a8	READ
CODE:71ab	CODE:71cb	CONDITIONAL_JUMP
CODE:71ae	CODE:71df	CONDITIONAL_JUMP
CODE:71b2	CODE:71fe	CONDITIONAL_JUMP
CODE:71b6	INTMEM:cc	READ
CODE:71b9	CODE:71c0	CONDITIONAL_JUMP
CODE:71bd	CODE:9ba3	UNCONDITIONAL_CALL
CODE:71c0	CODE:a485	UNCONDITIONAL_CALL
CODE:71c3	CODE:a22f	UNCONDITIONAL_CALL
CODE:71c6	CODE:a3cf	UNCONDITIONAL_CALL
CODE:71c9	CODE:71da	UNCONDITIONAL_JUMP
CODE:71cd	CODE:9023	UNCONDITIONAL_CALL
CODE:71d2	CODE:a0cb	UNCONDITIONAL_CALL
CODE:71d7	CODE:a247	UNCONDITIONAL_CALL
CODE:71da	CODE:a16d	UNCONDITIONAL_CALL
CODE:71dd	CODE:71fe	UNCONDITIONAL_JUMP
CODE:71df	CODE:a22f	UNCONDITIONAL_CALL
CODE:71e4	CODE:9ba3	UNCONDITIONAL_CALL
CODE:71e9	CODE:a607	UNCONDITIONAL_CALL
CODE:71ec	CODE:71fe	CONDITIONAL_JUMP
CODE:71f3	EXTMEM:04a8	WRITE
CODE:71f6	CODE:a63f	UNCONDITIONAL_CALL
CODE:71fb	CODE:9023	UNCONDITIONAL_CALL
CODE:7201	EXTMEM:04a8	READ
CODE:7203	CODE:a0bd	UNCONDITIONAL_CALL
CODE:720b	EXTMEM:04c2	WRITE
CODE:720e	EXTMEM:04c3	WRITE
CODE:7212	EXTMEM:05df	READ
CODE:7213	CODE:7265	CONDITIONAL_JUMP
CODE:7218	EXTMEM:04c2	READ
CODE:7219	CODE:722d	CONDITIONAL_JUMP
CODE:721d	CODE:9137	UNCONDITIONAL_CALL
CODE:7223	EXTMEM:05df	READ
CODE:7225	EXTMEM:05df	WRITE
CODE:722a	EXTMEM:04c2	WRITE
CODE:722b	CODE:720f	UNCONDITIONAL_JUMP
CODE:7230	EXTMEM:05df	READ
CODE:7231	CODE:720f	CONDITIONAL_JUMP
CODE:7236	EXTMEM:04c3	READ
CODE:7237	CODE:724b	CONDITIONAL_JUMP
CODE:7239	CODE:549d	UNCONDITIONAL_CALL
CODE:723c	CODE:724b	CONDITIONAL_JUMP
CODE:7244	EXTMEM:04c2	WRITE
CODE:7248	EXTMEM:05df	READ
CODE:724a	EXTMEM:05df	WRITE
CODE:724f	EXTMEM:04c3	WRITE
CODE:7250	CODE:549d	UNCONDITIONAL_CALL
CODE:7254	CODE:9137	UNCONDITIONAL_CALL
CODE:725a	CODE:53f3	UNCONDITIONAL_CALL
CODE:7260	EXTMEM:05df	READ
CODE:7262	EXTMEM:05df	WRITE
CODE:7263	CODE:720f	UNCONDITIONAL_JUMP
CODE:7265	CODE:a7a4	UNCONDITIONAL_CALL
CODE:726a	CODE:8bc8	UNCONDITIONAL_CALL
CODE:7271	EXTMEM:04ad	WRITE
CODE:7273	CODE:72d2	CONDITIONAL_JUMP
CODE:7277	EXTMEM:04ad	READ
CODE:727b	CODE:97b3	UNCONDITIONAL_CALL
CODE:7281	EXTMEM:04ad	READ
CODE:7284	CODE:7295	CONDITIONAL_JUMP
CODE:7287	CODE:72a2	CONDITIONAL_JUMP
CODE:728a	CODE:72b8	CONDITIONAL_JUMP
CODE:728e	CODE:72ca	CONDITIONAL_JUMP
CODE:7290	CODE:8b72	UNCONDITIONAL_CALL
CODE:7293	CODE:72ca	UNCONDITIONAL_JUMP
CODE:7295	CODE:a6b5	UNCONDITIONAL_CALL
CODE:7298	CODE:9645	UNCONDITIONAL_CALL
CODE:729d	CODE:a7de	UNCONDITIONAL_CALL
CODE:72a0	CODE:72ca	UNCONDITIONAL_JUMP
CODE:72a2	CODE:1026	UNCONDITIONAL_CALL
CODE:72a7	INTMEM:b3	READ
CODE:72b3	CODE:666b	UNCONDITIONAL_CALL
CODE:72b6	CODE:72ca	UNCONDITIONAL_JUMP
CODE:72b8	CODE:9864	UNCONDITIONAL_CALL
CODE:72be	EXTMEM:0af4	READ
CODE:72bf	CODE:72ca	CONDITIONAL_JUMP
CODE:72c4	EXTMEM:0af2	READ
CODE:72c5	CODE:72ca	CONDITIONAL_JUMP
CODE:72c7	CODE:84ad	UNCONDITIONAL_CALL
CODE:72cd	EXTMEM:04ad	READ
CODE:72cf	CODE:a52a	UNCONDITIONAL_CALL
CODE:72d5	CODE:a340	UNCONDITIONAL_CALL
CODE:72d8	BITS:0c	WRITE
CODE:72da	CODE:9d85	UNCONDITIONAL_CALL
CODE:72e0	BITS:0c	READ
CODE:72e0	CODE:72ec	CONDITIONAL_JUMP
CODE:72e3	CODE:adc3	UNCONDITIONAL_CALL
CODE:72e7	INTMEM:66	READ
CODE:72ea	CODE:72f3	UNCONDITIONAL_JUMP
CODE:72ec	CODE:adc3	UNCONDITIONAL_CALL
CODE:72f6	CODE:adc3	UNCONDITIONAL_CALL
CODE:72fd	BITS:0c	READ
CODE:72fd	CODE:7335	CONDITIONAL_JUMP
CODE:7303	CODE:adc3	UNCONDITIONAL_CALL
CODE:7306	BITS:80	READ
CODE:7306	CODE:7309	CONDITIONAL_JUMP
CODE:7311	INTMEM:03	READ
CODE:7313	INTMEM:02	READ
CODE:7315	INTMEM:01	READ
CODE:7317	CODE:ad03	UNCONDITIONAL_CALL
CODE:731a	INTMEM:07	READ
CODE:731e	INTMEM:b3	READ
CODE:7324	INTMEM:07	WRITE
CODE:7326	CODE:acbf	UNCONDITIONAL_CALL
CODE:7329	INTMEM:01	WRITE
CODE:732b	INTMEM:02	WRITE
CODE:732d	INTMEM:03	WRITE
CODE:732f	CODE:ad23	UNCONDITIONAL_CALL
CODE:733a	CODE:974d	UNCONDITIONAL_CALL
CODE:733d	CODE:4739	UNCONDITIONAL_CALL
CODE:7349	CODE:7344	CONDITIONAL_JUMP
CODE:734e	CODE:7393	CONDITIONAL_JUMP
CODE:7350	CODE:a146	UNCONDITIONAL_CALL
CODE:7355	CODE:7391	CONDITIONAL_JUMP
CODE:7359	CODE:974d	UNCONDITIONAL_CALL
CODE:735f	CODE:ae2a	UNCONDITIONAL_CALL
CODE:7362	CODE:ad03	UNCONDITIONAL_CALL
CODE:7367	CODE:acdd	UNCONDITIONAL_CALL
CODE:736a	CODE:737a	CONDITIONAL_JUMP
CODE:736d	CODE:737a	CONDITIONAL_JUMP
CODE:7372	INTMEM:b3	READ
CODE:7378	CODE:7385	UNCONDITIONAL_JUMP
CODE:737c	INTMEM:b3	READ
CODE:7382	CODE:8229	UNCONDITIONAL_CALL
CODE:7388	CODE:4696	UNCONDITIONAL_CALL
CODE:7393	CODE:8229	UNCONDITIONAL_CALL
CODE:739c	EXTMEM:04a4	WRITE
CODE:739d	CODE:a34b	UNCONDITIONAL_CALL
CODE:73a3	EXTMEM:04a4	READ
CODE:73a6	CODE:73bf	CONDITIONAL_JUMP
CODE:73a9	CODE:73dc	CONDITIONAL_JUMP
CODE:73ad	CODE:73f6	CONDITIONAL_JUMP
CODE:73af	CODE:33d6	UNCONDITIONAL_CALL
CODE:73b5	CODE:33e2	UNCONDITIONAL_CALL
CODE:73b8	CODE:3437	UNCONDITIONAL_CALL
CODE:73bd	CODE:73f3	UNCONDITIONAL_JUMP
CODE:73bf	CODE:33d6	UNCONDITIONAL_CALL
CODE:73c5	CODE:33e2	UNCONDITIONAL_CALL
CODE:73c8	CODE:3437	UNCONDITIONAL_CALL
CODE:73cd	CODE:a99c	UNCONDITIONAL_CALL
CODE:73d2	INTMEM:b3	READ
CODE:73d3	CODE:73f6	CONDITIONAL_JUMP
CODE:73da	EXTMEM:205a	WRITE
CODE:73de	INTMEM:b3	READ
CODE:73df	CODE:73f6	CONDITIONAL_JUMP
CODE:73e7	EXTMEM:205a	WRITE
CODE:73e8	CODE:33d6	UNCONDITIONAL_CALL
CODE:73ee	CODE:33e2	UNCONDITIONAL_CALL
CODE:73f3	CODE:a99c	UNCONDITIONAL_CALL
CODE:73f7	CODE:3caa	UNCONDITIONAL_CALL
CODE:73fc	INTMEM:b2	READ
CODE:73fd	CODE:ae53	UNCONDITIONAL_CALL
CODE:73fd	CODE:7439	COMPUTED_JUMP
CODE:73fd	CODE:7436	COMPUTED_JUMP
CODE:73fd	CODE:7433	COMPUTED_JUMP
CODE:73fd	CODE:7430	COMPUTED_JUMP
CODE:73fd	CODE:7428	COMPUTED_JUMP
CODE:73fd	CODE:743c	COMPUTED_JUMP
CODE:73fd	CODE:742d	COMPUTED_JUMP
CODE:73fd	CODE:7451	COMPUTED_JUMP
CODE:73fd	CODE:742a	COMPUTED_JUMP
CODE:73fd	CODE:743f	COMPUTED_JUMP
CODE:73fd	CODE:7454	COMPUTED_JUMP
CODE:7428	CODE:744e	UNCONDITIONAL_JUMP
CODE:742a	CODE:6e51	UNCONDITIONAL_CALL
CODE:742d	CODE:96e5	UNCONDITIONAL_CALL
CODE:7430	CODE:a775	UNCONDITIONAL_CALL
CODE:7433	CODE:8f3f	UNCONDITIONAL_CALL
CODE:7436	CODE:4920	UNCONDITIONAL_CALL
CODE:7439	CODE:94cc	UNCONDITIONAL_CALL
CODE:743c	CODE:a313	UNCONDITIONAL_CALL
CODE:743f	BITS:02	READ
CODE:743f	CODE:7448	CONDITIONAL_JUMP
CODE:7442	CODE:4920	UNCONDITIONAL_CALL
CODE:7445	CODE:8f3f	UNCONDITIONAL_CALL
CODE:7448	CODE:94cc	UNCONDITIONAL_CALL
CODE:744b	CODE:a313	UNCONDITIONAL_CALL
CODE:744e	CODE:4b5e	UNCONDITIONAL_CALL
CODE:7451	CODE:a6bb	UNCONDITIONAL_CALL
CODE:74b5	INTMEM:b2	READ
CODE:74b8	CODE:74f3	CONDITIONAL_JUMP
CODE:74bc	CODE:750b	CONDITIONAL_JUMP
CODE:74c0	INTMEM:b4	READ
CODE:74c3	CODE:74e0	CONDITIONAL_JUMP
CODE:74c7	CODE:74e8	CONDITIONAL_JUMP
CODE:74cb	CODE:74f0	CONDITIONAL_JUMP
CODE:74cf	CODE:9ba3	UNCONDITIONAL_CALL
CODE:74d2	CODE:a757	UNCONDITIONAL_CALL
CODE:74d5	CODE:a763	UNCONDITIONAL_CALL
CODE:74d8	CODE:a7ae	UNCONDITIONAL_CALL
CODE:74db	CODE:a29b	UNCONDITIONAL_CALL
CODE:74de	CODE:750b	UNCONDITIONAL_JUMP
CODE:74e0	CODE:a153	UNCONDITIONAL_CALL
CODE:74e3	CODE:750b	CONDITIONAL_JUMP
CODE:74e8	CODE:a153	UNCONDITIONAL_CALL
CODE:74eb	CODE:750b	CONDITIONAL_JUMP
CODE:74f5	INTMEM:b4	READ
CODE:74f8	CODE:7508	CONDITIONAL_JUMP
CODE:74fc	CODE:750b	CONDITIONAL_JUMP
CODE:74fe	CODE:a595	UNCONDITIONAL_CALL
CODE:7504	CODE:750d	CONDITIONAL_JUMP
CODE:7512	EXTMEM:04a5	WRITE
CODE:7513	CODE:a000	UNCONDITIONAL_CALL
CODE:7516	CODE:7567	CONDITIONAL_JUMP
CODE:751b	EXTMEM:04a5	READ
CODE:751d	CODE:82bd	UNCONDITIONAL_CALL
CODE:7521	EXTMEM:04a5	WRITE
CODE:7524	INTMEM:07	READ
CODE:7524	INTMEM:a7	WRITE
CODE:752a	CODE:a638	UNCONDITIONAL_CALL
CODE:7530	EXTMEM:04a5	READ
CODE:7532	CODE:a0a1	UNCONDITIONAL_CALL
CODE:7539	EXTMEM:04a6	WRITE
CODE:753c	EXTMEM:04a7	WRITE
CODE:7540	EXTMEM:04a5	READ
CODE:7542	CODE:a0af	UNCONDITIONAL_CALL
CODE:7545	INTMEM:07	READ
CODE:7547	INTMEM:06	READ
CODE:754c	EXTMEM:04a6	READ
CODE:754f	EXTMEM:04a7	READ
CODE:7551	CODE:93fa	UNCONDITIONAL_CALL
CODE:7554	BITS:0d	READ
CODE:7554	CODE:7567	CONDITIONAL_JUMP
CODE:755a	EXTMEM:04a6	READ
CODE:755d	EXTMEM:04a7	READ
CODE:755f	CODE:6ba4	UNCONDITIONAL_CALL
CODE:7564	CODE:9fe9	UNCONDITIONAL_CALL
CODE:756b	CODE:aeac	UNCONDITIONAL_CALL
CODE:7570	CODE:a62a	UNCONDITIONAL_CALL
CODE:7576	CODE:ae2a	UNCONDITIONAL_CALL
CODE:7579	CODE:a631	UNCONDITIONAL_CALL
CODE:757f	CODE:ae2a	UNCONDITIONAL_CALL
CODE:7582	INTMEM:08	READ
CODE:7585	INTMEM:09	READ
CODE:758a	CODE:a769	UNCONDITIONAL_CALL
CODE:7590	INTMEM:cf	WRITE
CODE:7592	INTMEM:d0	WRITE
CODE:7593	SFR:c6	WRITE
CODE:7596	SFR:ce	WRITE
CODE:7599	SFR:d6	WRITE
CODE:759c	INTMEM:08	READ
CODE:759f	INTMEM:09	READ
CODE:75a7	CODE:b9ce	DATA
CODE:75a8	SFR:e6	WRITE
CODE:75ae	CODE:b9d1	DATA
CODE:75af	SFR:cf	WRITE
CODE:75b1	CODE:a20b	UNCONDITIONAL_CALL
CODE:75b4	SFR:d7	WRITE
CODE:75b7	CODE:a449	UNCONDITIONAL_CALL
CODE:75bd	CODE:aeac	UNCONDITIONAL_CALL
CODE:75cd	INTMEM:00	READ
CODE:75cf	INTMEM:01	READ
CODE:75d1	INTMEM:02	READ
CODE:75d3	INTMEM:03	READ
CODE:75d5	INTMEM:04	READ
CODE:75d7	INTMEM:05	READ
CODE:75d9	INTMEM:06	READ
CODE:75db	INTMEM:07	READ
CODE:75df	INTMEM:b9	WRITE
CODE:75e4	EXTMEM:2265	READ
CODE:75e8	EXTMEM:03ec	WRITE
CODE:75f0	CODE:355d	UNCONDITIONAL_CALL
CODE:75f7	EXTMEM:2265	WRITE
CODE:75f8	CODE:64a1	UNCONDITIONAL_CALL
CODE:75fb	INTMEM:07	WRITE
CODE:75fd	INTMEM:06	WRITE
CODE:75ff	INTMEM:05	WRITE
CODE:7601	INTMEM:04	WRITE
CODE:7603	INTMEM:03	WRITE
CODE:7605	INTMEM:02	WRITE
CODE:7607	INTMEM:01	WRITE
CODE:7609	INTMEM:00	WRITE
CODE:7618	INTMEM:c9	READ
CODE:761d	EXTMEM:04ac	WRITE
CODE:7620	INTMEM:b3	READ
CODE:7624	CODE:b831	DATA
CODE:7628	INTMEM:c9	WRITE
CODE:7629	BITS:0c	READ
CODE:7629	CODE:764b	CONDITIONAL_JUMP
CODE:762c	CODE:a6fd	UNCONDITIONAL_CALL
CODE:7633	CODE:b835	DATA
CODE:7637	INTMEM:b3	READ
CODE:763c	CODE:7640	UNCONDITIONAL_JUMP
CODE:7640	CODE:763e	CONDITIONAL_JUMP
CODE:7644	INTMEM:c9	READ
CODE:7645	INTMEM:c9	WRITE
CODE:7646	CODE:1006	UNCONDITIONAL_CALL
CODE:7649	CODE:764d	UNCONDITIONAL_JUMP
CODE:764b	BITS:09	WRITE
CODE:764f	BITS:0c	READ
CODE:764f	CODE:7658	CONDITIONAL_JUMP
CODE:7656	CODE:765c	UNCONDITIONAL_JUMP
CODE:765c	CODE:87aa	UNCONDITIONAL_CALL
CODE:7662	EXTMEM:04ac	READ
CODE:7665	INTMEM:c9	READ
CODE:7667	CODE:766a	CONDITIONAL_JUMP
CODE:766f	EXTMEM:04b2	WRITE
CODE:7672	EXTMEM:04b3	WRITE
CODE:7673	CODE:a521	UNCONDITIONAL_CALL
CODE:7676	CODE:768f	CONDITIONAL_JUMP
CODE:7679	CODE:1ec0	UNCONDITIONAL_CALL
CODE:7680	CODE:a9d0	UNCONDITIONAL_CALL
CODE:7684	CODE:a9e2	UNCONDITIONAL_CALL
CODE:768b	EXTMEM:04b2	WRITE
CODE:768e	EXTMEM:04b3	WRITE
CODE:768f	CODE:1ec0	UNCONDITIONAL_CALL
CODE:7698	CODE:76a6	CONDITIONAL_JUMP
CODE:769f	EXTMEM:04b2	WRITE
CODE:76a3	EXTMEM:04b3	WRITE
CODE:76a4	CODE:76b9	UNCONDITIONAL_JUMP
CODE:76ad	CODE:76b9	CONDITIONAL_JUMP
CODE:76b4	EXTMEM:04b2	WRITE
CODE:76b8	EXTMEM:04b3	WRITE
CODE:76b9	CODE:1ec0	UNCONDITIONAL_CALL
CODE:76bc	CODE:9261	UNCONDITIONAL_CALL
CODE:76c2	EXTMEM:1011	READ
CODE:76c5	EXTMEM:1011	WRITE
CODE:76c6	EXTMEM:1011	READ
CODE:76c9	EXTMEM:1011	WRITE
CODE:76cd	EXTMEM:1010	READ
CODE:76d0	EXTMEM:1010	WRITE
CODE:76d1	EXTMEM:1010	READ
CODE:76d4	EXTMEM:1010	WRITE
CODE:76d8	INTMEM:cf	WRITE
CODE:76dd	EXTMEM:0723	READ
CODE:76f1	CODE:a94d	UNCONDITIONAL_CALL
CODE:76f4	SFR:c7	WRITE
CODE:770f	CODE:adf3	UNCONDITIONAL_CALL
CODE:7712	BITS:0c	WRITE
CODE:7716	CODE:7763	UNCONDITIONAL_CALL
CODE:771d	EXTMEM:04a3	WRITE
CODE:7720	EXTMEM:04a4	WRITE
CODE:7721	CODE:8ea7	UNCONDITIONAL_CALL
CODE:7728	EXTMEM:04a7	WRITE
CODE:7729	CODE:a584	UNCONDITIONAL_CALL
CODE:772c	CODE:7741	CONDITIONAL_JUMP
CODE:7731	EXTMEM:04a3	READ
CODE:7734	EXTMEM:04a4	READ
CODE:7737	EXTMEM:04a5	WRITE
CODE:773a	EXTMEM:04a6	WRITE
CODE:773c	EXTMEM:04a7	READ
CODE:773e	EXTMEM:04a8	WRITE
CODE:773f	CODE:7758	UNCONDITIONAL_JUMP
CODE:7741	BITS:0c	WRITE
CODE:7745	CODE:7763	UNCONDITIONAL_CALL
CODE:774c	EXTMEM:04a5	WRITE
CODE:774f	EXTMEM:04a6	WRITE
CODE:7750	CODE:8ea7	UNCONDITIONAL_CALL
CODE:7757	EXTMEM:04a8	WRITE
CODE:775b	EXTMEM:04a7	READ
CODE:775e	EXTMEM:04a8	READ
CODE:7760	CODE:870e	UNCONDITIONAL_CALL
CODE:7767	EXTMEM:04a9	WRITE
CODE:776c	EXTMEM:04ab	WRITE
CODE:776e	EXTMEM:04ac	WRITE
CODE:7771	INTMEM:b3	READ
CODE:777a	CODE:b9c2	DATA
CODE:777e	EXTMEM:04aa	WRITE
CODE:777f	BITS:0c	READ
CODE:777f	CODE:7789	CONDITIONAL_JUMP
CODE:7782	EXTMEM:04aa	READ
CODE:7784	CODE:91be	UNCONDITIONAL_CALL
CODE:7787	CODE:7793	UNCONDITIONAL_JUMP
CODE:778c	EXTMEM:04aa	READ
CODE:778e	BITS:0d	WRITE
CODE:7790	CODE:94ae	UNCONDITIONAL_CALL
CODE:7797	EXTMEM:04ab	WRITE
CODE:779a	EXTMEM:04ac	WRITE
CODE:779e	EXTMEM:04a9	READ
CODE:77a3	EXTMEM:04ab	READ
CODE:77a6	EXTMEM:04ac	READ
CODE:77a8	CODE:9b8f	UNCONDITIONAL_CALL
CODE:77ae	EXTMEM:04ab	READ
CODE:77b1	EXTMEM:04ac	READ
CODE:77c1	INTMEM:00	READ
CODE:77c3	INTMEM:01	READ
CODE:77c5	INTMEM:02	READ
CODE:77c7	INTMEM:03	READ
CODE:77c9	INTMEM:04	READ
CODE:77cb	INTMEM:05	READ
CODE:77cd	INTMEM:06	READ
CODE:77cf	INTMEM:07	READ
CODE:77d1	SFR:b8	WRITE
CODE:77d9	EXTMEM:0701	WRITE
CODE:77dd	EXTMEM:0702	WRITE
CODE:77e0	INTMEM:b9	WRITE
CODE:77e2	CODE:a833	UNCONDITIONAL_CALL
CODE:77e5	INTMEM:07	WRITE
CODE:77e7	INTMEM:06	WRITE
CODE:77e9	INTMEM:05	WRITE
CODE:77eb	INTMEM:04	WRITE
CODE:77ed	INTMEM:03	WRITE
CODE:77ef	INTMEM:02	WRITE
CODE:77f1	INTMEM:01	WRITE
CODE:77f3	INTMEM:00	WRITE
CODE:7802	CODE:974d	UNCONDITIONAL_CALL
CODE:7808	CODE:ae2a	UNCONDITIONAL_CALL
CODE:780b	CODE:8229	UNCONDITIONAL_CALL
CODE:7811	CODE:4736	UNCONDITIONAL_CALL
CODE:781d	CODE:7818	CONDITIONAL_JUMP
CODE:7822	CODE:784e	CONDITIONAL_JUMP
CODE:7824	CODE:a146	UNCONDITIONAL_CALL
CODE:7829	CODE:784c	CONDITIONAL_JUMP
CODE:782d	CODE:974d	UNCONDITIONAL_CALL
CODE:7830	CODE:ad03	UNCONDITIONAL_CALL
CODE:7835	CODE:acdd	UNCONDITIONAL_CALL
CODE:7838	CODE:784c	CONDITIONAL_JUMP
CODE:783b	CODE:784c	CONDITIONAL_JUMP
CODE:7840	CODE:974d	UNCONDITIONAL_CALL
CODE:7843	CODE:4699	UNCONDITIONAL_CALL
CODE:7849	CODE:ad61	UNCONDITIONAL_CALL
CODE:78a2	INTMEM:a4	WRITE
CODE:78a4	INTMEM:a5	WRITE
CODE:78a6	INTMEM:a6	WRITE
CODE:78aa	EXTMEM:0af0	READ
CODE:78ad	CODE:78b3	CONDITIONAL_JUMP
CODE:78b0	EXTMEM:0af1	READ
CODE:78b3	CODE:78ed	CONDITIONAL_JUMP
CODE:78b9	EXTMEM:0af2	WRITE
CODE:78bd	EXTMEM:0af4	WRITE
CODE:78c1	EXTMEM:0af3	WRITE
CODE:78c5	EXTMEM:0af5	WRITE
CODE:78c7	EXTMEM:0af6	WRITE
CODE:78c9	EXTMEM:0af7	WRITE
CODE:78cd	EXTMEM:0afa	WRITE
CODE:78cf	EXTMEM:0afb	WRITE
CODE:78d1	EXTMEM:0afc	WRITE
CODE:78d7	EXTMEM:0af8	WRITE
CODE:78db	EXTMEM:0af9	WRITE
CODE:78e0	EXTMEM:0afb	WRITE
CODE:78e2	EXTMEM:0afc	WRITE
CODE:78e8	EXTMEM:0af0	WRITE
CODE:78ec	EXTMEM:0af1	WRITE
CODE:78fb	INTMEM:00	READ
CODE:78fd	INTMEM:01	READ
CODE:78ff	INTMEM:02	READ
CODE:7901	INTMEM:03	READ
CODE:7903	INTMEM:04	READ
CODE:7905	INTMEM:05	READ
CODE:7907	INTMEM:06	READ
CODE:7909	INTMEM:07	READ
CODE:790b	SFR:b8	WRITE
CODE:7913	EXTMEM:0701	WRITE
CODE:7917	EXTMEM:0702	WRITE
CODE:791a	INTMEM:b9	WRITE
CODE:791c	CODE:a833	UNCONDITIONAL_CALL
CODE:791f	INTMEM:07	WRITE
CODE:7921	INTMEM:06	WRITE
CODE:7923	INTMEM:05	WRITE
CODE:7925	INTMEM:04	WRITE
CODE:7927	INTMEM:03	WRITE
CODE:7929	INTMEM:02	WRITE
CODE:792b	INTMEM:01	WRITE
CODE:792d	INTMEM:00	WRITE
CODE:793a	BITS:10	WRITE
CODE:793c	SFR:a3	WRITE
CODE:793f	SFR:85	WRITE
CODE:7943	SFR:a3	WRITE
CODE:7948	EXTMEM:0760	READ
CODE:794c	EXTMEM:04a1	WRITE
CODE:794e	CODE:795f	CONDITIONAL_JUMP
CODE:7951	CODE:7967	CONDITIONAL_JUMP
CODE:7955	CODE:7975	CONDITIONAL_JUMP
CODE:795c	EXTMEM:04a2	WRITE
CODE:795d	CODE:7975	UNCONDITIONAL_JUMP
CODE:7964	EXTMEM:04a2	WRITE
CODE:7965	CODE:7975	UNCONDITIONAL_JUMP
CODE:7967	CODE:a7b8	UNCONDITIONAL_CALL
CODE:796a	CODE:5db7	UNCONDITIONAL_CALL
CODE:796d	CODE:7972	CONDITIONAL_JUMP
CODE:796f	CODE:9e99	UNCONDITIONAL_CALL
CODE:7972	CODE:89b2	UNCONDITIONAL_CALL
CODE:7978	EXTMEM:04a1	READ
CODE:797b	EXTMEM:04a2	READ
CODE:797d	CODE:843b	UNCONDITIONAL_CALL
CODE:7980	CODE:104e	UNCONDITIONAL_CALL
CODE:7983	CODE:7945	UNCONDITIONAL_JUMP
CODE:7987	CODE:a68c	UNCONDITIONAL_CALL
CODE:798a	CODE:79be	CONDITIONAL_JUMP
CODE:798e	INTMEM:cc	READ
CODE:7991	CODE:79a9	CONDITIONAL_JUMP
CODE:7994	CODE:79ac	CONDITIONAL_JUMP
CODE:7998	INTMEM:cd	READ
CODE:799b	CODE:79a4	CONDITIONAL_JUMP
CODE:799e	CODE:79a4	CONDITIONAL_JUMP
CODE:79a2	CODE:79ac	CONDITIONAL_JUMP
CODE:79a6	CODE:9ba3	UNCONDITIONAL_CALL
CODE:79a9	CODE:58e1	UNCONDITIONAL_CALL
CODE:79ae	INTMEM:cd	READ
CODE:79af	CODE:79b9	CONDITIONAL_JUMP
CODE:79b4	CODE:a223	UNCONDITIONAL_CALL
CODE:79b7	CODE:79cd	UNCONDITIONAL_JUMP
CODE:79b9	CODE:a22f	UNCONDITIONAL_CALL
CODE:79bc	CODE:79cd	UNCONDITIONAL_JUMP
CODE:79c0	CODE:a607	UNCONDITIONAL_CALL
CODE:79c3	CODE:79cd	CONDITIONAL_JUMP
CODE:79c7	CODE:a64d	UNCONDITIONAL_CALL
CODE:79d4	EXTMEM:04c6	WRITE
CODE:79d7	EXTMEM:04c7	WRITE
CODE:79da	EXTMEM:04c8	WRITE
CODE:79dd	EXTMEM:04c9	WRITE
CODE:79e2	CODE:a3e8	UNCONDITIONAL_CALL
CODE:79e5	CODE:ad55	UNCONDITIONAL_CALL
CODE:79eb	EXTMEM:04c6	READ
CODE:79ee	EXTMEM:04c7	READ
CODE:79f3	CODE:aba2	UNCONDITIONAL_CALL
CODE:79f6	CODE:a3e5	UNCONDITIONAL_CALL
CODE:79f9	CODE:ad49	UNCONDITIONAL_CALL
CODE:7a1a	BITS:0a	WRITE
CODE:7a1c	BITS:0b	WRITE
CODE:7a1e	CODE:a1f3	UNCONDITIONAL_CALL
CODE:7a21	CODE:7a39	CONDITIONAL_JUMP
CODE:7a23	CODE:a335	UNCONDITIONAL_CALL
CODE:7a26	CODE:7a39	CONDITIONAL_JUMP
CODE:7a28	CODE:a6eb	UNCONDITIONAL_CALL
CODE:7a2e	CODE:7a37	CONDITIONAL_JUMP
CODE:7a31	CODE:7a39	CONDITIONAL_JUMP
CODE:7a33	BITS:0a	WRITE
CODE:7a35	CODE:7a39	UNCONDITIONAL_JUMP
CODE:7a37	BITS:0b	WRITE
CODE:7a39	BITS:0a	READ
CODE:7a3b	BITS:0c	WRITE
CODE:7a3f	CODE:7763	UNCONDITIONAL_CALL
CODE:7a46	EXTMEM:04a3	WRITE
CODE:7a49	EXTMEM:04a4	WRITE
CODE:7a4a	BITS:0b	READ
CODE:7a4c	BITS:0c	WRITE
CODE:7a50	CODE:7763	UNCONDITIONAL_CALL
CODE:7a53	INTMEM:07	READ
CODE:7a55	INTMEM:06	READ
CODE:7a5a	EXTMEM:04a3	READ
CODE:7a5d	EXTMEM:04a4	READ
CODE:7a5f	CODE:2800	UNCONDITIONAL_CALL
CODE:7a64	INTMEM:b3	READ
CODE:7a75	CODE:7aa8	CONDITIONAL_JUMP
CODE:7a83	CODE:959b	UNCONDITIONAL_CALL
CODE:7a88	INTMEM:b3	READ
CODE:7a8d	CODE:1e41	UNCONDITIONAL_CALL
CODE:7a90	CODE:10ae	UNCONDITIONAL_CALL
CODE:7a95	INTMEM:b3	READ
CODE:7aaf	EXTMEM:1000	WRITE
CODE:7ab3	EXTMEM:1001	WRITE
CODE:7ab7	EXTMEM:1002	WRITE
CODE:7ab9	SFR:80	WRITE
CODE:7abc	EXTMEM:1003	WRITE
CODE:7ac2	EXTMEM:1008	WRITE
CODE:7ac6	EXTMEM:1009	WRITE
CODE:7aca	EXTMEM:100a	WRITE
CODE:7acb	SFR:c8	WRITE
CODE:7ad0	EXTMEM:100b	WRITE
CODE:7ad5	EXTMEM:1010	WRITE
CODE:7ad9	EXTMEM:1011	WRITE
CODE:7add	EXTMEM:1012	WRITE
CODE:7adf	SFR:f8	WRITE
CODE:7ae2	EXTMEM:1013	WRITE
CODE:7ae3	BITS:cf	WRITE
CODE:7ae5	BITS:cd	WRITE
CODE:7ae7	BITS:85	WRITE
CODE:7ae9	BITS:c8	WRITE
CODE:7af0	EXTMEM:1016	WRITE
CODE:7af6	EXTMEM:04b4	WRITE
CODE:7af9	EXTMEM:04b5	WRITE
CODE:7afc	INTMEM:b3	READ
CODE:7b0e	CODE:a94d	UNCONDITIONAL_CALL
CODE:7b11	CODE:7b2a	CONDITIONAL_JUMP
CODE:7b16	CODE:a94d	UNCONDITIONAL_CALL
CODE:7b19	BITS:e0	DATA
CODE:7b19	CODE:7b2a	CONDITIONAL_JUMP
CODE:7b1f	EXTMEM:04b5	READ
CODE:7b22	EXTMEM:04b5	WRITE
CODE:7b26	EXTMEM:04b4	READ
CODE:7b29	EXTMEM:04b4	WRITE
CODE:7b2d	EXTMEM:04b4	READ
CODE:7b30	EXTMEM:04b5	READ
CODE:7b37	CODE:ab68	UNCONDITIONAL_CALL
CODE:7b3c	INTMEM:b2	READ
CODE:7b3f	CODE:7b7f	CONDITIONAL_JUMP
CODE:7b43	INTMEM:b4	READ
CODE:7b46	CODE:7b6d	CONDITIONAL_JUMP
CODE:7b4a	CODE:7b7f	CONDITIONAL_JUMP
CODE:7b4e	INTMEM:cd	READ
CODE:7b52	CODE:7b61	CONDITIONAL_JUMP
CODE:7b57	CODE:9ba3	UNCONDITIONAL_CALL
CODE:7b5c	CODE:a223	UNCONDITIONAL_CALL
CODE:7b5f	CODE:7b66	UNCONDITIONAL_JUMP
CODE:7b63	CODE:9ba3	UNCONDITIONAL_CALL
CODE:7b68	CODE:a0cb	UNCONDITIONAL_CALL
CODE:7b6b	CODE:7b7f	UNCONDITIONAL_JUMP
CODE:7b6f	INTMEM:cc	READ
CODE:7b70	CODE:7b7c	CONDITIONAL_JUMP
CODE:7b75	CODE:7b7c	CONDITIONAL_JUMP
CODE:7b79	CODE:a63f	UNCONDITIONAL_CALL
CODE:7b82	CODE:9f29	UNCONDITIONAL_CALL
CODE:7b88	CODE:6258	UNCONDITIONAL_CALL
CODE:7b8e	EXTMEM:04a4	WRITE
CODE:7b90	EXTMEM:04a5	WRITE
CODE:7b91	CODE:9cb7	UNCONDITIONAL_CALL
CODE:7b97	EXTMEM:04a4	READ
CODE:7b99	CODE:7bab	CONDITIONAL_JUMP
CODE:7b9c	CODE:7bb0	CONDITIONAL_JUMP
CODE:7b9f	CODE:7bb5	CONDITIONAL_JUMP
CODE:7ba2	CODE:7bba	CONDITIONAL_JUMP
CODE:7ba6	CODE:7bc2	CONDITIONAL_JUMP
CODE:7ba8	CODE:8ef3	UNCONDITIONAL_CALL
CODE:7bab	CODE:9c57	UNCONDITIONAL_CALL
CODE:7bae	CODE:7bbd	UNCONDITIONAL_JUMP
CODE:7bb0	CODE:2ed4	UNCONDITIONAL_CALL
CODE:7bb3	CODE:7bbd	UNCONDITIONAL_JUMP
CODE:7bb5	CODE:a103	UNCONDITIONAL_CALL
CODE:7bb8	CODE:7bbd	UNCONDITIONAL_JUMP
CODE:7bba	CODE:93db	UNCONDITIONAL_CALL
CODE:7bc1	EXTMEM:04a5	WRITE
CODE:7bc5	EXTMEM:04a5	READ
CODE:7bc7	CODE:6c92	UNCONDITIONAL_CALL
CODE:7bce	EXTMEM:04ae	WRITE
CODE:7bd1	CODE:7bda	CONDITIONAL_JUMP
CODE:7bd8	CODE:7bde	UNCONDITIONAL_JUMP
CODE:7bde	CODE:87aa	UNCONDITIONAL_CALL
CODE:7be4	EXTMEM:04ae	READ
CODE:7be7	BITS:0d	WRITE
CODE:7be9	CODE:9436	UNCONDITIONAL_CALL
CODE:7bee	INTMEM:b3	READ
CODE:7bf0	CODE:a139	UNCONDITIONAL_CALL
CODE:7bf3	CODE:7c10	CONDITIONAL_JUMP
CODE:7bf5	CODE:a521	UNCONDITIONAL_CALL
CODE:7bf8	CODE:7c10	CONDITIONAL_JUMP
CODE:7bfb	CODE:9bf3	UNCONDITIONAL_CALL
CODE:7bfe	CODE:7c10	CONDITIONAL_JUMP
CODE:7c06	CODE:87aa	UNCONDITIONAL_CALL
CODE:7c0d	CODE:a638	UNCONDITIONAL_CALL
CODE:7c17	EXTMEM:1012	READ
CODE:7c1a	EXTMEM:1012	WRITE
CODE:7c1b	BITS:f9	WRITE
CODE:7c57	CODE:50c8	UNCONDITIONAL_CALL
CODE:7c5a	CODE:a335	UNCONDITIONAL_CALL
CODE:7c5d	CODE:7c61	CONDITIONAL_JUMP
CODE:7c5f	CODE:7c83	UNCONDITIONAL_JUMP
CODE:7c63	INTMEM:cb	READ
CODE:7c68	CODE:7c77	CONDITIONAL_JUMP
CODE:7c6c	CODE:7c83	CONDITIONAL_JUMP
CODE:7c70	CODE:7c8d	CONDITIONAL_JUMP
CODE:7c72	CODE:50c8	UNCONDITIONAL_CALL
CODE:7c75	CODE:7c8d	UNCONDITIONAL_JUMP
CODE:7c7c	EXTMEM:04ae	WRITE
CODE:7c80	EXTMEM:04af	WRITE
CODE:7c81	CODE:7c8d	UNCONDITIONAL_JUMP
CODE:7c88	EXTMEM:04ae	WRITE
CODE:7c8c	EXTMEM:04af	WRITE
CODE:7c90	EXTMEM:04ae	READ
CODE:7c93	EXTMEM:04af	READ
CODE:7c99	CODE:a7c6	UNCONDITIONAL_CALL
CODE:7ccf	CODE:ab49	UNCONDITIONAL_CALL
CODE:7cd5	CODE:adf3	UNCONDITIONAL_CALL
CODE:7ce1	CODE:33d6	UNCONDITIONAL_CALL
CODE:7ce4	CODE:33ef	UNCONDITIONAL_CALL
CODE:7ce7	BITS:e6	DATA
CODE:7ce7	CODE:7cec	CONDITIONAL_JUMP
CODE:7cf0	CODE:9a23	UNCONDITIONAL_CALL
CODE:7cf5	CODE:343f	UNCONDITIONAL_CALL
CODE:7cfa	CODE:9c1b	UNCONDITIONAL_CALL
CODE:7cff	INTMEM:b3	READ
CODE:7d03	CODE:33f5	UNCONDITIONAL_CALL
CODE:7d08	CODE:33d6	UNCONDITIONAL_CALL
CODE:7d0e	CODE:33e2	UNCONDITIONAL_CALL
CODE:7d13	CODE:33d3	UNCONDITIONAL_CALL
CODE:7d16	CODE:33df	UNCONDITIONAL_CALL
CODE:7d1b	CODE:3439	UNCONDITIONAL_CALL
CODE:7d20	CODE:a99c	UNCONDITIONAL_CALL
CODE:7d25	SFR:b9	READ_WRITE
CODE:7d2a	CODE:7d48	CONDITIONAL_JUMP
CODE:7d2d	CODE:7d65	CONDITIONAL_JUMP
CODE:7d32	EXTMEM:203a	READ
CODE:7d35	EXTMEM:203a	WRITE
CODE:7d37	EXTMEM:203b	READ
CODE:7d3a	EXTMEM:203b	WRITE
CODE:7d3e	CODE:a47b	UNCONDITIONAL_CALL
CODE:7d45	EXTMEM:0763	WRITE
CODE:7d46	CODE:7d65	UNCONDITIONAL_JUMP
CODE:7d4b	EXTMEM:203a	READ
CODE:7d4e	EXTMEM:203a	WRITE
CODE:7d50	EXTMEM:203b	READ
CODE:7d53	EXTMEM:203b	WRITE
CODE:7d57	EXTMEM:2038	READ
CODE:7d5a	EXTMEM:2038	WRITE
CODE:7d5c	EXTMEM:2039	READ
CODE:7d5f	EXTMEM:2039	WRITE
CODE:7d64	EXTMEM:0764	WRITE
CODE:7d65	SFR:b9	READ_WRITE
CODE:7d75	EXTMEM:04d6	WRITE
CODE:7d78	EXTMEM:04d7	WRITE
CODE:7d7d	EXTMEM:04a6	READ
CODE:7d80	EXTMEM:04a7	READ
CODE:7da7	EXTMEM:04d8	WRITE
CODE:7daa	EXTMEM:04d9	WRITE
CODE:7dae	INTMEM:b2	READ
CODE:7db1	CODE:7dec	CONDITIONAL_JUMP
CODE:7db5	INTMEM:b4	READ
CODE:7db8	CODE:7de1	CONDITIONAL_JUMP
CODE:7dbb	CODE:7de4	CONDITIONAL_JUMP
CODE:7dbf	CODE:7dec	CONDITIONAL_JUMP
CODE:7dc3	INTMEM:cd	READ
CODE:7dc9	EXTMEM:04a8	WRITE
CODE:7dcc	CODE:a0cb	UNCONDITIONAL_CALL
CODE:7dd2	EXTMEM:04a8	READ
CODE:7dd3	CODE:7dda	CONDITIONAL_JUMP
CODE:7dd8	CODE:7ddc	UNCONDITIONAL_JUMP
CODE:7ddc	CODE:a223	UNCONDITIONAL_CALL
CODE:7ddf	CODE:7dec	UNCONDITIONAL_JUMP
CODE:7de6	CODE:9ba3	UNCONDITIONAL_CALL
CODE:7def	CODE:9f39	UNCONDITIONAL_CALL
CODE:7df2	CODE:6255	UNCONDITIONAL_CALL
CODE:7df8	EXTMEM:04a5	WRITE
CODE:7dfc	EXTMEM:04a4	WRITE
CODE:7dfd	CODE:9cb7	UNCONDITIONAL_CALL
CODE:7e03	EXTMEM:04a4	READ
CODE:7e05	CODE:7e15	CONDITIONAL_JUMP
CODE:7e09	CODE:7e1a	CONDITIONAL_JUMP
CODE:7e0c	CODE:7e1f	CONDITIONAL_JUMP
CODE:7e10	CODE:7e27	CONDITIONAL_JUMP
CODE:7e12	CODE:8f19	UNCONDITIONAL_CALL
CODE:7e15	CODE:a277	UNCONDITIONAL_CALL
CODE:7e18	CODE:7e22	UNCONDITIONAL_JUMP
CODE:7e1a	CODE:8de3	UNCONDITIONAL_CALL
CODE:7e1d	CODE:7e22	UNCONDITIONAL_JUMP
CODE:7e1f	CODE:8173	UNCONDITIONAL_CALL
CODE:7e26	EXTMEM:04a5	WRITE
CODE:7e2a	EXTMEM:04a4	READ
CODE:7e2d	EXTMEM:04a5	READ
CODE:7e2f	CODE:3800	UNCONDITIONAL_CALL
CODE:7eb6	CODE:a727	UNCONDITIONAL_CALL
CODE:7ebd	EXTMEM:04c4	WRITE
CODE:7ec0	CODE:a69a	UNCONDITIONAL_CALL
CODE:7ec3	CODE:7ecd	CONDITIONAL_JUMP
CODE:7eca	EXTMEM:04c4	WRITE
CODE:7ecb	CODE:7eef	UNCONDITIONAL_JUMP
CODE:7ed0	EXTMEM:04c4	READ
CODE:7ed3	CODE:7ee2	CONDITIONAL_JUMP
CODE:7ed7	CODE:7ee7	CONDITIONAL_JUMP
CODE:7edb	CODE:7eef	CONDITIONAL_JUMP
CODE:7edd	CODE:967b	UNCONDITIONAL_CALL
CODE:7ee0	CODE:7eea	UNCONDITIONAL_JUMP
CODE:7ee2	CODE:993c	UNCONDITIONAL_CALL
CODE:7ee5	CODE:7eea	UNCONDITIONAL_JUMP
CODE:7ee7	CODE:a0e7	UNCONDITIONAL_CALL
CODE:7eee	EXTMEM:04c4	WRITE
CODE:7ef2	EXTMEM:04c4	READ
CODE:7ef4	CODE:5e73	UNCONDITIONAL_CALL
CODE:7efb	EXTMEM:04a8	WRITE
CODE:7efe	EXTMEM:04a9	WRITE
CODE:7eff	CODE:9894	UNCONDITIONAL_CALL
CODE:7f05	CODE:ae2a	UNCONDITIONAL_CALL
CODE:7f0b	EXTMEM:04a8	READ
CODE:7f0d	CODE:aa99	UNCONDITIONAL_CALL
CODE:7f16	CODE:ab49	UNCONDITIONAL_CALL
CODE:7f1c	EXTMEM:04a9	READ
CODE:7f1f	CODE:4752	UNCONDITIONAL_CALL
CODE:7f35	CODE:95d5	UNCONDITIONAL_CALL
CODE:7f7e	CODE:7f86	CONDITIONAL_JUMP
CODE:7f80	CODE:4521	UNCONDITIONAL_CALL
CODE:7f8d	CODE:4521	UNCONDITIONAL_CALL
CODE:7f93	CODE:7fae	CONDITIONAL_JUMP
CODE:7f9a	INTMEM:05	READ
CODE:7f9a	CODE:7fa6	CONDITIONAL_JUMP
CODE:7f9e	CODE:7fb4	CONDITIONAL_JUMP
CODE:7fa0	CODE:44d1	UNCONDITIONAL_CALL
CODE:7fa3	CODE:7fb4	CONDITIONAL_JUMP
CODE:7fae	CODE:4521	UNCONDITIONAL_CALL
CODE:7fbb	EXTMEM:04a8	WRITE
CODE:7fbf	EXTMEM:04a9	WRITE
CODE:7fca	CODE:aa83	UNCONDITIONAL_CALL
CODE:7fda	CODE:7fe5	CONDITIONAL_JUMP
CODE:7fe6	CODE:7fea	CONDITIONAL_JUMP
CODE:7fee	CODE:7fc3	CONDITIONAL_JUMP
CODE:7ff5	CODE:3000	UNCONDITIONAL_CALL
CODE:7ffc	EXTMEM:059e	WRITE
CODE:7ffd	CODE:96cb	UNCONDITIONAL_CALL
CODE:8004	EXTMEM:0390	WRITE
CODE:8006	CODE:ae53	UNCONDITIONAL_CALL
CODE:8006	CODE:8025	COMPUTED_JUMP
CODE:8006	CODE:802c	COMPUTED_JUMP
CODE:802a	EXTMEM:0390	WRITE
CODE:8030	CODE:803e	CONDITIONAL_JUMP
CODE:8036	CODE:803e	CONDITIONAL_JUMP
CODE:803d	EXTMEM:0390	WRITE
CODE:8041	CODE:342b	UNCONDITIONAL_CALL
CODE:8045	CODE:807d	CONDITIONAL_JUMP
CODE:804a	CODE:3442	UNCONDITIONAL_CALL
CODE:804e	CODE:805d	CONDITIONAL_JUMP
CODE:8051	CODE:343f	UNCONDITIONAL_CALL
CODE:805a	CODE:957e	UNCONDITIONAL_CALL
CODE:805d	CODE:33e9	UNCONDITIONAL_CALL
CODE:8060	BITS:e3	DATA
CODE:8060	CODE:807a	CONDITIONAL_JUMP
CODE:8063	CODE:3472	UNCONDITIONAL_CALL
CODE:8066	CODE:33df	UNCONDITIONAL_CALL
CODE:806b	CODE:3439	UNCONDITIONAL_CALL
CODE:8070	CODE:a99c	UNCONDITIONAL_CALL
CODE:8077	CODE:957e	UNCONDITIONAL_CALL
CODE:807a	CODE:9cdd	UNCONDITIONAL_CALL
CODE:8080	INTMEM:b2	READ
CODE:8083	CODE:80ac	CONDITIONAL_JUMP
CODE:8086	CODE:80b9	CONDITIONAL_JUMP
CODE:808a	INTMEM:b4	READ
CODE:808d	CODE:809e	CONDITIONAL_JUMP
CODE:8090	CODE:80b9	CONDITIONAL_JUMP
CODE:8096	CODE:90d1	UNCONDITIONAL_CALL
CODE:8099	CODE:9832	UNCONDITIONAL_CALL
CODE:809c	CODE:80b9	UNCONDITIONAL_JUMP
CODE:80a2	CODE:9a0d	UNCONDITIONAL_CALL
CODE:80a7	CODE:80b9	CONDITIONAL_JUMP
CODE:80ae	INTMEM:b4	READ
CODE:80b1	CODE:80b6	CONDITIONAL_JUMP
CODE:80b4	CODE:80b9	CONDITIONAL_JUMP
CODE:80b6	CODE:a800	UNCONDITIONAL_CALL
CODE:80bc	CODE:9d61	UNCONDITIONAL_CALL
CODE:80bf	CODE:a934	UNCONDITIONAL_CALL
CODE:80c4	INTMEM:cb	WRITE
CODE:80c7	INTMEM:b3	READ
CODE:80c9	CODE:43f1	UNCONDITIONAL_CALL
CODE:80cf	INTMEM:ca	WRITE
CODE:80d3	CODE:4482	UNCONDITIONAL_CALL
CODE:80d9	INTMEM:cc	WRITE
CODE:80dc	INTMEM:b3	READ
CODE:80ee	INTMEM:cd	WRITE
CODE:80f3	CODE:b84d	DATA
CODE:80f6	BITS:02	WRITE
CODE:80fc	CODE:ae2a	UNCONDITIONAL_CALL
CODE:8101	INTMEM:b3	READ
CODE:8102	CODE:1e8d	UNCONDITIONAL_CALL
CODE:8109	CODE:a9e2	UNCONDITIONAL_CALL
CODE:8115	CODE:1f43	UNCONDITIONAL_CALL
CODE:8138	INTMEM:b2	READ
CODE:813b	CODE:8157	CONDITIONAL_JUMP
CODE:813f	INTMEM:b4	READ
CODE:8142	CODE:814f	CONDITIONAL_JUMP
CODE:8146	CODE:8170	CONDITIONAL_JUMP
CODE:814a	CODE:a63f	UNCONDITIONAL_CALL
CODE:814d	CODE:8170	UNCONDITIONAL_JUMP
CODE:8151	CODE:a63f	UNCONDITIONAL_CALL
CODE:8159	CODE:a68c	UNCONDITIONAL_CALL
CODE:815c	CODE:8170	CONDITIONAL_JUMP
CODE:8160	INTMEM:cc	READ
CODE:8161	CODE:8170	CONDITIONAL_JUMP
CODE:8166	INTMEM:b7	READ
CODE:8169	CODE:8170	CONDITIONAL_JUMP
CODE:816d	CODE:a223	UNCONDITIONAL_CALL
CODE:8175	INTMEM:ab	READ
CODE:8178	CODE:81ad	CONDITIONAL_JUMP
CODE:817c	INTMEM:ad	READ
CODE:8182	CODE:81aa	CONDITIONAL_JUMP
CODE:8187	CODE:6221	UNCONDITIONAL_CALL
CODE:818b	EXTMEM:0755	READ
CODE:818d	CODE:81ad	CONDITIONAL_JUMP
CODE:8192	CODE:6234	UNCONDITIONAL_CALL
CODE:8195	EXTMEM:0755	READ
CODE:8199	INTMEM:b0	READ
CODE:81a1	INTMEM:07	READ
CODE:81a1	CODE:81a7	CONDITIONAL_JUMP
CODE:81b2	INTMEM:b2	READ
CODE:81b5	CODE:81e0	CONDITIONAL_JUMP
CODE:81b9	INTMEM:b4	READ
CODE:81bc	CODE:81dd	CONDITIONAL_JUMP
CODE:81c0	CODE:81ea	CONDITIONAL_JUMP
CODE:81c2	CODE:a283	UNCONDITIONAL_CALL
CODE:81c5	CODE:81d3	CONDITIONAL_JUMP
CODE:81c8	CODE:9f59	UNCONDITIONAL_CALL
CODE:81cd	CODE:a73f	UNCONDITIONAL_CALL
CODE:81d7	CODE:9a23	UNCONDITIONAL_CALL
CODE:81e2	CODE:a607	UNCONDITIONAL_CALL
CODE:81e5	CODE:81ea	CONDITIONAL_JUMP
CODE:81f2	EXTMEM:04c2	WRITE
CODE:81f6	EXTMEM:04c3	WRITE
CODE:81fc	EXTMEM:059c	WRITE
CODE:8200	EXTMEM:059d	WRITE
CODE:8207	EXTMEM:059e	READ
CODE:8218	CODE:8223	CONDITIONAL_JUMP
CODE:821a	CODE:5469	UNCONDITIONAL_CALL
CODE:821d	EXTMEM:059e	READ
CODE:8221	CODE:8204	UNCONDITIONAL_JUMP
CODE:8223	CODE:5469	UNCONDITIONAL_CALL
CODE:8227	EXTMEM:059e	WRITE
CODE:8230	EXTMEM:203a	READ
CODE:8234	INTMEM:b3	READ
CODE:8238	CODE:b900	DATA
CODE:8240	EXTMEM:203a	WRITE
CODE:8244	EXTMEM:2038	READ
CODE:8246	EXTMEM:2038	WRITE
CODE:8247	CODE:33d6	UNCONDITIONAL_CALL
CODE:824d	CODE:a94d	UNCONDITIONAL_CALL
CODE:8256	CODE:a9ae	UNCONDITIONAL_CALL
CODE:8259	CODE:a335	UNCONDITIONAL_CALL
CODE:825c	CODE:8261	CONDITIONAL_JUMP
CODE:825e	CODE:9454	UNCONDITIONAL_CALL
CODE:8261	CODE:9472	UNCONDITIONAL_CALL
CODE:8265	INTMEM:07	READ
CODE:826b	EXTMEM:04a6	WRITE
CODE:826d	EXTMEM:04a7	WRITE
CODE:826f	EXTMEM:04a8	WRITE
CODE:8271	EXTMEM:04a9	WRITE
CODE:8275	EXTMEM:04a6	READ
CODE:8278	EXTMEM:04a6	WRITE
CODE:827b	EXTMEM:04a6	WRITE
CODE:8285	CODE:62ae	UNCONDITIONAL_CALL
CODE:828f	EXTMEM:04a6	WRITE
CODE:8293	EXTMEM:04a7	WRITE
CODE:8294	INTMEM:07	READ
CODE:8296	INTMEM:03	READ
CODE:829b	CODE:626d	UNCONDITIONAL_CALL
CODE:829e	CODE:908c	UNCONDITIONAL_CALL
CODE:82ad	CODE:a90e	UNCONDITIONAL_CALL
CODE:82b2	INTMEM:b3	READ
CODE:82bf	INTMEM:b3	READ
CODE:82ce	EXTMEM:04a4	READ
CODE:82d3	EXTMEM:04a3	READ
CODE:82d9	CODE:adf3	UNCONDITIONAL_CALL
CODE:82dc	BITS:0c	READ
CODE:82dc	CODE:82ed	CONDITIONAL_JUMP
CODE:82e1	INTMEM:b3	READ
CODE:82e3	CODE:507b	UNCONDITIONAL_CALL
CODE:82e9	CODE:82ed	CONDITIONAL_JUMP
CODE:82eb	CODE:82fc	UNCONDITIONAL_JUMP
CODE:82ed	BITS:0c	READ
CODE:82ed	CODE:8301	CONDITIONAL_JUMP
CODE:82f2	INTMEM:b3	READ
CODE:82f4	CODE:5088	UNCONDITIONAL_CALL
CODE:82fa	CODE:8301	CONDITIONAL_JUMP
CODE:82fc	CODE:9c91	UNCONDITIONAL_CALL
CODE:82ff	CODE:8306	UNCONDITIONAL_JUMP
CODE:8301	BITS:0d	WRITE
CODE:8303	CODE:9cca	UNCONDITIONAL_CALL
CODE:8306	CODE:919d	UNCONDITIONAL_CALL
CODE:830d	EXTMEM:04ad	WRITE
CODE:830e	CODE:7c57	UNCONDITIONAL_CALL
CODE:8314	EXTMEM:04ad	READ
CODE:831a	CODE:6c1b	UNCONDITIONAL_CALL
CODE:8320	EXTMEM:04ae	READ
CODE:8323	EXTMEM:04af	READ
CODE:8326	EXTMEM:04b0	READ
CODE:832c	CODE:a9ae	UNCONDITIONAL_CALL
CODE:8336	CODE:a934	UNCONDITIONAL_CALL
CODE:833b	CODE:a99c	UNCONDITIONAL_CALL
CODE:8340	CODE:a99c	UNCONDITIONAL_CALL
CODE:8345	CODE:a99c	UNCONDITIONAL_CALL
CODE:834a	CODE:a99c	UNCONDITIONAL_CALL
CODE:834f	CODE:a99c	UNCONDITIONAL_CALL
CODE:8354	INTMEM:b2	READ
CODE:8357	CODE:8380	CONDITIONAL_JUMP
CODE:835b	INTMEM:b4	READ
CODE:835d	CODE:8378	CONDITIONAL_JUMP
CODE:8361	CODE:836e	CONDITIONAL_JUMP
CODE:8365	CODE:836e	CONDITIONAL_JUMP
CODE:8369	CODE:837d	CONDITIONAL_JUMP
CODE:836e	CODE:a3a3	UNCONDITIONAL_CALL
CODE:8373	CODE:838c	CONDITIONAL_JUMP
CODE:8378	CODE:a7ae	UNCONDITIONAL_CALL
CODE:837b	CODE:838a	UNCONDITIONAL_JUMP
CODE:8382	CODE:a607	UNCONDITIONAL_CALL
CODE:8385	CODE:838a	CONDITIONAL_JUMP
CODE:8392	EXTMEM:2013	WRITE
CODE:8398	EXTMEM:2012	WRITE
CODE:839d	EXTMEM:203a	WRITE
CODE:839f	EXTMEM:203b	WRITE
CODE:83a3	EXTMEM:2038	WRITE
CODE:83a5	EXTMEM:2039	WRITE
CODE:83ab	EXTMEM:231e	WRITE
CODE:83af	EXTMEM:231f	WRITE
CODE:83b5	EXTMEM:2309	WRITE
CODE:83bb	EXTMEM:241e	WRITE
CODE:83bf	EXTMEM:241f	WRITE
CODE:83c5	EXTMEM:2409	WRITE
CODE:83cb	EXTMEM:06ed	READ
CODE:83cf	INTMEM:05	READ
CODE:83d7	EXTMEM:06ed	READ
CODE:83da	EXTMEM:06ee	READ
CODE:83f4	CODE:adf3	UNCONDITIONAL_CALL
CODE:8403	INTMEM:b2	READ
CODE:8406	CODE:8427	CONDITIONAL_JUMP
CODE:840a	CODE:8438	CONDITIONAL_JUMP
CODE:840e	INTMEM:b4	READ
CODE:8410	CODE:8438	CONDITIONAL_JUMP
CODE:8414	CODE:8424	CONDITIONAL_JUMP
CODE:8416	CODE:a739	UNCONDITIONAL_CALL
CODE:8419	CODE:8421	CONDITIONAL_JUMP
CODE:841e	CODE:a03c	UNCONDITIONAL_CALL
CODE:8429	INTMEM:b4	READ
CODE:842c	CODE:8435	CONDITIONAL_JUMP
CODE:8430	CODE:8438	CONDITIONAL_JUMP
CODE:843f	EXTMEM:04a3	WRITE
CODE:8441	CODE:8473	CONDITIONAL_JUMP
CODE:8443	EXTMEM:04a3	READ
CODE:8446	CODE:8460	CONDITIONAL_JUMP
CODE:8449	CODE:846b	CONDITIONAL_JUMP
CODE:844d	CODE:10a6	UNCONDITIONAL_CALL
CODE:8450	CODE:a5eb	UNCONDITIONAL_CALL
CODE:8453	CODE:6aab	UNCONDITIONAL_CALL
CODE:8456	CODE:9544	UNCONDITIONAL_CALL
CODE:845b	CODE:6ffc	UNCONDITIONAL_CALL
CODE:845e	CODE:846b	UNCONDITIONAL_JUMP
CODE:8468	CODE:666b	UNCONDITIONAL_CALL
CODE:846e	EXTMEM:04a3	READ
CODE:8472	EXTMEM:0760	WRITE
CODE:8476	CODE:ad3d	UNCONDITIONAL_CALL
CODE:8480	CODE:ad6d	UNCONDITIONAL_CALL
CODE:8485	INTMEM:a6	READ_WRITE
CODE:8486	INTMEM:a6	READ
CODE:8489	INTMEM:a6	WRITE
CODE:848c	INTMEM:a4	READ_WRITE
CODE:8490	INTMEM:a6	READ
CODE:8497	CODE:ade7	UNCONDITIONAL_CALL
CODE:849f	EXTMEM:0004	WRITE
CODE:84a5	CODE:ade7	UNCONDITIONAL_CALL
CODE:84ad	CODE:a335	UNCONDITIONAL_CALL
CODE:84b2	INTMEM:b3	READ
CODE:84b3	CODE:84c2	CONDITIONAL_JUMP
CODE:84c0	CODE:84cd	UNCONDITIONAL_JUMP
CODE:84cd	CODE:87aa	UNCONDITIONAL_CALL
CODE:84d0	CODE:9bf3	UNCONDITIONAL_CALL
CODE:84d3	CODE:84e1	CONDITIONAL_JUMP
CODE:84db	CODE:87aa	UNCONDITIONAL_CALL
CODE:84de	CODE:6406	UNCONDITIONAL_CALL
CODE:84e1	BITS:0d	WRITE
CODE:84e3	CODE:6c35	UNCONDITIONAL_CALL
CODE:84e6	INTMEM:07	READ
CODE:84e8	CODE:8000	UNCONDITIONAL_CALL
CODE:84ee	CODE:3401	UNCONDITIONAL_CALL
CODE:84f6	EXTMEM:0390	READ
CODE:84f7	CODE:8512	CONDITIONAL_JUMP
CODE:84f9	CODE:34e6	UNCONDITIONAL_CALL
CODE:84fc	EXTMEM:0390	READ
CODE:8500	CODE:8512	CONDITIONAL_JUMP
CODE:8506	CODE:850a	CONDITIONAL_JUMP
CODE:8508	CODE:8512	UNCONDITIONAL_JUMP
CODE:850d	CODE:3401	UNCONDITIONAL_CALL
CODE:8511	EXTMEM:0390	WRITE
CODE:8515	EXTMEM:0390	READ
CODE:8516	CODE:851e	CONDITIONAL_JUMP
CODE:8519	CODE:34e6	UNCONDITIONAL_CALL
CODE:851d	EXTMEM:0390	WRITE
CODE:8521	CODE:a60e	UNCONDITIONAL_CALL
CODE:8524	CODE:8530	CONDITIONAL_JUMP
CODE:8526	CODE:a6f7	UNCONDITIONAL_CALL
CODE:852c	CODE:854f	CONDITIONAL_JUMP
CODE:852e	CODE:8552	UNCONDITIONAL_JUMP
CODE:8532	CODE:a60e	UNCONDITIONAL_CALL
CODE:8535	CODE:853e	CONDITIONAL_JUMP
CODE:8537	CODE:a11f	UNCONDITIONAL_CALL
CODE:853a	CODE:854f	CONDITIONAL_JUMP
CODE:853c	CODE:8552	UNCONDITIONAL_JUMP
CODE:8540	CODE:a6a1	UNCONDITIONAL_CALL
CODE:8543	CODE:854f	CONDITIONAL_JUMP
CODE:8545	CODE:a6f7	UNCONDITIONAL_CALL
CODE:8549	CODE:854f	CONDITIONAL_JUMP
CODE:8552	CODE:a806	UNCONDITIONAL_CALL
CODE:855a	INTMEM:b2	READ
CODE:855d	CODE:8569	CONDITIONAL_JUMP
CODE:8561	INTMEM:b4	READ
CODE:8564	CODE:858e	CONDITIONAL_JUMP
CODE:856b	CODE:a6a1	UNCONDITIONAL_CALL
CODE:856e	CODE:8573	CONDITIONAL_JUMP
CODE:8575	CODE:a60e	UNCONDITIONAL_CALL
CODE:8578	CODE:858e	CONDITIONAL_JUMP
CODE:857c	INTMEM:cb	READ
CODE:857f	CODE:858b	CONDITIONAL_JUMP
CODE:8581	CODE:9a39	UNCONDITIONAL_CALL
CODE:8586	CODE:a03c	UNCONDITIONAL_CALL
CODE:8589	CODE:858e	UNCONDITIONAL_JUMP
CODE:8596	EXTMEM:04ac	WRITE
CODE:8597	CODE:9800	UNCONDITIONAL_CALL
CODE:859c	CODE:990c	UNCONDITIONAL_CALL
CODE:85a3	EXTMEM:04a8	WRITE
CODE:85a4	CODE:9cf0	UNCONDITIONAL_CALL
CODE:85a7	CODE:9894	UNCONDITIONAL_CALL
CODE:85ad	CODE:ae2a	UNCONDITIONAL_CALL
CODE:85b3	EXTMEM:04a8	READ
CODE:85b5	CODE:a824	UNCONDITIONAL_CALL
CODE:85bb	CODE:4758	UNCONDITIONAL_CALL
CODE:85c1	CODE:adf3	UNCONDITIONAL_CALL
CODE:85cb	INTMEM:b2	READ
CODE:85ce	CODE:85ef	CONDITIONAL_JUMP
CODE:85d2	INTMEM:b4	READ
CODE:85d5	CODE:85ea	CONDITIONAL_JUMP
CODE:85d9	CODE:85fe	CONDITIONAL_JUMP
CODE:85dd	CODE:9490	UNCONDITIONAL_CALL
CODE:85e0	CODE:a53c	UNCONDITIONAL_CALL
CODE:85e5	CODE:8600	CONDITIONAL_JUMP
CODE:85ea	CODE:a499	UNCONDITIONAL_CALL
CODE:85ed	CODE:85fe	UNCONDITIONAL_JUMP
CODE:85f1	CODE:a6a8	UNCONDITIONAL_CALL
CODE:85f4	CODE:85fe	CONDITIONAL_JUMP
CODE:85f6	CODE:a809	UNCONDITIONAL_CALL
CODE:85fb	CODE:a03c	UNCONDITIONAL_CALL
CODE:8603	INTMEM:b3	READ
CODE:8605	CODE:342d	UNCONDITIONAL_CALL
CODE:860a	CODE:8637	CONDITIONAL_JUMP
CODE:860f	CODE:342f	UNCONDITIONAL_CALL
CODE:8614	CODE:8630	CONDITIONAL_JUMP
CODE:8617	CODE:a377	UNCONDITIONAL_CALL
CODE:861a	CODE:33d6	UNCONDITIONAL_CALL
CODE:861d	CODE:33df	UNCONDITIONAL_CALL
CODE:8622	CODE:33d3	UNCONDITIONAL_CALL
CODE:8628	CODE:33e2	UNCONDITIONAL_CALL
CODE:862d	CODE:a99c	UNCONDITIONAL_CALL
CODE:8631	CODE:8637	CONDITIONAL_JUMP
CODE:8634	CODE:a53c	UNCONDITIONAL_CALL
CODE:863a	INTMEM:b2	READ
CODE:863d	CODE:8662	CONDITIONAL_JUMP
CODE:8641	INTMEM:b4	READ
CODE:8644	CODE:865c	CONDITIONAL_JUMP
CODE:8648	CODE:865c	CONDITIONAL_JUMP
CODE:864c	CODE:865f	CONDITIONAL_JUMP
CODE:8650	CODE:866c	CONDITIONAL_JUMP
CODE:8652	CODE:a65b	UNCONDITIONAL_CALL
CODE:8657	CODE:866e	CONDITIONAL_JUMP
CODE:8664	CODE:a607	UNCONDITIONAL_CALL
CODE:8667	CODE:866c	CONDITIONAL_JUMP
CODE:866f	CODE:a403	UNCONDITIONAL_CALL
CODE:8676	CODE:5062	UNCONDITIONAL_CALL
CODE:867c	EXTMEM:04a4	READ
CODE:867d	CODE:8681	CONDITIONAL_JUMP
CODE:8680	EXTMEM:04a5	READ
CODE:8681	CODE:86a4	CONDITIONAL_JUMP
CODE:8683	CODE:a335	UNCONDITIONAL_CALL
CODE:8686	CODE:8693	CONDITIONAL_JUMP
CODE:868b	EXTMEM:04a4	READ
CODE:868e	EXTMEM:04a5	READ
CODE:8690	CODE:6ba4	UNCONDITIONAL_CALL
CODE:8696	EXTMEM:04a4	READ
CODE:8699	EXTMEM:04a5	READ
CODE:869c	EXTMEM:04a6	READ
CODE:869f	EXTMEM:04a7	READ
CODE:86a1	CODE:a7c6	UNCONDITIONAL_CALL
CODE:86a8	CODE:ae2a	UNCONDITIONAL_CALL
CODE:86af	CODE:ab49	UNCONDITIONAL_CALL
CODE:86b6	CODE:86ce	CONDITIONAL_JUMP
CODE:86b8	CODE:a335	UNCONDITIONAL_CALL
CODE:86be	CODE:86c7	CONDITIONAL_JUMP
CODE:86c0	CODE:1e28	UNCONDITIONAL_CALL
CODE:86c7	CODE:1e28	UNCONDITIONAL_CALL
CODE:86d1	CODE:1e28	UNCONDITIONAL_CALL
CODE:86d6	CODE:a9ae	UNCONDITIONAL_CALL
CODE:86da	CODE:82bd	UNCONDITIONAL_CALL
CODE:86e1	EXTMEM:04a4	WRITE
CODE:86e2	BITS:0b	READ
CODE:86e2	CODE:86ec	CONDITIONAL_JUMP
CODE:86e5	EXTMEM:04a4	READ
CODE:86e7	EXTMEM:04a4	WRITE
CODE:86e8	BITS:0c	WRITE
CODE:86ea	CODE:86f4	UNCONDITIONAL_JUMP
CODE:86ef	EXTMEM:04a4	READ
CODE:86f1	EXTMEM:04a4	WRITE
CODE:86f2	BITS:0c	WRITE
CODE:86f7	EXTMEM:04a4	READ
CODE:86f9	CODE:a000	UNCONDITIONAL_CALL
CODE:86fc	CODE:870a	CONDITIONAL_JUMP
CODE:8701	EXTMEM:04a4	READ
CODE:8703	BITS:0c	READ
CODE:8705	BITS:0d	WRITE
CODE:8707	CODE:750e	UNCONDITIONAL_CALL
CODE:870a	CODE:9e49	UNCONDITIONAL_CALL
CODE:870e	INTMEM:05	READ
CODE:871c	EXTMEM:04a9	WRITE
CODE:871d	CODE:a085	UNCONDITIONAL_CALL
CODE:8720	INTMEM:02	READ
CODE:8722	INTMEM:01	READ
CODE:8724	EXTMEM:04a9	READ
CODE:8728	CODE:7f77	UNCONDITIONAL_CALL
CODE:872b	CODE:8741	CONDITIONAL_JUMP
CODE:8730	EXTMEM:04a9	READ
CODE:8733	INTMEM:a7	WRITE
CODE:8734	INTMEM:04	READ
CODE:8738	INTMEM:07	READ
CODE:8738	INTMEM:a9	WRITE
CODE:873e	CODE:a638	UNCONDITIONAL_CALL
CODE:8744	INTMEM:a4	READ
CODE:8745	CODE:8774	CONDITIONAL_JUMP
CODE:874a	CODE:8774	CONDITIONAL_JUMP
CODE:874d	INTMEM:a5	READ
CODE:8766	CODE:a90e	UNCONDITIONAL_CALL
CODE:876b	INTMEM:a5	READ_WRITE
CODE:876c	INTMEM:a5	READ
CODE:876f	INTMEM:a5	WRITE
CODE:8771	INTMEM:a4	READ_WRITE
CODE:8779	CODE:476c	UNCONDITIONAL_CALL
CODE:8782	CODE:87aa	UNCONDITIONAL_CALL
CODE:8788	CODE:879f	UNCONDITIONAL_CALL
CODE:878f	CODE:87aa	UNCONDITIONAL_CALL
CODE:8795	CODE:879f	UNCONDITIONAL_CALL
CODE:879c	CODE:87aa	UNCONDITIONAL_CALL
CODE:87a4	CODE:31dd	UNCONDITIONAL_CALL
CODE:87ad	CODE:ae2a	UNCONDITIONAL_CALL
CODE:87b9	CODE:ae2a	UNCONDITIONAL_CALL
CODE:87bf	CODE:adf3	UNCONDITIONAL_CALL
CODE:87e3	CODE:87aa	UNCONDITIONAL_CALL
CODE:87e6	BITS:0c	WRITE
CODE:87e8	CODE:7616	UNCONDITIONAL_CALL
CODE:87ed	CODE:9ba3	UNCONDITIONAL_CALL
CODE:87f0	CODE:996c	UNCONDITIONAL_CALL
CODE:87f5	INTMEM:b4	READ
CODE:87f6	CODE:87ff	CONDITIONAL_JUMP
CODE:87f9	BITS:02	READ
CODE:87f9	CODE:87ff	CONDITIONAL_JUMP
CODE:87fc	CODE:102e	UNCONDITIONAL_CALL
CODE:8804	EXTMEM:04c7	WRITE
CODE:8805	INTMEM:03	READ
CODE:8807	SFR:b9	READ
CODE:880c	EXTMEM:04c8	WRITE
CODE:880d	SFR:b9	READ_WRITE
CODE:8812	INTMEM:a4	READ
CODE:8816	CODE:882b	CONDITIONAL_JUMP
CODE:8818	CODE:848e	UNCONDITIONAL_CALL
CODE:881d	EXTMEM:04c9	WRITE
CODE:8821	EXTMEM:04c7	READ
CODE:8828	CODE:8474	UNCONDITIONAL_CALL
CODE:882e	EXTMEM:04c8	READ
CODE:882f	SFR:b9	READ_WRITE
CODE:8836	EXTMEM:04b0	WRITE
CODE:8839	EXTMEM:04b1	WRITE
CODE:883a	INTMEM:05	READ
CODE:883c	INTMEM:04	READ
CODE:8846	CODE:79d0	UNCONDITIONAL_CALL
CODE:8849	INTMEM:06	READ
CODE:884b	INTMEM:07	READ
CODE:884d	CODE:9241	UNCONDITIONAL_CALL
CODE:8853	EXTMEM:04b0	READ
CODE:8856	EXTMEM:04b1	READ
CODE:8858	CODE:6de5	UNCONDITIONAL_CALL
CODE:885b	CODE:a335	UNCONDITIONAL_CALL
CODE:885e	CODE:8863	CONDITIONAL_JUMP
CODE:8860	CODE:6406	UNCONDITIONAL_CALL
CODE:8866	INTMEM:b3	READ
CODE:8868	CODE:109e	UNCONDITIONAL_CALL
CODE:886b	CODE:5078	UNCONDITIONAL_CALL
CODE:8870	CODE:691c	UNCONDITIONAL_CALL
CODE:8875	INTMEM:b3	READ
CODE:8877	CODE:507b	UNCONDITIONAL_CALL
CODE:887c	CODE:8886	CONDITIONAL_JUMP
CODE:8881	CODE:507d	UNCONDITIONAL_CALL
CODE:8886	CODE:8e81	UNCONDITIONAL_CALL
CODE:8889	CODE:8f87	UNCONDITIONAL_CALL
CODE:888c	CODE:a595	UNCONDITIONAL_CALL
CODE:888f	CODE:5085	UNCONDITIONAL_CALL
CODE:88a1	CODE:82a9	UNCONDITIONAL_CALL
CODE:88a6	INTMEM:b4	READ
CODE:88a9	CODE:88c4	CONDITIONAL_JUMP
CODE:88ad	CODE:9ba3	UNCONDITIONAL_CALL
CODE:88b2	CODE:a646	UNCONDITIONAL_CALL
CODE:88b9	CODE:82a1	UNCONDITIONAL_CALL
CODE:88bc	CODE:8faa	UNCONDITIONAL_CALL
CODE:88bf	CODE:82b0	UNCONDITIONAL_CALL
CODE:88c5	BITS:09	READ
CODE:88c5	CODE:88f4	CONDITIONAL_JUMP
CODE:88ca	INTMEM:b3	READ
CODE:88cc	CODE:4444	UNCONDITIONAL_CALL
CODE:88d0	CODE:88e8	CONDITIONAL_JUMP
CODE:88d3	CODE:109e	UNCONDITIONAL_CALL
CODE:88dd	CODE:88e8	CONDITIONAL_JUMP
CODE:88df	BITS:09	WRITE
CODE:88e5	CODE:a638	UNCONDITIONAL_CALL
CODE:88e8	BITS:09	READ
CODE:88e8	CODE:88f4	CONDITIONAL_JUMP
CODE:88f1	CODE:87aa	UNCONDITIONAL_CALL
CODE:8903	EXTMEM:0735	READ
CODE:8906	EXTMEM:0736	READ
CODE:8915	EXTMEM:0735	READ
CODE:8918	EXTMEM:0736	READ
CODE:8929	EXTMEM:04ad	WRITE
CODE:892a	INTMEM:05	READ
CODE:892e	INTMEM:b3	READ
CODE:8943	EXTMEM:04ad	READ
CODE:894b	CODE:ade7	UNCONDITIONAL_CALL
CODE:8954	BITS:0c	READ
CODE:8956	BITS:0d	WRITE
CODE:8958	CODE:9ec9	UNCONDITIONAL_CALL
CODE:895f	BITS:0c	READ
CODE:895f	CODE:8967	CONDITIONAL_JUMP
CODE:8962	CODE:9a23	UNCONDITIONAL_CALL
CODE:8965	CODE:896a	UNCONDITIONAL_JUMP
CODE:8967	CODE:90d1	UNCONDITIONAL_CALL
CODE:896a	CODE:a6c7	UNCONDITIONAL_CALL
CODE:8970	EXTMEM:04c7	READ
CODE:8972	CODE:897b	CONDITIONAL_JUMP
CODE:8978	CODE:9a23	UNCONDITIONAL_CALL
CODE:897e	EXTMEM:04c7	READ
CODE:8980	CODE:a812	UNCONDITIONAL_CALL
CODE:8983	CODE:98f4	UNCONDITIONAL_CALL
CODE:8989	CODE:ae2a	UNCONDITIONAL_CALL
CODE:898c	CODE:9800	UNCONDITIONAL_CALL
CODE:8991	CODE:990c	UNCONDITIONAL_CALL
CODE:8998	EXTMEM:04a8	WRITE
CODE:8999	CODE:9cf0	UNCONDITIONAL_CALL
CODE:899f	EXTMEM:04a8	READ
CODE:89a2	CODE:adf3	UNCONDITIONAL_CALL
CODE:89b2	CODE:1096	UNCONDITIONAL_CALL
CODE:89b9	EXTMEM:04a3	WRITE
CODE:89bd	EXTMEM:04a3	READ
CODE:89be	CODE:89df	CONDITIONAL_JUMP
CODE:89c0	SFR:b9	READ_WRITE
CODE:89c3	CODE:8742	UNCONDITIONAL_CALL
CODE:89c6	BITS:0a	WRITE
CODE:89c8	SFR:b9	READ_WRITE
CODE:89cb	BITS:0a	READ
CODE:89cb	CODE:89df	CONDITIONAL_JUMP
CODE:89ce	CODE:a7b8	UNCONDITIONAL_CALL
CODE:89d1	CODE:a4fd	UNCONDITIONAL_CALL
CODE:89d4	CODE:73f7	UNCONDITIONAL_CALL
CODE:89da	EXTMEM:04a3	READ
CODE:89dc	EXTMEM:04a3	WRITE
CODE:89dd	CODE:89ba	UNCONDITIONAL_JUMP
CODE:89e0	CODE:a934	UNCONDITIONAL_CALL
CODE:89e7	CODE:a94d	UNCONDITIONAL_CALL
CODE:89ea	CODE:a99c	UNCONDITIONAL_CALL
CODE:89f1	CODE:a9ae	UNCONDITIONAL_CALL
CODE:89f7	CODE:a94d	UNCONDITIONAL_CALL
CODE:89fe	CODE:a94d	UNCONDITIONAL_CALL
CODE:8a04	CODE:a9ae	UNCONDITIONAL_CALL
CODE:8a0b	CODE:a9ae	UNCONDITIONAL_CALL
CODE:8a10	INTMEM:be	READ
CODE:8a13	CODE:8a37	CONDITIONAL_JUMP
CODE:8a17	INTMEM:c0	READ
CODE:8a1a	CODE:8a32	CONDITIONAL_JUMP
CODE:8a1e	CODE:8a2e	CONDITIONAL_JUMP
CODE:8a21	CODE:8a2b	CONDITIONAL_JUMP
CODE:8a25	CODE:8a2e	CONDITIONAL_JUMP
CODE:8a29	CODE:8a37	CONDITIONAL_JUMP
CODE:8a2b	CODE:9e89	UNCONDITIONAL_CALL
CODE:8a2e	BITS:0c	WRITE
CODE:8a30	CODE:8a34	UNCONDITIONAL_JUMP
CODE:8a32	BITS:0c	WRITE
CODE:8a34	CODE:82dc	UNCONDITIONAL_CALL
CODE:8a37	CODE:a521	UNCONDITIONAL_CALL
CODE:8a3b	BITS:0c	WRITE
CODE:8a3d	CODE:a7e7	UNCONDITIONAL_CALL
CODE:8a40	CODE:8a65	CONDITIONAL_JUMP
CODE:8a45	CODE:a815	UNCONDITIONAL_CALL
CODE:8a4b	CODE:ae2a	UNCONDITIONAL_CALL
CODE:8a4e	CODE:aa99	UNCONDITIONAL_CALL
CODE:8a59	CODE:8a65	CONDITIONAL_JUMP
CODE:8a60	BITS:e0	DATA
CODE:8a60	CODE:8a65	CONDITIONAL_JUMP
CODE:8a63	BITS:0c	WRITE
CODE:8a65	BITS:0c	READ
CODE:8a68	BITS:0c	WRITE
CODE:8a6c	CODE:7763	UNCONDITIONAL_CALL
CODE:8a6f	CODE:9983	UNCONDITIONAL_CALL
CODE:8a72	CODE:a335	UNCONDITIONAL_CALL
CODE:8a75	CODE:8a94	CONDITIONAL_JUMP
CODE:8a77	CODE:a5bd	UNCONDITIONAL_CALL
CODE:8a7d	CODE:8a91	CONDITIONAL_JUMP
CODE:8a81	CODE:8a94	CONDITIONAL_JUMP
CODE:8a87	CODE:9a0d	UNCONDITIONAL_CALL
CODE:8a8c	CODE:8a94	CONDITIONAL_JUMP
CODE:8a8e	CODE:7069	UNCONDITIONAL_CALL
CODE:8a91	CODE:37ff	UNCONDITIONAL_CALL
CODE:8a98	CODE:6c1b	UNCONDITIONAL_CALL
CODE:8a9e	EXTMEM:04ae	READ
CODE:8aa1	EXTMEM:04af	READ
CODE:8aa4	EXTMEM:04b0	READ
CODE:8aab	CODE:a934	UNCONDITIONAL_CALL
CODE:8ab0	CODE:a99c	UNCONDITIONAL_CALL
CODE:8ab5	CODE:a99c	UNCONDITIONAL_CALL
CODE:8aba	CODE:a99c	UNCONDITIONAL_CALL
CODE:8abf	CODE:a99c	UNCONDITIONAL_CALL
CODE:8ac2	CODE:33d6	UNCONDITIONAL_CALL
CODE:8aca	CODE:a9ae	UNCONDITIONAL_CALL
CODE:8acd	CODE:a53c	UNCONDITIONAL_CALL
CODE:8ad3	CODE:8ae1	CONDITIONAL_JUMP
CODE:8ad5	CODE:adf3	UNCONDITIONAL_CALL
CODE:8ae1	CODE:adf3	UNCONDITIONAL_CALL
CODE:8aeb	CODE:a9ae	UNCONDITIONAL_CALL
CODE:8b1d	CODE:adf3	UNCONDITIONAL_CALL
CODE:8b3e	EXTMEM:04a3	READ
CODE:8b4a	CODE:ae2a	UNCONDITIONAL_CALL
CODE:8b4d	CODE:54ca	UNCONDITIONAL_CALL
CODE:8b53	INTMEM:05	READ
CODE:8b55	CODE:8b6e	CONDITIONAL_JUMP
CODE:8b57	CODE:54ca	UNCONDITIONAL_CALL
CODE:8b5a	CODE:ae33	UNCONDITIONAL_CALL
CODE:8b5e	CODE:a99c	UNCONDITIONAL_CALL
CODE:8b61	CODE:54ca	UNCONDITIONAL_CALL
CODE:8b6b	CODE:aafc	UNCONDITIONAL_CALL
CODE:8b6e	CODE:9137	UNCONDITIONAL_CALL
CODE:8b72	CODE:3fff	UNCONDITIONAL_CALL
CODE:8b75	CODE:a1cf	UNCONDITIONAL_CALL
CODE:8b7a	CODE:9e27	UNCONDITIONAL_CALL
CODE:8b85	CODE:8832	UNCONDITIONAL_CALL
CODE:8b8d	EXTMEM:0afa	WRITE
CODE:8b8e	CODE:1ee9	UNCONDITIONAL_CALL
CODE:8b92	EXTMEM:0afa	WRITE
CODE:8b97	CODE:a638	UNCONDITIONAL_CALL
CODE:8b9d	SFR:a3	WRITE
CODE:8ba0	CODE:a685	UNCONDITIONAL_CALL
CODE:8ba3	CODE:9bdf	UNCONDITIONAL_CALL
CODE:8ba6	CODE:7aaa	UNCONDITIONAL_CALL
CODE:8ba9	CODE:a654	UNCONDITIONAL_CALL
CODE:8bac	CODE:a67e	UNCONDITIONAL_CALL
CODE:8baf	SFR:a3	WRITE
CODE:8bb2	CODE:a1db	UNCONDITIONAL_CALL
CODE:8bb5	SFR:bd	WRITE
CODE:8bb8	SFR:be	WRITE
CODE:8bbb	SFR:bf	WRITE
CODE:8bbf	SFR:a3	WRITE
CODE:8bc1	SFR:b8	WRITE
CODE:8bc3	SFR:c3	WRITE
CODE:8bc5	SFR:cb	WRITE
CODE:8bca	INTMEM:d0	READ
CODE:8bcd	CODE:8bf1	CONDITIONAL_JUMP
CODE:8bd1	INTMEM:ce	READ
CODE:8bd3	INTMEM:d1	READ
CODE:8bd4	CODE:8bf1	CONDITIONAL_JUMP
CODE:8bd6	CODE:770c	UNCONDITIONAL_CALL
CODE:8bdb	INTMEM:ce	READ
CODE:8bdc	INTMEM:ce	READ_WRITE
CODE:8bdd	CODE:76ec	UNCONDITIONAL_CALL
CODE:8be0	INTMEM:ce	READ
CODE:8be4	CODE:8be8	CONDITIONAL_JUMP
CODE:8be7	INTMEM:ce	WRITE
CODE:8bea	INTMEM:d0	WRITE
CODE:8bec	CODE:a449	UNCONDITIONAL_CALL
CODE:8bf3	INTMEM:05	READ
CODE:8bf8	CODE:6221	UNCONDITIONAL_CALL
CODE:8bfc	EXTMEM:0750	WRITE
CODE:8c07	CODE:6234	UNCONDITIONAL_CALL
CODE:8c0f	CODE:adf3	UNCONDITIONAL_CALL
CODE:8c20	CODE:a6a1	UNCONDITIONAL_CALL
CODE:8c23	CODE:8c30	CONDITIONAL_JUMP
CODE:8c25	CODE:a283	UNCONDITIONAL_CALL
CODE:8c28	CODE:8c2e	CONDITIONAL_JUMP
CODE:8c2e	CODE:8c3e	UNCONDITIONAL_JUMP
CODE:8c32	CODE:a607	UNCONDITIONAL_CALL
CODE:8c35	CODE:8c3e	CONDITIONAL_JUMP
CODE:8c39	CODE:a607	UNCONDITIONAL_CALL
CODE:8c3c	CODE:8c46	CONDITIONAL_JUMP
CODE:8c40	CODE:a73f	UNCONDITIONAL_CALL
CODE:8c9f	INTMEM:b2	READ
CODE:8ca2	CODE:8cb2	CONDITIONAL_JUMP
CODE:8ca6	INTMEM:b4	READ
CODE:8ca9	CODE:8caf	CONDITIONAL_JUMP
CODE:8cad	CODE:8cc4	CONDITIONAL_JUMP
CODE:8cb4	CODE:a607	UNCONDITIONAL_CALL
CODE:8cb7	CODE:8cc4	CONDITIONAL_JUMP
CODE:8cbb	INTMEM:cc	READ
CODE:8cbc	CODE:8cc1	CONDITIONAL_JUMP
CODE:8cbe	CODE:8cc4	CONDITIONAL_JUMP
CODE:8cc9	CODE:9ba3	UNCONDITIONAL_CALL
CODE:8ccc	CODE:a153	UNCONDITIONAL_CALL
CODE:8ccf	CODE:8cdd	CONDITIONAL_JUMP
CODE:8cd3	CODE:3b3c	UNCONDITIONAL_CALL
CODE:8cd8	INTMEM:b3	READ
CODE:8cda	CODE:4d85	UNCONDITIONAL_CALL
CODE:8cdd	CODE:a7e7	UNCONDITIONAL_CALL
CODE:8ce4	CODE:8cea	CONDITIONAL_JUMP
CODE:8ce8	CODE:8cec	UNCONDITIONAL_JUMP
CODE:8cec	CODE:3b3c	UNCONDITIONAL_CALL
CODE:8d1b	CODE:a68c	UNCONDITIONAL_CALL
CODE:8d1e	CODE:8d30	CONDITIONAL_JUMP
CODE:8d20	CODE:a22f	UNCONDITIONAL_CALL
CODE:8d25	INTMEM:cd	READ
CODE:8d26	CODE:8d3f	CONDITIONAL_JUMP
CODE:8d2b	CODE:a223	UNCONDITIONAL_CALL
CODE:8d2e	CODE:8d3f	UNCONDITIONAL_JUMP
CODE:8d32	CODE:a607	UNCONDITIONAL_CALL
CODE:8d35	CODE:8d3f	CONDITIONAL_JUMP
CODE:8d39	CODE:a64d	UNCONDITIONAL_CALL
CODE:8d44	INTMEM:b2	READ
CODE:8d47	CODE:8d5e	CONDITIONAL_JUMP
CODE:8d4b	INTMEM:b4	READ
CODE:8d4e	CODE:8d57	CONDITIONAL_JUMP
CODE:8d52	CODE:8d68	CONDITIONAL_JUMP
CODE:8d59	CODE:6a27	UNCONDITIONAL_CALL
CODE:8d5c	CODE:8d68	UNCONDITIONAL_JUMP
CODE:8d60	CODE:a6a1	UNCONDITIONAL_CALL
CODE:8d63	CODE:8d68	CONDITIONAL_JUMP
CODE:8d6b	CODE:a53c	UNCONDITIONAL_CALL
CODE:8d6e	CODE:8d7d	CONDITIONAL_JUMP
CODE:8d72	INTMEM:cc	READ
CODE:8d75	CODE:8d92	CONDITIONAL_JUMP
CODE:8d77	CODE:8e5a	UNCONDITIONAL_CALL
CODE:8d7a	CODE:a50f	UNCONDITIONAL_CALL
CODE:8d7f	INTMEM:cc	READ
CODE:8d82	CODE:8d92	CONDITIONAL_JUMP
CODE:8d8c	CODE:93fa	UNCONDITIONAL_CALL
CODE:8d8f	CODE:866f	UNCONDITIONAL_CALL
CODE:8d93	BITS:0c	WRITE
CODE:8d95	CODE:7616	UNCONDITIONAL_CALL
CODE:8d98	BITS:0b	WRITE
CODE:8d9c	INTMEM:b4	READ
CODE:8d9f	CODE:8da5	CONDITIONAL_JUMP
CODE:8da3	CODE:8db4	CONDITIONAL_JUMP
CODE:8da8	EXTMEM:0af4	READ
CODE:8da9	CODE:8db4	CONDITIONAL_JUMP
CODE:8dae	EXTMEM:0af2	READ
CODE:8daf	CODE:8db4	CONDITIONAL_JUMP
CODE:8db1	CODE:a19f	UNCONDITIONAL_CALL
CODE:8db7	EXTMEM:074a	READ
CODE:8db9	EXTMEM:074a	WRITE
CODE:8dbf	EXTMEM:0448	WRITE
CODE:8dc7	CODE:8de2	CONDITIONAL_JUMP
CODE:8dcc	INTMEM:b3	WRITE
CODE:8dd2	CODE:8800	UNCONDITIONAL_CALL
CODE:8dd7	INTMEM:b3	READ
CODE:8dd8	CODE:1e4f	UNCONDITIONAL_CALL
CODE:8ddf	CODE:a638	UNCONDITIONAL_CALL
CODE:8de7	CODE:9eb9	UNCONDITIONAL_CALL
CODE:8dea	CODE:8e08	CONDITIONAL_JUMP
CODE:8dec	CODE:6240	UNCONDITIONAL_CALL
CODE:8df0	CODE:6215	UNCONDITIONAL_CALL
CODE:8df8	CODE:6217	UNCONDITIONAL_CALL
CODE:8dfc	INTMEM:05	READ
CODE:8dfc	CODE:8e05	CONDITIONAL_JUMP
CODE:8e00	CODE:8e05	CONDITIONAL_JUMP
CODE:8e0d	CODE:9f09	UNCONDITIONAL_CALL
CODE:8e13	CODE:ae2a	UNCONDITIONAL_CALL
CODE:8e16	CODE:a82a	UNCONDITIONAL_CALL
CODE:8e22	CODE:adf3	UNCONDITIONAL_CALL
CODE:8e35	INTMEM:b2	READ
CODE:8e38	CODE:8e59	CONDITIONAL_JUMP
CODE:8e3c	INTMEM:b4	READ
CODE:8e3f	CODE:8e48	CONDITIONAL_JUMP
CODE:8e42	CODE:8e4b	CONDITIONAL_JUMP
CODE:8e46	CODE:8e59	CONDITIONAL_JUMP
CODE:8e48	CODE:17fe	UNCONDITIONAL_JUMP
CODE:8e4b	CODE:99c8	UNCONDITIONAL_CALL
CODE:8e56	CODE:666b	UNCONDITIONAL_CALL
CODE:8e5c	INTMEM:b3	READ
CODE:8e5e	CODE:44df	UNCONDITIONAL_CALL
CODE:8e66	CODE:8e7e	CONDITIONAL_JUMP
CODE:8e6b	CODE:44e1	UNCONDITIONAL_CALL
CODE:8e75	CODE:8e7e	CONDITIONAL_JUMP
CODE:8e7b	CODE:b830	DATA
CODE:8e81	CODE:50e1	UNCONDITIONAL_CALL
CODE:8e85	CODE:8ea6	CONDITIONAL_JUMP
CODE:8e87	CODE:a6fd	UNCONDITIONAL_CALL
CODE:8e8b	CODE:8e97	CONDITIONAL_JUMP
CODE:8e8e	CODE:5078	UNCONDITIONAL_CALL
CODE:8e94	CODE:8e9e	CONDITIONAL_JUMP
CODE:8e97	CODE:5085	UNCONDITIONAL_CALL
CODE:8e9b	CODE:8ea6	CONDITIONAL_JUMP
CODE:8e9e	BITS:0d	WRITE
CODE:8ea0	CODE:9cca	UNCONDITIONAL_CALL
CODE:8ea3	CODE:a6b5	UNCONDITIONAL_CALL
CODE:8eae	CODE:8eb3	CONDITIONAL_JUMP
CODE:8eba	CODE:8ebf	CONDITIONAL_JUMP
CODE:8ec8	CODE:8ecc	CONDITIONAL_JUMP
CODE:8ed1	EXTMEM:04ac	WRITE
CODE:8ed2	BITS:e1	DATA
CODE:8ed2	CODE:8ed8	CONDITIONAL_JUMP
CODE:8ed7	EXTMEM:04ac	WRITE
CODE:8edb	EXTMEM:04ac	READ
CODE:8edd	CODE:a6df	UNCONDITIONAL_CALL
CODE:8ee3	EXTMEM:04ac	READ
CODE:8ee7	CODE:b904	READ
CODE:8ee9	CODE:33d6	UNCONDITIONAL_CALL
CODE:8ef0	CODE:a9ae	UNCONDITIONAL_CALL
CODE:8ef3	CODE:9f29	UNCONDITIONAL_CALL
CODE:8efe	CODE:6215	UNCONDITIONAL_CALL
CODE:8f05	CODE:629e	UNCONDITIONAL_CALL
CODE:8f0d	CODE:6217	UNCONDITIONAL_CALL
CODE:8f19	CODE:9f39	UNCONDITIONAL_CALL
CODE:8f1f	CODE:6217	UNCONDITIONAL_CALL
CODE:8f27	CODE:6217	UNCONDITIONAL_CALL
CODE:8f31	CODE:6217	UNCONDITIONAL_CALL
CODE:8f3f	CODE:a5bd	UNCONDITIONAL_CALL
CODE:8f42	BITS:0b	WRITE
CODE:8f49	CODE:8f5a	CONDITIONAL_JUMP
CODE:8f4d	CODE:8f53	CONDITIONAL_JUMP
CODE:8f4f	BITS:0b	WRITE
CODE:8f51	CODE:8f5a	UNCONDITIONAL_JUMP
CODE:8f53	CODE:a53c	UNCONDITIONAL_CALL
CODE:8f56	CODE:8f5a	CONDITIONAL_JUMP
CODE:8f58	BITS:0b	WRITE
CODE:8f5a	BITS:0b	READ
CODE:8f5a	CODE:8f60	CONDITIONAL_JUMP
CODE:8f5d	CODE:399f	UNCONDITIONAL_CALL
CODE:8f60	CODE:236b	UNCONDITIONAL_CALL
CODE:8f67	EXTMEM:055d	READ
CODE:8f68	CODE:8f86	CONDITIONAL_JUMP
CODE:8f70	EXTMEM:059e	WRITE
CODE:8f74	EXTMEM:059f	WRITE
CODE:8f77	EXTMEM:05a0	WRITE
CODE:8f78	CODE:96cb	UNCONDITIONAL_CALL
CODE:8f83	CODE:666b	UNCONDITIONAL_CALL
CODE:8f87	CODE:50a8	UNCONDITIONAL_CALL
CODE:8f8b	CODE:8fa9	CONDITIONAL_JUMP
CODE:8f8f	CODE:50ab	UNCONDITIONAL_CALL
CODE:8f95	CODE:8f9a	CONDITIONAL_JUMP
CODE:8f98	CODE:8fa2	UNCONDITIONAL_JUMP
CODE:8f9c	INTMEM:b3	READ
CODE:8f9d	CODE:8fa9	CONDITIONAL_JUMP
CODE:8fa6	CODE:8800	UNCONDITIONAL_CALL
CODE:8faa	CODE:440b	UNCONDITIONAL_CALL
CODE:8fad	CODE:450a	UNCONDITIONAL_CALL
CODE:8fb0	INTMEM:01	READ
CODE:8fb7	CODE:448a	UNCONDITIONAL_CALL
CODE:8fc1	CODE:4495	UNCONDITIONAL_CALL
CODE:8fc7	CODE:4470	UNCONDITIONAL_CALL
CODE:8fca	CODE:87aa	UNCONDITIONAL_CALL
CODE:8fcd	BITS:04	WRITE
CODE:8fcf	BITS:07	WRITE
CODE:8fd6	EXTMEM:05e8	WRITE
CODE:8fdb	EXTMEM:0603	WRITE
CODE:8fdc	BITS:09	WRITE
CODE:8fde	BITS:06	WRITE
CODE:8fe0	BITS:05	WRITE
CODE:8fe2	BITS:08	WRITE
CODE:8fe9	EXTMEM:05e9	WRITE
CODE:8fee	EXTMEM:0604	WRITE
CODE:8ff0	CODE:838d	UNCONDITIONAL_CALL
CODE:8ff3	CODE:a5b5	UNCONDITIONAL_CALL
CODE:8ff8	CODE:5fe3	UNCONDITIONAL_CALL
CODE:8ffd	CODE:5fe3	UNCONDITIONAL_CALL
CODE:9002	INTMEM:07	READ
CODE:9002	INTMEM:b3	WRITE
CODE:9004	CODE:a521	UNCONDITIONAL_CALL
CODE:9007	CODE:9010	CONDITIONAL_JUMP
CODE:900a	CODE:1e48	UNCONDITIONAL_CALL
CODE:900d	INTMEM:b3	WRITE
CODE:9010	CODE:a521	UNCONDITIONAL_CALL
CODE:9015	INTMEM:b3	READ
CODE:9016	CODE:901f	CONDITIONAL_JUMP
CODE:901f	CODE:1e4f	UNCONDITIONAL_CALL
CODE:9027	CODE:b930	DATA
CODE:902c	CODE:9037	CONDITIONAL_JUMP
CODE:902f	CODE:83dc	UNCONDITIONAL_CALL
CODE:9034	EXTMEM:b930	WRITE
CODE:9035	CODE:903c	UNCONDITIONAL_JUMP
CODE:9037	CODE:83dc	UNCONDITIONAL_CALL
CODE:903b	EXTMEM:b930	WRITE
CODE:903c	CODE:83f1	UNCONDITIONAL_CALL
CODE:9043	CODE:a9ae	UNCONDITIONAL_CALL
CODE:9046	CODE:80bc	UNCONDITIONAL_CALL
CODE:904b	INTMEM:b3	READ
CODE:904d	CODE:905b	CONDITIONAL_JUMP
CODE:9050	CODE:9068	CONDITIONAL_JUMP
CODE:9054	CODE:9c2f	UNCONDITIONAL_CALL
CODE:9059	CODE:9062	UNCONDITIONAL_JUMP
CODE:905d	CODE:9c2f	UNCONDITIONAL_CALL
CODE:9065	CODE:ae2a	UNCONDITIONAL_CALL
CODE:908f	EXTMEM:0750	READ
CODE:9092	EXTMEM:0751	READ
CODE:909e	INTMEM:07	READ
CODE:90a0	INTMEM:03	READ
CODE:90a5	CODE:62a5	UNCONDITIONAL_CALL
CODE:90d3	INTMEM:b3	READ
CODE:90d4	CODE:90e2	CONDITIONAL_JUMP
CODE:90e0	CODE:90eb	UNCONDITIONAL_JUMP
CODE:90eb	EXTMEM:0633	READ
CODE:90eb	EXTMEM:0631	READ
CODE:90ed	EXTMEM:0633	WRITE
CODE:90ed	EXTMEM:0631	WRITE
CODE:90ef	EXTMEM:0634	READ
CODE:90ef	EXTMEM:0632	READ
CODE:90f1	EXTMEM:0634	WRITE
CODE:90f1	EXTMEM:0632	WRITE
CODE:90f7	EXTMEM:04c8	WRITE
CODE:90fa	INTMEM:b3	READ
CODE:9109	EXTMEM:04c8	READ
CODE:9119	EXTMEM:04ac	WRITE
CODE:911a	CODE:a6e5	UNCONDITIONAL_CALL
CODE:9120	EXTMEM:04ac	READ
CODE:9122	CODE:95b8	UNCONDITIONAL_CALL
CODE:9128	EXTMEM:071d	READ
CODE:912b	EXTMEM:071e	READ
CODE:912e	EXTMEM:071f	READ
CODE:9134	CODE:a9ae	UNCONDITIONAL_CALL
CODE:9139	INTMEM:d1	READ
CODE:913b	CODE:770c	UNCONDITIONAL_CALL
CODE:913e	INTMEM:06	READ
CODE:9147	CODE:a9ae	UNCONDITIONAL_CALL
CODE:914e	CODE:9152	CONDITIONAL_JUMP
CODE:9154	INTMEM:06	READ
CODE:9154	INTMEM:d1	WRITE
CODE:9156	INTMEM:06	READ
CODE:9159	CODE:9894	UNCONDITIONAL_CALL
CODE:9161	CODE:a9ae	UNCONDITIONAL_CALL
CODE:9169	CODE:a9ae	UNCONDITIONAL_CALL
CODE:9171	CODE:a9ae	UNCONDITIONAL_CALL
CODE:9178	CODE:95d5	UNCONDITIONAL_CALL
CODE:917b	CODE:9894	UNCONDITIONAL_CALL
CODE:9181	CODE:ae2a	UNCONDITIONAL_CALL
CODE:9184	CODE:a58d	UNCONDITIONAL_CALL
CODE:918a	CODE:adf3	UNCONDITIONAL_CALL
CODE:919f	INTMEM:b3	READ
CODE:91a1	CODE:a139	UNCONDITIONAL_CALL
CODE:91a4	CODE:91bb	CONDITIONAL_JUMP
CODE:91a6	CODE:a6fd	UNCONDITIONAL_CALL
CODE:91aa	CODE:91b2	CONDITIONAL_JUMP
CODE:91ac	CODE:a533	UNCONDITIONAL_CALL
CODE:91b2	CODE:a6fd	UNCONDITIONAL_CALL
CODE:91b5	CODE:91bb	CONDITIONAL_JUMP
CODE:91be	INTMEM:07	READ
CODE:91c6	INTMEM:05	READ
CODE:91c8	BITS:0d	WRITE
CODE:91ca	CODE:94ae	UNCONDITIONAL_CALL
CODE:91d2	CODE:91d8	CONDITIONAL_JUMP
CODE:91d4	INTMEM:06	READ
CODE:91d6	INTMEM:07	READ
CODE:91d8	CODE:91c6	CONDITIONAL_JUMP
CODE:91da	INTMEM:02	READ
CODE:91dc	INTMEM:03	READ
CODE:91df	CODE:a82d	UNCONDITIONAL_CALL
CODE:91e6	EXTMEM:04a8	WRITE
CODE:91e9	CODE:a830	UNCONDITIONAL_CALL
CODE:91ef	CODE:4758	UNCONDITIONAL_CALL
CODE:91f4	CODE:65d3	UNCONDITIONAL_CALL
CODE:91fd	CODE:87aa	UNCONDITIONAL_CALL
CODE:9200	CODE:a669	UNCONDITIONAL_CALL
CODE:9203	INTMEM:01	READ
CODE:9205	INTMEM:07	READ
CODE:920b	CODE:ad49	UNCONDITIONAL_CALL
CODE:9221	CODE:50a1	UNCONDITIONAL_CALL
CODE:922a	CODE:9241	UNCONDITIONAL_CALL
CODE:922d	BITS:0d	WRITE
CODE:922f	CODE:9436	UNCONDITIONAL_CALL
CODE:9238	CODE:87aa	UNCONDITIONAL_CALL
CODE:923b	CODE:5092	UNCONDITIONAL_CALL
CODE:923e	CODE:666b	UNCONDITIONAL_CALL
CODE:9243	INTMEM:b3	READ
CODE:924f	CODE:9253	CONDITIONAL_JUMP
CODE:9253	CODE:9260	CONDITIONAL_JUMP
CODE:925a	CODE:1e41	UNCONDITIONAL_CALL
CODE:925d	CODE:766b	UNCONDITIONAL_CALL
CODE:9261	INTMEM:07	READ
CODE:9263	INTMEM:06	READ
CODE:9267	INTMEM:b3	READ
CODE:9276	INTMEM:05	READ
CODE:927e	CODE:ab68	UNCONDITIONAL_CALL
CODE:9283	INTMEM:b9	READ
CODE:9285	CODE:9293	CONDITIONAL_JUMP
CODE:9288	CODE:92a0	CONDITIONAL_JUMP
CODE:928c	CODE:9c39	UNCONDITIONAL_CALL
CODE:9291	CODE:929a	UNCONDITIONAL_JUMP
CODE:9295	CODE:9c39	UNCONDITIONAL_CALL
CODE:929d	CODE:ae2a	UNCONDITIONAL_CALL
CODE:92a3	CODE:a6a8	UNCONDITIONAL_CALL
CODE:92a6	CODE:92ab	CONDITIONAL_JUMP
CODE:92ad	CODE:a6a1	UNCONDITIONAL_CALL
CODE:92b0	CODE:92b5	CONDITIONAL_JUMP
CODE:92b7	CODE:a6a1	UNCONDITIONAL_CALL
CODE:92bc	CODE:92c0	CONDITIONAL_JUMP
CODE:92c3	CODE:a6a1	UNCONDITIONAL_CALL
CODE:92c6	CODE:92cb	CONDITIONAL_JUMP
CODE:92cd	CODE:a607	UNCONDITIONAL_CALL
CODE:92d0	CODE:92d5	CONDITIONAL_JUMP
CODE:92d7	CODE:a6a8	UNCONDITIONAL_CALL
CODE:92dc	CODE:92e0	CONDITIONAL_JUMP
CODE:92e3	CODE:a6a1	UNCONDITIONAL_CALL
CODE:92e6	CODE:92eb	CONDITIONAL_JUMP
CODE:92ed	CODE:a607	UNCONDITIONAL_CALL
CODE:92f0	CODE:92f5	CONDITIONAL_JUMP
CODE:92f7	CODE:a6a8	UNCONDITIONAL_CALL
CODE:92fc	CODE:9300	CONDITIONAL_JUMP
CODE:9303	CODE:a6a1	UNCONDITIONAL_CALL
CODE:9306	CODE:930b	CONDITIONAL_JUMP
CODE:930d	CODE:a607	UNCONDITIONAL_CALL
CODE:9310	CODE:9315	CONDITIONAL_JUMP
CODE:9317	CODE:a6a8	UNCONDITIONAL_CALL
CODE:931c	CODE:9320	CONDITIONAL_JUMP
CODE:9323	INTMEM:cc	READ
CODE:9326	CODE:9331	CONDITIONAL_JUMP
CODE:9329	CODE:933f	CONDITIONAL_JUMP
CODE:932f	CODE:9335	UNCONDITIONAL_JUMP
CODE:9339	CODE:93fa	UNCONDITIONAL_CALL
CODE:933c	CODE:866f	UNCONDITIONAL_CALL
CODE:9342	INTMEM:b3	READ
CODE:9344	CODE:934b	CONDITIONAL_JUMP
CODE:9347	BITS:0c	READ
CODE:9349	BITS:08	WRITE
CODE:934c	CODE:9352	CONDITIONAL_JUMP
CODE:934e	BITS:0c	READ
CODE:9350	BITS:07	WRITE
CODE:9352	BITS:0c	READ
CODE:9352	CODE:935e	CONDITIONAL_JUMP
CODE:935b	CODE:87aa	UNCONDITIONAL_CALL
CODE:937b	CODE:937b	CONDITIONAL_JUMP
CODE:9385	CODE:938d	CONDITIONAL_JUMP
CODE:938b	CODE:939a	UNCONDITIONAL_JUMP
CODE:9394	CODE:939a	CONDITIONAL_JUMP
CODE:939a	CODE:7af2	UNCONDITIONAL_CALL
CODE:939f	INTMEM:b3	READ
CODE:93a3	CODE:3401	UNCONDITIONAL_CALL
CODE:93a7	INTMEM:07	READ
CODE:93a7	CODE:93b5	CONDITIONAL_JUMP
CODE:93ad	CODE:3469	UNCONDITIONAL_CALL
CODE:93b5	CODE:3464	UNCONDITIONAL_CALL
CODE:93be	INTMEM:b3	READ
CODE:93c0	CODE:93d0	CONDITIONAL_JUMP
CODE:93c3	CODE:93da	CONDITIONAL_JUMP
CODE:93ca	EXTMEM:06ed	WRITE
CODE:93ce	EXTMEM:06ee	WRITE
CODE:93d5	EXTMEM:06ed	WRITE
CODE:93d9	EXTMEM:06ee	WRITE
CODE:93dd	INTMEM:ab	READ
CODE:93e0	CODE:93ec	CONDITIONAL_JUMP
CODE:93e2	CODE:a693	UNCONDITIONAL_CALL
CODE:93e7	CODE:93f9	CONDITIONAL_JUMP
CODE:93f0	CODE:9eb9	UNCONDITIONAL_CALL
CODE:93f5	CODE:93f9	CONDITIONAL_JUMP
CODE:93fe	EXTMEM:04a8	WRITE
CODE:9401	EXTMEM:04a9	WRITE
CODE:9402	INTMEM:05	READ
CODE:9406	EXTMEM:04aa	WRITE
CODE:9409	EXTMEM:04ab	WRITE
CODE:9412	CODE:448a	UNCONDITIONAL_CALL
CODE:9415	CODE:8faa	UNCONDITIONAL_CALL
CODE:9438	INTMEM:b3	READ
CODE:9439	CODE:9447	CONDITIONAL_JUMP
CODE:943b	BITS:0d	READ
CODE:943d	BITS:85	WRITE
CODE:943f	BITS:0d	READ
CODE:9445	EXTMEM:06b7	WRITE
CODE:9447	BITS:0d	READ
CODE:9449	BITS:c8	WRITE
CODE:944b	BITS:0d	READ
CODE:9452	EXTMEM:06b8	WRITE
CODE:9454	CODE:33d6	UNCONDITIONAL_CALL
CODE:945a	CODE:33e2	UNCONDITIONAL_CALL
CODE:945f	CODE:3439	UNCONDITIONAL_CALL
CODE:9464	CODE:33d3	UNCONDITIONAL_CALL
CODE:946a	CODE:33e2	UNCONDITIONAL_CALL
CODE:946f	CODE:a99c	UNCONDITIONAL_CALL
CODE:9472	CODE:33d6	UNCONDITIONAL_CALL
CODE:9478	CODE:33e2	UNCONDITIONAL_CALL
CODE:947d	CODE:33d3	UNCONDITIONAL_CALL
CODE:9483	CODE:33e2	UNCONDITIONAL_CALL
CODE:9488	CODE:3439	UNCONDITIONAL_CALL
CODE:948d	CODE:a99c	UNCONDITIONAL_CALL
CODE:9491	CODE:94ad	CONDITIONAL_JUMP
CODE:9494	CODE:33d6	UNCONDITIONAL_CALL
CODE:9497	CODE:33df	UNCONDITIONAL_CALL
CODE:949c	CODE:33d3	UNCONDITIONAL_CALL
CODE:94a2	CODE:33e2	UNCONDITIONAL_CALL
CODE:94a7	CODE:a99c	UNCONDITIONAL_CALL
CODE:94aa	CODE:a377	UNCONDITIONAL_CALL
CODE:94ae	SFR:b1	WRITE
CODE:94b0	BITS:0d	READ
CODE:94b2	BITS:b5	WRITE
CODE:94b4	BITS:b6	WRITE
CODE:94b6	BITS:b4	READ
CODE:94b6	CODE:94b6	CONDITIONAL_JUMP
CODE:94b9	SFR:b3	READ
CODE:94c2	SFR:b2	READ
CODE:94c9	BITS:b6	WRITE
CODE:94cc	CODE:a471	UNCONDITIONAL_CALL
CODE:94d3	EXTMEM:04a4	WRITE
CODE:94d4	CODE:a53c	UNCONDITIONAL_CALL
CODE:94d7	CODE:94de	CONDITIONAL_JUMP
CODE:94d9	CODE:3f72	UNCONDITIONAL_CALL
CODE:94dc	CODE:94e1	UNCONDITIONAL_JUMP
CODE:94de	CODE:62b8	UNCONDITIONAL_CALL
CODE:94e1	CODE:a471	UNCONDITIONAL_CALL
CODE:94e8	EXTMEM:04a5	WRITE
CODE:94ec	CODE:a6a1	UNCONDITIONAL_CALL
CODE:94ef	CODE:94f4	CONDITIONAL_JUMP
CODE:94f6	CODE:a607	UNCONDITIONAL_CALL
CODE:94f9	CODE:9505	CONDITIONAL_JUMP
CODE:94fb	CODE:a53c	UNCONDITIONAL_CALL
CODE:9500	CODE:9507	CONDITIONAL_JUMP
CODE:950a	CODE:a6a1	UNCONDITIONAL_CALL
CODE:950d	CODE:9519	CONDITIONAL_JUMP
CODE:950f	CODE:9696	UNCONDITIONAL_CALL
CODE:9513	CODE:9523	CONDITIONAL_JUMP
CODE:951b	CODE:a607	UNCONDITIONAL_CALL
CODE:951e	CODE:9523	CONDITIONAL_JUMP
CODE:9528	CODE:a6a8	UNCONDITIONAL_CALL
CODE:952b	CODE:9530	CONDITIONAL_JUMP
CODE:9532	CODE:a6a8	UNCONDITIONAL_CALL
CODE:9535	CODE:9541	CONDITIONAL_JUMP
CODE:953b	CODE:90d1	UNCONDITIONAL_CALL
CODE:9546	CODE:9554	UNCONDITIONAL_CALL
CODE:9549	CODE:a638	UNCONDITIONAL_CALL
CODE:954e	CODE:9554	UNCONDITIONAL_CALL
CODE:9551	CODE:a638	UNCONDITIONAL_CALL
CODE:9554	CODE:a5e4	UNCONDITIONAL_CALL
CODE:9559	CODE:a52a	UNCONDITIONAL_CALL
CODE:9569	CODE:79d0	UNCONDITIONAL_CALL
CODE:957b	CODE:79d0	UNCONDITIONAL_CALL
CODE:957e	INTMEM:05	READ
CODE:9582	INTMEM:a4	READ
CODE:9586	CODE:959a	CONDITIONAL_JUMP
CODE:9588	CODE:848e	UNCONDITIONAL_CALL
CODE:958d	INTMEM:b9	READ
CODE:9597	CODE:8474	UNCONDITIONAL_CALL
CODE:959d	INTMEM:b3	READ
CODE:959e	CODE:95a5	CONDITIONAL_JUMP
CODE:95a3	CODE:95a8	UNCONDITIONAL_JUMP
CODE:95a8	EXTMEM:072d	READ
CODE:95a8	EXTMEM:072f	READ
CODE:95ab	EXTMEM:072e	READ
CODE:95ab	EXTMEM:0730	READ
CODE:95b5	CODE:79d0	UNCONDITIONAL_CALL
CODE:95ba	INTMEM:b3	READ
CODE:95bb	CODE:95c8	CONDITIONAL_JUMP
CODE:95c6	CODE:95d0	UNCONDITIONAL_JUMP
CODE:95d8	CODE:ae2a	UNCONDITIONAL_CALL
CODE:95db	INTMEM:05	READ
CODE:95dd	INTMEM:07	READ
CODE:95df	INTMEM:06	READ
CODE:95e1	INTMEM:07	READ
CODE:95e3	INTMEM:03	READ
CODE:95e8	CODE:62a5	UNCONDITIONAL_CALL
CODE:95f2	BITS:a0	WRITE
CODE:95f4	SFR:a3	WRITE
CODE:95f7	CODE:a253	UNCONDITIONAL_CALL
CODE:95fa	CODE:9a4f	UNCONDITIONAL_CALL
CODE:9605	CODE:6f27	UNCONDITIONAL_CALL
CODE:9608	CODE:9f69	UNCONDITIONAL_CALL
CODE:960b	CODE:3724	UNCONDITIONAL_CALL
CODE:960e	CODE:34c6	UNCONDITIONAL_CALL
CODE:9612	INTMEM:07	READ
CODE:9612	CODE:961e	CONDITIONAL_JUMP
CODE:9615	CODE:34f1	UNCONDITIONAL_CALL
CODE:9619	INTMEM:05	READ
CODE:9619	CODE:961e	CONDITIONAL_JUMP
CODE:961e	CODE:34c6	UNCONDITIONAL_CALL
CODE:9623	CODE:34f1	UNCONDITIONAL_CALL
CODE:962a	CODE:50a1	UNCONDITIONAL_CALL
CODE:9633	CODE:9241	UNCONDITIONAL_CALL
CODE:963c	CODE:87aa	UNCONDITIONAL_CALL
CODE:963f	CODE:5092	UNCONDITIONAL_CALL
CODE:9642	CODE:666b	UNCONDITIONAL_CALL
CODE:9645	CODE:1e48	UNCONDITIONAL_CALL
CODE:964a	CODE:9bf3	UNCONDITIONAL_CALL
CODE:964d	CODE:965b	CONDITIONAL_JUMP
CODE:9655	CODE:87aa	UNCONDITIONAL_CALL
CODE:9658	CODE:6406	UNCONDITIONAL_CALL
CODE:965b	BITS:0d	WRITE
CODE:965d	CODE:6c35	UNCONDITIONAL_CALL
CODE:967d	CODE:a69a	UNCONDITIONAL_CALL
CODE:9680	CODE:9693	CONDITIONAL_JUMP
CODE:9682	CODE:6283	UNCONDITIONAL_CALL
CODE:968d	CODE:9692	CONDITIONAL_JUMP
CODE:9696	CODE:9800	UNCONDITIONAL_CALL
CODE:969b	CODE:974d	UNCONDITIONAL_CALL
CODE:96a1	CODE:a94d	UNCONDITIONAL_CALL
CODE:96a7	EXTMEM:04a8	WRITE
CODE:96a8	CODE:9cf0	UNCONDITIONAL_CALL
CODE:96ae	EXTMEM:04a8	READ
CODE:96b3	CODE:9ba3	UNCONDITIONAL_CALL
CODE:96b6	BITS:0d	WRITE
CODE:96ba	CODE:750e	UNCONDITIONAL_CALL
CODE:96bf	CODE:9fe9	UNCONDITIONAL_CALL
CODE:96c8	CODE:87aa	UNCONDITIONAL_CALL
CODE:96cb	CODE:81ed	UNCONDITIONAL_CALL
CODE:96d1	EXTMEM:059e	READ
CODE:96d7	EXTMEM:05df	WRITE
CODE:96dd	EXTMEM:0559	WRITE
CODE:96e1	EXTMEM:055a	WRITE
CODE:96e2	CODE:7207	UNCONDITIONAL_CALL
CODE:96e7	INTMEM:b2	READ
CODE:96ea	CODE:96fe	CONDITIONAL_JUMP
CODE:96ee	INTMEM:b4	READ
CODE:96f1	CODE:96f9	CONDITIONAL_JUMP
CODE:96f4	CODE:96fe	CONDITIONAL_JUMP
CODE:96f6	CODE:59c0	UNCONDITIONAL_CALL
CODE:96f9	CODE:54bf	UNCONDITIONAL_CALL
CODE:96fc	CODE:96fc	UNCONDITIONAL_JUMP
CODE:9704	INTMEM:b3	READ
CODE:9706	CODE:9710	CONDITIONAL_JUMP
CODE:9709	CODE:9718	CONDITIONAL_JUMP
CODE:970e	CODE:9713	UNCONDITIONAL_JUMP
CODE:9713	EXTMEM:072d	READ
CODE:9713	EXTMEM:072f	READ
CODE:9716	EXTMEM:072e	READ
CODE:9716	EXTMEM:0730	READ
CODE:9720	CODE:9725	CONDITIONAL_JUMP
CODE:972e	CODE:9732	CONDITIONAL_JUMP
CODE:9737	EXTMEM:04b1	WRITE
CODE:973a	EXTMEM:04b2	WRITE
CODE:973d	CODE:8800	UNCONDITIONAL_CALL
CODE:9743	EXTMEM:04b1	READ
CODE:9746	EXTMEM:04b2	READ
CODE:974a	CODE:8800	UNCONDITIONAL_CALL
CODE:974d	CODE:33d6	UNCONDITIONAL_CALL
CODE:9762	INTMEM:07	READ
CODE:9769	INTMEM:b2	READ
CODE:976c	CODE:977e	CONDITIONAL_JUMP
CODE:9770	INTMEM:b4	READ
CODE:9773	CODE:977b	CONDITIONAL_JUMP
CODE:9776	CODE:977e	CONDITIONAL_JUMP
CODE:9781	CODE:866f	UNCONDITIONAL_CALL
CODE:9784	CODE:a6cd	UNCONDITIONAL_CALL
CODE:9787	INTMEM:07	READ
CODE:9789	CODE:a74b	UNCONDITIONAL_CALL
CODE:978c	INTMEM:07	READ
CODE:978e	INTMEM:07	WRITE
CODE:9791	INTMEM:07	READ
CODE:9791	CODE:9799	CONDITIONAL_JUMP
CODE:9796	CODE:a32a	UNCONDITIONAL_CALL
CODE:979c	INTMEM:cb	READ
CODE:979d	BITS:e2	DATA
CODE:979d	CODE:97a4	CONDITIONAL_JUMP
CODE:97a2	CODE:97ac	UNCONDITIONAL_JUMP
CODE:97a6	INTMEM:cb	READ
CODE:97a7	BITS:e3	DATA
CODE:97a7	CODE:97b1	CONDITIONAL_JUMP
CODE:97ac	CODE:7398	UNCONDITIONAL_CALL
CODE:97bd	EXTMEM:04d6	WRITE
CODE:97c0	EXTMEM:04d7	WRITE
CODE:97c1	INTMEM:05	READ
CODE:97c5	EXTMEM:04d8	WRITE
CODE:97c8	EXTMEM:04d9	WRITE
CODE:97c9	CODE:87aa	UNCONDITIONAL_CALL
CODE:97ce	INTMEM:b3	READ
CODE:97e9	EXTMEM:04ad	WRITE
CODE:97ec	EXTMEM:04ae	WRITE
CODE:97ed	CODE:6d78	UNCONDITIONAL_CALL
CODE:97f0	CODE:a077	UNCONDITIONAL_CALL
CODE:97f6	EXTMEM:04ad	READ
CODE:97f9	EXTMEM:04ae	READ
CODE:97fb	CODE:6800	UNCONDITIONAL_CALL
CODE:9807	EXTMEM:2013	READ
CODE:980b	INTMEM:b3	READ
CODE:980f	CODE:b8fa	DATA
CODE:9817	EXTMEM:2013	WRITE
CODE:981d	EXTMEM:04a8	WRITE
CODE:981e	CODE:98f4	UNCONDITIONAL_CALL
CODE:9824	EXTMEM:04a8	READ
CODE:9825	CODE:a99c	UNCONDITIONAL_CALL
CODE:9828	CODE:9dbb	UNCONDITIONAL_CALL
CODE:982f	CODE:65d3	UNCONDITIONAL_CALL
CODE:9834	INTMEM:cb	READ
CODE:9837	CODE:983c	CONDITIONAL_JUMP
CODE:9839	CODE:9a39	UNCONDITIONAL_CALL
CODE:983c	CODE:a153	UNCONDITIONAL_CALL
CODE:983f	CODE:9845	CONDITIONAL_JUMP
CODE:9843	CODE:9847	UNCONDITIONAL_JUMP
CODE:9847	CODE:a03c	UNCONDITIONAL_CALL
CODE:984b	CODE:a153	UNCONDITIONAL_CALL
CODE:984e	CODE:985d	CONDITIONAL_JUMP
CODE:9852	CODE:a6a1	UNCONDITIONAL_CALL
CODE:9855	CODE:9860	CONDITIONAL_JUMP
CODE:9857	CODE:9696	UNCONDITIONAL_CALL
CODE:985a	CODE:9860	CONDITIONAL_JUMP
CODE:985d	CODE:91df	UNCONDITIONAL_CALL
CODE:9860	CODE:8e0b	UNCONDITIONAL_CALL
CODE:9864	CODE:3ffe	UNCONDITIONAL_CALL
CODE:9869	CODE:7bca	UNCONDITIONAL_CALL
CODE:9874	CODE:a7c6	UNCONDITIONAL_CALL
CODE:9877	BITS:0c	WRITE
CODE:9879	CODE:a417	UNCONDITIONAL_CALL
CODE:987d	CODE:9884	CONDITIONAL_JUMP
CODE:9880	BITS:0d	READ
CODE:9882	BITS:05	WRITE
CODE:9885	CODE:988b	CONDITIONAL_JUMP
CODE:9887	BITS:0d	READ
CODE:9889	BITS:04	WRITE
CODE:988e	CODE:4460	UNCONDITIONAL_CALL
CODE:9894	CODE:9d85	UNCONDITIONAL_CALL
CODE:989a	CODE:ae2a	UNCONDITIONAL_CALL
CODE:98a3	CODE:aefd	UNCONDITIONAL_CALL
CODE:98a9	CODE:adf3	UNCONDITIONAL_CALL
CODE:98de	CODE:a34b	UNCONDITIONAL_CALL
CODE:98e3	CODE:a812	UNCONDITIONAL_CALL
CODE:98e6	CODE:33d6	UNCONDITIONAL_CALL
CODE:98ec	CODE:33e2	UNCONDITIONAL_CALL
CODE:98f1	CODE:a99c	UNCONDITIONAL_CALL
CODE:98f4	CODE:9dbb	UNCONDITIONAL_CALL
CODE:98fa	CODE:ae2a	UNCONDITIONAL_CALL
CODE:9903	CODE:aefd	UNCONDITIONAL_CALL
CODE:9909	CODE:adf3	UNCONDITIONAL_CALL
CODE:990c	CODE:33d6	UNCONDITIONAL_CALL
CODE:9924	SFR:c1	READ_WRITE
CODE:992a	INTMEM:cf	WRITE
CODE:992c	INTMEM:d0	WRITE
CODE:992f	INTMEM:ce	WRITE
CODE:9932	INTMEM:d1	WRITE
CODE:9933	SFR:c6	WRITE
CODE:9935	SFR:ce	WRITE
CODE:9937	SFR:d6	WRITE
CODE:9939	SFR:d7	WRITE
CODE:9940	CODE:9eb9	UNCONDITIONAL_CALL
CODE:9943	CODE:9948	CONDITIONAL_JUMP
CODE:994a	CODE:a69a	UNCONDITIONAL_CALL
CODE:994f	CODE:9953	CONDITIONAL_JUMP
CODE:9954	CODE:a7b3	UNCONDITIONAL_CALL
CODE:9957	CODE:9969	CONDITIONAL_JUMP
CODE:9959	CODE:a65b	UNCONDITIONAL_CALL
CODE:995c	CODE:9961	CONDITIONAL_JUMP
CODE:9961	BITS:0c	WRITE
CODE:9963	CODE:a398	UNCONDITIONAL_CALL
CODE:996c	CODE:1076	UNCONDITIONAL_CALL
CODE:9970	CODE:9977	CONDITIONAL_JUMP
CODE:9972	CODE:a7f9	UNCONDITIONAL_CALL
CODE:9975	CODE:9982	CONDITIONAL_JUMP
CODE:997f	CODE:666b	UNCONDITIONAL_CALL
CODE:9985	INTMEM:b3	READ
CODE:9987	CODE:9991	CONDITIONAL_JUMP
CODE:998a	CODE:9999	CONDITIONAL_JUMP
CODE:998f	CODE:9994	UNCONDITIONAL_JUMP
CODE:9995	EXTMEM:072d	WRITE
CODE:9995	EXTMEM:072f	WRITE
CODE:9998	EXTMEM:072e	WRITE
CODE:9998	EXTMEM:0730	WRITE
CODE:999d	CODE:ae2a	UNCONDITIONAL_CALL
CODE:99a3	CODE:1e72	UNCONDITIONAL_CALL
CODE:99b4	CODE:ae2a	UNCONDITIONAL_CALL
CODE:99ba	CODE:1e72	UNCONDITIONAL_CALL
CODE:99c8	CODE:4a3f	UNCONDITIONAL_CALL
CODE:99cf	CODE:a518	UNCONDITIONAL_CALL
CODE:99d2	BITS:11	READ
CODE:99d2	CODE:99de	CONDITIONAL_JUMP
CODE:99d5	CODE:a7fc	UNCONDITIONAL_CALL
CODE:99d8	CODE:99de	CONDITIONAL_JUMP
CODE:99da	BITS:11	WRITE
CODE:99dc	BITS:10	WRITE
CODE:99e1	CODE:a607	UNCONDITIONAL_CALL
CODE:99e4	CODE:99f3	CONDITIONAL_JUMP
CODE:99e6	BITS:0c	WRITE
CODE:99ec	EXTMEM:04c7	WRITE
CODE:99ed	CODE:8954	UNCONDITIONAL_CALL
CODE:99f8	CODE:a6a8	UNCONDITIONAL_CALL
CODE:99fb	CODE:9a02	CONDITIONAL_JUMP
CODE:99fd	CODE:9f89	UNCONDITIONAL_CALL
CODE:9a00	CODE:9a0a	UNCONDITIONAL_JUMP
CODE:9a02	CODE:a7b3	UNCONDITIONAL_CALL
CODE:9a05	CODE:9a0a	CONDITIONAL_JUMP
CODE:9a0f	INTMEM:b3	READ
CODE:9a10	CODE:9a18	CONDITIONAL_JUMP
CODE:9a16	CODE:9a1b	UNCONDITIONAL_JUMP
CODE:9a1b	EXTMEM:0633	READ
CODE:9a1b	EXTMEM:0631	READ
CODE:9a1f	EXTMEM:0634	READ
CODE:9a1f	EXTMEM:0632	READ
CODE:9a25	INTMEM:b3	READ
CODE:9a26	CODE:9a2e	CONDITIONAL_JUMP
CODE:9a2c	CODE:9a31	UNCONDITIONAL_JUMP
CODE:9a31	EXTMEM:0633	READ
CODE:9a31	EXTMEM:0631	READ
CODE:9a33	EXTMEM:0633	WRITE
CODE:9a33	EXTMEM:0631	WRITE
CODE:9a35	EXTMEM:0634	READ
CODE:9a35	EXTMEM:0632	READ
CODE:9a37	EXTMEM:0634	WRITE
CODE:9a37	EXTMEM:0632	WRITE
CODE:9a3b	INTMEM:cb	READ
CODE:9a3c	BITS:e2	DATA
CODE:9a3c	CODE:9a43	CONDITIONAL_JUMP
CODE:9a41	CODE:9a4b	UNCONDITIONAL_JUMP
CODE:9a45	INTMEM:cb	READ
CODE:9a46	BITS:e3	DATA
CODE:9a46	CODE:9a4e	CONDITIONAL_JUMP
CODE:9a4b	CODE:578c	UNCONDITIONAL_CALL
CODE:9a54	EXTMEM:10b8	WRITE
CODE:9a5a	EXTMEM:10ba	WRITE
CODE:9a60	EXTMEM:10bd	WRITE
CODE:9a61	SFR:f4	WRITE
CODE:9a6d	CODE:a818	UNCONDITIONAL_CALL
CODE:9a73	CODE:4758	UNCONDITIONAL_CALL
CODE:9a78	CODE:65d3	UNCONDITIONAL_CALL
CODE:9a83	CODE:a818	UNCONDITIONAL_CALL
CODE:9a89	CODE:4758	UNCONDITIONAL_CALL
CODE:9a8e	CODE:95d5	UNCONDITIONAL_CALL
CODE:9a93	CODE:a6a1	UNCONDITIONAL_CALL
CODE:9a96	CODE:9a9b	CONDITIONAL_JUMP
CODE:9a9d	CODE:a607	UNCONDITIONAL_CALL
CODE:9aa2	CODE:9aa6	CONDITIONAL_JUMP
CODE:9aa9	CODE:a6a8	UNCONDITIONAL_CALL
CODE:9aac	CODE:9ab1	CONDITIONAL_JUMP
CODE:9ab3	CODE:a6a8	UNCONDITIONAL_CALL
CODE:9ab8	CODE:9abc	CONDITIONAL_JUMP
CODE:9abf	CODE:a6a1	UNCONDITIONAL_CALL
CODE:9ac2	CODE:9ac7	CONDITIONAL_JUMP
CODE:9ac9	CODE:a607	UNCONDITIONAL_CALL
CODE:9ace	CODE:9ad2	CONDITIONAL_JUMP
CODE:9adb	CODE:93fa	UNCONDITIONAL_CALL
CODE:9ae2	CODE:6ba4	UNCONDITIONAL_CALL
CODE:9ae5	CODE:866f	UNCONDITIONAL_CALL
CODE:9aea	INTMEM:cc	READ
CODE:9aed	CODE:9afc	CONDITIONAL_JUMP
CODE:9aef	CODE:a53c	UNCONDITIONAL_CALL
CODE:9af2	CODE:9af7	CONDITIONAL_JUMP
CODE:9af4	CODE:866f	UNCONDITIONAL_CALL
CODE:9af9	CODE:9fe9	UNCONDITIONAL_CALL
CODE:9afe	CODE:9b05	CONDITIONAL_JUMP
CODE:9b03	CODE:9b0b	UNCONDITIONAL_JUMP
CODE:9b06	CODE:9b0f	CONDITIONAL_JUMP
CODE:9b12	CODE:a521	UNCONDITIONAL_CALL
CODE:9b19	CODE:9b25	CONDITIONAL_JUMP
CODE:9b1b	CODE:7a62	UNCONDITIONAL_CALL
CODE:9b1e	CODE:9b25	CONDITIONAL_JUMP
CODE:9b20	CODE:8864	UNCONDITIONAL_CALL
CODE:9b29	CODE:a99c	UNCONDITIONAL_CALL
CODE:9b44	INTMEM:05	READ
CODE:9b4b	CODE:79d0	UNCONDITIONAL_CALL
CODE:9b4e	CODE:7fb6	UNCONDITIONAL_CALL
CODE:9b53	INTMEM:b3	READ
CODE:9b55	CODE:345a	UNCONDITIONAL_CALL
CODE:9b5e	CODE:345c	UNCONDITIONAL_CALL
CODE:9b68	INTMEM:cf	WRITE
CODE:9b6b	SFR:ce	WRITE
CODE:9b6d	BITS:c3	WRITE
CODE:9b72	SFR:c7	READ
CODE:9b74	EXTMEM:0722	WRITE
CODE:9b76	EXTMEM:0723	READ
CODE:9b78	CODE:7568	UNCONDITIONAL_CALL
CODE:9b7e	EXTMEM:055d	READ
CODE:9b7f	CODE:9b8e	CONDITIONAL_JUMP
CODE:9b82	CODE:a3ef	UNCONDITIONAL_CALL
CODE:9b89	EXTMEM:0afe	WRITE
CODE:9b8b	EXTMEM:0aff	WRITE
CODE:9b8c	CODE:9b8c	UNCONDITIONAL_JUMP
CODE:9b8f	INTMEM:05	READ
CODE:9b91	INTMEM:04	READ
CODE:9b93	INTMEM:07	READ
CODE:9b95	CODE:8925	UNCONDITIONAL_CALL
CODE:9b99	CODE:9ba2	CONDITIONAL_JUMP
CODE:9b9b	INTMEM:02	READ
CODE:9b9d	INTMEM:03	READ
CODE:9b9f	CODE:97e5	UNCONDITIONAL_CALL
CODE:9ba4	CODE:9bae	CONDITIONAL_JUMP
CODE:9ba8	INTMEM:b3	READ
CODE:9ba9	CODE:44df	UNCONDITIONAL_CALL
CODE:9bae	CODE:447d	UNCONDITIONAL_CALL
CODE:9bb5	INTMEM:cc	WRITE
CODE:9bbb	EXTMEM:04c7	WRITE
CODE:9bbc	BITS:0e	READ
CODE:9bbe	BITS:0f	WRITE
CODE:9bc0	CODE:1800	UNCONDITIONAL_CALL
CODE:9bc6	EXTMEM:04c7	READ
CODE:9bc8	CODE:90f3	UNCONDITIONAL_CALL
CODE:9bcd	CODE:a340	UNCONDITIONAL_CALL
CODE:9bd0	CODE:9bd8	CONDITIONAL_JUMP
CODE:9bd2	CODE:1ee9	UNCONDITIONAL_CALL
CODE:9bd6	CODE:9bdb	CONDITIONAL_JUMP
CODE:9bd8	CODE:a560	UNCONDITIONAL_CALL
CODE:9bdb	CODE:a557	UNCONDITIONAL_CALL
CODE:9be0	SFR:86	WRITE
CODE:9be5	EXTMEM:2039	WRITE
CODE:9be6	SFR:a4	WRITE
CODE:9bec	SFR:bc	READ
CODE:9bee	EXTMEM:04aa	WRITE
CODE:9bf0	SFR:bc	WRITE
CODE:9bf5	INTMEM:b3	READ
CODE:9c13	CODE:aefd	UNCONDITIONAL_CALL
CODE:9c19	INTMEM:0a	WRITE
CODE:9c1d	INTMEM:b3	READ
CODE:9c1f	CODE:34ca	UNCONDITIONAL_CALL
CODE:9c28	CODE:34f4	UNCONDITIONAL_CALL
CODE:9c36	CODE:ae2a	UNCONDITIONAL_CALL
CODE:9c40	CODE:ae2a	UNCONDITIONAL_CALL
CODE:9c45	INTMEM:b2	READ
CODE:9c48	CODE:9c54	CONDITIONAL_JUMP
CODE:9c4c	INTMEM:b4	READ
CODE:9c4f	CODE:9c54	CONDITIONAL_JUMP
CODE:9c59	INTMEM:ab	READ
CODE:9c5c	CODE:9c68	CONDITIONAL_JUMP
CODE:9c5e	CODE:a693	UNCONDITIONAL_CALL
CODE:9c63	CODE:9c6a	CONDITIONAL_JUMP
CODE:9c70	EXTMEM:059e	WRITE
CODE:9c74	EXTMEM:059f	WRITE
CODE:9c76	EXTMEM:05a0	WRITE
CODE:9c7a	EXTMEM:05a1	WRITE
CODE:9c7b	CODE:96cb	UNCONDITIONAL_CALL
CODE:9c8e	CODE:a90e	UNCONDITIONAL_CALL
CODE:9cc7	CODE:a90e	UNCONDITIONAL_CALL
CODE:9ccc	BITS:0d	READ
CODE:9ccc	CODE:9cd5	CONDITIONAL_JUMP
CODE:9cd3	CODE:9cd9	UNCONDITIONAL_JUMP
CODE:9cd9	CODE:87aa	UNCONDITIONAL_CALL
CODE:9ce6	CODE:34d4	UNCONDITIONAL_CALL
CODE:9cee	EXTMEM:2013	WRITE
CODE:9cf9	CODE:34d4	UNCONDITIONAL_CALL
CODE:9d01	EXTMEM:2013	WRITE
CODE:9d03	INTMEM:01	READ
CODE:9d05	CODE:34fc	UNCONDITIONAL_CALL
CODE:9d08	INTMEM:01	READ
CODE:9d0d	INTMEM:01	WRITE
CODE:9d13	CODE:a90e	UNCONDITIONAL_CALL
CODE:9d16	CODE:9ef9	UNCONDITIONAL_CALL
CODE:9d1f	CODE:9d25	CONDITIONAL_JUMP
CODE:9d22	CODE:7ce1	UNCONDITIONAL_CALL
CODE:9d25	CODE:2ca1	UNCONDITIONAL_CALL
CODE:9d3e	CODE:a607	UNCONDITIONAL_CALL
CODE:9d41	CODE:9d4c	CONDITIONAL_JUMP
CODE:9d45	INTMEM:cc	READ
CODE:9d46	CODE:9d4c	CONDITIONAL_JUMP
CODE:9d51	INTMEM:b9	READ
CODE:9d52	CODE:9d5a	CONDITIONAL_JUMP
CODE:9d58	CODE:9d5d	UNCONDITIONAL_JUMP
CODE:9d5f	EXTMEM:05e6	WRITE
CODE:9d5f	EXTMEM:05e2	WRITE
CODE:9d63	INTMEM:b3	READ
CODE:9d66	CODE:9d6e	CONDITIONAL_JUMP
CODE:9d75	INTMEM:b3	READ
CODE:9d87	INTMEM:b3	READ
CODE:9d99	INTMEM:06	READ
CODE:9d99	INTMEM:a7	WRITE
CODE:9d9c	INTMEM:07	READ
CODE:9d9c	INTMEM:a8	WRITE
CODE:9d9e	INTMEM:04	READ
CODE:9da0	INTMEM:05	READ
CODE:9da3	INTMEM:06	READ
CODE:9da3	INTMEM:a9	WRITE
CODE:9da6	INTMEM:07	READ
CODE:9da6	INTMEM:aa	WRITE
CODE:9dbd	INTMEM:b3	READ
CODE:9dd0	EXTMEM:06ed	READ
CODE:9dd3	EXTMEM:06ee	READ
CODE:9de1	INTMEM:b3	READ
CODE:9ded	CODE:9df0	CONDITIONAL_JUMP
CODE:9df3	INTMEM:b4	READ
CODE:9df7	CODE:9e01	CONDITIONAL_JUMP
CODE:9dfc	CODE:628b	UNCONDITIONAL_CALL
CODE:9e05	CODE:a60e	UNCONDITIONAL_CALL
CODE:9e08	CODE:9e12	CONDITIONAL_JUMP
CODE:9e0a	CODE:a435	UNCONDITIONAL_CALL
CODE:9e0d	CODE:9e12	CONDITIONAL_JUMP
CODE:9e15	CODE:a7b3	UNCONDITIONAL_CALL
CODE:9e18	CODE:9e24	CONDITIONAL_JUMP
CODE:9e1a	CODE:a65b	UNCONDITIONAL_CALL
CODE:9e1f	CODE:9e26	CONDITIONAL_JUMP
CODE:9e29	INTMEM:b3	READ
CODE:9e2b	CODE:9e2f	CONDITIONAL_JUMP
CODE:9e32	CODE:4512	UNCONDITIONAL_CALL
CODE:9e3a	CODE:a340	UNCONDITIONAL_CALL
CODE:9e3d	CODE:9e43	CONDITIONAL_JUMP
CODE:9e41	CODE:9e45	UNCONDITIONAL_JUMP
CODE:9e45	CODE:6a27	UNCONDITIONAL_CALL
CODE:9e4b	INTMEM:b3	READ
CODE:9e5d	EXTMEM:04aa	WRITE
CODE:9e5e	CODE:a57b	UNCONDITIONAL_CALL
CODE:9e64	EXTMEM:04aa	READ
CODE:9e66	CODE:7568	UNCONDITIONAL_CALL
CODE:9e6b	INTMEM:be	READ
CODE:9e6c	CODE:9e77	CONDITIONAL_JUMP
CODE:9e71	INTMEM:c0	READ
CODE:9e72	INTMEM:07	READ
CODE:9e72	CODE:9e77	CONDITIONAL_JUMP
CODE:9e7b	INTMEM:be	READ
CODE:9e7c	CODE:9e87	CONDITIONAL_JUMP
CODE:9e81	INTMEM:c0	READ
CODE:9e82	INTMEM:07	READ
CODE:9e82	CODE:9e87	CONDITIONAL_JUMP
CODE:9e89	BITS:0d	WRITE
CODE:9e8b	CODE:9cca	UNCONDITIONAL_CALL
CODE:9e8e	CODE:50a1	UNCONDITIONAL_CALL
CODE:9e93	CODE:a6b5	UNCONDITIONAL_CALL
CODE:9e9b	CODE:a600	UNCONDITIONAL_CALL
CODE:9e9e	CODE:4f9c	UNCONDITIONAL_CALL
CODE:9ea3	CODE:a600	UNCONDITIONAL_CALL
CODE:9ea6	CODE:4f9c	UNCONDITIONAL_CALL
CODE:9eab	INTMEM:b2	READ
CODE:9eac	INTMEM:07	READ
CODE:9eac	CODE:9eb7	CONDITIONAL_JUMP
CODE:9eb1	INTMEM:b4	READ
CODE:9eb2	INTMEM:05	READ
CODE:9eb2	CODE:9eb7	CONDITIONAL_JUMP
CODE:9ebb	INTMEM:ab	READ
CODE:9ebc	INTMEM:07	READ
CODE:9ebc	CODE:9ec7	CONDITIONAL_JUMP
CODE:9ec1	INTMEM:ad	READ
CODE:9ec2	INTMEM:05	READ
CODE:9ec2	CODE:9ec7	CONDITIONAL_JUMP
CODE:9ecb	INTMEM:b3	READ
CODE:9ecc	CODE:9ed4	CONDITIONAL_JUMP
CODE:9ecf	BITS:0d	READ
CODE:9ed1	BITS:01	WRITE
CODE:9ed4	BITS:0d	READ
CODE:9ed6	BITS:00	WRITE
CODE:9ee9	CODE:33d6	UNCONDITIONAL_CALL
CODE:9eef	CODE:a94d	UNCONDITIONAL_CALL
CODE:9ef5	CODE:9ef8	CONDITIONAL_JUMP
CODE:9efb	INTMEM:b3	READ
CODE:9efc	CODE:9f04	CONDITIONAL_JUMP
CODE:9f09	INTMEM:07	READ
CODE:9f0b	CODE:a78b	UNCONDITIONAL_CALL
CODE:9f0e	BITS:0c	WRITE
CODE:9f10	INTMEM:06	READ
CODE:9f12	BITS:0c	READ
CODE:9f14	BITS:0d	WRITE
CODE:9f16	CODE:a5f9	UNCONDITIONAL_CALL
CODE:9f1b	INTMEM:b3	READ
CODE:9f2b	INTMEM:b3	READ
CODE:9f2c	CODE:9f34	CONDITIONAL_JUMP
CODE:9f3b	INTMEM:b3	READ
CODE:9f3c	CODE:9f44	CONDITIONAL_JUMP
CODE:9f4b	INTMEM:b3	READ
CODE:9f5b	INTMEM:b3	READ
CODE:9f6d	EXTMEM:10b8	WRITE
CODE:9f71	EXTMEM:10ba	WRITE
CODE:9f75	EXTMEM:10bd	WRITE
CODE:9f76	SFR:f4	WRITE
CODE:9f79	CODE:98f4	UNCONDITIONAL_CALL
CODE:9f7c	CODE:a81b	UNCONDITIONAL_CALL
CODE:9f7f	CODE:9dbb	UNCONDITIONAL_CALL
CODE:9f86	CODE:65d3	UNCONDITIONAL_CALL
CODE:9f89	CODE:98f4	UNCONDITIONAL_CALL
CODE:9f8c	CODE:a827	UNCONDITIONAL_CALL
CODE:9f8f	CODE:9dbb	UNCONDITIONAL_CALL
CODE:9f96	CODE:65d3	UNCONDITIONAL_CALL
CODE:9f99	CODE:98f4	UNCONDITIONAL_CALL
CODE:9f9c	CODE:a81e	UNCONDITIONAL_CALL
CODE:9f9f	CODE:9dbb	UNCONDITIONAL_CALL
CODE:9fa6	CODE:65d3	UNCONDITIONAL_CALL
CODE:9fab	CODE:a6a8	UNCONDITIONAL_CALL
CODE:9fae	CODE:9fb6	CONDITIONAL_JUMP
CODE:9fb0	CODE:9a39	UNCONDITIONAL_CALL
CODE:9fbb	CODE:a6a8	UNCONDITIONAL_CALL
CODE:9fbe	CODE:9fc6	CONDITIONAL_JUMP
CODE:9fc0	CODE:9a39	UNCONDITIONAL_CALL
CODE:9fc9	CODE:a7b3	UNCONDITIONAL_CALL
CODE:9fcc	CODE:9fd6	CONDITIONAL_JUMP
CODE:9fd0	CODE:a73f	UNCONDITIONAL_CALL
CODE:9fd9	CODE:a7b3	UNCONDITIONAL_CALL
CODE:9fdc	CODE:9fe6	CONDITIONAL_JUMP
CODE:9fe0	CODE:a73f	UNCONDITIONAL_CALL
CODE:9feb	INTMEM:b3	READ
CODE:9ff5	CODE:666b	UNCONDITIONAL_CALL
CODE:9ff8	CODE:50a8	UNCONDITIONAL_CALL
CODE:a004	CODE:a00d	CONDITIONAL_JUMP
CODE:a00a	CODE:a00d	CONDITIONAL_JUMP
CODE:a011	INTMEM:b3	READ
CODE:a020	INTMEM:b3	READ
CODE:a02a	CODE:666b	UNCONDITIONAL_CALL
CODE:a02f	INTMEM:b3	READ
CODE:a039	CODE:666b	UNCONDITIONAL_CALL
CODE:a03e	INTMEM:b3	READ
CODE:a048	CODE:666b	UNCONDITIONAL_CALL
CODE:a04d	INTMEM:b3	READ
CODE:a057	CODE:666b	UNCONDITIONAL_CALL
CODE:a05c	INTMEM:b3	READ
CODE:a066	CODE:666b	UNCONDITIONAL_CALL
CODE:a06d	CODE:b9ad	DATA
CODE:a071	CODE:25d4	UNCONDITIONAL_CALL
CODE:a074	CODE:27b2	UNCONDITIONAL_CALL
CODE:a077	CODE:440b	UNCONDITIONAL_CALL
CODE:a085	CODE:440b	UNCONDITIONAL_CALL
CODE:a093	CODE:440b	UNCONDITIONAL_CALL
CODE:a0ab	CODE:83f7	UNCONDITIONAL_CALL
CODE:a0b9	CODE:83f7	UNCONDITIONAL_CALL
CODE:a0c0	EXTMEM:06ed	READ
CODE:a0c3	EXTMEM:06ee	READ
CODE:a0cf	CODE:83ef	UNCONDITIONAL_CALL
CODE:a0d6	CODE:a9ae	UNCONDITIONAL_CALL
CODE:a0d9	BITS:0a	READ
CODE:a0e0	CODE:83ef	UNCONDITIONAL_CALL
CODE:a0e4	CODE:a99c	UNCONDITIONAL_CALL
CODE:a0eb	CODE:9eb9	UNCONDITIONAL_CALL
CODE:a0f0	CODE:a0f4	CONDITIONAL_JUMP
CODE:a0f7	INTMEM:ab	WRITE
CODE:a0fb	INTMEM:ad	WRITE
CODE:a0fd	CODE:7eb6	UNCONDITIONAL_CALL
CODE:a100	CODE:a77b	UNCONDITIONAL_CALL
CODE:a107	CODE:9eb9	UNCONDITIONAL_CALL
CODE:a10c	CODE:a110	CONDITIONAL_JUMP
CODE:a113	CODE:a607	UNCONDITIONAL_CALL
CODE:a116	CODE:a11b	CONDITIONAL_JUMP
CODE:a118	CODE:9200	UNCONDITIONAL_CALL
CODE:a11b	CODE:4000	UNCONDITIONAL_CALL
CODE:a11f	CODE:a077	UNCONDITIONAL_CALL
CODE:a122	CODE:a934	UNCONDITIONAL_CALL
CODE:a125	CODE:a12a	CONDITIONAL_JUMP
CODE:a12c	CODE:9d73	UNCONDITIONAL_CALL
CODE:a132	CODE:aac4	UNCONDITIONAL_CALL
CODE:a13d	CODE:b833	DATA
CODE:a140	INTMEM:c9	READ
CODE:a142	CODE:a145	CONDITIONAL_JUMP
CODE:a146	CODE:33d6	UNCONDITIONAL_CALL
CODE:a14c	CODE:a94d	UNCONDITIONAL_CALL
CODE:a153	CODE:a739	UNCONDITIONAL_CALL
CODE:a15a	CODE:a15e	CONDITIONAL_JUMP
CODE:a160	CODE:a1ff	UNCONDITIONAL_CALL
CODE:a163	CODE:33d6	UNCONDITIONAL_CALL
CODE:a16a	CODE:a9ae	UNCONDITIONAL_CALL
CODE:a16d	CODE:83d4	UNCONDITIONAL_CALL
CODE:a17c	INTMEM:b7	READ
CODE:a17d	BITS:e2	DATA
CODE:a17d	CODE:a183	CONDITIONAL_JUMP
CODE:a180	CODE:7b82	UNCONDITIONAL_CALL
CODE:a183	CODE:7def	UNCONDITIONAL_CALL
CODE:a189	CODE:9e79	UNCONDITIONAL_CALL
CODE:a18e	CODE:a192	CONDITIONAL_JUMP
CODE:a195	INTMEM:07	READ
CODE:a195	INTMEM:b3	WRITE
CODE:a197	CODE:9645	UNCONDITIONAL_CALL
CODE:a19a	BITS:0d	WRITE
CODE:a19c	CODE:9cca	UNCONDITIONAL_CALL
CODE:a1a1	INTMEM:b3	READ
CODE:a1a3	CODE:7d25	UNCONDITIONAL_CALL
CODE:a1a8	CODE:a32a	UNCONDITIONAL_CALL
CODE:a1ad	INTMEM:b3	READ
CODE:a1ae	CODE:a1b4	CONDITIONAL_JUMP
CODE:a1b1	BITS:05	READ
CODE:a1b4	BITS:04	READ
CODE:a1b9	INTMEM:b3	READ
CODE:a1ba	CODE:a1c0	CONDITIONAL_JUMP
CODE:a1bd	BITS:08	READ
CODE:a1c0	BITS:07	READ
CODE:a1c3	CODE:1f4c	UNCONDITIONAL_CALL
CODE:a1c6	INTMEM:05	READ
CODE:a1cc	INTMEM:07	READ
CODE:a1cf	BITS:0d	WRITE
CODE:a1d1	CODE:6c35	UNCONDITIONAL_CALL
CODE:a1d8	CODE:7af2	UNCONDITIONAL_CALL
CODE:a1dc	SFR:a8	WRITE
CODE:a1de	SFR:aa	WRITE
CODE:a1e1	SFR:a9	WRITE
CODE:a1e4	BITS:a8	WRITE
CODE:a1e7	CODE:9f49	UNCONDITIONAL_CALL
CODE:a1ea	CODE:a721	UNCONDITIONAL_CALL
CODE:a1ed	CODE:3464	UNCONDITIONAL_CALL
CODE:a1f5	INTMEM:b3	READ
CODE:a1f6	CODE:342d	UNCONDITIONAL_CALL
CODE:a1fb	CODE:a1fe	CONDITIONAL_JUMP
CODE:a201	CODE:a340	UNCONDITIONAL_CALL
CODE:a206	CODE:a20a	CONDITIONAL_JUMP
CODE:a20b	CODE:76d6	UNCONDITIONAL_CALL
CODE:a212	SFR:df	WRITE
CODE:a214	SFR:de	WRITE
CODE:a21a	EXTMEM:06ee	READ
CODE:a21d	CODE:83c7	UNCONDITIONAL_CALL
CODE:a220	CODE:666b	UNCONDITIONAL_CALL
CODE:a226	EXTMEM:06ee	READ
CODE:a229	CODE:83c7	UNCONDITIONAL_CALL
CODE:a22c	CODE:666b	UNCONDITIONAL_CALL
CODE:a22f	CODE:83d4	UNCONDITIONAL_CALL
CODE:a23e	EXTMEM:06ee	READ
CODE:a241	CODE:83c7	UNCONDITIONAL_CALL
CODE:a244	CODE:666b	UNCONDITIONAL_CALL
CODE:a24a	EXTMEM:06ee	READ
CODE:a24d	CODE:83c7	UNCONDITIONAL_CALL
CODE:a250	CODE:666b	UNCONDITIONAL_CALL
CODE:a253	CODE:107e	UNCONDITIONAL_CALL
CODE:a25a	EXTMEM:0735	WRITE
CODE:a25d	EXTMEM:0736	WRITE
CODE:a261	CODE:a60e	UNCONDITIONAL_CALL
CODE:a266	CODE:a26a	CONDITIONAL_JUMP
CODE:a26b	CODE:9ef9	UNCONDITIONAL_CALL
CODE:a272	EXTMEM:0750	WRITE
CODE:a275	EXTMEM:0751	WRITE
CODE:a279	CODE:a69a	UNCONDITIONAL_CALL
CODE:a27e	CODE:a282	CONDITIONAL_JUMP
CODE:a285	CODE:974d	UNCONDITIONAL_CALL
CODE:a288	CODE:aa99	UNCONDITIONAL_CALL
CODE:a28f	CODE:a153	UNCONDITIONAL_CALL
CODE:a292	CODE:a297	CONDITIONAL_JUMP
CODE:a294	CODE:9a65	UNCONDITIONAL_CALL
CODE:a297	CODE:9a7b	UNCONDITIONAL_CALL
CODE:a29d	INTMEM:b6	READ
CODE:a2a4	CODE:8ecd	UNCONDITIONAL_CALL
CODE:a2a9	CODE:a6a8	UNCONDITIONAL_CALL
CODE:a2ae	CODE:a2b2	CONDITIONAL_JUMP
CODE:a2b5	CODE:a607	UNCONDITIONAL_CALL
CODE:a2ba	CODE:a2be	CONDITIONAL_JUMP
CODE:a2c1	CODE:a60e	UNCONDITIONAL_CALL
CODE:a2c6	CODE:a2ca	CONDITIONAL_JUMP
CODE:a2cd	CODE:a607	UNCONDITIONAL_CALL
CODE:a2d2	CODE:a2d6	CONDITIONAL_JUMP
CODE:a2d9	CODE:a6a8	UNCONDITIONAL_CALL
CODE:a2de	CODE:a2e2	CONDITIONAL_JUMP
CODE:a2e5	CODE:a607	UNCONDITIONAL_CALL
CODE:a2ea	CODE:a2ee	CONDITIONAL_JUMP
CODE:a2f1	CODE:a607	UNCONDITIONAL_CALL
CODE:a2f6	CODE:a2fa	CONDITIONAL_JUMP
CODE:a2fd	CODE:a6a8	UNCONDITIONAL_CALL
CODE:a302	CODE:a306	CONDITIONAL_JUMP
CODE:a309	CODE:a6a8	UNCONDITIONAL_CALL
CODE:a30e	CODE:a312	CONDITIONAL_JUMP
CODE:a313	CODE:a53c	UNCONDITIONAL_CALL
CODE:a316	CODE:a31b	CONDITIONAL_JUMP
CODE:a318	CODE:70d1	UNCONDITIONAL_CALL
CODE:a31b	CODE:58e1	UNCONDITIONAL_CALL
CODE:a321	CODE:9e69	UNCONDITIONAL_CALL
CODE:a324	CODE:a327	CONDITIONAL_JUMP
CODE:a32c	INTMEM:be	WRITE
CODE:a330	INTMEM:07	READ
CODE:a330	INTMEM:c0	WRITE
CODE:a332	CODE:6361	UNCONDITIONAL_CALL
CODE:a335	CODE:43ee	UNCONDITIONAL_CALL
CODE:a339	CODE:a33e	CONDITIONAL_JUMP
CODE:a340	CODE:444e	UNCONDITIONAL_CALL
CODE:a344	INTMEM:07	READ
CODE:a344	CODE:a349	CONDITIONAL_JUMP
CODE:a34e	CODE:a355	CONDITIONAL_JUMP
CODE:a350	CODE:44f6	UNCONDITIONAL_CALL
CODE:a358	INTMEM:b3	READ
CODE:a35b	CODE:4512	UNCONDITIONAL_CALL
CODE:a363	INTMEM:b3	READ
CODE:a365	BITS:0c	READ
CODE:a367	BITS:0d	WRITE
CODE:a369	CODE:987c	UNCONDITIONAL_CALL
CODE:a36c	CODE:3491	UNCONDITIONAL_CALL
CODE:a379	INTMEM:b3	READ
CODE:a37d	CODE:b8f0	DATA
CODE:a37f	SFR:c1	READ_WRITE
CODE:a382	CODE:33d6	UNCONDITIONAL_CALL
CODE:a385	CODE:33df	UNCONDITIONAL_CALL
CODE:a38a	CODE:a99c	UNCONDITIONAL_CALL
CODE:a38f	INTMEM:b3	READ
CODE:a392	CODE:3401	UNCONDITIONAL_CALL
CODE:a398	BITS:0c	READ
CODE:a39d	CODE:349f	UNCONDITIONAL_CALL
CODE:a3a3	CODE:a739	UNCONDITIONAL_CALL
CODE:a3aa	CODE:a3ad	CONDITIONAL_JUMP
CODE:a3ae	CODE:a739	UNCONDITIONAL_CALL
CODE:a3b5	CODE:a3b8	CONDITIONAL_JUMP
CODE:a3b9	CODE:33d6	UNCONDITIONAL_CALL
CODE:a3bf	CODE:a94d	UNCONDITIONAL_CALL
CODE:a3c4	CODE:83d4	UNCONDITIONAL_CALL
CODE:a3c9	CODE:83e7	UNCONDITIONAL_CALL
CODE:a3cf	CODE:83d4	UNCONDITIONAL_CALL
CODE:a3d4	CODE:83e7	UNCONDITIONAL_CALL
CODE:a3dd	EXTMEM:04a9	READ
CODE:a3e2	EXTMEM:04a8	READ
CODE:a3e8	CODE:ad6d	UNCONDITIONAL_CALL
CODE:a3f1	CODE:a193	UNCONDITIONAL_CALL
CODE:a3f6	CODE:a193	UNCONDITIONAL_CALL
CODE:a3fb	INTMEM:b3	READ
CODE:a3fc	CODE:97db	UNCONDITIONAL_CALL
CODE:a403	CODE:440b	UNCONDITIONAL_CALL
CODE:a406	CODE:450a	UNCONDITIONAL_CALL
CODE:a40d	CODE:43ee	UNCONDITIONAL_CALL
CODE:a415	INTMEM:ca	WRITE
CODE:a417	BITS:0c	READ
CODE:a417	CODE:a41d	CONDITIONAL_JUMP
CODE:a41a	CODE:8a95	UNCONDITIONAL_CALL
CODE:a41d	CODE:8317	UNCONDITIONAL_CALL
CODE:a421	CODE:33d6	UNCONDITIONAL_CALL
CODE:a428	CODE:a9ae	UNCONDITIONAL_CALL
CODE:a42d	INTMEM:cb	READ
CODE:a431	CODE:a434	CONDITIONAL_JUMP
CODE:a437	INTMEM:cb	READ
CODE:a43b	CODE:a43e	CONDITIONAL_JUMP
CODE:a449	SFR:ce	WRITE
CODE:a44c	SFR:c2	READ_WRITE
CODE:a44f	SFR:c1	READ_WRITE
CODE:a455	CODE:a0bd	UNCONDITIONAL_CALL
CODE:a45a	CODE:9dcd	UNCONDITIONAL_CALL
CODE:a45f	CODE:9023	UNCONDITIONAL_CALL
CODE:a464	CODE:a0cb	UNCONDITIONAL_CALL
CODE:a467	CODE:83d4	UNCONDITIONAL_CALL
CODE:a46c	CODE:83e7	UNCONDITIONAL_CALL
CODE:a471	CODE:83d4	UNCONDITIONAL_CALL
CODE:a487	CODE:9023	UNCONDITIONAL_CALL
CODE:a48c	CODE:a0cb	UNCONDITIONAL_CALL
CODE:a491	CODE:974d	UNCONDITIONAL_CALL
CODE:a494	CODE:471f	UNCONDITIONAL_CALL
CODE:a49b	CODE:8601	UNCONDITIONAL_CALL
CODE:a4a0	CODE:a03c	UNCONDITIONAL_CALL
CODE:a4a3	CODE:a7b3	UNCONDITIONAL_CALL
CODE:a4a8	CODE:a4ac	CONDITIONAL_JUMP
CODE:a4ad	CODE:a7b3	UNCONDITIONAL_CALL
CODE:a4b2	CODE:a4b6	CONDITIONAL_JUMP
CODE:a4b7	CODE:a7b3	UNCONDITIONAL_CALL
CODE:a4bc	CODE:a4c0	CONDITIONAL_JUMP
CODE:a4c1	CODE:a7b3	UNCONDITIONAL_CALL
CODE:a4c6	CODE:a4ca	CONDITIONAL_JUMP
CODE:a4cb	CODE:a7b3	UNCONDITIONAL_CALL
CODE:a4d0	CODE:a4d4	CONDITIONAL_JUMP
CODE:a4d5	CODE:a7b3	UNCONDITIONAL_CALL
CODE:a4da	CODE:a4de	CONDITIONAL_JUMP
CODE:a4df	CODE:a7b3	UNCONDITIONAL_CALL
CODE:a4e4	CODE:a4e8	CONDITIONAL_JUMP
CODE:a4e9	CODE:a7b3	UNCONDITIONAL_CALL
CODE:a4ee	CODE:a4f2	CONDITIONAL_JUMP
CODE:a4f3	CODE:a7b3	UNCONDITIONAL_CALL
CODE:a4f8	CODE:a4fc	CONDITIONAL_JUMP
CODE:a4fd	CODE:9046	UNCONDITIONAL_CALL
CODE:a500	CODE:a26b	UNCONDITIONAL_CALL
CODE:a503	CODE:93bc	UNCONDITIONAL_CALL
CODE:a506	CODE:82b0	UNCONDITIONAL_CALL
CODE:a50c	CODE:866f	UNCONDITIONAL_CALL
CODE:a512	CODE:a517	CONDITIONAL_JUMP
CODE:a514	CODE:96b1	UNCONDITIONAL_CALL
CODE:a51e	CODE:aa6d	UNCONDITIONAL_CALL
CODE:a523	INTMEM:b3	READ
CODE:a52c	INTMEM:b3	READ
CODE:a530	INTMEM:07	READ
CODE:a533	CODE:a595	UNCONDITIONAL_CALL
CODE:a536	CODE:5085	UNCONDITIONAL_CALL
CODE:a53c	CODE:43ee	UNCONDITIONAL_CALL
CODE:a541	CODE:a544	CONDITIONAL_JUMP
CODE:a545	CODE:43ee	UNCONDITIONAL_CALL
CODE:a54c	INTMEM:ca	WRITE
CODE:a552	CODE:a638	UNCONDITIONAL_CALL
CODE:a559	INTMEM:b3	READ
CODE:a562	INTMEM:b3	READ
CODE:a56a	SFR:a8	WRITE
CODE:a56c	BITS:a8	WRITE
CODE:a56e	SFR:c9	READ_WRITE
CODE:a572	CODE:3491	UNCONDITIONAL_CALL
CODE:a577	CODE:a57a	CONDITIONAL_JUMP
CODE:a57f	EXTMEM:072a	WRITE
CODE:a580	CODE:76bf	UNCONDITIONAL_CALL
CODE:a586	CODE:83dc	UNCONDITIONAL_CALL
CODE:a595	CODE:a093	UNCONDITIONAL_CALL
CODE:a598	CODE:a934	UNCONDITIONAL_CALL
CODE:a59f	CODE:43f0	UNCONDITIONAL_CALL
CODE:a5a7	CODE:4436	UNCONDITIONAL_CALL
CODE:a5b8	EXTMEM:2013	READ
CODE:a5bb	EXTMEM:2013	WRITE
CODE:a5bf	CODE:344c	UNCONDITIONAL_CALL
CODE:a5c7	CODE:344c	UNCONDITIONAL_CALL
CODE:a5cd	CODE:a45d	UNCONDITIONAL_CALL
CODE:a5d0	BITS:0a	WRITE
CODE:a5d2	CODE:a0d9	UNCONDITIONAL_CALL
CODE:a5d7	CODE:a6a8	UNCONDITIONAL_CALL
CODE:a5dd	INTMEM:07	READ
CODE:a5e1	CODE:9ea9	UNCONDITIONAL_CALL
CODE:a5e6	INTMEM:07	READ
CODE:a5e6	INTMEM:b3	WRITE
CODE:a5e8	CODE:9046	UNCONDITIONAL_CALL
CODE:a5ee	INTMEM:c7	WRITE
CODE:a5f0	INTMEM:c8	WRITE
CODE:a5f4	INTMEM:b3	READ
CODE:a5f6	CODE:109e	UNCONDITIONAL_CALL
CODE:a5f9	BITS:0d	READ
CODE:a5fb	BITS:0e	WRITE
CODE:a5fd	CODE:9bb7	UNCONDITIONAL_CALL
CODE:a602	INTMEM:07	READ
CODE:a602	INTMEM:b3	WRITE
CODE:a604	CODE:9046	UNCONDITIONAL_CALL
CODE:a607	INTMEM:07	READ
CODE:a60b	CODE:9ea9	UNCONDITIONAL_CALL
CODE:a60e	INTMEM:07	READ
CODE:a612	CODE:9ea9	UNCONDITIONAL_CALL
CODE:a615	CODE:4434	UNCONDITIONAL_CALL
CODE:a61f	CODE:84a1	UNCONDITIONAL_CALL
CODE:a626	CODE:84a1	UNCONDITIONAL_CALL
CODE:a63a	INTMEM:b3	READ
CODE:a63c	CODE:8800	UNCONDITIONAL_CALL
CODE:a63f	INTMEM:07	READ
CODE:a643	CODE:a638	UNCONDITIONAL_CALL
CODE:a646	INTMEM:07	READ
CODE:a64a	CODE:a638	UNCONDITIONAL_CALL
CODE:a64d	INTMEM:07	READ
CODE:a651	CODE:a638	UNCONDITIONAL_CALL
CODE:a659	EXTMEM:2011	WRITE
CODE:a65b	CODE:349f	UNCONDITIONAL_CALL
CODE:a662	CODE:3464	UNCONDITIONAL_CALL
CODE:a669	CODE:34fc	UNCONDITIONAL_CALL
CODE:a670	CODE:34ac	UNCONDITIONAL_CALL
CODE:a677	CODE:34b9	UNCONDITIONAL_CALL
CODE:a67e	BITS:b7	WRITE
CODE:a680	BITS:b2	WRITE
CODE:a682	BITS:b5	WRITE
CODE:a685	SFR:a1	WRITE
CODE:a688	SFR:a0	WRITE
CODE:a68c	INTMEM:07	READ
CODE:a690	CODE:9ea9	UNCONDITIONAL_CALL
CODE:a695	CODE:628b	UNCONDITIONAL_CALL
CODE:a69a	INTMEM:07	READ
CODE:a69e	CODE:9eb9	UNCONDITIONAL_CALL
CODE:a6a1	INTMEM:07	READ
CODE:a6a5	CODE:9ea9	UNCONDITIONAL_CALL
CODE:a6a8	INTMEM:07	READ
CODE:a6ac	CODE:9ea9	UNCONDITIONAL_CALL
CODE:a6af	CODE:9ad3	UNCONDITIONAL_CALL
CODE:a6b2	CODE:a803	UNCONDITIONAL_CALL
CODE:a6b5	CODE:50e1	UNCONDITIONAL_CALL
CODE:a6bb	CODE:9c7e	UNCONDITIONAL_CALL
CODE:a6be	CODE:6361	UNCONDITIONAL_CALL
CODE:a6c1	CODE:50ee	UNCONDITIONAL_CALL
CODE:a6c7	CODE:50ee	UNCONDITIONAL_CALL
CODE:a6cd	CODE:506b	UNCONDITIONAL_CALL
CODE:a6d3	CODE:506b	UNCONDITIONAL_CALL
CODE:a6d9	CODE:444e	UNCONDITIONAL_CALL
CODE:a6df	CODE:444e	UNCONDITIONAL_CALL
CODE:a6e5	CODE:44e9	UNCONDITIONAL_CALL
CODE:a6eb	CODE:44f6	UNCONDITIONAL_CALL
CODE:a6f1	CODE:4441	UNCONDITIONAL_CALL
CODE:a6f7	CODE:4441	UNCONDITIONAL_CALL
CODE:a6fd	CODE:43ee	UNCONDITIONAL_CALL
CODE:a703	CODE:4434	UNCONDITIONAL_CALL
CODE:a709	CODE:4434	UNCONDITIONAL_CALL
CODE:a70f	CODE:445b	UNCONDITIONAL_CALL
CODE:a715	CODE:445b	UNCONDITIONAL_CALL
CODE:a71b	CODE:3491	UNCONDITIONAL_CALL
CODE:a721	CODE:3457	UNCONDITIONAL_CALL
CODE:a727	CODE:351a	UNCONDITIONAL_CALL
CODE:a72d	CODE:351a	UNCONDITIONAL_CALL
CODE:a733	CODE:a721	UNCONDITIONAL_CALL
CODE:a736	CODE:9c1b	UNCONDITIONAL_CALL
CODE:a739	CODE:3527	UNCONDITIONAL_CALL
CODE:a73f	CODE:3527	UNCONDITIONAL_CALL
CODE:a745	CODE:3534	UNCONDITIONAL_CALL
CODE:a74b	CODE:3534	UNCONDITIONAL_CALL
CODE:a751	CODE:34ac	UNCONDITIONAL_CALL
CODE:a757	CODE:34ac	UNCONDITIONAL_CALL
CODE:a75d	CODE:34b9	UNCONDITIONAL_CALL
CODE:a763	CODE:34b9	UNCONDITIONAL_CALL
CODE:a76d	EXTMEM:0723	WRITE
CODE:a76f	CODE:a453	UNCONDITIONAL_CALL
CODE:a772	CODE:a5cd	UNCONDITIONAL_CALL
CODE:a775	CODE:9cb7	UNCONDITIONAL_CALL
CODE:a778	CODE:7eb6	UNCONDITIONAL_CALL
CODE:a77b	CODE:8ef3	UNCONDITIONAL_CALL
CODE:a77e	CODE:8f19	UNCONDITIONAL_CALL
CODE:a783	CODE:9115	UNCONDITIONAL_CALL
CODE:a788	CODE:a572	UNCONDITIONAL_CALL
CODE:a78d	CODE:a572	UNCONDITIONAL_CALL
CODE:a790	CODE:9ff8	UNCONDITIONAL_CALL
CODE:a7a6	INTMEM:d1	READ
CODE:a7ab	CODE:5e73	UNCONDITIONAL_CALL
CODE:a7b0	CODE:a03c	UNCONDITIONAL_CALL
CODE:a7b5	CODE:a6a1	UNCONDITIONAL_CALL
CODE:a7b8	SFR:a0	READ_WRITE
CODE:a7bc	SFR:a0	READ_WRITE
CODE:a7c0	CODE:793a	UNCONDITIONAL_JUMP
CODE:a7c3	CODE:96cb	UNCONDITIONAL_JUMP
CODE:a7c6	CODE:8832	UNCONDITIONAL_JUMP
CODE:a7c9	CODE:9bcb	UNCONDITIONAL_JUMP
CODE:a7cc	CODE:999a	UNCONDITIONAL_JUMP
CODE:a7cf	CODE:86a5	UNCONDITIONAL_JUMP
CODE:a7d5	CODE:80f9	UNCONDITIONAL_JUMP
CODE:a7d8	CODE:a00f	UNCONDITIONAL_JUMP
CODE:a7db	CODE:170e	UNCONDITIONAL_JUMP
CODE:a7de	CODE:7bca	UNCONDITIONAL_JUMP
CODE:a7e1	CODE:90f3	UNCONDITIONAL_JUMP
CODE:a7e4	CODE:a557	UNCONDITIONAL_JUMP
CODE:a7e7	CODE:a560	UNCONDITIONAL_JUMP
CODE:a7ea	CODE:9b27	UNCONDITIONAL_JUMP
CODE:a7ed	CODE:99b1	UNCONDITIONAL_JUMP
CODE:a7f9	BITS:09	READ
CODE:a7fc	BITS:03	READ
CODE:a800	CODE:a19f	UNCONDITIONAL_JUMP
CODE:a803	CODE:102e	UNCONDITIONAL_JUMP
CODE:a806	CODE:103e	UNCONDITIONAL_JUMP
CODE:a809	CODE:1046	UNCONDITIONAL_JUMP
CODE:a80c	CODE:a7de	UNCONDITIONAL_JUMP
CODE:a812	CODE:a6c1	UNCONDITIONAL_JUMP
CODE:a815	CODE:a7e1	UNCONDITIONAL_JUMP
CODE:a818	CODE:a7ea	UNCONDITIONAL_JUMP
CODE:a81b	CODE:a7ed	UNCONDITIONAL_JUMP
CODE:a81e	CODE:a7cc	UNCONDITIONAL_JUMP
CODE:a824	CODE:a7cf	UNCONDITIONAL_JUMP
CODE:a827	CODE:a7d5	UNCONDITIONAL_JUMP
CODE:a82a	CODE:a7c9	UNCONDITIONAL_JUMP
CODE:a82d	CODE:a7d8	UNCONDITIONAL_JUMP
CODE:a830	CODE:a7db	UNCONDITIONAL_JUMP
CODE:a833	CODE:9281	UNCONDITIONAL_JUMP
CODE:a836	CODE:a45d	UNCONDITIONAL_JUMP
CODE:a839	CODE:a0f5	UNCONDITIONAL_JUMP
CODE:a842	CODE:a83e	CONDITIONAL_JUMP
CODE:a844	CODE:a88c	UNCONDITIONAL_JUMP
CODE:a84a	CODE:a846	CONDITIONAL_JUMP
CODE:a84c	CODE:a88c	UNCONDITIONAL_JUMP
CODE:a856	CODE:a852	CONDITIONAL_JUMP
CODE:a858	CODE:a88c	UNCONDITIONAL_JUMP
CODE:a85e	CODE:a85a	CONDITIONAL_JUMP
CODE:a860	CODE:a8da	UNCONDITIONAL_JUMP
CODE:a866	CODE:a862	CONDITIONAL_JUMP
CODE:a868	CODE:a8da	UNCONDITIONAL_JUMP
CODE:a872	CODE:a86e	CONDITIONAL_JUMP
CODE:a874	CODE:a8da	UNCONDITIONAL_JUMP
CODE:a87e	CODE:a87a	CONDITIONAL_JUMP
CODE:a880	CODE:a8da	UNCONDITIONAL_JUMP
CODE:a88a	CODE:a886	CONDITIONAL_JUMP
CODE:a88c	CODE:a8da	UNCONDITIONAL_JUMP
CODE:a88e	CODE:a862	UNCONDITIONAL_JUMP
CODE:a890	CODE:a88c	UNCONDITIONAL_JUMP
CODE:a892	CODE:a85a	UNCONDITIONAL_CALL
CODE:a894	CODE:a86a	UNCONDITIONAL_CALL
CODE:a896	CODE:a901	UNCONDITIONAL_JUMP
CODE:a898	CODE:a88c	UNCONDITIONAL_JUMP
CODE:a89a	CODE:a8cf	UNCONDITIONAL_JUMP
CODE:a89c	CODE:a8ae	UNCONDITIONAL_JUMP
CODE:a89e	CODE:a846	UNCONDITIONAL_CALL
CODE:a8a0	CODE:a88c	UNCONDITIONAL_JUMP
CODE:a8a2	CODE:a83e	UNCONDITIONAL_CALL
CODE:a8a4	CODE:a84e	UNCONDITIONAL_CALL
CODE:a8a6	CODE:a882	UNCONDITIONAL_CALL
CODE:a8a8	CODE:a88c	UNCONDITIONAL_JUMP
CODE:a8aa	CODE:a876	UNCONDITIONAL_CALL
CODE:a8ac	CODE:a8e1	UNCONDITIONAL_JUMP
CODE:a8c9	CODE:a8b4	CONDITIONAL_JUMP
CODE:a8cb	CODE:a8b4	CONDITIONAL_JUMP
CODE:a8cd	CODE:a8dc	UNCONDITIONAL_JUMP
CODE:a8d8	CODE:a8d3	CONDITIONAL_JUMP
CODE:a8fb	CODE:a8e7	CONDITIONAL_JUMP
CODE:a8fd	CODE:a8e7	CONDITIONAL_JUMP
CODE:a8ff	CODE:a8dc	UNCONDITIONAL_JUMP
CODE:a90a	CODE:a905	CONDITIONAL_JUMP
CODE:a90c	CODE:a8da	UNCONDITIONAL_JUMP
CODE:a911	CODE:a914	CONDITIONAL_JUMP
CODE:a915	CODE:a8da	CONDITIONAL_JUMP
CODE:a91c	CODE:a91f	CONDITIONAL_JUMP
CODE:a91f	CODE:a8da	CONDITIONAL_JUMP
CODE:a926	CODE:a929	CONDITIONAL_JUMP
CODE:a929	CODE:a8da	CONDITIONAL_JUMP
CODE:a933	CODE:a88e	COMPUTED_JUMP
CODE:a933	CODE:a890	COMPUTED_JUMP
CODE:a933	CODE:a892	COMPUTED_JUMP
CODE:a933	CODE:a894	COMPUTED_JUMP
CODE:a933	CODE:a896	COMPUTED_JUMP
CODE:a933	CODE:a898	COMPUTED_JUMP
CODE:a933	CODE:a89a	COMPUTED_JUMP
CODE:a933	CODE:a89c	COMPUTED_JUMP
CODE:a933	CODE:a89e	COMPUTED_JUMP
CODE:a933	CODE:a8a0	COMPUTED_JUMP
CODE:a933	CODE:a8a2	COMPUTED_JUMP
CODE:a933	CODE:a8a4	COMPUTED_JUMP
CODE:a933	CODE:a8a6	COMPUTED_JUMP
CODE:a933	CODE:a8a8	COMPUTED_JUMP
CODE:a933	CODE:a8aa	COMPUTED_JUMP
CODE:a933	CODE:a8ac	COMPUTED_JUMP
CODE:a934	CODE:a93d	CONDITIONAL_JUMP
CODE:a93d	CODE:a941	CONDITIONAL_JUMP
CODE:a941	CODE:a946	CONDITIONAL_JUMP
CODE:a94d	CODE:a95c	CONDITIONAL_JUMP
CODE:a95c	CODE:a964	CONDITIONAL_JUMP
CODE:a964	CODE:a96d	CONDITIONAL_JUMP
CODE:a97a	CODE:a986	CONDITIONAL_JUMP
CODE:a986	CODE:a98b	CONDITIONAL_JUMP
CODE:a98b	CODE:a993	CONDITIONAL_JUMP
CODE:a99c	CODE:a9a5	CONDITIONAL_JUMP
CODE:a9a5	CODE:a9a9	CONDITIONAL_JUMP
CODE:a9a9	CODE:a9ad	CONDITIONAL_JUMP
CODE:a9af	CODE:a9bf	CONDITIONAL_JUMP
CODE:a9bf	CODE:a9c7	CONDITIONAL_JUMP
CODE:a9c7	CODE:a9cf	CONDITIONAL_JUMP
CODE:a9e2	CODE:a9f0	CONDITIONAL_JUMP
CODE:a9e5	CODE:aa11	CONDITIONAL_JUMP
CODE:aa03	CODE:aa0a	CONDITIONAL_JUMP
CODE:aa0a	CODE:a9f6	CONDITIONAL_JUMP
CODE:aa17	BITS:d2	READ
CODE:aa17	CODE:aa36	CONDITIONAL_JUMP
CODE:aa26	CODE:aa2f	CONDITIONAL_JUMP
CODE:aa29	CODE:aa31	CONDITIONAL_JUMP
CODE:aa2b	CODE:aa20	CONDITIONAL_JUMP
CODE:aa33	CODE:aa20	CONDITIONAL_JUMP
CODE:aa37	BITS:d5	WRITE
CODE:aa3a	BITS:e7	DATA
CODE:aa3a	CODE:aa46	CONDITIONAL_JUMP
CODE:aa3d	BITS:d5	READ_WRITE
CODE:aa47	BITS:e7	DATA
CODE:aa47	CODE:aa5f	CONDITIONAL_JUMP
CODE:aa4a	BITS:d5	READ_WRITE
CODE:aa53	CODE:a9e2	UNCONDITIONAL_CALL
CODE:aa5d	CODE:aa62	UNCONDITIONAL_JUMP
CODE:aa5f	CODE:a9e2	UNCONDITIONAL_CALL
CODE:aa62	BITS:d5	READ
CODE:aa62	CODE:aa6c	CONDITIONAL_JUMP
CODE:aa7b	CODE:aa7f	CONDITIONAL_JUMP
CODE:aa8f	CODE:aa93	CONDITIONAL_JUMP
CODE:aa99	CODE:aaa6	CONDITIONAL_JUMP
CODE:aaa6	CODE:aaae	CONDITIONAL_JUMP
CODE:aaae	CODE:aab8	CONDITIONAL_JUMP
CODE:aac4	CODE:aad7	CONDITIONAL_JUMP
CODE:aad7	CODE:aae2	CONDITIONAL_JUMP
CODE:aae2	CODE:aaef	CONDITIONAL_JUMP
CODE:aafc	CODE:ab0c	CONDITIONAL_JUMP
CODE:ab09	CODE:aa6d	UNCONDITIONAL_CALL
CODE:ab0c	CODE:ab1f	CONDITIONAL_JUMP
CODE:ab1f	CODE:ab33	CONDITIONAL_JUMP
CODE:ab49	CODE:ab56	CONDITIONAL_JUMP
CODE:ab56	CODE:ab5e	CONDITIONAL_JUMP
CODE:ab5e	CODE:ab67	CONDITIONAL_JUMP
CODE:ab69	CODE:ab7d	CONDITIONAL_JUMP
CODE:ab7d	CODE:ab88	CONDITIONAL_JUMP
CODE:ab88	CODE:ab94	CONDITIONAL_JUMP
CODE:ac10	CODE:ac1e	CONDITIONAL_JUMP
CODE:ac1e	CODE:abf7	CONDITIONAL_JUMP
CODE:ac2d	CODE:abf1	CONDITIONAL_JUMP
CODE:ac30	CODE:ac8c	CONDITIONAL_JUMP
CODE:ac33	CODE:ac63	CONDITIONAL_JUMP
CODE:ac53	BITS:d7	READ_WRITE
CODE:ac53	CODE:ac59	CONDITIONAL_JUMP
CODE:ac57	CODE:ac5d	CONDITIONAL_JUMP
CODE:ac5d	CODE:ac44	CONDITIONAL_JUMP
CODE:ac74	BITS:d7	READ_WRITE
CODE:ac74	CODE:ac7c	CONDITIONAL_JUMP
CODE:ac7a	CODE:ac83	CONDITIONAL_JUMP
CODE:ac83	CODE:ac65	CONDITIONAL_JUMP
CODE:ac9e	BITS:d7	READ_WRITE
CODE:ac9e	CODE:aca8	CONDITIONAL_JUMP
CODE:aca6	CODE:acb2	CONDITIONAL_JUMP
CODE:acb2	CODE:ac8f	CONDITIONAL_JUMP
CODE:acde	CODE:acef	CONDITIONAL_JUMP
CODE:aced	CODE:ace0	CONDITIONAL_JUMP
CODE:acf1	CODE:ad02	CONDITIONAL_JUMP
CODE:ad00	CODE:acf3	CONDITIONAL_JUMP
CODE:ad03	CODE:ad0d	CONDITIONAL_JUMP
CODE:ad0a	CODE:ad49	UNCONDITIONAL_CALL
CODE:ad0d	CODE:ad14	CONDITIONAL_JUMP
CODE:ad11	CODE:ad3d	UNCONDITIONAL_CALL
CODE:ad14	CODE:ad1c	CONDITIONAL_JUMP
CODE:ad19	CODE:af29	UNCONDITIONAL_CALL
CODE:ad20	CODE:af35	UNCONDITIONAL_CALL
CODE:ad23	CODE:ad2d	CONDITIONAL_JUMP
CODE:ad2a	CODE:ad6d	UNCONDITIONAL_CALL
CODE:ad2d	CODE:ad34	CONDITIONAL_JUMP
CODE:ad31	CODE:ad61	UNCONDITIONAL_CALL
CODE:ad34	CODE:ad3c	CONDITIONAL_JUMP
CODE:ad39	CODE:af45	UNCONDITIONAL_CALL
CODE:ad9b	CODE:ada9	UNCONDITIONAL_CALL
CODE:ad9e	CODE:ada9	UNCONDITIONAL_CALL
CODE:ada1	CODE:ada9	UNCONDITIONAL_CALL
CODE:ada4	CODE:ada9	UNCONDITIONAL_CALL
CODE:adc3	CODE:add3	CONDITIONAL_JUMP
CODE:add0	CODE:ad92	UNCONDITIONAL_CALL
CODE:add3	CODE:addc	CONDITIONAL_JUMP
CODE:add9	CODE:ad79	UNCONDITIONAL_CALL
CODE:addc	CODE:ade6	CONDITIONAL_JUMP
CODE:ade3	CODE:af51	UNCONDITIONAL_CALL
CODE:ae0a	CODE:ae0e	CONDITIONAL_JUMP
CODE:ae21	CODE:ae25	CONDITIONAL_JUMP
CODE:ae33	CODE:ae3d	CONDITIONAL_JUMP
CODE:ae3a	CODE:adf3	UNCONDITIONAL_CALL
CODE:ae3d	CODE:ae44	CONDITIONAL_JUMP
CODE:ae41	CODE:af6a	UNCONDITIONAL_CALL
CODE:ae44	CODE:ae4c	CONDITIONAL_JUMP
CODE:ae49	CODE:af73	UNCONDITIONAL_CALL
CODE:ae50	CODE:af7c	UNCONDITIONAL_CALL
CODE:ae5a	CODE:ae6e	CONDITIONAL_JUMP
CODE:ae5f	CODE:ae6e	CONDITIONAL_JUMP
CODE:ae72	CODE:ae63	CONDITIONAL_JUMP
CODE:ae77	CODE:ae58	UNCONDITIONAL_JUMP
CODE:aeac	INTMEM:09	READ
CODE:aeb2	INTMEM:08	READ
CODE:aeb8	INTMEM:08	READ
CODE:aeb8	CODE:aebf	CONDITIONAL_JUMP
CODE:aebb	INTMEM:09	WRITE
CODE:aebf	BITS:af	READ_WRITE
CODE:aebf	CODE:aec8	CONDITIONAL_JUMP
CODE:aec2	INTMEM:09	WRITE
CODE:aec5	INTMEM:08	WRITE
CODE:aec8	INTMEM:09	WRITE
CODE:aecb	INTMEM:08	WRITE
CODE:aecd	BITS:af	WRITE
CODE:aeff	CODE:af13	CONDITIONAL_JUMP
CODE:af02	CODE:af05	CONDITIONAL_JUMP
CODE:af06	CODE:af14	CONDITIONAL_JUMP
CODE:af0f	CODE:af0d	CONDITIONAL_JUMP
CODE:af11	CODE:af0d	CONDITIONAL_JUMP
CODE:af16	CODE:af1f	CONDITIONAL_JUMP
CODE:af1a	CODE:af18	CONDITIONAL_JUMP
CODE:af1f	CODE:af1e	CONDITIONAL_JUMP
CODE:af24	CODE:af22	CONDITIONAL_JUMP
CODE:af8c	CODE:af8b	CONDITIONAL_JUMP
CODE:af98	CODE:af96	CONDITIONAL_JUMP
CODE:af9a	CODE:af96	CONDITIONAL_JUMP
CODE:af9c	SFR:81	WRITE
CODE:af9f	CODE:afdd	UNCONDITIONAL_JUMP
CODE:afa2	CODE:a7c0	UNCONDITIONAL_CALL
CODE:afa6	CODE:b028	READ
CODE:afaa	CODE:b029	READ
CODE:afaa	CODE:b02a	READ
CODE:afac	CODE:afb1	CONDITIONAL_JUMP
CODE:afae	INTMEM:56	WRITE
CODE:afae	INTMEM:57	WRITE
CODE:afaf	CODE:afb2	UNCONDITIONAL_JUMP
CODE:afb1	EXTMEM:0057	WRITE
CODE:afb3	CODE:afa9	CONDITIONAL_JUMP
CODE:afb5	CODE:afe0	UNCONDITIONAL_JUMP
CODE:afb8	CODE:b028	READ
CODE:afb8	CODE:b029	READ
CODE:afc8	CODE:afdb	READ
CODE:afc9	CODE:afcf	CONDITIONAL_JUMP
CODE:afcd	CODE:afd0	UNCONDITIONAL_JUMP
CODE:afd1	CODE:afb7	CONDITIONAL_JUMP
CODE:afd3	CODE:afe0	UNCONDITIONAL_JUMP
CODE:afe3	CODE:b022	READ
CODE:afe3	CODE:b026	READ
CODE:afe3	CODE:b02a	READ
CODE:afe3	CODE:b02b	READ
CODE:afe4	CODE:afa2	CONDITIONAL_JUMP
CODE:afea	BITS:e5	DATA
CODE:afea	CODE:aff6	CONDITIONAL_JUMP
CODE:aff1	CODE:b027	READ
CODE:aff3	CODE:aff6	CONDITIONAL_JUMP
CODE:affb	CODE:afa5	CONDITIONAL_JUMP
CODE:affd	CODE:afb7	CONDITIONAL_JUMP
CODE:b000	CODE:b023	READ
CODE:b000	CODE:b028	READ
CODE:b004	CODE:b024	READ
CODE:b004	CODE:b029	READ
CODE:b008	CODE:b025	READ
CODE:b008	CODE:b02a	READ
CODE:b008	CODE:b026	READ
CODE:b012	EXTMEM:0760	WRITE
CODE:b012	EXTMEM:0761	WRITE
CODE:b01c	CODE:b007	CONDITIONAL_JUMP
CODE:b01e	CODE:b007	CONDITIONAL_JUMP
CODE:b020	CODE:afe0	UNCONDITIONAL_JUMP
