from	func	to	toname	type
ram:00001000		ram:00001c48	handle_reset	UNCONDITIONAL_CALL
ram:00001048		ram:20002644	TMR0_IRQHandler	DATA
ram:0000104c		ram:200020a0	GPIOA_IRQHandler	DATA
ram:00001050		ram:200020a2	GPIOB_IRQHandler	DATA
ram:00001054		ram:200020a4	SPI0_IRQHandler	DATA
ram:00001058		ram:200020a6	BB_IRQHandler	DATA
ram:0000105c		ram:200020a8	LLE_IRQHandler	DATA
ram:00001060		ram:200027fe	USB_IRQHandler	DATA
ram:00001064		ram:200020ac	USB2_IRQHandler	DATA
ram:00001068		ram:200026fc	TMR1_IRQHandler	DATA
ram:0000106c		ram:2000271a	TMR2_IRQHandler	DATA
ram:00001070		ram:20002746	UART0_IRQHandler	DATA
ram:00001074		ram:2000277e	UART1_IRQHandler	DATA
ram:00001078		ram:2000262a	RTC_IRQHandler	DATA
ram:0000107c		ram:200020b8	ADC_IRQHandler	DATA
ram:00001080		ram:200020ba	I2C_IRQHandler	DATA
ram:00001084		ram:200020bc	PWMX_IRQHandler	DATA
ram:00001088		ram:200020be	TMR3_IRQHandler	DATA
ram:0000108c		ram:200020c0	UART2_IRQHandler	DATA
ram:00001090		ram:20002772	UART3_IRQHandler	DATA
ram:00001094		ram:200020c4	WDOG_BAT_IRQHandler	DATA
ram:000010da	FUN_ram_000010ce@ram:000010ce	ram:000018de	FUN_ram_000018de	UNCONDITIONAL_CALL
ram:000010e4	FUN_ram_000010ce@ram:000010ce	ram:40001806	FLASH_CTRL	WRITE
ram:000010ec	FUN_ram_000010ce@ram:000010ce	ram:e000ed10	DAT_ram_e000ed10	READ
ram:000010f2	FUN_ram_000010ce@ram:000010ce	ram:e000ed10	DAT_ram_e000ed10	WRITE
ram:000010f6	FUN_ram_000010ce@ram:000010ce	ram:e000ed10	DAT_ram_e000ed10	READ
ram:000010fc	FUN_ram_000010ce@ram:000010ce	ram:e000ed10	DAT_ram_e000ed10	WRITE
ram:0000111a	FUN_ram_0000110e@ram:0000110e	ram:000018de	FUN_ram_000018de	UNCONDITIONAL_CALL
ram:00001124	FUN_ram_0000110e@ram:0000110e	ram:40001806	FLASH_CTRL	WRITE
ram:0000112c	FUN_ram_0000110e@ram:0000110e	ram:4000102e	XT32K_TUNE	READ
ram:00001130	FUN_ram_0000110e@ram:0000110e	ram:4000104e	XT32M_TUNE	READ
ram:00001134	FUN_ram_0000110e@ram:0000110e	ram:40001038	RTC_CNT_32K	READ
ram:00001142	FUN_ram_0000110e@ram:0000110e	ram:0000114c	LAB_ram_0000114c	CONDITIONAL_JUMP
ram:00001154	FUN_ram_0000110e@ram:0000110e	ram:40001040	SAFE_ACCESS	WRITE
ram:0000115c	FUN_ram_0000110e@ram:0000110e	ram:40001040	SAFE_ACCESS	WRITE
ram:00001164	FUN_ram_0000110e@ram:0000110e	ram:40001024	BATTERY_CTRL	WRITE
ram:00001168	FUN_ram_0000110e@ram:0000110e	ram:40001040	SAFE_ACCESS	WRITE
ram:0000116c	FUN_ram_0000110e@ram:0000110e	ram:40001040	SAFE_ACCESS	WRITE
ram:00001174	FUN_ram_0000110e@ram:0000110e	ram:4000102e	XT32K_TUNE	WRITE
ram:00001178	FUN_ram_0000110e@ram:0000110e	ram:4000104e	XT32M_TUNE	WRITE
ram:0000117c	FUN_ram_0000110e@ram:0000110e	ram:40001040	SAFE_ACCESS	WRITE
ram:00001180	FUN_ram_0000110e@ram:0000110e	ram:40001040	SAFE_ACCESS	WRITE
ram:00001188	FUN_ram_0000110e@ram:0000110e	ram:4000104b	PLL_CONFIG	READ
ram:00001190	FUN_ram_0000110e@ram:0000110e	ram:4000104b	PLL_CONFIG	WRITE
ram:00001194	FUN_ram_0000110e@ram:0000110e	ram:40001040	SAFE_ACCESS	WRITE
ram:0000119c	FUN_ram_0000110e@ram:0000110e	ram:e000ed10	DAT_ram_e000ed10	READ
ram:000011a4	FUN_ram_0000110e@ram:0000110e	ram:e000ed10	DAT_ram_e000ed10	WRITE
ram:000011a8	FUN_ram_0000110e@ram:0000110e	ram:e000ed10	DAT_ram_e000ed10	READ
ram:000011ae	FUN_ram_0000110e@ram:0000110e	ram:e000ed10	DAT_ram_e000ed10	WRITE
ram:000011ba	FUN_ram_0000110e@ram:0000110e	ram:40001040	SAFE_ACCESS	WRITE
ram:000011be	FUN_ram_0000110e@ram:0000110e	ram:40001040	SAFE_ACCESS	WRITE
ram:000011c6	FUN_ram_0000110e@ram:0000110e	ram:4000104b	PLL_CONFIG	READ
ram:000011ce	FUN_ram_0000110e@ram:0000110e	ram:4000104b	PLL_CONFIG	WRITE
ram:000011d2	FUN_ram_0000110e@ram:0000110e	ram:40001040	SAFE_ACCESS	WRITE
ram:000011f2	FUN_ram_000011dc@ram:000011dc	Stack[-0x20]		DATA
ram:000011f8	FUN_ram_000011dc@ram:000011dc	ram:000018de	FUN_ram_000018de	UNCONDITIONAL_CALL
ram:000011fe	FUN_ram_000011dc@ram:000011dc	ram:4000102e	XT32K_TUNE	READ
ram:00001202	FUN_ram_000011dc@ram:000011dc	ram:4000104e	XT32M_TUNE	READ
ram:00001206	FUN_ram_000011dc@ram:000011dc	ram:40001038	RTC_CNT_32K	READ
ram:00001214	FUN_ram_000011dc@ram:000011dc	ram:0000121e	LAB_ram_0000121e	CONDITIONAL_JUMP
ram:00001226	FUN_ram_000011dc@ram:000011dc	ram:40001040	SAFE_ACCESS	WRITE
ram:0000122e	FUN_ram_000011dc@ram:000011dc	ram:40001040	SAFE_ACCESS	WRITE
ram:00001236	FUN_ram_000011dc@ram:000011dc	ram:40001024	BATTERY_CTRL	WRITE
ram:0000123a	FUN_ram_000011dc@ram:000011dc	ram:40001040	SAFE_ACCESS	WRITE
ram:0000123e	FUN_ram_000011dc@ram:000011dc	ram:40001040	SAFE_ACCESS	WRITE
ram:00001246	FUN_ram_000011dc@ram:000011dc	ram:4000102e	XT32K_TUNE	WRITE
ram:0000124a	FUN_ram_000011dc@ram:000011dc	ram:4000104e	XT32M_TUNE	WRITE
ram:0000124e	FUN_ram_000011dc@ram:000011dc	ram:40001040	SAFE_ACCESS	WRITE
ram:00001252	FUN_ram_000011dc@ram:000011dc	ram:e000f000	DAT_ram_e000f000	PARAM
ram:00001256	FUN_ram_000011dc@ram:000011dc	ram:e000ed10	DAT_ram_e000ed10	READ
ram:0000125e	FUN_ram_000011dc@ram:000011dc	ram:e000ed10	DAT_ram_e000ed10	WRITE
ram:00001262	FUN_ram_000011dc@ram:000011dc	ram:40001020	POWER_MANAG	READ
ram:00001278	FUN_ram_000011dc@ram:000011dc	ram:40001040	SAFE_ACCESS	WRITE
ram:0000127c	FUN_ram_000011dc@ram:000011dc	ram:40001040	SAFE_ACCESS	WRITE
ram:00001284	FUN_ram_000011dc@ram:000011dc	ram:4000100f	SLP_POWER_CTRL	READ
ram:00001294	FUN_ram_000011dc@ram:000011dc	ram:4000100f	SLP_POWER_CTRL	WRITE
ram:00001298	FUN_ram_000011dc@ram:000011dc	ram:4000104b	PLL_CONFIG	READ
ram:000012a2	FUN_ram_000011dc@ram:000011dc	ram:4000104b	PLL_CONFIG	WRITE
ram:000012a6	FUN_ram_000011dc@ram:000011dc	ram:40001020	POWER_MANAG	WRITE
ram:000012aa	FUN_ram_000011dc@ram:000011dc	ram:e000ed10	DAT_ram_e000ed10	READ
ram:000012b0	FUN_ram_000011dc@ram:000011dc	ram:e000ed10	DAT_ram_e000ed10	WRITE
ram:000012c0	FUN_ram_000011dc@ram:000011dc	ram:000015fc	FUN_ram_000015fc	UNCONDITIONAL_CALL
ram:000012d0	FUN_ram_000011dc@ram:000011dc	ram:000018de	FUN_ram_000018de	UNCONDITIONAL_CALL
ram:000012d4	FUN_ram_000011dc@ram:000011dc	Stack[-0x20]		DATA
ram:000012d6	FUN_ram_000011dc@ram:000011dc	ram:000012aa	LAB_ram_000012aa	CONDITIONAL_JUMP
ram:000012e2	FUN_ram_000011dc@ram:000011dc	ram:40001040	SAFE_ACCESS	WRITE
ram:000012ea	FUN_ram_000011dc@ram:000011dc	ram:40001040	SAFE_ACCESS	WRITE
ram:000012f2	FUN_ram_000011dc@ram:000011dc	ram:4000104b	PLL_CONFIG	READ
ram:000012fa	FUN_ram_000011dc@ram:000011dc	ram:4000104b	PLL_CONFIG	WRITE
ram:000012fe	FUN_ram_000011dc@ram:000011dc	ram:40001040	SAFE_ACCESS	WRITE
ram:00001322	FUN_ram_0000130c@ram:0000130c	ram:000018de	FUN_ram_000018de	UNCONDITIONAL_CALL
ram:00001328	FUN_ram_0000130c@ram:0000130c	ram:4000102e	XT32K_TUNE	READ
ram:0000132c	FUN_ram_0000130c@ram:0000130c	ram:4000104e	XT32M_TUNE	READ
ram:00001330	FUN_ram_0000130c@ram:0000130c	ram:40001038	RTC_CNT_32K	READ
ram:0000133e	FUN_ram_0000130c@ram:0000130c	ram:00001348	LAB_ram_00001348	CONDITIONAL_JUMP
ram:00001350	FUN_ram_0000130c@ram:0000130c	ram:40001040	SAFE_ACCESS	WRITE
ram:00001358	FUN_ram_0000130c@ram:0000130c	ram:40001040	SAFE_ACCESS	WRITE
ram:00001360	FUN_ram_0000130c@ram:0000130c	ram:40001024	BATTERY_CTRL	WRITE
ram:00001364	FUN_ram_0000130c@ram:0000130c	ram:40001040	SAFE_ACCESS	WRITE
ram:00001368	FUN_ram_0000130c@ram:0000130c	ram:40001040	SAFE_ACCESS	WRITE
ram:00001370	FUN_ram_0000130c@ram:0000130c	ram:4000102e	XT32K_TUNE	WRITE
ram:00001374	FUN_ram_0000130c@ram:0000130c	ram:4000104e	XT32M_TUNE	WRITE
ram:00001378	FUN_ram_0000130c@ram:0000130c	ram:40001040	SAFE_ACCESS	WRITE
ram:00001380	FUN_ram_0000130c@ram:0000130c	ram:00001406	FUN_ram_00001406	UNCONDITIONAL_CALL
ram:00001382	FUN_ram_0000130c@ram:0000130c	ram:e000f000	DAT_ram_e000f000	PARAM
ram:00001386	FUN_ram_0000130c@ram:0000130c	ram:e000ed10	DAT_ram_e000ed10	READ
ram:0000138e	FUN_ram_0000130c@ram:0000130c	ram:e000ed10	DAT_ram_e000ed10	WRITE
ram:00001392	FUN_ram_0000130c@ram:0000130c	ram:40001040	SAFE_ACCESS	WRITE
ram:00001396	FUN_ram_0000130c@ram:0000130c	ram:40001040	SAFE_ACCESS	WRITE
ram:0000139e	FUN_ram_0000130c@ram:0000130c	ram:4000100f	SLP_POWER_CTRL	READ
ram:000013a6	FUN_ram_0000130c@ram:0000130c	ram:4000100f	SLP_POWER_CTRL	WRITE
ram:000013aa	FUN_ram_0000130c@ram:0000130c	ram:40001040	SAFE_ACCESS	WRITE
ram:000013ae	FUN_ram_0000130c@ram:0000130c	ram:40001040	SAFE_ACCESS	WRITE
ram:000013bc	FUN_ram_0000130c@ram:0000130c	ram:40001020	POWER_MANAG	WRITE
ram:000013c0	FUN_ram_0000130c@ram:0000130c	ram:e000ed10	DAT_ram_e000ed10	READ
ram:000013c6	FUN_ram_0000130c@ram:0000130c	ram:e000ed10	DAT_ram_e000ed10	WRITE
ram:000013da	FUN_ram_0000130c@ram:0000130c	ram:000018de	FUN_ram_000018de	UNCONDITIONAL_CALL
ram:000013dc	FUN_ram_0000130c@ram:0000130c	ram:40001040	SAFE_ACCESS	WRITE
ram:000013e0	FUN_ram_0000130c@ram:0000130c	ram:40001040	SAFE_ACCESS	WRITE
ram:000013e8	FUN_ram_0000130c@ram:0000130c	ram:40001046	RST_WDOG_CTRL	READ
ram:000013f0	FUN_ram_0000130c@ram:0000130c	ram:40001046	RST_WDOG_CTRL	WRITE
ram:000013f4	FUN_ram_0000130c@ram:0000130c	ram:40001040	SAFE_ACCESS	WRITE
ram:0000140e	FUN_ram_00001406@ram:00001406	ram:40001040	SAFE_ACCESS	WRITE
ram:00001416	FUN_ram_00001406@ram:00001406	ram:40001040	SAFE_ACCESS	WRITE
ram:0000141e	FUN_ram_00001406@ram:00001406	ram:4000104b	PLL_CONFIG	READ
ram:00001426	FUN_ram_00001406@ram:00001406	ram:4000104b	PLL_CONFIG	WRITE
ram:0000142a	FUN_ram_00001406@ram:00001406	ram:40001040	SAFE_ACCESS	WRITE
ram:00001432	FUN_ram_00001406@ram:00001406	ram:000014d4	LAB_ram_000014d4	CONDITIONAL_JUMP
ram:00001434	FUN_ram_00001406@ram:00001406	ram:4000100a	HFCK_PWR_CTRL	READ
ram:0000143a	FUN_ram_00001406@ram:00001406	ram:00001460	LAB_ram_00001460	CONDITIONAL_JUMP
ram:0000143c	FUN_ram_00001406@ram:00001406	ram:40001040	SAFE_ACCESS	WRITE
ram:00001440	FUN_ram_00001406@ram:00001406	ram:40001040	SAFE_ACCESS	WRITE
ram:00001448	FUN_ram_00001406@ram:00001406	ram:4000100a	HFCK_PWR_CTRL	READ
ram:00001450	FUN_ram_00001406@ram:00001406	ram:4000100a	HFCK_PWR_CTRL	WRITE
ram:0000145e	FUN_ram_00001406@ram:00001406	ram:00001458	LAB_ram_00001458	CONDITIONAL_JUMP
ram:00001468	FUN_ram_00001406@ram:00001406	ram:40001040	SAFE_ACCESS	WRITE
ram:00001470	FUN_ram_00001406@ram:00001406	ram:40001040	SAFE_ACCESS	WRITE
ram:0000147a	FUN_ram_00001406@ram:00001406	ram:40001008	CLOCK_CONFIG	WRITE
ram:00001486	FUN_ram_00001406@ram:00001406	ram:40001040	SAFE_ACCESS	WRITE
ram:0000148a	FUN_ram_00001406@ram:00001406	ram:40001040	SAFE_ACCESS	WRITE
ram:0000148e	FUN_ram_00001406@ram:00001406	ram:40001040	SAFE_ACCESS	WRITE
ram:000014a2	FUN_ram_00001406@ram:00001406	ram:40001807	FLASH_CFG	WRITE
ram:000014a6	FUN_ram_00001406@ram:00001406	ram:40001040	SAFE_ACCESS	WRITE
ram:000014b2	FUN_ram_00001406@ram:00001406	ram:40001040	SAFE_ACCESS	WRITE
ram:000014ba	FUN_ram_00001406@ram:00001406	ram:40001040	SAFE_ACCESS	WRITE
ram:000014c2	FUN_ram_00001406@ram:00001406	ram:4000104b	PLL_CONFIG	READ
ram:000014ca	FUN_ram_00001406@ram:00001406	ram:4000104b	PLL_CONFIG	WRITE
ram:000014ce	FUN_ram_00001406@ram:00001406	ram:40001040	SAFE_ACCESS	WRITE
ram:000014d8	FUN_ram_00001406@ram:00001406	ram:00001560	LAB_ram_00001560	CONDITIONAL_JUMP
ram:000014da	FUN_ram_00001406@ram:00001406	ram:4000100a	HFCK_PWR_CTRL	READ
ram:000014e0	FUN_ram_00001406@ram:00001406	ram:00001506	LAB_ram_00001506	CONDITIONAL_JUMP
ram:000014e2	FUN_ram_00001406@ram:00001406	ram:40001040	SAFE_ACCESS	WRITE
ram:000014e6	FUN_ram_00001406@ram:00001406	ram:40001040	SAFE_ACCESS	WRITE
ram:000014ee	FUN_ram_00001406@ram:00001406	ram:4000100a	HFCK_PWR_CTRL	READ
ram:000014f6	FUN_ram_00001406@ram:00001406	ram:4000100a	HFCK_PWR_CTRL	WRITE
ram:00001504	FUN_ram_00001406@ram:00001406	ram:000014fe	LAB_ram_000014fe	CONDITIONAL_JUMP
ram:0000150e	FUN_ram_00001406@ram:00001406	ram:40001040	SAFE_ACCESS	WRITE
ram:00001516	FUN_ram_00001406@ram:00001406	ram:40001040	SAFE_ACCESS	WRITE
ram:00001526	FUN_ram_00001406@ram:00001406	ram:40001008	CLOCK_CONFIG	WRITE
ram:00001532	FUN_ram_00001406@ram:00001406	ram:40001040	SAFE_ACCESS	WRITE
ram:00001536	FUN_ram_00001406@ram:00001406	ram:40001040	SAFE_ACCESS	WRITE
ram:0000153e	FUN_ram_00001406@ram:00001406	ram:40001040	SAFE_ACCESS	WRITE
ram:00001542	FUN_ram_00001406@ram:00001406	ram:00001552	LAB_ram_00001552	CONDITIONAL_JUMP
ram:00001550	FUN_ram_00001406@ram:00001406	ram:000014a2	LAB_ram_000014a2	UNCONDITIONAL_JUMP
ram:0000155e	FUN_ram_00001406@ram:00001406	ram:000014a2	LAB_ram_000014a2	UNCONDITIONAL_JUMP
ram:00001560	FUN_ram_00001406@ram:00001406	ram:40001040	SAFE_ACCESS	WRITE
ram:00001564	FUN_ram_00001406@ram:00001406	ram:40001040	SAFE_ACCESS	WRITE
ram:0000156c	FUN_ram_00001406@ram:00001406	ram:40001008	CLOCK_CONFIG	READ
ram:00001574	FUN_ram_00001406@ram:00001406	ram:40001008	CLOCK_CONFIG	WRITE
ram:00001578	FUN_ram_00001406@ram:00001406	ram:000014aa	LAB_ram_000014aa	UNCONDITIONAL_JUMP
ram:00001586	FUN_ram_0000157a@ram:0000157a	ram:000018de	FUN_ram_000018de	UNCONDITIONAL_CALL
ram:00001590	FUN_ram_0000157a@ram:0000157a	ram:40001040	SAFE_ACCESS	WRITE
ram:00001598	FUN_ram_0000157a@ram:0000157a	ram:40001040	SAFE_ACCESS	WRITE
ram:000015a0	FUN_ram_0000157a@ram:0000157a	ram:40001046	RST_WDOG_CTRL	READ
ram:000015a8	FUN_ram_0000157a@ram:0000157a	ram:40001046	RST_WDOG_CTRL	WRITE
ram:000015ac	FUN_ram_0000157a@ram:0000157a	ram:40001040	SAFE_ACCESS	WRITE
ram:00001606	FUN_ram_000015fc@ram:000015fc	ram:00001602	LAB_ram_00001602	CONDITIONAL_JUMP
ram:00001616	FUN_ram_0000160a@ram:0000160a	ram:00001624	LAB_ram_00001624	CONDITIONAL_JUMP
ram:0000162c	FUN_ram_0000160a@ram:0000160a	ram:000015fc	FUN_ram_000015fc	UNCONDITIONAL_CALL
ram:00001630	FUN_ram_0000160a@ram:0000160a	ram:00001616	LAB_ram_00001616	UNCONDITIONAL_JUMP
ram:00001838	FUN_ram_00001834@ram:00001834	ram:00001834	FUN_ram_00001834	CONDITIONAL_JUMP
ram:00001846	FUN_ram_00001842@ram:00001842	ram:00001842	FUN_ram_00001842	CONDITIONAL_JUMP
ram:00001854	FUN_ram_00001850@ram:00001850	ram:00001850	FUN_ram_00001850	CONDITIONAL_JUMP
ram:00001864	FUN_ram_0000185e@ram:0000185e	Stack[-0x10]		DATA
ram:00001874	FUN_ram_0000185e@ram:0000185e	ram:00001880	LAB_ram_00001880	CONDITIONAL_JUMP
ram:0000187a	FUN_ram_0000185e@ram:0000185e	ram:00001822	FUN_ram_00001822	UNCONDITIONAL_CALL
ram:0000187c	FUN_ram_0000185e@ram:0000185e	ram:00001834	FUN_ram_00001834	UNCONDITIONAL_CALL
ram:00001882	FUN_ram_0000185e@ram:0000185e	ram:00001822	FUN_ram_00001822	UNCONDITIONAL_CALL
ram:00001888	FUN_ram_0000185e@ram:0000185e	ram:00001898	LAB_ram_00001898	CONDITIONAL_JUMP
ram:00001892	FUN_ram_0000185e@ram:0000185e	Stack[-0x10]		DATA
ram:000018a0	FUN_ram_0000185e@ram:0000185e	ram:00001850	FUN_ram_00001850	UNCONDITIONAL_CALL
ram:000018a4	FUN_ram_0000185e@ram:0000185e	ram:00001886	LAB_ram_00001886	UNCONDITIONAL_JUMP
ram:000018b0	FUN_ram_000018a6@ram:000018a6	ram:00001834	FUN_ram_00001834	UNCONDITIONAL_CALL
ram:000018b4	FUN_ram_000018a6@ram:000018a6	ram:00001822	FUN_ram_00001822	UNCONDITIONAL_CALL
ram:000018b6	FUN_ram_000018a6@ram:000018a6	ram:00001842	FUN_ram_00001842	UNCONDITIONAL_CALL
ram:000018b8	FUN_ram_000018a6@ram:000018a6	ram:00001842	FUN_ram_00001842	UNCONDITIONAL_CALL
ram:000018bc	FUN_ram_000018a6@ram:000018a6	ram:00001834	FUN_ram_00001834	UNCONDITIONAL_CALL
ram:000018c4	FUN_ram_000018a6@ram:000018a6	ram:000018d6	LAB_ram_000018d6	CONDITIONAL_JUMP
ram:000018d8	FUN_ram_000018a6@ram:000018a6	ram:000018b2	LAB_ram_000018b2	CONDITIONAL_JUMP
ram:000018dc	FUN_ram_000018a6@ram:000018a6	ram:000018ce	LAB_ram_000018ce	UNCONDITIONAL_JUMP
ram:000018fa	FUN_ram_000018de@ram:000018de	ram:e000e000	DAT_ram_e000e000	READ
ram:00001900	FUN_ram_000018de@ram:000018de	ram:e000e004	DAT_ram_e000e004	READ
ram:00001904	FUN_ram_000018de@ram:000018de	ram:e000e180	DAT_ram_e000e180	WRITE
ram:00001908	FUN_ram_000018de@ram:000018de	ram:e000e184	DAT_ram_e000e184	WRITE
ram:00001914	FUN_ram_000018de@ram:000018de	ram:40001040	SAFE_ACCESS	WRITE
ram:0000191c	FUN_ram_000018de@ram:000018de	ram:40001040	SAFE_ACCESS	WRITE
ram:00001920	FUN_ram_000018de@ram:000018de	ram:40001044	GLOBAL_CONFIG	READ
ram:00001940	FUN_ram_000018de@ram:000018de	ram:00001954	LAB_ram_00001954	CONDITIONAL_JUMP
ram:00001944	FUN_ram_000018de@ram:000018de	ram:00001954	LAB_ram_00001954	CONDITIONAL_JUMP
ram:0000194e	FUN_ram_000018de@ram:000018de	ram:00001954	LAB_ram_00001954	CONDITIONAL_JUMP
ram:0000195e	FUN_ram_000018de@ram:000018de	ram:40001044	GLOBAL_CONFIG	WRITE
ram:00001964	FUN_ram_000018de@ram:000018de	ram:40001806	FLASH_CTRL	WRITE
ram:0000196c	FUN_ram_000018de@ram:000018de	ram:00001822	FUN_ram_00001822	UNCONDITIONAL_CALL
ram:00001970	FUN_ram_000018de@ram:000018de	ram:00001834	FUN_ram_00001834	UNCONDITIONAL_CALL
ram:00001972	FUN_ram_000018de@ram:000018de	ram:00001a8c	LAB_ram_00001a8c	CONDITIONAL_JUMP
ram:00001982	FUN_ram_000018de@ram:000018de	ram:000019c6	LAB_ram_000019c6	CONDITIONAL_JUMP
ram:0000198a	FUN_ram_000018de@ram:000018de	ram:000019c6	LAB_ram_000019c6	CONDITIONAL_JUMP
ram:00001998	FUN_ram_000018de@ram:000018de	ram:00001a0a	LAB_ram_00001a0a	CONDITIONAL_JUMP
ram:0000199c	FUN_ram_000018de@ram:000018de	ram:000019a6	LAB_ram_000019a6	CONDITIONAL_JUMP
ram:000019a0	FUN_ram_000018de@ram:000018de	ram:00001834	FUN_ram_00001834	UNCONDITIONAL_CALL
ram:000019a4	FUN_ram_000018de@ram:000018de	ram:000019c6	LAB_ram_000019c6	UNCONDITIONAL_JUMP
ram:000019aa	FUN_ram_000018de@ram:000018de	ram:0000185e	FUN_ram_0000185e	UNCONDITIONAL_CALL
ram:000019b6	FUN_ram_000018de@ram:000018de	ram:00001850	FUN_ram_00001850	UNCONDITIONAL_CALL
ram:000019b8	FUN_ram_000018de@ram:000018de	ram:000019c0	LAB_ram_000019c0	CONDITIONAL_JUMP
ram:000019be	FUN_ram_000018de@ram:000018de	ram:000019ac	LAB_ram_000019ac	CONDITIONAL_JUMP
ram:000019c0	FUN_ram_000018de@ram:000018de	ram:000018a6	FUN_ram_000018a6	UNCONDITIONAL_CALL
ram:000019c2	FUN_ram_000018de@ram:000018de	ram:0000199c	LAB_ram_0000199c	CONDITIONAL_JUMP
ram:000019ce	FUN_ram_000018de@ram:000018de	ram:40001040	SAFE_ACCESS	WRITE
ram:000019d6	FUN_ram_000018de@ram:000018de	ram:40001040	SAFE_ACCESS	WRITE
ram:000019da	FUN_ram_000018de@ram:000018de	ram:40001044	GLOBAL_CONFIG	READ
ram:000019e0	FUN_ram_000018de@ram:000018de	ram:40001044	GLOBAL_CONFIG	WRITE
ram:000019ea	FUN_ram_000018de@ram:000018de	ram:e000e100	DAT_ram_e000e100	WRITE
ram:000019ee	FUN_ram_000018de@ram:000018de	ram:e000e104	DAT_ram_e000e104	WRITE
ram:00001a0c	FUN_ram_000018de@ram:000018de	ram:00001a76	LAB_ram_00001a76	CONDITIONAL_JUMP
ram:00001a38	FUN_ram_000018de@ram:000018de	ram:00001a3e	LAB_ram_00001a3e	CONDITIONAL_JUMP
ram:00001a3a	FUN_ram_000018de@ram:000018de	ram:00001a52	LAB_ram_00001a52	CONDITIONAL_JUMP
ram:00001a44	FUN_ram_000018de@ram:000018de	ram:00001a30	LAB_ram_00001a30	CONDITIONAL_JUMP
ram:00001a48	FUN_ram_000018de@ram:000018de	ram:0000199e	LAB_ram_0000199e	UNCONDITIONAL_JUMP
ram:00001a50	FUN_ram_000018de@ram:000018de	ram:00001a16	LAB_ram_00001a16	UNCONDITIONAL_JUMP
ram:00001a56	FUN_ram_000018de@ram:000018de	ram:00001a66	LAB_ram_00001a66	CONDITIONAL_JUMP
ram:00001a5e	FUN_ram_000018de@ram:000018de	ram:00001a66	LAB_ram_00001a66	CONDITIONAL_JUMP
ram:00001a68	FUN_ram_000018de@ram:000018de	ram:0000185e	FUN_ram_0000185e	UNCONDITIONAL_CALL
ram:00001a6a	FUN_ram_000018de@ram:000018de	ram:000018a6	FUN_ram_000018a6	UNCONDITIONAL_CALL
ram:00001a6c	FUN_ram_000018de@ram:000018de	ram:000019c4	LAB_ram_000019c4	CONDITIONAL_JUMP
ram:00001a74	FUN_ram_000018de@ram:000018de	ram:00001a3a	LAB_ram_00001a3a	UNCONDITIONAL_JUMP
ram:00001a7a	FUN_ram_000018de@ram:000018de	ram:0000185e	FUN_ram_0000185e	UNCONDITIONAL_CALL
ram:00001a7e	FUN_ram_000018de@ram:000018de	ram:0000199e	LAB_ram_0000199e	CONDITIONAL_JUMP
ram:00001a84	FUN_ram_000018de@ram:000018de	ram:00001842	FUN_ram_00001842	UNCONDITIONAL_CALL
ram:00001a8a	FUN_ram_000018de@ram:000018de	ram:00001a7e	LAB_ram_00001a7e	UNCONDITIONAL_JUMP
ram:00001a94	FUN_ram_000018de@ram:000018de	ram:00001b56	LAB_ram_00001b56	CONDITIONAL_JUMP
ram:00001a98	FUN_ram_000018de@ram:000018de	ram:40001041	CHIP_ID	READ
ram:00001aa0	FUN_ram_000018de@ram:000018de	ram:00001afe	LAB_ram_00001afe	CONDITIONAL_JUMP
ram:00001aa8	FUN_ram_000018de@ram:000018de	ram:00001afe	LAB_ram_00001afe	CONDITIONAL_JUMP
ram:00001ab4	FUN_ram_000018de@ram:000018de	ram:00001afe	LAB_ram_00001afe	CONDITIONAL_JUMP
ram:00001abe	FUN_ram_000018de@ram:000018de	ram:00001b24	LAB_ram_00001b24	CONDITIONAL_JUMP
ram:00001ac6	FUN_ram_000018de@ram:000018de	ram:0000199e	LAB_ram_0000199e	CONDITIONAL_JUMP
ram:00001ace	FUN_ram_000018de@ram:000018de	ram:0000185e	FUN_ram_0000185e	UNCONDITIONAL_CALL
ram:00001ad8	FUN_ram_000018de@ram:000018de	ram:40001800	FLASH_DATA	WRITE
ram:00001adc	FUN_ram_000018de@ram:000018de	ram:40001806	FLASH_CTRL	READ
ram:00001ae0	FUN_ram_000018de@ram:000018de	ram:00001adc	LAB_ram_00001adc	CONDITIONAL_JUMP
ram:00001ae4	FUN_ram_000018de@ram:000018de	ram:40001806	FLASH_CTRL	WRITE
ram:00001aea	FUN_ram_000018de@ram:000018de	ram:00001adc	LAB_ram_00001adc	CONDITIONAL_JUMP
ram:00001af0	FUN_ram_000018de@ram:000018de	ram:00001af8	LAB_ram_00001af8	CONDITIONAL_JUMP
ram:00001af6	FUN_ram_000018de@ram:000018de	ram:00001ad0	LAB_ram_00001ad0	CONDITIONAL_JUMP
ram:00001af8	FUN_ram_000018de@ram:000018de	ram:000018a6	FUN_ram_000018a6	UNCONDITIONAL_CALL
ram:00001afa	FUN_ram_000018de@ram:000018de	ram:00001ac6	LAB_ram_00001ac6	CONDITIONAL_JUMP
ram:00001afc	FUN_ram_000018de@ram:000018de	ram:000019c4	LAB_ram_000019c4	UNCONDITIONAL_JUMP
ram:00001b02	FUN_ram_000018de@ram:000018de	ram:40001045	GLOB_CFG_INFO	READ
ram:00001b0e	FUN_ram_000018de@ram:000018de	ram:00001b14	LAB_ram_00001b14	CONDITIONAL_JUMP
ram:00001b16	FUN_ram_000018de@ram:000018de	ram:000019c6	LAB_ram_000019c6	CONDITIONAL_JUMP
ram:00001b1e	FUN_ram_000018de@ram:000018de	ram:00001abc	LAB_ram_00001abc	CONDITIONAL_JUMP
ram:00001b22	FUN_ram_000018de@ram:000018de	ram:000019c6	LAB_ram_000019c6	UNCONDITIONAL_JUMP
ram:00001b26	FUN_ram_000018de@ram:000018de	ram:00001a4a	LAB_ram_00001a4a	CONDITIONAL_JUMP
ram:00001b2e	FUN_ram_000018de@ram:000018de	ram:0000185e	FUN_ram_0000185e	UNCONDITIONAL_CALL
ram:00001b34	FUN_ram_000018de@ram:000018de	ram:0000199e	LAB_ram_0000199e	CONDITIONAL_JUMP
ram:00001b38	FUN_ram_000018de@ram:000018de	ram:00001842	FUN_ram_00001842	UNCONDITIONAL_CALL
ram:00001b3e	FUN_ram_000018de@ram:000018de	ram:00001b52	LAB_ram_00001b52	CONDITIONAL_JUMP
ram:00001b40	FUN_ram_000018de@ram:000018de	ram:40001800	FLASH_DATA	READ
ram:00001b4c	FUN_ram_000018de@ram:000018de	ram:000019a0	LAB_ram_000019a0	CONDITIONAL_JUMP
ram:00001b54	FUN_ram_000018de@ram:000018de	ram:00001b30	LAB_ram_00001b30	UNCONDITIONAL_JUMP
ram:00001b58	FUN_ram_000018de@ram:000018de	ram:00001b64	LAB_ram_00001b64	CONDITIONAL_JUMP
ram:00001b60	FUN_ram_000018de@ram:000018de	ram:00001822	FUN_ram_00001822	UNCONDITIONAL_CALL
ram:00001b62	FUN_ram_000018de@ram:000018de	ram:0000199e	LAB_ram_0000199e	UNCONDITIONAL_JUMP
ram:00001b6a	FUN_ram_000018de@ram:000018de	ram:00001b60	LAB_ram_00001b60	CONDITIONAL_JUMP
ram:00001b70	FUN_ram_000018de@ram:000018de	ram:00001bb2	LAB_ram_00001bb2	CONDITIONAL_JUMP
ram:00001b7e	FUN_ram_000018de@ram:000018de	ram:0000185e	FUN_ram_0000185e	UNCONDITIONAL_CALL
ram:00001b86	FUN_ram_000018de@ram:000018de	ram:00001842	FUN_ram_00001842	UNCONDITIONAL_CALL
ram:00001b88	FUN_ram_000018de@ram:000018de	ram:00001b94	LAB_ram_00001b94	CONDITIONAL_JUMP
ram:00001b8c	FUN_ram_000018de@ram:000018de	ram:40001800	FLASH_DATA	READ
ram:00001b96	FUN_ram_000018de@ram:000018de	ram:00001b86	LAB_ram_00001b86	CONDITIONAL_JUMP
ram:00001b9a	FUN_ram_000018de@ram:000018de	ram:40001800	FLASH_DATA	READ
ram:00001ba2	FUN_ram_000018de@ram:000018de	ram:00001bac	LAB_ram_00001bac	CONDITIONAL_JUMP
ram:00001baa	FUN_ram_000018de@ram:000018de	ram:0000199e	LAB_ram_0000199e	UNCONDITIONAL_JUMP
ram:00001bb0	FUN_ram_000018de@ram:000018de	ram:0000199e	LAB_ram_0000199e	UNCONDITIONAL_JUMP
ram:00001bb4	FUN_ram_000018de@ram:000018de	ram:00001be6	LAB_ram_00001be6	CONDITIONAL_JUMP
ram:00001bbe	FUN_ram_000018de@ram:000018de	ram:0000185e	FUN_ram_0000185e	UNCONDITIONAL_CALL
ram:00001bcc	FUN_ram_000018de@ram:000018de	ram:00001842	FUN_ram_00001842	UNCONDITIONAL_CALL
ram:00001be0	FUN_ram_000018de@ram:000018de	ram:00001bcc	LAB_ram_00001bcc	CONDITIONAL_JUMP
ram:00001be4	FUN_ram_000018de@ram:000018de	ram:0000199e	LAB_ram_0000199e	UNCONDITIONAL_JUMP
ram:00001be8	FUN_ram_000018de@ram:000018de	ram:00001c2c	LAB_ram_00001c2c	CONDITIONAL_JUMP
ram:00001bec	FUN_ram_000018de@ram:000018de	ram:000018a6	FUN_ram_000018a6	UNCONDITIONAL_CALL
ram:00001bf0	FUN_ram_000018de@ram:000018de	ram:00001c0a	LAB_ram_00001c0a	CONDITIONAL_JUMP
ram:00001bfa	FUN_ram_000018de@ram:000018de	ram:00001c0a	LAB_ram_00001c0a	CONDITIONAL_JUMP
ram:00001c02	FUN_ram_000018de@ram:000018de	ram:00001c0a	LAB_ram_00001c0a	CONDITIONAL_JUMP
ram:00001c0e	FUN_ram_000018de@ram:000018de	ram:0000199e	LAB_ram_0000199e	CONDITIONAL_JUMP
ram:00001c14	FUN_ram_000018de@ram:000018de	ram:00001822	FUN_ram_00001822	UNCONDITIONAL_CALL
ram:00001c16	FUN_ram_000018de@ram:000018de	ram:00001834	FUN_ram_00001834	UNCONDITIONAL_CALL
ram:00001c1a	FUN_ram_000018de@ram:000018de	ram:00001822	FUN_ram_00001822	UNCONDITIONAL_CALL
ram:00001c1e	FUN_ram_000018de@ram:000018de	ram:00001850	FUN_ram_00001850	UNCONDITIONAL_CALL
ram:00001c22	FUN_ram_000018de@ram:000018de	ram:00001850	FUN_ram_00001850	UNCONDITIONAL_CALL
ram:00001c24	FUN_ram_000018de@ram:000018de	ram:000018a6	FUN_ram_000018a6	UNCONDITIONAL_CALL
ram:00001c26	FUN_ram_000018de@ram:000018de	ram:0000199e	LAB_ram_0000199e	CONDITIONAL_JUMP
ram:00001c2a	FUN_ram_000018de@ram:000018de	ram:000019c4	LAB_ram_000019c4	UNCONDITIONAL_JUMP
ram:00001c2e	FUN_ram_000018de@ram:000018de	ram:00001c40	LAB_ram_00001c40	CONDITIONAL_JUMP
ram:00001c36	FUN_ram_000018de@ram:000018de	ram:00001822	FUN_ram_00001822	UNCONDITIONAL_CALL
ram:00001c38	FUN_ram_000018de@ram:000018de	ram:00001834	FUN_ram_00001834	UNCONDITIONAL_CALL
ram:00001c3e	FUN_ram_000018de@ram:000018de	ram:00001b60	LAB_ram_00001b60	UNCONDITIONAL_JUMP
ram:00001c40	FUN_ram_000018de@ram:000018de	ram:0000199e	LAB_ram_0000199e	CONDITIONAL_JUMP
ram:00001c46	FUN_ram_000018de@ram:000018de	ram:000019a0	LAB_ram_000019a0	UNCONDITIONAL_JUMP
ram:00001c70	handle_reset@ram:00001c48	ram:00001c84	LAB_ram_00001c84	CONDITIONAL_JUMP
ram:00001c74	handle_reset@ram:00001c48	ram:00001008	DAT_ram_00001008	READ
ram:00001c74	handle_reset@ram:00001c48	ram:0000100c	DAT_ram_0000100c	READ
ram:00001c78	handle_reset@ram:00001c48	ram:20002000	PTR_ram_20002000	WRITE
ram:00001c78	handle_reset@ram:00001c48	ram:20002004	PTR_ram_20002004	WRITE
ram:00001c80	handle_reset@ram:00001c48	ram:00001c74	LAB_ram_00001c74	CONDITIONAL_JUMP
ram:00001c98	handle_reset@ram:00001c48	ram:20002f50	DAT_ram_20002f50	PARAM
ram:00001c9c	handle_reset@ram:00001c48	ram:00001cb0	LAB_ram_00001cb0	CONDITIONAL_JUMP
ram:00001ca0	handle_reset@ram:00001c48	ram:00009318	DAT_ram_00009318	READ
ram:00001ca0	handle_reset@ram:00001c48	ram:0000931c	DAT_ram_0000931c	READ
ram:00001ca4	handle_reset@ram:00001c48	ram:20002c40	gatt_af00_table	WRITE
ram:00001ca4	handle_reset@ram:00001c48	ram:20002c44	DAT_ram_20002c44	WRITE
ram:00001cac	handle_reset@ram:00001c48	ram:00001ca0	LAB_ram_00001ca0	CONDITIONAL_JUMP
ram:00001cbc	handle_reset@ram:00001c48	ram:20006df0	DAT_ram_20006df0	PARAM
ram:00001cc0	handle_reset@ram:00001c48	ram:00001cce	LAB_ram_00001cce	CONDITIONAL_JUMP
ram:00001cc4	handle_reset@ram:00001c48	ram:20002f50	DAT_ram_20002f50	WRITE
ram:00001cc4	handle_reset@ram:00001c48	ram:20002f54	DAT_ram_20002f54	WRITE
ram:00001cca	handle_reset@ram:00001c48	ram:00001cc4	LAB_ram_00001cc4	CONDITIONAL_JUMP
ram:00001cd0	handle_reset@ram:00001c48	csreg:0bc0	DAT_csreg_0bc0	WRITE
ram:00001cd6	handle_reset@ram:00001c48	csreg:0804	DAT_csreg_0804	WRITE
ram:00001ce2	handle_reset@ram:00001c48	csreg:0300	mstatus	READ_WRITE
ram:00001cf2	handle_reset@ram:00001c48	csreg:0305	mtvec	WRITE
ram:00001cfa	handle_reset@ram:00001c48	ram:0000780e	FUN_ram_0000780e	PARAM
ram:00001cfe	handle_reset@ram:00001c48	ram:00007804	FUN_ram_00007804	UNCONDITIONAL_CALL
ram:00001d02	handle_reset@ram:00001c48	ram:00007846	FUN_ram_00007846	UNCONDITIONAL_CALL
ram:00001d12	handle_reset@ram:00001c48	ram:00040000	LAB_ram_00040000	UNCONDITIONAL_JUMP
ram:00001d1e	memset@ram:00001d1a	ram:00001d44	LAB_ram_00001d44	CONDITIONAL_JUMP
ram:00001d26	memset@ram:00001d1a	ram:00001da4	LAB_ram_00001da4	CONDITIONAL_JUMP
ram:00001d28	memset@ram:00001d1a	ram:00001d92	LAB_ram_00001d92	CONDITIONAL_JUMP
ram:00001d3c	memset@ram:00001d1a	ram:00001d32	LAB_ram_00001d32	CONDITIONAL_JUMP
ram:00001d40	memset@ram:00001d1a	ram:00001d44	LAB_ram_00001d44	CONDITIONAL_JUMP
ram:00001da2	memset@ram:00001d1a	ram:00001d2a	LAB_ram_00001d2a	UNCONDITIONAL_JUMP
ram:00001dbc	memset@ram:00001d1a	ram:00001d44	LAB_ram_00001d44	CONDITIONAL_JUMP
ram:00001dc0	memset@ram:00001d1a	ram:00001d28	LAB_ram_00001d28	UNCONDITIONAL_JUMP
ram:00001dc6	FUN_ram_00001dc2@ram:00001dc2	ram:40001057	TKEY_CFG	READ
ram:00001dce	FUN_ram_00001dc2@ram:00001dc2	ram:40001057	TKEY_CFG	WRITE
ram:00001dd6	FUN_ram_00001dc2@ram:00001dc2	ram:4000105b	TEM_SENSOR	WRITE
ram:00001ddc	FUN_ram_00001dc2@ram:00001dc2	ram:40001058	ADC_CTRL	WRITE
ram:00001de4	FUN_ram_00001dc2@ram:00001dc2	ram:40001059	ADC_CFG	WRITE
ram:00001dee	FUN_ram_00001dea@ram:00001dea	ram:4000104e	XT32M_TUNE	READ
ram:00001df6	FUN_ram_00001dea@ram:00001dea	ram:40001040	SAFE_ACCESS	WRITE
ram:00001e06	FUN_ram_00001dea@ram:00001dea	ram:40001040	SAFE_ACCESS	WRITE
ram:00001e0e	FUN_ram_00001dea@ram:00001dea	ram:4000104e	XT32M_TUNE	WRITE
ram:00001e12	FUN_ram_00001dea@ram:00001dea	ram:40001040	SAFE_ACCESS	WRITE
ram:00001e2a	FUN_ram_00001e18@ram:00001e18	ram:00001f12	LAB_ram_00001f12	CONDITIONAL_JUMP
ram:00001e4a	FUN_ram_00001e18@ram:00001e18	ram:00001f46	LAB_ram_00001f46	CONDITIONAL_JUMP
ram:00001e84	FUN_ram_00001e18@ram:00001e18	ram:4000102f	CK32K_CONFIG	READ
ram:00001e94	FUN_ram_00001e18@ram:00001e18	ram:4000102f	CK32K_CONFIG	READ
ram:00001e9c	FUN_ram_00001e18@ram:00001e18	ram:00001e84	LAB_ram_00001e84	CONDITIONAL_JUMP
ram:00001eac	FUN_ram_00001e18@ram:00001e18	ram:00001f9a	LAB_ram_00001f9a	CONDITIONAL_JUMP
ram:00001eb6	FUN_ram_00001e18@ram:00001e18	ram:40001040	SAFE_ACCESS	WRITE
ram:00001ebe	FUN_ram_00001e18@ram:00001e18	ram:40001040	SAFE_ACCESS	WRITE
ram:00001ec6	FUN_ram_00001e18@ram:00001e18	ram:40001034	RTC_TRIG	WRITE
ram:00001eca	FUN_ram_00001e18@ram:00001e18	ram:40001031	RTC_MODE_CTRL	READ
ram:00001ed6	FUN_ram_00001e18@ram:00001e18	ram:40001031	RTC_MODE_CTRL	WRITE
ram:00001eda	FUN_ram_00001e18@ram:00001e18	ram:40001034	RTC_TRIG	READ
ram:00001edc	FUN_ram_00001e18@ram:00001e18	ram:4000103c	RTC_CNT_DAY	READ
ram:00001ee6	FUN_ram_00001e18@ram:00001e18	ram:00001eda	LAB_ram_00001eda	CONDITIONAL_JUMP
ram:00001eec	FUN_ram_00001e18@ram:00001e18	ram:40001040	SAFE_ACCESS	WRITE
ram:00001ef4	FUN_ram_00001e18@ram:00001e18	ram:40001040	SAFE_ACCESS	WRITE
ram:00001efc	FUN_ram_00001e18@ram:00001e18	ram:40001034	RTC_TRIG	WRITE
ram:00001efe	FUN_ram_00001e18@ram:00001e18	ram:40001031	RTC_MODE_CTRL	READ
ram:00001f06	FUN_ram_00001e18@ram:00001e18	ram:40001031	RTC_MODE_CTRL	WRITE
ram:00001f0a	FUN_ram_00001e18@ram:00001e18	ram:40001040	SAFE_ACCESS	WRITE
ram:00001f1c	FUN_ram_00001e18@ram:00001e18	ram:00001f38	LAB_ram_00001f38	CONDITIONAL_JUMP
ram:00001f28	FUN_ram_00001e18@ram:00001e18	ram:00001f38	LAB_ram_00001f38	CONDITIONAL_JUMP
ram:00001f44	FUN_ram_00001e18@ram:00001e18	ram:00001e2a	LAB_ram_00001e2a	UNCONDITIONAL_JUMP
ram:00001f46	FUN_ram_00001e18@ram:00001e18	ram:00001f6c	LAB_ram_00001f6c	CONDITIONAL_JUMP
ram:00001f4c	FUN_ram_00001e18@ram:00001e18	ram:00001f58	LAB_ram_00001f58	CONDITIONAL_JUMP
ram:00001f52	FUN_ram_00001e18@ram:00001e18	ram:00001f58	LAB_ram_00001f58	CONDITIONAL_JUMP
ram:00001f6a	FUN_ram_00001e18@ram:00001e18	ram:00001e4a	LAB_ram_00001e4a	UNCONDITIONAL_JUMP
ram:00001f70	FUN_ram_00001e18@ram:00001e18	ram:00001f78	LAB_ram_00001f78	CONDITIONAL_JUMP
ram:00001f76	FUN_ram_00001e18@ram:00001e18	ram:00001f5a	LAB_ram_00001f5a	UNCONDITIONAL_JUMP
ram:00001f7c	FUN_ram_00001e18@ram:00001e18	ram:00001f74	LAB_ram_00001f74	UNCONDITIONAL_JUMP
ram:00001f7e	FUN_ram_00001e18@ram:00001e18	ram:4000102f	CK32K_CONFIG	READ
ram:00001f8e	FUN_ram_00001e18@ram:00001e18	ram:4000102f	CK32K_CONFIG	READ
ram:00001f96	FUN_ram_00001e18@ram:00001e18	ram:00001f7e	LAB_ram_00001f7e	CONDITIONAL_JUMP
ram:00001fa2	FUN_ram_00001e18@ram:00001e18	ram:00001f7e	LAB_ram_00001f7e	CONDITIONAL_JUMP
ram:00001fa4	FUN_ram_00001e18@ram:00001e18	ram:00001eae	LAB_ram_00001eae	UNCONDITIONAL_JUMP
ram:00001fac	FUN_ram_00001fa6@ram:00001fa6	ram:40001038	RTC_CNT_32K	READ
ram:00001fb0	FUN_ram_00001fa6@ram:00001fa6	ram:40001038	RTC_CNT_32K	READ
ram:00001fb4	FUN_ram_00001fa6@ram:00001fa6	ram:00001fac	LAB_ram_00001fac	CONDITIONAL_JUMP
ram:00001fdc	FUN_ram_00001fbe@ram:00001fbe	ram:000026e8	FUN_ram_000026e8	UNCONDITIONAL_CALL
ram:00001fe6	FUN_ram_00001fbe@ram:00001fbe	ram:40001040	SAFE_ACCESS	WRITE
ram:00001ff0	FUN_ram_00001fbe@ram:00001fbe	ram:40001040	SAFE_ACCESS	WRITE
ram:00001ff8	FUN_ram_00001fbe@ram:00001fbe	ram:4000102f	CK32K_CONFIG	READ
ram:00002000	FUN_ram_00001fbe@ram:00001fbe	ram:4000102f	CK32K_CONFIG	WRITE
ram:00002004	FUN_ram_00001fbe@ram:00001fbe	ram:4000102f	CK32K_CONFIG	READ
ram:0000200c	FUN_ram_00001fbe@ram:00001fbe	ram:4000102f	CK32K_CONFIG	WRITE
ram:00002010	FUN_ram_00001fbe@ram:00001fbe	ram:40001040	SAFE_ACCESS	WRITE
ram:00002014	FUN_ram_00001fbe@ram:00001fbe	ram:40001040	SAFE_ACCESS	WRITE
ram:0000201c	FUN_ram_00001fbe@ram:00001fbe	ram:4000102e	XT32K_TUNE	READ
ram:00002024	FUN_ram_00001fbe@ram:00001fbe	ram:4000102e	XT32K_TUNE	WRITE
ram:00002028	FUN_ram_00001fbe@ram:00001fbe	ram:4000102e	XT32K_TUNE	READ
ram:00002030	FUN_ram_00001fbe@ram:00001fbe	ram:4000102e	XT32K_TUNE	WRITE
ram:00002034	FUN_ram_00001fbe@ram:00001fbe	ram:40001040	SAFE_ACCESS	WRITE
ram:00002038	FUN_ram_00001fbe@ram:00001fbe	ram:40001040	SAFE_ACCESS	WRITE
ram:00002050	FUN_ram_00001fbe@ram:00001fbe	ram:40001053	OSC_CAL_CTRL	READ
ram:00002060	FUN_ram_00001fbe@ram:00001fbe	ram:40001053	OSC_CAL_CTRL	WRITE
ram:00002064	FUN_ram_00001fbe@ram:00001fbe	ram:40001053	OSC_CAL_CTRL	READ
ram:00002072	FUN_ram_00001fbe@ram:00001fbe	ram:40001053	OSC_CAL_CTRL	WRITE
ram:000020c4	FUN_ram_00001fbe@ram:00001fbe	ram:40001040	SAFE_ACCESS	WRITE
ram:000020c8	FUN_ram_00001fbe@ram:00001fbe	ram:40001040	SAFE_ACCESS	WRITE
ram:000020d0	FUN_ram_00001fbe@ram:00001fbe	ram:40001053	OSC_CAL_CTRL	READ
ram:000020d8	FUN_ram_00001fbe@ram:00001fbe	ram:40001053	OSC_CAL_CTRL	WRITE
ram:000020dc	FUN_ram_00001fbe@ram:00001fbe	ram:40001050	OSC_CALIB	READ
ram:000020e4	FUN_ram_00001fbe@ram:00001fbe	ram:40001050	OSC_CALIB	WRITE
ram:000020e8	FUN_ram_00001fbe@ram:00001fbe	ram:40001050	OSC_CALIB	READ
ram:000020f4	FUN_ram_00001fbe@ram:00001fbe	ram:40001050	OSC_CALIB	WRITE
ram:000020f8	FUN_ram_00001fbe@ram:00001fbe	ram:40001053	OSC_CAL_CTRL	READ
ram:00002100	FUN_ram_00001fbe@ram:00001fbe	ram:000021e0	LAB_ram_000021e0	CONDITIONAL_JUMP
ram:00002102	FUN_ram_00001fbe@ram:00001fbe	ram:40001053	OSC_CAL_CTRL	READ
ram:0000210c	FUN_ram_00001fbe@ram:00001fbe	ram:00002102	LAB_ram_00002102	CONDITIONAL_JUMP
ram:0000210e	FUN_ram_00001fbe@ram:00001fbe	ram:40001040	SAFE_ACCESS	WRITE
ram:00002112	FUN_ram_00001fbe@ram:00001fbe	ram:40001040	SAFE_ACCESS	WRITE
ram:0000211a	FUN_ram_00001fbe@ram:00001fbe	ram:40001053	OSC_CAL_CTRL	READ
ram:00002122	FUN_ram_00001fbe@ram:00001fbe	ram:40001053	OSC_CAL_CTRL	WRITE
ram:00002126	FUN_ram_00001fbe@ram:00001fbe	ram:40001053	OSC_CAL_CTRL	READ
ram:0000212e	FUN_ram_00001fbe@ram:00001fbe	ram:40001053	OSC_CAL_CTRL	WRITE
ram:00002132	FUN_ram_00001fbe@ram:00001fbe	ram:40001050	OSC_CALIB	READ
ram:0000213a	FUN_ram_00001fbe@ram:00001fbe	ram:40001050	OSC_CALIB	WRITE
ram:0000213e	FUN_ram_00001fbe@ram:00001fbe	ram:40001050	OSC_CALIB	READ
ram:0000214a	FUN_ram_00001fbe@ram:00001fbe	ram:40001050	OSC_CALIB	WRITE
ram:0000214e	FUN_ram_00001fbe@ram:00001fbe	ram:40001053	OSC_CAL_CTRL	READ
ram:00002156	FUN_ram_00001fbe@ram:00001fbe	ram:000021fa	LAB_ram_000021fa	CONDITIONAL_JUMP
ram:00002158	FUN_ram_00001fbe@ram:00001fbe	ram:40001053	OSC_CAL_CTRL	READ
ram:0000215e	FUN_ram_00001fbe@ram:00001fbe	ram:00002158	LAB_ram_00002158	CONDITIONAL_JUMP
ram:00002160	FUN_ram_00001fbe@ram:00001fbe	ram:00001fa6	FUN_ram_00001fa6	UNCONDITIONAL_CALL
ram:00002166	FUN_ram_00001fbe@ram:00001fbe	ram:00001fa6	FUN_ram_00001fa6	UNCONDITIONAL_CALL
ram:0000216a	FUN_ram_00001fbe@ram:00001fbe	ram:00002164	LAB_ram_00002164	CONDITIONAL_JUMP
ram:0000216e	FUN_ram_00001fbe@ram:00001fbe	ram:40001050	OSC_CALIB	READ
ram:00002176	FUN_ram_00001fbe@ram:00001fbe	ram:40001050	OSC_CALIB	WRITE
ram:0000217a	FUN_ram_00001fbe@ram:00001fbe	ram:40001053	OSC_CAL_CTRL	READ
ram:00002180	FUN_ram_00001fbe@ram:00001fbe	ram:0000217a	LAB_ram_0000217a	CONDITIONAL_JUMP
ram:00002182	FUN_ram_00001fbe@ram:00001fbe	ram:40001050	OSC_CALIB	READ
ram:00002186	FUN_ram_00001fbe@ram:00001fbe	ram:40001052	OSC_CAL_OV_CNT	READ
ram:0000219a	FUN_ram_00001fbe@ram:00001fbe	ram:000021a4	LAB_ram_000021a4	CONDITIONAL_JUMP
ram:000021a0	FUN_ram_00001fbe@ram:00001fbe	ram:00002214	LAB_ram_00002214	CONDITIONAL_JUMP
ram:000021a4	FUN_ram_00001fbe@ram:00001fbe	ram:00002218	LAB_ram_00002218	CONDITIONAL_JUMP
ram:000021ba	FUN_ram_00001fbe@ram:00001fbe	ram:00002444	LAB_ram_00002444	CONDITIONAL_JUMP
ram:000021c0	FUN_ram_00001fbe@ram:00001fbe	ram:40001040	SAFE_ACCESS	WRITE
ram:000021c4	FUN_ram_00001fbe@ram:00001fbe	ram:40001040	SAFE_ACCESS	WRITE
ram:000021d0	FUN_ram_00001fbe@ram:00001fbe	ram:4000102c	OSC32K_CTRL	READ
ram:000021da	FUN_ram_00001fbe@ram:00001fbe	ram:4000102c	OSC32K_CTRL	WRITE
ram:000021de	FUN_ram_00001fbe@ram:00001fbe	ram:000020c0	LAB_ram_000020c0	UNCONDITIONAL_JUMP
ram:000021e0	FUN_ram_00001fbe@ram:00001fbe	ram:40001040	SAFE_ACCESS	WRITE
ram:000021e4	FUN_ram_00001fbe@ram:00001fbe	ram:40001040	SAFE_ACCESS	WRITE
ram:000021ec	FUN_ram_00001fbe@ram:00001fbe	ram:40001053	OSC_CAL_CTRL	READ
ram:000021f4	FUN_ram_00001fbe@ram:00001fbe	ram:40001053	OSC_CAL_CTRL	WRITE
ram:000021f8	FUN_ram_00001fbe@ram:00001fbe	ram:000020f8	LAB_ram_000020f8	UNCONDITIONAL_JUMP
ram:000021fa	FUN_ram_00001fbe@ram:00001fbe	ram:40001040	SAFE_ACCESS	WRITE
ram:000021fe	FUN_ram_00001fbe@ram:00001fbe	ram:40001040	SAFE_ACCESS	WRITE
ram:00002206	FUN_ram_00001fbe@ram:00001fbe	ram:40001053	OSC_CAL_CTRL	READ
ram:0000220e	FUN_ram_00001fbe@ram:00001fbe	ram:40001053	OSC_CAL_CTRL	WRITE
ram:00002212	FUN_ram_00001fbe@ram:00001fbe	ram:0000214e	LAB_ram_0000214e	UNCONDITIONAL_JUMP
ram:00002214	FUN_ram_00001fbe@ram:00001fbe	ram:000021a8	LAB_ram_000021a8	CONDITIONAL_JUMP
ram:00002220	FUN_ram_00001fbe@ram:00001fbe	ram:40001040	SAFE_ACCESS	WRITE
ram:00002228	FUN_ram_00001fbe@ram:00001fbe	ram:40001040	SAFE_ACCESS	WRITE
ram:00002230	FUN_ram_00001fbe@ram:00001fbe	ram:40001053	OSC_CAL_CTRL	READ
ram:00002240	FUN_ram_00001fbe@ram:00001fbe	ram:40001053	OSC_CAL_CTRL	WRITE
ram:00002244	FUN_ram_00001fbe@ram:00001fbe	ram:40001053	OSC_CAL_CTRL	READ
ram:0000224e	FUN_ram_00001fbe@ram:00001fbe	ram:40001053	OSC_CAL_CTRL	WRITE
ram:00002252	FUN_ram_00001fbe@ram:00001fbe	ram:40001053	OSC_CAL_CTRL	READ
ram:0000225c	FUN_ram_00001fbe@ram:00001fbe	ram:00002448	LAB_ram_00002448	CONDITIONAL_JUMP
ram:00002264	FUN_ram_00001fbe@ram:00001fbe	ram:40001040	SAFE_ACCESS	WRITE
ram:0000226c	FUN_ram_00001fbe@ram:00001fbe	ram:40001040	SAFE_ACCESS	WRITE
ram:00002274	FUN_ram_00001fbe@ram:00001fbe	ram:40001053	OSC_CAL_CTRL	READ
ram:00002280	FUN_ram_00001fbe@ram:00001fbe	ram:40001053	OSC_CAL_CTRL	WRITE
ram:00002284	FUN_ram_00001fbe@ram:00001fbe	ram:40001053	OSC_CAL_CTRL	READ
ram:0000228c	FUN_ram_00001fbe@ram:00001fbe	ram:40001053	OSC_CAL_CTRL	WRITE
ram:00002290	FUN_ram_00001fbe@ram:00001fbe	ram:40001050	OSC_CALIB	READ
ram:00002298	FUN_ram_00001fbe@ram:00001fbe	ram:40001050	OSC_CALIB	WRITE
ram:0000229c	FUN_ram_00001fbe@ram:00001fbe	ram:40001050	OSC_CALIB	READ
ram:000022a4	FUN_ram_00001fbe@ram:00001fbe	ram:40001050	OSC_CALIB	WRITE
ram:000022b0	FUN_ram_00001fbe@ram:00001fbe	ram:40001053	OSC_CAL_CTRL	READ
ram:000022b8	FUN_ram_00001fbe@ram:00001fbe	ram:00002460	LAB_ram_00002460	CONDITIONAL_JUMP
ram:000022c0	FUN_ram_00001fbe@ram:00001fbe	ram:40001053	OSC_CAL_CTRL	READ
ram:000022ca	FUN_ram_00001fbe@ram:00001fbe	ram:000022c0	LAB_ram_000022c0	CONDITIONAL_JUMP
ram:000022d0	FUN_ram_00001fbe@ram:00001fbe	ram:40001040	SAFE_ACCESS	WRITE
ram:000022d8	FUN_ram_00001fbe@ram:00001fbe	ram:40001040	SAFE_ACCESS	WRITE
ram:000022e0	FUN_ram_00001fbe@ram:00001fbe	ram:40001053	OSC_CAL_CTRL	READ
ram:000022ec	FUN_ram_00001fbe@ram:00001fbe	ram:40001053	OSC_CAL_CTRL	WRITE
ram:000022f0	FUN_ram_00001fbe@ram:00001fbe	ram:40001053	OSC_CAL_CTRL	READ
ram:000022f8	FUN_ram_00001fbe@ram:00001fbe	ram:40001053	OSC_CAL_CTRL	WRITE
ram:000022fc	FUN_ram_00001fbe@ram:00001fbe	ram:40001050	OSC_CALIB	READ
ram:00002304	FUN_ram_00001fbe@ram:00001fbe	ram:40001050	OSC_CALIB	WRITE
ram:00002308	FUN_ram_00001fbe@ram:00001fbe	ram:40001050	OSC_CALIB	READ
ram:00002310	FUN_ram_00001fbe@ram:00001fbe	ram:40001050	OSC_CALIB	WRITE
ram:0000231c	FUN_ram_00001fbe@ram:00001fbe	ram:40001053	OSC_CAL_CTRL	READ
ram:00002324	FUN_ram_00001fbe@ram:00001fbe	ram:0000247a	LAB_ram_0000247a	CONDITIONAL_JUMP
ram:00002328	FUN_ram_00001fbe@ram:00001fbe	ram:40001000	DAT_ram_40001000	PARAM
ram:0000232c	FUN_ram_00001fbe@ram:00001fbe	ram:40001053	OSC_CAL_CTRL	READ
ram:00002332	FUN_ram_00001fbe@ram:00001fbe	ram:0000232c	LAB_ram_0000232c	CONDITIONAL_JUMP
ram:00002334	FUN_ram_00001fbe@ram:00001fbe	ram:00001fa6	FUN_ram_00001fa6	UNCONDITIONAL_CALL
ram:00002338	FUN_ram_00001fbe@ram:00001fbe	ram:00001fa6	FUN_ram_00001fa6	UNCONDITIONAL_CALL
ram:0000233a	FUN_ram_00001fbe@ram:00001fbe	ram:00002338	LAB_ram_00002338	CONDITIONAL_JUMP
ram:00002342	FUN_ram_00001fbe@ram:00001fbe	ram:40001050	OSC_CALIB	READ
ram:0000234a	FUN_ram_00001fbe@ram:00001fbe	ram:40001050	OSC_CALIB	WRITE
ram:00002352	FUN_ram_00001fbe@ram:00001fbe	ram:40001053	OSC_CAL_CTRL	READ
ram:0000235c	FUN_ram_00001fbe@ram:00001fbe	ram:00002352	LAB_ram_00002352	CONDITIONAL_JUMP
ram:00002362	FUN_ram_00001fbe@ram:00001fbe	ram:40001040	SAFE_ACCESS	WRITE
ram:0000236a	FUN_ram_00001fbe@ram:00001fbe	ram:40001040	SAFE_ACCESS	WRITE
ram:00002372	FUN_ram_00001fbe@ram:00001fbe	ram:40001053	OSC_CAL_CTRL	READ
ram:0000237a	FUN_ram_00001fbe@ram:00001fbe	ram:40001053	OSC_CAL_CTRL	WRITE
ram:0000237e	FUN_ram_00001fbe@ram:00001fbe	ram:40001050	OSC_CALIB	READ
ram:00002382	FUN_ram_00001fbe@ram:00001fbe	ram:40001052	OSC_CAL_OV_CNT	READ
ram:000023f2	FUN_ram_00001fbe@ram:00001fbe	ram:00002494	LAB_ram_00002494	CONDITIONAL_JUMP
ram:00002406	FUN_ram_00001fbe@ram:00001fbe	ram:40001040	SAFE_ACCESS	WRITE
ram:0000240e	FUN_ram_00001fbe@ram:00001fbe	ram:40001040	SAFE_ACCESS	WRITE
ram:00002418	FUN_ram_00001fbe@ram:00001fbe	ram:4000102c	OSC32K_CTRL	READ
ram:00002426	FUN_ram_00001fbe@ram:00001fbe	ram:4000102c	OSC32K_CTRL	WRITE
ram:00002446	FUN_ram_00001fbe@ram:00001fbe	ram:000021c0	LAB_ram_000021c0	UNCONDITIONAL_JUMP
ram:00002448	FUN_ram_00001fbe@ram:00001fbe	ram:40001040	SAFE_ACCESS	WRITE
ram:0000244c	FUN_ram_00001fbe@ram:00001fbe	ram:40001040	SAFE_ACCESS	WRITE
ram:00002454	FUN_ram_00001fbe@ram:00001fbe	ram:40001053	OSC_CAL_CTRL	READ
ram:0000245a	FUN_ram_00001fbe@ram:00001fbe	ram:40001053	OSC_CAL_CTRL	WRITE
ram:0000245e	FUN_ram_00001fbe@ram:00001fbe	ram:00002252	LAB_ram_00002252	UNCONDITIONAL_JUMP
ram:00002460	FUN_ram_00001fbe@ram:00001fbe	ram:40001040	SAFE_ACCESS	WRITE
ram:00002464	FUN_ram_00001fbe@ram:00001fbe	ram:40001040	SAFE_ACCESS	WRITE
ram:0000246c	FUN_ram_00001fbe@ram:00001fbe	ram:40001053	OSC_CAL_CTRL	READ
ram:00002474	FUN_ram_00001fbe@ram:00001fbe	ram:40001053	OSC_CAL_CTRL	WRITE
ram:00002478	FUN_ram_00001fbe@ram:00001fbe	ram:000022b0	LAB_ram_000022b0	UNCONDITIONAL_JUMP
ram:0000247a	FUN_ram_00001fbe@ram:00001fbe	ram:40001040	SAFE_ACCESS	WRITE
ram:0000247e	FUN_ram_00001fbe@ram:00001fbe	ram:40001040	SAFE_ACCESS	WRITE
ram:00002486	FUN_ram_00001fbe@ram:00001fbe	ram:40001053	OSC_CAL_CTRL	READ
ram:0000248e	FUN_ram_00001fbe@ram:00001fbe	ram:40001053	OSC_CAL_CTRL	WRITE
ram:00002492	FUN_ram_00001fbe@ram:00001fbe	ram:0000231c	LAB_ram_0000231c	UNCONDITIONAL_JUMP
ram:00002496	FUN_ram_00001fbe@ram:00001fbe	ram:000023f8	LAB_ram_000023f8	UNCONDITIONAL_JUMP
ram:0000249a	GPIOA_ModeCfg@ram:00002498	ram:000024d6	default	CONDITIONAL_JUMP
ram:000024aa	GPIOA_ModeCfg@ram:00002498	ram:00008da0	switchdataD_ram:00008da0	DATA
ram:000024ae	GPIOA_ModeCfg@ram:00002498	ram:000024b0	caseD_0	COMPUTED_JUMP
ram:000024ae	GPIOA_ModeCfg@ram:00002498	ram:000024d8	caseD_1	COMPUTED_JUMP
ram:000024ae	GPIOA_ModeCfg@ram:00002498	ram:00002500	caseD_2	COMPUTED_JUMP
ram:000024ae	GPIOA_ModeCfg@ram:00002498	ram:00002518	caseD_3	COMPUTED_JUMP
ram:000024ae	GPIOA_ModeCfg@ram:00002498	ram:00002532	caseD_4	COMPUTED_JUMP
ram:000024b4	GPIOA_ModeCfg@ram:00002498	ram:400010b4	PA_PD_DRV	READ
ram:000024be	GPIOA_ModeCfg@ram:00002498	ram:400010b4	PA_PD_DRV	WRITE
ram:000024c2	GPIOA_ModeCfg@ram:00002498	ram:400010b0	PA_PU	READ
ram:000024c8	GPIOA_ModeCfg@ram:00002498	ram:400010b0	PA_PU	WRITE
ram:000024cc	GPIOA_ModeCfg@ram:00002498	ram:400010a0	PA_DIR	READ
ram:000024d2	GPIOA_ModeCfg@ram:00002498	ram:400010a0	PA_DIR	WRITE
ram:000024dc	GPIOA_ModeCfg@ram:00002498	ram:400010b4	PA_PD_DRV	READ
ram:000024e6	GPIOA_ModeCfg@ram:00002498	ram:400010b4	PA_PD_DRV	WRITE
ram:000024ea	GPIOA_ModeCfg@ram:00002498	ram:400010b0	PA_PU	READ
ram:000024f0	GPIOA_ModeCfg@ram:00002498	ram:400010b0	PA_PU	WRITE
ram:000024f4	GPIOA_ModeCfg@ram:00002498	ram:400010a0	PA_DIR	READ
ram:000024fa	GPIOA_ModeCfg@ram:00002498	ram:400010a0	PA_DIR	WRITE
ram:00002504	GPIOA_ModeCfg@ram:00002498	ram:400010b4	PA_PD_DRV	READ
ram:0000250a	GPIOA_ModeCfg@ram:00002498	ram:400010b4	PA_PD_DRV	WRITE
ram:0000250e	GPIOA_ModeCfg@ram:00002498	ram:400010b0	PA_PU	READ
ram:00002516	GPIOA_ModeCfg@ram:00002498	ram:000024c6	LAB_ram_000024c6	UNCONDITIONAL_JUMP
ram:0000251c	GPIOA_ModeCfg@ram:00002498	ram:400010b4	PA_PD_DRV	READ
ram:00002526	GPIOA_ModeCfg@ram:00002498	ram:400010b4	PA_PD_DRV	WRITE
ram:0000252a	GPIOA_ModeCfg@ram:00002498	ram:400010a0	PA_DIR	READ
ram:00002530	GPIOA_ModeCfg@ram:00002498	ram:000024d2	LAB_ram_000024d2	UNCONDITIONAL_JUMP
ram:00002536	GPIOA_ModeCfg@ram:00002498	ram:400010b4	PA_PD_DRV	READ
ram:0000253c	GPIOA_ModeCfg@ram:00002498	ram:00002526	LAB_ram_00002526	UNCONDITIONAL_JUMP
ram:00002540	GPIOB_ModeCfg@ram:0000253e	ram:0000257c	default	CONDITIONAL_JUMP
ram:00002550	GPIOB_ModeCfg@ram:0000253e	ram:00008db4	switchdataD_ram:00008db4	DATA
ram:00002554	GPIOB_ModeCfg@ram:0000253e	ram:00002556	caseD_0	COMPUTED_JUMP
ram:00002554	GPIOB_ModeCfg@ram:0000253e	ram:0000257e	caseD_1	COMPUTED_JUMP
ram:00002554	GPIOB_ModeCfg@ram:0000253e	ram:000025a6	caseD_2	COMPUTED_JUMP
ram:00002554	GPIOB_ModeCfg@ram:0000253e	ram:000025be	caseD_3	COMPUTED_JUMP
ram:00002554	GPIOB_ModeCfg@ram:0000253e	ram:000025d8	caseD_4	COMPUTED_JUMP
ram:0000255a	GPIOB_ModeCfg@ram:0000253e	ram:400010d4	PB_PD_DRV	READ
ram:00002564	GPIOB_ModeCfg@ram:0000253e	ram:400010d4	PB_PD_DRV	WRITE
ram:00002568	GPIOB_ModeCfg@ram:0000253e	ram:400010d0	PB_PU	READ
ram:0000256e	GPIOB_ModeCfg@ram:0000253e	ram:400010d0	PB_PU	WRITE
ram:00002572	GPIOB_ModeCfg@ram:0000253e	ram:400010c0	PB_DIR	READ
ram:00002578	GPIOB_ModeCfg@ram:0000253e	ram:400010c0	PB_DIR	WRITE
ram:00002582	GPIOB_ModeCfg@ram:0000253e	ram:400010d4	PB_PD_DRV	READ
ram:0000258c	GPIOB_ModeCfg@ram:0000253e	ram:400010d4	PB_PD_DRV	WRITE
ram:00002590	GPIOB_ModeCfg@ram:0000253e	ram:400010d0	PB_PU	READ
ram:00002596	GPIOB_ModeCfg@ram:0000253e	ram:400010d0	PB_PU	WRITE
ram:0000259a	GPIOB_ModeCfg@ram:0000253e	ram:400010c0	PB_DIR	READ
ram:000025a0	GPIOB_ModeCfg@ram:0000253e	ram:400010c0	PB_DIR	WRITE
ram:000025aa	GPIOB_ModeCfg@ram:0000253e	ram:400010d4	PB_PD_DRV	READ
ram:000025b0	GPIOB_ModeCfg@ram:0000253e	ram:400010d4	PB_PD_DRV	WRITE
ram:000025b4	GPIOB_ModeCfg@ram:0000253e	ram:400010d0	PB_PU	READ
ram:000025bc	GPIOB_ModeCfg@ram:0000253e	ram:0000256c	LAB_ram_0000256c	UNCONDITIONAL_JUMP
ram:000025c2	GPIOB_ModeCfg@ram:0000253e	ram:400010d4	PB_PD_DRV	READ
ram:000025cc	GPIOB_ModeCfg@ram:0000253e	ram:400010d4	PB_PD_DRV	WRITE
ram:000025d0	GPIOB_ModeCfg@ram:0000253e	ram:400010c0	PB_DIR	READ
ram:000025d6	GPIOB_ModeCfg@ram:0000253e	ram:00002578	LAB_ram_00002578	UNCONDITIONAL_JUMP
ram:000025dc	GPIOB_ModeCfg@ram:0000253e	ram:400010d4	PB_PD_DRV	READ
ram:000025e2	GPIOB_ModeCfg@ram:0000253e	ram:000025cc	LAB_ram_000025cc	UNCONDITIONAL_JUMP
ram:000025e8	GPIOPinRemap@ram:000025e4	ram:40001018	PIN_CONFIG	READ
ram:000025ec	GPIOPinRemap@ram:000025e4	ram:000025f6	LAB_ram_000025f6	CONDITIONAL_JUMP
ram:000025f0	GPIOPinRemap@ram:000025e4	ram:40001018	PIN_CONFIG	WRITE
ram:000025fc	GPIOPinRemap@ram:000025e4	ram:000025f0	LAB_ram_000025f0	UNCONDITIONAL_JUMP
ram:00002600	PWMX_CycleCfg@ram:000025fe	ram:00002626	default	CONDITIONAL_JUMP
ram:00002610	PWMX_CycleCfg@ram:000025fe	ram:00008dc8	switchdataD_ram:00008dc8	DATA
ram:00002618	PWMX_CycleCfg@ram:000025fe	ram:0000261a	caseD_0	COMPUTED_JUMP
ram:00002618	PWMX_CycleCfg@ram:000025fe	ram:00002628	caseD_1	COMPUTED_JUMP
ram:00002618	PWMX_CycleCfg@ram:000025fe	ram:00002636	caseD_2	COMPUTED_JUMP
ram:00002618	PWMX_CycleCfg@ram:000025fe	ram:00002644	caseD_3	COMPUTED_JUMP
ram:00002618	PWMX_CycleCfg@ram:000025fe	ram:00002652	caseD_4	COMPUTED_JUMP
ram:00002618	PWMX_CycleCfg@ram:000025fe	ram:00002660	caseD_5	COMPUTED_JUMP
ram:00002618	PWMX_CycleCfg@ram:000025fe	ram:0000266e	caseD_6	COMPUTED_JUMP
ram:00002618	PWMX_CycleCfg@ram:000025fe	ram:0000267c	caseD_7	COMPUTED_JUMP
ram:0000261a	PWMX_CycleCfg@ram:000025fe	ram:40005002	PWM_CONFIG	READ
ram:00002622	PWMX_CycleCfg@ram:000025fe	ram:40005002	PWM_CONFIG	WRITE
ram:00002628	PWMX_CycleCfg@ram:000025fe	ram:40005002	PWM_CONFIG	READ
ram:00002634	PWMX_CycleCfg@ram:000025fe	ram:00002622	LAB_ram_00002622	UNCONDITIONAL_JUMP
ram:00002636	PWMX_CycleCfg@ram:000025fe	ram:40005002	PWM_CONFIG	READ
ram:00002642	PWMX_CycleCfg@ram:000025fe	ram:00002622	LAB_ram_00002622	UNCONDITIONAL_JUMP
ram:00002644	PWMX_CycleCfg@ram:000025fe	ram:40005002	PWM_CONFIG	READ
ram:00002650	PWMX_CycleCfg@ram:000025fe	ram:00002622	LAB_ram_00002622	UNCONDITIONAL_JUMP
ram:00002652	PWMX_CycleCfg@ram:000025fe	ram:40005002	PWM_CONFIG	READ
ram:0000265e	PWMX_CycleCfg@ram:000025fe	ram:00002622	LAB_ram_00002622	UNCONDITIONAL_JUMP
ram:00002660	PWMX_CycleCfg@ram:000025fe	ram:40005002	PWM_CONFIG	READ
ram:0000266c	PWMX_CycleCfg@ram:000025fe	ram:00002622	LAB_ram_00002622	UNCONDITIONAL_JUMP
ram:0000266e	PWMX_CycleCfg@ram:000025fe	ram:40005002	PWM_CONFIG	READ
ram:0000267a	PWMX_CycleCfg@ram:000025fe	ram:00002622	LAB_ram_00002622	UNCONDITIONAL_JUMP
ram:0000267c	PWMX_CycleCfg@ram:000025fe	ram:40005002	PWM_CONFIG	READ
ram:00002688	PWMX_CycleCfg@ram:000025fe	ram:00002622	LAB_ram_00002622	UNCONDITIONAL_JUMP
ram:0000268a	PWMX_ACTOUT@ram:0000268a	ram:000026a0	LAB_ram_000026a0	CONDITIONAL_JUMP
ram:00002690	PWMX_ACTOUT@ram:0000268a	ram:40005000	PWM_CONTROL	READ
ram:0000269a	PWMX_ACTOUT@ram:0000268a	ram:40005000	PWM_CONTROL	WRITE
ram:000026a4	PWMX_ACTOUT@ram:0000268a	ram:000026dc	LAB_ram_000026dc	CONDITIONAL_JUMP
ram:000026a6	PWMX_ACTOUT@ram:0000268a	ram:40005001	PWM_POLAR	READ
ram:000026ac	PWMX_ACTOUT@ram:0000268a	ram:40005001	PWM_POLAR	WRITE
ram:000026c0	PWMX_ACTOUT@ram:0000268a	ram:000026ca	LAB_ram_000026ca	CONDITIONAL_JUMP
ram:000026c6	PWMX_ACTOUT@ram:0000268a	ram:40005004	PWM4_7_DATA	WRITE
ram:000026c6	PWMX_ACTOUT@ram:0000268a	ram:40005005	PWM5_DATA	WRITE
ram:000026cc	PWMX_ACTOUT@ram:0000268a	ram:000026ba	LAB_ram_000026ba	CONDITIONAL_JUMP
ram:000026d4	PWMX_ACTOUT@ram:0000268a	ram:40005000	PWM_CONTROL	READ
ram:000026da	PWMX_ACTOUT@ram:0000268a	ram:0000269a	LAB_ram_0000269a	UNCONDITIONAL_JUMP
ram:000026dc	PWMX_ACTOUT@ram:0000268a	ram:40005001	PWM_POLAR	READ
ram:000026e6	PWMX_ACTOUT@ram:0000268a	ram:000026ac	LAB_ram_000026ac	UNCONDITIONAL_JUMP
ram:000026ec	FUN_ram_000026e8@ram:000026e8	ram:40001008	CLOCK_CONFIG	READ
ram:000026f8	FUN_ram_000026e8@ram:000026e8	ram:0000270c	LAB_ram_0000270c	CONDITIONAL_JUMP
ram:00002714	FUN_ram_000026e8@ram:000026e8	ram:00002722	LAB_ram_00002722	CONDITIONAL_JUMP
ram:00002720	FUN_ram_000026e8@ram:000026e8	ram:00002702	LAB_ram_00002702	UNCONDITIONAL_JUMP
ram:0000272e	FUN_ram_0000272a@ram:0000272a	ram:e000e000	DAT_ram_e000e000	READ
ram:00002730	FUN_ram_0000272a@ram:0000272a	ram:e000e004	DAT_ram_e000e004	READ
ram:0000273c	FUN_ram_0000272a@ram:0000272a	ram:e000e180	DAT_ram_e000e180	WRITE
ram:00002740	FUN_ram_0000272a@ram:0000272a	ram:e000e184	DAT_ram_e000e184	WRITE
ram:0000274e	FUN_ram_00002746@ram:00002746	ram:e000e100	DAT_ram_e000e100	WRITE
ram:00002754	FUN_ram_00002746@ram:00002746	ram:e000e104	DAT_ram_e000e104	WRITE
ram:0000275e		ram:e000f008	DAT_ram_e000f008	READ
ram:00002760		ram:e000f00c	DAT_ram_e000f00c	READ
ram:00002768	FUN_ram_00002764@ram:00002764	ram:40001046	RST_WDOG_CTRL	READ
ram:00002774	FUN_ram_00002764@ram:00002764	ram:0000277a	LAB_ram_0000277a	CONDITIONAL_JUMP
ram:00002782	FUN_ram_00002764@ram:00002764	ram:40001040	SAFE_ACCESS	WRITE
ram:0000278a	FUN_ram_00002764@ram:00002764	ram:40001040	SAFE_ACCESS	WRITE
ram:00002792	FUN_ram_00002764@ram:00002764	ram:40001046	RST_WDOG_CTRL	WRITE
ram:00002796	FUN_ram_00002764@ram:00002764	ram:40001040	SAFE_ACCESS	WRITE
ram:000027a8	TMR0_CapInit@ram:0000279c	ram:40002000	TMR0_CONTROL	WRITE
ram:000027b0	TMR0_CapInit@ram:0000279c	ram:40002000	TMR0_CONTROL	WRITE
ram:000027ba	TMR1_TimerInit@ram:000027b6	ram:4000240c	TMR1_CNT_END	WRITE
ram:000027c0	TMR1_TimerInit@ram:000027b6	ram:40002400	TMR1_CONTROL	WRITE
ram:000027c6	TMR1_TimerInit@ram:000027b6	ram:40002400	TMR1_CONTROL	WRITE
ram:000027d0	TMR2_TimerInit@ram:000027cc	ram:4000280c	TMR2_CNT_END	WRITE
ram:000027d6	TMR2_TimerInit@ram:000027cc	ram:40002800	TMR2_CONTROL	WRITE
ram:000027dc	TMR2_TimerInit@ram:000027cc	ram:40002800	TMR2_CONTROL	WRITE
ram:000027ea	FUN_ram_000027e2@ram:000027e2	ram:000026e8	FUN_ram_000026e8	UNCONDITIONAL_CALL
ram:0000280a	FUN_ram_000027e2@ram:000027e2	ram:4000300c	UART0_SETUP	WRITE
ram:0000281c	uart0_init_115200@ram:00002812	ram:000027e2	FUN_ram_000027e2	UNCONDITIONAL_CALL
ram:00002826	uart0_init_115200@ram:00002812	ram:40003002	UART0_FCR	WRITE
ram:0000282c	uart0_init_115200@ram:00002812	ram:40003003	UART0_LCR	WRITE
ram:00002834	uart0_init_115200@ram:00002812	ram:40003001	UART0_IER	WRITE
ram:0000283a	uart0_init_115200@ram:00002812	ram:4000300e	UART0_DIV	WRITE
ram:0000284a	uart0_drain_rx@ram:00002844	ram:4000300a	UART0_RFC	READ
ram:00002858	uart0_drain_rx@ram:00002844	ram:0000285e	LAB_ram_0000285e	CONDITIONAL_JUMP
ram:0000285e	uart0_drain_rx@ram:00002844	ram:40003008	UART0_FIFO	READ
ram:0000286c	uart0_drain_rx@ram:00002844	ram:0000284a	LAB_ram_0000284a	UNCONDITIONAL_JUMP
ram:00002876	FUN_ram_0000286e@ram:0000286e	ram:000026e8	FUN_ram_000026e8	UNCONDITIONAL_CALL
ram:00002896	FUN_ram_0000286e@ram:0000286e	ram:4000340c	UART1_SETUP	WRITE
ram:000028a8	uart1_init_115200@ram:0000289e	ram:0000286e	FUN_ram_0000286e	UNCONDITIONAL_CALL
ram:000028b2	uart1_init_115200@ram:0000289e	ram:40003402	UART1_FCR	WRITE
ram:000028b8	uart1_init_115200@ram:0000289e	ram:40003403	UART1_LCR	WRITE
ram:000028c0	uart1_init_115200@ram:0000289e	ram:40003401	UART1_IER	WRITE
ram:000028c6	uart1_init_115200@ram:0000289e	ram:4000340e	UART1_DIV	WRITE
ram:000028d4	FUN_ram_000028d0@ram:000028d0	ram:40003402	UART1_FCR	READ
ram:000028e4	FUN_ram_000028d0@ram:000028d0	ram:40003402	UART1_FCR	WRITE
ram:000028ee	FUN_ram_000028ea@ram:000028ea	ram:40003401	UART1_IER	READ
ram:000028f2	FUN_ram_000028ea@ram:000028ea	ram:00002908	LAB_ram_00002908	CONDITIONAL_JUMP
ram:000028f6	FUN_ram_000028ea@ram:000028ea	ram:40003401	UART1_IER	WRITE
ram:000028fa	FUN_ram_000028ea@ram:000028ea	ram:40003400	UART1_CTRL	READ
ram:00002902	FUN_ram_000028ea@ram:000028ea	ram:40003400	UART1_CTRL	WRITE
ram:0000290e	FUN_ram_000028ea@ram:000028ea	ram:40003401	UART1_IER	WRITE
ram:0000291e	uart1_send@ram:00002914	ram:00002922	LAB_ram_00002922	CONDITIONAL_JUMP
ram:00002922	uart1_send@ram:00002914	ram:4000340b	UART1_TFC	READ
ram:00002926	uart1_send@ram:00002914	ram:0000291e	LAB_ram_0000291e	CONDITIONAL_JUMP
ram:00002934	uart1_send@ram:00002914	ram:40003408	UART1_FIFO	WRITE
ram:0000293a	uart1_send@ram:00002914	ram:0000291e	LAB_ram_0000291e	UNCONDITIONAL_JUMP
ram:00002942	uart1_read_fifo@ram:0000293c	ram:4000340a	UART1_RFC	READ
ram:00002950	uart1_read_fifo@ram:0000293c	ram:00002956	LAB_ram_00002956	CONDITIONAL_JUMP
ram:00002956	uart1_read_fifo@ram:0000293c	ram:40003408	UART1_FIFO	READ
ram:00002964	uart1_read_fifo@ram:0000293c	ram:00002942	LAB_ram_00002942	UNCONDITIONAL_JUMP
ram:0000296a	usb_hw_init@ram:00002966	ram:40008000	USB_CONTROL	WRITE
ram:0000296e	usb_hw_init@ram:00002966	ram:40008008	USB_RX_LEN	WRITE
ram:00002976	usb_hw_init@ram:00002966	ram:4000800c	USB_BUF_MODE	WRITE
ram:0000297a	usb_hw_init@ram:00002966	ram:4000800d	UEP2_3_MOD	WRITE
ram:00002982	usb_hw_init@ram:00002966	ram:20002f50	DAT_ram_20002f50	READ
ram:00002986	usb_hw_init@ram:00002966	ram:40008010	UEP0_DMA	WRITE
ram:0000298e	usb_hw_init@ram:00002966	ram:20002f54	DAT_ram_20002f54	READ
ram:00002992	usb_hw_init@ram:00002966	ram:40008014	UEP1_DMA	WRITE
ram:0000299a	usb_hw_init@ram:00002966	ram:20002f58	DAT_ram_20002f58	READ
ram:0000299e	usb_hw_init@ram:00002966	ram:40008018	UEP2_DMA	WRITE
ram:000029a6	usb_hw_init@ram:00002966	ram:20002f5c	DAT_ram_20002f5c	READ
ram:000029aa	usb_hw_init@ram:00002966	ram:4000801c	UEP3_DMA	WRITE
ram:000029b0	usb_hw_init@ram:00002966	ram:40008022	UEP0_CTRL	WRITE
ram:000029b6	usb_hw_init@ram:00002966	ram:40008026	UEP1_CTRL	WRITE
ram:000029ba	usb_hw_init@ram:00002966	ram:4000802a	UEP2_CTRL	WRITE
ram:000029be	usb_hw_init@ram:00002966	ram:4000802e	UEP3_CTRL	WRITE
ram:000029c2	usb_hw_init@ram:00002966	ram:40008032	UEP4_CTRL	WRITE
ram:000029c6	usb_hw_init@ram:00002966	ram:40008003	USB_DEV_AD	WRITE
ram:000029ce	usb_hw_init@ram:00002966	ram:40008000	USB_CONTROL	WRITE
ram:000029d6	usb_hw_init@ram:00002966	ram:4000101a	PIN_ANALOG_IE	READ
ram:000029de	usb_hw_init@ram:00002966	ram:4000101a	PIN_ANALOG_IE	WRITE
ram:000029e4	usb_hw_init@ram:00002966	ram:40008006	USB_INT_FG	WRITE
ram:000029ec	usb_hw_init@ram:00002966	ram:40008001	UDEV_CTRL	WRITE
ram:000029f2	usb_hw_init@ram:00002966	ram:40008002	USB_INT_EN	WRITE
ram:000029fc	usb_hw_off@ram:000029f8	ram:4000800c	USB_BUF_MODE	READ
ram:00002a08	usb_hw_off@ram:000029f8	ram:4000800c	USB_BUF_MODE	WRITE
ram:00002a0c	usb_hw_off@ram:000029f8	ram:4000800d	UEP2_3_MOD	READ
ram:00002a14	usb_hw_off@ram:000029f8	ram:4000800d	UEP2_3_MOD	WRITE
ram:00002a18	usb_hw_off@ram:000029f8	ram:40008000	USB_CONTROL	READ
ram:00002a20	usb_hw_off@ram:000029f8	ram:40008000	USB_CONTROL	WRITE
ram:00002a24	usb_hw_off@ram:000029f8	ram:40008000	USB_CONTROL	READ
ram:00002a2c	usb_hw_off@ram:000029f8	ram:40008000	USB_CONTROL	WRITE
ram:00002a30	usb_hw_off@ram:000029f8	ram:4000101a	PIN_ANALOG_IE	READ
ram:00002a40	usb_hw_off@ram:000029f8	ram:4000101a	PIN_ANALOG_IE	WRITE
ram:00002a44	usb_hw_off@ram:000029f8	ram:40008001	UDEV_CTRL	READ
ram:00002a4c	usb_hw_off@ram:000029f8	ram:40008001	UDEV_CTRL	WRITE
ram:00002a50	usb_hw_off@ram:000029f8	ram:40008002	USB_INT_EN	READ
ram:00002a58	usb_hw_off@ram:000029f8	ram:40008002	USB_INT_EN	WRITE
ram:00002a62	usb_ep1_in_arm@ram:00002a5e	ram:40008024	USB_EP1_CTRL	WRITE
ram:00002a66	usb_ep1_in_arm@ram:00002a5e	ram:40008026	UEP1_CTRL	READ
ram:00002a6e	usb_ep1_in_arm@ram:00002a5e	ram:40008026	UEP1_CTRL	WRITE
ram:00002a78	FUN_ram_00002a74@ram:00002a74	ram:40008028	USB_EP2_CTRL	WRITE
ram:00002a7c	FUN_ram_00002a74@ram:00002a74	ram:4000802a	UEP2_CTRL	READ
ram:00002a84	FUN_ram_00002a74@ram:00002a74	ram:4000802a	UEP2_CTRL	WRITE
ram:00002a8e	FUN_ram_00002a8a@ram:00002a8a	ram:4000802c	USB_EP3_CTRL	WRITE
ram:00002a92	FUN_ram_00002a8a@ram:00002a8a	ram:4000802e	UEP3_CTRL	READ
ram:00002a9a	FUN_ram_00002a8a@ram:00002a8a	ram:4000802e	UEP3_CTRL	WRITE
ram:00002aa4	FUN_ram_00002aa0@ram:00002aa0	ram:40008030	USB_EP4_CTRL	WRITE
ram:00002aa8	FUN_ram_00002aa0@ram:00002aa0	ram:40008032	UEP4_CTRL	READ
ram:00002ab0	FUN_ram_00002aa0@ram:00002aa0	ram:40008032	UEP4_CTRL	WRITE
ram:00002abe	af_read_cb@ram:00002ab6	ram:00002b36	LAB_ram_00002b36	CONDITIONAL_JUMP
ram:00002ac2	af_read_cb@ram:00002ab6	ram:00002b36	LAB_ram_00002b36	CONDITIONAL_JUMP
ram:00002aca	af_read_cb@ram:00002ab6	ram:00002b2e	LAB_ram_00002b2e	CONDITIONAL_JUMP
ram:00002ae8	af_read_cb@ram:00002ab6	ram:00002b04	LAB_ram_00002b04	CONDITIONAL_JUMP
ram:00002af0	af_read_cb@ram:00002ab6	ram:0004004c	p_tmos_memcpy	READ
ram:00002b0a	af_read_cb@ram:00002ab6	ram:00002b1e	LAB_ram_00002b1e	CONDITIONAL_JUMP
ram:00002b12	af_read_cb@ram:00002ab6	ram:00002b1e	LAB_ram_00002b1e	CONDITIONAL_JUMP
ram:00002b1c	af_read_cb@ram:00002ab6	ram:00002afe	LAB_ram_00002afe	UNCONDITIONAL_JUMP
ram:00002b28	af_read_cb@ram:00002ab6	ram:0004004c	p_tmos_memcpy	READ
ram:00002b2c	af_read_cb@ram:00002ab6	ram:00002af8	LAB_ram_00002af8	UNCONDITIONAL_JUMP
ram:00002b4c	af_write_cb@ram:00002b38	ram:00002bb2	LAB_ram_00002bb2	CONDITIONAL_JUMP
ram:00002b58	af_write_cb@ram:00002b38	ram:00002bb2	LAB_ram_00002bb2	CONDITIONAL_JUMP
ram:00002b76	af_write_cb@ram:00002b38	ram:00002bc0	LAB_ram_00002bc0	CONDITIONAL_JUMP
ram:00002b7e	af_write_cb@ram:00002b38	ram:00040144	p_GATTServApp_ProcessCCCWriteReq	READ
ram:00002b88	af_write_cb@ram:00002b38	ram:00002bb2	LAB_ram_00002bb2	CONDITIONAL_JUMP
ram:00002b92	af_write_cb@ram:00002b38	ram:20002f60	DAT_ram_20002f60	READ
ram:00002b94	af_write_cb@ram:00002b38	ram:00002b9a	LAB_ram_00002b9a	CONDITIONAL_JUMP
ram:00002b98	af_write_cb@ram:00002b38	ram:00002bb2	LAB_ram_00002bb2	UNCONDITIONAL_JUMP
ram:00002ba6	af_write_cb@ram:00002b38	ram:00002baa	LAB_ram_00002baa	CONDITIONAL_JUMP
ram:00002bc8	af_write_cb@ram:00002b38	ram:00002bea	LAB_ram_00002bea	CONDITIONAL_JUMP
ram:00002bd4	af_write_cb@ram:00002b38	ram:20002f60	DAT_ram_20002f60	READ
ram:00002bd8	af_write_cb@ram:00002b38	ram:00002b96	LAB_ram_00002b96	CONDITIONAL_JUMP
ram:00002be8	af_write_cb@ram:00002b38	ram:00002b96	LAB_ram_00002b96	UNCONDITIONAL_JUMP
ram:00002bee	af_write_cb@ram:00002b38	ram:00002b96	LAB_ram_00002b96	CONDITIONAL_JUMP
ram:00002bfa	af_write_cb@ram:00002b38	ram:20002f60	DAT_ram_20002f60	READ
ram:00002bfc	af_write_cb@ram:00002b38	ram:00002b96	LAB_ram_00002b96	CONDITIONAL_JUMP
ram:00002c00	af_write_cb@ram:00002b38	ram:00002bda	LAB_ram_00002bda	UNCONDITIONAL_JUMP
ram:00002c06		ram:00002c68	LAB_ram_00002c68	CONDITIONAL_JUMP
ram:00002c14		ram:00002c4a	LAB_ram_00002c4a	CONDITIONAL_JUMP
ram:00002c1c		ram:00040138	p_GATTServApp_InitCharCfg	READ
ram:00002c2a		ram:20003224	DAT_ram_20003224	PARAM
ram:00002c36		ram:00040138	p_GATTServApp_InitCharCfg	READ
ram:00002c4c		ram:00002c5e	LAB_ram_00002c5e	CONDITIONAL_JUMP
ram:00002c54		ram:000400b0	p_linkDB_State	READ
ram:00002c5c		ram:00002c18	LAB_ram_00002c18	CONDITIONAL_JUMP
ram:00002c72	af_service_register@ram:00002c6a	ram:00040138	p_GATTServApp_InitCharCfg	READ
ram:00002c7c	af_service_register@ram:00002c6a	Stack[-0x10]		DATA
ram:00002c82	af_service_register@ram:00002c6a	ram:20003224	DAT_ram_20003224	PARAM
ram:00002c8e	af_service_register@ram:00002c6a	ram:00040138	p_GATTServApp_InitCharCfg	READ
ram:00002c96	af_service_register@ram:00002c6a	ram:20003014	DAT_ram_20003014	PARAM
ram:00002ca0	af_service_register@ram:00002c6a	ram:000400ac	p_linkDB_Register	READ
ram:00002ca8	af_service_register@ram:00002c6a	ram:00002c02	af_linkdb_cb	PARAM
ram:00002cae	af_service_register@ram:00002c6a	ram:00040130	p_GATTServApp_RegisterService	READ
ram:00002cb6	af_service_register@ram:00002c6a	ram:20002cb0	PTR_af_read_cb_ram_20002cb0	PARAM
ram:00002cc2	af_service_register@ram:00002c6a	ram:20002c40	gatt_af00_table	PARAM
ram:00002cd0	af_service_register@ram:00002c6a	ram:20002f60	DAT_ram_20002f60	WRITE
ram:00002cd6	af_service_register@ram:00002c6a	Stack[-0x10]		DATA
ram:00002ce4	af01_notify_raw@ram:00002cdc	ram:0004013c	p_GATTServApp_ReadCharCfg	READ
ram:00002cea	af01_notify_raw@ram:00002cdc	Stack[-0x10]		DATA
ram:00002cf4	af01_notify_raw@ram:00002cdc	ram:20003224	DAT_ram_20003224	PARAM
ram:00002cfe	af01_notify_raw@ram:00002cdc	ram:00002d26	LAB_ram_00002d26	CONDITIONAL_JUMP
ram:00002d08	af01_notify_raw@ram:00002cdc	ram:20002c6a	DAT_ram_20002c6a	READ
ram:00002d0e	af01_notify_raw@ram:00002cdc	ram:000400d4	p_GATT_Notification	READ
ram:00002d1e	af01_notify_raw@ram:00002cdc	Stack[-0x10]		DATA
ram:00002d2c	af01_notify_raw@ram:00002cdc	Stack[-0x10]		DATA
ram:00002d3c	af02_notify_raw@ram:00002d34	ram:0004013c	p_GATTServApp_ReadCharCfg	READ
ram:00002d42	af02_notify_raw@ram:00002d34	Stack[-0x10]		DATA
ram:00002d4c	af02_notify_raw@ram:00002d34	ram:20003014	DAT_ram_20003014	PARAM
ram:00002d56	af02_notify_raw@ram:00002d34	ram:00002d7e	LAB_ram_00002d7e	CONDITIONAL_JUMP
ram:00002d60	af02_notify_raw@ram:00002d34	ram:20002c9a	DAT_ram_20002c9a	READ
ram:00002d66	af02_notify_raw@ram:00002d34	ram:000400d4	p_GATT_Notification	READ
ram:00002d76	af02_notify_raw@ram:00002d34	Stack[-0x10]		DATA
ram:00002d84	af02_notify_raw@ram:00002d34	Stack[-0x10]		DATA
ram:00002d94	db_read_cb@ram:00002d8c	ram:00002e26	LAB_ram_00002e26	CONDITIONAL_JUMP
ram:00002d98	db_read_cb@ram:00002d8c	ram:00002e26	LAB_ram_00002e26	CONDITIONAL_JUMP
ram:00002da0	db_read_cb@ram:00002d8c	ram:00002e1e	LAB_ram_00002e1e	CONDITIONAL_JUMP
ram:00002dc8	db_read_cb@ram:00002d8c	ram:00002dde	LAB_ram_00002dde	CONDITIONAL_JUMP
ram:00002dd2	db_read_cb@ram:00002d8c	ram:00002dfe	LAB_ram_00002dfe	CONDITIONAL_JUMP
ram:00002ddc	db_read_cb@ram:00002d8c	ram:00002df2	LAB_ram_00002df2	UNCONDITIONAL_JUMP
ram:00002de2	db_read_cb@ram:00002d8c	ram:0004004c	p_tmos_memcpy	READ
ram:00002e06	db_read_cb@ram:00002d8c	ram:20002f64	DAT_ram_20002f64	READ
ram:00002e16	db_read_cb@ram:00002d8c	ram:0004004c	p_tmos_memcpy	READ
ram:00002e1c	db_read_cb@ram:00002d8c	ram:00002dea	LAB_ram_00002dea	UNCONDITIONAL_JUMP
ram:00002e30	db_write_cb@ram:00002e28	ram:00002e9a	LAB_ram_00002e9a	CONDITIONAL_JUMP
ram:00002e3a	db_write_cb@ram:00002e28	ram:00002e66	LAB_ram_00002e66	CONDITIONAL_JUMP
ram:00002e56	db_write_cb@ram:00002e28	ram:00002e6a	LAB_ram_00002e6a	CONDITIONAL_JUMP
ram:00002e60	db_write_cb@ram:00002e28	ram:00002e76	LAB_ram_00002e76	CONDITIONAL_JUMP
ram:00002e6e	db_write_cb@ram:00002e28	ram:00040144	p_GATTServApp_ProcessCCCWriteReq	READ
ram:00002e7e	db_write_cb@ram:00002e28	ram:20002f64	DAT_ram_20002f64	READ
ram:00002e9c	db_write_cb@ram:00002e28	ram:00002e66	LAB_ram_00002e66	UNCONDITIONAL_JUMP
ram:00002ea2		ram:00002efa	LAB_ram_00002efa	CONDITIONAL_JUMP
ram:00002ea8		ram:00002edc	LAB_ram_00002edc	CONDITIONAL_JUMP
ram:00002eb2		ram:00040138	p_GATTServApp_InitCharCfg	READ
ram:00002ec0		ram:00002eda	LAB_ram_00002eda	UNCONDITIONAL_JUMP
ram:00002eca		ram:00040138	p_GATTServApp_InitCharCfg	READ
ram:00002ede		ram:00002efa	LAB_ram_00002efa	CONDITIONAL_JUMP
ram:00002ee6		ram:000400b0	p_linkDB_State	READ
ram:00002ef2		ram:00002ec2	LAB_ram_00002ec2	CONDITIONAL_JUMP
ram:00002f04	db_service_register@ram:00002efc	ram:00040138	p_GATTServApp_InitCharCfg	READ
ram:00002f14	db_service_register@ram:00002efc	ram:20003434	DAT_ram_20003434	PARAM
ram:00002f1c	db_service_register@ram:00002efc	ram:000400ac	p_linkDB_Register	READ
ram:00002f24	db_service_register@ram:00002efc	ram:00002e9e	db_linkdb_cb	PARAM
ram:00002f2a	db_service_register@ram:00002efc	ram:00040130	p_GATTServApp_RegisterService	READ
ram:00002f32	db_service_register@ram:00002efc	ram:20002cfc	PTR_db_read_cb_ram_20002cfc	PARAM
ram:00002f3e	db_service_register@ram:00002efc	ram:20002cbc	gatt_db00_table	PARAM
ram:00002f44	db_service_register@ram:00002efc	ram:00002f4e	LAB_ram_00002f4e	CONDITIONAL_JUMP
ram:00002f4a	db_service_register@ram:00002efc	ram:20002f64	DAT_ram_20002f64	WRITE
ram:00002f76	devinfo_read_cb@ram:00002f58	ram:0000308e	LAB_ram_0000308e	CONDITIONAL_JUMP
ram:00002f7a	devinfo_read_cb@ram:00002f58	ram:00002fd0	LAB_ram_00002fd0	CONDITIONAL_JUMP
ram:00002f82	devinfo_read_cb@ram:00002f58	ram:00003042	LAB_ram_00003042	CONDITIONAL_JUMP
ram:00002f86	devinfo_read_cb@ram:00002f58	ram:00002f9a	LAB_ram_00002f9a	CONDITIONAL_JUMP
ram:00002f8e	devinfo_read_cb@ram:00002f58	ram:00003010	LAB_ram_00003010	CONDITIONAL_JUMP
ram:00002f98	devinfo_read_cb@ram:00002f58	ram:0000303a	LAB_ram_0000303a	UNCONDITIONAL_JUMP
ram:00002f9e	devinfo_read_cb@ram:00002f58	ram:00003068	LAB_ram_00003068	CONDITIONAL_JUMP
ram:00002fa6	devinfo_read_cb@ram:00002f58	ram:00002f92	LAB_ram_00002f92	CONDITIONAL_JUMP
ram:00002fae	devinfo_read_cb@ram:00002f58	ram:0000303a	LAB_ram_0000303a	CONDITIONAL_JUMP
ram:00002fb6	devinfo_read_cb@ram:00002f58	ram:00002fbc	LAB_ram_00002fbc	CONDITIONAL_JUMP
ram:00002fce	devinfo_read_cb@ram:00002f58	ram:00003034	LAB_ram_00003034	UNCONDITIONAL_JUMP
ram:00002fd4	devinfo_read_cb@ram:00002f58	ram:000030da	LAB_ram_000030da	CONDITIONAL_JUMP
ram:00002fd8	devinfo_read_cb@ram:00002f58	ram:000030b4	LAB_ram_000030b4	CONDITIONAL_JUMP
ram:00002fe0	devinfo_read_cb@ram:00002f58	ram:00003100	LAB_ram_00003100	CONDITIONAL_JUMP
ram:00002fe8	devinfo_read_cb@ram:00002f58	ram:00002f92	LAB_ram_00002f92	CONDITIONAL_JUMP
ram:00002ff0	devinfo_read_cb@ram:00002f58	ram:0000303a	LAB_ram_0000303a	CONDITIONAL_JUMP
ram:00002ff6	devinfo_read_cb@ram:00002f58	ram:00002ffc	LAB_ram_00002ffc	CONDITIONAL_JUMP
ram:0000300e	devinfo_read_cb@ram:00002f58	ram:00003034	LAB_ram_00003034	UNCONDITIONAL_JUMP
ram:00003014	devinfo_read_cb@ram:00002f58	ram:0000303a	LAB_ram_0000303a	CONDITIONAL_JUMP
ram:0000301c	devinfo_read_cb@ram:00002f58	ram:00003022	LAB_ram_00003022	CONDITIONAL_JUMP
ram:00003046	devinfo_read_cb@ram:00002f58	ram:0000303a	LAB_ram_0000303a	CONDITIONAL_JUMP
ram:0000304e	devinfo_read_cb@ram:00002f58	ram:00003054	LAB_ram_00003054	CONDITIONAL_JUMP
ram:00003066	devinfo_read_cb@ram:00002f58	ram:00003034	LAB_ram_00003034	UNCONDITIONAL_JUMP
ram:0000306c	devinfo_read_cb@ram:00002f58	ram:0000303a	LAB_ram_0000303a	CONDITIONAL_JUMP
ram:00003074	devinfo_read_cb@ram:00002f58	ram:0000307a	LAB_ram_0000307a	CONDITIONAL_JUMP
ram:0000308c	devinfo_read_cb@ram:00002f58	ram:00003034	LAB_ram_00003034	UNCONDITIONAL_JUMP
ram:00003092	devinfo_read_cb@ram:00002f58	ram:0000303a	LAB_ram_0000303a	CONDITIONAL_JUMP
ram:0000309a	devinfo_read_cb@ram:00002f58	ram:000030a0	LAB_ram_000030a0	CONDITIONAL_JUMP
ram:000030b2	devinfo_read_cb@ram:00002f58	ram:00003034	LAB_ram_00003034	UNCONDITIONAL_JUMP
ram:000030b8	devinfo_read_cb@ram:00002f58	ram:0000303a	LAB_ram_0000303a	CONDITIONAL_JUMP
ram:000030c0	devinfo_read_cb@ram:00002f58	ram:000030c6	LAB_ram_000030c6	CONDITIONAL_JUMP
ram:000030d8	devinfo_read_cb@ram:00002f58	ram:00003034	LAB_ram_00003034	UNCONDITIONAL_JUMP
ram:000030de	devinfo_read_cb@ram:00002f58	ram:0000303a	LAB_ram_0000303a	CONDITIONAL_JUMP
ram:000030e6	devinfo_read_cb@ram:00002f58	ram:000030ec	LAB_ram_000030ec	CONDITIONAL_JUMP
ram:000030fe	devinfo_read_cb@ram:00002f58	ram:00003034	LAB_ram_00003034	UNCONDITIONAL_JUMP
ram:00003104	devinfo_read_cb@ram:00002f58	ram:0000303a	LAB_ram_0000303a	CONDITIONAL_JUMP
ram:0000310c	devinfo_read_cb@ram:00002f58	ram:00003112	LAB_ram_00003112	CONDITIONAL_JUMP
ram:00003124	devinfo_read_cb@ram:00002f58	ram:00003034	LAB_ram_00003034	UNCONDITIONAL_JUMP
ram:0000312a	devinfo_register@ram:00003126	ram:00040130	p_GATTServApp_RegisterService	READ
ram:00003144	FUN_ram_00003144@ram:00003144	ram:00003152	LAB_ram_00003152	CONDITIONAL_JUMP
ram:0000314a	FUN_ram_00003144@ram:00003144	ram:20002f70	DAT_ram_20002f70	WRITE
ram:00003158	FUN_ram_00003156@ram:00003156	ram:00001fbe	FUN_ram_00001fbe	UNCONDITIONAL_CALL
ram:0000316c	ble_flash_read_cb@ram:0000315c	ram:200028d6	FLASH_EEPROM_CMD	COMPUTED_CALL
ram:00003182	ble_flash_write_cb@ram:00003178	Stack[-0x10]		DATA
ram:00003196	ble_flash_write_cb@ram:00003178	ram:200028d6	FLASH_EEPROM_CMD	COMPUTED_CALL
ram:000031a6	ble_flash_write_cb@ram:00003178	ram:200028d6	FLASH_EEPROM_CMD	COMPUTED_CALL
ram:000031b0	ble_flash_write_cb@ram:00003178	Stack[-0x10]		DATA
ram:000031ca	ble_temp_sample_cb@ram:000031b8	ram:40001057	TKEY_CFG	READ
ram:000031ce	ble_temp_sample_cb@ram:000031b8	ram:4000105b	TEM_SENSOR	READ
ram:000031d2	ble_temp_sample_cb@ram:000031b8	ram:40001058	ADC_CTRL	READ
ram:000031d6	ble_temp_sample_cb@ram:000031b8	ram:40001059	ADC_CFG	READ
ram:000031da	ble_temp_sample_cb@ram:000031b8	ram:00001dc2	FUN_ram_00001dc2	UNCONDITIONAL_CALL
ram:000031de	ble_temp_sample_cb@ram:000031b8	ram:4000105a	ADC_CONVERT	READ
ram:000031ee	ble_temp_sample_cb@ram:000031b8	ram:4000105a	ADC_CONVERT	WRITE
ram:000031fe	ble_temp_sample_cb@ram:000031b8	ram:4000105a	ADC_CONVERT	READ
ram:00003204	ble_temp_sample_cb@ram:000031b8	ram:000031fe	LAB_ram_000031fe	CONDITIONAL_JUMP
ram:00003206	ble_temp_sample_cb@ram:000031b8	ram:4000105c	ADC_DATA	READ
ram:0000320a	ble_temp_sample_cb@ram:000031b8	ram:4000105b	TEM_SENSOR	WRITE
ram:0000320e	ble_temp_sample_cb@ram:000031b8	ram:40001058	ADC_CTRL	WRITE
ram:00003212	ble_temp_sample_cb@ram:000031b8	ram:40001059	ADC_CFG	WRITE
ram:00003216	ble_temp_sample_cb@ram:000031b8	ram:40001057	TKEY_CFG	WRITE
ram:0000323a	hal_task_event@ram:0000322a	ram:0000325a	LAB_ram_0000325a	CONDITIONAL_JUMP
ram:00003242	hal_task_event@ram:0000322a	ram:0004006c	p_tmos_msg_receive	READ
ram:00003246	hal_task_event@ram:0000322a	ram:0000324c	LAB_ram_0000324c	CONDITIONAL_JUMP
ram:00003248	hal_task_event@ram:0000322a	ram:00040068	p_tmos_msg_deallocate	READ
ram:00003262	hal_task_event@ram:0000322a	ram:00003250	LAB_ram_00003250	CONDITIONAL_JUMP
ram:00003268	hal_task_event@ram:0000322a	ram:00003292	LAB_ram_00003292	CONDITIONAL_JUMP
ram:00003270	hal_task_event@ram:0000322a	ram:000401ec	p_BLE_RegInit	READ
ram:00003276	hal_task_event@ram:0000322a	ram:00003156	FUN_ram_00003156	UNCONDITIONAL_CALL
ram:00003278	hal_task_event@ram:0000322a	ram:00040058	p_tmos_start_task	READ
ram:00003288	hal_task_event@ram:0000322a	ram:20002f74	DAT_ram_20002f74	READ
ram:00003290	hal_task_event@ram:0000322a	ram:0000324e	LAB_ram_0000324e	UNCONDITIONAL_JUMP
ram:00003298	hal_task_event@ram:0000322a	ram:00003250	LAB_ram_00003250	CONDITIONAL_JUMP
ram:000032a0	hal_task_event@ram:0000322a	ram:00040058	p_tmos_start_task	READ
ram:000032a2	hal_task_event@ram:0000322a	ram:00000640	DAT_ram_00000640	PARAM
ram:000032ac	hal_task_event@ram:0000322a	ram:20002f74	DAT_ram_20002f74	READ
ram:000032b4	hal_task_event@ram:0000322a	ram:0000324e	LAB_ram_0000324e	UNCONDITIONAL_JUMP
ram:000032be	ble_lib_init@ram:000032b6	ram:0004003c	p_tmos_memcmp	READ
ram:000032c0	ble_lib_init@ram:000032b6	ram:00040034	p_VER_LIB	READ
ram:000032ca	ble_lib_init@ram:000032b6	ram:00008e68	s_CH58x_BLE_LIB_V1.8_ram_00008e68	PARAM
ram:000032d0	ble_lib_init@ram:000032b6	ram:000032d4	LAB_ram_000032d4	CONDITIONAL_JUMP
ram:000032d2	ble_lib_init@ram:000032b6	ram:000032d2	LAB_ram_000032d2	UNCONDITIONAL_JUMP
ram:000032d4	ble_lib_init@ram:000032b6	ram:e000f000	DAT_ram_e000f000	PARAM
ram:000032da	ble_lib_init@ram:000032b6	ram:e000f010	DAT_ram_e000f010	WRITE
ram:000032de	ble_lib_init@ram:000032b6	ram:e000f014	DAT_ram_e000f014	WRITE
ram:000032e0	ble_lib_init@ram:000032b6	ram:00001000	_start	PARAM
ram:000032e6	ble_lib_init@ram:000032b6	ram:e000e100	DAT_ram_e000e100	WRITE
ram:000032e6	ble_lib_init@ram:000032b6	ram:00001000	_start	DATA
ram:000032ee	ble_lib_init@ram:000032b6	ram:e000f000	DAT_ram_e000f000	WRITE
ram:000032f0	ble_lib_init@ram:000032b6	ram:e000e180	DAT_ram_e000e180	WRITE
ram:000032f0	ble_lib_init@ram:000032b6	ram:00001000	_start	DATA
ram:000032f8	ble_lib_init@ram:000032b6	ram:00040048	p_tmos_memset	READ
ram:0000330c	ble_lib_init@ram:000032b6	ram:20005160	ble_lib_heap	DATA
ram:0000333c	ble_lib_init@ram:000032b6	ram:0000315c	ble_flash_read_cb	DATA
ram:00003346	ble_lib_init@ram:000032b6	ram:00003178	ble_flash_write_cb	DATA
ram:00003350	ble_lib_init@ram:000032b6	ram:0000275a	LAB_ram_0000275a	DATA
ram:0000335a	ble_lib_init@ram:000032b6	ram:000031b8	ble_temp_sample_cb	DATA
ram:00003364	ble_lib_init@ram:000032b6	ram:00003156	FUN_ram_00003156	DATA
ram:0000337a	ble_lib_init@ram:000032b6	ram:000034a6	LAB_ram_000034a6	PARAM
ram:00003384	ble_lib_init@ram:000032b6	ram:000034a6	LAB_ram_000034a6	DATA
ram:0000338a	ble_lib_init@ram:000032b6	ram:200028d6	FLASH_EEPROM_CMD	COMPUTED_CALL
ram:00003398	ble_lib_init@ram:000032b6	Stack[-0x54]		DATA
ram:000033a4	ble_lib_init@ram:000032b6	ram:00003394	LAB_ram_00003394	CONDITIONAL_JUMP
ram:000033aa	ble_lib_init@ram:000032b6	ram:000033b6	LAB_ram_000033b6	CONDITIONAL_JUMP
ram:000033b2	ble_lib_init@ram:000032b6	ram:000033b8	LAB_ram_000033b8	CONDITIONAL_JUMP
ram:000033b6	ble_lib_init@ram:000032b6	ram:000033b6	LAB_ram_000033b6	UNCONDITIONAL_JUMP
ram:000033bc	ble_lib_init@ram:000032b6	ram:000400a4	p_BLE_LibInit	READ
ram:000033c4	ble_lib_init@ram:000032b6	ram:000033c8	LAB_ram_000033c8	CONDITIONAL_JUMP
ram:000033c6	ble_lib_init@ram:000032b6	ram:000033c6	LAB_ram_000033c6	UNCONDITIONAL_JUMP
ram:000033d8	hal_init@ram:000033d0	ram:00040080	p_TMOS_ProcessEventRegister	READ
ram:000033e4	hal_init@ram:000033d0	ram:0000322a	hal_task_event	PARAM
ram:000033f2	hal_init@ram:000033d0	ram:20002f74	DAT_ram_20002f74	WRITE
ram:000033f6	hal_init@ram:000033d0	ram:0000343e	FUN_ram_0000343e	UNCONDITIONAL_CALL
ram:000033f8	hal_init@ram:000033d0	ram:0000354a	FUN_ram_0000354a	UNCONDITIONAL_CALL
ram:000033fa	hal_init@ram:000033d0	ram:20002f74	DAT_ram_20002f74	READ
ram:00003400	hal_init@ram:000033d0	ram:00040058	p_tmos_start_task	READ
ram:0000341e	FUN_ram_00003416@ram:00003416	ram:40001040	SAFE_ACCESS	WRITE
ram:00003426	FUN_ram_00003416@ram:00003416	ram:40001040	SAFE_ACCESS	WRITE
ram:0000342e	FUN_ram_00003416@ram:00003416	ram:40001034	RTC_TRIG	WRITE
ram:00003430	FUN_ram_00003416@ram:00003416	ram:40001040	SAFE_ACCESS	WRITE
ram:00003438	FUN_ram_00003416@ram:00003416	ram:20002f78	DAT_ram_20002f78	WRITE
ram:00003442	FUN_ram_0000343e@ram:0000343e	ram:40001000	DAT_ram_40001000	PARAM
ram:0000344a	FUN_ram_0000343e@ram:0000343e	ram:40001040	SAFE_ACCESS	WRITE
ram:00003452	FUN_ram_0000343e@ram:0000343e	ram:40001040	SAFE_ACCESS	WRITE
ram:0000345a	FUN_ram_0000343e@ram:0000343e	ram:4000102f	CK32K_CONFIG	READ
ram:00003462	FUN_ram_0000343e@ram:0000343e	ram:4000102f	CK32K_CONFIG	WRITE
ram:00003466	FUN_ram_0000343e@ram:0000343e	ram:40001040	SAFE_ACCESS	WRITE
ram:0000346a	FUN_ram_0000343e@ram:0000343e	ram:40001040	SAFE_ACCESS	WRITE
ram:00003472	FUN_ram_0000343e@ram:0000343e	ram:4000102f	CK32K_CONFIG	READ
ram:0000347a	FUN_ram_0000343e@ram:0000343e	ram:4000102f	CK32K_CONFIG	WRITE
ram:0000347e	FUN_ram_0000343e@ram:0000343e	ram:40001040	SAFE_ACCESS	WRITE
ram:00003482	FUN_ram_0000343e@ram:0000343e	ram:00003156	FUN_ram_00003156	UNCONDITIONAL_CALL
ram:00003486	FUN_ram_0000343e@ram:0000343e	ram:000007e4	DAT_ram_000007e4	PARAM
ram:00003492	FUN_ram_0000343e@ram:0000343e	ram:00001e18	FUN_ram_00001e18	UNCONDITIONAL_CALL
ram:0000349c	FUN_ram_0000343e@ram:0000343e	ram:00040074	p_TMOS_TimerInit	READ
ram:000034aa		ram:20002f2b	DAT_ram_20002f2b	READ
ram:000034ae		ram:00003546	LAB_ram_00003546	CONDITIONAL_JUMP
ram:000034bc		ram:0000272a	FUN_ram_0000272a	UNCONDITIONAL_CALL
ram:000034c0		ram:00001fa6	FUN_ram_00001fa6	UNCONDITIONAL_CALL
ram:000034c8		ram:000034d4	LAB_ram_000034d4	CONDITIONAL_JUMP
ram:000034e0		ram:000034f6	LAB_ram_000034f6	CONDITIONAL_JUMP
ram:000034e6		ram:00002746	FUN_ram_00002746	UNCONDITIONAL_CALL
ram:000034f8		ram:00003416	FUN_ram_00003416	UNCONDITIONAL_CALL
ram:00003504		ram:00002746	FUN_ram_00002746	UNCONDITIONAL_CALL
ram:00003508		ram:20002f78	DAT_ram_20002f78	READ
ram:0000350c		ram:000034ec	LAB_ram_000034ec	CONDITIONAL_JUMP
ram:00003514		ram:200021d4	FUN_ram_200021d4	COMPUTED_CALL
ram:00003518		ram:20002f78	DAT_ram_20002f78	READ
ram:0000351a		ram:0000353c	LAB_ram_0000353c	CONDITIONAL_JUMP
ram:00003524		ram:00003532	LAB_ram_00003532	CONDITIONAL_JUMP
ram:00003532		ram:00003416	FUN_ram_00003416	UNCONDITIONAL_CALL
ram:00003538		ram:200020c6	FUN_ram_200020c6	COMPUTED_CALL
ram:0000353e		ram:00001dea	FUN_ram_00001dea	UNCONDITIONAL_CALL
ram:00003544		ram:000034ec	LAB_ram_000034ec	UNCONDITIONAL_JUMP
ram:00003552	FUN_ram_0000354a@ram:0000354a	ram:40001040	SAFE_ACCESS	WRITE
ram:0000355a	FUN_ram_0000354a@ram:0000354a	ram:40001040	SAFE_ACCESS	WRITE
ram:00003562	FUN_ram_0000354a@ram:0000354a	ram:4000100e	SLP_WAKE_CTRL	READ
ram:0000356a	FUN_ram_0000354a@ram:0000354a	ram:4000100e	SLP_WAKE_CTRL	WRITE
ram:0000356e	FUN_ram_0000354a@ram:0000354a	ram:40001040	SAFE_ACCESS	WRITE
ram:00003572	FUN_ram_0000354a@ram:0000354a	ram:40001040	SAFE_ACCESS	WRITE
ram:0000357a	FUN_ram_0000354a@ram:0000354a	ram:40001031	RTC_MODE_CTRL	READ
ram:00003582	FUN_ram_0000354a@ram:0000354a	ram:40001031	RTC_MODE_CTRL	WRITE
ram:00003586	FUN_ram_0000354a@ram:0000354a	ram:40001040	SAFE_ACCESS	WRITE
ram:00003592	FUN_ram_0000354a@ram:0000354a	ram:e000e100	DAT_ram_e000e100	WRITE
ram:000035ca	frame_encode@ram:000035a8	ram:0000362e	LAB_ram_0000362e	CONDITIONAL_JUMP
ram:000035de	frame_encode@ram:000035a8	ram:00003638	LAB_ram_00003638	CONDITIONAL_JUMP
ram:00003602	frame_encode@ram:000035a8	ram:00003646	LAB_ram_00003646	CONDITIONAL_JUMP
ram:00003618	frame_encode@ram:000035a8	ram:00003624	LAB_ram_00003624	CONDITIONAL_JUMP
ram:0000362c	frame_encode@ram:000035a8	ram:000035fa	LAB_ram_000035fa	UNCONDITIONAL_JUMP
ram:00003636	frame_encode@ram:000035a8	ram:000035d2	LAB_ram_000035d2	UNCONDITIONAL_JUMP
ram:00003644	frame_encode@ram:000035a8	ram:000035e6	LAB_ram_000035e6	UNCONDITIONAL_JUMP
ram:0000364e	frame_encode@ram:000035a8	ram:0000365e	LAB_ram_0000365e	CONDITIONAL_JUMP
ram:0000366c	frame_decode_byte@ram:00003662	ram:00003682	LAB_ram_00003682	CONDITIONAL_JUMP
ram:0000367c	frame_decode_byte@ram:00003662	ram:000036a6	LAB_ram_000036a6	CONDITIONAL_JUMP
ram:00003684	frame_decode_byte@ram:00003662	ram:000036a6	LAB_ram_000036a6	CONDITIONAL_JUMP
ram:000036a4	frame_decode_byte@ram:00003662	ram:0000367e	caseD_0	UNCONDITIONAL_JUMP
ram:000036ac	frame_decode_byte@ram:00003662	ram:000036c4	caseD_2	CONDITIONAL_JUMP
ram:000036bc	frame_decode_byte@ram:00003662	ram:00008e7c	switchdataD_ram:00008e7c	DATA
ram:000036c0	frame_decode_byte@ram:00003662	ram:0000367e	caseD_0	COMPUTED_JUMP
ram:000036c0	frame_decode_byte@ram:00003662	ram:0000368a	caseD_1	COMPUTED_JUMP
ram:000036c0	frame_decode_byte@ram:00003662	ram:000036c4	caseD_2	COMPUTED_JUMP
ram:000036c0	frame_decode_byte@ram:00003662	ram:000036c2	caseD_4	COMPUTED_JUMP
ram:000036c0	frame_decode_byte@ram:00003662	ram:000036e0	caseD_6	COMPUTED_JUMP
ram:000036c0	frame_decode_byte@ram:00003662	ram:0000370c	caseD_7	COMPUTED_JUMP
ram:000036c2	frame_decode_byte@ram:00003662	ram:000036ca	LAB_ram_000036ca	CONDITIONAL_JUMP
ram:000036c8	frame_decode_byte@ram:00003662	ram:0000367e	caseD_0	UNCONDITIONAL_JUMP
ram:000036de	frame_decode_byte@ram:00003662	ram:000036a0	LAB_ram_000036a0	UNCONDITIONAL_JUMP
ram:00003704	frame_decode_byte@ram:00003662	ram:0000367e	caseD_0	CONDITIONAL_JUMP
ram:0000370a	frame_decode_byte@ram:00003662	ram:000036a0	LAB_ram_000036a0	UNCONDITIONAL_JUMP
ram:00003712	frame_decode_byte@ram:00003662	ram:0000371e	LAB_ram_0000371e	CONDITIONAL_JUMP
ram:0000372c	tmr1_1ms_tick@ram:00003724	ram:20002f84	DAT_ram_20002f84	READ
ram:00003736	tmr1_1ms_tick@ram:00003724	ram:20002f84	DAT_ram_20002f84	WRITE
ram:00003740	tmr1_1ms_tick@ram:00003724	ram:20002f7f	DAT_ram_20002f7f	WRITE
ram:00003744	tmr1_1ms_tick@ram:00003724	ram:20002f84	DAT_ram_20002f84	READ
ram:0000374a	tmr1_1ms_tick@ram:00003724	ram:00003754	LAB_ram_00003754	CONDITIONAL_JUMP
ram:00003750	tmr1_1ms_tick@ram:00003724	ram:20002f7e	DAT_ram_20002f7e	WRITE
ram:00003754	tmr1_1ms_tick@ram:00003724	ram:20002f84	DAT_ram_20002f84	READ
ram:0000375e	tmr1_1ms_tick@ram:00003724	ram:0000376a	LAB_ram_0000376a	CONDITIONAL_JUMP
ram:00003766	tmr1_1ms_tick@ram:00003724	ram:20002f7d	DAT_ram_20002f7d	WRITE
ram:0000376a	tmr1_1ms_tick@ram:00003724	ram:20002f84	DAT_ram_20002f84	READ
ram:00003774	tmr1_1ms_tick@ram:00003724	ram:00003780	LAB_ram_00003780	CONDITIONAL_JUMP
ram:0000377c	tmr1_1ms_tick@ram:00003724	ram:20002f80	DAT_ram_20002f80	WRITE
ram:00003780	tmr1_1ms_tick@ram:00003724	ram:20002f84	DAT_ram_20002f84	READ
ram:0000378a	tmr1_1ms_tick@ram:00003724	ram:00003796	LAB_ram_00003796	CONDITIONAL_JUMP
ram:00003792	tmr1_1ms_tick@ram:00003724	ram:20002f7c	DAT_ram_20002f7c	WRITE
ram:0000379c	FUN_ram_00003798@ram:00003798	ram:20002f7f	DAT_ram_20002f7f	READ
ram:000037a2	FUN_ram_00003798@ram:00003798	ram:000037ae	LAB_ram_000037ae	CONDITIONAL_JUMP
ram:000037a8	FUN_ram_00003798@ram:00003798	ram:20002f7f	DAT_ram_20002f7f	WRITE
ram:000037b4	FUN_ram_000037b0@ram:000037b0	ram:20002f7e	DAT_ram_20002f7e	READ
ram:000037ba	FUN_ram_000037b0@ram:000037b0	ram:000037c6	LAB_ram_000037c6	CONDITIONAL_JUMP
ram:000037c0	FUN_ram_000037b0@ram:000037b0	ram:20002f7e	DAT_ram_20002f7e	WRITE
ram:000037cc	FUN_ram_000037c8@ram:000037c8	ram:20002f7d	DAT_ram_20002f7d	READ
ram:000037d2	FUN_ram_000037c8@ram:000037c8	ram:000037de	LAB_ram_000037de	CONDITIONAL_JUMP
ram:000037d8	FUN_ram_000037c8@ram:000037c8	ram:20002f7d	DAT_ram_20002f7d	WRITE
ram:000037e4	FUN_ram_000037e0@ram:000037e0	ram:20002f80	DAT_ram_20002f80	READ
ram:000037ea	FUN_ram_000037e0@ram:000037e0	ram:000037f6	LAB_ram_000037f6	CONDITIONAL_JUMP
ram:000037f0	FUN_ram_000037e0@ram:000037e0	ram:20002f80	DAT_ram_20002f80	WRITE
ram:000037fc	FUN_ram_000037f8@ram:000037f8	ram:20002f7c	DAT_ram_20002f7c	READ
ram:00003802	FUN_ram_000037f8@ram:000037f8	ram:0000380e	LAB_ram_0000380e	CONDITIONAL_JUMP
ram:00003808	FUN_ram_000037f8@ram:000037f8	ram:20002f7c	DAT_ram_20002f7c	WRITE
ram:00003814	acc_to_mcu_queue@ram:00003810	ram:0004004c	p_tmos_memcpy	READ
ram:00003826	acc_to_mcu_queue@ram:00003810	ram:20003e84	DAT_ram_20003e84	PARAM
ram:00003838	acc_to_mcu_queue@ram:00003810	ram:20003e80	DAT_ram_20003e80	WRITE
ram:0000383e	acc_to_mcu_queue@ram:00003810	ram:20003e82	DAT_ram_20003e82	WRITE
ram:00003842	acc_to_mcu_queue@ram:00003810	ram:20004088	DAT_ram_20004088	WRITE
ram:0000385a	decoder_feed_slot@ram:0000384e	ram:20003a50	bridge_slots	PARAM
ram:00003860	decoder_feed_slot@ram:0000384e	ram:00003662	frame_decode_byte	UNCONDITIONAL_CALL
ram:00003882	decoder_reset_slot@ram:00003876	ram:20003a50	bridge_slots	PARAM
ram:00003888	decoder_reset_slot@ram:00003876	ram:0000359a	frame_decoder_reset	UNCONDITIONAL_CALL
ram:000038aa	mcu_ctl_cmd@ram:0000388a	ram:200041a0	DAT_ram_200041a0	READ
ram:000038ae	mcu_ctl_cmd@ram:0000388a	ram:00001d1a	memset	UNCONDITIONAL_CALL
ram:000038b6	mcu_ctl_cmd@ram:0000388a	ram:00003ada	LAB_ram_00003ada	CONDITIONAL_JUMP
ram:000038ba	mcu_ctl_cmd@ram:0000388a	ram:000038dc	LAB_ram_000038dc	CONDITIONAL_JUMP
ram:000038c0	mcu_ctl_cmd@ram:0000388a	ram:000039fa	LAB_ram_000039fa	CONDITIONAL_JUMP
ram:000038c8	mcu_ctl_cmd@ram:0000388a	ram:00003a70	LAB_ram_00003a70	CONDITIONAL_JUMP
ram:000038cc	mcu_ctl_cmd@ram:0000388a	ram:000038f0	LAB_ram_000038f0	CONDITIONAL_JUMP
ram:000038d4	mcu_ctl_cmd@ram:0000388a	ram:2000409c	DAT_ram_2000409c	WRITE
ram:000038da	mcu_ctl_cmd@ram:0000388a	ram:00003a34	LAB_ram_00003a34	UNCONDITIONAL_JUMP
ram:000038e0	mcu_ctl_cmd@ram:0000388a	ram:00003ba6	LAB_ram_00003ba6	CONDITIONAL_JUMP
ram:000038e4	mcu_ctl_cmd@ram:0000388a	ram:00003904	LAB_ram_00003904	CONDITIONAL_JUMP
ram:000038ec	mcu_ctl_cmd@ram:0000388a	ram:00003b3a	LAB_ram_00003b3a	CONDITIONAL_JUMP
ram:00003908	mcu_ctl_cmd@ram:0000388a	ram:00003bd4	LAB_ram_00003bd4	CONDITIONAL_JUMP
ram:00003910	mcu_ctl_cmd@ram:0000388a	ram:000038f0	LAB_ram_000038f0	CONDITIONAL_JUMP
ram:00003918	mcu_ctl_cmd@ram:0000388a	ram:200041a1	DAT_ram_200041a1	READ
ram:00003920	mcu_ctl_cmd@ram:0000388a	ram:000038f0	LAB_ram_000038f0	CONDITIONAL_JUMP
ram:0000392c	mcu_ctl_cmd@ram:0000388a	ram:2000409c	DAT_ram_2000409c	WRITE
ram:00003934	mcu_ctl_cmd@ram:0000388a	ram:200041a3	DAT_ram_200041a3	READ
ram:0000393c	mcu_ctl_cmd@ram:0000388a	ram:200041a2	DAT_ram_200041a2	READ
ram:00003946	mcu_ctl_cmd@ram:0000388a	ram:200041a4	DAT_ram_200041a4	READ
ram:00003950	mcu_ctl_cmd@ram:0000388a	ram:200041a5	DAT_ram_200041a5	READ
ram:00003956	mcu_ctl_cmd@ram:0000388a	ram:000039ec	LAB_ram_000039ec	CONDITIONAL_JUMP
ram:0000395c	mcu_ctl_cmd@ram:0000388a	ram:00040048	p_tmos_memset	READ
ram:00003968	mcu_ctl_cmd@ram:0000388a	ram:00040048	p_tmos_memset	READ
ram:00003984	mcu_ctl_cmd@ram:0000388a	ram:200028d6	FLASH_EEPROM_CMD	COMPUTED_CALL
ram:00003988	mcu_ctl_cmd@ram:0000388a	ram:0004003c	p_tmos_memcmp	READ
ram:00003996	mcu_ctl_cmd@ram:0000388a	ram:00003c18	LAB_ram_00003c18	CONDITIONAL_JUMP
ram:0000399a	mcu_ctl_cmd@ram:0000388a	ram:0004003c	p_tmos_memcmp	READ
ram:000039a2	mcu_ctl_cmd@ram:0000388a	ram:200041a2	DAT_ram_200041a2	PARAM
ram:000039ac	mcu_ctl_cmd@ram:0000388a	ram:000039ec	LAB_ram_000039ec	CONDITIONAL_JUMP
ram:000039b2	mcu_ctl_cmd@ram:0000388a	ram:0004004c	p_tmos_memcpy	READ
ram:000039ba	mcu_ctl_cmd@ram:0000388a	ram:200041a2	DAT_ram_200041a2	PARAM
ram:000039d6	mcu_ctl_cmd@ram:0000388a	ram:200028d6	FLASH_EEPROM_CMD	COMPUTED_CALL
ram:000039e8	mcu_ctl_cmd@ram:0000388a	ram:200028d6	FLASH_EEPROM_CMD	COMPUTED_CALL
ram:000039f0	mcu_ctl_cmd@ram:0000388a	ram:200041aa	DAT_ram_200041aa	PARAM
ram:000039f4	mcu_ctl_cmd@ram:0000388a	ram:00007532	adv_mfr_set_from_fc	UNCONDITIONAL_CALL
ram:000039f8	mcu_ctl_cmd@ram:0000388a	ram:000038d8	LAB_ram_000038d8	UNCONDITIONAL_JUMP
ram:000039fa	mcu_ctl_cmd@ram:0000388a	ram:00004be0	get_uptime_ms	UNCONDITIONAL_CALL
ram:00003a04	mcu_ctl_cmd@ram:0000388a	ram:2000409c	DAT_ram_2000409c	WRITE
ram:00003a0c	mcu_ctl_cmd@ram:0000388a	ram:2000409d	DAT_ram_2000409c+1	WRITE
ram:00003a18	mcu_ctl_cmd@ram:0000388a	ram:2000409e	DAT_ram_2000409e	WRITE
ram:00003a26	mcu_ctl_cmd@ram:0000388a	ram:2000409f	DAT_ram_2000409f	WRITE
ram:00003a2e	mcu_ctl_cmd@ram:0000388a	ram:200040a0	DAT_ram_200040a0	WRITE
ram:00003a38	mcu_ctl_cmd@ram:0000388a	ram:2000409a	DAT_ram_2000409a	WRITE
ram:00003a44	mcu_ctl_cmd@ram:0000388a	ram:2000419c	DAT_ram_2000419c	READ
ram:00003a4c	mcu_ctl_cmd@ram:0000388a	ram:20004098	DAT_ram_20004098	PARAM
ram:00003a5a	mcu_ctl_cmd@ram:0000388a	ram:20004098	DAT_ram_20004098	PARAM
ram:00003a5c	mcu_ctl_cmd@ram:0000388a	ram:20003a5c	DAT_ram_20003a5c	PARAM
ram:00003a60	mcu_ctl_cmd@ram:0000388a	ram:20004098	DAT_ram_20004098	WRITE
ram:00003a64	mcu_ctl_cmd@ram:0000388a	ram:000035a8	frame_encode	UNCONDITIONAL_CALL
ram:00003a6e	mcu_ctl_cmd@ram:0000388a	ram:000038f0	LAB_ram_000038f0	UNCONDITIONAL_JUMP
ram:00003a74	mcu_ctl_cmd@ram:0000388a	ram:200041a1	DAT_ram_200041a1	READ
ram:00003a7c	mcu_ctl_cmd@ram:0000388a	ram:20002f89	host_iface_mode	WRITE
ram:00003a82	mcu_ctl_cmd@ram:0000388a	ram:00003ab4	LAB_ram_00003ab4	CONDITIONAL_JUMP
ram:00003a86	mcu_ctl_cmd@ram:0000388a	ram:0000566a	usb_disable	UNCONDITIONAL_CALL
ram:00003a8e	mcu_ctl_cmd@ram:0000388a	ram:20002f89	host_iface_mode	READ
ram:00003a94	mcu_ctl_cmd@ram:0000388a	ram:00003ad0	LAB_ram_00003ad0	CONDITIONAL_JUMP
ram:00003aa0	mcu_ctl_cmd@ram:0000388a	ram:00040174	p_GAPRole_SetParameter	READ
ram:00003ab2	mcu_ctl_cmd@ram:0000388a	ram:000038d0	LAB_ram_000038d0	UNCONDITIONAL_JUMP
ram:00003ab8	mcu_ctl_cmd@ram:0000388a	ram:20003a48	usb_enabled	READ
ram:00003abe	mcu_ctl_cmd@ram:0000388a	ram:00003a8a	LAB_ram_00003a8a	CONDITIONAL_JUMP
ram:00003ac4	mcu_ctl_cmd@ram:0000388a	ram:20002f8a	remote_enabled	READ
ram:00003ac8	mcu_ctl_cmd@ram:0000388a	ram:00003a8a	LAB_ram_00003a8a	CONDITIONAL_JUMP
ram:00003aca	mcu_ctl_cmd@ram:0000388a	ram:000055c0	usb_enable	UNCONDITIONAL_CALL
ram:00003ace	mcu_ctl_cmd@ram:0000388a	ram:00003a8a	LAB_ram_00003a8a	UNCONDITIONAL_JUMP
ram:00003ad0	mcu_ctl_cmd@ram:0000388a	ram:00003aae	LAB_ram_00003aae	CONDITIONAL_JUMP
ram:00003ad8	mcu_ctl_cmd@ram:0000388a	ram:00003a9c	LAB_ram_00003a9c	UNCONDITIONAL_JUMP
ram:00003ade	mcu_ctl_cmd@ram:0000388a	ram:200041a1	DAT_ram_200041a1	READ
ram:00003ae6	mcu_ctl_cmd@ram:0000388a	ram:00003b28	LAB_ram_00003b28	CONDITIONAL_JUMP
ram:00003af0	mcu_ctl_cmd@ram:0000388a	ram:20002f8a	remote_enabled	WRITE
ram:00003af8	mcu_ctl_cmd@ram:0000388a	ram:20003a48	usb_enabled	READ
ram:00003afc	mcu_ctl_cmd@ram:0000388a	ram:00003b02	LAB_ram_00003b02	CONDITIONAL_JUMP
ram:00003afe	mcu_ctl_cmd@ram:0000388a	ram:000055c0	usb_enable	UNCONDITIONAL_CALL
ram:00003b0c	mcu_ctl_cmd@ram:0000388a	ram:00040174	p_GAPRole_SetParameter	READ
ram:00003b1e	mcu_ctl_cmd@ram:0000388a	ram:20002f89	host_iface_mode	WRITE
ram:00003b26	mcu_ctl_cmd@ram:0000388a	ram:000038d0	LAB_ram_000038d0	UNCONDITIONAL_JUMP
ram:00003b2c	mcu_ctl_cmd@ram:0000388a	ram:20002f8a	remote_enabled	WRITE
ram:00003b30	mcu_ctl_cmd@ram:0000388a	ram:0000566a	usb_disable	UNCONDITIONAL_CALL
ram:00003b38	mcu_ctl_cmd@ram:0000388a	ram:00003b08	LAB_ram_00003b08	UNCONDITIONAL_JUMP
ram:00003b46	mcu_ctl_cmd@ram:0000388a	ram:2000409c	DAT_ram_2000409c	WRITE
ram:00003b56	mcu_ctl_cmd@ram:0000388a	ram:200040a0	DAT_ram_200040a0	WRITE
ram:00003b6a	mcu_ctl_cmd@ram:0000388a	ram:200040a4	DAT_ram_200040a4	WRITE
ram:00003b76	mcu_ctl_cmd@ram:0000388a	ram:200040b0	DAT_ram_200040b0	WRITE
ram:00003b7e	mcu_ctl_cmd@ram:0000388a	ram:200040b4	DAT_ram_200040b4	WRITE
ram:00003b86	mcu_ctl_cmd@ram:0000388a	ram:200040b8	DAT_ram_200040b8	WRITE
ram:00003b8e	mcu_ctl_cmd@ram:0000388a	ram:200040ba	DAT_ram_200040ba	WRITE
ram:00003b96	mcu_ctl_cmd@ram:0000388a	ram:200040a8	DAT_ram_200040a8	WRITE
ram:00003b9a	mcu_ctl_cmd@ram:0000388a	ram:20003b9a	DAT_ram_20003b9a	PARAM
ram:00003b9e	mcu_ctl_cmd@ram:0000388a	ram:200040ac	DAT_ram_200040ac	WRITE
ram:00003ba4	mcu_ctl_cmd@ram:0000388a	ram:00003a34	LAB_ram_00003a34	UNCONDITIONAL_JUMP
ram:00003baa	mcu_ctl_cmd@ram:0000388a	ram:200041a1	DAT_ram_200041a1	READ
ram:00003bb2	mcu_ctl_cmd@ram:0000388a	ram:00003bc2	LAB_ram_00003bc2	CONDITIONAL_JUMP
ram:00003bbc	mcu_ctl_cmd@ram:0000388a	ram:20002fb4	DAT_ram_20002fb4	WRITE
ram:00003bc0	mcu_ctl_cmd@ram:0000388a	ram:000038f0	LAB_ram_000038f0	UNCONDITIONAL_JUMP
ram:00003bc6	mcu_ctl_cmd@ram:0000388a	ram:000038f0	LAB_ram_000038f0	CONDITIONAL_JUMP
ram:00003bce	mcu_ctl_cmd@ram:0000388a	ram:20002fb4	DAT_ram_20002fb4	WRITE
ram:00003bd2	mcu_ctl_cmd@ram:0000388a	ram:000038f0	LAB_ram_000038f0	UNCONDITIONAL_JUMP
ram:00003bd8	mcu_ctl_cmd@ram:0000388a	ram:200041a1	DAT_ram_200041a1	READ
ram:00003be0	mcu_ctl_cmd@ram:0000388a	ram:000038f0	LAB_ram_000038f0	CONDITIONAL_JUMP
ram:00003bec	mcu_ctl_cmd@ram:0000388a	ram:2000409c	DAT_ram_2000409c	WRITE
ram:00003bf8	mcu_ctl_cmd@ram:0000388a	ram:20002fb8	DAT_ram_20002fb8	READ
ram:00003bfe	mcu_ctl_cmd@ram:0000388a	ram:00003a34	LAB_ram_00003a34	CONDITIONAL_JUMP
ram:00003c06	mcu_ctl_cmd@ram:0000388a	ram:20002fb8	DAT_ram_20002fb8	WRITE
ram:00003c12	mcu_ctl_cmd@ram:0000388a	ram:20002fb6	DAT_ram_20002fb6	WRITE
ram:00003c16	mcu_ctl_cmd@ram:0000388a	ram:000038d8	LAB_ram_000038d8	UNCONDITIONAL_JUMP
ram:00003c18	mcu_ctl_cmd@ram:0000388a	ram:0004004c	p_tmos_memcpy	READ
ram:00003c20	mcu_ctl_cmd@ram:0000388a	ram:200041a2	DAT_ram_200041a2	PARAM
ram:00003c3a	mcu_ctl_cmd@ram:0000388a	ram:200028d6	FLASH_EEPROM_CMD	COMPUTED_CALL
ram:00003c46	mcu_ctl_cmd@ram:0000388a	ram:000039e2	LAB_ram_000039e2	UNCONDITIONAL_JUMP
ram:00003c64	usb_partial_frame_ack@ram:00003c48	ram:20003c6c	DAT_ram_20003c6c	READ
ram:00003c68	usb_partial_frame_ack@ram:00003c48	ram:00001d1a	memset	UNCONDITIONAL_CALL
ram:00003c78	usb_partial_frame_ack@ram:00003c48	ram:00003cf4	LAB_ram_00003cf4	CONDITIONAL_JUMP
ram:00003c84	usb_partial_frame_ack@ram:00003c48	ram:20003d70	DAT_ram_20003d70	WRITE
ram:00003c88	usb_partial_frame_ack@ram:00003c48	ram:20003c6e	DAT_ram_20003c6e	READ
ram:00003c90	usb_partial_frame_ack@ram:00003c48	ram:20003d72	DAT_ram_20003d72	WRITE
ram:00003c94	usb_partial_frame_ack@ram:00003c48	ram:20003c70	DAT_ram_20003c70	READ
ram:00003c9c	usb_partial_frame_ack@ram:00003c48	ram:20003d74	DAT_ram_20003d74	WRITE
ram:00003ca6	usb_partial_frame_ack@ram:00003c48	ram:20003d76	DAT_ram_20003d76	WRITE
ram:00003cac	usb_partial_frame_ack@ram:00003c48	ram:20003c68	DAT_ram_20003c68	READ
ram:00003cb0	usb_partial_frame_ack@ram:00003c48	ram:20003cb0	DAT_ram_20003cb0	PARAM
ram:00003cb4	usb_partial_frame_ack@ram:00003c48	ram:20003d6e	DAT_ram_20003d6e	WRITE
ram:00003cbc	usb_partial_frame_ack@ram:00003c48	ram:20003d6c	DAT_ram_20003d6c	PARAM
ram:00003cce	usb_partial_frame_ack@ram:00003c48	ram:20003c68	DAT_ram_20003c68	PARAM
ram:00003cd2	usb_partial_frame_ack@ram:00003c48	ram:20003cd2	DAT_ram_20003cd2	PARAM
ram:00003cd6	usb_partial_frame_ack@ram:00003c48	ram:20003d6c	DAT_ram_20003d6c	WRITE
ram:00003cda	usb_partial_frame_ack@ram:00003c48	ram:000035a8	frame_encode	UNCONDITIONAL_CALL
ram:00003cf8	usb_partial_frame_ack@ram:00003c48	ram:00003ce4	LAB_ram_00003ce4	CONDITIONAL_JUMP
ram:00003d04	usb_partial_frame_ack@ram:00003c48	ram:20003d70	DAT_ram_20003d70	WRITE
ram:00003d04	usb_partial_frame_ack@ram:00003c48	ram:00000420	DAT_ram_00000420	DATA
ram:00003d0a	usb_partial_frame_ack@ram:00003c48	ram:00003cac	LAB_ram_00003cac	UNCONDITIONAL_JUMP
ram:00003d10	usb_in_queue_push@ram:00003d0c	ram:20003a4a	usb_in_count	READ
ram:00003d16	usb_in_queue_push@ram:00003d0c	ram:00003d88	LAB_ram_00003d88	CONDITIONAL_JUMP
ram:00003d20	usb_in_queue_push@ram:00003d0c	ram:20003a4d	DAT_ram_20003a4d	READ
ram:00003d3e	usb_in_queue_push@ram:00003d0c	ram:000078b2	memcpy	UNCONDITIONAL_CALL
ram:00003d46	usb_in_queue_push@ram:00003d0c	ram:20003a4d	DAT_ram_20003a4d	READ
ram:00003d50	usb_in_queue_push@ram:00003d0c	ram:20003a44	DAT_ram_20003a44	DATA
ram:00003d5a	usb_in_queue_push@ram:00003d0c	ram:00003d7e	LAB_ram_00003d7e	CONDITIONAL_JUMP
ram:00003d62	usb_in_queue_push@ram:00003d0c	ram:20003a4d	DAT_ram_20003a4d	WRITE
ram:00003d66	usb_in_queue_push@ram:00003d0c	ram:20003a4a	usb_in_count	READ
ram:00003d74	usb_in_queue_push@ram:00003d0c	ram:20003a4a	usb_in_count	WRITE
ram:00003d82	usb_in_queue_push@ram:00003d0c	ram:20003a4d	DAT_ram_20003a4d	WRITE
ram:00003d86	usb_in_queue_push@ram:00003d0c	ram:00003d66	LAB_ram_00003d66	UNCONDITIONAL_JUMP
ram:00003da4	mcu_to_usb_enqueue@ram:00003d8a	ram:00001d1a	memset	UNCONDITIONAL_CALL
ram:00003dba	mcu_to_usb_enqueue@ram:00003d8a	ram:000035a8	frame_encode	UNCONDITIONAL_CALL
ram:00003dc4	mcu_to_usb_enqueue@ram:00003d8a	ram:00003d0c	usb_in_queue_push	UNCONDITIONAL_CALL
ram:00003df6	slot_forward_to_mcu@ram:00003dd2	ram:00001d1a	memset	UNCONDITIONAL_CALL
ram:00003e00	slot_forward_to_mcu@ram:00003dd2	ram:000035a8	frame_encode	UNCONDITIONAL_CALL
ram:00003e0a	slot_forward_to_mcu@ram:00003dd2	ram:00004dd8	uart1_send	UNCONDITIONAL_CALL
ram:00003e1e	usb_in_pump@ram:00003e1a	ram:20003a49	usb_in_idle	READ
ram:00003e22	usb_in_pump@ram:00003e1a	ram:00003ed4	LAB_ram_00003ed4	CONDITIONAL_JUMP
ram:00003e28	usb_in_pump@ram:00003e1a	ram:20003a4a	usb_in_count	READ
ram:00003e2c	usb_in_pump@ram:00003e1a	ram:00003ed4	LAB_ram_00003ed4	CONDITIONAL_JUMP
ram:00003e36	usb_in_pump@ram:00003e1a	ram:20003a4b	DAT_ram_20003a4b	READ
ram:00003e48	usb_in_pump@ram:00003e1a	ram:20003a44	DAT_ram_20003a44	DATA
ram:00003e52	usb_in_pump@ram:00003e1a	ram:20003a4c	DAT_ram_20003a4c	READ
ram:00003e5e	usb_in_pump@ram:00003e1a	ram:00003ea4	LAB_ram_00003ea4	CONDITIONAL_JUMP
ram:00003e62	usb_in_pump@ram:00003e1a	ram:00004eca	usb_ep1_in_send	UNCONDITIONAL_CALL
ram:00003e6a	usb_in_pump@ram:00003e1a	ram:20003a4c	DAT_ram_20003a4c	WRITE
ram:00003e6e	usb_in_pump@ram:00003e1a	ram:20003a4b	DAT_ram_20003a4b	READ
ram:00003e7c	usb_in_pump@ram:00003e1a	ram:20003a4b	DAT_ram_20003a4b	WRITE
ram:00003e80	usb_in_pump@ram:00003e1a	ram:20003a4a	usb_in_count	READ
ram:00003e8a	usb_in_pump@ram:00003e1a	ram:20003a4a	usb_in_count	WRITE
ram:00003e90	usb_in_pump@ram:00003e1a	ram:00003e9c	LAB_ram_00003e9c	CONDITIONAL_JUMP
ram:00003e98	usb_in_pump@ram:00003e1a	ram:20003a4b	DAT_ram_20003a4b	WRITE
ram:00003ea8	usb_in_pump@ram:00003e1a	ram:00004eca	usb_ep1_in_send	UNCONDITIONAL_CALL
ram:00003eb0	usb_in_pump@ram:00003e1a	ram:20003a4b	DAT_ram_20003a4b	READ
ram:00003eb6	usb_in_pump@ram:00003e1a	ram:20003a44	DAT_ram_20003a44	DATA
ram:00003ebe	usb_in_pump@ram:00003e1a	ram:20003a44	DAT_ram_20003a44	DATA
ram:00003ec2	usb_in_pump@ram:00003e1a	ram:20003a4c	DAT_ram_20003a4c	READ
ram:00003ece	usb_in_pump@ram:00003e1a	ram:20003a4c	DAT_ram_20003a4c	WRITE
ram:00003ed2	usb_in_pump@ram:00003e1a	ram:00003e9c	LAB_ram_00003e9c	UNCONDITIONAL_JUMP
ram:00003eda	acc_af02_notify_handle@ram:00003ed6	ram:00003f1e	LAB_ram_00003f1e	CONDITIONAL_JUMP
ram:00003eec	acc_af02_notify_handle@ram:00003ed6	ram:00003f0c	LAB_ram_00003f0c	CONDITIONAL_JUMP
ram:00003ef8	acc_af02_notify_handle@ram:00003ed6	ram:00003f0c	LAB_ram_00003f0c	CONDITIONAL_JUMP
ram:00003f04	acc_af02_notify_handle@ram:00003ed6	ram:20002f30	acc_peer_addr	PARAM
ram:00003f08	acc_af02_notify_handle@ram:00003ed6	ram:00001d1a	memset	UNCONDITIONAL_CALL
ram:00003f1a	acc_af02_notify_handle@ram:00003ed6	ram:00001d1a	memset	UNCONDITIONAL_CALL
ram:00003f28	acc_cmd_b8@ram:00003f20	ram:00003f36	LAB_ram_00003f36	CONDITIONAL_JUMP
ram:00003f32	acc_cmd_b8@ram:00003f20	ram:20004c09	DAT_ram_20004c09	WRITE
ram:00003f46	acc_cmd_bc_set_addr@ram:00003f3a	ram:20002f30	acc_peer_addr	WRITE
ram:00003f4e	acc_cmd_bc_set_addr@ram:00003f3a	ram:20002f31	acc_peer_addr+1	WRITE
ram:00003f56	acc_cmd_bc_set_addr@ram:00003f3a	ram:20002f32	acc_peer_addr+2	WRITE
ram:00003f5e	acc_cmd_bc_set_addr@ram:00003f3a	ram:20002f33	acc_peer_addr+3	WRITE
ram:00003f66	acc_cmd_bc_set_addr@ram:00003f3a	ram:20002f34	DAT_ram_20002f34	WRITE
ram:00003f70	acc_cmd_bc_set_addr@ram:00003f3a	ram:20002f35	DAT_ram_20002f34+1	WRITE
ram:00003f7a	acc_cmd_be_disconnect@ram:00003f76	ram:0004017c	p_GAPRole_TerminateLink	READ
ram:00003f86	acc_cmd_be_disconnect@ram:00003f76	ram:20002f36	DAT_ram_20002f36	READ
ram:00003f90	acc_cmd_be_disconnect@ram:00003f76	ram:20002f30	acc_peer_addr	PARAM
ram:00003f98	acc_cmd_be_disconnect@ram:00003f76	ram:20002f30	acc_peer_addr	PARAM
ram:00003f9a	acc_cmd_be_disconnect@ram:00003f76	ram:00001d1a	memset	UNCONDITIONAL_CALL
ram:00003fda	mcu_to_ble_router@ram:00003fac	ram:20003b56	DAT_ram_20003b56	DATA
ram:00003fee	mcu_to_ble_router@ram:00003fac	ram:00004064	LAB_ram_00004064	CONDITIONAL_JUMP
ram:00003ffa	mcu_to_ble_router@ram:00003fac	ram:00001d1a	memset	UNCONDITIONAL_CALL
ram:00004002	mcu_to_ble_router@ram:00003fac	ram:0004004c	p_tmos_memcpy	READ
ram:00004014	mcu_to_ble_router@ram:00003fac	Stack[-0x120]		DATA
ram:00004018	mcu_to_ble_router@ram:00003fac	ram:00006ff6	af01_notify	UNCONDITIONAL_CALL
ram:0000401c	mcu_to_ble_router@ram:00003fac	ram:20003b58	DAT_ram_20003b58	DATA
ram:00004022	mcu_to_ble_router@ram:00003fac	ram:0000404c	LAB_ram_0000404c	CONDITIONAL_JUMP
ram:00004026	mcu_to_ble_router@ram:00003fac	ram:20003b59	DAT_ram_20003b59	DATA
ram:0000402e	mcu_to_ble_router@ram:00003fac	ram:20002f88	notify_failed	READ
ram:00004034	mcu_to_ble_router@ram:00003fac	ram:0000404c	LAB_ram_0000404c	CONDITIONAL_JUMP
ram:0000403a	mcu_to_ble_router@ram:00003fac	ram:20005130	pending_host_id	PARAM
ram:0000403e	mcu_to_ble_router@ram:00003fac	ram:00007696	host_id_save	UNCONDITIONAL_CALL
ram:00004048	mcu_to_ble_router@ram:00003fac	ram:20002ff4	ble_bind_state	WRITE
ram:0000406e	mcu_to_ble_router@ram:00003fac	ram:00006f6c	af02_notify	UNCONDITIONAL_CALL
ram:00004072	mcu_to_ble_router@ram:00003fac	ram:0000401c	LAB_ram_0000401c	UNCONDITIONAL_JUMP
ram:00004074	ble_to_mcu_queue@ram:00004074	ram:000040da	LAB_ram_000040da	CONDITIONAL_JUMP
ram:0000407c	ble_to_mcu_queue@ram:00004074	ram:0004004c	p_tmos_memcpy	READ
ram:0000408e	ble_to_mcu_queue@ram:00004074	ram:20003a54	DAT_ram_20003a54	PARAM
ram:000040a0	ble_to_mcu_queue@ram:00004074	ram:000040d0	LAB_ram_000040d0	CONDITIONAL_JUMP
ram:000040a2	ble_to_mcu_queue@ram:00004074	ram:20003a54	DAT_ram_20003a54	DATA
ram:000040ac	ble_to_mcu_queue@ram:00004074	ram:20003a52	DAT_ram_20003a52	WRITE
ram:000040bc	ble_to_mcu_queue@ram:00004074	ram:20003a50	bridge_slots	WRITE
ram:000040c6	ble_to_mcu_queue@ram:00004074	ram:20003c58	DAT_ram_20003c58	WRITE
ram:000040d4	ble_to_mcu_queue@ram:00004074	ram:20003a54	DAT_ram_20003a54	DATA
ram:000040d8	ble_to_mcu_queue@ram:00004074	ram:000040a6	LAB_ram_000040a6	UNCONDITIONAL_JUMP
ram:00004108	af02_write_handler@ram:000040dc	ram:00001d1a	memset	UNCONDITIONAL_CALL
ram:00004110	af02_write_handler@ram:000040dc	ram:20002f89	host_iface_mode	READ
ram:00004116	af02_write_handler@ram:000040dc	ram:0000412c	LAB_ram_0000412c	CONDITIONAL_JUMP
ram:0000411a	af02_write_handler@ram:000040dc	ram:00004148	LAB_ram_00004148	CONDITIONAL_JUMP
ram:00004120	af02_write_handler@ram:000040dc	ram:000041d6	LAB_ram_000041d6	CONDITIONAL_JUMP
ram:0000412a	af02_write_handler@ram:000040dc	ram:00004074	ble_to_mcu_queue	UNCONDITIONAL_CALL
ram:0000414c	af02_write_handler@ram:000040dc	ram:00040178	p_GAPRole_GetParameter	READ
ram:00004166	af02_write_handler@ram:000040dc	ram:20002ff8	gaprole_state	READ
ram:00004176	af02_write_handler@ram:000040dc	ram:20002ff4	ble_bind_state	READ
ram:00004184	af02_write_handler@ram:000040dc	ram:20002ff0	ble_conn_timer	READ
ram:000041d4	af02_write_handler@ram:000040dc	ram:0000412c	LAB_ram_0000412c	UNCONDITIONAL_JUMP
ram:000041e2	af02_write_handler@ram:000040dc	ram:000041f8	LAB_ram_000041f8	CONDITIONAL_JUMP
ram:000041e8	af02_write_handler@ram:000040dc	ram:0004004c	p_tmos_memcpy	READ
ram:000041f0	af02_write_handler@ram:000040dc	ram:20005130	pending_host_id	PARAM
ram:000041f6	af02_write_handler@ram:000040dc	ram:00004124	LAB_ram_00004124	UNCONDITIONAL_JUMP
ram:000041fa	af02_write_handler@ram:000040dc	ram:0000773c	host_id_lookup	UNCONDITIONAL_CALL
ram:000041fe	af02_write_handler@ram:000040dc	ram:00004212	LAB_ram_00004212	CONDITIONAL_JUMP
ram:00004206	af02_write_handler@ram:000040dc	ram:20003206	DAT_ram_20003206	PARAM
ram:0000420a	af02_write_handler@ram:000040dc	ram:20002ff4	ble_bind_state	WRITE
ram:00004210	af02_write_handler@ram:000040dc	ram:000041d0	LAB_ram_000041d0	UNCONDITIONAL_JUMP
ram:0000421e	af02_write_handler@ram:000040dc	ram:20002ff4	ble_bind_state	WRITE
ram:00004222	af02_write_handler@ram:000040dc	ram:0000420e	LAB_ram_0000420e	UNCONDITIONAL_JUMP
ram:00004244	af01_write_handler@ram:00004224	ram:00001d1a	memset	UNCONDITIONAL_CALL
ram:0000424c	af01_write_handler@ram:00004224	ram:20002f89	host_iface_mode	READ
ram:00004252	af01_write_handler@ram:00004224	ram:00004286	LAB_ram_00004286	CONDITIONAL_JUMP
ram:0000425c	af01_write_handler@ram:00004224	ram:00004268	LAB_ram_00004268	CONDITIONAL_JUMP
ram:00004264	af01_write_handler@ram:00004224	ram:0000429a	LAB_ram_0000429a	CONDITIONAL_JUMP
ram:0000426e	af01_write_handler@ram:00004224	ram:00007568	adv_mfr_tail_store	UNCONDITIONAL_CALL
ram:0000427c	af01_write_handler@ram:00004224	Stack[-0x110]		DATA
ram:000042a0	af01_write_handler@ram:00004224	ram:00004074	ble_to_mcu_queue	UNCONDITIONAL_CALL
ram:000042a2	af01_write_handler@ram:00004224	ram:00004286	LAB_ram_00004286	UNCONDITIONAL_JUMP
ram:000042a4	acc_to_mcu_send@ram:000042a4	ram:000042aa	LAB_ram_000042aa	CONDITIONAL_JUMP
ram:000042a6	acc_to_mcu_send@ram:000042a4	ram:00003810	acc_to_mcu_queue	UNCONDITIONAL_CALL
ram:000042c0	link_state_reporter@ram:000042ac	ram:20002ff4	ble_bind_state	READ
ram:000042c2	link_state_reporter@ram:000042ac	ram:20002f98	DAT_ram_20002f98	READ
ram:000042da	link_state_reporter@ram:000042ac	ram:00004320	LAB_ram_00004320	CONDITIONAL_JUMP
ram:000042e2	link_state_reporter@ram:000042ac	ram:20003c58	DAT_ram_20003c58	READ
ram:000042e6	link_state_reporter@ram:000042ac	ram:00004320	LAB_ram_00004320	CONDITIONAL_JUMP
ram:000042e8	link_state_reporter@ram:000042ac	ram:000042fe	LAB_ram_000042fe	CONDITIONAL_JUMP
ram:000042fc	link_state_reporter@ram:000042ac	ram:00004074	ble_to_mcu_queue	UNCONDITIONAL_CALL
ram:000042fe	link_state_reporter@ram:000042ac	ram:20002ff4	ble_bind_state	READ
ram:00004302	link_state_reporter@ram:000042ac	ram:00004316	LAB_ram_00004316	CONDITIONAL_JUMP
ram:00004314	link_state_reporter@ram:000042ac	ram:00004074	ble_to_mcu_queue	UNCONDITIONAL_CALL
ram:00004316	link_state_reporter@ram:000042ac	ram:20002ff4	ble_bind_state	READ
ram:0000431c	link_state_reporter@ram:000042ac	ram:20002f98	DAT_ram_20002f98	WRITE
ram:00004324	link_state_reporter@ram:000042ac	ram:20002fdb	DAT_ram_20002fdb	READ
ram:0000432c	link_state_reporter@ram:000042ac	ram:20002f9c	DAT_ram_20002f9c	READ
ram:00004330	link_state_reporter@ram:000042ac	ram:0000445c	LAB_ram_0000445c	CONDITIONAL_JUMP
ram:00004338	link_state_reporter@ram:000042ac	ram:20004088	DAT_ram_20004088	READ
ram:0000433c	link_state_reporter@ram:000042ac	ram:0000445c	LAB_ram_0000445c	CONDITIONAL_JUMP
ram:00004344	link_state_reporter@ram:000042ac	ram:20002f9d	DAT_ram_20002f9d	READ
ram:0000434c	link_state_reporter@ram:000042ac	ram:20002fc8	DAT_ram_20002fc8	READ
ram:00004350	link_state_reporter@ram:000042ac	ram:0000445c	LAB_ram_0000445c	CONDITIONAL_JUMP
ram:00004354	link_state_reporter@ram:000042ac	ram:0000436a	LAB_ram_0000436a	CONDITIONAL_JUMP
ram:00004366	link_state_reporter@ram:000042ac	ram:00003810	acc_to_mcu_queue	UNCONDITIONAL_CALL
ram:0000436e	link_state_reporter@ram:000042ac	ram:20002fdb	DAT_ram_20002fdb	READ
ram:00004374	link_state_reporter@ram:000042ac	ram:00004434	LAB_ram_00004434	CONDITIONAL_JUMP
ram:0000437c	link_state_reporter@ram:000042ac	ram:20002fc8	DAT_ram_20002fc8	READ
ram:00004382	link_state_reporter@ram:000042ac	ram:00004434	LAB_ram_00004434	CONDITIONAL_JUMP
ram:00004390	link_state_reporter@ram:000042ac	ram:00001d1a	memset	UNCONDITIONAL_CALL
ram:000043a0	link_state_reporter@ram:000042ac	ram:20002fcf	DAT_ram_20002fcf	READ
ram:000043a4	link_state_reporter@ram:000042ac	ram:000043a8	LAB_ram_000043a8	CONDITIONAL_JUMP
ram:000043d8	link_state_reporter@ram:000042ac	ram:0004003c	p_tmos_memcmp	READ
ram:000043de	link_state_reporter@ram:000042ac	ram:20004be5	DAT_ram_20004be5	PARAM
ram:000043de	link_state_reporter@ram:000042ac	ram:20004beb	DAT_ram_20004beb	PARAM
ram:000043e0	link_state_reporter@ram:000042ac	ram:20002f30	acc_peer_addr	PARAM
ram:000043e8	link_state_reporter@ram:000042ac	ram:00004478	LAB_ram_00004478	CONDITIONAL_JUMP
ram:000043ee	link_state_reporter@ram:000042ac	ram:20004c03	DAT_ram_20004c03	READ
ram:000043f8	link_state_reporter@ram:000042ac	ram:20004b4a	DAT_ram_20004b4a	PARAM
ram:000043fa	link_state_reporter@ram:000042ac	ram:00004e1a	debug_hexdump	UNCONDITIONAL_CALL
ram:000043fe	link_state_reporter@ram:000042ac	ram:20004c03	DAT_ram_20004c03	READ
ram:00004402	link_state_reporter@ram:000042ac	ram:00004478	LAB_ram_00004478	CONDITIONAL_JUMP
ram:00004404	link_state_reporter@ram:000042ac	ram:0004004c	p_tmos_memcpy	READ
ram:00004408	link_state_reporter@ram:000042ac	ram:20004b4a	DAT_ram_20004b4a	PARAM
ram:00004412	link_state_reporter@ram:000042ac	ram:20004c03	DAT_ram_20004c03	READ
ram:00004412	link_state_reporter@ram:000042ac	ram:20004c08	DAT_ram_20004c08	READ
ram:00004420	link_state_reporter@ram:000042ac	ram:000042a4	acc_to_mcu_send	UNCONDITIONAL_CALL
ram:0000442c	link_state_reporter@ram:000042ac	ram:20004b40	DAT_ram_20004b40	PARAM
ram:00004430	link_state_reporter@ram:000042ac	ram:00001d1a	memset	UNCONDITIONAL_CALL
ram:0000443c	link_state_reporter@ram:000042ac	ram:20002fdb	DAT_ram_20002fdb	READ
ram:00004444	link_state_reporter@ram:000042ac	ram:20002f9c	DAT_ram_20002f9c	WRITE
ram:00004450	link_state_reporter@ram:000042ac	ram:20002fc8	DAT_ram_20002fc8	READ
ram:00004458	link_state_reporter@ram:000042ac	ram:20002f9d	DAT_ram_20002f9d	WRITE
ram:0000447e	link_state_reporter@ram:000042ac	ram:000043d8	LAB_ram_000043d8	CONDITIONAL_JUMP
ram:00004484	link_state_reporter@ram:000042ac	ram:00004410	LAB_ram_00004410	UNCONDITIONAL_JUMP
ram:00004498	acc_list_build_bb@ram:00004486	ram:20004c08	DAT_ram_20004c08	READ
ram:000044b6	acc_list_build_bb@ram:00004486	ram:20004c08	DAT_ram_20004c08	READ
ram:000044ba	acc_list_build_bb@ram:00004486	ram:0000457c	LAB_ram_0000457c	CONDITIONAL_JUMP
ram:000044d0	acc_list_build_bb@ram:00004486	ram:20004be5	DAT_ram_20004be5	READ
ram:000044d0	acc_list_build_bb@ram:00004486	ram:20004beb	DAT_ram_20004beb	READ
ram:000044d8	acc_list_build_bb@ram:00004486	ram:20004be6	DAT_ram_20004be6	READ
ram:000044d8	acc_list_build_bb@ram:00004486	ram:20004bec	DAT_ram_20004bec	READ
ram:000044ea	acc_list_build_bb@ram:00004486	ram:20004be7	DAT_ram_20004be7	READ
ram:000044ea	acc_list_build_bb@ram:00004486	ram:20004bed	DAT_ram_20004bed	READ
ram:000044fc	acc_list_build_bb@ram:00004486	ram:20004be8	DAT_ram_20004be8	READ
ram:0000450e	acc_list_build_bb@ram:00004486	ram:20004be9	DAT_ram_20004be9	READ
ram:00004524	acc_list_build_bb@ram:00004486	ram:20004bea	DAT_ram_20004bea	READ
ram:00004536	acc_list_build_bb@ram:00004486	ram:20004b40	DAT_ram_20004b40	PARAM
ram:0000453a	acc_list_build_bb@ram:00004486	ram:20004c03	DAT_ram_20004c03	READ
ram:0000454e	acc_list_build_bb@ram:00004486	ram:20004c03	DAT_ram_20004c03	READ
ram:0000455a	acc_list_build_bb@ram:00004486	ram:00004574	LAB_ram_00004574	CONDITIONAL_JUMP
ram:00004562	acc_list_build_bb@ram:00004486	ram:20004b4a	DAT_ram_20004b4a	READ
ram:00004562	acc_list_build_bb@ram:00004486	ram:20004b4b	DAT_ram_20004b4b	READ
ram:00004572	acc_list_build_bb@ram:00004486	ram:0000454e	LAB_ram_0000454e	UNCONDITIONAL_JUMP
ram:0000457a	acc_list_build_bb@ram:00004486	ram:000044b2	LAB_ram_000044b2	UNCONDITIONAL_JUMP
ram:00004580	acc_list_build_bb@ram:00004486	ram:000042a4	acc_to_mcu_send	UNCONDITIONAL_CALL
ram:00004586	acc_list_build_bb@ram:00004486	ram:20002f94	DAT_ram_20002f94	READ
ram:00004594	acc_list_build_bb@ram:00004486	ram:20002f94	DAT_ram_20002f94	WRITE
ram:0000459e	acc_list_build_bb@ram:00004486	ram:20002ff4	ble_bind_state	PARAM
ram:000045a2	acc_list_build_bb@ram:00004486	ram:000045c6	LAB_ram_000045c6	CONDITIONAL_JUMP
ram:000045a6	acc_list_build_bb@ram:00004486	ram:20002ff4	ble_bind_state	READ
ram:000045a8	acc_list_build_bb@ram:00004486	ram:000045bc	LAB_ram_000045bc	CONDITIONAL_JUMP
ram:000045b4	acc_list_build_bb@ram:00004486	ram:20004b40	DAT_ram_20004b40	PARAM
ram:000045b8	acc_list_build_bb@ram:00004486	ram:00001d1a	memset	UNCONDITIONAL_CALL
ram:000045c0	acc_list_build_bb@ram:00004486	ram:20002f94	DAT_ram_20002f94	WRITE
ram:000045c4	acc_list_build_bb@ram:00004486	ram:000045ca	LAB_ram_000045ca	UNCONDITIONAL_JUMP
ram:000045c6	acc_list_build_bb@ram:00004486	ram:20002ff4	ble_bind_state	READ
ram:000045c8	acc_list_build_bb@ram:00004486	ram:000045bc	LAB_ram_000045bc	CONDITIONAL_JUMP
ram:000045ec	acc_cmd_dispatch@ram:000045d4	ram:20003b56	DAT_ram_20003b56	DATA
ram:000045f0	acc_cmd_dispatch@ram:000045d4	ram:20003b58	DAT_ram_20003b58	DATA
ram:000045f8	acc_cmd_dispatch@ram:000045d4	ram:00004620	LAB_ram_00004620	CONDITIONAL_JUMP
ram:000045fc	acc_cmd_dispatch@ram:000045d4	ram:0000460a	LAB_ram_0000460a	CONDITIONAL_JUMP
ram:00004604	acc_cmd_dispatch@ram:000045d4	ram:0000461c	LAB_ram_0000461c	CONDITIONAL_JUMP
ram:0000460e	acc_cmd_dispatch@ram:000045d4	ram:00004622	LAB_ram_00004622	CONDITIONAL_JUMP
ram:00004616	acc_cmd_dispatch@ram:000045d4	ram:00004626	LAB_ram_00004626	CONDITIONAL_JUMP
ram:0000461c	acc_cmd_dispatch@ram:000045d4	ram:00003f20	acc_cmd_b8	UNCONDITIONAL_CALL
ram:00004620	acc_cmd_dispatch@ram:000045d4	ram:00004486	acc_list_build_bb	UNCONDITIONAL_CALL
ram:00004622	acc_cmd_dispatch@ram:000045d4	ram:00003f3a	acc_cmd_bc_set_addr	UNCONDITIONAL_CALL
ram:00004626	acc_cmd_dispatch@ram:000045d4	ram:00003f76	acc_cmd_be_disconnect	UNCONDITIONAL_CALL
ram:00004630	bridge_loop@ram:00004628	ram:20002f8c	DAT_ram_20002f8c	READ
ram:00004634	bridge_loop@ram:00004628	ram:0000464c	LAB_ram_0000464c	CONDITIONAL_JUMP
ram:0000463a	bridge_loop@ram:00004628	ram:2000363a	DAT_ram_2000363a	PARAM
ram:0000463e	bridge_loop@ram:00004628	ram:20002f95	mcu_frame_seen	WRITE
ram:00004642	bridge_loop@ram:00004628	ram:20003642	DAT_ram_20003642	PARAM
ram:00004646	bridge_loop@ram:00004628	ram:20002f8c	DAT_ram_20002f8c	WRITE
ram:0000464a	bridge_loop@ram:00004628	ram:00003fac	mcu_to_ble_router	UNCONDITIONAL_CALL
ram:00004650	bridge_loop@ram:00004628	ram:20002f8d	DAT_ram_20002f8d	READ
ram:00004654	bridge_loop@ram:00004628	ram:0000466e	LAB_ram_0000466e	CONDITIONAL_JUMP
ram:0000465a	bridge_loop@ram:00004628	ram:2000365a	DAT_ram_2000365a	PARAM
ram:0000465e	bridge_loop@ram:00004628	ram:20002f95	mcu_frame_seen	WRITE
ram:00004662	bridge_loop@ram:00004628	ram:20003662	DAT_ram_20003662	PARAM
ram:00004666	bridge_loop@ram:00004628	ram:20002f8d	DAT_ram_20002f8d	WRITE
ram:0000466a	bridge_loop@ram:00004628	ram:00003d8a	mcu_to_usb_enqueue	UNCONDITIONAL_CALL
ram:00004672	bridge_loop@ram:00004628	ram:20002f8e	DAT_ram_20002f8e	READ
ram:00004676	bridge_loop@ram:00004628	ram:0000468e	LAB_ram_0000468e	CONDITIONAL_JUMP
ram:0000467c	bridge_loop@ram:00004628	ram:2000367c	DAT_ram_2000367c	PARAM
ram:00004680	bridge_loop@ram:00004628	ram:20002f95	mcu_frame_seen	WRITE
ram:00004684	bridge_loop@ram:00004628	ram:20003684	DAT_ram_20003684	PARAM
ram:00004688	bridge_loop@ram:00004628	ram:20002f8e	DAT_ram_20002f8e	WRITE
ram:0000468c	bridge_loop@ram:00004628	ram:000045d4	acc_cmd_dispatch	UNCONDITIONAL_CALL
ram:00004692	bridge_loop@ram:00004628	ram:20002f8f	DAT_ram_20002f8f	READ
ram:00004696	bridge_loop@ram:00004628	ram:000046bc	LAB_ram_000046bc	CONDITIONAL_JUMP
ram:0000469e	bridge_loop@ram:00004628	ram:00004dd8	uart1_send	PARAM
ram:000046a2	bridge_loop@ram:00004628	ram:200036a2	DAT_ram_200036a2	PARAM
ram:000046a6	bridge_loop@ram:00004628	ram:20002f95	mcu_frame_seen	WRITE
ram:000046aa	bridge_loop@ram:00004628	ram:200036aa	DAT_ram_200036aa	PARAM
ram:000046ae	bridge_loop@ram:00004628	ram:20002f8f	DAT_ram_20002f8f	WRITE
ram:000046b2	bridge_loop@ram:00004628	ram:0000388a	mcu_ctl_cmd	UNCONDITIONAL_CALL
ram:000046c4	bridge_loop@ram:00004628	ram:20002f90	DAT_ram_20002f90	READ
ram:000046c6	bridge_loop@ram:00004628	ram:000046fa	LAB_ram_000046fa	CONDITIONAL_JUMP
ram:000046cc	bridge_loop@ram:00004628	ram:20003e70	DAT_ram_20003e70	READ
ram:000046d0	bridge_loop@ram:00004628	ram:000046ea	LAB_ram_000046ea	CONDITIONAL_JUMP
ram:000046d4	bridge_loop@ram:00004628	ram:200036d4	DAT_ram_200036d4	PARAM
ram:000046d8	bridge_loop@ram:00004628	ram:20003e70	DAT_ram_20003e70	WRITE
ram:000046dc	bridge_loop@ram:00004628	ram:00003dd2	slot_forward_to_mcu	UNCONDITIONAL_CALL
ram:000046e4	bridge_loop@ram:00004628	ram:20002f90	DAT_ram_20002f90	WRITE
ram:000046e8	bridge_loop@ram:00004628	ram:000046b6	LAB_ram_000046b6	UNCONDITIONAL_JUMP
ram:000046ee	bridge_loop@ram:00004628	ram:20003a49	usb_in_idle	READ
ram:000046f2	bridge_loop@ram:00004628	ram:000046b6	LAB_ram_000046b6	CONDITIONAL_JUMP
ram:000046f4	bridge_loop@ram:00004628	ram:00003c48	usb_partial_frame_ack	UNCONDITIONAL_CALL
ram:000046f8	bridge_loop@ram:00004628	ram:000046e0	LAB_ram_000046e0	UNCONDITIONAL_JUMP
ram:000046fe	bridge_loop@ram:00004628	ram:20003c58	DAT_ram_20003c58	READ
ram:00004702	bridge_loop@ram:00004628	ram:0000479c	LAB_ram_0000479c	CONDITIONAL_JUMP
ram:00004708	bridge_loop@ram:00004628	ram:20004088	DAT_ram_20004088	READ
ram:00004710	bridge_loop@ram:00004628	ram:200042a0	DAT_ram_200042a0	READ
ram:00004716	bridge_loop@ram:00004628	ram:000047ac	LAB_ram_000047ac	CONDITIONAL_JUMP
ram:0000471c	bridge_loop@ram:00004628	ram:20002f95	mcu_frame_seen	READ
ram:00004720	bridge_loop@ram:00004628	ram:000046b6	LAB_ram_000046b6	CONDITIONAL_JUMP
ram:00004726	bridge_loop@ram:00004628	ram:20003a4a	usb_in_count	READ
ram:00004734	bridge_loop@ram:00004628	ram:200041a1	DAT_ram_200041a1	WRITE
ram:0000473c	bridge_loop@ram:00004628	ram:20002f88	notify_failed	READ
ram:0000474c	bridge_loop@ram:00004628	ram:200041a2	DAT_ram_200041a2	WRITE
ram:0000475c	bridge_loop@ram:00004628	ram:2000419c	DAT_ram_2000419c	WRITE
ram:0000476a	bridge_loop@ram:00004628	ram:2000419c	DAT_ram_2000419c	PARAM
ram:00004772	bridge_loop@ram:00004628	ram:20004098	DAT_ram_20004098	PARAM
ram:00004776	bridge_loop@ram:00004628	ram:20004776	DAT_ram_20004776	PARAM
ram:0000477a	bridge_loop@ram:00004628	ram:200041a0	DAT_ram_200041a0	WRITE
ram:00004786	bridge_loop@ram:00004628	ram:000035a8	frame_encode	UNCONDITIONAL_CALL
ram:00004790	bridge_loop@ram:00004628	ram:00004dd8	uart1_send	UNCONDITIONAL_CALL
ram:00004796	bridge_loop@ram:00004628	ram:20002f95	mcu_frame_seen	WRITE
ram:0000479a	bridge_loop@ram:00004628	ram:000046b6	LAB_ram_000046b6	UNCONDITIONAL_JUMP
ram:0000479c	bridge_loop@ram:00004628	ram:2000379c	DAT_ram_2000379c	PARAM
ram:000047a0	bridge_loop@ram:00004628	ram:20003c58	DAT_ram_20003c58	WRITE
ram:000047a6	bridge_loop@ram:00004628	ram:00003dd2	slot_forward_to_mcu	UNCONDITIONAL_CALL
ram:000047aa	bridge_loop@ram:00004628	ram:000046b6	LAB_ram_000046b6	UNCONDITIONAL_JUMP
ram:000047ac	bridge_loop@ram:00004628	ram:000047ba	LAB_ram_000047ba	CONDITIONAL_JUMP
ram:000047ae	bridge_loop@ram:00004628	ram:200047ae	DAT_ram_200047ae	PARAM
ram:000047b2	bridge_loop@ram:00004628	ram:20004088	DAT_ram_20004088	WRITE
ram:000047b8	bridge_loop@ram:00004628	ram:000047a6	LAB_ram_000047a6	UNCONDITIONAL_JUMP
ram:000047ba	bridge_loop@ram:00004628	ram:200047ba	DAT_ram_200047ba	PARAM
ram:000047be	bridge_loop@ram:00004628	ram:200042a0	DAT_ram_200042a0	WRITE
ram:000047c4	bridge_loop@ram:00004628	ram:000047a6	LAB_ram_000047a6	UNCONDITIONAL_JUMP
ram:000047d0	FUN_ram_000047c8@ram:000047c8	Stack[-0x10]		DATA
ram:000047e2	FUN_ram_000047c8@ram:000047c8	ram:20003a50	bridge_slots	PARAM
ram:000047e2	FUN_ram_000047c8@ram:000047c8	ram:20003c68	DAT_ram_20003c68	PARAM
ram:000047ea	FUN_ram_000047c8@ram:000047c8	ram:00003598	FUN_ram_00003598	UNCONDITIONAL_CALL
ram:000047ee	FUN_ram_000047c8@ram:000047c8	ram:000047e2	LAB_ram_000047e2	CONDITIONAL_JUMP
ram:000047f8	FUN_ram_000047c8@ram:000047c8	Stack[-0x10]		DATA
ram:00004802	name_variant_flag@ram:000047fe	ram:200043b7	name_variant_magic	READ
ram:00004810	rgb_led_init@ram:00004810	ram:40001000	DAT_ram_40001000	PARAM
ram:00004814	rgb_led_init@ram:00004810	ram:400010a8	PA_OUT	READ
ram:00004824	rgb_led_init@ram:00004810	ram:400010a8	PA_OUT	WRITE
ram:00004828	rgb_led_init@ram:00004810	ram:400010c8	PB_OUT	READ
ram:00004832	rgb_led_init@ram:00004810	ram:400010c8	PB_OUT	WRITE
ram:00004838	rgb_led_init@ram:00004810	ram:00001000	_start	PARAM
ram:0000483a	rgb_led_init@ram:00004810	ram:00002498	GPIOA_ModeCfg	UNCONDITIONAL_CALL
ram:00004842	rgb_led_init@ram:00004810	ram:0000253e	GPIOB_ModeCfg	UNCONDITIONAL_CALL
ram:00004846	rgb_led_init@ram:00004810	ram:40005000	PWM_CONTROL	PARAM
ram:0000484c	rgb_led_init@ram:00004810	ram:40005003	PWM_CLOCK_DIV	WRITE
ram:00004852	rgb_led_init@ram:00004810	ram:000025fe	PWMX_CycleCfg	UNCONDITIONAL_CALL
ram:0000485e	rgb_led_init@ram:00004810	ram:0000268a	PWMX_ACTOUT	UNCONDITIONAL_CALL
ram:0000486a	rgb_led_init@ram:00004810	ram:0000268a	PWMX_ACTOUT	UNCONDITIONAL_CALL
ram:00004878	rgb_led_init@ram:00004810	ram:0000268a	PWMX_ACTOUT	UNCONDITIONAL_CALL
ram:00004880	rgb_led_init@ram:00004810	ram:000025e4	GPIOPinRemap	UNCONDITIONAL_CALL
ram:0000488a	rgb_led_init@ram:00004810	ram:0000253e	GPIOB_ModeCfg	UNCONDITIONAL_CALL
ram:00004890	rgb_led_init@ram:00004810	ram:0000279c	TMR0_CapInit	UNCONDITIONAL_CALL
ram:0000489c	rgb_led_init@ram:00004810	ram:4000200c	TMR0_CNT_END	WRITE
ram:0000489c	rgb_led_init@ram:00004810	ram:00001770	LAB_ram_00001770	DATA
ram:0000489e	rgb_led_init@ram:00004810	ram:40002002	TMR0_INTER_EN	READ
ram:000048a6	rgb_led_init@ram:00004810	ram:40002002	TMR0_INTER_EN	WRITE
ram:000048ae	rgb_led_init@ram:00004810	ram:e000e410	DAT_ram_e000e410	WRITE
ram:000048b8	rgb_led_init@ram:00004810	ram:e000e100	DAT_ram_e000e100	WRITE
ram:000048c4	pwm_set_channel@ram:000048c2	ram:000048e6	LAB_ram_000048e6	CONDITIONAL_JUMP
ram:000048c6	pwm_set_channel@ram:000048c2	ram:000048d6	LAB_ram_000048d6	CONDITIONAL_JUMP
ram:000048d2	pwm_set_channel@ram:000048c2	ram:0000268a	PWMX_ACTOUT	UNCONDITIONAL_CALL
ram:000048d8	pwm_set_channel@ram:000048c2	ram:000048ca	LAB_ram_000048ca	CONDITIONAL_JUMP
ram:000048e0	pwm_set_channel@ram:000048c2	ram:000048ca	LAB_ram_000048ca	CONDITIONAL_JUMP
ram:000048e6	pwm_set_channel@ram:000048c2	ram:000048f4	LAB_ram_000048f4	CONDITIONAL_JUMP
ram:000048ee	pwm_set_channel@ram:000048c2	ram:40005004	PWM4_7_DATA	WRITE
ram:000048f6	pwm_set_channel@ram:000048c2	ram:00004904	LAB_ram_00004904	CONDITIONAL_JUMP
ram:000048fe	pwm_set_channel@ram:000048c2	ram:40005007	PWM7_DATA	WRITE
ram:00004908	pwm_set_channel@ram:000048c2	ram:000048e4	LAB_ram_000048e4	CONDITIONAL_JUMP
ram:00004910	pwm_set_channel@ram:000048c2	ram:4000500a	PWM10_DATA	WRITE
ram:00004914	pwm_set_channel@ram:000048c2	ram:000048e4	LAB_ram_000048e4	UNCONDITIONAL_JUMP
ram:0000491a	rgb_led_set_grb@ram:00004916	Stack[-0x10]		DATA
ram:0000493c	rgb_led_set_grb@ram:00004916	ram:00008ec0	s_GRB:(%d,%d,%d)_ram_00008ec0	PARAM
ram:00004942	rgb_led_set_grb@ram:00004916	ram:00007968	printf	UNCONDITIONAL_CALL
ram:0000494c	rgb_led_set_grb@ram:00004916	ram:000048c2	pwm_set_channel	UNCONDITIONAL_CALL
ram:00004952	rgb_led_set_grb@ram:00004916	ram:000048c2	pwm_set_channel	UNCONDITIONAL_CALL
ram:0000495c	rgb_led_set_grb@ram:00004916	Stack[-0x10]		DATA
ram:00004962	rgb_led_set_grb@ram:00004916	ram:000048c2	pwm_set_channel	UNCONDITIONAL_CALL
ram:00004970	ws2812_rx_decode@ram:00004964	ram:20002fa4	DAT_ram_20002fa4	READ
ram:0000498e	ws2812_rx_decode@ram:00004964	ram:00004a9a	LAB_ram_00004a9a	CONDITIONAL_JUMP
ram:0000499a	ws2812_rx_decode@ram:00004964	ram:20002fa0	DAT_ram_20002fa0	READ
ram:0000499c	ws2812_rx_decode@ram:00004964	ram:00004a9a	LAB_ram_00004a9a	CONDITIONAL_JUMP
ram:000049dc	ws2812_rx_decode@ram:00004964	ram:200043c0	DAT_ram_200043c0	READ
ram:000049dc	ws2812_rx_decode@ram:00004964	ram:200043c4	DAT_ram_200043c4	READ
ram:000049e2	ws2812_rx_decode@ram:00004964	ram:00004a34	LAB_ram_00004a34	CONDITIONAL_JUMP
ram:000049ea	ws2812_rx_decode@ram:00004964	ram:000049fc	LAB_ram_000049fc	CONDITIONAL_JUMP
ram:000049ec	ws2812_rx_decode@ram:00004964	ram:000049fc	LAB_ram_000049fc	CONDITIONAL_JUMP
ram:000049f2	ws2812_rx_decode@ram:00004964	ram:000049fa	LAB_ram_000049fa	CONDITIONAL_JUMP
ram:000049fc	ws2812_rx_decode@ram:00004964	ram:20002f2c	DAT_ram_20002f2c	READ
ram:00004a00	ws2812_rx_decode@ram:00004964	ram:00004a22	LAB_ram_00004a22	CONDITIONAL_JUMP
ram:00004a04	ws2812_rx_decode@ram:00004964	ram:20002fa8	DAT_ram_20002fa8	READ
ram:00004a16	ws2812_rx_decode@ram:00004964	ram:20002fa8	DAT_ram_20002fa8	WRITE
ram:00004a1a	ws2812_rx_decode@ram:00004964	ram:000079ac	putchar	UNCONDITIONAL_CALL
ram:00004a26	ws2812_rx_decode@ram:00004964	ram:00008e9c	s_%d,%d,%d,%d_ram_00008e9c	PARAM
ram:00004a2c	ws2812_rx_decode@ram:00004964	ram:20002f2c	DAT_ram_20002f2c	WRITE
ram:00004a30	ws2812_rx_decode@ram:00004964	ram:00007968	printf	UNCONDITIONAL_CALL
ram:00004a34	ws2812_rx_decode@ram:00004964	ram:20002fa4	DAT_ram_20002fa4	READ
ram:00004a3c	ws2812_rx_decode@ram:00004964	ram:000049d6	LAB_ram_000049d6	CONDITIONAL_JUMP
ram:00004a48	ws2812_rx_decode@ram:00004964	ram:20002fa8	DAT_ram_20002fa8	READ
ram:00004a4e	ws2812_rx_decode@ram:00004964	ram:20002fac	DAT_ram_20002fac	PARAM
ram:00004a52	ws2812_rx_decode@ram:00004964	ram:20002fac	DAT_ram_20002fac	READ
ram:00004a58	ws2812_rx_decode@ram:00004964	ram:00008eac	s_------------%d,%d_ram_00008eac	PARAM
ram:00004a5c	ws2812_rx_decode@ram:00004964	ram:00007968	printf	UNCONDITIONAL_CALL
ram:00004a64	ws2812_rx_decode@ram:00004964	ram:20002fa8	DAT_ram_20002fa8	WRITE
ram:00004a8a	ws2812_rx_decode@ram:00004964	ram:20002f2c	DAT_ram_20002f2c	WRITE
ram:00004a92	ws2812_rx_decode@ram:00004964	ram:20002fa4	DAT_ram_20002fa4	WRITE
ram:00004a98	ws2812_rx_decode@ram:00004964	ram:00004916	rgb_led_set_grb	UNCONDITIONAL_CALL
ram:00004ac0	update_prep_countdown@ram:00004ab8	ram:20002fb8	DAT_ram_20002fb8	READ
ram:00004ac2	update_prep_countdown@ram:00004ab8	ram:00004b08	LAB_ram_00004b08	CONDITIONAL_JUMP
ram:00004ac8	update_prep_countdown@ram:00004ab8	ram:20002fb6	DAT_ram_20002fb6	READ
ram:00004acc	update_prep_countdown@ram:00004ab8	ram:00004af8	LAB_ram_00004af8	CONDITIONAL_JUMP
ram:00004ad4	update_prep_countdown@ram:00004ab8	ram:20002fb6	DAT_ram_20002fb6	WRITE
ram:00004ada	update_prep_countdown@ram:00004ab8	ram:00004b0a	LAB_ram_00004b0a	CONDITIONAL_JUMP
ram:00004ae2	update_prep_countdown@ram:00004ab8	ram:0000566a	usb_disable	UNCONDITIONAL_CALL
ram:00004ae6	update_prep_countdown@ram:00004ab8	ram:000074bc	enter_iap	UNCONDITIONAL_CALL
ram:00004af0	update_prep_countdown@ram:00004ab8	ram:20002fb8	DAT_ram_20002fb8	WRITE
ram:00004b02	update_prep_countdown@ram:00004ab8	ram:20002fb6	DAT_ram_20002fb6	WRITE
ram:00004b06	update_prep_countdown@ram:00004ab8	ram:00004ad8	LAB_ram_00004ad8	CONDITIONAL_JUMP
ram:00004b0e	update_prep_countdown@ram:00004ab8	ram:20002fb8	DAT_ram_20002fb8	WRITE
ram:00004b20	periph_init@ram:00004b14	ram:000047c6	FUN_ram_000047c6	UNCONDITIONAL_CALL
ram:00004b22	periph_init@ram:00004b14	ram:00004e18	uart1_init	UNCONDITIONAL_CALL
ram:00004b24	periph_init@ram:00004b14	ram:00004810	rgb_led_init	UNCONDITIONAL_CALL
ram:00004b26	periph_init@ram:00004b14	ram:0000566a	usb_disable	UNCONDITIONAL_CALL
ram:00004b2a	periph_init@ram:00004b14	ram:40002400	TMR1_CONTROL	READ
ram:00004b38	periph_init@ram:00004b14	ram:40002400	TMR1_CONTROL	WRITE
ram:00004b3c	periph_init@ram:00004b14	ram:000027b6	TMR1_TimerInit	UNCONDITIONAL_CALL
ram:00004b40	periph_init@ram:00004b14	ram:40002402	TMR1_INTER_EN	READ
ram:00004b50	periph_init@ram:00004b14	ram:40002402	TMR1_INTER_EN	WRITE
ram:00004b5c	periph_init@ram:00004b14	ram:e000e100	DAT_ram_e000e100	WRITE
ram:00004b60	periph_init@ram:00004b14	ram:40002800	TMR2_CONTROL	READ
ram:00004b6c	periph_init@ram:00004b14	ram:40002800	TMR2_CONTROL	WRITE
ram:00004b70	periph_init@ram:00004b14	ram:000027cc	TMR2_TimerInit	UNCONDITIONAL_CALL
ram:00004b74	periph_init@ram:00004b14	ram:40002802	TMR2_INTER_EN	READ
ram:00004b7c	periph_init@ram:00004b14	ram:40002802	TMR2_INTER_EN	WRITE
ram:00004b88	periph_init@ram:00004b14	ram:e000e100	DAT_ram_e000e100	WRITE
ram:00004b92	periph_init@ram:00004b14	ram:20002fb5	DAT_ram_20002fb5	WRITE
ram:00004ba2	bridge_tick@ram:00004b9c	ram:00004628	bridge_loop	UNCONDITIONAL_CALL
ram:00004ba4	bridge_tick@ram:00004b9c	ram:000042ac	link_state_reporter	UNCONDITIONAL_CALL
ram:00004bae	bridge_tick@ram:00004b9c	ram:00003e1a	usb_in_pump	UNCONDITIONAL_CALL
ram:00004bb6	FUN_ram_00004bb2@ram:00004bb2	ram:00004ab8	update_prep_countdown	UNCONDITIONAL_CALL
ram:00004bbc	periodic_dispatch@ram:00004bb8	ram:00003798	FUN_ram_00003798	UNCONDITIONAL_CALL
ram:00004bc0	periodic_dispatch@ram:00004bb8	ram:00004bc4	LAB_ram_00004bc4	CONDITIONAL_JUMP
ram:00004bc2	periodic_dispatch@ram:00004bb8	ram:00004b9c	bridge_tick	UNCONDITIONAL_CALL
ram:00004bc4	periodic_dispatch@ram:00004bb8	ram:000037b0	FUN_ram_000037b0	UNCONDITIONAL_CALL
ram:00004bc8	periodic_dispatch@ram:00004bb8	ram:00004bcc	LAB_ram_00004bcc	CONDITIONAL_JUMP
ram:00004bca	periodic_dispatch@ram:00004bb8	ram:00004964	ws2812_rx_decode	UNCONDITIONAL_CALL
ram:00004bcc	periodic_dispatch@ram:00004bb8	ram:000037c8	FUN_ram_000037c8	UNCONDITIONAL_CALL
ram:00004bd0	periodic_dispatch@ram:00004bb8	ram:00004bd4	LAB_ram_00004bd4	CONDITIONAL_JUMP
ram:00004bd2	periodic_dispatch@ram:00004bb8	ram:00004bb2	FUN_ram_00004bb2	UNCONDITIONAL_CALL
ram:00004bd4	periodic_dispatch@ram:00004bb8	ram:000037e0	FUN_ram_000037e0	UNCONDITIONAL_CALL
ram:00004bdc	periodic_dispatch@ram:00004bb8	ram:000037f8	FUN_ram_000037f8	UNCONDITIONAL_CALL
ram:00004be8	get_uptime_ms@ram:00004be0	ram:20002fbc	uptime_ms	READ
ram:00004bf4	uart1_frame_decode_byte@ram:00004bec	ram:20004561	DAT_ram_20004561	READ
ram:00004c00	uart1_frame_decode_byte@ram:00004bec	ram:00004c18	LAB_ram_00004c18	CONDITIONAL_JUMP
ram:00004c0e	uart1_frame_decode_byte@ram:00004bec	ram:20004561	DAT_ram_20004561	WRITE
ram:00004c14	uart1_frame_decode_byte@ram:00004bec	ram:00004c50	LAB_ram_00004c50	CONDITIONAL_JUMP
ram:00004c1a	uart1_frame_decode_byte@ram:00004bec	ram:00004c50	LAB_ram_00004c50	CONDITIONAL_JUMP
ram:00004c20	uart1_frame_decode_byte@ram:00004bec	ram:20004561	DAT_ram_20004561	WRITE
ram:00004c2c	uart1_frame_decode_byte@ram:00004bec	ram:20004565	DAT_ram_20004565	WRITE
ram:00004c38	uart1_frame_decode_byte@ram:00004bec	ram:20004564	uart1_rx_frame	WRITE
ram:00004c40	uart1_frame_decode_byte@ram:00004bec	ram:2000466c	DAT_ram_2000466c	WRITE
ram:00004c4a	uart1_frame_decode_byte@ram:00004bec	ram:20004668	DAT_ram_20004668	WRITE
ram:00004c50	uart1_frame_decode_byte@ram:00004bec	ram:20004668	DAT_ram_20004668	READ
ram:00004c56	uart1_frame_decode_byte@ram:00004bec	ram:00004c6e	caseD_2	CONDITIONAL_JUMP
ram:00004c66	uart1_frame_decode_byte@ram:00004bec	ram:00008eec	switchdataD_ram:00008eec	DATA
ram:00004c6a	uart1_frame_decode_byte@ram:00004bec	ram:00004c76	caseD_0	COMPUTED_JUMP
ram:00004c6a	uart1_frame_decode_byte@ram:00004bec	ram:00004c24	caseD_1	COMPUTED_JUMP
ram:00004c6a	uart1_frame_decode_byte@ram:00004bec	ram:00004c6e	caseD_2	COMPUTED_JUMP
ram:00004c6a	uart1_frame_decode_byte@ram:00004bec	ram:00004c6c	caseD_4	COMPUTED_JUMP
ram:00004c6a	uart1_frame_decode_byte@ram:00004bec	ram:00004c9a	caseD_6	COMPUTED_JUMP
ram:00004c6a	uart1_frame_decode_byte@ram:00004bec	ram:00004cd6	caseD_7	COMPUTED_JUMP
ram:00004c6c	uart1_frame_decode_byte@ram:00004bec	ram:00004c78	LAB_ram_00004c78	CONDITIONAL_JUMP
ram:00004c72	uart1_frame_decode_byte@ram:00004bec	ram:20004668	DAT_ram_20004668	WRITE
ram:00004c7c	uart1_frame_decode_byte@ram:00004bec	ram:20004566	DAT_ram_20004566	WRITE
ram:00004c84	uart1_frame_decode_byte@ram:00004bec	ram:20004562	DAT_ram_20004562	WRITE
ram:00004c88	uart1_frame_decode_byte@ram:00004bec	ram:2000466c	DAT_ram_2000466c	READ
ram:00004c92	uart1_frame_decode_byte@ram:00004bec	ram:2000466c	DAT_ram_2000466c	WRITE
ram:00004c98	uart1_frame_decode_byte@ram:00004bec	ram:00004c46	LAB_ram_00004c46	UNCONDITIONAL_JUMP
ram:00004c9e	uart1_frame_decode_byte@ram:00004bec	ram:20004562	DAT_ram_20004562	READ
ram:00004ca6	uart1_frame_decode_byte@ram:00004bec	ram:2000466c	DAT_ram_2000466c	READ
ram:00004cac	uart1_frame_decode_byte@ram:00004bec	ram:20004568	DAT_ram_20004568	DATA
ram:00004cba	uart1_frame_decode_byte@ram:00004bec	ram:2000466c	DAT_ram_2000466c	WRITE
ram:00004cc2	uart1_frame_decode_byte@ram:00004bec	ram:20004562	DAT_ram_20004562	WRITE
ram:00004cca	uart1_frame_decode_byte@ram:00004bec	ram:20004566	DAT_ram_20004566	READ
ram:00004cce	uart1_frame_decode_byte@ram:00004bec	ram:00004c76	caseD_0	CONDITIONAL_JUMP
ram:00004cd4	uart1_frame_decode_byte@ram:00004bec	ram:00004c46	LAB_ram_00004c46	UNCONDITIONAL_JUMP
ram:00004cda	uart1_frame_decode_byte@ram:00004bec	ram:2000466c	DAT_ram_2000466c	READ
ram:00004cde	uart1_frame_decode_byte@ram:00004bec	ram:00004c6e	caseD_2	CONDITIONAL_JUMP
ram:00004ce8	uart1_frame_decode_byte@ram:00004bec	ram:20004560	DAT_ram_20004560	WRITE
ram:00004cec	uart1_frame_decode_byte@ram:00004bec	ram:00004c6e	caseD_2	UNCONDITIONAL_JUMP
ram:00004cf4	uart1_rx_route@ram:00004cee	Stack[-0x10]		DATA
ram:00004cfc	uart1_rx_route@ram:00004cee	ram:20004770	DAT_ram_20004770	READ
ram:00004d0e	uart1_rx_route@ram:00004cee	ram:00004d5e	LAB_ram_00004d5e	CONDITIONAL_JUMP
ram:00004d16	uart1_rx_route@ram:00004cee	ram:20004560	DAT_ram_20004560	READ
ram:00004d1a	uart1_rx_route@ram:00004cee	ram:00004d52	LAB_ram_00004d52	CONDITIONAL_JUMP
ram:00004d20	uart1_rx_route@ram:00004cee	ram:20004560	DAT_ram_20004560	WRITE
ram:00004d28	uart1_rx_route@ram:00004cee	ram:20004565	DAT_ram_20004565	READ
ram:00004d2e	uart1_rx_route@ram:00004cee	ram:00004d6c	LAB_ram_00004d6c	CONDITIONAL_JUMP
ram:00004d34	uart1_rx_route@ram:00004cee	ram:00003862	slot_rx_frame_ptr	UNCONDITIONAL_CALL
ram:00004d40	uart1_rx_route@ram:00004cee	ram:20004564	uart1_rx_frame	PARAM
ram:00004d44	uart1_rx_route@ram:00004cee	ram:000078b2	memcpy	UNCONDITIONAL_CALL
ram:00004d4e	uart1_rx_route@ram:00004cee	ram:20002f8c	DAT_ram_20002f8c	WRITE
ram:00004d58	uart1_rx_route@ram:00004cee	Stack[-0x10]		DATA
ram:00004d5e	uart1_rx_route@ram:00004cee	ram:20004670	DAT_ram_20004670	PARAM
ram:00004d62	uart1_rx_route@ram:00004cee	ram:20004670	DAT_ram_20004670	READ
ram:00004d68	uart1_rx_route@ram:00004cee	ram:00004bec	uart1_frame_decode_byte	UNCONDITIONAL_CALL
ram:00004d6a	uart1_rx_route@ram:00004cee	ram:00004d0a	LAB_ram_00004d0a	UNCONDITIONAL_JUMP
ram:00004d6e	uart1_rx_route@ram:00004cee	ram:00004d92	LAB_ram_00004d92	CONDITIONAL_JUMP
ram:00004d74	uart1_rx_route@ram:00004cee	ram:00003862	slot_rx_frame_ptr	UNCONDITIONAL_CALL
ram:00004d80	uart1_rx_route@ram:00004cee	ram:20004564	uart1_rx_frame	PARAM
ram:00004d84	uart1_rx_route@ram:00004cee	ram:000078b2	memcpy	UNCONDITIONAL_CALL
ram:00004d8c	uart1_rx_route@ram:00004cee	ram:20002f8d	DAT_ram_20002f8d	WRITE
ram:00004d90	uart1_rx_route@ram:00004cee	ram:00004d52	LAB_ram_00004d52	UNCONDITIONAL_JUMP
ram:00004d94	uart1_rx_route@ram:00004cee	ram:00004db8	LAB_ram_00004db8	CONDITIONAL_JUMP
ram:00004d9a	uart1_rx_route@ram:00004cee	ram:00003862	slot_rx_frame_ptr	UNCONDITIONAL_CALL
ram:00004da6	uart1_rx_route@ram:00004cee	ram:20004564	uart1_rx_frame	PARAM
ram:00004daa	uart1_rx_route@ram:00004cee	ram:000078b2	memcpy	UNCONDITIONAL_CALL
ram:00004db2	uart1_rx_route@ram:00004cee	ram:20002f8e	DAT_ram_20002f8e	WRITE
ram:00004db6	uart1_rx_route@ram:00004cee	ram:00004d52	LAB_ram_00004d52	UNCONDITIONAL_JUMP
ram:00004dba	uart1_rx_route@ram:00004cee	ram:00003862	slot_rx_frame_ptr	UNCONDITIONAL_CALL
ram:00004dc6	uart1_rx_route@ram:00004cee	ram:20004564	uart1_rx_frame	PARAM
ram:00004dca	uart1_rx_route@ram:00004cee	ram:000078b2	memcpy	UNCONDITIONAL_CALL
ram:00004dd2	uart1_rx_route@ram:00004cee	ram:20002f8f	DAT_ram_20002f8f	WRITE
ram:00004dd6	uart1_rx_route@ram:00004cee	ram:00004d52	LAB_ram_00004d52	UNCONDITIONAL_JUMP
ram:00004dd8	uart1_send@ram:00004dd8	ram:00002914	uart1_send	UNCONDITIONAL_JUMP
ram:00004de6	uart1_init@ram:00004ddc	ram:00002498	GPIOA_ModeCfg	UNCONDITIONAL_CALL
ram:00004df0	uart1_init@ram:00004ddc	ram:00002498	GPIOA_ModeCfg	UNCONDITIONAL_CALL
ram:00004df4	uart1_init@ram:00004ddc	ram:0000289e	uart1_init_115200	UNCONDITIONAL_CALL
ram:00004dfa	uart1_init@ram:00004ddc	ram:000028d0	FUN_ram_000028d0	UNCONDITIONAL_CALL
ram:00004e02	uart1_init@ram:00004ddc	ram:000028ea	FUN_ram_000028ea	UNCONDITIONAL_CALL
ram:00004e10	uart1_init@ram:00004ddc	ram:e000e100	DAT_ram_e000e100	WRITE
ram:00004e18	uart1_init@ram:00004e18	ram:00004ddc	uart1_init	UNCONDITIONAL_JUMP
ram:00004e24	debug_hexdump@ram:00004e1a	ram:00008f0c	s_Data-%x:_ram_00008f0c	PARAM
ram:00004e32	debug_hexdump@ram:00004e1a	ram:00007968	printf	UNCONDITIONAL_CALL
ram:00004e46	debug_hexdump@ram:00004e1a	ram:00004e80	LAB_ram_00004e80	CONDITIONAL_JUMP
ram:00004e52	debug_hexdump@ram:00004e1a	ram:00004e66	LAB_ram_00004e66	CONDITIONAL_JUMP
ram:00004e62	debug_hexdump@ram:00004e1a	ram:000079ac	putchar	UNCONDITIONAL_CALL
ram:00004e6a	debug_hexdump@ram:00004e1a	ram:00008f18	DAT_ram_00008f18	PARAM
ram:00004e6e	debug_hexdump@ram:00004e1a	ram:00007968	printf	UNCONDITIONAL_CALL
ram:00004e72	debug_hexdump@ram:00004e1a	ram:00004e52	LAB_ram_00004e52	UNCONDITIONAL_JUMP
ram:00004e78	debug_hexdump@ram:00004e1a	ram:00008f1c	DAT_ram_00008f1c	PARAM
ram:00004e7c	debug_hexdump@ram:00004e1a	ram:00007968	printf	UNCONDITIONAL_CALL
ram:00004e80	debug_hexdump@ram:00004e1a	ram:00004e74	LAB_ram_00004e74	CONDITIONAL_JUMP
ram:00004e84	debug_hexdump@ram:00004e1a	ram:00004e56	LAB_ram_00004e56	UNCONDITIONAL_JUMP
ram:00004e8c	usb_ep1_out_handler@ram:00004e86	ram:20002f54	DAT_ram_20002f54	PARAM
ram:00004e92	usb_ep1_out_handler@ram:00004e86	ram:20002f54	DAT_ram_20002f54	READ
ram:00004e9e	usb_ep1_out_handler@ram:00004e86	ram:00004ebc	LAB_ram_00004ebc	CONDITIONAL_JUMP
ram:00004eb2	usb_ep1_out_handler@ram:00004e86	ram:20002f90	DAT_ram_20002f90	WRITE
ram:00004eb2	usb_ep1_out_handler@ram:00004e86	ram:00004eca	usb_ep1_in_send	DATA
ram:00004ec4	usb_ep1_out_handler@ram:00004e86	ram:0000384e	decoder_feed_slot	UNCONDITIONAL_CALL
ram:00004ec8	usb_ep1_out_handler@ram:00004e86	ram:00004e9e	LAB_ram_00004e9e	UNCONDITIONAL_JUMP
ram:00004ed8	usb_ep1_in_send@ram:00004eca	ram:20002f54	DAT_ram_20002f54	READ
ram:00004ef0	usb_ep1_in_send@ram:00004eca	ram:00001d1a	memset	UNCONDITIONAL_CALL
ram:00004ef6	usb_ep1_in_send@ram:00004eca	ram:00004f24	LAB_ram_00004f24	CONDITIONAL_JUMP
ram:00004efa	usb_ep1_in_send@ram:00004eca	ram:20002f54	DAT_ram_20002f54	READ
ram:00004f0a	usb_ep1_in_send@ram:00004eca	ram:00002a5e	usb_ep1_in_arm	UNCONDITIONAL_CALL
ram:00004f16	usb_ep1_in_send@ram:00004eca	ram:20003a49	usb_in_idle	WRITE
ram:00004f3a	usb_ep1_in_send@ram:00004eca	ram:00004ef6	LAB_ram_00004ef6	UNCONDITIONAL_JUMP
ram:00004f42	usb_ep2_echo@ram:00004f3c	ram:20002f58	DAT_ram_20002f58	PARAM
ram:00004f4a	usb_ep2_echo@ram:00004f3c	ram:00004f52	LAB_ram_00004f52	CONDITIONAL_JUMP
ram:00004f4e	usb_ep2_echo@ram:00004f3c	ram:00002a74	FUN_ram_00002a74	UNCONDITIONAL_CALL
ram:00004f52	usb_ep2_echo@ram:00004f3c	ram:20002f58	DAT_ram_20002f58	READ
ram:00004f64	usb_ep2_echo@ram:00004f3c	ram:00004f46	LAB_ram_00004f46	UNCONDITIONAL_JUMP
ram:00004f6c	usb_ep3_echo@ram:00004f66	ram:20002f5c	DAT_ram_20002f5c	PARAM
ram:00004f74	usb_ep3_echo@ram:00004f66	ram:00004f7c	LAB_ram_00004f7c	CONDITIONAL_JUMP
ram:00004f78	usb_ep3_echo@ram:00004f66	ram:00002a8a	FUN_ram_00002a8a	UNCONDITIONAL_CALL
ram:00004f7c	usb_ep3_echo@ram:00004f66	ram:20002f5c	DAT_ram_20002f5c	READ
ram:00004f8e	usb_ep3_echo@ram:00004f66	ram:00004f70	LAB_ram_00004f70	UNCONDITIONAL_JUMP
ram:00004f96	usb_ep4_echo@ram:00004f90	ram:20002f50	DAT_ram_20002f50	PARAM
ram:00004f9e	usb_ep4_echo@ram:00004f90	ram:00004fa6	LAB_ram_00004fa6	CONDITIONAL_JUMP
ram:00004fa2	usb_ep4_echo@ram:00004f90	ram:00002aa0	FUN_ram_00002aa0	UNCONDITIONAL_CALL
ram:00004fa6	usb_ep4_echo@ram:00004f90	ram:20002f50	DAT_ram_20002f50	READ
ram:00004fb8	usb_ep4_echo@ram:00004f90	ram:00004f9a	LAB_ram_00004f9a	UNCONDITIONAL_JUMP
ram:00004fc8	usb_irq_handler@ram:00004fba	ram:40008000	USB_CONTROL	PARAM
ram:00004fcc	usb_irq_handler@ram:00004fba	ram:40008006	USB_INT_FG	READ
ram:00004fd8	usb_irq_handler@ram:00004fba	ram:00005492	LAB_ram_00005492	CONDITIONAL_JUMP
ram:00004fdc	usb_irq_handler@ram:00004fba	ram:40008007	USB_INT_ST	READ
ram:00004fe8	usb_irq_handler@ram:00004fba	ram:0000501e	LAB_ram_0000501e	CONDITIONAL_JUMP
ram:00004fec	usb_irq_handler@ram:00004fba	ram:40008007	USB_INT_ST	READ
ram:00004ff6	usb_irq_handler@ram:00004fba	ram:000051f4	LAB_ram_000051f4	CONDITIONAL_JUMP
ram:00004ffa	usb_irq_handler@ram:00004fba	ram:00005084	LAB_ram_00005084	CONDITIONAL_JUMP
ram:00005000	usb_irq_handler@ram:00004fba	ram:00005194	LAB_ram_00005194	CONDITIONAL_JUMP
ram:00005004	usb_irq_handler@ram:00004fba	ram:0000518e	LAB_ram_0000518e	CONDITIONAL_JUMP
ram:0000500a	usb_irq_handler@ram:00004fba	ram:000051a8	LAB_ram_000051a8	CONDITIONAL_JUMP
ram:00005010	usb_irq_handler@ram:00004fba	ram:000051ce	LAB_ram_000051ce	CONDITIONAL_JUMP
ram:0000501a	usb_irq_handler@ram:00004fba	ram:40008006	USB_INT_FG	WRITE
ram:00005022	usb_irq_handler@ram:00004fba	ram:40008007	USB_INT_ST	READ
ram:0000502a	usb_irq_handler@ram:00004fba	ram:000052ec	LAB_ram_000052ec	CONDITIONAL_JUMP
ram:00005032	usb_irq_handler@ram:00004fba	ram:40008022	UEP0_CTRL	WRITE
ram:0000503e	usb_irq_handler@ram:00004fba	ram:20002f50	DAT_ram_20002f50	READ
ram:00005050	usb_irq_handler@ram:00004fba	ram:20002fc2	DAT_ram_20002fc2	WRITE
ram:0000505c	usb_irq_handler@ram:00004fba	ram:20002fc1	DAT_ram_20002fc1	WRITE
ram:00005068	usb_irq_handler@ram:00004fba	ram:000052d6	caseD_2	CONDITIONAL_JUMP
ram:0000506e	usb_irq_handler@ram:00004fba	ram:000052d6	caseD_2	CONDITIONAL_JUMP
ram:0000507e	usb_irq_handler@ram:00004fba	ram:00008f20	switchdataD_ram:00008f20	DATA
ram:00005082	usb_irq_handler@ram:00004fba	ram:00005478	caseD_0	COMPUTED_JUMP
ram:00005082	usb_irq_handler@ram:00004fba	ram:000053fe	caseD_1	COMPUTED_JUMP
ram:00005082	usb_irq_handler@ram:00004fba	ram:000052d6	caseD_2	COMPUTED_JUMP
ram:00005082	usb_irq_handler@ram:00004fba	ram:00005384	caseD_5	COMPUTED_JUMP
ram:00005082	usb_irq_handler@ram:00004fba	ram:00005214	caseD_6	COMPUTED_JUMP
ram:00005082	usb_irq_handler@ram:00004fba	ram:00005392	caseD_8	COMPUTED_JUMP
ram:00005082	usb_irq_handler@ram:00004fba	ram:000053b0	caseD_9	COMPUTED_JUMP
ram:00005082	usb_irq_handler@ram:00004fba	ram:00005472	caseD_a	COMPUTED_JUMP
ram:00005088	usb_irq_handler@ram:00004fba	ram:000051bc	LAB_ram_000051bc	CONDITIONAL_JUMP
ram:0000508c	usb_irq_handler@ram:00004fba	ram:000050bc	LAB_ram_000050bc	CONDITIONAL_JUMP
ram:00005094	usb_irq_handler@ram:00004fba	ram:000050ea	LAB_ram_000050ea	CONDITIONAL_JUMP
ram:0000509c	usb_irq_handler@ram:00004fba	ram:00005014	LAB_ram_00005014	CONDITIONAL_JUMP
ram:000050a0	usb_irq_handler@ram:00004fba	ram:40008026	UEP1_CTRL	READ
ram:000050ac	usb_irq_handler@ram:00004fba	ram:40008026	UEP1_CTRL	WRITE
ram:000050b6	usb_irq_handler@ram:00004fba	ram:20003a49	usb_in_idle	WRITE
ram:000050ba	usb_irq_handler@ram:00004fba	ram:00005014	LAB_ram_00005014	UNCONDITIONAL_JUMP
ram:000050c0	usb_irq_handler@ram:00004fba	ram:000051e2	LAB_ram_000051e2	CONDITIONAL_JUMP
ram:000050c8	usb_irq_handler@ram:00004fba	ram:00005014	LAB_ram_00005014	CONDITIONAL_JUMP
ram:000050cc	usb_irq_handler@ram:00004fba	ram:40008032	UEP4_CTRL	READ
ram:000050d4	usb_irq_handler@ram:00004fba	ram:40008032	UEP4_CTRL	WRITE
ram:000050d8	usb_irq_handler@ram:00004fba	ram:40008032	UEP4_CTRL	READ
ram:000050e4	usb_irq_handler@ram:00004fba	ram:40008032	UEP4_CTRL	WRITE
ram:000050e8	usb_irq_handler@ram:00004fba	ram:00005014	LAB_ram_00005014	UNCONDITIONAL_JUMP
ram:000050ee	usb_irq_handler@ram:00004fba	ram:20002fc1	DAT_ram_20002fc1	READ
ram:000050f4	usb_irq_handler@ram:00004fba	ram:0000516e	LAB_ram_0000516e	CONDITIONAL_JUMP
ram:000050fa	usb_irq_handler@ram:00004fba	ram:00005188	LAB_ram_00005188	CONDITIONAL_JUMP
ram:00005106	usb_irq_handler@ram:00004fba	ram:20002fc2	DAT_ram_20002fc2	READ
ram:00005110	usb_irq_handler@ram:00004fba	ram:00005118	LAB_ram_00005118	CONDITIONAL_JUMP
ram:0000511c	usb_irq_handler@ram:00004fba	ram:20002f50	DAT_ram_20002f50	PARAM
ram:00005128	usb_irq_handler@ram:00004fba	ram:20002f50	DAT_ram_20002f50	READ
ram:0000512c	usb_irq_handler@ram:00004fba	ram:20002fc4	DAT_ram_20002fc4	READ
ram:00005134	usb_irq_handler@ram:00004fba	ram:000078b2	memcpy	UNCONDITIONAL_CALL
ram:00005138	usb_irq_handler@ram:00004fba	ram:20002fc2	DAT_ram_20002fc2	READ
ram:00005146	usb_irq_handler@ram:00004fba	ram:20002fc2	DAT_ram_20002fc2	WRITE
ram:0000514a	usb_irq_handler@ram:00004fba	ram:20002fc4	DAT_ram_20002fc4	READ
ram:00005154	usb_irq_handler@ram:00004fba	ram:20002fc4	DAT_ram_20002fc4	WRITE
ram:0000515c	usb_irq_handler@ram:00004fba	ram:40008020	USB_EP0_CTRL	WRITE
ram:00005160	usb_irq_handler@ram:00004fba	ram:40008022	UEP0_CTRL	READ
ram:00005168	usb_irq_handler@ram:00004fba	ram:40008022	UEP0_CTRL	WRITE
ram:0000516c	usb_irq_handler@ram:00004fba	ram:00005014	LAB_ram_00005014	UNCONDITIONAL_JUMP
ram:0000516e	usb_irq_handler@ram:00004fba	ram:40008003	USB_DEV_AD	READ
ram:00005176	usb_irq_handler@ram:00004fba	ram:20002fc2	DAT_ram_20002fc2	READ
ram:00005180	usb_irq_handler@ram:00004fba	ram:40008003	USB_DEV_AD	WRITE
ram:00005186	usb_irq_handler@ram:00004fba	ram:00005168	LAB_ram_00005168	UNCONDITIONAL_JUMP
ram:00005188	usb_irq_handler@ram:00004fba	ram:40008020	USB_EP0_CTRL	WRITE
ram:0000518c	usb_irq_handler@ram:00004fba	ram:00005184	LAB_ram_00005184	UNCONDITIONAL_JUMP
ram:0000518e	usb_irq_handler@ram:00004fba	ram:40008008	USB_RX_LEN	READ
ram:00005192	usb_irq_handler@ram:00004fba	ram:00005014	LAB_ram_00005014	UNCONDITIONAL_JUMP
ram:00005194	usb_irq_handler@ram:00004fba	ram:40008007	USB_INT_ST	READ
ram:0000519c	usb_irq_handler@ram:00004fba	ram:00005014	LAB_ram_00005014	CONDITIONAL_JUMP
ram:000051a0	usb_irq_handler@ram:00004fba	ram:40008008	USB_RX_LEN	READ
ram:000051a4	usb_irq_handler@ram:00004fba	ram:00004e86	usb_ep1_out_handler	UNCONDITIONAL_CALL
ram:000051a6	usb_irq_handler@ram:00004fba	ram:00005014	LAB_ram_00005014	UNCONDITIONAL_JUMP
ram:000051a8	usb_irq_handler@ram:00004fba	ram:40008007	USB_INT_ST	READ
ram:000051b0	usb_irq_handler@ram:00004fba	ram:00005014	LAB_ram_00005014	CONDITIONAL_JUMP
ram:000051b4	usb_irq_handler@ram:00004fba	ram:40008008	USB_RX_LEN	READ
ram:000051b8	usb_irq_handler@ram:00004fba	ram:00004f3c	usb_ep2_echo	UNCONDITIONAL_CALL
ram:000051ba	usb_irq_handler@ram:00004fba	ram:00005014	LAB_ram_00005014	UNCONDITIONAL_JUMP
ram:000051bc	usb_irq_handler@ram:00004fba	ram:4000802a	UEP2_CTRL	READ
ram:000051c8	usb_irq_handler@ram:00004fba	ram:4000802a	UEP2_CTRL	WRITE
ram:000051cc	usb_irq_handler@ram:00004fba	ram:00005014	LAB_ram_00005014	UNCONDITIONAL_JUMP
ram:000051ce	usb_irq_handler@ram:00004fba	ram:40008007	USB_INT_ST	READ
ram:000051d6	usb_irq_handler@ram:00004fba	ram:00005014	LAB_ram_00005014	CONDITIONAL_JUMP
ram:000051da	usb_irq_handler@ram:00004fba	ram:40008008	USB_RX_LEN	READ
ram:000051de	usb_irq_handler@ram:00004fba	ram:00004f66	usb_ep3_echo	UNCONDITIONAL_CALL
ram:000051e0	usb_irq_handler@ram:00004fba	ram:00005014	LAB_ram_00005014	UNCONDITIONAL_JUMP
ram:000051e2	usb_irq_handler@ram:00004fba	ram:4000802e	UEP3_CTRL	READ
ram:000051ee	usb_irq_handler@ram:00004fba	ram:4000802e	UEP3_CTRL	WRITE
ram:000051f2	usb_irq_handler@ram:00004fba	ram:00005014	LAB_ram_00005014	UNCONDITIONAL_JUMP
ram:000051f4	usb_irq_handler@ram:00004fba	ram:40008007	USB_INT_ST	READ
ram:000051fc	usb_irq_handler@ram:00004fba	ram:00005014	LAB_ram_00005014	CONDITIONAL_JUMP
ram:00005200	usb_irq_handler@ram:00004fba	ram:40008032	UEP4_CTRL	READ
ram:00005208	usb_irq_handler@ram:00004fba	ram:40008032	UEP4_CTRL	WRITE
ram:0000520c	usb_irq_handler@ram:00004fba	ram:40008008	USB_RX_LEN	READ
ram:00005210	usb_irq_handler@ram:00004fba	ram:00004f90	usb_ep4_echo	UNCONDITIONAL_CALL
ram:00005212	usb_irq_handler@ram:00004fba	ram:00005014	LAB_ram_00005014	UNCONDITIONAL_JUMP
ram:00005226	usb_irq_handler@ram:00004fba	ram:0000530c	LAB_ram_0000530c	CONDITIONAL_JUMP
ram:0000522a	usb_irq_handler@ram:00004fba	ram:0000523c	LAB_ram_0000523c	CONDITIONAL_JUMP
ram:00005230	usb_irq_handler@ram:00004fba	ram:0000526a	LAB_ram_0000526a	CONDITIONAL_JUMP
ram:0000523a	usb_irq_handler@ram:00004fba	ram:0000527e	LAB_ram_0000527e	UNCONDITIONAL_JUMP
ram:0000523e	usb_irq_handler@ram:00004fba	ram:00005324	LAB_ram_00005324	CONDITIONAL_JUMP
ram:00005246	usb_irq_handler@ram:00004fba	ram:00005234	LAB_ram_00005234	CONDITIONAL_JUMP
ram:0000524e	usb_irq_handler@ram:00004fba	ram:0000537c	LAB_ram_0000537c	CONDITIONAL_JUMP
ram:0000525e	usb_irq_handler@ram:00004fba	ram:20002fc4	DAT_ram_20002fc4	WRITE
ram:0000525e	usb_irq_handler@ram:00004fba	ram:00008f4c	usb_hid_report_desc	DATA
ram:00005268	usb_irq_handler@ram:00004fba	ram:0000527e	LAB_ram_0000527e	UNCONDITIONAL_JUMP
ram:00005276	usb_irq_handler@ram:00004fba	ram:20002fc4	DAT_ram_20002fc4	WRITE
ram:00005276	usb_irq_handler@ram:00004fba	ram:00008f9c	usb_device_desc	DATA
ram:00005282	usb_irq_handler@ram:00004fba	ram:0000528e	LAB_ram_0000528e	CONDITIONAL_JUMP
ram:00005286	usb_irq_handler@ram:00004fba	ram:20003286	DAT_ram_20003286	PARAM
ram:0000528a	usb_irq_handler@ram:00004fba	ram:20002fc2	DAT_ram_20002fc2	WRITE
ram:00005296	usb_irq_handler@ram:00004fba	ram:20002fc2	DAT_ram_20002fc2	READ
ram:0000529e	usb_irq_handler@ram:00004fba	ram:000052a6	LAB_ram_000052a6	CONDITIONAL_JUMP
ram:000052b2	usb_irq_handler@ram:00004fba	ram:20002fc4	DAT_ram_20002fc4	READ
ram:000052bc	usb_irq_handler@ram:00004fba	ram:000078b2	memcpy	UNCONDITIONAL_CALL
ram:000052c0	usb_irq_handler@ram:00004fba	ram:20002fc4	DAT_ram_20002fc4	READ
ram:000052ca	usb_irq_handler@ram:00004fba	ram:20002fc4	DAT_ram_20002fc4	WRITE
ram:000052d2	usb_irq_handler@ram:00004fba	ram:000053bc	LAB_ram_000053bc	CONDITIONAL_JUMP
ram:000052de	usb_irq_handler@ram:00004fba	ram:40008022	UEP0_CTRL	WRITE
ram:000052e8	usb_irq_handler@ram:00004fba	ram:40008006	USB_INT_FG	WRITE
ram:000052f0	usb_irq_handler@ram:00004fba	ram:000052fc	LAB_ram_000052fc	CONDITIONAL_JUMP
ram:000052f8	usb_irq_handler@ram:00004fba	ram:20003a49	usb_in_idle	WRITE
ram:00005318	usb_irq_handler@ram:00004fba	ram:20002fc4	DAT_ram_20002fc4	WRITE
ram:00005318	usb_irq_handler@ram:00004fba	ram:00008f70	usb_config_desc	DATA
ram:00005322	usb_irq_handler@ram:00004fba	ram:0000527e	LAB_ram_0000527e	UNCONDITIONAL_JUMP
ram:0000532a	usb_irq_handler@ram:00004fba	ram:00005350	LAB_ram_00005350	CONDITIONAL_JUMP
ram:0000532e	usb_irq_handler@ram:00004fba	ram:00005366	LAB_ram_00005366	CONDITIONAL_JUMP
ram:00005330	usb_irq_handler@ram:00004fba	ram:00005234	LAB_ram_00005234	CONDITIONAL_JUMP
ram:00005340	usb_irq_handler@ram:00004fba	ram:20002fc4	DAT_ram_20002fc4	WRITE
ram:00005340	usb_irq_handler@ram:00004fba	ram:20002e44	usb_string2_product	DATA
ram:0000534a	usb_irq_handler@ram:00004fba	ram:20002e44	usb_string2_product	READ
ram:0000534e	usb_irq_handler@ram:00004fba	ram:0000527e	LAB_ram_0000527e	UNCONDITIONAL_JUMP
ram:0000535c	usb_irq_handler@ram:00004fba	ram:20002fc4	DAT_ram_20002fc4	WRITE
ram:0000535c	usb_irq_handler@ram:00004fba	ram:00008fb0	usb_string1_manufacturer	DATA
ram:00005364	usb_irq_handler@ram:00004fba	ram:0000527e	LAB_ram_0000527e	UNCONDITIONAL_JUMP
ram:00005372	usb_irq_handler@ram:00004fba	ram:20002fc4	DAT_ram_20002fc4	WRITE
ram:00005372	usb_irq_handler@ram:00004fba	ram:00009304	usb_string0_langid	DATA
ram:0000537a	usb_irq_handler@ram:00004fba	ram:0000527e	LAB_ram_0000527e	UNCONDITIONAL_JUMP
ram:00005382	usb_irq_handler@ram:00004fba	ram:0000527e	LAB_ram_0000527e	UNCONDITIONAL_JUMP
ram:0000538c	usb_irq_handler@ram:00004fba	ram:20002fc2	DAT_ram_20002fc2	WRITE
ram:00005390	usb_irq_handler@ram:00004fba	ram:000053bc	LAB_ram_000053bc	UNCONDITIONAL_JUMP
ram:00005396	usb_irq_handler@ram:00004fba	ram:20002fc0	DAT_ram_20002fc0	READ
ram:000053a2	usb_irq_handler@ram:00004fba	ram:20002fc2	DAT_ram_20002fc2	READ
ram:000053a8	usb_irq_handler@ram:00004fba	ram:000053bc	LAB_ram_000053bc	CONDITIONAL_JUMP
ram:000053ae	usb_irq_handler@ram:00004fba	ram:00005388	LAB_ram_00005388	UNCONDITIONAL_JUMP
ram:000053b8	usb_irq_handler@ram:00004fba	ram:20002fc0	DAT_ram_20002fc0	WRITE
ram:000053c4	usb_irq_handler@ram:00004fba	ram:000053f0	LAB_ram_000053f0	CONDITIONAL_JUMP
ram:000053cc	usb_irq_handler@ram:00004fba	ram:20002fc2	DAT_ram_20002fc2	READ
ram:000053d6	usb_irq_handler@ram:00004fba	ram:000053de	LAB_ram_000053de	CONDITIONAL_JUMP
ram:000053ec	usb_irq_handler@ram:00004fba	ram:20002fc2	DAT_ram_20002fc2	WRITE
ram:000053f4	usb_irq_handler@ram:00004fba	ram:40008020	USB_EP0_CTRL	WRITE
ram:000053fc	usb_irq_handler@ram:00004fba	ram:000052de	LAB_ram_000052de	UNCONDITIONAL_JUMP
ram:00005404	usb_irq_handler@ram:00004fba	ram:000052d6	caseD_2	CONDITIONAL_JUMP
ram:0000540c	usb_irq_handler@ram:00004fba	ram:0000544e	LAB_ram_0000544e	CONDITIONAL_JUMP
ram:00005410	usb_irq_handler@ram:00004fba	ram:00005428	LAB_ram_00005428	CONDITIONAL_JUMP
ram:00005416	usb_irq_handler@ram:00004fba	ram:000052d6	caseD_2	CONDITIONAL_JUMP
ram:0000541e	usb_irq_handler@ram:00004fba	ram:40008026	UEP1_CTRL	READ
ram:00005426	usb_irq_handler@ram:00004fba	ram:0000546c	LAB_ram_0000546c	UNCONDITIONAL_JUMP
ram:0000542c	usb_irq_handler@ram:00004fba	ram:0000545c	LAB_ram_0000545c	CONDITIONAL_JUMP
ram:00005434	usb_irq_handler@ram:00004fba	ram:000052d6	caseD_2	CONDITIONAL_JUMP
ram:0000543c	usb_irq_handler@ram:00004fba	ram:4000802a	UEP2_CTRL	READ
ram:00005448	usb_irq_handler@ram:00004fba	ram:4000802a	UEP2_CTRL	WRITE
ram:0000544c	usb_irq_handler@ram:00004fba	ram:000053bc	LAB_ram_000053bc	UNCONDITIONAL_JUMP
ram:00005452	usb_irq_handler@ram:00004fba	ram:4000802a	UEP2_CTRL	READ
ram:0000545a	usb_irq_handler@ram:00004fba	ram:00005448	LAB_ram_00005448	UNCONDITIONAL_JUMP
ram:00005460	usb_irq_handler@ram:00004fba	ram:40008026	UEP1_CTRL	READ
ram:0000546c	usb_irq_handler@ram:00004fba	ram:40008026	UEP1_CTRL	WRITE
ram:00005470	usb_irq_handler@ram:00004fba	ram:000053bc	LAB_ram_000053bc	UNCONDITIONAL_JUMP
ram:00005476	usb_irq_handler@ram:00004fba	ram:0000539e	LAB_ram_0000539e	UNCONDITIONAL_JUMP
ram:0000547c	usb_irq_handler@ram:00004fba	ram:20002f50	DAT_ram_20002f50	READ
ram:00005486	usb_irq_handler@ram:00004fba	ram:20002fc2	DAT_ram_20002fc2	READ
ram:0000548c	usb_irq_handler@ram:00004fba	ram:000053bc	LAB_ram_000053bc	CONDITIONAL_JUMP
ram:00005490	usb_irq_handler@ram:00004fba	ram:00005388	LAB_ram_00005388	UNCONDITIONAL_JUMP
ram:00005496	usb_irq_handler@ram:00004fba	ram:000054b4	LAB_ram_000054b4	CONDITIONAL_JUMP
ram:00005498	usb_irq_handler@ram:00004fba	ram:40008003	USB_DEV_AD	WRITE
ram:0000549e	usb_irq_handler@ram:00004fba	ram:40008022	UEP0_CTRL	WRITE
ram:000054a4	usb_irq_handler@ram:00004fba	ram:40008026	UEP1_CTRL	WRITE
ram:000054a8	usb_irq_handler@ram:00004fba	ram:4000802a	UEP2_CTRL	WRITE
ram:000054ac	usb_irq_handler@ram:00004fba	ram:4000802e	UEP3_CTRL	WRITE
ram:000054b2	usb_irq_handler@ram:00004fba	ram:000052e8	LAB_ram_000052e8	UNCONDITIONAL_JUMP
ram:000054b8	usb_irq_handler@ram:00004fba	ram:000054f4	LAB_ram_000054f4	CONDITIONAL_JUMP
ram:000054ba	usb_irq_handler@ram:00004fba	ram:40008005	USB_MIS_ST	READ
ram:000054c0	usb_irq_handler@ram:00004fba	ram:000054ec	LAB_ram_000054ec	CONDITIONAL_JUMP
ram:000054c6	usb_irq_handler@ram:00004fba	ram:20003a4a	usb_in_count	WRITE
ram:000054ce	usb_irq_handler@ram:00004fba	ram:20003a4b	DAT_ram_20003a4b	WRITE
ram:000054d6	usb_irq_handler@ram:00004fba	ram:20003a4d	DAT_ram_20003a4d	WRITE
ram:000054de	usb_irq_handler@ram:00004fba	ram:20003a4c	DAT_ram_20003a4c	WRITE
ram:000054e8	usb_irq_handler@ram:00004fba	ram:20003a49	usb_in_idle	WRITE
ram:000054f2	usb_irq_handler@ram:00004fba	ram:000052e8	LAB_ram_000052e8	UNCONDITIONAL_JUMP
ram:000054f4	usb_irq_handler@ram:00004fba	ram:40008006	USB_INT_FG	WRITE
ram:000054f8	usb_irq_handler@ram:00004fba	ram:000052ec	LAB_ram_000052ec	UNCONDITIONAL_JUMP
ram:00005502	usb_product_string_from_flash@ram:000054fa	ram:00040048	p_tmos_memset	READ
ram:00005516	usb_product_string_from_flash@ram:000054fa	ram:200042b0	DAT_ram_200042b0	PARAM
ram:00005526	usb_product_string_from_flash@ram:000054fa	ram:200028d6	FLASH_EEPROM_CMD	COMPUTED_CALL
ram:0000552a	usb_product_string_from_flash@ram:000054fa	ram:0004003c	p_tmos_memcmp	READ
ram:00005532	usb_product_string_from_flash@ram:000054fa	ram:200042be	DAT_ram_200042be	PARAM
ram:0000553a	usb_product_string_from_flash@ram:000054fa	ram:00005590	LAB_ram_00005590	CONDITIONAL_JUMP
ram:0000554a	usb_product_string_from_flash@ram:000054fa	ram:200042be	DAT_ram_200042be	READ
ram:0000554a	usb_product_string_from_flash@ram:000054fa	ram:200042bf	DAT_ram_200042bf	READ
ram:0000555a	usb_product_string_from_flash@ram:000054fa	ram:00005564	LAB_ram_00005564	CONDITIONAL_JUMP
ram:00005560	usb_product_string_from_flash@ram:000054fa	ram:0000554a	LAB_ram_0000554a	CONDITIONAL_JUMP
ram:0000556c	usb_product_string_from_flash@ram:000054fa	ram:20002e44	usb_string2_product	WRITE
ram:00005576	usb_product_string_from_flash@ram:000054fa	ram:20002e45	DAT_ram_20002e45	WRITE
ram:00005588	usb_product_string_from_flash@ram:000054fa	ram:20002e44	usb_string2_product	READ
ram:0000558c	usb_product_string_from_flash@ram:000054fa	ram:00005598	LAB_ram_00005598	CONDITIONAL_JUMP
ram:0000559e	usb_product_string_from_flash@ram:000054fa	ram:200042be	DAT_ram_200042be	READ
ram:000055a6	usb_product_string_from_flash@ram:000054fa	ram:20002e46	DAT_ram_20002e46	WRITE
ram:000055b6	usb_product_string_from_flash@ram:000054fa	ram:20002e47	DAT_ram_20002e47	WRITE
ram:000055be	usb_product_string_from_flash@ram:000054fa	ram:00005584	LAB_ram_00005584	UNCONDITIONAL_JUMP
ram:000055c8	usb_enable@ram:000055c0	ram:000054fa	usb_product_string_from_flash	UNCONDITIONAL_CALL
ram:000055d4	usb_enable@ram:000055c0	ram:00003876	decoder_reset_slot	UNCONDITIONAL_CALL
ram:000055d8	usb_enable@ram:000055c0	ram:20002f54	DAT_ram_20002f54	READ
ram:000055de	usb_enable@ram:000055c0	ram:20003644	usb_in_ring	PARAM
ram:000055ee	usb_enable@ram:000055c0	ram:20003a49	usb_in_idle	WRITE
ram:000055f2	usb_enable@ram:000055c0	ram:20003a48	usb_enabled	WRITE
ram:000055f6	usb_enable@ram:000055c0	ram:20003a4a	usb_in_count	WRITE
ram:000055fa	usb_enable@ram:000055c0	ram:20003a4b	DAT_ram_20003a4b	WRITE
ram:000055fe	usb_enable@ram:000055c0	ram:20003a4d	DAT_ram_20003a4d	WRITE
ram:00005602	usb_enable@ram:000055c0	ram:20003a4c	DAT_ram_20003a4c	WRITE
ram:00005606	usb_enable@ram:000055c0	ram:00001d1a	memset	UNCONDITIONAL_CALL
ram:00005612	usb_enable@ram:000055c0	ram:00001d1a	memset	UNCONDITIONAL_CALL
ram:00005622	usb_enable@ram:000055c0	ram:20002f50	DAT_ram_20002f50	WRITE
ram:00005622	usb_enable@ram:000055c0	ram:20004774	DAT_ram_20004774	DATA
ram:0000562e	usb_enable@ram:000055c0	ram:20002f54	DAT_ram_20002f54	WRITE
ram:0000562e	usb_enable@ram:000055c0	ram:20004834	DAT_ram_20004834	DATA
ram:0000563c	usb_enable@ram:000055c0	ram:20002f58	DAT_ram_20002f58	WRITE
ram:0000563c	usb_enable@ram:000055c0	ram:200048b4	DAT_ram_200048b4	DATA
ram:00005644	usb_enable@ram:000055c0	ram:20004934	DAT_ram_20004934	PARAM
ram:00005648	usb_enable@ram:000055c0	ram:20003648	DAT_ram_20003648	PARAM
ram:0000564c	usb_enable@ram:000055c0	ram:20002f5c	DAT_ram_20002f5c	WRITE
ram:0000564c	usb_enable@ram:000055c0	ram:20004934	DAT_ram_20004934	DATA
ram:00005650	usb_enable@ram:000055c0	ram:00002966	usb_hw_init	UNCONDITIONAL_CALL
ram:00005660	usb_enable@ram:000055c0	ram:e000e100	DAT_ram_e000e100	WRITE
ram:0000566e	usb_disable@ram:0000566a	ram:e000e000	DAT_ram_e000e000	PARAM
ram:00005676	usb_disable@ram:0000566a	ram:e000e180	DAT_ram_e000e180	WRITE
ram:0000567e	usb_disable@ram:0000566a	ram:000029f8	usb_hw_off	UNCONDITIONAL_CALL
ram:00005686	usb_disable@ram:0000566a	ram:00000800	DAT_ram_00000800	PARAM
ram:0000568a	usb_disable@ram:0000566a	ram:0000253e	GPIOB_ModeCfg	UNCONDITIONAL_CALL
ram:00005690	usb_disable@ram:0000566a	ram:00000400	DAT_ram_00000400	PARAM
ram:00005694	usb_disable@ram:0000566a	ram:0000253e	GPIOB_ModeCfg	UNCONDITIONAL_CALL
ram:0000569a	usb_disable@ram:0000566a	ram:00003876	decoder_reset_slot	UNCONDITIONAL_CALL
ram:000056a6	usb_disable@ram:0000566a	ram:20003a4a	usb_in_count	WRITE
ram:000056aa	usb_disable@ram:0000566a	ram:20003a4b	DAT_ram_20003a4b	WRITE
ram:000056ae	usb_disable@ram:0000566a	ram:20003a4d	DAT_ram_20003a4d	WRITE
ram:000056b2	usb_disable@ram:0000566a	ram:20003a4c	DAT_ram_20003a4c	WRITE
ram:000056b6	usb_disable@ram:0000566a	ram:20003a48	usb_enabled	WRITE
ram:000056c8	FUN_ram_000056c2@ram:000056c2	ram:20002fd8	DAT_ram_20002fd8	WRITE
ram:000056d6	central_passcode_cb@ram:000056ce	ram:00040038	p_tmos_rand	READ
ram:000056ec	central_passcode_cb@ram:000056ce	ram:00040170	p_GAPBondMgr_PasscodeRsp	READ
ram:00005700	central_pair_state_cb@ram:000056fe	ram:0000570e	LAB_ram_0000570e	CONDITIONAL_JUMP
ram:00005704	central_pair_state_cb@ram:000056fe	ram:0000570e	LAB_ram_0000570e	CONDITIONAL_JUMP
ram:0000570a	central_pair_state_cb@ram:000056fe	ram:20002fd1	DAT_ram_20002fd1	WRITE
ram:00005718	acc_addr_load@ram:00005710	ram:00006a00	LAB_ram_000069fe+2	PARAM
ram:00005728	acc_addr_load@ram:00005710	ram:200028d6	FLASH_EEPROM_CMD	COMPUTED_CALL
ram:00005736	acc_addr_load@ram:00005710	ram:20002f30	acc_peer_addr	PARAM
ram:0000573a	acc_addr_load@ram:00005710	ram:000078b2	memcpy	UNCONDITIONAL_CALL
ram:0000574c	central_app_init@ram:00005744	ram:00040080	p_TMOS_ProcessEventRegister	READ
ram:00005758	central_app_init@ram:00005744	ram:00005af0	central_task_event	PARAM
ram:00005762	central_app_init@ram:00005744	ram:20002fdc	DAT_ram_20002fdc	WRITE
ram:00005766	central_app_init@ram:00005744	ram:00040154	p_GAP_SetParamValue	READ
ram:00005774	central_app_init@ram:00005744	ram:00040154	p_GAP_SetParamValue	READ
ram:0000577e	central_app_init@ram:00005744	ram:00040154	p_GAP_SetParamValue	READ
ram:0000578a	central_app_init@ram:00005744	ram:00040154	p_GAP_SetParamValue	READ
ram:0000578e	central_app_init@ram:00005744	ram:00001770	LAB_ram_00001770	PARAM
ram:000057ac	central_app_init@ram:00005744	ram:00040168	p_GAPBondMgr_SetParameter	READ
ram:000057b4	central_app_init@ram:00005744	ram:0000040f	DAT_ram_0000040f	PARAM
ram:000057ba	central_app_init@ram:00005744	ram:00040168	p_GAPBondMgr_SetParameter	READ
ram:000057c4	central_app_init@ram:00005744	ram:00000408	DAT_ram_00000408	PARAM
ram:000057ca	central_app_init@ram:00005744	ram:00040168	p_GAPBondMgr_SetParameter	READ
ram:000057d2	central_app_init@ram:00005744	ram:00000409	DAT_ram_00000409	PARAM
ram:000057d8	central_app_init@ram:00005744	ram:00040168	p_GAPBondMgr_SetParameter	READ
ram:000057e2	central_app_init@ram:00005744	ram:0000040a	DAT_ram_0000040a	PARAM
ram:000057e8	central_app_init@ram:00005744	ram:00040168	p_GAPBondMgr_SetParameter	READ
ram:000057f2	central_app_init@ram:00005744	ram:0000040d	DAT_ram_0000040d	PARAM
ram:000057fc	central_app_init@ram:00005744	ram:0004016c	p_GAPBondMgr_GetParameter	READ
ram:00005804	central_app_init@ram:00005744	ram:00000415	DAT_ram_00000415	PARAM
ram:00005810	central_app_init@ram:00005744	ram:00005822	LAB_ram_00005822	CONDITIONAL_JUMP
ram:00005814	central_app_init@ram:00005744	ram:00040168	p_GAPBondMgr_SetParameter	READ
ram:0000581c	central_app_init@ram:00005744	ram:00000410	DAT_ram_00000410	PARAM
ram:00005826	central_app_init@ram:00005744	ram:000400c4	p_GATT_InitClient	READ
ram:0000582c	central_app_init@ram:00005744	ram:000400c8	p_GATT_RegisterForInd	READ
ram:00005834	central_app_init@ram:00005744	ram:20002fdc	DAT_ram_20002fdc	READ
ram:0000583a	central_app_init@ram:00005744	ram:00040150	p_GGS_AddService	READ
ram:00005842	central_app_init@ram:00005744	ram:00040134	p_GATTServApp_AddService	READ
ram:0000584a	central_app_init@ram:00005744	ram:00005710	acc_addr_load	UNCONDITIONAL_CALL
ram:0000584c	central_app_init@ram:00005744	ram:00040050	p_tmos_set_event	READ
ram:00005854	central_app_init@ram:00005744	ram:20002fdc	DAT_ram_20002fdc	READ
ram:0000588a	hid_report_map_parse@ram:00005864	ram:00001d1a	memset	UNCONDITIONAL_CALL
ram:00005892	hid_report_map_parse@ram:00005864	ram:00009050	s_----------------Analysis--------_ram_00009050	PARAM
ram:0000589a	hid_report_map_parse@ram:00005864	ram:20002fcd	DAT_ram_20002fcc+1	WRITE
ram:000058a0	hid_report_map_parse@ram:00005864	ram:00007ab4	FUN_ram_00007ab4	UNCONDITIONAL_CALL
ram:000058b2	hid_report_map_parse@ram:00005864	ram:00005ac2	LAB_ram_00005ac2	CONDITIONAL_JUMP
ram:000058ce	hid_report_map_parse@ram:00005864	ram:00005a7c	LAB_ram_00005a7c	CONDITIONAL_JUMP
ram:000058fa	hid_report_map_parse@ram:00005864	ram:0000599a	LAB_ram_0000599a	CONDITIONAL_JUMP
ram:000058fe	hid_report_map_parse@ram:00005864	ram:00005926	caseD_5	CONDITIONAL_JUMP
ram:00005902	hid_report_map_parse@ram:00005864	ram:00008fc0	switchdataD_ram:00008fc0	DATA
ram:00005908	hid_report_map_parse@ram:00005864	ram:0000590a	caseD_0	COMPUTED_JUMP
ram:00005908	hid_report_map_parse@ram:00005864	ram:0000593c	caseD_1	COMPUTED_JUMP
ram:00005908	hid_report_map_parse@ram:00005864	ram:0000594a	caseD_2	COMPUTED_JUMP
ram:00005908	hid_report_map_parse@ram:00005864	ram:00005954	caseD_3	COMPUTED_JUMP
ram:00005908	hid_report_map_parse@ram:00005864	ram:0000595e	caseD_4	COMPUTED_JUMP
ram:00005908	hid_report_map_parse@ram:00005864	ram:00005926	caseD_5	COMPUTED_JUMP
ram:00005908	hid_report_map_parse@ram:00005864	ram:00005968	caseD_7	COMPUTED_JUMP
ram:00005908	hid_report_map_parse@ram:00005864	ram:0000597a	caseD_8	COMPUTED_JUMP
ram:00005908	hid_report_map_parse@ram:00005864	ram:00005988	caseD_9	COMPUTED_JUMP
ram:0000590e	hid_report_map_parse@ram:00005864	ram:0000907c	s_------USAGE_PAGE:Generic_Desktop_ram_0000907c	PARAM
ram:00005912	hid_report_map_parse@ram:00005864	ram:00005a56	LAB_ram_00005a56	CONDITIONAL_JUMP
ram:00005916	hid_report_map_parse@ram:00005864	ram:00005926	caseD_5	CONDITIONAL_JUMP
ram:00005922	hid_report_map_parse@ram:00005864	ram:20002fcd	DAT_ram_20002fcc+1	WRITE
ram:00005928	hid_report_map_parse@ram:00005864	ram:000058e8	LAB_ram_000058e8	CONDITIONAL_JUMP
ram:0000593a	hid_report_map_parse@ram:00005864	ram:000058b0	LAB_ram_000058b0	UNCONDITIONAL_JUMP
ram:00005940	hid_report_map_parse@ram:00005864	ram:000090a8	s_-GLOBAL_LOG_MIN:%x-_ram_000090a8	PARAM
ram:00005944	hid_report_map_parse@ram:00005864	ram:00007968	printf	UNCONDITIONAL_CALL
ram:00005948	hid_report_map_parse@ram:00005864	ram:00005926	caseD_5	UNCONDITIONAL_JUMP
ram:0000594e	hid_report_map_parse@ram:00005864	ram:000090c0	s_-GLOBAL_LOG_MAX:%x-_ram_000090c0	PARAM
ram:00005952	hid_report_map_parse@ram:00005864	ram:00005944	LAB_ram_00005944	UNCONDITIONAL_JUMP
ram:00005958	hid_report_map_parse@ram:00005864	ram:000090d8	s_-GLOBAL_PHY_MIN:%x-_ram_000090d8	PARAM
ram:0000595c	hid_report_map_parse@ram:00005864	ram:00005944	LAB_ram_00005944	UNCONDITIONAL_JUMP
ram:00005962	hid_report_map_parse@ram:00005864	ram:000090f0	s_-GLOBAL_PHY_MAX:%x-_ram_000090f0	PARAM
ram:00005966	hid_report_map_parse@ram:00005864	ram:00005944	LAB_ram_00005944	UNCONDITIONAL_JUMP
ram:0000596c	hid_report_map_parse@ram:00005864	ram:00009108	s_-GLOBAL_REPORT_SIZE:%x-_ram_00009108	PARAM
ram:00005970	hid_report_map_parse@ram:00005864	ram:00007968	printf	UNCONDITIONAL_CALL
ram:00005978	hid_report_map_parse@ram:00005864	ram:00005926	caseD_5	UNCONDITIONAL_JUMP
ram:00005982	hid_report_map_parse@ram:00005864	ram:00009124	s_-GLOBAL_REPORT_ID:%x-_ram_00009124	PARAM
ram:00005986	hid_report_map_parse@ram:00005864	ram:00005944	LAB_ram_00005944	UNCONDITIONAL_JUMP
ram:0000598c	hid_report_map_parse@ram:00005864	ram:0000913c	s_-GLOBAL_REPORT_CNT:%x-_ram_0000913c	PARAM
ram:00005990	hid_report_map_parse@ram:00005864	ram:00007968	printf	UNCONDITIONAL_CALL
ram:00005998	hid_report_map_parse@ram:00005864	ram:00005926	caseD_5	UNCONDITIONAL_JUMP
ram:0000599c	hid_report_map_parse@ram:00005864	ram:000059f0	LAB_ram_000059f0	CONDITIONAL_JUMP
ram:000059a2	hid_report_map_parse@ram:00005864	ram:00005926	caseD_5	CONDITIONAL_JUMP
ram:000059a4	hid_report_map_parse@ram:00005864	ram:00005a78	LAB_ram_00005a78	CONDITIONAL_JUMP
ram:000059ac	hid_report_map_parse@ram:00005864	ram:000059c0	LAB_ram_000059c0	CONDITIONAL_JUMP
ram:000059be	hid_report_map_parse@ram:00005864	ram:00005926	caseD_5	UNCONDITIONAL_JUMP
ram:000059c4	hid_report_map_parse@ram:00005864	ram:000059d8	LAB_ram_000059d8	CONDITIONAL_JUMP
ram:000059d6	hid_report_map_parse@ram:00005864	ram:00005926	caseD_5	UNCONDITIONAL_JUMP
ram:000059dc	hid_report_map_parse@ram:00005864	ram:00005926	caseD_5	CONDITIONAL_JUMP
ram:000059ee	hid_report_map_parse@ram:00005864	ram:00005926	caseD_5	UNCONDITIONAL_JUMP
ram:000059f0	hid_report_map_parse@ram:00005864	ram:00005926	caseD_5	CONDITIONAL_JUMP
ram:000059f2	hid_report_map_parse@ram:00005864	ram:00005a66	LAB_ram_00005a66	CONDITIONAL_JUMP
ram:000059f6	hid_report_map_parse@ram:00005864	ram:00005a42	LAB_ram_00005a42	CONDITIONAL_JUMP
ram:000059fc	hid_report_map_parse@ram:00005864	ram:00005926	caseD_5	CONDITIONAL_JUMP
ram:00005a04	hid_report_map_parse@ram:00005864	ram:00009174	s_Input:_ram_00009174	PARAM
ram:00005a08	hid_report_map_parse@ram:00005864	ram:00007ab4	FUN_ram_00007ab4	UNCONDITIONAL_CALL
ram:00005a30	hid_report_map_parse@ram:00005864	ram:00005a3c	LAB_ram_00005a3c	CONDITIONAL_JUMP
ram:00005a40	hid_report_map_parse@ram:00005864	ram:00005926	caseD_5	UNCONDITIONAL_JUMP
ram:00005a44	hid_report_map_parse@ram:00005864	ram:00005a5c	LAB_ram_00005a5c	CONDITIONAL_JUMP
ram:00005a4e	hid_report_map_parse@ram:00005864	ram:00009164	s_End_Collection_ram_00009164	PARAM
ram:00005a52	hid_report_map_parse@ram:00005864	ram:00005926	caseD_5	CONDITIONAL_JUMP
ram:00005a56	hid_report_map_parse@ram:00005864	ram:00007ab4	FUN_ram_00007ab4	UNCONDITIONAL_CALL
ram:00005a5a	hid_report_map_parse@ram:00005864	ram:00005926	caseD_5	UNCONDITIONAL_JUMP
ram:00005a60	hid_report_map_parse@ram:00005864	ram:00009154	s_Collection:_ram_00009154	PARAM
ram:00005a64	hid_report_map_parse@ram:00005864	ram:00005a56	LAB_ram_00005a56	UNCONDITIONAL_JUMP
ram:00005a6a	hid_report_map_parse@ram:00005864	ram:0000917c	s_Output:_ram_0000917c	PARAM
ram:00005a6e	hid_report_map_parse@ram:00005864	ram:00007ab4	FUN_ram_00007ab4	UNCONDITIONAL_CALL
ram:00005a76	hid_report_map_parse@ram:00005864	ram:00005926	caseD_5	UNCONDITIONAL_JUMP
ram:00005a7a	hid_report_map_parse@ram:00005864	ram:00005926	caseD_5	UNCONDITIONAL_JUMP
ram:00005a80	hid_report_map_parse@ram:00005864	ram:00005938	LAB_ram_00005938	CONDITIONAL_JUMP
ram:00005a88	hid_report_map_parse@ram:00005864	ram:00009188	s_------END_COLLECTION--------_ram_00009188	PARAM
ram:00005a8c	hid_report_map_parse@ram:00005864	ram:00007ab4	FUN_ram_00007ab4	UNCONDITIONAL_CALL
ram:00005a92	hid_report_map_parse@ram:00005864	ram:00005ae2	LAB_ram_00005ae2	CONDITIONAL_JUMP
ram:00005aa2	hid_report_map_parse@ram:00005864	ram:20002fcd	DAT_ram_20002fcc+1	READ
ram:00005aaa	hid_report_map_parse@ram:00005864	ram:000091a8	s_Button:%x,Wheel:%x,Num:%x_ram_000091a8	PARAM
ram:00005ab2	hid_report_map_parse@ram:00005864	ram:20002fcc	DAT_ram_20002fcc	WRITE
ram:00005aba	hid_report_map_parse@ram:00005864	ram:20002fce	DAT_ram_20002fce	WRITE
ram:00005abe	hid_report_map_parse@ram:00005864	ram:00007968	printf	UNCONDITIONAL_CALL
ram:00005ae8	hid_report_map_parse@ram:00005864	ram:00001d1a	memset	UNCONDITIONAL_CALL
ram:00005aee	hid_report_map_parse@ram:00005864	ram:00005938	LAB_ram_00005938	UNCONDITIONAL_JUMP
ram:00005b2e	central_task_event@ram:00005af0	ram:00005f44	LAB_ram_00005f44	CONDITIONAL_JUMP
ram:00005b36	central_task_event@ram:00005af0	ram:0004006c	p_tmos_msg_receive	READ
ram:00005b3e	central_task_event@ram:00005af0	ram:20002fdc	DAT_ram_20002fdc	READ
ram:00005b46	central_task_event@ram:00005af0	ram:00005b7c	LAB_ram_00005b7c	CONDITIONAL_JUMP
ram:00005b50	central_task_event@ram:00005af0	ram:00005b72	LAB_ram_00005b72	CONDITIONAL_JUMP
ram:00005b58	central_task_event@ram:00005af0	ram:20002fdb	DAT_ram_20002fdb	READ
ram:00005b66	central_task_event@ram:00005af0	ram:00005bb8	LAB_ram_00005bb8	CONDITIONAL_JUMP
ram:00005b6a	central_task_event@ram:00005af0	ram:0004012c	p_GATT_bm_free	READ
ram:00005b76	central_task_event@ram:00005af0	ram:00040068	p_tmos_msg_deallocate	READ
ram:00005bba	central_task_event@ram:00005af0	ram:00005bf0	LAB_ram_00005bf0	CONDITIONAL_JUMP
ram:00005bc0	central_task_event@ram:00005af0	ram:000064ae	LAB_ram_000064ae	CONDITIONAL_JUMP
ram:00005bc8	central_task_event@ram:00005af0	ram:00005bf0	LAB_ram_00005bf0	CONDITIONAL_JUMP
ram:00005bd6	central_task_event@ram:00005af0	ram:00005d64	LAB_ram_00005d64	CONDITIONAL_JUMP
ram:00005bde	central_task_event@ram:00005af0	ram:20002fd8	DAT_ram_20002fd8	WRITE
ram:00005be6	central_task_event@ram:00005af0	ram:0004012c	p_GATT_bm_free	READ
ram:00005bee	central_task_event@ram:00005af0	ram:00005b6e	LAB_ram_00005b6e	UNCONDITIONAL_JUMP
ram:00005bf4	central_task_event@ram:00005af0	ram:20002fd8	DAT_ram_20002fd8	WRITE
ram:00005bfa	central_task_event@ram:00005af0	ram:00005c36	LAB_ram_00005c36	CONDITIONAL_JUMP
ram:00005c04	central_task_event@ram:00005af0	ram:00005c94	LAB_ram_00005c94	CONDITIONAL_JUMP
ram:00005c0c	central_task_event@ram:00005af0	ram:20004c4a	DAT_ram_20004c48+2	READ
ram:00005c14	central_task_event@ram:00005af0	ram:20002fd8	DAT_ram_20002fd8	READ
ram:00005c18	central_task_event@ram:00005af0	ram:00005bda	LAB_ram_00005bda	CONDITIONAL_JUMP
ram:00005c22	central_task_event@ram:00005af0	ram:20002fd6	DAT_ram_20002fd6	WRITE
ram:00005c2a	central_task_event@ram:00005af0	ram:20004c14	DAT_ram_20004c14	READ
ram:00005c2e	central_task_event@ram:00005af0	ram:00005bda	LAB_ram_00005bda	CONDITIONAL_JUMP
ram:00005c32	central_task_event@ram:00005af0	ram:00005864	hid_report_map_parse	UNCONDITIONAL_CALL
ram:00005c34	central_task_event@ram:00005af0	ram:00005bda	LAB_ram_00005bda	UNCONDITIONAL_JUMP
ram:00005c38	central_task_event@ram:00005af0	ram:00005bcc	LAB_ram_00005bcc	CONDITIONAL_JUMP
ram:00005c3e	central_task_event@ram:00005af0	ram:00005bda	LAB_ram_00005bda	CONDITIONAL_JUMP
ram:00005c44	central_task_event@ram:00005af0	ram:00005d64	LAB_ram_00005d64	CONDITIONAL_JUMP
ram:00005c50	central_task_event@ram:00005af0	ram:00001d1a	memset	UNCONDITIONAL_CALL
ram:00005c5e	central_task_event@ram:00005af0	ram:00004e1a	debug_hexdump	UNCONDITIONAL_CALL
ram:00005c6a	central_task_event@ram:00005af0	ram:20004c0c	DAT_ram_20004c0c	READ
ram:00005c72	central_task_event@ram:00005af0	ram:00005c9c	LAB_ram_00005c9c	CONDITIONAL_JUMP
ram:00005c7a	central_task_event@ram:00005af0	ram:200049b4	DAT_ram_200049b4	WRITE
ram:00005c82	central_task_event@ram:00005af0	ram:0004004c	p_tmos_memcpy	READ
ram:00005c8c	central_task_event@ram:00005af0	ram:200049b5	DAT_ram_200049b5	PARAM
ram:00005c92	central_task_event@ram:00005af0	ram:00005be2	LAB_ram_00005be2	UNCONDITIONAL_JUMP
ram:00005c9a	central_task_event@ram:00005af0	ram:00005c04	LAB_ram_00005c04	UNCONDITIONAL_JUMP
ram:00005ca0	central_task_event@ram:00005af0	ram:20004c16	DAT_ram_20004c16	READ
ram:00005ca4	central_task_event@ram:00005af0	ram:00005be2	LAB_ram_00005be2	CONDITIONAL_JUMP
ram:00005cac	central_task_event@ram:00005af0	ram:20004c2a	DAT_ram_20004c2a	READ
ram:00005cb0	central_task_event@ram:00005af0	ram:00005be2	LAB_ram_00005be2	CONDITIONAL_JUMP
ram:00005cb6	central_task_event@ram:00005af0	ram:00005d48	LAB_ram_00005d48	CONDITIONAL_JUMP
ram:00005cc8	central_task_event@ram:00005af0	ram:20002fcd	DAT_ram_20002fcc+1	READ
ram:00005cce	central_task_event@ram:00005af0	ram:00005d3a	LAB_ram_00005d3a	CONDITIONAL_JUMP
ram:00005cd6	central_task_event@ram:00005af0	ram:20002fcc	DAT_ram_20002fcc	READ
ram:00005cda	central_task_event@ram:00005af0	ram:00005d3a	LAB_ram_00005d3a	CONDITIONAL_JUMP
ram:00005cee	central_task_event@ram:00005af0	ram:20002fce	DAT_ram_20002fce	READ
ram:00005cf2	central_task_event@ram:00005af0	ram:00005d40	LAB_ram_00005d40	CONDITIONAL_JUMP
ram:00005cfa	central_task_event@ram:00005af0	ram:20002fcc	DAT_ram_20002fcc	READ
ram:00005d00	central_task_event@ram:00005af0	ram:00005d40	LAB_ram_00005d40	CONDITIONAL_JUMP
ram:00005d16	central_task_event@ram:00005af0	ram:20002fd0	DAT_ram_20002fd0	READ
ram:00005d1a	central_task_event@ram:00005af0	ram:00005d26	LAB_ram_00005d26	CONDITIONAL_JUMP
ram:00005d22	central_task_event@ram:00005af0	ram:00005be2	LAB_ram_00005be2	CONDITIONAL_JUMP
ram:00005d2c	central_task_event@ram:00005af0	ram:20002d2c	PTR_DAT_ram_00009300_ram_20002d2c	PARAM
ram:00005d30	central_task_event@ram:00005af0	ram:20002fd0	DAT_ram_20002fd0	WRITE
ram:00005d34	central_task_event@ram:00005af0	ram:000042a4	acc_to_mcu_send	UNCONDITIONAL_CALL
ram:00005d38	central_task_event@ram:00005af0	ram:00005be2	LAB_ram_00005be2	UNCONDITIONAL_JUMP
ram:00005d3e	central_task_event@ram:00005af0	ram:00005ce4	LAB_ram_00005ce4	UNCONDITIONAL_JUMP
ram:00005d46	central_task_event@ram:00005af0	ram:00005d0a	LAB_ram_00005d0a	UNCONDITIONAL_JUMP
ram:00005d48	central_task_event@ram:00005af0	ram:00005d0e	LAB_ram_00005d0e	CONDITIONAL_JUMP
ram:00005d62	central_task_event@ram:00005af0	ram:00005d0a	LAB_ram_00005d0a	UNCONDITIONAL_JUMP
ram:00005d68	central_task_event@ram:00005af0	ram:20002fd3	DAT_ram_20002fd3	READ
ram:00005d6c	central_task_event@ram:00005af0	ram:00005be2	LAB_ram_00005be2	CONDITIONAL_JUMP
ram:00005d72	central_task_event@ram:00005af0	ram:00005db8	LAB_ram_00005db8	CONDITIONAL_JUMP
ram:00005d78	central_task_event@ram:00005af0	ram:00005db2	LAB_ram_00005db2	CONDITIONAL_JUMP
ram:00005d82	central_task_event@ram:00005af0	ram:00005be2	LAB_ram_00005be2	CONDITIONAL_JUMP
ram:00005d88	central_task_event@ram:00005af0	ram:20002d88	DAT_ram_20002d88	PARAM
ram:00005d8c	central_task_event@ram:00005af0	ram:20002fd3	DAT_ram_20002fd3	WRITE
ram:00005d94	central_task_event@ram:00005af0	ram:000400e8	p_GATT_DiscAllChars	READ
ram:00005d9e	central_task_event@ram:00005af0	ram:20002fdc	DAT_ram_20002fdc	READ
ram:00005daa	central_task_event@ram:00005af0	ram:20002f36	DAT_ram_20002f36	READ
ram:00005db0	central_task_event@ram:00005af0	ram:00005be2	LAB_ram_00005be2	UNCONDITIONAL_JUMP
ram:00005db2	central_task_event@ram:00005af0	ram:00005be2	LAB_ram_00005be2	CONDITIONAL_JUMP
ram:00005db6	central_task_event@ram:00005af0	ram:00005d86	LAB_ram_00005d86	UNCONDITIONAL_JUMP
ram:00005dba	central_task_event@ram:00005af0	ram:00005be2	LAB_ram_00005be2	CONDITIONAL_JUMP
ram:00005dc0	central_task_event@ram:00005af0	ram:00005be2	LAB_ram_00005be2	CONDITIONAL_JUMP
ram:00005dc8	central_task_event@ram:00005af0	ram:00005be2	LAB_ram_00005be2	CONDITIONAL_JUMP
ram:00005dd0	central_task_event@ram:00005af0	ram:00009020	s_TypeRspAnalysis_ram_00009020	PARAM
ram:00005dd4	central_task_event@ram:00005af0	ram:00007ab4	FUN_ram_00007ab4	UNCONDITIONAL_CALL
ram:00005dde	central_task_event@ram:00005af0	ram:20002fd8	DAT_ram_20002fd8	WRITE
ram:00005df2	central_task_event@ram:00005af0	ram:00005bda	LAB_ram_00005bda	CONDITIONAL_JUMP
ram:00005e28	central_task_event@ram:00005af0	ram:00005f04	LAB_ram_00005f04	CONDITIONAL_JUMP
ram:00005e2e	central_task_event@ram:00005af0	ram:000079ac	putchar	UNCONDITIONAL_CALL
ram:00005e36	central_task_event@ram:00005af0	ram:00005e54	LAB_ram_00005e54	CONDITIONAL_JUMP
ram:00005e40	central_task_event@ram:00005af0	ram:00005e54	LAB_ram_00005e54	CONDITIONAL_JUMP
ram:00005e48	central_task_event@ram:00005af0	ram:00005e54	LAB_ram_00005e54	CONDITIONAL_JUMP
ram:00005e50	central_task_event@ram:00005af0	ram:20004c4a	DAT_ram_20004c48+2	WRITE
ram:00005e58	central_task_event@ram:00005af0	ram:00005e7a	LAB_ram_00005e7a	CONDITIONAL_JUMP
ram:00005e5e	central_task_event@ram:00005af0	ram:20004c4c	DAT_ram_20004c4c	WRITE
ram:00005e66	central_task_event@ram:00005af0	ram:00005e7a	LAB_ram_00005e7a	CONDITIONAL_JUMP
ram:00005e6e	central_task_event@ram:00005af0	ram:00005e7a	LAB_ram_00005e7a	CONDITIONAL_JUMP
ram:00005e76	central_task_event@ram:00005af0	ram:20004c44	DAT_ram_20004c44	WRITE
ram:00005e7e	central_task_event@ram:00005af0	ram:00005e8c	LAB_ram_00005e8c	CONDITIONAL_JUMP
ram:00005e88	central_task_event@ram:00005af0	ram:20004c2c	DAT_ram_20004c2c	WRITE
ram:00005e90	central_task_event@ram:00005af0	ram:00005e9e	LAB_ram_00005e9e	CONDITIONAL_JUMP
ram:00005e9a	central_task_event@ram:00005af0	ram:20004c2c	DAT_ram_20004c2c	WRITE
ram:00005ea6	central_task_event@ram:00005af0	ram:00005eba	LAB_ram_00005eba	CONDITIONAL_JUMP
ram:00005eae	central_task_event@ram:00005af0	ram:00005eba	LAB_ram_00005eba	CONDITIONAL_JUMP
ram:00005eb6	central_task_event@ram:00005af0	ram:20004c48	DAT_ram_20004c48	WRITE
ram:00005ec2	central_task_event@ram:00005af0	ram:00005f2a	LAB_ram_00005f2a	CONDITIONAL_JUMP
ram:00005eca	central_task_event@ram:00005af0	ram:00005efa	LAB_ram_00005efa	CONDITIONAL_JUMP
ram:00005ece	central_task_event@ram:00005af0	ram:00005efa	LAB_ram_00005efa	CONDITIONAL_JUMP
ram:00005edc	central_task_event@ram:00005af0	ram:20004c16	DAT_ram_20004c16	READ
ram:00005edc	central_task_event@ram:00005af0	ram:20004c18	DAT_ram_20004c18	READ
ram:00005ee0	central_task_event@ram:00005af0	ram:00005f20	LAB_ram_00005f20	CONDITIONAL_JUMP
ram:00005eee	central_task_event@ram:00005af0	ram:20004c16	DAT_ram_20004c16	WRITE
ram:00005eee	central_task_event@ram:00005af0	ram:20004c18	DAT_ram_20004c18	WRITE
ram:00005ef6	central_task_event@ram:00005af0	ram:20004c2a	DAT_ram_20004c2a	WRITE
ram:00005f02	central_task_event@ram:00005af0	ram:00005dee	LAB_ram_00005dee	UNCONDITIONAL_JUMP
ram:00005f10	central_task_event@ram:00005af0	ram:00009030	s_%02x_ram_00009030	PARAM
ram:00005f16	central_task_event@ram:00005af0	ram:00007968	printf	UNCONDITIONAL_CALL
ram:00005f1e	central_task_event@ram:00005af0	ram:00005e24	LAB_ram_00005e24	UNCONDITIONAL_JUMP
ram:00005f24	central_task_event@ram:00005af0	ram:00005edc	LAB_ram_00005edc	CONDITIONAL_JUMP
ram:00005f28	central_task_event@ram:00005af0	ram:00005efa	LAB_ram_00005efa	UNCONDITIONAL_JUMP
ram:00005f2a	central_task_event@ram:00005af0	ram:00005efa	LAB_ram_00005efa	CONDITIONAL_JUMP
ram:00005f32	central_task_event@ram:00005af0	ram:00005efa	LAB_ram_00005efa	CONDITIONAL_JUMP
ram:00005f36	central_task_event@ram:00005af0	ram:00005efa	LAB_ram_00005efa	CONDITIONAL_JUMP
ram:00005f3e	central_task_event@ram:00005af0	ram:20004c0c	DAT_ram_20004c0c	WRITE
ram:00005f42	central_task_event@ram:00005af0	ram:00005efa	LAB_ram_00005efa	UNCONDITIONAL_JUMP
ram:00005f48	central_task_event@ram:00005af0	ram:00005f98	LAB_ram_00005f98	CONDITIONAL_JUMP
ram:00005f4e	central_task_event@ram:00005af0	ram:000401b0	p_GAPRole_CentralStartDevice	READ
ram:00005f56	central_task_event@ram:00005af0	ram:20002e60	PTR_FUN_ram_000056c0_ram_20002e60	PARAM
ram:00005f5e	central_task_event@ram:00005af0	ram:20002e54	PTR_central_passcode_cb_ram_20002e54	PARAM
ram:00005f66	central_task_event@ram:00005af0	ram:20002fdc	DAT_ram_20002fdc	READ
ram:00005f6c	central_task_event@ram:00005af0	ram:00040058	p_tmos_start_task	READ
ram:00005f7a	central_task_event@ram:00005af0	ram:20002fdc	DAT_ram_20002fdc	READ
ram:00005f80	central_task_event@ram:00005af0	ram:00040058	p_tmos_start_task	READ
ram:00005f84	central_task_event@ram:00005af0	ram:00000400	DAT_ram_00000400	PARAM
ram:00005f8c	central_task_event@ram:00005af0	ram:20002fdc	DAT_ram_20002fdc	READ
ram:00005f96	central_task_event@ram:00005af0	ram:00005b80	LAB_ram_00005b80	UNCONDITIONAL_JUMP
ram:00005f9c	central_task_event@ram:00005af0	ram:00005fb2	LAB_ram_00005fb2	CONDITIONAL_JUMP
ram:00005fa2	central_task_event@ram:00005af0	ram:0004017c	p_GAPRole_TerminateLink	READ
ram:00005fb0	central_task_event@ram:00005af0	ram:00005b80	LAB_ram_00005b80	UNCONDITIONAL_JUMP
ram:00005fb6	central_task_event@ram:00005af0	ram:00006088	LAB_ram_00006088	CONDITIONAL_JUMP
ram:00005fbe	central_task_event@ram:00005af0	ram:20002fd1	DAT_ram_20002fd1	READ
ram:00005fc8	central_task_event@ram:00005af0	ram:20002f36	DAT_ram_20002f36	READ
ram:00005fce	central_task_event@ram:00005af0	ram:0000607c	LAB_ram_0000607c	CONDITIONAL_JUMP
ram:00005fd2	central_task_event@ram:00005af0	ram:0000605c	LAB_ram_0000605c	CONDITIONAL_JUMP
ram:00005fda	central_task_event@ram:00005af0	ram:20004c4c	DAT_ram_20004c4c	WRITE
ram:00005fe0	central_task_event@ram:00005af0	ram:20002fe0	DAT_ram_20002fe0	PARAM
ram:00005fe4	central_task_event@ram:00005af0	ram:20002fd3	DAT_ram_20002fd3	WRITE
ram:00005fec	central_task_event@ram:00005af0	ram:000400dc	p_GATT_DiscAllPrimaryServices	READ
ram:00005ff4	central_task_event@ram:00005af0	ram:20002fdc	DAT_ram_20002fdc	READ
ram:00005ffa	central_task_event@ram:00005af0	ram:00006062	LAB_ram_00006062	CONDITIONAL_JUMP
ram:00006000	central_task_event@ram:00005af0	ram:00006a00	LAB_ram_000069fe+2	PARAM
ram:00006010	central_task_event@ram:00005af0	ram:200028d6	FLASH_EEPROM_CMD	COMPUTED_CALL
ram:00006014	central_task_event@ram:00005af0	ram:0004003c	p_tmos_memcmp	READ
ram:00006020	central_task_event@ram:00005af0	ram:20002f30	acc_peer_addr	PARAM
ram:00006026	central_task_event@ram:00005af0	ram:00006052	LAB_ram_00006052	CONDITIONAL_JUMP
ram:0000602c	central_task_event@ram:00005af0	ram:00006a00	LAB_ram_000069fe+2	PARAM
ram:00006036	central_task_event@ram:00005af0	ram:200028d6	FLASH_EEPROM_CMD	COMPUTED_CALL
ram:00006040	central_task_event@ram:00005af0	ram:20002f30	acc_peer_addr	PARAM
ram:00006044	central_task_event@ram:00005af0	ram:00006a01	LAB_ram_000069fe+3	PARAM
ram:0000604e	central_task_event@ram:00005af0	ram:200028d6	FLASH_EEPROM_CMD	COMPUTED_CALL
ram:00006058	central_task_event@ram:00005af0	ram:20002fc8	DAT_ram_20002fc8	WRITE
ram:00006060	central_task_event@ram:00005af0	ram:00005b80	LAB_ram_00005b80	UNCONDITIONAL_JUMP
ram:00006064	central_task_event@ram:00005af0	ram:0000605c	LAB_ram_0000605c	CONDITIONAL_JUMP
ram:00006068	central_task_event@ram:00005af0	ram:00040058	p_tmos_start_task	READ
ram:00006074	central_task_event@ram:00005af0	ram:20002fdc	DAT_ram_20002fdc	READ
ram:0000607a	central_task_event@ram:00005af0	ram:0000605c	LAB_ram_0000605c	UNCONDITIONAL_JUMP
ram:0000607c	central_task_event@ram:00005af0	ram:0000605c	LAB_ram_0000605c	CONDITIONAL_JUMP
ram:00006084	central_task_event@ram:00005af0	ram:00040058	p_tmos_start_task	READ
ram:00006086	central_task_event@ram:00005af0	ram:0000606a	LAB_ram_0000606a	UNCONDITIONAL_JUMP
ram:0000608c	central_task_event@ram:00005af0	ram:000060b2	LAB_ram_000060b2	CONDITIONAL_JUMP
ram:00006092	central_task_event@ram:00005af0	ram:00040184	p_GAPRole_UpdateLink	READ
ram:000060a6	central_task_event@ram:00005af0	ram:20002f36	DAT_ram_20002f36	READ
ram:000060b0	central_task_event@ram:00005af0	ram:00005b80	LAB_ram_00005b80	UNCONDITIONAL_JUMP
ram:000060b6	central_task_event@ram:00005af0	ram:000060e0	LAB_ram_000060e0	CONDITIONAL_JUMP
ram:000060bc	central_task_event@ram:00005af0	ram:200049b4	DAT_ram_200049b4	PARAM
ram:000060c0	central_task_event@ram:00005af0	ram:00003ed6	acc_af02_notify_handle	UNCONDITIONAL_CALL
ram:000060c8	central_task_event@ram:00005af0	ram:00040058	p_tmos_start_task	READ
ram:000060cc	central_task_event@ram:00005af0	ram:00000400	DAT_ram_00000400	PARAM
ram:000060d4	central_task_event@ram:00005af0	ram:20002fdc	DAT_ram_20002fdc	READ
ram:000060de	central_task_event@ram:00005af0	ram:00005b80	LAB_ram_00005b80	UNCONDITIONAL_JUMP
ram:000060e4	central_task_event@ram:00005af0	ram:0000636e	LAB_ram_0000636e	CONDITIONAL_JUMP
ram:000060ec	central_task_event@ram:00005af0	ram:20002fd8	DAT_ram_20002fd8	READ
ram:000060f0	central_task_event@ram:00005af0	ram:000060fa	LAB_ram_000060fa	CONDITIONAL_JUMP
ram:000060f8	central_task_event@ram:00005af0	ram:00006124	LAB_ram_00006124	UNCONDITIONAL_JUMP
ram:000060fe	central_task_event@ram:00005af0	ram:20004c14	DAT_ram_20004c14	READ
ram:00006102	central_task_event@ram:00005af0	ram:000061d0	LAB_ram_000061d0	CONDITIONAL_JUMP
ram:00006108	central_task_event@ram:00005af0	ram:20002fd6	DAT_ram_20002fd6	READ
ram:0000610c	central_task_event@ram:00005af0	ram:000061d0	LAB_ram_000061d0	CONDITIONAL_JUMP
ram:00006112	central_task_event@ram:00005af0	ram:20004c4a	DAT_ram_20004c48+2	READ
ram:00006116	central_task_event@ram:00005af0	ram:00006272	LAB_ram_00006272	CONDITIONAL_JUMP
ram:00006120	central_task_event@ram:00005af0	ram:20002fd4	DAT_ram_20002fd4	WRITE
ram:00006128	central_task_event@ram:00005af0	ram:20002fd8	DAT_ram_20002fd8	READ
ram:0000612c	central_task_event@ram:00005af0	ram:000061b2	LAB_ram_000061b2	CONDITIONAL_JUMP
ram:00006132	central_task_event@ram:00005af0	ram:20002fd5	DAT_ram_20002fd5	READ
ram:00006136	central_task_event@ram:00005af0	ram:00006318	LAB_ram_00006318	CONDITIONAL_JUMP
ram:00006142	central_task_event@ram:00005af0	ram:00040128	p_GATT_bm_alloc	READ
ram:0000614a	central_task_event@ram:00005af0	ram:20002fde	DAT_ram_20002fde	READ
ram:00006160	central_task_event@ram:00005af0	ram:20002f36	DAT_ram_20002f36	READ
ram:00006168	central_task_event@ram:00005af0	ram:000061b2	LAB_ram_000061b2	CONDITIONAL_JUMP
ram:0000616e	central_task_event@ram:00005af0	ram:20002fde	DAT_ram_20002fde	READ
ram:00006176	central_task_event@ram:00005af0	ram:20004a48	DAT_ram_20004a48	PARAM
ram:0000617a	central_task_event@ram:00005af0	ram:000078b2	memcpy	UNCONDITIONAL_CALL
ram:0000617e	central_task_event@ram:00005af0	ram:0004010c	p_GATT_WriteCharValue	READ
ram:00006186	central_task_event@ram:00005af0	ram:20002fdc	DAT_ram_20002fdc	READ
ram:00006190	central_task_event@ram:00005af0	ram:20002f36	DAT_ram_20002f36	READ
ram:00006196	central_task_event@ram:00005af0	ram:0000630c	LAB_ram_0000630c	CONDITIONAL_JUMP
ram:0000619e	central_task_event@ram:00005af0	ram:20002fde	DAT_ram_20002fde	WRITE
ram:000061a6	central_task_event@ram:00005af0	ram:20002fd5	DAT_ram_20002fd5	WRITE
ram:000061ae	central_task_event@ram:00005af0	ram:20002fd8	DAT_ram_20002fd8	WRITE
ram:000061b6	central_task_event@ram:00005af0	ram:00040058	p_tmos_start_task	READ
ram:000061c4	central_task_event@ram:00005af0	ram:20002fdc	DAT_ram_20002fdc	READ
ram:000061ce	central_task_event@ram:00005af0	ram:00005b80	LAB_ram_00005b80	UNCONDITIONAL_JUMP
ram:000061d4	central_task_event@ram:00005af0	ram:20002fd2	DAT_ram_20002fd2	READ
ram:000061dc	central_task_event@ram:00005af0	ram:20004c0c	DAT_ram_20004c0c	PARAM
ram:000061e6	central_task_event@ram:00005af0	ram:20004c30	DAT_ram_20004c30	PARAM
ram:000061ec	central_task_event@ram:00005af0	ram:20004c16	DAT_ram_20004c16	READ
ram:000061ec	central_task_event@ram:00005af0	ram:20004c18	DAT_ram_20004c18	READ
ram:000061f4	central_task_event@ram:00005af0	ram:00006276	LAB_ram_00006276	CONDITIONAL_JUMP
ram:000061fa	central_task_event@ram:00005af0	ram:20004c35	DAT_ram_20004c34+1	READ
ram:000061fa	central_task_event@ram:00005af0	ram:20004c36	DAT_ram_20004c34+2	READ
ram:00006200	central_task_event@ram:00005af0	ram:00006276	LAB_ram_00006276	CONDITIONAL_JUMP
ram:00006206	central_task_event@ram:00005af0	ram:20002fd2	DAT_ram_20002fd2	WRITE
ram:0000620c	central_task_event@ram:00005af0	ram:20004c35	DAT_ram_20004c34+1	WRITE
ram:0000620c	central_task_event@ram:00005af0	ram:20004c36	DAT_ram_20004c34+2	WRITE
ram:00006214	central_task_event@ram:00005af0	ram:00040058	p_tmos_start_task	READ
ram:00006222	central_task_event@ram:00005af0	ram:20002fdc	DAT_ram_20002fdc	READ
ram:0000622c	central_task_event@ram:00005af0	ram:20004c2c	DAT_ram_20004c2c	READ
ram:00006230	central_task_event@ram:00005af0	ram:00006280	LAB_ram_00006280	CONDITIONAL_JUMP
ram:00006236	central_task_event@ram:00005af0	ram:20004c40	DAT_ram_20004c40	READ
ram:0000623e	central_task_event@ram:00005af0	ram:20002fd2	DAT_ram_20002fd2	READ
ram:00006244	central_task_event@ram:00005af0	ram:00006280	LAB_ram_00006280	CONDITIONAL_JUMP
ram:0000624c	central_task_event@ram:00005af0	ram:20002fd2	DAT_ram_20002fd2	WRITE
ram:00006252	central_task_event@ram:00005af0	ram:20005252	DAT_ram_20005252	PARAM
ram:00006256	central_task_event@ram:00005af0	ram:20004c40	DAT_ram_20004c40	WRITE
ram:0000625e	central_task_event@ram:00005af0	ram:00040058	p_tmos_start_task	READ
ram:0000626c	central_task_event@ram:00005af0	ram:20002fdc	DAT_ram_20002fdc	READ
ram:00006274	central_task_event@ram:00005af0	ram:00006124	LAB_ram_00006124	UNCONDITIONAL_JUMP
ram:0000627a	central_task_event@ram:00005af0	ram:000061ec	LAB_ram_000061ec	CONDITIONAL_JUMP
ram:0000627e	central_task_event@ram:00005af0	ram:00006228	LAB_ram_00006228	UNCONDITIONAL_JUMP
ram:00006284	central_task_event@ram:00005af0	ram:20004c0c	DAT_ram_20004c0c	READ
ram:00006288	central_task_event@ram:00005af0	ram:000062aa	LAB_ram_000062aa	CONDITIONAL_JUMP
ram:0000628e	central_task_event@ram:00005af0	ram:20004c30	DAT_ram_20004c30	READ
ram:00006296	central_task_event@ram:00005af0	ram:20002fd2	DAT_ram_20002fd2	READ
ram:0000629c	central_task_event@ram:00005af0	ram:000062aa	LAB_ram_000062aa	CONDITIONAL_JUMP
ram:000062a0	central_task_event@ram:00005af0	ram:200052a0	DAT_ram_200052a0	PARAM
ram:000062a4	central_task_event@ram:00005af0	ram:20004c30	DAT_ram_20004c30	WRITE
ram:000062a8	central_task_event@ram:00005af0	ram:0000625a	LAB_ram_0000625a	UNCONDITIONAL_JUMP
ram:000062ae	central_task_event@ram:00005af0	ram:20004c09	DAT_ram_20004c09	READ
ram:000062b2	central_task_event@ram:00005af0	ram:000060f4	LAB_ram_000060f4	CONDITIONAL_JUMP
ram:000062ba	central_task_event@ram:00005af0	ram:20004c09	DAT_ram_20004c09	WRITE
ram:000062c2	central_task_event@ram:00005af0	ram:20004c44	DAT_ram_20004c44	READ
ram:000062c6	central_task_event@ram:00005af0	ram:000060f6	LAB_ram_000060f6	CONDITIONAL_JUMP
ram:000062d0	central_task_event@ram:00005af0	ram:20002fd5	DAT_ram_20002fd5	WRITE
ram:000062e0	central_task_event@ram:00005af0	ram:20002fde	DAT_ram_20002fde	READ
ram:000062ea	central_task_event@ram:00005af0	ram:20004a48	DAT_ram_20004a48	DATA
ram:00006302	central_task_event@ram:00005af0	ram:20002fde	DAT_ram_20002fde	WRITE
ram:00006306	central_task_event@ram:00005af0	ram:20004a48	DAT_ram_20004a48	DATA
ram:0000630a	central_task_event@ram:00005af0	ram:00006124	LAB_ram_00006124	UNCONDITIONAL_JUMP
ram:0000630c	central_task_event@ram:00005af0	ram:0004012c	p_GATT_bm_free	READ
ram:00006316	central_task_event@ram:00005af0	ram:000061b2	LAB_ram_000061b2	UNCONDITIONAL_JUMP
ram:0000631c	central_task_event@ram:00005af0	ram:20002fd4	DAT_ram_20002fd4	READ
ram:00006322	central_task_event@ram:00005af0	ram:000061b2	LAB_ram_000061b2	CONDITIONAL_JUMP
ram:00006326	central_task_event@ram:00005af0	ram:000061b2	LAB_ram_000061b2	CONDITIONAL_JUMP
ram:00006330	central_task_event@ram:00005af0	ram:00009038	s_ReadcentralCharHdl:%x_ram_00009038	PARAM
ram:00006338	central_task_event@ram:00005af0	ram:00007968	printf	UNCONDITIONAL_CALL
ram:00006340	central_task_event@ram:00005af0	ram:000400f4	p_GATT_ReadCharValue	READ
ram:00006348	central_task_event@ram:00005af0	ram:20002fdc	DAT_ram_20002fdc	READ
ram:00006352	central_task_event@ram:00005af0	ram:20002f36	DAT_ram_20002f36	READ
ram:00006358	central_task_event@ram:00005af0	ram:000061b2	LAB_ram_000061b2	CONDITIONAL_JUMP
ram:00006360	central_task_event@ram:00005af0	ram:20002fd4	DAT_ram_20002fd4	WRITE
ram:00006368	central_task_event@ram:00005af0	ram:20002fd8	DAT_ram_20002fd8	WRITE
ram:0000636c	central_task_event@ram:00005af0	ram:000061b2	LAB_ram_000061b2	UNCONDITIONAL_JUMP
ram:00006372	central_task_event@ram:00005af0	ram:00006416	LAB_ram_00006416	CONDITIONAL_JUMP
ram:00006378	central_task_event@ram:00005af0	ram:20002fd8	DAT_ram_20002fd8	READ
ram:0000637c	central_task_event@ram:00005af0	ram:00006402	LAB_ram_00006402	CONDITIONAL_JUMP
ram:00006382	central_task_event@ram:00005af0	ram:20002fd2	DAT_ram_20002fd2	READ
ram:00006394	central_task_event@ram:00005af0	ram:20004c0c	DAT_ram_20004c0c	DATA
ram:000063ac	central_task_event@ram:00005af0	ram:00040128	p_GATT_bm_alloc	READ
ram:000063ba	central_task_event@ram:00005af0	ram:20002f36	DAT_ram_20002f36	READ
ram:000063c2	central_task_event@ram:00005af0	ram:00006402	LAB_ram_00006402	CONDITIONAL_JUMP
ram:000063d4	central_task_event@ram:00005af0	ram:20002fdc	DAT_ram_20002fdc	READ
ram:000063dc	central_task_event@ram:00005af0	ram:0004010c	p_GATT_WriteCharValue	READ
ram:000063e6	central_task_event@ram:00005af0	ram:20002f36	DAT_ram_20002f36	READ
ram:000063ec	central_task_event@ram:00005af0	ram:0000640a	LAB_ram_0000640a	CONDITIONAL_JUMP
ram:000063f6	central_task_event@ram:00005af0	ram:20002fd8	DAT_ram_20002fd8	WRITE
ram:000063fe	central_task_event@ram:00005af0	ram:20002fd2	DAT_ram_20002fd2	WRITE
ram:00006406	central_task_event@ram:00005af0	ram:00005b80	LAB_ram_00005b80	UNCONDITIONAL_JUMP
ram:0000640a	central_task_event@ram:00005af0	ram:0004012c	p_GATT_bm_free	READ
ram:00006414	central_task_event@ram:00005af0	ram:00006402	LAB_ram_00006402	UNCONDITIONAL_JUMP
ram:0000641a	central_task_event@ram:00005af0	ram:00006474	LAB_ram_00006474	CONDITIONAL_JUMP
ram:00006420	central_task_event@ram:00005af0	ram:20002fd2	DAT_ram_20002fd2	READ
ram:00006432	central_task_event@ram:00005af0	ram:20004c0c	DAT_ram_20004c0c	DATA
ram:0000643a	central_task_event@ram:00005af0	ram:20002fdc	DAT_ram_20002fdc	READ
ram:00006448	central_task_event@ram:00005af0	ram:000400f4	p_GATT_ReadCharValue	READ
ram:00006450	central_task_event@ram:00005af0	ram:20002f36	DAT_ram_20002f36	READ
ram:00006456	central_task_event@ram:00005af0	ram:0000646c	LAB_ram_0000646c	CONDITIONAL_JUMP
ram:00006460	central_task_event@ram:00005af0	ram:20002fd8	DAT_ram_20002fd8	WRITE
ram:00006468	central_task_event@ram:00005af0	ram:20002fd2	DAT_ram_20002fd2	WRITE
ram:00006470	central_task_event@ram:00005af0	ram:00005b80	LAB_ram_00005b80	UNCONDITIONAL_JUMP
ram:0000647a	central_task_event@ram:00005af0	ram:00005b80	LAB_ram_00005b80	CONDITIONAL_JUMP
ram:00006482	central_task_event@ram:00005af0	ram:00040180	p_GAPRole_ReadRssiCmd	READ
ram:0000648a	central_task_event@ram:00005af0	ram:20002f36	DAT_ram_20002f36	READ
ram:00006490	central_task_event@ram:00005af0	ram:00040058	p_tmos_start_task	READ
ram:00006494	central_task_event@ram:00005af0	ram:00000960	DAT_ram_00000960	PARAM
ram:000064a0	central_task_event@ram:00005af0	ram:20002fdc	DAT_ram_20002fdc	READ
ram:000064aa	central_task_event@ram:00005af0	ram:00005b80	LAB_ram_00005b80	UNCONDITIONAL_JUMP
ram:000064b0	central_task_event@ram:00005af0	ram:00005c3c	LAB_ram_00005c3c	CONDITIONAL_JUMP
ram:000064b4	central_task_event@ram:00005af0	ram:00005bfe	LAB_ram_00005bfe	UNCONDITIONAL_JUMP
ram:000064be	central_link_reset@ram:000064b8	ram:20002fdb	DAT_ram_20002fdb	WRITE
ram:000064d2	central_link_reset@ram:000064b8	ram:20004c0c	DAT_ram_20004c0c	PARAM
ram:000064d6	central_link_reset@ram:000064b8	ram:200034d6	DAT_ram_200034d6	PARAM
ram:000064da	central_link_reset@ram:000064b8	ram:20002f36	DAT_ram_20002f36	WRITE
ram:000064e4	central_link_reset@ram:000064b8	ram:20002fd3	DAT_ram_20002fd3	WRITE
ram:000064ec	central_link_reset@ram:000064b8	ram:20002fd1	DAT_ram_20002fd1	WRITE
ram:000064f4	central_link_reset@ram:000064b8	ram:20002fda	DAT_ram_20002fda	WRITE
ram:000064fc	central_link_reset@ram:000064b8	ram:20002fc8	DAT_ram_20002fc8	WRITE
ram:00006504	central_link_reset@ram:000064b8	ram:20004c44	DAT_ram_20004c44	WRITE
ram:0000650c	central_link_reset@ram:000064b8	ram:20004c48	DAT_ram_20004c48	WRITE
ram:00006510	central_link_reset@ram:000064b8	ram:20004510	DAT_ram_20004510	PARAM
ram:00006514	central_link_reset@ram:000064b8	ram:20004c4c	DAT_ram_20004c4c	WRITE
ram:00006518	central_link_reset@ram:000064b8	ram:00001d1a	memset	UNCONDITIONAL_CALL
ram:0000651c	central_link_reset@ram:000064b8	ram:000004e0	DAT_ram_000004e0	PARAM
ram:00006526	central_link_reset@ram:000064b8	ram:20004c50	DAT_ram_20004c50	PARAM
ram:0000652a	central_link_reset@ram:000064b8	ram:00001d1a	memset	UNCONDITIONAL_CALL
ram:00006532	central_link_reset@ram:000064b8	ram:20004c30	DAT_ram_20004c30	WRITE
ram:0000653a	central_link_reset@ram:000064b8	ram:20004c34	DAT_ram_20004c34	WRITE
ram:00006542	central_link_reset@ram:000064b8	ram:20004c38	DAT_ram_20004c38	WRITE
ram:0000654a	central_link_reset@ram:000064b8	ram:20004c3c	DAT_ram_20004c3c	WRITE
ram:00006552	central_link_reset@ram:000064b8	ram:20004c40	DAT_ram_20004c40	WRITE
ram:0000655a	central_link_reset@ram:000064b8	ram:20002fcc	DAT_ram_20002fcc	WRITE
ram:00006562	central_link_reset@ram:000064b8	ram:20002fce	DAT_ram_20002fce	WRITE
ram:0000656a	central_link_reset@ram:000064b8	ram:20002fd2	DAT_ram_20002fd2	WRITE
ram:00006572	central_link_reset@ram:000064b8	ram:20002fd6	DAT_ram_20002fd6	WRITE
ram:0000657a	central_link_reset@ram:000064b8	ram:20002fd8	DAT_ram_20002fd8	WRITE
ram:00006582	central_link_reset@ram:000064b8	ram:20002fcf	DAT_ram_20002fcf	WRITE
ram:00006586	central_link_reset@ram:000064b8	ram:00006598	LAB_ram_00006598	CONDITIONAL_JUMP
ram:0000658c	central_link_reset@ram:000064b8	ram:20002f30	acc_peer_addr	WRITE
ram:00006594	central_link_reset@ram:000064b8	ram:20002f34	DAT_ram_20002f34	WRITE
ram:000065f8	adv_report_parse@ram:000065a0	ram:0000661a	LAB_ram_0000661a	CONDITIONAL_JUMP
ram:00006622	adv_report_parse@ram:000065a0	ram:000065fc	LAB_ram_000065fc	CONDITIONAL_JUMP
ram:00006628	adv_report_parse@ram:000065a0	ram:000065fc	LAB_ram_000065fc	CONDITIONAL_JUMP
ram:00006642	adv_report_parse@ram:000065a0	ram:00006664	LAB_ram_00006664	CONDITIONAL_JUMP
ram:00006648	adv_report_parse@ram:000065a0	ram:00006758	LAB_ram_00006758	CONDITIONAL_JUMP
ram:0000664e	adv_report_parse@ram:000065a0	ram:0000674e	LAB_ram_0000674e	CONDITIONAL_JUMP
ram:00006652	adv_report_parse@ram:000065a0	ram:0000665a	LAB_ram_0000665a	CONDITIONAL_JUMP
ram:00006656	adv_report_parse@ram:000065a0	ram:00006734	LAB_ram_00006734	CONDITIONAL_JUMP
ram:00006662	adv_report_parse@ram:000065a0	ram:000065f8	LAB_ram_000065f8	UNCONDITIONAL_JUMP
ram:00006666	adv_report_parse@ram:000065a0	ram:00006722	LAB_ram_00006722	CONDITIONAL_JUMP
ram:0000666e	adv_report_parse@ram:000065a0	ram:0000665a	LAB_ram_0000665a	CONDITIONAL_JUMP
ram:00006674	adv_report_parse@ram:000065a0	ram:000067be	LAB_ram_000067be	CONDITIONAL_JUMP
ram:0000667e	adv_report_parse@ram:000065a0	ram:000078b2	memcpy	UNCONDITIONAL_CALL
ram:0000668a	adv_report_parse@ram:000065a0	ram:0000665a	LAB_ram_0000665a	CONDITIONAL_JUMP
ram:00006696	adv_report_parse@ram:000065a0	ram:0000665a	LAB_ram_0000665a	CONDITIONAL_JUMP
ram:000066a2	adv_report_parse@ram:000065a0	ram:0000665a	LAB_ram_0000665a	CONDITIONAL_JUMP
ram:000066ae	adv_report_parse@ram:000065a0	ram:0000665a	LAB_ram_0000665a	CONDITIONAL_JUMP
ram:000066c6	adv_report_parse@ram:000065a0	ram:200028d6	FLASH_EEPROM_CMD	COMPUTED_CALL
ram:000066e0	adv_report_parse@ram:000065a0	ram:00006808	LAB_ram_00006808	CONDITIONAL_JUMP
ram:000066fe	adv_report_parse@ram:000065a0	ram:200028d6	FLASH_EEPROM_CMD	COMPUTED_CALL
ram:00006702	adv_report_parse@ram:000065a0	ram:0004003c	p_tmos_memcmp	READ
ram:00006710	adv_report_parse@ram:000065a0	ram:000067f4	LAB_ram_000067f4	CONDITIONAL_JUMP
ram:0000671c	adv_report_parse@ram:000065a0	ram:00001d1a	memset	UNCONDITIONAL_CALL
ram:00006720	adv_report_parse@ram:000065a0	ram:0000665a	LAB_ram_0000665a	UNCONDITIONAL_JUMP
ram:0000672a	adv_report_parse@ram:000065a0	ram:00006798	LAB_ram_00006798	CONDITIONAL_JUMP
ram:0000672e	adv_report_parse@ram:000065a0	ram:20004c5c	DAT_ram_20004c5c	DATA
ram:00006732	adv_report_parse@ram:000065a0	ram:0000665a	LAB_ram_0000665a	UNCONDITIONAL_JUMP
ram:00006740	adv_report_parse@ram:000065a0	ram:000091c4	s_16-bit_UUID:_0x%04X_ram_000091c4	PARAM
ram:00006744	adv_report_parse@ram:000065a0	ram:00006774	LAB_ram_00006774	CONDITIONAL_JUMP
ram:00006748	adv_report_parse@ram:000065a0	ram:20004c5a	DAT_ram_20004c5a	DATA
ram:0000674c	adv_report_parse@ram:000065a0	ram:0000665a	LAB_ram_0000665a	UNCONDITIONAL_JUMP
ram:00006752	adv_report_parse@ram:000065a0	ram:20004c58	DAT_ram_20004c58	DATA
ram:00006756	adv_report_parse@ram:000065a0	ram:0000665a	LAB_ram_0000665a	UNCONDITIONAL_JUMP
ram:0000675e	adv_report_parse@ram:000065a0	ram:20004c7e	DAT_ram_20004c7e	DATA
ram:00006762	adv_report_parse@ram:000065a0	ram:000078b2	memcpy	UNCONDITIONAL_CALL
ram:0000676e	adv_report_parse@ram:000065a0	ram:00004e1a	debug_hexdump	UNCONDITIONAL_CALL
ram:00006772	adv_report_parse@ram:000065a0	ram:0000665a	LAB_ram_0000665a	UNCONDITIONAL_JUMP
ram:00006784	adv_report_parse@ram:000065a0	ram:00006748	LAB_ram_00006748	CONDITIONAL_JUMP
ram:0000678a	adv_report_parse@ram:000065a0	ram:000091c4	s_16-bit_UUID:_0x%04X_ram_000091c4	PARAM
ram:0000678e	adv_report_parse@ram:000065a0	ram:00007968	printf	UNCONDITIONAL_CALL
ram:00006796	adv_report_parse@ram:000065a0	ram:00006738	LAB_ram_00006738	UNCONDITIONAL_JUMP
ram:000067a4	adv_report_parse@ram:000065a0	ram:000091dc	s_16-bit_ad_type:_%x_ram_000091dc	PARAM
ram:000067b2	adv_report_parse@ram:000065a0	ram:00007968	printf	UNCONDITIONAL_CALL
ram:000067bc	adv_report_parse@ram:000065a0	ram:00006726	LAB_ram_00006726	UNCONDITIONAL_JUMP
ram:000067be	adv_report_parse@ram:000065a0	ram:20004c5c	DAT_ram_20004c5c	DATA
ram:000067c6	adv_report_parse@ram:000065a0	ram:00006678	LAB_ram_00006678	CONDITIONAL_JUMP
ram:000067d0	adv_report_parse@ram:000065a0	ram:000091f0	s_Manufacturer_Data_Len:%d_ram_000091f0	PARAM
ram:000067d4	adv_report_parse@ram:000065a0	ram:00007968	printf	UNCONDITIONAL_CALL
ram:000067e2	adv_report_parse@ram:000065a0	ram:0000920c	s_%02X_ram_0000920c	PARAM
ram:000067e6	adv_report_parse@ram:000065a0	ram:00007968	printf	UNCONDITIONAL_CALL
ram:000067ee	adv_report_parse@ram:000065a0	ram:000067da	LAB_ram_000067da	CONDITIONAL_JUMP
ram:000067f2	adv_report_parse@ram:000065a0	ram:00006678	LAB_ram_00006678	UNCONDITIONAL_JUMP
ram:000067f4	adv_report_parse@ram:000065a0	ram:0004003c	p_tmos_memcmp	READ
ram:00006802	adv_report_parse@ram:000065a0	ram:00006714	LAB_ram_00006714	CONDITIONAL_JUMP
ram:00006806	adv_report_parse@ram:000065a0	ram:0000665a	LAB_ram_0000665a	UNCONDITIONAL_JUMP
ram:00006808	adv_report_parse@ram:000065a0	ram:00040000	LAB_ram_00040000	PARAM
ram:0000680c	adv_report_parse@ram:000065a0	ram:0004003c	p_tmos_memcmp	READ
ram:00006818	adv_report_parse@ram:000065a0	ram:0000665a	LAB_ram_0000665a	CONDITIONAL_JUMP
ram:00006820	adv_report_parse@ram:000065a0	ram:0004003c	p_tmos_memcmp	READ
ram:0000682c	adv_report_parse@ram:000065a0	ram:20002f30	acc_peer_addr	PARAM
ram:00006832	adv_report_parse@ram:000065a0	ram:0000665a	LAB_ram_0000665a	CONDITIONAL_JUMP
ram:00006844	adv_report_parse@ram:000065a0	ram:20002f30	acc_peer_addr	WRITE
ram:00006848	adv_report_parse@ram:000065a0	ram:20002848	FUN_ram_20002848	PARAM
ram:0000684c	adv_report_parse@ram:000065a0	ram:20002f34	DAT_ram_20002f34	WRITE
ram:00006854	adv_report_parse@ram:000065a0	ram:200028d6	FLASH_EEPROM_CMD	COMPUTED_CALL
ram:00006858	adv_report_parse@ram:000065a0	ram:0000665a	LAB_ram_0000665a	UNCONDITIONAL_JUMP
ram:0000687e	acc_list_add@ram:0000685a	ram:20004c5c	DAT_ram_20004c5c	DATA
ram:00006882	acc_list_add@ram:0000685a	Stack[-0x20]		DATA
ram:00006888	acc_list_add@ram:0000685a	ram:0000696e	FUN_ram_0000696e	CONDITIONAL_JUMP
ram:0000688c	acc_list_add@ram:0000685a	ram:20004c7e	DAT_ram_20004c7e	DATA
ram:000068aa	acc_list_add@ram:0000685a	ram:0004003c	p_tmos_memcmp	READ
ram:000068b0	acc_list_add@ram:0000685a	ram:20004be5	DAT_ram_20004be5	PARAM
ram:000068b0	acc_list_add@ram:0000685a	ram:20004beb	DAT_ram_20004beb	PARAM
ram:000068b6	acc_list_add@ram:0000685a	ram:000068f6	LAB_ram_000068f6	CONDITIONAL_JUMP
ram:000068bc	acc_list_add@ram:0000685a	ram:20004b40	DAT_ram_20004b40	DATA
ram:000068c4	acc_list_add@ram:0000685a	ram:20004c03	DAT_ram_20004c03	READ
ram:000068c8	acc_list_add@ram:0000685a	ram:0000696e	FUN_ram_0000696e	CONDITIONAL_JUMP
ram:000068ca	acc_list_add@ram:0000685a	ram:0000696e	FUN_ram_0000696e	CONDITIONAL_JUMP
ram:000068ce	acc_list_add@ram:0000685a	ram:20004c03	DAT_ram_20004c03	WRITE
ram:000068e0	acc_list_add@ram:0000685a	Stack[-0x20]		DATA
ram:000068ec	acc_list_add@ram:0000685a	ram:20004b4a	DAT_ram_20004b4a	PARAM
ram:000068f2	acc_list_add@ram:0000685a	ram:000078b2	memcpy	UNCONDITIONAL_CALL
ram:000068fa	acc_list_add@ram:0000685a	ram:000068aa	LAB_ram_000068aa	CONDITIONAL_JUMP
ram:00006904	acc_list_add@ram:0000685a	ram:20004c08	DAT_ram_20004c08	READ
ram:0000691a	acc_list_add@ram:0000685a	ram:20004b4a	DAT_ram_20004b4a	DATA
ram:00006922	acc_list_add@ram:0000685a	ram:20004c08	DAT_ram_20004c08	READ
ram:0000692e	acc_list_add@ram:0000685a	ram:000078b2	memcpy	UNCONDITIONAL_CALL
ram:00006936	acc_list_add@ram:0000685a	ram:20004c08	DAT_ram_20004c08	READ
ram:0000693e	acc_list_add@ram:0000685a	ram:20004c03	DAT_ram_20004c03	DATA
ram:00006952	acc_list_add@ram:0000685a	ram:000078b2	memcpy	UNCONDITIONAL_CALL
ram:0000695a	acc_list_add@ram:0000685a	ram:20004c08	DAT_ram_20004c08	READ
ram:00006960	acc_list_add@ram:0000685a	ram:00006982	FUN_ram_00006982	CONDITIONAL_JUMP
ram:0000696a	acc_list_add@ram:0000685a	ram:20004c08	DAT_ram_20004c08	WRITE
ram:0000696e	FUN_ram_0000696e@ram:0000696e	Stack[0x1c]		DATA
ram:00006970	FUN_ram_0000696e@ram:0000696e	Stack[0x18]		DATA
ram:00006972	FUN_ram_0000696e@ram:0000696e	Stack[0x14]		DATA
ram:00006974	FUN_ram_0000696e@ram:0000696e	Stack[0x10]		DATA
ram:00006976	FUN_ram_0000696e@ram:0000696e	Stack[0xc]		DATA
ram:00006978	FUN_ram_0000696e@ram:0000696e	Stack[0x8]		DATA
ram:0000697a	FUN_ram_0000696e@ram:0000696e	Stack[0x4]		DATA
ram:0000697c	FUN_ram_0000696e@ram:0000696e	Stack[0x0]		DATA
ram:00006982	FUN_ram_00006982@ram:00006982	ram:20004982	DAT_ram_20004982	PARAM
ram:00006986	FUN_ram_00006982@ram:00006982	ram:20004c08	DAT_ram_20004c08	WRITE
ram:0000698a	FUN_ram_00006982@ram:00006982	ram:0000696e	FUN_ram_0000696e	UNCONDITIONAL_CALL
ram:00006992	central_event_cb@ram:0000698c	ram:00006c74	default	CONDITIONAL_JUMP
ram:0000699a	central_event_cb@ram:0000698c	ram:00008fe8	switchdataD_ram:00008fe8	PARAM
ram:000069a2	central_event_cb@ram:0000698c	ram:00008fe8	switchdataD_ram:00008fe8	DATA
ram:000069bc	central_event_cb@ram:0000698c	ram:00006b40	caseD_0	COMPUTED_JUMP
ram:000069bc	central_event_cb@ram:0000698c	ram:00006b52	caseD_1	COMPUTED_JUMP
ram:000069bc	central_event_cb@ram:0000698c	ram:00006a76	caseD_2	COMPUTED_JUMP
ram:000069bc	central_event_cb@ram:0000698c	ram:00006bb4	caseD_5	COMPUTED_JUMP
ram:000069bc	central_event_cb@ram:0000698c	ram:00006c54	caseD_6	COMPUTED_JUMP
ram:000069bc	central_event_cb@ram:0000698c	ram:000069be	caseD_d	COMPUTED_JUMP
ram:000069c2	central_event_cb@ram:0000698c	ram:20002fda	DAT_ram_20002fda	READ
ram:000069c8	central_event_cb@ram:0000698c	ram:00006a76	caseD_2	CONDITIONAL_JUMP
ram:000069f6	central_event_cb@ram:0000698c	ram:20002fda	DAT_ram_20002fda	READ
ram:000069fa	central_event_cb@ram:0000698c	ram:00006a54	LAB_ram_00006a54	CONDITIONAL_JUMP
ram:00006a0a	central_event_cb@ram:0000698c	ram:0004004c	p_tmos_memcpy	READ
ram:00006a1a	central_event_cb@ram:0000698c	ram:20002fda	DAT_ram_20002fda	READ
ram:00006a2a	central_event_cb@ram:0000698c	ram:20004c51	DAT_ram_20004c51	DATA
ram:00006a2e	central_event_cb@ram:0000698c	ram:000065a0	adv_report_parse	UNCONDITIONAL_CALL
ram:00006a36	central_event_cb@ram:0000698c	ram:20002fda	DAT_ram_20002fda	READ
ram:00006a3a	central_event_cb@ram:0000698c	ram:0000685a	acc_list_add	UNCONDITIONAL_CALL
ram:00006a44	central_event_cb@ram:0000698c	ram:20002fda	DAT_ram_20002fda	READ
ram:00006a4e	central_event_cb@ram:0000698c	ram:20002fda	DAT_ram_20002fda	WRITE
ram:00006a52	central_event_cb@ram:0000698c	ram:00006a76	caseD_2	UNCONDITIONAL_JUMP
ram:00006a58	central_event_cb@ram:0000698c	ram:0004003c	p_tmos_memcmp	READ
ram:00006a64	central_event_cb@ram:0000698c	ram:20004c52	DAT_ram_20004c52	PARAM
ram:00006a6a	central_event_cb@ram:0000698c	ram:00006a8c	LAB_ram_00006a8c	CONDITIONAL_JUMP
ram:00006a72	central_event_cb@ram:0000698c	ram:000065a0	adv_report_parse	UNCONDITIONAL_CALL
ram:00006a92	central_event_cb@ram:0000698c	ram:000069f2	LAB_ram_000069f2	UNCONDITIONAL_JUMP
ram:00006a9e	central_event_cb@ram:0000698c	ram:20002fda	DAT_ram_20002fda	READ
ram:00006aa2	central_event_cb@ram:0000698c	ram:00006b1a	LAB_ram_00006b1a	CONDITIONAL_JUMP
ram:00006aae	central_event_cb@ram:0000698c	ram:20004c5c	DAT_ram_20004c5c	READ
ram:00006aae	central_event_cb@ram:0000698c	ram:20004caa	DAT_ram_20004caa	READ
ram:00006aae	central_event_cb@ram:0000698c	ram:20004cf8	DAT_ram_20004cf8	READ
ram:00006ab2	central_event_cb@ram:0000698c	ram:00006a94	LAB_ram_00006a94	CONDITIONAL_JUMP
ram:00006ab6	central_event_cb@ram:0000698c	ram:20004c7e	DAT_ram_20004c7e	READ
ram:00006ab6	central_event_cb@ram:0000698c	ram:20004ccc	DAT_ram_20004ccc	READ
ram:00006ab6	central_event_cb@ram:0000698c	ram:20004d1a	DAT_ram_20004d1a	READ
ram:00006aba	central_event_cb@ram:0000698c	ram:0004003c	p_tmos_memcmp	READ
ram:00006ac4	central_event_cb@ram:0000698c	ram:20004c52	DAT_ram_20004c52	PARAM
ram:00006ac4	central_event_cb@ram:0000698c	ram:20004ca0	DAT_ram_20004ca0	PARAM
ram:00006ac6	central_event_cb@ram:0000698c	ram:20002f30	acc_peer_addr	PARAM
ram:00006aca	central_event_cb@ram:0000698c	ram:00006a94	LAB_ram_00006a94	CONDITIONAL_JUMP
ram:00006acc	central_event_cb@ram:0000698c	ram:00006a94	LAB_ram_00006a94	CONDITIONAL_JUMP
ram:00006ad4	central_event_cb@ram:0000698c	ram:20002f8a	remote_enabled	READ
ram:00006ad8	central_event_cb@ram:0000698c	ram:00006a94	LAB_ram_00006a94	CONDITIONAL_JUMP
ram:00006ae0	central_event_cb@ram:0000698c	ram:20004c7f	DAT_ram_20004c7f	READ
ram:00006ae8	central_event_cb@ram:0000698c	ram:00006b1a	LAB_ram_00006b1a	CONDITIONAL_JUMP
ram:00006aec	central_event_cb@ram:0000698c	ram:20004c80	DAT_ram_20004c80	READ
ram:00006af4	central_event_cb@ram:0000698c	ram:00006b1a	LAB_ram_00006b1a	CONDITIONAL_JUMP
ram:00006af8	central_event_cb@ram:0000698c	ram:20004c81	DAT_ram_20004c81	READ
ram:00006b00	central_event_cb@ram:0000698c	ram:00006b1a	LAB_ram_00006b1a	CONDITIONAL_JUMP
ram:00006b04	central_event_cb@ram:0000698c	ram:20004c82	DAT_ram_20004c82	READ
ram:00006b0c	central_event_cb@ram:0000698c	ram:00006b1a	LAB_ram_00006b1a	CONDITIONAL_JUMP
ram:00006b16	central_event_cb@ram:0000698c	ram:20002fcf	DAT_ram_20002fcf	WRITE
ram:00006b1e	central_event_cb@ram:0000698c	ram:20002fda	DAT_ram_20002fda	READ
ram:00006b22	central_event_cb@ram:0000698c	ram:00006b72	LAB_ram_00006b72	CONDITIONAL_JUMP
ram:00006b26	central_event_cb@ram:0000698c	ram:000004e0	DAT_ram_000004e0	PARAM
ram:00006b30	central_event_cb@ram:0000698c	ram:20004c50	DAT_ram_20004c50	PARAM
ram:00006b34	central_event_cb@ram:0000698c	ram:00001d1a	memset	UNCONDITIONAL_CALL
ram:00006b3c	central_event_cb@ram:0000698c	ram:20002fda	DAT_ram_20002fda	WRITE
ram:00006b44	central_event_cb@ram:0000698c	ram:000401b4	p_GAPRole_CentralStartDiscovery	READ
ram:00006b50	central_event_cb@ram:0000698c	ram:00006a76	caseD_2	UNCONDITIONAL_JUMP
ram:00006b70	central_event_cb@ram:0000698c	ram:00006a9a	LAB_ram_00006a9a	UNCONDITIONAL_JUMP
ram:00006b7e	central_event_cb@ram:0000698c	ram:20004c50	DAT_ram_20004c50	PARAM
ram:00006b86	central_event_cb@ram:0000698c	ram:000401bc	p_GAPRole_CentralEstablishLink	READ
ram:00006b94	central_event_cb@ram:0000698c	ram:20004c51	DAT_ram_20004c51	READ
ram:00006b98	central_event_cb@ram:0000698c	ram:20004c52	DAT_ram_20004c52	PARAM
ram:00006b9c	central_event_cb@ram:0000698c	ram:00040058	p_tmos_start_task	READ
ram:00006bac	central_event_cb@ram:0000698c	ram:20002fdc	DAT_ram_20002fdc	READ
ram:00006bb2	central_event_cb@ram:0000698c	ram:00006a76	caseD_2	UNCONDITIONAL_JUMP
ram:00006bb8	central_event_cb@ram:0000698c	ram:0004005c	p_tmos_stop_task	READ
ram:00006bc2	central_event_cb@ram:0000698c	ram:20002fdc	DAT_ram_20002fdc	READ
ram:00006bcc	central_event_cb@ram:0000698c	ram:00006c38	LAB_ram_00006c38	CONDITIONAL_JUMP
ram:00006bd8	central_event_cb@ram:0000698c	ram:20002fdb	DAT_ram_20002fdb	WRITE
ram:00006be0	central_event_cb@ram:0000698c	ram:20002f36	DAT_ram_20002f36	WRITE
ram:00006bea	central_event_cb@ram:0000698c	ram:20002fd8	DAT_ram_20002fd8	WRITE
ram:00006bf6	central_event_cb@ram:0000698c	ram:000400d8	p_GATT_ExchangeMTU	READ
ram:00006bfe	central_event_cb@ram:0000698c	ram:20002fdc	DAT_ram_20002fdc	READ
ram:00006c06	central_event_cb@ram:0000698c	ram:00040058	p_tmos_start_task	READ
ram:00006c08	central_event_cb@ram:0000698c	ram:00000640	DAT_ram_00000640	PARAM
ram:00006c12	central_event_cb@ram:0000698c	ram:20002fdc	DAT_ram_20002fdc	READ
ram:00006c18	central_event_cb@ram:0000698c	ram:00040058	p_tmos_start_task	READ
ram:00006c1c	central_event_cb@ram:0000698c	ram:00000c80	DAT_ram_00000c80	PARAM
ram:00006c26	central_event_cb@ram:0000698c	ram:20002fdc	DAT_ram_20002fdc	READ
ram:00006c2c	central_event_cb@ram:0000698c	ram:00040058	p_tmos_start_task	READ
ram:00006c2e	central_event_cb@ram:0000698c	ram:00000960	DAT_ram_00000960	PARAM
ram:00006c36	central_event_cb@ram:0000698c	ram:00006ba8	LAB_ram_00006ba8	UNCONDITIONAL_JUMP
ram:00006c3a	central_event_cb@ram:0000698c	ram:000064b8	central_link_reset	UNCONDITIONAL_CALL
ram:00006c3e	central_event_cb@ram:0000698c	ram:0004005c	p_tmos_stop_task	READ
ram:00006c48	central_event_cb@ram:0000698c	ram:20002fdc	DAT_ram_20002fdc	READ
ram:00006c4e	central_event_cb@ram:0000698c	ram:000401b4	p_GAPRole_CentralStartDiscovery	READ
ram:00006c52	central_event_cb@ram:0000698c	ram:00006b48	LAB_ram_00006b48	UNCONDITIONAL_JUMP
ram:00006c56	central_event_cb@ram:0000698c	ram:000064b8	central_link_reset	UNCONDITIONAL_CALL
ram:00006c5e	central_event_cb@ram:0000698c	ram:0004005c	p_tmos_stop_task	READ
ram:00006c68	central_event_cb@ram:0000698c	ram:20002fdc	DAT_ram_20002fdc	READ
ram:00006c6e	central_event_cb@ram:0000698c	ram:000401b4	p_GAPRole_CentralStartDiscovery	READ
ram:00006c72	central_event_cb@ram:0000698c	ram:00006b48	LAB_ram_00006b48	UNCONDITIONAL_JUMP
ram:00006c7c	periph_param_update_cb@ram:00006c78	ram:20002ffc	ble_conn_handle	READ
ram:00006c80	periph_param_update_cb@ram:00006c78	ram:00006cac	LAB_ram_00006cac	CONDITIONAL_JUMP
ram:00006c88	periph_param_update_cb@ram:00006c78	ram:20002ffe	DAT_ram_20002ffe	WRITE
ram:00006c90	periph_param_update_cb@ram:00006c78	ram:20003000	DAT_ram_20003000	WRITE
ram:00006c98	periph_param_update_cb@ram:00006c78	ram:20003002	DAT_ram_20003002	WRITE
ram:00006ca0	periph_param_update_cb@ram:00006c78	ram:20002fb1	DAT_ram_20002fb1	WRITE
ram:00006ca8	periph_param_update_cb@ram:00006c78	ram:20002fb2	DAT_ram_20002fb2	WRITE
ram:00006cc2	periph_task_event@ram:00006cb0	ram:00006cec	LAB_ram_00006cec	CONDITIONAL_JUMP
ram:00006cca	periph_task_event@ram:00006cb0	ram:0004006c	p_tmos_msg_receive	READ
ram:00006cd0	periph_task_event@ram:00006cb0	ram:20002f44	DAT_ram_20002f44	READ
ram:00006cd6	periph_task_event@ram:00006cb0	ram:00006cdc	LAB_ram_00006cdc	CONDITIONAL_JUMP
ram:00006cd8	periph_task_event@ram:00006cb0	ram:00040068	p_tmos_msg_deallocate	READ
ram:00006cf0	periph_task_event@ram:00006cb0	ram:00006d52	LAB_ram_00006d52	CONDITIONAL_JUMP
ram:00006cf6	periph_task_event@ram:00006cb0	ram:000401a4	p_GAPRole_PeripheralStartDevice	READ
ram:00006cfe	periph_task_event@ram:00006cb0	ram:20002e6c	PTR_periph_state_cb_ram_20002e6c	PARAM
ram:00006d06	periph_task_event@ram:00006cb0	ram:20005140	DAT_ram_20005140	PARAM
ram:00006d0e	periph_task_event@ram:00006cb0	ram:20002f44	DAT_ram_20002f44	READ
ram:00006d14	periph_task_event@ram:00006cb0	ram:00040058	p_tmos_start_task	READ
ram:00006d1a	periph_task_event@ram:00006cb0	ram:00000800	DAT_ram_00000800	PARAM
ram:00006d22	periph_task_event@ram:00006cb0	ram:20002f44	DAT_ram_20002f44	READ
ram:00006d28	periph_task_event@ram:00006cb0	ram:00040058	p_tmos_start_task	READ
ram:00006d34	periph_task_event@ram:00006cb0	ram:20002f44	DAT_ram_20002f44	READ
ram:00006d3a	periph_task_event@ram:00006cb0	ram:00040058	p_tmos_start_task	READ
ram:00006d3c	periph_task_event@ram:00006cb0	ram:00000640	DAT_ram_00000640	PARAM
ram:00006d46	periph_task_event@ram:00006cb0	ram:20002f44	DAT_ram_20002f44	READ
ram:00006d50	periph_task_event@ram:00006cb0	ram:00006ce0	LAB_ram_00006ce0	UNCONDITIONAL_JUMP
ram:00006d56	periph_task_event@ram:00006cb0	ram:00006eb0	LAB_ram_00006eb0	CONDITIONAL_JUMP
ram:00006d5a	periph_task_event@ram:00006cb0	ram:000047fe	name_variant_flag	UNCONDITIONAL_CALL
ram:00006d5e	periph_task_event@ram:00006cb0	ram:00006d7c	LAB_ram_00006d7c	CONDITIONAL_JUMP
ram:00006d64	periph_task_event@ram:00006cb0	ram:20002e9c	DAT_ram_20002e9c	READ
ram:00006d6c	periph_task_event@ram:00006cb0	ram:00006d7c	LAB_ram_00006d7c	CONDITIONAL_JUMP
ram:00006d74	periph_task_event@ram:00006cb0	ram:20002e9c	DAT_ram_20002e9c	WRITE
ram:00006d7a	periph_task_event@ram:00006cb0	ram:00006d94	LAB_ram_00006d94	UNCONDITIONAL_JUMP
ram:00006d7c	periph_task_event@ram:00006cb0	ram:000047fe	name_variant_flag	UNCONDITIONAL_CALL
ram:00006d82	periph_task_event@ram:00006cb0	ram:00006d94	LAB_ram_00006d94	CONDITIONAL_JUMP
ram:00006d88	periph_task_event@ram:00006cb0	ram:20002e9c	DAT_ram_20002e9c	READ
ram:00006d90	periph_task_event@ram:00006cb0	ram:00006d70	LAB_ram_00006d70	CONDITIONAL_JUMP
ram:00006d98	periph_task_event@ram:00006cb0	ram:20002f8a	remote_enabled	READ
ram:00006da0	periph_task_event@ram:00006cb0	ram:00006db4	LAB_ram_00006db4	CONDITIONAL_JUMP
ram:00006da6	periph_task_event@ram:00006cb0	ram:20002f89	host_iface_mode	READ
ram:00006dac	periph_task_event@ram:00006cb0	ram:00006db4	LAB_ram_00006db4	CONDITIONAL_JUMP
ram:00006db8	periph_task_event@ram:00006cb0	ram:20002ea6	DAT_ram_20002ea6	READ
ram:00006dbc	periph_task_event@ram:00006cb0	ram:00006dca	LAB_ram_00006dca	CONDITIONAL_JUMP
ram:00006dc0	periph_task_event@ram:00006cb0	ram:20002dc0	DAT_ram_20002dc0	PARAM
ram:00006dc4	periph_task_event@ram:00006cb0	ram:20002ea6	DAT_ram_20002ea6	WRITE
ram:00006dce	periph_task_event@ram:00006cb0	ram:00040048	p_tmos_memset	READ
ram:00006de2	periph_task_event@ram:00006cb0	ram:200042b0	DAT_ram_200042b0	PARAM
ram:00006df2	periph_task_event@ram:00006cb0	ram:200028d6	FLASH_EEPROM_CMD	COMPUTED_CALL
ram:00006df6	periph_task_event@ram:00006cb0	ram:0004003c	p_tmos_memcmp	READ
ram:00006e00	periph_task_event@ram:00006cb0	ram:200042be	DAT_ram_200042be	PARAM
ram:00006e08	periph_task_event@ram:00006cb0	ram:00006e3c	LAB_ram_00006e3c	CONDITIONAL_JUMP
ram:00006e0a	periph_task_event@ram:00006cb0	ram:0004004c	p_tmos_memcpy	READ
ram:00006e14	periph_task_event@ram:00006cb0	ram:200042be	DAT_ram_200042be	PARAM
ram:00006e1c	periph_task_event@ram:00006cb0	ram:20002e9e	s_MP305B_ram_20002e9e	PARAM
ram:00006e26	periph_task_event@ram:00006cb0	ram:00040174	p_GAPRole_SetParameter	READ
ram:00006e2e	periph_task_event@ram:00006cb0	ram:20002e98	scan_rsp_data	PARAM
ram:00006e3a	periph_task_event@ram:00006cb0	ram:00006e3e	LAB_ram_00006e3e	UNCONDITIONAL_JUMP
ram:00006e3c	periph_task_event@ram:00006cb0	ram:00006e22	LAB_ram_00006e22	CONDITIONAL_JUMP
ram:00006e46	periph_task_event@ram:00006cb0	ram:20002ff8	gaprole_state	READ
ram:00006e4a	periph_task_event@ram:00006cb0	ram:00006e94	LAB_ram_00006e94	CONDITIONAL_JUMP
ram:00006e56	periph_task_event@ram:00006cb0	ram:20002ff0	ble_conn_timer	READ
ram:00006e60	periph_task_event@ram:00006cb0	ram:20002ff0	ble_conn_timer	WRITE
ram:00006e6c	periph_task_event@ram:00006cb0	ram:20002ff4	ble_bind_state	READ
ram:00006e6e	periph_task_event@ram:00006cb0	ram:00006e8e	LAB_ram_00006e8e	CONDITIONAL_JUMP
ram:00006e76	periph_task_event@ram:00006cb0	ram:00006e94	LAB_ram_00006e94	CONDITIONAL_JUMP
ram:00006e7e	periph_task_event@ram:00006cb0	ram:0004017c	p_GAPRole_TerminateLink	READ
ram:00006e86	periph_task_event@ram:00006cb0	ram:20002ffc	ble_conn_handle	READ
ram:00006e8c	periph_task_event@ram:00006cb0	ram:00006e94	LAB_ram_00006e94	UNCONDITIONAL_JUMP
ram:00006e90	periph_task_event@ram:00006cb0	ram:00006e70	LAB_ram_00006e70	CONDITIONAL_JUMP
ram:00006e98	periph_task_event@ram:00006cb0	ram:00040058	p_tmos_start_task	READ
ram:00006e9a	periph_task_event@ram:00006cb0	ram:00000640	DAT_ram_00000640	PARAM
ram:00006ea4	periph_task_event@ram:00006cb0	ram:20002f44	DAT_ram_20002f44	READ
ram:00006eae	periph_task_event@ram:00006cb0	ram:00006ce0	LAB_ram_00006ce0	UNCONDITIONAL_JUMP
ram:00006eba	periph_task_event@ram:00006cb0	ram:00006ede	LAB_ram_00006ede	CONDITIONAL_JUMP
ram:00006ebc	periph_task_event@ram:00006cb0	ram:00004bb8	periodic_dispatch	UNCONDITIONAL_CALL
ram:00006ec4	periph_task_event@ram:00006cb0	ram:00040058	p_tmos_start_task	READ
ram:00006ec8	periph_task_event@ram:00006cb0	ram:00000800	DAT_ram_00000800	PARAM
ram:00006ece	periph_task_event@ram:00006cb0	ram:20002f44	DAT_ram_20002f44	READ
ram:00006edc	periph_task_event@ram:00006cb0	ram:00006ce0	LAB_ram_00006ce0	UNCONDITIONAL_JUMP
ram:00006ee2	periph_task_event@ram:00006cb0	ram:00006f08	LAB_ram_00006f08	CONDITIONAL_JUMP
ram:00006ee8	periph_task_event@ram:00006cb0	ram:40001043	WDOG_COUNT	WRITE
ram:00006ef0	periph_task_event@ram:00006cb0	ram:00040058	p_tmos_start_task	READ
ram:00006efc	periph_task_event@ram:00006cb0	ram:20002f44	DAT_ram_20002f44	READ
ram:00006f06	periph_task_event@ram:00006cb0	ram:00006ce0	LAB_ram_00006ce0	UNCONDITIONAL_JUMP
ram:00006f0c	periph_task_event@ram:00006cb0	ram:00006f36	LAB_ram_00006f36	CONDITIONAL_JUMP
ram:00006f12	periph_task_event@ram:00006cb0	ram:20002fb5	DAT_ram_20002fb5	READ
ram:00006f16	periph_task_event@ram:00006cb0	ram:00006f30	LAB_ram_00006f30	CONDITIONAL_JUMP
ram:00006f1c	periph_task_event@ram:00006cb0	ram:00040058	p_tmos_start_task	READ
ram:00006f22	periph_task_event@ram:00006cb0	ram:00000400	DAT_ram_00000400	PARAM
ram:00006f2a	periph_task_event@ram:00006cb0	ram:20002f44	DAT_ram_20002f44	READ
ram:00006f34	periph_task_event@ram:00006cb0	ram:00006ce0	LAB_ram_00006ce0	UNCONDITIONAL_JUMP
ram:00006f3c	periph_task_event@ram:00006cb0	ram:00006ce0	LAB_ram_00006ce0	CONDITIONAL_JUMP
ram:00006f44	periph_task_event@ram:00006cb0	ram:000401a8	p_GAPRole_PeripheralConnParamUpdateReq	READ
ram:00006f50	periph_task_event@ram:00006cb0	ram:20002f44	DAT_ram_20002f44	READ
ram:00006f60	periph_task_event@ram:00006cb0	ram:20002ffc	ble_conn_handle	READ
ram:00006f6a	periph_task_event@ram:00006cb0	ram:00006ce0	LAB_ram_00006ce0	UNCONDITIONAL_JUMP
ram:00006f74	af02_notify@ram:00006f6c	ram:00040128	p_GATT_bm_alloc	READ
ram:00006f92	af02_notify@ram:00006f6c	ram:20002ffc	ble_conn_handle	READ
ram:00006f9a	af02_notify@ram:00006f6c	ram:00006fea	LAB_ram_00006fea	CONDITIONAL_JUMP
ram:00006f9c	af02_notify@ram:00006f6c	ram:0004004c	p_tmos_memcpy	READ
ram:00006fa8	af02_notify@ram:00006f6c	ram:20002f44	DAT_ram_20002f44	READ
ram:00006fb2	af02_notify@ram:00006f6c	ram:20002ffc	ble_conn_handle	READ
ram:00006fba	af02_notify@ram:00006f6c	ram:00002d34	af02_notify_raw	UNCONDITIONAL_CALL
ram:00006fbe	af02_notify@ram:00006f6c	ram:00006fe0	LAB_ram_00006fe0	CONDITIONAL_JUMP
ram:00006fc2	af02_notify@ram:00006f6c	ram:20002fc2	DAT_ram_20002fc2	PARAM
ram:00006fc6	af02_notify@ram:00006f6c	ram:20002f88	notify_failed	WRITE
ram:00006fca	af02_notify@ram:00006f6c	ram:0004012c	p_GATT_bm_free	READ
ram:00006fe4	af02_notify@ram:00006f6c	ram:20002f88	notify_failed	WRITE
ram:00006fe8	af02_notify@ram:00006f6c	ram:00006fd4	LAB_ram_00006fd4	UNCONDITIONAL_JUMP
ram:00006ff0	af02_notify@ram:00006f6c	ram:20002f88	notify_failed	WRITE
ram:00006ff4	af02_notify@ram:00006f6c	ram:00006fd4	LAB_ram_00006fd4	UNCONDITIONAL_JUMP
ram:00006ffe	af01_notify@ram:00006ff6	ram:00040128	p_GATT_bm_alloc	READ
ram:0000701c	af01_notify@ram:00006ff6	ram:20002ffc	ble_conn_handle	READ
ram:00007024	af01_notify@ram:00006ff6	ram:00007074	LAB_ram_00007074	CONDITIONAL_JUMP
ram:00007026	af01_notify@ram:00006ff6	ram:0004004c	p_tmos_memcpy	READ
ram:00007032	af01_notify@ram:00006ff6	ram:20002f44	DAT_ram_20002f44	READ
ram:0000703c	af01_notify@ram:00006ff6	ram:20002ffc	ble_conn_handle	READ
ram:00007044	af01_notify@ram:00006ff6	ram:00002cdc	af01_notify_raw	UNCONDITIONAL_CALL
ram:00007048	af01_notify@ram:00006ff6	ram:0000706a	LAB_ram_0000706a	CONDITIONAL_JUMP
ram:0000704c	af01_notify@ram:00006ff6	ram:2000304c	DAT_ram_2000304c	PARAM
ram:00007050	af01_notify@ram:00006ff6	ram:20002f88	notify_failed	WRITE
ram:00007054	af01_notify@ram:00006ff6	ram:0004012c	p_GATT_bm_free	READ
ram:0000706e	af01_notify@ram:00006ff6	ram:20002f88	notify_failed	WRITE
ram:00007072	af01_notify@ram:00006ff6	ram:0000705e	LAB_ram_0000705e	UNCONDITIONAL_JUMP
ram:0000707a	af01_notify@ram:00006ff6	ram:20002f88	notify_failed	WRITE
ram:0000707e	af01_notify@ram:00006ff6	ram:0000705e	LAB_ram_0000705e	UNCONDITIONAL_JUMP
ram:00007088	periph_link_terminated@ram:00007080	ram:20002ffc	ble_conn_handle	READ
ram:0000708c	periph_link_terminated@ram:00007080	ram:000070e4	LAB_ram_000070e4	CONDITIONAL_JUMP
ram:00007098	periph_link_terminated@ram:00007080	ram:20002ffc	ble_conn_handle	WRITE
ram:000070a0	periph_link_terminated@ram:00007080	ram:20003000	DAT_ram_20003000	WRITE
ram:000070b2	periph_link_terminated@ram:00007080	ram:20002f89	host_iface_mode	READ
ram:000070b8	periph_link_terminated@ram:00007080	ram:000070c6	LAB_ram_000070c6	CONDITIONAL_JUMP
ram:000070c0	periph_link_terminated@ram:00007080	ram:20002f8a	remote_enabled	READ
ram:000070c4	periph_link_terminated@ram:00007080	ram:000070ca	LAB_ram_000070ca	CONDITIONAL_JUMP
ram:000070ce	periph_link_terminated@ram:00007080	ram:00040174	p_GAPRole_SetParameter	READ
ram:000070ea	FUN_ram_000070e6@ram:000070e6	ram:000070f8	LAB_ram_000070f8	CONDITIONAL_JUMP
ram:000070ee	FUN_ram_000070e6@ram:000070e6	ram:000070f8	LAB_ram_000070f8	CONDITIONAL_JUMP
ram:000070fc	FUN_ram_000070e6@ram:000070e6	ram:0004004c	p_tmos_memcpy	READ
ram:00007102	FUN_ram_000070e6@ram:000070e6	ram:000070f2	LAB_ram_000070f2	UNCONDITIONAL_JUMP
ram:0000710e	periph_state_cb@ram:00007106	Stack[-0x10]		DATA
ram:0000711a	periph_state_cb@ram:00007106	ram:0000722c	LAB_ram_0000722c	CONDITIONAL_JUMP
ram:0000711e	periph_state_cb@ram:00007106	ram:0000713c	LAB_ram_0000713c	CONDITIONAL_JUMP
ram:00007124	periph_state_cb@ram:00007106	ram:00007190	LAB_ram_00007190	CONDITIONAL_JUMP
ram:00007130	periph_state_cb@ram:00007106	ram:20002ff8	gaprole_state	WRITE
ram:00007134	periph_state_cb@ram:00007106	Stack[-0x10]		DATA
ram:0000713e	periph_state_cb@ram:00007106	ram:00007296	LAB_ram_00007296	CONDITIONAL_JUMP
ram:00007144	periph_state_cb@ram:00007106	ram:00007128	LAB_ram_00007128	CONDITIONAL_JUMP
ram:0000714e	periph_state_cb@ram:00007106	ram:00007178	LAB_ram_00007178	CONDITIONAL_JUMP
ram:00007156	periph_state_cb@ram:00007106	ram:20002ff0	ble_conn_timer	WRITE
ram:00007160	periph_state_cb@ram:00007106	ram:20002ffc	ble_conn_handle	READ
ram:0000716a	periph_state_cb@ram:00007106	ram:00007250	LAB_ram_00007250	CONDITIONAL_JUMP
ram:00007172	periph_state_cb@ram:00007106	ram:0004017c	p_GAPRole_TerminateLink	READ
ram:0000717e	periph_state_cb@ram:00007106	ram:00007128	LAB_ram_00007128	CONDITIONAL_JUMP
ram:0000718a	periph_state_cb@ram:00007106	ram:20002fb0	DAT_ram_20002fb0	WRITE
ram:0000718e	periph_state_cb@ram:00007106	ram:00007128	LAB_ram_00007128	UNCONDITIONAL_JUMP
ram:00007194	periph_state_cb@ram:00007106	ram:00040178	p_GAPRole_GetParameter	READ
ram:000071a0	periph_state_cb@ram:00007106	ram:20002fe8	DAT_ram_20002fe8	PARAM
ram:000071a8	periph_state_cb@ram:00007106	ram:20002fea	DAT_ram_20002fea	READ
ram:000071ac	periph_state_cb@ram:00007106	ram:20002feb	DAT_ram_20002feb	READ
ram:000071b0	periph_state_cb@ram:00007106	ram:20002fe8	DAT_ram_20002fe8	READ
ram:000071b8	periph_state_cb@ram:00007106	ram:20002fe9	DAT_ram_20002fe9	READ
ram:000071c4	periph_state_cb@ram:00007106	ram:20002fec	DAT_ram_20002fec	READ
ram:000071ea	periph_state_cb@ram:00007106	ram:20002eb4	DAT_ram_20002eb4	WRITE
ram:000071fe	periph_state_cb@ram:00007106	ram:20002eb5	DAT_ram_20002eb5	WRITE
ram:00007210	periph_state_cb@ram:00007106	ram:20002e98	scan_rsp_data	PARAM
ram:0000721c	periph_state_cb@ram:00007106	ram:2000321c	DAT_ram_2000321c	PARAM
ram:00007220	periph_state_cb@ram:00007106	ram:20002eb6	DAT_ram_20002eb6	WRITE
ram:00007224	periph_state_cb@ram:00007106	ram:00040174	p_GAPRole_SetParameter	READ
ram:0000722a	periph_state_cb@ram:00007106	ram:00007128	LAB_ram_00007128	UNCONDITIONAL_JUMP
ram:00007232	periph_state_cb@ram:00007106	ram:00007246	LAB_ram_00007246	CONDITIONAL_JUMP
ram:00007238	periph_state_cb@ram:00007106	ram:00007080	periph_link_terminated	UNCONDITIONAL_CALL
ram:00007242	periph_state_cb@ram:00007106	ram:20002fb0	DAT_ram_20002fb0	WRITE
ram:0000724a	periph_state_cb@ram:00007106	ram:20002ff4	ble_bind_state	WRITE
ram:0000724e	periph_state_cb@ram:00007106	ram:00007128	LAB_ram_00007128	UNCONDITIONAL_JUMP
ram:00007254	periph_state_cb@ram:00007106	ram:20002ffc	ble_conn_handle	WRITE
ram:00007266	periph_state_cb@ram:00007106	ram:20002ffe	DAT_ram_20002ffe	WRITE
ram:00007272	periph_state_cb@ram:00007106	ram:20002f44	DAT_ram_20002f44	READ
ram:0000727a	periph_state_cb@ram:00007106	ram:20003000	DAT_ram_20003000	WRITE
ram:00007284	periph_state_cb@ram:00007106	ram:20003284	DAT_ram_20003284	PARAM
ram:00007288	periph_state_cb@ram:00007106	ram:20003002	DAT_ram_20003002	WRITE
ram:00007290	periph_state_cb@ram:00007106	ram:00040058	p_tmos_start_task	READ
ram:00007294	periph_state_cb@ram:00007106	ram:00007178	LAB_ram_00007178	UNCONDITIONAL_JUMP
ram:0000729c	periph_state_cb@ram:00007106	ram:00007128	LAB_ram_00007128	CONDITIONAL_JUMP
ram:000072a2	periph_state_cb@ram:00007106	ram:00007080	periph_link_terminated	UNCONDITIONAL_CALL
ram:000072a4	periph_state_cb@ram:00007106	ram:00007182	LAB_ram_00007182	UNCONDITIONAL_JUMP
ram:000072e8	periph_app_init@ram:000072e0	ram:00040080	p_TMOS_ProcessEventRegister	READ
ram:000072f4	periph_app_init@ram:000072e0	ram:00006cb0	periph_task_event	PARAM
ram:00007304	periph_app_init@ram:000072e0	ram:20002f44	DAT_ram_20002f44	WRITE
ram:00007318	periph_app_init@ram:000072e0	ram:00040174	p_GAPRole_SetParameter	READ
ram:00007328	periph_app_init@ram:000072e0	ram:00040174	p_GAPRole_SetParameter	READ
ram:00007330	periph_app_init@ram:000072e0	ram:20002e98	scan_rsp_data	PARAM
ram:0000733c	periph_app_init@ram:000072e0	ram:00040174	p_GAPRole_SetParameter	READ
ram:00007344	periph_app_init@ram:000072e0	ram:20002e78	adv_data	PARAM
ram:00007350	periph_app_init@ram:000072e0	ram:00040174	p_GAPRole_SetParameter	READ
ram:00007360	periph_app_init@ram:000072e0	ram:00040174	p_GAPRole_SetParameter	READ
ram:0000736e	periph_app_init@ram:000072e0	ram:00040154	p_GAP_SetParamValue	READ
ram:0000737a	periph_app_init@ram:000072e0	ram:00040154	p_GAP_SetParamValue	READ
ram:00007386	periph_app_init@ram:000072e0	ram:00040154	p_GAP_SetParamValue	READ
ram:000073a4	periph_app_init@ram:000072e0	ram:00040168	p_GAPBondMgr_SetParameter	READ
ram:000073ac	periph_app_init@ram:000072e0	ram:00000407	DAT_ram_00000407	PARAM
ram:000073b2	periph_app_init@ram:000072e0	ram:00040168	p_GAPBondMgr_SetParameter	READ
ram:000073bc	periph_app_init@ram:000072e0	ram:00000400	DAT_ram_00000400	PARAM
ram:000073c2	periph_app_init@ram:000072e0	ram:00040168	p_GAPBondMgr_SetParameter	READ
ram:000073ca	periph_app_init@ram:000072e0	ram:00000401	DAT_ram_00000401	PARAM
ram:000073d0	periph_app_init@ram:000072e0	ram:00040168	p_GAPBondMgr_SetParameter	READ
ram:000073da	periph_app_init@ram:000072e0	ram:00000402	DAT_ram_00000402	PARAM
ram:000073e0	periph_app_init@ram:000072e0	ram:00040168	p_GAPBondMgr_SetParameter	READ
ram:000073ea	periph_app_init@ram:000072e0	ram:00000405	DAT_ram_00000405	PARAM
ram:000073f0	periph_app_init@ram:000072e0	ram:00040150	p_GGS_AddService	READ
ram:000073f8	periph_app_init@ram:000072e0	ram:00040134	p_GATTServApp_AddService	READ
ram:00007400	periph_app_init@ram:000072e0	ram:00003126	devinfo_register	UNCONDITIONAL_CALL
ram:00007408	periph_app_init@ram:000072e0	ram:000072a6	af_app_cb	PARAM
ram:0000740c	periph_app_init@ram:000072e0	ram:00002c6a	af_service_register	UNCONDITIONAL_CALL
ram:00007414	periph_app_init@ram:000072e0	ram:20002f38	PTR_FUN_ram_00006cae_ram_20002f38	PARAM
ram:00007418	periph_app_init@ram:000072e0	ram:00002efc	db_service_register	UNCONDITIONAL_CALL
ram:00007422	periph_app_init@ram:000072e0	ram:20002ffc	ble_conn_handle	PARAM
ram:00007428	periph_app_init@ram:000072e0	ram:20002ffc	ble_conn_handle	WRITE
ram:0000742a	periph_app_init@ram:000072e0	ram:20003000	DAT_ram_20003000	WRITE
ram:00007432	periph_app_init@ram:000072e0	ram:20002f40	PTR_FUN_ram_000070e6_ram_20002f40	PARAM
ram:00007436	periph_app_init@ram:000072e0	ram:00003144	FUN_ram_00003144	UNCONDITIONAL_CALL
ram:0000743a	periph_app_init@ram:000072e0	ram:000401dc	p_GAPRole_BroadcasterSetCB	READ
ram:00007442	periph_app_init@ram:000072e0	ram:20002fe0	DAT_ram_20002fe0	PARAM
ram:00007448	periph_app_init@ram:000072e0	ram:00040050	p_tmos_set_event	READ
ram:0000744a	periph_app_init@ram:000072e0	ram:20002f44	DAT_ram_20002f44	READ
ram:00007452	periph_app_init@ram:000072e0	ram:00004b14	periph_init	UNCONDITIONAL_CALL
ram:00007458	periph_app_init@ram:000072e0	ram:00002764	FUN_ram_00002764	UNCONDITIONAL_CALL
ram:00007468	FUN_ram_00007466@ram:00007466	ram:0000272a	FUN_ram_0000272a	UNCONDITIONAL_CALL
ram:0000747a	iap_flag_write@ram:0000746c	ram:20005150	DAT_ram_20005150	PARAM
ram:0000748a	iap_flag_write@ram:0000746c	ram:200028d6	FLASH_EEPROM_CMD	COMPUTED_CALL
ram:0000749c	iap_flag_write@ram:0000746c	ram:200028d6	FLASH_EEPROM_CMD	COMPUTED_CALL
ram:000074a0	iap_flag_write@ram:0000746c	ram:20005150	DAT_ram_20005150	PARAM
ram:000074a2	iap_flag_write@ram:0000746c	ram:20005150	DAT_ram_20005150	WRITE
ram:000074b8	iap_flag_write@ram:0000746c	ram:200028d6	FLASH_EEPROM_CMD	COMPUTED_JUMP
ram:000074c0	enter_iap@ram:000074bc	ram:00007466	FUN_ram_00007466	UNCONDITIONAL_CALL
ram:000074c4	enter_iap@ram:000074bc	ram:0000746c	iap_flag_write	UNCONDITIONAL_CALL
ram:000074ce	enter_iap@ram:000074bc	ram:20002572	sys_soft_reset	COMPUTED_CALL
ram:000074da	adv_mfr_tail_load@ram:000074d2	ram:00040048	p_tmos_memset	READ
ram:000074ee	adv_mfr_tail_load@ram:000074d2	ram:200042b0	DAT_ram_200042b0	PARAM
ram:000074fe	adv_mfr_tail_load@ram:000074d2	ram:200028d6	FLASH_EEPROM_CMD	COMPUTED_CALL
ram:00007502	adv_mfr_tail_load@ram:000074d2	ram:0004003c	p_tmos_memcmp	READ
ram:0000750a	adv_mfr_tail_load@ram:000074d2	ram:200042b0	DAT_ram_200042b0	PARAM
ram:00007512	adv_mfr_tail_load@ram:000074d2	ram:0000752a	LAB_ram_0000752a	CONDITIONAL_JUMP
ram:00007514	adv_mfr_tail_load@ram:000074d2	ram:0004004c	p_tmos_memcpy	READ
ram:0000751c	adv_mfr_tail_load@ram:000074d2	ram:200042b0	DAT_ram_200042b0	PARAM
ram:00007524	adv_mfr_tail_load@ram:000074d2	ram:20002e89	DAT_ram_20002e89	PARAM
ram:0000753a	adv_mfr_set_from_fc@ram:00007532	ram:0004004c	p_tmos_memcpy	READ
ram:00007546	adv_mfr_set_from_fc@ram:00007532	ram:20002e85	DAT_ram_20002e85	PARAM
ram:0000754c	adv_mfr_set_from_fc@ram:00007532	ram:000074d2	adv_mfr_tail_load	UNCONDITIONAL_CALL
ram:0000754e	adv_mfr_set_from_fc@ram:00007532	ram:00040174	p_GAPRole_SetParameter	READ
ram:0000756a	adv_mfr_tail_store@ram:00007568	Stack[-0x10]		DATA
ram:00007570	adv_mfr_tail_store@ram:00007568	ram:0004004c	p_tmos_memcpy	READ
ram:00007586	adv_mfr_tail_store@ram:00007568	ram:20002e89	DAT_ram_20002e89	PARAM
ram:0000758c	adv_mfr_tail_store@ram:00007568	ram:00040174	p_GAPRole_SetParameter	READ
ram:00007594	adv_mfr_tail_store@ram:00007568	ram:20002e78	adv_data	PARAM
ram:000075a8	adv_mfr_tail_store@ram:00007568	ram:200042b0	DAT_ram_200042b0	PARAM
ram:000075b6	adv_mfr_tail_store@ram:00007568	ram:200028d6	FLASH_EEPROM_CMD	COMPUTED_CALL
ram:000075c8	adv_mfr_tail_store@ram:00007568	ram:00007604	LAB_ram_00007604	CONDITIONAL_JUMP
ram:000075de	adv_mfr_tail_store@ram:00007568	ram:200028d6	FLASH_EEPROM_CMD	COMPUTED_CALL
ram:000075e8	adv_mfr_tail_store@ram:00007568	Stack[-0x10]		DATA
ram:000075f4	adv_mfr_tail_store@ram:00007568	ram:200042b0	DAT_ram_200042b0	PARAM
ram:00007600	adv_mfr_tail_store@ram:00007568	ram:200028d6	FLASH_EEPROM_CMD	COMPUTED_JUMP
ram:00007612	adv_mfr_tail_store@ram:00007568	ram:200042b0	DAT_ram_200042b0	WRITE
ram:00007616	adv_mfr_tail_store@ram:00007568	ram:000075c4	LAB_ram_000075c4	UNCONDITIONAL_JUMP
ram:0000761c	host_ids_load@ram:00007618	ram:00040048	p_tmos_memset	READ
ram:0000763e	host_ids_load@ram:00007618	ram:200042b0	DAT_ram_200042b0	PARAM
ram:0000764c	host_ids_load@ram:00007618	ram:200028d6	FLASH_EEPROM_CMD	COMPUTED_CALL
ram:00007666	host_ids_load@ram:00007618	ram:0004003c	p_tmos_memcmp	READ
ram:0000766c	host_ids_load@ram:00007618	ram:200042b0	DAT_ram_200042b0	PARAM
ram:0000766c	host_ids_load@ram:00007618	ram:200042c0	DAT_ram_200042c0	PARAM
ram:00007672	host_ids_load@ram:00007618	ram:0000767a	LAB_ram_0000767a	CONDITIONAL_JUMP
ram:0000767c	host_ids_load@ram:00007618	ram:00007666	LAB_ram_00007666	CONDITIONAL_JUMP
ram:00007684	host_ids_load@ram:00007618	ram:20002fee	DAT_ram_20002fee	WRITE
ram:000076a4	host_id_save@ram:00007696	ram:00007618	host_ids_load	UNCONDITIONAL_CALL
ram:000076aa	host_id_save@ram:00007696	ram:20002fee	DAT_ram_20002fee	READ
ram:000076b8	host_id_save@ram:00007696	ram:00007734	LAB_ram_00007734	CONDITIONAL_JUMP
ram:000076c0	host_id_save@ram:00007696	ram:0004004c	p_tmos_memcpy	READ
ram:000076de	host_id_save@ram:00007696	ram:200028d6	FLASH_EEPROM_CMD	COMPUTED_CALL
ram:000076f8	host_id_save@ram:00007696	ram:200042b0	DAT_ram_200042b0	PARAM
ram:00007704	host_id_save@ram:00007696	ram:200028d6	FLASH_EEPROM_CMD	COMPUTED_JUMP
ram:00007712	host_id_save@ram:00007696	ram:200042c0	DAT_ram_200042c0	PARAM
ram:00007714	host_id_save@ram:00007696	ram:200042b0	DAT_ram_200042b0	PARAM
ram:00007722	host_id_save@ram:00007696	ram:20002fee	DAT_ram_20002fee	READ
ram:00007728	host_id_save@ram:00007696	ram:0004004c	p_tmos_memcpy	READ
ram:0000772c	host_id_save@ram:00007696	ram:00007708	LAB_ram_00007708	CONDITIONAL_JUMP
ram:00007732	host_id_save@ram:00007696	ram:000076c4	LAB_ram_000076c4	UNCONDITIONAL_JUMP
ram:0000773a	host_id_save@ram:00007696	ram:0000771e	LAB_ram_0000771e	UNCONDITIONAL_JUMP
ram:0000774c	host_id_lookup@ram:0000773c	ram:00007618	host_ids_load	UNCONDITIONAL_CALL
ram:0000775e	host_id_lookup@ram:0000773c	ram:20002fee	DAT_ram_20002fee	READ
ram:00007762	host_id_lookup@ram:0000773c	ram:00007776	LAB_ram_00007776	CONDITIONAL_JUMP
ram:00007776	host_id_lookup@ram:0000773c	ram:0004003c	p_tmos_memcmp	READ
ram:00007780	host_id_lookup@ram:0000773c	ram:200042b0	DAT_ram_200042b0	PARAM
ram:00007786	host_id_lookup@ram:0000773c	ram:00007790	LAB_ram_00007790	CONDITIONAL_JUMP
ram:0000778e	host_id_lookup@ram:0000773c	ram:0000775a	LAB_ram_0000775a	UNCONDITIONAL_JUMP
ram:00007792	host_id_lookup@ram:0000773c	ram:00007768	LAB_ram_00007768	UNCONDITIONAL_JUMP
ram:000077a2	main@ram:00007794	ram:200023fe	FUN_ram_200023fe	COMPUTED_CALL
ram:000077ac	main@ram:00007794	ram:00002498	GPIOA_ModeCfg	UNCONDITIONAL_CALL
ram:000077b6	main@ram:00007794	ram:0000253e	GPIOB_ModeCfg	UNCONDITIONAL_CALL
ram:000077ba	main@ram:00007794	ram:40001000	DAT_ram_40001000	PARAM
ram:000077be	main@ram:00007794	ram:400010c8	PB_OUT	READ
ram:000077cc	main@ram:00007794	ram:400010c8	PB_OUT	WRITE
ram:000077d0	main@ram:00007794	ram:0000253e	GPIOB_ModeCfg	UNCONDITIONAL_CALL
ram:000077d8	main@ram:00007794	ram:00002812	uart0_init_115200	UNCONDITIONAL_CALL
ram:000077dc	main@ram:00007794	ram:000032b6	ble_lib_init	UNCONDITIONAL_CALL
ram:000077e0	main@ram:00007794	ram:000033d0	hal_init	UNCONDITIONAL_CALL
ram:000077e4	main@ram:00007794	ram:000401a0	p_GAPRole_PeripheralInit	READ
ram:000077ea	main@ram:00007794	ram:000401ac	p_GAPRole_CentralInit	READ
ram:000077f0	main@ram:00007794	ram:000072e0	periph_app_init	UNCONDITIONAL_CALL
ram:000077f4	main@ram:00007794	ram:00005744	central_app_init	UNCONDITIONAL_CALL
ram:000077fc	main@ram:00007794	ram:2000280a	FUN_ram_2000280a	COMPUTED_CALL
ram:0000780c	FUN_ram_00007804@ram:00007804	ram:00007c92	FUN_ram_00007c92	UNCONDITIONAL_CALL
ram:0000782c	FUN_ram_0000780e@ram:0000780e	ram:00007838	LAB_ram_00007838	CONDITIONAL_JUMP
ram:00007836	FUN_ram_0000780e@ram:0000780e	ram:00007802	LAB_ram_00007802	UNCONDITIONAL_JUMP
ram:00007840	FUN_ram_0000780e@ram:0000780e	ram:00009314	PTR_FUN_ram_000047c8_ram_00009314	READ
ram:00007842	FUN_ram_0000780e@ram:0000780e	ram:000047c8	FUN_ram_000047c8	COMPUTED_CALL
ram:00007844	FUN_ram_0000780e@ram:0000780e	ram:0000782c	LAB_ram_0000782c	UNCONDITIONAL_JUMP
ram:0000784c	FUN_ram_00007846@ram:00007846	ram:00009310	PTR_FUN_ram_00007d1e_ram_00009310	PARAM
ram:0000785e	FUN_ram_00007846@ram:00007846	Stack[-0x10]		DATA
ram:00007868	FUN_ram_00007846@ram:00007846	ram:00007896	LAB_ram_00007896	CONDITIONAL_JUMP
ram:0000786c	FUN_ram_00007846@ram:00007846	ram:00007800	FUN_ram_00007800	UNCONDITIONAL_CALL
ram:00007886	FUN_ram_00007846@ram:00007846	ram:000078a4	LAB_ram_000078a4	CONDITIONAL_JUMP
ram:00007890	FUN_ram_00007846@ram:00007846	Stack[-0x10]		DATA
ram:0000789c	FUN_ram_00007846@ram:00007846	ram:00009310	PTR_FUN_ram_00007d1e_ram_00009310	READ
ram:000078a0	FUN_ram_00007846@ram:00007846	ram:00007d1e	FUN_ram_00007d1e	COMPUTED_CALL
ram:000078a2	FUN_ram_00007846@ram:00007846	ram:00007868	LAB_ram_00007868	UNCONDITIONAL_JUMP
ram:000078aa	FUN_ram_00007846@ram:00007846	ram:00009310	PTR_FUN_ram_00007d1e_ram_00009310	READ
ram:000078ae	FUN_ram_00007846@ram:00007846	ram:00007d1e	FUN_ram_00007d1e	COMPUTED_CALL
ram:000078b0	FUN_ram_00007846@ram:00007846	ram:00007886	LAB_ram_00007886	UNCONDITIONAL_JUMP
ram:000078bc	memcpy@ram:000078b2	ram:000078c4	LAB_ram_000078c4	CONDITIONAL_JUMP
ram:000078c0	memcpy@ram:000078b2	ram:000078dc	LAB_ram_000078dc	CONDITIONAL_JUMP
ram:000078c6	memcpy@ram:000078b2	ram:00007966	LAB_ram_00007966	CONDITIONAL_JUMP
ram:000078d6	memcpy@ram:000078b2	ram:000078ca	LAB_ram_000078ca	CONDITIONAL_JUMP
ram:000078e2	memcpy@ram:000078b2	ram:000078f6	LAB_ram_000078f6	CONDITIONAL_JUMP
ram:000078f4	memcpy@ram:000078b2	ram:000078e2	LAB_ram_000078e2	UNCONDITIONAL_JUMP
ram:000078fe	memcpy@ram:000078b2	ram:0000795e	LAB_ram_0000795e	CONDITIONAL_JUMP
ram:00007952	memcpy@ram:000078b2	ram:000078fe	LAB_ram_000078fe	UNCONDITIONAL_JUMP
ram:0000795e	memcpy@ram:000078b2	ram:00007954	LAB_ram_00007954	CONDITIONAL_JUMP
ram:00007962	memcpy@ram:000078b2	ram:000078ca	LAB_ram_000078ca	CONDITIONAL_JUMP
ram:0000797c	printf@ram:00007968	ram:20002f48	PTR_DAT_ram_20002eb8_ram_20002f48	PARAM
ram:00007982	printf@ram:00007968	ram:20002f48	PTR_DAT_ram_20002eb8_ram_20002f48	READ
ram:0000798a	printf@ram:00007968	ram:00007994	LAB_ram_00007994	CONDITIONAL_JUMP
ram:0000798c	printf@ram:00007968	ram:20002ed0	DAT_ram_20002ed0	READ
ram:0000798e	printf@ram:00007968	ram:00007994	LAB_ram_00007994	CONDITIONAL_JUMP
ram:00007990	printf@ram:00007968	ram:20002eb8	DAT_ram_20002eb8	PARAM
ram:00007992	printf@ram:00007968	ram:00007f90	FUN_ram_00007f90	UNCONDITIONAL_CALL
ram:00007994	printf@ram:00007968	ram:20002ec0	PTR_DAT_ram_00009254_ram_20002ec0	READ
ram:00007994	printf@ram:00007968	ram:00009254	DAT_ram_00009254	PARAM
ram:0000799a	printf@ram:00007968	ram:20002eb8	DAT_ram_20002eb8	PARAM
ram:0000799e	printf@ram:00007968	ram:00008402	FUN_ram_00008402	UNCONDITIONAL_CALL
ram:000079b2	putchar@ram:000079ac	ram:20002f48	PTR_DAT_ram_20002eb8_ram_20002f48	PARAM
ram:000079b8	putchar@ram:000079ac	ram:20002f48	PTR_DAT_ram_20002eb8_ram_20002f48	READ
ram:000079be	putchar@ram:000079ac	ram:000079cc	LAB_ram_000079cc	CONDITIONAL_JUMP
ram:000079c0	putchar@ram:000079ac	ram:20002ed0	DAT_ram_20002ed0	READ
ram:000079c2	putchar@ram:000079ac	ram:000079cc	LAB_ram_000079cc	CONDITIONAL_JUMP
ram:000079c6	putchar@ram:000079ac	ram:20002eb8	DAT_ram_20002eb8	PARAM
ram:000079c8	putchar@ram:000079ac	ram:00007f90	FUN_ram_00007f90	UNCONDITIONAL_CALL
ram:000079cc	putchar@ram:000079ac	ram:20002ec0	PTR_DAT_ram_00009254_ram_20002ec0	READ
ram:000079cc	putchar@ram:000079ac	ram:00009254	DAT_ram_00009254	PARAM
ram:000079ce	putchar@ram:000079ac	ram:20002eb8	DAT_ram_20002eb8	PARAM
ram:000079d6	putchar@ram:000079ac	ram:00008a52	FUN_ram_00008a52	UNCONDITIONAL_CALL
ram:000079ec	FUN_ram_00007ab4@ram:00007ab4	ram:000079f4	LAB_ram_000079f4	CONDITIONAL_JUMP
ram:000079ee	FUN_ram_00007ab4@ram:00007ab4	ram:20002ed0	DAT_ram_20002ed0	READ
ram:000079f0	FUN_ram_00007ab4@ram:00007ab4	ram:000079f4	LAB_ram_000079f4	CONDITIONAL_JUMP
ram:000079f2	FUN_ram_00007ab4@ram:00007ab4	ram:00007f90	FUN_ram_00007f90	UNCONDITIONAL_CALL
ram:000079f4	FUN_ram_00007ab4@ram:00007ab4	ram:20002ed0	DAT_ram_20002ed0	READ
ram:000079f6	FUN_ram_00007ab4@ram:00007ab4	ram:20002ec0	PTR_DAT_ram_00009254_ram_20002ec0	READ
ram:000079f8	FUN_ram_00007ab4@ram:00007ab4	ram:000079fe	LAB_ram_000079fe	CONDITIONAL_JUMP
ram:000079fa	FUN_ram_00007ab4@ram:00007ab4	ram:20002eb8	DAT_ram_20002eb8	PARAM
ram:000079fc	FUN_ram_00007ab4@ram:00007ab4	ram:00007f90	FUN_ram_00007f90	UNCONDITIONAL_CALL
ram:00007a06	FUN_ram_00007ab4@ram:00007ab4	ram:00007a3e	LAB_ram_00007a3e	CONDITIONAL_JUMP
ram:00007a0a	FUN_ram_00007ab4@ram:00007ab4	ram:20002ebc	PTR_DAT_ram_00009234_ram_20002ebc	READ
ram:00007a0c	FUN_ram_00007ab4@ram:00007ab4	ram:00009260	DAT_ram_00009260	READ
ram:00007a0c	FUN_ram_00007ab4@ram:00007ab4	ram:00009220	DAT_ram_00009220	READ
ram:00007a0c	FUN_ram_00007ab4@ram:00007ab4	ram:00009240	DAT_ram_00009240	READ
ram:00007a12	FUN_ram_00007ab4@ram:00007ab4	ram:00007a5e	LAB_ram_00007a5e	CONDITIONAL_JUMP
ram:00007a14	FUN_ram_00007ab4@ram:00007ab4	ram:00009264	DAT_ram_00009264	READ
ram:00007a14	FUN_ram_00007ab4@ram:00007ab4	ram:00009224	DAT_ram_00009224	READ
ram:00007a14	FUN_ram_00007ab4@ram:00007ab4	ram:00009244	DAT_ram_00009244	READ
ram:00007a16	FUN_ram_00007ab4@ram:00007ab4	ram:00007a5e	LAB_ram_00007a5e	CONDITIONAL_JUMP
ram:00007a1c	FUN_ram_00007ab4@ram:00007ab4	ram:0000925c	DAT_ram_0000925c	READ
ram:00007a1c	FUN_ram_00007ab4@ram:00007ab4	ram:0000921c	DAT_ram_0000921c	READ
ram:00007a1c	FUN_ram_00007ab4@ram:00007ab4	ram:0000923c	DAT_ram_0000923c	READ
ram:00007a24	FUN_ram_00007ab4@ram:00007ab4	ram:00007a78	LAB_ram_00007a78	CONDITIONAL_JUMP
ram:00007a26	FUN_ram_00007ab4@ram:00007ab4	ram:0000925c	DAT_ram_0000925c	WRITE
ram:00007a26	FUN_ram_00007ab4@ram:00007ab4	ram:0000921c	DAT_ram_0000921c	WRITE
ram:00007a26	FUN_ram_00007ab4@ram:00007ab4	ram:0000923c	DAT_ram_0000923c	WRITE
ram:00007a28	FUN_ram_00007ab4@ram:00007ab4	ram:00007aa4	LAB_ram_00007aa4	CONDITIONAL_JUMP
ram:00007a2c	FUN_ram_00007ab4@ram:00007ab4	ram:00009254	DAT_ram_00009254	PARAM
ram:00007a2c	FUN_ram_00007ab4@ram:00007ab4	ram:00009214	DAT_ram_00009214	PARAM
ram:00007a2c	FUN_ram_00007ab4@ram:00007ab4	ram:00009234	DAT_ram_00009234	PARAM
ram:00007a30	FUN_ram_00007ab4@ram:00007ab4	ram:20002eb8	DAT_ram_20002eb8	PARAM
ram:00007a32	FUN_ram_00007ab4@ram:00007ab4	ram:00007ac2	FUN_ram_00007ac2	UNCONDITIONAL_CALL
ram:00007a36	FUN_ram_00007ab4@ram:00007ab4	ram:00007a66	LAB_ram_00007a66	CONDITIONAL_JUMP
ram:00007a3c	FUN_ram_00007ab4@ram:00007ab4	ram:00007a68	LAB_ram_00007a68	UNCONDITIONAL_JUMP
ram:00007a46	FUN_ram_00007ab4@ram:00007ab4	ram:00007a4e	LAB_ram_00007a4e	CONDITIONAL_JUMP
ram:00007a4a	FUN_ram_00007ab4@ram:00007ab4	ram:20002ec0	PTR_DAT_ram_00009254_ram_20002ec0	READ
ram:00007a4c	FUN_ram_00007ab4@ram:00007ab4	ram:00007a0c	LAB_ram_00007a0c	UNCONDITIONAL_JUMP
ram:00007a56	FUN_ram_00007ab4@ram:00007ab4	ram:00007a0c	LAB_ram_00007a0c	CONDITIONAL_JUMP
ram:00007a5a	FUN_ram_00007ab4@ram:00007ab4	ram:20002ec4	PTR_DAT_ram_00009214_ram_20002ec4	READ
ram:00007a5c	FUN_ram_00007ab4@ram:00007ab4	ram:00007a0c	LAB_ram_00007a0c	UNCONDITIONAL_JUMP
ram:00007a5e	FUN_ram_00007ab4@ram:00007ab4	ram:00009254	DAT_ram_00009254	PARAM
ram:00007a60	FUN_ram_00007ab4@ram:00007ab4	ram:20002eb8	DAT_ram_20002eb8	PARAM
ram:00007a62	FUN_ram_00007ab4@ram:00007ab4	ram:00007b82	FUN_ram_00007b82	UNCONDITIONAL_CALL
ram:00007a64	FUN_ram_00007ab4@ram:00007ab4	ram:00007a18	LAB_ram_00007a18	CONDITIONAL_JUMP
ram:00007a78	FUN_ram_00007ab4@ram:00007ab4	ram:0000925c	DAT_ram_0000925c	WRITE
ram:00007a7c	FUN_ram_00007ab4@ram:00007ab4	ram:00007a8a	LAB_ram_00007a8a	CONDITIONAL_JUMP
ram:00007a80	FUN_ram_00007ab4@ram:00007ab4	ram:0000926c	DAT_ram_0000926c	READ
ram:00007a82	FUN_ram_00007ab4@ram:00007ab4	ram:00007a98	LAB_ram_00007a98	CONDITIONAL_JUMP
ram:00007a86	FUN_ram_00007ab4@ram:00007ab4	ram:00007a98	LAB_ram_00007a98	CONDITIONAL_JUMP
ram:00007a8a	FUN_ram_00007ab4@ram:00007ab4	ram:00009254	DAT_ram_00009254	READ
ram:00007a90	FUN_ram_00007ab4@ram:00007ab4	ram:00009254	DAT_ram_00009254	WRITE
ram:00007a96	FUN_ram_00007ab4@ram:00007ab4	ram:00007a1c	LAB_ram_00007a1c	UNCONDITIONAL_JUMP
ram:00007a98	FUN_ram_00007ab4@ram:00007ab4	ram:00009254	DAT_ram_00009254	PARAM
ram:00007a9a	FUN_ram_00007ab4@ram:00007ab4	ram:20002eb8	DAT_ram_20002eb8	PARAM
ram:00007a9c	FUN_ram_00007ab4@ram:00007ab4	ram:00007ac2	FUN_ram_00007ac2	UNCONDITIONAL_CALL
ram:00007a9e	FUN_ram_00007ab4@ram:00007ab4	ram:00007a1c	LAB_ram_00007a1c	CONDITIONAL_JUMP
ram:00007aa2	FUN_ram_00007ab4@ram:00007ab4	ram:00007a66	LAB_ram_00007a66	UNCONDITIONAL_JUMP
ram:00007aa4	FUN_ram_00007ab4@ram:00007ab4	ram:00009254	DAT_ram_00009254	READ
ram:00007aaa	FUN_ram_00007ab4@ram:00007ab4	ram:00009254	DAT_ram_00009254	WRITE
ram:00007ab2	FUN_ram_00007ab4@ram:00007ab4	ram:00007a3a	LAB_ram_00007a3a	UNCONDITIONAL_JUMP
ram:00007abe	FUN_ram_00007ab4@ram:00007ab4	ram:20002f48	PTR_DAT_ram_20002eb8_ram_20002f48	READ
ram:00007abe	FUN_ram_00007ab4@ram:00007ab4	ram:20002eb8	DAT_ram_20002eb8	PARAM
ram:00007ac0	FUN_ram_00007ab4@ram:00007ab4	ram:000079da	LAB_ram_000079da	UNCONDITIONAL_JUMP
ram:00007ad4	FUN_ram_00007ac2@ram:00007ac2	ram:00007adc	LAB_ram_00007adc	CONDITIONAL_JUMP
ram:00007ad8	FUN_ram_00007ac2@ram:00007ac2	ram:00007adc	LAB_ram_00007adc	CONDITIONAL_JUMP
ram:00007ada	FUN_ram_00007ac2@ram:00007ac2	ram:00007f90	FUN_ram_00007f90	UNCONDITIONAL_CALL
ram:00007ae4	FUN_ram_00007ac2@ram:00007ac2	ram:00007b56	LAB_ram_00007b56	CONDITIONAL_JUMP
ram:00007af4	FUN_ram_00007ac2@ram:00007ac2	ram:00007b76	LAB_ram_00007b76	CONDITIONAL_JUMP
ram:00007af8	FUN_ram_00007ac2@ram:00007ac2	ram:00007b76	LAB_ram_00007b76	CONDITIONAL_JUMP
ram:00007b0a	FUN_ram_00007ac2@ram:00007ac2	ram:00007b16	LAB_ram_00007b16	CONDITIONAL_JUMP
ram:00007b12	FUN_ram_00007ac2@ram:00007ac2	ram:00007e72	FUN_ram_00007e72	UNCONDITIONAL_CALL
ram:00007b14	FUN_ram_00007ac2@ram:00007ac2	ram:00007b7e	LAB_ram_00007b7e	CONDITIONAL_JUMP
ram:00007b2c	FUN_ram_00007ac2@ram:00007ac2	ram:00007b3e	LAB_ram_00007b3e	CONDITIONAL_JUMP
ram:00007b36	FUN_ram_00007ac2@ram:00007ac2	ram:00007b46	LAB_ram_00007b46	CONDITIONAL_JUMP
ram:00007b3a	FUN_ram_00007ac2@ram:00007ac2	ram:00007b46	LAB_ram_00007b46	CONDITIONAL_JUMP
ram:00007b42	FUN_ram_00007ac2@ram:00007ac2	ram:00007e72	FUN_ram_00007e72	UNCONDITIONAL_CALL
ram:00007b44	FUN_ram_00007ac2@ram:00007ac2	ram:00007b7e	LAB_ram_00007b7e	CONDITIONAL_JUMP
ram:00007b5e	FUN_ram_00007ac2@ram:00007ac2	ram:00007b66	LAB_ram_00007b66	CONDITIONAL_JUMP
ram:00007b64	FUN_ram_00007ac2@ram:00007ac2	ram:00007aea	LAB_ram_00007aea	UNCONDITIONAL_JUMP
ram:00007b6e	FUN_ram_00007ac2@ram:00007ac2	ram:00007aea	LAB_ram_00007aea	CONDITIONAL_JUMP
ram:00007b74	FUN_ram_00007ac2@ram:00007ac2	ram:00007aea	LAB_ram_00007aea	UNCONDITIONAL_JUMP
ram:00007b7a	FUN_ram_00007ac2@ram:00007ac2	ram:00007b82	FUN_ram_00007b82	UNCONDITIONAL_CALL
ram:00007b7c	FUN_ram_00007ac2@ram:00007ac2	ram:00007afa	LAB_ram_00007afa	CONDITIONAL_JUMP
ram:00007b80	FUN_ram_00007ac2@ram:00007ac2	ram:00007b46	LAB_ram_00007b46	UNCONDITIONAL_JUMP
ram:00007b8e	FUN_ram_00007b82@ram:00007b82	ram:20002f48	PTR_DAT_ram_20002eb8_ram_20002f48	READ
ram:00007b92	FUN_ram_00007b82@ram:00007b82	Stack[-0x10]		DATA
ram:00007b9a	FUN_ram_00007b82@ram:00007b82	ram:00007ba4	LAB_ram_00007ba4	CONDITIONAL_JUMP
ram:00007b9c	FUN_ram_00007b82@ram:00007b82	ram:20002ed0	DAT_ram_20002ed0	READ
ram:00007b9e	FUN_ram_00007b82@ram:00007b82	ram:00007ba4	LAB_ram_00007ba4	CONDITIONAL_JUMP
ram:00007ba0	FUN_ram_00007b82@ram:00007b82	ram:20002eb8	DAT_ram_20002eb8	PARAM
ram:00007ba2	FUN_ram_00007b82@ram:00007b82	ram:00007f90	FUN_ram_00007f90	UNCONDITIONAL_CALL
ram:00007bac	FUN_ram_00007b82@ram:00007b82	ram:00007be4	LAB_ram_00007be4	CONDITIONAL_JUMP
ram:00007bb0	FUN_ram_00007b82@ram:00007b82	ram:20002ebc	PTR_DAT_ram_00009234_ram_20002ebc	READ
ram:00007bb2	FUN_ram_00007b82@ram:00007b82	ram:00009240	DAT_ram_00009240	READ
ram:00007bb2	FUN_ram_00007b82@ram:00007b82	ram:00009260	DAT_ram_00009260	READ
ram:00007bb2	FUN_ram_00007b82@ram:00007b82	ram:00009220	DAT_ram_00009220	READ
ram:00007bc0	FUN_ram_00007b82@ram:00007b82	ram:00007c3c	LAB_ram_00007c3c	CONDITIONAL_JUMP
ram:00007bc6	FUN_ram_00007b82@ram:00007b82	ram:00007c04	LAB_ram_00007c04	CONDITIONAL_JUMP
ram:00007bd2	FUN_ram_00007b82@ram:00007b82	ram:00009240	DAT_ram_00009240	WRITE
ram:00007bd2	FUN_ram_00007b82@ram:00007b82	ram:00009260	DAT_ram_00009260	WRITE
ram:00007bd2	FUN_ram_00007b82@ram:00007b82	ram:00009220	DAT_ram_00009220	WRITE
ram:00007bde	FUN_ram_00007b82@ram:00007b82	Stack[-0x10]		DATA
ram:00007bec	FUN_ram_00007b82@ram:00007b82	ram:00007bf4	LAB_ram_00007bf4	CONDITIONAL_JUMP
ram:00007bf0	FUN_ram_00007b82@ram:00007b82	ram:20002ec0	PTR_DAT_ram_00009254_ram_20002ec0	READ
ram:00007bf2	FUN_ram_00007b82@ram:00007b82	ram:00007bb2	LAB_ram_00007bb2	UNCONDITIONAL_JUMP
ram:00007bfc	FUN_ram_00007b82@ram:00007b82	ram:00007bb2	LAB_ram_00007bb2	CONDITIONAL_JUMP
ram:00007c00	FUN_ram_00007b82@ram:00007b82	ram:20002ec4	PTR_DAT_ram_00009214_ram_20002ec4	READ
ram:00007c02	FUN_ram_00007b82@ram:00007b82	ram:00007bb2	LAB_ram_00007bb2	UNCONDITIONAL_JUMP
ram:00007c06	FUN_ram_00007b82@ram:00007b82	ram:00007c30	LAB_ram_00007c30	CONDITIONAL_JUMP
ram:00007c08	FUN_ram_00007b82@ram:00007b82	ram:00009268	DAT_ram_00009268	READ
ram:00007c0a	FUN_ram_00007b82@ram:00007b82	ram:00007c1c	LAB_ram_00007c1c	CONDITIONAL_JUMP
ram:00007c0c	FUN_ram_00007b82@ram:00007b82	ram:00009278	DAT_ram_00009278	PARAM
ram:00007c10	FUN_ram_00007b82@ram:00007b82	ram:00007c18	LAB_ram_00007c18	CONDITIONAL_JUMP
ram:00007c16	FUN_ram_00007b82@ram:00007b82	ram:000081fe	FUN_ram_000081fe	UNCONDITIONAL_CALL
ram:00007c18	FUN_ram_00007b82@ram:00007b82	ram:00009268	DAT_ram_00009268	WRITE
ram:00007c1c	FUN_ram_00007b82@ram:00007b82	ram:00009240	DAT_ram_00009240	READ
ram:00007c20	FUN_ram_00007b82@ram:00007b82	ram:00009238	DAT_ram_00009238	WRITE
ram:00007c28	FUN_ram_00007b82@ram:00007b82	ram:00009240	DAT_ram_00009240	WRITE
ram:00007c2c	FUN_ram_00007b82@ram:00007b82	ram:00009244	DAT_ram_00009244	READ
ram:00007c2e	FUN_ram_00007b82@ram:00007b82	ram:00009234	DAT_ram_00009234	WRITE
ram:00007c30	FUN_ram_00007b82@ram:00007b82	ram:00009240	DAT_ram_00009240	READ
ram:00007c38	FUN_ram_00007b82@ram:00007b82	ram:00009240	DAT_ram_00009240	WRITE
ram:00007c3c	FUN_ram_00007b82@ram:00007b82	ram:00009244	DAT_ram_00009244	READ
ram:00007c3e	FUN_ram_00007b82@ram:00007b82	ram:00007c56	LAB_ram_00007c56	CONDITIONAL_JUMP
ram:00007c40	FUN_ram_00007b82@ram:00007b82	ram:00009240	DAT_ram_00009240	READ
ram:00007c4c	FUN_ram_00007b82@ram:00007b82	ram:00007c56	LAB_ram_00007c56	CONDITIONAL_JUMP
ram:00007c50	FUN_ram_00007b82@ram:00007b82	ram:00009234	DAT_ram_00009234	PARAM
ram:00007c54	FUN_ram_00007b82@ram:00007b82	ram:00008160	FUN_ram_00008160	UNCONDITIONAL_CALL
ram:00007c56	FUN_ram_00007b82@ram:00007b82	ram:00009240	DAT_ram_00009240	READ
ram:00007c5e	FUN_ram_00007b82@ram:00007b82	ram:00007c86	LAB_ram_00007c86	CONDITIONAL_JUMP
ram:00007c60	FUN_ram_00007b82@ram:00007b82	ram:00009248	DAT_ram_00009248	READ
ram:00007c62	FUN_ram_00007b82@ram:00007b82	ram:0000923c	DAT_ram_0000923c	WRITE
ram:00007c6a	FUN_ram_00007b82@ram:00007b82	ram:0000924c	DAT_ram_0000924c	WRITE
ram:00007c6c	FUN_ram_00007b82@ram:00007b82	ram:00009244	DAT_ram_00009244	READ
ram:00007c70	FUN_ram_00007b82@ram:00007b82	ram:00007bd8	LAB_ram_00007bd8	CONDITIONAL_JUMP
ram:00007c72	FUN_ram_00007b82@ram:00007b82	ram:00009240	DAT_ram_00009240	READ
ram:00007c7a	FUN_ram_00007b82@ram:00007b82	ram:00007bd8	LAB_ram_00007bd8	CONDITIONAL_JUMP
ram:00007c80	FUN_ram_00007b82@ram:00007b82	ram:00009240	DAT_ram_00009240	WRITE
ram:00007c84	FUN_ram_00007b82@ram:00007b82	ram:00007bd6	LAB_ram_00007bd6	UNCONDITIONAL_JUMP
ram:00007c8a	FUN_ram_00007b82@ram:00007b82	ram:00007c8e	LAB_ram_00007c8e	CONDITIONAL_JUMP
ram:00007c8c	FUN_ram_00007b82@ram:00007b82	ram:00009248	DAT_ram_00009248	READ
ram:00007c8e	FUN_ram_00007b82@ram:00007b82	ram:0000923c	DAT_ram_0000923c	WRITE
ram:00007c90	FUN_ram_00007b82@ram:00007b82	ram:00007c6c	LAB_ram_00007c6c	UNCONDITIONAL_JUMP
ram:00007c9a	FUN_ram_00007c92@ram:00007c92	ram:20003004	DAT_ram_20003004	READ
ram:00007c9e	FUN_ram_00007c92@ram:00007c92	ram:00007cc8	LAB_ram_00007cc8	CONDITIONAL_JUMP
ram:00007cac	FUN_ram_00007c92@ram:00007c92	ram:20003004	DAT_ram_20003004	WRITE
ram:00007cac	FUN_ram_00007c92@ram:00007c92	ram:20006d60	DAT_ram_20006d60	DATA
ram:00007cba	FUN_ram_00007c92@ram:00007c92	ram:00007cc8	LAB_ram_00007cc8	CONDITIONAL_JUMP
ram:00007cc2	FUN_ram_00007c92@ram:00007c92	ram:20006de8	DAT_ram_20006de8	WRITE
ram:00007cc8	FUN_ram_00007c92@ram:00007c92	ram:20006d64	DAT_ram_20006d64	READ
ram:00007cce	FUN_ram_00007c92@ram:00007c92	ram:00007d1c	LAB_ram_00007d1c	CONDITIONAL_JUMP
ram:00007cd2	FUN_ram_00007c92@ram:00007c92	ram:00007d0e	LAB_ram_00007d0e	CONDITIONAL_JUMP
ram:00007cd6	FUN_ram_00007c92@ram:00007c92	ram:20006de8	DAT_ram_20006de8	READ
ram:00007cda	FUN_ram_00007c92@ram:00007c92	ram:00007d1c	LAB_ram_00007d1c	CONDITIONAL_JUMP
ram:00007d00	FUN_ram_00007c92@ram:00007c92	ram:00007d0e	LAB_ram_00007d0e	CONDITIONAL_JUMP
ram:00007d14	FUN_ram_00007c92@ram:00007c92	ram:20006d64	DAT_ram_20006d64	WRITE
ram:00007d18	FUN_ram_00007c92@ram:00007c92	ram:20006d68	DAT_ram_20006d68	DATA
ram:00007d26	FUN_ram_00007d1e@ram:00007d1e	ram:00007d34	LAB_ram_00007d34	CONDITIONAL_JUMP
ram:00007d2c	FUN_ram_00007d1e@ram:00007d1e	ram:0000780e	FUN_ram_0000780e	PARAM
ram:00007d30	FUN_ram_00007d1e@ram:00007d1e	ram:00007804	FUN_ram_00007804	UNCONDITIONAL_CALL
ram:00007d4e	FUN_ram_00007d36@ram:00007d36	ram:00007e2a	LAB_ram_00007e2a	CONDITIONAL_JUMP
ram:00007d52	FUN_ram_00007d36@ram:00007d36	ram:00007d6c	LAB_ram_00007d6c	CONDITIONAL_JUMP
ram:00007d58	FUN_ram_00007d36@ram:00007d36	ram:00007d6c	LAB_ram_00007d6c	CONDITIONAL_JUMP
ram:00007d6e	FUN_ram_00007d36@ram:00007d36	ram:00007d5c	LAB_ram_00007d5c	CONDITIONAL_JUMP
ram:00007d7c	FUN_ram_00007d36@ram:00007d36	ram:00007df6	LAB_ram_00007df6	CONDITIONAL_JUMP
ram:00007d88	FUN_ram_00007d36@ram:00007d36	ram:00007d96	LAB_ram_00007d96	CONDITIONAL_JUMP
ram:00007d90	FUN_ram_00007d36@ram:00007d36	ram:00007d96	LAB_ram_00007d96	CONDITIONAL_JUMP
ram:00007da6	FUN_ram_00007d36@ram:00007d36	ram:00007dc0	LAB_ram_00007dc0	CONDITIONAL_JUMP
ram:00007dae	FUN_ram_00007d36@ram:00007d36	ram:00007e1e	LAB_ram_00007e1e	CONDITIONAL_JUMP
ram:00007dbe	FUN_ram_00007d36@ram:00007d36	ram:00007e1e	LAB_ram_00007e1e	CONDITIONAL_JUMP
ram:00007dcc	FUN_ram_00007d36@ram:00007d36	ram:00007ddc	LAB_ram_00007ddc	CONDITIONAL_JUMP
ram:00007dd2	FUN_ram_00007d36@ram:00007d36	ram:00007dda	LAB_ram_00007dda	CONDITIONAL_JUMP
ram:00007dd8	FUN_ram_00007d36@ram:00007d36	ram:00007ddc	LAB_ram_00007ddc	CONDITIONAL_JUMP
ram:00007de2	FUN_ram_00007d36@ram:00007d36	ram:00007d5c	LAB_ram_00007d5c	CONDITIONAL_JUMP
ram:00007de8	FUN_ram_00007d36@ram:00007d36	ram:00007df0	LAB_ram_00007df0	CONDITIONAL_JUMP
ram:00007dee	FUN_ram_00007d36@ram:00007d36	ram:000081fe	FUN_ram_000081fe	UNCONDITIONAL_CALL
ram:00007df4	FUN_ram_00007d36@ram:00007d36	ram:00007d5c	LAB_ram_00007d5c	UNCONDITIONAL_JUMP
ram:00007e04	FUN_ram_00007d36@ram:00007d36	ram:00007d82	LAB_ram_00007d82	CONDITIONAL_JUMP
ram:00007e0a	FUN_ram_00007d36@ram:00007d36	ram:00007d82	LAB_ram_00007d82	CONDITIONAL_JUMP
ram:00007e0e	FUN_ram_00007d36@ram:00007d36	ram:00007e18	LAB_ram_00007e18	CONDITIONAL_JUMP
ram:00007e14	FUN_ram_00007d36@ram:00007d36	ram:00007e5c	LAB_ram_00007e5c	CONDITIONAL_JUMP
ram:00007e1c	FUN_ram_00007d36@ram:00007d36	ram:00007d5c	LAB_ram_00007d5c	UNCONDITIONAL_JUMP
ram:00007e28	FUN_ram_00007d36@ram:00007d36	ram:00007d5e	LAB_ram_00007d5e	UNCONDITIONAL_JUMP
ram:00007e2e	FUN_ram_00007d36@ram:00007d36	ram:00007d5c	LAB_ram_00007d5c	CONDITIONAL_JUMP
ram:00007e42	FUN_ram_00007d36@ram:00007d36	ram:00007e46	LAB_ram_00007e46	CONDITIONAL_JUMP
ram:00007e48	FUN_ram_00007d36@ram:00007d36	ram:00007d5c	LAB_ram_00007d5c	CONDITIONAL_JUMP
ram:00007e58	FUN_ram_00007d36@ram:00007d36	ram:00007e6a	LAB_ram_00007e6a	CONDITIONAL_JUMP
ram:00007e68	FUN_ram_00007d36@ram:00007d36	ram:00007e26	LAB_ram_00007e26	UNCONDITIONAL_JUMP
ram:00007e70	FUN_ram_00007d36@ram:00007d36	ram:00007e48	LAB_ram_00007e48	UNCONDITIONAL_JUMP
ram:00007e74	FUN_ram_00007e72@ram:00007e72	ram:00007ed2	LAB_ram_00007ed2	CONDITIONAL_JUMP
ram:00007e7e	FUN_ram_00007e72@ram:00007e72	ram:00007e8a	LAB_ram_00007e8a	CONDITIONAL_JUMP
ram:00007e82	FUN_ram_00007e72@ram:00007e72	ram:00007e8a	LAB_ram_00007e8a	CONDITIONAL_JUMP
ram:00007e86	FUN_ram_00007e72@ram:00007e72	ram:00007f90	FUN_ram_00007f90	UNCONDITIONAL_CALL
ram:00007e92	FUN_ram_00007e72@ram:00007e72	ram:00007ea8	LAB_ram_00007ea8	CONDITIONAL_JUMP
ram:00007e9c	FUN_ram_00007e72@ram:00007e72	ram:00007ec8	LAB_ram_00007ec8	CONDITIONAL_JUMP
ram:00007ea6	FUN_ram_00007e72@ram:00007e72	ram:00007d36	FUN_ram_00007d36	UNCONDITIONAL_CALL
ram:00007eb0	FUN_ram_00007e72@ram:00007e72	ram:00007eb8	LAB_ram_00007eb8	CONDITIONAL_JUMP
ram:00007eb6	FUN_ram_00007e72@ram:00007e72	ram:00007e98	LAB_ram_00007e98	UNCONDITIONAL_JUMP
ram:00007ec0	FUN_ram_00007e72@ram:00007e72	ram:00007e98	LAB_ram_00007e98	CONDITIONAL_JUMP
ram:00007ec6	FUN_ram_00007e72@ram:00007e72	ram:00007e98	LAB_ram_00007e98	UNCONDITIONAL_JUMP
ram:00007f0a	FUN_ram_00007ed6@ram:00007ed6	ram:00001d1a	memset	UNCONDITIONAL_CALL
ram:00007f16	FUN_ram_00007ed6@ram:00007ed6	ram:00008b08	FUN_ram_00008b08	DATA
ram:00007f20	FUN_ram_00007ed6@ram:00007ed6	ram:00008b38	DAT_ram_00008b38	DATA
ram:00007f2a	FUN_ram_00007ed6@ram:00007ed6	ram:00008b86	FUN_ram_00008b86	DATA
ram:00007f36	FUN_ram_00007ed6@ram:00007ed6	ram:00008bbc	LAB_ram_00008bbc	DATA
ram:00007f44	FUN_ram_00007f40@ram:00007f40	ram:00007e72	FUN_ram_00007e72	PARAM
ram:00007f48	FUN_ram_00007f40@ram:00007f40	ram:0000809a	FUN_ram_0000809a	UNCONDITIONAL_CALL
ram:00007f5a	FUN_ram_00007f4a@ram:00007f4a	Stack[-0x10]		DATA
ram:00007f66	FUN_ram_00007f4a@ram:00007f4a	ram:000082ae	FUN_ram_000082ae	UNCONDITIONAL_CALL
ram:00007f6a	FUN_ram_00007f4a@ram:00007f4a	ram:00007f82	LAB_ram_00007f82	CONDITIONAL_JUMP
ram:00007f7e	FUN_ram_00007f4a@ram:00007f4a	ram:00001d1a	memset	UNCONDITIONAL_CALL
ram:00007f8a	FUN_ram_00007f4a@ram:00007f4a	Stack[-0x10]		DATA
ram:00007f92	FUN_ram_00007f90@ram:00007f90	ram:00007ff8	LAB_ram_00007ff8	CONDITIONAL_JUMP
ram:00007fa2	FUN_ram_00007f90@ram:00007f90	ram:00007f40	FUN_ram_00007f40	DATA
ram:00007fac	FUN_ram_00007f90@ram:00007f90	ram:0000930c	PTR_DAT_ram_20002eb8_ram_0000930c	READ
ram:00007fac	FUN_ram_00007f90@ram:00007f90	ram:20002eb8	DAT_ram_20002eb8	PARAM
ram:00007fba	FUN_ram_00007f90@ram:00007f90	ram:00007fc2	LAB_ram_00007fc2	CONDITIONAL_JUMP
ram:00007fc4	FUN_ram_00007f90@ram:00007f90	ram:00007ffa	FUN_ram_00007ffa	UNCONDITIONAL_CALL
ram:00007fca	FUN_ram_00007f90@ram:00007f90	ram:00007ffa	FUN_ram_00007ffa	UNCONDITIONAL_CALL
ram:00007fd0	FUN_ram_00007f90@ram:00007f90	ram:00007ffa	FUN_ram_00007ffa	UNCONDITIONAL_CALL
ram:00007fda	FUN_ram_00007f90@ram:00007f90	ram:00007ed6	FUN_ram_00007ed6	UNCONDITIONAL_CALL
ram:00007fe2	FUN_ram_00007f90@ram:00007f90	ram:00007ed6	FUN_ram_00007ed6	UNCONDITIONAL_CALL
ram:00007fea	FUN_ram_00007f90@ram:00007f90	ram:00007ed6	FUN_ram_00007ed6	UNCONDITIONAL_CALL
ram:00008006	FUN_ram_00007ffa@ram:00007ffa	ram:0000930c	PTR_DAT_ram_20002eb8_ram_0000930c	READ
ram:00008008	FUN_ram_00007ffa@ram:00007ffa	Stack[-0x10]		DATA
ram:0000800c	FUN_ram_00007ffa@ram:00007ffa	ram:20002ed0	DAT_ram_20002ed0	READ
ram:00008012	FUN_ram_00007ffa@ram:00007ffa	ram:00008018	LAB_ram_00008018	CONDITIONAL_JUMP
ram:00008014	FUN_ram_00007ffa@ram:00007ffa	ram:20002eb8	DAT_ram_20002eb8	PARAM
ram:00008016	FUN_ram_00007ffa@ram:00007ffa	ram:00007f90	FUN_ram_00007f90	UNCONDITIONAL_CALL
ram:0000801c	FUN_ram_00007ffa@ram:00007ffa	ram:20002f08	DAT_ram_20002f08	READ
ram:0000801e	FUN_ram_00007ffa@ram:00007ffa	ram:20002f04	DAT_ram_20002f04	READ
ram:00008022	FUN_ram_00007ffa@ram:00007ffa	ram:0000802e	LAB_ram_0000802e	CONDITIONAL_JUMP
ram:00008026	FUN_ram_00007ffa@ram:00007ffa	ram:20002f00	DAT_ram_20002f00	READ
ram:00008028	FUN_ram_00007ffa@ram:00007ffa	ram:00008086	LAB_ram_00008086	CONDITIONAL_JUMP
ram:0000802a	FUN_ram_00007ffa@ram:00007ffa	ram:20002f00	DAT_ram_20002f00	READ
ram:0000802c	FUN_ram_00007ffa@ram:00007ffa	ram:0000801c	LAB_ram_0000801c	UNCONDITIONAL_JUMP
ram:00008032	FUN_ram_00007ffa@ram:00007ffa	ram:00008080	LAB_ram_00008080	CONDITIONAL_JUMP
ram:0000805e	FUN_ram_00007ffa@ram:00007ffa	ram:00001d1a	memset	UNCONDITIONAL_CALL
ram:0000807a	FUN_ram_00007ffa@ram:00007ffa	Stack[-0x10]		DATA
ram:00008084	FUN_ram_00007ffa@ram:00007ffa	ram:00008020	LAB_ram_00008020	UNCONDITIONAL_JUMP
ram:0000808a	FUN_ram_00007ffa@ram:00007ffa	ram:00007f4a	FUN_ram_00007f4a	UNCONDITIONAL_CALL
ram:0000808e	FUN_ram_00007ffa@ram:00007ffa	ram:0000802a	LAB_ram_0000802a	CONDITIONAL_JUMP
ram:00008098	FUN_ram_00007ffa@ram:00007ffa	ram:00008072	LAB_ram_00008072	UNCONDITIONAL_JUMP
ram:000080bc	FUN_ram_0000809a@ram:0000809a	ram:000080d6	LAB_ram_000080d6	CONDITIONAL_JUMP
ram:000080de	FUN_ram_0000809a@ram:0000809a	ram:000080e6	LAB_ram_000080e6	CONDITIONAL_JUMP
ram:000080e4	FUN_ram_0000809a@ram:0000809a	ram:000080bc	LAB_ram_000080bc	UNCONDITIONAL_JUMP
ram:000080ea	FUN_ram_0000809a@ram:0000809a	ram:00008100	LAB_ram_00008100	CONDITIONAL_JUMP
ram:000080f2	FUN_ram_0000809a@ram:0000809a	ram:00008100	LAB_ram_00008100	CONDITIONAL_JUMP
ram:00008104	FUN_ram_0000809a@ram:0000809a	ram:000080dc	LAB_ram_000080dc	UNCONDITIONAL_JUMP
ram:00008116	FUN_ram_00008106@ram:00008106	ram:0000812e	LAB_ram_0000812e	CONDITIONAL_JUMP
ram:00008126	FUN_ram_00008106@ram:00008106	ram:0000814e	LAB_ram_0000814e	CONDITIONAL_JUMP
ram:0000812c	FUN_ram_00008106@ram:00008106	ram:00008152	LAB_ram_00008152	UNCONDITIONAL_JUMP
ram:00008132	FUN_ram_00008106@ram:00008106	ram:00008c26	FUN_ram_00008c26	UNCONDITIONAL_CALL
ram:00008138	FUN_ram_00008106@ram:00008106	ram:0000811a	LAB_ram_0000811a	CONDITIONAL_JUMP
ram:0000814c	FUN_ram_00008106@ram:00008106	ram:00008128	LAB_ram_00008128	UNCONDITIONAL_JUMP
ram:00008152	FUN_ram_00008106@ram:00008106	ram:00000400	DAT_ram_00000400	DATA
ram:00008172	FUN_ram_00008160@ram:00008160	ram:0000818c	LAB_ram_0000818c	CONDITIONAL_JUMP
ram:00008192	FUN_ram_00008160@ram:00008160	ram:00008106	FUN_ram_00008106	UNCONDITIONAL_CALL
ram:0000819a	FUN_ram_00008160@ram:00008160	ram:000082ae	FUN_ram_000082ae	UNCONDITIONAL_CALL
ram:0000819c	FUN_ram_00008160@ram:00008160	ram:000081b4	LAB_ram_000081b4	CONDITIONAL_JUMP
ram:000081a6	FUN_ram_00008160@ram:00008160	ram:00008180	LAB_ram_00008180	CONDITIONAL_JUMP
ram:000081b2	FUN_ram_00008160@ram:00008160	ram:00008174	LAB_ram_00008174	UNCONDITIONAL_JUMP
ram:000081bc	FUN_ram_00008160@ram:00008160	ram:00007f40	FUN_ram_00007f40	DATA
ram:000081d4	FUN_ram_00008160@ram:00008160	ram:000081f0	LAB_ram_000081f0	CONDITIONAL_JUMP
ram:000081dc	FUN_ram_00008160@ram:00008160	ram:00008c58	FUN_ram_00008c58	UNCONDITIONAL_CALL
ram:000081e0	FUN_ram_00008160@ram:00008160	ram:000081f0	LAB_ram_000081f0	CONDITIONAL_JUMP
ram:000081fc	FUN_ram_00008160@ram:00008160	ram:00008180	LAB_ram_00008180	UNCONDITIONAL_JUMP
ram:000081fe	FUN_ram_000081fe@ram:000081fe	ram:000082ac	LAB_ram_000082ac	CONDITIONAL_JUMP
ram:00008210	FUN_ram_000081fe@ram:000081fe	ram:00008216	LAB_ram_00008216	CONDITIONAL_JUMP
ram:00008218	FUN_ram_000081fe@ram:000081fe	ram:00008cd6	FUN_ram_00008cd6	UNCONDITIONAL_CALL
ram:00008224	FUN_ram_000081fe@ram:000081fe	ram:20003008	DAT_ram_20003008	READ
ram:00008226	FUN_ram_000081fe@ram:000081fe	ram:00008242	LAB_ram_00008242	CONDITIONAL_JUMP
ram:0000822c	FUN_ram_000081fe@ram:000081fe	ram:2000322c	DAT_ram_2000322c	PARAM
ram:00008230	FUN_ram_000081fe@ram:000081fe	ram:20003008	DAT_ram_20003008	WRITE
ram:0000823e	FUN_ram_000081fe@ram:000081fe	ram:00008cd8	FUN_ram_00008cd8	UNCONDITIONAL_CALL
ram:00008242	FUN_ram_000081fe@ram:000081fe	ram:0000825e	LAB_ram_0000825e	CONDITIONAL_JUMP
ram:0000824c	FUN_ram_000081fe@ram:000081fe	ram:00008258	LAB_ram_00008258	CONDITIONAL_JUMP
ram:0000825a	FUN_ram_000081fe@ram:000081fe	ram:0000822c	LAB_ram_0000822c	UNCONDITIONAL_JUMP
ram:00008260	FUN_ram_000081fe@ram:000081fe	ram:00008266	LAB_ram_00008266	CONDITIONAL_JUMP
ram:00008262	FUN_ram_000081fe@ram:000081fe	ram:0000825c	LAB_ram_0000825c	CONDITIONAL_JUMP
ram:0000826c	FUN_ram_000081fe@ram:000081fe	ram:0000828a	LAB_ram_0000828a	CONDITIONAL_JUMP
ram:0000827a	FUN_ram_000081fe@ram:000081fe	ram:00008234	LAB_ram_00008234	CONDITIONAL_JUMP
ram:00008288	FUN_ram_000081fe@ram:000081fe	ram:00008234	LAB_ram_00008234	UNCONDITIONAL_JUMP
ram:0000828a	FUN_ram_000081fe@ram:000081fe	ram:00008294	LAB_ram_00008294	CONDITIONAL_JUMP
ram:00008292	FUN_ram_000081fe@ram:000081fe	ram:00008234	LAB_ram_00008234	UNCONDITIONAL_JUMP
ram:0000829a	FUN_ram_000081fe@ram:000081fe	ram:000082a6	LAB_ram_000082a6	CONDITIONAL_JUMP
ram:000082aa	FUN_ram_000081fe@ram:000081fe	ram:00008234	LAB_ram_00008234	UNCONDITIONAL_JUMP
ram:000082c4	FUN_ram_000082ae@ram:000082ae	ram:0000831a	LAB_ram_0000831a	CONDITIONAL_JUMP
ram:000082ca	FUN_ram_000082ae@ram:000082ae	ram:0000831e	LAB_ram_0000831e	CONDITIONAL_JUMP
ram:000082d0	FUN_ram_000082ae@ram:000082ae	ram:00008cd6	FUN_ram_00008cd6	UNCONDITIONAL_CALL
ram:000082dc	FUN_ram_000082ae@ram:000082ae	ram:20003008	DAT_ram_20003008	READ
ram:000082e0	FUN_ram_000082ae@ram:000082ae	ram:00008332	LAB_ram_00008332	CONDITIONAL_JUMP
ram:000082ea	FUN_ram_000082ae@ram:000082ae	ram:2000300c	DAT_ram_2000300c	READ
ram:000082ec	FUN_ram_000082ae@ram:000082ae	ram:000082fe	LAB_ram_000082fe	CONDITIONAL_JUMP
ram:000082f2	FUN_ram_000082ae@ram:000082ae	ram:00008ad8	FUN_ram_00008ad8	UNCONDITIONAL_CALL
ram:000082f6	FUN_ram_000082ae@ram:000082ae	ram:200032f6	DAT_ram_200032f6	PARAM
ram:000082fa	FUN_ram_000082ae@ram:000082ae	ram:2000300c	DAT_ram_2000300c	WRITE
ram:00008302	FUN_ram_000082ae@ram:000082ae	ram:00008ad8	FUN_ram_00008ad8	UNCONDITIONAL_CALL
ram:00008308	FUN_ram_000082ae@ram:000082ae	ram:0000837e	LAB_ram_0000837e	CONDITIONAL_JUMP
ram:00008314	FUN_ram_000082ae@ram:000082ae	ram:00008cd8	FUN_ram_00008cd8	UNCONDITIONAL_CALL
ram:00008318	FUN_ram_000082ae@ram:000082ae	ram:00008322	LAB_ram_00008322	UNCONDITIONAL_JUMP
ram:0000831a	FUN_ram_000082ae@ram:000082ae	ram:000082ca	LAB_ram_000082ca	CONDITIONAL_JUMP
ram:00008336	FUN_ram_000082ae@ram:000082ae	ram:00008378	LAB_ram_00008378	CONDITIONAL_JUMP
ram:0000833c	FUN_ram_000082ae@ram:000082ae	ram:00008348	LAB_ram_00008348	CONDITIONAL_JUMP
ram:00008346	FUN_ram_000082ae@ram:000082ae	ram:00008356	LAB_ram_00008356	UNCONDITIONAL_JUMP
ram:0000834a	FUN_ram_000082ae@ram:000082ae	ram:00008374	LAB_ram_00008374	CONDITIONAL_JUMP
ram:0000834e	FUN_ram_000082ae@ram:000082ae	ram:2000334e	DAT_ram_2000334e	PARAM
ram:00008352	FUN_ram_000082ae@ram:000082ae	ram:20003008	DAT_ram_20003008	WRITE
ram:00008358	FUN_ram_000082ae@ram:000082ae	ram:00008cd8	FUN_ram_00008cd8	UNCONDITIONAL_CALL
ram:0000836a	FUN_ram_000082ae@ram:000082ae	ram:00008324	LAB_ram_00008324	CONDITIONAL_JUMP
ram:00008372	FUN_ram_000082ae@ram:000082ae	ram:00008324	LAB_ram_00008324	UNCONDITIONAL_JUMP
ram:00008376	FUN_ram_000082ae@ram:000082ae	ram:00008356	LAB_ram_00008356	UNCONDITIONAL_JUMP
ram:0000837c	FUN_ram_000082ae@ram:000082ae	ram:000082e0	LAB_ram_000082e0	UNCONDITIONAL_JUMP
ram:00008384	FUN_ram_000082ae@ram:000082ae	ram:00008344	LAB_ram_00008344	CONDITIONAL_JUMP
ram:0000838e	FUN_ram_000082ae@ram:000082ae	ram:00008ad8	FUN_ram_00008ad8	UNCONDITIONAL_CALL
ram:00008390	FUN_ram_000082ae@ram:000082ae	ram:00008344	LAB_ram_00008344	CONDITIONAL_JUMP
ram:00008394	FUN_ram_000082ae@ram:000082ae	ram:0000830c	LAB_ram_0000830c	UNCONDITIONAL_JUMP
ram:0000839c	FUN_ram_00008396@ram:00008396	ram:000083b0	LAB_ram_000083b0	CONDITIONAL_JUMP
ram:000083a2	FUN_ram_00008396@ram:00008396	ram:000083ac	LAB_ram_000083ac	CONDITIONAL_JUMP
ram:000083a8	FUN_ram_00008396@ram:00008396	ram:000083b0	LAB_ram_000083b0	CONDITIONAL_JUMP
ram:000083ac	FUN_ram_00008396@ram:00008396	ram:00007ac2	FUN_ram_00007ac2	UNCONDITIONAL_CALL
ram:000083da	FUN_ram_000083c0@ram:000083c0	ram:000083e2	LAB_ram_000083e2	CONDITIONAL_JUMP
ram:000083e0	FUN_ram_000083c0@ram:000083c0	ram:000083f2	LAB_ram_000083f2	UNCONDITIONAL_JUMP
ram:000083ea	FUN_ram_000083c0@ram:000083c0	ram:00008396	FUN_ram_00008396	UNCONDITIONAL_CALL
ram:000083ee	FUN_ram_000083c0@ram:000083c0	ram:000083da	LAB_ram_000083da	CONDITIONAL_JUMP
ram:00008422	FUN_ram_00008402@ram:00008402	ram:0000842c	LAB_ram_0000842c	CONDITIONAL_JUMP
ram:00008426	FUN_ram_00008402@ram:00008402	ram:0000842c	LAB_ram_0000842c	CONDITIONAL_JUMP
ram:00008428	FUN_ram_00008402@ram:00008402	ram:00007f90	FUN_ram_00007f90	UNCONDITIONAL_CALL
ram:00008434	FUN_ram_00008402@ram:00008402	ram:0000850c	LAB_ram_0000850c	CONDITIONAL_JUMP
ram:00008442	FUN_ram_00008402@ram:00008402	ram:00008530	LAB_ram_00008530	CONDITIONAL_JUMP
ram:00008446	FUN_ram_00008402@ram:00008402	ram:00008530	LAB_ram_00008530	CONDITIONAL_JUMP
ram:00008472	FUN_ram_00008402@ram:00008402	ram:00008478	LAB_ram_00008478	CONDITIONAL_JUMP
ram:00008474	FUN_ram_00008402@ram:00008402	ram:00008556	LAB_ram_00008556	CONDITIONAL_JUMP
ram:0000847c	FUN_ram_00008402@ram:00008402	ram:00008496	LAB_ram_00008496	CONDITIONAL_JUMP
ram:00008488	FUN_ram_00008402@ram:00008402	ram:000083c0	FUN_ram_000083c0	UNCONDITIONAL_CALL
ram:0000848c	FUN_ram_00008402@ram:00008402	ram:0000867a	LAB_ram_0000867a	CONDITIONAL_JUMP
ram:0000849a	FUN_ram_00008402@ram:00008402	ram:0000867a	LAB_ram_0000867a	CONDITIONAL_JUMP
ram:000084b8	FUN_ram_00008402@ram:00008402	ram:00009274	DAT_ram_00009274	PARAM
ram:000084ba	FUN_ram_00008402@ram:00008402	ram:00008cbc	FUN_ram_00008cbc	UNCONDITIONAL_CALL
ram:000084c4	FUN_ram_00008402@ram:00008402	ram:0000855a	LAB_ram_0000855a	CONDITIONAL_JUMP
ram:000084ca	FUN_ram_00008402@ram:00008402	ram:000084d4	LAB_ram_000084d4	CONDITIONAL_JUMP
ram:000084d8	FUN_ram_00008402@ram:00008402	ram:000084e2	LAB_ram_000084e2	CONDITIONAL_JUMP
ram:000084ea	FUN_ram_00008402@ram:00008402	ram:0000856a	LAB_ram_0000856a	CONDITIONAL_JUMP
ram:00008502	FUN_ram_00008402@ram:00008402	ram:000085b4	LAB_ram_000085b4	CONDITIONAL_JUMP
ram:00008506	FUN_ram_00008402@ram:00008402	ram:0000857a	LAB_ram_0000857a	CONDITIONAL_JUMP
ram:0000850a	FUN_ram_00008402@ram:00008402	ram:0000857a	LAB_ram_0000857a	UNCONDITIONAL_JUMP
ram:00008514	FUN_ram_00008402@ram:00008402	ram:0000851e	LAB_ram_0000851e	CONDITIONAL_JUMP
ram:0000851c	FUN_ram_00008402@ram:00008402	ram:0000843c	LAB_ram_0000843c	UNCONDITIONAL_JUMP
ram:00008526	FUN_ram_00008402@ram:00008402	ram:0000843c	LAB_ram_0000843c	CONDITIONAL_JUMP
ram:0000852e	FUN_ram_00008402@ram:00008402	ram:0000843c	LAB_ram_0000843c	UNCONDITIONAL_JUMP
ram:00008534	FUN_ram_00008402@ram:00008402	ram:00007b82	FUN_ram_00007b82	UNCONDITIONAL_CALL
ram:00008538	FUN_ram_00008402@ram:00008402	ram:00008448	LAB_ram_00008448	CONDITIONAL_JUMP
ram:00008558	FUN_ram_00008402@ram:00008402	ram:0000846e	LAB_ram_0000846e	UNCONDITIONAL_JUMP
ram:00008568	FUN_ram_00008402@ram:00008402	ram:000084b2	LAB_ram_000084b2	UNCONDITIONAL_JUMP
ram:00008574	FUN_ram_00008402@ram:00008402	ram:000085a6	LAB_ram_000085a6	CONDITIONAL_JUMP
ram:00008582	FUN_ram_00008402@ram:00008402	ram:000085e0	LAB_ram_000085e0	CONDITIONAL_JUMP
ram:0000858e	FUN_ram_00008402@ram:00008402	ram:000085c4	LAB_ram_000085c4	CONDITIONAL_JUMP
ram:0000859e	FUN_ram_00008402@ram:00008402	ram:000085c0	LAB_ram_000085c0	CONDITIONAL_JUMP
ram:000085a4	FUN_ram_00008402@ram:00008402	ram:000085e0	LAB_ram_000085e0	UNCONDITIONAL_JUMP
ram:000085b2	FUN_ram_00008402@ram:00008402	ram:0000857a	LAB_ram_0000857a	UNCONDITIONAL_JUMP
ram:000085be	FUN_ram_00008402@ram:00008402	ram:000084f6	LAB_ram_000084f6	UNCONDITIONAL_JUMP
ram:000085c2	FUN_ram_00008402@ram:00008402	ram:000085a2	LAB_ram_000085a2	UNCONDITIONAL_JUMP
ram:000085da	FUN_ram_00008402@ram:00008402	ram:00008646	LAB_ram_00008646	CONDITIONAL_JUMP
ram:000085de	FUN_ram_00008402@ram:00008402	ram:000085a2	LAB_ram_000085a2	CONDITIONAL_JUMP
ram:000085ea	FUN_ram_00008402@ram:00008402	ram:0000927c	DAT_ram_0000927c	PARAM
ram:000085ee	FUN_ram_00008402@ram:00008402	ram:00008cbc	FUN_ram_00008cbc	UNCONDITIONAL_CALL
ram:000085f0	FUN_ram_00008402@ram:00008402	ram:0000860c	LAB_ram_0000860c	CONDITIONAL_JUMP
ram:00008616	FUN_ram_00008402@ram:00008402	ram:00009280	s_efgEFG_ram_00009280	PARAM
ram:00008622	FUN_ram_00008402@ram:00008402	ram:00008cbc	FUN_ram_00008cbc	UNCONDITIONAL_CALL
ram:00008624	FUN_ram_00008402@ram:00008402	ram:0000868a	LAB_ram_0000868a	CONDITIONAL_JUMP
ram:0000862e	FUN_ram_00008402@ram:00008402	ram:0000865a	LAB_ram_0000865a	CONDITIONAL_JUMP
ram:00008638	FUN_ram_00008402@ram:00008402	ram:00008652	LAB_ram_00008652	CONDITIONAL_JUMP
ram:00008644	FUN_ram_00008402@ram:00008402	ram:0000846c	LAB_ram_0000846c	UNCONDITIONAL_JUMP
ram:00008650	FUN_ram_00008402@ram:00008402	ram:000085ce	LAB_ram_000085ce	UNCONDITIONAL_JUMP
ram:00008658	FUN_ram_00008402@ram:00008402	ram:0000863c	LAB_ram_0000863c	UNCONDITIONAL_JUMP
ram:00008660	FUN_ram_00008402@ram:00008402	ram:000083c0	FUN_ram_000083c0	DATA
ram:00008676	FUN_ram_00008402@ram:00008402	ram:0000863e	LAB_ram_0000863e	CONDITIONAL_JUMP
ram:00008682	FUN_ram_00008402@ram:00008402	ram:0000853a	LAB_ram_0000853a	CONDITIONAL_JUMP
ram:00008688	FUN_ram_00008402@ram:00008402	ram:0000853c	LAB_ram_0000853c	UNCONDITIONAL_JUMP
ram:00008690	FUN_ram_00008402@ram:00008402	ram:000083c0	FUN_ram_000083c0	PARAM
ram:0000869a	FUN_ram_00008402@ram:00008402	ram:000087aa	FUN_ram_000087aa	UNCONDITIONAL_CALL
ram:0000869c	FUN_ram_00008402@ram:00008402	ram:00008672	LAB_ram_00008672	UNCONDITIONAL_JUMP
ram:000086c0	FUN_ram_0000869e@ram:0000869e	ram:000086c6	LAB_ram_000086c6	CONDITIONAL_JUMP
ram:000086cc	FUN_ram_0000869e@ram:0000869e	ram:000086d2	LAB_ram_000086d2	CONDITIONAL_JUMP
ram:000086d8	FUN_ram_0000869e@ram:0000869e	ram:000086e0	LAB_ram_000086e0	CONDITIONAL_JUMP
ram:000086e8	FUN_ram_0000869e@ram:0000869e	ram:000086fc	LAB_ram_000086fc	CONDITIONAL_JUMP
ram:000086f8	FUN_ram_0000869e@ram:0000869e	ram:00008750	LAB_ram_00008750	CONDITIONAL_JUMP
ram:0000870a	FUN_ram_0000869e@ram:0000869e	ram:0000877a	LAB_ram_0000877a	CONDITIONAL_JUMP
ram:00008718	FUN_ram_0000869e@ram:0000869e	ram:0000875e	LAB_ram_0000875e	CONDITIONAL_JUMP
ram:00008728	FUN_ram_0000869e@ram:0000869e	ram:00008736	LAB_ram_00008736	CONDITIONAL_JUMP
ram:00008730	FUN_ram_0000869e@ram:0000869e	ram:00008736	LAB_ram_00008736	CONDITIONAL_JUMP
ram:0000873a	FUN_ram_0000869e@ram:0000869e	ram:00008742	LAB_ram_00008742	CONDITIONAL_JUMP
ram:00008748	FUN_ram_0000869e@ram:0000869e	ram:00008798	LAB_ram_00008798	CONDITIONAL_JUMP
ram:0000874e	FUN_ram_0000869e@ram:0000869e	ram:00008760	LAB_ram_00008760	UNCONDITIONAL_JUMP
ram:0000875a	FUN_ram_0000869e@ram:0000869e	ram:00008776	LAB_ram_00008776	CONDITIONAL_JUMP
ram:00008778	FUN_ram_0000869e@ram:0000869e	ram:000086f2	LAB_ram_000086f2	UNCONDITIONAL_JUMP
ram:00008796	FUN_ram_0000869e@ram:0000869e	ram:0000870c	LAB_ram_0000870c	UNCONDITIONAL_JUMP
ram:000087a2	FUN_ram_0000869e@ram:0000869e	ram:0000875e	LAB_ram_0000875e	CONDITIONAL_JUMP
ram:000087a8	FUN_ram_0000869e@ram:0000869e	ram:00008748	LAB_ram_00008748	UNCONDITIONAL_JUMP
ram:000087d0	FUN_ram_000087aa@ram:000087aa	ram:0000880a	LAB_ram_0000880a	CONDITIONAL_JUMP
ram:000087d4	FUN_ram_000087aa@ram:000087aa	ram:00008838	LAB_ram_00008838	CONDITIONAL_JUMP
ram:000087dc	FUN_ram_000087aa@ram:000087aa	ram:0000896a	LAB_ram_0000896a	CONDITIONAL_JUMP
ram:000087e0	FUN_ram_000087aa@ram:000087aa	ram:000087fa	LAB_ram_000087fa	CONDITIONAL_JUMP
ram:000087e4	FUN_ram_000087aa@ram:000087aa	ram:00008a04	LAB_ram_00008a04	CONDITIONAL_JUMP
ram:000087ec	FUN_ram_000087aa@ram:000087aa	ram:000088a8	LAB_ram_000088a8	CONDITIONAL_JUMP
ram:000087f8	FUN_ram_000087aa@ram:000087aa	ram:000088ba	LAB_ram_000088ba	UNCONDITIONAL_JUMP
ram:000087fe	FUN_ram_000087aa@ram:000087aa	ram:000088a8	LAB_ram_000088a8	CONDITIONAL_JUMP
ram:00008806	FUN_ram_000087aa@ram:000087aa	ram:000087f0	LAB_ram_000087f0	CONDITIONAL_JUMP
ram:00008816	FUN_ram_000087aa@ram:000087aa	ram:000088be	LAB_ram_000088be	CONDITIONAL_JUMP
ram:0000881c	FUN_ram_000087aa@ram:000087aa	ram:0000882c	LAB_ram_0000882c	CONDITIONAL_JUMP
ram:00008836	FUN_ram_000087aa@ram:000087aa	ram:000088f0	LAB_ram_000088f0	UNCONDITIONAL_JUMP
ram:0000883c	FUN_ram_000087aa@ram:000087aa	ram:000089a2	LAB_ram_000089a2	CONDITIONAL_JUMP
ram:00008840	FUN_ram_000087aa@ram:000087aa	ram:0000886a	LAB_ram_0000886a	CONDITIONAL_JUMP
ram:00008848	FUN_ram_000087aa@ram:000087aa	ram:000089dc	LAB_ram_000089dc	CONDITIONAL_JUMP
ram:00008850	FUN_ram_000087aa@ram:000087aa	ram:000087f0	LAB_ram_000087f0	CONDITIONAL_JUMP
ram:00008860	FUN_ram_000087aa@ram:000087aa	ram:000088ce	LAB_ram_000088ce	CONDITIONAL_JUMP
ram:00008868	FUN_ram_000087aa@ram:000087aa	ram:000088da	LAB_ram_000088da	UNCONDITIONAL_JUMP
ram:0000886e	FUN_ram_000087aa@ram:000087aa	ram:00008854	LAB_ram_00008854	CONDITIONAL_JUMP
ram:00008876	FUN_ram_000087aa@ram:000087aa	ram:000089aa	LAB_ram_000089aa	CONDITIONAL_JUMP
ram:0000887e	FUN_ram_000087aa@ram:000087aa	ram:000087f0	LAB_ram_000087f0	CONDITIONAL_JUMP
ram:00008894	FUN_ram_000087aa@ram:000087aa	ram:00008cbc	FUN_ram_00008cbc	UNCONDITIONAL_CALL
ram:00008896	FUN_ram_000087aa@ram:000087aa	ram:0000889e	LAB_ram_0000889e	CONDITIONAL_JUMP
ram:000088a6	FUN_ram_000087aa@ram:000087aa	ram:00008942	LAB_ram_00008942	UNCONDITIONAL_JUMP
ram:000088bc	FUN_ram_000087aa@ram:000087aa	ram:000088a0	LAB_ram_000088a0	UNCONDITIONAL_JUMP
ram:000088c6	FUN_ram_000087aa@ram:000087aa	ram:0000881c	LAB_ram_0000881c	CONDITIONAL_JUMP
ram:000088cc	FUN_ram_000087aa@ram:000087aa	ram:0000881c	LAB_ram_0000881c	UNCONDITIONAL_JUMP
ram:000088d4	FUN_ram_000087aa@ram:000087aa	ram:00008866	LAB_ram_00008866	CONDITIONAL_JUMP
ram:000088de	FUN_ram_000087aa@ram:000087aa	ram:000089cc	LAB_ram_000089cc	CONDITIONAL_JUMP
ram:000088f4	FUN_ram_000087aa@ram:000087aa	ram:000088fe	LAB_ram_000088fe	CONDITIONAL_JUMP
ram:000088fe	FUN_ram_000087aa@ram:000087aa	ram:00008904	LAB_ram_00008904	CONDITIONAL_JUMP
ram:00008902	FUN_ram_000087aa@ram:000087aa	ram:0000891e	LAB_ram_0000891e	CONDITIONAL_JUMP
ram:0000890e	FUN_ram_000087aa@ram:000087aa	ram:00009288	s_0123456789ABCDEF_ram_00009288	DATA
ram:0000891a	FUN_ram_000087aa@ram:000087aa	ram:000089d8	LAB_ram_000089d8	CONDITIONAL_JUMP
ram:00008920	FUN_ram_000087aa@ram:000087aa	ram:0000893c	LAB_ram_0000893c	CONDITIONAL_JUMP
ram:00008928	FUN_ram_000087aa@ram:000087aa	ram:0000893c	LAB_ram_0000893c	CONDITIONAL_JUMP
ram:0000892e	FUN_ram_000087aa@ram:000087aa	ram:0000893c	LAB_ram_0000893c	CONDITIONAL_JUMP
ram:0000894c	FUN_ram_000087aa@ram:000087aa	ram:0000869e	FUN_ram_0000869e	UNCONDITIONAL_CALL
ram:00008950	FUN_ram_000087aa@ram:000087aa	ram:00008a0c	LAB_ram_00008a0c	CONDITIONAL_JUMP
ram:00008982	FUN_ram_000087aa@ram:000087aa	ram:000089bc	LAB_ram_000089bc	CONDITIONAL_JUMP
ram:0000898c	FUN_ram_000087aa@ram:000087aa	ram:00008994	LAB_ram_00008994	CONDITIONAL_JUMP
ram:00008996	FUN_ram_000087aa@ram:000087aa	ram:000088ec	LAB_ram_000088ec	CONDITIONAL_JUMP
ram:000089a0	FUN_ram_000087aa@ram:000087aa	ram:000088ec	LAB_ram_000088ec	UNCONDITIONAL_JUMP
ram:000089ba	FUN_ram_000087aa@ram:000087aa	ram:00008976	LAB_ram_00008976	UNCONDITIONAL_JUMP
ram:000089c2	FUN_ram_000087aa@ram:000087aa	ram:00008988	LAB_ram_00008988	CONDITIONAL_JUMP
ram:000089ca	FUN_ram_000087aa@ram:000087aa	ram:00008988	LAB_ram_00008988	UNCONDITIONAL_JUMP
ram:000089d6	FUN_ram_000087aa@ram:000087aa	ram:000088ec	LAB_ram_000088ec	UNCONDITIONAL_JUMP
ram:000089da	FUN_ram_000087aa@ram:000087aa	ram:00008906	LAB_ram_00008906	UNCONDITIONAL_JUMP
ram:000089ea	FUN_ram_000087aa@ram:000087aa	ram:000089f6	LAB_ram_000089f6	CONDITIONAL_JUMP
ram:000089f4	FUN_ram_000087aa@ram:000087aa	ram:00008a04	LAB_ram_00008a04	UNCONDITIONAL_JUMP
ram:000089fe	FUN_ram_000087aa@ram:000087aa	ram:000089f2	LAB_ram_000089f2	CONDITIONAL_JUMP
ram:00008a0a	FUN_ram_000087aa@ram:000087aa	ram:00008942	LAB_ram_00008942	UNCONDITIONAL_JUMP
ram:00008a16	FUN_ram_000087aa@ram:000087aa	ram:00008954	LAB_ram_00008954	CONDITIONAL_JUMP
ram:00008a1e	FUN_ram_000087aa@ram:000087aa	ram:00008a48	LAB_ram_00008a48	CONDITIONAL_JUMP
ram:00008a24	FUN_ram_000087aa@ram:000087aa	ram:00008956	LAB_ram_00008956	CONDITIONAL_JUMP
ram:00008a2a	FUN_ram_000087aa@ram:000087aa	ram:00008956	LAB_ram_00008956	UNCONDITIONAL_JUMP
ram:00008a36	FUN_ram_000087aa@ram:000087aa	ram:00008954	LAB_ram_00008954	CONDITIONAL_JUMP
ram:00008a42	FUN_ram_000087aa@ram:000087aa	ram:00008a2c	LAB_ram_00008a2c	CONDITIONAL_JUMP
ram:00008a46	FUN_ram_000087aa@ram:000087aa	ram:00008a20	LAB_ram_00008a20	UNCONDITIONAL_JUMP
ram:00008a50	FUN_ram_000087aa@ram:000087aa	ram:00008a3c	LAB_ram_00008a3c	UNCONDITIONAL_JUMP
ram:00008a5a	FUN_ram_00008a52@ram:00008a52	ram:00008a6c	LAB_ram_00008a6c	CONDITIONAL_JUMP
ram:00008a5e	FUN_ram_00008a52@ram:00008a52	ram:00008a6c	LAB_ram_00008a6c	CONDITIONAL_JUMP
ram:00008a64	FUN_ram_00008a52@ram:00008a52	ram:00007f90	FUN_ram_00007f90	UNCONDITIONAL_CALL
ram:00008a74	FUN_ram_00008a52@ram:00008a52	ram:00008aa0	LAB_ram_00008aa0	CONDITIONAL_JUMP
ram:00008a80	FUN_ram_00008a52@ram:00008a52	ram:00008ac0	LAB_ram_00008ac0	CONDITIONAL_JUMP
ram:00008a86	FUN_ram_00008a52@ram:00008a52	ram:00008a94	LAB_ram_00008a94	CONDITIONAL_JUMP
ram:00008a90	FUN_ram_00008a52@ram:00008a52	ram:00008ac0	LAB_ram_00008ac0	CONDITIONAL_JUMP
ram:00008a9c	FUN_ram_00008a52@ram:00008a52	ram:00007ac2	FUN_ram_00007ac2	UNCONDITIONAL_CALL
ram:00008aa8	FUN_ram_00008a52@ram:00008a52	ram:00008ab0	LAB_ram_00008ab0	CONDITIONAL_JUMP
ram:00008aae	FUN_ram_00008a52@ram:00008a52	ram:00008a7a	LAB_ram_00008a7a	UNCONDITIONAL_JUMP
ram:00008ab8	FUN_ram_00008a52@ram:00008a52	ram:00008a7a	LAB_ram_00008a7a	CONDITIONAL_JUMP
ram:00008abe	FUN_ram_00008a52@ram:00008a52	ram:00008a7a	LAB_ram_00008a7a	UNCONDITIONAL_JUMP
ram:00008ae0	FUN_ram_00008ad8@ram:00008ad8	ram:20006ae0	DAT_ram_20006ae0	PARAM
ram:00008ae4	FUN_ram_00008ad8@ram:00008ad8	ram:20006dec	DAT_ram_20006dec	WRITE
ram:00008aea	FUN_ram_00008ad8@ram:00008ad8	ram:00008d5e	FUN_ram_00008d5e	UNCONDITIONAL_CALL
ram:00008aee	FUN_ram_00008ad8@ram:00008ad8	ram:00008b00	LAB_ram_00008b00	CONDITIONAL_JUMP
ram:00008afa	FUN_ram_00008ad8@ram:00008ad8	ram:20006dec	DAT_ram_20006dec	READ
ram:00008afc	FUN_ram_00008ad8@ram:00008ad8	ram:00008b00	LAB_ram_00008b00	CONDITIONAL_JUMP
ram:00008b14	FUN_ram_00008b08@ram:00008b08	ram:00008cda	FUN_ram_00008cda	UNCONDITIONAL_CALL
ram:00008b16	FUN_ram_00008b08@ram:00008b08	ram:00008b28	LAB_ram_00008b28	CONDITIONAL_JUMP
ram:00008b36	FUN_ram_00008b08@ram:00008b08	ram:00008b20	LAB_ram_00008b20	UNCONDITIONAL_JUMP
ram:00008b92	FUN_ram_00008b86@ram:00008b86	ram:00008c88	FUN_ram_00008c88	UNCONDITIONAL_CALL
ram:00008b9a	FUN_ram_00008b86@ram:00008b86	ram:00008bb0	LAB_ram_00008bb0	CONDITIONAL_JUMP
ram:00008bba	FUN_ram_00008b86@ram:00008b86	ram:00008ba8	LAB_ram_00008ba8	UNCONDITIONAL_JUMP
ram:00008bc0		ram:00008bf6	FUN_ram_00008bf6	UNCONDITIONAL_CALL
ram:00008bce	FUN_ram_00008bc2@ram:00008bc2	ram:20006bce	DAT_ram_20006bce	PARAM
ram:00008bd2	FUN_ram_00008bc2@ram:00008bc2	ram:20006dec	DAT_ram_20006dec	WRITE
ram:00008bd8	FUN_ram_00008bc2@ram:00008bc2	ram:00008d8e	_write_stub	UNCONDITIONAL_CALL
ram:00008bdc	FUN_ram_00008bc2@ram:00008bc2	ram:00008bee	LAB_ram_00008bee	CONDITIONAL_JUMP
ram:00008be8	FUN_ram_00008bc2@ram:00008bc2	ram:20006dec	DAT_ram_20006dec	READ
ram:00008bea	FUN_ram_00008bc2@ram:00008bc2	ram:00008bee	LAB_ram_00008bee	CONDITIONAL_JUMP
ram:00008bfe	FUN_ram_00008bf6@ram:00008bf6	ram:20006bfe	DAT_ram_20006bfe	PARAM
ram:00008c02	FUN_ram_00008bf6@ram:00008bf6	ram:20006dec	DAT_ram_20006dec	WRITE
ram:00008c08	FUN_ram_00008bf6@ram:00008bf6	ram:00008d0e	FUN_ram_00008d0e	UNCONDITIONAL_CALL
ram:00008c0c	FUN_ram_00008bf6@ram:00008bf6	ram:00008c1e	LAB_ram_00008c1e	CONDITIONAL_JUMP
ram:00008c18	FUN_ram_00008bf6@ram:00008bf6	ram:20006dec	DAT_ram_20006dec	READ
ram:00008c1a	FUN_ram_00008bf6@ram:00008bf6	ram:00008c1e	LAB_ram_00008c1e	CONDITIONAL_JUMP
ram:00008c30	FUN_ram_00008c26@ram:00008c26	ram:20006c30	DAT_ram_20006c30	PARAM
ram:00008c34	FUN_ram_00008c26@ram:00008c26	ram:20006dec	DAT_ram_20006dec	WRITE
ram:00008c3a	FUN_ram_00008c26@ram:00008c26	ram:00008d1e	FUN_ram_00008d1e	UNCONDITIONAL_CALL
ram:00008c3e	FUN_ram_00008c26@ram:00008c26	ram:00008c50	LAB_ram_00008c50	CONDITIONAL_JUMP
ram:00008c4a	FUN_ram_00008c26@ram:00008c26	ram:20006dec	DAT_ram_20006dec	READ
ram:00008c4c	FUN_ram_00008c26@ram:00008c26	ram:00008c50	LAB_ram_00008c50	CONDITIONAL_JUMP
ram:00008c60	FUN_ram_00008c58@ram:00008c58	ram:20006c60	DAT_ram_20006c60	PARAM
ram:00008c64	FUN_ram_00008c58@ram:00008c58	ram:20006dec	DAT_ram_20006dec	WRITE
ram:00008c6a	FUN_ram_00008c58@ram:00008c58	ram:00008d2e	FUN_ram_00008d2e	UNCONDITIONAL_CALL
ram:00008c6e	FUN_ram_00008c58@ram:00008c58	ram:00008c80	LAB_ram_00008c80	CONDITIONAL_JUMP
ram:00008c7a	FUN_ram_00008c58@ram:00008c58	ram:20006dec	DAT_ram_20006dec	READ
ram:00008c7c	FUN_ram_00008c58@ram:00008c58	ram:00008c80	LAB_ram_00008c80	CONDITIONAL_JUMP
ram:00008c94	FUN_ram_00008c88@ram:00008c88	ram:20006c94	DAT_ram_20006c94	PARAM
ram:00008c98	FUN_ram_00008c88@ram:00008c88	ram:20006dec	DAT_ram_20006dec	WRITE
ram:00008c9e	FUN_ram_00008c88@ram:00008c88	ram:00008d3e	FUN_ram_00008d3e	UNCONDITIONAL_CALL
ram:00008ca2	FUN_ram_00008c88@ram:00008c88	ram:00008cb4	LAB_ram_00008cb4	CONDITIONAL_JUMP
ram:00008cae	FUN_ram_00008c88@ram:00008c88	ram:20006dec	DAT_ram_20006dec	READ
ram:00008cb0	FUN_ram_00008c88@ram:00008c88	ram:00008cb4	LAB_ram_00008cb4	CONDITIONAL_JUMP
ram:00008cc2	FUN_ram_00008cbc@ram:00008cbc	ram:00008cca	LAB_ram_00008cca	CONDITIONAL_JUMP
ram:00008cce	FUN_ram_00008cbc@ram:00008cbc	ram:00008cc8	LAB_ram_00008cc8	CONDITIONAL_JUMP
ram:00008cd4	FUN_ram_00008cbc@ram:00008cbc	ram:00008cc2	LAB_ram_00008cc2	UNCONDITIONAL_JUMP
ram:00008ce6	FUN_ram_00008cda@ram:00008cda	ram:20006ce6	DAT_ram_20006ce6	PARAM
ram:00008cea	FUN_ram_00008cda@ram:00008cda	ram:20006dec	DAT_ram_20006dec	WRITE
ram:00008cf0	FUN_ram_00008cda@ram:00008cda	ram:00008d4e	FUN_ram_00008d4e	UNCONDITIONAL_CALL
ram:00008cf4	FUN_ram_00008cda@ram:00008cda	ram:00008d06	LAB_ram_00008d06	CONDITIONAL_JUMP
ram:00008d00	FUN_ram_00008cda@ram:00008cda	ram:20006dec	DAT_ram_20006dec	READ
ram:00008d02	FUN_ram_00008cda@ram:00008cda	ram:00008d06	LAB_ram_00008d06	CONDITIONAL_JUMP
ram:00008d16	FUN_ram_00008d0e@ram:00008d0e	ram:20006dec	DAT_ram_20006dec	WRITE
ram:00008d26	FUN_ram_00008d1e@ram:00008d1e	ram:20006dec	DAT_ram_20006dec	WRITE
ram:00008d36	FUN_ram_00008d2e@ram:00008d2e	ram:20006dec	DAT_ram_20006dec	WRITE
ram:00008d46	FUN_ram_00008d3e@ram:00008d3e	ram:20006dec	DAT_ram_20006dec	WRITE
ram:00008d56	FUN_ram_00008d4e@ram:00008d4e	ram:20006dec	DAT_ram_20006dec	WRITE
ram:00008d66	FUN_ram_00008d5e@ram:00008d5e	ram:20003010	DAT_ram_20003010	READ
ram:00008d68	FUN_ram_00008d5e@ram:00008d5e	ram:00008d78	LAB_ram_00008d78	CONDITIONAL_JUMP
ram:00008d70	FUN_ram_00008d5e@ram:00008d5e	ram:20003010	DAT_ram_20003010	WRITE
ram:00008d86	FUN_ram_00008d5e@ram:00008d5e	ram:20003010	DAT_ram_20003010	WRITE
ram:00008d8a	FUN_ram_00008d5e@ram:00008d5e	ram:20006df0	DAT_ram_20006df0	DATA
ram:00008d96	_write_stub@ram:00008d8e	ram:20006dec	DAT_ram_20006dec	WRITE
ram:0000930c		ram:20002eb8	DAT_ram_20002eb8	DATA
ram:00009310		ram:00007d1e	FUN_ram_00007d1e	DATA
ram:00009314		ram:000047c8	FUN_ram_000047c8	DATA
ram:0000952c		ram:000056ce	central_passcode_cb	DATA
ram:00009530		ram:000056fe	central_pair_state_cb	DATA
ram:00009538		ram:000056c0	FUN_ram_000056c0	DATA
ram:0000953c		ram:0000698c	central_event_cb	DATA
ram:00009540		ram:000056c2	FUN_ram_000056c2	DATA
ram:00009544		ram:00007106	periph_state_cb	DATA
ram:00009548		ram:00006c76	FUN_ram_00006c76	DATA
ram:0000954c		ram:00006c78	periph_param_update_cb	DATA
ram:00009594		ram:00009234	DAT_ram_00009234	DATA
ram:00009598		ram:00009254	DAT_ram_00009254	DATA
ram:0000959c		ram:00009214	DAT_ram_00009214	DATA
ram:00009610		ram:00006cae	FUN_ram_00006cae	DATA
ram:00009614		ram:00007104	FUN_ram_00007104	DATA
ram:00009618		ram:000070e6	FUN_ram_000070e6	DATA
ram:20002008		ram:20002090	NMI_Handler	DATA
ram:2000200c		ram:200025ae	HardFault_Handler	DATA
ram:20002010		ram:f5f9bda9	DAT_ram_f5f9bda9	DATA
ram:20002014		ram:20002094	DAT_ram_20002094	DATA
ram:20002018		ram:00008ed0	ch58x_identity	DATA
ram:2000201c		ram:00008ed0	ch58x_identity	DATA
ram:20002020		ram:20002096	DAT_ram_20002096	DATA
ram:20002024		ram:20002098	DAT_ram_20002098	DATA
ram:20002030		ram:2000209a	SysTick_Handler	DATA
ram:20002038		ram:2000209c	SW_Handler	DATA
ram:20002040		ram:20002644	TMR0_IRQHandler	DATA
ram:20002044		ram:200020a0	GPIOA_IRQHandler	DATA
ram:20002048		ram:200020a2	GPIOB_IRQHandler	DATA
ram:2000204c		ram:200020a4	SPI0_IRQHandler	DATA
ram:20002050		ram:200020a6	BB_IRQHandler	DATA
ram:20002054		ram:200020a8	LLE_IRQHandler	DATA
ram:20002058		ram:200027fe	USB_IRQHandler	DATA
ram:2000205c		ram:200020ac	USB2_IRQHandler	DATA
ram:20002060		ram:200026fc	TMR1_IRQHandler	DATA
ram:20002064		ram:2000271a	TMR2_IRQHandler	DATA
ram:20002068		ram:20002746	UART0_IRQHandler	DATA
ram:2000206c		ram:2000277e	UART1_IRQHandler	DATA
ram:20002070		ram:2000262a	RTC_IRQHandler	DATA
ram:20002074		ram:200020b8	ADC_IRQHandler	DATA
ram:20002078		ram:200020ba	I2C_IRQHandler	DATA
ram:2000207c		ram:200020bc	PWMX_IRQHandler	DATA
ram:20002080		ram:200020be	TMR3_IRQHandler	DATA
ram:20002084		ram:200020c0	UART2_IRQHandler	DATA
ram:20002088		ram:20002772	UART3_IRQHandler	DATA
ram:2000208c		ram:200020c4	WDOG_BAT_IRQHandler	DATA
ram:20002090	NMI_Handler@ram:20002090	ram:20002090	NMI_Handler	UNCONDITIONAL_JUMP
ram:2000209a	SysTick_Handler@ram:2000209a	ram:2000209a	SysTick_Handler	UNCONDITIONAL_JUMP
ram:2000209c	SW_Handler@ram:2000209c	ram:2000209c	SW_Handler	UNCONDITIONAL_JUMP
ram:200020a0	GPIOA_IRQHandler@ram:200020a0	ram:200020a0	GPIOA_IRQHandler	UNCONDITIONAL_JUMP
ram:200020a2	GPIOB_IRQHandler@ram:200020a2	ram:200020a2	GPIOB_IRQHandler	UNCONDITIONAL_JUMP
ram:200020a4	SPI0_IRQHandler@ram:200020a4	ram:200020a4	SPI0_IRQHandler	UNCONDITIONAL_JUMP
ram:200020a6	BB_IRQHandler@ram:200020a6	ram:200020a6	BB_IRQHandler	UNCONDITIONAL_JUMP
ram:200020a8	LLE_IRQHandler@ram:200020a8	ram:200020a8	LLE_IRQHandler	UNCONDITIONAL_JUMP
ram:200020ac	USB2_IRQHandler@ram:200020ac	ram:200020ac	USB2_IRQHandler	UNCONDITIONAL_JUMP
ram:200020b8	ADC_IRQHandler@ram:200020b8	ram:200020b8	ADC_IRQHandler	UNCONDITIONAL_JUMP
ram:200020ba	I2C_IRQHandler@ram:200020ba	ram:200020ba	I2C_IRQHandler	UNCONDITIONAL_JUMP
ram:200020bc	PWMX_IRQHandler@ram:200020bc	ram:200020bc	PWMX_IRQHandler	UNCONDITIONAL_JUMP
ram:200020be	TMR3_IRQHandler@ram:200020be	ram:200020be	TMR3_IRQHandler	UNCONDITIONAL_JUMP
ram:200020c0	UART2_IRQHandler@ram:200020c0	ram:200020c0	UART2_IRQHandler	UNCONDITIONAL_JUMP
ram:200020c4	WDOG_BAT_IRQHandler@ram:200020c4	ram:200020c4	WDOG_BAT_IRQHandler	UNCONDITIONAL_JUMP
ram:200020d2	FUN_ram_200020c6@ram:200020c6	ram:200028d6	FLASH_EEPROM_CMD	UNCONDITIONAL_CALL
ram:200020dc	FUN_ram_200020c6@ram:200020c6	ram:40001806	FLASH_CTRL	WRITE
ram:200020e4	FUN_ram_200020c6@ram:200020c6	ram:e000ed10	DAT_ram_e000ed10	READ
ram:200020ea	FUN_ram_200020c6@ram:200020c6	ram:e000ed10	DAT_ram_e000ed10	WRITE
ram:200020ee	FUN_ram_200020c6@ram:200020c6	ram:e000ed10	DAT_ram_e000ed10	READ
ram:200020f4	FUN_ram_200020c6@ram:200020c6	ram:e000ed10	DAT_ram_e000ed10	WRITE
ram:20002112	FUN_ram_20002106@ram:20002106	ram:200028d6	FLASH_EEPROM_CMD	UNCONDITIONAL_CALL
ram:2000211c	FUN_ram_20002106@ram:20002106	ram:40001806	FLASH_CTRL	WRITE
ram:20002124	FUN_ram_20002106@ram:20002106	ram:4000102e	XT32K_TUNE	READ
ram:20002128	FUN_ram_20002106@ram:20002106	ram:4000104e	XT32M_TUNE	READ
ram:2000212c	FUN_ram_20002106@ram:20002106	ram:40001038	RTC_CNT_32K	READ
ram:2000213a	FUN_ram_20002106@ram:20002106	ram:20002144	LAB_ram_20002144	CONDITIONAL_JUMP
ram:2000214c	FUN_ram_20002106@ram:20002106	ram:40001040	SAFE_ACCESS	WRITE
ram:20002154	FUN_ram_20002106@ram:20002106	ram:40001040	SAFE_ACCESS	WRITE
ram:2000215c	FUN_ram_20002106@ram:20002106	ram:40001024	BATTERY_CTRL	WRITE
ram:20002160	FUN_ram_20002106@ram:20002106	ram:40001040	SAFE_ACCESS	WRITE
ram:20002164	FUN_ram_20002106@ram:20002106	ram:40001040	SAFE_ACCESS	WRITE
ram:2000216c	FUN_ram_20002106@ram:20002106	ram:4000102e	XT32K_TUNE	WRITE
ram:20002170	FUN_ram_20002106@ram:20002106	ram:4000104e	XT32M_TUNE	WRITE
ram:20002174	FUN_ram_20002106@ram:20002106	ram:40001040	SAFE_ACCESS	WRITE
ram:20002178	FUN_ram_20002106@ram:20002106	ram:40001040	SAFE_ACCESS	WRITE
ram:20002180	FUN_ram_20002106@ram:20002106	ram:4000104b	PLL_CONFIG	READ
ram:20002188	FUN_ram_20002106@ram:20002106	ram:4000104b	PLL_CONFIG	WRITE
ram:2000218c	FUN_ram_20002106@ram:20002106	ram:40001040	SAFE_ACCESS	WRITE
ram:20002194	FUN_ram_20002106@ram:20002106	ram:e000ed10	DAT_ram_e000ed10	READ
ram:2000219c	FUN_ram_20002106@ram:20002106	ram:e000ed10	DAT_ram_e000ed10	WRITE
ram:200021a0	FUN_ram_20002106@ram:20002106	ram:e000ed10	DAT_ram_e000ed10	READ
ram:200021a6	FUN_ram_20002106@ram:20002106	ram:e000ed10	DAT_ram_e000ed10	WRITE
ram:200021b2	FUN_ram_20002106@ram:20002106	ram:40001040	SAFE_ACCESS	WRITE
ram:200021b6	FUN_ram_20002106@ram:20002106	ram:40001040	SAFE_ACCESS	WRITE
ram:200021be	FUN_ram_20002106@ram:20002106	ram:4000104b	PLL_CONFIG	READ
ram:200021c6	FUN_ram_20002106@ram:20002106	ram:4000104b	PLL_CONFIG	WRITE
ram:200021ca	FUN_ram_20002106@ram:20002106	ram:40001040	SAFE_ACCESS	WRITE
ram:200021ea	FUN_ram_200021d4@ram:200021d4	Stack[-0x20]		DATA
ram:200021f0	FUN_ram_200021d4@ram:200021d4	ram:200028d6	FLASH_EEPROM_CMD	UNCONDITIONAL_CALL
ram:200021f6	FUN_ram_200021d4@ram:200021d4	ram:4000102e	XT32K_TUNE	READ
ram:200021fa	FUN_ram_200021d4@ram:200021d4	ram:4000104e	XT32M_TUNE	READ
ram:200021fe	FUN_ram_200021d4@ram:200021d4	ram:40001038	RTC_CNT_32K	READ
ram:2000220c	FUN_ram_200021d4@ram:200021d4	ram:20002216	LAB_ram_20002216	CONDITIONAL_JUMP
ram:2000221e	FUN_ram_200021d4@ram:200021d4	ram:40001040	SAFE_ACCESS	WRITE
ram:20002226	FUN_ram_200021d4@ram:200021d4	ram:40001040	SAFE_ACCESS	WRITE
ram:2000222e	FUN_ram_200021d4@ram:200021d4	ram:40001024	BATTERY_CTRL	WRITE
ram:20002232	FUN_ram_200021d4@ram:200021d4	ram:40001040	SAFE_ACCESS	WRITE
ram:20002236	FUN_ram_200021d4@ram:200021d4	ram:40001040	SAFE_ACCESS	WRITE
ram:2000223e	FUN_ram_200021d4@ram:200021d4	ram:4000102e	XT32K_TUNE	WRITE
ram:20002242	FUN_ram_200021d4@ram:200021d4	ram:4000104e	XT32M_TUNE	WRITE
ram:20002246	FUN_ram_200021d4@ram:200021d4	ram:40001040	SAFE_ACCESS	WRITE
ram:2000224a	FUN_ram_200021d4@ram:200021d4	ram:e000f000	DAT_ram_e000f000	PARAM
ram:2000224e	FUN_ram_200021d4@ram:200021d4	ram:e000ed10	DAT_ram_e000ed10	READ
ram:20002256	FUN_ram_200021d4@ram:200021d4	ram:e000ed10	DAT_ram_e000ed10	WRITE
ram:2000225a	FUN_ram_200021d4@ram:200021d4	ram:40001020	POWER_MANAG	READ
ram:20002270	FUN_ram_200021d4@ram:200021d4	ram:40001040	SAFE_ACCESS	WRITE
ram:20002274	FUN_ram_200021d4@ram:200021d4	ram:40001040	SAFE_ACCESS	WRITE
ram:2000227c	FUN_ram_200021d4@ram:200021d4	ram:4000100f	SLP_POWER_CTRL	READ
ram:2000228c	FUN_ram_200021d4@ram:200021d4	ram:4000100f	SLP_POWER_CTRL	WRITE
ram:20002290	FUN_ram_200021d4@ram:200021d4	ram:4000104b	PLL_CONFIG	READ
ram:2000229a	FUN_ram_200021d4@ram:200021d4	ram:4000104b	PLL_CONFIG	WRITE
ram:2000229e	FUN_ram_200021d4@ram:200021d4	ram:40001020	POWER_MANAG	WRITE
ram:200022a2	FUN_ram_200021d4@ram:200021d4	ram:e000ed10	DAT_ram_e000ed10	READ
ram:200022a8	FUN_ram_200021d4@ram:200021d4	ram:e000ed10	DAT_ram_e000ed10	WRITE
ram:200022b8	FUN_ram_200021d4@ram:200021d4	ram:200025f4	FUN_ram_200025f4	UNCONDITIONAL_CALL
ram:200022c8	FUN_ram_200021d4@ram:200021d4	ram:200028d6	FLASH_EEPROM_CMD	UNCONDITIONAL_CALL
ram:200022cc	FUN_ram_200021d4@ram:200021d4	Stack[-0x20]		DATA
ram:200022ce	FUN_ram_200021d4@ram:200021d4	ram:200022a2	LAB_ram_200022a2	CONDITIONAL_JUMP
ram:200022da	FUN_ram_200021d4@ram:200021d4	ram:40001040	SAFE_ACCESS	WRITE
ram:200022e2	FUN_ram_200021d4@ram:200021d4	ram:40001040	SAFE_ACCESS	WRITE
ram:200022ea	FUN_ram_200021d4@ram:200021d4	ram:4000104b	PLL_CONFIG	READ
ram:200022f2	FUN_ram_200021d4@ram:200021d4	ram:4000104b	PLL_CONFIG	WRITE
ram:200022f6	FUN_ram_200021d4@ram:200021d4	ram:40001040	SAFE_ACCESS	WRITE
ram:2000231a	FUN_ram_20002304@ram:20002304	ram:200028d6	FLASH_EEPROM_CMD	UNCONDITIONAL_CALL
ram:20002320	FUN_ram_20002304@ram:20002304	ram:4000102e	XT32K_TUNE	READ
ram:20002324	FUN_ram_20002304@ram:20002304	ram:4000104e	XT32M_TUNE	READ
ram:20002328	FUN_ram_20002304@ram:20002304	ram:40001038	RTC_CNT_32K	READ
ram:20002336	FUN_ram_20002304@ram:20002304	ram:20002340	LAB_ram_20002340	CONDITIONAL_JUMP
ram:20002348	FUN_ram_20002304@ram:20002304	ram:40001040	SAFE_ACCESS	WRITE
ram:20002350	FUN_ram_20002304@ram:20002304	ram:40001040	SAFE_ACCESS	WRITE
ram:20002358	FUN_ram_20002304@ram:20002304	ram:40001024	BATTERY_CTRL	WRITE
ram:2000235c	FUN_ram_20002304@ram:20002304	ram:40001040	SAFE_ACCESS	WRITE
ram:20002360	FUN_ram_20002304@ram:20002304	ram:40001040	SAFE_ACCESS	WRITE
ram:20002368	FUN_ram_20002304@ram:20002304	ram:4000102e	XT32K_TUNE	WRITE
ram:2000236c	FUN_ram_20002304@ram:20002304	ram:4000104e	XT32M_TUNE	WRITE
ram:20002370	FUN_ram_20002304@ram:20002304	ram:40001040	SAFE_ACCESS	WRITE
ram:20002378	FUN_ram_20002304@ram:20002304	ram:200023fe	FUN_ram_200023fe	UNCONDITIONAL_CALL
ram:2000237a	FUN_ram_20002304@ram:20002304	ram:e000f000	DAT_ram_e000f000	PARAM
ram:2000237e	FUN_ram_20002304@ram:20002304	ram:e000ed10	DAT_ram_e000ed10	READ
ram:20002386	FUN_ram_20002304@ram:20002304	ram:e000ed10	DAT_ram_e000ed10	WRITE
ram:2000238a	FUN_ram_20002304@ram:20002304	ram:40001040	SAFE_ACCESS	WRITE
ram:2000238e	FUN_ram_20002304@ram:20002304	ram:40001040	SAFE_ACCESS	WRITE
ram:20002396	FUN_ram_20002304@ram:20002304	ram:4000100f	SLP_POWER_CTRL	READ
ram:2000239e	FUN_ram_20002304@ram:20002304	ram:4000100f	SLP_POWER_CTRL	WRITE
ram:200023a2	FUN_ram_20002304@ram:20002304	ram:40001040	SAFE_ACCESS	WRITE
ram:200023a6	FUN_ram_20002304@ram:20002304	ram:40001040	SAFE_ACCESS	WRITE
ram:200023b4	FUN_ram_20002304@ram:20002304	ram:40001020	POWER_MANAG	WRITE
ram:200023b8	FUN_ram_20002304@ram:20002304	ram:e000ed10	DAT_ram_e000ed10	READ
ram:200023be	FUN_ram_20002304@ram:20002304	ram:e000ed10	DAT_ram_e000ed10	WRITE
ram:200023d2	FUN_ram_20002304@ram:20002304	ram:200028d6	FLASH_EEPROM_CMD	UNCONDITIONAL_CALL
ram:200023d4	FUN_ram_20002304@ram:20002304	ram:40001040	SAFE_ACCESS	WRITE
ram:200023d8	FUN_ram_20002304@ram:20002304	ram:40001040	SAFE_ACCESS	WRITE
ram:200023e0	FUN_ram_20002304@ram:20002304	ram:40001046	RST_WDOG_CTRL	READ
ram:200023e8	FUN_ram_20002304@ram:20002304	ram:40001046	RST_WDOG_CTRL	WRITE
ram:200023ec	FUN_ram_20002304@ram:20002304	ram:40001040	SAFE_ACCESS	WRITE
ram:20002406	FUN_ram_200023fe@ram:200023fe	ram:40001040	SAFE_ACCESS	WRITE
ram:2000240e	FUN_ram_200023fe@ram:200023fe	ram:40001040	SAFE_ACCESS	WRITE
ram:20002416	FUN_ram_200023fe@ram:200023fe	ram:4000104b	PLL_CONFIG	READ
ram:2000241e	FUN_ram_200023fe@ram:200023fe	ram:4000104b	PLL_CONFIG	WRITE
ram:20002422	FUN_ram_200023fe@ram:200023fe	ram:40001040	SAFE_ACCESS	WRITE
ram:2000242a	FUN_ram_200023fe@ram:200023fe	ram:200024cc	LAB_ram_200024cc	CONDITIONAL_JUMP
ram:2000242c	FUN_ram_200023fe@ram:200023fe	ram:4000100a	HFCK_PWR_CTRL	READ
ram:20002432	FUN_ram_200023fe@ram:200023fe	ram:20002458	LAB_ram_20002458	CONDITIONAL_JUMP
ram:20002434	FUN_ram_200023fe@ram:200023fe	ram:40001040	SAFE_ACCESS	WRITE
ram:20002438	FUN_ram_200023fe@ram:200023fe	ram:40001040	SAFE_ACCESS	WRITE
ram:20002440	FUN_ram_200023fe@ram:200023fe	ram:4000100a	HFCK_PWR_CTRL	READ
ram:20002448	FUN_ram_200023fe@ram:200023fe	ram:4000100a	HFCK_PWR_CTRL	WRITE
ram:20002456	FUN_ram_200023fe@ram:200023fe	ram:20002450	LAB_ram_20002450	CONDITIONAL_JUMP
ram:20002460	FUN_ram_200023fe@ram:200023fe	ram:40001040	SAFE_ACCESS	WRITE
ram:20002468	FUN_ram_200023fe@ram:200023fe	ram:40001040	SAFE_ACCESS	WRITE
ram:20002472	FUN_ram_200023fe@ram:200023fe	ram:40001008	CLOCK_CONFIG	WRITE
ram:2000247e	FUN_ram_200023fe@ram:200023fe	ram:40001040	SAFE_ACCESS	WRITE
ram:20002482	FUN_ram_200023fe@ram:200023fe	ram:40001040	SAFE_ACCESS	WRITE
ram:20002486	FUN_ram_200023fe@ram:200023fe	ram:40001040	SAFE_ACCESS	WRITE
ram:2000249a	FUN_ram_200023fe@ram:200023fe	ram:40001807	FLASH_CFG	WRITE
ram:2000249e	FUN_ram_200023fe@ram:200023fe	ram:40001040	SAFE_ACCESS	WRITE
ram:200024aa	FUN_ram_200023fe@ram:200023fe	ram:40001040	SAFE_ACCESS	WRITE
ram:200024b2	FUN_ram_200023fe@ram:200023fe	ram:40001040	SAFE_ACCESS	WRITE
ram:200024ba	FUN_ram_200023fe@ram:200023fe	ram:4000104b	PLL_CONFIG	READ
ram:200024c2	FUN_ram_200023fe@ram:200023fe	ram:4000104b	PLL_CONFIG	WRITE
ram:200024c6	FUN_ram_200023fe@ram:200023fe	ram:40001040	SAFE_ACCESS	WRITE
ram:200024d0	FUN_ram_200023fe@ram:200023fe	ram:20002558	LAB_ram_20002558	CONDITIONAL_JUMP
ram:200024d2	FUN_ram_200023fe@ram:200023fe	ram:4000100a	HFCK_PWR_CTRL	READ
ram:200024d8	FUN_ram_200023fe@ram:200023fe	ram:200024fe	LAB_ram_200024fe	CONDITIONAL_JUMP
ram:200024da	FUN_ram_200023fe@ram:200023fe	ram:40001040	SAFE_ACCESS	WRITE
ram:200024de	FUN_ram_200023fe@ram:200023fe	ram:40001040	SAFE_ACCESS	WRITE
ram:200024e6	FUN_ram_200023fe@ram:200023fe	ram:4000100a	HFCK_PWR_CTRL	READ
ram:200024ee	FUN_ram_200023fe@ram:200023fe	ram:4000100a	HFCK_PWR_CTRL	WRITE
ram:200024fc	FUN_ram_200023fe@ram:200023fe	ram:200024f6	LAB_ram_200024f6	CONDITIONAL_JUMP
ram:20002506	FUN_ram_200023fe@ram:200023fe	ram:40001040	SAFE_ACCESS	WRITE
ram:2000250e	FUN_ram_200023fe@ram:200023fe	ram:40001040	SAFE_ACCESS	WRITE
ram:2000251e	FUN_ram_200023fe@ram:200023fe	ram:40001008	CLOCK_CONFIG	WRITE
ram:2000252a	FUN_ram_200023fe@ram:200023fe	ram:40001040	SAFE_ACCESS	WRITE
ram:2000252e	FUN_ram_200023fe@ram:200023fe	ram:40001040	SAFE_ACCESS	WRITE
ram:20002536	FUN_ram_200023fe@ram:200023fe	ram:40001040	SAFE_ACCESS	WRITE
ram:2000253a	FUN_ram_200023fe@ram:200023fe	ram:2000254a	LAB_ram_2000254a	CONDITIONAL_JUMP
ram:20002548	FUN_ram_200023fe@ram:200023fe	ram:2000249a	LAB_ram_2000249a	UNCONDITIONAL_JUMP
ram:20002556	FUN_ram_200023fe@ram:200023fe	ram:2000249a	LAB_ram_2000249a	UNCONDITIONAL_JUMP
ram:20002558	FUN_ram_200023fe@ram:200023fe	ram:40001040	SAFE_ACCESS	WRITE
ram:2000255c	FUN_ram_200023fe@ram:200023fe	ram:40001040	SAFE_ACCESS	WRITE
ram:20002564	FUN_ram_200023fe@ram:200023fe	ram:40001008	CLOCK_CONFIG	READ
ram:2000256c	FUN_ram_200023fe@ram:200023fe	ram:40001008	CLOCK_CONFIG	WRITE
ram:20002570	FUN_ram_200023fe@ram:200023fe	ram:200024a2	LAB_ram_200024a2	UNCONDITIONAL_JUMP
ram:2000257e	sys_soft_reset@ram:20002572	ram:200028d6	FLASH_EEPROM_CMD	UNCONDITIONAL_CALL
ram:20002588	sys_soft_reset@ram:20002572	ram:40001040	SAFE_ACCESS	WRITE
ram:20002590	sys_soft_reset@ram:20002572	ram:40001040	SAFE_ACCESS	WRITE
ram:20002598	sys_soft_reset@ram:20002572	ram:40001046	RST_WDOG_CTRL	READ
ram:200025a0	sys_soft_reset@ram:20002572	ram:40001046	RST_WDOG_CTRL	WRITE
ram:200025a4	sys_soft_reset@ram:20002572	ram:40001040	SAFE_ACCESS	WRITE
ram:200025b6	HardFault_Handler@ram:200025ae	ram:200028d6	FLASH_EEPROM_CMD	UNCONDITIONAL_CALL
ram:200025c0	HardFault_Handler@ram:200025ae	ram:40001040	SAFE_ACCESS	WRITE
ram:200025c8	HardFault_Handler@ram:200025ae	ram:40001040	SAFE_ACCESS	WRITE
ram:200025d2	HardFault_Handler@ram:200025ae	ram:4000102c	OSC32K_CTRL	WRITE
ram:200025d6	HardFault_Handler@ram:200025ae	ram:40001040	SAFE_ACCESS	WRITE
ram:200025da	HardFault_Handler@ram:200025ae	ram:40001040	SAFE_ACCESS	WRITE
ram:200025e2	HardFault_Handler@ram:200025ae	ram:40001046	RST_WDOG_CTRL	READ
ram:200025ea	HardFault_Handler@ram:200025ae	ram:40001046	RST_WDOG_CTRL	WRITE
ram:200025ee	HardFault_Handler@ram:200025ae	ram:40001040	SAFE_ACCESS	WRITE
ram:200025f2	HardFault_Handler@ram:200025ae	ram:200025f2	LAB_ram_200025f2	UNCONDITIONAL_JUMP
ram:200025fe	FUN_ram_200025f4@ram:200025f4	ram:200025fa	LAB_ram_200025fa	CONDITIONAL_JUMP
ram:2000260e	FUN_ram_20002602@ram:20002602	ram:2000261c	LAB_ram_2000261c	CONDITIONAL_JUMP
ram:20002624	FUN_ram_20002602@ram:20002602	ram:200025f4	FUN_ram_200025f4	UNCONDITIONAL_CALL
ram:20002628	FUN_ram_20002602@ram:20002602	ram:2000260e	LAB_ram_2000260e	UNCONDITIONAL_JUMP
ram:20002632	RTC_IRQHandler@ram:2000262a	ram:40001030	RTC_CTRL	WRITE
ram:2000263c	RTC_IRQHandler@ram:2000262a	ram:20002f78	DAT_ram_20002f78	WRITE
ram:20002648	TMR0_IRQHandler@ram:20002644	ram:40002006	TMR0_INT_FLAG	READ
ram:2000264e	TMR0_IRQHandler@ram:20002644	ram:2000266a	LAB_ram_2000266a	CONDITIONAL_JUMP
ram:20002656	TMR0_IRQHandler@ram:20002644	ram:20002fa0	DAT_ram_20002fa0	WRITE
ram:2000265a	TMR0_IRQHandler@ram:20002644	ram:40002006	TMR0_INT_FLAG	WRITE
ram:2000265e	TMR0_IRQHandler@ram:20002644	ram:40002002	TMR0_INTER_EN	READ
ram:20002666	TMR0_IRQHandler@ram:20002644	ram:40002002	TMR0_INTER_EN	WRITE
ram:2000266e	TMR0_IRQHandler@ram:20002644	ram:40002006	TMR0_INT_FLAG	READ
ram:20002674	TMR0_IRQHandler@ram:20002644	ram:200026c2	LAB_ram_200026c2	CONDITIONAL_JUMP
ram:20002676	TMR0_IRQHandler@ram:20002644	ram:40002007	TMR0_FIFO_COUNT	READ
ram:20002692	TMR0_IRQHandler@ram:20002644	ram:20002fa0	DAT_ram_20002fa0	DATA
ram:200026a8	TMR0_IRQHandler@ram:20002644	ram:200026c6	LAB_ram_200026c6	CONDITIONAL_JUMP
ram:200026b2	TMR0_IRQHandler@ram:20002644	ram:40002006	TMR0_INT_FLAG	WRITE
ram:200026b6	TMR0_IRQHandler@ram:20002644	ram:40002002	TMR0_INTER_EN	READ
ram:200026be	TMR0_IRQHandler@ram:20002644	ram:40002002	TMR0_INTER_EN	WRITE
ram:200026c6	TMR0_IRQHandler@ram:20002644	ram:20002fa4	DAT_ram_20002fa4	READ
ram:200026c8	TMR0_IRQHandler@ram:20002644	ram:200026d0	LAB_ram_200026d0	CONDITIONAL_JUMP
ram:200026cc	TMR0_IRQHandler@ram:20002644	ram:20002fa0	DAT_ram_20002fa0	READ
ram:200026ce	TMR0_IRQHandler@ram:20002644	ram:200026e0	LAB_ram_200026e0	CONDITIONAL_JUMP
ram:200026d4	TMR0_IRQHandler@ram:20002644	ram:20002fa4	DAT_ram_20002fa4	WRITE
ram:200026dc	TMR0_IRQHandler@ram:20002644	ram:20002fa0	DAT_ram_20002fa0	WRITE
ram:200026e0	TMR0_IRQHandler@ram:20002644	ram:20002fa4	DAT_ram_20002fa4	READ
ram:200026ea	TMR0_IRQHandler@ram:20002644	ram:20002fa4	DAT_ram_20002fa4	WRITE
ram:200026ee	TMR0_IRQHandler@ram:20002644	ram:40002010	TMR0_FIFO	READ
ram:200026f6	TMR0_IRQHandler@ram:20002644	ram:200043c0	DAT_ram_200043c0	WRITE
ram:200026fa	TMR0_IRQHandler@ram:20002644	ram:200026a2	LAB_ram_200026a2	UNCONDITIONAL_JUMP
ram:200026fc	TMR1_IRQHandler@ram:200026fc	ram:40002000	TMR0_CONTROL	PARAM
ram:20002700	TMR1_IRQHandler@ram:200026fc	ram:40002406	TMR1_INT_FLAG	READ
ram:20002706	TMR1_IRQHandler@ram:200026fc	ram:20002716	LAB_ram_20002716	CONDITIONAL_JUMP
ram:2000270a	TMR1_IRQHandler@ram:200026fc	ram:40002406	TMR1_INT_FLAG	WRITE
ram:20002712	TMR1_IRQHandler@ram:200026fc	ram:00003724	tmr1_1ms_tick	COMPUTED_CALL
ram:2000271e	TMR2_IRQHandler@ram:2000271a	ram:40002806	TMR2_INT_FLAG	READ
ram:20002724	TMR2_IRQHandler@ram:2000271a	ram:20002742	LAB_ram_20002742	CONDITIONAL_JUMP
ram:20002728	TMR2_IRQHandler@ram:2000271a	ram:40002806	TMR2_INT_FLAG	WRITE
ram:20002734	TMR2_IRQHandler@ram:2000271a	ram:20002fbc	uptime_ms	READ
ram:2000273e	TMR2_IRQHandler@ram:2000271a	ram:20002fbc	uptime_ms	WRITE
ram:2000274a	UART0_IRQHandler@ram:20002746	ram:40003004	UART0_STAT	READ
ram:20002752	UART0_IRQHandler@ram:20002746	ram:2000275c	LAB_ram_2000275c	CONDITIONAL_JUMP
ram:20002758	UART0_IRQHandler@ram:20002746	ram:2000276e	LAB_ram_2000276e	CONDITIONAL_JUMP
ram:20002764	UART0_IRQHandler@ram:20002746	ram:00002844	uart0_drain_rx	COMPUTED_CALL
ram:20002776	UART3_IRQHandler@ram:20002772	ram:40003c04	UART3_STAT	READ
ram:20002782	UART1_IRQHandler@ram:2000277e	ram:40003404	UART1_STAT	READ
ram:2000278a	UART1_IRQHandler@ram:2000277e	ram:20002794	LAB_ram_20002794	CONDITIONAL_JUMP
ram:20002790	UART1_IRQHandler@ram:2000277e	ram:200027fa	LAB_ram_200027fa	CONDITIONAL_JUMP
ram:200027a0	UART1_IRQHandler@ram:2000277e	ram:0000293c	uart1_read_fifo	COMPUTED_CALL
ram:200027ac	UART1_IRQHandler@ram:2000277e	ram:20004770	DAT_ram_20004770	READ
ram:200027c0	UART1_IRQHandler@ram:2000277e	ram:200027f0	LAB_ram_200027f0	CONDITIONAL_JUMP
ram:200027ce	UART1_IRQHandler@ram:2000277e	ram:000078b2	memcpy	COMPUTED_CALL
ram:200027d2	UART1_IRQHandler@ram:2000277e	ram:20004770	DAT_ram_20004770	READ
ram:200027d8	UART1_IRQHandler@ram:2000277e	ram:200047d8	DAT_ram_200047d8	PARAM
ram:200027dc	UART1_IRQHandler@ram:2000277e	ram:20004770	DAT_ram_20004770	WRITE
ram:200027e4	UART1_IRQHandler@ram:2000277e	ram:00004cee	uart1_rx_route	COMPUTED_CALL
ram:200027ec	UART1_IRQHandler@ram:2000277e	ram:20004770	DAT_ram_20004770	WRITE
ram:20002802	USB_IRQHandler@ram:200027fe	ram:00004fba	usb_irq_handler	COMPUTED_CALL
ram:20002814	FUN_ram_2000280a@ram:2000280a	ram:20000000	DAT_ram_20000000	READ
ram:20002818	FUN_ram_2000280a@ram:2000280a	ram:20002814	LAB_ram_20002814	UNCONDITIONAL_JUMP
ram:20002830	FUN_ram_2000282c@ram:2000282c	ram:2000282c	FUN_ram_2000282c	CONDITIONAL_JUMP
ram:2000283e	FUN_ram_2000283a@ram:2000283a	ram:2000283a	FUN_ram_2000283a	CONDITIONAL_JUMP
ram:2000284c	FUN_ram_20002848@ram:20002848	ram:20002848	FUN_ram_20002848	CONDITIONAL_JUMP
ram:2000285c	FUN_ram_20002856@ram:20002856	Stack[-0x10]		DATA
ram:2000286c	FUN_ram_20002856@ram:20002856	ram:20002878	LAB_ram_20002878	CONDITIONAL_JUMP
ram:20002872	FUN_ram_20002856@ram:20002856	ram:2000281a	FUN_ram_2000281a	UNCONDITIONAL_CALL
ram:20002874	FUN_ram_20002856@ram:20002856	ram:2000282c	FUN_ram_2000282c	UNCONDITIONAL_CALL
ram:2000287a	FUN_ram_20002856@ram:20002856	ram:2000281a	FUN_ram_2000281a	UNCONDITIONAL_CALL
ram:20002880	FUN_ram_20002856@ram:20002856	ram:20002890	LAB_ram_20002890	CONDITIONAL_JUMP
ram:2000288a	FUN_ram_20002856@ram:20002856	Stack[-0x10]		DATA
ram:20002898	FUN_ram_20002856@ram:20002856	ram:20002848	FUN_ram_20002848	UNCONDITIONAL_CALL
ram:2000289c	FUN_ram_20002856@ram:20002856	ram:2000287e	LAB_ram_2000287e	UNCONDITIONAL_JUMP
ram:200028a8	FUN_ram_2000289e@ram:2000289e	ram:2000282c	FUN_ram_2000282c	UNCONDITIONAL_CALL
ram:200028ac	FUN_ram_2000289e@ram:2000289e	ram:2000281a	FUN_ram_2000281a	UNCONDITIONAL_CALL
ram:200028ae	FUN_ram_2000289e@ram:2000289e	ram:2000283a	FUN_ram_2000283a	UNCONDITIONAL_CALL
ram:200028b0	FUN_ram_2000289e@ram:2000289e	ram:2000283a	FUN_ram_2000283a	UNCONDITIONAL_CALL
ram:200028b4	FUN_ram_2000289e@ram:2000289e	ram:2000282c	FUN_ram_2000282c	UNCONDITIONAL_CALL
ram:200028bc	FUN_ram_2000289e@ram:2000289e	ram:200028ce	LAB_ram_200028ce	CONDITIONAL_JUMP
ram:200028d0	FUN_ram_2000289e@ram:2000289e	ram:200028aa	LAB_ram_200028aa	CONDITIONAL_JUMP
ram:200028d4	FUN_ram_2000289e@ram:2000289e	ram:200028c6	LAB_ram_200028c6	UNCONDITIONAL_JUMP
ram:200028f2	FLASH_EEPROM_CMD@ram:200028d6	ram:e000e000	DAT_ram_e000e000	READ
ram:200028f8	FLASH_EEPROM_CMD@ram:200028d6	ram:e000e004	DAT_ram_e000e004	READ
ram:200028fc	FLASH_EEPROM_CMD@ram:200028d6	ram:e000e180	DAT_ram_e000e180	WRITE
ram:20002900	FLASH_EEPROM_CMD@ram:200028d6	ram:e000e184	DAT_ram_e000e184	WRITE
ram:2000290c	FLASH_EEPROM_CMD@ram:200028d6	ram:40001040	SAFE_ACCESS	WRITE
ram:20002914	FLASH_EEPROM_CMD@ram:200028d6	ram:40001040	SAFE_ACCESS	WRITE
ram:20002918	FLASH_EEPROM_CMD@ram:200028d6	ram:40001044	GLOBAL_CONFIG	READ
ram:20002938	FLASH_EEPROM_CMD@ram:200028d6	ram:2000294c	LAB_ram_2000294c	CONDITIONAL_JUMP
ram:2000293c	FLASH_EEPROM_CMD@ram:200028d6	ram:2000294c	LAB_ram_2000294c	CONDITIONAL_JUMP
ram:20002946	FLASH_EEPROM_CMD@ram:200028d6	ram:2000294c	LAB_ram_2000294c	CONDITIONAL_JUMP
ram:20002956	FLASH_EEPROM_CMD@ram:200028d6	ram:40001044	GLOBAL_CONFIG	WRITE
ram:2000295c	FLASH_EEPROM_CMD@ram:200028d6	ram:40001806	FLASH_CTRL	WRITE
ram:20002964	FLASH_EEPROM_CMD@ram:200028d6	ram:2000281a	FUN_ram_2000281a	UNCONDITIONAL_CALL
ram:20002968	FLASH_EEPROM_CMD@ram:200028d6	ram:2000282c	FUN_ram_2000282c	UNCONDITIONAL_CALL
ram:2000296a	FLASH_EEPROM_CMD@ram:200028d6	ram:20002a84	LAB_ram_20002a84	CONDITIONAL_JUMP
ram:2000297a	FLASH_EEPROM_CMD@ram:200028d6	ram:200029be	LAB_ram_200029be	CONDITIONAL_JUMP
ram:20002982	FLASH_EEPROM_CMD@ram:200028d6	ram:200029be	LAB_ram_200029be	CONDITIONAL_JUMP
ram:20002990	FLASH_EEPROM_CMD@ram:200028d6	ram:20002a02	LAB_ram_20002a02	CONDITIONAL_JUMP
ram:20002994	FLASH_EEPROM_CMD@ram:200028d6	ram:2000299e	LAB_ram_2000299e	CONDITIONAL_JUMP
ram:20002998	FLASH_EEPROM_CMD@ram:200028d6	ram:2000282c	FUN_ram_2000282c	UNCONDITIONAL_CALL
ram:2000299c	FLASH_EEPROM_CMD@ram:200028d6	ram:200029be	LAB_ram_200029be	UNCONDITIONAL_JUMP
ram:200029a2	FLASH_EEPROM_CMD@ram:200028d6	ram:20002856	FUN_ram_20002856	UNCONDITIONAL_CALL
ram:200029ae	FLASH_EEPROM_CMD@ram:200028d6	ram:20002848	FUN_ram_20002848	UNCONDITIONAL_CALL
ram:200029b0	FLASH_EEPROM_CMD@ram:200028d6	ram:200029b8	LAB_ram_200029b8	CONDITIONAL_JUMP
ram:200029b6	FLASH_EEPROM_CMD@ram:200028d6	ram:200029a4	LAB_ram_200029a4	CONDITIONAL_JUMP
ram:200029b8	FLASH_EEPROM_CMD@ram:200028d6	ram:2000289e	FUN_ram_2000289e	UNCONDITIONAL_CALL
ram:200029ba	FLASH_EEPROM_CMD@ram:200028d6	ram:20002994	LAB_ram_20002994	CONDITIONAL_JUMP
ram:200029c6	FLASH_EEPROM_CMD@ram:200028d6	ram:40001040	SAFE_ACCESS	WRITE
ram:200029ce	FLASH_EEPROM_CMD@ram:200028d6	ram:40001040	SAFE_ACCESS	WRITE
ram:200029d2	FLASH_EEPROM_CMD@ram:200028d6	ram:40001044	GLOBAL_CONFIG	READ
ram:200029d8	FLASH_EEPROM_CMD@ram:200028d6	ram:40001044	GLOBAL_CONFIG	WRITE
ram:200029e2	FLASH_EEPROM_CMD@ram:200028d6	ram:e000e100	DAT_ram_e000e100	WRITE
ram:200029e6	FLASH_EEPROM_CMD@ram:200028d6	ram:e000e104	DAT_ram_e000e104	WRITE
ram:20002a04	FLASH_EEPROM_CMD@ram:200028d6	ram:20002a6e	LAB_ram_20002a6e	CONDITIONAL_JUMP
ram:20002a30	FLASH_EEPROM_CMD@ram:200028d6	ram:20002a36	LAB_ram_20002a36	CONDITIONAL_JUMP
ram:20002a32	FLASH_EEPROM_CMD@ram:200028d6	ram:20002a4a	LAB_ram_20002a4a	CONDITIONAL_JUMP
ram:20002a3c	FLASH_EEPROM_CMD@ram:200028d6	ram:20002a28	LAB_ram_20002a28	CONDITIONAL_JUMP
ram:20002a40	FLASH_EEPROM_CMD@ram:200028d6	ram:20002996	LAB_ram_20002996	UNCONDITIONAL_JUMP
ram:20002a48	FLASH_EEPROM_CMD@ram:200028d6	ram:20002a0e	LAB_ram_20002a0e	UNCONDITIONAL_JUMP
ram:20002a4e	FLASH_EEPROM_CMD@ram:200028d6	ram:20002a5e	LAB_ram_20002a5e	CONDITIONAL_JUMP
ram:20002a56	FLASH_EEPROM_CMD@ram:200028d6	ram:20002a5e	LAB_ram_20002a5e	CONDITIONAL_JUMP
ram:20002a60	FLASH_EEPROM_CMD@ram:200028d6	ram:20002856	FUN_ram_20002856	UNCONDITIONAL_CALL
ram:20002a62	FLASH_EEPROM_CMD@ram:200028d6	ram:2000289e	FUN_ram_2000289e	UNCONDITIONAL_CALL
ram:20002a64	FLASH_EEPROM_CMD@ram:200028d6	ram:200029bc	LAB_ram_200029bc	CONDITIONAL_JUMP
ram:20002a6c	FLASH_EEPROM_CMD@ram:200028d6	ram:20002a32	LAB_ram_20002a32	UNCONDITIONAL_JUMP
ram:20002a72	FLASH_EEPROM_CMD@ram:200028d6	ram:20002856	FUN_ram_20002856	UNCONDITIONAL_CALL
ram:20002a76	FLASH_EEPROM_CMD@ram:200028d6	ram:20002996	LAB_ram_20002996	CONDITIONAL_JUMP
ram:20002a7c	FLASH_EEPROM_CMD@ram:200028d6	ram:2000283a	FUN_ram_2000283a	UNCONDITIONAL_CALL
ram:20002a82	FLASH_EEPROM_CMD@ram:200028d6	ram:20002a76	LAB_ram_20002a76	UNCONDITIONAL_JUMP
ram:20002a8c	FLASH_EEPROM_CMD@ram:200028d6	ram:20002b4e	LAB_ram_20002b4e	CONDITIONAL_JUMP
ram:20002a90	FLASH_EEPROM_CMD@ram:200028d6	ram:40001041	CHIP_ID	READ
ram:20002a98	FLASH_EEPROM_CMD@ram:200028d6	ram:20002af6	LAB_ram_20002af6	CONDITIONAL_JUMP
ram:20002aa0	FLASH_EEPROM_CMD@ram:200028d6	ram:20002af6	LAB_ram_20002af6	CONDITIONAL_JUMP
ram:20002aac	FLASH_EEPROM_CMD@ram:200028d6	ram:20002af6	LAB_ram_20002af6	CONDITIONAL_JUMP
ram:20002ab6	FLASH_EEPROM_CMD@ram:200028d6	ram:20002b1c	LAB_ram_20002b1c	CONDITIONAL_JUMP
ram:20002abe	FLASH_EEPROM_CMD@ram:200028d6	ram:20002996	LAB_ram_20002996	CONDITIONAL_JUMP
ram:20002ac6	FLASH_EEPROM_CMD@ram:200028d6	ram:20002856	FUN_ram_20002856	UNCONDITIONAL_CALL
ram:20002ad0	FLASH_EEPROM_CMD@ram:200028d6	ram:40001800	FLASH_DATA	WRITE
ram:20002ad4	FLASH_EEPROM_CMD@ram:200028d6	ram:40001806	FLASH_CTRL	READ
ram:20002ad8	FLASH_EEPROM_CMD@ram:200028d6	ram:20002ad4	LAB_ram_20002ad4	CONDITIONAL_JUMP
ram:20002adc	FLASH_EEPROM_CMD@ram:200028d6	ram:40001806	FLASH_CTRL	WRITE
ram:20002ae2	FLASH_EEPROM_CMD@ram:200028d6	ram:20002ad4	LAB_ram_20002ad4	CONDITIONAL_JUMP
ram:20002ae8	FLASH_EEPROM_CMD@ram:200028d6	ram:20002af0	LAB_ram_20002af0	CONDITIONAL_JUMP
ram:20002aee	FLASH_EEPROM_CMD@ram:200028d6	ram:20002ac8	LAB_ram_20002ac8	CONDITIONAL_JUMP
ram:20002af0	FLASH_EEPROM_CMD@ram:200028d6	ram:2000289e	FUN_ram_2000289e	UNCONDITIONAL_CALL
ram:20002af2	FLASH_EEPROM_CMD@ram:200028d6	ram:20002abe	LAB_ram_20002abe	CONDITIONAL_JUMP
ram:20002af4	FLASH_EEPROM_CMD@ram:200028d6	ram:200029bc	LAB_ram_200029bc	UNCONDITIONAL_JUMP
ram:20002afa	FLASH_EEPROM_CMD@ram:200028d6	ram:40001045	GLOB_CFG_INFO	READ
ram:20002b06	FLASH_EEPROM_CMD@ram:200028d6	ram:20002b0c	LAB_ram_20002b0c	CONDITIONAL_JUMP
ram:20002b0e	FLASH_EEPROM_CMD@ram:200028d6	ram:200029be	LAB_ram_200029be	CONDITIONAL_JUMP
ram:20002b16	FLASH_EEPROM_CMD@ram:200028d6	ram:20002ab4	LAB_ram_20002ab4	CONDITIONAL_JUMP
ram:20002b1a	FLASH_EEPROM_CMD@ram:200028d6	ram:200029be	LAB_ram_200029be	UNCONDITIONAL_JUMP
ram:20002b1e	FLASH_EEPROM_CMD@ram:200028d6	ram:20002a42	LAB_ram_20002a42	CONDITIONAL_JUMP
ram:20002b26	FLASH_EEPROM_CMD@ram:200028d6	ram:20002856	FUN_ram_20002856	UNCONDITIONAL_CALL
ram:20002b2c	FLASH_EEPROM_CMD@ram:200028d6	ram:20002996	LAB_ram_20002996	CONDITIONAL_JUMP
ram:20002b30	FLASH_EEPROM_CMD@ram:200028d6	ram:2000283a	FUN_ram_2000283a	UNCONDITIONAL_CALL
ram:20002b36	FLASH_EEPROM_CMD@ram:200028d6	ram:20002b4a	LAB_ram_20002b4a	CONDITIONAL_JUMP
ram:20002b38	FLASH_EEPROM_CMD@ram:200028d6	ram:40001800	FLASH_DATA	READ
ram:20002b44	FLASH_EEPROM_CMD@ram:200028d6	ram:20002998	LAB_ram_20002998	CONDITIONAL_JUMP
ram:20002b4c	FLASH_EEPROM_CMD@ram:200028d6	ram:20002b28	LAB_ram_20002b28	UNCONDITIONAL_JUMP
ram:20002b50	FLASH_EEPROM_CMD@ram:200028d6	ram:20002b5c	LAB_ram_20002b5c	CONDITIONAL_JUMP
ram:20002b58	FLASH_EEPROM_CMD@ram:200028d6	ram:2000281a	FUN_ram_2000281a	UNCONDITIONAL_CALL
ram:20002b5a	FLASH_EEPROM_CMD@ram:200028d6	ram:20002996	LAB_ram_20002996	UNCONDITIONAL_JUMP
ram:20002b62	FLASH_EEPROM_CMD@ram:200028d6	ram:20002b58	LAB_ram_20002b58	CONDITIONAL_JUMP
ram:20002b68	FLASH_EEPROM_CMD@ram:200028d6	ram:20002baa	LAB_ram_20002baa	CONDITIONAL_JUMP
ram:20002b76	FLASH_EEPROM_CMD@ram:200028d6	ram:20002856	FUN_ram_20002856	UNCONDITIONAL_CALL
ram:20002b7e	FLASH_EEPROM_CMD@ram:200028d6	ram:2000283a	FUN_ram_2000283a	UNCONDITIONAL_CALL
ram:20002b80	FLASH_EEPROM_CMD@ram:200028d6	ram:20002b8c	LAB_ram_20002b8c	CONDITIONAL_JUMP
ram:20002b84	FLASH_EEPROM_CMD@ram:200028d6	ram:40001800	FLASH_DATA	READ
ram:20002b8e	FLASH_EEPROM_CMD@ram:200028d6	ram:20002b7e	LAB_ram_20002b7e	CONDITIONAL_JUMP
ram:20002b92	FLASH_EEPROM_CMD@ram:200028d6	ram:40001800	FLASH_DATA	READ
ram:20002b9a	FLASH_EEPROM_CMD@ram:200028d6	ram:20002ba4	LAB_ram_20002ba4	CONDITIONAL_JUMP
ram:20002ba2	FLASH_EEPROM_CMD@ram:200028d6	ram:20002996	LAB_ram_20002996	UNCONDITIONAL_JUMP
ram:20002ba8	FLASH_EEPROM_CMD@ram:200028d6	ram:20002996	LAB_ram_20002996	UNCONDITIONAL_JUMP
ram:20002bac	FLASH_EEPROM_CMD@ram:200028d6	ram:20002bde	LAB_ram_20002bde	CONDITIONAL_JUMP
ram:20002bb6	FLASH_EEPROM_CMD@ram:200028d6	ram:20002856	FUN_ram_20002856	UNCONDITIONAL_CALL
ram:20002bc4	FLASH_EEPROM_CMD@ram:200028d6	ram:2000283a	FUN_ram_2000283a	UNCONDITIONAL_CALL
ram:20002bd8	FLASH_EEPROM_CMD@ram:200028d6	ram:20002bc4	LAB_ram_20002bc4	CONDITIONAL_JUMP
ram:20002bdc	FLASH_EEPROM_CMD@ram:200028d6	ram:20002996	LAB_ram_20002996	UNCONDITIONAL_JUMP
ram:20002be0	FLASH_EEPROM_CMD@ram:200028d6	ram:20002c24	LAB_ram_20002c24	CONDITIONAL_JUMP
ram:20002be4	FLASH_EEPROM_CMD@ram:200028d6	ram:2000289e	FUN_ram_2000289e	UNCONDITIONAL_CALL
ram:20002be8	FLASH_EEPROM_CMD@ram:200028d6	ram:20002c02	LAB_ram_20002c02	CONDITIONAL_JUMP
ram:20002bf2	FLASH_EEPROM_CMD@ram:200028d6	ram:20002c02	LAB_ram_20002c02	CONDITIONAL_JUMP
ram:20002bfa	FLASH_EEPROM_CMD@ram:200028d6	ram:20002c02	LAB_ram_20002c02	CONDITIONAL_JUMP
ram:20002c06	FLASH_EEPROM_CMD@ram:200028d6	ram:20002996	LAB_ram_20002996	CONDITIONAL_JUMP
ram:20002c0c	FLASH_EEPROM_CMD@ram:200028d6	ram:2000281a	FUN_ram_2000281a	UNCONDITIONAL_CALL
ram:20002c0e	FLASH_EEPROM_CMD@ram:200028d6	ram:2000282c	FUN_ram_2000282c	UNCONDITIONAL_CALL
ram:20002c12	FLASH_EEPROM_CMD@ram:200028d6	ram:2000281a	FUN_ram_2000281a	UNCONDITIONAL_CALL
ram:20002c16	FLASH_EEPROM_CMD@ram:200028d6	ram:20002848	FUN_ram_20002848	UNCONDITIONAL_CALL
ram:20002c1a	FLASH_EEPROM_CMD@ram:200028d6	ram:20002848	FUN_ram_20002848	UNCONDITIONAL_CALL
ram:20002c1c	FLASH_EEPROM_CMD@ram:200028d6	ram:2000289e	FUN_ram_2000289e	UNCONDITIONAL_CALL
ram:20002c1e	FLASH_EEPROM_CMD@ram:200028d6	ram:20002996	LAB_ram_20002996	CONDITIONAL_JUMP
ram:20002c22	FLASH_EEPROM_CMD@ram:200028d6	ram:200029bc	LAB_ram_200029bc	UNCONDITIONAL_JUMP
ram:20002c26	FLASH_EEPROM_CMD@ram:200028d6	ram:20002c38	LAB_ram_20002c38	CONDITIONAL_JUMP
ram:20002c2e	FLASH_EEPROM_CMD@ram:200028d6	ram:2000281a	FUN_ram_2000281a	UNCONDITIONAL_CALL
ram:20002c30	FLASH_EEPROM_CMD@ram:200028d6	ram:2000282c	FUN_ram_2000282c	UNCONDITIONAL_CALL
ram:20002c36	FLASH_EEPROM_CMD@ram:200028d6	ram:20002b58	LAB_ram_20002b58	UNCONDITIONAL_JUMP
ram:20002c38	FLASH_EEPROM_CMD@ram:200028d6	ram:20002996	LAB_ram_20002996	CONDITIONAL_JUMP
ram:20002c3e	FLASH_EEPROM_CMD@ram:200028d6	ram:20002998	LAB_ram_20002998	UNCONDITIONAL_JUMP
ram:20002cb0		ram:00002ab6	af_read_cb	DATA
ram:20002cb4		ram:00002b38	af_write_cb	DATA
ram:20002cfc		ram:00002d8c	db_read_cb	DATA
ram:20002d00		ram:00002e28	db_write_cb	DATA
ram:20002d2c		ram:00009300	DAT_ram_00009300	DATA
ram:20002e54		ram:000056ce	central_passcode_cb	DATA
ram:20002e58		ram:000056fe	central_pair_state_cb	DATA
ram:20002e60		ram:000056c0	FUN_ram_000056c0	DATA
ram:20002e64		ram:0000698c	central_event_cb	DATA
ram:20002e68		ram:000056c2	FUN_ram_000056c2	DATA
ram:20002e6c		ram:00007106	periph_state_cb	DATA
ram:20002e70		ram:00006c76	FUN_ram_00006c76	DATA
ram:20002e74		ram:00006c78	periph_param_update_cb	DATA
ram:20002ebc		ram:00009234	DAT_ram_00009234	DATA
ram:20002ec0		ram:00009254	DAT_ram_00009254	DATA
ram:20002ec4		ram:00009214	DAT_ram_00009214	DATA
ram:20002f38		ram:00006cae	FUN_ram_00006cae	DATA
ram:20002f3c		ram:00007104	FUN_ram_00007104	DATA
ram:20002f40		ram:000070e6	FUN_ram_000070e6	DATA
ram:20002f48		ram:20002eb8	DAT_ram_20002eb8	DATA
